0.005 0.0140446 -0.000317138 -0.00690271 0.0170128 -0.00526429 -0.00581399 0.057653 -0.0729876 -0.0323644 0.135105 -0.202041 -0.0673841
0.055 0.0131667 -0.00647624 -0.0594537 0.0723227 -0.104321 -0.0588946 0.860344 -1.40172 0.0668248 2.26456 -3.68825 0.0688571
0.105 0.0150577 -0.0116655 0.0710188 0.114227 -0.171638 0.0702774 1.32601 -2.08363 0.0952762 3.02118 -4.58778 -0.0227383
0.155 0.0151475 -0.0151021 0.0762878 0.127541 -0.186513 0.0749845 1.27331 -1.79275 -0.00966226 2.01716 -2.20041 -0.0286906
0.205 0.0156808 -0.0162538 -0.0597519 0.111535 -0.143571 -0.0600921 0.741047 -0.63608 0.0050681 -0.0202524 1.94931 0.047936
0.255 0.0117493 -0.0149109 0.00551168 0.0667082 -0.0542654 0.00383999 -0.0257677 0.891158 -0.00566682 -1.73808 5.11432 0.034802
0.305 0.014515 -0.0112419 0.0794841 0.0165939 0.0560108 0.0782603 -0.679861 2.12113 -0.00118886 -2.02737 5.14868 -0.0386797
0.355 0.0152123 -0.00574699 0.0276962 -0.0321458 0.155615 0.0265358 -0.950853 2.50539 -0.0267048 -0.790339 1.94018 0.0429113
0.405 -0.0158664 0.000795362 -0.0479954 -0.0946085 0.215499 -0.0484391 -0.752049 1.85671 -0.0287218 1.01536 -2.50023 0.0282494
0.455 -0.0291444 0.00745213 0.0680838 -0.112992 0.217755 0.0681471 -0.182029 0.432931 -0.033858 2.06914 -5.35353 -0.0263541
0.505 -0.0269746 0.0132605 0.0198103 -0.0883444 0.160721 0.0207838 0.468009 -1.17265 0.0224164 1.56484 -4.84299 0.0221535
0.555 -0.0273011 0.0173766 -0.024366 -0.0460097 0.0596144 -0.0231009 0.887225 -2.28784 0.00017372 -0.276369 -1.39327 0.0334901
0.605 -0.000221924 0.0191941 -0.00254252 0.030308 -0.0578458 -0.00155438 0.882086 -2.45248 -0.033037 -2.21648 2.66673 -0.0524499
0.655 -0.0301663 0.0184323 -0.0197703 0.0407643 -0.159312 -0.0192124 0.363783 -1.6171 0.00219467 -3.03324 4.65794 -0.0190228
0.705 -0.00294174 0.0151791 -0.0050798 0.0867001 -0.216988 -0.00514892 -0.3485 -0.162087 0.026762 -2.02375 3.32793 0.0330745
0.755 -0.0202181 0.00987273 0.01292 0.0596934 -0.215577 0.0122864 -1.03163 1.27041 0.0133464 0.216404 -0.329348 -0.0244319
0.805 -0.00146057 0.00324409 -0.0326188 0.0410806 -0.156548 -0.0338289 -1.38792 2.05836 -0.013902 2.28727 -3.75323 -0.00932713
0.855 0.0619388 -0.00379807 -0.0525074 0.0504263 -0.0576635 -0.0536877 -1.07509 1.87213 0.0109018 3.07413 -4.54085 0.0132893
0.905 0.0310015 -0.0102871 0.0426285 -0.0371459 0.0522509 0.0415893 -0.507482 0.817245 0.022746 1.97371 -2.0662 -0.0144501
0.955 0.00441169 -0.0153522 0.0053243 -0.106782 0.141587 0.00491695 0.37278 -0.61428 0.0186619 -0.135964 2.08569 -0.00483163
1.005 -0.0541533 -0.0183089 -0.0472509 -0.181344 0.185123 -0.0469821 1.04622 -1.76291 -0.0118073 -1.8088 5.16191 0.000636561
1.055 0.0335448 -0.0188028 0.0133957 -0.0795234 0.171185 0.0143328 1.29077 -2.09447 -0.018734 -2.03404 5.07038 -0.0258488
1.105 0.126109 -0.0168 0.0262716 0.0586891 0.104994 0.0276399 1.29389 -1.43811 0.013907 -0.554061 1.77904 0.0184739
1.155 -0.0312488 -0.0126295 0.0036328 -0.0380831 0.00703334 0.00510329 0.410356 -0.0642101 0.00480178 1.04889 -2.64629 0.0409818
1.205 0.0549436 -0.00691083 0.00242536 0.110268 -0.0929608 0.00358603 -0.193651 1.43208 -0.0287137 2.06311 -5.39396 -0.0193694
1.255 -0.0507797 -0.000459112 -0.00371454 0.0557817 -0.164669 -0.00318016 -0.82739 2.39101 -0.021741 1.55128 -4.75335 -0.00380946
1.305 -0.0579514 0.00579333 0.00615872 0.0687414 -0.186077 0.00604391 -1.10509 2.3783 0.0176366 -0.390036 -1.23255 0.0236451
1.355 -0.156626 0.0109916 0.0400901 -0.0389277 -0.149854 0.039226 -0.577502 1.37731 0.00858587 -2.45233 2.79326 -0.0188455
1.405 -0.150524 0.0144157 -0.0162318 -0.072632 -0.0656033 -0.0173603 -0.169021 -0.20103 -0.0188358 -3.01539 4.6674 -0.0160743
1.455 0.207618 0.0156146 -0.0402467 0.233273 0.0428943 -0.0416467 0.950511 -1.69539 -0.0104338 -1.71236 3.21509 0.0140068
1.505 0.182796 0.0144546 0.0352263 0.162406 0.14449 0.0340094 1.26389 -2.48066 0.0126872 0.825784 -0.486633 -7.46652e-05
1.555 -0.177918 0.0111092 0.0168393 -0.243959 0.209607 0.0156549 0.658359 -2.2392 0.0169251 1.85595 -3.84435 0.00971248
1.605 0.237445 0.00615341 -0.0441606 0.155638 0.218906 -0.0445776 0.168682 -1.09694 -0.00856864 2.9899 -4.49645 0.00974809
1.655 0.0750687 0.00023466 -0.0140854 0.0125409 0.168662 -0.0129597 -0.84722 0.433872 -0.0109621 2.15739 -1.90724 -0.0324743
1.705 0.107292 -0.00568119 0.0157471 0.0750102 0.0722197 0.016493 -1.45068 1.68113 0.0223376 -0.40252 2.25821 -0.00974182
1.755 0.398148 -0.0108182 -0.00426964 0.405941 -0.0441211 -0.00590857 -0.683221 2.10769 0.026462 -1.52586 5.23164 0.0150168
1.805 -0.141256 -0.0142905 -0.00856069 -0.100353 -0.148205 -0.0093579 -1.06432 1.54622 -0.0109359 -2.0991 4.98356 -0.0215037
1.855 -0.452686 -0.0156708 -0.0134953 -0.383818 -0.211597 -0.0112952 -0.0862448 0.270076 -0.0115067 -0.843271 1.58333 -0.00759078
1.905 -0.64809 -0.0146513 -0.0024344 -0.579919 -0.217301 -0.00244846 0.328614 -1.12966 0.0155747 0.736743 -2.82964 0.0331653
1.955 0.733803 -0.0113937 0.035484 0.770489 -0.164808 0.032958 0.810037 -2.00746 0.0146993 2.34359 -5.44817 0.00349315
2.005 -0.109934 -0.00628001 -0.00282523 -0.108344 -0.0699839 -0.00387446 1.1785 -1.94998 -0.0157124 1.74236 -4.64367 -0.0151969
2.055 0.454789 -8.82038e-05 -0.0346054 0.40098 0.039401 -0.0362185 1.2718 -0.96051 -0.0205584 -0.421148 -1.03143 0.00582246
2.105 -0.279947 0.00639652 0.0307791 -0.382921 0.131943 0.028813 0.251358 0.540206 -0.0036713 -2.49428 2.95265 -0.00701097
2.155 -0.443909 0.0122504 0.036128 -0.556145 0.181439 0.0394256 -0.468182 1.89707 0.0148184 -3.02787 4.67925 -0.00375682
2.205 -0.103058 0.0165333 -0.0269671 -0.220597 0.174383 -0.0242824 -0.86435 2.5083 -0.00673688 -2.06919 3.07278 0.0173815
2.255 -0.100678 0.0186605 -0.0155386 -0.154729 0.114017 -0.0124441 -1.55462 2.08946 -0.0228324 0.0956984 -0.684258 -0.0174851
2.305 0.653308 0.0183363 0.0180068 0.623984 0.0191583 0.0181161 0.0128793 0.79994 0.000985865 2.82159 -3.95856 -0.00297555
2.355 -0.312129 0.0155498 0.0118109 -0.247697 -0.0813825 0.00939835 -0.339005 -0.824119 0.0191791 3.59953 -4.44219 0.0235685
2.405 -0.253925 0.0105951 -0.00300429 -0.154141 -0.157206 -0.00266335 1.23623 -2.10251 -0.0127022 1.55908 -1.71323 -0.0132742
2.455 -0.96871 0.00431236 -0.0191849 -0.829944 -0.18492 -0.0200205 0.628292 -2.50478 -0.0273705 -1.02927 2.46581 -0.0258258
2.505 -0.409652 -0.00264657 -0.0106971 -0.304062 -0.155536 -0.0134014 0.183829 -1.88005 0.00820505 -2.10045 5.31207 0.018338
2.555 -0.28582 -0.00910994 0.035455 -0.20364 -0.0764587 0.0331411 -0.61108 -0.519095 0.0203408 -1.7034 4.87651 0.00959223
2.605 1.08664 -0.0144641 -0.00459276 1.07282 0.0298106 -0.00534426 -0.378729 0.97444 -0.000898411 0.355162 1.35178 -0.0123042
2.655 0.525493 -0.0177232 -0.0382831 0.476283 0.133063 -0.0410761 -1.34386 1.95022 -0.0203941 1.74839 -3.03871 0.00135943
2.705 0.233894 -0.0186358 -0.00103022 0.178862 0.203131 -0.00217849 -0.692747 1.99513 0.00528596 1.89177 -5.50048 -0.0127453
2.755 -1.06347 -0.0170183 0.0347548 -1.14733 0.21932 0.0349404 -1.19175 1.11281 0.0230247 0.148644 -4.50758 -0.00147612
2.805 -0.558865 -0.0132003 -0.0176759 -0.640531 0.175985 -0.0165355 -0.568483 -0.281143 0.00383525 -1.56429 -0.799514 0.00353335
2.855 -0.365647 -0.00770256 -0.0343656 -0.402206 0.0844674 -0.0332237 0.62429 -1.54432 -0.0367853 -2.02877 3.1251 -0.0123019
2.905 -0.0923604 -0.00141771 0.000210559 -0.0801254 -0.0303245 0.00138735 0.450108 -2.09299 -0.0073 -2.632 4.67848 -0.0179028
2.955 0.64611 0.00474711 0.0205881 0.702901 -0.136797 0.0215996 2.14629 -1.66067 0.0288429 -1.04182 2.90346 0.0509539
3.005 -0.341782 0.0100493 0.0186152 -0.253905 -0.205613 0.0209312 1.42867 -0.417983 0.00466534 1.31154 -0.902566 0.0216364
3.055 -0.66541 0.0136617 -0.0162468 -0.585599 -0.218377 -0.016541 0.698045 1.10036 -0.0390505 1.90869 -4.0721 -0.023769
3.105 -0.780451 0.0151682 -0.0145378 -0.71598 -0.172477 -0.0158561 -0.260021 2.22859 -0.0145621 2.31979 -4.36815 0.00793443
3.155 0.906391 0.0142906 0.0428603 0.933412 -0.0820526 0.0422493 -0.214696 2.46139 0.0297631 2.01001 -1.49685 0.0182955
3.205 1.55971 0.0113092 0.0351421 1.51555 0.0265442 0.0323976 -0.340806 1.67684 -0.00463656 0.474813 2.68075 0.00162411
3.255 2.42755 0.00660697 -0.0435377 2.33078 0.121906 -0.0449649 1.22615 0.19135 -0.0346172 -0.720925 5.37974 0.000850249
3.305 2.29443 0.000979679 -0.0225245 2.17654 0.177048 -0.0227185 1.77301 -1.37493 -0.0264873 -1.42803 4.74766 -0.0225974
3.355 1.5689 -0.00483499 0.0257917 1.46012 0.176793 0.0265956 1.14117 -2.36718 0.00870812 -1.88146 1.10743 0.0117287
3.405 -0.347987 -0.00978384 0.000140516 -0.445523 0.122521 0.0014563 -0.062108 -2.37841 0.0453238 -0.614096 -3.24128 0.00975913
3.455 0.352135 -0.0133027 -0.012356 0.301778 0.0311145 -0.010538 -0.106748 -1.42541 -0.00234017 2.85288 -5.53249 -0.0353532
3.505 -0.301094 -0.0148163 -0.0148935 -0.264117 -0.0695889 -0.013121 -1.98742 0.0616222 -0.0206052 1.51987 -4.35447 -0.0508127
3.555 -0.454142 -0.0141795 0.00888994 -0.370008 -0.149143 0.00997233 -2.87096 1.42829 0.0257291 -1.68829 -0.568343 0.0288793
3.605 0.485298 -0.0112959 0.0442934 0.598496 -0.183069 0.0450698 1.05515 2.08326 -0.0242871 -0.805223 3.27869 0.0250702
3.655 0.619814 -0.00659393 0.00790979 0.732112 -0.160456 0.00757367 -0.912542 1.75714 -0.0295588 -1.52047 4.65554 -0.0125297
3.705 0.417193 -0.000744617 -0.0611596 0.505453 -0.0869328 -0.0621246 0.741425 0.617592 -0.0777552 -1.16773 2.72714 -0.0352743
3.755 0.470468 0.00545084 -0.0590596 0.506962 0.016905 -0.060378 2.42162 -0.805938 -0.0487398 1.11467 -1.10517 -0.0892748
3.805 -1.942 0.011085 0.0176326 -1.9577 0.121303 0.0163082 -0.96416 -1.85729 0.0319867 0.030682 -4.15755 -0.00123321
3.855 -2.38588 0.0153763 0.0678814 -2.44172 0.196 0.0666766 -0.427982 -2.04587 0.0565419 0.0368531 -4.27505 0.0360211
3.905 -3.15716 0.0177366 -0.0273651 -3.23511 0.218946 -0.0278009 -1.7741 -1.26458 -0.0419488 1.78008 -1.28663 0.0754687
3.955 -2.83434 0.0176797 -0.100079 -2.7904 0.182465 -0.102872 -3.03008 0.16014 -0.0794716 -0.875569 2.86591 -0.0113844
4.005 -1.25301 0.0153073 0.0181927 -1.27993 0.0956273 -0.000955249 -2.48898 1.60937 0.00940976 -0.00353918 5.41474 0.0123409
4.055 -0.415328 0.0108622 0.109743 -0.354225 -0.0174859 0.102205 0.478941 2.44224 0.0328436 1.61374 4.60763 0.0522403
4.105 0.522761 0.00494144 0.0230747 0.568769 -0.125793 0.0225854 1.50094 2.27834 0.00506702 1.97043 0.883116 0.0129657
4.155 0.852102 -0.00166626 -0.0915596 0.922447 -0.199498 -0.0908415 3.39773 1.16564 -0.0671364 1.72458 -3.4051 -0.0644398
4.205 -0.733151 -0.00800797 -0.0180552 -0.654293 -0.218685 -0.0181778 2.66266 -0.437024 -0.012092 0.120944 -5.53444 -0.0117381
4.255 -3.00356 -0.0133219 0.0995536 -2.95318 -0.179065 0.0986432 0.495043 -1.85792 0.0783494 -2.90001 -4.20189 0.0391776
4.305 -2.13626 -0.0168737 0.0419422 -2.19973 -0.0928595 0.0408344 -2.99217 -2.50392 -0.0113415 -3.07393 -0.369549 0.0244936
4.355 -0.588228 -0.0181052 -0.0938539 -0.662216 0.0146823 -0.0955225 -2.77481 -2.1172 -0.088499 -1.19091 3.39009 -0.0500293
4.405 0.756765 -0.0168914 -0.0378164 0.671872 0.112488 -0.0388381 -2.19987 -0.885572 -0.0343541 -0.508307 4.61072 0.00752838
4.455 1.62963 -0.0134536 0.137355 1.51438 0.17273 0.137487 2.87776 0.6413 0.0711116 1.47926 2.56561 0.0596859
4.505 1.98778 -0.00830624 0.042314 1.87655 0.178798 0.0427708 2.17128 1.79539 0.0391014 0.375324 -1.26532 0.009701
4.555 1.04974 -0.00220595 -0.114981 0.972795 0.130041 -0.113731 0.73399 2.08163 -0.106219 1.22198 -4.20239 -0.0531982
4.605 0.55935 0.00394879 -0.0420222 0.527512 0.0418107 -0.0415381 0.638793 1.39547 -0.0277257 0.926171 -4.17157 -0.030708
4.655 -0.104274 0.00935644 0.105125 -0.110424 -0.0589206 0.0984613 0.87157 0.0657353 0.0993909 0.294222 -1.1037 0.0592133
4.705 -0.181801 0.0131863 0.030146 -0.108628 -0.141457 0.0332827 -2.06824 -1.29273 0.0464539 -0.115248 3.00578 0.031338
4.755 0.752652 0.0148682 -0.107472 0.929505 -0.180889 -0.103562 0.278756 -2.05283 -0.0880951 -0.423221 5.41754 -0.0523795
4.805 1.27312 0.0142853 -0.058724 1.35155 -0.164502 -0.0572807 2.39175 -1.8534 -0.0504387 -0.381037 4.47039 -0.0208619
4.855 0.649673 0.0115415 0.0928631 0.738372 -0.0961583 0.0928149 1.75955 -0.76139 0.0912757 -0.729145 0.694639 0.0369206
4.905 1.31065 0.00707891 0.063668 1.35817 0.00505944 0.062977 1.89816 0.755859 0.0504673 0.934451 -3.52536 0.00936825
4.955 1.10318 0.00157172 -0.106335 1.11666 0.110191 -0.113473 -0.582934 2.03426 -0.0732229 2.1106 -5.51518 -0.0417417
5.005 1.56937 -0.00413419 -0.0695818 1.5268 0.188763 -0.0745532 -0.859048 2.50436 -0.0419992 1.32547 -4.06465 -0.0201745
5.055 0.228043 -0.00914859 0.188427 0.142053 0.217507 0.223559 -1.15176 1.94197 0.0694623 -0.704451 -0.211104 0.050299
5.105 -0.49247 -0.0128418 0.0737188 -0.585554 0.186991 0.0936973 -1.11354 0.56852 0.0462197 -3.958 3.46463 0.0336698
5.155 0.213231 -0.0145823 -0.0851254 0.181859 0.105323 -0.0775823 -0.54241 -1.04358 -0.0636567 -3.57026 4.55741 -0.0328673
5.205 1.02981 -0.0141266 -0.0572806 0.994765 -0.00524538 -0.0524631 1.03554 -2.21882 -0.0505574 -0.0826484 2.42859 -0.0358867
5.255 0.709476 -0.0115214 0.07385 0.692596 -0.114361 0.0738523 0.286286 -2.47134 0.0519998 1.19719 -1.38618 0.0398391
5.305 -0.774244 -0.00704614 0.0900522 -0.710938 -0.192154 0.0896389 1.54461 -1.71445 0.0665574 1.46823 -4.2203 0.0265244
5.355 -0.0676674 -0.00142916 -0.0629024 0.0111345 -0.217447 -0.0681201 0.178558 -0.295577 -0.0693194 2.28402 -4.07097 -0.0356849
5.405 -0.680131 0.00458425 -0.0737044 -0.621709 -0.184073 -0.0768575 -1.99737 1.15795 -0.0572133 1.69682 -0.9495 -0.018337
5.455 -0.589309 0.0101558 0.070871 -0.575653 -0.102523 0.0679887 -1.67491 2.01477 0.0625285 -1.0447 3.11173 0.035948
5.505 -0.208653 0.0145045 0.08479 -0.242392 0.00320544 0.0833766 -1.2343 1.91577 0.0573178 -1.15213 5.4041 0.0246395
5.555 0.17187 0.0170052 -0.0731334 0.0927698 0.102523 -0.0741877 -0.51176 0.9286 -0.0596026 -0.733948 4.34353 -0.0295422
5.605 0.320256 0.0172884 -0.0842352 0.213276 0.167136 -0.0844507 1.43367 -0.483892 -0.0647393 0.0955998 0.5328 -0.0338638
5.655 -0.344422 0.0152901 0.0647137 -0.451333 0.179131 0.0654003 1.70044 -1.67113 0.0513937 0.701661 -3.62268 0.022035
5.705 -0.592332 0.0112561 0.0748984 -0.670718 0.136091 0.0761873 1.24411 -2.08314 0.0676761 0.82347 -5.49153 0.04062
5.755 -0.526901 0.00571525 -0.0619731 -0.55752 0.0517192 -0.060349 0.296162 -1.5146 -0.0410298 0.85371 -3.94165 -0.0193396
5.805 -0.50861 -0.000594621 -0.0796264 -0.481144 -0.0482249 -0.0783091 -0.41627 -0.197567 -0.0592978 -0.741055 -0.072461 -0.0455093
5.855 0.022062 -0.00682599 0.0443654 0.0989796 -0.133453 0.0452373 -0.0835936 1.29867 0.0445917 -1.91895 3.52875 0.0189976
5.905 0.102467 -0.012139 0.078891 0.209143 -0.177997 0.0789559 0.18269 2.31601 0.0688156 -2.03405 4.5089 0.035915
5.955 0.0266452 -0.015824 -0.0391601 0.132505 -0.167756 -0.0370843 -0.610865 2.3963 -0.0385514 -1.90501 2.30528 -0.0251504
6.005 0.0606782 -0.0173759 -0.0862097 0.152237 -0.104754 -0.0884167 0.401711 1.48334 -0.0719384 0.743643 -1.49666 -0.0312413
6.055 -0.229837 -0.0166078 0.0380631 -0.206787 -0.00646472 0.0390952 0.119941 -0.0505526 0.0273442 2.49459 -4.23866 0.0266151
6.105 0.108792 -0.0136625 0.0929056 0.0989289 0.0990347 0.0918663 0.538792 -1.56426 0.0673849 3.10866 -3.97889 0.0393394
6.155 -0.123475 -0.0089479 -0.0351537 -0.171331 0.181267 -0.0357921 1.01735 -2.42562 -0.0278244 1.83452 -0.803037 -0.0130694
6.205 0.106771 -0.00319491 -0.0888354 0.0193493 0.216031 -0.0877536 0.889627 -2.28438 -0.070411 -0.78654 3.2182 -0.0417003
6.255 0.28998 0.00279622 0.0353148 0.222268 0.192494 0.0362465 0.905075 -1.2228 0.0231215 -1.70941 5.39841 0.00217659
6.305 0.225743 0.00815884 0.0877407 0.185412 0.116354 0.0892579 -0.550949 0.282652 0.0726129 -1.71682 4.22331 0.0396272
6.355 0.41799 0.0121374 -0.0266062 0.419798 0.008249 -0.0254906 -0.822219 1.57155 -0.0176762 -0.196797 0.368467 -0.00163139
6.405 0.348638 0.0141736 -0.0846526 0.395436 -0.102108 -0.0838252 -1.39738 2.08863 -0.0732938 1.47092 -3.73158 -0.0330107
6.455 0.00425149 0.0140005 0.0174358 0.0822185 -0.184367 0.0177744 -1.37233 1.62608 0.0126757 1.47605 -5.47935 0.0173306
6.505 -0.337695 0.0116761 0.0864887 -0.252606 -0.216193 0.0858711 -0.910549 0.412666 0.0726371 0.373944 -3.81899 0.0408887
6.555 -0.433489 0.00758117 -0.00936376 -0.368965 -0.189591 -0.0103199 -0.300583 -0.98939 -0.0106629 -1.31917 0.0802566 -0.0159417
6.605 -0.0736546 0.00235114 -0.0923766 -0.0519475 -0.113129 -0.0937478 0.381816 -1.93408 -0.0709028 -2.07369 3.61274 -0.0485788
6.655 0.0641461 -0.0032158 0.00465787 0.0315783 -0.00938754 0.00325867 0.961727 -1.97833 0.00922465 -2.23923 4.47109 -0.000796915
6.705 -6.9529e-05 -0.00841388 0.0932224 -0.0665507 0.0915146 0.0937766 1.40958 -1.07957 0.073697 -1.15802 2.1736 0.0361662
6.755 -0.0186075 -0.0121581 -0.00444834 -0.132034 0.160868 -0.00515229 0.887775 0.38274 -1.2072e-06 0.823383 -1.63079 0.00748404
6.805 -0.0652234 -0.0140905 -0.0909962 -0.188393 0.179353 -0.0909489 -0.434106 1.77171 -0.0707223 2.4083 -4.27976 -0.0285257
6.855 -0.178367 -0.0138678 -0.000478634 -0.273376 0.142603 0.000525856 -1.12862 2.47157 -0.00184527 2.56996 -3.8915 -0.00221263
6.905 -0.23098 -0.0114975 0.0862216 -0.276702 0.0624743 0.0876972 -1.29275 2.15862 0.0702479 1.2265 -0.637743 0.0320491
6.955 0.0808195 -0.007317 0.00231169 0.0946552 -0.0365002 0.00357238 -0.427996 0.945121 0.0058561 -0.365247 3.35493 -0.00212415
7.005 0.249565 -0.00192078 -0.0812783 0.319014 -0.124318 -0.0801735 0.58324 -0.666644 -0.071711 -1.44141 5.41289 -0.0434447
7.055 0.0732977 0.00397037 -0.00959152 0.177992 -0.174135 -0.0119536 1.37462 -2.00129 -0.0111673 -1.76785 4.09749 -0.0018735
7.105 0.160558 0.00952861 0.0811534 0.275502 -0.170534 0.0811859 1.64465 -2.50298 0.065074 -0.316197 0.175037 0.0480933
7.155 0.0272967 0.0139069 0.0190679 0.12306 -0.113366 0.0181228 0.497196 -1.97605 0.0104985 1.45373 -3.87351 0.0144513
7.205 0.0902337 0.0165436 -0.0757618 0.130941 -0.0185115 -0.0780994 -0.325084 -0.668272 -0.066139 2.00636 -5.48069 -0.0305174
7.255 -0.170365 0.0169426 -0.0212168 -0.163998 0.0869685 -0.023914 -1.11745 0.839494 -0.0152404 0.792854 -3.67969 -0.00968671
7.305 -0.334572 0.0151579 0.0835248 -0.376283 0.172672 0.0829098 -1.85809 1.88895 0.0686936 -1.36912 0.269314 0.0248163
7.355 0.130071 0.0113685 0.0257028 0.0573746 0.213471 0.0256973 -0.905153 2.03287 0.0231577 -2.27418 3.72795 0.00421725
7.405 -0.0877544 0.00607757 -0.0813267 -0.162054 0.196817 -0.0806456 -0.702436 1.23008 -0.0619049 -2.55479 4.43762 -0.0331212
7.455 0.302262 -7.90996e-06 -0.0264339 0.25015 0.126441 -0.0251271 0.61464 -0.138936 -0.0246088 -1.09493 2.01602 -0.0107035
7.505 0.17476 -0.00607937 0.0752246 0.16122 0.0213342 0.0766837 1.41547 -1.44221 0.0594732 1.31982 -1.80309 0.0379416
7.555 -0.0434047 -0.0113277 0.0289747 -0.0147379 -0.0896325 0.0301299 1.14496 -2.07696 0.0238322 2.25828 -4.34483 0.0186463
7.605 -0.232395 -0.0152733 -0.0706845 -0.160638 -0.176123 -0.067723 1.01105 -1.73792 -0.0618329 2.3305 -3.79766 -0.0380859
7.655 -0.164679 -0.0169819 -0.0370755 -0.0959903 -0.214226 -0.0360243 0.0957963 -0.554317 -0.0286936 1.25893 -0.4407 -0.0218945
7.705 0.0977652 -0.0164897 0.0676016 0.155157 -0.194404 0.0670345 -0.338645 0.964818 0.0619862 -0.511747 3.52592 0.0284167
7.755 0.118684 -0.0138804 0.0410247 0.142132 -0.123293 0.0396105 -0.859266 2.15286 0.0364588 -1.79595 5.44009 0.0157086
7.805 0.0269301 -0.00924216 -0.0682117 -0.0140838 -0.0217355 -0.0707403 -0.770515 2.47815 -0.0525481 -1.78164 3.95464 -0.0249838
7.855 0.290397 -0.00380571 -0.0451411 0.22288 0.080435 -0.0465623 -0.120051 1.77843 -0.0355953 -0.13242 -0.0523261 -0.0113395
7.905 0.257643 0.00186223 0.0690715 0.15789 0.154039 0.0708643 -0.145401 0.334697 0.0487099 1.80708 -4.04178 0.028934
7.955 -0.199709 0.00716738 0.0449801 -0.30692 0.178751 0.0472121 0.130041 -1.25043 0.0332021 1.47883 -5.48271 0.0177896
8.005 -0.202192 0.0112706 -0.0639507 -0.282737 0.14829 -0.0620363 0.686042 -2.31286 -0.054231 0.372919 -3.51607 -0.0292237
8.055 -0.463032 0.0135756 -0.0492671 -0.499783 0.0726806 -0.0475261 -0.000141991 -2.41519 -0.0424571 -1.39719 0.489351 -0.0251984
8.105 0.0310001 0.0137677 0.0590279 0.0508549 -0.0248654 0.0607868 -0.0059761 -1.53539 0.0475017 -2.3446 3.85882 0.0257394
8.155 0.179902 0.0118491 0.0506418 0.252718 -0.114757 0.051821 0.201953 -0.0735144 0.047744 -2.18825 4.39479 0.0261552
8.205 0.102504 0.00825244 -0.0561093 0.229589 -0.169677 -0.0753155 -0.610878 1.32577 -0.0412922 -1.09164 1.83275 -0.0216127
8.255 -0.20189 0.00323802 -0.0481358 -0.0879535 -0.172487 -0.0501995 -0.766016 2.05654 -0.0415343 0.891236 -1.99764 -0.0247364
8.305 -0.130101 -0.00219996 0.0525567 -0.0384807 -0.121431 0.0527447 -1.51277 1.81595 0.0388584 2.57289 -4.41311 0.0192346
8.355 -0.203803 -0.00728053 0.0560099 -0.152919 -0.0304262 0.0554025 -0.935365 0.735264 0.0445132 2.71942 -3.68744 0.0192515
8.405 -0.0454651 -0.0112562 -0.0480081 -0.0479371 0.0746834 -0.0491907 0.233486 -0.681002 -0.0419522 1.32558 -0.222069 -0.020976
8.455 0.0257748 -0.013507 -0.0580784 -0.0241979 0.163565 -0.0580283 1.44852 -1.78047 -0.0493448 -0.730635 3.70652 -0.0189073
8.505 -0.206323 -0.0136773 0.0470871 -0.286333 0.210195 0.0475436 1.34707 -2.05184 0.036439 -2.22564 5.45832 0.0252939
8.555 0.00166791 -0.011719 0.0609107 -0.082273 0.200393 0.0616938 1.45866 -1.3527 0.0539335 -1.69222 3.7924 0.0313245
8.605 -0.162703 -0.00788055 -0.0414434 -0.22479 0.135965 -0.0406506 0.359762 0.0262136 -0.0285837 0.192914 -0.293066 -0.0166442
8.655 0.0106474 -0.00273171 -0.0618653 0.00380141 0.0341818 -0.059866 -0.384272 1.48637 -0.0480373 1.63878 -4.2065 -0.0349701
8.705 -0.0550152 0.00300803 0.0349737 -0.0265207 -0.077009 0.0361969 -0.781544 2.38377 0.0286302 2.12429 -5.46716 0.00909763
8.755 -0.0634774 0.00851092 0.0621386 -0.00413023 -0.167017 0.0625931 -1.16106 2.31125 0.0486673 0.808753 -3.3356 0.0266933
8.805 0.0884395 0.012992 -0.0330205 0.167103 -0.211294 -0.0340369 -0.360232 1.27833 -0.0320633 -1.20377 0.711289 -0.011542
8.855 0.105141 0.0158047 -0.0618643 0.175038 -0.198296 -0.0622624 0.249705 -0.2905 -0.059372 -2.5565 3.97452 -0.0213983
8.905 -0.0499522 0.0165375 0.026294 -0.014219 -0.132749 0.0243298 0.653131 -1.7389 0.0208964 -2.97787 4.33154 0.0179404
8.955 -0.109701 0.0150758 0.0682782 -0.122461 -0.0341572 0.0668511 0.894756 -2.46303 0.0554993 -1.0828 1.64109 0.0260093
9.005 -0.0915078 0.0116067 -0.0242785 -0.15382 0.0688196 -0.0256849 0.438135 -2.17201 -0.0161796 1.29327 -2.18038 -0.019889
9.055 0.0645139 0.00660142 -0.0694891 -0.0341928 0.146686 -0.0701735 -0.251229 -1.01258 -0.0502728 3.08425 -4.45724 -0.0383845
9.105 0.105401 0.000734363 0.0216248 -0.0055211 0.177579 0.0218695 -0.429557 0.497472 0.0196809 2.71817 -3.55938 0.00382212
9.155 -0.0507786 -0.0051983 0.0692038 -0.145629 0.153537 0.0703104 -1.21611 1.69752 0.0568689 0.726268 -0.00746743 0.0345236
9.205 0.22324 -0.0104013 -0.0169041 0.169018 0.08271 -0.0152173 -0.991567 2.07304 -0.0140582 -0.8607 3.86192 0.00516885
9.255 0.0596479 -0.0141861 -0.0673031 0.060146 -0.013079 -0.0652885 -1.0563 1.4799 -0.0588456 -2.10928 5.44744 -0.0205152
9.305 0.0481422 -0.0160634 0.0113041 0.102854 -0.104742 0.0125263 -0.229898 0.205075 0.00724097 -1.63145 3.61943 0.00832014
9.355 -0.136393 -0.0159144 0.0679505 -0.0392833 -0.164507 0.0688941 0.64309 -1.16182 0.0550594 0.0772222 -0.516154 0.0251087
9.405 0.140665 -0.013592 -0.00796703 0.258213 -0.173703 -0.00799129 1.16917 -1.99074 -0.00608454 1.82437 -4.33596 -0.0141975
9.455 0.064547 -0.00951744 -0.0636193 0.153211 -0.128647 -0.0699863 1.31823 -1.89029 -0.0536182 2.00478 -5.4235 -0.0363373
9.505 -0.0262875 -0.00437141 0.00409108 0.031665 -0.0417128 0.000305949 0.72504 -0.882782 0.00551841 0.402634 -3.15524 0.00394089
9.555 -0.0257544 0.00113074 0.0694628 0.00205402 0.0624922 0.0653104 0.379622 0.603223 0.057096 -1.36159 0.903258 0.0366826
9.605 -0.0655018 0.00629501 -0.0016448 -0.106596 0.153987 -0.00120951 -0.818624 1.91872 -0.000248449 -2.77532 4.05045 0.00788347
9.655 0.165565 0.0103534 -0.0695499 0.104766 0.206013 -0.0686971 -0.721013 2.47874 -0.0559525 -2.34237 4.24721 -0.0262633
9.705 -0.021033 0.0127504 -0.00316106 -0.0881078 0.202879 -0.00217782 -0.748211 2.01964 -0.00470301 -0.813747 1.46286 -0.00831584
9.755 0.0109841 0.0131665 0.0673056 -0.0406479 0.144479 0.0686054 -0.327981 0.716578 0.0527135 1.19464 -2.3233 0.0178208
9.805 -0.0298433 0.0115676 0.00631023 -0.0462734 0.0464028 0.00777403 0.409295 -0.889725 0.00417777 2.86632 -4.46257 -0.00415324
9.855 -0.211434 0.00820886 -0.0657995 -0.186495 -0.0644733 -0.0644484 0.411931 -2.12644 -0.0547162 2.30044 -3.42147 -0.0296484
9.905 -0.151987 0.00359999 -0.0107826 -0.0934597 -0.157637 -0.0100619 0.736254 -2.48031 -0.00981017 0.801311 0.180393 0.00263873
9.955 -0.0344548 -0.00156899 0.0636974 0.0388596 -0.207636 0.0637032 0.448284 -1.81944 0.0526223 -0.717038 3.97171 0.0392806
10.005 0.0965149 -0.00652136 0.0142827 0.159716 -0.201306 0.0135044 -0.0111268 -0.448493 0.0124937 -1.8272 5.40348 0.0122862
10.055 0.0288757 -0.0104106 -0.0639029 0.0601503 -0.141397 -0.0655049 -0.658586 1.02593 -0.0492797 -1.41117 3.44895 -0.0285181
10.105 -0.166039 -0.0128699 -0.0256713 -0.180744 -0.0459998 -0.0291733 -1.2554 1.96207 -0.00929392 -0.0702376 -0.702731 -0.0133327
10.155 -0.0454422 -0.0133071 0.0628633 -0.11519 0.0572226 0.0622247 -1.18426 1.96426 0.054038 1.74116 -4.41991 0.0193411
10.205 0.000444448 -0.0116893 0.0223719 -0.103474 0.138641 0.0222427 -0.78411 1.05452 0.018606 2.05316 -5.35649 0.00667791
10.255 0.0250845 -0.00820853 -0.0606873 -0.0904484 0.175326 -0.0603261 0.17382 -0.339257 -0.0483746 0.67808 -2.98926 -0.0220342
10.305 -0.0232893 -0.00334039 -0.0230171 -0.123085 0.157608 -0.021969 1.1552 -1.57404 -0.0204764 -1.58312 1.05378 -0.00547591
10.355 -0.0387911 0.00223003 0.0583747 -0.101239 0.091805 0.0528352 1.32073 -2.07783 0.044773 -2.9849 4.08691 0.0279292
10.405 -0.0130597 0.00770614 0.0270448 -0.00920093 -0.00179068 0.0283003 1.23421 -1.60367 0.0204804 -2.54254 4.15209 0.00940292
10.455 -0.135284 0.0122937 -0.0557417 -0.0806424 -0.094666 -0.0537386 0.323805 -0.341247 -0.0471676 -0.827806 1.30889 -0.0312627
10.505 -0.0779904 0.0153254 -0.0300745 0.018724 -0.1586 -0.0291464 -0.229356 1.16407 -0.0221428 1.50439 -2.42485 -0.018583
10.555 0.0565354 0.0163528 0.0533151 0.172125 -0.173862 0.0530497 -0.725649 2.24989 0.0467143 3.14314 -4.43831 0.0232036
10.605 0.087011 0.0152067 0.0326502 0.191783 -0.134966 0.0315487 -0.87295 2.4276 0.0283294 2.7335 -3.28513 0.0171932
10.655 -0.00374496 0.0120269 -0.0522303 0.0653004 -0.0523424 -0.0537198 -0.420854 1.59829 -0.042918 0.617516 0.338175 -0.016633
10.705 0.0732934 0.00724144 -0.0360143 0.0927613 0.0506233 -0.0375494 0.0139498 0.0982719 -0.031941 -1.14554 4.04489 -0.0111619
10.755 0.242391 0.00148396 0.0490455 0.211866 0.144295 0.0485313 0.720754 -1.445 0.0355023 -1.76415 5.34154 0.0206903
10.805 0.0806431 -0.00444113 0.0376194 0.0219046 0.201344 0.0396463 0.887844 -2.38539 0.0267821 -1.44734 3.28959 0.0136694
10.855 -0.112188 -0.00973674 -0.0468638 -0.193077 0.204664 -0.0457352 0.592496 -2.33808 -0.0397812 -0.132978 -0.859067 -0.0218894
10.905 0.0484889 -0.013687 -0.0437736 -0.0123976 0.15231 -0.0419843 0.155984 -1.34504 -0.0309895 1.61465 -4.47647 -0.0171775
10.955 -0.0250983 -0.0157932 0.0447867 -0.0538392 0.0581415 0.0459431 -0.865355 0.145852 0.0400466 1.82436 -5.28296 0.0227929
11.005 0.271011 -0.0158015 0.0440622 0.280567 -0.0520456 0.045859 -1.16171 1.47877 0.0390832 0.713847 -2.83937 0.0213933
11.055 -0.0240241 -0.0137517 -0.0409748 0.0245784 -0.147936 -0.0403578 -1.20547 2.07826 -0.0299956 -1.47009 1.17946 -0.019959
11.105 -0.0255527 -0.00996743 -0.0445233 0.0451584 -0.203289 -0.0446766 -0.99674 1.70054 -0.0353 -3.12342 4.10786 -0.0240341
11.155 0.0492236 -0.00504178 0.0366055 0.134221 -0.203493 0.0297341 -0.113234 0.537913 0.0284624 -2.26656 4.05997 0.0109228
11.205 -0.0507423 0.000365986 0.0473018 -0.00364492 -0.149396 0.045188 0.220072 -0.868744 0.0327849 -0.572973 1.17133 0.0164649
11.255 -0.139564 0.00549108 -0.035699 -0.143007 -0.0573793 -0.0368891 1.04901 -1.87083 -0.0326316 1.39375 -2.51066 -0.0131818
11.305 -0.108344 0.00960739 -0.047433 -0.155738 0.0457341 -0.0485118 1.24421 -2.00052 -0.0380527 2.79158 -4.41027 -0.0139532
11.355 -0.136479 0.0121517 0.0329761 -0.22033 0.130311 0.0322247 0.761143 -1.1785 0.0302489 2.42295 -3.15742 0.0195197
11.405 -0.0718077 0.0127995 0.0490612 -0.172716 0.172467 0.0490553 0.314121 0.248689 0.0448211 0.735444 0.484062 0.0216332
11.455 -0.145458 0.0114964 -0.0299712 -0.236625 0.160919 -0.0291422 -0.486731 1.65952 -0.0202345 -1.21548 4.11321 -0.0168236
11.505 -0.0391366 0.00846479 -0.0501796 -0.0960458 0.100165 -0.0487305 -0.721102 2.4295 -0.0400413 -1.98471 5.2846 -0.0271208
11.555 -0.0905145 0.00416582 0.0269479 -0.0975786 0.00908786 0.028597 -0.723871 2.20585 0.0180533 -1.2111 3.13907 0.0097202
11.605 -0.00372603 -0.000752208 0.0506925 0.0413299 -0.0845848 0.0521892 -0.228897 1.06324 0.0357006 0.418806 -1.01205 0.0263966
11.655 -0.0484308 -0.00555504 -0.0242813 0.0371492 -0.152397 -0.0233112 0.322283 -0.526274 -0.0255667 1.72487 -4.53906 -0.00269506
11.705 -0.102113 -0.00952594 -0.0520523 0.00163342 -0.173473 -0.0518586 0.727689 -1.89723 -0.0461985 1.68546 -5.21941 -0.0174964
11.755 -0.078229 -0.0118417 0.0205843 0.00466353 -0.140362 0.0191371 0.963733 -2.47896 0.0166546 0.333676 -2.69357 0.00794206
11.805 -0.0607839 -0.012558 0.0515009 0.0121299 -0.0623652 0.0516513 0.5354 -2.04211 0.0461863 -1.54508 1.31268 0.0151086
11.855 0.11975 -0.0113194 -0.0180833 0.134981 0.0389372 -0.0187066 0.0351748 -0.795996 -0.00849681 -2.4587 4.14369 -0.0178823
11.905 0.113514 -0.00825567 -0.0533317 0.0817509 0.134342 -0.054434 -0.589975 0.705292 -0.0387331 -2.22763 3.9783 -0.0288412
11.955 0.20096 -0.00378557 0.0148217 0.136977 0.196073 0.0142217 -0.887429 1.80653 0.013233 -0.502031 1.02969 0.00807447
12.005 -0.0383049 0.00146393 0.0542621 -0.114343 0.205707 0.0543281 -1.20729 2.03854 0.0423701 1.47702 -2.6144 0.0313037
12.055 0.0245117 0.00675191 -0.0102846 -0.0388581 0.159524 -0.00949693 -0.9518 1.32137 -0.0118612 2.61282 -4.40195 0.0040509
12.105 0.0624342 0.0113178 -0.0538775 0.032257 0.0696462 -0.0527409 -0.0851937 -0.00258805 -0.0463789 2.49649 -3.03585 -0.0195336
12.155 -0.0311114 0.0144918 0.0087243 -0.0186401 -0.0393752 0.0100155 0.531502 -1.32212 0.00474496 0.633346 0.643939 -0.000174819
12.205 -0.0203167 0.0157875 0.0534494 0.0306253 -0.137557 0.0543587 1.08096 -2.02838 0.04388 -1.38125 4.20743 0.0162312
12.255 -0.0161277 0.0150007 -0.00533156 0.056963 -0.197998 -0.00515765 1.11904 -1.78503 -0.0012069 -1.99535 5.24724 -0.00696265
12.305 0.149478 0.0122201 -0.0538348 0.220874 -0.204548 -0.0544064 0.821798 -0.678519 -0.0407517 -1.12818 2.98638 -0.0220506
12.355 0.131471 0.00780171 0.000978555 0.17672 -0.156385 -0.000291959 0.0943831 0.817453 0.00348631 0.509851 -1.18908 0.00792674
12.405 0.00800271 0.00171936 0.0550802 0.0117088 -0.0687917 0.0565366 -0.662223 2.04782 0.043433 1.63153 -4.63166 0.0307779
12.455 -0.00418248 -0.00398961 -0.00134104 -0.0514462 0.033885 -0.000538155 -0.936094 2.46382 1.42027e-05 1.52504 -5.1705 0.00252112
12.505 -0.0891917 -0.00920123 -0.0538909 -0.176671 0.121135 -0.0541429 -0.993697 1.86346 -0.0447611 0.245391 -2.53555 -0.0270672
12.555 0.0309832 -0.0132765 -0.00447143 -0.0786038 0.168473 -0.00461905 -0.311641 0.483341 -0.00580559 -1.5749 1.47759 -0.0113181
12.605 -0.0549451 -0.0155967 0.0534001 -0.157628 0.163059 0.0543404 0.333686 -1.10231 0.0400578 -2.74289 4.20901 0.0138265
12.655 -0.0909952 -0.0158744 0.00686239 -0.160588 0.107569 0.00841705 0.818984 -2.23037 0.00470691 -2.37623 3.90307 0.0012842
12.705 -0.103622 -0.0141082 -0.051832 -0.122266 0.019372 -0.0500162 0.907924 -2.43448 -0.0416013 -0.541507 0.866391 -0.0175715
12.755 -0.078906 -0.0105669 -0.00937399 -0.0417376 -0.0746257 -0.0076683 0.368773 -1.64677 -0.00822565 1.75662 -2.75316 0.00260298
12.805 -0.0451919 -0.00578487 0.0498206 0.0382445 -0.145875 0.0510902 -0.107951 -0.226832 0.0415779 3.0308 -4.41763 0.0267325
12.855 0.0937711 -0.000467942 0.0119297 0.20251 -0.172501 0.0122334 -0.743263 1.1997 0.0112646 2.57197 -2.91057 0.00561541
12.905 0.0514138 0.00461165 -0.0488696 0.158388 -0.145706 -0.0494549 -1.0347 2.01401 -0.0381171 0.708806 0.832405 -0.0254819
12.955 -0.0890818 0.00875568 -0.0160312 -0.00910792 -0.0723619 -0.0176055 -1.01282 1.87518 -0.0103965 -1.48862 4.33506 -0.00953185
13.005 0.00791811 0.0129096 0.0488029 0.036508 0.0287343 0.0480296 -0.439144 0.867989 0.0402701 -2.13109 5.22466 0.0216549
13.055 0.0713868 0.0138111 0.0186453 0.063047 0.125211 0.017611 0.284216 -0.536255 0.0151347 -1.08583 2.81997 0.0117719
13.105 0.102174 0.0126637 -0.0461098 0.0538435 0.191122 -0.046879 1.02387 -1.68999 -0.037893 0.538378 -1.39808 -0.0150317
13.155 0.0927601 0.00973878 -0.0199587 0.0246417 0.206776 -0.0200721 1.50616 -2.0583 -0.0174352 1.75258 -4.75177 -0.00712945
13.205 -0.0039078 0.00555342 0.0456541 -0.0659314 0.166647 0.0465032 1.06794 -1.45393 0.0353307 1.63203 -5.12566 0.0155868
13.255 0.102319 0.000733242 0.022131 0.0664171 0.0811724 0.0234985 0.538664 -0.124759 0.0179916 0.184469 -2.35666 0.00400436
13.305 0.0885776 -0.00397303 -0.0433803 0.0897773 -0.0262997 -0.0417054 -0.368738 1.3525 -0.0344114 -1.55911 1.672 -0.0236668
13.355 0.0143846 -0.0078881 -0.0245205 0.0515104 -0.126241 -0.0231217 -0.850199 2.32649 -0.0192753 -2.86038 4.29241 -0.0120191
13.405 0.0796789 -0.0104362 0.0404617 0.139417 -0.191258 0.0411312 -1.0036 2.35598 0.0350905 -2.3577 3.82189 0.0212301
13.455 -0.0758721 -0.0120244 0.0254783 -0.0171112 -0.205826 0.0245544 -0.790585 1.40541 0.0212262 -0.475781 0.679767 0.014503
13.505 -0.0524568 -0.0147896 -0.04167 -0.0193485 -0.165912 -0.0430254 -0.0414329 -0.136664 -0.034431 1.67995 -2.91491 -0.0171728
13.555 -0.0249895 -0.00968741 -0.0294733 -0.0115659 -0.0808031 -0.0257209 0.276593 -1.62331 -0.0267816 3.017 -4.43936 -0.0147544
13.605 -0.0587937 -0.00594032 0.0379614 -0.102679 0.0210604 0.0373585 0.572322 -2.43351 0.0262957 2.3101 -2.77174 0.0133374
13.655 -0.110328 -0.00104627 0.0320711 -0.196377 0.110803 0.030775 0.646618 -2.2389 0.0235789 0.254217 1.04259 0.012768
13.705 0.000857005 0.0041867 -0.0358982 -0.102352 0.162877 -0.0368169 0.155627 -1.14416 -0.0271392 -1.43571 4.4757 -0.0100567
13.755 0.0905204 0.00874667 -0.031877 -0.00671972 0.163445 -0.0317084 -0.530654 0.358545 -0.0227323 -1.81066 5.19726 -0.00664299
13.805 -0.0311765 0.0121267 0.0353315 -0.0979303 0.113486 0.0365265 -1.11761 1.61349 0.031095 -1.18726 2.63833 0.0185626
13.855 -0.0460331 0.0137265 0.0338723 -0.0642101 0.0285791 0.03561 -1.32317 2.07767 0.0307926 0.490201 -1.62258 0.0138105
13.905 -0.0958163 0.013241 -0.0316006 -0.0601509 -0.0653574 -0.030012 -0.91043 1.56781 -0.0249457 1.86224 -4.87304 -0.0198814
13.955 -0.126024 0.0107667 -0.0345744 -0.0453754 -0.139713 -0.0334144 -0.29044 0.336019 -0.0311711 1.5899 -5.069 -0.0239338
14.005 -0.0679389 0.0066261 0.0285902 0.0373744 -0.171702 0.0289557 0.664109 -1.04686 0.0195453 0.246779 -2.16253 0.00903736
14.055 -0.182202 0.00141868 0.0360485 -0.0786062 -0.150911 0.0356621 1.15149 -1.94351 0.0265102 -1.81589 1.8724 0.0185049
14.105 -0.00749875 0.00165282 -0.027444 0.0712496 -0.0753754 -0.0279693 1.45574 -1.93122 -0.0227165 -2.7741 4.36451 -0.00565849
14.155 0.0505055 -0.00351446 -0.0388142 0.0814131 0.0211454 -0.037992 1.23115 -0.99251 -0.0281222 -2.01633 3.72392 -0.0104485
14.205 0.0914125 -0.00707756 0.0248729 0.0776823 0.118148 0.0241378 0.410527 0.468799 0.0247728 -0.256631 0.483941 0.00997934
14.255 0.139452 -0.0098715 0.0395726 0.0856317 0.187871 0.0387181 -0.147884 1.81798 0.0356819 2.08242 -3.06816 0.00924061
14.305 -0.0188738 -0.0107543 -0.0234379 -0.0922387 0.209268 -0.0237767 -0.888942 2.44982 -0.0166837 2.84143 -4.44102 -0.0178632
14.355 -0.0607989 -0.00956231 -0.0399015 -0.128644 0.175126 -0.0391199 -0.995327 2.0863 -0.0351781 2.03044 -2.61636 -0.0196472
14.405 -0.0377556 -0.00657599 0.0205802 -0.0786257 0.0942591 0.0217784 -0.508643 0.842844 0.0103532 0.392196 1.2482 0.0133039
14.455 0.0922762 -0.00223095 0.0400826 0.0911235 -0.0113487 0.0415779 0.240686 -0.755823 0.0265963 -1.36756 4.59402 0.0286727
14.505 0.0484598 0.00271014 -0.0187304 0.0871192 -0.112839 -0.0176432 0.871078 -2.03649 -0.0193576 -1.98141 5.14337 0.00225107
14.555 0.169983 0.00782441 -0.0410706 0.236224 -0.182108 -0.0405207 1.11846 -2.47297 -0.0340192 -0.956055 2.44153 -0.0164284
14.605 0.0795619 0.0123051 0.0160985 0.15196 -0.200552 0.0159794 0.60931 -1.896 0.0159587 0.624328 -1.82647 0.000249883
14.655 0.0351862 0.0153241 0.0406067 0.0896186 -0.164134 0.0395559 -0.24911 -0.576324 0.0400129 1.73711 -4.96371 0.00724437
14.705 -0.0262271 0.00103391 -0.012213 -0.00891278 -0.0987884 -0.0142263 -0.923471 0.905816 -0.00537733 1.5416 -4.98264 -0.0141588
14.755 -0.0721067 0.00279832 -0.0402485 -0.0993448 -0.00121672 -0.0414427 -1.58345 1.89512 -0.0312016 -0.0161596 -1.9659 -0.0182701
14.805 -0.00232551 -0.00353026 0.0119438 -0.0732579 0.0912778 0.0107924 -1.39663 1.98477 0.0084915 -1.85543 2.04316 0.0119842
14.855 0.0289119 -0.00473996 0.0426153 -0.0686261 0.151176 0.0423487 -0.8261 1.15245 0.0314535 -2.8334 4.39913 0.0271361
14.905 0.0226405 -0.00221641 -0.0159676 -0.0867339 0.165515 -0.0108472 0.164654 -0.199975 -0.00985672 -2.24398 3.60433 -9.8623e-05
14.955 0.0287433 -0.00620519 -0.0432624 -0.0495984 0.119846 -0.0408712 1.02657 -1.47075 -0.037085 -0.190472 0.300678 -0.0231607
15.005 -0.0709355 -0.00979017 0.00730684 -0.100432 0.0378302 0.00914419 1.25857 -2.04975 0.00500038 1.80832 -3.18011 -0.00743778
15.055 -0.123114 -0.0126646 0.0421593 -0.103649 -0.0553613 0.0436828 1.03893 -1.66671 0.0362445 2.80938 -4.40131 0.0117059
15.105 -0.0153231 -0.0137078 -0.00325547 0.049046 -0.132185 -0.00171819 0.563041 -0.469269 0.000119321 2.36351 -2.45181 -0.00168479
15.155 0.0155424 -0.0128906 -0.0426577 0.108294 -0.169123 -0.0420498 -0.109028 1.02545 -0.0327545 0.44595 1.43056 -0.0104735
15.205 -0.0313184 -0.0103491 4.79044e-05 0.0651584 -0.154183 -0.000269008 -0.562617 2.15823 -0.000756884 -1.4835 4.65866 0.0123751
15.255 -0.0107051 -0.00639514 0.0413922 0.0650751 -0.0907946 0.0403483 -0.664338 2.428 0.0309005 -2.08675 5.05923 0.0242548
15.305 -0.0615965 -0.00154538 0.00168255 -0.0240371 0.00333374 6.93538e-05 -0.569722 1.68481 -0.00354835 -1.02874 2.25005 -0.00125299
15.355 -0.0132119 0.00343593 -0.0424718 -0.0198623 0.101199 -0.0442311 -0.0567647 0.242696 -0.0366076 0.697687 -2.00048 -0.0250002
15.405 -0.0923217 0.00791149 -0.00222576 -0.136346 0.174487 -0.00360684 0.469476 -1.30513 -0.00459421 1.9008 -5.00441 -0.0100018
15.455 -0.0916711 0.0185727 0.0417549 -0.154512 0.210368 0.0415084 0.79725 -2.3125 0.0327925 1.52658 -4.87861 0.013449
15.505 0.0103336 0.0214564 0.00496178 -0.047605 0.181772 0.00561777 0.853342 -2.36578 0.00600681 0.102083 -1.78609 0.00567256
15.555 0.183976 0.0204086 -0.0396209 0.140653 0.105323 -0.0382923 0.502189 -1.46504 -0.0308579 -1.67468 2.1725 -0.0114966
15.605 0.0379292 0.0180789 -0.00724711 0.0348687 0.00247315 -0.0059127 -0.269055 -0.00434917 -0.00492538 -2.83284 4.39627 0.000498475
15.655 -0.115144 0.0146474 0.0390147 -0.0805361 -0.0995003 0.0402924 -0.951547 1.35479 0.033202 -2.37282 3.47679 0.0163625
15.705 0.0220937 0.00994607 0.010002 0.0814732 -0.172553 0.0109528 -1.37592 2.04512 0.00909303 -0.0568347 0.144904 -0.00143544
15.755 0.0847243 0.00449982 -0.0388019 0.149778 -0.196971 -0.0386387 -1.25803 1.76969 -0.0284531 2.32446 -3.25696 -0.0227562
15.805 0.188149 -0.000710512 -0.013081 0.236226 -0.166729 -0.0136571 -0.335225 0.672606 -0.00847355 3.08507 -4.33848 -0.00652035
15.855 0.0116567 -0.00513624 0.0364024 0.0237438 -0.0915397 0.0351271 0.506136 -0.721547 0.0317501 1.96363 -2.28718 0.0197564
15.905 -0.0510296 -0.00809834 0.0145558 -0.0838867 0.00648584 0.0132172 1.04968 -1.78323 0.0121265 -0.0659016 1.58019 0.0119399
15.955 0.0439379 -0.00871798 -0.0371069 -0.0299856 0.0994297 -0.0384077 1.26859 -2.01464 -0.0291706 -1.66099 4.71211 -0.0108502
16.005 0.108659 -0.0073639 -0.0160743 0.00981946 0.160402 -0.0167053 0.869653 -1.28624 -0.0130009 -1.80167 4.95375 -0.00652965
16.055 -0.0217817 -0.0237122 0.0380553 -0.112615 0.150007 0.0421559 0.437373 0.0968292 0.0279247 -0.928154 2.06967 0.011425
16.105 0.0293116 -0.0203397 0.0171257 -0.0495443 0.111108 0.0199702 -0.226946 1.53026 0.0141474 0.729579 -2.14508 0.00413841
16.155 0.0223557 -0.0109887 -0.0337033 -0.0122685 0.0397871 -0.0320234 -0.902978 2.38232 -0.0281069 1.83986 -5.02458 -0.0150447
16.205 -0.0417182 -0.00120838 -0.0225629 -0.0273503 -0.045794 -0.0168523 -1.03108 2.26726 -0.0161193 1.43692 -4.76421 -0.00666362
16.255 -0.0940046 0.00512436 0.0284537 -0.0300632 -0.123866 0.0340273 -0.561849 1.19972 0.024806 -0.207188 -1.62446 0.0171806
16.305 -0.0233146 0.00907608 0.0190843 0.0820841 -0.166427 0.0212097 0.0951802 -0.371762 0.0159972 -1.98898 2.27672 0.00946155
16.355 -0.0444818 0.0100581 -0.0318129 0.0636944 -0.156792 -0.0315684 0.687064 -1.79226 -0.0283424 -2.77922 4.38228 -0.0169677
16.405 0.0449572 0.00943904 -0.0226887 0.132609 -0.0983546 -0.0233841 1.07458 -2.46772 -0.0210425 -1.89296 3.34944 -0.0152458
16.455 -0.0741091 0.00716949 0.0288408 -0.0244693 -0.00737393 0.0274172 0.683241 -2.12749 0.023454 0.133214 -0.000937998 0.00974528
16.505 -0.0986842 0.00333583 0.0236365 -0.0958123 0.0903339 0.0218634 -0.0631981 -0.934042 0.0209807 1.94601 -3.31347 0.0118724
16.555 -0.0652788 -0.00118661 -0.0283131 -0.104494 0.166611 -0.0296734 -0.615155 0.568854 -0.0188184 2.87202 -4.26778 -0.00707556
16.605 0.0198253 -0.0074879 -0.0242403 -0.0452871 0.197283 -0.0254243 -1.1799 1.72882 -0.0162675 2.06192 -2.12962 -0.00591278
16.655 0.0045406 -0.0109639 0.0268792 -0.066039 0.176201 0.0251329 -1.20543 2.04116 0.0248573 0.15264 1.72146 0.0125186
16.705 0.140609 -0.0134175 0.0260697 0.0884545 0.105192 0.026922 -0.661751 1.42406 0.022543 -1.38626 4.72982 0.00825611
16.755 0.0577276 -0.0147196 -0.024436 0.0414953 0.00482388 -0.0227238 -0.0409863 0.140934 -0.0217317 -1.86492 4.84077 -0.0158629
16.805 -0.00176709 -0.0140989 -0.0275523 0.0186117 -0.0977793 -0.0259612 0.70274 -1.20438 -0.0262492 -1.00266 1.8907 -0.0144778
16.855 -0.000557625 -0.0119741 0.0230279 0.0480589 -0.174699 0.024256 1.2908 -1.99042 0.0149215 0.701356 -2.27843 0.0127535
16.905 -0.0375075 -0.00816435 0.0283378 0.021812 -0.204473 0.0286672 1.06803 -1.84055 0.0219029 1.82686 -5.03139 0.0190739
16.955 0.0535964 -0.00324959 -0.021184 0.101737 -0.179792 -0.0216669 0.648709 -0.796536 -0.0152587 1.49187 -4.64778 -0.00345142
17.005 0.0573026 0.00182445 -0.0298977 0.0749881 -0.108869 -0.0311434 0.141524 0.681512 -0.0199751 -0.0581936 -1.46589 -0.0125933
17.055 0.073067 0.00639878 0.0194453 0.0496907 -0.0126095 0.0177299 -0.489471 1.95819 0.0195834 -2.0539 2.38221 0.00197501
17.105 0.0844901 0.00976525 0.0306171 0.0214635 0.081058 0.0288753 -0.739502 2.46723 0.0267916 -2.74139 4.35643 0.00454518
17.155 -0.0977229 0.0249341 -0.0149964 -0.188498 0.162855 -0.0202117 -0.859505 1.94816 -0.0153472 -2.05743 3.22973 -0.0135053
17.205 -0.0733638 0.0235214 -0.0294749 -0.1649 0.179069 -0.0316418 -0.471977 0.61431 -0.0296932 0.126024 -0.129227 -0.0127929
17.255 -0.0954661 0.0240197 0.0160561 -0.169976 0.142184 0.0162591 0.191939 -0.971176 0.00558387 2.15384 -3.36909 0.0136383
17.305 -0.0892029 0.0205388 0.0319996 -0.124833 0.068984 0.0332501 0.574998 -2.15813 0.0218309 2.7824 -4.19968 0.0211765
17.355 0.00869754 0.0183726 -0.0127329 0.00889252 -0.0172663 -0.0107627 0.921457 -2.459 -0.0117807 1.95411 -1.98117 -0.00228712
17.405 0.117786 0.0126817 -0.0331803 0.177711 -0.103104 -0.0321123 0.503821 -1.7385 -0.0232938 0.113463 1.85474 -0.0173761
17.455 -0.00840357 -0.00578538 0.00931405 0.0791073 -0.160932 0.00880414 -0.0198431 -0.348641 0.015009 -1.57213 4.761 -0.00227116
17.505 0.0147014 -0.0105229 0.0322979 0.111974 -0.156421 0.0318597 -0.789639 1.08619 0.032767 -1.94386 4.7598 0.00886929
17.555 -0.0697169 -0.013357 -0.0106543 0.0117936 -0.103272 -0.0115375 -1.27896 1.96145 -0.00468851 -0.786428 1.72541 -0.00322985
17.605 -0.0739686 -0.014375 -0.0329405 -0.0276714 -0.0155803 -0.0343148 -1.29427 1.90869 -0.0269886 0.824984 -2.42435 -0.00774406
17.655 -0.0396943 -0.0149978 0.00763447 -0.0352829 0.0781931 0.00553616 -0.582441 0.970401 0.00321626 1.91713 -5.07334 0.0116632
17.705 0.0207311 -0.0186342 0.0313546 -0.00600559 0.154237 0.029532 0.201671 -0.406737 0.0228852 1.40226 -4.56143 0.0187303
17.755 0.0511489 -0.0148059 -0.00522608 -0.00841314 0.191268 -0.00677932 1.08704 -1.58831 -0.00730889 -0.335233 -1.30163 -0.00557279
17.805 0.0540193 -0.00958114 -0.0322168 -0.0096703 0.1745 -0.0326359 1.53282 -2.04793 -0.0276355 -2.1415 2.51084 -0.0222866
17.855 0.0765962 -0.00503616 0.00459214 0.0333597 0.108701 0.00500386 1.19242 -1.51992 0.00577828 -2.72226 4.37767 -0.0058217
17.905 -0.0709527 -0.000818306 0.0342444 -0.0806943 0.011209 0.0354789 0.498707 -0.260913 0.0305497 -1.78743 3.12299 0.0118712
17.955 0.0187789 0.00255401 -0.00155557 0.0460622 -0.0913315 -8.98816e-05 -0.2822 1.22075 0.000527675 0.264994 -0.284395 0.00246129
18.005 -0.0582879 0.00450133 -0.0336407 -0.00194851 -0.170595 -0.0326026 -0.87426 2.24795 -0.0268772 2.30187 -3.46906 -0.00778785
18.055 -0.0106764 0.00437224 0.000773057 0.0567777 -0.205418 0.00147989 -1.02352 2.36565 -0.00230194 2.81963 -4.17498 0.00453626
18.105 0.0359679 0.00222283 0.0324176 0.0922325 -0.186947 0.0322094 -0.472774 1.51105 0.0223731 1.87603 -1.83842 0.0133347
18.155 0.037287 0.00176751 0.000538098 0.0603565 -0.113518 -0.000814374 0.000959252 0.0164402 -0.00249241 -0.151287 2.02348 -0.00347095
18.205 -0.0750213 0.0136283 -0.0354133 -0.100101 -0.00984378 -0.0376465 0.592658 -1.49331 -0.0280481 -1.71044 4.85719 -0.0182906
18.255 0.0143332 0.00887287 -0.00298118 -0.0462178 0.0840674 -0.00528514 0.949852 -2.38004 -0.00176194 -1.82182 4.69213 -0.00207774
18.305 0.0115628 0.00394635 0.0325584 -0.0790103 0.152768 0.0312333 0.615919 -2.28298 0.0275168 -0.630673 1.54614 0.0180637
18.355 0.0649609 -0.0102713 0.00466048 -0.0435639 0.165453 -0.000916242 0.142548 -1.27023 0.00691887 0.93538 -2.61182 0.00727779
18.405 -0.0109883 -0.0102381 -0.0296178 -0.0906897 0.135418 -0.0297087 -0.52539 0.219771 -0.0233361 1.70562 -5.15292 -0.0104563
18.455 -0.0635029 -0.0104032 -0.00619459 -0.110919 0.0661452 -0.0044361 -1.27058 1.50831 -0.00531815 1.15 -4.48129 -0.00388053
18.505 0.0760981 -0.0101103 0.0304503 0.0736919 -0.0243393 0.0327577 -1.26595 2.05351 0.0245126 -0.301135 -1.11965 0.00896106
18.555 -0.0687242 -0.00667219 0.00874932 -0.019992 -0.107218 0.0118062 -1.03615 1.65223 0.00602089 -2.05634 2.67346 -0.000481068
18.605 -0.0128449 -0.0019533 -0.0302467 0.070767 -0.156966 -0.0279912 -0.191286 0.477271 -0.0250861 -2.72991 4.41623 -0.0142735
18.655 0.00894365 0.00271946 -0.0105008 0.105528 -0.158188 -0.0100928 0.749138 -0.908634 -0.00695571 -1.58274 3.03172 -0.00229154
18.705 -0.0621453 0.0071856 0.0289946 0.0235822 -0.110169 0.0285124 1.08097 -1.86005 0.0251006 0.30558 -0.471209 0.0155056
18.755 0.0156804 0.010554 0.0110401 0.0706498 -0.0260148 0.00954455 1.40878 -1.94736 0.0100682 2.26742 -3.58808 0.00487247
18.805 -0.0014354 0.0124958 -0.028727 0.012285 0.0705796 -0.0306 0.941519 -1.1065 -0.022364 2.80673 -4.1502 -0.0153395
18.855 0.0415079 0.016696 -0.0126243 0.0156555 0.155881 -0.0142038 0.219426 0.314536 -0.0106945 1.72503 -1.68802 -0.00874547
18.905 -0.0386013 0.0148468 0.0253585 -0.0962795 0.196473 0.0259471 -0.486535 1.68553 0.0215544 -0.236669 2.21876 0.0109323
18.955 0.041297 0.0113329 0.0130713 -0.0189908 0.186459 0.0135469 -0.944525 2.40075 0.0110178 -1.65136 4.94384 0.00960817
19.005 0.0382579 0.00697143 -0.0255587 -0.00790255 0.125958 -0.0244399 -0.836243 2.15219 -0.0229628 -1.74243 4.61161 -0.00521106
19.055 0.0514358 0.00187229 -0.0161519 0.0331579 0.031435 -0.0150352 -0.368572 0.982592 -0.0139577 -0.626257 1.34532 -0.00213805
19.105 0.0504606 -0.000412408 0.0256015 0.0667639 -0.0694799 0.0278675 0.464871 -0.596139 0.0192487 1.00293 -2.80663 0.010911
19.155 -0.0210985 -0.0102433 0.0167911 0.0232157 -0.15622 0.0189153 0.662267 -1.93361 0.0119748 1.87982 -5.21765 0.00217695
19.205 -0.0593583 -0.0138077 -0.0252438 0.00264859 -0.195433 -0.0241518 0.790784 -2.46546 -0.0209831 1.24985 -4.37374 -0.016681
19.255 -0.035014 -0.0144983 -0.0180469 0.0132965 -0.182829 -0.0178069 0.478805 -1.99146 -0.015015 -0.498956 -0.915688 -0.0107629
19.305 -0.0132776 -0.0138722 0.0223247 0.00847243 -0.121757 0.0215759 -0.121483 -0.725706 0.0200583 -2.18559 2.84383 0.0125239
19.355 0.0812139 -0.0179269 0.0242624 0.0759868 -0.0359499 0.0147426 -0.750538 0.769785 0.0182695 -2.74484 4.43771 0.0147443
19.405 0.0614372 -0.0131869 -0.020734 -0.00296644 0.057442 -0.0251576 -1.21059 1.82743 -0.0144832 -1.698 2.88783 -0.00521482
19.455 0.0401583 -0.00890004 -0.0213475 -0.0451517 0.128486 -0.024074 -1.17804 2.01561 -0.0122135 0.435314 -0.654728 -0.0102455
19.505 0.0123792 -0.00144682 0.0228632 -0.0752208 0.158984 0.0207159 -0.672042 1.2629 0.0179178 2.35563 -3.70799 0.00222442
19.555 -0.0597343 0.0034931 0.0216808 -0.134089 0.13563 0.0211444 0.00528277 -0.072724 0.0153581 2.8424 -4.10603 0.000128028
19.605 0.00698777 0.00655755 -0.0191934 -0.0339933 0.0703709 -0.0183458 0.819895 -1.36322 -0.0182747 1.77018 -1.50529 -0.0119877
19.655 0.0255637 0.0214923 -0.0214108 0.032761 -0.00147351 -0.0197588 1.32105 -2.01792 -0.0207857 -0.120445 2.40511 -0.0046349
19.705 -0.00411778 0.0228877 0.0182052 0.0475149 -0.0861139 0.0200142 1.20013 -1.72498 0.0128037 -1.81603 5.01902 0.0179453
19.755 -0.0405063 0.0210159 0.022707 0.0457611 -0.139163 0.0242888 0.748811 -0.594844 0.0193997 -1.9433 4.52493 0.0196938
19.805 -0.00335293 0.0176457 -0.0172634 0.0954528 -0.145541 -0.0165117 0.0124391 0.889449 -0.0100168 -0.616293 1.14433 -0.00426858
19.855 -0.00231719 0.0136488 -0.0237794 0.084784 -0.102766 -0.0239829 -0.773945 2.07017 -0.0154591 1.08043 -2.98694 -0.0159851
19.905 -0.01529 -0.0091668 0.0186556 0.0623276 -0.0305289 0.0175105 -1.00517 2.43067 0.0143047 1.93517 -5.26569 -0.00358029
19.955 -0.0418299 -0.00933676 0.0231472 -0.026534 0.0602814 0.0213369 -0.747197 1.78778 0.0182818 1.17168 -4.27245 0.00327591
20.005 0.0186111 -0.0139148 -0.0174058 -0.0168813 0.136833 -0.0204089 -0.152362 0.386188 -0.0152928 -0.597003 -0.723111 -0.00568473
20.055 0.0275794 -0.0160685 -0.0246482 -0.029958 0.185722 -0.0256995 0.584993 -1.17493 -0.0261385 -2.24233 2.98737 -0.00356052
20.105 -0.0146331 -0.0145322 0.00781438 -0.0816763 0.182661 0.00793356 0.848842 -2.24834 0.00406804 -2.70544 4.44447 0.0140621
20.155 -0.0079127 -0.012355 0.0248629 -0.0636663 0.126462 0.0249505 0.914482 -2.3983 0.0188792 -1.5175 2.75862 0.0143021
20.205 -0.0313137 -0.00917411 -0.00899736 -0.0569622 0.0353837 -0.00778833 0.320955 -1.56193 -0.00740974 0.596405 -0.814146 -0.00985678
20.255 -0.027693 -0.0104036 -0.0252379 -0.018576 -0.0711706 -0.0240765 -0.446933 -0.134653 -0.0152539 2.37683 -3.79109 -0.0216639
20.305 0.0290283 -0.00453433 0.00998936 0.0705947 -0.154356 0.0111883 -1.03328 1.25007 0.0139053 2.8108 -4.03996 -0.00403985
20.355 -0.000999683 0.000917101 0.0261236 0.0553277 -0.197584 0.027397 -1.28886 2.01163 0.025614 1.53928 -1.34157 0.0105076
20.405 -0.0708818 0.00467676 -0.00814814 -0.0179871 -0.189921 -0.00788679 -1.13891 1.8169 -0.00536184 -0.438698 2.55936 0.00487501
20.455 0.0128146 0.0101929 -0.0264114 0.0431211 -0.125802 -0.027414 -0.44292 0.783851 -0.0229468 -1.7361 5.04832 0.000274942
20.505 -0.0261407 0.0300563 0.00643818 -0.0361549 -0.0231458 0.00509453 0.354204 -0.61675 0.00137113 -1.6524 4.40143 0.0105387
20.555 0.038855 0.0285523 0.0258553 -0.00889193 0.0703388 0.0240673 1.15463 -1.70709 0.0181703 -0.43883 0.952388 0.0109226
20.605 -0.00572322 0.0234945 -0.00459407 -0.0846783 0.141025 -0.00610806 1.43558 -2.01294 -0.00407215 1.14728 -3.14197 -0.00985089
20.655 -0.0538546 6.1185e-05 -0.0253807 -0.14314 0.15044 -0.0262893 1.07176 -1.37175 -0.0189498 1.74908 -5.26472 -0.0202398
20.705 -0.0202459 -0.011705 0.00328526 -0.110228 0.131935 0.00405533 0.449795 -0.0258172 0.00606254 1.04458 -4.11931 -0.00244818
20.755 -0.0357514 -0.0153919 0.0262349 -0.0855964 0.070008 0.0278136 -0.398534 1.41228 0.023926 -0.617938 -0.538166 0.0137563
20.805 0.0306209 -0.0190811 -0.00255248 -0.00217307 -0.0155481 -0.00516963 -0.846495 2.3206 -0.00147199 -2.27637 3.0887 0.00547425
20.855 0.0787915 -0.0186488 -0.0304237 0.125293 -0.0947921 -0.0302619 -0.770292 2.29125 -0.0234864 -2.58697 4.39304 -0.00637672
20.905 0.0744153 -0.0200714 0.00135347 0.157607 -0.150651 0.00172102 -0.470972 1.31253 -0.00389295 -1.40374 2.59234 -0.000887218
20.955 0.071916 -0.0189103 0.0267348 0.160406 -0.162849 0.0270321 0.176571 -0.219823 0.0155483 0.646701 -0.964474 0.00463304
21.005 -0.0122862 -0.0142373 -0.000389453 0.0705988 -0.117804 -0.0015035 0.659508 -1.67187 -0.00105444 2.30563 -3.83157 -0.00644514
21.055 -0.0675772 0.00652438 -0.0261207 -0.0110907 -0.0297692 -0.0267895 0.801141 -2.41418 -0.0196997 2.71179 -3.93079 -0.0134169
21.105 0.024623 0.00479248 -0.00158614 0.0399525 0.0601247 -0.00260334 0.581835 -2.16636 0.00112385 1.62903 -1.15476 0.00234392
21.155 0.0573793 0.0077147 0.0222234 0.049852 0.141442 0.0222986 -0.0149929 -1.06034 0.02385 -0.296404 2.69845 0.0189726
21.205 0.0817619 0.0110402 0.00222007 0.0361456 0.191902 0.00157351 -0.559397 0.411661 0.00670685 -1.7488 5.04908 0.00818903
21.255 0.104512 0.0144602 -0.0238368 0.0496508 0.191907 -0.0242855 -0.989169 1.63274 -0.0193018 -1.7678 4.25047 -0.0095643
21.305 -0.00663906 0.0112457 -0.00389972 -0.0732467 0.135107 -0.000555804 -1.19979 2.05997 -0.00503848 -0.568086 0.748625 -0.00504717
21.355 -0.0857856 0.010534 0.0241134 -0.101105 0.0484816 0.0244299 -1.00266 1.49855 0.0184572 1.03213 -3.2628 0.00605305
21.405 -0.0615173 0.00898448 0.00783419 -0.045364 -0.052073 0.00883119 -0.314655 0.269752 0.00365403 1.85048 -5.22933 -1.94626e-05
21.455 -0.0055197 0.00611713 -0.0243271 0.0347261 -0.138571 -0.0231107 0.47416 -1.07831 -0.0185853 1.19616 -3.9686 -0.00917005
21.505 0.00776734 -0.00502603 -0.00752046 0.0630664 -0.195424 -0.00602471 1.18478 -1.93133 -0.00435214 -0.67955 -0.359858 -0.000351787
21.555 0.0393008 -0.00653913 0.0223831 0.0875593 -0.189512 0.0234786 1.41704 -1.87403 0.0205153 -2.41409 3.15814 0.0102364
21.605 -0.0124213 -0.0100448 0.00926829 0.01047 -0.137671 0.0080096 1.04354 -0.910162 0.0085319 -2.69524 4.32808 0.000606002
21.655 -0.0826442 -0.00942862 -0.0223627 -0.0771654 -0.0516799 -0.0160289 0.0891742 0.531248 -0.0178604 -1.4733 2.44429 -0.0148198
21.705 -0.0818925 -0.0123532 -0.00998436 -0.130609 0.0422975 -0.00984465 -0.639147 1.83707 -0.0109212 0.791976 -1.1075 -0.00827643
21.755 -0.0631273 -0.0128999 0.0212682 -0.146964 0.117665 0.0195023 -1.01329 2.42496 0.0154255 2.55767 -3.84357 0.00958283
21.805 -0.0476413 -0.0111153 0.0119604 -0.138931 0.153781 0.0106512 -0.874348 2.01335 0.00611098 2.74765 -3.81566 0.0099855
21.855 0.0397397 -0.00203439 -0.020864 -0.0373395 0.147981 -0.0210025 -0.221441 0.756901 -0.0200576 1.47155 -0.988359 -0.00295492
21.905 -0.0252548 0.00530114 -0.0116554 -0.0787279 0.0932859 -0.0110283 0.442914 -0.827875 -0.0120113 -0.570921 2.81104 -0.00130217
21.955 -0.0238564 0.00722316 0.0191658 -0.0351657 0.00764099 0.0217843 0.999145 -2.0546 0.0143493 -1.82556 5.02142 0.00774542
22.005 -0.0451217 0.0111429 0.0133788 -0.00820462 -0.0754936 0.0155556 0.902227 -2.4442 0.00970233 -1.65948 4.10425 0.00149123
22.055 0.0110555 0.00570117 -0.0187455 0.0862277 -0.14609 -0.0165512 0.417996 -1.83495 -0.0150607 -0.237685 0.582222 -0.0106304
22.105 0.0395576 0.00682646 -0.0128345 0.13512 -0.1602 -0.0139361 -0.140647 -0.514999 -0.0105597 1.33778 -3.34999 -0.00490123
22.155 0.00299164 0.00796612 0.0181689 0.0913063 -0.127449 0.0172039 -0.932694 0.959355 0.0173493 1.75422 -5.19268 0.0121444
22.205 0.0465712 0.00741576 0.0144635 0.110639 -0.0550831 0.0135319 -1.1471 1.90899 0.0150822 0.91496 -3.83251 0.0109435
22.255 0.00467 0.00461367 -0.0180241 0.0319903 0.0371674 -0.0198392 -1.12671 1.96398 -0.011268 -0.92434 -0.217679 -0.00796631
22.305 0.0386271 0.000558559 -0.0161342 0.0262329 0.122308 -0.0180654 -0.579508 1.09666 -0.0108593 -2.36368 3.22725 -0.0127265
22.355 0.0116093 -0.00408166 0.0158973 -0.0316617 0.175558 0.0142649 0.0907031 -0.268205 0.0128868 -2.45811 4.27479 -0.00151449
22.405 0.0207583 -0.00883844 0.0161307 -0.0364221 0.180981 0.0152311 0.744536 -1.50319 0.0110163 -1.2315 2.30361 0.000384397
22.455 0.0653264 -0.0130445 -0.0152048 0.013954 0.136133 -0.0151036 1.32371 -2.02949 -0.0154249 0.930116 -1.2318 -0.00631727
22.505 0.0528932 -0.0161594 -0.0171649 0.0240242 0.0527781 -0.0161503 1.19975 -1.59814 -0.0156713 2.41302 -3.86154 -0.000397945
22.555 0.0366482 0.00339317 0.0152604 0.0391984 -0.0262671 0.0165335 0.677706 -0.388967 0.0113446 2.50957 -3.72192 0.0146578
22.605 -0.0427947 0.00576968 0.0178638 -0.0111072 -0.108518 0.0193481 -0.134048 1.08531 0.0162199 1.26196 -0.822271 0.0129939
22.655 -0.0269749 0.00720447 -0.0137175 0.0248423 -0.162058 -0.0120008 -0.854263 2.17536 -0.00791557 -0.546712 2.92728 -0.00623887
22.705 -0.0321034 0.0113503 -0.0179854 0.0179393 -0.165636 -0.0173071 -1.06285 2.3991 -0.0125595 -1.69834 5.01551 -0.0136285
22.755 -0.0252169 0.0152999 0.0125328 0.0065043 -0.119427 0.0123417 -0.738521 1.58553 0.00946228 -1.59003 3.98185 0.000340757
22.805 0.00250436 -0.0190192 0.0183332 0.00256537 -0.0752513 0.0172217 -0.0506209 0.153661 0.0119395 -0.32826 0.404257 0.0079463
22.855 0.00735724 -0.0156333 -0.0110426 -0.0272672 0.0134539 -0.0124258 0.664301 -1.3775 -0.0142657 1.16789 -3.48713 -7.68223e-05
22.905 -0.016263 -0.00553188 -0.0190231 -0.104903 0.105931 -0.0141002 0.927759 -2.32837 -0.0203491 1.74872 -5.18002 -0.00172411
22.955 -0.0207972 0.000571171 0.00927008 -0.10345 0.140043 0.00806058 0.802661 -2.3223 0.00609848 0.914492 -3.69931 0.00742131
23.005 -0.0151695 -0.000293784 0.0206587 -0.0874863 0.132596 0.0194082 0.207558 -1.3736 0.016635 -0.777929 -0.0453405 0.00485232
23.055 0.00250922 -0.00269589 -0.00849536 -0.047728 0.0806416 -0.00869913 -0.464662 0.0700539 -0.00252095 -2.29404 3.34241 -0.0124125
23.105 0.0285534 0.0140053 -0.0191155 0.0219071 0.0196579 -0.0202005 -1.04422 1.4045 -0.0101485 -2.55922 4.24767 -0.0166007
23.155 0.0146543 0.00998096 0.00872344 0.0451817 -0.0637422 0.00991019 -1.25723 2.05885 0.0106793 -1.33293 2.16378 -0.000255455
23.205 0.0558574 0.00636571 0.0198151 0.12165 -0.126377 0.0212549 -0.893828 1.70802 0.0170194 0.897381 -1.38414 0.0120159
23.255 0.0427764 0.00101025 -0.00733237 0.12823 -0.147937 -0.00601506 -0.29966 0.589609 -0.00662334 2.56009 -3.92093 0.00473426
23.305 0.0451045 -0.00311058 -0.020189 0.126336 -0.120922 -0.0196194 0.490671 -0.793423 -0.0196937 2.74761 -3.64639 -0.00219805
23.355 0.0275433 -0.00455123 0.00488698 0.0867937 -0.0522625 0.00447654 1.12364 -1.81111 0.00114302 1.37873 -0.663963 0.00428773
23.405 0.0400542 -0.00472897 0.0194562 0.0637946 0.0380213 0.0181623 1.33525 -1.98387 0.0156868 -0.61692 3.06163 0.00672718
23.455 0.0149181 -0.00368247 -0.00450992 0.000626509 0.123694 -0.00635133 1.02631 -1.1905 -0.00131445 -1.84438 5.04352 -0.00540626
23.505 0.0110265 0.00288481 -0.0208916 -0.0369273 0.183897 -0.0227619 0.361039 0.196244 -0.0126356 -1.70546 3.87307 -0.0101159
23.555 -0.0139092 0.00610855 0.00314453 -0.0728262 0.194108 0.0016979 -0.402078 1.59139 0.00559581 -0.248711 0.231968 0.00396179
23.605 -0.0282453 0.0100378 0.0207428 -0.0789371 0.15375 0.0201129 -0.999532 2.36213 0.016903 1.24038 -3.61189 0.0125046
23.655 -0.0284255 0.0143763 -0.00117116 -0.0574315 0.0744077 -0.000902819 -0.982362 2.19529 -0.00431215 1.7895 -5.19298 0.00101968
23.705 -0.0323305 0.0156686 -0.0199848 -0.0314011 -0.0275467 -0.0189916 -0.525267 1.09861 -0.0210998 0.834406 -3.58583 -0.0105528
23.755 -0.00203969 0.0166358 0.00155747 0.030585 -0.114645 0.00299165 0.190849 -0.46923 -0.00461612 -0.952847 0.116012 -0.00508251
23.805 -0.00295135 0.0131779 0.0247675 0.0310184 -0.18242 0.0307281 0.767244 -1.83599 0.0133684 -2.41895 3.43274 0.00327811
23.855 -0.0306248 0.00750325 -8.54882e-05 0.0350907 -0.183317 -0.001073 0.896422 -2.42835 0.00137466 -2.51678 4.2107 -0.001886
23.905 -0.0245233 0.0078351 -0.0184073 0.0106943 -0.144602 -0.0193702 0.627332 -2.05123 -0.0128501 -1.08544 2.04483 -0.00696415
23.955 -0.0534412 0.00456056 -0.00209413 -0.0534621 -0.067946 -0.0036447 -0.105774 -0.859735 0.00408832 1.02799 -1.5166 0.00213845
24.005 -0.031136 -0.000463139 0.0196194 -0.0665703 0.0235711 0.018237 -0.76166 0.644453 0.0198772 2.55127 -3.97819 0.011306
24.055 -0.0354004 -0.00533834 0.00245716 -0.103122 0.102008 0.000938444 -1.21105 1.75225 0.00303198 2.6015 -3.57458 0.000936111
24.105 -0.0401336 -0.0244698 -0.0188318 -0.131085 0.14094 -0.0197348 -1.20662 2.02459 -0.0170678 1.1485 -0.502337 -0.0096159
24.155 -0.0371801 -0.0303306 -0.00322189 -0.114085 0.117382 -0.00421848 -0.738075 1.35704 -0.00561469 -0.734824 3.21103 -0.000535509
24.205 -0.0385779 -0.03535 0.0191909 -0.0957839 0.0733271 0.0191704 0.0129721 0.0638911 0.0130613 -1.80615 5.08743 0.0113622
24.255 0.00439755 -0.0211259 0.00494994 -0.0164136 0.0124412 0.00592541 0.790966 -1.26286 0.00274442 -1.47319 3.76581 0.0067463
24.305 0.0221758 -0.010745 -0.0189603 0.0473395 -0.0622612 -0.0165658 1.28895 -1.96327 -0.013528 -0.0596229 0.0238427 -0.00469015
24.355 0.0319561 -0.0024942 -0.00516936 0.0876753 -0.124607 -0.00119612 1.2915 -1.78072 -0.00190579 1.3442 -3.7781 -0.0039057
24.405 0.0257049 -0.00022318 0.0178205 0.110072 -0.147526 0.0195918 0.882955 -0.714916 0.0175879 1.7344 -5.21847 0.00157022
24.455 0.0119504 0.00334025 0.00580131 0.0999018 -0.124897 0.006504 0.0820063 0.731198 0.00686609 0.691115 -3.46137 -0.00397672
24.505 -0.00358341 0.00737085 -0.0177749 0.0653188 -0.0613143 -0.018136 -0.640138 1.97755 -0.0151166 -1.07775 0.318615 -0.0118454
24.555 0.0308167 0.0107081 -0.0072238 0.0676137 0.0264771 -0.0084749 -0.925707 2.42884 -0.00834255 -2.43389 3.56768 -0.00193881
24.605 0.0487083 0.0127046 0.0166782 0.0491058 0.11262 0.0148332 -0.781109 1.86269 0.0105695 -2.41334 4.20836 0.013133
24.655 0.0419131 0.0131908 0.00787287 0.0115559 0.171945 0.00596533 -0.209593 0.522218 0.00360082 -0.99792 1.91001 0.00795084
24.705 -0.00397452 0.0121536 -0.0163975 -0.0510148 0.186919 -0.0179643 0.422852 -1.04137 -0.0156606 1.052 -1.70571 -0.00741541
24.755 -0.00522157 0.00985786 -0.00897456 -0.051096 0.15248 -0.00973627 0.841997 -2.16092 -0.00776339 2.56143 -4.06557 -0.00865743
24.805 -0.0269897 -0.00541353 0.0160207 -0.0555585 0.067336 0.0160689 0.791366 -2.42104 0.0131287 2.6178 -3.51651 0.000927723
24.855 -0.0321522 -0.00512874 0.0121288 -0.0368865 -0.0258057 0.0124201 0.334309 -1.66015 0.00832604 1.18539 -0.328345 0.00232832
24.905 -0.0155818 -0.00807641 -0.0156301 0.0130859 -0.113444 -0.01478 -0.322746 -0.292104 -0.01143 -0.733294 3.38906 -0.00150394
24.955 0.0405438 -0.0115327 -0.009872 0.0794195 -0.174712 -0.00913991 -0.958507 1.13161 -0.00657191 -1.91538 5.12948 0.00559135
25.005 0.0152445 -0.0113644 0.014604 0.0597526 -0.185568 0.0158406 -1.23804 1.98195 0.0141455 -1.61364 3.64622 0.0151373
25.055 -0.00555459 -0.0115358 0.00742581 0.0122711 -0.148074 0.0115493 -1.11957 1.89008 0.0108863 -0.149076 -0.170129 0.00651106
25.105 -0.00959346 -0.0104899 -0.0147429 -0.0156628 -0.0744932 -0.0140495 -0.549998 0.908365 -0.0100089 1.34613 -3.9133 -0.0134304
25.155 -0.0128084 -0.00772636 -0.0122471 -0.0454792 0.014885 -0.0140315 0.24012 -0.460728 -0.00920691 1.7873 -5.23134 -0.0166917
25.205 0.0457143 -0.00283941 0.0137859 -0.0217647 0.0956787 0.0126145 0.970168 -1.62438 0.00949383 0.774551 -3.32235 -0.00243342
25.255 0.0184335 0.00178267 0.0123395 -0.0670037 0.143124 0.0105408 1.29777 -2.01556 0.00840385 -1.12251 0.494515 0.0044201
25.305 -0.0133 0.0249142 -0.0121746 -0.0976499 0.168078 -0.0136096 1.19886 -1.47067 -0.0115035 -2.56704 3.67043 0.00140865
25.355 -0.0125768 0.0299416 -0.0127582 -0.0710809 0.122789 -0.0131213 0.565633 -0.187256 -0.0110529 -2.47728 4.17446 0.00343678
25.405 -0.00897198 0.0312504 0.0121278 -0.0212518 0.0480519 0.0127203 -0.23279 1.27475 0.0102741 -0.870794 1.74932 0.00889829
25.455 -0.0272013 0.01931 0.014485 -0.0213014 -0.0558541 0.0141191 -0.790868 2.25692 0.0123057 1.26553 -1.85977 0.00201296
25.505 -0.0364699 0.0148653 -0.011476 0.0250595 -0.117726 -0.0102317 -0.946704 2.3426 -0.00646503 2.65429 -4.10114 -0.0134454
25.555 0.0121342 -0.0216604 -0.0119302 0.0970393 -0.174984 -0.00984799 -0.560609 1.42485 -0.0120125 2.51923 -3.40474 -0.0129811
25.605 0.0243965 -0.0220406 0.00903371 0.109759 -0.158145 0.00991453 0.0588721 -0.0603307 0.00600862 0.975297 -0.140099 0.00414415
25.655 -0.0018671 -0.0250532 0.0135562 0.0622177 -0.0987173 0.0132888 0.592908 -1.57131 0.00796075 -0.8849 3.51237 0.0153311
25.705 -0.00685176 -0.0118568 -0.00964644 0.0291676 0.00520198 -0.0108327 0.839281 -2.37627 -0.0114353 -1.88496 5.10836 0.00746726
25.755 0.0282069 -0.00330896 -0.0153885 0.0283232 0.105368 -0.0175575 0.694416 -2.24113 -0.0145619 -1.42022 3.49334 0.000636816
25.805 0.0539146 -0.00617507 0.00777397 0.0212262 0.166864 0.00564052 0.182579 -1.2 0.00715872 0.110314 -0.370917 0.00222983
25.855 0.0327163 -0.00808573 0.0146475 -0.0180974 0.185969 0.0129773 -0.48333 0.288593 0.0154218 1.40393 -4.02685 -0.00274553
25.905 -0.0168918 -0.00692433 -0.00758299 -0.0665852 0.15781 -0.00795742 -1.08907 1.54471 -0.00122472 1.64141 -5.20308 -0.0139025
25.955 -0.0280829 -0.00280053 -0.0157759 -0.0541537 0.0896093 -0.0154924 -1.26393 2.05693 -0.00792098 0.568459 -3.14471 -0.0118336
26.005 -0.0450878 -0.000706658 0.00666517 -0.0514468 -0.00340395 0.0079835 -1.02534 1.58725 0.00729361 -1.20538 0.659929 0.00535991
26.055 0.00967422 -0.00533697 0.0162424 0.032687 -0.101406 0.0179279 -0.269094 0.400742 0.011611 -2.45283 3.75557 0.0138901
26.105 -0.00025632 -0.0035557 -0.00521614 0.0459413 -0.16742 -0.00348166 0.550094 -0.970567 -0.00751052 -2.36212 4.09237 0.0036603
26.155 0.0109141 0.000204477 -0.0154208 0.0598209 -0.18455 -0.0136687 1.18106 -1.88263 -0.0156742 -0.863722 1.57582 -0.00679905
26.205 0.00879207 0.00471085 0.00433561 0.0456248 -0.150839 0.00468227 1.36749 -1.90353 0.00311353 1.25926 -1.98049 -0.0035908
26.255 -0.0275716 0.0119972 0.0148956 -0.0217598 -0.0786687 0.0144966 0.914048 -1.00894 0.014511 2.64215 -4.11058 0.000357247
26.305 -0.0445086 0.01265 -0.00367633 -0.0688348 0.00910567 -0.00523589 0.245305 0.406044 0.000424388 2.48464 -3.26622 -0.00459255
26.355 -0.0292199 0.0114355 -0.0156506 -0.0835337 0.0896928 -0.0175581 -0.538267 1.73693 -0.00984267 0.994605 0.0476771 -0.00299932
26.405 -0.014924 0.00989372 0.00245849 -0.0868215 0.141038 0.000238569 -0.885004 2.39361 0.00335647 -0.843076 3.61959 0.00946788
26.455 0.0353792 0.008577 0.0149818 -0.0392699 0.148776 0.013021 -0.798264 2.08341 0.0104076 -1.89609 5.06048 0.0136691
26.505 0.0406686 0.00480422 -0.00179085 -0.0183115 0.110797 -0.00217023 -0.287211 0.869982 -0.00702944 -1.45424 3.31521 0.000598941
26.555 -0.0163283 0.00547892 -0.0159399 -0.0443015 0.0457432 -0.0148023 0.27107 -0.679051 -0.0189533 0.00127587 -0.566918 -0.0107528
26.605 0.0195034 0.00257791 0.00170243 0.0351736 -0.0362337 0.0033252 0.74295 -1.96496 -0.00295786 1.42805 -4.12082 -0.0056865
26.655 0.013141 -0.0138993 0.0160518 0.0622055 -0.117044 0.0178316 0.796988 -2.44756 0.0124451 1.74713 -5.11467 0.00291392
26.705 0.0190119 -0.014629 -0.000967823 0.0974934 -0.150089 -0.00020613 0.501417 -1.91082 0.00341129 0.53095 -2.96268 0.000497369
26.755 0.0447605 -0.0136826 -0.0196825 0.122718 -0.137467 -0.0195751 -0.0639383 -0.638056 -0.00701814 -1.25626 0.827543 -0.00337452
26.805 0.0380208 -0.0113687 0.000160599 0.105316 -0.0818414 -0.00113335 -0.781659 0.838929 0.00552944 -2.53797 3.79135 0.00233098
26.855 0.011079 -0.0130074 0.0162824 0.0457314 -0.00457334 0.0148123 -1.18376 1.83684 0.0143725 -2.34064 3.97168 0.00602418
26.905 -0.00672791 -0.010226 0.00238733 -0.00907488 0.0802282 -0.00115619 -1.17187 1.97035 0.000412139 -0.691885 1.40936 -0.00399766
26.955 -0.0224227 -0.0060719 -0.0148804 -0.0504632 0.14522 -0.0177946 -0.750594 1.18459 -0.0148486 1.37096 -2.09524 -0.0104945
27.005 -0.0192896 -0.00227419 -0.00182996 -0.0638581 0.169049 -0.00400554 0.0503218 -0.144769 -0.00482672 2.67724 -4.0821 -0.00106586
27.055 -0.0432988 0.000491891 0.0150198 -0.0892452 0.144921 0.0137065 0.834433 -1.39563 0.0104877 2.37018 -3.10994 0.0103712
27.105 -0.0330996 0.0201078 0.00312971 -0.0636419 0.0893656 0.00250745 1.22937 -1.99022 0.00322243 0.796996 0.205685 0.00707153
27.155 -0.0436356 0.0145822 -0.0148425 -0.0486458 0.00283877 -0.0139082 1.21713 -1.64859 -0.0091705 -0.979698 3.70292 -0.00252642
27.205 -0.0376444 0.0123164 -0.00326983 -0.0159722 -0.0884703 -0.00138081 0.633389 -0.513987 0.000394261 -1.90496 4.99412 -0.00241153
27.255 -0.0435377 0.00952096 0.0147136 -0.00238952 -0.154262 0.0168972 -0.0343747 0.939758 0.0138471 -1.30312 3.14479 0.00198367
27.305 -0.0299705 0.00511306 0.00430351 0.0162111 -0.176488 0.00614614 -0.696072 2.09892 0.00333039 0.147703 -0.728783 -0.00214168
27.355 -0.039363 0.000752412 -0.0140658 -0.00521969 -0.150577 -0.0130519 -0.897439 2.38137 -0.0140506 1.46137 -4.18396 -0.00659386
27.405 -0.0365848 -0.00342836 -0.0052481 -0.0288585 -0.0853125 -0.00531023 -0.648922 1.70195 -0.00801852 1.61045 -5.03947 0.00146898
27.455 -0.0168415 -0.00693807 0.0134151 -0.0428138 0.000170439 0.0123513 -0.129988 0.301809 0.00740071 0.420541 -2.81296 0.0107306
27.505 -0.0177078 -0.00722001 0.0047122 -0.0738015 0.0842341 0.00276273 0.474754 -1.23123 0.00241345 -1.29775 0.968108 0.00397164
27.555 0.00342464 -0.00475057 -0.0119963 -0.0649271 0.137384 -0.0133054 0.816192 -2.25901 -0.0113308 -2.54057 3.81856 -0.00956655
27.605 0.0216254 -0.00543254 -0.00667504 -0.0666431 0.150222 -0.00857383 0.826318 -2.36034 -0.0040812 -2.22563 3.88282 -0.00998205
27.655 0.0137205 -0.00255265 0.0130687 -0.047614 0.116182 0.0124709 0.318431 -1.48501 0.0123076 -0.5878 1.26746 -0.000244967
27.705 0.0203585 0.00104454 0.007068 -0.00603077 0.0486845 0.00762275 -0.342087 -0.0720663 0.00755092 1.4345 -2.20187 0.00235256
27.755 0.00298966 0.00476993 -0.0121952 0.0158659 -0.0315515 -0.0105613 -0.928663 1.2992 -0.00848652 2.67089 -4.05571 0.000200563
27.805 0.0195802 0.00870897 -0.00742544 0.0705953 -0.100132 -0.00536044 -1.24163 2.01168 -0.00494384 2.36275 -2.98084 0.00476921
27.855 0.0342251 0.012168 0.0122836 0.111466 -0.135994 0.0142216 -1.02844 1.77348 0.0108533 0.832602 0.372995 0.0101798
27.905 0.0148931 0.0146351 0.00833737 0.099727 -0.127578 0.00958288 -0.407822 0.719217 0.00759902 -0.987407 3.79129 0.00283329
27.955 0.0183344 0.0154748 -0.0113979 0.0912509 -0.0767245 -0.0112283 0.41088 -0.654941 -0.00853219 -1.88929 4.93515 -0.0106225
28.005 0.015267 0.0150863 -0.00872941 0.0609298 0.00293739 -0.0097357 1.05997 -1.71261 -0.00733421 -1.30716 2.98384 -0.0098939
28.055 0.0113644 0.0130933 0.0104638 0.0224821 0.088262 0.00856105 1.23961 -1.98209 0.0077222 0.114129 -0.906928 0.00303589
28.105 0.0221251 0.00997318 0.00880838 0.00112194 0.154695 0.00650384 1.07105 -1.30793 0.00605907 1.45872 -4.26062 0.00817588
28.155 0.0390264 0.00611051 -0.0104965 -0.00310006 0.182546 -0.0125875 0.383488 0.0383801 -0.00938476 1.59248 -4.9711 0.00239229
28.205 0.0340357 0.00241892 -0.00996639 -0.0131921 0.16334 -0.0112814 -0.353627 1.44597 -0.00814628 0.400415 -2.65181 0.000380709
28.255 0.0478331 -0.0158375 0.00957644 0.012072 0.103227 0.00979578 -0.78297 2.31684 0.0082011 -1.35233 1.12199 0.00277785
28.305 0.017319 -0.0321726 0.011018 0.00290051 -0.018064 0.0114186 -0.888949 2.24147 0.00890539 -2.54611 3.8571 -0.00249522
28.355 0.00263577 -0.0317031 -0.00938659 0.00913853 -0.110955 -0.00787774 -0.534531 1.2321 -0.00707608 -2.2156 3.80305 -0.0118783
28.405 0.00181023 -0.0349242 -0.0102734 0.0294864 -0.174477 -0.00832716 0.0478677 -0.303718 -0.00932127 -0.570504 1.11126 -0.00834123
28.455 -0.000803497 -0.0326961 0.00876244 0.0401626 -0.201439 0.0106714 0.614298 -1.70472 0.00414673 1.50599 -2.31551 0.00585754
28.505 -0.00301162 -0.0288027 0.0111781 0.0285822 -0.181233 0.0122913 0.814449 -2.428 0.0060618 2.68479 -4.0519 0.0110213
28.555 -0.0291877 -0.0246675 -0.00748967 -0.0209548 -0.119707 -0.00744173 0.579562 -2.13617 -0.00784945 2.27302 -2.85494 0.00299726
28.605 -0.0339184 -0.0168219 -0.0109621 -0.0518294 -0.035147 -0.0121564 0.081927 -0.987885 -0.00865343 0.682422 0.530968 -0.00287129
28.655 -0.00694749 -0.0142572 0.00714837 -0.0584494 0.0478928 0.0051813 -0.600485 0.498781 0.00820799 -1.0437 3.88291 0.000345649
28.705 -0.0199591 -0.0115217 0.0113157 -0.0917636 0.104672 0.00909799 -1.15737 1.67475 0.0133316 -1.82786 4.9048 0.00044646
28.755 -0.0370682 -0.00965325 -0.00626051 -0.111512 0.120239 -0.0080809 -1.22648 2.03279 -0.00149175 -1.24568 2.83112 -0.00530893
28.805 -0.0227228 -0.00844837 -0.0115928 -0.0846781 0.0952496 -0.0123871 -0.792611 1.44219 -0.00782837 0.262098 -1.06456 -0.00364514
28.855 -0.00124407 0.000286427 0.00553116 -0.0344042 0.0496028 0.00600975 -0.0548563 0.186293 0.00371266 1.55971 -4.3521 0.00668546
28.905 -0.000187085 0.0182084 0.01217 0.0110733 -0.0204598 0.0136113 0.735328 -1.12554 0.00691757 1.57334 -4.94413 0.00863951
28.955 -0.00700765 0.0211809 -0.00476526 0.0403803 -0.0786651 -0.00262982 1.30666 -1.93375 -0.00694439 0.274946 -2.51917 -0.00175355
29.005 0.000596694 0.0390949 -0.011806 0.0513124 -0.107283 -0.00711694 1.2859 -1.82398 -0.0112154 -1.51928 1.27449 -0.00836523
29.055 -0.0135783 0.0295456 0.00462259 0.0619026 -0.100912 0.00672373 0.777789 -0.840147 0.00420726 -2.57046 3.93537 -0.00286733
29.105 -0.0121457 0.0236285 0.0118666 0.0584498 -0.0534553 0.0123582 0.0972782 0.603441 0.0134145 -2.09805 3.76003 0.00250246
29.155 -0.00694037 0.0219017 -0.0037731 0.0353028 0.0216579 -0.00459806 -0.563537 1.86898 0.000491422 -0.405015 0.975077 -0.00107999
29.205 0.00703322 0.0211554 -0.0124698 0.01664 0.10596 -0.0143994 -0.82616 2.41663 -0.00850642 1.62404 -2.44189 -0.00351903
29.255 0.0176181 0.021209 0.00261031 0.00111868 0.173344 0.000297939 -0.732019 1.94188 0.000109191 2.71865 -4.09266 0.00301614
29.305 0.0213261 0.0200157 0.0114493 -0.0136724 0.200458 0.00888533 -0.236105 0.669691 0.00541183 2.25475 -2.77199 0.00529452
29.355 0.0262159 -0.00929229 -0.00187287 -0.0131588 0.148595 -0.00341412 0.311151 -0.895314 -0.00764659 0.593524 0.687622 -0.00226059
29.405 -0.00105578 -0.0254165 -0.0129479 -0.033116 0.0816882 -0.0131827 0.646037 -2.08695 -0.0143657 -1.16344 4.00981 -0.00558346
29.455 0.0178933 -0.0198778 0.00149764 0.00813566 -0.0047887 0.00219288 0.742398 -2.41314 0.000467796 -1.87826 4.9224 0.00267071
29.505 -0.00231797 -0.0159718 0.0128025 0.0144694 -0.0947959 0.0144543 0.376494 -1.74683 0.0129287 -1.26692 2.71341 0.00886239
29.555 0.00116029 -0.0137457 -0.000973161 0.0391747 -0.164145 0.00125541 -0.241835 -0.385096 0.00507586 0.244637 -1.24887 0.0027313
29.605 0.021055 0.0271817 -0.0119018 0.0597815 -0.160449 -0.00978959 -0.848534 1.01244 -0.00429385 1.50633 -4.47866 -0.00546537
29.655 -0.0105859 0.0378586 0.000554907 0.0260786 -0.132147 0.00118607 -1.20336 1.91758 0.00359105 1.54358 -4.91009 -0.00399608
29.705 -0.0331526 0.0238618 0.0111277 0.0148438 -0.0724141 0.00753387 -1.1086 1.89171 0.00976453 0.3314 -2.37675 0.000547873
29.755 -0.029676 0.0255954 0.00111178 -0.0476007 0.000678674 0.000211488 -0.605274 1.00036 -0.00257509 -1.46225 1.44417 -0.00232441
29.805 -0.0368698 0.0224693 -0.0117929 -0.0887811 0.0809055 -0.0129234 0.237829 -0.364609 -0.0144362 -2.55567 4.00773 -0.00383926
29.855 -0.0372079 0.0176938 -0.00163848 -0.106344 0.140657 -0.00335168 0.949961 -1.51939 -0.00338079 -2.15139 3.69215 0.00389391
29.905 -0.0166538 -0.022292 0.0114199 -0.0934346 0.123771 0.00985413 1.32135 -1.99799 0.0100167 -0.403397 0.81021 0.00878967
29.955 0.00229351 -0.0376619 0.00229678 -0.0665161 0.0900937 0.000692783 1.17423 -1.54527 0.00428267 1.64989 -2.56662 -0.000567875
30.005 0.00384388 -0.0378801 -0.0117497 -0.0387976 0.0293002 -0.0118918 0.580572 -0.300957 -0.00550717 2.73777 -4.10896 -0.010266
30.055 0.0296353 -0.0318576 -0.00244738 0.0331626 -0.038669 -0.00339025 -0.134487 1.14992 0.00155202 2.26986 -2.66154 -0.00706802
30.105 0.0384275 -0.0257225 0.0119811 0.0664184 -0.112392 0.0142438 -0.707346 2.19173 0.00961247 0.570125 0.870539 0.0025354
30.155 0.0260225 -0.0237089 0.00226061 0.0884284 -0.15347 0.00445743 -0.834264 2.33923 0.000208375 -1.17191 4.11655 0.00570524
30.205 0.0255031 -0.0203654 -0.0106933 0.100585 -0.153823 -0.00872552 -0.574744 1.54081 -0.0133259 -1.89016 4.8997 0.00476081
30.255 0.0116285 -0.0160405 -0.00274161 0.0792149 -0.112154 -0.00205793 -0.0359825 0.0503615 -0.00724408 -1.17706 2.55312 0.00627849
30.305 0.0151411 -0.0121311 0.0111587 0.0612266 -0.0389211 0.010625 0.503556 -1.44462 0.00613939 0.382339 -1.43955 0.00667219
30.355 0.024941 -0.00885292 0.00365899 0.0412328 0.0452145 0.00193134 0.812065 -2.33455 0.00279878 1.57956 -4.59344 -0.00373097
30.405 0.019026 -0.00651948 -0.0103645 0.0056521 0.115991 -0.0128018 0.671024 -2.25809 -0.00723997 1.50487 -4.89016 -0.0146135
30.455 0.0400935 -0.00648752 -0.00459837 0.00572095 0.151855 -0.00717628 0.210793 -1.30115 -0.00141637 0.148085 -2.21882 -0.00903875
30.505 0.0448899 0.0123898 0.0073752 0.0101522 0.1862 0.00788225 -0.456476 0.149572 0.0104103 -1.63089 1.62941 0.00481001
30.555 0.0563027 0.0174673 0.00468294 0.0206729 0.120836 0.00449976 -1.03508 1.46693 0.00497385 -2.61893 4.09973 0.00877163
30.605 0.0287889 0.033561 -0.0106904 0.0103885 0.0555605 -0.0106658 -1.28164 2.03076 -0.00733998 -2.05396 3.65313 0.00373493
30.655 0.00260845 0.035724 -0.00410389 -0.00547249 -0.035764 -0.00176265 -1.00671 1.64945 -0.0043092 -0.215824 0.679639 0.00112823
30.705 -0.0200406 0.0239148 0.00879327 0.0271018 -0.106662 0.0105609 -0.326957 0.526442 0.0082577 1.78302 -2.71134 -0.000847935
30.755 -0.0193088 0.0190231 0.00619048 0.0217749 -0.139755 0.00829827 0.488983 -0.832946 0.0059333 2.74295 -4.14125 -0.00680408
30.805 -0.0177099 0.0175812 -0.00957672 0.0125107 -0.130775 -0.0081394 1.14046 -1.81654 -0.00641453 2.11957 -2.57051 -0.0115412
30.855 -0.00676828 0.0165196 -0.0059261 0.00653264 -0.0790202 -0.00515776 1.33233 -1.93198 -0.00450569 0.421256 1.02613 -0.00282905
30.905 -0.0136655 0.0167256 0.00874664 -0.0285291 -0.000989746 0.00843054 0.942629 -1.13156 0.00694892 -1.26263 4.21501 0.012285
30.955 -0.00577142 0.0186167 0.00646086 -0.0502662 0.0800559 0.0052979 0.267037 0.243811 0.00489351 -1.86179 4.86546 0.0146273
31.005 -0.0262123 0.0116502 -0.0078241 -0.104439 0.115943 -0.00891661 -0.398724 1.61746 -0.00771972 -1.09317 2.402 0.0039261
31.055 -0.0434305 0.00388571 -0.0074531 -0.10505 0.155374 -0.0091812 -0.856978 2.38338 -0.00638317 0.422065 -1.60832 -0.00425902
31.105 -0.0344303 0.0129808 0.0078411 -0.0941284 0.130178 0.00681377 -0.810578 2.15876 0.00574317 1.57823 -4.66081 -0.00508341
31.155 -0.0380682 0.0171145 0.00736387 -0.0731678 0.0724828 0.00726785 -0.4164 1.00875 0.00553523 1.44266 -4.79995 -0.00709402
31.205 -0.0150563 0.0151794 -0.00715685 -0.0136323 -0.00804051 -0.0064025 0.239016 -0.52747 -0.00707089 0.115589 -2.04029 -0.00809173
31.255 -0.0413306 -0.00341412 -0.00762923 -0.00420486 -0.0834646 -0.00583888 0.681355 -1.87728 -0.00792778 -1.63547 1.76185 -0.000522227
31.305 -0.0254169 -0.0198957 0.00736286 0.0307127 -0.156889 0.0100899 0.850152 -2.44424 0.00374786 -2.57391 4.11616 0.0103392
31.355 -0.0276568 -0.0239127 0.00798132 0.0528687 -0.170745 0.00965406 0.57928 -2.01464 0.00532112 -1.96991 3.51289 0.00945861
31.405 0.014117 -0.028527 -0.00647558 0.0963365 -0.12837 -0.00602553 -0.0336397 -0.757474 -0.00501017 -0.154524 0.492555 -0.00296665
31.455 0.0255491 -0.0309126 -0.00824495 0.0679433 -0.0603283 -0.00900864 -0.696712 0.715483 -0.0049583 1.8154 -2.81052 -0.0100714
31.505 0.0227042 -0.0344418 0.00576084 0.0401679 0.0224422 0.00404895 -1.17526 1.77378 0.00795916 2.73108 -4.07181 -0.00512357
31.555 0.00667851 -0.0375921 0.0082242 -0.00527404 0.0940463 0.00601943 -1.21673 2.00538 0.010108 2.08485 -2.35804 0.000641197
31.605 0.00365422 -0.0397153 -0.00581843 -0.0327211 0.133589 -0.00799725 -0.800485 1.28893 -0.00253365 0.363048 1.22459 0.00147099
31.655 0.0232935 -0.030715 -0.00940597 -0.0217242 0.140791 -0.010978 0.0144964 0.00178446 -0.00723778 -1.30487 4.28269 0.00496763
31.705 0.0236776 -0.0281543 0.00454836 -0.0186046 0.0908367 0.0040444 0.803953 -1.28877 0.00220584 -1.86917 4.72948 0.010247
31.755 0.0362545 -0.0102362 0.00950531 0.0218287 0.0585667 0.0106291 1.27413 -1.96854 0.00491839 -1.036 2.16974 0.00620039
31.805 0.0508758 0.0178587 -0.00425595 0.0482502 -0.0424801 -0.00320078 1.22646 -1.75385 -0.00474687 0.514166 -1.80124 -0.0058953
31.855 0.0431327 0.0288238 -0.00883663 0.0588461 -0.0941665 -0.00699344 0.779455 -0.668968 -0.00651954 1.61826 -4.70218 -0.010651
31.905 0.0170564 0.0381291 0.00439269 0.0601317 -0.132603 0.00618621 0.0186275 0.812974 0.00594095 1.37867 -4.68134 -0.00324439
31.955 0.0220566 0.0403787 0.00982628 0.0553164 -0.125414 0.0112149 -0.626168 1.99865 0.0106655 0.000664172 -1.84799 0.0039146
32.005 -0.00191477 0.0299958 -0.00313081 0.0100153 -0.0906094 -0.00233283 -0.91232 2.39634 -0.00119598 -1.72203 1.91919 0.00192238
32.055 -0.00107929 -0.024275 -0.00881806 -0.0113396 -0.0679827 -0.00936559 -0.746283 1.8089 -0.0090895 -2.57604 4.11521 -0.00127312
32.105 -0.0129127 -0.0213139 0.0030477 -0.0504479 0.00911063 0.00159332 -0.225237 0.446226 -0.00215154 -1.90626 3.3998 0.000447382
32.155 -0.020013 -0.0227716 0.00935876 -0.0810716 0.073454 0.00757574 0.393356 -1.11258 0.0016538 -0.077436 0.337645 -0.000285928
32.205 -0.0387158 0.00281079 -0.00155567 -0.106056 0.120606 -0.0039492 0.805634 -2.18099 -0.00722821 1.9017 -2.8985 -0.00591616
32.255 -0.024991 -0.0068439 -0.00968915 -0.0888773 0.113716 -0.0107623 0.768758 -2.38394 -0.00970238 2.76612 -4.01519 -0.00527207
32.305 -0.0193237 -0.00930084 0.00151625 -0.0586717 0.0602566 0.00176177 0.378858 -1.58513 0.00389563 2.03591 -2.20859 0.00498876
32.355 -0.022522 -0.012445 0.00939936 -0.0281383 -0.0131136 0.0106702 -0.262677 -0.189417 0.0132181 0.252427 1.3669 0.0109713
32.405 -0.0346634 -0.0124375 -0.00130732 -0.00690064 -0.0744015 0.000614904 -0.962512 1.19657 0.00516534 -1.38808 4.33313 0.00491424
32.455 -0.0286524 -0.00678033 -0.00950882 0.0290269 -0.122866 -0.00742101 -1.28546 1.96433 -0.00324435 -1.84292 4.66022 -0.00316691
32.505 -0.0380247 -0.00646096 0.00104039 0.033433 -0.121156 0.00259182 -1.12383 1.82427 0.00158813 -0.964704 1.99937 -0.00333003
32.555 -0.00471429 0.0251642 0.00971125 0.0486763 -0.0898226 0.0102339 -0.483125 0.835444 0.00513063 0.563462 -1.93518 -0.000608664
32.605 -0.00153218 0.0226106 0.0012053 0.066847 -0.00013641 0.00230365 0.348937 -0.538498 -0.00438951 1.59591 -4.73238 -0.00198848
32.655 0.0077926 0.0265084 -0.00969917 0.0145317 0.0777559 -0.0118057 1.02848 -1.64069 -0.0108401 1.31727 -4.57172 -0.00200359
32.705 0.0150788 0.0296693 0.000261177 0.00842591 0.150252 -0.00215925 1.36152 -2.00252 -0.00100236 -0.052224 -1.68041 0.00385702
32.755 0.0116023 0.025692 0.00844737 -0.0125957 0.184732 0.00620591 1.09491 -1.38673 0.00983651 -1.7373 2.02806 0.00534954
32.805 -0.0152119 0.0104668 0.00053703 -0.0522135 0.167523 -0.000997248 0.472061 -0.108055 0.00436277 -2.5199 4.09312 -0.00320548
32.855 0.00289564 -0.00566862 -0.010938 -0.0248752 0.104999 -0.0101558 -0.236847 1.31761 -0.00427299 -1.81922 3.25555 -0.0111815
32.905 -0.00536613 -0.00450907 -0.00155609 -0.0193655 0.0305777 -0.000558374 -0.816333 2.25838 -6.25086e-05 0.0111462 0.170081 -0.00679073
32.955 0.0121243 -0.00464239 0.00902615 0.019524 -0.0566904 0.0103801 -0.891578 2.28268 0.00513107 1.93565 -2.96475 0.00281051
33.005 0.0141776 -0.00584898 0.00165203 0.0423083 -0.131599 0.00365054 -0.564236 1.34107 -0.00300173 2.67257 -3.94208 0.00624244
33.055 0.0157946 -0.00838951 -0.0088557 0.0544833 -0.174297 -0.00688121 0.076757 -0.159764 -0.0118976 1.93325 -2.0429 0.00528117
33.105 0.00644133 -0.0113628 -0.00177114 0.0415272 -0.173377 -0.000222551 0.5795 -1.60214 -0.00453008 0.222841 1.53324 0.00612434
33.155 0.00547341 -0.0146478 0.00891323 0.0230176 -0.130381 0.00959653 0.827474 -2.3784 0.0067783 -1.35284 4.37805 0.00501968
33.205 0.0146263 -0.0149897 0.00226185 0.00602884 -0.0515587 0.00170962 0.723062 -2.17607 0.004188 -1.76775 4.53741 -0.00341966
33.255 0.0161076 0.00275468 -0.00884383 -0.0243058 0.0448638 -0.00992484 0.134838 -1.10402 -0.00359028 -0.903345 1.8107 -0.0100257
33.305 0.0235814 0.00970346 -0.00337119 -0.0401324 0.108836 -0.00645951 -0.57192 0.357189 0.000591088 0.620433 -2.10962 -0.0043237
33.355 0.0238815 0.00604793 0.00833901 -0.0498068 0.146539 0.00681258 -1.12667 1.56558 0.0081664 1.57781 -4.75267 0.00591885
33.405 0.0109725 0.00722085 0.00325464 -0.0564903 0.137193 0.00251548 -1.26487 2.0079 0.00244956 1.24579 -4.44841 0.00676153
33.455 0.0335283 0.0104223 -0.00815888 -0.0115908 0.0887335 -0.00808944 -0.879 1.53826 -0.00717378 -0.166647 -1.49609 0.000302383
33.505 0.0448796 0.013394 -0.00363494 0.0330508 0.0182116 -0.00275817 -0.166742 0.351212 -0.00340328 -1.80087 2.15812 -0.00312993
33.555 0.0221298 0.016646 0.00811123 0.0462648 -0.0533197 0.00955595 0.640183 -0.999968 0.00668571 -2.52007 4.11004 -0.00388301
33.605 0.0188945 0.00652902 0.00490537 0.0761981 -0.134581 0.00654086 1.18165 -1.85505 0.00445106 -1.75663 3.14556 -0.00678431
33.655 -0.00912537 -0.0160759 -0.00683398 0.0531215 -0.155191 -0.00592396 1.25025 -1.86121 -0.00467281 0.143171 0.0237208 -0.00774188
33.705 -0.0234453 -0.00784332 -0.00427801 0.0483579 -0.122685 -0.00352903 0.883257 -0.964833 -0.00298753 1.99929 -3.03862 0.000301383
33.755 -0.0100825 -0.00707058 0.00748998 0.0440637 -0.0598202 0.00703368 0.221095 0.450608 0.0056267 2.71645 -3.92789 0.01088
33.805 -0.0238167 0.00657659 0.0049574 0.00558191 0.0270485 0.00324583 -0.486286 1.79177 0.00226184 1.89072 -1.91961 0.0107303
33.855 -0.0121533 0.00156189 -0.0069401 -0.0148379 0.104306 -0.00935792 -0.845246 2.36945 -0.00759075 0.103544 1.66361 0.00151668
33.905 -0.0136706 -0.00227799 -0.0055128 -0.0398765 0.150654 -0.00805668 -0.79755 2.01777 -0.00584854 -1.44204 4.44225 -0.00301222
33.955 -0.0136171 -0.00578522 0.00608267 -0.0514212 0.155083 0.0039846 -0.379234 0.799404 0.00405396 -1.79822 4.47671 -0.00133402
34.005 -0.00136841 0.01224 0.00504997 -0.0345287 0.147729 0.00407929 0.21982 -0.752515 0.0035821 -0.850511 1.6758 -0.00154401
34.055 0.0141389 0.0133126 -0.00712137 -0.00401459 0.0696237 -0.00736108 0.699604 -2.00047 -0.00556463 0.675369 -2.25213 -0.00327997
34.105 0.0248684 -0.00208688 -0.00584279 0.0166894 -0.0233546 -0.00485845 0.818727 -2.42019 -0.00463649 1.59319 -4.8198 1.43571e-05
34.155 0.0136716 -0.0241183 0.00581726 0.0359428 -0.126609 0.00749525 0.526347 -1.86957 0.00444676 1.23558 -4.39437 0.00506952
34.205 -0.00318482 -0.0254071 0.00641967 0.034734 -0.170538 0.00900576 -0.119649 -0.580382 0.00548678 -0.221419 -1.36135 0.00237052
34.255 -0.0144993 -0.0238177 -0.00533174 0.0180619 -0.174235 -0.00316003 -0.827619 0.88325 -0.00282151 -1.86048 2.28152 -0.00602169
34.305 -0.0189781 -0.0203843 -0.00564278 0.000323301 -0.136082 -0.00427203 -1.2326 1.85575 -0.00270436 -2.52011 4.13159 -0.00816216
34.355 -0.0291572 -0.0166908 0.00526111 -0.0327239 -0.0671021 0.00546312 -1.1967 1.9498 0.00639463 -1.67508 3.06751 -0.00167837
34.405 -0.00452387 -0.013231 0.00639671 -0.0353258 0.0118489 0.00555718 -0.635567 1.13572 0.0065663 0.234331 -0.100894 0.00245924
34.455 -0.00429265 -0.00979654 -0.00470831 -0.0576939 0.0785294 -0.00627246 0.164977 -0.174656 -0.00414068 2.0426 -3.11649 0.000727089
34.505 -0.0254642 0.00595691 -0.0069048 -0.0862666 0.123834 -0.00864073 0.890779 -1.41107 -0.00709818 2.65822 -3.90086 0.00113793
34.555 -0.0359399 0.00674954 0.00398266 -0.0949294 0.118133 0.00279277 1.29096 -1.97771 0.00113863 1.77955 -1.78876 0.00505282
34.605 -0.0314438 0.0200025 0.0065334 -0.073733 0.0773107 0.00621146 1.17505 -1.61264 0.00388901 0.0441666 1.80378 0.00432399
34.655 0.00452607 0.0367389 -0.00431096 -0.0287205 0.0209688 -0.00509704 0.640985 -0.44084 -0.003083 -1.42946 4.50141 -0.000878817
34.705 -0.0127139 0.0252706 -0.00668066 0.0121944 -0.0367826 -0.00537006 -0.0799503 1.00207 -0.00352 -1.74928 4.41506 -0.00161586
34.755 -0.0147574 0.0223833 0.00378592 0.0404408 -0.0891611 0.00575975 -0.65644 2.10846 0.00554092 -0.78931 1.51512 0.00331643
34.805 0.0141797 0.0232837 0.0118198 0.0863026 -0.105674 0.00869202 -0.852867 2.35626 0.00722965 0.713089 -2.411 0.00401163
34.855 -0.0014845 0.0198374 -0.00289765 0.0739051 -0.082165 -0.00408235 -0.674457 1.62452 -0.00280945 1.58216 -4.85712 -0.00307872
34.905 0.0196011 0.0124449 -0.00536567 0.0680808 -0.0289048 -0.00497262 -0.127832 0.210679 -0.00952263 1.21272 -4.32302 -0.00728204
34.955 0.0350748 -0.010409 0.00265391 0.0605369 0.0193858 0.00221367 0.429674 -1.29912 -0.00278678 -0.279927 -1.19678 -0.00456924
35.005 0.049934 -0.0141113 0.00696515 0.0462745 0.0986815 0.00480505 0.834242 -2.27408 0.00142662 -1.87674 2.42505 0.000182401
35.055 0.0403906 -0.0119202 -0.00265101 0.0126531 0.146682 -0.00537968 0.77373 -2.32103 -0.00417202 -2.53352 4.1714 -0.000615879
35.105 0.0271571 -0.00907696 -0.0075048 -0.0127563 0.155745 -0.00996907 0.297714 -1.40937 -0.00445645 -1.64833 2.98255 -0.000234957
35.155 0.0279019 -0.0133088 0.0015073 -0.00938308 0.118734 0.000139764 -0.399754 0.00317032 0.00622916 0.291082 -0.263915 0.00436832
35.205 -0.0190475 -0.00424389 0.00694059 -0.04213 0.0538782 0.0065328 -1.05144 1.34484 0.0120582 2.11632 -3.24588 0.0035693
35.255 -0.0223082 0.0169296 -0.00152618 -0.024299 -0.0135282 -0.000672225 -1.27744 1.99595 0.0034247 2.7177 -3.89302 -0.00344143
35.305 -0.00864749 0.0213857 -0.00735687 0.0121581 -0.0883908 -0.00554957 -1.02681 1.72144 -0.00436185 1.77647 -1.66756 -0.00634344
35.355 -0.00368941 0.0155927 0.00134826 0.0303292 -0.144453 0.00373637 -0.343478 0.658816 -0.00119896 -0.0457985 1.96618 0.000546594
35.405 0.00265426 -6.46857e-05 0.00785246 0.0354212 -0.172155 0.0103469 0.473069 -0.719957 0.00183066 -1.52887 4.58357 0.00811691
35.455 -0.0063688 -0.000948923 -0.000303802 0.0150982 -0.138684 0.00129134 1.08635 -1.72696 -0.00456134 -1.79094 4.38265 0.00780795
35.505 -0.0121986 -0.00413252 -0.00702312 -0.0126444 -0.0724466 -0.00652786 1.27085 -1.94787 -0.00754836 -0.748566 1.36083 0.00315607
35.555 -0.00183036 -0.00715495 0.000603687 -0.0303899 0.00535109 3.58349e-05 0.977318 -1.21946 0.00171075 0.788706 -2.57032 0.000235946
35.605 0.0093618 -0.0106318 0.00719921 -0.0435573 0.0734746 0.00581622 0.342759 0.114823 0.00949655 1.66438 -4.94018 -0.00390881
35.655 0.00683964 -0.00789203 -0.000505861 -0.0629352 0.126877 -0.00178344 -0.305231 1.50018 0.00362309 1.14386 -4.26132 -0.0104578
35.705 -0.0113666 -0.0073756 -0.00759455 -0.0740679 0.121819 -0.00897179 -0.770476 2.3085 -0.00428056 -0.42343 -1.03117 -0.0107487
35.755 0.00249495 -0.00990498 -0.000695191 -0.0439225 0.0826092 -0.00144931 -0.843695 2.168 -0.00197972 -1.95906 2.55905 -0.000618788
35.805 -0.0184375 -0.00240351 0.00280123 -0.0416673 0.0304373 0.00614568 -0.496546 1.14349 0.00164122 -2.4833 4.20623 0.00918878
35.855 -0.00632355 -0.00271579 0.000755696 0.00583817 -0.0412972 0.00291802 0.112189 -0.389417 -0.00417819 -1.50575 2.87531 0.00813168
35.905 0.0160498 0.0107332 -0.00715858 0.0632666 -0.0883979 -0.00596099 0.647124 -1.76235 -0.0093395 0.41489 -0.396945 0.000587829
35.955 0.0211987 0.0101886 -0.00123951 0.0866685 -0.113068 0.000823571 0.863772 -2.4077 -0.00133466 2.15361 -3.33182 -0.00355791
36.005 0.00909004 -0.0186366 0.00691807 0.0766363 -0.1229 0.00842943 0.649357 -2.06302 0.00804481 2.66956 -3.85621 -0.00441595
36.055 0.0110004 -0.013243 0.00164461 0.0681567 -0.0699022 0.00223118 0.029601 -0.904694 0.00506607 1.68742 -1.53158 -0.00511475
36.105 -0.0101526 0.000750655 -0.00611477 0.0263732 0.0153929 -0.00689667 -0.674544 0.561262 -0.00219395 -0.112216 2.11139 -0.00164709
36.155 -0.00975322 0.0189302 -0.00195646 -0.000836798 0.106537 -0.00399179 -1.20708 1.70313 0.000106628 -1.56448 4.64194 0.00776234
36.205 0.00961348 0.0205966 0.00651445 -0.00720717 0.157821 0.00436503 -1.22842 1.99228 0.00483521 -1.76197 4.2906 0.0138105
36.255 0.00161107 0.0174235 0.00170938 -0.0299813 0.164548 -0.00101218 -0.796921 1.37277 0.000202112 -0.67952 1.19341 0.0071378
36.305 -0.00153074 0.0100223 -0.00687724 -0.0353696 0.132897 -0.00820888 -0.0302177 0.133536 -0.00665263 0.824505 -2.71983 -0.00539802
36.355 -0.0115974 0.0066729 -0.00196894 -0.0402245 0.0684053 -0.00356886 0.73657 -1.1599 -0.00211002 1.63783 -4.96287 -0.0110003
36.405 -0.042246 -0.00223766 0.00293244 -0.0432018 -0.0190875 0.00369244 1.17131 -1.90905 0.0066787 1.11035 -4.15425 -0.00843717
36.455 -0.035855 -0.00526697 0.00309355 -0.018778 -0.0969851 0.00506432 1.21255 -1.75067 0.00504159 -0.445226 -0.883018 -0.00455831
36.505 -0.0368281 -0.00812069 -0.00598756 -0.00805621 -0.149652 -0.00402534 0.773845 -0.757209 -0.00315689 -2.02154 2.69208 -0.000131128
36.555 -0.0337898 -0.0101126 -0.00291225 -0.00297111 -0.161967 -0.000983674 0.0927527 0.65644 -0.00142756 -2.52253 4.2085 0.00644474
36.605 -0.0166454 -0.00450146 0.00647821 0.00210886 -0.127061 0.0080751 -0.539187 1.88897 0.00377404 -1.4661 2.75429 0.00930609
36.655 -0.0123918 -0.00873441 0.0034447 -0.0157151 -0.0697427 0.00419111 -0.866231 2.37387 0.000345951 0.492844 -0.563193 0.00199079
36.705 0.00539466 0.00178688 -0.00532237 -0.0242315 0.0163477 -0.00482788 -0.748716 1.8816 -0.00769377 2.23813 -3.41882 -0.00765542
36.755 0.0030039 -0.00175625 -0.00339342 -0.0537592 0.0814728 -0.00381551 -0.278932 0.582217 -0.0053336 2.65583 -3.79154 -0.00846094
36.805 0.0161437 -0.00445697 0.0060169 -0.0492974 0.116293 0.00366482 0.350828 -0.967162 0.00293737 1.62843 -1.35198 -0.000178616
36.855 0.0190013 -0.000980224 0.00379454 -0.0452257 0.120312 0.00183031 0.78558 -2.11595 0.00276172 -0.175264 2.27967 0.00594242
36.905 0.0192747 0.0022044 -0.00511933 -0.029336 0.0864608 -0.00619382 0.819071 -2.39259 -0.00383709 -1.59147 4.67306 0.0065718
36.955 0.0190021 0.00536089 -0.00416309 -0.000752964 0.0246422 -0.00439125 0.447043 -1.69691 -0.00246303 -1.71881 4.16727 0.00600844
37.005 0.00632874 0.00732302 0.00501906 0.020352 -0.0456392 0.00566467 -0.229736 -0.339519 0.00512537 -0.615939 0.977114 0.0037546
37.055 0.0197424 0.00857288 0.0067646 0.0579575 -0.101977 0.00821433 -0.910924 1.06299 0.00436274 0.876822 -2.87742 -0.00334837
37.105 0.019285 0.00774523 -0.00450133 0.0860273 -0.127687 -0.00376225 -1.24207 1.91746 -0.00252251 1.63614 -4.97349 -0.0104083
37.155 0.0217981 0.00602175 -0.0032741 0.0908382 -0.114062 -0.00217795 -1.10993 1.86965 -0.00199921 1.04457 -4.00036 -0.00762923
37.205 0.0219855 0.00320386 0.00443077 0.0789602 -0.0638898 0.0046378 -0.527208 0.949875 0.00469301 -0.538998 -0.662865 0.00142527
37.255 0.0231795 -0.000421058 0.00475148 0.0578639 0.0086894 0.0042211 0.273136 -0.391695 0.00394769 -2.05981 2.80321 0.00603971
37.305 0.0061325 -0.00770088 -0.00427656 0.0127893 0.0796255 -0.00555761 0.974572 -1.53304 -0.00435981 -2.4378 4.14277 0.00236248
37.355 -0.0146151 -0.0131567 -0.00513355 -0.0330386 0.132234 -0.00736325 1.28357 -1.96671 -0.00531446 -1.35207 2.5825 -0.00178031
37.405 -0.015716 -0.0155628 0.00349563 -0.0483028 0.151084 0.00143407 1.10018 -1.4695 0.00191491 0.58061 -0.726982 -0.00172213
37.455 -0.0183756 -0.00745562 0.0041388 -0.0542191 0.139469 0.00276529 0.527104 -0.240181 0.00414185 2.24029 -3.45399 -0.00251671
37.505 0.00506986 3.54976e-05 -0.00383248 -0.0187101 0.0852724 -0.00428971 -0.167601 1.19509 -0.00151565 2.60897 -3.66819 -0.00303843
37.555 -0.00397097 0.00130463 -0.00564315 -0.010168 0.00523453 -0.00518648 -0.750536 2.19845 -0.00194882 1.50782 -1.17013 0.00150311
37.605 -0.000795765 0.0034471 0.00315742 0.0128397 -0.0732556 0.00458732 -0.900397 2.30869 0.00436613 -0.268976 2.41886 0.00824282
37.655 -0.0118149 -0.000723895 0.00555383 0.018132 -0.135973 0.00765479 -0.612941 1.44415 0.00408863 -1.61448 4.6741 0.0077138
37.705 -0.0138771 -0.00389695 -0.0033843 0.0171738 -0.165194 -0.000797154 -0.0481843 -0.0188981 -0.00495644 -1.6561 4.02039 -0.000576966
37.755 -0.0138939 -0.00329296 -0.00432134 0.0104502 -0.142581 -0.00304849 0.532169 -1.49032 -0.00893575 -0.510843 0.776988 -0.00658578
37.805 -0.0153299 -0.00128263 0.00298824 -0.0095191 -0.0830222 0.00359308 0.847075 -2.34863 -0.00251591 0.918456 -3.00518 -0.00481265
37.855 -0.0172563 0.000454234 0.00589879 -0.0361511 -0.00757361 0.00590766 0.721749 -2.22403 0.00147357 1.59208 -4.95204 -0.000565952
37.905 -0.0206148 0.00114051 -0.00249622 -0.0638488 0.0623487 -0.00338679 0.160236 -1.22786 -0.00144741 0.947149 -3.84802 0.000546451
37.955 -0.018345 0.00768238 -0.00521273 -0.0771127 0.114866 -0.00679793 -0.514037 0.225238 -0.000697106 -0.62057 -0.485111 0.0020555
38.005 0.00123816 0.00788697 0.00172698 -0.0617183 0.126985 0.000180054 -1.07996 1.4939 0.0072589 -2.08882 2.88624 0.00391112
38.055 0.00594107 0.00555756 0.00542687 -0.0405243 0.0959924 0.00438334 -1.23699 2.01846 0.00948987 -2.39792 4.10089 0.00057387
38.105 0.0102856 0.00247798 -0.0020718 -0.0108144 0.0370455 -0.00231345 -0.903324 1.59141 0.00104351 -1.26751 2.44059 -0.00681902
38.155 0.0111143 -0.000850041 -0.00577028 0.0186212 -0.0322861 -0.00508622 -0.210592 0.44709 -0.00535989 0.696327 -0.878568 -0.00851598
38.205 0.0130132 -0.00339671 0.0015303 0.0497456 -0.0908896 0.00282335 0.574869 -0.884342 -0.00213209 2.29624 -3.49992 -0.00106854
38.255 0.0136916 -0.00481924 0.00588202 0.0705881 -0.120377 0.00740343 1.14174 -1.81499 0.000896467 2.58191 -3.58594 0.00704494
38.305 0.0152325 -0.00543351 -0.00088274 0.0780391 -0.111605 0.00033874 1.28339 -1.88763 -0.00289744 1.43681 -0.991682 0.00804761
38.355 0.0108062 -0.00463809 -0.00524522 0.0647977 -0.0658575 -0.0047538 0.929952 -1.05637 -0.00375473 -0.355445 2.56252 0.00444602
38.405 0.0213435 -0.00430194 0.00326698 0.0577144 0.00204226 0.000648523 0.262538 0.330167 0.00343994 -1.63438 4.67999 0.00137678
38.455 0.0199472 -0.00142998 0.00574416 0.0323388 0.0759896 0.00336734 -0.429961 1.66401 0.00800573 -1.61711 3.8866 -0.00270015
38.505 0.0217719 0.00152003 0.000101656 0.00449809 0.133549 -0.00187615 -0.835508 2.35538 0.000905014 -0.462811 0.590199 -0.00741908
38.555 0.0129356 0.0011286 -0.00601056 -0.0190596 0.152737 -0.00825637 -0.835509 2.08046 -0.00595662 0.967069 -3.13376 -0.00689771
38.605 0.00109139 -0.0010019 -0.000374995 -0.0315004 0.130263 -0.0020501 -0.420441 0.915856 -0.00392262 1.59103 -4.93425 0.00207184
38.655 -0.00522941 -0.000375065 0.00503576 -0.036678 0.0700628 0.00385987 0.191366 -0.621893 -0.000590584 0.887458 -3.70608 0.0085737
38.705 -0.0192686 0.00164486 -0.000840531 -0.0281418 -0.00280356 -0.000915414 0.693155 -1.90451 -0.00392332 -0.701392 -0.325228 0.00539604
38.755 -0.0190044 0.0015518 -0.00545745 -0.0100475 -0.0816529 -0.00454097 0.834138 -2.40957 -0.00517188 -2.12351 2.98154 -0.0019105
38.805 -0.0184551 0.000451812 -0.000150827 0.00982006 -0.141119 0.00161645 0.532634 -1.92999 0.00220215 -2.37054 4.05642 -0.00571122
38.855 -0.0191081 -0.00261533 0.00590833 0.0138237 -0.16362 0.00801476 -0.095214 -0.683024 0.00899119 -1.17471 2.2919 -0.00597087
38.905 -0.0168421 -0.00616537 0.000838049 0.00756839 -0.144582 0.0027273 -0.779734 0.765074 0.00495407 0.763848 -1.01088 -0.00498632
38.955 -0.0189654 -0.00446112 -0.00520005 -0.0141598 -0.0805588 -0.00399742 -1.18343 1.77889 -0.00196706 2.30114 -3.52932 -0.00108202
39.005 -0.0155871 0.000944464 -0.000471477 -0.0334676 0.000991369 -0.000409176 -1.16388 1.9505 -0.00111247 2.53433 -3.48169 0.00651367
39.055 -0.011774 0.00132302 0.00535627 -0.0543565 0.0726263 0.00451192 -0.679323 1.22091 0.00198931 1.36674 -0.834644 0.010539
39.105 -0.0110689 0.000111247 0.000943486 -0.0712104 0.12019 -0.000448315 0.0780698 -0.0682035 -0.00172325 -0.398337 2.66967 0.00503738
39.155 -0.00806403 0.000829874 -0.005636 -0.0681051 0.135445 -0.00729309 0.82354 -1.3175 -0.00531001 -1.63 4.67797 -0.00379094
39.205 -0.00267315 0.00334028 -0.00173815 -0.0524434 0.109403 -0.00262218 1.25424 -1.94385 -2.99695e-05 -1.57462 3.76155 -0.00610166
39.255 0.00512606 0.00482381 0.00472112 -0.0298231 0.0538121 0.00460403 1.19657 -1.65564 0.0069345 -0.399387 0.423626 -0.00307083
39.305 0.000895055 0.00758581 0.00154597 0.0076124 -0.0147301 0.0022091 0.705808 -0.567403 0.00425679 1.00016 -3.25027 -0.000699024
39.355 0.00555382 0.00885293 -0.00499037 0.038205 -0.0748104 -0.00353623 -0.00262956 0.87551 -0.00244675 1.55951 -4.9328 0.000828324
39.405 0.0151187 0.00700569 -0.00341461 0.0856099 -0.121112 -0.000718263 -0.610953 2.02522 -0.00238762 0.825046 -3.59568 0.00382622
39.455 0.021372 0.00616391 0.00460028 0.0861118 -0.112793 0.00651015 -0.886606 2.34882 0.00112759 -0.761427 -0.166641 0.00460699
39.505 0.0195902 0.00853691 0.00238899 0.0804688 -0.0721285 0.00301519 -0.705319 1.71367 -0.00265196 -2.13416 3.07876 -0.000741566
39.555 0.0184322 0.00974055 -0.00440131 0.0620209 -0.0053231 -0.00490435 -0.202822 0.365218 -0.00744164 -2.33196 4.0375 -0.00682736
39.605 0.0186886 0.00933608 -0.0022147 0.0355437 0.0691263 -0.00368008 0.418087 -1.16578 -0.00391066 -1.1102 2.18762 -0.0055156
39.655 0.00776996 -0.00748849 0.00389112 -0.00357024 0.112297 0.00186357 0.796922 -2.20918 0.00379252 0.834714 -1.13054 0.000150148
39.705 -0.00945145 -0.00933223 0.00244731 -0.0328934 0.141737 0.000862826 0.768129 -2.33318 0.00354231 2.36175 -3.59217 0.00287659
39.755 -0.00699286 -0.0098516 -0.00483583 -0.0442898 0.131874 -0.00656269 0.315468 -1.51563 -0.00122254 2.52521 -3.43542 0.00165182
39.805 -0.0133311 -0.000502486 -0.00305492 -0.0441072 0.0955642 -0.00417503 -0.354905 -0.122937 2.18146e-05 1.29913 -0.7099 0.00205713
39.855 -0.0133075 -0.00126389 0.00379263 -0.0255943 0.0169831 0.00385011 -0.955387 1.2202 0.00500017 -0.484148 2.79817 0.00308929
39.905 -0.00235831 0.00282005 0.00294115 0.00637178 -0.055778 0.00384414 -1.24541 1.96071 0.00372578 -1.6844 4.72559 0.000982901
