$MeshFormat
2.2 0 8
$EndMeshFormat
$Nodes
1408
1 -80 -80 0
2 -80 -80 -100
3 -80 80 0
4 -80 80 -100
5 80 -80 0
6 80 -80 -100
7 80 80 0
8 80 80 -100
9 -80 80 -120
10 -80 -80 -120
11 80 80 -120
12 80 -80 -120
13 -100 -80 0
14 -100 -80 -100
15 -100 80 0
16 -100 80 -100
17 100 -80 0
18 100 -80 -100
19 100 80 0
20 100 80 -100
21 80 -100 -100
22 -80 -100 -100
23 80 -100 0
24 -80 -100 0
25 80 100 -100
26 -80 100 -100
27 80 100 0
28 -80 100 0
29 -100 80 -120
30 -100 -80 -120
31 100 80 -120
32 100 -80 -120
33 80 -100 -120
34 -80 -100 -120
35 80 100 -120
36 -80 100 -120
37 -100 -100 0
38 -100 -100 -100
39 -100 100 0
40 -100 100 -100
41 100 -100 0
42 100 -100 -100
43 100 100 0
44 100 100 -100
45 -100 -100 -120
46 -100 100 -120
47 100 -100 -120
48 100 100 -120
49 -80 -80 -95
50 -80 -80 -90
51 -80 -80 -85
52 -80 -80 -80
53 -80 -80 -75
54 -80 -80 -70
55 -80 -80 -65
56 -80 -80 -60
57 -80 -80 -55
58 -80 -80 -50
59 -80 -80 -44.99999999999999
60 -80 -80 -39.99999999999999
61 -80 -80 -35
62 -80 -80 -30
63 -80 -80 -25
64 -80 -80 -20
65 -80 -80 -14.99999999999999
66 -80 -80 -10
67 -80 -80 -5
68 -80 -48 0
69 -80 -16 0
70 -80 16.00000000000001 0
71 -80 48 0
72 -80 80 -95
73 -80 80 -90
74 -80 80 -85
75 -80 80 -80
76 -80 80 -75
77 -80 80 -70
78 -80 80 -65
79 -80 80 -60
80 -80 80 -55
81 -80 80 -50
82 -80 80 -44.99999999999999
83 -80 80 -39.99999999999999
84 -80 80 -35
85 -80 80 -30
86 -80 80 -25
87 -80 80 -20
88 -80 80 -14.99999999999999
89 -80 80 -10
90 -80 80 -5
91 -80 -48 -100
92 -80 -16 -100
93 -80 16.00000000000001 -100
94 -80 48 -100
95 80 -80 -95
96 80 -80 -90
97 80 -80 -85
98 80 -80 -80
99 80 -80 -75
100 80 -80 -70
101 80 -80 -65
102 80 -80 -60
103 80 -80 -55
104 80 -80 -50
105 80 -80 -44.99999999999999
106 80 -80 -39.99999999999999
107 80 -80 -35
108 80 -80 -30
109 80 -80 -25
110 80 -80 -20
111 80 -80 -14.99999999999999
112 80 -80 -10
113 80 -80 -5
114 80 -48 0
115 80 -16 0
116 80 16.00000000000001 0
117 80 48 0
118 80 80 -95
119 80 80 -90
120 80 80 -85
121 80 80 -80
122 80 80 -75
123 80 80 -70
124 80 80 -65
125 80 80 -60
126 80 80 -55
127 80 80 -50
128 80 80 -44.99999999999999
129 80 80 -39.99999999999999
130 80 80 -35
131 80 80 -30
132 80 80 -25
133 80 80 -20
134 80 80 -14.99999999999999
135 80 80 -10
136 80 80 -5
137 80 -48 -100
138 80 -16 -100
139 80 16.00000000000001 -100
140 80 48 -100
141 -48 -80 -100
142 -16 -80 -100
143 16.00000000000001 -80 -100
144 48 -80 -100
145 -48 -80 0
146 -16 -80 0
147 16.00000000000001 -80 0
148 48 -80 0
149 -48 80 -100
150 -16 80 -100
151 16.00000000000001 80 -100
152 48 80 -100
153 -48 80 0
154 -16 80 0
155 16.00000000000001 80 0
156 48 80 0
157 -80 -48 -120
158 -80 -16 -120
159 -80 16.00000000000001 -120
160 -80 48 -120
161 -48 80 -120
162 -16 80 -120
163 16.00000000000001 80 -120
164 48 80 -120
165 80 -48 -120
166 80 -16 -120
167 80 16.00000000000001 -120
168 80 48 -120
169 -48 -80 -120
170 -16 -80 -120
171 16.00000000000001 -80 -120
172 48 -80 -120
173 -100 -80 -95
174 -100 -80 -90
175 -100 -80 -85
176 -100 -80 -80
177 -100 -80 -75
178 -100 -80 -70
179 -100 -80 -65
180 -100 -80 -60
181 -100 -80 -55
182 -100 -80 -50
183 -100 -80 -44.99999999999999
184 -100 -80 -39.99999999999999
185 -100 -80 -35
186 -100 -80 -30
187 -100 -80 -25
188 -100 -80 -20
189 -100 -80 -14.99999999999999
190 -100 -80 -10
191 -100 -80 -5
192 -100 -48 0
193 -100 -16 0
194 -100 16.00000000000001 0
195 -100 48 0
196 -100 80 -95
197 -100 80 -90
198 -100 80 -85
199 -100 80 -80
200 -100 80 -75
201 -100 80 -70
202 -100 80 -65
203 -100 80 -60
204 -100 80 -55
205 -100 80 -50
206 -100 80 -44.99999999999999
207 -100 80 -39.99999999999999
208 -100 80 -35
209 -100 80 -30
210 -100 80 -25
211 -100 80 -20
212 -100 80 -14.99999999999999
213 -100 80 -10
214 -100 80 -5
215 -100 -48 -100
216 -100 -16 -100
217 -100 16.00000000000001 -100
218 -100 48 -100
219 100 -80 -95
220 100 -80 -90
221 100 -80 -85
222 100 -80 -80
223 100 -80 -75
224 100 -80 -70
225 100 -80 -65
226 100 -80 -60
227 100 -80 -55
228 100 -80 -50
229 100 -80 -44.99999999999999
230 100 -80 -39.99999999999999
231 100 -80 -35
232 100 -80 -30
233 100 -80 -25
234 100 -80 -20
235 100 -80 -14.99999999999999
236 100 -80 -10
237 100 -80 -5
238 100 -48 0
239 100 -16 0
240 100 16.00000000000001 0
241 100 48 0
242 100 80 -95
243 100 80 -90
244 100 80 -85
245 100 80 -80
246 100 80 -75
247 100 80 -70
248 100 80 -65
249 100 80 -60
250 100 80 -55
251 100 80 -50
252 100 80 -44.99999999999999
253 100 80 -39.99999999999999
254 100 80 -35
255 100 80 -30
256 100 80 -25
257 100 80 -20
258 100 80 -14.99999999999999
259 100 80 -10
260 100 80 -5
261 100 -48 -100
262 100 -16 -100
263 100 16.00000000000001 -100
264 100 48 -100
265 -48 -100 -100
266 -16 -100 -100
267 16.00000000000001 -100 -100
268 48 -100 -100
269 80 -100 -95
270 80 -100 -90
271 80 -100 -85
272 80 -100 -80
273 80 -100 -75
274 80 -100 -70
275 80 -100 -65
276 80 -100 -60
277 80 -100 -55
278 80 -100 -50
279 80 -100 -44.99999999999999
280 80 -100 -39.99999999999999
281 80 -100 -35
282 80 -100 -30
283 80 -100 -25
284 80 -100 -20
285 80 -100 -14.99999999999999
286 80 -100 -10
287 80 -100 -5
288 -48 -100 0
289 -16 -100 0
290 16.00000000000001 -100 0
291 48 -100 0
292 -80 -100 -95
293 -80 -100 -90
294 -80 -100 -85
295 -80 -100 -80
296 -80 -100 -75
297 -80 -100 -70
298 -80 -100 -65
299 -80 -100 -60
300 -80 -100 -55
301 -80 -100 -50
302 -80 -100 -44.99999999999999
303 -80 -100 -39.99999999999999
304 -80 -100 -35
305 -80 -100 -30
306 -80 -100 -25
307 -80 -100 -20
308 -80 -100 -14.99999999999999
309 -80 -100 -10
310 -80 -100 -5
311 -48 100 -100
312 -16 100 -100
313 16.00000000000001 100 -100
314 48 100 -100
315 80 100 -95
316 80 100 -90
317 80 100 -85
318 80 100 -80
319 80 100 -75
320 80 100 -70
321 80 100 -65
322 80 100 -60
323 80 100 -55
324 80 100 -50
325 80 100 -44.99999999999999
326 80 100 -39.99999999999999
327 80 100 -35
328 80 100 -30
329 80 100 -25
330 80 100 -20
331 80 100 -14.99999999999999
332 80 100 -10
333 80 100 -5
334 -48 100 0
335 -16 100 0
336 16.00000000000001 100 0
337 48 100 0
338 -80 100 -95
339 -80 100 -90
340 -80 100 -85
341 -80 100 -80
342 -80 100 -75
343 -80 100 -70
344 -80 100 -65
345 -80 100 -60
346 -80 100 -55
347 -80 100 -50
348 -80 100 -44.99999999999999
349 -80 100 -39.99999999999999
350 -80 100 -35
351 -80 100 -30
352 -80 100 -25
353 -80 100 -20
354 -80 100 -14.99999999999999
355 -80 100 -10
356 -80 100 -5
357 -100 -48 -120
358 -100 -16 -120
359 -100 16.00000000000001 -120
360 -100 48 -120
361 100 -48 -120
362 100 -16 -120
363 100 16.00000000000001 -120
364 100 48 -120
365 -48 -100 -120
366 -16 -100 -120
367 16.00000000000001 -100 -120
368 48 -100 -120
369 -48 100 -120
370 -16 100 -120
371 16.00000000000001 100 -120
372 48 100 -120
373 -100 -100 -95
374 -100 -100 -90
375 -100 -100 -85
376 -100 -100 -80
377 -100 -100 -75
378 -100 -100 -70
379 -100 -100 -65
380 -100 -100 -60
381 -100 -100 -55
382 -100 -100 -50
383 -100 -100 -44.99999999999999
384 -100 -100 -39.99999999999999
385 -100 -100 -35
386 -100 -100 -30
387 -100 -100 -25
388 -100 -100 -20
389 -100 -100 -14.99999999999999
390 -100 -100 -10
391 -100 -100 -5
392 -100 100 -95
393 -100 100 -90
394 -100 100 -85
395 -100 100 -80
396 -100 100 -75
397 -100 100 -70
398 -100 100 -65
399 -100 100 -60
400 -100 100 -55
401 -100 100 -50
402 -100 100 -44.99999999999999
403 -100 100 -39.99999999999999
404 -100 100 -35
405 -100 100 -30
406 -100 100 -25
407 -100 100 -20
408 -100 100 -14.99999999999999
409 -100 100 -10
410 -100 100 -5
411 100 -100 -95
412 100 -100 -90
413 100 -100 -85
414 100 -100 -80
415 100 -100 -75
416 100 -100 -70
417 100 -100 -65
418 100 -100 -60
419 100 -100 -55
420 100 -100 -50
421 100 -100 -44.99999999999999
422 100 -100 -39.99999999999999
423 100 -100 -35
424 100 -100 -30
425 100 -100 -25
426 100 -100 -20
427 100 -100 -14.99999999999999
428 100 -100 -10
429 100 -100 -5
430 100 100 -95
431 100 100 -90
432 100 100 -85
433 100 100 -80
434 100 100 -75
435 100 100 -70
436 100 100 -65
437 100 100 -60
438 100 100 -55
439 100 100 -50
440 100 100 -44.99999999999999
441 100 100 -39.99999999999999
442 100 100 -35
443 100 100 -30
444 100 100 -25
445 100 100 -20
446 100 100 -14.99999999999999
447 100 100 -10
448 100 100 -5
449 -80 -48 -95
450 -80 -16 -95
451 -80 15.99999999999999 -95
452 -80 48 -95
453 -80 -48.00000000000001 -90
454 -80 -16.00000000000001 -90
455 -80 16.00000000000003 -90
456 -80 47.99999999999997 -90
457 -80 -48 -85
458 -80 -16 -85
459 -80 16.00000000000003 -85
460 -80 48 -85
461 -80 -48.00000000000001 -80
462 -80 -16.00000000000001 -80
463 -80 16.00000000000001 -80
464 -80 47.99999999999997 -80
465 -80 -48 -75
466 -80 -16 -75
467 -80 16.00000000000001 -75
468 -80 48 -75
469 -80 -48 -70
470 -80 -16 -70
471 -80 16 -70
472 -80 48 -70
473 -80 -48 -65
474 -80 -16 -65
475 -80 16.00000000000001 -65
476 -80 48 -65
477 -80 -48 -60.00000000000001
478 -80 -16 -60
479 -80 16.00000000000001 -60
480 -80 48 -60.00000000000001
481 -80 -48 -55.00000000000001
482 -80 -16 -55
483 -80 16.00000000000003 -55
484 -80 48 -55.00000000000001
485 -80 -48 -50
486 -80 -16 -50
487 -80 16.00000000000001 -50
488 -80 48 -50
489 -80 -48 -44.99999999999999
490 -80 -16 -45
491 -80 16.00000000000001 -45
492 -80 48 -45.00000000000001
493 -80 -48 -39.99999999999999
494 -80 -16 -40.00000000000001
495 -80 16.00000000000001 -40.00000000000001
496 -80 48 -40.00000000000001
497 -80 -48 -35
498 -80 -16 -35
499 -80 16.00000000000001 -35
500 -80 48 -35
501 -80 -48 -29.99999999999999
502 -80 -16 -30
503 -80 16.00000000000001 -30
504 -80 48 -29.99999999999999
505 -80 -48 -25.00000000000001
506 -80 -16 -25
507 -80 16.00000000000001 -25
508 -80 48 -25
509 -80 -48 -20.00000000000001
510 -80 -16 -20
511 -80 16.00000000000001 -20
512 -80 48 -20.00000000000001
513 -80 -48 -14.99999999999999
514 -80 -16 -14.99999999999997
515 -80 16.00000000000001 -14.99999999999999
516 -80 48 -14.99999999999999
517 -80 -48 -10.00000000000001
518 -80 -16 -10
519 -80 16.00000000000001 -10
520 -80 48 -10.00000000000001
521 -80 -48 -5
522 -80 -16 -5
523 -80 16 -5
524 -80 48 -5
525 80 -48 -95
526 80 -16 -95
527 80 15.99999999999999 -95
528 80 48 -95
529 80 -48.00000000000001 -90
530 80 -16.00000000000001 -90
531 80 16.00000000000003 -90
532 80 47.99999999999997 -90
533 80 -48 -85
534 80 -16 -85
535 80 16.00000000000003 -85
536 80 48 -85
537 80 -48.00000000000001 -80
538 80 -16.00000000000001 -80
539 80 16.00000000000001 -80
540 80 47.99999999999997 -80
541 80 -48 -75
542 80 -16 -75
543 80 16.00000000000001 -75
544 80 48 -75
545 80 -48 -70
546 80 -16 -70
547 80 16 -70
548 80 48 -70
549 80 -48 -65
550 80 -16 -65
551 80 16.00000000000001 -65
552 80 48 -65
553 80 -48 -60.00000000000001
554 80 -16 -60
555 80 16.00000000000001 -60
556 80 48 -60.00000000000001
557 80 -48 -55.00000000000001
558 80 -16 -55
559 80 16.00000000000003 -55
560 80 48 -55.00000000000001
561 80 -48 -50
562 80 -16 -50
563 80 16.00000000000001 -50
564 80 48 -50
565 80 -48 -44.99999999999999
566 80 -16 -45
567 80 16.00000000000001 -45
568 80 48 -45.00000000000001
569 80 -48 -39.99999999999999
570 80 -16 -40.00000000000001
571 80 16.00000000000001 -40.00000000000001
572 80 48 -40.00000000000001
573 80 -48 -35
574 80 -16 -35
575 80 16.00000000000001 -35
576 80 48 -35
577 80 -48 -29.99999999999999
578 80 -16 -30
579 80 16.00000000000001 -30
580 80 48 -29.99999999999999
581 80 -48 -25.00000000000001
582 80 -16 -25
583 80 16.00000000000001 -25
584 80 48 -25
585 80 -48 -20.00000000000001
586 80 -16 -20
587 80 16.00000000000001 -20
588 80 48 -20.00000000000001
589 80 -48 -14.99999999999999
590 80 -16 -14.99999999999997
591 80 16.00000000000001 -14.99999999999999
592 80 48 -14.99999999999999
593 80 -48 -10.00000000000001
594 80 -16 -10
595 80 16.00000000000001 -10
596 80 48 -10.00000000000001
597 80 -48 -5
598 80 -16 -5
599 80 16 -5
600 80 48 -5
601 -48 -80 -95
602 -48.00000000000001 -80 -90
603 -48 -80 -85
604 -48.00000000000001 -80 -80
605 -48 -80 -75
606 -48 -80 -70
607 -48 -80 -65
608 -48 -80 -60.00000000000001
609 -48 -80 -55.00000000000001
610 -48 -80 -50
611 -48 -80 -44.99999999999999
612 -48 -80 -39.99999999999999
613 -48 -80 -35
614 -48 -80 -29.99999999999999
615 -48 -80 -25.00000000000001
616 -48 -80 -20.00000000000001
617 -48 -80 -14.99999999999999
618 -48 -80 -10.00000000000001
619 -48 -80 -5
620 -16 -80 -95
621 -16.00000000000001 -80 -90
622 -16 -80 -85
623 -16.00000000000001 -80 -80
624 -16 -80 -75
625 -16 -80 -70
626 -16 -80 -65
627 -16 -80 -60
628 -16 -80 -55
629 -16 -80 -50
630 -16 -80 -45
631 -16 -80 -40.00000000000001
632 -16 -80 -35
633 -16 -80 -30
634 -16 -80 -25
635 -16 -80 -20
636 -16 -80 -14.99999999999997
637 -16 -80 -10
638 -16 -80 -5
639 16.00000000000001 -80 -95
640 16 -80 -90
641 16.00000000000003 -80 -85
642 15.99999999999999 -80 -80
643 16.00000000000001 -80 -75
644 16.00000000000003 -80 -70
645 16.00000000000001 -80 -65
646 16.00000000000001 -80 -60
647 16 -80 -55
648 16.00000000000001 -80 -50
649 16.00000000000001 -80 -45
650 16.00000000000001 -80 -40.00000000000001
651 16.00000000000001 -80 -35
652 16.00000000000001 -80 -30
653 16.00000000000001 -80 -25
654 16.00000000000001 -80 -20
655 16.00000000000001 -80 -14.99999999999999
656 16.00000000000001 -80 -10
657 16 -80 -5
658 48 -80 -95
659 47.99999999999997 -80 -90
660 48 -80 -85
661 47.99999999999997 -80 -80
662 48 -80 -75
663 48 -80 -70
664 48 -80 -65
665 48 -80 -60.00000000000001
666 48 -80 -55.00000000000001
667 48 -80 -50
668 48 -80 -44.99999999999999
669 48 -80 -39.99999999999999
670 48 -80 -35
671 48 -80 -29.99999999999999
672 48 -80 -25
673 48 -80 -20.00000000000001
674 48 -80 -14.99999999999999
675 48 -80 -10.00000000000001
676 48 -80 -5
677 -48 80 -95
678 -48.00000000000001 80 -90
679 -48 80 -85
680 -48.00000000000001 80 -80
681 -48 80 -75
682 -48 80 -70
683 -48 80 -65
684 -48 80 -60.00000000000001
685 -48 80 -55.00000000000001
686 -48 80 -50
687 -48 80 -44.99999999999999
688 -48 80 -39.99999999999999
689 -48 80 -35
690 -48 80 -29.99999999999999
691 -48 80 -25.00000000000001
692 -48 80 -20.00000000000001
693 -48 80 -14.99999999999999
694 -48 80 -10.00000000000001
695 -48 80 -5
696 -16 80 -95
697 -16.00000000000001 80 -90
698 -16 80 -85
699 -16.00000000000001 80 -80
700 -16 80 -75
701 -16 80 -70
702 -16 80 -65
703 -16 80 -60
704 -16 80 -55
705 -16 80 -50
706 -16 80 -45
707 -16 80 -40.00000000000001
708 -16 80 -35
709 -16 80 -30
710 -16 80 -25
711 -16 80 -20
712 -16 80 -14.99999999999997
713 -16 80 -10
714 -16 80 -5
715 16.00000000000001 80 -95
716 16 80 -90
717 16.00000000000003 80 -85
718 15.99999999999999 80 -80
719 16.00000000000001 80 -75
720 16.00000000000003 80 -70
721 16.00000000000001 80 -65
722 16.00000000000001 80 -60
723 16 80 -55
724 16.00000000000001 80 -50
725 16.00000000000001 80 -45
726 16.00000000000001 80 -40.00000000000001
727 16.00000000000001 80 -35
728 16.00000000000001 80 -30
729 16.00000000000001 80 -25
730 16.00000000000001 80 -20
731 16.00000000000001 80 -14.99999999999999
732 16.00000000000001 80 -10
733 16 80 -5
734 48 80 -95
735 47.99999999999997 80 -90
736 48 80 -85
737 47.99999999999997 80 -80
738 48 80 -75
739 48 80 -70
740 48 80 -65
741 48 80 -60.00000000000001
742 48 80 -55.00000000000001
743 48 80 -50
744 48 80 -44.99999999999999
745 48 80 -39.99999999999999
746 48 80 -35
747 48 80 -29.99999999999999
748 48 80 -25
749 48 80 -20.00000000000001
750 48 80 -14.99999999999999
751 48 80 -10.00000000000001
752 48 80 -5
753 -48.00000000000001 -48.00000000000001 -100
754 -16.00000000000001 -48 -100
755 16.00000000000001 -48 -100
756 47.99999999999997 -48 -100
757 -48 -16.00000000000001 -100
758 -16 -16 -100
759 16.00000000000001 -16 -100
760 48 -16 -100
761 -48 15.99999999999999 -100
762 -16 16.00000000000001 -100
763 16.00000000000001 16.00000000000001 -100
764 48 16.00000000000001 -100
765 -48 47.99999999999997 -100
766 -16 48 -100
767 16.00000000000001 48 -100
768 48 48 -100
769 -48.00000000000001 -48.00000000000001 0
770 -16.00000000000001 -48 0
771 16.00000000000001 -48 0
772 47.99999999999997 -48 0
773 -48 -16.00000000000001 0
774 -16 -16 0
775 16.00000000000001 -16 0
776 48 -16 0
777 -48 15.99999999999999 0
778 -16 16.00000000000001 0
779 16.00000000000001 16.00000000000001 0
780 48 16.00000000000001 0
781 -48 47.99999999999997 0
782 -16 48 0
783 16.00000000000001 48 0
784 48 48 0
785 -48.00000000000001 -48.00000000000001 -120
786 -16.00000000000001 -48 -120
787 16.00000000000001 -48 -120
788 47.99999999999997 -48 -120
789 -48 -16.00000000000001 -120
790 -16 -16 -120
791 16.00000000000001 -16 -120
792 48 -16 -120
793 -48 15.99999999999999 -120
794 -16 16.00000000000001 -120
795 16.00000000000001 16.00000000000001 -120
796 48 16.00000000000001 -120
797 -48 47.99999999999997 -120
798 -16 48 -120
799 16.00000000000001 48 -120
800 48 48 -120
801 -100 -48 -95
802 -100 -16 -95
803 -100 15.99999999999999 -95
804 -100 48 -95
805 -100 -48.00000000000001 -90
806 -100 -16.00000000000001 -90
807 -100 16.00000000000003 -90
808 -100 47.99999999999997 -90
809 -100 -48 -85
810 -100 -16 -85
811 -100 16.00000000000003 -85
812 -100 48 -85
813 -100 -48.00000000000001 -80
814 -100 -16.00000000000001 -80
815 -100 16.00000000000001 -80
816 -100 47.99999999999997 -80
817 -100 -48 -75
818 -100 -16 -75
819 -100 16.00000000000001 -75
820 -100 48 -75
821 -100 -48 -70
822 -100 -16 -70
823 -100 16 -70
824 -100 48 -70
825 -100 -48 -65
826 -100 -16 -65
827 -100 16.00000000000001 -65
828 -100 48 -65
829 -100 -48 -60.00000000000001
830 -100 -16 -60
831 -100 16.00000000000001 -60
832 -100 48 -60.00000000000001
833 -100 -48 -55.00000000000001
834 -100 -16 -55
835 -100 16.00000000000003 -55
836 -100 48 -55.00000000000001
837 -100 -48 -50
838 -100 -16 -50
839 -100 16.00000000000001 -50
840 -100 48 -50
841 -100 -48 -44.99999999999999
842 -100 -16 -45
843 -100 16.00000000000001 -45
844 -100 48 -45.00000000000001
845 -100 -48 -39.99999999999999
846 -100 -16 -40.00000000000001
847 -100 16.00000000000001 -40.00000000000001
848 -100 48 -40.00000000000001
849 -100 -48 -35
850 -100 -16 -35
851 -100 16.00000000000001 -35
852 -100 48 -35
853 -100 -48 -29.99999999999999
854 -100 -16 -30
855 -100 16.00000000000001 -30
856 -100 48 -29.99999999999999
857 -100 -48 -25.00000000000001
858 -100 -16 -25
859 -100 16.00000000000001 -25
860 -100 48 -25
861 -100 -48 -20.00000000000001
862 -100 -16 -20
863 -100 16.00000000000001 -20
864 -100 48 -20.00000000000001
865 -100 -48 -14.99999999999999
866 -100 -16 -14.99999999999997
867 -100 16.00000000000001 -14.99999999999999
868 -100 48 -14.99999999999999
869 -100 -48 -10.00000000000001
870 -100 -16 -10
871 -100 16.00000000000001 -10
872 -100 48 -10.00000000000001
873 -100 -48 -5
874 -100 -16 -5
875 -100 16 -5
876 -100 48 -5
877 100 -48 -95
878 100 -16 -95
879 100 15.99999999999999 -95
880 100 48 -95
881 100 -48.00000000000001 -90
882 100 -16.00000000000001 -90
883 100 16.00000000000003 -90
884 100 47.99999999999997 -90
885 100 -48 -85
886 100 -16 -85
887 100 16.00000000000003 -85
888 100 48 -85
889 100 -48.00000000000001 -80
890 100 -16.00000000000001 -80
891 100 16.00000000000001 -80
892 100 47.99999999999997 -80
893 100 -48 -75
894 100 -16 -75
895 100 16.00000000000001 -75
896 100 48 -75
897 100 -48 -70
898 100 -16 -70
899 100 16 -70
900 100 48 -70
901 100 -48 -65
902 100 -16 -65
903 100 16.00000000000001 -65
904 100 48 -65
905 100 -48 -60.00000000000001
906 100 -16 -60
907 100 16.00000000000001 -60
908 100 48 -60.00000000000001
909 100 -48 -55.00000000000001
910 100 -16 -55
911 100 16.00000000000003 -55
912 100 48 -55.00000000000001
913 100 -48 -50
914 100 -16 -50
915 100 16.00000000000001 -50
916 100 48 -50
917 100 -48 -44.99999999999999
918 100 -16 -45
919 100 16.00000000000001 -45
920 100 48 -45.00000000000001
921 100 -48 -39.99999999999999
922 100 -16 -40.00000000000001
923 100 16.00000000000001 -40.00000000000001
924 100 48 -40.00000000000001
925 100 -48 -35
926 100 -16 -35
927 100 16.00000000000001 -35
928 100 48 -35
929 100 -48 -29.99999999999999
930 100 -16 -30
931 100 16.00000000000001 -30
932 100 48 -29.99999999999999
933 100 -48 -25.00000000000001
934 100 -16 -25
935 100 16.00000000000001 -25
936 100 48 -25
937 100 -48 -20.00000000000001
938 100 -16 -20
939 100 16.00000000000001 -20
940 100 48 -20.00000000000001
941 100 -48 -14.99999999999999
942 100 -16 -14.99999999999997
943 100 16.00000000000001 -14.99999999999999
944 100 48 -14.99999999999999
945 100 -48 -10.00000000000001
946 100 -16 -10
947 100 16.00000000000001 -10
948 100 48 -10.00000000000001
949 100 -48 -5
950 100 -16 -5
951 100 16 -5
952 100 48 -5
953 -48 -100 -95
954 -48.00000000000001 -100 -90
955 -48 -100 -85
956 -48.00000000000001 -100 -80
957 -48 -100 -75
958 -48 -100 -70
959 -48 -100 -65
960 -48 -100 -60.00000000000001
961 -48 -100 -55.00000000000001
962 -48 -100 -50
963 -48 -100 -44.99999999999999
964 -48 -100 -39.99999999999999
965 -48 -100 -35
966 -48 -100 -29.99999999999999
967 -48 -100 -25.00000000000001
968 -48 -100 -20.00000000000001
969 -48 -100 -14.99999999999999
970 -48 -100 -10.00000000000001
971 -48 -100 -5
972 -16 -100 -95
973 -16.00000000000001 -100 -90
974 -16 -100 -85
975 -16.00000000000001 -100 -80
976 -16 -100 -75
977 -16 -100 -70
978 -16 -100 -65
979 -16 -100 -60
980 -16 -100 -55
981 -16 -100 -50
982 -16 -100 -45
983 -16 -100 -40.00000000000001
984 -16 -100 -35
985 -16 -100 -30
986 -16 -100 -25
987 -16 -100 -20
988 -16 -100 -14.99999999999997
989 -16 -100 -10
990 -16 -100 -5
991 16.00000000000001 -100 -95
992 16 -100 -90
993 16.00000000000003 -100 -85
994 15.99999999999999 -100 -80
995 16.00000000000001 -100 -75
996 16.00000000000003 -100 -70
997 16.00000000000001 -100 -65
998 16.00000000000001 -100 -60
999 16 -100 -55
1000 16.00000000000001 -100 -50
1001 16.00000000000001 -100 -45
1002 16.00000000000001 -100 -40.00000000000001
1003 16.00000000000001 -100 -35
1004 16.00000000000001 -100 -30
1005 16.00000000000001 -100 -25
1006 16.00000000000001 -100 -20
1007 16.00000000000001 -100 -14.99999999999999
1008 16.00000000000001 -100 -10
1009 16 -100 -5
1010 48 -100 -95
1011 47.99999999999997 -100 -90
1012 48 -100 -85
1013 47.99999999999997 -100 -80
1014 48 -100 -75
1015 48 -100 -70
1016 48 -100 -65
1017 48 -100 -60.00000000000001
1018 48 -100 -55.00000000000001
1019 48 -100 -50
1020 48 -100 -44.99999999999999
1021 48 -100 -39.99999999999999
1022 48 -100 -35
1023 48 -100 -29.99999999999999
1024 48 -100 -25
1025 48 -100 -20.00000000000001
1026 48 -100 -14.99999999999999
1027 48 -100 -10.00000000000001
1028 48 -100 -5
1029 -48 100 -95
1030 -48.00000000000001 100 -90
1031 -48 100 -85
1032 -48.00000000000001 100 -80
1033 -48 100 -75
1034 -48 100 -70
1035 -48 100 -65
1036 -48 100 -60.00000000000001
1037 -48 100 -55.00000000000001
1038 -48 100 -50
1039 -48 100 -44.99999999999999
1040 -48 100 -39.99999999999999
1041 -48 100 -35
1042 -48 100 -29.99999999999999
1043 -48 100 -25.00000000000001
1044 -48 100 -20.00000000000001
1045 -48 100 -14.99999999999999
1046 -48 100 -10.00000000000001
1047 -48 100 -5
1048 -16 100 -95
1049 -16.00000000000001 100 -90
1050 -16 100 -85
1051 -16.00000000000001 100 -80
1052 -16 100 -75
1053 -16 100 -70
1054 -16 100 -65
1055 -16 100 -60
1056 -16 100 -55
1057 -16 100 -50
1058 -16 100 -45
1059 -16 100 -40.00000000000001
1060 -16 100 -35
1061 -16 100 -30
1062 -16 100 -25
1063 -16 100 -20
1064 -16 100 -14.99999999999997
1065 -16 100 -10
1066 -16 100 -5
1067 16.00000000000001 100 -95
1068 16 100 -90
1069 16.00000000000003 100 -85
1070 15.99999999999999 100 -80
1071 16.00000000000001 100 -75
1072 16.00000000000003 100 -70
1073 16.00000000000001 100 -65
1074 16.00000000000001 100 -60
1075 16 100 -55
1076 16.00000000000001 100 -50
1077 16.00000000000001 100 -45
1078 16.00000000000001 100 -40.00000000000001
1079 16.00000000000001 100 -35
1080 16.00000000000001 100 -30
1081 16.00000000000001 100 -25
1082 16.00000000000001 100 -20
1083 16.00000000000001 100 -14.99999999999999
1084 16.00000000000001 100 -10
1085 16 100 -5
1086 48 100 -95
1087 47.99999999999997 100 -90
1088 48 100 -85
1089 47.99999999999997 100 -80
1090 48 100 -75
1091 48 100 -70
1092 48 100 -65
1093 48 100 -60.00000000000001
1094 48 100 -55.00000000000001
1095 48 100 -50
1096 48 100 -44.99999999999999
1097 48 100 -39.99999999999999
1098 48 100 -35
1099 48 100 -29.99999999999999
1100 48 100 -25
1101 48 100 -20.00000000000001
1102 48 100 -14.99999999999999
1103 48 100 -10.00000000000001
1104 48 100 -5
1105 -48 -48 -95
1106 -16.00000000000001 -48.00000000000001 -95
1107 16.00000000000001 -48 -95
1108 47.99999999999996 -48.00000000000001 -95
1109 -48.00000000000001 -16.00000000000002 -95
1110 -16.00000000000001 -16.00000000000001 -94.99999999999999
1111 16.00000000000001 -16 -95
1112 48 -16 -95
1113 -48 15.99999999999995 -95
1114 -16.00000000000001 15.99999999999998 -95
1115 16.00000000000001 15.99999999999998 -95
1116 48 15.99999999999998 -95
1117 -48 47.99999999999996 -95
1118 -16.00000000000001 47.99999999999999 -95
1119 16.00000000000002 48 -95
1120 47.99999999999999 47.99999999999999 -95
1121 -48.00000000000001 -48.00000000000001 -89.99999999999999
1122 -16.00000000000005 -48.00000000000001 -90.00000000000001
1123 16 -48 -90.00000000000001
1124 47.99999999999992 -48.00000000000001 -90
1125 -48 -16.00000000000003 -90
1126 -16.00000000000002 -16.00000000000001 -90
1127 16 -16.00000000000001 -90
1128 47.99999999999996 -16.00000000000002 -90
1129 -48 16.00000000000001 -90
1130 -16.00000000000001 16.00000000000004 -89.99999999999999
1131 16 16.00000000000003 -90
1132 47.99999999999999 16.00000000000003 -90
1133 -47.99999999999999 47.99999999999992 -89.99999999999997
1134 -16.00000000000002 47.99999999999997 -90
1135 16 47.99999999999998 -90
1136 47.99999999999996 47.99999999999996 -89.99999999999999
1137 -48 -48 -84.99999999999997
1138 -16.00000000000002 -47.99999999999999 -85.00000000000001
1139 16.00000000000003 -48.00000000000001 -85.00000000000001
1140 47.99999999999995 -48.00000000000001 -84.99999999999997
1141 -48.00000000000001 -16.00000000000003 -85
1142 -16.00000000000001 -16.00000000000001 -85
1143 16.00000000000004 -16.00000000000001 -85
1144 47.99999999999999 -16 -85
1145 -48 16 -84.99999999999999
1146 -16 16.00000000000003 -84.99999999999999
1147 16.00000000000004 16.00000000000003 -84.99999999999999
1148 48 16.00000000000003 -85
1149 -47.99999999999999 47.99999999999995 -85
1150 -16.00000000000002 47.99999999999998 -85
1151 16.00000000000004 48 -85
1152 47.99999999999999 47.99999999999999 -85
1153 -47.99999999999999 -47.99999999999999 -79.99999999999999
1154 -16.00000000000005 -48 -80.00000000000001
1155 15.99999999999998 -48.00000000000001 -80.00000000000001
1156 47.99999999999991 -48.00000000000001 -79.99999999999999
1157 -47.99999999999999 -16.00000000000004 -79.99999999999997
1158 -16.00000000000003 -16.00000000000002 -80
1159 15.99999999999999 -16.00000000000002 -80
1160 47.99999999999995 -16.00000000000003 -79.99999999999999
1161 -48 15.99999999999999 -80
1162 -16.00000000000001 16.00000000000002 -80
1163 15.99999999999999 16.00000000000001 -80
1164 47.99999999999996 16.00000000000001 -80
1165 -47.99999999999999 47.9999999999999 -79.99999999999999
1166 -16.00000000000003 47.99999999999999 -80.00000000000001
1167 15.99999999999999 47.99999999999999 -80.00000000000001
1168 47.99999999999994 47.99999999999996 -80
1169 -48 -48 -74.99999999999999
1170 -16.00000000000003 -48 -75.00000000000001
1171 16.00000000000001 -48.00000000000001 -75
1172 47.99999999999995 -48.00000000000001 -75
1173 -48 -16.00000000000001 -74.99999999999999
1174 -16.00000000000001 -15.99999999999999 -75
1175 16.00000000000001 -16 -75
1176 47.99999999999999 -16 -75
1177 -48 15.99999999999999 -74.99999999999999
1178 -16 16.00000000000001 -75
1179 16.00000000000001 16.00000000000001 -75
1180 47.99999999999999 16.00000000000002 -75
1181 -48 47.99999999999995 -74.99999999999999
1182 -16.00000000000001 47.99999999999999 -75.00000000000001
1183 16.00000000000001 48 -75
1184 47.99999999999998 47.99999999999998 -75
1185 -47.99999999999999 -48 -70
1186 -16.00000000000002 -48 -69.99999999999999
1187 16.00000000000003 -48 -70
1188 47.99999999999995 -48.00000000000001 -70
1189 -47.99999999999999 -16.00000000000002 -70.00000000000001
1190 -16.00000000000001 -16.00000000000001 -70
1191 16.00000000000002 -16 -69.99999999999999
1192 48 -16.00000000000001 -70
1193 -48 15.99999999999998 -70.00000000000001
1194 -16.00000000000001 16 -70
1195 16.00000000000002 16 -70
1196 48 16.00000000000001 -70.00000000000001
1197 -47.99999999999999 47.99999999999995 -69.99999999999999
1198 -16 48 -70
1199 16.00000000000003 48 -70
1200 48 48 -70
1201 -47.99999999999999 -47.99999999999999 -64.99999999999999
1202 -16.00000000000002 -48 -65
1203 16.00000000000001 -47.99999999999999 -65
1204 47.99999999999995 -48.00000000000001 -64.99999999999999
1205 -48 -16.00000000000003 -65.00000000000001
1206 -16 -16 -65
1207 16.00000000000001 -15.99999999999999 -65.00000000000001
1208 48 -16.00000000000001 -65
1209 -48 15.99999999999999 -65
1210 -16 16.00000000000001 -65
1211 16.00000000000001 16.00000000000001 -65
1212 48 16.00000000000001 -65
1213 -47.99999999999999 47.99999999999995 -64.99999999999999
1214 -16.00000000000001 47.99999999999999 -65
1215 16.00000000000001 48 -65
1216 47.99999999999999 47.99999999999999 -65
1217 -47.99999999999999 -47.99999999999999 -59.99999999999999
1218 -16.00000000000003 -48 -60
1219 16.00000000000002 -48 -60
1220 47.99999999999995 -48.00000000000001 -59.99999999999999
1221 -47.99999999999999 -16.00000000000002 -60
1222 -16.00000000000002 -16 -60
1223 16.00000000000001 -16.00000000000001 -60
1224 47.99999999999999 -16.00000000000001 -60
1225 -48 15.99999999999999 -60
1226 -16 16.00000000000001 -60
1227 16.00000000000001 16.00000000000001 -60
1228 48 16.00000000000001 -60
1229 -47.99999999999999 47.99999999999995 -59.99999999999999
1230 -16.00000000000001 48 -59.99999999999999
1231 16.00000000000001 48.00000000000001 -60
1232 47.99999999999999 47.99999999999999 -59.99999999999999
1233 -48.00000000000004 -48.00000000000003 -55.00000000000002
1234 -16.00000000000003 -48.00000000000001 -55.00000000000001
1235 16 -48.00000000000001 -55.00000000000001
1236 47.99999999999994 -48.00000000000001 -55.00000000000002
1237 -47.99999999999999 -16.00000000000001 -54.99999999999999
1238 -16.00000000000001 -16 -55
1239 16 -16 -55
1240 47.99999999999999 -16 -55
1241 -48.00000000000001 16 -54.99999999999999
1242 -16 16.00000000000003 -55
1243 16 16.00000000000003 -55.00000000000001
1244 48 16.00000000000003 -55
1245 -48.00000000000001 47.99999999999994 -54.99999999999999
1246 -16.00000000000001 47.99999999999999 -55
1247 16 48 -55
1248 47.99999999999999 47.99999999999999 -54.99999999999999
1249 -48 -48 -50
1250 -16.00000000000001 -48 -50
1251 16.00000000000001 -48 -50
1252 47.99999999999996 -48.00000000000001 -50
1253 -48 -16.00000000000001 -50
1254 -16 -15.99999999999999 -50
1255 16.00000000000001 -16 -50
1256 48 -15.99999999999999 -50
1257 -48 15.99999999999999 -50
1258 -16 16.00000000000001 -50
1259 16.00000000000001 16.00000000000001 -50
1260 48 16.00000000000001 -50
1261 -48 47.99999999999996 -50
1262 -16 48 -50
1263 16.00000000000001 48 -50
1264 48 48 -50
1265 -48.00000000000001 -47.99999999999999 -44.99999999999997
1266 -16.00000000000003 -48.00000000000001 -45.00000000000001
1267 16.00000000000001 -48 -45.00000000000001
1268 47.99999999999996 -48.00000000000001 -44.99999999999997
1269 -47.99999999999999 -16.00000000000002 -45
1270 -16 -15.99999999999999 -45
1271 16.00000000000001 -16 -45.00000000000001
1272 48 -16 -45
1273 -48.00000000000001 15.99999999999999 -45.00000000000001
1274 -16 16.00000000000001 -45
1275 16.00000000000001 16.00000000000001 -45.00000000000001
1276 48 16.00000000000001 -45
1277 -48 47.99999999999995 -44.99999999999996
1278 -16.00000000000002 48 -45
1279 16.00000000000001 48 -45.00000000000001
1280 47.99999999999999 47.99999999999999 -44.99999999999996
1281 -48 -48 -40
1282 -16.00000000000001 -48 -40
1283 16.00000000000001 -48 -40.00000000000001
1284 47.99999999999996 -48.00000000000001 -39.99999999999999
1285 -48 -16.00000000000002 -40
1286 -16 -15.99999999999999 -40.00000000000001
1287 16.00000000000001 -16 -40.00000000000004
1288 48 -16 -40
1289 -47.99999999999999 15.99999999999999 -40
1290 -16 16.00000000000001 -40.00000000000004
1291 16.00000000000001 16.00000000000001 -40
1292 48 16.00000000000001 -40.00000000000001
1293 -47.99999999999999 47.99999999999996 -40
1294 -16 48 -40.00000000000001
1295 16.00000000000001 48 -40.00000000000001
1296 47.99999999999999 47.99999999999999 -40
1297 -47.99999999999999 -47.99999999999999 -35
1298 -16.00000000000003 -47.99999999999999 -34.99999999999999
1299 16.00000000000001 -48.00000000000001 -35
1300 47.99999999999995 -48.00000000000001 -35
1301 -47.99999999999999 -16.00000000000003 -35.00000000000001
1302 -16.00000000000001 -16 -35
1303 16.00000000000001 -16 -34.99999999999999
1304 48.00000000000001 -16.00000000000001 -35
1305 -48 15.99999999999999 -35.00000000000001
1306 -16 16.00000000000001 -35
1307 16.00000000000001 16.00000000000001 -35
1308 48.00000000000001 16.00000000000001 -35.00000000000001
1309 -47.99999999999999 47.99999999999995 -34.99999999999999
1310 -16.00000000000001 47.99999999999999 -35
1311 16.00000000000001 48 -35
1312 47.99999999999999 47.99999999999999 -35
1313 -47.99999999999999 -47.99999999999999 -29.99999999999999
1314 -16.00000000000002 -48.00000000000001 -29.99999999999999
1315 16.00000000000001 -48 -29.99999999999997
1316 47.99999999999996 -48 -29.99999999999998
1317 -47.99999999999999 -16.00000000000002 -29.99999999999998
1318 -16.00000000000001 -16 -29.99999999999999
1319 16.00000000000001 -15.99999999999999 -29.99999999999999
1320 47.99999999999999 -16 -29.99999999999999
1321 -48 15.99999999999999 -29.99999999999999
1322 -16 16.00000000000001 -30
1323 16.00000000000001 16.00000000000001 -30
1324 48.00000000000001 16.00000000000002 -29.99999999999999
1325 -47.99999999999999 47.99999999999996 -29.99999999999997
1326 -16.00000000000001 47.99999999999999 -29.99999999999998
1327 16.00000000000001 48.00000000000001 -29.99999999999997
1328 47.99999999999999 47.99999999999999 -29.99999999999998
1329 -48 -48 -25.00000000000003
1330 -16.00000000000003 -48.00000000000001 -25
1331 16.00000000000001 -48.00000000000001 -25.00000000000001
1332 47.99999999999995 -48.00000000000001 -25.00000000000001
1333 -47.99999999999999 -16.00000000000001 -25.00000000000001
1334 -16.00000000000001 -15.99999999999999 -25
1335 16.00000000000001 -16 -25
1336 47.99999999999998 -15.99999999999999 -25
1337 -48 15.99999999999998 -25.00000000000001
1338 -16 16.00000000000001 -25
1339 16.00000000000001 16.00000000000001 -25
1340 47.99999999999999 16.00000000000002 -25
1341 -48 47.99999999999995 -25.00000000000001
1342 -16.00000000000002 47.99999999999999 -25
1343 16.00000000000001 48 -25
1344 47.99999999999998 47.99999999999999 -25
1345 -47.99999999999999 -47.99999999999999 -20.00000000000001
1346 -16.00000000000003 -48.00000000000001 -20.00000000000001
1347 16.00000000000001 -48.00000000000001 -20.00000000000001
1348 47.99999999999995 -48.00000000000001 -20.00000000000001
1349 -48 -16.00000000000003 -20.00000000000001
1350 -16.00000000000001 -16.00000000000001 -20
1351 16.00000000000001 -16.00000000000001 -20
1352 47.99999999999998 -16.00000000000001 -20.00000000000001
1353 -48 15.99999999999999 -20.00000000000001
1354 -16 16.00000000000001 -20
1355 16.00000000000001 16.00000000000001 -20
1356 47.99999999999999 16.00000000000002 -20.00000000000001
1357 -47.99999999999999 47.99999999999994 -20.00000000000003
1358 -16.00000000000002 47.99999999999999 -20.00000000000001
1359 16.00000000000001 48 -20.00000000000001
1360 47.99999999999997 47.99999999999999 -20.00000000000003
1361 -48 -48 -14.99999999999998
1362 -16.00000000000004 -48.00000000000001 -14.99999999999997
1363 16.00000000000001 -48.00000000000001 -14.99999999999999
1364 47.99999999999995 -48.00000000000001 -14.99999999999998
1365 -47.99999999999999 -16.00000000000003 -14.99999999999997
1366 -16.00000000000002 -16.00000000000001 -14.99999999999995
1367 16.00000000000001 -16.00000000000001 -14.99999999999997
1368 47.99999999999998 -16 -14.99999999999997
1369 -48 15.99999999999999 -14.99999999999999
1370 -16.00000000000001 16.00000000000001 -14.99999999999997
1371 16.00000000000001 16.00000000000001 -14.99999999999999
1372 47.99999999999999 16.00000000000002 -14.99999999999998
1373 -48 47.99999999999995 -14.99999999999998
1374 -16.00000000000002 47.99999999999999 -14.99999999999997
1375 16.00000000000002 48.00000000000001 -14.99999999999999
1376 47.99999999999998 47.99999999999999 -14.99999999999998
1377 -47.99999999999999 -47.99999999999999 -10.00000000000003
1378 -16.00000000000003 -48 -10.00000000000001
1379 16.00000000000001 -48.00000000000001 -10.00000000000001
1380 47.99999999999994 -48.00000000000001 -10.00000000000003
1381 -48 -16.00000000000002 -10.00000000000001
1382 -16.00000000000001 -16 -10
1383 16.00000000000001 -16 -10
1384 47.99999999999999 -16 -10.00000000000001
1385 -48.00000000000001 15.99999999999999 -10.00000000000001
1386 -15.99999999999999 16.00000000000002 -10
1387 16.00000000000001 16.00000000000001 -10
1388 48 16.00000000000002 -10.00000000000001
1389 -47.99999999999999 47.99999999999994 -10.00000000000004
1390 -16.00000000000001 47.99999999999999 -10.00000000000001
1391 16.00000000000001 48 -10.00000000000001
1392 47.99999999999997 47.99999999999998 -10.00000000000003
1393 -47.99999999999999 -47.99999999999999 -4.999999999999999
1394 -16.00000000000001 -48.00000000000001 -5
1395 16 -48 -5
1396 47.99999999999995 -48.00000000000001 -5
1397 -48 -16.00000000000002 -4.999999999999999
1398 -16.00000000000001 -16.00000000000001 -5
1399 16 -16.00000000000001 -5
1400 48 -16 -5
1401 -48 15.99999999999997 -5
1402 -16 16 -5
1403 16 16 -5
1404 48 16 -5
1405 -48 47.99999999999996 -5
1406 -16 48 -5
1407 16 48 -5
1408 48 48 -5
$EndNodes
$Elements
2904
1 15 2 0 1 1
2 15 2 0 2 2
3 15 2 0 3 3
4 15 2 0 4 4
5 15 2 0 5 5
6 15 2 0 6 6
7 15 2 0 7 7
8 15 2 0 8 8
9 15 2 0 9 9
10 15 2 0 10 10
11 15 2 0 11 11
12 15 2 0 12 12
13 15 2 0 13 13
14 15 2 0 14 14
15 15 2 0 15 15
16 15 2 0 16 16
17 15 2 0 17 17
18 15 2 0 18 18
19 15 2 0 19 19
20 15 2 0 20 20
21 15 2 0 21 21
22 15 2 0 22 22
23 15 2 0 23 23
24 15 2 0 24 24
25 15 2 0 25 25
26 15 2 0 26 26
27 15 2 0 27 27
28 15 2 0 28 28
29 15 2 0 29 29
30 15 2 0 30 30
31 15 2 0 31 31
32 15 2 0 32 32
33 15 2 0 33 33
34 15 2 0 34 34
35 15 2 0 35 35
36 15 2 0 36 36
37 15 2 0 37 37
38 15 2 0 38 38
39 15 2 0 39 39
40 15 2 0 40 40
41 15 2 0 41 41
42 15 2 0 42 42
43 15 2 0 43 43
44 15 2 0 44 44
45 15 2 0 45 45
46 15 2 0 46 46
47 15 2 0 47 47
48 15 2 0 48 48
49 1 2 0 1 2 49
50 1 2 0 1 49 50
51 1 2 0 1 50 51
52 1 2 0 1 51 52
53 1 2 0 1 52 53
54 1 2 0 1 53 54
55 1 2 0 1 54 55
56 1 2 0 1 55 56
57 1 2 0 1 56 57
58 1 2 0 1 57 58
59 1 2 0 1 58 59
60 1 2 0 1 59 60
61 1 2 0 1 60 61
62 1 2 0 1 61 62
63 1 2 0 1 62 63
64 1 2 0 1 63 64
65 1 2 0 1 64 65
66 1 2 0 1 65 66
67 1 2 0 1 66 67
68 1 2 0 1 67 1
69 1 2 0 2 1 68
70 1 2 0 2 68 69
71 1 2 0 2 69 70
72 1 2 0 2 70 71
73 1 2 0 2 71 3
74 1 2 0 3 4 72
75 1 2 0 3 72 73
76 1 2 0 3 73 74
77 1 2 0 3 74 75
78 1 2 0 3 75 76
79 1 2 0 3 76 77
80 1 2 0 3 77 78
81 1 2 0 3 78 79
82 1 2 0 3 79 80
83 1 2 0 3 80 81
84 1 2 0 3 81 82
85 1 2 0 3 82 83
86 1 2 0 3 83 84
87 1 2 0 3 84 85
88 1 2 0 3 85 86
89 1 2 0 3 86 87
90 1 2 0 3 87 88
91 1 2 0 3 88 89
92 1 2 0 3 89 90
93 1 2 0 3 90 3
94 1 2 0 4 2 91
95 1 2 0 4 91 92
96 1 2 0 4 92 93
97 1 2 0 4 93 94
98 1 2 0 4 94 4
99 1 2 0 5 6 95
100 1 2 0 5 95 96
101 1 2 0 5 96 97
102 1 2 0 5 97 98
103 1 2 0 5 98 99
104 1 2 0 5 99 100
105 1 2 0 5 100 101
106 1 2 0 5 101 102
107 1 2 0 5 102 103
108 1 2 0 5 103 104
109 1 2 0 5 104 105
110 1 2 0 5 105 106
111 1 2 0 5 106 107
112 1 2 0 5 107 108
113 1 2 0 5 108 109
114 1 2 0 5 109 110
115 1 2 0 5 110 111
116 1 2 0 5 111 112
117 1 2 0 5 112 113
118 1 2 0 5 113 5
119 1 2 0 6 5 114
120 1 2 0 6 114 115
121 1 2 0 6 115 116
122 1 2 0 6 116 117
123 1 2 0 6 117 7
124 1 2 0 7 8 118
125 1 2 0 7 118 119
126 1 2 0 7 119 120
127 1 2 0 7 120 121
128 1 2 0 7 121 122
129 1 2 0 7 122 123
130 1 2 0 7 123 124
131 1 2 0 7 124 125
132 1 2 0 7 125 126
133 1 2 0 7 126 127
134 1 2 0 7 127 128
135 1 2 0 7 128 129
136 1 2 0 7 129 130
137 1 2 0 7 130 131
138 1 2 0 7 131 132
139 1 2 0 7 132 133
140 1 2 0 7 133 134
141 1 2 0 7 134 135
142 1 2 0 7 135 136
143 1 2 0 7 136 7
144 1 2 0 8 6 137
145 1 2 0 8 137 138
146 1 2 0 8 138 139
147 1 2 0 8 139 140
148 1 2 0 8 140 8
149 1 2 0 9 2 141
150 1 2 0 9 141 142
151 1 2 0 9 142 143
152 1 2 0 9 143 144
153 1 2 0 9 144 6
154 1 2 0 10 1 145
155 1 2 0 10 145 146
156 1 2 0 10 146 147
157 1 2 0 10 147 148
158 1 2 0 10 148 5
159 1 2 0 11 4 149
160 1 2 0 11 149 150
161 1 2 0 11 150 151
162 1 2 0 11 151 152
163 1 2 0 11 152 8
164 1 2 0 12 3 153
165 1 2 0 12 153 154
166 1 2 0 12 154 155
167 1 2 0 12 155 156
168 1 2 0 12 156 7
169 1 2 0 13 4 9
170 1 2 0 14 2 10
171 1 2 0 15 10 157
172 1 2 0 15 157 158
173 1 2 0 15 158 159
174 1 2 0 15 159 160
175 1 2 0 15 160 9
176 1 2 0 16 8 11
177 1 2 0 17 9 161
178 1 2 0 17 161 162
179 1 2 0 17 162 163
180 1 2 0 17 163 164
181 1 2 0 17 164 11
182 1 2 0 18 6 12
183 1 2 0 19 12 165
184 1 2 0 19 165 166
185 1 2 0 19 166 167
186 1 2 0 19 167 168
187 1 2 0 19 168 11
188 1 2 0 20 10 169
189 1 2 0 20 169 170
190 1 2 0 20 170 171
191 1 2 0 20 171 172
192 1 2 0 20 172 12
193 1 2 0 21 1 13
194 1 2 0 22 2 14
195 1 2 0 23 14 173
196 1 2 0 23 173 174
197 1 2 0 23 174 175
198 1 2 0 23 175 176
199 1 2 0 23 176 177
200 1 2 0 23 177 178
201 1 2 0 23 178 179
202 1 2 0 23 179 180
203 1 2 0 23 180 181
204 1 2 0 23 181 182
205 1 2 0 23 182 183
206 1 2 0 23 183 184
207 1 2 0 23 184 185
208 1 2 0 23 185 186
209 1 2 0 23 186 187
210 1 2 0 23 187 188
211 1 2 0 23 188 189
212 1 2 0 23 189 190
213 1 2 0 23 190 191
214 1 2 0 23 191 13
215 1 2 0 24 3 15
216 1 2 0 25 13 192
217 1 2 0 25 192 193
218 1 2 0 25 193 194
219 1 2 0 25 194 195
220 1 2 0 25 195 15
221 1 2 0 26 4 16
222 1 2 0 27 16 196
223 1 2 0 27 196 197
224 1 2 0 27 197 198
225 1 2 0 27 198 199
226 1 2 0 27 199 200
227 1 2 0 27 200 201
228 1 2 0 27 201 202
229 1 2 0 27 202 203
230 1 2 0 27 203 204
231 1 2 0 27 204 205
232 1 2 0 27 205 206
233 1 2 0 27 206 207
234 1 2 0 27 207 208
235 1 2 0 27 208 209
236 1 2 0 27 209 210
237 1 2 0 27 210 211
238 1 2 0 27 211 212
239 1 2 0 27 212 213
240 1 2 0 27 213 214
241 1 2 0 27 214 15
242 1 2 0 28 14 215
243 1 2 0 28 215 216
244 1 2 0 28 216 217
245 1 2 0 28 217 218
246 1 2 0 28 218 16
247 1 2 0 29 5 17
248 1 2 0 30 6 18
249 1 2 0 31 18 219
250 1 2 0 31 219 220
251 1 2 0 31 220 221
252 1 2 0 31 221 222
253 1 2 0 31 222 223
254 1 2 0 31 223 224
255 1 2 0 31 224 225
256 1 2 0 31 225 226
257 1 2 0 31 226 227
258 1 2 0 31 227 228
259 1 2 0 31 228 229
260 1 2 0 31 229 230
261 1 2 0 31 230 231
262 1 2 0 31 231 232
263 1 2 0 31 232 233
264 1 2 0 31 233 234
265 1 2 0 31 234 235
266 1 2 0 31 235 236
267 1 2 0 31 236 237
268 1 2 0 31 237 17
269 1 2 0 32 7 19
270 1 2 0 33 17 238
271 1 2 0 33 238 239
272 1 2 0 33 239 240
273 1 2 0 33 240 241
274 1 2 0 33 241 19
275 1 2 0 34 8 20
276 1 2 0 35 20 242
277 1 2 0 35 242 243
278 1 2 0 35 243 244
279 1 2 0 35 244 245
280 1 2 0 35 245 246
281 1 2 0 35 246 247
282 1 2 0 35 247 248
283 1 2 0 35 248 249
284 1 2 0 35 249 250
285 1 2 0 35 250 251
286 1 2 0 35 251 252
287 1 2 0 35 252 253
288 1 2 0 35 253 254
289 1 2 0 35 254 255
290 1 2 0 35 255 256
291 1 2 0 35 256 257
292 1 2 0 35 257 258
293 1 2 0 35 258 259
294 1 2 0 35 259 260
295 1 2 0 35 260 19
296 1 2 0 36 18 261
297 1 2 0 36 261 262
298 1 2 0 36 262 263
299 1 2 0 36 263 264
300 1 2 0 36 264 20
301 1 2 0 37 6 21
302 1 2 0 38 2 22
303 1 2 0 39 22 265
304 1 2 0 39 265 266
305 1 2 0 39 266 267
306 1 2 0 39 267 268
307 1 2 0 39 268 21
308 1 2 0 40 5 23
309 1 2 0 41 21 269
310 1 2 0 41 269 270
311 1 2 0 41 270 271
312 1 2 0 41 271 272
313 1 2 0 41 272 273
314 1 2 0 41 273 274
315 1 2 0 41 274 275
316 1 2 0 41 275 276
317 1 2 0 41 276 277
318 1 2 0 41 277 278
319 1 2 0 41 278 279
320 1 2 0 41 279 280
321 1 2 0 41 280 281
322 1 2 0 41 281 282
323 1 2 0 41 282 283
324 1 2 0 41 283 284
325 1 2 0 41 284 285
326 1 2 0 41 285 286
327 1 2 0 41 286 287
328 1 2 0 41 287 23
329 1 2 0 42 1 24
330 1 2 0 43 24 288
331 1 2 0 43 288 289
332 1 2 0 43 289 290
333 1 2 0 43 290 291
334 1 2 0 43 291 23
335 1 2 0 44 22 292
336 1 2 0 44 292 293
337 1 2 0 44 293 294
338 1 2 0 44 294 295
339 1 2 0 44 295 296
340 1 2 0 44 296 297
341 1 2 0 44 297 298
342 1 2 0 44 298 299
343 1 2 0 44 299 300
344 1 2 0 44 300 301
345 1 2 0 44 301 302
346 1 2 0 44 302 303
347 1 2 0 44 303 304
348 1 2 0 44 304 305
349 1 2 0 44 305 306
350 1 2 0 44 306 307
351 1 2 0 44 307 308
352 1 2 0 44 308 309
353 1 2 0 44 309 310
354 1 2 0 44 310 24
355 1 2 0 45 8 25
356 1 2 0 46 4 26
357 1 2 0 47 26 311
358 1 2 0 47 311 312
359 1 2 0 47 312 313
360 1 2 0 47 313 314
361 1 2 0 47 314 25
362 1 2 0 48 7 27
363 1 2 0 49 25 315
364 1 2 0 49 315 316
365 1 2 0 49 316 317
366 1 2 0 49 317 318
367 1 2 0 49 318 319
368 1 2 0 49 319 320
369 1 2 0 49 320 321
370 1 2 0 49 321 322
371 1 2 0 49 322 323
372 1 2 0 49 323 324
373 1 2 0 49 324 325
374 1 2 0 49 325 326
375 1 2 0 49 326 327
376 1 2 0 49 327 328
377 1 2 0 49 328 329
378 1 2 0 49 329 330
379 1 2 0 49 330 331
380 1 2 0 49 331 332
381 1 2 0 49 332 333
382 1 2 0 49 333 27
383 1 2 0 50 3 28
384 1 2 0 51 28 334
385 1 2 0 51 334 335
386 1 2 0 51 335 336
387 1 2 0 51 336 337
388 1 2 0 51 337 27
389 1 2 0 52 26 338
390 1 2 0 52 338 339
391 1 2 0 52 339 340
392 1 2 0 52 340 341
393 1 2 0 52 341 342
394 1 2 0 52 342 343
395 1 2 0 52 343 344
396 1 2 0 52 344 345
397 1 2 0 52 345 346
398 1 2 0 52 346 347
399 1 2 0 52 347 348
400 1 2 0 52 348 349
401 1 2 0 52 349 350
402 1 2 0 52 350 351
403 1 2 0 52 351 352
404 1 2 0 52 352 353
405 1 2 0 52 353 354
406 1 2 0 52 354 355
407 1 2 0 52 355 356
408 1 2 0 52 356 28
409 1 2 0 53 9 29
410 1 2 0 54 16 29
411 1 2 0 55 10 30
412 1 2 0 56 14 30
413 1 2 0 57 30 357
414 1 2 0 57 357 358
415 1 2 0 57 358 359
416 1 2 0 57 359 360
417 1 2 0 57 360 29
418 1 2 0 58 11 31
419 1 2 0 59 20 31
420 1 2 0 60 12 32
421 1 2 0 61 18 32
422 1 2 0 62 32 361
423 1 2 0 62 361 362
424 1 2 0 62 362 363
425 1 2 0 62 363 364
426 1 2 0 62 364 31
427 1 2 0 63 12 33
428 1 2 0 64 21 33
429 1 2 0 65 10 34
430 1 2 0 66 22 34
431 1 2 0 67 34 365
432 1 2 0 67 365 366
433 1 2 0 67 366 367
434 1 2 0 67 367 368
435 1 2 0 67 368 33
436 1 2 0 68 11 35
437 1 2 0 69 25 35
438 1 2 0 70 9 36
439 1 2 0 71 26 36
440 1 2 0 72 36 369
441 1 2 0 72 369 370
442 1 2 0 72 370 371
443 1 2 0 72 371 372
444 1 2 0 72 372 35
445 1 2 0 73 13 37
446 1 2 0 74 24 37
447 1 2 0 75 14 38
448 1 2 0 76 22 38
449 1 2 0 77 38 373
450 1 2 0 77 373 374
451 1 2 0 77 374 375
452 1 2 0 77 375 376
453 1 2 0 77 376 377
454 1 2 0 77 377 378
455 1 2 0 77 378 379
456 1 2 0 77 379 380
457 1 2 0 77 380 381
458 1 2 0 77 381 382
459 1 2 0 77 382 383
460 1 2 0 77 383 384
461 1 2 0 77 384 385
462 1 2 0 77 385 386
463 1 2 0 77 386 387
464 1 2 0 77 387 388
465 1 2 0 77 388 389
466 1 2 0 77 389 390
467 1 2 0 77 390 391
468 1 2 0 77 391 37
469 1 2 0 78 28 39
470 1 2 0 79 15 39
471 1 2 0 80 26 40
472 1 2 0 81 16 40
473 1 2 0 82 40 392
474 1 2 0 82 392 393
475 1 2 0 82 393 394
476 1 2 0 82 394 395
477 1 2 0 82 395 396
478 1 2 0 82 396 397
479 1 2 0 82 397 398
480 1 2 0 82 398 399
481 1 2 0 82 399 400
482 1 2 0 82 400 401
483 1 2 0 82 401 402
484 1 2 0 82 402 403
485 1 2 0 82 403 404
486 1 2 0 82 404 405
487 1 2 0 82 405 406
488 1 2 0 82 406 407
489 1 2 0 82 407 408
490 1 2 0 82 408 409
491 1 2 0 82 409 410
492 1 2 0 82 410 39
493 1 2 0 83 17 41
494 1 2 0 84 23 41
495 1 2 0 85 18 42
496 1 2 0 86 21 42
497 1 2 0 87 42 411
498 1 2 0 87 411 412
499 1 2 0 87 412 413
500 1 2 0 87 413 414
501 1 2 0 87 414 415
502 1 2 0 87 415 416
503 1 2 0 87 416 417
504 1 2 0 87 417 418
505 1 2 0 87 418 419
506 1 2 0 87 419 420
507 1 2 0 87 420 421
508 1 2 0 87 421 422
509 1 2 0 87 422 423
510 1 2 0 87 423 424
511 1 2 0 87 424 425
512 1 2 0 87 425 426
513 1 2 0 87 426 427
514 1 2 0 87 427 428
515 1 2 0 87 428 429
516 1 2 0 87 429 41
517 1 2 0 88 19 43
518 1 2 0 89 27 43
519 1 2 0 90 20 44
520 1 2 0 91 25 44
521 1 2 0 92 44 430
522 1 2 0 92 430 431
523 1 2 0 92 431 432
524 1 2 0 92 432 433
525 1 2 0 92 433 434
526 1 2 0 92 434 435
527 1 2 0 92 435 436
528 1 2 0 92 436 437
529 1 2 0 92 437 438
530 1 2 0 92 438 439
531 1 2 0 92 439 440
532 1 2 0 92 440 441
533 1 2 0 92 441 442
534 1 2 0 92 442 443
535 1 2 0 92 443 444
536 1 2 0 92 444 445
537 1 2 0 92 445 446
538 1 2 0 92 446 447
539 1 2 0 92 447 448
540 1 2 0 92 448 43
541 1 2 0 93 30 45
542 1 2 0 94 34 45
543 1 2 0 95 38 45
544 1 2 0 96 29 46
545 1 2 0 97 36 46
546 1 2 0 98 40 46
547 1 2 0 99 33 47
548 1 2 0 100 32 47
549 1 2 0 101 42 47
550 1 2 0 102 31 48
551 1 2 0 103 35 48
552 1 2 0 104 44 48
553 3 2 0 1 2 49 449 91
554 3 2 0 1 91 449 450 92
555 3 2 0 1 92 450 451 93
556 3 2 0 1 93 451 452 94
557 3 2 0 1 94 452 72 4
558 3 2 0 1 49 50 453 449
559 3 2 0 1 449 453 454 450
560 3 2 0 1 450 454 455 451
561 3 2 0 1 451 455 456 452
562 3 2 0 1 452 456 73 72
563 3 2 0 1 50 51 457 453
564 3 2 0 1 453 457 458 454
565 3 2 0 1 454 458 459 455
566 3 2 0 1 455 459 460 456
567 3 2 0 1 456 460 74 73
568 3 2 0 1 51 52 461 457
569 3 2 0 1 457 461 462 458
570 3 2 0 1 458 462 463 459
571 3 2 0 1 459 463 464 460
572 3 2 0 1 460 464 75 74
573 3 2 0 1 52 53 465 461
574 3 2 0 1 461 465 466 462
575 3 2 0 1 462 466 467 463
576 3 2 0 1 463 467 468 464
577 3 2 0 1 464 468 76 75
578 3 2 0 1 53 54 469 465
579 3 2 0 1 465 469 470 466
580 3 2 0 1 466 470 471 467
581 3 2 0 1 467 471 472 468
582 3 2 0 1 468 472 77 76
583 3 2 0 1 54 55 473 469
584 3 2 0 1 469 473 474 470
585 3 2 0 1 470 474 475 471
586 3 2 0 1 471 475 476 472
587 3 2 0 1 472 476 78 77
588 3 2 0 1 55 56 477 473
589 3 2 0 1 473 477 478 474
590 3 2 0 1 474 478 479 475
591 3 2 0 1 475 479 480 476
592 3 2 0 1 476 480 79 78
593 3 2 0 1 56 57 481 477
594 3 2 0 1 477 481 482 478
595 3 2 0 1 478 482 483 479
596 3 2 0 1 479 483 484 480
597 3 2 0 1 480 484 80 79
598 3 2 0 1 57 58 485 481
599 3 2 0 1 481 485 486 482
600 3 2 0 1 482 486 487 483
601 3 2 0 1 483 487 488 484
602 3 2 0 1 484 488 81 80
603 3 2 0 1 58 59 489 485
604 3 2 0 1 485 489 490 486
605 3 2 0 1 486 490 491 487
606 3 2 0 1 487 491 492 488
607 3 2 0 1 488 492 82 81
608 3 2 0 1 59 60 493 489
609 3 2 0 1 489 493 494 490
610 3 2 0 1 490 494 495 491
611 3 2 0 1 491 495 496 492
612 3 2 0 1 492 496 83 82
613 3 2 0 1 60 61 497 493
614 3 2 0 1 493 497 498 494
615 3 2 0 1 494 498 499 495
616 3 2 0 1 495 499 500 496
617 3 2 0 1 496 500 84 83
618 3 2 0 1 61 62 501 497
619 3 2 0 1 497 501 502 498
620 3 2 0 1 498 502 503 499
621 3 2 0 1 499 503 504 500
622 3 2 0 1 500 504 85 84
623 3 2 0 1 62 63 505 501
624 3 2 0 1 501 505 506 502
625 3 2 0 1 502 506 507 503
626 3 2 0 1 503 507 508 504
627 3 2 0 1 504 508 86 85
628 3 2 0 1 63 64 509 505
629 3 2 0 1 505 509 510 506
630 3 2 0 1 506 510 511 507
631 3 2 0 1 507 511 512 508
632 3 2 0 1 508 512 87 86
633 3 2 0 1 64 65 513 509
634 3 2 0 1 509 513 514 510
635 3 2 0 1 510 514 515 511
636 3 2 0 1 511 515 516 512
637 3 2 0 1 512 516 88 87
638 3 2 0 1 65 66 517 513
639 3 2 0 1 513 517 518 514
640 3 2 0 1 514 518 519 515
641 3 2 0 1 515 519 520 516
642 3 2 0 1 516 520 89 88
643 3 2 0 1 66 67 521 517
644 3 2 0 1 517 521 522 518
645 3 2 0 1 518 522 523 519
646 3 2 0 1 519 523 524 520
647 3 2 0 1 520 524 90 89
648 3 2 0 1 67 1 68 521
649 3 2 0 1 521 68 69 522
650 3 2 0 1 522 69 70 523
651 3 2 0 1 523 70 71 524
652 3 2 0 1 524 71 3 90
653 3 2 0 2 6 137 525 95
654 3 2 0 2 137 138 526 525
655 3 2 0 2 138 139 527 526
656 3 2 0 2 139 140 528 527
657 3 2 0 2 140 8 118 528
658 3 2 0 2 95 525 529 96
659 3 2 0 2 525 526 530 529
660 3 2 0 2 526 527 531 530
661 3 2 0 2 527 528 532 531
662 3 2 0 2 528 118 119 532
663 3 2 0 2 96 529 533 97
664 3 2 0 2 529 530 534 533
665 3 2 0 2 530 531 535 534
666 3 2 0 2 531 532 536 535
667 3 2 0 2 532 119 120 536
668 3 2 0 2 97 533 537 98
669 3 2 0 2 533 534 538 537
670 3 2 0 2 534 535 539 538
671 3 2 0 2 535 536 540 539
672 3 2 0 2 536 120 121 540
673 3 2 0 2 98 537 541 99
674 3 2 0 2 537 538 542 541
675 3 2 0 2 538 539 543 542
676 3 2 0 2 539 540 544 543
677 3 2 0 2 540 121 122 544
678 3 2 0 2 99 541 545 100
679 3 2 0 2 541 542 546 545
680 3 2 0 2 542 543 547 546
681 3 2 0 2 543 544 548 547
682 3 2 0 2 544 122 123 548
683 3 2 0 2 100 545 549 101
684 3 2 0 2 545 546 550 549
685 3 2 0 2 546 547 551 550
686 3 2 0 2 547 548 552 551
687 3 2 0 2 548 123 124 552
688 3 2 0 2 101 549 553 102
689 3 2 0 2 549 550 554 553
690 3 2 0 2 550 551 555 554
691 3 2 0 2 551 552 556 555
692 3 2 0 2 552 124 125 556
693 3 2 0 2 102 553 557 103
694 3 2 0 2 553 554 558 557
695 3 2 0 2 554 555 559 558
696 3 2 0 2 555 556 560 559
697 3 2 0 2 556 125 126 560
698 3 2 0 2 103 557 561 104
699 3 2 0 2 557 558 562 561
700 3 2 0 2 558 559 563 562
701 3 2 0 2 559 560 564 563
702 3 2 0 2 560 126 127 564
703 3 2 0 2 104 561 565 105
704 3 2 0 2 561 562 566 565
705 3 2 0 2 562 563 567 566
706 3 2 0 2 563 564 568 567
707 3 2 0 2 564 127 128 568
708 3 2 0 2 105 565 569 106
709 3 2 0 2 565 566 570 569
710 3 2 0 2 566 567 571 570
711 3 2 0 2 567 568 572 571
712 3 2 0 2 568 128 129 572
713 3 2 0 2 106 569 573 107
714 3 2 0 2 569 570 574 573
715 3 2 0 2 570 571 575 574
716 3 2 0 2 571 572 576 575
717 3 2 0 2 572 129 130 576
718 3 2 0 2 107 573 577 108
719 3 2 0 2 573 574 578 577
720 3 2 0 2 574 575 579 578
721 3 2 0 2 575 576 580 579
722 3 2 0 2 576 130 131 580
723 3 2 0 2 108 577 581 109
724 3 2 0 2 577 578 582 581
725 3 2 0 2 578 579 583 582
726 3 2 0 2 579 580 584 583
727 3 2 0 2 580 131 132 584
728 3 2 0 2 109 581 585 110
729 3 2 0 2 581 582 586 585
730 3 2 0 2 582 583 587 586
731 3 2 0 2 583 584 588 587
732 3 2 0 2 584 132 133 588
733 3 2 0 2 110 585 589 111
734 3 2 0 2 585 586 590 589
735 3 2 0 2 586 587 591 590
736 3 2 0 2 587 588 592 591
737 3 2 0 2 588 133 134 592
738 3 2 0 2 111 589 593 112
739 3 2 0 2 589 590 594 593
740 3 2 0 2 590 591 595 594
741 3 2 0 2 591 592 596 595
742 3 2 0 2 592 134 135 596
743 3 2 0 2 112 593 597 113
744 3 2 0 2 593 594 598 597
745 3 2 0 2 594 595 599 598
746 3 2 0 2 595 596 600 599
747 3 2 0 2 596 135 136 600
748 3 2 0 2 113 597 114 5
749 3 2 0 2 597 598 115 114
750 3 2 0 2 598 599 116 115
751 3 2 0 2 599 600 117 116
752 3 2 0 2 600 136 7 117
753 3 2 0 3 2 141 601 49
754 3 2 0 3 49 601 602 50
755 3 2 0 3 50 602 603 51
756 3 2 0 3 51 603 604 52
757 3 2 0 3 52 604 605 53
758 3 2 0 3 53 605 606 54
759 3 2 0 3 54 606 607 55
760 3 2 0 3 55 607 608 56
761 3 2 0 3 56 608 609 57
762 3 2 0 3 57 609 610 58
763 3 2 0 3 58 610 611 59
764 3 2 0 3 59 611 612 60
765 3 2 0 3 60 612 613 61
766 3 2 0 3 61 613 614 62
767 3 2 0 3 62 614 615 63
768 3 2 0 3 63 615 616 64
769 3 2 0 3 64 616 617 65
770 3 2 0 3 65 617 618 66
771 3 2 0 3 66 618 619 67
772 3 2 0 3 67 619 145 1
773 3 2 0 3 141 142 620 601
774 3 2 0 3 601 620 621 602
775 3 2 0 3 602 621 622 603
776 3 2 0 3 603 622 623 604
777 3 2 0 3 604 623 624 605
778 3 2 0 3 605 624 625 606
779 3 2 0 3 606 625 626 607
780 3 2 0 3 607 626 627 608
781 3 2 0 3 608 627 628 609
782 3 2 0 3 609 628 629 610
783 3 2 0 3 610 629 630 611
784 3 2 0 3 611 630 631 612
785 3 2 0 3 612 631 632 613
786 3 2 0 3 613 632 633 614
787 3 2 0 3 614 633 634 615
788 3 2 0 3 615 634 635 616
789 3 2 0 3 616 635 636 617
790 3 2 0 3 617 636 637 618
791 3 2 0 3 618 637 638 619
792 3 2 0 3 619 638 146 145
793 3 2 0 3 142 143 639 620
794 3 2 0 3 620 639 640 621
795 3 2 0 3 621 640 641 622
796 3 2 0 3 622 641 642 623
797 3 2 0 3 623 642 643 624
798 3 2 0 3 624 643 644 625
799 3 2 0 3 625 644 645 626
800 3 2 0 3 626 645 646 627
801 3 2 0 3 627 646 647 628
802 3 2 0 3 628 647 648 629
803 3 2 0 3 629 648 649 630
804 3 2 0 3 630 649 650 631
805 3 2 0 3 631 650 651 632
806 3 2 0 3 632 651 652 633
807 3 2 0 3 633 652 653 634
808 3 2 0 3 634 653 654 635
809 3 2 0 3 635 654 655 636
810 3 2 0 3 636 655 656 637
811 3 2 0 3 637 656 657 638
812 3 2 0 3 638 657 147 146
813 3 2 0 3 143 144 658 639
814 3 2 0 3 639 658 659 640
815 3 2 0 3 640 659 660 641
816 3 2 0 3 641 660 661 642
817 3 2 0 3 642 661 662 643
818 3 2 0 3 643 662 663 644
819 3 2 0 3 644 663 664 645
820 3 2 0 3 645 664 665 646
821 3 2 0 3 646 665 666 647
822 3 2 0 3 647 666 667 648
823 3 2 0 3 648 667 668 649
824 3 2 0 3 649 668 669 650
825 3 2 0 3 650 669 670 651
826 3 2 0 3 651 670 671 652
827 3 2 0 3 652 671 672 653
828 3 2 0 3 653 672 673 654
829 3 2 0 3 654 673 674 655
830 3 2 0 3 655 674 675 656
831 3 2 0 3 656 675 676 657
832 3 2 0 3 657 676 148 147
833 3 2 0 3 144 6 95 658
834 3 2 0 3 658 95 96 659
835 3 2 0 3 659 96 97 660
836 3 2 0 3 660 97 98 661
837 3 2 0 3 661 98 99 662
838 3 2 0 3 662 99 100 663
839 3 2 0 3 663 100 101 664
840 3 2 0 3 664 101 102 665
841 3 2 0 3 665 102 103 666
842 3 2 0 3 666 103 104 667
843 3 2 0 3 667 104 105 668
844 3 2 0 3 668 105 106 669
845 3 2 0 3 669 106 107 670
846 3 2 0 3 670 107 108 671
847 3 2 0 3 671 108 109 672
848 3 2 0 3 672 109 110 673
849 3 2 0 3 673 110 111 674
850 3 2 0 3 674 111 112 675
851 3 2 0 3 675 112 113 676
852 3 2 0 3 676 113 5 148
853 3 2 0 4 4 72 677 149
854 3 2 0 4 72 73 678 677
855 3 2 0 4 73 74 679 678
856 3 2 0 4 74 75 680 679
857 3 2 0 4 75 76 681 680
858 3 2 0 4 76 77 682 681
859 3 2 0 4 77 78 683 682
860 3 2 0 4 78 79 684 683
861 3 2 0 4 79 80 685 684
862 3 2 0 4 80 81 686 685
863 3 2 0 4 81 82 687 686
864 3 2 0 4 82 83 688 687
865 3 2 0 4 83 84 689 688
866 3 2 0 4 84 85 690 689
867 3 2 0 4 85 86 691 690
868 3 2 0 4 86 87 692 691
869 3 2 0 4 87 88 693 692
870 3 2 0 4 88 89 694 693
871 3 2 0 4 89 90 695 694
872 3 2 0 4 90 3 153 695
873 3 2 0 4 149 677 696 150
874 3 2 0 4 677 678 697 696
875 3 2 0 4 678 679 698 697
876 3 2 0 4 679 680 699 698
877 3 2 0 4 680 681 700 699
878 3 2 0 4 681 682 701 700
879 3 2 0 4 682 683 702 701
880 3 2 0 4 683 684 703 702
881 3 2 0 4 684 685 704 703
882 3 2 0 4 685 686 705 704
883 3 2 0 4 686 687 706 705
884 3 2 0 4 687 688 707 706
885 3 2 0 4 688 689 708 707
886 3 2 0 4 689 690 709 708
887 3 2 0 4 690 691 710 709
888 3 2 0 4 691 692 711 710
889 3 2 0 4 692 693 712 711
890 3 2 0 4 693 694 713 712
891 3 2 0 4 694 695 714 713
892 3 2 0 4 695 153 154 714
893 3 2 0 4 150 696 715 151
894 3 2 0 4 696 697 716 715
895 3 2 0 4 697 698 717 716
896 3 2 0 4 698 699 718 717
897 3 2 0 4 699 700 719 718
898 3 2 0 4 700 701 720 719
899 3 2 0 4 701 702 721 720
900 3 2 0 4 702 703 722 721
901 3 2 0 4 703 704 723 722
902 3 2 0 4 704 705 724 723
903 3 2 0 4 705 706 725 724
904 3 2 0 4 706 707 726 725
905 3 2 0 4 707 708 727 726
906 3 2 0 4 708 709 728 727
907 3 2 0 4 709 710 729 728
908 3 2 0 4 710 711 730 729
909 3 2 0 4 711 712 731 730
910 3 2 0 4 712 713 732 731
911 3 2 0 4 713 714 733 732
912 3 2 0 4 714 154 155 733
913 3 2 0 4 151 715 734 152
914 3 2 0 4 715 716 735 734
915 3 2 0 4 716 717 736 735
916 3 2 0 4 717 718 737 736
917 3 2 0 4 718 719 738 737
918 3 2 0 4 719 720 739 738
919 3 2 0 4 720 721 740 739
920 3 2 0 4 721 722 741 740
921 3 2 0 4 722 723 742 741
922 3 2 0 4 723 724 743 742
923 3 2 0 4 724 725 744 743
924 3 2 0 4 725 726 745 744
925 3 2 0 4 726 727 746 745
926 3 2 0 4 727 728 747 746
927 3 2 0 4 728 729 748 747
928 3 2 0 4 729 730 749 748
929 3 2 0 4 730 731 750 749
930 3 2 0 4 731 732 751 750
931 3 2 0 4 732 733 752 751
932 3 2 0 4 733 155 156 752
933 3 2 0 4 152 734 118 8
934 3 2 0 4 734 735 119 118
935 3 2 0 4 735 736 120 119
936 3 2 0 4 736 737 121 120
937 3 2 0 4 737 738 122 121
938 3 2 0 4 738 739 123 122
939 3 2 0 4 739 740 124 123
940 3 2 0 4 740 741 125 124
941 3 2 0 4 741 742 126 125
942 3 2 0 4 742 743 127 126
943 3 2 0 4 743 744 128 127
944 3 2 0 4 744 745 129 128
945 3 2 0 4 745 746 130 129
946 3 2 0 4 746 747 131 130
947 3 2 0 4 747 748 132 131
948 3 2 0 4 748 749 133 132
949 3 2 0 4 749 750 134 133
950 3 2 0 4 750 751 135 134
951 3 2 0 4 751 752 136 135
952 3 2 0 4 752 156 7 136
953 3 2 0 5 2 91 753 141
954 3 2 0 5 141 753 754 142
955 3 2 0 5 142 754 755 143
956 3 2 0 5 143 755 756 144
957 3 2 0 5 144 756 137 6
958 3 2 0 5 91 92 757 753
959 3 2 0 5 753 757 758 754
960 3 2 0 5 754 758 759 755
961 3 2 0 5 755 759 760 756
962 3 2 0 5 756 760 138 137
963 3 2 0 5 92 93 761 757
964 3 2 0 5 757 761 762 758
965 3 2 0 5 758 762 763 759
966 3 2 0 5 759 763 764 760
967 3 2 0 5 760 764 139 138
968 3 2 0 5 93 94 765 761
969 3 2 0 5 761 765 766 762
970 3 2 0 5 762 766 767 763
971 3 2 0 5 763 767 768 764
972 3 2 0 5 764 768 140 139
973 3 2 0 5 94 4 149 765
974 3 2 0 5 765 149 150 766
975 3 2 0 5 766 150 151 767
976 3 2 0 5 767 151 152 768
977 3 2 0 5 768 152 8 140
978 3 2 0 6 1 145 769 68
979 3 2 0 6 145 146 770 769
980 3 2 0 6 146 147 771 770
981 3 2 0 6 147 148 772 771
982 3 2 0 6 148 5 114 772
983 3 2 0 6 68 769 773 69
984 3 2 0 6 769 770 774 773
985 3 2 0 6 770 771 775 774
986 3 2 0 6 771 772 776 775
987 3 2 0 6 772 114 115 776
988 3 2 0 6 69 773 777 70
989 3 2 0 6 773 774 778 777
990 3 2 0 6 774 775 779 778
991 3 2 0 6 775 776 780 779
992 3 2 0 6 776 115 116 780
993 3 2 0 6 70 777 781 71
994 3 2 0 6 777 778 782 781
995 3 2 0 6 778 779 783 782
996 3 2 0 6 779 780 784 783
997 3 2 0 6 780 116 117 784
998 3 2 0 6 71 781 153 3
999 3 2 0 6 781 782 154 153
1000 3 2 0 6 782 783 155 154
1001 3 2 0 6 783 784 156 155
1002 3 2 0 6 784 117 7 156
1003 3 2 0 7 2 91 157 10
1004 3 2 0 7 91 92 158 157
1005 3 2 0 7 92 93 159 158
1006 3 2 0 7 93 94 160 159
1007 3 2 0 7 94 4 9 160
1008 3 2 0 8 4 149 161 9
1009 3 2 0 8 149 150 162 161
1010 3 2 0 8 150 151 163 162
1011 3 2 0 8 151 152 164 163
1012 3 2 0 8 152 8 11 164
1013 3 2 0 9 6 12 165 137
1014 3 2 0 9 137 165 166 138
1015 3 2 0 9 138 166 167 139
1016 3 2 0 9 139 167 168 140
1017 3 2 0 9 140 168 11 8
1018 3 2 0 10 2 10 169 141
1019 3 2 0 10 141 169 170 142
1020 3 2 0 10 142 170 171 143
1021 3 2 0 10 143 171 172 144
1022 3 2 0 10 144 172 12 6
1023 3 2 0 11 10 157 785 169
1024 3 2 0 11 169 785 786 170
1025 3 2 0 11 170 786 787 171
1026 3 2 0 11 171 787 788 172
1027 3 2 0 11 172 788 165 12
1028 3 2 0 11 157 158 789 785
1029 3 2 0 11 785 789 790 786
1030 3 2 0 11 786 790 791 787
1031 3 2 0 11 787 791 792 788
1032 3 2 0 11 788 792 166 165
1033 3 2 0 11 158 159 793 789
1034 3 2 0 11 789 793 794 790
1035 3 2 0 11 790 794 795 791
1036 3 2 0 11 791 795 796 792
1037 3 2 0 11 792 796 167 166
1038 3 2 0 11 159 160 797 793
1039 3 2 0 11 793 797 798 794
1040 3 2 0 11 794 798 799 795
1041 3 2 0 11 795 799 800 796
1042 3 2 0 11 796 800 168 167
1043 3 2 0 11 160 9 161 797
1044 3 2 0 11 797 161 162 798
1045 3 2 0 11 798 162 163 799
1046 3 2 0 11 799 163 164 800
1047 3 2 0 11 800 164 11 168
1048 3 2 0 12 2 49 173 14
1049 3 2 0 12 49 50 174 173
1050 3 2 0 12 50 51 175 174
1051 3 2 0 12 51 52 176 175
1052 3 2 0 12 52 53 177 176
1053 3 2 0 12 53 54 178 177
1054 3 2 0 12 54 55 179 178
1055 3 2 0 12 55 56 180 179
1056 3 2 0 12 56 57 181 180
1057 3 2 0 12 57 58 182 181
1058 3 2 0 12 58 59 183 182
1059 3 2 0 12 59 60 184 183
1060 3 2 0 12 60 61 185 184
1061 3 2 0 12 61 62 186 185
1062 3 2 0 12 62 63 187 186
1063 3 2 0 12 63 64 188 187
1064 3 2 0 12 64 65 189 188
1065 3 2 0 12 65 66 190 189
1066 3 2 0 12 66 67 191 190
1067 3 2 0 12 67 1 13 191
1068 3 2 0 13 1 68 192 13
1069 3 2 0 13 68 69 193 192
1070 3 2 0 13 69 70 194 193
1071 3 2 0 13 70 71 195 194
1072 3 2 0 13 71 3 15 195
1073 3 2 0 14 4 16 196 72
1074 3 2 0 14 72 196 197 73
1075 3 2 0 14 73 197 198 74
1076 3 2 0 14 74 198 199 75
1077 3 2 0 14 75 199 200 76
1078 3 2 0 14 76 200 201 77
1079 3 2 0 14 77 201 202 78
1080 3 2 0 14 78 202 203 79
1081 3 2 0 14 79 203 204 80
1082 3 2 0 14 80 204 205 81
1083 3 2 0 14 81 205 206 82
1084 3 2 0 14 82 206 207 83
1085 3 2 0 14 83 207 208 84
1086 3 2 0 14 84 208 209 85
1087 3 2 0 14 85 209 210 86
1088 3 2 0 14 86 210 211 87
1089 3 2 0 14 87 211 212 88
1090 3 2 0 14 88 212 213 89
1091 3 2 0 14 89 213 214 90
1092 3 2 0 14 90 214 15 3
1093 3 2 0 15 2 14 215 91
1094 3 2 0 15 91 215 216 92
1095 3 2 0 15 92 216 217 93
1096 3 2 0 15 93 217 218 94
1097 3 2 0 15 94 218 16 4
1098 3 2 0 16 14 173 801 215
1099 3 2 0 16 215 801 802 216
1100 3 2 0 16 216 802 803 217
1101 3 2 0 16 217 803 804 218
1102 3 2 0 16 218 804 196 16
1103 3 2 0 16 173 174 805 801
1104 3 2 0 16 801 805 806 802
1105 3 2 0 16 802 806 807 803
1106 3 2 0 16 803 807 808 804
1107 3 2 0 16 804 808 197 196
1108 3 2 0 16 174 175 809 805
1109 3 2 0 16 805 809 810 806
1110 3 2 0 16 806 810 811 807
1111 3 2 0 16 807 811 812 808
1112 3 2 0 16 808 812 198 197
1113 3 2 0 16 175 176 813 809
1114 3 2 0 16 809 813 814 810
1115 3 2 0 16 810 814 815 811
1116 3 2 0 16 811 815 816 812
1117 3 2 0 16 812 816 199 198
1118 3 2 0 16 176 177 817 813
1119 3 2 0 16 813 817 818 814
1120 3 2 0 16 814 818 819 815
1121 3 2 0 16 815 819 820 816
1122 3 2 0 16 816 820 200 199
1123 3 2 0 16 177 178 821 817
1124 3 2 0 16 817 821 822 818
1125 3 2 0 16 818 822 823 819
1126 3 2 0 16 819 823 824 820
1127 3 2 0 16 820 824 201 200
1128 3 2 0 16 178 179 825 821
1129 3 2 0 16 821 825 826 822
1130 3 2 0 16 822 826 827 823
1131 3 2 0 16 823 827 828 824
1132 3 2 0 16 824 828 202 201
1133 3 2 0 16 179 180 829 825
1134 3 2 0 16 825 829 830 826
1135 3 2 0 16 826 830 831 827
1136 3 2 0 16 827 831 832 828
1137 3 2 0 16 828 832 203 202
1138 3 2 0 16 180 181 833 829
1139 3 2 0 16 829 833 834 830
1140 3 2 0 16 830 834 835 831
1141 3 2 0 16 831 835 836 832
1142 3 2 0 16 832 836 204 203
1143 3 2 0 16 181 182 837 833
1144 3 2 0 16 833 837 838 834
1145 3 2 0 16 834 838 839 835
1146 3 2 0 16 835 839 840 836
1147 3 2 0 16 836 840 205 204
1148 3 2 0 16 182 183 841 837
1149 3 2 0 16 837 841 842 838
1150 3 2 0 16 838 842 843 839
1151 3 2 0 16 839 843 844 840
1152 3 2 0 16 840 844 206 205
1153 3 2 0 16 183 184 845 841
1154 3 2 0 16 841 845 846 842
1155 3 2 0 16 842 846 847 843
1156 3 2 0 16 843 847 848 844
1157 3 2 0 16 844 848 207 206
1158 3 2 0 16 184 185 849 845
1159 3 2 0 16 845 849 850 846
1160 3 2 0 16 846 850 851 847
1161 3 2 0 16 847 851 852 848
1162 3 2 0 16 848 852 208 207
1163 3 2 0 16 185 186 853 849
1164 3 2 0 16 849 853 854 850
1165 3 2 0 16 850 854 855 851
1166 3 2 0 16 851 855 856 852
1167 3 2 0 16 852 856 209 208
1168 3 2 0 16 186 187 857 853
1169 3 2 0 16 853 857 858 854
1170 3 2 0 16 854 858 859 855
1171 3 2 0 16 855 859 860 856
1172 3 2 0 16 856 860 210 209
1173 3 2 0 16 187 188 861 857
1174 3 2 0 16 857 861 862 858
1175 3 2 0 16 858 862 863 859
1176 3 2 0 16 859 863 864 860
1177 3 2 0 16 860 864 211 210
1178 3 2 0 16 188 189 865 861
1179 3 2 0 16 861 865 866 862
1180 3 2 0 16 862 866 867 863
1181 3 2 0 16 863 867 868 864
1182 3 2 0 16 864 868 212 211
1183 3 2 0 16 189 190 869 865
1184 3 2 0 16 865 869 870 866
1185 3 2 0 16 866 870 871 867
1186 3 2 0 16 867 871 872 868
1187 3 2 0 16 868 872 213 212
1188 3 2 0 16 190 191 873 869
1189 3 2 0 16 869 873 874 870
1190 3 2 0 16 870 874 875 871
1191 3 2 0 16 871 875 876 872
1192 3 2 0 16 872 876 214 213
1193 3 2 0 16 191 13 192 873
1194 3 2 0 16 873 192 193 874
1195 3 2 0 16 874 193 194 875
1196 3 2 0 16 875 194 195 876
1197 3 2 0 16 876 195 15 214
1198 3 2 0 17 6 18 219 95
1199 3 2 0 17 95 219 220 96
1200 3 2 0 17 96 220 221 97
1201 3 2 0 17 97 221 222 98
1202 3 2 0 17 98 222 223 99
1203 3 2 0 17 99 223 224 100
1204 3 2 0 17 100 224 225 101
1205 3 2 0 17 101 225 226 102
1206 3 2 0 17 102 226 227 103
1207 3 2 0 17 103 227 228 104
1208 3 2 0 17 104 228 229 105
1209 3 2 0 17 105 229 230 106
1210 3 2 0 17 106 230 231 107
1211 3 2 0 17 107 231 232 108
1212 3 2 0 17 108 232 233 109
1213 3 2 0 17 109 233 234 110
1214 3 2 0 17 110 234 235 111
1215 3 2 0 17 111 235 236 112
1216 3 2 0 17 112 236 237 113
1217 3 2 0 17 113 237 17 5
1218 3 2 0 18 5 17 238 114
1219 3 2 0 18 114 238 239 115
1220 3 2 0 18 115 239 240 116
1221 3 2 0 18 116 240 241 117
1222 3 2 0 18 117 241 19 7
1223 3 2 0 19 8 118 242 20
1224 3 2 0 19 118 119 243 242
1225 3 2 0 19 119 120 244 243
1226 3 2 0 19 120 121 245 244
1227 3 2 0 19 121 122 246 245
1228 3 2 0 19 122 123 247 246
1229 3 2 0 19 123 124 248 247
1230 3 2 0 19 124 125 249 248
1231 3 2 0 19 125 126 250 249
1232 3 2 0 19 126 127 251 250
1233 3 2 0 19 127 128 252 251
1234 3 2 0 19 128 129 253 252
1235 3 2 0 19 129 130 254 253
1236 3 2 0 19 130 131 255 254
1237 3 2 0 19 131 132 256 255
1238 3 2 0 19 132 133 257 256
1239 3 2 0 19 133 134 258 257
1240 3 2 0 19 134 135 259 258
1241 3 2 0 19 135 136 260 259
1242 3 2 0 19 136 7 19 260
1243 3 2 0 20 6 137 261 18
1244 3 2 0 20 137 138 262 261
1245 3 2 0 20 138 139 263 262
1246 3 2 0 20 139 140 264 263
1247 3 2 0 20 140 8 20 264
1248 3 2 0 21 18 261 877 219
1249 3 2 0 21 261 262 878 877
1250 3 2 0 21 262 263 879 878
1251 3 2 0 21 263 264 880 879
1252 3 2 0 21 264 20 242 880
1253 3 2 0 21 219 877 881 220
1254 3 2 0 21 877 878 882 881
1255 3 2 0 21 878 879 883 882
1256 3 2 0 21 879 880 884 883
1257 3 2 0 21 880 242 243 884
1258 3 2 0 21 220 881 885 221
1259 3 2 0 21 881 882 886 885
1260 3 2 0 21 882 883 887 886
1261 3 2 0 21 883 884 888 887
1262 3 2 0 21 884 243 244 888
1263 3 2 0 21 221 885 889 222
1264 3 2 0 21 885 886 890 889
1265 3 2 0 21 886 887 891 890
1266 3 2 0 21 887 888 892 891
1267 3 2 0 21 888 244 245 892
1268 3 2 0 21 222 889 893 223
1269 3 2 0 21 889 890 894 893
1270 3 2 0 21 890 891 895 894
1271 3 2 0 21 891 892 896 895
1272 3 2 0 21 892 245 246 896
1273 3 2 0 21 223 893 897 224
1274 3 2 0 21 893 894 898 897
1275 3 2 0 21 894 895 899 898
1276 3 2 0 21 895 896 900 899
1277 3 2 0 21 896 246 247 900
1278 3 2 0 21 224 897 901 225
1279 3 2 0 21 897 898 902 901
1280 3 2 0 21 898 899 903 902
1281 3 2 0 21 899 900 904 903
1282 3 2 0 21 900 247 248 904
1283 3 2 0 21 225 901 905 226
1284 3 2 0 21 901 902 906 905
1285 3 2 0 21 902 903 907 906
1286 3 2 0 21 903 904 908 907
1287 3 2 0 21 904 248 249 908
1288 3 2 0 21 226 905 909 227
1289 3 2 0 21 905 906 910 909
1290 3 2 0 21 906 907 911 910
1291 3 2 0 21 907 908 912 911
1292 3 2 0 21 908 249 250 912
1293 3 2 0 21 227 909 913 228
1294 3 2 0 21 909 910 914 913
1295 3 2 0 21 910 911 915 914
1296 3 2 0 21 911 912 916 915
1297 3 2 0 21 912 250 251 916
1298 3 2 0 21 228 913 917 229
1299 3 2 0 21 913 914 918 917
1300 3 2 0 21 914 915 919 918
1301 3 2 0 21 915 916 920 919
1302 3 2 0 21 916 251 252 920
1303 3 2 0 21 229 917 921 230
1304 3 2 0 21 917 918 922 921
1305 3 2 0 21 918 919 923 922
1306 3 2 0 21 919 920 924 923
1307 3 2 0 21 920 252 253 924
1308 3 2 0 21 230 921 925 231
1309 3 2 0 21 921 922 926 925
1310 3 2 0 21 922 923 927 926
1311 3 2 0 21 923 924 928 927
1312 3 2 0 21 924 253 254 928
1313 3 2 0 21 231 925 929 232
1314 3 2 0 21 925 926 930 929
1315 3 2 0 21 926 927 931 930
1316 3 2 0 21 927 928 932 931
1317 3 2 0 21 928 254 255 932
1318 3 2 0 21 232 929 933 233
1319 3 2 0 21 929 930 934 933
1320 3 2 0 21 930 931 935 934
1321 3 2 0 21 931 932 936 935
1322 3 2 0 21 932 255 256 936
1323 3 2 0 21 233 933 937 234
1324 3 2 0 21 933 934 938 937
1325 3 2 0 21 934 935 939 938
1326 3 2 0 21 935 936 940 939
1327 3 2 0 21 936 256 257 940
1328 3 2 0 21 234 937 941 235
1329 3 2 0 21 937 938 942 941
1330 3 2 0 21 938 939 943 942
1331 3 2 0 21 939 940 944 943
1332 3 2 0 21 940 257 258 944
1333 3 2 0 21 235 941 945 236
1334 3 2 0 21 941 942 946 945
1335 3 2 0 21 942 943 947 946
1336 3 2 0 21 943 944 948 947
1337 3 2 0 21 944 258 259 948
1338 3 2 0 21 236 945 949 237
1339 3 2 0 21 945 946 950 949
1340 3 2 0 21 946 947 951 950
1341 3 2 0 21 947 948 952 951
1342 3 2 0 21 948 259 260 952
1343 3 2 0 21 237 949 238 17
1344 3 2 0 21 949 950 239 238
1345 3 2 0 21 950 951 240 239
1346 3 2 0 21 951 952 241 240
1347 3 2 0 21 952 260 19 241
1348 3 2 0 22 2 141 265 22
1349 3 2 0 22 141 142 266 265
1350 3 2 0 22 142 143 267 266
1351 3 2 0 22 143 144 268 267
1352 3 2 0 22 144 6 21 268
1353 3 2 0 23 6 95 269 21
1354 3 2 0 23 95 96 270 269
1355 3 2 0 23 96 97 271 270
1356 3 2 0 23 97 98 272 271
1357 3 2 0 23 98 99 273 272
1358 3 2 0 23 99 100 274 273
1359 3 2 0 23 100 101 275 274
1360 3 2 0 23 101 102 276 275
1361 3 2 0 23 102 103 277 276
1362 3 2 0 23 103 104 278 277
1363 3 2 0 23 104 105 279 278
1364 3 2 0 23 105 106 280 279
1365 3 2 0 23 106 107 281 280
1366 3 2 0 23 107 108 282 281
1367 3 2 0 23 108 109 283 282
1368 3 2 0 23 109 110 284 283
1369 3 2 0 23 110 111 285 284
1370 3 2 0 23 111 112 286 285
1371 3 2 0 23 112 113 287 286
1372 3 2 0 23 113 5 23 287
1373 3 2 0 24 1 24 288 145
1374 3 2 0 24 145 288 289 146
1375 3 2 0 24 146 289 290 147
1376 3 2 0 24 147 290 291 148
1377 3 2 0 24 148 291 23 5
1378 3 2 0 25 2 22 292 49
1379 3 2 0 25 49 292 293 50
1380 3 2 0 25 50 293 294 51
1381 3 2 0 25 51 294 295 52
1382 3 2 0 25 52 295 296 53
1383 3 2 0 25 53 296 297 54
1384 3 2 0 25 54 297 298 55
1385 3 2 0 25 55 298 299 56
1386 3 2 0 25 56 299 300 57
1387 3 2 0 25 57 300 301 58
1388 3 2 0 25 58 301 302 59
1389 3 2 0 25 59 302 303 60
1390 3 2 0 25 60 303 304 61
1391 3 2 0 25 61 304 305 62
1392 3 2 0 25 62 305 306 63
1393 3 2 0 25 63 306 307 64
1394 3 2 0 25 64 307 308 65
1395 3 2 0 25 65 308 309 66
1396 3 2 0 25 66 309 310 67
1397 3 2 0 25 67 310 24 1
1398 3 2 0 26 22 265 953 292
1399 3 2 0 26 292 953 954 293
1400 3 2 0 26 293 954 955 294
1401 3 2 0 26 294 955 956 295
1402 3 2 0 26 295 956 957 296
1403 3 2 0 26 296 957 958 297
1404 3 2 0 26 297 958 959 298
1405 3 2 0 26 298 959 960 299
1406 3 2 0 26 299 960 961 300
1407 3 2 0 26 300 961 962 301
1408 3 2 0 26 301 962 963 302
1409 3 2 0 26 302 963 964 303
1410 3 2 0 26 303 964 965 304
1411 3 2 0 26 304 965 966 305
1412 3 2 0 26 305 966 967 306
1413 3 2 0 26 306 967 968 307
1414 3 2 0 26 307 968 969 308
1415 3 2 0 26 308 969 970 309
1416 3 2 0 26 309 970 971 310
1417 3 2 0 26 310 971 288 24
1418 3 2 0 26 265 266 972 953
1419 3 2 0 26 953 972 973 954
1420 3 2 0 26 954 973 974 955
1421 3 2 0 26 955 974 975 956
1422 3 2 0 26 956 975 976 957
1423 3 2 0 26 957 976 977 958
1424 3 2 0 26 958 977 978 959
1425 3 2 0 26 959 978 979 960
1426 3 2 0 26 960 979 980 961
1427 3 2 0 26 961 980 981 962
1428 3 2 0 26 962 981 982 963
1429 3 2 0 26 963 982 983 964
1430 3 2 0 26 964 983 984 965
1431 3 2 0 26 965 984 985 966
1432 3 2 0 26 966 985 986 967
1433 3 2 0 26 967 986 987 968
1434 3 2 0 26 968 987 988 969
1435 3 2 0 26 969 988 989 970
1436 3 2 0 26 970 989 990 971
1437 3 2 0 26 971 990 289 288
1438 3 2 0 26 266 267 991 972
1439 3 2 0 26 972 991 992 973
1440 3 2 0 26 973 992 993 974
1441 3 2 0 26 974 993 994 975
1442 3 2 0 26 975 994 995 976
1443 3 2 0 26 976 995 996 977
1444 3 2 0 26 977 996 997 978
1445 3 2 0 26 978 997 998 979
1446 3 2 0 26 979 998 999 980
1447 3 2 0 26 980 999 1000 981
1448 3 2 0 26 981 1000 1001 982
1449 3 2 0 26 982 1001 1002 983
1450 3 2 0 26 983 1002 1003 984
1451 3 2 0 26 984 1003 1004 985
1452 3 2 0 26 985 1004 1005 986
1453 3 2 0 26 986 1005 1006 987
1454 3 2 0 26 987 1006 1007 988
1455 3 2 0 26 988 1007 1008 989
1456 3 2 0 26 989 1008 1009 990
1457 3 2 0 26 990 1009 290 289
1458 3 2 0 26 267 268 1010 991
1459 3 2 0 26 991 1010 1011 992
1460 3 2 0 26 992 1011 1012 993
1461 3 2 0 26 993 1012 1013 994
1462 3 2 0 26 994 1013 1014 995
1463 3 2 0 26 995 1014 1015 996
1464 3 2 0 26 996 1015 1016 997
1465 3 2 0 26 997 1016 1017 998
1466 3 2 0 26 998 1017 1018 999
1467 3 2 0 26 999 1018 1019 1000
1468 3 2 0 26 1000 1019 1020 1001
1469 3 2 0 26 1001 1020 1021 1002
1470 3 2 0 26 1002 1021 1022 1003
1471 3 2 0 26 1003 1022 1023 1004
1472 3 2 0 26 1004 1023 1024 1005
1473 3 2 0 26 1005 1024 1025 1006
1474 3 2 0 26 1006 1025 1026 1007
1475 3 2 0 26 1007 1026 1027 1008
1476 3 2 0 26 1008 1027 1028 1009
1477 3 2 0 26 1009 1028 291 290
1478 3 2 0 26 268 21 269 1010
1479 3 2 0 26 1010 269 270 1011
1480 3 2 0 26 1011 270 271 1012
1481 3 2 0 26 1012 271 272 1013
1482 3 2 0 26 1013 272 273 1014
1483 3 2 0 26 1014 273 274 1015
1484 3 2 0 26 1015 274 275 1016
1485 3 2 0 26 1016 275 276 1017
1486 3 2 0 26 1017 276 277 1018
1487 3 2 0 26 1018 277 278 1019
1488 3 2 0 26 1019 278 279 1020
1489 3 2 0 26 1020 279 280 1021
1490 3 2 0 26 1021 280 281 1022
1491 3 2 0 26 1022 281 282 1023
1492 3 2 0 26 1023 282 283 1024
1493 3 2 0 26 1024 283 284 1025
1494 3 2 0 26 1025 284 285 1026
1495 3 2 0 26 1026 285 286 1027
1496 3 2 0 26 1027 286 287 1028
1497 3 2 0 26 1028 287 23 291
1498 3 2 0 27 4 26 311 149
1499 3 2 0 27 149 311 312 150
1500 3 2 0 27 150 312 313 151
1501 3 2 0 27 151 313 314 152
1502 3 2 0 27 152 314 25 8
1503 3 2 0 28 8 25 315 118
1504 3 2 0 28 118 315 316 119
1505 3 2 0 28 119 316 317 120
1506 3 2 0 28 120 317 318 121
1507 3 2 0 28 121 318 319 122
1508 3 2 0 28 122 319 320 123
1509 3 2 0 28 123 320 321 124
1510 3 2 0 28 124 321 322 125
1511 3 2 0 28 125 322 323 126
1512 3 2 0 28 126 323 324 127
1513 3 2 0 28 127 324 325 128
1514 3 2 0 28 128 325 326 129
1515 3 2 0 28 129 326 327 130
1516 3 2 0 28 130 327 328 131
1517 3 2 0 28 131 328 329 132
1518 3 2 0 28 132 329 330 133
1519 3 2 0 28 133 330 331 134
1520 3 2 0 28 134 331 332 135
1521 3 2 0 28 135 332 333 136
1522 3 2 0 28 136 333 27 7
1523 3 2 0 29 3 153 334 28
1524 3 2 0 29 153 154 335 334
1525 3 2 0 29 154 155 336 335
1526 3 2 0 29 155 156 337 336
1527 3 2 0 29 156 7 27 337
1528 3 2 0 30 4 72 338 26
1529 3 2 0 30 72 73 339 338
1530 3 2 0 30 73 74 340 339
1531 3 2 0 30 74 75 341 340
1532 3 2 0 30 75 76 342 341
1533 3 2 0 30 76 77 343 342
1534 3 2 0 30 77 78 344 343
1535 3 2 0 30 78 79 345 344
1536 3 2 0 30 79 80 346 345
1537 3 2 0 30 80 81 347 346
1538 3 2 0 30 81 82 348 347
1539 3 2 0 30 82 83 349 348
1540 3 2 0 30 83 84 350 349
1541 3 2 0 30 84 85 351 350
1542 3 2 0 30 85 86 352 351
1543 3 2 0 30 86 87 353 352
1544 3 2 0 30 87 88 354 353
1545 3 2 0 30 88 89 355 354
1546 3 2 0 30 89 90 356 355
1547 3 2 0 30 90 3 28 356
1548 3 2 0 31 26 338 1029 311
1549 3 2 0 31 338 339 1030 1029
1550 3 2 0 31 339 340 1031 1030
1551 3 2 0 31 340 341 1032 1031
1552 3 2 0 31 341 342 1033 1032
1553 3 2 0 31 342 343 1034 1033
1554 3 2 0 31 343 344 1035 1034
1555 3 2 0 31 344 345 1036 1035
1556 3 2 0 31 345 346 1037 1036
1557 3 2 0 31 346 347 1038 1037
1558 3 2 0 31 347 348 1039 1038
1559 3 2 0 31 348 349 1040 1039
1560 3 2 0 31 349 350 1041 1040
1561 3 2 0 31 350 351 1042 1041
1562 3 2 0 31 351 352 1043 1042
1563 3 2 0 31 352 353 1044 1043
1564 3 2 0 31 353 354 1045 1044
1565 3 2 0 31 354 355 1046 1045
1566 3 2 0 31 355 356 1047 1046
1567 3 2 0 31 356 28 334 1047
1568 3 2 0 31 311 1029 1048 312
1569 3 2 0 31 1029 1030 1049 1048
1570 3 2 0 31 1030 1031 1050 1049
1571 3 2 0 31 1031 1032 1051 1050
1572 3 2 0 31 1032 1033 1052 1051
1573 3 2 0 31 1033 1034 1053 1052
1574 3 2 0 31 1034 1035 1054 1053
1575 3 2 0 31 1035 1036 1055 1054
1576 3 2 0 31 1036 1037 1056 1055
1577 3 2 0 31 1037 1038 1057 1056
1578 3 2 0 31 1038 1039 1058 1057
1579 3 2 0 31 1039 1040 1059 1058
1580 3 2 0 31 1040 1041 1060 1059
1581 3 2 0 31 1041 1042 1061 1060
1582 3 2 0 31 1042 1043 1062 1061
1583 3 2 0 31 1043 1044 1063 1062
1584 3 2 0 31 1044 1045 1064 1063
1585 3 2 0 31 1045 1046 1065 1064
1586 3 2 0 31 1046 1047 1066 1065
1587 3 2 0 31 1047 334 335 1066
1588 3 2 0 31 312 1048 1067 313
1589 3 2 0 31 1048 1049 1068 1067
1590 3 2 0 31 1049 1050 1069 1068
1591 3 2 0 31 1050 1051 1070 1069
1592 3 2 0 31 1051 1052 1071 1070
1593 3 2 0 31 1052 1053 1072 1071
1594 3 2 0 31 1053 1054 1073 1072
1595 3 2 0 31 1054 1055 1074 1073
1596 3 2 0 31 1055 1056 1075 1074
1597 3 2 0 31 1056 1057 1076 1075
1598 3 2 0 31 1057 1058 1077 1076
1599 3 2 0 31 1058 1059 1078 1077
1600 3 2 0 31 1059 1060 1079 1078
1601 3 2 0 31 1060 1061 1080 1079
1602 3 2 0 31 1061 1062 1081 1080
1603 3 2 0 31 1062 1063 1082 1081
1604 3 2 0 31 1063 1064 1083 1082
1605 3 2 0 31 1064 1065 1084 1083
1606 3 2 0 31 1065 1066 1085 1084
1607 3 2 0 31 1066 335 336 1085
1608 3 2 0 31 313 1067 1086 314
1609 3 2 0 31 1067 1068 1087 1086
1610 3 2 0 31 1068 1069 1088 1087
1611 3 2 0 31 1069 1070 1089 1088
1612 3 2 0 31 1070 1071 1090 1089
1613 3 2 0 31 1071 1072 1091 1090
1614 3 2 0 31 1072 1073 1092 1091
1615 3 2 0 31 1073 1074 1093 1092
1616 3 2 0 31 1074 1075 1094 1093
1617 3 2 0 31 1075 1076 1095 1094
1618 3 2 0 31 1076 1077 1096 1095
1619 3 2 0 31 1077 1078 1097 1096
1620 3 2 0 31 1078 1079 1098 1097
1621 3 2 0 31 1079 1080 1099 1098
1622 3 2 0 31 1080 1081 1100 1099
1623 3 2 0 31 1081 1082 1101 1100
1624 3 2 0 31 1082 1083 1102 1101
1625 3 2 0 31 1083 1084 1103 1102
1626 3 2 0 31 1084 1085 1104 1103
1627 3 2 0 31 1085 336 337 1104
1628 3 2 0 31 314 1086 315 25
1629 3 2 0 31 1086 1087 316 315
1630 3 2 0 31 1087 1088 317 316
1631 3 2 0 31 1088 1089 318 317
1632 3 2 0 31 1089 1090 319 318
1633 3 2 0 31 1090 1091 320 319
1634 3 2 0 31 1091 1092 321 320
1635 3 2 0 31 1092 1093 322 321
1636 3 2 0 31 1093 1094 323 322
1637 3 2 0 31 1094 1095 324 323
1638 3 2 0 31 1095 1096 325 324
1639 3 2 0 31 1096 1097 326 325
1640 3 2 0 31 1097 1098 327 326
1641 3 2 0 31 1098 1099 328 327
1642 3 2 0 31 1099 1100 329 328
1643 3 2 0 31 1100 1101 330 329
1644 3 2 0 31 1101 1102 331 330
1645 3 2 0 31 1102 1103 332 331
1646 3 2 0 31 1103 1104 333 332
1647 3 2 0 31 1104 337 27 333
1648 3 2 0 32 4 9 29 16
1649 3 2 0 33 2 14 30 10
1650 3 2 0 34 10 30 357 157
1651 3 2 0 34 157 357 358 158
1652 3 2 0 34 158 358 359 159
1653 3 2 0 34 159 359 360 160
1654 3 2 0 34 160 360 29 9
1655 3 2 0 35 14 215 357 30
1656 3 2 0 35 215 216 358 357
1657 3 2 0 35 216 217 359 358
1658 3 2 0 35 217 218 360 359
1659 3 2 0 35 218 16 29 360
1660 3 2 0 36 8 20 31 11
1661 3 2 0 37 6 12 32 18
1662 3 2 0 38 12 165 361 32
1663 3 2 0 38 165 166 362 361
1664 3 2 0 38 166 167 363 362
1665 3 2 0 38 167 168 364 363
1666 3 2 0 38 168 11 31 364
1667 3 2 0 39 18 32 361 261
1668 3 2 0 39 261 361 362 262
1669 3 2 0 39 262 362 363 263
1670 3 2 0 39 263 363 364 264
1671 3 2 0 39 264 364 31 20
1672 3 2 0 40 6 21 33 12
1673 3 2 0 41 2 10 34 22
1674 3 2 0 42 10 169 365 34
1675 3 2 0 42 169 170 366 365
1676 3 2 0 42 170 171 367 366
1677 3 2 0 42 171 172 368 367
1678 3 2 0 42 172 12 33 368
1679 3 2 0 43 22 34 365 265
1680 3 2 0 43 265 365 366 266
1681 3 2 0 43 266 366 367 267
1682 3 2 0 43 267 367 368 268
1683 3 2 0 43 268 368 33 21
1684 3 2 0 44 8 11 35 25
1685 3 2 0 45 4 26 36 9
1686 3 2 0 46 9 36 369 161
1687 3 2 0 46 161 369 370 162
1688 3 2 0 46 162 370 371 163
1689 3 2 0 46 163 371 372 164
1690 3 2 0 46 164 372 35 11
1691 3 2 0 47 26 311 369 36
1692 3 2 0 47 311 312 370 369
1693 3 2 0 47 312 313 371 370
1694 3 2 0 47 313 314 372 371
1695 3 2 0 47 314 25 35 372
1696 3 2 0 48 1 13 37 24
1697 3 2 0 49 2 22 38 14
1698 3 2 0 50 14 38 373 173
1699 3 2 0 50 173 373 374 174
1700 3 2 0 50 174 374 375 175
1701 3 2 0 50 175 375 376 176
1702 3 2 0 50 176 376 377 177
1703 3 2 0 50 177 377 378 178
1704 3 2 0 50 178 378 379 179
1705 3 2 0 50 179 379 380 180
1706 3 2 0 50 180 380 381 181
1707 3 2 0 50 181 381 382 182
1708 3 2 0 50 182 382 383 183
1709 3 2 0 50 183 383 384 184
1710 3 2 0 50 184 384 385 185
1711 3 2 0 50 185 385 386 186
1712 3 2 0 50 186 386 387 187
1713 3 2 0 50 187 387 388 188
1714 3 2 0 50 188 388 389 189
1715 3 2 0 50 189 389 390 190
1716 3 2 0 50 190 390 391 191
1717 3 2 0 50 191 391 37 13
1718 3 2 0 51 22 292 373 38
1719 3 2 0 51 292 293 374 373
1720 3 2 0 51 293 294 375 374
1721 3 2 0 51 294 295 376 375
1722 3 2 0 51 295 296 377 376
1723 3 2 0 51 296 297 378 377
1724 3 2 0 51 297 298 379 378
1725 3 2 0 51 298 299 380 379
1726 3 2 0 51 299 300 381 380
1727 3 2 0 51 300 301 382 381
1728 3 2 0 51 301 302 383 382
1729 3 2 0 51 302 303 384 383
1730 3 2 0 51 303 304 385 384
1731 3 2 0 51 304 305 386 385
1732 3 2 0 51 305 306 387 386
1733 3 2 0 51 306 307 388 387
1734 3 2 0 51 307 308 389 388
1735 3 2 0 51 308 309 390 389
1736 3 2 0 51 309 310 391 390
1737 3 2 0 51 310 24 37 391
1738 3 2 0 52 3 28 39 15
1739 3 2 0 53 4 16 40 26
1740 3 2 0 54 26 40 392 338
1741 3 2 0 54 338 392 393 339
1742 3 2 0 54 339 393 394 340
1743 3 2 0 54 340 394 395 341
1744 3 2 0 54 341 395 396 342
1745 3 2 0 54 342 396 397 343
1746 3 2 0 54 343 397 398 344
1747 3 2 0 54 344 398 399 345
1748 3 2 0 54 345 399 400 346
1749 3 2 0 54 346 400 401 347
1750 3 2 0 54 347 401 402 348
1751 3 2 0 54 348 402 403 349
1752 3 2 0 54 349 403 404 350
1753 3 2 0 54 350 404 405 351
1754 3 2 0 54 351 405 406 352
1755 3 2 0 54 352 406 407 353
1756 3 2 0 54 353 407 408 354
1757 3 2 0 54 354 408 409 355
1758 3 2 0 54 355 409 410 356
1759 3 2 0 54 356 410 39 28
1760 3 2 0 55 16 196 392 40
1761 3 2 0 55 196 197 393 392
1762 3 2 0 55 197 198 394 393
1763 3 2 0 55 198 199 395 394
1764 3 2 0 55 199 200 396 395
1765 3 2 0 55 200 201 397 396
1766 3 2 0 55 201 202 398 397
1767 3 2 0 55 202 203 399 398
1768 3 2 0 55 203 204 400 399
1769 3 2 0 55 204 205 401 400
1770 3 2 0 55 205 206 402 401
1771 3 2 0 55 206 207 403 402
1772 3 2 0 55 207 208 404 403
1773 3 2 0 55 208 209 405 404
1774 3 2 0 55 209 210 406 405
1775 3 2 0 55 210 211 407 406
1776 3 2 0 55 211 212 408 407
1777 3 2 0 55 212 213 409 408
1778 3 2 0 55 213 214 410 409
1779 3 2 0 55 214 15 39 410
1780 3 2 0 56 5 23 41 17
1781 3 2 0 57 6 18 42 21
1782 3 2 0 58 18 219 411 42
1783 3 2 0 58 219 220 412 411
1784 3 2 0 58 220 221 413 412
1785 3 2 0 58 221 222 414 413
1786 3 2 0 58 222 223 415 414
1787 3 2 0 58 223 224 416 415
1788 3 2 0 58 224 225 417 416
1789 3 2 0 58 225 226 418 417
1790 3 2 0 58 226 227 419 418
1791 3 2 0 58 227 228 420 419
1792 3 2 0 58 228 229 421 420
1793 3 2 0 58 229 230 422 421
1794 3 2 0 58 230 231 423 422
1795 3 2 0 58 231 232 424 423
1796 3 2 0 58 232 233 425 424
1797 3 2 0 58 233 234 426 425
1798 3 2 0 58 234 235 427 426
1799 3 2 0 58 235 236 428 427
1800 3 2 0 58 236 237 429 428
1801 3 2 0 58 237 17 41 429
1802 3 2 0 59 21 42 411 269
1803 3 2 0 59 269 411 412 270
1804 3 2 0 59 270 412 413 271
1805 3 2 0 59 271 413 414 272
1806 3 2 0 59 272 414 415 273
1807 3 2 0 59 273 415 416 274
1808 3 2 0 59 274 416 417 275
1809 3 2 0 59 275 417 418 276
1810 3 2 0 59 276 418 419 277
1811 3 2 0 59 277 419 420 278
1812 3 2 0 59 278 420 421 279
1813 3 2 0 59 279 421 422 280
1814 3 2 0 59 280 422 423 281
1815 3 2 0 59 281 423 424 282
1816 3 2 0 59 282 424 425 283
1817 3 2 0 59 283 425 426 284
1818 3 2 0 59 284 426 427 285
1819 3 2 0 59 285 427 428 286
1820 3 2 0 59 286 428 429 287
1821 3 2 0 59 287 429 41 23
1822 3 2 0 60 7 19 43 27
1823 3 2 0 61 8 25 44 20
1824 3 2 0 62 20 44 430 242
1825 3 2 0 62 242 430 431 243
1826 3 2 0 62 243 431 432 244
1827 3 2 0 62 244 432 433 245
1828 3 2 0 62 245 433 434 246
1829 3 2 0 62 246 434 435 247
1830 3 2 0 62 247 435 436 248
1831 3 2 0 62 248 436 437 249
1832 3 2 0 62 249 437 438 250
1833 3 2 0 62 250 438 439 251
1834 3 2 0 62 251 439 440 252
1835 3 2 0 62 252 440 441 253
1836 3 2 0 62 253 441 442 254
1837 3 2 0 62 254 442 443 255
1838 3 2 0 62 255 443 444 256
1839 3 2 0 62 256 444 445 257
1840 3 2 0 62 257 445 446 258
1841 3 2 0 62 258 446 447 259
1842 3 2 0 62 259 447 448 260
1843 3 2 0 62 260 448 43 19
1844 3 2 0 63 25 315 430 44
1845 3 2 0 63 315 316 431 430
1846 3 2 0 63 316 317 432 431
1847 3 2 0 63 317 318 433 432
1848 3 2 0 63 318 319 434 433
1849 3 2 0 63 319 320 435 434
1850 3 2 0 63 320 321 436 435
1851 3 2 0 63 321 322 437 436
1852 3 2 0 63 322 323 438 437
1853 3 2 0 63 323 324 439 438
1854 3 2 0 63 324 325 440 439
1855 3 2 0 63 325 326 441 440
1856 3 2 0 63 326 327 442 441
1857 3 2 0 63 327 328 443 442
1858 3 2 0 63 328 329 444 443
1859 3 2 0 63 329 330 445 444
1860 3 2 0 63 330 331 446 445
1861 3 2 0 63 331 332 447 446
1862 3 2 0 63 332 333 448 447
1863 3 2 0 63 333 27 43 448
1864 3 2 0 64 10 34 45 30
1865 3 2 0 65 14 30 45 38
1866 3 2 0 66 22 38 45 34
1867 3 2 0 67 9 29 46 36
1868 3 2 0 68 16 40 46 29
1869 3 2 0 69 26 36 46 40
1870 3 2 0 70 12 32 47 33
1871 3 2 0 71 21 33 47 42
1872 3 2 0 72 18 42 47 32
1873 3 2 0 73 11 35 48 31
1874 3 2 0 74 20 31 48 44
1875 3 2 0 75 25 44 48 35
1876 5 2 0 1 449 49 2 91 1105 601 141 753
1877 5 2 0 1 1105 601 141 753 1106 620 142 754
1878 5 2 0 1 1106 620 142 754 1107 639 143 755
1879 5 2 0 1 1107 639 143 755 1108 658 144 756
1880 5 2 0 1 1108 658 144 756 525 95 6 137
1881 5 2 0 1 450 449 91 92 1109 1105 753 757
1882 5 2 0 1 1109 1105 753 757 1110 1106 754 758
1883 5 2 0 1 1110 1106 754 758 1111 1107 755 759
1884 5 2 0 1 1111 1107 755 759 1112 1108 756 760
1885 5 2 0 1 1112 1108 756 760 526 525 137 138
1886 5 2 0 1 451 450 92 93 1113 1109 757 761
1887 5 2 0 1 1113 1109 757 761 1114 1110 758 762
1888 5 2 0 1 1114 1110 758 762 1115 1111 759 763
1889 5 2 0 1 1115 1111 759 763 1116 1112 760 764
1890 5 2 0 1 1116 1112 760 764 527 526 138 139
1891 5 2 0 1 452 451 93 94 1117 1113 761 765
1892 5 2 0 1 1117 1113 761 765 1118 1114 762 766
1893 5 2 0 1 1118 1114 762 766 1119 1115 763 767
1894 5 2 0 1 1119 1115 763 767 1120 1116 764 768
1895 5 2 0 1 1120 1116 764 768 528 527 139 140
1896 5 2 0 1 72 452 94 4 677 1117 765 149
1897 5 2 0 1 677 1117 765 149 696 1118 766 150
1898 5 2 0 1 696 1118 766 150 715 1119 767 151
1899 5 2 0 1 715 1119 767 151 734 1120 768 152
1900 5 2 0 1 734 1120 768 152 118 528 140 8
1901 5 2 0 1 453 50 49 449 1121 602 601 1105
1902 5 2 0 1 1121 602 601 1105 1122 621 620 1106
1903 5 2 0 1 1122 621 620 1106 1123 640 639 1107
1904 5 2 0 1 1123 640 639 1107 1124 659 658 1108
1905 5 2 0 1 1124 659 658 1108 529 96 95 525
1906 5 2 0 1 454 453 449 450 1125 1121 1105 1109
1907 5 2 0 1 1125 1121 1105 1109 1126 1122 1106 1110
1908 5 2 0 1 1126 1122 1106 1110 1127 1123 1107 1111
1909 5 2 0 1 1127 1123 1107 1111 1128 1124 1108 1112
1910 5 2 0 1 1128 1124 1108 1112 530 529 525 526
1911 5 2 0 1 455 454 450 451 1129 1125 1109 1113
1912 5 2 0 1 1129 1125 1109 1113 1130 1126 1110 1114
1913 5 2 0 1 1130 1126 1110 1114 1131 1127 1111 1115
1914 5 2 0 1 1131 1127 1111 1115 1132 1128 1112 1116
1915 5 2 0 1 1132 1128 1112 1116 531 530 526 527
1916 5 2 0 1 456 455 451 452 1133 1129 1113 1117
1917 5 2 0 1 1133 1129 1113 1117 1134 1130 1114 1118
1918 5 2 0 1 1134 1130 1114 1118 1135 1131 1115 1119
1919 5 2 0 1 1135 1131 1115 1119 1136 1132 1116 1120
1920 5 2 0 1 1136 1132 1116 1120 532 531 527 528
1921 5 2 0 1 73 456 452 72 678 1133 1117 677
1922 5 2 0 1 678 1133 1117 677 697 1134 1118 696
1923 5 2 0 1 697 1134 1118 696 716 1135 1119 715
1924 5 2 0 1 716 1135 1119 715 735 1136 1120 734
1925 5 2 0 1 735 1136 1120 734 119 532 528 118
1926 5 2 0 1 457 51 50 453 1137 603 602 1121
1927 5 2 0 1 1137 603 602 1121 1138 622 621 1122
1928 5 2 0 1 1138 622 621 1122 1139 641 640 1123
1929 5 2 0 1 1139 641 640 1123 1140 660 659 1124
1930 5 2 0 1 1140 660 659 1124 533 97 96 529
1931 5 2 0 1 458 457 453 454 1141 1137 1121 1125
1932 5 2 0 1 1141 1137 1121 1125 1142 1138 1122 1126
1933 5 2 0 1 1142 1138 1122 1126 1143 1139 1123 1127
1934 5 2 0 1 1143 1139 1123 1127 1144 1140 1124 1128
1935 5 2 0 1 1144 1140 1124 1128 534 533 529 530
1936 5 2 0 1 459 458 454 455 1145 1141 1125 1129
1937 5 2 0 1 1145 1141 1125 1129 1146 1142 1126 1130
1938 5 2 0 1 1146 1142 1126 1130 1147 1143 1127 1131
1939 5 2 0 1 1147 1143 1127 1131 1148 1144 1128 1132
1940 5 2 0 1 1148 1144 1128 1132 535 534 530 531
1941 5 2 0 1 460 459 455 456 1149 1145 1129 1133
1942 5 2 0 1 1149 1145 1129 1133 1150 1146 1130 1134
1943 5 2 0 1 1150 1146 1130 1134 1151 1147 1131 1135
1944 5 2 0 1 1151 1147 1131 1135 1152 1148 1132 1136
1945 5 2 0 1 1152 1148 1132 1136 536 535 531 532
1946 5 2 0 1 74 460 456 73 679 1149 1133 678
1947 5 2 0 1 679 1149 1133 678 698 1150 1134 697
1948 5 2 0 1 698 1150 1134 697 717 1151 1135 716
1949 5 2 0 1 717 1151 1135 716 736 1152 1136 735
1950 5 2 0 1 736 1152 1136 735 120 536 532 119
1951 5 2 0 1 461 52 51 457 1153 604 603 1137
1952 5 2 0 1 1153 604 603 1137 1154 623 622 1138
1953 5 2 0 1 1154 623 622 1138 1155 642 641 1139
1954 5 2 0 1 1155 642 641 1139 1156 661 660 1140
1955 5 2 0 1 1156 661 660 1140 537 98 97 533
1956 5 2 0 1 462 461 457 458 1157 1153 1137 1141
1957 5 2 0 1 1157 1153 1137 1141 1158 1154 1138 1142
1958 5 2 0 1 1158 1154 1138 1142 1159 1155 1139 1143
1959 5 2 0 1 1159 1155 1139 1143 1160 1156 1140 1144
1960 5 2 0 1 1160 1156 1140 1144 538 537 533 534
1961 5 2 0 1 463 462 458 459 1161 1157 1141 1145
1962 5 2 0 1 1161 1157 1141 1145 1162 1158 1142 1146
1963 5 2 0 1 1162 1158 1142 1146 1163 1159 1143 1147
1964 5 2 0 1 1163 1159 1143 1147 1164 1160 1144 1148
1965 5 2 0 1 1164 1160 1144 1148 539 538 534 535
1966 5 2 0 1 464 463 459 460 1165 1161 1145 1149
1967 5 2 0 1 1165 1161 1145 1149 1166 1162 1146 1150
1968 5 2 0 1 1166 1162 1146 1150 1167 1163 1147 1151
1969 5 2 0 1 1167 1163 1147 1151 1168 1164 1148 1152
1970 5 2 0 1 1168 1164 1148 1152 540 539 535 536
1971 5 2 0 1 75 464 460 74 680 1165 1149 679
1972 5 2 0 1 680 1165 1149 679 699 1166 1150 698
1973 5 2 0 1 699 1166 1150 698 718 1167 1151 717
1974 5 2 0 1 718 1167 1151 717 737 1168 1152 736
1975 5 2 0 1 737 1168 1152 736 121 540 536 120
1976 5 2 0 1 465 53 52 461 1169 605 604 1153
1977 5 2 0 1 1169 605 604 1153 1170 624 623 1154
1978 5 2 0 1 1170 624 623 1154 1171 643 642 1155
1979 5 2 0 1 1171 643 642 1155 1172 662 661 1156
1980 5 2 0 1 1172 662 661 1156 541 99 98 537
1981 5 2 0 1 466 465 461 462 1173 1169 1153 1157
1982 5 2 0 1 1173 1169 1153 1157 1174 1170 1154 1158
1983 5 2 0 1 1174 1170 1154 1158 1175 1171 1155 1159
1984 5 2 0 1 1175 1171 1155 1159 1176 1172 1156 1160
1985 5 2 0 1 1176 1172 1156 1160 542 541 537 538
1986 5 2 0 1 467 466 462 463 1177 1173 1157 1161
1987 5 2 0 1 1177 1173 1157 1161 1178 1174 1158 1162
1988 5 2 0 1 1178 1174 1158 1162 1179 1175 1159 1163
1989 5 2 0 1 1179 1175 1159 1163 1180 1176 1160 1164
1990 5 2 0 1 1180 1176 1160 1164 543 542 538 539
1991 5 2 0 1 468 467 463 464 1181 1177 1161 1165
1992 5 2 0 1 1181 1177 1161 1165 1182 1178 1162 1166
1993 5 2 0 1 1182 1178 1162 1166 1183 1179 1163 1167
1994 5 2 0 1 1183 1179 1163 1167 1184 1180 1164 1168
1995 5 2 0 1 1184 1180 1164 1168 544 543 539 540
1996 5 2 0 1 76 468 464 75 681 1181 1165 680
1997 5 2 0 1 681 1181 1165 680 700 1182 1166 699
1998 5 2 0 1 700 1182 1166 699 719 1183 1167 718
1999 5 2 0 1 719 1183 1167 718 738 1184 1168 737
2000 5 2 0 1 738 1184 1168 737 122 544 540 121
2001 5 2 0 1 469 54 53 465 1185 606 605 1169
2002 5 2 0 1 1185 606 605 1169 1186 625 624 1170
2003 5 2 0 1 1186 625 624 1170 1187 644 643 1171
2004 5 2 0 1 1187 644 643 1171 1188 663 662 1172
2005 5 2 0 1 1188 663 662 1172 545 100 99 541
2006 5 2 0 1 470 469 465 466 1189 1185 1169 1173
2007 5 2 0 1 1189 1185 1169 1173 1190 1186 1170 1174
2008 5 2 0 1 1190 1186 1170 1174 1191 1187 1171 1175
2009 5 2 0 1 1191 1187 1171 1175 1192 1188 1172 1176
2010 5 2 0 1 1192 1188 1172 1176 546 545 541 542
2011 5 2 0 1 471 470 466 467 1193 1189 1173 1177
2012 5 2 0 1 1193 1189 1173 1177 1194 1190 1174 1178
2013 5 2 0 1 1194 1190 1174 1178 1195 1191 1175 1179
2014 5 2 0 1 1195 1191 1175 1179 1196 1192 1176 1180
2015 5 2 0 1 1196 1192 1176 1180 547 546 542 543
2016 5 2 0 1 472 471 467 468 1197 1193 1177 1181
2017 5 2 0 1 1197 1193 1177 1181 1198 1194 1178 1182
2018 5 2 0 1 1198 1194 1178 1182 1199 1195 1179 1183
2019 5 2 0 1 1199 1195 1179 1183 1200 1196 1180 1184
2020 5 2 0 1 1200 1196 1180 1184 548 547 543 544
2021 5 2 0 1 77 472 468 76 682 1197 1181 681
2022 5 2 0 1 682 1197 1181 681 701 1198 1182 700
2023 5 2 0 1 701 1198 1182 700 720 1199 1183 719
2024 5 2 0 1 720 1199 1183 719 739 1200 1184 738
2025 5 2 0 1 739 1200 1184 738 123 548 544 122
2026 5 2 0 1 473 55 54 469 1201 607 606 1185
2027 5 2 0 1 1201 607 606 1185 1202 626 625 1186
2028 5 2 0 1 1202 626 625 1186 1203 645 644 1187
2029 5 2 0 1 1203 645 644 1187 1204 664 663 1188
2030 5 2 0 1 1204 664 663 1188 549 101 100 545
2031 5 2 0 1 474 473 469 470 1205 1201 1185 1189
2032 5 2 0 1 1205 1201 1185 1189 1206 1202 1186 1190
2033 5 2 0 1 1206 1202 1186 1190 1207 1203 1187 1191
2034 5 2 0 1 1207 1203 1187 1191 1208 1204 1188 1192
2035 5 2 0 1 1208 1204 1188 1192 550 549 545 546
2036 5 2 0 1 475 474 470 471 1209 1205 1189 1193
2037 5 2 0 1 1209 1205 1189 1193 1210 1206 1190 1194
2038 5 2 0 1 1210 1206 1190 1194 1211 1207 1191 1195
2039 5 2 0 1 1211 1207 1191 1195 1212 1208 1192 1196
2040 5 2 0 1 1212 1208 1192 1196 551 550 546 547
2041 5 2 0 1 476 475 471 472 1213 1209 1193 1197
2042 5 2 0 1 1213 1209 1193 1197 1214 1210 1194 1198
2043 5 2 0 1 1214 1210 1194 1198 1215 1211 1195 1199
2044 5 2 0 1 1215 1211 1195 1199 1216 1212 1196 1200
2045 5 2 0 1 1216 1212 1196 1200 552 551 547 548
2046 5 2 0 1 78 476 472 77 683 1213 1197 682
2047 5 2 0 1 683 1213 1197 682 702 1214 1198 701
2048 5 2 0 1 702 1214 1198 701 721 1215 1199 720
2049 5 2 0 1 721 1215 1199 720 740 1216 1200 739
2050 5 2 0 1 740 1216 1200 739 124 552 548 123
2051 5 2 0 1 477 56 55 473 1217 608 607 1201
2052 5 2 0 1 1217 608 607 1201 1218 627 626 1202
2053 5 2 0 1 1218 627 626 1202 1219 646 645 1203
2054 5 2 0 1 1219 646 645 1203 1220 665 664 1204
2055 5 2 0 1 1220 665 664 1204 553 102 101 549
2056 5 2 0 1 478 477 473 474 1221 1217 1201 1205
2057 5 2 0 1 1221 1217 1201 1205 1222 1218 1202 1206
2058 5 2 0 1 1222 1218 1202 1206 1223 1219 1203 1207
2059 5 2 0 1 1223 1219 1203 1207 1224 1220 1204 1208
2060 5 2 0 1 1224 1220 1204 1208 554 553 549 550
2061 5 2 0 1 479 478 474 475 1225 1221 1205 1209
2062 5 2 0 1 1225 1221 1205 1209 1226 1222 1206 1210
2063 5 2 0 1 1226 1222 1206 1210 1227 1223 1207 1211
2064 5 2 0 1 1227 1223 1207 1211 1228 1224 1208 1212
2065 5 2 0 1 1228 1224 1208 1212 555 554 550 551
2066 5 2 0 1 480 479 475 476 1229 1225 1209 1213
2067 5 2 0 1 1229 1225 1209 1213 1230 1226 1210 1214
2068 5 2 0 1 1230 1226 1210 1214 1231 1227 1211 1215
2069 5 2 0 1 1231 1227 1211 1215 1232 1228 1212 1216
2070 5 2 0 1 1232 1228 1212 1216 556 555 551 552
2071 5 2 0 1 79 480 476 78 684 1229 1213 683
2072 5 2 0 1 684 1229 1213 683 703 1230 1214 702
2073 5 2 0 1 703 1230 1214 702 722 1231 1215 721
2074 5 2 0 1 722 1231 1215 721 741 1232 1216 740
2075 5 2 0 1 741 1232 1216 740 125 556 552 124
2076 5 2 0 1 481 57 56 477 1233 609 608 1217
2077 5 2 0 1 1233 609 608 1217 1234 628 627 1218
2078 5 2 0 1 1234 628 627 1218 1235 647 646 1219
2079 5 2 0 1 1235 647 646 1219 1236 666 665 1220
2080 5 2 0 1 1236 666 665 1220 557 103 102 553
2081 5 2 0 1 482 481 477 478 1237 1233 1217 1221
2082 5 2 0 1 1237 1233 1217 1221 1238 1234 1218 1222
2083 5 2 0 1 1238 1234 1218 1222 1239 1235 1219 1223
2084 5 2 0 1 1239 1235 1219 1223 1240 1236 1220 1224
2085 5 2 0 1 1240 1236 1220 1224 558 557 553 554
2086 5 2 0 1 483 482 478 479 1241 1237 1221 1225
2087 5 2 0 1 1241 1237 1221 1225 1242 1238 1222 1226
2088 5 2 0 1 1242 1238 1222 1226 1243 1239 1223 1227
2089 5 2 0 1 1243 1239 1223 1227 1244 1240 1224 1228
2090 5 2 0 1 1244 1240 1224 1228 559 558 554 555
2091 5 2 0 1 484 483 479 480 1245 1241 1225 1229
2092 5 2 0 1 1245 1241 1225 1229 1246 1242 1226 1230
2093 5 2 0 1 1246 1242 1226 1230 1247 1243 1227 1231
2094 5 2 0 1 1247 1243 1227 1231 1248 1244 1228 1232
2095 5 2 0 1 1248 1244 1228 1232 560 559 555 556
2096 5 2 0 1 80 484 480 79 685 1245 1229 684
2097 5 2 0 1 685 1245 1229 684 704 1246 1230 703
2098 5 2 0 1 704 1246 1230 703 723 1247 1231 722
2099 5 2 0 1 723 1247 1231 722 742 1248 1232 741
2100 5 2 0 1 742 1248 1232 741 126 560 556 125
2101 5 2 0 1 485 58 57 481 1249 610 609 1233
2102 5 2 0 1 1249 610 609 1233 1250 629 628 1234
2103 5 2 0 1 1250 629 628 1234 1251 648 647 1235
2104 5 2 0 1 1251 648 647 1235 1252 667 666 1236
2105 5 2 0 1 1252 667 666 1236 561 104 103 557
2106 5 2 0 1 486 485 481 482 1253 1249 1233 1237
2107 5 2 0 1 1253 1249 1233 1237 1254 1250 1234 1238
2108 5 2 0 1 1254 1250 1234 1238 1255 1251 1235 1239
2109 5 2 0 1 1255 1251 1235 1239 1256 1252 1236 1240
2110 5 2 0 1 1256 1252 1236 1240 562 561 557 558
2111 5 2 0 1 487 486 482 483 1257 1253 1237 1241
2112 5 2 0 1 1257 1253 1237 1241 1258 1254 1238 1242
2113 5 2 0 1 1258 1254 1238 1242 1259 1255 1239 1243
2114 5 2 0 1 1259 1255 1239 1243 1260 1256 1240 1244
2115 5 2 0 1 1260 1256 1240 1244 563 562 558 559
2116 5 2 0 1 488 487 483 484 1261 1257 1241 1245
2117 5 2 0 1 1261 1257 1241 1245 1262 1258 1242 1246
2118 5 2 0 1 1262 1258 1242 1246 1263 1259 1243 1247
2119 5 2 0 1 1263 1259 1243 1247 1264 1260 1244 1248
2120 5 2 0 1 1264 1260 1244 1248 564 563 559 560
2121 5 2 0 1 81 488 484 80 686 1261 1245 685
2122 5 2 0 1 686 1261 1245 685 705 1262 1246 704
2123 5 2 0 1 705 1262 1246 704 724 1263 1247 723
2124 5 2 0 1 724 1263 1247 723 743 1264 1248 742
2125 5 2 0 1 743 1264 1248 742 127 564 560 126
2126 5 2 0 1 489 59 58 485 1265 611 610 1249
2127 5 2 0 1 1265 611 610 1249 1266 630 629 1250
2128 5 2 0 1 1266 630 629 1250 1267 649 648 1251
2129 5 2 0 1 1267 649 648 1251 1268 668 667 1252
2130 5 2 0 1 1268 668 667 1252 565 105 104 561
2131 5 2 0 1 490 489 485 486 1269 1265 1249 1253
2132 5 2 0 1 1269 1265 1249 1253 1270 1266 1250 1254
2133 5 2 0 1 1270 1266 1250 1254 1271 1267 1251 1255
2134 5 2 0 1 1271 1267 1251 1255 1272 1268 1252 1256
2135 5 2 0 1 1272 1268 1252 1256 566 565 561 562
2136 5 2 0 1 491 490 486 487 1273 1269 1253 1257
2137 5 2 0 1 1273 1269 1253 1257 1274 1270 1254 1258
2138 5 2 0 1 1274 1270 1254 1258 1275 1271 1255 1259
2139 5 2 0 1 1275 1271 1255 1259 1276 1272 1256 1260
2140 5 2 0 1 1276 1272 1256 1260 567 566 562 563
2141 5 2 0 1 492 491 487 488 1277 1273 1257 1261
2142 5 2 0 1 1277 1273 1257 1261 1278 1274 1258 1262
2143 5 2 0 1 1278 1274 1258 1262 1279 1275 1259 1263
2144 5 2 0 1 1279 1275 1259 1263 1280 1276 1260 1264
2145 5 2 0 1 1280 1276 1260 1264 568 567 563 564
2146 5 2 0 1 82 492 488 81 687 1277 1261 686
2147 5 2 0 1 687 1277 1261 686 706 1278 1262 705
2148 5 2 0 1 706 1278 1262 705 725 1279 1263 724
2149 5 2 0 1 725 1279 1263 724 744 1280 1264 743
2150 5 2 0 1 744 1280 1264 743 128 568 564 127
2151 5 2 0 1 493 60 59 489 1281 612 611 1265
2152 5 2 0 1 1281 612 611 1265 1282 631 630 1266
2153 5 2 0 1 1282 631 630 1266 1283 650 649 1267
2154 5 2 0 1 1283 650 649 1267 1284 669 668 1268
2155 5 2 0 1 1284 669 668 1268 569 106 105 565
2156 5 2 0 1 494 493 489 490 1285 1281 1265 1269
2157 5 2 0 1 1285 1281 1265 1269 1286 1282 1266 1270
2158 5 2 0 1 1286 1282 1266 1270 1287 1283 1267 1271
2159 5 2 0 1 1287 1283 1267 1271 1288 1284 1268 1272
2160 5 2 0 1 1288 1284 1268 1272 570 569 565 566
2161 5 2 0 1 495 494 490 491 1289 1285 1269 1273
2162 5 2 0 1 1289 1285 1269 1273 1290 1286 1270 1274
2163 5 2 0 1 1290 1286 1270 1274 1291 1287 1271 1275
2164 5 2 0 1 1291 1287 1271 1275 1292 1288 1272 1276
2165 5 2 0 1 1292 1288 1272 1276 571 570 566 567
2166 5 2 0 1 496 495 491 492 1293 1289 1273 1277
2167 5 2 0 1 1293 1289 1273 1277 1294 1290 1274 1278
2168 5 2 0 1 1294 1290 1274 1278 1295 1291 1275 1279
2169 5 2 0 1 1295 1291 1275 1279 1296 1292 1276 1280
2170 5 2 0 1 1296 1292 1276 1280 572 571 567 568
2171 5 2 0 1 83 496 492 82 688 1293 1277 687
2172 5 2 0 1 688 1293 1277 687 707 1294 1278 706
2173 5 2 0 1 707 1294 1278 706 726 1295 1279 725
2174 5 2 0 1 726 1295 1279 725 745 1296 1280 744
2175 5 2 0 1 745 1296 1280 744 129 572 568 128
2176 5 2 0 1 497 61 60 493 1297 613 612 1281
2177 5 2 0 1 1297 613 612 1281 1298 632 631 1282
2178 5 2 0 1 1298 632 631 1282 1299 651 650 1283
2179 5 2 0 1 1299 651 650 1283 1300 670 669 1284
2180 5 2 0 1 1300 670 669 1284 573 107 106 569
2181 5 2 0 1 498 497 493 494 1301 1297 1281 1285
2182 5 2 0 1 1301 1297 1281 1285 1302 1298 1282 1286
2183 5 2 0 1 1302 1298 1282 1286 1303 1299 1283 1287
2184 5 2 0 1 1303 1299 1283 1287 1304 1300 1284 1288
2185 5 2 0 1 1304 1300 1284 1288 574 573 569 570
2186 5 2 0 1 499 498 494 495 1305 1301 1285 1289
2187 5 2 0 1 1305 1301 1285 1289 1306 1302 1286 1290
2188 5 2 0 1 1306 1302 1286 1290 1307 1303 1287 1291
2189 5 2 0 1 1307 1303 1287 1291 1308 1304 1288 1292
2190 5 2 0 1 1308 1304 1288 1292 575 574 570 571
2191 5 2 0 1 500 499 495 496 1309 1305 1289 1293
2192 5 2 0 1 1309 1305 1289 1293 1310 1306 1290 1294
2193 5 2 0 1 1310 1306 1290 1294 1311 1307 1291 1295
2194 5 2 0 1 1311 1307 1291 1295 1312 1308 1292 1296
2195 5 2 0 1 1312 1308 1292 1296 576 575 571 572
2196 5 2 0 1 84 500 496 83 689 1309 1293 688
2197 5 2 0 1 689 1309 1293 688 708 1310 1294 707
2198 5 2 0 1 708 1310 1294 707 727 1311 1295 726
2199 5 2 0 1 727 1311 1295 726 746 1312 1296 745
2200 5 2 0 1 746 1312 1296 745 130 576 572 129
2201 5 2 0 1 501 62 61 497 1313 614 613 1297
2202 5 2 0 1 1313 614 613 1297 1314 633 632 1298
2203 5 2 0 1 1314 633 632 1298 1315 652 651 1299
2204 5 2 0 1 1315 652 651 1299 1316 671 670 1300
2205 5 2 0 1 1316 671 670 1300 577 108 107 573
2206 5 2 0 1 502 501 497 498 1317 1313 1297 1301
2207 5 2 0 1 1317 1313 1297 1301 1318 1314 1298 1302
2208 5 2 0 1 1318 1314 1298 1302 1319 1315 1299 1303
2209 5 2 0 1 1319 1315 1299 1303 1320 1316 1300 1304
2210 5 2 0 1 1320 1316 1300 1304 578 577 573 574
2211 5 2 0 1 503 502 498 499 1321 1317 1301 1305
2212 5 2 0 1 1321 1317 1301 1305 1322 1318 1302 1306
2213 5 2 0 1 1322 1318 1302 1306 1323 1319 1303 1307
2214 5 2 0 1 1323 1319 1303 1307 1324 1320 1304 1308
2215 5 2 0 1 1324 1320 1304 1308 579 578 574 575
2216 5 2 0 1 504 503 499 500 1325 1321 1305 1309
2217 5 2 0 1 1325 1321 1305 1309 1326 1322 1306 1310
2218 5 2 0 1 1326 1322 1306 1310 1327 1323 1307 1311
2219 5 2 0 1 1327 1323 1307 1311 1328 1324 1308 1312
2220 5 2 0 1 1328 1324 1308 1312 580 579 575 576
2221 5 2 0 1 85 504 500 84 690 1325 1309 689
2222 5 2 0 1 690 1325 1309 689 709 1326 1310 708
2223 5 2 0 1 709 1326 1310 708 728 1327 1311 727
2224 5 2 0 1 728 1327 1311 727 747 1328 1312 746
2225 5 2 0 1 747 1328 1312 746 131 580 576 130
2226 5 2 0 1 505 63 62 501 1329 615 614 1313
2227 5 2 0 1 1329 615 614 1313 1330 634 633 1314
2228 5 2 0 1 1330 634 633 1314 1331 653 652 1315
2229 5 2 0 1 1331 653 652 1315 1332 672 671 1316
2230 5 2 0 1 1332 672 671 1316 581 109 108 577
2231 5 2 0 1 506 505 501 502 1333 1329 1313 1317
2232 5 2 0 1 1333 1329 1313 1317 1334 1330 1314 1318
2233 5 2 0 1 1334 1330 1314 1318 1335 1331 1315 1319
2234 5 2 0 1 1335 1331 1315 1319 1336 1332 1316 1320
2235 5 2 0 1 1336 1332 1316 1320 582 581 577 578
2236 5 2 0 1 507 506 502 503 1337 1333 1317 1321
2237 5 2 0 1 1337 1333 1317 1321 1338 1334 1318 1322
2238 5 2 0 1 1338 1334 1318 1322 1339 1335 1319 1323
2239 5 2 0 1 1339 1335 1319 1323 1340 1336 1320 1324
2240 5 2 0 1 1340 1336 1320 1324 583 582 578 579
2241 5 2 0 1 508 507 503 504 1341 1337 1321 1325
2242 5 2 0 1 1341 1337 1321 1325 1342 1338 1322 1326
2243 5 2 0 1 1342 1338 1322 1326 1343 1339 1323 1327
2244 5 2 0 1 1343 1339 1323 1327 1344 1340 1324 1328
2245 5 2 0 1 1344 1340 1324 1328 584 583 579 580
2246 5 2 0 1 86 508 504 85 691 1341 1325 690
2247 5 2 0 1 691 1341 1325 690 710 1342 1326 709
2248 5 2 0 1 710 1342 1326 709 729 1343 1327 728
2249 5 2 0 1 729 1343 1327 728 748 1344 1328 747
2250 5 2 0 1 748 1344 1328 747 132 584 580 131
2251 5 2 0 1 509 64 63 505 1345 616 615 1329
2252 5 2 0 1 1345 616 615 1329 1346 635 634 1330
2253 5 2 0 1 1346 635 634 1330 1347 654 653 1331
2254 5 2 0 1 1347 654 653 1331 1348 673 672 1332
2255 5 2 0 1 1348 673 672 1332 585 110 109 581
2256 5 2 0 1 510 509 505 506 1349 1345 1329 1333
2257 5 2 0 1 1349 1345 1329 1333 1350 1346 1330 1334
2258 5 2 0 1 1350 1346 1330 1334 1351 1347 1331 1335
2259 5 2 0 1 1351 1347 1331 1335 1352 1348 1332 1336
2260 5 2 0 1 1352 1348 1332 1336 586 585 581 582
2261 5 2 0 1 511 510 506 507 1353 1349 1333 1337
2262 5 2 0 1 1353 1349 1333 1337 1354 1350 1334 1338
2263 5 2 0 1 1354 1350 1334 1338 1355 1351 1335 1339
2264 5 2 0 1 1355 1351 1335 1339 1356 1352 1336 1340
2265 5 2 0 1 1356 1352 1336 1340 587 586 582 583
2266 5 2 0 1 512 511 507 508 1357 1353 1337 1341
2267 5 2 0 1 1357 1353 1337 1341 1358 1354 1338 1342
2268 5 2 0 1 1358 1354 1338 1342 1359 1355 1339 1343
2269 5 2 0 1 1359 1355 1339 1343 1360 1356 1340 1344
2270 5 2 0 1 1360 1356 1340 1344 588 587 583 584
2271 5 2 0 1 87 512 508 86 692 1357 1341 691
2272 5 2 0 1 692 1357 1341 691 711 1358 1342 710
2273 5 2 0 1 711 1358 1342 710 730 1359 1343 729
2274 5 2 0 1 730 1359 1343 729 749 1360 1344 748
2275 5 2 0 1 749 1360 1344 748 133 588 584 132
2276 5 2 0 1 513 65 64 509 1361 617 616 1345
2277 5 2 0 1 1361 617 616 1345 1362 636 635 1346
2278 5 2 0 1 1362 636 635 1346 1363 655 654 1347
2279 5 2 0 1 1363 655 654 1347 1364 674 673 1348
2280 5 2 0 1 1364 674 673 1348 589 111 110 585
2281 5 2 0 1 514 513 509 510 1365 1361 1345 1349
2282 5 2 0 1 1365 1361 1345 1349 1366 1362 1346 1350
2283 5 2 0 1 1366 1362 1346 1350 1367 1363 1347 1351
2284 5 2 0 1 1367 1363 1347 1351 1368 1364 1348 1352
2285 5 2 0 1 1368 1364 1348 1352 590 589 585 586
2286 5 2 0 1 515 514 510 511 1369 1365 1349 1353
2287 5 2 0 1 1369 1365 1349 1353 1370 1366 1350 1354
2288 5 2 0 1 1370 1366 1350 1354 1371 1367 1351 1355
2289 5 2 0 1 1371 1367 1351 1355 1372 1368 1352 1356
2290 5 2 0 1 1372 1368 1352 1356 591 590 586 587
2291 5 2 0 1 516 515 511 512 1373 1369 1353 1357
2292 5 2 0 1 1373 1369 1353 1357 1374 1370 1354 1358
2293 5 2 0 1 1374 1370 1354 1358 1375 1371 1355 1359
2294 5 2 0 1 1375 1371 1355 1359 1376 1372 1356 1360
2295 5 2 0 1 1376 1372 1356 1360 592 591 587 588
2296 5 2 0 1 88 516 512 87 693 1373 1357 692
2297 5 2 0 1 693 1373 1357 692 712 1374 1358 711
2298 5 2 0 1 712 1374 1358 711 731 1375 1359 730
2299 5 2 0 1 731 1375 1359 730 750 1376 1360 749
2300 5 2 0 1 750 1376 1360 749 134 592 588 133
2301 5 2 0 1 517 66 65 513 1377 618 617 1361
2302 5 2 0 1 1377 618 617 1361 1378 637 636 1362
2303 5 2 0 1 1378 637 636 1362 1379 656 655 1363
2304 5 2 0 1 1379 656 655 1363 1380 675 674 1364
2305 5 2 0 1 1380 675 674 1364 593 112 111 589
2306 5 2 0 1 518 517 513 514 1381 1377 1361 1365
2307 5 2 0 1 1381 1377 1361 1365 1382 1378 1362 1366
2308 5 2 0 1 1382 1378 1362 1366 1383 1379 1363 1367
2309 5 2 0 1 1383 1379 1363 1367 1384 1380 1364 1368
2310 5 2 0 1 1384 1380 1364 1368 594 593 589 590
2311 5 2 0 1 519 518 514 515 1385 1381 1365 1369
2312 5 2 0 1 1385 1381 1365 1369 1386 1382 1366 1370
2313 5 2 0 1 1386 1382 1366 1370 1387 1383 1367 1371
2314 5 2 0 1 1387 1383 1367 1371 1388 1384 1368 1372
2315 5 2 0 1 1388 1384 1368 1372 595 594 590 591
2316 5 2 0 1 520 519 515 516 1389 1385 1369 1373
2317 5 2 0 1 1389 1385 1369 1373 1390 1386 1370 1374
2318 5 2 0 1 1390 1386 1370 1374 1391 1387 1371 1375
2319 5 2 0 1 1391 1387 1371 1375 1392 1388 1372 1376
2320 5 2 0 1 1392 1388 1372 1376 596 595 591 592
2321 5 2 0 1 89 520 516 88 694 1389 1373 693
2322 5 2 0 1 694 1389 1373 693 713 1390 1374 712
2323 5 2 0 1 713 1390 1374 712 732 1391 1375 731
2324 5 2 0 1 732 1391 1375 731 751 1392 1376 750
2325 5 2 0 1 751 1392 1376 750 135 596 592 134
2326 5 2 0 1 521 67 66 517 1393 619 618 1377
2327 5 2 0 1 1393 619 618 1377 1394 638 637 1378
2328 5 2 0 1 1394 638 637 1378 1395 657 656 1379
2329 5 2 0 1 1395 657 656 1379 1396 676 675 1380
2330 5 2 0 1 1396 676 675 1380 597 113 112 593
2331 5 2 0 1 522 521 517 518 1397 1393 1377 1381
2332 5 2 0 1 1397 1393 1377 1381 1398 1394 1378 1382
2333 5 2 0 1 1398 1394 1378 1382 1399 1395 1379 1383
2334 5 2 0 1 1399 1395 1379 1383 1400 1396 1380 1384
2335 5 2 0 1 1400 1396 1380 1384 598 597 593 594
2336 5 2 0 1 523 522 518 519 1401 1397 1381 1385
2337 5 2 0 1 1401 1397 1381 1385 1402 1398 1382 1386
2338 5 2 0 1 1402 1398 1382 1386 1403 1399 1383 1387
2339 5 2 0 1 1403 1399 1383 1387 1404 1400 1384 1388
2340 5 2 0 1 1404 1400 1384 1388 599 598 594 595
2341 5 2 0 1 524 523 519 520 1405 1401 1385 1389
2342 5 2 0 1 1405 1401 1385 1389 1406 1402 1386 1390
2343 5 2 0 1 1406 1402 1386 1390 1407 1403 1387 1391
2344 5 2 0 1 1407 1403 1387 1391 1408 1404 1388 1392
2345 5 2 0 1 1408 1404 1388 1392 600 599 595 596
2346 5 2 0 1 90 524 520 89 695 1405 1389 694
2347 5 2 0 1 695 1405 1389 694 714 1406 1390 713
2348 5 2 0 1 714 1406 1390 713 733 1407 1391 732
2349 5 2 0 1 733 1407 1391 732 752 1408 1392 751
2350 5 2 0 1 752 1408 1392 751 136 600 596 135
2351 5 2 0 1 68 1 67 521 769 145 619 1393
2352 5 2 0 1 769 145 619 1393 770 146 638 1394
2353 5 2 0 1 770 146 638 1394 771 147 657 1395
2354 5 2 0 1 771 147 657 1395 772 148 676 1396
2355 5 2 0 1 772 148 676 1396 114 5 113 597
2356 5 2 0 1 69 68 521 522 773 769 1393 1397
2357 5 2 0 1 773 769 1393 1397 774 770 1394 1398
2358 5 2 0 1 774 770 1394 1398 775 771 1395 1399
2359 5 2 0 1 775 771 1395 1399 776 772 1396 1400
2360 5 2 0 1 776 772 1396 1400 115 114 597 598
2361 5 2 0 1 70 69 522 523 777 773 1397 1401
2362 5 2 0 1 777 773 1397 1401 778 774 1398 1402
2363 5 2 0 1 778 774 1398 1402 779 775 1399 1403
2364 5 2 0 1 779 775 1399 1403 780 776 1400 1404
2365 5 2 0 1 780 776 1400 1404 116 115 598 599
2366 5 2 0 1 71 70 523 524 781 777 1401 1405
2367 5 2 0 1 781 777 1401 1405 782 778 1402 1406
2368 5 2 0 1 782 778 1402 1406 783 779 1403 1407
2369 5 2 0 1 783 779 1403 1407 784 780 1404 1408
2370 5 2 0 1 784 780 1404 1408 117 116 599 600
2371 5 2 0 1 3 71 524 90 153 781 1405 695
2372 5 2 0 1 153 781 1405 695 154 782 1406 714
2373 5 2 0 1 154 782 1406 714 155 783 1407 733
2374 5 2 0 1 155 783 1407 733 156 784 1408 752
2375 5 2 0 1 156 784 1408 752 7 117 600 136
2376 5 2 0 2 2 91 753 141 10 157 785 169
2377 5 2 0 2 141 753 754 142 169 785 786 170
2378 5 2 0 2 142 754 755 143 170 786 787 171
2379 5 2 0 2 143 755 756 144 171 787 788 172
2380 5 2 0 2 144 756 137 6 172 788 165 12
2381 5 2 0 2 91 92 757 753 157 158 789 785
2382 5 2 0 2 753 757 758 754 785 789 790 786
2383 5 2 0 2 754 758 759 755 786 790 791 787
2384 5 2 0 2 755 759 760 756 787 791 792 788
2385 5 2 0 2 756 760 138 137 788 792 166 165
2386 5 2 0 2 92 93 761 757 158 159 793 789
2387 5 2 0 2 757 761 762 758 789 793 794 790
2388 5 2 0 2 758 762 763 759 790 794 795 791
2389 5 2 0 2 759 763 764 760 791 795 796 792
2390 5 2 0 2 760 764 139 138 792 796 167 166
2391 5 2 0 2 93 94 765 761 159 160 797 793
2392 5 2 0 2 761 765 766 762 793 797 798 794
2393 5 2 0 2 762 766 767 763 794 798 799 795
2394 5 2 0 2 763 767 768 764 795 799 800 796
2395 5 2 0 2 764 768 140 139 796 800 168 167
2396 5 2 0 2 94 4 149 765 160 9 161 797
2397 5 2 0 2 765 149 150 766 797 161 162 798
2398 5 2 0 2 766 150 151 767 798 162 163 799
2399 5 2 0 2 767 151 152 768 799 163 164 800
2400 5 2 0 2 768 152 8 140 800 164 11 168
2401 5 2 0 3 2 49 449 91 14 173 801 215
2402 5 2 0 3 91 449 450 92 215 801 802 216
2403 5 2 0 3 92 450 451 93 216 802 803 217
2404 5 2 0 3 93 451 452 94 217 803 804 218
2405 5 2 0 3 94 452 72 4 218 804 196 16
2406 5 2 0 3 49 50 453 449 173 174 805 801
2407 5 2 0 3 449 453 454 450 801 805 806 802
2408 5 2 0 3 450 454 455 451 802 806 807 803
2409 5 2 0 3 451 455 456 452 803 807 808 804
2410 5 2 0 3 452 456 73 72 804 808 197 196
2411 5 2 0 3 50 51 457 453 174 175 809 805
2412 5 2 0 3 453 457 458 454 805 809 810 806
2413 5 2 0 3 454 458 459 455 806 810 811 807
2414 5 2 0 3 455 459 460 456 807 811 812 808
2415 5 2 0 3 456 460 74 73 808 812 198 197
2416 5 2 0 3 51 52 461 457 175 176 813 809
2417 5 2 0 3 457 461 462 458 809 813 814 810
2418 5 2 0 3 458 462 463 459 810 814 815 811
2419 5 2 0 3 459 463 464 460 811 815 816 812
2420 5 2 0 3 460 464 75 74 812 816 199 198
2421 5 2 0 3 52 53 465 461 176 177 817 813
2422 5 2 0 3 461 465 466 462 813 817 818 814
2423 5 2 0 3 462 466 467 463 814 818 819 815
2424 5 2 0 3 463 467 468 464 815 819 820 816
2425 5 2 0 3 464 468 76 75 816 820 200 199
2426 5 2 0 3 53 54 469 465 177 178 821 817
2427 5 2 0 3 465 469 470 466 817 821 822 818
2428 5 2 0 3 466 470 471 467 818 822 823 819
2429 5 2 0 3 467 471 472 468 819 823 824 820
2430 5 2 0 3 468 472 77 76 820 824 201 200
2431 5 2 0 3 54 55 473 469 178 179 825 821
2432 5 2 0 3 469 473 474 470 821 825 826 822
2433 5 2 0 3 470 474 475 471 822 826 827 823
2434 5 2 0 3 471 475 476 472 823 827 828 824
2435 5 2 0 3 472 476 78 77 824 828 202 201
2436 5 2 0 3 55 56 477 473 179 180 829 825
2437 5 2 0 3 473 477 478 474 825 829 830 826
2438 5 2 0 3 474 478 479 475 826 830 831 827
2439 5 2 0 3 475 479 480 476 827 831 832 828
2440 5 2 0 3 476 480 79 78 828 832 203 202
2441 5 2 0 3 56 57 481 477 180 181 833 829
2442 5 2 0 3 477 481 482 478 829 833 834 830
2443 5 2 0 3 478 482 483 479 830 834 835 831
2444 5 2 0 3 479 483 484 480 831 835 836 832
2445 5 2 0 3 480 484 80 79 832 836 204 203
2446 5 2 0 3 57 58 485 481 181 182 837 833
2447 5 2 0 3 481 485 486 482 833 837 838 834
2448 5 2 0 3 482 486 487 483 834 838 839 835
2449 5 2 0 3 483 487 488 484 835 839 840 836
2450 5 2 0 3 484 488 81 80 836 840 205 204
2451 5 2 0 3 58 59 489 485 182 183 841 837
2452 5 2 0 3 485 489 490 486 837 841 842 838
2453 5 2 0 3 486 490 491 487 838 842 843 839
2454 5 2 0 3 487 491 492 488 839 843 844 840
2455 5 2 0 3 488 492 82 81 840 844 206 205
2456 5 2 0 3 59 60 493 489 183 184 845 841
2457 5 2 0 3 489 493 494 490 841 845 846 842
2458 5 2 0 3 490 494 495 491 842 846 847 843
2459 5 2 0 3 491 495 496 492 843 847 848 844
2460 5 2 0 3 492 496 83 82 844 848 207 206
2461 5 2 0 3 60 61 497 493 184 185 849 845
2462 5 2 0 3 493 497 498 494 845 849 850 846
2463 5 2 0 3 494 498 499 495 846 850 851 847
2464 5 2 0 3 495 499 500 496 847 851 852 848
2465 5 2 0 3 496 500 84 83 848 852 208 207
2466 5 2 0 3 61 62 501 497 185 186 853 849
2467 5 2 0 3 497 501 502 498 849 853 854 850
2468 5 2 0 3 498 502 503 499 850 854 855 851
2469 5 2 0 3 499 503 504 500 851 855 856 852
2470 5 2 0 3 500 504 85 84 852 856 209 208
2471 5 2 0 3 62 63 505 501 186 187 857 853
2472 5 2 0 3 501 505 506 502 853 857 858 854
2473 5 2 0 3 502 506 507 503 854 858 859 855
2474 5 2 0 3 503 507 508 504 855 859 860 856
2475 5 2 0 3 504 508 86 85 856 860 210 209
2476 5 2 0 3 63 64 509 505 187 188 861 857
2477 5 2 0 3 505 509 510 506 857 861 862 858
2478 5 2 0 3 506 510 511 507 858 862 863 859
2479 5 2 0 3 507 511 512 508 859 863 864 860
2480 5 2 0 3 508 512 87 86 860 864 211 210
2481 5 2 0 3 64 65 513 509 188 189 865 861
2482 5 2 0 3 509 513 514 510 861 865 866 862
2483 5 2 0 3 510 514 515 511 862 866 867 863
2484 5 2 0 3 511 515 516 512 863 867 868 864
2485 5 2 0 3 512 516 88 87 864 868 212 211
2486 5 2 0 3 65 66 517 513 189 190 869 865
2487 5 2 0 3 513 517 518 514 865 869 870 866
2488 5 2 0 3 514 518 519 515 866 870 871 867
2489 5 2 0 3 515 519 520 516 867 871 872 868
2490 5 2 0 3 516 520 89 88 868 872 213 212
2491 5 2 0 3 66 67 521 517 190 191 873 869
2492 5 2 0 3 517 521 522 518 869 873 874 870
2493 5 2 0 3 518 522 523 519 870 874 875 871
2494 5 2 0 3 519 523 524 520 871 875 876 872
2495 5 2 0 3 520 524 90 89 872 876 214 213
2496 5 2 0 3 67 1 68 521 191 13 192 873
2497 5 2 0 3 521 68 69 522 873 192 193 874
2498 5 2 0 3 522 69 70 523 874 193 194 875
2499 5 2 0 3 523 70 71 524 875 194 195 876
2500 5 2 0 3 524 71 3 90 876 195 15 214
2501 5 2 0 4 525 95 6 137 877 219 18 261
2502 5 2 0 4 526 525 137 138 878 877 261 262
2503 5 2 0 4 527 526 138 139 879 878 262 263
2504 5 2 0 4 528 527 139 140 880 879 263 264
2505 5 2 0 4 118 528 140 8 242 880 264 20
2506 5 2 0 4 529 96 95 525 881 220 219 877
2507 5 2 0 4 530 529 525 526 882 881 877 878
2508 5 2 0 4 531 530 526 527 883 882 878 879
2509 5 2 0 4 532 531 527 528 884 883 879 880
2510 5 2 0 4 119 532 528 118 243 884 880 242
2511 5 2 0 4 533 97 96 529 885 221 220 881
2512 5 2 0 4 534 533 529 530 886 885 881 882
2513 5 2 0 4 535 534 530 531 887 886 882 883
2514 5 2 0 4 536 535 531 532 888 887 883 884
2515 5 2 0 4 120 536 532 119 244 888 884 243
2516 5 2 0 4 537 98 97 533 889 222 221 885
2517 5 2 0 4 538 537 533 534 890 889 885 886
2518 5 2 0 4 539 538 534 535 891 890 886 887
2519 5 2 0 4 540 539 535 536 892 891 887 888
2520 5 2 0 4 121 540 536 120 245 892 888 244
2521 5 2 0 4 541 99 98 537 893 223 222 889
2522 5 2 0 4 542 541 537 538 894 893 889 890
2523 5 2 0 4 543 542 538 539 895 894 890 891
2524 5 2 0 4 544 543 539 540 896 895 891 892
2525 5 2 0 4 122 544 540 121 246 896 892 245
2526 5 2 0 4 545 100 99 541 897 224 223 893
2527 5 2 0 4 546 545 541 542 898 897 893 894
2528 5 2 0 4 547 546 542 543 899 898 894 895
2529 5 2 0 4 548 547 543 544 900 899 895 896
2530 5 2 0 4 123 548 544 122 247 900 896 246
2531 5 2 0 4 549 101 100 545 901 225 224 897
2532 5 2 0 4 550 549 545 546 902 901 897 898
2533 5 2 0 4 551 550 546 547 903 902 898 899
2534 5 2 0 4 552 551 547 548 904 903 899 900
2535 5 2 0 4 124 552 548 123 248 904 900 247
2536 5 2 0 4 553 102 101 549 905 226 225 901
2537 5 2 0 4 554 553 549 550 906 905 901 902
2538 5 2 0 4 555 554 550 551 907 906 902 903
2539 5 2 0 4 556 555 551 552 908 907 903 904
2540 5 2 0 4 125 556 552 124 249 908 904 248
2541 5 2 0 4 557 103 102 553 909 227 226 905
2542 5 2 0 4 558 557 553 554 910 909 905 906
2543 5 2 0 4 559 558 554 555 911 910 906 907
2544 5 2 0 4 560 559 555 556 912 911 907 908
2545 5 2 0 4 126 560 556 125 250 912 908 249
2546 5 2 0 4 561 104 103 557 913 228 227 909
2547 5 2 0 4 562 561 557 558 914 913 909 910
2548 5 2 0 4 563 562 558 559 915 914 910 911
2549 5 2 0 4 564 563 559 560 916 915 911 912
2550 5 2 0 4 127 564 560 126 251 916 912 250
2551 5 2 0 4 565 105 104 561 917 229 228 913
2552 5 2 0 4 566 565 561 562 918 917 913 914
2553 5 2 0 4 567 566 562 563 919 918 914 915
2554 5 2 0 4 568 567 563 564 920 919 915 916
2555 5 2 0 4 128 568 564 127 252 920 916 251
2556 5 2 0 4 569 106 105 565 921 230 229 917
2557 5 2 0 4 570 569 565 566 922 921 917 918
2558 5 2 0 4 571 570 566 567 923 922 918 919
2559 5 2 0 4 572 571 567 568 924 923 919 920
2560 5 2 0 4 129 572 568 128 253 924 920 252
2561 5 2 0 4 573 107 106 569 925 231 230 921
2562 5 2 0 4 574 573 569 570 926 925 921 922
2563 5 2 0 4 575 574 570 571 927 926 922 923
2564 5 2 0 4 576 575 571 572 928 927 923 924
2565 5 2 0 4 130 576 572 129 254 928 924 253
2566 5 2 0 4 577 108 107 573 929 232 231 925
2567 5 2 0 4 578 577 573 574 930 929 925 926
2568 5 2 0 4 579 578 574 575 931 930 926 927
2569 5 2 0 4 580 579 575 576 932 931 927 928
2570 5 2 0 4 131 580 576 130 255 932 928 254
2571 5 2 0 4 581 109 108 577 933 233 232 929
2572 5 2 0 4 582 581 577 578 934 933 929 930
2573 5 2 0 4 583 582 578 579 935 934 930 931
2574 5 2 0 4 584 583 579 580 936 935 931 932
2575 5 2 0 4 132 584 580 131 256 936 932 255
2576 5 2 0 4 585 110 109 581 937 234 233 933
2577 5 2 0 4 586 585 581 582 938 937 933 934
2578 5 2 0 4 587 586 582 583 939 938 934 935
2579 5 2 0 4 588 587 583 584 940 939 935 936
2580 5 2 0 4 133 588 584 132 257 940 936 256
2581 5 2 0 4 589 111 110 585 941 235 234 937
2582 5 2 0 4 590 589 585 586 942 941 937 938
2583 5 2 0 4 591 590 586 587 943 942 938 939
2584 5 2 0 4 592 591 587 588 944 943 939 940
2585 5 2 0 4 134 592 588 133 258 944 940 257
2586 5 2 0 4 593 112 111 589 945 236 235 941
2587 5 2 0 4 594 593 589 590 946 945 941 942
2588 5 2 0 4 595 594 590 591 947 946 942 943
2589 5 2 0 4 596 595 591 592 948 947 943 944
2590 5 2 0 4 135 596 592 134 259 948 944 258
2591 5 2 0 4 597 113 112 593 949 237 236 945
2592 5 2 0 4 598 597 593 594 950 949 945 946
2593 5 2 0 4 599 598 594 595 951 950 946 947
2594 5 2 0 4 600 599 595 596 952 951 947 948
2595 5 2 0 4 136 600 596 135 260 952 948 259
2596 5 2 0 4 114 5 113 597 238 17 237 949
2597 5 2 0 4 115 114 597 598 239 238 949 950
2598 5 2 0 4 116 115 598 599 240 239 950 951
2599 5 2 0 4 117 116 599 600 241 240 951 952
2600 5 2 0 4 7 117 600 136 19 241 952 260
2601 5 2 0 5 2 141 601 49 22 265 953 292
2602 5 2 0 5 49 601 602 50 292 953 954 293
2603 5 2 0 5 50 602 603 51 293 954 955 294
2604 5 2 0 5 51 603 604 52 294 955 956 295
2605 5 2 0 5 52 604 605 53 295 956 957 296
2606 5 2 0 5 53 605 606 54 296 957 958 297
2607 5 2 0 5 54 606 607 55 297 958 959 298
2608 5 2 0 5 55 607 608 56 298 959 960 299
2609 5 2 0 5 56 608 609 57 299 960 961 300
2610 5 2 0 5 57 609 610 58 300 961 962 301
2611 5 2 0 5 58 610 611 59 301 962 963 302
2612 5 2 0 5 59 611 612 60 302 963 964 303
2613 5 2 0 5 60 612 613 61 303 964 965 304
2614 5 2 0 5 61 613 614 62 304 965 966 305
2615 5 2 0 5 62 614 615 63 305 966 967 306
2616 5 2 0 5 63 615 616 64 306 967 968 307
2617 5 2 0 5 64 616 617 65 307 968 969 308
2618 5 2 0 5 65 617 618 66 308 969 970 309
2619 5 2 0 5 66 618 619 67 309 970 971 310
2620 5 2 0 5 67 619 145 1 310 971 288 24
2621 5 2 0 5 141 142 620 601 265 266 972 953
2622 5 2 0 5 601 620 621 602 953 972 973 954
2623 5 2 0 5 602 621 622 603 954 973 974 955
2624 5 2 0 5 603 622 623 604 955 974 975 956
2625 5 2 0 5 604 623 624 605 956 975 976 957
2626 5 2 0 5 605 624 625 606 957 976 977 958
2627 5 2 0 5 606 625 626 607 958 977 978 959
2628 5 2 0 5 607 626 627 608 959 978 979 960
2629 5 2 0 5 608 627 628 609 960 979 980 961
2630 5 2 0 5 609 628 629 610 961 980 981 962
2631 5 2 0 5 610 629 630 611 962 981 982 963
2632 5 2 0 5 611 630 631 612 963 982 983 964
2633 5 2 0 5 612 631 632 613 964 983 984 965
2634 5 2 0 5 613 632 633 614 965 984 985 966
2635 5 2 0 5 614 633 634 615 966 985 986 967
2636 5 2 0 5 615 634 635 616 967 986 987 968
2637 5 2 0 5 616 635 636 617 968 987 988 969
2638 5 2 0 5 617 636 637 618 969 988 989 970
2639 5 2 0 5 618 637 638 619 970 989 990 971
2640 5 2 0 5 619 638 146 145 971 990 289 288
2641 5 2 0 5 142 143 639 620 266 267 991 972
2642 5 2 0 5 620 639 640 621 972 991 992 973
2643 5 2 0 5 621 640 641 622 973 992 993 974
2644 5 2 0 5 622 641 642 623 974 993 994 975
2645 5 2 0 5 623 642 643 624 975 994 995 976
2646 5 2 0 5 624 643 644 625 976 995 996 977
2647 5 2 0 5 625 644 645 626 977 996 997 978
2648 5 2 0 5 626 645 646 627 978 997 998 979
2649 5 2 0 5 627 646 647 628 979 998 999 980
2650 5 2 0 5 628 647 648 629 980 999 1000 981
2651 5 2 0 5 629 648 649 630 981 1000 1001 982
2652 5 2 0 5 630 649 650 631 982 1001 1002 983
2653 5 2 0 5 631 650 651 632 983 1002 1003 984
2654 5 2 0 5 632 651 652 633 984 1003 1004 985
2655 5 2 0 5 633 652 653 634 985 1004 1005 986
2656 5 2 0 5 634 653 654 635 986 1005 1006 987
2657 5 2 0 5 635 654 655 636 987 1006 1007 988
2658 5 2 0 5 636 655 656 637 988 1007 1008 989
2659 5 2 0 5 637 656 657 638 989 1008 1009 990
2660 5 2 0 5 638 657 147 146 990 1009 290 289
2661 5 2 0 5 143 144 658 639 267 268 1010 991
2662 5 2 0 5 639 658 659 640 991 1010 1011 992
2663 5 2 0 5 640 659 660 641 992 1011 1012 993
2664 5 2 0 5 641 660 661 642 993 1012 1013 994
2665 5 2 0 5 642 661 662 643 994 1013 1014 995
2666 5 2 0 5 643 662 663 644 995 1014 1015 996
2667 5 2 0 5 644 663 664 645 996 1015 1016 997
2668 5 2 0 5 645 664 665 646 997 1016 1017 998
2669 5 2 0 5 646 665 666 647 998 1017 1018 999
2670 5 2 0 5 647 666 667 648 999 1018 1019 1000
2671 5 2 0 5 648 667 668 649 1000 1019 1020 1001
2672 5 2 0 5 649 668 669 650 1001 1020 1021 1002
2673 5 2 0 5 650 669 670 651 1002 1021 1022 1003
2674 5 2 0 5 651 670 671 652 1003 1022 1023 1004
2675 5 2 0 5 652 671 672 653 1004 1023 1024 1005
2676 5 2 0 5 653 672 673 654 1005 1024 1025 1006
2677 5 2 0 5 654 673 674 655 1006 1025 1026 1007
2678 5 2 0 5 655 674 675 656 1007 1026 1027 1008
2679 5 2 0 5 656 675 676 657 1008 1027 1028 1009
2680 5 2 0 5 657 676 148 147 1009 1028 291 290
2681 5 2 0 5 144 6 95 658 268 21 269 1010
2682 5 2 0 5 658 95 96 659 1010 269 270 1011
2683 5 2 0 5 659 96 97 660 1011 270 271 1012
2684 5 2 0 5 660 97 98 661 1012 271 272 1013
2685 5 2 0 5 661 98 99 662 1013 272 273 1014
2686 5 2 0 5 662 99 100 663 1014 273 274 1015
2687 5 2 0 5 663 100 101 664 1015 274 275 1016
2688 5 2 0 5 664 101 102 665 1016 275 276 1017
2689 5 2 0 5 665 102 103 666 1017 276 277 1018
2690 5 2 0 5 666 103 104 667 1018 277 278 1019
2691 5 2 0 5 667 104 105 668 1019 278 279 1020
2692 5 2 0 5 668 105 106 669 1020 279 280 1021
2693 5 2 0 5 669 106 107 670 1021 280 281 1022
2694 5 2 0 5 670 107 108 671 1022 281 282 1023
2695 5 2 0 5 671 108 109 672 1023 282 283 1024
2696 5 2 0 5 672 109 110 673 1024 283 284 1025
2697 5 2 0 5 673 110 111 674 1025 284 285 1026
2698 5 2 0 5 674 111 112 675 1026 285 286 1027
2699 5 2 0 5 675 112 113 676 1027 286 287 1028
2700 5 2 0 5 676 113 5 148 1028 287 23 291
2701 5 2 0 6 677 149 4 72 1029 311 26 338
2702 5 2 0 6 678 677 72 73 1030 1029 338 339
2703 5 2 0 6 679 678 73 74 1031 1030 339 340
2704 5 2 0 6 680 679 74 75 1032 1031 340 341
2705 5 2 0 6 681 680 75 76 1033 1032 341 342
2706 5 2 0 6 682 681 76 77 1034 1033 342 343
2707 5 2 0 6 683 682 77 78 1035 1034 343 344
2708 5 2 0 6 684 683 78 79 1036 1035 344 345
2709 5 2 0 6 685 684 79 80 1037 1036 345 346
2710 5 2 0 6 686 685 80 81 1038 1037 346 347
2711 5 2 0 6 687 686 81 82 1039 1038 347 348
2712 5 2 0 6 688 687 82 83 1040 1039 348 349
2713 5 2 0 6 689 688 83 84 1041 1040 349 350
2714 5 2 0 6 690 689 84 85 1042 1041 350 351
2715 5 2 0 6 691 690 85 86 1043 1042 351 352
2716 5 2 0 6 692 691 86 87 1044 1043 352 353
2717 5 2 0 6 693 692 87 88 1045 1044 353 354
2718 5 2 0 6 694 693 88 89 1046 1045 354 355
2719 5 2 0 6 695 694 89 90 1047 1046 355 356
2720 5 2 0 6 153 695 90 3 334 1047 356 28
2721 5 2 0 6 696 150 149 677 1048 312 311 1029
2722 5 2 0 6 697 696 677 678 1049 1048 1029 1030
2723 5 2 0 6 698 697 678 679 1050 1049 1030 1031
2724 5 2 0 6 699 698 679 680 1051 1050 1031 1032
2725 5 2 0 6 700 699 680 681 1052 1051 1032 1033
2726 5 2 0 6 701 700 681 682 1053 1052 1033 1034
2727 5 2 0 6 702 701 682 683 1054 1053 1034 1035
2728 5 2 0 6 703 702 683 684 1055 1054 1035 1036
2729 5 2 0 6 704 703 684 685 1056 1055 1036 1037
2730 5 2 0 6 705 704 685 686 1057 1056 1037 1038
2731 5 2 0 6 706 705 686 687 1058 1057 1038 1039
2732 5 2 0 6 707 706 687 688 1059 1058 1039 1040
2733 5 2 0 6 708 707 688 689 1060 1059 1040 1041
2734 5 2 0 6 709 708 689 690 1061 1060 1041 1042
2735 5 2 0 6 710 709 690 691 1062 1061 1042 1043
2736 5 2 0 6 711 710 691 692 1063 1062 1043 1044
2737 5 2 0 6 712 711 692 693 1064 1063 1044 1045
2738 5 2 0 6 713 712 693 694 1065 1064 1045 1046
2739 5 2 0 6 714 713 694 695 1066 1065 1046 1047
2740 5 2 0 6 154 714 695 153 335 1066 1047 334
2741 5 2 0 6 715 151 150 696 1067 313 312 1048
2742 5 2 0 6 716 715 696 697 1068 1067 1048 1049
2743 5 2 0 6 717 716 697 698 1069 1068 1049 1050
2744 5 2 0 6 718 717 698 699 1070 1069 1050 1051
2745 5 2 0 6 719 718 699 700 1071 1070 1051 1052
2746 5 2 0 6 720 719 700 701 1072 1071 1052 1053
2747 5 2 0 6 721 720 701 702 1073 1072 1053 1054
2748 5 2 0 6 722 721 702 703 1074 1073 1054 1055
2749 5 2 0 6 723 722 703 704 1075 1074 1055 1056
2750 5 2 0 6 724 723 704 705 1076 1075 1056 1057
2751 5 2 0 6 725 724 705 706 1077 1076 1057 1058
2752 5 2 0 6 726 725 706 707 1078 1077 1058 1059
2753 5 2 0 6 727 726 707 708 1079 1078 1059 1060
2754 5 2 0 6 728 727 708 709 1080 1079 1060 1061
2755 5 2 0 6 729 728 709 710 1081 1080 1061 1062
2756 5 2 0 6 730 729 710 711 1082 1081 1062 1063
2757 5 2 0 6 731 730 711 712 1083 1082 1063 1064
2758 5 2 0 6 732 731 712 713 1084 1083 1064 1065
2759 5 2 0 6 733 732 713 714 1085 1084 1065 1066
2760 5 2 0 6 155 733 714 154 336 1085 1066 335
2761 5 2 0 6 734 152 151 715 1086 314 313 1067
2762 5 2 0 6 735 734 715 716 1087 1086 1067 1068
2763 5 2 0 6 736 735 716 717 1088 1087 1068 1069
2764 5 2 0 6 737 736 717 718 1089 1088 1069 1070
2765 5 2 0 6 738 737 718 719 1090 1089 1070 1071
2766 5 2 0 6 739 738 719 720 1091 1090 1071 1072
2767 5 2 0 6 740 739 720 721 1092 1091 1072 1073
2768 5 2 0 6 741 740 721 722 1093 1092 1073 1074
2769 5 2 0 6 742 741 722 723 1094 1093 1074 1075
2770 5 2 0 6 743 742 723 724 1095 1094 1075 1076
2771 5 2 0 6 744 743 724 725 1096 1095 1076 1077
2772 5 2 0 6 745 744 725 726 1097 1096 1077 1078
2773 5 2 0 6 746 745 726 727 1098 1097 1078 1079
2774 5 2 0 6 747 746 727 728 1099 1098 1079 1080
2775 5 2 0 6 748 747 728 729 1100 1099 1080 1081
2776 5 2 0 6 749 748 729 730 1101 1100 1081 1082
2777 5 2 0 6 750 749 730 731 1102 1101 1082 1083
2778 5 2 0 6 751 750 731 732 1103 1102 1083 1084
2779 5 2 0 6 752 751 732 733 1104 1103 1084 1085
2780 5 2 0 6 156 752 733 155 337 1104 1085 336
2781 5 2 0 6 118 8 152 734 315 25 314 1086
2782 5 2 0 6 119 118 734 735 316 315 1086 1087
2783 5 2 0 6 120 119 735 736 317 316 1087 1088
2784 5 2 0 6 121 120 736 737 318 317 1088 1089
2785 5 2 0 6 122 121 737 738 319 318 1089 1090
2786 5 2 0 6 123 122 738 739 320 319 1090 1091
2787 5 2 0 6 124 123 739 740 321 320 1091 1092
2788 5 2 0 6 125 124 740 741 322 321 1092 1093
2789 5 2 0 6 126 125 741 742 323 322 1093 1094
2790 5 2 0 6 127 126 742 743 324 323 1094 1095
2791 5 2 0 6 128 127 743 744 325 324 1095 1096
2792 5 2 0 6 129 128 744 745 326 325 1096 1097
2793 5 2 0 6 130 129 745 746 327 326 1097 1098
2794 5 2 0 6 131 130 746 747 328 327 1098 1099
2795 5 2 0 6 132 131 747 748 329 328 1099 1100
2796 5 2 0 6 133 132 748 749 330 329 1100 1101
2797 5 2 0 6 134 133 749 750 331 330 1101 1102
2798 5 2 0 6 135 134 750 751 332 331 1102 1103
2799 5 2 0 6 136 135 751 752 333 332 1103 1104
2800 5 2 0 6 7 136 752 156 27 333 1104 337
2801 5 2 0 7 2 91 157 10 14 215 357 30
2802 5 2 0 7 91 92 158 157 215 216 358 357
2803 5 2 0 7 92 93 159 158 216 217 359 358
2804 5 2 0 7 93 94 160 159 217 218 360 359
2805 5 2 0 7 94 4 9 160 218 16 29 360
2806 5 2 0 8 165 137 6 12 361 261 18 32
2807 5 2 0 8 166 138 137 165 362 262 261 361
2808 5 2 0 8 167 139 138 166 363 263 262 362
2809 5 2 0 8 168 140 139 167 364 264 263 363
2810 5 2 0 8 11 8 140 168 31 20 264 364
2811 5 2 0 9 169 141 2 10 365 265 22 34
2812 5 2 0 9 170 142 141 169 366 266 265 365
2813 5 2 0 9 171 143 142 170 367 267 266 366
2814 5 2 0 9 172 144 143 171 368 268 267 367
2815 5 2 0 9 12 6 144 172 33 21 268 368
2816 5 2 0 10 4 149 161 9 26 311 369 36
2817 5 2 0 10 149 150 162 161 311 312 370 369
2818 5 2 0 10 150 151 163 162 312 313 371 370
2819 5 2 0 10 151 152 164 163 313 314 372 371
2820 5 2 0 10 152 8 11 164 314 25 35 372
2821 5 2 0 11 2 49 173 14 22 292 373 38
2822 5 2 0 11 49 50 174 173 292 293 374 373
2823 5 2 0 11 50 51 175 174 293 294 375 374
2824 5 2 0 11 51 52 176 175 294 295 376 375
2825 5 2 0 11 52 53 177 176 295 296 377 376
2826 5 2 0 11 53 54 178 177 296 297 378 377
2827 5 2 0 11 54 55 179 178 297 298 379 378
2828 5 2 0 11 55 56 180 179 298 299 380 379
2829 5 2 0 11 56 57 181 180 299 300 381 380
2830 5 2 0 11 57 58 182 181 300 301 382 381
2831 5 2 0 11 58 59 183 182 301 302 383 382
2832 5 2 0 11 59 60 184 183 302 303 384 383
2833 5 2 0 11 60 61 185 184 303 304 385 384
2834 5 2 0 11 61 62 186 185 304 305 386 385
2835 5 2 0 11 62 63 187 186 305 306 387 386
2836 5 2 0 11 63 64 188 187 306 307 388 387
2837 5 2 0 11 64 65 189 188 307 308 389 388
2838 5 2 0 11 65 66 190 189 308 309 390 389
2839 5 2 0 11 66 67 191 190 309 310 391 390
2840 5 2 0 11 67 1 13 191 310 24 37 391
2841 5 2 0 12 4 72 338 26 16 196 392 40
2842 5 2 0 12 72 73 339 338 196 197 393 392
2843 5 2 0 12 73 74 340 339 197 198 394 393
2844 5 2 0 12 74 75 341 340 198 199 395 394
2845 5 2 0 12 75 76 342 341 199 200 396 395
2846 5 2 0 12 76 77 343 342 200 201 397 396
2847 5 2 0 12 77 78 344 343 201 202 398 397
2848 5 2 0 12 78 79 345 344 202 203 399 398
2849 5 2 0 12 79 80 346 345 203 204 400 399
2850 5 2 0 12 80 81 347 346 204 205 401 400
2851 5 2 0 12 81 82 348 347 205 206 402 401
2852 5 2 0 12 82 83 349 348 206 207 403 402
2853 5 2 0 12 83 84 350 349 207 208 404 403
2854 5 2 0 12 84 85 351 350 208 209 405 404
2855 5 2 0 12 85 86 352 351 209 210 406 405
2856 5 2 0 12 86 87 353 352 210 211 407 406
2857 5 2 0 12 87 88 354 353 211 212 408 407
2858 5 2 0 12 88 89 355 354 212 213 409 408
2859 5 2 0 12 89 90 356 355 213 214 410 409
2860 5 2 0 12 90 3 28 356 214 15 39 410
2861 5 2 0 13 219 95 6 18 411 269 21 42
2862 5 2 0 13 220 96 95 219 412 270 269 411
2863 5 2 0 13 221 97 96 220 413 271 270 412
2864 5 2 0 13 222 98 97 221 414 272 271 413
2865 5 2 0 13 223 99 98 222 415 273 272 414
2866 5 2 0 13 224 100 99 223 416 274 273 415
2867 5 2 0 13 225 101 100 224 417 275 274 416
2868 5 2 0 13 226 102 101 225 418 276 275 417
2869 5 2 0 13 227 103 102 226 419 277 276 418
2870 5 2 0 13 228 104 103 227 420 278 277 419
2871 5 2 0 13 229 105 104 228 421 279 278 420
2872 5 2 0 13 230 106 105 229 422 280 279 421
2873 5 2 0 13 231 107 106 230 423 281 280 422
2874 5 2 0 13 232 108 107 231 424 282 281 423
2875 5 2 0 13 233 109 108 232 425 283 282 424
2876 5 2 0 13 234 110 109 233 426 284 283 425
2877 5 2 0 13 235 111 110 234 427 285 284 426
2878 5 2 0 13 236 112 111 235 428 286 285 427
2879 5 2 0 13 237 113 112 236 429 287 286 428
2880 5 2 0 13 17 5 113 237 41 23 287 429
2881 5 2 0 14 8 118 242 20 25 315 430 44
2882 5 2 0 14 118 119 243 242 315 316 431 430
2883 5 2 0 14 119 120 244 243 316 317 432 431
2884 5 2 0 14 120 121 245 244 317 318 433 432
2885 5 2 0 14 121 122 246 245 318 319 434 433
2886 5 2 0 14 122 123 247 246 319 320 435 434
2887 5 2 0 14 123 124 248 247 320 321 436 435
2888 5 2 0 14 124 125 249 248 321 322 437 436
2889 5 2 0 14 125 126 250 249 322 323 438 437
2890 5 2 0 14 126 127 251 250 323 324 439 438
2891 5 2 0 14 127 128 252 251 324 325 440 439
2892 5 2 0 14 128 129 253 252 325 326 441 440
2893 5 2 0 14 129 130 254 253 326 327 442 441
2894 5 2 0 14 130 131 255 254 327 328 443 442
2895 5 2 0 14 131 132 256 255 328 329 444 443
2896 5 2 0 14 132 133 257 256 329 330 445 444
2897 5 2 0 14 133 134 258 257 330 331 446 445
2898 5 2 0 14 134 135 259 258 331 332 447 446
2899 5 2 0 14 135 136 260 259 332 333 448 447
2900 5 2 0 14 136 7 19 260 333 27 43 448
2901 5 2 0 15 30 10 2 14 45 34 22 38
2902 5 2 0 16 4 9 29 16 26 36 46 40
2903 5 2 0 17 33 12 6 21 47 32 18 42
2904 5 2 0 18 31 11 8 20 48 35 25 44
$EndElements
