0.0025 -1.16275e-13 -7.8989e-05
0.005 1.81472e-12 -0.000177075
0.0075 -4.32811e-12 -0.00027518
0.01 3.38121e-12 -0.000373303
0.0125 3.04324e-13 -0.000471445
0.015 -1.55267e-12 -0.000569606
0.0175 2.70281e-12 -0.000667785
0.02 -5.44315e-12 -0.000765983
0.0225 3.21425e-12 -0.0008642
0.025 3.10221e-12 -0.000962435
0.0275 -6.97377e-12 -0.00106069
0.03 3.39532e-12 -0.00115896
0.0325 6.66173e-12 -0.00125725
0.035 -1.53536e-11 -0.00135556
0.0375 1.40304e-11 -0.00145389
0.04 -3.35171e-12 -0.00155224
0.0425 -1.11879e-11 -0.0016506
0.045 2.24693e-11 -0.00174899
0.0475 -1.57096e-11 -0.00184739
0.05 -6.03746e-12 -0.00194581
0.0525 2.27573e-11 -0.00204425
0.055 -2.14745e-11 -0.00214271
0.0575 3.36009e-12 -0.00224119
0.06 1.58996e-11 -0.00233969
0.0625 -2.43008e-11 -0.0024382
0.065 1.93973e-11 -0.00253674
0.0675 -1.56859e-12 -0.00263529
0.07 -1.522e-11 -0.00273386
0.0725 1.96925e-11 -0.00283245
0.075 -9.47119e-12 -0.00293106
0.0775 -6.82659e-12 -0.00302969
0.08 9.00288e-12 -0.00312833
0.0825 -4.85081e-12 -0.003227
0.085 6.08302e-12 -0.00332567
0.0875 -9.78441e-13 -0.00342437
0.09 -1.64662e-11 -0.00352305
0.0925 9.25838e-12 -0.00362169
0.095 -7.09704e-11 -0.0037202
0.0975 -2.53476e-10 -0.00381833
0.1 -9.68865e-10 -0.00391562
0.1025 -3.91225e-09 -0.00401106
0.105 -1.45998e-08 -0.00410281
0.1075 -5.25179e-08 -0.00418764
0.11 -1.81223e-07 -0.00426047
0.1125 -5.99028e-07 -0.00431408
0.115 -1.89654e-06 -0.00433951
0.1175 -5.74526e-06 -0.00432757
0.12 -1.66328e-05 -0.00427175
0.1225 -4.59429e-05 -0.00417195
0.125 -0.000120809 -0.00403754
0.1275 -0.000301476 -0.00388748
0.13 -0.000710787 -0.00374559
0.1325 -0.00157266 -0.00363128
0.135 -0.00323018 -0.00354973
0.1375 -0.00604183 -0.00348785
0.14 -0.00989043 -0.00342097
0.1425 -0.0127245 -0.00332865
0.145 -0.00703889 -0.0032096
0.1475 0.027456 -0.00308336
0.15 0.137248 -0.00297478
0.1525 0.416463 -0.00289229
0.155 1.03593 -0.00281979
0.1575 2.27372 -0.00273192
0.16 4.53142 -0.00261982
0.1625 8.30885 -0.00250071
0.165 14.1039 -0.00239905
0.1675 22.2141 -0.00231844
0.17 32.4556 -0.00223732
0.1725 43.8858 -0.00213534
0.175 54.6928 -0.00201917
0.1775 62.4463 -0.00191377
0.18 64.8214 -0.00182893
0.1825 60.6681 -0.00174589
0.185 50.9738 -0.00164384
0.1875 39.0524 -0.00152991
0.19 29.4505 -0.00142851
0.1925 25.7186 -0.00134453
0.195 28.1146 -0.00125597
0.1975 32.8524 -0.00114852
0.2 33.9784 -0.00103831
0.2025 27.2677 -0.000945514
0.205 13.6342 -0.000861053
0.2075 -0.866774 -0.000762083
0.21 -9.27011 -0.000650964
0.2125 -9.40234 -0.000550952
0.215 -6.18762 -0.000465261
0.2175 -7.74911 -0.000371559
0.22 -17.9562 -0.000262415
0.2225 -32.2314 -0.000158688
0.225 -41.4183 -7.07329e-05
0.2275 -40.8413 2.08232e-05
0.23 -35.508 0.000128157
0.2325 -35.1995 0.000233065
0.235 -43.7536 0.000322458
0.2375 -54.2848 0.000413847
0.24 -56.6656 0.000520475
0.2425 -49.5102 0.000624999
0.245 -42.3025 0.000714703
0.2475 -44.0426 0.000807239
0.25 -51.7654 0.000914141
0.2525 -53.9397 0.00101708
0.255 -45.4602 0.00110639
0.2575 -34.8444 0.00120125
0.26 -33.1281 0.00130876
0.2625 -38.658 0.00140893
0.265 -39.0968 0.00149797
0.2675 -28.9069 0.00159631
0.27 -17.7296 0.00170375
0.2725 -16.6646 0.00180014
0.275 -21.7568 0.00189019
0.2775 -19.6857 0.00199267
0.28 -8.10702 0.00209821
0.2825 0.344756 0.00219074
0.285 -2.43699 0.00228405
0.2875 -7.04266 0.00238994
0.29 -1.39426 0.00249116
0.2925 9.55931 0.00258159
0.295 11.6315 0.00268031
0.2975 4.85421 0.00278677
0.3 3.69 0.00288228
0.3025 12.6968 0.00297435
0.305 18.5333 0.00307854
0.3075 12.8033 0.00318125
0.31 6.85403 0.00327258
0.3125 12.0871 0.00337007
0.315 19.6869 0.00347575
0.3175 16.1909 0.00357114
0.32 7.84305 0.00366211
0.3225 9.50682 0.00376343
0.325 17.4686 0.00386102
0.3275 16.123 0.00394518
0.33 7.02022 0.00403177
0.3325 6.191 0.00411822
0.335 13.9577 0.00418452
0.3375 14.172 0.00423632
0.34 5.10645 0.00428125
0.3425 2.97401 0.00429899
0.345 10.5471 0.00428209
0.3475 11.6071 0.00424439
0.35 2.78013 0.00417754
0.3525 0.365914 0.0040698
0.355 7.96461 0.00394049
0.3575 9.14014 0.00380217
0.36 0.475427 0.00364904
0.3625 -1.37474 0.00349945
0.365 6.43162 0.00337684
0.3675 6.97785 0.00327327
0.37 -1.60331 0.00318538
0.3725 -2.14805 0.00312294
0.375 5.82739 0.00306677
0.3775 4.99715 0.00299227
0.38 -3.35162 0.00290436
0.3825 -1.93703 0.00280136
0.385 5.80464 0.00267375
0.3875 2.94696 0.00254373
0.39 -4.6221 0.00243338
0.3925 -0.796596 0.00233529
0.395 5.86138 0.00225107
0.3975 0.647012 0.00218374
0.4 -5.1465 0.00210631
0.4025 1.07523 0.00200465
0.405 5.42061 0.00189405
0.4075 -1.82832 0.00177695
0.41 -4.58295 0.0016584
0.4125 3.22203 0.00156293
0.415 3.98811 0.00148667
0.4175 -4.02813 0.00140454
0.42 -2.72011 0.00131481
0.4225 4.87653 0.00121439
0.425 1.42058 0.00109488
0.4275 -5.17066 0.000979443
0.43 0.207311 0.000886953
0.4325 5.12085 0.000801963
0.435 -1.7812 0.000716997
0.4375 -4.47413 0.000628941
0.44 3.27527 0.00052021
0.4425 3.35009 0.000401101
0.445 -4.39965 0.00029921
0.4475 -1.76399 0.000209684
0.45 5.00048 0.000122534
0.4525 -0.111361 3.69242e-05
0.455 -4.96989 -6.5001e-05
0.4575 1.92016 -0.000182896
0.46 4.01477 -0.000287811
0.4625 -3.80555 -0.000377774
0.465 -2.98007 -0.000466514
0.4675 4.11139 -0.00055475
0.47 -0.218251 -0.000655635
0.4725 -6.33493 -0.00077213
0.475 -0.722338 -0.000876086
0.4775 1.01718 -0.000963178
0.48 -8.04728 -0.00105268
0.4825 -9.43989 -0.00114655
0.485 -4.70197 -0.00125013
0.4875 -11.7831 -0.00136424
0.49 -20.9319 -0.00146346
0.4925 -18.645 -0.00154676
0.495 -20.7659 -0.00163936
0.4975 -32.6539 -0.00174145
0.5 -35.0237 -0.00184749
0.5025 -30.9268 -0.00195528
0.505 -36.9706 -0.00204729
0.5075 -40.6456 -0.00213054
0.51 -30.8921 -0.00223138
0.5125 -25.644 -0.00234085
0.515 -27.092 -0.00244326
0.5175 -17.367 -0.00254065
0.52 -5.61667 -0.00262923
0.5225 -6.93106 -0.00272076
0.525 -5.87727 -0.00283127
0.5275 3.0722 -0.00293913
0.53 1.4934 -0.00303034
0.5325 -4.52995 -0.00312165
0.535 2.26263 -0.0032176
0.5375 8.44637 -0.00332011
0.54 6.21428 -0.00342896
0.5425 13.7668 -0.00352285
0.545 26.7733 -0.00360542
0.5475 26.7038 -0.00370176
0.55 25.686 -0.00380325
0.5525 32.7982 -0.00389549
0.555 30.276 -0.00397882
0.5575 21.8797 -0.00404877
0.56 26.4436 -0.00411697
0.5625 31.7055 -0.00418977
0.565 27.7173 -0.00423908
0.5675 31.5831 -0.004258
0.57 39.0377 -0.00426386
0.5725 32.0432 -0.00425267
0.575 24.5851 -0.00421872
0.5775 26.8638 -0.00415553
0.58 21.9703 -0.00405255
0.5825 14.8774 -0.00393086
0.585 21.2976 -0.00380674
0.5875 24.5795 -0.00366339
0.59 16.221 -0.00350598
0.5925 14.5785 -0.00335626
0.595 14.4357 -0.00322289
0.5975 3.38777 -0.00311576
0.6 -0.233923 -0.00302606
0.6025 7.12784 -0.00293949
0.605 4.88494 -0.00287247
0.6075 0.203282 -0.00282205
0.61 3.8919 -0.00275714
0.6125 -1.11441 -0.00267133
0.615 -11.5485 -0.00256774
0.6175 -7.78527 -0.0024511
0.62 -3.10514 -0.00233367
0.6225 -7.71205 -0.002208
0.625 -5.24629 -0.0020798
0.6275 -2.3587 -0.0019802
0.63 -12.0676 -0.00190428
0.6325 -14.9122 -0.00182958
0.635 -6.88249 -0.00175273
0.6375 -7.62612 -0.00166698
0.64 -8.89236 -0.00157222
0.6425 -2.72082 -0.0014678
0.645 -7.07327 -0.00134177
0.6475 -14.9098 -0.00121605
0.65 -8.27351 -0.00111785
0.6525 -3.58517 -0.00103253
0.655 -7.13783 -0.000949264
0.6575 -3.05306 -0.000867939
0.66 -1.98532 -0.000779818
0.6625 -10.978 -0.000684024
0.665 -8.59773 -0.000571967
0.6675 0.247551 -0.0004453
0.67 -2.58921 -0.000337541
0.6725 -3.39565 -0.000252402
0.675 0.313239 -0.000167013
0.6775 -6.231 -8.12009e-05
0.68 -8.02817 8.29992e-06
0.6825 2.18325 0.000108611
0.685 2.0662 0.000218127
0.6875 -3.61865 0.00033753
0.69 -0.410794 0.000444951
0.6925 -2.36865 0.000525027
0.695 -6.22431 0.000606135
0.6975 2.48241 0.000700665
0.7 5.04531 0.000798901
0.7025 -3.7937 0.000905639
0.705 -2.79855 0.00101669
0.7075 0.435862 0.00112366
0.71 -3.10545 0.00122003
0.7125 1.76312 0.0012977
0.715 5.45397 0.0013813
0.7175 -3.97214 0.00149045
0.72 -4.88192 0.0016016
0.7225 2.79909 0.00170563
0.725 0.54767 0.00180736
0.7275 -0.000348585 0.0018995
0.73 3.37843 0.0019868
0.7325 -3.55001 0.00207616
0.735 -4.93027 0.00217692
0.7375 4.83308 0.00229562
0.74 2.95858 0.00240372
0.7425 -3.00655 0.00248904
0.745 0.419893 0.00257744
0.7475 -1.28835 0.00267291
0.75 -2.78143 0.00277181
0.7525 5.16395 0.00287889
0.755 2.5715 0.0029857
0.7575 -5.96895 0.00308679
0.76 -0.641615 0.00317545
0.7625 2.87316 0.00325604
0.765 -0.910771 0.0033571
0.7675 2.21937 0.0034713
0.77 0.619583 0.00357009
0.7725 -5.83911 0.00365952
0.775 1.24488 0.00374531
0.7775 5.90829 0.00382717
0.78 -2.11518 0.00391271
0.7825 -1.92373 0.00399849
0.785 1.52521 0.00408103
0.7875 -1.44366 0.00414624
0.79 3.05747 0.00418071
0.7925 5.38266 0.00421045
0.795 -3.18995 0.00424418
0.7975 -0.397688 0.00425434
0.8 8.29729 0.00423504
0.8025 4.73345 0.00418827
0.805 4.37364 0.00411447
0.8075 8.42603 0.00402281
0.81 5.93948 0.00391423
0.8125 11.3871 0.00379376
0.815 19.2164 0.00365688
0.8175 13.0764 0.00349255
0.82 12.9582 0.00333179
0.8225 22.5375 0.00319897
0.825 21.7303 0.0030774
0.8275 20.5446 0.00296379
0.83 22.8981 0.00286363
0.8325 16.6434 0.00277905
0.835 16.2134 0.00271371
0.8375 21.0737 0.00265677
0.84 11.0704 0.00260091
0.8425 2.61275 0.00253234
0.845 5.65673 0.0024315
0.8475 1.28361 0.00232027
0.85 -3.46765 0.00221514
0.8525 -2.73267 0.00209595
0.855 -9.31957 0.00196439
0.8575 -9.83749 0.00183795
0.86 -1.77309 0.00172923
0.8625 -7.36903 0.00164423
0.865 -13.8553 0.00157014
0.8675 -8.99481 0.00149983
0.87 -11.4672 0.00142354
0.8725 -16.2677 0.00132709
0.875 -16.1152 0.00122852
0.8775 -23.3498 0.00113047
0.88 -24.9918 0.00100971
0.8825 -16.7076 0.000879983
0.885 -20.5057 0.000766721
0.8875 -24.4454 0.000675995
0.89 -15.8048 0.000599976
0.8925 -14.1737 0.000520452
0.895 -15.8896 0.00043587
0.8975 -13.1463 0.000344011
0.9 -17.9543 0.000237272
0.9025 -18.1777 0.000130485
0.905 -9.96791 2.0193e-05
0.9075 -13.9412 -0.000102009
0.91 -16.4405 -0.000206891
0.9125 -5.84399 -0.000284635
0.915 -3.32728 -0.000357778
0.9175 -4.60084 -0.000444076
0.92 -1.1114 -0.000547357
0.9225 -4.5604 -0.000653547
0.925 -3.95752 -0.000761468
0.9275 2.53205 -0.000874754
0.93 -3.01394 -0.000977191
0.9325 -4.11838 -0.00107199
0.935 6.83537 -0.00116228
0.9375 6.84382 -0.00123803
0.94 3.63127 -0.00132347
0.9425 6.4475 -0.00143643
0.945 3.09642 -0.00155683
0.9475 3.37807 -0.00166515
0.95 7.22039 -0.00175766
0.9525 0.929092 -0.00184917
0.955 2.56548 -0.00194229
0.9575 12.3262 -0.00202762
0.96 7.59852 -0.00212225
0.9625 2.88488 -0.00223006
0.965 6.10433 -0.00233896
0.9675 2.90215 -0.00245207
0.97 2.94975 -0.00255257
0.9725 5.47151 -0.0026304
0.975 0.841342 -0.00271177
0.9775 5.15619 -0.00281247
0.98 10.5848 -0.00292514
0.9825 0.977356 -0.00303124
0.985 -1.50046 -0.00312885
0.9875 4.12389 -0.00323095
0.99 0.905804 -0.00332317
0.9925 1.39001 -0.00340355
0.995 4.10062 -0.00349427
0.9975 0.917691 -0.00359254
1 4.27599 -0.00369609
1.0025 3.59656 -0.00379966
1.005 -5.66925 -0.00388015
1.0075 -0.878893 -0.00394178
1.01 5.60711 -0.00400561
1.0125 -0.162872 -0.00407872
1.015 0.745584 -0.00414697
1.0175 2.94817 -0.0041918
1.02 -1.2956 -0.00422406
1.0225 0.29478 -0.00424174
1.025 -1.04577 -0.00422484
1.0275 -3.48447 -0.0041898
1.03 5.15168 -0.00414811
1.0325 4.39657 -0.00408991
1.035 -4.62583 -0.00401191
1.0375 -0.360774 -0.00390093
1.04 1.56623 -0.00375799
1.0425 -2.7384 -0.00360724
1.045 1.02049 -0.00346443
1.0475 1.50715 -0.00332794
1.05 0.226425 -0.00318232
1.0525 3.0307 -0.00303777
1.055 -3.31336 -0.00291489
1.0575 -5.02237 -0.00280019
1.06 4.80509 -0.00269944
1.0625 2.18632 -0.00263127
1.065 -2.85507 -0.00257765
1.0675 2.12488 -0.00252045
1.07 -0.141318 -0.00245072
1.0725 -2.70553 -0.00236738
1.075 0.634882 -0.00228306
1.0775 -0.893694 -0.00219609
1.08 2.13335 -0.00209489
1.0825 4.13579 -0.00196833
1.085 -5.01807 -0.00182679
1.0875 -3.16993 -0.00170181
1.09 4.41703 -0.00158965
1.0925 -0.848745 -0.00148397
1.095 -1.02371 -0.00140307
1.0975 2.85985 -0.00133198
1.1 -1.64398 -0.00125101
1.1025 -1.55398 -0.00116675
1.105 -0.754009 -0.00108373
1.1075 -2.23813 -0.000999555
1.11 3.79441 -0.000899072
1.1125 1.11015 -0.000775847
1.115 -7.44279 -0.000644326
1.1175 -1.35706 -0.000522058
1.12 0.776359 -0.000427033
1.1225 -5.31168 -0.000345468
1.125 -2.15243 -0.000256711
1.1275 -2.59583 -0.000176065
1.13 -7.57833 -9.67973e-05
1.1325 -6.62645 -6.05158e-07
1.135 -9.26675 9.99855e-05
1.1375 -8.45712 0.000203083
1.14 -4.40674 0.000317856
1.1425 -13.3204 0.000441358
1.145 -16.4649 0.000554685
1.1475 -8.73685 0.00064023
1.15 -12.1929 0.000712777
1.1525 -14.0546 0.000790667
1.155 -8.71442 0.000883072
1.1575 -11.1276 0.00099208
1.16 -10.5952 0.00109611
1.1625 -6.66542 0.00119854
1.165 -5.90239 0.00131515
1.1675 1.35015 0.00142364
1.17 2.44699 0.00151625
1.1725 -3.57645 0.00160488
1.175 4.46698 0.00168806
1.1775 9.86081 0.00176961
1.18 4.40925 0.00186375
1.1825 7.79642 0.0019823
1.185 9.26262 0.0021062
1.1875 4.98778 0.00220887
1.19 7.97736 0.00229921
1.1925 8.71596 0.00238608
1.195 9.50819 0.00247583
1.1975 13.0422 0.00257391
1.2 7.40193 0.00266516
1.2025 8.83885 0.00276102
1.205 18.6609 0.00287754
1.2075 14.0793 0.00299161
1.21 10.6459 0.00309005
1.2125 15.2433 0.00317838
1.215 10.834 0.003261
1.2175 8.95217 0.00334268
1.22 11.1728 0.00343496
1.2225 7.39683 0.00354852
1.225 7.2526 0.00365793
1.2275 5.28837 0.00374299
1.23 2.196 0.00382134
1.2325 9.96159 0.00389619
1.235 8.93623 0.00396662
1.2375 -0.0663646 0.00403321
1.24 4.28194 0.0040874
1.2425 4.91102 0.00414357
1.245 -1.23808 0.00420118
1.2475 0.842745 0.00423058
1.25 -0.984591 0.00422504
1.2525 -4.31816 0.00419878
1.255 -1.78112 0.00416324
1.2575 -2.86303 0.00411552
1.26 0.00848793 0.00405559
1.2625 1.88791 0.00398197
1.265 -6.7083 0.00386992
1.2675 -4.44985 0.00372713
1.27 1.63026 0.00358411
1.2725 -5.89411 0.00343703
1.275 -6.64653 0.00328637
1.2775 -2.55727 0.00314043
1.28 -5.40892 0.00300266
1.2825 -2.4421 0.0028814
1.285 -0.24655 0.00276447
1.2875 -2.73949 0.00264582
1.29 -1.44748 0.0025473
1.2925 -5.01217 0.00248221
1.295 -5.06677 0.00243591
1.2975 1.82275 0.00238074
1.3 -4.03201 0.00231423
1.3025 -7.03505 0.00223739
1.305 2.1785 0.00214078
1.3075 0.724816 0.00204411
1.31 -2.30933 0.00194874
1.3125 0.565772 0.00183076
1.315 -2.98669 0.0017009
1.3175 -3.03373 0.00157302
1.32 -0.466903 0.00144945
1.3225 -1.81813 0.00133492
1.325 1.50298 0.00123302
1.3275 -0.268404 0.00115516
1.33 -3.55359 0.00109539
1.3325 4.14588 0.00102793
1.335 1.6675 0.000938369
1.3375 -6.56156 0.000837635
1.34 -0.492287 0.000746551
1.3425 1.54069 0.000650337
1.345 -1.18602 0.000534727
1.3475 2.22371 0.000416206
1.35 0.249568 0.0002921
1.3525 -1.16116 0.000171701
1.355 0.64749 7.99156e-05
1.3575 -2.01095 3.99459e-06
1.36 0.567816 -7.21817e-05
1.3625 0.722522 -0.000150482
1.365 -4.06724 -0.000235092
1.3675 3.2728 -0.000333227
1.37 4.9875 -0.000448746
1.3725 -4.58519 -0.000565159
1.375 -1.74313 -0.000671204
1.3775 1.5805 -0.000773463
1.38 -1.58767 -0.000880198
1.3825 1.2585 -0.000990011
1.385 0.77905 -0.00107584
1.3875 -0.634369 -0.00114014
1.39 1.60491 -0.00122059
1.3925 -1.44744 -0.00131748
1.395 -0.346159 -0.00142624
1.3975 1.05133 -0.00154935
1.4 -4.07741 -0.00166487
1.4025 1.9195 -0.00176506
1.405 5.8546 -0.00185949
1.4075 -3.67787 -0.00195112
1.41 -2.41144 -0.00203675
1.4125 2.23684 -0.00212126
1.415 -1.28091 -0.00221824
1.4175 0.502183 -0.00232004
1.42 1.0099 -0.00242092
1.4225 -0.379774 -0.00253017
1.425 2.1551 -0.00264501
1.4275 -0.707736 -0.00275818
1.43 -0.701304 -0.00284766
1.4325 1.91995 -0.00291198
1.435 -2.12227 -0.00299393
1.4375 2.71263 -0.00309902
1.44 6.89295 -0.00320583
1.4425 -2.30182 -0.00331449
1.445 -0.656759 -0.00341889
1.4475 5.90025 -0.00351219
1.45 2.26858 -0.00359885
1.4525 3.51169 -0.00368355
1.455 5.57668 -0.00376104
1.4575 4.54368 -0.00383083
1.46 7.07394 -0.00390906
1.4625 4.9278 -0.00398935
1.465 4.97709 -0.0040605
1.4675 8.97795 -0.00412741
1.47 6.01906 -0.00417596
1.4725 8.69855 -0.00419693
1.475 10.7769 -0.00419311
1.4775 1.54622 -0.00417607
1.48 3.89518 -0.00417172
1.4825 9.72993 -0.00416197
1.485 2.6153 -0.00411182
1.4875 1.24987 -0.00403157
1.49 2.55116 -0.00393596
1.4925 -1.27921 -0.00382128
1.495 -1.70059 -0.00368691
1.4975 -4.48972 -0.00354493
1.5 -5.15431 -0.00340045
1.5025 -2.08036 -0.00325311
1.505 -6.31068 -0.0031159
1.5075 -6.23859 -0.00297992
1.51 -4.64621 -0.00283548
1.5125 -10.3463 -0.00270223
1.515 -5.13838 -0.00258427
1.5175 -0.633033 -0.00248659
1.52 -9.37433 -0.00241836
1.5225 -8.31643 -0.00236582
1.525 -4.27307 -0.00231412
1.5275 -8.50425 -0.0022444
1.53 -8.08455 -0.00215755
1.5325 -7.69806 -0.00208117
1.535 -7.63703 -0.00200992
1.5375 -5.7637 -0.00191705
1.54 -9.55194 -0.00180266
1.5425 -7.63811 -0.00168627
1.545 -3.1282 -0.00156537
1.5475 -5.74351 -0.00142938
1.55 -1.45694 -0.00129858
1.5525 -0.408888 -0.00118252
1.555 -7.43574 -0.00108206
1.5575 -1.32279 -0.00100883
1.56 2.60916 -0.000942201
1.5625 -4.14358 -0.000864756
1.565 -1.97844 -0.000782075
1.5675 0.378184 -0.000691653
1.57 -1.41391 -0.000599867
1.5725 0.0291259 -0.00050856
1.575 -0.329613 -0.000409066
1.5775 3.00954 -0.000295116
1.58 4.95175 -0.000162326
1.5825 -0.24038 -3.07376e-05
1.585 2.20002 7.42818e-05
1.5875 3.27535 0.000157396
1.59 -0.527496 0.000240833
1.5925 4.81489 0.000324846
1.595 2.8195 0.000394136
1.5975 -3.77898 0.000473334
1.6 3.43183 0.000580341
1.6025 5.06118 0.000690729
1.605 0.308932 0.000800899
1.6075 3.20809 0.000910373
1.61 3.2519 0.00101397
1.6125 1.84059 0.00112431
1.615 0.927897 0.00123438
1.6175 -1.15192 0.00132956
1.62 3.13388 0.00140861
1.6225 2.32342 0.00147883
1.625 -2.2952 0.0015576
1.6275 2.34641 0.00165554
1.63 1.4711 0.00177372
1.6325 -0.211461 0.00189835
1.635 5.48564 0.00201032
1.6375 -0.180365 0.00210793
1.64 -4.22667 0.00220087
1.6425 2.87041 0.00229868
1.645 0.744935 0.00238639
1.6475 -1.95583 0.00246156
1.65 1.47874 0.00255788
1.6525 1.03939 0.00266562
1.655 1.09954 0.00276189
1.6575 -0.576623 0.00286488
1.66 -0.792457 0.0029786
1.6625 3.41177 0.00309165
1.665 -1.31933 0.00319312
1.6675 -3.46451 0.00327331
1.67 2.05327 0.00334172
1.6725 -0.741071 0.00341764
1.675 0.634027 0.00351374
1.6775 4.17231 0.00362146
1.68 -3.24861 0.00372521
1.6825 -1.76519 0.00381661
1.685 3.56207 0.00389024
1.6875 -1.75239 0.00395608
1.69 -1.67749 0.00401762
1.6925 1.21462 0.00406982
1.695 0.234885 0.0041125
1.6975 0.614508 0.00414018
1.7 -0.91086 0.00416951
1.7025 1.24787 0.00420157
1.705 2.15217 0.00420188
1.7075 -4.30404 0.00417732
1.71 -1.0486 0.00414193
1.7125 2.98152 0.00407468
1.715 -1.41684 0.00397419
1.7175 1.76593 0.00386589
1.72 1.14722 0.00376529
1.7225 -3.99829 0.00366116
1.725 2.11613 0.00353781
1.7275 1.87836 0.00338909
1.73 -3.78712 0.00322207
1.7325 0.276348 0.00306093
1.735 1.48078 0.00291297
1.7375 -0.0857107 0.00277635
1.74 0.211986 0.00265432
1.7425 -0.634719 0.00254235
1.745 1.18651 0.00244935
1.7475 -1.78754 0.00237355
1.75 -3.81035 0.00230039
1.7525 3.28746 0.00223022
1.755 0.920031 0.00215432
1.7575 -3.38917 0.00208135
1.76 0.988204 0.00202671
1.7625 -2.28153 0.00196447
1.765 -2.81154 0.00187982
1.7675 1.64936 0.00178464
1.77 -4.27185 0.00167188
1.7725 -4.30013 0.00152974
1.775 1.08662 0.00138362
1.7775 -2.77242 0.00126551
1.78 -4.49124 0.00116288
1.7825 -3.84462 0.00105911
1.785 -4.36086 0.000954574
1.7875 -3.76347 0.000853844
1.79 -5.86284 0.000771244
1.7925 -2.78556 0.000698893
1.795 -1.06283 0.00062379
1.7975 -8.04726 0.000547775
1.8 -4.72836 0.000464197
1.8025 -0.223612 0.000376098
1.805 -4.88696 0.00027735
1.8075 -1.38776 0.000154232
1.81 0.149596 2.13797e-05
1.8125 -2.75268 -0.000107944
1.815 3.32899 -0.000221764
1.8175 2.69781 -0.000309144
1.82 -1.6386 -0.000387922
1.8225 3.47727 -0.000475236
1.825 5.12999 -0.000562312
1.8275 4.08839 -0.000644823
1.83 4.36448 -0.000738414
1.8325 3.70386 -0.00083371
1.835 5.33005 -0.000916554
1.8375 2.493 -0.00101819
1.84 2.27629 -0.00114735
1.8425 8.41961 -0.00127559
1.845 3.48363 -0.00138785
1.8475 0.778468 -0.00148077
1.85 7.17706 -0.00156823
1.8525 3.799 -0.00165353
1.855 2.86229 -0.00172853
1.8575 6.34469 -0.00180794
1.86 2.33575 -0.00190138
1.8625 4.95404 -0.00201188
1.865 7.41497 -0.00213487
1.8675 0.962212 -0.00224814
1.87 1.21867 -0.0023475
1.8725 3.31495 -0.00244421
1.875 2.00885 -0.00254266
1.8775 1.53275 -0.00264103
1.88 -0.264666 -0.00273512
1.8825 1.35947 -0.00281698
1.885 0.166425 -0.00289098
1.8875 -3.38393 -0.00298452
1.89 2.80055 -0.00309472
1.8925 2.13976 -0.00320473
1.895 -4.05148 -0.00332536
1.8975 1.52097 -0.00343538
1.9 1.08668 -0.00351155
1.9025 -3.56321 -0.00357806
1.905 -0.194691 -0.00365342
1.9075 -2.4807 -0.00373494
1.91 -2.69995 -0.00381102
1.9125 1.68818 -0.00388497
1.915 -2.861 -0.00396972
1.9175 -4.08484 -0.00404854
1.92 -0.188667 -0.00410434
1.9225 -0.215816 -0.00414076
1.925 -0.189848 -0.00416521
1.9275 -1.64509 -0.00418146
1.93 -0.730734 -0.00418291
1.9325 0.086562 -0.00416148
1.935 -4.42693 -0.00412093
1.9375 -0.485385 -0.00407966
1.94 2.0715 -0.00403759
1.9425 -4.77428 -0.00397459
1.945 -0.570336 -0.00388509
1.9475 2.72508 -0.00375773
1.95 -3.01388 -0.00360247
1.9525 -0.117794 -0.0034549
1.955 0.852902 -0.00331015
1.9575 -1.3682 -0.00316538
1.96 1.98367 -0.00303317
1.9625 -1.38086 -0.00289718
1.965 -3.76099 -0.00275175
1.9675 0.997393 -0.00261549
1.97 0.988175 -0.00249923
1.9725 -0.0387794 -0.00239226
1.975 -0.558313 -0.00228912
1.9775 -0.132995 -0.00220956
1.98 1.72475 -0.00215514
1.9825 -1.9344 -0.00210294
1.985 -0.440249 -0.00204254
1.9875 3.075 -0.00198116
1.99 -3.47268 -0.00191591
1.9925 -1.32894 -0.00182851
1.995 3.76006 -0.00172015
1.9975 -2.46851 -0.0016021
2 -0.58545 -0.00148893
2.0025 3.12326 -0.00139074
2.005 -0.949146 -0.00128015
2.0075 0.295402 -0.00114789
2.01 -0.77444 -0.00101329
2.0125 -2.60477 -0.000882612
2.015 2.26447 -0.000776979
2.0175 1.15975 -0.00070014
2.02 -1.61014 -0.000627179
2.0225 -0.161888 -0.000556772
2.025 0.525682 -0.000489819
2.0275 1.53546 -0.000412565
2.03 -1.07591 -0.000321649
2.0325 -1.07543 -0.000225602
2.035 2.32279 -0.000119686
2.0375 -2.60783 2.4904e-06
2.04 -1.36506 0.00012094
2.0425 4.28342 0.000226433
2.045 -1.90011 0.000334079
2.0475 -1.05841 0.000449312
2.05 3.693 0.000556487
2.0525 -2.18173 0.000645181
2.055 -1.60355 0.000733252
2.0575 1.28767 0.000817665
2.06 -0.599343 0.000883054
2.0625 1.78247 0.000951694
2.065 0.0558315 0.00104185
2.0675 -2.06577 0.00116122
2.07 1.96071 0.0012997
2.0725 1.53068 0.0014194
2.075 -0.347375 0.00151957
2.0775 -0.882626 0.00161853
2.08 -0.0794198 0.00171437
2.0825 2.77686 0.00180887
2.085 -0.259188 0.00189978
2.0875 0.417977 0.00198111
2.09 4.76214 0.00206296
2.0925 -1.16144 0.00215824
2.095 -0.328282 0.00225815
2.0975 5.19526 0.00235784
2.1 -0.540979 0.00246955
2.1025 1.18303 0.00258482
2.105 5.89517 0.00269545
2.1075 0.978594 0.00280517
2.11 1.74615 0.00290335
2.1125 3.33869 0.00298068
2.115 1.88497 0.00304472
2.1175 3.99494 0.00312359
2.12 1.43564 0.00322341
2.1225 0.0288877 0.00332353
2.125 3.46477 0.00343472
2.1275 2.71073 0.00355148
2.13 1.04411 0.00364243
2.1325 -1.0833 0.00371427
2.135 -0.784187 0.00378485
2.1375 1.34985 0.00386167
2.14 -3.23828 0.00393726
2.1425 -2.00691 0.00399013
2.145 1.66685 0.00402636
2.1475 -5.16512 0.0040711
2.15 -3.60958 0.00412407
2.1525 0.360627 0.00416583
2.155 -5.92726 0.00419091
2.1575 -3.26466 0.00419456
2.16 0.0200188 0.00417101
2.1625 -4.68642 0.00412992
2.165 -2.7931 0.00406501
2.1675 -1.61673 0.00397661
2.17 -2.70535 0.00388835
2.1725 -1.43736 0.0038011
2.175 -4.28169 0.0037053
2.1775 -3.67486 0.00359238
2.18 -0.364844 0.00345635
2.1825 -1.70504 0.00329927
2.185 -2.7238 0.00312721
2.1875 -3.86297 0.00296854
2.19 -1.83763 0.00282867
2.1925 -0.0552745 0.00268628
2.195 -4.11215 0.00255651
2.1975 -0.302405 0.00244739
2.2 2.38379 0.00234287
2.2025 -3.76792 0.00225077
2.205 0.546492 0.00218061
2.2075 2.83257 0.00211507
2.21 -3.07612 0.00203634
2.2125 1.3098 0.00195234
2.215 2.34291 0.00188194
2.2175 -2.06813 0.00183272
2.22 1.27605 0.00178097
2.2225 1.37015 0.00169898
2.225 -0.247588 0.00159987
2.2275 0.487287 0.0014888
2.23 -0.905574 0.00135692
2.2325 1.86418 0.00121868
2.235 3.23409 0.00108274
2.2375 0.25402 0.000960822
2.24 0.224748 0.000860392
2.2425 0.494808 0.000764493
2.245 2.22699 0.000664086
2.2475 1.27824 0.000562684
2.25 -2.00473 0.000473906
2.2525 2.65118 0.000399537
2.255 1.52967 0.000325901
2.2575 -3.39249 0.000255065
2.26 2.81137 0.000176695
2.2625 1.58321 7.99992e-05
2.265 -2.78842 -1.71319e-05
2.2675 3.23968 -0.000116728
2.27 1.2989 -0.000239609
2.2725 -1.77952 -0.00037522
2.275 2.27379 -0.000501562
2.2775 -0.208259 -0.000619831
2.28 -1.53119 -0.000719762
2.2825 0.527729 -0.000789529
2.285 0.144121 -0.000855921
2.2875 1.49007 -0.000939444
2.29 -0.354785 -0.001038
2.2925 -1.81702 -0.00113577
2.295 1.22418 -0.00121844
2.2975 1.20865 -0.00131046
2.3 0.587507 -0.00141995
2.3025 -0.952797 -0.00152658
2.305 -0.980616 -0.00163616
2.3075 2.43537 -0.00175565
2.31 -1.77604 -0.00187748
2.3125 -2.27793 -0.00198534
2.315 3.77451 -0.00206878
2.3175 -1.26539 -0.00214019
2.32 -1.67748 -0.00221343
2.3225 3.86017 -0.00229936
2.325 -1.69749 -0.00239551
2.3275 -1.55833 -0.00249208
2.33 2.38161 -0.0026002
2.3325 -1.65886 -0.00272278
2.335 -0.221128 -0.00284122
2.3375 1.49362 -0.0029478
2.34 -1.17248 -0.00304353
2.3425 -0.315026 -0.00312091
2.345 -0.21077 -0.00319478
2.3475 1.03603 -0.00329006
2.35 1.70287 -0.00338514
2.3525 -1.63389 -0.00346675
2.355 -0.944906 -0.00355041
2.3575 0.354317 -0.0036306
2.36 0.40239 -0.00371529
2.3625 0.308158 -0.00381513
2.365 -2.03049 -0.00391449
2.3675 1.58156 -0.00399372
2.37 2.24514 -0.00403777
2.3725 -3.65471 -0.00406432
2.375 1.07343 -0.00409416
2.3775 2.23738 -0.00411502
2.38 -3.76897 -0.00412649
2.3825 1.3826 -0.00414313
2.385 1.62162 -0.00416138
2.3875 -3.2316 -0.00415614
2.39 1.19224 -0.00411533
2.3925 0.675115 -0.0040544
2.395 -1.48285 -0.00397874
2.3975 1.3099 -0.00388199
2.4 -0.593719 -0.00376541
2.4025 -1.65828 -0.00363705
2.405 -0.943665 -0.00350701
2.4075 -0.752563 -0.00337987
2.41 1.12278 -0.00324527
2.4125 -1.03623 -0.00309208
2.415 -2.24007 -0.00294151
2.4175 -0.322429 -0.00280401
2.42 -0.866608 -0.00266314
2.4225 -0.75929 -0.00252843
2.425 -2.82541 -0.00239602
2.4275 -2.34104 -0.00226093
2.43 1.74285 -0.00215915
2.4325 -3.3477 -0.00209622
2.435 -3.58023 -0.00204784
2.4375 2.48235 -0.00199894
2.44 -3.01602 -0.00193679
2.4425 -2.98171 -0.00186013
2.445 2.01203 -0.00177569
2.4475 -3.2211 -0.00169588
2.45 -1.89822 -0.00162124
2.4525 1.98163 -0.00153418
2.455 -1.03922 -0.00143362
2.4575 0.792525 -0.00133061
2.46 1.38334 -0.00121982
2.4625 -0.647103 -0.00108745
2.465 1.10679 -0.000946096
2.4675 1.54626 -0.000819649
2.47 2.43868 -0.000703297
2.4725 2.00843 -0.000587529
2.475 0.326336 -0.000484496
2.4775 2.80474 -0.00040833
2.48 2.80541 -0.000344023
2.4825 1.54537 -0.000272682
2.485 1.3536 -0.000200444
2.4875 0.481301 -0.000122021
2.49 3.67187 -3.43903e-05
2.4925 1.63126 6.29937e-05
2.495 -1.79951 0.000183418
2.4975 4.68141 0.000299963
2.5 2.50818 0.000395007
2.5025 -2.33826 0.000496275
2.505 3.72321 0.000609695
2.5075 1.31616 0.00073321
2.51 -1.47609 0.000862876
2.5125 4.01875 0.000971917
2.515 1.25733 0.00104778
2.5175 -0.561122 0.00110993
2.52 1.76013 0.00118021
2.5225 -0.631879 0.00125971
2.525 0.0766177 0.0013477
2.5275 0.935052 0.00144815
2.53 -0.628887 0.00155755
2.5325 -0.386402 0.00167293
2.535 -1.11114 0.0017938
2.5375 0.273736 0.00191399
2.54 0.653854 0.00201844
2.5425 -1.85679 0.00211011
2.545 -0.652497 0.00220536
2.5475 -0.151145 0.00229649
2.55 0.26839 0.00237756
2.5525 0.24109 0.00246038
2.555 -2.63053 0.00255609
2.5575 1.27563 0.00265497
2.56 1.24564 0.00273957
2.5625 -5.07302 0.00283413
2.565 0.540406 0.00294997
2.5675 1.9844 0.0030621
2.57 -3.74478 0.00317452
2.5725 1.13599 0.00328564
2.575 0.805964 0.00338099
2.5775 -3.27986 0.00345938
2.58 1.21517 0.00351341
2.5825 0.528829 0.00356283
2.585 -1.20464 0.00364322
2.5875 0.810331 0.0037455
2.59 -0.887348 0.0038392
2.5925 -0.423017 0.00391805
2.595 0.454071 0.00398562
2.5975 -0.615308 0.00404218
2.6 -0.303045 0.00409495
2.6025 -1.21384 0.00413635
2.605 0.288903 0.00415132
2.6075 1.46903 0.00414781
2.61 -0.709715 0.0041395
2.6125 -0.122724 0.00412658
2.615 -0.264578 0.00409798
2.6175 0.334505 0.00405526
2.62 0.912422 0.00400359
2.6225 -2.65044 0.0039351
2.625 1.18074 0.00385531
2.6275 2.77378 0.00375983
2.63 -4.29819 0.00363471
2.6325 0.17314 0.00348768
2.635 3.11582 0.00332851
2.6375 -2.80177 0.0031686
2.64 1.12138 0.00301035
2.6425 1.80048 0.00286165
2.645 -2.58493 0.00274386
2.6475 1.00706 0.00263043
2.65 0.637615 0.00249582
2.6525 -1.33917 0.00236406
2.655 0.551733 0.00224222
2.6575 -0.600449 0.00212608
2.66 0.098245 0.00203177
2.6625 1.01231 0.00196487
2.665 -0.275693 0.00191102
2.6675 -0.000664878 0.00185538
2.67 -0.756829 0.0017888
2.6725 0.342537 0.00172249
2.675 1.17897 0.00167111
2.6775 -0.965734 0.00160761
2.68 -0.231318 0.00150876
2.6825 -0.25332 0.00139139
2.685 0.161367 0.00127092
2.6875 0.987311 0.00115231
2.69 -2.04124 0.00103371
2.6925 1.51342 0.000913846
2.695 2.72186 0.000793718
2.6975 -4.23726 0.000677352
2.7 0.400083 0.000573813
2.7025 3.22268 0.000466979
2.705 -3.1909 0.000351351
2.7075 0.679562 0.000250779
2.71 1.89041 0.000168769
2.7125 -2.17936 0.000104634
2.715 1.53977 5.16624e-05
2.7175 0.963627 -9.84304e-06
2.72 -1.28443 -8.86498e-05
2.7225 0.96038 -0.00019202
2.725 0.0196048 -0.000311307
2.7275 0.467383 -0.000433726
2.73 1.03775 -0.000559255
2.7325 -0.516739 -0.00067237
2.735 0.53251 -0.000772441
2.7375 0.767497 -0.000885348
2.74 1.34435 -0.00100149
2.7425 1.46914 -0.00109285
2.745 -0.414788 -0.00117418
2.7475 0.835942 -0.00126003
2.75 1.00751 -0.00133994
2.7525 0.759973 -0.0014237
2.755 1.48067 -0.00151718
2.7575 -0.369417 -0.00161082
2.76 2.40796 -0.00170112
2.7625 2.04483 -0.00179003
2.765 -3.13665 -0.00189966
2.7675 2.59669 -0.00203631
2.77 3.03749 -0.00216991
2.7725 -3.87778 -0.00227928
2.775 1.30209 -0.00237138
2.7775 1.84759 -0.0024622
2.78 -2.78533 -0.00254118
2.7825 1.05069 -0.00260509
2.785 -0.299018 -0.00267952
2.7875 -2.39357 -0.00277031
2.79 0.503429 -0.00287971
2.7925 -1.34848 -0.00300076
2.795 -1.77987 -0.00310622
2.7975 -1.05271 -0.00319872
2.8 -2.09322 -0.00329417
2.8025 -0.307008 -0.00339421
2.805 -0.565838 -0.00349381
2.8075 -1.59729 -0.00358346
2.81 -1.27907 -0.00366146
2.8125 -1.74805 -0.00372835
2.815 -0.296176 -0.0037838
2.8175 -0.622929 -0.00384029
2.82 -1.41117 -0.00390594
2.8225 -0.332146 -0.00396987
2.825 -1.21918 -0.00403276
2.8275 0.0870714 -0.00409381
2.83 -0.780209 -0.00413312
2.8325 -2.66889 -0.00416296
2.835 2.1741 -0.00418853
2.8375 -0.728274 -0.00417476
2.84 -4.33678 -0.00412434
2.8425 3.17427 -0.00406428
2.845 0.599414 -0.00400325
2.8475 -3.5265 -0.00394308
2.85 2.47068 -0.00388157
2.8525 0.296459 -0.00381138
2.855 -1.44246 -0.00371238
2.8575 1.8959 -0.00358218
2.86 -0.724473 -0.00344134
2.8625 0.0525763 -0.00329829
2.865 1.8499 -0.00315076
2.8675 -0.219022 -0.00298867
2.87 0.535422 -0.00282562
2.8725 -0.228182 -0.00268466
2.875 -0.56073 -0.00254553
2.8775 1.32008 -0.00240143
2.88 0.272359 -0.00228003
2.8825 0.081319 -0.00218773
2.885 0.161078 -0.00211114
2.8875 0.156732 -0.0020335
2.89 1.18457 -0.00194314
2.8925 -0.00810525 -0.00185016
2.895 0.259129 -0.00177255
2.8975 0.312032 -0.00170963
2.9 -0.212419 -0.00165273
2.9025 1.56901 -0.00159472
2.905 -1.17925 -0.0015325
2.9075 -0.481516 -0.00146551
2.91 3.29754 -0.00137709
2.9125 -2.78136 -0.00126667
2.915 -1.5845 -0.00114505
2.9175 4.30298 -0.00100234
2.92 -2.07017 -0.000857671
2.9225 -1.32232 -0.000732909
2.925 3.27508 -0.000618661
2.9275 -1.27644 -0.000518031
2.93 -0.238041 -0.000423521
2.9325 0.867061 -0.000316667
2.935 -1.58063 -0.00020865
2.9375 1.07747 -0.000123965
2.94 0.472099 -5.79622e-05
2.9425 -0.904758 1.66617e-05
2.945 0.456388 9.78682e-05
2.9475 -0.791991 0.000178878
2.95 0.314028 0.000268771
2.9525 1.00783 0.00035839
2.955 -0.772952 0.000446928
2.9575 -0.0226172 0.000547967
2.96 0.192188 0.000667241
2.9625 0.336667 0.000802899
2.965 0.209555 0.000936001
2.9675 -0.72644 0.0010557
2.97 0.129557 0.00117003
2.9725 -0.461019 0.00126484
2.975 0.254229 0.00132491
2.9775 0.718157 0.00138308
2.98 -1.57131 0.00146817
2.9825 1.77403 0.0015653
2.985 0.887541 0.00166058
2.9875 -3.70128 0.00175242
2.99 2.48859 0.00185109
2.9925 1.66983 0.00196197
2.995 -4.04879 0.00206969
2.9975 2.10366 0.00217483
3 1.43541 0.00228099
3.0025 -2.79651 0.00239135
3.005 1.14957 0.00251187
3.0075 0.0615247 0.00261796
3.01 -0.390706 0.00270231
3.0125 1.51828 0.00278018
3.015 -1.27042 0.00284943
3.0175 -0.192933 0.00292149
3.02 0.718964 0.00301194
3.0225 -0.828916 0.00311325
3.025 0.62475 0.00321301
3.0275 -0.503603 0.00331504
3.03 -0.882008 0.00342436
3.0325 1.1223 0.00353235
3.035 0.1011 0.00363863
3.0375 -0.406863 0.00372787
3.04 -0.396906 0.00377799
3.0425 -0.290651 0.00381598
3.045 0.130969 0.00387009
3.0475 -0.540066 0.00393017
3.05 0.190044 0.00398966
3.0525 -0.744514 0.00404744
3.055 -0.742388 0.00409162
3.0575 1.18585 0.00411925
3.06 -2.26159 0.00413548
3.0625 -0.532751 0.00414366
3.065 2.84203 0.0041462
3.0675 -3.58303 0.00412951
3.07 -1.29454 0.00409024
3.0725 3.03239 0.00403405
3.075 -3.56158 0.00394165
3.0775 -1.20951 0.00382537
3.08 2.32321 0.00371982
3.0825 -2.03004 0.00361947
3.085 -0.3143 0.00350808
3.0875 -0.0347829 0.00338225
3.09 -1.27977 0.00325655
3.0925 1.2454 0.0031301
3.095 -0.872947 0.00297561
3.0975 -0.911299 0.00280168
3.1 1.25382 0.00263315
3.1025 -0.368763 0.00247984
3.105 0.882363 0.00234788
3.1075 0.872172 0.00222867
3.11 -0.811133 0.00211851
3.1125 1.26614 0.00202877
3.115 1.39393 0.0019599
3.1175 0.377422 0.0018937
3.12 0.586931 0.00182127
3.1225 0.641642 0.00174899
3.125 0.993781 0.00167165
3.1275 0.555487 0.00159629
3.13 1.30652 0.00153843
3.1325 0.744663 0.00147835
3.135 -0.269862 0.00139674
3.1375 2.15015 0.00130117
3.14 -0.56066 0.00119555
3.1425 -1.30368 0.00108893
3.145 3.8784 0.000993333
3.1475 -0.835169 0.000883216
3.15 -1.97207 0.000741267
3.1525 4.20046 0.000594131
3.155 -0.953019 0.000454386
3.1575 -1.8855 0.00032794
3.16 3.08901 0.00022556
3.1625 -0.616641 0.000144734
3.165 -0.545667 8.23632e-05
3.1675 0.925055 1.66792e-05
3.17 -0.874545 -6.29212e-05
3.1725 1.32399 -0.000143799
3.175 -0.316778 -0.000233819
3.1775 -1.61851 -0.000328458
3.18 1.26176 -0.000415826
3.1825 -0.597344 -0.000506828
3.185 -0.621452 -0.00060852
3.1875 0.470382 -0.000715635
3.19 -1.62518 -0.000820255
3.1925 0.172132 -0.000935532
3.195 1.05489 -0.00107115
3.1975 -0.868006 -0.00119776
3.2 -0.403927 -0.00129912
3.2025 -0.0332467 -0.00139466
3.205 -0.198639 -0.00149206
3.2075 -0.361986 -0.00157399
3.21 0.160781 -0.00163802
3.2125 0.0592525 -0.00170461
3.215 -1.00817 -0.00178549
3.2175 0.902542 -0.00188263
3.22 -0.501671 -0.00198728
3.2225 -2.0833 -0.00208914
3.225 2.54014 -0.00220158
3.2275 -0.5476 -0.00233217
3.23 -2.9489 -0.00245821
3.2325 3.38743 -0.00256706
3.235 -0.374498 -0.00266188
3.2375 -2.75622 -0.00273481
3.24 2.95395 -0.00280605
3.2425 -0.45411 -0.00290417
3.245 -1.6716 -0.00300764
3.2475 1.31465 -0.00310148
3.25 -0.744061 -0.00318382
3.2525 0.490955 -0.00325002
3.255 -0.0463488 -0.00332759
3.2575 -1.47493 -0.00342656
3.26 1.89138 -0.00353153
3.2625 -0.193459 -0.00363709
3.265 -1.42064 -0.00373768
3.2675 1.16598 -0.00383008
3.27 -0.660053 -0.0038998
3.2725 0.303929 -0.00394306
3.275 1.33947 -0.00398038
3.2775 -1.46955 -0.00401319
3.28 -0.245048 -0.00403738
3.2825 0.826811 -0.00406219
3.285 -0.50812 -0.00409188
3.2875 -0.177056 -0.00411835
3.29 0.327612 -0.00413257
3.2925 0.0254661 -0.0041337
3.295 -0.397636 -0.00411345
3.2975 0.662001 -0.00406547
3.3 -0.012051 -0.00399985
3.3025 -1.10322 -0.00391971
3.305 1.77553 -0.00381474
3.3075 -0.50556 -0.00369211
3.31 -2.2399 -0.00357625
3.3125 3.03932 -0.00346083
3.315 -0.519302 -0.00332302
3.3175 -2.77972 -0.00317576
3.32 3.17844 -0.00303982
3.3225 -0.586088 -0.00290174
3.325 -2.15121 -0.00274973
3.3275 2.41977 -0.00260217
3.33 -0.504378 -0.00246694
3.3325 -0.53238 -0.00234039
3.335 0.736901 -0.00221387
3.3375 -0.915139 -0.00206958
3.34 1.20031 -0.00193795
3.3425 -0.752286 -0.00185187
3.345 -1.43237 -0.0017935
3.3475 2.42212 -0.00175591
3.35 -0.412379 -0.00171938
3.3525 -0.89214 -0.00165529
3.355 1.23196 -0.00157713
3.3575 -1.15849 -0.00149878
3.36 0.57943 -0.00141986
3.3625 1.30031 -0.00133547
3.365 -1.50653 -0.00124138
3.3675 0.308796 -0.00114357
3.37 1.03038 -0.00104475
3.3725 -0.509245 -0.000943268
3.375 0.179534 -0.000830164
3.3775 0.679831 -0.000701266
3.38 -0.0111335 -0.000570607
3.3825 -0.00462414 -0.000444295
3.385 1.16473 -0.000316453
3.3875 -0.203335 -0.000193092
3.39 -0.458521 -8.93175e-05
3.3925 2.23119 -2.01454e-06
3.395 -1.01642 8.09064e-05
3.3975 -1.1769 0.000155116
3.4 3.50209 0.000218104
3.4025 -1.10571 0.000282362
3.405 -1.34719 0.000356701
3.4075 3.45757 0.00043834
3.41 -1.30285 0.000531345
3.4125 -1.12532 0.000641708
3.415 2.04757 0.000761075
3.4175 -1.09141 0.00088447
3.42 0.0913595 0.00100934
3.4225 0.21674 0.00112421
3.425 -0.778962 0.00121846
3.4275 1.13639 0.00130801
3.43 -1.8942 0.00141832
3.4325 -0.788879 0.00152711
3.435 2.09582 0.00162382
3.4375 -2.16964 0.00173032
3.44 -0.952096 0.00182087
3.4425 0.685727 0.00188005
3.445 -1.93348 0.00193361
3.4475 0.583586 0.00200393
3.45 -0.0649224 0.00211245
3.4525 -2.23927 0.00224032
3.455 0.873446 0.00235358
3.4575 0.14995 0.00246328
3.46 -1.52172 0.00258316
3.4625 0.172975 0.0027032
3.465 -0.108867 0.0028123
3.4675 -0.915216 0.00290679
3.47 0.051787 0.00298398
3.4725 0.387667 0.00305184
3.475 -0.974784 0.0031281
3.4775 0.0848881 0.00321229
3.48 1.00189 0.0032947
3.4825 -2.12706 0.0033782
3.485 0.141569 0.00346966
3.4875 2.14944 0.00356762
3.49 -2.67406 0.00366426
3.4925 0.245952 0.00375166
3.495 2.45295 0.00382683
3.4975 -2.54031 0.00389729
3.5 0.427078 0.00396392
3.5025 1.77677 0.00401689
3.505 -1.3443 0.00405663
3.5075 0.833956 0.00409
3.51 0.0720213 0.0041112
3.5125 -0.171044 0.00410713
3.515 0.96084 0.00409027
3.5175 -1.40918 0.00407744
3.52 1.47488 0.00406225
3.5225 1.21613 0.00404671
3.525 -2.68731 0.00402877
3.5275 1.46892 0.00399313
3.53 0.976052 0.00392333
3.5325 -1.70656 0.00381009
3.535 1.4436 0.00367567
3.5375 -0.557681 0.00353222
3.54 -0.607827 0.00338629
3.5425 2.26944 0.0032587
3.545 -1.11769 0.00312523
3.5475 -0.770176 0.00297359
3.55 1.5884 0.00283199
3.5525 -0.680618 0.00269228
3.555 -0.321591 0.00254708
3.5575 0.907674 0.00241631
3.56 -0.408036 0.00229573
3.5625 -0.419359 0.00216509
3.565 0.744617 0.00202865
3.5675 -0.280643 0.0019117
3.57 -0.914946 0.00182766
3.5725 1.55482 0.00176032
3.575 -0.154356 0.00168384
3.5775 -1.97808 0.00160638
3.58 2.20313 0.00155279
3.5825 0.121954 0.00151273
3.585 -2.23471 0.00146172
3.5875 2.32914 0.00139629
3.59 -0.0279829 0.00131913
3.5925 -1.87591 0.00122651
3.595 1.32974 0.00112094
3.5975 -0.41776 0.00100401
3.6 -0.120415 0.000873084
3.6025 0.455842 0.000742426
3.605 -0.770844 0.000627175
3.6075 1.30619 0.000525058
3.61 -0.986285 0.00042236
3.6125 -0.841366 0.000308451
3.615 2.64443 0.000187197
3.6175 -1.81839 6.20307e-05
3.62 -0.974357 -5.62378e-05
3.6225 2.48682 -0.000157473
3.625 -1.51674 -0.000240759
3.6275 0.0690683 -0.000296703
3.63 0.837777 -0.000346229
3.6325 -1.98057 -0.000416044
3.635 1.64236 -0.00049667
3.6375 0.597611 -0.000585808
3.64 -2.1079 -0.000682146
3.6425 1.42819 -0.000785302
3.645 0.368533 -0.000898063
3.6475 -1.24202 -0.00101389
3.65 0.957081 -0.00114517
3.6525 0.0122771 -0.00128264
3.655 -0.86372 -0.00139422
3.6575 0.538146 -0.00149001
3.66 0.156656 -0.00158263
3.6625 -0.964108 -0.00166657
3.665 0.73143 -0.00175522
3.6675 0.97102 -0.00184937
3.67 -1.86211 -0.0019292
3.6725 0.392636 -0.00200648
3.675 1.57858 -0.00209915
3.6775 -2.1811 -0.0021939
3.68 0.4373 -0.00228826
3.6825 1.6213 -0.00238988
3.685 -1.95118 -0.00248826
3.6875 0.151362 -0.00258227
3.69 0.565472 -0.00269264
3.6925 -0.708774 -0.00282695
3.695 0.399284 -0.00296026
3.6975 -0.817814 -0.0030646
3.7 0.550251 -0.00314129
3.7025 0.206373 -0.00321456
3.705 -1.92538 -0.00328639
3.7075 1.78727 -0.00333965
3.71 -0.38425 -0.00339458
3.7125 -2.65104 -0.00347845
3.715 2.40309 -0.00358321
3.7175 -0.430664 -0.00368742
3.72 -1.83814 -0.00377572
3.7225 1.6542 -0.00385108
3.725 -1.44322 -0.00391674
3.7275 0.0768604 -0.00397852
3.73 1.57553 -0.00404055
3.7325 -2.63804 -0.00408237
3.735 0.559867 -0.00410455
3.7375 1.58327 -0.00411542
3.74 -1.93743 -0.00410829
3.7425 0.772847 -0.00409577
3.745 0.865522 -0.00407947
3.7475 -1.16504 -0.00405611
3.75 0.810487 -0.00402808
3.7525 0.589684 -0.00397784
3.755 -0.528384 -0.00390576
3.7575 0.822232 -0.00382847
3.76 0.912953 -0.00374812
3.7625 -0.872449 -0.00365732
3.765 0.161988 -0.00354022
3.7675 1.82145 -0.00339561
3.77 -0.79742 -0.00323827
3.7725 -0.225776 -0.00306905
3.775 2.17 -0.00289705
3.7775 -0.886622 -0.00274602
3.78 -0.483129 -0.0026066
3.7825 1.62989 -0.00246667
3.785 -0.454238 -0.00234747
3.7875 -0.109263 -0.00224539
3.79 0.22858 -0.00213629
3.7925 0.239841 -0.0020201
3.795 0.71122 -0.00189824
3.7975 -1.16368 -0.00177519
3.8 0.917506 -0.00167807
3.8025 0.860217 -0.00161559
3.805 -2.19877 -0.0015623
3.8075 1.88295 -0.00150911
3.81 0.663361 -0.00145552
3.8125 -2.69485 -0.00139054
3.815 2.06869 -0.0013225
3.8175 0.16717 -0.00125718
3.82 -1.54536 -0.00118406
3.8225 1.68937 -0.00109118
3.825 -1.6249 -0.000977475
3.8275 -0.0639443 -0.000861892
3.83 2.18998 -0.000738674
3.8325 -2.66911 -0.000594178
3.835 0.0424512 -0.00045159
3.8375 1.70018 -0.000334714
3.84 -2.09626 -0.000239262
3.8425 0.580659 -0.000133079
3.845 0.912561 -1.41253e-05
3.8475 -1.37859 8.39475e-05
3.85 0.633277 0.000168529
3.8525 0.14766 0.000253996
3.855 -1.01675 0.0003386
3.8575 0.555759 0.000430677
3.86 0.54854 0.000519963
3.8625 -0.906054 0.000595663
3.865 -0.282856 0.000664123
3.8675 1.13904 0.000729737
3.87 -0.680477 0.000804857
3.8725 -0.908823 0.000903232
3.875 1.36442 0.00102634
3.8775 -0.477048 0.00116886
3.88 -0.980955 0.0013124
3.8825 1.03086 0.00143722
3.885 0.0263973 0.00154675
3.8875 -0.446725 0.00164773
3.89 -0.150583 0.00173918
3.8925 0.510753 0.00182244
3.895 0.430808 0.00189689
3.8975 -1.376 0.00197574
3.9 0.907151 0.00206878
3.9025 0.666854 0.0021576
3.905 -2.157 0.00223849
3.9075 1.7287 0.00232765
3.91 0.4426 0.00242191
3.9125 -2.43536 0.00252112
3.915 2.16017 0.00264329
3.9175 -0.00817859 0.00276934
3.92 -1.48691 0.00286908
3.9225 1.69504 0.00296145
3.925 -1.58248 0.00305859
3.9275 0.342253 0.00315839
3.93 2.19296 0.00326564
3.9325 -2.80286 0.00336084
3.935 0.640964 0.00343333
3.9375 1.77503 0.00349337
3.94 -2.44736 0.00355097
3.9425 0.981413 0.00361167
3.945 0.821324 0.00367421
3.9475 -1.55845 0.00374953
3.95 1.12901 0.00383468
3.9525 -0.0524678 0.00391713
3.955 -0.864811 0.00400123
3.9575 1.05269 0.00407109
3.96 -0.075302 0.00411251
3.9625 -0.740636 0.0041322
3.965 0.248343 0.00413412
3.9675 0.59775 0.00412073
3.97 -0.460036 0.0040851
3.9725 -0.609735 0.00404264
3.975 1.06458 0.00402592
3.9775 -0.171546 0.00401035
3.98 -0.96731 0.00395331
3.9825 1.03351 0.00386766
3.985 0.153488 0.00377909
3.9875 -0.928245 0.00368755
3.99 0.305787 0.00358787
3.9925 0.793072 0.00347528
3.995 -0.367519 0.00334787
3.9975 -0.819684 0.00320447
4 1.21159 0.00304314
4.0025 -0.0458333 0.00287534
4.005 -1.4917 0.0027113
4.0075 1.78235 0.00255435
4.01 -0.222987 0.00240922
4.0125 -1.4421 0.00227319
4.015 2.40703 0.00214759
4.0175 -0.796924 0.00203992
4.02 -1.1784 0.00194523
4.0225 1.91548 0.00185315
4.025 -1.24265 0.00176668
4.0275 0.711215 0.00168703
4.03 1.13813 0.00160727
4.0325 -2.58949 0.00152687
4.035 2.07304 0.00143612
4.0375 1.06834 0.00134864
4.04 -2.67835 0.00129707
4.0425 2.15126 0.001259
4.045 0.322736 0.00121116
4.0475 -1.71007 0.00115304
4.05 1.83777 0.00106227
4.0525 -0.556737 0.000942862
4.055 -0.574722 0.000820478
4.0575 1.3385 0.000698562
4.06 -1.0644 0.000566568
4.0625 -0.115722 0.000426791
4.065 0.794818 0.000299049
4.0675 -0.525199 0.000182073
4.07 -0.269727 7.03828e-05
4.0725 -0.0986717 -3.38045e-05
4.075 0.452534 -0.000141066
4.0775 -0.491842 -0.000240243
4.08 -1.01209 -0.00031911
4.0825 0.956224 -0.000392364
4.085 -0.507284 -0.00046467
4.0875 -1.26256 -0.000538442
4.09 1.15117 -0.000623216
4.0925 -0.127218 -0.000716977
4.095 -1.41868 -0.000813617
4.0975 0.52896 -0.000906139
4.1 0.519506 -0.000990461
4.1025 -1.29044 -0.00107736
4.105 -0.119074 -0.0011754
4.1075 1.21143 -0.00129224
4.11 -1.19761 -0.00143592
4.1125 -0.376461 -0.00157668
4.115 1.36588 -0.00168627
4.1175 -1.53143 -0.00178955
4.12 0.182788 -0.00190394
4.1225 1.47209 -0.00200362
4.125 -1.83109 -0.00207125
4.1275 0.563482 -0.00212693
4.13 0.48377 -0.00219224
4.1325 -1.31249 -0.00226752
4.135 1.9271 -0.00235256
4.1375 -1.15294 -0.00245608
4.14 -1.39971 -0.00257743
4.1425 3.07456 -0.00269589
4.145 -1.57038 -0.00280405
4.1475 -1.0492 -0.00290619
4.15 2.59593 -0.00299902
4.1525 -1.67265 -0.00309679
4.155 -0.0426102 -0.00319977
4.1575 1.41928 -0.00329797
4.16 -1.52387 -0.0033992
4.1625 1.00273 -0.00348378
4.165 0.42768 -0.00354342
4.1675 -1.16695 -0.00359921
4.17 1.1048 -0.0036568
4.1725 -0.109545 -0.00372662
4.175 -0.462809 -0.00380313
4.1775 0.228766 -0.0038629
4.18 -0.137333 -0.00391221
4.1825 0.792058 -0.00397098
4.185 -0.793644 -0.00403632
4.1875 -0.279372 -0.00408783
4.19 1.53205 -0.0041259
4.1925 -1.35576 -0.00415258
4.195 -0.173016 -0.00415133
4.1975 1.82576 -0.00412974
4.2 -1.42487 -0.004092
4.2025 -0.401357 -0.00402062
4.205 1.58037 -0.00393323
4.2075 -0.932295 -0.00385976
4.21 -0.661121 -0.00379746
4.2125 1.2945 -0.0037348
4.215 -0.254493 -0.00365795
4.2175 -0.948462 -0.00355384
4.22 0.929723 -0.00342968
4.2225 -0.106883 -0.00329176
4.225 -0.8128 -0.00314082
4.2275 1.19036 -0.00298571
4.23 -0.53228 -0.00282929
4.2325 -0.742221 -0.0026721
4.235 1.36668 -0.0025153
4.2375 -0.80618 -0.00236218
4.24 0.206946 -0.00222451
4.2425 0.740174 -0.00210139
4.245 -2.04337 -0.00198045
4.2475 1.6157 -0.00186527
4.25 0.814974 -0.00176745
4.2525 -2.78246 -0.00168763
4.255 2.01561 -0.00163004
4.2575 0.533479 -0.00158351
4.26 -2.17001 -0.00151013
4.2625 1.81389 -0.00141484
4.265 -0.420087 -0.00133216
4.2675 -0.845807 -0.00126428
4.27 1.53174 -0.00119556
4.2725 -1.23349 -0.00111856
4.275 0.167408 -0.00105164
4.2775 0.914888 -0.0009884
4.28 -1.24533 -0.000894841
4.2825 0.57992 -0.000787443
4.285 0.1289 -0.000680814
4.2875 -0.205018 -0.000560905
4.29 0.330206 -0.00042891
4.2925 -1.08285 -0.000282438
4.295 1.14078 -0.000130595
4.2975 0.196789 7.02079e-06
4.3 -1.74179 0.000124236
4.3025 1.97756 0.000215307
4.305 -0.212284 0.000284199
4.3075 -1.95468 0.00035076
4.31 2.13886 0.000432111
4.3125 -0.381109 0.000521763
4.315 -1.62264 0.000605709
4.3175 1.74656 0.000687196
4.32 -0.281687 0.000767799
4.3225 -1.14481 0.000850665
4.325 1.06693 0.000941396
4.3275 -0.0162019 0.0010289
4.33 -0.717346 0.00112111
4.3325 0.430283 0.00124235
4.335 -0.115846 0.00137259
4.3375 -0.430903 0.00148463
4.34 0.668262 0.00159149
4.3425 -0.306588 0.00169871
4.345 -0.670186 0.00180638
4.3475 0.699229 0.00192615
4.35 -0.633036 0.00204376
4.3525 0.0339241 0.00213896
4.355 0.953663 0.00221806
4.3575 -1.88722 0.00229255
4.36 0.623711 0.00236347
4.3625 1.60599 0.00242927
4.365 -2.55838 0.00249556
4.3675 0.69475 0.00257654
4.37 1.42856 0.0026819
4.3725 -2.07364 0.00280457
4.375 0.909882 0.00293614
4.3775 0.266635 0.00306392
4.38 -1.13235 0.00317208
4.3825 1.38388 0.00326462
4.385 -0.67381 0.00334331
4.3875 -0.260137 0.00341933
4.39 1.1602 0.00350714
4.3925 -1.03432 0.00358296
4.395 0.374769 0.00364234
4.3975 0.369981 0.00370255
4.4 -0.219202 0.00376499
4.4025 0.840638 0.00383494
4.405 -1.12242 0.00390014
4.4075 0.847325 0.00394661
4.41 1.1531 0.00397922
4.4125 -2.20132 0.00401123
4.415 1.70881 0.00406136
4.4175 0.939948 0.00410948
4.42 -2.53236 0.0041308
4.4225 2.15909 0.00414196
4.425 0.435336 0.00413724
4.4275 -2.17536 0.00408904
4.43 1.96484 0.00401065
4.4325 -0.0941156 0.00393726
4.435 -1.31356 0.00386759
4.4375 1.47919 0.00377972
4.44 -0.304018 0.003675
4.4425 -0.484661 0.00356286
4.445 0.634608 0.0034489
4.4475 -0.542986 0.00333768
4.45 0.215097 0.00322464
4.4525 0.474452 0.00310532
4.455 -0.693046 0.00297277
4.4575 0.0764367 0.00281428
4.46 0.473365 0.00264006
4.4625 -0.521738 0.0024696
4.465 0.260346 0.00230046
4.4675 0.464972 0.00214376
4.47 -1.26501 0.0020197
4.4725 0.521433 0.00191844
4.475 1.12354 0.00182893
4.4775 -1.97542 0.00174232
4.48 0.413257 0.00164611
4.4825 1.53392 0.00155897
4.485 -1.80346 0.00149796
4.4875 0.300508 0.00143801
4.49 0.76182 0.00136745
4.4925 -1.0986 0.00130541
4.495 0.836445 0.00124683
4.4975 -0.242935 0.00117851
4.5 -0.540867 0.00109854
4.5025 0.955247 0.00100153
4.505 -0.832035 0.00089993
4.5075 0.0687879 0.000806107
4.51 0.526838 0.000719564
4.5125 -0.540399 0.000630325
4.515 0.484857 0.000517172
4.5175 -0.728277 0.000391926
4.52 0.426622 0.000266274
4.5225 0.856093 0.000129239
4.525 -2.13531 -8.5317e-06
4.5275 1.39508 -0.000144773
4.53 0.926487 -0.00027462
4.5325 -2.69905 -0.000379498
4.535 2.1806 -0.000461498
4.5375 0.392155 -0.00052235
4.54 -2.56007 -0.000573738
4.5425 2.39257 -0.000639059
4.545 -0.312805 -0.000721222
4.5475 -1.63573 -0.000807845
4.55 2.03578 -0.000886913
4.5525 -0.966914 -0.000969878
4.555 -0.545389 -0.00107505
4.5575 1.28072 -0.00119417
4.56 -1.06815 -0.0013116
4.5625 0.510456 -0.00142053
4.565 0.269752 -0.00151893
4.5675 -1.19721 -0.00161613
4.57 1.1372 -0.00172854
4.5725 0.0455061 -0.00185114
4.575 -0.93825 -0.00196825
4.5775 0.894388 -0.00208625
4.58 -0.214838 -0.00219831
4.5825 -0.606408 -0.00227509
4.585 0.937395 -0.00233137
4.5875 -0.15454 -0.00240909
4.59 -0.991442 -0.00250076
4.5925 0.957906 -0.00258228
4.595 0.439358 -0.0026619
4.5975 -1.51134 -0.00274798
4.6 0.590953 -0.00283931
4.6025 0.976475 -0.002935
4.605 -1.12132 -0.00303714
4.6075 0.2775 -0.00315691
4.61 0.393027 -0.00328789
4.6125 -0.533491 -0.00340556
4.615 0.474525 -0.00350584
4.6175 -0.29444 -0.00358853
4.62 -0.112252 -0.00364092
4.6225 0.502499 -0.00368142
4.625 -0.467621 -0.00373329
4.6275 0.139201 -0.00378361
4.63 0.0563647 -0.00383631
4.6325 0.0695399 -0.00389718
4.635 0.0625215 -0.00395439
4.6375 -0.832234 -0.00401326
4.64 1.29928 -0.0040576
4.6425 -0.084772 -0.00407369
4.645 -1.78449 -0.0040844
4.6475 2.29151 -0.00409896
4.65 -0.436044 -0.00410723
4.6525 -1.95486 -0.00409044
4.655 2.7705 -0.00405321
4.6575 -1.1165 -0.00401349
4.66 -1.39987 -0.00395376
4.6625 2.62977 -0.0038666
4.665 -1.561 -0.0037587
4.6675 -0.262691 -0.00363104
4.67 1.73742 -0.00350479
4.6725 -1.78167 -0.00338965
4.675 0.848819 -0.00327162
4.6775 0.618612 -0.00314372
4.68 -1.32177 -0.00301253
4.6825 1.49782 -0.00288476
4.685 -0.777953 -0.00275417
4.6875 -0.703182 -0.00261166
4.69 1.92855 -0.0024531
4.6925 -1.28536 -0.00228365
4.695 -0.245358 -0.00211938
4.6975 1.37821 -0.00197551
4.7 -1.29622 -0.00185745
4.7025 0.269391 -0.00175545
4.705 0.83262 -0.00165617
4.7075 -1.11973 -0.00156165
4.71 0.226392 -0.00148938
4.7125 0.739318 -0.00144721
4.715 -0.674742 -0.00141146
4.7175 -0.590551 -0.00135544
4.72 0.672964 -0.00128124
4.7225 0.22711 -0.00119769
4.725 -1.02424 -0.00110679
4.7275 0.231727 -0.00102272
4.73 0.504027 -0.000951431
4.7325 -0.675603 -0.000875916
4.735 0.0733926 -0.000791356
4.7375 0.0403076 -0.000693633
4.74 -0.33588 -0.000567876
4.7425 0.25683 -0.000434157
4.745 -0.206124 -0.000321196
4.7475 -0.286612 -0.000208429
4.75 0.347508 -8.11709e-05
4.7525 0.0262914 3.60797e-05
4.755 -0.640273 0.000146921
4.7575 0.366692 0.000269727
4.76 0.763172 0.000398231
4.7625 -1.42036 0.000518082
4.765 0.227102 0.000607418
4.7675 1.63996 0.00067743
4.77 -2.00685 0.000748019
4.7725 0.258509 0.000799691
4.775 1.83132 0.000847222
4.7775 -2.29773 0.000916193
4.78 0.800127 0.00099823
4.7825 1.36104 0.00109864
4.785 -2.22849 0.00121703
4.7875 1.31646 0.00134048
4.79 0.324492 0.00146071
4.7925 -1.42624 0.00157606
4.795 1.75766 0.00169273
4.7975 -0.906457 0.00180232
4.8 -0.460819 0.00190209
4.8025 1.49982 0.00200095
4.805 -1.65583 0.00210205
4.8075 0.969896 0.0022109
4.81 0.858828 0.00231521
4.8125 -2.16628 0.00239986
4.815 1.72144 0.00248138
4.8175 0.198624 0.00257272
4.82 -1.75127 0.00265507
4.8225 1.75039 0.00271938
4.825 -0.494399 0.00278896
4.8275 -0.86366 0.00287661
4.83 1.43572 0.0029754
4.8325 -0.79233 0.00308008
4.835 -0.361241 0.00318524
4.8375 0.810653 0.00329369
4.84 -0.184674 0.00341128
4.8425 -0.247875 0.00352685
4.845 -0.281919 0.0036195
4.8475 0.732958 0.00368383
4.85 0.0408405 0.0037369
4.8525 -1.06407 0.00379393
4.855 0.957135 0.00385273
4.8575 0.0992293 0.00390194
4.86 -0.821026 0.00393167
4.8625 0.801967 0.0039447
4.865 -0.433951 0.00396148
4.8675 -0.186373 0.00400094
4.87 0.834409 0.00405833
4.8725 -0.963122 0.00410958
4.875 0.156037 0.00412941
4.8775 0.974248 0.00411246
4.88 -1.22045 0.00407533
4.8825 0.0994954 0.00402792
4.885 1.33345 0.00396324
4.8875 -1.24784 0.00388935
4.89 -0.403578 0.00382001
4.8925 1.71444 0.00373236
4.895 -1.05119 0.00361923
4.8975 -0.820389 0.00349945
4.9 1.73125 0.00336046
4.9025 -1.0095 0.00321252
4.905 -0.527023 0.00307345
4.9075 1.60749 0.00292619
4.91 -1.26067 0.00278686
4.9125 -0.0298063 0.0026655
4.915 0.969321 0.00253783
4.9175 -1.2572 0.00239842
4.92 0.961155 0.00225351
4.9225 0.0301637 0.00211396
4.925 -1.12199 0.00197286
4.9275 1.54606 0.00182138
4.93 -1.00828 0.00168858
4.9325 -0.313843 0.00158918
4.935 1.7308 0.00150392
4.9375 -2.04556 0.00142592
4.94 0.530804 0.00137056
4.9425 1.5381 0.00133378
4.945 -2.26338 0.00128783
4.9475 1.09165 0.00123096
4.95 0.729299 0.00117112
4.9525 -1.70653 0.00109901
4.955 1.37226 0.00101372
4.9575 -0.186336 0.000922372
4.96 -0.952214 0.000823255
4.9625 1.10838 0.000716608
4.965 -0.407927 0.000613026
4.9675 -0.214426 0.000510259
4.97 0.0219348 0.000399
4.9725 0.0200787 0.000283903
4.975 0.648515 0.000166343
4.9775 -1.20206 4.80494e-05
4.98 0.368436 -7.04064e-05
4.9825 1.04953 -0.000200957
4.985 -1.55199 -0.000335326
4.9875 0.664225 -0.000448662
4.99 0.385388 -0.000543702
4.9925 -1.14807 -0.000637823
4.995 1.29612 -0.000723943
4.9975 -0.715192 -0.000790076
5 -0.714496 -0.000853371
5.0025 1.7708 -0.000933923
5.005 -1.4909 -0.00102378
5.0075 -0.379891 -0.0011033
5.01 1.90389 -0.00116448
5.0125 -1.65029 -0.00122319
5.015 -0.224507 -0.00131236
5.0175 1.7759 -0.0014451
5.02 -1.3443 -0.00160095
5.0225 -0.437935 -0.00174806
5.025 1.34488 -0.00187084
5.0275 -0.699846 -0.00197797
5.03 -0.331784 -0.00207475
5.0325 0.871163 -0.00216734
5.035 -0.540078 -0.00226079
5.0375 -0.117819 -0.00234241
5.04 0.647589 -0.00242488
5.0425 -0.452225 -0.0025184
5.045 0.299508 -0.00260991
5.0475 0.137466 -0.0027062
5.05 -0.591018 -0.00279184
5.0525 0.969326 -0.00286157
5.055 -0.361108 -0.00294611
5.0575 -0.552086 -0.00303215
5.06 1.37155 -0.00311094
5.0625 -1.10721 -0.00320617
5.065 -0.0631009 -0.00331376
5.0675 1.63025 -0.00342079
5.07 -1.83172 -0.00352682
5.0725 0.417818 -0.00362986
5.075 1.45982 -0.00372131
5.0775 -1.9134 -0.0037972
5.08 0.839893 -0.00385627
5.0825 0.698854 -0.00389589
5.085 -1.43665 -0.00392646
5.0875 1.10956 -0.00395444
5.09 -0.128419 -0.00397493
5.0925 -0.776326 -0.00399031
5.095 0.843155 -0.00401206
5.0975 -0.295632 -0.00404256
5.1 0.0427219 -0.00406184
5.1025 -0.209296 -0.00406499
5.105 0.00823055 -0.00406834
5.1075 0.87094 -0.00406281
5.11 -1.37444 -0.00402513
5.1125 0.345506 -0.00396151
5.115 1.13301 -0.00389299
5.1175 -1.61949 -0.00380604
5.12 0.881427 -0.00368472
5.1225 0.211482 -0.00355426
5.125 -1.24624 -0.00342661
5.1275 1.70079 -0.00329177
5.13 -1.14537 -0.00315753
5.1325 -0.66362 -0.00302882
5.135 2.29898 -0.00289743
5.1375 -2.08887 -0.00275848
5.14 -0.100353 -0.00260871
5.1425 2.17271 -0.00244854
5.145 -2.31932 -0.00229206
5.1475 0.440044 -0.00215667
5.15 1.62854 -0.00204252
5.1525 -1.89866 -0.00193754
5.155 0.496343 -0.00182768
5.1575 0.745083 -0.00170174
5.16 -0.910294 -0.00157144
5.1625 0.541827 -0.00145457
5.165 -0.142636 -0.00135275
5.1675 -0.263397 -0.00128247
5.17 0.471268 -0.00124979
5.1725 -0.479415 -0.0012198
5.175 0.20935 -0.00116919
5.1775 0.332346 -0.00110612
5.18 -0.730261 -0.00105297
5.1825 0.394875 -0.00100218
5.185 0.479855 -0.000917086
5.1875 -0.867533 -0.000803272
5.19 0.327125 -0.000679268
5.1925 0.571265 -0.000557392
5.195 -1.03592 -0.000453751
5.1975 0.534769 -0.000344235
5.2 0.694779 -0.000220692
5.2025 -1.39926 -0.000104272
5.205 0.735374 1.06674e-05
5.2075 0.728004 0.000122938
5.21 -1.51483 0.000233073
5.2125 0.8152 0.000354446
5.215 0.454626 0.000475941
5.2175 -1.11985 0.000584406
5.22 0.867036 0.000685201
5.2225 -0.0604769 0.000777389
5.225 -0.63682 0.000857763
5.2275 0.704047 0.000935732
5.23 -0.189361 0.00100519
5.2325 -0.213091 0.00106234
5.235 0.0572803 0.00113149
5.2375 0.250067 0.0012142
5.24 0.128275 0.00129774
5.2425 -0.936076 0.00139205
5.245 0.829666 0.00150416
5.2475 0.359807 0.00162429
5.25 -1.30862 0.00174326
5.2525 1.12983 0.00186641
5.255 -0.225176 0.00199344
5.2575 -0.715074 0.00211582
5.26 1.41304 0.00223324
5.2625 -1.46379 0.00234087
5.265 0.345089 0.00243604
5.2675 1.5999 0.00251845
5.27 -2.57222 0.00258413
5.2725 1.23722 0.00264141
5.275 1.36437 0.00270596
5.2775 -2.74651 0.00279143
5.28 1.80628 0.00289352
5.2825 0.531883 0.00299652
5.285 -2.20435 0.00310379
5.2875 1.85828 0.00320683
5.29 -0.215707 0.00328021
5.2925 -0.958075 0.00334002
5.295 1.2137 0.00342321
5.2975 -0.927431 0.00352601
5.3 0.437102 0.00362677
5.3025 0.477096 0.00372887
5.305 -1.22658 0.00382814
5.3075 1.19244 0.00389473
5.31 -0.274373 0.00393206
5.3125 -0.879265 0.00396701
5.315 1.52005 0.00399709
5.3175 -0.83087 0.0040183
5.32 -0.548343 0.00402658
5.3225 1.36117 0.00401848
5.325 -0.848069 0.00401477
5.3275 -0.230338 0.0040197
5.33 0.974828 0.00402855
5.3325 -0.690752 0.00403781
5.335 -0.185538 0.00402539
5.3375 0.789041 0.00398946
5.34 -0.436556 0.0039343
5.3425 -0.464634 0.00385943
5.345 0.79471 0.00377321
5.3475 -0.110437 0.00366735
5.35 -0.73399 0.00354057
5.3525 0.691916 0.00339514
5.355 -0.0208218 0.00323486
5.3575 -0.657494 0.00309292
5.36 0.660916 0.00296846
5.3625 -0.151114 0.00282314
5.365 -0.541776 0.00266385
5.3675 0.625832 0.00252265
5.37 -0.151253 0.00239801
5.3725 -0.605686 0.00227266
5.375 0.491516 0.00213603
5.3775 0.252388 0.00198922
5.38 -0.790569 0.00185704
5.3825 0.141026 0.0017439
5.385 0.668967 0.00163055
5.3875 -0.747992 0.00152466
5.39 0.125915 0.0014321
5.3925 0.421496 0.00135059
5.395 -0.826593 0.00128277
5.3975 0.846527 0.00121494
5.4 -0.252009 0.00114112
5.4025 -1.06253 0.00107338
5.405 1.93106 0.0010182
5.4075 -0.976865 0.000970352
5.41 -1.2677 0.000925096
5.4125 2.50332 0.000874574
5.415 -1.43839 0.000798879
5.4175 -0.813474 0.000696828
5.42 2.23674 0.000572963
5.4225 -1.76128 0.000422052
5.425 0.0555819 0.000269063
5.4275 1.37549 0.000140356
5.43 -1.53599 3.0071e-05
5.4325 0.834758 -7.3185e-05
5.435 -0.0400433 -0.000175627
5.4375 -0.72395 -0.000281067
5.44 1.47094 -0.000396031
5.4425 -1.353 -0.00051623
5.445 0.117671 -0.000623465
5.4475 1.40278 -0.000717407
5.45 -1.91646 -0.000808195
5.4525 1.06713 -0.000898737
5.455 0.715451 -0.000989907
5.4575 -1.96849 -0.0010741
5.46 1.61107 -0.00114548
5.4625 0.0133513 -0.00120804
5.465 -1.41735 -0.0012704
5.4675 1.53844 -0.0013435
5.47 -0.479121 -0.00143134
5.4725 -0.66454 -0.00154265
5.475 1.04652 -0.0016673
5.4775 -0.541143 -0.00177517
5.48 -0.2324 -0.00188883
5.4825 0.417718 -0.00202645
5.485 -0.010217 -0.00215464
5.4875 -0.188706 -0.00227285
5.49 -0.211163 -0.0023894
5.4925 0.627883 -0.00248729
5.495 -0.339955 -0.00256457
5.4975 -0.410371 -0.00263705
5.5 0.932268 -0.00272115
5.5025 -0.730009 -0.00280361
5.505 -0.123876 -0.00286773
5.5075 0.991399 -0.00293089
5.51 -1.12674 -0.00300723
5.5125 0.300278 -0.00309786
5.515 0.893318 -0.00320095
5.5175 -1.33618 -0.0033057
5.52 0.45742 -0.0034056
5.5225 0.744207 -0.00350231
5.525 -1.02102 -0.00359224
5.5275 0.445584 -0.00367518
5.53 0.240152 -0.00375227
5.5325 -0.665489 -0.00381087
5.535 0.732823 -0.00386136
5.5375 -0.2366 -0.00392266
5.54 -0.724331 -0.00398317
5.5425 1.25619 -0.00404085
5.545 -0.422324 -0.00408089
5.5475 -1.17379 -0.00407481
5.55 1.67215 -0.0040465
5.5525 -0.302971 -0.00402705
5.555 -1.43427 -0.00400924
5.5575 1.64654 -0.00398303
5.56 -0.342107 -0.00396117
5.5625 -1.04311 -0.00395696
5.565 1.36862 -0.00395207
5.5675 -0.682756 -0.00391482
5.57 -0.281555 -0.00383261
5.5725 0.83914 -0.00372893
5.575 -0.819511 -0.00362529
5.5775 0.633399 -0.0035064
5.58 -0.229839 -0.00336888
5.5825 -0.739748 -0.00321951
5.585 1.57242 -0.00305682
5.5875 -1.18135 -0.00289498
5.59 -0.364024 -0.00273875
5.5925 1.76497 -0.00258744
5.595 -1.85489 -0.0024529
5.5975 0.46928 -0.00233071
5.6 1.34571 -0.00220548
5.6025 -2.14431 -0.00207246
5.605 1.21238 -0.00193878
5.6075 0.620994 -0.00181264
5.61 -1.79633 -0.00169743
5.6125 1.45745 -0.00159588
5.615 -0.163839 -0.00149549
5.6175 -0.995219 -0.00138826
5.62 1.19661 -0.00129415
5.6225 -0.566538 -0.00121798
5.625 -0.25264 -0.00115188
5.6275 0.492851 -0.00109839
5.63 -0.270212 -0.00104882
5.6325 0.164735 -0.000993029
5.635 -0.442673 -0.000925296
5.6375 0.396134 -0.000853097
5.64 0.201989 -0.000790962
5.6425 -0.908883 -0.000719985
5.645 1.03149 -0.000630185
5.6475 -0.367487 -0.000530457
5.65 -0.758735 -0.000411259
5.6525 1.43856 -0.000282761
5.655 -1.15361 -0.000154344
5.6575 -0.107843 -1.29716e-05
5.66 1.46235 0.000131878
5.6625 -1.74266 0.000268927
5.665 0.554598 0.000398098
5.6675 1.03429 0.000501114
5.67 -1.62219 0.000570643
5.6725 1.06977 0.000639108
5.675 0.0565687 0.000729071
5.6775 -1.09028 0.000827516
5.68 1.55593 0.00092646
5.6825 -0.863217 0.00103137
5.685 -0.650558 0.00113323
5.6875 1.81945 0.00121204
5.69 -1.21779 0.00127932
5.6925 -0.532744 0.00135258
5.695 1.64608 0.00141468
5.6975 -0.906461 0.00147844
5.7 -0.502057 0.00157473
5.7025 1.04965 0.00169443
5.705 -0.367881 0.00182093
5.7075 -0.255217 0.00193841
5.71 0.340139 0.00204842
5.7125 -0.162669 0.00217034
5.715 0.118911 0.00229929
5.7175 -0.0792914 0.00242528
5.72 -0.061931 0.00254309
5.7225 0.4255 0.00263963
5.725 -0.62257 0.00271147
5.7275 0.0661973 0.00277761
5.73 0.939654 0.00284943
5.7325 -1.1633 0.00291622
5.735 0.112215 0.00298697
5.7375 1.21004 0.00306733
5.74 -1.48287 0.00314609
5.7425 0.444261 0.00323397
5.745 0.997127 0.00332528
5.7475 -1.70929 0.00340863
5.75 0.998541 0.00350465
5.7525 0.568734 0.00361723
5.755 -1.64783 0.00372254
5.7575 1.32672 0.00379678
5.76 0.0118933 0.0038449
5.7625 -1.17618 0.00389943
5.765 1.25151 0.00396197
5.7675 -0.462609 0.00400511
5.77 -0.494895 0.00402484
5.7725 0.861552 0.00404046
5.775 -0.50372 0.00405787
5.7775 -0.0627087 0.00406223
5.78 0.146529 0.00405438
5.7825 0.0221166 0.00404273
5.785 0.104082 0.00401666
5.7875 -0.517451 0.00397333
5.79 0.638106 0.00391438
5.7925 -0.191971 0.00384649
5.795 -0.582224 0.00379437
5.7975 1.12371 0.00375116
5.8 -0.903081 0.00369075
5.8025 -0.0690294 0.00360758
5.805 1.18055 0.00349419
5.8075 -1.61985 0.00335319
5.81 0.817056 0.00319465
5.8125 0.793904 0.00302035
5.815 -1.85377 0.0028407
5.8175 1.48821 0.00266635
5.82 -0.115233 0.00251043
5.8225 -1.25774 0.0023803
5.825 1.847 0.00225763
5.8275 -1.31885 0.00213334
5.83 -0.23818 0.00201095
5.8325 1.89341 0.00187959
5.835 -2.17724 0.00174947
5.8375 0.569801 0.00164723
5.84 1.53672 0.00155809
5.8425 -2.13304 0.00146195
5.845 0.878619 0.00136339
5.8475 0.756924 0.00126245
5.85 -1.25923 0.00117056
5.8525 0.715444 0.00109824
5.855 -0.219201 0.001039
5.8575 -0.00668827 0.000987248
5.86 0.460395 0.000934981
5.8625 -0.97807 0.000879995
5.865 0.827243 0.000816898
5.8675 0.112917 0.000744095
5.87 -1.10785 0.000667231
5.8725 1.26894 0.00057215
5.875 -0.319678 0.000467829
5.8775 -1.01856 0.000371905
5.88 1.4424 0.000257906
5.8825 -0.418563 0.000114558
5.885 -0.939777 -3.07507e-05
5.8875 1.21174 -0.000165014
5.89 -0.316721 -0.000296619
5.8925 -0.722637 -0.000417565
5.895 0.99544 -0.000525788
5.8975 -0.342018 -0.000642963
5.9 -0.617657 -0.00075616
5.9025 0.993821 -0.000841487
5.905 -0.412155 -0.000904005
5.9075 -0.599758 -0.000960734
5.91 1.03342 -0.00103739
5.9125 -0.459759 -0.00112733
5.915 -0.485831 -0.0012143
5.9175 0.917342 -0.00131346
5.92 -0.51812 -0.00141595
5.9225 -0.240623 -0.00150493
5.925 0.730762 -0.00158965
5.9275 -0.515192 -0.00167103
5.93 -0.172587 -0.00174867
5.9325 0.527716 -0.00183612
5.935 -0.187286 -0.0019422
5.9375 -0.255947 -0.00206117
5.94 0.270472 -0.00218948
5.9425 0.0992051 -0.00233067
5.945 -0.398983 -0.00247306
5.9475 0.34906 -0.00259941
5.95 0.126441 -0.00269953
5.9525 -0.625757 -0.00276703
5.955 0.730172 -0.00282383
5.9575 -0.190395 -0.00289914
5.96 -0.69286 -0.0029857
5.9625 1.23268 -0.00306281
5.965 -0.737094 -0.00312175
5.9675 -0.449914 -0.00318075
5.97 1.36322 -0.00326292
5.9725 -1.28385 -0.00334854
5.975 0.328305 -0.00342832
5.9775 0.919709 -0.00352794
5.98 -1.71326 -0.00363865
5.9825 1.42052 -0.00373375
5.985 0.135398 -0.00381153
5.9875 -1.8861 -0.00387893
5.99 2.14168 -0.00394038
5.9925 -0.540792 -0.00398839
5.995 -1.43409 -0.00401606
5.9975 1.98402 -0.00403843
6 -0.958699 -0.00406158
6.0025 -0.423285 -0.00407208
6.005 0.969514 -0.00406228
6.0075 -0.955578 -0.00403279
6.01 0.832698 -0.00400327
6.0125 -0.441308 -0.00398532
6.015 -0.664515 -0.00395913
6.0175 1.70198 -0.00391864
6.02 -1.52156 -0.00385809
6.0225 -0.0696794 -0.00377122
6.025 1.6771 -0.00368276
6.0275 -2.05986 -0.00359971
6.03 0.789998 -0.00350973
6.0325 1.134 -0.00340991
6.035 -2.11934 -0.00329392
6.0375 1.25759 -0.00315557
6.04 0.507476 -0.00299867
6.0425 -1.54552 -0.00283836
6.045 1.18254 -0.00267089
6.0475 -0.0889413 -0.00248711
6.05 -0.772273 -0.00230908
6.0525 0.87652 -0.00215121
6.055 -0.304726 -0.00201322
6.0575 -0.329823 -0.00189758
6.06 0.454291 -0.00180178
6.0625 -0.0544733 -0.00171684
6.065 -0.289407 -0.00163091
6.0675 0.100546 -0.00153814
6.07 0.384515 -0.0014269
6.0725 -0.474796 -0.00130728
6.075 0.00197929 -0.0012086
6.0775 0.596576 -0.00112561
6.08 -0.751567 -0.00106135
6.0825 0.279391 -0.00101434
6.085 0.579188 -0.000947516
6.0875 -1.03485 -0.000870817
6.09 0.551721 -0.000812426
6.0925 0.426893 -0.000756391
6.095 -0.951984 -0.000688315
6.0975 0.707461 -0.000611618
6.1 0.0382473 -0.000528497
6.1025 -0.698278 -0.000435325
6.105 0.824485 -0.000330314
6.1075 -0.303666 -0.000214343
6.11 -0.45469 -8.07135e-05
6.1125 0.869808 7.01555e-05
6.115 -0.533374 0.000216221
6.1175 -0.316719 0.000339147
6.12 0.876328 0.000452182
6.1225 -0.637641 0.000573396
6.125 -0.153136 0.000689705
6.1275 0.811879 0.000791669
6.13 -0.813046 0.000893862
6.1325 0.179375 0.000986654
6.135 0.681766 0.00105273
6.1375 -1.17556 0.00110993
6.14 0.699059 0.00117265
6.1425 0.613343 0.00124656
6.145 -1.53516 0.00134078
6.1475 1.02075 0.00143946
6.15 0.463789 0.00152952
6.1525 -1.39556 0.00161856
6.155 0.987616 0.00171335
6.1575 0.0416702 0.0018226
6.16 -0.61496 0.0019357
6.1625 0.590509 0.0020333
6.165 -0.540535 0.00212607
6.1675 0.586996 0.00222567
6.17 -0.116106 0.00233624
6.1725 -1.03156 0.00246013
6.175 1.71643 0.00258029
6.1775 -0.847537 0.00269937
6.18 -1.0196 0.0028296
6.1825 2.16878 0.00294237
6.185 -1.55483 0.00301414
6.1875 -0.302309 0.00305832
6.19 1.97845 0.00310239
6.1925 -2.12451 0.00315652
6.195 0.554622 0.00321145
6.1975 1.37945 0.00328331
6.2 -2.04123 0.00338074
6.2025 1.0926 0.00347582
6.205 0.42547 0.0035598
6.2075 -1.36344 0.0036458
6.21 1.2649 0.00374001
6.2125 -0.378706 0.00383006
6.215 -0.587853 0.00389804
6.2175 0.943327 0.00394718
6.22 -0.571209 0.00399523
6.2225 -0.0237494 0.00404867
6.225 0.272097 0.00408393
6.2275 -0.162191 0.00408799
6.23 0.138748 0.00407333
6.2325 -0.364801 0.00404295
6.235 0.454622 0.00401191
6.2375 -0.114863 0.00399176
6.24 -0.469521 0.00396949
6.2425 0.890415 0.00393493
6.245 -0.775055 0.0038824
6.2475 -0.0606953 0.00381548
6.25 1.04367 0.00373401
6.2525 -1.2794 0.00364398
6.255 0.529581 0.00355863
6.2575 0.589605 0.00345985
6.26 -1.31446 0.00334623
6.2625 1.16141 0.00322855
6.265 -0.228085 0.00308566
6.2675 -0.921251 0.00292517
6.27 1.49426 0.00277172
6.2725 -1.00949 0.00261931
6.275 -0.283736 0.00246307
6.2775 1.35053 0.00230158
6.28 -1.40105 0.00213071
6.2825 0.407368 0.00196798
6.285 0.812443 0.00183053
6.2875 -1.36784 0.00170841
6.29 0.91867 0.00160047
6.2925 0.141133 0.00151727
6.295 -1.07954 0.00144871
6.2975 1.16879 0.00138431
6.3 -0.295898 0.00131965
6.3025 -0.795832 0.00123464
6.305 1.0391 0.00112506
6.3075 -0.281326 0.00102414
6.31 -0.489459 0.00094766
6.3125 0.489905 0.00087844
6.315 -0.0659215 0.000809623
6.3175 -0.0103427 0.000744808
6.32 -0.183575 0.000688756
6.3225 0.0325243 0.000636989
6.325 0.570499 0.000575136
6.3275 -0.749225 0.000501757
6.33 -0.0347449 0.000402471
6.3325 1.15235 0.00027112
6.335 -1.15048 0.000143292
6.3375 -0.194227 2.27877e-05
6.34 1.53036 -0.000106484
6.3425 -1.34199 -0.000228525
6.345 -0.126192 -0.000349038
6.3475 1.47005 -0.000487327
6.35 -1.53173 -0.000633586
6.3525 0.363621 -0.00076489
6.355 1.15744 -0.000864387
6.3575 -1.74847 -0.00094461
6.36 0.87399 -0.00102304
6.3625 0.707266 -0.00109614
6.365 -1.57721 -0.00116859
6.3675 1.15278 -0.00124254
6.37 0.0155081 -0.00131585
6.3725 -1.02165 -0.00139704
6.375 1.23695 -0.00148206
6.3775 -0.583612 -0.00156238
6.38 -0.425424 -0.00164395
6.3825 0.980281 -0.00174115
6.385 -0.723177 -0.00185736
6.3875 0.0175866 -0.00197745
6.39 0.443462 -0.00208997
6.3925 -0.376966 -0.0021936
6.395 0.137352 -0.0022983
6.3975 -0.124015 -0.00240936
6.4 0.162661 -0.00251355
6.4025 -0.0310446 -0.00260765
6.405 -0.234702 -0.00270672
6.4075 0.507271 -0.00282657
6.41 -0.576442 -0.00294811
6.4125 0.147708 -0.00304258
6.415 0.582367 -0.00312583
6.4175 -1.01525 -0.00319903
6.42 0.710549 -0.00324797
6.4225 0.134282 -0.003294
6.425 -0.951685 -0.00335338
6.4275 1.21745 -0.00342086
6.43 -0.720299 -0.00347992
6.4325 -0.375446 -0.00353543
6.435 1.38511 -0.00362052
6.4375 -1.50214 -0.00373529
6.44 0.479756 -0.00385084
6.4425 0.984088 -0.00394045
6.445 -1.7739 -0.00399779
6.4475 1.29732 -0.00403818
6.45 0.104063 -0.00405914
6.4525 -1.41828 -0.00406189
6.455 1.7334 -0.0040679
6.4575 -0.852563 -0.00407258
6.46 -0.611191 -0.00406119
6.4625 1.6133 -0.00403946
6.465 -1.41585 -0.00400214
6.4675 0.20405 -0.00394342
6.47 0.968115 -0.00388381
6.4725 -1.20643 -0.00382551
6.475 0.664905 -0.00375721
6.4775 -0.0877623 -0.00368792
6.48 -0.29432 -0.00361303
6.4825 0.775496 -0.00351973
6.485 -1.18777 -0.00341499
6.4875 0.774979 -0.0032997
6.49 0.618379 -0.00316174
6.4925 -1.84809 -0.00301047
6.495 1.53871 -0.00286404
6.4975 0.276198 -0.0027155
6.5 -1.92612 -0.00256323
6.5025 1.79071 -0.00240738
6.505 -0.0516823 -0.00224225
6.5075 -1.52296 -0.00208874
6.51 1.54668 -0.00194429
6.5125 -0.331327 -0.00179044
6.515 -0.873963 -0.0016493
6.5175 1.1995 -0.00153451
6.52 -0.576378 -0.00144577
6.5225 -0.445585 -0.00137948
6.525 1.00412 -0.00131118
6.5275 -0.594707 -0.00123277
6.53 -0.326141 -0.00115308
6.5325 0.807258 -0.00108495
6.535 -0.483137 -0.00103482
6.5375 -0.176579 -0.000972109
6.54 0.621514 -0.000880686
6.5425 -0.560908 -0.000784799
6.545 0.00565989 -0.000691879
6.5475 0.581466 -0.000602668
6.55 -0.654277 -0.000533815
6.5525 0.131066 -0.00048313
6.555 0.518559 -0.000425759
6.5575 -0.648411 -0.000350454
6.56 0.153124 -0.000259193
6.5625 0.386248 -0.000143608
6.565 -0.441569 -5.3392e-06
6.5675 0.135748 0.000137456
6.57 0.168404 0.000279944
6.5725 -0.278582 0.000425578
6.575 0.152025 0.000563083
6.5775 0.145459 0.00067664
6.58 -0.290704 0.000781007
6.5825 0.0866309 0.000893225
6.585 0.263776 0.000995091
6.5875 -0.367185 0.00108108
6.59 0.131292 0.00116152
6.5925 0.256557 0.00123915
6.595 -0.523736 0.0013158
6.5975 0.464746 0.00138226
6.6 0.0377406 0.00144287
6.6025 -0.696385 0.00151054
6.605 0.933674 0.00158977
6.6075 -0.358267 0.00168778
6.61 -0.636902 0.00179134
6.6125 1.22503 0.00189668
6.615 -0.868783 0.00201725
6.6175 -0.181077 0.0021385
6.62 1.14766 0.00224662
6.6225 -1.30607 0.00234273
6.625 0.515476 0.00243665
6.6275 0.6697 0.00254932
6.63 -1.38789 0.0026789
6.6325 1.09875 0.00279631
6.635 -0.0381535 0.00288426
6.6375 -0.962849 0.00295965
6.64 1.16092 0.00304295
6.6425 -0.623083 0.0031294
6.645 -0.043848 0.00321625
6.6475 0.461814 0.00330931
6.65 -0.856124 0.00338846
6.6525 1.14466 0.00343445
6.655 -0.729806 0.00347494
6.6575 -0.696677 0.00353119
6.66 2.0601 0.00358983
6.6625 -1.84874 0.00364805
6.665 -0.149615 0.00371531
6.6675 2.22108 0.00380409
6.67 -2.47786 0.00390616
6.6725 0.623778 0.0039887
6.675 1.6424 0.00404739
6.6775 -2.39406 0.004096
6.68 1.24327 0.00412357
6.6825 0.582023 0.00411391
6.685 -1.68663 0.00408508
6.6875 1.52467 0.00405412
6.69 -0.446978 0.0040077
6.6925 -0.804071 0.00395763
6.695 1.39446 0.00391081
6.6975 -0.895544 0.00385185
6.7 -0.155533 0.00379726
6.7025 0.800518 0.0037399
6.705 -0.701219 0.00365811
6.7075 0.253058 0.00356518
6.71 0.158169 0.00345761
6.7125 -0.336099 0.00333518
6.715 0.236146 0.00321561
6.7175 -0.0414712 0.00309513
6.72 0.020224 0.00296869
6.7225 -0.149061 0.0028346
6.725 0.150225 0.00268431
6.7275 0.16733 0.00251577
6.73 -0.549919 0.00233488
6.7325 0.519372 0.00215784
6.735 0.0507705 0.00200693
6.7375 -0.642672 0.0018845
6.74 0.736056 0.00176593
6.7425 -0.315976 0.00163378
6.745 -0.285355 0.00149946
6.7475 0.750028 0.00138656
6.75 -0.765402 0.00130237
6.7525 0.214521 0.00122916
6.755 0.558704 0.00115867
6.7575 -0.928787 0.00109732
6.76 0.61766 0.00103964
6.7625 0.112428 0.000986806
6.765 -0.75695 0.00093409
6.7675 0.896001 0.00085828
6.77 -0.387899 0.000766375
6.7725 -0.467624 0.000678284
6.775 0.986179 0.000591488
6.7775 -0.676852 0.000501119
6.78 -0.196235 0.000413661
6.7825 0.836421 0.000338047
6.785 -0.725905 0.000258063
6.7875 0.0555867 0.0001639
6.79 0.563342 7.18682e-05
6.7925 -0.668271 -3.01418e-05
6.795 0.256839 -0.000152528
6.7975 0.314527 -0.000281593
6.8 -0.573173 -0.000421314
6.8025 0.341285 -0.000572495
6.805 0.111342 -0.000722296
6.8075 -0.382406 -0.000860612
6.81 0.29656 -0.000982597
6.8125 -0.0647493 -0.00108276
6.815 -0.0200473 -0.00114938
6.8175 0.024609 -0.00119779
6.82 -0.244351 -0.0012625
6.8225 0.603099 -0.00134366
6.825 -0.495777 -0.00142513
6.8275 -0.429578 -0.00150882
6.83 1.40053 -0.00159265
6.8325 -1.11467 -0.00166699
6.835 -0.53229 -0.00173693
6.8375 1.97491 -0.00181619
6.84 -1.63882 -0.0019184
6.8425 -0.284135 -0.0020425
6.845 2.01625 -0.00216797
6.8475 -1.98471 -0.00228116
6.85 0.312022 -0.00238738
6.8525 1.47398 -0.0025052
6.855 -1.98003 -0.00263026
6.8575 1.0235 -0.00273671
6.86 0.503096 -0.00282471
6.8625 -1.54479 -0.00290497
6.865 1.54439 -0.00299127
6.8675 -0.545664 -0.00309192
6.87 -0.849198 -0.00318602
6.8725 1.62445 -0.00326338
6.875 -1.13713 -0.0033361
6.8775 -0.11958 -0.00340926
6.88 1.05441 -0.00347031
6.8825 -1.13044 -0.00352123
6.885 0.548209 -0.0035835
6.8875 0.239928 -0.0036418
6.89 -0.780423 -0.00369284
6.8925 0.748455 -0.00376243
6.895 -0.273971 -0.00383436
6.8975 -0.202121 -0.00389448
6.9 0.376605 -0.0039466
6.9025 -0.340802 -0.0039961
6.905 0.296176 -0.00406089
6.9075 -0.240459 -0.00411771
6.91 -0.0105194 -0.00413566
6.9125 0.422722 -0.00413332
6.915 -0.656684 -0.00410948
6.9175 0.434827 -0.00403895
6.92 0.0641368 -0.00394501
6.9225 -0.52265 -0.0038658
6.925 0.751057 -0.00379975
6.9275 -0.617626 -0.00373858
6.93 0.0330598 -0.003675
6.9325 0.728478 -0.00359725
6.935 -1.10279 -0.00350958
6.9375 0.708151 -0.0034112
6.94 0.21007 -0.00329999
6.9425 -1.04528 -0.00318262
6.945 1.25524 -0.00305249
6.9475 -0.617001 -0.00290626
6.95 -0.543159 -0.00274847
6.9525 1.40899 -0.00258771
6.955 -1.25185 -0.00243822
6.9575 0.153453 -0.00229444
6.96 1.0152 -0.00214622
6.9625 -1.35713 -0.00199197
6.965 0.757247 -0.00183049
6.9675 0.238357 -0.00168085
6.97 -0.943407 -0.00155593
6.9725 1.00548 -0.00144413
6.975 -0.466685 -0.00134041
6.9775 -0.235736 -0.00124582
6.98 0.704324 -0.00117119
6.9825 -0.753226 -0.001121
6.985 0.493561 -0.00106859
6.9875 -0.0390958 -0.000996398
6.99 -0.513184 -0.000916504
6.9925 0.992604 -0.000848913
6.995 -0.949671 -0.000794883
6.9975 0.0969218 -0.000735732
7 1.15995 -0.000668538
7.0025 -1.71928 -0.000591734
7.005 0.780062 -0.000494413
7.0075 1.08891 -0.000387476
7.01 -2.1233 -0.000279017
7.0125 1.18222 -0.000167574
7.015 0.860991 -7.18748e-05
7.0175 -2.00821 4.79657e-06
7.02 1.26231 9.15508e-05
7.0225 0.471367 0.000201312
7.025 -1.5415 0.000323976
7.0275 1.18301 0.000455669
7.03 0.0119172 0.000597952
7.0325 -0.969895 0.000739136
7.035 1.07133 0.00086756
7.0375 -0.425958 0.000995972
7.04 -0.441552 0.00112374
7.0425 0.952475 0.00122795
7.045 -0.795031 0.00130833
7.0475 0.028745 0.00137015
7.05 0.841675 0.00141779
7.0525 -1.05319 0.00146919
7.055 0.32561 0.00153461
7.0575 0.65038 0.0016087
7.06 -0.982031 0.00168322
7.0625 0.515611 0.00177184
7.065 0.208905 0.00188076
7.0675 -0.693932 0.00199022
7.07 0.703571 0.00210238
7.0725 -0.227512 0.00221766
7.075 -0.402109 0.0023216
7.0775 0.662405 0.00241615
7.08 -0.392221 0.00251697
7.0825 -0.0795269 0.0026425
7.085 0.346555 0.00277777
7.0875 -0.312985 0.0028955
7.09 0.161993 0.00298996
7.0925 -0.0397896 0.00306392
7.095 -0.0850563 0.00313956
7.0975 0.215992 0.00321641
7.1 -0.226408 0.00327724
7.1025 0.0925779 0.00334525
7.105 0.0265212 0.00342974
7.1075 -0.0444777 0.00351244
7.11 0.106965 0.00358618
7.1125 -0.295497 0.00363932
7.115 0.362107 0.00367451
7.1175 -0.0676696 0.00372448
7.12 -0.417259 0.00379083
7.1225 0.680154 0.003846
7.125 -0.48161 0.00389937
7.1275 -0.115298 0.00395586
7.13 0.767319 0.00400005
7.1325 -0.972962 0.00404417
7.135 0.437408 0.0040868
7.1375 0.545113 0.00411304
7.14 -1.1826 0.00411654
7.1425 0.906707 0.00408518
7.145 0.039431 0.00403587
7.1475 -0.869211 0.00398119
7.15 1.03009 0.00390178
7.1525 -0.547524 0.0038079
7.155 -0.184301 0.00371786
7.1575 0.709943 0.00361748
7.16 -0.789769 0.00350039
7.1625 0.487862 0.00339366
7.165 -0.0269184 0.00331667
7.1675 -0.41423 0.00324138
7.17 0.771643 0.00313916
7.1725 -0.914159 0.00301751
7.175 0.53367 0.00287777
7.1775 0.481815 0.00271533
7.18 -1.56227 0.00254238
7.1825 1.67101 0.00237063
7.185 -0.31062 0.00220957
7.1875 -1.663 0.00206035
7.19 2.52325 0.00191739
7.1925 -1.25278 0.00178542
7.195 -1.20554 0.00165913
7.1975 2.66095 0.00152726
7.2 -1.86376 0.00139556
7.2025 -0.321145 0.0012784
7.205 1.97114 0.00118967
7.2075 -1.95097 0.00112342
7.21 0.643336 0.00106024
7.2125 0.808807 0.000993694
7.215 -1.53415 0.000925962
7.2175 1.28883 0.000870202
7.22 -0.297902 0.000829778
7.2225 -0.829056 0.000779579
7.225 1.37301 0.000706918
7.2275 -0.958706 0.00061844
7.23 -0.105036 0.000524611
7.2325 1.0175 0.000437502
7.235 -1.07477 0.000348427
7.2375 0.311597 0.000249013
7.24 0.51494 0.000151997
7.2425 -0.705649 5.68121e-05
7.245 0.349399 -5.4146e-05
7.2475 0.0377355 -0.000183016
7.25 -0.21819 -0.000305458
7.2525 0.255767 -0.000411711
7.255 -0.149537 -0.000518355
7.2575 -0.0299688 -0.000628378
7.26 0.0803794 -0.000747418
7.2625 0.0309059 -0.000880093
7.265 -0.0708522 -0.00100961
7.2675 -0.086524 -0.00113468
7.27 0.251165 -0.00126071
7.2725 -0.187998 -0.00137577
7.275 -0.0659885 -0.00146047
7.2775 0.268764 -0.00151457
7.28 -0.288547 -0.00155964
7.2825 0.151178 -0.00159811
7.285 0.063125 -0.00164421
7.2875 -0.310251 -0.00172433
7.29 0.431351 -0.00181988
7.2925 -0.231773 -0.00191251
7.295 -0.260361 -0.00200869
7.2975 0.605895 -0.00211509
7.3 -0.420328 -0.00223602
7.3025 -0.149994 -0.00236622
7.305 0.545619 -0.00249646
7.3075 -0.475014 -0.00261159
7.31 0.0472692 -0.00270795
7.3125 0.381008 -0.00280321
7.315 -0.498567 -0.00290116
7.3175 0.196185 -0.00299635
7.32 0.279797 -0.00309611
7.3225 -0.488103 -0.00319717
7.325 0.20383 -0.00327813
7.3275 0.25756 -0.0033476
7.33 -0.389521 -0.00342016
7.3325 0.106103 -0.00347515
7.335 0.204187 -0.00352081
7.3375 -0.215329 -0.00357573
7.34 0.0124485 -0.0036361
7.3425 0.12107 -0.00370999
7.345 -0.0442045 -0.00377616
7.3475 -0.122536 -0.00382223
7.35 0.136979 -0.0038807
7.3525 0.120147 -0.00394078
7.355 -0.420106 -0.0039748
7.3575 0.347706 -0.00399266
7.36 0.253214 -0.00400933
7.3625 -0.901613 -0.00403922
7.365 0.790959 -0.00408121
7.3675 0.284158 -0.0041042
7.37 -1.4127 -0.00408756
7.3725 1.36954 -0.00403961
7.375 0.0697743 -0.00397168
7.3775 -1.69917 -0.00388712
7.38 1.92665 -0.00379148
7.3825 -0.383421 -0.0036938
7.385 -1.55749 -0.0035918
7.3875 2.13728 -0.00347744
7.39 -0.94346 -0.00335689
7.3925 -0.849901 -0.00324148
7.395 1.80662 -0.00313596
7.3975 -1.43356 -0.00303045
7.4 0.235231 -0.00291647
7.4025 0.990877 -0.0028023
7.405 -1.61034 -0.00267342
7.4075 1.25938 -0.00251761
7.41 -0.043922 -0.00235889
7.4125 -1.30077 -0.00219772
7.415 1.77366 -0.00202021
7.4175 -0.952951 -0.0018446
7.42 -0.550586 -0.00169615
7.4225 1.59976 -0.00157003
7.425 -1.44843 -0.00144453
7.4275 0.294138 -0.00133258
7.43 0.908006 -0.0012518
7.4325 -1.30584 -0.00118056
7.435 0.840862 -0.00110195
7.4375 -0.0289299 -0.00101635
7.44 -0.667476 -0.000930418
7.4425 0.978614 -0.000855755
7.445 -0.712539 -0.000798105
7.4475 -0.0015656 -0.00076195
7.45 0.63357 -0.000732481
7.4525 -0.756979 -0.000678882
7.455 0.444631 -0.000595345
7.4575 -0.020299 -0.000499681
7.46 -0.330443 -0.000407142
7.4625 0.542077 -0.000312404
7.465 -0.504966 -0.000207367
7.4675 0.174657 -9.8252e-05
7.47 0.243966 1.19694e-05
7.4725 -0.477618 0.000118067
7.475 0.454002 0.000224114
7.4775 -0.269762 0.000343382
7.48 0.00314227 0.000464055
7.4825 0.341405 0.000577916
7.485 -0.659211 0.000691592
7.4875 0.639526 0.000807687
7.49 -0.0822951 0.000931827
7.4925 -0.683451 0.00105641
7.495 1.00485 0.00116973
7.4975 -0.579144 0.00127567
7.5 -0.263399 0.00138136
7.5025 0.905925 0.00148094
7.505 -0.932631 0.00155833
7.5075 0.336644 0.00162645
7.51 0.484096 0.00170572
7.5125 -0.938696 0.00177654
7.515 0.689802 0.00182267
7.5175 0.00805351 0.00186207
7.52 -0.538803 0.00191648
7.5225 0.55319 0.00200056
7.525 -0.275775 0.00212482
7.5275 0.0758732 0.00226931
7.53 0.0226145 0.00240457
7.5325 -0.217765 0.00253484
7.535 0.505742 0.00265762
7.5375 -0.609904 0.00276501
7.54 0.260204 0.00286745
7.5425 0.476776 0.00296459
7.545 -1.10842 0.00305437
7.5475 0.997771 0.00313425
7.55 0.0185233 0.00321481
7.5525 -1.2937 0.00330828
7.555 1.696 0.00338557
7.5575 -0.633379 0.00344568
7.56 -1.14435 0.00351169
7.5625 2.04557 0.00356943
7.565 -1.18487 0.00362618
7.5675 -0.70702 0.00369116
7.57 1.94032 0.00374073
7.5725 -1.47096 0.00378216
7.575 -0.167688 0.0038303
7.5775 1.45973 0.00387369
7.58 -1.40649 0.00391992
7.5825 0.325036 0.00397679
7.585 0.730178 0.0040258
7.5875 -1.07633 0.00405797
7.59 0.741369 0.00407086
7.5925 -0.0487535 0.00406102
7.595 -0.670932 0.00403712
7.5975 1.03176 0.00401008
7.6 -0.675487 0.00398592
7.6025 -0.286733 0.00395716
7.605 1.12437 0.00390111
7.6075 -1.04836 0.00380185
7.61 0.0690589 0.00368085
7.6125 0.957693 0.00356875
7.615 -1.15048 0.00344871
7.6175 0.431999 0.00330834
7.62 0.555982 0.00316971
7.6225 -1.0396 0.0030459
7.625 0.721907 0.00294202
7.6275 0.0622567 0.00284138
7.63 -0.680743 0.00272429
7.6325 0.803246 0.00259646
7.635 -0.464781 0.00245683
7.6375 -0.144821 0.00230395
7.64 0.718204 0.00214281
7.6425 -0.817263 0.00198167
7.645 0.298459 0.00183024
7.6475 0.424553 0.00168083
7.65 -0.759048 0.0015291
7.6525 0.540247 0.00138439
7.655 -0.0599058 0.00126035
7.6575 -0.373395 0.00116227
7.66 0.589053 0.00108153
7.6625 -0.464774 0.00102368
7.665 0.0325329 0.000982316
7.6675 0.397063 0.000926722
7.67 -0.494859 0.000855112
7.6725 0.259278 0.000783892
7.675 0.0214286 0.00071487
7.6775 -0.151133 0.000647403
7.68 0.198503 0.000590229
7.6825 -0.302371 0.000536254
7.685 0.362686 0.000457773
7.6875 -0.131262 0.000365065
7.69 -0.37425 0.000286219
7.6925 0.728284 0.000202219
7.695 -0.541732 8.83982e-05
7.6975 -0.0970082 -4.6615e-05
7.7 0.708036 -0.000182314
7.7025 -0.850872 -0.000307402
7.705 0.401413 -0.000424035
7.7075 0.369892 -0.000529917
7.71 -0.912852 -0.000626781
7.7125 0.77066 -0.000732679
7.715 -0.031357 -0.00085184
7.7175 -0.672273 -0.000970966
7.72 0.734761 -0.00109035
7.7225 -0.218877 -0.00121682
7.725 -0.260255 -0.00133517
7.7275 0.294204 -0.00142884
7.73 -0.0728676 -0.00150652
7.7325 0.00613295 -0.00158595
7.735 -0.213164 -0.00167494
7.7375 0.410009 -0.00176126
7.74 -0.200564 -0.00183131
7.7425 -0.455996 -0.00188795
7.745 1.04998 -0.00194129
7.7475 -0.877843 -0.0020057
7.75 -0.233984 -0.00208121
7.7525 1.50544 -0.00216966
7.755 -1.71487 -0.00228231
7.7575 0.398735 -0.00240198
7.76 1.46506 -0.00252396
7.7625 -2.2332 -0.00265637
7.765 1.17425 -0.00278781
7.7675 0.821551 -0.00292644
7.77 -2.10345 -0.00305813
7.7725 1.73549 -0.00314593
7.775 -0.178028 -0.00320684
7.7775 -1.30136 -0.00326954
7.78 1.74758 -0.00333466
7.7825 -1.1058 -0.0033953
7.785 -0.0695979 -0.00345222
7.7875 1.15177 -0.00352326
7.79 -1.61685 -0.00360664
7.7925 1.11172 -0.00367954
7.795 0.223631 -0.00373813
7.7975 -1.52995 -0.00377715
7.8 1.75879 -0.00380037
7.8025 -0.653481 -0.00383866
7.805 -0.914647 -0.00388942
7.8075 1.68979 -0.00393542
7.81 -1.15676 -0.00398435
7.8125 -0.0878317 -0.00402004
7.815 1.0434 -0.00403008
7.8175 -1.17583 -0.00403966
7.82 0.594034 -0.00405256
7.8225 0.237357 -0.00404588
7.825 -0.806266 -0.00401875
7.8275 0.833263 -0.00397985
7.83 -0.386361 -0.00391666
7.8325 -0.238877 -0.00383334
7.835 0.689964 -0.00374475
7.8375 -0.675325 -0.00364355
7.84 0.182809 -0.00353687
7.8425 0.390327 -0.00342346
7.845 -0.563444 -0.00329035
7.8475 0.287104 -0.00315263
7.85 0.0694118 -0.00301519
7.8525 -0.219859 -0.00287567
7.855 0.20733 -0.00273763
7.8575 -0.138351 -0.00260023
7.86 0.0179532 -0.00247418
7.8625 0.0982966 -0.00236304
7.865 -0.0894455 -0.00225474
7.8675 0.00758783 -0.0021301
7.87 -0.0296683 -0.00197601
7.8725 0.145227 -0.00179908
7.875 -0.117746 -0.00162012
7.8775 -0.135322 -0.00146982
7.88 0.354145 -0.00134579
7.8825 -0.22908 -0.00122273
7.885 -0.172302 -0.00111092
7.8875 0.441305 -0.00102592
7.89 -0.271549 -0.000961458
7.8925 -0.171651 -0.000901588
7.895 0.423577 -0.000841691
7.8975 -0.248138 -0.000794925
7.9 -0.142083 -0.000754797
7.9025 0.382718 -0.000701986
7.905 -0.270672 -0.000634696
7.9075 -0.11306 -0.000563357
7.91 0.442005 -0.000492666
7.9125 -0.368321 -0.00041163
7.915 -0.125417 -0.000315775
7.9175 0.591507 -0.000214348
7.92 -0.49722 -0.000116121
7.9225 -0.169291 -2.39775e-05
7.925 0.745107 7.20926e-05
7.9275 -0.583781 0.000181938
7.93 -0.195294 0.000305651
7.9325 0.806176 0.000445685
7.935 -0.646515 0.000597173
7.9375 -0.144443 0.000730608
7.94 0.832951 0.00082979
7.9425 -0.762534 0.000923587
7.945 -0.0691905 0.00102717
7.9475 0.919473 0.00112851
7.95 -0.93678 0.0012351
7.9525 -0.00398321 0.0013459
7.955 1.04663 0.00144745
7.9575 -1.13752 0.00154744
7.96 0.0977497 0.00165139
7.9625 1.09598 0.00174683
7.965 -1.28397 0.00181733
7.9675 0.306566 0.0018736
7.97 0.891084 0.00194091
7.9725 -1.27434 0.00200555
7.975 0.645467 0.00206
7.9775 0.367466 0.00213212
7.98 -1.01052 0.00222968
7.9825 0.969791 0.0023413
7.985 -0.38097 0.00245173
7.9875 -0.418185 0.00255804
7.99 1.057 0.00267225
7.9925 -1.1449 0.00278978
7.995 0.432521 0.00292062
7.9975 0.79471 0.00306998
8 -1.62349 0.00319549
8.0025 1.23722 0.00328388
8.005 0.192284 0.00335486
8.0075 -1.52763 0.0034108
8.01 1.68378 0.00346065
8.0125 -0.58105 0.00350731
8.015 -0.849792 0.00355021
8.0175 1.56064 0.00360538
8.02 -1.20173 0.00366673
8.0225 0.16217 0.00372216
8.025 0.896943 0.00378114
8.0275 -1.39649 0.00384286
8.03 1.04294 0.00389712
8.0325 -0.026324 0.00393708
8.035 -1.01192 0.00396382
8.0375 1.39926 0.00398474
8.04 -0.875923 0.00399719
8.0425 -0.226103 0.00400197
8.045 1.16468 0.0040074
8.0475 -1.28034 0.00401785
8.05 0.523274 0.00403148
8.0525 0.489995 0.00402616
8.055 -1.04044 0.00397379
8.0575 0.898888 0.00388246
8.06 -0.311114 0.00379413
8.0625 -0.367816 0.0037123
8.065 0.815128 0.0036069
8.0675 -0.778223 0.00349167
8.07 0.275358 0.00337402
8.0725 0.31895 0.00323973
8.075 -0.615721 0.00310511
8.0775 0.575704 0.00296687
8.08 -0.367361 0.00281709
8.0825 0.0267319 0.00267676
8.085 0.462138 0.00254573
8.0875 -0.84874 0.00241277
8.09 0.721464 0.00228368
8.0925 0.00344071 0.00215786
8.095 -0.850039 0.00201938
8.0975 1.1286 0.00187613
8.1 -0.557487 0.00174676
8.1025 -0.437101 0.00161831
8.105 1.0844 0.00148391
8.1075 -0.929043 0.00134534
8.11 0.132326 0.00120032
8.1125 0.712503 0.0010626
8.115 -0.989846 0.00094514
8.1175 0.502241 0.000862473
8.12 0.327052 0.000817282
8.1225 -0.77417 0.000785404
8.125 0.475432 0.000749845
8.1275 0.189346 0.000707673
8.13 -0.483799 0.000661272
8.1325 0.132758 0.000608289
8.135 0.370854 0.000539952
8.1375 -0.356781 0.000453372
8.14 -0.218904 0.000358077
8.1425 0.724365 0.00027081
8.145 -0.554314 0.000187474
8.1475 -0.256423 9.27304e-05
8.15 1.03989 -1.82198e-05
8.1525 -1.03689 -0.00014398
8.155 0.0785213 -0.000269712
8.1575 1.12409 -0.000383152
8.16 -1.50126 -0.000489977
8.1625 0.612356 -0.000605758
8.165 0.847789 -0.000733472
8.1675 -1.62431 -0.000857342
8.17 1.0709 -0.000981451
8.1725 0.264386 -0.00111071
8.175 -1.24627 -0.00122513
8.1775 1.21971 -0.00131558
8.18 -0.424891 -0.00139246
8.1825 -0.468463 -0.00148013
8.185 0.977679 -0.00158109
8.1875 -0.955194 -0.00166711
8.19 0.419952 -0.00174577
8.1925 0.429754 -0.00183773
8.195 -1.12475 -0.00193283
8.1975 1.1146 -0.00202289
8.2 -0.249026 -0.00209734
8.2025 -0.92339 -0.00215127
8.205 1.45001 -0.00220414
8.2075 -0.807689 -0.00226742
8.21 -0.504765 -0.00235065
8.2125 1.35247 -0.00246402
8.215 -1.06111 -0.00259428
8.2175 0.000849652 -0.00272241
8.22 0.89782 -0.00284003
8.2225 -1.02097 -0.00296095
8.225 0.455251 -0.00309035
8.2275 0.287105 -0.00320068
8.23 -0.756022 -0.00329779
8.2325 0.760203 -0.00339621
8.235 -0.305476 -0.00347262
8.2375 -0.388138 -0.00352857
8.24 0.864965 -0.0035771
8.2425 -0.717269 -0.00361665
8.245 0.00670156 -0.00365583
8.2475 0.723365 -0.0036956
8.25 -0.89845 -0.00373311
8.2525 0.396201 -0.0037675
8.255 0.395992 -0.00380555
8.2575 -0.871382 -0.0038715
8.26 0.672737 -0.00395235
8.2625 0.0152371 -0.00400211
8.265 -0.618314 -0.00401779
8.2675 0.713838 -0.0040242
8.27 -0.339235 -0.00402065
8.2725 -0.178037 -0.00400443
8.275 0.541955 -0.00399186
8.2775 -0.565727 -0.00397946
8.28 0.227358 -0.00395273
8.2825 0.244548 -0.00391548
8.285 -0.485311 -0.00386401
8.2875 0.366879 -0.00378997
8.29 -0.117912 -0.00369369
8.2925 -0.0398763 -0.00358268
8.295 0.190566 -0.00346732
8.2975 -0.436083 -0.00333467
8.3 0.545759 -0.00317966
8.3025 -0.207134 -0.00302523
8.305 -0.47606 -0.00288236
8.3075 0.951532 -0.00275378
8.31 -0.726916 -0.00263086
8.3125 -0.134472 -0.00250051
8.315 0.997751 -0.00236517
8.3175 -1.16834 -0.0022176
8.32 0.460536 -0.00206203
8.3225 0.64479 -0.0019263
8.325 -1.34232 -0.00180998
8.3275 1.06273 -0.00168868
8.33 0.0640264 -0.00156115
8.3325 -1.19732 -0.00143546
8.335 1.39295 -0.00130489
8.3375 -0.454082 -0.00117722
8.34 -0.81561 -0.00105354
8.3425 1.31835 -0.000925684
8.345 -0.689679 -0.000829867
8.3475 -0.399291 -0.000775578
8.35 0.946969 -0.000718653
8.3525 -0.594722 -0.000655491
8.355 -0.151977 -0.000608816
8.3575 0.556388 -0.000577109
8.36 -0.33727 -0.000549441
8.3625 -0.185533 -0.000514526
8.365 0.436691 -0.000455963
8.3675 -0.126636 -0.000370058
8.37 -0.439044 -0.000265824
8.3725 0.618873 -0.000143851
8.375 -0.113491 -1.82219e-05
8.3775 -0.643417 9.62614e-05
8.38 0.887259 0.000207651
8.3825 -0.331608 0.000317514
8.385 -0.524885 0.000424392
8.3875 0.938278 0.000531503
8.39 -0.644312 0.000649558
8.3925 -0.0162618 0.00078503
8.395 0.56791 0.000919289
8.3975 -0.795711 0.00104298
8.4 0.67862 0.00115441
8.4025 -0.194314 0.00125069
8.405 -0.571577 0.00134554
8.4075 1.18907 0.00144741
8.41 -1.0654 0.00155474
8.4125 0.0576208 0.00165118
8.415 1.18689 0.00172422
8.4175 -1.66641 0.00179511
8.42 0.883403 0.00187401
8.4225 0.636106 0.001955
8.425 -1.69984 0.00203701
8.4275 1.48077 0.00211203
8.43 -0.228421 0.00219098
8.4325 -1.05658 0.00228566
8.435 1.53139 0.00237664
8.4375 -1.04339 0.00245717
8.44 0.00229869 0.0025343
8.4425 0.992653 0.00261289
8.445 -1.41897 0.00271169
8.4475 1.00765 0.00283409
8.45 0.0792886 0.00297046
8.4525 -1.19315 0.00311395
8.455 1.53474 0.00324502
8.4575 -0.796796 0.00335682
8.46 -0.496101 0.0034461
8.4625 1.38689 0.00351065
8.465 -1.27391 0.00357179
8.4675 0.332668 0.00362849
8.47 0.726025 0.00366457
8.4725 -1.21179 0.00368641
8.475 0.880587 0.00371649
8.4775 -0.0439386 0.00376992
8.48 -0.689755 0.00381764
8.4825 0.894116 0.0038413
8.485 -0.572622 0.00386794
8.4875 0.0111665 0.0039051
8.49 0.476488 0.00394686
8.4925 -0.665864 0.00399309
8.495 0.486904 0.00403132
8.4975 -0.0807252 0.00404937
8.5 -0.295694 0.00404381
8.5025 0.494816 0.00401238
8.505 -0.524648 0.00396419
8.5075 0.355459 0.00391827
8.51 0.114135 0.00386584
8.5125 -0.721355 0.00379466
8.515 0.93118 0.00372105
8.5175 -0.376759 0.00364082
8.52 -0.587737 0.0035412
8.5225 1.14387 0.00343049
8.525 -0.796823 0.00331083
8.5275 -0.176761 0.00317365
8.53 1.00795 0.00300595
8.5325 -1.06042 0.00282434
8.535 0.298364 0.00266775
8.5375 0.693375 0.0025339
8.54 -1.1375 0.00240708
8.5425 0.66479 0.0022853
8.545 0.365532 0.00215469
8.5475 -1.09629 0.00201458
8.55 0.866876 0.00188361
8.5525 0.145434 0.00175857
8.555 -1.01048 0.00162357
8.5575 0.916502 0.00148974
8.56 0.0244299 0.00137165
8.5625 -0.898118 0.00125329
8.565 0.892804 0.00112431
8.5675 -0.0718778 0.00100575
8.57 -0.752949 0.000915005
8.5725 0.847556 0.000835834
8.575 -0.207337 0.000751049
8.5775 -0.557168 0.000670245
8.58 0.804154 0.000595071
8.5825 -0.371696 0.000530254
8.585 -0.346236 0.00049574
8.5875 0.72713 0.000477237
8.59 -0.46466 0.00044821
8.5925 -0.1521 0.000402726
8.595 0.538626 0.000334904
8.5975 -0.42028 0.000244874
8.6 0.0361668 0.000136284
8.6025 0.226632 9.62893e-06
8.605 -0.266593 -0.000119838
8.6075 0.222914 -0.000239577
8.61 -0.143701 -0.00036655
8.6125 -0.0759063 -0.000501989
8.615 0.391787 -0.000623166
8.6175 -0.48483 -0.000742657
8.62 0.104919 -0.000860986
8.6225 0.512159 -0.000953845
8.625 -0.749642 -0.00104638
8.6275 0.264882 -0.00116106
8.63 0.547893 -0.00128664
8.6325 -0.901493 -0.00141402
8.635 0.431349 -0.001525
8.6375 0.439819 -0.00161434
8.64 -0.928733 -0.00169714
8.6425 0.621766 -0.0017786
8.645 0.185766 -0.0018467
8.6475 -0.792295 -0.00190319
8.65 0.747517 -0.00198233
8.6525 -0.193366 -0.0020841
8.655 -0.409668 -0.0021746
8.6575 0.722406 -0.00225181
8.66 -0.63474 -0.00232425
8.6625 0.171299 -0.00240077
8.665 0.48934 -0.00249032
8.6675 -0.948564 -0.00258524
8.67 0.785152 -0.00268749
8.6725 0.0295309 -0.00279684
8.675 -0.94573 -0.00290035
8.6775 1.21322 -0.00300461
8.68 -0.548341 -0.00311582
8.6825 -0.560726 -0.00322994
8.685 1.25414 -0.00334412
8.6875 -1.02715 -0.00344803
8.69 0.0966085 -0.00354884
8.6925 0.853739 -0.00364601
8.695 -1.19673 -0.00370954
8.6975 0.737924 -0.00373939
8.7 0.186786 -0.00375028
8.7025 -0.932725 -0.00375251
8.705 1.01842 -0.00376863
8.7075 -0.464116 -0.00380198
8.71 -0.303086 -0.00384191
8.7125 0.80503 -0.00387894
8.715 -0.798943 -0.00391401
8.7175 0.357639 -0.00395741
8.72 0.216157 -0.00399528
8.7225 -0.597729 -0.0040118
8.725 0.65523 -0.0040096
8.7275 -0.466502 -0.0039996
8.73 0.115388 -0.00399194
8.7325 0.3999 -0.00397473
8.735 -0.922007 -0.00393204
8.7375 0.991527 -0.00386339
8.74 -0.275995 -0.00377601
8.7425 -0.865103 -0.00367606
8.745 1.52456 -0.00356969
8.7475 -1.07958 -0.00346541
8.75 -0.209542 -0.00335727
8.7525 1.42516 -0.0032389
8.755 -1.69404 -0.00310825
8.7575 0.77007 -0.00296465
8.76 0.76844 -0.00282058
8.7625 -1.83435 -0.00266826
8.765 1.59183 -0.00250037
8.7675 -0.150975 -0.00233106
8.77 -1.42427 -0.00216659
8.7725 1.90834 -0.00203131
8.775 -0.929162 -0.00193176
8.7775 -0.685816 -0.00182497
8.78 1.62765 -0.00169827
8.7825 -1.24788 -0.00157542
8.785 0.0355914 -0.00145818
8.7875 0.954146 -0.00133355
8.79 -1.05935 -0.0012056
8.7925 0.44009 -0.00108429
8.795 0.265434 -0.000970628
8.7975 -0.566043 -0.000863882
8.8 0.428299 -0.000767802
8.8025 -0.122885 -0.000695293
8.805 -0.0912956 -0.000642167
8.8075 0.13623 -0.00058518
8.81 -0.108129 -0.000518784
8.8125 0.132415 -0.000451693
8.815 -0.190437 -0.000397601
8.8175 0.129729 -0.000357583
8.82 0.100489 -0.000316607
8.8225 -0.309081 -0.000270301
8.825 0.26923 -0.000203971
8.8275 -0.0289314 -0.000103218
8.83 -0.135513 9.47025e-06
8.8325 0.0971252 0.000119359
8.835 -0.051094 0.000245998
8.8375 0.191501 0.000396389
8.84 -0.349777 0.000547531
8.8425 0.159244 0.000687849
8.845 0.400601 0.000822268
8.8475 -0.825337 0.000941042
8.85 0.572983 0.00103587
8.8525 0.29183 0.00111894
8.855 -1.04608 0.00121017
8.8575 0.982101 0.0013172
8.86 -0.118861 0.00143426
8.8625 -0.827697 0.00155419
8.865 1.12955 0.00165273
8.8675 -0.633705 0.00172777
8.87 -0.233214 0.00181886
8.8725 0.874398 0.00191484
8.875 -0.939685 0.00198776
8.8775 0.47398 0.00206084
8.88 0.23185 0.0021359
8.8825 -0.835929 0.00220182
8.885 1.0133 0.002269
8.8875 -0.556519 0.00234217
8.89 -0.371047 0.00243314
8.8925 1.1571 0.00254375
8.895 -1.14349 0.00265625
8.8975 0.252603 0.00276132
8.9 0.851603 0.00285373
8.9025 -1.30263 0.00293741
8.905 0.778675 0.00302934
8.9075 0.265924 0.00314135
8.91 -1.02507 0.00326087
8.9125 1.00025 0.00337009
8.915 -0.315951 0.00348029
8.9175 -0.480042 0.00358356
8.92 0.869542 0.00365382
8.9225 -0.662672 0.00371065
8.925 0.0547549 0.00376273
8.9275 0.511231 0.00379554
8.93 -0.652466 0.0038266
8.9325 0.345912 0.00385555
8.935 0.0966394 0.00386368
8.9375 -0.349865 0.0038594
8.94 0.333545 0.00385787
8.9425 -0.180091 0.00387556
8.945 0.036458 0.00391357
8.9475 0.064739 0.00395256
8.95 -0.178011 0.00398478
8.9525 0.316847 0.00401025
8.955 -0.356771 0.00402567
8.9575 0.106097 0.00401131
8.96 0.410072 0.00395257
8.9625 -0.780408 0.00387804
8.965 0.527199 0.00381203
8.9675 0.301406 0.00374096
8.97 -1.01384 0.00365085
8.9725 0.914572 0.00354694
8.975 -0.0285814 0.00343486
8.9775 -0.922902 0.00331026
8.98 1.1907 0.00317365
8.9825 -0.562175 0.00302943
8.985 -0.544787 0.00288409
8.9875 1.33293 0.00274057
8.99 -1.13353 0.00259562
8.9925 -0.0176474 0.00245529
8.995 1.2542 0.00231434
8.9975 -1.52767 0.00215884
9 0.546568 0.00199387
9.0025 0.901871 0.00183973
9.005 -1.6124 0.00171315
9.0075 1.01385 0.00159841
9.01 0.347312 0.00148405
9.0125 -1.33451 0.00138171
9.015 1.2307 0.00128376
9.0175 -0.259982 0.00118583
9.02 -0.754704 0.00108357
9.0225 1.11896 0.000962794
9.025 -0.715602 0.000835822
9.0275 -0.0653634 0.000724294
9.03 0.696579 0.000638902
9.0325 -0.844718 0.000575532
9.035 0.495883 0.000516807
9.0375 0.102283 0.000459379
9.04 -0.598968 0.000415226
9.0425 0.733639 0.000379014
9.045 -0.458506 0.000331072
9.0475 -0.0790206 0.000270906
9.05 0.611826 0.000199338
9.0525 -0.816279 0.000117078
9.055 0.471291 3.58723e-05
9.0575 0.279365 -5.27075e-05
9.06 -0.881275 -0.000153456
9.0625 0.789395 -0.000268723
9.065 -0.0413287 -0.00041393
9.0675 -0.691776 -0.000570457
9.07 0.754689 -0.000713704
9.0725 -0.178678 -0.000849084
9.075 -0.399349 -0.000984241
9.0775 0.459813 -0.00111569
9.08 -0.100485 -0.00123161
9.0825 -0.193974 -0.00132346
9.085 0.136662 -0.00139279
9.0875 0.0999635 -0.00146338
9.09 -0.166879 -0.00155838
9.0925 -0.024432 -0.00166394
9.095 0.235324 -0.00176291
9.0975 -0.23173 -0.00185754
9.1 0.0430509 -0.00195276
9.1025 0.145843 -0.00203973
9.105 -0.227972 -0.00211371
9.1075 0.220305 -0.00219532
9.11 -0.153656 -0.0022782
9.1125 -0.00165224 -0.00233901
9.115 0.269 -0.00239338
9.1175 -0.516817 -0.00246275
9.12 0.46042 -0.00256044
9.1225 0.0485874 -0.00268051
9.125 -0.717107 -0.00279165
9.1275 0.947034 -0.00289376
9.13 -0.406537 -0.00299663
9.1325 -0.555793 -0.0030925
9.135 1.16448 -0.00319286
9.1375 -0.908903 -0.00330291
9.14 -0.0244225 -0.00341001
9.1425 0.943433 -0.00350418
9.145 -1.19853 -0.00357957
9.1475 0.634007 -0.00365228
9.15 0.342088 -0.00372512
9.1525 -1.07052 -0.00378409
9.155 1.08199 -0.00384424
9.1575 -0.379278 -0.00389552
9.16 -0.559362 -0.00390345
9.1625 1.0829 -0.00388483
9.165 -0.844152 -0.00387579
9.1675 0.0781574 -0.00387939
9.17 0.620788 -0.0038874
9.1725 -0.810109 -0.00390866
9.175 0.503778 -0.00393717
9.1775 -0.0299195 -0.0039534
9.18 -0.314749 -0.00396502
9.1825 0.451627 -0.00396453
9.185 -0.452427 -0.00394291
9.1875 0.36245 -0.00392647
9.19 -0.110043 -0.00390278
9.1925 -0.360667 -0.0038386
9.195 0.847268 -0.00373984
9.1975 -0.897464 -0.00361987
9.2 0.227845 -0.00349136
9.2025 0.829495 -0.00335948
9.205 -1.44799 -0.00322142
9.2075 1.0247 -0.00309378
9.21 0.21859 -0.00297986
9.2125 -1.39553 -0.00285156
9.215 1.65666 -0.00270209
9.2175 -0.774755 -0.0025457
9.22 -0.725652 -0.00238137
9.2225 1.83561 -0.00221904
9.225 -1.67936 -0.00207626
9.2275 0.242057 -0.0019401
9.23 1.43586 -0.00180215
9.2325 -2.03697 -0.00167524
9.235 1.10006 -0.00155622
9.2375 0.587945 -0.00143017
9.24 -1.71218 -0.00130164
9.2425 1.52113 -0.0011903
9.245 -0.326968 -0.0010946
9.2475 -0.900987 -0.00100538
9.25 1.35909 -0.000924979
9.2525 -0.920967 -0.000838481
9.255 0.0280124 -0.000739749
9.2575 0.741832 -0.00064404
9.26 -1.00679 -0.000552284
9.2625 0.694491 -0.000464431
9.265 -0.0178971 -0.000386475
9.2675 -0.636206 -0.000327651
9.27 0.897165 -0.000294798
9.2725 -0.611671 -0.000269957
9.275 -0.0516404 -0.000228986
9.2775 0.682158 -0.000166299
9.28 -0.869531 -9.37766e-05
9.2825 0.471448 -1.45209e-05
9.285 0.26769 9.13922e-05
9.2875 -0.827485 0.000222975
9.29 0.758111 0.00035063
9.2925 -0.0793849 0.00046801
9.295 -0.6442 0.000595185
9.2975 0.769621 0.00073475
9.3 -0.208284 0.000876601
9.3025 -0.463141 0.00101736
9.305 0.59791 0.00114972
9.3075 -0.147246 0.00127572
9.31 -0.343768 0.00139161
9.3125 0.383451 0.00148634
9.315 -0.0378963 0.00157275
9.3175 -0.255419 0.00164735
9.32 0.230555 0.00170582
9.3225 -0.0102038 0.00177692
9.325 -0.14482 0.00186879
9.3275 0.142424 0.0019667
9.33 -0.0783898 0.00205847
9.3325 0.0352264 0.00214659
9.335 0.0363435 0.00224306
9.3375 -0.184542 0.00233806
9.34 0.283245 0.00241498
9.3425 -0.134896 0.00247553
9.345 -0.236095 0.00253725
9.3475 0.510643 0.00261214
9.35 -0.369566 0.00270253
9.3525 -0.15446 0.00280664
9.355 0.637201 0.00290714
9.3575 -0.613568 0.00301041
9.36 0.035106 0.0031331
9.3625 0.619805 0.00325498
9.365 -0.76108 0.00336311
9.3675 0.252974 0.00345377
9.37 0.449457 0.00352852
9.3725 -0.744657 0.00360589
9.375 0.435005 0.0036822
9.3775 0.169357 0.00375028
9.38 -0.591722 0.00380969
9.3825 0.554444 0.00385057
9.385 -0.117723 0.00388038
9.3875 -0.387542 0.00390901
9.39 0.584587 0.00393489
9.3925 -0.323947 0.00394791
9.395 -0.190023 0.00392953
9.3975 0.538758 0.00390082
9.4 -0.425382 0.00389703
9.4025 -0.0511042 0.00390713
9.405 0.456751 0.00391889
9.4075 -0.420359 0.00392579
9.41 0.00205352 0.00391467
9.4125 0.36694 0.00390058
9.415 -0.335467 0.00388993
9.4175 -0.0189369 0.00386402
9.42 0.306885 0.00381198
9.4225 -0.238525 0.00372738
9.425 -0.0991143 0.0036085
9.4275 0.337801 0.00346125
9.43 -0.193864 0.00331219
9.4325 -0.224756 0.00318515
9.435 0.480739 0.00306006
9.4375 -0.242192 0.00291426
9.44 -0.327557 0.00275371
9.4425 0.678206 0.00259802
9.445 -0.416545 0.00245407
9.4475 -0.280674 0.00231281
9.45 0.81959 0.0021804
9.4525 -0.725287 0.00205381
9.455 0.0228856 0.00191375
9.4575 0.797359 0.00175772
9.46 -1.10541 0.00159612
9.4625 0.556014 0.00145431
9.465 0.560058 0.00134334
9.4675 -1.37519 0.00124287
9.47 1.11652 0.00115075
9.4725 0.106902 0.00106999
9.475 -1.29356 0.000974206
9.4775 1.45207 0.000864116
9.48 -0.4949 0.000770506
9.4825 -0.768068 0.000680902
9.485 1.3955 0.000589818
9.4875 -1.03189 0.000526274
9.49 0.0370893 0.00046912
9.4925 0.892244 0.000392894
9.495 -1.21449 0.000316284
9.4975 0.807716 0.000246857
9.5 0.054816 0.000182613
9.5025 -0.886664 0.000123057
9.505 1.21268 6.89482e-05
9.5075 -0.8103 2.19156e-05
9.51 -0.124184 -3.16227e-05
9.5125 1.04019 -0.000109368
9.515 -1.34563 -0.000219972
9.5175 0.78807 -0.000355419
9.52 0.339222 -0.000500413
9.5225 -1.32247 -0.000651021
9.525 1.46482 -0.000804651
9.5275 -0.588109 -0.000951583
9.53 -0.760313 -0.0010778
9.5325 1.6212 -0.00118705
9.535 -1.32108 -0.00130379
9.5375 0.0549802 -0.00142568
9.54 1.20752 -0.00152904
9.5425 -1.51394 -0.00162124
9.545 0.730033 -0.00171784
9.5475 0.425666 -0.0018018
9.55 -1.09314 -0.00186692
9.5525 0.970116 -0.00193174
9.555 -0.358158 -0.00199675
9.5575 -0.290089 -0.0020677
9.56 0.715841 -0.00215778
9.5625 -0.808697 -0.00225501
9.565 0.491931 -0.00235008
9.5675 0.161358 -0.00244657
9.57 -0.784054 -0.0025449
9.5725 0.906834 -0.00263266
9.575 -0.383188 -0.00270102
9.5775 -0.412957 -0.00277062
9.58 0.864946 -0.00285002
9.5825 -0.640728 -0.00293448
9.585 -0.0136171 -0.00303419
9.5875 0.518422 -0.00314268
9.59 -0.514984 -0.00325488
9.5925 0.150557 -0.003376
9.595 0.158806 -0.00349127
9.5975 -0.168877 -0.00358741
9.6 0.000521692 -0.00366416
9.6025 0.0522193 -0.00372678
9.605 0.124197 -0.00378237
9.6075 -0.325266 -0.00383065
9.61 0.250053 -0.00386247
9.6125 0.146601 -0.00388212
9.615 -0.551801 -0.00391357
9.6175 0.577596 -0.00394568
9.62 -0.143747 -0.00395213
9.6225 -0.448013 -0.00394559
9.625 0.776909 -0.00393856
9.6275 -0.601132 -0.0039337
9.63 -0.00791786 -0.00392184
9.6325 0.685533 -0.00389313
9.635 -0.951111 -0.00387461
9.6375 0.543274 -0.00387012
9.64 0.30562 -0.00385748
9.6425 -0.972487 -0.00383793
9.645 0.92491 -0.00380468
9.6475 -0.183572 -0.00375245
9.65 -0.666972 -0.00368144
9.6525 0.960468 -0.00358362
9.655 -0.513907 -0.00346418
9.6575 -0.238332 -0.00331943
9.66 0.668688 -0.00315161
9.6625 -0.517997 -0.00299113
9.665 0.0523142 -0.00284057
9.6675 0.273008 -0.00268162
9.67 -0.246623 -0.00251957
9.6725 0.0304415 -0.00237187
9.675 0.0654729 -0.00224497
9.6775 0.0830594 -0.00211826
9.68 -0.276531 -0.00197683
9.6825 0.198047 -0.00183393
9.685 0.214026 -0.00169581
9.6875 -0.624537 -0.00156574
9.69 0.591497 -0.00144139
9.6925 -0.0169554 -0.00130826
9.695 -0.706817 -0.00117781
9.6975 1.00171 -0.00107127
9.7 -0.568485 -0.000986524
9.7025 -0.365503 -0.000907024
9.705 1.16394 -0.000818608
9.7075 -1.18855 -0.000723953
9.71 0.292753 -0.000638288
9.7125 0.937057 -0.000573394
9.715 -1.53023 -0.000517071
9.7175 0.949348 -0.000447425
9.72 0.361403 -0.000359442
9.7225 -1.34235 -0.00025775
9.725 1.28025 -0.000170938
9.7275 -0.362059 -0.000126763
9.73 -0.655744 -9.98979e-05
9.7325 1.13856 -5.21521e-05
9.735 -0.91959 2.11756e-05
9.7375 0.216248 0.000111403
9.74 0.571573 0.000212709
9.7425 -1.02911 0.000314105
9.745 0.896594 0.000412358
9.7475 -0.218648 0.000517635
9.75 -0.634091 0.000640509
9.7525 1.13595 0.000790674
9.755 -0.923725 0.00095737
9.7575 0.0771277 0.00112255
9.76 0.873694 0.00127596
9.7625 -1.27621 0.0014024
9.765 0.809815 0.00151001
9.7675 0.253999 0.00160054
9.77 -1.18575 0.00166467
9.7725 1.28975 0.00173585
9.775 -0.444605 0.00182564
9.7775 -0.742208 0.0019086
9.78 1.36726 0.00198796
9.7825 -0.951172 0.00207073
9.785 -0.15495 0.00214862
9.7875 1.06011 0.00221992
9.79 -1.09479 0.00228708
9.7925 0.350899 0.002359
9.795 0.499026 0.00245271
9.7975 -0.857301 0.00255673
9.8 0.636161 0.00265014
9.8025 -0.127942 0.0027508
9.805 -0.362727 0.00285761
9.8075 0.661293 0.00294168
9.81 -0.635669 0.00301284
9.8125 0.205418 0.00309397
9.815 0.465024 0.00317929
9.8175 -0.902909 0.00326468
9.82 0.673834 0.00336813
9.8225 0.134691 0.00348248
9.825 -0.884938 0.00358667
9.8275 0.937818 0.00368883
9.83 -0.234745 0.00377879
9.8325 -0.643309 0.003839
9.835 0.976199 0.00387768
9.8375 -0.520513 0.00390228
9.84 -0.301866 0.00392003
9.8425 0.804817 0.00392592
9.845 -0.636431 0.00392365
9.8475 0.0211385 0.00393414
9.85 0.507094 0.00394555
9.8525 -0.573401 0.00394367
9.855 0.21941 0.00393624
9.8575 0.208758 0.00392513
9.86 -0.385033 0.0039075
9.8625 0.246373 0.00388065
9.865 0.0182365 0.00384599
9.8675 -0.17854 0.00380828
9.87 0.150717 0.00377532
9.8725 -0.0161855 0.00374122
9.875 -0.084585 0.0036847
9.8775 0.0546112 0.00361293
9.88 0.0875154 0.00353669
9.8825 -0.186644 0.003434
9.885 0.0665807 0.00329333
9.8875 0.242588 0.00313433
9.89 -0.439017 0.0029741
9.8925 0.22833 0.0028011
9.895 0.305417 0.00261745
9.8975 -0.693179 0.00245079
9.9 0.51234 0.00229593
9.9025 0.170259 0.00214921
9.905 -0.801236 0.00202143
9.9075 0.812441 0.00189201
9.91 -0.14044 0.001763
9.9125 -0.683346 0.00164736
9.915 0.977849 0.00152438
9.9175 -0.499098 0.00139437
9.92 -0.360512 0.00126691
9.9225 0.918326 0.00114419
9.925 -0.757533 0.00103497
9.9275 0.0344467 0.000929778
9.93 0.67002 0.000829847
9.9325 -0.815249 0.000747675
9.935 0.32808 0.000674983
9.9375 0.355742 0.000606783
9.94 -0.67864 0.000538065
9.9425 0.432074 0.000465145
9.945 0.110994 0.000395533
9.9475 -0.47699 0.000326337
9.95 0.392825 0.000252801
9.9525 0.0210018 0.000174831
9.955 -0.373403 9.70548e-05
9.9575 0.333476 3.11944e-05
9.96 0.0685331 -3.02502e-05
9.9625 -0.433605 -0.000104471
9.965 0.356463 -0.000185901
9.9675 0.13876 -0.000261547
9.97 -0.565448 -0.000340456
9.9725 0.46297 -0.000444524
9.975 0.0949931 -0.000572039
9.9775 -0.572067 -0.000702655
9.98 0.549783 -0.00083686
9.9825 -0.122503 -0.000989496
9.985 -0.310315 -0.00115298
9.9875 0.487742 -0.00130195
9.99 -0.411206 -0.00142816
9.9925 0.162138 -0.00154199
9.995 0.19392 -0.00164945
9.9975 -0.523972 -0.00174849
10 0.611207 -0.00183825
