0.005 4.47206e-16
0.01 1.7568e-15
0.015 -2.41519e-15
0.02 9.75539e-16
0.025 -1.60038e-15
0.03 -2.56911e-15
0.035 2.38146e-15
0.04 1.28779e-15
0.045 -1.36526e-15
0.05 -2.80911e-15
0.055 7.66786e-15
0.06 -6.99533e-15
0.065 -7.04614e-17
0.07 8.61024e-15
0.075 -8.21484e-15
0.08 6.67154e-15
0.085 -4.98936e-15
0.09 -6.5856e-16
0.095 6.359e-15
0.1 -6.3635e-15
0.105 3.09713e-15
0.11 -8.7056e-16
0.115 -5.10215e-16
0.12 1.9395e-15
0.125 3.13249e-15
0.13 -3.89415e-15
0.135 -1.32279e-15
0.14 3.29658e-15
0.145 -8.20286e-16
0.15 -1.38901e-15
0.155 2.40596e-15
0.16 1.14178e-15
0.165 -3.42625e-15
0.17 1.25397e-15
0.175 -2.45678e-15
0.18 3.72428e-15
0.185 -3.34887e-16
0.19 -1.97672e-15
0.195 -9.07331e-16
0.2 -2.14806e-15
0.205 3.11495e-15
0.21 -1.36799e-15
0.215 2.35838e-15
0.22 -5.55175e-16
0.225 1.00227e-15
0.23 3.17048e-16
0.235 -4.03387e-16
0.24 -1.67106e-15
0.245 1.20079e-15
0.25 7.12511e-16
0.255 -5.60534e-15
0.26 8.15236e-15
0.265 -9.28296e-15
0.27 4.89523e-15
0.275 6.39095e-16
0.28 -4.73942e-15
0.285 9.95135e-15
0.29 -9.93062e-15
0.295 6.32732e-15
0.3 -5.02885e-15
0.305 3.30384e-15
0.31 1.65939e-15
0.315 -5.5167e-15
0.32 4.25624e-15
0.325 -1.50202e-15
0.33 2.13636e-15
0.335 -3.1467e-15
0.34 4.49129e-15
0.345 -6.0495e-15
0.35 2.96198e-15
0.355 -1.67542e-15
0.36 -1.12091e-14
0.365 -9.51267e-15
0.37 -3.79566e-14
0.375 -8.09698e-14
0.38 -1.9775e-13
0.385 -4.52428e-13
0.39 -1.04571e-12
0.395 -2.35426e-12
0.4 -5.2732e-12
0.405 -1.16904e-11
0.41 -2.55738e-11
0.415 -5.53672e-11
0.42 -1.1849e-10
0.425 -2.50741e-10
0.43 -5.24559e-10
0.435 -1.08499e-09
0.44 -2.21865e-09
0.445 -4.48505e-09
0.45 -8.96309e-09
0.455 -1.77069e-08
0.46 -3.45787e-08
0.465 -6.67486e-08
0.47 -1.27359e-07
0.475 -2.40188e-07
0.48 -4.47707e-07
0.485 -8.24783e-07
0.49 -1.50166e-06
0.495 -2.7019e-06
0.5 -4.80412e-06
0.505 -8.44083e-06
0.51 -1.46542e-05
0.515 -2.51373e-05
0.52 -4.26023e-05
0.525 -7.13312e-05
0.53 -0.000117986
0.535 -0.000192779
0.54 -0.000311123
0.545 -0.000495928
0.55 -0.0007807
0.555 -0.00121364
0.56 -0.00186294
0.565 -0.00282336
0.57 -0.00422421
0.575 -0.00623861
0.58 -0.00909366
0.585 -0.0130809
0.59 -0.0185662
0.595 -0.0259968
0.6 -0.0359046
0.605 -0.0489022
0.61 -0.065668
0.615 -0.0869197
0.62 -0.11337
0.625 -0.145662
0.63 -0.184291
0.635 -0.2295
0.64 -0.281162
0.645 -0.33866
0.65 -0.400763
0.655 -0.465522
0.66 -0.530204
0.665 -0.591271
0.67 -0.644443
0.675 -0.684831
0.68 -0.707182
0.685 -0.706203
0.69 -0.676976
0.695 -0.61543
0.7 -0.518829
0.705 -0.386239
0.71 -0.218912
0.715 -0.0205346
0.72 0.202701
0.725 0.442245
0.73 0.687563
0.735 0.926734
0.74 1.14722
0.745 1.33678
0.75 1.48438
0.755 1.5811
0.76 1.6209
0.765 1.60111
0.77 1.52268
0.775 1.39015
0.78 1.21126
0.785 0.996339
0.79 0.757437
0.795 0.507414
0.8 0.258964
0.805 0.0237171
0.81 -0.18849
0.815 -0.370148
0.82 -0.516356
0.825 -0.624869
0.83 -0.695918
0.835 -0.731853
0.84 -0.736674
0.845 -0.71549
0.85 -0.673986
0.855 -0.617929
0.86 -0.552767
0.865 -0.483319
0.87 -0.413585
0.875 -0.346652
0.88 -0.284696
0.885 -0.229046
0.89 -0.180296
0.895 -0.138447
0.9 -0.103039
0.905 -0.0732933
0.91 -0.0482271
0.915 -0.0267467
0.92 -0.00772168
0.925 0.0099613
0.93 0.0273601
0.935 0.0454473
0.94 0.0650842
0.945 0.0869931
0.95 0.111724
0.955 0.139615
0.96 0.170741
0.965 0.204866
0.97 0.241384
0.975 0.279274
0.98 0.317065
0.985 0.35283
0.99 0.384212
0.995 0.408491
1 0.422702
1.005 0.423807
1.01 0.408912
1.015 0.375517
1.02 0.321795
1.025 0.246861
1.03 0.151015
1.035 0.0359226
1.04 -0.0952956
1.045 -0.238085
1.05 -0.386607
1.055 -0.534026
1.06 -0.672907
1.065 -0.795717
1.07 -0.895375
1.075 -0.965805
1.08 -1.00245
1.085 -1.00266
1.09 -0.965976
1.095 -0.894179
1.1 -0.791192
1.105 -0.662783
1.11 -0.51611
1.115 -0.359164
1.12 -0.200156
1.125 -0.0469086
1.13 0.0936828
1.135 0.216075
1.14 0.316357
1.145 0.392368
1.15 0.443656
1.155 0.471298
1.16 0.47762
1.165 0.465845
1.17 0.439726
1.175 0.403185
1.18 0.360009
1.185 0.313602
1.19 0.266825
1.195 0.221907
1.2 0.180426
1.205 0.143346
1.21 0.111099
1.215 0.0836765
1.22 0.0607427
1.225 0.0417342
1.23 0.0259503
1.235 0.0126264
1.24 0.000989156
1.245 -0.00970438
1.25 -0.0201406
1.255 -0.0309323
1.26 -0.0426056
1.265 -0.0555887
1.27 -0.0701975
1.275 -0.0866179
1.28 -0.104884
1.285 -0.124851
1.29 -0.146171
1.295 -0.168267
1.3 -0.190311
1.305 -0.211227
1.31 -0.229693
1.315 -0.24418
1.32 -0.253007
1.325 -0.254433
1.33 -0.246763
1.335 -0.228493
1.34 -0.198453
1.345 -0.155968
1.35 -0.101003
1.355 -0.0342779
1.36 0.0426564
1.365 0.127399
1.37 0.216751
1.375 0.306849
1.38 0.39336
1.385 0.47175
1.39 0.537597
1.395 0.586922
1.4 0.61651
1.405 0.624193
1.41 0.60906
1.415 0.571565
1.42 0.513532
1.425 0.438035
1.43 0.34918
1.435 0.251787
1.44 0.151027
1.445 0.0520297
1.45 -0.0404902
1.455 -0.12255
1.46 -0.19114
1.465 -0.244362
1.47 -0.28146
1.475 -0.302756
1.48 -0.309495
1.485 -0.303635
1.49 -0.287594
1.495 -0.264008
1.5 -0.235495
1.505 -0.204463
1.51 -0.172977
1.515 -0.142668
1.52 -0.114708
1.525 -0.0898218
1.53 -0.0683404
1.535 -0.050267
1.54 -0.0353593
1.545 -0.023208
1.55 -0.0133067
1.555 -0.00511
1.56 0.00192327
1.565 0.00830069
1.57 0.0144778
1.575 0.0208482
1.58 0.0277382
1.585 0.0354038
1.59 0.0440259
1.595 0.0537051
1.6 0.0644515
1.605 0.076174
1.61 0.0886669
1.615 0.101597
1.62 0.114496
1.625 0.126754
1.63 0.137624
1.635 0.146241
1.64 0.151651
1.645 0.152853
1.65 0.148863
1.655 0.138783
1.66 0.121886
1.665 0.0977062
1.67 0.066118
1.675 0.0274144
1.68 -0.0176417
1.685 -0.0677933
1.69 -0.121303
1.695 -0.176005
1.7 -0.229409
1.705 -0.278831
1.71 -0.32157
1.715 -0.355098
1.72 -0.377254
1.725 -0.386429
1.73 -0.381716
1.735 -0.363011
1.74 -0.331055
1.745 -0.2874
1.75 -0.234313
1.755 -0.174615
1.76 -0.111472
1.765 -0.0481571
1.77 0.0121946
1.775 0.0668071
1.78 0.11345
1.785 0.150568
1.79 0.177341
1.795 0.193682
1.8 0.200167
1.805 0.197914
1.81 0.188433
1.815 0.173453
1.82 0.154762
1.825 0.134054
1.83 0.11282
1.835 0.092268
1.84 0.0732849
1.845 0.0564366
1.85 0.0419936
1.855 0.0299788
1.86 0.0202256
1.865 0.0124378
1.87 0.00624565
1.875 0.00125248
1.88 -0.00293037
1.885 -0.00665956
1.89 -0.0102461
1.895 -0.013949
1.9 -0.0179742
1.905 -0.0224756
1.91 -0.0275557
1.915 -0.0332658
1.92 -0.0396034
1.925 -0.0465079
1.93 -0.0538546
1.935 -0.0614486
1.94 -0.0690197
1.945 -0.0762199
1.95 -0.0826251
1.955 -0.0877433
1.96 -0.0910296
1.965 -0.0919098
1.97 -0.0898115
1.975 -0.0842042
1.98 -0.0746441
1.985 -0.0608239
1.99 -0.0426209
1.995 -0.0201419
2 0.00624212
2.005 0.035876
2.01 0.0678192
2.015 0.100868
2.02 0.133601
2.025 0.16445
2.03 0.191793
2.035 0.21406
2.04 0.229849
2.045 0.238038
2.05 0.23789
2.055 0.229123
2.06 0.21196
2.065 0.187135
2.07 0.155852
2.075 0.119713
2.08 0.0806015
2.085 0.0405498
2.09 0.00158506
2.095 -0.0344172
2.1 -0.065866
2.105 -0.0915589
2.11 -0.110748
2.115 -0.123162
2.12 -0.128989
2.125 -0.128815
2.13 -0.123536
2.135 -0.114253
2.14 -0.102156
2.145 -0.0884215
2.15 -0.0741178
2.155 -0.0601392
2.16 -0.0471661
2.165 -0.035651
2.17 -0.0258284
2.175 -0.0177437
2.18 -0.0112927
2.185 -0.0062666
2.19 -0.00239547
2.195 0.000613593
2.2 0.0030468
2.205 0.00516326
2.21 0.00718319
2.215 0.00928332
2.22 0.0115972
2.225 0.0142181
2.23 0.0172026
2.235 0.0205736
2.24 0.0243214
2.245 0.028403
2.25 0.0327405
2.255 0.0372173
2.26 0.0416761
2.265 0.0459166
2.27 0.0496964
2.275 0.0527345
2.28 0.0547191
2.285 0.0553197
2.29 0.0542044
2.295 0.0510605
2.3 0.0456201
2.305 0.0376874
2.31 0.0271662
2.315 0.0140869
2.32 -0.00137253
2.325 -0.0188713
2.33 -0.0379017
2.335 -0.0577964
2.34 -0.0777501
2.345 -0.0968543
2.35 -0.114146
2.355 -0.128669
2.36 -0.139534
2.365 -0.145995
2.37 -0.147507
2.375 -0.143779
2.38 -0.134817
2.385 -0.120933
2.39 -0.102742
2.395 -0.0811254
2.4 -0.0571765
2.405 -0.0321241
2.41 -0.00724371
2.415 0.0162347
2.42 0.0372162
2.425 0.0548172
2.43 0.0684214
2.435 0.0777114
2.44 0.0826726
2.445 0.0835706
2.45 0.0809049
2.455 0.0753467
2.46 0.0676658
2.465 0.0586574
2.47 0.049074
2.475 0.039571
2.48 0.0306685
2.485 0.0227313
2.49 0.0159678
2.495 0.0104436
2.5 0.006106
2.505 0.00281578
2.51 0.000379753
2.515 -0.00141851
2.52 -0.00279354
2.525 -0.00393965
2.53 -0.00501976
2.535 -0.00616076
2.54 -0.00745364
2.545 -0.00895678
2.55 -0.0107005
2.555 -0.0126914
2.56 -0.0149157
2.565 -0.0173407
2.57 -0.0199148
2.575 -0.0225665
2.58 -0.0252028
2.585 -0.0277076
2.59 -0.0299418
2.595 -0.0317449
2.6 -0.0329381
2.605 -0.0333312
2.61 -0.0327316
2.615 -0.0309556
2.62 -0.0278427
2.625 -0.0232703
2.63 -0.0171704
2.635 -0.00954425
2.64 -0.00047626
2.645 0.00985681
2.65 0.021181
2.655 0.0331273
2.66 0.0452407
2.665 0.0569982
2.67 0.0678339
2.675 0.0771709
2.68 0.0844592
2.685 0.0892147
2.69 0.0910591
2.695 0.0897538
2.7 0.0852276
2.705 0.0775926
2.71 0.0671467
2.715 0.0543615
2.72 0.0398557
2.725 0.0243554
2.73 0.00864356
2.735 -0.00649502
2.74 -0.0203309
2.745 -0.0322419
2.75 -0.0417561
2.755 -0.0485807
2.76 -0.0526151
2.765 -0.053947
2.77 -0.0528312
2.775 -0.0496567
2.78 -0.0449022
2.785 -0.0390893
2.79 -0.0327341
2.795 -0.0263064
2.8 -0.0201972
2.805 -0.0146972
2.81 -0.00998958
2.815 -0.00615287
2.82 -0.00317439
2.825 -0.000970123
2.83 0.000592025
2.835 0.00166887
2.84 0.00242119
2.845 0.00299748
2.85 0.00352306
2.855 0.00409454
2.86 0.0047789
2.865 0.00561583
2.87 0.00662205
2.875 0.00779595
2.88 0.00912183
2.885 0.0105728
2.89 0.0121123
2.895 0.013694
2.9 0.0152615
2.905 0.016747
2.91 0.0180705
2.915 0.0191404
2.92 0.0198548
2.925 0.0201044
2.93 0.0197776
2.935 0.018767
2.94 0.0169764
2.945 0.0143305
2.95 0.0107832
2.955 0.00632695
2.96 0.00100075
2.965 -0.00510376
2.97 -0.0118387
2.975 -0.0190001
2.98 -0.0263315
2.985 -0.0335328
2.99 -0.0402735
2.995 -0.0462096
3 -0.0510046
3.005 -0.0543523
3.01 -0.0560003
3.015 -0.0557715
3.02 -0.0535826
3.025 -0.0494568
3.03 -0.0435297
3.035 -0.0360457
3.04 -0.0273471
3.045 -0.017854
3.05 -0.00803671
3.055 0.00161598
3.06 0.0106317
3.065 0.0185881
3.07 0.0251429
3.075 0.0300572
3.08 0.0332091
3.085 0.034598
3.09 0.0343376
3.095 0.0326396
3.1 0.0297891
3.105 0.026116
3.11 0.0219634
3.115 0.0176584
3.12 0.0134868
3.125 0.00967432
3.13 0.00637624
3.135 0.00367482
3.14 0.00158451
3.145 6.30812e-05
3.15 -0.000973396
3.155 -0.00163385
3.16 -0.00203619
3.165 -0.00229352
3.17 -0.00250399
3.175 -0.00274457
3.18 -0.00306876
3.185 -0.00350739
3.19 -0.00407176
3.195 -0.00475775
3.2 -0.00555007
3.205 -0.00642581
3.21 -0.00735685
3.215 -0.00831099
3.22 -0.00925202
3.225 -0.0101392
3.23 -0.0109263
3.235 -0.0115614
3.24 -0.0119869
3.245 -0.0121408
3.25 -0.0119591
3.255 -0.0113791
3.26 -0.0103437
3.265 -0.00880681
3.27 -0.00673805
3.275 -0.00412859
3.28 -0.000995706
3.285 0.00261326
3.29 0.00661847
3.295 0.010907
3.3 0.0153344
3.305 0.0197289
3.31 0.0238982
3.315 0.0276387
3.32 0.0307467
3.325 0.0330317
3.33 0.0343301
3.335 0.034518
3.34 0.0335237
3.345 0.0313364
3.35 0.0280116
3.355 0.023672
3.36 0.0185028
3.365 0.0127424
3.37 0.0066681
3.375 0.000577943
3.38 -0.00522943
3.385 -0.010476
3.39 -0.0149239
3.395 -0.0183926
3.4 -0.0207703
3.405 -0.0220204
3.41 -0.0221812
3.415 -0.021359
3.42 -0.0197155
3.425 -0.0174516
3.43 -0.0147877
3.435 -0.0119442
3.44 -0.00912314
3.445 -0.00649377
3.45 -0.00418181
3.455 -0.00226467
3.46 -0.000771769
3.465 0.0003104
3.47 0.0010296
3.475 0.00145693
3.48 0.00167536
3.485 0.00176886
3.49 0.00181365
3.495 0.00187193
3.5 0.00198857
3.505 0.00219049
3.51 0.00248822
3.515 0.00287886
3.52 0.00334971
3.525 0.00388171
3.53 0.00445227
3.535 0.00503707
3.54 0.00561097
3.545 0.00614791
3.55 0.0066204
3.555 0.00699889
3.56 0.00725131
3.565 0.00734321
3.57 0.00723863
3.575 0.00690171
3.58 0.00629905
3.585 0.00540258
3.59 0.00419276
3.595 0.0026618
3.6 0.000816661
3.605 -0.00131848
3.61 -0.0037006
3.615 -0.00626715
3.62 -0.00893671
3.625 -0.011611
3.63 -0.0141784
3.635 -0.0165189
3.64 -0.0185102
3.645 -0.0200352
3.65 -0.02099
3.655 -0.0212916
3.66 -0.0208852
3.665 -0.0197507
3.67 -0.0179068
3.675 -0.0154122
3.68 -0.0123652
3.685 -0.00889865
3.69 -0.00517334
3.695 -0.0013679
3.7 0.0023328
3.705 0.00575024
3.71 0.00872481
3.715 0.0111271
3.72 0.012867
3.725 0.0138995
3.73 0.0142265
3.735 0.0138954
3.74 0.012993
3.745 0.0116368
3.75 0.00996335
3.755 0.00811637
3.76 0.00623405
3.765 0.00443832
3.77 0.00282626
3.775 0.00146469
3.78 0.000388229
3.785 -0.000399352
3.79 -0.000920763
3.795 -0.00121876
3.8 -0.00134851
3.805 -0.00136982
3.81 -0.00134007
3.815 -0.0013087
3.82 -0.00131348
3.825 -0.00137897
3.83 -0.00151664
3.835 -0.00172658
3.84 -0.00200006
3.845 -0.00232237
3.85 -0.00267553
3.855 -0.00304041
3.86 -0.00339804
3.865 -0.00373021
3.87 -0.00401935
3.875 -0.00424802
3.88 -0.00439838
3.885 -0.00445177
3.89 -0.00438871
3.895 -0.00418947
3.9 -0.00383511
3.905 -0.00330908
3.91 -0.00259908
3.915 -0.00169906
3.92 -0.000611168
3.925 0.000652639
3.93 0.0020694
3.935 0.0036046
3.94 0.00521236
3.945 0.00683642
3.95 0.00841201
3.955 0.00986848
3.96 0.0111328
3.965 0.0121338
3.97 0.0128061
3.975 0.0130958
3.98 0.012964
3.985 0.0123912
3.99 0.0113802
3.995 0.00995781
4 0.00817468
4.005 0.00610385
4.01 0.00383713
4.015 0.0014799
4.02 -0.000855327
4.025 -0.00305633
4.03 -0.00501886
4.035 -0.00665394
4.04 -0.00789418
4.045 -0.0086984
4.05 -0.00905424
4.055 -0.00897834
4.06 -0.00851413
4.065 -0.00772738
4.07 -0.00669996
4.075 -0.00552242
4.08 -0.00428615
4.085 -0.00307585
4.09 -0.00196315
4.095 -0.0010018
4.1 -0.000225054
4.105 0.000354811
4.11 0.000744853
4.115 0.000968054
4.12 0.00105871
4.125 0.0010572
4.13 0.0010049
4.135 0.000939651
4.14 0.000892351
4.145 0.000884928
4.15 0.000929634
4.155 0.00102959
4.16 0.0011803
4.165 0.00137164
4.17 0.00159009
4.175 0.0018207
4.18 0.00204862
4.185 0.00226003
4.19 0.0024425
4.195 0.00258483
4.2 0.00267664
4.205 0.00270785
4.21 0.00266835
4.215 0.00254791
4.22 0.00233647
4.225 0.00202485
4.23 0.00160575
4.235 0.00107497
4.24 0.000432621
4.245 -0.000315688
4.25 -0.00115802
4.255 -0.00207556
4.26 -0.00304262
4.265 -0.00402707
4.27 -0.00499133
4.275 -0.00589385
4.28 -0.00669108
4.285 -0.00733978
4.29 -0.00779962
4.295 -0.0080359
4.3 -0.00802225
4.305 -0.00774306
4.31 -0.00719541
4.315 -0.00639043
4.32 -0.00535368
4.325 -0.00412461
4.33 -0.00275496
4.335 -0.00130607
4.34 0.000154599
4.345 0.00155775
4.35 0.00283679
4.355 0.0039324
4.36 0.00479676
4.365 0.00539684
4.37 0.00571679
4.375 0.00575874
4.38 0.00554233
4.385 0.00510267
4.39 0.0044871
4.395 0.00375096
4.4 0.00295278
4.405 0.00214943
4.41 0.0013916
4.415 0.000720103
4.42 0.000163392
4.425 -0.000263667
4.43 -0.000559555
4.435 -0.000734595
4.44 -0.000808414
4.445 -0.000806732
4.45 -0.000757887
4.455 -0.00068952
4.46 -0.000625778
4.465 -0.000585286
4.47 -0.000580057
4.475 -0.000615303
4.48 -0.000690066
4.485 -0.000798435
4.49 -0.000931092
4.495 -0.00107691
4.5 -0.00122437
4.505 -0.00136262
4.51 -0.00148212
4.515 -0.0015748
4.52 -0.00163393
4.525 -0.00165377
4.53 -0.00162913
4.535 -0.00155506
4.54 -0.00142674
4.545 -0.00123963
4.55 -0.000989886
4.555 -0.000674999
4.56 -0.000294561
4.565 0.000148968
4.57 0.000649594
4.575 0.00119733
4.58 0.00177801
4.585 0.00237346
4.59 0.00296199
4.595 0.0035192
4.6 0.00401912
4.605 0.00443557
4.61 0.00474367
4.615 0.00492143
4.62 0.00495141
4.625 0.00482212
4.63 0.00452936
4.635 0.00407703
4.64 0.00347767
4.645 0.00275228
4.65 0.00192968
4.655 0.00104516
4.66 0.000138638
4.665 -0.000747734
4.67 -0.0015722
4.675 -0.00229621
4.68 -0.00288706
4.685 -0.00332022
4.69 -0.00358108
4.695 -0.00366594
4.7 -0.00358218
4.705 -0.00334748
4.71 -0.00298822
4.715 -0.00253722
4.72 -0.00203089
4.725 -0.00150623
4.73 -0.000997828
4.735 -0.000535247
4.74 -0.000140953
4.745 0.000170953
4.75 0.000395144
4.755 0.000534605
4.76 0.000599405
4.765 0.000604867
4.77 0.000569392
4.775 0.000512188
4.78 0.000451173
4.785 0.000401272
4.79 0.000373257
4.795 0.000373203
4.8 0.000402554
4.805 0.000458704
4.81 0.000535936
4.815 0.000626555
4.82 0.000722019
4.825 0.000813921
4.83 0.000894704
4.835 0.000958058
4.84 0.000999021
4.845 0.00101383
4.85 0.000999615
4.855 0.00095408
4.86 0.00087522
4.865 0.000761205
4.87 0.000610441
4.875 0.000421815
4.88 0.000195089
4.885 -6.8621e-05
4.89 -0.000366378
4.895 -0.000693029
4.9 -0.00104097
4.905 -0.00140014
4.91 -0.00175816
4.915 -0.00210084
4.92 -0.00241275
4.925 -0.00267805
4.93 -0.00288142
4.935 -0.00300899
4.94 -0.00304935
4.945 -0.00299446
4.95 -0.00284042
4.955 -0.00258805
4.96 -0.00224329
4.965 -0.00181719
4.97 -0.00132565
4.975 -0.000788815
4.98 -0.000230033
4.985 0.000325374
4.99 0.000851648
4.995 0.00132424
5 0.00172145
5.005 0.00202593
5.01 0.00222597
5.015 0.00231629
5.02 0.00229844
5.025 0.00218061
5.03 0.00197693
5.035 0.00170627
5.04 0.00139069
5.045 0.0010536
5.05 0.000717858
5.055 0.000404041
5.06 0.00012888
5.065 -9.58127e-05
5.07 -0.000263738
5.075 -0.000374152
5.08 -0.000431374
5.085 -0.000443847
5.09 -0.000422859
5.095 -0.000381103
5.1 -0.000331215
5.105 -0.000284485
5.11 -0.000249835
5.115 -0.000233188
5.12 -0.000237235
5.125 -0.000261594
5.13 -0.0003033
5.135 -0.000357496
5.14 -0.000418248
5.145 -0.000479316
5.15 -0.000534819
5.155 -0.000579701
5.16 -0.000609976
5.165 -0.000622763
5.17 -0.00061615
5.175 -0.00058896
5.18 -0.000540485
5.185 -0.000470277
5.19 -0.000378032
5.195 -0.000263599
5.2 -0.000127124
5.205 3.07132e-05
5.21 0.000208402
5.215 0.000403314
5.22 0.000611477
5.225 0.000827455
5.23 0.00104438
5.235 0.00125412
5.24 0.00144763
5.245 0.00161541
5.25 0.00174803
5.255 0.00183678
5.26 0.00187423
5.265 0.00185486
5.27 0.00177553
5.275 0.00163586
5.28 0.00143851
5.285 0.00118923
5.29 0.000896745
5.295 0.000572479
5.3 0.000230014
5.305 -0.000115594
5.31 -0.00044866
5.315 -0.000753815
5.32 -0.00101701
5.325 -0.00122643
5.33 -0.00137339
5.335 -0.0014529
5.34 -0.00146409
5.345 -0.00141026
5.35 -0.0012986
5.355 -0.00113963
5.36 -0.000946362
5.365 -0.000733234
5.37 -0.000514958
5.375 -0.000305372
5.38 -0.000116389
5.385 4.28437e-05
5.39 0.000166501
5.395 0.000252316
5.4 0.000301463
5.405 0.000318134
5.41 0.000308843
5.415 0.000281565
5.42 0.000244791
5.425 0.000206611
5.43 0.000173936
5.435 0.000151905
5.44 0.000143559
5.445 0.000149774
5.45 0.000169437
5.455 0.000199829
5.46 0.000237132
5.465 0.000276983
5.47 0.000314998
5.475 0.000347209
5.48 0.00037036
5.485 0.000382048
5.49 0.000380721
5.495 0.000365563
5.5 0.000336313
5.505 0.000293064
5.51 0.000236098
5.515 0.000165792
5.52 8.26045e-05
5.525 -1.28464e-05
5.53 -0.000119639
5.535 -0.000236365
5.54 -0.000360958
5.545 -0.000490559
5.55 -0.000621454
5.555 -0.000749124
5.56 -0.00086838
5.565 -0.000973609
5.57 -0.00105909
5.575 -0.00111938
5.58 -0.00114969
5.585 -0.00114625
5.59 -0.00110666
5.595 -0.00103018
5.6 -0.000917842
5.605 -0.000772583
5.61 -0.000599173
5.615 -0.00040407
5.62 -0.000195147
5.625 1.86868e-05
5.63 0.000227961
5.635 0.000423182
5.64 0.000595417
5.645 0.000736868
5.65 0.000841404
5.655 0.000905006
5.66 0.000926064
5.665 0.000905515
5.67 0.000846788
5.675 0.000755546
5.68 0.000639259
5.685 0.000506617
5.69 0.000366851
5.695 0.000229012
5.7 0.000101278
5.705 -9.64382e-06
5.71 -9.89761e-05
5.715 -0.00016413
5.72 -0.000204766
5.725 -0.000222634
5.73 -0.000221233
5.735 -0.000205326
5.74 -0.00018036
5.745 -0.000151862
5.75 -0.000124882
5.755 -0.000103521
5.76 -9.06075e-05
5.765 -8.75434e-05
5.77 -9.43111e-05
5.775 -0.00010964
5.78 -0.000131291
5.785 -0.000156411
5.79 -0.000181913
5.795 -0.000204817
5.8 -0.000222534
5.805 -0.000233044
5.81 -0.000234975
5.815 -0.000227583
5.82 -0.000210655
5.825 -0.000184376
5.83 -0.000149178
5.835 -0.000105615
5.84 -5.42907e-05
5.845 4.16117e-06
5.85 6.90368e-05
5.855 0.000139475
5.86 0.000214347
5.865 0.000292148
5.87 0.00037092
5.875 0.000448223
5.88 0.000521175
5.885 0.000586553
5.89 0.000640965
5.895 0.000681065
5.9 0.000703795
5.905 0.000706629
5.91 0.00068781
5.915 0.000646526
5.92 0.000583053
5.925 0.000498817
5.93 0.000396391
5.935 0.000279414
5.94 0.000152444
5.945 2.07433e-05
5.95 -0.00010999
5.955 -0.000233936
5.96 -0.00034549
5.965 -0.000439605
5.97 -0.000512126
5.975 -0.000560068
5.98 -0.000581842
5.985 -0.000577379
5.99 -0.000548153
5.995 -0.000497093
6 -0.00042837
6.005 -0.00034709
6.01 -0.000258909
6.015 -0.000169596
6.02 -8.45974e-05
6.025 -8.62593e-06
6.03 5.46747e-05
6.035 0.000102962
6.04 0.000135309
6.045 0.000152178
6.05 0.000155275
6.055 0.000147293
6.06 0.000131574
6.065 0.000111737
6.07 9.12921e-05
6.075 7.33063e-05
6.08 6.0132e-05
6.085 5.32352e-05
6.09 5.31321e-05
6.095 5.94311e-05
6.1 7.09701e-05
6.105 8.60219e-05
6.11 0.000102539
6.115 0.000118404
6.12 0.000131652
6.125 0.000140646
6.13 0.000144185
6.135 0.000141539
6.14 0.000132425
6.145 0.000116933
6.15 9.54203e-05
6.155 6.84076e-05
6.16 3.64882e-05
6.165 2.69805e-07
6.17 -3.9643e-05
6.175 -8.26274e-05
6.18 -0.000127991
6.185 -0.000174901
6.19 -0.000222325
6.195 -0.000268976
6.2 -0.000313303
6.205 -0.000353523
6.21 -0.000387688
6.215 -0.000413803
6.22 -0.000429966
6.225 -0.000434524
6.23 -0.000426224
6.235 -0.000404351
6.24 -0.000368832
6.245 -0.000320293
6.25 -0.000260079
6.255 -0.000190216
6.26 -0.000113332
6.265 -3.25313e-05
6.27 4.87602e-05
6.275 0.000126983
6.28 0.000198643
6.285 0.000260517
6.29 0.000309857
6.295 0.00034456
6.3 0.000363326
6.305 0.000365745
6.31 0.000352346
6.315 0.000324575
6.32 0.000284694
6.325 0.000235638
6.33 0.000180791
6.335 0.000123747
6.34 6.80305e-05
6.345 1.68422e-05
6.35 -2.71815e-05
6.355 -6.21485e-05
6.36 -8.70246e-05
6.365 -0.000101668
6.37 -0.000106783
6.375 -0.000103792
6.38 -9.46587e-05
6.385 -8.1655e-05
6.39 -6.71239e-05
6.395 -5.32421e-05
6.4 -4.1821e-05
6.405 -3.41548e-05
6.41 -3.09357e-05
6.415 -3.22384e-05
6.42 -3.75685e-05
6.425 -4.59714e-05
6.43 -5.61751e-05
6.435 -6.67566e-05
6.44 -7.63042e-05
6.445 -8.35586e-05
6.45 -8.75194e-05
6.455 -8.75058e-05
6.46 -8.31717e-05
6.465 -7.44784e-05
6.47 -6.16381e-05
6.475 -4.50386e-05
6.48 -2.51687e-05
6.485 -2.55314e-06
6.49 2.22893e-05
6.495 4.88594e-05
6.5 7.66687e-05
6.505 0.000105206
6.51 0.000133896
6.515 0.00016206
6.52 0.000188884
6.525 0.000213414
6.53 0.000234578
6.535 0.000251233
6.54 0.000262239
6.545 0.000266553
6.55 0.000263322
6.555 0.000251979
6.56 0.000232323
6.565 0.000204572
6.57 0.000169387
6.575 0.000127869
6.58 8.15102e-05
6.585 3.21341e-05
6.59 -1.82052e-05
6.595 -6.73312e-05
6.6 -0.00011307
6.605 -0.000153374
6.61 -0.000186448
6.615 -0.00021086
6.62 -0.000225632
6.625 -0.000230312
6.63 -0.00022501
6.635 -0.000210398
6.64 -0.000187677
6.645 -0.000158494
6.65 -0.000124838
6.655 -8.88951e-05
6.66 -5.28947e-05
6.665 -1.89422e-05
6.67 1.11322e-05
6.675 3.59061e-05
6.68 5.44591e-05
6.685 6.64227e-05
6.69 7.19806e-05
6.695 7.18181e-05
6.7 6.70283e-05
6.705 5.8984e-05
6.71 4.91886e-05
6.715 3.91239e-05
6.72 3.01071e-05
6.725 2.31746e-05
6.73 1.90009e-05
6.735 1.78606e-05
6.74 1.96338e-05
6.745 2.38542e-05
6.75 2.97859e-05
6.755 3.65257e-05
6.76 4.3112e-05
6.765 4.86271e-05
6.77 5.22877e-05
6.775 5.35043e-05
6.78 5.19161e-05
6.785 4.73924e-05
6.79 4.00087e-05
6.795 3.00047e-05
6.8 1.77299e-05
6.805 3.59224e-06
6.81 -1.19871e-05
6.815 -2.86031e-05
6.82 -4.58779e-05
6.825 -6.34552e-05
6.83 -8.09808e-05
6.835 -9.80766e-05
6.84 -0.000114314
6.845 -0.000129197
6.85 -0.00014216
6.855 -0.000152576
6.86 -0.000159796
6.865 -0.000163192
6.87 -0.000162213
6.875 -0.00015645
6.88 -0.000145688
6.885 -0.000129954
6.89 -0.00010954
6.895 -8.50174e-05
6.9 -5.72142e-05
6.905 -2.71841e-05
6.91 3.84944e-06
6.915 3.45606e-05
6.92 6.35977e-05
6.925 8.96628e-05
6.93 0.00011159
6.935 0.000128416
6.94 0.00013944
6.945 0.000144273
6.95 0.000142858
6.955 0.000135488
6.96 0.000122781
6.965 0.000105652
6.97 8.52495e-05
6.975 6.2882e-05
6.98 3.99279e-05
6.985 1.77375e-05
6.99 -2.46338e-06
6.995 -1.96603e-05
7 -3.31222e-05
7.005 -4.2447e-05
7.01 -4.75798e-05
7.015 -4.87998e-05
7.02 -4.66774e-05
7.025 -4.20056e-05
7.03 -3.57142e-05
7.035 -2.87736e-05
7.04 -2.20992e-05
7.045 -1.64679e-05
7.05 -1.24506e-05
7.055 -1.0372e-05
7.06 -1.02962e-05
7.065 -1.20409e-05
7.07 -1.52165e-05
7.075 -1.9282e-05
7.08 -2.36149e-05
7.085 -2.75806e-05
7.09 -3.05985e-05
7.095 -3.2195e-05
7.1 -3.20388e-05
7.105 -2.99569e-05
7.11 -2.59311e-05
7.115 -2.00783e-05
7.12 -1.26184e-05
7.125 -3.83851e-06
7.13 5.94471e-06
7.135 1.64138e-05
7.14 2.72713e-05
7.145 3.82474e-05
7.15 4.90961e-05
7.155 5.95846e-05
7.16 6.94748e-05
7.165 7.85079e-05
7.17 8.63934e-05
7.175 9.28057e-05
7.18 9.73943e-05
7.185 9.98024e-05
7.19 9.96978e-05
7.195 9.68077e-05
7.2 9.09557e-05
7.205 8.20951e-05
7.21 7.0334e-05
7.215 5.59481e-05
7.22 3.93797e-05
7.225 2.12231e-05
7.23 2.19451e-06
7.235 -1.6906e-05
7.24 -3.52427e-05
7.245 -5.19948e-05
7.25 -6.64062e-05
7.255 -7.78339e-05
7.26 -8.57866e-05
7.265 -8.99567e-05
7.27 -9.02401e-05
7.275 -8.67434e-05
7.28 -7.97799e-05
7.285 -6.98502e-05
7.29 -5.76128e-05
7.295 -4.38416e-05
7.3 -2.93758e-05
7.305 -1.50635e-05
7.31 -1.70327e-06
7.315 1.00116e-05
7.32 1.95411e-05
7.325 2.6535e-05
7.33 3.0854e-05
7.335 3.25714e-05
7.34 3.19587e-05
7.345 2.94513e-05
7.35 2.56014e-05
7.355 2.10215e-05
7.36 1.63226e-05
7.365 1.20577e-05
7.37 8.67139e-06
7.375 6.46338e-06
7.38 5.56956e-06
7.385 5.95925e-06
7.39 7.45124e-06
7.395 9.74285e-06
7.4 1.24508e-05
7.405 1.51562e-05
7.41 1.74503e-05
7.415 1.89748e-05
7.42 1.94532e-05
7.425 1.87101e-05
7.43 1.66773e-05
7.435 1.33891e-05
7.44 8.96476e-06
7.445 3.58767e-06
7.45 -2.52122e-06
7.455 -9.12768e-06
7.46 -1.60032e-05
7.465 -2.29395e-05
7.47 -2.97523e-05
7.475 -3.62802e-05
7.48 -4.23765e-05
7.485 -4.78983e-05
7.49 -5.26965e-05
7.495 -5.66078e-05
7.5 -5.94537e-05
7.505 -6.10454e-05
7.51 -6.11965e-05
7.515 -5.9741e-05
7.52 -5.65551e-05
7.525 -5.15793e-05
7.53 -4.48378e-05
7.535 -3.6452e-05
7.54 -2.66457e-05
7.545 -1.57425e-05
7.55 -4.15114e-06
7.555 7.65462e-06
7.56 1.91642e-05
7.565 2.98626e-05
7.57 3.9262e-05
7.575 4.69348e-05
7.58 5.25401e-05
7.585 5.58457e-05
7.59 5.67435e-05
7.595 5.52555e-05
7.6 5.15333e-05
7.605 4.58488e-05
7.61 3.85771e-05
7.615 3.01737e-05
7.62 2.11454e-05
7.625 1.20173e-05
7.63 3.29919e-06
7.635 -4.54931e-06
7.64 -1.11498e-05
7.645 -1.62296e-05
7.65 -1.96408e-05
7.655 -2.13661e-05
7.66 -2.15166e-05
7.665 -2.03173e-05
7.67 -1.8082e-05
7.675 -1.51833e-05
7.68 -1.20134e-05
7.685 -8.94907e-06
7.69 -6.31549e-06
7.695 -4.35812e-06
7.7 -3.22424e-06
7.705 -2.95361e-06
7.71 -3.48227e-06
7.715 -4.65566e-06
7.72 -6.25065e-06
7.725 -8.00305e-06
7.73 -9.6379e-06
7.735 -1.08977e-05
7.74 -1.15672e-05
7.745 -1.14915e-05
7.75 -1.05855e-05
7.755 -8.83613e-06
7.76 -6.29538e-06
7.765 -3.06892e-06
7.77 7.00264e-07
7.775 4.84948e-06
7.78 9.21143e-06
7.785 1.36285e-05
7.79 1.79597e-05
7.795 2.20848e-05
7.8 2.59021e-05
7.805 2.93236e-05
7.81 3.22681e-05
7.815 3.4654e-05
7.82 3.63947e-05
7.825 3.73976e-05
7.83 3.75668e-05
7.835 3.68108e-05
7.84 3.50538e-05
7.845 3.22484e-05
7.85 2.83883e-05
7.855 2.35207e-05
7.86 1.77517e-05
7.865 1.12498e-05
7.87 4.24057e-06
7.875 -3.00295e-06
7.88 -1.01751e-05
7.885 -1.69578e-05
7.89 -2.30399e-05
7.895 -2.81392e-05
7.9 -3.20213e-05
7.905 -3.45153e-05
7.91 -3.55254e-05
7.915 -3.50366e-05
7.92 -3.31164e-05
7.925 -2.9909e-05
7.93 -2.56274e-05
7.935 -2.05387e-05
7.94 -1.4948e-05
7.945 -9.17866e-06
7.95 -3.55197e-06
7.955 1.63353e-06
7.96 6.1216e-06
7.965 9.71435e-06
7.97 1.22858e-05
7.975 1.37883e-05
7.98 1.42544e-05
7.985 1.37919e-05
7.99 1.25713e-05
7.995 1.08107e-05
8 8.75314e-06
8.005 6.64474e-06
8.01 4.71163e-06
8.015 3.13943e-06
8.02 2.05816e-06
8.025 1.53185e-06
8.03 1.55658e-06
8.035 2.06442e-06
8.04 2.93448e-06
8.045 4.00837e-06
8.05 5.10886e-06
8.055 6.05915e-06
8.06 6.70082e-06
8.065 6.90853e-06
8.07 6.59965e-06
8.075 5.73967e-06
8.08 4.34028e-06
8.085 2.45503e-06
8.09 1.69532e-07
8.095 -2.4098e-06
8.1 -5.16641e-06
8.105 -7.98561e-06
8.11 -1.07612e-05
8.115 -1.34015e-05
8.12 -1.58311e-05
8.125 -1.79886e-05
8.13 -1.98245e-05
8.135 -2.12952e-05
8.14 -2.23595e-05
8.145 -2.29749e-05
8.15 -2.30973e-05
8.155 -2.26817e-05
8.16 -2.16879e-05
8.165 -2.00862e-05
8.17 -1.78654e-05
8.175 -1.50408e-05
8.18 -1.16595e-05
8.185 -7.80529e-06
8.19 -3.59765e-06
8.195 8.11133e-07
8.2 5.24335e-06
8.205 9.50694e-06
8.21 1.34071e-05
8.215 1.67608e-05
8.22 1.94089e-05
8.225 2.12283e-05
8.23 2.21405e-05
8.235 2.21166e-05
8.24 2.11805e-05
8.245 1.94054e-05
8.25 1.69107e-05
8.255 1.38523e-05
8.26 1.04135e-05
8.265 6.79324e-06
8.27 3.193e-06
8.275 -1.95488e-07
8.28 -3.20226e-06
8.285 -5.68959e-06
8.29 -7.561e-06
8.295 -8.76603e-06
8.3 -9.30355e-06
8.305 -9.21984e-06
8.31 -8.60371e-06
8.315 -7.57839e-06
8.32 -6.28927e-06
8.325 -4.89174e-06
8.33 -3.53599e-06
8.335 -2.3542e-06
8.34 -1.44904e-06
8.345 -8.84572e-07
8.35 -6.82846e-07
8.355 -8.22864e-07
8.36 -1.24558e-06
8.365 -1.8616e-06
8.37 -2.56197e-06
8.375 -3.23056e-06
8.38 -3.75624e-06
8.385 -4.04391e-06
8.39 -4.02293e-06
8.395 -3.65293e-06
8.4 -2.92472e-06
8.405 -1.85976e-06
8.41 -5.04737e-07
8.415 1.0748e-06
8.42 2.80162e-06
8.425 4.59566e-06
8.43 6.37933e-06
8.435 8.08382e-06
8.44 9.6515e-06
8.445 1.10365e-05
8.45 1.22042e-05
8.455 1.31284e-05
8.46 1.37882e-05
8.465 1.41652e-05
8.47 1.42411e-05
8.475 1.39976e-05
8.48 1.34166e-05
8.485 1.24839e-05
8.49 1.11916e-05
8.495 9.54444e-06
8.5 7.56243e-06
8.505 5.28552e-06
8.51 2.77472e-06
8.515 1.11951e-07
8.52 -2.60301e-06
8.525 -5.25749e-06
8.53 -7.7329e-06
8.535 -9.91321e-06
8.54 -1.16928e-05
8.545 -1.29853e-05
8.55 -1.37295e-05
8.555 -1.38946e-05
8.56 -1.34823e-05
8.565 -1.25269e-05
8.57 -1.10931e-05
8.575 -9.2708e-06
8.58 -7.1699e-06
8.585 -4.9124e-06
8.59 -2.62447e-06
8.595 -4.29028e-07
8.6 1.56254e-06
8.605 3.25655e-06
8.61 4.58302e-06
8.615 5.49921e-06
8.62 5.99216e-06
8.625 6.07839e-06
8.63 5.80202e-06
8.635 5.23066e-06
8.64 4.449e-06
8.645 3.55212e-06
8.65 2.63615e-06
8.655 1.79085e-06
8.66 1.0912e-06
8.665 5.90975e-07
8.67 3.19294e-07
8.675 2.77607e-07
8.68 4.41852e-07
8.685 7.6536e-07
8.69 1.18462e-06
8.695 1.62694e-06
8.7 2.01778e-06
8.705 2.2889e-06
8.71 2.38476e-06
8.715 2.26747e-06
8.72 1.91942e-06
8.725 1.34394e-06
8.73 5.6309e-07
8.735 -3.85346e-07
8.74 -1.45297e-06
8.745 -2.58601e-06
8.75 -3.72983e-06
8.755 -4.83414e-06
8.76 -5.8551e-06
8.765 -6.75768e-06
8.77 -7.51564e-06
8.775 -8.11052e-06
8.78 -8.53013e-06
8.785 -8.76606e-06
8.79 -8.81223e-06
8.795 -8.66277e-06
8.8 -8.31247e-06
8.805 -7.75644e-06
8.81 -6.99211e-06
8.815 -6.0218e-06
8.82 -4.85433e-06
8.825 -3.50887e-06
8.83 -2.01561e-06
8.835 -4.17111e-07
8.84 1.23225e-06
8.845 2.86881e-06
8.85 4.42251e-06
8.855 5.82204e-06
8.86 6.99949e-06
8.865 7.89606e-06
8.87 8.46646e-06
8.875 8.6831e-06
8.88 8.53822e-06
8.885 8.0448e-06
8.89 7.23608e-06
8.895 6.16253e-06
8.9 4.88924e-06
8.905 3.49054e-06
8.91 2.04546e-06
8.915 6.32643e-07
8.92 -6.75203e-07
8.925 -1.81485e-06
8.93 -2.7371e-06
8.935 -3.40892e-06
8.94 -3.81513e-06
8.945 -3.95909e-06
8.95 -3.86153e-06
8.955 -3.55857e-06
8.96 -3.09883e-06
8.965 -2.53888e-06
8.97 -1.93876e-06
8.975 -1.35712e-06
8.98 -8.45569e-07
8.985 -4.45313e-07
8.99 -1.82925e-07
8.995 -6.87167e-08
9 -9.66068e-08
9.005 -2.44415e-07
9.01 -4.77801e-07
9.015 -7.53155e-07
9.02 -1.02296e-06
9.025 -1.2407e-06
9.03 -1.3653e-06
9.035 -1.36555e-06
9.04 -1.22215e-06
9.045 -9.2976e-07
9.05 -4.95974e-07
9.055 5.95292e-08
9.06 7.08076e-07
9.065 1.41524e-06
9.07 2.14392e-06
9.075 2.85849e-06
9.08 3.52633e-06
9.085 4.12079e-06
9.09 4.62129e-06
9.095 5.01346e-06
9.1 5.28884e-06
9.105 5.44266e-06
9.11 5.47337e-06
9.115 5.38066e-06
9.12 5.16474e-06
9.125 4.82613e-06
9.13 4.3658e-06
9.135 3.7861e-06
9.14 3.09216e-06
9.145 2.29354e-06
9.15 1.40509e-06
9.155 4.4877e-07
9.16 -5.46905e-07
9.165 -1.54698e-06
9.17 -2.51145e-06
9.175 -3.39805e-06
9.18 -4.16454e-06
9.185 -4.77242e-06
9.19 -5.1899e-06
9.195 -5.39475e-06
9.2 -5.37643e-06
9.205 -5.13732e-06
9.21 -4.69261e-06
9.215 -4.06968e-06
9.22 -3.3059e-06
9.225 -2.44602e-06
9.23 -1.53938e-06
9.235 -6.35709e-07
9.24 2.1706e-07
9.245 9.76786e-07
9.25 1.60926e-06
9.255 2.08964e-06
9.26 2.40479e-06
9.265 2.55225e-06
9.27 2.54122e-06
9.275 2.3907e-06
9.28 2.12789e-06
9.285 1.78646e-06
9.29 1.4029e-06
9.295 1.01451e-06
9.3 6.55705e-07
9.305 3.55653e-07
9.31 1.3558e-07
9.315 7.40758e-09
9.32 -2.71794e-08
9.325 2.30749e-08
9.33 1.40949e-07
9.335 3.01583e-07
9.34 4.76197e-07
9.345 6.34514e-07
9.35 7.47878e-07
9.355 7.92664e-07
9.36 7.51611e-07
9.365 6.16227e-07
9.37 3.86612e-07
9.375 7.12869e-08
9.38 -3.1392e-07
9.385 -7.48139e-07
9.39 -1.20736e-06
9.395 -1.66692e-06
9.4 -2.10359e-06
9.405 -2.49722e-06
9.41 -2.83171e-06
9.415 -3.0957e-06
9.42 -3.28198e-06
9.425 -3.38731e-06
9.43 -3.41121e-06
9.435 -3.35492e-06
9.44 -3.22085e-06
9.445 -3.01145e-06
9.45 -2.72948e-06
9.455 -2.37786e-06
9.46 -1.96035e-06
9.465 -1.4823e-06
9.47 -9.51617e-07
9.475 -3.79364e-07
9.48 2.1963e-07
9.485 8.26512e-07
9.49 1.41957e-06
9.495 1.97412e-06
9.5 2.46514e-06
9.505 2.86847e-06
9.51 3.16252e-06
9.515 3.33132e-06
9.52 3.36456e-06
9.525 3.26015e-06
9.53 3.02382e-06
9.535 2.66914e-06
9.54 2.21713e-06
9.545 1.6938e-06
9.55 1.12948e-06
9.555 5.55613e-07
9.56 3.20005e-09
9.565 -4.9944e-07
9.57 -9.28647e-07
9.575 -1.26643e-06
9.58 -1.50182e-06
9.585 -1.63077e-06
9.59 -1.65667e-06
9.595 -1.58908e-06
9.6 -1.44343e-06
9.605 -1.23934e-06
9.61 -9.98891e-07
9.615 -7.45573e-07
9.62 -5.01469e-07
9.625 -2.86516e-07
9.63 -1.16379e-07
9.635 -1.24294e-09
9.64 5.44311e-08
9.645 5.28547e-08
9.65 2.0459e-09
9.655 -8.49628e-08
9.66 -1.91214e-07
9.665 -2.97984e-07
9.67 -3.86492e-07
9.675 -4.39572e-07
9.68 -4.43948e-07
9.685 -3.90806e-07
9.69 -2.76945e-07
9.695 -1.04981e-07
9.7 1.17603e-07
9.705 3.78726e-07
9.71 6.63688e-07
9.715 9.5616e-07
9.72 1.24005e-06
9.725 1.50068e-06
9.73 1.72564e-06
9.735 1.90587e-06
9.74 2.03515e-06
9.745 2.1106e-06
9.75 2.13157e-06
9.755 2.09948e-06
9.76 2.01674e-06
9.765 1.88628e-06
9.77 1.71143e-06
9.775 1.49497e-06
9.78 1.24044e-06
9.785 9.51172e-07
9.79 6.31717e-07
9.795 2.88143e-07
9.8 -7.21868e-08
9.805 -4.39053e-07
9.81 -8.00937e-07
9.815 -1.14415e-06
9.82 -1.45407e-06
9.825 -1.71626e-06
9.83 -1.91691e-06
9.835 -2.0449e-06
9.84 -2.09218e-06
9.845 -2.05511e-06
9.85 -1.93487e-06
9.855 -1.73763e-06
9.86 -1.47431e-06
9.865 -1.15981e-06
9.87 -8.12158e-07
9.875 -4.50788e-07
9.88 -9.57659e-08
9.885 2.34298e-07
9.89 5.23055e-07
9.895 7.57517e-07
9.9 9.2911e-07
9.905 1.03352e-06
9.91 1.07124e-06
9.915 1.04702e-06
9.92 9.6925e-07
9.925 8.49514e-07
9.93 7.01187e-07
9.935 5.38668e-07
9.94 3.76411e-07
9.945 2.27281e-07
9.95 1.02381e-07
9.955 9.70171e-09
9.96 -4.65225e-08
9.965 -6.53373e-08
9.97 -5.02198e-08
9.975 -7.58732e-09
9.98 5.32124e-08
9.985 1.20816e-07
9.99 1.83597e-07
9.995 2.29845e-07
10 2.49902e-07
10.005 2.36383e-07
10.01 1.8523e-07
10.015 9.59884e-08
10.02 -2.83474e-08
10.025 -1.81471e-07
10.03 -3.54908e-07
10.035 -5.3821e-07
10.04 -7.20881e-07
10.045 -8.92399e-07
10.05 -1.04367e-06
10.055 -1.16759e-06
10.06 -1.25875e-06
10.065 -1.31458e-06
10.07 -1.33393e-06
10.075 -1.31769e-06
10.08 -1.26778e-06
10.085 -1.18666e-06
10.09 -1.07744e-06
10.095 -9.42685e-07
10.1 -7.85426e-07
10.105 -6.08246e-07
10.11 -4.14029e-07
10.115 -2.0629e-07
10.12 1.10712e-08
10.125 2.32733e-07
10.13 4.52528e-07
10.135 6.63142e-07
10.14 8.56377e-07
10.145 1.02374e-06
10.15 1.15697e-06
10.155 1.24866e-06
10.16 1.29307e-06
10.165 1.28681e-06
10.17 1.22905e-06
10.175 1.1222e-06
10.18 9.71571e-07
10.185 7.8525e-07
10.19 5.73642e-07
10.195 3.48545e-07
10.2 1.22458e-07
10.205 -9.23226e-08
10.21 -2.84844e-07
10.215 -4.45838e-07
10.22 -5.68628e-07
10.225 -6.49531e-07
10.23 -6.87424e-07
10.235 -6.84607e-07
10.24 -6.45453e-07
10.245 -5.76607e-07
10.25 -4.8643e-07
10.255 -3.8351e-07
10.26 -2.7735e-07
10.265 -1.76245e-07
10.27 -8.77022e-08
10.275 -1.76478e-08
10.28 3.04649e-08
10.285 5.48634e-08
10.29 5.66855e-08
10.295 3.8873e-08
10.3 6.47747e-09
10.305 -3.40485e-08
10.31 -7.5556e-08
10.315 -1.10573e-07
10.32 -1.32477e-07
10.325 -1.35578e-07
10.33 -1.16351e-07
10.335 -7.29775e-08
10.34 -6.26136e-09
10.345 8.09172e-08
10.35 1.84089e-07
10.355 2.96812e-07
10.36 4.12592e-07
10.365 5.24232e-07
10.37 6.25271e-07
10.375 7.10346e-07
10.38 7.7503e-07
10.385 8.16934e-07
10.39 8.34672e-07
10.395 8.28482e-07
10.4 7.99596e-07
10.405 7.49813e-07
10.41 6.81542e-07
10.415 5.97093e-07
10.42 4.98839e-07
10.425 3.88948e-07
10.43 2.69513e-07
10.435 1.42677e-07
10.44 1.0745e-08
10.445 -1.23509e-07
10.45 -2.56817e-07
10.455 -3.85348e-07
10.46 -5.04607e-07
10.465 -6.09884e-07
10.47 -6.96302e-07
10.475 -7.5924e-07
10.48 -7.94949e-07
10.485 -8.00613e-07
10.49 -7.75085e-07
10.495 -7.18832e-07
10.5 -6.3429e-07
10.505 -5.25577e-07
10.51 -3.98465e-07
10.515 -2.59979e-07
10.52 -1.17559e-07
10.525 2.06976e-08
10.53 1.47737e-07
10.535 2.57024e-07
10.54 3.43529e-07
10.545 4.0431e-07
10.55 4.37601e-07
10.555 4.44372e-07
10.56 4.26647e-07
10.565 3.88239e-07
10.57 3.34219e-07
10.575 2.6982e-07
10.58 2.01201e-07
10.585 1.33691e-07
10.59 7.24394e-08
10.595 2.15037e-08
10.6 -1.63369e-08
10.605 -3.94408e-08
10.61 -4.78843e-08
10.615 -4.28688e-08
10.62 -2.71025e-08
10.625 -4.03545e-09
10.63 2.19103e-08
10.635 4.6278e-08
10.64 6.46535e-08
10.645 7.29844e-08
10.65 6.86128e-08
10.655 4.94585e-08
10.66 1.53716e-08
10.665 -3.26547e-08
10.67 -9.24326e-08
10.675 -1.60276e-07
10.68 -2.32311e-07
10.685 -3.0386e-07
10.69 -3.70526e-07
10.695 -4.2842e-07
10.7 -4.74136e-07
10.705 -5.05524e-07
10.71 -5.21233e-07
10.715 -5.20962e-07
10.72 -5.05362e-07
10.725 -4.75544e-07
10.73 -4.33234e-07
10.735 -3.80252e-07
10.74 -3.18403e-07
10.745 -2.49535e-07
10.75 -1.75161e-07
10.755 -9.68505e-08
10.76 -1.60118e-08
10.765 6.57775e-08
10.77 1.46782e-07
10.775 2.25043e-07
10.78 2.98101e-07
10.785 3.63561e-07
10.79 4.18492e-07
10.795 4.60323e-07
10.8 4.86603e-07
10.805 4.9532e-07
10.81 4.85534e-07
10.815 4.56789e-07
10.82 4.10259e-07
10.825 3.47765e-07
10.83 2.72442e-07
10.835 1.88312e-07
10.84 9.97107e-08
10.845 1.17676e-08
10.85 -7.10967e-08
10.855 -1.44267e-07
10.86 -2.04353e-07
10.865 -2.48821e-07
10.87 -2.76027e-07
10.875 -2.86193e-07
10.88 -2.79917e-07
10.885 -2.59514e-07
10.89 -2.27787e-07
10.895 -1.88027e-07
10.9 -1.44163e-07
10.905 -9.96207e-08
10.91 -5.79253e-08
10.915 -2.18269e-08
10.92 6.51003e-09
10.925 2.58451e-08
10.93 3.5734e-08
10.935 3.66692e-08
10.94 3.00152e-08
10.945 1.75923e-08
10.95 2.09296e-09
10.955 -1.39264e-08
10.96 -2.75329e-08
10.965 -3.61322e-08
10.97 -3.77278e-08
10.975 -3.05807e-08
10.98 -1.42456e-08
10.985 1.12672e-08
10.99 4.49335e-08
10.995 8.48025e-08
11 1.2872e-07
11.005 1.73722e-07
11.01 2.16982e-07
11.015 2.5584e-07
11.02 2.87704e-07
11.025 3.10932e-07
11.03 3.24199e-07
11.035 3.26974e-07
11.04 3.19525e-07
11.045 3.02303e-07
11.05 2.76566e-07
11.055 2.43504e-07
11.06 2.04516e-07
11.065 1.61035e-07
11.07 1.14213e-07
11.075 6.52942e-08
11.08 1.51496e-08
11.085 -3.50975e-08
11.09 -8.46448e-08
11.095 -1.32328e-07
11.1 -1.76934e-07
11.105 -2.17278e-07
11.11 -2.51611e-07
11.115 -2.78725e-07
11.12 -2.96907e-07
11.125 -3.05058e-07
11.13 -3.02315e-07
11.135 -2.88126e-07
11.14 -2.63018e-07
11.145 -2.27539e-07
11.15 -1.83556e-07
11.155 -1.33041e-07
11.16 -7.86306e-08
11.165 -2.33893e-08
11.17 2.99641e-08
11.175 7.82749e-08
11.18 1.19359e-07
11.185 1.51099e-07
11.19 1.72327e-07
11.195 1.82648e-07
11.2 1.82175e-07
11.205 1.72185e-07
11.21 1.54032e-07
11.215 1.29975e-07
11.22 1.02253e-07
11.225 7.31934e-08
11.23 4.51906e-08
11.235 2.00472e-08
11.24 -5.65013e-10
11.245 -1.56955e-08
11.25 -2.48296e-08
11.255 -2.80899e-08
11.26 -2.6074e-08
11.265 -1.98685e-08
11.27 -1.09353e-08
11.275 -8.36489e-10
11.28 8.53353e-09
11.285 1.56577e-08
11.29 1.89809e-08
11.295 1.73273e-08
11.3 1.01922e-08
11.305 -2.82445e-09
11.31 -2.12063e-08
11.315 -4.40771e-08
11.32 -7.03012e-08
11.325 -9.79996e-08
11.33 -1.25586e-07
11.335 -1.51164e-07
11.34 -1.72964e-07
11.345 -1.89824e-07
11.35 -2.00435e-07
11.355 -2.04462e-07
11.36 -2.01667e-07
11.365 -1.92259e-07
11.37 -1.77062e-07
11.375 -1.56644e-07
11.38 -1.32241e-07
11.385 -1.0469e-07
11.39 -7.50069e-08
11.395 -4.41108e-08
11.4 -1.26262e-08
11.405 1.86236e-08
11.41 4.92244e-08
11.415 7.84025e-08
11.42 1.05732e-07
11.425 1.30382e-07
11.43 1.51645e-07
11.435 1.68825e-07
11.44 1.80831e-07
11.445 1.87289e-07
11.45 1.87245e-07
11.455 1.80568e-07
11.46 1.67209e-07
11.465 1.47324e-07
11.47 1.21986e-07
11.475 9.19663e-08
11.48 5.90244e-08
11.485 2.4708e-08
11.49 -9.1521e-09
11.495 -4.06213e-08
11.5 -6.82372e-08
11.505 -9.04057e-08
11.51 -1.06348e-07
11.515 -1.15366e-07
11.52 -1.1753e-07
11.525 -1.13261e-07
11.53 -1.03332e-07
11.535 -8.91246e-08
11.54 -7.18397e-08
11.545 -5.31869e-08
11.55 -3.45675e-08
11.555 -1.73219e-08
11.56 -2.6463e-09
11.565 8.76906e-09
11.57 1.63783e-08
11.575 2.01814e-08
11.58 2.03877e-08
11.585 1.76055e-08
11.59 1.26668e-08
11.595 6.5132e-09
11.6 2.96076e-10
11.605 -4.98474e-09
11.61 -8.31189e-09
11.615 -8.89651e-09
11.62 -6.20927e-09
11.625 6.54634e-11
11.63 9.77524e-09
11.635 2.26391e-08
11.64 3.79062e-08
11.645 5.46483e-08
11.65 7.19161e-08
11.655 8.83382e-08
11.66 1.03039e-07
11.665 1.14867e-07
11.67 1.2302e-07
11.675 1.27172e-07
11.68 1.26737e-07
11.685 1.22127e-07
11.69 1.13392e-07
11.695 1.01076e-07
11.7 8.59963e-08
11.705 6.85393e-08
11.71 4.97509e-08
11.715 3.00257e-08
11.72 1.00725e-08
11.725 -9.62798e-09
11.73 -2.87549e-08
11.735 -4.68072e-08
11.74 -6.3631e-08
11.745 -7.86854e-08
11.75 -9.18133e-08
11.755 -1.02418e-07
11.76 -1.10198e-07
11.765 -1.1474e-07
11.77 -1.15523e-07
11.775 -1.12572e-07
11.78 -1.05436e-07
11.785 -9.45321e-08
11.79 -7.99919e-08
11.795 -6.23904e-08
11.8 -4.27109e-08
11.805 -2.15807e-08
11.81 -4.5926e-10
11.815 1.98117e-08
11.82 3.80419e-08
11.825 5.32234e-08
11.83 6.47984e-08
11.835 7.20782e-08
11.84 7.50759e-08
11.845 7.37985e-08
11.85 6.87397e-08
11.855 6.0536e-08
11.86 5.0033e-08
11.865 3.82239e-08
11.87 2.59924e-08
11.875 1.43918e-08
11.88 4.05657e-09
11.885 -4.28766e-09
11.89 -1.02914e-08
11.895 -1.38763e-08
11.9 -1.49763e-08
11.905 -1.40481e-08
11.91 -1.14538e-08
11.915 -7.79975e-09
11.92 -3.8244e-09
11.925 -9.22369e-11
11.93 2.64546e-09
11.935 3.91075e-09
11.94 3.28321e-09
11.945 4.75597e-10
11.95 -4.47852e-09
11.955 -1.15294e-08
11.96 -2.0248e-08
11.965 -3.02123e-08
11.97 -4.07512e-08
11.975 -5.11623e-08
11.98 -6.08129e-08
11.985 -6.88622e-08
11.99 -7.49668e-08
11.995 -7.84747e-08
12 -7.92552e-08
12.005 -7.72787e-08
12.01 -7.24427e-08
12.015 -6.53419e-08
12.02 -5.60253e-08
12.025 -4.52037e-08
12.03 -3.32806e-08
12.035 -2.06427e-08
12.04 -7.97291e-09
12.045 4.69432e-09
12.05 1.67167e-08
12.055 2.80982e-08
12.06 3.85425e-08
12.065 4.77976e-08
12.07 5.58936e-08
12.075 6.23776e-08
12.08 6.72971e-08
12.085 7.02557e-08
12.09 7.11694e-08
12.095 6.9816e-08
12.1 6.61063e-08
12.105 6.01173e-08
12.11 5.18006e-08
12.115 4.16991e-08
12.12 2.99053e-08
12.125 1.72024e-08
12.13 4.11658e-09
12.135 -8.77432e-09
12.14 -2.05188e-08
12.145 -3.08491e-08
12.15 -3.89097e-08
12.155 -4.4521e-08
12.16 -4.74682e-08
12.165 -4.75865e-08
12.17 -4.53015e-08
12.175 -4.07224e-08
12.18 -3.44998e-08
12.185 -2.71488e-08
12.19 -1.92726e-08
12.195 -1.15421e-08
12.2 -4.42612e-09
12.205 1.55169e-09
12.21 6.14808e-09
12.215 9.14075e-09
12.22 1.05678e-08
12.225 1.05298e-08
12.23 9.28836e-09
12.235 7.23858e-09
12.24 4.69284e-09
12.245 2.21431e-09
12.25 1.17502e-10
12.255 -1.20633e-09
12.26 -1.36892e-09
12.265 -3.55858e-10
12.27 2.10472e-09
12.275 5.86011e-09
12.28 1.07272e-08
12.285 1.65974e-08
12.29 2.28921e-08
12.295 2.94022e-08
12.3 3.55719e-08
12.305 4.09676e-08
12.31 4.5288e-08
12.315 4.8067e-08
12.32 4.92535e-08
12.325 4.8569e-08
12.33 4.61744e-08
12.335 4.20898e-08
12.34 3.65515e-08
12.345 2.99271e-08
12.35 2.23494e-08
12.355 1.44267e-08
12.36 6.17768e-09
12.365 -1.87971e-09
12.37 -9.59994e-09
12.375 -1.6908e-08
12.38 -2.33791e-08
12.385 -2.9283e-08
12.39 -3.41807e-08
12.395 -3.82164e-08
12.4 -4.12545e-08
12.405 -4.30831e-08
12.41 -4.38467e-08
12.415 -4.31722e-08
12.42 -4.12635e-08
12.425 -3.79067e-08
12.43 -3.3247e-08
12.435 -2.73933e-08
12.44 -2.04671e-08
12.445 -1.28998e-08
12.45 -4.82653e-09
12.455 3.11581e-09
12.46 1.07386e-08
12.465 1.74877e-08
12.47 2.30364e-08
12.475 2.72114e-08
12.48 2.96081e-08
12.485 3.04414e-08
12.49 2.94978e-08
12.495 2.71309e-08
12.5 2.35546e-08
12.505 1.90156e-08
12.51 1.41147e-08
12.515 8.97214e-09
12.52 4.20452e-09
12.525 -7.29739e-12
12.53 -3.43208e-09
12.535 -5.77856e-09
12.54 -7.19773e-09
12.545 -7.55982e-09
12.55 -7.08395e-09
12.555 -5.98203e-09
12.56 -4.43759e-09
12.565 -2.79662e-09
12.57 -1.28931e-09
12.575 -1.87558e-10
12.58 3.19799e-10
12.585 4.81199e-11
12.59 -1.03814e-09
12.595 -2.9665e-09
12.6 -5.7019e-09
12.605 -9.00057e-09
12.61 -1.28112e-08
12.615 -1.67663e-08
12.62 -2.06373e-08
12.625 -2.42319e-08
12.63 -2.71054e-08
12.635 -2.92703e-08
12.64 -3.03514e-08
12.645 -3.03445e-08
12.65 -2.92689e-08
12.655 -2.69684e-08
12.66 -2.38343e-08
12.665 -1.9755e-08
12.67 -1.51111e-08
12.675 -1.00826e-08
12.68 -4.79936e-09
12.685 3.52874e-10
12.69 5.41479e-09
12.695 1.00333e-08
12.7 1.42753e-08
12.705 1.79466e-08
12.71 2.1047e-08
12.715 2.35707e-08
12.72 2.53568e-08
12.725 2.66056e-08
12.73 2.69757e-08
12.735 2.67405e-08
12.74 2.56604e-08
12.745 2.37424e-08
12.75 2.11913e-08
12.755 1.77055e-08
12.76 1.37657e-08
12.765 9.20937e-09
12.77 4.36284e-09
12.775 -5.23457e-10
12.78 -5.36232e-09
12.785 -9.68147e-09
12.79 -1.34832e-08
12.795 -1.63587e-08
12.8 -1.83262e-08
12.805 -1.92103e-08
12.81 -1.90221e-08
12.815 -1.79065e-08
12.82 -1.58413e-08
12.825 -1.32398e-08
12.83 -1.00961e-08
12.835 -6.8607e-09
12.84 -3.66769e-09
12.845 -7.19105e-10
12.85 1.64962e-09
12.855 3.56737e-09
12.86 4.69777e-09
12.865 5.24555e-09
12.87 5.19898e-09
12.875 4.59776e-09
12.88 3.76569e-09
12.885 2.66392e-09
12.89 1.64917e-09
12.895 7.89655e-10
12.9 2.38483e-10
12.905 1.8297e-10
12.91 5.65248e-10
12.915 1.54308e-09
12.92 2.9883e-09
12.925 4.87206e-09
12.93 7.10825e-09
12.935 9.4828e-09
12.94 1.19304e-08
12.945 1.41893e-08
12.95 1.61636e-08
12.955 1.76702e-08
12.96 1.85801e-08
12.965 1.88571e-08
12.97 1.83768e-08
12.975 1.72483e-08
12.98 1.54032e-08
12.985 1.3036e-08
12.99 1.0197e-08
12.995 7.01241e-09
13 3.74862e-09
13.005 3.27043e-10
13.01 -2.85582e-09
13.015 -5.91342e-09
13.02 -8.67222e-09
13.025 -1.09849e-08
13.03 -1.30582e-08
13.035 -1.4549e-08
13.04 -1.57431e-08
13.045 -1.64514e-08
13.05 -1.66985e-08
13.055 -1.65844e-08
13.06 -1.59105e-08
13.065 -1.48882e-08
13.07 -1.3322e-08
13.075 -1.14013e-08
13.08 -9.03649e-09
13.085 -6.37282e-09
13.09 -3.50891e-09
13.095 -4.51448e-10
13.1 2.43745e-09
13.105 5.30983e-09
13.11 7.71379e-09
13.115 9.73989e-09
13.12 1.12163e-08
13.125 1.19478e-08
13.13 1.21974e-08
13.135 1.16115e-08
13.14 1.0601e-08
13.145 9.05173e-09
13.15 7.13408e-09
13.155 5.14066e-09
13.16 2.97544e-09
13.165 1.06877e-09
13.17 -6.80911e-10
13.175 -2.03931e-09
13.18 -2.99115e-09
13.185 -3.5387e-09
13.19 -3.6389e-09
13.195 -3.45167e-09
13.2 -2.91166e-09
13.205 -2.31583e-09
13.21 -1.58293e-09
13.215 -9.59498e-10
13.22 -5.32138e-10
13.225 -2.57343e-10
13.23 -4.22996e-10
13.235 -7.94908e-10
13.24 -1.56764e-09
13.245 -2.63967e-09
13.25 -3.87173e-09
13.255 -5.36615e-09
13.26 -6.81612e-09
13.265 -8.27664e-09
13.27 -9.5764e-09
13.275 -1.05908e-08
13.28 -1.13296e-08
13.285 -1.16068e-08
13.29 -1.15052e-08
13.295 -1.09226e-08
13.3 -9.91669e-09
13.305 -8.55236e-09
13.31 -6.81752e-09
13.315 -4.90561e-09
13.32 -2.79618e-09
13.325 -6.71897e-10
13.33 1.42547e-09
13.335 3.41239e-09
13.34 5.18033e-09
13.345 6.77511e-09
13.35 8.02689e-09
13.355 9.07955e-09
13.36 9.78779e-09
13.365 1.02251e-08
13.37 1.04273e-08
13.375 1.02642e-08
13.38 9.95104e-09
13.385 9.2597e-09
13.39 8.39243e-09
13.395 7.24742e-09
13.4 5.84319e-09
13.405 4.33463e-09
13.41 2.54098e-09
13.415 8.06982e-10
13.42 -1.05895e-09
13.425 -2.79844e-09
13.43 -4.35586e-09
13.435 -5.75883e-09
13.44 -6.71743e-09
13.445 -7.4366e-09
13.45 -7.64194e-09
13.455 -7.51328e-09
13.46 -6.97847e-09
13.465 -6.09516e-09
13.47 -5.0205e-09
13.475 -3.6868e-09
13.48 -2.41334e-09
13.485 -1.04016e-09
13.49 9.18562e-11
13.495 1.0928e-09
13.5 1.86583e-09
13.505 2.25569e-09
13.51 2.55667e-09
13.515 2.41285e-09
13.52 2.22454e-09
13.525 1.84132e-09
13.53 1.34067e-09
13.535 9.86091e-10
13.54 5.36873e-10
13.545 3.73106e-10
13.55 2.99654e-10
13.555 4.49281e-10
13.56 8.48236e-10
13.565 1.37546e-09
13.57 2.14224e-09
13.575 2.9611e-09
13.58 3.89792e-09
13.585 4.78066e-09
13.59 5.63391e-09
13.595 6.33606e-09
13.6 6.82799e-09
13.605 7.15343e-09
13.61 7.1144e-09
13.615 6.90038e-09
13.62 6.34513e-09
13.625 5.54071e-09
13.63 4.57774e-09
13.635 3.33877e-09
13.64 2.09636e-09
13.645 7.20234e-10
13.65 -6.34125e-10
13.655 -1.87707e-09
13.66 -3.10759e-09
13.665 -4.09097e-09
13.67 -4.96952e-09
13.675 -5.64783e-09
13.68 -6.09841e-09
13.685 -6.41914e-09
13.69 -6.49557e-09
13.695 -6.44253e-09
13.7 -6.19515e-09
13.705 -5.80853e-09
13.71 -5.26133e-09
13.715 -4.57305e-09
13.72 -3.77879e-09
13.725 -2.81414e-09
13.73 -1.84195e-09
13.735 -7.19993e-10
13.74 3.61801e-10
13.745 1.42964e-09
13.75 2.47256e-09
13.755 3.29475e-09
13.76 4.05862e-09
13.765 4.50381e-09
13.77 4.78456e-09
13.775 4.78634e-09
13.78 4.51774e-09
13.785 4.10655e-09
13.79 3.39644e-09
13.795 2.68868e-09
13.8 1.79559e-09
13.805 9.65612e-10
13.81 1.81494e-10
13.815 -5.58105e-10
13.82 -1.04214e-09
13.825 -1.49597e-09
13.83 -1.64122e-09
13.835 -1.71947e-09
13.84 -1.60586e-09
13.845 -1.3724e-09
13.85 -1.1436e-09
13.855 -7.80482e-10
13.86 -5.88633e-10
13.865 -3.25016e-10
13.87 -2.7001e-10
13.875 -2.95186e-10
13.88 -4.21293e-10
13.885 -7.79558e-10
13.89 -1.10395e-09
13.895 -1.67707e-09
13.9 -2.16781e-09
13.905 -2.75418e-09
13.91 -3.30979e-09
13.915 -3.71798e-09
13.92 -4.16651e-09
13.925 -4.30541e-09
13.93 -4.43601e-09
13.935 -4.3138e-09
13.94 -4.009e-09
13.945 -3.62815e-09
13.95 -2.9706e-09
13.955 -2.31726e-09
13.96 -1.49502e-09
13.965 -6.52152e-10
13.97 1.87238e-10
13.975 1.03696e-09
13.98 1.7851e-09
13.985 2.4852e-09
13.99 3.03785e-09
13.995 3.51058e-09
14 3.81271e-09
14.005 4.02e-09
14.01 4.09663e-09
14.015 4.02542e-09
14.02 3.92034e-09
14.025 3.62308e-09
14.03 3.31773e-09
14.035 2.90138e-09
14.04 2.37187e-09
14.045 1.87595e-09
14.05 1.21224e-09
14.055 5.96739e-10
14.06 -5.98431e-11
14.065 -7.53899e-10
14.07 -1.32639e-09
14.075 -1.9331e-09
14.08 -2.37595e-09
14.085 -2.72808e-09
14.09 -2.95819e-09
14.095 -2.99504e-09
14.1 -2.92619e-09
14.105 -2.67475e-09
14.11 -2.32928e-09
14.115 -1.85336e-09
14.12 -1.35579e-09
14.125 -7.95566e-10
14.13 -2.68291e-10
14.135 1.848e-10
14.14 6.29551e-10
14.145 8.65817e-10
14.15 1.10505e-09
14.155 1.14911e-09
14.16 1.11781e-09
14.165 1.04992e-09
14.17 8.2137e-10
14.175 7.02864e-10
14.18 4.54866e-10
14.185 3.34442e-10
14.19 2.32681e-10
14.195 1.76777e-10
14.2 2.8445e-10
14.205 3.62416e-10
14.21 6.42492e-10
14.215 8.72267e-10
14.22 1.23246e-09
14.225 1.57053e-09
14.23 1.88594e-09
14.235 2.25115e-09
14.24 2.41998e-09
14.245 2.67689e-09
14.25 2.68977e-09
14.255 2.68708e-09
14.26 2.57128e-09
14.265 2.27062e-09
14.27 2.01153e-09
14.275 1.50908e-09
14.28 1.09236e-09
14.285 5.31496e-10
14.29 -4.75279e-12
14.295 -5.01508e-10
14.3 -1.0635e-09
14.305 -1.43335e-09
14.31 -1.89227e-09
14.315 -2.14364e-09
14.32 -2.38198e-09
14.325 -2.54485e-09
14.33 -2.54121e-09
14.335 -2.58921e-09
14.34 -2.43224e-09
14.345 -2.31479e-09
14.35 -2.09183e-09
14.355 -1.81461e-09
14.36 -1.54659e-09
14.365 -1.16571e-09
14.37 -8.38802e-10
14.375 -4.22906e-10
14.38 -3.67225e-11
14.385 3.57043e-10
14.39 7.54183e-10
14.395 1.08496e-09
14.4 1.40799e-09
14.405 1.62909e-09
14.41 1.80531e-09
14.415 1.86562e-09
14.42 1.85346e-09
14.425 1.74488e-09
14.43 1.53425e-09
14.435 1.30176e-09
14.44 9.52068e-10
14.445 6.4245e-10
14.45 2.91854e-10
14.455 -4.85436e-11
14.46 -2.83479e-10
14.465 -5.56823e-10
14.47 -6.68052e-10
14.475 -7.61627e-10
14.48 -7.94537e-10
14.485 -7.02985e-10
14.49 -6.62187e-10
14.495 -5.06948e-10
14.5 -3.95253e-10
14.505 -2.8822e-10
14.51 -1.83538e-10
14.515 -1.58915e-10
14.52 -1.48343e-10
14.525 -2.22282e-10
14.53 -3.15982e-10
14.535 -4.96241e-10
14.54 -6.58878e-10
14.545 -8.90145e-10
14.55 -1.1012e-09
14.555 -1.27297e-09
14.56 -1.50014e-09
14.565 -1.5516e-09
14.57 -1.6877e-09
14.575 -1.65899e-09
14.58 -1.58449e-09
14.585 -1.51259e-09
14.59 -1.23565e-09
14.595 -1.07301e-09
14.6 -7.20441e-10
14.605 -4.23741e-10
14.61 -9.90312e-11
14.615 2.78046e-10
14.62 5.42364e-10
14.625 9.00622e-10
14.63 1.09231e-09
14.635 1.3507e-09
14.64 1.47368e-09
14.645 1.5727e-09
14.65 1.65048e-09
14.655 1.57513e-09
14.66 1.60588e-09
14.665 1.42144e-09
14.67 1.34795e-09
14.675 1.16704e-09
14.68 9.42813e-10
14.685 8.07987e-10
14.69 4.91005e-10
14.695 3.38871e-10
14.7 4.35882e-11
14.705 -1.80659e-10
14.71 -3.91053e-10
14.715 -6.58375e-10
14.72 -7.82829e-10
14.725 -1.00569e-09
14.73 -1.06872e-09
14.735 -1.15762e-09
14.74 -1.16956e-09
14.745 -1.0962e-09
14.75 -1.03797e-09
14.755 -8.4374e-10
14.76 -7.0399e-10
14.765 -4.6478e-10
14.77 -2.61211e-10
14.775 -5.91386e-11
14.78 1.58911e-10
14.785 2.80713e-10
14.79 4.34352e-10
14.795 4.84023e-10
14.8 5.21046e-10
14.805 5.12295e-10
14.81 4.54686e-10
14.815 3.98139e-10
14.82 3.03755e-10
14.825 2.38697e-10
14.83 1.54334e-10
14.835 1.26723e-10
14.84 1.01111e-10
14.845 1.16537e-10
14.85 1.88086e-10
14.855 2.40232e-10
14.86 3.81172e-10
14.865 4.83869e-10
14.87 6.19552e-10
14.875 7.63229e-10
14.88 8.45833e-10
14.885 9.71036e-10
14.89 9.95434e-10
14.895 1.03228e-09
14.9 1.00843e-09
14.905 9.21804e-10
14.91 8.49257e-10
14.915 6.65085e-10
14.92 5.24496e-10
14.925 3.10362e-10
14.93 9.98315e-11
14.935 -9.47209e-11
14.94 -3.2784e-10
14.945 -4.90187e-10
14.95 -6.8409e-10
14.955 -8.00213e-10
14.96 -9.28153e-10
14.965 -9.80277e-10
14.97 -1.02212e-09
14.975 -1.03761e-09
14.98 -9.62025e-10
14.985 -9.69171e-10
14.99 -8.11768e-10
14.995 -7.6213e-10
15 -6.28037e-10
15.005 -4.60456e-10
15.01 -3.99043e-10
15.015 -1.54733e-10
15.02 -9.70551e-11
15.025 1.02657e-10
15.03 2.40006e-10
15.035 3.28256e-10
15.04 5.22456e-10
15.045 5.37094e-10
15.05 6.87103e-10
15.055 6.87126e-10
15.06 7.22061e-10
15.065 7.16615e-10
15.07 6.32791e-10
15.075 6.07231e-10
15.08 4.35085e-10
15.085 3.82457e-10
15.09 1.87659e-10
15.095 8.5634e-11
15.1 -3.36001e-11
15.105 -1.96499e-10
15.11 -2.00406e-10
15.115 -3.53907e-10
15.12 -3.1189e-10
15.125 -3.50174e-10
15.13 -3.43514e-10
15.135 -2.5144e-10
15.14 -2.7528e-10
15.145 -1.51902e-10
15.15 -1.49727e-10
15.155 -9.5546e-11
15.16 -6.52083e-11
15.165 -8.78769e-11
15.17 -8.16828e-11
15.175 -1.49784e-10
15.18 -1.83815e-10
15.185 -2.82271e-10
15.19 -3.39666e-10
15.195 -4.34621e-10
15.2 -5.09314e-10
15.205 -5.53859e-10
15.21 -6.27265e-10
15.215 -6.12309e-10
15.22 -6.36626e-10
15.225 -5.87748e-10
15.23 -5.29455e-10
15.235 -4.59589e-10
15.24 -3.36128e-10
15.245 -2.38477e-10
15.25 -9.05341e-11
15.255 2.76813e-11
15.26 1.69354e-10
15.265 2.88229e-10
15.27 3.94468e-10
15.275 5.02223e-10
15.28 5.50908e-10
15.285 6.29348e-10
15.29 6.3321e-10
15.295 6.47901e-10
15.3 6.39181e-10
15.305 5.78936e-10
15.31 5.60879e-10
15.315 4.61452e-10
15.32 4.09801e-10
15.325 3.18929e-10
15.33 2.18051e-10
15.335 1.57698e-10
15.34 2.58074e-11
15.345 -2.52998e-11
15.35 -1.37057e-10
15.355 -2.11938e-10
15.36 -2.71574e-10
15.365 -3.60589e-10
15.37 -3.76165e-10
15.375 -4.45732e-10
15.38 -4.278e-10
15.385 -4.51692e-10
15.39 -4.15615e-10
15.395 -3.66298e-10
15.4 -3.39571e-10
15.405 -2.14392e-10
15.41 -1.96969e-10
15.415 -5.39656e-11
15.42 -7.7093e-12
15.425 6.97596e-11
15.43 1.68688e-10
15.435 1.47423e-10
15.44 2.62955e-10
15.445 1.91422e-10
15.45 2.42659e-10
15.455 2.10001e-10
15.46 1.43843e-10
15.465 1.8875e-10
15.47 5.46682e-11
15.475 1.18401e-10
15.48 3.81688e-11
15.485 4.22903e-11
15.49 8.23208e-11
15.495 3.36337e-11
15.5 1.44125e-10
15.505 1.14913e-10
15.51 2.12335e-10
15.515 2.37839e-10
15.52 2.86987e-10
15.525 3.4943e-10
15.53 3.4041e-10
15.535 4.15824e-10
15.54 3.52777e-10
15.545 3.98804e-10
15.55 3.29272e-10
15.555 2.86553e-10
15.56 2.5956e-10
15.565 1.25165e-10
15.57 1.19474e-10
15.575 -2.63155e-11
15.58 -7.46874e-11
15.585 -1.53923e-10
15.59 -2.55441e-10
15.595 -2.72307e-10
15.6 -3.66094e-10
15.605 -3.70061e-10
15.61 -4.05729e-10
15.615 -4.09835e-10
15.62 -3.99049e-10
15.625 -3.80032e-10
15.63 -3.48714e-10
15.635 -3.10798e-10
15.64 -2.49459e-10
15.645 -2.24046e-10
15.65 -1.31221e-10
15.655 -1.0751e-10
15.66 -3.38476e-11
15.665 3.20427e-11
15.67 5.12648e-11
15.675 1.47205e-10
15.68 1.50071e-10
15.685 2.12603e-10
15.69 2.4244e-10
15.695 2.47573e-10
15.7 2.85944e-10
15.705 2.6133e-10
15.71 2.72382e-10
15.715 2.35194e-10
15.72 2.13846e-10
15.725 1.67817e-10
15.73 1.15872e-10
15.735 7.97771e-11
15.74 1.85573e-13
15.745 -1.54771e-11
15.75 -8.9956e-11
15.755 -1.07894e-10
15.76 -1.25992e-10
15.765 -1.69714e-10
15.77 -1.23524e-10
15.775 -1.6482e-10
15.78 -1.14891e-10
15.785 -1.00902e-10
15.79 -1.00109e-10
15.795 -3.71635e-11
15.8 -6.90592e-11
15.805 -1.61445e-11
15.81 -4.35701e-11
15.815 -3.86033e-11
15.82 -4.68695e-11
15.825 -9.5829e-11
15.83 -8.01714e-11
15.835 -1.64839e-10
15.84 -1.42018e-10
15.845 -2.0925e-10
15.85 -2.18587e-10
15.855 -2.13218e-10
15.86 -2.70835e-10
15.865 -1.92094e-10
15.87 -2.53986e-10
15.875 -1.67422e-10
15.88 -1.59044e-10
15.885 -1.31761e-10
15.89 -2.83442e-11
15.895 -5.87993e-11
15.9 8.28825e-11
15.905 5.90961e-11
15.91 1.46162e-10
15.915 1.92068e-10
15.92 1.76134e-10
15.925 2.81023e-10
15.93 2.07732e-10
15.935 2.87987e-10
15.94 2.42622e-10
15.945 2.34854e-10
15.95 2.46996e-10
15.955 1.67188e-10
15.96 2.01284e-10
15.965 1.07789e-10
15.97 1.17638e-10
15.975 5.67647e-11
15.98 2.12975e-11
15.985 6.82229e-12
15.99 -6.40193e-11
15.995 -4.83397e-11
16 -1.23461e-10
16.005 -1.06614e-10
16.01 -1.53288e-10
16.015 -1.58847e-10
16.02 -1.54485e-10
16.025 -1.90297e-10
16.03 -1.38621e-10
16.035 -1.76969e-10
16.04 -1.21683e-10
16.045 -1.15283e-10
16.05 -9.33977e-11
16.055 -3.98565e-11
16.06 -3.61398e-11
16.065 2.1183e-11
16.07 3.16055e-11
16.075 6.92738e-11
16.08 7.57551e-11
16.085 1.01343e-10
16.09 9.25774e-11
16.095 9.60353e-11
16.1 9.90956e-11
16.105 5.58734e-11
16.11 8.84619e-11
16.115 2.53484e-11
16.12 4.62593e-11
16.125 3.18865e-11
16.13 1.00585e-12
16.135 5.20476e-11
16.14 1.38109e-12
16.145 5.92982e-11
16.15 5.28194e-11
16.155 6.51564e-11
16.16 1.12725e-10
16.165 9.13523e-11
16.17 1.45668e-10
16.175 1.27498e-10
16.18 1.49599e-10
16.185 1.45849e-10
16.19 1.30456e-10
16.195 1.34022e-10
16.2 8.86582e-11
16.205 9.47514e-11
16.21 3.19975e-11
16.215 2.83309e-11
16.22 -1.68573e-11
16.225 -6.2053e-11
16.23 -5.16477e-11
16.235 -1.38205e-10
16.24 -1.00627e-10
16.245 -1.56208e-10
16.25 -1.66031e-10
16.255 -1.3375e-10
16.26 -1.97676e-10
16.265 -1.2124e-10
16.27 -1.64548e-10
16.275 -1.25056e-10
16.28 -9.70923e-11
16.285 -1.12407e-10
16.29 -3.78533e-11
16.295 -7.04492e-11
16.3 3.14167e-12
16.305 -1.18832e-11
16.31 2.70194e-11
16.315 5.44554e-11
16.32 3.51266e-11
16.325 1.11561e-10
16.33 4.89078e-11
16.335 1.27187e-10
16.34 8.90106e-11
16.345 9.46216e-11
16.35 1.32959e-10
16.355 5.31685e-11
16.36 1.31723e-10
16.365 4.076e-11
16.37 7.21234e-11
16.375 4.79912e-11
16.38 -6.25522e-12
16.385 3.70452e-11
16.39 -5.49644e-11
16.395 -6.66325e-12
16.4 -6.36253e-11
16.405 -5.64666e-11
16.41 -5.26203e-11
16.415 -8.31185e-11
16.42 -3.63271e-11
16.425 -7.99004e-11
16.43 -2.41842e-11
16.435 -5.03113e-11
16.44 -2.47736e-11
16.445 -1.29095e-11
16.45 -3.0347e-11
16.455 3.74526e-12
16.46 -3.35919e-11
16.465 -6.1752e-12
16.47 -4.2325e-11
16.475 -3.20789e-11
16.48 -5.48142e-11
16.485 -6.87489e-11
16.49 -6.14005e-11
16.495 -1.01586e-10
16.5 -6.67139e-11
16.505 -1.06835e-10
16.51 -7.52484e-11
16.515 -8.077e-11
16.52 -7.41115e-11
16.525 -4.04589e-11
16.53 -5.12147e-11
16.535 7.60415e-13
16.54 -1.10376e-11
16.545 3.80796e-11
16.55 3.59581e-11
16.555 6.40368e-11
16.56 8.39282e-11
16.565 7.24034e-11
16.57 1.20895e-10
16.575 7.46414e-11
16.58 1.24009e-10
16.585 8.73048e-11
16.59 8.84569e-11
16.595 1.02146e-10
16.6 4.12814e-11
16.605 9.18094e-11
16.61 1.69039e-11
16.615 4.18681e-11
16.62 2.00467e-11
16.625 -2.16336e-11
16.63 1.69408e-11
16.635 -5.5304e-11
16.64 -1.61478e-11
16.645 -5.37227e-11
16.65 -5.83252e-11
16.655 -4.56155e-11
16.66 -8.12223e-11
16.665 -4.47382e-11
16.67 -8.18694e-11
16.675 -4.61234e-11
16.68 -6.32141e-11
16.685 -4.97305e-11
16.69 -2.5882e-11
16.695 -5.13342e-11
16.7 1.24372e-11
16.705 -3.10418e-11
16.71 2.35238e-11
16.715 1.9946e-11
16.72 7.27578e-12
16.725 6.95565e-11
16.73 7.36834e-13
16.735 7.19269e-11
16.74 2.81217e-11
16.745 2.81844e-11
16.75 6.11571e-11
16.755 -1.05261e-11
16.76 5.72325e-11
16.765 -8.63059e-12
16.77 1.9766e-11
16.775 1.79522e-11
16.78 -1.14713e-11
16.785 3.86327e-11
16.79 -1.20843e-11
16.795 4.50574e-11
16.8 1.20326e-11
16.805 4.24741e-11
16.81 4.70325e-11
16.815 3.18761e-11
16.82 7.99461e-11
16.825 2.05444e-11
16.83 8.57663e-11
16.835 2.9062e-11
16.84 4.67215e-11
16.845 5.34245e-11
16.85 -8.02224e-12
16.855 5.17179e-11
16.86 -3.11834e-11
16.865 4.35227e-12
16.87 -2.37368e-11
16.875 -5.11319e-11
16.88 -2.48709e-11
16.885 -7.45056e-11
16.89 -4.44331e-11
16.895 -7.35618e-11
16.9 -5.69373e-11
16.905 -6.81374e-11
16.91 -5.61367e-11
16.915 -5.18609e-11
16.92 -5.49191e-11
16.925 -2.37076e-11
16.93 -4.77018e-11
16.935 -1.98138e-12
16.94 -2.41171e-11
16.945 5.1922e-12
16.95 9.1363e-12
16.955 5.93942e-12
16.96 3.71838e-11
16.965 1.03527e-11
16.97 5.10888e-11
16.975 2.05746e-11
16.98 5.0389e-11
16.985 3.52085e-11
16.99 3.52642e-11
16.995 5.19195e-11
17 1.28067e-11
17.005 5.69809e-11
17.01 1.02481e-12
17.015 3.59015e-11
17.02 7.77627e-12
17.025 -4.41616e-12
17.03 1.90099e-11
17.035 -3.80976e-11
17.04 1.40306e-11
17.045 -4.44779e-11
17.05 -1.08713e-11
17.055 -2.63281e-11
17.06 -3.96426e-11
17.065 -1.28778e-12
17.07 -5.40273e-11
17.075 1.21972e-11
17.08 -4.14438e-11
17.085 -3.03875e-13
17.09 -2.81756e-12
17.095 -3.13173e-11
17.1 3.06689e-11
17.105 -4.45851e-11
17.11 2.02693e-11
17.115 -2.18139e-11
17.12 -2.3938e-11
17.125 4.18886e-12
17.13 -5.44975e-11
17.135 1.11405e-12
17.14 -5.27031e-11
17.145 -2.19225e-11
17.15 -3.22515e-11
17.155 -4.35094e-11
17.16 -8.00412e-12
17.165 -4.89038e-11
17.17 7.04897e-12
17.175 -2.91617e-11
17.18 5.26946e-12
17.185 1.11556e-11
17.19 -5.54207e-12
17.195 4.92773e-11
17.2 -3.43798e-12
17.205 5.77586e-11
17.21 2.53148e-11
17.215 3.32989e-11
17.22 6.32687e-11
17.225 5.89865e-12
17.23 7.2891e-11
17.235 8.84106e-12
17.24 3.90176e-11
17.245 3.57738e-11
17.25 -6.2465e-12
17.255 4.62622e-11
17.26 -2.21982e-11
17.265 2.09817e-11
17.27 -9.31497e-12
17.275 -1.6448e-11
17.28 2.84411e-12
17.285 -3.7545e-11
17.29 -3.07601e-13
17.295 -3.97325e-11
17.3 -1.16393e-11
17.305 -3.13453e-11
17.31 -2.53408e-11
17.315 -1.4873e-11
17.32 -3.87068e-11
17.325 2.46602e-12
17.33 -3.94187e-11
17.335 5.2649e-12
17.34 -1.67857e-11
17.345 -9.08641e-12
17.35 1.69108e-11
17.355 -1.9345e-11
17.36 3.22944e-11
17.365 -4.85526e-12
17.37 2.0469e-11
17.375 2.05208e-11
17.38 6.91953e-12
17.385 2.72064e-11
17.39 8.4138e-12
17.395 1.78462e-11
17.4 7.95678e-12
17.405 1.60874e-11
17.41 -4.27193e-12
17.415 1.8565e-11
17.42 -5.9884e-12
17.425 4.99438e-12
17.43 1.52529e-11
17.435 -1.59741e-11
17.44 3.52095e-11
17.445 -1.46492e-11
17.45 2.88852e-11
17.455 1.39299e-11
17.46 6.42729e-12
17.465 4.09628e-11
17.47 -5.17551e-12
17.475 4.39671e-11
17.48 -1.26528e-12
17.485 2.85078e-11
17.49 7.5421e-12
17.495 2.53385e-12
17.5 1.969e-11
17.505 -2.9142e-11
17.51 2.64763e-11
17.515 -4.40531e-11
17.52 5.59078e-12
17.525 -2.38034e-11
17.53 -3.87522e-11
17.535 8.30538e-12
17.54 -6.59546e-11
17.545 1.27123e-11
17.55 -4.99077e-11
17.555 -1.41531e-11
17.56 -9.50144e-12
17.565 -4.1659e-11
17.57 2.07758e-11
17.575 -4.46269e-11
17.58 2.44344e-11
17.585 -2.00632e-11
17.59 4.83136e-12
17.595 1.90874e-11
17.6 -2.00714e-11
17.605 4.69054e-11
17.61 -2.29469e-11
17.615 3.96392e-11
17.62 6.08013e-12
17.625 5.61283e-12
17.63 4.10235e-11
17.635 -1.92201e-11
17.64 4.72347e-11
17.645 -1.15862e-11
17.65 1.97058e-11
17.655 1.54664e-11
17.66 -1.39658e-11
17.665 2.99581e-11
17.67 -2.5539e-11
17.675 1.78142e-11
17.68 -1.47708e-11
17.685 -7.30036e-12
17.69 1.74577e-12
17.695 -2.81952e-11
17.7 1.22026e-11
17.705 -3.36364e-11
17.71 6.72021e-12
17.715 -1.57389e-11
17.72 -1.57128e-11
17.725 1.32792e-11
17.73 -3.25954e-11
17.735 2.23263e-11
17.74 -2.01614e-11
17.745 1.52352e-13
17.75 9.61119e-12
17.755 -2.50996e-11
17.76 2.00147e-11
17.765 -2.41078e-11
17.77 1.61361e-12
17.775 -7.69822e-12
17.78 -1.82203e-11
17.785 -8.34972e-13
17.79 -2.28252e-11
17.795 -2.62589e-12
17.8 -2.00128e-11
17.805 -3.14717e-12
17.81 -1.3035e-11
17.815 -4.60161e-12
17.82 6.08185e-13
17.825 -7.72425e-12
17.83 1.48744e-11
17.835 -6.02751e-12
17.84 2.07776e-11
17.845 4.25182e-12
17.85 1.56829e-11
17.855 1.964e-11
17.86 5.74887e-12
17.865 2.88832e-11
17.87 3.08335e-12
17.875 2.29177e-11
17.88 9.10436e-12
17.885 1.06804e-11
17.89 1.05475e-11
17.895 4.50284e-12
17.9 5.65064e-12
17.905 -2.16606e-12
17.91 6.88312e-12
17.915 -1.59433e-11
17.92 1.17563e-11
17.925 -2.25582e-11
17.93 1.86131e-12
17.935 -6.65314e-12
17.94 -2.54649e-11
17.945 1.8124e-11
17.95 -4.24643e-11
17.955 1.92153e-11
17.96 -2.45003e-11
17.965 -1.00357e-11
17.97 1.31009e-11
17.975 -3.79485e-11
17.98 3.2526e-11
17.985 -3.39716e-11
17.99 1.86872e-11
17.995 -3.3309e-12
18 -7.94347e-12
18.005 2.54302e-11
18.01 -2.34511e-11
18.015 3.73546e-11
18.02 -2.33035e-11
18.025 3.02086e-11
18.03 -4.1584e-12
18.035 -4.01316e-15
18.04 3.07733e-11
18.045 -3.50494e-11
18.05 4.93514e-11
18.055 -3.57435e-11
18.06 2.32243e-11
18.065 4.84871e-12
18.07 -2.44792e-11
18.075 4.29073e-11
18.08 -4.26531e-11
18.085 3.96605e-11
18.09 -1.6968e-11
18.095 6.48267e-12
18.1 2.13909e-11
18.105 -2.10876e-11
18.11 4.03493e-11
18.115 -2.44438e-11
18.12 3.20306e-11
18.125 -6.81053e-12
18.13 5.02329e-12
18.135 1.87127e-11
18.14 -2.37607e-11
18.145 3.2505e-11
18.15 -3.1901e-11
18.155 1.70189e-11
18.16 -1.05434e-11
18.165 -1.87536e-11
18.17 1.63858e-11
18.175 -3.92246e-11
18.18 1.61341e-11
18.185 -2.50482e-11
18.19 -8.43119e-12
18.195 1.10693e-12
18.2 -2.52007e-11
18.205 1.07341e-11
18.21 -2.04518e-11
18.215 5.25682e-12
18.22 -6.63344e-12
18.225 -2.71868e-12
18.23 6.79095e-12
18.235 -8.67547e-12
18.24 1.52066e-11
18.245 -7.56916e-12
18.25 1.2656e-11
18.255 3.50115e-12
18.26 1.15918e-12
18.265 1.61551e-11
18.27 -6.29964e-12
18.275 1.66311e-11
18.28 -2.05414e-13
18.285 4.33718e-12
18.29 1.03261e-11
18.295 -4.70883e-12
18.3 9.7517e-12
18.305 -1.90421e-12
18.31 6.6939e-13
18.315 1.65906e-12
18.32 -2.72363e-12
18.325 -2.90124e-12
18.33 -9.21045e-14
18.335 -6.83462e-12
18.34 -3.02086e-12
18.345 -1.16734e-12
18.35 -1.17309e-11
18.355 5.44458e-12
18.36 -1.22515e-11
18.365 5.61239e-13
18.37 -7.10359e-13
18.375 -9.39142e-12
18.38 7.68209e-12
18.385 -9.93126e-12
18.39 5.09431e-12
18.395 -4.86099e-12
18.4 1.64232e-12
18.405 -3.94176e-12
18.41 -6.8119e-13
18.415 -3.38062e-13
18.42 -1.13717e-11
18.425 1.11272e-11
18.43 -2.34156e-11
18.435 1.39687e-11
18.44 -1.55916e-11
18.445 -5.51612e-12
18.45 1.19938e-11
18.455 -3.01408e-11
18.46 3.05966e-11
18.465 -2.96969e-11
18.47 1.81676e-11
18.475 9.82212e-13
18.48 -1.38423e-11
18.485 3.53375e-11
18.49 -3.33374e-11
18.495 4.21663e-11
18.5 -1.94789e-11
18.505 1.45827e-11
18.51 1.75641e-11
18.515 -2.24364e-11
18.52 4.37791e-11
18.525 -3.4623e-11
18.53 3.50837e-11
18.535 -1.40181e-11
18.54 1.87135e-12
18.545 1.69673e-11
18.55 -2.85415e-11
18.555 3.49084e-11
18.56 -3.86765e-11
18.565 2.8762e-11
18.57 -2.14836e-11
18.575 -2.83155e-12
18.58 1.5586e-11
18.585 -3.97968e-11
18.59 4.08673e-11
18.595 -4.60224e-11
18.6 2.5332e-11
18.605 -1.09605e-11
18.61 -1.78471e-11
18.615 3.10693e-11
18.62 -4.3936e-11
18.625 3.84093e-11
18.63 -2.76885e-11
18.635 9.27493e-12
18.64 9.29519e-12
18.645 -2.05232e-11
18.65 2.94356e-11
18.655 -2.46442e-11
18.66 2.3514e-11
18.665 -1.03442e-11
18.67 7.13224e-12
18.675 6.73165e-12
18.68 -9.35869e-12
18.685 2.06195e-11
18.69 -1.97967e-11
18.695 2.20056e-11
18.7 -1.22286e-11
18.705 3.37999e-12
18.71 1.02531e-11
18.715 -1.73467e-11
18.72 2.06248e-11
18.725 -1.43138e-11
18.73 6.9882e-12
18.735 4.54242e-12
18.74 -6.91965e-12
18.745 1.09531e-11
18.75 -2.92488e-12
18.755 3.51807e-12
18.76 4.19025e-12
18.765 1.58315e-12
18.77 9.7881e-13
18.775 5.59461e-12
18.78 -2.85679e-12
18.785 3.23779e-12
18.79 4.01055e-13
18.795 -4.52562e-12
18.8 3.85559e-12
18.805 -7.95089e-12
18.81 8.49537e-13
18.815 -4.75134e-12
18.82 -4.80325e-12
18.825 -1.90159e-12
18.83 -5.81228e-12
18.835 -2.4936e-12
18.84 -4.9041e-12
18.845 -1.96553e-13
18.85 -7.39292e-12
18.855 3.918e-12
18.86 -5.68022e-12
18.865 -6.76115e-13
18.87 5.75097e-12
18.875 -1.03864e-11
18.88 1.36958e-11
18.885 -8.61381e-12
18.89 5.46071e-12
18.895 6.50678e-12
18.9 -8.89579e-12
18.905 1.69134e-11
18.91 -1.12371e-11
18.915 1.17893e-11
18.92 -1.25594e-12
18.925 -6.54041e-13
18.93 9.85968e-12
18.935 -1.07069e-11
18.94 1.58081e-11
18.945 -1.42683e-11
18.95 1.3127e-11
18.955 -7.048e-12
18.96 -2.02724e-12
18.965 1.15643e-11
18.97 -2.30078e-11
18.975 2.64694e-11
18.98 -2.81978e-11
18.985 1.61242e-11
18.99 -3.91762e-12
18.995 -1.78904e-11
19 3.03585e-11
19.005 -4.15787e-11
19.01 3.57838e-11
19.015 -2.45593e-11
19.02 1.85996e-12
19.025 1.79642e-11
19.03 -3.53655e-11
19.035 4.11347e-11
19.04 -3.83945e-11
19.045 2.54463e-11
19.05 -9.26065e-12
19.055 -1.01116e-11
19.06 2.38939e-11
19.065 -3.57567e-11
19.07 3.60446e-11
19.075 -3.42528e-11
19.08 2.01368e-11
19.085 -7.75461e-12
19.09 -1.26637e-11
19.095 2.56376e-11
19.1 -3.83739e-11
19.105 3.92119e-11
19.11 -3.30433e-11
19.115 1.86288e-11
19.12 1.62369e-12
19.125 -1.79235e-11
19.13 3.46916e-11
19.135 -3.65479e-11
19.14 3.78898e-11
19.145 -2.22497e-11
19.15 1.1344e-11
19.155 1.08865e-11
19.16 -2.10769e-11
19.165 3.43097e-11
19.17 -3.17042e-11
19.175 2.77359e-11
19.18 -1.2681e-11
19.185 -8.62204e-13
19.19 1.44431e-11
19.195 -2.2243e-11
19.2 2.2565e-11
19.205 -1.95455e-11
19.21 9.95825e-12
19.215 -4.58043e-12
19.22 -4.07153e-12
19.225 4.51138e-12
19.23 -9.14064e-12
19.235 7.06321e-12
19.24 -1.08417e-11
19.245 8.52234e-12
19.25 -9.85136e-12
19.255 4.47055e-12
19.26 -1.07135e-12
19.265 -5.59415e-12
19.27 8.48489e-12
19.275 -9.57897e-12
19.28 7.5417e-12
19.285 -3.43269e-12
19.29 1.44502e-12
19.295 8.54521e-13
19.3 1.8333e-12
19.305 -1.47097e-12
19.31 3.5463e-12
19.315 1.41026e-12
19.32 -4.50071e-12
19.325 1.21271e-11
19.33 -1.33123e-11
19.335 1.34523e-11
19.34 -5.64155e-12
19.345 -2.49305e-12
19.35 1.23185e-11
19.355 -1.68515e-11
19.36 1.7254e-11
19.365 -1.15659e-11
19.37 4.27736e-12
19.375 3.82254e-12
19.38 -7.77389e-12
19.385 1.04104e-11
19.39 -8.54524e-12
19.395 9.2137e-12
19.4 -7.1694e-12
19.405 8.76936e-12
19.41 -4.94717e-12
19.415 1.60703e-12
19.42 7.84786e-12
19.425 -1.52315e-11
19.43 2.11538e-11
19.435 -2.02342e-11
19.44 1.18827e-11
19.445 -5.55278e-13
19.45 -1.43184e-11
19.455 2.13722e-11
19.46 -2.67927e-11
19.465 1.95108e-11
19.47 -1.30081e-11
19.475 -2.05161e-12
19.48 1.02714e-11
19.485 -2.12401e-11
19.49 2.27251e-11
19.495 -2.37248e-11
19.5 1.64193e-11
19.505 -7.56476e-12
19.51 -5.23773e-12
19.515 1.74677e-11
19.52 -2.62645e-11
19.525 3.0715e-11
19.53 -2.59162e-11
19.535 1.68001e-11
19.54 5.83946e-13
19.545 -1.59841e-11
19.55 3.23166e-11
19.555 -3.7727e-11
19.56 3.69366e-11
19.565 -2.23779e-11
19.57 3.92816e-12
19.575 1.90149e-11
19.58 -3.47149e-11
19.585 4.26205e-11
19.59 -3.76856e-11
19.595 2.40441e-11
19.6 -5.12802e-12
19.605 -1.38552e-11
19.61 2.7397e-11
19.615 -3.518e-11
19.62 3.35152e-11
19.625 -2.73245e-11
19.63 1.39344e-11
19.635 -8.14411e-13
19.64 -1.46905e-11
19.645 2.46638e-11
19.65 -3.22365e-11
19.655 3.12449e-11
19.66 -2.58626e-11
19.665 1.3149e-11
19.67 1.42283e-12
19.675 -1.72762e-11
19.68 2.86345e-11
19.685 -3.40367e-11
19.69 3.05301e-11
19.695 -2.01936e-11
19.7 4.52728e-12
19.705 1.03682e-11
19.71 -2.25996e-11
19.715 2.67028e-11
19.72 -2.5639e-11
19.725 1.71342e-11
19.73 -8.23094e-12
19.735 -2.55611e-12
19.74 8.92297e-12
19.745 -1.36908e-11
19.75 1.4064e-11
19.755 -1.27068e-11
19.76 9.97598e-12
19.765 -5.68379e-12
19.77 2.80006e-12
19.775 2.04995e-12
19.78 -3.23557e-12
19.785 6.86904e-12
19.79 -5.84573e-12
19.795 8.12493e-12
19.8 -6.18843e-12
19.805 7.6792e-12
19.81 -5.2559e-12
19.815 4.74995e-12
19.82 -5.95474e-13
19.825 -2.95399e-12
19.83 7.90415e-12
19.835 -1.14939e-11
19.84 1.281e-11
19.845 -1.20998e-11
19.85 7.54903e-12
19.855 -2.94737e-12
19.86 -4.0673e-12
19.865 8.07824e-12
19.87 -1.28123e-11
19.875 1.31319e-11
19.88 -1.38579e-11
19.885 1.0503e-11
19.89 -7.51841e-12
19.895 8.76309e-13
19.9 5.6957e-12
19.905 -1.39263e-11
19.91 1.95853e-11
19.915 -2.17668e-11
19.92 1.81184e-11
19.925 -9.03106e-12
19.93 -2.50361e-12
19.935 1.42368e-11
19.94 -2.10454e-11
19.945 2.35134e-11
19.95 -1.90498e-11
19.955 1.24918e-11
19.96 -2.94554e-12
19.965 -4.24491e-12
19.97 1.14764e-11
19.975 -1.55282e-11
19.98 1.94292e-11
19.985 -2.01088e-11
19.99 1.85343e-11
19.995 -1.15644e-11
20 5.51628e-13
20.005 1.37565e-11
20.01 -2.64754e-11
20.015 3.3809e-11
20.02 -3.144e-11
20.025 1.98279e-11
20.03 -8.51654e-13
20.035 -1.82997e-11
20.04 3.3199e-11
20.045 -3.72881e-11
20.05 3.19205e-11
20.055 -1.70018e-11
20.06 -1.96715e-13
20.065 1.68977e-11
20.07 -2.73016e-11
20.075 3.10478e-11
20.08 -2.77884e-11
20.085 1.88901e-11
20.09 -7.55652e-12
20.095 -6.30631e-12
20.1 1.77508e-11
20.105 -2.83024e-11
20.11 3.12483e-11
20.115 -2.93773e-11
20.12 1.7359e-11
20.125 -1.89361e-12
20.13 -1.74551e-11
20.135 3.12737e-11
20.14 -3.83965e-11
20.145 3.37416e-11
20.15 -2.03049e-11
20.155 1.08907e-12
20.16 1.78064e-11
20.165 -3.05807e-11
20.17 3.51365e-11
20.175 -2.95042e-11
20.18 1.83909e-11
20.185 -3.10221e-12
20.19 -9.69608e-12
20.195 2.03895e-11
20.2 -2.4687e-11
20.205 2.53528e-11
20.21 -2.00803e-11
20.215 1.2379e-11
20.22 -1.51445e-12
20.225 -8.68114e-12
20.23 1.74992e-11
20.235 -2.21416e-11
20.24 2.22616e-11
20.245 -1.79061e-11
20.25 9.77523e-12
20.255 -2.40311e-13
20.26 -9.84066e-12
20.265 1.69638e-11
20.27 -2.1021e-11
20.275 1.91397e-11
20.28 -1.3629e-11
20.285 4.11831e-12
20.29 4.55603e-12
20.295 -1.16955e-11
20.3 1.37304e-11
20.305 -1.23619e-11
20.31 7.66698e-12
20.315 -3.24084e-12
20.32 -3.65911e-14
20.325 7.06232e-13
20.33 -2.21049e-13
20.335 -4.46076e-13
20.34 -4.97969e-13
20.345 2.78146e-12
20.35 -6.23028e-12
20.355 8.666e-12
20.36 -9.87242e-12
20.365 8.19208e-12
20.37 -5.16453e-12
20.375 8.5464e-14
20.38 4.62146e-12
20.385 -9.44075e-12
20.39 1.22287e-11
20.395 -1.32535e-11
20.4 1.16713e-11
20.405 -7.77848e-12
20.41 2.75581e-12
20.415 3.61806e-12
20.42 -8.82573e-12
20.425 1.42003e-11
20.43 -1.62795e-11
20.435 1.70326e-11
20.44 -1.28079e-11
20.445 6.83936e-12
20.45 2.62787e-12
20.455 -1.09354e-11
20.46 1.82604e-11
20.465 -2.10891e-11
20.47 2.0177e-11
20.475 -1.51152e-11
20.48 7.32802e-12
20.485 1.65161e-12
20.49 -1.10961e-11
20.495 1.85542e-11
20.5 -2.39587e-11
20.505 2.43765e-11
20.51 -2.07687e-11
20.515 1.13644e-11
20.52 5.25447e-13
20.525 -1.42089e-11
20.53 2.47199e-11
20.535 -3.08423e-11
20.54 2.95259e-11
20.545 -2.20613e-11
20.55 9.20485e-12
20.555 5.56511e-12
20.56 -1.94097e-11
20.565 2.93086e-11
20.57 -3.30739e-11
20.575 3.0289e-11
20.58 -2.07497e-11
20.585 6.93945e-12
20.59 9.58692e-12
20.595 -2.43644e-11
20.6 3.52061e-11
20.605 -3.78984e-11
20.61 3.22068e-11
20.615 -1.74455e-11
20.62 -2.12795e-12
20.625 2.25701e-11
20.63 -3.71529e-11
20.635 4.22444e-11
20.64 -3.54827e-11
20.645 1.93604e-11
20.65 1.6287e-12
20.655 -2.08792e-11
20.66 3.33161e-11
20.665 -3.57677e-11
20.67 2.90401e-11
20.675 -1.58767e-11
20.68 1.14559e-12
20.685 1.1951e-11
20.69 -2.04341e-11
20.695 2.44886e-11
20.7 -2.36558e-11
20.705 1.93514e-11
20.71 -1.12237e-11
20.715 5.90359e-13
20.72 1.13798e-11
20.725 -2.18661e-11
20.73 2.74837e-11
20.735 -2.62711e-11
20.74 1.68751e-11
20.745 -2.74046e-12
20.75 -1.322e-11
20.755 2.41877e-11
20.76 -2.83305e-11
20.765 2.28407e-11
20.77 -1.18274e-11
20.775 -2.11136e-12
20.78 1.28401e-11
20.785 -1.85842e-11
20.79 1.78231e-11
20.795 -1.2868e-11
20.8 6.22612e-12
20.805 -3.00479e-13
20.81 -3.43237e-12
20.815 5.85619e-12
20.82 -6.98339e-12
20.825 8.34851e-12
20.83 -8.57641e-12
20.835 8.09781e-12
20.84 -5.07087e-12
20.845 8.4304e-13
20.85 4.57704e-12
20.855 -8.43989e-12
20.86 1.01859e-11
20.865 -8.48916e-12
20.87 4.6599e-12
20.875 8.12025e-14
20.88 -3.57203e-12
20.885 4.73492e-12
20.89 -3.70436e-12
20.895 1.33198e-12
20.9 4.92302e-13
20.905 -1.13017e-12
20.91 -3.38561e-13
20.915 2.56226e-12
20.92 -5.13739e-12
20.925 6.02364e-12
20.93 -5.25832e-12
20.935 1.9984e-12
20.94 2.22495e-12
20.945 -6.9417e-12
20.95 1.02258e-11
20.955 -1.15774e-11
20.96 9.99136e-12
20.965 -6.02913e-12
20.97 2.11724e-13
20.975 5.88992e-12
20.98 -1.10436e-11
20.985 1.38698e-11
20.99 -1.39578e-11
20.995 1.11658e-11
21 -6.40593e-12
21.005 3.30519e-13
21.01 5.57231e-12
21.015 -1.08154e-11
21.02 1.42738e-11
21.025 -1.60373e-11
21.03 1.52876e-11
21.035 -1.20642e-11
21.04 5.8939e-12
21.045 2.67985e-12
21.05 -1.22108e-11
21.055 2.06019e-11
21.06 -2.48167e-11
21.065 2.3795e-11
21.07 -1.65357e-11
21.075 5.67382e-12
21.08 7.20463e-12
21.085 -1.80632e-11
21.09 2.59295e-11
21.095 -2.84185e-11
21.1 2.61187e-11
21.105 -1.84187e-11
21.11 6.86859e-12
21.115 7.2777e-12
21.12 -2.11995e-11
21.125 3.17863e-11
21.13 -3.63015e-11
21.135 3.2607e-11
21.14 -2.13219e-11
21.145 4.03876e-12
21.15 1.46927e-11
21.155 -3.11263e-11
21.16 4.04392e-11
21.165 -4.08944e-11
21.17 3.14896e-11
21.175 -1.49119e-11
21.18 -5.55236e-12
21.185 2.45364e-11
21.19 -3.78949e-11
21.195 4.22485e-11
21.2 -3.6892e-11
21.205 2.32239e-11
21.21 -4.60273e-12
21.215 -1.44655e-11
21.22 2.99352e-11
21.225 -3.81719e-11
21.23 3.78482e-11
21.235 -2.87197e-11
21.24 1.33488e-11
21.245 5.13499e-12
21.25 -2.17434e-11
21.255 3.27822e-11
21.26 -3.49565e-11
21.265 2.83482e-11
21.27 -1.48388e-11
21.275 -1.03164e-12
21.28 1.50142e-11
21.285 -2.34166e-11
21.29 2.51184e-11
21.295 -2.07207e-11
21.3 1.25365e-11
21.305 -3.02692e-12
21.31 -5.50439e-12
21.315 1.17574e-11
21.32 -1.49251e-11
21.325 1.50946e-11
21.33 -1.23528e-11
21.335 7.51025e-12
21.34 -1.14358e-12
21.345 -5.30065e-12
21.35 1.07071e-11
21.355 -1.34061e-11
21.36 1.2566e-11
21.365 -7.97939e-12
21.37 8.35894e-13
21.375 6.47144e-12
21.38 -1.15584e-11
21.385 1.2132e-11
21.39 -8.36567e-12
21.395 1.23828e-12
21.4 5.65215e-12
21.405 -1.00672e-11
21.41 9.53351e-12
21.415 -5.09715e-12
21.42 -1.61649e-12
21.425 6.88964e-12
21.43 -8.75435e-12
21.435 6.29561e-12
21.44 -1.17548e-12
21.445 -3.93614e-12
21.45 6.67919e-12
21.455 -5.93074e-12
21.46 2.90585e-12
21.465 7.75327e-13
21.47 -2.78715e-12
21.475 2.90608e-12
21.48 -1.3457e-12
21.485 1.0676e-13
21.49 -7.80991e-15
21.495 1.66918e-12
21.5 -3.62819e-12
21.505 4.48075e-12
21.51 -2.6541e-12
21.515 -1.60155e-12
21.52 6.7903e-12
21.525 -1.0375e-11
21.53 1.02859e-11
21.535 -6.06055e-12
21.54 -1.03638e-12
21.545 8.09549e-12
21.55 -1.26586e-11
21.555 1.29693e-11
21.56 -9.57164e-12
21.565 3.73553e-12
21.57 2.17202e-12
21.575 -6.86024e-12
21.58 9.35668e-12
21.585 -1.0161e-11
21.59 9.52092e-12
21.595 -8.02736e-12
21.6 5.44212e-12
21.605 -1.71855e-12
21.61 -3.30294e-12
21.615 8.91146e-12
21.62 -1.3895e-11
21.625 1.65554e-11
21.63 -1.56228e-11
21.635 1.06121e-11
21.64 -2.41385e-12
21.645 -7.25496e-12
21.65 1.60168e-11
21.655 -2.18748e-11
21.66 2.32266e-11
21.665 -1.96947e-11
21.67 1.15173e-11
21.675 -2.06854e-13
21.68 -1.22003e-11
21.685 2.2985e-11
21.69 -2.95551e-11
21.695 2.99977e-11
21.7 -2.34932e-11
21.705 1.11518e-11
21.71 4.80565e-12
21.715 -2.0432e-11
21.72 3.22999e-11
21.725 -3.69828e-11
21.73 3.36241e-11
21.735 -2.23907e-11
21.74 6.08555e-12
21.745 1.21573e-11
21.75 -2.81257e-11
21.755 3.8512e-11
21.76 -4.07022e-11
21.765 3.39216e-11
21.77 -1.92906e-11
21.775 -3.25278e-13
21.78 2.03923e-11
21.785 -3.63697e-11
21.79 4.39617e-11
21.795 -4.13547e-11
21.8 2.86959e-11
21.805 -9.39656e-12
21.81 -1.19453e-11
21.815 2.97251e-11
21.82 -3.98689e-11
21.825 4.00531e-11
21.83 -3.0998e-11
21.835 1.54396e-11
21.84 2.28642e-12
21.845 -1.79331e-11
21.85 2.82848e-11
21.855 -3.17366e-11
21.86 2.84651e-11
21.865 -1.97116e-11
21.87 7.74552e-12
21.875 5.11356e-12
21.88 -1.60836e-11
21.885 2.30909e-11
21.89 -2.44841e-11
21.895 2.02561e-11
21.9 -1.14741e-11
21.905 8.82866e-13
21.91 8.67368e-12
21.915 -1.45996e-11
21.92 1.59262e-11
21.925 -1.30437e-11
21.93 7.77323e-12
21.935 -2.07942e-12
21.94 -2.40822e-12
21.945 4.99652e-12
21.95 -5.67298e-12
21.955 4.93555e-12
21.96 -3.38388e-12
21.965 1.71334e-12
21.97 -3.76781e-13
21.975 -2.3527e-13
21.98 1.80567e-13
21.985 3.90805e-13
21.99 -1.06393e-12
21.995 1.61727e-12
22 -1.72439e-12
22.005 1.23262e-12
22.01 7.48723e-14
22.015 -2.24268e-12
22.02 4.89715e-12
22.025 -7.34633e-12
22.03 8.2913e-12
22.035 -6.89571e-12
22.04 2.57042e-12
22.045 3.61546e-12
22.05 -1.00431e-11
22.055 1.40874e-11
22.06 -1.42201e-11
22.065 9.81387e-12
22.07 -2.3751e-12
22.075 -5.79961e-12
22.08 1.19405e-11
22.085 -1.43036e-11
22.09 1.26048e-11
22.095 -7.91647e-12
22.1 2.24579e-12
22.105 2.73462e-12
22.11 -5.81468e-12
22.115 7.13977e-12
22.12 -7.18569e-12
22.125 6.94852e-12
22.13 -6.58416e-12
22.135 6.0034e-12
22.14 -4.30735e-12
22.145 9.99204e-13
22.15 3.97856e-12
22.155 -9.5176e-12
22.16 1.38772e-11
22.165 -1.50874e-11
22.17 1.19297e-11
22.175 -4.69729e-12
22.18 -4.7213e-12
22.185 1.32696e-11
22.19 -1.8158e-11
22.195 1.77397e-11
22.2 -1.25479e-11
22.205 4.51441e-12
22.21 3.55708e-12
22.215 -9.70879e-12
22.22 1.30042e-11
22.225 -1.39055e-11
22.23 1.30513e-11
22.235 -1.09338e-11
22.24 7.22595e-12
22.245 -1.51246e-12
22.25 -6.22752e-12
22.255 1.47215e-11
22.26 -2.15795e-11
22.265 2.3894e-11
22.27 -1.96968e-11
22.275 9.02417e-12
22.28 5.64197e-12
22.285 -2.01121e-11
22.29 2.98434e-11
22.295 -3.17558e-11
22.3 2.51612e-11
22.305 -1.20396e-11
22.31 -3.96382e-12
22.315 1.86616e-11
22.32 -2.8766e-11
22.325 3.23491e-11
22.33 -2.9055e-11
22.335 1.97726e-11
22.34 -6.24685e-12
22.345 -9.04551e-12
22.35 2.32752e-11
22.355 -3.32737e-11
22.36 3.65503e-11
22.365 -3.14519e-11
22.37 1.85653e-11
22.375 -2.97167e-13
22.38 -1.88824e-11
22.385 3.41398e-11
22.39 -4.11641e-11
22.395 3.80876e-11
22.4 -2.56641e-11
22.405 7.2951e-12
22.41 1.22528e-11
22.415 -2.8249e-11
22.42 3.7134e-11
22.425 -3.74402e-11
22.43 2.95155e-11
22.435 -1.55733e-11
22.44 -1.31734e-12
22.445 1.73364e-11
22.45 -2.91056e-11
22.455 3.39548e-11
22.46 -3.10117e-11
22.465 2.11055e-11
22.47 -6.95823e-12
22.475 -7.86683e-12
22.48 1.97027e-11
22.485 -2.59694e-11
22.49 2.57498e-11
22.495 -1.98499e-11
22.5 1.04353e-11
22.505 -1.63262e-13
22.51 -8.47596e-12
22.515 1.39883e-11
22.52 -1.58438e-11
22.525 1.45534e-11
22.53 -1.09407e-11
22.535 6.09337e-12
22.54 -8.59572e-13
22.545 -3.82909e-12
22.55 7.24379e-12
22.555 -8.71419e-12
22.56 8.11502e-12
22.565 -5.77432e-12
22.57 2.65234e-12
22.575 1.0591e-13
22.58 -1.53926e-12
22.585 1.3651e-12
22.59 -4.81569e-14
22.595 -1.33206e-12
22.6 1.65578e-12
22.605 -2.38078e-13
22.61 -2.71878e-12
22.615 6.19997e-12
22.62 -8.726e-12
22.625 9.09402e-12
22.63 -6.77544e-12
22.635 2.20153e-12
22.64 3.46628e-12
22.645 -8.69694e-12
22.65 1.2152e-11
22.655 -1.29879e-11
22.66 1.10629e-11
22.665 -6.89239e-12
22.67 1.33718e-12
22.675 4.46605e-12
22.68 -9.57481e-12
22.685 1.30641e-11
22.69 -1.4447e-11
22.695 1.32066e-11
22.7 -9.34147e-12
22.705 3.14599e-12
22.71 4.23042e-12
22.715 -1.11637e-11
22.72 1.57462e-11
22.725 -1.67092e-11
22.73 1.38148e-11
22.735 -8.02808e-12
22.74 1.14661e-12
22.745 5.09583e-12
22.75 -9.50206e-12
22.755 1.18424e-11
22.76 -1.23714e-11
22.765 1.16961e-11
22.77 -9.96691e-12
22.775 7.09183e-12
22.78 -2.71948e-12
22.785 -3.11575e-12
22.79 9.83449e-12
22.795 -1.59568e-11
22.8 1.96583e-11
22.805 -1.92961e-11
22.81 1.41227e-11
22.815 -4.72548e-12
22.82 -6.94224e-12
22.825 1.79442e-11
22.83 -2.52611e-11
22.835 2.65604e-11
22.84 -2.12218e-11
22.845 1.04757e-11
22.85 2.81006e-12
22.855 -1.52099e-11
22.86 2.36684e-11
22.865 -2.65299e-11
22.87 2.35879e-11
22.875 -1.60162e-11
22.88 5.61947e-12
22.885 5.57678e-12
22.89 -1.57651e-11
22.895 2.32792e-11
22.9 -2.66744e-11
22.905 2.48465e-11
22.91 -1.74938e-11
22.915 5.50861e-12
22.92 8.84903e-12
22.925 -2.23008e-11
22.93 3.13004e-11
22.935 -3.30835e-11
22.94 2.65165e-11
22.945 -1.2711e-11
22.95 -5.09056e-12
22.955 2.21928e-11
22.96 -3.38384e-11
22.965 3.66634e-11
22.97 -2.98325e-11
22.975 1.53458e-11
22.98 2.63222e-12
22.985 -1.91559e-11
22.99 3.0082e-11
22.995 -3.31548e-11
23 2.85007e-11
23.005 -1.79733e-11
23.01 4.4556e-12
23.015 9.25575e-12
23.02 -2.07016e-11
23.025 2.81085e-11
23.03 -3.00188e-11
23.035 2.56826e-11
23.04 -1.53189e-11
23.045 6.68878e-13
23.05 1.50503e-11
23.055 -2.77158e-11
23.06 3.35482e-11
23.065 -3.05585e-11
23.07 1.93544e-11
23.075 -3.24095e-12
23.08 -1.30401e-11
23.085 2.47815e-11
23.09 -2.90903e-11
23.095 2.55579e-11
23.1 -1.62542e-11
23.105 4.48347e-12
23.11 6.38889e-12
23.115 -1.40894e-11
23.12 1.76865e-11
23.125 -1.74527e-11
23.13 1.42518e-11
23.135 -9.0487e-12
23.14 2.78584e-12
23.145 3.60859e-12
23.15 -9.05255e-12
23.155 1.24669e-11
23.16 -1.2989e-11
23.165 1.04777e-11
23.17 -5.5991e-12
23.175 -1.09109e-13
23.18 4.86522e-12
23.185 -7.28897e-12
23.19 6.99138e-12
23.195 -4.64192e-12
23.2 1.69152e-12
23.205 4.68793e-13
23.21 -1.0434e-12
23.215 1.4175e-13
23.22 1.43351e-12
23.225 -2.61377e-12
23.23 2.68745e-12
23.235 -1.50655e-12
23.24 -5.8179e-13
23.245 2.97116e-12
23.25 -5.03145e-12
23.255 6.38305e-12
23.26 -6.78392e-12
23.265 6.03838e-12
23.27 -3.98287e-12
23.275 5.63115e-13
23.28 3.9196e-12
23.285 -8.57584e-12
23.29 1.2089e-11
23.295 -1.30926e-11
23.3 1.07498e-11
23.305 -5.26502e-12
23.31 -2.02767e-12
23.315 9.03062e-12
23.32 -1.37598e-11
23.325 1.4996e-11
23.33 -1.27707e-11
23.335 8.07738e-12
23.34 -2.45256e-12
23.345 -2.82937e-12
23.35 6.94064e-12
23.355 -9.68039e-12
23.36 1.11118e-11
23.365 -1.13271e-11
23.37 1.02384e-11
23.375 -7.71007e-12
23.38 3.7325e-12
23.385 1.42532e-12
23.39 -7.03467e-12
23.395 1.20834e-11
23.4 -1.53995e-11
23.405 1.60708e-11
23.41 -1.36412e-11
23.415 8.39192e-12
23.42 -1.1878e-12
23.425 -6.65514e-12
23.43 1.37793e-11
23.435 -1.89082e-11
23.44 2.10583e-11
23.445 -1.95364e-11
23.45 1.40996e-11
23.455 -5.13295e-12
23.46 -6.12534e-12
23.465 1.75378e-11
23.47 -2.64523e-11
23.475 3.02713e-11
23.48 -2.73817e-11
23.485 1.7714e-11
23.49 -3.05379e-12
23.495 -1.33349e-11
23.5 2.73916e-11
23.505 -3.54433e-11
23.51 3.52463e-11
23.515 -2.66841e-11
23.52 1.17995e-11
23.525 5.72299e-12
23.53 -2.1647e-11
23.535 3.2295e-11
23.54 -3.54993e-11
23.545 3.09756e-11
23.55 -2.02016e-11
23.555 5.75088e-12
23.56 9.39057e-12
23.565 -2.23878e-11
23.57 3.09442e-11
23.575 -3.34781e-11
23.58 2.9292e-11
23.585 -1.88366e-11
23.59 3.83651e-12
23.595 1.27084e-11
23.6 -2.69749e-11
23.605 3.53009e-11
23.61 -3.52771e-11
23.615 2.65621e-11
23.62 -1.12422e-11
23.625 -6.72503e-12
23.63 2.26936e-11
23.635 -3.25979e-11
23.64 3.41332e-11
23.645 -2.72562e-11
23.65 1.41028e-11
23.655 1.79095e-12
23.66 -1.63215e-11
23.665 2.59809e-11
23.67 -2.87096e-11
23.675 2.43905e-11
23.68 -1.46703e-11
23.685 2.42615e-12
23.69 9.23206e-12
23.695 -1.77517e-11
23.7 2.16401e-11
23.705 -2.0583e-11
23.71 1.52368e-11
23.715 -6.96978e-12
23.72 -2.47147e-12
23.725 1.11069e-11
23.73 -1.70922e-11
23.735 1.89857e-11
23.74 -1.62339e-11
23.745 9.38605e-12
23.75 -1.60863e-13
23.755 -8.97429e-12
23.76 1.54374e-11
23.765 -1.73525e-11
23.77 1.42025e-11
23.775 -7.11345e-12
23.78 -1.54955e-12
23.785 8.97213e-12
23.79 -1.28509e-11
23.795 1.23144e-11
23.8 -8.07288e-12
23.805 2.04864e-12
23.81 3.47004e-12
23.815 -6.67702e-12
23.82 6.96413e-12
23.825 -4.91298e-12
23.83 1.91436e-12
23.835 5.99307e-13
23.84 -1.83647e-12
23.845 1.8838e-12
23.85 -1.41785e-12
23.855 1.14192e-12
23.86 -1.21842e-12
23.865 1.22492e-12
23.87 -5.30073e-13
23.875 -1.08238e-12
23.88 3.05581e-12
23.885 -4.24093e-12
23.89 3.55375e-12
23.895 -7.09861e-13
23.9 -3.41657e-12
23.905 7.05139e-12
23.91 -8.3386e-12
23.915 6.33085e-12
23.92 -1.52912e-12
23.925 -4.27835e-12
23.93 8.85549e-12
23.935 -1.0491e-11
23.94 8.70887e-12
23.945 -4.39675e-12
23.95 -7.65521e-13
23.955 5.04113e-12
23.96 -7.37486e-12
23.965 7.65175e-12
23.97 -6.45635e-12
23.975 4.55733e-12
23.98 -2.53175e-12
23.985 5.22912e-13
23.99 1.50877e-12
23.995 -3.59451e-12
24 5.53875e-12
24.005 -6.88495e-12
24.01 7.13082e-12
24.015 -6.01646e-12
24.02 3.68251e-12
24.025 -6.4607e-13
24.03 -2.41058e-12
24.035 4.95394e-12
24.04 -6.7878e-12
24.045 8.03152e-12
24.05 -8.75807e-12
24.055 8.74211e-12
24.06 -7.32971e-12
24.065 3.84491e-12
24.07 1.88597e-12
24.075 -9.09994e-12
24.08 1.59955e-11
24.085 -2.02301e-11
24.09 1.98137e-11
24.095 -1.39651e-11
24.1 3.59474e-12
24.105 8.85479e-12
24.11 -2.0123e-11
24.115 2.71813e-11
24.12 -2.81038e-11
24.125 2.25156e-11
24.13 -1.17077e-11
24.135 -1.93471e-12
24.14 1.5537e-11
24.145 -2.63278e-11
24.15 3.20889e-11
24.155 -3.1467e-11
24.16 2.41892e-11
24.165 -1.12518e-11
24.17 -5.03003e-12
24.175 2.12724e-11
24.18 -3.36952e-11
24.185 3.90193e-11
24.19 -3.54559e-11
24.195 2.34107e-11
24.2 -5.56878e-12
24.205 -1.37879e-11
24.21 2.99078e-11
24.215 -3.89453e-11
24.22 3.90189e-11
24.225 -3.04764e-11
24.23 1.56552e-11
24.235 1.87242e-12
24.24 -1.83204e-11
24.245 3.04382e-11
24.25 -3.60283e-11
24.255 3.4239e-11
24.26 -2.56232e-11
24.265 1.19764e-11
24.27 3.96456e-12
24.275 -1.89738e-11
24.28 2.99903e-11
24.285 -3.46422e-11
24.29 3.18573e-11
24.295 -2.2156e-11
24.3 7.59896e-12
24.305 8.56662e-12
24.31 -2.25911e-11
24.315 3.11547e-11
24.32 -3.21947e-11
24.325 2.55518e-11
24.33 -1.30628e-11
24.335 -1.90388e-12
24.34 1.53962e-11
24.345 -2.40578e-11
24.35 2.60598e-11
24.355 -2.15363e-11
24.36 1.23717e-11
24.365 -1.47021e-12
24.37 -8.22121e-12
24.375 1.45078e-11
24.38 -1.64298e-11
24.385 1.42713e-11
24.39 -9.29002e-12
24.395 3.15537e-12
24.4 2.54762e-12
24.405 -6.66877e-12
24.41 8.64732e-12
24.415 -8.4336e-12
24.42 6.36575e-12
24.425 -3.03541e-12
24.43 -7.62033e-13
24.435 4.07724e-12
24.44 -6.00118e-12
24.445 5.88052e-12
24.45 -3.60369e-12
24.455 -1.57022e-13
24.46 4.0931e-12
24.465 -6.65724e-12
24.47 6.73581e-12
24.475 -4.10908e-12
24.48 -3.86843e-13
24.485 5.15746e-12
24.49 -8.50097e-12
24.495 9.21894e-12
24.5 -7.03676e-12
24.505 2.6322e-12
24.51 2.67847e-12
24.515 -7.33337e-12
24.52 1.00278e-11
24.525 -1.00627e-11
24.53 7.4653e-12
24.535 -2.96865e-12
24.54 -2.16971e-12
24.545 6.53939e-12
24.55 -9.01624e-12
24.555 9.11202e-12
24.56 -7.09789e-12
24.565 3.79121e-12
24.57 -1.96291e-13
24.575 -2.84458e-12
24.58 4.94698e-12
24.585 -6.10982e-12
24.59 6.45354e-12
24.595 -6.01837e-12
24.6 4.66175e-12
24.605 -2.26518e-12
24.61 -1.00573e-12
24.615 4.47631e-12
24.62 -7.13798e-12
24.625 8.05684e-12
24.63 -6.7862e-12
24.635 3.68135e-12
24.64 1.59449e-13
24.645 -3.38706e-12
24.65 5.02081e-12
24.655 -4.8468e-12
24.66 3.47932e-12
24.665 -2.01755e-12
24.67 1.38629e-12
24.675 -1.83049e-12
24.68 2.77576e-12
24.685 -3.02944e-12
24.69 1.46691e-12
24.695 2.18923e-12
24.7 -7.04519e-12
24.705 1.12479e-11
24.71 -1.26782e-11
24.715 9.99138e-12
24.72 -3.34944e-12
24.725 -5.4734e-12
24.73 1.36812e-11
24.735 -1.85512e-11
24.74 1.8437e-11
24.745 -1.33093e-11
24.75 4.60569e-12
24.755 5.36264e-12
24.76 -1.41663e-11
24.765 1.99147e-11
24.77 -2.15062e-11
24.775 1.86179e-11
24.78 -1.16523e-11
24.785 1.64775e-12
24.79 9.70568e-12
24.795 -2.01076e-11
24.8 2.69558e-11
24.805 -2.79965e-11
24.81 2.21147e-11
24.815 -1.00012e-11
24.82 -5.69821e-12
24.825 2.09745e-11
24.83 -3.16176e-11
24.835 3.45704e-11
24.84 -2.892e-11
24.845 1.61403e-11
24.85 3.89222e-13
24.855 -1.6547e-11
24.86 2.86259e-11
24.865 -3.41588e-11
24.87 3.2291e-11
24.875 -2.37157e-11
24.88 1.03513e-11
24.885 5.09958e-12
24.89 -1.96176e-11
24.895 3.03528e-11
24.9 -3.50357e-11
24.905 3.2439e-11
24.91 -2.2727e-11
24.915 7.66541e-12
24.92 9.56503e-12
24.925 -2.50305e-11
24.93 3.49733e-11
24.935 -3.68463e-11
24.94 3.01807e-11
24.945 -1.67072e-11
24.95 -1.49069e-13
24.955 1.62395e-11
24.96 -2.79138e-11
24.965 3.29154e-11
24.97 -3.07434e-11
24.975 2.25193e-11
24.98 -1.04133e-11
24.985 -3.00947e-12
24.99 1.52656e-11
24.995 -2.42809e-11
25 2.85041e-11
25.005 -2.70514e-11
25.01 1.99833e-11
25.015 -8.55099e-12
25.02 -4.83178e-12
25.025 1.7014e-11
25.03 -2.49543e-11
25.035 2.6637e-11
25.04 -2.17766e-11
25.045 1.19594e-11
25.05 -9.62024e-14
25.055 -1.0525e-11
25.06 1.72753e-11
25.065 -1.88946e-11
25.07 1.57088e-11
25.075 -9.33349e-12
25.08 2.02695e-12
25.085 4.13138e-12
25.09 -7.80858e-12
25.095 8.62923e-12
25.1 -7.17171e-12
25.105 4.50002e-12
25.11 -1.68218e-12
25.115 -4.41823e-13
25.12 1.46124e-12
25.125 -1.38841e-12
25.13 5.38765e-13
25.135 6.09228e-13
25.14 -1.50561e-12
25.145 1.64968e-12
25.15 -8.08576e-13
25.155 -9.15672e-13
25.16 3.10192e-12
25.165 -5.08187e-12
25.17 6.19973e-12
25.175 -5.97219e-12
25.18 4.19605e-12
25.185 -1.0521e-12
25.19 -2.90006e-12
25.195 6.84362e-12
25.2 -9.80789e-12
25.205 1.08808e-11
25.21 -9.49155e-12
25.215 5.64277e-12
25.22 -6.96772e-15
25.225 -6.15463e-12
25.23 1.1195e-11
25.235 -1.36471e-11
25.24 1.27489e-11
25.245 -8.71666e-12
25.25 2.73822e-12
25.255 3.47766e-12
25.26 -8.32249e-12
25.265 1.07742e-11
25.27 -1.06464e-11
25.275 8.48103e-12
25.28 -5.2185e-12
25.285 1.77512e-12
25.29 1.21625e-12
25.295 -3.49665e-12
25.3 5.0962e-12
25.305 -6.11743e-12
25.31 6.62324e-12
25.315 -6.54415e-12
25.32 5.71238e-12
25.325 -4.0308e-12
25.33 1.58059e-12
25.335 1.3681e-12
25.34 -4.36922e-12
25.345 6.94284e-12
25.35 -8.67323e-12
25.355 9.25007e-12
25.36 -8.5085e-12
25.365 6.37376e-12
25.37 -2.86526e-12
25.375 -1.79216e-12
25.38 7.04735e-12
25.385 -1.1969e-11
25.39 1.53256e-11
25.395 -1.59319e-11
25.4 1.3017e-11
25.405 -6.58059e-12
25.41 -2.39609e-12
25.415 1.20615e-11
25.42 -2.00593e-11
25.425 2.41762e-11
25.43 -2.29174e-11
25.435 1.59649e-11
25.44 -4.43563e-12
25.445 -9.23264e-12
25.45 2.17545e-11
25.455 -2.97814e-11
25.46 3.08174e-11
25.465 -2.40689e-11
25.47 1.08842e-11
25.475 5.47027e-12
25.48 -2.06833e-11
25.485 3.07338e-11
25.49 -3.3079e-11
25.495 2.73717e-11
25.5 -1.54632e-11
25.505 5.72017e-13
25.51 1.37203e-11
25.515 -2.44037e-11
25.52 2.96218e-11
25.525 -2.87656e-11
25.53 2.22114e-11
25.535 -1.11641e-11
25.54 -2.40658e-12
25.545 1.59721e-11
25.55 -2.66665e-11
25.555 3.18377e-11
25.56 -2.98218e-11
25.565 2.06077e-11
25.57 -6.07584e-12
25.575 -1.02547e-11
25.58 2.41817e-11
25.585 -3.21176e-11
25.59 3.20852e-11
25.595 -2.42939e-11
25.6 1.10506e-11
25.605 4.0747e-12
25.61 -1.73833e-11
25.615 2.60199e-11
25.62 -2.85437e-11
25.625 2.50414e-11
25.63 -1.67945e-11
25.635 5.6839e-12
25.64 6.19643e-12
25.645 -1.67637e-11
25.65 2.41385e-11
25.655 -2.68075e-11
25.66 2.39021e-11
25.665 -1.56118e-11
25.67 3.44376e-12
25.675 9.89994e-12
25.68 -2.11142e-11
25.685 2.72504e-11
25.69 -2.66788e-11
25.695 1.96319e-11
25.7 -8.14171e-12
25.705 -4.60928e-12
25.71 1.53565e-11
25.715 -2.1715e-11
25.72 2.2696e-11
25.725 -1.87552e-11
25.73 1.13743e-11
25.735 -2.44069e-12
25.74 -6.17924e-12
25.745 1.2946e-11
25.75 -1.68238e-11
25.755 1.72678e-11
25.76 -1.42605e-11
25.765 8.36845e-12
25.77 -7.82899e-13
25.775 -6.77653e-12
25.78 1.24758e-11
25.785 -1.48488e-11
25.79 1.32785e-11
25.795 -8.32365e-12
25.8 1.62815e-12
25.805 4.61721e-12
25.81 -8.48052e-12
25.815 8.99179e-12
25.82 -6.46312e-12
25.825 2.30934e-12
25.83 1.57205e-12
25.835 -3.61061e-12
25.84 3.20348e-12
25.845 -8.63391e-13
25.85 -2.10504e-12
25.855 4.20708e-12
25.86 -4.415e-12
25.865 2.55616e-12
25.87 6.56769e-13
25.875 -4.02816e-12
25.88 6.42843e-12
25.885 -7.16014e-12
25.89 6.12489e-12
25.895 -3.74322e-12
25.9 6.64496e-13
25.905 2.51194e-12
25.91 -5.32437e-12
25.915 7.42936e-12
25.92 -8.48266e-12
25.925 8.08272e-12
25.93 -5.958e-12
25.935 2.19872e-12
25.94 2.56904e-12
25.945 -7.21402e-12
25.95 1.04221e-11
25.955 -1.1164e-11
25.96 9.1417e-12
25.965 -4.93538e-12
25.97 -2.02213e-13
25.975 4.86687e-12
25.98 -7.93261e-12
25.985 8.83918e-12
25.99 -7.7365e-12
25.995 5.28498e-12
26 -2.34325e-12
26.005 -2.90546e-13
26.01 2.0849e-12
26.015 -2.90453e-12
26.02 2.93296e-12
26.025 -2.57927e-12
26.03 2.36363e-12
26.035 -2.65925e-12
26.04 3.48636e-12
26.045 -4.50118e-12
26.05 5.07082e-12
26.055 -4.4379e-12
26.06 2.09468e-12
26.065 1.8918e-12
26.07 -6.78632e-12
26.075 1.13157e-11
26.08 -1.40287e-11
26.085 1.37482e-11
26.09 -9.98388e-12
26.095 3.14268e-12
26.1 5.49996e-12
26.105 -1.40059e-11
26.11 2.02589e-11
26.115 -2.25188e-11
26.12 1.98301e-11
26.125 -1.2369e-11
26.13 1.47343e-12
26.135 1.06964e-11
26.14 -2.15489e-11
26.145 2.85305e-11
26.15 -2.97048e-11
26.155 2.42363e-11
26.16 -1.27273e-11
26.165 -2.66649e-12
26.17 1.85517e-11
26.175 -3.10437e-11
26.18 3.67999e-11
26.185 -3.40212e-11
26.19 2.30665e-11
26.195 -6.44737e-12
26.2 -1.18285e-11
26.205 2.73544e-11
26.21 -3.65251e-11
26.215 3.73606e-11
26.22 -2.9886e-11
26.225 1.60504e-11
26.23 8.73529e-13
26.235 -1.71363e-11
26.24 2.93166e-11
26.245 -3.49997e-11
26.25 3.32171e-11
26.255 -2.45902e-11
26.26 1.11202e-11
26.265 4.28518e-12
26.27 -1.84139e-11
26.275 2.83841e-11
26.28 -3.22506e-11
26.285 2.93951e-11
26.29 -2.05838e-11
26.295 7.75137e-12
26.3 6.40838e-12
26.305 -1.89842e-11
26.31 2.7417e-11
26.315 -2.99666e-11
26.32 2.61166e-11
26.325 -1.67222e-11
26.33 3.84497e-12
26.335 9.67443e-12
26.34 -2.07979e-11
26.345 2.70155e-11
26.35 -2.69509e-11
26.355 2.07128e-11
26.36 -9.95307e-12
26.365 -2.56218e-12
26.37 1.37216e-11
26.375 -2.09289e-11
26.38 2.27724e-11
26.385 -1.93742e-11
26.39 1.21294e-11
26.395 -3.11723e-12
26.4 -5.55378e-12
26.405 1.22615e-11
26.41 -1.60631e-11
26.415 1.66399e-11
26.42 -1.4087e-11
26.425 8.84486e-12
26.43 -1.76069e-12
26.435 -5.8695e-12
26.44 1.23872e-11
26.445 -1.60761e-11
26.45 1.56952e-11
26.455 -1.10655e-11
26.46 3.37505e-12
26.465 5.08982e-12
26.47 -1.17035e-11
26.475 1.44385e-11
26.48 -1.26688e-11
26.485 7.36675e-12
26.49 -6.17198e-13
26.495 -5.26427e-12
26.5 8.62628e-12
26.505 -8.94753e-12
26.51 6.8061e-12
26.515 -3.40287e-12
26.52 -5.06353e-14
26.525 2.72129e-12
26.53 -4.28098e-12
26.535 4.75359e-12
26.54 -4.25198e-12
26.545 2.87012e-12
26.55 -7.90111e-13
26.555 -1.62072e-12
26.56 3.77272e-12
26.565 -4.89447e-12
26.57 4.37364e-12
26.575 -2.13369e-12
26.58 -1.22576e-12
26.585 4.52777e-12
26.59 -6.39445e-12
26.595 5.88819e-12
26.6 -2.95199e-12
26.605 -1.49983e-12
26.61 5.80073e-12
26.615 -8.20521e-12
26.62 7.6716e-12
26.625 -4.27999e-12
26.63 -7.63032e-13
26.635 5.58271e-12
26.64 -8.445e-12
26.645 8.4067e-12
26.65 -5.64203e-12
26.655 1.31042e-12
26.66 3.00332e-12
26.665 -5.95024e-12
26.67 6.83127e-12
26.675 -5.72333e-12
26.68 3.30974e-12
26.685 -5.06939e-13
26.69 -1.91255e-12
26.695 3.48927e-12
26.7 -4.07021e-12
26.705 3.72906e-12
26.71 -2.65542e-12
26.715 1.09992e-12
26.72 6.53574e-13
26.725 -2.2458e-12
26.73 3.26768e-12
26.735 -3.31016e-12
26.74 2.15171e-12
26.745 2.95635e-14
26.75 -2.62303e-12
26.755 4.65595e-12
26.76 -5.11137e-12
26.765 3.40075e-12
26.77 2.9164e-13
26.775 -4.8896e-12
26.78 8.70936e-12
26.785 -1.00836e-11
26.79 8.01953e-12
26.795 -2.69798e-12
26.8 -4.47104e-12
26.805 1.13146e-11
26.81 -1.55871e-11
26.815 1.57325e-11
26.82 -1.13904e-11
26.825 3.50439e-12
26.83 5.97768e-12
26.835 -1.46837e-11
26.84 2.03853e-11
26.845 -2.15207e-11
26.85 1.75565e-11
26.855 -9.10045e-12
26.86 -2.19126e-12
26.865 1.3886e-11
26.87 -2.32658e-11
26.875 2.79042e-11
26.88 -2.62589e-11
26.885 1.82001e-11
26.89 -5.22138e-12
26.895 -9.82043e-12
26.9 2.33493e-11
26.905 -3.19609e-11
26.91 3.33456e-11
26.915 -2.6968e-11
26.92 1.42003e-11
26.925 2.04299e-12
26.93 -1.80096e-11
26.935 3.00765e-11
26.94 -3.5573e-11
26.945 3.33239e-11
26.95 -2.38772e-11
26.955 9.29064e-12
26.96 7.32626e-12
26.965 -2.2417e-11
26.97 3.27272e-11
26.975 -3.60189e-11
26.98 3.15751e-11
26.985 -2.04062e-11
26.99 5.03374e-12
26.995 1.11198e-11
27 -2.4531e-11
27.005 3.24391e-11
27.01 -3.34363e-11
27.015 2.76663e-11
27.02 -1.66173e-11
27.025 2.69901e-12
27.03 1.12949e-11
27.035 -2.27501e-11
27.04 2.96001e-11
27.045 -3.06548e-11
27.05 2.575e-11
27.055 -1.57915e-11
27.06 2.68521e-12
27.065 1.09589e-11
27.07 -2.23071e-11
27.075 2.89234e-11
27.08 -2.93501e-11
27.085 2.35214e-11
27.09 -1.27985e-11
27.095 -3.49342e-13
27.1 1.29318e-11
27.105 -2.21574e-11
27.11 2.61173e-11
27.115 -2.42607e-11
27.12 1.74085e-11
27.125 -7.44505e-12
27.13 -3.21872e-12
27.135 1.22901e-11
27.14 -1.80759e-11
27.145 1.97391e-11
27.15 -1.73593e-11
27.155 1.17739e-11
27.16 -4.34139e-12
27.165 -3.31176e-12
27.17 9.63042e-12
27.175 -1.33998e-11
27.18 1.40123e-11
27.185 -1.16149e-11
27.19 7.01335e-12
27.195 -1.48445e-12
27.2 -3.58658e-12
27.205 7.09506e-12
27.21 -8.47124e-12
27.215 7.7605e-12
27.22 -5.47755e-12
27.225 2.38426e-12
27.23 6.91666e-13
27.235 -3.00234e-12
27.24 4.02434e-12
27.245 -3.56361e-12
27.25 1.85088e-12
27.255 4.49771e-13
27.26 -2.40622e-12
27.265 3.12294e-12
27.27 -2.13028e-12
27.275 -3.78447e-13
27.28 3.53537e-12
27.285 -6.04187e-12
27.29 6.69974e-12
27.295 -4.91935e-12
27.3 1.00437e-12
27.305 3.87573e-12
27.31 -8.09685e-12
27.315 1.0169e-11
27.32 -9.29189e-12
27.325 5.64612e-12
27.33 -3.63141e-13
27.335 -4.89894e-12
27.34 8.62097e-12
27.345 -9.89209e-12
27.35 8.64158e-12
27.355 -5.54129e-12
27.36 1.60195e-12
27.365 2.22388e-12
27.37 -5.24513e-12
27.375 7.07566e-12
27.38 -7.52395e-12
27.385 6.49601e-12
27.39 -4.04783e-12
27.395 5.27009e-13
27.4 3.28672e-12
27.405 -6.29414e-12
27.41 7.41433e-12
27.415 -6.05571e-12
27.42 2.52769e-12
27.425 1.91298e-12
27.43 -5.49667e-12
27.435 6.66061e-12
27.44 -4.77195e-12
27.445 5.18634e-13
27.45 4.32965e-12
27.455 -7.64645e-12
27.46 7.87127e-12
27.465 -4.69924e-12
27.47 -7.85507e-13
27.475 6.57842e-12
27.48 -1.05588e-11
27.485 1.12923e-11
27.49 -8.51807e-12
27.495 3.11021e-12
27.5 3.30764e-12
27.505 -8.98296e-12
27.51 1.25686e-11
27.515 -1.3367e-11
27.52 1.12994e-11
27.525 -6.7238e-12
27.53 3.62464e-13
27.535 6.73738e-12
27.54 -1.3203e-11
27.545 1.74596e-11
27.55 -1.81193e-11
27.555 1.44054e-11
27.56 -6.55351e-12
27.565 -3.92934e-12
27.57 1.4541e-11
27.575 -2.24167e-11
27.58 2.51212e-11
27.585 -2.14805e-11
27.59 1.20274e-11
27.595 1.05049e-12
27.6 -1.44572e-11
27.605 2.46828e-11
27.61 -2.89733e-11
27.615 2.61188e-11
27.62 -1.67884e-11
27.625 3.3163e-12
27.63 1.09584e-11
27.635 -2.25897e-11
27.64 2.88953e-11
27.645 -2.85108e-11
27.65 2.16634e-11
27.655 -1.0035e-11
27.66 -3.74008e-12
27.665 1.66357e-11
27.67 -2.58798e-11
27.675 2.9493e-11
27.68 -2.66878e-11
27.685 1.80271e-11
27.69 -5.31887e-12
27.695 -8.70008e-12
27.7 2.09313e-11
27.705 -2.86177e-11
27.71 2.99797e-11
27.715 -2.46547e-11
27.72 1.3814e-11
27.725 7.27945e-14
27.73 -1.38126e-11
27.735 2.4299e-11
27.74 -2.92352e-11
27.745 2.76985e-11
27.75 -2.03015e-11
27.755 8.9099e-12
27.76 3.87091e-12
27.765 -1.53867e-11
27.77 2.34913e-11
27.775 -2.68231e-11
27.78 2.4947e-11
27.785 -1.83246e-11
27.79 8.15831e-12
27.795 3.7409e-12
27.8 -1.51228e-11
27.805 2.36498e-11
27.81 -2.73941e-11
27.815 2.53563e-11
27.82 -1.78319e-11
27.825 6.44369e-12
27.83 6.23844e-12
27.835 -1.73704e-11
27.84 2.4547e-11
27.845 -2.63583e-11
27.85 2.26491e-11
27.855 -1.44365e-11
27.86 3.58583e-12
27.865 7.60904e-12
27.87 -1.69256e-11
27.875 2.25909e-11
27.88 -2.35639e-11
27.885 1.97191e-11
27.89 -1.19085e-11
27.895 1.84553e-12
27.9 8.27475e-12
27.905 -1.624e-11
27.91 2.03467e-11
27.915 -1.98683e-11
27.92 1.52153e-11
27.925 -7.73254e-12
27.93 -6.59367e-13
27.935 8.03902e-12
27.94 -1.29666e-11
27.945 1.47346e-11
27.95 -1.34567e-11
27.955 9.86467e-12
27.96 -4.99689e-12
27.965 -9.61675e-14
27.97 4.50958e-12
27.975 -7.58919e-12
27.98 8.9801e-12
27.985 -8.64058e-12
27.99 6.81724e-12
27.995 -3.99335e-12
28 8.71818e-13
28.005 1.80869e-12
28.01 -3.47143e-12
28.015 3.90964e-12
28.02 -3.37879e-12
28.025 2.424e-12
28.03 -1.70257e-12
28.035 1.66303e-12
28.04 -2.2873e-12
28.045 3.14111e-12
28.05 -3.48998e-12
28.055 2.6837e-12
28.06 -4.90924e-13
28.065 -2.78148e-12
28.07 6.29606e-12
28.075 -8.96019e-12
28.08 9.78317e-12
28.085 -8.21889e-12
28.09 4.36085e-12
28.095 1.05071e-12
28.1 -6.74219e-12
28.105 1.12598e-11
28.11 -1.33776e-11
28.115 1.24033e-11
28.12 -8.41438e-12
28.125 2.24854e-12
28.13 4.64081e-12
28.135 -1.05171e-11
28.14 1.38625e-11
28.145 -1.37825e-11
28.15 1.02991e-11
28.155 -4.37377e-12
28.16 -2.40746e-12
28.165 8.23639e-12
28.17 -1.15792e-11
28.175 1.16497e-11
28.18 -8.62358e-12
28.185 3.57596e-12
28.19 1.8738e-12
28.195 -6.09941e-12
28.2 7.98296e-12
28.205 -7.19446e-12
28.21 4.25842e-12
28.215 -2.93712e-13
28.22 -3.4003e-12
28.225 5.69963e-12
28.23 -5.94641e-12
28.235 4.04244e-12
28.24 -4.671e-13
28.245 -3.82396e-12
28.25 7.60998e-12
28.255 -9.6185e-12
28.26 8.84468e-12
28.265 -4.95333e-12
28.27 -1.45563e-12
28.275 8.82269e-12
28.28 -1.49323e-11
28.285 1.75818e-11
28.29 -1.53514e-11
28.295 8.26937e-12
28.3 2.05678e-12
28.305 -1.28845e-11
28.31 2.1109e-11
28.315 -2.42605e-11
28.32 2.1291e-11
28.325 -1.28421e-11
28.33 1.04184e-12
28.335 1.11718e-11
28.34 -2.0936e-11
28.345 2.6112e-11
28.35 -2.57181e-11
28.355 1.99687e-11
28.36 -1.00372e-11
28.365 -2.18579e-12
28.37 1.44178e-11
28.375 -2.43054e-11
28.38 2.96973e-11
28.385 -2.90938e-11
28.39 2.2052e-11
28.395 -9.53068e-12
28.4 -5.99348e-12
28.405 2.09912e-11
28.41 -3.16746e-11
28.415 3.51005e-11
28.42 -3.01579e-11
28.425 1.79702e-11
28.43 -1.65124e-12
28.435 -1.46525e-11
28.44 2.69882e-11
28.445 -3.26742e-11
28.45 3.09077e-11
28.455 -2.27047e-11
28.46 1.04016e-11
28.465 3.11027e-12
28.47 -1.51707e-11
28.475 2.37409e-11
28.48 -2.75563e-11
28.485 2.61746e-11
28.49 -1.99154e-11
28.495 9.88936e-12
28.5 2.09746e-12
28.505 -1.37598e-11
28.51 2.27144e-11
28.515 -2.70082e-11
28.52 2.55827e-11
28.525 -1.86795e-11
28.53 7.85411e-12
28.535 4.43688e-12
28.54 -1.54487e-11
28.545 2.28076e-11
28.55 -2.51089e-11
28.555 2.21384e-11
28.56 -1.47822e-11
28.565 4.75985e-12
28.57 5.82892e-12
28.575 -1.48902e-11
28.58 2.07152e-11
28.585 -2.22689e-11
28.59 1.93233e-11
28.595 -1.25192e-11
28.6 3.25802e-12
28.605 6.56495e-12
28.61 -1.48994e-11
28.615 1.99686e-11
28.62 -2.0718e-11
28.625 1.7021e-11
28.63 -9.71559e-12
28.635 4.57862e-13
28.64 8.67886e-12
28.645 -1.56829e-11
28.65 1.90448e-11
28.655 -1.8078e-11
28.66 1.31137e-11
28.665 -5.41977e-12
28.67 -3.14174e-12
28.675 1.0559e-11
28.68 -1.51284e-11
28.685 1.59536e-11
28.69 -1.31504e-11
28.695 7.70467e-12
28.7 -1.15725e-12
28.705 -4.92167e-12
28.71 9.30125e-12
28.715 -1.1318e-11
28.72 1.09247e-11
28.725 -8.49007e-12
28.73 4.68396e-12
28.735 -3.28244e-13
28.74 -3.7672e-12
28.745 6.82849e-12
28.75 -8.28939e-12
28.755 7.92506e-12
28.76 -5.86143e-12
28.765 2.66302e-12
28.77 7.89728e-13
28.775 -3.55581e-12
28.78 4.94525e-12
28.785 -4.75557e-12
28.79 3.33102e-12
28.795 -1.4414e-12
28.8 -7.70493e-14
28.805 6.93642e-13
28.81 -3.4274e-13
28.815 -5.77017e-13
28.82 1.35062e-12
28.825 -1.35346e-12
28.83 3.45621e-13
28.835 1.46813e-12
28.84 -3.5016e-12
28.845 5.04197e-12
28.85 -5.50188e-12
28.855 4.62439e-12
28.86 -2.47488e-12
28.865 -6.2227e-13
28.87 4.12335e-12
28.875 -7.31271e-12
28.88 9.35972e-12
28.885 -9.50066e-12
28.89 7.28346e-12
28.895 -2.79326e-12
28.9 -3.17502e-12
28.905 9.14992e-12
28.91 -1.3379e-11
28.915 1.44026e-11
28.92 -1.15908e-11
28.925 5.43726e-12
28.93 2.51318e-12
28.935 -1.00874e-11
28.94 1.51685e-11
28.945 -1.63273e-11
28.95 1.32173e-11
28.955 -6.68615e-12
28.96 -1.49184e-12
28.965 9.1424e-12
28.97 -1.42938e-11
28.975 1.56621e-11
28.98 -1.2989e-11
28.985 7.06509e-12
28.99 5.16675e-13
28.995 -7.77022e-12
29 1.2832e-11
29.005 -1.44004e-11
29.01 1.20685e-11
29.015 -6.45991e-12
29.02 -9.15344e-13
29.025 8.03785e-12
29.03 -1.29044e-11
29.035 1.40935e-11
29.04 -1.11465e-11
29.045 4.80506e-12
29.05 3.14911e-12
29.055 -1.04323e-11
29.06 1.48929e-11
29.065 -1.51412e-11
29.07 1.09643e-11
29.075 -3.42624e-12
29.08 -5.44526e-12
29.085 1.32464e-11
29.09 -1.7823e-11
29.095 1.78318e-11
29.1 -1.31283e-11
29.105 4.74052e-12
29.11 5.35846e-12
29.115 -1.46773e-11
29.12 2.08598e-11
29.125 -2.22262e-11
29.13 1.82003e-11
29.135 -9.49724e-12
29.14 -1.99321e-12
29.145 1.3595e-11
29.15 -2.24965e-11
29.155 2.6424e-11
29.16 -2.42371e-11
29.165 1.6282e-11
29.17 -4.34305e-12
29.175 -8.83368e-12
29.18 2.02005e-11
29.185 -2.71435e-11
29.19 2.81548e-11
29.195 -2.30977e-11
29.2 1.31484e-11
29.205 -4.87431e-13
29.21 -1.224e-11
29.215 2.25176e-11
29.22 -2.83703e-11
29.225 2.86045e-11
29.23 -2.30784e-11
29.235 1.27546e-11
29.24 4.46089e-13
29.245 -1.39214e-11
29.25 2.48534e-11
29.255 -3.0782e-11
29.26 3.02273e-11
29.265 -2.31355e-11
29.27 1.09744e-11
29.275 3.52554e-12
29.28 -1.70503e-11
29.285 2.65773e-11
29.29 -3.01365e-11
29.295 2.73142e-11
29.3 -1.91933e-11
29.305 7.8748e-12
29.31 4.17057e-12
29.315 -1.47146e-11
29.32 2.21542e-11
29.325 -2.55846e-11
29.33 2.4683e-11
29.335 -1.96212e-11
29.34 1.10675e-11
29.345 -2.16367e-13
29.35 -1.11936e-11
29.355 2.09655e-11
29.36 -2.68763e-11
29.365 2.73107e-11
29.37 -2.18494e-11
29.375 1.15276e-11
29.38 1.35871e-12
29.385 -1.37858e-11
29.39 2.28628e-11
29.395 -2.66074e-11
29.4 2.44495e-11
29.405 -1.72663e-11
29.41 7.0281e-12
29.415 3.80168e-12
29.42 -1.29668e-11
29.425 1.888e-11
29.43 -2.08279e-11
29.435 1.88828e-11
29.44 -1.36887e-11
29.445 6.31375e-12
29.45 1.89888e-12
29.455 -9.51131e-12
29.46 1.51099e-11
29.465 -1.75836e-11
29.47 1.63956e-11
29.475 -1.17682e-11
29.48 4.79565e-12
29.485 2.78897e-12
29.49 -9.09895e-12
29.495 1.27087e-11
29.5 -1.3041e-11
29.505 1.04622e-11
29.51 -6.08498e-12
29.515 1.31643e-12
29.52 2.64146e-12
29.525 -5.11607e-12
29.53 6.02734e-12
29.535 -5.72759e-12
29.54 4.71541e-12
29.545 -3.41892e-12
29.55 2.10742e-12
29.555 -8.94214e-13
29.56 -1.79302e-13
29.565 1.08454e-12
29.57 -1.77529e-12
29.575 2.22683e-12
29.58 -2.49791e-12
29.585 2.67936e-12
29.59 -2.81654e-12
29.595 2.86879e-12
29.6 -2.69369e-12
29.605 2.03775e-12
29.61 -6.85633e-13
29.615 -1.33309e-12
29.62 3.70617e-12
29.625 -5.8731e-12
29.63 7.1302e-12
29.635 -6.90501e-12
29.64 4.94599e-12
29.645 -1.43564e-12
29.65 -2.94676e-12
29.655 7.16111e-12
29.66 -1.009e-11
29.665 1.08258e-11
29.67 -8.9188e-12
29.675 4.56915e-12
29.68 1.33643e-12
29.685 -7.36898e-12
29.69 1.19104e-11
29.695 -1.35972e-11
29.7 1.17479e-11
29.705 -6.64649e-12
29.71 -4.84431e-13
29.715 7.73158e-12
29.72 -1.30471e-11
29.725 1.48717e-11
29.73 -1.26239e-11
29.735 6.8988e-12
29.74 7.14069e-13
29.745 -8.08929e-12
29.75 1.32253e-11
29.755 -1.47881e-11
29.76 1.24413e-11
29.765 -6.84983e-12
29.77 -5.65629e-13
29.775 7.944e-12
29.78 -1.34249e-11
29.785 1.55711e-11
29.79 -1.36666e-11
29.795 7.97304e-12
29.8 2.29627e-13
29.805 -8.87371e-12
29.81 1.55621e-11
29.815 -1.82405e-11
29.82 1.58618e-11
29.825 -8.84874e-12
29.83 -9.73307e-13
29.835 1.0882e-11
29.84 -1.80379e-11
29.845 2.03621e-11
29.85 -1.71699e-11
29.855 9.35859e-12
29.86 9.32398e-13
29.865 -1.0987e-11
29.87 1.82667e-11
29.875 -2.10187e-11
29.88 1.86537e-11
29.885 -1.17793e-11
29.89 2.00069e-12
29.895 8.39774e-12
29.9 -1.70014e-11
29.905 2.17598e-11
29.91 -2.1443e-11
29.915 1.59779e-11
29.92 -6.48247e-12
29.925 -4.8743e-12
29.93 1.53438e-11
29.935 -2.22716e-11
29.94 2.38301e-11
29.945 -1.95701e-11
29.95 1.05433e-11
29.955 9.73319e-13
29.96 -1.21127e-11
29.965 2.02096e-11
29.97 -2.34811e-11
29.975 2.13858e-11
29.98 -1.46206e-11
29.985 4.8411e-12
29.99 5.78014e-12
29.995 -1.50041e-11
30 2.09513e-11
30.005 -2.24628e-11
30.01 1.92586e-11
30.015 -1.19875e-11
30.02 2.13948e-12
30.025 8.23668e-12
30.03 -1.6935e-11
30.035 2.20621e-11
30.04 -2.24792e-11
30.045 1.81137e-11
30.05 -9.91286e-12
30.055 -3.62447e-13
30.06 1.05232e-11
30.065 -1.84699e-11
30.07 2.25589e-11
30.075 -2.19839e-11
30.08 1.6931e-11
30.085 -8.46598e-12
30.09 -1.71787e-12
30.095 1.15919e-11
30.1 -1.91656e-11
30.105 2.29153e-11
30.11 -2.20689e-11
30.115 1.67552e-11
30.12 -8.00019e-12
30.125 -2.46057e-12
30.13 1.25359e-11
30.135 -2.0166e-11
30.14 2.37229e-11
30.145 -2.24181e-11
30.15 1.65114e-11
30.155 -7.20414e-12
30.16 -3.54585e-12
30.165 1.34651e-11
30.17 -2.05427e-11
30.175 2.343e-11
30.18 -2.16866e-11
30.185 1.57719e-11
30.19 -6.90593e-12
30.195 -3.19866e-12
30.2 1.26826e-11
30.205 -1.98053e-11
30.21 2.32087e-11
30.215 -2.21461e-11
30.22 1.66603e-11
30.225 -7.66006e-12
30.23 -3.12784e-12
30.235 1.34614e-11
30.24 -2.10635e-11
30.245 2.41592e-11
30.25 -2.1975e-11
30.255 1.49862e-11
30.26 -4.88809e-12
30.265 -5.87968e-12
30.27 1.48065e-11
30.275 -1.99461e-11
30.28 2.04473e-11
30.285 -1.66811e-11
30.29 9.99377e-12
30.295 -2.18536e-12
30.3 -5.03771e-12
30.305 1.04512e-11
30.31 -1.34721e-11
30.315 1.40477e-11
30.32 -1.24545e-11
30.325 9.13861e-12
30.33 -4.61976e-12
30.335 -4.96694e-13
30.34 5.45169e-12
30.345 -9.38004e-12
30.35 1.15025e-11
30.355 -1.13607e-11
30.36 9.01909e-12
30.365 -5.1326e-12
30.37 7.14749e-13
30.375 3.17154e-12
30.38 -5.75282e-12
30.385 6.77876e-12
30.39 -6.53602e-12
30.395 5.64778e-12
30.4 -4.69992e-12
30.405 3.96558e-12
30.41 -3.25078e-12
30.415 2.09335e-12
30.42 -8.66642e-14
30.425 -2.84245e-12
30.43 6.24752e-12
30.435 -9.23878e-12
30.44 1.07834e-11
30.445 -1.01287e-11
30.45 7.09564e-12
30.455 -2.16682e-12
30.46 -3.64981e-12
30.465 9.08081e-12
30.47 -1.29705e-11
30.475 1.45278e-11
30.48 -1.33395e-11
30.485 9.47434e-12
30.49 -3.50131e-12
30.495 -3.63505e-12
30.5 1.06664e-11
30.505 -1.61218e-11
30.51 1.86263e-11
30.515 -1.72207e-11
30.52 1.17386e-11
30.525 -3.07404e-12
30.53 -6.93119e-12
30.535 1.58825e-11
30.54 -2.14276e-11
30.545 2.19023e-11
30.55 -1.69305e-11
30.555 7.64454e-12
30.56 3.606e-12
30.565 -1.38972e-11
30.57 2.05575e-11
30.575 -2.19314e-11
30.58 1.77999e-11
30.585 -9.38503e-12
30.59 -9.95697e-13
30.595 1.06547e-11
30.6 -1.72315e-11
30.605 1.92279e-11
30.61 -1.63487e-11
30.615 9.48757e-12
30.62 -4.85991e-13
30.625 -8.34951e-12
30.63 1.47617e-11
30.635 -1.71036e-11
30.64 1.48051e-11
30.645 -8.5047e-12
30.65 -8.81983e-14
30.655 8.63178e-12
30.66 -1.47582e-11
30.665 1.67534e-11
30.67 -1.4042e-11
30.675 7.34471e-12
30.68 1.53179e-12
30.685 -1.01975e-11
30.69 1.62881e-11
30.695 -1.81332e-11
30.7 1.51751e-11
30.705 -8.06555e-12
30.71 -1.44065e-12
30.715 1.09589e-11
30.72 -1.80693e-11
30.725 2.08796e-11
30.73 -1.85363e-11
30.735 1.14464e-11
30.74 -1.2238e-12
30.745 -9.68865e-12
30.75 1.85961e-11
30.755 -2.32153e-11
30.76 2.23282e-11
30.765 -1.60933e-11
30.77 5.99082e-12
30.775 5.53787e-12
30.78 -1.57317e-11
30.785 2.2257e-11
30.79 -2.37713e-11
30.795 2.01374e-11
30.8 -1.23436e-11
30.805 2.19333e-12
30.81 8.17984e-12
30.815 -1.67764e-11
30.82 2.19867e-11
30.825 -2.28645e-11
30.83 1.92512e-11
30.835 -1.17661e-11
30.84 1.82299e-12
30.845 8.61349e-12
30.85 -1.74002e-11
30.855 2.26463e-11
30.86 -2.32031e-11
30.865 1.89547e-11
30.87 -1.08603e-11
30.875 7.44841e-13
30.88 9.22789e-12
30.885 -1.70909e-11
30.89 2.14525e-11
30.895 -2.16917e-11
30.9 1.79549e-11
30.905 -1.10229e-11
30.91 2.13304e-12
30.915 7.22656e-12
30.92 -1.54734e-11
30.925 2.10348e-11
30.93 -2.26611e-11
30.935 1.97681e-11
30.94 -1.26751e-11
30.945 2.72736e-12
30.95 7.98047e-12
30.955 -1.70634e-11
30.96 2.24751e-11
30.965 -2.30625e-11
30.97 1.87976e-11
30.975 -1.07768e-11
30.98 8.31534e-13
30.985 8.9344e-12
30.99 -1.66249e-11
30.995 2.08761e-11
31 -2.10241e-11
31.005 1.71416e-11
31.01 -9.97996e-12
31.015 9.1544e-13
31.02 8.31685e-12
31.025 -1.59015e-11
31.03 2.02665e-11
31.035 -2.04461e-11
31.04 1.63409e-11
31.045 -8.81608e-12
31.05 -4.77924e-13
31.055 9.47682e-12
31.06 -1.62154e-11
31.065 1.9291e-11
31.07 -1.81905e-11
31.075 1.33814e-11
31.08 -6.05715e-12
31.085 -2.15248e-12
31.09 9.52194e-12
31.095 -1.46223e-11
31.1 1.6564e-11
31.105 -1.51285e-11
31.11 1.07233e-11
31.115 -4.31649e-12
31.12 -2.72464e-12
31.125 8.92611e-12
31.13 -1.29858e-11
31.135 1.40891e-11
31.14 -1.21149e-11
31.145 7.69296e-12
31.15 -1.97917e-12
31.155 -3.64047e-12
31.16 7.88855e-12
31.165 -9.96795e-12
31.17 9.71103e-12
31.175 -7.55937e-12
31.18 4.29782e-12
31.185 -8.26867e-13
31.19 -2.08373e-12
31.195 4.01365e-12
31.2 -4.87882e-12
31.205 4.8768e-12
31.21 -4.34016e-12
31.215 3.56165e-12
31.22 -2.69411e-12
31.225 1.71982e-12
31.23 -5.61757e-13
31.235 -7.89731e-13
31.24 2.25895e-12
31.245 -3.65218e-12
31.25 4.67099e-12
31.255 -5.05836e-12
31.26 4.69479e-12
31.265 -3.60269e-12
31.27 1.94061e-12
31.275 1.06779e-13
31.28 -2.37981e-12
31.285 4.66608e-12
31.29 -6.70183e-12
31.295 8.11416e-12
31.3 -8.37774e-12
31.305 6.98709e-12
31.31 -3.6634e-12
31.315 -1.36118e-12
31.32 7.20201e-12
31.325 -1.24542e-11
31.33 1.55084e-11
31.335 -1.5081e-11
31.34 1.07219e-11
31.345 -3.08763e-12
31.35 -6.13263e-12
31.355 1.46167e-11
31.36 -2.00713e-11
31.365 2.09231e-11
31.37 -1.67372e-11
31.375 8.36397e-12
31.38 2.2733e-12
31.385 -1.2669e-11
31.39 2.03626e-11
31.395 -2.35642e-11
31.4 2.15044e-11
31.405 -1.45671e-11
31.41 4.22718e-12
31.415 7.28551e-12
31.42 -1.74461e-11
31.425 2.39362e-11
31.43 -2.51345e-11
31.435 2.05374e-11
31.44 -1.0981e-11
31.445 -1.44578e-12
31.45 1.3807e-11
31.455 -2.30158e-11
31.46 2.66369e-11
31.465 -2.36428e-11
31.47 1.47542e-11
31.475 -2.27796e-12
31.48 -1.05004e-11
31.485 2.02602e-11
31.49 -2.45737e-11
31.495 2.25514e-11
31.5 -1.50264e-11
31.505 4.22979e-12
31.51 6.93304e-12
31.515 -1.56635e-11
31.52 2.00041e-11
31.525 -1.92707e-11
31.53 1.40145e-11
31.535 -5.78201e-12
31.54 -3.33186e-12
31.545 1.11781e-11
31.55 -1.6017e-11
31.555 1.68762e-11
31.56 -1.3669e-11
31.565 7.19762e-12
31.57 9.9001e-13
31.575 -8.9054e-12
31.58 1.45634e-11
31.585 -1.64831e-11
31.59 1.41041e-11
31.595 -7.97422e-12
31.6 -3.16019e-13
31.605 8.56252e-12
31.61 -1.45645e-11
31.615 1.67278e-11
31.62 -1.45405e-11
31.625 8.64882e-12
31.63 -6.50923e-13
31.635 -7.37629e-12
31.64 1.34588e-11
31.645 -1.62215e-11
31.65 1.51758e-11
31.655 -1.07301e-11
31.66 4.01839e-12
31.665 3.43185e-12
31.67 -1.0035e-11
31.675 1.44601e-11
31.68 -1.58652e-11
31.685 1.40359e-11
31.69 -9.41224e-12
31.695 2.92625e-12
31.7 4.18072e-12
31.705 -1.05267e-11
31.71 1.48734e-11
31.715 -1.64026e-11
31.72 1.48134e-11
31.725 -1.03577e-11
31.73 3.83445e-12
31.735 3.5568e-12
31.74 -1.04618e-11
31.745 1.55978e-11
31.75 -1.79818e-11
31.755 1.70782e-11
31.76 -1.28883e-11
31.765 6.01045e-12
31.77 2.42614e-12
31.775 -1.08556e-11
31.78 1.75695e-11
31.785 -2.10797e-11
31.79 2.04343e-11
31.795 -1.55244e-11
31.8 7.20226e-12
31.805 2.87926e-12
31.81 -1.26208e-11
31.815 1.9941e-11
31.82 -2.32795e-11
31.825 2.19305e-11
31.83 -1.61823e-11
31.835 7.20574e-12
31.84 3.20704e-12
31.845 -1.30372e-11
31.85 2.04028e-11
31.855 -2.38666e-11
31.86 2.26858e-11
31.865 -1.69925e-11
31.87 7.86706e-12
31.875 2.95602e-12
31.88 -1.32999e-11
31.885 2.09705e-11
31.89 -2.43305e-11
31.895 2.26558e-11
31.9 -1.6357e-11
31.905 6.85181e-12
31.91 3.75088e-12
31.915 -1.31973e-11
31.92 1.96203e-11
31.925 -2.19161e-11
31.93 1.99202e-11
31.935 -1.43194e-11
31.94 6.39805e-12
31.945 2.31679e-12
31.95 -1.02881e-11
31.955 1.61729e-11
31.96 -1.89858e-11
31.965 1.82253e-11
31.97 -1.40116e-11
31.975 7.14278e-12
31.98 1.00402e-12
31.985 -8.71444e-12
31.99 1.43067e-11
31.995 -1.66175e-11
32 1.53358e-11
32.005 -1.10654e-11
32.01 5.0986e-12
32.015 1.0573e-12
32.02 -6.12095e-12
32.025 9.33535e-12
32.03 -1.05172e-11
32.035 9.91126e-12
32.04 -8.01581e-12
32.045 5.35626e-12
32.05 -2.33119e-12
32.055 -7.52185e-13
32.06 3.54917e-12
32.065 -5.70906e-12
32.07 6.96165e-12
32.075 -7.1548e-12
32.08 6.34021e-12
32.085 -4.80187e-12
32.09 2.9174e-12
32.095 -9.60672e-13
32.1 -9.63043e-13
32.105 2.87417e-12
32.11 -4.82558e-12
32.115 6.71345e-12
32.12 -8.17908e-12
32.125 8.65539e-12
32.13 -7.54588e-12
32.135 4.56864e-12
32.14 3.83e-14
32.145 -5.46886e-12
32.15 1.04661e-11
32.155 -1.37186e-11
32.16 1.4271e-11
32.165 -1.17349e-11
32.17 6.46439e-12
32.175 5.20018e-13
32.18 -7.83221e-12
32.185 1.39523e-11
32.19 -1.7532e-11
32.195 1.76819e-11
32.2 -1.41423e-11
32.205 7.35055e-12
32.21 1.51384e-12
32.215 -1.06685e-11
32.22 1.80915e-11
32.225 -2.1951e-11
32.23 2.1073e-11
32.235 -1.52669e-11
32.24 5.56582e-12
32.245 5.92531e-12
32.25 -1.65407e-11
32.255 2.3663e-11
32.26 -2.53695e-11
32.265 2.09912e-11
32.27 -1.14221e-11
32.275 -1.10154e-12
32.28 1.35373e-11
32.285 -2.2772e-11
32.29 2.64682e-11
32.295 -2.37001e-11
32.3 1.51668e-11
32.305 -3.02699e-12
32.31 -9.66793e-12
32.315 1.97805e-11
32.32 -2.49063e-11
32.325 2.39094e-11
32.33 -1.71726e-11
32.335 6.49503e-12
32.34 5.44393e-12
32.345 -1.57409e-11
32.35 2.19984e-11
32.355 -2.28812e-11
32.36 1.83205e-11
32.365 -9.5244e-12
32.37 -1.34829e-12
32.375 1.1719e-11
32.38 -1.91358e-11
32.385 2.1861e-11
32.39 -1.92689e-11
32.395 1.19973e-11
32.4 -1.82245e-12
32.405 -8.7014e-12
32.41 1.69243e-11
32.415 -2.07867e-11
32.42 1.93551e-11
32.425 -1.31157e-11
32.43 3.79696e-12
32.435 6.13864e-12
32.44 -1.41683e-11
32.445 1.83761e-11
32.45 -1.79422e-11
32.455 1.32722e-11
32.46 -5.79224e-12
32.465 -2.55553e-12
32.47 9.81383e-12
32.475 -1.44647e-11
32.48 1.57383e-11
32.485 -1.36235e-11
32.49 8.76489e-12
32.495 -2.27419e-12
32.5 -4.50195e-12
32.505 1.02121e-11
32.51 -1.37261e-11
32.515 1.43151e-11
32.52 -1.18134e-11
32.525 6.73535e-12
32.53 -1.77214e-13
32.535 -6.36029e-12
32.54 1.13558e-11
32.545 -1.37073e-11
32.55 1.29435e-11
32.555 -9.36038e-12
32.56 3.92259e-12
32.565 2.0242e-12
32.57 -7.14577e-12
32.575 1.04508e-11
32.58 -1.1489e-11
32.585 1.03539e-11
32.59 -7.50664e-12
32.595 3.60613e-12
32.6 6.96103e-13
32.605 -4.84641e-12
32.61 8.32768e-12
32.615 -1.06472e-11
32.62 1.13289e-11
32.625 -9.98228e-12
32.63 6.53689e-12
32.635 -1.3779e-12
32.64 -4.63816e-12
32.645 1.02704e-11
32.65 -1.41077e-11
32.655 1.50209e-11
32.66 -1.25453e-11
32.665 7.03914e-12
32.67 3.53683e-13
32.675 -7.98011e-12
32.68 1.40591e-11
32.685 -1.71333e-11
32.69 1.64518e-11
32.695 -1.21271e-11
32.7 5.1042e-12
32.705 3.10044e-12
32.71 -1.07387e-11
32.715 1.61723e-11
32.72 -1.82561e-11
32.725 1.65019e-11
32.73 -1.12302e-11
32.735 3.48964e-12
32.74 5.12291e-12
32.745 -1.27617e-11
32.75 1.77742e-11
32.755 -1.90251e-11
32.76 1.61726e-11
32.765 -9.81874e-12
32.77 1.40385e-12
32.775 7.22467e-12
32.78 -1.4207e-11
32.785 1.80827e-11
32.79 -1.8131e-11
32.795 1.44874e-11
32.8 -8.03678e-12
32.805 1.54624e-13
32.81 7.56342e-12
32.815 -1.36265e-11
32.82 1.69136e-11
32.825 -1.68506e-11
32.83 1.34969e-11
32.835 -7.53355e-12
32.84 1.65633e-13
32.845 7.12672e-12
32.85 -1.28792e-11
32.855 1.59362e-11
32.86 -1.57131e-11
32.865 1.23338e-11
32.87 -6.62511e-12
32.875 -1.32092e-13
32.88 6.52926e-12
32.885 -1.12879e-11
32.89 1.35837e-11
32.895 -1.31631e-11
32.9 1.03236e-11
32.905 -5.81974e-12
32.91 6.04685e-13
32.915 4.33198e-12
32.92 -8.14056e-12
32.925 1.02473e-11
32.93 -1.04178e-11
32.935 8.75764e-12
32.94 -5.70998e-12
32.945 1.97959e-12
32.95 1.69208e-12
32.955 -4.64867e-12
32.96 6.44886e-12
32.965 -6.9657e-12
32.97 6.36269e-12
32.975 -5.0503e-12
32.98 3.47841e-12
32.985 -1.99565e-12
32.99 7.24083e-13
32.995 5.00979e-13
33 -1.93449e-12
33.005 3.73095e-12
33.01 -5.75888e-12
33.015 7.57858e-12
33.02 -8.54875e-12
33.025 8.02925e-12
33.03 -5.63319e-12
33.035 1.45981e-12
33.04 3.80193e-12
33.045 -9.05799e-12
33.05 1.31087e-11
33.055 -1.49021e-11
33.06 1.38274e-11
33.065 -9.83177e-12
33.07 3.42678e-12
33.075 4.35507e-12
33.08 -1.21006e-11
33.085 1.82087e-11
33.09 -2.11843e-11
33.095 1.99652e-11
33.1 -1.42834e-11
33.105 4.85316e-12
33.11 6.61476e-12
33.115 -1.76436e-11
33.12 2.55387e-11
33.125 -2.81314e-11
33.13 2.43882e-11
33.135 -1.48042e-11
33.14 1.43527e-12
33.145 1.26756e-11
33.15 -2.42419e-11
33.155 3.05526e-11
33.16 -3.01475e-11
33.165 2.31294e-11
33.17 -1.1079e-11
33.175 -3.36513e-12
33.18 1.7106e-11
33.185 -2.72253e-11
33.19 3.15549e-11
33.195 -2.91136e-11
33.2 2.03345e-11
33.205 -7.01927e-12
33.21 -7.96165e-12
33.215 2.11924e-11
33.22 -2.95787e-11
33.225 3.10934e-11
33.23 -2.53587e-11
33.235 1.3835e-11
33.24 5.60996e-13
33.245 -1.42344e-11
33.25 2.39278e-11
33.255 -2.75062e-11
33.26 2.44875e-11
33.265 -1.60724e-11
33.27 4.65842e-12
33.275 6.85004e-12
33.28 -1.58257e-11
33.285 2.05123e-11
33.29 -2.02707e-11
33.295 1.56057e-11
33.3 -7.93131e-12
33.305 -8.36859e-13
33.31 8.71655e-12
33.315 -1.40407e-11
33.32 1.5781e-11
33.325 -1.37758e-11
33.33 8.71787e-12
33.335 -1.97569e-12
33.34 -4.73989e-12
33.345 9.81199e-12
33.35 -1.20962e-11
33.355 1.12059e-11
33.36 -7.58888e-12
33.365 2.34163e-12
33.37 3.10107e-12
33.375 -7.36657e-12
33.38 9.48244e-12
33.385 -9.09509e-12
33.39 6.46353e-12
33.395 -2.37965e-12
33.4 -2.06592e-12
33.405 5.78996e-12
33.41 -7.95199e-12
33.415 8.14557e-12
33.42 -6.43326e-12
33.425 3.33248e-12
33.43 3.75741e-13
33.435 -3.85097e-12
33.44 6.36347e-12
33.445 -7.48871e-12
33.45 7.13452e-12
33.455 -5.46385e-12
33.46 2.85432e-12
33.465 2.15753e-13
33.47 -3.29914e-12
33.475 5.9491e-12
33.48 -7.72338e-12
33.485 8.24925e-12
33.49 -7.30353e-12
33.495 4.89827e-12
33.5 -1.32736e-12
33.505 -2.83612e-12
33.51 6.80118e-12
33.515 -9.71306e-12
33.52 1.08811e-11
33.525 -9.95513e-12
33.53 6.99465e-12
33.535 -2.48576e-12
33.54 -2.75531e-12
33.545 7.80865e-12
33.55 -1.17073e-11
33.555 1.36099e-11
33.56 -1.30231e-11
33.565 9.84142e-12
33.57 -4.41027e-12
33.575 -2.4347e-12
33.58 9.42648e-12
33.585 -1.50778e-11
33.59 1.79743e-11
33.595 -1.71485e-11
33.6 1.24194e-11
33.605 -4.54128e-12
33.61 -4.85277e-12
33.615 1.36029e-11
33.62 -1.95733e-11
33.625 2.12242e-11
33.63 -1.80723e-11
33.635 1.08365e-11
33.64 -1.23958e-12
33.645 -8.46956e-12
33.65 1.6108e-11
33.655 -2.00701e-11
33.66 1.96918e-11
33.665 -1.53097e-11
33.67 8.06047e-12
33.675 4.39294e-13
33.68 -8.47446e-12
33.685 1.45456e-11
33.69 -1.76136e-11
33.695 1.72613e-11
33.7 -1.3686e-11
33.705 7.64271e-12
33.71 -2.90164e-13
33.715 -6.97031e-12
33.72 1.27483e-11
33.725 -1.59498e-11
33.73 1.59651e-11
33.735 -1.28176e-11
33.74 7.19674e-12
33.745 -3.22482e-13
33.75 -6.33866e-12
33.755 1.13998e-11
33.76 -1.3915e-11
33.765 1.35421e-11
33.77 -1.05631e-11
33.775 5.78526e-12
33.78 -2.83444e-13
33.785 -4.83635e-12
33.79 8.66189e-12
33.795 -1.06233e-11
33.8 1.05143e-11
33.805 -8.51381e-12
33.81 5.12329e-12
33.815 -1.05056e-12
33.82 -2.89036e-12
33.825 5.97253e-12
33.83 -7.68221e-12
33.835 7.77863e-12
33.84 -6.38406e-12
33.845 3.96018e-12
33.85 -1.14378e-12
33.855 -1.39744e-12
33.86 3.1393e-12
33.865 -3.87663e-12
33.87 3.7126e-12
33.875 -3.00659e-12
33.88 2.23357e-12
33.885 -1.73927e-12
33.89 1.60786e-12
33.895 -1.66246e-12
33.9 1.57826e-12
33.905 -9.88027e-13
33.91 -3.17047e-13
33.915 2.25601e-12
33.92 -4.46937e-12
33.925 6.35395e-12
33.93 -7.26783e-12
33.935 6.70201e-12
33.94 -4.45643e-12
33.945 7.49606e-13
33.95 3.81473e-12
33.955 -8.3173e-12
33.96 1.16799e-11
33.965 -1.29322e-11
33.97 1.14374e-11
33.975 -7.08742e-12
33.98 4.9127e-13
33.985 7.08853e-12
33.99 -1.39675e-11
33.995 1.83678e-11
34 -1.89009e-11
34.005 1.49978e-11
34.01 -7.15385e-12
34.015 -3.082e-12
34.02 1.33628e-11
34.025 -2.11628e-11
34.03 2.44543e-11
34.035 -2.22014e-11
34.04 1.46629e-11
34.045 -3.41927e-12
34.05 -9.02499e-12
34.055 1.98598e-11
34.06 -2.65447e-11
34.065 2.74356e-11
34.07 -2.21799e-11
34.075 1.17967e-11
34.08 1.52398e-12
34.085 -1.48668e-11
34.09 2.52056e-11
34.095 -3.00967e-11
34.1 2.82855e-11
34.105 -2.00269e-11
34.11 7.07752e-12
34.115 7.66432e-12
34.12 -2.08077e-11
34.125 2.92847e-11
34.13 -3.10948e-11
34.135 2.58176e-11
34.14 -1.47071e-11
34.145 3.95206e-13
34.15 1.37624e-11
34.155 -2.45426e-11
34.16 2.95625e-11
34.165 -2.78551e-11
34.17 2.00604e-11
34.175 -8.15146e-12
34.18 -5.07946e-12
34.185 1.66828e-11
34.19 -2.4205e-11
34.195 2.6213e-11
34.2 -2.25448e-11
34.205 1.42591e-11
34.21 -3.33232e-12
34.215 -7.80051e-12
34.22 1.67824e-11
34.225 -2.17915e-11
34.23 2.18873e-11
34.235 -1.72577e-11
34.24 9.12858e-12
34.245 5.05378e-13
34.25 -9.34556e-12
34.255 1.54351e-11
34.26 -1.76257e-11
34.265 1.5803e-11
34.27 -1.08379e-11
34.275 4.24237e-12
34.28 2.32062e-12
34.285 -7.50045e-12
34.29 1.05006e-11
34.295 -1.11787e-11
34.3 9.89424e-12
34.305 -7.20807e-12
34.31 3.70607e-12
34.315 6.20708e-14
34.32 -3.59559e-12
34.325 6.4088e-12
34.33 -8.05729e-12
34.335 8.23411e-12
34.34 -6.83075e-12
34.345 4.09732e-12
34.35 -6.56391e-13
34.355 -2.69593e-12
34.36 5.23705e-12
34.365 -6.48911e-12
34.37 6.31811e-12
34.375 -4.95742e-12
34.38 2.91182e-12
34.385 -7.04805e-13
34.39 -1.32057e-12
34.395 3.0097e-12
34.4 -4.28375e-12
34.405 5.01183e-12
34.41 -4.99644e-12
34.415 4.0491e-12
34.42 -2.11642e-12
34.425 -5.78845e-13
34.43 3.49339e-12
34.435 -5.8588e-12
34.44 6.90076e-12
34.445 -6.16739e-12
34.45 3.68951e-12
34.455 -3.25405e-14
34.46 -3.82727e-12
34.465 6.84951e-12
34.47 -8.18506e-12
34.475 7.39615e-12
34.48 -4.6289e-12
34.485 5.56618e-13
34.49 3.85917e-12
34.495 -7.55461e-12
34.5 9.5922e-12
34.505 -9.39324e-12
34.51 6.84086e-12
34.515 -2.36584e-12
34.52 -3.0737e-12
34.525 8.18529e-12
34.53 -1.16626e-11
34.535 1.24802e-11
34.54 -1.02162e-11
34.545 5.24859e-12
34.55 1.3128e-12
34.555 -7.90509e-12
34.56 1.28967e-11
34.565 -1.49917e-11
34.57 1.36091e-11
34.575 -8.99118e-12
34.58 2.17091e-12
34.585 5.29521e-12
34.59 -1.17099e-11
34.595 1.55927e-11
34.6 -1.60618e-11
34.605 1.29946e-11
34.61 -7.0412e-12
34.615 -4.74199e-13
34.62 7.88265e-12
34.625 -1.35563e-11
34.63 1.62536e-11
34.635 -1.54382e-11
34.64 1.13851e-11
34.645 -5.09623e-12
34.65 -1.97804e-12
34.655 8.35419e-12
34.66 -1.2796e-11
34.665 1.45477e-11
34.67 -1.34983e-11
34.675 1.00638e-11
34.68 -5.02009e-12
34.685 -6.96739e-13
34.69 6.12733e-12
34.695 -1.04143e-11
34.7 1.29092e-11
34.705 -1.31511e-11
34.71 1.10112e-11
34.715 -6.78004e-12
34.72 1.14817e-12
34.725 4.799e-12
34.73 -9.82718e-12
34.735 1.28542e-11
34.74 -1.31858e-11
34.745 1.07739e-11
34.75 -6.24549e-12
34.755 6.87621e-13
34.76 4.6396e-12
34.765 -8.6083e-12
34.77 1.05075e-11
34.775 -1.01798e-11
34.78 7.96822e-12
34.785 -4.5731e-12
34.79 8.38311e-13
34.795 2.48197e-12
34.8 -4.85282e-12
34.805 6.02034e-12
34.81 -6.03303e-12
34.815 5.135e-12
34.82 -3.68599e-12
34.825 2.08114e-12
34.83 -6.37408e-13
34.835 -4.39256e-13
34.84 1.08857e-12
34.845 -1.43731e-12
34.85 1.7357e-12
34.855 -2.22234e-12
34.86 3.05083e-12
34.865 -4.17283e-12
34.87 5.24029e-12
34.875 -5.70199e-12
34.88 4.9859e-12
34.885 -2.72987e-12
34.89 -1.02234e-12
34.895 5.71032e-12
34.9 -1.02765e-11
34.905 1.34071e-11
34.91 -1.39492e-11
34.915 1.12331e-11
34.92 -5.35831e-12
34.925 -2.68057e-12
34.93 1.11811e-11
34.935 -1.81083e-11
34.94 2.1619e-11
34.945 -2.0523e-11
34.95 1.46691e-11
34.955 -5.04251e-12
34.96 -6.44677e-12
34.965 1.73275e-11
34.97 -2.50957e-11
34.975 2.78069e-11
34.98 -2.45499e-11
34.985 1.57014e-11
34.99 -2.95433e-12
34.995 -1.10366e-11
35 2.32254e-11
35.005 -3.07873e-11
35.01 3.18319e-11
35.015 -2.58934e-11
35.02 1.40837e-11
35.025 1.11371e-12
35.03 -1.6367e-11
35.035 2.82114e-11
35.04 -3.39388e-11
35.045 3.22443e-11
35.05 -2.34934e-11
35.055 9.65447e-12
35.06 6.1632e-12
35.065 -2.0435e-11
35.07 3.00436e-11
35.075 -3.29847e-11
35.08 2.87835e-11
35.085 -1.85678e-11
35.09 4.73501e-12
35.095 9.64689e-12
35.1 -2.1494e-11
35.105 2.839e-11
35.11 -2.90752e-11
35.115 2.36537e-11
35.12 -1.35282e-11
35.125 1.02042e-12
35.13 1.11478e-11
35.135 -2.04112e-11
35.14 2.49418e-11
35.145 -2.39997e-11
35.15 1.80635e-11
35.155 -8.67838e-12
35.16 -1.94048e-12
35.165 1.14279e-11
35.17 -1.7797e-11
35.175 1.98961e-11
35.18 -1.76615e-11
35.185 1.1994e-11
35.19 -4.44323e-12
35.195 -3.20494e-12
35.2 9.36508e-12
35.205 -1.29919e-11
35.21 1.37068e-11
35.215 -1.17468e-11
35.22 7.83549e-12
35.225 -2.93156e-12
35.23 -1.96752e-12
35.235 5.98685e-12
35.24 -8.5145e-12
35.245 9.25414e-12
35.25 -8.26536e-12
35.255 5.92109e-12
35.26 -2.77509e-12
35.265 -5.36891e-13
35.27 3.40456e-12
35.275 -5.39593e-12
35.28 6.29413e-12
35.285 -6.1188e-12
35.29 5.04829e-12
35.295 -3.30873e-12
35.3 1.1616e-12
35.305 1.12359e-12
35.31 -3.28521e-12
35.315 5.0351e-12
35.32 -6.06354e-12
35.325 6.06032e-12
35.33 -4.84501e-12
35.335 2.48544e-12
35.34 6.68389e-13
35.345 -3.96462e-12
35.35 6.59121e-12
35.355 -7.84e-12
35.36 7.28993e-12
35.365 -4.91797e-12
35.37 1.22364e-12
35.375 2.93593e-12
35.38 -6.53459e-12
35.385 8.63552e-12
35.39 -8.71118e-12
35.395 6.70269e-12
35.4 -3.05691e-12
35.405 -1.37296e-12
35.41 5.57651e-12
35.415 -8.59131e-12
35.42 9.71512e-12
35.425 -8.66653e-12
35.43 5.63735e-12
35.435 -1.22423e-12
35.44 -3.69246e-12
35.445 8.05945e-12
35.45 -1.08614e-11
35.455 1.13297e-11
35.46 -9.12627e-12
35.465 4.52518e-12
35.47 1.53976e-12
35.475 -7.64895e-12
35.48 1.22075e-11
35.485 -1.38971e-11
35.49 1.21053e-11
35.495 -7.14983e-12
35.5 2.47391e-13
35.505 6.81666e-12
35.51 -1.21951e-11
35.515 1.45014e-11
35.52 -1.32062e-11
35.525 8.75796e-12
35.53 -2.39498e-12
35.535 -4.24263e-12
35.54 9.61387e-12
35.545 -1.26264e-11
35.55 1.27686e-11
35.555 -1.01905e-11
35.56 5.58475e-12
35.565 2.44187e-14
35.57 -5.47926e-12
35.575 9.69441e-12
35.58 -1.18137e-11
35.585 1.13893e-11
35.59 -8.51108e-12
35.595 3.80465e-12
35.6 1.66544e-12
35.605 -6.62044e-12
35.61 9.92841e-12
35.615 -1.08719e-11
35.62 9.36435e-12
35.625 -5.93498e-12
35.63 1.5158e-12
35.635 2.82641e-12
35.64 -6.21669e-12
35.645 8.11724e-12
35.65 -8.36386e-12
35.655 7.10211e-12
35.66 -4.68309e-12
35.665 1.57472e-12
35.67 1.73855e-12
35.675 -4.74679e-12
35.68 6.91482e-12
35.685 -7.79629e-12
35.69 7.12998e-12
35.695 -4.94352e-12
35.7 1.6156e-12
35.705 2.13917e-12
35.71 -5.4408e-12
35.715 7.47566e-12
35.72 -7.72066e-12
35.725 6.14749e-12
35.73 -3.19191e-12
35.735 -3.79727e-13
35.74 3.69324e-12
35.745 -5.98898e-12
35.75 6.75379e-12
35.755 -5.85018e-12
35.76 3.54751e-12
35.765 -4.63109e-13
35.77 -2.58756e-12
35.775 4.81624e-12
35.78 -5.62129e-12
35.785 4.77078e-12
35.79 -2.51563e-12
35.795 -4.7173e-13
35.8 3.27882e-12
35.805 -4.98761e-12
35.81 4.99429e-12
35.815 -3.22366e-12
35.82 1.80128e-13
35.825 3.16877e-12
35.83 -5.71897e-12
35.835 6.55964e-12
35.84 -5.28803e-12
35.845 2.13543e-12
35.85 2.08158e-12
35.855 -6.177e-12
35.86 8.95843e-12
35.865 -9.5519e-12
35.87 7.59703e-12
35.875 -3.35695e-12
35.88 -2.29906e-12
35.885 8.08082e-12
35.89 -1.25208e-11
35.895 1.43309e-11
35.9 -1.27354e-11
35.905 7.71187e-12
35.91 -1.37719e-13
35.915 -8.34714e-12
35.92 1.56945e-11
35.925 -1.98943e-11
35.93 1.95184e-11
35.935 -1.4243e-11
35.94 4.98644e-12
35.945 6.23597e-12
35.95 -1.67356e-11
35.955 2.38299e-11
35.96 -2.55729e-11
35.965 2.12993e-11
35.97 -1.17815e-11
35.975 -8.81257e-13
35.98 1.377e-11
35.985 -2.3865e-11
35.99 2.87762e-11
35.995 -2.72982e-11
36 1.96799e-11
36.005 -7.56306e-12
36.01 -6.42093e-12
36.015 1.91886e-11
36.02 -2.79271e-11
36.025 3.07054e-11
36.03 -2.68546e-11
36.035 1.7149e-11
36.04 -3.66572e-12
36.045 -1.06718e-11
36.05 2.27375e-11
36.055 -2.99024e-11
36.06 3.0614e-11
36.065 -2.47726e-11
36.07 1.37265e-11
36.075 7.67482e-14
36.08 -1.35993e-11
36.085 2.39544e-11
36.09 -2.90328e-11
36.095 2.79376e-11
36.1 -2.11307e-11
36.105 1.02608e-11
36.11 2.24629e-12
36.115 -1.37707e-11
36.12 2.20368e-11
36.125 -2.55583e-11
36.13 2.39013e-11
36.135 -1.77125e-11
36.14 8.45449e-12
36.145 1.92049e-12
36.15 -1.13669e-11
36.155 1.81985e-11
36.16 -2.12983e-11
36.165 2.0291e-11
36.17 -1.55983e-11
36.175 8.2916e-12
36.18 1.38205e-13
36.185 -8.08152e-12
36.19 1.4105e-11
36.195 -1.7224e-11
36.2 1.70665e-11
36.205 -1.38961e-11
36.21 8.52004e-12
36.215 -2.08213e-12
36.22 -4.21788e-12
36.225 9.3596e-12
36.23 -1.26623e-11
36.235 1.38113e-11
36.24 -1.28033e-11
36.245 9.92282e-12
36.25 -5.63999e-12
36.255 5.72895e-13
36.26 4.5761e-12
36.265 -9.08932e-12
36.27 1.22626e-11
36.275 -1.35125e-11
36.28 1.2509e-11
36.285 -9.27485e-12
36.29 4.23256e-12
36.295 1.81943e-12
36.3 -7.79998e-12
36.305 1.2481e-11
36.31 -1.48451e-11
36.315 1.43484e-11
36.32 -1.09945e-11
36.325 5.38346e-12
36.33 1.37938e-12
36.335 -7.90475e-12
36.34 1.28473e-11
36.345 -1.51591e-11
36.35 1.43494e-11
36.355 -1.05882e-11
36.36 4.6565e-12
36.365 2.16566e-12
36.37 -8.4245e-12
36.375 1.2801e-11
36.38 -1.43608e-11
36.385 1.27902e-11
36.39 -8.46416e-12
36.395 2.38222e-12
36.4 4.03366e-12
36.405 -9.30922e-12
36.41 1.22408e-11
36.415 -1.22012e-11
36.42 9.29032e-12
36.425 -4.32192e-12
36.43 -1.37917e-12
36.435 6.37451e-12
36.44 -9.45981e-12
36.445 9.97385e-12
36.45 -7.94527e-12
36.455 4.06846e-12
36.46 5.58595e-13
36.465 -4.73079e-12
36.47 7.39884e-12
36.475 -7.98215e-12
36.48 6.45867e-12
36.485 -3.30449e-12
36.49 -6.63853e-13
36.495 4.4479e-12
36.5 -7.08867e-12
36.505 7.86986e-12
36.51 -6.51014e-12
36.515 3.31244e-12
36.52 9.6668e-13
36.525 -5.22483e-12
36.53 8.29592e-12
36.535 -9.28469e-12
36.54 7.82605e-12
36.545 -4.21866e-12
36.55 -6.50256e-13
36.555 5.51472e-12
36.56 -9.09758e-12
36.565 1.04516e-11
36.57 -9.25941e-12
36.575 5.84934e-12
36.58 -1.10661e-12
36.585 -3.77823e-12
36.59 7.66484e-12
36.595 -9.74584e-12
36.6 9.70933e-12
36.605 -7.72647e-12
36.61 4.33909e-12
36.615 -2.86955e-13
36.62 -3.63727e-12
36.625 6.75634e-12
36.63 -8.61934e-12
36.635 8.99764e-12
36.64 -7.84621e-12
36.645 5.32656e-12
36.65 -1.79856e-12
36.655 -2.19374e-12
36.66 5.96245e-12
36.665 -8.78497e-12
36.67 1.0011e-11
36.675 -9.27816e-12
36.68 6.6166e-12
36.685 -2.46648e-12
36.69 -2.31077e-12
36.695 6.67039e-12
36.7 -9.64294e-12
36.705 1.05479e-11
36.71 -9.1996e-12
36.715 5.93159e-12
36.72 -1.49949e-12
36.725 -3.11507e-12
36.73 6.94373e-12
36.735 -9.20965e-12
36.74 9.47789e-12
36.745 -7.73888e-12
36.75 4.40215e-12
36.755 -1.81677e-13
36.76 -4.00077e-12
36.765 7.15903e-12
36.77 -8.52856e-12
36.775 7.75401e-12
36.78 -4.99116e-12
36.785 9.5444e-13
36.79 3.22007e-12
36.795 -6.30074e-12
36.8 7.3509e-12
36.805 -6.0287e-12
36.81 2.74184e-12
36.815 1.46197e-12
36.82 -5.20107e-12
36.825 7.20328e-12
36.83 -6.74916e-12
36.835 3.90246e-12
36.84 4.97534e-13
36.845 -5.13903e-12
36.85 8.63034e-12
36.855 -9.85698e-12
36.86 8.285e-12
36.865 -4.17027e-12
36.87 -1.56693e-12
36.875 7.56974e-12
36.88 -1.2297e-11
36.885 1.44342e-11
36.89 -1.31578e-11
36.895 8.39943e-12
36.9 -9.68633e-13
36.905 -7.55701e-12
36.91 1.51556e-11
36.915 -1.97921e-11
36.92 2.00009e-11
36.925 -1.53248e-11
36.93 6.49734e-12
36.935 4.58049e-12
36.94 -1.52993e-11
36.945 2.29935e-11
36.95 -2.56363e-11
36.955 2.23925e-11
36.96 -1.38411e-11
36.965 1.83994e-12
36.97 1.092e-11
36.975 -2.15553e-11
36.98 2.76223e-11
36.985 -2.77044e-11
36.99 2.17197e-11
36.995 -1.08726e-11
37 -2.52912e-12
37.005 1.55643e-11
37.01 -2.53644e-11
37.015 2.97446e-11
37.02 -2.76628e-11
37.025 1.95266e-11
37.03 -7.14354e-12
37.035 -6.71791e-12
37.04 1.8951e-11
37.045 -2.68778e-11
37.05 2.88823e-11
37.055 -2.46995e-11
37.06 1.54432e-11
37.065 -3.32923e-12
37.07 -8.98269e-12
37.075 1.89636e-11
37.08 -2.4703e-11
37.085 2.52811e-11
37.09 -2.08492e-11
37.095 1.25233e-11
37.1 -2.09894e-12
37.105 -8.32297e-12
37.11 1.67313e-11
37.115 -2.1589e-11
37.12 2.20791e-11
37.125 -1.8229e-11
37.13 1.09439e-11
37.135 -1.82904e-12
37.14 -7.20763e-12
37.145 1.4382e-11
37.15 -1.83678e-11
37.155 1.85805e-11
37.16 -1.52649e-11
37.165 9.32732e-12
37.17 -2.08362e-12
37.175 -4.99696e-12
37.18 1.06614e-11
37.185 -1.40745e-11
37.19 1.4848e-11
37.195 -1.30803e-11
37.2 9.25527e-12
37.205 -4.12488e-12
37.21 -1.45754e-12
37.215 6.62268e-12
37.22 -1.05678e-11
37.225 1.26861e-11
37.23 -1.26635e-11
37.235 1.05016e-11
37.24 -6.55441e-12
37.245 1.51046e-12
37.25 3.75209e-12
37.255 -8.33752e-12
37.26 1.14832e-11
37.265 -1.26691e-11
37.27 1.17033e-11
37.275 -8.73002e-12
37.28 4.20456e-12
37.285 1.16949e-12
37.29 -6.52287e-12
37.295 1.09356e-11
37.3 -1.35821e-11
37.305 1.38337e-11
37.31 -1.14372e-11
37.315 6.67148e-12
37.32 -3.01921e-13
37.325 -6.49208e-12
37.33 1.23114e-11
37.335 -1.58564e-11
37.34 1.62066e-11
37.345 -1.31132e-11
37.35 7.08804e-12
37.355 6.59023e-13
37.36 -8.45943e-12
37.365 1.46012e-11
37.37 -1.76681e-11
37.375 1.69127e-11
37.38 -1.24405e-11
37.385 5.20016e-12
37.39 3.19929e-12
37.395 -1.08582e-11
37.4 1.60442e-11
37.405 -1.76339e-11
37.41 1.53335e-11
37.415 -9.71142e-12
37.42 2.09902e-12
37.425 5.74381e-12
37.43 -1.20807e-11
37.435 1.55815e-11
37.44 -1.55928e-11
37.445 1.22417e-11
37.45 -6.37925e-12
37.455 -6.21482e-13
37.46 7.18309e-12
37.465 -1.1911e-11
37.47 1.38443e-11
37.475 -1.26492e-11
37.48 8.73101e-12
37.485 -3.09196e-12
37.49 -2.91955e-12
37.495 7.91128e-12
37.5 -1.08086e-11
37.505 1.10795e-11
37.51 -8.80828e-12
37.515 4.70915e-12
37.52 9.93735e-14
37.525 -4.44114e-12
37.53 7.3616e-12
37.535 -8.29243e-12
37.54 7.20045e-12
37.545 -4.56955e-12
37.55 1.18885e-12
37.555 2.06052e-12
37.56 -4.43969e-12
37.565 5.50097e-12
37.57 -5.12773e-12
37.575 3.56849e-12
37.58 -1.32101e-12
37.585 -9.98705e-13
37.59 2.81822e-12
37.595 -3.75027e-12
37.6 3.62043e-12
37.605 -2.53839e-12
37.61 8.66094e-13
37.615 9.35994e-13
37.62 -2.41717e-12
37.625 3.19904e-12
37.63 -3.10036e-12
37.635 2.19483e-12
37.64 -7.1959e-13
37.645 -9.63648e-13
37.65 2.44722e-12
37.655 -3.37787e-12
37.66 3.53755e-12
37.665 -2.89134e-12
37.67 1.57043e-12
37.675 1.39371e-13
37.68 -1.90013e-12
37.685 3.37995e-12
37.69 -4.29807e-12
37.695 4.45885e-12
37.7 -3.76692e-12
37.705 2.24825e-12
37.71 -7.82874e-14
37.715 -2.42911e-12
37.72 4.81245e-12
37.725 -6.5382e-12
37.73 7.09676e-12
37.735 -6.09298e-12
37.74 3.44513e-12
37.745 4.73377e-13
37.75 -4.83829e-12
37.755 8.55993e-12
37.76 -1.05806e-11
37.765 1.01554e-11
37.77 -7.10934e-12
37.775 2.00377e-12
37.78 3.99338e-12
37.785 -9.38664e-12
37.79 1.27456e-11
37.795 -1.3111e-11
37.8 1.02678e-11
37.805 -4.81965e-12
37.81 -1.95903e-12
37.815 8.43118e-12
37.82 -1.30106e-11
37.825 1.45759e-11
37.83 -1.2722e-11
37.835 7.82493e-12
37.84 -9.75497e-13
37.845 -6.23949e-12
37.85 1.20893e-11
37.855 -1.51542e-11
37.86 1.46206e-11
37.865 -1.0514e-11
37.87 3.74767e-12
37.875 4.08807e-12
37.88 -1.10647e-11
37.885 1.53975e-11
37.89 -1.59392e-11
37.895 1.24618e-11
37.9 -5.72543e-12
37.905 -2.61987e-12
37.91 1.04349e-11
37.915 -1.56956e-11
37.92 1.69859e-11
37.925 -1.3898e-11
37.93 7.15113e-12
37.935 1.59035e-12
37.94 -1.00818e-11
37.945 1.61267e-11
37.95 -1.81297e-11
37.955 1.55128e-11
37.96 -8.88831e-12
37.965 -1.1811e-13
37.97 9.28302e-12
37.975 -1.63073e-11
37.98 1.94012e-11
37.985 -1.77667e-11
37.99 1.17776e-11
37.995 -2.83955e-12
38 -6.96473e-12
38.005 1.53458e-11
38.01 -2.03066e-11
38.015 2.06308e-11
38.02 -1.61338e-11
38.025 7.74254e-12
38.03 2.66927e-12
38.035 -1.27229e-11
38.04 2.0078e-11
38.045 -2.29464e-11
38.05 2.05591e-11
38.055 -1.34192e-11
38.06 3.14902e-12
38.065 7.8814e-12
38.07 -1.71105e-11
38.075 2.24531e-11
38.08 -2.2796e-11
38.085 1.81839e-11
38.09 -9.78154e-12
38.095 -4.42289e-13
38.1 1.02602e-11
38.105 -1.77053e-11
38.11 2.13905e-11
38.115 -2.07587e-11
38.12 1.61134e-11
38.125 -8.48019e-12
38.13 -6.18697e-13
38.135 9.45563e-12
38.14 -1.63575e-11
38.145 2.00284e-11
38.15 -1.97903e-11
38.155 1.57306e-11
38.16 -8.70501e-12
38.165 1.35879e-13
38.17 8.24957e-12
38.175 -1.47833e-11
38.18 1.82619e-11
38.185 -1.81901e-11
38.19 1.48209e-11
38.195 -8.96841e-12
38.2 1.8277e-12
38.205 5.28951e-12
38.21 -1.12149e-11
38.215 1.5068e-11
38.22 -1.63552e-11
38.225 1.4933e-11
38.23 -1.10722e-11
38.235 5.40766e-12
38.24 1.1632e-12
38.245 -7.54003e-12
38.25 1.26456e-11
38.255 -1.55814e-11
38.26 1.58277e-11
38.265 -1.33657e-11
38.27 8.63975e-12
38.275 -2.49672e-12
38.28 -4.01698e-12
38.285 9.84581e-12
38.29 -1.4095e-11
38.295 1.61344e-11
38.3 -1.56279e-11
38.305 1.25622e-11
38.31 -7.25888e-12
38.315 4.1544e-13
38.32 6.9134e-12
38.325 -1.34617e-11
38.33 1.7934e-11
38.335 -1.92951e-11
38.34 1.70038e-11
38.345 -1.12632e-11
38.35 3.04217e-12
38.355 6.11893e-12
38.36 -1.43854e-11
38.365 2.00298e-11
38.37 -2.1834e-11
38.375 1.93654e-11
38.38 -1.30382e-11
38.385 4.03361e-12
38.39 5.91788e-12
38.395 -1.48531e-11
38.4 2.09852e-11
38.405 -2.30302e-11
38.41 2.04765e-11
38.415 -1.37316e-11
38.42 4.08887e-12
38.425 6.47408e-12
38.43 -1.57319e-11
38.435 2.16987e-11
38.44 -2.3057e-11
38.445 1.95317e-11
38.45 -1.19219e-11
38.455 1.95816e-12
38.46 8.095e-12
38.465 -1.60399e-11
38.47 2.02225e-11
38.475 -1.99343e-11
38.48 1.54994e-11
38.485 -8.12255e-12
38.49 -4.17965e-13
38.495 8.229e-12
38.5 -1.37175e-11
38.505 1.59485e-11
38.51 -1.47833e-11
38.515 1.07704e-11
38.52 -5.00091e-12
38.525 -1.17384e-12
38.53 6.47945e-12
38.535 -9.96047e-12
38.54 1.11178e-11
38.545 -9.95678e-12
38.55 6.95408e-12
38.555 -2.91234e-12
38.56 -1.20317e-12
38.565 4.51711e-12
38.57 -6.44938e-12
38.575 6.77678e-12
38.58 -5.65092e-12
38.585 3.51849e-12
38.59 -1.03704e-12
38.595 -1.15648e-12
38.6 2.62081e-12
38.605 -3.14371e-12
38.61 2.79427e-12
38.615 -1.85257e-12
38.62 7.02286e-13
38.625 2.8095e-13
38.63 -8.34477e-13
38.635 8.70365e-13
38.64 -4.77051e-13
38.645 -1.5209e-13
38.65 7.87186e-13
38.655 -1.18441e-12
38.66 1.19218e-12
38.665 -7.86745e-13
38.67 4.73096e-14
38.675 8.7861e-13
38.68 -1.78412e-12
38.685 2.43848e-12
38.69 -2.68125e-12
38.695 2.42434e-12
38.7 -1.65082e-12
38.705 4.38762e-13
38.71 1.0394e-12
38.715 -2.54604e-12
38.72 3.79235e-12
38.725 -4.5168e-12
38.73 4.50486e-12
38.735 -3.60641e-12
38.74 1.80666e-12
38.745 6.82587e-13
38.75 -3.43185e-12
38.755 5.86803e-12
38.76 -7.38567e-12
38.765 7.49709e-12
38.77 -5.95063e-12
38.775 2.86784e-12
38.78 1.23056e-12
38.785 -5.50427e-12
38.79 8.97339e-12
38.795 -1.0731e-11
38.8 1.0211e-11
38.805 -7.32891e-12
38.81 2.53995e-12
38.815 3.21198e-12
38.82 -8.6688e-12
38.825 1.25131e-11
38.83 -1.37334e-11
38.835 1.18294e-11
38.84 -7.01305e-12
38.845 2.48027e-13
38.85 6.96404e-12
38.855 -1.28812e-11
38.86 1.59825e-11
38.865 -1.53677e-11
38.87 1.0995e-11
38.875 -3.77758e-12
38.88 -4.60274e-12
38.885 1.20882e-11
38.89 -1.67712e-11
38.895 1.74153e-11
38.9 -1.37893e-11
38.905 6.73795e-12
38.91 2.03921e-12
38.915 -1.04064e-11
38.92 1.62856e-11
38.925 -1.81926e-11
38.93 1.56506e-11
38.935 -9.26289e-12
38.94 5.74788e-13
38.945 8.27012e-12
38.95 -1.51121e-11
38.955 1.83021e-11
38.96 -1.70601e-11
38.965 1.16654e-11
38.97 -3.39042e-12
38.975 -5.77424e-12
38.98 1.36047e-11
38.985 -1.82077e-11
38.99 1.84578e-11
38.995 -1.42646e-11
39 6.56777e-12
39.005 2.82973e-12
39.01 -1.16769e-11
39.015 1.78609e-11
39.02 -1.98403e-11
39.025 1.70535e-11
39.03 -1.01056e-11
39.035 6.11522e-13
39.04 9.14245e-12
39.045 -1.67877e-11
39.05 2.04634e-11
39.055 -1.92629e-11
39.06 1.34755e-11
39.065 -4.50012e-12
39.07 -5.47004e-12
39.075 1.40555e-11
39.08 -1.92656e-11
39.085 1.99583e-11
39.09 -1.61079e-11
39.095 8.72806e-12
39.1 3.90964e-13
39.105 -9.16666e-12
39.11 1.56977e-11
39.115 -1.86529e-11
39.12 1.75333e-11
39.125 -1.27399e-11
39.13 5.42442e-12
39.135 2.80442e-12
39.14 -1.02112e-11
39.145 1.52783e-11
39.15 -1.70387e-11
39.155 1.52499e-11
39.16 -1.03808e-11
39.165 3.56523e-12
39.17 3.7085e-12
39.175 -9.93127e-12
39.18 1.38779e-11
39.185 -1.49014e-11
39.19 1.29622e-11
39.195 -8.62082e-12
39.2 2.88594e-12
39.205 3.08262e-12
39.21 -8.16576e-12
39.215 1.14869e-11
39.22 -1.2581e-11
39.225 1.13967e-11
39.23 -8.2554e-12
39.235 3.77809e-12
39.24 1.21029e-12
39.245 -5.83409e-12
39.25 9.30567e-12
39.255 -1.1052e-11
39.26 1.08523e-11
39.265 -8.79972e-12
39.27 5.25914e-12
39.275 -8.59298e-13
39.28 -3.64223e-12
39.285 7.47507e-12
39.29 -9.97859e-12
39.295 1.073e-11
39.3 -9.612e-12
39.305 6.83373e-12
39.31 -2.89278e-12
39.315 -1.50869e-12
39.32 5.60781e-12
39.325 -8.73923e-12
39.33 1.04413e-11
39.335 -1.04523e-11
39.34 8.77414e-12
39.345 -5.65314e-12
39.35 1.50044e-12
39.355 3.11078e-12
39.36 -7.50639e-12
39.365 1.09483e-11
39.37 -1.2709e-11
39.375 1.22566e-11
39.38 -9.42509e-12
39.385 4.49362e-12
39.39 1.75853e-12
39.395 -8.14435e-12
39.4 1.33103e-11
39.405 -1.60613e-11
39.41 1.56561e-11
39.415 -1.19933e-11
39.42 5.69326e-12
39.425 2.04165e-12
39.43 -9.6726e-12
39.435 1.56286e-11
39.44 -1.86273e-11
39.445 1.79585e-11
39.45 -1.36206e-11
39.455 6.33812e-12
39.46 2.53981e-12
39.465 -1.12741e-11
39.47 1.80335e-11
39.475 -2.12813e-11
39.48 2.01374e-11
39.485 -1.46238e-11
39.49 5.76526e-12
39.495 4.57502e-12
39.5 -1.41329e-11
39.505 2.07585e-11
39.51 -2.29056e-11
39.515 2.0057e-11
39.52 -1.28669e-11
39.525 2.99633e-12
39.53 7.33824e-12
39.535 -1.58839e-11
39.54 2.08466e-11
39.545 -2.13115e-11
39.55 1.73658e-11
39.555 -1.00302e-11
39.56 9.5766e-13
39.565 7.96105e-12
39.57 -1.49481e-11
39.575 1.86865e-11
39.58 -1.85636e-11
39.585 1.47342e-11
39.59 -8.11774e-12
39.595 1.90966e-13
39.6 7.3932e-12
39.605 -1.31029e-11
39.61 1.5873e-11
39.615 -1.53242e-11
39.62 1.17929e-11
39.625 -6.23945e-12
39.63 -3.4939e-14
39.635 5.71275e-12
39.64 -9.78429e-12
39.645 1.16967e-11
39.65 -1.13881e-11
39.655 9.21041e-12
39.66 -5.75758e-12
39.665 1.69058e-12
39.67 2.35952e-12
39.675 -5.82408e-12
39.68 8.23045e-12
39.685 -9.22132e-12
39.69 8.64115e-12
39.695 -6.56652e-12
39.7 3.3616e-12
39.705 3.62825e-13
39.71 -3.87762e-12
39.715 6.49451e-12
39.72 -7.74595e-12
39.725 7.46997e-12
39.73 -5.83093e-12
39.735 3.26452e-12
39.74 -3.56274e-13
39.745 -2.31116e-12
39.75 4.28424e-12
39.755 -5.32497e-12
39.76 5.35478e-12
39.765 -4.45423e-12
39.77 2.8822e-12
39.775 -9.78131e-13
39.78 -8.86945e-13
39.785 2.35025e-12
39.79 -3.14622e-12
39.795 3.17563e-12
39.8 -2.50989e-12
39.805 1.40207e-12
39.81 -2.39059e-13
39.815 -5.85851e-13
39.82 8.14262e-13
39.825 -4.04798e-13
39.83 -4.44692e-13
39.835 1.31572e-12
39.84 -1.74039e-12
39.845 1.36037e-12
39.85 -6.94096e-14
39.855 -1.90805e-12
39.86 4.06726e-12
39.865 -5.73768e-12
39.87 6.23887e-12
39.875 -5.11066e-12
39.88 2.32441e-12
39.885 1.70007e-12
39.89 -6.10616e-12
39.895 9.78625e-12
39.9 -1.16844e-11
39.905 1.10281e-11
39.91 -7.61539e-12
39.915 1.9206e-12
39.92 4.95185e-12
39.925 -1.14492e-11
39.93 1.59589e-11
39.935 -1.71952e-11
39.94 1.45567e-11
39.945 -8.34477e-12
39.95 -2.86296e-13
