0.005 0.0140444 -0.00031675 -0.0156845 0.0205296 -0.0111252 -0.0144127 0.0986598 -0.141303 -0.0394652 0.215941 -0.336691 -0.102482
0.055 0.0131632 -0.00647041 -0.0665087 0.137429 -0.210735 -0.0650182 1.53792 -2.48657 0.069127 3.46686 -5.57302 0.0528232
0.105 0.0150548 -0.0116609 0.0514659 0.199088 -0.299185 0.0516157 1.8415 -2.67714 0.102847 3.3859 -4.54067 0.061123
0.155 0.015149 -0.015105 0.0704958 0.174655 -0.227779 0.0702129 0.839753 -0.473053 0.00400554 0.296416 1.88815 -0.0527508
0.205 0.0156869 -0.0162645 -0.0377159 0.0811592 -0.0289751 -0.0381104 -0.609576 2.35813 -0.043881 -2.462 6.94887 0.00397405
0.255 0.0117598 -0.014929 -0.0304587 -0.0381617 0.199372 -0.0323266 -1.33501 3.48337 0.0072174 -2.08841 5.14956 0.0441455
0.305 0.014488 -0.0112523 0.110821 -0.114938 0.342764 0.109909 -0.791993 1.91907 0.00495151 0.756821 -1.86482 -0.0225573
0.355 0.0144863 -0.00574488 0.0140316 -0.12065 0.327068 0.013568 0.470608 -1.14899 -0.0413541 2.70606 -6.98562 0.0373696
0.405 -0.0133043 0.000811864 -0.074997 -0.0804796 0.156266 -0.074496 1.29104 -3.31686 -0.043924 1.36553 -5.0923 0.0205176
0.455 -0.030297 0.0074758 0.0689724 0.0061677 -0.0892361 0.069564 0.908197 -2.90972 -0.0443359 -2.03265 1.60237 -0.0450428
0.505 -0.0287564 0.0132786 0.0440528 0.0909054 -0.292092 0.0448921 -0.445866 -0.333258 0.0175843 -3.89966 5.96101 0.0208548
0.555 -0.0263187 0.0173792 -0.0158283 0.110314 -0.355925 -0.0154843 -1.68325 2.27457 -0.00526265 -2.1204 3.51039 0.0458711
0.605 0.000181572 0.0191808 0.00201277 0.0758462 -0.253006 0.001771 -1.74401 2.80247 -0.0434541 1.75496 -2.85202 -0.0445551
0.655 -0.0308014 0.0184105 -0.0317972 -0.0658838 -0.0376665 -0.0324587 -0.562681 0.891699 0.00188553 3.87953 -6.02009 0.00315491
0.705 -0.00461256 0.0151604 0.00477221 -0.145606 0.181289 0.00429265 1.08976 -1.78516 0.0457691 2.37283 -2.32842 0.04225
0.755 -0.0158982 0.00986624 0.0313074 -0.204432 0.295133 0.0310731 1.90279 -2.91896 0.0283938 -1.03025 4.4655 -0.0515032
0.805 -0.00476573 0.00325167 -0.0518827 -0.156369 0.249663 -0.0518081 1.28839 -1.48339 -0.0199397 -2.76316 7.12547 -0.0251614
0.855 0.0628095 -0.00378325 -0.0630621 0.0175575 0.0720113 -0.0626662 -0.0241986 1.40162 0.00205887 -1.03823 2.63215 0.0234997
0.905 0.0273747 -0.0102714 0.0613158 0.108473 -0.143439 0.0615149 -1.21485 3.3755 0.0363322 1.82987 -4.54954 -0.00506464
0.955 0.0142795 -0.0153407 0.0108574 0.182887 -0.283164 0.0107874 -1.10229 2.77272 0.0275312 2.51914 -7.12537 0.00992594
1.005 -0.0632462 -0.0183023 -0.0746344 0.116358 -0.272109 -0.0748917 -0.0505832 0.000433417 -0.0135437 0.0383663 -2.63059 -0.00679865
1.055 0.0349804 -0.0187991 0.0107179 0.14353 -0.112049 0.0103902 1.0444 -2.77587 -0.0207626 -3.1657 4.02401 -0.050795
1.105 0.12846 -0.0168029 0.0337909 0.12698 0.118843 0.033775 1.38402 -3.38575 0.0283563 -3.42527 5.81009 0.0176081
1.155 -0.0241518 -0.0126367 0.00527861 -0.123544 0.305044 0.0057332 0.0649667 -1.41253 0.0106061 -0.620357 1.04585 0.0528884
1.205 0.0448557 -0.00692921 -0.000373087 -0.0881117 0.3516 0.000361196 -1.24141 1.4819 -0.0468775 2.96647 -4.87288 -0.0239647
1.255 -0.050167 -0.000490543 -0.0176881 -0.139034 0.231999 -0.0169 -1.87612 2.92995 -0.0306792 3.75865 -5.30572 -0.00637275
1.305 -0.0413446 0.00576467 0.0176437 -0.0383539 0.00176952 0.0180436 -1.21018 1.80118 0.0258368 0.964006 0.464174 0.0286201
1.355 -0.157298 0.0109697 0.0575584 -0.0576472 -0.228909 0.0573761 0.561438 -0.881204 0.0166302 -2.29662 6.38841 -0.0187804
1.405 -0.167035 0.0144154 -0.0252878 -0.0261052 -0.349866 -0.026068 1.47806 -2.80081 -0.0284025 -2.53229 6.06398 -0.00378822
1.455 0.180337 0.0156309 -0.0513057 0.287438 -0.305458 -0.0524336 1.97192 -2.27531 -0.0221417 0.349743 -0.418566 0.0228718
1.505 0.229722 0.0144884 0.0554453 0.239129 -0.12166 0.0543731 0.794607 0.337691 0.0140805 3.05609 -6.49284 -0.0034026
1.555 -0.12857 0.0111642 0.0275346 -0.237804 0.107534 0.0271312 -0.942868 2.91687 0.0255574 1.41595 -6.01263 0.00195557
1.605 0.142537 0.00618783 -0.0556212 -0.031808 0.267666 -0.0555858 -1.30959 3.31496 -0.010419 -1.26603 0.290197 -0.00562803
1.655 0.184723 0.000245868 -0.0149499 0.0098445 0.280961 -0.0134665 -0.611476 1.12949 -0.0180979 -3.59672 5.644 -0.0384609
1.705 0.0353062 -0.00567516 0.0172494 -0.0559764 0.145056 0.0186319 0.579202 -1.94848 0.0288277 -2.99462 4.46869 0.015982
1.755 0.509253 -0.0108385 0.00380863 0.539917 -0.0668959 0.00549534 2.00961 -3.50131 0.0327257 1.34899 -1.70962 0.0424832
1.805 -0.34634 -0.0143056 -0.0169391 -0.203164 -0.243169 -0.0157334 0.392506 -2.34765 -0.0228859 3.5893 -5.95989 -0.03225
1.855 -0.336322 -0.0157158 -0.0353573 -0.154712 -0.290684 -0.0364463 -0.590869 0.505927 -0.0237061 2.46992 -3.43396 -0.0276457
1.905 -0.68038 -0.0146501 -0.00467082 -0.541568 -0.181486 -0.00379041 -2.31086 2.70456 0.0239208 -0.950481 3.3702 0.0239344
1.955 0.668547 -0.0114059 0.0516843 0.702352 0.032236 0.053385 -1.68498 2.48295 0.0273901 -2.26962 7.21331 0.00119831
2.005 -0.0490876 -0.00632233 -0.0192734 -0.109307 0.24464 -0.0205385 -0.13247 0.108749 -0.010467 -1.25775 3.82985 -0.00504541
2.055 0.556364 -0.000100556 -0.0512774 0.424181 0.348717 -0.052163 2.03703 -2.35565 -0.0241192 1.50223 -3.4725 -9.30512e-05
2.105 -0.356181 0.00638033 0.0335311 -0.46921 0.289848 0.0332896 1.71178 -2.77258 -0.00493124 2.63008 -7.25235 -0.0153782
2.155 -0.325715 0.0122477 0.0398932 -0.359655 0.0934481 0.0420527 1.00536 -0.712518 0.029522 0.799954 -3.77229 -0.00135559
2.205 -0.0433877 0.0165691 -0.0274888 0.0128645 -0.147477 -0.0287715 -0.43843 2.17425 -0.0129686 -2.91775 3.09764 0.0219409
2.255 -0.0975927 0.0187108 -0.0182258 0.0313109 -0.317991 -0.0197948 -2.09677 3.50421 -0.0426539 -4.34363 6.05342 -9.86961e-05
2.305 0.405112 0.0183814 0.0257483 0.531388 -0.337846 0.0259629 -0.568032 2.12393 -0.00166657 -0.835885 2.14083 -0.0147706
2.355 -0.161651 0.0155027 0.0272 -0.111129 -0.201187 0.0251545 -0.224718 -0.927934 0.0282794 2.91258 -4.14921 0.0373417
2.405 -0.265782 0.0106211 0.00316889 -0.343658 0.0214591 0.00156942 1.85481 -3.25396 -0.00524368 3.68817 -5.76407 -0.0188784
2.455 -0.934922 0.00428024 -0.0295317 -1.08344 0.21827 -0.0303013 0.563147 -3.04532 -0.0242926 1.0072 -0.710057 -0.0209633
2.505 -0.364814 -0.00265093 -0.0150006 -0.552471 0.292328 -0.016054 -0.661087 -0.547704 0.00240825 -2.05021 5.74428 0.0335081
2.555 -0.385273 -0.00910813 0.0539877 -0.500629 0.210007 0.0548464 -1.74055 2.15738 0.0346919 -2.53322 6.65416 0.00813932
2.605 1.02807 -0.0144411 -0.000619943 0.998339 0.0168718 0.00114561 -1.46252 2.8705 -0.00510137 0.564343 0.822604 -0.0130363
2.655 0.340244 -0.0176964 -0.052307 0.456897 -0.184869 -0.0512746 -0.686378 1.0782 -0.0329461 2.9552 -5.86176 -0.0108767
2.705 0.444442 -0.018665 0.0149026 0.624228 -0.289019 0.0139233 1.5737 -1.64032 -0.00978145 2.04086 -6.61137 -0.0178922
2.755 -1.06485 -0.017039 0.0408615 -0.892797 -0.238491 0.0388267 1.30423 -2.93585 0.0309187 -1.89966 -0.878197 0.0239238
2.805 -0.682422 -0.0131685 -0.0130766 -0.591728 -0.055175 -0.0141761 0.979203 -1.6462 -0.0088786 -4.65377 5.13931 0.0239929
2.855 -0.337186 -0.0077399 -0.0431638 -0.358137 0.170716 -0.0441491 -0.559126 1.22771 -0.044077 -2.79192 5.1319 -0.0266598
2.905 -0.104348 -0.00141096 -0.00918043 -0.212583 0.325844 -0.00889257 -1.7886 3.33144 -0.00359082 0.687789 -0.628241 -0.0284649
2.955 0.584716 0.00474112 0.0271759 0.460727 0.33013 0.0294127 -0.54976 2.89338 0.0388519 4.25149 -5.66036 0.0303419
3.005 -0.123029 0.0099894 0.0338143 -0.18213 0.177746 0.034723 0.607687 0.188803 -0.0294043 4.04015 -4.28258 0.00792748
3.055 -0.856586 0.0136876 -0.034702 -0.82084 -0.0597199 -0.0344438 1.70338 -2.66743 -0.0383287 -0.436842 2.24686 -0.0143959
3.105 -0.647103 0.015159 -0.026199 -0.530694 -0.268715 -0.0274462 1.68001 -3.4376 -0.00712312 -2.98468 7.0167 0.0274187
3.155 0.774972 0.0143401 0.0604855 0.899962 -0.349565 0.0592733 0.787638 -1.57684 0.00963603 -1.51965 4.81522 0.0113451
3.205 1.57402 0.0113119 0.0362631 1.65431 -0.26626 0.0376604 -0.874949 1.33935 0.0113772 1.74484 -2.28694 -0.01807
3.255 2.46057 0.00664625 -0.0569655 2.4361 -0.0635639 -0.058407 -0.818106 2.92124 -0.0423954 3.9138 -7.07256 -0.0149444
3.305 2.32875 0.000977586 -0.0253319 2.1956 0.155638 -0.0254476 0.0767101 1.9278 -0.0279224 1.50825 -4.76485 -0.0180743
3.355 1.58894 -0.00484329 0.0352929 1.40195 0.282278 0.034898 0.669869 -0.727012 0.00231435 -3.60013 1.98615 0.0518376
3.405 -0.330336 -0.00981418 0.00862416 -0.504322 0.255832 0.00942926 0.790389 -2.74798 0.0338199 -5.84884 5.98966 0.0578461
3.455 0.364321 -0.0132968 -0.018484 0.29251 0.0939267 -0.0180719 1.2804 -2.37015 -0.0242895 -1.25022 3.16949 -0.0287403
3.505 -0.290349 -0.0148501 -0.027757 -0.241358 -0.116963 -0.0269466 -1.17139 0.168895 -0.0469454 2.14283 -3.16131 -0.0865621
3.555 -0.550267 -0.0141979 0.0169278 -0.399905 -0.265637 0.0186133 -2.63228 2.80993 0.0820781 2.73636 -5.92292 0.0287929
3.605 0.440591 -0.0113386 0.058623 0.626924 -0.272768 0.059178 1.94015 3.35924 0.00850494 3.83695 -1.90032 0.0152596
3.655 0.604478 -0.0066033 0.00248925 0.729593 -0.131136 0.0018708 -0.0637137 1.29573 -0.00659272 0.313256 4.76825 0.00328742
3.705 0.43147 -0.000734086 -0.0735042 0.450846 0.0902828 -0.074989 1.88629 -1.78812 -0.116014 -2.2949 6.96098 -0.043403
3.755 0.462704 0.00547282 -0.0336438 0.384684 0.281047 -0.033779 3.36927 -3.47275 -0.046811 -0.552162 2.15213 -0.0249041
3.805 -1.98656 0.0111161 0.0304908 -2.10374 0.34429 0.0308617 -1.2012 -2.47361 0.0315909 -0.658543 -4.85835 0.00351407
3.855 -2.41468 0.0153925 0.0595836 -2.50538 0.245516 0.0604564 -2.41696 0.325459 0.0600729 -0.435128 -6.96481 0.0530135
3.905 -3.16549 0.0177601 -0.0241278 -3.17299 0.0300234 -0.0237202 -4.75098 2.61458 -0.0102482 0.0531434 -2.20451 -0.0150822
3.955 -2.64199 0.0176773 -0.0854948 -2.58457 -0.199672 -0.0855066 -5.30951 2.55726 -0.0436544 -3.33901 4.24363 -0.0544586
4.005 -0.924197 0.0152378 0.014293 -0.803704 -0.333998 0.0147325 -2.24451 0.287529 0.0106512 -1.50294 5.6049 0.0197423
4.055 -0.467038 0.0108657 0.0887306 -0.370843 -0.310681 0.0889373 4.64316 -2.2209 0.0609252 2.77168 0.681038 0.0169735
4.105 0.399685 0.00493408 0.00686555 0.406066 -0.145289 0.00612721 5.80362 -2.79904 -0.00936756 5.63011 -4.95723 -0.00143426
4.155 0.752762 -0.00165628 -0.0902077 0.649386 0.0776074 -0.0909093 4.85187 -0.887346 -0.0405889 4.61954 -4.99162 -0.0480752
4.205 -0.822222 -0.00798074 -0.0185236 -0.999027 0.246791 -0.0198664 1.73965 1.98874 0.0196001 -1.37224 0.841563 0.00118971
4.255 -3.06956 -0.0132744 0.0821917 -3.23902 0.279795 0.0821081 -1.40591 3.46306 0.0952214 -6.7946 6.41489 0.0349748
4.305 -2.12312 -0.0168712 0.0374212 -2.22879 0.163956 0.0369314 -3.74505 2.27081 -0.00777641 -4.83134 5.70265 0.000460073
4.355 -0.550187 -0.0180927 -0.098746 -0.530088 -0.0377416 -0.0990369 -2.59787 -0.702603 -0.0848101 1.53267 -0.79371 -0.053063
4.405 0.820429 -0.0168691 -0.0330618 0.946053 -0.21913 -0.032478 -0.970096 -3.12933 -0.0191806 5.14381 -6.51112 0.024965
4.455 1.71549 -0.0134344 0.130116 1.88663 -0.284441 0.13007 5.0525 -3.12556 0.0827591 4.3078 -5.70219 0.0599621
4.505 2.10526 -0.00830825 0.0434949 2.2549 -0.196698 0.0423641 2.54725 -0.771799 0.0190268 -1.27469 0.558835 -0.0132238
4.555 1.21975 -0.00224546 -0.114601 1.28149 0.00315464 -0.115296 0.524126 1.97049 -0.0864027 -5.53097 5.58433 -0.0539806
4.605 0.675241 0.00390196 -0.0378585 0.635781 0.216368 -0.0382163 -0.330088 2.87634 -0.00314802 -3.95845 4.18756 -0.0077053
4.655 -0.399896 0.00933257 0.0929202 -0.490285 0.336152 0.0732099 0.131961 1.27552 0.0963107 0.846507 -1.85366 0.0501963
4.705 -0.402069 0.013213 0.0423019 -0.477739 0.300119 0.0404857 0.288588 -1.41418 0.0363512 4.11199 -5.77446 0.0183148
4.755 0.904362 0.0148455 -0.109517 0.830976 0.121161 -0.106765 1.23518 -2.87364 -0.082932 3.91916 -3.10884 -0.0505043
4.805 1.35502 0.0142815 -0.0488095 1.37399 -0.11604 -0.0468197 2.07589 -1.80916 -0.0211244 1.13862 3.48105 -0.0273639
4.855 0.692892 0.0115368 0.092517 0.790116 -0.298185 0.0941468 0.913985 0.966303 0.0775697 -3.08304 6.98686 0.0277429
4.905 1.29064 0.00706629 0.0491819 1.39961 -0.339007 0.0498454 0.92514 3.188 0.0438441 -2.01095 3.50196 0.0212609
4.955 1.02073 0.00156298 -0.108767 1.0682 -0.221985 -0.110905 -1.0314 2.99407 -0.081339 1.2252 -3.57578 -0.0302479
5.005 1.50816 -0.00414007 -0.055139 1.43927 -0.00812344 -0.0561852 -0.161054 0.461193 -0.0358913 2.7612 -7.06704 -0.00591216
5.055 0.317901 -0.00913004 0.0739027 0.160598 0.19664 0.0903766 0.322735 -2.44154 0.0789539 0.697219 -3.5434 0.0185656
5.105 -0.57891 -0.0127833 0.0513142 -0.760553 0.290483 0.0577235 0.32277 -3.44403 0.0468329 -4.20552 3.10914 0.0236036
5.155 0.254489 -0.0145661 -0.0899491 0.0906142 0.228031 -0.0836851 -0.143408 -1.8129 -0.067844 -4.31808 5.86019 -0.0443022
5.205 1.02038 -0.0141429 -0.0519119 1.01342 0.0450797 -0.0495482 -0.747965 1.06667 -0.0588161 0.263759 1.99798 -0.0234297
5.255 0.497624 -0.0115436 0.0762478 0.587442 -0.161286 0.0764238 -2.49792 2.83771 0.0463625 3.05651 -4.0455 0.0611368
5.305 -0.812731 -0.007075 0.0611999 -0.641989 -0.282167 0.0610484 -0.669461 2.10364 0.0512886 2.58057 -5.49994 0.0308931
5.355 -0.120988 -0.0014528 -0.066037 0.0443118 -0.252318 -0.0670586 0.39203 -0.438667 -0.060259 0.996633 -0.556982 -0.0505093
5.405 -0.750481 0.00456764 -0.0674825 -0.651563 -0.0832423 -0.0684391 0.702179 -2.5906 -0.0495482 -1.60307 5.62712 -0.0405572
5.455 -0.65796 0.0101509 0.0743855 -0.665068 0.142048 0.0738837 1.22894 -2.4808 0.0556337 -3.04892 6.38484 0.0314167
5.505 -0.271932 0.0145062 0.0744195 -0.364371 0.310536 0.073821 0.29071 -0.122831 0.0473326 0.47132 0.660342 0.0423302
5.555 0.112448 0.0170072 -0.0679001 -0.00608664 0.335985 -0.0684547 -0.445334 2.578 -0.0623802 3.20546 -5.79057 -0.0149922
5.605 0.258094 0.0172861 -0.0721294 0.183233 0.202349 -0.0721728 0.00761676 3.38293 -0.0628151 2.26337 -6.42715 -0.0277113
5.655 -0.402464 0.0152834 0.0611355 -0.390241 -0.0278672 0.0608242 -0.00656512 1.56027 0.0607035 -1.57781 -0.79628 0.0108019
5.705 -0.645957 0.0112502 0.0705791 -0.552276 -0.244498 0.0706235 0.475858 -1.49707 0.0663266 -4.66431 5.04374 0.0218078
5.755 -0.587156 0.00571561 -0.0622294 -0.463925 -0.344339 -0.0616301 0.617444 -3.3922 -0.0371444 -3.03008 4.9905 -0.0199516
5.805 -0.573093 -0.000586168 -0.0741911 -0.491769 -0.282129 -0.0729707 0.132596 -2.66724 -0.0639223 0.719989 -0.63352 -0.0262336
5.855 -0.0468182 -0.00681276 0.0461527 -0.0614432 -0.0924724 0.0472829 -0.728952 0.0207493 0.0381534 4.22704 -5.4944 0.0300725
5.905 0.200354 -0.0120817 0.0735253 0.0882037 0.128193 0.0743784 -0.924041 2.45155 0.0597402 4.01532 -4.09151 0.0265487
5.955 0.101685 -0.0158078 -0.0415289 -0.0773251 0.269917 -0.0400301 -1.16502 2.66776 -0.0361099 -0.42676 2.28511 -0.0341268
6.005 0.129836 -0.0173695 -0.0844287 -0.0328939 0.264609 -0.0839438 0.564651 0.573897 -0.0592756 -2.74014 6.86471 -0.0358962
6.055 -0.21649 -0.0165937 0.0397126 -0.293698 0.119234 0.0403454 1.38352 -2.00216 0.0406165 -2.22833 4.60309 0.0284238
6.105 0.10445 -0.0136288 0.0856344 0.148089 -0.0882347 0.0852206 1.73459 -2.83273 0.065612 1.09648 -2.38925 0.0421246
6.155 -0.0496292 -0.00892419 -0.0349748 0.0913509 -0.248615 -0.0360238 1.19796 -1.1455 -0.032782 3.06783 -7.00538 -0.0138029
6.205 0.152897 -0.00318998 -0.0810764 0.334387 -0.276862 -0.0817752 -0.319956 1.72206 -0.0760306 0.971694 -4.61802 -0.0400762
6.255 0.342886 0.0027859 0.0349969 0.479319 -0.155045 0.0339924 -0.853247 3.40959 0.0168486 -1.94358 2.06743 0.00761243
6.305 0.275021 0.0081274 0.0823127 0.31611 0.0582364 0.0816306 -0.865799 2.47395 0.0688982 -3.79225 5.93883 0.0437864
6.355 0.467647 0.0120835 -0.0252864 0.41107 0.256996 -0.0254489 0.535645 -0.411123 -0.0142614 -1.82868 3.05633 -0.00400137
6.405 0.399695 0.0141098 -0.0828587 0.290532 0.340729 -0.0827628 1.26578 -2.98755 -0.0623078 2.0888 -3.19705 -0.0399976
6.455 0.0558542 0.0139451 0.017978 -0.03751 0.264728 0.0185616 0.886697 -3.24303 0.0175496 3.38579 -5.80855 0.00203403
6.505 -0.286942 0.0116452 0.0821321 -0.308802 0.0627221 0.0824896 -0.847435 -1.04307 0.0631511 1.53127 -1.71377 0.0306986
6.555 -0.382954 0.00757674 -0.0118898 -0.31904 -0.169446 -0.0113021 -2.45567 1.7734 -0.0157959 -1.41609 4.8527 -0.00549144
6.605 -0.0228941 0.00236439 -0.084222 0.0919158 -0.321049 -0.0835208 -2.76061 2.91205 -0.068873 -2.15185 6.83363 -0.0276377
6.655 0.0423178 -0.00322485 0.00711285 0.143167 -0.321106 0.00777114 -0.870555 1.50467 0.0114019 -0.480386 1.89104 0.00736763
6.705 -0.0037722 -0.00827383 0.0851519 0.0183795 -0.173131 0.0855025 1.32058 -1.19023 0.0738111 1.88135 -5.0341 0.028285
6.755 -0.0305046 -0.0120702 -0.00564837 -0.115123 0.0468342 -0.00536211 2.52472 -2.84359 0.001672 2.10285 -6.89614 -0.00918105
6.805 -0.0774186 -0.0140161 -0.0852309 -0.241879 0.228694 -0.0851748 1.6624 -1.99534 -0.0717241 -0.566883 -1.96043 -0.0339267
6.855 -0.187095 -0.0138045 -0.000806555 -0.365442 0.283262 -0.000407534 0.0325198 0.722007 -0.00599376 -3.32504 4.41965 0.00952411
6.905 -0.236424 -0.011451 0.0808048 -0.352058 0.186653 0.0814515 -1.52929 3.08835 0.0613651 -3.28748 5.53754 0.0429395
6.955 0.0784044 -0.00728348 0.00582238 0.0757925 -0.00811496 0.00660701 -1.15657 3.11849 0.00527855 0.162932 0.455748 -0.0021788
7.005 0.245808 -0.00188974 -0.0791941 0.355837 -0.198226 -0.0790045 0.0288442 0.703829 -0.0615202 3.7373 -5.07035 -0.0484113
7.055 0.0695248 0.00397029 -0.00742546 0.241433 -0.283192 -0.00740935 1.39995 -2.27901 -0.00582925 3.40096 -4.82688 -0.0114893
7.105 0.166751 0.00948133 0.0786273 0.324981 -0.215931 0.078847 1.7568 -3.48752 0.0632037 0.497242 1.14384 0.0424914
7.155 0.0741959 0.0138515 0.0161684 0.151575 -0.0269881 0.0154967 0.667304 -2.01639 0.00663204 -2.34537 6.53082 0.0205425
7.205 0.0270633 0.0164746 -0.0754459 0.00243683 0.19033 -0.0764693 -1.03328 0.87671 -0.0644376 -2.25683 5.46754 -0.0289486
7.255 -0.197179 0.0169312 -0.0180318 -0.296014 0.326493 -0.0187914 -1.86734 2.8152 -0.0137255 0.186998 -1.18388 -0.0158038
7.305 -0.330927 0.0151473 0.0759305 -0.446618 0.310872 0.0728314 -1.83175 2.25801 0.063673 2.21358 -6.6797 0.0213523
7.355 0.125639 0.0113568 0.0250968 0.0660288 0.147435 0.0240624 0.522481 -0.243893 0.0196915 2.07441 -5.48339 0.00886482
7.405 -0.0971967 0.00605741 -0.0728198 -0.0689806 -0.0868007 -0.0732852 1.4707 -2.52058 -0.0600858 -1.30899 0.93334 -0.0196307
7.455 0.295594 -4.17386e-05 -0.0270844 0.393995 -0.279657 -0.0267112 2.39847 -2.59255 -0.0247805 -3.63593 5.72276 -0.000239602
7.505 0.171215 -0.00612299 0.0699191 0.282126 -0.339513 0.0707273 1.28371 -0.322286 0.0551972 -2.20759 3.95972 0.027692
7.555 -0.103482 -0.0114385 0.0295528 -0.0437949 -0.240659 0.0312615 -0.74126 2.45544 0.0242512 0.861288 -2.17127 -0.00171388
7.605 -0.228784 -0.0151654 -0.0727829 -0.267893 -0.035365 -0.0713862 -1.70244 3.43578 -0.0538962 3.31147 -5.79933 -0.0409367
7.655 -0.164094 -0.0168881 -0.0348315 -0.298252 0.172443 -0.0337582 -1.29365 1.74384 -0.0275152 2.62824 -2.78162 -0.011539
7.705 0.0989143 -0.0163977 0.0649365 -0.0763934 0.279752 0.0655032 -0.0330215 -1.33051 0.0565132 -0.271808 3.81508 0.0385069
7.755 0.18491 -0.0137677 0.038637 0.0353187 0.235945 0.0407353 0.989002 -3.37222 0.0290725 -2.44125 6.94655 0.0224668
7.805 0.0298223 -0.00941103 -0.0657665 -0.0160702 0.0675863 -0.0656954 1.35009 -2.80245 -0.0490787 -1.55597 3.09407 -0.0322967
7.855 0.301859 -0.00393892 -0.0403767 0.376498 -0.135574 -0.0407806 0.0625298 -0.154672 -0.0289613 1.38193 -3.94842 -0.0268266
7.905 0.237238 0.00188882 0.062902 0.407138 -0.266431 0.0590859 -1.63992 2.37838 0.0522735 2.69837 -7.0327 0.0244185
7.955 -0.204866 0.00722466 0.0451781 -0.0262279 -0.254933 0.0427956 -1.85458 2.75169 0.037857 -0.182881 -3.16008 0.0254044
8.005 -0.202625 0.011323 -0.0562086 -0.0852522 -0.10346 -0.057102 -0.831961 0.740951 -0.0478013 -3.00196 3.42155 -0.0178722
8.055 -0.460863 0.0136131 -0.0472159 -0.443515 0.113897 -0.0483289 0.250927 -1.8922 -0.0416312 -3.71728 5.78163 -0.0208213
8.105 0.0331903 0.013791 0.0548529 -0.0390201 0.288442 0.0545292 1.52587 -2.87242 0.0404427 -0.52564 1.65415 0.0175473
8.155 0.179924 0.0118639 0.0491699 0.070734 0.331273 0.0493468 1.90717 -1.30534 0.0391949 3.31826 -4.23518 0.0153691
8.205 0.120689 0.00814588 -0.0534682 0.0411866 0.217895 -0.053014 0.213736 1.56933 -0.0403307 3.65118 -5.29779 -0.0190224
8.255 -0.186671 0.00320922 -0.0533675 -0.190361 0.000695832 -0.0525465 -0.824569 3.38718 -0.0397991 0.937295 -0.176487 -0.0178546
8.305 -0.113975 -0.0022006 0.0455589 -0.0399954 -0.216828 0.0461215 -1.16225 2.60306 0.0378811 -2.1159 5.75856 0.0204949
8.355 -0.183123 -0.00727149 0.0545011 -0.0746717 -0.331197 0.0555593 -0.296367 -0.229089 0.0420816 -2.37856 6.10343 0.0188878
8.405 -0.0217421 -0.0112402 -0.0438216 0.0553996 -0.289933 -0.043729 0.987603 -2.89344 -0.0356371 0.084152 0.248837 -0.0218969
8.455 0.0485787 -0.0134996 -0.0580646 0.0404369 -0.117058 -0.0581172 1.46253 -3.30908 -0.0439194 2.45616 -5.91366 -0.0200204
8.505 -0.186713 -0.013689 0.0419572 -0.29346 0.0994399 0.0416313 -0.0831275 -1.21553 0.0365855 1.92277 -6.16276 0.0228943
8.555 0.0504836 -0.0117182 0.0576555 -0.116634 0.251837 0.0572702 -0.94068 1.63261 0.0501921 -1.02965 -0.458743 0.024372
8.605 -0.0897947 -0.0078944 -0.0368008 -0.25201 0.266306 -0.0366696 -1.80375 2.91591 -0.0290905 -3.49134 5.08881 -0.0229485
8.655 0.00873092 -0.0027422 -0.0604508 -0.0760743 0.139552 -0.0600498 -1.08221 1.65013 -0.0504585 -2.86965 4.73029 -0.0320108
8.705 -0.114553 0.00301302 0.0335701 -0.0854705 -0.0601269 0.0339192 0.656417 -1.02196 0.0249424 0.776172 -0.862298 0.0177344
8.755 -0.080975 0.00852215 0.062256 0.0507675 -0.227638 0.0625095 1.51454 -2.7935 0.0489905 3.40409 -5.40101 0.0376184
8.805 0.0767949 0.0129965 -0.0289846 0.25235 -0.27429 -0.0287256 1.71565 -2.11222 -0.0231561 3.12018 -3.76424 -0.00752453
8.855 0.101698 0.0157798 -0.0651582 0.240874 -0.172654 -0.0616382 0.450576 0.525115 -0.050545 0.43681 2.48054 -0.0343035
8.905 -0.0548954 0.0165101 0.0246732 -0.00333832 0.0291857 0.0247412 -0.955091 2.96902 0.0181284 -2.68163 6.69927 -0.000480968
8.955 -0.114328 0.0150491 0.0639687 -0.159879 0.231162 0.0626452 -1.18176 3.17909 0.0484304 -1.98967 4.24073 0.0251192
9.005 -0.096741 0.0115872 -0.0204775 -0.202153 0.331163 -0.0216567 -0.475387 0.905535 -0.0194955 0.715723 -2.57673 0.00178582
9.055 0.0597139 0.00658879 -0.0638044 -0.04126 0.276288 -0.0643123 0.611148 -2.09097 -0.0537869 2.52646 -6.84784 -0.0158095
9.105 0.0998032 0.000725883 0.0189065 0.0608113 0.0897393 0.0192496 1.41434 -3.46304 0.0151637 1.08504 -4.32172 0.00662781
9.155 -0.0561462 -0.00521189 0.0651418 -0.0122338 -0.140171 0.066074 0.188689 -2.17771 0.0544041 -2.32283 2.16613 0.0145659
9.205 0.218105 -0.0104263 -0.0135795 0.31848 -0.303544 -0.0123384 -0.606765 0.657067 -0.00914796 -3.38961 5.75228 -0.0171835
9.255 0.055015 -0.014221 -0.0666186 0.15188 -0.323291 -0.0653184 -1.84841 2.71565 -0.0538742 -1.66832 2.83121 -0.025932
9.305 0.0302264 -0.0161106 0.0082807 0.0612724 -0.193202 0.00949435 -1.48225 2.36246 0.00614973 1.81748 -3.17189 0.0189262
9.355 -0.135488 -0.0158623 0.0638235 -0.196844 0.0193845 0.0644966 0.102717 -0.0188121 0.0551524 3.58726 -5.53448 0.0390451
9.405 0.145008 -0.0135329 -0.0063466 0.000882653 0.207584 -0.00558799 1.36333 -2.36218 -0.000369612 2.13498 -1.48156 -0.0074033
9.455 0.00191286 -0.00948472 -0.0652878 -0.163416 0.278623 -0.0646017 1.75333 -2.63946 -0.0507336 -1.01913 4.78661 -0.0444368
9.505 -0.0853189 -0.00431028 0.000549037 -0.197372 0.20023 -4.99897e-05 0.742223 -0.546249 -0.000925886 -2.73604 6.5284 -0.00749849
9.555 -0.0223229 0.00122834 0.0636033 -0.0299694 0.0163317 0.0628344 -0.243328 2.23304 0.0479522 -0.853367 1.65279 0.0354501
9.605 -0.0630944 0.00637465 0.00248614 0.0396946 -0.17548 0.00210322 -1.53553 3.40109 -0.00233006 1.79725 -4.98456 0.0149809
9.655 0.173344 0.0104161 -0.0639699 0.34255 -0.273777 -0.06493 -0.563773 1.93539 -0.0528395 2.36687 -6.64916 -0.0234673
9.705 -0.0119208 0.0128002 -0.00534932 0.151257 -0.22484 -0.00620763 0.466406 -1.05984 -0.00130131 -0.287595 -1.8004 -0.0132381
9.755 0.0189449 0.013209 0.0647036 0.110292 -0.05016 0.0634238 1.17484 -3.23964 0.0569195 -3.29984 4.33064 0.0136614
9.805 -0.0229932 0.0116047 0.0102309 -0.0316933 0.164043 0.00909877 0.970341 -2.91725 0.0107204 -3.08433 5.32526 0.00367676
9.855 -0.203478 0.00818802 -0.0610785 -0.290764 0.309934 -0.0620255 -0.829773 -0.425001 -0.0527551 -0.390513 0.38071 -0.014968
9.905 -0.143276 0.0035708 -0.0129571 -0.251937 0.312423 -0.0131946 -1.74318 2.1738 -0.0172509 3.07063 -4.90259 0.00562081
9.955 -0.0159997 -0.00164115 0.060059 -0.0826805 0.166682 0.0609115 -1.65272 2.78204 0.0460905 3.70916 -4.57668 0.0264764
10.005 0.115102 -0.00659915 0.0153509 0.126283 -0.0587674 0.0165291 -0.409388 0.981188 0.0164335 0.783974 1.22449 -0.00285956
10.055 -0.0140537 -0.0105658 -0.0574809 0.0667211 -0.256186 -0.0556982 1.20495 -1.64366 -0.0414865 -2.16675 6.35972 -0.0333866
10.105 -0.144533 -0.012951 -0.021381 -0.0443173 -0.331911 -0.0204907 2.02878 -2.82777 -0.0109508 -2.45654 5.20706 -0.00490028
10.155 -0.0244262 -0.0133795 0.0576732 0.0312304 -0.252506 0.0580517 1.36231 -1.50876 0.0459656 0.4286 -1.29972 0.0335
10.205 0.0235633 -0.0117578 0.0244239 -0.00969907 -0.0607953 0.0243459 -0.167251 1.28199 0.012957 2.53261 -6.57409 0.0119934
10.255 0.0482153 -0.0082878 -0.0549244 -0.0745472 0.146149 -0.0554744 -1.14525 3.25498 -0.0537635 1.49841 -5.29194 -0.030369
10.305 0.00509183 -0.00337371 -0.0263605 -0.160212 0.26586 -0.0268852 -0.918791 2.74082 -0.0231387 -1.79534 1.01529 -0.0191375
10.355 -0.0600535 0.00223158 0.0543754 -0.201741 0.241464 0.0538342 -0.218588 0.0711632 0.0473736 -3.77289 5.63292 0.0234863
10.405 -0.0323778 0.00769065 0.0280879 -0.0832643 0.0895765 0.0282792 1.06992 -2.67369 0.0310525 -2.20237 3.81505 0.020719
10.455 -0.159325 0.0122788 -0.0517447 -0.0976464 -0.108556 -0.0511705 0.825265 -3.34776 -0.0378236 1.38436 -2.2026 -0.0171739
10.505 -0.100364 0.0153189 -0.0315732 0.0469598 -0.248604 -0.0307227 0.148156 -1.47776 -0.0290861 3.77883 -5.66454 -0.017389
10.555 0.0354175 0.0163515 0.0490085 0.204367 -0.255902 0.0494196 -1.12817 1.3657 0.0323102 2.79387 -2.5937 0.0151195
10.605 0.0646285 0.0152046 0.0345208 0.184636 -0.123275 0.0340841 -1.61397 2.86421 0.0235885 -0.519384 3.88186 0.0145581
10.655 -0.0267597 0.0120197 -0.0456876 0.000379731 0.0850251 -0.0470024 -1.04484 1.85185 -0.0343685 -2.72426 6.81638 -0.0134802
10.705 0.0473004 0.00725637 -0.0382059 -0.0164364 0.265227 -0.0398572 0.603709 -0.741388 -0.0219592 -1.30648 2.86299 -0.0100273
10.755 0.213373 0.00154587 0.042694 0.10219 0.325802 0.0409702 2.08723 -2.67336 0.0423791 1.61545 -4.0913 0.0145079
10.805 0.103705 -0.00435791 0.0389033 0.0141992 0.233317 0.0380436 1.54057 -2.25562 0.0309764 2.24664 -6.97135 0.00597727
10.855 -0.114971 -0.00963625 -0.0407528 -0.131907 0.0295925 -0.0407021 0.266875 0.237485 -0.0403473 -0.163134 -2.95998 -0.0218133
10.905 0.0287968 -0.0135869 -0.0407476 0.0867714 -0.188688 -0.0395873 -1.00484 2.77792 -0.0419226 -2.95139 3.5685 -0.0109473
10.955 -0.0455185 -0.0156983 0.0393605 0.0540909 -0.317602 0.040936 -1.7362 3.24495 0.0276109 -3.29005 5.73751 0.027767
11.005 0.272256 -0.0157727 0.0374832 0.346472 -0.297407 0.0462416 -0.59622 1.17478 0.0401956 -0.499861 1.47584 0.0215334
11.055 -0.0223985 -0.0137278 -0.0373376 -0.01993 -0.141315 -0.0339293 0.946888 -1.83947 -0.0239925 2.74925 -4.34232 -0.0253095
11.105 -0.0234442 -0.0099441 -0.0443398 -0.110737 0.0709945 -0.0437004 1.34157 -3.43237 -0.0326471 3.39992 -5.18786 -0.0302604
11.155 0.0672411 -0.00507004 0.0317172 -0.083999 0.23344 0.0317047 0.677119 -2.38546 0.0255941 1.4337 0.069312 0.0168674
11.205 -0.0419236 0.000368087 0.046935 -0.196915 0.266875 0.0474578 -1.07134 0.389573 0.0323108 -1.73825 5.89063 0.0325787
11.255 -0.133384 0.00550176 -0.028333 -0.218807 0.158116 -0.0276356 -1.96069 2.61051 -0.027896 -2.65874 5.95447 -0.00429833
11.305 -0.0986698 0.00961407 -0.0468894 -0.0760848 -0.0336133 -0.0464234 -1.61212 2.49967 -0.0359293 -0.238996 -0.0735198 -0.0249122
11.355 -0.126308 0.0121478 0.0274827 -0.00385731 -0.206988 0.0277882 -0.299864 0.23597 0.027461 2.09896 -6.11042 -0.00265154
11.405 -0.0633817 0.0127819 0.0490591 0.10669 -0.270023 0.0487672 1.29165 -2.20988 0.0436263 1.74573 -6.04252 0.0115334
11.455 -0.137763 0.0114678 -0.0240728 0.00813813 -0.186874 -0.0254449 1.66938 -2.71834 -0.0199581 -1.10053 -0.145744 -0.00310042
11.505 -0.0298372 0.00843141 -0.0498185 0.0347369 0.00357925 -0.0518753 1.11151 -0.788025 -0.0447973 -3.38418 5.27205 -0.00701798
11.555 -0.0821762 0.00413958 0.0209801 -0.114892 0.206847 0.0193459 -0.150318 2.03283 0.0110501 -2.49045 4.6011 0.0151751
11.605 0.00342904 -0.000765543 0.0489437 -0.0954887 0.320089 0.0478952 -1.18897 3.40965 0.0386339 0.934478 -1.14469 0.0141917
11.655 -0.0420307 -0.00555694 -0.0182291 -0.146474 0.283872 -0.0176186 -0.74247 2.14425 -0.012029 3.64845 -5.50104 -0.0206788
11.705 -0.0961841 -0.00950881 -0.0506157 -0.146872 0.112368 -0.0495134 0.415179 -0.823948 -0.0373405 2.89672 -3.53968 -0.0253457
11.755 -0.0809713 -0.0119161 0.0120872 -0.0483683 -0.113227 0.0148001 1.29372 -3.16738 0.0129717 -0.26828 2.80601 0.0166337
11.805 -0.063283 -0.0126185 0.0505791 0.0259794 -0.285126 0.0530206 0.768177 -3.05945 0.0400549 -2.53899 6.7644 0.0329762
11.855 0.110811 -0.0113585 -0.0107492 0.203602 -0.321921 -0.00965843 -0.136995 -0.655753 -0.0122491 -1.50949 3.94175 -0.00532341
11.905 0.102902 -0.00828523 -0.0508928 0.139582 -0.20914 -0.0508895 -1.30378 2.0474 -0.0415394 1.15915 -2.95653 -0.0321503
11.955 0.195317 -0.00385266 0.015439 0.150365 -0.0058832 0.0198246 -1.52698 2.85854 0.00910417 2.48221 -6.92975 -0.00503788
12.005 -0.041136 0.00136533 0.0482405 -0.173586 0.185695 0.0487439 -0.607041 1.18659 0.0463281 0.636126 -4.03661 0.0241075
12.055 0.0230671 0.0066323 -0.00422841 -0.137249 0.270858 -0.0040557 0.852852 -1.48828 -0.00143036 -2.61733 2.50301 0.00900305
12.105 0.0633579 0.011177 -0.0512241 -0.0538419 0.210323 -0.0505776 1.81338 -2.85424 -0.0445327 -3.37256 5.78563 -0.0160483
12.155 -0.0285427 0.0143389 0.00192081 -0.0493916 0.0391816 0.00281164 1.104 -1.69373 -0.00174071 -1.31877 2.55368 -0.0033573
12.205 -0.0196443 0.0156461 0.0497147 0.0663156 -0.151507 0.0507291 -0.179676 1.09397 0.0377624 2.12104 -3.41732 0.0159358
12.255 -0.0179187 0.0148813 -0.00076564 0.137479 -0.261109 -0.000392264 -1.31555 3.21989 0.00225552 3.77434 -5.44316 -0.00277073
12.305 0.149547 0.0121166 -0.0496249 0.307192 -0.230466 -0.0495739 -1.0536 2.88717 -0.0396184 1.86826 -1.13458 -0.0184739
12.355 0.129563 0.00767163 -0.00473857 0.223277 -0.0719685 -0.00537748 -0.0586919 0.279686 -0.00224312 -1.38438 5.00614 0.0022569
12.405 -0.00126923 0.00214404 0.0497923 0.00668477 0.136476 0.0483784 0.952111 -2.5698 0.0389249 -2.70068 6.36054 0.0199665
12.455 0.000123189 -0.00362275 0.00641231 -0.0769769 0.290449 0.00465552 1.18422 -3.42624 0.00340451 -0.893808 1.25432 -0.00234936
12.505 -0.080589 -0.00890385 -0.0499374 -0.187962 0.311038 -0.0512367 -0.0074166 -1.66778 -0.039164 1.8148 -5.20775 -0.0225994
12.555 0.0383761 -0.0129731 -0.0101132 -0.0362642 0.184672 -0.010427 -1.25276 1.22141 -0.00483235 2.18821 -6.48506 8.91379e-05
12.605 -0.0479298 -0.0152854 0.0486406 -0.0495833 -0.0299037 0.0496133 -1.95315 2.87981 0.0432703 -0.505228 -1.45563 0.024099
12.655 -0.0850747 -0.0155513 0.0121282 -0.0157806 -0.23053 0.0137022 -1.15321 2.00754 0.0134282 -3.29945 4.47122 0.003923
12.705 -0.0991994 -0.0137731 -0.0459941 -0.0013793 -0.322033 -0.0441062 0.469128 -0.579063 -0.0384591 -3.06914 5.13058 -0.0254114
12.755 -0.0745044 -0.0102392 -0.0139913 -0.00850347 -0.263073 -0.0128843 1.62634 -2.64074 -0.0157582 0.175924 0.110849 -0.00775066
12.805 -0.0400035 -0.0054774 0.0449685 -0.0523451 -0.086123 0.0451904 1.97433 -2.38113 0.0337174 3.36331 -4.90338 0.0258663
12.855 0.100109 -0.000176227 0.0170359 0.00173338 0.119199 0.01672 0.814858 0.0548703 0.0132088 3.65116 -4.27925 0.0132307
12.905 0.0567742 0.00491214 -0.0452093 -0.0907953 0.251061 -0.0457063 -0.535323 2.68596 -0.0351299 0.648709 1.49611 -0.0214944
12.955 -0.0258061 0.00927267 -0.0206758 -0.158258 0.246373 -0.0206863 -1.15747 3.3195 -0.0144668 -2.39634 6.29243 -0.0172872
13.005 0.00713273 0.0119257 0.043001 -0.0494838 0.111142 0.0437637 -0.555183 1.35973 0.0333646 -2.26123 4.85318 0.0120386
13.055 0.0741683 0.0127323 0.0236179 0.122536 -0.081806 0.0246219 0.655488 -1.68743 0.0156662 0.447404 -1.57771 0.0135259
13.105 0.102478 0.0116029 -0.0412949 0.236967 -0.230815 -0.0405911 1.34385 -3.43041 -0.0358443 2.30535 -6.50374 -0.00576457
13.155 0.0906483 0.00873557 -0.0236838 0.253647 -0.256515 -0.0240705 0.578322 -2.53233 -0.0199725 1.29075 -4.98505 -0.00405226
13.205 -0.00747396 0.00458213 0.0399585 0.115495 -0.14219 0.0384111 -0.714944 0.211533 0.0346995 -1.69026 1.20084 0.0101075
13.255 0.0972528 -0.000220772 0.0259503 0.133306 0.0573256 0.0238345 -1.71575 2.54196 0.0261781 -3.53772 5.50108 -0.000489192
13.305 0.0850604 -0.00495127 -0.0382445 0.0304809 0.242704 -0.0403437 -1.61964 2.59331 -0.0284919 -1.76628 3.54704 -0.0197209
13.355 0.0136683 -0.00890729 -0.027978 -0.0921253 0.319747 -0.0289806 -0.0982779 0.4145 -0.0229153 1.48307 -2.26431 -0.00388496
13.405 0.0769919 -0.0116211 0.0355947 -0.0188583 0.24664 0.0357647 1.31606 -2.09278 0.0263345 3.53798 -5.4128 0.0279705
13.455 -0.130819 -0.0126689 0.0300045 -0.159964 0.0555125 0.0315166 1.66391 -2.76198 0.0230349 2.31784 -2.28542 0.0143403
13.505 -0.0623276 -0.0116142 -0.0331914 -0.018747 -0.162777 -0.0309615 0.763122 -0.963065 -0.0272045 -0.919704 3.90867 -0.0272802
13.555 -0.00808706 -0.00879183 -0.0314499 0.0823297 -0.304189 -0.0293546 -0.770572 1.86365 -0.0254214 -2.41463 6.51737 -0.0256056
13.605 -0.0475388 -0.00457212 0.0311937 0.0338546 -0.30238 0.032092 -1.48032 3.38421 0.0246274 -1.28605 2.53733 0.0153239
13.655 -0.100409 0.000471008 0.0343979 -0.0829798 -0.161631 0.0337724 -1.0115 2.29091 0.0249424 1.12823 -4.12622 0.0276321
13.705 0.0109943 0.00563405 -0.0292294 -0.0596894 0.0456894 -0.0307808 0.160428 -0.613823 -0.0252656 2.20393 -6.71742 -0.00107966
13.755 0.100048 0.0101885 -0.0344429 -0.0379284 0.215669 -0.0360431 1.3425 -3.05683 -0.0272866 0.3745 -2.71934 -0.0171745
13.805 -0.0199835 0.0134735 0.0284662 -0.168053 0.264993 0.0275849 1.05334 -3.13742 0.0233738 -2.71637 3.53517 -0.00107528
13.855 -0.0339133 0.0150047 0.0351832 -0.125768 0.172522 0.03511 -0.172088 -0.862984 0.0309937 -3.26141 5.49298 0.00755843
13.905 -0.0847537 0.0145426 -0.0247239 -0.0773129 -0.0105643 -0.023542 -1.30044 1.87458 -0.0194273 -0.569746 1.32325 -0.00502517
13.955 -0.116534 0.0121228 -0.0368774 -0.0112394 -0.187152 -0.0354794 -1.82095 2.85951 -0.0306182 2.66771 -4.20244 -0.00532174
14.005 -0.0603395 0.00805898 0.021762 0.0972879 -0.263636 0.0226661 -0.747203 1.36209 0.0182729 3.69377 -4.88006 0.0135381
14.055 -0.175737 0.0028881 0.0372383 -0.0334842 -0.197564 0.0373334 0.759869 -1.28058 0.0325853 1.02036 0.230556 0.00863443
14.105 -0.0277222 -0.00270096 -0.0198458 0.0417529 -0.0193958 -0.0209163 1.98127 -2.78743 -0.0141458 -1.77073 5.73599 -0.0195713
14.155 0.0405696 -0.0072878 -0.0416522 0.0232067 0.18329 -0.0420292 1.78862 -1.83098 -0.0307407 -2.1705 5.63241 -0.018013
14.205 0.0853127 -0.0114802 0.0175674 -0.0030093 0.307123 0.0167007 0.340451 0.857769 0.0118865 -0.14121 -0.259579 0.0162805
14.255 0.132301 -0.014074 0.0397692 0.0305505 0.28849 0.0390555 -0.706756 3.07662 0.0270027 2.38291 -6.01394 0.0251094
14.305 -0.0270853 -0.0147197 -0.0158928 -0.0837849 0.133112 -0.0155549 -1.19062 2.96018 -0.0151868 1.5344 -5.80298 -0.00712819
14.355 -0.0696974 -0.0133531 -0.0402876 -0.051267 -0.0858098 -0.0392025 -0.38033 0.519738 -0.0315776 -1.35116 -0.0224804 -0.0238831
14.405 -0.0481679 -0.0101865 0.013604 0.0324647 -0.263784 0.0152778 0.691609 -2.35078 0.0145867 -3.34854 5.17242 0.00127096
14.455 0.0809099 -0.00570113 0.0405202 0.175291 -0.316752 0.0419182 1.09764 -3.40591 0.0379 -2.36851 4.41781 0.0218179
14.505 0.0450958 -0.000952204 -0.00633033 0.0898881 -0.222494 -0.0092451 0.326916 -1.86543 -0.00787818 1.00407 -1.19028 0.00104845
14.555 0.165813 0.00417235 -0.0401579 0.13229 -0.0307848 -0.0412598 -0.827615 0.964305 -0.0366776 3.6177 -5.33866 -0.0197246
14.605 0.0778037 0.0084363 0.00891634 -0.0330646 0.16162 0.008044 -1.67182 2.77285 0.00305106 2.77101 -3.3162 -0.0032255
14.655 0.0353432 0.0112885 0.0398978 -0.108993 0.259789 0.0389481 -1.35889 2.1394 0.0314319 -0.359427 2.87682 0.0137568
14.705 -0.0332672 0.0118191 -0.00579111 -0.147073 0.217353 -0.00588215 0.197752 -0.317299 -0.000807145 -2.53689 6.60885 0.000561101
14.755 -0.0694253 0.0109373 -0.0417996 -0.0947607 0.0606981 -0.0403522 1.11707 -2.46791 -0.0272011 -1.76211 3.68999 -0.00953496
14.805 -0.0146638 0.00839439 0.00324809 0.0574451 -0.126996 0.00432124 1.64802 -2.44595 0.00450935 1.07307 -3.09736 0.00417952
14.855 -0.00915116 0.00451205 0.0418159 0.132522 -0.246853 0.0425378 0.541435 -0.199158 0.0293608 2.28322 -6.86108 0.0111725
14.905 0.0245822 -9.82048e-05 -0.000225891 0.175647 -0.234513 -0.000577221 -0.6206 2.45134 -0.00845632 0.584593 -3.84584 -0.00683197
14.955 0.0335149 -0.00473786 -0.0396148 0.13118 -0.0928581 -0.0408818 -1.16421 3.30157 -0.0386303 -2.39881 2.63357 -0.0147033
15.005 -0.0621119 -0.00870196 -0.000907335 -0.05312 0.10907 -0.00281196 -0.748532 1.57988 -0.000807658 -3.62841 5.74907 0.00919521
15.055 -0.114639 -0.0113961 0.0393001 -0.186131 0.270342 0.0372837 0.331267 -1.40554 0.0392504 -1.19339 2.4121 0.0229722
15.105 -0.00703698 -0.0123992 0.00187441 -0.113056 0.30856 0.000673318 1.04627 -3.31604 0.0103466 2.49685 -3.49522 -0.00461933
15.155 0.0227723 -0.0115474 -0.0397055 -0.0583672 0.20122 -0.0392167 0.792968 -2.6785 -0.028431 3.9455 -5.34891 -0.0304806
15.205 -0.0255039 -0.00894331 -0.00652684 -0.0394194 -0.00259828 -0.00477162 -0.447735 -0.0734736 -0.00844381 1.68571 -0.936869 -0.00826869
15.255 -0.00529536 -0.00494874 0.0381615 0.0518443 -0.206141 0.0406527 -1.32991 2.35429 0.0254062 -1.60773 5.11367 0.0251038
15.305 -0.055831 -0.000125163 0.00868861 0.0361178 -0.312648 0.0109591 -1.37897 2.65589 0.00402024 -2.63883 6.24305 0.0164634
15.355 -0.00701046 0.0048515 -0.0377063 0.0624455 -0.273076 -0.0366946 -0.278296 0.670959 -0.0264523 -0.656384 0.983937 -0.0127924
15.405 -0.0853289 0.00937652 -0.0109831 -0.0848912 -0.109886 -0.0115592 1.14394 -1.86146 -0.00111076 1.98607 -5.40031 -0.0146818
15.455 -0.0693386 0.0136781 0.0381532 -0.156349 0.0944429 0.035278 1.76464 -2.75299 0.0332311 2.03 -6.42486 0.00381183
15.505 0.0114915 0.0152512 0.0131541 -0.130234 0.237236 0.0109252 1.23516 -1.18559 0.00717953 -0.424668 -1.20335 0.00568163
15.555 0.17804 0.0149526 -0.0359938 0.0422545 0.250137 -0.0371657 0.0121896 1.59588 -0.0372879 -3.00571 4.66852 -0.00220558
15.605 0.0347005 0.0127909 -0.0132059 -0.0340596 0.130491 -0.0132064 -1.02316 3.29615 -0.0188331 -2.95857 5.08696 0.0045568
15.655 -0.116297 0.0090069 0.0354093 -0.0856744 -0.0569639 0.0364597 -0.985867 2.45779 0.027246 -0.0347325 -0.10303 0.0116104
15.705 0.0211866 0.0040955 0.0162984 0.138835 -0.213073 0.0177004 -0.0615744 -0.329419 0.0190717 3.31215 -5.02966 -0.00709102
15.755 0.0835838 -0.00128945 -0.033841 0.236864 -0.254679 -0.0332871 0.870591 -2.88963 -0.0204249 3.5577 -4.15024 -0.0251253
15.805 0.187283 -0.0064222 -0.0190006 0.310464 -0.156995 -0.0193652 1.01426 -3.22078 -0.0122084 0.531006 1.76167 -0.00254002
15.855 0.00970421 -0.010618 0.0313381 0.0542088 0.033411 0.0299535 0.0533429 -1.12227 0.0233103 -2.43922 6.39976 0.0283885
15.905 -0.0546002 -0.0133077 0.0198995 -0.0975261 0.221672 0.017878 -1.3712 1.65938 0.0112569 -2.47504 4.65 0.0158754
15.955 0.0421136 -0.0141442 -0.0304319 -0.05456 0.312153 -0.0320346 -1.81535 2.86556 -0.0267809 0.430756 -1.92109 -0.0194617
16.005 0.0438187 -0.0140389 -0.0213858 -0.039091 0.255733 -0.0227925 -1.02213 1.57746 -0.0134222 2.44303 -6.65389 -0.0208428
16.055 -0.0168512 -0.011145 0.0309929 -0.0512437 0.0778983 0.0313603 0.727289 -1.0441 0.0296473 1.20481 -4.79639 0.00800531
16.105 0.0277672 -0.00693741 0.0224559 0.065692 -0.137867 0.0236558 1.81592 -2.73307 0.0211968 -1.75324 1.52626 0.0178255
16.155 -0.0159418 -0.00211662 -0.0283619 0.0729864 -0.288591 -0.0271904 1.47956 -2.00249 -0.0250078 -3.50918 5.6281 -0.00228137
16.205 -0.0455294 0.00286006 -0.0235878 0.0420791 -0.303234 -0.0222525 0.303606 0.6055 -0.0258047 -1.86447 3.36676 -0.0102273
16.255 -0.0866442 0.00719088 0.0259502 -0.054221 -0.178295 0.0265753 -1.10595 2.95721 0.0160238 1.5997 -2.51638 0.00332425
16.305 -0.0114421 0.0102321 0.0253216 -0.0627348 0.0214317 0.0251313 -1.24335 3.07392 0.020875 3.69663 -5.42477 0.00365936
16.355 -0.0353598 0.0115699 -0.024018 -0.156218 0.195671 -0.0244494 -0.385036 0.770878 -0.0159769 2.2859 -2.02367 -0.00977521
16.405 0.0533507 0.0110909 -0.0275588 -0.0854245 0.259113 -0.0278377 0.867965 -2.17088 -0.018111 -0.752056 4.15332 -0.0041275
16.455 -0.0228663 0.00925356 0.0222175 -0.11794 0.183832 0.0224698 1.19649 -3.44132 0.0194027 -2.4978 6.4497 0.0144374
16.505 -0.063288 0.00551135 0.0281828 -0.0687058 0.0118475 0.0286271 0.467537 -2.07938 0.0200331 -1.36802 2.19481 0.00953767
16.555 -0.0531728 0.000993614 -0.0207773 0.0388857 -0.164975 -0.0198471 -0.767662 0.754682 -0.0185589 1.42915 -4.40222 -0.0138097
16.605 0.0234291 -0.00372907 -0.0286117 0.168715 -0.253287 -0.0283028 -1.73861 2.74063 -0.0224747 2.24773 -6.65028 -0.0130128
16.655 -0.0138806 -0.00793904 0.0198037 0.123869 -0.204946 0.0193297 -1.34834 2.30471 0.0184592 0.0901817 -2.39895 0.0114042
16.705 0.121514 -0.0108213 0.0306494 0.195721 -0.0413008 0.0291573 0.172888 -0.101505 0.0274544 -2.59159 3.75646 0.0149554
16.755 0.041053 -0.0120962 -0.0166194 0.0274078 0.15673 -0.0189821 1.64841 -2.38826 -0.0141177 -3.10369 5.3931 -0.0101338
16.805 -0.0186188 -0.011554 -0.0301733 -0.101167 0.289593 -0.0324235 1.83926 -2.56938 -0.0289164 -0.640472 1.05422 -0.0176164
16.855 -0.0173753 -0.00924407 0.0143481 -0.118099 0.288756 0.0130069 0.858622 -0.421938 0.00759574 2.76421 -4.29781 0.00733426
16.905 -0.055566 -0.00547927 0.0303705 -0.118641 0.151126 0.0305999 -0.875428 2.3157 0.0237184 3.42433 -4.66438 0.0191619
16.955 0.0351868 -0.000793899 -0.0130067 0.0421858 -0.0590792 -0.0111502 -1.46931 3.36604 -0.00895327 1.10971 0.522643 -0.00212478
17.005 0.039802 0.00414218 -0.0314549 0.109657 -0.241898 -0.0288753 -0.788605 1.79072 -0.0221719 -1.70403 5.76133 -0.0169531
17.055 0.0564368 0.00862168 0.0103263 0.14639 -0.310901 0.012268 0.501297 -1.21978 0.0104041 -2.34616 5.33108 -0.00178247
17.105 0.0680717 0.0120009 0.0330817 0.122136 -0.235674 0.0339941 1.41167 -3.30384 0.0241317 -0.0808974 -0.587146 0.0119878
17.155 -0.0792693 0.0143091 -0.0139747 -0.10769 -0.0557715 -0.0118744 0.716229 -2.84193 -0.00943857 1.8166 -6.0323 0.0023686
17.205 -0.0541925 0.0143048 -0.0335904 -0.157621 0.137177 -0.0340104 -0.615005 -0.273167 -0.0261697 1.47306 -5.51423 -0.00652252
17.255 -0.0792184 0.0124406 0.00719004 -0.221083 0.248465 0.00575572 -1.77927 2.28258 0.0087924 -1.24368 0.243971 0.00119192
17.305 -0.0742661 0.00896211 0.0329086 -0.194698 0.225284 0.0323206 -1.93672 2.76658 0.0316982 -3.24921 5.13063 0.00440465
17.355 -0.00809109 0.0053734 -0.00486094 -0.0534537 0.084461 -0.00405838 -0.40319 0.866727 -0.00204152 -2.16066 4.14439 -0.00985973
17.405 0.105579 0.000316165 -0.0321778 0.155683 -0.10027 -0.0303092 1.24104 -1.7458 -0.028391 1.13943 -1.34904 -0.0116573
17.455 0.00850361 -0.00471034 0.00361029 0.138518 -0.23036 0.00607069 2.17139 -2.81471 -0.00250845 3.46186 -5.16816 0.0135025
17.505 0.0345057 -0.0089119 0.0312378 0.18228 -0.236032 0.0325655 1.44889 -1.37536 0.0229969 2.58699 -2.98515 0.0224765
17.555 -0.0481864 -0.0117268 -0.00218235 0.0563175 -0.110852 -0.00259019 -0.116236 1.43143 -0.00204617 -0.287781 2.99835 -0.00525424
17.605 -0.053866 -0.0127909 -0.0326119 -0.0307991 0.0845525 -0.0338884 -1.43441 3.29072 -0.0238835 -2.36258 6.36397 -0.0259224
17.655 -0.0153898 -0.012633 -0.000823759 -0.0711489 0.252019 -0.00274406 -1.16597 2.61594 0.00169176 -1.43202 3.31535 -0.00530981
17.705 0.0115359 -0.0110662 0.0316507 -0.0883092 0.305814 0.0309008 -0.0884025 -0.131953 0.0257062 0.965113 -3.2237 0.0207064
17.755 0.0361306 -0.00713582 0.00240238 -0.043966 0.216412 0.00211368 1.26351 -2.80634 -0.00115795 2.09042 -6.63025 0.0120614
17.805 0.0371414 -0.00244345 -0.0312889 0.0197739 0.0232851 -0.0305537 1.33223 -3.31377 -0.0282056 0.459102 -3.52776 -0.0112201
17.855 0.0608177 0.00235172 -0.00314391 0.114012 -0.181867 -0.00142409 0.105045 -1.31295 -0.00302104 -2.2666 2.69373 -0.0113352
17.905 -0.0865127 0.00658892 0.0313888 0.00587054 -0.301213 0.033293 -1.38595 1.52317 0.0287499 -3.20954 5.5089 0.00229065
17.955 0.00340099 0.00968673 0.00491339 0.0804803 -0.27924 0.00595329 -1.94483 2.89107 0.00854623 -1.00133 2.16959 0.00202088
18.005 -0.0747284 0.0112221 -0.0310764 -0.0623247 -0.13008 -0.0308163 -1.0829 1.73996 -0.0229897 2.46266 -3.44225 -0.00292041
18.055 -0.0278387 0.0109975 -0.00786107 -0.098235 0.069963 -0.00843053 0.50258 -0.877816 -0.00699525 3.45861 -5.03473 0.00695579
18.105 0.0194125 0.00906927 0.0301736 -0.11005 0.220918 0.0292145 1.88018 -2.69915 0.0213169 1.57209 -0.691988 0.0123508
18.155 0.0114861 0.00491642 0.00897674 -0.12254 0.248286 0.00858465 1.60003 -2.13409 0.0054552 -1.5611 5.0217 -0.00545937
18.205 -0.0607094 0.000325196 -0.0297966 -0.137003 0.143423 -0.0297639 0.411472 0.409601 -0.0239775 -2.53036 5.89671 -0.0188722
18.255 0.033393 -0.00417468 -0.0110302 0.0478229 -0.036785 -0.0100941 -0.932477 2.85223 -0.00807722 -0.51141 0.72255 -0.00163815
18.305 0.0306675 -0.00822281 0.0282545 0.13093 -0.196995 0.0293203 -1.51294 3.14691 0.0235832 1.9273 -5.33737 0.0195453
18.355 0.0383682 -0.0109322 0.0122348 0.175075 -0.251853 0.0122316 -0.489358 0.971008 0.00979705 1.84499 -6.13812 0.00752983
18.405 -0.0333452 -0.0124125 -0.0272223 0.0856351 -0.170284 -0.0281247 0.772483 -1.99663 -0.0227501 -0.857267 -1.0062 -0.0178597
18.455 -0.088491 -0.01211 -0.0131956 -0.0384232 0.00929746 -0.0153044 1.12803 -3.42692 -0.0111378 -3.24743 4.58871 -0.0129411
18.505 0.0380483 -0.00932936 0.0254053 0.0115046 0.19811 0.0213399 0.563071 -2.23548 0.022314 -2.62091 4.85005 0.0120374
18.555 -0.0518964 -0.00588006 0.0157478 -0.138237 0.299849 0.0131743 -0.911321 0.550592 0.0139957 0.58282 -0.215491 0.013175
18.605 0.00517704 -0.0014062 -0.0253174 -0.0853036 0.261537 -0.0266354 -1.67428 2.65109 -0.0204685 3.30039 -4.88068 -0.00646674
18.655 0.0270718 0.00343176 -0.0174066 -0.0159772 0.0986606 -0.0170284 -1.12927 2.40003 -0.0131657 3.22557 -3.88699 -0.00926872
18.705 -0.0436311 0.00793043 0.0237717 -0.0167661 -0.111884 0.0258451 0.00333047 0.102321 0.0195824 0.167387 1.87329 0.00607032
18.755 0.0340586 0.0114344 0.0174344 0.113553 -0.269789 0.0201583 1.55669 -2.24238 0.0151108 -2.27492 6.24448 0.00741158
18.805 0.0165654 0.0134265 -0.0223983 0.101032 -0.300884 -0.0198628 1.80215 -2.60589 -0.0176737 -1.9868 4.37107 -0.00461281
18.855 0.0287548 0.0148622 -0.0216722 0.0695548 -0.192268 -0.0184864 0.84297 -0.619137 -0.0157396 0.469111 -2.07346 -0.00465571
18.905 -0.0573146 0.0131626 0.0220068 -0.09769 -0.00242941 0.0227501 -0.567312 2.11191 0.0152084 2.19716 -6.56786 0.00469692
18.955 0.04041 0.00946805 0.0234879 -0.0791521 0.174497 0.019455 -1.35764 3.3234 0.0109626 1.0547 -4.58456 2.66627e-07
19.005 0.0353804 0.00500651 -0.0209233 -0.104514 0.251845 -0.0235229 -0.78256 1.95121 -0.0190038 -1.77211 1.65422 -0.0124767
19.055 0.0484217 -6.61057e-05 -0.0203591 -0.0551971 0.194278 -0.0214309 0.384503 -0.976278 -0.0147377 -3.3825 5.57064 -0.0020944
19.105 0.0507749 -0.00504826 0.0184634 0.028817 0.0351259 0.0188574 1.39899 -3.16887 0.0192199 -1.6374 3.21395 0.0178305
19.155 0.00695275 -0.00910789 0.0221462 0.0772207 -0.140803 0.0234816 0.751327 -2.92551 0.0205793 1.84556 -2.58851 0.0100486
19.205 -0.0616578 -0.0118949 -0.0171611 0.0723524 -0.240889 -0.017534 -0.470969 -0.508912 -0.0142783 3.68045 -5.3265 -0.0166327
19.255 -0.0395284 -0.0131819 -0.0225904 0.0976465 -0.210675 -0.0226007 -1.65745 2.08426 -0.0219129 2.12246 -1.8398 -0.0175749
19.305 -0.00924991 -0.012606 0.0163965 0.0756668 -0.0622594 0.0157158 -1.68255 2.76697 0.0106068 -1.07984 4.24632 0.010053
19.355 0.0802009 -0.0104278 0.0225324 0.0857908 0.131513 0.0209372 -0.492376 1.06548 0.0197485 -2.60845 6.34781 0.0221968
19.405 0.0489892 -0.00679722 -0.0161172 -0.0156026 0.273499 -0.0186885 1.05113 -1.51372 -0.00694129 -1.1518 1.96794 0.000836586
19.455 -0.010428 -0.00309241 -0.0234896 -0.0978344 0.289979 -0.0244865 1.85173 -2.74449 -0.0146273 1.46674 -4.56545 -0.017435
19.505 0.0156696 0.00160112 0.0134012 -0.0431877 0.170103 0.0132331 1.38009 -1.53229 0.0118242 2.17187 -6.61294 -0.00890201
19.555 -0.056303 0.00584007 0.0250808 -0.0520411 -0.0316297 0.0261165 -0.106958 1.1736 0.0156455 -0.00621437 -2.20308 0.00409324
19.605 0.00931607 0.00902717 -0.0110215 0.0752546 -0.21941 -0.00915946 -1.10868 3.14397 -0.0170727 -2.80301 3.92491 0.00342952
19.655 0.005651 0.0107332 -0.0244204 0.0961133 -0.304115 -0.0225274 -1.0533 2.70761 -0.024632 -2.9736 5.38141 0.00357231
19.705 -0.0243487 0.010743 0.0103113 0.0370982 -0.247289 0.0114263 -0.164252 0.130223 0.0100506 -0.366068 0.895158 0.0093335
19.755 -0.0587909 0.00909378 0.02524 -0.0682367 -0.0799308 0.0253169 0.968381 -2.58387 0.0269323 2.87066 -4.41441 0.00113662
19.805 -0.0202861 0.00605021 -0.00901882 -0.108322 0.113271 -0.00945768 1.11982 -3.31192 -0.00180592 3.38616 -4.59073 -0.0167126
19.855 -0.0115802 0.00191604 -0.026103 -0.145763 0.236255 -0.0264652 0.0385357 -1.53219 -0.0209 0.944631 0.729996 -0.0122621
19.905 0.0453328 -0.00277685 0.00812383 -0.0817875 0.229891 0.0088166 -1.12983 1.26462 0.00085628 -1.90429 5.88193 0.0150812
19.955 0.00798582 -0.00675827 0.0254194 -0.0509887 0.101704 0.0265486 -1.70569 2.80598 0.0156555 -2.33908 5.20893 0.023082
20.005 0.00788679 -0.00982433 -0.00576269 0.0420074 -0.0795766 -0.00404195 -0.943919 1.89493 -0.00467011 -0.0436507 -0.86498 -0.00418114
20.055 0.0541871 -0.0116041 -0.0259089 0.164931 -0.218073 -0.0244316 0.517832 -0.617146 -0.0161125 2.11507 -6.2075 -0.0247294
20.105 0.00488589 -0.0116366 0.00341459 0.139168 -0.239394 0.00290173 1.64417 -2.5566 0.00979487 1.54303 -5.41827 -0.00860055
20.155 0.00952602 -0.00992581 0.0263627 0.113702 -0.129436 0.0250596 1.70177 -2.23367 0.0238091 -1.31807 0.508119 0.0145099
20.205 0.0143065 -0.00609973 -0.00231119 0.0457954 0.0594139 -0.00485265 0.46336 0.149928 -0.00693605 -3.32772 5.29169 0.0110478
20.255 -0.00999775 -0.00179356 -0.0256632 -0.0527251 0.231765 -0.0286194 -0.884736 2.65007 -0.0287979 -2.18561 4.05056 -0.00368811
20.305 0.0197775 0.00289392 0.0017589 -0.0679816 0.300174 -0.000504309 -1.26139 3.17464 -0.00396552 1.19082 -1.565 -0.00376801
20.355 0.000404547 0.0073379 0.0264914 -0.0779133 0.227426 0.0256822 -0.609257 1.20823 0.0222715 3.49189 -5.23704 0.00107257
20.405 -0.0716631 0.0112066 0.000255407 -0.0956544 0.0460783 0.000938556 0.480699 -1.74249 0.00614762 2.56856 -2.80488 -0.00375148
20.455 -0.00551875 0.0140444 -0.026009 0.0371448 -0.157494 -0.0238994 1.22628 -3.3642 -0.0155717 -0.38915 3.23737 -0.0052848
20.505 -0.033437 0.014515 -0.00213787 0.0491138 -0.286935 0.000280697 0.589786 -2.41218 -0.00117987 -2.35686 6.38096 0.0067328
20.555 0.0236708 0.0131649 0.0256013 0.10233 -0.281288 0.0276881 -0.65313 0.287031 0.0161231 -1.50059 3.05728 0.0118141
20.605 -0.0148721 0.0101676 0.0031366 0.00377535 -0.146771 0.00365455 -1.54962 2.52165 -0.00171441 1.02094 -3.51085 -0.00469315
20.655 -0.0643754 0.00592588 -0.023976 -0.126236 0.0473955 -0.0246835 -1.43941 2.5093 -0.020034 2.0288 -6.65811 -0.0161819
20.705 -0.0415545 0.00100601 -0.00443661 -0.16477 0.204113 -0.00582251 -0.204604 0.350838 0.000559359 0.370613 -3.28134 -0.000392809
20.755 -0.0493947 -0.00392551 0.0239426 -0.183115 0.247076 0.0227095 1.1835 -2.07095 0.0252019 -2.34061 2.9398 0.0160932
20.805 0.0164537 -0.00849732 0.00695479 -0.072743 0.158429 0.00729273 1.81163 -2.65896 0.00610484 -3.15417 5.4966 0.00438684
20.855 0.0733856 -0.0117125 -0.0264067 0.0701676 -0.0124137 -0.0233323 1.20321 -0.853478 -0.0229481 -0.742234 1.94323 -0.0129904
20.905 0.067961 -0.0130718 -0.00794659 0.152909 -0.174695 -0.0054292 -0.263499 1.89706 -0.0126725 2.47833 -3.58861 -0.00632742
20.955 0.0594263 -0.0126467 0.0235531 0.193925 -0.242626 0.025284 -1.08635 3.31042 0.0154766 3.51495 -4.90012 0.0110834
21.005 -0.0299318 -0.011153 0.00870606 0.0948681 -0.179215 0.00934121 -0.935794 2.15371 0.00843738 1.38951 -0.407729 0.00834838
21.055 -0.0435814 -0.00878154 -0.0229939 0.0220622 -0.0136907 -0.0238349 0.0752673 -0.727269 -0.0136919 -1.57998 5.12963 -0.00907797
21.105 0.0144295 -0.00461695 -0.00966684 -0.00071316 0.172673 -0.011349 0.946745 -3.07776 -0.00586942 -2.29966 5.67613 -0.00933512
21.155 0.0442007 -6.04754e-05 0.0208786 -0.0276381 0.285051 0.0187151 0.879831 -3.06231 0.0167145 -0.442488 0.38154 0.00470686
21.205 0.0636806 0.00410049 0.0107725 -0.0180377 0.264811 0.00925639 -0.0769159 -0.75396 0.00595544 1.73569 -5.4523 0.00675067
21.255 0.0874157 0.0072861 -0.0210378 0.0443433 0.118361 -0.021169 -1.28441 1.93662 -0.0186413 1.66901 -5.92142 -0.0022666
21.305 0.029638 0.00941352 -0.0119427 0.0496042 -0.0855066 -0.010649 -1.64224 2.83743 -0.0073286 -0.879459 -0.71007 -0.000455251
21.355 -0.0617561 0.0102631 0.0202425 0.00970856 -0.249605 0.0229058 -0.773756 1.28604 0.0213171 -3.12466 4.6359 0.00500777
21.405 -0.0386776 0.00876857 0.0139841 0.0427528 -0.297487 0.016018 0.696136 -1.33621 0.0147587 -2.42091 4.61697 -0.00315721
21.455 0.0275852 0.00616843 -0.019052 0.068003 -0.208001 -0.0180843 1.63378 -2.76433 -0.017042 0.721019 -0.431237 -0.0113559
21.505 0.00962674 0.002451 -0.0146134 -0.0240456 -0.0283491 -0.0148058 1.43809 -1.7335 -0.016199 3.25914 -4.79515 0.000505874
21.555 0.0188954 -0.00113618 0.016769 -0.0821283 0.151918 0.014925 0.297449 0.959683 0.00974483 2.8076 -3.56017 0.0167097
21.605 -0.017817 -0.00513433 0.0101184 -0.160993 0.243095 0.00905458 -0.974049 3.09731 0.0115908 0.0451136 2.08461 0.00728074
21.655 -0.0618128 -0.0082091 -0.0162957 -0.175557 0.203494 -0.015337 -1.34795 2.8697 -0.0126127 -2.30674 6.08836 -0.0170173
21.705 -0.0690636 -0.00996267 -0.0154775 -0.106757 0.0569148 -0.0140438 -0.401467 0.368624 -0.0104379 -1.82706 3.98363 -0.0174825
21.755 -0.0543309 -0.0101267 0.015635 -0.00106044 -0.118393 0.0171674 0.739991 -2.46326 0.0137558 0.656288 -2.30362 0.00942157
21.805 -0.0386838 -0.00864092 0.0169186 0.0807146 -0.229692 0.0178295 1.13006 -3.40135 0.0104366 2.10737 -6.41843 0.0185419
21.855 0.0117398 -0.0061469 -0.0140367 0.143702 -0.217238 -0.0141468 0.478314 -1.75183 -0.0150272 0.867421 -4.2416 0.00131758
21.905 -0.0266863 -0.00227983 -0.0179806 0.0675949 -0.0834363 -0.0195601 -0.86902 1.09899 -0.0134032 -1.97112 1.81193 -0.00973311
21.955 -0.0167466 0.00221991 0.0127521 -0.000473985 0.106201 0.00963552 -1.62342 2.82648 0.016268 -3.20818 5.38482 -0.00381038
22.005 -0.0367388 0.00659911 0.0187496 -0.0913614 0.256386 0.0155266 -1.18238 2.07959 0.0206972 -1.35718 2.92133 -5.91933e-05
22.055 -0.00235902 0.0106506 -0.0122337 -0.0870014 0.290391 -0.0140849 0.293224 -0.426978 -0.00803004 2.03733 -2.62758 -0.0010534
22.105 0.0337228 0.013212 -0.0209712 -0.0354787 0.186993 -0.0192108 1.67346 -2.52217 -0.0181218 3.64693 -5.03641 0.00191237
22.155 -0.00713896 0.0139287 0.0117605 -0.0157667 -0.00624314 0.0140958 1.72455 -2.3832 0.00406858 1.89279 -1.51607 0.00754136
22.205 0.0355949 0.0128774 0.0183471 0.0889321 -0.197285 0.0212295 0.809401 -0.0619034 0.0120265 -1.15531 4.25054 0.00151153
22.255 -0.00494657 0.0101779 -0.0116323 0.0772636 -0.295175 -0.0088331 -0.676076 2.5499 -0.00771878 -2.55329 6.00953 -0.0127212
22.305 0.0296583 0.00618257 -0.0193979 0.0897029 -0.254915 -0.0174973 -1.31607 3.2685 -0.0128128 -0.963725 1.61864 -0.010258
22.355 0.0028145 0.0014358 0.00928483 -0.0018935 -0.0995279 0.0097252 -0.801332 1.42224 0.00988628 1.58339 -4.59346 0.0113347
22.405 0.0119783 -0.00342889 0.0195371 -0.0688522 0.0918624 0.0187995 0.399706 -1.57733 0.0150014 1.99737 -6.32719 0.0169857
22.455 0.0559876 -0.00775705 -0.00732453 -0.073727 0.223947 -0.00871372 1.27338 -3.37658 -0.0101035 -0.171781 -1.92849 -0.00346581
22.505 0.0437867 -0.0109647 -0.0197889 -0.0809802 0.233007 -0.0207832 0.771723 -2.58642 -0.0189686 -2.86067 3.90735 -0.0146606
22.555 0.0369359 -0.013232 0.00746255 -0.0279916 0.118025 0.00744074 -0.602934 0.0925516 0.0065938 -2.99102 5.12685 -0.000802478
22.605 -0.0414445 -0.0139474 0.0202513 -0.0103203 -0.0584079 0.0208419 -1.72106 2.45932 0.0202783 -0.144027 0.714498 0.0106404
22.655 -0.0210786 -0.0121319 -0.00597836 0.0851571 -0.202019 -0.00481605 -1.759 2.62401 0.000133215 2.95048 -4.29951 0.00154239
22.705 -0.0139743 -0.00932084 -0.0210265 0.125131 -0.237387 -0.020331 -0.389638 0.544271 -0.0146239 3.36249 -4.28694 -0.00877684
22.755 0.0234404 -0.00556176 0.00469832 0.134816 -0.143128 0.00438873 1.24716 -1.95568 0.00188147 0.744989 0.90974 -0.00301925
22.805 0.0196529 -0.00097071 0.0201282 0.0656812 0.0357232 0.0187275 1.9851 -2.71902 0.0129867 -2.04571 5.74881 0.00575154
22.855 -0.0102906 0.00381199 -0.00331995 -0.0312645 0.209892 -0.00535062 1.21432 -1.04067 -0.00530595 -2.22159 4.88768 0.00161137
22.905 -0.00902925 0.00707745 -0.0201306 -0.0806453 0.290296 -0.0222402 -0.264387 1.73067 -0.0170609 0.0346441 -1.07561 -0.00386825
22.955 -0.0066763 0.00901498 0.00210389 -0.0783245 0.234426 0.00087956 -1.26035 3.29766 0.00270237 2.09669 -6.1382 0.00238841
23.005 -0.000462882 0.00938302 0.0194866 -0.0275327 0.0663994 0.0192573 -1.05836 2.30972 0.0176492 1.43908 -5.17713 0.00475599
23.055 0.0134938 0.00816679 -2.04149e-05 0.0473154 -0.134374 0.00134928 0.123392 -0.52032 -0.00104852 -1.35491 0.667584 -0.00514905
23.105 -0.0175927 0.00700259 -0.0197719 0.0570804 -0.27119 -0.0177598 1.11761 -2.9786 -0.0174998 -3.29903 5.23656 -0.00609042
23.155 -0.01539 0.00652002 -0.000141505 0.0552038 -0.278849 0.00164637 1.09078 -3.14669 -0.000588017 -2.11735 3.881 0.00769085
23.205 0.0329728 0.00290897 0.0210286 0.0518371 -0.160318 0.0218785 -0.025576 -0.95482 0.0171926 1.30722 -1.64188 0.0108572
23.255 0.0426396 -0.000965539 0.00152359 -0.0127208 0.025862 0.0013979 -1.42046 1.77737 0.00286359 3.66465 -5.12356 -0.00598796
23.305 0.0404996 -0.00407637 -0.0209249 -0.0760337 0.187046 -0.021688 -1.66308 2.84033 -0.0147712 2.65244 -2.60807 -0.0182052
23.355 0.022362 -0.00595326 -0.00316919 -0.110335 0.244649 -0.00376946 -0.706745 1.44967 -0.0015486 -0.475096 3.32259 -0.00374541
23.405 0.0346673 -0.00630223 0.0189236 -0.0581096 0.173461 0.0193122 0.850103 -1.14585 0.0160684 -2.49455 6.2609 0.0173891
23.455 0.00983758 -0.00504815 0.00263166 -0.00262866 0.013692 0.00393372 1.8349 -2.70318 0.00340927 -1.59635 2.82553 0.0127791
23.505 0.00645115 -0.00766822 -0.018536 0.0823509 -0.154764 -0.0163263 1.50348 -1.85502 -0.0155766 0.975984 -3.6631 -0.00830733
23.555 -0.0153491 -0.00414275 -0.00457845 0.113206 -0.236433 -0.00335986 0.0861372 0.747913 -0.00532389 2.12973 -6.61899 -0.0128387
23.605 -0.00632776 -0.00301396 0.0195114 0.121061 -0.19286 0.01908 -1.21087 2.96673 0.0125453 0.338566 -3.10498 -0.00126172
23.655 -0.00607189 0.00115693 0.00648462 0.0674979 -0.0396495 0.00434277 -1.31471 2.93234 0.0014356 -2.42181 3.08755 0.00489149
23.705 -0.00883981 0.00470063 -0.0181607 -0.0106802 0.144782 -0.0214435 -0.352567 0.580124 -0.0154686 -3.16789 5.49768 0.00491113
23.755 0.00429422 0.00835353 -0.00752581 -0.061725 0.269047 -0.0111891 0.866061 -2.26064 -0.00321089 -0.765251 1.83189 0.00641852
23.805 0.00381326 0.0101497 0.0173464 -0.0757938 0.267058 0.0166636 1.18514 -3.37261 0.0176493 2.58584 -3.6718 0.0011015
23.855 -0.00942541 0.00932327 0.00801811 -0.0587377 0.136479 0.00859028 0.330469 -1.91711 0.00804654 3.57252 -4.84531 -0.0116668
23.905 -0.00913808 0.00688124 -0.0171202 -0.000717396 -0.061432 -0.0149753 -0.996702 0.867518 -0.0145717 1.40591 -0.255872 -0.0144047
23.955 -0.0397214 0.00316501 -0.00794747 0.0208428 -0.232722 -0.00498039 -1.81044 2.7146 -0.00993796 -1.6514 5.21673 0.00410305
24.005 -0.0171132 -0.00136516 0.0169271 0.0588416 -0.2963 0.0196649 -1.2059 2.17549 0.011265 -2.50733 5.58389 0.0218215
24.055 -0.0220545 -0.00608301 0.00857197 0.0206164 -0.223952 0.0101451 0.273944 -0.205187 0.0090174 -0.524667 0.156693 0.0102629
24.105 -0.0336902 -0.0103591 -0.0160577 -0.0590681 -0.0541338 -0.0160167 1.52835 -2.35622 -0.00899776 1.73961 -5.61419 -0.0160088
24.155 -0.0364719 -0.0136114 -0.0104363 -0.1315 0.127544 -0.0115389 1.78272 -2.41729 -0.00517608 1.70156 -5.87502 -0.0175819
24.205 -0.0393598 -0.0146762 0.0145329 -0.169002 0.23313 0.0130612 0.7445 -0.272877 0.0115119 -0.75602 -0.50133 0.00409915
24.255 0.0111246 -0.00651683 0.0117045 -0.0971037 0.2176 0.0110526 -0.576893 2.33444 0.00337955 -2.9483 4.80542 0.0143936
24.305 0.00919862 -0.00483981 -0.0141327 -0.0313969 0.0826006 -0.013701 -1.18948 3.22665 -0.017854 -2.35006 4.59401 0.0044728
24.355 0.0086706 -0.00181746 -0.0120525 0.0560198 -0.0910223 -0.0108624 -0.632475 1.59712 -0.0116122 0.68785 -0.587998 -0.00505613
24.405 0.00577334 0.0021368 0.0136986 0.122197 -0.211354 0.0149315 0.53563 -1.32989 0.0147166 3.30269 -4.88479 -0.00512579
24.455 -0.00656259 0.00651098 0.0116535 0.130046 -0.213639 0.0121186 1.1125 -3.24979 0.0166839 2.87763 -3.45947 -0.00361639
24.505 -0.0224337 0.0106555 -0.0137943 0.0790368 -0.093544 -0.0145592 0.634706 -2.68887 -0.00518398 0.0312648 2.26884 -0.00254409
24.555 0.0117039 0.0140054 -0.0129232 0.0425522 0.0903433 -0.0147589 -0.515453 -0.155148 -0.0111401 -2.31093 6.13383 0.00391532
24.605 0.0290396 0.0160953 0.0120436 -0.0104662 0.245672 0.00981575 -1.55685 2.27348 0.00498926 -1.82725 3.801 0.011464
24.655 0.0216374 0.0166473 0.0126286 -0.0543363 0.29275 0.0108975 -1.47288 2.65051 0.00689247 0.563941 -2.56072 0.0028254
24.705 -0.0236828 0.0156006 -0.0103881 -0.0874852 0.204765 -0.0108153 -0.301249 0.761221 -0.00822549 2.0198 -6.4922 -0.013647
24.755 -0.0238302 0.0131397 -0.0136476 -0.0377951 0.021599 -0.0127668 1.1302 -1.73201 -0.00651605 0.791781 -4.06172 -0.00925477
24.805 -0.00837297 0.00837794 0.00933951 0.0349116 -0.172989 0.0111151 1.7311 -2.67431 0.0130921 -1.866 2.05594 0.00924596
24.855 0.00953238 -0.00118176 0.0154829 0.0819803 -0.288178 0.0175137 1.1092 -1.2184 0.0113898 -3.11543 5.44645 0.0108136
24.905 0.0268088 -0.00614086 -0.00907259 0.08313 -0.262555 -0.00763588 -0.175921 1.47871 -0.0132366 -1.25499 2.76023 -0.00479432
24.955 0.0201403 -0.00964296 -0.0147906 0.0184296 -0.120246 -0.0143881 -1.17852 3.19085 -0.0191361 1.93453 -2.79291 -0.0106352
25.005 0.0178954 -0.0162378 0.00908691 -0.0589257 0.0612879 0.00857089 -1.06292 2.44175 0.00368166 3.43065 -4.98651 0.000982776
25.055 0.0160125 -0.0169514 0.0152845 -0.115053 0.200315 0.0145741 -0.0138195 -0.262173 0.0154028 1.81542 -1.28812 0.0100861
25.105 0.0115511 -0.0160266 -0.00832797 -0.116319 0.224069 -0.0088413 0.914995 -2.79893 0.000705623 -1.15504 4.39542 0.00209827
25.155 0.0113361 -0.013215 -0.0159173 -0.0622772 0.12514 -0.0154644 0.971807 -3.19465 -0.00781291 -2.3725 5.87006 -0.00684203
25.205 0.0319124 -0.00885294 0.00636837 0.0412788 -0.0416849 0.0077825 -0.00856832 -1.18995 0.00486524 -0.887911 1.30616 -0.00208902
25.255 -0.0036316 -0.00486704 0.0152423 0.0866046 -0.188769 0.0165116 -1.17702 1.55453 0.00874869 1.43872 -4.76414 0.0037866
25.305 -0.0342455 0.00101949 -0.00512422 0.10637 -0.236531 -0.0060167 -1.58752 2.81691 -0.00767222 1.77978 -6.18495 -9.28204e-05
25.355 -0.0284029 0.00433276 -0.0146804 0.0910966 -0.15823 -0.0159565 -0.847065 1.63413 -0.0115348 -0.315572 -1.62856 -0.0018724
25.405 -0.0158123 0.00668762 0.00514352 0.0415309 0.00931618 0.00279142 0.625927 -0.918108 0.00812345 -2.6662 4.03446 0.00259581
25.455 -0.0148103 0.00765013 0.0162604 -0.0314906 0.183098 0.0128207 1.68101 -2.62657 0.016147 -2.63576 4.95877 -0.000137379
25.505 -0.00165768 0.0107949 -0.00384472 -0.0692643 0.278985 -0.0070112 1.56865 -2.00472 -0.00401203 0.0890597 0.469183 -0.00795394
25.555 0.0177258 0.0109907 -0.0167242 -0.0595251 0.242929 -0.0184205 0.414998 0.494214 -0.0178339 2.89127 -4.31092 -0.0045879
25.605 0.0202558 0.007393 0.00312284 -0.0183902 0.0898455 0.00330228 -0.853499 2.82719 -0.00316974 3.08595 -4.01867 0.010327
25.655 -0.00592722 0.00302462 0.0159218 0.0134897 -0.106525 0.0179755 -1.2603 3.0244 0.0117907 0.600533 1.16647 0.0138986
25.705 -0.00603252 -0.00153978 -0.00222859 0.0571633 -0.252975 0.000942581 -0.550359 0.829364 0.00179977 -1.95005 5.68842 -0.00340456
25.755 0.0206364 -0.00578225 -0.0157665 0.0872338 -0.280832 -0.0127974 0.690572 -2.06313 -0.00847992 -1.99094 4.53482 -0.0167226
25.805 0.0455031 -0.00912418 0.000610868 0.0700845 -0.179528 0.00233596 1.18997 -3.38631 0.00279171 0.182984 -1.37259 -0.00493809
25.855 0.0239571 -0.0111028 0.0150945 -0.0198123 -0.00151892 0.0152684 0.534836 -2.1269 0.011138 1.89836 -6.07743 0.0120895
25.905 -0.0324186 -0.0108734 -0.000526674 -0.137339 0.16475 -0.0015837 -0.805242 0.640876 -0.00275917 1.06126 -4.83877 0.00880308
25.955 -0.0241352 -0.00917002 -0.0147468 -0.149047 0.237326 -0.0165948 -1.73754 2.66552 -0.0134616 -1.52925 0.920026 -0.00465004
26.005 -0.0451752 -0.00648999 -0.000950768 -0.138009 0.183025 -0.00183103 -1.45466 2.34386 0.00231734 -3.04552 5.14124 -0.00810817
26.055 0.00656326 0.000574173 0.0166801 -0.0118441 0.0366254 0.0168047 -0.0103551 0.0373493 0.0167183 -1.7135 3.57157 -0.00303767
26.105 -0.0118608 0.00730354 0.00220753 0.0577716 -0.124913 0.00288256 1.46514 -2.24562 0.00210311 1.46407 -1.78564 -3.67097e-05
26.155 -0.00131363 0.0113572 -0.0150566 0.123985 -0.21767 -0.0140555 1.82021 -2.53143 -0.0157022 3.36046 -4.91444 0.00301975
26.205 -0.0123115 0.0141 -0.00238959 0.117378 -0.188561 -0.00210226 0.964835 -0.513162 -0.00776424 2.28176 -2.25276 0.00860552
26.255 -0.031084 0.0141407 0.0145503 0.0563846 -0.0498281 0.0140587 -0.527848 2.16364 0.00867242 -0.608305 3.43109 0.00690991
26.305 -0.0448163 0.0150481 0.0024931 -0.0307048 0.132113 0.000672401 -1.3347 3.28268 0.00381255 -2.35128 5.9811 -0.00654745
26.355 -0.0288242 0.0143855 -0.0146433 -0.0791764 0.263934 -0.0169145 -0.935007 1.82569 -0.00756877 -1.28278 2.42415 -0.0136922
26.405 -0.0121059 0.00964654 -0.00417723 -0.0883147 0.27407 -0.00581643 0.321705 -1.11091 -0.00013896 1.07515 -3.78703 -0.000416973
26.455 0.0348285 0.00207551 0.0151283 -0.0242045 0.154848 0.0151196 1.2253 -3.22687 0.010953 1.9014 -6.36485 0.0128097
26.505 0.0384313 -0.00167923 0.00513953 0.0338851 -0.0363519 0.0062711 0.976177 -2.87147 0.000280876 0.14645 -2.76033 0.00483232
26.555 0.0111879 -0.00542783 -0.0139444 0.0591403 -0.212131 -0.011911 -0.354951 -0.390779 -0.0137656 -2.43747 3.16541 -0.0101275
26.605 0.0485476 -0.00859715 -0.00621497 0.116458 -0.289043 -0.00420138 -1.52475 2.18024 -0.00290791 -2.86584 5.25387 -0.00840606
26.655 0.0218676 -0.0106865 0.013693 0.0634112 -0.23237 0.0149126 -1.69213 2.76754 0.0160396 -0.436959 1.56976 0.00430316
26.705 0.0178699 -0.0113637 0.00655352 -0.00254328 -0.0730934 0.00678579 -0.48289 0.985428 0.00980295 2.562 -3.64369 0.00762239
26.755 0.0290463 -0.0105095 -0.0131149 -0.0586132 0.108034 -0.0136739 1.14215 -1.59543 -0.0104297 3.36812 -4.54886 -4.97311e-06
26.805 0.0245423 -0.00819699 -0.00608778 -0.100831 0.221216 -0.00683698 1.90513 -2.7475 -0.0106884 1.16312 -0.00654006 -0.00273106
26.855 0.0281271 -0.0102798 0.0125471 -0.0840888 0.20568 0.0121413 1.34312 -1.43969 0.00426503 -1.65345 5.14847 0.00276276
26.905 0.00615007 -0.0104439 0.00694183 -0.0439823 0.080354 0.00705417 -0.0978575 1.28758 0.00357274 -2.29652 5.25117 0.0025024
26.955 -0.00728391 -0.00642842 -0.012335 0.027175 -0.0886498 -0.0112145 -1.27677 3.18105 -0.00774813 -0.387197 -0.10895 -0.00368621
27.005 0.0115922 -0.000206043 -0.00835263 0.116502 -0.212273 -0.00692472 -1.22452 2.62334 -0.00248909 1.72605 -5.58066 -0.00257728
27.055 -0.0161156 0.00458475 0.0113758 0.11519 -0.22553 0.0121365 -0.152214 -0.0197449 0.0121323 1.46698 -5.60418 0.00195397
27.105 -0.0176598 0.00876377 0.00924445 0.0860076 -0.117534 0.0088527 0.951146 -2.70669 0.00606728 -0.998033 -0.282827 -0.00155301
27.155 -0.0352698 0.0094997 -0.0103051 0.00487167 0.0591641 -0.0115947 1.07232 -3.30378 -0.012664 -3.00418 4.77509 -0.0056083
27.205 -0.0273711 0.00721275 -0.00947602 -0.0597943 0.217489 -0.0121686 0.017176 -1.40934 -0.00992597 -2.23264 4.38943 0.0015236
27.255 -0.0330745 0.00388857 0.010634 -0.106618 0.277301 0.00800643 -1.22781 1.4054 0.00984106 0.899066 -0.714039 0.0101745
27.305 -0.0195532 -0.000197615 0.00979109 -0.0878332 0.205918 0.00834485 -1.76644 2.85535 0.01276 3.33632 -4.79059 0.00364992
27.355 -0.0291851 -0.00460469 -0.010481 -0.0538095 0.0350642 -0.0101311 -0.924079 1.82347 -0.00349543 2.7873 -3.24484 -0.0102448
27.405 -0.0266417 -0.00872039 -0.0104914 0.0037287 -0.15449 -0.00845924 0.637458 -0.7325 -0.00794297 -0.0998694 2.38624 -0.00858254
27.455 -0.00746003 -0.0120211 0.00896378 0.0568095 -0.272864 0.0119069 1.75349 -2.59887 0.00395367 -2.31964 6.02049 0.00846538
27.505 -0.0121468 -0.0140666 0.0111495 0.0438591 -0.265256 0.0138983 1.61643 -2.14833 0.00382228 -1.75691 3.56469 0.0142744
27.555 -0.0265617 -0.0146098 -0.00835839 -0.0196645 -0.138704 -0.00691376 0.431814 0.293431 -0.00918192 0.597661 -2.71035 -0.000784679
27.605 0.00588517 0.000948994 -0.0103201 -0.0587842 0.0559937 -0.0101135 -0.82201 2.72969 -0.00889515 2.06602 -6.44578 -0.0134307
27.655 0.000504694 0.0029533 0.00675633 -0.111489 0.201103 0.00570164 -1.22667 3.10625 0.00816704 0.736392 -3.88581 -0.00860021
27.705 0.0066233 0.00631549 0.0114761 -0.110348 0.240125 0.0101985 -0.46078 1.03173 0.0109281 -1.97457 2.18538 0.00187406
27.755 -0.0116343 0.0103469 -0.00677645 -0.0834808 0.157398 -0.00753995 0.725862 -1.90803 -0.00614297 -3.07891 5.42499 0.00669687
27.805 0.00522168 0.0143509 -0.0117315 0.0116825 -0.0011159 -0.0114995 1.18711 -3.38953 -0.0105823 -1.11709 2.64963 0.00738369
27.855 0.0203759 0.017757 0.00705581 0.104892 -0.151237 0.00804801 0.527994 -2.29579 0.00434428 2.18114 -2.86537 0.00411439
27.905 0.00138846 0.0200732 0.0125245 0.129873 -0.213322 0.0134741 -0.793557 0.447934 0.0107186 3.53311 -4.93161 -0.00565908
27.955 0.00415589 0.0210083 -0.00574345 0.124614 -0.15255 -0.00565602 -1.63247 2.58674 -0.00253641 1.73467 -1.15563 -0.0124191
28.005 0.00117512 0.0204518 -0.0127929 0.068122 0.00314759 -0.0139578 -1.36034 2.44318 -0.00824602 -1.29047 4.46682 -0.00323531
28.055 -0.00228412 0.0184877 0.00398909 -0.00699114 0.176695 0.00188883 -0.0712063 0.226667 0.00444649 -2.54801 5.8017 0.0146122
28.105 0.00879505 0.0154393 0.0112801 -0.0512386 0.280302 0.00918276 1.36692 -2.11705 0.00983192 -0.902086 1.1333 0.0146262
28.155 0.0258045 0.011775 -0.00452041 -0.0486872 0.259438 -0.0057469 1.72096 -2.56335 -0.00362774 1.50719 -4.89409 -0.00698376
28.205 0.0212599 0.00803959 -0.0122173 -0.0240933 0.120494 -0.0119398 0.892015 -0.690119 -0.0105565 1.84605 -6.16311 -0.0200218
28.255 0.0496378 -0.0122432 0.00434234 0.0576457 -0.0876406 0.0063836 -0.40838 1.98676 0.00159136 -0.367363 -1.48028 -0.00688582
28.305 0.0231299 -0.0289079 0.0124638 0.0720309 -0.260487 0.0151592 -1.23498 3.24064 0.0086091 -2.81197 4.16937 0.0116389
28.355 -0.00114125 -0.0289485 -0.000710326 0.0612983 -0.299542 0.00235347 -0.936586 1.96643 -0.00377353 -2.65819 4.96553 0.0123051
28.405 -0.00222167 -0.0276073 -0.0135419 0.0275226 -0.214077 -0.012194 0.154044 -0.884745 -0.0100413 0.176879 0.368248 0.000953928
28.455 -0.00187874 -0.0256597 0.00194511 -0.0363843 -0.0439668 0.00172252 1.01509 -3.08978 0.00361961 3.06102 -4.38111 -0.00553382
28.505 -0.00387005 -0.0226133 0.0129881 -0.0995389 0.125079 0.0117923 0.829471 -2.92599 0.0125926 3.15091 -3.95271 -0.00546322
28.555 -0.030016 -0.0187571 -0.000801875 -0.151412 0.209781 -0.00208374 -0.30692 -0.589301 0.000612252 0.473637 1.31365 -0.00310452
28.605 -0.0295076 -0.0146598 -0.0122874 -0.125204 0.17074 -0.012779 -1.37132 1.9975 -0.0115669 -2.11577 5.7466 0.00277159
28.655 -0.0043155 -0.0109464 0.000534171 -0.031405 0.0318303 0.00111814 -1.52838 2.74742 -0.00242452 -2.082 4.40875 0.00915002
28.705 -0.0172293 -0.00817148 0.0122311 0.037871 -0.132307 0.0135529 -0.546549 1.13693 0.00899179 0.204817 -1.58871 0.00505756
28.755 -0.0334383 -0.00677225 1.02305e-05 0.0813343 -0.234422 0.00126268 0.959015 -1.39774 0.00203678 1.98209 -6.19077 -0.00888329
28.805 -0.0294638 0.0141128 -0.01316 0.098845 -0.202151 -0.013207 1.85526 -2.68209 -0.00667411 1.16938 -4.74087 -0.0126971
28.855 0.00792976 0.0305133 -0.00109928 0.10143 -0.0493667 -0.0023517 1.42752 -1.56816 0.00158438 -1.47821 1.11368 0.0015769
28.905 0.0236868 0.0328092 0.0130796 0.0484342 0.132007 0.0105768 0.135293 1.06336 0.00870315 -3.08128 5.22884 0.0127541
28.955 0.0233482 0.0286585 0.0022856 -0.0293172 0.269348 -0.000725727 -0.978659 3.0366 -0.00365624 -1.70432 3.48045 0.00482865
29.005 -0.00753153 0.02426 -0.0118969 -0.0862622 0.296022 -0.0143077 -1.16698 2.66446 -0.0145386 1.52326 -1.92447 -0.00815719
29.055 0.0121096 0.00479397 -0.00388743 -0.046671 0.172965 -0.00457691 -0.321598 0.194655 -0.00267533 3.46791 -4.90871 -0.00667376
29.105 0.017316 -0.00067656 0.0118367 0.00517813 -0.00738933 0.0132692 0.819132 -2.49294 0.0127271 2.31142 -2.09077 0.00448717
29.155 0.0201349 -0.0037628 0.00197497 0.059471 -0.183785 0.00481486 1.10269 -3.28077 0.0082916 -0.715917 3.57525 0.00577503
29.205 0.0335336 -0.00474804 -0.0120658 0.0975056 -0.271461 -0.00876543 0.248874 -1.58034 -0.0066492 -2.42013 5.9134 -0.00170671
29.255 0.0435104 -0.00388901 -0.00370608 0.0890791 -0.230059 -0.0010456 -1.03811 1.18139 -0.00544466 -1.31431 2.17432 -0.00465245
29.305 0.00840435 -0.0179384 0.0112378 -0.000555677 -0.0980395 0.0126045 -1.68123 2.76007 0.00429078 1.06841 -3.97248 -0.000576067
29.355 -0.0301335 -0.0146167 0.0050676 -0.101606 0.0781548 0.0052332 -1.11952 1.95222 0.000720151 1.88682 -6.2934 0.00109047
29.405 -0.0455533 -0.0108571 -0.0115034 -0.15715 0.199167 -0.0127728 0.264254 -0.474549 -0.00713796 0.0697258 -2.50774 0.000432781
29.455 -0.00182902 0.00136281 -0.00486613 -0.106522 0.213873 -0.00622083 1.56935 -2.42929 0.00144466 -2.4459 3.3396 0.00303066
29.505 0.00811929 0.00770124 0.00932264 -0.0408527 0.109353 0.00955769 1.63851 -2.2102 0.0121707 -2.8749 5.16912 0.00298815
29.555 0.00244998 0.0127511 0.0055198 0.0310214 -0.0508516 0.00633637 0.539049 0.0673821 0.00312637 -0.417442 1.35107 -0.00449761
29.605 -0.0282827 0.0208786 -0.0103267 0.0657272 -0.174432 -0.00903585 -0.726342 2.52343 -0.0140425 2.66799 -3.71116 -0.00779613
29.655 -0.0255472 0.0206352 -0.00529936 0.0997856 -0.204708 -0.00437693 -1.27129 3.09246 -0.0101922 3.35506 -4.35208 0.00188738
29.705 -0.020469 0.0189095 0.0103944 0.0846091 -0.11543 0.010177 -0.625885 1.23555 0.00660591 1.17227 0.25578 0.011988
29.755 -0.0305949 0.0160836 0.00612024 0.015164 0.0505714 0.00454963 0.548792 -1.66066 0.009106 -1.69511 5.15831 0.00443485
29.805 -0.0382556 0.0125843 -0.0098138 -0.0608974 0.21048 -0.0123134 1.19 -3.30789 -0.00217454 -2.3266 4.96253 -0.0114545
29.855 -0.0360374 0.00892035 -0.00762591 -0.103751 0.282933 -0.0100432 0.656022 -2.45801 -0.00308301 -0.366927 -0.438871 -0.011568
29.905 -0.0130706 -0.0211897 0.00861268 -0.0834344 0.201515 0.0072689 -0.674146 0.18491 0.00515815 1.68275 -5.61219 0.0039915
29.955 -0.000275727 -0.0331385 0.00719475 -0.0315399 0.0344642 0.00730142 -1.59096 2.44003 0.00189195 1.44337 -5.3236 0.0125554
30.005 0.000943776 -0.0343096 -0.00758645 0.0196681 -0.152574 -0.00564622 -1.38994 2.5148 -0.00857129 -0.99401 0.000954893 0.00458857
30.055 0.0248528 -0.027975 -0.00533839 0.0798057 -0.277235 -0.00386649 -0.0689658 0.468116 -0.00432325 -2.8821 4.75696 -0.00468445
30.105 0.0265343 -0.0270247 0.00808127 0.0815372 -0.285338 0.00965061 1.36737 -1.93488 0.01075 -2.02179 4.10398 -0.00619897
30.155 0.0174073 -0.024204 0.00924851 0.0303365 -0.173628 0.00997989 1.87739 -2.61948 0.00932051 0.991148 -0.917937 -0.00352069
30.205 0.0183024 -0.0203989 -0.00763354 -0.0316354 0.0012262 -0.00836652 1.07397 -0.927961 -0.00830365 3.29397 -4.64688 0.000273277
30.255 0.00499375 -0.0162479 -0.0089756 -0.0965737 0.152305 -0.0104933 -0.379945 1.77284 -0.0120508 2.63872 -2.89023 0.00566672
30.305 0.00910215 -0.0124264 0.00678861 -0.104853 0.206009 0.00555941 -1.28443 3.22176 0.00142939 -0.178886 2.58068 0.00730707
30.355 0.018641 -0.00955072 0.00858597 -0.0585431 0.138806 0.00846153 -1.02349 2.16934 0.0073159 -2.28784 5.81655 -0.00141709
30.405 0.0119305 -0.00796448 -0.00637042 0.00703737 -0.0112159 -0.00525692 0.0663834 -0.621389 -0.00149482 -1.74172 3.14711 -0.0117234
30.455 0.0330785 -0.00785806 -0.00872407 0.104951 -0.164024 -0.00693799 1.06421 -2.98513 -0.00403015 0.602057 -2.92097 -0.00722143
30.505 0.0430303 0.0127973 0.00609015 0.164743 -0.219197 0.00805942 0.941634 -3.06906 0.00481107 1.90682 -6.2579 0.00854199
30.555 0.0509746 0.00881902 0.00831229 0.170252 -0.172766 0.00841887 -0.190945 -0.829974 0.00488103 0.610475 -3.51079 0.0125827
30.605 0.0278136 0.0250038 -0.00485867 0.0975413 -0.00556444 -0.00656185 -1.39145 1.84353 -0.00634389 -1.96244 2.34763 -0.000481116
30.655 0.0290434 0.0226548 -0.00941751 0.0225788 0.174191 -0.012195 -1.64974 2.81284 -0.00692217 -2.93538 5.23447 -0.00948025
30.705 0.0213388 0.0220997 0.00458884 -0.0447464 0.289648 0.00202963 -0.672083 1.36767 0.00818938 -0.968958 2.34419 -0.00374163
30.755 0.00930427 0.0205981 0.0103529 -0.0667598 0.282326 0.00874072 0.797692 -1.20564 0.0115352 2.11467 -2.91415 0.00381874
30.805 0.00748006 0.018752 -0.00362881 -0.0420194 0.156245 -0.0036937 1.76496 -2.68111 -0.0032995 3.38364 -4.65337 0.00230841
30.855 0.0200717 0.0178161 -0.00986842 0.02137 -0.0311282 -0.00846587 1.42778 -1.77222 -0.0124076 1.64481 -0.839281 -0.00135779
30.905 -0.000449222 0.017183 0.00319945 0.03926 -0.194418 0.00508045 0.15147 0.841399 -0.00260045 -1.25184 4.46713 -0.000215766
30.955 0.00407583 0.0181779 0.00946039 0.0644758 -0.250687 0.0116969 -1.01277 2.9846 0.00615101 -2.37149 5.47 0.00123012
31.005 -0.00966221 0.0207251 -0.00332857 0.0250306 -0.179422 -0.00179082 -1.15845 2.8383 0.000157249 -0.831327 0.785186 -0.00143609
31.055 -0.0181286 0.0241889 -0.00990599 -0.0407232 -0.0184127 -0.0094062 -0.291818 0.442896 -0.00360625 1.40716 -4.92503 -0.00223356
31.105 -0.0138698 0.0279224 0.0025108 -0.0952455 0.151184 0.00209342 0.814809 -2.36031 0.00365525 1.69867 -5.8893 0.0025012
31.155 -0.0280596 0.0233582 0.0101616 -0.131456 0.243195 0.00939403 1.12642 -3.37292 0.00554154 -0.432725 -1.20003 0.00325089
31.205 -0.0122403 0.00792347 -0.00132528 -0.094422 0.209572 -0.00194163 0.340133 -1.81924 -0.00581803 -2.64976 4.17662 -0.00228731
31.255 -0.0370342 -0.00580729 -0.0101168 -0.060662 0.0578668 -0.0103181 -1.00542 0.983926 -0.00995864 -2.45133 4.73499 -0.00272982
31.305 -0.0385504 -0.00485494 0.00092925 0.0112365 -0.104622 0.00140681 -1.67064 2.76814 0.00417981 0.267211 0.193972 0.00381762
31.355 -0.0311478 -0.0202699 0.0100699 0.0790353 -0.231977 0.0105219 -1.11712 2.13257 0.0142078 2.98961 -4.30103 0.00428725
31.405 -0.00920692 -0.0231067 -0.00035837 0.114639 -0.230136 -0.000183772 0.283883 -0.266266 0.00402173 3.05418 -3.69398 -0.00521952
31.455 0.00184043 -0.0291462 -0.00971984 0.0893986 -0.117232 -0.010309 1.56828 -2.39064 -0.00906933 0.497909 1.47026 -0.00948539
31.505 0.00651182 -0.0324409 0.000384952 0.0318517 0.0535518 -0.00108512 1.73304 -2.34801 -0.00574223 -2.0368 5.64716 0.000791156
31.555 -0.0100354 -0.0354609 0.0095974 -0.0474092 0.195634 0.00777917 0.716829 -0.166159 0.00207204 -2.06996 4.13592 0.0116431
31.605 -0.0102419 -0.0365055 -0.000561596 -0.0798945 0.237282 -0.00196805 -0.70664 2.40721 -0.00110441 0.0879177 -1.76944 0.00654377
31.655 -0.0221295 -0.0241474 -0.0102537 -0.0847078 0.165645 -0.0107363 -1.31526 3.18877 -0.00445214 1.83396 -6.13856 -0.00672115
31.705 -0.0360992 -0.0121319 -0.00163632 -0.0581351 0.00837654 -0.000910378 -0.79996 1.45366 0.00377865 1.04687 -4.53927 -0.0093942
31.755 -0.0127214 0.0151385 0.00964356 0.0168832 -0.142262 0.0115566 0.380161 -1.47598 0.00962583 -1.50927 1.2604 -0.0012633
31.805 0.00960629 0.0228757 0.00223226 0.0687464 -0.237103 0.00434558 1.12656 -3.31937 -0.00170512 -2.96463 5.1912 0.00552793
31.855 0.0323017 0.0243592 -0.00867022 0.0805779 -0.216903 -0.00710063 0.779326 -2.63133 -0.0122597 -1.53498 3.35001 0.00654775
31.905 0.0298448 0.0127369 -0.00143757 0.0263683 -0.0981767 -0.000912757 -0.504199 -0.0338907 -0.00375405 1.58821 -1.99042 0.00354875
31.955 0.00271354 -0.00956836 0.00964539 -0.0604107 0.0490745 0.00895436 -1.56018 2.36348 0.0101999 3.44799 -4.82698 -0.00375469
32.005 -0.0102568 -0.013505 0.00237986 -0.114625 0.171871 0.000195669 -1.50642 2.63688 0.00792984 2.20612 -1.93328 -0.0108622
32.055 -0.0142592 -0.0123546 -0.00913398 -0.116008 0.190607 -0.0107291 -0.280472 0.675631 -0.00288357 -0.749134 3.62638 -0.00700478
32.105 -0.00361705 -0.0166406 -0.00300025 -0.0634195 0.0945255 -0.00349284 1.20178 -1.79025 -0.00301599 -2.43971 5.80869 0.00815144
32.155 -0.00522741 -0.0160253 0.00874894 0.00749287 -0.0595105 0.00956976 1.86547 -2.65653 0.00287713 -1.36951 1.99038 0.0161171
32.205 0.0142715 -0.00262351 0.00368214 0.0973167 -0.179611 0.0051577 1.18561 -1.12001 -0.00193055 1.03811 -4.08365 0.00339721
32.255 0.014957 0.0119941 -0.00814532 0.133548 -0.205477 -0.0069729 -0.258677 1.60118 -0.00885528 1.89016 -6.25454 -0.0144754
32.305 0.00919515 0.0256809 -0.00358882 0.114672 -0.115189 -0.00317559 -1.20701 3.1963 -0.00174265 0.114331 -2.37708 -0.0129806
32.355 0.00608022 0.0212588 0.00754827 0.0582674 0.0417894 0.00619103 -1.06148 2.32878 0.00941231 -2.3675 3.44619 0.00402906
32.405 -0.0056612 0.0175603 0.00411282 -0.0196865 0.20376 0.00157251 0.0253443 -0.428344 0.00492222 -2.7413 5.15813 0.0130514
32.455 0.000820825 0.0149783 -0.0080091 -0.0606014 0.288554 -0.0106881 1.0211 -2.88368 -0.00746918 -0.319237 1.28005 0.00590883
32.505 -0.0072555 0.0097909 -0.00450339 -0.0763221 0.246799 -0.00625288 1.00576 -3.15122 -0.00568172 2.65779 -3.75737 -0.00487492
32.555 0.0156456 0.000441011 0.00803653 -0.0219514 0.0917157 0.00796057 -0.0728893 -1.04387 0.00549124 3.29587 -4.29702 -0.00823339
32.605 0.0115484 -0.00299036 0.00555265 0.0252128 -0.0990237 0.00709157 -1.31962 1.68234 0.00566484 1.02268 0.369255 -0.00481007
32.655 0.00615301 -0.000112082 -0.00729157 0.0594184 -0.235962 -0.00472258 -1.69355 2.81664 -0.00326231 -1.74409 5.20726 0.00198906
32.705 0.0214583 0.00336852 -0.00584052 0.0796036 -0.260409 -0.00325228 -0.73356 1.54685 -0.00264395 -2.27475 4.86377 0.0087492
32.755 0.0183624 -0.00867889 0.00607682 0.0410921 -0.178413 0.00782898 0.7639 -1.0051 0.0057109 -0.336468 -0.614179 0.0079125
32.805 -0.000364732 -0.0131794 0.00485433 -0.0383431 -0.0171785 0.00561981 1.77941 -2.61239 0.00365488 1.66763 -5.71002 -0.00349906
32.855 -0.0233311 -0.0112139 -0.00698201 -0.110335 0.137742 -0.00678435 1.50944 -1.89171 -0.00674783 1.34444 -5.24673 -0.0125158
32.905 -0.0327509 -0.00951762 -0.00603738 -0.138248 0.203655 -0.00655241 0.2009 0.624393 -0.00636498 -1.03129 0.170091 -0.00534978
32.955 -0.010349 -0.00497172 0.00634127 -0.0873306 0.15487 0.00587897 -1.00733 2.8617 0.00358812 -2.84055 4.85329 0.00874172
33.005 0.00851794 0.00155138 0.00678719 -0.00465658 0.0202113 0.00669601 -1.21738 2.89199 0.00380126 -1.95763 4.05063 0.00932625
33.055 0.00910993 -0.00117841 -0.00551018 0.0704479 -0.133212 -0.00508436 -0.356392 0.632206 -0.00538373 1.0648 -1.02486 -0.00305967
33.105 -0.00753066 0.000840485 -0.00677292 0.103152 -0.211507 -0.00627604 0.725594 -2.17913 -0.00485053 3.286 -4.67203 -0.00887524
33.155 -0.027479 -0.00292864 0.00565737 0.0890642 -0.180272 0.00608159 1.10499 -3.35172 0.00642954 2.5706 -2.7618 -0.00111816
33.205 -0.0174719 -0.00585205 0.00671382 0.056049 -0.0465336 0.00580337 0.36848 -1.96576 0.00833099 -0.234734 2.70766 0.00686052
33.255 -0.0122286 -0.00972345 -0.00458581 -0.00485605 0.122158 -0.00636975 -0.918225 0.772137 -0.00242072 -2.29166 5.77059 0.00434716
33.305 0.01479 -0.0131517 -0.00658442 -0.037407 0.240241 -0.00849468 -1.63935 2.66197 -0.00671426 -1.65957 2.94203 -0.00201526
33.355 0.0148788 -0.0130143 0.00419226 -0.0589356 0.248142 0.0026878 -1.15743 2.20349 0.00175903 0.655852 -3.13731 -0.00336677
33.405 0.00133435 -0.0115668 0.00686124 -0.053198 0.136365 0.00643178 0.222506 -0.0818809 0.00520965 1.83073 -6.26129 -0.00177913
33.455 0.0234244 -0.00891418 -0.00428424 0.0154065 -0.0433721 -0.00344984 1.52223 -2.24338 -0.00187359 0.505032 -3.29983 -0.000737613
33.505 0.0343793 -0.00547457 -0.00761544 0.0723838 -0.205785 -0.00585904 1.73722 -2.39418 -0.00375513 -1.95951 2.55114 0.00181715
33.555 0.013053 -0.00114371 0.00363795 0.0737053 -0.27143 0.00520231 0.772158 -0.33643 0.00346547 -2.82488 5.23267 0.00334384
33.605 0.00873594 0.00311895 0.00839943 0.0455445 -0.215758 0.00972096 -0.580869 2.22817 0.00352023 -0.830176 2.16444 -0.0016286
33.655 -0.000603952 0.00637094 -0.00225306 -0.0170381 -0.0658637 -0.00195686 -1.26747 3.174 -0.00744324 2.22753 -3.0284 -0.0071064
33.705 0.014115 0.00827899 -0.00716864 -0.0595688 0.102221 -0.00787122 -0.791569 1.61705 -0.00973063 3.32825 -4.5277 -0.00206329
33.755 0.0256945 0.0133226 0.0027791 -0.0798035 0.211819 0.00172637 0.34108 -1.24961 0.00269058 1.52186 -0.593064 0.00953696
33.805 0.0176567 0.0126179 0.00740782 -0.0758128 0.201424 0.00656132 1.04234 -3.18299 0.0108292 -1.3285 4.55638 0.0104116
33.855 0.0281852 0.0106005 -0.00277385 -0.0114318 0.0868775 -0.00273126 0.763792 -2.70391 0.00354319 -2.34146 5.24588 -0.0030262
33.905 0.0259004 0.00859088 -0.00817579 0.0570575 -0.0641087 -0.0070461 -0.428728 -0.229648 -0.00416896 -0.744132 0.458015 -0.0126153
33.955 0.016599 0.0122351 0.00153025 0.115836 -0.179173 0.00313573 -1.48837 2.19752 -0.000590004 1.39363 -5.05342 -0.00545384
34.005 -0.00134924 0.0112185 0.00777264 0.127787 -0.18992 0.00845667 -1.48752 2.63608 0.0025131 1.53393 -5.6681 0.00695389
34.055 0.000744719 0.00666812 -0.00111033 0.0970228 -0.0895655 -0.00120068 -0.393126 0.845277 -0.00259081 -0.568765 -0.878901 0.00786333
34.105 -0.00399734 0.00366253 -0.00786856 0.0317527 0.0741706 -0.00929891 1.06784 -1.61729 -0.00434802 -2.65573 4.27219 -0.000513346
34.155 0.00560685 0.00216802 0.00043684 -0.0213542 0.220006 -0.0021034 1.78277 -2.61621 0.00451923 -2.26842 4.53948 -0.00650871
34.205 0.0081003 0.0021524 0.00744597 -0.0560627 0.273602 0.00476153 1.23478 -1.27343 0.00803888 0.518628 -0.0679209 -0.00588533
34.255 -0.00569212 0.00356666 -0.000428031 -0.0668447 0.205173 -0.00216636 -0.106613 1.36956 -0.00312322 3.0133 -4.29572 -0.00108521
34.305 -0.00993784 0.00622726 -0.0075105 -0.0336976 0.0447512 -0.00759777 -1.14458 3.08889 -0.0118284 2.8568 -3.42083 0.00619324
34.355 -0.0199977 0.00967084 0.000407903 0.0048192 -0.132337 0.00200504 -1.13122 2.41284 -0.00432288 0.291868 1.71035 0.010644
34.405 0.00396152 0.0132769 0.00811345 0.0599744 -0.242384 0.0106894 -0.0848727 -0.199702 0.00654503 -2.04964 5.55356 0.00439942
34.455 0.00237125 0.015624 0.000521538 0.050468 -0.236783 0.00303382 0.933368 -2.71935 0.00493766 -1.91228 3.76374 -0.00853852
34.505 -0.0130324 0.0175261 -0.00801656 -0.00431023 -0.116672 -0.00650674 1.03053 -3.16225 -0.00108277 0.211194 -2.0658 -0.0121248
34.555 -0.0283036 0.0160779 -0.00138956 -0.0764257 0.0513409 -0.00122329 0.073946 -1.24807 0.00112571 1.72698 -6.04973 -0.000710451
34.605 -0.0262991 0.0164687 0.00705689 -0.119415 0.187287 0.00624335 -1.19484 1.46831 0.00404127 0.870084 -4.16333 0.0101131
34.655 -0.0142948 0.0155649 0.00115976 -0.114787 0.22311 0.000110188 -1.6595 2.78275 -0.00200382 -1.55408 1.53168 0.00563743
34.705 -0.0242421 0.00402089 -0.00697336 -0.0880805 0.134056 -0.00759045 -0.869494 1.69834 -0.00664781 -2.82304 5.10826 -0.0059689
34.755 -0.0208663 -0.00963943 -0.000956531 -0.0149542 -0.0266136 -0.000534318 0.621285 -0.775623 0.00111116 -1.29119 3.03696 -0.00786745
34.805 -0.000517647 -0.023981 0.00769126 0.0706132 -0.175872 0.00897721 1.73913 -2.51424 0.00853416 1.74104 -2.1542 2.40088e-05
34.855 -0.0163868 -0.0267727 0.00191324 0.0937881 -0.232242 0.0028888 1.61042 -2.00076 0.00168752 3.31375 -4.63296 0.00505727
34.905 -0.00328299 -0.0289557 -0.00695487 0.0999412 -0.172946 -0.00682635 0.402712 0.403755 -0.00907834 1.99392 -1.60169 0.00441129
34.955 0.00656072 -0.0301276 -0.00291838 0.0622658 -0.0251116 -0.00411588 -0.911591 2.71806 -0.00705738 -0.83935 3.74062 0.00271074
35.005 0.0288309 -0.0240429 0.00667229 0.0211123 0.143963 0.00452241 -1.28019 2.96935 0.00304874 -2.32508 5.56185 0.000457867
35.055 0.0249343 -0.0182641 0.00223746 -0.0319691 0.243487 0.00016733 -0.519627 0.870159 0.00409439 -1.20523 1.62321 -0.00340218
35.105 0.0114771 -0.016196 -0.00665298 -0.0571892 0.220504 -0.00805419 0.644584 -1.9684 -0.00111392 0.995755 -4.21961 -0.00503789
35.155 0.0179526 -0.0125241 -0.00329467 -0.0240666 0.0879551 -0.00343181 1.13104 -3.33778 0.000286986 1.69324 -6.04438 -0.00123092
35.205 0.000652448 0.00156257 0.0062563 0.00607975 -0.0837851 0.00768802 0.444686 -2.18214 0.0047261 -0.0397944 -2.0624 0.00259197
35.255 -0.0196757 0.0140759 0.00314758 0.0260608 -0.218331 0.00555641 -0.814946 0.520846 0.000249815 -2.34692 3.52573 0.000326161
35.305 -0.0184579 0.017086 -0.00624605 0.035559 -0.255664 -0.00376401 -1.65747 2.56725 -0.00612841 -2.52394 4.97178 -0.00299346
35.355 -0.0248764 0.0135568 -0.00352592 -0.000529168 -0.176982 -0.00204339 -1.29346 2.35336 -0.000756608 -0.112358 1.04216 0.00036747
35.405 -0.0132376 0.00629714 0.00678218 -0.0406086 -0.0220158 0.00632859 0.121468 0.153981 0.00877635 2.68398 -3.75293 0.00501689
35.455 -0.024073 0.00471117 0.00551758 -0.103925 0.134256 0.00374033 1.44968 -2.11201 0.0053175 3.14056 -4.05398 0.00180415
35.505 -0.0282894 0.00288501 -0.00511382 -0.132038 0.210054 -0.00695792 1.74653 -2.49126 -0.00732517 0.861756 0.573857 -0.00431409
35.555 -0.0179247 -0.000197033 -0.00415957 -0.0996628 0.170259 -0.00539434 0.86451 -0.595686 -0.00918502 -1.76501 5.15181 -0.00216186
35.605 -0.00116052 -0.0129492 0.00511611 -0.023727 0.0312898 0.00492285 -0.514394 2.03546 -0.000528856 -2.18186 4.58761 0.00580486
35.655 0.0110348 -0.0207581 0.00398889 0.0658056 -0.126579 0.00501299 -1.25479 3.19315 0.00344391 -0.283101 -0.837927 0.00598774
35.705 0.00590801 -0.018868 -0.00563388 0.112564 -0.212654 -0.00408231 -0.849424 1.84875 0.000249287 1.58385 -5.68089 -0.0035177
35.755 0.0232447 -0.0109033 -0.00473594 0.135991 -0.185807 -0.00363671 0.27343 -0.993893 0.000943697 1.26785 -5.03534 -0.00981171
35.805 0.0176151 0.00128778 0.00493497 0.0966167 -0.0514685 0.00460766 1.0714 -3.10957 0.00499493 -1.0388 0.345811 -0.00532918
35.855 0.0289543 0.000726932 0.00518497 0.0474796 0.114149 0.00336615 0.819848 -2.87395 0.000922294 -2.73629 4.84253 0.00291451
35.905 0.0130685 0.0042337 -0.00410696 -0.0241563 0.241322 -0.00721579 -0.317367 -0.494313 -0.00761648 -1.79065 3.93102 0.00682385
35.955 0.0135043 0.00621064 -0.0054497 -0.0502349 0.263504 -0.00847364 -1.41774 2.06451 -0.00469776 1.12968 -1.1058 0.00571249
36.005 0.0193318 0.00934261 0.00389634 -0.0315272 0.167082 0.00216205 -1.52571 2.76298 0.00780992 3.24098 -4.58964 0.000690275
36.055 0.0145625 0.0171496 0.00530808 0.00534059 0.000412645 0.00552937 -0.461103 1.10364 0.0104038 2.46938 -2.62035 -0.00630108
36.105 0.00601035 0.0205661 -0.00357301 0.0421279 -0.163958 -0.00143918 1.01181 -1.43061 -0.00042887 -0.330315 2.75671 -0.00745298
36.155 -0.0115039 0.021784 -0.00513393 0.0459485 -0.245601 -0.00203134 1.74653 -2.66621 -0.00802777 -2.29778 5.68131 0.00215248
36.205 0.0124832 0.0134181 0.00364163 0.0539016 -0.215743 0.00654878 1.29789 -1.50838 -0.00445398 -1.62085 2.75662 0.0118626
36.255 0.00590586 0.00775725 0.00542901 -0.000513414 -0.082899 0.0071227 0.000758976 1.13807 -0.000634964 0.638397 -3.22897 0.00689142
36.305 -0.00415121 0.00361564 -0.00348242 -0.0638432 0.0792001 -0.00374767 -1.09208 3.05998 -0.00260716 1.80142 -6.20895 -0.00898868
36.355 -0.0133259 0.00178404 -0.00614062 -0.108604 0.191408 -0.00697474 -1.15807 2.61172 0.00033707 0.440259 -3.17552 -0.0151633
36.405 -0.0202944 -0.00116265 0.00216551 -0.113602 0.196452 0.000996165 -0.232502 0.0584797 0.007459 -2.00739 2.63225 -0.00332582
36.455 -0.0145861 -0.00444298 0.0058245 -0.0627094 0.0958044 0.00535791 0.821596 -2.59815 0.00563012 -2.73723 5.20231 0.0106993
36.505 -0.0165599 -0.00751185 -0.00194169 0.00376209 -0.0556335 -0.00138834 1.01088 -3.29004 -0.00559445 -0.702108 2.1005 0.0109298
36.555 -0.0141372 -0.00998468 -0.00532101 0.0674798 -0.177498 -0.00418009 0.147361 -1.5073 -0.00932665 2.25929 -3.03787 0.000935151
36.605 -0.0151963 -0.0115446 0.00258447 0.0937306 -0.204603 0.00338551 -1.08077 1.27732 0.000707653 3.30391 -4.46589 -0.00683388
36.655 -0.00672779 -0.0118903 0.00611635 0.084818 -0.120022 0.00575992 -1.65009 2.81203 0.00882813 1.41857 -0.5277 -0.00663942
36.705 -0.00425709 -0.0108759 -0.00197024 0.0355274 0.0358863 -0.00375609 -0.95898 1.90185 0.00437603 -1.37432 4.54473 -0.000666446
36.755 -0.0149522 -0.00865803 -0.00637835 -0.0353251 0.185256 -0.00913159 0.511926 -0.577917 -0.00194828 -2.34806 5.15062 0.00632685
36.805 -0.00758315 -0.00554024 0.00123502 -0.0678449 0.251736 -0.0014677 1.67552 -2.4894 -0.00111171 -0.721543 0.334134 0.00781283
36.855 -0.00503799 -0.00198981 0.00615981 -0.0677467 0.198873 0.00459938 1.65932 -2.15904 -0.000663958 1.4245 -5.09395 -0.000381893
36.905 -0.00452853 0.000812855 -0.000855016 -0.0339983 0.0472013 -0.000725182 0.54574 0.180926 -0.00555871 1.52892 -5.61081 -0.0105717
36.955 0.00271103 -0.000994925 -0.005739 0.0166882 -0.132349 -0.00394261 -0.749868 2.6126 -0.00568229 -0.610076 -0.765982 -0.00887582
37.005 0.00110654 0.000290833 0.000518806 0.0488648 -0.252996 0.00342941 -1.28384 3.06988 0.00348892 -2.63822 4.34406 0.00406528
37.055 -0.00104559 0.00142093 0.00636109 0.0450214 -0.259391 0.00865826 -0.641998 1.08986 0.00839715 -2.17946 4.50432 0.011307
37.105 0.0019726 0.000819071 -0.000502941 0.0134613 -0.152107 0.000698434 0.527231 -1.7917 0.000720783 0.617654 -0.126869 0.00365314
37.155 0.00346955 -0.000989666 -0.00580039 -0.0401934 0.0137952 -0.00600191 1.10592 -3.33049 -0.00631656 3.07223 -4.29382 -0.00675981
37.205 0.00320833 -0.00387286 0.000445135 -0.0865287 0.155436 -0.000802532 0.581499 -2.33439 -0.0021841 2.81199 -3.31868 -0.00571393
37.255 0.00475952 -0.00751274 0.00642908 -0.0964335 0.203797 0.00498641 -0.666771 0.336599 0.00443322 0.175925 1.81066 0.00267955
37.305 0.0190445 -0.00260334 0.00052708 -0.0490329 0.147821 3.15271e-06 -1.58567 2.51812 0.00216994 -2.11118 5.51584 0.00563393
37.355 0.0135421 0.00411307 -0.00634981 0.00834107 0.0165449 -0.00582333 -1.36835 2.47021 -0.00213026 -1.90836 3.5944 0.000934671
37.405 0.0128027 0.00254731 -0.00118824 0.076114 -0.126606 0.000214581 -0.0712208 0.339797 0.000955639 0.248907 -2.23008 -0.00359555
37.455 0.0051609 0.00114674 0.00506399 0.111051 -0.19355 0.00665321 1.33299 -2.00767 0.003938 1.75007 -6.05233 -0.00382461
37.505 0.0130047 0.000847399 0.000443947 0.118204 -0.147651 0.00136067 1.77936 -2.54901 -0.00115173 0.782904 -4.00994 -0.00137952
37.555 -0.00956337 0.00268715 -0.00587987 0.0527636 -0.0089783 -0.00615098 0.968083 -0.775717 -0.00631575 -1.63763 1.68242 0.00253429
37.605 -0.00679477 0.00490782 -0.00108236 -0.00319314 0.15212 -0.00286257 -0.398007 1.86565 -0.00182577 -2.8054 5.09882 0.00501893
37.655 -0.00936344 0.0079175 0.00596753 -0.0544066 0.25486 0.00331462 -1.25623 3.1575 0.00418571 -1.16103 2.88805 0.00147224
37.705 -0.0158936 0.00572694 0.00164771 -0.0776498 0.239094 -0.000966874 -0.971879 1.97211 0.000829743 1.86952 -2.24967 -0.00555732
37.755 -0.0128163 0.00883921 -0.00555931 -0.0531802 0.118602 -0.00687568 0.157383 -0.816877 -0.00466679 3.35101 -4.5517 -0.00581036
37.805 -0.013707 0.0114562 -0.00195699 -0.0106158 -0.0569077 -0.00149794 1.06403 -3.02078 -0.00101108 1.87179 -1.3906 0.00352561
37.855 -0.0154722 0.0131244 0.00531389 0.0270196 -0.204144 0.00739369 0.896322 -2.9243 0.00596607 -0.9846 3.84567 0.00992075
37.905 -0.0191656 0.0135843 0.0021671 0.0348771 -0.253821 0.00503183 -0.224108 -0.664487 0.00360241 -2.38325 5.40344 0.00259859
37.955 -0.020222 -0.00263907 -0.00489431 0.00822484 -0.201549 -0.00212895 -1.38716 1.91892 -0.00344584 -1.11732 1.32762 -0.00955746
38.005 -0.0103787 -0.0116823 -0.00219648 -0.0324134 -0.0579906 -0.000566432 -1.58824 2.74333 -0.00272692 1.10958 -4.37619 -0.00968843
38.055 0.00135759 -0.0178323 0.00498409 -0.0740473 0.0972837 0.00471554 -0.556787 1.23521 0.00249179 1.66195 -5.89535 0.0021908
38.105 0.012718 -0.0195588 0.00216952 -0.0913998 0.184462 0.000929294 0.959709 -1.26284 0.00141635 -0.169275 -1.75658 0.0100299
38.155 0.0269545 -0.0121505 -0.0050483 -0.0594533 0.169439 -0.0061646 1.81577 -2.57928 -0.00279778 -2.37454 3.67303 0.00621338
38.205 0.0296502 -0.00743072 -0.00317647 -0.00285255 0.0574979 -0.00364154 1.38243 -1.58053 -0.000580219 -2.40697 4.82811 -0.00275944
38.255 0.0195005 0.00746956 0.00491883 0.0557917 -0.0736698 0.0054169 0.0858292 0.963497 0.00427932 0.0936092 0.801095 -0.00780288
38.305 0.0177785 0.01019 0.00335404 0.107865 -0.17041 0.00448198 -1.06853 2.93572 0.000163232 2.77078 -3.79185 -0.00565223
38.355 0.013117 0.010786 -0.00378277 0.119057 -0.167235 -0.00306811 -1.18947 2.64849 -0.00747964 3.03305 -3.8043 0.0018367
38.405 0.0139785 0.0121798 -0.00281863 0.094231 -0.0611783 -0.00330922 -0.283708 0.229695 -0.0051768 0.679417 0.847814 0.00888197
38.455 0.0122924 0.00141124 0.00419588 0.0377519 0.0847889 0.0023098 0.788663 -2.42012 0.00451564 -1.87544 5.13035 0.00720836
38.505 0.000563442 -0.00916828 0.0030298 -0.0292158 0.20215 0.000256841 1.03657 -3.25679 0.0068121 -2.13407 4.24362 -0.00424407
38.555 -0.0041802 -0.00990233 -0.00438095 -0.063929 0.233946 -0.00692985 0.195787 -1.65535 0.000707039 -0.162939 -1.18488 -0.0125479
38.605 -0.00604346 -0.00681823 -0.00396391 -0.0593798 0.153058 -0.00522948 -1.03293 1.07967 -0.00204577 1.64562 -5.69964 -0.00573822
38.655 -0.0110814 -0.00383827 0.00356512 -0.0268135 -0.00774523 0.00438517 -1.62531 2.71514 0.000663619 1.13626 -4.71836 0.00828931
38.705 -0.0189356 -0.000677313 0.00412164 0.0143259 -0.173387 0.00608973 -1.00719 1.99781 -0.0001865 -1.18945 0.671339 0.011667
38.755 -0.0181357 -0.00181191 -0.00314623 0.0351995 -0.264791 -0.000164004 0.412401 -0.380841 -0.0037097 -2.75147 4.84193 0.00137408
38.805 -0.0151809 -0.00391004 -0.00399272 0.0259745 -0.240282 -0.00138287 1.57766 -2.33879 -0.000872412 -1.61825 3.63619 -0.00806067
38.855 -0.0156221 -0.00688441 0.00313488 -0.0175246 -0.114103 0.00432711 1.61393 -2.21204 0.00609366 1.31494 -1.33881 -0.00676954
38.905 -0.0135905 -0.010379 0.00402985 -0.0698278 0.050038 0.00359118 0.574977 -0.0305101 0.00456708 3.24124 -4.48847 0.00047439
38.955 -0.00769981 -0.000212753 -0.00296485 -0.102019 0.184908 -0.00449295 -0.710971 2.41173 -0.00506494 2.2998 -2.28253 0.00477788
39.005 0.00343759 0.00744384 -0.00407367 -0.0911409 0.215714 -0.0053004 -1.2368 3.04636 -0.00802794 -0.467654 2.95291 0.00416727
39.055 0.00489557 0.00478289 0.00314691 -0.0490265 0.127479 0.00259422 -0.65705 1.26649 -0.000619661 -2.28787 5.4977 0.000960779
39.105 0.00531022 0.00315236 0.00448332 0.0173342 -0.0196383 0.00510006 0.468526 -1.56655 0.00445799 -1.49483 2.36279 -0.00338372
39.155 0.00562885 0.00282731 -0.00257384 0.0806113 -0.147135 -0.00115122 1.0815 -3.23983 0.00180163 0.729869 -3.44234 -0.00545232
39.205 0.0055419 0.00376703 -0.00489277 0.113265 -0.186827 -0.0035397 0.628949 -2.4508 -0.000187368 1.74979 -6.03116 -0.0012221
39.255 0.00846791 0.00260141 0.00159846 0.105241 -0.1183 0.00194151 -0.574021 0.108452 0.00212654 0.303246 -2.82107 0.00499805
39.305 0.0104067 -0.000828339 0.00420192 0.0614052 0.0240189 0.00330795 -1.51129 2.38211 0.00132609 -2.04888 2.81289 0.00465937
39.355 0.00977791 0.00276743 -0.00194879 0.00275818 0.175292 -0.00425081 -1.36619 2.53797 -0.00387262 -2.63674 5.04427 -0.00118393
39.405 0.00969914 0.00548384 -0.00436653 -0.0389746 0.251122 -0.007211 -0.168386 0.550467 -0.00340108 -0.530926 1.8282 -0.00348937
39.455 0.00951876 0.00805296 0.00210608 -0.046957 0.212232 -0.000140834 1.23207 -1.82272 0.00413565 2.37661 -3.10435 -0.00018209
39.505 0.00932972 0.00985154 0.00497762 -0.0204215 0.0728636 0.00422644 1.77281 -2.55336 0.00628102 3.2404 -4.251 0.00154176
39.555 0.00933091 0.0105458 -0.00155832 0.0226289 -0.101568 -0.000509831 1.08936 -0.964323 -0.00152347 1.29521 -0.250013 -0.00149404
39.605 0.00533724 0.0137587 -0.00485947 0.0510686 -0.223576 -0.00246254 -0.261372 1.64431 -0.00716843 -1.46365 4.56745 -0.00277995
39.655 -0.00998553 0.0131413 0.000950497 0.042248 -0.241158 0.00374629 -1.19198 3.13016 -0.00268754 -2.31155 4.88689 0.00175233
39.705 -0.0107767 0.00945165 0.00493684 0.00174399 -0.151082 0.00757931 -1.03692 2.15252 0.00294709 -0.675843 0.0411802 0.00502906
39.755 -0.0111408 0.00557885 -0.0010199 -0.0487599 0.008986 0.000287641 -0.00518039 -0.564033 0.00158729 1.37666 -5.14337 0.000998841
39.805 -0.00999725 0.00248537 -0.00471373 -0.0938874 0.153447 -0.00479607 0.943295 -2.90939 -0.000655533 1.416 -5.397 -0.00476686
39.855 -0.0118093 -0.0124973 8.47673e-05 -0.110872 0.200353 -0.000544212 0.910217 -3.0544 0.00140691 -0.674269 -0.539754 -0.00438739
39.905 -0.010714 -0.0136097 0.00433806 -0.084011 0.147855 0.00350577 -0.104284 -0.927194 0.00185204 -2.5883 4.3557 0.000768036
