0.005 0.0140446 -0.000317141 -0.00682978 0.0170128 -0.00526435 -0.00573973 0.0426747 -0.0480297 -0.0100566 0.170023 -0.260213 -0.184899
0.055 0.0131668 -0.0064764 -0.0864045 0.0723242 -0.104324 -0.0858544 0.584099 -0.950634 0.0735895 2.8134 -4.55863 0.0283804
0.105 0.0150583 -0.0116666 0.00297822 0.114237 -0.171654 0.00285038 0.973216 -1.55709 0.0987335 3.31822 -4.82341 0.0996393
0.155 0.0151474 -0.0151019 0.109367 0.127538 -0.186509 0.107979 1.10313 -1.67509 -0.000358807 1.42461 -0.676155 -0.0843281
0.205 0.0156804 -0.0162532 -0.0513105 0.111528 -0.143559 -0.0520702 0.941665 -1.25911 -0.0235471 -1.21546 4.48816 0.0103453
0.255 0.0117499 -0.014912 -0.0347812 0.0667182 -0.0542822 -0.0358584 0.544832 -0.424368 -0.0155869 -2.42314 6.31676 0.0625181
0.305 0.014513 -0.0112411 0.143855 0.0165837 0.0560246 0.142224 0.0480445 0.586401 -0.0168905 -1.29141 3.14914 -0.0424102
0.355 0.0151078 -0.00574727 0.0360808 -0.0322475 0.155612 0.0349969 -0.408929 1.47449 -0.0412504 1.04532 -2.55314 0.0574331
0.405 -0.0155222 0.000794843 -0.0645616 -0.0942832 0.215494 -0.0648498 -0.710867 1.97381 -0.0563139 2.40182 -6.2156 0.0476688
0.455 -0.0289395 0.00745218 0.10089 -0.112805 0.217756 0.100948 -0.757315 1.92973 -0.0520124 1.45215 -4.94319 -0.0552774
0.505 -0.026954 0.0132609 0.0461199 -0.0883475 0.160725 0.0469271 -0.555962 1.34535 0.0131807 -1.13193 0.0753721 0.0294289
0.555 -0.0270621 0.0173768 -0.0318247 -0.0458086 0.0596144 -0.0305736 -0.173215 0.381406 0.00306339 -3.23766 4.58379 0.0660486
0.605 -0.000366589 0.0191943 0.00908914 0.0301789 -0.0578484 0.0101341 0.284361 -0.690408 -0.0421546 -2.9754 4.84889 -0.0601249
0.655 -0.0304104 0.0184323 -0.0356912 0.0405494 -0.159313 -0.0351332 0.599002 -1.56696 0.00245538 -0.494241 0.798146 -0.00982564
0.705 -0.00336928 0.015179 -0.0247769 0.0863196 -0.21699 -0.0247292 0.77283 -2.00218 0.0554554 2.39979 -3.95147 0.0373826
0.755 -0.0199601 0.00987271 0.0335524 0.0599568 -0.215574 0.0328933 0.652568 -1.87894 0.0303509 3.45196 -5.19234 -0.0646
0.805 -0.00142247 0.00324422 -0.0597705 0.0411094 -0.156547 -0.0609731 0.257958 -1.24293 -0.00701119 1.908 -1.71906 -0.0153174
0.855 0.0622456 -0.00379809 -0.0840031 0.0506867 -0.0576618 -0.0851611 -0.126385 -0.288253 0.0192466 -0.692423 3.62966 0.036038
0.905 0.0307613 -0.0102868 0.0657896 -0.0374262 0.0522525 0.0647492 -0.70145 0.700378 0.0374933 -2.35465 6.35372 -0.0329628
0.955 0.0051409 -0.0153528 0.00506294 -0.106067 0.141586 0.00462734 -1.00982 1.43206 0.0242021 -1.70673 4.07673 -0.00998262
1.005 -0.055072 -0.0183087 -0.0791712 -0.182187 0.18512 -0.0788644 -1.12542 1.69577 -0.018291 0.553763 -1.45231 0.00899454
1.055 0.0327857 -0.0188028 0.0292591 -0.080192 0.171184 0.0301718 -0.943616 1.42234 -0.0287258 2.25247 -5.80581 -0.0375635
1.105 0.126232 -0.0167999 0.0404867 0.058817 0.104993 0.0418181 -0.242966 0.704221 0.0184558 1.97959 -5.54442 0.0372506
1.155 -0.0312544 -0.0126293 -0.00136608 -0.0381396 0.00703169 0.000113229 0.0876533 -0.232699 0.00812637 -0.611559 -1.04002 0.0615328
1.205 0.0542121 -0.00691142 0.019759 0.109739 -0.0929612 0.0208806 0.764974 -1.09698 -0.0463607 -2.94669 3.87924 -0.0532273
1.255 -0.0524705 -0.000458965 -0.00556234 0.0542256 -0.164668 -0.00510831 1.01741 -1.61907 -0.0337602 -3.16271 5.14382 -0.0156767
1.305 -0.0550055 0.00579299 0.00543782 0.0713147 -0.186076 0.0051832 0.92806 -1.63199 0.0188224 -1.1447 1.83092 0.0549567
1.355 -0.1542 0.0109917 0.0667767 -0.0367397 -0.149851 0.0658897 0.880145 -1.12174 0.00625212 1.72145 -3.09273 -0.00612641
1.405 -0.152125 0.0144161 -0.0218249 -0.074023 -0.0656003 -0.0230359 0.217575 -0.232239 -0.0280622 3.3269 -5.28898 -0.0059156
1.455 0.200623 0.0156144 -0.0630586 0.226973 0.0428951 -0.0644143 0.242433 0.776766 -0.0121276 2.60486 -2.72641 0.0111997
1.505 0.183225 0.0144548 0.0557223 0.162425 0.14449 0.0543758 -0.151063 1.60646 0.020589 0.236958 2.56513 -0.03296
1.555 -0.16499 0.0111067 0.0218193 -0.232426 0.209603 0.020636 -0.784466 2.00711 0.0308351 -2.68549 6.15741 0.00349142
1.605 0.231397 0.00615599 -0.0702053 0.149464 0.218907 -0.0704512 -0.707926 1.85272 -0.00591097 -1.85833 4.93755 0.0306644
1.655 0.0891857 0.000231413 -0.0115595 0.0264091 0.168658 -0.0110514 -0.71058 1.17842 -0.016985 0.354197 -0.244385 -0.0333147
1.705 0.106835 -0.00567711 0.0176068 0.0733058 0.072219 0.0179924 -0.352024 0.171304 0.0264302 1.84401 -5.24058 -0.00745257
1.755 0.404827 -0.0108248 -0.0131539 0.411849 -0.0441348 -0.0142763 0.987363 -0.884479 0.0367509 2.39427 -6.04967 0.0266746
1.805 -0.164677 -0.0142909 -0.00336055 -0.121879 -0.148215 -0.00538802 0.632582 -1.69037 -0.0151441 -0.234127 -2.14725 -0.0400033
1.855 -0.46852 -0.0156738 -0.0234988 -0.393888 -0.211612 -0.0182597 0.903189 -2.021 -0.0181249 -3.00245 3.10555 -0.00740854
1.905 -0.649033 -0.0146475 -0.0116071 -0.574153 -0.217303 -0.00877173 0.258422 -1.78971 0.0232826 -3.88579 5.31622 0.0480848
1.955 0.721937 -0.0113879 0.0576375 0.755041 -0.1648 0.0569525 -0.146315 -1.07357 0.0198122 -1.33186 2.75672 -0.0161751
2.005 -0.0802952 -0.0062808 -0.00427837 -0.0848898 -0.0699702 -0.00610352 -0.370949 -0.0896295 -0.0235498 1.68545 -2.21952 -0.0314242
2.055 0.485816 -9.22664e-05 -0.0559251 0.424704 0.0394172 -0.0571649 -0.41077 0.869519 -0.0289863 3.39386 -5.21586 0.0210418
2.105 -0.282166 0.00638916 0.047613 -0.384903 0.13196 0.0460988 -1.078 1.52259 -0.00499466 2.70341 -3.53838 0.0017808
2.155 -0.424761 0.0122462 0.0506245 -0.533478 0.181449 0.0540118 -1.07975 1.68234 0.0215015 0.391586 1.5153 0.0268445
2.205 -0.08309 0.0165324 -0.0400206 -0.194242 0.174388 -0.0399054 -0.788211 1.31117 -0.00996086 -2.11316 5.73523 0.0237588
2.255 -0.0808604 0.0186607 -0.0112859 -0.141099 0.114009 -0.00915741 -1.07172 0.530884 -0.0354708 -2.56134 5.52524 -0.0428939
2.305 0.622051 0.0183402 0.0245838 0.612135 0.019142 0.0271985 0.579735 -0.414113 0.000637072 -0.104957 0.91826 -0.0164012
2.355 -0.331368 0.0155504 0.0102385 -0.272597 -0.0814017 0.0101289 0.0926708 -1.22976 0.0344706 2.21459 -4.42825 0.0565962
2.405 -0.263151 0.01059 0.00345919 -0.158827 -0.157203 0.00415822 1.57414 -1.66136 -0.0162073 1.97063 -6.24897 -0.00761063
2.455 -0.989063 0.00432031 -0.0257304 -0.848022 -0.184879 -0.0251421 0.839685 -1.56881 -0.0218381 -0.16304 -3.18632 -0.0325545
2.505 -0.403272 -0.00265635 -0.0208335 -0.300218 -0.155499 -0.0226193 0.446019 -0.970247 0.0104605 -2.25327 2.1096 0.0141418
2.555 -0.286854 -0.0090903 0.0542048 -0.206537 -0.0763903 0.0524229 -0.0957048 -0.0360942 0.0243684 -3.28825 5.21055 -0.00779785
2.605 1.0956 -0.0144682 -0.00225875 1.09097 0.0298434 -0.0032853 0.273588 0.959722 -0.00242226 -1.28494 3.61355 -0.0117551
2.655 0.53677 -0.017724 -0.0569721 0.483058 0.133076 -0.0601362 -0.578226 1.72152 -0.0288803 1.22074 -1.17421 0.0233878
2.705 0.232257 -0.0186434 0.00691006 0.168377 0.203112 0.00429131 -0.175376 2.01894 0.00583184 3.03763 -4.92365 -0.0108494
2.755 -1.06037 -0.017025 0.0469862 -1.13971 0.219278 0.0466785 -1.24831 1.75585 0.0307821 2.00737 -4.27871 -0.00531818
2.805 -0.589661 -0.0131873 -0.0266805 -0.668822 0.175944 -0.0255245 -1.14557 0.999046 -0.00166575 0.0830731 0.367889 0.0111921
2.855 -0.356652 -0.00769921 -0.037408 -0.395619 0.0844196 -0.0361409 -0.327209 -0.0402482 -0.0376404 -1.2155 5.16108 -0.00577519
2.905 -0.0928432 -0.00140768 0.00358665 -0.0798708 -0.0303526 0.00479844 -0.403315 -1.06849 -0.0146386 -2.07683 6.01513 -0.0160423
2.955 0.654396 0.00474323 0.0216311 0.711694 -0.136814 0.0227496 1.66979 -1.79511 0.0359296 -0.168143 2.07258 0.0531881
3.005 -0.332617 0.0100419 0.0255271 -0.247799 -0.20561 0.0279079 1.54371 -2.01805 -0.0118639 2.12134 -3.54177 -0.00983879
3.055 -0.68538 0.0136564 -0.0211118 -0.601045 -0.218343 -0.0214031 1.40204 -1.68195 -0.0158788 1.84557 -6.3156 -0.0435956
3.105 -0.794728 0.0151744 -0.0240965 -0.723427 -0.172416 -0.0259089 0.596165 -0.894102 -0.018384 0.47866 -4.10415 0.0209363
3.155 0.900231 0.0142987 0.0563231 0.933059 -0.0819903 0.0545505 0.345554 0.107773 0.0290306 -1.17572 1.11296 0.0323981
3.205 1.56576 0.0113207 0.0388868 1.52307 0.0265785 0.0375818 -0.559015 1.02691 -0.0206635 -2.39749 4.93785 0.00445964
3.255 2.42961 0.0066058 -0.059437 2.33518 0.121897 -0.0605933 0.159619 1.59414 -0.038285 -1.36649 4.25781 -0.0122041
3.305 2.29751 0.000972983 -0.0235928 2.17876 0.177012 -0.0236431 0.111286 1.64884 -0.0304848 0.55272 -0.174063 -0.0382193
3.355 1.56728 -0.00487169 0.0363163 1.45949 0.176714 0.03719 -0.498883 1.18463 0.0129611 1.23924 -4.42734 0.0306109
3.405 -0.362602 -0.00979503 -0.00274398 -0.460474 0.122469 -0.00129004 -1.15813 0.351506 0.0491706 1.29992 -4.74069 0.052508
3.455 0.362063 -0.0132998 -0.0157858 0.307263 0.0310891 -0.0140343 0.00140089 -0.59027 -0.0234642 2.09373 -0.706595 -0.0223654
3.505 -0.286064 -0.014801 -0.0192046 -0.25162 -0.0695869 -0.0174012 -0.746723 -1.34777 -0.0208344 -1.02209 4.36288 -0.0595945
3.555 -0.450448 -0.01418 0.00525857 -0.367014 -0.149138 0.00649696 -0.742412 -1.68341 0.0494932 -3.48458 6.19573 0.0245688
3.605 0.491282 -0.0113132 0.0504706 0.594513 -0.183062 0.0511246 2.49345 -1.48647 0.0521044 0.202038 3.13293 -0.0011358
3.655 0.608009 -0.00660081 0.00416904 0.724014 -0.160417 0.00363563 1.25315 -0.805763 -0.063375 2.39303 -2.45391 -0.00584824
3.705 0.416356 -0.000744893 -0.0730607 0.502316 -0.086885 -0.0740472 1.26176 0.162503 -0.0502915 2.68857 -6.09704 -0.0175541
3.755 0.472416 0.00545992 -0.044924 0.507197 0.0169552 -0.0463622 1.69298 1.1336 -0.0306612 1.83947 -4.92311 -0.046501
3.805 -1.94135 0.0110968 0.0270769 -1.95614 0.121329 0.0256807 -2.81564 1.81864 0.0288133 -3.63806 -0.0290989 0.0155187
3.855 -2.38474 0.015387 0.0524372 -2.43936 0.19599 0.0513595 -2.5706 2.00912 0.0608762 -5.98536 4.44925 0.0306866
3.905 -3.15504 0.0177549 -0.0274483 -3.23338 0.218921 -0.0279413 -3.55701 1.63987 -0.0242836 -3.29619 4.81267 0.0333168
3.955 -2.86608 0.0176792 -0.0877951 -2.8124 0.182403 -0.089798 -3.89515 0.808897 -0.0482971 -0.86419 0.901616 -0.042355
4.005 -1.21767 0.015283 0.0310935 -1.24414 0.0957795 0.0284208 -2.10613 -0.251109 0.0322647 4.31677 -3.79051 -0.0104365
4.055 -0.411246 0.0108511 0.111575 -0.362646 -0.017143 0.10941 -0.41562 -1.24067 0.0868121 6.58873 -5.10374 0.0318716
4.105 0.520211 0.00493981 0.0258248 0.581575 -0.12536 0.0258226 4.073 -1.88041 -0.0235797 4.40619 -1.76601 0.0137744
4.155 0.853041 -0.0016544 -0.0933545 0.924638 -0.199111 -0.0929811 5.01493 -1.99346 -0.0529878 0.0474168 3.49612 -0.0350599
4.205 -0.733577 -0.00796999 -0.0109527 -0.658121 -0.218444 -0.0112223 3.3122 -1.5567 -0.00688968 -4.22892 6.24133 0.00927547
4.255 -3.0074 -0.0132933 0.103347 -2.95705 -0.179072 0.102328 -0.085337 -0.706523 0.0901381 -6.00249 4.06103 0.0294442
4.305 -2.14683 -0.0168611 0.0351346 -2.21117 -0.0931257 0.0339704 -4.19743 0.301872 0.0508976 -1.87986 -1.37804 -0.000661152
4.355 -0.61101 -0.018103 -0.0938171 -0.668046 0.0142302 -0.0951339 -4.04036 1.17014 -0.089522 3.20023 -5.71281 -0.0434829
4.405 0.765383 -0.0168945 -0.0377413 0.665463 0.111978 -0.038524 -3.26578 1.64552 -0.022697 4.25267 -5.50921 0.0159892
4.455 1.63035 -0.01346 0.129186 1.51846 0.172306 0.128139 1.55958 1.59469 0.0662491 2.0875 -1.09113 0.0716642
4.505 1.9866 -0.00831171 0.0424364 1.87774 0.178591 0.0428576 2.84045 1.04388 0.04141 -2.65037 3.78217 0.00136087
4.555 1.04929 -0.00221373 -0.114063 0.971422 0.130101 -0.113137 1.99802 0.168357 -0.0953218 -4.64472 5.08401 -0.057646
4.605 0.545262 0.00393758 -0.043942 0.525388 0.0421376 -0.0424861 1.87724 -0.758726 -0.0279883 -2.94096 1.87171 -0.0333381
4.655 -0.0960788 0.0093415 0.11458 -0.112154 -0.0583986 0.11473 2.1198 -1.44892 0.100116 0.852811 -2.96561 0.0631468
4.705 -0.193783 0.0131955 0.0371373 -0.126274 -0.141025 0.0381594 -0.110931 -1.68469 0.0327107 3.73174 -5.17013 0.0326681
4.755 0.759971 0.0148648 -0.108117 0.929583 -0.180702 -0.106575 0.136936 -1.38536 -0.0903664 3.89476 -2.71844 -0.0529424
4.805 1.27685 0.0142838 -0.0517945 1.35471 -0.164567 -0.0514043 1.62546 -0.631084 -0.0404333 1.44023 2.44516 -0.0326174
4.855 0.651111 0.011538 0.0959913 0.741234 -0.0964519 0.0954533 1.09612 0.359754 0.0908289 -2.49654 6.00478 0.0304421
4.905 1.30996 0.00707193 0.0575437 1.358 0.00463893 0.0565434 1.52738 1.29515 0.0444075 -2.48988 4.88049 0.0257887
4.955 1.11006 0.00155952 -0.110612 1.11522 0.109786 -0.115762 -0.67239 1.89567 -0.0730274 -0.189306 -0.161839 -0.0291401
5.005 1.55797 -0.00414656 -0.0603894 1.50585 0.188515 -0.0645584 -0.755208 1.97734 -0.0407011 2.14048 -5.10054 -0.0209938
5.055 0.244105 -0.00913714 0.170156 0.147532 0.217776 0.180572 -0.938171 1.50651 0.076639 2.40667 -5.98331 0.0187393
5.105 -0.492926 -0.0128396 0.0659921 -0.60603 0.187891 0.0721067 -1.22563 0.610648 0.04857 -1.37736 -2.21243 0.0191922
5.155 0.24113 -0.0145914 -0.0807965 0.145243 0.106653 -0.0803463 -0.687271 -0.458494 -0.0661338 -3.13555 2.97397 -0.0284895
5.205 1.01057 -0.0141308 -0.0606992 0.998816 -0.00389949 -0.0592592 0.840531 -1.39853 -0.0539646 -1.901 5.23999 -0.0236182
5.255 0.698066 -0.0115354 0.0778084 0.69008 -0.113414 0.0779605 0.172684 -1.94478 0.0497917 -1.22686 2.80301 0.0562734
5.305 -0.766941 -0.00705037 0.0879672 -0.709222 -0.191874 0.0889831 2.24844 -1.94767 0.0688565 0.187464 -2.09147 0.00898072
5.355 -0.061229 -0.00143063 -0.0636432 0.0163817 -0.217965 -0.0678351 0.661738 -1.41593 -0.0863614 2.83939 -5.10947 -0.0462612
5.405 -0.674411 0.00458375 -0.0722368 -0.613841 -0.185295 -0.0739502 -1.03607 -0.513473 -0.0570869 2.88382 -3.53076 -0.0219641
5.455 -0.583808 0.0101562 0.073642 -0.567396 -0.104143 0.0708929 -0.978315 0.489688 0.062351 -0.136068 1.42653 0.0464957
5.505 -0.201519 0.0145052 0.0815603 -0.235653 0.00161179 0.080161 -1.05105 1.29791 0.060679 -1.06896 5.62071 0.0387124
5.555 0.178906 0.0170064 -0.0706729 0.0999361 0.101387 -0.0724258 -0.993756 1.67646 -0.0482312 -1.20237 5.46781 -0.0407267
5.605 0.327171 0.0172892 -0.078182 0.220603 0.166759 -0.0787103 0.175596 1.52196 -0.0577928 -0.217299 0.956197 -0.0446392
5.655 -0.337584 0.0152907 0.0606816 -0.444657 0.179607 0.0610102 0.0897202 0.891126 0.0568477 0.904952 -4.32821 0.0242387
5.705 -0.584935 0.0112564 0.0754791 -0.663977 0.137284 0.0766077 -0.0657001 -0.0163229 0.0672863 1.04191 -6.17035 0.0498038
5.755 -0.520186 0.0057161 -0.0599726 -0.551318 0.0532953 -0.0583057 -0.292372 -0.917648 -0.0468443 0.398454 -3.2016 -0.0153628
5.805 -0.501639 -0.000593571 -0.0805046 -0.474807 -0.0466964 -0.0787996 0.0921384 -1.53227 -0.0680116 -1.81172 2.00249 -0.0495265
5.855 0.0282382 -0.00682511 0.0448627 0.105204 -0.132382 0.0462508 1.20534 -1.6654 0.0368314 -2.68571 5.09874 0.00909568
5.905 0.108317 -0.0121382 0.0792742 0.214966 -0.177651 0.0798266 1.83805 -1.26715 0.065918 -1.35894 3.60219 0.0376977
5.955 0.0216738 -0.0158102 -0.0384248 0.117357 -0.168218 -0.0392647 0.876316 -0.44772 -0.0361717 0.184555 -1.05834 -0.0109789
6.005 0.0517977 -0.0173777 -0.0864 0.141616 -0.105861 -0.0893252 1.03536 0.554676 -0.0655297 2.76392 -4.76776 -0.0237232
6.055 -0.239932 -0.0166226 0.0375973 -0.212357 -0.00785173 0.0380749 -0.235066 1.44367 0.0341985 2.87018 -4.21348 0.0116398
6.105 0.113176 -0.0136636 0.0912579 0.102657 0.0978183 0.090744 -0.872691 1.95289 0.0732535 1.24177 0.286996 0.0201128
6.155 -0.128396 -0.00896195 -0.0366842 -0.175529 0.180576 -0.0398191 -0.615226 1.92453 -0.0223428 -1.07737 5.00641 -0.0172784
6.205 0.113877 -0.00318684 -0.0858925 0.0190395 0.216108 -0.0865148 -0.408271 1.35705 -0.0692964 -2.44282 5.92041 -0.0253331
6.255 0.297152 0.0027917 0.0326756 0.220479 0.193349 0.0329828 0.526402 0.406165 0.0189713 -0.667335 2.10968 0.0235182
6.305 0.227684 0.00815127 0.0872603 0.188815 0.117726 0.0885515 0.304154 -0.660469 0.0673045 1.30253 -3.42274 0.0385183
6.355 0.420259 0.0121314 -0.0243597 0.422137 0.00971803 -0.0230606 0.941424 -1.54102 -0.0238427 2.28365 -6.2312 -0.0207247
6.405 0.351357 0.0141667 -0.0852774 0.396827 -0.100991 -0.0840328 0.710077 -1.98826 -0.078605 1.07436 -4.12918 -0.047453
6.455 0.00675417 0.0139931 0.0170213 0.084156 -0.18396 0.0179539 0.264626 -1.88146 0.00695386 -2.06378 1.00644 0.0164036
6.505 -0.3354 0.0116694 0.0874335 -0.250448 -0.216658 0.0874473 -0.41334 -1.26128 0.067973 -3.82524 4.84569 0.0504152
6.555 -0.431141 0.00757441 -0.00934336 -0.3662 -0.190841 -0.00989297 -1.06859 -0.317085 -0.00962779 -2.91951 4.25867 -0.00939005
6.605 -0.0714411 0.00234388 -0.0911301 -0.0492635 -0.11485 -0.0923103 -1.48581 0.669684 -0.0685766 0.646118 -0.0777559 -0.0507248
6.655 0.0662427 -0.00322363 0.00509481 0.034226 -0.0111282 0.00357303 -1.34175 1.40878 0.010473 3.23878 -4.30402 -0.00236692
6.705 0.00399565 -0.00840184 0.0910551 -0.0731488 0.0901865 0.0892217 -0.754633 1.68706 0.0788881 3.33649 -4.6769 0.0453609
6.755 -0.0143151 -0.0121698 -0.00311365 -0.136627 0.160368 -0.0038703 -0.302303 1.43108 0.00704611 1.23922 -0.748535 0.0139744
6.805 -0.0657949 -0.0140994 -0.0890839 -0.186164 0.179769 -0.0889578 -0.383121 0.728268 -0.0654033 -1.37384 4.24355 -0.0372242
6.855 -0.177804 -0.0138701 -0.00323872 -0.272283 0.143802 -0.00222599 -0.0647271 -0.200056 -0.00273077 -2.52141 6.08481 -0.0162697
6.905 -0.229614 -0.0114993 0.0846879 -0.276601 0.0641251 0.0863573 0.217427 -1.06497 0.0682303 -1.34398 3.11482 0.0291285
6.955 0.0820366 -0.00731914 0.00494846 0.0951353 -0.0348554 0.00633989 0.980026 -1.59683 0.00355994 1.31766 -2.36558 0.0120516
7.005 0.250572 -0.00192329 -0.0811106 0.319835 -0.123124 -0.0793273 1.4081 -1.62578 -0.0734677 2.79673 -5.97972 -0.0248892
7.055 0.0693319 0.00408442 -0.012699 0.17955 -0.1738 -0.00659372 1.51392 -1.1332 -0.014563 1.2924 -4.88556 -0.00486906
7.105 0.159843 0.00952608 0.0831024 0.274557 -0.170995 0.084289 1.22284 -0.257864 0.0643482 -1.19277 -0.112798 0.022329
7.155 0.0267461 0.0139069 0.0197157 0.122968 -0.114544 0.0180931 -0.179422 0.744586 0.0125197 -3.06126 4.31681 -0.0054483
7.205 0.0811994 0.0165955 -0.0763075 0.139186 -0.019963 -0.0774471 -0.664976 1.57707 -0.0627998 -2.88557 4.75735 -0.0288492
7.255 -0.18196 0.0169758 -0.0215121 -0.180325 0.085651 -0.0240136 -1.0454 1.98905 -0.0152859 -0.599922 0.985041 0.00891254
7.305 -0.341744 0.0151783 0.0816901 -0.382735 0.171975 0.0801259 -1.28244 1.85094 0.0674005 1.99843 -3.6338 0.0425202
7.355 0.122452 0.0113904 0.0273248 0.0527513 0.213611 0.0264192 -0.120923 1.19309 0.0233165 3.70623 -5.00706 0.00448459
7.405 -0.0933873 0.00610007 -0.0768845 -0.168573 0.197774 -0.0764187 -0.0621186 0.197584 -0.0622446 2.16135 -1.80871 -0.0433623
7.455 0.296421 1.36287e-05 -0.0296107 0.243523 0.127945 -0.0288623 0.85391 -0.854655 -0.0276239 -0.472415 3.35742 -0.0145565
7.505 0.168906 -0.00605802 0.0731553 0.154359 0.0229463 0.0746781 1.18214 -1.66636 0.0552396 -2.02776 6.12695 0.0432022
7.555 -0.0493765 -0.0113064 0.0319869 -0.0215474 -0.0883963 0.0335513 0.574903 -2.01017 0.0221885 -2.13922 4.0585 0.0203055
7.605 -0.225353 -0.0152829 -0.0702696 -0.150725 -0.175722 -0.0681879 0.311267 -1.79552 -0.0638563 0.0231557 -1.28366 -0.0426659
7.655 -0.157274 -0.0170075 -0.0394346 -0.0886642 -0.214777 -0.0387821 -0.390575 -1.09446 -0.0343967 2.09864 -5.61253 -0.0310913
7.705 0.105756 -0.0165228 0.0668996 0.162963 -0.195802 0.0664172 -0.548163 -0.119417 0.0570403 2.01205 -5.48832 0.0302016
7.755 0.126915 -0.0139087 0.0420763 0.151008 -0.125198 0.0406945 -0.935102 0.839793 0.0383933 -0.263728 -1.16361 0.0283601
7.805 0.027212 -0.00930173 -0.0690339 0.00554132 -0.0236391 -0.0686281 -0.818357 1.50188 -0.0471861 -2.94386 3.67585 -0.0199889
7.855 0.300533 -0.00385264 -0.0480914 0.230952 0.0790223 -0.0493818 -0.454793 1.67695 -0.0310985 -3.14751 5.02816 -0.0241203
7.905 0.244082 0.00189936 0.0651125 0.158072 0.153579 0.064305 -0.80218 1.3233 0.0571117 -0.807422 1.91627 0.0158341
7.955 -0.194966 0.00723025 0.0489575 -0.306215 0.179292 0.0486835 -0.672958 0.557185 0.0427978 1.25911 -2.84311 0.0226195
8.005 -0.198245 0.0113237 -0.059104 -0.28316 0.149691 -0.0583285 0.00353631 -0.38095 -0.0483125 2.87366 -5.05422 -0.0125273
8.055 -0.461782 0.0136226 -0.0516759 -0.498196 0.0745547 -0.0499321 -0.114198 -1.19921 -0.0448704 2.13365 -2.69839 -0.0157904
8.105 0.0325391 0.0138164 0.0551389 0.0521444 -0.023026 0.0573065 0.707732 -1.64191 0.0387299 0.259093 2.34815 0.0162321
8.155 0.181895 0.011901 0.053075 0.254137 -0.113434 0.0548468 1.67544 -1.56616 0.0395061 -1.48805 5.8647 0.00506681
8.205 0.0979923 0.00819085 -0.0432456 0.222438 -0.169137 -0.0354189 1.27493 -0.984854 -0.0478661 -1.99348 4.81199 -0.0271053
8.255 -0.20379 0.0032381 -0.056243 -0.0878714 -0.172816 -0.0529462 0.96542 -0.0636372 -0.0474075 -0.412627 -0.103444 -0.012378
8.305 -0.131038 -0.00219492 0.0498793 -0.0392714 -0.122379 0.0506664 -0.544172 0.927406 0.0393718 1.72741 -4.97465 0.0353008
8.355 -0.203927 -0.00728483 0.0581464 -0.152786 -0.0316626 0.0575011 -1.05891 1.69381 0.0512997 2.08901 -5.91328 0.0229896
8.405 -0.0463676 -0.0112592 -0.0463511 -0.0475426 0.0735273 -0.0480025 -0.921014 2.00392 -0.0320965 0.260657 -2.2696 -0.0310329
8.455 0.0249035 -0.0135111 -0.0608225 -0.0247175 0.162845 -0.0616844 -0.395571 1.75753 -0.0462102 -2.15714 2.8404 -0.0319443
8.505 -0.206384 -0.0136838 0.0420347 -0.28658 0.210134 0.0416022 -0.427603 1.01658 0.0354472 -3.39396 5.15705 0.0261345
8.555 0.00159071 -0.0117303 0.0626023 -0.0827789 0.201008 0.0630341 0.388791 -0.012598 0.0502684 -1.76101 2.8538 0.0406526
8.605 -0.16311 -0.00792413 -0.0374301 -0.225584 0.137033 -0.0365978 0.324152 -1.03918 -0.0330513 1.36949 -1.94338 -0.0154865
8.655 0.0152869 -0.00278662 -0.0610462 0.00058335 0.0353857 -0.0565919 0.624641 -1.77335 -0.057032 3.17522 -4.98408 -0.0426402
8.705 -0.0563269 0.00300126 0.0322053 -0.0278345 -0.0759707 0.0357117 0.778907 -2.0104 0.0211425 2.89516 -3.52437 0.00548813
8.755 -0.0645784 0.00850292 0.0637575 -0.00495125 -0.166539 0.0654815 0.277052 -1.69094 0.0487843 0.462078 1.31866 0.0346
8.805 0.0880905 0.0129855 -0.0301367 0.166333 -0.211561 -0.0302549 0.287608 -0.917387 -0.0253943 -1.7701 5.48845 -0.00233573
8.855 0.105056 0.0157971 -0.0654299 0.175005 -0.199276 -0.0660417 -0.222192 0.077175 -0.0539047 -1.98578 5.40678 -0.0273865
8.905 -0.0500757 0.0165303 0.0249089 -0.013852 -0.134198 0.0234704 -0.818595 0.997976 0.0239805 -0.760226 0.997361 0.000412222
8.955 -0.110181 0.0150702 0.0689743 -0.122421 -0.0357025 0.067309 -1.08902 1.5758 0.0595409 1.44328 -4.23078 0.0216686
9.005 -0.0919959 0.0116009 -0.0206339 -0.153903 0.0675891 -0.0224017 -1.27507 1.64666 -0.010141 2.06247 -6.09855 -0.00246764
9.055 0.0637081 0.0065958 -0.0693004 -0.0347419 0.146101 -0.0704493 -1.05479 1.19982 -0.0501724 0.773327 -3.21337 -0.0166363
9.105 0.104749 0.000728363 0.0174984 -0.0062738 0.177795 0.0174628 0.0235103 0.379866 0.0145167 -1.87695 1.91547 0.00765104
9.155 -0.0514116 -0.00520416 0.0690292 -0.146633 0.154489 0.0700723 0.344381 -0.556663 0.0551715 -3.44593 5.00884 0.0182661
9.205 0.222469 -0.010407 -0.0124485 0.167793 0.0841354 -0.0106068 1.12632 -1.31856 -0.0127088 -1.92234 3.59419 -0.0145608
9.255 0.0587818 -0.0141913 -0.0672623 0.0587309 -0.0115694 -0.0647575 0.906911 -1.66697 -0.0612856 0.602012 -0.959783 -0.0254254
9.305 0.0468864 -0.0160673 0.00671899 0.101302 -0.103552 0.00848817 0.904863 -1.48725 0.00097074 2.75052 -4.6312 0.0182065
9.355 -0.14001 -0.0158914 0.0683341 -0.0310418 -0.163949 0.0690309 0.690221 -0.823726 0.0520567 2.91505 -4.15278 0.0352875
9.405 0.147668 -0.0135879 -0.00284778 0.252096 -0.173885 -0.00274707 0.205624 0.132809 -0.00421261 1.13215 0.212051 -0.0128042
9.455 0.0648263 -0.0095197 -0.0689698 0.161645 -0.129491 -0.0705351 -0.173916 1.10109 -0.0533722 -1.31737 4.85206 -0.0416894
9.505 -0.0260201 -0.00437143 -0.00149536 0.0379982 -0.0429075 -0.00409595 -0.708417 1.79259 0.00401534 -2.48436 5.81593 0.0021831
9.555 -0.0287759 0.00111839 0.0682336 -0.00804356 0.0612835 0.063221 -0.504233 1.99711 0.060343 -0.93484 2.14142 0.0422936
9.605 -0.065914 0.00626319 0.00537408 -0.101312 0.153193 0.00338619 -0.927766 1.64505 0.00754739 1.21284 -3.29115 0.00908214
9.655 0.167774 0.0103203 -0.0671414 0.106045 0.205866 -0.0680132 -0.156691 0.829204 -0.0521882 2.39795 -6.12396 -0.0380845
9.705 -0.0191759 0.0127214 -0.00760242 -0.0872222 0.203413 -0.0075141 0.132266 -0.222136 -0.00679691 0.985501 -4.14233 -0.0183008
9.755 0.0124394 0.0131377 0.0659147 -0.0395917 0.145526 0.0668741 0.455316 -1.21185 0.0503155 -1.68458 0.890643 0.0270363
9.805 -0.0282036 0.011538 0.0107982 -0.0453779 0.047633 0.012225 0.796544 -1.86082 0.00411557 -3.1346 4.73545 0.0172821
9.855 -0.20973 0.00817907 -0.0642375 -0.18559 -0.0634521 -0.0625669 0.311034 -1.98918 -0.0584759 -2.78126 4.25113 -0.0193528
9.905 -0.15035 0.00357119 -0.0155224 -0.0923922 -0.157165 -0.0142603 0.276192 -1.56916 -0.017208 -0.010097 0.0220817 -0.0112476
9.955 -0.0327821 -0.00159801 0.0624791 0.040329 -0.207901 0.0631037 -0.0250392 -0.732221 0.0491604 2.94405 -4.1786 0.0168984
10.005 0.0981772 -0.00655021 0.0186402 0.161594 -0.202285 0.0183654 -0.290601 0.270588 0.0161119 3.40109 -4.62084 0.00608761
10.055 0.0150041 -0.0102336 -0.0610646 0.0447282 -0.142667 -0.0634531 -0.642351 1.14271 -0.0461821 1.48784 -0.797398 -0.0161193
10.105 -0.153428 -0.0127668 -0.026169 -0.183592 -0.0474878 -0.0257543 -1.00312 1.63014 -0.011069 -1.3397 4.13173 -0.000468593
10.155 -0.0544115 -0.0133136 0.0590852 -0.11159 0.0560499 0.0633245 -0.956498 1.59646 0.0531186 -2.21498 5.99338 0.019933
10.205 -0.00262904 -0.0116725 0.0258763 -0.103685 0.138065 0.0257548 -0.781891 1.06231 0.0250574 -1.14691 3.10929 -0.00285413
10.255 0.024719 -0.00817965 -0.0573955 -0.0930729 0.175515 -0.0577501 -0.141299 0.198423 -0.0447464 0.921385 -2.28439 -0.0273239
10.305 -0.0246282 -0.00331372 -0.0275438 -0.124833 0.158527 -0.0271984 0.630579 -0.725186 -0.0235077 2.04081 -5.87997 -0.00210343
10.355 -0.0364893 0.00223951 0.0557697 -0.106488 0.0931971 0.0527833 0.87073 -1.42162 0.0414507 1.18392 -4.85627 0.0349176
10.405 -0.0134882 0.00771901 0.0330077 -0.00979459 -0.000290363 0.0349795 1.12973 -1.67151 0.0211264 -0.982096 -0.189534 0.00916575
10.455 -0.135859 0.0123057 -0.0537953 -0.08045 -0.0934489 -0.0517459 0.699587 -1.38982 -0.0476525 -3.0359 4.19214 -0.0369172
10.505 -0.0779005 0.0153369 -0.0351628 0.0185344 -0.157969 -0.0339331 0.57759 -0.6518 -0.0297208 -2.82697 4.69681 -0.0197787
10.555 0.0566147 0.0163639 0.049911 0.172392 -0.17395 0.050008 0.2158 0.329068 0.0416529 -0.262163 1.05608 0.0319848
10.605 0.0869998 0.0152175 0.0367798 0.192471 -0.1357 0.0359744 -0.24838 1.26356 0.0319892 2.37497 -3.47787 0.0284897
10.655 -0.00381248 0.0120378 -0.048895 0.0660443 -0.0534621 -0.0505196 -0.4229 1.8724 -0.0348874 3.12141 -4.89367 -0.0218774
10.705 0.0732613 0.00725336 -0.0393536 0.0934618 0.0494827 -0.0412925 -0.687595 1.96875 -0.0271872 1.9789 -1.83344 -0.0301948
10.755 0.236586 0.00143814 0.046411 0.207132 0.143433 0.0438588 -0.439757 1.51492 0.0406284 -0.257855 3.21891 0.0109307
10.805 0.0818126 -0.00447455 0.04168 0.0181701 0.201054 0.0433168 -0.299918 0.633259 0.0348473 -2.2552 5.99569 0.0254971
10.855 -0.108325 -0.00972422 -0.0426077 -0.189316 0.205093 -0.0423453 -0.049946 -0.428864 -0.0369321 -2.13064 4.04044 -0.00490084
10.905 0.0473456 -0.0136715 -0.0435937 -0.0167984 0.153296 -0.042769 0.448919 -1.37109 -0.0400529 0.251314 -1.18971 -0.0172077
10.955 -0.025908 -0.0157776 0.0394953 -0.0569777 0.0593971 0.0412732 0.365087 -1.92796 0.0249996 2.04722 -5.50453 0.00642503
11.005 0.269522 -0.0157868 0.046713 0.278958 -0.0509038 0.0493545 0.67319 -1.94681 0.0308813 1.98848 -5.46527 0.0100443
11.055 -0.0251264 -0.0137371 -0.0369262 0.0230172 -0.147268 -0.0352936 0.500092 -1.43153 -0.0346751 -0.43515 -1.24075 -0.0135414
11.105 -0.0264061 -0.00995241 -0.0474703 0.0438389 -0.203328 -0.0467068 -0.0508365 -0.540963 -0.0400744 -3.00649 3.57012 -0.00884928
11.155 0.057354 -0.00508603 0.028465 0.11519 -0.204293 0.0334871 -0.389707 0.458526 0.0288666 -2.83665 4.98541 0.0177967
11.205 -0.0502434 0.000327226 0.0470871 -0.00635899 -0.150707 0.0472653 -1.24032 1.27217 0.0429326 -1.03266 1.97471 0.010704
11.255 -0.141653 0.00545948 -0.0309223 -0.139843 -0.0588656 -0.0326767 -1.22644 1.66437 -0.0192964 1.52678 -2.72234 -0.02207
11.305 -0.10793 0.00957458 -0.0496847 -0.15494 0.0444611 -0.0515202 -1.03976 1.52719 -0.0347583 3.18545 -4.95588 -0.0154423
11.355 -0.135595 0.0121173 0.0278635 -0.22003 0.129577 0.0261639 -0.758158 0.91254 0.0269697 2.32434 -2.69367 0.0255925
11.405 -0.0712532 0.0127649 0.0511757 -0.17211 0.172454 0.050473 0.00600047 0.0153996 0.0435362 -0.0283664 2.2522 0.0273278
11.455 -0.144906 0.0114619 -0.0244702 -0.236314 0.161615 -0.023999 0.488915 -0.884574 -0.0212023 -2.01173 5.7355 -0.0200634
11.505 -0.0385611 0.00843103 -0.0522356 -0.0959826 0.101367 -0.0507651 1.09833 -1.50732 -0.0454841 -1.88994 4.74712 -0.0344233
11.555 -0.0898958 0.00413133 0.0215436 -0.0974269 0.0104567 0.0236341 1.22902 -1.65562 0.0126327 0.00674524 -0.0531204 0.0103322
11.605 -0.0031088 -0.000787694 0.0523905 0.0417077 -0.0834245 0.0545133 1.14989 -1.27519 0.039071 1.87448 -4.85405 0.034476
11.655 -0.0478816 -0.0055903 -0.01858 0.037682 -0.151749 -0.0169177 0.690625 -0.471027 -0.0170153 1.95275 -5.83221 -0.00354468
11.705 -0.10147 -0.00956108 -0.0536065 0.0025365 -0.17349 -0.0529023 0.0678068 0.522987 -0.0431829 -0.0251058 -2.30668 -0.033937
11.755 -0.0753246 -0.0116974 0.0175516 0.0127201 -0.140959 0.0198757 -0.337238 1.41294 0.0145151 -2.37353 2.71485 -0.0067481
11.805 -0.055063 -0.0125191 0.0527703 0.011198 -0.0632165 0.0520643 -0.767087 1.9319 0.0477594 -3.15038 5.05994 0.0245067
11.855 0.121522 -0.0112609 -0.0125031 0.138097 0.0380124 -0.0146342 -0.689464 1.91925 -0.00475347 -1.35163 2.88213 0.0100577
11.905 0.114923 -0.00818833 -0.0541734 0.0846991 0.133678 -0.056458 -0.394975 1.36869 -0.0408155 1.32751 -1.80533 -0.0115513
11.955 0.202744 -0.00372692 0.009365 0.138728 0.195921 0.00799308 0.175126 0.430658 0.00706393 3.165 -4.85231 8.16589e-05
12.005 -0.0365548 0.00151946 0.0546736 -0.11289 0.206134 0.0542349 0.312214 -0.630472 0.0415674 2.61566 -3.50887 0.0111869
12.055 0.0262503 0.00680991 -0.00445439 -0.0375613 0.160421 -0.00388562 0.427933 -1.51496 -0.00882476 0.279618 1.21126 -0.00555426
12.105 0.0643694 0.0113788 -0.0539614 0.0335431 0.0707576 -0.0525731 0.659454 -1.97419 -0.0492719 -1.62666 5.35403 -0.0141967
12.155 -0.0289356 0.0145546 0.00273024 -0.017166 -0.0383796 0.00452722 0.362709 -1.88385 -0.00423755 -2.16849 5.35286 0.00849164
12.205 -0.0182568 0.0158469 0.0535817 0.0321217 -0.136988 0.0552465 0.0766494 -1.27955 0.0391322 -0.68313 1.05373 0.0170535
12.255 -0.0143614 0.0150574 0.00049228 0.0584586 -0.198044 0.00149544 -0.303988 -0.345943 0.000252549 1.52561 -4.1259 -0.0132638
12.305 0.151384 0.0122798 -0.0533627 0.222785 -0.205222 -0.0533931 -0.587217 0.638872 -0.0408879 2.19381 -6.0375 -0.0282228
12.355 0.133581 0.00786439 -0.00493757 0.179026 -0.157519 -0.00600497 -0.927589 1.38542 0.00157964 0.640309 -3.24453 0.00784217
12.405 -0.00473792 0.00141132 0.0553474 0.00861742 -0.0700243 0.0564634 -1.08673 1.67813 0.0485472 -2.00724 1.81853 0.0345689
12.455 -0.00389831 -0.00408785 0.007943 -0.0494471 0.0324666 0.00451294 -0.864685 1.43977 0.0123484 -3.34232 4.92384 0.00229843
12.505 -0.0871106 -0.00936108 -0.0516849 -0.17804 0.120343 -0.0547347 -0.678288 0.752179 -0.0380585 -2.13708 3.59318 -0.0314528
12.555 0.0312621 -0.0134619 -0.0102035 -0.0781595 0.168402 -0.0114802 0.0250174 -0.167451 -0.00673312 0.668216 -0.863636 -0.00820706
12.605 -0.0548541 -0.0157659 0.0518126 -0.157329 0.163628 0.0522834 0.538353 -1.03256 0.0391667 2.91339 -4.5004 0.0309089
12.655 -0.0905935 -0.0160446 0.0131456 -0.160663 0.108583 0.0147621 0.962543 -1.57422 0.00678501 2.93195 -4.08566 0.0157108
12.705 -0.10326 -0.0142837 -0.0502225 -0.122388 0.0205122 -0.048151 1.12928 -1.61947 -0.0444701 0.956573 0.157812 -0.0248797
12.755 -0.0786523 -0.0107391 -0.015387 -0.0417215 -0.0737065 -0.0131094 0.86268 -1.14425 -0.0167753 -1.33235 4.71433 -0.0217316
12.805 -0.0449802 -0.00595036 0.0477595 0.03845 -0.145451 0.0496614 0.70319 -0.283431 0.0374416 -2.07624 5.70551 0.0123578
12.855 0.0940074 -0.00062945 0.017832 0.20306 -0.1727 0.0186174 0.226754 0.712254 0.0152851 -0.754279 2.14903 0.0156965
12.905 0.0517047 0.0044477 -0.0462112 0.159235 -0.14648 -0.0466036 -0.175364 1.54754 -0.0350043 1.28461 -3.18014 -0.00718975
12.955 -0.088773 0.00858733 -0.0216148 -0.0080848 -0.0734883 -0.0233503 -0.590604 1.97075 -0.0127824 1.93028 -6.01856 -0.00622201
13.005 0.00434736 0.0138577 0.0464642 0.037853 0.0279279 0.0418097 -0.669356 1.84872 0.0405183 0.901746 -4.14538 0.00913303
13.055 0.0737671 0.0142795 0.0246818 0.0596023 0.125154 0.0215128 -0.538585 1.20735 0.0212982 -1.29472 0.780211 0.00108952
13.105 0.102053 0.0131739 -0.0430658 0.0540961 0.191461 -0.0450829 -0.107568 0.224191 -0.0349149 -3.00467 4.62288 -0.0131078
13.155 0.0923358 0.0102861 -0.0253867 0.0251028 0.207602 -0.0262391 0.485049 -0.825065 -0.0234765 -2.49723 4.2454 0.00204564
13.205 -0.00384477 0.00605598 0.0424665 -0.0664512 0.167958 0.0430208 0.588483 -1.64307 0.0286707 -0.0614858 0.136176 0.0208758
13.255 0.102444 0.00120823 0.0274541 0.0657093 0.0827184 0.0289262 0.761423 -1.99925 0.0175174 2.52353 -4.03698 0.00135157
13.305 0.0885824 -0.00348153 -0.0395934 0.0891712 -0.0248293 -0.0373802 0.472109 -1.80132 -0.0369006 3.32425 -4.56422 -0.0287091
13.355 0.0144132 -0.00736902 -0.0299083 0.051018 -0.125141 -0.0278265 0.176544 -1.11513 -0.0275686 1.46345 -0.862183 -0.0112975
13.405 0.0798506 -0.00988818 0.0363983 0.139224 -0.190732 0.0378116 -0.354702 -0.14891 0.0305035 -1.00046 4.00125 0.0284686
13.455 -0.0770595 -0.011775 0.0303559 -0.0204411 -0.206699 0.030047 -0.913734 0.809936 0.0291385 -2.35525 5.89632 0.0196431
13.505 -0.0532823 -0.0161399 -0.0357561 -0.0150433 -0.168063 -0.0372862 -1.11724 1.48011 -0.0236023 -1.49095 3.10803 -0.0233021
13.555 -0.0137795 -0.0118445 -0.0376749 -0.0189001 -0.0820081 -0.0362659 -1.44576 1.67175 -0.0213437 0.85257 -2.2027 -0.0237961
13.605 -0.0581876 -0.00675828 0.031232 -0.0997659 0.0187197 0.0308621 -1.13912 1.33669 0.0329216 2.07122 -5.78569 0.0168191
13.655 -0.110426 -0.00182259 0.035365 -0.193579 0.109035 0.033959 -0.421547 0.584816 0.030936 1.16408 -4.82594 0.0258455
13.705 0.00231266 0.00322982 -0.0306849 -0.101628 0.161981 -0.0316935 0.220947 -0.346764 -0.0247765 -0.952438 -0.248772 -0.00884025
13.755 0.0917713 0.00782798 -0.0361098 -0.00606103 0.163171 -0.0362563 0.800602 -1.1693 -0.0318666 -2.65247 4.09099 -0.0246927
13.805 -0.0303658 0.0112917 0.0299589 -0.097399 0.113712 0.0309906 1.08237 -1.62247 0.0188229 -2.8122 4.64656 0.000178469
13.855 -0.0451773 0.0129164 0.0378207 -0.0637365 0.029023 0.0397717 1.04245 -1.56312 0.0259308 -0.62524 1.11051 0.0170213
13.905 -0.0948711 0.0124143 -0.0262417 -0.0595057 -0.0650893 -0.0240796 0.86057 -0.999942 -0.024805 2.16982 -3.34677 0.00149129
13.955 -0.124953 0.00990759 -0.038034 -0.0443423 -0.139924 -0.0361517 0.290678 -0.0912669 -0.0333915 3.13705 -4.79313 -0.00833056
14.005 -0.0667626 0.00573204 0.0228084 0.0387998 -0.172541 0.0236982 -0.0797411 0.894685 0.0199603 2.12601 -1.85405 0.00489694
14.055 -0.18107 0.00051749 0.039287 -0.0769355 -0.152322 0.0392256 -0.590457 1.66446 0.035539 -0.478545 3.08699 0.00543405
14.105 -0.020968 0.00148569 -0.0219939 0.0570599 -0.080302 -0.0224601 -0.592348 1.9868 -0.0133487 -2.07915 5.86136 -0.0112687
14.155 0.0495153 0.000448174 -0.0418494 0.0799761 0.0216472 -0.0451871 -0.371634 1.75992 -0.0290749 -1.53105 4.01752 -0.00663411
14.205 0.091463 -0.00498575 0.0176228 0.0755102 0.120821 0.0158503 -0.221172 1.03418 0.0178357 0.271137 -1.08875 0.0180705
14.255 0.138187 -0.00747982 0.0421136 0.0851307 0.190304 0.0409573 0.316962 0.0153619 0.033654 2.10904 -5.37709 0.0117079
14.305 -0.0200384 -0.00824974 -0.0171424 -0.0931875 0.211917 -0.0178061 0.409189 -1.0151 -0.0161391 1.61596 -5.42808 -0.0214284
14.355 -0.0616559 -0.00726354 -0.04225 -0.130065 0.17824 -0.0416887 0.50931 -1.74795 -0.0389539 -0.571943 -1.32215 -0.0238902
14.405 -0.0386009 -0.00439681 0.0145075 -0.0801172 0.0974967 0.0157972 0.584379 -2.00152 0.00636355 -2.54684 3.44476 0.0142783
14.455 0.0915071 -0.000103482 0.0419763 0.0898036 -0.00832016 0.043899 0.487462 -1.70174 0.0303576 -2.89686 4.92753 0.0300318
14.505 0.0476461 0.00475362 -0.0123663 0.0858827 -0.110298 -0.0105479 0.210436 -0.939633 -0.0119576 -1.06983 2.03232 -0.00533634
14.555 0.169172 0.00989327 -0.0430132 0.235155 -0.180125 -0.0418037 -0.138526 0.0480208 -0.0343788 1.7601 -2.60061 -0.0294721
14.605 0.0786489 0.0144842 0.00946422 0.151027 -0.199067 0.00992031 -0.736238 0.970728 0.0100975 3.18593 -4.85552 -0.000345236
14.655 0.0342211 0.0175786 0.0418782 0.0888765 -0.163026 0.0411133 -1.16172 1.5588 0.0400157 2.29738 -2.69551 0.0270845
14.705 -0.0308867 -0.00409115 -0.00571019 -0.0128591 -0.104767 -0.00785321 -1.09321 1.64902 -1.27935e-05 -0.0576609 2.16484 0.00752548
14.755 -0.061415 -0.005432 -0.041273 -0.0966974 -0.00881934 -0.0458569 -1.03528 1.2164 -0.0302563 -1.95999 5.62719 -0.0198989
14.805 -0.00504565 -0.00944486 0.00483298 -0.0774578 0.0857676 0.00259977 -0.408414 0.407788 0.00601777 -1.89627 4.69645 -0.00966839
14.855 0.0158933 -0.00870505 0.0437626 -0.0813435 0.145565 0.0422058 0.170456 -0.522374 0.0341224 -0.129163 -0.00743793 0.0113558
14.905 0.0464873 -0.0132047 -0.00144009 -0.0520057 0.152898 -0.00166001 0.818383 -1.27733 -0.00375587 1.58882 -4.75368 0.0051702
14.955 0.0215182 -0.00572386 -0.0401219 -0.0410396 0.114947 -0.0333802 1.17919 -1.65326 -0.0392697 1.80108 -5.7659 -0.00724619
15.005 -0.067655 -0.0128889 0.000721687 -0.104604 0.0370814 0.00448216 0.990042 -1.49589 -0.00525447 -0.082493 -2.33587 -0.000545596
15.055 -0.122287 -0.0156724 0.0414974 -0.104588 -0.0565452 0.0437625 0.583013 -0.844346 0.0312132 -2.30435 2.60302 0.0073676
15.105 -0.0158184 -0.0162032 0.00256135 0.0498766 -0.134436 0.00471852 0.181515 0.100668 0.00190576 -2.81973 4.95885 -0.00699185
15.155 0.0155428 -0.0154939 -0.0420954 0.108668 -0.171831 -0.0409795 -0.216886 1.06913 -0.0328589 -1.40926 2.89623 -0.011733
15.205 -0.03126 -0.0130319 -0.00638372 0.0655529 -0.157328 -0.00637367 -0.469627 1.76408 -0.00192983 1.0928 -1.6817 0.0109729
15.255 -0.0107883 -0.00903912 0.0400367 0.0656466 -0.0942637 0.0389178 -0.487385 1.98603 0.0368616 2.95737 -4.7097 0.0204832
15.305 -0.0616791 -0.00415542 0.00839469 -0.0234463 -0.000146996 0.00643195 -0.549803 1.63904 0.00934667 2.67841 -3.47371 -0.00744947
15.355 -0.0132269 0.000854258 -0.0409942 -0.0194077 0.0980129 -0.0433602 -0.288744 0.841959 -0.0301869 0.533999 1.11081 -0.0270352
15.405 -0.0923629 0.00535478 -0.00915683 -0.136168 0.171785 -0.0112761 0.0253146 -0.191433 -0.00908671 -1.61127 5.20778 -0.000799797
15.455 -0.0994632 0.0315802 0.040848 -0.164386 0.221069 0.0391316 0.384359 -1.18096 0.028107 -2.15375 5.27957 0.0291659
15.505 0.00311857 0.0348084 0.012293 -0.0535525 0.199547 0.0114856 0.767467 -1.83938 0.00493872 -0.434729 1.107 0.0109165
15.555 0.178508 0.0347276 -0.0371922 0.134558 0.119567 -0.0363232 0.884985 -1.98063 -0.0361453 1.68582 -4.01765 -0.025817
15.605 0.0321537 0.0320477 -0.0136535 0.0282772 0.0168478 -0.012051 0.617395 -1.57934 -0.015731 1.99125 -5.97208 -0.0187769
15.655 -0.121501 0.028563 0.0365591 -0.087302 -0.0849422 0.0384745 0.125198 -0.769375 0.0280704 0.200841 -3.278 0.0159248
15.705 0.0157151 0.0238616 0.0161261 0.0748836 -0.158706 0.0177946 -0.52407 0.239445 0.014229 -1.85626 1.721 0.0172101
15.755 0.0787431 0.0182452 -0.036007 0.14376 -0.183933 -0.0351946 -1.07292 1.12088 -0.0223715 -2.78795 4.84476 -0.00930344
15.805 0.181956 0.0129959 -0.0189784 0.230177 -0.154111 -0.0190734 -1.00874 1.60817 -0.0101131 -1.8422 3.60358 -0.0137667
15.855 0.00594313 0.0081569 0.0330177 0.0183324 -0.079484 0.0317835 -0.934059 1.60437 0.0335573 0.487619 -0.764344 0.00503863
15.905 -0.0565135 0.00489227 0.0205854 -0.089121 0.0184135 0.0189863 -0.693917 1.08664 0.0208524 2.55481 -4.38967 0.00941717
15.955 0.0378858 0.00453954 -0.0333269 -0.035905 0.112068 -0.0351664 -0.179353 0.233349 -0.0242975 2.84381 -4.01437 -0.00181504
16.005 0.104842 0.00200887 -0.021803 0.0101362 0.163338 -0.0231273 0.259181 -0.690379 -0.0178534 1.1855 0.105873 -0.000746163
16.055 0.0100217 -0.0416347 0.0349891 -0.110889 0.138912 0.0321507 0.92279 -1.38695 0.0228901 -1.30788 4.58904 0.00783057
16.105 0.0363192 -0.0381282 0.0239121 -0.0251536 0.0998201 0.0234941 1.20013 -1.65308 0.0147855 -2.20815 5.60658 -0.00199487
16.155 -0.00693192 -0.0333456 -0.0294494 -0.0433154 0.0195046 -0.0274705 0.946362 -1.39285 -0.0279814 -0.996112 2.14236 -0.0157869
16.205 -0.0312497 -0.0272173 -0.0248787 -0.0113614 -0.0737276 -0.0226221 0.540106 -0.657171 -0.0228834 0.982892 -3.07981 -0.00232731
16.255 -0.0773243 -0.0226189 0.0281003 -0.00586412 -0.15236 0.0302511 0.123079 0.298573 0.022114 1.96923 -5.91506 0.019023
16.305 -0.00209897 -0.019306 0.0254183 0.0996168 -0.193803 0.0266953 -0.300077 1.22482 0.0231705 0.99884 -4.13034 0.00499415
16.355 -0.0243969 -0.0177235 -0.0268427 0.0835568 -0.18485 -0.0267419 -0.608975 1.84463 -0.0179602 -1.34924 0.701387 -0.0241561
16.405 0.0579715 -0.0133596 -0.0276766 0.14369 -0.120676 -0.0283385 -0.624165 1.95821 -0.0182459 -2.89159 4.50678 -0.0150526
16.455 -0.0603618 -0.0160295 0.0238954 -0.0135273 -0.029321 0.0221862 -0.593251 1.50465 0.0234896 -2.37165 4.21607 0.0225542
16.505 -0.0866999 -0.0188044 0.0285733 -0.0825261 0.0672037 0.0263878 -0.371071 0.664443 0.0243606 -0.156484 0.228316 0.0256631
16.555 -0.0535537 -0.0229989 -0.0231855 -0.092164 0.144362 -0.0252218 0.229465 -0.394164 -0.0198429 2.52373 -3.91169 -0.00998563
16.605 0.0128918 0.010718 -0.0321774 -0.0641013 0.215209 -0.0328745 0.573814 -1.35922 -0.0279548 3.20755 -4.48651 -0.0242075
16.655 -0.0365293 0.0267013 0.0211401 -0.101501 0.214415 0.0215196 0.820662 -1.94716 0.0116802 1.57139 -0.922392 0.00186184
16.705 0.153468 0.00346347 0.0297749 0.0641068 0.143699 0.0250113 0.846674 -1.9483 0.0192974 -0.744889 3.86083 0.0194856
16.755 0.052499 0.0102068 -0.0173322 0.0429946 0.02942 -0.0162798 0.400466 -1.44042 -0.0190216 -2.16356 5.80078 0.00120258
16.805 -0.00515528 0.0105431 -0.0304134 0.0196312 -0.0759633 -0.0279861 -0.0559486 -0.601468 -0.0273064 -1.52931 3.10073 -0.0157034
16.855 0.00563398 0.00118001 0.0136946 0.057922 -0.169574 0.0183959 -0.491814 0.439664 0.0152114 0.547383 -2.10893 -0.00482775
16.905 -0.0322048 0.00454602 0.0313536 0.0299793 -0.197111 0.0332292 -1.15265 1.24488 0.0301566 1.99966 -5.7049 0.00628912
16.955 0.0599374 0.00696263 -0.0150312 0.107151 -0.168573 -0.0152582 -1.21946 1.65891 -0.00679495 1.42385 -4.80075 -0.00027062
17.005 0.0630789 0.0130067 -0.0331321 0.0805836 -0.0981778 -0.0345247 -0.897096 1.53945 -0.0210876 -0.732973 -0.309557 -0.00175897
17.055 0.0788945 0.0182589 0.0132228 0.0559056 -0.00198049 0.0113632 -0.457684 0.940975 0.0144801 -2.81228 3.99874 0.00884725
17.105 0.0904819 0.0216208 0.0332276 0.0275991 0.0923433 0.0312468 0.161415 0.0660148 0.0286949 -2.71704 4.62316 0.00651089
17.155 -0.102396 0.00329617 -0.0103708 -0.182161 0.13038 -0.0133946 0.445718 -0.840483 -0.00955258 -0.744309 1.15586 -0.0118783
17.205 -0.0699619 0.00131838 -0.0331747 -0.170457 0.152972 -0.034029 0.714106 -1.45821 -0.0301415 2.04243 -3.22206 -0.0096758
17.255 -0.0964473 -0.000858339 0.00950927 -0.171731 0.120374 0.0103249 0.90316 -1.63316 0.00315759 3.20073 -4.68974 0.0140292
17.305 -0.0913502 -0.00376816 0.0340279 -0.125794 0.0459963 0.0355109 0.717906 -1.28703 0.0241517 1.94901 -1.85458 0.0152596
17.355 -0.039959 0.0325878 -0.00663418 -0.034183 -0.00531193 -0.0039327 0.658143 -0.488002 -0.00749961 -0.368348 2.98001 -0.0143402
17.405 0.082788 0.0283205 -0.0336772 0.14885 -0.0784773 -0.0316116 0.153795 0.4946 -0.0273235 -1.98442 5.71669 -0.0248608
17.455 0.0117274 0.0266448 0.00504164 0.0991709 -0.129118 0.00658331 -0.173915 1.39117 0.00614716 -1.67864 3.97618 0.00586142
17.505 0.033092 0.0210537 0.0336032 0.130191 -0.125921 0.034203 -0.536669 1.90824 0.0311609 0.136354 -1.01193 0.0277203
17.555 -0.0512441 0.0172578 -0.00427798 0.0309081 -0.0729679 -0.00486608 -0.717848 1.87651 0.00151452 1.84483 -5.25744 0.00488388
17.605 -0.0588072 0.0138837 -0.0340266 -0.0192128 0.00853069 -0.0353883 -0.715647 1.36742 -0.024888 1.62067 -5.37784 -0.0227296
17.655 -0.0442592 -0.0214426 0.00199397 -0.0434851 0.0726505 0.000241323 -0.271772 0.444366 0.00082621 -0.256794 -1.42366 -0.0102351
17.705 0.0224161 -0.0366264 0.0329907 -0.0189616 0.130611 0.0317626 0.16554 -0.612665 0.0252798 -2.45303 3.32155 0.0159295
17.755 0.0445926 -0.0356805 0.00116554 -0.0124326 0.170688 -2.13336e-07 0.711982 -1.51469 -0.00339765 -2.98509 4.8799 0.0119473
17.805 0.0477024 -0.0309353 -0.0323455 -0.0142809 0.154507 -0.0325369 0.963796 -1.94464 -0.0326398 -1.16976 2.09417 -0.00858013
17.855 0.0713355 -0.0262536 -0.00262682 0.0270225 0.0880477 -0.0020227 0.70748 -1.90489 -0.00741785 1.6225 -2.4484 -0.00880245
17.905 -0.0766481 -0.0222083 0.0333315 -0.0870576 -0.00966996 0.0348874 0.249094 -1.30846 0.0230744 3.1823 -4.76208 0.00220672
17.955 0.0129749 -0.0189469 0.0050212 0.0400074 -0.112428 0.00696156 -0.274482 -0.351238 0.00246287 2.44914 -2.70446 0.000567485
18.005 -0.063789 -0.0165265 -0.0328012 -0.00771918 -0.191686 -0.0312167 -0.764418 0.603937 -0.0246275 0.158524 2.07493 -0.00269557
18.055 -0.0158485 -0.0163441 -0.00639931 0.0514814 -0.226657 -0.00532644 -1.06843 1.33876 -0.00101252 -1.9409 5.51364 0.0067781
18.105 0.0309098 -0.0184709 0.031775 0.0872109 -0.208489 0.0318088 -0.950966 1.68222 0.0308815 -1.91581 4.63247 0.010421
18.155 0.0465144 0.00591615 0.00774913 0.0720887 -0.108243 0.00624697 -0.849465 1.46091 0.0115701 -0.283266 0.0384338 -0.00624323
18.205 -0.0673953 0.0391359 -0.0310831 -0.0622923 0.0149021 -0.032528 -0.451575 0.765666 -0.021572 1.52761 -4.65364 -0.0157929
18.255 0.03581 0.0344379 -0.00963345 -0.0250048 0.108501 -0.0116442 0.146606 -0.138878 -0.00670731 1.87458 -5.69563 0.00371028
18.305 0.0354426 0.0289847 0.0300877 -0.0598127 0.177831 0.0283293 0.480075 -0.998253 0.0230994 0.209929 -2.35695 0.0198845
18.355 0.034294 0.025993 0.0113144 -0.0723908 0.200423 0.00989437 0.910998 -1.55204 0.00616459 -2.12285 2.51153 -0.000741257
18.405 -0.039093 0.0244948 -0.0285937 -0.123589 0.172001 -0.0285796 1.07212 -1.58274 -0.0274323 -3.12266 4.87497 -0.0249618
18.455 -0.0638479 0.00602807 -0.0120862 -0.124981 0.0981419 -0.0104119 0.766647 -1.14332 -0.0135861 -1.76946 2.90718 -0.00901433
18.505 0.0363002 -0.0313304 0.0301296 0.0393818 -0.0493336 0.033905 0.543941 -0.302402 0.021012 1.1452 -1.5552 0.0223912
18.555 -0.0600476 -0.028157 0.0142316 -0.00104017 -0.132562 0.0164344 -0.0180451 0.692745 0.012652 3.06972 -4.58851 0.0171867
18.605 0.00223804 -0.0263885 -0.027437 0.0841685 -0.179843 -0.0257704 -0.398213 1.51868 -0.019346 2.74141 -3.44139 -0.0125902
18.655 0.0239433 -0.0211233 -0.0163567 0.119602 -0.181867 -0.0156765 -0.560361 1.95761 -0.00911011 0.756096 1.03327 -0.0174677
18.705 -0.0484349 -0.0157628 0.0256929 0.0382948 -0.133986 0.0250839 -0.796791 1.86304 0.0246221 -1.69646 5.04913 0.00664298
18.755 0.0294044 -0.0122822 0.0166123 0.0850336 -0.0495394 0.0147911 -0.412673 1.23542 0.016423 -2.13041 5.21273 0.0155765
18.805 0.0125884 -0.0102964 -0.0249656 0.0266243 0.0473239 -0.0276302 -0.131603 0.247068 -0.0199598 -0.650123 1.18196 -0.000878666
18.855 -0.0111128 0.033832 -0.0182892 -0.0437938 0.162291 -0.0200836 0.250914 -0.790164 -0.0173435 1.22336 -3.90147 -0.0100772
18.905 -0.0362955 0.0409621 0.0250589 -0.123113 0.221903 0.0260622 0.558429 -1.63456 0.0150428 1.92391 -5.88762 -0.00317711
18.955 0.0290195 0.0363388 0.0195161 -0.0303454 0.212878 0.0204585 0.636645 -2.00417 0.0106781 0.625031 -3.32311 -0.000927175
19.005 0.024446 0.0319683 -0.0221237 -0.017772 0.151856 -0.0203268 0.636439 -1.80999 -0.0229094 -1.65132 1.58972 -0.0045047
19.055 0.0391759 0.0270012 -0.0205305 0.0195278 0.0572114 -0.0180821 0.338685 -1.16857 -0.0199127 -2.98168 4.74871 0.00316844
19.105 0.0409091 0.00482843 0.0210784 0.0588441 -0.0659691 0.0240301 -0.0217914 -0.214551 0.0161894 -2.02768 3.61759 0.0131062
19.155 -0.022987 -0.0295368 0.020078 0.0273494 -0.17334 0.0234016 -0.753748 0.794965 0.0195794 0.57614 -0.682179 0.00152218
19.205 -0.0559296 -0.0319764 -0.0202242 -0.00111768 -0.214203 -0.0184198 -1.11132 1.45446 -0.0120051 2.72269 -4.26694 -0.0151799
19.255 -0.0342092 -0.0325794 -0.0233717 0.0141488 -0.202225 -0.0234749 -1.18192 1.67058 -0.0132832 2.90979 -3.98085 -0.00514889
19.305 -0.00964727 -0.0333483 0.0174461 0.018313 -0.143485 0.0154912 -0.859246 1.37069 0.0192477 1.08842 0.0535002 0.0190417
19.355 0.0852328 -0.0281295 0.023828 0.062525 -0.0505316 0.0229019 -0.321609 0.618609 0.0220431 -1.27983 4.49325 0.0130602
19.405 0.050005 -0.0257506 -0.0162682 -0.0038338 0.0455042 -0.0184335 0.234154 -0.30878 -0.0134391 -2.18816 5.53024 -0.0171928
19.455 0.0339481 -0.0187032 -0.0249759 -0.0463411 0.122649 -0.0274239 0.759519 -1.11047 -0.0212213 -1.0692 2.14867 -0.0204408
19.505 0.0169902 0.0129337 0.0165686 -0.0743502 0.171428 0.0143499 1.09888 -1.60769 0.00927861 0.967587 -2.99495 0.00864712
19.555 -0.0570951 0.0168902 0.0258189 -0.131542 0.149482 0.0258566 1.02037 -1.56493 0.0161074 2.01251 -5.81707 0.0204601
19.605 0.00942653 0.0196691 -0.0135947 -0.0313566 0.0849866 -0.0118601 0.79001 -1.0124 -0.0137544 1.03879 -4.13857 -0.0028951
19.655 0.00571919 0.0218831 -0.0252594 0.0117963 -0.00255679 -0.0225898 0.449953 -0.121901 -0.0219012 -1.13548 0.593124 -0.0190707
19.705 -0.0245979 0.022231 0.0123045 0.0281079 -0.0857081 0.0148679 -0.112799 0.861205 0.010769 -2.97734 4.39011 -0.00417822
19.755 -0.0596346 0.0201747 0.026088 0.0268408 -0.139541 0.0279026 -0.490001 1.65058 0.0239867 -2.55207 4.1959 0.0137982
19.805 -0.0222505 0.0166386 -0.0111526 0.0768201 -0.146996 -0.0106379 -0.706827 1.98313 -0.00477157 -0.0797957 0.340653 0.00805241
19.855 -0.0212574 0.0126348 -0.0267865 0.0664734 -0.104474 -0.0277396 -0.842819 1.77273 -0.0178974 2.42616 -3.73119 -0.00479429
19.905 0.00339515 0.00942438 0.00850555 0.0623997 -0.0207639 0.00601435 -0.482361 1.05853 0.00899122 3.20797 -4.40788 -0.00298463
19.955 -0.014851 -0.00325283 0.0262363 -0.00722039 0.0637485 0.0237981 -0.0742816 0.0329637 0.0211263 1.56971 -0.965798 0.000595288
20.005 0.00914016 -0.00997865 -0.00659469 -0.0156941 0.141184 -0.00797141 0.410706 -0.992149 -0.00908467 -0.866524 3.72111 -0.00401876
20.055 0.0600148 -0.011195 -0.026927 -0.000976678 0.189753 -0.0280831 0.816639 -1.74096 -0.026598 -2.12324 5.67548 -0.000867789
20.105 -0.00828418 -0.0108089 0.00541555 -0.0757637 0.186038 0.00540348 0.704556 -2.0082 -0.0003466 -1.39992 3.1044 0.0109187
20.155 -0.00385886 -0.00885384 0.0276156 -0.0573101 0.131049 0.029165 0.606339 -1.70996 0.0170583 0.624367 -2.03609 0.00573606
20.205 -0.0262086 -0.00578049 -0.00448556 -0.0528682 0.0398283 -0.00258355 0.130671 -0.967619 -0.00581496 1.91304 -5.6082 -0.0146961
20.255 0.00116288 0.000499609 -0.0273444 0.00687844 -0.0588048 -0.028922 -0.474629 -0.00441602 -0.0218233 1.30976 -4.78868 -0.0152113
20.305 0.0272977 0.00559906 0.00401545 0.0702946 -0.144819 0.00563496 -0.822827 0.950188 0.00504065 -0.784571 -0.385517 0.00909173
20.355 0.00894747 0.00940931 0.0277488 0.0659828 -0.189859 0.029453 -1.0434 1.54727 0.026025 -2.79601 3.90298 0.0204618
20.405 -0.0605468 0.0126669 -0.00218478 -0.00765886 -0.182851 -0.0020902 -1.05247 1.64243 0.00461017 -2.72915 4.58314 -0.00243452
20.455 0.0228163 0.0146426 -0.0265493 0.0527949 -0.127215 -0.0276903 -0.700849 1.23326 -0.0169382 -0.52932 1.22324 -0.0208624
20.505 -0.0225121 -0.0133617 0.001409 -0.0290231 -0.0720652 -0.00110433 -0.272816 0.440253 0.0023694 2.13667 -3.1073 -0.00273509
20.555 0.0262949 -0.0158481 0.0264827 -0.0189253 0.0282441 0.0240874 0.400529 -0.508183 0.0217202 3.22983 -4.60214 0.0208978
20.605 -0.0316209 -0.0031669 0.0017563 -0.104611 0.107492 0.000544405 0.877496 -1.26345 -0.000516101 2.02166 -1.87872 0.0107135
20.655 -0.0479257 0.0239314 -0.0254869 -0.140952 0.185614 -0.0255788 1.06647 -1.62629 -0.0245033 -0.474139 2.8569 -0.0132732
20.705 -0.0258252 0.0228575 -0.00321289 -0.110324 0.165497 -0.00287591 1.00799 -1.47831 -0.00644849 -2.10178 5.604 -0.0119067
20.755 -0.0384243 0.0188973 0.0258294 -0.087818 0.103537 0.0274442 0.679882 -0.843193 0.0180342 -1.68382 3.92893 0.00505225
20.805 0.0109759 0.0120445 0.00559973 -0.00227226 0.0182634 0.00824136 0.263543 0.0776107 0.00288955 0.178938 -0.91442 0.00761191
20.855 0.0953296 -0.00904241 -0.0252021 0.110277 -0.0739781 -0.0184355 -0.0969871 1.04026 -0.0192688 1.85005 -5.11682 -0.00256236
20.905 0.0784493 -0.00469111 -0.00630288 0.152908 -0.135795 -0.00350533 -0.478122 1.74673 -0.00251023 1.65314 -5.31747 -0.00533504
20.955 0.0680124 -0.00292107 0.0239491 0.162867 -0.148545 0.0243673 -0.62916 1.97376 0.0239022 -0.362039 -1.46447 -0.000904397
21.005 -0.0135041 -0.00112754 0.00683024 0.071366 -0.109442 0.00603543 -0.650504 1.65737 0.00901077 -2.50652 3.19502 -0.00220463
21.055 -0.056018 -0.0244389 -0.0242904 0.00503557 -0.0625947 -0.0266708 -0.452283 0.867412 -0.0185122 -2.90222 4.79455 -0.0024783
21.105 0.0188082 -0.0141843 -0.00887781 0.0354917 0.0400947 -0.0108905 -0.0675892 -0.196859 -0.00825688 -0.995125 2.15726 0.00924675
21.155 0.0534003 -0.00757384 0.0206209 0.0453081 0.129241 0.0196047 0.326609 -1.15469 0.0157539 1.66606 -2.31647 0.0139873
21.205 0.0775877 -0.00179007 0.00927642 0.0318798 0.177782 0.00829557 0.754264 -1.79347 0.00384503 3.10696 -4.66375 -0.00496521
21.255 0.100298 0.000993993 -0.0220553 0.0453479 0.178586 -0.0223862 0.902343 -1.97628 -0.0236439 2.35232 -2.7115 -0.0197024
21.305 -0.0123541 0.00940194 -0.00881887 -0.0501639 0.135099 -0.00578569 0.517818 -1.60605 -0.0128265 -0.0238734 1.94752 -0.00172011
21.355 -0.0806896 0.00814075 0.0217673 -0.0958981 0.0484998 0.0228697 -0.0469334 -0.773715 0.0163497 -1.95631 5.39699 0.0195108
21.405 -0.0549871 0.00735354 0.0132488 -0.044155 -0.0533681 0.0150524 -0.612335 0.201009 0.0108731 -1.88899 4.61256 0.00762361
21.455 -0.00106613 0.00480042 -0.0214108 0.0392196 -0.13985 -0.0195577 -1.02945 1.07025 -0.0134728 -0.101123 0.099191 -0.0188962
21.505 0.0190515 -0.00764995 -0.0150844 0.080545 -0.196866 -0.0123534 -1.08482 1.58698 -0.0058972 1.59101 -4.57405 -0.0152909
21.555 0.034991 -0.010448 0.019699 0.0865057 -0.194491 0.0201441 -0.850367 1.59367 0.0215067 1.68531 -5.64763 0.0106061
21.605 -0.0298075 -0.00686934 0.00865486 -0.0077913 -0.135343 0.0151592 -0.477362 1.08721 0.0154396 0.0560532 -2.41219 0.0174804
21.655 -0.0716445 -0.010932 -0.020543 -0.0857558 -0.0509054 -0.0201355 -0.200753 0.257973 -0.0135046 -2.19205 2.40638 -0.00229381
21.705 -0.0806043 -0.0118987 -0.0169488 -0.129004 0.0418841 -0.0193704 0.288294 -0.651848 -0.0126556 -2.89134 4.80561 -0.0120214
21.755 -0.0637005 -0.0121529 0.0191272 -0.144487 0.117695 0.0172199 0.711688 -1.36579 0.0114736 -1.44692 2.93249 -0.000313707
21.805 -0.0421302 -0.0155842 0.0172638 -0.133565 0.150726 0.016585 1.01586 -1.64051 0.00898803 1.07543 -1.43958 0.00729661
21.855 0.0406153 -0.022322 -0.0168312 -0.0458109 0.129001 -0.0172453 1.11203 -1.39443 -0.0172553 2.96581 -4.4523 0.00205047
21.905 -0.00626288 -0.0160136 -0.0167323 -0.0679597 0.0726545 -0.0148755 0.832139 -0.66822 -0.0164527 2.6029 -3.40024 -0.00276014
21.955 -0.0283625 -0.000886299 0.0179196 -0.0369437 -0.00097578 0.020515 0.431749 0.267876 0.012018 0.564423 0.927251 -0.00114577
22.005 -0.04842 0.00218464 0.0195738 -0.0114717 -0.0832877 0.0219183 -0.239417 1.19701 0.0153479 -1.50726 4.92652 -0.00293388
22.055 0.00204224 0.0313638 -0.0147861 0.0756495 -0.112673 -0.0125046 -0.705429 1.8135 -0.00892082 -1.95426 5.11744 -0.00530995
22.105 0.0256672 0.0393839 -0.0183884 0.121896 -0.131338 -0.0170089 -0.732795 1.9507 -0.0115333 -0.554592 1.19481 0.00367115
22.155 -0.00904284 0.0392128 0.0132857 0.0766252 -0.0986908 0.012869 -0.697621 1.53767 0.0138307 1.20001 -3.77372 0.0140694
22.205 0.0329114 0.0371211 0.018174 0.0979996 -0.0255588 0.0164548 -0.186712 0.689746 0.0166395 1.82733 -5.80305 0.00328177
22.255 -0.00970623 0.0345517 -0.0127181 0.0185744 0.066457 -0.0154519 0.208023 -0.381801 -0.0113128 0.462914 -3.33472 -0.0171782
22.305 0.0242087 0.030436 -0.019872 0.0120569 0.151608 -0.0226776 0.561575 -1.30845 -0.0188955 -1.68981 1.50048 -0.0116202
22.355 -0.0028265 0.0254661 0.0107662 -0.0460675 0.205192 0.00853252 0.636002 -1.89058 0.00458553 -2.79895 4.65695 0.0136157
22.405 0.00648588 0.0203469 0.0198003 -0.0509175 0.210802 0.0188061 0.519837 -1.94645 0.0115625 -1.9477 3.64072 0.0164647
22.455 0.0515819 0.0157572 -0.0101475 -0.000277176 0.165886 -0.00970417 0.399983 -1.46792 -0.0116962 0.597939 -0.553128 -0.00836026
22.505 0.0389759 0.0123766 -0.0205371 0.00951918 0.082318 -0.0188078 -0.0154684 -0.605854 -0.0175685 2.64279 -4.15068 -0.0201591
22.555 0.0482079 -0.00569074 0.00931454 0.054232 -0.0421502 0.0114505 -0.4923 0.395671 0.00832006 2.75318 -3.95102 -0.000700426
22.605 -0.00320758 -0.0407626 0.0207708 0.0249367 -0.15809 0.0234447 -0.922348 1.22361 0.0200574 1.00612 -0.0435358 0.0181763
22.655 0.00275432 -0.0430106 -0.00815 0.063016 -0.208509 -0.00581448 -1.20265 1.65213 -0.00165885 -1.21409 4.35727 0.00880619
22.705 0.00239426 -0.0367598 -0.0203526 0.0527887 -0.214503 -0.0189443 -1.09011 1.51387 -0.0128831 -2.03212 5.44125 -0.00850012
22.755 0.0101621 -0.032098 0.00650557 0.0408379 -0.168732 0.00638298 -0.652349 0.97649 0.0085441 -0.994926 2.17477 -0.00613609
22.805 0.0100128 -0.0277796 0.020721 0.0104742 -0.0869276 0.0191964 0.0257911 0.0882569 0.0185379 0.860786 -2.90665 0.00375013
22.855 0.0140741 -0.023843 -0.00491323 -0.0248992 0.0047578 -0.00762855 0.662311 -0.80806 -0.00537051 1.84294 -5.7143 0.00206115
22.905 -0.035488 -0.00584654 -0.0206066 -0.0785599 0.0891985 -0.0196329 0.983093 -1.46466 -0.0198214 0.91964 -4.0977 -0.00221987
22.955 -0.022396 -0.00803281 0.00432911 -0.101055 0.133601 0.00327272 1.10756 -1.64456 -0.000747869 -1.19511 0.518594 -0.00059138
23.005 -0.0114791 -0.00882894 0.0212384 -0.0914633 0.127044 0.0206075 0.935941 -1.29539 0.0143975 -2.68525 4.27635 -0.00179312
23.055 0.00275103 -0.00981265 -0.00202844 -0.0474255 0.073968 -0.00101574 0.587642 -0.519528 -0.00395116 -2.24443 4.12801 -0.00679222
23.105 0.01797 0.0323065 -0.0213451 0.00171133 0.0395075 -0.0207876 0.109994 0.460049 -0.016974 -0.0695051 0.399588 -0.0019364
23.155 -0.000753561 0.0277791 0.00238066 0.0327212 -0.0439337 0.0051341 -0.297378 1.33994 0.003288 2.2083 -3.59908 0.012108
23.205 0.0481843 0.0180247 0.020441 0.115361 -0.115025 0.0232319 -0.544664 1.88821 0.0200493 3.01429 -4.3211 0.0120881
23.255 0.054305 -0.0220754 -0.00119953 0.135545 -0.164019 0.00118332 -0.721861 1.89671 0.00351907 1.64397 -1.01452 -0.0080781
23.305 0.0496634 -0.0209862 -0.0208729 0.133102 -0.141749 -0.0202351 -0.586318 1.40332 -0.0142748 -0.671571 3.59532 -0.0159496
23.355 0.0330366 -0.0232871 -0.00159238 0.0932741 -0.0725945 -0.00265905 -0.216708 0.480785 5.84034e-05 -2.01037 5.57643 0.00446499
23.405 0.046249 -0.0244393 0.019906 0.0702272 0.0180289 0.0177686 0.200765 -0.557243 0.0150723 -1.40709 3.11217 0.019129
23.455 0.0204834 -0.022947 0.00179762 0.00654839 0.104029 -0.000999617 0.592919 -1.46715 -0.00222748 0.459044 -1.91898 0.00139462
23.505 -0.00324745 -0.0100456 -0.0199435 -0.0398941 0.168529 -0.0213808 0.755876 -1.92959 -0.021065 1.74539 -5.49941 -0.0205091
23.555 -0.0226676 -0.00733921 -0.00335368 -0.0823848 0.181338 -0.00463747 0.62166 -1.89973 -0.00720303 1.27666 -4.77093 -0.01263
23.605 -0.0365913 -0.00288906 0.0204446 -0.0893565 0.14196 0.0201525 0.167569 -1.31728 0.0127939 -0.780125 -0.478403 0.00983925
23.655 -0.0376577 0.00132151 0.00458034 -0.0668888 0.0621573 0.0054196 -0.278765 -0.393723 0.00221976 -2.58248 3.79002 0.0134029
23.705 -0.0401403 0.00508322 -0.0195023 -0.0384275 -0.0352404 -0.0176398 -0.688738 0.602555 -0.0142375 -2.59982 4.52067 -0.000734699
23.755 -0.00848392 0.00762523 -0.00447349 0.0232066 -0.12425 -0.00215925 -0.919115 1.33934 -0.000774662 -0.609384 1.30101 -0.00708629
23.805 0.00153242 0.0085007 0.0193248 0.052314 -0.180676 0.0213453 -0.986827 1.64715 0.0202588 1.9686 -2.97753 0.000320449
23.855 -0.0253175 0.0148632 -0.000490078 0.019737 -0.178657 -0.00116128 -0.841294 1.44142 0.0100068 3.07578 -4.50047 0.00429297
23.905 -0.0254164 0.0124332 -0.0171265 0.00288135 -0.138128 -0.0191564 -0.448599 0.804202 -0.0108287 2.02062 -1.88062 0.00184526
23.955 -0.0594229 0.0104963 -0.00586558 -0.0548756 -0.0635523 -0.00782635 -0.0286305 -0.0958792 -0.00567326 -0.294092 2.75774 0.00240248
24.005 -0.0356344 0.00576801 0.0177963 -0.0701231 0.0282191 0.0152693 0.552487 -0.970327 0.0138762 -1.97558 5.48493 0.0012749
24.055 -0.0391675 0.000364281 0.00879377 -0.107436 0.107278 0.00668762 0.991623 -1.52836 0.00449017 -1.69583 3.88062 -0.00705228
24.105 -0.0105692 0.020301 -0.0172942 -0.0970203 0.173385 -0.0185437 1.10129 -1.61316 -0.0173672 0.0218664 -0.88411 -0.00908283
24.155 -0.0276412 0.0110059 -0.00932453 -0.112939 0.168681 -0.00971999 0.974429 -1.17719 -0.0102045 1.64188 -5.03163 0.0040546
24.205 -0.0489291 0.00414486 0.01715 -0.105086 0.115749 0.0184317 0.560607 -0.340062 0.0118938 1.5844 -5.26437 0.0126346
24.255 0.0134572 0.00041008 0.0101123 -0.0073286 0.0340316 0.0118159 0.0333337 0.639983 0.00836274 -0.173715 -1.50541 -0.000728878
24.305 0.0257469 -0.00329893 -0.0155317 0.0523865 -0.0551739 -0.0137033 -0.407545 1.48617 -0.0110354 -2.20938 3.08842 -0.01601
24.355 0.0264635 -0.0011251 -0.0106016 0.0893693 -0.119715 -0.00833499 -0.65237 1.9555 -0.00543315 -2.75603 4.71542 -0.00543082
24.405 0.0241961 0.00240673 0.0155382 0.108746 -0.144595 0.0176161 -0.619066 1.84411 0.0155536 -1.15266 2.19503 0.0172114
24.455 0.0110517 0.00709013 0.0108053 0.0984557 -0.122275 0.0117484 -0.519031 1.23535 0.0115001 1.41167 -2.17165 0.0137599
24.505 -0.00510426 0.0110985 -0.0148834 0.0646219 -0.0585333 -0.0153044 -0.16734 0.263007 -0.0117843 2.9919 -4.52703 -0.0104283
24.555 0.0292478 0.0142743 -0.0126613 0.0668308 0.0291237 -0.0143684 0.263055 -0.759761 -0.0121093 2.42295 -2.70629 -0.0168087
24.605 0.0473645 0.0162917 0.013034 0.0481664 0.115488 0.010488 0.579951 -1.5818 0.00736528 0.267162 1.81417 0.00226346
24.655 0.0404784 0.0168735 0.0128606 0.0102609 0.175417 0.0101968 0.758496 -1.9564 0.00569608 -1.75895 5.23798 0.0137125
24.705 -0.00535415 0.0157795 -0.0128896 -0.0525684 0.190918 -0.0149575 0.653137 -1.81128 -0.0148688 -1.99419 4.57352 0.00406096
24.755 -0.0066423 0.0135634 -0.0137398 -0.0529747 0.157009 -0.0147313 0.244498 -1.16591 -0.0136017 -0.386734 0.170012 -0.00727211
24.805 -0.007187 -0.0212784 0.0125416 -0.0396801 0.0550144 0.0128189 -0.285843 -0.20919 0.00935611 1.48283 -4.44643 -0.00628387
24.855 0.00137601 -0.0254108 0.0139368 -0.00321051 -0.0421984 0.0158845 -0.787432 0.746909 0.0133493 1.79247 -5.59259 -0.00107981
24.905 0.000960738 -0.0159322 -0.0115099 0.0230468 -0.117488 -0.00990366 -1.03211 1.44986 -0.0053242 0.20851 -2.44098 0.000685154
24.955 0.0275672 -0.00375604 -0.0131377 0.0662471 -0.165969 -0.0117061 -1.07287 1.6674 -0.00712063 -2.0223 2.31851 0.00342942
25.005 0.00290263 -0.0274161 0.00991096 0.0541392 -0.2004 0.00940268 -0.79775 1.36745 0.0125888 -2.91721 4.74008 0.00575873
25.055 -0.0162657 -0.0160488 0.0161289 0.0275962 -0.16168 0.011591 -0.322783 0.636766 0.0151468 -1.62362 2.94427 -0.00130791
25.105 -0.0146694 -0.0166878 -0.00791072 -0.0123236 -0.0847024 -0.0104585 0.182605 -0.307855 -0.00643375 0.953396 -1.34108 -0.00983205
25.155 -0.0139802 -0.0154358 -0.0142552 -0.052967 0.00728379 -0.0160538 0.638577 -1.11708 -0.014625 2.91966 -4.34306 -0.000996064
25.205 0.0144811 0.00159387 0.00748187 -0.0522997 0.102212 0.00525146 0.970143 -1.57928 0.00485894 2.74906 -3.37976 0.0133871
25.255 0.0176149 -0.0089742 0.0167142 -0.0659065 0.132315 0.0151643 1.07522 -1.56131 0.00981414 0.674454 0.848578 0.00912432
25.305 -0.0249683 -0.00786742 -0.00774647 -0.10476 0.133176 -0.00896982 0.910412 -1.019 -0.00866686 -1.52748 4.78306 -0.0120536
25.355 -0.036027 0.0014818 -0.0210866 -0.103642 0.0988286 -0.0161196 0.491489 -0.160282 -0.0140937 -2.08279 5.02763 -0.0143837
25.405 -0.023928 0.00349744 0.00638639 -0.0518843 0.0236862 0.00940933 -0.0865232 0.805234 0.00604021 -0.7147 1.25478 0.0055614
25.455 -0.0274146 0.00574746 0.0161912 -0.00244167 -0.0610866 0.0180953 -0.532177 1.61592 0.015882 1.20867 -3.65692 0.0149935
25.505 -0.0266834 0.004747 -0.00539682 0.0341891 -0.127012 -0.00314696 -0.779301 1.9812 -0.00148658 1.85212 -5.72606 -0.00127846
25.555 0.0185764 0.0162256 -0.0171985 0.106881 -0.140455 -0.0149152 -0.660189 1.76055 -0.0102791 0.561508 -3.343 -0.0169495
25.605 0.0244389 0.0132848 0.00494894 0.110649 -0.124768 0.0061379 -0.40592 1.06105 0.00575798 -1.62937 1.38306 -0.00606069
25.655 -0.00108052 0.00881703 0.0160837 0.0659522 -0.0653405 0.0158426 -0.030923 0.0768472 0.013115 -2.87909 4.57091 0.0117347
25.705 -0.00219386 0.00453836 -0.00429856 0.0339255 0.0204649 -0.00561165 0.3223 -0.971177 -0.00552065 -1.97173 3.63507 0.0109037
25.755 0.024812 0.000844876 -0.0168043 0.0240433 0.10738 -0.0188983 0.636641 -1.69863 -0.0176769 0.524094 -0.44303 -0.00132802
25.805 0.0502645 -0.0026479 0.00254601 0.0175516 0.169741 0.000266243 0.742614 -1.97666 -0.0022584 2.7473 -4.02489 -0.00564411
25.855 0.0291846 -0.00472076 0.0164461 -0.0215145 0.189803 0.0146025 0.575157 -1.70948 0.00940929 2.89741 -3.91281 -0.00304837
25.905 -0.0112648 -0.00533287 -0.00193762 -0.0618448 0.16068 -0.00283562 0.171095 -0.965108 -0.00390964 1.07898 -0.102839 -0.00124522
25.955 -0.0286644 -0.0167452 -0.0163332 -0.0594127 0.0769858 -0.015048 -0.324266 -0.00716689 -0.0134564 -1.20488 4.23615 0.00227907
26.005 -0.0482934 -0.0136158 0.00100759 -0.0552565 -0.0156248 0.0026309 -0.841282 0.910862 0.0032353 -2.10637 5.38026 0.00645478
26.055 0.0075925 0.0047718 0.0173691 0.0241123 -0.0912525 0.0196483 -1.08223 1.51817 0.0174635 -1.05006 2.19401 0.00134154
26.105 -0.00398682 0.0102846 0.000330494 0.0399539 -0.149999 0.00282712 -1.05684 1.64185 0.00462425 0.854961 -2.81236 -0.0103034
26.155 0.00453852 0.0157838 -0.015972 0.0564908 -0.169915 -0.0144828 -0.758199 1.25605 -0.00935012 1.81738 -5.65714 -0.00869955
26.205 0.00442027 0.0193535 -0.000687945 0.0424932 -0.139567 -0.000230031 -0.179991 0.469208 0.00190896 0.908169 -4.11826 0.00852564
26.255 -0.0300136 0.0124808 0.0166125 -0.0149412 -0.0787266 0.0170145 0.317198 -0.490726 0.0135596 -1.18981 0.453394 0.015147
26.305 -0.0423252 0.013379 0.00133037 -0.0665585 0.00894459 0.000232112 0.791929 -1.25267 -0.000320272 -2.71972 4.19637 -0.00224391
26.355 -0.0266112 0.0127465 -0.015995 -0.0819685 0.0900956 -0.0177386 0.9682 -1.62 -0.0157978 -2.23167 4.10146 -0.0157835
26.405 -0.0156042 0.0105663 -0.00306086 -0.0904436 0.141301 -0.00488871 1.02436 -1.48007 -0.00517927 0.00253181 0.477422 -0.00341681
26.455 0.0382876 0.00203655 0.015555 -0.0416967 0.143037 0.0150886 0.797351 -0.872136 0.0104248 2.29286 -3.48493 0.0137482
26.505 0.0415314 -0.00243375 0.00331985 -0.0174428 0.104838 0.00348892 0.441653 0.0536807 0.00220499 2.96591 -4.2356 0.00747565
26.555 0.0142567 -0.00658623 -0.0152044 -0.0125308 0.0339775 -0.0139965 -0.149131 0.988187 -0.0114489 1.5456 -1.03307 -0.0104077
26.605 0.0347901 -0.0391074 -0.00552264 0.0467346 -0.0743389 -0.00396015 -0.543694 1.71102 -0.000686972 -0.700954 3.4654 -0.0114543
26.655 0.00801381 -0.0389283 0.0155651 0.056714 -0.1434 0.0179645 -0.797221 1.96091 0.0152469 -1.99205 5.45182 0.0046525
26.705 0.00743716 -0.0388742 0.00459004 0.0830557 -0.174209 0.00651523 -0.719581 1.63937 0.00662355 -1.43847 3.09615 0.0115228
26.755 0.0219533 -0.0376097 -0.0140787 0.0982501 -0.161774 -0.0128384 -0.352244 0.905679 -0.0107402 0.439657 -1.8307 0.00334189
26.805 0.0190396 -0.0344538 -0.00547238 0.0863029 -0.104658 -0.00547198 0.0363238 -0.148241 -0.00566231 1.74112 -5.40468 -0.0049437
26.855 0.0487745 0.01415 0.0141991 0.0767523 0.0109003 0.0132318 0.482941 -1.12087 0.00858136 1.26959 -4.75694 -0.00502932
26.905 0.0237941 0.025338 0.00686098 0.0140351 0.12297 0.00468646 0.700819 -1.80391 0.000988088 -0.686623 -0.554706 -0.00370348
26.955 -0.00997533 0.0324046 -0.0152716 -0.0423844 0.18407 -0.0169265 0.659872 -1.97719 -0.0156334 -2.52804 3.70786 -0.00031203
27.005 -0.0107841 0.0370289 -0.00779572 -0.0506737 0.207098 -0.0094457 0.389912 -1.60323 -0.00927973 -2.53157 4.51134 0.00632401
27.055 -0.0469129 0.0213762 0.0124077 -0.0968963 0.167862 0.0108141 -0.00625701 -0.80492 0.00844893 -0.624378 1.35207 0.0054805
27.105 -0.0388103 0.0231055 0.008141 -0.0704508 0.100114 0.00803277 -0.450912 0.190064 0.00697507 1.8535 -2.85592 -0.00638614
27.155 -0.0496085 0.0219998 -0.0125008 -0.0549533 0.00935387 -0.0115667 -0.818284 1.04595 -0.00746444 2.98726 -4.46094 -0.0116853
27.205 -0.043315 0.0197119 -0.0083253 -0.022195 -0.0812417 -0.00657979 -1.09508 1.57279 -0.00251045 1.98647 -1.89579 0.00261378
27.255 -0.0493578 0.0165882 0.0122937 -0.00861577 -0.146736 0.0143707 -0.97182 1.60584 0.0143747 -0.237302 2.6672 0.0174451
27.305 -0.0359036 0.0126904 0.00897914 0.0102235 -0.169427 0.0107655 -0.693462 1.12332 0.0112493 -1.87464 5.38093 0.00842086
27.355 -0.0450464 0.0080401 -0.0114497 -0.0107041 -0.144443 -0.0104244 -0.134782 0.30264 -0.00718786 -1.65869 3.87061 -0.0121073
27.405 -0.0423782 0.00321199 -0.00978195 -0.0342958 -0.0799665 -0.00981217 0.461486 -0.619019 -0.00789495 0.00351139 -0.828071 -0.0124537
27.455 -0.0212004 -0.0334505 0.0109503 -0.0479598 -0.00787787 0.00999971 0.897442 -1.31633 0.00687362 1.58567 -4.92758 0.00532561
27.505 -0.0265328 -0.0241051 0.00975704 -0.083226 0.0603736 0.00799625 1.07123 -1.63864 0.00530879 1.53472 -5.2095 0.0103355
27.555 -0.00272252 -0.0425072 -0.0101097 -0.076175 0.101768 -0.0125463 0.992961 -1.41754 -0.0111659 -0.284775 -1.54003 -0.00434914
27.605 0.00731801 -0.0410345 -0.0105011 -0.0699738 0.11557 -0.0120476 0.719087 -0.708511 -0.0107268 -2.21316 2.98582 -0.0131125
27.655 0.0056428 -0.0370208 0.0093633 -0.0566937 0.0824444 0.00875568 0.217246 0.231328 0.00719266 -2.68124 4.63909 -0.00308351
27.705 0.0124317 -0.033252 0.0111197 -0.0159706 0.0157204 0.0116419 -0.214581 1.18578 0.0101403 -1.09009 2.21844 0.00906476
27.755 -0.00606194 -0.0291184 -0.00881805 0.00686471 -0.0641875 -0.00734627 -0.555703 1.80218 -0.00448709 1.45021 -2.06367 0.00797059
27.805 0.0129705 -0.0236109 -0.0111097 0.0678843 -0.130162 -0.00909544 -0.683477 1.93711 -0.00629533 2.97697 -4.41207 0.00115223
27.855 0.0305717 -0.019104 0.00852659 0.106237 -0.167656 0.0106312 -0.599392 1.52165 0.00894812 2.4291 -2.68211 -0.00199778
27.905 0.0109889 -0.0167112 0.0117259 0.0958697 -0.159539 0.0132396 -0.336725 0.690986 0.0103545 0.252752 1.7171 -0.00260355
27.955 0.0139768 -0.015488 -0.00737908 0.0878055 -0.108475 -0.00681757 0.107062 -0.327552 -0.0071788 -1.72192 5.11636 -0.00187492
28.005 0.0275407 0.00310604 -0.00809528 0.0783714 -0.00476756 -0.0133698 0.476151 -1.29172 -0.0133295 -1.9309 4.49678 0.003573
28.055 0.0239058 0.0010511 0.00649805 0.0429842 0.0841402 0.00252251 0.639072 -1.89317 0.00126556 -0.44618 0.230409 0.00627497
28.105 0.0396008 0.00358419 0.0133052 0.0171267 0.14606 0.0108831 0.704706 -1.94659 0.0053431 1.33638 -4.34165 -0.00321215
28.155 0.0561517 0.00018361 -0.00688545 0.0130112 0.175802 -0.00934154 0.357714 -1.50325 -0.00807679 1.70318 -5.54633 -0.0160742
28.205 0.0507699 -0.00386956 -0.0128313 0.00352164 0.158202 -0.0143361 -0.0925148 -0.610141 -0.0114901 0.225064 -2.47835 -0.00720709
28.255 0.0639727 0.000277037 0.00457142 0.0247481 0.126034 0.00381468 -0.506552 0.367211 0.00528112 -1.89748 2.20328 0.0122828
28.305 0.0264606 0.0259738 0.0120622 -0.00430356 0.0563889 0.0133918 -0.886115 1.21504 0.0133318 -2.79297 4.68063 0.0151451
28.355 0.0185769 0.0304726 -0.00485204 0.024203 -0.044661 -0.00307219 -1.06132 1.63854 0.000535767 -1.56179 2.97207 -0.00286892
28.405 0.0111241 0.0297956 -0.0126112 0.0421935 -0.112767 -0.0104943 -0.952951 1.54151 -0.00608866 0.920199 -1.24084 -0.013009
28.455 -0.0130938 0.0133841 0.00421242 0.0123319 -0.166344 0.00579526 -0.583685 0.956494 0.00615251 2.82914 -4.21496 -0.000625384
28.505 -0.0233394 0.0121022 0.0128357 0.0115543 -0.141653 0.0140902 -0.0843071 0.10433 0.0122308 2.64734 -3.33308 0.0130472
28.555 -0.0484745 0.0148041 -0.00261867 -0.037932 -0.0798606 -0.00217298 0.444138 -0.770171 -0.00293804 0.658756 0.782397 0.00606361
28.605 -0.0463717 0.0196827 -0.012805 -0.0687599 0.00279049 -0.0135422 0.918793 -1.40764 -0.0126745 -1.43521 4.66468 -0.00920608
28.655 -0.0213763 0.0234634 0.00225431 -0.0727822 0.0847236 0.000694656 1.1295 -1.61125 -0.00132118 -2.00203 4.94117 -0.00888421
28.705 -0.0346414 0.0257612 0.0127754 -0.105591 0.141519 0.0107895 0.98825 -1.29998 0.00775597 -0.730773 1.26279 0.00111397
28.755 -0.0508629 0.0270432 -0.00113108 -0.125503 0.157596 -0.00289283 0.643166 -0.548276 -0.00288947 1.06416 -3.54604 0.00461913
28.805 -0.0354265 0.0268741 -0.0129355 -0.0953425 0.129322 -0.0140299 0.182521 0.441894 -0.0105858 1.79829 -5.62073 0.0012889
28.855 0.033074 0.0240009 0.000419642 0.00275892 0.064687 0.000439932 -0.315092 1.34656 0.00233485 0.668312 -3.36207 -0.00135409
28.905 0.059445 0.0178463 0.0134036 0.069457 -0.0170707 0.0145469 -0.631891 1.86563 0.0132178 -1.48971 1.27822 -0.00282515
28.955 0.0478891 0.0133441 -3.0832e-05 0.0924749 -0.0877418 0.00169668 -0.645715 1.90387 0.00277019 -2.796 4.46862 -0.0028539
29.005 0.019117 0.00853463 -0.0126463 0.0885145 -0.127658 -0.0106354 -0.583961 1.36166 -0.00823658 -2.01884 3.62237 0.00237245
29.055 0.013664 0.00470644 -0.000209739 0.091787 -0.124276 0.00145976 -0.306753 0.49503 -8.23429e-05 0.39549 -0.327319 0.00889501
29.105 0.0179245 0.00153239 0.0123939 0.0859845 -0.0781164 0.0132913 0.148743 -0.564783 0.00884297 2.60564 -3.89667 0.00481136
29.155 0.0212026 -0.000911801 0.000809195 0.0641481 -0.00211805 0.000641196 0.533141 -1.44216 -0.00196439 2.89597 -3.86166 -0.00950715
29.205 0.0385638 -0.0141164 -0.016922 0.0536156 0.0591723 -0.0135378 0.764051 -1.92453 -0.0143455 1.21016 -0.18382 -0.0124893
29.255 0.0483359 -0.013634 -0.00317545 0.0307111 0.132052 -0.00330143 0.700114 -1.88195 -0.00628806 -1.05428 4.08601 0.00449674
29.305 0.0299162 -0.0387826 0.0109381 -0.00311415 0.15351 0.00943194 0.387637 -1.33576 0.00740983 -2.05431 5.28122 0.0159424
29.355 -0.00416739 -0.038233 0.00319523 -0.0652762 0.119253 0.00125486 -0.142487 -0.44297 0.00106257 -1.14071 2.21126 0.003418
29.405 -0.0283578 -0.0387693 -0.0129854 -0.0627208 0.0668209 -0.0142278 -0.707225 0.548184 -0.00818218 0.705157 -2.71206 -0.01461
29.455 -0.0106822 -0.035175 -0.00297761 -0.0182388 -0.0183834 -0.00290791 -1.01467 1.31748 0.000439001 1.76853 -5.56743 -0.0102872
29.505 -0.0185648 -0.0321322 0.0123157 -0.0210768 -0.108158 0.013933 -1.10032 1.67552 0.0137638 0.901622 -4.11055 0.00637278
29.555 0.0023695 -0.0134493 0.00341717 0.0459306 -0.166493 0.00531545 -0.938445 1.46428 0.00744647 -1.15481 0.363454 0.011149
29.605 -0.038821 0.0239329 -0.0106164 0.00650154 -0.163474 -0.00823597 -0.427706 0.810657 -0.00635409 -2.64787 4.12833 -0.000664568
29.655 -0.0362859 0.0218276 -0.00400127 0.00344425 -0.145558 -0.00279325 0.125964 -0.079195 -0.00249227 -2.26014 4.10671 -0.00819566
29.705 -0.0304776 0.0200044 0.0115044 -0.0140181 -0.0887692 0.0121869 0.613054 -0.93065 0.0080858 -0.00382772 0.551784 -0.002012
29.755 -0.0404524 0.017696 0.00477002 -0.0557003 -0.00815458 0.0046215 0.947647 -1.50569 0.00193375 2.30292 -3.371 0.00434834
29.805 -0.0480979 0.0139422 -0.0103575 -0.0950417 0.0734587 -0.0111987 1.09682 -1.57727 -0.0116612 2.95497 -4.17489 0.00419859
29.855 -0.0456434 0.00993637 -0.00589143 -0.115633 0.132591 -0.00725584 0.92792 -1.17322 -0.00720885 1.58975 -1.08617 0.00212633
29.905 -0.0143054 -0.01051 0.00960122 -0.0904868 0.138064 0.00805878 0.512665 -0.364098 0.00704989 -0.682837 3.35014 -0.000821968
29.955 0.0354012 -0.00625421 0.0073427 -0.0334947 0.119235 0.00712516 0.0605114 0.61728 0.00519114 -2.02869 5.34493 -0.00529635
30.005 0.0341884 -0.00610261 -0.0101732 -0.0044738 0.0591126 -0.010891 -0.430533 1.44965 -0.00594606 -1.44908 3.09134 -0.00365204
30.055 0.0363403 -0.00633378 -0.00643643 0.0346546 -0.0170187 -0.00618936 -0.697122 1.91422 -0.00256502 0.361382 -1.72453 0.00489033
30.105 0.0387682 -0.00518518 0.00979004 0.0734698 -0.0883543 0.0107325 -0.720952 1.85432 0.0105309 1.70459 -5.28608 0.00664689
30.155 0.0293559 -0.00219881 0.00735908 0.0918162 -0.13146 0.00878521 -0.482617 1.26408 0.00768311 1.28486 -4.73249 -0.00409415
30.205 0.0293431 0.00164223 -0.00910006 0.103814 -0.132762 -0.00780856 -0.108635 0.298753 -0.00718577 -0.630812 -0.632315 -0.0131468
30.255 0.0120037 0.00587942 -0.00724671 0.0795656 -0.0912476 -0.00616177 0.280968 -0.753787 -0.0080953 -2.44783 3.57472 -0.00298318
30.305 -0.0110018 0.0044488 0.00854957 0.0363214 -0.0232265 0.00852578 0.599683 -1.58957 0.00331329 -2.49593 4.46926 0.0144546
30.355 0.0111489 0.00539054 0.0072883 0.0299665 0.0587747 0.00627942 0.722221 -1.95791 0.0023538 -0.597778 1.43167 0.0118605
30.405 0.00508008 0.00694834 -0.00771099 -0.00756385 0.129227 -0.00949043 0.519026 -1.80435 -0.0104189 1.85117 -2.7543 -0.00752118
30.455 0.0269346 0.0068953 -0.0084504 -0.00792396 0.165389 -0.0104765 0.256623 -1.17461 -0.00938805 3.00015 -4.35833 -0.0138457
30.505 0.0286443 0.00524773 0.00707981 -0.0130571 0.15649 0.00528933 -0.193607 -0.247187 0.00556332 1.97093 -1.93126 0.000266005
30.555 0.0360128 0.0022671 0.00875609 0.00231118 0.104026 0.00767341 -0.6634 0.718783 0.00864186 -0.234873 2.56572 0.0114356
30.605 0.0206463 -0.00123794 -0.00702724 0.00633514 0.0223287 -0.00715113 -1.00246 1.40074 -0.0021927 -1.87518 5.28668 0.00544481
30.655 0.00999871 0.00359872 -0.00886067 0.0168786 -0.0560872 -0.00805018 -1.05344 1.66144 -0.00302372 -1.68928 3.82839 -0.00562877
30.705 0.00903955 -0.000199159 0.00676337 0.0381786 -0.129506 0.00843548 -0.826808 1.37407 0.00903822 0.00976223 -0.768742 -0.00705078
30.755 0.00156021 -0.00366171 0.00934908 0.0409648 -0.165612 0.0113809 -0.403136 0.661362 0.010153 1.51382 -4.84376 -0.000899642
30.805 -0.00558613 -0.0102188 -0.00599848 0.0220719 -0.162975 -0.00406371 0.202435 -0.250511 -0.00390068 1.45875 -5.17324 0.00325404
30.855 0.00294382 -0.0129546 -0.00923712 0.0186775 -0.107891 -0.00798301 0.666587 -1.07976 -0.00874933 -0.224256 -1.57878 0.00380765
30.905 -0.00309876 -0.0111915 0.00533028 -0.0175093 -0.0297379 0.0056408 0.975998 -1.56836 0.00186145 -2.17285 2.89872 0.00209254
30.955 0.00468967 -0.0089668 0.0092674 -0.0399116 0.0514615 0.00862479 1.048 -1.54923 0.00504505 -2.63722 4.58628 -0.00337226
31.005 -0.00734744 -0.00605961 -0.00479472 -0.0727756 0.113204 -0.00611025 0.835577 -1.02439 -0.0061373 -1.0919 2.25115 -0.00675743
31.055 -0.0150772 -0.00235909 -0.010125 -0.0868139 0.137759 -0.0116918 0.397273 -0.150434 -0.00892999 1.37857 -1.95581 0.000369719
31.105 -0.0114542 0.00149623 0.00375372 -0.0720414 0.118933 0.00246263 -0.0664827 0.806477 0.00403273 2.90688 -4.30325 0.00909621
31.155 -0.0160481 0.00487514 0.00996603 -0.0498143 0.0633757 0.00932294 -0.467131 1.5689 0.0101554 2.36186 -2.66704 0.00354706
31.205 0.00889914 0.00750147 -0.00350155 0.0112076 -0.0114097 -0.00327626 -0.651808 1.93598 -5.11356e-05 0.27886 1.63684 -0.00924719
31.255 -0.0182927 0.00889208 -0.0100835 0.0203548 -0.0825892 -0.00906146 -0.720765 1.76151 -0.00555968 -1.63889 4.97872 -0.00789065
31.305 -0.0217908 0.00887743 0.00337252 0.0443216 -0.128265 0.00488929 -0.474756 1.08799 0.00380081 -1.88149 4.44348 0.00792496
31.355 -0.0290056 0.00736413 0.0104545 0.0489797 -0.134176 0.0120041 -0.0591482 0.0981073 0.00784728 -0.438869 0.270142 0.0140949
31.405 -0.00795419 0.00459257 -0.00239913 0.0637949 -0.0976619 -0.00129748 0.346919 -0.920902 -0.00415981 1.30053 -4.2265 -0.000647424
31.455 -0.00602863 0.00142055 -0.00999487 0.04376 -0.0281764 -0.00970347 0.667587 -1.70082 -0.0119925 1.6635 -5.46784 -0.0150231
31.505 -0.00268672 0.0025274 0.00112361 0.0201964 0.0641081 0.0011106 0.748129 -1.97883 -0.00277886 0.204518 -2.51832 -0.00848088
31.555 -0.0164119 0.00170279 0.00970018 -0.0291939 0.132616 0.00853427 0.552778 -1.72295 0.00462164 -1.84342 2.11082 0.00677275
31.605 -0.0194262 -0.000603175 -0.0015279 -0.0565305 0.172031 -0.00338303 0.119962 -1.00342 -0.0032407 -2.72539 4.59804 0.00861344
31.655 0.00230643 -0.0129606 -0.0100517 -0.0469484 0.158518 -0.0115508 -0.303002 -0.0401096 -0.00832549 -1.52874 2.98918 -0.000935252
31.705 0.0143819 -0.0260681 0.000703125 -0.0288245 0.0998245 0.00018183 -0.769315 0.879378 0.00248714 0.938545 -1.14528 -0.00624798
31.755 0.0224938 -0.0223466 0.00996148 0.00217459 0.0198641 0.00941818 -1.0064 1.49269 0.0117173 2.77811 -4.13168 -0.00307568
31.805 0.0338024 -0.0121724 0.000118318 0.035174 -0.0635394 0.000963239 -0.987917 1.61868 0.00409006 2.63989 -3.30807 0.00305475
31.855 0.00860804 0.00922746 -0.010235 0.0331415 -0.117218 -0.00973377 -0.703002 1.26394 -0.00445528 0.729415 0.725943 0.0070845
31.905 -0.0024881 0.0125412 0.000210022 0.0365397 -0.155367 0.00173017 -0.253204 0.494309 0.00202351 -1.40171 4.54618 0.0069794
31.955 0.00773773 0.0160023 0.0105315 0.0416265 -0.151586 0.0123633 0.253887 -0.410143 0.00840738 -1.99962 4.87853 -0.000130301
32.005 0.016938 0.0105271 0.000808613 0.0279187 -0.108015 0.00193686 0.730952 -1.21323 -0.000419243 -0.781114 1.25567 -0.00866788
32.055 0.0130739 0.0111651 -0.00912962 0.00382118 -0.037695 -0.00908505 1.00646 -1.59527 -0.0103721 0.981894 -3.46343 -0.00714689
32.105 0.00138769 0.0120571 -0.00129214 -0.0341585 0.041869 -0.00209438 1.01614 -1.48467 -0.00391756 1.68018 -5.53808 0.0034222
32.155 -0.0217359 0.00542842 0.00978738 -0.0820035 0.103479 0.00812894 0.761677 -0.888532 0.00579485 0.57688 -3.35414 0.00618572
32.205 -0.0244708 0.00632572 0.00119264 -0.10036 0.1362 -0.00180951 0.342194 0.0315464 0.000988015 -1.44927 1.20609 -0.00521929
32.255 -0.0288741 0.00580924 -0.00924728 -0.0912583 0.122538 -0.00949846 -0.177472 0.972555 -0.00663254 -2.62415 4.36286 -0.0112479
32.305 -0.0243968 0.00178872 -0.00273773 -0.0603326 0.071021 -0.00293117 -0.552677 1.68886 -0.000455535 -1.8895 3.62168 0.000571472
32.355 -0.0254784 -0.00263788 0.00862509 -0.0321033 -0.00123736 0.00877397 -0.699349 1.93906 0.010538 0.384598 -0.242483 0.0144624
32.405 -0.036999 -0.00586609 0.0032701 -0.00849747 -0.0726879 0.00435939 -0.697538 1.66652 0.00455634 2.48071 -3.74673 0.00978847
32.455 -0.0304368 -0.00814864 -0.00883875 0.0267385 -0.121169 -0.0072852 -0.429664 0.905794 -0.00623468 2.82309 -3.79555 -0.0068254
32.505 -0.040681 -0.00947171 -0.00287729 0.0305659 -0.131608 -0.00110294 0.00685402 -0.106098 -0.00366454 1.17123 -0.239974 -0.00967144
32.555 0.0301609 -0.0144765 0.0086435 0.0982097 -0.10509 0.0101606 0.413095 -1.09437 0.00450821 -1.00106 3.95974 0.00212608
32.605 0.0238636 -0.0135977 0.00304535 0.0743117 -0.0399984 0.00423048 0.679879 -1.77978 -0.000618942 -2.01163 5.17166 0.00897267
32.655 0.0181005 -0.0104424 -0.00871462 0.0400665 0.0410207 -0.00883296 0.70677 -1.97532 -0.0107752 -1.16528 2.22173 0.00157386
32.705 0.0324296 -0.00670408 -0.00441697 0.0269349 0.11365 -0.00569346 0.529046 -1.62268 -0.00696221 0.709129 -2.6152 -0.00771123
32.755 0.0177554 0.012445 0.00770437 -0.00982058 0.171138 0.00558246 0.092968 -0.831039 0.00484403 1.73422 -5.48193 -0.00889037
32.805 -0.00547612 0.00659033 0.00426714 -0.0423509 0.163643 0.00223255 -0.385096 0.155227 0.00425201 0.939848 -4.10076 -0.00331658
32.855 -0.00796818 0.00567301 -0.00799565 -0.0341552 0.115653 -0.00905456 -0.808709 1.02863 -0.00390758 -1.07498 0.284746 0.0042027
32.905 -0.000803516 0.00438596 -0.00524475 -0.0149803 0.0400906 -0.00593955 -1.07683 1.5598 -0.000445043 -2.57858 4.01842 0.00912215
32.955 0.0175069 0.00421535 0.00738401 0.0231483 -0.0468542 0.00802621 -0.977239 1.59458 0.0100325 -2.20383 4.08556 0.00585109
33.005 0.0234623 0.00233521 0.00215599 0.0551666 -0.124078 0.00733984 -0.662627 1.1271 0.00784777 -0.103183 0.620972 -0.00412737
33.055 0.0245722 4.39494e-05 -0.00734907 0.0656517 -0.16681 -0.00387839 -0.124893 0.326208 -0.00403074 2.1941 -3.256 -0.0076888
33.105 0.0160561 -0.0033678 -0.00592092 0.0502224 -0.16604 -0.00384304 0.394518 -0.590709 -0.00455249 2.93857 -4.09789 0.00134694
33.155 0.00504067 -0.00347292 0.00734421 0.0218986 -0.119518 0.00919923 0.823464 -1.31011 0.00377925 1.61986 -1.09909 0.0102899
33.205 -0.0242963 -0.00810709 0.00615037 -0.0335804 -0.0500384 0.00659312 1.06845 -1.6175 0.00245918 -0.590909 3.24369 0.00222757
33.255 -0.0249061 -0.0105288 -0.0061672 -0.0624382 0.0306389 -0.00656551 0.998989 -1.3983 -0.0077097 -1.95877 5.23235 -0.0107576
33.305 0.00231754 0.00297632 -0.00685627 -0.0592416 0.112893 -0.00799142 0.679395 -0.723471 -0.00686289 -1.44075 3.05522 -0.00897045
33.355 0.00381696 0.00369751 0.00580847 -0.0701464 0.144007 0.00419476 0.252627 0.211346 0.00442985 0.28849 -1.66567 0.00577724
33.405 -0.0108663 0.00340171 0.00612997 -0.0809131 0.130268 0.00424031 -0.261363 1.13569 0.00650977 1.54937 -5.16786 0.00985074
33.455 0.0202962 -0.00863011 -0.00514364 -0.0247302 0.0716072 -0.00624738 -0.593533 1.77439 -0.00216922 1.23928 -4.69285 -0.0016514
33.505 0.0358046 -0.00593359 -0.00697337 0.0259344 0.000298572 -0.00741821 -0.739664 1.93666 -0.00285295 -0.582139 -0.699987 -0.00986883
33.555 0.0138529 -0.00180774 0.00543553 0.0379644 -0.0711789 0.00615136 -0.649212 1.53953 0.00623409 -2.34471 3.46527 -0.00240404
33.605 0.00689281 0.00688162 0.00711901 0.0594133 -0.110587 0.00875099 -0.313642 0.725189 0.00647848 -2.46382 4.40858 0.00784678
33.655 -0.0144788 0.0178221 -0.00420242 0.0541857 -0.122228 -0.00227946 0.0647329 -0.308852 -0.00483152 -0.650173 1.51192 0.00724909
33.705 -0.00190716 0.0207636 -0.00693629 0.0699311 -0.0961851 -0.00565764 0.479455 -1.2538 -0.00874368 1.80638 -2.59387 -0.00142936
33.755 0.0107192 0.0204868 0.00468175 0.0651699 -0.0334684 0.00518982 0.699877 -1.85591 -0.000378989 2.97378 -4.26201 -0.00673553
33.805 -0.00168738 0.0171717 0.00782775 0.0190084 0.0403864 0.00754948 0.675894 -1.94742 0.00213112 2.04211 -1.9591 -0.00510598
33.855 -0.00743178 0.00507265 -0.00330152 -0.000485742 0.111766 -0.00471788 0.428701 -1.49182 -0.00615777 -0.160582 2.43279 0.00104367
33.905 -0.00365706 0.00432633 -0.00779832 -0.0309929 0.155432 -0.0101219 -0.00999404 -0.644561 -0.00766526 -1.83886 5.14414 0.00724293
33.955 -0.00396237 0.00035456 0.00305016 -0.0433025 0.161305 0.000829466 -0.499931 0.335181 0.00352073 -1.69406 3.79305 0.00715424
34.005 -0.00762896 -0.00399545 0.00716833 -0.0434135 0.123908 0.00546227 -0.874467 1.16972 0.00885139 -0.105727 -0.696117 -0.00261489
34.055 0.00625607 -0.0214599 -0.00343561 -0.0150862 0.0391593 -0.0044367 -1.04282 1.6026 0.00138862 1.45116 -4.73829 -0.0111301
34.105 0.00967916 -0.0252733 -0.00801738 0.00291279 -0.0477851 -0.00752803 -0.950939 1.53771 -0.00243496 1.44798 -5.11165 -0.00525412
34.155 0.0151859 -0.0259281 0.00231837 0.0354779 -0.124795 0.00375606 -0.568793 0.995935 0.00512785 -0.187808 -1.62502 0.00825131
34.205 0.0134064 -0.016298 0.00860937 0.0522695 -0.161247 0.0109867 -0.0408062 0.151707 0.00801734 -2.07955 2.80286 0.00921608
34.255 0.002239 -0.0152401 -0.00186021 0.0351759 -0.165153 0.000310183 0.4811 -0.756851 -0.00177702 -2.59207 4.53258 -0.00423302
34.305 -0.0244784 -0.010568 -0.0065328 -0.00725443 -0.127711 -0.00528801 0.8988 -1.41071 -0.00793423 -1.09788 2.27942 -0.0108145
34.355 -0.0338345 -0.00707476 0.00178287 -0.040973 -0.0588223 0.00217558 1.0301 -1.61416 -0.0011194 1.34206 -1.84673 -0.000284544
34.405 -0.0118862 -0.00314796 0.00827457 -0.0415401 0.0211661 0.00822604 0.951249 -1.31024 0.00406467 2.88979 -4.20847 0.0107653
34.455 -0.0187572 0.0101719 -0.00609363 -0.0778804 0.106857 -0.00218414 0.651155 -0.557091 -0.00246166 2.36096 -2.67138 0.00550536
34.505 -0.0312481 0.0146781 -0.00894354 -0.0982845 0.144819 -0.00899377 0.141992 0.397965 -0.00675244 0.282267 1.5288 -0.00583178
34.555 -0.028459 0.0312963 -3.78844e-05 -0.0862729 0.143334 -0.00220118 -0.315597 1.29719 0.00194683 -1.63057 4.85886 -0.00674204
34.605 -0.024428 0.0174789 0.00822154 -0.0642187 0.0882655 0.00663576 -0.672621 1.84635 0.00854314 -1.8798 4.38835 0.00257741
34.655 -0.00998648 0.00723405 -0.000700228 -0.0200865 0.018801 -0.00134088 -0.755552 1.88646 0.00221442 -0.453461 0.343434 0.00552225
34.705 1.96529e-05 0.0033606 -0.00806161 0.0226904 -0.0600006 -0.00728887 -0.610092 1.398 -0.0044312 1.22139 -4.09959 0.001037
34.755 3.20255e-06 0.000714229 -0.000231646 0.0493532 -0.114047 0.00146472 -0.224937 0.533997 0.000354773 1.58432 -5.40344 -0.00521867
34.805 0.00608858 -0.00296623 0.0080848 0.074116 -0.132224 0.0100954 0.200597 -0.503656 0.00477214 0.248039 -2.56466 -0.00660737
34.855 -0.00966736 -0.0060875 0.000845128 0.0579491 -0.109629 0.00264574 0.516488 -1.39834 -0.00258591 -1.77896 1.99467 -0.00264855
34.905 0.0050822 -0.00880308 -0.00739467 0.0475727 -0.0517959 -0.00630025 0.736492 -1.91681 -0.010033 -2.63956 4.51682 0.00508445
34.955 0.0113002 -0.00992757 -0.000747868 0.0378808 0.0251655 -0.000649077 0.643456 -1.89819 -0.00454958 -1.49605 3.02889 0.00916019
35.005 0.0265622 -0.00993438 0.00751215 0.0242951 0.0995266 0.00646514 0.348811 -1.35216 0.00336079 0.915132 -1.02708 0.00291632
35.055 0.0177001 -0.0086905 0.00112735 -0.0101821 0.14925 -0.000864267 -0.107977 -0.446051 0.000240978 2.71196 -4.03236 -0.00840645
35.105 0.0044252 -0.00630662 -0.0076521 -0.0358468 0.159511 -0.0100619 -0.55412 0.523706 -0.00490242 2.58491 -3.2879 -0.00856809
35.155 0.0109192 -0.00330658 -0.00220193 -0.0274864 0.126424 -0.00440444 -0.906179 1.28554 0.00136964 0.739424 0.641886 0.00486717
35.205 0.00255469 5.79118e-05 0.00699812 -0.0216042 0.0585963 0.00558556 -1.05837 1.63451 0.00969335 -1.32251 4.4493 0.0126611
35.255 6.90907e-05 0.00374077 0.00213265 -0.00242772 -0.0252696 0.00186607 -0.900006 1.45888 0.00557835 -1.95676 4.82058 0.00249405
35.305 0.00211137 0.00670536 -0.00703327 0.0212509 -0.102783 -0.00610157 -0.485261 0.841072 -0.00283837 -0.81027 1.28641 -0.0109171
35.355 -0.00520846 0.0085476 -0.00223249 0.0280979 -0.152884 -0.000377611 0.0348773 -0.0462724 -0.000701764 0.915528 -3.39195 -0.00835513
35.405 0.0111154 0.00886156 0.00738738 0.0460272 -0.162468 0.00964871 0.610438 -0.899048 0.0050972 1.64743 -5.47378 0.00468264
35.455 0.00260487 0.00782483 0.00322012 0.0252366 -0.129583 0.00528015 0.967153 -1.48095 0.000515121 0.581343 -3.36535 0.00834715
35.505 -0.00304426 0.00569256 -0.0063236 -0.00362142 -0.0643357 -0.00500923 1.04242 -1.58827 -0.00784523 -1.39643 1.12879 -0.000953855
35.555 -0.0185268 0.00857637 -0.00372641 -0.0396372 0.018158 -0.00349515 0.865064 -1.19365 -0.00485225 -2.57012 4.28416 -0.00732572
35.605 0.000559905 0.00636025 0.0062994 -0.0519454 0.0889153 0.00579063 0.517825 -0.385138 0.00399827 -1.85931 3.60189 -0.00264905
35.655 0.0228833 0.00262762 0.00270156 -0.0425912 0.129796 0.000827821 0.0698035 0.587311 0.00300368 0.347693 -0.153328 0.00406261
35.705 0.00720266 -0.00107055 -0.00636385 -0.0564019 0.129824 -0.00830027 -0.404627 1.43749 -0.00334535 2.39646 -3.63025 0.00443695
35.755 0.00681721 -0.0149479 -0.00375258 -0.0480089 0.0758862 -0.00569239 -0.673495 1.90376 -0.00081706 2.79435 -3.73678 0.000470837
35.805 -0.0076494 -0.0186435 0.00606773 -0.0152316 0.0136489 0.00561692 -0.751999 1.82809 0.00714941 1.24084 -0.285908 -0.00300995
35.855 0.00829689 -0.0182598 0.00396435 0.0252945 -0.0575056 0.00446686 -0.533855 1.25228 0.00485173 -0.899726 3.83516 -0.00302428
35.905 0.00842414 -0.00512131 -0.00599946 0.055382 -0.101351 -0.00446057 -0.161496 0.327866 -0.00458733 -1.98375 5.07234 0.0018125
35.955 0.0105982 -0.00091902 -0.00399751 0.077044 -0.122415 -0.00230405 0.272042 -0.699404 -0.00528081 -1.18427 2.22544 0.00728512
36.005 0.0160906 0.00215756 0.00577848 0.0863875 -0.104371 0.0074782 0.604304 -1.53698 0.00112423 0.583016 -2.5247 0.00468523
36.055 0.00249848 0.0100142 0.00529273 0.0563012 -0.0452972 0.00666376 0.731832 -1.94861 -0.000163919 1.63985 -5.37917 -0.00679773
36.105 -0.00802895 0.0141798 -0.00501977 0.0283557 0.028589 -0.00473178 0.608661 -1.81511 -0.00783461 0.946544 -4.08596 -0.0131732
36.155 0.00487723 0.00168473 -0.00474891 0.0132943 0.0859786 -0.00682568 0.216485 -1.19246 -0.00614027 -0.989784 0.207021 -0.00327579
36.205 0.0189536 0.00264506 0.00487646 -6.34836e-05 0.139878 0.00275501 -0.2189 -0.274722 0.00333787 -2.48523 3.91882 0.0106264
36.255 0.00839755 0.00301805 0.00469673 -0.0226509 0.154964 0.00232685 -0.686837 0.690917 0.00545726 -2.17974 4.06689 0.00848457
36.305 0.0155671 0.016394 -0.00508468 -0.0161847 0.139548 -0.00693899 -0.943393 1.40126 -0.000531225 -0.145104 0.690079 -0.0054812
36.355 -0.00638386 0.00657464 -0.00539024 -0.0279058 0.0707513 -0.00663041 -1.01196 1.63934 -0.000356162 2.12577 -3.13126 -0.00952098
36.405 -0.0230495 0.00291881 0.00499809 -0.0322284 -0.0139184 0.00537478 -0.845007 1.37525 0.00702908 2.89539 -4.03263 0.00174651
36.455 -0.0220448 -0.000461148 0.00535929 -0.00270326 -0.0920207 0.00576207 -0.393932 0.671647 0.00706334 1.63943 -1.13679 0.0116486
36.505 -0.0225401 -0.00373277 -0.00332835 0.00682792 -0.145337 -0.00165123 0.147528 -0.215938 -0.00216224 -0.556281 3.1427 0.00717526
36.555 -0.0194508 -0.0064853 -0.00549896 0.0103901 -0.15972 -0.00328679 0.659182 -1.04438 -0.00508051 -1.93405 5.12344 -0.00394861
36.605 -0.020633 -0.00799727 0.00408225 -0.00167076 -0.131536 0.00638458 1.00216 -1.52765 0.000863817 -1.47096 3.02145 -0.00698032
36.655 -0.0122682 -0.00828112 0.00593064 -0.0151844 -0.0699722 0.00750315 1.05935 -1.54772 0.00221668 0.220647 -1.59518 -0.00301444
36.705 -0.00956132 -0.00725264 -0.0028922 -0.0391832 0.0067871 -0.00236985 0.859827 -1.06572 -0.00456426 1.55013 -5.07079 0.000517237
36.755 -0.0201565 -0.00523656 -0.0056871 -0.0733876 0.0764053 -0.00634774 0.45175 -0.201839 -0.00568473 1.18725 -4.63588 9.93869e-05
36.805 0.0105117 -0.0153701 0.00284229 -0.0611018 0.108275 0.00142764 -0.0398731 0.764269 0.00277362 -0.552736 -0.759566 -0.00213105
36.855 0.0103993 -0.0102298 0.00566457 -0.0535537 0.11205 0.00371439 -0.465385 1.56553 0.00649292 -2.25108 3.35586 -0.00386489
36.905 0.0106201 -0.00678697 -0.00257927 -0.0373857 0.0781472 -0.00440797 -0.710241 1.92302 0.000337005 -2.37862 4.34707 -0.00115169
36.955 0.0209382 -0.00175929 -0.00608315 -0.00712432 0.0169787 -0.00716684 -0.683564 1.76847 -0.00270484 -0.625124 1.56468 0.00634037
37.005 0.00428614 -0.000495587 0.0021314 0.0181231 -0.0523942 0.00201346 -0.457469 1.09652 0.00291257 1.72017 -2.46245 0.00996296
37.055 -0.00262266 0.000424774 0.00636635 0.042951 -0.109254 0.00728607 -0.0924429 0.11715 0.00454489 2.89022 -4.16265 0.00208522
37.105 0.00175125 0.000234626 -0.00148806 0.0657989 -0.13553 0.000163308 0.309507 -0.892331 -0.00345495 2.0389 -1.96504 -0.00860796
37.155 0.0211795 0.031753 -0.00703977 0.0845246 -0.0957202 -0.00445798 0.609442 -1.65694 -0.00810563 -0.111661 2.31147 -0.0068239
37.205 0.0182604 0.0249475 0.00186237 0.076492 -0.0429793 0.0037406 0.726273 -1.96282 -0.00252982 -1.7825 5.03917 0.00548478
37.255 0.0194573 0.0204783 0.00613018 0.0555514 0.0297225 0.00665157 0.54034 -1.72236 0.00154947 -1.71329 3.75954 0.00912364
37.305 0.0269782 0.0144528 -0.000582312 0.0343084 0.10114 -0.00142237 0.173711 -1.04666 -0.00283215 -0.13471 -0.619294 -0.00280219
37.355 -0.0096197 0.00851864 -0.00623635 -0.0276374 0.153072 -0.00798822 -0.289297 -0.0705878 -0.00506917 1.3834 -4.63171 -0.0136613
37.405 -0.0185824 0.000174811 0.00098097 -0.051041 0.168342 -0.00156128 -0.735251 0.847595 0.00230084 1.4139 -5.08698 -0.00704093
37.455 5.97824e-05 -0.0251756 0.00592191 -0.0365627 0.11887 0.00369454 -1.01686 1.48914 0.00807189 -0.157013 -1.67692 0.00713613
37.505 0.0114462 -0.0268431 -0.000553729 -0.0142829 0.0590129 -0.00235025 -1.00138 1.64539 0.0033663 -2.02619 2.70142 0.0110908
37.555 0.00316949 -0.0249592 -0.00666384 -0.00313982 -0.0178668 -0.00717738 -0.754685 1.27334 -0.00150957 -2.52088 4.47585 0.00287073
37.605 0.00754401 -0.0208868 -8.92926e-05 0.0195154 -0.0984977 0.000669059 -0.28746 0.521088 0.00233197 -1.07306 2.34403 -0.00420555
37.655 -0.0109331 -0.0110476 0.0059034 0.0176124 -0.145332 0.00765136 0.278925 -0.404937 0.00553311 1.29772 -1.74835 -0.00368917
37.705 -0.0106819 -0.00390187 0.000280104 0.0215278 -0.156488 0.00267207 0.742905 -1.15829 -0.000688062 2.81643 -4.10148 0.000888968
37.755 -0.0114342 0.00854413 -0.00606789 0.0149023 -0.131282 -0.0035977 1.01938 -1.58691 -0.00693143 2.34264 -2.65651 0.00345049
37.805 -0.0117787 0.008845 -0.000136871 -0.00619795 -0.0720216 0.00171188 1.04886 -1.47729 -0.00266196 0.330937 1.45056 0.00183721
37.855 -0.0137718 0.01109 0.00615658 -0.0325769 0.00157987 0.00695952 0.79445 -0.907778 0.00297199 -1.55177 4.73051 -0.00300738
37.905 -0.0171995 0.0119731 0.000812773 -0.0601246 0.0723196 0.000448625 0.336771 -0.0208685 0.000118761 -1.86454 4.31065 -0.00588027
37.955 -0.0173868 0.0114009 -0.00594593 -0.0761706 0.119105 -0.00727607 -0.159293 0.941108 -0.00398279 -0.529179 0.371904 -0.00139231
38.005 -0.0145727 0.00941971 -0.00147227 -0.0754766 0.128125 -0.00332945 -0.545343 1.64934 0.000921962 1.13429 -4.00901 0.00606132
38.055 0.000130743 0.0146347 0.00542236 -0.0457814 0.108236 0.0034068 -0.720179 1.93368 0.00694635 1.54492 -5.31366 0.00499285
38.105 0.0201607 0.00477041 0.00152799 -0.0088793 0.0432463 0.000477196 -0.668823 1.67658 0.00313674 0.250469 -2.58411 -0.00477188
38.155 0.0156766 -0.0135843 -0.00548736 0.0249085 -0.0470999 -0.00590014 -0.395349 0.926602 -0.00361557 -1.66435 1.89873 -0.00843227
38.205 0.0124813 -0.0179261 -0.00157692 0.0521118 -0.105925 -0.000484277 -0.000249041 -0.0865897 -0.00212321 -2.55831 4.44471 0.00128527
38.255 0.0137405 -0.0203953 0.00557615 0.0720528 -0.134677 0.00714659 0.404843 -1.07239 0.00211348 -1.4901 3.03624 0.0105029
38.305 0.00456865 -0.0149111 0.00231142 0.0645585 -0.120791 0.00368971 0.657161 -1.75908 -0.00169621 0.822754 -0.912628 0.0046595
38.355 0.0133984 -0.000154166 -0.00501308 0.0700441 -0.0609598 -0.00332561 0.702106 -1.95913 -0.0080705 2.63537 -3.91892 -0.00857745
38.405 0.0162518 0.00469689 -0.00282273 0.0523923 0.0121177 -0.00248005 0.482181 -1.61726 -0.00492895 2.58414 -3.27125 -0.0100271
38.455 0.0154451 0.00756462 0.00547207 0.0242064 0.0859286 0.00466677 0.068545 -0.848545 0.00264382 0.795729 0.57235 0.00229509
38.505 0.0112419 0.00833576 0.00262113 -0.0059935 0.139201 0.00119148 -0.39381 0.101176 0.00206397 -1.25911 4.3217 0.0108768
38.555 0.00836998 0.00831547 -0.00483109 -0.023892 0.158498 -0.00727454 -0.801719 1.01276 -0.00193395 -1.95057 4.75293 0.00619702
38.605 0.00616417 0.0112095 -0.00300023 -0.029061 0.14131 -0.0054422 -1.02555 1.55309 0.00102495 -0.859154 1.30731 -0.00351088
38.655 -0.0156662 0.018386 0.00414001 -0.037901 0.091533 0.0026479 -0.966675 1.60445 0.00763173 0.851829 -3.29232 -0.0074393
38.705 -0.0344104 0.00909662 0.00423773 -0.0280372 0.0116752 0.00678301 -0.647624 1.1479 0.00572299 1.59131 -5.39716 -0.00376466
38.755 -0.027934 0.0122159 -0.00586672 -0.0167683 -0.0717089 -0.00414904 -0.171624 0.338015 -0.00163377 0.596681 -3.36181 0.00228872
38.805 -0.0246519 0.0111662 -0.00261191 0.000415217 -0.13111 -0.000391796 0.36402 -0.558722 -0.00228183 -1.32584 1.06188 0.00486377
38.855 -0.014104 0.00527554 0.00421759 0.0190093 -0.157349 0.00658534 0.798434 -1.28945 0.0025034 -2.51727 4.19639 0.000503536
38.905 0.00296449 0.00259476 0.00385732 0.0295946 -0.137065 0.00611631 1.03702 -1.59806 0.000743681 -1.8381 3.58594 -0.00477356
38.955 0.00584802 -0.00391195 -0.003886 0.0130492 -0.0868719 -0.00202691 1.01407 -1.40211 -0.00565264 0.326768 -0.0832207 -0.00489253
39.005 0.00640616 -0.00711759 -0.0032616 -0.012021 -0.0135292 -0.00225979 0.719899 -0.735975 -0.00467952 2.38839 -3.51969 0.00352554
39.055 0.00843778 -0.0104436 0.00387856 -0.0360795 0.0586634 0.00372424 0.249248 0.174437 0.00266157 2.76953 -3.67301 0.0086762
39.105 0.00511474 -0.0139693 0.00348268 -0.0606019 0.10271 0.002331 -0.222324 1.09546 0.00397675 1.25367 -0.328231 0.002338
39.155 0.00138942 -0.0166596 -0.00405082 -0.0585944 0.118845 -0.00572682 -0.590377 1.74542 -0.00107984 -0.895812 3.71239 -0.00681572
39.205 0.00276414 -0.0149846 -0.00427463 -0.048058 0.0929099 -0.00598309 -0.735184 1.91291 -0.0010421 -1.95076 4.97218 -0.00420007
39.255 0.00259275 -0.012467 0.00306222 -0.0241142 0.0373529 0.00184934 -0.638363 1.55774 0.0044874 -1.22089 2.22282 0.00585553
39.305 0.00170873 -0.00957013 0.00387977 0.00762088 -0.0308566 0.00355275 -0.334534 0.745173 0.00387321 0.509258 -2.43123 0.00650955
39.355 0.00118954 -0.00622212 -0.00316569 0.038345 -0.0913038 -0.00250777 0.0815999 -0.292941 -0.00350329 1.57476 -5.27318 -0.0048337
39.405 0.0008923 -0.00292931 -0.0040656 0.0607023 -0.12515 -0.00263631 0.464351 -1.23848 -0.00585774 0.934983 -4.07096 -0.011745
39.455 0.000764837 7.33349e-05 0.00319118 0.069608 -0.121181 0.00493551 0.688598 -1.83499 -0.00105833 -0.912609 0.113961 -0.00420019
39.505 0.00043016 0.00213323 0.00464938 0.0630022 -0.079916 0.00614587 0.665661 -1.92971 -1.2474e-05 -2.39696 3.82103 0.00742489
39.555 0.000374802 0.00279889 -0.00239509 0.0438143 -0.012821 -0.00166059 0.426347 -1.49782 -0.00492101 -2.13124 4.03318 0.00894721
39.605 0.00060288 0.00209311 -0.00436559 0.0178609 0.061131 -0.00466423 -0.0026315 -0.666276 -0.00488592 -0.159813 0.775973 0.00095321
39.655 0.00143053 0.000468129 0.0022875 -0.00715319 0.120862 0.000970211 -0.482293 0.304534 0.00248503 2.0748 -3.01192 -0.00572644
39.705 0.00403008 0.00906392 0.00466129 -0.0244264 0.155149 0.00323437 -0.872947 1.13756 0.00591997 2.86008 -3.96745 -0.00466246
39.755 0.00454963 0.0116625 -0.00274534 -0.0297827 0.152832 -0.00512109 -1.04642 1.59474 0.00160834 1.65239 -1.1725 0.00193237
39.805 0.0050516 0.0108336 -0.00545801 -0.0238649 0.106796 -0.00696538 -0.932729 1.53898 -8.84844e-05 -0.517873 3.03091 0.00740872
39.855 0.00486582 0.00954685 0.00122353 -0.0101645 0.0272702 0.000355889 -0.57421 1.01883 0.00445851 -1.89523 5.03665 0.00538323
39.905 -0.00185411 -0.00500311 0.00461111 0.00396406 -0.0614108 0.00519557 -0.0653895 0.16048 0.00532525 -1.48118 3.0104 -0.00345189
