0.005 0.0140444 -0.00031688 -0.0127674 0.0192518 -0.0089958 -0.0115654 0.086759 -0.121479 -0.0393662 0.207429 -0.322515 -0.110613
0.055 0.0131643 -0.00647232 -0.0693233 0.114258 -0.172998 -0.0681301 1.35303 -2.19411 0.0671381 3.35148 -5.3959 0.0493043
0.105 0.0150555 -0.0116621 0.0487108 0.171217 -0.258451 0.048641 1.75356 -2.62036 0.103169 3.39721 -4.63719 0.0656808
0.155 0.015148 -0.0151031 0.0788076 0.164324 -0.225392 0.0782406 1.06468 -1.0316 0.00423042 0.521629 1.39038 -0.0559487
0.205 0.0156844 -0.0162602 -0.0436748 0.10073 -0.085629 -0.0444562 -0.191156 1.4797 -0.0368422 -2.27657 6.60089 0.00663726
0.255 0.0117572 -0.0149245 -0.0314866 0.00422317 0.102113 -0.0331987 -1.12371 3.13049 0.000181176 -2.24694 5.57853 0.0470006
0.305 0.0145018 -0.0112519 0.117169 -0.0740289 0.257258 0.116068 -1.09254 2.71351 -0.00146044 0.349369 -0.86834 -0.0264912
0.355 0.0146926 -0.00575 0.0149183 -0.109116 0.311892 0.0141692 -0.189195 0.461767 -0.0327165 2.54612 -6.46878 0.0391019
0.405 -0.0140001 0.00080418 -0.0730806 -0.113608 0.240382 -0.0727009 0.849096 -2.10479 -0.0468224 1.79101 -5.80543 0.0313265
0.455 -0.0295312 0.00747109 0.0756364 -0.0583372 0.0704173 0.0761892 1.21605 -3.24474 -0.0380512 -1.34436 0.237738 -0.0508804
0.505 -0.0285682 0.0132811 0.0430249 0.0269987 -0.128518 0.0440632 0.569555 -2.21771 0.0173888 -3.70792 5.43313 0.0182397
0.555 -0.0270679 0.0173884 -0.0197808 0.0870462 -0.274556 -0.0188445 -0.672551 0.2021 -0.0038136 -2.79817 4.58399 0.0471134
0.605 7.14678e-05 0.0191909 -0.000292176 0.11898 -0.308355 -5.9758e-05 -1.61993 2.28423 -0.0471918 0.751452 -1.19666 -0.0459415
0.655 -0.0306111 0.0184143 -0.0300972 0.0348576 -0.21825 -0.0304403 -1.63172 2.57398 -0.00318767 3.55375 -5.68716 0.00309707
0.705 -0.0046544 0.0151534 -0.00173201 -0.0295529 -0.0449464 -0.00246896 -0.54735 0.922589 0.0462386 3.11926 -3.9996 0.0448401
0.755 -0.0171525 0.0098511 0.030347 -0.131616 0.136195 0.0294346 0.870228 -1.4171 0.0302628 0.0541491 2.33975 -0.0532792
0.805 -0.0027863 0.00323714 -0.0502139 -0.167445 0.247706 -0.0509412 1.68389 -2.69607 -0.014291 -2.50511 6.89137 -0.0294844
0.855 0.0621486 -0.00378802 -0.0656912 -0.0901499 0.243315 -0.06584 1.55533 -1.929 0.00766101 -1.92569 4.87299 0.0215297
0.905 0.0279473 -0.0102632 0.0619909 -0.0534355 0.127756 0.0622775 0.351999 0.389776 0.0328946 0.772822 -1.91068 -0.00561976
0.955 0.011961 -0.0153245 0.0103869 0.0321795 -0.0456499 0.010963 -0.795725 2.62761 0.0213134 2.58606 -6.83681 0.0125109
1.005 -0.0605846 -0.0182864 -0.0731381 0.0531347 -0.19829 -0.0723782 -1.26893 3.17197 -0.0186301 1.39035 -5.15163 -0.000645623
1.055 0.0344676 -0.0187939 0.0137281 0.193329 -0.260653 0.0141896 -0.716967 1.58217 -0.021676 -1.84121 1.23931 -0.0502941
1.105 0.126796 -0.0168079 0.0343556 0.27108 -0.202699 0.0345805 0.621299 -1.0862 0.0317572 -3.62325 5.76542 0.0142313
1.155 -0.0237094 -0.0126477 0.00445865 0.0502382 -0.0471645 0.00446013 1.1348 -3.01777 0.016215 -2.38266 3.92469 0.0501515
1.205 0.0495945 -0.00693477 0.00212269 0.0336995 0.139979 0.0019937 1.05026 -2.9141 -0.0433149 1.26648 -2.13792 -0.0264779
1.255 -0.0543169 -0.000485163 -0.015312 -0.139906 0.277905 -0.0154403 -0.0975363 -0.904752 -0.0344273 3.80259 -5.89338 -0.00282127
1.305 -0.0412675 0.00577426 0.0149247 -0.152884 0.305801 0.0151268 -1.44085 1.55479 0.0182104 2.70925 -3.20419 0.036019
1.355 -0.15284 0.0109789 0.0583998 -0.228707 0.209293 0.0585211 -1.73594 2.72383 0.00987502 -0.655544 3.35205 -0.0172122
1.405 -0.162262 0.0144114 -0.0243684 -0.165609 0.0268454 -0.0243504 -1.354 1.81452 -0.0262588 -2.72564 7.07088 -0.00678442
1.455 0.177434 0.0156136 -0.0535598 0.253712 -0.166491 -0.0536327 0.571235 -0.454354 -0.0144751 -1.43098 3.98804 0.0186246
1.505 0.209544 0.0144612 0.0541429 0.332074 -0.291083 0.0537171 1.83452 -2.38215 0.0209037 1.71124 -3.01119 -0.00884852
1.555 -0.118228 0.0111376 0.0250881 -0.0141897 -0.296724 0.0244154 1.70635 -2.51401 0.0268035 2.21382 -7.07161 0.00102479
1.605 0.175362 0.00619129 -0.0562522 0.220873 -0.183767 -0.0575789 0.909552 -0.69286 -0.016113 1.09705 -4.30836 0.00379404
1.655 0.14896 0.000264844 -0.0109641 0.0969521 -0.00280819 -0.011425 -0.559938 1.81583 -0.0230583 -2.10906 2.28414 -0.0345961
1.705 0.0675137 -0.00564614 0.0161858 -0.0673431 0.167686 0.0168803 -1.45913 3.22006 0.0237193 -4.11397 5.94605 0.0130951
1.755 0.480873 -0.0108148 -0.00231287 0.306023 0.254954 0.000259798 -0.330275 2.47907 0.0387345 -1.54668 3.08427 0.0376544
1.805 -0.293384 -0.0142946 -0.0130813 -0.43866 0.223689 -0.0105418 -0.169695 0.053352 -0.0125834 1.68613 -3.0871 -0.0415618
1.855 -0.404134 -0.0157166 -0.0403551 -0.460026 0.0903749 -0.0414716 1.1963 -2.41097 -0.0229623 3.44848 -5.92077 -0.0288236
1.905 -0.642775 -0.0146741 -0.00332182 -0.602198 -0.0835664 -0.00116228 0.818664 -3.23979 0.0255542 1.80004 -2.24082 0.0316817
1.955 0.693902 -0.0114136 0.0507313 0.811137 -0.219411 0.0520619 0.242765 -1.90953 0.019401 -0.590531 4.32859 0.00809144
2.005 -0.071045 -0.00630814 -0.014916 0.0853254 -0.255037 -0.0130626 -0.888345 0.592433 -0.020284 -2.34161 7.04088 -0.00420367
2.055 0.562233 -8.95195e-05 -0.0516807 0.682482 -0.172289 -0.0514095 -1.23086 2.47872 -0.0189046 -1.14016 2.94683 0.00219165
2.105 -0.335809 0.00639979 0.0374247 -0.285762 -0.00494964 0.0365342 -1.60078 2.43743 0.0087922 1.53023 -4.03963 -0.0264136
2.155 -0.367912 0.0122478 0.04733 -0.399714 0.175677 0.0491429 -0.350897 0.560478 0.0237563 2.76445 -7.08041 0.00247352
2.205 -0.0124616 0.0165352 -0.0302809 -0.104721 0.291373 -0.0272588 1.01762 -1.73297 -0.0265338 0.263111 -3.33234 0.0230121
2.255 -0.0622869 0.0186661 -0.0205439 -0.167446 0.290909 -0.0181143 0.916622 -2.72439 -0.0310944 -3.2555 3.22177 0.00809344
2.305 0.470203 0.0183511 0.0227444 0.407521 0.172058 0.0231771 1.62831 -1.63618 0.00194589 -3.32485 5.89837 -0.00658293
2.355 -0.285657 0.0155057 0.018449 -0.255847 -0.017283 0.0236729 -0.473237 0.801422 0.0353881 -0.81016 2.15079 0.0314699
2.405 -0.197397 0.0106096 0.00297515 -0.123383 -0.199157 0.00388639 -0.279867 2.86233 0.00121976 2.09681 -3.88569 -0.0302315
2.455 -0.950231 0.00433708 -0.0274841 -0.836637 -0.299058 -0.0276481 -1.54084 3.05375 -0.034734 3.20504 -5.71671 -0.0263298
2.505 -0.326814 -0.00263873 -0.00574153 -0.248326 -0.277589 -0.00641887 -0.8344 1.18328 0.00698934 1.56395 -1.22226 0.0358424
2.555 -0.35093 -0.00906272 0.0533794 -0.330445 -0.146399 0.0508965 0.343524 -1.49352 0.0261368 -1.40441 5.11595 0.0211745
2.605 1.07052 -0.0144442 0.0066865 0.987881 0.0362611 0.00574025 1.67706 -3.15476 -0.0125933 -1.69551 6.77632 -0.00629013
2.655 0.332072 -0.0176848 -0.0504555 0.184063 0.191912 -0.0530705 0.770459 -2.69381 -0.0290061 -0.113412 1.87656 -0.0104162
2.705 0.3683 -0.0186728 0.0112453 0.207507 0.254524 0.00974487 0.380786 -0.492503 0.00272657 1.77701 -4.86158 -0.0167866
2.755 -1.01745 -0.0170403 0.0403591 -1.14871 0.199781 0.0401731 -2.05656 1.86189 0.0354576 1.27571 -6.86887 0.00975671
2.805 -0.645941 -0.0131692 -0.0124412 -0.682298 0.0544118 -0.0116172 -2.1749 2.71102 -0.00244583 -1.01568 -2.35384 0.0226224
2.855 -0.381795 -0.00773269 -0.0383222 -0.307354 -0.115381 -0.037502 -1.51545 1.50347 -0.0300496 -2.79234 3.94901 -0.0063913
2.905 -0.076886 -0.00142369 -0.00899465 0.0646506 -0.232681 -0.00838421 -0.249867 -0.825354 -0.0172791 -3.25261 5.65866 -0.0391676
2.955 0.60863 0.00472976 0.0235323 0.773323 -0.243706 0.0241964 2.37215 -2.53263 0.0341924 0.0636851 1.24709 0.0451508
3.005 -0.187793 0.00997353 0.029045 -0.056523 -0.140943 0.0275865 2.43143 -2.3265 -0.0477135 3.53905 -4.47071 -0.00111939
3.055 -0.797508 0.0136512 -0.0301447 -0.748268 0.0331893 -0.0309335 1.36334 -0.297317 -0.0166174 3.06453 -5.34531 -0.028761
3.105 -0.72146 0.0151488 -0.0354986 -0.748141 0.20423 -0.0361941 -0.0315469 2.13626 -0.0104267 0.836773 -0.25545 0.0207274
3.155 0.819184 0.0143246 0.0622442 0.70811 0.298012 0.0617183 -0.593037 3.23317 0.0277973 -1.26928 5.69246 0.0124599
3.205 1.57494 0.0113226 0.0326193 1.47427 0.272323 0.0312514 -0.542046 2.17033 0.00563265 -1.75053 6.35993 -0.00651713
3.255 2.45305 0.00666483 -0.0546747 2.39974 0.135515 -0.0545203 1.22114 -0.365495 -0.0407494 0.849246 0.857787 -0.0108105
3.305 2.32422 0.00101749 -0.0211053 2.34347 -0.057013 -0.0203127 2.22587 -2.65363 -0.0303597 2.51672 -5.49611 -0.0191639
3.355 1.58767 -0.00482235 0.0349898 1.66795 -0.226196 0.0350366 1.358 -3.14891 0.0132474 0.728936 -6.52745 0.0437417
3.405 -0.389685 -0.0097734 0.0115038 -0.296178 -0.302631 0.0128438 -0.698083 -1.56403 0.0387372 -2.44661 -1.41929 0.0424387
3.455 0.388587 -0.0132854 -0.0168623 0.442009 -0.256695 -0.0170407 -1.39182 0.939081 -0.0196933 -2.69877 4.52429 -0.032276
3.505 -0.209564 -0.0148423 -0.0235262 -0.227669 -0.110405 -0.0238413 -3.38782 2.58306 -0.0231035 -3.08857 5.31836 -0.0812186
3.555 -0.533838 -0.0142187 0.013564 -0.633003 0.0720862 0.013 -3.1218 2.23805 0.0428482 -1.29917 0.384276 0.0517085
3.605 0.45642 -0.0113612 0.0596658 0.313651 0.212398 0.0603008 3.02267 0.21713 0.011726 4.74254 -4.92713 0.0110885
3.655 0.632672 -0.00663757 0.00183974 0.473034 0.251442 0.00141193 1.81834 -1.95963 0.0441285 5.02856 -4.88537 -0.00735763
3.705 0.430568 -0.000766923 -0.0741852 0.313682 0.174843 -0.0736761 2.91486 -2.66256 -0.105531 1.30864 0.684079 -0.0430164
3.755 0.469575 0.00545136 -0.0406217 0.450113 0.0189422 -0.0399987 3.13617 -1.32528 -0.0464509 -1.65357 6.16164 -0.0453769
3.805 -1.96421 0.0111042 0.0261462 -1.88393 -0.145351 0.0258236 -2.07531 1.14125 0.0310361 -4.90609 5.85342 0.0380145
3.855 -2.3944 0.0153921 0.0511414 -2.24651 -0.243429 0.0512088 -2.69402 2.98837 0.0461626 -2.89015 -0.164757 0.0388171
3.905 -3.16021 0.0177646 -0.0260982 -3.00264 -0.229562 -0.0271989 -3.95945 2.87274 -0.0486415 2.47157 -6.05455 -0.0065551
3.955 -2.65887 0.0176734 -0.0964039 -2.60082 -0.107364 -0.102348 -3.85577 0.816163 -0.0634353 1.67013 -6.09488 -0.0625586
4.005 -1.00179 0.0152475 0.013569 -1.00219 0.0724768 0.0128555 -1.5557 -1.7989 0.0476694 1.02757 -0.449368 -0.013026
4.055 -0.374305 0.010869 0.0908504 -0.465527 0.232309 0.0915136 4.15302 -3.19767 0.11905 -0.314864 5.05213 0.0381778
4.105 0.411734 0.00495728 0.0109162 0.36 0.302142 0.0110076 4.5119 -2.45778 -0.0138389 -0.375818 4.88876 -0.00319591
4.155 0.776416 -0.00162014 -0.0919587 0.701286 0.249872 -0.0918088 3.70902 -0.152665 -0.0467016 1.19709 -0.530822 -0.0416013
4.205 -0.790268 -0.0079398 -0.0162271 -0.828724 0.0951861 -0.0155633 0.694519 2.06539 -0.00530526 1.28875 -5.34687 0.0217304
4.255 -3.04039 -0.0132711 0.088196 -3.0112 -0.0988081 0.0877419 -1.91977 2.64276 0.0727177 -1.1013 -4.3282 0.0143022
4.305 -2.14422 -0.0168741 0.0322626 -2.0644 -0.252126 0.031611 -3.53908 1.22451 0.0148534 -2.03092 1.68688 0.00379663
4.355 -0.563936 -0.0181179 -0.093495 -0.467478 -0.302077 -0.0939623 -2.30044 -1.10349 -0.0734556 -1.12295 6.58499 -0.0524446
4.405 0.805836 -0.0169107 -0.0352823 0.853855 -0.230204 -0.0364973 -0.372456 -2.60055 -0.0223026 0.315682 5.22256 0.00463976
4.455 1.69623 -0.0134784 0.130825 1.66507 -0.0696505 0.129719 5.76937 -2.1256 0.0863058 2.97028 -1.26808 0.0627106
4.505 2.03566 -0.00833169 0.0474661 1.93254 0.109402 0.046567 3.63294 0.0377171 0.0221669 2.55309 -6.55836 -0.00223976
4.555 1.09672 -0.00225638 -0.113929 0.944089 0.230166 -0.113053 1.21485 2.37048 -0.0936888 0.10755 -5.51557 -0.0409212
4.605 0.589993 0.00390642 -0.0372354 0.450508 0.242347 -0.0361115 0.146316 3.19623 -0.0208118 -2.88583 0.611903 -0.0295512
4.655 -0.206683 0.00932817 0.117679 -0.264698 0.143594 0.119476 0.130984 1.87663 0.0942983 -4.38401 5.51796 0.0566956
4.705 -0.318367 0.0131969 0.0295801 -0.287009 -0.0199752 0.031087 -0.882113 -0.72402 0.0479109 -2.45057 4.30642 0.0200432
4.755 0.878832 0.0148501 -0.10667 0.946542 -0.174114 -0.105257 0.349579 -2.83913 -0.0656663 2.51253 -1.52275 -0.0541669
4.805 1.30792 0.014297 -0.0462567 1.46627 -0.24862 -0.0469336 2.00514 -3.04111 -0.0435873 5.3258 -5.67762 -0.024954
4.855 0.649407 0.011576 0.094839 0.806974 -0.208399 0.0936718 0.777011 -1.24399 0.089617 2.3588 -3.60977 0.0312541
4.905 1.25972 0.00712356 0.055152 1.35273 -0.068641 0.0536849 0.705051 1.24578 0.0403251 -0.550082 2.73995 0.0256331
4.955 1.00761 0.00161991 -0.103032 1.00805 0.111509 -0.100899 -1.69662 2.66348 -0.076074 -2.7364 6.87911 -0.030749
5.005 1.50546 -0.00410086 -0.0585773 1.42909 0.254437 -0.0582364 -1.18149 2.04171 -0.0451416 -1.86472 4.41516 -0.0165515
5.055 0.280422 -0.00911799 0.128451 0.173183 0.29735 0.131029 -0.537136 -0.107951 0.0769403 1.08649 -2.39941 0.0264258
5.105 -0.489914 -0.0128329 0.0322617 -0.598975 0.21938 0.0315613 0.183885 -2.17119 0.0361123 1.04427 -6.90011 0.01307
5.155 0.279168 -0.0146125 -0.0794632 0.289326 0.0517242 -0.0761065 1.00628 -2.59581 -0.0595496 0.53895 -4.75458 -0.036758
5.205 1.04188 -0.0141832 -0.0571945 1.08167 -0.137027 -0.0543892 1.46064 -1.01378 -0.063466 -0.541151 1.67441 -0.0144236
5.255 0.563221 -0.0115857 0.0823758 0.638016 -0.269371 0.0835474 -0.935111 1.48366 0.0568153 -3.35188 5.79845 0.0502888
5.305 -0.799533 -0.00709899 0.0648736 -0.719917 -0.291823 0.065084 -0.554971 3.11602 0.0614201 -3.19058 3.5558 0.0266569
5.355 -0.119643 -0.00146968 -0.0695119 -0.0833073 -0.197767 -0.0703239 -0.970608 2.68236 -0.0764145 0.989612 -2.47396 -0.048991
5.405 -0.745233 0.00455181 -0.0644671 -0.779247 -0.02952 -0.065876 -0.928138 0.425233 -0.0540882 3.94709 -5.79538 -0.0413743
5.455 -0.650628 0.0101356 0.0735916 -0.760943 0.139931 0.0722422 0.456425 -2.12947 0.0585731 2.10578 -2.74107 0.0354622
5.505 -0.264358 0.0144989 0.0760127 -0.412047 0.238429 0.0751797 0.806423 -3.24374 0.0525667 0.0847552 3.70488 0.0473752
5.555 0.119646 0.0170186 -0.0697019 -0.00957631 0.2256 -0.069863 0.771077 -2.19202 -0.058802 -1.66802 6.92992 -0.0165424
5.605 0.266252 0.0173227 -0.0720091 0.207147 0.10997 -0.0707054 0.437404 0.235588 -0.0579585 -1.24086 3.4693 -0.0318307
5.655 -0.395078 0.0153413 0.0603621 -0.359416 -0.0551239 0.0621304 -0.900635 2.30203 0.0553868 0.53363 -3.4096 0.0083243
5.705 -0.639576 0.011315 0.0719889 -0.521726 -0.194886 0.0734822 -1.59273 2.56365 0.0671331 1.47189 -6.98519 0.0236595
5.755 -0.579649 0.00576795 -0.0612769 -0.424303 -0.24567 -0.0610235 -1.1875 0.893851 -0.0394783 0.655714 -3.87362 -0.0178508
5.805 -0.564159 -0.000561049 -0.0770546 -0.42951 -0.182696 -0.0778045 0.16389 -1.43769 -0.0647929 -2.2167 2.5933 -0.0259625
5.855 -0.0372529 -0.00681838 0.0454363 0.0292015 -0.0310281 0.0439156 1.6988 -2.68493 0.0390831 -3.02931 5.82812 0.0268467
5.905 0.16963 -0.0121077 0.0756394 0.148158 0.145087 0.0756882 2.15189 -1.88595 0.064879 -0.790784 2.71826 0.0259199
5.955 0.0904982 -0.0158559 -0.0431158 0.0031079 0.269477 -0.0433728 0.720283 0.437983 -0.0361876 1.50675 -3.2553 -0.0345394
6.005 0.116104 -0.0174155 -0.0835872 0.0126783 0.287376 -0.0845666 0.0534175 2.64515 -0.0633952 3.45144 -5.67086 -0.0365775
6.055 -0.191656 -0.0166337 0.0415892 -0.265175 0.188629 0.0409221 -1.2463 3.14055 0.0338116 1.88744 -1.81748 0.0276195
6.105 0.105268 -0.0136683 0.0871537 0.0964857 0.0124894 0.0877169 -0.704958 1.51733 0.0663276 -0.802258 4.47912 0.0436765
6.155 -0.0650713 -0.0089619 -0.0339775 -0.0021528 -0.168881 -0.0335477 0.41584 -1.14431 -0.0325947 -2.13123 6.74581 -0.0143378
6.205 0.134378 -0.00322067 -0.0819587 0.239765 -0.281104 -0.0815837 1.18555 -3.03258 -0.0735046 -1.1903 2.48631 -0.040772
6.255 0.325881 0.00276655 0.0327307 0.418579 -0.279108 0.03187 1.49713 -2.87959 0.0201077 1.86094 -4.22976 0.00905955
6.305 0.258648 0.00812768 0.0848356 0.294462 -0.166306 0.0839121 -0.0523993 -0.849889 0.0684209 2.40918 -6.8564 0.0437589
6.355 0.450734 0.0121077 -0.0259651 0.406248 0.007218 -0.0269368 -0.877113 1.58851 -0.0164668 0.196116 -2.96955 -0.0028737
6.405 0.382448 0.0141543 -0.0830419 0.26787 0.166426 -0.0835532 -1.69408 2.71387 -0.0652109 -2.68958 3.33823 -0.0395572
6.455 0.0384576 0.0139995 0.0192583 -0.104531 0.243671 0.0197894 -1.33502 1.77472 0.0154216 -3.97141 5.67928 0.000100475
6.505 -0.30412 0.0116968 0.0825922 -0.419642 0.207753 0.0836939 -0.395041 -0.485559 0.0680774 -1.60694 1.87712 0.0310185
6.555 -0.399947 0.00761592 -0.0131683 -0.441274 0.0771594 -0.0114035 0.484825 -2.37318 -0.0147247 2.26593 -3.87811 -0.00136327
6.605 -0.0397948 0.00238705 -0.0865617 0.0105264 -0.0882375 -0.0849619 0.728884 -2.46593 -0.0666349 4.23695 -5.39877 -0.0280673
6.655 0.072838 -0.0032252 0.00821054 0.198064 -0.21339 0.00773027 0.64721 -0.639939 0.0120906 2.12186 -0.902185 0.00796856
6.705 0.0101801 -0.00828365 0.0833057 0.158851 -0.24077 0.0817506 0.0165673 1.83281 0.0730958 -1.42418 5.11193 0.0270396
6.755 -0.0157652 -0.0120897 -0.00500496 0.098373 -0.155757 -0.007343 -0.349653 3.18552 0.00195874 -2.82237 6.43445 -0.0115135
6.805 -0.0629029 -0.0140485 -0.0855474 -0.0214191 0.00688103 -0.0880606 -0.823791 2.41558 -0.0644837 -0.972523 1.50524 -0.036204
6.855 -0.173058 -0.0138489 -0.00135049 -0.213626 0.177718 -0.00311423 -0.241559 0.0041555 -0.00226537 1.73197 -4.93908 0.00983945
6.905 -0.223235 -0.0115021 0.081139 -0.32064 0.282548 0.0805343 0.522565 -2.41498 0.0655155 2.25457 -6.62235 0.0452103
6.955 0.0913243 -0.00733278 0.00611612 -0.0145393 0.274492 0.00677695 1.19798 -3.20328 0.00606506 0.213227 -2.05464 -0.000531236
7.005 0.258679 -0.00192763 -0.0804509 0.194337 0.154393 -0.0788128 0.83652 -1.86716 -0.0638353 -2.49554 4.00898 -0.0488932
7.055 0.082316 0.00395075 -0.00918876 0.0887901 -0.0292456 -0.0069818 -0.323497 0.604873 -0.00862074 -3.39784 5.45014 -0.013766
7.105 0.169756 0.00947176 0.0816423 0.242777 -0.200867 0.0837218 -1.09505 2.45358 0.062785 -0.667651 1.01788 0.0395034
7.155 0.0935475 0.0138825 0.0168447 0.199279 -0.290053 0.016914 -1.38764 2.40053 0.00614205 2.78279 -4.45112 0.0195851
7.205 0.0510585 0.0165104 -0.0739094 0.137853 -0.261567 -0.0747546 -0.403181 0.54979 -0.0646411 3.56217 -5.05801 -0.0256173
7.255 -0.189567 0.0169729 -0.0175777 -0.170881 -0.130131 -0.0193936 0.818293 -1.70001 -0.0163309 1.06028 0.0417378 -0.0110261
7.305 -0.332851 0.0151955 0.0774276 -0.403356 0.0462301 0.0756744 1.38702 -2.66641 0.0629531 -2.09098 5.7082 0.0237928
7.355 0.124423 0.0114111 0.0253436 -0.00678893 0.191414 0.024332 1.61038 -1.59442 0.0194795 -1.96887 6.04863 0.00775313
7.405 -0.0979957 0.00610869 -0.07271 -0.24428 0.244085 -0.0726962 -0.048757 0.794914 -0.0612315 0.00162517 0.473682 -0.023864
7.455 0.294374 -3.9206e-06 -0.0275678 0.187505 0.183992 -0.0266873 -0.444904 2.81041 -0.0249131 2.22528 -5.62619 -0.00428015
7.505 0.169637 -0.0061076 0.0711443 0.143341 0.0403724 0.073135 -0.637595 2.99199 0.0558594 2.20432 -6.30543 0.0287617
7.555 -0.0603705 -0.0114414 0.030258 0.00338081 -0.121156 0.03219 -0.63275 1.15338 0.0257704 -1.15638 -1.06929 0.0044284
7.605 -0.230099 -0.0152099 -0.073902 -0.0935099 -0.227238 -0.0705494 0.171611 -1.47573 -0.0520169 -3.82357 4.66688 -0.0355279
7.655 -0.163904 -0.0169413 -0.0366081 -0.018754 -0.228879 -0.0357414 0.504042 -3.11 -0.0238447 -3.03091 5.13183 -0.0144471
7.705 0.0997532 -0.0164522 0.0659268 0.20312 -0.122934 0.0650638 0.486695 -2.66161 0.0555786 0.48169 0.0829979 0.0336217
7.755 0.130393 -0.0138244 0.0364214 0.160528 0.0464072 0.0344973 -0.560608 -0.499734 0.0302996 3.37456 -5.0009 0.016557
7.805 0.0283495 -0.00944923 -0.0649268 -0.0306707 0.206564 -0.0668546 -1.06904 1.82176 -0.0544546 3.25898 -4.61135 -0.0339222
7.855 0.29771 -0.00397588 -0.0420391 0.199742 0.287817 -0.0436474 -1.09352 2.67277 -0.0384406 0.579395 1.06063 -0.0203015
7.905 0.247316 0.0018615 0.0622565 0.156282 0.253456 0.0595462 -0.813039 1.50148 0.0495636 -1.94272 6.25555 0.0320872
7.955 -0.200691 0.00720335 0.0453983 -0.238294 0.11561 0.0449309 0.286441 -0.783285 0.0411821 -2.72439 5.52828 0.0274966
8.005 -0.200118 0.0113203 -0.0582134 -0.168647 -0.0695928 -0.0568744 1.19457 -2.47203 -0.0405047 -0.195804 -0.635368 -0.0241344
8.055 -0.461587 0.0136458 -0.0513565 -0.379154 -0.226205 -0.0471615 0.740004 -2.28657 -0.0384448 2.12359 -6.23922 -0.0304728
8.105 0.0305712 0.0138604 0.0561295 0.134071 -0.290314 0.0592129 0.461852 -0.303171 0.0424789 2.21279 -5.8306 0.0140499
8.155 0.176814 0.011956 0.0503312 0.248567 -0.237469 0.0517751 0.163979 2.09085 0.0337354 -0.630361 -0.0117036 0.026278
8.205 0.11753 0.00823739 -0.0517508 0.117519 -0.0926821 -0.0515052 -0.925873 3.17922 -0.0437633 -3.54545 5.22485 -0.0122512
8.255 -0.189875 0.00327596 -0.0537331 -0.271386 0.0806648 -0.0542479 -0.314952 2.14003 -0.045643 -3.09524 4.64427 -0.0140313
8.305 -0.117218 -0.00217266 0.0460899 -0.255141 0.208255 0.0454036 -0.0391157 -0.360141 0.0418528 0.438227 -0.900393 0.0152908
8.355 -0.186726 -0.00728043 0.0554587 -0.331116 0.236784 0.0555469 0.567284 -2.62598 0.0517606 3.51862 -5.41235 0.00919977
8.405 -0.0255481 -0.011271 -0.0441039 -0.122208 0.156653 -0.0436563 0.887275 -3.12426 -0.0343175 3.32193 -3.98358 -0.0269044
8.455 0.0409188 -0.0135294 -0.0580189 0.0284767 0.00573637 -0.0556407 0.556447 -1.56001 -0.0484833 0.460658 2.09762 -0.0156657
8.505 -0.19419 -0.01371 0.0409253 -0.119962 -0.147317 0.0420749 -1.03606 0.923463 0.0286522 -2.42849 6.62063 0.0345923
8.555 0.0112815 -0.0117604 0.0615468 0.141768 -0.23302 0.0626503 -1.34096 2.56336 0.0450807 -2.1908 4.81166 0.0325231
8.605 -0.0856152 -0.00793809 -0.0318638 0.0421462 -0.211362 -0.030076 -1.31737 2.23125 -0.027418 0.712869 -1.73906 -0.0256446
8.655 0.0141082 -0.00280391 -0.0638546 0.0998999 -0.0893455 -0.0661546 -0.167724 0.22978 -0.045464 2.34972 -6.63933 -0.0413041
8.705 -0.114794 0.0029349 0.0325085 -0.100108 0.081864 0.0304178 1.1621 -1.93385 0.03122 1.4938 -5.15743 0.00907512
8.755 -0.0794141 0.00845334 0.060515 -0.125805 0.228738 0.0599545 1.79157 -2.63637 0.0514042 -1.70974 1.01521 0.0380732
8.805 0.0765803 0.012962 -0.0258069 -0.00481664 0.287037 -0.0329441 1.38146 -1.30939 -0.0250968 -3.53379 5.55216 0.000684302
8.855 0.0976457 0.0158061 -0.0634353 0.0187259 0.229531 -0.0665076 0.0963849 1.14116 -0.0574587 -2.06112 3.9743 -0.027371
8.905 -0.0572128 0.0165752 0.0264104 -0.0863796 0.0780761 0.0268136 -1.04505 2.97253 0.019395 0.892173 -1.81676 -0.00156441
8.955 -0.116002 0.0151388 0.0647769 -0.0780644 -0.10567 0.0654809 -1.05548 2.8456 0.0527238 3.48519 -5.57436 0.0178463
9.005 -0.0982942 0.0116774 -0.0185481 -0.0107551 -0.246271 -0.017108 -0.455616 0.786021 -0.0138285 2.70202 -3.19133 -0.00738884
9.055 0.058046 0.00665729 -0.0653238 0.15222 -0.286616 -0.0647557 0.50095 -1.82071 -0.0521312 -0.284888 3.03363 -0.0166758
9.105 0.0981818 0.000761544 0.0178799 0.15015 -0.2121 0.0175194 1.43802 -3.20088 0.0119778 -2.23495 6.72124 0.0146613
9.155 -0.057889 -0.00520766 0.0655712 -0.0808911 -0.0566397 0.0643256 0.577149 -2.44027 0.0501507 -1.87705 3.94349 0.0250039
9.205 0.2164 -0.0104447 -0.0130385 0.116882 0.112138 -0.0141758 -0.307266 -0.1241 -0.0122924 1.09659 -2.72532 -0.0139433
9.255 0.0533668 -0.0142537 -0.0648585 -0.0910648 0.222078 -0.0646317 -1.71483 2.08753 -0.0523669 2.3895 -6.78058 -0.0313139
9.305 0.0309523 -0.0161519 0.0090867 -0.10586 0.227523 0.00978256 -1.75709 2.64436 0.010288 0.744153 -4.35427 0.0104014
9.355 -0.134382 -0.0159047 0.0648406 -0.2147 0.128824 0.0662564 -0.581714 1.20615 0.0564147 -2.23793 1.91723 0.0355899
9.405 0.177706 -0.0135961 -0.00465376 0.186628 -0.0280948 -0.00251927 0.603378 -1.12476 -0.00324353 -3.39992 5.64381 -0.00498011
9.455 0.0487262 -0.00956232 -0.0657197 0.145281 -0.171896 -0.0636346 1.62706 -2.60301 -0.0564883 -1.58412 3.20904 -0.0371678
9.505 -0.0729921 -0.00440143 0.000299659 0.0708091 -0.237007 0.00130047 1.34155 -2.10004 -0.00265395 1.47658 -2.59678 -0.00349465
9.555 -0.0168427 0.00115829 0.0648351 0.117468 -0.1923 0.0647448 0.749703 0.0772126 0.051954 3.69377 -5.52288 0.0330804
9.605 -0.0587529 0.00633793 0.00407835 0.0241009 -0.0548207 0.00245333 -0.912759 2.39524 0.00528047 2.32265 -2.33324 0.00957004
9.655 0.177048 0.0104162 -0.0653598 0.183292 0.117246 -0.0682092 -1.00553 3.18354 -0.0478498 -0.568928 3.82837 -0.0273659
9.705 -0.00836422 0.012831 -0.00641571 -0.0689264 0.249578 -0.00901349 -0.742195 1.82854 -0.00295127 -2.44991 6.62808 -0.012357
9.755 0.0225441 0.013258 0.0638468 -0.0667523 0.283797 0.0625739 0.189926 -0.779314 0.0496614 -1.5721 3.0236 0.0194186
9.805 -0.0189654 0.011659 0.00998253 -0.0889511 0.202808 0.0102763 1.19502 -2.86643 0.00483532 1.31887 -3.58589 0.00866258
9.855 -0.201432 0.00828902 -0.0623731 -0.215974 0.0384442 -0.060962 0.577634 -3.0241 -0.054214 2.08915 -6.76056 -0.0145537
9.905 -0.141299 0.00366088 -0.0140523 -0.092489 -0.141947 -0.0117204 -0.123155 -1.19759 -0.0114454 0.463353 -3.51236 0.00134703
9.955 -0.0241814 -0.00152848 0.0603105 0.064129 -0.264197 0.0624766 -1.22037 1.28624 0.0522515 -2.06942 2.71854 0.021204
10.005 0.106346 -0.00649814 0.0174556 0.189229 -0.27892 0.0188537 -1.55621 2.66955 0.0185406 -3.32604 5.61563 -0.00639562
10.055 -0.0223296 -0.010498 -0.0590241 0.00924822 -0.182452 -0.0588561 -0.904014 2.0136 -0.045857 -1.2801 2.42452 -0.0323945
10.105 -0.152906 -0.0129161 -0.0213892 -0.198486 -0.0180933 -0.0225833 0.283327 -0.141713 -0.0189706 1.85087 -3.29259 -0.00144911
10.155 -0.0331598 -0.0133695 0.0581559 -0.149335 0.142799 0.0566176 1.35368 -2.1771 0.0431548 3.71804 -5.38046 0.0363298
10.205 0.0148042 -0.0117588 0.02447 -0.134328 0.231684 0.0231613 1.61165 -2.56342 0.0162061 2.13156 -1.46558 0.0131024
10.255 0.0394434 -0.00828383 -0.0558219 -0.0888835 0.212317 -0.0564104 1.04817 -0.965117 -0.0450063 -1.05819 4.55257 -0.0325807
10.305 -0.00978443 -0.00341838 -0.0259832 -0.0693832 0.0961093 -0.0254635 -0.0124945 1.51051 -0.0198782 -2.68625 6.45682 -0.0221469
10.355 -0.0623849 0.0021652 0.0539016 -0.0224467 -0.0631856 0.0553911 -1.26394 3.09726 0.0461327 -1.16663 2.08419 0.023144
10.405 -0.0287224 0.0076579 0.0289975 0.0814785 -0.193165 0.0305699 -1.02406 2.62831 0.02475 1.52032 -4.40081 0.0237144
10.455 -0.154654 0.0122744 -0.051395 -0.0102092 -0.234373 -0.0503304 -0.537584 0.372944 -0.0436791 2.15675 -6.67525 -0.0132054
10.505 -0.0966981 0.0153401 -0.0327526 0.0301361 -0.166336 -0.0326889 0.711441 -2.14459 -0.0286304 0.137939 -2.63754 -0.0145993
10.555 0.0386369 0.0163949 0.0488781 0.104293 -0.0166105 0.0476816 1.28356 -3.21563 0.038198 -2.48157 3.50008 0.0137795
10.605 0.0679478 0.0152636 0.0347724 0.0562686 0.150991 0.0328782 0.737737 -2.14751 0.0300425 -3.10337 5.5363 0.0092722
10.655 -0.0235382 0.0120828 -0.045825 -0.0956249 0.26388 -0.0477229 -0.577501 0.258087 -0.0366181 -0.873692 1.60312 -0.018379
10.705 0.0532485 0.00728223 -0.0385516 -0.0400864 0.272015 -0.0403308 -1.45191 2.2847 -0.0292908 2.53395 -3.97552 -0.0120874
10.755 0.205014 0.00152513 0.0430804 0.138914 0.169563 0.0421246 -1.26069 2.5238 0.0352933 3.87825 -5.18348 0.0184405
10.805 0.093036 -0.00441829 0.0403352 0.0854939 -0.00241716 0.0410479 -0.513365 0.869871 0.0308905 1.33489 -0.554247 0.0128955
10.855 -0.103621 -0.00973138 -0.0410732 -0.0593113 -0.173375 -0.039022 0.623138 -1.41833 -0.0337259 -2.03675 5.25664 -0.0198373
10.905 0.0349482 -0.0137089 -0.0407828 0.119028 -0.273329 -0.0389973 1.5233 -2.62945 -0.0323526 -2.61908 6.20711 -0.0132599
10.955 -0.0400987 -0.0158343 0.0382792 0.0325461 -0.262567 0.0393368 1.00262 -1.83254 0.0326055 -0.534449 1.08112 0.0227855
11.005 0.253175 -0.0158546 0.0433642 0.270754 -0.148305 0.0435537 0.260181 0.448994 0.0360625 2.16442 -5.1912 0.019955
11.055 -0.0403111 -0.0138092 -0.0356451 -0.0970393 0.0187885 -0.0362291 -0.658267 2.60301 -0.0317927 2.1448 -6.48732 -0.0219359
11.105 -0.0401511 -0.0100199 -0.0447573 -0.157841 0.16662 -0.0455863 -1.07177 3.07355 -0.0405509 -0.689151 -1.68143 -0.0240456
11.155 0.0793729 -0.00508351 0.0322358 -0.0603643 0.232677 0.0320455 -0.471145 1.47168 0.0251741 -2.845 4.25059 0.0189793
11.205 -0.0389211 0.000360268 0.0479456 -0.145368 0.190944 0.0469454 0.110992 -1.13939 0.0388303 -3.02921 5.3371 0.0294121
11.255 -0.129469 0.00551934 -0.0297897 -0.162396 0.0625008 -0.0296623 0.975437 -2.98662 -0.0208343 -0.462223 0.70067 -0.0112915
11.305 -0.0954979 0.00966837 -0.0470064 -0.0397682 -0.0937686 -0.0459231 0.792529 -2.83271 -0.0355555 2.91431 -4.60201 -0.0304358
11.355 -0.122827 0.0122386 0.0278983 0.00156454 -0.206974 0.0289327 -0.319431 -0.840688 0.0212855 3.43145 -4.84147 -0.00138055
11.405 -0.0593772 0.0128954 0.0493947 0.0878108 -0.225116 0.0494482 -1.26786 1.55271 0.0355865 0.940911 0.431266 0.0193169
11.455 -0.133894 0.0115813 -0.02377 -0.0165116 -0.137786 -0.024811 -1.8731 2.66281 -0.0228426 -1.9357 5.86526 0.00143868
11.505 -0.0262232 0.00852138 -0.0497792 0.0231803 0.0191068 -0.0517372 -0.876994 1.75154 -0.0425062 -2.35541 5.77636 -0.00727362
11.555 -0.0782034 0.00419077 0.0195858 -0.105612 0.178616 0.0172547 0.474081 -0.457835 0.019097 -0.0421763 0.00399004 0.0106951
11.605 0.00766534 -0.000754573 0.0502705 -0.0736415 0.271509 0.0489244 1.61923 -2.30947 0.0463678 2.18641 -5.8543 0.00916454
11.655 -0.0377174 -0.00557576 -0.0186664 -0.129416 0.256088 -0.019065 1.74743 -2.40819 -0.0106705 1.9941 -6.09135 -0.0194383
11.705 -0.0909752 -0.00954243 -0.0519715 -0.14675 0.136357 -0.0510241 0.957589 -0.626176 -0.0420072 -0.834039 -0.655953 -0.02014
11.755 -0.0880965 -0.0119847 0.0139081 -0.0830607 -0.0394566 0.0160138 -0.251532 1.79542 0.00747405 -3.37656 4.84994 0.0197986
11.805 -0.0710778 -0.0126921 0.0521421 -0.01043 -0.199413 0.0545325 -1.3218 3.12416 0.0367033 -2.80252 4.92166 0.0312314
11.855 0.103519 -0.0114369 -0.0113792 0.18637 -0.278088 -0.0095906 -0.945352 2.3702 -0.0113776 0.546897 -0.24818 -0.0104795
11.905 0.0959584 -0.00836713 -0.0514276 0.156615 -0.244612 -0.0510068 0.193765 -0.00109379 -0.0389101 3.35742 -5.04628 -0.0373553
11.955 0.183178 -0.00389254 0.0089974 0.184547 -0.115553 0.00798523 1.18198 -2.3862 0.011762 3.31764 -4.27948 -0.00491755
12.005 -0.0563651 0.00136985 0.0523888 -0.126944 0.0524457 0.0505252 1.13552 -3.16866 0.045586 0.337313 1.43319 0.0299277
12.055 0.00675581 0.00667754 -0.00492692 -0.116982 0.187157 -0.00681758 0.299328 -1.85388 -0.00439603 -2.44534 6.25747 0.0119476
12.105 0.0465413 0.0112665 -0.050635 -0.086784 0.231867 -0.0517171 -0.917775 0.589913 -0.0457274 -1.99822 5.11902 -0.0157951
12.155 -0.044637 0.0144627 0.00190809 -0.136839 0.169662 0.00208768 -1.88462 2.42591 -0.00301139 0.249791 -1.06943 -0.00498747
12.205 -0.0351467 0.0157841 0.0514215 -0.0496284 0.0304826 0.0527657 -1.72263 2.38398 0.0409914 2.13583 -6.28362 0.0127205
12.255 -0.0334969 0.0150106 0.000521087 0.0367323 -0.122114 0.00237809 -0.502822 0.55828 0.00398424 1.5659 -5.47483 -0.000848053
12.305 0.133226 0.0122207 -0.0516212 0.262313 -0.218729 -0.0500232 1.16881 -1.67058 -0.037612 -1.23559 0.348815 -0.0151351
12.355 0.116766 0.00778063 -0.00424464 0.256636 -0.214461 -0.00378801 1.86886 -2.63277 -0.00178188 -3.35837 5.21624 0.00329492
12.405 0.00977495 0.00210588 0.0535073 0.108337 -0.108807 0.0500478 1.29849 -1.57378 0.0393957 -2.60937 4.31215 0.0168391
12.455 0.00587944 -0.0036776 0.00584487 0.0356087 0.0544275 0.00243985 0.139509 0.794909 0.00152106 0.679892 -1.14949 -0.00624442
12.505 -0.0757473 -0.0089679 -0.0489926 -0.119834 0.205009 -0.0517618 -1.19097 2.79275 -0.0416017 3.43668 -5.26002 -0.0247374
12.555 0.0434724 -0.01305 -0.00896377 -0.0458648 0.277111 -0.0110893 -1.26913 2.96562 -0.00779203 3.01181 -3.5539 0.0027492
12.605 -0.0425517 -0.0153802 0.0490018 -0.131005 0.237671 0.0481885 -0.663219 1.12742 0.0429036 0.0143136 2.36091 0.0296911
12.655 -0.0794301 -0.0156634 0.0117454 -0.124551 0.100867 0.0120717 0.509678 -1.49439 0.0133717 -2.46515 6.4225 0.0054257
12.705 -0.0934103 -0.0138917 -0.0466526 -0.075093 -0.0776773 -0.0447415 1.25654 -3.11623 -0.0387242 -1.99961 4.32145 -0.028935
12.755 -0.0688585 -0.0103454 -0.0161811 0.00222653 -0.22455 -0.0141102 0.819853 -2.65391 -0.0148474 0.668051 -2.05839 -0.0112168
12.805 -0.0346765 -0.00555199 0.0460374 0.0528176 -0.279834 0.0480527 -0.105712 -0.481929 0.0347165 2.47321 -6.50463 0.02598
12.855 0.1053 -0.000209342 0.0174857 0.163659 -0.2226 0.0187792 -1.13007 1.84057 0.0138872 1.50142 -4.74498 0.0175327
12.905 0.0624314 0.00491641 -0.0451221 0.0574516 -0.0795789 -0.0448365 -1.39526 2.68183 -0.0341314 -1.57213 1.26912 -0.0173939
12.955 -0.0354035 0.00931649 -0.0237182 -0.104805 0.0868422 -0.0221598 -0.675332 1.49647 -0.0131765 -3.6273 5.40816 -0.0183439
13.005 -0.00250352 0.0119859 0.0442104 -0.121493 0.204966 0.0445431 0.594066 -0.795227 0.0362794 -2.16794 3.62588 0.00521275
13.055 0.0657005 0.0127882 0.0226336 -0.0557108 0.225653 0.0222496 1.56766 -2.47648 0.0154069 1.42232 -1.96249 0.00747786
13.105 0.0948071 0.0116476 -0.0418458 0.0207661 0.142702 -0.0416454 1.69168 -2.27308 -0.0382274 3.59827 -5.32975 -0.00657653
13.155 0.0890011 0.00872748 -0.0169208 0.101625 -0.00476519 -0.00972216 0.677164 -0.275368 -0.0221615 2.56637 -2.78289 0.00211223
13.205 -0.00479437 0.00452969 0.0374826 0.0752851 -0.149121 0.0397051 -0.557334 2.11454 0.0341581 -0.429927 3.19831 0.0183168
13.255 0.100035 -0.000285842 0.0259805 0.227265 -0.224866 0.0269989 -1.21167 3.17787 0.0261523 -2.47991 6.46512 0.00305598
13.305 0.0869578 -0.00502972 -0.0386089 0.213889 -0.196372 -0.0384692 -0.961412 2.10732 -0.0271787 -1.42422 3.49271 -0.0259414
13.355 0.0149499 -0.00900723 -0.0284108 0.094544 -0.0738182 -0.029099 0.155117 -0.408453 -0.0220833 0.9094 -2.9699 -0.0105708
13.405 0.0829275 -0.0116274 0.0357035 0.0896755 0.0910387 0.0345327 0.98858 -2.66134 0.0267228 2.18529 -6.62905 0.0274855
13.455 -0.0876621 -0.0126255 0.0298383 -0.148063 0.227015 0.0281618 0.882819 -3.12531 0.0204574 0.697955 -3.99193 0.0186037
13.505 -0.0694964 -0.0115909 -0.0325829 -0.160174 0.274612 -0.0330712 0.0173596 -1.52886 -0.0302631 -2.24729 2.13222 -0.0210177
13.555 -0.0143061 -0.00876476 -0.0335402 -0.0960296 0.211262 -0.0338926 -1.39573 0.962553 -0.0240454 -3.26172 5.53208 -0.0246061
13.605 -0.0537214 -0.00452836 0.0309329 -0.0862981 0.0613853 0.0312074 -1.94262 2.58204 0.0301259 -1.57599 2.92727 0.00857217
13.655 -0.106841 0.000540639 0.0341951 -0.0766801 -0.113824 0.0352972 -1.38932 2.22012 0.0302964 1.54493 -2.7295 0.0186579
13.705 0.00467741 0.00573111 -0.0303469 0.0803618 -0.242504 -0.0290979 -0.0837964 0.204652 -0.0241424 3.55997 -5.34573 -0.0048247
13.755 0.093658 0.0103099 -0.034417 0.175468 -0.272661 -0.0335104 1.35398 -1.94458 -0.0316797 2.40197 -2.00081 -0.0121881
13.805 -0.0266915 0.0136145 0.0288088 0.0174517 -0.194146 0.0289418 1.79138 -2.61619 0.0176649 -0.866459 3.99565 0.0088968
13.855 -0.0406063 0.0151559 0.0372863 -0.0627464 -0.0426184 0.0369549 1.14624 -1.26919 0.0277925 -2.53186 6.45091 0.0137796
13.905 -0.0912735 0.0146939 -0.0248422 -0.179881 0.11608 -0.0258758 0.0391933 1.17038 -0.019258 -1.21241 2.63697 -0.00788063
13.955 -0.12287 0.0122644 -0.0374156 -0.248744 0.21436 -0.0383165 -1.10586 2.96436 -0.0272376 1.19334 -3.85362 -0.013392
14.005 -0.0663874 0.00818109 0.0217293 -0.182663 0.21187 0.0213525 -1.11843 2.80013 0.0214491 2.41503 -6.68969 0.00848249
14.055 -0.181628 0.00298685 0.0377104 -0.243188 0.112587 0.0386965 -0.405737 0.73199 0.0311328 0.324119 -3.19233 0.0107642
14.105 -0.0287137 -0.00242854 -0.0206332 -0.0103275 -0.0371477 -0.018477 0.866384 -1.84705 -0.0182071 -2.45133 2.97881 -0.0129306
14.155 0.0508954 -0.00731318 -0.0396309 0.131733 -0.169076 -0.0374127 1.47831 -3.18436 -0.0335115 -3.16507 5.58454 -0.0133903
14.205 0.0907966 -0.0115574 0.0180624 0.216592 -0.223491 0.0194617 0.841261 -2.3984 0.0142025 -1.09674 2.16972 0.0134059
14.255 0.135906 -0.0141773 0.0405114 0.254275 -0.173792 0.0406148 -0.129251 -0.0930733 0.0332211 2.54183 -3.47565 0.0175159
14.305 -0.0241188 -0.0148356 -0.0163238 0.0425375 -0.0393829 -0.0178545 -1.51 2.08211 -0.010289 3.53493 -5.26894 -0.0144848
14.355 -0.0667395 -0.0134767 -0.0411591 -0.071027 0.12283 -0.0437877 -1.6941 2.60977 -0.0331743 1.58689 -1.14617 -0.0242335
14.405 -0.0449303 -0.0103146 0.0136626 -0.108233 0.242842 0.0109506 -0.787563 1.1761 0.00933422 -1.28471 4.75626 0.00964658
14.455 0.0841799 -0.00581974 0.0405036 -0.00182872 0.267664 0.0388301 0.636552 -1.11684 0.0324511 -2.45228 6.3083 0.0308138
14.505 0.0391101 -0.000655873 -0.0103293 -0.0255631 0.184252 -0.0104448 1.64046 -2.55337 -0.00890004 -0.842741 1.68669 0.00309299
14.555 0.161256 0.00444173 -0.0415036 0.150104 0.0253864 -0.0404387 1.73434 -2.0402 -0.0322633 1.73354 -4.68845 -0.0236844
14.605 0.0733051 0.00873246 0.00883382 0.12179 -0.144122 0.011226 0.607513 0.102844 0.00790655 2.1094 -6.59019 -0.0105739
14.655 0.0306851 0.0116133 0.0419356 0.116135 -0.254894 0.0446019 -0.807771 2.36419 0.0333984 -0.184129 -2.28128 0.00923021
14.705 -0.00539394 0.0125573 -0.00610028 0.0734434 -0.262801 -0.00462618 -1.25792 3.11377 -0.00723662 -2.89185 3.7634 0.00360307
14.755 -0.0598917 0.0103126 -0.0422167 -0.027749 -0.167554 -0.0422851 -1.21415 1.76654 -0.0358247 -3.27511 5.45508 -0.00421608
14.805 -0.00793698 0.00767797 0.00317656 -0.0417742 -0.010003 0.00173756 0.10237 -0.79299 0.00321075 -0.485326 1.3011 0.00680834
14.855 0.00783425 0.00385127 0.0416065 -0.0909236 0.140619 0.0396836 0.869636 -2.82701 0.0362046 2.66844 -4.13256 0.0088302
14.905 0.0384038 -0.000636059 -0.000975237 -0.0910698 0.220355 -0.00301588 1.04445 -2.96584 0.00215552 3.42573 -4.9853 -0.0134555
14.955 0.0470871 -0.00528444 -0.0402496 -0.0651878 0.196834 -0.0411341 0.174623 -1.16776 -0.0315951 1.28063 -0.187147 -0.0200203
15.005 -0.049695 -0.00924337 -0.000253328 -0.10134 0.0831746 0.00011069 -1.18993 1.2651 -0.002687 -1.84561 5.39512 0.0107119
15.055 -0.10275 -0.011936 0.0406045 -0.0742835 -0.0681844 0.0422664 -1.82142 2.61661 0.0287577 -2.44724 5.93235 0.030724
15.105 0.00494703 -0.0129482 0.00279339 0.101548 -0.188383 0.004596 -1.29185 1.97423 -0.00111287 -0.306491 0.634112 0.00234815
15.155 0.0355572 -0.0121132 -0.0399405 0.162131 -0.222222 -0.0383186 0.144828 -0.131513 -0.0320222 2.10418 -5.37845 -0.0286562
15.205 -0.0122061 -0.00951787 -0.00719332 0.0960612 -0.152341 -0.0066811 1.44051 -2.11889 -0.00179943 1.95224 -6.24509 -0.0120483
15.255 0.00803709 -0.00551097 0.03789 0.0596722 -0.00703389 0.036942 1.97495 -2.49469 0.0362378 -0.660405 -1.2793 0.0185295
15.305 -0.0427275 -0.000652085 0.00799052 -0.0605319 0.151737 0.00611191 1.22249 -0.933862 0.00804249 -3.13147 4.38834 0.0118379
15.355 0.00584268 0.00437265 -0.0384006 -0.0642473 0.254992 -0.0404953 -0.139387 1.48327 -0.0331441 -2.944 5.08606 -0.0118101
15.405 -0.0730568 0.00884465 -0.00973698 -0.15691 0.256561 -0.0112815 -1.13459 3.03194 -0.0125912 0.0839565 0.368725 -0.00980713
15.455 -0.0912352 0.0140902 0.0387786 -0.141067 0.155634 0.0378772 -1.13478 2.56652 0.0268523 3.03487 -4.6103 0.00768319
15.505 -0.00610944 0.0159281 0.0116895 -0.00635476 -0.0114972 0.0118438 -0.140467 0.351869 0.0108247 3.50691 -4.47258 0.00477092
15.555 0.162018 0.0156894 -0.0358902 0.216475 -0.173603 -0.0345567 1.00552 -2.11987 -0.0251644 1.04586 0.804653 -0.00810301
15.605 0.0181116 0.0135151 -0.0138689 0.10108 -0.264324 -0.0123082 1.32749 -3.17182 -0.00806529 -2.02255 5.83489 8.5998e-06
15.655 -0.133267 0.00970698 0.0354447 -0.0645285 -0.247672 0.0367733 0.617309 -2.12045 0.0298591 -2.61619 5.33606 0.0129802
15.705 0.00416077 0.00477519 0.0164048 0.0197319 -0.133166 0.0169845 -0.725981 0.252364 0.0105704 -0.0848853 -0.430035 -0.000945711
15.755 0.0667286 -0.000627752 -0.0342387 0.0119826 0.028525 -0.0345217 -1.73942 2.25518 -0.0322344 2.36003 -5.86977 -0.0182514
15.805 0.170592 -0.00578272 -0.0186309 0.0585332 0.167604 -0.0192193 -1.5718 2.49973 -0.0179433 1.86473 -5.70274 -0.000205522
15.855 -0.0063188 -0.0100118 0.0327296 -0.13715 0.225283 0.0321996 -0.400464 0.871298 0.0281635 -1.11113 -0.284457 0.0238181
15.905 -0.0703023 -0.0127383 0.020266 -0.171425 0.179051 0.0201719 0.865384 -1.38942 0.0196315 -3.59984 4.82793 0.00849059
15.955 0.0255424 -0.0135912 -0.0318541 -0.00729395 0.0520498 -0.0313483 1.62687 -2.5915 -0.0225359 -2.66287 4.56204 -0.0245142
16.005 0.0801686 -0.0132547 -0.0222532 0.127943 -0.0978582 -0.021581 1.24519 -1.80768 -0.0176962 0.666853 -0.526755 -0.019445
16.055 -0.00484052 -0.0109464 0.0323912 0.105018 -0.202201 0.0318315 0.339667 0.448849 0.0204782 3.25142 -4.91101 0.0146904
16.105 0.0396355 -0.00666367 0.0233111 0.168468 -0.212403 0.0229353 -0.745707 2.58007 0.0157097 3.13861 -3.84192 0.0223628
16.155 0.010304 -0.00287177 -0.0267445 0.112718 -0.123374 -0.0272291 -1.28794 3.04479 -0.0231993 0.298771 1.73463 -0.0037252
16.205 -0.0395038 0.00239625 -0.0262218 -0.00272941 0.0300704 -0.0259003 -0.667067 1.44833 -0.0176677 -2.22232 6.1064 -0.0153051
16.255 -0.092383 0.00722408 0.027887 -0.120453 0.181029 0.0240677 0.318805 -1.15215 0.0245059 -2.13683 4.646 -0.000889531
16.305 -0.0198849 0.0104075 0.0255769 -0.0878016 0.263035 0.0233278 1.16374 -2.98867 0.0226234 0.288061 -1.42472 0.00455875
16.355 -0.0443215 0.011779 -0.025518 -0.116784 0.239722 -0.0268171 0.925834 -2.8266 -0.0227476 2.14531 -6.21322 -0.00330985
16.405 0.0440691 0.0112406 -0.0283533 0.00481809 0.118517 -0.0282457 -0.0410669 -0.830488 -0.025148 1.47824 -5.09362 0.00184622
16.455 -0.0385505 0.0090834 0.0224655 -0.0233896 -0.05144 0.0236475 -1.2956 1.56553 0.0169186 -1.33434 0.643105 0.0146278
16.505 -0.0561461 0.00474591 0.0286445 0.00621877 -0.201335 0.0309084 -1.70965 2.67399 0.0244487 -3.46345 5.15071 0.00402466
16.555 -0.0564486 0.000114807 -0.0218074 0.0203391 -0.269074 -0.019397 -0.855502 1.75574 -0.0129711 -2.19998 4.00033 -0.0207931
16.605 0.036522 -0.00457584 -0.0280716 0.0894375 -0.22896 -0.0266965 0.416192 -0.461437 -0.0203663 1.10544 -1.3496 -0.016515
16.655 -7.25845e-05 -0.00849058 0.0196749 -0.0102454 -0.10051 0.0206888 1.50733 -2.31378 0.0148686 3.48787 -5.11867 0.0149679
16.705 0.13312 -0.0114003 0.0294809 0.0583472 0.0597903 0.0286656 1.73728 -2.40473 0.0205472 2.9584 -3.19478 0.0213261
16.755 0.0512433 -0.0126856 -0.0167795 -0.0706953 0.183331 -0.0181656 0.935046 -0.614163 -0.0182663 -0.0652243 2.58789 -0.00715416
16.805 -0.00863869 -0.0121288 -0.0310686 -0.137544 0.218467 -0.0323879 -0.377645 1.81053 -0.026313 -2.56282 6.29147 -0.0192961
16.855 -0.00728163 -0.00979946 0.0151335 -0.0965664 0.152672 0.0148493 -1.1017 3.12765 0.0156001 -1.87084 3.93915 0.00311202
16.905 -0.0453566 -0.00600201 0.0313267 -0.0619243 0.0175743 0.03224 -1.24309 2.35278 0.0300889 0.63758 -2.35829 0.0160399
16.955 0.045211 -0.00129005 -0.0134207 0.107063 -0.125114 -0.0115688 -0.193487 -0.0339667 -0.00809542 2.31525 -6.48095 -0.000701929
17.005 0.0494893 0.00367044 -0.0317053 0.165691 -0.210517 -0.0298347 0.937961 -2.41767 -0.0274319 1.20377 -4.45956 -0.0118161
17.055 0.0659666 0.00817565 0.0119555 0.192742 -0.198884 0.0129708 1.18738 -3.17815 0.004771 -1.85712 1.52958 0.00220941
17.105 0.0776859 0.0115639 0.0334525 0.169654 -0.0929994 0.03299 0.567325 -1.83733 0.021988 -3.33673 5.41167 0.0114437
17.155 -0.0915449 0.0158722 -0.00724917 -0.0576057 0.0648103 -0.00719397 -0.978733 0.621175 -0.00814892 -2.03137 3.41206 -0.00225744
17.205 -0.0649564 0.015548 -0.0341735 -0.0957464 0.204019 -0.0369148 -1.81855 2.44954 -0.0223571 1.46688 -2.13938 -0.0118028
17.255 -0.0876696 0.0135878 0.00791231 -0.159915 0.265436 0.00475878 -1.57677 2.3854 0.0109289 3.50896 -5.25757 0.000789617
17.305 -0.0815114 0.0100915 0.032707 -0.153538 0.220745 0.0309011 -0.537367 0.542064 0.0294999 2.43362 -2.50671 0.00771853
17.355 -0.00934991 0.00691718 -0.00546632 -0.0447653 0.087716 -0.00561127 1.0935 -1.68367 -0.0057621 -0.478837 3.41159 -0.00580107
17.405 0.104605 0.00173002 -0.0321899 0.128348 -0.0816612 -0.0308919 1.81275 -2.62333 -0.0308856 -2.37463 6.38655 -0.00903661
17.455 0.000606418 -0.00363876 0.00321621 0.0713642 -0.21733 0.00594272 1.54094 -1.54514 -0.00104075 -1.50009 3.16064 0.0120635
17.505 0.0279883 -0.00784596 0.0327229 0.103815 -0.263634 0.0356663 0.314128 0.820936 0.0264875 0.926426 -3.27182 0.0185107
17.555 -0.0540684 -0.0106437 -0.00197998 -0.0110804 -0.203562 0.000166475 -0.884018 2.79223 0.00130999 2.23617 -6.63983 -0.00765881
17.605 -0.0596304 -0.01168 -0.0330961 -0.0767903 -0.0647576 -0.0322357 -1.35279 2.93218 -0.0238752 0.687653 -3.72346 -0.024458
17.655 -0.0269835 -0.0108629 -0.000838771 -0.107777 0.0923197 -0.00168328 -0.545745 1.07924 0.000869869 -2.04738 2.4054 -0.00219743
17.705 0.0192932 -0.0122728 0.0345401 -0.10672 0.196642 0.0346151 0.483797 -1.52436 0.0257733 -3.31607 5.54913 0.023072
17.755 0.0428967 -0.00830184 0.000423833 -0.0749172 0.211081 -0.000568175 1.3293 -3.10878 -0.00109644 -1.4385 2.70611 0.0114769
17.805 0.0441092 -0.00362556 -0.0314546 -0.0241896 0.128152 -0.0317561 0.986839 -2.61674 -0.0277724 1.90039 -2.91237 -0.0153822
17.855 0.0680373 0.00114867 -0.00250114 0.0755502 -0.0132444 -0.00198194 -0.252146 -0.445537 -0.00269827 3.6582 -5.25007 -0.0144589
17.905 -0.0791629 0.00538578 0.0322556 0.00291929 -0.1486 0.0334958 -1.45715 1.8451 0.0275065 2.09355 -1.69065 0.00335149
17.955 0.0107154 0.00849121 0.00502535 0.138109 -0.216106 0.0060772 -1.73124 2.65323 0.00604364 -0.973618 4.19919 0.00539119
18.005 -0.0672558 0.0100308 -0.0311434 0.0597886 -0.183677 -0.0305784 -0.93542 1.46041 -0.0257847 -2.39826 6.30107 7.15157e-05
18.055 -0.0202055 0.00978099 -0.00814109 0.0631459 -0.0631592 -0.00861429 0.416674 -0.803045 -0.00694638 -1.24809 2.23466 0.0072977
18.105 0.0270596 0.00781527 0.0301288 0.0431409 0.0945832 0.0284853 1.68085 -2.43869 0.0241944 1.34957 -4.13745 0.0101964
18.155 0.0295207 0.00447878 0.00825056 -0.0181613 0.221486 0.00595206 1.58494 -2.2121 0.0077012 2.05357 -6.59099 -0.00799461
18.205 -0.0741453 0.000937823 -0.0285567 -0.14809 0.261979 -0.0292337 0.702387 -0.236547 -0.0228065 0.143308 -2.82802 -0.0197652
18.255 0.0214943 -0.00360034 -0.0108164 -0.047445 0.195664 -0.0113874 -0.518675 2.10031 -0.00853948 -2.48571 3.22481 0.000203943
18.305 0.0194838 -0.00767632 0.0287704 -0.00827864 0.0485628 0.0290771 -1.40471 3.11452 0.0224154 -3.05772 5.46896 0.0214602
18.355 0.0528088 -0.00998327 0.0126212 0.0718386 -0.118683 0.0129116 -0.920502 2.03806 0.00732114 -0.828961 1.85113 0.00682382
18.405 -0.0201135 -0.0114601 -0.0279139 0.0422236 -0.238358 -0.0266612 0.141913 -0.439815 -0.0240238 2.23806 -3.6072 -0.0204397
18.455 -0.0753914 -0.0111582 -0.0139068 -0.00961101 -0.261434 -0.0126716 0.864614 -2.63408 -0.0100758 3.37275 -5.01666 -0.0136634
18.505 0.0415556 -0.00970744 0.0273713 0.0706912 -0.181048 0.0282303 1.08706 -3.0648 0.0248171 1.64887 -0.744515 0.0137401
18.555 -0.0523698 -0.00612865 0.0147623 -0.0814146 -0.032608 0.0144854 0.128976 -1.48331 0.0153111 -1.251 4.87631 0.0158185
18.605 0.00485637 -0.00157229 -0.0255715 -0.0851506 0.118817 -0.0264453 -0.925117 0.958162 -0.0205811 -2.41323 5.97705 -0.00491074
18.655 0.0274206 0.00330941 -0.0166055 -0.0942534 0.208702 -0.0175536 -1.42622 2.5321 -0.0161724 -0.653932 1.19454 -0.010491
18.705 -0.0430457 0.00781951 0.0248106 -0.151139 0.200227 0.0243679 -1.29732 2.16677 0.0165224 1.5279 -4.87257 0.0029682
18.755 0.0347769 0.0113036 0.0172531 -0.0178535 0.099947 0.0176455 0.0425358 0.193004 0.0125243 1.98552 -6.3062 0.00628806
18.805 0.0174048 0.0132721 -0.0236119 0.0415184 -0.0453846 -0.0223024 1.20205 -1.89916 -0.0170341 -0.25271 -1.83848 -0.00338967
18.855 0.0245154 0.0154497 -0.0179528 0.117168 -0.167622 -0.0157193 1.65926 -2.54164 -0.0114541 -2.85158 3.90751 -0.00241186
18.905 -0.0561423 0.0138178 0.0212841 0.0737792 -0.213504 0.0230259 1.10468 -1.21781 0.0209227 -2.99416 5.17729 0.00537958
18.955 0.0276907 0.0104476 0.0202192 0.143313 -0.158887 0.0205884 -0.102501 1.1646 0.0159254 -0.267957 0.937592 -0.00275027
19.005 0.0252792 0.00589257 -0.0201864 0.089459 -0.0254605 -0.0212835 -0.950307 2.90559 -0.0212294 2.85504 -4.15215 -0.0157375
19.055 0.0385049 0.000782973 -0.0199563 0.0351969 0.129964 -0.0219544 -1.02694 2.72876 -0.0213775 3.38419 -4.59948 -0.00220529
19.105 0.0417995 -0.0042243 0.019866 -0.017215 0.240011 0.0174102 -0.0764063 0.694214 0.0142619 1.10367 0.220057 0.0229056
19.155 0.00590143 -0.00868263 0.0221744 -0.0756464 0.255645 0.0204063 0.581554 -1.83402 0.0202549 -1.70424 5.38966 0.0158548
19.205 -0.0548932 -0.0119601 -0.0196568 -0.118173 0.167777 -0.0211795 1.02129 -3.13888 -0.00977844 -2.31892 5.48989 -0.0153249
19.255 -0.0330843 -0.0131954 -0.0230929 -0.0490077 0.011768 -0.0222074 0.483598 -2.35901 -0.0149996 -0.377958 0.163354 -0.0220644
19.305 0.000988165 -0.0130173 0.016223 0.0389834 -0.149534 0.018489 -0.546292 -0.0881876 0.0130068 1.80124 -5.44543 0.00431159
19.355 0.0817792 -0.0111938 0.0226191 0.146798 -0.249767 0.0270836 -1.42871 2.05406 0.0164248 1.70335 -5.88232 0.0196769
19.405 0.0491078 -0.00749035 -0.0164133 0.111805 -0.24891 -0.0137596 -1.50018 2.57531 -0.0156721 -0.73486 -0.877562 0.00371786
19.455 0.0197726 -0.00416474 -0.0234993 0.0408675 -0.151616 -0.0221459 -0.600102 1.16767 -0.0197844 -3.03651 4.43939 -0.011931
19.505 0.0198877 -0.000501278 0.0138502 -0.0219375 0.0002862 0.0124524 0.756239 -1.09307 0.0133128 -2.64456 4.78264 -0.00665261
19.555 -0.05419 0.00371441 0.0258248 -0.146823 0.141066 0.0239118 1.53639 -2.51071 0.0233627 0.279762 0.0752964 -0.00104897
19.605 0.0109903 0.00689727 -0.0119284 -0.102864 0.210371 -0.0139661 1.48824 -2.00773 -0.00939889 3.0877 -4.55675 -0.00396106
19.655 0.00743134 0.00861398 -0.0254394 -0.0846852 0.180703 -0.0267546 0.576043 0.108089 -0.02298 3.26966 -4.11021 0.00177731
19.705 -0.0225599 0.00864434 0.0108427 -0.0558252 0.0679439 0.0108617 -0.708855 2.34053 0.00535767 0.507828 1.11201 0.0153774
19.755 -0.0572246 0.00701262 0.0260369 -0.0166126 -0.0758512 0.027353 -1.15774 3.08013 0.019055 -2.07099 5.77096 0.0106686
19.805 -0.0188675 0.00397223 -0.00910319 0.0820009 -0.185272 -0.00700445 -0.743889 1.74146 -0.00590923 -2.19936 4.94623 -0.011789
19.855 -0.0184721 -1.95635e-05 -0.0262536 0.105908 -0.210071 -0.0243102 0.131755 -0.801838 -0.0177545 0.0451406 -0.79277 -0.0164374
19.905 0.0260312 0.000866112 0.00792758 0.129379 -0.131373 0.00900765 1.02258 -2.82524 0.00845759 2.0909 -5.89693 0.00536209
19.955 -0.00411139 -0.00212698 0.0259332 0.0438866 0.010403 0.0253411 0.989259 -2.96128 0.0206312 1.47948 -5.41603 0.0167442
20.005 -0.00176637 -0.005155 -0.00698457 -0.0148249 0.159 -0.00937049 0.140684 -1.16528 -0.0075655 -1.12758 0.0175225 -0.00218298
20.055 0.0423904 -0.00742945 -0.0265277 -0.0250947 0.250309 -0.0289757 -1.01514 1.26519 -0.0241504 -3.11908 4.86955 -0.016689
20.105 -0.00310255 -0.00898762 0.00428684 -0.0818491 0.243177 0.00306097 -1.68268 2.6194 0.00374618 -2.33014 4.35528 -0.00260104
20.155 0.00411057 -0.00715704 0.0265372 -0.0510884 0.139092 0.0260153 -1.06673 1.98528 0.0242127 0.743709 -0.725526 0.0116914
20.205 -0.00543027 -0.00475869 -0.00195825 -0.0108277 -0.0224798 -0.000972632 0.0720581 -0.120522 0.00147028 3.2529 -4.87349 0.00194797
20.255 -0.00616774 -0.00141668 -0.0258611 0.0399746 -0.174825 -0.0251853 1.24698 -2.11004 -0.020869 2.91403 -3.58663 -0.00944917
20.305 0.0240762 0.00315859 0.00261405 0.0927171 -0.255367 0.00447157 1.70894 -2.49028 -0.00215688 0.182784 1.95079 -0.000696923
20.355 0.00456612 0.00757085 0.0269617 0.0602826 -0.233411 0.0284817 1.01443 -0.928784 0.0161444 -2.26602 6.0611 0.0113918
20.405 -0.0653103 0.0111316 -0.00040531 -0.0558884 -0.120466 0.000150082 -0.295062 1.48908 -0.00311152 -2.03052 4.35473 0.00523891
20.455 0.0162584 0.0124544 -0.0266545 -0.0350977 0.0332311 -0.0270616 -1.05868 3.03203 -0.0196732 0.401219 -1.71777 -0.0058556
20.505 -0.0461421 0.0110454 -0.00100679 -0.146244 0.160582 -0.00260907 -1.09527 2.56032 0.00336652 2.23945 -6.25749 -0.00227923
20.555 0.019025 0.00975251 0.0253529 -0.0938022 0.210546 0.0238993 -0.149378 0.329566 0.0258421 1.27699 -4.87648 0.00237083
20.605 -0.0202071 0.00675755 0.00291429 -0.104463 0.161959 0.00225501 0.882233 -2.14414 0.00341752 -1.49757 0.903304 -0.00683391
20.655 -0.0702027 0.0025155 -0.0246647 -0.0923205 0.0387772 -0.0243584 1.13745 -3.18783 -0.0237042 -3.3584 5.21274 -0.010503
20.705 -0.0478012 -0.00238145 -0.00440009 0.00224648 -0.102448 -0.00336351 0.457477 -2.11822 -0.00826406 -2.10473 3.83846 0.00741675
20.755 -0.0490214 -0.00118071 0.0248633 0.0553599 -0.191611 0.0260587 -0.811809 0.270168 0.0178726 1.21747 -1.52593 0.0175558
20.805 0.0149934 -0.00296393 0.00559814 0.135618 -0.193656 0.00617329 -1.60178 2.27608 0.00654889 3.48315 -5.08765 -0.00116001
20.855 0.0636198 -0.00617073 -0.0244512 0.156554 -0.103334 -0.0247286 -1.3405 2.51116 -0.0143826 2.75618 -2.95589 -0.0202529
20.905 0.059802 -0.00766314 -0.00736014 0.0942961 0.0443464 -0.00864004 -0.339379 0.868095 -0.00158772 -0.216013 2.79597 -0.00759187
20.955 0.0523332 -0.00727201 0.024084 0.0239798 0.186009 0.0221157 1.05118 -1.40118 0.0189295 -2.39869 6.2267 0.0175086
21.005 -0.0301722 -0.0061351 0.00712934 -0.100347 0.257181 0.00498999 1.73708 -2.58478 0.00338343 -1.80625 3.61776 0.016551
21.055 -0.0471057 -0.0129492 -0.023089 -0.120222 0.219833 -0.0240806 1.32 -1.79214 -0.0235207 0.690903 -2.662 -0.00535474
21.105 0.0309599 -0.00703029 -0.00968438 -0.0121414 0.101995 -0.00967951 0.165684 0.466946 -0.0105785 2.26083 -6.48054 -0.0130745
21.155 0.0597089 -0.00221061 0.0220591 0.0716014 -0.0623486 0.0234494 -0.897153 2.58406 0.0195606 0.982766 -4.17229 -0.0025644
21.205 0.079018 0.00205378 0.010395 0.137835 -0.203022 0.0125867 -1.1021 3.02467 0.0126654 -1.90149 1.81286 0.00124618
21.255 0.103064 0.00521285 -0.0209831 0.178649 -0.26277 -0.0190144 -0.460075 1.40399 -0.0143555 -3.30328 5.41315 -0.0021487
21.305 0.0391529 0.00645708 -0.0120323 0.092539 -0.219036 -0.0113153 0.444187 -1.18644 -0.00937645 -1.7319 3.15238 0.00376832
21.355 -0.0789531 0.00758877 0.0217598 -0.077084 -0.0918484 0.0225297 1.00667 -2.98462 0.0150816 1.58879 -2.33704 0.00864871
21.405 -0.0542323 0.00585602 0.0133119 -0.117223 0.0627894 0.0124142 0.695115 -2.79889 0.00824646 3.58943 -5.14031 -0.00280089
21.455 0.0257594 0.00537378 -0.0205374 -0.0819543 0.18068 -0.0221431 -0.358326 -0.793968 -0.0158991 2.44012 -2.15245 -0.0139851
21.505 0.0300314 0.00262745 -0.0144124 -0.0805655 0.210329 -0.0151361 -1.265 1.57965 -0.00967575 -0.661144 3.62756 -0.00198372
21.555 0.0450015 0.00241727 0.0188887 -0.0297563 0.145457 0.0188832 -1.44936 2.65331 0.0165483 -2.57919 6.20304 0.0164172
21.605 -0.0177015 0.000836806 0.0141264 -0.0304699 0.0152761 0.0144561 -0.821526 1.71832 0.0126117 -1.4858 2.70852 0.010128
21.655 -0.0619935 -0.00241187 -0.0178835 -0.00159682 -0.120506 -0.0164798 0.218966 -0.480204 -0.0152701 0.974967 -3.57165 -0.0136
21.705 -0.0687852 -0.00423405 -0.0157211 0.0383432 -0.19739 -0.0141386 1.33401 -2.28019 -0.0148179 2.14955 -6.49737 -0.0144984
21.755 -0.0530731 -0.00433116 0.0165646 0.0594374 -0.179334 0.0174037 1.50222 -2.34904 0.0122765 0.576504 -3.29783 0.00871742
21.805 -0.037716 -0.00602694 0.0171926 0.0403796 -0.0746002 0.016791 0.785976 -0.564012 0.0149841 -2.231 2.68048 0.0147181
21.855 0.0322565 -0.0153807 -0.0145257 0.050095 0.0637076 -0.0181278 -0.218449 1.81346 -0.0115406 -3.16336 5.39849 -0.00285739
21.905 -0.0254585 -0.0121086 -0.0171773 -0.0608755 0.18989 -0.0232418 -0.945547 3.0732 -0.0135084 -1.17987 2.32119 -0.0126023
21.955 -0.0149127 -0.00824522 0.0152913 -0.0873757 0.242819 0.0115859 -0.810398 2.27531 0.0100557 2.10732 -3.085 -0.00355149
22.005 -0.0354113 -0.00410782 0.0193636 -0.103337 0.192576 0.0174285 -0.0470904 -0.0802155 0.0122852 3.54883 -4.98879 0.00523534
22.055 -0.0161543 0.00416502 -0.0136471 -0.0435421 0.0620831 -0.0135869 0.814331 -2.40459 -0.0104071 1.96897 -1.23887 0.00379171
22.105 0.0248256 0.0140385 -0.0185794 0.0541288 -0.0919701 -0.0174603 1.09719 -3.12442 -0.0131227 -0.99478 4.36722 0.00314494
22.155 -0.0106996 0.0150063 0.0119554 0.0513885 -0.21703 0.0142828 0.287493 -1.77838 0.01329 -2.50022 5.98174 0.00470457
22.205 0.0333932 0.0139435 0.0188239 0.10165 -0.253477 0.0215309 -0.676624 0.639522 0.0174003 -1.10888 1.71599 -0.00229733
22.255 -0.00734149 0.011201 -0.0111505 0.0312968 -0.188497 -0.00925806 -1.49209 2.40447 -0.00931247 1.25442 -4.36499 -0.0150889
22.305 0.0271503 0.00715684 -0.0193751 0.0100156 -0.051935 -0.0187483 -1.35593 2.33026 -0.0194482 1.99153 -6.32939 -0.00648208
22.355 0.000194121 0.00236143 0.00920126 -0.0755634 0.0968391 0.00861 -0.360772 0.513746 0.00465135 0.179042 -2.37346 0.0178991
22.405 0.00942371 -0.00252928 0.0192886 -0.102029 0.19449 0.0179063 0.914466 -1.65748 0.0161873 -2.49832 3.41312 0.0180198
22.455 0.053623 -0.00688408 -0.00791476 -0.0537521 0.200848 -0.009205 1.75045 -2.55834 -0.00437362 -2.92168 5.22818 -0.00929969
22.505 0.0413029 -0.0100792 -0.020908 -0.0216544 0.116036 -0.0214802 1.33736 -1.48334 -0.0124357 -0.669779 1.47613 -0.0230608
22.555 0.0367171 -0.00983298 0.00713613 0.0415785 -0.0187103 0.00766941 0.179324 0.836494 0.00740394 2.36092 -3.67985 -0.0052234
22.605 -0.0327597 -0.00658205 0.0213383 0.0371826 -0.140429 0.0228609 -0.940659 2.74381 0.0151836 3.34632 -4.69769 0.0144182
22.655 -0.0146425 -0.00486476 -0.00628578 0.0948759 -0.197736 -0.00473361 -1.38458 2.86124 -0.00833727 1.39092 -0.343096 0.0113624
22.705 -0.0217686 -0.00238526 -0.0206054 0.0885296 -0.161593 -0.0199444 -0.671638 1.02685 -0.0197266 -1.37687 4.94005 -0.00228454
22.755 0.0160467 -0.00827076 0.005572 0.087257 -0.0516848 0.00525446 0.488575 -1.52936 0.0043531 -2.35931 5.62564 -0.00498879
22.805 0.0161059 -0.00390121 0.0198178 0.0273917 0.0980103 0.0181582 1.19692 -3.06914 0.0199794 -0.714115 0.7588 -0.0016624
22.855 -0.00646267 0.0015768 -0.00695134 -0.0531886 0.215344 -0.00781514 0.862294 -2.56889 0.000501066 1.57316 -5.00419 -0.0049092
22.905 -0.00879178 0.00508511 -0.0208143 -0.0776453 0.245825 -0.0222281 -0.278424 -0.419346 -0.0163546 1.80288 -6.0485 -0.00246751
22.955 -0.00835343 0.00717686 0.00203275 -0.0640157 0.175907 0.00115199 -1.36265 1.82621 -0.000422659 -0.309228 -1.48632 0.0103188
23.005 -0.00267176 0.00759287 0.0201789 -0.0178323 0.0327645 0.0201901 -1.63543 2.61726 0.0134053 -2.67456 4.01544 0.0105361
23.055 0.0114439 0.00632798 -0.000100489 0.044187 -0.125502 0.00124878 -0.77138 1.44351 -0.00274374 -2.72765 4.98006 -0.00757437
23.105 -0.0166205 0.00955885 -0.0209255 0.0477641 -0.228691 -0.0189935 0.558077 -0.785042 -0.0156945 -0.155257 0.691306 -0.0152103
23.155 -0.0158325 0.0114449 0.000657004 0.0479923 -0.238477 0.00243246 1.62764 -2.39553 0.00280949 2.6637 -4.15356 -0.000326118
23.205 0.0272433 0.00732528 0.0209009 0.053576 -0.156543 0.0219802 1.70519 -2.17246 0.0185118 3.22967 -4.34241 0.012311
23.255 0.037323 0.00343114 0.000406313 0.00490598 -0.0137688 0.000459133 0.632917 -0.227659 0.000486281 1.07836 0.480914 0.00303819
23.305 0.0510185 -0.00204818 -0.0206924 -0.0518086 0.127944 -0.0224858 -0.508794 2.06367 -0.0187185 -1.63133 5.38619 -0.0100961
23.355 0.0289113 -0.0033096 -0.00196759 -0.0918603 0.207857 -0.00337588 -1.13779 3.07236 -0.00373494 -2.199 5.20226 -0.00248372
23.405 0.0394744 -0.00334652 0.019334 -0.0638451 0.194333 0.0186934 -0.835268 2.00766 0.0163567 -0.307178 -0.154409 0.0116826
23.455 0.014163 -0.00201038 0.0034396 -0.0371289 0.095594 0.0037832 0.15914 -0.448166 0.00540896 1.69899 -5.52432 0.00503131
23.505 0.00180623 -0.0112151 -0.0192514 0.0180251 -0.0558712 -0.0172658 0.975762 -2.62386 -0.0135113 1.54678 -5.68992 -0.00933318
23.555 -0.0218777 -0.00774615 -0.004896 0.0581661 -0.170556 -0.00297895 0.923883 -3.04937 -0.00381291 -0.758115 -0.622641 -0.006547
23.605 -0.0183911 -0.0145696 0.0194617 0.0940145 -0.218869 0.0204005 0.00195978 -1.47928 0.0128644 -2.97444 4.51932 0.00438726
23.655 -0.0168792 -0.0105149 0.00599413 0.0887479 -0.163394 0.00578416 -1.08254 0.960831 0.000864541 -2.505 4.6462 0.00448933
23.705 -0.0192601 -0.00692956 -0.0191422 0.0402261 -0.0334282 -0.0207397 -1.64929 2.53093 -0.0158803 0.338661 -0.0884229 -0.00132635
23.755 0.000352201 0.00426078 -0.00600775 0.000557624 0.123629 -0.00818199 -1.18499 2.17815 -0.00305981 3.02995 -4.53833 -0.000715483
23.805 -0.00409951 0.0112046 0.0189371 -0.051164 0.229437 0.0171809 0.00424335 0.213369 0.0186436 3.12253 -3.89846 0.00115333
23.855 -0.0166218 0.0102145 0.00683351 -0.0842883 0.239136 0.00496246 1.20945 -1.88575 0.00856986 0.553392 1.31427 -0.00501505
23.905 -0.0162616 0.00767978 -0.0172815 -0.0674458 0.150664 -0.0177199 1.69736 -2.53791 -0.0154959 -1.97025 5.74965 -0.0083991
23.955 -0.0469158 0.00393025 -0.00780825 -0.0555085 -0.000979881 -0.00664519 1.04573 -1.22672 -0.0116514 -2.10431 4.67012 0.00524018
24.005 -0.0243684 -0.0006304 0.0165242 0.0130945 -0.153795 0.0188439 -0.0473788 1.15636 0.00944652 -0.0207691 -1.08334 0.0180014
24.055 -0.0292653 -0.00535748 0.00896399 0.033994 -0.245152 0.011696 -0.972477 2.89571 0.00708831 1.89895 -5.96455 0.0049484
24.105 -0.0409274 -0.00963095 -0.0163481 0.0135415 -0.238594 -0.0141667 -1.13535 2.72385 -0.00972447 1.31399 -5.20336 -0.0167532
24.155 -0.0438601 -0.0128704 -0.0105804 -0.0312884 -0.139153 -0.00959588 -0.310056 0.686136 -0.0031408 -1.19194 0.290188 -0.0133658
24.205 -0.0356423 -0.00306028 0.0155777 -0.0808274 0.0199475 0.0151635 0.665436 -1.85085 0.0152648 -3.0131 4.93602 0.00724171
24.255 0.0173804 0.00205065 0.0115876 -0.0755625 0.158674 0.0104835 1.14961 -3.14704 0.00690104 -2.0733 4.17589 0.0126932
24.305 0.0153001 0.00361025 -0.0146911 -0.0958678 0.220135 -0.0162585 0.706195 -2.36511 -0.0170357 0.966236 -0.932287 -0.000230935
24.355 0.0148946 0.00650546 -0.0116319 -0.0736703 0.186028 -0.0126875 -0.409556 -0.0810856 -0.0138588 3.28127 -4.8333 -0.00858919
24.405 0.0120557 0.010278 0.014576 -0.0190057 0.0738442 0.0145967 -1.33831 2.05328 0.0112924 2.77862 -3.30307 -0.00294786
24.455 -0.000439265 0.0145703 0.0114605 0.0395847 -0.0643688 0.0125797 -1.54067 2.58879 0.0141351 -0.0152882 2.20586 0.00273625
24.505 -0.0164201 0.0186293 -0.0139317 0.0811634 -0.165591 -0.0122644 -0.718356 1.17508 -0.00555131 -2.23075 5.98279 0.00082951
24.555 0.0177467 0.0218729 -0.0127343 0.137978 -0.183084 -0.0112256 0.70859 -1.08818 -0.0079783 -1.85781 3.97282 0.00258859
24.605 0.0352698 0.0238344 0.0117329 0.136296 -0.107002 0.0123188 1.62028 -2.50028 0.0083334 0.470612 -2.07365 0.00731088
24.655 0.0280134 0.0242842 0.0130912 0.0780398 0.0312196 0.0122797 1.56084 -1.99092 0.00626873 2.02779 -6.25499 -0.000207639
24.705 -0.0174331 0.0232371 -0.010766 -0.027778 0.172328 -0.0126323 0.552544 0.120235 -0.0132779 0.975074 -4.52157 -0.0114121
24.755 -0.0177465 0.0207937 -0.013837 -0.0727856 0.254684 -0.01626 -0.676929 2.34732 -0.0114976 -1.64511 1.2455 -0.00426655
24.805 0.00455596 -0.0143956 0.0101961 -0.0637952 0.216558 0.00741813 -1.27524 3.06831 0.0118623 -3.06087 5.20831 0.0103693
24.855 0.0229442 -0.0158706 0.01517 -0.0223242 0.107873 0.0140135 -0.866389 1.70232 0.0153694 -1.71902 3.52326 0.00638902
24.905 0.0402031 -0.0186705 -0.0103984 0.0388716 -0.0492238 -0.0100639 0.233048 -0.834051 -0.00659872 1.43653 -1.78898 -0.011178
24.955 0.0336317 -0.0215502 -0.0151081 0.0740829 -0.191484 -0.0133399 1.01613 -2.82172 -0.0136423 3.3522 -4.97219 -0.0133778
25.005 0.00699549 -0.0320824 0.0102018 0.0653212 -0.270061 0.0132845 0.951726 -2.92478 0.00408762 2.35531 -2.54182 0.00608166
25.055 0.0101799 -0.0320994 0.0147612 0.054852 -0.2415 0.0171197 0.028642 -1.1381 0.0109169 -0.484762 3.08373 0.0181552
25.105 0.0081877 -0.0312379 -0.00797385 0.00646756 -0.127992 -0.00676478 -1.16596 1.28576 -0.00586613 -2.37963 6.0735 0.00554983
25.155 0.00612477 -0.0224057 -0.015259 -0.0541937 0.0280999 -0.0151452 -1.69564 2.61328 -0.0104162 -1.49634 3.10999 -0.0104092
25.205 0.032025 -0.00496769 0.0067739 -0.069534 0.160358 0.00582634 -1.12847 1.95318 0.00753012 0.863893 -3.02725 -0.00822539
25.255 0.00330487 0.00574565 0.0155064 -0.106236 0.207073 0.0141789 0.21202 -0.147652 0.0126391 2.04649 -6.38274 0.000466564
25.305 -0.0269718 0.00986636 -0.00549583 -0.111494 0.153424 -0.00748984 1.46092 -2.10456 -0.00664346 0.604242 -3.72259 0.00300258
25.355 -0.0268791 0.0131989 -0.0157711 -0.0452126 0.0328879 -0.0165127 1.71872 -2.46879 -0.0144487 -2.01144 2.14387 0.00479714
25.405 -0.0167401 0.0155299 0.00544924 0.0350972 -0.0998044 0.00587425 0.978251 -0.901468 0.00455572 -3.03568 5.30387 0.00496209
25.455 -0.016512 0.0165499 0.0172534 0.0853123 -0.184062 0.0180866 -0.276132 1.51316 0.0141082 -1.24941 2.75538 -0.00439184
25.505 -0.0164915 0.0153901 -0.0042494 0.0995162 -0.182234 -0.00389963 -1.12214 2.99671 -0.0022444 1.85348 -2.56507 -0.0159537
25.555 0.0150288 0.00578376 -0.0157713 0.104908 -0.0976216 -0.0161412 -1.00142 2.48388 -0.014228 3.3995 -4.92448 -0.00882047
25.605 0.0201455 0.00180893 0.00352469 0.0535154 0.0443121 0.00210713 -0.134687 0.271613 0.000356599 1.97731 -1.7119 0.0143686
25.655 -0.00547216 -0.00245965 0.0157244 -0.0297173 0.175394 0.0136321 0.79534 -2.14247 0.0115852 -0.882816 3.84532 0.0228118
25.705 -0.00563853 -0.00686751 -0.00317816 -0.0672558 0.238455 -0.005214 1.01148 -3.13695 -0.00149433 -2.37172 5.94695 0.00212907
25.755 0.0209673 -0.0109774 -0.0168562 -0.0444926 0.204448 -0.017986 0.462113 -2.05175 -0.0104251 -1.14728 2.221 -0.0181434
25.805 0.0459336 -0.0142327 0.00083324 0.00879319 0.0852765 0.0011306 -0.641424 0.309673 0.00425686 1.21638 -3.83437 -0.011019
25.855 0.0245061 -0.0161008 0.0159908 0.0323068 -0.070991 0.0177219 -1.47478 2.26949 0.0144583 1.96144 -6.31957 0.00641515
25.905 -0.0326534 -0.0103525 -0.000180637 0.0133753 -0.194774 0.00239419 -1.39521 2.45168 -0.00231983 0.187808 -2.896 0.00882388
25.955 -0.0207727 -0.00761054 -0.0146338 0.0263098 -0.241775 -0.0141235 -0.414368 0.82877 -0.0163099 -2.38309 2.90501 0.000157546
26.005 -0.0479178 -0.0039754 -0.000152577 -0.0108283 -0.194648 0.000430107 0.803988 -1.3843 -0.0029239 -2.96808 5.25292 -0.00383956
26.055 -0.00302713 0.00177395 0.0161083 -0.0084565 -0.0661563 0.015841 1.56941 -2.52661 0.0140218 -0.801843 2.03324 -0.00408261
26.105 -0.0206214 0.0162616 0.00128708 -0.0784416 0.0881798 -0.00052706 1.34498 -1.71692 0.00359409 2.2744 -3.17938 -0.00527123
26.155 -0.00353825 0.0205517 -0.0162875 -0.0935462 0.192595 -0.0181525 0.328089 0.519158 -0.0100388 3.36365 -4.75945 -0.00259917
26.205 -0.00184361 0.0217063 -0.00192888 -0.0994455 0.212625 -0.00328672 -0.708267 2.55533 -0.00188085 1.60535 -0.921271 0.00826395
26.255 -0.0248624 0.0176293 0.0155735 -0.0878795 0.136883 0.0150391 -1.14325 2.92073 0.00940969 -1.2063 4.43799 0.0124311
26.305 -0.0477681 0.0149795 0.00413773 -0.0450898 0.00750933 0.00365716 -0.640805 1.33762 -0.00110195 -2.361 5.70638 -4.10561e-05
26.355 -0.0308695 0.0148781 -0.0147074 0.0332436 -0.120181 -0.0136771 0.30846 -1.21161 -0.0141843 -0.85168 1.33725 -0.0103737
26.405 -0.0137135 0.00682811 -0.00373575 0.0927513 -0.196013 -0.00209706 1.03616 -2.95879 -0.00113111 1.40767 -4.5036 -0.0022299
26.455 0.0371091 -0.00508237 0.0155465 0.14375 -0.180954 0.0172378 0.89814 -2.75304 0.0156508 1.82293 -6.15234 0.00781567
26.505 0.0402458 -0.00899004 0.00420396 0.115463 -0.0753982 0.0039989 -0.0462887 -0.76227 0.00636198 -0.150653 -2.07196 0.000482354
26.555 0.0128476 -0.0128029 -0.0149216 0.0319211 0.0690457 -0.0167571 -1.22188 1.56443 -0.0112719 -2.59376 3.53821 -0.0108575
26.605 0.0502352 -0.0159639 -0.00541313 0.0137227 0.190038 -0.00823437 -1.59031 2.62179 -0.00671867 -2.79308 5.09813 -0.00573373
26.655 0.0235955 -0.0179764 0.0145695 -0.0448424 0.234253 0.0117341 -1.00122 1.69353 0.00899119 -0.309234 1.2931 0.00773298
26.705 0.0198165 -0.0185433 0.00625414 -0.0454873 0.180421 0.00448837 0.328692 -0.46561 0.00468972 2.57332 -3.69512 0.0083209
26.755 0.0310923 -0.0176842 -0.0135974 -0.000562637 0.0487142 -0.0137509 1.49413 -2.2511 -0.009375 3.32509 -4.50062 -0.00354467
26.805 0.0264734 -0.0153721 -0.00637588 0.0409735 -0.107295 -0.0046427 1.67993 -2.30565 -0.00392942 1.21698 -0.132926 -0.00656381
26.855 0.0213246 -0.013947 0.0125854 0.0708698 -0.225258 0.0153971 0.881349 -0.544121 0.0105567 -1.54113 4.92823 0.00200082
26.905 -0.00295988 -0.00537456 0.00639856 0.0512088 -0.249701 0.00924122 -0.385 1.7896 0.00441846 -2.30515 5.37572 0.00523463
26.955 -0.0177643 -0.00064535 -0.0127148 0.0114882 -0.182896 -0.0105425 -1.23642 3.02722 -0.0128951 -0.589506 0.474383 0.00194691
27.005 -0.00789108 0.0122951 -0.00864478 -0.0281352 -0.0404771 -0.00790747 -1.03901 2.25268 -0.00714977 1.58336 -5.08408 0.00185667
27.055 -0.0259063 0.021966 0.0123675 -0.0972108 0.108667 0.0117107 -0.10573 -0.0765803 0.0114256 1.65689 -5.86205 0.00137735
27.105 -0.015878 0.0227623 0.00968745 -0.1175 0.198873 0.00812179 0.840664 -2.39505 0.0102085 -0.556402 -1.2174 -0.00713593
27.155 -0.0261649 0.0220528 -0.01094 -0.120823 0.199639 -0.0125914 1.06377 -3.10185 -0.00779302 -2.77901 4.1118 -0.0117431
27.205 -0.0202678 0.0199196 -0.00888823 -0.071417 0.113587 -0.00986329 0.258407 -1.78517 -0.00892821 -2.60262 4.8359 -0.000823094
27.255 -0.0264917 0.0166335 0.0113262 -0.0133979 -0.0186668 0.0113861 -0.842262 0.629417 0.00583474 0.151898 0.492654 0.0134743
27.305 -0.0129303 0.0124863 0.0097243 0.0606529 -0.13663 0.0106644 -1.6115 2.40007 0.00616236 2.90563 -4.18165 0.00926222
27.355 -0.0223557 0.00801439 -0.0104389 0.0849505 -0.186184 -0.00919461 -1.31329 2.32983 -0.00709079 3.16834 -4.11609 -0.00807888
27.405 -0.0197273 0.00380714 -0.0103736 0.0825623 -0.143368 -0.00956408 -0.155695 0.529014 -0.00481075 0.768279 0.731912 -0.0111565
27.455 -0.000527516 0.000378225 0.00918834 0.0619268 -0.0250065 0.00901186 1.10453 -1.62772 0.0109694 -1.84243 5.39047 0.00374484
27.505 -0.00531991 -0.00173782 0.0107503 0.000404162 0.118581 0.00941635 1.6964 -2.53329 0.00839524 -2.16488 4.91675 0.0114176
27.555 -0.0306988 -0.0140225 -0.00951835 -0.0797634 0.210476 -0.0120287 1.2563 -1.47415 -0.011096 -0.251388 -0.501329 0.00193059
27.605 0.00564 -0.029224 -0.0122548 -0.0562573 0.217931 -0.0136548 0.177006 0.821688 -0.0143797 1.80568 -5.60769 -0.00622335
27.655 0.00214539 -0.0275865 0.00783557 -0.0491234 0.144908 0.00694303 -0.874806 2.71744 0.00386361 1.50988 -5.4325 -0.00360222
27.705 0.00982776 -0.0239438 0.0114839 -0.00505581 0.00385031 0.011556 -1.08696 2.8446 0.0113122 -0.899075 -0.285652 0.000119161
27.755 -0.0078167 -0.0195956 -0.00728039 0.0213498 -0.14689 -0.00595127 -0.413751 1.02872 -0.000829257 -2.91516 4.6062 -0.000584125
27.805 0.00910987 -0.0152745 -0.0116506 0.0673505 -0.245451 -0.0095273 0.54268 -1.54364 -0.00487802 -2.28725 4.41625 3.54671e-05
27.855 0.0242785 -0.0116696 0.00743983 0.0810081 -0.252525 0.00962495 1.09077 -3.07469 0.00584881 0.677226 -0.374819 0.00290148
27.905 0.00525395 -0.00922001 0.0124051 0.0284853 -0.167467 0.0139265 0.698754 -2.56979 0.00607543 3.1347 -4.54978 -5.67265e-05
27.955 0.00807736 -0.00808706 -0.00592798 -0.0207646 -0.0281761 -0.00548045 -0.31526 -0.43108 -0.00971006 2.89988 -3.57824 -0.00577144
28.005 0.00509902 -0.00853984 -0.0123783 -0.0719917 0.105076 -0.0129005 -1.33464 1.83277 -0.0120959 0.276319 1.65472 -0.000776699
28.055 0.0016009 -0.0104103 0.00487019 -0.0982886 0.176077 0.00392454 -1.62775 2.62101 0.00661596 -2.1498 5.72674 0.0111324
28.105 0.0125743 -0.0133503 0.0115342 -0.0731824 0.156507 0.0107625 -0.791631 1.45195 0.0153026 -2.00196 4.28423 0.00839791
28.155 0.0327692 -0.0144943 -0.00507938 -0.00639331 0.0596904 -0.00503486 0.472381 -0.78127 0.000178039 0.200086 -1.52197 -0.00952453
28.205 0.0328868 -0.0118705 -0.013068 0.0578579 -0.0636928 -0.012239 1.51079 -2.3784 -0.0103131 1.93294 -6.01222 -0.0157354
28.255 0.049435 0.001187 0.00370975 0.127075 -0.158026 0.00519568 1.60062 -2.15944 -0.00131596 1.20685 -4.84418 0.000541946
28.305 0.032837 0.00696799 0.013411 0.129896 -0.170373 0.0146192 0.67968 -0.225519 0.00549443 -1.36661 0.688517 0.0150844
28.355 0.00229731 0.0117583 -0.00359519 0.0856605 -0.108483 -0.00401177 -0.54102 2.06603 -0.00415656 -3.05167 4.98609 0.00867658
28.405 -0.000418064 0.0134701 -0.0116984 0.0448615 0.0167965 -0.0127868 -1.22754 3.05068 -0.00774548 -1.97415 3.84688 -0.00704191
28.455 -0.00177452 0.0152661 0.00274394 -0.00933048 0.155419 0.000355081 -0.935593 1.97541 0.00548128 1.11936 -1.24151 -0.0118356
28.505 -0.0044944 0.0180339 0.0130721 -0.0552488 0.245822 0.0100636 0.0427603 -0.474236 0.013807 3.30674 -4.77183 -0.00466187
28.555 -0.030844 0.0216219 -0.00173846 -0.0966666 0.2474 -0.00434665 0.889766 -2.62709 -0.00131965 2.58845 -2.90849 0.00385467
28.605 -0.0304208 0.0254667 -0.0127365 -0.0784739 0.157128 -0.0140442 1.0566 -3.02535 -0.0133947 -0.168348 2.52701 0.00916913
28.655 -0.00537391 0.0289909 0.000806863 -0.0132337 0.010849 0.00130789 0.245182 -1.45128 -0.00184588 -2.22018 5.88445 0.0103905
28.705 -0.0183687 0.0316001 0.0129892 0.0159885 -0.131942 0.0151104 -0.943309 0.974963 0.00996115 -1.69426 3.5223 0.000498024
28.755 -0.0346335 0.0328613 0.000260527 0.0228248 -0.213179 0.00316325 -1.58813 2.5279 0.00176103 0.547922 -2.44797 -0.0149458
28.805 -0.0194005 0.032661 -0.012461 0.0295528 -0.200695 -0.00984035 -1.17827 2.15645 -0.00822616 1.9934 -6.21399 -0.0138194
28.855 0.000115204 0.0102867 -0.000517654 0.00883987 -0.122777 0.000918583 0.0225977 0.203881 -0.000135772 0.910355 -4.13935 0.00635997
28.905 0.0204887 -0.0154899 0.0128621 -0.0193804 -0.00628743 0.0131355 1.29505 -1.87223 0.0086899 -1.71621 1.56551 0.018687
28.955 0.0220189 -0.021754 0.000885288 -0.0707303 0.117268 -0.000541575 1.80333 -2.49626 -0.00117404 -3.07335 5.17124 0.0065065
29.005 -0.00950365 -0.0259814 -0.012689 -0.11358 0.171075 -0.0146026 1.13961 -1.1763 -0.0105935 -1.5743 3.20729 -0.012873
29.055 -0.0157922 -0.0299254 -0.00187355 -0.0961958 0.134096 -0.00330601 -0.120801 1.19982 -0.000256268 1.54883 -1.98851 -0.013538
29.105 -0.00703435 -0.0321348 0.0121636 -0.0355131 0.0260233 0.0119104 -1.06919 2.87552 0.0121891 3.43861 -4.81746 0.00131039
29.155 -0.00488645 -0.0343738 0.00227251 0.032175 -0.104172 0.00327115 -1.10219 2.65734 0.00319272 2.30905 -2.17751 0.00878419
29.205 0.00882072 -0.0350438 -0.012196 0.0966494 -0.196617 -0.0104612 -0.288631 0.614597 -0.0108545 -0.546756 3.26304 0.00429791
29.255 0.0209322 -0.0331832 -0.00367876 0.135 -0.204079 -0.001927 0.702958 -1.88331 -0.00499157 -2.3149 5.8533 0.000436509
29.305 0.0209759 0.00411349 0.0105818 0.110823 -0.0926117 0.011367 1.11188 -3.13319 0.00825314 -1.48742 2.70606 -0.000799751
29.355 0.00447374 0.016234 0.00405925 0.0471105 0.0474647 0.00296908 0.551836 -2.31378 0.0042311 0.796149 -3.26721 -0.00432669
29.405 -0.0105763 0.0206002 -0.0111226 -0.0230425 0.180128 -0.0134182 -0.669149 -0.0472017 -0.00647908 1.89607 -6.24124 -0.00452454
29.455 0.00779097 0.0243977 -0.00461287 -0.0429354 0.254085 -0.00753773 -1.53724 2.03975 -0.00137227 0.500618 -3.40173 0.00321794
29.505 -0.00894124 0.0248318 0.0119314 -0.0593966 0.227643 0.00978022 -1.54457 2.53585 0.00839074 -2.06116 2.31787 0.00717365
29.555 0.00574832 0.0110272 0.0060001 -0.0296765 0.111967 0.00479395 -0.599288 1.13078 0.000754547 -3.01457 5.18768 -0.000523656
29.605 -0.0246729 -0.00890739 -0.010462 -0.0145366 -0.0598525 -0.010863 0.802537 -1.10145 -0.0119858 -1.1081 2.53149 -0.00794261
29.655 -0.0192852 -0.0088972 -0.00503993 0.0242956 -0.194335 -0.00331108 1.64572 -2.46554 -0.00578434 1.97979 -2.60899 -0.00210947
29.705 -0.0134173 -0.0104438 0.0102484 0.0448908 -0.257182 0.012908 1.48384 -1.90826 0.0101649 3.49493 -4.7248 0.00767867
29.755 -0.0234844 -0.0130465 0.00561725 0.0184081 -0.224147 0.00806264 0.478298 0.182811 0.00878534 1.97217 -1.44613 0.00392981
29.805 -0.0311926 -0.0163652 -0.0100459 -0.0328913 -0.111494 -0.00865263 -0.644039 2.33291 -0.00557098 -0.951888 3.89941 -0.00756833
29.855 -0.0289445 -0.0198542 -0.00690487 -0.083807 0.0314158 -0.00686919 -1.13149 3.00728 -0.00580895 -2.40725 5.70943 -0.0062421
29.905 -0.0193389 -0.00584116 0.00962758 -0.114826 0.162213 0.00862297 -0.739582 1.65645 0.00468973 -1.23596 1.9017 0.00630335
29.955 -0.00330749 0.0150109 0.00743601 -0.10929 0.219202 0.00621457 0.250106 -0.872095 0.00311651 1.08384 -3.96544 0.00968576
30.005 0.0252818 0.0132663 -0.0104428 -0.0576031 0.164499 -0.0127321 0.997831 -2.80125 -0.00753453 1.88356 -6.15867 -0.000311733
30.055 0.02174 0.0144926 -0.0070451 0.0061684 0.0443021 -0.00753538 0.942525 -2.88666 -0.00385901 0.206141 -2.62491 -0.00712903
30.105 0.023353 0.0165672 0.00805967 0.0717574 -0.0829583 0.00848393 0.0651257 -1.10578 0.00910332 -2.2215 3.02016 -0.00465186
30.155 0.0143671 0.0194379 0.00843553 0.106922 -0.159909 0.00921397 -1.04755 1.28774 0.0078883 -2.8109 5.12817 -0.000666783
30.205 0.0150424 0.023076 -0.0077087 0.118043 -0.150749 -0.00735085 -1.5405 2.58856 -0.00754054 -0.653726 1.81182 0.00133614
30.255 0.00136631 0.0269524 -0.00807237 0.0790509 -0.0576251 -0.00860255 -1.07896 1.93304 -0.00894727 2.29501 -3.20616 0.00362681
30.305 0.00545493 0.0303303 0.00787512 0.0341757 0.0801125 0.00639773 0.132339 -0.163747 0.00433254 3.32591 -4.54867 0.00496456
30.355 0.0151803 0.03285 0.00865618 -0.0073736 0.203127 0.00655699 1.29224 -2.0781 0.00758215 1.53183 -0.65625 -0.00131459
30.405 0.00860274 0.0342249 -0.00675715 -0.0462775 0.257364 -0.00882409 1.59147 -2.40121 -0.00346996 -1.31778 4.47419 -0.00869858
30.455 0.0434267 0.0191714 -0.00792154 -0.0161755 0.201382 -0.00856288 0.990202 -0.85712 -0.00596688 -2.3744 5.44349 -0.00309621
30.505 0.0456847 0.0144707 0.00522502 0.0123227 0.0843701 0.00549419 -0.198004 1.48623 0.00483661 -0.907199 0.998924 0.00983477
30.555 0.0521773 -0.0103271 0.00946305 0.0593221 -0.0823202 0.011285 -1.07178 2.94361 0.00583328 1.34904 -4.65056 0.00958987
30.605 0.0350251 -0.0134117 -0.0055751 0.0799028 -0.204983 -0.00311499 -1.06822 2.43851 -0.00552526 1.78245 -5.966 -0.00457673
30.655 0.0178628 -0.0340624 -0.00941776 0.0786823 -0.263702 -0.00645354 -0.25911 0.252042 -0.00701973 -0.189198 -1.75625 -0.0103154
30.705 0.0202135 -0.0349064 0.0051774 0.0535904 -0.213962 0.00706644 0.742273 -2.13964 0.00613639 -2.50484 3.68726 -0.00167102
30.755 -0.0042877 -0.0370395 0.0107301 -0.0219401 -0.0936862 0.01083 1.04101 -3.09562 0.00931352 -2.70291 4.97003 0.00568784
30.805 -0.0044849 -0.0401469 -0.00434601 -0.0734554 0.0463819 -0.00536289 0.471432 -2.03502 -0.00441489 -0.236077 1.0239 0.00123802
30.855 0.00691514 -0.0413847 -0.00995685 -0.091561 0.143083 -0.0115594 -0.684597 0.303648 -0.0107589 2.64842 -3.76153 -0.0050726
30.905 -7.49729e-05 -0.040729 0.00363976 -0.0952052 0.157016 0.00225284 -1.51721 2.24956 0.000225294 3.23686 -4.26605 -0.00219432
30.955 0.00737388 -0.0385129 0.00913257 -0.0501152 0.0852531 0.00864548 -1.416 2.43924 0.00764744 1.10447 0.203496 0.00397335
31.005 -0.0268144 -0.0174463 -0.00401038 -0.0155846 -0.0274944 -0.00297987 -0.376233 0.830156 0.000190399 -1.60973 5.02569 0.0043152
31.055 -0.0313591 -0.0161087 -0.0104296 0.0327584 -0.143249 -0.00890661 0.936667 -1.35923 -0.00429296 -2.27553 5.06139 0.00212719
31.105 -0.0261083 -0.0132532 0.00265001 0.0741283 -0.200795 0.00418767 1.69838 -2.47633 0.00435136 -0.491872 0.0197369 0.00116699
31.155 -0.0304551 -0.0100184 0.0103489 0.0729124 -0.172153 0.0110623 1.42071 -1.73026 0.0063096 1.5882 -5.2642 -0.00288195
31.205 -0.00749382 0.00514398 -0.00213263 0.0606806 -0.0402286 -0.00254244 0.349262 0.486853 -0.00603914 1.61341 -5.61336 -0.00769207
31.255 -0.0275584 0.0273325 -0.00988335 -0.00987897 0.10872 -0.0118206 -0.809148 2.51831 -0.0117534 -0.603709 -0.80299 -0.00226538
31.305 -0.0168874 0.0386905 0.00162629 -0.0488656 0.226287 -0.00114303 -1.18849 2.91865 0.00146906 -2.7645 4.28986 0.00897322
31.355 -0.0116442 0.0396363 0.0101597 -0.0711279 0.261219 0.00763314 -0.624309 1.33142 0.0122309 -2.43831 4.62939 0.00805501
31.405 0.00900265 0.0364394 -0.00117505 -0.0466212 0.203726 -0.00259568 0.370825 -1.20242 0.00421921 0.30572 0.151825 -0.00769128
31.455 0.0203835 0.0294182 -0.0101716 0.0016981 0.0710001 -0.00976014 1.04614 -2.95983 -0.00622589 2.96384 -4.24009 -0.0162816
31.505 0.019588 0.0258437 0.000533216 0.0397197 -0.0766 0.00260773 0.823567 -2.75409 -0.0023355 3.06538 -3.83879 -0.00302841
31.555 0.0149197 0.0130959 0.00972498 0.0593794 -0.190959 0.0128905 -0.170377 -0.774135 0.00281945 0.609856 1.09103 0.0155298
31.605 0.0135782 -0.00609362 -1.86952e-05 0.0609671 -0.231825 0.00363254 -1.25018 1.5629 -0.00396939 -1.92528 5.43201 0.0157679
31.655 -0.0124847 -0.0229476 -0.0101133 0.00643676 -0.176082 -0.00735699 -1.57029 2.60782 -0.007804 -2.14422 4.54024 0.000496748
31.705 -0.0296535 -0.0312748 -0.000919232 -0.0567619 -0.0544217 -0.000196509 -0.954323 1.71341 0.00372366 -0.119491 -0.933012 -0.0105961
31.755 -0.0189724 -0.0291061 0.009455 -0.0929222 0.0785171 0.00866267 0.345237 -0.413394 0.0128884 1.74548 -5.71429 -0.0101424
31.805 -0.00676632 -0.0259775 0.00118641 -0.105903 0.159498 -0.000671394 1.45102 -2.1902 0.00295404 1.33622 -5.11562 -0.00312611
31.855 0.00538594 -0.0123669 -0.00953662 -0.0848391 0.165621 -0.0116267 1.67622 -2.28694 -0.0102398 -1.02759 0.141625 0.00568644
31.905 0.0186429 -0.00106993 -0.00129174 -0.029221 0.0880327 -0.00271031 0.828943 -0.555017 -0.00600927 -2.89074 4.71949 0.0100216
31.955 0.0253767 0.0130949 0.0102421 0.0385223 -0.0273688 0.00996225 -0.364607 1.78985 0.00442 -2.07122 4.1524 0.00261283
32.005 0.0153192 0.032208 0.00180546 0.0844205 -0.119087 0.0031835 -1.14009 2.99075 0.00230803 0.81892 -0.685329 -0.0117076
32.055 0.0095157 0.0342213 -0.00914872 0.110648 -0.162045 -0.00769224 -0.993748 2.21352 -0.0039964 3.15229 -4.53467 -0.0143721
32.105 -0.00114604 0.0344744 -0.00275773 0.0962342 -0.117054 -0.00197365 -0.0743815 -0.124294 0.00123381 2.75885 -3.25615 0.00205751
32.155 -0.00819429 0.032719 0.00847687 0.053397 -0.00285583 0.00803353 0.844624 -2.41764 0.00819206 0.123869 1.93582 0.0180108
32.205 -0.00438053 0.013371 0.00280509 0.00448946 0.117116 0.00123068 1.03768 -3.09724 0.000380787 -2.09113 5.6446 0.0125154
32.255 -0.0121787 -0.00504057 -0.00885674 -0.0500456 0.200209 -0.0115073 0.304947 -1.74469 -0.0103329 -1.89242 3.87297 -0.00527788
32.305 -0.00679349 -0.00948038 -0.00359449 -0.0652467 0.216323 -0.00601128 -0.782436 0.649833 -0.00435093 0.235505 -1.83416 -0.0114016
32.355 -0.00975913 -0.0136957 0.00875642 -0.0587982 0.140612 0.00734548 -1.53436 2.40257 0.00840562 1.83575 -5.97083 -0.00324511
32.405 -0.0214558 -0.0172039 0.00449487 -0.0374513 0.00302654 0.00453933 -1.3221 2.32555 0.00605824 1.0335 -4.51014 0.00332809
32.455 -0.0148787 -0.0194458 -0.00794734 0.00819576 -0.140289 -0.00644351 -0.204943 0.508787 -0.00495797 -1.39794 0.963154 0.00166775
32.505 -0.0207258 -0.0251349 -0.00457474 0.0264282 -0.234147 -0.00204302 1.0852 -1.64948 -0.00446517 -2.914 4.94078 -0.0013539
32.555 0.00627912 -0.0282345 0.00788132 0.049321 -0.240242 0.0104078 1.68201 -2.52853 0.00392469 -1.71268 3.59673 -0.00204992
32.605 -0.00331326 -0.0256117 0.00455026 0.00808611 -0.154856 0.00632531 1.24233 -1.44137 0.00221312 1.25234 -1.40191 -0.00271153
32.655 -0.00260061 -0.0201196 -0.0077968 -0.0380753 -0.0171389 -0.00720408 0.10696 0.86514 -0.00565921 3.24592 -4.63818 -0.00153134
32.705 0.016158 -0.0133505 -0.00534672 -0.0644992 0.109688 -0.00568029 -0.880445 2.73512 -0.00210823 2.47851 -2.60446 0.00409146
32.755 0.0190319 -0.00575134 0.00702362 -0.079569 0.175162 0.00595993 -1.13957 2.79709 0.00760864 -0.236959 2.67815 0.00745399
32.805 0.00920219 -0.00430552 0.00550028 -0.0687655 0.153226 0.0045602 -0.48449 0.960186 0.0040882 -2.23034 5.70366 0.00138903
32.855 0.000353562 0.00353258 -0.00672018 -0.0296345 0.0587919 -0.00719823 0.514848 -1.56907 -0.00813181 -1.68551 3.15455 -0.00579829
32.905 -0.00930586 0.0179781 -0.0064486 0.0223364 -0.0557944 -0.00637191 1.00566 -3.04698 -0.00739021 0.509065 -2.65515 -0.00186751
32.955 0.00788306 0.016693 0.00635436 0.0906091 -0.152033 0.00715554 0.696781 -2.51539 0.00507228 1.85084 -6.09371 0.00638325
33.005 0.010454 0.0149377 0.00627022 0.115444 -0.174715 0.00703427 -0.330556 -0.388028 0.00765247 0.73315 -3.83938 0.00325194
33.055 0.0115884 0.0124388 -0.00591766 0.102804 -0.11086 -0.00585414 -1.30508 1.82883 -0.00118285 -1.69739 1.73991 -0.00836709
33.105 0.00205995 0.00945775 -0.00615862 0.0506097 0.0138517 -0.00717108 -1.54448 2.5875 -0.00339725 -2.86047 5.05361 -0.0106478
33.155 -0.0158592 0.0224677 0.00478621 -0.0192261 0.16156 0.00229596 -0.736996 1.40695 0.00317054 -1.33628 2.98401 0.000138134
33.205 -0.00535843 0.0180852 0.00730634 -0.0532588 0.244341 0.00506781 0.598228 -0.800059 0.00190357 1.66043 -2.06102 0.00872509
33.255 -0.00164203 0.0126981 -0.00519588 -0.0641069 0.235336 -0.00698734 1.53774 -2.34506 -0.00728868 3.31688 -4.62294 0.00570371
33.305 0.0224768 -0.0136866 -0.00716102 -0.0237181 0.116678 -0.00768952 1.55696 -2.09439 -0.00563056 2.14925 -1.91311 -0.00067444
33.355 0.0230706 -0.013854 0.00441893 0.0131634 -0.0260977 0.00518069 0.675118 -0.167999 0.00664398 -0.633186 3.34444 -0.00216602
33.405 0.00982785 -0.0121794 0.00681648 0.037136 -0.161156 0.00871351 -0.528399 2.06916 0.00906086 -2.34071 5.63803 -0.00146951
33.455 0.0321245 -0.0094063 -0.0043945 0.078557 -0.233114 -0.0019643 -1.15022 3.00985 -0.00254495 -1.39599 2.35837 -0.000613721
33.505 0.0430322 -0.00590556 -0.00718512 0.079937 -0.21379 -0.00504097 -0.845457 1.90418 -0.00798723 0.853698 -3.43581 0.00251388
33.555 0.0202416 -0.00211634 0.00444341 0.0215924 -0.113636 0.00562484 0.0907811 -0.523472 -0.000212761 1.82512 -6.11153 0.00475035
33.605 0.0143801 0.00147415 0.00819669 -0.0309987 0.0232005 0.00811637 0.932627 -2.6281 0.00397362 0.374494 -3.0836 -0.000536218
33.655 0.00440088 0.0043063 -0.00304743 -0.078167 0.137958 -0.00419008 0.960197 -2.99504 -0.00202628 -2.02722 2.51654 -0.00856951
33.705 0.0129065 0.0159942 -0.00742317 -0.0798208 0.191812 -0.00911186 0.14847 -1.40767 -0.00327034 -2.798 5.11479 -0.00675941
33.755 -0.000264563 0.0140023 0.00359129 -0.0684599 0.148019 0.00277578 -0.980302 1.00515 0.00531896 -0.877911 2.29372 0.00369105
33.805 -0.00858701 0.0127763 0.0073006 -0.0259755 0.0406956 0.00696353 -1.59026 2.51362 0.0071402 2.06371 -2.73924 0.00769334
33.855 0.00228346 0.0104091 -0.00296366 0.0432135 -0.0828152 -0.00233837 -1.15372 2.10573 -0.00337533 3.3089 -4.5648 0.000469992
33.905 0.00098025 0.00702085 -0.00787446 0.0866727 -0.16583 -0.00658164 0.0203602 0.164254 -0.00846441 1.7474 -1.15489 -0.0045438
33.955 0.000633314 0.00319901 0.00213671 0.10108 -0.16964 0.00341424 1.19829 -1.85407 0.000870458 -1.03824 4.00726 0.00122535
34.005 -0.00250698 -0.000675843 0.00775844 0.0783396 -0.0906783 0.00827144 1.66635 -2.45577 0.00711849 -2.36092 5.49161 0.00673229
34.055 -0.00414031 -0.00413343 -0.00182236 0.0322615 0.0381681 -0.00249219 1.08462 -1.14438 -0.000303046 -1.10015 1.50168 0.00137648
34.105 -0.0102368 -0.00682343 -0.00807688 -0.0239958 0.161489 -0.0098627 -0.0896596 1.18513 -0.00636921 1.1061 -4.18935 -0.00644493
34.155 -0.00118388 -0.00818137 0.000936557 -0.0503194 0.22551 -0.00139596 -1.00623 2.83928 -0.000303218 1.76311 -6.01381 -0.0055433
34.205 0.00109941 -0.00811706 0.00774072 -0.0554426 0.200764 0.00571986 -1.08424 2.61646 0.00474671 0.0383872 -2.2476 0.000696692
34.255 -0.027534 -0.0122597 -0.00442237 -0.0561923 0.0920977 -0.00546486 -0.35166 0.597328 -0.000941838 -2.31486 3.26764 0.00411706
34.305 -0.0279743 -0.00821405 -0.00721398 -0.0262385 -0.053089 -0.00628096 0.615677 -1.8572 -0.00466727 -2.69452 5.03863 0.00294593
34.355 -0.0373169 -0.00459916 0.000663791 -0.00218851 -0.177212 0.002666 1.01962 -3.09807 0.00197834 -0.433327 1.5187 0.000187581
34.405 -0.0135074 -0.000972839 0.00799981 0.0361686 -0.230774 0.0106729 0.592 -2.28135 0.00774107 2.46178 -3.38622 -0.00427133
34.455 -0.0136998 0.0024867 0.000368706 0.0218348 -0.193492 0.00280887 -0.468464 -0.034961 -0.00120906 3.27113 -4.38505 -0.00706218
34.505 -0.0280093 0.00520118 -0.00783481 -0.030686 -0.0831992 -0.00633523 -1.38124 2.0342 -0.00851747 1.30894 -0.3201 -0.00090542
34.555 -0.0400381 0.00669277 -0.000947442 -0.0887811 0.0520139 -0.000666678 -1.43514 2.5131 -0.00137765 -1.44892 4.63722 0.0118115
34.605 -0.0297647 0.00768298 0.00720156 -0.11183 0.155411 0.00641234 -0.58175 1.13723 0.00774497 -2.31924 5.218 0.0127443
34.655 0.00560568 0.0094973 0.000675112 -0.0813186 0.185705 -0.000552672 0.720593 -1.04947 0.0042616 -0.712564 0.571588 -0.00348952
34.705 0.00902026 0.00849156 -0.00763268 -0.0518271 0.129595 -0.00821543 1.60858 -2.41681 -0.00357636 1.39491 -4.85936 -0.0170259
34.755 0.00676787 0.0052757 -0.00104397 -0.00127041 0.0154213 -0.00122612 1.49775 -1.90478 -0.0017796 1.63446 -5.76708 -0.0104657
34.805 0.0136752 0.00186028 0.00809008 0.0621986 -0.103187 0.00847706 0.498678 0.149412 0.00201248 -0.350961 -1.35333 0.00751574
34.855 -0.00195598 -0.00123754 0.00209254 0.0857129 -0.17189 0.00274493 -0.655507 2.27983 -0.00329521 -2.56021 3.89278 0.014525
34.905 0.00384048 -0.0165108 -0.00712338 0.0993021 -0.171206 -0.00698685 -1.14828 2.95015 -0.00782808 -2.48228 4.78478 0.00504071
34.955 0.0136885 -0.0182295 -0.00212051 0.083567 -0.0792059 -0.00255419 -0.777989 1.61527 0.000652278 0.0552048 0.696866 -0.00719809
35.005 0.0284029 -0.0181706 0.00662033 0.0516966 0.0527653 0.00536436 0.203641 -0.860806 0.0106588 2.78278 -3.87358 -0.0105918
35.055 0.0187496 -0.0168583 0.00200279 -0.00598959 0.167589 0.000202788 0.980489 -2.7809 0.00585466 3.10521 -4.01319 -0.00495946
35.105 0.00569779 -0.0143843 -0.00715069 -0.0489534 0.214788 -0.00892243 0.9195 -2.8672 -0.00570742 0.838823 0.540421 0.00516089
35.155 0.0120435 -0.0111077 -0.00282332 -0.0435247 0.171814 -0.00391335 0.0129042 -1.08873 -0.00617176 -1.7331 5.08016 0.0124019
35.205 0.00344238 -0.00754326 0.00677005 -0.0263278 0.0542338 0.00679417 -1.11139 1.26523 0.000908913 -2.19811 4.7672 0.00763345
35.255 0.000824394 -0.00411817 0.00335678 0.00941837 -0.0904673 0.00452263 -1.59313 2.56663 0.000973953 -0.381607 -0.36378 -0.00705963
35.305 0.00271306 -0.00120813 -0.00633322 0.0426408 -0.203082 -0.00442442 -1.08348 1.93043 -0.00257381 1.58962 -5.36036 -0.0145982
35.355 0.00116591 0.0128169 -0.00318701 0.049073 -0.22502 -0.0013145 0.166795 -0.123026 0.00199348 1.41939 -5.36264 -0.00444278
35.405 0.00713206 0.0276467 0.0062835 0.0364145 -0.159996 0.00747617 1.38436 -2.04345 0.00818059 -0.763826 -0.468559 0.0101873
35.455 -0.000362574 0.0255342 0.00393246 -0.0146297 -0.0384547 0.00431501 1.67092 -2.38239 0.00221561 -2.69774 4.34835 0.0100533
35.505 -0.00977784 0.0236206 -0.00569654 -0.0680072 0.0957168 -0.00620369 0.926353 -0.853548 -0.00905295 -2.20031 4.39455 -0.00258378
35.555 0.00051247 0.0201449 -0.00373772 -0.0865394 0.184967 -0.00471546 -0.235318 1.47392 -0.0074913 0.521068 -0.0761853 -0.00900507
35.605 0.0120728 0.0161404 0.00581694 -0.0731497 0.193329 0.00492261 -1.08185 2.93552 0.00345408 2.9721 -4.1821 -0.00265275
35.655 0.0124492 -0.000667816 0.00449598 -0.0395708 0.10711 0.0039653 -1.02418 2.42152 0.00603988 2.88294 -3.50505 0.00448796
35.705 -0.000439534 -0.0130582 -0.00559293 0.00309545 -0.0231018 -0.00540599 -0.19443 0.236924 -0.000380506 0.419009 1.34345 0.00414216
35.755 0.0128767 -0.0162428 -0.00496119 0.0713082 -0.134247 -0.00410034 0.765469 -2.14261 -0.00144686 -1.91246 5.32084 0.000647839
35.805 0.00185602 -0.0211548 0.00459387 0.0986429 -0.188059 0.00560008 1.05711 -3.10503 0.00311718 -2.00407 4.1619 -0.00150585
35.855 0.014353 -0.0205084 0.0046811 0.109414 -0.155643 0.00503039 0.442618 -2.02451 0.000880459 -0.0272027 -1.2429 -0.00248658
35.905 0.00429316 -0.00954346 -0.00484766 0.0690858 -0.0429602 -0.00567445 -0.640679 0.310446 -0.00607234 1.6835 -5.67097 -0.00133746
35.955 0.0124772 -0.00477122 -0.00462085 0.0273859 0.0923754 -0.00617672 -1.46795 2.25277 -0.00380379 1.16316 -4.80557 0.00263505
36.005 0.0119419 0.0046753 0.00508278 -0.016545 0.201402 0.00266747 -1.37551 2.44043 0.0059493 -1.10366 0.366081 0.00388046
36.055 0.0181648 0.00893298 0.0055419 -0.034857 0.231311 0.00335461 -0.344106 0.817159 0.00647814 -2.7593 4.66499 -0.00199292
36.105 0.00955417 0.0125029 -0.00417371 -0.0363765 0.168506 -0.00546551 0.927989 -1.36325 -0.00353201 -1.88042 3.9095 -0.00792853
36.155 -0.00901088 0.0153537 -0.00567161 -0.0251614 0.0404821 -0.00559221 1.59697 -2.47376 -0.00685515 0.957524 -0.811629 -0.00322888
36.205 0.0032848 0.0131553 0.00341398 0.0243646 -0.10553 0.00498225 1.32559 -1.67858 0.00060209 3.10433 -4.37507 0.00771466
36.255 -0.00895647 0.00798085 0.00506242 0.0349602 -0.210091 0.0074799 0.303187 0.508858 0.00407787 2.60677 -2.9345 0.00900136
36.305 -0.00218014 0.00420201 -0.00410003 0.0434426 -0.225358 -0.0010478 -0.778789 2.5254 -0.000736853 0.0264928 2.07945 -0.00169614
36.355 -0.0149043 -0.00068416 -0.00428066 0.00308384 -0.154612 -0.000624777 -1.18339 2.87518 -0.0015002 -2.09011 5.45985 -0.00873707
36.405 -0.0321032 -0.00451419 0.00299819 -0.0563934 -0.028493 0.00413828 -0.661001 1.27153 0.00361192 -1.82334 3.49872 -0.00311069
36.455 -0.0261637 -0.00749582 0.00604205 -0.0945595 0.0974332 0.00578586 0.329141 -1.23965 0.00320819 0.247885 -2.08843 0.004992
36.505 -0.0279762 -0.0105176 -0.00272575 -0.118862 0.169437 -0.00394573 0.992065 -2.94785 -0.00586029 1.73199 -5.87225 0.00548848
36.555 -0.025439 -0.0131171 -0.00622509 -0.106793 0.158518 -0.0076986 0.791314 -2.70704 -0.00677749 0.878965 -4.19577 0.000742371
36.605 -0.0264072 -0.0147076 0.00226763 -0.0682802 0.0723558 0.00119358 -0.161601 -0.713005 0.002769 -1.43795 1.19323 -0.0027948
36.655 -0.0179114 -0.0149361 0.00585962 -0.00449867 -0.04856 0.0055513 -1.21285 1.59164 0.00814967 -2.77631 4.89178 -0.00491676
36.705 -0.0153551 -0.0138419 -0.00205905 0.048514 -0.148905 -0.00165015 -1.54816 2.6015 0.00132276 -1.50703 3.35501 -0.00445389
36.755 -0.0259583 -0.01169 -0.00576173 0.0649078 -0.182605 -0.00507416 -0.860052 1.66009 -0.00484287 1.37845 -1.53523 0.000121757
36.805 0.00382858 0.00354794 0.00201833 0.0893294 -0.121144 0.00238212 0.40804 -0.477619 -0.00164788 3.23092 -4.5012 0.00566754
36.855 0.0227327 0.0115607 0.00611025 0.0763232 -0.00217804 0.00555891 1.47119 -2.21163 0.000974632 2.35053 -2.31909 0.00493313
36.905 0.023572 0.0151919 -0.00151163 0.0285702 0.126249 -0.00297634 1.64979 -2.24853 -0.00292807 -0.362935 2.82919 -0.00163215
36.955 0.0234482 0.0180742 -0.00631753 -0.0117543 0.21407 -0.00845757 0.853208 -0.497195 -0.0031557 -2.24093 5.53755 -0.00346276
37.005 0.0106052 0.0199239 0.000715664 -0.0417485 0.22189 -0.00135493 -0.389555 1.80277 0.00503441 -1.59998 2.78713 0.00178877
37.055 0.00406845 0.0205453 0.00610963 -0.0377504 0.14395 0.00484115 -1.15915 2.98313 0.00822645 0.560001 -2.92272 0.00376099
37.105 0.00802214 0.0198142 -0.000404415 -0.00304435 0.0107626 -0.000391265 -0.957898 2.15597 -0.000449536 1.78131 -6.02772 -0.00180524
37.155 0.00970921 0.0177731 -0.00566706 0.0332347 -0.123701 -0.00436222 -0.0626562 -0.164471 -0.00764314 0.613383 -3.51748 -0.00545042
37.205 0.00955812 0.0147031 0.0011138 0.0535381 -0.204812 0.00326426 0.845452 -2.42117 -0.00305544 -1.76319 2.02276 -0.000601329
37.255 0.0110664 0.0110332 0.00652696 0.049859 -0.200446 0.00880198 1.0197 -3.06732 0.00348138 -2.76525 5.05517 0.00491285
37.305 0.0246291 -1.28914e-05 -0.000183115 0.0336454 -0.120502 0.00169271 0.298912 -1.70086 0.00127421 -1.10397 2.73118 0.00164583
37.355 0.00791413 -0.0197089 -0.00641837 -0.0284755 -0.00985254 -0.00567584 -0.824871 0.680247 -0.00219421 1.80165 -2.2641 -0.00585736
37.405 0.00511055 -0.023192 -0.000844024 -0.070913 0.106986 -0.00115213 -1.53555 2.39579 0.00133708 3.27322 -4.54701 -0.00611326
37.455 -0.00312358 -0.0252399 0.00519623 -0.0927051 0.163413 0.00441365 -1.30424 2.28265 0.00428178 1.95451 -1.61065 0.00128625
37.505 0.00445019 -0.0255472 7.89755e-05 -0.0678002 0.136427 -0.000530381 -0.19341 0.507752 -0.00174575 -0.804825 3.55019 0.00771578
37.555 -0.0109953 -0.0222743 -0.00593467 -0.0359717 0.0416115 -0.00600165 1.05223 -1.62026 -0.00656535 -2.33919 5.50333 0.0084476
37.605 -0.0125317 -0.0168014 -0.000904375 0.015094 -0.074013 -0.000179985 1.67219 -2.47285 -0.000671156 -1.33553 1.99056 0.00367834
37.655 -0.0174044 -0.00373711 0.00592147 0.0569181 -0.153439 0.00691801 1.22932 -1.39983 0.00598748 0.88371 -3.72496 -0.00541938
37.705 -0.0167177 0.00117349 0.0014186 0.0794849 -0.168894 0.00203763 0.0917315 0.857303 0.00238906 1.79096 -6.04383 -0.0118232
37.755 -0.0169727 0.00603836 -0.00529308 0.0664973 -0.103037 -0.00611295 -0.892306 2.6761 -0.00427385 0.295023 -2.74555 -0.00666678
37.805 -0.0204511 0.00918512 -0.00172095 0.0233979 0.017656 -0.00422812 -1.10915 2.73204 -0.00223459 -2.07222 2.78919 0.00678114
37.855 -0.0239872 0.0111104 0.00571766 -0.0241037 0.141703 0.00315846 -0.481179 0.906813 0.00419609 -2.69883 5.07261 0.0123618
37.905 -0.0281453 0.0116717 0.00163457 -0.0646583 0.215481 -0.000920591 0.4824 -1.57821 0.00176034 -0.708451 2.01854 0.00134499
37.955 -0.0249161 0.0107521 -0.0052976 -0.07419 0.20506 -0.00696502 1.01357 -3.01829 -0.00270631 2.18665 -2.92568 -0.0134246
38.005 0.00442185 0.00780006 -0.00176354 -0.0311923 0.11138 -0.00211096 0.668928 -2.47641 -0.000584325 3.26652 -4.43004 -0.0115097
38.055 0.0227849 0.00324047 0.00456957 0.0123923 -0.0273446 0.00497996 -0.321195 -0.369251 0.00324564 1.56921 -0.828282 0.0046048
38.105 0.0253287 0.000342729 0.00250827 0.0512029 -0.155402 0.00452083 -1.27193 1.81466 -0.000612943 -1.16212 4.17736 0.015206
38.155 0.0240671 -0.00256981 -0.0050524 0.0668138 -0.220501 -0.00248151 -1.48466 2.56465 -0.00652736 -2.30495 5.28813 0.0107503
38.205 0.02587 -0.00494278 -0.00273661 0.0576243 -0.197264 -0.000618181 -0.704349 1.40302 -0.00197996 -0.982722 1.09414 -0.0015525
38.255 0.0118876 -0.0107873 0.00505449 0.00867917 -0.102422 0.00607262 0.596671 -0.764579 0.00648572 1.15823 -4.40951 -0.0101204
38.305 0.0201738 -0.00836263 0.00319294 -0.027579 0.0327455 0.00299567 1.53423 -2.31128 0.00571838 1.66064 -5.8484 -0.00971263
38.355 0.0157907 -0.00760725 -0.00436532 -0.0671841 0.140918 -0.00548426 1.52548 -2.05386 -0.00230799 -0.102456 -1.88928 -0.0013061
38.405 0.0157603 -0.00561572 -0.00250011 -0.0750383 0.179929 -0.00389856 0.628641 -0.167493 -0.00430252 -2.31571 3.44662 0.00725967
38.455 0.0145634 -0.002654 0.00485739 -0.0519545 0.135311 0.00385367 -0.526491 2.03355 -0.000192876 -2.53115 4.89396 0.0067004
38.505 0.013393 0.000753603 0.00323808 -0.00414749 0.0293091 0.00305521 -1.16076 2.95828 -0.000263865 -0.248786 1.25402 -0.00348274
38.555 0.0129193 0.00414935 -0.00453841 0.0515306 -0.0889365 -0.00391054 -0.87319 1.88044 -0.00290132 2.50997 -3.42663 -0.0106435
38.605 0.00764895 0.0100657 -0.00367723 0.0890438 -0.162505 -0.00273158 0.0622186 -0.507407 0.00102314 3.16047 -4.12689 -0.00344859
38.655 -0.0117084 0.0152211 0.00390608 0.0825743 -0.157506 0.00396592 0.877034 -2.59012 0.00750251 1.16349 -0.0279288 0.00962342
38.705 -0.0134249 0.0159886 0.00347056 0.0637078 -0.076923 0.00308278 0.951332 -2.96626 0.00424611 -1.47899 4.62983 0.0111907
38.755 -0.0145247 0.0154441 -0.00366794 0.0210968 0.0488577 -0.00488975 0.158961 -1.42088 -0.00562924 -2.26136 4.8819 0.000579763
38.805 -0.0122876 0.0136069 -0.00367369 -0.0233673 0.165597 -0.00571347 -0.950425 0.954391 -0.00797717 -0.668779 0.19385 -0.00709377
38.855 -0.0132002 0.0107623 0.00393738 -0.0568558 0.221956 0.00165716 -1.57879 2.48005 -0.000437536 1.34073 -4.92883 -0.0041708
38.905 -0.0113457 0.00719338 0.00423547 -0.0616045 0.191622 0.0024508 -1.16147 2.11068 0.00383036 1.48261 -5.48991 0.00195693
38.955 -0.0122055 0.00324597 -0.00328281 -0.0433019 0.0849353 -0.00394165 0.018447 0.193252 0.00129556 -0.480995 -1.01963 0.00221379
39.005 -0.0115582 -0.00702304 -0.00422766 -0.00926851 -0.0597237 -0.00344376 1.20855 -1.81501 0.000917764 -2.46784 3.95118 -0.0020838
39.055 -0.0114746 -0.0179447 0.00228428 0.0210536 -0.182442 0.00415708 1.67252 -2.41665 0.00368028 -2.25312 4.55491 -0.00493282
39.105 -0.0106676 -0.0171989 0.0041767 0.0310888 -0.229862 0.00674173 1.13189 -1.13298 0.00101738 0.229619 0.479278 -0.00412532
39.155 -0.010247 -0.017377 -0.00286276 0.0152432 -0.187556 -0.00053044 -0.0279682 1.15879 -0.00645523 2.75758 -3.80823 0.000451393
39.205 -0.005521 -0.0205196 -0.0042093 -0.0177541 -0.0797452 -0.00262803 -0.986774 2.80558 -0.00583591 2.97123 -3.70209 0.00697266
39.255 -0.00178694 -0.0212042 0.00261157 -0.0550947 0.0470354 0.00289451 -1.09002 2.57986 0.00309318 0.741815 0.767748 0.00885902
39.305 0.00300668 -0.0171757 0.00443653 -0.0788889 0.141833 0.00384386 -0.358092 0.576145 0.00701394 -1.72289 4.95718 0.00124748
39.355 0.0106715 -0.00854439 -0.00256079 -0.0713037 0.165871 -0.00375092 0.607341 -1.86052 0.000909236 -2.13055 4.37592 -0.00779842
39.405 0.0108263 -0.00478288 -0.00484234 -0.0419905 0.105334 -0.00590267 1.03808 -3.07723 -0.00369269 -0.354697 -0.671387 -0.00632426
39.455 0.0100528 -0.00233903 0.00194137 0.00887917 -0.00575122 0.00145624 0.574037 -2.26276 -0.000983205 1.48827 -5.31699 0.00376965
39.505 0.00938215 -0.000678462 0.00474716 0.061749 -0.116588 0.00491783 -0.513303 -0.0131268 0.00096059 1.2932 -5.02628 0.00800719
39.555 0.00914974 3.05462e-05 -0.00154737 0.0973177 -0.176244 -0.00100738 -1.39146 2.0571 -0.00198868 -0.805701 -0.182642 0.000233836
39.605 0.00944251 -0.000451843 -0.00425626 0.103338 -0.156429 -0.00387235 -1.4209 2.51422 -0.00170549 -2.58892 4.35367 -0.00881726
39.655 0.0146381 0.0153338 0.00158053 0.083933 -0.0453725 0.00109635 -0.530258 1.11133 0.00410271 -1.98544 4.15236 -0.00768958
39.705 0.0102354 0.0189319 0.00476333 0.0355899 0.0854447 0.00379293 0.735233 -1.06831 0.00494274 0.669422 -0.27672 0.000302098
39.755 0.00810286 0.0187074 -0.00169834 -0.0123878 0.195008 -0.00326231 1.58808 -2.41286 -0.00270725 2.94341 -4.11167 0.00579776
39.805 0.00874174 0.0160413 -0.00534724 -0.0384312 0.232511 -0.00692943 1.45162 -1.8923 -0.00674639 2.72934 -3.22121 0.00616002
39.855 0.00677765 0.0137027 0.000307172 -0.0486657 0.186015 -0.000612875 0.441928 0.174386 -0.000783104 0.303201 1.54345 0.00368551
39.905 -0.00742119 0.00819735 0.00462362 -0.0334605 0.0655131 0.00494263 -0.676603 2.2954 0.00515999 -1.95419 5.21702 -0.000568241
