$MeshFormat
2.2 0 8
$EndMeshFormat
$Nodes
3365
1 -21.195 -6.195 -10
2 -21.195 -6.195 0
3 -21.195 -0.835 0
4 -21.195 -0.835 -10
5 -6.195 -6.195 -10
6 -6.195 -6.195 0
7 -6.195 -0.835 0
8 -6.195 -0.835 -10
9 -3.515 -6.195 -10
10 -3.515 -6.195 0
11 -3.515 -0.835 0
12 -3.515 -0.835 -10
13 -0.835 -6.195 -10
14 -0.835 -6.195 0
15 -0.835 -0.835 0
16 -0.835 -0.835 -10
17 -0.335 -6.195 -10
18 -0.335 -6.195 0
19 -0.335 -0.835 0
20 -0.335 -0.835 -10
21 2.775557561562891e-17 -6.195 -10
22 1.850371707708594e-17 -6.195 0
23 2.775557561562891e-17 -0.835 0
24 2.775557561562891e-17 -0.8350000000000002 -10
25 0.3350000000000001 -6.195 -10
26 0.3350000000000001 -6.195 0
27 0.3350000000000001 -0.835 0
28 0.335 -0.835 -10
29 0.8350000000000002 -6.195 -10
30 0.8350000000000001 -6.195 0
31 0.8350000000000002 -0.835 0
32 0.8350000000000001 -0.835 -10
33 3.515000000000001 -6.195 -10
34 3.515000000000001 -6.195 0
35 3.515000000000001 -0.835 0
36 3.515000000000001 -0.835 -10
37 6.195 -6.195 -10
38 6.195 -6.195 0
39 6.195 -0.835 0
40 6.195 -0.835 -10
41 21.195 -6.195 -10
42 21.195 -6.195 0
43 21.195 -0.835 0
44 21.195 -0.835 -10
45 -21.195 -0.335 0
46 -21.195 -0.335 -10
47 -6.195 -0.335 0
48 -6.195 -0.335 -10
49 -3.515 -0.335 0
50 -3.515 -0.335 -10
51 -0.835 -0.335 0
52 -0.835 -0.335 -10
53 -0.335 -0.335 0
54 -0.335 -0.335 -10
55 2.775557561562891e-17 -0.335 0
56 2.775557561562891e-17 -0.335 -10
57 0.3350000000000001 -0.335 0
58 0.335 -0.335 -10
59 0.8350000000000002 -0.335 0
60 0.8350000000000001 -0.335 -10
61 3.515000000000001 -0.335 0
62 3.515000000000001 -0.335 -10
63 6.195 -0.335 0
64 6.195 -0.335 -10
65 21.195 -0.335 0
66 21.195 -0.335 -10
67 -21.195 1.850371707708594e-17 0
68 -21.195 2.775557561562891e-17 -10
69 -6.195 2.775557561562891e-17 0
70 -6.194999999999999 2.775557561562891e-17 -10
71 -3.515 2.775557561562891e-17 0
72 -3.515 2.775557561562891e-17 -10
73 -0.835 2.775557561562891e-17 0
74 -0.8350000000000002 2.775557561562891e-17 -10
75 -0.335 2.775557561562891e-17 0
76 -0.335 2.775557561562891e-17 -10
77 2.775557561562891e-17 2.775557561562891e-17 0
78 2.775557561562891e-17 2.775557561562891e-17 -10
79 0.335 2.775557561562891e-17 0
80 0.335 2.775557561562891e-17 -10
81 0.8350000000000001 2.775557561562891e-17 0
82 0.8350000000000004 2.775557561562891e-17 -10
83 3.515000000000001 2.775557561562891e-17 0
84 3.515000000000001 2.775557561562891e-17 -10
85 6.195 2.775557561562891e-17 0
86 6.195000000000003 2.775557561562891e-17 -10
87 21.195 1.850371707708594e-17 0
88 21.195 2.775557561562891e-17 -10
89 -21.195 0.3350000000000001 0
90 -21.195 0.3350000000000001 -10
91 -6.195 0.3350000000000001 0
92 -6.195 0.335 -10
93 -3.515 0.3350000000000001 0
94 -3.515 0.335 -10
95 -0.835 0.3350000000000001 0
96 -0.835 0.335 -10
97 -0.335 0.3350000000000001 0
98 -0.335 0.335 -10
99 2.775557561562891e-17 0.335 0
100 2.775557561562891e-17 0.335 -10
101 0.3350000000000001 0.3350000000000001 0
102 0.335 0.335 -10
103 0.8350000000000002 0.3350000000000001 0
104 0.8350000000000001 0.335 -10
105 3.515000000000001 0.3350000000000001 0
106 3.515000000000001 0.335 -10
107 6.195 0.3350000000000001 0
108 6.195 0.335 -10
109 21.195 0.3350000000000001 0
110 21.195 0.3350000000000001 -10
111 -21.195 0.835 0
112 -21.195 0.835 -10
113 -6.195 0.835 0
114 -6.195 0.835 -10
115 -3.515 0.835 0
116 -3.515 0.835 -10
117 -0.835 0.835 0
118 -0.835 0.835 -10
119 -0.335 0.835 0
120 -0.335 0.835 -10
121 2.775557561562891e-17 0.835 0
122 2.775557561562891e-17 0.8350000000000002 -10
123 0.3350000000000001 0.835 0
124 0.335 0.835 -10
125 0.8350000000000002 0.835 0
126 0.8350000000000001 0.835 -10
127 3.515000000000001 0.835 0
128 3.515000000000001 0.835 -10
129 6.195 0.835 0
130 6.195 0.835 -10
131 21.195 0.835 0
132 21.195 0.835 -10
133 -21.195 6.195 0
134 -21.195 6.195 -10
135 -6.195 6.195 0
136 -6.195 6.195 -10
137 -3.515 6.195 0
138 -3.515 6.195 -10
139 -0.835 6.195 0
140 -0.835 6.195 -10
141 -0.335 6.195 0
142 -0.335 6.195 -10
143 1.850371707708594e-17 6.195 0
144 2.775557561562891e-17 6.195 -10
145 0.3350000000000001 6.195 0
146 0.3350000000000001 6.195 -10
147 0.8350000000000001 6.195 0
148 0.8350000000000002 6.195 -10
149 3.515000000000001 6.195 0
150 3.515000000000001 6.195 -10
151 6.195 6.195 0
152 6.195 6.195 -10
153 21.195 6.195 0
154 21.195 6.195 -10
155 -21.195 -6.195 -16
156 -21.195 -0.835 -16
157 -6.195 -6.195 -16
158 -6.195 -0.835 -16
159 -3.515 -6.195 -16
160 -3.515 -0.835 -16
161 -0.835 -6.195 -16
162 -0.835 -0.835 -16
163 -0.335 -6.195 -16
164 -0.335 -0.835 -16
165 2.775557561562891e-17 -6.195 -16
166 2.775557561562891e-17 -0.8350000000000002 -16
167 0.3350000000000001 -6.195 -16
168 0.335 -0.835 -16
169 0.8350000000000002 -6.195 -16
170 0.8350000000000001 -0.835 -16
171 3.515000000000001 -6.195 -16
172 3.515000000000001 -0.835 -16
173 6.195 -6.195 -16
174 6.195 -0.835 -16
175 21.195 -6.195 -16
176 21.195 -0.835 -16
177 -21.195 -0.335 -16
178 -6.195 -0.335 -16
179 -3.515 -0.335 -16
180 -0.835 -0.335 -16
181 -0.335 -0.335 -16
182 2.775557561562891e-17 -0.335 -16
183 0.335 -0.335 -16
184 0.8350000000000001 -0.335 -16
185 3.515000000000001 -0.335 -16
186 6.195 -0.335 -16
187 21.195 -0.335 -16
188 -21.195 2.775557561562891e-17 -16
189 -6.194999999999999 2.775557561562891e-17 -16
190 -3.515 2.775557561562891e-17 -16
191 -0.8350000000000002 2.775557561562891e-17 -16
192 -0.335 2.775557561562891e-17 -16
193 2.775557561562891e-17 2.775557561562891e-17 -16
194 0.335 2.775557561562891e-17 -16
195 0.8350000000000004 2.775557561562891e-17 -16
196 3.515000000000001 2.775557561562891e-17 -16
197 6.195000000000003 2.775557561562891e-17 -16
198 21.195 2.775557561562891e-17 -16
199 -21.195 0.3350000000000001 -16
200 -6.195 0.335 -16
201 -3.515 0.335 -16
202 -0.835 0.335 -16
203 -0.335 0.335 -16
204 2.775557561562891e-17 0.335 -16
205 0.335 0.335 -16
206 0.8350000000000001 0.335 -16
207 3.515000000000001 0.335 -16
208 6.195 0.335 -16
209 21.195 0.3350000000000001 -16
210 -21.195 0.835 -16
211 -6.195 0.835 -16
212 -3.515 0.835 -16
213 -0.835 0.835 -16
214 -0.335 0.835 -16
215 2.775557561562891e-17 0.8350000000000002 -16
216 0.335 0.835 -16
217 0.8350000000000001 0.835 -16
218 3.515000000000001 0.835 -16
219 6.195 0.835 -16
220 21.195 0.835 -16
221 -21.195 6.195 -16
222 -6.195 6.195 -16
223 -3.515 6.195 -16
224 -0.835 6.195 -16
225 -0.335 6.195 -16
226 2.775557561562891e-17 6.195 -16
227 0.3350000000000001 6.195 -16
228 0.8350000000000002 6.195 -16
229 3.515000000000001 6.195 -16
230 6.195 6.195 -16
231 21.195 6.195 -16
232 -21.195 -6.195 -21
233 -21.195 -0.835 -21
234 -6.195 -6.195 -21
235 -6.195 -0.835 -21
236 -3.515 -6.195 -21
237 -3.515 -0.835 -21
238 -0.835 -6.195 -21
239 -0.835 -0.835 -21
240 -0.335 -6.195 -21
241 -0.335 -0.835 -21
242 1.850371707708594e-17 -6.195 -21
243 2.775557561562891e-17 -0.835 -21
244 0.3350000000000001 -6.195 -21
245 0.3350000000000001 -0.835 -21
246 0.8350000000000001 -6.195 -21
247 0.8350000000000002 -0.835 -21
248 3.515000000000001 -6.195 -21
249 3.515000000000001 -0.835 -21
250 6.195 -6.195 -21
251 6.195 -0.835 -21
252 21.195 -6.195 -21
253 21.195 -0.835 -21
254 -21.195 -0.335 -21
255 -6.195 -0.335 -21
256 -3.515 -0.335 -21
257 -0.835 -0.335 -21
258 -0.335 -0.335 -21
259 2.775557561562891e-17 -0.335 -21
260 0.3350000000000001 -0.335 -21
261 0.8350000000000002 -0.335 -21
262 3.515000000000001 -0.335 -21
263 6.195 -0.335 -21
264 21.195 -0.335 -21
265 -21.195 1.850371707708594e-17 -21
266 -6.195 2.775557561562891e-17 -21
267 -3.515 2.775557561562891e-17 -21
268 -0.835 2.775557561562891e-17 -21
269 -0.335 2.775557561562891e-17 -21
270 2.775557561562891e-17 2.775557561562891e-17 -21
271 0.335 2.775557561562891e-17 -21
272 0.8350000000000001 2.775557561562891e-17 -21
273 3.515000000000001 2.775557561562891e-17 -21
274 6.195 2.775557561562891e-17 -21
275 21.195 1.850371707708594e-17 -21
276 -21.195 0.3350000000000001 -21
277 -6.195 0.3350000000000001 -21
278 -3.515 0.3350000000000001 -21
279 -0.835 0.3350000000000001 -21
280 -0.335 0.3350000000000001 -21
281 2.775557561562891e-17 0.335 -21
282 0.3350000000000001 0.3350000000000001 -21
283 0.8350000000000002 0.3350000000000001 -21
284 3.515000000000001 0.3350000000000001 -21
285 6.195 0.3350000000000001 -21
286 21.195 0.3350000000000001 -21
287 -21.195 0.835 -21
288 -6.195 0.835 -21
289 -3.515 0.835 -21
290 -0.835 0.835 -21
291 -0.335 0.835 -21
292 2.775557561562891e-17 0.835 -21
293 0.3350000000000001 0.835 -21
294 0.8350000000000002 0.835 -21
295 3.515000000000001 0.835 -21
296 6.195 0.835 -21
297 21.195 0.835 -21
298 -21.195 6.195 -21
299 -6.195 6.195 -21
300 -3.515 6.195 -21
301 -0.835 6.195 -21
302 -0.335 6.195 -21
303 1.850371707708594e-17 6.195 -21
304 0.3350000000000001 6.195 -21
305 0.8350000000000001 6.195 -21
306 3.515000000000001 6.195 -21
307 6.195 6.195 -21
308 21.195 6.195 -21
309 -21.195 -6.195 -23.5
310 -21.195 -0.835 -23.5
311 -6.195 -0.835 -23.5
312 -6.195 -6.195 -23.5
313 -3.515 -0.835 -23.5
314 -3.515 -6.195 -23.5
315 -0.835 -0.835 -23.5
316 -0.835 -6.195 -23.5
317 -0.335 -0.835 -23.5
318 -0.335 -6.195 -23.5
319 2.775557561562891e-17 -0.835 -23.5
320 1.850371707708594e-17 -6.195 -23.5
321 0.3350000000000001 -0.835 -23.5
322 0.3350000000000001 -6.195 -23.5
323 0.8350000000000002 -0.835 -23.5
324 0.8350000000000001 -6.195 -23.5
325 3.515000000000001 -0.835 -23.5
326 3.515000000000001 -6.195 -23.5
327 6.195 -0.835 -23.5
328 6.195 -6.195 -23.5
329 21.195 -0.835 -23.5
330 21.195 -6.195 -23.5
331 -21.195 -0.335 -23.5
332 -6.195 -0.335 -23.5
333 -3.515 -0.335 -23.5
334 -0.835 -0.335 -23.5
335 -0.335 -0.335 -23.5
336 2.775557561562891e-17 -0.335 -23.5
337 0.3350000000000001 -0.335 -23.5
338 0.8350000000000002 -0.335 -23.5
339 3.515000000000001 -0.335 -23.5
340 6.195 -0.335 -23.5
341 21.195 -0.335 -23.5
342 -21.195 1.850371707708594e-17 -23.5
343 -6.195 2.775557561562891e-17 -23.5
344 -3.515 2.775557561562891e-17 -23.5
345 -0.835 2.775557561562891e-17 -23.5
346 -0.335 2.775557561562891e-17 -23.5
347 2.775557561562891e-17 2.775557561562891e-17 -23.5
348 0.335 2.775557561562891e-17 -23.5
349 0.8350000000000001 2.775557561562891e-17 -23.5
350 3.515000000000001 2.775557561562891e-17 -23.5
351 6.195 2.775557561562891e-17 -23.5
352 21.195 1.850371707708594e-17 -23.5
353 -21.195 0.3350000000000001 -23.5
354 -6.195 0.3350000000000001 -23.5
355 -3.515 0.3350000000000001 -23.5
356 -0.835 0.3350000000000001 -23.5
357 -0.335 0.3350000000000001 -23.5
358 2.775557561562891e-17 0.335 -23.5
359 0.3350000000000001 0.3350000000000001 -23.5
360 0.8350000000000002 0.3350000000000001 -23.5
361 3.515000000000001 0.3350000000000001 -23.5
362 6.195 0.3350000000000001 -23.5
363 21.195 0.3350000000000001 -23.5
364 -21.195 0.835 -23.5
365 -6.195 0.835 -23.5
366 -3.515 0.835 -23.5
367 -0.835 0.835 -23.5
368 -0.335 0.835 -23.5
369 2.775557561562891e-17 0.835 -23.5
370 0.3350000000000001 0.835 -23.5
371 0.8350000000000002 0.835 -23.5
372 3.515000000000001 0.835 -23.5
373 6.195 0.835 -23.5
374 21.195 0.835 -23.5
375 -21.195 6.195 -23.5
376 -6.195 6.195 -23.5
377 -3.515 6.195 -23.5
378 -0.835 6.195 -23.5
379 -0.335 6.195 -23.5
380 1.850371707708594e-17 6.195 -23.5
381 0.3350000000000001 6.195 -23.5
382 0.8350000000000001 6.195 -23.5
383 3.515000000000001 6.195 -23.5
384 6.195 6.195 -23.5
385 21.195 6.195 -23.5
386 -23.695 -6.195 -10
387 -23.695 -6.195 0
388 -23.695 -0.835 0
389 -23.695 -0.835 -10
390 -23.695 -0.335 0
391 -23.695 -0.335 -10
392 -23.695 1.850371707708594e-17 0
393 -23.695 2.775557561562891e-17 -10
394 -23.695 0.3350000000000001 0
395 -23.695 0.3350000000000001 -10
396 -23.695 0.835 0
397 -23.695 0.835 -10
398 -23.695 6.195 0
399 -23.695 6.195 -10
400 -23.695 -6.195 -16
401 -23.695 -0.835 -16
402 -23.695 -0.335 -16
403 -23.695 2.775557561562891e-17 -16
404 -23.695 0.3350000000000001 -16
405 -23.695 0.835 -16
406 -23.695 6.195 -16
407 23.695 -6.195 -10
408 23.695 -6.195 0
409 23.695 -0.835 0
410 23.695 -0.835 -10
411 23.695 -0.335 0
412 23.695 -0.335 -10
413 23.695 1.850371707708594e-17 0
414 23.695 2.775557561562891e-17 -10
415 23.695 0.3350000000000001 0
416 23.695 0.3350000000000001 -10
417 23.695 0.835 0
418 23.695 0.835 -10
419 23.695 6.195 0
420 23.695 6.195 -10
421 23.695 -6.195 -16
422 23.695 -0.835 -16
423 23.695 -0.335 -16
424 23.695 2.775557561562891e-17 -16
425 23.695 0.3350000000000001 -16
426 23.695 0.835 -16
427 23.695 6.195 -16
428 -6.195 -8.695 -10
429 -6.195 -8.695 0
430 -3.515 -8.695 -10
431 -3.515 -8.695 0
432 -0.835 -8.695 -10
433 -0.835 -8.695 0
434 -0.335 -8.695 -10
435 -0.335 -8.695 0
436 2.775557561562891e-17 -8.695 -10
437 1.850371707708594e-17 -8.695 0
438 0.3350000000000001 -8.695 -10
439 0.3350000000000001 -8.695 0
440 0.8350000000000002 -8.695 -10
441 0.8350000000000001 -8.695 0
442 3.515000000000001 -8.695 -10
443 3.515000000000001 -8.695 0
444 6.195 -8.695 -10
445 6.195 -8.695 0
446 -6.195 -8.695 -16
447 -3.515 -8.695 -16
448 -0.835 -8.695 -16
449 -0.335 -8.695 -16
450 2.775557561562891e-17 -8.695 -16
451 0.3350000000000001 -8.695 -16
452 0.8350000000000002 -8.695 -16
453 3.515000000000001 -8.695 -16
454 6.195 -8.695 -16
455 -6.195 8.695 -10
456 -6.195 8.695 0
457 -3.515 8.695 -10
458 -3.515 8.695 0
459 -0.835 8.695 -10
460 -0.835 8.695 0
461 -0.335 8.695 -10
462 -0.335 8.695 0
463 2.775557561562891e-17 8.695 -10
464 1.850371707708594e-17 8.695 0
465 0.3350000000000001 8.695 -10
466 0.3350000000000001 8.695 0
467 0.8350000000000002 8.695 -10
468 0.8350000000000001 8.695 0
469 3.515000000000001 8.695 -10
470 3.515000000000001 8.695 0
471 6.195 8.695 -10
472 6.195 8.695 0
473 -6.195 8.695 -16
474 -3.515 8.695 -16
475 -0.835 8.695 -16
476 -0.335 8.695 -16
477 2.775557561562891e-17 8.695 -16
478 0.3350000000000001 8.695 -16
479 0.8350000000000002 8.695 -16
480 3.515000000000001 8.695 -16
481 6.195 8.695 -16
482 -23.695 -6.195 -21
483 -23.695 -0.835 -21
484 -23.695 -0.335 -21
485 -23.695 1.850371707708594e-17 -21
486 -23.695 0.3350000000000001 -21
487 -23.695 0.835 -21
488 -23.695 6.195 -21
489 23.695 -6.195 -21
490 23.695 -0.835 -21
491 23.695 -0.335 -21
492 23.695 1.850371707708594e-17 -21
493 23.695 0.3350000000000001 -21
494 23.695 0.835 -21
495 23.695 6.195 -21
496 -21.195 -8.695 -10
497 -21.195 -8.695 0
498 21.195 -8.695 -10
499 21.195 -8.695 0
500 -21.195 -8.695 -16
501 21.195 -8.695 -16
502 -21.195 -8.695 -21
503 -6.195 -8.695 -21
504 -3.515 -8.695 -21
505 -0.835 -8.695 -21
506 -0.335 -8.695 -21
507 1.850371707708594e-17 -8.695 -21
508 0.3350000000000001 -8.695 -21
509 0.8350000000000001 -8.695 -21
510 3.515000000000001 -8.695 -21
511 6.195 -8.695 -21
512 21.195 -8.695 -21
513 -21.195 8.695 -10
514 -21.195 8.695 0
515 21.195 8.695 -10
516 21.195 8.695 0
517 -21.195 8.695 -16
518 21.195 8.695 -16
519 -21.195 8.695 -21
520 -6.195 8.695 -21
521 -3.515 8.695 -21
522 -0.835 8.695 -21
523 -0.335 8.695 -21
524 1.850371707708594e-17 8.695 -21
525 0.3350000000000001 8.695 -21
526 0.8350000000000001 8.695 -21
527 3.515000000000001 8.695 -21
528 6.195 8.695 -21
529 21.195 8.695 -21
530 -23.695 -6.195 -23.5
531 -23.695 -0.835 -23.5
532 -23.695 -0.335 -23.5
533 -23.695 1.850371707708594e-17 -23.5
534 -23.695 0.3350000000000001 -23.5
535 -23.695 0.835 -23.5
536 -23.695 6.195 -23.5
537 23.695 -6.195 -23.5
538 23.695 -0.835 -23.5
539 23.695 -0.335 -23.5
540 23.695 1.850371707708594e-17 -23.5
541 23.695 0.3350000000000001 -23.5
542 23.695 0.835 -23.5
543 23.695 6.195 -23.5
544 -21.195 -8.695 -23.5
545 -6.195 -8.695 -23.5
546 -3.515 -8.695 -23.5
547 -0.835 -8.695 -23.5
548 -0.335 -8.695 -23.5
549 1.850371707708594e-17 -8.695 -23.5
550 0.3350000000000001 -8.695 -23.5
551 0.8350000000000001 -8.695 -23.5
552 3.515000000000001 -8.695 -23.5
553 6.195 -8.695 -23.5
554 21.195 -8.695 -23.5
555 -21.195 8.695 -23.5
556 -6.195 8.695 -23.5
557 -3.515 8.695 -23.5
558 -0.835 8.695 -23.5
559 -0.335 8.695 -23.5
560 1.850371707708594e-17 8.695 -23.5
561 0.3350000000000001 8.695 -23.5
562 0.8350000000000001 8.695 -23.5
563 3.515000000000001 8.695 -23.5
564 6.195 8.695 -23.5
565 21.195 8.695 -23.5
566 -23.695 -8.695 -10
567 -23.695 -8.695 0
568 -23.695 -8.695 -16
569 -23.695 -8.695 -21
570 -23.695 8.695 -10
571 -23.695 8.695 0
572 -23.695 8.695 -16
573 -23.695 8.695 -21
574 23.695 -8.695 -10
575 23.695 -8.695 0
576 23.695 -8.695 -16
577 23.695 -8.695 -21
578 23.695 8.695 -10
579 23.695 8.695 0
580 23.695 8.695 -16
581 23.695 8.695 -21
582 -23.695 -8.695 -23.5
583 -23.695 8.695 -23.5
584 23.695 -8.695 -23.5
585 23.695 8.695 -23.5
586 0 0 -17
587 0 0 0
588 0 0 3.8
589 -21.195 -6.195 -8
590 -21.195 -6.195 -6
591 -21.195 -6.195 -3.999999999999999
592 -21.195 -6.195 -2
593 -21.195 -3.515000000000003 0
594 -21.195 -0.835 -8
595 -21.195 -0.835 -6
596 -21.195 -0.835 -3.999999999999999
597 -21.195 -0.835 -2
598 -21.195 -3.515000000000003 -10
599 -6.195 -6.195 -8
600 -6.195 -6.195 -6
601 -6.195 -6.195 -3.999999999999999
602 -6.195 -6.195 -2
603 -6.195 -3.515000000000003 0
604 -6.195 -0.835 -8
605 -6.195 -0.835 -6
606 -6.195 -0.835 -3.999999999999999
607 -6.195 -0.835 -2
608 -6.195 -3.515000000000003 -10
609 -16.195 -6.195 -10
610 -11.195 -6.195 -10
611 -16.195 -6.195 0
612 -11.195 -6.195 0
613 -16.195 -0.835 -10
614 -11.195 -0.835 -10
615 -16.195 -0.835 0
616 -11.195 -0.835 0
617 -3.515 -6.195 -8
618 -3.515 -6.195 -6
619 -3.515 -6.195 -3.999999999999999
620 -3.515 -6.195 -2
621 -3.515 -3.515000000000003 0
622 -3.515 -0.835 -8
623 -3.515 -0.835 -6
624 -3.515 -0.835 -3.999999999999999
625 -3.515 -0.835 -2
626 -3.515 -3.515000000000003 -10
627 -0.835 -6.195 -8
628 -0.835 -6.195 -6
629 -0.835 -6.195 -3.999999999999999
630 -0.835 -6.195 -2
631 -0.835 -3.515000000000003 0
632 -0.835 -0.835 -8
633 -0.835 -0.835 -6
634 -0.835 -0.835 -3.999999999999999
635 -0.835 -0.835 -2
636 -0.835 -3.515000000000003 -10
637 -2.175000000000002 -6.195 -10
638 -2.175000000000002 -6.195 0
639 -2.175000000000002 -0.835 -10
640 -2.175000000000002 -0.835 0
641 -0.335 -6.195 -8
642 -0.335 -6.195 -6
643 -0.335 -6.195 -3.999999999999999
644 -0.335 -6.195 -2
645 -0.335 -3.515000000000003 0
646 -0.335 -0.835 -8
647 -0.335 -0.835 -6
648 -0.335 -0.835 -3.999999999999999
649 -0.335 -0.835 -2
650 -0.335 -3.515000000000003 -10
651 0 -6.195 -8
652 0 -6.195 -6
653 0 -6.195 -3.999999999999999
654 0 -6.195 -2
655 0 -3.515000000000003 0
656 0 -0.835 -8
657 0 -0.835 -6
658 0 -0.835 -3.999999999999999
659 0 -0.835 -2
660 0 -3.515000000000003 -10
661 0.3350000000000001 -6.195 -8
662 0.3350000000000001 -6.195 -6
663 0.3350000000000001 -6.195 -3.999999999999999
664 0.3350000000000001 -6.195 -2
665 0.3350000000000001 -3.515000000000003 0
666 0.3350000000000001 -0.835 -8
667 0.3350000000000001 -0.835 -6
668 0.3350000000000001 -0.835 -3.999999999999999
669 0.3350000000000001 -0.835 -2
670 0.3350000000000001 -3.515000000000003 -10
671 0.8350000000000001 -6.195 -8
672 0.8350000000000001 -6.195 -6
673 0.8350000000000001 -6.195 -3.999999999999999
674 0.8350000000000001 -6.195 -2
675 0.8350000000000001 -3.515000000000003 0
676 0.8350000000000001 -0.835 -8
677 0.8350000000000001 -0.835 -6
678 0.8350000000000001 -0.835 -3.999999999999999
679 0.8350000000000001 -0.835 -2
680 0.8350000000000001 -3.515000000000003 -10
681 3.515000000000001 -6.195 -8
682 3.515000000000001 -6.195 -6
683 3.515000000000001 -6.195 -3.999999999999999
684 3.515000000000001 -6.195 -2
685 3.515000000000001 -3.515000000000003 0
686 3.515000000000001 -0.835 -8
687 3.515000000000001 -0.835 -6
688 3.515000000000001 -0.835 -3.999999999999999
689 3.515000000000001 -0.835 -2
690 3.515000000000001 -3.515000000000003 -10
691 2.174999999999999 -6.195 -10
692 2.174999999999999 -6.195 0
693 2.174999999999999 -0.835 -10
694 2.174999999999999 -0.835 0
695 6.195000000000001 -6.195 -8
696 6.195000000000001 -6.195 -6
697 6.195000000000001 -6.195 -3.999999999999999
698 6.195000000000001 -6.195 -2
699 6.195000000000001 -3.515000000000003 0
700 6.195000000000001 -0.835 -8
701 6.195000000000001 -0.835 -6
702 6.195000000000001 -0.835 -3.999999999999999
703 6.195000000000001 -0.835 -2
704 6.195000000000001 -3.515000000000003 -10
705 21.195 -6.195 -8
706 21.195 -6.195 -6
707 21.195 -6.195 -3.999999999999999
708 21.195 -6.195 -2
709 21.195 -3.515000000000003 0
710 21.195 -0.835 -8
711 21.195 -0.835 -6
712 21.195 -0.835 -3.999999999999999
713 21.195 -0.835 -2
714 21.195 -3.515000000000003 -10
715 11.195 -6.195 -10
716 16.195 -6.195 -10
717 11.195 -6.195 0
718 16.195 -6.195 0
719 11.195 -0.835 -10
720 16.195 -0.835 -10
721 11.195 -0.835 0
722 16.195 -0.835 0
723 -21.195 -0.335 -8
724 -21.195 -0.335 -6
725 -21.195 -0.335 -3.999999999999999
726 -21.195 -0.335 -2
727 -6.195 -0.335 -8
728 -6.195 -0.335 -6
729 -6.195 -0.335 -3.999999999999999
730 -6.195 -0.335 -2
731 -16.195 -0.335 -10
732 -11.195 -0.335 -10
733 -16.195 -0.335 0
734 -11.195 -0.335 0
735 -3.515 -0.335 -8
736 -3.515 -0.335 -6
737 -3.515 -0.335 -3.999999999999999
738 -3.515 -0.335 -2
739 -0.835 -0.335 -8
740 -0.835 -0.335 -6
741 -0.835 -0.335 -3.999999999999999
742 -0.835 -0.335 -2
743 -2.175000000000002 -0.335 -10
744 -2.175000000000002 -0.335 0
745 -0.335 -0.335 -8
746 -0.335 -0.335 -6
747 -0.335 -0.335 -3.999999999999999
748 -0.335 -0.335 -2
749 0 -0.335 -8
750 0 -0.335 -6
751 0 -0.335 -3.999999999999999
752 0 -0.335 -2
753 0.3350000000000001 -0.335 -8
754 0.3350000000000001 -0.335 -6
755 0.3350000000000001 -0.335 -3.999999999999999
756 0.3350000000000001 -0.335 -2
757 0.8350000000000001 -0.335 -8
758 0.8350000000000001 -0.335 -6
759 0.8350000000000001 -0.335 -3.999999999999999
760 0.8350000000000001 -0.335 -2
761 3.515000000000001 -0.335 -8
762 3.515000000000001 -0.335 -6
763 3.515000000000001 -0.335 -3.999999999999999
764 3.515000000000001 -0.335 -2
765 2.174999999999999 -0.335 -10
766 2.174999999999999 -0.335 0
767 6.195000000000001 -0.335 -8
768 6.195000000000001 -0.335 -6
769 6.195000000000001 -0.335 -3.999999999999999
770 6.195000000000001 -0.335 -2
771 21.195 -0.335 -8
772 21.195 -0.335 -6
773 21.195 -0.335 -3.999999999999999
774 21.195 -0.335 -2
775 11.195 -0.335 -10
776 16.195 -0.335 -10
777 11.195 -0.335 0
778 16.195 -0.335 0
779 -21.195 0 -8
780 -21.195 0 -6
781 -21.195 0 -3.999999999999999
782 -21.195 0 -2
783 -6.195 0 -8
784 -6.195 0 -6
785 -6.195 0 -3.999999999999999
786 -6.195 0 -2
787 -16.195 0 -10
788 -11.195 0 -10
789 -16.195 0 0
790 -11.195 0 0
791 -3.515 0 -8
792 -3.515 0 -6
793 -3.515 0 -3.999999999999999
794 -3.515 0 -2
795 -0.835 0 -8
796 -0.835 0 -6
797 -0.835 0 -3.999999999999999
798 -0.835 0 -2
799 -2.175000000000002 0 -10
800 -2.175000000000002 0 0
801 -0.335 0 -8
802 -0.335 0 -6
803 -0.335 0 -3.999999999999999
804 -0.335 0 -2
805 0 0 -8
806 0 0 -6
807 0 0 -3.999999999999999
808 0 0 -2
809 0.3350000000000001 0 -8
810 0.3350000000000001 0 -6
811 0.3350000000000001 0 -3.999999999999999
812 0.3350000000000001 0 -2
813 0.8350000000000001 0 -8
814 0.8350000000000001 0 -6
815 0.8350000000000001 0 -3.999999999999999
816 0.8350000000000001 0 -2
817 3.515000000000001 0 -8
818 3.515000000000001 0 -6
819 3.515000000000001 0 -3.999999999999999
820 3.515000000000001 0 -2
821 2.174999999999999 0 -10
822 2.174999999999999 0 0
823 6.195000000000001 0 -8
824 6.195000000000001 0 -6
825 6.195000000000001 0 -3.999999999999999
826 6.195000000000001 0 -2
827 21.195 0 -8
828 21.195 0 -6
829 21.195 0 -3.999999999999999
830 21.195 0 -2
831 11.195 0 -10
832 16.195 0 -10
833 11.195 0 0
834 16.195 0 0
835 -21.195 0.3350000000000001 -8
836 -21.195 0.3350000000000001 -6
837 -21.195 0.3350000000000001 -3.999999999999999
838 -21.195 0.3350000000000001 -2
839 -6.195 0.3350000000000001 -8
840 -6.195 0.3350000000000001 -6
841 -6.195 0.3350000000000001 -3.999999999999999
842 -6.195 0.3350000000000001 -2
843 -16.195 0.3350000000000001 -10
844 -11.195 0.3350000000000001 -10
845 -16.195 0.3350000000000001 0
846 -11.195 0.3350000000000001 0
847 -3.515 0.3350000000000001 -8
848 -3.515 0.3350000000000001 -6
849 -3.515 0.3350000000000001 -3.999999999999999
850 -3.515 0.3350000000000001 -2
851 -0.835 0.3350000000000001 -8
852 -0.835 0.3350000000000001 -6
853 -0.835 0.3350000000000001 -3.999999999999999
854 -0.835 0.3350000000000001 -2
855 -2.175000000000002 0.3350000000000001 -10
856 -2.175000000000002 0.3350000000000001 0
857 -0.335 0.3350000000000001 -8
858 -0.335 0.3350000000000001 -6
859 -0.335 0.3350000000000001 -3.999999999999999
860 -0.335 0.3350000000000001 -2
861 0 0.3350000000000001 -8
862 0 0.3350000000000001 -6
863 0 0.3350000000000001 -3.999999999999999
864 0 0.3350000000000001 -2
865 0.3350000000000001 0.3350000000000001 -8
866 0.3350000000000001 0.3350000000000001 -6
867 0.3350000000000001 0.3350000000000001 -3.999999999999999
868 0.3350000000000001 0.3350000000000001 -2
869 0.8350000000000001 0.3350000000000001 -8
870 0.8350000000000001 0.3350000000000001 -6
871 0.8350000000000001 0.3350000000000001 -3.999999999999999
872 0.8350000000000001 0.3350000000000001 -2
873 3.515000000000001 0.3350000000000001 -8
874 3.515000000000001 0.3350000000000001 -6
875 3.515000000000001 0.3350000000000001 -3.999999999999999
876 3.515000000000001 0.3350000000000001 -2
877 2.174999999999999 0.3350000000000001 -10
878 2.174999999999999 0.3350000000000001 0
879 6.195000000000001 0.3350000000000001 -8
880 6.195000000000001 0.3350000000000001 -6
881 6.195000000000001 0.3350000000000001 -3.999999999999999
882 6.195000000000001 0.3350000000000001 -2
883 21.195 0.3350000000000001 -8
884 21.195 0.3350000000000001 -6
885 21.195 0.3350000000000001 -3.999999999999999
886 21.195 0.3350000000000001 -2
887 11.195 0.3350000000000001 -10
888 16.195 0.3350000000000001 -10
889 11.195 0.3350000000000001 0
890 16.195 0.3350000000000001 0
891 -21.195 0.8350000000000001 -8
892 -21.195 0.8350000000000001 -6
893 -21.195 0.8350000000000001 -3.999999999999999
894 -21.195 0.8350000000000001 -2
895 -6.195 0.8350000000000001 -8
896 -6.195 0.8350000000000001 -6
897 -6.195 0.8350000000000001 -3.999999999999999
898 -6.195 0.8350000000000001 -2
899 -16.195 0.8350000000000001 -10
900 -11.195 0.8350000000000001 -10
901 -16.195 0.8350000000000001 0
902 -11.195 0.8350000000000001 0
903 -3.515 0.8350000000000001 -8
904 -3.515 0.8350000000000001 -6
905 -3.515 0.8350000000000001 -3.999999999999999
906 -3.515 0.8350000000000001 -2
907 -0.835 0.8350000000000001 -8
908 -0.835 0.8350000000000001 -6
909 -0.835 0.8350000000000001 -3.999999999999999
910 -0.835 0.8350000000000001 -2
911 -2.175000000000002 0.8350000000000001 -10
912 -2.175000000000002 0.8350000000000001 0
913 -0.335 0.8350000000000001 -8
914 -0.335 0.8350000000000001 -6
915 -0.335 0.8350000000000001 -3.999999999999999
916 -0.335 0.8350000000000001 -2
917 0 0.8350000000000001 -8
918 0 0.8350000000000001 -6
919 0 0.8350000000000001 -3.999999999999999
920 0 0.8350000000000001 -2
921 0.3350000000000001 0.8350000000000001 -8
922 0.3350000000000001 0.8350000000000001 -6
923 0.3350000000000001 0.8350000000000001 -3.999999999999999
924 0.3350000000000001 0.8350000000000001 -2
925 0.8350000000000001 0.8350000000000001 -8
926 0.8350000000000001 0.8350000000000001 -6
927 0.8350000000000001 0.8350000000000001 -3.999999999999999
928 0.8350000000000001 0.8350000000000001 -2
929 3.515000000000001 0.8350000000000001 -8
930 3.515000000000001 0.8350000000000001 -6
931 3.515000000000001 0.8350000000000001 -3.999999999999999
932 3.515000000000001 0.8350000000000001 -2
933 2.174999999999999 0.8350000000000001 -10
934 2.174999999999999 0.8350000000000001 0
935 6.195000000000001 0.8350000000000001 -8
936 6.195000000000001 0.8350000000000001 -6
937 6.195000000000001 0.8350000000000001 -3.999999999999999
938 6.195000000000001 0.8350000000000001 -2
939 21.195 0.8350000000000001 -8
940 21.195 0.8350000000000001 -6
941 21.195 0.8350000000000001 -3.999999999999999
942 21.195 0.8350000000000001 -2
943 11.195 0.8350000000000001 -10
944 16.195 0.8350000000000001 -10
945 11.195 0.8350000000000001 0
946 16.195 0.8350000000000001 0
947 -21.195 3.514999999999997 0
948 -21.195 6.195 -8
949 -21.195 6.195 -6
950 -21.195 6.195 -3.999999999999999
951 -21.195 6.195 -2
952 -21.195 3.514999999999997 -10
953 -6.195 3.514999999999997 0
954 -6.195 6.195 -8
955 -6.195 6.195 -6
956 -6.195 6.195 -3.999999999999999
957 -6.195 6.195 -2
958 -6.195 3.514999999999997 -10
959 -16.195 6.195 -10
960 -11.195 6.195 -10
961 -16.195 6.195 0
962 -11.195 6.195 0
963 -3.515 3.514999999999997 0
964 -3.515 6.195 -8
965 -3.515 6.195 -6
966 -3.515 6.195 -3.999999999999999
967 -3.515 6.195 -2
968 -3.515 3.514999999999997 -10
969 -0.835 3.514999999999997 0
970 -0.835 6.195 -8
971 -0.835 6.195 -6
972 -0.835 6.195 -3.999999999999999
973 -0.835 6.195 -2
974 -0.835 3.514999999999997 -10
975 -2.175000000000002 6.195 -10
976 -2.175000000000002 6.195 0
977 -0.335 3.514999999999997 0
978 -0.335 6.195 -8
979 -0.335 6.195 -6
980 -0.335 6.195 -3.999999999999999
981 -0.335 6.195 -2
982 -0.335 3.514999999999997 -10
983 0 3.514999999999997 0
984 0 6.195 -8
985 0 6.195 -6
986 0 6.195 -3.999999999999999
987 0 6.195 -2
988 0 3.514999999999997 -10
989 0.3350000000000001 3.514999999999997 0
990 0.3350000000000001 6.195 -8
991 0.3350000000000001 6.195 -6
992 0.3350000000000001 6.195 -3.999999999999999
993 0.3350000000000001 6.195 -2
994 0.3350000000000001 3.514999999999997 -10
995 0.8350000000000001 3.514999999999997 0
996 0.8350000000000001 6.195 -8
997 0.8350000000000001 6.195 -6
998 0.8350000000000001 6.195 -3.999999999999999
999 0.8350000000000001 6.195 -2
1000 0.8350000000000001 3.514999999999997 -10
1001 3.515000000000001 3.514999999999997 0
1002 3.515000000000001 6.195 -8
1003 3.515000000000001 6.195 -6
1004 3.515000000000001 6.195 -3.999999999999999
1005 3.515000000000001 6.195 -2
1006 3.515000000000001 3.514999999999997 -10
1007 2.174999999999999 6.195 -10
1008 2.174999999999999 6.195 0
1009 6.195000000000001 3.514999999999997 0
1010 6.195000000000001 6.195 -8
1011 6.195000000000001 6.195 -6
1012 6.195000000000001 6.195 -3.999999999999999
1013 6.195000000000001 6.195 -2
1014 6.195000000000001 3.514999999999997 -10
1015 21.195 3.514999999999997 0
1016 21.195 6.195 -8
1017 21.195 6.195 -6
1018 21.195 6.195 -3.999999999999999
1019 21.195 6.195 -2
1020 21.195 3.514999999999997 -10
1021 11.195 6.195 -10
1022 16.195 6.195 -10
1023 11.195 6.195 0
1024 16.195 6.195 0
1025 -21.195 -6.195 -14.5
1026 -21.195 -6.195 -13
1027 -21.195 -6.195 -11.5
1028 -21.195 -0.835 -14.5
1029 -21.195 -0.835 -13
1030 -21.195 -0.835 -11.5
1031 -21.195 -3.515000000000003 -16
1032 -6.195 -6.195 -14.5
1033 -6.195 -6.195 -13
1034 -6.195 -6.195 -11.5
1035 -6.195 -0.835 -14.5
1036 -6.195 -0.835 -13
1037 -6.195 -0.835 -11.5
1038 -6.195 -3.515000000000003 -16
1039 -16.195 -6.195 -16
1040 -11.195 -6.195 -16
1041 -16.195 -0.835 -16
1042 -11.195 -0.835 -16
1043 -3.515 -6.195 -14.5
1044 -3.515 -6.195 -13
1045 -3.515 -6.195 -11.5
1046 -3.515 -0.835 -14.5
1047 -3.515 -0.835 -13
1048 -3.515 -0.835 -11.5
1049 -3.515 -3.515000000000003 -16
1050 -0.835 -6.195 -14.5
1051 -0.835 -6.195 -13
1052 -0.835 -6.195 -11.5
1053 -0.835 -0.835 -14.5
1054 -0.835 -0.835 -13
1055 -0.835 -0.835 -11.5
1056 -0.835 -3.515000000000003 -16
1057 -2.175000000000002 -6.195 -16
1058 -2.175000000000002 -0.835 -16
1059 -0.335 -6.195 -14.5
1060 -0.335 -6.195 -13
1061 -0.335 -6.195 -11.5
1062 -0.335 -0.835 -14.5
1063 -0.335 -0.835 -13
1064 -0.335 -0.835 -11.5
1065 -0.335 -3.515000000000003 -16
1066 0 -6.195 -14.5
1067 0 -6.195 -13
1068 0 -6.195 -11.5
1069 0 -0.835 -14.5
1070 0 -0.835 -13
1071 0 -0.835 -11.5
1072 0 -3.515000000000003 -16
1073 0.3350000000000001 -6.195 -14.5
1074 0.3350000000000001 -6.195 -13
1075 0.3350000000000001 -6.195 -11.5
1076 0.3350000000000001 -0.835 -14.5
1077 0.3350000000000001 -0.835 -13
1078 0.3350000000000001 -0.835 -11.5
1079 0.3350000000000001 -3.515000000000003 -16
1080 0.8350000000000001 -6.195 -14.5
1081 0.8350000000000001 -6.195 -13
1082 0.8350000000000001 -6.195 -11.5
1083 0.8350000000000001 -0.835 -14.5
1084 0.8350000000000001 -0.835 -13
1085 0.8350000000000001 -0.835 -11.5
1086 0.8350000000000001 -3.515000000000003 -16
1087 3.515000000000001 -6.195 -14.5
1088 3.515000000000001 -6.195 -13
1089 3.515000000000001 -6.195 -11.5
1090 3.515000000000001 -0.835 -14.5
1091 3.515000000000001 -0.835 -13
1092 3.515000000000001 -0.835 -11.5
1093 3.515000000000001 -3.515000000000003 -16
1094 2.174999999999999 -6.195 -16
1095 2.174999999999999 -0.835 -16
1096 6.195000000000001 -6.195 -14.5
1097 6.195000000000001 -6.195 -13
1098 6.195000000000001 -6.195 -11.5
1099 6.195000000000001 -0.835 -14.5
1100 6.195000000000001 -0.835 -13
1101 6.195000000000001 -0.835 -11.5
1102 6.195000000000001 -3.515000000000003 -16
1103 21.195 -6.195 -14.5
1104 21.195 -6.195 -13
1105 21.195 -6.195 -11.5
1106 21.195 -0.835 -14.5
1107 21.195 -0.835 -13
1108 21.195 -0.835 -11.5
1109 21.195 -3.515000000000003 -16
1110 11.195 -6.195 -16
1111 16.195 -6.195 -16
1112 11.195 -0.835 -16
1113 16.195 -0.835 -16
1114 -21.195 -0.335 -14.5
1115 -21.195 -0.335 -13
1116 -21.195 -0.335 -11.5
1117 -6.195 -0.335 -14.5
1118 -6.195 -0.335 -13
1119 -6.195 -0.335 -11.5
1120 -16.195 -0.335 -16
1121 -11.195 -0.335 -16
1122 -3.515 -0.335 -14.5
1123 -3.515 -0.335 -13
1124 -3.515 -0.335 -11.5
1125 -0.835 -0.335 -14.5
1126 -0.835 -0.335 -13
1127 -0.835 -0.335 -11.5
1128 -2.175000000000002 -0.335 -16
1129 -0.335 -0.335 -14.5
1130 -0.335 -0.335 -13
1131 -0.335 -0.335 -11.5
1132 0 -0.335 -14.5
1133 0 -0.335 -13
1134 0 -0.335 -11.5
1135 0.3350000000000001 -0.335 -14.5
1136 0.3350000000000001 -0.335 -13
1137 0.3350000000000001 -0.335 -11.5
1138 0.8350000000000001 -0.335 -14.5
1139 0.8350000000000001 -0.335 -13
1140 0.8350000000000001 -0.335 -11.5
1141 3.515000000000001 -0.335 -14.5
1142 3.515000000000001 -0.335 -13
1143 3.515000000000001 -0.335 -11.5
1144 2.174999999999999 -0.335 -16
1145 6.195000000000001 -0.335 -14.5
1146 6.195000000000001 -0.335 -13
1147 6.195000000000001 -0.335 -11.5
1148 21.195 -0.335 -14.5
1149 21.195 -0.335 -13
1150 21.195 -0.335 -11.5
1151 11.195 -0.335 -16
1152 16.195 -0.335 -16
1153 -21.195 0 -14.5
1154 -21.195 0 -13
1155 -21.195 0 -11.5
1156 -6.195 0 -14.5
1157 -6.195 0 -13
1158 -6.195 0 -11.5
1159 -16.195 0 -16
1160 -11.195 0 -16
1161 -3.515 0 -14.5
1162 -3.515 0 -13
1163 -3.515 0 -11.5
1164 -0.835 0 -14.5
1165 -0.835 0 -13
1166 -0.835 0 -11.5
1167 -2.175000000000002 0 -16
1168 -0.335 0 -14.5
1169 -0.335 0 -13
1170 -0.335 0 -11.5
1171 0 0 -14.5
1172 0 0 -13
1173 0 0 -11.5
1174 0.3350000000000001 0 -14.5
1175 0.3350000000000001 0 -13
1176 0.3350000000000001 0 -11.5
1177 0.8350000000000001 0 -14.5
1178 0.8350000000000001 0 -13
1179 0.8350000000000001 0 -11.5
1180 3.515000000000001 0 -14.5
1181 3.515000000000001 0 -13
1182 3.515000000000001 0 -11.5
1183 2.174999999999999 0 -16
1184 6.195000000000001 0 -14.5
1185 6.195000000000001 0 -13
1186 6.195000000000001 0 -11.5
1187 21.195 0 -14.5
1188 21.195 0 -13
1189 21.195 0 -11.5
1190 11.195 0 -16
1191 16.195 0 -16
1192 -21.195 0.3350000000000001 -14.5
1193 -21.195 0.3350000000000001 -13
1194 -21.195 0.3350000000000001 -11.5
1195 -6.195 0.3350000000000001 -14.5
1196 -6.195 0.3350000000000001 -13
1197 -6.195 0.3350000000000001 -11.5
1198 -16.195 0.3350000000000001 -16
1199 -11.195 0.3350000000000001 -16
1200 -3.515 0.3350000000000001 -14.5
1201 -3.515 0.3350000000000001 -13
1202 -3.515 0.3350000000000001 -11.5
1203 -0.835 0.3350000000000001 -14.5
1204 -0.835 0.3350000000000001 -13
1205 -0.835 0.3350000000000001 -11.5
1206 -2.175000000000002 0.3350000000000001 -16
1207 -0.335 0.3350000000000001 -14.5
1208 -0.335 0.3350000000000001 -13
1209 -0.335 0.3350000000000001 -11.5
1210 0 0.3350000000000001 -14.5
1211 0 0.3350000000000001 -13
1212 0 0.3350000000000001 -11.5
1213 0.3350000000000001 0.3350000000000001 -14.5
1214 0.3350000000000001 0.3350000000000001 -13
1215 0.3350000000000001 0.3350000000000001 -11.5
1216 0.8350000000000001 0.3350000000000001 -14.5
1217 0.8350000000000001 0.3350000000000001 -13
1218 0.8350000000000001 0.3350000000000001 -11.5
1219 3.515000000000001 0.3350000000000001 -14.5
1220 3.515000000000001 0.3350000000000001 -13
1221 3.515000000000001 0.3350000000000001 -11.5
1222 2.174999999999999 0.3350000000000001 -16
1223 6.195000000000001 0.3350000000000001 -14.5
1224 6.195000000000001 0.3350000000000001 -13
1225 6.195000000000001 0.3350000000000001 -11.5
1226 21.195 0.3350000000000001 -14.5
1227 21.195 0.3350000000000001 -13
1228 21.195 0.3350000000000001 -11.5
1229 11.195 0.3350000000000001 -16
1230 16.195 0.3350000000000001 -16
1231 -21.195 0.8350000000000001 -14.5
1232 -21.195 0.8350000000000001 -13
1233 -21.195 0.8350000000000001 -11.5
1234 -6.195 0.8350000000000001 -14.5
1235 -6.195 0.8350000000000001 -13
1236 -6.195 0.8350000000000001 -11.5
1237 -16.195 0.8350000000000001 -16
1238 -11.195 0.8350000000000001 -16
1239 -3.515 0.8350000000000001 -14.5
1240 -3.515 0.8350000000000001 -13
1241 -3.515 0.8350000000000001 -11.5
1242 -0.835 0.8350000000000001 -14.5
1243 -0.835 0.8350000000000001 -13
1244 -0.835 0.8350000000000001 -11.5
1245 -2.175000000000002 0.8350000000000001 -16
1246 -0.335 0.8350000000000001 -14.5
1247 -0.335 0.8350000000000001 -13
1248 -0.335 0.8350000000000001 -11.5
1249 0 0.8350000000000001 -14.5
1250 0 0.8350000000000001 -13
1251 0 0.8350000000000001 -11.5
1252 0.3350000000000001 0.8350000000000001 -14.5
1253 0.3350000000000001 0.8350000000000001 -13
1254 0.3350000000000001 0.8350000000000001 -11.5
1255 0.8350000000000001 0.8350000000000001 -14.5
1256 0.8350000000000001 0.8350000000000001 -13
1257 0.8350000000000001 0.8350000000000001 -11.5
1258 3.515000000000001 0.8350000000000001 -14.5
1259 3.515000000000001 0.8350000000000001 -13
1260 3.515000000000001 0.8350000000000001 -11.5
1261 2.174999999999999 0.8350000000000001 -16
1262 6.195000000000001 0.8350000000000001 -14.5
1263 6.195000000000001 0.8350000000000001 -13
1264 6.195000000000001 0.8350000000000001 -11.5
1265 21.195 0.8350000000000001 -14.5
1266 21.195 0.8350000000000001 -13
1267 21.195 0.8350000000000001 -11.5
1268 11.195 0.8350000000000001 -16
1269 16.195 0.8350000000000001 -16
1270 -21.195 6.195 -14.5
1271 -21.195 6.195 -13
1272 -21.195 6.195 -11.5
1273 -21.195 3.514999999999997 -16
1274 -6.195 6.195 -14.5
1275 -6.195 6.195 -13
1276 -6.195 6.195 -11.5
1277 -6.195 3.514999999999997 -16
1278 -16.195 6.195 -16
1279 -11.195 6.195 -16
1280 -3.515 6.195 -14.5
1281 -3.515 6.195 -13
1282 -3.515 6.195 -11.5
1283 -3.515 3.514999999999997 -16
1284 -0.835 6.195 -14.5
1285 -0.835 6.195 -13
1286 -0.835 6.195 -11.5
1287 -0.835 3.514999999999997 -16
1288 -2.175000000000002 6.195 -16
1289 -0.335 6.195 -14.5
1290 -0.335 6.195 -13
1291 -0.335 6.195 -11.5
1292 -0.335 3.514999999999997 -16
1293 0 6.195 -14.5
1294 0 6.195 -13
1295 0 6.195 -11.5
1296 0 3.514999999999997 -16
1297 0.3350000000000001 6.195 -14.5
1298 0.3350000000000001 6.195 -13
1299 0.3350000000000001 6.195 -11.5
1300 0.3350000000000001 3.514999999999997 -16
1301 0.8350000000000001 6.195 -14.5
1302 0.8350000000000001 6.195 -13
1303 0.8350000000000001 6.195 -11.5
1304 0.8350000000000001 3.514999999999997 -16
1305 3.515000000000001 6.195 -14.5
1306 3.515000000000001 6.195 -13
1307 3.515000000000001 6.195 -11.5
1308 3.515000000000001 3.514999999999997 -16
1309 2.174999999999999 6.195 -16
1310 6.195000000000001 6.195 -14.5
1311 6.195000000000001 6.195 -13
1312 6.195000000000001 6.195 -11.5
1313 6.195000000000001 3.514999999999997 -16
1314 21.195 6.195 -14.5
1315 21.195 6.195 -13
1316 21.195 6.195 -11.5
1317 21.195 3.514999999999997 -16
1318 11.195 6.195 -16
1319 16.195 6.195 -16
1320 -21.195 -6.195 -20
1321 -21.195 -6.195 -19
1322 -21.195 -6.195 -18
1323 -21.195 -6.195 -17
1324 -21.195 -0.835 -20
1325 -21.195 -0.835 -19
1326 -21.195 -0.835 -18
1327 -21.195 -0.835 -17
1328 -21.195 -3.515000000000003 -21
1329 -6.195 -6.195 -20
1330 -6.195 -6.195 -19
1331 -6.195 -6.195 -18
1332 -6.195 -6.195 -17
1333 -6.195 -0.835 -20
1334 -6.195 -0.835 -19
1335 -6.195 -0.835 -18
1336 -6.195 -0.835 -17
1337 -6.195 -3.515000000000003 -21
1338 -16.195 -6.195 -21
1339 -11.195 -6.195 -21
1340 -16.195 -0.835 -21
1341 -11.195 -0.835 -21
1342 -3.515 -6.195 -20
1343 -3.515 -6.195 -19
1344 -3.515 -6.195 -18
1345 -3.515 -6.195 -17
1346 -3.515 -0.835 -20
1347 -3.515 -0.835 -19
1348 -3.515 -0.835 -18
1349 -3.515 -0.835 -17
1350 -3.515 -3.515000000000003 -21
1351 -0.835 -6.195 -20
1352 -0.835 -6.195 -19
1353 -0.835 -6.195 -18
1354 -0.835 -6.195 -17
1355 -0.835 -0.835 -20
1356 -0.835 -0.835 -19
1357 -0.835 -0.835 -18
1358 -0.835 -0.835 -17
1359 -0.835 -3.515000000000003 -21
1360 -2.175000000000002 -6.195 -21
1361 -2.175000000000002 -0.835 -21
1362 -0.335 -6.195 -20
1363 -0.335 -6.195 -19
1364 -0.335 -6.195 -18
1365 -0.335 -6.195 -17
1366 -0.335 -0.835 -20
1367 -0.335 -0.835 -19
1368 -0.335 -0.835 -18
1369 -0.335 -0.835 -17
1370 -0.335 -3.515000000000003 -21
1371 0 -6.195 -20
1372 0 -6.195 -19
1373 0 -6.195 -18
1374 0 -6.195 -17
1375 0 -0.835 -20
1376 0 -0.835 -19
1377 0 -0.835 -18
1378 0 -0.835 -17
1379 0 -3.515000000000003 -21
1380 0.3350000000000001 -6.195 -20
1381 0.3350000000000001 -6.195 -19
1382 0.3350000000000001 -6.195 -18
1383 0.3350000000000001 -6.195 -17
1384 0.3350000000000001 -0.835 -20
1385 0.3350000000000001 -0.835 -19
1386 0.3350000000000001 -0.835 -18
1387 0.3350000000000001 -0.835 -17
1388 0.3350000000000001 -3.515000000000003 -21
1389 0.8350000000000001 -6.195 -20
1390 0.8350000000000001 -6.195 -19
1391 0.8350000000000001 -6.195 -18
1392 0.8350000000000001 -6.195 -17
1393 0.8350000000000001 -0.835 -20
1394 0.8350000000000001 -0.835 -19
1395 0.8350000000000001 -0.835 -18
1396 0.8350000000000001 -0.835 -17
1397 0.8350000000000001 -3.515000000000003 -21
1398 3.515000000000001 -6.195 -20
1399 3.515000000000001 -6.195 -19
1400 3.515000000000001 -6.195 -18
1401 3.515000000000001 -6.195 -17
1402 3.515000000000001 -0.835 -20
1403 3.515000000000001 -0.835 -19
1404 3.515000000000001 -0.835 -18
1405 3.515000000000001 -0.835 -17
1406 3.515000000000001 -3.515000000000003 -21
1407 2.174999999999999 -6.195 -21
1408 2.174999999999999 -0.835 -21
1409 6.195000000000001 -6.195 -20
1410 6.195000000000001 -6.195 -19
1411 6.195000000000001 -6.195 -18
1412 6.195000000000001 -6.195 -17
1413 6.195000000000001 -0.835 -20
1414 6.195000000000001 -0.835 -19
1415 6.195000000000001 -0.835 -18
1416 6.195000000000001 -0.835 -17
1417 6.195000000000001 -3.515000000000003 -21
1418 21.195 -6.195 -20
1419 21.195 -6.195 -19
1420 21.195 -6.195 -18
1421 21.195 -6.195 -17
1422 21.195 -0.835 -20
1423 21.195 -0.835 -19
1424 21.195 -0.835 -18
1425 21.195 -0.835 -17
1426 21.195 -3.515000000000003 -21
1427 11.195 -6.195 -21
1428 16.195 -6.195 -21
1429 11.195 -0.835 -21
1430 16.195 -0.835 -21
1431 -21.195 -0.335 -20
1432 -21.195 -0.335 -19
1433 -21.195 -0.335 -18
1434 -21.195 -0.335 -17
1435 -6.195 -0.335 -20
1436 -6.195 -0.335 -19
1437 -6.195 -0.335 -18
1438 -6.195 -0.335 -17
1439 -16.195 -0.335 -21
1440 -11.195 -0.335 -21
1441 -3.515 -0.335 -20
1442 -3.515 -0.335 -19
1443 -3.515 -0.335 -18
1444 -3.515 -0.335 -17
1445 -0.835 -0.335 -20
1446 -0.835 -0.335 -19
1447 -0.835 -0.335 -18
1448 -0.835 -0.335 -17
1449 -2.175000000000002 -0.335 -21
1450 -0.335 -0.335 -20
1451 -0.335 -0.335 -19
1452 -0.335 -0.335 -18
1453 -0.335 -0.335 -17
1454 0 -0.335 -20
1455 0 -0.335 -19
1456 0 -0.335 -18
1457 0 -0.335 -17
1458 0.3350000000000001 -0.335 -20
1459 0.3350000000000001 -0.335 -19
1460 0.3350000000000001 -0.335 -18
1461 0.3350000000000001 -0.335 -17
1462 0.8350000000000001 -0.335 -20
1463 0.8350000000000001 -0.335 -19
1464 0.8350000000000001 -0.335 -18
1465 0.8350000000000001 -0.335 -17
1466 3.515000000000001 -0.335 -20
1467 3.515000000000001 -0.335 -19
1468 3.515000000000001 -0.335 -18
1469 3.515000000000001 -0.335 -17
1470 2.174999999999999 -0.335 -21
1471 6.195000000000001 -0.335 -20
1472 6.195000000000001 -0.335 -19
1473 6.195000000000001 -0.335 -18
1474 6.195000000000001 -0.335 -17
1475 21.195 -0.335 -20
1476 21.195 -0.335 -19
1477 21.195 -0.335 -18
1478 21.195 -0.335 -17
1479 11.195 -0.335 -21
1480 16.195 -0.335 -21
1481 -21.195 0 -20
1482 -21.195 0 -19
1483 -21.195 0 -18
1484 -21.195 0 -17
1485 -6.195 0 -20
1486 -6.195 0 -19
1487 -6.195 0 -18
1488 -6.195 0 -17
1489 -16.195 0 -21
1490 -11.195 0 -21
1491 -3.515 0 -20
1492 -3.515 0 -19
1493 -3.515 0 -18
1494 -3.515 0 -17
1495 -0.835 0 -20
1496 -0.835 0 -19
1497 -0.835 0 -18
1498 -0.835 0 -17
1499 -2.175000000000002 0 -21
1500 -0.335 0 -20
1501 -0.335 0 -19
1502 -0.335 0 -18
1503 -0.335 0 -17
1504 0 0 -20
1505 0 0 -19
1506 0 0 -18
1507 0 0 -17
1508 0.3350000000000001 0 -20
1509 0.3350000000000001 0 -19
1510 0.3350000000000001 0 -18
1511 0.3350000000000001 0 -17
1512 0.8350000000000001 0 -20
1513 0.8350000000000001 0 -19
1514 0.8350000000000001 0 -18
1515 0.8350000000000001 0 -17
1516 3.515000000000001 0 -20
1517 3.515000000000001 0 -19
1518 3.515000000000001 0 -18
1519 3.515000000000001 0 -17
1520 2.174999999999999 0 -21
1521 6.195000000000001 0 -20
1522 6.195000000000001 0 -19
1523 6.195000000000001 0 -18
1524 6.195000000000001 0 -17
1525 21.195 0 -20
1526 21.195 0 -19
1527 21.195 0 -18
1528 21.195 0 -17
1529 11.195 0 -21
1530 16.195 0 -21
1531 -21.195 0.3350000000000001 -20
1532 -21.195 0.3350000000000001 -19
1533 -21.195 0.3350000000000001 -18
1534 -21.195 0.3350000000000001 -17
1535 -6.195 0.3350000000000001 -20
1536 -6.195 0.3350000000000001 -19
1537 -6.195 0.3350000000000001 -18
1538 -6.195 0.3350000000000001 -17
1539 -16.195 0.3350000000000001 -21
1540 -11.195 0.3350000000000001 -21
1541 -3.515 0.3350000000000001 -20
1542 -3.515 0.3350000000000001 -19
1543 -3.515 0.3350000000000001 -18
1544 -3.515 0.3350000000000001 -17
1545 -0.835 0.3350000000000001 -20
1546 -0.835 0.3350000000000001 -19
1547 -0.835 0.3350000000000001 -18
1548 -0.835 0.3350000000000001 -17
1549 -2.175000000000002 0.3350000000000001 -21
1550 -0.335 0.3350000000000001 -20
1551 -0.335 0.3350000000000001 -19
1552 -0.335 0.3350000000000001 -18
1553 -0.335 0.3350000000000001 -17
1554 0 0.3350000000000001 -20
1555 0 0.3350000000000001 -19
1556 0 0.3350000000000001 -18
1557 0 0.3350000000000001 -17
1558 0.3350000000000001 0.3350000000000001 -20
1559 0.3350000000000001 0.3350000000000001 -19
1560 0.3350000000000001 0.3350000000000001 -18
1561 0.3350000000000001 0.3350000000000001 -17
1562 0.8350000000000001 0.3350000000000001 -20
1563 0.8350000000000001 0.3350000000000001 -19
1564 0.8350000000000001 0.3350000000000001 -18
1565 0.8350000000000001 0.3350000000000001 -17
1566 3.515000000000001 0.3350000000000001 -20
1567 3.515000000000001 0.3350000000000001 -19
1568 3.515000000000001 0.3350000000000001 -18
1569 3.515000000000001 0.3350000000000001 -17
1570 2.174999999999999 0.3350000000000001 -21
1571 6.195000000000001 0.3350000000000001 -20
1572 6.195000000000001 0.3350000000000001 -19
1573 6.195000000000001 0.3350000000000001 -18
1574 6.195000000000001 0.3350000000000001 -17
1575 21.195 0.3350000000000001 -20
1576 21.195 0.3350000000000001 -19
1577 21.195 0.3350000000000001 -18
1578 21.195 0.3350000000000001 -17
1579 11.195 0.3350000000000001 -21
1580 16.195 0.3350000000000001 -21
1581 -21.195 0.8350000000000001 -20
1582 -21.195 0.8350000000000001 -19
1583 -21.195 0.8350000000000001 -18
1584 -21.195 0.8350000000000001 -17
1585 -6.195 0.8350000000000001 -20
1586 -6.195 0.8350000000000001 -19
1587 -6.195 0.8350000000000001 -18
1588 -6.195 0.8350000000000001 -17
1589 -16.195 0.8350000000000001 -21
1590 -11.195 0.8350000000000001 -21
1591 -3.515 0.8350000000000001 -20
1592 -3.515 0.8350000000000001 -19
1593 -3.515 0.8350000000000001 -18
1594 -3.515 0.8350000000000001 -17
1595 -0.835 0.8350000000000001 -20
1596 -0.835 0.8350000000000001 -19
1597 -0.835 0.8350000000000001 -18
1598 -0.835 0.8350000000000001 -17
1599 -2.175000000000002 0.8350000000000001 -21
1600 -0.335 0.8350000000000001 -20
1601 -0.335 0.8350000000000001 -19
1602 -0.335 0.8350000000000001 -18
1603 -0.335 0.8350000000000001 -17
1604 0 0.8350000000000001 -20
1605 0 0.8350000000000001 -19
1606 0 0.8350000000000001 -18
1607 0 0.8350000000000001 -17
1608 0.3350000000000001 0.8350000000000001 -20
1609 0.3350000000000001 0.8350000000000001 -19
1610 0.3350000000000001 0.8350000000000001 -18
1611 0.3350000000000001 0.8350000000000001 -17
1612 0.8350000000000001 0.8350000000000001 -20
1613 0.8350000000000001 0.8350000000000001 -19
1614 0.8350000000000001 0.8350000000000001 -18
1615 0.8350000000000001 0.8350000000000001 -17
1616 3.515000000000001 0.8350000000000001 -20
1617 3.515000000000001 0.8350000000000001 -19
1618 3.515000000000001 0.8350000000000001 -18
1619 3.515000000000001 0.8350000000000001 -17
1620 2.174999999999999 0.8350000000000001 -21
1621 6.195000000000001 0.8350000000000001 -20
1622 6.195000000000001 0.8350000000000001 -19
1623 6.195000000000001 0.8350000000000001 -18
1624 6.195000000000001 0.8350000000000001 -17
1625 21.195 0.8350000000000001 -20
1626 21.195 0.8350000000000001 -19
1627 21.195 0.8350000000000001 -18
1628 21.195 0.8350000000000001 -17
1629 11.195 0.8350000000000001 -21
1630 16.195 0.8350000000000001 -21
1631 -21.195 6.195 -20
1632 -21.195 6.195 -19
1633 -21.195 6.195 -18
1634 -21.195 6.195 -17
1635 -21.195 3.514999999999997 -21
1636 -6.195 6.195 -20
1637 -6.195 6.195 -19
1638 -6.195 6.195 -18
1639 -6.195 6.195 -17
1640 -6.195 3.514999999999997 -21
1641 -16.195 6.195 -21
1642 -11.195 6.195 -21
1643 -3.515 6.195 -20
1644 -3.515 6.195 -19
1645 -3.515 6.195 -18
1646 -3.515 6.195 -17
1647 -3.515 3.514999999999997 -21
1648 -0.835 6.195 -20
1649 -0.835 6.195 -19
1650 -0.835 6.195 -18
1651 -0.835 6.195 -17
1652 -0.835 3.514999999999997 -21
1653 -2.175000000000002 6.195 -21
1654 -0.335 6.195 -20
1655 -0.335 6.195 -19
1656 -0.335 6.195 -18
1657 -0.335 6.195 -17
1658 -0.335 3.514999999999997 -21
1659 0 6.195 -20
1660 0 6.195 -19
1661 0 6.195 -18
1662 0 6.195 -17
1663 0 3.514999999999997 -21
1664 0.3350000000000001 6.195 -20
1665 0.3350000000000001 6.195 -19
1666 0.3350000000000001 6.195 -18
1667 0.3350000000000001 6.195 -17
1668 0.3350000000000001 3.514999999999997 -21
1669 0.8350000000000001 6.195 -20
1670 0.8350000000000001 6.195 -19
1671 0.8350000000000001 6.195 -18
1672 0.8350000000000001 6.195 -17
1673 0.8350000000000001 3.514999999999997 -21
1674 3.515000000000001 6.195 -20
1675 3.515000000000001 6.195 -19
1676 3.515000000000001 6.195 -18
1677 3.515000000000001 6.195 -17
1678 3.515000000000001 3.514999999999997 -21
1679 2.174999999999999 6.195 -21
1680 6.195000000000001 6.195 -20
1681 6.195000000000001 6.195 -19
1682 6.195000000000001 6.195 -18
1683 6.195000000000001 6.195 -17
1684 6.195000000000001 3.514999999999997 -21
1685 21.195 6.195 -20
1686 21.195 6.195 -19
1687 21.195 6.195 -18
1688 21.195 6.195 -17
1689 21.195 3.514999999999997 -21
1690 11.195 6.195 -21
1691 16.195 6.195 -21
1692 -21.195 -3.515000000000003 -23.5
1693 -16.195 -0.835 -23.5
1694 -11.195 -0.835 -23.5
1695 -6.195 -3.515000000000003 -23.5
1696 -16.195 -6.195 -23.5
1697 -11.195 -6.195 -23.5
1698 -3.515 -3.515000000000003 -23.5
1699 -2.175000000000002 -0.835 -23.5
1700 -0.835 -3.515000000000003 -23.5
1701 -2.175000000000002 -6.195 -23.5
1702 -0.335 -3.515000000000003 -23.5
1703 0 -3.515000000000003 -23.5
1704 0.3350000000000001 -3.515000000000003 -23.5
1705 0.8350000000000001 -3.515000000000003 -23.5
1706 2.174999999999999 -0.835 -23.5
1707 3.515000000000001 -3.515000000000003 -23.5
1708 2.174999999999999 -6.195 -23.5
1709 6.195000000000001 -3.515000000000003 -23.5
1710 11.195 -0.835 -23.5
1711 16.195 -0.835 -23.5
1712 21.195 -3.515000000000003 -23.5
1713 11.195 -6.195 -23.5
1714 16.195 -6.195 -23.5
1715 -16.195 -0.335 -23.5
1716 -11.195 -0.335 -23.5
1717 -2.175000000000002 -0.335 -23.5
1718 2.174999999999999 -0.335 -23.5
1719 11.195 -0.335 -23.5
1720 16.195 -0.335 -23.5
1721 -16.195 0 -23.5
1722 -11.195 0 -23.5
1723 -2.175000000000002 0 -23.5
1724 2.174999999999999 0 -23.5
1725 11.195 0 -23.5
1726 16.195 0 -23.5
1727 -16.195 0.3350000000000001 -23.5
1728 -11.195 0.3350000000000001 -23.5
1729 -2.175000000000002 0.3350000000000001 -23.5
1730 2.174999999999999 0.3350000000000001 -23.5
1731 11.195 0.3350000000000001 -23.5
1732 16.195 0.3350000000000001 -23.5
1733 -16.195 0.8350000000000001 -23.5
1734 -11.195 0.8350000000000001 -23.5
1735 -2.175000000000002 0.8350000000000001 -23.5
1736 2.174999999999999 0.8350000000000001 -23.5
1737 11.195 0.8350000000000001 -23.5
1738 16.195 0.8350000000000001 -23.5
1739 -21.195 3.514999999999997 -23.5
1740 -16.195 6.195 -23.5
1741 -11.195 6.195 -23.5
1742 -6.195 3.514999999999997 -23.5
1743 -3.515 3.514999999999997 -23.5
1744 -2.175000000000002 6.195 -23.5
1745 -0.835 3.514999999999997 -23.5
1746 -0.335 3.514999999999997 -23.5
1747 0 3.514999999999997 -23.5
1748 0.3350000000000001 3.514999999999997 -23.5
1749 0.8350000000000001 3.514999999999997 -23.5
1750 2.174999999999999 6.195 -23.5
1751 3.515000000000001 3.514999999999997 -23.5
1752 6.195000000000001 3.514999999999997 -23.5
1753 11.195 6.195 -23.5
1754 16.195 6.195 -23.5
1755 21.195 3.514999999999997 -23.5
1756 -23.695 -6.195 -8
1757 -23.695 -6.195 -6
1758 -23.695 -6.195 -3.999999999999999
1759 -23.695 -6.195 -2
1760 -23.695 -3.515000000000003 0
1761 -23.695 -0.835 -8
1762 -23.695 -0.835 -6
1763 -23.695 -0.835 -3.999999999999999
1764 -23.695 -0.835 -2
1765 -23.695 -3.515000000000003 -10
1766 -23.695 -0.335 -8
1767 -23.695 -0.335 -6
1768 -23.695 -0.335 -3.999999999999999
1769 -23.695 -0.335 -2
1770 -23.695 0 -8
1771 -23.695 0 -6
1772 -23.695 0 -3.999999999999999
1773 -23.695 0 -2
1774 -23.695 0.3350000000000001 -8
1775 -23.695 0.3350000000000001 -6
1776 -23.695 0.3350000000000001 -3.999999999999999
1777 -23.695 0.3350000000000001 -2
1778 -23.695 0.8350000000000001 -8
1779 -23.695 0.8350000000000001 -6
1780 -23.695 0.8350000000000001 -3.999999999999999
1781 -23.695 0.8350000000000001 -2
1782 -23.695 3.514999999999997 0
1783 -23.695 6.195 -8
1784 -23.695 6.195 -6
1785 -23.695 6.195 -3.999999999999999
1786 -23.695 6.195 -2
1787 -23.695 3.514999999999997 -10
1788 -23.695 -6.195 -14.5
1789 -23.695 -6.195 -13
1790 -23.695 -6.195 -11.5
1791 -23.695 -0.835 -14.5
1792 -23.695 -0.835 -13
1793 -23.695 -0.835 -11.5
1794 -23.695 -3.515000000000003 -16
1795 -23.695 -0.335 -14.5
1796 -23.695 -0.335 -13
1797 -23.695 -0.335 -11.5
1798 -23.695 0 -14.5
1799 -23.695 0 -13
1800 -23.695 0 -11.5
1801 -23.695 0.3350000000000001 -14.5
1802 -23.695 0.3350000000000001 -13
1803 -23.695 0.3350000000000001 -11.5
1804 -23.695 0.8350000000000001 -14.5
1805 -23.695 0.8350000000000001 -13
1806 -23.695 0.8350000000000001 -11.5
1807 -23.695 6.195 -14.5
1808 -23.695 6.195 -13
1809 -23.695 6.195 -11.5
1810 -23.695 3.514999999999997 -16
1811 23.695 -6.195 -8
1812 23.695 -6.195 -6
1813 23.695 -6.195 -3.999999999999999
1814 23.695 -6.195 -2
1815 23.695 -3.515000000000003 0
1816 23.695 -0.835 -8
1817 23.695 -0.835 -6
1818 23.695 -0.835 -3.999999999999999
1819 23.695 -0.835 -2
1820 23.695 -3.515000000000003 -10
1821 23.695 -0.335 -8
1822 23.695 -0.335 -6
1823 23.695 -0.335 -3.999999999999999
1824 23.695 -0.335 -2
1825 23.695 0 -8
1826 23.695 0 -6
1827 23.695 0 -3.999999999999999
1828 23.695 0 -2
1829 23.695 0.3350000000000001 -8
1830 23.695 0.3350000000000001 -6
1831 23.695 0.3350000000000001 -3.999999999999999
1832 23.695 0.3350000000000001 -2
1833 23.695 0.8350000000000001 -8
1834 23.695 0.8350000000000001 -6
1835 23.695 0.8350000000000001 -3.999999999999999
1836 23.695 0.8350000000000001 -2
1837 23.695 3.514999999999997 0
1838 23.695 6.195 -8
1839 23.695 6.195 -6
1840 23.695 6.195 -3.999999999999999
1841 23.695 6.195 -2
1842 23.695 3.514999999999997 -10
1843 23.695 -6.195 -14.5
1844 23.695 -6.195 -13
1845 23.695 -6.195 -11.5
1846 23.695 -0.835 -14.5
1847 23.695 -0.835 -13
1848 23.695 -0.835 -11.5
1849 23.695 -3.515000000000003 -16
1850 23.695 -0.335 -14.5
1851 23.695 -0.335 -13
1852 23.695 -0.335 -11.5
1853 23.695 0 -14.5
1854 23.695 0 -13
1855 23.695 0 -11.5
1856 23.695 0.3350000000000001 -14.5
1857 23.695 0.3350000000000001 -13
1858 23.695 0.3350000000000001 -11.5
1859 23.695 0.8350000000000001 -14.5
1860 23.695 0.8350000000000001 -13
1861 23.695 0.8350000000000001 -11.5
1862 23.695 6.195 -14.5
1863 23.695 6.195 -13
1864 23.695 6.195 -11.5
1865 23.695 3.514999999999997 -16
1866 -6.195 -8.695 -8
1867 -6.195 -8.695 -6
1868 -6.195 -8.695 -3.999999999999999
1869 -6.195 -8.695 -2
1870 -3.515 -8.695 -8
1871 -3.515 -8.695 -6
1872 -3.515 -8.695 -3.999999999999999
1873 -3.515 -8.695 -2
1874 -2.175000000000002 -8.695 -10
1875 -0.835 -8.695 -8
1876 -0.835 -8.695 -6
1877 -0.835 -8.695 -3.999999999999999
1878 -0.835 -8.695 -2
1879 -2.175000000000002 -8.695 0
1880 -0.335 -8.695 -8
1881 -0.335 -8.695 -6
1882 -0.335 -8.695 -3.999999999999999
1883 -0.335 -8.695 -2
1884 0 -8.695 -8
1885 0 -8.695 -6
1886 0 -8.695 -3.999999999999999
1887 0 -8.695 -2
1888 0.3350000000000001 -8.695 -8
1889 0.3350000000000001 -8.695 -6
1890 0.3350000000000001 -8.695 -3.999999999999999
1891 0.3350000000000001 -8.695 -2
1892 0.8350000000000001 -8.695 -8
1893 0.8350000000000001 -8.695 -6
1894 0.8350000000000001 -8.695 -3.999999999999999
1895 0.8350000000000001 -8.695 -2
1896 2.174999999999999 -8.695 -10
1897 3.515000000000001 -8.695 -8
1898 3.515000000000001 -8.695 -6
1899 3.515000000000001 -8.695 -3.999999999999999
1900 3.515000000000001 -8.695 -2
1901 2.174999999999999 -8.695 0
1902 6.195000000000001 -8.695 -8
1903 6.195000000000001 -8.695 -6
1904 6.195000000000001 -8.695 -3.999999999999999
1905 6.195000000000001 -8.695 -2
1906 -6.195 -8.695 -14.5
1907 -6.195 -8.695 -13
1908 -6.195 -8.695 -11.5
1909 -3.515 -8.695 -14.5
1910 -3.515 -8.695 -13
1911 -3.515 -8.695 -11.5
1912 -2.175000000000002 -8.695 -16
1913 -0.835 -8.695 -14.5
1914 -0.835 -8.695 -13
1915 -0.835 -8.695 -11.5
1916 -0.335 -8.695 -14.5
1917 -0.335 -8.695 -13
1918 -0.335 -8.695 -11.5
1919 0 -8.695 -14.5
1920 0 -8.695 -13
1921 0 -8.695 -11.5
1922 0.3350000000000001 -8.695 -14.5
1923 0.3350000000000001 -8.695 -13
1924 0.3350000000000001 -8.695 -11.5
1925 0.8350000000000001 -8.695 -14.5
1926 0.8350000000000001 -8.695 -13
1927 0.8350000000000001 -8.695 -11.5
1928 2.174999999999999 -8.695 -16
1929 3.515000000000001 -8.695 -14.5
1930 3.515000000000001 -8.695 -13
1931 3.515000000000001 -8.695 -11.5
1932 6.195000000000001 -8.695 -14.5
1933 6.195000000000001 -8.695 -13
1934 6.195000000000001 -8.695 -11.5
1935 -6.195 8.695 -8
1936 -6.195 8.695 -6
1937 -6.195 8.695 -3.999999999999999
1938 -6.195 8.695 -2
1939 -3.515 8.695 -8
1940 -3.515 8.695 -6
1941 -3.515 8.695 -3.999999999999999
1942 -3.515 8.695 -2
1943 -2.175000000000002 8.695 -10
1944 -0.835 8.695 -8
1945 -0.835 8.695 -6
1946 -0.835 8.695 -3.999999999999999
1947 -0.835 8.695 -2
1948 -2.175000000000002 8.695 0
1949 -0.335 8.695 -8
1950 -0.335 8.695 -6
1951 -0.335 8.695 -3.999999999999999
1952 -0.335 8.695 -2
1953 0 8.695 -8
1954 0 8.695 -6
1955 0 8.695 -3.999999999999999
1956 0 8.695 -2
1957 0.3350000000000001 8.695 -8
1958 0.3350000000000001 8.695 -6
1959 0.3350000000000001 8.695 -3.999999999999999
1960 0.3350000000000001 8.695 -2
1961 0.8350000000000001 8.695 -8
1962 0.8350000000000001 8.695 -6
1963 0.8350000000000001 8.695 -3.999999999999999
1964 0.8350000000000001 8.695 -2
1965 2.174999999999999 8.695 -10
1966 3.515000000000001 8.695 -8
1967 3.515000000000001 8.695 -6
1968 3.515000000000001 8.695 -3.999999999999999
1969 3.515000000000001 8.695 -2
1970 2.174999999999999 8.695 0
1971 6.195000000000001 8.695 -8
1972 6.195000000000001 8.695 -6
1973 6.195000000000001 8.695 -3.999999999999999
1974 6.195000000000001 8.695 -2
1975 -6.195 8.695 -14.5
1976 -6.195 8.695 -13
1977 -6.195 8.695 -11.5
1978 -3.515 8.695 -14.5
1979 -3.515 8.695 -13
1980 -3.515 8.695 -11.5
1981 -2.175000000000002 8.695 -16
1982 -0.835 8.695 -14.5
1983 -0.835 8.695 -13
1984 -0.835 8.695 -11.5
1985 -0.335 8.695 -14.5
1986 -0.335 8.695 -13
1987 -0.335 8.695 -11.5
1988 0 8.695 -14.5
1989 0 8.695 -13
1990 0 8.695 -11.5
1991 0.3350000000000001 8.695 -14.5
1992 0.3350000000000001 8.695 -13
1993 0.3350000000000001 8.695 -11.5
1994 0.8350000000000001 8.695 -14.5
1995 0.8350000000000001 8.695 -13
1996 0.8350000000000001 8.695 -11.5
1997 2.174999999999999 8.695 -16
1998 3.515000000000001 8.695 -14.5
1999 3.515000000000001 8.695 -13
2000 3.515000000000001 8.695 -11.5
2001 6.195000000000001 8.695 -14.5
2002 6.195000000000001 8.695 -13
2003 6.195000000000001 8.695 -11.5
2004 -23.695 -6.195 -20
2005 -23.695 -6.195 -19
2006 -23.695 -6.195 -18
2007 -23.695 -6.195 -17
2008 -23.695 -0.835 -20
2009 -23.695 -0.835 -19
2010 -23.695 -0.835 -18
2011 -23.695 -0.835 -17
2012 -23.695 -3.515000000000003 -21
2013 -23.695 -0.335 -20
2014 -23.695 -0.335 -19
2015 -23.695 -0.335 -18
2016 -23.695 -0.335 -17
2017 -23.695 0 -20
2018 -23.695 0 -19
2019 -23.695 0 -18
2020 -23.695 0 -17
2021 -23.695 0.3350000000000001 -20
2022 -23.695 0.3350000000000001 -19
2023 -23.695 0.3350000000000001 -18
2024 -23.695 0.3350000000000001 -17
2025 -23.695 0.8350000000000001 -20
2026 -23.695 0.8350000000000001 -19
2027 -23.695 0.8350000000000001 -18
2028 -23.695 0.8350000000000001 -17
2029 -23.695 6.195 -20
2030 -23.695 6.195 -19
2031 -23.695 6.195 -18
2032 -23.695 6.195 -17
2033 -23.695 3.514999999999997 -21
2034 23.695 -6.195 -20
2035 23.695 -6.195 -19
2036 23.695 -6.195 -18
2037 23.695 -6.195 -17
2038 23.695 -0.835 -20
2039 23.695 -0.835 -19
2040 23.695 -0.835 -18
2041 23.695 -0.835 -17
2042 23.695 -3.515000000000003 -21
2043 23.695 -0.335 -20
2044 23.695 -0.335 -19
2045 23.695 -0.335 -18
2046 23.695 -0.335 -17
2047 23.695 0 -20
2048 23.695 0 -19
2049 23.695 0 -18
2050 23.695 0 -17
2051 23.695 0.3350000000000001 -20
2052 23.695 0.3350000000000001 -19
2053 23.695 0.3350000000000001 -18
2054 23.695 0.3350000000000001 -17
2055 23.695 0.8350000000000001 -20
2056 23.695 0.8350000000000001 -19
2057 23.695 0.8350000000000001 -18
2058 23.695 0.8350000000000001 -17
2059 23.695 6.195 -20
2060 23.695 6.195 -19
2061 23.695 6.195 -18
2062 23.695 6.195 -17
2063 23.695 3.514999999999997 -21
2064 -16.195 -8.695 -10
2065 -11.195 -8.695 -10
2066 -16.195 -8.695 0
2067 -11.195 -8.695 0
2068 -21.195 -8.695 -8
2069 -21.195 -8.695 -6
2070 -21.195 -8.695 -3.999999999999999
2071 -21.195 -8.695 -2
2072 11.195 -8.695 -10
2073 16.195 -8.695 -10
2074 21.195 -8.695 -8
2075 21.195 -8.695 -6
2076 21.195 -8.695 -3.999999999999999
2077 21.195 -8.695 -2
2078 11.195 -8.695 0
2079 16.195 -8.695 0
2080 -16.195 -8.695 -16
2081 -11.195 -8.695 -16
2082 -21.195 -8.695 -14.5
2083 -21.195 -8.695 -13
2084 -21.195 -8.695 -11.5
2085 11.195 -8.695 -16
2086 16.195 -8.695 -16
2087 21.195 -8.695 -14.5
2088 21.195 -8.695 -13
2089 21.195 -8.695 -11.5
2090 -16.195 -8.695 -21
2091 -11.195 -8.695 -21
2092 -6.195 -8.695 -20
2093 -6.195 -8.695 -19
2094 -6.195 -8.695 -18
2095 -6.195 -8.695 -17
2096 -21.195 -8.695 -20
2097 -21.195 -8.695 -19
2098 -21.195 -8.695 -18
2099 -21.195 -8.695 -17
2100 -3.515 -8.695 -20
2101 -3.515 -8.695 -19
2102 -3.515 -8.695 -18
2103 -3.515 -8.695 -17
2104 -2.175000000000002 -8.695 -21
2105 -0.835 -8.695 -20
2106 -0.835 -8.695 -19
2107 -0.835 -8.695 -18
2108 -0.835 -8.695 -17
2109 -0.335 -8.695 -20
2110 -0.335 -8.695 -19
2111 -0.335 -8.695 -18
2112 -0.335 -8.695 -17
2113 0 -8.695 -20
2114 0 -8.695 -19
2115 0 -8.695 -18
2116 0 -8.695 -17
2117 0.3350000000000001 -8.695 -20
2118 0.3350000000000001 -8.695 -19
2119 0.3350000000000001 -8.695 -18
2120 0.3350000000000001 -8.695 -17
2121 0.8350000000000001 -8.695 -20
2122 0.8350000000000001 -8.695 -19
2123 0.8350000000000001 -8.695 -18
2124 0.8350000000000001 -8.695 -17
2125 2.174999999999999 -8.695 -21
2126 3.515000000000001 -8.695 -20
2127 3.515000000000001 -8.695 -19
2128 3.515000000000001 -8.695 -18
2129 3.515000000000001 -8.695 -17
2130 6.195000000000001 -8.695 -20
2131 6.195000000000001 -8.695 -19
2132 6.195000000000001 -8.695 -18
2133 6.195000000000001 -8.695 -17
2134 11.195 -8.695 -21
2135 16.195 -8.695 -21
2136 21.195 -8.695 -20
2137 21.195 -8.695 -19
2138 21.195 -8.695 -18
2139 21.195 -8.695 -17
2140 -16.195 8.695 -10
2141 -11.195 8.695 -10
2142 -16.195 8.695 0
2143 -11.195 8.695 0
2144 -21.195 8.695 -8
2145 -21.195 8.695 -6
2146 -21.195 8.695 -3.999999999999999
2147 -21.195 8.695 -2
2148 11.195 8.695 -10
2149 16.195 8.695 -10
2150 21.195 8.695 -8
2151 21.195 8.695 -6
2152 21.195 8.695 -3.999999999999999
2153 21.195 8.695 -2
2154 11.195 8.695 0
2155 16.195 8.695 0
2156 -16.195 8.695 -16
2157 -11.195 8.695 -16
2158 -21.195 8.695 -14.5
2159 -21.195 8.695 -13
2160 -21.195 8.695 -11.5
2161 11.195 8.695 -16
2162 16.195 8.695 -16
2163 21.195 8.695 -14.5
2164 21.195 8.695 -13
2165 21.195 8.695 -11.5
2166 -16.195 8.695 -21
2167 -11.195 8.695 -21
2168 -6.195 8.695 -20
2169 -6.195 8.695 -19
2170 -6.195 8.695 -18
2171 -6.195 8.695 -17
2172 -21.195 8.695 -20
2173 -21.195 8.695 -19
2174 -21.195 8.695 -18
2175 -21.195 8.695 -17
2176 -3.515 8.695 -20
2177 -3.515 8.695 -19
2178 -3.515 8.695 -18
2179 -3.515 8.695 -17
2180 -2.175000000000002 8.695 -21
2181 -0.835 8.695 -20
2182 -0.835 8.695 -19
2183 -0.835 8.695 -18
2184 -0.835 8.695 -17
2185 -0.335 8.695 -20
2186 -0.335 8.695 -19
2187 -0.335 8.695 -18
2188 -0.335 8.695 -17
2189 0 8.695 -20
2190 0 8.695 -19
2191 0 8.695 -18
2192 0 8.695 -17
2193 0.3350000000000001 8.695 -20
2194 0.3350000000000001 8.695 -19
2195 0.3350000000000001 8.695 -18
2196 0.3350000000000001 8.695 -17
2197 0.8350000000000001 8.695 -20
2198 0.8350000000000001 8.695 -19
2199 0.8350000000000001 8.695 -18
2200 0.8350000000000001 8.695 -17
2201 2.174999999999999 8.695 -21
2202 3.515000000000001 8.695 -20
2203 3.515000000000001 8.695 -19
2204 3.515000000000001 8.695 -18
2205 3.515000000000001 8.695 -17
2206 6.195000000000001 8.695 -20
2207 6.195000000000001 8.695 -19
2208 6.195000000000001 8.695 -18
2209 6.195000000000001 8.695 -17
2210 11.195 8.695 -21
2211 16.195 8.695 -21
2212 21.195 8.695 -20
2213 21.195 8.695 -19
2214 21.195 8.695 -18
2215 21.195 8.695 -17
2216 -23.695 -3.515000000000003 -23.5
2217 -23.695 3.514999999999997 -23.5
2218 23.695 -3.515000000000003 -23.5
2219 23.695 3.514999999999997 -23.5
2220 -16.195 -8.695 -23.5
2221 -11.195 -8.695 -23.5
2222 -2.175000000000002 -8.695 -23.5
2223 2.174999999999999 -8.695 -23.5
2224 11.195 -8.695 -23.5
2225 16.195 -8.695 -23.5
2226 -16.195 8.695 -23.5
2227 -11.195 8.695 -23.5
2228 -2.175000000000002 8.695 -23.5
2229 2.174999999999999 8.695 -23.5
2230 11.195 8.695 -23.5
2231 16.195 8.695 -23.5
2232 -23.695 -8.695 -8
2233 -23.695 -8.695 -6
2234 -23.695 -8.695 -3.999999999999999
2235 -23.695 -8.695 -2
2236 -23.695 -8.695 -14.5
2237 -23.695 -8.695 -13
2238 -23.695 -8.695 -11.5
2239 -23.695 -8.695 -20
2240 -23.695 -8.695 -19
2241 -23.695 -8.695 -18
2242 -23.695 -8.695 -17
2243 -23.695 8.695 -8
2244 -23.695 8.695 -6
2245 -23.695 8.695 -3.999999999999999
2246 -23.695 8.695 -2
2247 -23.695 8.695 -14.5
2248 -23.695 8.695 -13
2249 -23.695 8.695 -11.5
2250 -23.695 8.695 -20
2251 -23.695 8.695 -19
2252 -23.695 8.695 -18
2253 -23.695 8.695 -17
2254 23.695 -8.695 -8
2255 23.695 -8.695 -6
2256 23.695 -8.695 -3.999999999999999
2257 23.695 -8.695 -2
2258 23.695 -8.695 -14.5
2259 23.695 -8.695 -13
2260 23.695 -8.695 -11.5
2261 23.695 -8.695 -20
2262 23.695 -8.695 -19
2263 23.695 -8.695 -18
2264 23.695 -8.695 -17
2265 23.695 8.695 -8
2266 23.695 8.695 -6
2267 23.695 8.695 -3.999999999999999
2268 23.695 8.695 -2
2269 23.695 8.695 -14.5
2270 23.695 8.695 -13
2271 23.695 8.695 -11.5
2272 23.695 8.695 -20
2273 23.695 8.695 -19
2274 23.695 8.695 -18
2275 23.695 8.695 -17
2276 0 0 -15.9375
2277 0 0 -14.875
2278 0 0 -13.8125
2279 0 0 -12.75
2280 0 0 -11.6875
2281 0 0 -10.625
2282 0 0 -9.5625
2283 0 0 -8.5
2284 0 0 -7.4375
2285 0 0 -6.375
2286 0 0 -5.3125
2287 0 0 -4.25
2288 0 0 -3.1875
2289 0 0 -2.125
2290 0 0 -1.0625
2291 0 0 0.9499999999999977
2292 0 0 1.899999999999998
2293 0 0 2.849999999999999
2294 -21.195 -3.515000000000003 -8
2295 -21.195 -3.515000000000003 -6
2296 -21.195 -3.515000000000003 -4.000000000000001
2297 -21.195 -3.515000000000004 -2
2298 -6.195 -3.515000000000003 -8
2299 -6.195 -3.515000000000003 -6
2300 -6.195 -3.515000000000003 -4.000000000000001
2301 -6.195 -3.515000000000004 -2
2302 -16.195 -6.195 -8
2303 -16.195 -6.195 -6
2304 -16.195 -6.195 -3.999999999999999
2305 -16.195 -6.195 -2
2306 -11.195 -6.195 -8
2307 -11.195 -6.195 -6
2308 -11.195 -6.195 -4
2309 -11.195 -6.195 -2
2310 -16.195 -0.835 -8
2311 -16.195 -0.835 -6
2312 -16.195 -0.835 -3.999999999999999
2313 -16.195 -0.835 -2
2314 -11.195 -0.835 -8
2315 -11.195 -0.835 -6
2316 -11.195 -0.835 -4
2317 -11.195 -0.835 -2
2318 -16.195 -3.515000000000002 -10
2319 -11.195 -3.515000000000003 -10
2320 -16.195 -3.515000000000002 0
2321 -11.195 -3.515000000000003 0
2322 -3.515 -3.515000000000003 -8
2323 -3.515 -3.515000000000003 -6
2324 -3.515 -3.515000000000003 -4.000000000000001
2325 -3.515 -3.515000000000004 -2
2326 -0.835 -3.515000000000003 -8
2327 -0.835 -3.515000000000003 -6
2328 -0.835 -3.515000000000003 -4.000000000000001
2329 -0.835 -3.515000000000004 -2
2330 -2.175000000000002 -6.195 -8
2331 -2.175000000000001 -6.195 -6
2332 -2.175000000000002 -6.195 -3.999999999999999
2333 -2.175000000000002 -6.195 -2
2334 -2.175000000000002 -0.835 -8
2335 -2.175000000000001 -0.835 -6
2336 -2.175000000000002 -0.835 -3.999999999999999
2337 -2.175000000000002 -0.835 -2
2338 -2.175000000000002 -3.515000000000002 -10
2339 -2.175000000000002 -3.515000000000002 0
2340 -0.335 -3.515000000000003 -8
2341 -0.335 -3.515000000000003 -6
2342 -0.335 -3.515000000000003 -4.000000000000001
2343 -0.335 -3.515000000000004 -2
2344 0 -3.515000000000002 -8
2345 0 -3.515000000000002 -6
2346 0 -3.515000000000002 -4
2347 0 -3.515000000000003 -2
2348 0.3350000000000001 -3.515000000000003 -8
2349 0.3350000000000001 -3.515000000000003 -6
2350 0.3350000000000001 -3.515000000000003 -4.000000000000001
2351 0.3350000000000001 -3.515000000000004 -2
2352 0.8350000000000001 -3.515000000000003 -8
2353 0.8350000000000001 -3.515000000000003 -6
2354 0.8350000000000001 -3.515000000000003 -4.000000000000001
2355 0.8350000000000001 -3.515000000000004 -2
2356 3.515000000000001 -3.515000000000003 -8
2357 3.515000000000001 -3.515000000000003 -6
2358 3.515000000000001 -3.515000000000003 -4.000000000000001
2359 3.515000000000001 -3.515000000000004 -2
2360 2.175 -6.195 -8
2361 2.174999999999999 -6.195 -6
2362 2.175 -6.195 -3.999999999999999
2363 2.175 -6.195 -2
2364 2.175 -0.835 -8
2365 2.174999999999999 -0.835 -6
2366 2.175 -0.835 -3.999999999999999
2367 2.175 -0.835 -2
2368 2.174999999999999 -3.515000000000003 -10
2369 2.174999999999999 -3.515000000000003 0
2370 6.195000000000001 -3.515000000000003 -8
2371 6.195000000000001 -3.515000000000003 -6
2372 6.195000000000001 -3.515000000000003 -4.000000000000001
2373 6.195000000000001 -3.515000000000004 -2
2374 21.195 -3.515000000000003 -8
2375 21.195 -3.515000000000003 -6
2376 21.195 -3.515000000000003 -4.000000000000001
2377 21.195 -3.515000000000004 -2
2378 11.195 -6.195 -8
2379 11.195 -6.195 -6
2380 11.195 -6.195 -3.999999999999999
2381 11.195 -6.195 -2
2382 16.195 -6.195 -8
2383 16.195 -6.195 -6
2384 16.195 -6.195 -4
2385 16.195 -6.195 -2
2386 11.195 -0.835 -8
2387 11.195 -0.835 -6
2388 11.195 -0.835 -3.999999999999999
2389 11.195 -0.835 -2
2390 16.195 -0.835 -8
2391 16.195 -0.835 -6
2392 16.195 -0.835 -4
2393 16.195 -0.835 -2
2394 11.195 -3.515000000000002 -10
2395 16.195 -3.515000000000003 -10
2396 11.195 -3.515000000000002 0
2397 16.195 -3.515000000000003 0
2398 -16.195 -0.335 -8
2399 -16.195 -0.335 -6
2400 -16.195 -0.335 -3.999999999999999
2401 -16.195 -0.335 -2
2402 -11.195 -0.335 -8
2403 -11.195 -0.335 -6
2404 -11.195 -0.335 -4
2405 -11.195 -0.335 -2
2406 -2.175000000000002 -0.335 -8
2407 -2.175000000000001 -0.335 -6
2408 -2.175000000000002 -0.335 -3.999999999999999
2409 -2.175000000000002 -0.335 -2
2410 2.175 -0.335 -8
2411 2.174999999999999 -0.335 -6
2412 2.175 -0.335 -3.999999999999999
2413 2.175 -0.335 -2
2414 11.195 -0.335 -8
2415 11.195 -0.335 -6
2416 11.195 -0.335 -3.999999999999999
2417 11.195 -0.335 -2
2418 16.195 -0.335 -8
2419 16.195 -0.335 -6
2420 16.195 -0.335 -4
2421 16.195 -0.335 -2
2422 -16.195 0 -8
2423 -16.195 0 -6
2424 -16.195 0 -4
2425 -16.195 0 -2
2426 -11.195 0 -8
2427 -11.195 0 -6
2428 -11.195 0 -3.999999999999999
2429 -11.195 0 -2
2430 -2.175000000000002 0 -8
2431 -2.175000000000001 0 -6
2432 -2.175000000000002 0 -3.999999999999999
2433 -2.175000000000002 0 -2
2434 2.174999999999999 0 -8
2435 2.174999999999999 0 -6
2436 2.174999999999999 0 -3.999999999999998
2437 2.174999999999999 0 -2
2438 11.195 0 -8
2439 11.195 0 -6
2440 11.195 0 -3.999999999999999
2441 11.195 0 -2
2442 16.195 0 -8
2443 16.195 0 -6
2444 16.195 0 -3.999999999999999
2445 16.195 0 -2
2446 -16.195 0.3350000000000001 -8
2447 -16.195 0.3350000000000001 -6
2448 -16.195 0.3350000000000001 -3.999999999999999
2449 -16.195 0.3350000000000001 -2
2450 -11.195 0.3350000000000001 -8
2451 -11.195 0.3350000000000001 -6
2452 -11.195 0.3350000000000001 -4
2453 -11.195 0.3350000000000001 -2
2454 -2.175000000000002 0.3350000000000001 -8
2455 -2.175000000000001 0.3350000000000001 -6
2456 -2.175000000000002 0.3350000000000001 -3.999999999999999
2457 -2.175000000000002 0.3350000000000001 -2
2458 2.175 0.3350000000000001 -8
2459 2.174999999999999 0.3350000000000001 -6
2460 2.175 0.3350000000000001 -3.999999999999999
2461 2.175 0.3350000000000001 -2
2462 11.195 0.3350000000000001 -8
2463 11.195 0.3350000000000001 -6
2464 11.195 0.3350000000000001 -3.999999999999999
2465 11.195 0.3350000000000001 -2
2466 16.195 0.3350000000000001 -8
2467 16.195 0.3350000000000001 -6
2468 16.195 0.3350000000000001 -4
2469 16.195 0.3350000000000001 -2
2470 -16.195 0.8350000000000001 -8
2471 -16.195 0.8350000000000001 -6
2472 -16.195 0.8350000000000001 -3.999999999999999
2473 -16.195 0.8350000000000001 -2
2474 -11.195 0.8350000000000001 -8
2475 -11.195 0.8350000000000001 -6
2476 -11.195 0.8350000000000001 -4
2477 -11.195 0.8350000000000001 -2
2478 -2.175000000000002 0.8350000000000001 -8
2479 -2.175000000000001 0.8350000000000001 -6
2480 -2.175000000000002 0.8350000000000001 -3.999999999999999
2481 -2.175000000000002 0.8350000000000001 -2
2482 2.175 0.8350000000000001 -8
2483 2.174999999999999 0.8350000000000001 -6
2484 2.175 0.8350000000000001 -3.999999999999999
2485 2.175 0.8350000000000001 -2
2486 11.195 0.8350000000000001 -8
2487 11.195 0.8350000000000001 -6
2488 11.195 0.8350000000000001 -3.999999999999999
2489 11.195 0.8350000000000001 -2
2490 16.195 0.8350000000000001 -8
2491 16.195 0.8350000000000001 -6
2492 16.195 0.8350000000000001 -4
2493 16.195 0.8350000000000001 -2
2494 -21.195 3.514999999999997 -8
2495 -21.195 3.514999999999997 -6
2496 -21.195 3.514999999999997 -4.000000000000001
2497 -21.195 3.514999999999996 -2
2498 -6.195 3.514999999999997 -8
2499 -6.195 3.514999999999997 -6
2500 -6.195 3.514999999999997 -4.000000000000001
2501 -6.195 3.514999999999996 -2
2502 -16.195 6.195 -8
2503 -16.195 6.195 -6
2504 -16.195 6.195 -3.999999999999999
2505 -16.195 6.195 -2
2506 -11.195 6.195 -8
2507 -11.195 6.195 -6
2508 -11.195 6.195 -4
2509 -11.195 6.195 -2
2510 -16.195 3.514999999999998 -10
2511 -11.195 3.514999999999997 -10
2512 -16.195 3.514999999999998 0
2513 -11.195 3.514999999999997 0
2514 -3.515 3.514999999999997 -8
2515 -3.515 3.514999999999997 -6
2516 -3.515 3.514999999999997 -4.000000000000001
2517 -3.515 3.514999999999996 -2
2518 -0.835 3.514999999999997 -8
2519 -0.835 3.514999999999997 -6
2520 -0.835 3.514999999999997 -4.000000000000001
2521 -0.835 3.514999999999996 -2
2522 -2.175000000000002 6.195 -8
2523 -2.175000000000001 6.195 -6
2524 -2.175000000000002 6.195 -3.999999999999999
2525 -2.175000000000002 6.195 -2
2526 -2.175000000000002 3.514999999999998 -10
2527 -2.175000000000002 3.514999999999998 0
2528 -0.335 3.514999999999997 -8
2529 -0.335 3.514999999999997 -6
2530 -0.335 3.514999999999997 -4.000000000000001
2531 -0.335 3.514999999999996 -2
2532 0 3.514999999999997 -8
2533 0 3.514999999999997 -6
2534 0 3.514999999999997 -4.000000000000001
2535 0 3.514999999999996 -2
2536 0.3350000000000001 3.514999999999997 -8
2537 0.3350000000000001 3.514999999999997 -6
2538 0.3350000000000001 3.514999999999997 -4.000000000000001
2539 0.3350000000000001 3.514999999999996 -2
2540 0.8350000000000001 3.514999999999997 -8
2541 0.8350000000000001 3.514999999999997 -6
2542 0.8350000000000001 3.514999999999997 -4.000000000000001
2543 0.8350000000000001 3.514999999999996 -2
2544 3.515000000000001 3.514999999999997 -8
2545 3.515000000000001 3.514999999999997 -6
2546 3.515000000000001 3.514999999999997 -4.000000000000001
2547 3.515000000000001 3.514999999999996 -2
2548 2.175 6.195 -8
2549 2.174999999999999 6.195 -6
2550 2.175 6.195 -3.999999999999999
2551 2.175 6.195 -2
2552 2.174999999999999 3.514999999999997 -10
2553 2.174999999999999 3.514999999999997 0
2554 6.195000000000001 3.514999999999997 -8
2555 6.195000000000001 3.514999999999997 -6
2556 6.195000000000001 3.514999999999997 -4.000000000000001
2557 6.195000000000001 3.514999999999996 -2
2558 21.195 3.514999999999997 -8
2559 21.195 3.514999999999997 -6
2560 21.195 3.514999999999997 -4.000000000000001
2561 21.195 3.514999999999996 -2
2562 11.195 6.195 -8
2563 11.195 6.195 -6
2564 11.195 6.195 -3.999999999999999
2565 11.195 6.195 -2
2566 16.195 6.195 -8
2567 16.195 6.195 -6
2568 16.195 6.195 -4
2569 16.195 6.195 -2
2570 11.195 3.514999999999998 -10
2571 16.195 3.514999999999997 -10
2572 11.195 3.514999999999998 0
2573 16.195 3.514999999999997 0
2574 -21.195 -3.515000000000003 -14.5
2575 -21.195 -3.515000000000003 -13
2576 -21.195 -3.515000000000003 -11.5
2577 -6.195 -3.515000000000003 -14.5
2578 -6.195 -3.515000000000003 -13
2579 -6.195 -3.515000000000003 -11.5
2580 -16.195 -6.195 -14.5
2581 -16.195 -6.195 -13
2582 -16.195 -6.195 -11.5
2583 -11.195 -6.195 -14.5
2584 -11.195 -6.195 -13
2585 -11.195 -6.195 -11.5
2586 -16.195 -0.835 -14.5
2587 -16.195 -0.835 -13
2588 -16.195 -0.835 -11.5
2589 -11.195 -0.835 -14.5
2590 -11.195 -0.835 -13
2591 -11.195 -0.835 -11.5
2592 -16.195 -3.515000000000002 -16
2593 -11.195 -3.515000000000003 -16
2594 -3.515 -3.515000000000003 -14.5
2595 -3.515 -3.515000000000003 -13
2596 -3.515 -3.515000000000003 -11.5
2597 -0.835 -3.515000000000003 -14.5
2598 -0.835 -3.515000000000003 -13
2599 -0.835 -3.515000000000003 -11.5
2600 -2.175000000000002 -6.195 -14.5
2601 -2.175000000000001 -6.195 -13
2602 -2.175000000000002 -6.195 -11.5
2603 -2.175000000000002 -0.835 -14.5
2604 -2.175000000000001 -0.835 -13
2605 -2.175000000000002 -0.835 -11.5
2606 -2.175000000000002 -3.515000000000002 -16
2607 -0.335 -3.515000000000003 -14.5
2608 -0.335 -3.515000000000003 -13
2609 -0.335 -3.515000000000003 -11.5
2610 0 -3.515000000000002 -14.5
2611 0 -3.515000000000002 -13
2612 0 -3.515000000000002 -11.5
2613 0.3350000000000001 -3.515000000000003 -14.5
2614 0.3350000000000001 -3.515000000000003 -13
2615 0.3350000000000001 -3.515000000000003 -11.5
2616 0.8350000000000001 -3.515000000000003 -14.5
2617 0.8350000000000001 -3.515000000000003 -13
2618 0.8350000000000001 -3.515000000000003 -11.5
2619 3.515000000000001 -3.515000000000003 -14.5
2620 3.515000000000001 -3.515000000000003 -13
2621 3.515000000000001 -3.515000000000003 -11.5
2622 2.175 -6.195 -14.5
2623 2.174999999999999 -6.195 -13
2624 2.174999999999999 -6.195 -11.5
2625 2.175 -0.835 -14.5
2626 2.174999999999999 -0.835 -13
2627 2.175 -0.835 -11.5
2628 2.174999999999999 -3.515000000000003 -16
2629 6.195000000000001 -3.515000000000003 -14.5
2630 6.195000000000001 -3.515000000000003 -13
2631 6.195000000000001 -3.515000000000003 -11.5
2632 21.195 -3.515000000000003 -14.5
2633 21.195 -3.515000000000003 -13
2634 21.195 -3.515000000000003 -11.5
2635 11.195 -6.195 -14.5
2636 11.195 -6.195 -13
2637 11.195 -6.195 -11.5
2638 16.195 -6.195 -14.5
2639 16.195 -6.195 -13
2640 16.195 -6.195 -11.5
2641 11.195 -0.835 -14.5
2642 11.195 -0.835 -13
2643 11.195 -0.835 -11.5
2644 16.195 -0.835 -14.5
2645 16.195 -0.835 -13
2646 16.195 -0.835 -11.5
2647 11.195 -3.515000000000002 -16
2648 16.195 -3.515000000000003 -16
2649 -16.195 -0.335 -14.5
2650 -16.195 -0.335 -13
2651 -16.195 -0.335 -11.5
2652 -11.195 -0.335 -14.5
2653 -11.195 -0.335 -13
2654 -11.195 -0.335 -11.5
2655 -2.175000000000002 -0.335 -14.5
2656 -2.175000000000001 -0.335 -13
2657 -2.175000000000002 -0.335 -11.5
2658 2.175 -0.335 -14.5
2659 2.174999999999999 -0.335 -13
2660 2.175 -0.335 -11.5
2661 11.195 -0.335 -14.5
2662 11.195 -0.335 -13
2663 11.195 -0.335 -11.5
2664 16.195 -0.335 -14.5
2665 16.195 -0.335 -13
2666 16.195 -0.335 -11.5
2667 -16.195 0 -14.5
2668 -16.195 0 -13
2669 -16.195 0 -11.5
2670 -11.195 0 -14.5
2671 -11.195 0 -13
2672 -11.195 0 -11.5
2673 -2.175000000000002 0 -14.5
2674 -2.175000000000002 0 -13
2675 -2.175000000000002 0 -11.5
2676 2.175 0 -14.5
2677 2.174999999999999 0 -13
2678 2.174999999999999 0 -11.5
2679 11.195 0 -14.5
2680 11.195 0 -13
2681 11.195 0 -11.5
2682 16.195 0 -14.5
2683 16.195 0 -13
2684 16.195 0 -11.5
2685 -16.195 0.3350000000000001 -14.5
2686 -16.195 0.3350000000000001 -13
2687 -16.195 0.3350000000000001 -11.5
2688 -11.195 0.3350000000000001 -14.5
2689 -11.195 0.3350000000000001 -13
2690 -11.195 0.3350000000000001 -11.5
2691 -2.175000000000002 0.3350000000000001 -14.5
2692 -2.175000000000001 0.3350000000000001 -13
2693 -2.175000000000002 0.3350000000000001 -11.5
2694 2.175 0.3350000000000001 -14.5
2695 2.174999999999999 0.3350000000000001 -13
2696 2.175 0.3350000000000001 -11.5
2697 11.195 0.3350000000000001 -14.5
2698 11.195 0.3350000000000001 -13
2699 11.195 0.3350000000000001 -11.5
2700 16.195 0.3350000000000001 -14.5
2701 16.195 0.3350000000000001 -13
2702 16.195 0.3350000000000001 -11.5
2703 -16.195 0.8350000000000001 -14.5
2704 -16.195 0.8350000000000001 -13
2705 -16.195 0.8350000000000001 -11.5
2706 -11.195 0.8350000000000001 -14.5
2707 -11.195 0.8350000000000001 -13
2708 -11.195 0.8350000000000001 -11.5
2709 -2.175000000000002 0.8350000000000001 -14.5
2710 -2.175000000000001 0.8350000000000001 -13
2711 -2.175000000000002 0.8350000000000001 -11.5
2712 2.175 0.8350000000000001 -14.5
2713 2.174999999999999 0.8350000000000001 -13
2714 2.175 0.8350000000000001 -11.5
2715 11.195 0.8350000000000001 -14.5
2716 11.195 0.8350000000000001 -13
2717 11.195 0.8350000000000001 -11.5
2718 16.195 0.8350000000000001 -14.5
2719 16.195 0.8350000000000001 -13
2720 16.195 0.8350000000000001 -11.5
2721 -21.195 3.514999999999997 -14.5
2722 -21.195 3.514999999999997 -13
2723 -21.195 3.514999999999997 -11.5
2724 -6.195 3.514999999999997 -14.5
2725 -6.195 3.514999999999997 -13
2726 -6.195 3.514999999999997 -11.5
2727 -16.195 6.195 -14.5
2728 -16.195 6.195 -13
2729 -16.195 6.195 -11.5
2730 -11.195 6.195 -14.5
2731 -11.195 6.195 -13
2732 -11.195 6.195 -11.5
2733 -16.195 3.514999999999998 -16
2734 -11.195 3.514999999999997 -16
2735 -3.515 3.514999999999997 -14.5
2736 -3.515 3.514999999999997 -13
2737 -3.515 3.514999999999997 -11.5
2738 -0.835 3.514999999999997 -14.5
2739 -0.835 3.514999999999997 -13
2740 -0.835 3.514999999999997 -11.5
2741 -2.175000000000002 6.195 -14.5
2742 -2.175000000000001 6.195 -13
2743 -2.175000000000002 6.195 -11.5
2744 -2.175000000000002 3.514999999999998 -16
2745 -0.335 3.514999999999997 -14.5
2746 -0.335 3.514999999999997 -13
2747 -0.335 3.514999999999997 -11.5
2748 0 3.514999999999997 -14.5
2749 0 3.514999999999997 -13
2750 0 3.514999999999997 -11.5
2751 0.3350000000000001 3.514999999999997 -14.5
2752 0.3350000000000001 3.514999999999997 -13
2753 0.3350000000000001 3.514999999999997 -11.5
2754 0.8350000000000001 3.514999999999997 -14.5
2755 0.8350000000000001 3.514999999999997 -13
2756 0.8350000000000001 3.514999999999997 -11.5
2757 3.515000000000001 3.514999999999997 -14.5
2758 3.515000000000001 3.514999999999997 -13
2759 3.515000000000001 3.514999999999997 -11.5
2760 2.175 6.195 -14.5
2761 2.174999999999999 6.195 -13
2762 2.174999999999999 6.195 -11.5
2763 2.174999999999999 3.514999999999997 -16
2764 6.195000000000001 3.514999999999997 -14.5
2765 6.195000000000001 3.514999999999997 -13
2766 6.195000000000001 3.514999999999997 -11.5
2767 21.195 3.514999999999997 -14.5
2768 21.195 3.514999999999997 -13
2769 21.195 3.514999999999997 -11.5
2770 11.195 6.195 -14.5
2771 11.195 6.195 -13
2772 11.195 6.195 -11.5
2773 16.195 6.195 -14.5
2774 16.195 6.195 -13
2775 16.195 6.195 -11.5
2776 11.195 3.514999999999998 -16
2777 16.195 3.514999999999997 -16
2778 -21.195 -3.515000000000003 -20
2779 -21.195 -3.515000000000003 -19
2780 -21.195 -3.515000000000003 -18
2781 -21.195 -3.515000000000004 -17
2782 -6.195 -3.515000000000003 -20
2783 -6.195 -3.515000000000003 -19
2784 -6.195 -3.515000000000003 -18
2785 -6.195 -3.515000000000004 -17
2786 -16.195 -6.195 -20
2787 -16.195 -6.195 -19
2788 -16.195 -6.195 -18
2789 -16.195 -6.195 -17
2790 -11.195 -6.195 -20
2791 -11.195 -6.195 -19
2792 -11.195 -6.195 -18
2793 -11.195 -6.195 -17
2794 -16.195 -0.835 -20
2795 -16.195 -0.835 -19
2796 -16.195 -0.835 -18
2797 -16.195 -0.835 -17
2798 -11.195 -0.835 -20
2799 -11.195 -0.835 -19
2800 -11.195 -0.835 -18
2801 -11.195 -0.835 -17
2802 -16.195 -3.515000000000002 -21
2803 -11.195 -3.515000000000003 -21
2804 -3.515 -3.515000000000003 -20
2805 -3.515 -3.515000000000003 -19
2806 -3.515 -3.515000000000003 -18
2807 -3.515 -3.515000000000004 -17
2808 -0.835 -3.515000000000003 -20
2809 -0.835 -3.515000000000003 -19
2810 -0.835 -3.515000000000003 -18
2811 -0.835 -3.515000000000004 -17
2812 -2.175000000000002 -6.195 -20
2813 -2.175000000000001 -6.195 -19
2814 -2.175000000000001 -6.195 -18
2815 -2.175000000000002 -6.195 -17
2816 -2.175000000000002 -0.835 -20
2817 -2.175000000000001 -0.835 -19
2818 -2.175000000000001 -0.835 -18
2819 -2.175000000000002 -0.835 -17
2820 -2.175000000000002 -3.515000000000002 -21
2821 -0.335 -3.515000000000003 -20
2822 -0.335 -3.515000000000003 -19
2823 -0.335 -3.515000000000003 -18
2824 -0.335 -3.515000000000004 -17
2825 0 -3.515000000000002 -20
2826 0 -3.515000000000002 -19
2827 0 -3.515000000000002 -18
2828 0 -3.515000000000003 -17
2829 0.3350000000000001 -3.515000000000003 -20
2830 0.3350000000000001 -3.515000000000003 -19
2831 0.3350000000000001 -3.515000000000003 -18
2832 0.3350000000000001 -3.515000000000004 -17
2833 0.8350000000000001 -3.515000000000003 -20
2834 0.8350000000000001 -3.515000000000003 -19
2835 0.8350000000000001 -3.515000000000003 -18
2836 0.8350000000000001 -3.515000000000004 -17
2837 3.515000000000001 -3.515000000000003 -20
2838 3.515000000000001 -3.515000000000003 -19
2839 3.515000000000001 -3.515000000000003 -18
2840 3.515000000000001 -3.515000000000004 -17
2841 2.175 -6.195 -20
2842 2.174999999999999 -6.195 -19
2843 2.174999999999999 -6.195 -18
2844 2.175 -6.195 -17
2845 2.175 -0.835 -20
2846 2.174999999999999 -0.835 -19
2847 2.174999999999999 -0.835 -18
2848 2.175 -0.835 -17
2849 2.174999999999999 -3.515000000000003 -21
2850 6.195000000000001 -3.515000000000003 -20
2851 6.195000000000001 -3.515000000000003 -19
2852 6.195000000000001 -3.515000000000003 -18
2853 6.195000000000001 -3.515000000000004 -17
2854 21.195 -3.515000000000003 -20
2855 21.195 -3.515000000000003 -19
2856 21.195 -3.515000000000003 -18
2857 21.195 -3.515000000000004 -17
2858 11.195 -6.195 -20
2859 11.195 -6.195 -19
2860 11.195 -6.195 -18
2861 11.195 -6.195 -17
2862 16.195 -6.195 -20
2863 16.195 -6.195 -19
2864 16.195 -6.195 -18
2865 16.195 -6.195 -17
2866 11.195 -0.835 -20
2867 11.195 -0.835 -19
2868 11.195 -0.835 -18
2869 11.195 -0.835 -17
2870 16.195 -0.835 -20
2871 16.195 -0.835 -19
2872 16.195 -0.835 -18
2873 16.195 -0.835 -17
2874 11.195 -3.515000000000002 -21
2875 16.195 -3.515000000000003 -21
2876 -16.195 -0.335 -20
2877 -16.195 -0.335 -19
2878 -16.195 -0.335 -18
2879 -16.195 -0.335 -17
2880 -11.195 -0.335 -20
2881 -11.195 -0.335 -19
2882 -11.195 -0.335 -18
2883 -11.195 -0.335 -17
2884 -2.175000000000002 -0.335 -20
2885 -2.175000000000001 -0.335 -19
2886 -2.175000000000001 -0.335 -18
2887 -2.175000000000002 -0.335 -17
2888 2.175 -0.335 -20
2889 2.174999999999999 -0.335 -19
2890 2.174999999999999 -0.335 -18
2891 2.175 -0.335 -17
2892 11.195 -0.335 -20
2893 11.195 -0.335 -19
2894 11.195 -0.335 -18
2895 11.195 -0.335 -17
2896 16.195 -0.335 -20
2897 16.195 -0.335 -19
2898 16.195 -0.335 -18
2899 16.195 -0.335 -17
2900 -16.195 0 -20
2901 -16.195 0 -19
2902 -16.195 0 -18
2903 -16.195 0 -17
2904 -11.195 0 -20
2905 -11.195 0 -19
2906 -11.195 0 -18
2907 -11.195 0 -17
2908 -2.175000000000002 0 -20
2909 -2.175000000000001 0 -19
2910 -2.175000000000001 0 -18
2911 -2.175000000000002 0 -17
2912 2.174999999999999 0 -20
2913 2.174999999999999 0 -19
2914 2.174999999999999 0 -18
2915 2.174999999999999 0 -17
2916 11.195 0 -20
2917 11.195 0 -19
2918 11.195 0 -18
2919 11.195 0 -17
2920 16.195 0 -20
2921 16.195 0 -19
2922 16.195 0 -18
2923 16.195 0 -17
2924 -16.195 0.3350000000000001 -20
2925 -16.195 0.3350000000000001 -19
2926 -16.195 0.3350000000000001 -18
2927 -16.195 0.3350000000000001 -17
2928 -11.195 0.3350000000000001 -20
2929 -11.195 0.3350000000000001 -19
2930 -11.195 0.3350000000000001 -18
2931 -11.195 0.3350000000000001 -17
2932 -2.175000000000002 0.3350000000000001 -20
2933 -2.175000000000001 0.3350000000000001 -19
2934 -2.175000000000001 0.3350000000000001 -18
2935 -2.175000000000002 0.3350000000000001 -17
2936 2.175 0.3350000000000001 -20
2937 2.174999999999999 0.3350000000000001 -19
2938 2.174999999999999 0.3350000000000001 -18
2939 2.175 0.3350000000000001 -17
2940 11.195 0.3350000000000001 -20
2941 11.195 0.3350000000000001 -19
2942 11.195 0.3350000000000001 -18
2943 11.195 0.3350000000000001 -17
2944 16.195 0.3350000000000001 -20
2945 16.195 0.3350000000000001 -19
2946 16.195 0.3350000000000001 -18
2947 16.195 0.3350000000000001 -17
2948 -16.195 0.8350000000000001 -20
2949 -16.195 0.8350000000000001 -19
2950 -16.195 0.8350000000000001 -18
2951 -16.195 0.8350000000000001 -17
2952 -11.195 0.8350000000000001 -20
2953 -11.195 0.8350000000000001 -19
2954 -11.195 0.8350000000000001 -18
2955 -11.195 0.8350000000000001 -17
2956 -2.175000000000002 0.8350000000000001 -20
2957 -2.175000000000001 0.8350000000000001 -19
2958 -2.175000000000001 0.8350000000000001 -18
2959 -2.175000000000002 0.8350000000000001 -17
2960 2.175 0.8350000000000001 -20
2961 2.174999999999999 0.8350000000000001 -19
2962 2.174999999999999 0.8350000000000001 -18
2963 2.175 0.8350000000000001 -17
2964 11.195 0.8350000000000001 -20
2965 11.195 0.8350000000000001 -19
2966 11.195 0.8350000000000001 -18
2967 11.195 0.8350000000000001 -17
2968 16.195 0.8350000000000001 -20
2969 16.195 0.8350000000000001 -19
2970 16.195 0.8350000000000001 -18
2971 16.195 0.8350000000000001 -17
2972 -21.195 3.514999999999997 -20
2973 -21.195 3.514999999999997 -19
2974 -21.195 3.514999999999997 -18
2975 -21.195 3.514999999999996 -17
2976 -6.195 3.514999999999997 -20
2977 -6.195 3.514999999999997 -19
2978 -6.195 3.514999999999997 -18
2979 -6.195 3.514999999999996 -17
2980 -16.195 6.195 -20
2981 -16.195 6.195 -19
2982 -16.195 6.195 -18
2983 -16.195 6.195 -17
2984 -11.195 6.195 -20
2985 -11.195 6.195 -19
2986 -11.195 6.195 -18
2987 -11.195 6.195 -17
2988 -16.195 3.514999999999998 -21
2989 -11.195 3.514999999999997 -21
2990 -3.515 3.514999999999997 -20
2991 -3.515 3.514999999999997 -19
2992 -3.515 3.514999999999997 -18
2993 -3.515 3.514999999999996 -17
2994 -0.835 3.514999999999997 -20
2995 -0.835 3.514999999999997 -19
2996 -0.835 3.514999999999997 -18
2997 -0.835 3.514999999999996 -17
2998 -2.175000000000002 6.195 -20
2999 -2.175000000000001 6.195 -19
3000 -2.175000000000001 6.195 -18
3001 -2.175000000000002 6.195 -17
3002 -2.175000000000002 3.514999999999998 -21
3003 -0.335 3.514999999999997 -20
3004 -0.335 3.514999999999997 -19
3005 -0.335 3.514999999999997 -18
3006 -0.335 3.514999999999996 -17
3007 0 3.514999999999997 -20
3008 0 3.514999999999997 -19
3009 0 3.514999999999997 -18
3010 0 3.514999999999996 -17
3011 0.3350000000000001 3.514999999999997 -20
3012 0.3350000000000001 3.514999999999997 -19
3013 0.3350000000000001 3.514999999999997 -18
3014 0.3350000000000001 3.514999999999996 -17
3015 0.8350000000000001 3.514999999999997 -20
3016 0.8350000000000001 3.514999999999997 -19
3017 0.8350000000000001 3.514999999999997 -18
3018 0.8350000000000001 3.514999999999996 -17
3019 3.515000000000001 3.514999999999997 -20
3020 3.515000000000001 3.514999999999997 -19
3021 3.515000000000001 3.514999999999997 -18
3022 3.515000000000001 3.514999999999996 -17
3023 2.175 6.195 -20
3024 2.174999999999999 6.195 -19
3025 2.174999999999999 6.195 -18
3026 2.175 6.195 -17
3027 2.174999999999999 3.514999999999997 -21
3028 6.195000000000001 3.514999999999997 -20
3029 6.195000000000001 3.514999999999997 -19
3030 6.195000000000001 3.514999999999997 -18
3031 6.195000000000001 3.514999999999996 -17
3032 21.195 3.514999999999997 -20
3033 21.195 3.514999999999997 -19
3034 21.195 3.514999999999997 -18
3035 21.195 3.514999999999996 -17
3036 11.195 6.195 -20
3037 11.195 6.195 -19
3038 11.195 6.195 -18
3039 11.195 6.195 -17
3040 16.195 6.195 -20
3041 16.195 6.195 -19
3042 16.195 6.195 -18
3043 16.195 6.195 -17
3044 11.195 3.514999999999998 -21
3045 16.195 3.514999999999997 -21
3046 -16.195 -3.515000000000002 -23.5
3047 -11.195 -3.515000000000003 -23.5
3048 -2.175000000000002 -3.515000000000002 -23.5
3049 2.174999999999999 -3.515000000000003 -23.5
3050 11.195 -3.515000000000002 -23.5
3051 16.195 -3.515000000000003 -23.5
3052 -16.195 3.514999999999998 -23.5
3053 -11.195 3.514999999999997 -23.5
3054 -2.175000000000002 3.514999999999998 -23.5
3055 2.174999999999999 3.514999999999997 -23.5
3056 11.195 3.514999999999998 -23.5
3057 16.195 3.514999999999997 -23.5
3058 -23.695 -3.515000000000003 -8
3059 -23.695 -3.515000000000003 -6
3060 -23.695 -3.515000000000003 -4.000000000000001
3061 -23.695 -3.515000000000004 -2
3062 -23.695 3.514999999999997 -8
3063 -23.695 3.514999999999997 -6
3064 -23.695 3.514999999999997 -4.000000000000001
3065 -23.695 3.514999999999996 -2
3066 -23.695 -3.515000000000003 -14.5
3067 -23.695 -3.515000000000003 -13
3068 -23.695 -3.515000000000003 -11.5
3069 -23.695 3.514999999999997 -14.5
3070 -23.695 3.514999999999997 -13
3071 -23.695 3.514999999999997 -11.5
3072 23.695 -3.515000000000003 -8
3073 23.695 -3.515000000000003 -6
3074 23.695 -3.515000000000003 -4.000000000000001
3075 23.695 -3.515000000000004 -2
3076 23.695 3.514999999999997 -8
3077 23.695 3.514999999999997 -6
3078 23.695 3.514999999999997 -4.000000000000001
3079 23.695 3.514999999999996 -2
3080 23.695 -3.515000000000003 -14.5
3081 23.695 -3.515000000000003 -13
3082 23.695 -3.515000000000003 -11.5
3083 23.695 3.514999999999997 -14.5
3084 23.695 3.514999999999997 -13
3085 23.695 3.514999999999997 -11.5
3086 -2.175000000000002 -8.695 -8
3087 -2.175000000000001 -8.695 -6
3088 -2.175000000000002 -8.695 -3.999999999999999
3089 -2.175000000000002 -8.695 -2
3090 2.175 -8.695 -8
3091 2.174999999999999 -8.695 -6
3092 2.175 -8.695 -3.999999999999999
3093 2.175 -8.695 -2
3094 -2.175000000000002 -8.695 -14.5
3095 -2.175000000000001 -8.695 -13
3096 -2.175000000000002 -8.695 -11.5
3097 2.175 -8.695 -14.5
3098 2.174999999999999 -8.695 -13
3099 2.174999999999999 -8.695 -11.5
3100 -2.175000000000002 8.695 -8
3101 -2.175000000000001 8.695 -6
3102 -2.175000000000002 8.695 -3.999999999999999
3103 -2.175000000000002 8.695 -2
3104 2.175 8.695 -8
3105 2.174999999999999 8.695 -6
3106 2.175 8.695 -3.999999999999999
3107 2.175 8.695 -2
3108 -2.175000000000002 8.695 -14.5
3109 -2.175000000000001 8.695 -13
3110 -2.175000000000002 8.695 -11.5
3111 2.175 8.695 -14.5
3112 2.174999999999999 8.695 -13
3113 2.174999999999999 8.695 -11.5
3114 -23.695 -3.515000000000003 -20
3115 -23.695 -3.515000000000003 -19
3116 -23.695 -3.515000000000003 -18
3117 -23.695 -3.515000000000004 -17
3118 -23.695 3.514999999999997 -20
3119 -23.695 3.514999999999997 -19
3120 -23.695 3.514999999999997 -18
3121 -23.695 3.514999999999996 -17
3122 23.695 -3.515000000000003 -20
3123 23.695 -3.515000000000003 -19
3124 23.695 -3.515000000000003 -18
3125 23.695 -3.515000000000004 -17
3126 23.695 3.514999999999997 -20
3127 23.695 3.514999999999997 -19
3128 23.695 3.514999999999997 -18
3129 23.695 3.514999999999996 -17
3130 -16.195 -8.695 -8
3131 -16.195 -8.695 -6
3132 -16.195 -8.695 -3.999999999999999
3133 -16.195 -8.695 -2
3134 -11.195 -8.695 -8
3135 -11.195 -8.695 -6
3136 -11.195 -8.695 -4
3137 -11.195 -8.695 -2
3138 11.195 -8.695 -8
3139 11.195 -8.695 -6
3140 11.195 -8.695 -3.999999999999999
3141 11.195 -8.695 -2
3142 16.195 -8.695 -8
3143 16.195 -8.695 -6
3144 16.195 -8.695 -4
3145 16.195 -8.695 -2
3146 -16.195 -8.695 -14.5
3147 -16.195 -8.695 -13
3148 -16.195 -8.695 -11.5
3149 -11.195 -8.695 -14.5
3150 -11.195 -8.695 -13
3151 -11.195 -8.695 -11.5
3152 11.195 -8.695 -14.5
3153 11.195 -8.695 -13
3154 11.195 -8.695 -11.5
3155 16.195 -8.695 -14.5
3156 16.195 -8.695 -13
3157 16.195 -8.695 -11.5
3158 -16.195 -8.695 -20
3159 -16.195 -8.695 -19
3160 -16.195 -8.695 -18
3161 -16.195 -8.695 -17
3162 -11.195 -8.695 -20
3163 -11.195 -8.695 -19
3164 -11.195 -8.695 -18
3165 -11.195 -8.695 -17
3166 -2.175000000000002 -8.695 -20
3167 -2.175000000000001 -8.695 -19
3168 -2.175000000000001 -8.695 -18
3169 -2.175000000000002 -8.695 -17
3170 2.175 -8.695 -20
3171 2.174999999999999 -8.695 -19
3172 2.174999999999999 -8.695 -18
3173 2.175 -8.695 -17
3174 11.195 -8.695 -20
3175 11.195 -8.695 -19
3176 11.195 -8.695 -18
3177 11.195 -8.695 -17
3178 16.195 -8.695 -20
3179 16.195 -8.695 -19
3180 16.195 -8.695 -18
3181 16.195 -8.695 -17
3182 -16.195 8.695 -8
3183 -16.195 8.695 -6
3184 -16.195 8.695 -3.999999999999999
3185 -16.195 8.695 -2
3186 -11.195 8.695 -8
3187 -11.195 8.695 -6
3188 -11.195 8.695 -4
3189 -11.195 8.695 -2
3190 11.195 8.695 -8
3191 11.195 8.695 -6
3192 11.195 8.695 -3.999999999999999
3193 11.195 8.695 -2
3194 16.195 8.695 -8
3195 16.195 8.695 -6
3196 16.195 8.695 -4
3197 16.195 8.695 -2
3198 -16.195 8.695 -14.5
3199 -16.195 8.695 -13
3200 -16.195 8.695 -11.5
3201 -11.195 8.695 -14.5
3202 -11.195 8.695 -13
3203 -11.195 8.695 -11.5
3204 11.195 8.695 -14.5
3205 11.195 8.695 -13
3206 11.195 8.695 -11.5
3207 16.195 8.695 -14.5
3208 16.195 8.695 -13
3209 16.195 8.695 -11.5
3210 -16.195 8.695 -20
3211 -16.195 8.695 -19
3212 -16.195 8.695 -18
3213 -16.195 8.695 -17
3214 -11.195 8.695 -20
3215 -11.195 8.695 -19
3216 -11.195 8.695 -18
3217 -11.195 8.695 -17
3218 -2.175000000000002 8.695 -20
3219 -2.175000000000001 8.695 -19
3220 -2.175000000000001 8.695 -18
3221 -2.175000000000002 8.695 -17
3222 2.175 8.695 -20
3223 2.174999999999999 8.695 -19
3224 2.174999999999999 8.695 -18
3225 2.175 8.695 -17
3226 11.195 8.695 -20
3227 11.195 8.695 -19
3228 11.195 8.695 -18
3229 11.195 8.695 -17
3230 16.195 8.695 -20
3231 16.195 8.695 -19
3232 16.195 8.695 -18
3233 16.195 8.695 -17
3234 -16.195 -3.515000000000003 -8.000000000000004
3235 -11.195 -3.515000000000004 -8
3236 -16.195 -3.515000000000004 -6
3237 -11.195 -3.515000000000004 -6
3238 -16.195 -3.515000000000001 -4
3239 -11.195 -3.515000000000003 -4
3240 -16.195 -3.515000000000005 -2
3241 -11.195 -3.515000000000004 -1.999999999999999
3242 -2.175000000000002 -3.515000000000004 -8
3243 -2.175000000000001 -3.515000000000004 -6
3244 -2.175000000000002 -3.515000000000004 -4
3245 -2.175000000000002 -3.515000000000004 -2
3246 2.175 -3.515000000000005 -8
3247 2.174999999999998 -3.515000000000005 -6
3248 2.175 -3.515000000000005 -4.000000000000001
3249 2.175 -3.515000000000004 -2
3250 11.195 -3.515000000000003 -8.000000000000004
3251 16.19499999999999 -3.515000000000004 -8
3252 11.195 -3.515000000000004 -6
3253 16.19499999999999 -3.515000000000004 -6
3254 11.195 -3.515000000000001 -4
3255 16.19499999999999 -3.515000000000003 -4
3256 11.195 -3.515000000000005 -2
3257 16.19499999999999 -3.515000000000004 -1.999999999999999
3258 -16.195 3.514999999999997 -8.000000000000004
3259 -11.195 3.514999999999996 -8
3260 -16.195 3.514999999999997 -6
3261 -11.195 3.514999999999996 -6
3262 -16.195 3.514999999999997 -4
3263 -11.195 3.514999999999999 -4
3264 -16.195 3.514999999999997 -2
3265 -11.195 3.514999999999996 -1.999999999999999
3266 -2.175000000000002 3.514999999999998 -8
3267 -2.175000000000001 3.514999999999998 -6
3268 -2.175000000000002 3.514999999999998 -4
3269 -2.175000000000002 3.514999999999998 -2
3270 2.175000000000001 3.514999999999995 -8
3271 2.174999999999999 3.514999999999995 -6
3272 2.175000000000001 3.514999999999995 -4
3273 2.175000000000001 3.514999999999995 -2
3274 11.195 3.514999999999997 -8.000000000000004
3275 16.19499999999999 3.514999999999996 -8
3276 11.195 3.514999999999997 -6
3277 16.19499999999999 3.514999999999996 -6
3278 11.195 3.514999999999997 -4
3279 16.19499999999999 3.514999999999999 -4
3280 11.195 3.514999999999997 -2
3281 16.19499999999999 3.514999999999996 -1.999999999999999
3282 -16.195 -3.515000000000001 -14.50000000000001
3283 -11.195 -3.515000000000003 -14.5
3284 -16.195 -3.515000000000001 -13.00000000000001
3285 -11.195 -3.515000000000003 -13
3286 -16.195 -3.515000000000002 -11.5
3287 -11.195 -3.515000000000003 -11.5
3288 -2.175000000000002 -3.515000000000002 -14.5
3289 -2.175 -3.515000000000004 -13
3290 -2.175000000000002 -3.515000000000004 -11.5
3291 2.175 -3.515000000000003 -14.5
3292 2.175 -3.515000000000003 -13
3293 2.175 -3.515000000000004 -11.5
3294 11.195 -3.515000000000001 -14.50000000000001
3295 16.19499999999999 -3.515000000000003 -14.5
3296 11.195 -3.515000000000001 -13.00000000000001
3297 16.19499999999999 -3.515000000000003 -13
3298 11.195 -3.515000000000002 -11.5
3299 16.19499999999999 -3.515000000000003 -11.5
3300 -16.195 3.514999999999998 -14.50000000000001
3301 -11.195 3.514999999999999 -14.5
3302 -16.195 3.514999999999998 -13.00000000000001
3303 -11.195 3.514999999999998 -13
3304 -16.195 3.514999999999998 -11.5
3305 -11.195 3.514999999999998 -11.5
3306 -2.175000000000002 3.514999999999999 -14.5
3307 -2.175 3.514999999999998 -13
3308 -2.175000000000002 3.514999999999998 -11.5
3309 2.175 3.514999999999997 -14.5
3310 2.174999999999999 3.514999999999997 -13
3311 2.174999999999999 3.514999999999996 -11.5
3312 11.195 3.514999999999998 -14.50000000000001
3313 16.19499999999999 3.514999999999999 -14.5
3314 11.195 3.514999999999998 -13.00000000000001
3315 16.19499999999999 3.514999999999998 -13
3316 11.195 3.514999999999998 -11.5
3317 16.19499999999999 3.514999999999998 -11.5
3318 -16.195 -3.515000000000003 -20
3319 -11.195 -3.515000000000004 -20
3320 -16.195 -3.515000000000004 -19.00000000000001
3321 -11.195 -3.515000000000004 -19
3322 -16.195 -3.515000000000003 -18
3323 -11.195 -3.515000000000004 -18
3324 -16.195 -3.515000000000005 -17
3325 -11.195 -3.515000000000004 -17
3326 -2.175000000000002 -3.515000000000004 -20
3327 -2.175000000000001 -3.515000000000004 -19
3328 -2.175000000000001 -3.515000000000004 -18
3329 -2.175000000000002 -3.515000000000004 -17
3330 2.175000000000001 -3.515000000000004 -20
3331 2.174999999999999 -3.515000000000004 -19
3332 2.174999999999999 -3.515000000000004 -18
3333 2.175000000000001 -3.515000000000004 -17
3334 11.195 -3.515000000000003 -20
3335 16.19499999999999 -3.515000000000004 -20
3336 11.195 -3.515000000000004 -19.00000000000001
3337 16.19499999999999 -3.515000000000004 -19
3338 11.195 -3.515000000000003 -18
3339 16.19499999999999 -3.515000000000004 -18
3340 11.195 -3.515000000000005 -17
3341 16.19499999999999 -3.515000000000004 -17
3342 -16.195 3.514999999999997 -20
3343 -11.195 3.514999999999996 -20
3344 -16.195 3.514999999999997 -19.00000000000001
3345 -11.195 3.514999999999996 -19
3346 -16.195 3.514999999999997 -18
3347 -11.195 3.514999999999997 -18
3348 -16.195 3.514999999999997 -17
3349 -11.195 3.514999999999996 -17
3350 -2.175000000000002 3.514999999999998 -20
3351 -2.175000000000001 3.514999999999998 -19
3352 -2.175000000000001 3.514999999999997 -18
3353 -2.175000000000002 3.514999999999998 -17
3354 2.175 3.514999999999996 -20
3355 2.174999999999998 3.514999999999996 -19
3356 2.174999999999999 3.514999999999996 -18
3357 2.175 3.514999999999995 -17
3358 11.195 3.514999999999997 -20
3359 16.19499999999999 3.514999999999996 -20
3360 11.195 3.514999999999997 -19.00000000000001
3361 16.19499999999999 3.514999999999996 -19
3362 11.195 3.514999999999997 -18
3363 16.19499999999999 3.514999999999997 -18
3364 11.195 3.514999999999997 -17
3365 16.19499999999999 3.514999999999996 -17
$EndNodes
$Elements
11803
1 15 2 0 1 1
2 15 2 0 2 2
3 15 2 0 3 3
4 15 2 0 4 4
5 15 2 0 5 5
6 15 2 0 6 6
7 15 2 0 7 7
8 15 2 0 8 8
9 15 2 0 9 9
10 15 2 0 10 10
11 15 2 0 11 11
12 15 2 0 12 12
13 15 2 0 13 13
14 15 2 0 14 14
15 15 2 0 15 15
16 15 2 0 16 16
17 15 2 0 17 17
18 15 2 0 18 18
19 15 2 0 19 19
20 15 2 0 20 20
21 15 2 0 21 21
22 15 2 0 22 22
23 15 2 0 23 23
24 15 2 0 24 24
25 15 2 0 25 25
26 15 2 0 26 26
27 15 2 0 27 27
28 15 2 0 28 28
29 15 2 0 29 29
30 15 2 0 30 30
31 15 2 0 31 31
32 15 2 0 32 32
33 15 2 0 33 33
34 15 2 0 34 34
35 15 2 0 35 35
36 15 2 0 36 36
37 15 2 0 37 37
38 15 2 0 38 38
39 15 2 0 39 39
40 15 2 0 40 40
41 15 2 0 41 41
42 15 2 0 42 42
43 15 2 0 43 43
44 15 2 0 44 44
45 15 2 0 45 45
46 15 2 0 46 46
47 15 2 0 47 47
48 15 2 0 48 48
49 15 2 0 49 49
50 15 2 0 50 50
51 15 2 0 51 51
52 15 2 0 52 52
53 15 2 0 53 53
54 15 2 0 54 54
55 15 2 0 55 55
56 15 2 0 56 56
57 15 2 0 57 57
58 15 2 0 58 58
59 15 2 0 59 59
60 15 2 0 60 60
61 15 2 0 61 61
62 15 2 0 62 62
63 15 2 0 63 63
64 15 2 0 64 64
65 15 2 0 65 65
66 15 2 0 66 66
67 15 2 0 67 67
68 15 2 0 68 68
69 15 2 0 69 69
70 15 2 0 70 70
71 15 2 0 71 71
72 15 2 0 72 72
73 15 2 0 73 73
74 15 2 0 74 74
75 15 2 0 75 75
76 15 2 0 76 76
77 15 2 0 77 77
78 15 2 0 78 78
79 15 2 0 79 79
80 15 2 0 80 80
81 15 2 0 81 81
82 15 2 0 82 82
83 15 2 0 83 83
84 15 2 0 84 84
85 15 2 0 85 85
86 15 2 0 86 86
87 15 2 0 87 87
88 15 2 0 88 88
89 15 2 0 89 89
90 15 2 0 90 90
91 15 2 0 91 91
92 15 2 0 92 92
93 15 2 0 93 93
94 15 2 0 94 94
95 15 2 0 95 95
96 15 2 0 96 96
97 15 2 0 97 97
98 15 2 0 98 98
99 15 2 0 99 99
100 15 2 0 100 100
101 15 2 0 101 101
102 15 2 0 102 102
103 15 2 0 103 103
104 15 2 0 104 104
105 15 2 0 105 105
106 15 2 0 106 106
107 15 2 0 107 107
108 15 2 0 108 108
109 15 2 0 109 109
110 15 2 0 110 110
111 15 2 0 111 111
112 15 2 0 112 112
113 15 2 0 113 113
114 15 2 0 114 114
115 15 2 0 115 115
116 15 2 0 116 116
117 15 2 0 117 117
118 15 2 0 118 118
119 15 2 0 119 119
120 15 2 0 120 120
121 15 2 0 121 121
122 15 2 0 122 122
123 15 2 0 123 123
124 15 2 0 124 124
125 15 2 0 125 125
126 15 2 0 126 126
127 15 2 0 127 127
128 15 2 0 128 128
129 15 2 0 129 129
130 15 2 0 130 130
131 15 2 0 131 131
132 15 2 0 132 132
133 15 2 0 133 133
134 15 2 0 134 134
135 15 2 0 135 135
136 15 2 0 136 136
137 15 2 0 137 137
138 15 2 0 138 138
139 15 2 0 139 139
140 15 2 0 140 140
141 15 2 0 141 141
142 15 2 0 142 142
143 15 2 0 143 143
144 15 2 0 144 144
145 15 2 0 145 145
146 15 2 0 146 146
147 15 2 0 147 147
148 15 2 0 148 148
149 15 2 0 149 149
150 15 2 0 150 150
151 15 2 0 151 151
152 15 2 0 152 152
153 15 2 0 153 153
154 15 2 0 154 154
155 15 2 0 155 155
156 15 2 0 156 156
157 15 2 0 157 157
158 15 2 0 158 158
159 15 2 0 159 159
160 15 2 0 160 160
161 15 2 0 161 161
162 15 2 0 162 162
163 15 2 0 163 163
164 15 2 0 164 164
165 15 2 0 165 165
166 15 2 0 166 166
167 15 2 0 167 167
168 15 2 0 168 168
169 15 2 0 169 169
170 15 2 0 170 170
171 15 2 0 171 171
172 15 2 0 172 172
173 15 2 0 173 173
174 15 2 0 174 174
175 15 2 0 175 175
176 15 2 0 176 176
177 15 2 0 177 177
178 15 2 0 178 178
179 15 2 0 179 179
180 15 2 0 180 180
181 15 2 0 181 181
182 15 2 0 182 182
183 15 2 0 183 183
184 15 2 0 184 184
185 15 2 0 185 185
186 15 2 0 186 186
187 15 2 0 187 187
188 15 2 0 188 188
189 15 2 0 189 189
190 15 2 0 190 190
191 15 2 0 191 191
192 15 2 0 192 192
193 15 2 0 193 193
194 15 2 0 194 194
195 15 2 0 195 195
196 15 2 0 196 196
197 15 2 0 197 197
198 15 2 0 198 198
199 15 2 0 199 199
200 15 2 0 200 200
201 15 2 0 201 201
202 15 2 0 202 202
203 15 2 0 203 203
204 15 2 0 204 204
205 15 2 0 205 205
206 15 2 0 206 206
207 15 2 0 207 207
208 15 2 0 208 208
209 15 2 0 209 209
210 15 2 0 210 210
211 15 2 0 211 211
212 15 2 0 212 212
213 15 2 0 213 213
214 15 2 0 214 214
215 15 2 0 215 215
216 15 2 0 216 216
217 15 2 0 217 217
218 15 2 0 218 218
219 15 2 0 219 219
220 15 2 0 220 220
221 15 2 0 221 221
222 15 2 0 222 222
223 15 2 0 223 223
224 15 2 0 224 224
225 15 2 0 225 225
226 15 2 0 226 226
227 15 2 0 227 227
228 15 2 0 228 228
229 15 2 0 229 229
230 15 2 0 230 230
231 15 2 0 231 231
232 15 2 0 232 232
233 15 2 0 233 233
234 15 2 0 234 234
235 15 2 0 235 235
236 15 2 0 236 236
237 15 2 0 237 237
238 15 2 0 238 238
239 15 2 0 239 239
240 15 2 0 240 240
241 15 2 0 241 241
242 15 2 0 242 242
243 15 2 0 243 243
244 15 2 0 244 244
245 15 2 0 245 245
246 15 2 0 246 246
247 15 2 0 247 247
248 15 2 0 248 248
249 15 2 0 249 249
250 15 2 0 250 250
251 15 2 0 251 251
252 15 2 0 252 252
253 15 2 0 253 253
254 15 2 0 254 254
255 15 2 0 255 255
256 15 2 0 256 256
257 15 2 0 257 257
258 15 2 0 258 258
259 15 2 0 259 259
260 15 2 0 260 260
261 15 2 0 261 261
262 15 2 0 262 262
263 15 2 0 263 263
264 15 2 0 264 264
265 15 2 0 265 265
266 15 2 0 266 266
267 15 2 0 267 267
268 15 2 0 268 268
269 15 2 0 269 269
270 15 2 0 270 270
271 15 2 0 271 271
272 15 2 0 272 272
273 15 2 0 273 273
274 15 2 0 274 274
275 15 2 0 275 275
276 15 2 0 276 276
277 15 2 0 277 277
278 15 2 0 278 278
279 15 2 0 279 279
280 15 2 0 280 280
281 15 2 0 281 281
282 15 2 0 282 282
283 15 2 0 283 283
284 15 2 0 284 284
285 15 2 0 285 285
286 15 2 0 286 286
287 15 2 0 287 287
288 15 2 0 288 288
289 15 2 0 289 289
290 15 2 0 290 290
291 15 2 0 291 291
292 15 2 0 292 292
293 15 2 0 293 293
294 15 2 0 294 294
295 15 2 0 295 295
296 15 2 0 296 296
297 15 2 0 297 297
298 15 2 0 298 298
299 15 2 0 299 299
300 15 2 0 300 300
301 15 2 0 301 301
302 15 2 0 302 302
303 15 2 0 303 303
304 15 2 0 304 304
305 15 2 0 305 305
306 15 2 0 306 306
307 15 2 0 307 307
308 15 2 0 308 308
309 15 2 0 309 309
310 15 2 0 310 310
311 15 2 0 311 311
312 15 2 0 312 312
313 15 2 0 313 313
314 15 2 0 314 314
315 15 2 0 315 315
316 15 2 0 316 316
317 15 2 0 317 317
318 15 2 0 318 318
319 15 2 0 319 319
320 15 2 0 320 320
321 15 2 0 321 321
322 15 2 0 322 322
323 15 2 0 323 323
324 15 2 0 324 324
325 15 2 0 325 325
326 15 2 0 326 326
327 15 2 0 327 327
328 15 2 0 328 328
329 15 2 0 329 329
330 15 2 0 330 330
331 15 2 0 331 331
332 15 2 0 332 332
333 15 2 0 333 333
334 15 2 0 334 334
335 15 2 0 335 335
336 15 2 0 336 336
337 15 2 0 337 337
338 15 2 0 338 338
339 15 2 0 339 339
340 15 2 0 340 340
341 15 2 0 341 341
342 15 2 0 342 342
343 15 2 0 343 343
344 15 2 0 344 344
345 15 2 0 345 345
346 15 2 0 346 346
347 15 2 0 347 347
348 15 2 0 348 348
349 15 2 0 349 349
350 15 2 0 350 350
351 15 2 0 351 351
352 15 2 0 352 352
353 15 2 0 353 353
354 15 2 0 354 354
355 15 2 0 355 355
356 15 2 0 356 356
357 15 2 0 357 357
358 15 2 0 358 358
359 15 2 0 359 359
360 15 2 0 360 360
361 15 2 0 361 361
362 15 2 0 362 362
363 15 2 0 363 363
364 15 2 0 364 364
365 15 2 0 365 365
366 15 2 0 366 366
367 15 2 0 367 367
368 15 2 0 368 368
369 15 2 0 369 369
370 15 2 0 370 370
371 15 2 0 371 371
372 15 2 0 372 372
373 15 2 0 373 373
374 15 2 0 374 374
375 15 2 0 375 375
376 15 2 0 376 376
377 15 2 0 377 377
378 15 2 0 378 378
379 15 2 0 379 379
380 15 2 0 380 380
381 15 2 0 381 381
382 15 2 0 382 382
383 15 2 0 383 383
384 15 2 0 384 384
385 15 2 0 385 385
386 15 2 0 386 386
387 15 2 0 387 387
388 15 2 0 388 388
389 15 2 0 389 389
390 15 2 0 390 390
391 15 2 0 391 391
392 15 2 0 392 392
393 15 2 0 393 393
394 15 2 0 394 394
395 15 2 0 395 395
396 15 2 0 396 396
397 15 2 0 397 397
398 15 2 0 398 398
399 15 2 0 399 399
400 15 2 0 400 400
401 15 2 0 401 401
402 15 2 0 402 402
403 15 2 0 403 403
404 15 2 0 404 404
405 15 2 0 405 405
406 15 2 0 406 406
407 15 2 0 414 407
408 15 2 0 415 408
409 15 2 0 416 409
410 15 2 0 417 410
411 15 2 0 418 411
412 15 2 0 419 412
413 15 2 0 420 413
414 15 2 0 421 414
415 15 2 0 422 415
416 15 2 0 423 416
417 15 2 0 424 417
418 15 2 0 425 418
419 15 2 0 426 419
420 15 2 0 427 420
421 15 2 0 428 421
422 15 2 0 429 422
423 15 2 0 430 423
424 15 2 0 431 424
425 15 2 0 432 425
426 15 2 0 433 426
427 15 2 0 434 427
428 15 2 0 443 428
429 15 2 0 444 429
430 15 2 0 446 430
431 15 2 0 447 431
432 15 2 0 448 432
433 15 2 0 449 433
434 15 2 0 450 434
435 15 2 0 451 435
436 15 2 0 452 436
437 15 2 0 453 437
438 15 2 0 454 438
439 15 2 0 455 439
440 15 2 0 456 440
441 15 2 0 457 441
442 15 2 0 458 442
443 15 2 0 459 443
444 15 2 0 460 444
445 15 2 0 461 445
446 15 2 0 465 446
447 15 2 0 466 447
448 15 2 0 467 448
449 15 2 0 468 449
450 15 2 0 469 450
451 15 2 0 470 451
452 15 2 0 471 452
453 15 2 0 472 453
454 15 2 0 473 454
455 15 2 0 487 455
456 15 2 0 488 456
457 15 2 0 490 457
458 15 2 0 491 458
459 15 2 0 492 459
460 15 2 0 493 460
461 15 2 0 494 461
462 15 2 0 495 462
463 15 2 0 496 463
464 15 2 0 497 464
465 15 2 0 498 465
466 15 2 0 499 466
467 15 2 0 500 467
468 15 2 0 501 468
469 15 2 0 502 469
470 15 2 0 503 470
471 15 2 0 504 471
472 15 2 0 505 472
473 15 2 0 509 473
474 15 2 0 510 474
475 15 2 0 511 475
476 15 2 0 512 476
477 15 2 0 513 477
478 15 2 0 514 478
479 15 2 0 515 479
480 15 2 0 516 480
481 15 2 0 517 481
482 15 2 0 518 482
483 15 2 0 519 483
484 15 2 0 520 484
485 15 2 0 521 485
486 15 2 0 522 486
487 15 2 0 523 487
488 15 2 0 524 488
489 15 2 0 525 489
490 15 2 0 526 490
491 15 2 0 527 491
492 15 2 0 528 492
493 15 2 0 529 493
494 15 2 0 530 494
495 15 2 0 531 495
496 15 2 0 532 496
497 15 2 0 533 497
498 15 2 0 534 498
499 15 2 0 535 499
500 15 2 0 536 500
501 15 2 0 537 501
502 15 2 0 538 502
503 15 2 0 539 503
504 15 2 0 540 504
505 15 2 0 541 505
506 15 2 0 542 506
507 15 2 0 543 507
508 15 2 0 544 508
509 15 2 0 545 509
510 15 2 0 546 510
511 15 2 0 547 511
512 15 2 0 548 512
513 15 2 0 549 513
514 15 2 0 550 514
515 15 2 0 551 515
516 15 2 0 552 516
517 15 2 0 553 517
518 15 2 0 554 518
519 15 2 0 555 519
520 15 2 0 556 520
521 15 2 0 557 521
522 15 2 0 558 522
523 15 2 0 559 523
524 15 2 0 560 524
525 15 2 0 561 525
526 15 2 0 562 526
527 15 2 0 563 527
528 15 2 0 564 528
529 15 2 0 565 529
530 15 2 0 566 530
531 15 2 0 567 531
532 15 2 0 568 532
533 15 2 0 569 533
534 15 2 0 570 534
535 15 2 0 571 535
536 15 2 0 572 536
537 15 2 0 573 537
538 15 2 0 574 538
539 15 2 0 575 539
540 15 2 0 576 540
541 15 2 0 577 541
542 15 2 0 578 542
543 15 2 0 579 543
544 15 2 0 580 544
545 15 2 0 581 545
546 15 2 0 582 546
547 15 2 0 583 547
548 15 2 0 584 548
549 15 2 0 585 549
550 15 2 0 586 550
551 15 2 0 587 551
552 15 2 0 588 552
553 15 2 0 589 553
554 15 2 0 590 554
555 15 2 0 591 555
556 15 2 0 592 556
557 15 2 0 593 557
558 15 2 0 594 558
559 15 2 0 595 559
560 15 2 0 596 560
561 15 2 0 597 561
562 15 2 0 598 562
563 15 2 0 599 563
564 15 2 0 600 564
565 15 2 0 601 565
566 15 2 0 602 566
567 15 2 0 603 567
568 15 2 0 604 568
569 15 2 0 605 569
570 15 2 0 606 570
571 15 2 0 607 571
572 15 2 0 608 572
573 15 2 0 609 573
574 15 2 0 610 574
575 15 2 0 611 575
576 15 2 0 612 576
577 15 2 0 613 577
578 15 2 0 614 578
579 15 2 0 615 579
580 15 2 0 616 580
581 15 2 0 617 581
582 15 2 0 618 582
583 15 2 0 619 583
584 15 2 0 620 584
585 15 2 0 621 585
586 15 2 0 622 586
587 15 2 0 623 587
588 15 2 0 624 588
589 1 2 0 1 1 589
590 1 2 0 1 589 590
591 1 2 0 1 590 591
592 1 2 0 1 591 592
593 1 2 0 1 592 2
594 1 2 0 2 2 593
595 1 2 0 2 593 3
596 1 2 0 3 4 594
597 1 2 0 3 594 595
598 1 2 0 3 595 596
599 1 2 0 3 596 597
600 1 2 0 3 597 3
601 1 2 0 4 1 598
602 1 2 0 4 598 4
603 1 2 0 5 5 599
604 1 2 0 5 599 600
605 1 2 0 5 600 601
606 1 2 0 5 601 602
607 1 2 0 5 602 6
608 1 2 0 6 6 603
609 1 2 0 6 603 7
610 1 2 0 7 8 604
611 1 2 0 7 604 605
612 1 2 0 7 605 606
613 1 2 0 7 606 607
614 1 2 0 7 607 7
615 1 2 0 8 5 608
616 1 2 0 8 608 8
617 1 2 0 9 1 609
618 1 2 0 9 609 610
619 1 2 0 9 610 5
620 1 2 0 10 2 611
621 1 2 0 10 611 612
622 1 2 0 10 612 6
623 1 2 0 11 4 613
624 1 2 0 11 613 614
625 1 2 0 11 614 8
626 1 2 0 12 3 615
627 1 2 0 12 615 616
628 1 2 0 12 616 7
629 1 2 0 13 9 617
630 1 2 0 13 617 618
631 1 2 0 13 618 619
632 1 2 0 13 619 620
633 1 2 0 13 620 10
634 1 2 0 14 10 621
635 1 2 0 14 621 11
636 1 2 0 15 12 622
637 1 2 0 15 622 623
638 1 2 0 15 623 624
639 1 2 0 15 624 625
640 1 2 0 15 625 11
641 1 2 0 16 9 626
642 1 2 0 16 626 12
643 1 2 0 17 5 9
644 1 2 0 18 6 10
645 1 2 0 19 8 12
646 1 2 0 20 7 11
647 1 2 0 21 13 627
648 1 2 0 21 627 628
649 1 2 0 21 628 629
650 1 2 0 21 629 630
651 1 2 0 21 630 14
652 1 2 0 22 14 631
653 1 2 0 22 631 15
654 1 2 0 23 16 632
655 1 2 0 23 632 633
656 1 2 0 23 633 634
657 1 2 0 23 634 635
658 1 2 0 23 635 15
659 1 2 0 24 13 636
660 1 2 0 24 636 16
661 1 2 0 25 9 637
662 1 2 0 25 637 13
663 1 2 0 26 10 638
664 1 2 0 26 638 14
665 1 2 0 27 12 639
666 1 2 0 27 639 16
667 1 2 0 28 11 640
668 1 2 0 28 640 15
669 1 2 0 29 17 641
670 1 2 0 29 641 642
671 1 2 0 29 642 643
672 1 2 0 29 643 644
673 1 2 0 29 644 18
674 1 2 0 30 18 645
675 1 2 0 30 645 19
676 1 2 0 31 20 646
677 1 2 0 31 646 647
678 1 2 0 31 647 648
679 1 2 0 31 648 649
680 1 2 0 31 649 19
681 1 2 0 32 17 650
682 1 2 0 32 650 20
683 1 2 0 33 13 17
684 1 2 0 34 14 18
685 1 2 0 35 16 20
686 1 2 0 36 15 19
687 1 2 0 37 21 651
688 1 2 0 37 651 652
689 1 2 0 37 652 653
690 1 2 0 37 653 654
691 1 2 0 37 654 22
692 1 2 0 38 22 655
693 1 2 0 38 655 23
694 1 2 0 39 24 656
695 1 2 0 39 656 657
696 1 2 0 39 657 658
697 1 2 0 39 658 659
698 1 2 0 39 659 23
699 1 2 0 40 21 660
700 1 2 0 40 660 24
701 1 2 0 41 17 21
702 1 2 0 42 18 22
703 1 2 0 43 20 24
704 1 2 0 44 19 23
705 1 2 0 45 25 661
706 1 2 0 45 661 662
707 1 2 0 45 662 663
708 1 2 0 45 663 664
709 1 2 0 45 664 26
710 1 2 0 46 26 665
711 1 2 0 46 665 27
712 1 2 0 47 28 666
713 1 2 0 47 666 667
714 1 2 0 47 667 668
715 1 2 0 47 668 669
716 1 2 0 47 669 27
717 1 2 0 48 25 670
718 1 2 0 48 670 28
719 1 2 0 49 21 25
720 1 2 0 50 22 26
721 1 2 0 51 24 28
722 1 2 0 52 23 27
723 1 2 0 53 29 671
724 1 2 0 53 671 672
725 1 2 0 53 672 673
726 1 2 0 53 673 674
727 1 2 0 53 674 30
728 1 2 0 54 30 675
729 1 2 0 54 675 31
730 1 2 0 55 32 676
731 1 2 0 55 676 677
732 1 2 0 55 677 678
733 1 2 0 55 678 679
734 1 2 0 55 679 31
735 1 2 0 56 29 680
736 1 2 0 56 680 32
737 1 2 0 57 25 29
738 1 2 0 58 26 30
739 1 2 0 59 28 32
740 1 2 0 60 27 31
741 1 2 0 61 33 681
742 1 2 0 61 681 682
743 1 2 0 61 682 683
744 1 2 0 61 683 684
745 1 2 0 61 684 34
746 1 2 0 62 34 685
747 1 2 0 62 685 35
748 1 2 0 63 36 686
749 1 2 0 63 686 687
750 1 2 0 63 687 688
751 1 2 0 63 688 689
752 1 2 0 63 689 35
753 1 2 0 64 33 690
754 1 2 0 64 690 36
755 1 2 0 65 29 691
756 1 2 0 65 691 33
757 1 2 0 66 30 692
758 1 2 0 66 692 34
759 1 2 0 67 32 693
760 1 2 0 67 693 36
761 1 2 0 68 31 694
762 1 2 0 68 694 35
763 1 2 0 69 37 695
764 1 2 0 69 695 696
765 1 2 0 69 696 697
766 1 2 0 69 697 698
767 1 2 0 69 698 38
768 1 2 0 70 38 699
769 1 2 0 70 699 39
770 1 2 0 71 40 700
771 1 2 0 71 700 701
772 1 2 0 71 701 702
773 1 2 0 71 702 703
774 1 2 0 71 703 39
775 1 2 0 72 37 704
776 1 2 0 72 704 40
777 1 2 0 73 33 37
778 1 2 0 74 34 38
779 1 2 0 75 36 40
780 1 2 0 76 35 39
781 1 2 0 77 41 705
782 1 2 0 77 705 706
783 1 2 0 77 706 707
784 1 2 0 77 707 708
785 1 2 0 77 708 42
786 1 2 0 78 42 709
787 1 2 0 78 709 43
788 1 2 0 79 44 710
789 1 2 0 79 710 711
790 1 2 0 79 711 712
791 1 2 0 79 712 713
792 1 2 0 79 713 43
793 1 2 0 80 41 714
794 1 2 0 80 714 44
795 1 2 0 81 37 715
796 1 2 0 81 715 716
797 1 2 0 81 716 41
798 1 2 0 82 38 717
799 1 2 0 82 717 718
800 1 2 0 82 718 42
801 1 2 0 83 40 719
802 1 2 0 83 719 720
803 1 2 0 83 720 44
804 1 2 0 84 39 721
805 1 2 0 84 721 722
806 1 2 0 84 722 43
807 1 2 0 85 3 45
808 1 2 0 86 46 723
809 1 2 0 86 723 724
810 1 2 0 86 724 725
811 1 2 0 86 725 726
812 1 2 0 86 726 45
813 1 2 0 87 4 46
814 1 2 0 88 7 47
815 1 2 0 89 48 727
816 1 2 0 89 727 728
817 1 2 0 89 728 729
818 1 2 0 89 729 730
819 1 2 0 89 730 47
820 1 2 0 90 8 48
821 1 2 0 91 46 731
822 1 2 0 91 731 732
823 1 2 0 91 732 48
824 1 2 0 92 45 733
825 1 2 0 92 733 734
826 1 2 0 92 734 47
827 1 2 0 93 11 49
828 1 2 0 94 50 735
829 1 2 0 94 735 736
830 1 2 0 94 736 737
831 1 2 0 94 737 738
832 1 2 0 94 738 49
833 1 2 0 95 12 50
834 1 2 0 96 48 50
835 1 2 0 97 47 49
836 1 2 0 98 15 51
837 1 2 0 99 52 739
838 1 2 0 99 739 740
839 1 2 0 99 740 741
840 1 2 0 99 741 742
841 1 2 0 99 742 51
842 1 2 0 100 16 52
843 1 2 0 101 50 743
844 1 2 0 101 743 52
845 1 2 0 102 49 744
846 1 2 0 102 744 51
847 1 2 0 103 19 53
848 1 2 0 104 54 745
849 1 2 0 104 745 746
850 1 2 0 104 746 747
851 1 2 0 104 747 748
852 1 2 0 104 748 53
853 1 2 0 105 20 54
854 1 2 0 106 52 54
855 1 2 0 107 51 53
856 1 2 0 108 23 55
857 1 2 0 109 56 749
858 1 2 0 109 749 750
859 1 2 0 109 750 751
860 1 2 0 109 751 752
861 1 2 0 109 752 55
862 1 2 0 110 24 56
863 1 2 0 111 54 56
864 1 2 0 112 53 55
865 1 2 0 113 27 57
866 1 2 0 114 58 753
867 1 2 0 114 753 754
868 1 2 0 114 754 755
869 1 2 0 114 755 756
870 1 2 0 114 756 57
871 1 2 0 115 28 58
872 1 2 0 116 56 58
873 1 2 0 117 55 57
874 1 2 0 118 31 59
875 1 2 0 119 60 757
876 1 2 0 119 757 758
877 1 2 0 119 758 759
878 1 2 0 119 759 760
879 1 2 0 119 760 59
880 1 2 0 120 32 60
881 1 2 0 121 58 60
882 1 2 0 122 57 59
883 1 2 0 123 35 61
884 1 2 0 124 62 761
885 1 2 0 124 761 762
886 1 2 0 124 762 763
887 1 2 0 124 763 764
888 1 2 0 124 764 61
889 1 2 0 125 36 62
890 1 2 0 126 60 765
891 1 2 0 126 765 62
892 1 2 0 127 59 766
893 1 2 0 127 766 61
894 1 2 0 128 39 63
895 1 2 0 129 64 767
896 1 2 0 129 767 768
897 1 2 0 129 768 769
898 1 2 0 129 769 770
899 1 2 0 129 770 63
900 1 2 0 130 40 64
901 1 2 0 131 62 64
902 1 2 0 132 61 63
903 1 2 0 133 43 65
904 1 2 0 134 66 771
905 1 2 0 134 771 772
906 1 2 0 134 772 773
907 1 2 0 134 773 774
908 1 2 0 134 774 65
909 1 2 0 135 44 66
910 1 2 0 136 64 775
911 1 2 0 136 775 776
912 1 2 0 136 776 66
913 1 2 0 137 63 777
914 1 2 0 137 777 778
915 1 2 0 137 778 65
916 1 2 0 138 45 67
917 1 2 0 139 68 779
918 1 2 0 139 779 780
919 1 2 0 139 780 781
920 1 2 0 139 781 782
921 1 2 0 139 782 67
922 1 2 0 140 46 68
923 1 2 0 141 47 69
924 1 2 0 142 70 783
925 1 2 0 142 783 784
926 1 2 0 142 784 785
927 1 2 0 142 785 786
928 1 2 0 142 786 69
929 1 2 0 143 48 70
930 1 2 0 144 68 787
931 1 2 0 144 787 788
932 1 2 0 144 788 70
933 1 2 0 145 67 789
934 1 2 0 145 789 790
935 1 2 0 145 790 69
936 1 2 0 146 49 71
937 1 2 0 147 72 791
938 1 2 0 147 791 792
939 1 2 0 147 792 793
940 1 2 0 147 793 794
941 1 2 0 147 794 71
942 1 2 0 148 50 72
943 1 2 0 149 70 72
944 1 2 0 150 69 71
945 1 2 0 151 51 73
946 1 2 0 152 74 795
947 1 2 0 152 795 796
948 1 2 0 152 796 797
949 1 2 0 152 797 798
950 1 2 0 152 798 73
951 1 2 0 153 52 74
952 1 2 0 154 72 799
953 1 2 0 154 799 74
954 1 2 0 155 71 800
955 1 2 0 155 800 73
956 1 2 0 156 53 75
957 1 2 0 157 76 801
958 1 2 0 157 801 802
959 1 2 0 157 802 803
960 1 2 0 157 803 804
961 1 2 0 157 804 75
962 1 2 0 158 54 76
963 1 2 0 159 74 76
964 1 2 0 160 73 75
965 1 2 0 161 55 77
966 1 2 0 162 78 805
967 1 2 0 162 805 806
968 1 2 0 162 806 807
969 1 2 0 162 807 808
970 1 2 0 162 808 77
971 1 2 0 163 56 78
972 1 2 0 164 76 78
973 1 2 0 165 75 77
974 1 2 0 166 57 79
975 1 2 0 167 80 809
976 1 2 0 167 809 810
977 1 2 0 167 810 811
978 1 2 0 167 811 812
979 1 2 0 167 812 79
980 1 2 0 168 58 80
981 1 2 0 169 78 80
982 1 2 0 170 77 79
983 1 2 0 171 59 81
984 1 2 0 172 82 813
985 1 2 0 172 813 814
986 1 2 0 172 814 815
987 1 2 0 172 815 816
988 1 2 0 172 816 81
989 1 2 0 173 60 82
990 1 2 0 174 80 82
991 1 2 0 175 79 81
992 1 2 0 176 61 83
993 1 2 0 177 84 817
994 1 2 0 177 817 818
995 1 2 0 177 818 819
996 1 2 0 177 819 820
997 1 2 0 177 820 83
998 1 2 0 178 62 84
999 1 2 0 179 82 821
1000 1 2 0 179 821 84
1001 1 2 0 180 81 822
1002 1 2 0 180 822 83
1003 1 2 0 181 63 85
1004 1 2 0 182 86 823
1005 1 2 0 182 823 824
1006 1 2 0 182 824 825
1007 1 2 0 182 825 826
1008 1 2 0 182 826 85
1009 1 2 0 183 64 86
1010 1 2 0 184 84 86
1011 1 2 0 185 83 85
1012 1 2 0 186 65 87
1013 1 2 0 187 88 827
1014 1 2 0 187 827 828
1015 1 2 0 187 828 829
1016 1 2 0 187 829 830
1017 1 2 0 187 830 87
1018 1 2 0 188 66 88
1019 1 2 0 189 86 831
1020 1 2 0 189 831 832
1021 1 2 0 189 832 88
1022 1 2 0 190 85 833
1023 1 2 0 190 833 834
1024 1 2 0 190 834 87
1025 1 2 0 191 67 89
1026 1 2 0 192 90 835
1027 1 2 0 192 835 836
1028 1 2 0 192 836 837
1029 1 2 0 192 837 838
1030 1 2 0 192 838 89
1031 1 2 0 193 68 90
1032 1 2 0 194 69 91
1033 1 2 0 195 92 839
1034 1 2 0 195 839 840
1035 1 2 0 195 840 841
1036 1 2 0 195 841 842
1037 1 2 0 195 842 91
1038 1 2 0 196 70 92
1039 1 2 0 197 90 843
1040 1 2 0 197 843 844
1041 1 2 0 197 844 92
1042 1 2 0 198 89 845
1043 1 2 0 198 845 846
1044 1 2 0 198 846 91
1045 1 2 0 199 71 93
1046 1 2 0 200 94 847
1047 1 2 0 200 847 848
1048 1 2 0 200 848 849
1049 1 2 0 200 849 850
1050 1 2 0 200 850 93
1051 1 2 0 201 72 94
1052 1 2 0 202 92 94
1053 1 2 0 203 91 93
1054 1 2 0 204 73 95
1055 1 2 0 205 96 851
1056 1 2 0 205 851 852
1057 1 2 0 205 852 853
1058 1 2 0 205 853 854
1059 1 2 0 205 854 95
1060 1 2 0 206 74 96
1061 1 2 0 207 94 855
1062 1 2 0 207 855 96
1063 1 2 0 208 93 856
1064 1 2 0 208 856 95
1065 1 2 0 209 75 97
1066 1 2 0 210 98 857
1067 1 2 0 210 857 858
1068 1 2 0 210 858 859
1069 1 2 0 210 859 860
1070 1 2 0 210 860 97
1071 1 2 0 211 76 98
1072 1 2 0 212 96 98
1073 1 2 0 213 95 97
1074 1 2 0 214 77 99
1075 1 2 0 215 100 861
1076 1 2 0 215 861 862
1077 1 2 0 215 862 863
1078 1 2 0 215 863 864
1079 1 2 0 215 864 99
1080 1 2 0 216 78 100
1081 1 2 0 217 98 100
1082 1 2 0 218 97 99
1083 1 2 0 219 79 101
1084 1 2 0 220 102 865
1085 1 2 0 220 865 866
1086 1 2 0 220 866 867
1087 1 2 0 220 867 868
1088 1 2 0 220 868 101
1089 1 2 0 221 80 102
1090 1 2 0 222 100 102
1091 1 2 0 223 99 101
1092 1 2 0 224 81 103
1093 1 2 0 225 104 869
1094 1 2 0 225 869 870
1095 1 2 0 225 870 871
1096 1 2 0 225 871 872
1097 1 2 0 225 872 103
1098 1 2 0 226 82 104
1099 1 2 0 227 102 104
1100 1 2 0 228 101 103
1101 1 2 0 229 83 105
1102 1 2 0 230 106 873
1103 1 2 0 230 873 874
1104 1 2 0 230 874 875
1105 1 2 0 230 875 876
1106 1 2 0 230 876 105
1107 1 2 0 231 84 106
1108 1 2 0 232 104 877
1109 1 2 0 232 877 106
1110 1 2 0 233 103 878
1111 1 2 0 233 878 105
1112 1 2 0 234 85 107
1113 1 2 0 235 108 879
1114 1 2 0 235 879 880
1115 1 2 0 235 880 881
1116 1 2 0 235 881 882
1117 1 2 0 235 882 107
1118 1 2 0 236 86 108
1119 1 2 0 237 106 108
1120 1 2 0 238 105 107
1121 1 2 0 239 87 109
1122 1 2 0 240 110 883
1123 1 2 0 240 883 884
1124 1 2 0 240 884 885
1125 1 2 0 240 885 886
1126 1 2 0 240 886 109
1127 1 2 0 241 88 110
1128 1 2 0 242 108 887
1129 1 2 0 242 887 888
1130 1 2 0 242 888 110
1131 1 2 0 243 107 889
1132 1 2 0 243 889 890
1133 1 2 0 243 890 109
1134 1 2 0 244 89 111
1135 1 2 0 245 112 891
1136 1 2 0 245 891 892
1137 1 2 0 245 892 893
1138 1 2 0 245 893 894
1139 1 2 0 245 894 111
1140 1 2 0 246 90 112
1141 1 2 0 247 91 113
1142 1 2 0 248 114 895
1143 1 2 0 248 895 896
1144 1 2 0 248 896 897
1145 1 2 0 248 897 898
1146 1 2 0 248 898 113
1147 1 2 0 249 92 114
1148 1 2 0 250 112 899
1149 1 2 0 250 899 900
1150 1 2 0 250 900 114
1151 1 2 0 251 111 901
1152 1 2 0 251 901 902
1153 1 2 0 251 902 113
1154 1 2 0 252 93 115
1155 1 2 0 253 116 903
1156 1 2 0 253 903 904
1157 1 2 0 253 904 905
1158 1 2 0 253 905 906
1159 1 2 0 253 906 115
1160 1 2 0 254 94 116
1161 1 2 0 255 114 116
1162 1 2 0 256 113 115
1163 1 2 0 257 95 117
1164 1 2 0 258 118 907
1165 1 2 0 258 907 908
1166 1 2 0 258 908 909
1167 1 2 0 258 909 910
1168 1 2 0 258 910 117
1169 1 2 0 259 96 118
1170 1 2 0 260 116 911
1171 1 2 0 260 911 118
1172 1 2 0 261 115 912
1173 1 2 0 261 912 117
1174 1 2 0 262 97 119
1175 1 2 0 263 120 913
1176 1 2 0 263 913 914
1177 1 2 0 263 914 915
1178 1 2 0 263 915 916
1179 1 2 0 263 916 119
1180 1 2 0 264 98 120
1181 1 2 0 265 118 120
1182 1 2 0 266 117 119
1183 1 2 0 267 99 121
1184 1 2 0 268 122 917
1185 1 2 0 268 917 918
1186 1 2 0 268 918 919
1187 1 2 0 268 919 920
1188 1 2 0 268 920 121
1189 1 2 0 269 100 122
1190 1 2 0 270 120 122
1191 1 2 0 271 119 121
1192 1 2 0 272 101 123
1193 1 2 0 273 124 921
1194 1 2 0 273 921 922
1195 1 2 0 273 922 923
1196 1 2 0 273 923 924
1197 1 2 0 273 924 123
1198 1 2 0 274 102 124
1199 1 2 0 275 122 124
1200 1 2 0 276 121 123
1201 1 2 0 277 103 125
1202 1 2 0 278 126 925
1203 1 2 0 278 925 926
1204 1 2 0 278 926 927
1205 1 2 0 278 927 928
1206 1 2 0 278 928 125
1207 1 2 0 279 104 126
1208 1 2 0 280 124 126
1209 1 2 0 281 123 125
1210 1 2 0 282 105 127
1211 1 2 0 283 128 929
1212 1 2 0 283 929 930
1213 1 2 0 283 930 931
1214 1 2 0 283 931 932
1215 1 2 0 283 932 127
1216 1 2 0 284 106 128
1217 1 2 0 285 126 933
1218 1 2 0 285 933 128
1219 1 2 0 286 125 934
1220 1 2 0 286 934 127
1221 1 2 0 287 107 129
1222 1 2 0 288 130 935
1223 1 2 0 288 935 936
1224 1 2 0 288 936 937
1225 1 2 0 288 937 938
1226 1 2 0 288 938 129
1227 1 2 0 289 108 130
1228 1 2 0 290 128 130
1229 1 2 0 291 127 129
1230 1 2 0 292 109 131
1231 1 2 0 293 132 939
1232 1 2 0 293 939 940
1233 1 2 0 293 940 941
1234 1 2 0 293 941 942
1235 1 2 0 293 942 131
1236 1 2 0 294 110 132
1237 1 2 0 295 130 943
1238 1 2 0 295 943 944
1239 1 2 0 295 944 132
1240 1 2 0 296 129 945
1241 1 2 0 296 945 946
1242 1 2 0 296 946 131
1243 1 2 0 297 111 947
1244 1 2 0 297 947 133
1245 1 2 0 298 134 948
1246 1 2 0 298 948 949
1247 1 2 0 298 949 950
1248 1 2 0 298 950 951
1249 1 2 0 298 951 133
1250 1 2 0 299 112 952
1251 1 2 0 299 952 134
1252 1 2 0 300 113 953
1253 1 2 0 300 953 135
1254 1 2 0 301 136 954
1255 1 2 0 301 954 955
1256 1 2 0 301 955 956
1257 1 2 0 301 956 957
1258 1 2 0 301 957 135
1259 1 2 0 302 114 958
1260 1 2 0 302 958 136
1261 1 2 0 303 134 959
1262 1 2 0 303 959 960
1263 1 2 0 303 960 136
1264 1 2 0 304 133 961
1265 1 2 0 304 961 962
1266 1 2 0 304 962 135
1267 1 2 0 305 115 963
1268 1 2 0 305 963 137
1269 1 2 0 306 138 964
1270 1 2 0 306 964 965
1271 1 2 0 306 965 966
1272 1 2 0 306 966 967
1273 1 2 0 306 967 137
1274 1 2 0 307 116 968
1275 1 2 0 307 968 138
1276 1 2 0 308 136 138
1277 1 2 0 309 135 137
1278 1 2 0 310 117 969
1279 1 2 0 310 969 139
1280 1 2 0 311 140 970
1281 1 2 0 311 970 971
1282 1 2 0 311 971 972
1283 1 2 0 311 972 973
1284 1 2 0 311 973 139
1285 1 2 0 312 118 974
1286 1 2 0 312 974 140
1287 1 2 0 313 138 975
1288 1 2 0 313 975 140
1289 1 2 0 314 137 976
1290 1 2 0 314 976 139
1291 1 2 0 315 119 977
1292 1 2 0 315 977 141
1293 1 2 0 316 142 978
1294 1 2 0 316 978 979
1295 1 2 0 316 979 980
1296 1 2 0 316 980 981
1297 1 2 0 316 981 141
1298 1 2 0 317 120 982
1299 1 2 0 317 982 142
1300 1 2 0 318 140 142
1301 1 2 0 319 139 141
1302 1 2 0 320 121 983
1303 1 2 0 320 983 143
1304 1 2 0 321 144 984
1305 1 2 0 321 984 985
1306 1 2 0 321 985 986
1307 1 2 0 321 986 987
1308 1 2 0 321 987 143
1309 1 2 0 322 122 988
1310 1 2 0 322 988 144
1311 1 2 0 323 142 144
1312 1 2 0 324 141 143
1313 1 2 0 325 123 989
1314 1 2 0 325 989 145
1315 1 2 0 326 146 990
1316 1 2 0 326 990 991
1317 1 2 0 326 991 992
1318 1 2 0 326 992 993
1319 1 2 0 326 993 145
1320 1 2 0 327 124 994
1321 1 2 0 327 994 146
1322 1 2 0 328 144 146
1323 1 2 0 329 143 145
1324 1 2 0 330 125 995
1325 1 2 0 330 995 147
1326 1 2 0 331 148 996
1327 1 2 0 331 996 997
1328 1 2 0 331 997 998
1329 1 2 0 331 998 999
1330 1 2 0 331 999 147
1331 1 2 0 332 126 1000
1332 1 2 0 332 1000 148
1333 1 2 0 333 146 148
1334 1 2 0 334 145 147
1335 1 2 0 335 127 1001
1336 1 2 0 335 1001 149
1337 1 2 0 336 150 1002
1338 1 2 0 336 1002 1003
1339 1 2 0 336 1003 1004
1340 1 2 0 336 1004 1005
1341 1 2 0 336 1005 149
1342 1 2 0 337 128 1006
1343 1 2 0 337 1006 150
1344 1 2 0 338 148 1007
1345 1 2 0 338 1007 150
1346 1 2 0 339 147 1008
1347 1 2 0 339 1008 149
1348 1 2 0 340 129 1009
1349 1 2 0 340 1009 151
1350 1 2 0 341 152 1010
1351 1 2 0 341 1010 1011
1352 1 2 0 341 1011 1012
1353 1 2 0 341 1012 1013
1354 1 2 0 341 1013 151
1355 1 2 0 342 130 1014
1356 1 2 0 342 1014 152
1357 1 2 0 343 150 152
1358 1 2 0 344 149 151
1359 1 2 0 345 131 1015
1360 1 2 0 345 1015 153
1361 1 2 0 346 154 1016
1362 1 2 0 346 1016 1017
1363 1 2 0 346 1017 1018
1364 1 2 0 346 1018 1019
1365 1 2 0 346 1019 153
1366 1 2 0 347 132 1020
1367 1 2 0 347 1020 154
1368 1 2 0 348 152 1021
1369 1 2 0 348 1021 1022
1370 1 2 0 348 1022 154
1371 1 2 0 349 151 1023
1372 1 2 0 349 1023 1024
1373 1 2 0 349 1024 153
1374 1 2 0 350 155 1025
1375 1 2 0 350 1025 1026
1376 1 2 0 350 1026 1027
1377 1 2 0 350 1027 1
1378 1 2 0 351 156 1028
1379 1 2 0 351 1028 1029
1380 1 2 0 351 1029 1030
1381 1 2 0 351 1030 4
1382 1 2 0 352 155 1031
1383 1 2 0 352 1031 156
1384 1 2 0 353 157 1032
1385 1 2 0 353 1032 1033
1386 1 2 0 353 1033 1034
1387 1 2 0 353 1034 5
1388 1 2 0 354 158 1035
1389 1 2 0 354 1035 1036
1390 1 2 0 354 1036 1037
1391 1 2 0 354 1037 8
1392 1 2 0 355 157 1038
1393 1 2 0 355 1038 158
1394 1 2 0 356 155 1039
1395 1 2 0 356 1039 1040
1396 1 2 0 356 1040 157
1397 1 2 0 357 156 1041
1398 1 2 0 357 1041 1042
1399 1 2 0 357 1042 158
1400 1 2 0 358 159 1043
1401 1 2 0 358 1043 1044
1402 1 2 0 358 1044 1045
1403 1 2 0 358 1045 9
1404 1 2 0 359 160 1046
1405 1 2 0 359 1046 1047
1406 1 2 0 359 1047 1048
1407 1 2 0 359 1048 12
1408 1 2 0 360 159 1049
1409 1 2 0 360 1049 160
1410 1 2 0 361 157 159
1411 1 2 0 362 158 160
1412 1 2 0 363 161 1050
1413 1 2 0 363 1050 1051
1414 1 2 0 363 1051 1052
1415 1 2 0 363 1052 13
1416 1 2 0 364 162 1053
1417 1 2 0 364 1053 1054
1418 1 2 0 364 1054 1055
1419 1 2 0 364 1055 16
1420 1 2 0 365 161 1056
1421 1 2 0 365 1056 162
1422 1 2 0 366 159 1057
1423 1 2 0 366 1057 161
1424 1 2 0 367 160 1058
1425 1 2 0 367 1058 162
1426 1 2 0 368 163 1059
1427 1 2 0 368 1059 1060
1428 1 2 0 368 1060 1061
1429 1 2 0 368 1061 17
1430 1 2 0 369 164 1062
1431 1 2 0 369 1062 1063
1432 1 2 0 369 1063 1064
1433 1 2 0 369 1064 20
1434 1 2 0 370 163 1065
1435 1 2 0 370 1065 164
1436 1 2 0 371 161 163
1437 1 2 0 372 162 164
1438 1 2 0 373 165 1066
1439 1 2 0 373 1066 1067
1440 1 2 0 373 1067 1068
1441 1 2 0 373 1068 21
1442 1 2 0 374 166 1069
1443 1 2 0 374 1069 1070
1444 1 2 0 374 1070 1071
1445 1 2 0 374 1071 24
1446 1 2 0 375 165 1072
1447 1 2 0 375 1072 166
1448 1 2 0 376 163 165
1449 1 2 0 377 164 166
1450 1 2 0 378 167 1073
1451 1 2 0 378 1073 1074
1452 1 2 0 378 1074 1075
1453 1 2 0 378 1075 25
1454 1 2 0 379 168 1076
1455 1 2 0 379 1076 1077
1456 1 2 0 379 1077 1078
1457 1 2 0 379 1078 28
1458 1 2 0 380 167 1079
1459 1 2 0 380 1079 168
1460 1 2 0 381 165 167
1461 1 2 0 382 166 168
1462 1 2 0 383 169 1080
1463 1 2 0 383 1080 1081
1464 1 2 0 383 1081 1082
1465 1 2 0 383 1082 29
1466 1 2 0 384 170 1083
1467 1 2 0 384 1083 1084
1468 1 2 0 384 1084 1085
1469 1 2 0 384 1085 32
1470 1 2 0 385 169 1086
1471 1 2 0 385 1086 170
1472 1 2 0 386 167 169
1473 1 2 0 387 168 170
1474 1 2 0 388 171 1087
1475 1 2 0 388 1087 1088
1476 1 2 0 388 1088 1089
1477 1 2 0 388 1089 33
1478 1 2 0 389 172 1090
1479 1 2 0 389 1090 1091
1480 1 2 0 389 1091 1092
1481 1 2 0 389 1092 36
1482 1 2 0 390 171 1093
1483 1 2 0 390 1093 172
1484 1 2 0 391 169 1094
1485 1 2 0 391 1094 171
1486 1 2 0 392 170 1095
1487 1 2 0 392 1095 172
1488 1 2 0 393 173 1096
1489 1 2 0 393 1096 1097
1490 1 2 0 393 1097 1098
1491 1 2 0 393 1098 37
1492 1 2 0 394 174 1099
1493 1 2 0 394 1099 1100
1494 1 2 0 394 1100 1101
1495 1 2 0 394 1101 40
1496 1 2 0 395 173 1102
1497 1 2 0 395 1102 174
1498 1 2 0 396 171 173
1499 1 2 0 397 172 174
1500 1 2 0 398 175 1103
1501 1 2 0 398 1103 1104
1502 1 2 0 398 1104 1105
1503 1 2 0 398 1105 41
1504 1 2 0 399 176 1106
1505 1 2 0 399 1106 1107
1506 1 2 0 399 1107 1108
1507 1 2 0 399 1108 44
1508 1 2 0 400 175 1109
1509 1 2 0 400 1109 176
1510 1 2 0 401 173 1110
1511 1 2 0 401 1110 1111
1512 1 2 0 401 1111 175
1513 1 2 0 402 174 1112
1514 1 2 0 402 1112 1113
1515 1 2 0 402 1113 176
1516 1 2 0 403 177 1114
1517 1 2 0 403 1114 1115
1518 1 2 0 403 1115 1116
1519 1 2 0 403 1116 46
1520 1 2 0 404 156 177
1521 1 2 0 405 178 1117
1522 1 2 0 405 1117 1118
1523 1 2 0 405 1118 1119
1524 1 2 0 405 1119 48
1525 1 2 0 406 158 178
1526 1 2 0 407 177 1120
1527 1 2 0 407 1120 1121
1528 1 2 0 407 1121 178
1529 1 2 0 408 179 1122
1530 1 2 0 408 1122 1123
1531 1 2 0 408 1123 1124
1532 1 2 0 408 1124 50
1533 1 2 0 409 160 179
1534 1 2 0 410 178 179
1535 1 2 0 411 180 1125
1536 1 2 0 411 1125 1126
1537 1 2 0 411 1126 1127
1538 1 2 0 411 1127 52
1539 1 2 0 412 162 180
1540 1 2 0 413 179 1128
1541 1 2 0 413 1128 180
1542 1 2 0 414 181 1129
1543 1 2 0 414 1129 1130
1544 1 2 0 414 1130 1131
1545 1 2 0 414 1131 54
1546 1 2 0 415 164 181
1547 1 2 0 416 180 181
1548 1 2 0 417 182 1132
1549 1 2 0 417 1132 1133
1550 1 2 0 417 1133 1134
1551 1 2 0 417 1134 56
1552 1 2 0 418 166 182
1553 1 2 0 419 181 182
1554 1 2 0 420 183 1135
1555 1 2 0 420 1135 1136
1556 1 2 0 420 1136 1137
1557 1 2 0 420 1137 58
1558 1 2 0 421 168 183
1559 1 2 0 422 182 183
1560 1 2 0 423 184 1138
1561 1 2 0 423 1138 1139
1562 1 2 0 423 1139 1140
1563 1 2 0 423 1140 60
1564 1 2 0 424 170 184
1565 1 2 0 425 183 184
1566 1 2 0 426 185 1141
1567 1 2 0 426 1141 1142
1568 1 2 0 426 1142 1143
1569 1 2 0 426 1143 62
1570 1 2 0 427 172 185
1571 1 2 0 428 184 1144
1572 1 2 0 428 1144 185
1573 1 2 0 429 186 1145
1574 1 2 0 429 1145 1146
1575 1 2 0 429 1146 1147
1576 1 2 0 429 1147 64
1577 1 2 0 430 174 186
1578 1 2 0 431 185 186
1579 1 2 0 432 187 1148
1580 1 2 0 432 1148 1149
1581 1 2 0 432 1149 1150
1582 1 2 0 432 1150 66
1583 1 2 0 433 176 187
1584 1 2 0 434 186 1151
1585 1 2 0 434 1151 1152
1586 1 2 0 434 1152 187
1587 1 2 0 435 188 1153
1588 1 2 0 435 1153 1154
1589 1 2 0 435 1154 1155
1590 1 2 0 435 1155 68
1591 1 2 0 436 177 188
1592 1 2 0 437 189 1156
1593 1 2 0 437 1156 1157
1594 1 2 0 437 1157 1158
1595 1 2 0 437 1158 70
1596 1 2 0 438 178 189
1597 1 2 0 439 188 1159
1598 1 2 0 439 1159 1160
1599 1 2 0 439 1160 189
1600 1 2 0 440 190 1161
1601 1 2 0 440 1161 1162
1602 1 2 0 440 1162 1163
1603 1 2 0 440 1163 72
1604 1 2 0 441 179 190
1605 1 2 0 442 189 190
1606 1 2 0 443 191 1164
1607 1 2 0 443 1164 1165
1608 1 2 0 443 1165 1166
1609 1 2 0 443 1166 74
1610 1 2 0 444 180 191
1611 1 2 0 445 190 1167
1612 1 2 0 445 1167 191
1613 1 2 0 446 192 1168
1614 1 2 0 446 1168 1169
1615 1 2 0 446 1169 1170
1616 1 2 0 446 1170 76
1617 1 2 0 447 181 192
1618 1 2 0 448 191 192
1619 1 2 0 449 193 1171
1620 1 2 0 449 1171 1172
1621 1 2 0 449 1172 1173
1622 1 2 0 449 1173 78
1623 1 2 0 450 182 193
1624 1 2 0 451 192 193
1625 1 2 0 452 194 1174
1626 1 2 0 452 1174 1175
1627 1 2 0 452 1175 1176
1628 1 2 0 452 1176 80
1629 1 2 0 453 183 194
1630 1 2 0 454 193 194
1631 1 2 0 455 195 1177
1632 1 2 0 455 1177 1178
1633 1 2 0 455 1178 1179
1634 1 2 0 455 1179 82
1635 1 2 0 456 184 195
1636 1 2 0 457 194 195
1637 1 2 0 458 196 1180
1638 1 2 0 458 1180 1181
1639 1 2 0 458 1181 1182
1640 1 2 0 458 1182 84
1641 1 2 0 459 185 196
1642 1 2 0 460 195 1183
1643 1 2 0 460 1183 196
1644 1 2 0 461 197 1184
1645 1 2 0 461 1184 1185
1646 1 2 0 461 1185 1186
1647 1 2 0 461 1186 86
1648 1 2 0 462 186 197
1649 1 2 0 463 196 197
1650 1 2 0 464 198 1187
1651 1 2 0 464 1187 1188
1652 1 2 0 464 1188 1189
1653 1 2 0 464 1189 88
1654 1 2 0 465 187 198
1655 1 2 0 466 197 1190
1656 1 2 0 466 1190 1191
1657 1 2 0 466 1191 198
1658 1 2 0 467 199 1192
1659 1 2 0 467 1192 1193
1660 1 2 0 467 1193 1194
1661 1 2 0 467 1194 90
1662 1 2 0 468 188 199
1663 1 2 0 469 200 1195
1664 1 2 0 469 1195 1196
1665 1 2 0 469 1196 1197
1666 1 2 0 469 1197 92
1667 1 2 0 470 189 200
1668 1 2 0 471 199 1198
1669 1 2 0 471 1198 1199
1670 1 2 0 471 1199 200
1671 1 2 0 472 201 1200
1672 1 2 0 472 1200 1201
1673 1 2 0 472 1201 1202
1674 1 2 0 472 1202 94
1675 1 2 0 473 190 201
1676 1 2 0 474 200 201
1677 1 2 0 475 202 1203
1678 1 2 0 475 1203 1204
1679 1 2 0 475 1204 1205
1680 1 2 0 475 1205 96
1681 1 2 0 476 191 202
1682 1 2 0 477 201 1206
1683 1 2 0 477 1206 202
1684 1 2 0 478 203 1207
1685 1 2 0 478 1207 1208
1686 1 2 0 478 1208 1209
1687 1 2 0 478 1209 98
1688 1 2 0 479 192 203
1689 1 2 0 480 202 203
1690 1 2 0 481 204 1210
1691 1 2 0 481 1210 1211
1692 1 2 0 481 1211 1212
1693 1 2 0 481 1212 100
1694 1 2 0 482 193 204
1695 1 2 0 483 203 204
1696 1 2 0 484 205 1213
1697 1 2 0 484 1213 1214
1698 1 2 0 484 1214 1215
1699 1 2 0 484 1215 102
1700 1 2 0 485 194 205
1701 1 2 0 486 204 205
1702 1 2 0 487 206 1216
1703 1 2 0 487 1216 1217
1704 1 2 0 487 1217 1218
1705 1 2 0 487 1218 104
1706 1 2 0 488 195 206
1707 1 2 0 489 205 206
1708 1 2 0 490 207 1219
1709 1 2 0 490 1219 1220
1710 1 2 0 490 1220 1221
1711 1 2 0 490 1221 106
1712 1 2 0 491 196 207
1713 1 2 0 492 206 1222
1714 1 2 0 492 1222 207
1715 1 2 0 493 208 1223
1716 1 2 0 493 1223 1224
1717 1 2 0 493 1224 1225
1718 1 2 0 493 1225 108
1719 1 2 0 494 197 208
1720 1 2 0 495 207 208
1721 1 2 0 496 209 1226
1722 1 2 0 496 1226 1227
1723 1 2 0 496 1227 1228
1724 1 2 0 496 1228 110
1725 1 2 0 497 198 209
1726 1 2 0 498 208 1229
1727 1 2 0 498 1229 1230
1728 1 2 0 498 1230 209
1729 1 2 0 499 210 1231
1730 1 2 0 499 1231 1232
1731 1 2 0 499 1232 1233
1732 1 2 0 499 1233 112
1733 1 2 0 500 199 210
1734 1 2 0 501 211 1234
1735 1 2 0 501 1234 1235
1736 1 2 0 501 1235 1236
1737 1 2 0 501 1236 114
1738 1 2 0 502 200 211
1739 1 2 0 503 210 1237
1740 1 2 0 503 1237 1238
1741 1 2 0 503 1238 211
1742 1 2 0 504 212 1239
1743 1 2 0 504 1239 1240
1744 1 2 0 504 1240 1241
1745 1 2 0 504 1241 116
1746 1 2 0 505 201 212
1747 1 2 0 506 211 212
1748 1 2 0 507 213 1242
1749 1 2 0 507 1242 1243
1750 1 2 0 507 1243 1244
1751 1 2 0 507 1244 118
1752 1 2 0 508 202 213
1753 1 2 0 509 212 1245
1754 1 2 0 509 1245 213
1755 1 2 0 510 214 1246
1756 1 2 0 510 1246 1247
1757 1 2 0 510 1247 1248
1758 1 2 0 510 1248 120
1759 1 2 0 511 203 214
1760 1 2 0 512 213 214
1761 1 2 0 513 215 1249
1762 1 2 0 513 1249 1250
1763 1 2 0 513 1250 1251
1764 1 2 0 513 1251 122
1765 1 2 0 514 204 215
1766 1 2 0 515 214 215
1767 1 2 0 516 216 1252
1768 1 2 0 516 1252 1253
1769 1 2 0 516 1253 1254
1770 1 2 0 516 1254 124
1771 1 2 0 517 205 216
1772 1 2 0 518 215 216
1773 1 2 0 519 217 1255
1774 1 2 0 519 1255 1256
1775 1 2 0 519 1256 1257
1776 1 2 0 519 1257 126
1777 1 2 0 520 206 217
1778 1 2 0 521 216 217
1779 1 2 0 522 218 1258
1780 1 2 0 522 1258 1259
1781 1 2 0 522 1259 1260
1782 1 2 0 522 1260 128
1783 1 2 0 523 207 218
1784 1 2 0 524 217 1261
1785 1 2 0 524 1261 218
1786 1 2 0 525 219 1262
1787 1 2 0 525 1262 1263
1788 1 2 0 525 1263 1264
1789 1 2 0 525 1264 130
1790 1 2 0 526 208 219
1791 1 2 0 527 218 219
1792 1 2 0 528 220 1265
1793 1 2 0 528 1265 1266
1794 1 2 0 528 1266 1267
1795 1 2 0 528 1267 132
1796 1 2 0 529 209 220
1797 1 2 0 530 219 1268
1798 1 2 0 530 1268 1269
1799 1 2 0 530 1269 220
1800 1 2 0 531 221 1270
1801 1 2 0 531 1270 1271
1802 1 2 0 531 1271 1272
1803 1 2 0 531 1272 134
1804 1 2 0 532 210 1273
1805 1 2 0 532 1273 221
1806 1 2 0 533 222 1274
1807 1 2 0 533 1274 1275
1808 1 2 0 533 1275 1276
1809 1 2 0 533 1276 136
1810 1 2 0 534 211 1277
1811 1 2 0 534 1277 222
1812 1 2 0 535 221 1278
1813 1 2 0 535 1278 1279
1814 1 2 0 535 1279 222
1815 1 2 0 536 223 1280
1816 1 2 0 536 1280 1281
1817 1 2 0 536 1281 1282
1818 1 2 0 536 1282 138
1819 1 2 0 537 212 1283
1820 1 2 0 537 1283 223
1821 1 2 0 538 222 223
1822 1 2 0 539 224 1284
1823 1 2 0 539 1284 1285
1824 1 2 0 539 1285 1286
1825 1 2 0 539 1286 140
1826 1 2 0 540 213 1287
1827 1 2 0 540 1287 224
1828 1 2 0 541 223 1288
1829 1 2 0 541 1288 224
1830 1 2 0 542 225 1289
1831 1 2 0 542 1289 1290
1832 1 2 0 542 1290 1291
1833 1 2 0 542 1291 142
1834 1 2 0 543 214 1292
1835 1 2 0 543 1292 225
1836 1 2 0 544 224 225
1837 1 2 0 545 226 1293
1838 1 2 0 545 1293 1294
1839 1 2 0 545 1294 1295
1840 1 2 0 545 1295 144
1841 1 2 0 546 215 1296
1842 1 2 0 546 1296 226
1843 1 2 0 547 225 226
1844 1 2 0 548 227 1297
1845 1 2 0 548 1297 1298
1846 1 2 0 548 1298 1299
1847 1 2 0 548 1299 146
1848 1 2 0 549 216 1300
1849 1 2 0 549 1300 227
1850 1 2 0 550 226 227
1851 1 2 0 551 228 1301
1852 1 2 0 551 1301 1302
1853 1 2 0 551 1302 1303
1854 1 2 0 551 1303 148
1855 1 2 0 552 217 1304
1856 1 2 0 552 1304 228
1857 1 2 0 553 227 228
1858 1 2 0 554 229 1305
1859 1 2 0 554 1305 1306
1860 1 2 0 554 1306 1307
1861 1 2 0 554 1307 150
1862 1 2 0 555 218 1308
1863 1 2 0 555 1308 229
1864 1 2 0 556 228 1309
1865 1 2 0 556 1309 229
1866 1 2 0 557 230 1310
1867 1 2 0 557 1310 1311
1868 1 2 0 557 1311 1312
1869 1 2 0 557 1312 152
1870 1 2 0 558 219 1313
1871 1 2 0 558 1313 230
1872 1 2 0 559 229 230
1873 1 2 0 560 231 1314
1874 1 2 0 560 1314 1315
1875 1 2 0 560 1315 1316
1876 1 2 0 560 1316 154
1877 1 2 0 561 220 1317
1878 1 2 0 561 1317 231
1879 1 2 0 562 230 1318
1880 1 2 0 562 1318 1319
1881 1 2 0 562 1319 231
1882 1 2 0 563 232 1320
1883 1 2 0 563 1320 1321
1884 1 2 0 563 1321 1322
1885 1 2 0 563 1322 1323
1886 1 2 0 563 1323 155
1887 1 2 0 564 233 1324
1888 1 2 0 564 1324 1325
1889 1 2 0 564 1325 1326
1890 1 2 0 564 1326 1327
1891 1 2 0 564 1327 156
1892 1 2 0 565 232 1328
1893 1 2 0 565 1328 233
1894 1 2 0 566 234 1329
1895 1 2 0 566 1329 1330
1896 1 2 0 566 1330 1331
1897 1 2 0 566 1331 1332
1898 1 2 0 566 1332 157
1899 1 2 0 567 235 1333
1900 1 2 0 567 1333 1334
1901 1 2 0 567 1334 1335
1902 1 2 0 567 1335 1336
1903 1 2 0 567 1336 158
1904 1 2 0 568 234 1337
1905 1 2 0 568 1337 235
1906 1 2 0 569 232 1338
1907 1 2 0 569 1338 1339
1908 1 2 0 569 1339 234
1909 1 2 0 570 233 1340
1910 1 2 0 570 1340 1341
1911 1 2 0 570 1341 235
1912 1 2 0 571 236 1342
1913 1 2 0 571 1342 1343
1914 1 2 0 571 1343 1344
1915 1 2 0 571 1344 1345
1916 1 2 0 571 1345 159
1917 1 2 0 572 237 1346
1918 1 2 0 572 1346 1347
1919 1 2 0 572 1347 1348
1920 1 2 0 572 1348 1349
1921 1 2 0 572 1349 160
1922 1 2 0 573 236 1350
1923 1 2 0 573 1350 237
1924 1 2 0 574 234 236
1925 1 2 0 575 235 237
1926 1 2 0 576 238 1351
1927 1 2 0 576 1351 1352
1928 1 2 0 576 1352 1353
1929 1 2 0 576 1353 1354
1930 1 2 0 576 1354 161
1931 1 2 0 577 239 1355
1932 1 2 0 577 1355 1356
1933 1 2 0 577 1356 1357
1934 1 2 0 577 1357 1358
1935 1 2 0 577 1358 162
1936 1 2 0 578 238 1359
1937 1 2 0 578 1359 239
1938 1 2 0 579 236 1360
1939 1 2 0 579 1360 238
1940 1 2 0 580 237 1361
1941 1 2 0 580 1361 239
1942 1 2 0 581 240 1362
1943 1 2 0 581 1362 1363
1944 1 2 0 581 1363 1364
1945 1 2 0 581 1364 1365
1946 1 2 0 581 1365 163
1947 1 2 0 582 241 1366
1948 1 2 0 582 1366 1367
1949 1 2 0 582 1367 1368
1950 1 2 0 582 1368 1369
1951 1 2 0 582 1369 164
1952 1 2 0 583 240 1370
1953 1 2 0 583 1370 241
1954 1 2 0 584 238 240
1955 1 2 0 585 239 241
1956 1 2 0 586 242 1371
1957 1 2 0 586 1371 1372
1958 1 2 0 586 1372 1373
1959 1 2 0 586 1373 1374
1960 1 2 0 586 1374 165
1961 1 2 0 587 243 1375
1962 1 2 0 587 1375 1376
1963 1 2 0 587 1376 1377
1964 1 2 0 587 1377 1378
1965 1 2 0 587 1378 166
1966 1 2 0 588 242 1379
1967 1 2 0 588 1379 243
1968 1 2 0 589 240 242
1969 1 2 0 590 241 243
1970 1 2 0 591 244 1380
1971 1 2 0 591 1380 1381
1972 1 2 0 591 1381 1382
1973 1 2 0 591 1382 1383
1974 1 2 0 591 1383 167
1975 1 2 0 592 245 1384
1976 1 2 0 592 1384 1385
1977 1 2 0 592 1385 1386
1978 1 2 0 592 1386 1387
1979 1 2 0 592 1387 168
1980 1 2 0 593 244 1388
1981 1 2 0 593 1388 245
1982 1 2 0 594 242 244
1983 1 2 0 595 243 245
1984 1 2 0 596 246 1389
1985 1 2 0 596 1389 1390
1986 1 2 0 596 1390 1391
1987 1 2 0 596 1391 1392
1988 1 2 0 596 1392 169
1989 1 2 0 597 247 1393
1990 1 2 0 597 1393 1394
1991 1 2 0 597 1394 1395
1992 1 2 0 597 1395 1396
1993 1 2 0 597 1396 170
1994 1 2 0 598 246 1397
1995 1 2 0 598 1397 247
1996 1 2 0 599 244 246
1997 1 2 0 600 245 247
1998 1 2 0 601 248 1398
1999 1 2 0 601 1398 1399
2000 1 2 0 601 1399 1400
2001 1 2 0 601 1400 1401
2002 1 2 0 601 1401 171
2003 1 2 0 602 249 1402
2004 1 2 0 602 1402 1403
2005 1 2 0 602 1403 1404
2006 1 2 0 602 1404 1405
2007 1 2 0 602 1405 172
2008 1 2 0 603 248 1406
2009 1 2 0 603 1406 249
2010 1 2 0 604 246 1407
2011 1 2 0 604 1407 248
2012 1 2 0 605 247 1408
2013 1 2 0 605 1408 249
2014 1 2 0 606 250 1409
2015 1 2 0 606 1409 1410
2016 1 2 0 606 1410 1411
2017 1 2 0 606 1411 1412
2018 1 2 0 606 1412 173
2019 1 2 0 607 251 1413
2020 1 2 0 607 1413 1414
2021 1 2 0 607 1414 1415
2022 1 2 0 607 1415 1416
2023 1 2 0 607 1416 174
2024 1 2 0 608 250 1417
2025 1 2 0 608 1417 251
2026 1 2 0 609 248 250
2027 1 2 0 610 249 251
2028 1 2 0 611 252 1418
2029 1 2 0 611 1418 1419
2030 1 2 0 611 1419 1420
2031 1 2 0 611 1420 1421
2032 1 2 0 611 1421 175
2033 1 2 0 612 253 1422
2034 1 2 0 612 1422 1423
2035 1 2 0 612 1423 1424
2036 1 2 0 612 1424 1425
2037 1 2 0 612 1425 176
2038 1 2 0 613 252 1426
2039 1 2 0 613 1426 253
2040 1 2 0 614 250 1427
2041 1 2 0 614 1427 1428
2042 1 2 0 614 1428 252
2043 1 2 0 615 251 1429
2044 1 2 0 615 1429 1430
2045 1 2 0 615 1430 253
2046 1 2 0 616 254 1431
2047 1 2 0 616 1431 1432
2048 1 2 0 616 1432 1433
2049 1 2 0 616 1433 1434
2050 1 2 0 616 1434 177
2051 1 2 0 617 233 254
2052 1 2 0 618 255 1435
2053 1 2 0 618 1435 1436
2054 1 2 0 618 1436 1437
2055 1 2 0 618 1437 1438
2056 1 2 0 618 1438 178
2057 1 2 0 619 235 255
2058 1 2 0 620 254 1439
2059 1 2 0 620 1439 1440
2060 1 2 0 620 1440 255
2061 1 2 0 621 256 1441
2062 1 2 0 621 1441 1442
2063 1 2 0 621 1442 1443
2064 1 2 0 621 1443 1444
2065 1 2 0 621 1444 179
2066 1 2 0 622 237 256
2067 1 2 0 623 255 256
2068 1 2 0 624 257 1445
2069 1 2 0 624 1445 1446
2070 1 2 0 624 1446 1447
2071 1 2 0 624 1447 1448
2072 1 2 0 624 1448 180
2073 1 2 0 625 239 257
2074 1 2 0 626 256 1449
2075 1 2 0 626 1449 257
2076 1 2 0 627 258 1450
2077 1 2 0 627 1450 1451
2078 1 2 0 627 1451 1452
2079 1 2 0 627 1452 1453
2080 1 2 0 627 1453 181
2081 1 2 0 628 241 258
2082 1 2 0 629 257 258
2083 1 2 0 630 259 1454
2084 1 2 0 630 1454 1455
2085 1 2 0 630 1455 1456
2086 1 2 0 630 1456 1457
2087 1 2 0 630 1457 182
2088 1 2 0 631 243 259
2089 1 2 0 632 258 259
2090 1 2 0 633 260 1458
2091 1 2 0 633 1458 1459
2092 1 2 0 633 1459 1460
2093 1 2 0 633 1460 1461
2094 1 2 0 633 1461 183
2095 1 2 0 634 245 260
2096 1 2 0 635 259 260
2097 1 2 0 636 261 1462
2098 1 2 0 636 1462 1463
2099 1 2 0 636 1463 1464
2100 1 2 0 636 1464 1465
2101 1 2 0 636 1465 184
2102 1 2 0 637 247 261
2103 1 2 0 638 260 261
2104 1 2 0 639 262 1466
2105 1 2 0 639 1466 1467
2106 1 2 0 639 1467 1468
2107 1 2 0 639 1468 1469
2108 1 2 0 639 1469 185
2109 1 2 0 640 249 262
2110 1 2 0 641 261 1470
2111 1 2 0 641 1470 262
2112 1 2 0 642 263 1471
2113 1 2 0 642 1471 1472
2114 1 2 0 642 1472 1473
2115 1 2 0 642 1473 1474
2116 1 2 0 642 1474 186
2117 1 2 0 643 251 263
2118 1 2 0 644 262 263
2119 1 2 0 645 264 1475
2120 1 2 0 645 1475 1476
2121 1 2 0 645 1476 1477
2122 1 2 0 645 1477 1478
2123 1 2 0 645 1478 187
2124 1 2 0 646 253 264
2125 1 2 0 647 263 1479
2126 1 2 0 647 1479 1480
2127 1 2 0 647 1480 264
2128 1 2 0 648 265 1481
2129 1 2 0 648 1481 1482
2130 1 2 0 648 1482 1483
2131 1 2 0 648 1483 1484
2132 1 2 0 648 1484 188
2133 1 2 0 649 254 265
2134 1 2 0 650 266 1485
2135 1 2 0 650 1485 1486
2136 1 2 0 650 1486 1487
2137 1 2 0 650 1487 1488
2138 1 2 0 650 1488 189
2139 1 2 0 651 255 266
2140 1 2 0 652 265 1489
2141 1 2 0 652 1489 1490
2142 1 2 0 652 1490 266
2143 1 2 0 653 267 1491
2144 1 2 0 653 1491 1492
2145 1 2 0 653 1492 1493
2146 1 2 0 653 1493 1494
2147 1 2 0 653 1494 190
2148 1 2 0 654 256 267
2149 1 2 0 655 266 267
2150 1 2 0 656 268 1495
2151 1 2 0 656 1495 1496
2152 1 2 0 656 1496 1497
2153 1 2 0 656 1497 1498
2154 1 2 0 656 1498 191
2155 1 2 0 657 257 268
2156 1 2 0 658 267 1499
2157 1 2 0 658 1499 268
2158 1 2 0 659 269 1500
2159 1 2 0 659 1500 1501
2160 1 2 0 659 1501 1502
2161 1 2 0 659 1502 1503
2162 1 2 0 659 1503 192
2163 1 2 0 660 258 269
2164 1 2 0 661 268 269
2165 1 2 0 662 270 1504
2166 1 2 0 662 1504 1505
2167 1 2 0 662 1505 1506
2168 1 2 0 662 1506 1507
2169 1 2 0 662 1507 193
2170 1 2 0 663 259 270
2171 1 2 0 664 269 270
2172 1 2 0 665 271 1508
2173 1 2 0 665 1508 1509
2174 1 2 0 665 1509 1510
2175 1 2 0 665 1510 1511
2176 1 2 0 665 1511 194
2177 1 2 0 666 260 271
2178 1 2 0 667 270 271
2179 1 2 0 668 272 1512
2180 1 2 0 668 1512 1513
2181 1 2 0 668 1513 1514
2182 1 2 0 668 1514 1515
2183 1 2 0 668 1515 195
2184 1 2 0 669 261 272
2185 1 2 0 670 271 272
2186 1 2 0 671 273 1516
2187 1 2 0 671 1516 1517
2188 1 2 0 671 1517 1518
2189 1 2 0 671 1518 1519
2190 1 2 0 671 1519 196
2191 1 2 0 672 262 273
2192 1 2 0 673 272 1520
2193 1 2 0 673 1520 273
2194 1 2 0 674 274 1521
2195 1 2 0 674 1521 1522
2196 1 2 0 674 1522 1523
2197 1 2 0 674 1523 1524
2198 1 2 0 674 1524 197
2199 1 2 0 675 263 274
2200 1 2 0 676 273 274
2201 1 2 0 677 275 1525
2202 1 2 0 677 1525 1526
2203 1 2 0 677 1526 1527
2204 1 2 0 677 1527 1528
2205 1 2 0 677 1528 198
2206 1 2 0 678 264 275
2207 1 2 0 679 274 1529
2208 1 2 0 679 1529 1530
2209 1 2 0 679 1530 275
2210 1 2 0 680 276 1531
2211 1 2 0 680 1531 1532
2212 1 2 0 680 1532 1533
2213 1 2 0 680 1533 1534
2214 1 2 0 680 1534 199
2215 1 2 0 681 265 276
2216 1 2 0 682 277 1535
2217 1 2 0 682 1535 1536
2218 1 2 0 682 1536 1537
2219 1 2 0 682 1537 1538
2220 1 2 0 682 1538 200
2221 1 2 0 683 266 277
2222 1 2 0 684 276 1539
2223 1 2 0 684 1539 1540
2224 1 2 0 684 1540 277
2225 1 2 0 685 278 1541
2226 1 2 0 685 1541 1542
2227 1 2 0 685 1542 1543
2228 1 2 0 685 1543 1544
2229 1 2 0 685 1544 201
2230 1 2 0 686 267 278
2231 1 2 0 687 277 278
2232 1 2 0 688 279 1545
2233 1 2 0 688 1545 1546
2234 1 2 0 688 1546 1547
2235 1 2 0 688 1547 1548
2236 1 2 0 688 1548 202
2237 1 2 0 689 268 279
2238 1 2 0 690 278 1549
2239 1 2 0 690 1549 279
2240 1 2 0 691 280 1550
2241 1 2 0 691 1550 1551
2242 1 2 0 691 1551 1552
2243 1 2 0 691 1552 1553
2244 1 2 0 691 1553 203
2245 1 2 0 692 269 280
2246 1 2 0 693 279 280
2247 1 2 0 694 281 1554
2248 1 2 0 694 1554 1555
2249 1 2 0 694 1555 1556
2250 1 2 0 694 1556 1557
2251 1 2 0 694 1557 204
2252 1 2 0 695 270 281
2253 1 2 0 696 280 281
2254 1 2 0 697 282 1558
2255 1 2 0 697 1558 1559
2256 1 2 0 697 1559 1560
2257 1 2 0 697 1560 1561
2258 1 2 0 697 1561 205
2259 1 2 0 698 271 282
2260 1 2 0 699 281 282
2261 1 2 0 700 283 1562
2262 1 2 0 700 1562 1563
2263 1 2 0 700 1563 1564
2264 1 2 0 700 1564 1565
2265 1 2 0 700 1565 206
2266 1 2 0 701 272 283
2267 1 2 0 702 282 283
2268 1 2 0 703 284 1566
2269 1 2 0 703 1566 1567
2270 1 2 0 703 1567 1568
2271 1 2 0 703 1568 1569
2272 1 2 0 703 1569 207
2273 1 2 0 704 273 284
2274 1 2 0 705 283 1570
2275 1 2 0 705 1570 284
2276 1 2 0 706 285 1571
2277 1 2 0 706 1571 1572
2278 1 2 0 706 1572 1573
2279 1 2 0 706 1573 1574
2280 1 2 0 706 1574 208
2281 1 2 0 707 274 285
2282 1 2 0 708 284 285
2283 1 2 0 709 286 1575
2284 1 2 0 709 1575 1576
2285 1 2 0 709 1576 1577
2286 1 2 0 709 1577 1578
2287 1 2 0 709 1578 209
2288 1 2 0 710 275 286
2289 1 2 0 711 285 1579
2290 1 2 0 711 1579 1580
2291 1 2 0 711 1580 286
2292 1 2 0 712 287 1581
2293 1 2 0 712 1581 1582
2294 1 2 0 712 1582 1583
2295 1 2 0 712 1583 1584
2296 1 2 0 712 1584 210
2297 1 2 0 713 276 287
2298 1 2 0 714 288 1585
2299 1 2 0 714 1585 1586
2300 1 2 0 714 1586 1587
2301 1 2 0 714 1587 1588
2302 1 2 0 714 1588 211
2303 1 2 0 715 277 288
2304 1 2 0 716 287 1589
2305 1 2 0 716 1589 1590
2306 1 2 0 716 1590 288
2307 1 2 0 717 289 1591
2308 1 2 0 717 1591 1592
2309 1 2 0 717 1592 1593
2310 1 2 0 717 1593 1594
2311 1 2 0 717 1594 212
2312 1 2 0 718 278 289
2313 1 2 0 719 288 289
2314 1 2 0 720 290 1595
2315 1 2 0 720 1595 1596
2316 1 2 0 720 1596 1597
2317 1 2 0 720 1597 1598
2318 1 2 0 720 1598 213
2319 1 2 0 721 279 290
2320 1 2 0 722 289 1599
2321 1 2 0 722 1599 290
2322 1 2 0 723 291 1600
2323 1 2 0 723 1600 1601
2324 1 2 0 723 1601 1602
2325 1 2 0 723 1602 1603
2326 1 2 0 723 1603 214
2327 1 2 0 724 280 291
2328 1 2 0 725 290 291
2329 1 2 0 726 292 1604
2330 1 2 0 726 1604 1605
2331 1 2 0 726 1605 1606
2332 1 2 0 726 1606 1607
2333 1 2 0 726 1607 215
2334 1 2 0 727 281 292
2335 1 2 0 728 291 292
2336 1 2 0 729 293 1608
2337 1 2 0 729 1608 1609
2338 1 2 0 729 1609 1610
2339 1 2 0 729 1610 1611
2340 1 2 0 729 1611 216
2341 1 2 0 730 282 293
2342 1 2 0 731 292 293
2343 1 2 0 732 294 1612
2344 1 2 0 732 1612 1613
2345 1 2 0 732 1613 1614
2346 1 2 0 732 1614 1615
2347 1 2 0 732 1615 217
2348 1 2 0 733 283 294
2349 1 2 0 734 293 294
2350 1 2 0 735 295 1616
2351 1 2 0 735 1616 1617
2352 1 2 0 735 1617 1618
2353 1 2 0 735 1618 1619
2354 1 2 0 735 1619 218
2355 1 2 0 736 284 295
2356 1 2 0 737 294 1620
2357 1 2 0 737 1620 295
2358 1 2 0 738 296 1621
2359 1 2 0 738 1621 1622
2360 1 2 0 738 1622 1623
2361 1 2 0 738 1623 1624
2362 1 2 0 738 1624 219
2363 1 2 0 739 285 296
2364 1 2 0 740 295 296
2365 1 2 0 741 297 1625
2366 1 2 0 741 1625 1626
2367 1 2 0 741 1626 1627
2368 1 2 0 741 1627 1628
2369 1 2 0 741 1628 220
2370 1 2 0 742 286 297
2371 1 2 0 743 296 1629
2372 1 2 0 743 1629 1630
2373 1 2 0 743 1630 297
2374 1 2 0 744 298 1631
2375 1 2 0 744 1631 1632
2376 1 2 0 744 1632 1633
2377 1 2 0 744 1633 1634
2378 1 2 0 744 1634 221
2379 1 2 0 745 287 1635
2380 1 2 0 745 1635 298
2381 1 2 0 746 299 1636
2382 1 2 0 746 1636 1637
2383 1 2 0 746 1637 1638
2384 1 2 0 746 1638 1639
2385 1 2 0 746 1639 222
2386 1 2 0 747 288 1640
2387 1 2 0 747 1640 299
2388 1 2 0 748 298 1641
2389 1 2 0 748 1641 1642
2390 1 2 0 748 1642 299
2391 1 2 0 749 300 1643
2392 1 2 0 749 1643 1644
2393 1 2 0 749 1644 1645
2394 1 2 0 749 1645 1646
2395 1 2 0 749 1646 223
2396 1 2 0 750 289 1647
2397 1 2 0 750 1647 300
2398 1 2 0 751 299 300
2399 1 2 0 752 301 1648
2400 1 2 0 752 1648 1649
2401 1 2 0 752 1649 1650
2402 1 2 0 752 1650 1651
2403 1 2 0 752 1651 224
2404 1 2 0 753 290 1652
2405 1 2 0 753 1652 301
2406 1 2 0 754 300 1653
2407 1 2 0 754 1653 301
2408 1 2 0 755 302 1654
2409 1 2 0 755 1654 1655
2410 1 2 0 755 1655 1656
2411 1 2 0 755 1656 1657
2412 1 2 0 755 1657 225
2413 1 2 0 756 291 1658
2414 1 2 0 756 1658 302
2415 1 2 0 757 301 302
2416 1 2 0 758 303 1659
2417 1 2 0 758 1659 1660
2418 1 2 0 758 1660 1661
2419 1 2 0 758 1661 1662
2420 1 2 0 758 1662 226
2421 1 2 0 759 292 1663
2422 1 2 0 759 1663 303
2423 1 2 0 760 302 303
2424 1 2 0 761 304 1664
2425 1 2 0 761 1664 1665
2426 1 2 0 761 1665 1666
2427 1 2 0 761 1666 1667
2428 1 2 0 761 1667 227
2429 1 2 0 762 293 1668
2430 1 2 0 762 1668 304
2431 1 2 0 763 303 304
2432 1 2 0 764 305 1669
2433 1 2 0 764 1669 1670
2434 1 2 0 764 1670 1671
2435 1 2 0 764 1671 1672
2436 1 2 0 764 1672 228
2437 1 2 0 765 294 1673
2438 1 2 0 765 1673 305
2439 1 2 0 766 304 305
2440 1 2 0 767 306 1674
2441 1 2 0 767 1674 1675
2442 1 2 0 767 1675 1676
2443 1 2 0 767 1676 1677
2444 1 2 0 767 1677 229
2445 1 2 0 768 295 1678
2446 1 2 0 768 1678 306
2447 1 2 0 769 305 1679
2448 1 2 0 769 1679 306
2449 1 2 0 770 307 1680
2450 1 2 0 770 1680 1681
2451 1 2 0 770 1681 1682
2452 1 2 0 770 1682 1683
2453 1 2 0 770 1683 230
2454 1 2 0 771 296 1684
2455 1 2 0 771 1684 307
2456 1 2 0 772 306 307
2457 1 2 0 773 308 1685
2458 1 2 0 773 1685 1686
2459 1 2 0 773 1686 1687
2460 1 2 0 773 1687 1688
2461 1 2 0 773 1688 231
2462 1 2 0 774 297 1689
2463 1 2 0 774 1689 308
2464 1 2 0 775 307 1690
2465 1 2 0 775 1690 1691
2466 1 2 0 775 1691 308
2467 1 2 0 776 232 309
2468 1 2 0 777 233 310
2469 1 2 0 778 309 1692
2470 1 2 0 778 1692 310
2471 1 2 0 779 235 311
2472 1 2 0 780 310 1693
2473 1 2 0 780 1693 1694
2474 1 2 0 780 1694 311
2475 1 2 0 781 234 312
2476 1 2 0 782 312 1695
2477 1 2 0 782 1695 311
2478 1 2 0 783 309 1696
2479 1 2 0 783 1696 1697
2480 1 2 0 783 1697 312
2481 1 2 0 784 237 313
2482 1 2 0 785 311 313
2483 1 2 0 786 236 314
2484 1 2 0 787 314 1698
2485 1 2 0 787 1698 313
2486 1 2 0 788 312 314
2487 1 2 0 789 239 315
2488 1 2 0 790 313 1699
2489 1 2 0 790 1699 315
2490 1 2 0 791 238 316
2491 1 2 0 792 316 1700
2492 1 2 0 792 1700 315
2493 1 2 0 793 314 1701
2494 1 2 0 793 1701 316
2495 1 2 0 794 241 317
2496 1 2 0 795 315 317
2497 1 2 0 796 240 318
2498 1 2 0 797 318 1702
2499 1 2 0 797 1702 317
2500 1 2 0 798 316 318
2501 1 2 0 799 243 319
2502 1 2 0 800 317 319
2503 1 2 0 801 242 320
2504 1 2 0 802 320 1703
2505 1 2 0 802 1703 319
2506 1 2 0 803 318 320
2507 1 2 0 804 245 321
2508 1 2 0 805 319 321
2509 1 2 0 806 244 322
2510 1 2 0 807 322 1704
2511 1 2 0 807 1704 321
2512 1 2 0 808 320 322
2513 1 2 0 809 247 323
2514 1 2 0 810 321 323
2515 1 2 0 811 246 324
2516 1 2 0 812 324 1705
2517 1 2 0 812 1705 323
2518 1 2 0 813 322 324
2519 1 2 0 814 249 325
2520 1 2 0 815 323 1706
2521 1 2 0 815 1706 325
2522 1 2 0 816 248 326
2523 1 2 0 817 326 1707
2524 1 2 0 817 1707 325
2525 1 2 0 818 324 1708
2526 1 2 0 818 1708 326
2527 1 2 0 819 251 327
2528 1 2 0 820 325 327
2529 1 2 0 821 250 328
2530 1 2 0 822 328 1709
2531 1 2 0 822 1709 327
2532 1 2 0 823 326 328
2533 1 2 0 824 253 329
2534 1 2 0 825 327 1710
2535 1 2 0 825 1710 1711
2536 1 2 0 825 1711 329
2537 1 2 0 826 252 330
2538 1 2 0 827 330 1712
2539 1 2 0 827 1712 329
2540 1 2 0 828 328 1713
2541 1 2 0 828 1713 1714
2542 1 2 0 828 1714 330
2543 1 2 0 829 254 331
2544 1 2 0 830 310 331
2545 1 2 0 831 255 332
2546 1 2 0 832 331 1715
2547 1 2 0 832 1715 1716
2548 1 2 0 832 1716 332
2549 1 2 0 833 311 332
2550 1 2 0 834 256 333
2551 1 2 0 835 332 333
2552 1 2 0 836 313 333
2553 1 2 0 837 257 334
2554 1 2 0 838 333 1717
2555 1 2 0 838 1717 334
2556 1 2 0 839 315 334
2557 1 2 0 840 258 335
2558 1 2 0 841 334 335
2559 1 2 0 842 317 335
2560 1 2 0 843 259 336
2561 1 2 0 844 335 336
2562 1 2 0 845 319 336
2563 1 2 0 846 260 337
2564 1 2 0 847 336 337
2565 1 2 0 848 321 337
2566 1 2 0 849 261 338
2567 1 2 0 850 337 338
2568 1 2 0 851 323 338
2569 1 2 0 852 262 339
2570 1 2 0 853 338 1718
2571 1 2 0 853 1718 339
2572 1 2 0 854 325 339
2573 1 2 0 855 263 340
2574 1 2 0 856 339 340
2575 1 2 0 857 327 340
2576 1 2 0 858 264 341
2577 1 2 0 859 340 1719
2578 1 2 0 859 1719 1720
2579 1 2 0 859 1720 341
2580 1 2 0 860 329 341
2581 1 2 0 861 265 342
2582 1 2 0 862 331 342
2583 1 2 0 863 266 343
2584 1 2 0 864 342 1721
2585 1 2 0 864 1721 1722
2586 1 2 0 864 1722 343
2587 1 2 0 865 332 343
2588 1 2 0 866 267 344
2589 1 2 0 867 343 344
2590 1 2 0 868 333 344
2591 1 2 0 869 268 345
2592 1 2 0 870 344 1723
2593 1 2 0 870 1723 345
2594 1 2 0 871 334 345
2595 1 2 0 872 269 346
2596 1 2 0 873 345 346
2597 1 2 0 874 335 346
2598 1 2 0 875 270 347
2599 1 2 0 876 346 347
2600 1 2 0 877 336 347
2601 1 2 0 878 271 348
2602 1 2 0 879 347 348
2603 1 2 0 880 337 348
2604 1 2 0 881 272 349
2605 1 2 0 882 348 349
2606 1 2 0 883 338 349
2607 1 2 0 884 273 350
2608 1 2 0 885 349 1724
2609 1 2 0 885 1724 350
2610 1 2 0 886 339 350
2611 1 2 0 887 274 351
2612 1 2 0 888 350 351
2613 1 2 0 889 340 351
2614 1 2 0 890 275 352
2615 1 2 0 891 351 1725
2616 1 2 0 891 1725 1726
2617 1 2 0 891 1726 352
2618 1 2 0 892 341 352
2619 1 2 0 893 276 353
2620 1 2 0 894 342 353
2621 1 2 0 895 277 354
2622 1 2 0 896 353 1727
2623 1 2 0 896 1727 1728
2624 1 2 0 896 1728 354
2625 1 2 0 897 343 354
2626 1 2 0 898 278 355
2627 1 2 0 899 354 355
2628 1 2 0 900 344 355
2629 1 2 0 901 279 356
2630 1 2 0 902 355 1729
2631 1 2 0 902 1729 356
2632 1 2 0 903 345 356
2633 1 2 0 904 280 357
2634 1 2 0 905 356 357
2635 1 2 0 906 346 357
2636 1 2 0 907 281 358
2637 1 2 0 908 357 358
2638 1 2 0 909 347 358
2639 1 2 0 910 282 359
2640 1 2 0 911 358 359
2641 1 2 0 912 348 359
2642 1 2 0 913 283 360
2643 1 2 0 914 359 360
2644 1 2 0 915 349 360
2645 1 2 0 916 284 361
2646 1 2 0 917 360 1730
2647 1 2 0 917 1730 361
2648 1 2 0 918 350 361
2649 1 2 0 919 285 362
2650 1 2 0 920 361 362
2651 1 2 0 921 351 362
2652 1 2 0 922 286 363
2653 1 2 0 923 362 1731
2654 1 2 0 923 1731 1732
2655 1 2 0 923 1732 363
2656 1 2 0 924 352 363
2657 1 2 0 925 287 364
2658 1 2 0 926 353 364
2659 1 2 0 927 288 365
2660 1 2 0 928 364 1733
2661 1 2 0 928 1733 1734
2662 1 2 0 928 1734 365
2663 1 2 0 929 354 365
2664 1 2 0 930 289 366
2665 1 2 0 931 365 366
2666 1 2 0 932 355 366
2667 1 2 0 933 290 367
2668 1 2 0 934 366 1735
2669 1 2 0 934 1735 367
2670 1 2 0 935 356 367
2671 1 2 0 936 291 368
2672 1 2 0 937 367 368
2673 1 2 0 938 357 368
2674 1 2 0 939 292 369
2675 1 2 0 940 368 369
2676 1 2 0 941 358 369
2677 1 2 0 942 293 370
2678 1 2 0 943 369 370
2679 1 2 0 944 359 370
2680 1 2 0 945 294 371
2681 1 2 0 946 370 371
2682 1 2 0 947 360 371
2683 1 2 0 948 295 372
2684 1 2 0 949 371 1736
2685 1 2 0 949 1736 372
2686 1 2 0 950 361 372
2687 1 2 0 951 296 373
2688 1 2 0 952 372 373
2689 1 2 0 953 362 373
2690 1 2 0 954 297 374
2691 1 2 0 955 373 1737
2692 1 2 0 955 1737 1738
2693 1 2 0 955 1738 374
2694 1 2 0 956 363 374
2695 1 2 0 957 298 375
2696 1 2 0 958 364 1739
2697 1 2 0 958 1739 375
2698 1 2 0 959 299 376
2699 1 2 0 960 375 1740
2700 1 2 0 960 1740 1741
2701 1 2 0 960 1741 376
2702 1 2 0 961 365 1742
2703 1 2 0 961 1742 376
2704 1 2 0 962 300 377
2705 1 2 0 963 376 377
2706 1 2 0 964 366 1743
2707 1 2 0 964 1743 377
2708 1 2 0 965 301 378
2709 1 2 0 966 377 1744
2710 1 2 0 966 1744 378
2711 1 2 0 967 367 1745
2712 1 2 0 967 1745 378
2713 1 2 0 968 302 379
2714 1 2 0 969 378 379
2715 1 2 0 970 368 1746
2716 1 2 0 970 1746 379
2717 1 2 0 971 303 380
2718 1 2 0 972 379 380
2719 1 2 0 973 369 1747
2720 1 2 0 973 1747 380
2721 1 2 0 974 304 381
2722 1 2 0 975 380 381
2723 1 2 0 976 370 1748
2724 1 2 0 976 1748 381
2725 1 2 0 977 305 382
2726 1 2 0 978 381 382
2727 1 2 0 979 371 1749
2728 1 2 0 979 1749 382
2729 1 2 0 980 306 383
2730 1 2 0 981 382 1750
2731 1 2 0 981 1750 383
2732 1 2 0 982 372 1751
2733 1 2 0 982 1751 383
2734 1 2 0 983 307 384
2735 1 2 0 984 383 384
2736 1 2 0 985 373 1752
2737 1 2 0 985 1752 384
2738 1 2 0 986 308 385
2739 1 2 0 987 384 1753
2740 1 2 0 987 1753 1754
2741 1 2 0 987 1754 385
2742 1 2 0 988 374 1755
2743 1 2 0 988 1755 385
2744 1 2 0 989 1 386
2745 1 2 0 990 2 387
2746 1 2 0 991 386 1756
2747 1 2 0 991 1756 1757
2748 1 2 0 991 1757 1758
2749 1 2 0 991 1758 1759
2750 1 2 0 991 1759 387
2751 1 2 0 992 3 388
2752 1 2 0 993 387 1760
2753 1 2 0 993 1760 388
2754 1 2 0 994 4 389
2755 1 2 0 995 389 1761
2756 1 2 0 995 1761 1762
2757 1 2 0 995 1762 1763
2758 1 2 0 995 1763 1764
2759 1 2 0 995 1764 388
2760 1 2 0 996 386 1765
2761 1 2 0 996 1765 389
2762 1 2 0 997 45 390
2763 1 2 0 998 388 390
2764 1 2 0 999 46 391
2765 1 2 0 1000 391 1766
2766 1 2 0 1000 1766 1767
2767 1 2 0 1000 1767 1768
2768 1 2 0 1000 1768 1769
2769 1 2 0 1000 1769 390
2770 1 2 0 1001 389 391
2771 1 2 0 1002 67 392
2772 1 2 0 1003 390 392
2773 1 2 0 1004 68 393
2774 1 2 0 1005 393 1770
2775 1 2 0 1005 1770 1771
2776 1 2 0 1005 1771 1772
2777 1 2 0 1005 1772 1773
2778 1 2 0 1005 1773 392
2779 1 2 0 1006 391 393
2780 1 2 0 1007 89 394
2781 1 2 0 1008 392 394
2782 1 2 0 1009 90 395
2783 1 2 0 1010 395 1774
2784 1 2 0 1010 1774 1775
2785 1 2 0 1010 1775 1776
2786 1 2 0 1010 1776 1777
2787 1 2 0 1010 1777 394
2788 1 2 0 1011 393 395
2789 1 2 0 1012 111 396
2790 1 2 0 1013 394 396
2791 1 2 0 1014 112 397
2792 1 2 0 1015 397 1778
2793 1 2 0 1015 1778 1779
2794 1 2 0 1015 1779 1780
2795 1 2 0 1015 1780 1781
2796 1 2 0 1015 1781 396
2797 1 2 0 1016 395 397
2798 1 2 0 1017 133 398
2799 1 2 0 1018 396 1782
2800 1 2 0 1018 1782 398
2801 1 2 0 1019 134 399
2802 1 2 0 1020 399 1783
2803 1 2 0 1020 1783 1784
2804 1 2 0 1020 1784 1785
2805 1 2 0 1020 1785 1786
2806 1 2 0 1020 1786 398
2807 1 2 0 1021 397 1787
2808 1 2 0 1021 1787 399
2809 1 2 0 1022 155 400
2810 1 2 0 1023 400 1788
2811 1 2 0 1023 1788 1789
2812 1 2 0 1023 1789 1790
2813 1 2 0 1023 1790 386
2814 1 2 0 1024 156 401
2815 1 2 0 1025 401 1791
2816 1 2 0 1025 1791 1792
2817 1 2 0 1025 1792 1793
2818 1 2 0 1025 1793 389
2819 1 2 0 1026 400 1794
2820 1 2 0 1026 1794 401
2821 1 2 0 1027 177 402
2822 1 2 0 1028 402 1795
2823 1 2 0 1028 1795 1796
2824 1 2 0 1028 1796 1797
2825 1 2 0 1028 1797 391
2826 1 2 0 1029 401 402
2827 1 2 0 1030 188 403
2828 1 2 0 1031 403 1798
2829 1 2 0 1031 1798 1799
2830 1 2 0 1031 1799 1800
2831 1 2 0 1031 1800 393
2832 1 2 0 1032 402 403
2833 1 2 0 1033 199 404
2834 1 2 0 1034 404 1801
2835 1 2 0 1034 1801 1802
2836 1 2 0 1034 1802 1803
2837 1 2 0 1034 1803 395
2838 1 2 0 1035 403 404
2839 1 2 0 1036 210 405
2840 1 2 0 1037 405 1804
2841 1 2 0 1037 1804 1805
2842 1 2 0 1037 1805 1806
2843 1 2 0 1037 1806 397
2844 1 2 0 1038 404 405
2845 1 2 0 1039 221 406
2846 1 2 0 1040 406 1807
2847 1 2 0 1040 1807 1808
2848 1 2 0 1040 1808 1809
2849 1 2 0 1040 1809 399
2850 1 2 0 1041 405 1810
2851 1 2 0 1041 1810 406
2852 1 2 0 1062 41 407
2853 1 2 0 1063 42 408
2854 1 2 0 1064 407 1811
2855 1 2 0 1064 1811 1812
2856 1 2 0 1064 1812 1813
2857 1 2 0 1064 1813 1814
2858 1 2 0 1064 1814 408
2859 1 2 0 1065 43 409
2860 1 2 0 1066 408 1815
2861 1 2 0 1066 1815 409
2862 1 2 0 1067 44 410
2863 1 2 0 1068 410 1816
2864 1 2 0 1068 1816 1817
2865 1 2 0 1068 1817 1818
2866 1 2 0 1068 1818 1819
2867 1 2 0 1068 1819 409
2868 1 2 0 1069 407 1820
2869 1 2 0 1069 1820 410
2870 1 2 0 1070 65 411
2871 1 2 0 1071 409 411
2872 1 2 0 1072 66 412
2873 1 2 0 1073 412 1821
2874 1 2 0 1073 1821 1822
2875 1 2 0 1073 1822 1823
2876 1 2 0 1073 1823 1824
2877 1 2 0 1073 1824 411
2878 1 2 0 1074 410 412
2879 1 2 0 1075 87 413
2880 1 2 0 1076 411 413
2881 1 2 0 1077 88 414
2882 1 2 0 1078 414 1825
2883 1 2 0 1078 1825 1826
2884 1 2 0 1078 1826 1827
2885 1 2 0 1078 1827 1828
2886 1 2 0 1078 1828 413
2887 1 2 0 1079 412 414
2888 1 2 0 1080 109 415
2889 1 2 0 1081 413 415
2890 1 2 0 1082 110 416
2891 1 2 0 1083 416 1829
2892 1 2 0 1083 1829 1830
2893 1 2 0 1083 1830 1831
2894 1 2 0 1083 1831 1832
2895 1 2 0 1083 1832 415
2896 1 2 0 1084 414 416
2897 1 2 0 1085 131 417
2898 1 2 0 1086 415 417
2899 1 2 0 1087 132 418
2900 1 2 0 1088 418 1833
2901 1 2 0 1088 1833 1834
2902 1 2 0 1088 1834 1835
2903 1 2 0 1088 1835 1836
2904 1 2 0 1088 1836 417
2905 1 2 0 1089 416 418
2906 1 2 0 1090 153 419
2907 1 2 0 1091 417 1837
2908 1 2 0 1091 1837 419
2909 1 2 0 1092 154 420
2910 1 2 0 1093 420 1838
2911 1 2 0 1093 1838 1839
2912 1 2 0 1093 1839 1840
2913 1 2 0 1093 1840 1841
2914 1 2 0 1093 1841 419
2915 1 2 0 1094 418 1842
2916 1 2 0 1094 1842 420
2917 1 2 0 1095 175 421
2918 1 2 0 1096 421 1843
2919 1 2 0 1096 1843 1844
2920 1 2 0 1096 1844 1845
2921 1 2 0 1096 1845 407
2922 1 2 0 1097 176 422
2923 1 2 0 1098 422 1846
2924 1 2 0 1098 1846 1847
2925 1 2 0 1098 1847 1848
2926 1 2 0 1098 1848 410
2927 1 2 0 1099 421 1849
2928 1 2 0 1099 1849 422
2929 1 2 0 1100 187 423
2930 1 2 0 1101 423 1850
2931 1 2 0 1101 1850 1851
2932 1 2 0 1101 1851 1852
2933 1 2 0 1101 1852 412
2934 1 2 0 1102 422 423
2935 1 2 0 1103 198 424
2936 1 2 0 1104 424 1853
2937 1 2 0 1104 1853 1854
2938 1 2 0 1104 1854 1855
2939 1 2 0 1104 1855 414
2940 1 2 0 1105 423 424
2941 1 2 0 1106 209 425
2942 1 2 0 1107 425 1856
2943 1 2 0 1107 1856 1857
2944 1 2 0 1107 1857 1858
2945 1 2 0 1107 1858 416
2946 1 2 0 1108 424 425
2947 1 2 0 1109 220 426
2948 1 2 0 1110 426 1859
2949 1 2 0 1110 1859 1860
2950 1 2 0 1110 1860 1861
2951 1 2 0 1110 1861 418
2952 1 2 0 1111 425 426
2953 1 2 0 1112 231 427
2954 1 2 0 1113 427 1862
2955 1 2 0 1113 1862 1863
2956 1 2 0 1113 1863 1864
2957 1 2 0 1113 1864 420
2958 1 2 0 1114 426 1865
2959 1 2 0 1114 1865 427
2960 1 2 0 1136 5 428
2961 1 2 0 1138 6 429
2962 1 2 0 1139 428 1866
2963 1 2 0 1139 1866 1867
2964 1 2 0 1139 1867 1868
2965 1 2 0 1139 1868 1869
2966 1 2 0 1139 1869 429
2967 1 2 0 1143 9 430
2968 1 2 0 1144 428 430
2969 1 2 0 1145 10 431
2970 1 2 0 1146 430 1870
2971 1 2 0 1146 1870 1871
2972 1 2 0 1146 1871 1872
2973 1 2 0 1146 1872 1873
2974 1 2 0 1146 1873 431
2975 1 2 0 1147 429 431
2976 1 2 0 1148 13 432
2977 1 2 0 1149 430 1874
2978 1 2 0 1149 1874 432
2979 1 2 0 1150 14 433
2980 1 2 0 1151 432 1875
2981 1 2 0 1151 1875 1876
2982 1 2 0 1151 1876 1877
2983 1 2 0 1151 1877 1878
2984 1 2 0 1151 1878 433
2985 1 2 0 1152 431 1879
2986 1 2 0 1152 1879 433
2987 1 2 0 1153 17 434
2988 1 2 0 1154 432 434
2989 1 2 0 1155 18 435
2990 1 2 0 1156 434 1880
2991 1 2 0 1156 1880 1881
2992 1 2 0 1156 1881 1882
2993 1 2 0 1156 1882 1883
2994 1 2 0 1156 1883 435
2995 1 2 0 1157 433 435
2996 1 2 0 1158 21 436
2997 1 2 0 1159 434 436
2998 1 2 0 1160 22 437
2999 1 2 0 1161 436 1884
3000 1 2 0 1161 1884 1885
3001 1 2 0 1161 1885 1886
3002 1 2 0 1161 1886 1887
3003 1 2 0 1161 1887 437
3004 1 2 0 1162 435 437
3005 1 2 0 1163 25 438
3006 1 2 0 1164 436 438
3007 1 2 0 1165 26 439
3008 1 2 0 1166 438 1888
3009 1 2 0 1166 1888 1889
3010 1 2 0 1166 1889 1890
3011 1 2 0 1166 1890 1891
3012 1 2 0 1166 1891 439
3013 1 2 0 1167 437 439
3014 1 2 0 1168 29 440
3015 1 2 0 1169 438 440
3016 1 2 0 1170 30 441
3017 1 2 0 1171 440 1892
3018 1 2 0 1171 1892 1893
3019 1 2 0 1171 1893 1894
3020 1 2 0 1171 1894 1895
3021 1 2 0 1171 1895 441
3022 1 2 0 1172 439 441
3023 1 2 0 1173 33 442
3024 1 2 0 1174 440 1896
3025 1 2 0 1174 1896 442
3026 1 2 0 1175 34 443
3027 1 2 0 1176 442 1897
3028 1 2 0 1176 1897 1898
3029 1 2 0 1176 1898 1899
3030 1 2 0 1176 1899 1900
3031 1 2 0 1176 1900 443
3032 1 2 0 1177 441 1901
3033 1 2 0 1177 1901 443
3034 1 2 0 1178 37 444
3035 1 2 0 1179 442 444
3036 1 2 0 1180 38 445
3037 1 2 0 1181 444 1902
3038 1 2 0 1181 1902 1903
3039 1 2 0 1181 1903 1904
3040 1 2 0 1181 1904 1905
3041 1 2 0 1181 1905 445
3042 1 2 0 1182 443 445
3043 1 2 0 1189 157 446
3044 1 2 0 1191 446 1906
3045 1 2 0 1191 1906 1907
3046 1 2 0 1191 1907 1908
3047 1 2 0 1191 1908 428
3048 1 2 0 1193 159 447
3049 1 2 0 1194 446 447
3050 1 2 0 1195 447 1909
3051 1 2 0 1195 1909 1910
3052 1 2 0 1195 1910 1911
3053 1 2 0 1195 1911 430
3054 1 2 0 1196 161 448
3055 1 2 0 1197 447 1912
3056 1 2 0 1197 1912 448
3057 1 2 0 1198 448 1913
3058 1 2 0 1198 1913 1914
3059 1 2 0 1198 1914 1915
3060 1 2 0 1198 1915 432
3061 1 2 0 1199 163 449
3062 1 2 0 1200 448 449
3063 1 2 0 1201 449 1916
3064 1 2 0 1201 1916 1917
3065 1 2 0 1201 1917 1918
3066 1 2 0 1201 1918 434
3067 1 2 0 1202 165 450
3068 1 2 0 1203 449 450
3069 1 2 0 1204 450 1919
3070 1 2 0 1204 1919 1920
3071 1 2 0 1204 1920 1921
3072 1 2 0 1204 1921 436
3073 1 2 0 1205 167 451
3074 1 2 0 1206 450 451
3075 1 2 0 1207 451 1922
3076 1 2 0 1207 1922 1923
3077 1 2 0 1207 1923 1924
3078 1 2 0 1207 1924 438
3079 1 2 0 1208 169 452
3080 1 2 0 1209 451 452
3081 1 2 0 1210 452 1925
3082 1 2 0 1210 1925 1926
3083 1 2 0 1210 1926 1927
3084 1 2 0 1210 1927 440
3085 1 2 0 1211 171 453
3086 1 2 0 1212 452 1928
3087 1 2 0 1212 1928 453
3088 1 2 0 1213 453 1929
3089 1 2 0 1213 1929 1930
3090 1 2 0 1213 1930 1931
3091 1 2 0 1213 1931 442
3092 1 2 0 1214 173 454
3093 1 2 0 1215 453 454
3094 1 2 0 1216 454 1932
3095 1 2 0 1216 1932 1933
3096 1 2 0 1216 1933 1934
3097 1 2 0 1216 1934 444
3098 1 2 0 1253 136 455
3099 1 2 0 1255 135 456
3100 1 2 0 1256 455 1935
3101 1 2 0 1256 1935 1936
3102 1 2 0 1256 1936 1937
3103 1 2 0 1256 1937 1938
3104 1 2 0 1256 1938 456
3105 1 2 0 1260 138 457
3106 1 2 0 1261 455 457
3107 1 2 0 1262 137 458
3108 1 2 0 1263 457 1939
3109 1 2 0 1263 1939 1940
3110 1 2 0 1263 1940 1941
3111 1 2 0 1263 1941 1942
3112 1 2 0 1263 1942 458
3113 1 2 0 1264 456 458
3114 1 2 0 1265 140 459
3115 1 2 0 1266 457 1943
3116 1 2 0 1266 1943 459
3117 1 2 0 1267 139 460
3118 1 2 0 1268 459 1944
3119 1 2 0 1268 1944 1945
3120 1 2 0 1268 1945 1946
3121 1 2 0 1268 1946 1947
3122 1 2 0 1268 1947 460
3123 1 2 0 1269 458 1948
3124 1 2 0 1269 1948 460
3125 1 2 0 1270 142 461
3126 1 2 0 1271 459 461
3127 1 2 0 1272 141 462
3128 1 2 0 1273 461 1949
3129 1 2 0 1273 1949 1950
3130 1 2 0 1273 1950 1951
3131 1 2 0 1273 1951 1952
3132 1 2 0 1273 1952 462
3133 1 2 0 1274 460 462
3134 1 2 0 1275 144 463
3135 1 2 0 1276 461 463
3136 1 2 0 1277 143 464
3137 1 2 0 1278 463 1953
3138 1 2 0 1278 1953 1954
3139 1 2 0 1278 1954 1955
3140 1 2 0 1278 1955 1956
3141 1 2 0 1278 1956 464
3142 1 2 0 1279 462 464
3143 1 2 0 1280 146 465
3144 1 2 0 1281 463 465
3145 1 2 0 1282 145 466
3146 1 2 0 1283 465 1957
3147 1 2 0 1283 1957 1958
3148 1 2 0 1283 1958 1959
3149 1 2 0 1283 1959 1960
3150 1 2 0 1283 1960 466
3151 1 2 0 1284 464 466
3152 1 2 0 1285 148 467
3153 1 2 0 1286 465 467
3154 1 2 0 1287 147 468
3155 1 2 0 1288 467 1961
3156 1 2 0 1288 1961 1962
3157 1 2 0 1288 1962 1963
3158 1 2 0 1288 1963 1964
3159 1 2 0 1288 1964 468
3160 1 2 0 1289 466 468
3161 1 2 0 1290 150 469
3162 1 2 0 1291 467 1965
3163 1 2 0 1291 1965 469
3164 1 2 0 1292 149 470
3165 1 2 0 1293 469 1966
3166 1 2 0 1293 1966 1967
3167 1 2 0 1293 1967 1968
3168 1 2 0 1293 1968 1969
3169 1 2 0 1293 1969 470
3170 1 2 0 1294 468 1970
3171 1 2 0 1294 1970 470
3172 1 2 0 1295 152 471
3173 1 2 0 1296 469 471
3174 1 2 0 1297 151 472
3175 1 2 0 1298 471 1971
3176 1 2 0 1298 1971 1972
3177 1 2 0 1298 1972 1973
3178 1 2 0 1298 1973 1974
3179 1 2 0 1298 1974 472
3180 1 2 0 1299 470 472
3181 1 2 0 1306 222 473
3182 1 2 0 1308 473 1975
3183 1 2 0 1308 1975 1976
3184 1 2 0 1308 1976 1977
3185 1 2 0 1308 1977 455
3186 1 2 0 1310 223 474
3187 1 2 0 1311 473 474
3188 1 2 0 1312 474 1978
3189 1 2 0 1312 1978 1979
3190 1 2 0 1312 1979 1980
3191 1 2 0 1312 1980 457
3192 1 2 0 1313 224 475
3193 1 2 0 1314 474 1981
3194 1 2 0 1314 1981 475
3195 1 2 0 1315 475 1982
3196 1 2 0 1315 1982 1983
3197 1 2 0 1315 1983 1984
3198 1 2 0 1315 1984 459
3199 1 2 0 1316 225 476
3200 1 2 0 1317 475 476
3201 1 2 0 1318 476 1985
3202 1 2 0 1318 1985 1986
3203 1 2 0 1318 1986 1987
3204 1 2 0 1318 1987 461
3205 1 2 0 1319 226 477
3206 1 2 0 1320 476 477
3207 1 2 0 1321 477 1988
3208 1 2 0 1321 1988 1989
3209 1 2 0 1321 1989 1990
3210 1 2 0 1321 1990 463
3211 1 2 0 1322 227 478
3212 1 2 0 1323 477 478
3213 1 2 0 1324 478 1991
3214 1 2 0 1324 1991 1992
3215 1 2 0 1324 1992 1993
3216 1 2 0 1324 1993 465
3217 1 2 0 1325 228 479
3218 1 2 0 1326 478 479
3219 1 2 0 1327 479 1994
3220 1 2 0 1327 1994 1995
3221 1 2 0 1327 1995 1996
3222 1 2 0 1327 1996 467
3223 1 2 0 1328 229 480
3224 1 2 0 1329 479 1997
3225 1 2 0 1329 1997 480
3226 1 2 0 1330 480 1998
3227 1 2 0 1330 1998 1999
3228 1 2 0 1330 1999 2000
3229 1 2 0 1330 2000 469
3230 1 2 0 1331 230 481
3231 1 2 0 1332 480 481
3232 1 2 0 1333 481 2001
3233 1 2 0 1333 2001 2002
3234 1 2 0 1333 2002 2003
3235 1 2 0 1333 2003 471
3236 1 2 0 1334 232 482
3237 1 2 0 1335 482 2004
3238 1 2 0 1335 2004 2005
3239 1 2 0 1335 2005 2006
3240 1 2 0 1335 2006 2007
3241 1 2 0 1335 2007 400
3242 1 2 0 1336 233 483
3243 1 2 0 1337 483 2008
3244 1 2 0 1337 2008 2009
3245 1 2 0 1337 2009 2010
3246 1 2 0 1337 2010 2011
3247 1 2 0 1337 2011 401
3248 1 2 0 1338 482 2012
3249 1 2 0 1338 2012 483
3250 1 2 0 1339 254 484
3251 1 2 0 1340 484 2013
3252 1 2 0 1340 2013 2014
3253 1 2 0 1340 2014 2015
3254 1 2 0 1340 2015 2016
3255 1 2 0 1340 2016 402
3256 1 2 0 1341 483 484
3257 1 2 0 1342 265 485
3258 1 2 0 1343 485 2017
3259 1 2 0 1343 2017 2018
3260 1 2 0 1343 2018 2019
3261 1 2 0 1343 2019 2020
3262 1 2 0 1343 2020 403
3263 1 2 0 1344 484 485
3264 1 2 0 1345 276 486
3265 1 2 0 1346 486 2021
3266 1 2 0 1346 2021 2022
3267 1 2 0 1346 2022 2023
3268 1 2 0 1346 2023 2024
3269 1 2 0 1346 2024 404
3270 1 2 0 1347 485 486
3271 1 2 0 1348 287 487
3272 1 2 0 1349 487 2025
3273 1 2 0 1349 2025 2026
3274 1 2 0 1349 2026 2027
3275 1 2 0 1349 2027 2028
3276 1 2 0 1349 2028 405
3277 1 2 0 1350 486 487
3278 1 2 0 1351 298 488
3279 1 2 0 1352 488 2029
3280 1 2 0 1352 2029 2030
3281 1 2 0 1352 2030 2031
3282 1 2 0 1352 2031 2032
3283 1 2 0 1352 2032 406
3284 1 2 0 1353 487 2033
3285 1 2 0 1353 2033 488
3286 1 2 0 1354 252 489
3287 1 2 0 1355 489 2034
3288 1 2 0 1355 2034 2035
3289 1 2 0 1355 2035 2036
3290 1 2 0 1355 2036 2037
3291 1 2 0 1355 2037 421
3292 1 2 0 1356 253 490
3293 1 2 0 1357 490 2038
3294 1 2 0 1357 2038 2039
3295 1 2 0 1357 2039 2040
3296 1 2 0 1357 2040 2041
3297 1 2 0 1357 2041 422
3298 1 2 0 1358 489 2042
3299 1 2 0 1358 2042 490
3300 1 2 0 1359 264 491
3301 1 2 0 1360 491 2043
3302 1 2 0 1360 2043 2044
3303 1 2 0 1360 2044 2045
3304 1 2 0 1360 2045 2046
3305 1 2 0 1360 2046 423
3306 1 2 0 1361 490 491
3307 1 2 0 1362 275 492
3308 1 2 0 1363 492 2047
3309 1 2 0 1363 2047 2048
3310 1 2 0 1363 2048 2049
3311 1 2 0 1363 2049 2050
3312 1 2 0 1363 2050 424
3313 1 2 0 1364 491 492
3314 1 2 0 1365 286 493
3315 1 2 0 1366 493 2051
3316 1 2 0 1366 2051 2052
3317 1 2 0 1366 2052 2053
3318 1 2 0 1366 2053 2054
3319 1 2 0 1366 2054 425
3320 1 2 0 1367 492 493
3321 1 2 0 1368 297 494
3322 1 2 0 1369 494 2055
3323 1 2 0 1369 2055 2056
3324 1 2 0 1369 2056 2057
3325 1 2 0 1369 2057 2058
3326 1 2 0 1369 2058 426
3327 1 2 0 1370 493 494
3328 1 2 0 1371 308 495
3329 1 2 0 1372 495 2059
3330 1 2 0 1372 2059 2060
3331 1 2 0 1372 2060 2061
3332 1 2 0 1372 2061 2062
3333 1 2 0 1372 2062 427
3334 1 2 0 1373 494 2063
3335 1 2 0 1373 2063 495
3336 1 2 0 1374 1 496
3337 1 2 0 1375 496 2064
3338 1 2 0 1375 2064 2065
3339 1 2 0 1375 2065 428
3340 1 2 0 1376 2 497
3341 1 2 0 1377 497 2066
3342 1 2 0 1377 2066 2067
3343 1 2 0 1377 2067 429
3344 1 2 0 1378 496 2068
3345 1 2 0 1378 2068 2069
3346 1 2 0 1378 2069 2070
3347 1 2 0 1378 2070 2071
3348 1 2 0 1378 2071 497
3349 1 2 0 1379 41 498
3350 1 2 0 1380 444 2072
3351 1 2 0 1380 2072 2073
3352 1 2 0 1380 2073 498
3353 1 2 0 1381 42 499
3354 1 2 0 1382 498 2074
3355 1 2 0 1382 2074 2075
3356 1 2 0 1382 2075 2076
3357 1 2 0 1382 2076 2077
3358 1 2 0 1382 2077 499
3359 1 2 0 1383 445 2078
3360 1 2 0 1383 2078 2079
3361 1 2 0 1383 2079 499
3362 1 2 0 1384 155 500
3363 1 2 0 1385 500 2080
3364 1 2 0 1385 2080 2081
3365 1 2 0 1385 2081 446
3366 1 2 0 1386 500 2082
3367 1 2 0 1386 2082 2083
3368 1 2 0 1386 2083 2084
3369 1 2 0 1386 2084 496
3370 1 2 0 1387 175 501
3371 1 2 0 1388 454 2085
3372 1 2 0 1388 2085 2086
3373 1 2 0 1388 2086 501
3374 1 2 0 1389 501 2087
3375 1 2 0 1389 2087 2088
3376 1 2 0 1389 2088 2089
3377 1 2 0 1389 2089 498
3378 1 2 0 1390 232 502
3379 1 2 0 1391 234 503
3380 1 2 0 1392 502 2090
3381 1 2 0 1392 2090 2091
3382 1 2 0 1392 2091 503
3383 1 2 0 1393 503 2092
3384 1 2 0 1393 2092 2093
3385 1 2 0 1393 2093 2094
3386 1 2 0 1393 2094 2095
3387 1 2 0 1393 2095 446
3388 1 2 0 1394 502 2096
3389 1 2 0 1394 2096 2097
3390 1 2 0 1394 2097 2098
3391 1 2 0 1394 2098 2099
3392 1 2 0 1394 2099 500
3393 1 2 0 1395 236 504
3394 1 2 0 1396 503 504
3395 1 2 0 1397 504 2100
3396 1 2 0 1397 2100 2101
3397 1 2 0 1397 2101 2102
3398 1 2 0 1397 2102 2103
3399 1 2 0 1397 2103 447
3400 1 2 0 1398 238 505
3401 1 2 0 1399 504 2104
3402 1 2 0 1399 2104 505
3403 1 2 0 1400 505 2105
3404 1 2 0 1400 2105 2106
3405 1 2 0 1400 2106 2107
3406 1 2 0 1400 2107 2108
3407 1 2 0 1400 2108 448
3408 1 2 0 1401 240 506
3409 1 2 0 1402 505 506
3410 1 2 0 1403 506 2109
3411 1 2 0 1403 2109 2110
3412 1 2 0 1403 2110 2111
3413 1 2 0 1403 2111 2112
3414 1 2 0 1403 2112 449
3415 1 2 0 1404 242 507
3416 1 2 0 1405 506 507
3417 1 2 0 1406 507 2113
3418 1 2 0 1406 2113 2114
3419 1 2 0 1406 2114 2115
3420 1 2 0 1406 2115 2116
3421 1 2 0 1406 2116 450
3422 1 2 0 1407 244 508
3423 1 2 0 1408 507 508
3424 1 2 0 1409 508 2117
3425 1 2 0 1409 2117 2118
3426 1 2 0 1409 2118 2119
3427 1 2 0 1409 2119 2120
3428 1 2 0 1409 2120 451
3429 1 2 0 1410 246 509
3430 1 2 0 1411 508 509
3431 1 2 0 1412 509 2121
3432 1 2 0 1412 2121 2122
3433 1 2 0 1412 2122 2123
3434 1 2 0 1412 2123 2124
3435 1 2 0 1412 2124 452
3436 1 2 0 1413 248 510
3437 1 2 0 1414 509 2125
3438 1 2 0 1414 2125 510
3439 1 2 0 1415 510 2126
3440 1 2 0 1415 2126 2127
3441 1 2 0 1415 2127 2128
3442 1 2 0 1415 2128 2129
3443 1 2 0 1415 2129 453
3444 1 2 0 1416 250 511
3445 1 2 0 1417 510 511
3446 1 2 0 1418 511 2130
3447 1 2 0 1418 2130 2131
3448 1 2 0 1418 2131 2132
3449 1 2 0 1418 2132 2133
3450 1 2 0 1418 2133 454
3451 1 2 0 1419 252 512
3452 1 2 0 1420 511 2134
3453 1 2 0 1420 2134 2135
3454 1 2 0 1420 2135 512
3455 1 2 0 1421 512 2136
3456 1 2 0 1421 2136 2137
3457 1 2 0 1421 2137 2138
3458 1 2 0 1421 2138 2139
3459 1 2 0 1421 2139 501
3460 1 2 0 1422 134 513
3461 1 2 0 1423 513 2140
3462 1 2 0 1423 2140 2141
3463 1 2 0 1423 2141 455
3464 1 2 0 1424 133 514
3465 1 2 0 1425 514 2142
3466 1 2 0 1425 2142 2143
3467 1 2 0 1425 2143 456
3468 1 2 0 1426 513 2144
3469 1 2 0 1426 2144 2145
3470 1 2 0 1426 2145 2146
3471 1 2 0 1426 2146 2147
3472 1 2 0 1426 2147 514
3473 1 2 0 1427 154 515
3474 1 2 0 1428 471 2148
3475 1 2 0 1428 2148 2149
3476 1 2 0 1428 2149 515
3477 1 2 0 1429 153 516
3478 1 2 0 1430 515 2150
3479 1 2 0 1430 2150 2151
3480 1 2 0 1430 2151 2152
3481 1 2 0 1430 2152 2153
3482 1 2 0 1430 2153 516
3483 1 2 0 1431 472 2154
3484 1 2 0 1431 2154 2155
3485 1 2 0 1431 2155 516
3486 1 2 0 1432 221 517
3487 1 2 0 1433 517 2156
3488 1 2 0 1433 2156 2157
3489 1 2 0 1433 2157 473
3490 1 2 0 1434 517 2158
3491 1 2 0 1434 2158 2159
3492 1 2 0 1434 2159 2160
3493 1 2 0 1434 2160 513
3494 1 2 0 1435 231 518
3495 1 2 0 1436 481 2161
3496 1 2 0 1436 2161 2162
3497 1 2 0 1436 2162 518
3498 1 2 0 1437 518 2163
3499 1 2 0 1437 2163 2164
3500 1 2 0 1437 2164 2165
3501 1 2 0 1437 2165 515
3502 1 2 0 1438 298 519
3503 1 2 0 1439 299 520
3504 1 2 0 1440 519 2166
3505 1 2 0 1440 2166 2167
3506 1 2 0 1440 2167 520
3507 1 2 0 1441 520 2168
3508 1 2 0 1441 2168 2169
3509 1 2 0 1441 2169 2170
3510 1 2 0 1441 2170 2171
3511 1 2 0 1441 2171 473
3512 1 2 0 1442 519 2172
3513 1 2 0 1442 2172 2173
3514 1 2 0 1442 2173 2174
3515 1 2 0 1442 2174 2175
3516 1 2 0 1442 2175 517
3517 1 2 0 1443 300 521
3518 1 2 0 1444 520 521
3519 1 2 0 1445 521 2176
3520 1 2 0 1445 2176 2177
3521 1 2 0 1445 2177 2178
3522 1 2 0 1445 2178 2179
3523 1 2 0 1445 2179 474
3524 1 2 0 1446 301 522
3525 1 2 0 1447 521 2180
3526 1 2 0 1447 2180 522
3527 1 2 0 1448 522 2181
3528 1 2 0 1448 2181 2182
3529 1 2 0 1448 2182 2183
3530 1 2 0 1448 2183 2184
3531 1 2 0 1448 2184 475
3532 1 2 0 1449 302 523
3533 1 2 0 1450 522 523
3534 1 2 0 1451 523 2185
3535 1 2 0 1451 2185 2186
3536 1 2 0 1451 2186 2187
3537 1 2 0 1451 2187 2188
3538 1 2 0 1451 2188 476
3539 1 2 0 1452 303 524
3540 1 2 0 1453 523 524
3541 1 2 0 1454 524 2189
3542 1 2 0 1454 2189 2190
3543 1 2 0 1454 2190 2191
3544 1 2 0 1454 2191 2192
3545 1 2 0 1454 2192 477
3546 1 2 0 1455 304 525
3547 1 2 0 1456 524 525
3548 1 2 0 1457 525 2193
3549 1 2 0 1457 2193 2194
3550 1 2 0 1457 2194 2195
3551 1 2 0 1457 2195 2196
3552 1 2 0 1457 2196 478
3553 1 2 0 1458 305 526
3554 1 2 0 1459 525 526
3555 1 2 0 1460 526 2197
3556 1 2 0 1460 2197 2198
3557 1 2 0 1460 2198 2199
3558 1 2 0 1460 2199 2200
3559 1 2 0 1460 2200 479
3560 1 2 0 1461 306 527
3561 1 2 0 1462 526 2201
3562 1 2 0 1462 2201 527
3563 1 2 0 1463 527 2202
3564 1 2 0 1463 2202 2203
3565 1 2 0 1463 2203 2204
3566 1 2 0 1463 2204 2205
3567 1 2 0 1463 2205 480
3568 1 2 0 1464 307 528
3569 1 2 0 1465 527 528
3570 1 2 0 1466 528 2206
3571 1 2 0 1466 2206 2207
3572 1 2 0 1466 2207 2208
3573 1 2 0 1466 2208 2209
3574 1 2 0 1466 2209 481
3575 1 2 0 1467 308 529
3576 1 2 0 1468 528 2210
3577 1 2 0 1468 2210 2211
3578 1 2 0 1468 2211 529
3579 1 2 0 1469 529 2212
3580 1 2 0 1469 2212 2213
3581 1 2 0 1469 2213 2214
3582 1 2 0 1469 2214 2215
3583 1 2 0 1469 2215 518
3584 1 2 0 1470 309 530
3585 1 2 0 1471 482 530
3586 1 2 0 1472 310 531
3587 1 2 0 1473 483 531
3588 1 2 0 1474 530 2216
3589 1 2 0 1474 2216 531
3590 1 2 0 1475 331 532
3591 1 2 0 1476 484 532
3592 1 2 0 1477 531 532
3593 1 2 0 1478 342 533
3594 1 2 0 1479 485 533
3595 1 2 0 1480 532 533
3596 1 2 0 1481 353 534
3597 1 2 0 1482 486 534
3598 1 2 0 1483 533 534
3599 1 2 0 1484 364 535
3600 1 2 0 1485 487 535
3601 1 2 0 1486 534 535
3602 1 2 0 1487 375 536
3603 1 2 0 1488 488 536
3604 1 2 0 1489 535 2217
3605 1 2 0 1489 2217 536
3606 1 2 0 1490 330 537
3607 1 2 0 1491 489 537
3608 1 2 0 1492 329 538
3609 1 2 0 1493 490 538
3610 1 2 0 1494 537 2218
3611 1 2 0 1494 2218 538
3612 1 2 0 1495 341 539
3613 1 2 0 1496 491 539
3614 1 2 0 1497 538 539
3615 1 2 0 1498 352 540
3616 1 2 0 1499 492 540
3617 1 2 0 1500 539 540
3618 1 2 0 1501 363 541
3619 1 2 0 1502 493 541
3620 1 2 0 1503 540 541
3621 1 2 0 1504 374 542
3622 1 2 0 1505 494 542
3623 1 2 0 1506 541 542
3624 1 2 0 1507 385 543
3625 1 2 0 1508 495 543
3626 1 2 0 1509 542 2219
3627 1 2 0 1509 2219 543
3628 1 2 0 1510 309 544
3629 1 2 0 1511 502 544
3630 1 2 0 1512 312 545
3631 1 2 0 1513 503 545
3632 1 2 0 1514 544 2220
3633 1 2 0 1514 2220 2221
3634 1 2 0 1514 2221 545
3635 1 2 0 1515 314 546
3636 1 2 0 1516 504 546
3637 1 2 0 1517 545 546
3638 1 2 0 1518 316 547
3639 1 2 0 1519 505 547
3640 1 2 0 1520 546 2222
3641 1 2 0 1520 2222 547
3642 1 2 0 1521 318 548
3643 1 2 0 1522 506 548
3644 1 2 0 1523 547 548
3645 1 2 0 1524 320 549
3646 1 2 0 1525 507 549
3647 1 2 0 1526 548 549
3648 1 2 0 1527 322 550
3649 1 2 0 1528 508 550
3650 1 2 0 1529 549 550
3651 1 2 0 1530 324 551
3652 1 2 0 1531 509 551
3653 1 2 0 1532 550 551
3654 1 2 0 1533 326 552
3655 1 2 0 1534 510 552
3656 1 2 0 1535 551 2223
3657 1 2 0 1535 2223 552
3658 1 2 0 1536 328 553
3659 1 2 0 1537 511 553
3660 1 2 0 1538 552 553
3661 1 2 0 1539 330 554
3662 1 2 0 1540 512 554
3663 1 2 0 1541 553 2224
3664 1 2 0 1541 2224 2225
3665 1 2 0 1541 2225 554
3666 1 2 0 1542 375 555
3667 1 2 0 1543 519 555
3668 1 2 0 1544 376 556
3669 1 2 0 1545 520 556
3670 1 2 0 1546 555 2226
3671 1 2 0 1546 2226 2227
3672 1 2 0 1546 2227 556
3673 1 2 0 1547 377 557
3674 1 2 0 1548 521 557
3675 1 2 0 1549 556 557
3676 1 2 0 1550 378 558
3677 1 2 0 1551 522 558
3678 1 2 0 1552 557 2228
3679 1 2 0 1552 2228 558
3680 1 2 0 1553 379 559
3681 1 2 0 1554 523 559
3682 1 2 0 1555 558 559
3683 1 2 0 1556 380 560
3684 1 2 0 1557 524 560
3685 1 2 0 1558 559 560
3686 1 2 0 1559 381 561
3687 1 2 0 1560 525 561
3688 1 2 0 1561 560 561
3689 1 2 0 1562 382 562
3690 1 2 0 1563 526 562
3691 1 2 0 1564 561 562
3692 1 2 0 1565 383 563
3693 1 2 0 1566 527 563
3694 1 2 0 1567 562 2229
3695 1 2 0 1567 2229 563
3696 1 2 0 1568 384 564
3697 1 2 0 1569 528 564
3698 1 2 0 1570 563 564
3699 1 2 0 1571 385 565
3700 1 2 0 1572 529 565
3701 1 2 0 1573 564 2230
3702 1 2 0 1573 2230 2231
3703 1 2 0 1573 2231 565
3704 1 2 0 1574 386 566
3705 1 2 0 1575 496 566
3706 1 2 0 1576 387 567
3707 1 2 0 1577 497 567
3708 1 2 0 1578 566 2232
3709 1 2 0 1578 2232 2233
3710 1 2 0 1578 2233 2234
3711 1 2 0 1578 2234 2235
3712 1 2 0 1578 2235 567
3713 1 2 0 1579 400 568
3714 1 2 0 1580 500 568
3715 1 2 0 1581 568 2236
3716 1 2 0 1581 2236 2237
3717 1 2 0 1581 2237 2238
3718 1 2 0 1581 2238 566
3719 1 2 0 1582 482 569
3720 1 2 0 1583 502 569
3721 1 2 0 1584 569 2239
3722 1 2 0 1584 2239 2240
3723 1 2 0 1584 2240 2241
3724 1 2 0 1584 2241 2242
3725 1 2 0 1584 2242 568
3726 1 2 0 1585 399 570
3727 1 2 0 1586 513 570
3728 1 2 0 1587 398 571
3729 1 2 0 1588 514 571
3730 1 2 0 1589 570 2243
3731 1 2 0 1589 2243 2244
3732 1 2 0 1589 2244 2245
3733 1 2 0 1589 2245 2246
3734 1 2 0 1589 2246 571
3735 1 2 0 1590 406 572
3736 1 2 0 1591 517 572
3737 1 2 0 1592 572 2247
3738 1 2 0 1592 2247 2248
3739 1 2 0 1592 2248 2249
3740 1 2 0 1592 2249 570
3741 1 2 0 1593 488 573
3742 1 2 0 1594 519 573
3743 1 2 0 1595 573 2250
3744 1 2 0 1595 2250 2251
3745 1 2 0 1595 2251 2252
3746 1 2 0 1595 2252 2253
3747 1 2 0 1595 2253 572
3748 1 2 0 1596 407 574
3749 1 2 0 1597 498 574
3750 1 2 0 1598 408 575
3751 1 2 0 1599 499 575
3752 1 2 0 1600 574 2254
3753 1 2 0 1600 2254 2255
3754 1 2 0 1600 2255 2256
3755 1 2 0 1600 2256 2257
3756 1 2 0 1600 2257 575
3757 1 2 0 1601 421 576
3758 1 2 0 1602 501 576
3759 1 2 0 1603 576 2258
3760 1 2 0 1603 2258 2259
3761 1 2 0 1603 2259 2260
3762 1 2 0 1603 2260 574
3763 1 2 0 1604 489 577
3764 1 2 0 1605 512 577
3765 1 2 0 1606 577 2261
3766 1 2 0 1606 2261 2262
3767 1 2 0 1606 2262 2263
3768 1 2 0 1606 2263 2264
3769 1 2 0 1606 2264 576
3770 1 2 0 1607 420 578
3771 1 2 0 1608 515 578
3772 1 2 0 1609 419 579
3773 1 2 0 1610 516 579
3774 1 2 0 1611 578 2265
3775 1 2 0 1611 2265 2266
3776 1 2 0 1611 2266 2267
3777 1 2 0 1611 2267 2268
3778 1 2 0 1611 2268 579
3779 1 2 0 1612 427 580
3780 1 2 0 1613 518 580
3781 1 2 0 1614 580 2269
3782 1 2 0 1614 2269 2270
3783 1 2 0 1614 2270 2271
3784 1 2 0 1614 2271 578
3785 1 2 0 1615 495 581
3786 1 2 0 1616 529 581
3787 1 2 0 1617 581 2272
3788 1 2 0 1617 2272 2273
3789 1 2 0 1617 2273 2274
3790 1 2 0 1617 2274 2275
3791 1 2 0 1617 2275 580
3792 1 2 0 1618 530 582
3793 1 2 0 1619 544 582
3794 1 2 0 1620 569 582
3795 1 2 0 1621 536 583
3796 1 2 0 1622 555 583
3797 1 2 0 1623 573 583
3798 1 2 0 1624 537 584
3799 1 2 0 1625 554 584
3800 1 2 0 1626 577 584
3801 1 2 0 1627 543 585
3802 1 2 0 1628 565 585
3803 1 2 0 1629 581 585
3804 1 2 0 1630 586 2276
3805 1 2 0 1630 2276 2277
3806 1 2 0 1630 2277 2278
3807 1 2 0 1630 2278 2279
3808 1 2 0 1630 2279 2280
3809 1 2 0 1630 2280 2281
3810 1 2 0 1630 2281 2282
3811 1 2 0 1630 2282 2283
3812 1 2 0 1630 2283 2284
3813 1 2 0 1630 2284 2285
3814 1 2 0 1630 2285 2286
3815 1 2 0 1630 2286 2287
3816 1 2 0 1630 2287 2288
3817 1 2 0 1630 2288 2289
3818 1 2 0 1630 2289 2290
3819 1 2 0 1630 2290 587
3820 1 2 0 1631 587 2291
3821 1 2 0 1631 2291 2292
3822 1 2 0 1631 2292 2293
3823 1 2 0 1631 2293 588
3824 3 2 0 1 1 589 2294 598
3825 3 2 0 1 598 2294 594 4
3826 3 2 0 1 589 590 2295 2294
3827 3 2 0 1 2294 2295 595 594
3828 3 2 0 1 590 591 2296 2295
3829 3 2 0 1 2295 2296 596 595
3830 3 2 0 1 591 592 2297 2296
3831 3 2 0 1 2296 2297 597 596
3832 3 2 0 1 592 2 593 2297
3833 3 2 0 1 2297 593 3 597
3834 3 2 0 2 5 608 2298 599
3835 3 2 0 2 608 8 604 2298
3836 3 2 0 2 599 2298 2299 600
3837 3 2 0 2 2298 604 605 2299
3838 3 2 0 2 600 2299 2300 601
3839 3 2 0 2 2299 605 606 2300
3840 3 2 0 2 601 2300 2301 602
3841 3 2 0 2 2300 606 607 2301
3842 3 2 0 2 602 2301 603 6
3843 3 2 0 2 2301 607 7 603
3844 3 2 0 3 1 609 2302 589
3845 3 2 0 3 589 2302 2303 590
3846 3 2 0 3 590 2303 2304 591
3847 3 2 0 3 591 2304 2305 592
3848 3 2 0 3 592 2305 611 2
3849 3 2 0 3 609 610 2306 2302
3850 3 2 0 3 2302 2306 2307 2303
3851 3 2 0 3 2303 2307 2308 2304
3852 3 2 0 3 2304 2308 2309 2305
3853 3 2 0 3 2305 2309 612 611
3854 3 2 0 3 610 5 599 2306
3855 3 2 0 3 2306 599 600 2307
3856 3 2 0 3 2307 600 601 2308
3857 3 2 0 3 2308 601 602 2309
3858 3 2 0 3 2309 602 6 612
3859 3 2 0 4 4 594 2310 613
3860 3 2 0 4 594 595 2311 2310
3861 3 2 0 4 595 596 2312 2311
3862 3 2 0 4 596 597 2313 2312
3863 3 2 0 4 597 3 615 2313
3864 3 2 0 4 613 2310 2314 614
3865 3 2 0 4 2310 2311 2315 2314
3866 3 2 0 4 2311 2312 2316 2315
3867 3 2 0 4 2312 2313 2317 2316
3868 3 2 0 4 2313 615 616 2317
3869 3 2 0 4 614 2314 604 8
3870 3 2 0 4 2314 2315 605 604
3871 3 2 0 4 2315 2316 606 605
3872 3 2 0 4 2316 2317 607 606
3873 3 2 0 4 2317 616 7 607
3874 3 2 0 5 1 598 2318 609
3875 3 2 0 5 609 2318 2319 610
3876 3 2 0 5 610 2319 608 5
3877 3 2 0 5 598 4 613 2318
3878 3 2 0 5 2318 613 614 2319
3879 3 2 0 5 2319 614 8 608
3880 3 2 0 6 2 611 2320 593
3881 3 2 0 6 611 612 2321 2320
3882 3 2 0 6 612 6 603 2321
3883 3 2 0 6 593 2320 615 3
3884 3 2 0 6 2320 2321 616 615
3885 3 2 0 6 2321 603 7 616
3886 3 2 0 7 9 626 2322 617
3887 3 2 0 7 626 12 622 2322
3888 3 2 0 7 617 2322 2323 618
3889 3 2 0 7 2322 622 623 2323
3890 3 2 0 7 618 2323 2324 619
3891 3 2 0 7 2323 623 624 2324
3892 3 2 0 7 619 2324 2325 620
3893 3 2 0 7 2324 624 625 2325
3894 3 2 0 7 620 2325 621 10
3895 3 2 0 7 2325 625 11 621
3896 3 2 0 8 5 9 617 599
3897 3 2 0 8 599 617 618 600
3898 3 2 0 8 600 618 619 601
3899 3 2 0 8 601 619 620 602
3900 3 2 0 8 602 620 10 6
3901 3 2 0 9 8 604 622 12
3902 3 2 0 9 604 605 623 622
3903 3 2 0 9 605 606 624 623
3904 3 2 0 9 606 607 625 624
3905 3 2 0 9 607 7 11 625
3906 3 2 0 10 5 608 626 9
3907 3 2 0 10 608 8 12 626
3908 3 2 0 11 6 10 621 603
3909 3 2 0 11 603 621 11 7
3910 3 2 0 12 13 636 2326 627
3911 3 2 0 12 636 16 632 2326
3912 3 2 0 12 627 2326 2327 628
3913 3 2 0 12 2326 632 633 2327
3914 3 2 0 12 628 2327 2328 629
3915 3 2 0 12 2327 633 634 2328
3916 3 2 0 12 629 2328 2329 630
3917 3 2 0 12 2328 634 635 2329
3918 3 2 0 12 630 2329 631 14
3919 3 2 0 12 2329 635 15 631
3920 3 2 0 13 9 637 2330 617
3921 3 2 0 13 617 2330 2331 618
3922 3 2 0 13 618 2331 2332 619
3923 3 2 0 13 619 2332 2333 620
3924 3 2 0 13 620 2333 638 10
3925 3 2 0 13 637 13 627 2330
3926 3 2 0 13 2330 627 628 2331
3927 3 2 0 13 2331 628 629 2332
3928 3 2 0 13 2332 629 630 2333
3929 3 2 0 13 2333 630 14 638
3930 3 2 0 14 12 622 2334 639
3931 3 2 0 14 622 623 2335 2334
3932 3 2 0 14 623 624 2336 2335
3933 3 2 0 14 624 625 2337 2336
3934 3 2 0 14 625 11 640 2337
3935 3 2 0 14 639 2334 632 16
3936 3 2 0 14 2334 2335 633 632
3937 3 2 0 14 2335 2336 634 633
3938 3 2 0 14 2336 2337 635 634
3939 3 2 0 14 2337 640 15 635
3940 3 2 0 15 9 626 2338 637
3941 3 2 0 15 637 2338 636 13
3942 3 2 0 15 626 12 639 2338
3943 3 2 0 15 2338 639 16 636
3944 3 2 0 16 10 638 2339 621
3945 3 2 0 16 638 14 631 2339
3946 3 2 0 16 621 2339 640 11
3947 3 2 0 16 2339 631 15 640
3948 3 2 0 17 17 650 2340 641
3949 3 2 0 17 650 20 646 2340
3950 3 2 0 17 641 2340 2341 642
3951 3 2 0 17 2340 646 647 2341
3952 3 2 0 17 642 2341 2342 643
3953 3 2 0 17 2341 647 648 2342
3954 3 2 0 17 643 2342 2343 644
3955 3 2 0 17 2342 648 649 2343
3956 3 2 0 17 644 2343 645 18
3957 3 2 0 17 2343 649 19 645
3958 3 2 0 18 13 17 641 627
3959 3 2 0 18 627 641 642 628
3960 3 2 0 18 628 642 643 629
3961 3 2 0 18 629 643 644 630
3962 3 2 0 18 630 644 18 14
3963 3 2 0 19 16 632 646 20
3964 3 2 0 19 632 633 647 646
3965 3 2 0 19 633 634 648 647
3966 3 2 0 19 634 635 649 648
3967 3 2 0 19 635 15 19 649
3968 3 2 0 20 13 636 650 17
3969 3 2 0 20 636 16 20 650
3970 3 2 0 21 14 18 645 631
3971 3 2 0 21 631 645 19 15
3972 3 2 0 22 21 660 2344 651
3973 3 2 0 22 660 24 656 2344
3974 3 2 0 22 651 2344 2345 652
3975 3 2 0 22 2344 656 657 2345
3976 3 2 0 22 652 2345 2346 653
3977 3 2 0 22 2345 657 658 2346
3978 3 2 0 22 653 2346 2347 654
3979 3 2 0 22 2346 658 659 2347
3980 3 2 0 22 654 2347 655 22
3981 3 2 0 22 2347 659 23 655
3982 3 2 0 23 17 21 651 641
3983 3 2 0 23 641 651 652 642
3984 3 2 0 23 642 652 653 643
3985 3 2 0 23 643 653 654 644
3986 3 2 0 23 644 654 22 18
3987 3 2 0 24 20 646 656 24
3988 3 2 0 24 646 647 657 656
3989 3 2 0 24 647 648 658 657
3990 3 2 0 24 648 649 659 658
3991 3 2 0 24 649 19 23 659
3992 3 2 0 25 17 650 660 21
3993 3 2 0 25 650 20 24 660
3994 3 2 0 26 18 22 655 645
3995 3 2 0 26 645 655 23 19
3996 3 2 0 27 25 670 2348 661
3997 3 2 0 27 670 28 666 2348
3998 3 2 0 27 661 2348 2349 662
3999 3 2 0 27 2348 666 667 2349
4000 3 2 0 27 662 2349 2350 663
4001 3 2 0 27 2349 667 668 2350
4002 3 2 0 27 663 2350 2351 664
4003 3 2 0 27 2350 668 669 2351
4004 3 2 0 27 664 2351 665 26
4005 3 2 0 27 2351 669 27 665
4006 3 2 0 28 21 25 661 651
4007 3 2 0 28 651 661 662 652
4008 3 2 0 28 652 662 663 653
4009 3 2 0 28 653 663 664 654
4010 3 2 0 28 654 664 26 22
4011 3 2 0 29 24 656 666 28
4012 3 2 0 29 656 657 667 666
4013 3 2 0 29 657 658 668 667
4014 3 2 0 29 658 659 669 668
4015 3 2 0 29 659 23 27 669
4016 3 2 0 30 21 660 670 25
4017 3 2 0 30 660 24 28 670
4018 3 2 0 31 22 26 665 655
4019 3 2 0 31 655 665 27 23
4020 3 2 0 32 29 680 2352 671
4021 3 2 0 32 680 32 676 2352
4022 3 2 0 32 671 2352 2353 672
4023 3 2 0 32 2352 676 677 2353
4024 3 2 0 32 672 2353 2354 673
4025 3 2 0 32 2353 677 678 2354
4026 3 2 0 32 673 2354 2355 674
4027 3 2 0 32 2354 678 679 2355
4028 3 2 0 32 674 2355 675 30
4029 3 2 0 32 2355 679 31 675
4030 3 2 0 33 25 29 671 661
4031 3 2 0 33 661 671 672 662
4032 3 2 0 33 662 672 673 663
4033 3 2 0 33 663 673 674 664
4034 3 2 0 33 664 674 30 26
4035 3 2 0 34 28 666 676 32
4036 3 2 0 34 666 667 677 676
4037 3 2 0 34 667 668 678 677
4038 3 2 0 34 668 669 679 678
4039 3 2 0 34 669 27 31 679
4040 3 2 0 35 25 670 680 29
4041 3 2 0 35 670 28 32 680
4042 3 2 0 36 26 30 675 665
4043 3 2 0 36 665 675 31 27
4044 3 2 0 37 33 690 2356 681
4045 3 2 0 37 690 36 686 2356
4046 3 2 0 37 681 2356 2357 682
4047 3 2 0 37 2356 686 687 2357
4048 3 2 0 37 682 2357 2358 683
4049 3 2 0 37 2357 687 688 2358
4050 3 2 0 37 683 2358 2359 684
4051 3 2 0 37 2358 688 689 2359
4052 3 2 0 37 684 2359 685 34
4053 3 2 0 37 2359 689 35 685
4054 3 2 0 38 29 691 2360 671
4055 3 2 0 38 671 2360 2361 672
4056 3 2 0 38 672 2361 2362 673
4057 3 2 0 38 673 2362 2363 674
4058 3 2 0 38 674 2363 692 30
4059 3 2 0 38 691 33 681 2360
4060 3 2 0 38 2360 681 682 2361
4061 3 2 0 38 2361 682 683 2362
4062 3 2 0 38 2362 683 684 2363
4063 3 2 0 38 2363 684 34 692
4064 3 2 0 39 32 676 2364 693
4065 3 2 0 39 676 677 2365 2364
4066 3 2 0 39 677 678 2366 2365
4067 3 2 0 39 678 679 2367 2366
4068 3 2 0 39 679 31 694 2367
4069 3 2 0 39 693 2364 686 36
4070 3 2 0 39 2364 2365 687 686
4071 3 2 0 39 2365 2366 688 687
4072 3 2 0 39 2366 2367 689 688
4073 3 2 0 39 2367 694 35 689
4074 3 2 0 40 29 680 2368 691
4075 3 2 0 40 691 2368 690 33
4076 3 2 0 40 680 32 693 2368
4077 3 2 0 40 2368 693 36 690
4078 3 2 0 41 30 692 2369 675
4079 3 2 0 41 692 34 685 2369
4080 3 2 0 41 675 2369 694 31
4081 3 2 0 41 2369 685 35 694
4082 3 2 0 42 37 704 2370 695
4083 3 2 0 42 704 40 700 2370
4084 3 2 0 42 695 2370 2371 696
4085 3 2 0 42 2370 700 701 2371
4086 3 2 0 42 696 2371 2372 697
4087 3 2 0 42 2371 701 702 2372
4088 3 2 0 42 697 2372 2373 698
4089 3 2 0 42 2372 702 703 2373
4090 3 2 0 42 698 2373 699 38
4091 3 2 0 42 2373 703 39 699
4092 3 2 0 43 33 37 695 681
4093 3 2 0 43 681 695 696 682
4094 3 2 0 43 682 696 697 683
4095 3 2 0 43 683 697 698 684
4096 3 2 0 43 684 698 38 34
4097 3 2 0 44 36 686 700 40
4098 3 2 0 44 686 687 701 700
4099 3 2 0 44 687 688 702 701
4100 3 2 0 44 688 689 703 702
4101 3 2 0 44 689 35 39 703
4102 3 2 0 45 33 690 704 37
4103 3 2 0 45 690 36 40 704
4104 3 2 0 46 34 38 699 685
4105 3 2 0 46 685 699 39 35
4106 3 2 0 47 41 714 2374 705
4107 3 2 0 47 714 44 710 2374
4108 3 2 0 47 705 2374 2375 706
4109 3 2 0 47 2374 710 711 2375
4110 3 2 0 47 706 2375 2376 707
4111 3 2 0 47 2375 711 712 2376
4112 3 2 0 47 707 2376 2377 708
4113 3 2 0 47 2376 712 713 2377
4114 3 2 0 47 708 2377 709 42
4115 3 2 0 47 2377 713 43 709
4116 3 2 0 48 37 715 2378 695
4117 3 2 0 48 695 2378 2379 696
4118 3 2 0 48 696 2379 2380 697
4119 3 2 0 48 697 2380 2381 698
4120 3 2 0 48 698 2381 717 38
4121 3 2 0 48 715 716 2382 2378
4122 3 2 0 48 2378 2382 2383 2379
4123 3 2 0 48 2379 2383 2384 2380
4124 3 2 0 48 2380 2384 2385 2381
4125 3 2 0 48 2381 2385 718 717
4126 3 2 0 48 716 41 705 2382
4127 3 2 0 48 2382 705 706 2383
4128 3 2 0 48 2383 706 707 2384
4129 3 2 0 48 2384 707 708 2385
4130 3 2 0 48 2385 708 42 718
4131 3 2 0 49 40 700 2386 719
4132 3 2 0 49 700 701 2387 2386
4133 3 2 0 49 701 702 2388 2387
4134 3 2 0 49 702 703 2389 2388
4135 3 2 0 49 703 39 721 2389
4136 3 2 0 49 719 2386 2390 720
4137 3 2 0 49 2386 2387 2391 2390
4138 3 2 0 49 2387 2388 2392 2391
4139 3 2 0 49 2388 2389 2393 2392
4140 3 2 0 49 2389 721 722 2393
4141 3 2 0 49 720 2390 710 44
4142 3 2 0 49 2390 2391 711 710
4143 3 2 0 49 2391 2392 712 711
4144 3 2 0 49 2392 2393 713 712
4145 3 2 0 49 2393 722 43 713
4146 3 2 0 50 37 704 2394 715
4147 3 2 0 50 715 2394 2395 716
4148 3 2 0 50 716 2395 714 41
4149 3 2 0 50 704 40 719 2394
4150 3 2 0 50 2394 719 720 2395
4151 3 2 0 50 2395 720 44 714
4152 3 2 0 51 38 717 2396 699
4153 3 2 0 51 717 718 2397 2396
4154 3 2 0 51 718 42 709 2397
4155 3 2 0 51 699 2396 721 39
4156 3 2 0 51 2396 2397 722 721
4157 3 2 0 51 2397 709 43 722
4158 3 2 0 52 4 594 723 46
4159 3 2 0 52 594 595 724 723
4160 3 2 0 52 595 596 725 724
4161 3 2 0 52 596 597 726 725
4162 3 2 0 52 597 3 45 726
4163 3 2 0 53 8 48 727 604
4164 3 2 0 53 604 727 728 605
4165 3 2 0 53 605 728 729 606
4166 3 2 0 53 606 729 730 607
4167 3 2 0 53 607 730 47 7
4168 3 2 0 54 46 723 2398 731
4169 3 2 0 54 723 724 2399 2398
4170 3 2 0 54 724 725 2400 2399
4171 3 2 0 54 725 726 2401 2400
4172 3 2 0 54 726 45 733 2401
4173 3 2 0 54 731 2398 2402 732
4174 3 2 0 54 2398 2399 2403 2402
4175 3 2 0 54 2399 2400 2404 2403
4176 3 2 0 54 2400 2401 2405 2404
4177 3 2 0 54 2401 733 734 2405
4178 3 2 0 54 732 2402 727 48
4179 3 2 0 54 2402 2403 728 727
4180 3 2 0 54 2403 2404 729 728
4181 3 2 0 54 2404 2405 730 729
4182 3 2 0 54 2405 734 47 730
4183 3 2 0 55 4 46 731 613
4184 3 2 0 55 613 731 732 614
4185 3 2 0 55 614 732 48 8
4186 3 2 0 56 3 615 733 45
4187 3 2 0 56 615 616 734 733
4188 3 2 0 56 616 7 47 734
4189 3 2 0 57 12 50 735 622
4190 3 2 0 57 622 735 736 623
4191 3 2 0 57 623 736 737 624
4192 3 2 0 57 624 737 738 625
4193 3 2 0 57 625 738 49 11
4194 3 2 0 58 48 727 735 50
4195 3 2 0 58 727 728 736 735
4196 3 2 0 58 728 729 737 736
4197 3 2 0 58 729 730 738 737
4198 3 2 0 58 730 47 49 738
4199 3 2 0 59 8 48 50 12
4200 3 2 0 60 7 11 49 47
4201 3 2 0 61 16 52 739 632
4202 3 2 0 61 632 739 740 633
4203 3 2 0 61 633 740 741 634
4204 3 2 0 61 634 741 742 635
4205 3 2 0 61 635 742 51 15
4206 3 2 0 62 50 735 2406 743
4207 3 2 0 62 735 736 2407 2406
4208 3 2 0 62 736 737 2408 2407
4209 3 2 0 62 737 738 2409 2408
4210 3 2 0 62 738 49 744 2409
4211 3 2 0 62 743 2406 739 52
4212 3 2 0 62 2406 2407 740 739
4213 3 2 0 62 2407 2408 741 740
4214 3 2 0 62 2408 2409 742 741
4215 3 2 0 62 2409 744 51 742
4216 3 2 0 63 12 50 743 639
4217 3 2 0 63 639 743 52 16
4218 3 2 0 64 11 640 744 49
4219 3 2 0 64 640 15 51 744
4220 3 2 0 65 20 54 745 646
4221 3 2 0 65 646 745 746 647
4222 3 2 0 65 647 746 747 648
4223 3 2 0 65 648 747 748 649
4224 3 2 0 65 649 748 53 19
4225 3 2 0 66 52 739 745 54
4226 3 2 0 66 739 740 746 745
4227 3 2 0 66 740 741 747 746
4228 3 2 0 66 741 742 748 747
4229 3 2 0 66 742 51 53 748
4230 3 2 0 67 16 52 54 20
4231 3 2 0 68 15 19 53 51
4232 3 2 0 69 24 56 749 656
4233 3 2 0 69 656 749 750 657
4234 3 2 0 69 657 750 751 658
4235 3 2 0 69 658 751 752 659
4236 3 2 0 69 659 752 55 23
4237 3 2 0 70 54 745 749 56
4238 3 2 0 70 745 746 750 749
4239 3 2 0 70 746 747 751 750
4240 3 2 0 70 747 748 752 751
4241 3 2 0 70 748 53 55 752
4242 3 2 0 71 20 54 56 24
4243 3 2 0 72 19 23 55 53
4244 3 2 0 73 28 58 753 666
4245 3 2 0 73 666 753 754 667
4246 3 2 0 73 667 754 755 668
4247 3 2 0 73 668 755 756 669
4248 3 2 0 73 669 756 57 27
4249 3 2 0 74 56 749 753 58
4250 3 2 0 74 749 750 754 753
4251 3 2 0 74 750 751 755 754
4252 3 2 0 74 751 752 756 755
4253 3 2 0 74 752 55 57 756
4254 3 2 0 75 24 56 58 28
4255 3 2 0 76 23 27 57 55
4256 3 2 0 77 32 60 757 676
4257 3 2 0 77 676 757 758 677
4258 3 2 0 77 677 758 759 678
4259 3 2 0 77 678 759 760 679
4260 3 2 0 77 679 760 59 31
4261 3 2 0 78 58 753 757 60
4262 3 2 0 78 753 754 758 757
4263 3 2 0 78 754 755 759 758
4264 3 2 0 78 755 756 760 759
4265 3 2 0 78 756 57 59 760
4266 3 2 0 79 28 58 60 32
4267 3 2 0 80 27 31 59 57
4268 3 2 0 81 36 62 761 686
4269 3 2 0 81 686 761 762 687
4270 3 2 0 81 687 762 763 688
4271 3 2 0 81 688 763 764 689
4272 3 2 0 81 689 764 61 35
4273 3 2 0 82 60 757 2410 765
4274 3 2 0 82 757 758 2411 2410
4275 3 2 0 82 758 759 2412 2411
4276 3 2 0 82 759 760 2413 2412
4277 3 2 0 82 760 59 766 2413
4278 3 2 0 82 765 2410 761 62
4279 3 2 0 82 2410 2411 762 761
4280 3 2 0 82 2411 2412 763 762
4281 3 2 0 82 2412 2413 764 763
4282 3 2 0 82 2413 766 61 764
4283 3 2 0 83 32 60 765 693
4284 3 2 0 83 693 765 62 36
4285 3 2 0 84 31 694 766 59
4286 3 2 0 84 694 35 61 766
4287 3 2 0 85 40 64 767 700
4288 3 2 0 85 700 767 768 701
4289 3 2 0 85 701 768 769 702
4290 3 2 0 85 702 769 770 703
4291 3 2 0 85 703 770 63 39
4292 3 2 0 86 62 761 767 64
4293 3 2 0 86 761 762 768 767
4294 3 2 0 86 762 763 769 768
4295 3 2 0 86 763 764 770 769
4296 3 2 0 86 764 61 63 770
4297 3 2 0 87 36 62 64 40
4298 3 2 0 88 35 39 63 61
4299 3 2 0 89 44 66 771 710
4300 3 2 0 89 710 771 772 711
4301 3 2 0 89 711 772 773 712
4302 3 2 0 89 712 773 774 713
4303 3 2 0 89 713 774 65 43
4304 3 2 0 90 64 767 2414 775
4305 3 2 0 90 767 768 2415 2414
4306 3 2 0 90 768 769 2416 2415
4307 3 2 0 90 769 770 2417 2416
4308 3 2 0 90 770 63 777 2417
4309 3 2 0 90 775 2414 2418 776
4310 3 2 0 90 2414 2415 2419 2418
4311 3 2 0 90 2415 2416 2420 2419
4312 3 2 0 90 2416 2417 2421 2420
4313 3 2 0 90 2417 777 778 2421
4314 3 2 0 90 776 2418 771 66
4315 3 2 0 90 2418 2419 772 771
4316 3 2 0 90 2419 2420 773 772
4317 3 2 0 90 2420 2421 774 773
4318 3 2 0 90 2421 778 65 774
4319 3 2 0 91 40 64 775 719
4320 3 2 0 91 719 775 776 720
4321 3 2 0 91 720 776 66 44
4322 3 2 0 92 39 721 777 63
4323 3 2 0 92 721 722 778 777
4324 3 2 0 92 722 43 65 778
4325 3 2 0 93 46 723 779 68
4326 3 2 0 93 723 724 780 779
4327 3 2 0 93 724 725 781 780
4328 3 2 0 93 725 726 782 781
4329 3 2 0 93 726 45 67 782
4330 3 2 0 94 48 70 783 727
4331 3 2 0 94 727 783 784 728
4332 3 2 0 94 728 784 785 729
4333 3 2 0 94 729 785 786 730
4334 3 2 0 94 730 786 69 47
4335 3 2 0 95 68 779 2422 787
4336 3 2 0 95 779 780 2423 2422
4337 3 2 0 95 780 781 2424 2423
4338 3 2 0 95 781 782 2425 2424
4339 3 2 0 95 782 67 789 2425
4340 3 2 0 95 787 2422 2426 788
4341 3 2 0 95 2422 2423 2427 2426
4342 3 2 0 95 2423 2424 2428 2427
4343 3 2 0 95 2424 2425 2429 2428
4344 3 2 0 95 2425 789 790 2429
4345 3 2 0 95 788 2426 783 70
4346 3 2 0 95 2426 2427 784 783
4347 3 2 0 95 2427 2428 785 784
4348 3 2 0 95 2428 2429 786 785
4349 3 2 0 95 2429 790 69 786
4350 3 2 0 96 46 68 787 731
4351 3 2 0 96 731 787 788 732
4352 3 2 0 96 732 788 70 48
4353 3 2 0 97 45 733 789 67
4354 3 2 0 97 733 734 790 789
4355 3 2 0 97 734 47 69 790
4356 3 2 0 98 50 72 791 735
4357 3 2 0 98 735 791 792 736
4358 3 2 0 98 736 792 793 737
4359 3 2 0 98 737 793 794 738
4360 3 2 0 98 738 794 71 49
4361 3 2 0 99 70 783 791 72
4362 3 2 0 99 783 784 792 791
4363 3 2 0 99 784 785 793 792
4364 3 2 0 99 785 786 794 793
4365 3 2 0 99 786 69 71 794
4366 3 2 0 100 48 70 72 50
4367 3 2 0 101 47 49 71 69
4368 3 2 0 102 52 74 795 739
4369 3 2 0 102 739 795 796 740
4370 3 2 0 102 740 796 797 741
4371 3 2 0 102 741 797 798 742
4372 3 2 0 102 742 798 73 51
4373 3 2 0 103 72 791 2430 799
4374 3 2 0 103 791 792 2431 2430
4375 3 2 0 103 792 793 2432 2431
4376 3 2 0 103 793 794 2433 2432
4377 3 2 0 103 794 71 800 2433
4378 3 2 0 103 799 2430 795 74
4379 3 2 0 103 2430 2431 796 795
4380 3 2 0 103 2431 2432 797 796
4381 3 2 0 103 2432 2433 798 797
4382 3 2 0 103 2433 800 73 798
4383 3 2 0 104 50 72 799 743
4384 3 2 0 104 743 799 74 52
4385 3 2 0 105 49 744 800 71
4386 3 2 0 105 744 51 73 800
4387 3 2 0 106 54 76 801 745
4388 3 2 0 106 745 801 802 746
4389 3 2 0 106 746 802 803 747
4390 3 2 0 106 747 803 804 748
4391 3 2 0 106 748 804 75 53
4392 3 2 0 107 74 795 801 76
4393 3 2 0 107 795 796 802 801
4394 3 2 0 107 796 797 803 802
4395 3 2 0 107 797 798 804 803
4396 3 2 0 107 798 73 75 804
4397 3 2 0 108 52 74 76 54
4398 3 2 0 109 51 53 75 73
4399 3 2 0 110 56 78 805 749
4400 3 2 0 110 749 805 806 750
4401 3 2 0 110 750 806 807 751
4402 3 2 0 110 751 807 808 752
4403 3 2 0 110 752 808 77 55
4404 3 2 0 111 76 801 805 78
4405 3 2 0 111 801 802 806 805
4406 3 2 0 111 802 803 807 806
4407 3 2 0 111 803 804 808 807
4408 3 2 0 111 804 75 77 808
4409 3 2 0 112 54 76 78 56
4410 3 2 0 113 53 55 77 75
4411 3 2 0 114 58 80 809 753
4412 3 2 0 114 753 809 810 754
4413 3 2 0 114 754 810 811 755
4414 3 2 0 114 755 811 812 756
4415 3 2 0 114 756 812 79 57
4416 3 2 0 115 78 805 809 80
4417 3 2 0 115 805 806 810 809
4418 3 2 0 115 806 807 811 810
4419 3 2 0 115 807 808 812 811
4420 3 2 0 115 808 77 79 812
4421 3 2 0 116 56 78 80 58
4422 3 2 0 117 55 57 79 77
4423 3 2 0 118 60 82 813 757
4424 3 2 0 118 757 813 814 758
4425 3 2 0 118 758 814 815 759
4426 3 2 0 118 759 815 816 760
4427 3 2 0 118 760 816 81 59
4428 3 2 0 119 80 809 813 82
4429 3 2 0 119 809 810 814 813
4430 3 2 0 119 810 811 815 814
4431 3 2 0 119 811 812 816 815
4432 3 2 0 119 812 79 81 816
4433 3 2 0 120 58 80 82 60
4434 3 2 0 121 57 59 81 79
4435 3 2 0 122 62 84 817 761
4436 3 2 0 122 761 817 818 762
4437 3 2 0 122 762 818 819 763
4438 3 2 0 122 763 819 820 764
4439 3 2 0 122 764 820 83 61
4440 3 2 0 123 82 813 2434 821
4441 3 2 0 123 813 814 2435 2434
4442 3 2 0 123 814 815 2436 2435
4443 3 2 0 123 815 816 2437 2436
4444 3 2 0 123 816 81 822 2437
4445 3 2 0 123 821 2434 817 84
4446 3 2 0 123 2434 2435 818 817
4447 3 2 0 123 2435 2436 819 818
4448 3 2 0 123 2436 2437 820 819
4449 3 2 0 123 2437 822 83 820
4450 3 2 0 124 60 82 821 765
4451 3 2 0 124 765 821 84 62
4452 3 2 0 125 59 766 822 81
4453 3 2 0 125 766 61 83 822
4454 3 2 0 126 64 86 823 767
4455 3 2 0 126 767 823 824 768
4456 3 2 0 126 768 824 825 769
4457 3 2 0 126 769 825 826 770
4458 3 2 0 126 770 826 85 63
4459 3 2 0 127 84 817 823 86
4460 3 2 0 127 817 818 824 823
4461 3 2 0 127 818 819 825 824
4462 3 2 0 127 819 820 826 825
4463 3 2 0 127 820 83 85 826
4464 3 2 0 128 62 84 86 64
4465 3 2 0 129 61 63 85 83
4466 3 2 0 130 66 88 827 771
4467 3 2 0 130 771 827 828 772
4468 3 2 0 130 772 828 829 773
4469 3 2 0 130 773 829 830 774
4470 3 2 0 130 774 830 87 65
4471 3 2 0 131 86 823 2438 831
4472 3 2 0 131 823 824 2439 2438
4473 3 2 0 131 824 825 2440 2439
4474 3 2 0 131 825 826 2441 2440
4475 3 2 0 131 826 85 833 2441
4476 3 2 0 131 831 2438 2442 832
4477 3 2 0 131 2438 2439 2443 2442
4478 3 2 0 131 2439 2440 2444 2443
4479 3 2 0 131 2440 2441 2445 2444
4480 3 2 0 131 2441 833 834 2445
4481 3 2 0 131 832 2442 827 88
4482 3 2 0 131 2442 2443 828 827
4483 3 2 0 131 2443 2444 829 828
4484 3 2 0 131 2444 2445 830 829
4485 3 2 0 131 2445 834 87 830
4486 3 2 0 132 64 86 831 775
4487 3 2 0 132 775 831 832 776
4488 3 2 0 132 776 832 88 66
4489 3 2 0 133 63 777 833 85
4490 3 2 0 133 777 778 834 833
4491 3 2 0 133 778 65 87 834
4492 3 2 0 134 68 779 835 90
4493 3 2 0 134 779 780 836 835
4494 3 2 0 134 780 781 837 836
4495 3 2 0 134 781 782 838 837
4496 3 2 0 134 782 67 89 838
4497 3 2 0 135 70 92 839 783
4498 3 2 0 135 783 839 840 784
4499 3 2 0 135 784 840 841 785
4500 3 2 0 135 785 841 842 786
4501 3 2 0 135 786 842 91 69
4502 3 2 0 136 90 835 2446 843
4503 3 2 0 136 835 836 2447 2446
4504 3 2 0 136 836 837 2448 2447
4505 3 2 0 136 837 838 2449 2448
4506 3 2 0 136 838 89 845 2449
4507 3 2 0 136 843 2446 2450 844
4508 3 2 0 136 2446 2447 2451 2450
4509 3 2 0 136 2447 2448 2452 2451
4510 3 2 0 136 2448 2449 2453 2452
4511 3 2 0 136 2449 845 846 2453
4512 3 2 0 136 844 2450 839 92
4513 3 2 0 136 2450 2451 840 839
4514 3 2 0 136 2451 2452 841 840
4515 3 2 0 136 2452 2453 842 841
4516 3 2 0 136 2453 846 91 842
4517 3 2 0 137 68 90 843 787
4518 3 2 0 137 787 843 844 788
4519 3 2 0 137 788 844 92 70
4520 3 2 0 138 67 789 845 89
4521 3 2 0 138 789 790 846 845
4522 3 2 0 138 790 69 91 846
4523 3 2 0 139 72 94 847 791
4524 3 2 0 139 791 847 848 792
4525 3 2 0 139 792 848 849 793
4526 3 2 0 139 793 849 850 794
4527 3 2 0 139 794 850 93 71
4528 3 2 0 140 92 839 847 94
4529 3 2 0 140 839 840 848 847
4530 3 2 0 140 840 841 849 848
4531 3 2 0 140 841 842 850 849
4532 3 2 0 140 842 91 93 850
4533 3 2 0 141 70 92 94 72
4534 3 2 0 142 69 71 93 91
4535 3 2 0 143 74 96 851 795
4536 3 2 0 143 795 851 852 796
4537 3 2 0 143 796 852 853 797
4538 3 2 0 143 797 853 854 798
4539 3 2 0 143 798 854 95 73
4540 3 2 0 144 94 847 2454 855
4541 3 2 0 144 847 848 2455 2454
4542 3 2 0 144 848 849 2456 2455
4543 3 2 0 144 849 850 2457 2456
4544 3 2 0 144 850 93 856 2457
4545 3 2 0 144 855 2454 851 96
4546 3 2 0 144 2454 2455 852 851
4547 3 2 0 144 2455 2456 853 852
4548 3 2 0 144 2456 2457 854 853
4549 3 2 0 144 2457 856 95 854
4550 3 2 0 145 72 94 855 799
4551 3 2 0 145 799 855 96 74
4552 3 2 0 146 71 800 856 93
4553 3 2 0 146 800 73 95 856
4554 3 2 0 147 76 98 857 801
4555 3 2 0 147 801 857 858 802
4556 3 2 0 147 802 858 859 803
4557 3 2 0 147 803 859 860 804
4558 3 2 0 147 804 860 97 75
4559 3 2 0 148 96 851 857 98
4560 3 2 0 148 851 852 858 857
4561 3 2 0 148 852 853 859 858
4562 3 2 0 148 853 854 860 859
4563 3 2 0 148 854 95 97 860
4564 3 2 0 149 74 96 98 76
4565 3 2 0 150 73 75 97 95
4566 3 2 0 151 78 100 861 805
4567 3 2 0 151 805 861 862 806
4568 3 2 0 151 806 862 863 807
4569 3 2 0 151 807 863 864 808
4570 3 2 0 151 808 864 99 77
4571 3 2 0 152 98 857 861 100
4572 3 2 0 152 857 858 862 861
4573 3 2 0 152 858 859 863 862
4574 3 2 0 152 859 860 864 863
4575 3 2 0 152 860 97 99 864
4576 3 2 0 153 76 98 100 78
4577 3 2 0 154 75 77 99 97
4578 3 2 0 155 80 102 865 809
4579 3 2 0 155 809 865 866 810
4580 3 2 0 155 810 866 867 811
4581 3 2 0 155 811 867 868 812
4582 3 2 0 155 812 868 101 79
4583 3 2 0 156 100 861 865 102
4584 3 2 0 156 861 862 866 865
4585 3 2 0 156 862 863 867 866
4586 3 2 0 156 863 864 868 867
4587 3 2 0 156 864 99 101 868
4588 3 2 0 157 78 100 102 80
4589 3 2 0 158 77 79 101 99
4590 3 2 0 159 82 104 869 813
4591 3 2 0 159 813 869 870 814
4592 3 2 0 159 814 870 871 815
4593 3 2 0 159 815 871 872 816
4594 3 2 0 159 816 872 103 81
4595 3 2 0 160 102 865 869 104
4596 3 2 0 160 865 866 870 869
4597 3 2 0 160 866 867 871 870
4598 3 2 0 160 867 868 872 871
4599 3 2 0 160 868 101 103 872
4600 3 2 0 161 80 102 104 82
4601 3 2 0 162 79 81 103 101
4602 3 2 0 163 84 106 873 817
4603 3 2 0 163 817 873 874 818
4604 3 2 0 163 818 874 875 819
4605 3 2 0 163 819 875 876 820
4606 3 2 0 163 820 876 105 83
4607 3 2 0 164 104 869 2458 877
4608 3 2 0 164 869 870 2459 2458
4609 3 2 0 164 870 871 2460 2459
4610 3 2 0 164 871 872 2461 2460
4611 3 2 0 164 872 103 878 2461
4612 3 2 0 164 877 2458 873 106
4613 3 2 0 164 2458 2459 874 873
4614 3 2 0 164 2459 2460 875 874
4615 3 2 0 164 2460 2461 876 875
4616 3 2 0 164 2461 878 105 876
4617 3 2 0 165 82 104 877 821
4618 3 2 0 165 821 877 106 84
4619 3 2 0 166 81 822 878 103
4620 3 2 0 166 822 83 105 878
4621 3 2 0 167 86 108 879 823
4622 3 2 0 167 823 879 880 824
4623 3 2 0 167 824 880 881 825
4624 3 2 0 167 825 881 882 826
4625 3 2 0 167 826 882 107 85
4626 3 2 0 168 106 873 879 108
4627 3 2 0 168 873 874 880 879
4628 3 2 0 168 874 875 881 880
4629 3 2 0 168 875 876 882 881
4630 3 2 0 168 876 105 107 882
4631 3 2 0 169 84 106 108 86
4632 3 2 0 170 83 85 107 105
4633 3 2 0 171 88 110 883 827
4634 3 2 0 171 827 883 884 828
4635 3 2 0 171 828 884 885 829
4636 3 2 0 171 829 885 886 830
4637 3 2 0 171 830 886 109 87
4638 3 2 0 172 108 879 2462 887
4639 3 2 0 172 879 880 2463 2462
4640 3 2 0 172 880 881 2464 2463
4641 3 2 0 172 881 882 2465 2464
4642 3 2 0 172 882 107 889 2465
4643 3 2 0 172 887 2462 2466 888
4644 3 2 0 172 2462 2463 2467 2466
4645 3 2 0 172 2463 2464 2468 2467
4646 3 2 0 172 2464 2465 2469 2468
4647 3 2 0 172 2465 889 890 2469
4648 3 2 0 172 888 2466 883 110
4649 3 2 0 172 2466 2467 884 883
4650 3 2 0 172 2467 2468 885 884
4651 3 2 0 172 2468 2469 886 885
4652 3 2 0 172 2469 890 109 886
4653 3 2 0 173 86 108 887 831
4654 3 2 0 173 831 887 888 832
4655 3 2 0 173 832 888 110 88
4656 3 2 0 174 85 833 889 107
4657 3 2 0 174 833 834 890 889
4658 3 2 0 174 834 87 109 890
4659 3 2 0 175 90 835 891 112
4660 3 2 0 175 835 836 892 891
4661 3 2 0 175 836 837 893 892
4662 3 2 0 175 837 838 894 893
4663 3 2 0 175 838 89 111 894
4664 3 2 0 176 92 114 895 839
4665 3 2 0 176 839 895 896 840
4666 3 2 0 176 840 896 897 841
4667 3 2 0 176 841 897 898 842
4668 3 2 0 176 842 898 113 91
4669 3 2 0 177 112 891 2470 899
4670 3 2 0 177 891 892 2471 2470
4671 3 2 0 177 892 893 2472 2471
4672 3 2 0 177 893 894 2473 2472
4673 3 2 0 177 894 111 901 2473
4674 3 2 0 177 899 2470 2474 900
4675 3 2 0 177 2470 2471 2475 2474
4676 3 2 0 177 2471 2472 2476 2475
4677 3 2 0 177 2472 2473 2477 2476
4678 3 2 0 177 2473 901 902 2477
4679 3 2 0 177 900 2474 895 114
4680 3 2 0 177 2474 2475 896 895
4681 3 2 0 177 2475 2476 897 896
4682 3 2 0 177 2476 2477 898 897
4683 3 2 0 177 2477 902 113 898
4684 3 2 0 178 90 112 899 843
4685 3 2 0 178 843 899 900 844
4686 3 2 0 178 844 900 114 92
4687 3 2 0 179 89 845 901 111
4688 3 2 0 179 845 846 902 901
4689 3 2 0 179 846 91 113 902
4690 3 2 0 180 94 116 903 847
4691 3 2 0 180 847 903 904 848
4692 3 2 0 180 848 904 905 849
4693 3 2 0 180 849 905 906 850
4694 3 2 0 180 850 906 115 93
4695 3 2 0 181 114 895 903 116
4696 3 2 0 181 895 896 904 903
4697 3 2 0 181 896 897 905 904
4698 3 2 0 181 897 898 906 905
4699 3 2 0 181 898 113 115 906
4700 3 2 0 182 92 114 116 94
4701 3 2 0 183 91 93 115 113
4702 3 2 0 184 96 118 907 851
4703 3 2 0 184 851 907 908 852
4704 3 2 0 184 852 908 909 853
4705 3 2 0 184 853 909 910 854
4706 3 2 0 184 854 910 117 95
4707 3 2 0 185 116 903 2478 911
4708 3 2 0 185 903 904 2479 2478
4709 3 2 0 185 904 905 2480 2479
4710 3 2 0 185 905 906 2481 2480
4711 3 2 0 185 906 115 912 2481
4712 3 2 0 185 911 2478 907 118
4713 3 2 0 185 2478 2479 908 907
4714 3 2 0 185 2479 2480 909 908
4715 3 2 0 185 2480 2481 910 909
4716 3 2 0 185 2481 912 117 910
4717 3 2 0 186 94 116 911 855
4718 3 2 0 186 855 911 118 96
4719 3 2 0 187 93 856 912 115
4720 3 2 0 187 856 95 117 912
4721 3 2 0 188 98 120 913 857
4722 3 2 0 188 857 913 914 858
4723 3 2 0 188 858 914 915 859
4724 3 2 0 188 859 915 916 860
4725 3 2 0 188 860 916 119 97
4726 3 2 0 189 118 907 913 120
4727 3 2 0 189 907 908 914 913
4728 3 2 0 189 908 909 915 914
4729 3 2 0 189 909 910 916 915
4730 3 2 0 189 910 117 119 916
4731 3 2 0 190 96 118 120 98
4732 3 2 0 191 95 97 119 117
4733 3 2 0 192 100 122 917 861
4734 3 2 0 192 861 917 918 862
4735 3 2 0 192 862 918 919 863
4736 3 2 0 192 863 919 920 864
4737 3 2 0 192 864 920 121 99
4738 3 2 0 193 120 913 917 122
4739 3 2 0 193 913 914 918 917
4740 3 2 0 193 914 915 919 918
4741 3 2 0 193 915 916 920 919
4742 3 2 0 193 916 119 121 920
4743 3 2 0 194 98 120 122 100
4744 3 2 0 195 97 99 121 119
4745 3 2 0 196 102 124 921 865
4746 3 2 0 196 865 921 922 866
4747 3 2 0 196 866 922 923 867
4748 3 2 0 196 867 923 924 868
4749 3 2 0 196 868 924 123 101
4750 3 2 0 197 122 917 921 124
4751 3 2 0 197 917 918 922 921
4752 3 2 0 197 918 919 923 922
4753 3 2 0 197 919 920 924 923
4754 3 2 0 197 920 121 123 924
4755 3 2 0 198 100 122 124 102
4756 3 2 0 199 99 101 123 121
4757 3 2 0 200 104 126 925 869
4758 3 2 0 200 869 925 926 870
4759 3 2 0 200 870 926 927 871
4760 3 2 0 200 871 927 928 872
4761 3 2 0 200 872 928 125 103
4762 3 2 0 201 124 921 925 126
4763 3 2 0 201 921 922 926 925
4764 3 2 0 201 922 923 927 926
4765 3 2 0 201 923 924 928 927
4766 3 2 0 201 924 123 125 928
4767 3 2 0 202 102 124 126 104
4768 3 2 0 203 101 103 125 123
4769 3 2 0 204 106 128 929 873
4770 3 2 0 204 873 929 930 874
4771 3 2 0 204 874 930 931 875
4772 3 2 0 204 875 931 932 876
4773 3 2 0 204 876 932 127 105
4774 3 2 0 205 126 925 2482 933
4775 3 2 0 205 925 926 2483 2482
4776 3 2 0 205 926 927 2484 2483
4777 3 2 0 205 927 928 2485 2484
4778 3 2 0 205 928 125 934 2485
4779 3 2 0 205 933 2482 929 128
4780 3 2 0 205 2482 2483 930 929
4781 3 2 0 205 2483 2484 931 930
4782 3 2 0 205 2484 2485 932 931
4783 3 2 0 205 2485 934 127 932
4784 3 2 0 206 104 126 933 877
4785 3 2 0 206 877 933 128 106
4786 3 2 0 207 103 878 934 125
4787 3 2 0 207 878 105 127 934
4788 3 2 0 208 108 130 935 879
4789 3 2 0 208 879 935 936 880
4790 3 2 0 208 880 936 937 881
4791 3 2 0 208 881 937 938 882
4792 3 2 0 208 882 938 129 107
4793 3 2 0 209 128 929 935 130
4794 3 2 0 209 929 930 936 935
4795 3 2 0 209 930 931 937 936
4796 3 2 0 209 931 932 938 937
4797 3 2 0 209 932 127 129 938
4798 3 2 0 210 106 128 130 108
4799 3 2 0 211 105 107 129 127
4800 3 2 0 212 110 132 939 883
4801 3 2 0 212 883 939 940 884
4802 3 2 0 212 884 940 941 885
4803 3 2 0 212 885 941 942 886
4804 3 2 0 212 886 942 131 109
4805 3 2 0 213 130 935 2486 943
4806 3 2 0 213 935 936 2487 2486
4807 3 2 0 213 936 937 2488 2487
4808 3 2 0 213 937 938 2489 2488
4809 3 2 0 213 938 129 945 2489
4810 3 2 0 213 943 2486 2490 944
4811 3 2 0 213 2486 2487 2491 2490
4812 3 2 0 213 2487 2488 2492 2491
4813 3 2 0 213 2488 2489 2493 2492
4814 3 2 0 213 2489 945 946 2493
4815 3 2 0 213 944 2490 939 132
4816 3 2 0 213 2490 2491 940 939
4817 3 2 0 213 2491 2492 941 940
4818 3 2 0 213 2492 2493 942 941
4819 3 2 0 213 2493 946 131 942
4820 3 2 0 214 108 130 943 887
4821 3 2 0 214 887 943 944 888
4822 3 2 0 214 888 944 132 110
4823 3 2 0 215 107 889 945 129
4824 3 2 0 215 889 890 946 945
4825 3 2 0 215 890 109 131 946
4826 3 2 0 216 112 891 2494 952
4827 3 2 0 216 952 2494 948 134
4828 3 2 0 216 891 892 2495 2494
4829 3 2 0 216 2494 2495 949 948
4830 3 2 0 216 892 893 2496 2495
4831 3 2 0 216 2495 2496 950 949
4832 3 2 0 216 893 894 2497 2496
4833 3 2 0 216 2496 2497 951 950
4834 3 2 0 216 894 111 947 2497
4835 3 2 0 216 2497 947 133 951
4836 3 2 0 217 114 958 2498 895
4837 3 2 0 217 958 136 954 2498
4838 3 2 0 217 895 2498 2499 896
4839 3 2 0 217 2498 954 955 2499
4840 3 2 0 217 896 2499 2500 897
4841 3 2 0 217 2499 955 956 2500
4842 3 2 0 217 897 2500 2501 898
4843 3 2 0 217 2500 956 957 2501
4844 3 2 0 217 898 2501 953 113
4845 3 2 0 217 2501 957 135 953
4846 3 2 0 218 134 948 2502 959
4847 3 2 0 218 948 949 2503 2502
4848 3 2 0 218 949 950 2504 2503
4849 3 2 0 218 950 951 2505 2504
4850 3 2 0 218 951 133 961 2505
4851 3 2 0 218 959 2502 2506 960
4852 3 2 0 218 2502 2503 2507 2506
4853 3 2 0 218 2503 2504 2508 2507
4854 3 2 0 218 2504 2505 2509 2508
4855 3 2 0 218 2505 961 962 2509
4856 3 2 0 218 960 2506 954 136
4857 3 2 0 218 2506 2507 955 954
4858 3 2 0 218 2507 2508 956 955
4859 3 2 0 218 2508 2509 957 956
4860 3 2 0 218 2509 962 135 957
4861 3 2 0 219 112 952 2510 899
4862 3 2 0 219 899 2510 2511 900
4863 3 2 0 219 900 2511 958 114
4864 3 2 0 219 952 134 959 2510
4865 3 2 0 219 2510 959 960 2511
4866 3 2 0 219 2511 960 136 958
4867 3 2 0 220 111 901 2512 947
4868 3 2 0 220 901 902 2513 2512
4869 3 2 0 220 902 113 953 2513
4870 3 2 0 220 947 2512 961 133
4871 3 2 0 220 2512 2513 962 961
4872 3 2 0 220 2513 953 135 962
4873 3 2 0 221 116 968 2514 903
4874 3 2 0 221 968 138 964 2514
4875 3 2 0 221 903 2514 2515 904
4876 3 2 0 221 2514 964 965 2515
4877 3 2 0 221 904 2515 2516 905
4878 3 2 0 221 2515 965 966 2516
4879 3 2 0 221 905 2516 2517 906
4880 3 2 0 221 2516 966 967 2517
4881 3 2 0 221 906 2517 963 115
4882 3 2 0 221 2517 967 137 963
4883 3 2 0 222 136 954 964 138
4884 3 2 0 222 954 955 965 964
4885 3 2 0 222 955 956 966 965
4886 3 2 0 222 956 957 967 966
4887 3 2 0 222 957 135 137 967
4888 3 2 0 223 114 958 968 116
4889 3 2 0 223 958 136 138 968
4890 3 2 0 224 113 115 963 953
4891 3 2 0 224 953 963 137 135
4892 3 2 0 225 118 974 2518 907
4893 3 2 0 225 974 140 970 2518
4894 3 2 0 225 907 2518 2519 908
4895 3 2 0 225 2518 970 971 2519
4896 3 2 0 225 908 2519 2520 909
4897 3 2 0 225 2519 971 972 2520
4898 3 2 0 225 909 2520 2521 910
4899 3 2 0 225 2520 972 973 2521
4900 3 2 0 225 910 2521 969 117
4901 3 2 0 225 2521 973 139 969
4902 3 2 0 226 138 964 2522 975
4903 3 2 0 226 964 965 2523 2522
4904 3 2 0 226 965 966 2524 2523
4905 3 2 0 226 966 967 2525 2524
4906 3 2 0 226 967 137 976 2525
4907 3 2 0 226 975 2522 970 140
4908 3 2 0 226 2522 2523 971 970
4909 3 2 0 226 2523 2524 972 971
4910 3 2 0 226 2524 2525 973 972
4911 3 2 0 226 2525 976 139 973
4912 3 2 0 227 116 968 2526 911
4913 3 2 0 227 911 2526 974 118
4914 3 2 0 227 968 138 975 2526
4915 3 2 0 227 2526 975 140 974
4916 3 2 0 228 115 912 2527 963
4917 3 2 0 228 912 117 969 2527
4918 3 2 0 228 963 2527 976 137
4919 3 2 0 228 2527 969 139 976
4920 3 2 0 229 120 982 2528 913
4921 3 2 0 229 982 142 978 2528
4922 3 2 0 229 913 2528 2529 914
4923 3 2 0 229 2528 978 979 2529
4924 3 2 0 229 914 2529 2530 915
4925 3 2 0 229 2529 979 980 2530
4926 3 2 0 229 915 2530 2531 916
4927 3 2 0 229 2530 980 981 2531
4928 3 2 0 229 916 2531 977 119
4929 3 2 0 229 2531 981 141 977
4930 3 2 0 230 140 970 978 142
4931 3 2 0 230 970 971 979 978
4932 3 2 0 230 971 972 980 979
4933 3 2 0 230 972 973 981 980
4934 3 2 0 230 973 139 141 981
4935 3 2 0 231 118 974 982 120
4936 3 2 0 231 974 140 142 982
4937 3 2 0 232 117 119 977 969
4938 3 2 0 232 969 977 141 139
4939 3 2 0 233 122 988 2532 917
4940 3 2 0 233 988 144 984 2532
4941 3 2 0 233 917 2532 2533 918
4942 3 2 0 233 2532 984 985 2533
4943 3 2 0 233 918 2533 2534 919
4944 3 2 0 233 2533 985 986 2534
4945 3 2 0 233 919 2534 2535 920
4946 3 2 0 233 2534 986 987 2535
4947 3 2 0 233 920 2535 983 121
4948 3 2 0 233 2535 987 143 983
4949 3 2 0 234 142 978 984 144
4950 3 2 0 234 978 979 985 984
4951 3 2 0 234 979 980 986 985
4952 3 2 0 234 980 981 987 986
4953 3 2 0 234 981 141 143 987
4954 3 2 0 235 120 982 988 122
4955 3 2 0 235 982 142 144 988
4956 3 2 0 236 119 121 983 977
4957 3 2 0 236 977 983 143 141
4958 3 2 0 237 124 994 2536 921
4959 3 2 0 237 994 146 990 2536
4960 3 2 0 237 921 2536 2537 922
4961 3 2 0 237 2536 990 991 2537
4962 3 2 0 237 922 2537 2538 923
4963 3 2 0 237 2537 991 992 2538
4964 3 2 0 237 923 2538 2539 924
4965 3 2 0 237 2538 992 993 2539
4966 3 2 0 237 924 2539 989 123
4967 3 2 0 237 2539 993 145 989
4968 3 2 0 238 144 984 990 146
4969 3 2 0 238 984 985 991 990
4970 3 2 0 238 985 986 992 991
4971 3 2 0 238 986 987 993 992
4972 3 2 0 238 987 143 145 993
4973 3 2 0 239 122 988 994 124
4974 3 2 0 239 988 144 146 994
4975 3 2 0 240 121 123 989 983
4976 3 2 0 240 983 989 145 143
4977 3 2 0 241 126 1000 2540 925
4978 3 2 0 241 1000 148 996 2540
4979 3 2 0 241 925 2540 2541 926
4980 3 2 0 241 2540 996 997 2541
4981 3 2 0 241 926 2541 2542 927
4982 3 2 0 241 2541 997 998 2542
4983 3 2 0 241 927 2542 2543 928
4984 3 2 0 241 2542 998 999 2543
4985 3 2 0 241 928 2543 995 125
4986 3 2 0 241 2543 999 147 995
4987 3 2 0 242 146 990 996 148
4988 3 2 0 242 990 991 997 996
4989 3 2 0 242 991 992 998 997
4990 3 2 0 242 992 993 999 998
4991 3 2 0 242 993 145 147 999
4992 3 2 0 243 124 994 1000 126
4993 3 2 0 243 994 146 148 1000
4994 3 2 0 244 123 125 995 989
4995 3 2 0 244 989 995 147 145
4996 3 2 0 245 128 1006 2544 929
4997 3 2 0 245 1006 150 1002 2544
4998 3 2 0 245 929 2544 2545 930
4999 3 2 0 245 2544 1002 1003 2545
5000 3 2 0 245 930 2545 2546 931
5001 3 2 0 245 2545 1003 1004 2546
5002 3 2 0 245 931 2546 2547 932
5003 3 2 0 245 2546 1004 1005 2547
5004 3 2 0 245 932 2547 1001 127
5005 3 2 0 245 2547 1005 149 1001
5006 3 2 0 246 148 996 2548 1007
5007 3 2 0 246 996 997 2549 2548
5008 3 2 0 246 997 998 2550 2549
5009 3 2 0 246 998 999 2551 2550
5010 3 2 0 246 999 147 1008 2551
5011 3 2 0 246 1007 2548 1002 150
5012 3 2 0 246 2548 2549 1003 1002
5013 3 2 0 246 2549 2550 1004 1003
5014 3 2 0 246 2550 2551 1005 1004
5015 3 2 0 246 2551 1008 149 1005
5016 3 2 0 247 126 1000 2552 933
5017 3 2 0 247 933 2552 1006 128
5018 3 2 0 247 1000 148 1007 2552
5019 3 2 0 247 2552 1007 150 1006
5020 3 2 0 248 125 934 2553 995
5021 3 2 0 248 934 127 1001 2553
5022 3 2 0 248 995 2553 1008 147
5023 3 2 0 248 2553 1001 149 1008
5024 3 2 0 249 130 1014 2554 935
5025 3 2 0 249 1014 152 1010 2554
5026 3 2 0 249 935 2554 2555 936
5027 3 2 0 249 2554 1010 1011 2555
5028 3 2 0 249 936 2555 2556 937
5029 3 2 0 249 2555 1011 1012 2556
5030 3 2 0 249 937 2556 2557 938
5031 3 2 0 249 2556 1012 1013 2557
5032 3 2 0 249 938 2557 1009 129
5033 3 2 0 249 2557 1013 151 1009
5034 3 2 0 250 150 1002 1010 152
5035 3 2 0 250 1002 1003 1011 1010
5036 3 2 0 250 1003 1004 1012 1011
5037 3 2 0 250 1004 1005 1013 1012
5038 3 2 0 250 1005 149 151 1013
5039 3 2 0 251 128 1006 1014 130
5040 3 2 0 251 1006 150 152 1014
5041 3 2 0 252 127 129 1009 1001
5042 3 2 0 252 1001 1009 151 149
5043 3 2 0 253 132 1020 2558 939
5044 3 2 0 253 1020 154 1016 2558
5045 3 2 0 253 939 2558 2559 940
5046 3 2 0 253 2558 1016 1017 2559
5047 3 2 0 253 940 2559 2560 941
5048 3 2 0 253 2559 1017 1018 2560
5049 3 2 0 253 941 2560 2561 942
5050 3 2 0 253 2560 1018 1019 2561
5051 3 2 0 253 942 2561 1015 131
5052 3 2 0 253 2561 1019 153 1015
5053 3 2 0 254 152 1010 2562 1021
5054 3 2 0 254 1010 1011 2563 2562
5055 3 2 0 254 1011 1012 2564 2563
5056 3 2 0 254 1012 1013 2565 2564
5057 3 2 0 254 1013 151 1023 2565
5058 3 2 0 254 1021 2562 2566 1022
5059 3 2 0 254 2562 2563 2567 2566
5060 3 2 0 254 2563 2564 2568 2567
5061 3 2 0 254 2564 2565 2569 2568
5062 3 2 0 254 2565 1023 1024 2569
5063 3 2 0 254 1022 2566 1016 154
5064 3 2 0 254 2566 2567 1017 1016
5065 3 2 0 254 2567 2568 1018 1017
5066 3 2 0 254 2568 2569 1019 1018
5067 3 2 0 254 2569 1024 153 1019
5068 3 2 0 255 130 1014 2570 943
5069 3 2 0 255 943 2570 2571 944
5070 3 2 0 255 944 2571 1020 132
5071 3 2 0 255 1014 152 1021 2570
5072 3 2 0 255 2570 1021 1022 2571
5073 3 2 0 255 2571 1022 154 1020
5074 3 2 0 256 129 945 2572 1009
5075 3 2 0 256 945 946 2573 2572
5076 3 2 0 256 946 131 1015 2573
5077 3 2 0 256 1009 2572 1023 151
5078 3 2 0 256 2572 2573 1024 1023
5079 3 2 0 256 2573 1015 153 1024
5080 3 2 0 257 155 1025 2574 1031
5081 3 2 0 257 1031 2574 1028 156
5082 3 2 0 257 1025 1026 2575 2574
5083 3 2 0 257 2574 2575 1029 1028
5084 3 2 0 257 1026 1027 2576 2575
5085 3 2 0 257 2575 2576 1030 1029
5086 3 2 0 257 1027 1 598 2576
5087 3 2 0 257 2576 598 4 1030
5088 3 2 0 258 157 1038 2577 1032
5089 3 2 0 258 1038 158 1035 2577
5090 3 2 0 258 1032 2577 2578 1033
5091 3 2 0 258 2577 1035 1036 2578
5092 3 2 0 258 1033 2578 2579 1034
5093 3 2 0 258 2578 1036 1037 2579
5094 3 2 0 258 1034 2579 608 5
5095 3 2 0 258 2579 1037 8 608
5096 3 2 0 259 155 1039 2580 1025
5097 3 2 0 259 1025 2580 2581 1026
5098 3 2 0 259 1026 2581 2582 1027
5099 3 2 0 259 1027 2582 609 1
5100 3 2 0 259 1039 1040 2583 2580
5101 3 2 0 259 2580 2583 2584 2581
5102 3 2 0 259 2581 2584 2585 2582
5103 3 2 0 259 2582 2585 610 609
5104 3 2 0 259 1040 157 1032 2583
5105 3 2 0 259 2583 1032 1033 2584
5106 3 2 0 259 2584 1033 1034 2585
5107 3 2 0 259 2585 1034 5 610
5108 3 2 0 260 156 1028 2586 1041
5109 3 2 0 260 1028 1029 2587 2586
5110 3 2 0 260 1029 1030 2588 2587
5111 3 2 0 260 1030 4 613 2588
5112 3 2 0 260 1041 2586 2589 1042
5113 3 2 0 260 2586 2587 2590 2589
5114 3 2 0 260 2587 2588 2591 2590
5115 3 2 0 260 2588 613 614 2591
5116 3 2 0 260 1042 2589 1035 158
5117 3 2 0 260 2589 2590 1036 1035
5118 3 2 0 260 2590 2591 1037 1036
5119 3 2 0 260 2591 614 8 1037
5120 3 2 0 261 155 1031 2592 1039
5121 3 2 0 261 1039 2592 2593 1040
5122 3 2 0 261 1040 2593 1038 157
5123 3 2 0 261 1031 156 1041 2592
5124 3 2 0 261 2592 1041 1042 2593
5125 3 2 0 261 2593 1042 158 1038
5126 3 2 0 262 159 1049 2594 1043
5127 3 2 0 262 1049 160 1046 2594
5128 3 2 0 262 1043 2594 2595 1044
5129 3 2 0 262 2594 1046 1047 2595
5130 3 2 0 262 1044 2595 2596 1045
5131 3 2 0 262 2595 1047 1048 2596
5132 3 2 0 262 1045 2596 626 9
5133 3 2 0 262 2596 1048 12 626
5134 3 2 0 263 157 159 1043 1032
5135 3 2 0 263 1032 1043 1044 1033
5136 3 2 0 263 1033 1044 1045 1034
5137 3 2 0 263 1034 1045 9 5
5138 3 2 0 264 158 1035 1046 160
5139 3 2 0 264 1035 1036 1047 1046
5140 3 2 0 264 1036 1037 1048 1047
5141 3 2 0 264 1037 8 12 1048
5142 3 2 0 265 157 1038 1049 159
5143 3 2 0 265 1038 158 160 1049
5144 3 2 0 266 161 1056 2597 1050
5145 3 2 0 266 1056 162 1053 2597
5146 3 2 0 266 1050 2597 2598 1051
5147 3 2 0 266 2597 1053 1054 2598
5148 3 2 0 266 1051 2598 2599 1052
5149 3 2 0 266 2598 1054 1055 2599
5150 3 2 0 266 1052 2599 636 13
5151 3 2 0 266 2599 1055 16 636
5152 3 2 0 267 159 1057 2600 1043
5153 3 2 0 267 1043 2600 2601 1044
5154 3 2 0 267 1044 2601 2602 1045
5155 3 2 0 267 1045 2602 637 9
5156 3 2 0 267 1057 161 1050 2600
5157 3 2 0 267 2600 1050 1051 2601
5158 3 2 0 267 2601 1051 1052 2602
5159 3 2 0 267 2602 1052 13 637
5160 3 2 0 268 160 1046 2603 1058
5161 3 2 0 268 1046 1047 2604 2603
5162 3 2 0 268 1047 1048 2605 2604
5163 3 2 0 268 1048 12 639 2605
5164 3 2 0 268 1058 2603 1053 162
5165 3 2 0 268 2603 2604 1054 1053
5166 3 2 0 268 2604 2605 1055 1054
5167 3 2 0 268 2605 639 16 1055
5168 3 2 0 269 159 1049 2606 1057
5169 3 2 0 269 1057 2606 1056 161
5170 3 2 0 269 1049 160 1058 2606
5171 3 2 0 269 2606 1058 162 1056
5172 3 2 0 270 163 1065 2607 1059
5173 3 2 0 270 1065 164 1062 2607
5174 3 2 0 270 1059 2607 2608 1060
5175 3 2 0 270 2607 1062 1063 2608
5176 3 2 0 270 1060 2608 2609 1061
5177 3 2 0 270 2608 1063 1064 2609
5178 3 2 0 270 1061 2609 650 17
5179 3 2 0 270 2609 1064 20 650
5180 3 2 0 271 161 163 1059 1050
5181 3 2 0 271 1050 1059 1060 1051
5182 3 2 0 271 1051 1060 1061 1052
5183 3 2 0 271 1052 1061 17 13
5184 3 2 0 272 162 1053 1062 164
5185 3 2 0 272 1053 1054 1063 1062
5186 3 2 0 272 1054 1055 1064 1063
5187 3 2 0 272 1055 16 20 1064
5188 3 2 0 273 161 1056 1065 163
5189 3 2 0 273 1056 162 164 1065
5190 3 2 0 274 165 1072 2610 1066
5191 3 2 0 274 1072 166 1069 2610
5192 3 2 0 274 1066 2610 2611 1067
5193 3 2 0 274 2610 1069 1070 2611
5194 3 2 0 274 1067 2611 2612 1068
5195 3 2 0 274 2611 1070 1071 2612
5196 3 2 0 274 1068 2612 660 21
5197 3 2 0 274 2612 1071 24 660
5198 3 2 0 275 163 165 1066 1059
5199 3 2 0 275 1059 1066 1067 1060
5200 3 2 0 275 1060 1067 1068 1061
5201 3 2 0 275 1061 1068 21 17
5202 3 2 0 276 164 1062 1069 166
5203 3 2 0 276 1062 1063 1070 1069
5204 3 2 0 276 1063 1064 1071 1070
5205 3 2 0 276 1064 20 24 1071
5206 3 2 0 277 163 1065 1072 165
5207 3 2 0 277 1065 164 166 1072
5208 3 2 0 278 167 1079 2613 1073
5209 3 2 0 278 1079 168 1076 2613
5210 3 2 0 278 1073 2613 2614 1074
5211 3 2 0 278 2613 1076 1077 2614
5212 3 2 0 278 1074 2614 2615 1075
5213 3 2 0 278 2614 1077 1078 2615
5214 3 2 0 278 1075 2615 670 25
5215 3 2 0 278 2615 1078 28 670
5216 3 2 0 279 165 167 1073 1066
5217 3 2 0 279 1066 1073 1074 1067
5218 3 2 0 279 1067 1074 1075 1068
5219 3 2 0 279 1068 1075 25 21
5220 3 2 0 280 166 1069 1076 168
5221 3 2 0 280 1069 1070 1077 1076
5222 3 2 0 280 1070 1071 1078 1077
5223 3 2 0 280 1071 24 28 1078
5224 3 2 0 281 165 1072 1079 167
5225 3 2 0 281 1072 166 168 1079
5226 3 2 0 282 169 1086 2616 1080
5227 3 2 0 282 1086 170 1083 2616
5228 3 2 0 282 1080 2616 2617 1081
5229 3 2 0 282 2616 1083 1084 2617
5230 3 2 0 282 1081 2617 2618 1082
5231 3 2 0 282 2617 1084 1085 2618
5232 3 2 0 282 1082 2618 680 29
5233 3 2 0 282 2618 1085 32 680
5234 3 2 0 283 167 169 1080 1073
5235 3 2 0 283 1073 1080 1081 1074
5236 3 2 0 283 1074 1081 1082 1075
5237 3 2 0 283 1075 1082 29 25
5238 3 2 0 284 168 1076 1083 170
5239 3 2 0 284 1076 1077 1084 1083
5240 3 2 0 284 1077 1078 1085 1084
5241 3 2 0 284 1078 28 32 1085
5242 3 2 0 285 167 1079 1086 169
5243 3 2 0 285 1079 168 170 1086
5244 3 2 0 286 171 1093 2619 1087
5245 3 2 0 286 1093 172 1090 2619
5246 3 2 0 286 1087 2619 2620 1088
5247 3 2 0 286 2619 1090 1091 2620
5248 3 2 0 286 1088 2620 2621 1089
5249 3 2 0 286 2620 1091 1092 2621
5250 3 2 0 286 1089 2621 690 33
5251 3 2 0 286 2621 1092 36 690
5252 3 2 0 287 169 1094 2622 1080
5253 3 2 0 287 1080 2622 2623 1081
5254 3 2 0 287 1081 2623 2624 1082
5255 3 2 0 287 1082 2624 691 29
5256 3 2 0 287 1094 171 1087 2622
5257 3 2 0 287 2622 1087 1088 2623
5258 3 2 0 287 2623 1088 1089 2624
5259 3 2 0 287 2624 1089 33 691
5260 3 2 0 288 170 1083 2625 1095
5261 3 2 0 288 1083 1084 2626 2625
5262 3 2 0 288 1084 1085 2627 2626
5263 3 2 0 288 1085 32 693 2627
5264 3 2 0 288 1095 2625 1090 172
5265 3 2 0 288 2625 2626 1091 1090
5266 3 2 0 288 2626 2627 1092 1091
5267 3 2 0 288 2627 693 36 1092
5268 3 2 0 289 169 1086 2628 1094
5269 3 2 0 289 1094 2628 1093 171
5270 3 2 0 289 1086 170 1095 2628
5271 3 2 0 289 2628 1095 172 1093
5272 3 2 0 290 173 1102 2629 1096
5273 3 2 0 290 1102 174 1099 2629
5274 3 2 0 290 1096 2629 2630 1097
5275 3 2 0 290 2629 1099 1100 2630
5276 3 2 0 290 1097 2630 2631 1098
5277 3 2 0 290 2630 1100 1101 2631
5278 3 2 0 290 1098 2631 704 37
5279 3 2 0 290 2631 1101 40 704
5280 3 2 0 291 171 173 1096 1087
5281 3 2 0 291 1087 1096 1097 1088
5282 3 2 0 291 1088 1097 1098 1089
5283 3 2 0 291 1089 1098 37 33
5284 3 2 0 292 172 1090 1099 174
5285 3 2 0 292 1090 1091 1100 1099
5286 3 2 0 292 1091 1092 1101 1100
5287 3 2 0 292 1092 36 40 1101
5288 3 2 0 293 171 1093 1102 173
5289 3 2 0 293 1093 172 174 1102
5290 3 2 0 294 175 1109 2632 1103
5291 3 2 0 294 1109 176 1106 2632
5292 3 2 0 294 1103 2632 2633 1104
5293 3 2 0 294 2632 1106 1107 2633
5294 3 2 0 294 1104 2633 2634 1105
5295 3 2 0 294 2633 1107 1108 2634
5296 3 2 0 294 1105 2634 714 41
5297 3 2 0 294 2634 1108 44 714
5298 3 2 0 295 173 1110 2635 1096
5299 3 2 0 295 1096 2635 2636 1097
5300 3 2 0 295 1097 2636 2637 1098
5301 3 2 0 295 1098 2637 715 37
5302 3 2 0 295 1110 1111 2638 2635
5303 3 2 0 295 2635 2638 2639 2636
5304 3 2 0 295 2636 2639 2640 2637
5305 3 2 0 295 2637 2640 716 715
5306 3 2 0 295 1111 175 1103 2638
5307 3 2 0 295 2638 1103 1104 2639
5308 3 2 0 295 2639 1104 1105 2640
5309 3 2 0 295 2640 1105 41 716
5310 3 2 0 296 174 1099 2641 1112
5311 3 2 0 296 1099 1100 2642 2641
5312 3 2 0 296 1100 1101 2643 2642
5313 3 2 0 296 1101 40 719 2643
5314 3 2 0 296 1112 2641 2644 1113
5315 3 2 0 296 2641 2642 2645 2644
5316 3 2 0 296 2642 2643 2646 2645
5317 3 2 0 296 2643 719 720 2646
5318 3 2 0 296 1113 2644 1106 176
5319 3 2 0 296 2644 2645 1107 1106
5320 3 2 0 296 2645 2646 1108 1107
5321 3 2 0 296 2646 720 44 1108
5322 3 2 0 297 173 1102 2647 1110
5323 3 2 0 297 1110 2647 2648 1111
5324 3 2 0 297 1111 2648 1109 175
5325 3 2 0 297 1102 174 1112 2647
5326 3 2 0 297 2647 1112 1113 2648
5327 3 2 0 297 2648 1113 176 1109
5328 3 2 0 298 156 1028 1114 177
5329 3 2 0 298 1028 1029 1115 1114
5330 3 2 0 298 1029 1030 1116 1115
5331 3 2 0 298 1030 4 46 1116
5332 3 2 0 299 158 178 1117 1035
5333 3 2 0 299 1035 1117 1118 1036
5334 3 2 0 299 1036 1118 1119 1037
5335 3 2 0 299 1037 1119 48 8
5336 3 2 0 300 177 1114 2649 1120
5337 3 2 0 300 1114 1115 2650 2649
5338 3 2 0 300 1115 1116 2651 2650
5339 3 2 0 300 1116 46 731 2651
5340 3 2 0 300 1120 2649 2652 1121
5341 3 2 0 300 2649 2650 2653 2652
5342 3 2 0 300 2650 2651 2654 2653
5343 3 2 0 300 2651 731 732 2654
5344 3 2 0 300 1121 2652 1117 178
5345 3 2 0 300 2652 2653 1118 1117
5346 3 2 0 300 2653 2654 1119 1118
5347 3 2 0 300 2654 732 48 1119
5348 3 2 0 301 156 177 1120 1041
5349 3 2 0 301 1041 1120 1121 1042
5350 3 2 0 301 1042 1121 178 158
5351 3 2 0 302 160 179 1122 1046
5352 3 2 0 302 1046 1122 1123 1047
5353 3 2 0 302 1047 1123 1124 1048
5354 3 2 0 302 1048 1124 50 12
5355 3 2 0 303 178 1117 1122 179
5356 3 2 0 303 1117 1118 1123 1122
5357 3 2 0 303 1118 1119 1124 1123
5358 3 2 0 303 1119 48 50 1124
5359 3 2 0 304 158 178 179 160
5360 3 2 0 305 162 180 1125 1053
5361 3 2 0 305 1053 1125 1126 1054
5362 3 2 0 305 1054 1126 1127 1055
5363 3 2 0 305 1055 1127 52 16
5364 3 2 0 306 179 1122 2655 1128
5365 3 2 0 306 1122 1123 2656 2655
5366 3 2 0 306 1123 1124 2657 2656
5367 3 2 0 306 1124 50 743 2657
5368 3 2 0 306 1128 2655 1125 180
5369 3 2 0 306 2655 2656 1126 1125
5370 3 2 0 306 2656 2657 1127 1126
5371 3 2 0 306 2657 743 52 1127
5372 3 2 0 307 160 179 1128 1058
5373 3 2 0 307 1058 1128 180 162
5374 3 2 0 308 164 181 1129 1062
5375 3 2 0 308 1062 1129 1130 1063
5376 3 2 0 308 1063 1130 1131 1064
5377 3 2 0 308 1064 1131 54 20
5378 3 2 0 309 180 1125 1129 181
5379 3 2 0 309 1125 1126 1130 1129
5380 3 2 0 309 1126 1127 1131 1130
5381 3 2 0 309 1127 52 54 1131
5382 3 2 0 310 162 180 181 164
5383 3 2 0 311 166 182 1132 1069
5384 3 2 0 311 1069 1132 1133 1070
5385 3 2 0 311 1070 1133 1134 1071
5386 3 2 0 311 1071 1134 56 24
5387 3 2 0 312 181 1129 1132 182
5388 3 2 0 312 1129 1130 1133 1132
5389 3 2 0 312 1130 1131 1134 1133
5390 3 2 0 312 1131 54 56 1134
5391 3 2 0 313 164 181 182 166
5392 3 2 0 314 168 183 1135 1076
5393 3 2 0 314 1076 1135 1136 1077
5394 3 2 0 314 1077 1136 1137 1078
5395 3 2 0 314 1078 1137 58 28
5396 3 2 0 315 182 1132 1135 183
5397 3 2 0 315 1132 1133 1136 1135
5398 3 2 0 315 1133 1134 1137 1136
5399 3 2 0 315 1134 56 58 1137
5400 3 2 0 316 166 182 183 168
5401 3 2 0 317 170 184 1138 1083
5402 3 2 0 317 1083 1138 1139 1084
5403 3 2 0 317 1084 1139 1140 1085
5404 3 2 0 317 1085 1140 60 32
5405 3 2 0 318 183 1135 1138 184
5406 3 2 0 318 1135 1136 1139 1138
5407 3 2 0 318 1136 1137 1140 1139
5408 3 2 0 318 1137 58 60 1140
5409 3 2 0 319 168 183 184 170
5410 3 2 0 320 172 185 1141 1090
5411 3 2 0 320 1090 1141 1142 1091
5412 3 2 0 320 1091 1142 1143 1092
5413 3 2 0 320 1092 1143 62 36
5414 3 2 0 321 184 1138 2658 1144
5415 3 2 0 321 1138 1139 2659 2658
5416 3 2 0 321 1139 1140 2660 2659
5417 3 2 0 321 1140 60 765 2660
5418 3 2 0 321 1144 2658 1141 185
5419 3 2 0 321 2658 2659 1142 1141
5420 3 2 0 321 2659 2660 1143 1142
5421 3 2 0 321 2660 765 62 1143
5422 3 2 0 322 170 184 1144 1095
5423 3 2 0 322 1095 1144 185 172
5424 3 2 0 323 174 186 1145 1099
5425 3 2 0 323 1099 1145 1146 1100
5426 3 2 0 323 1100 1146 1147 1101
5427 3 2 0 323 1101 1147 64 40
5428 3 2 0 324 185 1141 1145 186
5429 3 2 0 324 1141 1142 1146 1145
5430 3 2 0 324 1142 1143 1147 1146
5431 3 2 0 324 1143 62 64 1147
5432 3 2 0 325 172 185 186 174
5433 3 2 0 326 176 187 1148 1106
5434 3 2 0 326 1106 1148 1149 1107
5435 3 2 0 326 1107 1149 1150 1108
5436 3 2 0 326 1108 1150 66 44
5437 3 2 0 327 186 1145 2661 1151
5438 3 2 0 327 1145 1146 2662 2661
5439 3 2 0 327 1146 1147 2663 2662
5440 3 2 0 327 1147 64 775 2663
5441 3 2 0 327 1151 2661 2664 1152
5442 3 2 0 327 2661 2662 2665 2664
5443 3 2 0 327 2662 2663 2666 2665
5444 3 2 0 327 2663 775 776 2666
5445 3 2 0 327 1152 2664 1148 187
5446 3 2 0 327 2664 2665 1149 1148
5447 3 2 0 327 2665 2666 1150 1149
5448 3 2 0 327 2666 776 66 1150
5449 3 2 0 328 174 186 1151 1112
5450 3 2 0 328 1112 1151 1152 1113
5451 3 2 0 328 1113 1152 187 176
5452 3 2 0 329 177 1114 1153 188
5453 3 2 0 329 1114 1115 1154 1153
5454 3 2 0 329 1115 1116 1155 1154
5455 3 2 0 329 1116 46 68 1155
5456 3 2 0 330 178 189 1156 1117
5457 3 2 0 330 1117 1156 1157 1118
5458 3 2 0 330 1118 1157 1158 1119
5459 3 2 0 330 1119 1158 70 48
5460 3 2 0 331 188 1153 2667 1159
5461 3 2 0 331 1153 1154 2668 2667
5462 3 2 0 331 1154 1155 2669 2668
5463 3 2 0 331 1155 68 787 2669
5464 3 2 0 331 1159 2667 2670 1160
5465 3 2 0 331 2667 2668 2671 2670
5466 3 2 0 331 2668 2669 2672 2671
5467 3 2 0 331 2669 787 788 2672
5468 3 2 0 331 1160 2670 1156 189
5469 3 2 0 331 2670 2671 1157 1156
5470 3 2 0 331 2671 2672 1158 1157
5471 3 2 0 331 2672 788 70 1158
5472 3 2 0 332 177 188 1159 1120
5473 3 2 0 332 1120 1159 1160 1121
5474 3 2 0 332 1121 1160 189 178
5475 3 2 0 333 179 190 1161 1122
5476 3 2 0 333 1122 1161 1162 1123
5477 3 2 0 333 1123 1162 1163 1124
5478 3 2 0 333 1124 1163 72 50
5479 3 2 0 334 189 1156 1161 190
5480 3 2 0 334 1156 1157 1162 1161
5481 3 2 0 334 1157 1158 1163 1162
5482 3 2 0 334 1158 70 72 1163
5483 3 2 0 335 178 189 190 179
5484 3 2 0 336 180 191 1164 1125
5485 3 2 0 336 1125 1164 1165 1126
5486 3 2 0 336 1126 1165 1166 1127
5487 3 2 0 336 1127 1166 74 52
5488 3 2 0 337 190 1161 2673 1167
5489 3 2 0 337 1161 1162 2674 2673
5490 3 2 0 337 1162 1163 2675 2674
5491 3 2 0 337 1163 72 799 2675
5492 3 2 0 337 1167 2673 1164 191
5493 3 2 0 337 2673 2674 1165 1164
5494 3 2 0 337 2674 2675 1166 1165
5495 3 2 0 337 2675 799 74 1166
5496 3 2 0 338 179 190 1167 1128
5497 3 2 0 338 1128 1167 191 180
5498 3 2 0 339 181 192 1168 1129
5499 3 2 0 339 1129 1168 1169 1130
5500 3 2 0 339 1130 1169 1170 1131
5501 3 2 0 339 1131 1170 76 54
5502 3 2 0 340 191 1164 1168 192
5503 3 2 0 340 1164 1165 1169 1168
5504 3 2 0 340 1165 1166 1170 1169
5505 3 2 0 340 1166 74 76 1170
5506 3 2 0 341 180 191 192 181
5507 3 2 0 342 182 193 1171 1132
5508 3 2 0 342 1132 1171 1172 1133
5509 3 2 0 342 1133 1172 1173 1134
5510 3 2 0 342 1134 1173 78 56
5511 3 2 0 343 192 1168 1171 193
5512 3 2 0 343 1168 1169 1172 1171
5513 3 2 0 343 1169 1170 1173 1172
5514 3 2 0 343 1170 76 78 1173
5515 3 2 0 344 181 192 193 182
5516 3 2 0 345 183 194 1174 1135
5517 3 2 0 345 1135 1174 1175 1136
5518 3 2 0 345 1136 1175 1176 1137
5519 3 2 0 345 1137 1176 80 58
5520 3 2 0 346 193 1171 1174 194
5521 3 2 0 346 1171 1172 1175 1174
5522 3 2 0 346 1172 1173 1176 1175
5523 3 2 0 346 1173 78 80 1176
5524 3 2 0 347 182 193 194 183
5525 3 2 0 348 184 195 1177 1138
5526 3 2 0 348 1138 1177 1178 1139
5527 3 2 0 348 1139 1178 1179 1140
5528 3 2 0 348 1140 1179 82 60
5529 3 2 0 349 194 1174 1177 195
5530 3 2 0 349 1174 1175 1178 1177
5531 3 2 0 349 1175 1176 1179 1178
5532 3 2 0 349 1176 80 82 1179
5533 3 2 0 350 183 194 195 184
5534 3 2 0 351 185 196 1180 1141
5535 3 2 0 351 1141 1180 1181 1142
5536 3 2 0 351 1142 1181 1182 1143
5537 3 2 0 351 1143 1182 84 62
5538 3 2 0 352 195 1177 2676 1183
5539 3 2 0 352 1177 1178 2677 2676
5540 3 2 0 352 1178 1179 2678 2677
5541 3 2 0 352 1179 82 821 2678
5542 3 2 0 352 1183 2676 1180 196
5543 3 2 0 352 2676 2677 1181 1180
5544 3 2 0 352 2677 2678 1182 1181
5545 3 2 0 352 2678 821 84 1182
5546 3 2 0 353 184 195 1183 1144
5547 3 2 0 353 1144 1183 196 185
5548 3 2 0 354 186 197 1184 1145
5549 3 2 0 354 1145 1184 1185 1146
5550 3 2 0 354 1146 1185 1186 1147
5551 3 2 0 354 1147 1186 86 64
5552 3 2 0 355 196 1180 1184 197
5553 3 2 0 355 1180 1181 1185 1184
5554 3 2 0 355 1181 1182 1186 1185
5555 3 2 0 355 1182 84 86 1186
5556 3 2 0 356 185 196 197 186
5557 3 2 0 357 187 198 1187 1148
5558 3 2 0 357 1148 1187 1188 1149
5559 3 2 0 357 1149 1188 1189 1150
5560 3 2 0 357 1150 1189 88 66
5561 3 2 0 358 197 1184 2679 1190
5562 3 2 0 358 1184 1185 2680 2679
5563 3 2 0 358 1185 1186 2681 2680
5564 3 2 0 358 1186 86 831 2681
5565 3 2 0 358 1190 2679 2682 1191
5566 3 2 0 358 2679 2680 2683 2682
5567 3 2 0 358 2680 2681 2684 2683
5568 3 2 0 358 2681 831 832 2684
5569 3 2 0 358 1191 2682 1187 198
5570 3 2 0 358 2682 2683 1188 1187
5571 3 2 0 358 2683 2684 1189 1188
5572 3 2 0 358 2684 832 88 1189
5573 3 2 0 359 186 197 1190 1151
5574 3 2 0 359 1151 1190 1191 1152
5575 3 2 0 359 1152 1191 198 187
5576 3 2 0 360 188 1153 1192 199
5577 3 2 0 360 1153 1154 1193 1192
5578 3 2 0 360 1154 1155 1194 1193
5579 3 2 0 360 1155 68 90 1194
5580 3 2 0 361 189 200 1195 1156
5581 3 2 0 361 1156 1195 1196 1157
5582 3 2 0 361 1157 1196 1197 1158
5583 3 2 0 361 1158 1197 92 70
5584 3 2 0 362 199 1192 2685 1198
5585 3 2 0 362 1192 1193 2686 2685
5586 3 2 0 362 1193 1194 2687 2686
5587 3 2 0 362 1194 90 843 2687
5588 3 2 0 362 1198 2685 2688 1199
5589 3 2 0 362 2685 2686 2689 2688
5590 3 2 0 362 2686 2687 2690 2689
5591 3 2 0 362 2687 843 844 2690
5592 3 2 0 362 1199 2688 1195 200
5593 3 2 0 362 2688 2689 1196 1195
5594 3 2 0 362 2689 2690 1197 1196
5595 3 2 0 362 2690 844 92 1197
5596 3 2 0 363 188 199 1198 1159
5597 3 2 0 363 1159 1198 1199 1160
5598 3 2 0 363 1160 1199 200 189
5599 3 2 0 364 190 201 1200 1161
5600 3 2 0 364 1161 1200 1201 1162
5601 3 2 0 364 1162 1201 1202 1163
5602 3 2 0 364 1163 1202 94 72
5603 3 2 0 365 200 1195 1200 201
5604 3 2 0 365 1195 1196 1201 1200
5605 3 2 0 365 1196 1197 1202 1201
5606 3 2 0 365 1197 92 94 1202
5607 3 2 0 366 189 200 201 190
5608 3 2 0 367 191 202 1203 1164
5609 3 2 0 367 1164 1203 1204 1165
5610 3 2 0 367 1165 1204 1205 1166
5611 3 2 0 367 1166 1205 96 74
5612 3 2 0 368 201 1200 2691 1206
5613 3 2 0 368 1200 1201 2692 2691
5614 3 2 0 368 1201 1202 2693 2692
5615 3 2 0 368 1202 94 855 2693
5616 3 2 0 368 1206 2691 1203 202
5617 3 2 0 368 2691 2692 1204 1203
5618 3 2 0 368 2692 2693 1205 1204
5619 3 2 0 368 2693 855 96 1205
5620 3 2 0 369 190 201 1206 1167
5621 3 2 0 369 1167 1206 202 191
5622 3 2 0 370 192 203 1207 1168
5623 3 2 0 370 1168 1207 1208 1169
5624 3 2 0 370 1169 1208 1209 1170
5625 3 2 0 370 1170 1209 98 76
5626 3 2 0 371 202 1203 1207 203
5627 3 2 0 371 1203 1204 1208 1207
5628 3 2 0 371 1204 1205 1209 1208
5629 3 2 0 371 1205 96 98 1209
5630 3 2 0 372 191 202 203 192
5631 3 2 0 373 193 204 1210 1171
5632 3 2 0 373 1171 1210 1211 1172
5633 3 2 0 373 1172 1211 1212 1173
5634 3 2 0 373 1173 1212 100 78
5635 3 2 0 374 203 1207 1210 204
5636 3 2 0 374 1207 1208 1211 1210
5637 3 2 0 374 1208 1209 1212 1211
5638 3 2 0 374 1209 98 100 1212
5639 3 2 0 375 192 203 204 193
5640 3 2 0 376 194 205 1213 1174
5641 3 2 0 376 1174 1213 1214 1175
5642 3 2 0 376 1175 1214 1215 1176
5643 3 2 0 376 1176 1215 102 80
5644 3 2 0 377 204 1210 1213 205
5645 3 2 0 377 1210 1211 1214 1213
5646 3 2 0 377 1211 1212 1215 1214
5647 3 2 0 377 1212 100 102 1215
5648 3 2 0 378 193 204 205 194
5649 3 2 0 379 195 206 1216 1177
5650 3 2 0 379 1177 1216 1217 1178
5651 3 2 0 379 1178 1217 1218 1179
5652 3 2 0 379 1179 1218 104 82
5653 3 2 0 380 205 1213 1216 206
5654 3 2 0 380 1213 1214 1217 1216
5655 3 2 0 380 1214 1215 1218 1217
5656 3 2 0 380 1215 102 104 1218
5657 3 2 0 381 194 205 206 195
5658 3 2 0 382 196 207 1219 1180
5659 3 2 0 382 1180 1219 1220 1181
5660 3 2 0 382 1181 1220 1221 1182
5661 3 2 0 382 1182 1221 106 84
5662 3 2 0 383 206 1216 2694 1222
5663 3 2 0 383 1216 1217 2695 2694
5664 3 2 0 383 1217 1218 2696 2695
5665 3 2 0 383 1218 104 877 2696
5666 3 2 0 383 1222 2694 1219 207
5667 3 2 0 383 2694 2695 1220 1219
5668 3 2 0 383 2695 2696 1221 1220
5669 3 2 0 383 2696 877 106 1221
5670 3 2 0 384 195 206 1222 1183
5671 3 2 0 384 1183 1222 207 196
5672 3 2 0 385 197 208 1223 1184
5673 3 2 0 385 1184 1223 1224 1185
5674 3 2 0 385 1185 1224 1225 1186
5675 3 2 0 385 1186 1225 108 86
5676 3 2 0 386 207 1219 1223 208
5677 3 2 0 386 1219 1220 1224 1223
5678 3 2 0 386 1220 1221 1225 1224
5679 3 2 0 386 1221 106 108 1225
5680 3 2 0 387 196 207 208 197
5681 3 2 0 388 198 209 1226 1187
5682 3 2 0 388 1187 1226 1227 1188
5683 3 2 0 388 1188 1227 1228 1189
5684 3 2 0 388 1189 1228 110 88
5685 3 2 0 389 208 1223 2697 1229
5686 3 2 0 389 1223 1224 2698 2697
5687 3 2 0 389 1224 1225 2699 2698
5688 3 2 0 389 1225 108 887 2699
5689 3 2 0 389 1229 2697 2700 1230
5690 3 2 0 389 2697 2698 2701 2700
5691 3 2 0 389 2698 2699 2702 2701
5692 3 2 0 389 2699 887 888 2702
5693 3 2 0 389 1230 2700 1226 209
5694 3 2 0 389 2700 2701 1227 1226
5695 3 2 0 389 2701 2702 1228 1227
5696 3 2 0 389 2702 888 110 1228
5697 3 2 0 390 197 208 1229 1190
5698 3 2 0 390 1190 1229 1230 1191
5699 3 2 0 390 1191 1230 209 198
5700 3 2 0 391 199 1192 1231 210
5701 3 2 0 391 1192 1193 1232 1231
5702 3 2 0 391 1193 1194 1233 1232
5703 3 2 0 391 1194 90 112 1233
5704 3 2 0 392 200 211 1234 1195
5705 3 2 0 392 1195 1234 1235 1196
5706 3 2 0 392 1196 1235 1236 1197
5707 3 2 0 392 1197 1236 114 92
5708 3 2 0 393 210 1231 2703 1237
5709 3 2 0 393 1231 1232 2704 2703
5710 3 2 0 393 1232 1233 2705 2704
5711 3 2 0 393 1233 112 899 2705
5712 3 2 0 393 1237 2703 2706 1238
5713 3 2 0 393 2703 2704 2707 2706
5714 3 2 0 393 2704 2705 2708 2707
5715 3 2 0 393 2705 899 900 2708
5716 3 2 0 393 1238 2706 1234 211
5717 3 2 0 393 2706 2707 1235 1234
5718 3 2 0 393 2707 2708 1236 1235
5719 3 2 0 393 2708 900 114 1236
5720 3 2 0 394 199 210 1237 1198
5721 3 2 0 394 1198 1237 1238 1199
5722 3 2 0 394 1199 1238 211 200
5723 3 2 0 395 201 212 1239 1200
5724 3 2 0 395 1200 1239 1240 1201
5725 3 2 0 395 1201 1240 1241 1202
5726 3 2 0 395 1202 1241 116 94
5727 3 2 0 396 211 1234 1239 212
5728 3 2 0 396 1234 1235 1240 1239
5729 3 2 0 396 1235 1236 1241 1240
5730 3 2 0 396 1236 114 116 1241
5731 3 2 0 397 200 211 212 201
5732 3 2 0 398 202 213 1242 1203
5733 3 2 0 398 1203 1242 1243 1204
5734 3 2 0 398 1204 1243 1244 1205
5735 3 2 0 398 1205 1244 118 96
5736 3 2 0 399 212 1239 2709 1245
5737 3 2 0 399 1239 1240 2710 2709
5738 3 2 0 399 1240 1241 2711 2710
5739 3 2 0 399 1241 116 911 2711
5740 3 2 0 399 1245 2709 1242 213
5741 3 2 0 399 2709 2710 1243 1242
5742 3 2 0 399 2710 2711 1244 1243
5743 3 2 0 399 2711 911 118 1244
5744 3 2 0 400 201 212 1245 1206
5745 3 2 0 400 1206 1245 213 202
5746 3 2 0 401 203 214 1246 1207
5747 3 2 0 401 1207 1246 1247 1208
5748 3 2 0 401 1208 1247 1248 1209
5749 3 2 0 401 1209 1248 120 98
5750 3 2 0 402 213 1242 1246 214
5751 3 2 0 402 1242 1243 1247 1246
5752 3 2 0 402 1243 1244 1248 1247
5753 3 2 0 402 1244 118 120 1248
5754 3 2 0 403 202 213 214 203
5755 3 2 0 404 204 215 1249 1210
5756 3 2 0 404 1210 1249 1250 1211
5757 3 2 0 404 1211 1250 1251 1212
5758 3 2 0 404 1212 1251 122 100
5759 3 2 0 405 214 1246 1249 215
5760 3 2 0 405 1246 1247 1250 1249
5761 3 2 0 405 1247 1248 1251 1250
5762 3 2 0 405 1248 120 122 1251
5763 3 2 0 406 203 214 215 204
5764 3 2 0 407 205 216 1252 1213
5765 3 2 0 407 1213 1252 1253 1214
5766 3 2 0 407 1214 1253 1254 1215
5767 3 2 0 407 1215 1254 124 102
5768 3 2 0 408 215 1249 1252 216
5769 3 2 0 408 1249 1250 1253 1252
5770 3 2 0 408 1250 1251 1254 1253
5771 3 2 0 408 1251 122 124 1254
5772 3 2 0 409 204 215 216 205
5773 3 2 0 410 206 217 1255 1216
5774 3 2 0 410 1216 1255 1256 1217
5775 3 2 0 410 1217 1256 1257 1218
5776 3 2 0 410 1218 1257 126 104
5777 3 2 0 411 216 1252 1255 217
5778 3 2 0 411 1252 1253 1256 1255
5779 3 2 0 411 1253 1254 1257 1256
5780 3 2 0 411 1254 124 126 1257
5781 3 2 0 412 205 216 217 206
5782 3 2 0 413 207 218 1258 1219
5783 3 2 0 413 1219 1258 1259 1220
5784 3 2 0 413 1220 1259 1260 1221
5785 3 2 0 413 1221 1260 128 106
5786 3 2 0 414 217 1255 2712 1261
5787 3 2 0 414 1255 1256 2713 2712
5788 3 2 0 414 1256 1257 2714 2713
5789 3 2 0 414 1257 126 933 2714
5790 3 2 0 414 1261 2712 1258 218
5791 3 2 0 414 2712 2713 1259 1258
5792 3 2 0 414 2713 2714 1260 1259
5793 3 2 0 414 2714 933 128 1260
5794 3 2 0 415 206 217 1261 1222
5795 3 2 0 415 1222 1261 218 207
5796 3 2 0 416 208 219 1262 1223
5797 3 2 0 416 1223 1262 1263 1224
5798 3 2 0 416 1224 1263 1264 1225
5799 3 2 0 416 1225 1264 130 108
5800 3 2 0 417 218 1258 1262 219
5801 3 2 0 417 1258 1259 1263 1262
5802 3 2 0 417 1259 1260 1264 1263
5803 3 2 0 417 1260 128 130 1264
5804 3 2 0 418 207 218 219 208
5805 3 2 0 419 209 220 1265 1226
5806 3 2 0 419 1226 1265 1266 1227
5807 3 2 0 419 1227 1266 1267 1228
5808 3 2 0 419 1228 1267 132 110
5809 3 2 0 420 219 1262 2715 1268
5810 3 2 0 420 1262 1263 2716 2715
5811 3 2 0 420 1263 1264 2717 2716
5812 3 2 0 420 1264 130 943 2717
5813 3 2 0 420 1268 2715 2718 1269
5814 3 2 0 420 2715 2716 2719 2718
5815 3 2 0 420 2716 2717 2720 2719
5816 3 2 0 420 2717 943 944 2720
5817 3 2 0 420 1269 2718 1265 220
5818 3 2 0 420 2718 2719 1266 1265
5819 3 2 0 420 2719 2720 1267 1266
5820 3 2 0 420 2720 944 132 1267
5821 3 2 0 421 208 219 1268 1229
5822 3 2 0 421 1229 1268 1269 1230
5823 3 2 0 421 1230 1269 220 209
5824 3 2 0 422 210 1231 2721 1273
5825 3 2 0 422 1273 2721 1270 221
5826 3 2 0 422 1231 1232 2722 2721
5827 3 2 0 422 2721 2722 1271 1270
5828 3 2 0 422 1232 1233 2723 2722
5829 3 2 0 422 2722 2723 1272 1271
5830 3 2 0 422 1233 112 952 2723
5831 3 2 0 422 2723 952 134 1272
5832 3 2 0 423 211 1277 2724 1234
5833 3 2 0 423 1277 222 1274 2724
5834 3 2 0 423 1234 2724 2725 1235
5835 3 2 0 423 2724 1274 1275 2725
5836 3 2 0 423 1235 2725 2726 1236
5837 3 2 0 423 2725 1275 1276 2726
5838 3 2 0 423 1236 2726 958 114
5839 3 2 0 423 2726 1276 136 958
5840 3 2 0 424 221 1270 2727 1278
5841 3 2 0 424 1270 1271 2728 2727
5842 3 2 0 424 1271 1272 2729 2728
5843 3 2 0 424 1272 134 959 2729
5844 3 2 0 424 1278 2727 2730 1279
5845 3 2 0 424 2727 2728 2731 2730
5846 3 2 0 424 2728 2729 2732 2731
5847 3 2 0 424 2729 959 960 2732
5848 3 2 0 424 1279 2730 1274 222
5849 3 2 0 424 2730 2731 1275 1274
5850 3 2 0 424 2731 2732 1276 1275
5851 3 2 0 424 2732 960 136 1276
5852 3 2 0 425 210 1273 2733 1237
5853 3 2 0 425 1237 2733 2734 1238
5854 3 2 0 425 1238 2734 1277 211
5855 3 2 0 425 1273 221 1278 2733
5856 3 2 0 425 2733 1278 1279 2734
5857 3 2 0 425 2734 1279 222 1277
5858 3 2 0 426 212 1283 2735 1239
5859 3 2 0 426 1283 223 1280 2735
5860 3 2 0 426 1239 2735 2736 1240
5861 3 2 0 426 2735 1280 1281 2736
5862 3 2 0 426 1240 2736 2737 1241
5863 3 2 0 426 2736 1281 1282 2737
5864 3 2 0 426 1241 2737 968 116
5865 3 2 0 426 2737 1282 138 968
5866 3 2 0 427 222 1274 1280 223
5867 3 2 0 427 1274 1275 1281 1280
5868 3 2 0 427 1275 1276 1282 1281
5869 3 2 0 427 1276 136 138 1282
5870 3 2 0 428 211 1277 1283 212
5871 3 2 0 428 1277 222 223 1283
5872 3 2 0 429 213 1287 2738 1242
5873 3 2 0 429 1287 224 1284 2738
5874 3 2 0 429 1242 2738 2739 1243
5875 3 2 0 429 2738 1284 1285 2739
5876 3 2 0 429 1243 2739 2740 1244
5877 3 2 0 429 2739 1285 1286 2740
5878 3 2 0 429 1244 2740 974 118
5879 3 2 0 429 2740 1286 140 974
5880 3 2 0 430 223 1280 2741 1288
5881 3 2 0 430 1280 1281 2742 2741
5882 3 2 0 430 1281 1282 2743 2742
5883 3 2 0 430 1282 138 975 2743
5884 3 2 0 430 1288 2741 1284 224
5885 3 2 0 430 2741 2742 1285 1284
5886 3 2 0 430 2742 2743 1286 1285
5887 3 2 0 430 2743 975 140 1286
5888 3 2 0 431 212 1283 2744 1245
5889 3 2 0 431 1245 2744 1287 213
5890 3 2 0 431 1283 223 1288 2744
5891 3 2 0 431 2744 1288 224 1287
5892 3 2 0 432 214 1292 2745 1246
5893 3 2 0 432 1292 225 1289 2745
5894 3 2 0 432 1246 2745 2746 1247
5895 3 2 0 432 2745 1289 1290 2746
5896 3 2 0 432 1247 2746 2747 1248
5897 3 2 0 432 2746 1290 1291 2747
5898 3 2 0 432 1248 2747 982 120
5899 3 2 0 432 2747 1291 142 982
5900 3 2 0 433 224 1284 1289 225
5901 3 2 0 433 1284 1285 1290 1289
5902 3 2 0 433 1285 1286 1291 1290
5903 3 2 0 433 1286 140 142 1291
5904 3 2 0 434 213 1287 1292 214
5905 3 2 0 434 1287 224 225 1292
5906 3 2 0 435 215 1296 2748 1249
5907 3 2 0 435 1296 226 1293 2748
5908 3 2 0 435 1249 2748 2749 1250
5909 3 2 0 435 2748 1293 1294 2749
5910 3 2 0 435 1250 2749 2750 1251
5911 3 2 0 435 2749 1294 1295 2750
5912 3 2 0 435 1251 2750 988 122
5913 3 2 0 435 2750 1295 144 988
5914 3 2 0 436 225 1289 1293 226
5915 3 2 0 436 1289 1290 1294 1293
5916 3 2 0 436 1290 1291 1295 1294
5917 3 2 0 436 1291 142 144 1295
5918 3 2 0 437 214 1292 1296 215
5919 3 2 0 437 1292 225 226 1296
5920 3 2 0 438 216 1300 2751 1252
5921 3 2 0 438 1300 227 1297 2751
5922 3 2 0 438 1252 2751 2752 1253
5923 3 2 0 438 2751 1297 1298 2752
5924 3 2 0 438 1253 2752 2753 1254
5925 3 2 0 438 2752 1298 1299 2753
5926 3 2 0 438 1254 2753 994 124
5927 3 2 0 438 2753 1299 146 994
5928 3 2 0 439 226 1293 1297 227
5929 3 2 0 439 1293 1294 1298 1297
5930 3 2 0 439 1294 1295 1299 1298
5931 3 2 0 439 1295 144 146 1299
5932 3 2 0 440 215 1296 1300 216
5933 3 2 0 440 1296 226 227 1300
5934 3 2 0 441 217 1304 2754 1255
5935 3 2 0 441 1304 228 1301 2754
5936 3 2 0 441 1255 2754 2755 1256
5937 3 2 0 441 2754 1301 1302 2755
5938 3 2 0 441 1256 2755 2756 1257
5939 3 2 0 441 2755 1302 1303 2756
5940 3 2 0 441 1257 2756 1000 126
5941 3 2 0 441 2756 1303 148 1000
5942 3 2 0 442 227 1297 1301 228
5943 3 2 0 442 1297 1298 1302 1301
5944 3 2 0 442 1298 1299 1303 1302
5945 3 2 0 442 1299 146 148 1303
5946 3 2 0 443 216 1300 1304 217
5947 3 2 0 443 1300 227 228 1304
5948 3 2 0 444 218 1308 2757 1258
5949 3 2 0 444 1308 229 1305 2757
5950 3 2 0 444 1258 2757 2758 1259
5951 3 2 0 444 2757 1305 1306 2758
5952 3 2 0 444 1259 2758 2759 1260
5953 3 2 0 444 2758 1306 1307 2759
5954 3 2 0 444 1260 2759 1006 128
5955 3 2 0 444 2759 1307 150 1006
5956 3 2 0 445 228 1301 2760 1309
5957 3 2 0 445 1301 1302 2761 2760
5958 3 2 0 445 1302 1303 2762 2761
5959 3 2 0 445 1303 148 1007 2762
5960 3 2 0 445 1309 2760 1305 229
5961 3 2 0 445 2760 2761 1306 1305
5962 3 2 0 445 2761 2762 1307 1306
5963 3 2 0 445 2762 1007 150 1307
5964 3 2 0 446 217 1304 2763 1261
5965 3 2 0 446 1261 2763 1308 218
5966 3 2 0 446 1304 228 1309 2763
5967 3 2 0 446 2763 1309 229 1308
5968 3 2 0 447 219 1313 2764 1262
5969 3 2 0 447 1313 230 1310 2764
5970 3 2 0 447 1262 2764 2765 1263
5971 3 2 0 447 2764 1310 1311 2765
5972 3 2 0 447 1263 2765 2766 1264
5973 3 2 0 447 2765 1311 1312 2766
5974 3 2 0 447 1264 2766 1014 130
5975 3 2 0 447 2766 1312 152 1014
5976 3 2 0 448 229 1305 1310 230
5977 3 2 0 448 1305 1306 1311 1310
5978 3 2 0 448 1306 1307 1312 1311
5979 3 2 0 448 1307 150 152 1312
5980 3 2 0 449 218 1308 1313 219
5981 3 2 0 449 1308 229 230 1313
5982 3 2 0 450 220 1317 2767 1265
5983 3 2 0 450 1317 231 1314 2767
5984 3 2 0 450 1265 2767 2768 1266
5985 3 2 0 450 2767 1314 1315 2768
5986 3 2 0 450 1266 2768 2769 1267
5987 3 2 0 450 2768 1315 1316 2769
5988 3 2 0 450 1267 2769 1020 132
5989 3 2 0 450 2769 1316 154 1020
5990 3 2 0 451 230 1310 2770 1318
5991 3 2 0 451 1310 1311 2771 2770
5992 3 2 0 451 1311 1312 2772 2771
5993 3 2 0 451 1312 152 1021 2772
5994 3 2 0 451 1318 2770 2773 1319
5995 3 2 0 451 2770 2771 2774 2773
5996 3 2 0 451 2771 2772 2775 2774
5997 3 2 0 451 2772 1021 1022 2775
5998 3 2 0 451 1319 2773 1314 231
5999 3 2 0 451 2773 2774 1315 1314
6000 3 2 0 451 2774 2775 1316 1315
6001 3 2 0 451 2775 1022 154 1316
6002 3 2 0 452 219 1313 2776 1268
6003 3 2 0 452 1268 2776 2777 1269
6004 3 2 0 452 1269 2777 1317 220
6005 3 2 0 452 1313 230 1318 2776
6006 3 2 0 452 2776 1318 1319 2777
6007 3 2 0 452 2777 1319 231 1317
6008 3 2 0 453 232 1320 2778 1328
6009 3 2 0 453 1328 2778 1324 233
6010 3 2 0 453 1320 1321 2779 2778
6011 3 2 0 453 2778 2779 1325 1324
6012 3 2 0 453 1321 1322 2780 2779
6013 3 2 0 453 2779 2780 1326 1325
6014 3 2 0 453 1322 1323 2781 2780
6015 3 2 0 453 2780 2781 1327 1326
6016 3 2 0 453 1323 155 1031 2781
6017 3 2 0 453 2781 1031 156 1327
6018 3 2 0 454 234 1337 2782 1329
6019 3 2 0 454 1337 235 1333 2782
6020 3 2 0 454 1329 2782 2783 1330
6021 3 2 0 454 2782 1333 1334 2783
6022 3 2 0 454 1330 2783 2784 1331
6023 3 2 0 454 2783 1334 1335 2784
6024 3 2 0 454 1331 2784 2785 1332
6025 3 2 0 454 2784 1335 1336 2785
6026 3 2 0 454 1332 2785 1038 157
6027 3 2 0 454 2785 1336 158 1038
6028 3 2 0 455 232 1338 2786 1320
6029 3 2 0 455 1320 2786 2787 1321
6030 3 2 0 455 1321 2787 2788 1322
6031 3 2 0 455 1322 2788 2789 1323
6032 3 2 0 455 1323 2789 1039 155
6033 3 2 0 455 1338 1339 2790 2786
6034 3 2 0 455 2786 2790 2791 2787
6035 3 2 0 455 2787 2791 2792 2788
6036 3 2 0 455 2788 2792 2793 2789
6037 3 2 0 455 2789 2793 1040 1039
6038 3 2 0 455 1339 234 1329 2790
6039 3 2 0 455 2790 1329 1330 2791
6040 3 2 0 455 2791 1330 1331 2792
6041 3 2 0 455 2792 1331 1332 2793
6042 3 2 0 455 2793 1332 157 1040
6043 3 2 0 456 233 1324 2794 1340
6044 3 2 0 456 1324 1325 2795 2794
6045 3 2 0 456 1325 1326 2796 2795
6046 3 2 0 456 1326 1327 2797 2796
6047 3 2 0 456 1327 156 1041 2797
6048 3 2 0 456 1340 2794 2798 1341
6049 3 2 0 456 2794 2795 2799 2798
6050 3 2 0 456 2795 2796 2800 2799
6051 3 2 0 456 2796 2797 2801 2800
6052 3 2 0 456 2797 1041 1042 2801
6053 3 2 0 456 1341 2798 1333 235
6054 3 2 0 456 2798 2799 1334 1333
6055 3 2 0 456 2799 2800 1335 1334
6056 3 2 0 456 2800 2801 1336 1335
6057 3 2 0 456 2801 1042 158 1336
6058 3 2 0 457 232 1328 2802 1338
6059 3 2 0 457 1338 2802 2803 1339
6060 3 2 0 457 1339 2803 1337 234
6061 3 2 0 457 1328 233 1340 2802
6062 3 2 0 457 2802 1340 1341 2803
6063 3 2 0 457 2803 1341 235 1337
6064 3 2 0 458 236 1350 2804 1342
6065 3 2 0 458 1350 237 1346 2804
6066 3 2 0 458 1342 2804 2805 1343
6067 3 2 0 458 2804 1346 1347 2805
6068 3 2 0 458 1343 2805 2806 1344
6069 3 2 0 458 2805 1347 1348 2806
6070 3 2 0 458 1344 2806 2807 1345
6071 3 2 0 458 2806 1348 1349 2807
6072 3 2 0 458 1345 2807 1049 159
6073 3 2 0 458 2807 1349 160 1049
6074 3 2 0 459 234 236 1342 1329
6075 3 2 0 459 1329 1342 1343 1330
6076 3 2 0 459 1330 1343 1344 1331
6077 3 2 0 459 1331 1344 1345 1332
6078 3 2 0 459 1332 1345 159 157
6079 3 2 0 460 235 1333 1346 237
6080 3 2 0 460 1333 1334 1347 1346
6081 3 2 0 460 1334 1335 1348 1347
6082 3 2 0 460 1335 1336 1349 1348
6083 3 2 0 460 1336 158 160 1349
6084 3 2 0 461 234 1337 1350 236
6085 3 2 0 461 1337 235 237 1350
6086 3 2 0 462 238 1359 2808 1351
6087 3 2 0 462 1359 239 1355 2808
6088 3 2 0 462 1351 2808 2809 1352
6089 3 2 0 462 2808 1355 1356 2809
6090 3 2 0 462 1352 2809 2810 1353
6091 3 2 0 462 2809 1356 1357 2810
6092 3 2 0 462 1353 2810 2811 1354
6093 3 2 0 462 2810 1357 1358 2811
6094 3 2 0 462 1354 2811 1056 161
6095 3 2 0 462 2811 1358 162 1056
6096 3 2 0 463 236 1360 2812 1342
6097 3 2 0 463 1342 2812 2813 1343
6098 3 2 0 463 1343 2813 2814 1344
6099 3 2 0 463 1344 2814 2815 1345
6100 3 2 0 463 1345 2815 1057 159
6101 3 2 0 463 1360 238 1351 2812
6102 3 2 0 463 2812 1351 1352 2813
6103 3 2 0 463 2813 1352 1353 2814
6104 3 2 0 463 2814 1353 1354 2815
6105 3 2 0 463 2815 1354 161 1057
6106 3 2 0 464 237 1346 2816 1361
6107 3 2 0 464 1346 1347 2817 2816
6108 3 2 0 464 1347 1348 2818 2817
6109 3 2 0 464 1348 1349 2819 2818
6110 3 2 0 464 1349 160 1058 2819
6111 3 2 0 464 1361 2816 1355 239
6112 3 2 0 464 2816 2817 1356 1355
6113 3 2 0 464 2817 2818 1357 1356
6114 3 2 0 464 2818 2819 1358 1357
6115 3 2 0 464 2819 1058 162 1358
6116 3 2 0 465 236 1350 2820 1360
6117 3 2 0 465 1360 2820 1359 238
6118 3 2 0 465 1350 237 1361 2820
6119 3 2 0 465 2820 1361 239 1359
6120 3 2 0 466 240 1370 2821 1362
6121 3 2 0 466 1370 241 1366 2821
6122 3 2 0 466 1362 2821 2822 1363
6123 3 2 0 466 2821 1366 1367 2822
6124 3 2 0 466 1363 2822 2823 1364
6125 3 2 0 466 2822 1367 1368 2823
6126 3 2 0 466 1364 2823 2824 1365
6127 3 2 0 466 2823 1368 1369 2824
6128 3 2 0 466 1365 2824 1065 163
6129 3 2 0 466 2824 1369 164 1065
6130 3 2 0 467 238 240 1362 1351
6131 3 2 0 467 1351 1362 1363 1352
6132 3 2 0 467 1352 1363 1364 1353
6133 3 2 0 467 1353 1364 1365 1354
6134 3 2 0 467 1354 1365 163 161
6135 3 2 0 468 239 1355 1366 241
6136 3 2 0 468 1355 1356 1367 1366
6137 3 2 0 468 1356 1357 1368 1367
6138 3 2 0 468 1357 1358 1369 1368
6139 3 2 0 468 1358 162 164 1369
6140 3 2 0 469 238 1359 1370 240
6141 3 2 0 469 1359 239 241 1370
6142 3 2 0 470 242 1379 2825 1371
6143 3 2 0 470 1379 243 1375 2825
6144 3 2 0 470 1371 2825 2826 1372
6145 3 2 0 470 2825 1375 1376 2826
6146 3 2 0 470 1372 2826 2827 1373
6147 3 2 0 470 2826 1376 1377 2827
6148 3 2 0 470 1373 2827 2828 1374
6149 3 2 0 470 2827 1377 1378 2828
6150 3 2 0 470 1374 2828 1072 165
6151 3 2 0 470 2828 1378 166 1072
6152 3 2 0 471 240 242 1371 1362
6153 3 2 0 471 1362 1371 1372 1363
6154 3 2 0 471 1363 1372 1373 1364
6155 3 2 0 471 1364 1373 1374 1365
6156 3 2 0 471 1365 1374 165 163
6157 3 2 0 472 241 1366 1375 243
6158 3 2 0 472 1366 1367 1376 1375
6159 3 2 0 472 1367 1368 1377 1376
6160 3 2 0 472 1368 1369 1378 1377
6161 3 2 0 472 1369 164 166 1378
6162 3 2 0 473 240 1370 1379 242
6163 3 2 0 473 1370 241 243 1379
6164 3 2 0 474 244 1388 2829 1380
6165 3 2 0 474 1388 245 1384 2829
6166 3 2 0 474 1380 2829 2830 1381
6167 3 2 0 474 2829 1384 1385 2830
6168 3 2 0 474 1381 2830 2831 1382
6169 3 2 0 474 2830 1385 1386 2831
6170 3 2 0 474 1382 2831 2832 1383
6171 3 2 0 474 2831 1386 1387 2832
6172 3 2 0 474 1383 2832 1079 167
6173 3 2 0 474 2832 1387 168 1079
6174 3 2 0 475 242 244 1380 1371
6175 3 2 0 475 1371 1380 1381 1372
6176 3 2 0 475 1372 1381 1382 1373
6177 3 2 0 475 1373 1382 1383 1374
6178 3 2 0 475 1374 1383 167 165
6179 3 2 0 476 243 1375 1384 245
6180 3 2 0 476 1375 1376 1385 1384
6181 3 2 0 476 1376 1377 1386 1385
6182 3 2 0 476 1377 1378 1387 1386
6183 3 2 0 476 1378 166 168 1387
6184 3 2 0 477 242 1379 1388 244
6185 3 2 0 477 1379 243 245 1388
6186 3 2 0 478 246 1397 2833 1389
6187 3 2 0 478 1397 247 1393 2833
6188 3 2 0 478 1389 2833 2834 1390
6189 3 2 0 478 2833 1393 1394 2834
6190 3 2 0 478 1390 2834 2835 1391
6191 3 2 0 478 2834 1394 1395 2835
6192 3 2 0 478 1391 2835 2836 1392
6193 3 2 0 478 2835 1395 1396 2836
6194 3 2 0 478 1392 2836 1086 169
6195 3 2 0 478 2836 1396 170 1086
6196 3 2 0 479 244 246 1389 1380
6197 3 2 0 479 1380 1389 1390 1381
6198 3 2 0 479 1381 1390 1391 1382
6199 3 2 0 479 1382 1391 1392 1383
6200 3 2 0 479 1383 1392 169 167
6201 3 2 0 480 245 1384 1393 247
6202 3 2 0 480 1384 1385 1394 1393
6203 3 2 0 480 1385 1386 1395 1394
6204 3 2 0 480 1386 1387 1396 1395
6205 3 2 0 480 1387 168 170 1396
6206 3 2 0 481 244 1388 1397 246
6207 3 2 0 481 1388 245 247 1397
6208 3 2 0 482 248 1406 2837 1398
6209 3 2 0 482 1406 249 1402 2837
6210 3 2 0 482 1398 2837 2838 1399
6211 3 2 0 482 2837 1402 1403 2838
6212 3 2 0 482 1399 2838 2839 1400
6213 3 2 0 482 2838 1403 1404 2839
6214 3 2 0 482 1400 2839 2840 1401
6215 3 2 0 482 2839 1404 1405 2840
6216 3 2 0 482 1401 2840 1093 171
6217 3 2 0 482 2840 1405 172 1093
6218 3 2 0 483 246 1407 2841 1389
6219 3 2 0 483 1389 2841 2842 1390
6220 3 2 0 483 1390 2842 2843 1391
6221 3 2 0 483 1391 2843 2844 1392
6222 3 2 0 483 1392 2844 1094 169
6223 3 2 0 483 1407 248 1398 2841
6224 3 2 0 483 2841 1398 1399 2842
6225 3 2 0 483 2842 1399 1400 2843
6226 3 2 0 483 2843 1400 1401 2844
6227 3 2 0 483 2844 1401 171 1094
6228 3 2 0 484 247 1393 2845 1408
6229 3 2 0 484 1393 1394 2846 2845
6230 3 2 0 484 1394 1395 2847 2846
6231 3 2 0 484 1395 1396 2848 2847
6232 3 2 0 484 1396 170 1095 2848
6233 3 2 0 484 1408 2845 1402 249
6234 3 2 0 484 2845 2846 1403 1402
6235 3 2 0 484 2846 2847 1404 1403
6236 3 2 0 484 2847 2848 1405 1404
6237 3 2 0 484 2848 1095 172 1405
6238 3 2 0 485 246 1397 2849 1407
6239 3 2 0 485 1407 2849 1406 248
6240 3 2 0 485 1397 247 1408 2849
6241 3 2 0 485 2849 1408 249 1406
6242 3 2 0 486 250 1417 2850 1409
6243 3 2 0 486 1417 251 1413 2850
6244 3 2 0 486 1409 2850 2851 1410
6245 3 2 0 486 2850 1413 1414 2851
6246 3 2 0 486 1410 2851 2852 1411
6247 3 2 0 486 2851 1414 1415 2852
6248 3 2 0 486 1411 2852 2853 1412
6249 3 2 0 486 2852 1415 1416 2853
6250 3 2 0 486 1412 2853 1102 173
6251 3 2 0 486 2853 1416 174 1102
6252 3 2 0 487 248 250 1409 1398
6253 3 2 0 487 1398 1409 1410 1399
6254 3 2 0 487 1399 1410 1411 1400
6255 3 2 0 487 1400 1411 1412 1401
6256 3 2 0 487 1401 1412 173 171
6257 3 2 0 488 249 1402 1413 251
6258 3 2 0 488 1402 1403 1414 1413
6259 3 2 0 488 1403 1404 1415 1414
6260 3 2 0 488 1404 1405 1416 1415
6261 3 2 0 488 1405 172 174 1416
6262 3 2 0 489 248 1406 1417 250
6263 3 2 0 489 1406 249 251 1417
6264 3 2 0 490 252 1426 2854 1418
6265 3 2 0 490 1426 253 1422 2854
6266 3 2 0 490 1418 2854 2855 1419
6267 3 2 0 490 2854 1422 1423 2855
6268 3 2 0 490 1419 2855 2856 1420
6269 3 2 0 490 2855 1423 1424 2856
6270 3 2 0 490 1420 2856 2857 1421
6271 3 2 0 490 2856 1424 1425 2857
6272 3 2 0 490 1421 2857 1109 175
6273 3 2 0 490 2857 1425 176 1109
6274 3 2 0 491 250 1427 2858 1409
6275 3 2 0 491 1409 2858 2859 1410
6276 3 2 0 491 1410 2859 2860 1411
6277 3 2 0 491 1411 2860 2861 1412
6278 3 2 0 491 1412 2861 1110 173
6279 3 2 0 491 1427 1428 2862 2858
6280 3 2 0 491 2858 2862 2863 2859
6281 3 2 0 491 2859 2863 2864 2860
6282 3 2 0 491 2860 2864 2865 2861
6283 3 2 0 491 2861 2865 1111 1110
6284 3 2 0 491 1428 252 1418 2862
6285 3 2 0 491 2862 1418 1419 2863
6286 3 2 0 491 2863 1419 1420 2864
6287 3 2 0 491 2864 1420 1421 2865
6288 3 2 0 491 2865 1421 175 1111
6289 3 2 0 492 251 1413 2866 1429
6290 3 2 0 492 1413 1414 2867 2866
6291 3 2 0 492 1414 1415 2868 2867
6292 3 2 0 492 1415 1416 2869 2868
6293 3 2 0 492 1416 174 1112 2869
6294 3 2 0 492 1429 2866 2870 1430
6295 3 2 0 492 2866 2867 2871 2870
6296 3 2 0 492 2867 2868 2872 2871
6297 3 2 0 492 2868 2869 2873 2872
6298 3 2 0 492 2869 1112 1113 2873
6299 3 2 0 492 1430 2870 1422 253
6300 3 2 0 492 2870 2871 1423 1422
6301 3 2 0 492 2871 2872 1424 1423
6302 3 2 0 492 2872 2873 1425 1424
6303 3 2 0 492 2873 1113 176 1425
6304 3 2 0 493 250 1417 2874 1427
6305 3 2 0 493 1427 2874 2875 1428
6306 3 2 0 493 1428 2875 1426 252
6307 3 2 0 493 1417 251 1429 2874
6308 3 2 0 493 2874 1429 1430 2875
6309 3 2 0 493 2875 1430 253 1426
6310 3 2 0 494 233 1324 1431 254
6311 3 2 0 494 1324 1325 1432 1431
6312 3 2 0 494 1325 1326 1433 1432
6313 3 2 0 494 1326 1327 1434 1433
6314 3 2 0 494 1327 156 177 1434
6315 3 2 0 495 235 255 1435 1333
6316 3 2 0 495 1333 1435 1436 1334
6317 3 2 0 495 1334 1436 1437 1335
6318 3 2 0 495 1335 1437 1438 1336
6319 3 2 0 495 1336 1438 178 158
6320 3 2 0 496 254 1431 2876 1439
6321 3 2 0 496 1431 1432 2877 2876
6322 3 2 0 496 1432 1433 2878 2877
6323 3 2 0 496 1433 1434 2879 2878
6324 3 2 0 496 1434 177 1120 2879
6325 3 2 0 496 1439 2876 2880 1440
6326 3 2 0 496 2876 2877 2881 2880
6327 3 2 0 496 2877 2878 2882 2881
6328 3 2 0 496 2878 2879 2883 2882
6329 3 2 0 496 2879 1120 1121 2883
6330 3 2 0 496 1440 2880 1435 255
6331 3 2 0 496 2880 2881 1436 1435
6332 3 2 0 496 2881 2882 1437 1436
6333 3 2 0 496 2882 2883 1438 1437
6334 3 2 0 496 2883 1121 178 1438
6335 3 2 0 497 233 254 1439 1340
6336 3 2 0 497 1340 1439 1440 1341
6337 3 2 0 497 1341 1440 255 235
6338 3 2 0 498 237 256 1441 1346
6339 3 2 0 498 1346 1441 1442 1347
6340 3 2 0 498 1347 1442 1443 1348
6341 3 2 0 498 1348 1443 1444 1349
6342 3 2 0 498 1349 1444 179 160
6343 3 2 0 499 255 1435 1441 256
6344 3 2 0 499 1435 1436 1442 1441
6345 3 2 0 499 1436 1437 1443 1442
6346 3 2 0 499 1437 1438 1444 1443
6347 3 2 0 499 1438 178 179 1444
6348 3 2 0 500 235 255 256 237
6349 3 2 0 501 239 257 1445 1355
6350 3 2 0 501 1355 1445 1446 1356
6351 3 2 0 501 1356 1446 1447 1357
6352 3 2 0 501 1357 1447 1448 1358
6353 3 2 0 501 1358 1448 180 162
6354 3 2 0 502 256 1441 2884 1449
6355 3 2 0 502 1441 1442 2885 2884
6356 3 2 0 502 1442 1443 2886 2885
6357 3 2 0 502 1443 1444 2887 2886
6358 3 2 0 502 1444 179 1128 2887
6359 3 2 0 502 1449 2884 1445 257
6360 3 2 0 502 2884 2885 1446 1445
6361 3 2 0 502 2885 2886 1447 1446
6362 3 2 0 502 2886 2887 1448 1447
6363 3 2 0 502 2887 1128 180 1448
6364 3 2 0 503 237 256 1449 1361
6365 3 2 0 503 1361 1449 257 239
6366 3 2 0 504 241 258 1450 1366
6367 3 2 0 504 1366 1450 1451 1367
6368 3 2 0 504 1367 1451 1452 1368
6369 3 2 0 504 1368 1452 1453 1369
6370 3 2 0 504 1369 1453 181 164
6371 3 2 0 505 257 1445 1450 258
6372 3 2 0 505 1445 1446 1451 1450
6373 3 2 0 505 1446 1447 1452 1451
6374 3 2 0 505 1447 1448 1453 1452
6375 3 2 0 505 1448 180 181 1453
6376 3 2 0 506 239 257 258 241
6377 3 2 0 507 243 259 1454 1375
6378 3 2 0 507 1375 1454 1455 1376
6379 3 2 0 507 1376 1455 1456 1377
6380 3 2 0 507 1377 1456 1457 1378
6381 3 2 0 507 1378 1457 182 166
6382 3 2 0 508 258 1450 1454 259
6383 3 2 0 508 1450 1451 1455 1454
6384 3 2 0 508 1451 1452 1456 1455
6385 3 2 0 508 1452 1453 1457 1456
6386 3 2 0 508 1453 181 182 1457
6387 3 2 0 509 241 258 259 243
6388 3 2 0 510 245 260 1458 1384
6389 3 2 0 510 1384 1458 1459 1385
6390 3 2 0 510 1385 1459 1460 1386
6391 3 2 0 510 1386 1460 1461 1387
6392 3 2 0 510 1387 1461 183 168
6393 3 2 0 511 259 1454 1458 260
6394 3 2 0 511 1454 1455 1459 1458
6395 3 2 0 511 1455 1456 1460 1459
6396 3 2 0 511 1456 1457 1461 1460
6397 3 2 0 511 1457 182 183 1461
6398 3 2 0 512 243 259 260 245
6399 3 2 0 513 247 261 1462 1393
6400 3 2 0 513 1393 1462 1463 1394
6401 3 2 0 513 1394 1463 1464 1395
6402 3 2 0 513 1395 1464 1465 1396
6403 3 2 0 513 1396 1465 184 170
6404 3 2 0 514 260 1458 1462 261
6405 3 2 0 514 1458 1459 1463 1462
6406 3 2 0 514 1459 1460 1464 1463
6407 3 2 0 514 1460 1461 1465 1464
6408 3 2 0 514 1461 183 184 1465
6409 3 2 0 515 245 260 261 247
6410 3 2 0 516 249 262 1466 1402
6411 3 2 0 516 1402 1466 1467 1403
6412 3 2 0 516 1403 1467 1468 1404
6413 3 2 0 516 1404 1468 1469 1405
6414 3 2 0 516 1405 1469 185 172
6415 3 2 0 517 261 1462 2888 1470
6416 3 2 0 517 1462 1463 2889 2888
6417 3 2 0 517 1463 1464 2890 2889
6418 3 2 0 517 1464 1465 2891 2890
6419 3 2 0 517 1465 184 1144 2891
6420 3 2 0 517 1470 2888 1466 262
6421 3 2 0 517 2888 2889 1467 1466
6422 3 2 0 517 2889 2890 1468 1467
6423 3 2 0 517 2890 2891 1469 1468
6424 3 2 0 517 2891 1144 185 1469
6425 3 2 0 518 247 261 1470 1408
6426 3 2 0 518 1408 1470 262 249
6427 3 2 0 519 251 263 1471 1413
6428 3 2 0 519 1413 1471 1472 1414
6429 3 2 0 519 1414 1472 1473 1415
6430 3 2 0 519 1415 1473 1474 1416
6431 3 2 0 519 1416 1474 186 174
6432 3 2 0 520 262 1466 1471 263
6433 3 2 0 520 1466 1467 1472 1471
6434 3 2 0 520 1467 1468 1473 1472
6435 3 2 0 520 1468 1469 1474 1473
6436 3 2 0 520 1469 185 186 1474
6437 3 2 0 521 249 262 263 251
6438 3 2 0 522 253 264 1475 1422
6439 3 2 0 522 1422 1475 1476 1423
6440 3 2 0 522 1423 1476 1477 1424
6441 3 2 0 522 1424 1477 1478 1425
6442 3 2 0 522 1425 1478 187 176
6443 3 2 0 523 263 1471 2892 1479
6444 3 2 0 523 1471 1472 2893 2892
6445 3 2 0 523 1472 1473 2894 2893
6446 3 2 0 523 1473 1474 2895 2894
6447 3 2 0 523 1474 186 1151 2895
6448 3 2 0 523 1479 2892 2896 1480
6449 3 2 0 523 2892 2893 2897 2896
6450 3 2 0 523 2893 2894 2898 2897
6451 3 2 0 523 2894 2895 2899 2898
6452 3 2 0 523 2895 1151 1152 2899
6453 3 2 0 523 1480 2896 1475 264
6454 3 2 0 523 2896 2897 1476 1475
6455 3 2 0 523 2897 2898 1477 1476
6456 3 2 0 523 2898 2899 1478 1477
6457 3 2 0 523 2899 1152 187 1478
6458 3 2 0 524 251 263 1479 1429
6459 3 2 0 524 1429 1479 1480 1430
6460 3 2 0 524 1430 1480 264 253
6461 3 2 0 525 254 1431 1481 265
6462 3 2 0 525 1431 1432 1482 1481
6463 3 2 0 525 1432 1433 1483 1482
6464 3 2 0 525 1433 1434 1484 1483
6465 3 2 0 525 1434 177 188 1484
6466 3 2 0 526 255 266 1485 1435
6467 3 2 0 526 1435 1485 1486 1436
6468 3 2 0 526 1436 1486 1487 1437
6469 3 2 0 526 1437 1487 1488 1438
6470 3 2 0 526 1438 1488 189 178
6471 3 2 0 527 265 1481 2900 1489
6472 3 2 0 527 1481 1482 2901 2900
6473 3 2 0 527 1482 1483 2902 2901
6474 3 2 0 527 1483 1484 2903 2902
6475 3 2 0 527 1484 188 1159 2903
6476 3 2 0 527 1489 2900 2904 1490
6477 3 2 0 527 2900 2901 2905 2904
6478 3 2 0 527 2901 2902 2906 2905
6479 3 2 0 527 2902 2903 2907 2906
6480 3 2 0 527 2903 1159 1160 2907
6481 3 2 0 527 1490 2904 1485 266
6482 3 2 0 527 2904 2905 1486 1485
6483 3 2 0 527 2905 2906 1487 1486
6484 3 2 0 527 2906 2907 1488 1487
6485 3 2 0 527 2907 1160 189 1488
6486 3 2 0 528 254 265 1489 1439
6487 3 2 0 528 1439 1489 1490 1440
6488 3 2 0 528 1440 1490 266 255
6489 3 2 0 529 256 267 1491 1441
6490 3 2 0 529 1441 1491 1492 1442
6491 3 2 0 529 1442 1492 1493 1443
6492 3 2 0 529 1443 1493 1494 1444
6493 3 2 0 529 1444 1494 190 179
6494 3 2 0 530 266 1485 1491 267
6495 3 2 0 530 1485 1486 1492 1491
6496 3 2 0 530 1486 1487 1493 1492
6497 3 2 0 530 1487 1488 1494 1493
6498 3 2 0 530 1488 189 190 1494
6499 3 2 0 531 255 266 267 256
6500 3 2 0 532 257 268 1495 1445
6501 3 2 0 532 1445 1495 1496 1446
6502 3 2 0 532 1446 1496 1497 1447
6503 3 2 0 532 1447 1497 1498 1448
6504 3 2 0 532 1448 1498 191 180
6505 3 2 0 533 267 1491 2908 1499
6506 3 2 0 533 1491 1492 2909 2908
6507 3 2 0 533 1492 1493 2910 2909
6508 3 2 0 533 1493 1494 2911 2910
6509 3 2 0 533 1494 190 1167 2911
6510 3 2 0 533 1499 2908 1495 268
6511 3 2 0 533 2908 2909 1496 1495
6512 3 2 0 533 2909 2910 1497 1496
6513 3 2 0 533 2910 2911 1498 1497
6514 3 2 0 533 2911 1167 191 1498
6515 3 2 0 534 256 267 1499 1449
6516 3 2 0 534 1449 1499 268 257
6517 3 2 0 535 258 269 1500 1450
6518 3 2 0 535 1450 1500 1501 1451
6519 3 2 0 535 1451 1501 1502 1452
6520 3 2 0 535 1452 1502 1503 1453
6521 3 2 0 535 1453 1503 192 181
6522 3 2 0 536 268 1495 1500 269
6523 3 2 0 536 1495 1496 1501 1500
6524 3 2 0 536 1496 1497 1502 1501
6525 3 2 0 536 1497 1498 1503 1502
6526 3 2 0 536 1498 191 192 1503
6527 3 2 0 537 257 268 269 258
6528 3 2 0 538 259 270 1504 1454
6529 3 2 0 538 1454 1504 1505 1455
6530 3 2 0 538 1455 1505 1506 1456
6531 3 2 0 538 1456 1506 1507 1457
6532 3 2 0 538 1457 1507 193 182
6533 3 2 0 539 269 1500 1504 270
6534 3 2 0 539 1500 1501 1505 1504
6535 3 2 0 539 1501 1502 1506 1505
6536 3 2 0 539 1502 1503 1507 1506
6537 3 2 0 539 1503 192 193 1507
6538 3 2 0 540 258 269 270 259
6539 3 2 0 541 260 271 1508 1458
6540 3 2 0 541 1458 1508 1509 1459
6541 3 2 0 541 1459 1509 1510 1460
6542 3 2 0 541 1460 1510 1511 1461
6543 3 2 0 541 1461 1511 194 183
6544 3 2 0 542 270 1504 1508 271
6545 3 2 0 542 1504 1505 1509 1508
6546 3 2 0 542 1505 1506 1510 1509
6547 3 2 0 542 1506 1507 1511 1510
6548 3 2 0 542 1507 193 194 1511
6549 3 2 0 543 259 270 271 260
6550 3 2 0 544 261 272 1512 1462
6551 3 2 0 544 1462 1512 1513 1463
6552 3 2 0 544 1463 1513 1514 1464
6553 3 2 0 544 1464 1514 1515 1465
6554 3 2 0 544 1465 1515 195 184
6555 3 2 0 545 271 1508 1512 272
6556 3 2 0 545 1508 1509 1513 1512
6557 3 2 0 545 1509 1510 1514 1513
6558 3 2 0 545 1510 1511 1515 1514
6559 3 2 0 545 1511 194 195 1515
6560 3 2 0 546 260 271 272 261
6561 3 2 0 547 262 273 1516 1466
6562 3 2 0 547 1466 1516 1517 1467
6563 3 2 0 547 1467 1517 1518 1468
6564 3 2 0 547 1468 1518 1519 1469
6565 3 2 0 547 1469 1519 196 185
6566 3 2 0 548 272 1512 2912 1520
6567 3 2 0 548 1512 1513 2913 2912
6568 3 2 0 548 1513 1514 2914 2913
6569 3 2 0 548 1514 1515 2915 2914
6570 3 2 0 548 1515 195 1183 2915
6571 3 2 0 548 1520 2912 1516 273
6572 3 2 0 548 2912 2913 1517 1516
6573 3 2 0 548 2913 2914 1518 1517
6574 3 2 0 548 2914 2915 1519 1518
6575 3 2 0 548 2915 1183 196 1519
6576 3 2 0 549 261 272 1520 1470
6577 3 2 0 549 1470 1520 273 262
6578 3 2 0 550 263 274 1521 1471
6579 3 2 0 550 1471 1521 1522 1472
6580 3 2 0 550 1472 1522 1523 1473
6581 3 2 0 550 1473 1523 1524 1474
6582 3 2 0 550 1474 1524 197 186
6583 3 2 0 551 273 1516 1521 274
6584 3 2 0 551 1516 1517 1522 1521
6585 3 2 0 551 1517 1518 1523 1522
6586 3 2 0 551 1518 1519 1524 1523
6587 3 2 0 551 1519 196 197 1524
6588 3 2 0 552 262 273 274 263
6589 3 2 0 553 264 275 1525 1475
6590 3 2 0 553 1475 1525 1526 1476
6591 3 2 0 553 1476 1526 1527 1477
6592 3 2 0 553 1477 1527 1528 1478
6593 3 2 0 553 1478 1528 198 187
6594 3 2 0 554 274 1521 2916 1529
6595 3 2 0 554 1521 1522 2917 2916
6596 3 2 0 554 1522 1523 2918 2917
6597 3 2 0 554 1523 1524 2919 2918
6598 3 2 0 554 1524 197 1190 2919
6599 3 2 0 554 1529 2916 2920 1530
6600 3 2 0 554 2916 2917 2921 2920
6601 3 2 0 554 2917 2918 2922 2921
6602 3 2 0 554 2918 2919 2923 2922
6603 3 2 0 554 2919 1190 1191 2923
6604 3 2 0 554 1530 2920 1525 275
6605 3 2 0 554 2920 2921 1526 1525
6606 3 2 0 554 2921 2922 1527 1526
6607 3 2 0 554 2922 2923 1528 1527
6608 3 2 0 554 2923 1191 198 1528
6609 3 2 0 555 263 274 1529 1479
6610 3 2 0 555 1479 1529 1530 1480
6611 3 2 0 555 1480 1530 275 264
6612 3 2 0 556 265 1481 1531 276
6613 3 2 0 556 1481 1482 1532 1531
6614 3 2 0 556 1482 1483 1533 1532
6615 3 2 0 556 1483 1484 1534 1533
6616 3 2 0 556 1484 188 199 1534
6617 3 2 0 557 266 277 1535 1485
6618 3 2 0 557 1485 1535 1536 1486
6619 3 2 0 557 1486 1536 1537 1487
6620 3 2 0 557 1487 1537 1538 1488
6621 3 2 0 557 1488 1538 200 189
6622 3 2 0 558 276 1531 2924 1539
6623 3 2 0 558 1531 1532 2925 2924
6624 3 2 0 558 1532 1533 2926 2925
6625 3 2 0 558 1533 1534 2927 2926
6626 3 2 0 558 1534 199 1198 2927
6627 3 2 0 558 1539 2924 2928 1540
6628 3 2 0 558 2924 2925 2929 2928
6629 3 2 0 558 2925 2926 2930 2929
6630 3 2 0 558 2926 2927 2931 2930
6631 3 2 0 558 2927 1198 1199 2931
6632 3 2 0 558 1540 2928 1535 277
6633 3 2 0 558 2928 2929 1536 1535
6634 3 2 0 558 2929 2930 1537 1536
6635 3 2 0 558 2930 2931 1538 1537
6636 3 2 0 558 2931 1199 200 1538
6637 3 2 0 559 265 276 1539 1489
6638 3 2 0 559 1489 1539 1540 1490
6639 3 2 0 559 1490 1540 277 266
6640 3 2 0 560 267 278 1541 1491
6641 3 2 0 560 1491 1541 1542 1492
6642 3 2 0 560 1492 1542 1543 1493
6643 3 2 0 560 1493 1543 1544 1494
6644 3 2 0 560 1494 1544 201 190
6645 3 2 0 561 277 1535 1541 278
6646 3 2 0 561 1535 1536 1542 1541
6647 3 2 0 561 1536 1537 1543 1542
6648 3 2 0 561 1537 1538 1544 1543
6649 3 2 0 561 1538 200 201 1544
6650 3 2 0 562 266 277 278 267
6651 3 2 0 563 268 279 1545 1495
6652 3 2 0 563 1495 1545 1546 1496
6653 3 2 0 563 1496 1546 1547 1497
6654 3 2 0 563 1497 1547 1548 1498
6655 3 2 0 563 1498 1548 202 191
6656 3 2 0 564 278 1541 2932 1549
6657 3 2 0 564 1541 1542 2933 2932
6658 3 2 0 564 1542 1543 2934 2933
6659 3 2 0 564 1543 1544 2935 2934
6660 3 2 0 564 1544 201 1206 2935
6661 3 2 0 564 1549 2932 1545 279
6662 3 2 0 564 2932 2933 1546 1545
6663 3 2 0 564 2933 2934 1547 1546
6664 3 2 0 564 2934 2935 1548 1547
6665 3 2 0 564 2935 1206 202 1548
6666 3 2 0 565 267 278 1549 1499
6667 3 2 0 565 1499 1549 279 268
6668 3 2 0 566 269 280 1550 1500
6669 3 2 0 566 1500 1550 1551 1501
6670 3 2 0 566 1501 1551 1552 1502
6671 3 2 0 566 1502 1552 1553 1503
6672 3 2 0 566 1503 1553 203 192
6673 3 2 0 567 279 1545 1550 280
6674 3 2 0 567 1545 1546 1551 1550
6675 3 2 0 567 1546 1547 1552 1551
6676 3 2 0 567 1547 1548 1553 1552
6677 3 2 0 567 1548 202 203 1553
6678 3 2 0 568 268 279 280 269
6679 3 2 0 569 270 281 1554 1504
6680 3 2 0 569 1504 1554 1555 1505
6681 3 2 0 569 1505 1555 1556 1506
6682 3 2 0 569 1506 1556 1557 1507
6683 3 2 0 569 1507 1557 204 193
6684 3 2 0 570 280 1550 1554 281
6685 3 2 0 570 1550 1551 1555 1554
6686 3 2 0 570 1551 1552 1556 1555
6687 3 2 0 570 1552 1553 1557 1556
6688 3 2 0 570 1553 203 204 1557
6689 3 2 0 571 269 280 281 270
6690 3 2 0 572 271 282 1558 1508
6691 3 2 0 572 1508 1558 1559 1509
6692 3 2 0 572 1509 1559 1560 1510
6693 3 2 0 572 1510 1560 1561 1511
6694 3 2 0 572 1511 1561 205 194
6695 3 2 0 573 281 1554 1558 282
6696 3 2 0 573 1554 1555 1559 1558
6697 3 2 0 573 1555 1556 1560 1559
6698 3 2 0 573 1556 1557 1561 1560
6699 3 2 0 573 1557 204 205 1561
6700 3 2 0 574 270 281 282 271
6701 3 2 0 575 272 283 1562 1512
6702 3 2 0 575 1512 1562 1563 1513
6703 3 2 0 575 1513 1563 1564 1514
6704 3 2 0 575 1514 1564 1565 1515
6705 3 2 0 575 1515 1565 206 195
6706 3 2 0 576 282 1558 1562 283
6707 3 2 0 576 1558 1559 1563 1562
6708 3 2 0 576 1559 1560 1564 1563
6709 3 2 0 576 1560 1561 1565 1564
6710 3 2 0 576 1561 205 206 1565
6711 3 2 0 577 271 282 283 272
6712 3 2 0 578 273 284 1566 1516
6713 3 2 0 578 1516 1566 1567 1517
6714 3 2 0 578 1517 1567 1568 1518
6715 3 2 0 578 1518 1568 1569 1519
6716 3 2 0 578 1519 1569 207 196
6717 3 2 0 579 283 1562 2936 1570
6718 3 2 0 579 1562 1563 2937 2936
6719 3 2 0 579 1563 1564 2938 2937
6720 3 2 0 579 1564 1565 2939 2938
6721 3 2 0 579 1565 206 1222 2939
6722 3 2 0 579 1570 2936 1566 284
6723 3 2 0 579 2936 2937 1567 1566
6724 3 2 0 579 2937 2938 1568 1567
6725 3 2 0 579 2938 2939 1569 1568
6726 3 2 0 579 2939 1222 207 1569
6727 3 2 0 580 272 283 1570 1520
6728 3 2 0 580 1520 1570 284 273
6729 3 2 0 581 274 285 1571 1521
6730 3 2 0 581 1521 1571 1572 1522
6731 3 2 0 581 1522 1572 1573 1523
6732 3 2 0 581 1523 1573 1574 1524
6733 3 2 0 581 1524 1574 208 197
6734 3 2 0 582 284 1566 1571 285
6735 3 2 0 582 1566 1567 1572 1571
6736 3 2 0 582 1567 1568 1573 1572
6737 3 2 0 582 1568 1569 1574 1573
6738 3 2 0 582 1569 207 208 1574
6739 3 2 0 583 273 284 285 274
6740 3 2 0 584 275 286 1575 1525
6741 3 2 0 584 1525 1575 1576 1526
6742 3 2 0 584 1526 1576 1577 1527
6743 3 2 0 584 1527 1577 1578 1528
6744 3 2 0 584 1528 1578 209 198
6745 3 2 0 585 285 1571 2940 1579
6746 3 2 0 585 1571 1572 2941 2940
6747 3 2 0 585 1572 1573 2942 2941
6748 3 2 0 585 1573 1574 2943 2942
6749 3 2 0 585 1574 208 1229 2943
6750 3 2 0 585 1579 2940 2944 1580
6751 3 2 0 585 2940 2941 2945 2944
6752 3 2 0 585 2941 2942 2946 2945
6753 3 2 0 585 2942 2943 2947 2946
6754 3 2 0 585 2943 1229 1230 2947
6755 3 2 0 585 1580 2944 1575 286
6756 3 2 0 585 2944 2945 1576 1575
6757 3 2 0 585 2945 2946 1577 1576
6758 3 2 0 585 2946 2947 1578 1577
6759 3 2 0 585 2947 1230 209 1578
6760 3 2 0 586 274 285 1579 1529
6761 3 2 0 586 1529 1579 1580 1530
6762 3 2 0 586 1530 1580 286 275
6763 3 2 0 587 276 1531 1581 287
6764 3 2 0 587 1531 1532 1582 1581
6765 3 2 0 587 1532 1533 1583 1582
6766 3 2 0 587 1533 1534 1584 1583
6767 3 2 0 587 1534 199 210 1584
6768 3 2 0 588 277 288 1585 1535
6769 3 2 0 588 1535 1585 1586 1536
6770 3 2 0 588 1536 1586 1587 1537
6771 3 2 0 588 1537 1587 1588 1538
6772 3 2 0 588 1538 1588 211 200
6773 3 2 0 589 287 1581 2948 1589
6774 3 2 0 589 1581 1582 2949 2948
6775 3 2 0 589 1582 1583 2950 2949
6776 3 2 0 589 1583 1584 2951 2950
6777 3 2 0 589 1584 210 1237 2951
6778 3 2 0 589 1589 2948 2952 1590
6779 3 2 0 589 2948 2949 2953 2952
6780 3 2 0 589 2949 2950 2954 2953
6781 3 2 0 589 2950 2951 2955 2954
6782 3 2 0 589 2951 1237 1238 2955
6783 3 2 0 589 1590 2952 1585 288
6784 3 2 0 589 2952 2953 1586 1585
6785 3 2 0 589 2953 2954 1587 1586
6786 3 2 0 589 2954 2955 1588 1587
6787 3 2 0 589 2955 1238 211 1588
6788 3 2 0 590 276 287 1589 1539
6789 3 2 0 590 1539 1589 1590 1540
6790 3 2 0 590 1540 1590 288 277
6791 3 2 0 591 278 289 1591 1541
6792 3 2 0 591 1541 1591 1592 1542
6793 3 2 0 591 1542 1592 1593 1543
6794 3 2 0 591 1543 1593 1594 1544
6795 3 2 0 591 1544 1594 212 201
6796 3 2 0 592 288 1585 1591 289
6797 3 2 0 592 1585 1586 1592 1591
6798 3 2 0 592 1586 1587 1593 1592
6799 3 2 0 592 1587 1588 1594 1593
6800 3 2 0 592 1588 211 212 1594
6801 3 2 0 593 277 288 289 278
6802 3 2 0 594 279 290 1595 1545
6803 3 2 0 594 1545 1595 1596 1546
6804 3 2 0 594 1546 1596 1597 1547
6805 3 2 0 594 1547 1597 1598 1548
6806 3 2 0 594 1548 1598 213 202
6807 3 2 0 595 289 1591 2956 1599
6808 3 2 0 595 1591 1592 2957 2956
6809 3 2 0 595 1592 1593 2958 2957
6810 3 2 0 595 1593 1594 2959 2958
6811 3 2 0 595 1594 212 1245 2959
6812 3 2 0 595 1599 2956 1595 290
6813 3 2 0 595 2956 2957 1596 1595
6814 3 2 0 595 2957 2958 1597 1596
6815 3 2 0 595 2958 2959 1598 1597
6816 3 2 0 595 2959 1245 213 1598
6817 3 2 0 596 278 289 1599 1549
6818 3 2 0 596 1549 1599 290 279
6819 3 2 0 597 280 291 1600 1550
6820 3 2 0 597 1550 1600 1601 1551
6821 3 2 0 597 1551 1601 1602 1552
6822 3 2 0 597 1552 1602 1603 1553
6823 3 2 0 597 1553 1603 214 203
6824 3 2 0 598 290 1595 1600 291
6825 3 2 0 598 1595 1596 1601 1600
6826 3 2 0 598 1596 1597 1602 1601
6827 3 2 0 598 1597 1598 1603 1602
6828 3 2 0 598 1598 213 214 1603
6829 3 2 0 599 279 290 291 280
6830 3 2 0 600 281 292 1604 1554
6831 3 2 0 600 1554 1604 1605 1555
6832 3 2 0 600 1555 1605 1606 1556
6833 3 2 0 600 1556 1606 1607 1557
6834 3 2 0 600 1557 1607 215 204
6835 3 2 0 601 291 1600 1604 292
6836 3 2 0 601 1600 1601 1605 1604
6837 3 2 0 601 1601 1602 1606 1605
6838 3 2 0 601 1602 1603 1607 1606
6839 3 2 0 601 1603 214 215 1607
6840 3 2 0 602 280 291 292 281
6841 3 2 0 603 282 293 1608 1558
6842 3 2 0 603 1558 1608 1609 1559
6843 3 2 0 603 1559 1609 1610 1560
6844 3 2 0 603 1560 1610 1611 1561
6845 3 2 0 603 1561 1611 216 205
6846 3 2 0 604 292 1604 1608 293
6847 3 2 0 604 1604 1605 1609 1608
6848 3 2 0 604 1605 1606 1610 1609
6849 3 2 0 604 1606 1607 1611 1610
6850 3 2 0 604 1607 215 216 1611
6851 3 2 0 605 281 292 293 282
6852 3 2 0 606 283 294 1612 1562
6853 3 2 0 606 1562 1612 1613 1563
6854 3 2 0 606 1563 1613 1614 1564
6855 3 2 0 606 1564 1614 1615 1565
6856 3 2 0 606 1565 1615 217 206
6857 3 2 0 607 293 1608 1612 294
6858 3 2 0 607 1608 1609 1613 1612
6859 3 2 0 607 1609 1610 1614 1613
6860 3 2 0 607 1610 1611 1615 1614
6861 3 2 0 607 1611 216 217 1615
6862 3 2 0 608 282 293 294 283
6863 3 2 0 609 284 295 1616 1566
6864 3 2 0 609 1566 1616 1617 1567
6865 3 2 0 609 1567 1617 1618 1568
6866 3 2 0 609 1568 1618 1619 1569
6867 3 2 0 609 1569 1619 218 207
6868 3 2 0 610 294 1612 2960 1620
6869 3 2 0 610 1612 1613 2961 2960
6870 3 2 0 610 1613 1614 2962 2961
6871 3 2 0 610 1614 1615 2963 2962
6872 3 2 0 610 1615 217 1261 2963
6873 3 2 0 610 1620 2960 1616 295
6874 3 2 0 610 2960 2961 1617 1616
6875 3 2 0 610 2961 2962 1618 1617
6876 3 2 0 610 2962 2963 1619 1618
6877 3 2 0 610 2963 1261 218 1619
6878 3 2 0 611 283 294 1620 1570
6879 3 2 0 611 1570 1620 295 284
6880 3 2 0 612 285 296 1621 1571
6881 3 2 0 612 1571 1621 1622 1572
6882 3 2 0 612 1572 1622 1623 1573
6883 3 2 0 612 1573 1623 1624 1574
6884 3 2 0 612 1574 1624 219 208
6885 3 2 0 613 295 1616 1621 296
6886 3 2 0 613 1616 1617 1622 1621
6887 3 2 0 613 1617 1618 1623 1622
6888 3 2 0 613 1618 1619 1624 1623
6889 3 2 0 613 1619 218 219 1624
6890 3 2 0 614 284 295 296 285
6891 3 2 0 615 286 297 1625 1575
6892 3 2 0 615 1575 1625 1626 1576
6893 3 2 0 615 1576 1626 1627 1577
6894 3 2 0 615 1577 1627 1628 1578
6895 3 2 0 615 1578 1628 220 209
6896 3 2 0 616 296 1621 2964 1629
6897 3 2 0 616 1621 1622 2965 2964
6898 3 2 0 616 1622 1623 2966 2965
6899 3 2 0 616 1623 1624 2967 2966
6900 3 2 0 616 1624 219 1268 2967
6901 3 2 0 616 1629 2964 2968 1630
6902 3 2 0 616 2964 2965 2969 2968
6903 3 2 0 616 2965 2966 2970 2969
6904 3 2 0 616 2966 2967 2971 2970
6905 3 2 0 616 2967 1268 1269 2971
6906 3 2 0 616 1630 2968 1625 297
6907 3 2 0 616 2968 2969 1626 1625
6908 3 2 0 616 2969 2970 1627 1626
6909 3 2 0 616 2970 2971 1628 1627
6910 3 2 0 616 2971 1269 220 1628
6911 3 2 0 617 285 296 1629 1579
6912 3 2 0 617 1579 1629 1630 1580
6913 3 2 0 617 1580 1630 297 286
6914 3 2 0 618 287 1581 2972 1635
6915 3 2 0 618 1635 2972 1631 298
6916 3 2 0 618 1581 1582 2973 2972
6917 3 2 0 618 2972 2973 1632 1631
6918 3 2 0 618 1582 1583 2974 2973
6919 3 2 0 618 2973 2974 1633 1632
6920 3 2 0 618 1583 1584 2975 2974
6921 3 2 0 618 2974 2975 1634 1633
6922 3 2 0 618 1584 210 1273 2975
6923 3 2 0 618 2975 1273 221 1634
6924 3 2 0 619 288 1640 2976 1585
6925 3 2 0 619 1640 299 1636 2976
6926 3 2 0 619 1585 2976 2977 1586
6927 3 2 0 619 2976 1636 1637 2977
6928 3 2 0 619 1586 2977 2978 1587
6929 3 2 0 619 2977 1637 1638 2978
6930 3 2 0 619 1587 2978 2979 1588
6931 3 2 0 619 2978 1638 1639 2979
6932 3 2 0 619 1588 2979 1277 211
6933 3 2 0 619 2979 1639 222 1277
6934 3 2 0 620 298 1631 2980 1641
6935 3 2 0 620 1631 1632 2981 2980
6936 3 2 0 620 1632 1633 2982 2981
6937 3 2 0 620 1633 1634 2983 2982
6938 3 2 0 620 1634 221 1278 2983
6939 3 2 0 620 1641 2980 2984 1642
6940 3 2 0 620 2980 2981 2985 2984
6941 3 2 0 620 2981 2982 2986 2985
6942 3 2 0 620 2982 2983 2987 2986
6943 3 2 0 620 2983 1278 1279 2987
6944 3 2 0 620 1642 2984 1636 299
6945 3 2 0 620 2984 2985 1637 1636
6946 3 2 0 620 2985 2986 1638 1637
6947 3 2 0 620 2986 2987 1639 1638
6948 3 2 0 620 2987 1279 222 1639
6949 3 2 0 621 287 1635 2988 1589
6950 3 2 0 621 1589 2988 2989 1590
6951 3 2 0 621 1590 2989 1640 288
6952 3 2 0 621 1635 298 1641 2988
6953 3 2 0 621 2988 1641 1642 2989
6954 3 2 0 621 2989 1642 299 1640
6955 3 2 0 622 289 1647 2990 1591
6956 3 2 0 622 1647 300 1643 2990
6957 3 2 0 622 1591 2990 2991 1592
6958 3 2 0 622 2990 1643 1644 2991
6959 3 2 0 622 1592 2991 2992 1593
6960 3 2 0 622 2991 1644 1645 2992
6961 3 2 0 622 1593 2992 2993 1594
6962 3 2 0 622 2992 1645 1646 2993
6963 3 2 0 622 1594 2993 1283 212
6964 3 2 0 622 2993 1646 223 1283
6965 3 2 0 623 299 1636 1643 300
6966 3 2 0 623 1636 1637 1644 1643
6967 3 2 0 623 1637 1638 1645 1644
6968 3 2 0 623 1638 1639 1646 1645
6969 3 2 0 623 1639 222 223 1646
6970 3 2 0 624 288 1640 1647 289
6971 3 2 0 624 1640 299 300 1647
6972 3 2 0 625 290 1652 2994 1595
6973 3 2 0 625 1652 301 1648 2994
6974 3 2 0 625 1595 2994 2995 1596
6975 3 2 0 625 2994 1648 1649 2995
6976 3 2 0 625 1596 2995 2996 1597
6977 3 2 0 625 2995 1649 1650 2996
6978 3 2 0 625 1597 2996 2997 1598
6979 3 2 0 625 2996 1650 1651 2997
6980 3 2 0 625 1598 2997 1287 213
6981 3 2 0 625 2997 1651 224 1287
6982 3 2 0 626 300 1643 2998 1653
6983 3 2 0 626 1643 1644 2999 2998
6984 3 2 0 626 1644 1645 3000 2999
6985 3 2 0 626 1645 1646 3001 3000
6986 3 2 0 626 1646 223 1288 3001
6987 3 2 0 626 1653 2998 1648 301
6988 3 2 0 626 2998 2999 1649 1648
6989 3 2 0 626 2999 3000 1650 1649
6990 3 2 0 626 3000 3001 1651 1650
6991 3 2 0 626 3001 1288 224 1651
6992 3 2 0 627 289 1647 3002 1599
6993 3 2 0 627 1599 3002 1652 290
6994 3 2 0 627 1647 300 1653 3002
6995 3 2 0 627 3002 1653 301 1652
6996 3 2 0 628 291 1658 3003 1600
6997 3 2 0 628 1658 302 1654 3003
6998 3 2 0 628 1600 3003 3004 1601
6999 3 2 0 628 3003 1654 1655 3004
7000 3 2 0 628 1601 3004 3005 1602
7001 3 2 0 628 3004 1655 1656 3005
7002 3 2 0 628 1602 3005 3006 1603
7003 3 2 0 628 3005 1656 1657 3006
7004 3 2 0 628 1603 3006 1292 214
7005 3 2 0 628 3006 1657 225 1292
7006 3 2 0 629 301 1648 1654 302
7007 3 2 0 629 1648 1649 1655 1654
7008 3 2 0 629 1649 1650 1656 1655
7009 3 2 0 629 1650 1651 1657 1656
7010 3 2 0 629 1651 224 225 1657
7011 3 2 0 630 290 1652 1658 291
7012 3 2 0 630 1652 301 302 1658
7013 3 2 0 631 292 1663 3007 1604
7014 3 2 0 631 1663 303 1659 3007
7015 3 2 0 631 1604 3007 3008 1605
7016 3 2 0 631 3007 1659 1660 3008
7017 3 2 0 631 1605 3008 3009 1606
7018 3 2 0 631 3008 1660 1661 3009
7019 3 2 0 631 1606 3009 3010 1607
7020 3 2 0 631 3009 1661 1662 3010
7021 3 2 0 631 1607 3010 1296 215
7022 3 2 0 631 3010 1662 226 1296
7023 3 2 0 632 302 1654 1659 303
7024 3 2 0 632 1654 1655 1660 1659
7025 3 2 0 632 1655 1656 1661 1660
7026 3 2 0 632 1656 1657 1662 1661
7027 3 2 0 632 1657 225 226 1662
7028 3 2 0 633 291 1658 1663 292
7029 3 2 0 633 1658 302 303 1663
7030 3 2 0 634 293 1668 3011 1608
7031 3 2 0 634 1668 304 1664 3011
7032 3 2 0 634 1608 3011 3012 1609
7033 3 2 0 634 3011 1664 1665 3012
7034 3 2 0 634 1609 3012 3013 1610
7035 3 2 0 634 3012 1665 1666 3013
7036 3 2 0 634 1610 3013 3014 1611
7037 3 2 0 634 3013 1666 1667 3014
7038 3 2 0 634 1611 3014 1300 216
7039 3 2 0 634 3014 1667 227 1300
7040 3 2 0 635 303 1659 1664 304
7041 3 2 0 635 1659 1660 1665 1664
7042 3 2 0 635 1660 1661 1666 1665
7043 3 2 0 635 1661 1662 1667 1666
7044 3 2 0 635 1662 226 227 1667
7045 3 2 0 636 292 1663 1668 293
7046 3 2 0 636 1663 303 304 1668
7047 3 2 0 637 294 1673 3015 1612
7048 3 2 0 637 1673 305 1669 3015
7049 3 2 0 637 1612 3015 3016 1613
7050 3 2 0 637 3015 1669 1670 3016
7051 3 2 0 637 1613 3016 3017 1614
7052 3 2 0 637 3016 1670 1671 3017
7053 3 2 0 637 1614 3017 3018 1615
7054 3 2 0 637 3017 1671 1672 3018
7055 3 2 0 637 1615 3018 1304 217
7056 3 2 0 637 3018 1672 228 1304
7057 3 2 0 638 304 1664 1669 305
7058 3 2 0 638 1664 1665 1670 1669
7059 3 2 0 638 1665 1666 1671 1670
7060 3 2 0 638 1666 1667 1672 1671
7061 3 2 0 638 1667 227 228 1672
7062 3 2 0 639 293 1668 1673 294
7063 3 2 0 639 1668 304 305 1673
7064 3 2 0 640 295 1678 3019 1616
7065 3 2 0 640 1678 306 1674 3019
7066 3 2 0 640 1616 3019 3020 1617
7067 3 2 0 640 3019 1674 1675 3020
7068 3 2 0 640 1617 3020 3021 1618
7069 3 2 0 640 3020 1675 1676 3021
7070 3 2 0 640 1618 3021 3022 1619
7071 3 2 0 640 3021 1676 1677 3022
7072 3 2 0 640 1619 3022 1308 218
7073 3 2 0 640 3022 1677 229 1308
7074 3 2 0 641 305 1669 3023 1679
7075 3 2 0 641 1669 1670 3024 3023
7076 3 2 0 641 1670 1671 3025 3024
7077 3 2 0 641 1671 1672 3026 3025
7078 3 2 0 641 1672 228 1309 3026
7079 3 2 0 641 1679 3023 1674 306
7080 3 2 0 641 3023 3024 1675 1674
7081 3 2 0 641 3024 3025 1676 1675
7082 3 2 0 641 3025 3026 1677 1676
7083 3 2 0 641 3026 1309 229 1677
7084 3 2 0 642 294 1673 3027 1620
7085 3 2 0 642 1620 3027 1678 295
7086 3 2 0 642 1673 305 1679 3027
7087 3 2 0 642 3027 1679 306 1678
7088 3 2 0 643 296 1684 3028 1621
7089 3 2 0 643 1684 307 1680 3028
7090 3 2 0 643 1621 3028 3029 1622
7091 3 2 0 643 3028 1680 1681 3029
7092 3 2 0 643 1622 3029 3030 1623
7093 3 2 0 643 3029 1681 1682 3030
7094 3 2 0 643 1623 3030 3031 1624
7095 3 2 0 643 3030 1682 1683 3031
7096 3 2 0 643 1624 3031 1313 219
7097 3 2 0 643 3031 1683 230 1313
7098 3 2 0 644 306 1674 1680 307
7099 3 2 0 644 1674 1675 1681 1680
7100 3 2 0 644 1675 1676 1682 1681
7101 3 2 0 644 1676 1677 1683 1682
7102 3 2 0 644 1677 229 230 1683
7103 3 2 0 645 295 1678 1684 296
7104 3 2 0 645 1678 306 307 1684
7105 3 2 0 646 297 1689 3032 1625
7106 3 2 0 646 1689 308 1685 3032
7107 3 2 0 646 1625 3032 3033 1626
7108 3 2 0 646 3032 1685 1686 3033
7109 3 2 0 646 1626 3033 3034 1627
7110 3 2 0 646 3033 1686 1687 3034
7111 3 2 0 646 1627 3034 3035 1628
7112 3 2 0 646 3034 1687 1688 3035
7113 3 2 0 646 1628 3035 1317 220
7114 3 2 0 646 3035 1688 231 1317
7115 3 2 0 647 307 1680 3036 1690
7116 3 2 0 647 1680 1681 3037 3036
7117 3 2 0 647 1681 1682 3038 3037
7118 3 2 0 647 1682 1683 3039 3038
7119 3 2 0 647 1683 230 1318 3039
7120 3 2 0 647 1690 3036 3040 1691
7121 3 2 0 647 3036 3037 3041 3040
7122 3 2 0 647 3037 3038 3042 3041
7123 3 2 0 647 3038 3039 3043 3042
7124 3 2 0 647 3039 1318 1319 3043
7125 3 2 0 647 1691 3040 1685 308
7126 3 2 0 647 3040 3041 1686 1685
7127 3 2 0 647 3041 3042 1687 1686
7128 3 2 0 647 3042 3043 1688 1687
7129 3 2 0 647 3043 1319 231 1688
7130 3 2 0 648 296 1684 3044 1629
7131 3 2 0 648 1629 3044 3045 1630
7132 3 2 0 648 1630 3045 1689 297
7133 3 2 0 648 1684 307 1690 3044
7134 3 2 0 648 3044 1690 1691 3045
7135 3 2 0 648 3045 1691 308 1689
7136 3 2 0 649 232 1328 1692 309
7137 3 2 0 649 1328 233 310 1692
7138 3 2 0 650 233 1340 1693 310
7139 3 2 0 650 1340 1341 1694 1693
7140 3 2 0 650 1341 235 311 1694
7141 3 2 0 651 234 312 1695 1337
7142 3 2 0 651 1337 1695 311 235
7143 3 2 0 652 232 309 1696 1338
7144 3 2 0 652 1338 1696 1697 1339
7145 3 2 0 652 1339 1697 312 234
7146 3 2 0 653 309 1692 3046 1696
7147 3 2 0 653 1696 3046 3047 1697
7148 3 2 0 653 1697 3047 1695 312
7149 3 2 0 653 1692 310 1693 3046
7150 3 2 0 653 3046 1693 1694 3047
7151 3 2 0 653 3047 1694 311 1695
7152 3 2 0 654 235 237 313 311
7153 3 2 0 655 236 314 1698 1350
7154 3 2 0 655 1350 1698 313 237
7155 3 2 0 656 234 312 314 236
7156 3 2 0 657 312 1695 1698 314
7157 3 2 0 657 1695 311 313 1698
7158 3 2 0 658 237 1361 1699 313
7159 3 2 0 658 1361 239 315 1699
7160 3 2 0 659 238 316 1700 1359
7161 3 2 0 659 1359 1700 315 239
7162 3 2 0 660 236 314 1701 1360
7163 3 2 0 660 1360 1701 316 238
7164 3 2 0 661 314 1698 3048 1701
7165 3 2 0 661 1701 3048 1700 316
7166 3 2 0 661 1698 313 1699 3048
7167 3 2 0 661 3048 1699 315 1700
7168 3 2 0 662 239 241 317 315
7169 3 2 0 663 240 318 1702 1370
7170 3 2 0 663 1370 1702 317 241
7171 3 2 0 664 238 316 318 240
7172 3 2 0 665 316 1700 1702 318
7173 3 2 0 665 1700 315 317 1702
7174 3 2 0 666 241 243 319 317
7175 3 2 0 667 242 320 1703 1379
7176 3 2 0 667 1379 1703 319 243
7177 3 2 0 668 240 318 320 242
7178 3 2 0 669 318 1702 1703 320
7179 3 2 0 669 1702 317 319 1703
7180 3 2 0 670 243 245 321 319
7181 3 2 0 671 244 322 1704 1388
7182 3 2 0 671 1388 1704 321 245
7183 3 2 0 672 242 320 322 244
7184 3 2 0 673 320 1703 1704 322
7185 3 2 0 673 1703 319 321 1704
7186 3 2 0 674 245 247 323 321
7187 3 2 0 675 246 324 1705 1397
7188 3 2 0 675 1397 1705 323 247
7189 3 2 0 676 244 322 324 246
7190 3 2 0 677 322 1704 1705 324
7191 3 2 0 677 1704 321 323 1705
7192 3 2 0 678 247 1408 1706 323
7193 3 2 0 678 1408 249 325 1706
7194 3 2 0 679 248 326 1707 1406
7195 3 2 0 679 1406 1707 325 249
7196 3 2 0 680 246 324 1708 1407
7197 3 2 0 680 1407 1708 326 248
7198 3 2 0 681 324 1705 3049 1708
7199 3 2 0 681 1708 3049 1707 326
7200 3 2 0 681 1705 323 1706 3049
7201 3 2 0 681 3049 1706 325 1707
7202 3 2 0 682 249 251 327 325
7203 3 2 0 683 250 328 1709 1417
7204 3 2 0 683 1417 1709 327 251
7205 3 2 0 684 248 326 328 250
7206 3 2 0 685 326 1707 1709 328
7207 3 2 0 685 1707 325 327 1709
7208 3 2 0 686 251 1429 1710 327
7209 3 2 0 686 1429 1430 1711 1710
7210 3 2 0 686 1430 253 329 1711
7211 3 2 0 687 252 330 1712 1426
7212 3 2 0 687 1426 1712 329 253
7213 3 2 0 688 250 328 1713 1427
7214 3 2 0 688 1427 1713 1714 1428
7215 3 2 0 688 1428 1714 330 252
7216 3 2 0 689 328 1709 3050 1713
7217 3 2 0 689 1713 3050 3051 1714
7218 3 2 0 689 1714 3051 1712 330
7219 3 2 0 689 1709 327 1710 3050
7220 3 2 0 689 3050 1710 1711 3051
7221 3 2 0 689 3051 1711 329 1712
7222 3 2 0 690 233 254 331 310
7223 3 2 0 691 254 1439 1715 331
7224 3 2 0 691 1439 1440 1716 1715
7225 3 2 0 691 1440 255 332 1716
7226 3 2 0 692 235 311 332 255
7227 3 2 0 693 310 331 1715 1693
7228 3 2 0 693 1693 1715 1716 1694
7229 3 2 0 693 1694 1716 332 311
7230 3 2 0 694 255 256 333 332
7231 3 2 0 695 237 313 333 256
7232 3 2 0 696 311 332 333 313
7233 3 2 0 697 256 1449 1717 333
7234 3 2 0 697 1449 257 334 1717
7235 3 2 0 698 239 315 334 257
7236 3 2 0 699 313 333 1717 1699
7237 3 2 0 699 1699 1717 334 315
7238 3 2 0 700 257 258 335 334
7239 3 2 0 701 241 317 335 258
7240 3 2 0 702 315 334 335 317
7241 3 2 0 703 258 259 336 335
7242 3 2 0 704 243 319 336 259
7243 3 2 0 705 317 335 336 319
7244 3 2 0 706 259 260 337 336
7245 3 2 0 707 245 321 337 260
7246 3 2 0 708 319 336 337 321
7247 3 2 0 709 260 261 338 337
7248 3 2 0 710 247 323 338 261
7249 3 2 0 711 321 337 338 323
7250 3 2 0 712 261 1470 1718 338
7251 3 2 0 712 1470 262 339 1718
7252 3 2 0 713 249 325 339 262
7253 3 2 0 714 323 338 1718 1706
7254 3 2 0 714 1706 1718 339 325
7255 3 2 0 715 262 263 340 339
7256 3 2 0 716 251 327 340 263
7257 3 2 0 717 325 339 340 327
7258 3 2 0 718 263 1479 1719 340
7259 3 2 0 718 1479 1480 1720 1719
7260 3 2 0 718 1480 264 341 1720
7261 3 2 0 719 253 329 341 264
7262 3 2 0 720 327 340 1719 1710
7263 3 2 0 720 1710 1719 1720 1711
7264 3 2 0 720 1711 1720 341 329
7265 3 2 0 721 254 265 342 331
7266 3 2 0 722 265 1489 1721 342
7267 3 2 0 722 1489 1490 1722 1721
7268 3 2 0 722 1490 266 343 1722
7269 3 2 0 723 255 332 343 266
7270 3 2 0 724 331 342 1721 1715
7271 3 2 0 724 1715 1721 1722 1716
7272 3 2 0 724 1716 1722 343 332
7273 3 2 0 725 266 267 344 343
7274 3 2 0 726 256 333 344 267
7275 3 2 0 727 332 343 344 333
7276 3 2 0 728 267 1499 1723 344
7277 3 2 0 728 1499 268 345 1723
7278 3 2 0 729 257 334 345 268
7279 3 2 0 730 333 344 1723 1717
7280 3 2 0 730 1717 1723 345 334
7281 3 2 0 731 268 269 346 345
7282 3 2 0 732 258 335 346 269
7283 3 2 0 733 334 345 346 335
7284 3 2 0 734 269 270 347 346
7285 3 2 0 735 259 336 347 270
7286 3 2 0 736 335 346 347 336
7287 3 2 0 737 270 271 348 347
7288 3 2 0 738 260 337 348 271
7289 3 2 0 739 336 347 348 337
7290 3 2 0 740 271 272 349 348
7291 3 2 0 741 261 338 349 272
7292 3 2 0 742 337 348 349 338
7293 3 2 0 743 272 1520 1724 349
7294 3 2 0 743 1520 273 350 1724
7295 3 2 0 744 262 339 350 273
7296 3 2 0 745 338 349 1724 1718
7297 3 2 0 745 1718 1724 350 339
7298 3 2 0 746 273 274 351 350
7299 3 2 0 747 263 340 351 274
7300 3 2 0 748 339 350 351 340
7301 3 2 0 749 274 1529 1725 351
7302 3 2 0 749 1529 1530 1726 1725
7303 3 2 0 749 1530 275 352 1726
7304 3 2 0 750 264 341 352 275
7305 3 2 0 751 340 351 1725 1719
7306 3 2 0 751 1719 1725 1726 1720
7307 3 2 0 751 1720 1726 352 341
7308 3 2 0 752 265 276 353 342
7309 3 2 0 753 276 1539 1727 353
7310 3 2 0 753 1539 1540 1728 1727
7311 3 2 0 753 1540 277 354 1728
7312 3 2 0 754 266 343 354 277
7313 3 2 0 755 342 353 1727 1721
7314 3 2 0 755 1721 1727 1728 1722
7315 3 2 0 755 1722 1728 354 343
7316 3 2 0 756 277 278 355 354
7317 3 2 0 757 267 344 355 278
7318 3 2 0 758 343 354 355 344
7319 3 2 0 759 278 1549 1729 355
7320 3 2 0 759 1549 279 356 1729
7321 3 2 0 760 268 345 356 279
7322 3 2 0 761 344 355 1729 1723
7323 3 2 0 761 1723 1729 356 345
7324 3 2 0 762 279 280 357 356
7325 3 2 0 763 269 346 357 280
7326 3 2 0 764 345 356 357 346
7327 3 2 0 765 280 281 358 357
7328 3 2 0 766 270 347 358 281
7329 3 2 0 767 346 357 358 347
7330 3 2 0 768 281 282 359 358
7331 3 2 0 769 271 348 359 282
7332 3 2 0 770 347 358 359 348
7333 3 2 0 771 282 283 360 359
7334 3 2 0 772 272 349 360 283
7335 3 2 0 773 348 359 360 349
7336 3 2 0 774 283 1570 1730 360
7337 3 2 0 774 1570 284 361 1730
7338 3 2 0 775 273 350 361 284
7339 3 2 0 776 349 360 1730 1724
7340 3 2 0 776 1724 1730 361 350
7341 3 2 0 777 284 285 362 361
7342 3 2 0 778 274 351 362 285
7343 3 2 0 779 350 361 362 351
7344 3 2 0 780 285 1579 1731 362
7345 3 2 0 780 1579 1580 1732 1731
7346 3 2 0 780 1580 286 363 1732
7347 3 2 0 781 275 352 363 286
7348 3 2 0 782 351 362 1731 1725
7349 3 2 0 782 1725 1731 1732 1726
7350 3 2 0 782 1726 1732 363 352
7351 3 2 0 783 276 287 364 353
7352 3 2 0 784 287 1589 1733 364
7353 3 2 0 784 1589 1590 1734 1733
7354 3 2 0 784 1590 288 365 1734
7355 3 2 0 785 277 354 365 288
7356 3 2 0 786 353 364 1733 1727
7357 3 2 0 786 1727 1733 1734 1728
7358 3 2 0 786 1728 1734 365 354
7359 3 2 0 787 288 289 366 365
7360 3 2 0 788 278 355 366 289
7361 3 2 0 789 354 365 366 355
7362 3 2 0 790 289 1599 1735 366
7363 3 2 0 790 1599 290 367 1735
7364 3 2 0 791 279 356 367 290
7365 3 2 0 792 355 366 1735 1729
7366 3 2 0 792 1729 1735 367 356
7367 3 2 0 793 290 291 368 367
7368 3 2 0 794 280 357 368 291
7369 3 2 0 795 356 367 368 357
7370 3 2 0 796 291 292 369 368
7371 3 2 0 797 281 358 369 292
7372 3 2 0 798 357 368 369 358
7373 3 2 0 799 292 293 370 369
7374 3 2 0 800 282 359 370 293
7375 3 2 0 801 358 369 370 359
7376 3 2 0 802 293 294 371 370
7377 3 2 0 803 283 360 371 294
7378 3 2 0 804 359 370 371 360
7379 3 2 0 805 294 1620 1736 371
7380 3 2 0 805 1620 295 372 1736
7381 3 2 0 806 284 361 372 295
7382 3 2 0 807 360 371 1736 1730
7383 3 2 0 807 1730 1736 372 361
7384 3 2 0 808 295 296 373 372
7385 3 2 0 809 285 362 373 296
7386 3 2 0 810 361 372 373 362
7387 3 2 0 811 296 1629 1737 373
7388 3 2 0 811 1629 1630 1738 1737
7389 3 2 0 811 1630 297 374 1738
7390 3 2 0 812 286 363 374 297
7391 3 2 0 813 362 373 1737 1731
7392 3 2 0 813 1731 1737 1738 1732
7393 3 2 0 813 1732 1738 374 363
7394 3 2 0 814 287 1635 1739 364
7395 3 2 0 814 1635 298 375 1739
7396 3 2 0 815 298 1641 1740 375
7397 3 2 0 815 1641 1642 1741 1740
7398 3 2 0 815 1642 299 376 1741
7399 3 2 0 816 288 365 1742 1640
7400 3 2 0 816 1640 1742 376 299
7401 3 2 0 817 364 1739 3052 1733
7402 3 2 0 817 1733 3052 3053 1734
7403 3 2 0 817 1734 3053 1742 365
7404 3 2 0 817 1739 375 1740 3052
7405 3 2 0 817 3052 1740 1741 3053
7406 3 2 0 817 3053 1741 376 1742
7407 3 2 0 818 299 300 377 376
7408 3 2 0 819 289 366 1743 1647
7409 3 2 0 819 1647 1743 377 300
7410 3 2 0 820 365 1742 1743 366
7411 3 2 0 820 1742 376 377 1743
7412 3 2 0 821 300 1653 1744 377
7413 3 2 0 821 1653 301 378 1744
7414 3 2 0 822 290 367 1745 1652
7415 3 2 0 822 1652 1745 378 301
7416 3 2 0 823 366 1743 3054 1735
7417 3 2 0 823 1735 3054 1745 367
7418 3 2 0 823 1743 377 1744 3054
7419 3 2 0 823 3054 1744 378 1745
7420 3 2 0 824 301 302 379 378
7421 3 2 0 825 291 368 1746 1658
7422 3 2 0 825 1658 1746 379 302
7423 3 2 0 826 367 1745 1746 368
7424 3 2 0 826 1745 378 379 1746
7425 3 2 0 827 302 303 380 379
7426 3 2 0 828 292 369 1747 1663
7427 3 2 0 828 1663 1747 380 303
7428 3 2 0 829 368 1746 1747 369
7429 3 2 0 829 1746 379 380 1747
7430 3 2 0 830 303 304 381 380
7431 3 2 0 831 293 370 1748 1668
7432 3 2 0 831 1668 1748 381 304
7433 3 2 0 832 369 1747 1748 370
7434 3 2 0 832 1747 380 381 1748
7435 3 2 0 833 304 305 382 381
7436 3 2 0 834 294 371 1749 1673
7437 3 2 0 834 1673 1749 382 305
7438 3 2 0 835 370 1748 1749 371
7439 3 2 0 835 1748 381 382 1749
7440 3 2 0 836 305 1679 1750 382
7441 3 2 0 836 1679 306 383 1750
7442 3 2 0 837 295 372 1751 1678
7443 3 2 0 837 1678 1751 383 306
7444 3 2 0 838 371 1749 3055 1736
7445 3 2 0 838 1736 3055 1751 372
7446 3 2 0 838 1749 382 1750 3055
7447 3 2 0 838 3055 1750 383 1751
7448 3 2 0 839 306 307 384 383
7449 3 2 0 840 296 373 1752 1684
7450 3 2 0 840 1684 1752 384 307
7451 3 2 0 841 372 1751 1752 373
7452 3 2 0 841 1751 383 384 1752
7453 3 2 0 842 307 1690 1753 384
7454 3 2 0 842 1690 1691 1754 1753
7455 3 2 0 842 1691 308 385 1754
7456 3 2 0 843 297 374 1755 1689
7457 3 2 0 843 1689 1755 385 308
7458 3 2 0 844 373 1752 3056 1737
7459 3 2 0 844 1737 3056 3057 1738
7460 3 2 0 844 1738 3057 1755 374
7461 3 2 0 844 1752 384 1753 3056
7462 3 2 0 844 3056 1753 1754 3057
7463 3 2 0 844 3057 1754 385 1755
7464 3 2 0 845 1 589 1756 386
7465 3 2 0 845 589 590 1757 1756
7466 3 2 0 845 590 591 1758 1757
7467 3 2 0 845 591 592 1759 1758
7468 3 2 0 845 592 2 387 1759
7469 3 2 0 846 2 593 1760 387
7470 3 2 0 846 593 3 388 1760
7471 3 2 0 847 4 389 1761 594
7472 3 2 0 847 594 1761 1762 595
7473 3 2 0 847 595 1762 1763 596
7474 3 2 0 847 596 1763 1764 597
7475 3 2 0 847 597 1764 388 3
7476 3 2 0 848 1 386 1765 598
7477 3 2 0 848 598 1765 389 4
7478 3 2 0 849 386 1756 3058 1765
7479 3 2 0 849 1765 3058 1761 389
7480 3 2 0 849 1756 1757 3059 3058
7481 3 2 0 849 3058 3059 1762 1761
7482 3 2 0 849 1757 1758 3060 3059
7483 3 2 0 849 3059 3060 1763 1762
7484 3 2 0 849 1758 1759 3061 3060
7485 3 2 0 849 3060 3061 1764 1763
7486 3 2 0 849 1759 387 1760 3061
7487 3 2 0 849 3061 1760 388 1764
7488 3 2 0 850 3 45 390 388
7489 3 2 0 851 46 391 1766 723
7490 3 2 0 851 723 1766 1767 724
7491 3 2 0 851 724 1767 1768 725
7492 3 2 0 851 725 1768 1769 726
7493 3 2 0 851 726 1769 390 45
7494 3 2 0 852 4 389 391 46
7495 3 2 0 853 389 1761 1766 391
7496 3 2 0 853 1761 1762 1767 1766
7497 3 2 0 853 1762 1763 1768 1767
7498 3 2 0 853 1763 1764 1769 1768
7499 3 2 0 853 1764 388 390 1769
7500 3 2 0 854 45 67 392 390
7501 3 2 0 855 68 393 1770 779
7502 3 2 0 855 779 1770 1771 780
7503 3 2 0 855 780 1771 1772 781
7504 3 2 0 855 781 1772 1773 782
7505 3 2 0 855 782 1773 392 67
7506 3 2 0 856 46 391 393 68
7507 3 2 0 857 391 1766 1770 393
7508 3 2 0 857 1766 1767 1771 1770
7509 3 2 0 857 1767 1768 1772 1771
7510 3 2 0 857 1768 1769 1773 1772
7511 3 2 0 857 1769 390 392 1773
7512 3 2 0 858 67 89 394 392
7513 3 2 0 859 90 395 1774 835
7514 3 2 0 859 835 1774 1775 836
7515 3 2 0 859 836 1775 1776 837
7516 3 2 0 859 837 1776 1777 838
7517 3 2 0 859 838 1777 394 89
7518 3 2 0 860 68 393 395 90
7519 3 2 0 861 393 1770 1774 395
7520 3 2 0 861 1770 1771 1775 1774
7521 3 2 0 861 1771 1772 1776 1775
7522 3 2 0 861 1772 1773 1777 1776
7523 3 2 0 861 1773 392 394 1777
7524 3 2 0 862 89 111 396 394
7525 3 2 0 863 112 397 1778 891
7526 3 2 0 863 891 1778 1779 892
7527 3 2 0 863 892 1779 1780 893
7528 3 2 0 863 893 1780 1781 894
7529 3 2 0 863 894 1781 396 111
7530 3 2 0 864 90 395 397 112
7531 3 2 0 865 395 1774 1778 397
7532 3 2 0 865 1774 1775 1779 1778
7533 3 2 0 865 1775 1776 1780 1779
7534 3 2 0 865 1776 1777 1781 1780
7535 3 2 0 865 1777 394 396 1781
7536 3 2 0 866 111 947 1782 396
7537 3 2 0 866 947 133 398 1782
7538 3 2 0 867 134 399 1783 948
7539 3 2 0 867 948 1783 1784 949
7540 3 2 0 867 949 1784 1785 950
7541 3 2 0 867 950 1785 1786 951
7542 3 2 0 867 951 1786 398 133
7543 3 2 0 868 112 397 1787 952
7544 3 2 0 868 952 1787 399 134
7545 3 2 0 869 397 1778 3062 1787
7546 3 2 0 869 1787 3062 1783 399
7547 3 2 0 869 1778 1779 3063 3062
7548 3 2 0 869 3062 3063 1784 1783
7549 3 2 0 869 1779 1780 3064 3063
7550 3 2 0 869 3063 3064 1785 1784
7551 3 2 0 869 1780 1781 3065 3064
7552 3 2 0 869 3064 3065 1786 1785
7553 3 2 0 869 1781 396 1782 3065
7554 3 2 0 869 3065 1782 398 1786
7555 3 2 0 870 155 1025 1788 400
7556 3 2 0 870 1025 1026 1789 1788
7557 3 2 0 870 1026 1027 1790 1789
7558 3 2 0 870 1027 1 386 1790
7559 3 2 0 871 156 401 1791 1028
7560 3 2 0 871 1028 1791 1792 1029
7561 3 2 0 871 1029 1792 1793 1030
7562 3 2 0 871 1030 1793 389 4
7563 3 2 0 872 155 400 1794 1031
7564 3 2 0 872 1031 1794 401 156
7565 3 2 0 873 400 1788 3066 1794
7566 3 2 0 873 1794 3066 1791 401
7567 3 2 0 873 1788 1789 3067 3066
7568 3 2 0 873 3066 3067 1792 1791
7569 3 2 0 873 1789 1790 3068 3067
7570 3 2 0 873 3067 3068 1793 1792
7571 3 2 0 873 1790 386 1765 3068
7572 3 2 0 873 3068 1765 389 1793
7573 3 2 0 874 177 402 1795 1114
7574 3 2 0 874 1114 1795 1796 1115
7575 3 2 0 874 1115 1796 1797 1116
7576 3 2 0 874 1116 1797 391 46
7577 3 2 0 875 156 401 402 177
7578 3 2 0 876 401 1791 1795 402
7579 3 2 0 876 1791 1792 1796 1795
7580 3 2 0 876 1792 1793 1797 1796
7581 3 2 0 876 1793 389 391 1797
7582 3 2 0 877 188 403 1798 1153
7583 3 2 0 877 1153 1798 1799 1154
7584 3 2 0 877 1154 1799 1800 1155
7585 3 2 0 877 1155 1800 393 68
7586 3 2 0 878 177 402 403 188
7587 3 2 0 879 402 1795 1798 403
7588 3 2 0 879 1795 1796 1799 1798
7589 3 2 0 879 1796 1797 1800 1799
7590 3 2 0 879 1797 391 393 1800
7591 3 2 0 880 199 404 1801 1192
7592 3 2 0 880 1192 1801 1802 1193
7593 3 2 0 880 1193 1802 1803 1194
7594 3 2 0 880 1194 1803 395 90
7595 3 2 0 881 188 403 404 199
7596 3 2 0 882 403 1798 1801 404
7597 3 2 0 882 1798 1799 1802 1801
7598 3 2 0 882 1799 1800 1803 1802
7599 3 2 0 882 1800 393 395 1803
7600 3 2 0 883 210 405 1804 1231
7601 3 2 0 883 1231 1804 1805 1232
7602 3 2 0 883 1232 1805 1806 1233
7603 3 2 0 883 1233 1806 397 112
7604 3 2 0 884 199 404 405 210
7605 3 2 0 885 404 1801 1804 405
7606 3 2 0 885 1801 1802 1805 1804
7607 3 2 0 885 1802 1803 1806 1805
7608 3 2 0 885 1803 395 397 1806
7609 3 2 0 886 221 406 1807 1270
7610 3 2 0 886 1270 1807 1808 1271
7611 3 2 0 886 1271 1808 1809 1272
7612 3 2 0 886 1272 1809 399 134
7613 3 2 0 887 210 405 1810 1273
7614 3 2 0 887 1273 1810 406 221
7615 3 2 0 888 405 1804 3069 1810
7616 3 2 0 888 1810 3069 1807 406
7617 3 2 0 888 1804 1805 3070 3069
7618 3 2 0 888 3069 3070 1808 1807
7619 3 2 0 888 1805 1806 3071 3070
7620 3 2 0 888 3070 3071 1809 1808
7621 3 2 0 888 1806 397 1787 3071
7622 3 2 0 888 3071 1787 399 1809
7623 3 2 0 908 41 407 1811 705
7624 3 2 0 908 705 1811 1812 706
7625 3 2 0 908 706 1812 1813 707
7626 3 2 0 908 707 1813 1814 708
7627 3 2 0 908 708 1814 408 42
7628 3 2 0 909 42 408 1815 709
7629 3 2 0 909 709 1815 409 43
7630 3 2 0 910 44 710 1816 410
7631 3 2 0 910 710 711 1817 1816
7632 3 2 0 910 711 712 1818 1817
7633 3 2 0 910 712 713 1819 1818
7634 3 2 0 910 713 43 409 1819
7635 3 2 0 911 41 714 1820 407
7636 3 2 0 911 714 44 410 1820
7637 3 2 0 912 407 1820 3072 1811
7638 3 2 0 912 1820 410 1816 3072
7639 3 2 0 912 1811 3072 3073 1812
7640 3 2 0 912 3072 1816 1817 3073
7641 3 2 0 912 1812 3073 3074 1813
7642 3 2 0 912 3073 1817 1818 3074
7643 3 2 0 912 1813 3074 3075 1814
7644 3 2 0 912 3074 1818 1819 3075
7645 3 2 0 912 1814 3075 1815 408
7646 3 2 0 912 3075 1819 409 1815
7647 3 2 0 913 43 409 411 65
7648 3 2 0 914 66 771 1821 412
7649 3 2 0 914 771 772 1822 1821
7650 3 2 0 914 772 773 1823 1822
7651 3 2 0 914 773 774 1824 1823
7652 3 2 0 914 774 65 411 1824
7653 3 2 0 915 44 66 412 410
7654 3 2 0 916 410 412 1821 1816
7655 3 2 0 916 1816 1821 1822 1817
7656 3 2 0 916 1817 1822 1823 1818
7657 3 2 0 916 1818 1823 1824 1819
7658 3 2 0 916 1819 1824 411 409
7659 3 2 0 917 65 411 413 87
7660 3 2 0 918 88 827 1825 414
7661 3 2 0 918 827 828 1826 1825
7662 3 2 0 918 828 829 1827 1826
7663 3 2 0 918 829 830 1828 1827
7664 3 2 0 918 830 87 413 1828
7665 3 2 0 919 66 88 414 412
7666 3 2 0 920 412 414 1825 1821
7667 3 2 0 920 1821 1825 1826 1822
7668 3 2 0 920 1822 1826 1827 1823
7669 3 2 0 920 1823 1827 1828 1824
7670 3 2 0 920 1824 1828 413 411
7671 3 2 0 921 87 413 415 109
7672 3 2 0 922 110 883 1829 416
7673 3 2 0 922 883 884 1830 1829
7674 3 2 0 922 884 885 1831 1830
7675 3 2 0 922 885 886 1832 1831
7676 3 2 0 922 886 109 415 1832
7677 3 2 0 923 88 110 416 414
7678 3 2 0 924 414 416 1829 1825
7679 3 2 0 924 1825 1829 1830 1826
7680 3 2 0 924 1826 1830 1831 1827
7681 3 2 0 924 1827 1831 1832 1828
7682 3 2 0 924 1828 1832 415 413
7683 3 2 0 925 109 415 417 131
7684 3 2 0 926 132 939 1833 418
7685 3 2 0 926 939 940 1834 1833
7686 3 2 0 926 940 941 1835 1834
7687 3 2 0 926 941 942 1836 1835
7688 3 2 0 926 942 131 417 1836
7689 3 2 0 927 110 132 418 416
7690 3 2 0 928 416 418 1833 1829
7691 3 2 0 928 1829 1833 1834 1830
7692 3 2 0 928 1830 1834 1835 1831
7693 3 2 0 928 1831 1835 1836 1832
7694 3 2 0 928 1832 1836 417 415
7695 3 2 0 929 131 417 1837 1015
7696 3 2 0 929 1015 1837 419 153
7697 3 2 0 930 154 1016 1838 420
7698 3 2 0 930 1016 1017 1839 1838
7699 3 2 0 930 1017 1018 1840 1839
7700 3 2 0 930 1018 1019 1841 1840
7701 3 2 0 930 1019 153 419 1841
7702 3 2 0 931 132 1020 1842 418
7703 3 2 0 931 1020 154 420 1842
7704 3 2 0 932 418 1842 3076 1833
7705 3 2 0 932 1842 420 1838 3076
7706 3 2 0 932 1833 3076 3077 1834
7707 3 2 0 932 3076 1838 1839 3077
7708 3 2 0 932 1834 3077 3078 1835
7709 3 2 0 932 3077 1839 1840 3078
7710 3 2 0 932 1835 3078 3079 1836
7711 3 2 0 932 3078 1840 1841 3079
7712 3 2 0 932 1836 3079 1837 417
7713 3 2 0 932 3079 1841 419 1837
7714 3 2 0 933 175 421 1843 1103
7715 3 2 0 933 1103 1843 1844 1104
7716 3 2 0 933 1104 1844 1845 1105
7717 3 2 0 933 1105 1845 407 41
7718 3 2 0 934 176 1106 1846 422
7719 3 2 0 934 1106 1107 1847 1846
7720 3 2 0 934 1107 1108 1848 1847
7721 3 2 0 934 1108 44 410 1848
7722 3 2 0 935 175 1109 1849 421
7723 3 2 0 935 1109 176 422 1849
7724 3 2 0 936 421 1849 3080 1843
7725 3 2 0 936 1849 422 1846 3080
7726 3 2 0 936 1843 3080 3081 1844
7727 3 2 0 936 3080 1846 1847 3081
7728 3 2 0 936 1844 3081 3082 1845
7729 3 2 0 936 3081 1847 1848 3082
7730 3 2 0 936 1845 3082 1820 407
7731 3 2 0 936 3082 1848 410 1820
7732 3 2 0 937 187 1148 1850 423
7733 3 2 0 937 1148 1149 1851 1850
7734 3 2 0 937 1149 1150 1852 1851
7735 3 2 0 937 1150 66 412 1852
7736 3 2 0 938 176 187 423 422
7737 3 2 0 939 422 423 1850 1846
7738 3 2 0 939 1846 1850 1851 1847
7739 3 2 0 939 1847 1851 1852 1848
7740 3 2 0 939 1848 1852 412 410
7741 3 2 0 940 198 1187 1853 424
7742 3 2 0 940 1187 1188 1854 1853
7743 3 2 0 940 1188 1189 1855 1854
7744 3 2 0 940 1189 88 414 1855
7745 3 2 0 941 187 198 424 423
7746 3 2 0 942 423 424 1853 1850
7747 3 2 0 942 1850 1853 1854 1851
7748 3 2 0 942 1851 1854 1855 1852
7749 3 2 0 942 1852 1855 414 412
7750 3 2 0 943 209 1226 1856 425
7751 3 2 0 943 1226 1227 1857 1856
7752 3 2 0 943 1227 1228 1858 1857
7753 3 2 0 943 1228 110 416 1858
7754 3 2 0 944 198 209 425 424
7755 3 2 0 945 424 425 1856 1853
7756 3 2 0 945 1853 1856 1857 1854
7757 3 2 0 945 1854 1857 1858 1855
7758 3 2 0 945 1855 1858 416 414
7759 3 2 0 946 220 1265 1859 426
7760 3 2 0 946 1265 1266 1860 1859
7761 3 2 0 946 1266 1267 1861 1860
7762 3 2 0 946 1267 132 418 1861
7763 3 2 0 947 209 220 426 425
7764 3 2 0 948 425 426 1859 1856
7765 3 2 0 948 1856 1859 1860 1857
7766 3 2 0 948 1857 1860 1861 1858
7767 3 2 0 948 1858 1861 418 416
7768 3 2 0 949 231 1314 1862 427
7769 3 2 0 949 1314 1315 1863 1862
7770 3 2 0 949 1315 1316 1864 1863
7771 3 2 0 949 1316 154 420 1864
7772 3 2 0 950 220 1317 1865 426
7773 3 2 0 950 1317 231 427 1865
7774 3 2 0 951 426 1865 3083 1859
7775 3 2 0 951 1865 427 1862 3083
7776 3 2 0 951 1859 3083 3084 1860
7777 3 2 0 951 3083 1862 1863 3084
7778 3 2 0 951 1860 3084 3085 1861
7779 3 2 0 951 3084 1863 1864 3085
7780 3 2 0 951 1861 3085 1842 418
7781 3 2 0 951 3085 1864 420 1842
7782 3 2 0 972 5 599 1866 428
7783 3 2 0 972 599 600 1867 1866
7784 3 2 0 972 600 601 1868 1867
7785 3 2 0 972 601 602 1869 1868
7786 3 2 0 972 602 6 429 1869
7787 3 2 0 976 5 9 430 428
7788 3 2 0 977 9 617 1870 430
7789 3 2 0 977 617 618 1871 1870
7790 3 2 0 977 618 619 1872 1871
7791 3 2 0 977 619 620 1873 1872
7792 3 2 0 977 620 10 431 1873
7793 3 2 0 978 6 429 431 10
7794 3 2 0 979 428 430 1870 1866
7795 3 2 0 979 1866 1870 1871 1867
7796 3 2 0 979 1867 1871 1872 1868
7797 3 2 0 979 1868 1872 1873 1869
7798 3 2 0 979 1869 1873 431 429
7799 3 2 0 980 9 637 1874 430
7800 3 2 0 980 637 13 432 1874
7801 3 2 0 981 13 627 1875 432
7802 3 2 0 981 627 628 1876 1875
7803 3 2 0 981 628 629 1877 1876
7804 3 2 0 981 629 630 1878 1877
7805 3 2 0 981 630 14 433 1878
7806 3 2 0 982 10 431 1879 638
7807 3 2 0 982 638 1879 433 14
7808 3 2 0 983 430 1874 3086 1870
7809 3 2 0 983 1870 3086 3087 1871
7810 3 2 0 983 1871 3087 3088 1872
7811 3 2 0 983 1872 3088 3089 1873
7812 3 2 0 983 1873 3089 1879 431
7813 3 2 0 983 1874 432 1875 3086
7814 3 2 0 983 3086 1875 1876 3087
7815 3 2 0 983 3087 1876 1877 3088
7816 3 2 0 983 3088 1877 1878 3089
7817 3 2 0 983 3089 1878 433 1879
7818 3 2 0 984 13 17 434 432
7819 3 2 0 985 17 641 1880 434
7820 3 2 0 985 641 642 1881 1880
7821 3 2 0 985 642 643 1882 1881
7822 3 2 0 985 643 644 1883 1882
7823 3 2 0 985 644 18 435 1883
7824 3 2 0 986 14 433 435 18
7825 3 2 0 987 432 434 1880 1875
7826 3 2 0 987 1875 1880 1881 1876
7827 3 2 0 987 1876 1881 1882 1877
7828 3 2 0 987 1877 1882 1883 1878
7829 3 2 0 987 1878 1883 435 433
7830 3 2 0 988 17 21 436 434
7831 3 2 0 989 21 651 1884 436
7832 3 2 0 989 651 652 1885 1884
7833 3 2 0 989 652 653 1886 1885
7834 3 2 0 989 653 654 1887 1886
7835 3 2 0 989 654 22 437 1887
7836 3 2 0 990 18 435 437 22
7837 3 2 0 991 434 436 1884 1880
7838 3 2 0 991 1880 1884 1885 1881
7839 3 2 0 991 1881 1885 1886 1882
7840 3 2 0 991 1882 1886 1887 1883
7841 3 2 0 991 1883 1887 437 435
7842 3 2 0 992 21 25 438 436
7843 3 2 0 993 25 661 1888 438
7844 3 2 0 993 661 662 1889 1888
7845 3 2 0 993 662 663 1890 1889
7846 3 2 0 993 663 664 1891 1890
7847 3 2 0 993 664 26 439 1891
7848 3 2 0 994 22 437 439 26
7849 3 2 0 995 436 438 1888 1884
7850 3 2 0 995 1884 1888 1889 1885
7851 3 2 0 995 1885 1889 1890 1886
7852 3 2 0 995 1886 1890 1891 1887
7853 3 2 0 995 1887 1891 439 437
7854 3 2 0 996 25 29 440 438
7855 3 2 0 997 29 671 1892 440
7856 3 2 0 997 671 672 1893 1892
7857 3 2 0 997 672 673 1894 1893
7858 3 2 0 997 673 674 1895 1894
7859 3 2 0 997 674 30 441 1895
7860 3 2 0 998 26 439 441 30
7861 3 2 0 999 438 440 1892 1888
7862 3 2 0 999 1888 1892 1893 1889
7863 3 2 0 999 1889 1893 1894 1890
7864 3 2 0 999 1890 1894 1895 1891
7865 3 2 0 999 1891 1895 441 439
7866 3 2 0 1000 29 691 1896 440
7867 3 2 0 1000 691 33 442 1896
7868 3 2 0 1001 33 681 1897 442
7869 3 2 0 1001 681 682 1898 1897
7870 3 2 0 1001 682 683 1899 1898
7871 3 2 0 1001 683 684 1900 1899
7872 3 2 0 1001 684 34 443 1900
7873 3 2 0 1002 30 441 1901 692
7874 3 2 0 1002 692 1901 443 34
7875 3 2 0 1003 440 1896 3090 1892
7876 3 2 0 1003 1892 3090 3091 1893
7877 3 2 0 1003 1893 3091 3092 1894
7878 3 2 0 1003 1894 3092 3093 1895
7879 3 2 0 1003 1895 3093 1901 441
7880 3 2 0 1003 1896 442 1897 3090
7881 3 2 0 1003 3090 1897 1898 3091
7882 3 2 0 1003 3091 1898 1899 3092
7883 3 2 0 1003 3092 1899 1900 3093
7884 3 2 0 1003 3093 1900 443 1901
7885 3 2 0 1004 33 37 444 442
7886 3 2 0 1005 37 695 1902 444
7887 3 2 0 1005 695 696 1903 1902
7888 3 2 0 1005 696 697 1904 1903
7889 3 2 0 1005 697 698 1905 1904
7890 3 2 0 1005 698 38 445 1905
7891 3 2 0 1006 34 443 445 38
7892 3 2 0 1007 442 444 1902 1897
7893 3 2 0 1007 1897 1902 1903 1898
7894 3 2 0 1007 1898 1903 1904 1899
7895 3 2 0 1007 1899 1904 1905 1900
7896 3 2 0 1007 1900 1905 445 443
7897 3 2 0 1013 157 1032 1906 446
7898 3 2 0 1013 1032 1033 1907 1906
7899 3 2 0 1013 1033 1034 1908 1907
7900 3 2 0 1013 1034 5 428 1908
7901 3 2 0 1016 157 159 447 446
7902 3 2 0 1017 159 1043 1909 447
7903 3 2 0 1017 1043 1044 1910 1909
7904 3 2 0 1017 1044 1045 1911 1910
7905 3 2 0 1017 1045 9 430 1911
7906 3 2 0 1018 446 447 1909 1906
7907 3 2 0 1018 1906 1909 1910 1907
7908 3 2 0 1018 1907 1910 1911 1908
7909 3 2 0 1018 1908 1911 430 428
7910 3 2 0 1019 159 1057 1912 447
7911 3 2 0 1019 1057 161 448 1912
7912 3 2 0 1020 161 1050 1913 448
7913 3 2 0 1020 1050 1051 1914 1913
7914 3 2 0 1020 1051 1052 1915 1914
7915 3 2 0 1020 1052 13 432 1915
7916 3 2 0 1021 447 1912 3094 1909
7917 3 2 0 1021 1909 3094 3095 1910
7918 3 2 0 1021 1910 3095 3096 1911
7919 3 2 0 1021 1911 3096 1874 430
7920 3 2 0 1021 1912 448 1913 3094
7921 3 2 0 1021 3094 1913 1914 3095
7922 3 2 0 1021 3095 1914 1915 3096
7923 3 2 0 1021 3096 1915 432 1874
7924 3 2 0 1022 161 163 449 448
7925 3 2 0 1023 163 1059 1916 449
7926 3 2 0 1023 1059 1060 1917 1916
7927 3 2 0 1023 1060 1061 1918 1917
7928 3 2 0 1023 1061 17 434 1918
7929 3 2 0 1024 448 449 1916 1913
7930 3 2 0 1024 1913 1916 1917 1914
7931 3 2 0 1024 1914 1917 1918 1915
7932 3 2 0 1024 1915 1918 434 432
7933 3 2 0 1025 163 165 450 449
7934 3 2 0 1026 165 1066 1919 450
7935 3 2 0 1026 1066 1067 1920 1919
7936 3 2 0 1026 1067 1068 1921 1920
7937 3 2 0 1026 1068 21 436 1921
7938 3 2 0 1027 449 450 1919 1916
7939 3 2 0 1027 1916 1919 1920 1917
7940 3 2 0 1027 1917 1920 1921 1918
7941 3 2 0 1027 1918 1921 436 434
7942 3 2 0 1028 165 167 451 450
7943 3 2 0 1029 167 1073 1922 451
7944 3 2 0 1029 1073 1074 1923 1922
7945 3 2 0 1029 1074 1075 1924 1923
7946 3 2 0 1029 1075 25 438 1924
7947 3 2 0 1030 450 451 1922 1919
7948 3 2 0 1030 1919 1922 1923 1920
7949 3 2 0 1030 1920 1923 1924 1921
7950 3 2 0 1030 1921 1924 438 436
7951 3 2 0 1031 167 169 452 451
7952 3 2 0 1032 169 1080 1925 452
7953 3 2 0 1032 1080 1081 1926 1925
7954 3 2 0 1032 1081 1082 1927 1926
7955 3 2 0 1032 1082 29 440 1927
7956 3 2 0 1033 451 452 1925 1922
7957 3 2 0 1033 1922 1925 1926 1923
7958 3 2 0 1033 1923 1926 1927 1924
7959 3 2 0 1033 1924 1927 440 438
7960 3 2 0 1034 169 1094 1928 452
7961 3 2 0 1034 1094 171 453 1928
7962 3 2 0 1035 171 1087 1929 453
7963 3 2 0 1035 1087 1088 1930 1929
7964 3 2 0 1035 1088 1089 1931 1930
7965 3 2 0 1035 1089 33 442 1931
7966 3 2 0 1036 452 1928 3097 1925
7967 3 2 0 1036 1925 3097 3098 1926
7968 3 2 0 1036 1926 3098 3099 1927
7969 3 2 0 1036 1927 3099 1896 440
7970 3 2 0 1036 1928 453 1929 3097
7971 3 2 0 1036 3097 1929 1930 3098
7972 3 2 0 1036 3098 1930 1931 3099
7973 3 2 0 1036 3099 1931 442 1896
7974 3 2 0 1037 171 173 454 453
7975 3 2 0 1038 173 1096 1932 454
7976 3 2 0 1038 1096 1097 1933 1932
7977 3 2 0 1038 1097 1098 1934 1933
7978 3 2 0 1038 1098 37 444 1934
7979 3 2 0 1039 453 454 1932 1929
7980 3 2 0 1039 1929 1932 1933 1930
7981 3 2 0 1039 1930 1933 1934 1931
7982 3 2 0 1039 1931 1934 444 442
7983 3 2 0 1075 136 455 1935 954
7984 3 2 0 1075 954 1935 1936 955
7985 3 2 0 1075 955 1936 1937 956
7986 3 2 0 1075 956 1937 1938 957
7987 3 2 0 1075 957 1938 456 135
7988 3 2 0 1079 136 455 457 138
7989 3 2 0 1080 138 457 1939 964
7990 3 2 0 1080 964 1939 1940 965
7991 3 2 0 1080 965 1940 1941 966
7992 3 2 0 1080 966 1941 1942 967
7993 3 2 0 1080 967 1942 458 137
7994 3 2 0 1081 135 137 458 456
7995 3 2 0 1082 455 1935 1939 457
7996 3 2 0 1082 1935 1936 1940 1939
7997 3 2 0 1082 1936 1937 1941 1940
7998 3 2 0 1082 1937 1938 1942 1941
7999 3 2 0 1082 1938 456 458 1942
8000 3 2 0 1083 138 457 1943 975
8001 3 2 0 1083 975 1943 459 140
8002 3 2 0 1084 140 459 1944 970
8003 3 2 0 1084 970 1944 1945 971
8004 3 2 0 1084 971 1945 1946 972
8005 3 2 0 1084 972 1946 1947 973
8006 3 2 0 1084 973 1947 460 139
8007 3 2 0 1085 137 976 1948 458
8008 3 2 0 1085 976 139 460 1948
8009 3 2 0 1086 457 1939 3100 1943
8010 3 2 0 1086 1939 1940 3101 3100
8011 3 2 0 1086 1940 1941 3102 3101
8012 3 2 0 1086 1941 1942 3103 3102
8013 3 2 0 1086 1942 458 1948 3103
8014 3 2 0 1086 1943 3100 1944 459
8015 3 2 0 1086 3100 3101 1945 1944
8016 3 2 0 1086 3101 3102 1946 1945
8017 3 2 0 1086 3102 3103 1947 1946
8018 3 2 0 1086 3103 1948 460 1947
8019 3 2 0 1087 140 459 461 142
8020 3 2 0 1088 142 461 1949 978
8021 3 2 0 1088 978 1949 1950 979
8022 3 2 0 1088 979 1950 1951 980
8023 3 2 0 1088 980 1951 1952 981
8024 3 2 0 1088 981 1952 462 141
8025 3 2 0 1089 139 141 462 460
8026 3 2 0 1090 459 1944 1949 461
8027 3 2 0 1090 1944 1945 1950 1949
8028 3 2 0 1090 1945 1946 1951 1950
8029 3 2 0 1090 1946 1947 1952 1951
8030 3 2 0 1090 1947 460 462 1952
8031 3 2 0 1091 142 461 463 144
8032 3 2 0 1092 144 463 1953 984
8033 3 2 0 1092 984 1953 1954 985
8034 3 2 0 1092 985 1954 1955 986
8035 3 2 0 1092 986 1955 1956 987
8036 3 2 0 1092 987 1956 464 143
8037 3 2 0 1093 141 143 464 462
8038 3 2 0 1094 461 1949 1953 463
8039 3 2 0 1094 1949 1950 1954 1953
8040 3 2 0 1094 1950 1951 1955 1954
8041 3 2 0 1094 1951 1952 1956 1955
8042 3 2 0 1094 1952 462 464 1956
8043 3 2 0 1095 144 463 465 146
8044 3 2 0 1096 146 465 1957 990
8045 3 2 0 1096 990 1957 1958 991
8046 3 2 0 1096 991 1958 1959 992
8047 3 2 0 1096 992 1959 1960 993
8048 3 2 0 1096 993 1960 466 145
8049 3 2 0 1097 143 145 466 464
8050 3 2 0 1098 463 1953 1957 465
8051 3 2 0 1098 1953 1954 1958 1957
8052 3 2 0 1098 1954 1955 1959 1958
8053 3 2 0 1098 1955 1956 1960 1959
8054 3 2 0 1098 1956 464 466 1960
8055 3 2 0 1099 146 465 467 148
8056 3 2 0 1100 148 467 1961 996
8057 3 2 0 1100 996 1961 1962 997
8058 3 2 0 1100 997 1962 1963 998
8059 3 2 0 1100 998 1963 1964 999
8060 3 2 0 1100 999 1964 468 147
8061 3 2 0 1101 145 147 468 466
8062 3 2 0 1102 465 1957 1961 467
8063 3 2 0 1102 1957 1958 1962 1961
8064 3 2 0 1102 1958 1959 1963 1962
8065 3 2 0 1102 1959 1960 1964 1963
8066 3 2 0 1102 1960 466 468 1964
8067 3 2 0 1103 148 467 1965 1007
8068 3 2 0 1103 1007 1965 469 150
8069 3 2 0 1104 150 469 1966 1002
8070 3 2 0 1104 1002 1966 1967 1003
8071 3 2 0 1104 1003 1967 1968 1004
8072 3 2 0 1104 1004 1968 1969 1005
8073 3 2 0 1104 1005 1969 470 149
8074 3 2 0 1105 147 1008 1970 468
8075 3 2 0 1105 1008 149 470 1970
8076 3 2 0 1106 467 1961 3104 1965
8077 3 2 0 1106 1961 1962 3105 3104
8078 3 2 0 1106 1962 1963 3106 3105
8079 3 2 0 1106 1963 1964 3107 3106
8080 3 2 0 1106 1964 468 1970 3107
8081 3 2 0 1106 1965 3104 1966 469
8082 3 2 0 1106 3104 3105 1967 1966
8083 3 2 0 1106 3105 3106 1968 1967
8084 3 2 0 1106 3106 3107 1969 1968
8085 3 2 0 1106 3107 1970 470 1969
8086 3 2 0 1107 150 469 471 152
8087 3 2 0 1108 152 471 1971 1010
8088 3 2 0 1108 1010 1971 1972 1011
8089 3 2 0 1108 1011 1972 1973 1012
8090 3 2 0 1108 1012 1973 1974 1013
8091 3 2 0 1108 1013 1974 472 151
8092 3 2 0 1109 149 151 472 470
8093 3 2 0 1110 469 1966 1971 471
8094 3 2 0 1110 1966 1967 1972 1971
8095 3 2 0 1110 1967 1968 1973 1972
8096 3 2 0 1110 1968 1969 1974 1973
8097 3 2 0 1110 1969 470 472 1974
8098 3 2 0 1116 222 473 1975 1274
8099 3 2 0 1116 1274 1975 1976 1275
8100 3 2 0 1116 1275 1976 1977 1276
8101 3 2 0 1116 1276 1977 455 136
8102 3 2 0 1119 222 473 474 223
8103 3 2 0 1120 223 474 1978 1280
8104 3 2 0 1120 1280 1978 1979 1281
8105 3 2 0 1120 1281 1979 1980 1282
8106 3 2 0 1120 1282 1980 457 138
8107 3 2 0 1121 473 1975 1978 474
8108 3 2 0 1121 1975 1976 1979 1978
8109 3 2 0 1121 1976 1977 1980 1979
8110 3 2 0 1121 1977 455 457 1980
8111 3 2 0 1122 223 474 1981 1288
8112 3 2 0 1122 1288 1981 475 224
8113 3 2 0 1123 224 475 1982 1284
8114 3 2 0 1123 1284 1982 1983 1285
8115 3 2 0 1123 1285 1983 1984 1286
8116 3 2 0 1123 1286 1984 459 140
8117 3 2 0 1124 474 1978 3108 1981
8118 3 2 0 1124 1978 1979 3109 3108
8119 3 2 0 1124 1979 1980 3110 3109
8120 3 2 0 1124 1980 457 1943 3110
8121 3 2 0 1124 1981 3108 1982 475
8122 3 2 0 1124 3108 3109 1983 1982
8123 3 2 0 1124 3109 3110 1984 1983
8124 3 2 0 1124 3110 1943 459 1984
8125 3 2 0 1125 224 475 476 225
8126 3 2 0 1126 225 476 1985 1289
8127 3 2 0 1126 1289 1985 1986 1290
8128 3 2 0 1126 1290 1986 1987 1291
8129 3 2 0 1126 1291 1987 461 142
8130 3 2 0 1127 475 1982 1985 476
8131 3 2 0 1127 1982 1983 1986 1985
8132 3 2 0 1127 1983 1984 1987 1986
8133 3 2 0 1127 1984 459 461 1987
8134 3 2 0 1128 225 476 477 226
8135 3 2 0 1129 226 477 1988 1293
8136 3 2 0 1129 1293 1988 1989 1294
8137 3 2 0 1129 1294 1989 1990 1295
8138 3 2 0 1129 1295 1990 463 144
8139 3 2 0 1130 476 1985 1988 477
8140 3 2 0 1130 1985 1986 1989 1988
8141 3 2 0 1130 1986 1987 1990 1989
8142 3 2 0 1130 1987 461 463 1990
8143 3 2 0 1131 226 477 478 227
8144 3 2 0 1132 227 478 1991 1297
8145 3 2 0 1132 1297 1991 1992 1298
8146 3 2 0 1132 1298 1992 1993 1299
8147 3 2 0 1132 1299 1993 465 146
8148 3 2 0 1133 477 1988 1991 478
8149 3 2 0 1133 1988 1989 1992 1991
8150 3 2 0 1133 1989 1990 1993 1992
8151 3 2 0 1133 1990 463 465 1993
8152 3 2 0 1134 227 478 479 228
8153 3 2 0 1135 228 479 1994 1301
8154 3 2 0 1135 1301 1994 1995 1302
8155 3 2 0 1135 1302 1995 1996 1303
8156 3 2 0 1135 1303 1996 467 148
8157 3 2 0 1136 478 1991 1994 479
8158 3 2 0 1136 1991 1992 1995 1994
8159 3 2 0 1136 1992 1993 1996 1995
8160 3 2 0 1136 1993 465 467 1996
8161 3 2 0 1137 228 479 1997 1309
8162 3 2 0 1137 1309 1997 480 229
8163 3 2 0 1138 229 480 1998 1305
8164 3 2 0 1138 1305 1998 1999 1306
8165 3 2 0 1138 1306 1999 2000 1307
8166 3 2 0 1138 1307 2000 469 150
8167 3 2 0 1139 479 1994 3111 1997
8168 3 2 0 1139 1994 1995 3112 3111
8169 3 2 0 1139 1995 1996 3113 3112
8170 3 2 0 1139 1996 467 1965 3113
8171 3 2 0 1139 1997 3111 1998 480
8172 3 2 0 1139 3111 3112 1999 1998
8173 3 2 0 1139 3112 3113 2000 1999
8174 3 2 0 1139 3113 1965 469 2000
8175 3 2 0 1140 229 480 481 230
8176 3 2 0 1141 230 481 2001 1310
8177 3 2 0 1141 1310 2001 2002 1311
8178 3 2 0 1141 1311 2002 2003 1312
8179 3 2 0 1141 1312 2003 471 152
8180 3 2 0 1142 480 1998 2001 481
8181 3 2 0 1142 1998 1999 2002 2001
8182 3 2 0 1142 1999 2000 2003 2002
8183 3 2 0 1142 2000 469 471 2003
8184 3 2 0 1143 232 1320 2004 482
8185 3 2 0 1143 1320 1321 2005 2004
8186 3 2 0 1143 1321 1322 2006 2005
8187 3 2 0 1143 1322 1323 2007 2006
8188 3 2 0 1143 1323 155 400 2007
8189 3 2 0 1144 233 483 2008 1324
8190 3 2 0 1144 1324 2008 2009 1325
8191 3 2 0 1144 1325 2009 2010 1326
8192 3 2 0 1144 1326 2010 2011 1327
8193 3 2 0 1144 1327 2011 401 156
8194 3 2 0 1145 232 482 2012 1328
8195 3 2 0 1145 1328 2012 483 233
8196 3 2 0 1146 482 2004 3114 2012
8197 3 2 0 1146 2012 3114 2008 483
8198 3 2 0 1146 2004 2005 3115 3114
8199 3 2 0 1146 3114 3115 2009 2008
8200 3 2 0 1146 2005 2006 3116 3115
8201 3 2 0 1146 3115 3116 2010 2009
8202 3 2 0 1146 2006 2007 3117 3116
8203 3 2 0 1146 3116 3117 2011 2010
8204 3 2 0 1146 2007 400 1794 3117
8205 3 2 0 1146 3117 1794 401 2011
8206 3 2 0 1147 254 484 2013 1431
8207 3 2 0 1147 1431 2013 2014 1432
8208 3 2 0 1147 1432 2014 2015 1433
8209 3 2 0 1147 1433 2015 2016 1434
8210 3 2 0 1147 1434 2016 402 177
8211 3 2 0 1148 233 483 484 254
8212 3 2 0 1149 483 2008 2013 484
8213 3 2 0 1149 2008 2009 2014 2013
8214 3 2 0 1149 2009 2010 2015 2014
8215 3 2 0 1149 2010 2011 2016 2015
8216 3 2 0 1149 2011 401 402 2016
8217 3 2 0 1150 265 485 2017 1481
8218 3 2 0 1150 1481 2017 2018 1482
8219 3 2 0 1150 1482 2018 2019 1483
8220 3 2 0 1150 1483 2019 2020 1484
8221 3 2 0 1150 1484 2020 403 188
8222 3 2 0 1151 254 484 485 265
8223 3 2 0 1152 484 2013 2017 485
8224 3 2 0 1152 2013 2014 2018 2017
8225 3 2 0 1152 2014 2015 2019 2018
8226 3 2 0 1152 2015 2016 2020 2019
8227 3 2 0 1152 2016 402 403 2020
8228 3 2 0 1153 276 486 2021 1531
8229 3 2 0 1153 1531 2021 2022 1532
8230 3 2 0 1153 1532 2022 2023 1533
8231 3 2 0 1153 1533 2023 2024 1534
8232 3 2 0 1153 1534 2024 404 199
8233 3 2 0 1154 265 485 486 276
8234 3 2 0 1155 485 2017 2021 486
8235 3 2 0 1155 2017 2018 2022 2021
8236 3 2 0 1155 2018 2019 2023 2022
8237 3 2 0 1155 2019 2020 2024 2023
8238 3 2 0 1155 2020 403 404 2024
8239 3 2 0 1156 287 487 2025 1581
8240 3 2 0 1156 1581 2025 2026 1582
8241 3 2 0 1156 1582 2026 2027 1583
8242 3 2 0 1156 1583 2027 2028 1584
8243 3 2 0 1156 1584 2028 405 210
8244 3 2 0 1157 276 486 487 287
8245 3 2 0 1158 486 2021 2025 487
8246 3 2 0 1158 2021 2022 2026 2025
8247 3 2 0 1158 2022 2023 2027 2026
8248 3 2 0 1158 2023 2024 2028 2027
8249 3 2 0 1158 2024 404 405 2028
8250 3 2 0 1159 298 488 2029 1631
8251 3 2 0 1159 1631 2029 2030 1632
8252 3 2 0 1159 1632 2030 2031 1633
8253 3 2 0 1159 1633 2031 2032 1634
8254 3 2 0 1159 1634 2032 406 221
8255 3 2 0 1160 287 487 2033 1635
8256 3 2 0 1160 1635 2033 488 298
8257 3 2 0 1161 487 2025 3118 2033
8258 3 2 0 1161 2033 3118 2029 488
8259 3 2 0 1161 2025 2026 3119 3118
8260 3 2 0 1161 3118 3119 2030 2029
8261 3 2 0 1161 2026 2027 3120 3119
8262 3 2 0 1161 3119 3120 2031 2030
8263 3 2 0 1161 2027 2028 3121 3120
8264 3 2 0 1161 3120 3121 2032 2031
8265 3 2 0 1161 2028 405 1810 3121
8266 3 2 0 1161 3121 1810 406 2032
8267 3 2 0 1162 252 489 2034 1418
8268 3 2 0 1162 1418 2034 2035 1419
8269 3 2 0 1162 1419 2035 2036 1420
8270 3 2 0 1162 1420 2036 2037 1421
8271 3 2 0 1162 1421 2037 421 175
8272 3 2 0 1163 253 1422 2038 490
8273 3 2 0 1163 1422 1423 2039 2038
8274 3 2 0 1163 1423 1424 2040 2039
8275 3 2 0 1163 1424 1425 2041 2040
8276 3 2 0 1163 1425 176 422 2041
8277 3 2 0 1164 252 1426 2042 489
8278 3 2 0 1164 1426 253 490 2042
8279 3 2 0 1165 489 2042 3122 2034
8280 3 2 0 1165 2042 490 2038 3122
8281 3 2 0 1165 2034 3122 3123 2035
8282 3 2 0 1165 3122 2038 2039 3123
8283 3 2 0 1165 2035 3123 3124 2036
8284 3 2 0 1165 3123 2039 2040 3124
8285 3 2 0 1165 2036 3124 3125 2037
8286 3 2 0 1165 3124 2040 2041 3125
8287 3 2 0 1165 2037 3125 1849 421
8288 3 2 0 1165 3125 2041 422 1849
8289 3 2 0 1166 264 1475 2043 491
8290 3 2 0 1166 1475 1476 2044 2043
8291 3 2 0 1166 1476 1477 2045 2044
8292 3 2 0 1166 1477 1478 2046 2045
8293 3 2 0 1166 1478 187 423 2046
8294 3 2 0 1167 253 264 491 490
8295 3 2 0 1168 490 491 2043 2038
8296 3 2 0 1168 2038 2043 2044 2039
8297 3 2 0 1168 2039 2044 2045 2040
8298 3 2 0 1168 2040 2045 2046 2041
8299 3 2 0 1168 2041 2046 423 422
8300 3 2 0 1169 275 1525 2047 492
8301 3 2 0 1169 1525 1526 2048 2047
8302 3 2 0 1169 1526 1527 2049 2048
8303 3 2 0 1169 1527 1528 2050 2049
8304 3 2 0 1169 1528 198 424 2050
8305 3 2 0 1170 264 275 492 491
8306 3 2 0 1171 491 492 2047 2043
8307 3 2 0 1171 2043 2047 2048 2044
8308 3 2 0 1171 2044 2048 2049 2045
8309 3 2 0 1171 2045 2049 2050 2046
8310 3 2 0 1171 2046 2050 424 423
8311 3 2 0 1172 286 1575 2051 493
8312 3 2 0 1172 1575 1576 2052 2051
8313 3 2 0 1172 1576 1577 2053 2052
8314 3 2 0 1172 1577 1578 2054 2053
8315 3 2 0 1172 1578 209 425 2054
8316 3 2 0 1173 275 286 493 492
8317 3 2 0 1174 492 493 2051 2047
8318 3 2 0 1174 2047 2051 2052 2048
8319 3 2 0 1174 2048 2052 2053 2049
8320 3 2 0 1174 2049 2053 2054 2050
8321 3 2 0 1174 2050 2054 425 424
8322 3 2 0 1175 297 1625 2055 494
8323 3 2 0 1175 1625 1626 2056 2055
8324 3 2 0 1175 1626 1627 2057 2056
8325 3 2 0 1175 1627 1628 2058 2057
8326 3 2 0 1175 1628 220 426 2058
8327 3 2 0 1176 286 297 494 493
8328 3 2 0 1177 493 494 2055 2051
8329 3 2 0 1177 2051 2055 2056 2052
8330 3 2 0 1177 2052 2056 2057 2053
8331 3 2 0 1177 2053 2057 2058 2054
8332 3 2 0 1177 2054 2058 426 425
8333 3 2 0 1178 308 1685 2059 495
8334 3 2 0 1178 1685 1686 2060 2059
8335 3 2 0 1178 1686 1687 2061 2060
8336 3 2 0 1178 1687 1688 2062 2061
8337 3 2 0 1178 1688 231 427 2062
8338 3 2 0 1179 297 1689 2063 494
8339 3 2 0 1179 1689 308 495 2063
8340 3 2 0 1180 494 2063 3126 2055
8341 3 2 0 1180 2063 495 2059 3126
8342 3 2 0 1180 2055 3126 3127 2056
8343 3 2 0 1180 3126 2059 2060 3127
8344 3 2 0 1180 2056 3127 3128 2057
8345 3 2 0 1180 3127 2060 2061 3128
8346 3 2 0 1180 2057 3128 3129 2058
8347 3 2 0 1180 3128 2061 2062 3129
8348 3 2 0 1180 2058 3129 1865 426
8349 3 2 0 1180 3129 2062 427 1865
8350 3 2 0 1181 1 609 2064 496
8351 3 2 0 1181 609 610 2065 2064
8352 3 2 0 1181 610 5 428 2065
8353 3 2 0 1182 2 497 2066 611
8354 3 2 0 1182 611 2066 2067 612
8355 3 2 0 1182 612 2067 429 6
8356 3 2 0 1183 1 496 2068 589
8357 3 2 0 1183 589 2068 2069 590
8358 3 2 0 1183 590 2069 2070 591
8359 3 2 0 1183 591 2070 2071 592
8360 3 2 0 1183 592 2071 497 2
8361 3 2 0 1184 496 2064 3130 2068
8362 3 2 0 1184 2068 3130 3131 2069
8363 3 2 0 1184 2069 3131 3132 2070
8364 3 2 0 1184 2070 3132 3133 2071
8365 3 2 0 1184 2071 3133 2066 497
8366 3 2 0 1184 2064 2065 3134 3130
8367 3 2 0 1184 3130 3134 3135 3131
8368 3 2 0 1184 3131 3135 3136 3132
8369 3 2 0 1184 3132 3136 3137 3133
8370 3 2 0 1184 3133 3137 2067 2066
8371 3 2 0 1184 2065 428 1866 3134
8372 3 2 0 1184 3134 1866 1867 3135
8373 3 2 0 1184 3135 1867 1868 3136
8374 3 2 0 1184 3136 1868 1869 3137
8375 3 2 0 1184 3137 1869 429 2067
8376 3 2 0 1185 37 715 2072 444
8377 3 2 0 1185 715 716 2073 2072
8378 3 2 0 1185 716 41 498 2073
8379 3 2 0 1186 41 705 2074 498
8380 3 2 0 1186 705 706 2075 2074
8381 3 2 0 1186 706 707 2076 2075
8382 3 2 0 1186 707 708 2077 2076
8383 3 2 0 1186 708 42 499 2077
8384 3 2 0 1187 38 445 2078 717
8385 3 2 0 1187 717 2078 2079 718
8386 3 2 0 1187 718 2079 499 42
8387 3 2 0 1188 444 2072 3138 1902
8388 3 2 0 1188 1902 3138 3139 1903
8389 3 2 0 1188 1903 3139 3140 1904
8390 3 2 0 1188 1904 3140 3141 1905
8391 3 2 0 1188 1905 3141 2078 445
8392 3 2 0 1188 2072 2073 3142 3138
8393 3 2 0 1188 3138 3142 3143 3139
8394 3 2 0 1188 3139 3143 3144 3140
8395 3 2 0 1188 3140 3144 3145 3141
8396 3 2 0 1188 3141 3145 2079 2078
8397 3 2 0 1188 2073 498 2074 3142
8398 3 2 0 1188 3142 2074 2075 3143
8399 3 2 0 1188 3143 2075 2076 3144
8400 3 2 0 1188 3144 2076 2077 3145
8401 3 2 0 1188 3145 2077 499 2079
8402 3 2 0 1189 155 1039 2080 500
8403 3 2 0 1189 1039 1040 2081 2080
8404 3 2 0 1189 1040 157 446 2081
8405 3 2 0 1190 155 500 2082 1025
8406 3 2 0 1190 1025 2082 2083 1026
8407 3 2 0 1190 1026 2083 2084 1027
8408 3 2 0 1190 1027 2084 496 1
8409 3 2 0 1191 500 2080 3146 2082
8410 3 2 0 1191 2082 3146 3147 2083
8411 3 2 0 1191 2083 3147 3148 2084
8412 3 2 0 1191 2084 3148 2064 496
8413 3 2 0 1191 2080 2081 3149 3146
8414 3 2 0 1191 3146 3149 3150 3147
8415 3 2 0 1191 3147 3150 3151 3148
8416 3 2 0 1191 3148 3151 2065 2064
8417 3 2 0 1191 2081 446 1906 3149
8418 3 2 0 1191 3149 1906 1907 3150
8419 3 2 0 1191 3150 1907 1908 3151
8420 3 2 0 1191 3151 1908 428 2065
8421 3 2 0 1192 173 1110 2085 454
8422 3 2 0 1192 1110 1111 2086 2085
8423 3 2 0 1192 1111 175 501 2086
8424 3 2 0 1193 175 1103 2087 501
8425 3 2 0 1193 1103 1104 2088 2087
8426 3 2 0 1193 1104 1105 2089 2088
8427 3 2 0 1193 1105 41 498 2089
8428 3 2 0 1194 454 2085 3152 1932
8429 3 2 0 1194 1932 3152 3153 1933
8430 3 2 0 1194 1933 3153 3154 1934
8431 3 2 0 1194 1934 3154 2072 444
8432 3 2 0 1194 2085 2086 3155 3152
8433 3 2 0 1194 3152 3155 3156 3153
8434 3 2 0 1194 3153 3156 3157 3154
8435 3 2 0 1194 3154 3157 2073 2072
8436 3 2 0 1194 2086 501 2087 3155
8437 3 2 0 1194 3155 2087 2088 3156
8438 3 2 0 1194 3156 2088 2089 3157
8439 3 2 0 1194 3157 2089 498 2073
8440 3 2 0 1195 232 1338 2090 502
8441 3 2 0 1195 1338 1339 2091 2090
8442 3 2 0 1195 1339 234 503 2091
8443 3 2 0 1196 234 1329 2092 503
8444 3 2 0 1196 1329 1330 2093 2092
8445 3 2 0 1196 1330 1331 2094 2093
8446 3 2 0 1196 1331 1332 2095 2094
8447 3 2 0 1196 1332 157 446 2095
8448 3 2 0 1197 232 502 2096 1320
8449 3 2 0 1197 1320 2096 2097 1321
8450 3 2 0 1197 1321 2097 2098 1322
8451 3 2 0 1197 1322 2098 2099 1323
8452 3 2 0 1197 1323 2099 500 155
8453 3 2 0 1198 502 2090 3158 2096
8454 3 2 0 1198 2096 3158 3159 2097
8455 3 2 0 1198 2097 3159 3160 2098
8456 3 2 0 1198 2098 3160 3161 2099
8457 3 2 0 1198 2099 3161 2080 500
8458 3 2 0 1198 2090 2091 3162 3158
8459 3 2 0 1198 3158 3162 3163 3159
8460 3 2 0 1198 3159 3163 3164 3160
8461 3 2 0 1198 3160 3164 3165 3161
8462 3 2 0 1198 3161 3165 2081 2080
8463 3 2 0 1198 2091 503 2092 3162
8464 3 2 0 1198 3162 2092 2093 3163
8465 3 2 0 1198 3163 2093 2094 3164
8466 3 2 0 1198 3164 2094 2095 3165
8467 3 2 0 1198 3165 2095 446 2081
8468 3 2 0 1199 234 236 504 503
8469 3 2 0 1200 236 1342 2100 504
8470 3 2 0 1200 1342 1343 2101 2100
8471 3 2 0 1200 1343 1344 2102 2101
8472 3 2 0 1200 1344 1345 2103 2102
8473 3 2 0 1200 1345 159 447 2103
8474 3 2 0 1201 503 504 2100 2092
8475 3 2 0 1201 2092 2100 2101 2093
8476 3 2 0 1201 2093 2101 2102 2094
8477 3 2 0 1201 2094 2102 2103 2095
8478 3 2 0 1201 2095 2103 447 446
8479 3 2 0 1202 236 1360 2104 504
8480 3 2 0 1202 1360 238 505 2104
8481 3 2 0 1203 238 1351 2105 505
8482 3 2 0 1203 1351 1352 2106 2105
8483 3 2 0 1203 1352 1353 2107 2106
8484 3 2 0 1203 1353 1354 2108 2107
8485 3 2 0 1203 1354 161 448 2108
8486 3 2 0 1204 504 2104 3166 2100
8487 3 2 0 1204 2100 3166 3167 2101
8488 3 2 0 1204 2101 3167 3168 2102
8489 3 2 0 1204 2102 3168 3169 2103
8490 3 2 0 1204 2103 3169 1912 447
8491 3 2 0 1204 2104 505 2105 3166
8492 3 2 0 1204 3166 2105 2106 3167
8493 3 2 0 1204 3167 2106 2107 3168
8494 3 2 0 1204 3168 2107 2108 3169
8495 3 2 0 1204 3169 2108 448 1912
8496 3 2 0 1205 238 240 506 505
8497 3 2 0 1206 240 1362 2109 506
8498 3 2 0 1206 1362 1363 2110 2109
8499 3 2 0 1206 1363 1364 2111 2110
8500 3 2 0 1206 1364 1365 2112 2111
8501 3 2 0 1206 1365 163 449 2112
8502 3 2 0 1207 505 506 2109 2105
8503 3 2 0 1207 2105 2109 2110 2106
8504 3 2 0 1207 2106 2110 2111 2107
8505 3 2 0 1207 2107 2111 2112 2108
8506 3 2 0 1207 2108 2112 449 448
8507 3 2 0 1208 240 242 507 506
8508 3 2 0 1209 242 1371 2113 507
8509 3 2 0 1209 1371 1372 2114 2113
8510 3 2 0 1209 1372 1373 2115 2114
8511 3 2 0 1209 1373 1374 2116 2115
8512 3 2 0 1209 1374 165 450 2116
8513 3 2 0 1210 506 507 2113 2109
8514 3 2 0 1210 2109 2113 2114 2110
8515 3 2 0 1210 2110 2114 2115 2111
8516 3 2 0 1210 2111 2115 2116 2112
8517 3 2 0 1210 2112 2116 450 449
8518 3 2 0 1211 242 244 508 507
8519 3 2 0 1212 244 1380 2117 508
8520 3 2 0 1212 1380 1381 2118 2117
8521 3 2 0 1212 1381 1382 2119 2118
8522 3 2 0 1212 1382 1383 2120 2119
8523 3 2 0 1212 1383 167 451 2120
8524 3 2 0 1213 507 508 2117 2113
8525 3 2 0 1213 2113 2117 2118 2114
8526 3 2 0 1213 2114 2118 2119 2115
8527 3 2 0 1213 2115 2119 2120 2116
8528 3 2 0 1213 2116 2120 451 450
8529 3 2 0 1214 244 246 509 508
8530 3 2 0 1215 246 1389 2121 509
8531 3 2 0 1215 1389 1390 2122 2121
8532 3 2 0 1215 1390 1391 2123 2122
8533 3 2 0 1215 1391 1392 2124 2123
8534 3 2 0 1215 1392 169 452 2124
8535 3 2 0 1216 508 509 2121 2117
8536 3 2 0 1216 2117 2121 2122 2118
8537 3 2 0 1216 2118 2122 2123 2119
8538 3 2 0 1216 2119 2123 2124 2120
8539 3 2 0 1216 2120 2124 452 451
8540 3 2 0 1217 246 1407 2125 509
8541 3 2 0 1217 1407 248 510 2125
8542 3 2 0 1218 248 1398 2126 510
8543 3 2 0 1218 1398 1399 2127 2126
8544 3 2 0 1218 1399 1400 2128 2127
8545 3 2 0 1218 1400 1401 2129 2128
8546 3 2 0 1218 1401 171 453 2129
8547 3 2 0 1219 509 2125 3170 2121
8548 3 2 0 1219 2121 3170 3171 2122
8549 3 2 0 1219 2122 3171 3172 2123
8550 3 2 0 1219 2123 3172 3173 2124
8551 3 2 0 1219 2124 3173 1928 452
8552 3 2 0 1219 2125 510 2126 3170
8553 3 2 0 1219 3170 2126 2127 3171
8554 3 2 0 1219 3171 2127 2128 3172
8555 3 2 0 1219 3172 2128 2129 3173
8556 3 2 0 1219 3173 2129 453 1928
8557 3 2 0 1220 248 250 511 510
8558 3 2 0 1221 250 1409 2130 511
8559 3 2 0 1221 1409 1410 2131 2130
8560 3 2 0 1221 1410 1411 2132 2131
8561 3 2 0 1221 1411 1412 2133 2132
8562 3 2 0 1221 1412 173 454 2133
8563 3 2 0 1222 510 511 2130 2126
8564 3 2 0 1222 2126 2130 2131 2127
8565 3 2 0 1222 2127 2131 2132 2128
8566 3 2 0 1222 2128 2132 2133 2129
8567 3 2 0 1222 2129 2133 454 453
8568 3 2 0 1223 250 1427 2134 511
8569 3 2 0 1223 1427 1428 2135 2134
8570 3 2 0 1223 1428 252 512 2135
8571 3 2 0 1224 252 1418 2136 512
8572 3 2 0 1224 1418 1419 2137 2136
8573 3 2 0 1224 1419 1420 2138 2137
8574 3 2 0 1224 1420 1421 2139 2138
8575 3 2 0 1224 1421 175 501 2139
8576 3 2 0 1225 511 2134 3174 2130
8577 3 2 0 1225 2130 3174 3175 2131
8578 3 2 0 1225 2131 3175 3176 2132
8579 3 2 0 1225 2132 3176 3177 2133
8580 3 2 0 1225 2133 3177 2085 454
8581 3 2 0 1225 2134 2135 3178 3174
8582 3 2 0 1225 3174 3178 3179 3175
8583 3 2 0 1225 3175 3179 3180 3176
8584 3 2 0 1225 3176 3180 3181 3177
8585 3 2 0 1225 3177 3181 2086 2085
8586 3 2 0 1225 2135 512 2136 3178
8587 3 2 0 1225 3178 2136 2137 3179
8588 3 2 0 1225 3179 2137 2138 3180
8589 3 2 0 1225 3180 2138 2139 3181
8590 3 2 0 1225 3181 2139 501 2086
8591 3 2 0 1226 134 513 2140 959
8592 3 2 0 1226 959 2140 2141 960
8593 3 2 0 1226 960 2141 455 136
8594 3 2 0 1227 133 961 2142 514
8595 3 2 0 1227 961 962 2143 2142
8596 3 2 0 1227 962 135 456 2143
8597 3 2 0 1228 134 948 2144 513
8598 3 2 0 1228 948 949 2145 2144
8599 3 2 0 1228 949 950 2146 2145
8600 3 2 0 1228 950 951 2147 2146
8601 3 2 0 1228 951 133 514 2147
8602 3 2 0 1229 513 2144 3182 2140
8603 3 2 0 1229 2144 2145 3183 3182
8604 3 2 0 1229 2145 2146 3184 3183
8605 3 2 0 1229 2146 2147 3185 3184
8606 3 2 0 1229 2147 514 2142 3185
8607 3 2 0 1229 2140 3182 3186 2141
8608 3 2 0 1229 3182 3183 3187 3186
8609 3 2 0 1229 3183 3184 3188 3187
8610 3 2 0 1229 3184 3185 3189 3188
8611 3 2 0 1229 3185 2142 2143 3189
8612 3 2 0 1229 2141 3186 1935 455
8613 3 2 0 1229 3186 3187 1936 1935
8614 3 2 0 1229 3187 3188 1937 1936
8615 3 2 0 1229 3188 3189 1938 1937
8616 3 2 0 1229 3189 2143 456 1938
8617 3 2 0 1230 152 471 2148 1021
8618 3 2 0 1230 1021 2148 2149 1022
8619 3 2 0 1230 1022 2149 515 154
8620 3 2 0 1231 154 515 2150 1016
8621 3 2 0 1231 1016 2150 2151 1017
8622 3 2 0 1231 1017 2151 2152 1018
8623 3 2 0 1231 1018 2152 2153 1019
8624 3 2 0 1231 1019 2153 516 153
8625 3 2 0 1232 151 1023 2154 472
8626 3 2 0 1232 1023 1024 2155 2154
8627 3 2 0 1232 1024 153 516 2155
8628 3 2 0 1233 471 1971 3190 2148
8629 3 2 0 1233 1971 1972 3191 3190
8630 3 2 0 1233 1972 1973 3192 3191
8631 3 2 0 1233 1973 1974 3193 3192
8632 3 2 0 1233 1974 472 2154 3193
8633 3 2 0 1233 2148 3190 3194 2149
8634 3 2 0 1233 3190 3191 3195 3194
8635 3 2 0 1233 3191 3192 3196 3195
8636 3 2 0 1233 3192 3193 3197 3196
8637 3 2 0 1233 3193 2154 2155 3197
8638 3 2 0 1233 2149 3194 2150 515
8639 3 2 0 1233 3194 3195 2151 2150
8640 3 2 0 1233 3195 3196 2152 2151
8641 3 2 0 1233 3196 3197 2153 2152
8642 3 2 0 1233 3197 2155 516 2153
8643 3 2 0 1234 221 517 2156 1278
8644 3 2 0 1234 1278 2156 2157 1279
8645 3 2 0 1234 1279 2157 473 222
8646 3 2 0 1235 221 1270 2158 517
8647 3 2 0 1235 1270 1271 2159 2158
8648 3 2 0 1235 1271 1272 2160 2159
8649 3 2 0 1235 1272 134 513 2160
8650 3 2 0 1236 517 2158 3198 2156
8651 3 2 0 1236 2158 2159 3199 3198
8652 3 2 0 1236 2159 2160 3200 3199
8653 3 2 0 1236 2160 513 2140 3200
8654 3 2 0 1236 2156 3198 3201 2157
8655 3 2 0 1236 3198 3199 3202 3201
8656 3 2 0 1236 3199 3200 3203 3202
8657 3 2 0 1236 3200 2140 2141 3203
8658 3 2 0 1236 2157 3201 1975 473
8659 3 2 0 1236 3201 3202 1976 1975
8660 3 2 0 1236 3202 3203 1977 1976
8661 3 2 0 1236 3203 2141 455 1977
8662 3 2 0 1237 230 481 2161 1318
8663 3 2 0 1237 1318 2161 2162 1319
8664 3 2 0 1237 1319 2162 518 231
8665 3 2 0 1238 231 518 2163 1314
8666 3 2 0 1238 1314 2163 2164 1315
8667 3 2 0 1238 1315 2164 2165 1316
8668 3 2 0 1238 1316 2165 515 154
8669 3 2 0 1239 481 2001 3204 2161
8670 3 2 0 1239 2001 2002 3205 3204
8671 3 2 0 1239 2002 2003 3206 3205
8672 3 2 0 1239 2003 471 2148 3206
8673 3 2 0 1239 2161 3204 3207 2162
8674 3 2 0 1239 3204 3205 3208 3207
8675 3 2 0 1239 3205 3206 3209 3208
8676 3 2 0 1239 3206 2148 2149 3209
8677 3 2 0 1239 2162 3207 2163 518
8678 3 2 0 1239 3207 3208 2164 2163
8679 3 2 0 1239 3208 3209 2165 2164
8680 3 2 0 1239 3209 2149 515 2165
8681 3 2 0 1240 298 519 2166 1641
8682 3 2 0 1240 1641 2166 2167 1642
8683 3 2 0 1240 1642 2167 520 299
8684 3 2 0 1241 299 520 2168 1636
8685 3 2 0 1241 1636 2168 2169 1637
8686 3 2 0 1241 1637 2169 2170 1638
8687 3 2 0 1241 1638 2170 2171 1639
8688 3 2 0 1241 1639 2171 473 222
8689 3 2 0 1242 298 1631 2172 519
8690 3 2 0 1242 1631 1632 2173 2172
8691 3 2 0 1242 1632 1633 2174 2173
8692 3 2 0 1242 1633 1634 2175 2174
8693 3 2 0 1242 1634 221 517 2175
8694 3 2 0 1243 519 2172 3210 2166
8695 3 2 0 1243 2172 2173 3211 3210
8696 3 2 0 1243 2173 2174 3212 3211
8697 3 2 0 1243 2174 2175 3213 3212
8698 3 2 0 1243 2175 517 2156 3213
8699 3 2 0 1243 2166 3210 3214 2167
8700 3 2 0 1243 3210 3211 3215 3214
8701 3 2 0 1243 3211 3212 3216 3215
8702 3 2 0 1243 3212 3213 3217 3216
8703 3 2 0 1243 3213 2156 2157 3217
8704 3 2 0 1243 2167 3214 2168 520
8705 3 2 0 1243 3214 3215 2169 2168
8706 3 2 0 1243 3215 3216 2170 2169
8707 3 2 0 1243 3216 3217 2171 2170
8708 3 2 0 1243 3217 2157 473 2171
8709 3 2 0 1244 299 520 521 300
8710 3 2 0 1245 300 521 2176 1643
8711 3 2 0 1245 1643 2176 2177 1644
8712 3 2 0 1245 1644 2177 2178 1645
8713 3 2 0 1245 1645 2178 2179 1646
8714 3 2 0 1245 1646 2179 474 223
8715 3 2 0 1246 520 2168 2176 521
8716 3 2 0 1246 2168 2169 2177 2176
8717 3 2 0 1246 2169 2170 2178 2177
8718 3 2 0 1246 2170 2171 2179 2178
8719 3 2 0 1246 2171 473 474 2179
8720 3 2 0 1247 300 521 2180 1653
8721 3 2 0 1247 1653 2180 522 301
8722 3 2 0 1248 301 522 2181 1648
8723 3 2 0 1248 1648 2181 2182 1649
8724 3 2 0 1248 1649 2182 2183 1650
8725 3 2 0 1248 1650 2183 2184 1651
8726 3 2 0 1248 1651 2184 475 224
8727 3 2 0 1249 521 2176 3218 2180
8728 3 2 0 1249 2176 2177 3219 3218
8729 3 2 0 1249 2177 2178 3220 3219
8730 3 2 0 1249 2178 2179 3221 3220
8731 3 2 0 1249 2179 474 1981 3221
8732 3 2 0 1249 2180 3218 2181 522
8733 3 2 0 1249 3218 3219 2182 2181
8734 3 2 0 1249 3219 3220 2183 2182
8735 3 2 0 1249 3220 3221 2184 2183
8736 3 2 0 1249 3221 1981 475 2184
8737 3 2 0 1250 301 522 523 302
8738 3 2 0 1251 302 523 2185 1654
8739 3 2 0 1251 1654 2185 2186 1655
8740 3 2 0 1251 1655 2186 2187 1656
8741 3 2 0 1251 1656 2187 2188 1657
8742 3 2 0 1251 1657 2188 476 225
8743 3 2 0 1252 522 2181 2185 523
8744 3 2 0 1252 2181 2182 2186 2185
8745 3 2 0 1252 2182 2183 2187 2186
8746 3 2 0 1252 2183 2184 2188 2187
8747 3 2 0 1252 2184 475 476 2188
8748 3 2 0 1253 302 523 524 303
8749 3 2 0 1254 303 524 2189 1659
8750 3 2 0 1254 1659 2189 2190 1660
8751 3 2 0 1254 1660 2190 2191 1661
8752 3 2 0 1254 1661 2191 2192 1662
8753 3 2 0 1254 1662 2192 477 226
8754 3 2 0 1255 523 2185 2189 524
8755 3 2 0 1255 2185 2186 2190 2189
8756 3 2 0 1255 2186 2187 2191 2190
8757 3 2 0 1255 2187 2188 2192 2191
8758 3 2 0 1255 2188 476 477 2192
8759 3 2 0 1256 303 524 525 304
8760 3 2 0 1257 304 525 2193 1664
8761 3 2 0 1257 1664 2193 2194 1665
8762 3 2 0 1257 1665 2194 2195 1666
8763 3 2 0 1257 1666 2195 2196 1667
8764 3 2 0 1257 1667 2196 478 227
8765 3 2 0 1258 524 2189 2193 525
8766 3 2 0 1258 2189 2190 2194 2193
8767 3 2 0 1258 2190 2191 2195 2194
8768 3 2 0 1258 2191 2192 2196 2195
8769 3 2 0 1258 2192 477 478 2196
8770 3 2 0 1259 304 525 526 305
8771 3 2 0 1260 305 526 2197 1669
8772 3 2 0 1260 1669 2197 2198 1670
8773 3 2 0 1260 1670 2198 2199 1671
8774 3 2 0 1260 1671 2199 2200 1672
8775 3 2 0 1260 1672 2200 479 228
8776 3 2 0 1261 525 2193 2197 526
8777 3 2 0 1261 2193 2194 2198 2197
8778 3 2 0 1261 2194 2195 2199 2198
8779 3 2 0 1261 2195 2196 2200 2199
8780 3 2 0 1261 2196 478 479 2200
8781 3 2 0 1262 305 526 2201 1679
8782 3 2 0 1262 1679 2201 527 306
8783 3 2 0 1263 306 527 2202 1674
8784 3 2 0 1263 1674 2202 2203 1675
8785 3 2 0 1263 1675 2203 2204 1676
8786 3 2 0 1263 1676 2204 2205 1677
8787 3 2 0 1263 1677 2205 480 229
8788 3 2 0 1264 526 2197 3222 2201
8789 3 2 0 1264 2197 2198 3223 3222
8790 3 2 0 1264 2198 2199 3224 3223
8791 3 2 0 1264 2199 2200 3225 3224
8792 3 2 0 1264 2200 479 1997 3225
8793 3 2 0 1264 2201 3222 2202 527
8794 3 2 0 1264 3222 3223 2203 2202
8795 3 2 0 1264 3223 3224 2204 2203
8796 3 2 0 1264 3224 3225 2205 2204
8797 3 2 0 1264 3225 1997 480 2205
8798 3 2 0 1265 306 527 528 307
8799 3 2 0 1266 307 528 2206 1680
8800 3 2 0 1266 1680 2206 2207 1681
8801 3 2 0 1266 1681 2207 2208 1682
8802 3 2 0 1266 1682 2208 2209 1683
8803 3 2 0 1266 1683 2209 481 230
8804 3 2 0 1267 527 2202 2206 528
8805 3 2 0 1267 2202 2203 2207 2206
8806 3 2 0 1267 2203 2204 2208 2207
8807 3 2 0 1267 2204 2205 2209 2208
8808 3 2 0 1267 2205 480 481 2209
8809 3 2 0 1268 307 528 2210 1690
8810 3 2 0 1268 1690 2210 2211 1691
8811 3 2 0 1268 1691 2211 529 308
8812 3 2 0 1269 308 529 2212 1685
8813 3 2 0 1269 1685 2212 2213 1686
8814 3 2 0 1269 1686 2213 2214 1687
8815 3 2 0 1269 1687 2214 2215 1688
8816 3 2 0 1269 1688 2215 518 231
8817 3 2 0 1270 528 2206 3226 2210
8818 3 2 0 1270 2206 2207 3227 3226
8819 3 2 0 1270 2207 2208 3228 3227
8820 3 2 0 1270 2208 2209 3229 3228
8821 3 2 0 1270 2209 481 2161 3229
8822 3 2 0 1270 2210 3226 3230 2211
8823 3 2 0 1270 3226 3227 3231 3230
8824 3 2 0 1270 3227 3228 3232 3231
8825 3 2 0 1270 3228 3229 3233 3232
8826 3 2 0 1270 3229 2161 2162 3233
8827 3 2 0 1270 2211 3230 2212 529
8828 3 2 0 1270 3230 3231 2213 2212
8829 3 2 0 1270 3231 3232 2214 2213
8830 3 2 0 1270 3232 3233 2215 2214
8831 3 2 0 1270 3233 2162 518 2215
8832 3 2 0 1271 232 482 530 309
8833 3 2 0 1272 233 310 531 483
8834 3 2 0 1273 309 530 2216 1692
8835 3 2 0 1273 1692 2216 531 310
8836 3 2 0 1274 482 2012 2216 530
8837 3 2 0 1274 2012 483 531 2216
8838 3 2 0 1275 254 331 532 484
8839 3 2 0 1276 310 531 532 331
8840 3 2 0 1277 483 484 532 531
8841 3 2 0 1278 265 342 533 485
8842 3 2 0 1279 331 532 533 342
8843 3 2 0 1280 484 485 533 532
8844 3 2 0 1281 276 353 534 486
8845 3 2 0 1282 342 533 534 353
8846 3 2 0 1283 485 486 534 533
8847 3 2 0 1284 287 364 535 487
8848 3 2 0 1285 353 534 535 364
8849 3 2 0 1286 486 487 535 534
8850 3 2 0 1287 298 375 536 488
8851 3 2 0 1288 364 535 2217 1739
8852 3 2 0 1288 1739 2217 536 375
8853 3 2 0 1289 487 2033 2217 535
8854 3 2 0 1289 2033 488 536 2217
8855 3 2 0 1290 252 330 537 489
8856 3 2 0 1291 253 490 538 329
8857 3 2 0 1292 330 1712 2218 537
8858 3 2 0 1292 1712 329 538 2218
8859 3 2 0 1293 489 537 2218 2042
8860 3 2 0 1293 2042 2218 538 490
8861 3 2 0 1294 264 491 539 341
8862 3 2 0 1295 329 341 539 538
8863 3 2 0 1296 490 538 539 491
8864 3 2 0 1297 275 492 540 352
8865 3 2 0 1298 341 352 540 539
8866 3 2 0 1299 491 539 540 492
8867 3 2 0 1300 286 493 541 363
8868 3 2 0 1301 352 363 541 540
8869 3 2 0 1302 492 540 541 493
8870 3 2 0 1303 297 494 542 374
8871 3 2 0 1304 363 374 542 541
8872 3 2 0 1305 493 541 542 494
8873 3 2 0 1306 308 495 543 385
8874 3 2 0 1307 374 1755 2219 542
8875 3 2 0 1307 1755 385 543 2219
8876 3 2 0 1308 494 542 2219 2063
8877 3 2 0 1308 2063 2219 543 495
8878 3 2 0 1309 232 309 544 502
8879 3 2 0 1310 234 503 545 312
8880 3 2 0 1311 309 1696 2220 544
8881 3 2 0 1311 1696 1697 2221 2220
8882 3 2 0 1311 1697 312 545 2221
8883 3 2 0 1312 502 544 2220 2090
8884 3 2 0 1312 2090 2220 2221 2091
8885 3 2 0 1312 2091 2221 545 503
8886 3 2 0 1313 236 504 546 314
8887 3 2 0 1314 312 314 546 545
8888 3 2 0 1315 503 545 546 504
8889 3 2 0 1316 238 505 547 316
8890 3 2 0 1317 314 1701 2222 546
8891 3 2 0 1317 1701 316 547 2222
8892 3 2 0 1318 504 546 2222 2104
8893 3 2 0 1318 2104 2222 547 505
8894 3 2 0 1319 240 506 548 318
8895 3 2 0 1320 316 318 548 547
8896 3 2 0 1321 505 547 548 506
8897 3 2 0 1322 242 507 549 320
8898 3 2 0 1323 318 320 549 548
8899 3 2 0 1324 506 548 549 507
8900 3 2 0 1325 244 508 550 322
8901 3 2 0 1326 320 322 550 549
8902 3 2 0 1327 507 549 550 508
8903 3 2 0 1328 246 509 551 324
8904 3 2 0 1329 322 324 551 550
8905 3 2 0 1330 508 550 551 509
8906 3 2 0 1331 248 510 552 326
8907 3 2 0 1332 324 1708 2223 551
8908 3 2 0 1332 1708 326 552 2223
8909 3 2 0 1333 509 551 2223 2125
8910 3 2 0 1333 2125 2223 552 510
8911 3 2 0 1334 250 511 553 328
8912 3 2 0 1335 326 328 553 552
8913 3 2 0 1336 510 552 553 511
8914 3 2 0 1337 252 512 554 330
8915 3 2 0 1338 328 1713 2224 553
8916 3 2 0 1338 1713 1714 2225 2224
8917 3 2 0 1338 1714 330 554 2225
8918 3 2 0 1339 511 553 2224 2134
8919 3 2 0 1339 2134 2224 2225 2135
8920 3 2 0 1339 2135 2225 554 512
8921 3 2 0 1340 298 519 555 375
8922 3 2 0 1341 299 376 556 520
8923 3 2 0 1342 375 555 2226 1740
8924 3 2 0 1342 1740 2226 2227 1741
8925 3 2 0 1342 1741 2227 556 376
8926 3 2 0 1343 519 2166 2226 555
8927 3 2 0 1343 2166 2167 2227 2226
8928 3 2 0 1343 2167 520 556 2227
8929 3 2 0 1344 300 377 557 521
8930 3 2 0 1345 376 556 557 377
8931 3 2 0 1346 520 521 557 556
8932 3 2 0 1347 301 378 558 522
8933 3 2 0 1348 377 557 2228 1744
8934 3 2 0 1348 1744 2228 558 378
8935 3 2 0 1349 521 2180 2228 557
8936 3 2 0 1349 2180 522 558 2228
8937 3 2 0 1350 302 379 559 523
8938 3 2 0 1351 378 558 559 379
8939 3 2 0 1352 522 523 559 558
8940 3 2 0 1353 303 380 560 524
8941 3 2 0 1354 379 559 560 380
8942 3 2 0 1355 523 524 560 559
8943 3 2 0 1356 304 381 561 525
8944 3 2 0 1357 380 560 561 381
8945 3 2 0 1358 524 525 561 560
8946 3 2 0 1359 305 382 562 526
8947 3 2 0 1360 381 561 562 382
8948 3 2 0 1361 525 526 562 561
8949 3 2 0 1362 306 383 563 527
8950 3 2 0 1363 382 562 2229 1750
8951 3 2 0 1363 1750 2229 563 383
8952 3 2 0 1364 526 2201 2229 562
8953 3 2 0 1364 2201 527 563 2229
8954 3 2 0 1365 307 384 564 528
8955 3 2 0 1366 383 563 564 384
8956 3 2 0 1367 527 528 564 563
8957 3 2 0 1368 308 385 565 529
8958 3 2 0 1369 384 564 2230 1753
8959 3 2 0 1369 1753 2230 2231 1754
8960 3 2 0 1369 1754 2231 565 385
8961 3 2 0 1370 528 2210 2230 564
8962 3 2 0 1370 2210 2211 2231 2230
8963 3 2 0 1370 2211 529 565 2231
8964 3 2 0 1371 1 496 566 386
8965 3 2 0 1372 2 387 567 497
8966 3 2 0 1373 386 566 2232 1756
8967 3 2 0 1373 1756 2232 2233 1757
8968 3 2 0 1373 1757 2233 2234 1758
8969 3 2 0 1373 1758 2234 2235 1759
8970 3 2 0 1373 1759 2235 567 387
8971 3 2 0 1374 496 2068 2232 566
8972 3 2 0 1374 2068 2069 2233 2232
8973 3 2 0 1374 2069 2070 2234 2233
8974 3 2 0 1374 2070 2071 2235 2234
8975 3 2 0 1374 2071 497 567 2235
8976 3 2 0 1375 155 500 568 400
8977 3 2 0 1376 400 568 2236 1788
8978 3 2 0 1376 1788 2236 2237 1789
8979 3 2 0 1376 1789 2237 2238 1790
8980 3 2 0 1376 1790 2238 566 386
8981 3 2 0 1377 500 2082 2236 568
8982 3 2 0 1377 2082 2083 2237 2236
8983 3 2 0 1377 2083 2084 2238 2237
8984 3 2 0 1377 2084 496 566 2238
8985 3 2 0 1378 232 502 569 482
8986 3 2 0 1379 482 569 2239 2004
8987 3 2 0 1379 2004 2239 2240 2005
8988 3 2 0 1379 2005 2240 2241 2006
8989 3 2 0 1379 2006 2241 2242 2007
8990 3 2 0 1379 2007 2242 568 400
8991 3 2 0 1380 502 2096 2239 569
8992 3 2 0 1380 2096 2097 2240 2239
8993 3 2 0 1380 2097 2098 2241 2240
8994 3 2 0 1380 2098 2099 2242 2241
8995 3 2 0 1380 2099 500 568 2242
8996 3 2 0 1381 134 399 570 513
8997 3 2 0 1382 133 514 571 398
8998 3 2 0 1383 399 1783 2243 570
8999 3 2 0 1383 1783 1784 2244 2243
9000 3 2 0 1383 1784 1785 2245 2244
9001 3 2 0 1383 1785 1786 2246 2245
9002 3 2 0 1383 1786 398 571 2246
9003 3 2 0 1384 513 570 2243 2144
9004 3 2 0 1384 2144 2243 2244 2145
9005 3 2 0 1384 2145 2244 2245 2146
9006 3 2 0 1384 2146 2245 2246 2147
9007 3 2 0 1384 2147 2246 571 514
9008 3 2 0 1385 221 406 572 517
9009 3 2 0 1386 406 1807 2247 572
9010 3 2 0 1386 1807 1808 2248 2247
9011 3 2 0 1386 1808 1809 2249 2248
9012 3 2 0 1386 1809 399 570 2249
9013 3 2 0 1387 517 572 2247 2158
9014 3 2 0 1387 2158 2247 2248 2159
9015 3 2 0 1387 2159 2248 2249 2160
9016 3 2 0 1387 2160 2249 570 513
9017 3 2 0 1388 298 488 573 519
9018 3 2 0 1389 488 2029 2250 573
9019 3 2 0 1389 2029 2030 2251 2250
9020 3 2 0 1389 2030 2031 2252 2251
9021 3 2 0 1389 2031 2032 2253 2252
9022 3 2 0 1389 2032 406 572 2253
9023 3 2 0 1390 519 573 2250 2172
9024 3 2 0 1390 2172 2250 2251 2173
9025 3 2 0 1390 2173 2251 2252 2174
9026 3 2 0 1390 2174 2252 2253 2175
9027 3 2 0 1390 2175 2253 572 517
9028 3 2 0 1391 41 407 574 498
9029 3 2 0 1392 42 499 575 408
9030 3 2 0 1393 407 1811 2254 574
9031 3 2 0 1393 1811 1812 2255 2254
9032 3 2 0 1393 1812 1813 2256 2255
9033 3 2 0 1393 1813 1814 2257 2256
9034 3 2 0 1393 1814 408 575 2257
9035 3 2 0 1394 498 574 2254 2074
9036 3 2 0 1394 2074 2254 2255 2075
9037 3 2 0 1394 2075 2255 2256 2076
9038 3 2 0 1394 2076 2256 2257 2077
9039 3 2 0 1394 2077 2257 575 499
9040 3 2 0 1395 175 421 576 501
9041 3 2 0 1396 421 1843 2258 576
9042 3 2 0 1396 1843 1844 2259 2258
9043 3 2 0 1396 1844 1845 2260 2259
9044 3 2 0 1396 1845 407 574 2260
9045 3 2 0 1397 501 576 2258 2087
9046 3 2 0 1397 2087 2258 2259 2088
9047 3 2 0 1397 2088 2259 2260 2089
9048 3 2 0 1397 2089 2260 574 498
9049 3 2 0 1398 252 489 577 512
9050 3 2 0 1399 489 2034 2261 577
9051 3 2 0 1399 2034 2035 2262 2261
9052 3 2 0 1399 2035 2036 2263 2262
9053 3 2 0 1399 2036 2037 2264 2263
9054 3 2 0 1399 2037 421 576 2264
9055 3 2 0 1400 512 577 2261 2136
9056 3 2 0 1400 2136 2261 2262 2137
9057 3 2 0 1400 2137 2262 2263 2138
9058 3 2 0 1400 2138 2263 2264 2139
9059 3 2 0 1400 2139 2264 576 501
9060 3 2 0 1401 154 515 578 420
9061 3 2 0 1402 153 419 579 516
9062 3 2 0 1403 420 578 2265 1838
9063 3 2 0 1403 1838 2265 2266 1839
9064 3 2 0 1403 1839 2266 2267 1840
9065 3 2 0 1403 1840 2267 2268 1841
9066 3 2 0 1403 1841 2268 579 419
9067 3 2 0 1404 515 2150 2265 578
9068 3 2 0 1404 2150 2151 2266 2265
9069 3 2 0 1404 2151 2152 2267 2266
9070 3 2 0 1404 2152 2153 2268 2267
9071 3 2 0 1404 2153 516 579 2268
9072 3 2 0 1405 231 518 580 427
9073 3 2 0 1406 427 580 2269 1862
9074 3 2 0 1406 1862 2269 2270 1863
9075 3 2 0 1406 1863 2270 2271 1864
9076 3 2 0 1406 1864 2271 578 420
9077 3 2 0 1407 518 2163 2269 580
9078 3 2 0 1407 2163 2164 2270 2269
9079 3 2 0 1407 2164 2165 2271 2270
9080 3 2 0 1407 2165 515 578 2271
9081 3 2 0 1408 308 529 581 495
9082 3 2 0 1409 495 581 2272 2059
9083 3 2 0 1409 2059 2272 2273 2060
9084 3 2 0 1409 2060 2273 2274 2061
9085 3 2 0 1409 2061 2274 2275 2062
9086 3 2 0 1409 2062 2275 580 427
9087 3 2 0 1410 529 2212 2272 581
9088 3 2 0 1410 2212 2213 2273 2272
9089 3 2 0 1410 2213 2214 2274 2273
9090 3 2 0 1410 2214 2215 2275 2274
9091 3 2 0 1410 2215 518 580 2275
9092 3 2 0 1411 309 544 582 530
9093 3 2 0 1412 482 530 582 569
9094 3 2 0 1413 502 569 582 544
9095 3 2 0 1414 375 536 583 555
9096 3 2 0 1415 488 573 583 536
9097 3 2 0 1416 519 555 583 573
9098 3 2 0 1417 330 537 584 554
9099 3 2 0 1418 489 577 584 537
9100 3 2 0 1419 512 554 584 577
9101 3 2 0 1420 385 565 585 543
9102 3 2 0 1421 495 543 585 581
9103 3 2 0 1422 529 581 585 565
9104 5 2 0 1 2294 589 1 598 3234 2302 609 2318
9105 5 2 0 1 3234 2302 609 2318 3235 2306 610 2319
9106 5 2 0 1 3235 2306 610 2319 2298 599 5 608
9107 5 2 0 1 594 2294 598 4 2310 3234 2318 613
9108 5 2 0 1 2310 3234 2318 613 2314 3235 2319 614
9109 5 2 0 1 2314 3235 2319 614 604 2298 608 8
9110 5 2 0 1 2295 590 589 2294 3236 2303 2302 3234
9111 5 2 0 1 3236 2303 2302 3234 3237 2307 2306 3235
9112 5 2 0 1 3237 2307 2306 3235 2299 600 599 2298
9113 5 2 0 1 595 2295 2294 594 2311 3236 3234 2310
9114 5 2 0 1 2311 3236 3234 2310 2315 3237 3235 2314
9115 5 2 0 1 2315 3237 3235 2314 605 2299 2298 604
9116 5 2 0 1 2296 591 590 2295 3238 2304 2303 3236
9117 5 2 0 1 3238 2304 2303 3236 3239 2308 2307 3237
9118 5 2 0 1 3239 2308 2307 3237 2300 601 600 2299
9119 5 2 0 1 596 2296 2295 595 2312 3238 3236 2311
9120 5 2 0 1 2312 3238 3236 2311 2316 3239 3237 2315
9121 5 2 0 1 2316 3239 3237 2315 606 2300 2299 605
9122 5 2 0 1 2297 592 591 2296 3240 2305 2304 3238
9123 5 2 0 1 3240 2305 2304 3238 3241 2309 2308 3239
9124 5 2 0 1 3241 2309 2308 3239 2301 602 601 2300
9125 5 2 0 1 597 2297 2296 596 2313 3240 3238 2312
9126 5 2 0 1 2313 3240 3238 2312 2317 3241 3239 2316
9127 5 2 0 1 2317 3241 3239 2316 607 2301 2300 606
9128 5 2 0 1 593 2 592 2297 2320 611 2305 3240
9129 5 2 0 1 2320 611 2305 3240 2321 612 2309 3241
9130 5 2 0 1 2321 612 2309 3241 603 6 602 2301
9131 5 2 0 1 3 593 2297 597 615 2320 3240 2313
9132 5 2 0 1 615 2320 3240 2313 616 2321 3241 2317
9133 5 2 0 1 616 2321 3241 2317 7 603 2301 607
9134 5 2 0 2 2298 599 5 608 2322 617 9 626
9135 5 2 0 2 604 2298 608 8 622 2322 626 12
9136 5 2 0 2 2299 600 599 2298 2323 618 617 2322
9137 5 2 0 2 605 2299 2298 604 623 2323 2322 622
9138 5 2 0 2 2300 601 600 2299 2324 619 618 2323
9139 5 2 0 2 606 2300 2299 605 624 2324 2323 623
9140 5 2 0 2 2301 602 601 2300 2325 620 619 2324
9141 5 2 0 2 607 2301 2300 606 625 2325 2324 624
9142 5 2 0 2 603 6 602 2301 621 10 620 2325
9143 5 2 0 2 7 603 2301 607 11 621 2325 625
9144 5 2 0 3 2322 617 9 626 3242 2330 637 2338
9145 5 2 0 3 3242 2330 637 2338 2326 627 13 636
9146 5 2 0 3 622 2322 626 12 2334 3242 2338 639
9147 5 2 0 3 2334 3242 2338 639 632 2326 636 16
9148 5 2 0 3 2323 618 617 2322 3243 2331 2330 3242
9149 5 2 0 3 3243 2331 2330 3242 2327 628 627 2326
9150 5 2 0 3 623 2323 2322 622 2335 3243 3242 2334
9151 5 2 0 3 2335 3243 3242 2334 633 2327 2326 632
9152 5 2 0 3 2324 619 618 2323 3244 2332 2331 3243
9153 5 2 0 3 3244 2332 2331 3243 2328 629 628 2327
9154 5 2 0 3 624 2324 2323 623 2336 3244 3243 2335
9155 5 2 0 3 2336 3244 3243 2335 634 2328 2327 633
9156 5 2 0 3 2325 620 619 2324 3245 2333 2332 3244
9157 5 2 0 3 3245 2333 2332 3244 2329 630 629 2328
9158 5 2 0 3 625 2325 2324 624 2337 3245 3244 2336
9159 5 2 0 3 2337 3245 3244 2336 635 2329 2328 634
9160 5 2 0 3 621 10 620 2325 2339 638 2333 3245
9161 5 2 0 3 2339 638 2333 3245 631 14 630 2329
9162 5 2 0 3 11 621 2325 625 640 2339 3245 2337
9163 5 2 0 3 640 2339 3245 2337 15 631 2329 635
9164 5 2 0 4 2326 627 13 636 2340 641 17 650
9165 5 2 0 4 632 2326 636 16 646 2340 650 20
9166 5 2 0 4 2327 628 627 2326 2341 642 641 2340
9167 5 2 0 4 633 2327 2326 632 647 2341 2340 646
9168 5 2 0 4 2328 629 628 2327 2342 643 642 2341
9169 5 2 0 4 634 2328 2327 633 648 2342 2341 647
9170 5 2 0 4 2329 630 629 2328 2343 644 643 2342
9171 5 2 0 4 635 2329 2328 634 649 2343 2342 648
9172 5 2 0 4 631 14 630 2329 645 18 644 2343
9173 5 2 0 4 15 631 2329 635 19 645 2343 649
9174 5 2 0 5 2340 641 17 650 2344 651 21 660
9175 5 2 0 5 646 2340 650 20 656 2344 660 24
9176 5 2 0 5 2341 642 641 2340 2345 652 651 2344
9177 5 2 0 5 647 2341 2340 646 657 2345 2344 656
9178 5 2 0 5 2342 643 642 2341 2346 653 652 2345
9179 5 2 0 5 648 2342 2341 647 658 2346 2345 657
9180 5 2 0 5 2343 644 643 2342 2347 654 653 2346
9181 5 2 0 5 649 2343 2342 648 659 2347 2346 658
9182 5 2 0 5 645 18 644 2343 655 22 654 2347
9183 5 2 0 5 19 645 2343 649 23 655 2347 659
9184 5 2 0 6 2344 651 21 660 2348 661 25 670
9185 5 2 0 6 656 2344 660 24 666 2348 670 28
9186 5 2 0 6 2345 652 651 2344 2349 662 661 2348
9187 5 2 0 6 657 2345 2344 656 667 2349 2348 666
9188 5 2 0 6 2346 653 652 2345 2350 663 662 2349
9189 5 2 0 6 658 2346 2345 657 668 2350 2349 667
9190 5 2 0 6 2347 654 653 2346 2351 664 663 2350
9191 5 2 0 6 659 2347 2346 658 669 2351 2350 668
9192 5 2 0 6 655 22 654 2347 665 26 664 2351
9193 5 2 0 6 23 655 2347 659 27 665 2351 669
9194 5 2 0 7 2348 661 25 670 2352 671 29 680
9195 5 2 0 7 666 2348 670 28 676 2352 680 32
9196 5 2 0 7 2349 662 661 2348 2353 672 671 2352
9197 5 2 0 7 667 2349 2348 666 677 2353 2352 676
9198 5 2 0 7 2350 663 662 2349 2354 673 672 2353
9199 5 2 0 7 668 2350 2349 667 678 2354 2353 677
9200 5 2 0 7 2351 664 663 2350 2355 674 673 2354
9201 5 2 0 7 669 2351 2350 668 679 2355 2354 678
9202 5 2 0 7 665 26 664 2351 675 30 674 2355
9203 5 2 0 7 27 665 2351 669 31 675 2355 679
9204 5 2 0 8 2352 671 29 680 3246 2360 691 2368
9205 5 2 0 8 3246 2360 691 2368 2356 681 33 690
9206 5 2 0 8 676 2352 680 32 2364 3246 2368 693
9207 5 2 0 8 2364 3246 2368 693 686 2356 690 36
9208 5 2 0 8 2353 672 671 2352 3247 2361 2360 3246
9209 5 2 0 8 3247 2361 2360 3246 2357 682 681 2356
9210 5 2 0 8 677 2353 2352 676 2365 3247 3246 2364
9211 5 2 0 8 2365 3247 3246 2364 687 2357 2356 686
9212 5 2 0 8 2354 673 672 2353 3248 2362 2361 3247
9213 5 2 0 8 3248 2362 2361 3247 2358 683 682 2357
9214 5 2 0 8 678 2354 2353 677 2366 3248 3247 2365
9215 5 2 0 8 2366 3248 3247 2365 688 2358 2357 687
9216 5 2 0 8 2355 674 673 2354 3249 2363 2362 3248
9217 5 2 0 8 3249 2363 2362 3248 2359 684 683 2358
9218 5 2 0 8 679 2355 2354 678 2367 3249 3248 2366
9219 5 2 0 8 2367 3249 3248 2366 689 2359 2358 688
9220 5 2 0 8 675 30 674 2355 2369 692 2363 3249
9221 5 2 0 8 2369 692 2363 3249 685 34 684 2359
9222 5 2 0 8 31 675 2355 679 694 2369 3249 2367
9223 5 2 0 8 694 2369 3249 2367 35 685 2359 689
9224 5 2 0 9 2356 681 33 690 2370 695 37 704
9225 5 2 0 9 686 2356 690 36 700 2370 704 40
9226 5 2 0 9 2357 682 681 2356 2371 696 695 2370
9227 5 2 0 9 687 2357 2356 686 701 2371 2370 700
9228 5 2 0 9 2358 683 682 2357 2372 697 696 2371
9229 5 2 0 9 688 2358 2357 687 702 2372 2371 701
9230 5 2 0 9 2359 684 683 2358 2373 698 697 2372
9231 5 2 0 9 689 2359 2358 688 703 2373 2372 702
9232 5 2 0 9 685 34 684 2359 699 38 698 2373
9233 5 2 0 9 35 685 2359 689 39 699 2373 703
9234 5 2 0 10 2370 695 37 704 3250 2378 715 2394
9235 5 2 0 10 3250 2378 715 2394 3251 2382 716 2395
9236 5 2 0 10 3251 2382 716 2395 2374 705 41 714
9237 5 2 0 10 700 2370 704 40 2386 3250 2394 719
9238 5 2 0 10 2386 3250 2394 719 2390 3251 2395 720
9239 5 2 0 10 2390 3251 2395 720 710 2374 714 44
9240 5 2 0 10 2371 696 695 2370 3252 2379 2378 3250
9241 5 2 0 10 3252 2379 2378 3250 3253 2383 2382 3251
9242 5 2 0 10 3253 2383 2382 3251 2375 706 705 2374
9243 5 2 0 10 701 2371 2370 700 2387 3252 3250 2386
9244 5 2 0 10 2387 3252 3250 2386 2391 3253 3251 2390
9245 5 2 0 10 2391 3253 3251 2390 711 2375 2374 710
9246 5 2 0 10 2372 697 696 2371 3254 2380 2379 3252
9247 5 2 0 10 3254 2380 2379 3252 3255 2384 2383 3253
9248 5 2 0 10 3255 2384 2383 3253 2376 707 706 2375
9249 5 2 0 10 702 2372 2371 701 2388 3254 3252 2387
9250 5 2 0 10 2388 3254 3252 2387 2392 3255 3253 2391
9251 5 2 0 10 2392 3255 3253 2391 712 2376 2375 711
9252 5 2 0 10 2373 698 697 2372 3256 2381 2380 3254
9253 5 2 0 10 3256 2381 2380 3254 3257 2385 2384 3255
9254 5 2 0 10 3257 2385 2384 3255 2377 708 707 2376
9255 5 2 0 10 703 2373 2372 702 2389 3256 3254 2388
9256 5 2 0 10 2389 3256 3254 2388 2393 3257 3255 2392
9257 5 2 0 10 2393 3257 3255 2392 713 2377 2376 712
9258 5 2 0 10 699 38 698 2373 2396 717 2381 3256
9259 5 2 0 10 2396 717 2381 3256 2397 718 2385 3257
9260 5 2 0 10 2397 718 2385 3257 709 42 708 2377
9261 5 2 0 10 39 699 2373 703 721 2396 3256 2389
9262 5 2 0 10 721 2396 3256 2389 722 2397 3257 2393
9263 5 2 0 10 722 2397 3257 2393 43 709 2377 713
9264 5 2 0 11 723 594 4 46 2398 2310 613 731
9265 5 2 0 11 2398 2310 613 731 2402 2314 614 732
9266 5 2 0 11 2402 2314 614 732 727 604 8 48
9267 5 2 0 11 724 595 594 723 2399 2311 2310 2398
9268 5 2 0 11 2399 2311 2310 2398 2403 2315 2314 2402
9269 5 2 0 11 2403 2315 2314 2402 728 605 604 727
9270 5 2 0 11 725 596 595 724 2400 2312 2311 2399
9271 5 2 0 11 2400 2312 2311 2399 2404 2316 2315 2403
9272 5 2 0 11 2404 2316 2315 2403 729 606 605 728
9273 5 2 0 11 726 597 596 725 2401 2313 2312 2400
9274 5 2 0 11 2401 2313 2312 2400 2405 2317 2316 2404
9275 5 2 0 11 2405 2317 2316 2404 730 607 606 729
9276 5 2 0 11 45 3 597 726 733 615 2313 2401
9277 5 2 0 11 733 615 2313 2401 734 616 2317 2405
9278 5 2 0 11 734 616 2317 2405 47 7 607 730
9279 5 2 0 12 727 604 8 48 735 622 12 50
9280 5 2 0 12 728 605 604 727 736 623 622 735
9281 5 2 0 12 729 606 605 728 737 624 623 736
9282 5 2 0 12 730 607 606 729 738 625 624 737
9283 5 2 0 12 47 7 607 730 49 11 625 738
9284 5 2 0 13 735 622 12 50 2406 2334 639 743
9285 5 2 0 13 2406 2334 639 743 739 632 16 52
9286 5 2 0 13 736 623 622 735 2407 2335 2334 2406
9287 5 2 0 13 2407 2335 2334 2406 740 633 632 739
9288 5 2 0 13 737 624 623 736 2408 2336 2335 2407
9289 5 2 0 13 2408 2336 2335 2407 741 634 633 740
9290 5 2 0 13 738 625 624 737 2409 2337 2336 2408
9291 5 2 0 13 2409 2337 2336 2408 742 635 634 741
9292 5 2 0 13 49 11 625 738 744 640 2337 2409
9293 5 2 0 13 744 640 2337 2409 51 15 635 742
9294 5 2 0 14 739 632 16 52 745 646 20 54
9295 5 2 0 14 740 633 632 739 746 647 646 745
9296 5 2 0 14 741 634 633 740 747 648 647 746
9297 5 2 0 14 742 635 634 741 748 649 648 747
9298 5 2 0 14 51 15 635 742 53 19 649 748
9299 5 2 0 15 745 646 20 54 749 656 24 56
9300 5 2 0 15 746 647 646 745 750 657 656 749
9301 5 2 0 15 747 648 647 746 751 658 657 750
9302 5 2 0 15 748 649 648 747 752 659 658 751
9303 5 2 0 15 53 19 649 748 55 23 659 752
9304 5 2 0 16 749 656 24 56 753 666 28 58
9305 5 2 0 16 750 657 656 749 754 667 666 753
9306 5 2 0 16 751 658 657 750 755 668 667 754
9307 5 2 0 16 752 659 658 751 756 669 668 755
9308 5 2 0 16 55 23 659 752 57 27 669 756
9309 5 2 0 17 753 666 28 58 757 676 32 60
9310 5 2 0 17 754 667 666 753 758 677 676 757
9311 5 2 0 17 755 668 667 754 759 678 677 758
9312 5 2 0 17 756 669 668 755 760 679 678 759
9313 5 2 0 17 57 27 669 756 59 31 679 760
9314 5 2 0 18 757 676 32 60 2410 2364 693 765
9315 5 2 0 18 2410 2364 693 765 761 686 36 62
9316 5 2 0 18 758 677 676 757 2411 2365 2364 2410
9317 5 2 0 18 2411 2365 2364 2410 762 687 686 761
9318 5 2 0 18 759 678 677 758 2412 2366 2365 2411
9319 5 2 0 18 2412 2366 2365 2411 763 688 687 762
9320 5 2 0 18 760 679 678 759 2413 2367 2366 2412
9321 5 2 0 18 2413 2367 2366 2412 764 689 688 763
9322 5 2 0 18 59 31 679 760 766 694 2367 2413
9323 5 2 0 18 766 694 2367 2413 61 35 689 764
9324 5 2 0 19 761 686 36 62 767 700 40 64
9325 5 2 0 19 762 687 686 761 768 701 700 767
9326 5 2 0 19 763 688 687 762 769 702 701 768
9327 5 2 0 19 764 689 688 763 770 703 702 769
9328 5 2 0 19 61 35 689 764 63 39 703 770
9329 5 2 0 20 767 700 40 64 2414 2386 719 775
9330 5 2 0 20 2414 2386 719 775 2418 2390 720 776
9331 5 2 0 20 2418 2390 720 776 771 710 44 66
9332 5 2 0 20 768 701 700 767 2415 2387 2386 2414
9333 5 2 0 20 2415 2387 2386 2414 2419 2391 2390 2418
9334 5 2 0 20 2419 2391 2390 2418 772 711 710 771
9335 5 2 0 20 769 702 701 768 2416 2388 2387 2415
9336 5 2 0 20 2416 2388 2387 2415 2420 2392 2391 2419
9337 5 2 0 20 2420 2392 2391 2419 773 712 711 772
9338 5 2 0 20 770 703 702 769 2417 2389 2388 2416
9339 5 2 0 20 2417 2389 2388 2416 2421 2393 2392 2420
9340 5 2 0 20 2421 2393 2392 2420 774 713 712 773
9341 5 2 0 20 63 39 703 770 777 721 2389 2417
9342 5 2 0 20 777 721 2389 2417 778 722 2393 2421
9343 5 2 0 20 778 722 2393 2421 65 43 713 774
9344 5 2 0 21 779 723 46 68 2422 2398 731 787
9345 5 2 0 21 2422 2398 731 787 2426 2402 732 788
9346 5 2 0 21 2426 2402 732 788 783 727 48 70
9347 5 2 0 21 780 724 723 779 2423 2399 2398 2422
9348 5 2 0 21 2423 2399 2398 2422 2427 2403 2402 2426
9349 5 2 0 21 2427 2403 2402 2426 784 728 727 783
9350 5 2 0 21 781 725 724 780 2424 2400 2399 2423
9351 5 2 0 21 2424 2400 2399 2423 2428 2404 2403 2427
9352 5 2 0 21 2428 2404 2403 2427 785 729 728 784
9353 5 2 0 21 782 726 725 781 2425 2401 2400 2424
9354 5 2 0 21 2425 2401 2400 2424 2429 2405 2404 2428
9355 5 2 0 21 2429 2405 2404 2428 786 730 729 785
9356 5 2 0 21 67 45 726 782 789 733 2401 2425
9357 5 2 0 21 789 733 2401 2425 790 734 2405 2429
9358 5 2 0 21 790 734 2405 2429 69 47 730 786
9359 5 2 0 22 783 727 48 70 791 735 50 72
9360 5 2 0 22 784 728 727 783 792 736 735 791
9361 5 2 0 22 785 729 728 784 793 737 736 792
9362 5 2 0 22 786 730 729 785 794 738 737 793
9363 5 2 0 22 69 47 730 786 71 49 738 794
9364 5 2 0 23 791 735 50 72 2430 2406 743 799
9365 5 2 0 23 2430 2406 743 799 795 739 52 74
9366 5 2 0 23 792 736 735 791 2431 2407 2406 2430
9367 5 2 0 23 2431 2407 2406 2430 796 740 739 795
9368 5 2 0 23 793 737 736 792 2432 2408 2407 2431
9369 5 2 0 23 2432 2408 2407 2431 797 741 740 796
9370 5 2 0 23 794 738 737 793 2433 2409 2408 2432
9371 5 2 0 23 2433 2409 2408 2432 798 742 741 797
9372 5 2 0 23 71 49 738 794 800 744 2409 2433
9373 5 2 0 23 800 744 2409 2433 73 51 742 798
9374 5 2 0 24 795 739 52 74 801 745 54 76
9375 5 2 0 24 796 740 739 795 802 746 745 801
9376 5 2 0 24 797 741 740 796 803 747 746 802
9377 5 2 0 24 798 742 741 797 804 748 747 803
9378 5 2 0 24 73 51 742 798 75 53 748 804
9379 5 2 0 25 801 745 54 76 805 749 56 78
9380 5 2 0 25 802 746 745 801 806 750 749 805
9381 5 2 0 25 803 747 746 802 807 751 750 806
9382 5 2 0 25 804 748 747 803 808 752 751 807
9383 5 2 0 25 75 53 748 804 77 55 752 808
9384 5 2 0 26 805 749 56 78 809 753 58 80
9385 5 2 0 26 806 750 749 805 810 754 753 809
9386 5 2 0 26 807 751 750 806 811 755 754 810
9387 5 2 0 26 808 752 751 807 812 756 755 811
9388 5 2 0 26 77 55 752 808 79 57 756 812
9389 5 2 0 27 809 753 58 80 813 757 60 82
9390 5 2 0 27 810 754 753 809 814 758 757 813
9391 5 2 0 27 811 755 754 810 815 759 758 814
9392 5 2 0 27 812 756 755 811 816 760 759 815
9393 5 2 0 27 79 57 756 812 81 59 760 816
9394 5 2 0 28 813 757 60 82 2434 2410 765 821
9395 5 2 0 28 2434 2410 765 821 817 761 62 84
9396 5 2 0 28 814 758 757 813 2435 2411 2410 2434
9397 5 2 0 28 2435 2411 2410 2434 818 762 761 817
9398 5 2 0 28 815 759 758 814 2436 2412 2411 2435
9399 5 2 0 28 2436 2412 2411 2435 819 763 762 818
9400 5 2 0 28 816 760 759 815 2437 2413 2412 2436
9401 5 2 0 28 2437 2413 2412 2436 820 764 763 819
9402 5 2 0 28 81 59 760 816 822 766 2413 2437
9403 5 2 0 28 822 766 2413 2437 83 61 764 820
9404 5 2 0 29 817 761 62 84 823 767 64 86
9405 5 2 0 29 818 762 761 817 824 768 767 823
9406 5 2 0 29 819 763 762 818 825 769 768 824
9407 5 2 0 29 820 764 763 819 826 770 769 825
9408 5 2 0 29 83 61 764 820 85 63 770 826
9409 5 2 0 30 823 767 64 86 2438 2414 775 831
9410 5 2 0 30 2438 2414 775 831 2442 2418 776 832
9411 5 2 0 30 2442 2418 776 832 827 771 66 88
9412 5 2 0 30 824 768 767 823 2439 2415 2414 2438
9413 5 2 0 30 2439 2415 2414 2438 2443 2419 2418 2442
9414 5 2 0 30 2443 2419 2418 2442 828 772 771 827
9415 5 2 0 30 825 769 768 824 2440 2416 2415 2439
9416 5 2 0 30 2440 2416 2415 2439 2444 2420 2419 2443
9417 5 2 0 30 2444 2420 2419 2443 829 773 772 828
9418 5 2 0 30 826 770 769 825 2441 2417 2416 2440
9419 5 2 0 30 2441 2417 2416 2440 2445 2421 2420 2444
9420 5 2 0 30 2445 2421 2420 2444 830 774 773 829
9421 5 2 0 30 85 63 770 826 833 777 2417 2441
9422 5 2 0 30 833 777 2417 2441 834 778 2421 2445
9423 5 2 0 30 834 778 2421 2445 87 65 774 830
9424 5 2 0 31 835 779 68 90 2446 2422 787 843
9425 5 2 0 31 2446 2422 787 843 2450 2426 788 844
9426 5 2 0 31 2450 2426 788 844 839 783 70 92
9427 5 2 0 31 836 780 779 835 2447 2423 2422 2446
9428 5 2 0 31 2447 2423 2422 2446 2451 2427 2426 2450
9429 5 2 0 31 2451 2427 2426 2450 840 784 783 839
9430 5 2 0 31 837 781 780 836 2448 2424 2423 2447
9431 5 2 0 31 2448 2424 2423 2447 2452 2428 2427 2451
9432 5 2 0 31 2452 2428 2427 2451 841 785 784 840
9433 5 2 0 31 838 782 781 837 2449 2425 2424 2448
9434 5 2 0 31 2449 2425 2424 2448 2453 2429 2428 2452
9435 5 2 0 31 2453 2429 2428 2452 842 786 785 841
9436 5 2 0 31 89 67 782 838 845 789 2425 2449
9437 5 2 0 31 845 789 2425 2449 846 790 2429 2453
9438 5 2 0 31 846 790 2429 2453 91 69 786 842
9439 5 2 0 32 839 783 70 92 847 791 72 94
9440 5 2 0 32 840 784 783 839 848 792 791 847
9441 5 2 0 32 841 785 784 840 849 793 792 848
9442 5 2 0 32 842 786 785 841 850 794 793 849
9443 5 2 0 32 91 69 786 842 93 71 794 850
9444 5 2 0 33 847 791 72 94 2454 2430 799 855
9445 5 2 0 33 2454 2430 799 855 851 795 74 96
9446 5 2 0 33 848 792 791 847 2455 2431 2430 2454
9447 5 2 0 33 2455 2431 2430 2454 852 796 795 851
9448 5 2 0 33 849 793 792 848 2456 2432 2431 2455
9449 5 2 0 33 2456 2432 2431 2455 853 797 796 852
9450 5 2 0 33 850 794 793 849 2457 2433 2432 2456
9451 5 2 0 33 2457 2433 2432 2456 854 798 797 853
9452 5 2 0 33 93 71 794 850 856 800 2433 2457
9453 5 2 0 33 856 800 2433 2457 95 73 798 854
9454 5 2 0 34 851 795 74 96 857 801 76 98
9455 5 2 0 34 852 796 795 851 858 802 801 857
9456 5 2 0 34 853 797 796 852 859 803 802 858
9457 5 2 0 34 854 798 797 853 860 804 803 859
9458 5 2 0 34 95 73 798 854 97 75 804 860
9459 5 2 0 35 857 801 76 98 861 805 78 100
9460 5 2 0 35 858 802 801 857 862 806 805 861
9461 5 2 0 35 859 803 802 858 863 807 806 862
9462 5 2 0 35 860 804 803 859 864 808 807 863
9463 5 2 0 35 97 75 804 860 99 77 808 864
9464 5 2 0 36 861 805 78 100 865 809 80 102
9465 5 2 0 36 862 806 805 861 866 810 809 865
9466 5 2 0 36 863 807 806 862 867 811 810 866
9467 5 2 0 36 864 808 807 863 868 812 811 867
9468 5 2 0 36 99 77 808 864 101 79 812 868
9469 5 2 0 37 865 809 80 102 869 813 82 104
9470 5 2 0 37 866 810 809 865 870 814 813 869
9471 5 2 0 37 867 811 810 866 871 815 814 870
9472 5 2 0 37 868 812 811 867 872 816 815 871
9473 5 2 0 37 101 79 812 868 103 81 816 872
9474 5 2 0 38 869 813 82 104 2458 2434 821 877
9475 5 2 0 38 2458 2434 821 877 873 817 84 106
9476 5 2 0 38 870 814 813 869 2459 2435 2434 2458
9477 5 2 0 38 2459 2435 2434 2458 874 818 817 873
9478 5 2 0 38 871 815 814 870 2460 2436 2435 2459
9479 5 2 0 38 2460 2436 2435 2459 875 819 818 874
9480 5 2 0 38 872 816 815 871 2461 2437 2436 2460
9481 5 2 0 38 2461 2437 2436 2460 876 820 819 875
9482 5 2 0 38 103 81 816 872 878 822 2437 2461
9483 5 2 0 38 878 822 2437 2461 105 83 820 876
9484 5 2 0 39 873 817 84 106 879 823 86 108
9485 5 2 0 39 874 818 817 873 880 824 823 879
9486 5 2 0 39 875 819 818 874 881 825 824 880
9487 5 2 0 39 876 820 819 875 882 826 825 881
9488 5 2 0 39 105 83 820 876 107 85 826 882
9489 5 2 0 40 879 823 86 108 2462 2438 831 887
9490 5 2 0 40 2462 2438 831 887 2466 2442 832 888
9491 5 2 0 40 2466 2442 832 888 883 827 88 110
9492 5 2 0 40 880 824 823 879 2463 2439 2438 2462
9493 5 2 0 40 2463 2439 2438 2462 2467 2443 2442 2466
9494 5 2 0 40 2467 2443 2442 2466 884 828 827 883
9495 5 2 0 40 881 825 824 880 2464 2440 2439 2463
9496 5 2 0 40 2464 2440 2439 2463 2468 2444 2443 2467
9497 5 2 0 40 2468 2444 2443 2467 885 829 828 884
9498 5 2 0 40 882 826 825 881 2465 2441 2440 2464
9499 5 2 0 40 2465 2441 2440 2464 2469 2445 2444 2468
9500 5 2 0 40 2469 2445 2444 2468 886 830 829 885
9501 5 2 0 40 107 85 826 882 889 833 2441 2465
9502 5 2 0 40 889 833 2441 2465 890 834 2445 2469
9503 5 2 0 40 890 834 2445 2469 109 87 830 886
9504 5 2 0 41 891 835 90 112 2470 2446 843 899
9505 5 2 0 41 2470 2446 843 899 2474 2450 844 900
9506 5 2 0 41 2474 2450 844 900 895 839 92 114
9507 5 2 0 41 892 836 835 891 2471 2447 2446 2470
9508 5 2 0 41 2471 2447 2446 2470 2475 2451 2450 2474
9509 5 2 0 41 2475 2451 2450 2474 896 840 839 895
9510 5 2 0 41 893 837 836 892 2472 2448 2447 2471
9511 5 2 0 41 2472 2448 2447 2471 2476 2452 2451 2475
9512 5 2 0 41 2476 2452 2451 2475 897 841 840 896
9513 5 2 0 41 894 838 837 893 2473 2449 2448 2472
9514 5 2 0 41 2473 2449 2448 2472 2477 2453 2452 2476
9515 5 2 0 41 2477 2453 2452 2476 898 842 841 897
9516 5 2 0 41 111 89 838 894 901 845 2449 2473
9517 5 2 0 41 901 845 2449 2473 902 846 2453 2477
9518 5 2 0 41 902 846 2453 2477 113 91 842 898
9519 5 2 0 42 895 839 92 114 903 847 94 116
9520 5 2 0 42 896 840 839 895 904 848 847 903
9521 5 2 0 42 897 841 840 896 905 849 848 904
9522 5 2 0 42 898 842 841 897 906 850 849 905
9523 5 2 0 42 113 91 842 898 115 93 850 906
9524 5 2 0 43 903 847 94 116 2478 2454 855 911
9525 5 2 0 43 2478 2454 855 911 907 851 96 118
9526 5 2 0 43 904 848 847 903 2479 2455 2454 2478
9527 5 2 0 43 2479 2455 2454 2478 908 852 851 907
9528 5 2 0 43 905 849 848 904 2480 2456 2455 2479
9529 5 2 0 43 2480 2456 2455 2479 909 853 852 908
9530 5 2 0 43 906 850 849 905 2481 2457 2456 2480
9531 5 2 0 43 2481 2457 2456 2480 910 854 853 909
9532 5 2 0 43 115 93 850 906 912 856 2457 2481
9533 5 2 0 43 912 856 2457 2481 117 95 854 910
9534 5 2 0 44 907 851 96 118 913 857 98 120
9535 5 2 0 44 908 852 851 907 914 858 857 913
9536 5 2 0 44 909 853 852 908 915 859 858 914
9537 5 2 0 44 910 854 853 909 916 860 859 915
9538 5 2 0 44 117 95 854 910 119 97 860 916
9539 5 2 0 45 913 857 98 120 917 861 100 122
9540 5 2 0 45 914 858 857 913 918 862 861 917
9541 5 2 0 45 915 859 858 914 919 863 862 918
9542 5 2 0 45 916 860 859 915 920 864 863 919
9543 5 2 0 45 119 97 860 916 121 99 864 920
9544 5 2 0 46 917 861 100 122 921 865 102 124
9545 5 2 0 46 918 862 861 917 922 866 865 921
9546 5 2 0 46 919 863 862 918 923 867 866 922
9547 5 2 0 46 920 864 863 919 924 868 867 923
9548 5 2 0 46 121 99 864 920 123 101 868 924
9549 5 2 0 47 921 865 102 124 925 869 104 126
9550 5 2 0 47 922 866 865 921 926 870 869 925
9551 5 2 0 47 923 867 866 922 927 871 870 926
9552 5 2 0 47 924 868 867 923 928 872 871 927
9553 5 2 0 47 123 101 868 924 125 103 872 928
9554 5 2 0 48 925 869 104 126 2482 2458 877 933
9555 5 2 0 48 2482 2458 877 933 929 873 106 128
9556 5 2 0 48 926 870 869 925 2483 2459 2458 2482
9557 5 2 0 48 2483 2459 2458 2482 930 874 873 929
9558 5 2 0 48 927 871 870 926 2484 2460 2459 2483
9559 5 2 0 48 2484 2460 2459 2483 931 875 874 930
9560 5 2 0 48 928 872 871 927 2485 2461 2460 2484
9561 5 2 0 48 2485 2461 2460 2484 932 876 875 931
9562 5 2 0 48 125 103 872 928 934 878 2461 2485
9563 5 2 0 48 934 878 2461 2485 127 105 876 932
9564 5 2 0 49 929 873 106 128 935 879 108 130
9565 5 2 0 49 930 874 873 929 936 880 879 935
9566 5 2 0 49 931 875 874 930 937 881 880 936
9567 5 2 0 49 932 876 875 931 938 882 881 937
9568 5 2 0 49 127 105 876 932 129 107 882 938
9569 5 2 0 50 935 879 108 130 2486 2462 887 943
9570 5 2 0 50 2486 2462 887 943 2490 2466 888 944
9571 5 2 0 50 2490 2466 888 944 939 883 110 132
9572 5 2 0 50 936 880 879 935 2487 2463 2462 2486
9573 5 2 0 50 2487 2463 2462 2486 2491 2467 2466 2490
9574 5 2 0 50 2491 2467 2466 2490 940 884 883 939
9575 5 2 0 50 937 881 880 936 2488 2464 2463 2487
9576 5 2 0 50 2488 2464 2463 2487 2492 2468 2467 2491
9577 5 2 0 50 2492 2468 2467 2491 941 885 884 940
9578 5 2 0 50 938 882 881 937 2489 2465 2464 2488
9579 5 2 0 50 2489 2465 2464 2488 2493 2469 2468 2492
9580 5 2 0 50 2493 2469 2468 2492 942 886 885 941
9581 5 2 0 50 129 107 882 938 945 889 2465 2489
9582 5 2 0 50 945 889 2465 2489 946 890 2469 2493
9583 5 2 0 50 946 890 2469 2493 131 109 886 942
9584 5 2 0 51 2494 891 112 952 3258 2470 899 2510
9585 5 2 0 51 3258 2470 899 2510 3259 2474 900 2511
9586 5 2 0 51 3259 2474 900 2511 2498 895 114 958
9587 5 2 0 51 948 2494 952 134 2502 3258 2510 959
9588 5 2 0 51 2502 3258 2510 959 2506 3259 2511 960
9589 5 2 0 51 2506 3259 2511 960 954 2498 958 136
9590 5 2 0 51 2495 892 891 2494 3260 2471 2470 3258
9591 5 2 0 51 3260 2471 2470 3258 3261 2475 2474 3259
9592 5 2 0 51 3261 2475 2474 3259 2499 896 895 2498
9593 5 2 0 51 949 2495 2494 948 2503 3260 3258 2502
9594 5 2 0 51 2503 3260 3258 2502 2507 3261 3259 2506
9595 5 2 0 51 2507 3261 3259 2506 955 2499 2498 954
9596 5 2 0 51 2496 893 892 2495 3262 2472 2471 3260
9597 5 2 0 51 3262 2472 2471 3260 3263 2476 2475 3261
9598 5 2 0 51 3263 2476 2475 3261 2500 897 896 2499
9599 5 2 0 51 950 2496 2495 949 2504 3262 3260 2503
9600 5 2 0 51 2504 3262 3260 2503 2508 3263 3261 2507
9601 5 2 0 51 2508 3263 3261 2507 956 2500 2499 955
9602 5 2 0 51 2497 894 893 2496 3264 2473 2472 3262
9603 5 2 0 51 3264 2473 2472 3262 3265 2477 2476 3263
9604 5 2 0 51 3265 2477 2476 3263 2501 898 897 2500
9605 5 2 0 51 951 2497 2496 950 2505 3264 3262 2504
9606 5 2 0 51 2505 3264 3262 2504 2509 3265 3263 2508
9607 5 2 0 51 2509 3265 3263 2508 957 2501 2500 956
9608 5 2 0 51 947 111 894 2497 2512 901 2473 3264
9609 5 2 0 51 2512 901 2473 3264 2513 902 2477 3265
9610 5 2 0 51 2513 902 2477 3265 953 113 898 2501
9611 5 2 0 51 133 947 2497 951 961 2512 3264 2505
9612 5 2 0 51 961 2512 3264 2505 962 2513 3265 2509
9613 5 2 0 51 962 2513 3265 2509 135 953 2501 957
9614 5 2 0 52 2498 895 114 958 2514 903 116 968
9615 5 2 0 52 954 2498 958 136 964 2514 968 138
9616 5 2 0 52 2499 896 895 2498 2515 904 903 2514
9617 5 2 0 52 955 2499 2498 954 965 2515 2514 964
9618 5 2 0 52 2500 897 896 2499 2516 905 904 2515
9619 5 2 0 52 956 2500 2499 955 966 2516 2515 965
9620 5 2 0 52 2501 898 897 2500 2517 906 905 2516
9621 5 2 0 52 957 2501 2500 956 967 2517 2516 966
9622 5 2 0 52 953 113 898 2501 963 115 906 2517
9623 5 2 0 52 135 953 2501 957 137 963 2517 967
9624 5 2 0 53 2514 903 116 968 3266 2478 911 2526
9625 5 2 0 53 3266 2478 911 2526 2518 907 118 974
9626 5 2 0 53 964 2514 968 138 2522 3266 2526 975
9627 5 2 0 53 2522 3266 2526 975 970 2518 974 140
9628 5 2 0 53 2515 904 903 2514 3267 2479 2478 3266
9629 5 2 0 53 3267 2479 2478 3266 2519 908 907 2518
9630 5 2 0 53 965 2515 2514 964 2523 3267 3266 2522
9631 5 2 0 53 2523 3267 3266 2522 971 2519 2518 970
9632 5 2 0 53 2516 905 904 2515 3268 2480 2479 3267
9633 5 2 0 53 3268 2480 2479 3267 2520 909 908 2519
9634 5 2 0 53 966 2516 2515 965 2524 3268 3267 2523
9635 5 2 0 53 2524 3268 3267 2523 972 2520 2519 971
9636 5 2 0 53 2517 906 905 2516 3269 2481 2480 3268
9637 5 2 0 53 3269 2481 2480 3268 2521 910 909 2520
9638 5 2 0 53 967 2517 2516 966 2525 3269 3268 2524
9639 5 2 0 53 2525 3269 3268 2524 973 2521 2520 972
9640 5 2 0 53 963 115 906 2517 2527 912 2481 3269
9641 5 2 0 53 2527 912 2481 3269 969 117 910 2521
9642 5 2 0 53 137 963 2517 967 976 2527 3269 2525
9643 5 2 0 53 976 2527 3269 2525 139 969 2521 973
9644 5 2 0 54 2518 907 118 974 2528 913 120 982
9645 5 2 0 54 970 2518 974 140 978 2528 982 142
9646 5 2 0 54 2519 908 907 2518 2529 914 913 2528
9647 5 2 0 54 971 2519 2518 970 979 2529 2528 978
9648 5 2 0 54 2520 909 908 2519 2530 915 914 2529
9649 5 2 0 54 972 2520 2519 971 980 2530 2529 979
9650 5 2 0 54 2521 910 909 2520 2531 916 915 2530
9651 5 2 0 54 973 2521 2520 972 981 2531 2530 980
9652 5 2 0 54 969 117 910 2521 977 119 916 2531
9653 5 2 0 54 139 969 2521 973 141 977 2531 981
9654 5 2 0 55 2528 913 120 982 2532 917 122 988
9655 5 2 0 55 978 2528 982 142 984 2532 988 144
9656 5 2 0 55 2529 914 913 2528 2533 918 917 2532
9657 5 2 0 55 979 2529 2528 978 985 2533 2532 984
9658 5 2 0 55 2530 915 914 2529 2534 919 918 2533
9659 5 2 0 55 980 2530 2529 979 986 2534 2533 985
9660 5 2 0 55 2531 916 915 2530 2535 920 919 2534
9661 5 2 0 55 981 2531 2530 980 987 2535 2534 986
9662 5 2 0 55 977 119 916 2531 983 121 920 2535
9663 5 2 0 55 141 977 2531 981 143 983 2535 987
9664 5 2 0 56 2532 917 122 988 2536 921 124 994
9665 5 2 0 56 984 2532 988 144 990 2536 994 146
9666 5 2 0 56 2533 918 917 2532 2537 922 921 2536
9667 5 2 0 56 985 2533 2532 984 991 2537 2536 990
9668 5 2 0 56 2534 919 918 2533 2538 923 922 2537
9669 5 2 0 56 986 2534 2533 985 992 2538 2537 991
9670 5 2 0 56 2535 920 919 2534 2539 924 923 2538
9671 5 2 0 56 987 2535 2534 986 993 2539 2538 992
9672 5 2 0 56 983 121 920 2535 989 123 924 2539
9673 5 2 0 56 143 983 2535 987 145 989 2539 993
9674 5 2 0 57 2536 921 124 994 2540 925 126 1000
9675 5 2 0 57 990 2536 994 146 996 2540 1000 148
9676 5 2 0 57 2537 922 921 2536 2541 926 925 2540
9677 5 2 0 57 991 2537 2536 990 997 2541 2540 996
9678 5 2 0 57 2538 923 922 2537 2542 927 926 2541
9679 5 2 0 57 992 2538 2537 991 998 2542 2541 997
9680 5 2 0 57 2539 924 923 2538 2543 928 927 2542
9681 5 2 0 57 993 2539 2538 992 999 2543 2542 998
9682 5 2 0 57 989 123 924 2539 995 125 928 2543
9683 5 2 0 57 145 989 2539 993 147 995 2543 999
9684 5 2 0 58 2540 925 126 1000 3270 2482 933 2552
9685 5 2 0 58 3270 2482 933 2552 2544 929 128 1006
9686 5 2 0 58 996 2540 1000 148 2548 3270 2552 1007
9687 5 2 0 58 2548 3270 2552 1007 1002 2544 1006 150
9688 5 2 0 58 2541 926 925 2540 3271 2483 2482 3270
9689 5 2 0 58 3271 2483 2482 3270 2545 930 929 2544
9690 5 2 0 58 997 2541 2540 996 2549 3271 3270 2548
9691 5 2 0 58 2549 3271 3270 2548 1003 2545 2544 1002
9692 5 2 0 58 2542 927 926 2541 3272 2484 2483 3271
9693 5 2 0 58 3272 2484 2483 3271 2546 931 930 2545
9694 5 2 0 58 998 2542 2541 997 2550 3272 3271 2549
9695 5 2 0 58 2550 3272 3271 2549 1004 2546 2545 1003
9696 5 2 0 58 2543 928 927 2542 3273 2485 2484 3272
9697 5 2 0 58 3273 2485 2484 3272 2547 932 931 2546
9698 5 2 0 58 999 2543 2542 998 2551 3273 3272 2550
9699 5 2 0 58 2551 3273 3272 2550 1005 2547 2546 1004
9700 5 2 0 58 995 125 928 2543 2553 934 2485 3273
9701 5 2 0 58 2553 934 2485 3273 1001 127 932 2547
9702 5 2 0 58 147 995 2543 999 1008 2553 3273 2551
9703 5 2 0 58 1008 2553 3273 2551 149 1001 2547 1005
9704 5 2 0 59 2544 929 128 1006 2554 935 130 1014
9705 5 2 0 59 1002 2544 1006 150 1010 2554 1014 152
9706 5 2 0 59 2545 930 929 2544 2555 936 935 2554
9707 5 2 0 59 1003 2545 2544 1002 1011 2555 2554 1010
9708 5 2 0 59 2546 931 930 2545 2556 937 936 2555
9709 5 2 0 59 1004 2546 2545 1003 1012 2556 2555 1011
9710 5 2 0 59 2547 932 931 2546 2557 938 937 2556
9711 5 2 0 59 1005 2547 2546 1004 1013 2557 2556 1012
9712 5 2 0 59 1001 127 932 2547 1009 129 938 2557
9713 5 2 0 59 149 1001 2547 1005 151 1009 2557 1013
9714 5 2 0 60 2554 935 130 1014 3274 2486 943 2570
9715 5 2 0 60 3274 2486 943 2570 3275 2490 944 2571
9716 5 2 0 60 3275 2490 944 2571 2558 939 132 1020
9717 5 2 0 60 1010 2554 1014 152 2562 3274 2570 1021
9718 5 2 0 60 2562 3274 2570 1021 2566 3275 2571 1022
9719 5 2 0 60 2566 3275 2571 1022 1016 2558 1020 154
9720 5 2 0 60 2555 936 935 2554 3276 2487 2486 3274
9721 5 2 0 60 3276 2487 2486 3274 3277 2491 2490 3275
9722 5 2 0 60 3277 2491 2490 3275 2559 940 939 2558
9723 5 2 0 60 1011 2555 2554 1010 2563 3276 3274 2562
9724 5 2 0 60 2563 3276 3274 2562 2567 3277 3275 2566
9725 5 2 0 60 2567 3277 3275 2566 1017 2559 2558 1016
9726 5 2 0 60 2556 937 936 2555 3278 2488 2487 3276
9727 5 2 0 60 3278 2488 2487 3276 3279 2492 2491 3277
9728 5 2 0 60 3279 2492 2491 3277 2560 941 940 2559
9729 5 2 0 60 1012 2556 2555 1011 2564 3278 3276 2563
9730 5 2 0 60 2564 3278 3276 2563 2568 3279 3277 2567
9731 5 2 0 60 2568 3279 3277 2567 1018 2560 2559 1017
9732 5 2 0 60 2557 938 937 2556 3280 2489 2488 3278
9733 5 2 0 60 3280 2489 2488 3278 3281 2493 2492 3279
9734 5 2 0 60 3281 2493 2492 3279 2561 942 941 2560
9735 5 2 0 60 1013 2557 2556 1012 2565 3280 3278 2564
9736 5 2 0 60 2565 3280 3278 2564 2569 3281 3279 2568
9737 5 2 0 60 2569 3281 3279 2568 1019 2561 2560 1018
9738 5 2 0 60 1009 129 938 2557 2572 945 2489 3280
9739 5 2 0 60 2572 945 2489 3280 2573 946 2493 3281
9740 5 2 0 60 2573 946 2493 3281 1015 131 942 2561
9741 5 2 0 60 151 1009 2557 1013 1023 2572 3280 2565
9742 5 2 0 60 1023 2572 3280 2565 1024 2573 3281 2569
9743 5 2 0 60 1024 2573 3281 2569 153 1015 2561 1019
9744 5 2 0 61 2574 1025 155 1031 3282 2580 1039 2592
9745 5 2 0 61 3282 2580 1039 2592 3283 2583 1040 2593
9746 5 2 0 61 3283 2583 1040 2593 2577 1032 157 1038
9747 5 2 0 61 1028 2574 1031 156 2586 3282 2592 1041
9748 5 2 0 61 2586 3282 2592 1041 2589 3283 2593 1042
9749 5 2 0 61 2589 3283 2593 1042 1035 2577 1038 158
9750 5 2 0 61 2575 1026 1025 2574 3284 2581 2580 3282
9751 5 2 0 61 3284 2581 2580 3282 3285 2584 2583 3283
9752 5 2 0 61 3285 2584 2583 3283 2578 1033 1032 2577
9753 5 2 0 61 1029 2575 2574 1028 2587 3284 3282 2586
9754 5 2 0 61 2587 3284 3282 2586 2590 3285 3283 2589
9755 5 2 0 61 2590 3285 3283 2589 1036 2578 2577 1035
9756 5 2 0 61 2576 1027 1026 2575 3286 2582 2581 3284
9757 5 2 0 61 3286 2582 2581 3284 3287 2585 2584 3285
9758 5 2 0 61 3287 2585 2584 3285 2579 1034 1033 2578
9759 5 2 0 61 1030 2576 2575 1029 2588 3286 3284 2587
9760 5 2 0 61 2588 3286 3284 2587 2591 3287 3285 2590
9761 5 2 0 61 2591 3287 3285 2590 1037 2579 2578 1036
9762 5 2 0 61 598 1 1027 2576 2318 609 2582 3286
9763 5 2 0 61 2318 609 2582 3286 2319 610 2585 3287
9764 5 2 0 61 2319 610 2585 3287 608 5 1034 2579
9765 5 2 0 61 4 598 2576 1030 613 2318 3286 2588
9766 5 2 0 61 613 2318 3286 2588 614 2319 3287 2591
9767 5 2 0 61 614 2319 3287 2591 8 608 2579 1037
9768 5 2 0 62 2577 1032 157 1038 2594 1043 159 1049
9769 5 2 0 62 1035 2577 1038 158 1046 2594 1049 160
9770 5 2 0 62 2578 1033 1032 2577 2595 1044 1043 2594
9771 5 2 0 62 1036 2578 2577 1035 1047 2595 2594 1046
9772 5 2 0 62 2579 1034 1033 2578 2596 1045 1044 2595
9773 5 2 0 62 1037 2579 2578 1036 1048 2596 2595 1047
9774 5 2 0 62 608 5 1034 2579 626 9 1045 2596
9775 5 2 0 62 8 608 2579 1037 12 626 2596 1048
9776 5 2 0 63 2594 1043 159 1049 3288 2600 1057 2606
9777 5 2 0 63 3288 2600 1057 2606 2597 1050 161 1056
9778 5 2 0 63 1046 2594 1049 160 2603 3288 2606 1058
9779 5 2 0 63 2603 3288 2606 1058 1053 2597 1056 162
9780 5 2 0 63 2595 1044 1043 2594 3289 2601 2600 3288
9781 5 2 0 63 3289 2601 2600 3288 2598 1051 1050 2597
9782 5 2 0 63 1047 2595 2594 1046 2604 3289 3288 2603
9783 5 2 0 63 2604 3289 3288 2603 1054 2598 2597 1053
9784 5 2 0 63 2596 1045 1044 2595 3290 2602 2601 3289
9785 5 2 0 63 3290 2602 2601 3289 2599 1052 1051 2598
9786 5 2 0 63 1048 2596 2595 1047 2605 3290 3289 2604
9787 5 2 0 63 2605 3290 3289 2604 1055 2599 2598 1054
9788 5 2 0 63 626 9 1045 2596 2338 637 2602 3290
9789 5 2 0 63 2338 637 2602 3290 636 13 1052 2599
9790 5 2 0 63 12 626 2596 1048 639 2338 3290 2605
9791 5 2 0 63 639 2338 3290 2605 16 636 2599 1055
9792 5 2 0 64 2597 1050 161 1056 2607 1059 163 1065
9793 5 2 0 64 1053 2597 1056 162 1062 2607 1065 164
9794 5 2 0 64 2598 1051 1050 2597 2608 1060 1059 2607
9795 5 2 0 64 1054 2598 2597 1053 1063 2608 2607 1062
9796 5 2 0 64 2599 1052 1051 2598 2609 1061 1060 2608
9797 5 2 0 64 1055 2599 2598 1054 1064 2609 2608 1063
9798 5 2 0 64 636 13 1052 2599 650 17 1061 2609
9799 5 2 0 64 16 636 2599 1055 20 650 2609 1064
9800 5 2 0 65 2607 1059 163 1065 2610 1066 165 1072
9801 5 2 0 65 1062 2607 1065 164 1069 2610 1072 166
9802 5 2 0 65 2608 1060 1059 2607 2611 1067 1066 2610
9803 5 2 0 65 1063 2608 2607 1062 1070 2611 2610 1069
9804 5 2 0 65 2609 1061 1060 2608 2612 1068 1067 2611
9805 5 2 0 65 1064 2609 2608 1063 1071 2612 2611 1070
9806 5 2 0 65 650 17 1061 2609 660 21 1068 2612
9807 5 2 0 65 20 650 2609 1064 24 660 2612 1071
9808 5 2 0 66 2610 1066 165 1072 2613 1073 167 1079
9809 5 2 0 66 1069 2610 1072 166 1076 2613 1079 168
9810 5 2 0 66 2611 1067 1066 2610 2614 1074 1073 2613
9811 5 2 0 66 1070 2611 2610 1069 1077 2614 2613 1076
9812 5 2 0 66 2612 1068 1067 2611 2615 1075 1074 2614
9813 5 2 0 66 1071 2612 2611 1070 1078 2615 2614 1077
9814 5 2 0 66 660 21 1068 2612 670 25 1075 2615
9815 5 2 0 66 24 660 2612 1071 28 670 2615 1078
9816 5 2 0 67 2613 1073 167 1079 2616 1080 169 1086
9817 5 2 0 67 1076 2613 1079 168 1083 2616 1086 170
9818 5 2 0 67 2614 1074 1073 2613 2617 1081 1080 2616
9819 5 2 0 67 1077 2614 2613 1076 1084 2617 2616 1083
9820 5 2 0 67 2615 1075 1074 2614 2618 1082 1081 2617
9821 5 2 0 67 1078 2615 2614 1077 1085 2618 2617 1084
9822 5 2 0 67 670 25 1075 2615 680 29 1082 2618
9823 5 2 0 67 28 670 2615 1078 32 680 2618 1085
9824 5 2 0 68 2616 1080 169 1086 3291 2622 1094 2628
9825 5 2 0 68 3291 2622 1094 2628 2619 1087 171 1093
9826 5 2 0 68 1083 2616 1086 170 2625 3291 2628 1095
9827 5 2 0 68 2625 3291 2628 1095 1090 2619 1093 172
9828 5 2 0 68 2617 1081 1080 2616 3292 2623 2622 3291
9829 5 2 0 68 3292 2623 2622 3291 2620 1088 1087 2619
9830 5 2 0 68 1084 2617 2616 1083 2626 3292 3291 2625
9831 5 2 0 68 2626 3292 3291 2625 1091 2620 2619 1090
9832 5 2 0 68 2618 1082 1081 2617 3293 2624 2623 3292
9833 5 2 0 68 3293 2624 2623 3292 2621 1089 1088 2620
9834 5 2 0 68 1085 2618 2617 1084 2627 3293 3292 2626
9835 5 2 0 68 2627 3293 3292 2626 1092 2621 2620 1091
9836 5 2 0 68 680 29 1082 2618 2368 691 2624 3293
9837 5 2 0 68 2368 691 2624 3293 690 33 1089 2621
9838 5 2 0 68 32 680 2618 1085 693 2368 3293 2627
9839 5 2 0 68 693 2368 3293 2627 36 690 2621 1092
9840 5 2 0 69 2619 1087 171 1093 2629 1096 173 1102
9841 5 2 0 69 1090 2619 1093 172 1099 2629 1102 174
9842 5 2 0 69 2620 1088 1087 2619 2630 1097 1096 2629
9843 5 2 0 69 1091 2620 2619 1090 1100 2630 2629 1099
9844 5 2 0 69 2621 1089 1088 2620 2631 1098 1097 2630
9845 5 2 0 69 1092 2621 2620 1091 1101 2631 2630 1100
9846 5 2 0 69 690 33 1089 2621 704 37 1098 2631
9847 5 2 0 69 36 690 2621 1092 40 704 2631 1101
9848 5 2 0 70 2629 1096 173 1102 3294 2635 1110 2647
9849 5 2 0 70 3294 2635 1110 2647 3295 2638 1111 2648
9850 5 2 0 70 3295 2638 1111 2648 2632 1103 175 1109
9851 5 2 0 70 1099 2629 1102 174 2641 3294 2647 1112
9852 5 2 0 70 2641 3294 2647 1112 2644 3295 2648 1113
9853 5 2 0 70 2644 3295 2648 1113 1106 2632 1109 176
9854 5 2 0 70 2630 1097 1096 2629 3296 2636 2635 3294
9855 5 2 0 70 3296 2636 2635 3294 3297 2639 2638 3295
9856 5 2 0 70 3297 2639 2638 3295 2633 1104 1103 2632
9857 5 2 0 70 1100 2630 2629 1099 2642 3296 3294 2641
9858 5 2 0 70 2642 3296 3294 2641 2645 3297 3295 2644
9859 5 2 0 70 2645 3297 3295 2644 1107 2633 2632 1106
9860 5 2 0 70 2631 1098 1097 2630 3298 2637 2636 3296
9861 5 2 0 70 3298 2637 2636 3296 3299 2640 2639 3297
9862 5 2 0 70 3299 2640 2639 3297 2634 1105 1104 2633
9863 5 2 0 70 1101 2631 2630 1100 2643 3298 3296 2642
9864 5 2 0 70 2643 3298 3296 2642 2646 3299 3297 2645
9865 5 2 0 70 2646 3299 3297 2645 1108 2634 2633 1107
9866 5 2 0 70 704 37 1098 2631 2394 715 2637 3298
9867 5 2 0 70 2394 715 2637 3298 2395 716 2640 3299
9868 5 2 0 70 2395 716 2640 3299 714 41 1105 2634
9869 5 2 0 70 40 704 2631 1101 719 2394 3298 2643
9870 5 2 0 70 719 2394 3298 2643 720 2395 3299 2646
9871 5 2 0 70 720 2395 3299 2646 44 714 2634 1108
9872 5 2 0 71 1114 1028 156 177 2649 2586 1041 1120
9873 5 2 0 71 2649 2586 1041 1120 2652 2589 1042 1121
9874 5 2 0 71 2652 2589 1042 1121 1117 1035 158 178
9875 5 2 0 71 1115 1029 1028 1114 2650 2587 2586 2649
9876 5 2 0 71 2650 2587 2586 2649 2653 2590 2589 2652
9877 5 2 0 71 2653 2590 2589 2652 1118 1036 1035 1117
9878 5 2 0 71 1116 1030 1029 1115 2651 2588 2587 2650
9879 5 2 0 71 2651 2588 2587 2650 2654 2591 2590 2653
9880 5 2 0 71 2654 2591 2590 2653 1119 1037 1036 1118
9881 5 2 0 71 46 4 1030 1116 731 613 2588 2651
9882 5 2 0 71 731 613 2588 2651 732 614 2591 2654
9883 5 2 0 71 732 614 2591 2654 48 8 1037 1119
9884 5 2 0 72 1117 1035 158 178 1122 1046 160 179
9885 5 2 0 72 1118 1036 1035 1117 1123 1047 1046 1122
9886 5 2 0 72 1119 1037 1036 1118 1124 1048 1047 1123
9887 5 2 0 72 48 8 1037 1119 50 12 1048 1124
9888 5 2 0 73 1122 1046 160 179 2655 2603 1058 1128
9889 5 2 0 73 2655 2603 1058 1128 1125 1053 162 180
9890 5 2 0 73 1123 1047 1046 1122 2656 2604 2603 2655
9891 5 2 0 73 2656 2604 2603 2655 1126 1054 1053 1125
9892 5 2 0 73 1124 1048 1047 1123 2657 2605 2604 2656
9893 5 2 0 73 2657 2605 2604 2656 1127 1055 1054 1126
9894 5 2 0 73 50 12 1048 1124 743 639 2605 2657
9895 5 2 0 73 743 639 2605 2657 52 16 1055 1127
9896 5 2 0 74 1125 1053 162 180 1129 1062 164 181
9897 5 2 0 74 1126 1054 1053 1125 1130 1063 1062 1129
9898 5 2 0 74 1127 1055 1054 1126 1131 1064 1063 1130
9899 5 2 0 74 52 16 1055 1127 54 20 1064 1131
9900 5 2 0 75 1129 1062 164 181 1132 1069 166 182
9901 5 2 0 75 1130 1063 1062 1129 1133 1070 1069 1132
9902 5 2 0 75 1131 1064 1063 1130 1134 1071 1070 1133
9903 5 2 0 75 54 20 1064 1131 56 24 1071 1134
9904 5 2 0 76 1132 1069 166 182 1135 1076 168 183
9905 5 2 0 76 1133 1070 1069 1132 1136 1077 1076 1135
9906 5 2 0 76 1134 1071 1070 1133 1137 1078 1077 1136
9907 5 2 0 76 56 24 1071 1134 58 28 1078 1137
9908 5 2 0 77 1135 1076 168 183 1138 1083 170 184
9909 5 2 0 77 1136 1077 1076 1135 1139 1084 1083 1138
9910 5 2 0 77 1137 1078 1077 1136 1140 1085 1084 1139
9911 5 2 0 77 58 28 1078 1137 60 32 1085 1140
9912 5 2 0 78 1138 1083 170 184 2658 2625 1095 1144
9913 5 2 0 78 2658 2625 1095 1144 1141 1090 172 185
9914 5 2 0 78 1139 1084 1083 1138 2659 2626 2625 2658
9915 5 2 0 78 2659 2626 2625 2658 1142 1091 1090 1141
9916 5 2 0 78 1140 1085 1084 1139 2660 2627 2626 2659
9917 5 2 0 78 2660 2627 2626 2659 1143 1092 1091 1142
9918 5 2 0 78 60 32 1085 1140 765 693 2627 2660
9919 5 2 0 78 765 693 2627 2660 62 36 1092 1143
9920 5 2 0 79 1141 1090 172 185 1145 1099 174 186
9921 5 2 0 79 1142 1091 1090 1141 1146 1100 1099 1145
9922 5 2 0 79 1143 1092 1091 1142 1147 1101 1100 1146
9923 5 2 0 79 62 36 1092 1143 64 40 1101 1147
9924 5 2 0 80 1145 1099 174 186 2661 2641 1112 1151
9925 5 2 0 80 2661 2641 1112 1151 2664 2644 1113 1152
9926 5 2 0 80 2664 2644 1113 1152 1148 1106 176 187
9927 5 2 0 80 1146 1100 1099 1145 2662 2642 2641 2661
9928 5 2 0 80 2662 2642 2641 2661 2665 2645 2644 2664
9929 5 2 0 80 2665 2645 2644 2664 1149 1107 1106 1148
9930 5 2 0 80 1147 1101 1100 1146 2663 2643 2642 2662
9931 5 2 0 80 2663 2643 2642 2662 2666 2646 2645 2665
9932 5 2 0 80 2666 2646 2645 2665 1150 1108 1107 1149
9933 5 2 0 80 64 40 1101 1147 775 719 2643 2663
9934 5 2 0 80 775 719 2643 2663 776 720 2646 2666
9935 5 2 0 80 776 720 2646 2666 66 44 1108 1150
9936 5 2 0 81 1153 1114 177 188 2667 2649 1120 1159
9937 5 2 0 81 2667 2649 1120 1159 2670 2652 1121 1160
9938 5 2 0 81 2670 2652 1121 1160 1156 1117 178 189
9939 5 2 0 81 1154 1115 1114 1153 2668 2650 2649 2667
9940 5 2 0 81 2668 2650 2649 2667 2671 2653 2652 2670
9941 5 2 0 81 2671 2653 2652 2670 1157 1118 1117 1156
9942 5 2 0 81 1155 1116 1115 1154 2669 2651 2650 2668
9943 5 2 0 81 2669 2651 2650 2668 2672 2654 2653 2671
9944 5 2 0 81 2672 2654 2653 2671 1158 1119 1118 1157
9945 5 2 0 81 68 46 1116 1155 787 731 2651 2669
9946 5 2 0 81 787 731 2651 2669 788 732 2654 2672
9947 5 2 0 81 788 732 2654 2672 70 48 1119 1158
9948 5 2 0 82 1156 1117 178 189 1161 1122 179 190
9949 5 2 0 82 1157 1118 1117 1156 1162 1123 1122 1161
9950 5 2 0 82 1158 1119 1118 1157 1163 1124 1123 1162
9951 5 2 0 82 70 48 1119 1158 72 50 1124 1163
9952 5 2 0 83 1161 1122 179 190 2673 2655 1128 1167
9953 5 2 0 83 2673 2655 1128 1167 1164 1125 180 191
9954 5 2 0 83 1162 1123 1122 1161 2674 2656 2655 2673
9955 5 2 0 83 2674 2656 2655 2673 1165 1126 1125 1164
9956 5 2 0 83 1163 1124 1123 1162 2675 2657 2656 2674
9957 5 2 0 83 2675 2657 2656 2674 1166 1127 1126 1165
9958 5 2 0 83 72 50 1124 1163 799 743 2657 2675
9959 5 2 0 83 799 743 2657 2675 74 52 1127 1166
9960 5 2 0 84 1164 1125 180 191 1168 1129 181 192
9961 5 2 0 84 1165 1126 1125 1164 1169 1130 1129 1168
9962 5 2 0 84 1166 1127 1126 1165 1170 1131 1130 1169
9963 5 2 0 84 74 52 1127 1166 76 54 1131 1170
9964 5 2 0 85 1168 1129 181 192 1171 1132 182 193
9965 5 2 0 85 1169 1130 1129 1168 1172 1133 1132 1171
9966 5 2 0 85 1170 1131 1130 1169 1173 1134 1133 1172
9967 5 2 0 85 76 54 1131 1170 78 56 1134 1173
9968 5 2 0 86 1171 1132 182 193 1174 1135 183 194
9969 5 2 0 86 1172 1133 1132 1171 1175 1136 1135 1174
9970 5 2 0 86 1173 1134 1133 1172 1176 1137 1136 1175
9971 5 2 0 86 78 56 1134 1173 80 58 1137 1176
9972 5 2 0 87 1174 1135 183 194 1177 1138 184 195
9973 5 2 0 87 1175 1136 1135 1174 1178 1139 1138 1177
9974 5 2 0 87 1176 1137 1136 1175 1179 1140 1139 1178
9975 5 2 0 87 80 58 1137 1176 82 60 1140 1179
9976 5 2 0 88 1177 1138 184 195 2676 2658 1144 1183
9977 5 2 0 88 2676 2658 1144 1183 1180 1141 185 196
9978 5 2 0 88 1178 1139 1138 1177 2677 2659 2658 2676
9979 5 2 0 88 2677 2659 2658 2676 1181 1142 1141 1180
9980 5 2 0 88 1179 1140 1139 1178 2678 2660 2659 2677
9981 5 2 0 88 2678 2660 2659 2677 1182 1143 1142 1181
9982 5 2 0 88 82 60 1140 1179 821 765 2660 2678
9983 5 2 0 88 821 765 2660 2678 84 62 1143 1182
9984 5 2 0 89 1180 1141 185 196 1184 1145 186 197
9985 5 2 0 89 1181 1142 1141 1180 1185 1146 1145 1184
9986 5 2 0 89 1182 1143 1142 1181 1186 1147 1146 1185
9987 5 2 0 89 84 62 1143 1182 86 64 1147 1186
9988 5 2 0 90 1184 1145 186 197 2679 2661 1151 1190
9989 5 2 0 90 2679 2661 1151 1190 2682 2664 1152 1191
9990 5 2 0 90 2682 2664 1152 1191 1187 1148 187 198
9991 5 2 0 90 1185 1146 1145 1184 2680 2662 2661 2679
9992 5 2 0 90 2680 2662 2661 2679 2683 2665 2664 2682
9993 5 2 0 90 2683 2665 2664 2682 1188 1149 1148 1187
9994 5 2 0 90 1186 1147 1146 1185 2681 2663 2662 2680
9995 5 2 0 90 2681 2663 2662 2680 2684 2666 2665 2683
9996 5 2 0 90 2684 2666 2665 2683 1189 1150 1149 1188
9997 5 2 0 90 86 64 1147 1186 831 775 2663 2681
9998 5 2 0 90 831 775 2663 2681 832 776 2666 2684
9999 5 2 0 90 832 776 2666 2684 88 66 1150 1189
10000 5 2 0 91 1192 1153 188 199 2685 2667 1159 1198
10001 5 2 0 91 2685 2667 1159 1198 2688 2670 1160 1199
10002 5 2 0 91 2688 2670 1160 1199 1195 1156 189 200
10003 5 2 0 91 1193 1154 1153 1192 2686 2668 2667 2685
10004 5 2 0 91 2686 2668 2667 2685 2689 2671 2670 2688
10005 5 2 0 91 2689 2671 2670 2688 1196 1157 1156 1195
10006 5 2 0 91 1194 1155 1154 1193 2687 2669 2668 2686
10007 5 2 0 91 2687 2669 2668 2686 2690 2672 2671 2689
10008 5 2 0 91 2690 2672 2671 2689 1197 1158 1157 1196
10009 5 2 0 91 90 68 1155 1194 843 787 2669 2687
10010 5 2 0 91 843 787 2669 2687 844 788 2672 2690
10011 5 2 0 91 844 788 2672 2690 92 70 1158 1197
10012 5 2 0 92 1195 1156 189 200 1200 1161 190 201
10013 5 2 0 92 1196 1157 1156 1195 1201 1162 1161 1200
10014 5 2 0 92 1197 1158 1157 1196 1202 1163 1162 1201
10015 5 2 0 92 92 70 1158 1197 94 72 1163 1202
10016 5 2 0 93 1200 1161 190 201 2691 2673 1167 1206
10017 5 2 0 93 2691 2673 1167 1206 1203 1164 191 202
10018 5 2 0 93 1201 1162 1161 1200 2692 2674 2673 2691
10019 5 2 0 93 2692 2674 2673 2691 1204 1165 1164 1203
10020 5 2 0 93 1202 1163 1162 1201 2693 2675 2674 2692
10021 5 2 0 93 2693 2675 2674 2692 1205 1166 1165 1204
10022 5 2 0 93 94 72 1163 1202 855 799 2675 2693
10023 5 2 0 93 855 799 2675 2693 96 74 1166 1205
10024 5 2 0 94 1203 1164 191 202 1207 1168 192 203
10025 5 2 0 94 1204 1165 1164 1203 1208 1169 1168 1207
10026 5 2 0 94 1205 1166 1165 1204 1209 1170 1169 1208
10027 5 2 0 94 96 74 1166 1205 98 76 1170 1209
10028 5 2 0 95 1207 1168 192 203 1210 1171 193 204
10029 5 2 0 95 1208 1169 1168 1207 1211 1172 1171 1210
10030 5 2 0 95 1209 1170 1169 1208 1212 1173 1172 1211
10031 5 2 0 95 98 76 1170 1209 100 78 1173 1212
10032 5 2 0 96 1210 1171 193 204 1213 1174 194 205
10033 5 2 0 96 1211 1172 1171 1210 1214 1175 1174 1213
10034 5 2 0 96 1212 1173 1172 1211 1215 1176 1175 1214
10035 5 2 0 96 100 78 1173 1212 102 80 1176 1215
10036 5 2 0 97 1213 1174 194 205 1216 1177 195 206
10037 5 2 0 97 1214 1175 1174 1213 1217 1178 1177 1216
10038 5 2 0 97 1215 1176 1175 1214 1218 1179 1178 1217
10039 5 2 0 97 102 80 1176 1215 104 82 1179 1218
10040 5 2 0 98 1216 1177 195 206 2694 2676 1183 1222
10041 5 2 0 98 2694 2676 1183 1222 1219 1180 196 207
10042 5 2 0 98 1217 1178 1177 1216 2695 2677 2676 2694
10043 5 2 0 98 2695 2677 2676 2694 1220 1181 1180 1219
10044 5 2 0 98 1218 1179 1178 1217 2696 2678 2677 2695
10045 5 2 0 98 2696 2678 2677 2695 1221 1182 1181 1220
10046 5 2 0 98 104 82 1179 1218 877 821 2678 2696
10047 5 2 0 98 877 821 2678 2696 106 84 1182 1221
10048 5 2 0 99 1219 1180 196 207 1223 1184 197 208
10049 5 2 0 99 1220 1181 1180 1219 1224 1185 1184 1223
10050 5 2 0 99 1221 1182 1181 1220 1225 1186 1185 1224
10051 5 2 0 99 106 84 1182 1221 108 86 1186 1225
10052 5 2 0 100 1223 1184 197 208 2697 2679 1190 1229
10053 5 2 0 100 2697 2679 1190 1229 2700 2682 1191 1230
10054 5 2 0 100 2700 2682 1191 1230 1226 1187 198 209
10055 5 2 0 100 1224 1185 1184 1223 2698 2680 2679 2697
10056 5 2 0 100 2698 2680 2679 2697 2701 2683 2682 2700
10057 5 2 0 100 2701 2683 2682 2700 1227 1188 1187 1226
10058 5 2 0 100 1225 1186 1185 1224 2699 2681 2680 2698
10059 5 2 0 100 2699 2681 2680 2698 2702 2684 2683 2701
10060 5 2 0 100 2702 2684 2683 2701 1228 1189 1188 1227
10061 5 2 0 100 108 86 1186 1225 887 831 2681 2699
10062 5 2 0 100 887 831 2681 2699 888 832 2684 2702
10063 5 2 0 100 888 832 2684 2702 110 88 1189 1228
10064 5 2 0 101 1231 1192 199 210 2703 2685 1198 1237
10065 5 2 0 101 2703 2685 1198 1237 2706 2688 1199 1238
10066 5 2 0 101 2706 2688 1199 1238 1234 1195 200 211
10067 5 2 0 101 1232 1193 1192 1231 2704 2686 2685 2703
10068 5 2 0 101 2704 2686 2685 2703 2707 2689 2688 2706
10069 5 2 0 101 2707 2689 2688 2706 1235 1196 1195 1234
10070 5 2 0 101 1233 1194 1193 1232 2705 2687 2686 2704
10071 5 2 0 101 2705 2687 2686 2704 2708 2690 2689 2707
10072 5 2 0 101 2708 2690 2689 2707 1236 1197 1196 1235
10073 5 2 0 101 112 90 1194 1233 899 843 2687 2705
10074 5 2 0 101 899 843 2687 2705 900 844 2690 2708
10075 5 2 0 101 900 844 2690 2708 114 92 1197 1236
10076 5 2 0 102 1234 1195 200 211 1239 1200 201 212
10077 5 2 0 102 1235 1196 1195 1234 1240 1201 1200 1239
10078 5 2 0 102 1236 1197 1196 1235 1241 1202 1201 1240
10079 5 2 0 102 114 92 1197 1236 116 94 1202 1241
10080 5 2 0 103 1239 1200 201 212 2709 2691 1206 1245
10081 5 2 0 103 2709 2691 1206 1245 1242 1203 202 213
10082 5 2 0 103 1240 1201 1200 1239 2710 2692 2691 2709
10083 5 2 0 103 2710 2692 2691 2709 1243 1204 1203 1242
10084 5 2 0 103 1241 1202 1201 1240 2711 2693 2692 2710
10085 5 2 0 103 2711 2693 2692 2710 1244 1205 1204 1243
10086 5 2 0 103 116 94 1202 1241 911 855 2693 2711
10087 5 2 0 103 911 855 2693 2711 118 96 1205 1244
10088 5 2 0 104 1242 1203 202 213 1246 1207 203 214
10089 5 2 0 104 1243 1204 1203 1242 1247 1208 1207 1246
10090 5 2 0 104 1244 1205 1204 1243 1248 1209 1208 1247
10091 5 2 0 104 118 96 1205 1244 120 98 1209 1248
10092 5 2 0 105 1246 1207 203 214 1249 1210 204 215
10093 5 2 0 105 1247 1208 1207 1246 1250 1211 1210 1249
10094 5 2 0 105 1248 1209 1208 1247 1251 1212 1211 1250
10095 5 2 0 105 120 98 1209 1248 122 100 1212 1251
10096 5 2 0 106 1249 1210 204 215 1252 1213 205 216
10097 5 2 0 106 1250 1211 1210 1249 1253 1214 1213 1252
10098 5 2 0 106 1251 1212 1211 1250 1254 1215 1214 1253
10099 5 2 0 106 122 100 1212 1251 124 102 1215 1254
10100 5 2 0 107 1252 1213 205 216 1255 1216 206 217
10101 5 2 0 107 1253 1214 1213 1252 1256 1217 1216 1255
10102 5 2 0 107 1254 1215 1214 1253 1257 1218 1217 1256
10103 5 2 0 107 124 102 1215 1254 126 104 1218 1257
10104 5 2 0 108 1255 1216 206 217 2712 2694 1222 1261
10105 5 2 0 108 2712 2694 1222 1261 1258 1219 207 218
10106 5 2 0 108 1256 1217 1216 1255 2713 2695 2694 2712
10107 5 2 0 108 2713 2695 2694 2712 1259 1220 1219 1258
10108 5 2 0 108 1257 1218 1217 1256 2714 2696 2695 2713
10109 5 2 0 108 2714 2696 2695 2713 1260 1221 1220 1259
10110 5 2 0 108 126 104 1218 1257 933 877 2696 2714
10111 5 2 0 108 933 877 2696 2714 128 106 1221 1260
10112 5 2 0 109 1258 1219 207 218 1262 1223 208 219
10113 5 2 0 109 1259 1220 1219 1258 1263 1224 1223 1262
10114 5 2 0 109 1260 1221 1220 1259 1264 1225 1224 1263
10115 5 2 0 109 128 106 1221 1260 130 108 1225 1264
10116 5 2 0 110 1262 1223 208 219 2715 2697 1229 1268
10117 5 2 0 110 2715 2697 1229 1268 2718 2700 1230 1269
10118 5 2 0 110 2718 2700 1230 1269 1265 1226 209 220
10119 5 2 0 110 1263 1224 1223 1262 2716 2698 2697 2715
10120 5 2 0 110 2716 2698 2697 2715 2719 2701 2700 2718
10121 5 2 0 110 2719 2701 2700 2718 1266 1227 1226 1265
10122 5 2 0 110 1264 1225 1224 1263 2717 2699 2698 2716
10123 5 2 0 110 2717 2699 2698 2716 2720 2702 2701 2719
10124 5 2 0 110 2720 2702 2701 2719 1267 1228 1227 1266
10125 5 2 0 110 130 108 1225 1264 943 887 2699 2717
10126 5 2 0 110 943 887 2699 2717 944 888 2702 2720
10127 5 2 0 110 944 888 2702 2720 132 110 1228 1267
10128 5 2 0 111 2721 1231 210 1273 3300 2703 1237 2733
10129 5 2 0 111 3300 2703 1237 2733 3301 2706 1238 2734
10130 5 2 0 111 3301 2706 1238 2734 2724 1234 211 1277
10131 5 2 0 111 1270 2721 1273 221 2727 3300 2733 1278
10132 5 2 0 111 2727 3300 2733 1278 2730 3301 2734 1279
10133 5 2 0 111 2730 3301 2734 1279 1274 2724 1277 222
10134 5 2 0 111 2722 1232 1231 2721 3302 2704 2703 3300
10135 5 2 0 111 3302 2704 2703 3300 3303 2707 2706 3301
10136 5 2 0 111 3303 2707 2706 3301 2725 1235 1234 2724
10137 5 2 0 111 1271 2722 2721 1270 2728 3302 3300 2727
10138 5 2 0 111 2728 3302 3300 2727 2731 3303 3301 2730
10139 5 2 0 111 2731 3303 3301 2730 1275 2725 2724 1274
10140 5 2 0 111 2723 1233 1232 2722 3304 2705 2704 3302
10141 5 2 0 111 3304 2705 2704 3302 3305 2708 2707 3303
10142 5 2 0 111 3305 2708 2707 3303 2726 1236 1235 2725
10143 5 2 0 111 1272 2723 2722 1271 2729 3304 3302 2728
10144 5 2 0 111 2729 3304 3302 2728 2732 3305 3303 2731
10145 5 2 0 111 2732 3305 3303 2731 1276 2726 2725 1275
10146 5 2 0 111 952 112 1233 2723 2510 899 2705 3304
10147 5 2 0 111 2510 899 2705 3304 2511 900 2708 3305
10148 5 2 0 111 2511 900 2708 3305 958 114 1236 2726
10149 5 2 0 111 134 952 2723 1272 959 2510 3304 2729
10150 5 2 0 111 959 2510 3304 2729 960 2511 3305 2732
10151 5 2 0 111 960 2511 3305 2732 136 958 2726 1276
10152 5 2 0 112 2724 1234 211 1277 2735 1239 212 1283
10153 5 2 0 112 1274 2724 1277 222 1280 2735 1283 223
10154 5 2 0 112 2725 1235 1234 2724 2736 1240 1239 2735
10155 5 2 0 112 1275 2725 2724 1274 1281 2736 2735 1280
10156 5 2 0 112 2726 1236 1235 2725 2737 1241 1240 2736
10157 5 2 0 112 1276 2726 2725 1275 1282 2737 2736 1281
10158 5 2 0 112 958 114 1236 2726 968 116 1241 2737
10159 5 2 0 112 136 958 2726 1276 138 968 2737 1282
10160 5 2 0 113 2735 1239 212 1283 3306 2709 1245 2744
10161 5 2 0 113 3306 2709 1245 2744 2738 1242 213 1287
10162 5 2 0 113 1280 2735 1283 223 2741 3306 2744 1288
10163 5 2 0 113 2741 3306 2744 1288 1284 2738 1287 224
10164 5 2 0 113 2736 1240 1239 2735 3307 2710 2709 3306
10165 5 2 0 113 3307 2710 2709 3306 2739 1243 1242 2738
10166 5 2 0 113 1281 2736 2735 1280 2742 3307 3306 2741
10167 5 2 0 113 2742 3307 3306 2741 1285 2739 2738 1284
10168 5 2 0 113 2737 1241 1240 2736 3308 2711 2710 3307
10169 5 2 0 113 3308 2711 2710 3307 2740 1244 1243 2739
10170 5 2 0 113 1282 2737 2736 1281 2743 3308 3307 2742
10171 5 2 0 113 2743 3308 3307 2742 1286 2740 2739 1285
10172 5 2 0 113 968 116 1241 2737 2526 911 2711 3308
10173 5 2 0 113 2526 911 2711 3308 974 118 1244 2740
10174 5 2 0 113 138 968 2737 1282 975 2526 3308 2743
10175 5 2 0 113 975 2526 3308 2743 140 974 2740 1286
10176 5 2 0 114 2738 1242 213 1287 2745 1246 214 1292
10177 5 2 0 114 1284 2738 1287 224 1289 2745 1292 225
10178 5 2 0 114 2739 1243 1242 2738 2746 1247 1246 2745
10179 5 2 0 114 1285 2739 2738 1284 1290 2746 2745 1289
10180 5 2 0 114 2740 1244 1243 2739 2747 1248 1247 2746
10181 5 2 0 114 1286 2740 2739 1285 1291 2747 2746 1290
10182 5 2 0 114 974 118 1244 2740 982 120 1248 2747
10183 5 2 0 114 140 974 2740 1286 142 982 2747 1291
10184 5 2 0 115 2745 1246 214 1292 2748 1249 215 1296
10185 5 2 0 115 1289 2745 1292 225 1293 2748 1296 226
10186 5 2 0 115 2746 1247 1246 2745 2749 1250 1249 2748
10187 5 2 0 115 1290 2746 2745 1289 1294 2749 2748 1293
10188 5 2 0 115 2747 1248 1247 2746 2750 1251 1250 2749
10189 5 2 0 115 1291 2747 2746 1290 1295 2750 2749 1294
10190 5 2 0 115 982 120 1248 2747 988 122 1251 2750
10191 5 2 0 115 142 982 2747 1291 144 988 2750 1295
10192 5 2 0 116 2748 1249 215 1296 2751 1252 216 1300
10193 5 2 0 116 1293 2748 1296 226 1297 2751 1300 227
10194 5 2 0 116 2749 1250 1249 2748 2752 1253 1252 2751
10195 5 2 0 116 1294 2749 2748 1293 1298 2752 2751 1297
10196 5 2 0 116 2750 1251 1250 2749 2753 1254 1253 2752
10197 5 2 0 116 1295 2750 2749 1294 1299 2753 2752 1298
10198 5 2 0 116 988 122 1251 2750 994 124 1254 2753
10199 5 2 0 116 144 988 2750 1295 146 994 2753 1299
10200 5 2 0 117 2751 1252 216 1300 2754 1255 217 1304
10201 5 2 0 117 1297 2751 1300 227 1301 2754 1304 228
10202 5 2 0 117 2752 1253 1252 2751 2755 1256 1255 2754
10203 5 2 0 117 1298 2752 2751 1297 1302 2755 2754 1301
10204 5 2 0 117 2753 1254 1253 2752 2756 1257 1256 2755
10205 5 2 0 117 1299 2753 2752 1298 1303 2756 2755 1302
10206 5 2 0 117 994 124 1254 2753 1000 126 1257 2756
10207 5 2 0 117 146 994 2753 1299 148 1000 2756 1303
10208 5 2 0 118 2754 1255 217 1304 3309 2712 1261 2763
10209 5 2 0 118 3309 2712 1261 2763 2757 1258 218 1308
10210 5 2 0 118 1301 2754 1304 228 2760 3309 2763 1309
10211 5 2 0 118 2760 3309 2763 1309 1305 2757 1308 229
10212 5 2 0 118 2755 1256 1255 2754 3310 2713 2712 3309
10213 5 2 0 118 3310 2713 2712 3309 2758 1259 1258 2757
10214 5 2 0 118 1302 2755 2754 1301 2761 3310 3309 2760
10215 5 2 0 118 2761 3310 3309 2760 1306 2758 2757 1305
10216 5 2 0 118 2756 1257 1256 2755 3311 2714 2713 3310
10217 5 2 0 118 3311 2714 2713 3310 2759 1260 1259 2758
10218 5 2 0 118 1303 2756 2755 1302 2762 3311 3310 2761
10219 5 2 0 118 2762 3311 3310 2761 1307 2759 2758 1306
10220 5 2 0 118 1000 126 1257 2756 2552 933 2714 3311
10221 5 2 0 118 2552 933 2714 3311 1006 128 1260 2759
10222 5 2 0 118 148 1000 2756 1303 1007 2552 3311 2762
10223 5 2 0 118 1007 2552 3311 2762 150 1006 2759 1307
10224 5 2 0 119 2757 1258 218 1308 2764 1262 219 1313
10225 5 2 0 119 1305 2757 1308 229 1310 2764 1313 230
10226 5 2 0 119 2758 1259 1258 2757 2765 1263 1262 2764
10227 5 2 0 119 1306 2758 2757 1305 1311 2765 2764 1310
10228 5 2 0 119 2759 1260 1259 2758 2766 1264 1263 2765
10229 5 2 0 119 1307 2759 2758 1306 1312 2766 2765 1311
10230 5 2 0 119 1006 128 1260 2759 1014 130 1264 2766
10231 5 2 0 119 150 1006 2759 1307 152 1014 2766 1312
10232 5 2 0 120 2764 1262 219 1313 3312 2715 1268 2776
10233 5 2 0 120 3312 2715 1268 2776 3313 2718 1269 2777
10234 5 2 0 120 3313 2718 1269 2777 2767 1265 220 1317
10235 5 2 0 120 1310 2764 1313 230 2770 3312 2776 1318
10236 5 2 0 120 2770 3312 2776 1318 2773 3313 2777 1319
10237 5 2 0 120 2773 3313 2777 1319 1314 2767 1317 231
10238 5 2 0 120 2765 1263 1262 2764 3314 2716 2715 3312
10239 5 2 0 120 3314 2716 2715 3312 3315 2719 2718 3313
10240 5 2 0 120 3315 2719 2718 3313 2768 1266 1265 2767
10241 5 2 0 120 1311 2765 2764 1310 2771 3314 3312 2770
10242 5 2 0 120 2771 3314 3312 2770 2774 3315 3313 2773
10243 5 2 0 120 2774 3315 3313 2773 1315 2768 2767 1314
10244 5 2 0 120 2766 1264 1263 2765 3316 2717 2716 3314
10245 5 2 0 120 3316 2717 2716 3314 3317 2720 2719 3315
10246 5 2 0 120 3317 2720 2719 3315 2769 1267 1266 2768
10247 5 2 0 120 1312 2766 2765 1311 2772 3316 3314 2771
10248 5 2 0 120 2772 3316 3314 2771 2775 3317 3315 2774
10249 5 2 0 120 2775 3317 3315 2774 1316 2769 2768 1315
10250 5 2 0 120 1014 130 1264 2766 2570 943 2717 3316
10251 5 2 0 120 2570 943 2717 3316 2571 944 2720 3317
10252 5 2 0 120 2571 944 2720 3317 1020 132 1267 2769
10253 5 2 0 120 152 1014 2766 1312 1021 2570 3316 2772
10254 5 2 0 120 1021 2570 3316 2772 1022 2571 3317 2775
10255 5 2 0 120 1022 2571 3317 2775 154 1020 2769 1316
10256 5 2 0 121 2778 1320 232 1328 3318 2786 1338 2802
10257 5 2 0 121 3318 2786 1338 2802 3319 2790 1339 2803
10258 5 2 0 121 3319 2790 1339 2803 2782 1329 234 1337
10259 5 2 0 121 1324 2778 1328 233 2794 3318 2802 1340
10260 5 2 0 121 2794 3318 2802 1340 2798 3319 2803 1341
10261 5 2 0 121 2798 3319 2803 1341 1333 2782 1337 235
10262 5 2 0 121 2779 1321 1320 2778 3320 2787 2786 3318
10263 5 2 0 121 3320 2787 2786 3318 3321 2791 2790 3319
10264 5 2 0 121 3321 2791 2790 3319 2783 1330 1329 2782
10265 5 2 0 121 1325 2779 2778 1324 2795 3320 3318 2794
10266 5 2 0 121 2795 3320 3318 2794 2799 3321 3319 2798
10267 5 2 0 121 2799 3321 3319 2798 1334 2783 2782 1333
10268 5 2 0 121 2780 1322 1321 2779 3322 2788 2787 3320
10269 5 2 0 121 3322 2788 2787 3320 3323 2792 2791 3321
10270 5 2 0 121 3323 2792 2791 3321 2784 1331 1330 2783
10271 5 2 0 121 1326 2780 2779 1325 2796 3322 3320 2795
10272 5 2 0 121 2796 3322 3320 2795 2800 3323 3321 2799
10273 5 2 0 121 2800 3323 3321 2799 1335 2784 2783 1334
10274 5 2 0 121 2781 1323 1322 2780 3324 2789 2788 3322
10275 5 2 0 121 3324 2789 2788 3322 3325 2793 2792 3323
10276 5 2 0 121 3325 2793 2792 3323 2785 1332 1331 2784
10277 5 2 0 121 1327 2781 2780 1326 2797 3324 3322 2796
10278 5 2 0 121 2797 3324 3322 2796 2801 3325 3323 2800
10279 5 2 0 121 2801 3325 3323 2800 1336 2785 2784 1335
10280 5 2 0 121 1031 155 1323 2781 2592 1039 2789 3324
10281 5 2 0 121 2592 1039 2789 3324 2593 1040 2793 3325
10282 5 2 0 121 2593 1040 2793 3325 1038 157 1332 2785
10283 5 2 0 121 156 1031 2781 1327 1041 2592 3324 2797
10284 5 2 0 121 1041 2592 3324 2797 1042 2593 3325 2801
10285 5 2 0 121 1042 2593 3325 2801 158 1038 2785 1336
10286 5 2 0 122 2782 1329 234 1337 2804 1342 236 1350
10287 5 2 0 122 1333 2782 1337 235 1346 2804 1350 237
10288 5 2 0 122 2783 1330 1329 2782 2805 1343 1342 2804
10289 5 2 0 122 1334 2783 2782 1333 1347 2805 2804 1346
10290 5 2 0 122 2784 1331 1330 2783 2806 1344 1343 2805
10291 5 2 0 122 1335 2784 2783 1334 1348 2806 2805 1347
10292 5 2 0 122 2785 1332 1331 2784 2807 1345 1344 2806
10293 5 2 0 122 1336 2785 2784 1335 1349 2807 2806 1348
10294 5 2 0 122 1038 157 1332 2785 1049 159 1345 2807
10295 5 2 0 122 158 1038 2785 1336 160 1049 2807 1349
10296 5 2 0 123 2804 1342 236 1350 3326 2812 1360 2820
10297 5 2 0 123 3326 2812 1360 2820 2808 1351 238 1359
10298 5 2 0 123 1346 2804 1350 237 2816 3326 2820 1361
10299 5 2 0 123 2816 3326 2820 1361 1355 2808 1359 239
10300 5 2 0 123 2805 1343 1342 2804 3327 2813 2812 3326
10301 5 2 0 123 3327 2813 2812 3326 2809 1352 1351 2808
10302 5 2 0 123 1347 2805 2804 1346 2817 3327 3326 2816
10303 5 2 0 123 2817 3327 3326 2816 1356 2809 2808 1355
10304 5 2 0 123 2806 1344 1343 2805 3328 2814 2813 3327
10305 5 2 0 123 3328 2814 2813 3327 2810 1353 1352 2809
10306 5 2 0 123 1348 2806 2805 1347 2818 3328 3327 2817
10307 5 2 0 123 2818 3328 3327 2817 1357 2810 2809 1356
10308 5 2 0 123 2807 1345 1344 2806 3329 2815 2814 3328
10309 5 2 0 123 3329 2815 2814 3328 2811 1354 1353 2810
10310 5 2 0 123 1349 2807 2806 1348 2819 3329 3328 2818
10311 5 2 0 123 2819 3329 3328 2818 1358 2811 2810 1357
10312 5 2 0 123 1049 159 1345 2807 2606 1057 2815 3329
10313 5 2 0 123 2606 1057 2815 3329 1056 161 1354 2811
10314 5 2 0 123 160 1049 2807 1349 1058 2606 3329 2819
10315 5 2 0 123 1058 2606 3329 2819 162 1056 2811 1358
10316 5 2 0 124 2808 1351 238 1359 2821 1362 240 1370
10317 5 2 0 124 1355 2808 1359 239 1366 2821 1370 241
10318 5 2 0 124 2809 1352 1351 2808 2822 1363 1362 2821
10319 5 2 0 124 1356 2809 2808 1355 1367 2822 2821 1366
10320 5 2 0 124 2810 1353 1352 2809 2823 1364 1363 2822
10321 5 2 0 124 1357 2810 2809 1356 1368 2823 2822 1367
10322 5 2 0 124 2811 1354 1353 2810 2824 1365 1364 2823
10323 5 2 0 124 1358 2811 2810 1357 1369 2824 2823 1368
10324 5 2 0 124 1056 161 1354 2811 1065 163 1365 2824
10325 5 2 0 124 162 1056 2811 1358 164 1065 2824 1369
10326 5 2 0 125 2821 1362 240 1370 2825 1371 242 1379
10327 5 2 0 125 1366 2821 1370 241 1375 2825 1379 243
10328 5 2 0 125 2822 1363 1362 2821 2826 1372 1371 2825
10329 5 2 0 125 1367 2822 2821 1366 1376 2826 2825 1375
10330 5 2 0 125 2823 1364 1363 2822 2827 1373 1372 2826
10331 5 2 0 125 1368 2823 2822 1367 1377 2827 2826 1376
10332 5 2 0 125 2824 1365 1364 2823 2828 1374 1373 2827
10333 5 2 0 125 1369 2824 2823 1368 1378 2828 2827 1377
10334 5 2 0 125 1065 163 1365 2824 1072 165 1374 2828
10335 5 2 0 125 164 1065 2824 1369 166 1072 2828 1378
10336 5 2 0 126 2825 1371 242 1379 2829 1380 244 1388
10337 5 2 0 126 1375 2825 1379 243 1384 2829 1388 245
10338 5 2 0 126 2826 1372 1371 2825 2830 1381 1380 2829
10339 5 2 0 126 1376 2826 2825 1375 1385 2830 2829 1384
10340 5 2 0 126 2827 1373 1372 2826 2831 1382 1381 2830
10341 5 2 0 126 1377 2827 2826 1376 1386 2831 2830 1385
10342 5 2 0 126 2828 1374 1373 2827 2832 1383 1382 2831
10343 5 2 0 126 1378 2828 2827 1377 1387 2832 2831 1386
10344 5 2 0 126 1072 165 1374 2828 1079 167 1383 2832
10345 5 2 0 126 166 1072 2828 1378 168 1079 2832 1387
10346 5 2 0 127 2829 1380 244 1388 2833 1389 246 1397
10347 5 2 0 127 1384 2829 1388 245 1393 2833 1397 247
10348 5 2 0 127 2830 1381 1380 2829 2834 1390 1389 2833
10349 5 2 0 127 1385 2830 2829 1384 1394 2834 2833 1393
10350 5 2 0 127 2831 1382 1381 2830 2835 1391 1390 2834
10351 5 2 0 127 1386 2831 2830 1385 1395 2835 2834 1394
10352 5 2 0 127 2832 1383 1382 2831 2836 1392 1391 2835
10353 5 2 0 127 1387 2832 2831 1386 1396 2836 2835 1395
10354 5 2 0 127 1079 167 1383 2832 1086 169 1392 2836
10355 5 2 0 127 168 1079 2832 1387 170 1086 2836 1396
10356 5 2 0 128 2833 1389 246 1397 3330 2841 1407 2849
10357 5 2 0 128 3330 2841 1407 2849 2837 1398 248 1406
10358 5 2 0 128 1393 2833 1397 247 2845 3330 2849 1408
10359 5 2 0 128 2845 3330 2849 1408 1402 2837 1406 249
10360 5 2 0 128 2834 1390 1389 2833 3331 2842 2841 3330
10361 5 2 0 128 3331 2842 2841 3330 2838 1399 1398 2837
10362 5 2 0 128 1394 2834 2833 1393 2846 3331 3330 2845
10363 5 2 0 128 2846 3331 3330 2845 1403 2838 2837 1402
10364 5 2 0 128 2835 1391 1390 2834 3332 2843 2842 3331
10365 5 2 0 128 3332 2843 2842 3331 2839 1400 1399 2838
10366 5 2 0 128 1395 2835 2834 1394 2847 3332 3331 2846
10367 5 2 0 128 2847 3332 3331 2846 1404 2839 2838 1403
10368 5 2 0 128 2836 1392 1391 2835 3333 2844 2843 3332
10369 5 2 0 128 3333 2844 2843 3332 2840 1401 1400 2839
10370 5 2 0 128 1396 2836 2835 1395 2848 3333 3332 2847
10371 5 2 0 128 2848 3333 3332 2847 1405 2840 2839 1404
10372 5 2 0 128 1086 169 1392 2836 2628 1094 2844 3333
10373 5 2 0 128 2628 1094 2844 3333 1093 171 1401 2840
10374 5 2 0 128 170 1086 2836 1396 1095 2628 3333 2848
10375 5 2 0 128 1095 2628 3333 2848 172 1093 2840 1405
10376 5 2 0 129 2837 1398 248 1406 2850 1409 250 1417
10377 5 2 0 129 1402 2837 1406 249 1413 2850 1417 251
10378 5 2 0 129 2838 1399 1398 2837 2851 1410 1409 2850
10379 5 2 0 129 1403 2838 2837 1402 1414 2851 2850 1413
10380 5 2 0 129 2839 1400 1399 2838 2852 1411 1410 2851
10381 5 2 0 129 1404 2839 2838 1403 1415 2852 2851 1414
10382 5 2 0 129 2840 1401 1400 2839 2853 1412 1411 2852
10383 5 2 0 129 1405 2840 2839 1404 1416 2853 2852 1415
10384 5 2 0 129 1093 171 1401 2840 1102 173 1412 2853
10385 5 2 0 129 172 1093 2840 1405 174 1102 2853 1416
10386 5 2 0 130 2850 1409 250 1417 3334 2858 1427 2874
10387 5 2 0 130 3334 2858 1427 2874 3335 2862 1428 2875
10388 5 2 0 130 3335 2862 1428 2875 2854 1418 252 1426
10389 5 2 0 130 1413 2850 1417 251 2866 3334 2874 1429
10390 5 2 0 130 2866 3334 2874 1429 2870 3335 2875 1430
10391 5 2 0 130 2870 3335 2875 1430 1422 2854 1426 253
10392 5 2 0 130 2851 1410 1409 2850 3336 2859 2858 3334
10393 5 2 0 130 3336 2859 2858 3334 3337 2863 2862 3335
10394 5 2 0 130 3337 2863 2862 3335 2855 1419 1418 2854
10395 5 2 0 130 1414 2851 2850 1413 2867 3336 3334 2866
10396 5 2 0 130 2867 3336 3334 2866 2871 3337 3335 2870
10397 5 2 0 130 2871 3337 3335 2870 1423 2855 2854 1422
10398 5 2 0 130 2852 1411 1410 2851 3338 2860 2859 3336
10399 5 2 0 130 3338 2860 2859 3336 3339 2864 2863 3337
10400 5 2 0 130 3339 2864 2863 3337 2856 1420 1419 2855
10401 5 2 0 130 1415 2852 2851 1414 2868 3338 3336 2867
10402 5 2 0 130 2868 3338 3336 2867 2872 3339 3337 2871
10403 5 2 0 130 2872 3339 3337 2871 1424 2856 2855 1423
10404 5 2 0 130 2853 1412 1411 2852 3340 2861 2860 3338
10405 5 2 0 130 3340 2861 2860 3338 3341 2865 2864 3339
10406 5 2 0 130 3341 2865 2864 3339 2857 1421 1420 2856
10407 5 2 0 130 1416 2853 2852 1415 2869 3340 3338 2868
10408 5 2 0 130 2869 3340 3338 2868 2873 3341 3339 2872
10409 5 2 0 130 2873 3341 3339 2872 1425 2857 2856 1424
10410 5 2 0 130 1102 173 1412 2853 2647 1110 2861 3340
10411 5 2 0 130 2647 1110 2861 3340 2648 1111 2865 3341
10412 5 2 0 130 2648 1111 2865 3341 1109 175 1421 2857
10413 5 2 0 130 174 1102 2853 1416 1112 2647 3340 2869
10414 5 2 0 130 1112 2647 3340 2869 1113 2648 3341 2873
10415 5 2 0 130 1113 2648 3341 2873 176 1109 2857 1425
10416 5 2 0 131 1431 1324 233 254 2876 2794 1340 1439
10417 5 2 0 131 2876 2794 1340 1439 2880 2798 1341 1440
10418 5 2 0 131 2880 2798 1341 1440 1435 1333 235 255
10419 5 2 0 131 1432 1325 1324 1431 2877 2795 2794 2876
10420 5 2 0 131 2877 2795 2794 2876 2881 2799 2798 2880
10421 5 2 0 131 2881 2799 2798 2880 1436 1334 1333 1435
10422 5 2 0 131 1433 1326 1325 1432 2878 2796 2795 2877
10423 5 2 0 131 2878 2796 2795 2877 2882 2800 2799 2881
10424 5 2 0 131 2882 2800 2799 2881 1437 1335 1334 1436
10425 5 2 0 131 1434 1327 1326 1433 2879 2797 2796 2878
10426 5 2 0 131 2879 2797 2796 2878 2883 2801 2800 2882
10427 5 2 0 131 2883 2801 2800 2882 1438 1336 1335 1437
10428 5 2 0 131 177 156 1327 1434 1120 1041 2797 2879
10429 5 2 0 131 1120 1041 2797 2879 1121 1042 2801 2883
10430 5 2 0 131 1121 1042 2801 2883 178 158 1336 1438
10431 5 2 0 132 1435 1333 235 255 1441 1346 237 256
10432 5 2 0 132 1436 1334 1333 1435 1442 1347 1346 1441
10433 5 2 0 132 1437 1335 1334 1436 1443 1348 1347 1442
10434 5 2 0 132 1438 1336 1335 1437 1444 1349 1348 1443
10435 5 2 0 132 178 158 1336 1438 179 160 1349 1444
10436 5 2 0 133 1441 1346 237 256 2884 2816 1361 1449
10437 5 2 0 133 2884 2816 1361 1449 1445 1355 239 257
10438 5 2 0 133 1442 1347 1346 1441 2885 2817 2816 2884
10439 5 2 0 133 2885 2817 2816 2884 1446 1356 1355 1445
10440 5 2 0 133 1443 1348 1347 1442 2886 2818 2817 2885
10441 5 2 0 133 2886 2818 2817 2885 1447 1357 1356 1446
10442 5 2 0 133 1444 1349 1348 1443 2887 2819 2818 2886
10443 5 2 0 133 2887 2819 2818 2886 1448 1358 1357 1447
10444 5 2 0 133 179 160 1349 1444 1128 1058 2819 2887
10445 5 2 0 133 1128 1058 2819 2887 180 162 1358 1448
10446 5 2 0 134 1445 1355 239 257 1450 1366 241 258
10447 5 2 0 134 1446 1356 1355 1445 1451 1367 1366 1450
10448 5 2 0 134 1447 1357 1356 1446 1452 1368 1367 1451
10449 5 2 0 134 1448 1358 1357 1447 1453 1369 1368 1452
10450 5 2 0 134 180 162 1358 1448 181 164 1369 1453
10451 5 2 0 135 1450 1366 241 258 1454 1375 243 259
10452 5 2 0 135 1451 1367 1366 1450 1455 1376 1375 1454
10453 5 2 0 135 1452 1368 1367 1451 1456 1377 1376 1455
10454 5 2 0 135 1453 1369 1368 1452 1457 1378 1377 1456
10455 5 2 0 135 181 164 1369 1453 182 166 1378 1457
10456 5 2 0 136 1454 1375 243 259 1458 1384 245 260
10457 5 2 0 136 1455 1376 1375 1454 1459 1385 1384 1458
10458 5 2 0 136 1456 1377 1376 1455 1460 1386 1385 1459
10459 5 2 0 136 1457 1378 1377 1456 1461 1387 1386 1460
10460 5 2 0 136 182 166 1378 1457 183 168 1387 1461
10461 5 2 0 137 1458 1384 245 260 1462 1393 247 261
10462 5 2 0 137 1459 1385 1384 1458 1463 1394 1393 1462
10463 5 2 0 137 1460 1386 1385 1459 1464 1395 1394 1463
10464 5 2 0 137 1461 1387 1386 1460 1465 1396 1395 1464
10465 5 2 0 137 183 168 1387 1461 184 170 1396 1465
10466 5 2 0 138 1462 1393 247 261 2888 2845 1408 1470
10467 5 2 0 138 2888 2845 1408 1470 1466 1402 249 262
10468 5 2 0 138 1463 1394 1393 1462 2889 2846 2845 2888
10469 5 2 0 138 2889 2846 2845 2888 1467 1403 1402 1466
10470 5 2 0 138 1464 1395 1394 1463 2890 2847 2846 2889
10471 5 2 0 138 2890 2847 2846 2889 1468 1404 1403 1467
10472 5 2 0 138 1465 1396 1395 1464 2891 2848 2847 2890
10473 5 2 0 138 2891 2848 2847 2890 1469 1405 1404 1468
10474 5 2 0 138 184 170 1396 1465 1144 1095 2848 2891
10475 5 2 0 138 1144 1095 2848 2891 185 172 1405 1469
10476 5 2 0 139 1466 1402 249 262 1471 1413 251 263
10477 5 2 0 139 1467 1403 1402 1466 1472 1414 1413 1471
10478 5 2 0 139 1468 1404 1403 1467 1473 1415 1414 1472
10479 5 2 0 139 1469 1405 1404 1468 1474 1416 1415 1473
10480 5 2 0 139 185 172 1405 1469 186 174 1416 1474
10481 5 2 0 140 1471 1413 251 263 2892 2866 1429 1479
10482 5 2 0 140 2892 2866 1429 1479 2896 2870 1430 1480
10483 5 2 0 140 2896 2870 1430 1480 1475 1422 253 264
10484 5 2 0 140 1472 1414 1413 1471 2893 2867 2866 2892
10485 5 2 0 140 2893 2867 2866 2892 2897 2871 2870 2896
10486 5 2 0 140 2897 2871 2870 2896 1476 1423 1422 1475
10487 5 2 0 140 1473 1415 1414 1472 2894 2868 2867 2893
10488 5 2 0 140 2894 2868 2867 2893 2898 2872 2871 2897
10489 5 2 0 140 2898 2872 2871 2897 1477 1424 1423 1476
10490 5 2 0 140 1474 1416 1415 1473 2895 2869 2868 2894
10491 5 2 0 140 2895 2869 2868 2894 2899 2873 2872 2898
10492 5 2 0 140 2899 2873 2872 2898 1478 1425 1424 1477
10493 5 2 0 140 186 174 1416 1474 1151 1112 2869 2895
10494 5 2 0 140 1151 1112 2869 2895 1152 1113 2873 2899
10495 5 2 0 140 1152 1113 2873 2899 187 176 1425 1478
10496 5 2 0 141 1481 1431 254 265 2900 2876 1439 1489
10497 5 2 0 141 2900 2876 1439 1489 2904 2880 1440 1490
10498 5 2 0 141 2904 2880 1440 1490 1485 1435 255 266
10499 5 2 0 141 1482 1432 1431 1481 2901 2877 2876 2900
10500 5 2 0 141 2901 2877 2876 2900 2905 2881 2880 2904
10501 5 2 0 141 2905 2881 2880 2904 1486 1436 1435 1485
10502 5 2 0 141 1483 1433 1432 1482 2902 2878 2877 2901
10503 5 2 0 141 2902 2878 2877 2901 2906 2882 2881 2905
10504 5 2 0 141 2906 2882 2881 2905 1487 1437 1436 1486
10505 5 2 0 141 1484 1434 1433 1483 2903 2879 2878 2902
10506 5 2 0 141 2903 2879 2878 2902 2907 2883 2882 2906
10507 5 2 0 141 2907 2883 2882 2906 1488 1438 1437 1487
10508 5 2 0 141 188 177 1434 1484 1159 1120 2879 2903
10509 5 2 0 141 1159 1120 2879 2903 1160 1121 2883 2907
10510 5 2 0 141 1160 1121 2883 2907 189 178 1438 1488
10511 5 2 0 142 1485 1435 255 266 1491 1441 256 267
10512 5 2 0 142 1486 1436 1435 1485 1492 1442 1441 1491
10513 5 2 0 142 1487 1437 1436 1486 1493 1443 1442 1492
10514 5 2 0 142 1488 1438 1437 1487 1494 1444 1443 1493
10515 5 2 0 142 189 178 1438 1488 190 179 1444 1494
10516 5 2 0 143 1491 1441 256 267 2908 2884 1449 1499
10517 5 2 0 143 2908 2884 1449 1499 1495 1445 257 268
10518 5 2 0 143 1492 1442 1441 1491 2909 2885 2884 2908
10519 5 2 0 143 2909 2885 2884 2908 1496 1446 1445 1495
10520 5 2 0 143 1493 1443 1442 1492 2910 2886 2885 2909
10521 5 2 0 143 2910 2886 2885 2909 1497 1447 1446 1496
10522 5 2 0 143 1494 1444 1443 1493 2911 2887 2886 2910
10523 5 2 0 143 2911 2887 2886 2910 1498 1448 1447 1497
10524 5 2 0 143 190 179 1444 1494 1167 1128 2887 2911
10525 5 2 0 143 1167 1128 2887 2911 191 180 1448 1498
10526 5 2 0 144 1495 1445 257 268 1500 1450 258 269
10527 5 2 0 144 1496 1446 1445 1495 1501 1451 1450 1500
10528 5 2 0 144 1497 1447 1446 1496 1502 1452 1451 1501
10529 5 2 0 144 1498 1448 1447 1497 1503 1453 1452 1502
10530 5 2 0 144 191 180 1448 1498 192 181 1453 1503
10531 5 2 0 145 1500 1450 258 269 1504 1454 259 270
10532 5 2 0 145 1501 1451 1450 1500 1505 1455 1454 1504
10533 5 2 0 145 1502 1452 1451 1501 1506 1456 1455 1505
10534 5 2 0 145 1503 1453 1452 1502 1507 1457 1456 1506
10535 5 2 0 145 192 181 1453 1503 193 182 1457 1507
10536 5 2 0 146 1504 1454 259 270 1508 1458 260 271
10537 5 2 0 146 1505 1455 1454 1504 1509 1459 1458 1508
10538 5 2 0 146 1506 1456 1455 1505 1510 1460 1459 1509
10539 5 2 0 146 1507 1457 1456 1506 1511 1461 1460 1510
10540 5 2 0 146 193 182 1457 1507 194 183 1461 1511
10541 5 2 0 147 1508 1458 260 271 1512 1462 261 272
10542 5 2 0 147 1509 1459 1458 1508 1513 1463 1462 1512
10543 5 2 0 147 1510 1460 1459 1509 1514 1464 1463 1513
10544 5 2 0 147 1511 1461 1460 1510 1515 1465 1464 1514
10545 5 2 0 147 194 183 1461 1511 195 184 1465 1515
10546 5 2 0 148 1512 1462 261 272 2912 2888 1470 1520
10547 5 2 0 148 2912 2888 1470 1520 1516 1466 262 273
10548 5 2 0 148 1513 1463 1462 1512 2913 2889 2888 2912
10549 5 2 0 148 2913 2889 2888 2912 1517 1467 1466 1516
10550 5 2 0 148 1514 1464 1463 1513 2914 2890 2889 2913
10551 5 2 0 148 2914 2890 2889 2913 1518 1468 1467 1517
10552 5 2 0 148 1515 1465 1464 1514 2915 2891 2890 2914
10553 5 2 0 148 2915 2891 2890 2914 1519 1469 1468 1518
10554 5 2 0 148 195 184 1465 1515 1183 1144 2891 2915
10555 5 2 0 148 1183 1144 2891 2915 196 185 1469 1519
10556 5 2 0 149 1516 1466 262 273 1521 1471 263 274
10557 5 2 0 149 1517 1467 1466 1516 1522 1472 1471 1521
10558 5 2 0 149 1518 1468 1467 1517 1523 1473 1472 1522
10559 5 2 0 149 1519 1469 1468 1518 1524 1474 1473 1523
10560 5 2 0 149 196 185 1469 1519 197 186 1474 1524
10561 5 2 0 150 1521 1471 263 274 2916 2892 1479 1529
10562 5 2 0 150 2916 2892 1479 1529 2920 2896 1480 1530
10563 5 2 0 150 2920 2896 1480 1530 1525 1475 264 275
10564 5 2 0 150 1522 1472 1471 1521 2917 2893 2892 2916
10565 5 2 0 150 2917 2893 2892 2916 2921 2897 2896 2920
10566 5 2 0 150 2921 2897 2896 2920 1526 1476 1475 1525
10567 5 2 0 150 1523 1473 1472 1522 2918 2894 2893 2917
10568 5 2 0 150 2918 2894 2893 2917 2922 2898 2897 2921
10569 5 2 0 150 2922 2898 2897 2921 1527 1477 1476 1526
10570 5 2 0 150 1524 1474 1473 1523 2919 2895 2894 2918
10571 5 2 0 150 2919 2895 2894 2918 2923 2899 2898 2922
10572 5 2 0 150 2923 2899 2898 2922 1528 1478 1477 1527
10573 5 2 0 150 197 186 1474 1524 1190 1151 2895 2919
10574 5 2 0 150 1190 1151 2895 2919 1191 1152 2899 2923
10575 5 2 0 150 1191 1152 2899 2923 198 187 1478 1528
10576 5 2 0 151 1531 1481 265 276 2924 2900 1489 1539
10577 5 2 0 151 2924 2900 1489 1539 2928 2904 1490 1540
10578 5 2 0 151 2928 2904 1490 1540 1535 1485 266 277
10579 5 2 0 151 1532 1482 1481 1531 2925 2901 2900 2924
10580 5 2 0 151 2925 2901 2900 2924 2929 2905 2904 2928
10581 5 2 0 151 2929 2905 2904 2928 1536 1486 1485 1535
10582 5 2 0 151 1533 1483 1482 1532 2926 2902 2901 2925
10583 5 2 0 151 2926 2902 2901 2925 2930 2906 2905 2929
10584 5 2 0 151 2930 2906 2905 2929 1537 1487 1486 1536
10585 5 2 0 151 1534 1484 1483 1533 2927 2903 2902 2926
10586 5 2 0 151 2927 2903 2902 2926 2931 2907 2906 2930
10587 5 2 0 151 2931 2907 2906 2930 1538 1488 1487 1537
10588 5 2 0 151 199 188 1484 1534 1198 1159 2903 2927
10589 5 2 0 151 1198 1159 2903 2927 1199 1160 2907 2931
10590 5 2 0 151 1199 1160 2907 2931 200 189 1488 1538
10591 5 2 0 152 1535 1485 266 277 1541 1491 267 278
10592 5 2 0 152 1536 1486 1485 1535 1542 1492 1491 1541
10593 5 2 0 152 1537 1487 1486 1536 1543 1493 1492 1542
10594 5 2 0 152 1538 1488 1487 1537 1544 1494 1493 1543
10595 5 2 0 152 200 189 1488 1538 201 190 1494 1544
10596 5 2 0 153 1541 1491 267 278 2932 2908 1499 1549
10597 5 2 0 153 2932 2908 1499 1549 1545 1495 268 279
10598 5 2 0 153 1542 1492 1491 1541 2933 2909 2908 2932
10599 5 2 0 153 2933 2909 2908 2932 1546 1496 1495 1545
10600 5 2 0 153 1543 1493 1492 1542 2934 2910 2909 2933
10601 5 2 0 153 2934 2910 2909 2933 1547 1497 1496 1546
10602 5 2 0 153 1544 1494 1493 1543 2935 2911 2910 2934
10603 5 2 0 153 2935 2911 2910 2934 1548 1498 1497 1547
10604 5 2 0 153 201 190 1494 1544 1206 1167 2911 2935
10605 5 2 0 153 1206 1167 2911 2935 202 191 1498 1548
10606 5 2 0 154 1545 1495 268 279 1550 1500 269 280
10607 5 2 0 154 1546 1496 1495 1545 1551 1501 1500 1550
10608 5 2 0 154 1547 1497 1496 1546 1552 1502 1501 1551
10609 5 2 0 154 1548 1498 1497 1547 1553 1503 1502 1552
10610 5 2 0 154 202 191 1498 1548 203 192 1503 1553
10611 5 2 0 155 1550 1500 269 280 1554 1504 270 281
10612 5 2 0 155 1551 1501 1500 1550 1555 1505 1504 1554
10613 5 2 0 155 1552 1502 1501 1551 1556 1506 1505 1555
10614 5 2 0 155 1553 1503 1502 1552 1557 1507 1506 1556
10615 5 2 0 155 203 192 1503 1553 204 193 1507 1557
10616 5 2 0 156 1554 1504 270 281 1558 1508 271 282
10617 5 2 0 156 1555 1505 1504 1554 1559 1509 1508 1558
10618 5 2 0 156 1556 1506 1505 1555 1560 1510 1509 1559
10619 5 2 0 156 1557 1507 1506 1556 1561 1511 1510 1560
10620 5 2 0 156 204 193 1507 1557 205 194 1511 1561
10621 5 2 0 157 1558 1508 271 282 1562 1512 272 283
10622 5 2 0 157 1559 1509 1508 1558 1563 1513 1512 1562
10623 5 2 0 157 1560 1510 1509 1559 1564 1514 1513 1563
10624 5 2 0 157 1561 1511 1510 1560 1565 1515 1514 1564
10625 5 2 0 157 205 194 1511 1561 206 195 1515 1565
10626 5 2 0 158 1562 1512 272 283 2936 2912 1520 1570
10627 5 2 0 158 2936 2912 1520 1570 1566 1516 273 284
10628 5 2 0 158 1563 1513 1512 1562 2937 2913 2912 2936
10629 5 2 0 158 2937 2913 2912 2936 1567 1517 1516 1566
10630 5 2 0 158 1564 1514 1513 1563 2938 2914 2913 2937
10631 5 2 0 158 2938 2914 2913 2937 1568 1518 1517 1567
10632 5 2 0 158 1565 1515 1514 1564 2939 2915 2914 2938
10633 5 2 0 158 2939 2915 2914 2938 1569 1519 1518 1568
10634 5 2 0 158 206 195 1515 1565 1222 1183 2915 2939
10635 5 2 0 158 1222 1183 2915 2939 207 196 1519 1569
10636 5 2 0 159 1566 1516 273 284 1571 1521 274 285
10637 5 2 0 159 1567 1517 1516 1566 1572 1522 1521 1571
10638 5 2 0 159 1568 1518 1517 1567 1573 1523 1522 1572
10639 5 2 0 159 1569 1519 1518 1568 1574 1524 1523 1573
10640 5 2 0 159 207 196 1519 1569 208 197 1524 1574
10641 5 2 0 160 1571 1521 274 285 2940 2916 1529 1579
10642 5 2 0 160 2940 2916 1529 1579 2944 2920 1530 1580
10643 5 2 0 160 2944 2920 1530 1580 1575 1525 275 286
10644 5 2 0 160 1572 1522 1521 1571 2941 2917 2916 2940
10645 5 2 0 160 2941 2917 2916 2940 2945 2921 2920 2944
10646 5 2 0 160 2945 2921 2920 2944 1576 1526 1525 1575
10647 5 2 0 160 1573 1523 1522 1572 2942 2918 2917 2941
10648 5 2 0 160 2942 2918 2917 2941 2946 2922 2921 2945
10649 5 2 0 160 2946 2922 2921 2945 1577 1527 1526 1576
10650 5 2 0 160 1574 1524 1523 1573 2943 2919 2918 2942
10651 5 2 0 160 2943 2919 2918 2942 2947 2923 2922 2946
10652 5 2 0 160 2947 2923 2922 2946 1578 1528 1527 1577
10653 5 2 0 160 208 197 1524 1574 1229 1190 2919 2943
10654 5 2 0 160 1229 1190 2919 2943 1230 1191 2923 2947
10655 5 2 0 160 1230 1191 2923 2947 209 198 1528 1578
10656 5 2 0 161 1581 1531 276 287 2948 2924 1539 1589
10657 5 2 0 161 2948 2924 1539 1589 2952 2928 1540 1590
10658 5 2 0 161 2952 2928 1540 1590 1585 1535 277 288
10659 5 2 0 161 1582 1532 1531 1581 2949 2925 2924 2948
10660 5 2 0 161 2949 2925 2924 2948 2953 2929 2928 2952
10661 5 2 0 161 2953 2929 2928 2952 1586 1536 1535 1585
10662 5 2 0 161 1583 1533 1532 1582 2950 2926 2925 2949
10663 5 2 0 161 2950 2926 2925 2949 2954 2930 2929 2953
10664 5 2 0 161 2954 2930 2929 2953 1587 1537 1536 1586
10665 5 2 0 161 1584 1534 1533 1583 2951 2927 2926 2950
10666 5 2 0 161 2951 2927 2926 2950 2955 2931 2930 2954
10667 5 2 0 161 2955 2931 2930 2954 1588 1538 1537 1587
10668 5 2 0 161 210 199 1534 1584 1237 1198 2927 2951
10669 5 2 0 161 1237 1198 2927 2951 1238 1199 2931 2955
10670 5 2 0 161 1238 1199 2931 2955 211 200 1538 1588
10671 5 2 0 162 1585 1535 277 288 1591 1541 278 289
10672 5 2 0 162 1586 1536 1535 1585 1592 1542 1541 1591
10673 5 2 0 162 1587 1537 1536 1586 1593 1543 1542 1592
10674 5 2 0 162 1588 1538 1537 1587 1594 1544 1543 1593
10675 5 2 0 162 211 200 1538 1588 212 201 1544 1594
10676 5 2 0 163 1591 1541 278 289 2956 2932 1549 1599
10677 5 2 0 163 2956 2932 1549 1599 1595 1545 279 290
10678 5 2 0 163 1592 1542 1541 1591 2957 2933 2932 2956
10679 5 2 0 163 2957 2933 2932 2956 1596 1546 1545 1595
10680 5 2 0 163 1593 1543 1542 1592 2958 2934 2933 2957
10681 5 2 0 163 2958 2934 2933 2957 1597 1547 1546 1596
10682 5 2 0 163 1594 1544 1543 1593 2959 2935 2934 2958
10683 5 2 0 163 2959 2935 2934 2958 1598 1548 1547 1597
10684 5 2 0 163 212 201 1544 1594 1245 1206 2935 2959
10685 5 2 0 163 1245 1206 2935 2959 213 202 1548 1598
10686 5 2 0 164 1595 1545 279 290 1600 1550 280 291
10687 5 2 0 164 1596 1546 1545 1595 1601 1551 1550 1600
10688 5 2 0 164 1597 1547 1546 1596 1602 1552 1551 1601
10689 5 2 0 164 1598 1548 1547 1597 1603 1553 1552 1602
10690 5 2 0 164 213 202 1548 1598 214 203 1553 1603
10691 5 2 0 165 1600 1550 280 291 1604 1554 281 292
10692 5 2 0 165 1601 1551 1550 1600 1605 1555 1554 1604
10693 5 2 0 165 1602 1552 1551 1601 1606 1556 1555 1605
10694 5 2 0 165 1603 1553 1552 1602 1607 1557 1556 1606
10695 5 2 0 165 214 203 1553 1603 215 204 1557 1607
10696 5 2 0 166 1604 1554 281 292 1608 1558 282 293
10697 5 2 0 166 1605 1555 1554 1604 1609 1559 1558 1608
10698 5 2 0 166 1606 1556 1555 1605 1610 1560 1559 1609
10699 5 2 0 166 1607 1557 1556 1606 1611 1561 1560 1610
10700 5 2 0 166 215 204 1557 1607 216 205 1561 1611
10701 5 2 0 167 1608 1558 282 293 1612 1562 283 294
10702 5 2 0 167 1609 1559 1558 1608 1613 1563 1562 1612
10703 5 2 0 167 1610 1560 1559 1609 1614 1564 1563 1613
10704 5 2 0 167 1611 1561 1560 1610 1615 1565 1564 1614
10705 5 2 0 167 216 205 1561 1611 217 206 1565 1615
10706 5 2 0 168 1612 1562 283 294 2960 2936 1570 1620
10707 5 2 0 168 2960 2936 1570 1620 1616 1566 284 295
10708 5 2 0 168 1613 1563 1562 1612 2961 2937 2936 2960
10709 5 2 0 168 2961 2937 2936 2960 1617 1567 1566 1616
10710 5 2 0 168 1614 1564 1563 1613 2962 2938 2937 2961
10711 5 2 0 168 2962 2938 2937 2961 1618 1568 1567 1617
10712 5 2 0 168 1615 1565 1564 1614 2963 2939 2938 2962
10713 5 2 0 168 2963 2939 2938 2962 1619 1569 1568 1618
10714 5 2 0 168 217 206 1565 1615 1261 1222 2939 2963
10715 5 2 0 168 1261 1222 2939 2963 218 207 1569 1619
10716 5 2 0 169 1616 1566 284 295 1621 1571 285 296
10717 5 2 0 169 1617 1567 1566 1616 1622 1572 1571 1621
10718 5 2 0 169 1618 1568 1567 1617 1623 1573 1572 1622
10719 5 2 0 169 1619 1569 1568 1618 1624 1574 1573 1623
10720 5 2 0 169 218 207 1569 1619 219 208 1574 1624
10721 5 2 0 170 1621 1571 285 296 2964 2940 1579 1629
10722 5 2 0 170 2964 2940 1579 1629 2968 2944 1580 1630
10723 5 2 0 170 2968 2944 1580 1630 1625 1575 286 297
10724 5 2 0 170 1622 1572 1571 1621 2965 2941 2940 2964
10725 5 2 0 170 2965 2941 2940 2964 2969 2945 2944 2968
10726 5 2 0 170 2969 2945 2944 2968 1626 1576 1575 1625
10727 5 2 0 170 1623 1573 1572 1622 2966 2942 2941 2965
10728 5 2 0 170 2966 2942 2941 2965 2970 2946 2945 2969
10729 5 2 0 170 2970 2946 2945 2969 1627 1577 1576 1626
10730 5 2 0 170 1624 1574 1573 1623 2967 2943 2942 2966
10731 5 2 0 170 2967 2943 2942 2966 2971 2947 2946 2970
10732 5 2 0 170 2971 2947 2946 2970 1628 1578 1577 1627
10733 5 2 0 170 219 208 1574 1624 1268 1229 2943 2967
10734 5 2 0 170 1268 1229 2943 2967 1269 1230 2947 2971
10735 5 2 0 170 1269 1230 2947 2971 220 209 1578 1628
10736 5 2 0 171 2972 1581 287 1635 3342 2948 1589 2988
10737 5 2 0 171 3342 2948 1589 2988 3343 2952 1590 2989
10738 5 2 0 171 3343 2952 1590 2989 2976 1585 288 1640
10739 5 2 0 171 1631 2972 1635 298 2980 3342 2988 1641
10740 5 2 0 171 2980 3342 2988 1641 2984 3343 2989 1642
10741 5 2 0 171 2984 3343 2989 1642 1636 2976 1640 299
10742 5 2 0 171 2973 1582 1581 2972 3344 2949 2948 3342
10743 5 2 0 171 3344 2949 2948 3342 3345 2953 2952 3343
10744 5 2 0 171 3345 2953 2952 3343 2977 1586 1585 2976
10745 5 2 0 171 1632 2973 2972 1631 2981 3344 3342 2980
10746 5 2 0 171 2981 3344 3342 2980 2985 3345 3343 2984
10747 5 2 0 171 2985 3345 3343 2984 1637 2977 2976 1636
10748 5 2 0 171 2974 1583 1582 2973 3346 2950 2949 3344
10749 5 2 0 171 3346 2950 2949 3344 3347 2954 2953 3345
10750 5 2 0 171 3347 2954 2953 3345 2978 1587 1586 2977
10751 5 2 0 171 1633 2974 2973 1632 2982 3346 3344 2981
10752 5 2 0 171 2982 3346 3344 2981 2986 3347 3345 2985
10753 5 2 0 171 2986 3347 3345 2985 1638 2978 2977 1637
10754 5 2 0 171 2975 1584 1583 2974 3348 2951 2950 3346
10755 5 2 0 171 3348 2951 2950 3346 3349 2955 2954 3347
10756 5 2 0 171 3349 2955 2954 3347 2979 1588 1587 2978
10757 5 2 0 171 1634 2975 2974 1633 2983 3348 3346 2982
10758 5 2 0 171 2983 3348 3346 2982 2987 3349 3347 2986
10759 5 2 0 171 2987 3349 3347 2986 1639 2979 2978 1638
10760 5 2 0 171 1273 210 1584 2975 2733 1237 2951 3348
10761 5 2 0 171 2733 1237 2951 3348 2734 1238 2955 3349
10762 5 2 0 171 2734 1238 2955 3349 1277 211 1588 2979
10763 5 2 0 171 221 1273 2975 1634 1278 2733 3348 2983
10764 5 2 0 171 1278 2733 3348 2983 1279 2734 3349 2987
10765 5 2 0 171 1279 2734 3349 2987 222 1277 2979 1639
10766 5 2 0 172 2976 1585 288 1640 2990 1591 289 1647
10767 5 2 0 172 1636 2976 1640 299 1643 2990 1647 300
10768 5 2 0 172 2977 1586 1585 2976 2991 1592 1591 2990
10769 5 2 0 172 1637 2977 2976 1636 1644 2991 2990 1643
10770 5 2 0 172 2978 1587 1586 2977 2992 1593 1592 2991
10771 5 2 0 172 1638 2978 2977 1637 1645 2992 2991 1644
10772 5 2 0 172 2979 1588 1587 2978 2993 1594 1593 2992
10773 5 2 0 172 1639 2979 2978 1638 1646 2993 2992 1645
10774 5 2 0 172 1277 211 1588 2979 1283 212 1594 2993
10775 5 2 0 172 222 1277 2979 1639 223 1283 2993 1646
10776 5 2 0 173 2990 1591 289 1647 3350 2956 1599 3002
10777 5 2 0 173 3350 2956 1599 3002 2994 1595 290 1652
10778 5 2 0 173 1643 2990 1647 300 2998 3350 3002 1653
10779 5 2 0 173 2998 3350 3002 1653 1648 2994 1652 301
10780 5 2 0 173 2991 1592 1591 2990 3351 2957 2956 3350
10781 5 2 0 173 3351 2957 2956 3350 2995 1596 1595 2994
10782 5 2 0 173 1644 2991 2990 1643 2999 3351 3350 2998
10783 5 2 0 173 2999 3351 3350 2998 1649 2995 2994 1648
10784 5 2 0 173 2992 1593 1592 2991 3352 2958 2957 3351
10785 5 2 0 173 3352 2958 2957 3351 2996 1597 1596 2995
10786 5 2 0 173 1645 2992 2991 1644 3000 3352 3351 2999
10787 5 2 0 173 3000 3352 3351 2999 1650 2996 2995 1649
10788 5 2 0 173 2993 1594 1593 2992 3353 2959 2958 3352
10789 5 2 0 173 3353 2959 2958 3352 2997 1598 1597 2996
10790 5 2 0 173 1646 2993 2992 1645 3001 3353 3352 3000
10791 5 2 0 173 3001 3353 3352 3000 1651 2997 2996 1650
10792 5 2 0 173 1283 212 1594 2993 2744 1245 2959 3353
10793 5 2 0 173 2744 1245 2959 3353 1287 213 1598 2997
10794 5 2 0 173 223 1283 2993 1646 1288 2744 3353 3001
10795 5 2 0 173 1288 2744 3353 3001 224 1287 2997 1651
10796 5 2 0 174 2994 1595 290 1652 3003 1600 291 1658
10797 5 2 0 174 1648 2994 1652 301 1654 3003 1658 302
10798 5 2 0 174 2995 1596 1595 2994 3004 1601 1600 3003
10799 5 2 0 174 1649 2995 2994 1648 1655 3004 3003 1654
10800 5 2 0 174 2996 1597 1596 2995 3005 1602 1601 3004
10801 5 2 0 174 1650 2996 2995 1649 1656 3005 3004 1655
10802 5 2 0 174 2997 1598 1597 2996 3006 1603 1602 3005
10803 5 2 0 174 1651 2997 2996 1650 1657 3006 3005 1656
10804 5 2 0 174 1287 213 1598 2997 1292 214 1603 3006
10805 5 2 0 174 224 1287 2997 1651 225 1292 3006 1657
10806 5 2 0 175 3003 1600 291 1658 3007 1604 292 1663
10807 5 2 0 175 1654 3003 1658 302 1659 3007 1663 303
10808 5 2 0 175 3004 1601 1600 3003 3008 1605 1604 3007
10809 5 2 0 175 1655 3004 3003 1654 1660 3008 3007 1659
10810 5 2 0 175 3005 1602 1601 3004 3009 1606 1605 3008
10811 5 2 0 175 1656 3005 3004 1655 1661 3009 3008 1660
10812 5 2 0 175 3006 1603 1602 3005 3010 1607 1606 3009
10813 5 2 0 175 1657 3006 3005 1656 1662 3010 3009 1661
10814 5 2 0 175 1292 214 1603 3006 1296 215 1607 3010
10815 5 2 0 175 225 1292 3006 1657 226 1296 3010 1662
10816 5 2 0 176 3007 1604 292 1663 3011 1608 293 1668
10817 5 2 0 176 1659 3007 1663 303 1664 3011 1668 304
10818 5 2 0 176 3008 1605 1604 3007 3012 1609 1608 3011
10819 5 2 0 176 1660 3008 3007 1659 1665 3012 3011 1664
10820 5 2 0 176 3009 1606 1605 3008 3013 1610 1609 3012
10821 5 2 0 176 1661 3009 3008 1660 1666 3013 3012 1665
10822 5 2 0 176 3010 1607 1606 3009 3014 1611 1610 3013
10823 5 2 0 176 1662 3010 3009 1661 1667 3014 3013 1666
10824 5 2 0 176 1296 215 1607 3010 1300 216 1611 3014
10825 5 2 0 176 226 1296 3010 1662 227 1300 3014 1667
10826 5 2 0 177 3011 1608 293 1668 3015 1612 294 1673
10827 5 2 0 177 1664 3011 1668 304 1669 3015 1673 305
10828 5 2 0 177 3012 1609 1608 3011 3016 1613 1612 3015
10829 5 2 0 177 1665 3012 3011 1664 1670 3016 3015 1669
10830 5 2 0 177 3013 1610 1609 3012 3017 1614 1613 3016
10831 5 2 0 177 1666 3013 3012 1665 1671 3017 3016 1670
10832 5 2 0 177 3014 1611 1610 3013 3018 1615 1614 3017
10833 5 2 0 177 1667 3014 3013 1666 1672 3018 3017 1671
10834 5 2 0 177 1300 216 1611 3014 1304 217 1615 3018
10835 5 2 0 177 227 1300 3014 1667 228 1304 3018 1672
10836 5 2 0 178 3015 1612 294 1673 3354 2960 1620 3027
10837 5 2 0 178 3354 2960 1620 3027 3019 1616 295 1678
10838 5 2 0 178 1669 3015 1673 305 3023 3354 3027 1679
10839 5 2 0 178 3023 3354 3027 1679 1674 3019 1678 306
10840 5 2 0 178 3016 1613 1612 3015 3355 2961 2960 3354
10841 5 2 0 178 3355 2961 2960 3354 3020 1617 1616 3019
10842 5 2 0 178 1670 3016 3015 1669 3024 3355 3354 3023
10843 5 2 0 178 3024 3355 3354 3023 1675 3020 3019 1674
10844 5 2 0 178 3017 1614 1613 3016 3356 2962 2961 3355
10845 5 2 0 178 3356 2962 2961 3355 3021 1618 1617 3020
10846 5 2 0 178 1671 3017 3016 1670 3025 3356 3355 3024
10847 5 2 0 178 3025 3356 3355 3024 1676 3021 3020 1675
10848 5 2 0 178 3018 1615 1614 3017 3357 2963 2962 3356
10849 5 2 0 178 3357 2963 2962 3356 3022 1619 1618 3021
10850 5 2 0 178 1672 3018 3017 1671 3026 3357 3356 3025
10851 5 2 0 178 3026 3357 3356 3025 1677 3022 3021 1676
10852 5 2 0 178 1304 217 1615 3018 2763 1261 2963 3357
10853 5 2 0 178 2763 1261 2963 3357 1308 218 1619 3022
10854 5 2 0 178 228 1304 3018 1672 1309 2763 3357 3026
10855 5 2 0 178 1309 2763 3357 3026 229 1308 3022 1677
10856 5 2 0 179 3019 1616 295 1678 3028 1621 296 1684
10857 5 2 0 179 1674 3019 1678 306 1680 3028 1684 307
10858 5 2 0 179 3020 1617 1616 3019 3029 1622 1621 3028
10859 5 2 0 179 1675 3020 3019 1674 1681 3029 3028 1680
10860 5 2 0 179 3021 1618 1617 3020 3030 1623 1622 3029
10861 5 2 0 179 1676 3021 3020 1675 1682 3030 3029 1681
10862 5 2 0 179 3022 1619 1618 3021 3031 1624 1623 3030
10863 5 2 0 179 1677 3022 3021 1676 1683 3031 3030 1682
10864 5 2 0 179 1308 218 1619 3022 1313 219 1624 3031
10865 5 2 0 179 229 1308 3022 1677 230 1313 3031 1683
10866 5 2 0 180 3028 1621 296 1684 3358 2964 1629 3044
10867 5 2 0 180 3358 2964 1629 3044 3359 2968 1630 3045
10868 5 2 0 180 3359 2968 1630 3045 3032 1625 297 1689
10869 5 2 0 180 1680 3028 1684 307 3036 3358 3044 1690
10870 5 2 0 180 3036 3358 3044 1690 3040 3359 3045 1691
10871 5 2 0 180 3040 3359 3045 1691 1685 3032 1689 308
10872 5 2 0 180 3029 1622 1621 3028 3360 2965 2964 3358
10873 5 2 0 180 3360 2965 2964 3358 3361 2969 2968 3359
10874 5 2 0 180 3361 2969 2968 3359 3033 1626 1625 3032
10875 5 2 0 180 1681 3029 3028 1680 3037 3360 3358 3036
10876 5 2 0 180 3037 3360 3358 3036 3041 3361 3359 3040
10877 5 2 0 180 3041 3361 3359 3040 1686 3033 3032 1685
10878 5 2 0 180 3030 1623 1622 3029 3362 2966 2965 3360
10879 5 2 0 180 3362 2966 2965 3360 3363 2970 2969 3361
10880 5 2 0 180 3363 2970 2969 3361 3034 1627 1626 3033
10881 5 2 0 180 1682 3030 3029 1681 3038 3362 3360 3037
10882 5 2 0 180 3038 3362 3360 3037 3042 3363 3361 3041
10883 5 2 0 180 3042 3363 3361 3041 1687 3034 3033 1686
10884 5 2 0 180 3031 1624 1623 3030 3364 2967 2966 3362
10885 5 2 0 180 3364 2967 2966 3362 3365 2971 2970 3363
10886 5 2 0 180 3365 2971 2970 3363 3035 1628 1627 3034
10887 5 2 0 180 1683 3031 3030 1682 3039 3364 3362 3038
10888 5 2 0 180 3039 3364 3362 3038 3043 3365 3363 3042
10889 5 2 0 180 3043 3365 3363 3042 1688 3035 3034 1687
10890 5 2 0 180 1313 219 1624 3031 2776 1268 2967 3364
10891 5 2 0 180 2776 1268 2967 3364 2777 1269 2971 3365
10892 5 2 0 180 2777 1269 2971 3365 1317 220 1628 3035
10893 5 2 0 180 230 1313 3031 1683 1318 2776 3364 3039
10894 5 2 0 180 1318 2776 3364 3039 1319 2777 3365 3043
10895 5 2 0 180 1319 2777 3365 3043 231 1317 3035 1688
10896 5 2 0 181 232 1328 2802 1338 309 1692 3046 1696
10897 5 2 0 181 1338 2802 2803 1339 1696 3046 3047 1697
10898 5 2 0 181 1339 2803 1337 234 1697 3047 1695 312
10899 5 2 0 181 1328 233 1340 2802 1692 310 1693 3046
10900 5 2 0 181 2802 1340 1341 2803 3046 1693 1694 3047
10901 5 2 0 181 2803 1341 235 1337 3047 1694 311 1695
10902 5 2 0 182 234 1337 1350 236 312 1695 1698 314
10903 5 2 0 182 1337 235 237 1350 1695 311 313 1698
10904 5 2 0 183 236 1350 2820 1360 314 1698 3048 1701
10905 5 2 0 183 1360 2820 1359 238 1701 3048 1700 316
10906 5 2 0 183 1350 237 1361 2820 1698 313 1699 3048
10907 5 2 0 183 2820 1361 239 1359 3048 1699 315 1700
10908 5 2 0 184 238 1359 1370 240 316 1700 1702 318
10909 5 2 0 184 1359 239 241 1370 1700 315 317 1702
10910 5 2 0 185 240 1370 1379 242 318 1702 1703 320
10911 5 2 0 185 1370 241 243 1379 1702 317 319 1703
10912 5 2 0 186 242 1379 1388 244 320 1703 1704 322
10913 5 2 0 186 1379 243 245 1388 1703 319 321 1704
10914 5 2 0 187 244 1388 1397 246 322 1704 1705 324
10915 5 2 0 187 1388 245 247 1397 1704 321 323 1705
10916 5 2 0 188 246 1397 2849 1407 324 1705 3049 1708
10917 5 2 0 188 1407 2849 1406 248 1708 3049 1707 326
10918 5 2 0 188 1397 247 1408 2849 1705 323 1706 3049
10919 5 2 0 188 2849 1408 249 1406 3049 1706 325 1707
10920 5 2 0 189 248 1406 1417 250 326 1707 1709 328
10921 5 2 0 189 1406 249 251 1417 1707 325 327 1709
10922 5 2 0 190 250 1417 2874 1427 328 1709 3050 1713
10923 5 2 0 190 1427 2874 2875 1428 1713 3050 3051 1714
10924 5 2 0 190 1428 2875 1426 252 1714 3051 1712 330
10925 5 2 0 190 1417 251 1429 2874 1709 327 1710 3050
10926 5 2 0 190 2874 1429 1430 2875 3050 1710 1711 3051
10927 5 2 0 190 2875 1430 253 1426 3051 1711 329 1712
10928 5 2 0 191 233 254 1439 1340 310 331 1715 1693
10929 5 2 0 191 1340 1439 1440 1341 1693 1715 1716 1694
10930 5 2 0 191 1341 1440 255 235 1694 1716 332 311
10931 5 2 0 192 235 255 256 237 311 332 333 313
10932 5 2 0 193 237 256 1449 1361 313 333 1717 1699
10933 5 2 0 193 1361 1449 257 239 1699 1717 334 315
10934 5 2 0 194 239 257 258 241 315 334 335 317
10935 5 2 0 195 241 258 259 243 317 335 336 319
10936 5 2 0 196 243 259 260 245 319 336 337 321
10937 5 2 0 197 245 260 261 247 321 337 338 323
10938 5 2 0 198 247 261 1470 1408 323 338 1718 1706
10939 5 2 0 198 1408 1470 262 249 1706 1718 339 325
10940 5 2 0 199 249 262 263 251 325 339 340 327
10941 5 2 0 200 251 263 1479 1429 327 340 1719 1710
10942 5 2 0 200 1429 1479 1480 1430 1710 1719 1720 1711
10943 5 2 0 200 1430 1480 264 253 1711 1720 341 329
10944 5 2 0 201 254 265 1489 1439 331 342 1721 1715
10945 5 2 0 201 1439 1489 1490 1440 1715 1721 1722 1716
10946 5 2 0 201 1440 1490 266 255 1716 1722 343 332
10947 5 2 0 202 255 266 267 256 332 343 344 333
10948 5 2 0 203 256 267 1499 1449 333 344 1723 1717
10949 5 2 0 203 1449 1499 268 257 1717 1723 345 334
10950 5 2 0 204 257 268 269 258 334 345 346 335
10951 5 2 0 205 258 269 270 259 335 346 347 336
10952 5 2 0 206 259 270 271 260 336 347 348 337
10953 5 2 0 207 260 271 272 261 337 348 349 338
10954 5 2 0 208 261 272 1520 1470 338 349 1724 1718
10955 5 2 0 208 1470 1520 273 262 1718 1724 350 339
10956 5 2 0 209 262 273 274 263 339 350 351 340
10957 5 2 0 210 263 274 1529 1479 340 351 1725 1719
10958 5 2 0 210 1479 1529 1530 1480 1719 1725 1726 1720
10959 5 2 0 210 1480 1530 275 264 1720 1726 352 341
10960 5 2 0 211 265 276 1539 1489 342 353 1727 1721
10961 5 2 0 211 1489 1539 1540 1490 1721 1727 1728 1722
10962 5 2 0 211 1490 1540 277 266 1722 1728 354 343
10963 5 2 0 212 266 277 278 267 343 354 355 344
10964 5 2 0 213 267 278 1549 1499 344 355 1729 1723
10965 5 2 0 213 1499 1549 279 268 1723 1729 356 345
10966 5 2 0 214 268 279 280 269 345 356 357 346
10967 5 2 0 215 269 280 281 270 346 357 358 347
10968 5 2 0 216 270 281 282 271 347 358 359 348
10969 5 2 0 217 271 282 283 272 348 359 360 349
10970 5 2 0 218 272 283 1570 1520 349 360 1730 1724
10971 5 2 0 218 1520 1570 284 273 1724 1730 361 350
10972 5 2 0 219 273 284 285 274 350 361 362 351
10973 5 2 0 220 274 285 1579 1529 351 362 1731 1725
10974 5 2 0 220 1529 1579 1580 1530 1725 1731 1732 1726
10975 5 2 0 220 1530 1580 286 275 1726 1732 363 352
10976 5 2 0 221 276 287 1589 1539 353 364 1733 1727
10977 5 2 0 221 1539 1589 1590 1540 1727 1733 1734 1728
10978 5 2 0 221 1540 1590 288 277 1728 1734 365 354
10979 5 2 0 222 277 288 289 278 354 365 366 355
10980 5 2 0 223 278 289 1599 1549 355 366 1735 1729
10981 5 2 0 223 1549 1599 290 279 1729 1735 367 356
10982 5 2 0 224 279 290 291 280 356 367 368 357
10983 5 2 0 225 280 291 292 281 357 368 369 358
10984 5 2 0 226 281 292 293 282 358 369 370 359
10985 5 2 0 227 282 293 294 283 359 370 371 360
10986 5 2 0 228 283 294 1620 1570 360 371 1736 1730
10987 5 2 0 228 1570 1620 295 284 1730 1736 372 361
10988 5 2 0 229 284 295 296 285 361 372 373 362
10989 5 2 0 230 285 296 1629 1579 362 373 1737 1731
10990 5 2 0 230 1579 1629 1630 1580 1731 1737 1738 1732
10991 5 2 0 230 1580 1630 297 286 1732 1738 374 363
10992 5 2 0 231 287 1635 2988 1589 364 1739 3052 1733
10993 5 2 0 231 1589 2988 2989 1590 1733 3052 3053 1734
10994 5 2 0 231 1590 2989 1640 288 1734 3053 1742 365
10995 5 2 0 231 1635 298 1641 2988 1739 375 1740 3052
10996 5 2 0 231 2988 1641 1642 2989 3052 1740 1741 3053
10997 5 2 0 231 2989 1642 299 1640 3053 1741 376 1742
10998 5 2 0 232 288 1640 1647 289 365 1742 1743 366
10999 5 2 0 232 1640 299 300 1647 1742 376 377 1743
11000 5 2 0 233 289 1647 3002 1599 366 1743 3054 1735
11001 5 2 0 233 1599 3002 1652 290 1735 3054 1745 367
11002 5 2 0 233 1647 300 1653 3002 1743 377 1744 3054
11003 5 2 0 233 3002 1653 301 1652 3054 1744 378 1745
11004 5 2 0 234 290 1652 1658 291 367 1745 1746 368
11005 5 2 0 234 1652 301 302 1658 1745 378 379 1746
11006 5 2 0 235 291 1658 1663 292 368 1746 1747 369
11007 5 2 0 235 1658 302 303 1663 1746 379 380 1747
11008 5 2 0 236 292 1663 1668 293 369 1747 1748 370
11009 5 2 0 236 1663 303 304 1668 1747 380 381 1748
11010 5 2 0 237 293 1668 1673 294 370 1748 1749 371
11011 5 2 0 237 1668 304 305 1673 1748 381 382 1749
11012 5 2 0 238 294 1673 3027 1620 371 1749 3055 1736
11013 5 2 0 238 1620 3027 1678 295 1736 3055 1751 372
11014 5 2 0 238 1673 305 1679 3027 1749 382 1750 3055
11015 5 2 0 238 3027 1679 306 1678 3055 1750 383 1751
11016 5 2 0 239 295 1678 1684 296 372 1751 1752 373
11017 5 2 0 239 1678 306 307 1684 1751 383 384 1752
11018 5 2 0 240 296 1684 3044 1629 373 1752 3056 1737
11019 5 2 0 240 1629 3044 3045 1630 1737 3056 3057 1738
11020 5 2 0 240 1630 3045 1689 297 1738 3057 1755 374
11021 5 2 0 240 1684 307 1690 3044 1752 384 1753 3056
11022 5 2 0 240 3044 1690 1691 3045 3056 1753 1754 3057
11023 5 2 0 240 3045 1691 308 1689 3057 1754 385 1755
11024 5 2 0 241 1 589 2294 598 386 1756 3058 1765
11025 5 2 0 241 598 2294 594 4 1765 3058 1761 389
11026 5 2 0 241 589 590 2295 2294 1756 1757 3059 3058
11027 5 2 0 241 2294 2295 595 594 3058 3059 1762 1761
11028 5 2 0 241 590 591 2296 2295 1757 1758 3060 3059
11029 5 2 0 241 2295 2296 596 595 3059 3060 1763 1762
11030 5 2 0 241 591 592 2297 2296 1758 1759 3061 3060
11031 5 2 0 241 2296 2297 597 596 3060 3061 1764 1763
11032 5 2 0 241 592 2 593 2297 1759 387 1760 3061
11033 5 2 0 241 2297 593 3 597 3061 1760 388 1764
11034 5 2 0 242 4 594 723 46 389 1761 1766 391
11035 5 2 0 242 594 595 724 723 1761 1762 1767 1766
11036 5 2 0 242 595 596 725 724 1762 1763 1768 1767
11037 5 2 0 242 596 597 726 725 1763 1764 1769 1768
11038 5 2 0 242 597 3 45 726 1764 388 390 1769
11039 5 2 0 243 46 723 779 68 391 1766 1770 393
11040 5 2 0 243 723 724 780 779 1766 1767 1771 1770
11041 5 2 0 243 724 725 781 780 1767 1768 1772 1771
11042 5 2 0 243 725 726 782 781 1768 1769 1773 1772
11043 5 2 0 243 726 45 67 782 1769 390 392 1773
11044 5 2 0 244 68 779 835 90 393 1770 1774 395
11045 5 2 0 244 779 780 836 835 1770 1771 1775 1774
11046 5 2 0 244 780 781 837 836 1771 1772 1776 1775
11047 5 2 0 244 781 782 838 837 1772 1773 1777 1776
11048 5 2 0 244 782 67 89 838 1773 392 394 1777
11049 5 2 0 245 90 835 891 112 395 1774 1778 397
11050 5 2 0 245 835 836 892 891 1774 1775 1779 1778
11051 5 2 0 245 836 837 893 892 1775 1776 1780 1779
11052 5 2 0 245 837 838 894 893 1776 1777 1781 1780
11053 5 2 0 245 838 89 111 894 1777 394 396 1781
11054 5 2 0 246 112 891 2494 952 397 1778 3062 1787
11055 5 2 0 246 952 2494 948 134 1787 3062 1783 399
11056 5 2 0 246 891 892 2495 2494 1778 1779 3063 3062
11057 5 2 0 246 2494 2495 949 948 3062 3063 1784 1783
11058 5 2 0 246 892 893 2496 2495 1779 1780 3064 3063
11059 5 2 0 246 2495 2496 950 949 3063 3064 1785 1784
11060 5 2 0 246 893 894 2497 2496 1780 1781 3065 3064
11061 5 2 0 246 2496 2497 951 950 3064 3065 1786 1785
11062 5 2 0 246 894 111 947 2497 1781 396 1782 3065
11063 5 2 0 246 2497 947 133 951 3065 1782 398 1786
11064 5 2 0 247 155 1025 2574 1031 400 1788 3066 1794
11065 5 2 0 247 1031 2574 1028 156 1794 3066 1791 401
11066 5 2 0 247 1025 1026 2575 2574 1788 1789 3067 3066
11067 5 2 0 247 2574 2575 1029 1028 3066 3067 1792 1791
11068 5 2 0 247 1026 1027 2576 2575 1789 1790 3068 3067
11069 5 2 0 247 2575 2576 1030 1029 3067 3068 1793 1792
11070 5 2 0 247 1027 1 598 2576 1790 386 1765 3068
11071 5 2 0 247 2576 598 4 1030 3068 1765 389 1793
11072 5 2 0 248 156 1028 1114 177 401 1791 1795 402
11073 5 2 0 248 1028 1029 1115 1114 1791 1792 1796 1795
11074 5 2 0 248 1029 1030 1116 1115 1792 1793 1797 1796
11075 5 2 0 248 1030 4 46 1116 1793 389 391 1797
11076 5 2 0 249 177 1114 1153 188 402 1795 1798 403
11077 5 2 0 249 1114 1115 1154 1153 1795 1796 1799 1798
11078 5 2 0 249 1115 1116 1155 1154 1796 1797 1800 1799
11079 5 2 0 249 1116 46 68 1155 1797 391 393 1800
11080 5 2 0 250 188 1153 1192 199 403 1798 1801 404
11081 5 2 0 250 1153 1154 1193 1192 1798 1799 1802 1801
11082 5 2 0 250 1154 1155 1194 1193 1799 1800 1803 1802
11083 5 2 0 250 1155 68 90 1194 1800 393 395 1803
11084 5 2 0 251 199 1192 1231 210 404 1801 1804 405
11085 5 2 0 251 1192 1193 1232 1231 1801 1802 1805 1804
11086 5 2 0 251 1193 1194 1233 1232 1802 1803 1806 1805
11087 5 2 0 251 1194 90 112 1233 1803 395 397 1806
11088 5 2 0 252 210 1231 2721 1273 405 1804 3069 1810
11089 5 2 0 252 1273 2721 1270 221 1810 3069 1807 406
11090 5 2 0 252 1231 1232 2722 2721 1804 1805 3070 3069
11091 5 2 0 252 2721 2722 1271 1270 3069 3070 1808 1807
11092 5 2 0 252 1232 1233 2723 2722 1805 1806 3071 3070
11093 5 2 0 252 2722 2723 1272 1271 3070 3071 1809 1808
11094 5 2 0 252 1233 112 952 2723 1806 397 1787 3071
11095 5 2 0 252 2723 952 134 1272 3071 1787 399 1809
11096 5 2 0 253 232 1320 2778 1328 482 2004 3114 2012
11097 5 2 0 253 1328 2778 1324 233 2012 3114 2008 483
11098 5 2 0 253 1320 1321 2779 2778 2004 2005 3115 3114
11099 5 2 0 253 2778 2779 1325 1324 3114 3115 2009 2008
11100 5 2 0 253 1321 1322 2780 2779 2005 2006 3116 3115
11101 5 2 0 253 2779 2780 1326 1325 3115 3116 2010 2009
11102 5 2 0 253 1322 1323 2781 2780 2006 2007 3117 3116
11103 5 2 0 253 2780 2781 1327 1326 3116 3117 2011 2010
11104 5 2 0 253 1323 155 1031 2781 2007 400 1794 3117
11105 5 2 0 253 2781 1031 156 1327 3117 1794 401 2011
11106 5 2 0 254 233 1324 1431 254 483 2008 2013 484
11107 5 2 0 254 1324 1325 1432 1431 2008 2009 2014 2013
11108 5 2 0 254 1325 1326 1433 1432 2009 2010 2015 2014
11109 5 2 0 254 1326 1327 1434 1433 2010 2011 2016 2015
11110 5 2 0 254 1327 156 177 1434 2011 401 402 2016
11111 5 2 0 255 254 1431 1481 265 484 2013 2017 485
11112 5 2 0 255 1431 1432 1482 1481 2013 2014 2018 2017
11113 5 2 0 255 1432 1433 1483 1482 2014 2015 2019 2018
11114 5 2 0 255 1433 1434 1484 1483 2015 2016 2020 2019
11115 5 2 0 255 1434 177 188 1484 2016 402 403 2020
11116 5 2 0 256 265 1481 1531 276 485 2017 2021 486
11117 5 2 0 256 1481 1482 1532 1531 2017 2018 2022 2021
11118 5 2 0 256 1482 1483 1533 1532 2018 2019 2023 2022
11119 5 2 0 256 1483 1484 1534 1533 2019 2020 2024 2023
11120 5 2 0 256 1484 188 199 1534 2020 403 404 2024
11121 5 2 0 257 276 1531 1581 287 486 2021 2025 487
11122 5 2 0 257 1531 1532 1582 1581 2021 2022 2026 2025
11123 5 2 0 257 1532 1533 1583 1582 2022 2023 2027 2026
11124 5 2 0 257 1533 1534 1584 1583 2023 2024 2028 2027
11125 5 2 0 257 1534 199 210 1584 2024 404 405 2028
11126 5 2 0 258 287 1581 2972 1635 487 2025 3118 2033
11127 5 2 0 258 1635 2972 1631 298 2033 3118 2029 488
11128 5 2 0 258 1581 1582 2973 2972 2025 2026 3119 3118
11129 5 2 0 258 2972 2973 1632 1631 3118 3119 2030 2029
11130 5 2 0 258 1582 1583 2974 2973 2026 2027 3120 3119
11131 5 2 0 258 2973 2974 1633 1632 3119 3120 2031 2030
11132 5 2 0 258 1583 1584 2975 2974 2027 2028 3121 3120
11133 5 2 0 258 2974 2975 1634 1633 3120 3121 2032 2031
11134 5 2 0 258 1584 210 1273 2975 2028 405 1810 3121
11135 5 2 0 258 2975 1273 221 1634 3121 1810 406 2032
11136 5 2 0 259 41 714 2374 705 407 1820 3072 1811
11137 5 2 0 259 714 44 710 2374 1820 410 1816 3072
11138 5 2 0 259 705 2374 2375 706 1811 3072 3073 1812
11139 5 2 0 259 2374 710 711 2375 3072 1816 1817 3073
11140 5 2 0 259 706 2375 2376 707 1812 3073 3074 1813
11141 5 2 0 259 2375 711 712 2376 3073 1817 1818 3074
11142 5 2 0 259 707 2376 2377 708 1813 3074 3075 1814
11143 5 2 0 259 2376 712 713 2377 3074 1818 1819 3075
11144 5 2 0 259 708 2377 709 42 1814 3075 1815 408
11145 5 2 0 259 2377 713 43 709 3075 1819 409 1815
11146 5 2 0 260 44 66 771 710 410 412 1821 1816
11147 5 2 0 260 710 771 772 711 1816 1821 1822 1817
11148 5 2 0 260 711 772 773 712 1817 1822 1823 1818
11149 5 2 0 260 712 773 774 713 1818 1823 1824 1819
11150 5 2 0 260 713 774 65 43 1819 1824 411 409
11151 5 2 0 261 66 88 827 771 412 414 1825 1821
11152 5 2 0 261 771 827 828 772 1821 1825 1826 1822
11153 5 2 0 261 772 828 829 773 1822 1826 1827 1823
11154 5 2 0 261 773 829 830 774 1823 1827 1828 1824
11155 5 2 0 261 774 830 87 65 1824 1828 413 411
11156 5 2 0 262 88 110 883 827 414 416 1829 1825
11157 5 2 0 262 827 883 884 828 1825 1829 1830 1826
11158 5 2 0 262 828 884 885 829 1826 1830 1831 1827
11159 5 2 0 262 829 885 886 830 1827 1831 1832 1828
11160 5 2 0 262 830 886 109 87 1828 1832 415 413
11161 5 2 0 263 110 132 939 883 416 418 1833 1829
11162 5 2 0 263 883 939 940 884 1829 1833 1834 1830
11163 5 2 0 263 884 940 941 885 1830 1834 1835 1831
11164 5 2 0 263 885 941 942 886 1831 1835 1836 1832
11165 5 2 0 263 886 942 131 109 1832 1836 417 415
11166 5 2 0 264 132 1020 2558 939 418 1842 3076 1833
11167 5 2 0 264 1020 154 1016 2558 1842 420 1838 3076
11168 5 2 0 264 939 2558 2559 940 1833 3076 3077 1834
11169 5 2 0 264 2558 1016 1017 2559 3076 1838 1839 3077
11170 5 2 0 264 940 2559 2560 941 1834 3077 3078 1835
11171 5 2 0 264 2559 1017 1018 2560 3077 1839 1840 3078
11172 5 2 0 264 941 2560 2561 942 1835 3078 3079 1836
11173 5 2 0 264 2560 1018 1019 2561 3078 1840 1841 3079
11174 5 2 0 264 942 2561 1015 131 1836 3079 1837 417
11175 5 2 0 264 2561 1019 153 1015 3079 1841 419 1837
11176 5 2 0 265 175 1109 2632 1103 421 1849 3080 1843
11177 5 2 0 265 1109 176 1106 2632 1849 422 1846 3080
11178 5 2 0 265 1103 2632 2633 1104 1843 3080 3081 1844
11179 5 2 0 265 2632 1106 1107 2633 3080 1846 1847 3081
11180 5 2 0 265 1104 2633 2634 1105 1844 3081 3082 1845
11181 5 2 0 265 2633 1107 1108 2634 3081 1847 1848 3082
11182 5 2 0 265 1105 2634 714 41 1845 3082 1820 407
11183 5 2 0 265 2634 1108 44 714 3082 1848 410 1820
11184 5 2 0 266 176 187 1148 1106 422 423 1850 1846
11185 5 2 0 266 1106 1148 1149 1107 1846 1850 1851 1847
11186 5 2 0 266 1107 1149 1150 1108 1847 1851 1852 1848
11187 5 2 0 266 1108 1150 66 44 1848 1852 412 410
11188 5 2 0 267 187 198 1187 1148 423 424 1853 1850
11189 5 2 0 267 1148 1187 1188 1149 1850 1853 1854 1851
11190 5 2 0 267 1149 1188 1189 1150 1851 1854 1855 1852
11191 5 2 0 267 1150 1189 88 66 1852 1855 414 412
11192 5 2 0 268 198 209 1226 1187 424 425 1856 1853
11193 5 2 0 268 1187 1226 1227 1188 1853 1856 1857 1854
11194 5 2 0 268 1188 1227 1228 1189 1854 1857 1858 1855
11195 5 2 0 268 1189 1228 110 88 1855 1858 416 414
11196 5 2 0 269 209 220 1265 1226 425 426 1859 1856
11197 5 2 0 269 1226 1265 1266 1227 1856 1859 1860 1857
11198 5 2 0 269 1227 1266 1267 1228 1857 1860 1861 1858
11199 5 2 0 269 1228 1267 132 110 1858 1861 418 416
11200 5 2 0 270 220 1317 2767 1265 426 1865 3083 1859
11201 5 2 0 270 1317 231 1314 2767 1865 427 1862 3083
11202 5 2 0 270 1265 2767 2768 1266 1859 3083 3084 1860
11203 5 2 0 270 2767 1314 1315 2768 3083 1862 1863 3084
11204 5 2 0 270 1266 2768 2769 1267 1860 3084 3085 1861
11205 5 2 0 270 2768 1315 1316 2769 3084 1863 1864 3085
11206 5 2 0 270 1267 2769 1020 132 1861 3085 1842 418
11207 5 2 0 270 2769 1316 154 1020 3085 1864 420 1842
11208 5 2 0 271 252 1426 2854 1418 489 2042 3122 2034
11209 5 2 0 271 1426 253 1422 2854 2042 490 2038 3122
11210 5 2 0 271 1418 2854 2855 1419 2034 3122 3123 2035
11211 5 2 0 271 2854 1422 1423 2855 3122 2038 2039 3123
11212 5 2 0 271 1419 2855 2856 1420 2035 3123 3124 2036
11213 5 2 0 271 2855 1423 1424 2856 3123 2039 2040 3124
11214 5 2 0 271 1420 2856 2857 1421 2036 3124 3125 2037
11215 5 2 0 271 2856 1424 1425 2857 3124 2040 2041 3125
11216 5 2 0 271 1421 2857 1109 175 2037 3125 1849 421
11217 5 2 0 271 2857 1425 176 1109 3125 2041 422 1849
11218 5 2 0 272 253 264 1475 1422 490 491 2043 2038
11219 5 2 0 272 1422 1475 1476 1423 2038 2043 2044 2039
11220 5 2 0 272 1423 1476 1477 1424 2039 2044 2045 2040
11221 5 2 0 272 1424 1477 1478 1425 2040 2045 2046 2041
11222 5 2 0 272 1425 1478 187 176 2041 2046 423 422
11223 5 2 0 273 264 275 1525 1475 491 492 2047 2043
11224 5 2 0 273 1475 1525 1526 1476 2043 2047 2048 2044
11225 5 2 0 273 1476 1526 1527 1477 2044 2048 2049 2045
11226 5 2 0 273 1477 1527 1528 1478 2045 2049 2050 2046
11227 5 2 0 273 1478 1528 198 187 2046 2050 424 423
11228 5 2 0 274 275 286 1575 1525 492 493 2051 2047
11229 5 2 0 274 1525 1575 1576 1526 2047 2051 2052 2048
11230 5 2 0 274 1526 1576 1577 1527 2048 2052 2053 2049
11231 5 2 0 274 1527 1577 1578 1528 2049 2053 2054 2050
11232 5 2 0 274 1528 1578 209 198 2050 2054 425 424
11233 5 2 0 275 286 297 1625 1575 493 494 2055 2051
11234 5 2 0 275 1575 1625 1626 1576 2051 2055 2056 2052
11235 5 2 0 275 1576 1626 1627 1577 2052 2056 2057 2053
11236 5 2 0 275 1577 1627 1628 1578 2053 2057 2058 2054
11237 5 2 0 275 1578 1628 220 209 2054 2058 426 425
11238 5 2 0 276 297 1689 3032 1625 494 2063 3126 2055
11239 5 2 0 276 1689 308 1685 3032 2063 495 2059 3126
11240 5 2 0 276 1625 3032 3033 1626 2055 3126 3127 2056
11241 5 2 0 276 3032 1685 1686 3033 3126 2059 2060 3127
11242 5 2 0 276 1626 3033 3034 1627 2056 3127 3128 2057
11243 5 2 0 276 3033 1686 1687 3034 3127 2060 2061 3128
11244 5 2 0 276 1627 3034 3035 1628 2057 3128 3129 2058
11245 5 2 0 276 3034 1687 1688 3035 3128 2061 2062 3129
11246 5 2 0 276 1628 3035 1317 220 2058 3129 1865 426
11247 5 2 0 276 3035 1688 231 1317 3129 2062 427 1865
11248 5 2 0 277 1 609 2302 589 496 2064 3130 2068
11249 5 2 0 277 589 2302 2303 590 2068 3130 3131 2069
11250 5 2 0 277 590 2303 2304 591 2069 3131 3132 2070
11251 5 2 0 277 591 2304 2305 592 2070 3132 3133 2071
11252 5 2 0 277 592 2305 611 2 2071 3133 2066 497
11253 5 2 0 277 609 610 2306 2302 2064 2065 3134 3130
11254 5 2 0 277 2302 2306 2307 2303 3130 3134 3135 3131
11255 5 2 0 277 2303 2307 2308 2304 3131 3135 3136 3132
11256 5 2 0 277 2304 2308 2309 2305 3132 3136 3137 3133
11257 5 2 0 277 2305 2309 612 611 3133 3137 2067 2066
11258 5 2 0 277 610 5 599 2306 2065 428 1866 3134
11259 5 2 0 277 2306 599 600 2307 3134 1866 1867 3135
11260 5 2 0 277 2307 600 601 2308 3135 1867 1868 3136
11261 5 2 0 277 2308 601 602 2309 3136 1868 1869 3137
11262 5 2 0 277 2309 602 6 612 3137 1869 429 2067
11263 5 2 0 278 5 9 617 599 428 430 1870 1866
11264 5 2 0 278 599 617 618 600 1866 1870 1871 1867
11265 5 2 0 278 600 618 619 601 1867 1871 1872 1868
11266 5 2 0 278 601 619 620 602 1868 1872 1873 1869
11267 5 2 0 278 602 620 10 6 1869 1873 431 429
11268 5 2 0 279 9 637 2330 617 430 1874 3086 1870
11269 5 2 0 279 617 2330 2331 618 1870 3086 3087 1871
11270 5 2 0 279 618 2331 2332 619 1871 3087 3088 1872
11271 5 2 0 279 619 2332 2333 620 1872 3088 3089 1873
11272 5 2 0 279 620 2333 638 10 1873 3089 1879 431
11273 5 2 0 279 637 13 627 2330 1874 432 1875 3086
11274 5 2 0 279 2330 627 628 2331 3086 1875 1876 3087
11275 5 2 0 279 2331 628 629 2332 3087 1876 1877 3088
11276 5 2 0 279 2332 629 630 2333 3088 1877 1878 3089
11277 5 2 0 279 2333 630 14 638 3089 1878 433 1879
11278 5 2 0 280 13 17 641 627 432 434 1880 1875
11279 5 2 0 280 627 641 642 628 1875 1880 1881 1876
11280 5 2 0 280 628 642 643 629 1876 1881 1882 1877
11281 5 2 0 280 629 643 644 630 1877 1882 1883 1878
11282 5 2 0 280 630 644 18 14 1878 1883 435 433
11283 5 2 0 281 17 21 651 641 434 436 1884 1880
11284 5 2 0 281 641 651 652 642 1880 1884 1885 1881
11285 5 2 0 281 642 652 653 643 1881 1885 1886 1882
11286 5 2 0 281 643 653 654 644 1882 1886 1887 1883
11287 5 2 0 281 644 654 22 18 1883 1887 437 435
11288 5 2 0 282 21 25 661 651 436 438 1888 1884
11289 5 2 0 282 651 661 662 652 1884 1888 1889 1885
11290 5 2 0 282 652 662 663 653 1885 1889 1890 1886
11291 5 2 0 282 653 663 664 654 1886 1890 1891 1887
11292 5 2 0 282 654 664 26 22 1887 1891 439 437
11293 5 2 0 283 25 29 671 661 438 440 1892 1888
11294 5 2 0 283 661 671 672 662 1888 1892 1893 1889
11295 5 2 0 283 662 672 673 663 1889 1893 1894 1890
11296 5 2 0 283 663 673 674 664 1890 1894 1895 1891
11297 5 2 0 283 664 674 30 26 1891 1895 441 439
11298 5 2 0 284 29 691 2360 671 440 1896 3090 1892
11299 5 2 0 284 671 2360 2361 672 1892 3090 3091 1893
11300 5 2 0 284 672 2361 2362 673 1893 3091 3092 1894
11301 5 2 0 284 673 2362 2363 674 1894 3092 3093 1895
11302 5 2 0 284 674 2363 692 30 1895 3093 1901 441
11303 5 2 0 284 691 33 681 2360 1896 442 1897 3090
11304 5 2 0 284 2360 681 682 2361 3090 1897 1898 3091
11305 5 2 0 284 2361 682 683 2362 3091 1898 1899 3092
11306 5 2 0 284 2362 683 684 2363 3092 1899 1900 3093
11307 5 2 0 284 2363 684 34 692 3093 1900 443 1901
11308 5 2 0 285 33 37 695 681 442 444 1902 1897
11309 5 2 0 285 681 695 696 682 1897 1902 1903 1898
11310 5 2 0 285 682 696 697 683 1898 1903 1904 1899
11311 5 2 0 285 683 697 698 684 1899 1904 1905 1900
11312 5 2 0 285 684 698 38 34 1900 1905 445 443
11313 5 2 0 286 37 715 2378 695 444 2072 3138 1902
11314 5 2 0 286 695 2378 2379 696 1902 3138 3139 1903
11315 5 2 0 286 696 2379 2380 697 1903 3139 3140 1904
11316 5 2 0 286 697 2380 2381 698 1904 3140 3141 1905
11317 5 2 0 286 698 2381 717 38 1905 3141 2078 445
11318 5 2 0 286 715 716 2382 2378 2072 2073 3142 3138
11319 5 2 0 286 2378 2382 2383 2379 3138 3142 3143 3139
11320 5 2 0 286 2379 2383 2384 2380 3139 3143 3144 3140
11321 5 2 0 286 2380 2384 2385 2381 3140 3144 3145 3141
11322 5 2 0 286 2381 2385 718 717 3141 3145 2079 2078
11323 5 2 0 286 716 41 705 2382 2073 498 2074 3142
11324 5 2 0 286 2382 705 706 2383 3142 2074 2075 3143
11325 5 2 0 286 2383 706 707 2384 3143 2075 2076 3144
11326 5 2 0 286 2384 707 708 2385 3144 2076 2077 3145
11327 5 2 0 286 2385 708 42 718 3145 2077 499 2079
11328 5 2 0 287 155 1039 2580 1025 500 2080 3146 2082
11329 5 2 0 287 1025 2580 2581 1026 2082 3146 3147 2083
11330 5 2 0 287 1026 2581 2582 1027 2083 3147 3148 2084
11331 5 2 0 287 1027 2582 609 1 2084 3148 2064 496
11332 5 2 0 287 1039 1040 2583 2580 2080 2081 3149 3146
11333 5 2 0 287 2580 2583 2584 2581 3146 3149 3150 3147
11334 5 2 0 287 2581 2584 2585 2582 3147 3150 3151 3148
11335 5 2 0 287 2582 2585 610 609 3148 3151 2065 2064
11336 5 2 0 287 1040 157 1032 2583 2081 446 1906 3149
11337 5 2 0 287 2583 1032 1033 2584 3149 1906 1907 3150
11338 5 2 0 287 2584 1033 1034 2585 3150 1907 1908 3151
11339 5 2 0 287 2585 1034 5 610 3151 1908 428 2065
11340 5 2 0 288 157 159 1043 1032 446 447 1909 1906
11341 5 2 0 288 1032 1043 1044 1033 1906 1909 1910 1907
11342 5 2 0 288 1033 1044 1045 1034 1907 1910 1911 1908
11343 5 2 0 288 1034 1045 9 5 1908 1911 430 428
11344 5 2 0 289 159 1057 2600 1043 447 1912 3094 1909
11345 5 2 0 289 1043 2600 2601 1044 1909 3094 3095 1910
11346 5 2 0 289 1044 2601 2602 1045 1910 3095 3096 1911
11347 5 2 0 289 1045 2602 637 9 1911 3096 1874 430
11348 5 2 0 289 1057 161 1050 2600 1912 448 1913 3094
11349 5 2 0 289 2600 1050 1051 2601 3094 1913 1914 3095
11350 5 2 0 289 2601 1051 1052 2602 3095 1914 1915 3096
11351 5 2 0 289 2602 1052 13 637 3096 1915 432 1874
11352 5 2 0 290 161 163 1059 1050 448 449 1916 1913
11353 5 2 0 290 1050 1059 1060 1051 1913 1916 1917 1914
11354 5 2 0 290 1051 1060 1061 1052 1914 1917 1918 1915
11355 5 2 0 290 1052 1061 17 13 1915 1918 434 432
11356 5 2 0 291 163 165 1066 1059 449 450 1919 1916
11357 5 2 0 291 1059 1066 1067 1060 1916 1919 1920 1917
11358 5 2 0 291 1060 1067 1068 1061 1917 1920 1921 1918
11359 5 2 0 291 1061 1068 21 17 1918 1921 436 434
11360 5 2 0 292 165 167 1073 1066 450 451 1922 1919
11361 5 2 0 292 1066 1073 1074 1067 1919 1922 1923 1920
11362 5 2 0 292 1067 1074 1075 1068 1920 1923 1924 1921
11363 5 2 0 292 1068 1075 25 21 1921 1924 438 436
11364 5 2 0 293 167 169 1080 1073 451 452 1925 1922
11365 5 2 0 293 1073 1080 1081 1074 1922 1925 1926 1923
11366 5 2 0 293 1074 1081 1082 1075 1923 1926 1927 1924
11367 5 2 0 293 1075 1082 29 25 1924 1927 440 438
11368 5 2 0 294 169 1094 2622 1080 452 1928 3097 1925
11369 5 2 0 294 1080 2622 2623 1081 1925 3097 3098 1926
11370 5 2 0 294 1081 2623 2624 1082 1926 3098 3099 1927
11371 5 2 0 294 1082 2624 691 29 1927 3099 1896 440
11372 5 2 0 294 1094 171 1087 2622 1928 453 1929 3097
11373 5 2 0 294 2622 1087 1088 2623 3097 1929 1930 3098
11374 5 2 0 294 2623 1088 1089 2624 3098 1930 1931 3099
11375 5 2 0 294 2624 1089 33 691 3099 1931 442 1896
11376 5 2 0 295 171 173 1096 1087 453 454 1932 1929
11377 5 2 0 295 1087 1096 1097 1088 1929 1932 1933 1930
11378 5 2 0 295 1088 1097 1098 1089 1930 1933 1934 1931
11379 5 2 0 295 1089 1098 37 33 1931 1934 444 442
11380 5 2 0 296 173 1110 2635 1096 454 2085 3152 1932
11381 5 2 0 296 1096 2635 2636 1097 1932 3152 3153 1933
11382 5 2 0 296 1097 2636 2637 1098 1933 3153 3154 1934
11383 5 2 0 296 1098 2637 715 37 1934 3154 2072 444
11384 5 2 0 296 1110 1111 2638 2635 2085 2086 3155 3152
11385 5 2 0 296 2635 2638 2639 2636 3152 3155 3156 3153
11386 5 2 0 296 2636 2639 2640 2637 3153 3156 3157 3154
11387 5 2 0 296 2637 2640 716 715 3154 3157 2073 2072
11388 5 2 0 296 1111 175 1103 2638 2086 501 2087 3155
11389 5 2 0 296 2638 1103 1104 2639 3155 2087 2088 3156
11390 5 2 0 296 2639 1104 1105 2640 3156 2088 2089 3157
11391 5 2 0 296 2640 1105 41 716 3157 2089 498 2073
11392 5 2 0 297 232 1338 2786 1320 502 2090 3158 2096
11393 5 2 0 297 1320 2786 2787 1321 2096 3158 3159 2097
11394 5 2 0 297 1321 2787 2788 1322 2097 3159 3160 2098
11395 5 2 0 297 1322 2788 2789 1323 2098 3160 3161 2099
11396 5 2 0 297 1323 2789 1039 155 2099 3161 2080 500
11397 5 2 0 297 1338 1339 2790 2786 2090 2091 3162 3158
11398 5 2 0 297 2786 2790 2791 2787 3158 3162 3163 3159
11399 5 2 0 297 2787 2791 2792 2788 3159 3163 3164 3160
11400 5 2 0 297 2788 2792 2793 2789 3160 3164 3165 3161
11401 5 2 0 297 2789 2793 1040 1039 3161 3165 2081 2080
11402 5 2 0 297 1339 234 1329 2790 2091 503 2092 3162
11403 5 2 0 297 2790 1329 1330 2791 3162 2092 2093 3163
11404 5 2 0 297 2791 1330 1331 2792 3163 2093 2094 3164
11405 5 2 0 297 2792 1331 1332 2793 3164 2094 2095 3165
11406 5 2 0 297 2793 1332 157 1040 3165 2095 446 2081
11407 5 2 0 298 234 236 1342 1329 503 504 2100 2092
11408 5 2 0 298 1329 1342 1343 1330 2092 2100 2101 2093
11409 5 2 0 298 1330 1343 1344 1331 2093 2101 2102 2094
11410 5 2 0 298 1331 1344 1345 1332 2094 2102 2103 2095
11411 5 2 0 298 1332 1345 159 157 2095 2103 447 446
11412 5 2 0 299 236 1360 2812 1342 504 2104 3166 2100
11413 5 2 0 299 1342 2812 2813 1343 2100 3166 3167 2101
11414 5 2 0 299 1343 2813 2814 1344 2101 3167 3168 2102
11415 5 2 0 299 1344 2814 2815 1345 2102 3168 3169 2103
11416 5 2 0 299 1345 2815 1057 159 2103 3169 1912 447
11417 5 2 0 299 1360 238 1351 2812 2104 505 2105 3166
11418 5 2 0 299 2812 1351 1352 2813 3166 2105 2106 3167
11419 5 2 0 299 2813 1352 1353 2814 3167 2106 2107 3168
11420 5 2 0 299 2814 1353 1354 2815 3168 2107 2108 3169
11421 5 2 0 299 2815 1354 161 1057 3169 2108 448 1912
11422 5 2 0 300 238 240 1362 1351 505 506 2109 2105
11423 5 2 0 300 1351 1362 1363 1352 2105 2109 2110 2106
11424 5 2 0 300 1352 1363 1364 1353 2106 2110 2111 2107
11425 5 2 0 300 1353 1364 1365 1354 2107 2111 2112 2108
11426 5 2 0 300 1354 1365 163 161 2108 2112 449 448
11427 5 2 0 301 240 242 1371 1362 506 507 2113 2109
11428 5 2 0 301 1362 1371 1372 1363 2109 2113 2114 2110
11429 5 2 0 301 1363 1372 1373 1364 2110 2114 2115 2111
11430 5 2 0 301 1364 1373 1374 1365 2111 2115 2116 2112
11431 5 2 0 301 1365 1374 165 163 2112 2116 450 449
11432 5 2 0 302 242 244 1380 1371 507 508 2117 2113
11433 5 2 0 302 1371 1380 1381 1372 2113 2117 2118 2114
11434 5 2 0 302 1372 1381 1382 1373 2114 2118 2119 2115
11435 5 2 0 302 1373 1382 1383 1374 2115 2119 2120 2116
11436 5 2 0 302 1374 1383 167 165 2116 2120 451 450
11437 5 2 0 303 244 246 1389 1380 508 509 2121 2117
11438 5 2 0 303 1380 1389 1390 1381 2117 2121 2122 2118
11439 5 2 0 303 1381 1390 1391 1382 2118 2122 2123 2119
11440 5 2 0 303 1382 1391 1392 1383 2119 2123 2124 2120
11441 5 2 0 303 1383 1392 169 167 2120 2124 452 451
11442 5 2 0 304 246 1407 2841 1389 509 2125 3170 2121
11443 5 2 0 304 1389 2841 2842 1390 2121 3170 3171 2122
11444 5 2 0 304 1390 2842 2843 1391 2122 3171 3172 2123
11445 5 2 0 304 1391 2843 2844 1392 2123 3172 3173 2124
11446 5 2 0 304 1392 2844 1094 169 2124 3173 1928 452
11447 5 2 0 304 1407 248 1398 2841 2125 510 2126 3170
11448 5 2 0 304 2841 1398 1399 2842 3170 2126 2127 3171
11449 5 2 0 304 2842 1399 1400 2843 3171 2127 2128 3172
11450 5 2 0 304 2843 1400 1401 2844 3172 2128 2129 3173
11451 5 2 0 304 2844 1401 171 1094 3173 2129 453 1928
11452 5 2 0 305 248 250 1409 1398 510 511 2130 2126
11453 5 2 0 305 1398 1409 1410 1399 2126 2130 2131 2127
11454 5 2 0 305 1399 1410 1411 1400 2127 2131 2132 2128
11455 5 2 0 305 1400 1411 1412 1401 2128 2132 2133 2129
11456 5 2 0 305 1401 1412 173 171 2129 2133 454 453
11457 5 2 0 306 250 1427 2858 1409 511 2134 3174 2130
11458 5 2 0 306 1409 2858 2859 1410 2130 3174 3175 2131
11459 5 2 0 306 1410 2859 2860 1411 2131 3175 3176 2132
11460 5 2 0 306 1411 2860 2861 1412 2132 3176 3177 2133
11461 5 2 0 306 1412 2861 1110 173 2133 3177 2085 454
11462 5 2 0 306 1427 1428 2862 2858 2134 2135 3178 3174
11463 5 2 0 306 2858 2862 2863 2859 3174 3178 3179 3175
11464 5 2 0 306 2859 2863 2864 2860 3175 3179 3180 3176
11465 5 2 0 306 2860 2864 2865 2861 3176 3180 3181 3177
11466 5 2 0 306 2861 2865 1111 1110 3177 3181 2086 2085
11467 5 2 0 306 1428 252 1418 2862 2135 512 2136 3178
11468 5 2 0 306 2862 1418 1419 2863 3178 2136 2137 3179
11469 5 2 0 306 2863 1419 1420 2864 3179 2137 2138 3180
11470 5 2 0 306 2864 1420 1421 2865 3180 2138 2139 3181
11471 5 2 0 306 2865 1421 175 1111 3181 2139 501 2086
11472 5 2 0 307 134 948 2502 959 513 2144 3182 2140
11473 5 2 0 307 948 949 2503 2502 2144 2145 3183 3182
11474 5 2 0 307 949 950 2504 2503 2145 2146 3184 3183
11475 5 2 0 307 950 951 2505 2504 2146 2147 3185 3184
11476 5 2 0 307 951 133 961 2505 2147 514 2142 3185
11477 5 2 0 307 959 2502 2506 960 2140 3182 3186 2141
11478 5 2 0 307 2502 2503 2507 2506 3182 3183 3187 3186
11479 5 2 0 307 2503 2504 2508 2507 3183 3184 3188 3187
11480 5 2 0 307 2504 2505 2509 2508 3184 3185 3189 3188
11481 5 2 0 307 2505 961 962 2509 3185 2142 2143 3189
11482 5 2 0 307 960 2506 954 136 2141 3186 1935 455
11483 5 2 0 307 2506 2507 955 954 3186 3187 1936 1935
11484 5 2 0 307 2507 2508 956 955 3187 3188 1937 1936
11485 5 2 0 307 2508 2509 957 956 3188 3189 1938 1937
11486 5 2 0 307 2509 962 135 957 3189 2143 456 1938
11487 5 2 0 308 136 954 964 138 455 1935 1939 457
11488 5 2 0 308 954 955 965 964 1935 1936 1940 1939
11489 5 2 0 308 955 956 966 965 1936 1937 1941 1940
11490 5 2 0 308 956 957 967 966 1937 1938 1942 1941
11491 5 2 0 308 957 135 137 967 1938 456 458 1942
11492 5 2 0 309 138 964 2522 975 457 1939 3100 1943
11493 5 2 0 309 964 965 2523 2522 1939 1940 3101 3100
11494 5 2 0 309 965 966 2524 2523 1940 1941 3102 3101
11495 5 2 0 309 966 967 2525 2524 1941 1942 3103 3102
11496 5 2 0 309 967 137 976 2525 1942 458 1948 3103
11497 5 2 0 309 975 2522 970 140 1943 3100 1944 459
11498 5 2 0 309 2522 2523 971 970 3100 3101 1945 1944
11499 5 2 0 309 2523 2524 972 971 3101 3102 1946 1945
11500 5 2 0 309 2524 2525 973 972 3102 3103 1947 1946
11501 5 2 0 309 2525 976 139 973 3103 1948 460 1947
11502 5 2 0 310 140 970 978 142 459 1944 1949 461
11503 5 2 0 310 970 971 979 978 1944 1945 1950 1949
11504 5 2 0 310 971 972 980 979 1945 1946 1951 1950
11505 5 2 0 310 972 973 981 980 1946 1947 1952 1951
11506 5 2 0 310 973 139 141 981 1947 460 462 1952
11507 5 2 0 311 142 978 984 144 461 1949 1953 463
11508 5 2 0 311 978 979 985 984 1949 1950 1954 1953
11509 5 2 0 311 979 980 986 985 1950 1951 1955 1954
11510 5 2 0 311 980 981 987 986 1951 1952 1956 1955
11511 5 2 0 311 981 141 143 987 1952 462 464 1956
11512 5 2 0 312 144 984 990 146 463 1953 1957 465
11513 5 2 0 312 984 985 991 990 1953 1954 1958 1957
11514 5 2 0 312 985 986 992 991 1954 1955 1959 1958
11515 5 2 0 312 986 987 993 992 1955 1956 1960 1959
11516 5 2 0 312 987 143 145 993 1956 464 466 1960
11517 5 2 0 313 146 990 996 148 465 1957 1961 467
11518 5 2 0 313 990 991 997 996 1957 1958 1962 1961
11519 5 2 0 313 991 992 998 997 1958 1959 1963 1962
11520 5 2 0 313 992 993 999 998 1959 1960 1964 1963
11521 5 2 0 313 993 145 147 999 1960 466 468 1964
11522 5 2 0 314 148 996 2548 1007 467 1961 3104 1965
11523 5 2 0 314 996 997 2549 2548 1961 1962 3105 3104
11524 5 2 0 314 997 998 2550 2549 1962 1963 3106 3105
11525 5 2 0 314 998 999 2551 2550 1963 1964 3107 3106
11526 5 2 0 314 999 147 1008 2551 1964 468 1970 3107
11527 5 2 0 314 1007 2548 1002 150 1965 3104 1966 469
11528 5 2 0 314 2548 2549 1003 1002 3104 3105 1967 1966
11529 5 2 0 314 2549 2550 1004 1003 3105 3106 1968 1967
11530 5 2 0 314 2550 2551 1005 1004 3106 3107 1969 1968
11531 5 2 0 314 2551 1008 149 1005 3107 1970 470 1969
11532 5 2 0 315 150 1002 1010 152 469 1966 1971 471
11533 5 2 0 315 1002 1003 1011 1010 1966 1967 1972 1971
11534 5 2 0 315 1003 1004 1012 1011 1967 1968 1973 1972
11535 5 2 0 315 1004 1005 1013 1012 1968 1969 1974 1973
11536 5 2 0 315 1005 149 151 1013 1969 470 472 1974
11537 5 2 0 316 152 1010 2562 1021 471 1971 3190 2148
11538 5 2 0 316 1010 1011 2563 2562 1971 1972 3191 3190
11539 5 2 0 316 1011 1012 2564 2563 1972 1973 3192 3191
11540 5 2 0 316 1012 1013 2565 2564 1973 1974 3193 3192
11541 5 2 0 316 1013 151 1023 2565 1974 472 2154 3193
11542 5 2 0 316 1021 2562 2566 1022 2148 3190 3194 2149
11543 5 2 0 316 2562 2563 2567 2566 3190 3191 3195 3194
11544 5 2 0 316 2563 2564 2568 2567 3191 3192 3196 3195
11545 5 2 0 316 2564 2565 2569 2568 3192 3193 3197 3196
11546 5 2 0 316 2565 1023 1024 2569 3193 2154 2155 3197
11547 5 2 0 316 1022 2566 1016 154 2149 3194 2150 515
11548 5 2 0 316 2566 2567 1017 1016 3194 3195 2151 2150
11549 5 2 0 316 2567 2568 1018 1017 3195 3196 2152 2151
11550 5 2 0 316 2568 2569 1019 1018 3196 3197 2153 2152
11551 5 2 0 316 2569 1024 153 1019 3197 2155 516 2153
11552 5 2 0 317 221 1270 2727 1278 517 2158 3198 2156
11553 5 2 0 317 1270 1271 2728 2727 2158 2159 3199 3198
11554 5 2 0 317 1271 1272 2729 2728 2159 2160 3200 3199
11555 5 2 0 317 1272 134 959 2729 2160 513 2140 3200
11556 5 2 0 317 1278 2727 2730 1279 2156 3198 3201 2157
11557 5 2 0 317 2727 2728 2731 2730 3198 3199 3202 3201
11558 5 2 0 317 2728 2729 2732 2731 3199 3200 3203 3202
11559 5 2 0 317 2729 959 960 2732 3200 2140 2141 3203
11560 5 2 0 317 1279 2730 1274 222 2157 3201 1975 473
11561 5 2 0 317 2730 2731 1275 1274 3201 3202 1976 1975
11562 5 2 0 317 2731 2732 1276 1275 3202 3203 1977 1976
11563 5 2 0 317 2732 960 136 1276 3203 2141 455 1977
11564 5 2 0 318 222 1274 1280 223 473 1975 1978 474
11565 5 2 0 318 1274 1275 1281 1280 1975 1976 1979 1978
11566 5 2 0 318 1275 1276 1282 1281 1976 1977 1980 1979
11567 5 2 0 318 1276 136 138 1282 1977 455 457 1980
11568 5 2 0 319 223 1280 2741 1288 474 1978 3108 1981
11569 5 2 0 319 1280 1281 2742 2741 1978 1979 3109 3108
11570 5 2 0 319 1281 1282 2743 2742 1979 1980 3110 3109
11571 5 2 0 319 1282 138 975 2743 1980 457 1943 3110
11572 5 2 0 319 1288 2741 1284 224 1981 3108 1982 475
11573 5 2 0 319 2741 2742 1285 1284 3108 3109 1983 1982
11574 5 2 0 319 2742 2743 1286 1285 3109 3110 1984 1983
11575 5 2 0 319 2743 975 140 1286 3110 1943 459 1984
11576 5 2 0 320 224 1284 1289 225 475 1982 1985 476
11577 5 2 0 320 1284 1285 1290 1289 1982 1983 1986 1985
11578 5 2 0 320 1285 1286 1291 1290 1983 1984 1987 1986
11579 5 2 0 320 1286 140 142 1291 1984 459 461 1987
11580 5 2 0 321 225 1289 1293 226 476 1985 1988 477
11581 5 2 0 321 1289 1290 1294 1293 1985 1986 1989 1988
11582 5 2 0 321 1290 1291 1295 1294 1986 1987 1990 1989
11583 5 2 0 321 1291 142 144 1295 1987 461 463 1990
11584 5 2 0 322 226 1293 1297 227 477 1988 1991 478
11585 5 2 0 322 1293 1294 1298 1297 1988 1989 1992 1991
11586 5 2 0 322 1294 1295 1299 1298 1989 1990 1993 1992
11587 5 2 0 322 1295 144 146 1299 1990 463 465 1993
11588 5 2 0 323 227 1297 1301 228 478 1991 1994 479
11589 5 2 0 323 1297 1298 1302 1301 1991 1992 1995 1994
11590 5 2 0 323 1298 1299 1303 1302 1992 1993 1996 1995
11591 5 2 0 323 1299 146 148 1303 1993 465 467 1996
11592 5 2 0 324 228 1301 2760 1309 479 1994 3111 1997
11593 5 2 0 324 1301 1302 2761 2760 1994 1995 3112 3111
11594 5 2 0 324 1302 1303 2762 2761 1995 1996 3113 3112
11595 5 2 0 324 1303 148 1007 2762 1996 467 1965 3113
11596 5 2 0 324 1309 2760 1305 229 1997 3111 1998 480
11597 5 2 0 324 2760 2761 1306 1305 3111 3112 1999 1998
11598 5 2 0 324 2761 2762 1307 1306 3112 3113 2000 1999
11599 5 2 0 324 2762 1007 150 1307 3113 1965 469 2000
11600 5 2 0 325 229 1305 1310 230 480 1998 2001 481
11601 5 2 0 325 1305 1306 1311 1310 1998 1999 2002 2001
11602 5 2 0 325 1306 1307 1312 1311 1999 2000 2003 2002
11603 5 2 0 325 1307 150 152 1312 2000 469 471 2003
11604 5 2 0 326 230 1310 2770 1318 481 2001 3204 2161
11605 5 2 0 326 1310 1311 2771 2770 2001 2002 3205 3204
11606 5 2 0 326 1311 1312 2772 2771 2002 2003 3206 3205
11607 5 2 0 326 1312 152 1021 2772 2003 471 2148 3206
11608 5 2 0 326 1318 2770 2773 1319 2161 3204 3207 2162
11609 5 2 0 326 2770 2771 2774 2773 3204 3205 3208 3207
11610 5 2 0 326 2771 2772 2775 2774 3205 3206 3209 3208
11611 5 2 0 326 2772 1021 1022 2775 3206 2148 2149 3209
11612 5 2 0 326 1319 2773 1314 231 2162 3207 2163 518
11613 5 2 0 326 2773 2774 1315 1314 3207 3208 2164 2163
11614 5 2 0 326 2774 2775 1316 1315 3208 3209 2165 2164
11615 5 2 0 326 2775 1022 154 1316 3209 2149 515 2165
11616 5 2 0 327 298 1631 2980 1641 519 2172 3210 2166
11617 5 2 0 327 1631 1632 2981 2980 2172 2173 3211 3210
11618 5 2 0 327 1632 1633 2982 2981 2173 2174 3212 3211
11619 5 2 0 327 1633 1634 2983 2982 2174 2175 3213 3212
11620 5 2 0 327 1634 221 1278 2983 2175 517 2156 3213
11621 5 2 0 327 1641 2980 2984 1642 2166 3210 3214 2167
11622 5 2 0 327 2980 2981 2985 2984 3210 3211 3215 3214
11623 5 2 0 327 2981 2982 2986 2985 3211 3212 3216 3215
11624 5 2 0 327 2982 2983 2987 2986 3212 3213 3217 3216
11625 5 2 0 327 2983 1278 1279 2987 3213 2156 2157 3217
11626 5 2 0 327 1642 2984 1636 299 2167 3214 2168 520
11627 5 2 0 327 2984 2985 1637 1636 3214 3215 2169 2168
11628 5 2 0 327 2985 2986 1638 1637 3215 3216 2170 2169
11629 5 2 0 327 2986 2987 1639 1638 3216 3217 2171 2170
11630 5 2 0 327 2987 1279 222 1639 3217 2157 473 2171
11631 5 2 0 328 299 1636 1643 300 520 2168 2176 521
11632 5 2 0 328 1636 1637 1644 1643 2168 2169 2177 2176
11633 5 2 0 328 1637 1638 1645 1644 2169 2170 2178 2177
11634 5 2 0 328 1638 1639 1646 1645 2170 2171 2179 2178
11635 5 2 0 328 1639 222 223 1646 2171 473 474 2179
11636 5 2 0 329 300 1643 2998 1653 521 2176 3218 2180
11637 5 2 0 329 1643 1644 2999 2998 2176 2177 3219 3218
11638 5 2 0 329 1644 1645 3000 2999 2177 2178 3220 3219
11639 5 2 0 329 1645 1646 3001 3000 2178 2179 3221 3220
11640 5 2 0 329 1646 223 1288 3001 2179 474 1981 3221
11641 5 2 0 329 1653 2998 1648 301 2180 3218 2181 522
11642 5 2 0 329 2998 2999 1649 1648 3218 3219 2182 2181
11643 5 2 0 329 2999 3000 1650 1649 3219 3220 2183 2182
11644 5 2 0 329 3000 3001 1651 1650 3220 3221 2184 2183
11645 5 2 0 329 3001 1288 224 1651 3221 1981 475 2184
11646 5 2 0 330 301 1648 1654 302 522 2181 2185 523
11647 5 2 0 330 1648 1649 1655 1654 2181 2182 2186 2185
11648 5 2 0 330 1649 1650 1656 1655 2182 2183 2187 2186
11649 5 2 0 330 1650 1651 1657 1656 2183 2184 2188 2187
11650 5 2 0 330 1651 224 225 1657 2184 475 476 2188
11651 5 2 0 331 302 1654 1659 303 523 2185 2189 524
11652 5 2 0 331 1654 1655 1660 1659 2185 2186 2190 2189
11653 5 2 0 331 1655 1656 1661 1660 2186 2187 2191 2190
11654 5 2 0 331 1656 1657 1662 1661 2187 2188 2192 2191
11655 5 2 0 331 1657 225 226 1662 2188 476 477 2192
11656 5 2 0 332 303 1659 1664 304 524 2189 2193 525
11657 5 2 0 332 1659 1660 1665 1664 2189 2190 2194 2193
11658 5 2 0 332 1660 1661 1666 1665 2190 2191 2195 2194
11659 5 2 0 332 1661 1662 1667 1666 2191 2192 2196 2195
11660 5 2 0 332 1662 226 227 1667 2192 477 478 2196
11661 5 2 0 333 304 1664 1669 305 525 2193 2197 526
11662 5 2 0 333 1664 1665 1670 1669 2193 2194 2198 2197
11663 5 2 0 333 1665 1666 1671 1670 2194 2195 2199 2198
11664 5 2 0 333 1666 1667 1672 1671 2195 2196 2200 2199
11665 5 2 0 333 1667 227 228 1672 2196 478 479 2200
11666 5 2 0 334 305 1669 3023 1679 526 2197 3222 2201
11667 5 2 0 334 1669 1670 3024 3023 2197 2198 3223 3222
11668 5 2 0 334 1670 1671 3025 3024 2198 2199 3224 3223
11669 5 2 0 334 1671 1672 3026 3025 2199 2200 3225 3224
11670 5 2 0 334 1672 228 1309 3026 2200 479 1997 3225
11671 5 2 0 334 1679 3023 1674 306 2201 3222 2202 527
11672 5 2 0 334 3023 3024 1675 1674 3222 3223 2203 2202
11673 5 2 0 334 3024 3025 1676 1675 3223 3224 2204 2203
11674 5 2 0 334 3025 3026 1677 1676 3224 3225 2205 2204
11675 5 2 0 334 3026 1309 229 1677 3225 1997 480 2205
11676 5 2 0 335 306 1674 1680 307 527 2202 2206 528
11677 5 2 0 335 1674 1675 1681 1680 2202 2203 2207 2206
11678 5 2 0 335 1675 1676 1682 1681 2203 2204 2208 2207
11679 5 2 0 335 1676 1677 1683 1682 2204 2205 2209 2208
11680 5 2 0 335 1677 229 230 1683 2205 480 481 2209
11681 5 2 0 336 307 1680 3036 1690 528 2206 3226 2210
11682 5 2 0 336 1680 1681 3037 3036 2206 2207 3227 3226
11683 5 2 0 336 1681 1682 3038 3037 2207 2208 3228 3227
11684 5 2 0 336 1682 1683 3039 3038 2208 2209 3229 3228
11685 5 2 0 336 1683 230 1318 3039 2209 481 2161 3229
11686 5 2 0 336 1690 3036 3040 1691 2210 3226 3230 2211
11687 5 2 0 336 3036 3037 3041 3040 3226 3227 3231 3230
11688 5 2 0 336 3037 3038 3042 3041 3227 3228 3232 3231
11689 5 2 0 336 3038 3039 3043 3042 3228 3229 3233 3232
11690 5 2 0 336 3039 1318 1319 3043 3229 2161 2162 3233
11691 5 2 0 336 1691 3040 1685 308 2211 3230 2212 529
11692 5 2 0 336 3040 3041 1686 1685 3230 3231 2213 2212
11693 5 2 0 336 3041 3042 1687 1686 3231 3232 2214 2213
11694 5 2 0 336 3042 3043 1688 1687 3232 3233 2215 2214
11695 5 2 0 336 3043 1319 231 1688 3233 2162 518 2215
11696 5 2 0 337 232 1328 1692 309 482 2012 2216 530
11697 5 2 0 337 1328 233 310 1692 2012 483 531 2216
11698 5 2 0 338 233 254 331 310 483 484 532 531
11699 5 2 0 339 254 265 342 331 484 485 533 532
11700 5 2 0 340 265 276 353 342 485 486 534 533
11701 5 2 0 341 276 287 364 353 486 487 535 534
11702 5 2 0 342 287 1635 1739 364 487 2033 2217 535
11703 5 2 0 342 1635 298 375 1739 2033 488 536 2217
11704 5 2 0 343 252 330 1712 1426 489 537 2218 2042
11705 5 2 0 343 1426 1712 329 253 2042 2218 538 490
11706 5 2 0 344 253 329 341 264 490 538 539 491
11707 5 2 0 345 264 341 352 275 491 539 540 492
11708 5 2 0 346 275 352 363 286 492 540 541 493
11709 5 2 0 347 286 363 374 297 493 541 542 494
11710 5 2 0 348 297 374 1755 1689 494 542 2219 2063
11711 5 2 0 348 1689 1755 385 308 2063 2219 543 495
11712 5 2 0 349 232 309 1696 1338 502 544 2220 2090
11713 5 2 0 349 1338 1696 1697 1339 2090 2220 2221 2091
11714 5 2 0 349 1339 1697 312 234 2091 2221 545 503
11715 5 2 0 350 234 312 314 236 503 545 546 504
11716 5 2 0 351 236 314 1701 1360 504 546 2222 2104
11717 5 2 0 351 1360 1701 316 238 2104 2222 547 505
11718 5 2 0 352 238 316 318 240 505 547 548 506
11719 5 2 0 353 240 318 320 242 506 548 549 507
11720 5 2 0 354 242 320 322 244 507 549 550 508
11721 5 2 0 355 244 322 324 246 508 550 551 509
11722 5 2 0 356 246 324 1708 1407 509 551 2223 2125
11723 5 2 0 356 1407 1708 326 248 2125 2223 552 510
11724 5 2 0 357 248 326 328 250 510 552 553 511
11725 5 2 0 358 250 328 1713 1427 511 553 2224 2134
11726 5 2 0 358 1427 1713 1714 1428 2134 2224 2225 2135
11727 5 2 0 358 1428 1714 330 252 2135 2225 554 512
11728 5 2 0 359 298 1641 1740 375 519 2166 2226 555
11729 5 2 0 359 1641 1642 1741 1740 2166 2167 2227 2226
11730 5 2 0 359 1642 299 376 1741 2167 520 556 2227
11731 5 2 0 360 299 300 377 376 520 521 557 556
11732 5 2 0 361 300 1653 1744 377 521 2180 2228 557
11733 5 2 0 361 1653 301 378 1744 2180 522 558 2228
11734 5 2 0 362 301 302 379 378 522 523 559 558
11735 5 2 0 363 302 303 380 379 523 524 560 559
11736 5 2 0 364 303 304 381 380 524 525 561 560
11737 5 2 0 365 304 305 382 381 525 526 562 561
11738 5 2 0 366 305 1679 1750 382 526 2201 2229 562
11739 5 2 0 366 1679 306 383 1750 2201 527 563 2229
11740 5 2 0 367 306 307 384 383 527 528 564 563
11741 5 2 0 368 307 1690 1753 384 528 2210 2230 564
11742 5 2 0 368 1690 1691 1754 1753 2210 2211 2231 2230
11743 5 2 0 368 1691 308 385 1754 2211 529 565 2231
11744 5 2 0 369 1 589 1756 386 496 2068 2232 566
11745 5 2 0 369 589 590 1757 1756 2068 2069 2233 2232
11746 5 2 0 369 590 591 1758 1757 2069 2070 2234 2233
11747 5 2 0 369 591 592 1759 1758 2070 2071 2235 2234
11748 5 2 0 369 592 2 387 1759 2071 497 567 2235
11749 5 2 0 370 155 1025 1788 400 500 2082 2236 568
11750 5 2 0 370 1025 1026 1789 1788 2082 2083 2237 2236
11751 5 2 0 370 1026 1027 1790 1789 2083 2084 2238 2237
11752 5 2 0 370 1027 1 386 1790 2084 496 566 2238
11753 5 2 0 371 232 1320 2004 482 502 2096 2239 569
11754 5 2 0 371 1320 1321 2005 2004 2096 2097 2240 2239
11755 5 2 0 371 1321 1322 2006 2005 2097 2098 2241 2240
11756 5 2 0 371 1322 1323 2007 2006 2098 2099 2242 2241
11757 5 2 0 371 1323 155 400 2007 2099 500 568 2242
11758 5 2 0 372 134 399 1783 948 513 570 2243 2144
11759 5 2 0 372 948 1783 1784 949 2144 2243 2244 2145
11760 5 2 0 372 949 1784 1785 950 2145 2244 2245 2146
11761 5 2 0 372 950 1785 1786 951 2146 2245 2246 2147
11762 5 2 0 372 951 1786 398 133 2147 2246 571 514
11763 5 2 0 373 221 406 1807 1270 517 572 2247 2158
11764 5 2 0 373 1270 1807 1808 1271 2158 2247 2248 2159
11765 5 2 0 373 1271 1808 1809 1272 2159 2248 2249 2160
11766 5 2 0 373 1272 1809 399 134 2160 2249 570 513
11767 5 2 0 374 298 488 2029 1631 519 573 2250 2172
11768 5 2 0 374 1631 2029 2030 1632 2172 2250 2251 2173
11769 5 2 0 374 1632 2030 2031 1633 2173 2251 2252 2174
11770 5 2 0 374 1633 2031 2032 1634 2174 2252 2253 2175
11771 5 2 0 374 1634 2032 406 221 2175 2253 572 517
11772 5 2 0 375 41 407 1811 705 498 574 2254 2074
11773 5 2 0 375 705 1811 1812 706 2074 2254 2255 2075
11774 5 2 0 375 706 1812 1813 707 2075 2255 2256 2076
11775 5 2 0 375 707 1813 1814 708 2076 2256 2257 2077
11776 5 2 0 375 708 1814 408 42 2077 2257 575 499
11777 5 2 0 376 175 421 1843 1103 501 576 2258 2087
11778 5 2 0 376 1103 1843 1844 1104 2087 2258 2259 2088
11779 5 2 0 376 1104 1844 1845 1105 2088 2259 2260 2089
11780 5 2 0 376 1105 1845 407 41 2089 2260 574 498
11781 5 2 0 377 252 489 2034 1418 512 577 2261 2136
11782 5 2 0 377 1418 2034 2035 1419 2136 2261 2262 2137
11783 5 2 0 377 1419 2035 2036 1420 2137 2262 2263 2138
11784 5 2 0 377 1420 2036 2037 1421 2138 2263 2264 2139
11785 5 2 0 377 1421 2037 421 175 2139 2264 576 501
11786 5 2 0 378 154 1016 1838 420 515 2150 2265 578
11787 5 2 0 378 1016 1017 1839 1838 2150 2151 2266 2265
11788 5 2 0 378 1017 1018 1840 1839 2151 2152 2267 2266
11789 5 2 0 378 1018 1019 1841 1840 2152 2153 2268 2267
11790 5 2 0 378 1019 153 419 1841 2153 516 579 2268
11791 5 2 0 379 231 1314 1862 427 518 2163 2269 580
11792 5 2 0 379 1314 1315 1863 1862 2163 2164 2270 2269
11793 5 2 0 379 1315 1316 1864 1863 2164 2165 2271 2270
11794 5 2 0 379 1316 154 420 1864 2165 515 578 2271
11795 5 2 0 380 308 1685 2059 495 529 2212 2272 581
11796 5 2 0 380 1685 1686 2060 2059 2212 2213 2273 2272
11797 5 2 0 380 1686 1687 2061 2060 2213 2214 2274 2273
11798 5 2 0 380 1687 1688 2062 2061 2214 2215 2275 2274
11799 5 2 0 380 1688 231 427 2062 2215 518 580 2275
11800 5 2 0 381 232 482 530 309 502 569 582 544
11801 5 2 0 382 298 375 536 488 519 555 583 573
11802 5 2 0 383 252 330 537 489 512 554 584 577
11803 5 2 0 384 308 495 543 385 529 581 585 565
$EndElements
