-2.208751E-02
-2.827713E-02
-2.671852E-02
-1.567569E-02
-1.738322E-02
-1.732142E-02
-1.709000E-02
-1.690754E-02
-1.712286E-02
-1.769371E-02
-1.829948E-02
-1.894782E-02
-1.965012E-02
-2.030435E-02
-2.099880E-02
-2.173386E-02
-2.215078E-02
-2.183088E-02
-2.080279E-02
-1.943479E-02
-1.791100E-02
-1.630559E-02
-1.468635E-02
-1.314079E-02
-1.212388E-02
-1.188138E-02
-1.205119E-02
-1.239533E-02
-1.269532E-02
-1.251521E-02
-1.203579E-02
-1.185970E-02
-1.174453E-02
-1.108746E-02
-1.025223E-02
-1.001787E-02
-1.029962E-02
-1.052250E-02
-1.071772E-02
-1.113415E-02
-1.130936E-02
-1.080356E-02
-1.034533E-02
-1.096630E-02
-1.254336E-02
-1.405783E-02
-1.473236E-02
-1.422381E-02
-1.229595E-02
-9.291934E-03
-5.922013E-03
-3.385392E-03
-4.431638E-03
-9.958720E-03
-1.561968E-02
-1.755411E-02
-1.753714E-02
-1.783880E-02
-1.769292E-02
-1.637407E-02
-1.416113E-02
-1.225298E-02
-1.201509E-02
-1.182831E-02
-9.180620E-03
-5.089634E-03
-2.271378E-03
-2.222554E-03
-5.529387E-03
-1.147721E-02
-1.744473E-02
-2.181538E-02
-2.465577E-02
-2.520179E-02
-2.261951E-02
-1.791512E-02
-1.366052E-02
-1.197556E-02
-1.208876E-02
-1.129582E-02
-9.091202E-03
-6.545772E-03
-4.167229E-03
-3.455710E-03
-4.582437E-03
-5.247320E-03
-5.118711E-03
-6.057822E-03
-8.977631E-03
-1.211613E-02
-1.107529E-02
-4.385148E-03
4.000459E-04
-4.321619E-03
-1.277792E-02
-1.395590E-02
-8.349517E-03
-6.961186E-03
-1.591398E-02
-2.548138E-02
-2.006194E-02
-1.576330E-04
1.688438E-02
1.947462E-02
1.474747E-02
1.656781E-02
2.616258E-02
3.239851E-02
2.822327E-02
1.924918E-02
1.548832E-02
1.535912E-02
7.107885E-03
-1.091971E-02
-2.699545E-02
-3.479234E-02
-3.966477E-02
-4.733070E-02
-5.414070E-02
-5.118024E-02
-3.985156E-02
-3.059896E-02
-2.659108E-02
-2.136020E-02
-9.528914E-03
4.229974E-03
1.088272E-02
9.627230E-03
9.024307E-03
1.600276E-02
2.671754E-02
3.342012E-02
3.697193E-02
4.248054E-02
4.276061E-02
2.530686E-02
-5.303257E-03
-3.225950E-02
-4.512865E-02
-4.626239E-02
-3.948868E-02
-2.433890E-02
-9.122976E-03
-5.353297E-03
-1.001493E-02
-8.047192E-03
7.726013E-03
2.629286E-02
3.443791E-02
2.891743E-02
1.413386E-02
1.229831E-03
-8.031525E-04
2.895735E-04
-1.066475E-02
-2.944069E-02
-3.718755E-02
-2.755315E-02
-1.170617E-02
-3.010238E-03
-1.955143E-03
1.228084E-03
8.274186E-03
5.228730E-03
-1.309203E-02
-3.187897E-02
-4.986315E-02
-7.859350E-02
-1.109952E-01
-1.315629E-01
-1.336348E-01
-1.191248E-01
-9.649450E-02
-7.056873E-02
-3.796235E-02
-5.025810E-03
1.241760E-02
1.787284E-02
2.478369E-02
2.662699E-02
1.156001E-02
-1.081121E-02
-1.869766E-02
-3.165295E-03
2.000220E-02
2.609931E-02
1.279067E-02
-3.059023E-04
-1.910390E-03
4.101051E-03
1.190816E-02
8.159271E-03
-1.887473E-02
-5.405850E-02
-7.478761E-02
-7.989195E-02
-7.302486E-02
-4.049529E-02
2.676953E-02
9.830797E-02
1.226829E-01
8.602615E-02
3.674718E-02
2.421226E-02
3.034155E-02
1.065758E-02
-4.224264E-02
-9.969118E-02
-1.278204E-01
-1.139530E-01
-6.070202E-02
1.589711E-02
8.228844E-02
1.198252E-01
1.365287E-01
1.289181E-01
7.877410E-02
-8.674934E-03
-1.057753E-01
-1.909261E-01
-2.512478E-01
-2.679513E-01
-2.187306E-01
-1.078443E-01
1.708225E-02
1.103507E-01
1.688998E-01
2.060463E-01
2.238456E-01
2.128113E-01
1.664679E-01
9.926641E-02
3.432460E-02
-2.333465E-02
-7.943942E-02
-1.243378E-01
-1.425570E-01
-1.389685E-01
-1.406607E-01
-1.684760E-01
-1.916697E-01
-1.397974E-01
1.449251E-02
2.024794E-01
3.288126E-01
3.723327E-01
3.565445E-01
2.897697E-01
1.792856E-01
4.604265E-02
-5.826846E-02
-5.187342E-02
7.237200E-02
1.745905E-01
1.083917E-01
-8.496441E-02
-2.276273E-01
-2.367457E-01
-1.708686E-01
-8.667263E-02
1.552393E-02
1.500008E-01
3.134550E-01
4.470515E-01
4.675956E-01
3.989256E-01
3.679957E-01
4.342171E-01
5.229623E-01
5.334825E-01
4.425556E-01
2.961423E-01
1.153725E-01
-1.339791E-01
-4.395783E-01
-7.101979E-01
-8.342228E-01
-7.432880E-01
-4.779020E-01
-1.367583E-01
1.881381E-01
3.911482E-01
4.316998E-01
3.698184E-01
2.584974E-01
1.430455E-01
8.348359E-02
7.898159E-02
4.538096E-02
-8.210067E-02
-2.625696E-01
-4.179423E-01
-5.261417E-01
-5.831545E-01
-5.398727E-01
-3.627140E-01
-1.166017E-01
7.264021E-02
7.437873E-02
-1.666660E-01
-4.807498E-01
-5.611398E-01
-3.074297E-01
6.398720E-02
3.174457E-01
4.153201E-01
3.864944E-01
2.732791E-01
2.092061E-01
2.822160E-01
3.995024E-01
4.425615E-01
4.159568E-01
3.788769E-01
3.658973E-01
3.665781E-01
3.210813E-01
1.705253E-01
-7.215333E-02
-2.977345E-01
-3.795734E-01
-3.025326E-01
-1.392647E-01
9.319755E-02
3.935389E-01
6.206934E-01
6.065719E-01
3.936135E-01
1.690077E-01
4.026181E-02
-6.216489E-03
-3.461527E-02
-9.932135E-02
-1.549705E-01
-9.502535E-02
5.697108E-02
1.282589E-01
-1.379414E-02
-2.756708E-01
-3.748087E-01
-1.267158E-01
3.339079E-01
6.324311E-01
5.068415E-01
7.208280E-02
-3.564287E-01
-6.307702E-01
-8.171769E-01
-9.729646E-01
-1.059833E+00
-9.911337E-01
-7.050565E-01
-2.873869E-01
4.772977E-02
1.911783E-01
1.913548E-01
1.011421E-01
-3.464990E-02
-1.503039E-01
-1.642714E-01
-4.678723E-03
2.579647E-01
3.836259E-01
2.325833E-01
3.049134E-03
1.828162E-02
3.375670E-01
7.325725E-01
9.610543E-01
9.256000E-01
6.236649E-01
1.402320E-01
-3.068166E-01
-5.574660E-01
-6.955153E-01
-8.102903E-01
-7.883061E-01
-5.214231E-01
-6.754469E-02
4.385453E-01
8.447313E-01
1.012843E+00
8.903772E-01
5.469055E-01
1.654280E-01
-5.789646E-02
-9.871116E-02
-1.187491E-01
-2.425719E-01
-4.278543E-01
-5.591759E-01
-5.825727E-01
-5.217841E-01
-4.271235E-01
-3.647829E-01
-3.746155E-01
-3.773740E-01
-1.931560E-01
2.474474E-01
7.167608E-01
8.456436E-01
5.265017E-01
-1.115780E-03
-4.470633E-01
-6.292929E-01
-5.416905E-01
-3.872713E-01
-3.560530E-01
-4.506832E-01
-5.676468E-01
-6.257897E-01
-6.157178E-01
-5.509453E-01
-4.140418E-01
-2.104480E-01
-2.375109E-02
5.352934E-02
6.436017E-02
1.570041E-01
3.310404E-01
3.848649E-01
2.226478E-01
4.217721E-02
7.303329E-02
2.592675E-01
3.082410E-01
-1.997218E-02
-6.625409E-01
-1.243604E+00
-1.398376E+00
-1.122794E+00
-6.560928E-01
-1.731543E-01
1.893948E-01
3.506604E-01
4.389416E-01
6.152783E-01
8.577786E-01
1.015011E+00
9.402846E-01
6.125835E-01
2.027972E-01
-2.739276E-02
-2.634044E-02
-6.627067E-02
-3.722473E-01
-7.903917E-01
-9.730686E-01
-7.207780E-01
-1.302621E-01
4.233555E-01
6.107588E-01
4.917174E-01
3.041080E-01
1.416633E-01
5.837323E-03
-9.756712E-02
-1.823601E-01
-2.951760E-01
-4.484131E-01
-5.600715E-01
-5.511032E-01
-4.623885E-01
-3.759202E-01
-3.064291E-01
-2.512017E-01
-2.068645E-01
-1.098053E-01
7.811968E-02
2.172150E-01
1.113494E-01
-1.873494E-01
-4.046811E-01
-3.645121E-01
-1.509465E-01
3.423160E-02
9.687316E-02
5.594604E-02
-4.863288E-02
-1.371566E-01
-1.038006E-01
7.548687E-02
2.689922E-01
2.722422E-01
5.367561E-02
-1.986427E-01
-3.292619E-01
-3.040001E-01
-1.230517E-01
1.645343E-01
4.448629E-01
5.841688E-01
4.879563E-01
2.202600E-01
-1.245772E-02
-1.004887E-01
-9.386718E-02
-1.058568E-02
1.755401E-01
3.797441E-01
4.836909E-01
5.087692E-01
5.295095E-01
4.957739E-01
3.201297E-01
6.891996E-02
-6.105881E-02
8.164598E-02
4.077213E-01
6.210682E-01
5.213672E-01
1.925419E-01
-1.060490E-01
-2.043403E-01
-1.074185E-01
9.013889E-02
2.243645E-01
1.273956E-01
-2.065152E-01
-6.037820E-01
-8.882494E-01
-1.002023E+00
-9.503467E-01
-7.027256E-01
-3.006932E-01
2.465636E-02
1.156805E-01
8.142918E-02
2.497871E-02
-9.784308E-02
-3.054069E-01
-4.848681E-01
-4.580868E-01
-1.918502E-01
1.252462E-01
3.020126E-01
3.026081E-01
1.380316E-01
-2.140169E-01
-6.408559E-01
-8.707523E-01
-8.132127E-01
-6.009989E-01
-2.920408E-01
8.122690E-02
3.695427E-01
5.135427E-01
6.342812E-01
8.660827E-01
1.224700E+00
1.532312E+00
1.598598E+00
1.483262E+00
1.378491E+00
1.345893E+00
1.301669E+00
1.168351E+00
9.744950E-01
8.200787E-01
7.791220E-01
8.697880E-01
1.047698E+00
1.223101E+00
1.361294E+00
1.493582E+00
1.611714E+00
1.650503E+00
1.556759E+00
1.351180E+00
1.157982E+00
1.086585E+00
1.061530E+00
9.457576E-01
7.839220E-01
7.482489E-01
9.032381E-01
1.136704E+00
1.290898E+00
1.309625E+00
1.262606E+00
1.237198E+00
1.251628E+00
1.251511E+00
1.174129E+00
1.034357E+00
9.117640E-01
8.576961E-01
8.453620E-01
8.012121E-01
6.682062E-01
4.391211E-01
1.356105E-01
-1.760149E-01
-3.794027E-01
-4.304854E-01
-4.010603E-01
-3.429507E-01
-2.142632E-01
3.108652E-02
2.905850E-01
3.381409E-01
1.251903E-01
-1.220766E-01
-2.021527E-01
-1.263616E-01
3.049076E-02
2.571123E-01
5.113404E-01
6.972271E-01
7.920133E-01
8.177871E-01
7.529126E-01
6.354859E-01
5.768025E-01
5.973976E-01
6.320593E-01
6.602444E-01
7.178870E-01
8.229815E-01
9.175116E-01
9.113176E-01
8.088885E-01
7.311089E-01
7.637958E-01
8.434344E-01
8.389404E-01
7.025471E-01
5.049413E-01
3.242176E-01
1.691273E-01
4.751120E-02
-8.037088E-03
-9.478618E-03
-1.011617E-02
-6.026852E-02
-1.761680E-01
-3.229040E-01
-4.598310E-01
-5.666128E-01
-6.194475E-01
-6.250314E-01
-6.680806E-01
-8.194401E-01
-1.049062E+00
-1.288553E+00
-1.520923E+00
-1.777337E+00
-2.032642E+00
-2.199294E+00
-2.241408E+00
-2.209850E+00
-2.195174E+00
-2.256849E+00
-2.366967E+00
-2.452657E+00
-2.468304E+00
-2.402292E+00
-2.279824E+00
-2.129604E+00
-1.963472E+00
-1.822286E+00
-1.742648E+00
-1.706391E+00
-1.672880E+00
-1.633031E+00
-1.599511E+00
-1.551000E+00
-1.430112E+00
-1.208239E+00
-9.338522E-01
-6.116368E-01
-1.080640E-01
6.637014E-01
1.648178E+00
2.665603E+00
3.349212E+00
3.485052E+00
3.284722E+00
2.952594E+00
2.478506E+00
1.926135E+00
1.422705E+00
9.824126E-01
5.481151E-01
6.110835E-02
-4.933400E-01
-9.916929E-01
-1.243830E+00
-1.252511E+00
-1.157325E+00
-1.034572E+00
-9.899958E-01
-1.158120E+00
-1.482772E+00
-1.750065E+00
-1.849999E+00
-1.779269E+00
-1.460179E+00
-8.137248E-01
-5.628674E-03
6.006859E-01
8.610080E-01
9.907806E-01
1.161386E+00
1.278508E+00
1.241652E+00
1.146563E+00
1.128984E+00
1.201607E+00
1.314422E+00
1.396375E+00
1.351161E+00
1.157109E+00
8.942149E-01
5.894495E-01
2.238112E-01
-1.732417E-01
-5.983354E-01
-1.041528E+00
-1.385339E+00
-1.484488E+00
-1.338476E+00
-1.159787E+00
-1.201745E+00
-1.496280E+00
-1.854787E+00
-2.103460E+00
-2.193938E+00
-2.158484E+00
-2.086234E+00
-2.093062E+00
-2.222024E+00
-2.416399E+00
-2.591704E+00
-2.682142E+00
-2.680926E+00
-2.645512E+00
-2.646071E+00
-2.695464E+00
-2.722010E+00
-2.665034E+00
-2.550512E+00
-2.435597E+00
-2.374687E+00
-2.427357E+00
-2.596923E+00
-2.802678E+00
-2.960736E+00
-3.062172E+00
-3.147627E+00
-3.189594E+00
-3.119864E+00
-2.977786E+00
-2.785393E+00
-2.419980E+00
-1.847252E+00
-1.172893E+00
-4.354424E-01
3.471543E-01
1.034465E+00
1.439480E+00
1.536089E+00
1.488373E+00
1.453499E+00
1.475502E+00
1.533146E+00
1.593262E+00
1.636406E+00
1.684122E+00
1.800449E+00
2.018869E+00
2.262794E+00
2.418057E+00
2.473611E+00
2.498999E+00
2.572064E+00
2.728475E+00
2.912667E+00
3.061250E+00
3.202376E+00
3.408740E+00
3.692847E+00
3.994142E+00
4.225059E+00
4.330968E+00
4.341082E+00
4.308111E+00
4.245768E+00
4.154339E+00
4.001803E+00
3.759584E+00
3.498756E+00
3.268692E+00
3.000908E+00
2.644972E+00
2.253445E+00
1.880548E+00
1.484616E+00
1.060383E+00
6.940291E-01
4.119347E-01
1.837570E-01
-6.216509E-04
-1.352407E-01
-2.443445E-01
-3.976297E-01
-6.136567E-01
-8.327817E-01
-1.015109E+00
-1.172305E+00
-1.332051E+00
-1.517254E+00
-1.746523E+00
-2.037037E+00
-2.355685E+00
-2.663140E+00
-2.952182E+00
-3.190801E+00
-3.360945E+00
-3.443526E+00
-3.426741E+00
-3.376151E+00
-3.365850E+00
-3.402746E+00
-3.470435E+00
-3.585212E+00
-3.741622E+00
-3.866494E+00
-3.914592E+00
-3.940383E+00
-4.004040E+00
-4.069669E+00
-4.078292E+00
-4.035667E+00
-3.997938E+00
-4.013408E+00
-4.000547E+00
-3.730635E+00
-3.097007E+00
-2.313424E+00
-1.596009E+00
-8.367057E-01
2.557084E-01
1.851245E+00
3.591441E+00
4.641582E+00
4.597878E+00
3.952449E+00
3.446155E+00
3.355746E+00
3.539350E+00
3.804102E+00
3.994642E+00
4.012673E+00
3.919154E+00
3.916289E+00
4.104720E+00
4.337256E+00
4.443950E+00
4.413382E+00
4.329957E+00
4.251752E+00
4.143813E+00
3.962838E+00
3.767030E+00
3.641394E+00
3.570281E+00
3.479538E+00
3.315113E+00
3.042650E+00
2.644393E+00
2.130330E+00
1.556376E+00
1.020995E+00
5.505676E-01
9.014674E-02
-3.293933E-01
-6.139422E-01
-7.083360E-01
-6.016110E-01
-4.115099E-01
-3.548493E-01
-5.028439E-01
-7.014258E-01
-8.095212E-01
-8.778214E-01
-1.023399E+00
-1.287661E+00
-1.573083E+00
-1.744767E+00
-1.845987E+00
-2.025196E+00
-2.312305E+00
-2.576116E+00
-2.712936E+00
-2.795114E+00
-2.906566E+00
-3.002998E+00
-3.040099E+00
-3.036725E+00
-2.965171E+00
-2.723570E+00
-2.282424E+00
-1.820893E+00
-1.555503E+00
-1.472295E+00
-1.417986E+00
-1.332581E+00
-1.231596E+00
-1.099662E+00
-9.323915E-01
-7.618515E-01
-6.054261E-01
-4.480335E-01
-2.661659E-01
-6.099387E-02
1.423019E-01
3.158428E-01
4.429696E-01
5.013018E-01
4.583360E-01
3.312906E-01
1.884364E-01
6.564371E-02
-3.970558E-02
-1.181320E-01
-1.369908E-01
-6.603033E-02
1.075647E-01
3.858293E-01
7.352261E-01
1.104783E+00
1.464182E+00
1.768213E+00
1.992646E+00
2.150283E+00
2.196940E+00
2.080583E+00
1.820402E+00
1.450055E+00
1.046570E+00
7.353095E-01
5.403014E-01
4.045497E-01
3.095840E-01
2.444544E-01
1.676666E-01
1.445209E-02
-2.427347E-01
-4.961584E-01
-5.880192E-01
-5.099405E-01
-3.975552E-01
-3.616976E-01
-4.350882E-01
-6.038035E-01
-7.917406E-01
-9.000332E-01
-9.281712E-01
-9.913888E-01
-1.157609E+00
-1.365984E+00
-1.528810E+00
-1.583805E+00
-1.510161E+00
-1.378962E+00
-1.292546E+00
-1.277252E+00
-1.236668E+00
-1.021152E+00
-5.736702E-01
6.687163E-02
7.262971E-01
1.100751E+00
1.064493E+00
7.062759E-01
1.218961E-01
-4.869301E-01
-8.821505E-01
-1.074224E+00
-1.148241E+00
-1.034023E+00
-7.176349E-01
-3.522506E-01
-6.420831E-02
1.223788E-01
2.095769E-01
1.712139E-01
-2.929295E-02
-3.059631E-01
-4.518035E-01
-4.199043E-01
-4.041877E-01
-5.455223E-01
-7.641205E-01
-9.305256E-01
-1.032159E+00
-1.109482E+00
-1.187501E+00
-1.290152E+00
-1.408481E+00
-1.477778E+00
-1.456608E+00
-1.404400E+00
-1.392588E+00
-1.386977E+00
-1.315864E+00
-1.171579E+00
-9.999725E-01
-8.618154E-01
-7.497224E-01
-5.641074E-01
-2.291636E-01
2.076846E-01
6.214292E-01
9.821674E-01
1.346835E+00
1.711727E+00
2.009363E+00
2.134322E+00
2.032946E+00
1.766997E+00
1.424324E+00
1.122686E+00
9.591649E-01
8.844274E-01
8.135884E-01
7.574134E-01
7.314287E-01
6.805648E-01
5.809139E-01
4.863847E-01
4.197081E-01
3.272861E-01
1.778975E-01
1.977274E-02
-1.235226E-01
-3.157496E-01
-5.882204E-01
-8.586016E-01
-1.011745E+00
-1.010862E+00
-8.976209E-01
-7.018751E-01
-4.441909E-01
-1.892918E-01
1.435644E-02
1.254954E-01
5.723890E-02
-1.627430E-01
-3.833679E-01
-5.530672E-01
-7.194301E-01
-9.163344E-01
-1.086654E+00
-1.081111E+00
-8.385922E-01
-4.502211E-01
2.353439E-03
4.945908E-01
9.728204E-01
1.340821E+00
1.501921E+00
1.452577E+00
1.283894E+00
1.044019E+00
7.637056E-01
4.944250E-01
2.236327E-01
-3.299397E-02
-1.863753E-01
-2.225614E-01
-2.023725E-01
-1.558838E-01
-6.344510E-02
8.207507E-02
2.260921E-01
3.081586E-01
3.515629E-01
4.592758E-01
7.012963E-01
1.010224E+00
1.258751E+00
1.396385E+00
1.429268E+00
1.382533E+00
1.298834E+00
1.202382E+00
1.079993E+00
9.353335E-01
8.365517E-01
8.133952E-01
7.882835E-01
6.839365E-01
5.013597E-01
2.859684E-01
8.773377E-02
-3.440602E-02
-6.292016E-02
-6.895645E-02
-7.316985E-02
1.675970E-02
2.077326E-01
3.442349E-01
2.897158E-01
1.028304E-01
-5.699561E-02
-1.731651E-01
-3.294659E-01
-5.309368E-01
-7.012070E-01
-7.672489E-01
-7.167657E-01
-5.913340E-01
-4.562641E-01
-3.730400E-01
-3.751462E-01
-4.389112E-01
-5.091508E-01
-6.066592E-01
-8.086883E-01
-1.063306E+00
-1.187863E+00
-1.078482E+00
-8.189104E-01
-5.810394E-01
-4.093733E-01
-2.180027E-01
1.173600E-02
2.073481E-01
3.008158E-01
2.810800E-01
2.283601E-01
2.537886E-01
3.557518E-01
4.317665E-01
4.517809E-01
4.925424E-01
5.921051E-01
6.950513E-01
7.583601E-01
7.821817E-01
7.480978E-01
6.662726E-01
5.903766E-01
5.262368E-01
4.594415E-01
4.265339E-01
4.820222E-01
6.033022E-01
6.813673E-01
6.756853E-01
6.713003E-01
7.207378E-01
7.690608E-01
7.729662E-01
7.678885E-01
7.803217E-01
7.726739E-01
7.212891E-01
6.676951E-01
6.613323E-01
6.963305E-01
7.266012E-01
7.178105E-01
6.510318E-01
5.184575E-01
3.441152E-01
1.618081E-01
-9.963723E-03
-1.873082E-01
-3.982850E-01
-5.990839E-01
-7.411671E-01
-8.401873E-01
-9.018058E-01
-9.306207E-01
-9.517191E-01
-9.597829E-01
-9.109546E-01
-7.612717E-01
-5.352159E-01
-3.299201E-01
-1.941909E-01
-9.645408E-02
-2.566806E-02
2.976413E-03
2.031455E-03
1.231390E-02
4.457281E-02
6.848636E-02
9.637776E-02
1.547557E-01
2.101724E-01
2.235179E-01
2.099821E-01
1.941026E-01
1.575152E-01
8.668695E-02
3.508046E-02
4.443283E-02
7.158779E-02
8.215738E-02
9.343662E-02
1.058470E-01
1.107637E-01
1.378482E-01
2.153167E-01
3.220966E-01
4.192971E-01
5.108891E-01
6.126767E-01
6.600874E-01
5.800398E-01
4.241501E-01
2.845812E-01
1.719202E-01
5.728451E-02
-7.215922E-02
-2.006008E-01
-2.920506E-01
-3.188986E-01
-2.720274E-01
-2.074403E-01
-2.042795E-01
-2.143132E-01
-1.408029E-01
-1.891976E-03
1.323958E-01
2.246058E-01
2.511154E-01
1.876280E-01
4.078920E-02
-1.228918E-01
-2.400713E-01
-3.181844E-01
-3.754395E-01
-3.843686E-01
-3.453277E-01
-3.002380E-01
-2.351761E-01
-1.228997E-01
-2.135980E-02
6.318974E-03
-1.883422E-02
-6.057861E-02
-1.389842E-01
-2.830734E-01
-4.416992E-01
-5.173127E-01
-5.142225E-01
-5.097050E-01
-4.909277E-01
-4.023974E-01
-2.714868E-01
-1.695001E-01
-1.455971E-01
-2.117557E-01
-3.132627E-01
-3.723650E-01
-3.819023E-01
-3.753826E-01
-3.662397E-01
-3.785895E-01
-4.460597E-01
-5.471478E-01
-6.133604E-01
-6.212045E-01
-6.222758E-01
-6.607153E-01
-7.234816E-01
-7.779948E-01
-7.886347E-01
-7.288222E-01
-6.218824E-01
-5.215035E-01
-4.554096E-01
-4.028163E-01
-3.569751E-01
-3.845716E-01
-5.112109E-01
-6.452488E-01
-6.853374E-01
-6.008664E-01
-4.336344E-01
-2.692894E-01
-1.682376E-01
-1.162357E-01
-6.890956E-02
-1.133438E-02
4.018765E-02
5.534243E-02
3.402520E-02
2.234267E-02
4.616920E-02
6.873847E-02
7.798253E-02
1.408804E-01
2.896324E-01
4.646634E-01
6.154264E-01
7.593254E-01
9.016420E-01
9.909571E-01
1.006359E+00
1.007811E+00
1.044961E+00
1.096778E+00
1.134997E+00
1.141756E+00
1.085633E+00
9.611269E-01
8.215188E-01
7.113731E-01
6.071389E-01
4.799641E-01
3.396791E-01
2.219032E-01
1.564940E-01
1.409540E-01
1.720978E-01
2.291224E-01
2.658863E-01
2.671822E-01
2.208918E-01
1.135076E-01
-3.347515E-03
-6.310901E-02
-7.066427E-02
-6.334503E-02
-5.590464E-02
-5.095157E-02
-4.665891E-02
-4.375437E-02
-4.976466E-02
-5.591288E-02
-5.708969E-02
-6.712080E-02
-8.486042E-02
-9.333881E-02
-8.885064E-02
-8.264601E-02
-6.253071E-02
-1.255307E-02
3.180039E-02
1.844859E-02
-4.650892E-02
-8.982222E-02
-6.203275E-02
-8.685803E-03
1.610753E-03
-3.341845E-02
-6.872739E-02
-7.689569E-02
-7.477074E-02
-8.586271E-02
-1.077923E-01
-1.275908E-01
-1.234696E-01
-7.640342E-02
-4.044251E-03
6.137048E-02
1.009940E-01
1.196320E-01
1.603955E-01
2.449223E-01
3.333203E-01
3.766569E-01
3.607726E-01
3.173123E-01
2.908655E-01
2.831607E-01
2.700703E-01
2.610088E-01
2.913698E-01
3.675150E-01
4.551948E-01
5.299597E-01
5.888972E-01
5.966373E-01
5.147905E-01
3.822663E-01
2.504993E-01
1.211751E-01
8.533817E-03
-8.139014E-02
-1.685750E-01
-2.356234E-01
-2.653007E-01
-2.714898E-01
-2.671812E-01
-2.611069E-01
-2.435254E-01
-2.042550E-01
-1.753331E-01
-2.033966E-01
-2.855201E-01
-3.702637E-01
-4.336677E-01
-4.974160E-01
-5.607955E-01
-6.041891E-01
-6.337790E-01
-6.553011E-01
-6.508042E-01
-6.055801E-01
-5.330646E-01
-4.585459E-01
-3.841939E-01
-3.041257E-01
-2.500559E-01
-2.464655E-01
-2.595157E-01
-2.660560E-01
-2.950848E-01
-3.695231E-01
-4.580986E-01
-5.038808E-01
-4.858216E-01
-4.401973E-01
-4.225971E-01
-4.264319E-01
-3.903389E-01
-3.008227E-01
-2.049927E-01
-1.488952E-01
-1.498016E-01
-1.816272E-01
-1.924163E-01
-1.720468E-01
-1.547969E-01
-1.490522E-01
-1.392196E-01
-1.296735E-01
-1.216666E-01
-9.997763E-02
-5.636424E-02
-8.243166E-03
5.088692E-03
-3.168581E-02
-8.551073E-02
-1.039095E-01
-6.987477E-02
-2.324941E-02
-4.092683E-04
1.422999E-02
4.461353E-02
8.441986E-02
1.315237E-01
2.057510E-01
3.030574E-01
3.820524E-01
4.215435E-01
4.423741E-01
4.750463E-01
5.247850E-01
5.654455E-01
5.976723E-01
6.548656E-01
7.302711E-01
7.712122E-01
7.340666E-01
6.441285E-01
5.706546E-01
5.289169E-01
4.899291E-01
4.431412E-01
3.851592E-01
2.940646E-01
1.533656E-01
-2.101665E-02
-1.951444E-01
-3.352195E-01
-4.182631E-01
-4.521282E-01
-4.453436E-01
-3.528912E-01
-1.498213E-01
8.310689E-02
2.497322E-01
3.161174E-01
2.603682E-01
8.024423E-02
-1.547900E-01
-3.591804E-01
-4.933420E-01
-5.490686E-01
-5.561809E-01
-5.651561E-01
-5.889659E-01
-5.948990E-01
-5.411657E-01
-4.412999E-01
-3.732430E-01
-3.723798E-01
-3.957540E-01
-4.035118E-01
-3.826822E-01
-3.442300E-01
-3.175713E-01
-3.061161E-01
-2.868542E-01
-2.748115E-01
-3.252682E-01
-4.357788E-01
-5.327899E-01
-5.596576E-01
-4.956130E-01
-3.580238E-01
-2.074118E-01
-5.804391E-02
1.492189E-01
3.911973E-01
5.309300E-01
5.334384E-01
4.893512E-01
4.497326E-01
4.206332E-01
4.104082E-01
4.147334E-01
4.135298E-01
4.071964E-01
4.232446E-01
4.671345E-01
4.972728E-01
4.767758E-01
4.309916E-01
4.056710E-01
4.049862E-01
3.994612E-01
3.602310E-01
2.794908E-01
1.750536E-01
7.806337E-02
-6.344568E-03
-1.008733E-01
-2.019565E-01
-2.758474E-01
-3.044612E-01
-2.961011E-01
-2.744416E-01
-2.555711E-01
-2.115517E-01
-9.799464E-02
6.516754E-02
1.918071E-01
2.115968E-01
1.307879E-01
2.139433E-02
-7.320183E-02
-1.771215E-01
-2.964376E-01
-3.919870E-01
-4.411302E-01
-4.546248E-01
-4.411734E-01
-3.919350E-01
-2.928550E-01
-1.571797E-01
-3.443545E-02
2.674334E-02
1.079375E-02
-5.065913E-02
-1.099054E-01
-1.608193E-01
-2.335025E-01
-3.368695E-01
-4.371915E-01
-4.958994E-01
-5.173912E-01
-5.323289E-01
-5.549831E-01
-5.868087E-01
-6.308527E-01
-6.996463E-01
-7.906252E-01
-8.750030E-01
-9.448050E-01
-9.946065E-01
-9.725026E-01
-8.268103E-01
-5.698972E-01
-2.916111E-01
-8.492674E-02
5.748807E-02
1.713758E-01
2.153707E-01
1.726707E-01
1.392323E-01
1.898039E-01
2.791190E-01
3.318223E-01
3.169405E-01
2.609176E-01
2.252710E-01
2.401390E-01
2.806965E-01
3.048928E-01
2.976285E-01
2.735175E-01
2.682378E-01
3.256008E-01
4.343358E-01
5.486449E-01
6.655271E-01
7.840780E-01
8.870849E-01
9.772673E-01
1.049798E+00
1.067848E+00
9.973827E-01
8.548866E-01
6.770980E-01
4.714431E-01
2.535669E-01
5.031421E-02
-1.214331E-01
-2.305321E-01
-2.711406E-01
-2.653213E-01
-2.138413E-01
-1.499566E-01
-1.609684E-01
-2.699761E-01
-3.865954E-01
-4.435493E-01
-4.653874E-01
-4.702561E-01
-4.449551E-01
-4.169289E-01
-4.262082E-01
-4.460048E-01
-4.329104E-01
-4.016351E-01
-3.764401E-01
-3.403658E-01
-2.774386E-01
-2.163262E-01
-1.967886E-01
-2.210634E-01
-2.707177E-01
-3.217964E-01
-3.415244E-01
-3.043376E-01
-1.918875E-01
-1.823100E-02
1.605868E-01
2.955194E-01
3.729095E-01
4.051824E-01
3.877510E-01
3.098930E-01
1.968808E-01
7.435843E-02
-4.372209E-02
-1.225446E-01
-1.400505E-01
-1.227682E-01
-1.012637E-01
-5.998697E-02
3.217955E-02
1.658096E-01
2.972381E-01
3.894197E-01
4.436111E-01
4.826373E-01
5.131876E-01
5.274396E-01
5.201419E-01
4.811128E-01
4.033676E-01
3.125584E-01
2.382565E-01
1.777807E-01
1.262763E-01
1.004662E-01
1.229684E-01
1.754832E-01
1.843878E-01
1.113033E-01
1.828417E-02
-1.035612E-02
2.622007E-02
7.197568E-02
9.378389E-02
8.796078E-02
5.495591E-02
9.622943E-03
-1.504520E-02
-1.986241E-02
-5.613822E-02
-1.483723E-01
-2.420196E-01
-2.782410E-01
-2.523220E-01
-1.903837E-01
-1.231390E-01
-5.606415E-02
2.371165E-02
1.229948E-01
2.367585E-01
3.353421E-01
3.908422E-01
3.845206E-01
3.040747E-01
1.947069E-01
1.133183E-01
6.417486E-02
3.530648E-02
1.336299E-02
-2.476034E-02
-8.138602E-02
-1.237002E-01
-1.351465E-01
-1.347914E-01
-1.433751E-01
-1.663688E-01
-1.754528E-01
-1.240092E-01
-6.630383E-03
1.340154E-01
2.602014E-01
3.491987E-01
3.733411E-01
3.201484E-01
2.100919E-01
8.159575E-02
-2.205268E-02
-6.974616E-02
-6.449065E-02
-2.271417E-02
4.792568E-02
1.385064E-01
2.301887E-01
2.831480E-01
2.578666E-01
1.706803E-01
8.829343E-02
5.386141E-02
6.971908E-02
1.256180E-01
1.855002E-01
2.000543E-01
1.633561E-01
1.349395E-01
1.532871E-01
1.784331E-01
1.685397E-01
1.310557E-01
1.033768E-01
1.247479E-01
2.071597E-01
3.198884E-01
4.193952E-01
4.931938E-01
5.512023E-01
5.631744E-01
4.709134E-01
2.976285E-01
1.333287E-01
9.779609E-03
-1.055301E-01
-2.321909E-01
-3.402814E-01
-3.913238E-01
-3.972324E-01
-3.914445E-01
-3.877550E-01
-3.808203E-01
-3.459781E-01
-2.653173E-01
-1.411512E-01
9.452327E-03
1.427679E-01
2.208780E-01
2.566600E-01
2.672578E-01
2.366496E-01
1.867118E-01
1.745307E-01
1.908065E-01
1.759630E-01
1.266618E-01
8.873214E-02
7.304644E-02
6.170186E-02
6.528633E-02
8.898151E-02
1.089204E-01
1.430524E-01
2.164959E-01
2.953889E-01
3.276736E-01
2.983633E-01
2.551012E-01
2.415006E-01
2.525908E-01
2.765370E-01
3.010444E-01
3.147077E-01
3.040296E-01
2.605516E-01
1.975763E-01
1.324379E-01
7.783588E-02
3.723219E-02
2.417586E-03
-3.836760E-02
-8.293933E-02
-9.841392E-02
-7.273889E-02
-5.699767E-02
-6.878517E-02
-6.519549E-02
-4.751660E-02
-5.735054E-02
-9.914967E-02
-1.454774E-01
-1.820491E-01
-2.039715E-01
-1.931481E-01
-1.356360E-01
-4.399648E-02
6.455186E-02
1.748152E-01
2.629639E-01
3.142908E-01
3.321941E-01
3.140348E-01
2.623194E-01
2.175034E-01
1.871522E-01
1.259859E-01
2.866659E-02
-7.505425E-02
-1.675058E-01
-2.529871E-01
-3.371942E-01
-3.941324E-01
-4.065235E-01
-3.963632E-01
-3.693553E-01
-3.202288E-01
-2.732654E-01
-2.525016E-01
-2.531323E-01
-2.449380E-01
-2.041363E-01
-1.411875E-01
-8.699969E-02
-5.663293E-02
-3.570389E-02
-8.653087E-03
1.717505E-02
1.528270E-02
-2.597796E-02
-7.972862E-02
-1.110276E-01
-1.088292E-01
-9.141821E-02
-6.703624E-02
-1.548999E-02
6.243535E-02
1.454225E-01
2.203385E-01
2.786521E-01
3.195764E-01
3.594502E-01
4.059751E-01
4.103072E-01
3.324874E-01
2.209104E-01
1.213291E-01
1.610576E-02
-9.802731E-02
-1.941144E-01
-2.601043E-01
-2.959353E-01
-3.075916E-01
-3.137405E-01
-3.332555E-01
-3.510224E-01
-3.299652E-01
-2.644070E-01
-1.907672E-01
-1.518421E-01
-1.457727E-01
-1.289937E-01
-8.542587E-02
-4.854155E-02
-4.388955E-02
-5.772292E-02
-6.552011E-02
-6.355879E-02
-6.545399E-02
-7.166784E-02
-6.188452E-02
-3.165883E-02
9.207215E-03
6.682925E-02
1.173256E-01
1.182007E-01
9.183229E-02
6.942311E-02
3.666733E-02
-5.417779E-03
-4.093595E-02
-6.645245E-02
-7.530401E-02
-6.463387E-02
-4.137338E-02
-1.368269E-02
9.603833E-03
2.329071E-02
3.014485E-02
3.960846E-02
4.374456E-02
3.354775E-02
3.525145E-02
6.558574E-02
9.107369E-02
6.583403E-02
-3.413674E-03
-6.734997E-02
-1.011499E-01
-1.082926E-01
-1.088047E-01
-1.502951E-01
-2.505768E-01
-3.518406E-01
-4.056592E-01
-4.216740E-01
-4.164992E-01
-4.026328E-01
-3.843117E-01
-3.514786E-01
-3.034341E-01
-2.449086E-01
-1.824120E-01
-1.270189E-01
-8.170465E-02
-4.661643E-02
-2.528498E-02
-2.452314E-02
-5.005150E-02
-8.146675E-02
-8.700577E-02
-7.257516E-02
-6.654300E-02
-7.696033E-02
-9.075251E-02
-1.081131E-01
-1.374047E-01
-1.618434E-01
-1.628666E-01
-1.482978E-01
-1.240622E-01
-7.957794E-02
-2.832824E-02
-1.396071E-04
-2.951329E-03
-1.829457E-02
-2.499794E-02
-3.128988E-02
-5.694008E-02
-9.382058E-02
-1.092903E-01
-7.498627E-02
1.151498E-02
1.180015E-01
2.262608E-01
3.580807E-01
5.121595E-01
6.463122E-01
7.198549E-01
6.976146E-01
5.868764E-01
4.714088E-01
4.028300E-01
3.515394E-01
2.951594E-01
2.417606E-01
1.974380E-01
1.605554E-01
1.134134E-01
4.187310E-02
-2.658382E-02
-5.995097E-02
-6.502637E-02
-5.711196E-02
-3.239546E-02
9.409615E-03
4.339758E-02
4.939943E-02
3.392779E-02
1.934218E-03
-4.759233E-02
-1.098671E-01
-1.756274E-01
-2.242321E-01
-2.424777E-01
-2.516393E-01
-2.743504E-01
-2.968045E-01
-3.013200E-01
-2.870730E-01
-2.523515E-01
-2.047788E-01
-1.583805E-01
-1.083573E-01
-4.716383E-02
1.502058E-02
7.387195E-02
1.227682E-01
1.389390E-01
1.383132E-01
1.689380E-01
2.207701E-01
2.459475E-01
2.522092E-01
2.696632E-01
2.828145E-01
2.719695E-01
2.492191E-01
2.159858E-01
1.512221E-01
6.290672E-02
-5.068101E-03
-2.941381E-02
-1.667602E-02
1.592202E-02
3.858538E-02
4.285538E-02
6.073911E-02
1.134968E-01
1.808532E-01
2.393866E-01
2.657745E-01
2.290390E-01
1.410600E-01
4.082569E-02
-5.973231E-02
-1.548244E-01
-2.328541E-01
-2.896020E-01
-3.108730E-01
-2.869974E-01
-2.436726E-01
-2.035241E-01
-1.634787E-01
-1.290231E-01
-1.121626E-01
-1.075304E-01
-9.669168E-02
-7.751597E-02
-6.826965E-02
-7.462850E-02
-7.596001E-02
-5.897311E-02
-4.682215E-02
-4.442508E-02
-1.219452E-02
3.973727E-02
5.286452E-02
2.897854E-02
1.548567E-02
3.078515E-02
6.410315E-02
1.068093E-01
1.508395E-01
1.720929E-01
1.581146E-01
1.282245E-01
9.837370E-02
5.811415E-02
8.898259E-03
-8.568966E-03
1.685466E-02
4.775410E-02
7.014847E-02
9.221204E-02
9.609229E-02
5.754497E-02
6.515645E-03
-1.247842E-02
-5.766691E-03
1.061766E-02
4.978614E-02
1.277723E-01
2.259577E-01
3.040462E-01
3.491055E-01
3.866101E-01
4.203202E-01
3.986284E-01
3.040139E-01
1.927969E-01
1.152096E-01
9.189557E-02
1.247273E-01
1.825435E-01
2.252484E-01
2.356499E-01
2.343050E-01
2.592028E-01
2.893724E-01
2.735048E-01
2.298591E-01
1.820736E-01
1.103674E-01
2.566512E-02
-5.133455E-02
-1.233568E-01
-1.827269E-01
-2.232177E-01
-2.437020E-01
-2.300612E-01
-1.868766E-01
-1.477003E-01
-1.289456E-01
-1.189561E-01
-1.114651E-01
-1.093354E-01
-1.038555E-01
-7.864638E-02
-4.068962E-02
-1.789825E-02
-2.163488E-02
-3.564326E-02
-2.654243E-02
2.050212E-02
7.505229E-02
9.645015E-02
8.623716E-02
8.129851E-02
1.120577E-01
1.622898E-01
1.616060E-01
8.172358E-02
-8.439906E-03
-5.315627E-02
-8.439141E-02
-1.452773E-01
-2.226399E-01
-2.827948E-01
-3.171514E-01
-3.454748E-01
-3.940422E-01
-4.533378E-01
-4.905343E-01
-4.924708E-01
-4.634087E-01
-4.398333E-01
-4.504978E-01
-4.521360E-01
-4.146314E-01
-3.771935E-01
-3.682409E-01
-3.619949E-01
-3.226950E-01
-2.671685E-01
-2.310765E-01
-1.977480E-01
-1.398062E-01
-7.785491E-02
-2.630159E-02
4.682607E-02
1.395767E-01
2.082222E-01
2.397103E-01
2.532942E-01
2.577528E-01
2.414329E-01
2.073893E-01
1.779475E-01
1.727217E-01
1.908751E-01
2.102852E-01
2.050722E-01
1.579675E-01
7.082948E-02
-2.752186E-02
-1.070987E-01
-1.584178E-01
-1.754146E-01
-1.728728E-01
-1.689704E-01
-1.332110E-01
-4.323836E-02
6.081582E-02
1.244614E-01
1.281569E-01
7.975599E-02
2.328531E-03
-6.752527E-02
-1.033640E-01
-1.141649E-01
-1.450163E-01
-2.216609E-01
-3.165697E-01
-4.009200E-01
-4.716707E-01
-5.235901E-01
-5.306935E-01
-4.716697E-01
-3.645376E-01
-2.413064E-01
-1.299423E-01
-5.047304E-02
1.467900E-02
8.132990E-02
1.212644E-01
1.078776E-01
6.059235E-02
1.889926E-02
-3.795960E-03
-1.067406E-02
2.812772E-03
3.241636E-02
5.936855E-02
8.052725E-02
1.148839E-01
1.686859E-01
2.051497E-01
1.752115E-01
8.702451E-02
-7.210193E-03
-8.406091E-02
-1.405773E-01
-1.702251E-01
-1.788441E-01
-1.759100E-01
-1.735399E-01
-1.760591E-01
-1.673046E-01
-1.539238E-01
-1.510475E-01
-1.278969E-01
-6.319837E-02
2.132822E-03
2.658226E-02
2.571750E-02
2.573134E-02
1.880459E-02
3.256017E-03
-7.565835E-03
-1.536315E-02
-2.246725E-02
-3.226637E-03
6.185843E-02
1.422999E-01
2.038606E-01
2.402018E-01
2.469010E-01
2.296305E-01
2.061925E-01
1.879763E-01
1.831262E-01
1.867795E-01
1.813025E-01
1.633954E-01
1.302052E-01
8.419207E-02
6.553933E-02
8.950899E-02
1.216018E-01
1.509788E-01
1.938378E-01
2.446241E-01
2.691295E-01
2.455070E-01
1.873632E-01
1.300109E-01
1.013393E-01
1.011068E-01
1.124295E-01
1.199694E-01
1.263626E-01
1.408687E-01
1.493062E-01
1.230360E-01
5.989152E-02
-4.756702E-03
-4.495913E-02
-6.842220E-02
-6.970809E-02
-3.254134E-02
2.362837E-02
7.598502E-02
1.277301E-01
1.792827E-01
2.129025E-01
2.181185E-01
2.012973E-01
1.672713E-01
1.265500E-01
9.461048E-02
8.213903E-02
7.969330E-02
5.891768E-02
2.183323E-02
-3.375592E-03
-1.594488E-02
-3.021774E-02
-3.609148E-02
-7.418606E-03
6.057459E-02
1.386212E-01
1.901992E-01
1.974047E-01
1.655222E-01
1.095237E-01
4.475489E-02
-1.991322E-02
-8.048291E-02
-1.198880E-01
-1.254856E-01
-1.143130E-01
-1.032954E-01
-8.551053E-02
-6.696649E-02
-6.001532E-02
-5.347470E-02
-5.374801E-02
-8.216032E-02
-1.235285E-01
-1.366504E-01
-1.057489E-01
-5.161453E-02
1.703193E-03
3.530089E-02
3.793046E-02
2.499971E-02
1.846438E-02
2.059629E-02
2.469363E-02
2.692806E-02
3.168865E-02
4.625739E-02
7.522534E-02
1.150134E-01
1.552256E-01
1.801852E-01
1.645294E-01
1.188521E-01
8.885918E-02
9.027201E-02
1.112523E-01
1.408010E-01
1.734104E-01
2.037910E-01
2.246853E-01
2.503031E-01
2.930757E-01
3.274745E-01
3.360828E-01
3.386324E-01
3.405012E-01
3.171907E-01
2.748124E-01
2.357039E-01
1.936935E-01
1.459767E-01
1.049111E-01
6.423176E-02
1.553188E-03
-7.044895E-02
-1.142286E-01
-1.235177E-01
-1.220472E-01
-1.321162E-01
-1.594056E-01
-1.960784E-01
-2.165842E-01
-1.915559E-01
-1.305633E-01
-7.470080E-02
-5.765563E-02
-8.170965E-02
-1.171206E-01
-1.376353E-01
-1.436390E-01
-1.536687E-01
-1.648629E-01
-1.493425E-01
-1.171765E-01
-1.127473E-01
-1.509739E-01
-2.036016E-01
-2.408080E-01
-2.724257E-01
-3.228706E-01
-3.885702E-01
-4.378546E-01
-4.268341E-01
-3.398743E-01
-2.130938E-01
-9.757261E-02
-1.642910E-02
4.822037E-02
1.156010E-01
1.615295E-01
1.553973E-01
1.068407E-01
5.203675E-02
2.361718E-02
1.626321E-02
-1.212359E-02
-5.844926E-02
-7.154021E-02
-3.669921E-02
2.574850E-02
9.542364E-02
1.660244E-01
2.384075E-01
2.911785E-01
2.921340E-01
2.401253E-01
1.602120E-01
7.283945E-02
-6.566726E-03
-6.087870E-02
-7.952310E-02
-5.100611E-02
1.929352E-02
8.157309E-02
9.889952E-02
8.956608E-02
9.234437E-02
1.163054E-01
1.313785E-01
1.229968E-01
1.194760E-01
1.344225E-01
1.396973E-01
1.218118E-01
9.666215E-02
8.170759E-02
8.462822E-02
9.780021E-02
1.065935E-01
1.028382E-01
8.873792E-02
7.437245E-02
6.735575E-02
5.296988E-02
2.396681E-02
1.001120E-02
2.566688E-02
5.239786E-02
7.698035E-02
9.862091E-02
1.209553E-01
1.469077E-01
1.554777E-01
1.110531E-01
2.117685E-02
-8.666939E-02
-1.972703E-01
-2.711268E-01
-2.819404E-01
-2.435980E-01
-1.844506E-01
-1.221345E-01
-4.473654E-02
4.060761E-02
9.514022E-02
9.574207E-02
4.281516E-02
-4.316783E-02
-1.319190E-01
-2.109140E-01
-2.756041E-01
-3.079869E-01
-2.981749E-01
-2.658696E-01
-2.370665E-01
-2.144378E-01
-1.898323E-01
-1.605132E-01
-1.211015E-01
-6.992902E-02
-1.716044E-02
2.638184E-02
5.698884E-02
6.790335E-02
5.428413E-02
2.853435E-02
1.581637E-03
-2.772129E-02
-5.689957E-02
-6.466566E-02
-4.072592E-02
-1.796133E-02
-1.081965E-02
3.005637E-03
2.748536E-02
5.471292E-02
7.531745E-02
8.323373E-02
9.190675E-02
1.063983E-01
1.087036E-01
8.532169E-02
3.782157E-02
-2.070557E-02
-7.429015E-02
-1.203579E-01
-1.519177E-01
-1.581725E-01
-1.518215E-01
-1.327430E-01
-8.225724E-02
-1.437332E-02
4.455418E-02
9.579465E-02
1.439706E-01
1.728944E-01
1.708127E-01
1.443748E-01
9.975789E-02
4.542619E-02
1.388252E-03
-2.521072E-02
-4.908502E-02
-6.833156E-02
-6.131338E-02
-2.643059E-02
1.666631E-02
5.744030E-02
9.591845E-02
1.212869E-01
1.219334E-01
1.065641E-01
9.439506E-02
9.440869E-02
1.012696E-01
1.085143E-01
1.214468E-01
1.431308E-01
1.539748E-01
1.484518E-01
1.593860E-01
1.825719E-01
1.722136E-01
1.354163E-01
1.219824E-01
1.376627E-01
1.389224E-01
1.181016E-01
1.049307E-01
9.457085E-02
7.831637E-02
7.564981E-02
8.064605E-02
6.777091E-02
4.379665E-02
2.351349E-02
5.188489E-03
-8.449402E-03
-5.914449E-03
1.962275E-02
5.577034E-02
8.450118E-02
9.559237E-02
7.332386E-02
1.210417E-02
-6.575633E-02
-1.327489E-01
-1.829948E-01
-2.285916E-01
-2.700134E-01
-2.817206E-01
-2.411102E-01
-1.723774E-01
-1.208445E-01
-9.227639E-02
-8.350723E-02
-1.143885E-01
-1.692863E-01
-1.969093E-01
-1.843652E-01
-1.688517E-01
-1.805570E-01
-1.991822E-01
-1.913931E-01
-1.566991E-01
-9.758959E-02
-1.645608E-02
5.208207E-02
8.712918E-02
1.034445E-01
9.782620E-02
6.269267E-02
2.408139E-02
2.725493E-04
-1.710962E-02
-2.272369E-02
-8.303243E-03
1.138882E-02
2.592302E-02
3.847090E-02
4.316743E-02
2.468853E-02
-1.599834E-02
-5.404574E-02
-6.930696E-02
-5.782475E-02
-3.488407E-02
-3.527401E-02
-6.512575E-02
-9.793676E-02
-1.254405E-01
-1.578537E-01
-2.011747E-01
-2.458288E-01
-2.785697E-01
-2.961198E-01
-2.908479E-01
-2.618780E-01
-2.183108E-01
-1.543702E-01
-6.461680E-02
3.922891E-02
1.322977E-01
1.849283E-01
1.733250E-01
1.049827E-01
3.341266E-02
-6.803971E-03
-4.918361E-02
-1.261831E-01
-2.094327E-01
-2.624852E-01
-2.891321E-01
-3.032860E-01
-2.902720E-01
-2.287545E-01
-1.347080E-01
-3.874440E-02
3.910707E-02
7.888417E-02
7.810693E-02
5.762266E-02
4.058721E-02
2.578794E-02
-6.373125E-03
-5.254069E-02
-9.858069E-02
-1.324948E-01
-1.405763E-01
-1.303455E-01
-1.161936E-01
-8.955078E-02
-3.080615E-02
5.209090E-02
1.287072E-01
1.840376E-01
1.961372E-01
1.324939E-01
1.458050E-02
-1.023242E-01
-1.986084E-01
-2.774219E-01
-3.376779E-01
-3.626816E-01
-3.224557E-01
-2.316916E-01
-1.432182E-01
-6.573661E-02
7.345767E-03
4.492941E-02
2.604369E-02
-2.297796E-02
-6.777798E-02
-1.022908E-01
-1.295460E-01
-1.443169E-01
-1.365493E-01
-1.112935E-01
-9.470525E-02
-9.352432E-02
-9.778245E-02
-1.097366E-01
-1.260840E-01
-1.364659E-01
-1.264941E-01
-7.899228E-02
1.852697E-03
9.331360E-02
1.704125E-01
2.199510E-01
2.414732E-01
2.201962E-01
1.576094E-01
1.078188E-01
9.576198E-02
8.789740E-02
7.584072E-02
7.422187E-02
7.766852E-02
8.314554E-02
9.590805E-02
1.054310E-01
1.010803E-01
9.652863E-02
1.038447E-01
9.886322E-02
5.702229E-02
9.094508E-03
-1.168449E-02
-2.840603E-02
-5.785703E-02
-8.307196E-02
-1.002317E-01
-9.508087E-02
-4.576208E-02
1.836972E-02
6.122607E-02
8.237437E-02
8.099528E-02
4.942759E-02
6.309056E-04
-3.867818E-02
-6.389508E-02
-8.300879E-02
-9.057230E-02
-7.200059E-02
-2.200108E-02
4.630516E-02
1.099328E-01
1.533950E-01
1.801862E-01
1.898873E-01
1.765937E-01
1.543760E-01
1.297186E-01
9.007061E-02
3.717166E-02
-1.501862E-02
-5.509718E-02
-7.797194E-02
-8.785748E-02
-9.564397E-02
-1.169852E-01
-1.565146E-01
-2.005831E-01
-2.369399E-01
-2.636271E-01
-2.819904E-01
-2.842134E-01
-2.651172E-01
-2.452814E-01
-2.380926E-01
-2.240653E-01
-1.852128E-01
-1.311420E-01
-9.338267E-02
-8.975336E-02
-9.741928E-02
-7.842320E-02
-2.413898E-02
2.807877E-02
4.432541E-02
3.027523E-02
2.321850E-03
-2.518247E-02
-4.508509E-02
-5.868803E-02
-5.864359E-02
-3.421650E-02
2.428544E-03
1.757569E-02
2.637938E-03
-1.062364E-02
-1.976823E-03
1.756186E-02
4.050323E-02
7.172199E-02
9.826285E-02
1.034082E-01
1.067102E-01
1.189992E-01
1.249480E-01
1.320985E-01
1.532145E-01
1.763514E-01
1.802686E-01
1.685280E-01
1.658714E-01
1.749309E-01
1.743512E-01
1.448751E-01
1.000071E-01
8.218092E-02
9.504311E-02
9.220184E-02
5.890052E-02
3.101834E-02
3.267034E-02
5.013018E-02
6.283011E-02
7.548069E-02
1.075048E-01
1.556729E-01
1.893565E-01
2.028708E-01
2.159858E-01
2.328237E-01
2.587446E-01
2.901357E-01
3.022745E-01
2.935829E-01
2.803139E-01
2.600327E-01
2.305301E-01
2.037890E-01
1.772186E-01
1.336966E-01
7.830499E-02
3.737090E-02
5.250655E-03
-4.739231E-02
-1.130141E-01
-1.588317E-01
-1.694628E-01
-1.520128E-01
-1.208121E-01
-8.755141E-02
-5.669562E-02
-3.728349E-02
-3.021146E-02
-1.058921E-02
1.565460E-02
1.113563E-02
-1.266805E-02
-1.973213E-02
-2.579530E-02
-6.083161E-02
-1.051240E-01
-1.233352E-01
-1.163123E-01
-1.087380E-01
-1.145543E-01
-1.305652E-01
-1.469538E-01
-1.536413E-01
-1.555415E-01
-1.696571E-01
-1.981797E-01
-2.197195E-01
-2.097162E-01
-1.670643E-01
-1.149732E-01
-7.429270E-02
-5.476423E-02
-5.729324E-02
-4.954462E-02
-3.692425E-03
5.073820E-02
8.697369E-02
1.162730E-01
1.421518E-01
1.573210E-01
1.628038E-01
1.726913E-01
2.016965E-01
2.339047E-01
2.444112E-01
2.418126E-01
2.316808E-01
2.035634E-01
1.817734E-01
1.876231E-01
1.940251E-01
1.816675E-01
1.656585E-01
1.629441E-01
1.750712E-01
1.845575E-01
1.772206E-01
1.579273E-01
1.314756E-01
9.752984E-02
5.534557E-02
8.882102E-04
-6.728856E-02
-1.329853E-01
-1.654476E-01
-1.579694E-01
-1.370349E-01
-1.088861E-01
-5.363765E-02
2.117950E-02
7.762516E-02
1.015982E-01
1.125884E-01
1.168400E-01
1.068456E-01
8.285349E-02
3.841233E-02
-1.998248E-02
-6.935268E-02
-1.127198E-01
-1.557377E-01
-1.922554E-01
-2.304889E-01
-2.742003E-01
-3.076465E-01
-3.189290E-01
-3.098037E-01
-2.755060E-01
-2.090099E-01
-1.288102E-01
-7.259488E-02
-5.161757E-02
-3.716587E-02
-1.381660E-02
-5.602560E-03
-3.199237E-02
-7.373461E-02
-1.011695E-01
-1.162799E-01
-1.344608E-01
-1.398778E-01
-1.160886E-01
-9.086954E-02
-8.652086E-02
-8.394211E-02
-6.417839E-02
-3.585045E-02
-1.809396E-02
-6.764279E-03
1.753694E-02
4.294759E-02
5.254158E-02
7.190720E-02
1.117035E-01
1.314314E-01
1.095855E-01
7.225997E-02
5.021533E-02
5.616078E-02
8.396624E-02
1.116368E-01
1.210907E-01
1.135586E-01
9.631203E-02
7.330483E-02
5.530701E-02
5.676154E-02
6.403448E-02
6.067132E-02
6.894360E-02
9.332704E-02
1.121675E-01
1.217019E-01
1.187373E-01
8.790339E-02
2.840623E-02
-2.257821E-02
-4.134483E-02
-5.362313E-02
-7.771855E-02
-9.602205E-02
-8.513098E-02
-5.429600E-02
-3.797382E-02
-4.519143E-02
-5.854010E-02
-6.043392E-02
-4.744528E-02
-4.506459E-02
-7.212322E-02
-1.087026E-01
-1.271052E-01
-1.230076E-01
-1.155245E-01
-1.269649E-01
-1.455392E-01
-1.360716E-01
-1.122323E-01
-1.124991E-01
-1.262851E-01
-1.284816E-01
-1.265559E-01
-1.286944E-01
-1.234186E-01
-1.120361E-01
-1.114436E-01
-1.226328E-01
-1.269130E-01
-1.137666E-01
-9.328358E-02
-7.363239E-02
-4.959190E-02
-2.080701E-02
5.252833E-03
2.270171E-02
3.375258E-02
5.024594E-02
7.103323E-02
9.003422E-02
1.140746E-01
1.411227E-01
1.698857E-01
1.991734E-01
2.081829E-01
1.915128E-01
1.737155E-01
1.726629E-01
1.817283E-01
1.843407E-01
1.678540E-01
1.327322E-01
8.848993E-02
4.215092E-02
2.923772E-03
-1.978000E-02
-2.737637E-02
-3.092544E-02
-3.540851E-02
-3.834847E-02
-3.922322E-02
-3.474045E-02
-2.655390E-02
-3.093721E-02
-5.703210E-02
-9.087032E-02
-1.107363E-01
-1.090097E-01
-9.516965E-02
-8.689639E-02
-9.871705E-02
-1.215802E-01
-1.261900E-01
-1.019622E-01
-7.150244E-02
-4.981116E-02
-2.853346E-02
-8.813706E-03
2.451499E-03
1.181811E-02
2.115997E-02
2.281796E-02
1.274025E-02
-9.343289E-03
-3.734628E-02
-5.223197E-02
-4.441782E-02
-3.518955E-02
-4.130138E-02
-5.589512E-02
-7.191780E-02
-9.088425E-02
-1.047031E-01
-8.932711E-02
-4.323257E-02
4.822390E-03
3.758554E-02
5.579300E-02
5.828778E-02
4.251929E-02
1.504805E-02
-9.273687E-03
-2.236817E-02
-2.907037E-02
-3.430537E-02
-3.636655E-02
-3.689492E-02
-4.059466E-02
-4.488899E-02
-4.666911E-02
-5.248330E-02
-6.615835E-02
-6.459120E-02
-2.753127E-02
2.037135E-02
5.121801E-02
7.323793E-02
9.745921E-02
1.151802E-01
1.309723E-01
1.595361E-01
1.869040E-01
1.928783E-01
1.998807E-01
2.333838E-01
2.724953E-01
2.880481E-01
2.628629E-01
2.063573E-01
1.542230E-01
1.138186E-01
6.684563E-02
1.037751E-02
-3.792683E-02
-4.996253E-02
-1.863282E-02
2.090256E-02
3.779489E-02
4.152210E-02
4.403219E-02
3.034517E-02
-1.947589E-02
-9.161902E-02
-1.538492E-01
-2.077680E-01
-2.661993E-01
-3.159409E-01
-3.325256E-01
-2.994159E-01
-2.262441E-01
-1.441884E-01
-8.445056E-02
-5.996166E-02
-5.494679E-02
-4.700726E-02
-2.586622E-02
-2.112044E-04
7.044414E-03
-8.330829E-03
-2.322007E-02
-2.090079E-02
1.415926E-03
3.810538E-02
7.578460E-02
1.111306E-01
1.514232E-01
2.054057E-01
2.638596E-01
3.008099E-01
3.071972E-01
2.957676E-01
2.822160E-01
2.709924E-01
2.475504E-01
2.013836E-01
1.452272E-01
9.348037E-02
5.166731E-02
2.280335E-02
1.236217E-02
2.308970E-02
4.051098E-02
3.772043E-02
5.540678E-03
-3.545442E-02
-6.737125E-02
-8.945435E-02
-9.985207E-02
-1.016571E-01
-1.089901E-01
-1.206022E-01
-1.244909E-01
-1.309419E-01
-1.632276E-01
-2.238554E-01
-2.810653E-01
-3.102619E-01
-3.215796E-01
-3.108240E-01
-2.461417E-01
-1.244065E-01
1.465437E-02
1.252560E-01
1.771352E-01
1.753420E-01
1.484793E-01
1.113131E-01
7.417861E-02
5.449877E-02
5.478934E-02
6.087105E-02
6.631992E-02
7.407747E-02
8.739327E-02
1.042028E-01
1.162946E-01
1.283344E-01
1.543868E-01
1.865273E-01
2.022341E-01
2.055901E-01
2.106913E-01
2.099105E-01
1.967866E-01
1.744993E-01
1.392255E-01
8.478283E-02
2.459495E-02
-1.250893E-02
-1.827809E-02
-1.509298E-02
-1.277596E-02
6.128974E-04
1.006457E-02
-9.335991E-03
-4.618519E-02
-7.977826E-02
-1.132496E-01
-1.526917E-01
-1.765996E-01
-1.691891E-01
-1.567000E-01
-1.495976E-01
-1.267128E-01
-9.483464E-02
-7.519806E-02
-6.172962E-02
-4.045310E-02
-2.482999E-02
-3.034822E-02
-5.018688E-02
-7.610225E-02
-9.648675E-02
-1.046776E-01
-1.174345E-01
-1.412002E-01
-1.504118E-01
-1.385731E-01
-1.159630E-01
-7.264589E-02
-2.215451E-02
5.552803E-03
1.331139E-02
1.656232E-02
1.858318E-02
2.078553E-02
2.317524E-02
1.375617E-02
-6.140069E-03
-9.981577E-03
1.365719E-02
4.815906E-02
8.095075E-02
1.161435E-01
1.377383E-01
1.132594E-01
6.409795E-02
3.813755E-02
3.153464E-02
2.547010E-02
2.448262E-02
2.633328E-02
2.520415E-02
2.976521E-02
4.769377E-02
7.423649E-02
1.010508E-01
1.168587E-01
1.104861E-01
9.298958E-02
7.833972E-02
5.667796E-02
2.424306E-02
-9.714029E-03
-3.281612E-02
-3.336862E-02
-2.408561E-02
-2.833795E-02
-4.441536E-02
-5.504813E-02
-6.254375E-02
-8.006500E-02
-9.419729E-02
-8.472750E-02
-5.186802E-02
-4.578906E-03
2.924302E-02
2.418616E-02
5.428658E-03
8.401049E-03
2.149822E-02
1.582893E-02
-1.256985E-02
-5.991045E-02
-1.164496E-01
-1.523307E-01
-1.588730E-01
-1.596381E-01
-1.720723E-01
-1.963393E-01
-2.219002E-01
-2.224398E-01
-1.731681E-01
-9.655993E-02
-3.759212E-02
-6.559721E-03
1.753361E-02
4.974563E-02
7.266944E-02
7.041863E-02
6.247371E-02
5.735191E-02
3.431950E-02
7.986723E-03
1.816547E-02
5.828180E-02
9.199210E-02
1.089440E-01
1.275967E-01
1.570758E-01
1.788628E-01
1.705400E-01
1.406126E-01
1.144837E-01
9.491499E-02
7.517481E-02
5.977243E-02
5.545446E-02
6.349356E-02
6.255592E-02
2.663042E-02
-2.943216E-02
-8.331859E-02
-1.301218E-01
-1.524660E-01
-1.427738E-01
-1.190316E-01
-9.483337E-02
-7.300700E-02
-5.215388E-02
-3.566769E-02
-3.051244E-02
-2.884307E-02
-1.941311E-02
5.054210E-03
4.450110E-02
7.503424E-02
8.030466E-02
6.511034E-02
2.412161E-02
-3.791359E-02
-9.281790E-02
-1.295587E-01
-1.541867E-01
-1.629049E-01
-1.603111E-01
-1.705390E-01
-1.967140E-01
-2.075894E-01
-1.914274E-01
-1.799792E-01
-2.020281E-01
-2.401105E-01
-2.490386E-01
-2.212675E-01
-1.867000E-01
-1.505060E-01
-9.923207E-02
-4.108281E-02
2.285956E-03
2.053311E-02
2.663474E-02
4.116266E-02
6.015835E-02
6.886404E-02
7.158337E-02
7.440228E-02
7.457238E-02
8.204790E-02
1.017140E-01
1.102085E-01
9.891325E-02
9.086787E-02
9.594445E-02
1.052142E-01
1.124520E-01
1.087154E-01
9.396842E-02
7.775269E-02
5.635296E-02
3.791251E-02
4.077782E-02
5.298126E-02
6.335053E-02
8.529285E-02
1.174208E-01
1.429513E-01
1.537462E-01
1.534519E-01
1.523895E-01
1.546900E-01
1.512849E-01
1.310940E-01
9.729999E-02
6.302258E-02
3.833552E-02
2.391227E-02
5.929282E-03
-3.491870E-02
-8.173751E-02
-9.586852E-02
-8.484551E-02
-8.125525E-02
-8.943924E-02
-9.526226E-02
-9.339248E-02
-8.537682E-02
-7.029709E-02
-4.816651E-02
-2.022596E-02
6.610429E-03
1.849087E-02
1.189953E-02
4.201652E-04
-3.695486E-03
-4.571901E-03
-1.992548E-02
-5.381226E-02
-8.578355E-02
-1.072674E-01
-1.351112E-01
-1.732436E-01
-2.010648E-01
-2.139728E-01
-2.238465E-01
-2.264246E-01
-2.060757E-01
-1.606280E-01
-1.141904E-01
-7.932739E-02
-3.354902E-02
2.545538E-02
6.830948E-02
9.408359E-02
1.288387E-01
1.650954E-01
1.748152E-01
1.561781E-01
1.219432E-01
8.042925E-02
3.724582E-02
2.697220E-03
-9.206096E-03
1.604857E-03
2.131713E-02
4.459145E-02
6.740520E-02
7.474690E-02
6.578988E-02
6.083750E-02
6.756549E-02
7.346032E-02
7.257644E-02
7.872329E-02
1.033866E-01
1.285169E-01
1.301395E-01
1.183017E-01
1.169568E-01
1.253365E-01
1.289662E-01
1.244408E-01
1.132113E-01
1.013079E-01
1.083201E-01
1.309753E-01
1.385908E-01
1.258456E-01
1.096297E-01
9.657847E-02
9.057602E-02
9.658377E-02
9.893876E-02
8.067420E-02
6.039507E-02
5.562525E-02
5.171135E-02
4.365597E-02
4.559953E-02
5.735004E-02
6.438529E-02
5.394686E-02
1.681542E-02
-4.271764E-02
-1.022182E-01
-1.445857E-01
-1.699602E-01
-1.857582E-01
-1.969377E-01
-2.019948E-01
-1.906054E-01
-1.573102E-01
-1.180643E-01
-8.797167E-02
-6.247204E-02
-4.363880E-02
-4.276552E-02
-4.970462E-02
-4.701894E-02
-4.118964E-02
-4.976446E-02
-6.790305E-02
-7.333779E-02
-6.733044E-02
-6.897754E-02
-7.502472E-02
-7.984349E-02
-9.045487E-02
-9.733482E-02
-9.249457E-02
-8.856880E-02
-8.894531E-02
-8.047898E-02
-5.951168E-02
-2.978836E-02
3.396752E-03
2.910833E-02
5.038808E-02
7.444956E-02
9.247249E-02
9.583467E-02
9.124516E-02
8.924844E-02
8.371785E-02
7.159495E-02
6.807443E-02
7.796056E-02
8.958227E-02
8.900623E-02
7.151137E-02
5.109705E-02
4.443842E-02
4.672425E-02
3.879659E-02
2.089932E-02
1.140638E-02
1.364237E-02
1.996306E-02
2.316916E-02
2.581109E-02
4.016106E-02
5.234351E-02
5.147435E-02
6.743688E-02
1.052338E-01
1.216479E-01
9.582928E-02
5.262447E-02
1.601178E-02
-1.952602E-02
-6.857690E-02
-1.240916E-01
-1.642567E-01
-1.767301E-01
-1.599148E-01
-1.240435E-01
-8.978504E-02
-6.550755E-02
-3.971304E-02
-1.065111E-02
-1.921897E-05
-1.980855E-02
-5.332834E-02
-7.716369E-02
-7.111612E-02
-3.600515E-02
-1.313755E-02
-2.633475E-02
-4.720317E-02
-5.558130E-02
-6.681885E-02
-8.711584E-02
-9.870724E-02
-9.593336E-02
-9.281006E-02
-9.262700E-02
-8.997477E-02
-9.278504E-02
-1.011794E-01
-1.013971E-01
-9.622600E-02
-9.122339E-02
-7.388853E-02
-3.757642E-02
8.767629E-03
5.638307E-02
1.045677E-01
1.542858E-01
1.960391E-01
2.075021E-01
1.726844E-01
1.163240E-01
7.911755E-02
5.641515E-02
2.357372E-02
-1.134370E-02
-2.388352E-02
-1.024762E-02
1.140687E-02
3.520544E-02
7.561057E-02
1.240514E-01
1.557141E-01
1.770685E-01
1.976068E-01
2.012973E-01
1.847802E-01
1.700004E-01
1.719811E-01
1.782310E-01
1.707617E-01
1.579076E-01
1.594674E-01
1.758158E-01
1.912646E-01
1.909487E-01
1.719173E-01
1.367534E-01
7.709012E-02
-2.484461E-03
-6.943273E-02
-1.137293E-01
-1.502029E-01
-1.716004E-01
-1.640673E-01
-1.301944E-01
-8.554271E-02
-4.847523E-02
-1.912881E-02
4.817632E-03
1.157914E-02
2.521445E-03
-8.497824E-03
-1.585218E-02
-1.954348E-02
-2.086440E-02
-1.751536E-02
-1.351847E-02
-2.469854E-02
-4.076222E-02
-2.977816E-02
-8.994328E-04
1.988624E-02
3.600741E-02
4.855626E-02
6.206287E-02
8.967605E-02
1.119821E-01
9.903489E-02
5.630489E-02
4.571215E-03
-4.228159E-02
-7.071156E-02
-8.628317E-02
-1.067799E-01
-1.205168E-01
-1.077118E-01
-8.706012E-02
-8.726780E-02
-1.021545E-01
-1.148104E-01
-1.229870E-01
-1.246704E-01
-1.200038E-01
-1.178730E-01
-1.239729E-01
-1.335121E-01
-1.237669E-01
-7.745878E-02
-2.718783E-02
-8.561727E-03
-3.686588E-03
5.563074E-03
4.756663E-03
-1.628823E-02
-4.773723E-02
-7.011688E-02
-7.187424E-02
-5.197573E-02
-5.601382E-03
5.261211E-02
9.341013E-02
1.261870E-01
1.630304E-01
1.787333E-01
1.635474E-01
1.329814E-01
1.034043E-01
9.244699E-02
9.859442E-02
1.037839E-01
1.057891E-01
1.192190E-01
1.564979E-01
2.036458E-01
2.282983E-01
2.262068E-01
2.173327E-01
2.049829E-01
1.787500E-01
1.425364E-01
1.095699E-01
8.075886E-02
4.914771E-02
1.180565E-02
-2.940332E-02
-6.373263E-02
-8.592265E-02
-1.076196E-01
-1.302533E-01
-1.431426E-01
-1.439922E-01
-1.317297E-01
-9.879945E-02
-4.495285E-02
1.227398E-02
5.316059E-02
7.357471E-02
7.752048E-02
6.660048E-02
4.140575E-02
2.562019E-03
-3.957334E-02
-7.559380E-02
-1.050317E-01
-1.093560E-01
-8.297465E-02
-5.491128E-02
-3.955892E-02
-3.269850E-02
-2.484098E-02
-1.123490E-02
-5.684100E-03
-1.165222E-02
-2.051791E-02
-3.294041E-02
-4.996184E-02
-6.853354E-02
-8.695721E-02
-1.081817E-01
-1.254552E-01
-1.117585E-01
-5.583057E-02
1.159925E-02
5.822451E-02
8.211058E-02
8.472730E-02
6.831733E-02
5.358536E-02
4.830267E-02
3.366792E-02
-4.973297E-04
-3.856615E-02
-6.149055E-02
-7.135431E-02
-7.667751E-02
-7.956557E-02
-8.980172E-02
-1.084329E-01
-1.159660E-01
-1.087546E-01
-1.028068E-01
-9.794392E-02
-8.649683E-02
-8.457015E-02
-1.062031E-01
-1.228977E-01
-1.056459E-01
-7.418744E-02
-5.169252E-02
-3.213197E-02
-1.214978E-02
2.788306E-03
1.127699E-02
1.392971E-02
3.431607E-03
-2.337409E-02
-4.136416E-02
-3.084303E-02
-2.098850E-03
3.581366E-02
7.780586E-02
1.189894E-01
1.536570E-01
1.689282E-01
1.732054E-01
1.787843E-01
1.715347E-01
1.490590E-01
1.207062E-01
8.381154E-02
3.769591E-02
-8.046927E-03
-4.130608E-02
-6.727021E-02
-9.157252E-02
-9.606766E-02
-6.676666E-02
-1.786372E-02
2.404617E-02
4.863729E-02
5.336336E-02
4.318254E-02
3.699861E-02
3.465824E-02
2.709061E-02
1.565342E-02
9.651343E-04
-1.056046E-02
-1.887366E-02
-3.703942E-02
-6.360990E-02
-8.074640E-02
-8.238418E-02
-7.380210E-02
-5.095697E-02
-2.287251E-02
-1.963982E-02
-3.707376E-02
-4.107967E-02
-2.992089E-02
-2.522180E-02
-2.936506E-02
-3.236986E-02
-3.919644E-02
-5.530927E-02
-6.275712E-02
-5.330882E-02
-4.280652E-02
-3.420050E-02
-2.518551E-02
-2.486119E-02
-3.055413E-02
-3.077554E-02
-2.673284E-02
-2.475760E-02
-1.609811E-02
1.835559E-03
8.245992E-03
8.436345E-03
2.400929E-02
4.479570E-02
5.641084E-02
6.125030E-02
7.120834E-02
9.405642E-02
1.129170E-01
1.045599E-01
7.959863E-02
7.011403E-02
8.014348E-02
8.226676E-02
6.885767E-02
6.702722E-02
8.248454E-02
8.788544E-02
7.395700E-02
5.425734E-02
3.617290E-02
2.456140E-02
2.738206E-02
3.530423E-02
3.332889E-02
2.686321E-02
2.573232E-02
2.817942E-02
2.757552E-02
1.551814E-02
-4.348538E-03
-1.826347E-02
-2.561940E-02
-2.642922E-02
-2.173474E-02
-2.124640E-02
-2.670449E-02
-4.276650E-02
-7.441120E-02
-1.043244E-01
-1.133026E-01
-1.113180E-01
-1.222964E-01
-1.356743E-01
-1.213056E-01
-9.623738E-02
-9.787574E-02
-1.146171E-01
-1.142012E-01
-8.930014E-02
-5.468477E-02
-3.611934E-02
-4.019235E-02
-4.309739E-02
-3.274362E-02
-2.566894E-02
-2.851728E-02
-3.035037E-02
-2.825133E-02
-2.695170E-02
-2.743916E-02
-2.766538E-02
-2.724983E-02
-2.674049E-02
-2.752196E-02
-3.526685E-02
-5.005955E-02
-6.116427E-02
-7.027845E-02
-8.240066E-02
-8.363761E-02
-6.934012E-02
-5.117759E-02
-3.290176E-02
-1.520923E-02
-2.292666E-03
9.549093E-03
2.280982E-02
3.280258E-02
4.418630E-02
6.146514E-02
8.234730E-02
1.056429E-01
1.169401E-01
1.042695E-01
7.891968E-02
4.789801E-02
8.638215E-03
-2.957480E-02
-5.656054E-02
-7.322920E-02
-8.451658E-02
-9.600017E-02
-1.037692E-01
-1.071556E-01
-1.205620E-01
-1.393883E-01
-1.437930E-01
-1.292997E-01
-1.013589E-01
-6.634827E-02
-2.718017E-02
8.165873E-03
2.613266E-02
2.674196E-02
1.852981E-02
3.404384E-03
-1.382935E-02
-2.198470E-02
-1.772893E-02
-4.616223E-03
7.980003E-03
8.203632E-03
1.944264E-04
-2.227253E-03
6.303602E-03
2.914502E-02
6.026528E-02
7.916356E-02
7.888672E-02
6.734045E-02
5.185291E-02
4.018176E-02
3.031545E-02
1.378854E-02
4.379557E-03
1.473344E-02
2.218169E-02
1.508758E-02
5.411647E-03
-7.685595E-03
-2.173415E-02
-2.383163E-02
-1.661628E-02
-1.500361E-02
-1.702202E-02
-6.694619E-03
1.043205E-02
1.268090E-02
3.842636E-03
-3.399528E-03
-2.172081E-02
-5.522432E-02
-7.868532E-02
-7.532187E-02
-6.255248E-02
-6.091549E-02
-5.880506E-02
-4.634784E-02
-4.080156E-02
-4.403179E-02
-3.518602E-02
-9.520095E-03
1.391107E-02
1.980462E-02
1.766232E-02
2.379455E-02
3.654588E-02
4.218388E-02
3.716666E-02
3.324844E-02
3.579139E-02
3.796303E-02
3.751148E-02
3.035204E-02
1.203452E-02
1.337947E-03
1.028981E-02
2.160849E-02
2.932994E-02
3.588989E-02
2.660070E-02
5.467829E-03
1.658871E-03
1.465908E-02
1.220413E-02
-1.348169E-02
-3.538555E-02
-4.607384E-02
-6.068005E-02
-8.090837E-02
-1.013422E-01
-1.124589E-01
-1.051014E-01
-9.066108E-02
-8.163676E-02
-6.512977E-02
-4.235958E-02
-3.534082E-02
-3.475418E-02
-3.179853E-02
-4.250575E-02
-5.850046E-02
-6.604730E-02
-7.131948E-02
-6.949669E-02
-5.727892E-02
-4.853684E-02
-4.715628E-02
-4.751817E-02
-4.431991E-02
-3.105287E-02
-1.635945E-02
-1.196290E-02
-6.475934E-03
1.474865E-03
-1.266795E-02
-4.129186E-02
-4.545336E-02
-2.277617E-02
3.152934E-03
3.199129E-02
7.102283E-02
1.073126E-01
1.259790E-01
1.230704E-01
1.145543E-01
1.178377E-01
1.117624E-01
8.457947E-02
5.999355E-02
4.694311E-02
3.792762E-02
3.609021E-02
3.851749E-02
2.565011E-02
1.905279E-03
-2.369233E-03
9.704023E-03
7.620624E-03
-2.393061E-03
1.955467E-03
3.247041E-03
-1.550608E-02
-2.590713E-02
-3.835808E-03
2.093886E-02
1.832430E-02
1.458727E-02
2.598404E-02
3.443928E-02
4.878582E-02
7.678395E-02
9.953128E-02
1.132565E-01
1.316924E-01
1.600864E-01
1.846536E-01
1.917610E-01
1.849440E-01
1.735889E-01
1.619513E-01
1.534039E-01
1.460523E-01
1.242878E-01
9.060241E-02
7.097378E-02
6.732770E-02
5.571874E-02
2.881707E-02
1.403536E-04
-2.561028E-02
-4.469583E-02
-4.546180E-02
-3.476144E-02
-2.655577E-02
-1.529477E-02
6.438823E-03
2.746368E-02
4.023797E-02
5.275249E-02
5.524060E-02
3.619586E-02
1.222787E-02
-9.147393E-03
-3.277688E-02
-4.929868E-02
-5.739223E-02
-6.692098E-02
-7.696534E-02
-8.145537E-02
-7.343462E-02
-5.458716E-02
-3.552731E-02
-2.091982E-02
-1.084986E-02
3.619105E-03
1.868599E-02
1.307124E-02
-1.797947E-03
9.124065E-05
1.305083E-02
2.229342E-02
2.292371E-02
2.097947E-02
2.799019E-02
3.963505E-02
4.880200E-02
6.422009E-02
8.906783E-02
1.051092E-01
9.700785E-02
8.274323E-02
8.528951E-02
9.171703E-02
8.747302E-02
7.947483E-02
6.826210E-02
5.647058E-02
5.608995E-02
6.278429E-02
6.282334E-02
5.846574E-02
6.579390E-02
8.579757E-02
9.834427E-02
1.015678E-01
1.045913E-01
1.000855E-01
8.917349E-02
8.772808E-02
9.517378E-02
9.317293E-02
8.262139E-02
7.301897E-02
5.985817E-02
4.430716E-02
3.217974E-02
2.505896E-02
1.726678E-02
5.938788E-03
-1.138156E-03
2.519336E-05
5.344674E-03
-1.883598E-03
-2.545057E-02
-4.414147E-02
-5.006681E-02
-4.934891E-02
-5.741597E-02
-9.053011E-02
-1.382906E-01
-1.696277E-01
-1.717878E-01
-1.610557E-01
-1.492994E-01
-1.369741E-01
-1.175650E-01
-9.385453E-02
-8.132441E-02
-8.263169E-02
-9.601626E-02
-1.139520E-01
-1.253061E-01
-1.365179E-01
-1.475149E-01
-1.461886E-01
-1.338349E-01
-1.149398E-01
-9.298055E-02
-6.960548E-02
-3.888949E-02
-5.292005E-03
1.866225E-02
2.873388E-02
3.660876E-02
5.446228E-02
7.485187E-02
8.484061E-02
8.417627E-02
9.394046E-02
1.220344E-01
1.412287E-01
1.380689E-01
1.306908E-01
1.321642E-01
1.302376E-01
1.157178E-01
1.046168E-01
1.021918E-01
9.420671E-02
8.953008E-02
9.819712E-02
9.529817E-02
7.120961E-02
5.215202E-02
4.951951E-02
4.213748E-02
1.813859E-02
-8.486602E-04
-1.160435E-03
-1.978304E-03
-1.739460E-02
-3.291098E-02
-4.190351E-02
-5.077479E-02
-5.372182E-02
-5.331804E-02
-5.611938E-02
-5.998246E-02
-6.569453E-02
-6.877840E-02
-6.387585E-02
-5.671534E-02
-5.950658E-02
-7.255172E-02
-8.184846E-02
-8.608089E-02
-9.797218E-02
-1.113268E-01
-1.089155E-01
-1.003494E-01
-1.045687E-01
-1.162573E-01
-1.179564E-01
-1.138696E-01
-1.205002E-01
-1.384564E-01
-1.600168E-01
-1.705370E-01
-1.611018E-01
-1.416309E-01
-1.255180E-01
-1.245448E-01
-1.291280E-01
-1.175012E-01
-1.007968E-01
-9.363213E-02
-8.681644E-02
-7.426347E-02
-5.174912E-02
-2.334858E-02
-1.540768E-03
2.238161E-02
5.733935E-02
8.117785E-02
8.006657E-02
7.875468E-02
8.975826E-02
9.499180E-02
8.734618E-02
7.974735E-02
8.593678E-02
9.723623E-02
9.284380E-02
7.004114E-02
4.598271E-02
4.257775E-02
5.188244E-02
4.866349E-02
4.264230E-02
4.756006E-02
4.969285E-02
4.485544E-02
3.730115E-02
1.648669E-02
-1.780643E-02
-4.377938E-02
-5.211013E-02
-5.471871E-02
-6.140726E-02
-7.213479E-02
-8.225577E-02
-8.600192E-02
-7.933278E-02
-7.124915E-02
-7.437295E-02
-7.490406E-02
-5.361773E-02
-2.305703E-02
-9.716785E-03
-2.086734E-02
-3.083244E-02
-1.953593E-02
-1.455274E-02
-3.957737E-02
-6.874711E-02
-7.396289E-02
-6.858210E-02
-7.260097E-02
-7.437373E-02
-5.634864E-02
-3.207213E-02
-2.108875E-02
-1.153715E-02
-1.104165E-03
-7.552513E-03
-1.803657E-02
-1.327430E-02
-5.693361E-03
-7.716870E-03
-1.173296E-02
-2.239554E-03
3.491771E-02
8.258441E-02
1.006477E-01
9.802486E-02
1.066416E-01
1.094364E-01
9.383991E-02
8.036332E-02
7.316053E-02
6.999543E-02
7.511870E-02
8.893609E-02
1.039301E-01
1.043235E-01
9.443596E-02
9.376888E-02
1.000198E-01
9.565348E-02
7.749262E-02
5.934579E-02
4.902361E-02
4.555293E-02
5.360841E-02
7.072353E-02
7.853140E-02
7.084429E-02
6.423147E-02
6.734045E-02
6.671987E-02
5.546486E-02
4.440251E-02
4.096136E-02
4.356484E-02
4.590452E-02
4.411724E-02
4.207784E-02
4.247573E-02
4.338217E-02
4.339355E-02
4.306355E-02
4.187555E-02
3.439651E-02
1.819000E-02
2.873663E-03
-3.729909E-05
4.748452E-03
-3.225047E-04
-1.360255E-02
-1.625988E-02
-9.845708E-03
-6.765516E-03
-9.399824E-04
1.262753E-02
1.893075E-02
1.504864E-02
1.682572E-02
2.040421E-02
1.044118E-02
-1.080346E-02
-3.049046E-02
-4.090819E-02
-4.893797E-02
-6.114396E-02
-6.833656E-02
-6.096199E-02
-4.003304E-02
-1.813290E-02
-1.025155E-02
-1.150429E-02
-5.682982E-03
5.198662E-04
-8.599858E-03
-1.879410E-02
-1.415151E-02
-4.777303E-03
4.238420E-03
1.790551E-02
2.940597E-02
3.236898E-02
3.256469E-02
2.647268E-02
9.134415E-03
-7.158131E-03
-1.212114E-02
-1.591663E-02
-2.512930E-02
-2.016269E-02
-3.587703E-03
-4.101875E-03
-1.549156E-02
-1.575260E-02
-8.818111E-03
-7.163448E-03
-1.431269E-02
-2.867581E-02
-3.632143E-02
-2.572300E-02
-1.491355E-02
-1.615246E-02
-1.465604E-02
-4.807018E-03
7.293166E-03
1.720919E-02
2.642637E-02
3.991660E-02
5.147209E-02
5.900676E-02
6.449791E-02
6.346060E-02
5.618010E-02
3.565248E-02
1.001179E-03
-1.932541E-02
-1.005682E-02
-2.536326E-03
-1.805374E-02
-3.096036E-02
-2.477133E-02
-1.252600E-02
-5.886206E-03
-8.135845E-03
-1.340713E-02
-1.297677E-02
-3.712644E-03
1.222483E-02
2.837611E-02
4.435621E-02
5.772047E-02
5.804116E-02
5.569647E-02
6.455961E-02
6.707862E-02
5.444530E-02
4.207676E-02
2.851845E-02
1.107009E-02
-1.743973E-03
-1.134007E-02
-1.513575E-02
-1.077717E-02
-3.091013E-03
9.713793E-03
2.611314E-02
3.755454E-02
3.967743E-02
3.786150E-02
4.261484E-02
4.551889E-02
3.287517E-02
2.574968E-02
4.078086E-02
5.612860E-02
5.650844E-02
5.064324E-02
4.909307E-02
5.118711E-02
4.545385E-02
2.941636E-02
2.002839E-02
2.253671E-02
1.584492E-02
-3.556527E-03
-1.372458E-02
-1.674959E-02
-3.434962E-02
-6.033896E-02
-6.719193E-02
-5.848241E-02
-6.666562E-02
-8.987422E-02
-9.287931E-02
-6.979275E-02
-5.159079E-02
-5.007799E-02
-4.297722E-02
-3.028828E-02
-3.247385E-02
-3.337284E-02
-1.175454E-02
5.433798E-03
-7.965190E-03
-2.561263E-02
-2.038194E-02
-9.034735E-03
-1.354751E-02
-3.239929E-02
-4.459587E-02
-3.322922E-02
-1.146446E-02
-1.955624E-03
8.768904E-04
2.171345E-02
5.391988E-02
6.524572E-02
5.840158E-02
5.756616E-02
5.515231E-02
3.446773E-02
8.101922E-03
-1.190934E-03
2.920692E-03
-2.458690E-04
-9.497914E-03
-1.114249E-02
-7.253818E-03
5.278241E-04
7.286152E-03
-3.606529E-03
-1.453116E-02
-3.907607E-04
1.396247E-02
7.257242E-03
-1.664629E-03
4.767788E-03
1.868991E-02
2.254622E-02
1.607761E-02
9.640611E-03
8.123377E-03
7.123561E-03
-4.269253E-03
-1.925752E-02
-2.419185E-02
-2.560479E-02
-3.272204E-02
-3.787219E-02
-2.693698E-02
-6.206748E-03
8.345200E-05
-6.542152E-03
-7.427494E-03
-6.808160E-03
-9.492686E-03
-8.875029E-03
-6.581990E-03
-7.265286E-03
-9.197356E-03
-8.672589E-03
-1.745552E-03
1.380620E-02
3.079114E-02
4.075035E-02
3.971902E-02
3.532297E-02
4.051775E-02
3.753149E-02
5.848487E-03
-3.245374E-02
-5.411706E-02
-6.561517E-02
-7.191809E-02
-7.035732E-02
-6.310636E-02
-5.135084E-02
-3.826086E-02
-3.313072E-02
-3.664486E-02
-3.417137E-02
-2.808495E-02
-3.754934E-02
-4.958896E-02
-5.088408E-02
-5.692488E-02
-5.422919E-02
-3.169022E-02
-2.374530E-02
-3.696536E-02
-3.763714E-02
-2.116194E-02
-9.575541E-03
-7.998044E-03
-9.694016E-03
-1.193593E-02
-1.666444E-02
-2.453942E-02
-3.146587E-02
-3.670833E-02
-4.776155E-02
-6.481879E-02
-7.380828E-02
-6.895665E-02
-5.911712E-02
-5.785673E-02
-6.976332E-02
-8.246296E-02
-8.748705E-02
-8.667665E-02
-7.333093E-02
-5.097973E-02
-3.053009E-02
-8.015300E-03
1.224229E-02
2.082634E-02
2.356058E-02
2.791308E-02
2.586299E-02
1.419340E-02
-1.139010E-03
-1.948384E-02
-3.267937E-02
-3.375935E-02
-2.868719E-02
-2.162889E-02
-8.014799E-03
1.228653E-02
2.559547E-02
2.811654E-02
3.436276E-02
3.917261E-02
3.129125E-02
2.533060E-02
2.341323E-02
1.033925E-02
-7.500834E-03
-1.405322E-02
-1.707548E-02
-3.215728E-02
-4.974141E-02
-5.510650E-02
-5.570559E-02
-6.524180E-02
-8.405777E-02
-9.372297E-02
-8.103472E-02
-6.483772E-02
-6.208690E-02
-6.499792E-02
-6.618346E-02
-6.826259E-02
-7.292744E-02
-7.096858E-02
-6.384014E-02
-6.763142E-02
-7.756443E-02
-8.114518E-02
-7.354076E-02
-5.942466E-02
-5.856805E-02
-6.704331E-02
-5.909534E-02
-3.835524E-02
-3.166021E-02
-3.812558E-02
-3.061878E-02
-1.024655E-02
-4.920313E-03
-1.564371E-02
-1.949639E-02
-1.330687E-02
-1.033405E-02
-1.292644E-02
-1.466487E-02
-1.381670E-02
-1.331109E-02
-1.430092E-02
-1.779259E-02
-2.921114E-02
-4.436053E-02
-4.743292E-02
-3.667959E-02
-2.198558E-02
-1.152704E-02
-1.312411E-02
-1.391990E-02
5.150711E-03
2.257203E-02
1.539375E-02
4.669943E-03
8.426329E-03
1.038428E-02
-4.071631E-03
-2.088049E-02
-2.823661E-02
-3.690218E-02
-5.259945E-02
-6.315227E-02
-5.292936E-02
-3.364075E-02
-3.263365E-02
-3.696320E-02
-2.095730E-02
9.893189E-04
1.142561E-02
1.937740E-02
3.306706E-02
4.068913E-02
3.075396E-02
1.300737E-02
4.270999E-03
8.616103E-03
1.055330E-02
-4.476627E-04
-4.924169E-03
8.951664E-03
2.609460E-02
3.671814E-02
3.830354E-02
3.838084E-02
4.943210E-02
5.237579E-02
3.193371E-02
1.503726E-02
1.233774E-02
8.768119E-03
5.411814E-03
8.284300E-03
2.053655E-02
3.740504E-02
3.962632E-02
2.889320E-02
2.807230E-02
4.622286E-02
6.777307E-02
6.829683E-02
5.457489E-02
4.778049E-02
4.662693E-02
4.073691E-02
2.290566E-02
1.995707E-03
-9.936745E-03
-1.793042E-02
-2.693080E-02
-3.832924E-02
-4.293680E-02
-3.291961E-02
-2.570161E-02
-2.636771E-02
-2.198313E-02
-1.733339E-02
-1.994854E-02
-2.293509E-02
-2.144201E-02
-2.086047E-02
-2.873555E-02
-4.493471E-02
-5.577250E-02
-5.118564E-02
-4.386738E-02
-4.611818E-02
-5.183329E-02
-5.173372E-02
-4.131844E-02
-2.588761E-02
-1.648767E-02
-1.110531E-02
-1.271278E-02
-2.450597E-02
-1.705988E-02
8.204181E-03
6.626174E-03
-1.098838E-02
-5.258032E-03
7.513410E-03
-3.080271E-03
-2.592332E-02
-3.298554E-02
-2.304310E-02
-1.724343E-02
-2.216952E-02
-2.671881E-02
-2.434891E-02
-1.417565E-02
2.590036E-04
9.137838E-03
1.700485E-02
3.089493E-02
4.193147E-02
5.063638E-02
5.863231E-02
5.845828E-02
5.354318E-02
4.634931E-02
3.409122E-02
2.562568E-02
2.182342E-02
1.022231E-02
-1.035230E-03
1.847301E-03
7.754501E-03
5.017540E-03
6.642871E-04
1.287141E-03
3.224959E-03
3.241891E-03
2.180027E-03
4.662183E-03
1.166929E-02
1.327558E-02
1.080012E-02
1.761111E-02
2.807769E-02
2.219758E-02
1.365395E-03
-5.001795E-03
1.556406E-02
3.754189E-02
3.783766E-02
2.647140E-02
2.425297E-02
3.070530E-02
3.376533E-02
2.941048E-02
1.923368E-02
1.447760E-02
2.544959E-02
3.902850E-02
4.538449E-02
5.278879E-02
6.334170E-02
7.638252E-02
8.952116E-02
9.361202E-02
8.684764E-02
7.777172E-02
7.043090E-02
6.130563E-02
5.371946E-02
5.002933E-02
4.413274E-02
3.507997E-02
2.939419E-02
3.168169E-02
3.038854E-02
1.254022E-02
-3.501012E-03
-2.959952E-04
1.595116E-03
-6.108393E-03
-4.402188E-03
-7.348671E-04
-6.632423E-03
-3.745576E-03
8.604743E-03
9.392437E-03
1.878154E-03
1.085035E-03
4.605599E-03
7.581894E-03
1.450605E-02
1.910164E-02
9.108026E-03
-2.747457E-03
8.335341E-04
8.874715E-03
7.970017E-03
3.885290E-03
3.597710E-03
7.558056E-03
1.632551E-02
2.130634E-02
1.290613E-02
8.078182E-03
1.768145E-02
1.731396E-02
2.247147E-03
-2.178752E-03
7.435352E-03
1.715063E-02
2.196753E-02
2.548206E-02
3.040099E-02
3.188299E-02
2.917975E-02
2.889908E-02
3.118109E-02
3.142418E-02
3.016232E-02
2.983486E-02
2.993639E-02
2.935868E-02
3.155730E-02
4.515533E-02
6.373067E-02
6.829712E-02
5.853392E-02
5.116984E-02
6.076510E-02
7.539319E-02
6.853639E-02
4.951421E-02
4.094871E-02
3.638863E-02
2.744563E-02
1.431024E-02
-5.694901E-04
-7.831666E-03
-9.776518E-03
-1.725030E-02
-2.641794E-02
-2.834462E-02
-3.084804E-02
-4.111567E-02
-5.091184E-02
-5.451672E-02
-5.330764E-02
-5.031951E-02
-4.526864E-02
-3.782736E-02
-3.147666E-02
-2.777270E-02
-2.749272E-02
-3.030201E-02
-3.639638E-02
-4.277641E-02
-4.209049E-02
-3.650929E-02
-3.038834E-02
-2.524133E-02
-2.479497E-02
-2.057638E-02
-5.143481E-03
8.111614E-03
1.601188E-02
2.932592E-02
4.584429E-02
5.756655E-02
6.235422E-02
6.604779E-02
7.395259E-02
8.193332E-02
8.123955E-02
7.064161E-02
6.057410E-02
5.814583E-02
6.325047E-02
6.930176E-02
6.415877E-02
5.551155E-02
5.750759E-02
6.466507E-02
6.797683E-02
6.034622E-02
4.849780E-02
4.666803E-02
4.918155E-02
4.644456E-02
3.543588E-02
2.051987E-02
1.098975E-02
3.499041E-03
7.596148E-04
9.032960E-03
1.077197E-02
-9.842765E-04
-5.833821E-03
3.062005E-04
5.866694E-04
-1.079463E-02
-2.001426E-02
-1.864263E-02
-2.298277E-02
-3.997987E-02
-4.606354E-02
-3.096497E-02
-1.904464E-02
-2.532059E-02
-3.160341E-02
-1.933875E-02
1.139981E-03
6.819471E-03
-4.291689E-03
-1.615177E-02
-2.065878E-02
-2.061797E-02
-1.873582E-02
-1.824474E-02
-1.555886E-02
-3.486817E-03
5.325977E-03
-1.984612E-05
-5.971553E-03
-3.063271E-03
1.521708E-03
-3.388757E-03
-2.209506E-02
-3.672138E-02
-3.079173E-02
-2.090089E-02
-2.357078E-02
-3.210999E-02
-3.746527E-02
-3.336077E-02
-2.793025E-02
-4.254950E-02
-6.026597E-02
-5.094049E-02
-3.975149E-02
-4.922226E-02
-4.986188E-02
-2.766891E-02
-7.199000E-03
-1.739480E-03
-3.355118E-03
-7.455845E-03
-1.764495E-02
-3.080448E-02
-3.415253E-02
-2.717488E-02
-2.640322E-02
-3.862658E-02
-4.575237E-02
-3.872704E-02
-3.726741E-02
-3.927767E-02
-2.866374E-02
-2.247824E-02
-3.024678E-02
-3.190830E-02
-1.940084E-02
-1.232440E-02
-2.517619E-02
-3.609590E-02
-2.548030E-02
-1.764034E-02
-2.884356E-02
-3.834160E-02
-4.219458E-02
-5.295683E-02
-6.101751E-02
-5.656211E-02
-5.230506E-02
-5.145904E-02
-3.927414E-02
-2.480331E-02
-2.367271E-02
-1.489295E-02
1.154431E-02
2.805317E-02
2.390609E-02
1.719301E-02
1.943577E-02
2.463889E-02
2.306978E-02
1.536324E-02
1.524180E-02
2.501373E-02
2.767548E-02
2.351948E-02
3.187259E-02
5.060175E-02
5.689015E-02
4.818201E-02
4.392683E-02
4.616302E-02
4.115707E-02
3.117814E-02
1.857739E-02
-4.437132E-04
-9.475302E-03
-8.637705E-04
4.357062E-03
-1.804236E-03
-6.639280E-03
-5.620051E-03
-4.399579E-03
-5.469242E-03
-6.376677E-03
-5.798544E-03
-5.208286E-03
-9.043525E-03
-1.557710E-02
-1.159316E-02
-4.425889E-03
-1.092991E-02
-1.448152E-02
-4.840028E-03
-7.882610E-03
-3.187161E-02
-4.817034E-02
-4.511129E-02
-4.444764E-02
-5.679205E-02
-6.600031E-02
-5.937267E-02
-4.299900E-02
-2.459357E-02
-5.023613E-03
4.574619E-03
-7.304085E-03
-2.023911E-02
-1.346599E-02
-3.031869E-03
-4.924061E-03
-1.026881E-02
-1.004897E-02
-7.600150E-03
-7.511909E-03
-8.658826E-03
-8.599044E-03
-1.109138E-02
-2.369174E-02
-3.614769E-02
-2.865579E-02
-1.126492E-02
-5.217488E-03
-9.340631E-03
-1.342185E-02
-9.384658E-03
5.632794E-03
2.055303E-02
2.765047E-02
3.742211E-02
4.731314E-02
4.442449E-02
3.841714E-02
4.145902E-02
3.999125E-02
2.102597E-02
7.287761E-03
1.622505E-02
2.558468E-02
2.067183E-02
1.430298E-02
2.186767E-02
4.289589E-02
5.409440E-02
4.175617E-02
2.227910E-02
9.820399E-03
7.686959E-04
-8.008364E-03
-1.039360E-02
-6.812319E-03
-6.270209E-03
-9.577483E-03
-1.134821E-02
-1.056880E-02
-9.718208E-03
-9.547789E-03
-1.268149E-02
-2.456473E-02
-4.194207E-02
-5.217115E-02
-5.334315E-02
-5.801869E-02
-6.608065E-02
-5.996274E-02
-3.494459E-02
-1.508758E-02
-1.700750E-02
-2.040872E-02
-1.238532E-02
-8.033438E-03
-1.119527E-02
-1.229870E-02
-1.009890E-02
-1.608487E-02
-2.976295E-02
-2.097770E-02
1.126934E-02
2.585877E-02
2.062935E-02
3.329230E-02
6.319622E-02
7.631287E-02
6.874868E-02
6.312558E-02
6.486166E-02
6.122303E-02
5.152241E-02
4.427557E-02
3.955500E-02
3.031516E-02
1.649051E-02
1.184479E-02
1.839875E-02
2.085694E-02
1.608271E-02
1.659155E-02
3.014633E-02
4.582496E-02
4.635980E-02
4.059162E-02
5.188715E-02
7.267631E-02
7.667035E-02
6.307241E-02
5.133848E-02
4.932645E-02
4.473095E-02
2.901013E-02
8.618124E-03
-8.667488E-03
-1.252580E-02
-7.473111E-03
-1.415554E-02
-3.022343E-02
-3.629210E-02
-2.401861E-02
-3.034724E-03
1.029363E-02
2.025961E-02
3.799697E-02
4.808195E-02
4.085021E-02
3.559294E-02
3.786209E-02
3.400597E-02
2.450832E-02
1.425805E-02
-8.357639E-05
-1.274201E-02
-1.316188E-02
-7.454001E-03
-4.848877E-03
2.505582E-03
1.568158E-02
1.895312E-02
1.478465E-02
2.506681E-02
4.516995E-02
4.881083E-02
3.871821E-02
3.293295E-02
3.038942E-02
2.471894E-02
1.293360E-02
-3.585741E-03
-1.379100E-02
-1.053447E-02
3.168993E-03
1.504295E-02
1.271062E-02
4.267576E-03
4.471300E-03
1.362678E-02
1.599883E-02
7.556045E-03
8.897856E-03
1.866892E-02
1.882480E-02
2.186257E-02
4.003147E-02
4.616331E-02
3.204172E-02
3.103619E-02
4.556539E-02
5.702592E-02
6.798144E-02
7.372627E-02
6.744444E-02
5.817889E-02
4.838969E-02
3.440936E-02
2.052968E-02
1.411080E-02
1.567442E-02
9.671689E-03
-1.118860E-02
-2.240722E-02
-1.668455E-02
-1.443365E-02
-1.496427E-02
-1.143807E-02
-8.102805E-03
-7.055793E-03
-3.987932E-03
8.745635E-03
1.853354E-02
3.708219E-03
-2.168020E-02
-2.513920E-02
-1.454244E-02
-2.288516E-02
-4.392467E-02
-4.765011E-02
-3.702284E-02
-2.902014E-02
-2.609117E-02
-3.142369E-02
-3.238624E-02
-1.526760E-02
-4.253224E-03
-1.377138E-02
-2.709159E-02
-3.750991E-02
-4.418944E-02
-4.141419E-02
-3.788122E-02
-4.612937E-02
-5.364491E-02
-4.502123E-02
-3.027945E-02
-1.886345E-02
-6.846203E-03
6.174836E-03
1.324782E-02
1.002052E-02
8.607902E-04
-5.773313E-03
-4.751670E-03
-1.133722E-02
-3.600967E-02
-5.129512E-02
-4.259473E-02
-3.971510E-02
-6.029667E-02
-7.787992E-02
-7.273134E-02
-6.297637E-02
-5.965245E-02
-5.055260E-02
-3.987902E-02
-4.031321E-02
-3.575980E-02
-1.626361E-02
-3.285251E-03
-5.216232E-03
-1.233029E-02
-1.472236E-02
-1.095080E-02
-1.147427E-02
-1.210995E-02
-7.289360E-03
-5.828150E-03
-3.110427E-03
6.619268E-03
7.039548E-03
-8.406768E-03
-1.008076E-02
6.872396E-03
6.726913E-03
-5.529730E-03
1.374234E-03
1.632502E-02
8.112183E-03
-1.640448E-02
-2.459691E-02
-1.378854E-02
-7.785913E-03
-1.338437E-02
-1.813840E-02
-1.675185E-02
-1.459081E-02
-1.585041E-02
-1.597019E-02
-9.299998E-03
-6.843554E-03
-1.621515E-02
-2.162850E-02
-1.633090E-02
-1.292232E-02
-1.587425E-02
-1.825494E-02
-1.720233E-02
-1.864008E-02
-3.317408E-02
-5.146022E-02
-4.872127E-02
-3.149020E-02
-2.998976E-02
-4.463364E-02
-4.556343E-02
-3.402530E-02
-3.128026E-02
-3.108318E-02
-3.019577E-02
-3.667145E-02
-3.972040E-02
-3.063359E-02
-2.535914E-02
-2.972302E-02
-2.715692E-02
-1.488775E-02
-5.553049E-03
-3.134678E-03
-4.746294E-03
-7.560744E-03
-1.308683E-02
-1.943950E-02
-2.047994E-02
-2.087274E-02
-2.316053E-02
-2.602161E-02
-2.887358E-02
-2.256673E-02
-1.285139E-02
-1.003318E-02
-2.539632E-04
1.431524E-02
1.528594E-02
1.604386E-02
3.180490E-02
4.267448E-02
3.656511E-02
3.100755E-02
3.492762E-02
3.884888E-02
3.803209E-02
3.340158E-02
2.484265E-02
1.921661E-02
2.006047E-02
1.612666E-02
7.238446E-03
6.539523E-03
1.363041E-02
2.122521E-02
2.249237E-02
1.239150E-02
2.410945E-03
5.518743E-03
1.221492E-02
9.460627E-03
8.583505E-03
2.276401E-02
3.361612E-02
2.964788E-02
2.854730E-02
3.373590E-02
3.479283E-02
3.276256E-02
3.294473E-02
3.435050E-02
3.449019E-02
3.195990E-02
2.174318E-02
6.279342E-03
1.129612E-03
6.549588E-03
2.989391E-04
-1.738342E-02
-1.825886E-02
-1.167076E-03
1.362933E-02
2.642804E-02
3.553790E-02
3.124563E-02
2.521072E-02
2.738952E-02
2.339391E-02
5.606994E-03
-9.916439E-03
-1.002817E-02
-9.585282E-04
7.315337E-03
9.623777E-03
5.506677E-03
2.329178E-03
6.997944E-03
1.761130E-02
2.403990E-02
2.302819E-02
2.613806E-02
3.434481E-02
3.516679E-02
3.085167E-02
3.154925E-02
3.441024E-02
3.395270E-02
3.456504E-02
4.481463E-02
6.121509E-02
6.435949E-02
4.641248E-02
2.710130E-02
2.710444E-02
3.841204E-02
3.614367E-02
1.325714E-02
-1.924869E-03
1.147270E-02
1.964227E-02
7.562872E-04
-1.004848E-02
-4.872853E-03
-1.068937E-02
-1.897362E-02
-1.739823E-02
-1.649875E-02
-1.361030E-02
-4.029399E-03
4.084688E-03
3.677475E-03
-7.176093E-03
-1.440922E-02
1.421528E-05
2.434607E-02
3.513128E-02
3.052313E-02
2.450842E-02
2.620997E-02
3.087874E-02
3.200895E-02
3.057414E-02
2.995591E-02
3.040021E-02
3.045230E-02
3.063212E-02
3.133167E-02
2.848206E-02
2.215441E-02
2.523063E-02
3.223703E-02
2.306272E-02
1.112954E-02
1.189590E-02
1.009331E-02
2.668997E-03
2.100370E-03
5.460324E-03
4.822341E-03
2.161584E-03
1.635670E-03
6.006957E-03
1.592428E-02
1.826445E-02
4.123369E-03
-5.711304E-03
1.898853E-03
8.749009E-03
4.720121E-03
2.462487E-04
1.578704E-03
4.082638E-03
3.522634E-03
1.701348E-03
1.976921E-03
1.161475E-02
3.016359E-02
3.794645E-02
3.672815E-02
4.135003E-02
3.629259E-02
2.332749E-02
2.588908E-02
3.555890E-02
3.538084E-02
2.947611E-02
2.378591E-02
1.704281E-02
1.000875E-02
5.219715E-03
8.625207E-03
2.003634E-02
1.966611E-02
-1.021437E-03
-1.756382E-02
-1.274957E-02
-2.383977E-03
-3.566524E-03
-9.730706E-03
-5.934726E-03
8.039854E-04
-1.025842E-02
-2.922389E-02
-3.359631E-02
-2.562205E-02
-1.697424E-02
-1.694697E-02
-2.405334E-02
-2.473405E-02
-1.074529E-02
3.527421E-03
1.889789E-03
-1.263911E-03
4.033195E-03
6.449025E-03
4.217456E-03
3.734353E-03
5.699894E-03
5.073546E-03
-7.444132E-03
-2.569759E-02
-2.350564E-02
-7.494036E-03
-1.404262E-03
3.199600E-03
7.317593E-03
2.630954E-03
-3.887723E-04
3.598259E-03
6.508199E-03
4.922835E-03
3.556311E-03
4.475656E-03
5.127609E-03
4.734326E-03
6.019593E-03
1.169892E-02
1.344843E-02
4.788114E-03
1.002042E-03
1.262459E-02
2.413319E-02
2.094141E-02
1.351249E-02
1.454558E-02
1.897774E-02
1.952268E-02
1.661235E-02
9.758576E-03
8.930926E-04
-5.143138E-03
-8.802621E-03
-9.060212E-03
-6.790629E-03
-9.139849E-03
-1.879537E-02
-2.905202E-02
-3.425583E-02
-3.810999E-02
-4.524951E-02
-5.138056E-02
-5.064932E-02
-4.522449E-02
-3.851955E-02
-2.950004E-02
-1.587807E-02
-2.881197E-03
-1.225573E-03
-7.802658E-03
-6.588131E-03
4.159881E-03
3.263620E-03
-1.591005E-02
-2.639920E-02
-2.236111E-02
-2.586907E-02
-3.216110E-02
-3.249415E-02
-3.850141E-02
-5.010251E-02
-5.381531E-02
-5.197338E-02
-5.527719E-02
-5.511042E-02
-4.753279E-02
-4.644034E-02
-5.200291E-02
-5.344674E-02
-4.814611E-02
-3.507232E-02
-2.081986E-02
-1.955702E-02
-2.738187E-02
-3.218749E-02
-3.619566E-02
-3.957923E-02
-3.712173E-02
-3.418020E-02
-3.600829E-02
-3.483590E-02
-2.972293E-02
-2.964229E-02
-2.901798E-02
-2.371175E-02
-1.887905E-02
-1.689910E-02
-2.276440E-02
-2.942490E-02
-2.209428E-02
-7.808593E-03
-5.064579E-03
-1.700544E-02
-2.902082E-02
-2.400929E-02
-7.222093E-03
2.104304E-03
2.800588E-03
2.506426E-03
1.755862E-03
-2.177585E-03
-1.027607E-02
-1.873308E-02
-2.401900E-02
-2.358461E-02
-1.545556E-02
-6.456913E-03
-7.335133E-03
-1.293468E-02
-1.339448E-02
-1.597725E-02
-2.459161E-02
-2.707923E-02
-2.231471E-02
-1.931432E-02
-1.163407E-02
-9.453514E-04
-5.409136E-03
-1.169126E-02
-2.533550E-04
9.375397E-03
9.736121E-03
1.971839E-02
3.347260E-02
3.253997E-02
2.486031E-02
2.544547E-02
3.201984E-02
3.812745E-02
3.691768E-02
2.673578E-02
2.215804E-02
2.803512E-02
3.155720E-02
2.922242E-02
2.541771E-02
2.027707E-02
1.873975E-02
1.949747E-02
8.874273E-03
-4.710811E-03
-2.109081E-03
5.173559E-03
-4.360388E-03
-2.466921E-02
-3.317016E-02
-2.273379E-02
-3.269065E-03
9.070061E-03
3.593354E-03
-6.228997E-03
-4.316567E-03
2.301691E-03
2.790582E-03
-3.830570E-04
1.579901E-03
1.687742E-02
3.507252E-02
3.503789E-02
2.887858E-02
3.118324E-02
3.021863E-02
2.684644E-02
2.900945E-02
3.161410E-02
3.064516E-02
2.919466E-02
2.700860E-02
2.205994E-02
2.080407E-02
2.185678E-02
1.724382E-02
1.164908E-02
6.506316E-03
9.956856E-04
1.544025E-03
5.540502E-03
3.022853E-03
-9.706083E-03
-2.486335E-02
-3.063977E-02
-3.076642E-02
-3.669617E-02
-4.755035E-02
-5.359262E-02
-5.115729E-02
-4.809529E-02
-4.973072E-02
-5.235008E-02
-5.217007E-02
-5.066904E-02
-5.040143E-02
-5.385366E-02
-6.022025E-02
-5.862701E-02
-4.875384E-02
-4.652726E-02
-5.299470E-02
-5.293486E-02
-4.415187E-02
-4.133198E-02
-4.619048E-02
-5.101357E-02
-4.919244E-02
-3.154808E-02
-1.553315E-02
-2.256810E-02
-2.765959E-02
-6.440147E-03
1.152822E-02
5.961694E-03
4.217584E-03
1.805550E-02
3.016300E-02
3.051734E-02
2.841251E-02
3.956687E-02
5.429786E-02
5.175246E-02
4.633852E-02
5.140283E-02
4.810049E-02
3.817964E-02
3.998066E-02
4.331556E-02
3.332957E-02
2.384909E-02
2.799715E-02
3.684263E-02
4.359486E-02
4.259325E-02
2.987253E-02
2.200981E-02
2.891370E-02
3.509233E-02
2.819973E-02
1.442227E-02
5.591023E-03
3.041453E-03
7.375531E-03
2.205514E-02
3.090542E-02
2.301063E-02
2.005144E-02
2.974765E-02
3.312111E-02
2.450489E-02
1.778700E-02
1.698758E-02
8.098086E-03
-2.974470E-03
-3.702304E-03
-1.804393E-03
1.139912E-03
1.234628E-03
-5.960811E-03
-8.560893E-03
-3.056394E-03
-2.485344E-03
-1.694030E-02
-3.127536E-02
-2.271299E-02
-3.874607E-03
-3.487828E-03
-2.136314E-02
-3.250622E-02
-2.198892E-02
-9.747785E-03
-1.427512E-02
-2.275017E-02
-2.693473E-02
-2.714937E-02
-1.854551E-02
-8.677808E-03
-1.361667E-02
-1.893458E-02
-3.073630E-03
9.933606E-03
1.365454E-03
-4.870665E-03
5.954866E-03
1.281019E-02
2.162389E-03
-5.053729E-03
2.690079E-03
1.384907E-02
1.907260E-02
1.582579E-02
1.269394E-02
2.259979E-02
4.098353E-02
4.835516E-02
4.145794E-02
3.575127E-02
3.324707E-02
2.873947E-02
2.544832E-02
2.295305E-02
2.479203E-02
3.021215E-02
2.117155E-02
4.422740E-04
-7.807495E-03
-5.551930E-03
-5.728236E-03
-1.968494E-03
7.036635E-03
1.563086E-02
2.562735E-02
3.106552E-02
2.711504E-02
2.407011E-02
2.727209E-02
2.978738E-02
3.507654E-02
4.906089E-02
4.948115E-02
2.717929E-02
1.657615E-02
2.898737E-02
3.658679E-02
3.072855E-02
2.586299E-02
2.748340E-02
2.622792E-02
1.667935E-02
1.044932E-02
1.130583E-02
6.201078E-03
-2.177163E-03
-1.413856E-03
5.919854E-03
1.453479E-02
1.468292E-02
3.477674E-03
7.107600E-03
2.920839E-02
3.267191E-02
1.549539E-02
6.943322E-03
3.294198E-03
-2.443514E-03
-5.687210E-04
3.414204E-03
-2.432488E-03
-1.442904E-02
-1.806541E-02
-1.152175E-02
-4.774331E-03
-7.285956E-03
-1.558701E-02
-1.281382E-02
-6.058146E-03
-7.789277E-03
-1.201902E-02
-1.452272E-02
-5.760461E-03
7.595834E-03
8.372864E-03
5.217164E-03
1.203324E-02
2.236405E-02
1.924987E-02
9.732736E-03
1.057273E-02
1.083701E-02
1.936416E-03
2.747565E-03
1.793719E-02
2.812694E-02
2.878401E-02
2.691344E-02
2.582473E-02
2.731506E-02
2.919113E-02
2.941715E-02
2.883699E-02
2.858899E-02
2.867129E-02
2.733144E-02
2.207799E-02
1.947167E-02
2.728524E-02
3.308923E-02
2.819325E-02
2.375707E-02
2.568582E-02
2.889957E-02
2.818933E-02
1.894115E-02
2.883993E-03
-4.939296E-03
1.906829E-03
6.033729E-03
-3.960434E-03
-1.012863E-02
-2.962041E-04
8.007462E-03
7.398722E-03
4.042014E-03
-2.311364E-03
-4.405583E-03
3.329592E-04
2.310647E-03
-2.159878E-04
-1.796584E-03
-1.066190E-03
-3.663633E-04
-5.684905E-04
-9.359397E-04
-6.708637E-04
-2.713240E-03
-8.746390E-03
-7.835816E-03
2.231863E-03
5.152016E-03
-1.145759E-03
-3.890185E-03
-9.419022E-04
1.213958E-03
1.857337E-04
-9.843060E-04
-6.153568E-04
-1.447485E-04
-2.485511E-04
1.619984E-03
9.808764E-03
1.741795E-02
1.473697E-02
9.768631E-03
1.115309E-02
1.475591E-02
1.176347E-02
5.801163E-04
-5.393656E-03
1.065945E-04
4.221577E-03
6.432937E-04
-2.416429E-03
-1.018180E-03
3.421179E-04
-3.731852E-05
-4.394439E-04
2.709051E-03
1.215940E-02
1.826544E-02
1.419811E-02
7.030170E-03
1.033258E-04
-3.012612E-03
7.741964E-04
3.428203E-03
8.781883E-04
2.120225E-03
8.692043E-03
5.988446E-03
-5.021965E-03
3.192086E-04
2.197136E-02
2.855514E-02
1.983268E-02
2.006429E-02
2.586024E-02
2.948131E-02
3.395535E-02
3.080026E-02
2.478977E-02
3.460831E-02
4.368207E-02
3.024384E-02
1.676588E-02
2.290782E-02
3.128105E-02
2.856201E-02
2.366447E-02
2.389588E-02
2.613561E-02
1.991234E-02
4.541814E-03
-8.717588E-04
3.649732E-03
9.507597E-04
-4.257069E-03
-3.292481E-03
2.002319E-03
1.321790E-02
2.669144E-02
2.546186E-02
1.197271E-02
1.370791E-02
2.890369E-02
3.122582E-02
2.314248E-02
1.863665E-02
1.387056E-02
6.414779E-03
3.139946E-04
-2.221416E-03
2.915041E-03
1.095443E-02
2.557261E-03
-1.527260E-02
-1.787931E-02
-1.927616E-02
-3.043965E-02
-3.156152E-02
-3.071413E-02
-4.916811E-02
-6.623751E-02
-5.245701E-02
-2.630973E-02
-2.792230E-02
-5.286119E-02
-5.921551E-02
-3.412879E-02
-1.446779E-02
-2.410572E-02
-3.993847E-02
-4.423564E-02
-4.578249E-02
-4.953942E-02
-4.600517E-02
-3.734294E-02
-3.852495E-02
-4.879720E-02
-5.844258E-02
-5.751230E-02
-4.034931E-02
-2.301485E-02
-2.464272E-02
-3.512804E-02
-3.540537E-02
-2.509476E-02
-1.723028E-02
-1.743757E-02
-1.364100E-02
-1.271719E-02
-2.884258E-02
-3.888027E-02
-2.948454E-02
-2.268150E-02
-2.762506E-02
-3.214521E-02
-3.063388E-02
-2.435362E-02
-1.515812E-02
-7.947307E-03
-4.384305E-03
-1.154048E-02
-2.690638E-02
-2.539132E-02
-1.082867E-02
-1.336083E-02
-2.644099E-02
-2.296001E-02
-1.495142E-02
-2.509977E-02
-3.640432E-02
-3.142280E-02
-2.478722E-02
-2.737716E-02
-2.675207E-02
-1.691166E-02
-1.125246E-02
-7.586554E-03
6.948021E-03
1.279665E-02
-3.858145E-03
-1.400191E-02
5.129600E-04
2.205700E-02
2.604565E-02
9.377124E-03
-5.621660E-03
-5.792825E-03
-5.485320E-04
-4.052020E-03
-1.591820E-02
-1.998532E-02
-1.279607E-02
-4.601694E-03
-5.337160E-03
-2.095534E-02
-3.611090E-02
-3.162940E-02
-1.719261E-02
-1.512673E-02
-2.323861E-02
-2.135127E-02
-1.293811E-02
-1.354114E-02
-1.729140E-02
-1.121509E-02
-5.661812E-03
-1.948001E-02
-3.719295E-02
-3.441122E-02
-2.355008E-02
-2.463575E-02
-3.057649E-02
-2.566168E-02
-1.376853E-02
-1.261105E-02
-2.544037E-02
-3.638902E-02
-3.383989E-02
-2.678002E-02
-2.610784E-02
-2.241654E-02
-9.611318E-03
-5.566773E-03
-1.209534E-02
-1.053859E-02
-8.012268E-03
-1.240367E-02
-1.325203E-02
-8.688364E-03
-4.580485E-03
-9.254420E-03
-1.630059E-02
-1.432476E-02
-9.013183E-03
-3.102216E-03
2.874183E-03
2.038636E-03
-1.043686E-03
6.066867E-03
1.802617E-02
1.579508E-02
-3.503141E-03
-1.567628E-02
-7.692884E-03
8.371089E-04
-3.005186E-03
-8.769061E-03
-8.216346E-03
-5.554736E-03
-7.850031E-03
-1.723607E-02
-2.449763E-02
-2.136559E-02
-1.920906E-02
-2.447311E-02
-1.839414E-02
-1.431083E-03
5.610319E-05
-1.068074E-02
-1.184067E-02
-5.060587E-03
-7.500491E-03
-2.620271E-02
-4.392643E-02
-4.602577E-02
-4.558217E-02
-5.220068E-02
-5.561829E-02
-5.320973E-02
-5.026006E-02
-4.684648E-02
-4.433983E-02
-3.710603E-02
-2.223397E-02
-1.340517E-02
-1.007477E-02
2.999692E-03
1.732397E-02
1.501636E-02
9.250624E-03
1.688978E-02
2.409002E-02
2.052272E-02
1.717780E-02
1.586699E-02
1.179505E-02
1.123559E-02
1.053241E-02
7.279471E-03
1.801979E-02
3.350282E-02
3.304351E-02
3.160458E-02
3.881856E-02
4.109860E-02
3.420747E-02
2.796929E-02
3.085765E-02
3.259775E-02
2.240692E-02
1.035622E-02
4.514523E-03
3.830746E-03
3.414724E-03
-5.233429E-03
-1.422028E-02
-1.169126E-02
-6.821089E-03
-5.333452E-03
6.485803E-04
2.816176E-03
-9.251144E-03
-1.790472E-02
-1.130240E-02
-5.061028E-03
-8.148225E-03
-1.175817E-02
-1.110325E-02
-1.375274E-02
-1.905818E-02
-1.437567E-02
-6.273838E-03
-1.257112E-02
-2.310088E-02
-1.659734E-02
-4.720238E-03
-6.889504E-03
-9.755162E-03
2.048024E-04
8.139033E-03
7.940557E-03
1.281353E-02
1.933021E-02
1.729631E-02
1.401584E-02
1.979236E-02
2.748016E-02
2.634838E-02
2.572427E-02
2.729309E-02
1.927822E-02
1.235010E-02
2.576077E-02
4.946496E-02
5.458107E-02
4.157252E-02
3.675209E-02
4.449110E-02
4.938197E-02
4.726801E-02
4.450817E-02
3.667518E-02
1.972330E-02
1.222748E-02
2.112427E-02
2.653948E-02
2.064456E-02
8.045495E-03
2.250237E-04
1.351239E-02
3.064772E-02
2.564677E-02
9.981675E-03
2.320712E-03
5.075576E-03
1.496466E-02
2.405687E-02
1.542181E-02
-9.336040E-03
-1.833960E-02
-4.970129E-03
2.121079E-03
-4.844472E-03
-6.289230E-03
7.565364E-04
2.552140E-03
2.654145E-03
2.676982E-03
-5.649324E-03
-1.176543E-02
-7.006518E-03
-2.674814E-03
-5.388093E-03
-1.299334E-02
-2.235277E-02
-2.495438E-02
-2.307704E-02
-3.015025E-02
-3.943434E-02
-3.386255E-02
-2.313522E-02
-2.927382E-02
-4.249643E-02
-4.125968E-02
-3.343307E-02
-3.379722E-02
-3.482305E-02
-2.609627E-02
-1.547498E-02
-1.074038E-02
-1.017071E-02
-1.186637E-02
-1.236266E-02
-1.072910E-02
-1.005280E-02
-1.061903E-02
-1.092412E-02
-1.089401E-02
-1.134507E-02
-8.610109E-03
-2.307891E-03
-5.207854E-03
-1.223513E-02
-6.740353E-03
-3.566533E-03
-1.270150E-02
-1.598432E-02
-1.027362E-02
-8.222428E-03
-1.426717E-02
-2.106119E-02
-1.948717E-02
-2.159603E-02
-3.057748E-02
-2.746977E-02
-2.027776E-02
-1.663060E-02
-9.580397E-03
-8.893599E-03
-1.463701E-02
-1.482448E-02
-1.126767E-02
-7.114761E-03
-2.631483E-03
-3.354039E-03
-6.775895E-03
-6.313029E-03
-4.078890E-03
-7.240427E-03
-1.422342E-02
-1.462416E-02
-7.849658E-03
2.335437E-04
6.899707E-03
1.232116E-02
1.577870E-02
1.431554E-02
1.149604E-02
1.494397E-02
2.543390E-02
3.245795E-02
3.145263E-02
2.997092E-02
2.753176E-02
2.812370E-02
3.386893E-02
2.902769E-02
1.457727E-02
9.093644E-03
1.503824E-02
1.905524E-02
1.627930E-02
1.144464E-02
6.702859E-03
6.023762E-03
9.298193E-03
1.047610E-02
3.618232E-03
-1.171834E-02
-1.710442E-02
-4.295367E-03
3.002959E-03
-4.470966E-03
-1.200528E-02
-1.422852E-02
-1.293861E-02
-1.105979E-02
-1.176405E-02
-1.280009E-02
-1.228418E-02
-1.186549E-02
-1.231704E-02
-1.230302E-02
-1.326969E-02
-2.091708E-02
-2.922046E-02
-2.173474E-02
-7.169884E-03
-6.341724E-03
-1.036034E-02
-9.909670E-03
-1.207719E-02
-1.005623E-02
-5.340682E-03
-1.137214E-02
-1.814458E-02
-1.371919E-02
-2.006439E-03
1.138539E-02
1.728993E-02
1.204099E-02
7.525535E-03
1.070987E-02
1.450909E-02
1.401005E-02
1.252855E-02
1.173384E-02
4.303853E-03
-1.044520E-02
-1.125158E-02
1.040900E-02
2.320732E-02
8.156112E-03
-4.874981E-03
1.253944E-03
3.613543E-03
-1.020005E-03
5.594260E-03
1.599982E-02
9.380675E-03
-1.041312E-03
7.834335E-03
1.918444E-02
1.506885E-02
8.515708E-03
1.092805E-02
2.049191E-02
2.914816E-02
2.368536E-02
9.118699E-03
5.961037E-03
8.616967E-03
2.758013E-03
2.014503E-03
9.092026E-03
3.579434E-03
-1.086664E-02
-1.200067E-02
6.142688E-04
6.718055E-03
5.442843E-03
1.043509E-02
1.518529E-02
1.259094E-02
1.054447E-02
1.267128E-02
1.477268E-02
1.422558E-02
1.331246E-02
1.862066E-02
2.782381E-02
2.378680E-02
9.151671E-03
1.177504E-02
3.015133E-02
3.450128E-02
2.405334E-02
2.034712E-02
2.563687E-02
2.814911E-02
2.187355E-02
1.080591E-02
-1.153636E-03
-1.435193E-02
-1.933698E-02
-1.265990E-02
-9.351657E-03
-1.440952E-02
-1.785018E-02
-1.637593E-02
-1.448603E-02
-1.102772E-02
-7.583807E-03
-1.332090E-02
-2.128240E-02
-1.886267E-02
-1.334601E-02
-1.454352E-02
-2.196793E-02
-2.713083E-02
-2.043786E-02
-1.162338E-02
-1.424020E-02
-1.602964E-02
-5.903050E-03
1.451282E-03
1.112866E-03
6.214919E-03
1.270444E-02
1.043274E-02
9.766228E-03
1.994138E-02
3.080821E-02
3.901349E-02
4.613594E-02
3.774133E-02
2.076424E-02
2.556319E-02
4.336726E-02
4.046036E-02
2.080073E-02
1.040851E-02
1.010175E-02
1.237218E-02
2.455963E-02
4.047027E-02
4.100541E-02
3.130410E-02
3.057169E-02
3.106278E-02
1.495947E-02
3.447793E-04
6.909301E-03
1.578713E-02
1.165762E-02
5.694872E-03
6.468940E-03
9.138064E-03
8.919723E-03
1.013608E-02
1.550392E-02
1.407882E-02
7.595893E-03
1.240327E-02
1.730768E-02
8.657972E-03
2.986066E-03
1.003710E-02
2.316053E-02
3.638970E-02
3.525214E-02
1.204158E-02
-5.631185E-03
3.550680E-03
1.610204E-02
1.162750E-02
3.055599E-03
3.070648E-03
1.136773E-02
2.799872E-02
3.805839E-02
2.438609E-02
8.380605E-03
1.382209E-02
2.439364E-02
2.479350E-02
2.466656E-02
2.184089E-02
7.283709E-03
-2.983672E-03
4.538224E-03
1.804471E-02
2.412495E-02
2.549256E-02
2.935780E-02
3.108593E-02
2.791445E-02
2.682760E-02
2.807936E-02
2.434469E-02
2.146036E-02
2.897746E-02
3.292697E-02
2.252523E-02
1.595646E-02
1.876084E-02
1.194976E-02
4.940267E-03
1.256661E-02
1.491846E-02
1.397905E-02
2.706334E-02
3.420541E-02
2.523809E-02
2.011540E-02
1.961784E-02
1.421224E-02
1.642008E-02
2.964680E-02
3.346534E-02
2.459122E-02
1.541916E-02
9.210491E-03
4.358053E-03
-3.024668E-04
-2.104088E-03
-2.112554E-04
4.089995E-04
-1.064925E-03
-1.408343E-03
-9.212826E-04
-1.374616E-03
-1.509249E-03
-7.621477E-04
-6.806031E-04
-1.263361E-03
-1.418124E-03
2.889761E-03
1.244399E-02
1.624408E-02
1.132192E-02
1.297255E-02
2.544106E-02
3.153189E-02
2.556133E-02
2.175358E-02
2.520935E-02
2.799421E-02
2.661453E-02
2.125699E-02
1.713473E-02
1.920023E-02
1.392265E-02
-1.961980E-03
-1.096356E-02
-1.565990E-02
-2.133763E-02
-1.946863E-02
-1.970074E-02
-2.856780E-02
-3.102756E-02
-2.891242E-02
-3.986470E-02
-5.724802E-02
-5.955720E-02
-5.055770E-02
-4.526295E-02
-4.472899E-02
-5.072025E-02
-5.936080E-02
-5.196318E-02
-2.833383E-02
-1.419811E-02
-1.310891E-02
-6.181732E-03
1.648364E-03
-8.541645E-04
-4.216299E-03
-1.418703E-03
-1.273691E-03
-7.983084E-03
-1.032797E-02
-8.539703E-03
-1.287592E-02
-1.473560E-02
-5.168536E-03
8.674218E-03
2.205504E-02
2.959893E-02
2.540486E-02
2.018005E-02
2.357372E-02
2.817363E-02
2.769854E-02
2.572300E-02
2.579324E-02
2.688666E-02
2.489915E-02
1.409746E-02
-1.410158E-03
-6.073371E-03
1.305436E-03
4.670786E-03
2.506396E-03
5.296360E-03
5.951443E-03
-4.630094E-03
-1.357665E-02
-6.914068E-03
2.995160E-03
-7.778427E-03
-3.099146E-02
-3.677494E-02
-2.546235E-02
-2.072019E-02
-2.683751E-02
-3.077848E-02
-2.878293E-02
-2.707815E-02
-2.546764E-02
-2.065770E-02
-1.926341E-02
-2.010805E-02
-1.772402E-02
-2.029248E-02
-2.221955E-02
-1.450938E-02
-7.962404E-03
-6.954417E-03
-8.171544E-03
-6.778367E-03
-5.496837E-03
-1.472285E-02
-1.795161E-02
-1.019328E-02
-1.914245E-02
-3.584182E-02
-3.105944E-02
-1.346609E-02
-5.161424E-03
-7.137570E-03
-1.305897E-02
-1.895400E-02
-1.761091E-02
-1.453057E-02
-2.229676E-02
-3.214982E-02
-3.249818E-02
-3.399744E-02
-4.400638E-02
-5.184899E-02
-4.475047E-02
-2.704342E-02
-2.071529E-02
-2.983035E-02
-3.513608E-02
-3.043121E-02
-2.650015E-02
-2.774572E-02
-2.909764E-02
-2.845538E-02
-2.815598E-02
-2.610372E-02
-2.048936E-02
-2.151814E-02
-2.864098E-02
-2.280178E-02
-9.282909E-03
-1.189482E-02
-2.803060E-02
-3.544039E-02
-2.863107E-02
-2.314336E-02
-2.645561E-02
-3.053392E-02
-2.780419E-02
-1.793229E-02
-1.098249E-02
-1.176857E-02
-1.052544E-02
-9.999529E-03
-1.421508E-02
-8.623402E-03
2.944059E-03
1.971045E-03
-5.172558E-03
-4.314722E-03
8.736443E-04
-3.466383E-03
-2.002329E-02
-2.637497E-02
-1.548371E-02
-1.625321E-02
-3.153179E-02
-3.460370E-02
-2.659462E-02
-2.280109E-02
-1.925664E-02
-1.115868E-02
-6.250226E-03
-8.812519E-03
-8.891048E-03
-3.432382E-03
-1.030276E-02
-3.005980E-02
-3.728134E-02
-2.808005E-02
-2.082369E-02
-1.526053E-02
-6.220835E-03
-5.983678E-03
-1.068211E-02
-5.425156E-03
7.418371E-04
-1.729277E-03
-4.984883E-03
-1.189011E-03
6.428836E-03
7.199353E-03
4.819192E-03
9.917714E-03
1.133133E-02
4.689641E-03
9.596358E-03
1.981512E-02
1.392834E-02
5.446875E-03
9.274315E-03
1.403487E-02
1.461827E-02
2.008313E-02
2.742003E-02
2.604329E-02
2.152648E-02
2.250895E-02
2.546656E-02
2.394278E-02
1.318837E-02
-2.493359E-03
-7.533609E-03
-2.991658E-04
3.278512E-03
-1.143679E-03
-3.803455E-03
-7.109111E-03
-2.001868E-02
-2.675403E-02
-1.563145E-02
-1.105724E-02
-2.364465E-02
-2.737559E-02
-1.710432E-02
-1.987594E-02
-3.408269E-02
-3.519534E-02
-2.680975E-02
-2.837062E-02
-3.933467E-02
-3.966556E-02
-2.792515E-02
-2.514784E-02
-3.243470E-02
-3.475340E-02
-2.932199E-02
-1.790943E-02
-4.007081E-03
-1.554434E-04
-5.273228E-03
-7.597276E-04
7.658716E-03
2.259626E-03
9.196944E-04
1.624340E-02
2.224722E-02
1.537001E-02
1.759649E-02
2.423551E-02
2.307175E-02
1.988977E-02
2.055931E-02
2.247500E-02
2.269553E-02
2.144005E-02
2.043256E-02
2.074805E-02
2.134931E-02
2.100635E-02
2.013267E-02
2.005586E-02
2.086312E-02
2.134322E-02
1.877556E-02
7.843468E-03
-7.419077E-03
-1.154029E-02
-4.247534E-03
-1.245723E-03
-5.863878E-03
-9.218535E-03
-5.666580E-03
1.575604E-03
5.122556E-03
1.128699E-02
2.039999E-02
1.589730E-02
9.750787E-03
1.669456E-02
1.547920E-02
2.919917E-03
1.544192E-03
9.376575E-03
8.327130E-03
-3.772926E-03
-1.237119E-02
-6.196948E-03
9.639277E-03
2.268347E-02
2.387116E-02
1.712473E-02
1.523375E-02
1.965640E-02
2.223142E-02
2.094327E-02
1.976058E-02
2.048171E-02
1.880302E-02
1.012147E-02
4.764746E-03
1.539258E-02
2.782194E-02
2.434165E-02
1.604141E-02
1.677696E-02
2.236827E-02
3.090719E-02
4.285754E-02
4.358524E-02
3.057502E-02
2.672342E-02
3.393691E-02
3.037372E-02
1.931746E-02
2.296668E-02
3.297131E-02
3.085843E-02
2.323175E-02
1.822933E-02
1.839257E-02
2.234806E-02
2.314807E-02
2.056951E-02
1.825798E-02
1.127660E-02
-3.160380E-03
-1.123147E-02
-5.664902E-03
-2.556123E-04
-3.423121E-03
-8.922862E-03
-1.542338E-02
-2.232982E-02
-2.175927E-02
-1.813172E-02
-2.489631E-02
-3.678858E-02
-3.747351E-02
-2.929982E-02
-2.039833E-02
-8.790927E-03
-2.238760E-03
-4.530513E-03
2.743033E-03
1.752743E-02
1.845124E-02
7.810742E-03
-4.927808E-03
-9.734708E-03
1.021761E-03
8.701215E-03
3.672040E-03
2.276685E-03
9.143666E-04
-4.966156E-03
4.945417E-03
2.158906E-02
2.062052E-02
1.580774E-02
1.949443E-02
2.202325E-02
2.159201E-02
1.885953E-02
4.945525E-03
-1.249039E-02
-1.168822E-02
1.438244E-03
7.392335E-03
9.863170E-04
-1.010675E-02
-1.183380E-02
-4.979389E-03
-2.880814E-03
-4.914408E-03
-1.030158E-03
3.176429E-03
1.754342E-03
5.553578E-03
1.657684E-02
2.337409E-02
2.077778E-02
1.683867E-02
1.842524E-02
2.100762E-02
2.095367E-02
1.858907E-02
1.300060E-02
1.211869E-02
1.999180E-02
1.773923E-02
3.416470E-03
6.899736E-04
7.583866E-03
3.618075E-03
-1.089832E-03
1.189463E-02
2.154119E-02
1.469715E-02
1.411796E-02
2.151559E-02
2.192790E-02
1.859574E-02
1.873180E-02
2.055018E-02
2.021704E-02
1.884776E-02
1.897136E-02
2.162114E-02
2.724031E-02
2.638370E-02
1.068584E-02
-2.170629E-03
3.545403E-03
1.048355E-02
2.326353E-03
-5.663794E-03
-3.567750E-03
-5.275082E-03
-8.830628E-03
-6.825641E-04
1.061442E-02
9.302803E-03
2.042148E-03
2.168657E-03
8.060799E-03
1.578998E-02
2.002064E-02
1.311283E-02
7.674491E-03
1.687438E-02
2.439129E-02
1.951209E-02
1.493200E-02
1.716024E-02
1.981463E-02
1.914657E-02
1.789334E-02
1.809474E-02
1.867177E-02
1.867353E-02
1.864037E-02
1.739235E-02
1.075402E-02
8.594767E-04
-5.878584E-03
-8.846079E-03
-8.589253E-03
-5.248075E-03
-4.285410E-04
5.354072E-04
-2.877842E-03
-5.532693E-03
-8.754709E-03
-1.170608E-02
-1.596940E-02
-2.344541E-02
-2.525614E-02
-2.101292E-02
-2.117920E-02
-3.030309E-02
-4.006532E-02
-3.911355E-02
-3.305950E-02
-3.208488E-02
-2.963562E-02
-2.078945E-02
-1.400662E-02
-1.592948E-02
-1.870885E-02
-1.209445E-02
-4.845414E-03
-1.655143E-03
3.200218E-03
4.298595E-03
3.163146E-03
1.087007E-02
2.056058E-02
1.898990E-02
1.357498E-02
1.248587E-02
7.955645E-03
-1.624860E-03
-6.667111E-03
-1.075245E-03
7.975677E-03
7.605605E-03
-1.004318E-03
-9.754191E-03
-1.361893E-02
-1.046482E-02
-7.357510E-03
-9.928799E-03
-1.288936E-02
-1.199086E-02
-1.039831E-02
-1.099819E-02
-1.218196E-02
-1.184675E-02
-1.342136E-02
-2.164626E-02
-2.647199E-02
-1.810730E-02
-1.685790E-02
-3.374728E-02
-3.819730E-02
-2.201030E-02
-1.904916E-02
-3.488711E-02
-3.594855E-02
-1.460748E-02
-3.357423E-03
-1.103929E-02
-1.010489E-02
-2.442719E-04
-3.590068E-03
-1.124609E-02
-8.250485E-03
-3.506781E-03
-5.141627E-03
-3.112409E-03
1.138411E-02
1.891201E-02
6.828192E-03
-6.073175E-04
2.375227E-03
-6.212467E-03
-1.819117E-02
-1.514978E-02
-7.337350E-03
-3.308069E-03
-8.703520E-03
-2.078013E-02
-2.723227E-02
-1.999435E-02
-9.173929E-03
-9.816475E-03
-1.943332E-02
-2.620428E-02
-2.149528E-02
-1.056498E-02
-1.181977E-02
-2.656842E-02
-3.725691E-02
-3.957737E-02
-4.093272E-02
-4.083452E-02
-3.952371E-02
-4.079508E-02
-4.068560E-02
-3.077907E-02
-1.506473E-02
-1.025979E-02
-1.760866E-02
-2.102087E-02
-1.636642E-02
-1.305270E-02
-1.413984E-02
-1.764986E-02
-2.558958E-02
-2.976550E-02
-2.154933E-02
-1.836991E-02
-2.694444E-02
-2.428534E-02
-1.133026E-02
-1.068672E-02
-1.636082E-02
-6.500028E-03
1.080454E-02
1.096169E-02
7.547235E-04
-2.239858E-03
-3.947250E-03
-1.087154E-02
-1.628058E-02
-1.501175E-02
-1.176425E-02
-1.250863E-02
-1.521531E-02
-1.538345E-02
-1.418261E-02
-1.395845E-02
-1.440255E-02
-1.455647E-02
-1.435301E-02
-1.450565E-02
-1.316983E-02
-6.581725E-03
3.196353E-03
8.406719E-03
5.957436E-03
2.250669E-03
-2.060120E-03
-1.360627E-02
-1.989448E-02
-1.261507E-02
-8.245982E-03
-1.274329E-02
-1.685064E-02
-2.041883E-02
-2.226370E-02
-1.509465E-02
-8.994514E-03
-1.236992E-02
-1.138519E-02
-6.082043E-03
-1.057086E-02
-1.229556E-02
-5.771439E-03
-1.398984E-02
-2.658000E-02
-1.721478E-02
-8.312925E-04
6.827024E-03
1.195172E-02
1.344205E-02
1.025165E-02
9.866015E-03
1.311322E-02
1.439912E-02
1.330756E-02
1.276879E-02
1.318503E-02
1.331874E-02
8.862776E-03
-4.715549E-03
-1.726511E-02
-1.164633E-02
4.919568E-03
1.238728E-02
1.169499E-02
1.146730E-02
1.137754E-02
1.139206E-02
1.205041E-02
1.226868E-02
1.222032E-02
1.214262E-02
1.190571E-02
1.158767E-02
1.428983E-02
2.656038E-02
3.520377E-02
1.886110E-02
-3.550543E-04
6.309625E-03
1.917620E-02
1.659293E-02
9.320854E-03
9.487104E-03
9.501750E-03
3.370432E-03
4.694526E-03
1.522865E-02
1.723087E-02
1.019789E-02
8.029093E-03
1.157678E-02
1.322211E-02
1.194564E-02
1.094982E-02
1.179859E-02
1.058999E-02
5.992684E-04
-1.356968E-02
-1.743884E-02
-1.100113E-02
-6.312607E-03
-3.283691E-03
8.748705E-04
8.933673E-04
-2.360708E-03
-2.140375E-03
-9.035540E-04
-5.616088E-03
-9.218585E-03
-7.739050E-03
-9.602440E-03
-8.231394E-03
2.392973E-03
8.753708E-03
-1.917384E-03
-1.809729E-02
-1.284639E-02
5.748130E-03
7.078896E-03
-3.490604E-03
-9.987953E-05
1.332845E-02
1.194829E-02
1.805442E-03
6.779809E-03
1.724637E-02
1.538296E-02
9.690612E-03
1.054173E-02
1.277321E-02
7.030317E-03
-2.496223E-03
8.843666E-04
1.487549E-02
1.829133E-02
1.033817E-02
6.903787E-03
7.293362E-03
5.338533E-03
4.604373E-03
-5.962086E-04
-9.285037E-03
-8.419786E-03
-6.132957E-03
-1.108844E-02
-1.332944E-02
-1.070644E-02
-9.891815E-03
-1.127561E-02
-1.183145E-02
-1.126208E-02
-1.109639E-02
-8.638539E-03
-1.255876E-03
3.571389E-03
-2.166215E-03
-1.292016E-02
-1.563998E-02
-9.825009E-03
-7.119362E-03
-1.005035E-02
-1.212094E-02
-1.128758E-02
-1.021829E-02
-1.042342E-02
-1.082916E-02
-1.072292E-02
-1.054536E-02
-1.069133E-02
-9.068737E-03
-3.377357E-04
1.258329E-02
1.643244E-02
1.037986E-02
7.826300E-03
1.176906E-02
1.424147E-02
1.283795E-02
1.340360E-02
2.045189E-02
2.694003E-02
2.478546E-02
2.070656E-02
2.071843E-02
1.725638E-02
1.142512E-02
1.556670E-02
2.122011E-02
1.449143E-02
8.036803E-03
1.145151E-02
1.611773E-02
1.890181E-02
1.783605E-02
1.085045E-02
8.151237E-03
1.275683E-02
1.478769E-02
1.239111E-02
1.089312E-02
1.186539E-02
1.294979E-02
1.305083E-02
1.253198E-02
1.234216E-02
1.159738E-02
7.323469E-03
4.612819E-03
7.135617E-03
1.003298E-02
1.286944E-02
1.394482E-02
1.045491E-02
5.290896E-03
4.486456E-03
6.724363E-03
4.559070E-03
4.435474E-03
8.357698E-03
9.040788E-03
1.104047E-02
1.137519E-02
5.743873E-06
-8.112154E-03
4.098275E-03
1.140040E-02
-2.552915E-03
-7.812164E-03
3.142516E-03
6.043931E-03
-4.089975E-03
-1.300374E-02
-1.154274E-02
-5.570677E-03
-1.336760E-03
1.699671E-03
-1.451429E-03
-7.297100E-03
-6.360775E-03
-5.870147E-03
-9.277366E-03
-9.395155E-03
-7.524937E-03
-7.230725E-03
-4.085012E-03
2.212734E-03
-2.352291E-04
-1.081690E-02
-1.303543E-02
-6.570071E-03
-4.329035E-03
-7.540535E-03
-9.207548E-03
-7.389324E-03
-3.002478E-03
-6.023173E-04
-2.429339E-03
-3.229354E-04
7.831706E-03
1.360873E-02
1.241200E-02
8.476743E-03
5.445256E-03
5.219911E-03
6.523522E-03
-1.466006E-04
-1.061687E-02
-1.040900E-02
-4.249388E-03
-4.106525E-03
-8.023079E-03
-8.109584E-03
1.197919E-03
1.430426E-02
1.592536E-02
8.364703E-03
6.042882E-03
7.003055E-03
6.036181E-03
6.718280E-03
8.294914E-03
1.011725E-02
1.179829E-02
1.069555E-02
9.485191E-03
1.030629E-02
1.101241E-02
1.093079E-02
1.069761E-02
7.724453E-03
1.972359E-03
2.408816E-03
8.572380E-03
6.497281E-03
-3.217513E-03
-6.075912E-03
-1.187010E-03
-1.719046E-03
-7.615307E-03
-5.691536E-03
3.238399E-03
5.802762E-03
-1.416280E-03
-6.284669E-03
-4.218251E-04
5.977331E-03
3.744555E-03
-1.998758E-04
5.298028E-04
2.612717E-03
2.614728E-03
1.555101E-03
-1.050573E-03
-5.692939E-03
-5.429276E-03
-2.501422E-04
-1.713876E-03
-8.015829E-03
-8.475114E-03
-5.140018E-03
-4.903823E-03
-6.558623E-03
-4.443018E-03
-7.953762E-04
-3.724337E-03
-8.996054E-03
-7.759877E-03
-4.274963E-03
-4.637648E-03
-6.391676E-03
-6.576340E-03
-5.971406E-03
-3.647770E-03
-8.773397E-04
-1.640673E-03
-3.510636E-03
-2.953732E-03
-1.956045E-03
-4.051991E-03
-5.090664E-03
-2.044237E-03
-2.837758E-03
-5.379127E-03
-2.667820E-03
-5.681314E-04
-2.672322E-03
-5.803753E-03
-4.761509E-03
3.678132E-03
1.131711E-02
9.747020E-03
5.069533E-03
5.418289E-03
8.251191E-03
8.712261E-03
7.540878E-03
7.137344E-03
7.481950E-03
7.780733E-03
7.686753E-03
7.272869E-03
7.015563E-03
7.126210E-03
7.080838E-03
4.881368E-03
2.253141E-03
2.838641E-03
2.543556E-03
-4.211835E-04
-8.757907E-04
1.048277E-03
3.113723E-03
4.395410E-03
3.556409E-03
2.434920E-03
1.018347E-03
-2.725100E-03
-4.455839E-03
1.515233E-03
7.592283E-03
4.818682E-03
2.017770E-04
-4.185005E-04
1.855532E-03
4.503182E-03
5.073379E-04
-7.647170E-03
-8.566455E-03
-3.820917E-03
-2.944138E-03
-5.669552E-03
-6.414210E-03
-5.021945E-03
-4.822145E-03
-7.556790E-03
-9.113117E-03
-5.734220E-03
-4.702217E-03
-7.986056E-03
-6.644460E-03
-2.717939E-03
-3.478891E-03
-5.889630E-03
-5.516879E-03
-4.064538E-03
-3.953656E-03
-4.459165E-03
-4.310288E-03
-3.937381E-03
-3.773112E-03
-3.936115E-03
-5.924769E-03
-9.566065E-03
-1.230694E-02
-1.353711E-02
-1.336083E-02
-1.230272E-02
-1.216617E-02
-1.287396E-02
-1.261958E-02
-9.957150E-03
-6.291644E-03
-5.760501E-03
-7.878882E-03
-7.723089E-03
-4.122093E-03
-2.521543E-03
-7.787531E-03
-1.348689E-02
-1.199694E-02
-8.161685E-03
-8.083244E-03
-8.121679E-03
-5.101318E-03
-3.601094E-03
-4.987826E-03
-3.713438E-03
2.759916E-04
-1.967611E-04
-3.439102E-03
-1.577350E-03
1.937652E-03
1.341204E-03
8.656373E-04
2.228283E-03
1.194613E-03
-5.097148E-04
3.237388E-04
1.503461E-03
1.181821E-03
5.623769E-04
6.903297E-04
1.494867E-03
3.040119E-03
3.328778E-03
1.001248E-03
-2.004046E-04
1.377824E-03
2.321066E-03
1.563145E-03
1.044304E-03
1.388802E-03
1.729356E-03
1.690096E-03
1.580469E-03
1.581048E-03
1.716426E-03
1.839091E-03
1.848498E-03
1.856189E-03
1.937975E-03
1.949718E-03
2.217766E-03
3.752482E-03
6.010303E-03
7.502796E-03
8.177587E-03
8.185660E-03
7.478938E-03
5.675791E-03
2.607537E-03
8.833640E-04
2.098859E-03
3.278963E-03
2.440434E-03
1.801028E-03
3.225047E-03
3.970029E-03
2.084821E-03
1.052083E-03
2.296943E-03
3.003930E-03
2.455904E-03
2.105363E-03
2.342952E-03
2.115281E-03
1.248166E-04
-2.664298E-03
-2.961031E-03
3.932044E-04
3.823712E-03
3.788779E-03
1.927096E-03
1.669191E-03
2.751264E-03
3.558519E-03
4.141223E-03
3.719599E-03
2.744112E-03
3.426093E-03
4.470231E-03
4.443371E-03
4.694938E-03
4.702688E-03
3.577089E-03
3.448970E-03
5.300627E-03
6.964031E-03
7.028443E-03
6.237924E-03
5.898272E-03
6.218853E-03
6.452871E-03
6.359882E-03
5.807030E-03
4.109095E-03
2.041922E-03
1.763308E-03
2.933219E-03
3.219720E-03
2.485550E-03
2.163919E-03
2.396249E-03
2.656558E-03
2.302054E-03
1.495407E-03
1.888121E-03
3.484600E-03
4.126596E-03
3.286782E-03
3.480431E-03
4.780030E-03
4.111567E-03
2.556643E-03
2.851326E-03
3.741230E-03
3.547473E-03
3.388433E-03
3.681850E-03
2.989823E-03
2.056343E-03
2.372225E-03
2.946875E-03
3.096468E-03
3.913729E-03
5.195847E-03
5.288806E-03
4.987021E-03
5.909936E-03
6.740902E-03
6.530635E-03
5.956956E-03
4.945133E-03
3.959620E-03
4.050117E-03
4.587460E-03
4.454692E-03
3.963034E-03
3.853280E-03
4.496570E-03
5.359174E-03
5.362833E-03
4.971276E-03
5.049491E-03
4.885625E-03
3.877795E-03
2.974510E-03
3.068911E-03
3.492674E-03
3.393357E-03
3.046515E-03
2.887299E-03
2.685625E-03
2.440532E-03
2.462644E-03
2.569200E-03
2.675923E-03
2.749360E-03
2.592449E-03
2.422913E-03
2.416095E-03
2.252494E-03
1.799782E-03
1.570885E-03
1.725805E-03
1.600119E-03
1.128994E-03
1.349297E-03
2.245627E-03
2.410346E-03
1.816361E-03
1.603768E-03
1.837119E-03
1.881960E-03
1.548773E-03
1.138441E-03
9.372042E-04
1.024350E-03
1.418987E-03
1.726874E-03
1.513967E-03
1.225446E-03
1.537296E-03
2.114899E-03
2.110082E-03
1.672419E-03
1.536923E-03
1.671173E-03
1.656909E-03
1.494750E-03
1.388507E-03
1.358832E-03
1.311146E-03
1.231410E-03
1.146877E-03
1.068074E-03
1.026764E-03
1.076844E-03
1.141766E-03
9.927916E-04
7.566875E-04
7.253965E-04
7.837180E-04
7.882286E-04
7.292607E-04
6.096601E-04
4.505586E-04
2.978012E-04
2.540074E-04
2.742209E-04
2.304683E-04
1.331472E-04
1.733201E-05
-4.920333E-05
6.742482E-06
3.842351E-05
-6.876604E-05
-2.202708E-04
-3.148304E-04
-2.852375E-04
-2.370018E-04
-3.019802E-04
-3.973648E-04
-4.626298E-04
-5.024103E-04
-5.491354E-04
-6.337554E-04
-6.758138E-04
-6.625468E-04
-6.774894E-04
-7.148988E-04
-7.403587E-04
-7.574399E-04
-7.726631E-04
-7.924704E-04
-8.133785E-04
-8.312062E-04
-8.513236E-04
-8.704982E-04
-8.890440E-04
-9.113647E-04
-9.235772E-04
-9.179953E-04
-9.224019E-04
-9.502976E-04
-9.673857E-04
-9.871999E-04
-1.033954E-03
-1.058538E-03
-1.050239E-03
-1.057940E-03
-1.088724E-03
-1.109766E-03
-1.116201E-03
-1.121695E-03
-1.125315E-03
-1.138323E-03
-1.167498E-03
-1.189050E-03
-1.190375E-03
-1.188197E-03
-1.185460E-03
-1.187039E-03
-1.206601E-03
-1.230370E-03
-1.245929E-03
-1.248116E-03
-1.255719E-03
-1.285188E-03
-1.299580E-03
-1.290712E-03
-1.294645E-03
-1.312137E-03
-1.324625E-03
-1.333395E-03
-1.342273E-03
-1.350965E-03
-1.363472E-03
-1.377226E-03
-1.387850E-03
-1.395983E-03
-1.400731E-03
-1.405292E-03
-1.411276E-03
-1.416466E-03
-1.420772E-03
-1.423892E-03
-1.427257E-03
-1.431161E-03
-1.434477E-03
-1.437940E-03
-1.440186E-03
-1.441187E-03
-1.442070E-03
-1.442776E-03
-1.443453E-03
-1.444326E-03
-1.445347E-03
-1.445170E-03
-1.444258E-03
-1.443286E-03
-1.442178E-03
-1.440775E-03
-1.438784E-03
-1.436851E-03
-1.434663E-03
-1.431632E-03
-1.427963E-03
-1.424010E-03
-1.419693E-03
-1.414828E-03
-1.409609E-03
-1.404046E-03
-1.398003E-03
-1.391696E-03
-1.385064E-03
-1.377873E-03
-1.370290E-03
-1.362334E-03
-1.353937E-03
-1.345079E-03
-1.335798E-03
-1.326126E-03
-1.316002E-03
-1.305436E-03
-1.294439E-03
-1.283001E-03
-1.271101E-03
-1.258760E-03
-1.258760E-03
