$MeshFormat
2.2 0 8
$EndMeshFormat
$Nodes
4670
1 0 0 0
2 0 0 36
3 0 35 36
4 0 35 0
5 12.5 0 0
6 12.5 0 36
7 12.5 35 36
8 12.5 35 0
9 22.5 0 0
10 22.5 0 36
11 22.5 35 36
12 22.5 35 0
13 30 0 0
14 30 0 36
15 30 35 36
16 30 35 0
17 35 0 0
18 35 0 36
19 35 35 36
20 35 35 0
21 65 0 0
22 65 0 36
23 65 35 36
24 65 35 0
25 0 65 36
26 0 65 0
27 12.5 65 36
28 12.5 65 0
29 22.5 65 36
30 22.5 65 0
31 30 65 36
32 30 65 0
33 35 65 36
34 35 65 0
35 65 65 36
36 65 65 0
37 0 95 36
38 0 95 0
39 12.5 95 36
40 12.5 95 0
41 22.5 95 36
42 22.5 95 0
43 30 95 36
44 30 95 0
45 35 95 36
46 35 95 0
47 65 95 36
48 65 95 0
49 0 0 66
50 0 35 66
51 12.5 0 66
52 12.5 35 66
53 22.5 0 66
54 22.5 35 66
55 30 0 66
56 30 35 66
57 35 0 66
58 35 35 66
59 65 0 66
60 65 35 66
61 0 65 66
62 12.5 65 66
63 22.5 65 66
64 30 65 66
65 35 65 66
66 65 65 66
67 0 95 66
68 12.5 95 66
69 22.5 95 66
70 30 95 66
71 35 95 66
72 65 95 66
73 0 0 76
74 0 35 76
75 12.5 0 76
76 12.5 35 76
77 22.5 0 76
78 22.5 35 76
79 30 0 76
80 30 35 76
81 35 0 76
82 35 35 76
83 65 0 76
84 65 35 76
85 0 65 76
86 12.5 65 76
87 22.5 65 76
88 30 65 76
89 35 65 76
90 65 65 76
91 0 95 76
92 12.5 95 76
93 22.5 95 76
94 30 95 76
95 35 95 76
96 65 95 76
97 0 0 100
98 0 35 100
99 12.5 0 100
100 12.5 35 100
101 22.5 0 100
102 22.5 35 100
103 30 0 100
104 30 35 100
105 35 0 100
106 35 35 100
107 0 65 100
108 12.5 65 100
109 22.5 65 100
110 30 65 100
111 35 65 100
112 65 35 100
113 65 65 100
114 0 95 100
115 12.5 95 100
116 22.5 95 100
117 30 95 100
118 35 95 100
119 65 95 100
120 0 0 101
121 0 35 101
122 12.5 0 101
123 12.5 35 101
124 22.5 0 101
125 22.5 35 101
126 30 0 101
127 30 35 101
128 35 0 101
129 35 35 101
130 0 65 101
131 12.5 65 101
132 22.5 65 101
133 30 65 101
134 35 65 101
135 65 35 101
136 65 65 101
137 0 95 101
138 12.5 95 101
139 22.5 95 101
140 30 95 101
141 35 95 101
142 65 95 101
143 0 0 102
144 0 35 102
145 12.5 0 102
146 12.5 35 102
147 22.5 0 102
148 22.5 35 102
149 30 0 102
150 30 35 102
151 35 0 102
152 35 35 102
153 0 65 102
154 12.5 65 102
155 22.5 65 102
156 30 65 102
157 35 65 102
158 65 35 102
159 65 65 102
160 0 95 102
161 12.5 95 102
162 22.5 95 102
163 30 95 102
164 35 95 102
165 65 95 102
166 0 0 103
167 0 35 103
168 12.5 0 103
169 12.5 35 103
170 22.5 0 103
171 22.5 35 103
172 30 0 103
173 30 35 103
174 35 0 103
175 35 35 103
176 0 65 103
177 12.5 65 103
178 22.5 65 103
179 30 65 103
180 35 65 103
181 65 35 103
182 65 65 103
183 0 95 103
184 12.5 95 103
185 22.5 95 103
186 30 95 103
187 35 95 103
188 65 95 103
189 0 0 104
190 0 35 104
191 12.5 0 104
192 12.5 35 104
193 22.5 0 104
194 22.5 35 104
195 30 0 104
196 30 35 104
197 35 0 104
198 35 35 104
199 0 65 104
200 12.5 65 104
201 22.5 65 104
202 30 65 104
203 35 65 104
204 65 35 104
205 65 65 104
206 0 95 104
207 12.5 95 104
208 22.5 95 104
209 30 95 104
210 35 95 104
211 65 95 104
212 100 0 0
213 100 0 36
214 100 35 36
215 100 35 0
216 87.5 0 0
217 87.5 0 36
218 87.5 35 36
219 87.5 35 0
220 77.5 0 0
221 77.5 0 36
222 77.5 35 36
223 77.5 35 0
224 70 0 0
225 70 0 36
226 70 35 36
227 70 35 0
228 100 65 36
229 100 65 0
230 87.5 65 36
231 87.5 65 0
232 77.5 65 36
233 77.5 65 0
234 70 65 36
235 70 65 0
236 100 95 36
237 100 95 0
238 87.5 95 36
239 87.5 95 0
240 77.5 95 36
241 77.5 95 0
242 70 95 36
243 70 95 0
244 100 0 66
245 100 35 66
246 87.5 0 66
247 87.5 35 66
248 77.5 0 66
249 77.5 35 66
250 70 0 66
251 70 35 66
252 100 65 66
253 87.5 65 66
254 77.5 65 66
255 70 65 66
256 100 95 66
257 87.5 95 66
258 77.5 95 66
259 70 95 66
260 100 0 76
261 100 35 76
262 87.5 0 76
263 87.5 35 76
264 77.5 0 76
265 77.5 35 76
266 70 0 76
267 70 35 76
268 100 65 76
269 87.5 65 76
270 77.5 65 76
271 70 65 76
272 100 95 76
273 87.5 95 76
274 77.5 95 76
275 70 95 76
276 100 0 100
277 100 35 100
278 87.5 0 100
279 87.5 35 100
280 77.5 0 100
281 77.5 35 100
282 70 0 100
283 70 35 100
284 65 0 100
285 100 65 100
286 87.5 65 100
287 77.5 65 100
288 70 65 100
289 100 95 100
290 87.5 95 100
291 77.5 95 100
292 70 95 100
293 100 0 101
294 100 35 101
295 87.5 0 101
296 87.5 35 101
297 77.5 0 101
298 77.5 35 101
299 70 0 101
300 70 35 101
301 65 0 101
302 100 65 101
303 87.5 65 101
304 77.5 65 101
305 70 65 101
306 100 95 101
307 87.5 95 101
308 77.5 95 101
309 70 95 101
310 100 0 102
311 100 35 102
312 87.5 0 102
313 87.5 35 102
314 77.5 0 102
315 77.5 35 102
316 70 0 102
317 70 35 102
318 65 0 102
319 100 65 102
320 87.5 65 102
321 77.5 65 102
322 70 65 102
323 100 95 102
324 87.5 95 102
325 77.5 95 102
326 70 95 102
327 100 0 103
328 100 35 103
329 87.5 0 103
330 87.5 35 103
331 77.5 0 103
332 77.5 35 103
333 70 0 103
334 70 35 103
335 65 0 103
336 100 65 103
337 87.5 65 103
338 77.5 65 103
339 70 65 103
340 100 95 103
341 87.5 95 103
342 77.5 95 103
343 70 95 103
344 100 0 104
345 100 35 104
346 87.5 0 104
347 87.5 35 104
348 77.5 0 104
349 77.5 35 104
350 70 0 104
351 70 35 104
352 65 0 104
353 100 65 104
354 87.5 65 104
355 77.5 65 104
356 70 65 104
357 100 95 104
358 87.5 95 104
359 77.5 95 104
360 70 95 104
361 0 0 3
362 0 0 6
363 0 0 9
364 0 0 12
365 0 0 15
366 0 0 18
367 0 0 21
368 0 0 24
369 0 0 27
370 0 0 30
371 0 0 33
372 0 17.5 36
373 0 35 3
374 0 35 6
375 0 35 9
376 0 35 12
377 0 35 15
378 0 35 18
379 0 35 21
380 0 35 24
381 0 35 27
382 0 35 30
383 0 35 33
384 0 17.5 0
385 12.5 0 3
386 12.5 0 6
387 12.5 0 9
388 12.5 0 12
389 12.5 0 15
390 12.5 0 18
391 12.5 0 21
392 12.5 0 24
393 12.5 0 27
394 12.5 0 30
395 12.5 0 33
396 12.5 17.5 36
397 12.5 35 3
398 12.5 35 6
399 12.5 35 9
400 12.5 35 12
401 12.5 35 15
402 12.5 35 18
403 12.5 35 21
404 12.5 35 24
405 12.5 35 27
406 12.5 35 30
407 12.5 35 33
408 12.5 17.5 0
409 22.5 0 3
410 22.5 0 6
411 22.5 0 9
412 22.5 0 12
413 22.5 0 15
414 22.5 0 18
415 22.5 0 21
416 22.5 0 24
417 22.5 0 27
418 22.5 0 30
419 22.5 0 33
420 22.5 17.5 36
421 22.5 35 3
422 22.5 35 6
423 22.5 35 9
424 22.5 35 12
425 22.5 35 15
426 22.5 35 18
427 22.5 35 21
428 22.5 35 24
429 22.5 35 27
430 22.5 35 30
431 22.5 35 33
432 22.5 17.5 0
433 30 0 3
434 30 0 6
435 30 0 9
436 30 0 12
437 30 0 15
438 30 0 18
439 30 0 21
440 30 0 24
441 30 0 27
442 30 0 30
443 30 0 33
444 30 17.5 36
445 30 35 3
446 30 35 6
447 30 35 9
448 30 35 12
449 30 35 15
450 30 35 18
451 30 35 21
452 30 35 24
453 30 35 27
454 30 35 30
455 30 35 33
456 30 17.5 0
457 35 0 3
458 35 0 6
459 35 0 9
460 35 0 12
461 35 0 15
462 35 0 18
463 35 0 21
464 35 0 24
465 35 0 27
466 35 0 30
467 35 0 33
468 35 17.5 36
469 35 35 3
470 35 35 6
471 35 35 9
472 35 35 12
473 35 35 15
474 35 35 18
475 35 35 21
476 35 35 24
477 35 35 27
478 35 35 30
479 35 35 33
480 35 17.5 0
481 65 0 3
482 65 0 6
483 65 0 9
484 65 0 12
485 65 0 15
486 65 0 18
487 65 0 21
488 65 0 24
489 65 0 27
490 65 0 30
491 65 0 33
492 65 17.5 36
493 65 35 3
494 65 35 6
495 65 35 9
496 65 35 12
497 65 35 15
498 65 35 18
499 65 35 21
500 65 35 24
501 65 35 27
502 65 35 30
503 65 35 33
504 65 17.5 0
505 40 0 0
506 45 0 0
507 50 0 0
508 55 0 0
509 60 0 0
510 40 0 36
511 45 0 36
512 50 0 36
513 55 0 36
514 60 0 36
515 40 35 0
516 45 35 0
517 50 35 0
518 55 35 0
519 60 35 0
520 40 35 36
521 45 35 36
522 50 35 36
523 55 35 36
524 60 35 36
525 0 50 36
526 0 65 3
527 0 65 6
528 0 65 9
529 0 65 12
530 0 65 15
531 0 65 18
532 0 65 21
533 0 65 24
534 0 65 27
535 0 65 30
536 0 65 33
537 0 50 0
538 12.5 50 36
539 12.5 65 3
540 12.5 65 6
541 12.5 65 9
542 12.5 65 12
543 12.5 65 15
544 12.5 65 18
545 12.5 65 21
546 12.5 65 24
547 12.5 65 27
548 12.5 65 30
549 12.5 65 33
550 12.5 50 0
551 22.5 50 36
552 22.5 65 3
553 22.5 65 6
554 22.5 65 9
555 22.5 65 12
556 22.5 65 15
557 22.5 65 18
558 22.5 65 21
559 22.5 65 24
560 22.5 65 27
561 22.5 65 30
562 22.5 65 33
563 22.5 50 0
564 30 50 36
565 30 65 3
566 30 65 6
567 30 65 9
568 30 65 12
569 30 65 15
570 30 65 18
571 30 65 21
572 30 65 24
573 30 65 27
574 30 65 30
575 30 65 33
576 30 50 0
577 35 50 36
578 35 65 3
579 35 65 6
580 35 65 9
581 35 65 12
582 35 65 15
583 35 65 18
584 35 65 21
585 35 65 24
586 35 65 27
587 35 65 30
588 35 65 33
589 35 50 0
590 65 50 36
591 65 65 3
592 65 65 6
593 65 65 9
594 65 65 12
595 65 65 15
596 65 65 18
597 65 65 21
598 65 65 24
599 65 65 27
600 65 65 30
601 65 65 33
602 65 50 0
603 40 65 0
604 45 65 0
605 50 65 0
606 55 65 0
607 60 65 0
608 40 65 36
609 45 65 36
610 50 65 36
611 55 65 36
612 60 65 36
613 0 80 36
614 0 95 3
615 0 95 6
616 0 95 9
617 0 95 12
618 0 95 15
619 0 95 18
620 0 95 21
621 0 95 24
622 0 95 27
623 0 95 30
624 0 95 33
625 0 80 0
626 12.5 80 36
627 12.5 95 3
628 12.5 95 6
629 12.5 95 9
630 12.5 95 12
631 12.5 95 15
632 12.5 95 18
633 12.5 95 21
634 12.5 95 24
635 12.5 95 27
636 12.5 95 30
637 12.5 95 33
638 12.5 80 0
639 22.5 80 36
640 22.5 95 3
641 22.5 95 6
642 22.5 95 9
643 22.5 95 12
644 22.5 95 15
645 22.5 95 18
646 22.5 95 21
647 22.5 95 24
648 22.5 95 27
649 22.5 95 30
650 22.5 95 33
651 22.5 80 0
652 30 80 36
653 30 95 3
654 30 95 6
655 30 95 9
656 30 95 12
657 30 95 15
658 30 95 18
659 30 95 21
660 30 95 24
661 30 95 27
662 30 95 30
663 30 95 33
664 30 80 0
665 35 80 36
666 35 95 3
667 35 95 6
668 35 95 9
669 35 95 12
670 35 95 15
671 35 95 18
672 35 95 21
673 35 95 24
674 35 95 27
675 35 95 30
676 35 95 33
677 35 80 0
678 65 80 36
679 65 95 3
680 65 95 6
681 65 95 9
682 65 95 12
683 65 95 15
684 65 95 18
685 65 95 21
686 65 95 24
687 65 95 27
688 65 95 30
689 65 95 33
690 65 80 0
691 40 95 0
692 45 95 0
693 50 95 0
694 55 95 0
695 60 95 0
696 40 95 36
697 45 95 36
698 50 95 36
699 55 95 36
700 60 95 36
701 0 0 38.5
702 0 0 41
703 0 0 43.5
704 0 0 46
705 0 0 48.5
706 0 0 51
707 0 0 53.5
708 0 0 56
709 0 0 58.5
710 0 0 61
711 0 0 63.5
712 0 17.5 66
713 0 35 38.5
714 0 35 41
715 0 35 43.5
716 0 35 46
717 0 35 48.5
718 0 35 51
719 0 35 53.5
720 0 35 56
721 0 35 58.5
722 0 35 61
723 0 35 63.5
724 12.5 0 38.5
725 12.5 0 41
726 12.5 0 43.5
727 12.5 0 46
728 12.5 0 48.5
729 12.5 0 51
730 12.5 0 53.5
731 12.5 0 56
732 12.5 0 58.5
733 12.5 0 61
734 12.5 0 63.5
735 12.5 17.5 66
736 12.5 35 38.5
737 12.5 35 41
738 12.5 35 43.5
739 12.5 35 46
740 12.5 35 48.5
741 12.5 35 51
742 12.5 35 53.5
743 12.5 35 56
744 12.5 35 58.5
745 12.5 35 61
746 12.5 35 63.5
747 22.5 0 38.5
748 22.5 0 41
749 22.5 0 43.5
750 22.5 0 46
751 22.5 0 48.5
752 22.5 0 51
753 22.5 0 53.5
754 22.5 0 56
755 22.5 0 58.5
756 22.5 0 61
757 22.5 0 63.5
758 22.5 17.5 66
759 22.5 35 38.5
760 22.5 35 41
761 22.5 35 43.5
762 22.5 35 46
763 22.5 35 48.5
764 22.5 35 51
765 22.5 35 53.5
766 22.5 35 56
767 22.5 35 58.5
768 22.5 35 61
769 22.5 35 63.5
770 30 0 38.5
771 30 0 41
772 30 0 43.5
773 30 0 46
774 30 0 48.5
775 30 0 51
776 30 0 53.5
777 30 0 56
778 30 0 58.5
779 30 0 61
780 30 0 63.5
781 30 17.5 66
782 30 35 38.5
783 30 35 41
784 30 35 43.5
785 30 35 46
786 30 35 48.5
787 30 35 51
788 30 35 53.5
789 30 35 56
790 30 35 58.5
791 30 35 61
792 30 35 63.5
793 35 0 38.5
794 35 0 41
795 35 0 43.5
796 35 0 46
797 35 0 48.5
798 35 0 51
799 35 0 53.5
800 35 0 56
801 35 0 58.5
802 35 0 61
803 35 0 63.5
804 35 17.5 66
805 35 35 38.5
806 35 35 41
807 35 35 43.5
808 35 35 46
809 35 35 48.5
810 35 35 51
811 35 35 53.5
812 35 35 56
813 35 35 58.5
814 35 35 61
815 35 35 63.5
816 65 0 38.5
817 65 0 41
818 65 0 43.5
819 65 0 46
820 65 0 48.5
821 65 0 51
822 65 0 53.5
823 65 0 56
824 65 0 58.5
825 65 0 61
826 65 0 63.5
827 65 17.5 66
828 65 35 38.5
829 65 35 41
830 65 35 43.5
831 65 35 46
832 65 35 48.5
833 65 35 51
834 65 35 53.5
835 65 35 56
836 65 35 58.5
837 65 35 61
838 65 35 63.5
839 40 0 66
840 45 0 66
841 50 0 66
842 55 0 66
843 60 0 66
844 40 35 66
845 45 35 66
846 50 35 66
847 55 35 66
848 60 35 66
849 0 50 66
850 0 65 38.5
851 0 65 41
852 0 65 43.5
853 0 65 46
854 0 65 48.5
855 0 65 51
856 0 65 53.5
857 0 65 56
858 0 65 58.5
859 0 65 61
860 0 65 63.5
861 12.5 50 66
862 12.5 65 38.5
863 12.5 65 41
864 12.5 65 43.5
865 12.5 65 46
866 12.5 65 48.5
867 12.5 65 51
868 12.5 65 53.5
869 12.5 65 56
870 12.5 65 58.5
871 12.5 65 61
872 12.5 65 63.5
873 22.5 50 66
874 22.5 65 38.5
875 22.5 65 41
876 22.5 65 43.5
877 22.5 65 46
878 22.5 65 48.5
879 22.5 65 51
880 22.5 65 53.5
881 22.5 65 56
882 22.5 65 58.5
883 22.5 65 61
884 22.5 65 63.5
885 30 50 66
886 30 65 38.5
887 30 65 41
888 30 65 43.5
889 30 65 46
890 30 65 48.5
891 30 65 51
892 30 65 53.5
893 30 65 56
894 30 65 58.5
895 30 65 61
896 30 65 63.5
897 35 50 66
898 35 65 38.5
899 35 65 41
900 35 65 43.5
901 35 65 46
902 35 65 48.5
903 35 65 51
904 35 65 53.5
905 35 65 56
906 35 65 58.5
907 35 65 61
908 35 65 63.5
909 65 50 66
910 65 65 38.5
911 65 65 41
912 65 65 43.5
913 65 65 46
914 65 65 48.5
915 65 65 51
916 65 65 53.5
917 65 65 56
918 65 65 58.5
919 65 65 61
920 65 65 63.5
921 40 65 66
922 45 65 66
923 50 65 66
924 55 65 66
925 60 65 66
926 0 80 66
927 0 95 38.5
928 0 95 41
929 0 95 43.5
930 0 95 46
931 0 95 48.5
932 0 95 51
933 0 95 53.5
934 0 95 56
935 0 95 58.5
936 0 95 61
937 0 95 63.5
938 12.5 80 66
939 12.5 95 38.5
940 12.5 95 41
941 12.5 95 43.5
942 12.5 95 46
943 12.5 95 48.5
944 12.5 95 51
945 12.5 95 53.5
946 12.5 95 56
947 12.5 95 58.5
948 12.5 95 61
949 12.5 95 63.5
950 22.5 80 66
951 22.5 95 38.5
952 22.5 95 41
953 22.5 95 43.5
954 22.5 95 46
955 22.5 95 48.5
956 22.5 95 51
957 22.5 95 53.5
958 22.5 95 56
959 22.5 95 58.5
960 22.5 95 61
961 22.5 95 63.5
962 30 80 66
963 30 95 38.5
964 30 95 41
965 30 95 43.5
966 30 95 46
967 30 95 48.5
968 30 95 51
969 30 95 53.5
970 30 95 56
971 30 95 58.5
972 30 95 61
973 30 95 63.5
974 35 80 66
975 35 95 38.5
976 35 95 41
977 35 95 43.5
978 35 95 46
979 35 95 48.5
980 35 95 51
981 35 95 53.5
982 35 95 56
983 35 95 58.5
984 35 95 61
985 35 95 63.5
986 65 80 66
987 65 95 38.5
988 65 95 41
989 65 95 43.5
990 65 95 46
991 65 95 48.5
992 65 95 51
993 65 95 53.5
994 65 95 56
995 65 95 58.5
996 65 95 61
997 65 95 63.5
998 40 95 66
999 45 95 66
1000 50 95 66
1001 55 95 66
1002 60 95 66
1003 0 0 68
1004 0 0 70
1005 0 0 72
1006 0 0 74
1007 0 17.5 76
1008 0 35 68
1009 0 35 70
1010 0 35 72
1011 0 35 74
1012 12.5 0 68
1013 12.5 0 70
1014 12.5 0 72
1015 12.5 0 74
1016 12.5 17.5 76
1017 12.5 35 68
1018 12.5 35 70
1019 12.5 35 72
1020 12.5 35 74
1021 22.5 0 68
1022 22.5 0 70
1023 22.5 0 72
1024 22.5 0 74
1025 22.5 17.5 76
1026 22.5 35 68
1027 22.5 35 70
1028 22.5 35 72
1029 22.5 35 74
1030 30 0 68
1031 30 0 70
1032 30 0 72
1033 30 0 74
1034 30 17.5 76
1035 30 35 68
1036 30 35 70
1037 30 35 72
1038 30 35 74
1039 35 0 68
1040 35 0 70
1041 35 0 72
1042 35 0 74
1043 35 17.5 76
1044 35 35 68
1045 35 35 70
1046 35 35 72
1047 35 35 74
1048 65 0 68
1049 65 0 70
1050 65 0 72
1051 65 0 74
1052 65 17.5 76
1053 65 35 68
1054 65 35 70
1055 65 35 72
1056 65 35 74
1057 40 0 76
1058 45 0 76
1059 50 0 76
1060 55 0 76
1061 60 0 76
1062 40 35 76
1063 45 35 76
1064 50 35 76
1065 55 35 76
1066 60 35 76
1067 0 50 76
1068 0 65 68
1069 0 65 70
1070 0 65 72
1071 0 65 74
1072 12.5 50 76
1073 12.5 65 68
1074 12.5 65 70
1075 12.5 65 72
1076 12.5 65 74
1077 22.5 50 76
1078 22.5 65 68
1079 22.5 65 70
1080 22.5 65 72
1081 22.5 65 74
1082 30 50 76
1083 30 65 68
1084 30 65 70
1085 30 65 72
1086 30 65 74
1087 35 50 76
1088 35 65 68
1089 35 65 70
1090 35 65 72
1091 35 65 74
1092 65 50 76
1093 65 65 68
1094 65 65 70
1095 65 65 72
1096 65 65 74
1097 40 65 76
1098 45 65 76
1099 50 65 76
1100 55 65 76
1101 60 65 76
1102 0 80 76
1103 0 95 68
1104 0 95 70
1105 0 95 72
1106 0 95 74
1107 12.5 80 76
1108 12.5 95 68
1109 12.5 95 70
1110 12.5 95 72
1111 12.5 95 74
1112 22.5 80 76
1113 22.5 95 68
1114 22.5 95 70
1115 22.5 95 72
1116 22.5 95 74
1117 30 80 76
1118 30 95 68
1119 30 95 70
1120 30 95 72
1121 30 95 74
1122 35 80 76
1123 35 95 68
1124 35 95 70
1125 35 95 72
1126 35 95 74
1127 65 80 76
1128 65 95 68
1129 65 95 70
1130 65 95 72
1131 65 95 74
1132 40 95 76
1133 45 95 76
1134 50 95 76
1135 55 95 76
1136 60 95 76
1137 0 0 78
1138 0 0 80
1139 0 0 82
1140 0 0 84
1141 0 0 86
1142 0 0 88
1143 0 0 90
1144 0 0 92
1145 0 0 94
1146 0 0 96
1147 0 0 98
1148 0 17.5 100
1149 0 35 78
1150 0 35 80
1151 0 35 82
1152 0 35 84
1153 0 35 86
1154 0 35 88
1155 0 35 90
1156 0 35 92
1157 0 35 94
1158 0 35 96
1159 0 35 98
1160 12.5 0 78
1161 12.5 0 80
1162 12.5 0 82
1163 12.5 0 84
1164 12.5 0 86
1165 12.5 0 88
1166 12.5 0 90
1167 12.5 0 92
1168 12.5 0 94
1169 12.5 0 96
1170 12.5 0 98
1171 12.5 17.5 100
1172 12.5 35 78
1173 12.5 35 80
1174 12.5 35 82
1175 12.5 35 84
1176 12.5 35 86
1177 12.5 35 88
1178 12.5 35 90
1179 12.5 35 92
1180 12.5 35 94
1181 12.5 35 96
1182 12.5 35 98
1183 22.5 0 78
1184 22.5 0 80
1185 22.5 0 82
1186 22.5 0 84
1187 22.5 0 86
1188 22.5 0 88
1189 22.5 0 90
1190 22.5 0 92
1191 22.5 0 94
1192 22.5 0 96
1193 22.5 0 98
1194 22.5 17.5 100
1195 22.5 35 78
1196 22.5 35 80
1197 22.5 35 82
1198 22.5 35 84
1199 22.5 35 86
1200 22.5 35 88
1201 22.5 35 90
1202 22.5 35 92
1203 22.5 35 94
1204 22.5 35 96
1205 22.5 35 98
1206 30 0 78
1207 30 0 80
1208 30 0 82
1209 30 0 84
1210 30 0 86
1211 30 0 88
1212 30 0 90
1213 30 0 92
1214 30 0 94
1215 30 0 96
1216 30 0 98
1217 30 17.5 100
1218 30 35 78
1219 30 35 80
1220 30 35 82
1221 30 35 84
1222 30 35 86
1223 30 35 88
1224 30 35 90
1225 30 35 92
1226 30 35 94
1227 30 35 96
1228 30 35 98
1229 35 0 78
1230 35 0 80
1231 35 0 82
1232 35 0 84
1233 35 0 86
1234 35 0 88
1235 35 0 90
1236 35 0 92
1237 35 0 94
1238 35 0 96
1239 35 0 98
1240 35 17.5 100
1241 35 35 78
1242 35 35 80
1243 35 35 82
1244 35 35 84
1245 35 35 86
1246 35 35 88
1247 35 35 90
1248 35 35 92
1249 35 35 94
1250 35 35 96
1251 35 35 98
1252 0 50 100
1253 0 65 78
1254 0 65 80
1255 0 65 82
1256 0 65 84
1257 0 65 86
1258 0 65 88
1259 0 65 90
1260 0 65 92
1261 0 65 94
1262 0 65 96
1263 0 65 98
1264 12.5 50 100
1265 12.5 65 78
1266 12.5 65 80
1267 12.5 65 82
1268 12.5 65 84
1269 12.5 65 86
1270 12.5 65 88
1271 12.5 65 90
1272 12.5 65 92
1273 12.5 65 94
1274 12.5 65 96
1275 12.5 65 98
1276 22.5 50 100
1277 22.5 65 78
1278 22.5 65 80
1279 22.5 65 82
1280 22.5 65 84
1281 22.5 65 86
1282 22.5 65 88
1283 22.5 65 90
1284 22.5 65 92
1285 22.5 65 94
1286 22.5 65 96
1287 22.5 65 98
1288 30 50 100
1289 30 65 78
1290 30 65 80
1291 30 65 82
1292 30 65 84
1293 30 65 86
1294 30 65 88
1295 30 65 90
1296 30 65 92
1297 30 65 94
1298 30 65 96
1299 30 65 98
1300 35 50 100
1301 35 65 78
1302 35 65 80
1303 35 65 82
1304 35 65 84
1305 35 65 86
1306 35 65 88
1307 35 65 90
1308 35 65 92
1309 35 65 94
1310 35 65 96
1311 35 65 98
1312 65 35 78
1313 65 35 80
1314 65 35 82
1315 65 35 84
1316 65 35 86
1317 65 35 88
1318 65 35 90
1319 65 35 92
1320 65 35 94
1321 65 35 96
1322 65 35 98
1323 65 50 100
1324 65 65 78
1325 65 65 80
1326 65 65 82
1327 65 65 84
1328 65 65 86
1329 65 65 88
1330 65 65 90
1331 65 65 92
1332 65 65 94
1333 65 65 96
1334 65 65 98
1335 40 35 100
1336 45 35 100
1337 50 35 100
1338 55 35 100
1339 60 35 100
1340 40 65 100
1341 45 65 100
1342 50 65 100
1343 55 65 100
1344 60 65 100
1345 0 80 100
1346 0 95 78
1347 0 95 80
1348 0 95 82
1349 0 95 84
1350 0 95 86
1351 0 95 88
1352 0 95 90
1353 0 95 92
1354 0 95 94
1355 0 95 96
1356 0 95 98
1357 12.5 80 100
1358 12.5 95 78
1359 12.5 95 80
1360 12.5 95 82
1361 12.5 95 84
1362 12.5 95 86
1363 12.5 95 88
1364 12.5 95 90
1365 12.5 95 92
1366 12.5 95 94
1367 12.5 95 96
1368 12.5 95 98
1369 22.5 80 100
1370 22.5 95 78
1371 22.5 95 80
1372 22.5 95 82
1373 22.5 95 84
1374 22.5 95 86
1375 22.5 95 88
1376 22.5 95 90
1377 22.5 95 92
1378 22.5 95 94
1379 22.5 95 96
1380 22.5 95 98
1381 30 80 100
1382 30 95 78
1383 30 95 80
1384 30 95 82
1385 30 95 84
1386 30 95 86
1387 30 95 88
1388 30 95 90
1389 30 95 92
1390 30 95 94
1391 30 95 96
1392 30 95 98
1393 35 80 100
1394 35 95 78
1395 35 95 80
1396 35 95 82
1397 35 95 84
1398 35 95 86
1399 35 95 88
1400 35 95 90
1401 35 95 92
1402 35 95 94
1403 35 95 96
1404 35 95 98
1405 65 80 100
1406 65 95 78
1407 65 95 80
1408 65 95 82
1409 65 95 84
1410 65 95 86
1411 65 95 88
1412 65 95 90
1413 65 95 92
1414 65 95 94
1415 65 95 96
1416 65 95 98
1417 40 95 100
1418 45 95 100
1419 50 95 100
1420 55 95 100
1421 60 95 100
1422 0 17.5 101
1423 12.5 17.5 101
1424 22.5 17.5 101
1425 30 17.5 101
1426 35 17.5 101
1427 0 50 101
1428 12.5 50 101
1429 22.5 50 101
1430 30 50 101
1431 35 50 101
1432 65 50 101
1433 40 35 101
1434 45 35 101
1435 50 35 101
1436 55 35 101
1437 60 35 101
1438 40 65 101
1439 45 65 101
1440 50 65 101
1441 55 65 101
1442 60 65 101
1443 0 80 101
1444 12.5 80 101
1445 22.5 80 101
1446 30 80 101
1447 35 80 101
1448 65 80 101
1449 40 95 101
1450 45 95 101
1451 50 95 101
1452 55 95 101
1453 60 95 101
1454 0 17.5 102
1455 12.5 17.5 102
1456 22.5 17.5 102
1457 30 17.5 102
1458 35 17.5 102
1459 0 50 102
1460 12.5 50 102
1461 22.5 50 102
1462 30 50 102
1463 35 50 102
1464 65 50 102
1465 40 35 102
1466 45 35 102
1467 50 35 102
1468 55 35 102
1469 60 35 102
1470 40 65 102
1471 45 65 102
1472 50 65 102
1473 55 65 102
1474 60 65 102
1475 0 80 102
1476 12.5 80 102
1477 22.5 80 102
1478 30 80 102
1479 35 80 102
1480 65 80 102
1481 40 95 102
1482 45 95 102
1483 50 95 102
1484 55 95 102
1485 60 95 102
1486 0 17.5 103
1487 12.5 17.5 103
1488 22.5 17.5 103
1489 30 17.5 103
1490 35 17.5 103
1491 0 50 103
1492 12.5 50 103
1493 22.5 50 103
1494 30 50 103
1495 35 50 103
1496 65 50 103
1497 40 35 103
1498 45 35 103
1499 50 35 103
1500 55 35 103
1501 60 35 103
1502 40 65 103
1503 45 65 103
1504 50 65 103
1505 55 65 103
1506 60 65 103
1507 0 80 103
1508 12.5 80 103
1509 22.5 80 103
1510 30 80 103
1511 35 80 103
1512 65 80 103
1513 40 95 103
1514 45 95 103
1515 50 95 103
1516 55 95 103
1517 60 95 103
1518 0 17.5 104
1519 12.5 17.5 104
1520 22.5 17.5 104
1521 30 17.5 104
1522 35 17.5 104
1523 0 50 104
1524 12.5 50 104
1525 22.5 50 104
1526 30 50 104
1527 35 50 104
1528 65 50 104
1529 40 35 104
1530 45 35 104
1531 50 35 104
1532 55 35 104
1533 60 35 104
1534 40 65 104
1535 45 65 104
1536 50 65 104
1537 55 65 104
1538 60 65 104
1539 0 80 104
1540 12.5 80 104
1541 22.5 80 104
1542 30 80 104
1543 35 80 104
1544 65 80 104
1545 40 95 104
1546 45 95 104
1547 50 95 104
1548 55 95 104
1549 60 95 104
1550 100 0 3.000000000000001
1551 100 0 5.999999999999998
1552 100 0 9
1553 100 0 12
1554 100 0 15
1555 100 0 18
1556 100 0 21
1557 100 0 24
1558 100 0 27
1559 100 0 30
1560 99.99999999999999 0 33
1561 100 17.5 36
1562 100 35 3.000000000000001
1563 100 35 5.999999999999998
1564 100 35 9
1565 100 35 12
1566 100 35 15
1567 100 35 18
1568 100 35 21
1569 100 35 24
1570 100 35 27
1571 100 35 30
1572 99.99999999999999 34.99999999999999 33
1573 100 17.5 0
1574 87.5 0 3.000000000000001
1575 87.5 0 5.999999999999998
1576 87.5 0 9
1577 87.5 0 12
1578 87.5 0 15
1579 87.5 0 18
1580 87.5 0 21
1581 87.5 0 24
1582 87.5 0 27
1583 87.5 0 30
1584 87.5 0 33
1585 87.5 17.5 36
1586 87.5 35 3.000000000000001
1587 87.5 35 5.999999999999998
1588 87.5 35 9
1589 87.5 35 12
1590 87.5 35 15
1591 87.5 35 18
1592 87.5 35 21
1593 87.5 35 24
1594 87.5 35 27
1595 87.5 35 30
1596 87.5 34.99999999999999 33
1597 87.5 17.5 0
1598 77.5 0 3.000000000000001
1599 77.5 0 5.999999999999998
1600 77.5 0 9
1601 77.5 0 12
1602 77.5 0 15
1603 77.5 0 18
1604 77.5 0 21
1605 77.5 0 24
1606 77.5 0 27
1607 77.5 0 30
1608 77.49999999999999 0 33
1609 77.5 17.5 36
1610 77.5 35 3.000000000000001
1611 77.5 35 5.999999999999998
1612 77.5 35 9
1613 77.5 35 12
1614 77.5 35 15
1615 77.5 35 18
1616 77.5 35 21
1617 77.5 35 24
1618 77.5 35 27
1619 77.5 35 30
1620 77.49999999999999 34.99999999999999 33
1621 77.5 17.5 0
1622 70 0 3.000000000000001
1623 70 0 5.999999999999998
1624 70 0 9
1625 70 0 12
1626 70 0 15
1627 70 0 18
1628 70 0 21
1629 70 0 24
1630 70 0 27
1631 70 0 30
1632 69.99999999999999 0 33
1633 70 17.5 36
1634 70 35 3.000000000000001
1635 70 35 5.999999999999998
1636 70 35 9
1637 70 35 12
1638 70 35 15
1639 70 35 18
1640 70 35 21
1641 70 35 24
1642 70 35 27
1643 70 35 30
1644 69.99999999999999 34.99999999999999 33
1645 70 17.5 0
1646 100 50 36
1647 100 65 3.000000000000001
1648 100 65 5.999999999999998
1649 100 65 9
1650 100 65 12
1651 100 65 15
1652 100 65 18
1653 100 65 21
1654 100 65 24
1655 100 65 27
1656 100 65 30
1657 99.99999999999999 65 33
1658 100 50 0
1659 87.5 50 36
1660 87.5 65 3.000000000000001
1661 87.5 65 5.999999999999998
1662 87.5 65 9
1663 87.5 65 12
1664 87.5 65 15
1665 87.5 65 18
1666 87.5 65 21
1667 87.5 65 24
1668 87.5 65 27
1669 87.5 65 30
1670 87.5 65 33
1671 87.5 50 0
1672 77.5 50 36
1673 77.5 65 3.000000000000001
1674 77.5 65 5.999999999999998
1675 77.5 65 9
1676 77.5 65 12
1677 77.5 65 15
1678 77.5 65 18
1679 77.5 65 21
1680 77.5 65 24
1681 77.5 65 27
1682 77.5 65 30
1683 77.49999999999999 65 33
1684 77.5 50 0
1685 70 50 36
1686 70 65 3.000000000000001
1687 70 65 5.999999999999998
1688 70 65 9
1689 70 65 12
1690 70 65 15
1691 70 65 18
1692 70 65 21
1693 70 65 24
1694 70 65 27
1695 70 65 30
1696 69.99999999999999 65 33
1697 70 50 0
1698 100 80 36
1699 100 95 3.000000000000001
1700 100 95 5.999999999999998
1701 100 95 9
1702 100 95 12
1703 100 95 15
1704 100 95 18
1705 100 95 21
1706 100 95 24
1707 100 95 27
1708 100 95 30
1709 99.99999999999999 95 33
1710 100 80 0
1711 87.5 80 36
1712 87.5 95 3.000000000000001
1713 87.5 95 5.999999999999998
1714 87.5 95 9
1715 87.5 95 12
1716 87.5 95 15
1717 87.5 95 18
1718 87.5 95 21
1719 87.5 95 24
1720 87.5 95 27
1721 87.5 95 30
1722 87.5 95 33
1723 87.5 80 0
1724 77.5 80 36
1725 77.5 95 3.000000000000001
1726 77.5 95 5.999999999999998
1727 77.5 95 9
1728 77.5 95 12
1729 77.5 95 15
1730 77.5 95 18
1731 77.5 95 21
1732 77.5 95 24
1733 77.5 95 27
1734 77.5 95 30
1735 77.49999999999999 95 33
1736 77.5 80 0
1737 70 80 36
1738 70 95 3.000000000000001
1739 70 95 5.999999999999998
1740 70 95 9
1741 70 95 12
1742 70 95 15
1743 70 95 18
1744 70 95 21
1745 70 95 24
1746 70 95 27
1747 70 95 30
1748 69.99999999999999 95 33
1749 70 80 0
1750 100 0 38.5
1751 100 0 41
1752 100 0 43.5
1753 100 0 46
1754 100 0 48.5
1755 100 0 51
1756 100 0 53.5
1757 100 0 56.00000000000001
1758 100 0 58.5
1759 100 0 61
1760 99.99999999999999 0 63.5
1761 100 17.5 66
1762 100 35 38.5
1763 100 35 41
1764 100 35 43.5
1765 100 35 46
1766 100 35 48.5
1767 100 35 51
1768 100 35 53.5
1769 100 35 56.00000000000001
1770 100 35 58.5
1771 100 35 61
1772 99.99999999999999 34.99999999999999 63.5
1773 87.5 0 38.5
1774 87.5 0 41
1775 87.5 0 43.5
1776 87.5 0 46
1777 87.5 0 48.5
1778 87.5 0 51
1779 87.5 0 53.5
1780 87.5 0 56.00000000000001
1781 87.5 0 58.5
1782 87.5 0 61
1783 87.5 0 63.5
1784 87.5 17.5 66
1785 87.5 35 38.5
1786 87.5 35 41
1787 87.5 35 43.5
1788 87.5 35 46
1789 87.5 35 48.5
1790 87.5 35 51
1791 87.5 35 53.5
1792 87.5 35 56.00000000000001
1793 87.5 35 58.5
1794 87.5 35 61
1795 87.5 34.99999999999999 63.5
1796 77.5 0 38.5
1797 77.5 0 41
1798 77.5 0 43.5
1799 77.5 0 46
1800 77.5 0 48.5
1801 77.5 0 51
1802 77.5 0 53.5
1803 77.5 0 56.00000000000001
1804 77.5 0 58.5
1805 77.5 0 61
1806 77.49999999999999 0 63.5
1807 77.5 17.5 66
1808 77.5 35 38.5
1809 77.5 35 41
1810 77.5 35 43.5
1811 77.5 35 46
1812 77.5 35 48.5
1813 77.5 35 51
1814 77.5 35 53.5
1815 77.5 35 56.00000000000001
1816 77.5 35 58.5
1817 77.5 35 61
1818 77.49999999999999 34.99999999999999 63.5
1819 70 0 38.5
1820 70 0 41
1821 70 0 43.5
1822 70 0 46
1823 70 0 48.5
1824 70 0 51
1825 70 0 53.5
1826 70 0 56.00000000000001
1827 70 0 58.5
1828 70 0 61
1829 69.99999999999999 0 63.5
1830 70 17.5 66
1831 70 35 38.5
1832 70 35 41
1833 70 35 43.5
1834 70 35 46
1835 70 35 48.5
1836 70 35 51
1837 70 35 53.5
1838 70 35 56.00000000000001
1839 70 35 58.5
1840 70 35 61
1841 69.99999999999999 34.99999999999999 63.5
1842 100 50 66
1843 100 65 38.5
1844 100 65 41
1845 100 65 43.5
1846 100 65 46
1847 100 65 48.5
1848 100 65 51
1849 100 65 53.5
1850 100 65 56.00000000000001
1851 100 65 58.5
1852 100 65 61
1853 99.99999999999999 65 63.5
1854 87.5 50 66
1855 87.5 65 38.5
1856 87.5 65 41
1857 87.5 65 43.5
1858 87.5 65 46
1859 87.5 65 48.5
1860 87.5 65 51
1861 87.5 65 53.5
1862 87.5 65 56.00000000000001
1863 87.5 65 58.5
1864 87.5 65 61
1865 87.5 65 63.5
1866 77.5 50 66
1867 77.5 65 38.5
1868 77.5 65 41
1869 77.5 65 43.5
1870 77.5 65 46
1871 77.5 65 48.5
1872 77.5 65 51
1873 77.5 65 53.5
1874 77.5 65 56.00000000000001
1875 77.5 65 58.5
1876 77.5 65 61
1877 77.49999999999999 65 63.5
1878 70 50 66
1879 70 65 38.5
1880 70 65 41
1881 70 65 43.5
1882 70 65 46
1883 70 65 48.5
1884 70 65 51
1885 70 65 53.5
1886 70 65 56.00000000000001
1887 70 65 58.5
1888 70 65 61
1889 69.99999999999999 65 63.5
1890 100 80 66
1891 100 95 38.5
1892 100 95 41
1893 100 95 43.5
1894 100 95 46
1895 100 95 48.5
1896 100 95 51
1897 100 95 53.5
1898 100 95 56.00000000000001
1899 100 95 58.5
1900 100 95 61
1901 99.99999999999999 95 63.5
1902 87.5 80 66
1903 87.5 95 38.5
1904 87.5 95 41
1905 87.5 95 43.5
1906 87.5 95 46
1907 87.5 95 48.5
1908 87.5 95 51
1909 87.5 95 53.5
1910 87.5 95 56.00000000000001
1911 87.5 95 58.5
1912 87.5 95 61
1913 87.5 95 63.5
1914 77.5 80 66
1915 77.5 95 38.5
1916 77.5 95 41
1917 77.5 95 43.5
1918 77.5 95 46
1919 77.5 95 48.5
1920 77.5 95 51
1921 77.5 95 53.5
1922 77.5 95 56.00000000000001
1923 77.5 95 58.5
1924 77.5 95 61
1925 77.49999999999999 95 63.5
1926 70 80 66
1927 70 95 38.5
1928 70 95 41
1929 70 95 43.5
1930 70 95 46
1931 70 95 48.5
1932 70 95 51
1933 70 95 53.5
1934 70 95 56.00000000000001
1935 70 95 58.5
1936 70 95 61
1937 69.99999999999999 95 63.5
1938 100 0 68
1939 100 0 70
1940 100 0 72
1941 100 0 74
1942 100 17.5 76
1943 100 35 68
1944 100 35 70
1945 100 35 72
1946 100 35 74
1947 87.5 0 68
1948 87.5 0 70
1949 87.5 0 72
1950 87.5 0 74
1951 87.5 17.5 76
1952 87.5 35 68
1953 87.5 35 70
1954 87.5 35 72
1955 87.5 35 74
1956 77.5 0 68
1957 77.5 0 70
1958 77.5 0 72
1959 77.5 0 74
1960 77.5 17.5 76
1961 77.5 35 68
1962 77.5 35 70
1963 77.5 35 72
1964 77.5 35 74
1965 70 0 68
1966 70 0 70
1967 70 0 72
1968 70 0 74
1969 70 17.5 76
1970 70 35 68
1971 70 35 70
1972 70 35 72
1973 70 35 74
1974 100 50 76
1975 100 65 68
1976 100 65 70
1977 100 65 72
1978 100 65 74
1979 87.5 50 76
1980 87.5 65 68
1981 87.5 65 70
1982 87.5 65 72
1983 87.5 65 74
1984 77.5 50 76
1985 77.5 65 68
1986 77.5 65 70
1987 77.5 65 72
1988 77.5 65 74
1989 70 50 76
1990 70 65 68
1991 70 65 70
1992 70 65 72
1993 70 65 74
1994 100 80 76
1995 100 95 68
1996 100 95 70
1997 100 95 72
1998 100 95 74
1999 87.5 80 76
2000 87.5 95 68
2001 87.5 95 70
2002 87.5 95 72
2003 87.5 95 74
2004 77.5 80 76
2005 77.5 95 68
2006 77.5 95 70
2007 77.5 95 72
2008 77.5 95 74
2009 70 80 76
2010 70 95 68
2011 70 95 70
2012 70 95 72
2013 70 95 74
2014 100 0 78
2015 100 0 80
2016 100 0 82
2017 100 0 84
2018 100 0 86
2019 100 0 88
2020 100 0 90
2021 100 0 92
2022 100 0 94
2023 100 0 96.00000000000001
2024 99.99999999999999 0 97.99999999999999
2025 100 17.5 100
2026 100 35 78
2027 100 35 80
2028 100 35 82
2029 100 35 84
2030 100 35 86
2031 100 35 88
2032 100 35 90
2033 100 35 92
2034 100 35 94
2035 100 35 96.00000000000001
2036 99.99999999999999 34.99999999999999 97.99999999999999
2037 87.5 0 78
2038 87.5 0 80
2039 87.5 0 82
2040 87.5 0 84
2041 87.5 0 86
2042 87.5 0 88
2043 87.5 0 90
2044 87.5 0 92
2045 87.5 0 94
2046 87.5 0 96.00000000000001
2047 87.5 0 97.99999999999999
2048 87.5 17.5 100
2049 87.5 35 78
2050 87.5 35 80
2051 87.5 35 82
2052 87.5 35 84
2053 87.5 35 86
2054 87.5 35 88
2055 87.5 35 90
2056 87.5 35 92
2057 87.5 35 94
2058 87.5 35 96.00000000000001
2059 87.5 34.99999999999999 97.99999999999999
2060 77.5 0 78
2061 77.5 0 80
2062 77.5 0 82
2063 77.5 0 84
2064 77.5 0 86
2065 77.5 0 88
2066 77.5 0 90
2067 77.5 0 92
2068 77.5 0 94
2069 77.50000000000001 0 96.00000000000001
2070 77.49999999999999 0 97.99999999999999
2071 77.5 17.5 100
2072 77.5 35 78
2073 77.5 35 80
2074 77.5 35 82
2075 77.5 35 84
2076 77.5 35 86
2077 77.5 35 88
2078 77.5 35 90
2079 77.5 35 92
2080 77.5 35 94
2081 77.50000000000001 35 96.00000000000001
2082 77.49999999999999 34.99999999999999 97.99999999999999
2083 70 0 78
2084 70 0 80
2085 70 0 82
2086 70 0 84
2087 70 0 86
2088 70 0 88
2089 70 0 90
2090 70 0 92
2091 70 0 94
2092 70 0 96.00000000000001
2093 69.99999999999999 0 97.99999999999999
2094 70 17.5 100
2095 70 35 78
2096 70 35 80
2097 70 35 82
2098 70 35 84
2099 70 35 86
2100 70 35 88
2101 70 35 90
2102 70 35 92
2103 70 35 94
2104 70 35 96.00000000000001
2105 69.99999999999999 34.99999999999999 97.99999999999999
2106 65 0 78
2107 65 0 80
2108 65 0 82
2109 65 0 84
2110 65 0 86
2111 65 0 88
2112 65 0 90
2113 65 0 92
2114 65 0 94
2115 65 0 96.00000000000001
2116 65 0 97.99999999999999
2117 65 17.5 100
2118 100 50 100
2119 100 65 78
2120 100 65 80
2121 100 65 82
2122 100 65 84
2123 100 65 86
2124 100 65 88
2125 100 65 90
2126 100 65 92
2127 100 65 94
2128 100 65 96.00000000000001
2129 99.99999999999999 65 97.99999999999999
2130 87.5 50 100
2131 87.5 65 78
2132 87.5 65 80
2133 87.5 65 82
2134 87.5 65 84
2135 87.5 65 86
2136 87.5 65 88
2137 87.5 65 90
2138 87.5 65 92
2139 87.5 65 94
2140 87.5 65 96.00000000000001
2141 87.5 65 97.99999999999999
2142 77.5 50 100
2143 77.5 65 78
2144 77.5 65 80
2145 77.5 65 82
2146 77.5 65 84
2147 77.5 65 86
2148 77.5 65 88
2149 77.5 65 90
2150 77.5 65 92
2151 77.5 65 94
2152 77.50000000000001 65 96.00000000000001
2153 77.49999999999999 65 97.99999999999999
2154 70 50 100
2155 70 65 78
2156 70 65 80
2157 70 65 82
2158 70 65 84
2159 70 65 86
2160 70 65 88
2161 70 65 90
2162 70 65 92
2163 70 65 94
2164 70 65 96.00000000000001
2165 69.99999999999999 65 97.99999999999999
2166 100 80 100
2167 100 95 78
2168 100 95 80
2169 100 95 82
2170 100 95 84
2171 100 95 86
2172 100 95 88
2173 100 95 90
2174 100 95 92
2175 100 95 94
2176 100 95 96.00000000000001
2177 99.99999999999999 95 97.99999999999999
2178 87.5 80 100
2179 87.5 95 78
2180 87.5 95 80
2181 87.5 95 82
2182 87.5 95 84
2183 87.5 95 86
2184 87.5 95 88
2185 87.5 95 90
2186 87.5 95 92
2187 87.5 95 94
2188 87.5 95 96.00000000000001
2189 87.5 95 97.99999999999999
2190 77.5 80 100
2191 77.5 95 78
2192 77.5 95 80
2193 77.5 95 82
2194 77.5 95 84
2195 77.5 95 86
2196 77.5 95 88
2197 77.5 95 90
2198 77.5 95 92
2199 77.5 95 94
2200 77.50000000000001 95 96.00000000000001
2201 77.49999999999999 95 97.99999999999999
2202 70 80 100
2203 70 95 78
2204 70 95 80
2205 70 95 82
2206 70 95 84
2207 70 95 86
2208 70 95 88
2209 70 95 90
2210 70 95 92
2211 70 95 94
2212 70 95 96.00000000000001
2213 69.99999999999999 95 97.99999999999999
2214 100 17.5 101
2215 87.5 17.5 101
2216 77.5 17.5 101
2217 70 17.5 101
2218 65 17.5 101
2219 100 50 101
2220 87.5 50 101
2221 77.5 50 101
2222 70 50 101
2223 100 80 101
2224 87.5 80 101
2225 77.5 80 101
2226 70 80 101
2227 100 17.5 102
2228 87.5 17.5 102
2229 77.5 17.5 102
2230 70 17.5 102
2231 65 17.5 102
2232 100 50 102
2233 87.5 50 102
2234 77.5 50 102
2235 70 50 102
2236 100 80 102
2237 87.5 80 102
2238 77.5 80 102
2239 70 80 102
2240 100 17.5 103
2241 87.5 17.5 103
2242 77.5 17.5 103
2243 70 17.5 103
2244 65 17.5 103
2245 100 50 103
2246 87.5 50 103
2247 77.5 50 103
2248 70 50 103
2249 100 80 103
2250 87.5 80 103
2251 77.5 80 103
2252 70 80 103
2253 100 17.5 104
2254 87.5 17.5 104
2255 77.5 17.5 104
2256 70 17.5 104
2257 65 17.5 104
2258 100 50 104
2259 87.5 50 104
2260 77.5 50 104
2261 70 50 104
2262 100 80 104
2263 87.5 80 104
2264 77.5 80 104
2265 70 80 104
2266 0 17.5 3
2267 0 17.5 6
2268 0 17.5 9
2269 0 17.5 12
2270 0 17.5 15
2271 0 17.5 18
2272 0 17.5 21
2273 0 17.5 24
2274 0 17.5 27
2275 0 17.5 30
2276 0 17.5 33
2277 12.5 17.5 3
2278 12.5 17.5 6
2279 12.5 17.5 9
2280 12.5 17.5 12
2281 12.5 17.5 15
2282 12.5 17.5 18
2283 12.5 17.5 21
2284 12.5 17.5 24
2285 12.5 17.5 27
2286 12.5 17.5 30
2287 12.5 17.5 33
2288 22.5 17.5 3
2289 22.5 17.5 6
2290 22.5 17.5 9
2291 22.5 17.5 12
2292 22.5 17.5 15
2293 22.5 17.5 18
2294 22.5 17.5 21
2295 22.5 17.5 24
2296 22.5 17.5 27
2297 22.5 17.5 30
2298 22.5 17.5 33
2299 30 17.5 3
2300 30 17.5 6
2301 30 17.5 9
2302 30 17.5 12
2303 30 17.5 15
2304 30 17.5 18
2305 30 17.5 21
2306 30 17.5 24
2307 30 17.5 27
2308 30 17.5 30
2309 30 17.5 33
2310 35 17.5 3
2311 35 17.5 6
2312 35 17.5 9
2313 35 17.5 12
2314 35 17.5 15
2315 35 17.5 18
2316 35 17.5 21
2317 35 17.5 24
2318 35 17.5 27
2319 35 17.5 30
2320 35 17.5 33
2321 65 17.5 3
2322 65 17.5 6
2323 65 17.5 9
2324 65 17.5 12
2325 65 17.5 15
2326 65 17.5 18
2327 65 17.5 21
2328 65 17.5 24
2329 65 17.5 27
2330 65 17.5 30
2331 65 17.5 33
2332 40 0 3
2333 40 0 6
2334 40 0 9
2335 40 0 12
2336 40 0 15
2337 40 0 18
2338 40 0 21
2339 40 0 24
2340 40 0 27
2341 40 0 29.99999999999999
2342 40 0 33
2343 45 0 3
2344 45 0 6
2345 45 0 9
2346 45 0 12
2347 45 0 15
2348 45 0 18
2349 45 0 21
2350 45 0 24
2351 45 0 27
2352 45 0 30
2353 45 0 33
2354 50 0 3
2355 50 0 6
2356 50 0 9
2357 50 0 12
2358 50 0 15
2359 50 0 18
2360 50 0 21
2361 50 0 24
2362 50 0 27
2363 50 0 30
2364 50 0 33
2365 54.99999999999999 0 3
2366 55.00000000000001 0 6
2367 55 0 9
2368 55 0 12
2369 55 0 15
2370 55 0 18
2371 55 0 20.99999999999999
2372 55 0 24
2373 55 0 27
2374 55 0 30
2375 55 0 33
2376 60 0 3
2377 59.99999999999999 0 6
2378 60 0 9
2379 59.99999999999999 0 12
2380 59.99999999999999 0 14.99999999999999
2381 60 0 18
2382 60 0 21
2383 60 0 24
2384 60 0 27
2385 60 0 29.99999999999999
2386 60 0 33
2387 40 35 3
2388 40 35 6
2389 40 35 9
2390 40 35 12
2391 40 35 15
2392 40 35 18
2393 40 35 21
2394 40 35 24
2395 40 35 27
2396 40 35 29.99999999999999
2397 40 35 33
2398 45 35 3
2399 45 35 6
2400 45 35 9
2401 45 35 12
2402 45 35 15
2403 45 35 18
2404 45 35 21
2405 45 35 24
2406 45 35 27
2407 45 35 30
2408 45 35 33
2409 50 35 3
2410 50 35 6
2411 50 35 9
2412 50 35 12
2413 50 35 15
2414 50 35 18
2415 50 35 21
2416 50 35 24
2417 50 35 27
2418 50 35 30
2419 50 35 33
2420 54.99999999999999 35 3
2421 55.00000000000001 35 6
2422 55 35 9
2423 55 35 12
2424 55 35 15
2425 55 35 18
2426 55 35 20.99999999999999
2427 55 35 24
2428 55 35 27
2429 55 35 30
2430 55 35 33
2431 60 35 3
2432 59.99999999999999 35 6
2433 60 35 9
2434 59.99999999999999 35 12
2435 59.99999999999999 35 14.99999999999999
2436 60 35 18
2437 60 35 21
2438 60 35 24
2439 60 35 27
2440 60 35 29.99999999999999
2441 60 35 33
2442 40 17.5 0
2443 45 17.5 0
2444 50 17.5 0
2445 55 17.5 0
2446 60 17.5 0
2447 40 17.5 36
2448 45 17.5 36
2449 50 17.5 36
2450 55 17.5 36
2451 60 17.5 36
2452 0 50 3
2453 0 50 6
2454 0 50 9
2455 0 50 12
2456 0 50 15
2457 0 50 18
2458 0 50 21
2459 0 50 24
2460 0 50 27
2461 0 50 30
2462 0 50 33
2463 12.5 50 3
2464 12.5 50 6
2465 12.5 50 9
2466 12.5 50 12
2467 12.5 50 15
2468 12.5 50 18
2469 12.5 50 21
2470 12.5 50 24
2471 12.5 50 27
2472 12.5 50 30
2473 12.5 50 33
2474 22.5 50 3
2475 22.5 50 6
2476 22.5 50 9
2477 22.5 50 12
2478 22.5 50 15
2479 22.5 50 18
2480 22.5 50 21
2481 22.5 50 24
2482 22.5 50 27
2483 22.5 50 30
2484 22.5 50 33
2485 30 50 3
2486 30 50 6
2487 30 50 9
2488 30 50 12
2489 30 50 15
2490 30 50 18
2491 30 50 21
2492 30 50 24
2493 30 50 27
2494 30 50 30
2495 30 50 33
2496 35 50 3
2497 35 50 6
2498 35 50 9
2499 35 50 12
2500 35 50 15
2501 35 50 18
2502 35 50 21
2503 35 50 24
2504 35 50 27
2505 35 50 30
2506 35 50 33
2507 65 50 3
2508 65 50 6
2509 65 50 9
2510 65 50 12
2511 65 50 15
2512 65 50 18
2513 65 50 21
2514 65 50 24
2515 65 50 27
2516 65 50 30
2517 65 50 33
2518 40 65 3
2519 40 65 6
2520 40 65 9
2521 40 65 12
2522 40 65 15
2523 40 65 18
2524 40 65 21
2525 40 65 24
2526 40 65 27
2527 40 65 29.99999999999999
2528 40 65 33
2529 45 65 3
2530 45 65 6
2531 45 65 9
2532 45 65 12
2533 45 65 15
2534 45 65 18
2535 45 65 21
2536 45 65 24
2537 45 65 27
2538 45 65 30
2539 45 65 33
2540 50 65 3
2541 50 65 6
2542 50 65 9
2543 50 65 12
2544 50 65 15
2545 50 65 18
2546 50 65 21
2547 50 65 24
2548 50 65 27
2549 50 65 30
2550 50 65 33
2551 54.99999999999999 65 3
2552 55.00000000000001 65 6
2553 55 65 9
2554 55 65 12
2555 55 65 15
2556 55 65 18
2557 55 65 20.99999999999999
2558 55 65 24
2559 55 65 27
2560 55 65 30
2561 55 65 33
2562 60 65 3
2563 59.99999999999999 65 6
2564 60 65 9
2565 59.99999999999999 65 12
2566 59.99999999999999 65 14.99999999999999
2567 60 65 18
2568 60 65 21
2569 60 65 24
2570 60 65 27
2571 60 65 29.99999999999999
2572 60 65 33
2573 40 50 0
2574 45 50 0
2575 50 50 0
2576 55 50 0
2577 60 50 0
2578 40 50 36
2579 45 50 36
2580 50 50 36
2581 55 50 36
2582 60 50 36
2583 0 80 3
2584 0 80 6
2585 0 80 9
2586 0 80 12
2587 0 80 15
2588 0 80 18
2589 0 80 21
2590 0 80 24
2591 0 80 27
2592 0 80 30
2593 0 80 33
2594 12.5 80 3
2595 12.5 80 6
2596 12.5 80 9
2597 12.5 80 12
2598 12.5 80 15
2599 12.5 80 18
2600 12.5 80 21
2601 12.5 80 24
2602 12.5 80 27
2603 12.5 80 30
2604 12.5 80 33
2605 22.5 80 3
2606 22.5 80 6
2607 22.5 80 9
2608 22.5 80 12
2609 22.5 80 15
2610 22.5 80 18
2611 22.5 80 21
2612 22.5 80 24
2613 22.5 80 27
2614 22.5 80 30
2615 22.5 80 33
2616 30 80 3
2617 30 80 6
2618 30 80 9
2619 30 80 12
2620 30 80 15
2621 30 80 18
2622 30 80 21
2623 30 80 24
2624 30 80 27
2625 30 80 30
2626 30 80 33
2627 35 80 3
2628 35 80 6
2629 35 80 9
2630 35 80 12
2631 35 80 15
2632 35 80 18
2633 35 80 21
2634 35 80 24
2635 35 80 27
2636 35 80 30
2637 35 80 33
2638 65 80 3
2639 65 80 6
2640 65 80 9
2641 65 80 12
2642 65 80 15
2643 65 80 18
2644 65 80 21
2645 65 80 24
2646 65 80 27
2647 65 80 30
2648 65 80 33
2649 40 95 3
2650 40 95 6
2651 40 95 9
2652 40 95 12
2653 40 95 15
2654 40 95 18
2655 40 95 21
2656 40 95 24
2657 40 95 27
2658 40 95 29.99999999999999
2659 40 95 33
2660 45 95 3
2661 45 95 6
2662 45 95 9
2663 45 95 12
2664 45 95 15
2665 45 95 18
2666 45 95 21
2667 45 95 24
2668 45 95 27
2669 45 95 30
2670 45 95 33
2671 50 95 3
2672 50 95 6
2673 50 95 9
2674 50 95 12
2675 50 95 15
2676 50 95 18
2677 50 95 21
2678 50 95 24
2679 50 95 27
2680 50 95 30
2681 50 95 33
2682 54.99999999999999 95 3
2683 55.00000000000001 95 6
2684 55 95 9
2685 55 95 12
2686 55 95 15
2687 55 95 18
2688 55 95 20.99999999999999
2689 55 95 24
2690 55 95 27
2691 55 95 30
2692 55 95 33
2693 60 95 3
2694 59.99999999999999 95 6
2695 60 95 9
2696 59.99999999999999 95 12
2697 59.99999999999999 95 14.99999999999999
2698 60 95 18
2699 60 95 21
2700 60 95 24
2701 60 95 27
2702 60 95 29.99999999999999
2703 60 95 33
2704 40 80 0
2705 45 80 0
2706 50 80 0
2707 55 80 0
2708 60 80 0
2709 40 80 36
2710 45 80 36
2711 50 80 36
2712 55 80 36
2713 60 80 36
2714 0 17.5 38.5
2715 0 17.5 41
2716 0 17.5 43.5
2717 0 17.5 46
2718 0 17.5 48.5
2719 0 17.5 51
2720 0 17.5 53.5
2721 0 17.5 56
2722 0 17.5 58.5
2723 0 17.5 61
2724 0 17.5 63.5
2725 12.5 17.5 38.5
2726 12.5 17.5 41
2727 12.5 17.5 43.5
2728 12.5 17.5 46
2729 12.5 17.5 48.5
2730 12.5 17.5 51
2731 12.5 17.5 53.5
2732 12.5 17.5 56
2733 12.5 17.5 58.5
2734 12.5 17.5 61
2735 12.5 17.5 63.5
2736 22.5 17.5 38.5
2737 22.5 17.5 41
2738 22.5 17.5 43.5
2739 22.5 17.5 46
2740 22.5 17.5 48.5
2741 22.5 17.5 51
2742 22.5 17.5 53.5
2743 22.5 17.5 56
2744 22.5 17.5 58.5
2745 22.5 17.5 61
2746 22.5 17.5 63.5
2747 30 17.5 38.5
2748 30 17.5 41
2749 30 17.5 43.5
2750 30 17.5 46
2751 30 17.5 48.5
2752 30 17.5 51
2753 30 17.5 53.5
2754 30 17.5 56
2755 30 17.5 58.5
2756 30 17.5 61
2757 30 17.5 63.5
2758 35 17.5 38.5
2759 35 17.5 41
2760 35 17.5 43.5
2761 35 17.5 46
2762 35 17.5 48.5
2763 35 17.5 51
2764 35 17.5 53.5
2765 35 17.5 56
2766 35 17.5 58.5
2767 35 17.5 61
2768 35 17.5 63.5
2769 65 17.5 38.5
2770 65 17.5 41
2771 65 17.5 43.5
2772 65 17.5 46
2773 65 17.5 48.5
2774 65 17.5 51
2775 65 17.5 53.5
2776 65 17.5 56
2777 65 17.5 58.5
2778 65 17.5 61
2779 65 17.5 63.5
2780 40 0 38.5
2781 40 0 41
2782 40 0 43.5
2783 40 0 46
2784 40 0 48.5
2785 40 0 51
2786 40 0 53.5
2787 40 0 56
2788 40 0 58.5
2789 40 0 61
2790 40 0 63.5
2791 45 0 38.5
2792 45 0 41
2793 45 0 43.5
2794 45 0 46
2795 45 0 48.5
2796 45 0 51
2797 45 0 53.5
2798 45 0 56
2799 45 0 58.5
2800 45 0 60.99999999999999
2801 45 0 63.5
2802 50 0 38.5
2803 50 0 41
2804 50 0 43.5
2805 50 0 46
2806 50 0 48.5
2807 50 0 51
2808 50 0 53.5
2809 50 0 56
2810 50 0 58.5
2811 50 0 61
2812 50 0 63.5
2813 54.99999999999999 0 38.5
2814 55.00000000000001 0 41
2815 55 0 43.5
2816 55 0 46
2817 55 0 48.5
2818 55 0 51
2819 55 0 53.5
2820 55 0 56
2821 55 0 58.5
2822 55 0 61
2823 55 0 63.5
2824 60 0 38.5
2825 59.99999999999999 0 41
2826 60 0 43.5
2827 59.99999999999999 0 46
2828 59.99999999999999 0 48.5
2829 60 0 51
2830 60 0 53.5
2831 60 0 56
2832 60 0 58.5
2833 60 0 61
2834 60 0 63.5
2835 40 35 38.5
2836 40 35 41
2837 40 35 43.5
2838 40 35 46
2839 40 35 48.5
2840 40 35 51
2841 40 35 53.5
2842 40 35 56
2843 40 35 58.5
2844 40 35 61
2845 40 35 63.5
2846 45 35 38.5
2847 45 35 41
2848 45 35 43.5
2849 45 35 46
2850 45 35 48.5
2851 45 35 51
2852 45 35 53.5
2853 45 35 56
2854 45 35 58.5
2855 45 35 60.99999999999999
2856 45 35 63.5
2857 50 35 38.5
2858 50 35 41
2859 50 35 43.5
2860 50 35 46
2861 50 35 48.5
2862 50 35 51
2863 50 35 53.5
2864 50 35 56
2865 50 35 58.5
2866 50 35 61
2867 50 35 63.5
2868 54.99999999999999 35 38.5
2869 55.00000000000001 35 41
2870 55 35 43.5
2871 55 35 46
2872 55 35 48.5
2873 55 35 51
2874 55 35 53.5
2875 55 35 56
2876 55 35 58.5
2877 55 35 61
2878 55 35 63.5
2879 60 35 38.5
2880 59.99999999999999 35 41
2881 60 35 43.5
2882 59.99999999999999 35 46
2883 59.99999999999999 35 48.5
2884 60 35 51
2885 60 35 53.5
2886 60 35 56
2887 60 35 58.5
2888 60 35 61
2889 60 35 63.5
2890 40 17.5 66
2891 45 17.5 66
2892 50 17.5 66
2893 55 17.5 66
2894 60 17.5 66
2895 0 50 38.5
2896 0 50 41
2897 0 50 43.5
2898 0 50 46
2899 0 50 48.5
2900 0 50 51
2901 0 50 53.5
2902 0 50 56
2903 0 50 58.5
2904 0 50 61
2905 0 50 63.5
2906 12.5 50 38.5
2907 12.5 50 41
2908 12.5 50 43.5
2909 12.5 50 46
2910 12.5 50 48.5
2911 12.5 50 51
2912 12.5 50 53.5
2913 12.5 50 56
2914 12.5 50 58.5
2915 12.5 50 61
2916 12.5 50 63.5
2917 22.5 50 38.5
2918 22.5 50 41
2919 22.5 50 43.5
2920 22.5 50 46
2921 22.5 50 48.5
2922 22.5 50 51
2923 22.5 50 53.5
2924 22.5 50 56
2925 22.5 50 58.5
2926 22.5 50 61
2927 22.5 50 63.5
2928 30 50 38.5
2929 30 50 41
2930 30 50 43.5
2931 30 50 46
2932 30 50 48.5
2933 30 50 51
2934 30 50 53.5
2935 30 50 56
2936 30 50 58.5
2937 30 50 61
2938 30 50 63.5
2939 35 50 38.5
2940 35 50 41
2941 35 50 43.5
2942 35 50 46
2943 35 50 48.5
2944 35 50 51
2945 35 50 53.5
2946 35 50 56
2947 35 50 58.5
2948 35 50 61
2949 35 50 63.5
2950 65 50 38.5
2951 65 50 41
2952 65 50 43.5
2953 65 50 46
2954 65 50 48.5
2955 65 50 51
2956 65 50 53.5
2957 65 50 56
2958 65 50 58.5
2959 65 50 61
2960 65 50 63.5
2961 40 65 38.5
2962 40 65 41
2963 40 65 43.5
2964 40 65 46
2965 40 65 48.5
2966 40 65 51
2967 40 65 53.5
2968 40 65 56
2969 40 65 58.5
2970 40 65 61
2971 40 65 63.5
2972 45 65 38.5
2973 45 65 41
2974 45 65 43.5
2975 45 65 46
2976 45 65 48.5
2977 45 65 51
2978 45 65 53.5
2979 45 65 56
2980 45 65 58.5
2981 45 65 60.99999999999999
2982 45 65 63.5
2983 50 65 38.5
2984 50 65 41
2985 50 65 43.5
2986 50 65 46
2987 50 65 48.5
2988 50 65 51
2989 50 65 53.5
2990 50 65 56
2991 50 65 58.5
2992 50 65 61
2993 50 65 63.5
2994 54.99999999999999 65 38.5
2995 55.00000000000001 65 41
2996 55 65 43.5
2997 55 65 46
2998 55 65 48.5
2999 55 65 51
3000 55 65 53.5
3001 55 65 56
3002 55 65 58.5
3003 55 65 61
3004 55 65 63.5
3005 60 65 38.5
3006 59.99999999999999 65 41
3007 60 65 43.5
3008 59.99999999999999 65 46
3009 59.99999999999999 65 48.5
3010 60 65 51
3011 60 65 53.5
3012 60 65 56
3013 60 65 58.5
3014 60 65 61
3015 60 65 63.5
3016 40 50 66
3017 45 50 66
3018 50 50 66
3019 55 50 66
3020 60 50 66
3021 0 80 38.5
3022 0 80 41
3023 0 80 43.5
3024 0 80 46
3025 0 80 48.5
3026 0 80 51
3027 0 80 53.5
3028 0 80 56
3029 0 80 58.5
3030 0 80 61
3031 0 80 63.5
3032 12.5 80 38.5
3033 12.5 80 41
3034 12.5 80 43.5
3035 12.5 80 46
3036 12.5 80 48.5
3037 12.5 80 51
3038 12.5 80 53.5
3039 12.5 80 56
3040 12.5 80 58.5
3041 12.5 80 61
3042 12.5 80 63.5
3043 22.5 80 38.5
3044 22.5 80 41
3045 22.5 80 43.5
3046 22.5 80 46
3047 22.5 80 48.5
3048 22.5 80 51
3049 22.5 80 53.5
3050 22.5 80 56
3051 22.5 80 58.5
3052 22.5 80 61
3053 22.5 80 63.5
3054 30 80 38.5
3055 30 80 41
3056 30 80 43.5
3057 30 80 46
3058 30 80 48.5
3059 30 80 51
3060 30 80 53.5
3061 30 80 56
3062 30 80 58.5
3063 30 80 61
3064 30 80 63.5
3065 35 80 38.5
3066 35 80 41
3067 35 80 43.5
3068 35 80 46
3069 35 80 48.5
3070 35 80 51
3071 35 80 53.5
3072 35 80 56
3073 35 80 58.5
3074 35 80 61
3075 35 80 63.5
3076 65 80 38.5
3077 65 80 41
3078 65 80 43.5
3079 65 80 46
3080 65 80 48.5
3081 65 80 51
3082 65 80 53.5
3083 65 80 56
3084 65 80 58.5
3085 65 80 61
3086 65 80 63.5
3087 40 95 38.5
3088 40 95 41
3089 40 95 43.5
3090 40 95 46
3091 40 95 48.5
3092 40 95 51
3093 40 95 53.5
3094 40 95 56
3095 40 95 58.5
3096 40 95 61
3097 40 95 63.5
3098 45 95 38.5
3099 45 95 41
3100 45 95 43.5
3101 45 95 46
3102 45 95 48.5
3103 45 95 51
3104 45 95 53.5
3105 45 95 56
3106 45 95 58.5
3107 45 95 60.99999999999999
3108 45 95 63.5
3109 50 95 38.5
3110 50 95 41
3111 50 95 43.5
3112 50 95 46
3113 50 95 48.5
3114 50 95 51
3115 50 95 53.5
3116 50 95 56
3117 50 95 58.5
3118 50 95 61
3119 50 95 63.5
3120 54.99999999999999 95 38.5
3121 55.00000000000001 95 41
3122 55 95 43.5
3123 55 95 46
3124 55 95 48.5
3125 55 95 51
3126 55 95 53.5
3127 55 95 56
3128 55 95 58.5
3129 55 95 61
3130 55 95 63.5
3131 60 95 38.5
3132 59.99999999999999 95 41
3133 60 95 43.5
3134 59.99999999999999 95 46
3135 59.99999999999999 95 48.5
3136 60 95 51
3137 60 95 53.5
3138 60 95 56
3139 60 95 58.5
3140 60 95 61
3141 60 95 63.5
3142 40 80 66
3143 45 80 66
3144 50 80 66
3145 55 80 66
3146 60 80 66
3147 0 17.5 68
3148 0 17.5 70
3149 0 17.5 72
3150 0 17.5 74
3151 12.5 17.5 68
3152 12.5 17.5 70
3153 12.5 17.5 72
3154 12.5 17.5 74
3155 22.5 17.5 68
3156 22.5 17.5 70
3157 22.5 17.5 72
3158 22.5 17.5 74
3159 30 17.5 68
3160 30 17.5 70
3161 30 17.5 72
3162 30 17.5 74
3163 35 17.5 68
3164 35 17.5 70
3165 35 17.5 72
3166 35 17.5 74
3167 65 17.5 68
3168 65 17.5 70
3169 65 17.5 72
3170 65 17.5 74
3171 40 0 68
3172 40 0 70
3173 40 0 72
3174 40 0 74
3175 45 0 68
3176 45 0 70
3177 45 0 72
3178 45 0 74
3179 50 0 68
3180 50 0 70
3181 50 0 72
3182 50 0 74
3183 55 0 68
3184 55 0 70
3185 55 0 72
3186 55 0 74
3187 60 0 68
3188 60 0 70
3189 60 0 72
3190 60 0 74
3191 40 35 68
3192 40 35 70
3193 40 35 72
3194 40 35 74
3195 45 35 68
3196 45 35 70
3197 45 35 72
3198 45 35 74
3199 50 35 68
3200 50 35 70
3201 50 35 72
3202 50 35 74
3203 55 35 68
3204 55 35 70
3205 55 35 72
3206 55 35 74
3207 60 35 68
3208 60 35 70
3209 60 35 72
3210 60 35 74
3211 40 17.5 76
3212 45 17.5 76
3213 50 17.5 76
3214 55 17.5 76
3215 60 17.5 76
3216 0 50 68
3217 0 50 70
3218 0 50 72
3219 0 50 74
3220 12.5 50 68
3221 12.5 50 70
3222 12.5 50 72
3223 12.5 50 74
3224 22.5 50 68
3225 22.5 50 70
3226 22.5 50 72
3227 22.5 50 74
3228 30 50 68
3229 30 50 70
3230 30 50 72
3231 30 50 74
3232 35 50 68
3233 35 50 70
3234 35 50 72
3235 35 50 74
3236 65 50 68
3237 65 50 70
3238 65 50 72
3239 65 50 74
3240 40 65 68
3241 40 65 70
3242 40 65 72
3243 40 65 74
3244 45 65 68
3245 45 65 70
3246 45 65 72
3247 45 65 74
3248 50 65 68
3249 50 65 70
3250 50 65 72
3251 50 65 74
3252 55 65 68
3253 55 65 70
3254 55 65 72
3255 55 65 74
3256 60 65 68
3257 60 65 70
3258 60 65 72
3259 60 65 74
3260 40 50 76
3261 45 50 76
3262 50 50 76
3263 55 50 76
3264 60 50 76
3265 0 80 68
3266 0 80 70
3267 0 80 72
3268 0 80 74
3269 12.5 80 68
3270 12.5 80 70
3271 12.5 80 72
3272 12.5 80 74
3273 22.5 80 68
3274 22.5 80 70
3275 22.5 80 72
3276 22.5 80 74
3277 30 80 68
3278 30 80 70
3279 30 80 72
3280 30 80 74
3281 35 80 68
3282 35 80 70
3283 35 80 72
3284 35 80 74
3285 65 80 68
3286 65 80 70
3287 65 80 72
3288 65 80 74
3289 40 95 68
3290 40 95 70
3291 40 95 72
3292 40 95 74
3293 45 95 68
3294 45 95 70
3295 45 95 72
3296 45 95 74
3297 50 95 68
3298 50 95 70
3299 50 95 72
3300 50 95 74
3301 55 95 68
3302 55 95 70
3303 55 95 72
3304 55 95 74
3305 60 95 68
3306 60 95 70
3307 60 95 72
3308 60 95 74
3309 40 80 76
3310 45 80 76
3311 50 80 76
3312 55 80 76
3313 60 80 76
3314 0 17.5 78
3315 0 17.5 80
3316 0 17.5 82
3317 0 17.5 84
3318 0 17.5 86
3319 0 17.5 88
3320 0 17.5 90
3321 0 17.5 92
3322 0 17.5 94
3323 0 17.5 96
3324 0 17.5 98
3325 12.5 17.5 78
3326 12.5 17.5 80
3327 12.5 17.5 82
3328 12.5 17.5 84
3329 12.5 17.5 86
3330 12.5 17.5 88
3331 12.5 17.5 90
3332 12.5 17.5 92
3333 12.5 17.5 94
3334 12.5 17.5 96
3335 12.5 17.5 98
3336 22.5 17.5 78
3337 22.5 17.5 80
3338 22.5 17.5 82
3339 22.5 17.5 84
3340 22.5 17.5 86
3341 22.5 17.5 88
3342 22.5 17.5 90
3343 22.5 17.5 92
3344 22.5 17.5 94
3345 22.5 17.5 96
3346 22.5 17.5 98
3347 30 17.5 78
3348 30 17.5 80
3349 30 17.5 82
3350 30 17.5 84
3351 30 17.5 86
3352 30 17.5 88
3353 30 17.5 90
3354 30 17.5 92
3355 30 17.5 94
3356 30 17.5 96
3357 30 17.5 98
3358 35 17.5 78
3359 35 17.5 80
3360 35 17.5 82
3361 35 17.5 84
3362 35 17.5 86
3363 35 17.5 88
3364 35 17.5 90
3365 35 17.5 92
3366 35 17.5 94
3367 35 17.5 96
3368 35 17.5 98
3369 0 50 78
3370 0 50 80
3371 0 50 82
3372 0 50 84
3373 0 50 86
3374 0 50 88
3375 0 50 90
3376 0 50 92
3377 0 50 94
3378 0 50 96
3379 0 50 98
3380 12.5 50 78
3381 12.5 50 80
3382 12.5 50 82
3383 12.5 50 84
3384 12.5 50 86
3385 12.5 50 88
3386 12.5 50 90
3387 12.5 50 92
3388 12.5 50 94
3389 12.5 50 96
3390 12.5 50 98
3391 22.5 50 78
3392 22.5 50 80
3393 22.5 50 82
3394 22.5 50 84
3395 22.5 50 86
3396 22.5 50 88
3397 22.5 50 90
3398 22.5 50 92
3399 22.5 50 94
3400 22.5 50 96
3401 22.5 50 98
3402 30 50 78
3403 30 50 80
3404 30 50 82
3405 30 50 84
3406 30 50 86
3407 30 50 88
3408 30 50 90
3409 30 50 92
3410 30 50 94
3411 30 50 96
3412 30 50 98
3413 35 50 78
3414 35 50 80
3415 35 50 82
3416 35 50 84
3417 35 50 86
3418 35 50 88
3419 35 50 90
3420 35 50 92
3421 35 50 94
3422 35 50 96
3423 35 50 98
3424 65 50 78
3425 65 50 80
3426 65 50 82
3427 65 50 84
3428 65 50 86
3429 65 50 88
3430 65 50 90
3431 65 50 92
3432 65 50 94
3433 65 50 96
3434 65 50 98
3435 40 35 78
3436 40 35 80
3437 40 35 82
3438 40 35 84
3439 40 35 86
3440 40 35 88
3441 40 35 90
3442 40 35 92
3443 40 35 94
3444 40 35 96
3445 40 35 98
3446 45 35 78
3447 45 35 80
3448 45 35 82
3449 45 35 84
3450 45 35 86
3451 45 35 88
3452 45 35 90
3453 45 35 92
3454 45 35 94
3455 45 35 96
3456 45 35 98
3457 50 35 78
3458 50 35 80
3459 50 35 82
3460 50 35 84
3461 50 35 86
3462 50 35 88
3463 50 35 90
3464 50 35 92
3465 50 35 94
3466 50 35 96
3467 50 35 98
3468 54.99999999999999 35 78
3469 55.00000000000001 35 80
3470 55 35 82
3471 55 35 84
3472 55 35 86
3473 55 35 88
3474 55 35 90
3475 55 35 92
3476 55 35 94
3477 55 35 96
3478 55 35 98
3479 60 35 78
3480 59.99999999999999 35 80
3481 60 35 82
3482 59.99999999999999 35 84
3483 59.99999999999999 35 86
3484 60 35 88
3485 60 35 90
3486 60 35 92
3487 60 35 94
3488 60 35 96
3489 60 35 98
3490 40 65 78
3491 40 65 80
3492 40 65 82
3493 40 65 84
3494 40 65 86
3495 40 65 88
3496 40 65 90
3497 40 65 92
3498 40 65 94
3499 40 65 96
3500 40 65 98
3501 45 65 78
3502 45 65 80
3503 45 65 82
3504 45 65 84
3505 45 65 86
3506 45 65 88
3507 45 65 90
3508 45 65 92
3509 45 65 94
3510 45 65 96
3511 45 65 98
3512 50 65 78
3513 50 65 80
3514 50 65 82
3515 50 65 84
3516 50 65 86
3517 50 65 88
3518 50 65 90
3519 50 65 92
3520 50 65 94
3521 50 65 96
3522 50 65 98
3523 54.99999999999999 65 78
3524 55.00000000000001 65 80
3525 55 65 82
3526 55 65 84
3527 55 65 86
3528 55 65 88
3529 55 65 90
3530 55 65 92
3531 55 65 94
3532 55 65 96
3533 55 65 98
3534 60 65 78
3535 59.99999999999999 65 80
3536 60 65 82
3537 59.99999999999999 65 84
3538 59.99999999999999 65 86
3539 60 65 88
3540 60 65 90
3541 60 65 92
3542 60 65 94
3543 60 65 96
3544 60 65 98
3545 40 50 100
3546 45 50 100
3547 50 50 100
3548 55 50 100
3549 60 50 100
3550 0 80 78
3551 0 80 80
3552 0 80 82
3553 0 80 84
3554 0 80 86
3555 0 80 88
3556 0 80 90
3557 0 80 92
3558 0 80 94
3559 0 80 96
3560 0 80 98
3561 12.5 80 78
3562 12.5 80 80
3563 12.5 80 82
3564 12.5 80 84
3565 12.5 80 86
3566 12.5 80 88
3567 12.5 80 90
3568 12.5 80 92
3569 12.5 80 94
3570 12.5 80 96
3571 12.5 80 98
3572 22.5 80 78
3573 22.5 80 80
3574 22.5 80 82
3575 22.5 80 84
3576 22.5 80 86
3577 22.5 80 88
3578 22.5 80 90
3579 22.5 80 92
3580 22.5 80 94
3581 22.5 80 96
3582 22.5 80 98
3583 30 80 78
3584 30 80 80
3585 30 80 82
3586 30 80 84
3587 30 80 86
3588 30 80 88
3589 30 80 90
3590 30 80 92
3591 30 80 94
3592 30 80 96
3593 30 80 98
3594 35 80 78
3595 35 80 80
3596 35 80 82
3597 35 80 84
3598 35 80 86
3599 35 80 88
3600 35 80 90
3601 35 80 92
3602 35 80 94
3603 35 80 96
3604 35 80 98
3605 65 80 78
3606 65 80 80
3607 65 80 82
3608 65 80 84
3609 65 80 86
3610 65 80 88
3611 65 80 90
3612 65 80 92
3613 65 80 94
3614 65 80 96
3615 65 80 98
3616 40 95 78
3617 40 95 80
3618 40 95 82
3619 40 95 84
3620 40 95 86
3621 40 95 88
3622 40 95 90
3623 40 95 92
3624 40 95 94
3625 40 95 96
3626 40 95 98
3627 45 95 78
3628 45 95 80
3629 45 95 82
3630 45 95 84
3631 45 95 86
3632 45 95 88
3633 45 95 90
3634 45 95 92
3635 45 95 94
3636 45 95 96
3637 45 95 98
3638 50 95 78
3639 50 95 80
3640 50 95 82
3641 50 95 84
3642 50 95 86
3643 50 95 88
3644 50 95 90
3645 50 95 92
3646 50 95 94
3647 50 95 96
3648 50 95 98
3649 54.99999999999999 95 78
3650 55.00000000000001 95 80
3651 55 95 82
3652 55 95 84
3653 55 95 86
3654 55 95 88
3655 55 95 90
3656 55 95 92
3657 55 95 94
3658 55 95 96
3659 55 95 98
3660 60 95 78
3661 59.99999999999999 95 80
3662 60 95 82
3663 59.99999999999999 95 84
3664 59.99999999999999 95 86
3665 60 95 88
3666 60 95 90
3667 60 95 92
3668 60 95 94
3669 60 95 96
3670 60 95 98
3671 40 80 100
3672 45 80 100
3673 50 80 100
3674 55 80 100
3675 60 80 100
3676 40 50 101
3677 45 50 101
3678 50 50 101
3679 55 50 101
3680 60 50 101
3681 40 80 101
3682 45 80 101
3683 50 80 101
3684 55 80 101
3685 60 80 101
3686 40 50 102
3687 45 50 102
3688 50 50 102
3689 55 50 102
3690 60 50 102
3691 40 80 102
3692 45 80 102
3693 50 80 102
3694 55 80 102
3695 60 80 102
3696 40 50 103
3697 45 50 103
3698 50 50 103
3699 55 50 103
3700 60 50 103
3701 40 80 103
3702 45 80 103
3703 50 80 103
3704 55 80 103
3705 60 80 103
3706 40 50 104
3707 45 50 104
3708 50 50 104
3709 55 50 104
3710 60 50 104
3711 40 80 104
3712 45 80 104
3713 50 80 104
3714 55 80 104
3715 60 80 104
3716 100 17.5 3.000000000000001
3717 100 17.5 5.999999999999998
3718 100 17.5 9
3719 100 17.5 12
3720 100 17.5 15
3721 100 17.5 18
3722 100 17.5 21
3723 100 17.5 24
3724 100 17.5 27
3725 100 17.5 30
3726 99.99999999999999 17.5 33
3727 87.5 17.5 3.000000000000001
3728 87.5 17.5 5.999999999999998
3729 87.5 17.5 9
3730 87.5 17.5 12
3731 87.5 17.5 15
3732 87.5 17.5 18
3733 87.5 17.5 21
3734 87.5 17.5 24
3735 87.5 17.5 27
3736 87.5 17.5 30
3737 87.5 17.5 33
3738 77.5 17.5 3.000000000000001
3739 77.5 17.5 5.999999999999998
3740 77.5 17.5 9
3741 77.5 17.5 12
3742 77.5 17.5 15
3743 77.5 17.5 18
3744 77.5 17.5 21
3745 77.5 17.5 24
3746 77.5 17.5 27
3747 77.5 17.5 30
3748 77.49999999999999 17.5 33
3749 70 17.5 3.000000000000001
3750 70 17.5 5.999999999999998
3751 70 17.5 9
3752 70 17.5 12
3753 70 17.5 15
3754 70 17.5 18
3755 70 17.5 21
3756 70 17.5 24
3757 70 17.5 27
3758 70 17.5 30
3759 69.99999999999999 17.5 33
3760 100 50 3.000000000000001
3761 100 50 5.999999999999998
3762 100 50 9
3763 100 50 12
3764 100 50 15
3765 100 50 18
3766 100 50 21
3767 100 50 24
3768 100 50 27
3769 100 50 30
3770 99.99999999999999 50 33
3771 87.5 50 3.000000000000001
3772 87.5 50 5.999999999999998
3773 87.5 50 9
3774 87.5 50 12
3775 87.5 50 15
3776 87.5 50 18
3777 87.5 50 21
3778 87.5 50 24
3779 87.5 50 27
3780 87.5 50 30
3781 87.5 50 33
3782 77.5 50 3.000000000000001
3783 77.5 50 5.999999999999998
3784 77.5 50 9
3785 77.5 50 12
3786 77.5 50 15
3787 77.5 50 18
3788 77.5 50 21
3789 77.5 50 24
3790 77.5 50 27
3791 77.5 50 30
3792 77.49999999999999 50 33
3793 70 50 3.000000000000001
3794 70 50 5.999999999999998
3795 70 50 9
3796 70 50 12
3797 70 50 15
3798 70 50 18
3799 70 50 21
3800 70 50 24
3801 70 50 27
3802 70 50 30
3803 69.99999999999999 50 33
3804 100 80 3.000000000000001
3805 100 80 5.999999999999998
3806 100 80 9
3807 100 80 12
3808 100 80 15
3809 100 80 18
3810 100 80 21
3811 100 80 24
3812 100 80 27
3813 100 80 30
3814 99.99999999999999 80 33
3815 87.5 80 3.000000000000001
3816 87.5 80 5.999999999999998
3817 87.5 80 9
3818 87.5 80 12
3819 87.5 80 15
3820 87.5 80 18
3821 87.5 80 21
3822 87.5 80 24
3823 87.5 80 27
3824 87.5 80 30
3825 87.5 80 33
3826 77.5 80 3.000000000000001
3827 77.5 80 5.999999999999998
3828 77.5 80 9
3829 77.5 80 12
3830 77.5 80 15
3831 77.5 80 18
3832 77.5 80 21
3833 77.5 80 24
3834 77.5 80 27
3835 77.5 80 30
3836 77.49999999999999 80 33
3837 70 80 3.000000000000001
3838 70 80 5.999999999999998
3839 70 80 9
3840 70 80 12
3841 70 80 15
3842 70 80 18
3843 70 80 21
3844 70 80 24
3845 70 80 27
3846 70 80 30
3847 69.99999999999999 80 33
3848 100 17.5 38.5
3849 100 17.5 41
3850 100 17.5 43.5
3851 100 17.5 46
3852 100 17.5 48.5
3853 100 17.5 51
3854 100 17.5 53.49999999999999
3855 100 17.5 56.00000000000001
3856 100 17.5 58.5
3857 100 17.5 61
3858 99.99999999999999 17.5 63.5
3859 87.5 17.5 38.5
3860 87.5 17.5 41
3861 87.5 17.5 43.5
3862 87.5 17.5 46
3863 87.5 17.5 48.5
3864 87.5 17.5 51
3865 87.5 17.5 53.49999999999999
3866 87.5 17.5 56.00000000000001
3867 87.5 17.5 58.5
3868 87.5 17.5 61
3869 87.5 17.5 63.5
3870 77.5 17.5 38.5
3871 77.5 17.5 41
3872 77.5 17.5 43.5
3873 77.5 17.5 46
3874 77.5 17.5 48.5
3875 77.5 17.5 51
3876 77.5 17.5 53.49999999999999
3877 77.5 17.5 56.00000000000001
3878 77.5 17.5 58.5
3879 77.50000000000001 17.5 61
3880 77.49999999999999 17.5 63.5
3881 70 17.5 38.5
3882 70 17.5 41
3883 70 17.5 43.5
3884 70 17.5 46
3885 70 17.5 48.5
3886 70 17.5 51
3887 70 17.5 53.49999999999999
3888 70 17.5 56.00000000000001
3889 70 17.5 58.5
3890 70 17.5 61
3891 69.99999999999999 17.5 63.5
3892 100 50 38.5
3893 100 50 41
3894 100 50 43.5
3895 100 49.99999999999999 46
3896 100 50 48.5
3897 100 50 51
3898 100 50 53.49999999999999
3899 100 50 56.00000000000001
3900 100 50 58.5
3901 100 50 61
3902 99.99999999999999 50 63.5
3903 87.5 50 38.5
3904 87.5 50 41
3905 87.5 50 43.5
3906 87.5 49.99999999999999 46
3907 87.5 50 48.5
3908 87.5 50 51
3909 87.5 50 53.49999999999999
3910 87.5 50 56.00000000000001
3911 87.5 50 58.5
3912 87.5 50 61
3913 87.5 50 63.5
3914 77.5 50 38.5
3915 77.5 50 41
3916 77.5 50 43.5
3917 77.5 49.99999999999999 46
3918 77.5 50 48.5
3919 77.5 50 51
3920 77.5 50 53.49999999999999
3921 77.5 50 56.00000000000001
3922 77.5 50 58.5
3923 77.50000000000001 50 61
3924 77.49999999999999 50 63.5
3925 70 50 38.5
3926 70 50 41
3927 70 50 43.5
3928 70 49.99999999999999 46
3929 70 50 48.5
3930 70 50 51
3931 70 50 53.49999999999999
3932 70 50 56.00000000000001
3933 70 50 58.5
3934 70 50 61
3935 69.99999999999999 50 63.5
3936 100 80 38.5
3937 100 80 41
3938 100 80 43.5
3939 100 80 46
3940 100 80 48.5
3941 100 80 51
3942 100 80 53.49999999999999
3943 100 80 56.00000000000001
3944 100 80 58.5
3945 100 80 61
3946 99.99999999999999 80 63.5
3947 87.5 80 38.5
3948 87.5 80 41
3949 87.5 80 43.5
3950 87.5 80 46
3951 87.5 80 48.5
3952 87.5 80 51
3953 87.5 80 53.49999999999999
3954 87.5 80 56.00000000000001
3955 87.5 80 58.5
3956 87.5 80 61
3957 87.5 80 63.5
3958 77.5 80 38.5
3959 77.5 80 41
3960 77.5 80 43.5
3961 77.5 80 46
3962 77.5 80 48.5
3963 77.5 80 51
3964 77.5 80 53.49999999999999
3965 77.5 80 56.00000000000001
3966 77.5 80 58.5
3967 77.50000000000001 80 61
3968 77.49999999999999 80 63.5
3969 70 80 38.5
3970 70 80 41
3971 70 80 43.5
3972 70 80 46
3973 70 80 48.5
3974 70 80 51
3975 70 80 53.49999999999999
3976 70 80 56.00000000000001
3977 70 80 58.5
3978 70 80 61
3979 69.99999999999999 80 63.5
3980 100 17.5 68
3981 100 17.5 70
3982 100 17.5 72
3983 100 17.5 74
3984 87.5 17.5 68
3985 87.5 17.5 70
3986 87.5 17.5 72
3987 87.5 17.5 74
3988 77.5 17.5 68
3989 77.5 17.5 70
3990 77.5 17.5 72
3991 77.5 17.5 74
3992 70 17.5 68
3993 70 17.5 70
3994 70 17.5 72
3995 70 17.5 74
3996 100 50 68
3997 100 50 70
3998 100 50 72
3999 100 50 74
4000 87.5 50 68
4001 87.5 50 70
4002 87.5 50 72
4003 87.5 50 74
4004 77.5 50 68
4005 77.5 50 70
4006 77.5 50 72
4007 77.5 50 74
4008 70 50 68
4009 70 50 70
4010 70 50 72
4011 70 50 74
4012 100 80 68
4013 100 80 70
4014 100 80 72
4015 100 80 74
4016 87.5 80 68
4017 87.5 80 70
4018 87.5 80 72
4019 87.5 80 74
4020 77.5 80 68
4021 77.5 80 70
4022 77.5 80 72
4023 77.5 80 74
4024 70 80 68
4025 70 80 70
4026 70 80 72
4027 70 80 74
4028 100 17.5 78
4029 100 17.5 80
4030 100 17.5 82
4031 100 17.5 84
4032 100 17.5 86
4033 100 17.5 88
4034 100 17.5 90
4035 100 17.5 92
4036 100 17.5 94
4037 100 17.5 96.00000000000001
4038 99.99999999999999 17.5 97.99999999999999
4039 87.5 17.5 78
4040 87.5 17.5 80
4041 87.5 17.5 82
4042 87.5 17.5 84
4043 87.5 17.5 86
4044 87.5 17.5 88
4045 87.5 17.5 90
4046 87.5 17.5 92
4047 87.5 17.5 94
4048 87.5 17.5 96.00000000000001
4049 87.5 17.5 97.99999999999999
4050 77.5 17.5 78
4051 77.5 17.5 80
4052 77.5 17.5 82
4053 77.5 17.5 84
4054 77.5 17.5 86
4055 77.5 17.5 88
4056 77.5 17.5 90
4057 77.5 17.5 92
4058 77.5 17.5 94
4059 77.50000000000001 17.5 96.00000000000001
4060 77.49999999999999 17.5 97.99999999999999
4061 70 17.5 78
4062 70 17.5 80
4063 70 17.5 82
4064 70 17.5 84
4065 70 17.5 86
4066 70 17.5 88
4067 70 17.5 90
4068 70 17.5 92
4069 70 17.5 94
4070 70 17.5 96.00000000000001
4071 69.99999999999999 17.5 97.99999999999999
4072 65 17.5 78
4073 65 17.5 80
4074 65 17.5 82
4075 65 17.5 84
4076 65 17.5 86
4077 65 17.5 88
4078 65 17.5 90
4079 65 17.5 92
4080 65 17.5 94
4081 65 17.5 96.00000000000001
4082 65 17.5 97.99999999999999
4083 100 50 78
4084 100 50 80
4085 100 50 82
4086 100 49.99999999999999 84
4087 100 50 86
4088 100 50 88
4089 100 50 90
4090 100 50 92
4091 100 50 94
4092 100 50 96.00000000000001
4093 99.99999999999999 50 97.99999999999999
4094 87.5 50 78
4095 87.5 50 80
4096 87.5 50 82
4097 87.5 49.99999999999999 84
4098 87.5 50 86
4099 87.5 50 88
4100 87.5 50 90
4101 87.5 50 92
4102 87.5 50 94
4103 87.5 50 96.00000000000001
4104 87.5 50 97.99999999999999
4105 77.5 50 78
4106 77.5 50 80
4107 77.5 50 82
4108 77.5 49.99999999999999 84
4109 77.5 50 86
4110 77.5 50 88
4111 77.5 50 90
4112 77.5 50 92
4113 77.5 50 94
4114 77.50000000000001 50 96.00000000000001
4115 77.49999999999999 50 97.99999999999999
4116 70 50 78
4117 70 50 80
4118 70 50 82
4119 70 49.99999999999999 84
4120 70 50 86
4121 70 50 88
4122 70 50 90
4123 70 50 92
4124 70 50 94
4125 70 50 96.00000000000001
4126 69.99999999999999 50 97.99999999999999
4127 100 80 78
4128 100 80 80
4129 100 80 82
4130 100 80 84
4131 100 80 86
4132 100 80 88
4133 100 80 90
4134 100 80 92
4135 100 80 94
4136 100 80 96.00000000000001
4137 99.99999999999999 80 97.99999999999999
4138 87.5 80 78
4139 87.5 80 80
4140 87.5 80 82
4141 87.5 80 84
4142 87.5 80 86
4143 87.5 80 88
4144 87.5 80 90
4145 87.5 80 92
4146 87.5 80 94
4147 87.5 80 96.00000000000001
4148 87.5 80 97.99999999999999
4149 77.5 80 78
4150 77.5 80 80
4151 77.5 80 82
4152 77.5 80 84
4153 77.5 80 86
4154 77.5 80 88
4155 77.5 80 90
4156 77.5 80 92
4157 77.5 80 94
4158 77.50000000000001 80 96.00000000000001
4159 77.49999999999999 80 97.99999999999999
4160 70 80 78
4161 70 80 80
4162 70 80 82
4163 70 80 84
4164 70 80 86
4165 70 80 88
4166 70 80 90
4167 70 80 92
4168 70 80 94
4169 70 80 96.00000000000001
4170 69.99999999999999 80 97.99999999999999
4171 39.99999999999999 17.5 3
4172 45.00000000000001 17.50000000000001 3
4173 50 17.5 3
4174 55 17.5 3
4175 60.00000000000001 17.5 3
4176 40 17.5 6
4177 44.99999999999999 17.50000000000001 6
4178 50 17.5 6
4179 55 17.5 6
4180 59.99999999999999 17.5 6
4181 39.99999999999999 17.5 9
4182 45.00000000000001 17.50000000000001 9
4183 50 17.5 9
4184 55 17.5 9
4185 60 17.5 9
4186 40.00000000000001 17.5 12
4187 45.00000000000001 17.50000000000001 12
4188 50 17.5 12
4189 55 17.5 12
4190 60 17.5 12
4191 40 17.5 14.99999999999999
4192 44.99999999999999 17.50000000000001 15
4193 50 17.5 14.99999999999999
4194 55 17.5 15
4195 60 17.5 14.99999999999999
4196 40.00000000000001 17.5 18
4197 44.99999999999999 17.50000000000001 18
4198 50 17.5 18
4199 55 17.5 18
4200 60 17.5 18
4201 40 17.5 20.99999999999999
4202 45 17.50000000000001 21
4203 50 17.5 21
4204 55 17.5 20.99999999999999
4205 60 17.5 20.99999999999999
4206 40 17.5 24
4207 45.00000000000001 17.50000000000001 24
4208 49.99999999999999 17.5 24
4209 54.99999999999999 17.5 24
4210 60 17.5 24
4211 40 17.5 27
4212 45.00000000000001 17.50000000000001 27
4213 50 17.5 27
4214 55 17.5 27
4215 60 17.5 27
4216 40 17.5 29.99999999999999
4217 45.00000000000001 17.50000000000001 30
4218 50 17.5 29.99999999999999
4219 55 17.5 30
4220 60 17.5 29.99999999999998
4221 40 17.5 33
4222 45.00000000000001 17.50000000000001 33
4223 49.99999999999999 17.5 33
4224 55 17.5 33
4225 60 17.5 33
4226 39.99999999999999 50.00000000000004 3
4227 45.00000000000001 50.00000000000001 3
4228 50 50 3
4229 55 50 3
4230 60.00000000000001 50 3
4231 40 50.00000000000004 6
4232 44.99999999999999 50.00000000000001 6
4233 50 50 6
4234 55 50 6
4235 59.99999999999999 50 6
4236 39.99999999999999 50.00000000000001 9
4237 45.00000000000001 50.00000000000001 9
4238 50 50 9
4239 55 50 9
4240 60 50 9
4241 40.00000000000001 50.00000000000004 12
4242 45.00000000000001 49.99999999999999 12
4243 50 50 12
4244 55 50 12
4245 60 50.00000000000001 12
4246 40 50.00000000000001 14.99999999999999
4247 44.99999999999999 50 15
4248 50 50 14.99999999999999
4249 55 50 15
4250 60 50 14.99999999999999
4251 40.00000000000001 50.00000000000004 18
4252 44.99999999999999 49.99999999999999 18
4253 50 50 18
4254 55 50 18
4255 60 50 18
4256 40 50.00000000000003 20.99999999999999
4257 45 50 21
4258 50 50 21
4259 55 50 20.99999999999999
4260 60 50 20.99999999999999
4261 40 50.00000000000003 24
4262 45.00000000000001 50 24
4263 49.99999999999999 49.99999999999999 24
4264 54.99999999999999 50 24
4265 60 50.00000000000001 24
4266 40 50.00000000000002 27
4267 45.00000000000001 50.00000000000001 27
4268 50 50 27
4269 55 50 27
4270 60 50 27
4271 40 50.00000000000003 29.99999999999999
4272 45.00000000000001 50.00000000000001 30
4273 50 50 29.99999999999999
4274 55 50 30
4275 60 50 29.99999999999998
4276 40 50.00000000000004 33
4277 45.00000000000001 50 33
4278 49.99999999999999 49.99999999999999 33
4279 55 50 33
4280 60 49.99999999999999 33
4281 39.99999999999999 80.00000000000003 3
4282 45.00000000000001 80 3
4283 50 80 3
4284 55 80 3
4285 60.00000000000001 80 3
4286 40 79.99999999999997 6
4287 44.99999999999999 79.99999999999999 6
4288 50 80 6
4289 55 80.00000000000001 6
4290 59.99999999999999 80 6
4291 39.99999999999999 80.00000000000003 9
4292 45.00000000000001 79.99999999999999 9
4293 50 80 9
4294 55 80 9
4295 60 80 9
4296 40.00000000000001 80.00000000000003 12
4297 45.00000000000001 80 12
4298 50 80 12
4299 55 80 12
4300 60 80.00000000000001 12
4301 40 80.00000000000003 14.99999999999999
4302 44.99999999999999 80 15
4303 50 80.00000000000001 14.99999999999999
4304 55 80 15
4305 60 80 14.99999999999999
4306 40.00000000000001 79.99999999999999 18
4307 44.99999999999999 80.00000000000001 18
4308 50 80 18
4309 55 79.99999999999999 18
4310 60 80.00000000000001 18
4311 40 80.00000000000003 20.99999999999999
4312 45 80 21
4313 50 80 21
4314 55 80 20.99999999999999
4315 60 80 20.99999999999999
4316 40 80.00000000000001 24
4317 45.00000000000001 80.00000000000003 24
4318 49.99999999999999 80 24
4319 54.99999999999999 80 24
4320 60 80 24
4321 40 80.00000000000003 27
4322 45.00000000000001 80.00000000000001 27
4323 50 80 27
4324 55 80.00000000000001 27
4325 60 79.99999999999999 27
4326 40 79.99999999999999 29.99999999999999
4327 45.00000000000001 80 30
4328 50 79.99999999999999 29.99999999999999
4329 55 80 30
4330 60 80 29.99999999999998
4331 40 80.00000000000001 33
4332 45.00000000000001 80 33
4333 49.99999999999999 79.99999999999999 33
4334 55 80 33
4335 60 80 33
4336 39.99999999999999 17.5 38.50000000000001
4337 45.00000000000001 17.50000000000001 38.5
4338 50 17.5 38.5
4339 55 17.5 38.5
4340 60.00000000000001 17.5 38.5
4341 40 17.5 40.99999999999999
4342 44.99999999999999 17.50000000000001 41.00000000000001
4343 50 17.5 41
4344 55 17.5 41
4345 59.99999999999999 17.5 41.00000000000001
4346 39.99999999999999 17.5 43.5
4347 45.00000000000001 17.50000000000001 43.5
4348 50 17.5 43.5
4349 55 17.5 43.5
4350 60 17.5 43.5
4351 40.00000000000001 17.5 46
4352 45.00000000000001 17.50000000000001 45.99999999999999
4353 50 17.5 46
4354 55 17.5 46
4355 60 17.5 46
4356 39.99999999999999 17.5 48.50000000000002
4357 45 17.50000000000001 48.5
4358 50 17.5 48.5
4359 55 17.5 48.5
4360 59.99999999999999 17.5 48.5
4361 40.00000000000001 17.5 51
4362 44.99999999999999 17.50000000000001 50.99999999999999
4363 50 17.5 51
4364 55 17.5 51
4365 60 17.5 51
4366 40.00000000000001 17.5 53.5
4367 45 17.50000000000001 53.50000000000002
4368 50.00000000000001 17.5 53.5
4369 54.99999999999999 17.5 53.50000000000001
4370 60 17.5 53.5
4371 40 17.5 56.00000000000002
4372 45.00000000000001 17.50000000000001 56.00000000000001
4373 49.99999999999999 17.5 56
4374 54.99999999999999 17.5 56
4375 60 17.5 55.99999999999999
4376 40 17.5 58.5
4377 45.00000000000001 17.50000000000001 58.49999999999999
4378 50 17.5 58.5
4379 55 17.5 58.5
4380 60 17.5 58.5
4381 40.00000000000001 17.5 61
4382 44.99999999999999 17.50000000000001 61.00000000000003
4383 50.00000000000001 17.5 61
4384 55 17.5 60.99999999999999
4385 60 17.5 61
4386 40 17.5 63.50000000000002
4387 45.00000000000001 17.50000000000001 63.5
4388 49.99999999999999 17.5 63.5
4389 55 17.5 63.49999999999999
4390 60 17.5 63.5
4391 39.99999999999999 50.00000000000004 38.50000000000001
4392 45.00000000000001 50.00000000000001 38.5
4393 50 50 38.5
4394 55 50 38.5
4395 60.00000000000001 50 38.5
4396 40 50.00000000000004 40.99999999999999
4397 44.99999999999999 50.00000000000001 41.00000000000001
4398 50 50 41
4399 55 50 41
4400 59.99999999999999 50 41.00000000000001
4401 39.99999999999999 50.00000000000001 43.5
4402 45.00000000000001 50.00000000000001 43.5
4403 50 50 43.5
4404 55 50 43.5
4405 60 50 43.5
4406 40.00000000000001 50.00000000000004 46
4407 45.00000000000001 49.99999999999999 45.99999999999999
4408 50 50 46
4409 55 50 46
4410 60 50.00000000000001 46
4411 39.99999999999999 50.00000000000001 48.50000000000002
4412 45 50 48.5
4413 50 50 48.5
4414 55 50 48.5
4415 59.99999999999999 49.99999999999999 48.5
4416 40.00000000000001 50.00000000000004 51
4417 44.99999999999999 49.99999999999999 50.99999999999999
4418 50 50 51
4419 55 50 51
4420 60 50 51
4421 40.00000000000001 50.00000000000001 53.5
4422 45 50 53.50000000000002
4423 50.00000000000001 50.00000000000001 53.5
4424 54.99999999999999 50.00000000000001 53.50000000000001
4425 60 50 53.5
4426 40 50.00000000000003 56.00000000000002
4427 45.00000000000001 50 56.00000000000001
4428 49.99999999999999 49.99999999999999 56
4429 54.99999999999999 50 56
4430 60 50.00000000000001 55.99999999999999
4431 40 50.00000000000002 58.5
4432 45.00000000000001 50.00000000000001 58.49999999999999
4433 50 50 58.5
4434 55 50 58.5
4435 60 50 58.5
4436 40.00000000000001 50.00000000000004 61
4437 44.99999999999999 50 61.00000000000003
4438 50.00000000000001 50.00000000000001 61
4439 55 50 60.99999999999999
4440 60 50 61
4441 40 50.00000000000004 63.50000000000002
4442 45.00000000000001 50 63.5
4443 49.99999999999999 49.99999999999999 63.5
4444 55 50 63.49999999999999
4445 60 49.99999999999999 63.5
4446 39.99999999999999 80.00000000000003 38.50000000000001
4447 45.00000000000001 80 38.5
4448 50 80 38.5
4449 55 80 38.5
4450 60.00000000000001 80 38.5
4451 40 79.99999999999997 40.99999999999999
4452 44.99999999999999 79.99999999999999 41.00000000000001
4453 50 80 41
4454 55 80.00000000000001 41
4455 59.99999999999999 80 41.00000000000001
4456 39.99999999999999 80.00000000000003 43.5
4457 45.00000000000001 79.99999999999999 43.5
4458 50 80 43.5
4459 55 80 43.5
4460 60 80 43.5
4461 40.00000000000001 80.00000000000003 46
4462 45.00000000000001 80 45.99999999999999
4463 50 80 46
4464 55 80 46
4465 60 80.00000000000001 46
4466 39.99999999999999 80.00000000000001 48.50000000000002
4467 45 80 48.5
4468 50 80 48.5
4469 55 80 48.5
4470 59.99999999999999 79.99999999999999 48.5
4471 40.00000000000001 79.99999999999999 51
4472 44.99999999999999 80.00000000000001 50.99999999999999
4473 50 80 51
4474 55 79.99999999999999 51
4475 60 80.00000000000001 51
4476 40.00000000000001 80.00000000000003 53.5
4477 45 80 53.50000000000002
4478 50.00000000000001 80 53.5
4479 54.99999999999999 80.00000000000001 53.50000000000001
4480 60 80 53.5
4481 40 80.00000000000001 56.00000000000002
4482 45.00000000000001 80.00000000000003 56.00000000000001
4483 49.99999999999999 80 56
4484 54.99999999999999 80 56
4485 60 80 55.99999999999999
4486 40 80.00000000000003 58.5
4487 45.00000000000001 80.00000000000001 58.49999999999999
4488 50 80 58.5
4489 55 80.00000000000001 58.5
4490 60 79.99999999999999 58.5
4491 40.00000000000001 80.00000000000001 61
4492 44.99999999999999 80.00000000000001 61.00000000000003
4493 50.00000000000001 80.00000000000001 61
4494 55 80 60.99999999999999
4495 60 80 61
4496 40 80.00000000000001 63.50000000000002
4497 45.00000000000001 80 63.5
4498 49.99999999999999 79.99999999999999 63.5
4499 55 80 63.49999999999999
4500 60 80 63.5
4501 40.00000000000001 17.5 68.00000000000003
4502 44.99999999999999 17.50000000000001 67.99999999999999
4503 50 17.5 68
4504 55 17.5 68
4505 59.99999999999999 17.5 68.00000000000001
4506 39.99999999999999 17.5 70
4507 45.00000000000001 17.50000000000001 70.00000000000003
4508 50 17.5 70
4509 54.99999999999999 17.5 70
4510 60 17.5 70
4511 40 17.5 72
4512 45 17.50000000000001 72
4513 50 17.5 72
4514 55 17.5 72
4515 60 17.5 72
4516 40 17.5 74.00000000000001
4517 45 17.50000000000001 74
4518 50 17.5 74
4519 54.99999999999999 17.5 74
4520 59.99999999999999 17.5 74
4521 40.00000000000001 50.00000000000004 68.00000000000003
4522 44.99999999999999 49.99999999999999 67.99999999999999
4523 50 50 68
4524 55 50 68
4525 59.99999999999999 50 68.00000000000001
4526 39.99999999999999 50.00000000000001 70
4527 45.00000000000001 50.00000000000001 70.00000000000003
4528 50 50 70
4529 54.99999999999999 49.99999999999999 70
4530 60 50 70
4531 40 50.00000000000002 72
4532 45 50.00000000000001 72
4533 50 50 72
4534 55 50 72
4535 60 50 72
4536 40 50.00000000000004 74.00000000000001
4537 45 49.99999999999999 74
4538 50 50 74
4539 54.99999999999999 50 74
4540 59.99999999999999 49.99999999999999 74
4541 40.00000000000001 79.99999999999997 68.00000000000003
4542 44.99999999999999 80.00000000000001 67.99999999999999
4543 50 80 68
4544 55 79.99999999999999 68
4545 59.99999999999999 80 68.00000000000001
4546 39.99999999999999 80.00000000000003 70
4547 45.00000000000001 80 70.00000000000003
4548 50 80 70
4549 54.99999999999999 80 70
4550 60 80 70
4551 40 80.00000000000003 72
4552 45 80 72
4553 50 80 72
4554 55 80.00000000000001 72
4555 60 80 72
4556 40 79.99999999999999 74.00000000000001
4557 45 80.00000000000001 74
4558 50 80 74
4559 54.99999999999999 80 74
4560 59.99999999999999 80 74
4561 39.99999999999999 50.00000000000004 78
4562 45.00000000000001 50.00000000000001 78
4563 50 50 78
4564 55 50 78
4565 60.00000000000001 50 78
4566 40 50.00000000000004 80
4567 44.99999999999999 50.00000000000001 79.99999999999999
4568 50 50 80
4569 55 50 80
4570 59.99999999999999 50 80
4571 39.99999999999999 50.00000000000001 81.99999999999997
4572 45.00000000000001 50.00000000000001 82.00000000000003
4573 50 50 82
4574 55 50 82
4575 60 50 82
4576 40.00000000000001 50.00000000000004 84
4577 45.00000000000001 49.99999999999999 84
4578 50 50 84
4579 55 50 84.00000000000001
4580 60 50.00000000000001 83.99999999999999
4581 39.99999999999999 50.00000000000001 86
4582 45 50 86
4583 50 50 86
4584 55 50 85.99999999999999
4585 59.99999999999999 49.99999999999999 86
4586 40.00000000000001 50.00000000000004 88.00000000000001
4587 44.99999999999999 49.99999999999999 87.99999999999997
4588 50 50 88
4589 55 50 88
4590 60 50 88
4591 40.00000000000001 50.00000000000001 90
4592 45 50 90
4593 50.00000000000001 50.00000000000001 90
4594 54.99999999999999 50.00000000000001 90
4595 60 50 90
4596 40 50.00000000000003 91.99999999999999
4597 45.00000000000001 50 92.00000000000003
4598 49.99999999999999 49.99999999999999 91.99999999999999
4599 54.99999999999999 50 92
4600 60 50.00000000000001 92
4601 40 50.00000000000002 94.00000000000004
4602 45.00000000000001 50.00000000000001 94
4603 50 50 94
4604 55 50 94
4605 60 50 94
4606 40.00000000000001 50.00000000000004 96
4607 44.99999999999999 50 96.00000000000001
4608 50.00000000000001 50.00000000000001 96.00000000000001
4609 55 50 95.99999999999999
4610 60 50 96
4611 40 50.00000000000004 97.99999999999997
4612 45.00000000000001 50 98.00000000000004
4613 49.99999999999999 49.99999999999999 97.99999999999999
4614 55 50 98.00000000000001
4615 60 49.99999999999999 97.99999999999999
4616 39.99999999999999 80.00000000000003 78
4617 45.00000000000001 80 78
4618 50 80 78
4619 55 80 78
4620 60.00000000000001 80 78
4621 40 79.99999999999997 80
4622 44.99999999999999 79.99999999999999 79.99999999999999
4623 50 80 80
4624 55 80.00000000000001 80
4625 59.99999999999999 80 80
4626 39.99999999999999 80.00000000000003 81.99999999999997
4627 45.00000000000001 79.99999999999999 82.00000000000003
4628 50 80 82
4629 55 80 82
4630 60 80 82
4631 40.00000000000001 80.00000000000003 84
4632 45.00000000000001 80 84
4633 50 80 84
4634 55 80 84.00000000000001
4635 60 80.00000000000001 83.99999999999999
4636 39.99999999999999 80.00000000000001 86
4637 45 80 86
4638 50 80 86
4639 55 80 85.99999999999999
4640 59.99999999999999 79.99999999999999 86
4641 40.00000000000001 79.99999999999999 88.00000000000001
4642 44.99999999999999 80.00000000000001 87.99999999999997
4643 50 80 88
4644 55 79.99999999999999 88
4645 60 80.00000000000001 88
4646 40.00000000000001 80.00000000000003 90
4647 45 80 90
4648 50.00000000000001 80 90
4649 54.99999999999999 80.00000000000001 90
4650 60 80 90
4651 40 80.00000000000001 91.99999999999999
4652 45.00000000000001 80.00000000000003 92.00000000000003
4653 49.99999999999999 80 91.99999999999999
4654 54.99999999999999 80 92
4655 60 80 92
4656 40 80.00000000000003 94.00000000000004
4657 45.00000000000001 80.00000000000001 94
4658 50 80 94
4659 55 80.00000000000001 94
4660 60 79.99999999999999 94
4661 40.00000000000001 80.00000000000001 96
4662 44.99999999999999 80.00000000000001 96.00000000000001
4663 50.00000000000001 80.00000000000001 96.00000000000001
4664 55 80 95.99999999999999
4665 60 80 96
4666 40 80.00000000000001 97.99999999999997
4667 45.00000000000001 80 98.00000000000004
4668 49.99999999999999 79.99999999999999 97.99999999999999
4669 55 80 98.00000000000001
4670 60 80 97.99999999999999
$EndNodes
$Elements
12582
1 15 2 0 1 1
2 15 2 0 2 2
3 15 2 0 3 3
4 15 2 0 4 4
5 15 2 0 5 5
6 15 2 0 6 6
7 15 2 0 7 7
8 15 2 0 8 8
9 15 2 0 9 9
10 15 2 0 10 10
11 15 2 0 11 11
12 15 2 0 12 12
13 15 2 0 13 13
14 15 2 0 14 14
15 15 2 0 15 15
16 15 2 0 16 16
17 15 2 0 17 17
18 15 2 0 18 18
19 15 2 0 19 19
20 15 2 0 20 20
21 15 2 0 21 21
22 15 2 0 22 22
23 15 2 0 23 23
24 15 2 0 24 24
25 15 2 0 25 25
26 15 2 0 26 26
27 15 2 0 27 27
28 15 2 0 28 28
29 15 2 0 29 29
30 15 2 0 30 30
31 15 2 0 31 31
32 15 2 0 32 32
33 15 2 0 33 33
34 15 2 0 34 34
35 15 2 0 35 35
36 15 2 0 36 36
37 15 2 0 37 37
38 15 2 0 38 38
39 15 2 0 39 39
40 15 2 0 40 40
41 15 2 0 41 41
42 15 2 0 42 42
43 15 2 0 43 43
44 15 2 0 44 44
45 15 2 0 45 45
46 15 2 0 46 46
47 15 2 0 47 47
48 15 2 0 48 48
49 15 2 0 49 49
50 15 2 0 50 50
51 15 2 0 51 51
52 15 2 0 52 52
53 15 2 0 53 53
54 15 2 0 54 54
55 15 2 0 55 55
56 15 2 0 56 56
57 15 2 0 57 57
58 15 2 0 58 58
59 15 2 0 59 59
60 15 2 0 60 60
61 15 2 0 61 61
62 15 2 0 62 62
63 15 2 0 63 63
64 15 2 0 64 64
65 15 2 0 65 65
66 15 2 0 66 66
67 15 2 0 67 67
68 15 2 0 68 68
69 15 2 0 69 69
70 15 2 0 70 70
71 15 2 0 71 71
72 15 2 0 72 72
73 15 2 0 73 73
74 15 2 0 74 74
75 15 2 0 75 75
76 15 2 0 76 76
77 15 2 0 77 77
78 15 2 0 78 78
79 15 2 0 79 79
80 15 2 0 80 80
81 15 2 0 81 81
82 15 2 0 82 82
83 15 2 0 83 83
84 15 2 0 84 84
85 15 2 0 85 85
86 15 2 0 86 86
87 15 2 0 87 87
88 15 2 0 88 88
89 15 2 0 89 89
90 15 2 0 90 90
91 15 2 0 91 91
92 15 2 0 92 92
93 15 2 0 93 93
94 15 2 0 94 94
95 15 2 0 95 95
96 15 2 0 96 96
97 15 2 0 97 97
98 15 2 0 98 98
99 15 2 0 99 99
100 15 2 0 100 100
101 15 2 0 101 101
102 15 2 0 102 102
103 15 2 0 103 103
104 15 2 0 104 104
105 15 2 0 105 105
106 15 2 0 106 106
107 15 2 0 107 107
108 15 2 0 108 108
109 15 2 0 109 109
110 15 2 0 110 110
111 15 2 0 111 111
112 15 2 0 112 112
113 15 2 0 113 113
114 15 2 0 114 114
115 15 2 0 115 115
116 15 2 0 116 116
117 15 2 0 117 117
118 15 2 0 118 118
119 15 2 0 119 119
120 15 2 0 120 120
121 15 2 0 121 121
122 15 2 0 122 122
123 15 2 0 123 123
124 15 2 0 124 124
125 15 2 0 125 125
126 15 2 0 126 126
127 15 2 0 127 127
128 15 2 0 128 128
129 15 2 0 129 129
130 15 2 0 130 130
131 15 2 0 131 131
132 15 2 0 132 132
133 15 2 0 133 133
134 15 2 0 134 134
135 15 2 0 135 135
136 15 2 0 136 136
137 15 2 0 137 137
138 15 2 0 138 138
139 15 2 0 139 139
140 15 2 0 140 140
141 15 2 0 141 141
142 15 2 0 142 142
143 15 2 0 143 143
144 15 2 0 144 144
145 15 2 0 145 145
146 15 2 0 146 146
147 15 2 0 147 147
148 15 2 0 148 148
149 15 2 0 149 149
150 15 2 0 150 150
151 15 2 0 151 151
152 15 2 0 152 152
153 15 2 0 153 153
154 15 2 0 154 154
155 15 2 0 155 155
156 15 2 0 156 156
157 15 2 0 157 157
158 15 2 0 158 158
159 15 2 0 159 159
160 15 2 0 160 160
161 15 2 0 161 161
162 15 2 0 162 162
163 15 2 0 163 163
164 15 2 0 164 164
165 15 2 0 165 165
166 15 2 0 166 166
167 15 2 0 167 167
168 15 2 0 168 168
169 15 2 0 169 169
170 15 2 0 170 170
171 15 2 0 171 171
172 15 2 0 172 172
173 15 2 0 173 173
174 15 2 0 174 174
175 15 2 0 175 175
176 15 2 0 176 176
177 15 2 0 177 177
178 15 2 0 178 178
179 15 2 0 179 179
180 15 2 0 180 180
181 15 2 0 181 181
182 15 2 0 182 182
183 15 2 0 183 183
184 15 2 0 184 184
185 15 2 0 185 185
186 15 2 0 186 186
187 15 2 0 187 187
188 15 2 0 188 188
189 15 2 0 189 189
190 15 2 0 190 190
191 15 2 0 191 191
192 15 2 0 192 192
193 15 2 0 193 193
194 15 2 0 194 194
195 15 2 0 195 195
196 15 2 0 196 196
197 15 2 0 197 197
198 15 2 0 198 198
199 15 2 0 199 199
200 15 2 0 200 200
201 15 2 0 201 201
202 15 2 0 202 202
203 15 2 0 203 203
204 15 2 0 204 204
205 15 2 0 205 205
206 15 2 0 206 206
207 15 2 0 207 207
208 15 2 0 208 208
209 15 2 0 209 209
210 15 2 0 210 210
211 15 2 0 211 211
212 15 2 0 212 212
213 15 2 0 213 213
214 15 2 0 214 214
215 15 2 0 215 215
216 15 2 0 216 216
217 15 2 0 217 217
218 15 2 0 218 218
219 15 2 0 219 219
220 15 2 0 220 220
221 15 2 0 221 221
222 15 2 0 222 222
223 15 2 0 223 223
224 15 2 0 224 224
225 15 2 0 225 225
226 15 2 0 226 226
227 15 2 0 227 227
228 15 2 0 228 228
229 15 2 0 229 229
230 15 2 0 230 230
231 15 2 0 231 231
232 15 2 0 232 232
233 15 2 0 233 233
234 15 2 0 234 234
235 15 2 0 235 235
236 15 2 0 236 236
237 15 2 0 237 237
238 15 2 0 238 238
239 15 2 0 239 239
240 15 2 0 240 240
241 15 2 0 241 241
242 15 2 0 242 242
243 15 2 0 243 243
244 15 2 0 244 244
245 15 2 0 245 245
246 15 2 0 246 246
247 15 2 0 247 247
248 15 2 0 248 248
249 15 2 0 249 249
250 15 2 0 250 250
251 15 2 0 251 251
252 15 2 0 252 252
253 15 2 0 253 253
254 15 2 0 254 254
255 15 2 0 255 255
256 15 2 0 256 256
257 15 2 0 257 257
258 15 2 0 258 258
259 15 2 0 259 259
260 15 2 0 260 260
261 15 2 0 261 261
262 15 2 0 262 262
263 15 2 0 263 263
264 15 2 0 264 264
265 15 2 0 265 265
266 15 2 0 266 266
267 15 2 0 267 267
268 15 2 0 268 268
269 15 2 0 269 269
270 15 2 0 270 270
271 15 2 0 271 271
272 15 2 0 272 272
273 15 2 0 273 273
274 15 2 0 274 274
275 15 2 0 275 275
276 15 2 0 276 276
277 15 2 0 277 277
278 15 2 0 278 278
279 15 2 0 279 279
280 15 2 0 280 280
281 15 2 0 281 281
282 15 2 0 282 282
283 15 2 0 283 283
284 15 2 0 284 284
285 15 2 0 285 285
286 15 2 0 286 286
287 15 2 0 287 287
288 15 2 0 288 288
289 15 2 0 289 289
290 15 2 0 290 290
291 15 2 0 291 291
292 15 2 0 292 292
293 15 2 0 293 293
294 15 2 0 294 294
295 15 2 0 295 295
296 15 2 0 296 296
297 15 2 0 297 297
298 15 2 0 298 298
299 15 2 0 299 299
300 15 2 0 300 300
301 15 2 0 301 301
302 15 2 0 302 302
303 15 2 0 303 303
304 15 2 0 304 304
305 15 2 0 305 305
306 15 2 0 306 306
307 15 2 0 307 307
308 15 2 0 308 308
309 15 2 0 309 309
310 15 2 0 310 310
311 15 2 0 311 311
312 15 2 0 312 312
313 15 2 0 313 313
314 15 2 0 314 314
315 15 2 0 315 315
316 15 2 0 316 316
317 15 2 0 317 317
318 15 2 0 318 318
319 15 2 0 319 319
320 15 2 0 320 320
321 15 2 0 321 321
322 15 2 0 322 322
323 15 2 0 323 323
324 15 2 0 324 324
325 15 2 0 325 325
326 15 2 0 326 326
327 15 2 0 327 327
328 15 2 0 328 328
329 15 2 0 329 329
330 15 2 0 330 330
331 15 2 0 331 331
332 15 2 0 332 332
333 15 2 0 333 333
334 15 2 0 334 334
335 15 2 0 335 335
336 15 2 0 336 336
337 15 2 0 337 337
338 15 2 0 338 338
339 15 2 0 339 339
340 15 2 0 340 340
341 15 2 0 341 341
342 15 2 0 342 342
343 15 2 0 343 343
344 15 2 0 344 344
345 15 2 0 345 345
346 15 2 0 346 346
347 15 2 0 347 347
348 15 2 0 348 348
349 15 2 0 349 349
350 15 2 0 350 350
351 15 2 0 351 351
352 15 2 0 352 352
353 15 2 0 353 353
354 15 2 0 354 354
355 15 2 0 355 355
356 15 2 0 356 356
357 15 2 0 357 357
358 15 2 0 358 358
359 15 2 0 359 359
360 15 2 0 360 360
361 1 2 0 1 1 361
362 1 2 0 1 361 362
363 1 2 0 1 362 363
364 1 2 0 1 363 364
365 1 2 0 1 364 365
366 1 2 0 1 365 366
367 1 2 0 1 366 367
368 1 2 0 1 367 368
369 1 2 0 1 368 369
370 1 2 0 1 369 370
371 1 2 0 1 370 371
372 1 2 0 1 371 2
373 1 2 0 2 2 372
374 1 2 0 2 372 3
375 1 2 0 3 4 373
376 1 2 0 3 373 374
377 1 2 0 3 374 375
378 1 2 0 3 375 376
379 1 2 0 3 376 377
380 1 2 0 3 377 378
381 1 2 0 3 378 379
382 1 2 0 3 379 380
383 1 2 0 3 380 381
384 1 2 0 3 381 382
385 1 2 0 3 382 383
386 1 2 0 3 383 3
387 1 2 0 4 1 384
388 1 2 0 4 384 4
389 1 2 0 5 5 385
390 1 2 0 5 385 386
391 1 2 0 5 386 387
392 1 2 0 5 387 388
393 1 2 0 5 388 389
394 1 2 0 5 389 390
395 1 2 0 5 390 391
396 1 2 0 5 391 392
397 1 2 0 5 392 393
398 1 2 0 5 393 394
399 1 2 0 5 394 395
400 1 2 0 5 395 6
401 1 2 0 6 6 396
402 1 2 0 6 396 7
403 1 2 0 7 8 397
404 1 2 0 7 397 398
405 1 2 0 7 398 399
406 1 2 0 7 399 400
407 1 2 0 7 400 401
408 1 2 0 7 401 402
409 1 2 0 7 402 403
410 1 2 0 7 403 404
411 1 2 0 7 404 405
412 1 2 0 7 405 406
413 1 2 0 7 406 407
414 1 2 0 7 407 7
415 1 2 0 8 5 408
416 1 2 0 8 408 8
417 1 2 0 9 1 5
418 1 2 0 10 2 6
419 1 2 0 11 4 8
420 1 2 0 12 3 7
421 1 2 0 13 9 409
422 1 2 0 13 409 410
423 1 2 0 13 410 411
424 1 2 0 13 411 412
425 1 2 0 13 412 413
426 1 2 0 13 413 414
427 1 2 0 13 414 415
428 1 2 0 13 415 416
429 1 2 0 13 416 417
430 1 2 0 13 417 418
431 1 2 0 13 418 419
432 1 2 0 13 419 10
433 1 2 0 14 10 420
434 1 2 0 14 420 11
435 1 2 0 15 12 421
436 1 2 0 15 421 422
437 1 2 0 15 422 423
438 1 2 0 15 423 424
439 1 2 0 15 424 425
440 1 2 0 15 425 426
441 1 2 0 15 426 427
442 1 2 0 15 427 428
443 1 2 0 15 428 429
444 1 2 0 15 429 430
445 1 2 0 15 430 431
446 1 2 0 15 431 11
447 1 2 0 16 9 432
448 1 2 0 16 432 12
449 1 2 0 17 5 9
450 1 2 0 18 6 10
451 1 2 0 19 8 12
452 1 2 0 20 7 11
453 1 2 0 21 13 433
454 1 2 0 21 433 434
455 1 2 0 21 434 435
456 1 2 0 21 435 436
457 1 2 0 21 436 437
458 1 2 0 21 437 438
459 1 2 0 21 438 439
460 1 2 0 21 439 440
461 1 2 0 21 440 441
462 1 2 0 21 441 442
463 1 2 0 21 442 443
464 1 2 0 21 443 14
465 1 2 0 22 14 444
466 1 2 0 22 444 15
467 1 2 0 23 16 445
468 1 2 0 23 445 446
469 1 2 0 23 446 447
470 1 2 0 23 447 448
471 1 2 0 23 448 449
472 1 2 0 23 449 450
473 1 2 0 23 450 451
474 1 2 0 23 451 452
475 1 2 0 23 452 453
476 1 2 0 23 453 454
477 1 2 0 23 454 455
478 1 2 0 23 455 15
479 1 2 0 24 13 456
480 1 2 0 24 456 16
481 1 2 0 25 9 13
482 1 2 0 26 10 14
483 1 2 0 27 12 16
484 1 2 0 28 11 15
485 1 2 0 29 17 457
486 1 2 0 29 457 458
487 1 2 0 29 458 459
488 1 2 0 29 459 460
489 1 2 0 29 460 461
490 1 2 0 29 461 462
491 1 2 0 29 462 463
492 1 2 0 29 463 464
493 1 2 0 29 464 465
494 1 2 0 29 465 466
495 1 2 0 29 466 467
496 1 2 0 29 467 18
497 1 2 0 30 18 468
498 1 2 0 30 468 19
499 1 2 0 31 20 469
500 1 2 0 31 469 470
501 1 2 0 31 470 471
502 1 2 0 31 471 472
503 1 2 0 31 472 473
504 1 2 0 31 473 474
505 1 2 0 31 474 475
506 1 2 0 31 475 476
507 1 2 0 31 476 477
508 1 2 0 31 477 478
509 1 2 0 31 478 479
510 1 2 0 31 479 19
511 1 2 0 32 17 480
512 1 2 0 32 480 20
513 1 2 0 33 13 17
514 1 2 0 34 14 18
515 1 2 0 35 16 20
516 1 2 0 36 15 19
517 1 2 0 37 21 481
518 1 2 0 37 481 482
519 1 2 0 37 482 483
520 1 2 0 37 483 484
521 1 2 0 37 484 485
522 1 2 0 37 485 486
523 1 2 0 37 486 487
524 1 2 0 37 487 488
525 1 2 0 37 488 489
526 1 2 0 37 489 490
527 1 2 0 37 490 491
528 1 2 0 37 491 22
529 1 2 0 38 22 492
530 1 2 0 38 492 23
531 1 2 0 39 24 493
532 1 2 0 39 493 494
533 1 2 0 39 494 495
534 1 2 0 39 495 496
535 1 2 0 39 496 497
536 1 2 0 39 497 498
537 1 2 0 39 498 499
538 1 2 0 39 499 500
539 1 2 0 39 500 501
540 1 2 0 39 501 502
541 1 2 0 39 502 503
542 1 2 0 39 503 23
543 1 2 0 40 21 504
544 1 2 0 40 504 24
545 1 2 0 41 17 505
546 1 2 0 41 505 506
547 1 2 0 41 506 507
548 1 2 0 41 507 508
549 1 2 0 41 508 509
550 1 2 0 41 509 21
551 1 2 0 42 18 510
552 1 2 0 42 510 511
553 1 2 0 42 511 512
554 1 2 0 42 512 513
555 1 2 0 42 513 514
556 1 2 0 42 514 22
557 1 2 0 43 20 515
558 1 2 0 43 515 516
559 1 2 0 43 516 517
560 1 2 0 43 517 518
561 1 2 0 43 518 519
562 1 2 0 43 519 24
563 1 2 0 44 19 520
564 1 2 0 44 520 521
565 1 2 0 44 521 522
566 1 2 0 44 522 523
567 1 2 0 44 523 524
568 1 2 0 44 524 23
569 1 2 0 45 3 525
570 1 2 0 45 525 25
571 1 2 0 46 26 526
572 1 2 0 46 526 527
573 1 2 0 46 527 528
574 1 2 0 46 528 529
575 1 2 0 46 529 530
576 1 2 0 46 530 531
577 1 2 0 46 531 532
578 1 2 0 46 532 533
579 1 2 0 46 533 534
580 1 2 0 46 534 535
581 1 2 0 46 535 536
582 1 2 0 46 536 25
583 1 2 0 47 4 537
584 1 2 0 47 537 26
585 1 2 0 48 7 538
586 1 2 0 48 538 27
587 1 2 0 49 28 539
588 1 2 0 49 539 540
589 1 2 0 49 540 541
590 1 2 0 49 541 542
591 1 2 0 49 542 543
592 1 2 0 49 543 544
593 1 2 0 49 544 545
594 1 2 0 49 545 546
595 1 2 0 49 546 547
596 1 2 0 49 547 548
597 1 2 0 49 548 549
598 1 2 0 49 549 27
599 1 2 0 50 8 550
600 1 2 0 50 550 28
601 1 2 0 51 26 28
602 1 2 0 52 25 27
603 1 2 0 53 11 551
604 1 2 0 53 551 29
605 1 2 0 54 30 552
606 1 2 0 54 552 553
607 1 2 0 54 553 554
608 1 2 0 54 554 555
609 1 2 0 54 555 556
610 1 2 0 54 556 557
611 1 2 0 54 557 558
612 1 2 0 54 558 559
613 1 2 0 54 559 560
614 1 2 0 54 560 561
615 1 2 0 54 561 562
616 1 2 0 54 562 29
617 1 2 0 55 12 563
618 1 2 0 55 563 30
619 1 2 0 56 28 30
620 1 2 0 57 27 29
621 1 2 0 58 15 564
622 1 2 0 58 564 31
623 1 2 0 59 32 565
624 1 2 0 59 565 566
625 1 2 0 59 566 567
626 1 2 0 59 567 568
627 1 2 0 59 568 569
628 1 2 0 59 569 570
629 1 2 0 59 570 571
630 1 2 0 59 571 572
631 1 2 0 59 572 573
632 1 2 0 59 573 574
633 1 2 0 59 574 575
634 1 2 0 59 575 31
635 1 2 0 60 16 576
636 1 2 0 60 576 32
637 1 2 0 61 30 32
638 1 2 0 62 29 31
639 1 2 0 63 19 577
640 1 2 0 63 577 33
641 1 2 0 64 34 578
642 1 2 0 64 578 579
643 1 2 0 64 579 580
644 1 2 0 64 580 581
645 1 2 0 64 581 582
646 1 2 0 64 582 583
647 1 2 0 64 583 584
648 1 2 0 64 584 585
649 1 2 0 64 585 586
650 1 2 0 64 586 587
651 1 2 0 64 587 588
652 1 2 0 64 588 33
653 1 2 0 65 20 589
654 1 2 0 65 589 34
655 1 2 0 66 32 34
656 1 2 0 67 31 33
657 1 2 0 68 23 590
658 1 2 0 68 590 35
659 1 2 0 69 36 591
660 1 2 0 69 591 592
661 1 2 0 69 592 593
662 1 2 0 69 593 594
663 1 2 0 69 594 595
664 1 2 0 69 595 596
665 1 2 0 69 596 597
666 1 2 0 69 597 598
667 1 2 0 69 598 599
668 1 2 0 69 599 600
669 1 2 0 69 600 601
670 1 2 0 69 601 35
671 1 2 0 70 24 602
672 1 2 0 70 602 36
673 1 2 0 71 34 603
674 1 2 0 71 603 604
675 1 2 0 71 604 605
676 1 2 0 71 605 606
677 1 2 0 71 606 607
678 1 2 0 71 607 36
679 1 2 0 72 33 608
680 1 2 0 72 608 609
681 1 2 0 72 609 610
682 1 2 0 72 610 611
683 1 2 0 72 611 612
684 1 2 0 72 612 35
685 1 2 0 73 25 613
686 1 2 0 73 613 37
687 1 2 0 74 38 614
688 1 2 0 74 614 615
689 1 2 0 74 615 616
690 1 2 0 74 616 617
691 1 2 0 74 617 618
692 1 2 0 74 618 619
693 1 2 0 74 619 620
694 1 2 0 74 620 621
695 1 2 0 74 621 622
696 1 2 0 74 622 623
697 1 2 0 74 623 624
698 1 2 0 74 624 37
699 1 2 0 75 26 625
700 1 2 0 75 625 38
701 1 2 0 76 27 626
702 1 2 0 76 626 39
703 1 2 0 77 40 627
704 1 2 0 77 627 628
705 1 2 0 77 628 629
706 1 2 0 77 629 630
707 1 2 0 77 630 631
708 1 2 0 77 631 632
709 1 2 0 77 632 633
710 1 2 0 77 633 634
711 1 2 0 77 634 635
712 1 2 0 77 635 636
713 1 2 0 77 636 637
714 1 2 0 77 637 39
715 1 2 0 78 28 638
716 1 2 0 78 638 40
717 1 2 0 79 38 40
718 1 2 0 80 37 39
719 1 2 0 81 29 639
720 1 2 0 81 639 41
721 1 2 0 82 42 640
722 1 2 0 82 640 641
723 1 2 0 82 641 642
724 1 2 0 82 642 643
725 1 2 0 82 643 644
726 1 2 0 82 644 645
727 1 2 0 82 645 646
728 1 2 0 82 646 647
729 1 2 0 82 647 648
730 1 2 0 82 648 649
731 1 2 0 82 649 650
732 1 2 0 82 650 41
733 1 2 0 83 30 651
734 1 2 0 83 651 42
735 1 2 0 84 40 42
736 1 2 0 85 39 41
737 1 2 0 86 31 652
738 1 2 0 86 652 43
739 1 2 0 87 44 653
740 1 2 0 87 653 654
741 1 2 0 87 654 655
742 1 2 0 87 655 656
743 1 2 0 87 656 657
744 1 2 0 87 657 658
745 1 2 0 87 658 659
746 1 2 0 87 659 660
747 1 2 0 87 660 661
748 1 2 0 87 661 662
749 1 2 0 87 662 663
750 1 2 0 87 663 43
751 1 2 0 88 32 664
752 1 2 0 88 664 44
753 1 2 0 89 42 44
754 1 2 0 90 41 43
755 1 2 0 91 33 665
756 1 2 0 91 665 45
757 1 2 0 92 46 666
758 1 2 0 92 666 667
759 1 2 0 92 667 668
760 1 2 0 92 668 669
761 1 2 0 92 669 670
762 1 2 0 92 670 671
763 1 2 0 92 671 672
764 1 2 0 92 672 673
765 1 2 0 92 673 674
766 1 2 0 92 674 675
767 1 2 0 92 675 676
768 1 2 0 92 676 45
769 1 2 0 93 34 677
770 1 2 0 93 677 46
771 1 2 0 94 44 46
772 1 2 0 95 43 45
773 1 2 0 96 35 678
774 1 2 0 96 678 47
775 1 2 0 97 48 679
776 1 2 0 97 679 680
777 1 2 0 97 680 681
778 1 2 0 97 681 682
779 1 2 0 97 682 683
780 1 2 0 97 683 684
781 1 2 0 97 684 685
782 1 2 0 97 685 686
783 1 2 0 97 686 687
784 1 2 0 97 687 688
785 1 2 0 97 688 689
786 1 2 0 97 689 47
787 1 2 0 98 36 690
788 1 2 0 98 690 48
789 1 2 0 99 46 691
790 1 2 0 99 691 692
791 1 2 0 99 692 693
792 1 2 0 99 693 694
793 1 2 0 99 694 695
794 1 2 0 99 695 48
795 1 2 0 100 45 696
796 1 2 0 100 696 697
797 1 2 0 100 697 698
798 1 2 0 100 698 699
799 1 2 0 100 699 700
800 1 2 0 100 700 47
801 1 2 0 101 2 701
802 1 2 0 101 701 702
803 1 2 0 101 702 703
804 1 2 0 101 703 704
805 1 2 0 101 704 705
806 1 2 0 101 705 706
807 1 2 0 101 706 707
808 1 2 0 101 707 708
809 1 2 0 101 708 709
810 1 2 0 101 709 710
811 1 2 0 101 710 711
812 1 2 0 101 711 49
813 1 2 0 102 49 712
814 1 2 0 102 712 50
815 1 2 0 103 3 713
816 1 2 0 103 713 714
817 1 2 0 103 714 715
818 1 2 0 103 715 716
819 1 2 0 103 716 717
820 1 2 0 103 717 718
821 1 2 0 103 718 719
822 1 2 0 103 719 720
823 1 2 0 103 720 721
824 1 2 0 103 721 722
825 1 2 0 103 722 723
826 1 2 0 103 723 50
827 1 2 0 104 6 724
828 1 2 0 104 724 725
829 1 2 0 104 725 726
830 1 2 0 104 726 727
831 1 2 0 104 727 728
832 1 2 0 104 728 729
833 1 2 0 104 729 730
834 1 2 0 104 730 731
835 1 2 0 104 731 732
836 1 2 0 104 732 733
837 1 2 0 104 733 734
838 1 2 0 104 734 51
839 1 2 0 105 51 735
840 1 2 0 105 735 52
841 1 2 0 106 7 736
842 1 2 0 106 736 737
843 1 2 0 106 737 738
844 1 2 0 106 738 739
845 1 2 0 106 739 740
846 1 2 0 106 740 741
847 1 2 0 106 741 742
848 1 2 0 106 742 743
849 1 2 0 106 743 744
850 1 2 0 106 744 745
851 1 2 0 106 745 746
852 1 2 0 106 746 52
853 1 2 0 107 49 51
854 1 2 0 108 50 52
855 1 2 0 109 10 747
856 1 2 0 109 747 748
857 1 2 0 109 748 749
858 1 2 0 109 749 750
859 1 2 0 109 750 751
860 1 2 0 109 751 752
861 1 2 0 109 752 753
862 1 2 0 109 753 754
863 1 2 0 109 754 755
864 1 2 0 109 755 756
865 1 2 0 109 756 757
866 1 2 0 109 757 53
867 1 2 0 110 53 758
868 1 2 0 110 758 54
869 1 2 0 111 11 759
870 1 2 0 111 759 760
871 1 2 0 111 760 761
872 1 2 0 111 761 762
873 1 2 0 111 762 763
874 1 2 0 111 763 764
875 1 2 0 111 764 765
876 1 2 0 111 765 766
877 1 2 0 111 766 767
878 1 2 0 111 767 768
879 1 2 0 111 768 769
880 1 2 0 111 769 54
881 1 2 0 112 51 53
882 1 2 0 113 52 54
883 1 2 0 114 14 770
884 1 2 0 114 770 771
885 1 2 0 114 771 772
886 1 2 0 114 772 773
887 1 2 0 114 773 774
888 1 2 0 114 774 775
889 1 2 0 114 775 776
890 1 2 0 114 776 777
891 1 2 0 114 777 778
892 1 2 0 114 778 779
893 1 2 0 114 779 780
894 1 2 0 114 780 55
895 1 2 0 115 55 781
896 1 2 0 115 781 56
897 1 2 0 116 15 782
898 1 2 0 116 782 783
899 1 2 0 116 783 784
900 1 2 0 116 784 785
901 1 2 0 116 785 786
902 1 2 0 116 786 787
903 1 2 0 116 787 788
904 1 2 0 116 788 789
905 1 2 0 116 789 790
906 1 2 0 116 790 791
907 1 2 0 116 791 792
908 1 2 0 116 792 56
909 1 2 0 117 53 55
910 1 2 0 118 54 56
911 1 2 0 119 18 793
912 1 2 0 119 793 794
913 1 2 0 119 794 795
914 1 2 0 119 795 796
915 1 2 0 119 796 797
916 1 2 0 119 797 798
917 1 2 0 119 798 799
918 1 2 0 119 799 800
919 1 2 0 119 800 801
920 1 2 0 119 801 802
921 1 2 0 119 802 803
922 1 2 0 119 803 57
923 1 2 0 120 57 804
924 1 2 0 120 804 58
925 1 2 0 121 19 805
926 1 2 0 121 805 806
927 1 2 0 121 806 807
928 1 2 0 121 807 808
929 1 2 0 121 808 809
930 1 2 0 121 809 810
931 1 2 0 121 810 811
932 1 2 0 121 811 812
933 1 2 0 121 812 813
934 1 2 0 121 813 814
935 1 2 0 121 814 815
936 1 2 0 121 815 58
937 1 2 0 122 55 57
938 1 2 0 123 56 58
939 1 2 0 124 22 816
940 1 2 0 124 816 817
941 1 2 0 124 817 818
942 1 2 0 124 818 819
943 1 2 0 124 819 820
944 1 2 0 124 820 821
945 1 2 0 124 821 822
946 1 2 0 124 822 823
947 1 2 0 124 823 824
948 1 2 0 124 824 825
949 1 2 0 124 825 826
950 1 2 0 124 826 59
951 1 2 0 125 59 827
952 1 2 0 125 827 60
953 1 2 0 126 23 828
954 1 2 0 126 828 829
955 1 2 0 126 829 830
956 1 2 0 126 830 831
957 1 2 0 126 831 832
958 1 2 0 126 832 833
959 1 2 0 126 833 834
960 1 2 0 126 834 835
961 1 2 0 126 835 836
962 1 2 0 126 836 837
963 1 2 0 126 837 838
964 1 2 0 126 838 60
965 1 2 0 127 57 839
966 1 2 0 127 839 840
967 1 2 0 127 840 841
968 1 2 0 127 841 842
969 1 2 0 127 842 843
970 1 2 0 127 843 59
971 1 2 0 128 58 844
972 1 2 0 128 844 845
973 1 2 0 128 845 846
974 1 2 0 128 846 847
975 1 2 0 128 847 848
976 1 2 0 128 848 60
977 1 2 0 129 50 849
978 1 2 0 129 849 61
979 1 2 0 130 25 850
980 1 2 0 130 850 851
981 1 2 0 130 851 852
982 1 2 0 130 852 853
983 1 2 0 130 853 854
984 1 2 0 130 854 855
985 1 2 0 130 855 856
986 1 2 0 130 856 857
987 1 2 0 130 857 858
988 1 2 0 130 858 859
989 1 2 0 130 859 860
990 1 2 0 130 860 61
991 1 2 0 131 52 861
992 1 2 0 131 861 62
993 1 2 0 132 27 862
994 1 2 0 132 862 863
995 1 2 0 132 863 864
996 1 2 0 132 864 865
997 1 2 0 132 865 866
998 1 2 0 132 866 867
999 1 2 0 132 867 868
1000 1 2 0 132 868 869
1001 1 2 0 132 869 870
1002 1 2 0 132 870 871
1003 1 2 0 132 871 872
1004 1 2 0 132 872 62
1005 1 2 0 133 61 62
1006 1 2 0 134 54 873
1007 1 2 0 134 873 63
1008 1 2 0 135 29 874
1009 1 2 0 135 874 875
1010 1 2 0 135 875 876
1011 1 2 0 135 876 877
1012 1 2 0 135 877 878
1013 1 2 0 135 878 879
1014 1 2 0 135 879 880
1015 1 2 0 135 880 881
1016 1 2 0 135 881 882
1017 1 2 0 135 882 883
1018 1 2 0 135 883 884
1019 1 2 0 135 884 63
1020 1 2 0 136 62 63
1021 1 2 0 137 56 885
1022 1 2 0 137 885 64
1023 1 2 0 138 31 886
1024 1 2 0 138 886 887
1025 1 2 0 138 887 888
1026 1 2 0 138 888 889
1027 1 2 0 138 889 890
1028 1 2 0 138 890 891
1029 1 2 0 138 891 892
1030 1 2 0 138 892 893
1031 1 2 0 138 893 894
1032 1 2 0 138 894 895
1033 1 2 0 138 895 896
1034 1 2 0 138 896 64
1035 1 2 0 139 63 64
1036 1 2 0 140 58 897
1037 1 2 0 140 897 65
1038 1 2 0 141 33 898
1039 1 2 0 141 898 899
1040 1 2 0 141 899 900
1041 1 2 0 141 900 901
1042 1 2 0 141 901 902
1043 1 2 0 141 902 903
1044 1 2 0 141 903 904
1045 1 2 0 141 904 905
1046 1 2 0 141 905 906
1047 1 2 0 141 906 907
1048 1 2 0 141 907 908
1049 1 2 0 141 908 65
1050 1 2 0 142 64 65
1051 1 2 0 143 60 909
1052 1 2 0 143 909 66
1053 1 2 0 144 35 910
1054 1 2 0 144 910 911
1055 1 2 0 144 911 912
1056 1 2 0 144 912 913
1057 1 2 0 144 913 914
1058 1 2 0 144 914 915
1059 1 2 0 144 915 916
1060 1 2 0 144 916 917
1061 1 2 0 144 917 918
1062 1 2 0 144 918 919
1063 1 2 0 144 919 920
1064 1 2 0 144 920 66
1065 1 2 0 145 65 921
1066 1 2 0 145 921 922
1067 1 2 0 145 922 923
1068 1 2 0 145 923 924
1069 1 2 0 145 924 925
1070 1 2 0 145 925 66
1071 1 2 0 146 61 926
1072 1 2 0 146 926 67
1073 1 2 0 147 37 927
1074 1 2 0 147 927 928
1075 1 2 0 147 928 929
1076 1 2 0 147 929 930
1077 1 2 0 147 930 931
1078 1 2 0 147 931 932
1079 1 2 0 147 932 933
1080 1 2 0 147 933 934
1081 1 2 0 147 934 935
1082 1 2 0 147 935 936
1083 1 2 0 147 936 937
1084 1 2 0 147 937 67
1085 1 2 0 148 62 938
1086 1 2 0 148 938 68
1087 1 2 0 149 39 939
1088 1 2 0 149 939 940
1089 1 2 0 149 940 941
1090 1 2 0 149 941 942
1091 1 2 0 149 942 943
1092 1 2 0 149 943 944
1093 1 2 0 149 944 945
1094 1 2 0 149 945 946
1095 1 2 0 149 946 947
1096 1 2 0 149 947 948
1097 1 2 0 149 948 949
1098 1 2 0 149 949 68
1099 1 2 0 150 67 68
1100 1 2 0 151 63 950
1101 1 2 0 151 950 69
1102 1 2 0 152 41 951
1103 1 2 0 152 951 952
1104 1 2 0 152 952 953
1105 1 2 0 152 953 954
1106 1 2 0 152 954 955
1107 1 2 0 152 955 956
1108 1 2 0 152 956 957
1109 1 2 0 152 957 958
1110 1 2 0 152 958 959
1111 1 2 0 152 959 960
1112 1 2 0 152 960 961
1113 1 2 0 152 961 69
1114 1 2 0 153 68 69
1115 1 2 0 154 64 962
1116 1 2 0 154 962 70
1117 1 2 0 155 43 963
1118 1 2 0 155 963 964
1119 1 2 0 155 964 965
1120 1 2 0 155 965 966
1121 1 2 0 155 966 967
1122 1 2 0 155 967 968
1123 1 2 0 155 968 969
1124 1 2 0 155 969 970
1125 1 2 0 155 970 971
1126 1 2 0 155 971 972
1127 1 2 0 155 972 973
1128 1 2 0 155 973 70
1129 1 2 0 156 69 70
1130 1 2 0 157 65 974
1131 1 2 0 157 974 71
1132 1 2 0 158 45 975
1133 1 2 0 158 975 976
1134 1 2 0 158 976 977
1135 1 2 0 158 977 978
1136 1 2 0 158 978 979
1137 1 2 0 158 979 980
1138 1 2 0 158 980 981
1139 1 2 0 158 981 982
1140 1 2 0 158 982 983
1141 1 2 0 158 983 984
1142 1 2 0 158 984 985
1143 1 2 0 158 985 71
1144 1 2 0 159 70 71
1145 1 2 0 160 66 986
1146 1 2 0 160 986 72
1147 1 2 0 161 47 987
1148 1 2 0 161 987 988
1149 1 2 0 161 988 989
1150 1 2 0 161 989 990
1151 1 2 0 161 990 991
1152 1 2 0 161 991 992
1153 1 2 0 161 992 993
1154 1 2 0 161 993 994
1155 1 2 0 161 994 995
1156 1 2 0 161 995 996
1157 1 2 0 161 996 997
1158 1 2 0 161 997 72
1159 1 2 0 162 71 998
1160 1 2 0 162 998 999
1161 1 2 0 162 999 1000
1162 1 2 0 162 1000 1001
1163 1 2 0 162 1001 1002
1164 1 2 0 162 1002 72
1165 1 2 0 163 49 1003
1166 1 2 0 163 1003 1004
1167 1 2 0 163 1004 1005
1168 1 2 0 163 1005 1006
1169 1 2 0 163 1006 73
1170 1 2 0 164 73 1007
1171 1 2 0 164 1007 74
1172 1 2 0 165 50 1008
1173 1 2 0 165 1008 1009
1174 1 2 0 165 1009 1010
1175 1 2 0 165 1010 1011
1176 1 2 0 165 1011 74
1177 1 2 0 166 51 1012
1178 1 2 0 166 1012 1013
1179 1 2 0 166 1013 1014
1180 1 2 0 166 1014 1015
1181 1 2 0 166 1015 75
1182 1 2 0 167 75 1016
1183 1 2 0 167 1016 76
1184 1 2 0 168 52 1017
1185 1 2 0 168 1017 1018
1186 1 2 0 168 1018 1019
1187 1 2 0 168 1019 1020
1188 1 2 0 168 1020 76
1189 1 2 0 169 73 75
1190 1 2 0 170 74 76
1191 1 2 0 171 53 1021
1192 1 2 0 171 1021 1022
1193 1 2 0 171 1022 1023
1194 1 2 0 171 1023 1024
1195 1 2 0 171 1024 77
1196 1 2 0 172 77 1025
1197 1 2 0 172 1025 78
1198 1 2 0 173 54 1026
1199 1 2 0 173 1026 1027
1200 1 2 0 173 1027 1028
1201 1 2 0 173 1028 1029
1202 1 2 0 173 1029 78
1203 1 2 0 174 75 77
1204 1 2 0 175 76 78
1205 1 2 0 176 55 1030
1206 1 2 0 176 1030 1031
1207 1 2 0 176 1031 1032
1208 1 2 0 176 1032 1033
1209 1 2 0 176 1033 79
1210 1 2 0 177 79 1034
1211 1 2 0 177 1034 80
1212 1 2 0 178 56 1035
1213 1 2 0 178 1035 1036
1214 1 2 0 178 1036 1037
1215 1 2 0 178 1037 1038
1216 1 2 0 178 1038 80
1217 1 2 0 179 77 79
1218 1 2 0 180 78 80
1219 1 2 0 181 57 1039
1220 1 2 0 181 1039 1040
1221 1 2 0 181 1040 1041
1222 1 2 0 181 1041 1042
1223 1 2 0 181 1042 81
1224 1 2 0 182 81 1043
1225 1 2 0 182 1043 82
1226 1 2 0 183 58 1044
1227 1 2 0 183 1044 1045
1228 1 2 0 183 1045 1046
1229 1 2 0 183 1046 1047
1230 1 2 0 183 1047 82
1231 1 2 0 184 79 81
1232 1 2 0 185 80 82
1233 1 2 0 186 59 1048
1234 1 2 0 186 1048 1049
1235 1 2 0 186 1049 1050
1236 1 2 0 186 1050 1051
1237 1 2 0 186 1051 83
1238 1 2 0 187 83 1052
1239 1 2 0 187 1052 84
1240 1 2 0 188 60 1053
1241 1 2 0 188 1053 1054
1242 1 2 0 188 1054 1055
1243 1 2 0 188 1055 1056
1244 1 2 0 188 1056 84
1245 1 2 0 189 81 1057
1246 1 2 0 189 1057 1058
1247 1 2 0 189 1058 1059
1248 1 2 0 189 1059 1060
1249 1 2 0 189 1060 1061
1250 1 2 0 189 1061 83
1251 1 2 0 190 82 1062
1252 1 2 0 190 1062 1063
1253 1 2 0 190 1063 1064
1254 1 2 0 190 1064 1065
1255 1 2 0 190 1065 1066
1256 1 2 0 190 1066 84
1257 1 2 0 191 74 1067
1258 1 2 0 191 1067 85
1259 1 2 0 192 61 1068
1260 1 2 0 192 1068 1069
1261 1 2 0 192 1069 1070
1262 1 2 0 192 1070 1071
1263 1 2 0 192 1071 85
1264 1 2 0 193 76 1072
1265 1 2 0 193 1072 86
1266 1 2 0 194 62 1073
1267 1 2 0 194 1073 1074
1268 1 2 0 194 1074 1075
1269 1 2 0 194 1075 1076
1270 1 2 0 194 1076 86
1271 1 2 0 195 85 86
1272 1 2 0 196 78 1077
1273 1 2 0 196 1077 87
1274 1 2 0 197 63 1078
1275 1 2 0 197 1078 1079
1276 1 2 0 197 1079 1080
1277 1 2 0 197 1080 1081
1278 1 2 0 197 1081 87
1279 1 2 0 198 86 87
1280 1 2 0 199 80 1082
1281 1 2 0 199 1082 88
1282 1 2 0 200 64 1083
1283 1 2 0 200 1083 1084
1284 1 2 0 200 1084 1085
1285 1 2 0 200 1085 1086
1286 1 2 0 200 1086 88
1287 1 2 0 201 87 88
1288 1 2 0 202 82 1087
1289 1 2 0 202 1087 89
1290 1 2 0 203 65 1088
1291 1 2 0 203 1088 1089
1292 1 2 0 203 1089 1090
1293 1 2 0 203 1090 1091
1294 1 2 0 203 1091 89
1295 1 2 0 204 88 89
1296 1 2 0 205 84 1092
1297 1 2 0 205 1092 90
1298 1 2 0 206 66 1093
1299 1 2 0 206 1093 1094
1300 1 2 0 206 1094 1095
1301 1 2 0 206 1095 1096
1302 1 2 0 206 1096 90
1303 1 2 0 207 89 1097
1304 1 2 0 207 1097 1098
1305 1 2 0 207 1098 1099
1306 1 2 0 207 1099 1100
1307 1 2 0 207 1100 1101
1308 1 2 0 207 1101 90
1309 1 2 0 208 85 1102
1310 1 2 0 208 1102 91
1311 1 2 0 209 67 1103
1312 1 2 0 209 1103 1104
1313 1 2 0 209 1104 1105
1314 1 2 0 209 1105 1106
1315 1 2 0 209 1106 91
1316 1 2 0 210 86 1107
1317 1 2 0 210 1107 92
1318 1 2 0 211 68 1108
1319 1 2 0 211 1108 1109
1320 1 2 0 211 1109 1110
1321 1 2 0 211 1110 1111
1322 1 2 0 211 1111 92
1323 1 2 0 212 91 92
1324 1 2 0 213 87 1112
1325 1 2 0 213 1112 93
1326 1 2 0 214 69 1113
1327 1 2 0 214 1113 1114
1328 1 2 0 214 1114 1115
1329 1 2 0 214 1115 1116
1330 1 2 0 214 1116 93
1331 1 2 0 215 92 93
1332 1 2 0 216 88 1117
1333 1 2 0 216 1117 94
1334 1 2 0 217 70 1118
1335 1 2 0 217 1118 1119
1336 1 2 0 217 1119 1120
1337 1 2 0 217 1120 1121
1338 1 2 0 217 1121 94
1339 1 2 0 218 93 94
1340 1 2 0 219 89 1122
1341 1 2 0 219 1122 95
1342 1 2 0 220 71 1123
1343 1 2 0 220 1123 1124
1344 1 2 0 220 1124 1125
1345 1 2 0 220 1125 1126
1346 1 2 0 220 1126 95
1347 1 2 0 221 94 95
1348 1 2 0 222 90 1127
1349 1 2 0 222 1127 96
1350 1 2 0 223 72 1128
1351 1 2 0 223 1128 1129
1352 1 2 0 223 1129 1130
1353 1 2 0 223 1130 1131
1354 1 2 0 223 1131 96
1355 1 2 0 224 95 1132
1356 1 2 0 224 1132 1133
1357 1 2 0 224 1133 1134
1358 1 2 0 224 1134 1135
1359 1 2 0 224 1135 1136
1360 1 2 0 224 1136 96
1361 1 2 0 225 73 1137
1362 1 2 0 225 1137 1138
1363 1 2 0 225 1138 1139
1364 1 2 0 225 1139 1140
1365 1 2 0 225 1140 1141
1366 1 2 0 225 1141 1142
1367 1 2 0 225 1142 1143
1368 1 2 0 225 1143 1144
1369 1 2 0 225 1144 1145
1370 1 2 0 225 1145 1146
1371 1 2 0 225 1146 1147
1372 1 2 0 225 1147 97
1373 1 2 0 226 97 1148
1374 1 2 0 226 1148 98
1375 1 2 0 227 74 1149
1376 1 2 0 227 1149 1150
1377 1 2 0 227 1150 1151
1378 1 2 0 227 1151 1152
1379 1 2 0 227 1152 1153
1380 1 2 0 227 1153 1154
1381 1 2 0 227 1154 1155
1382 1 2 0 227 1155 1156
1383 1 2 0 227 1156 1157
1384 1 2 0 227 1157 1158
1385 1 2 0 227 1158 1159
1386 1 2 0 227 1159 98
1387 1 2 0 228 75 1160
1388 1 2 0 228 1160 1161
1389 1 2 0 228 1161 1162
1390 1 2 0 228 1162 1163
1391 1 2 0 228 1163 1164
1392 1 2 0 228 1164 1165
1393 1 2 0 228 1165 1166
1394 1 2 0 228 1166 1167
1395 1 2 0 228 1167 1168
1396 1 2 0 228 1168 1169
1397 1 2 0 228 1169 1170
1398 1 2 0 228 1170 99
1399 1 2 0 229 99 1171
1400 1 2 0 229 1171 100
1401 1 2 0 230 76 1172
1402 1 2 0 230 1172 1173
1403 1 2 0 230 1173 1174
1404 1 2 0 230 1174 1175
1405 1 2 0 230 1175 1176
1406 1 2 0 230 1176 1177
1407 1 2 0 230 1177 1178
1408 1 2 0 230 1178 1179
1409 1 2 0 230 1179 1180
1410 1 2 0 230 1180 1181
1411 1 2 0 230 1181 1182
1412 1 2 0 230 1182 100
1413 1 2 0 231 97 99
1414 1 2 0 232 98 100
1415 1 2 0 233 77 1183
1416 1 2 0 233 1183 1184
1417 1 2 0 233 1184 1185
1418 1 2 0 233 1185 1186
1419 1 2 0 233 1186 1187
1420 1 2 0 233 1187 1188
1421 1 2 0 233 1188 1189
1422 1 2 0 233 1189 1190
1423 1 2 0 233 1190 1191
1424 1 2 0 233 1191 1192
1425 1 2 0 233 1192 1193
1426 1 2 0 233 1193 101
1427 1 2 0 234 101 1194
1428 1 2 0 234 1194 102
1429 1 2 0 235 78 1195
1430 1 2 0 235 1195 1196
1431 1 2 0 235 1196 1197
1432 1 2 0 235 1197 1198
1433 1 2 0 235 1198 1199
1434 1 2 0 235 1199 1200
1435 1 2 0 235 1200 1201
1436 1 2 0 235 1201 1202
1437 1 2 0 235 1202 1203
1438 1 2 0 235 1203 1204
1439 1 2 0 235 1204 1205
1440 1 2 0 235 1205 102
1441 1 2 0 236 99 101
1442 1 2 0 237 100 102
1443 1 2 0 238 79 1206
1444 1 2 0 238 1206 1207
1445 1 2 0 238 1207 1208
1446 1 2 0 238 1208 1209
1447 1 2 0 238 1209 1210
1448 1 2 0 238 1210 1211
1449 1 2 0 238 1211 1212
1450 1 2 0 238 1212 1213
1451 1 2 0 238 1213 1214
1452 1 2 0 238 1214 1215
1453 1 2 0 238 1215 1216
1454 1 2 0 238 1216 103
1455 1 2 0 239 103 1217
1456 1 2 0 239 1217 104
1457 1 2 0 240 80 1218
1458 1 2 0 240 1218 1219
1459 1 2 0 240 1219 1220
1460 1 2 0 240 1220 1221
1461 1 2 0 240 1221 1222
1462 1 2 0 240 1222 1223
1463 1 2 0 240 1223 1224
1464 1 2 0 240 1224 1225
1465 1 2 0 240 1225 1226
1466 1 2 0 240 1226 1227
1467 1 2 0 240 1227 1228
1468 1 2 0 240 1228 104
1469 1 2 0 241 101 103
1470 1 2 0 242 102 104
1471 1 2 0 243 81 1229
1472 1 2 0 243 1229 1230
1473 1 2 0 243 1230 1231
1474 1 2 0 243 1231 1232
1475 1 2 0 243 1232 1233
1476 1 2 0 243 1233 1234
1477 1 2 0 243 1234 1235
1478 1 2 0 243 1235 1236
1479 1 2 0 243 1236 1237
1480 1 2 0 243 1237 1238
1481 1 2 0 243 1238 1239
1482 1 2 0 243 1239 105
1483 1 2 0 244 105 1240
1484 1 2 0 244 1240 106
1485 1 2 0 245 82 1241
1486 1 2 0 245 1241 1242
1487 1 2 0 245 1242 1243
1488 1 2 0 245 1243 1244
1489 1 2 0 245 1244 1245
1490 1 2 0 245 1245 1246
1491 1 2 0 245 1246 1247
1492 1 2 0 245 1247 1248
1493 1 2 0 245 1248 1249
1494 1 2 0 245 1249 1250
1495 1 2 0 245 1250 1251
1496 1 2 0 245 1251 106
1497 1 2 0 246 103 105
1498 1 2 0 247 104 106
1499 1 2 0 248 98 1252
1500 1 2 0 248 1252 107
1501 1 2 0 249 85 1253
1502 1 2 0 249 1253 1254
1503 1 2 0 249 1254 1255
1504 1 2 0 249 1255 1256
1505 1 2 0 249 1256 1257
1506 1 2 0 249 1257 1258
1507 1 2 0 249 1258 1259
1508 1 2 0 249 1259 1260
1509 1 2 0 249 1260 1261
1510 1 2 0 249 1261 1262
1511 1 2 0 249 1262 1263
1512 1 2 0 249 1263 107
1513 1 2 0 250 100 1264
1514 1 2 0 250 1264 108
1515 1 2 0 251 86 1265
1516 1 2 0 251 1265 1266
1517 1 2 0 251 1266 1267
1518 1 2 0 251 1267 1268
1519 1 2 0 251 1268 1269
1520 1 2 0 251 1269 1270
1521 1 2 0 251 1270 1271
1522 1 2 0 251 1271 1272
1523 1 2 0 251 1272 1273
1524 1 2 0 251 1273 1274
1525 1 2 0 251 1274 1275
1526 1 2 0 251 1275 108
1527 1 2 0 252 107 108
1528 1 2 0 253 102 1276
1529 1 2 0 253 1276 109
1530 1 2 0 254 87 1277
1531 1 2 0 254 1277 1278
1532 1 2 0 254 1278 1279
1533 1 2 0 254 1279 1280
1534 1 2 0 254 1280 1281
1535 1 2 0 254 1281 1282
1536 1 2 0 254 1282 1283
1537 1 2 0 254 1283 1284
1538 1 2 0 254 1284 1285
1539 1 2 0 254 1285 1286
1540 1 2 0 254 1286 1287
1541 1 2 0 254 1287 109
1542 1 2 0 255 108 109
1543 1 2 0 256 104 1288
1544 1 2 0 256 1288 110
1545 1 2 0 257 88 1289
1546 1 2 0 257 1289 1290
1547 1 2 0 257 1290 1291
1548 1 2 0 257 1291 1292
1549 1 2 0 257 1292 1293
1550 1 2 0 257 1293 1294
1551 1 2 0 257 1294 1295
1552 1 2 0 257 1295 1296
1553 1 2 0 257 1296 1297
1554 1 2 0 257 1297 1298
1555 1 2 0 257 1298 1299
1556 1 2 0 257 1299 110
1557 1 2 0 258 109 110
1558 1 2 0 259 106 1300
1559 1 2 0 259 1300 111
1560 1 2 0 260 89 1301
1561 1 2 0 260 1301 1302
1562 1 2 0 260 1302 1303
1563 1 2 0 260 1303 1304
1564 1 2 0 260 1304 1305
1565 1 2 0 260 1305 1306
1566 1 2 0 260 1306 1307
1567 1 2 0 260 1307 1308
1568 1 2 0 260 1308 1309
1569 1 2 0 260 1309 1310
1570 1 2 0 260 1310 1311
1571 1 2 0 260 1311 111
1572 1 2 0 261 110 111
1573 1 2 0 262 84 1312
1574 1 2 0 262 1312 1313
1575 1 2 0 262 1313 1314
1576 1 2 0 262 1314 1315
1577 1 2 0 262 1315 1316
1578 1 2 0 262 1316 1317
1579 1 2 0 262 1317 1318
1580 1 2 0 262 1318 1319
1581 1 2 0 262 1319 1320
1582 1 2 0 262 1320 1321
1583 1 2 0 262 1321 1322
1584 1 2 0 262 1322 112
1585 1 2 0 263 112 1323
1586 1 2 0 263 1323 113
1587 1 2 0 264 90 1324
1588 1 2 0 264 1324 1325
1589 1 2 0 264 1325 1326
1590 1 2 0 264 1326 1327
1591 1 2 0 264 1327 1328
1592 1 2 0 264 1328 1329
1593 1 2 0 264 1329 1330
1594 1 2 0 264 1330 1331
1595 1 2 0 264 1331 1332
1596 1 2 0 264 1332 1333
1597 1 2 0 264 1333 1334
1598 1 2 0 264 1334 113
1599 1 2 0 265 106 1335
1600 1 2 0 265 1335 1336
1601 1 2 0 265 1336 1337
1602 1 2 0 265 1337 1338
1603 1 2 0 265 1338 1339
1604 1 2 0 265 1339 112
1605 1 2 0 266 111 1340
1606 1 2 0 266 1340 1341
1607 1 2 0 266 1341 1342
1608 1 2 0 266 1342 1343
1609 1 2 0 266 1343 1344
1610 1 2 0 266 1344 113
1611 1 2 0 267 107 1345
1612 1 2 0 267 1345 114
1613 1 2 0 268 91 1346
1614 1 2 0 268 1346 1347
1615 1 2 0 268 1347 1348
1616 1 2 0 268 1348 1349
1617 1 2 0 268 1349 1350
1618 1 2 0 268 1350 1351
1619 1 2 0 268 1351 1352
1620 1 2 0 268 1352 1353
1621 1 2 0 268 1353 1354
1622 1 2 0 268 1354 1355
1623 1 2 0 268 1355 1356
1624 1 2 0 268 1356 114
1625 1 2 0 269 108 1357
1626 1 2 0 269 1357 115
1627 1 2 0 270 92 1358
1628 1 2 0 270 1358 1359
1629 1 2 0 270 1359 1360
1630 1 2 0 270 1360 1361
1631 1 2 0 270 1361 1362
1632 1 2 0 270 1362 1363
1633 1 2 0 270 1363 1364
1634 1 2 0 270 1364 1365
1635 1 2 0 270 1365 1366
1636 1 2 0 270 1366 1367
1637 1 2 0 270 1367 1368
1638 1 2 0 270 1368 115
1639 1 2 0 271 114 115
1640 1 2 0 272 109 1369
1641 1 2 0 272 1369 116
1642 1 2 0 273 93 1370
1643 1 2 0 273 1370 1371
1644 1 2 0 273 1371 1372
1645 1 2 0 273 1372 1373
1646 1 2 0 273 1373 1374
1647 1 2 0 273 1374 1375
1648 1 2 0 273 1375 1376
1649 1 2 0 273 1376 1377
1650 1 2 0 273 1377 1378
1651 1 2 0 273 1378 1379
1652 1 2 0 273 1379 1380
1653 1 2 0 273 1380 116
1654 1 2 0 274 115 116
1655 1 2 0 275 110 1381
1656 1 2 0 275 1381 117
1657 1 2 0 276 94 1382
1658 1 2 0 276 1382 1383
1659 1 2 0 276 1383 1384
1660 1 2 0 276 1384 1385
1661 1 2 0 276 1385 1386
1662 1 2 0 276 1386 1387
1663 1 2 0 276 1387 1388
1664 1 2 0 276 1388 1389
1665 1 2 0 276 1389 1390
1666 1 2 0 276 1390 1391
1667 1 2 0 276 1391 1392
1668 1 2 0 276 1392 117
1669 1 2 0 277 116 117
1670 1 2 0 278 111 1393
1671 1 2 0 278 1393 118
1672 1 2 0 279 95 1394
1673 1 2 0 279 1394 1395
1674 1 2 0 279 1395 1396
1675 1 2 0 279 1396 1397
1676 1 2 0 279 1397 1398
1677 1 2 0 279 1398 1399
1678 1 2 0 279 1399 1400
1679 1 2 0 279 1400 1401
1680 1 2 0 279 1401 1402
1681 1 2 0 279 1402 1403
1682 1 2 0 279 1403 1404
1683 1 2 0 279 1404 118
1684 1 2 0 280 117 118
1685 1 2 0 281 113 1405
1686 1 2 0 281 1405 119
1687 1 2 0 282 96 1406
1688 1 2 0 282 1406 1407
1689 1 2 0 282 1407 1408
1690 1 2 0 282 1408 1409
1691 1 2 0 282 1409 1410
1692 1 2 0 282 1410 1411
1693 1 2 0 282 1411 1412
1694 1 2 0 282 1412 1413
1695 1 2 0 282 1413 1414
1696 1 2 0 282 1414 1415
1697 1 2 0 282 1415 1416
1698 1 2 0 282 1416 119
1699 1 2 0 283 118 1417
1700 1 2 0 283 1417 1418
1701 1 2 0 283 1418 1419
1702 1 2 0 283 1419 1420
1703 1 2 0 283 1420 1421
1704 1 2 0 283 1421 119
1705 1 2 0 284 97 120
1706 1 2 0 285 120 1422
1707 1 2 0 285 1422 121
1708 1 2 0 286 98 121
1709 1 2 0 287 99 122
1710 1 2 0 288 122 1423
1711 1 2 0 288 1423 123
1712 1 2 0 289 100 123
1713 1 2 0 290 120 122
1714 1 2 0 291 121 123
1715 1 2 0 292 101 124
1716 1 2 0 293 124 1424
1717 1 2 0 293 1424 125
1718 1 2 0 294 102 125
1719 1 2 0 295 122 124
1720 1 2 0 296 123 125
1721 1 2 0 297 103 126
1722 1 2 0 298 126 1425
1723 1 2 0 298 1425 127
1724 1 2 0 299 104 127
1725 1 2 0 300 124 126
1726 1 2 0 301 125 127
1727 1 2 0 302 105 128
1728 1 2 0 303 128 1426
1729 1 2 0 303 1426 129
1730 1 2 0 304 106 129
1731 1 2 0 305 126 128
1732 1 2 0 306 127 129
1733 1 2 0 307 121 1427
1734 1 2 0 307 1427 130
1735 1 2 0 308 107 130
1736 1 2 0 309 123 1428
1737 1 2 0 309 1428 131
1738 1 2 0 310 108 131
1739 1 2 0 311 130 131
1740 1 2 0 312 125 1429
1741 1 2 0 312 1429 132
1742 1 2 0 313 109 132
1743 1 2 0 314 131 132
1744 1 2 0 315 127 1430
1745 1 2 0 315 1430 133
1746 1 2 0 316 110 133
1747 1 2 0 317 132 133
1748 1 2 0 318 129 1431
1749 1 2 0 318 1431 134
1750 1 2 0 319 111 134
1751 1 2 0 320 133 134
1752 1 2 0 321 112 135
1753 1 2 0 322 135 1432
1754 1 2 0 322 1432 136
1755 1 2 0 323 113 136
1756 1 2 0 324 129 1433
1757 1 2 0 324 1433 1434
1758 1 2 0 324 1434 1435
1759 1 2 0 324 1435 1436
1760 1 2 0 324 1436 1437
1761 1 2 0 324 1437 135
1762 1 2 0 325 134 1438
1763 1 2 0 325 1438 1439
1764 1 2 0 325 1439 1440
1765 1 2 0 325 1440 1441
1766 1 2 0 325 1441 1442
1767 1 2 0 325 1442 136
1768 1 2 0 326 130 1443
1769 1 2 0 326 1443 137
1770 1 2 0 327 114 137
1771 1 2 0 328 131 1444
1772 1 2 0 328 1444 138
1773 1 2 0 329 115 138
1774 1 2 0 330 137 138
1775 1 2 0 331 132 1445
1776 1 2 0 331 1445 139
1777 1 2 0 332 116 139
1778 1 2 0 333 138 139
1779 1 2 0 334 133 1446
1780 1 2 0 334 1446 140
1781 1 2 0 335 117 140
1782 1 2 0 336 139 140
1783 1 2 0 337 134 1447
1784 1 2 0 337 1447 141
1785 1 2 0 338 118 141
1786 1 2 0 339 140 141
1787 1 2 0 340 136 1448
1788 1 2 0 340 1448 142
1789 1 2 0 341 119 142
1790 1 2 0 342 141 1449
1791 1 2 0 342 1449 1450
1792 1 2 0 342 1450 1451
1793 1 2 0 342 1451 1452
1794 1 2 0 342 1452 1453
1795 1 2 0 342 1453 142
1796 1 2 0 343 120 143
1797 1 2 0 344 143 1454
1798 1 2 0 344 1454 144
1799 1 2 0 345 121 144
1800 1 2 0 346 122 145
1801 1 2 0 347 145 1455
1802 1 2 0 347 1455 146
1803 1 2 0 348 123 146
1804 1 2 0 349 143 145
1805 1 2 0 350 144 146
1806 1 2 0 351 124 147
1807 1 2 0 352 147 1456
1808 1 2 0 352 1456 148
1809 1 2 0 353 125 148
1810 1 2 0 354 145 147
1811 1 2 0 355 146 148
1812 1 2 0 356 126 149
1813 1 2 0 357 149 1457
1814 1 2 0 357 1457 150
1815 1 2 0 358 127 150
1816 1 2 0 359 147 149
1817 1 2 0 360 148 150
1818 1 2 0 361 128 151
1819 1 2 0 362 151 1458
1820 1 2 0 362 1458 152
1821 1 2 0 363 129 152
1822 1 2 0 364 149 151
1823 1 2 0 365 150 152
1824 1 2 0 366 144 1459
1825 1 2 0 366 1459 153
1826 1 2 0 367 130 153
1827 1 2 0 368 146 1460
1828 1 2 0 368 1460 154
1829 1 2 0 369 131 154
1830 1 2 0 370 153 154
1831 1 2 0 371 148 1461
1832 1 2 0 371 1461 155
1833 1 2 0 372 132 155
1834 1 2 0 373 154 155
1835 1 2 0 374 150 1462
1836 1 2 0 374 1462 156
1837 1 2 0 375 133 156
1838 1 2 0 376 155 156
1839 1 2 0 377 152 1463
1840 1 2 0 377 1463 157
1841 1 2 0 378 134 157
1842 1 2 0 379 156 157
1843 1 2 0 380 135 158
1844 1 2 0 381 158 1464
1845 1 2 0 381 1464 159
1846 1 2 0 382 136 159
1847 1 2 0 383 152 1465
1848 1 2 0 383 1465 1466
1849 1 2 0 383 1466 1467
1850 1 2 0 383 1467 1468
1851 1 2 0 383 1468 1469
1852 1 2 0 383 1469 158
1853 1 2 0 384 157 1470
1854 1 2 0 384 1470 1471
1855 1 2 0 384 1471 1472
1856 1 2 0 384 1472 1473
1857 1 2 0 384 1473 1474
1858 1 2 0 384 1474 159
1859 1 2 0 385 153 1475
1860 1 2 0 385 1475 160
1861 1 2 0 386 137 160
1862 1 2 0 387 154 1476
1863 1 2 0 387 1476 161
1864 1 2 0 388 138 161
1865 1 2 0 389 160 161
1866 1 2 0 390 155 1477
1867 1 2 0 390 1477 162
1868 1 2 0 391 139 162
1869 1 2 0 392 161 162
1870 1 2 0 393 156 1478
1871 1 2 0 393 1478 163
1872 1 2 0 394 140 163
1873 1 2 0 395 162 163
1874 1 2 0 396 157 1479
1875 1 2 0 396 1479 164
1876 1 2 0 397 141 164
1877 1 2 0 398 163 164
1878 1 2 0 399 159 1480
1879 1 2 0 399 1480 165
1880 1 2 0 400 142 165
1881 1 2 0 401 164 1481
1882 1 2 0 401 1481 1482
1883 1 2 0 401 1482 1483
1884 1 2 0 401 1483 1484
1885 1 2 0 401 1484 1485
1886 1 2 0 401 1485 165
1887 1 2 0 402 143 166
1888 1 2 0 403 166 1486
1889 1 2 0 403 1486 167
1890 1 2 0 404 144 167
1891 1 2 0 405 145 168
1892 1 2 0 406 168 1487
1893 1 2 0 406 1487 169
1894 1 2 0 407 146 169
1895 1 2 0 408 166 168
1896 1 2 0 409 167 169
1897 1 2 0 410 147 170
1898 1 2 0 411 170 1488
1899 1 2 0 411 1488 171
1900 1 2 0 412 148 171
1901 1 2 0 413 168 170
1902 1 2 0 414 169 171
1903 1 2 0 415 149 172
1904 1 2 0 416 172 1489
1905 1 2 0 416 1489 173
1906 1 2 0 417 150 173
1907 1 2 0 418 170 172
1908 1 2 0 419 171 173
1909 1 2 0 420 151 174
1910 1 2 0 421 174 1490
1911 1 2 0 421 1490 175
1912 1 2 0 422 152 175
1913 1 2 0 423 172 174
1914 1 2 0 424 173 175
1915 1 2 0 425 167 1491
1916 1 2 0 425 1491 176
1917 1 2 0 426 153 176
1918 1 2 0 427 169 1492
1919 1 2 0 427 1492 177
1920 1 2 0 428 154 177
1921 1 2 0 429 176 177
1922 1 2 0 430 171 1493
1923 1 2 0 430 1493 178
1924 1 2 0 431 155 178
1925 1 2 0 432 177 178
1926 1 2 0 433 173 1494
1927 1 2 0 433 1494 179
1928 1 2 0 434 156 179
1929 1 2 0 435 178 179
1930 1 2 0 436 175 1495
1931 1 2 0 436 1495 180
1932 1 2 0 437 157 180
1933 1 2 0 438 179 180
1934 1 2 0 439 158 181
1935 1 2 0 440 181 1496
1936 1 2 0 440 1496 182
1937 1 2 0 441 159 182
1938 1 2 0 442 175 1497
1939 1 2 0 442 1497 1498
1940 1 2 0 442 1498 1499
1941 1 2 0 442 1499 1500
1942 1 2 0 442 1500 1501
1943 1 2 0 442 1501 181
1944 1 2 0 443 180 1502
1945 1 2 0 443 1502 1503
1946 1 2 0 443 1503 1504
1947 1 2 0 443 1504 1505
1948 1 2 0 443 1505 1506
1949 1 2 0 443 1506 182
1950 1 2 0 444 176 1507
1951 1 2 0 444 1507 183
1952 1 2 0 445 160 183
1953 1 2 0 446 177 1508
1954 1 2 0 446 1508 184
1955 1 2 0 447 161 184
1956 1 2 0 448 183 184
1957 1 2 0 449 178 1509
1958 1 2 0 449 1509 185
1959 1 2 0 450 162 185
1960 1 2 0 451 184 185
1961 1 2 0 452 179 1510
1962 1 2 0 452 1510 186
1963 1 2 0 453 163 186
1964 1 2 0 454 185 186
1965 1 2 0 455 180 1511
1966 1 2 0 455 1511 187
1967 1 2 0 456 164 187
1968 1 2 0 457 186 187
1969 1 2 0 458 182 1512
1970 1 2 0 458 1512 188
1971 1 2 0 459 165 188
1972 1 2 0 460 187 1513
1973 1 2 0 460 1513 1514
1974 1 2 0 460 1514 1515
1975 1 2 0 460 1515 1516
1976 1 2 0 460 1516 1517
1977 1 2 0 460 1517 188
1978 1 2 0 461 166 189
1979 1 2 0 462 189 1518
1980 1 2 0 462 1518 190
1981 1 2 0 463 167 190
1982 1 2 0 464 168 191
1983 1 2 0 465 191 1519
1984 1 2 0 465 1519 192
1985 1 2 0 466 169 192
1986 1 2 0 467 189 191
1987 1 2 0 468 190 192
1988 1 2 0 469 170 193
1989 1 2 0 470 193 1520
1990 1 2 0 470 1520 194
1991 1 2 0 471 171 194
1992 1 2 0 472 191 193
1993 1 2 0 473 192 194
1994 1 2 0 474 172 195
1995 1 2 0 475 195 1521
1996 1 2 0 475 1521 196
1997 1 2 0 476 173 196
1998 1 2 0 477 193 195
1999 1 2 0 478 194 196
2000 1 2 0 479 174 197
2001 1 2 0 480 197 1522
2002 1 2 0 480 1522 198
2003 1 2 0 481 175 198
2004 1 2 0 482 195 197
2005 1 2 0 483 196 198
2006 1 2 0 484 190 1523
2007 1 2 0 484 1523 199
2008 1 2 0 485 176 199
2009 1 2 0 486 192 1524
2010 1 2 0 486 1524 200
2011 1 2 0 487 177 200
2012 1 2 0 488 199 200
2013 1 2 0 489 194 1525
2014 1 2 0 489 1525 201
2015 1 2 0 490 178 201
2016 1 2 0 491 200 201
2017 1 2 0 492 196 1526
2018 1 2 0 492 1526 202
2019 1 2 0 493 179 202
2020 1 2 0 494 201 202
2021 1 2 0 495 198 1527
2022 1 2 0 495 1527 203
2023 1 2 0 496 180 203
2024 1 2 0 497 202 203
2025 1 2 0 498 181 204
2026 1 2 0 499 204 1528
2027 1 2 0 499 1528 205
2028 1 2 0 500 182 205
2029 1 2 0 501 198 1529
2030 1 2 0 501 1529 1530
2031 1 2 0 501 1530 1531
2032 1 2 0 501 1531 1532
2033 1 2 0 501 1532 1533
2034 1 2 0 501 1533 204
2035 1 2 0 502 203 1534
2036 1 2 0 502 1534 1535
2037 1 2 0 502 1535 1536
2038 1 2 0 502 1536 1537
2039 1 2 0 502 1537 1538
2040 1 2 0 502 1538 205
2041 1 2 0 503 199 1539
2042 1 2 0 503 1539 206
2043 1 2 0 504 183 206
2044 1 2 0 505 200 1540
2045 1 2 0 505 1540 207
2046 1 2 0 506 184 207
2047 1 2 0 507 206 207
2048 1 2 0 508 201 1541
2049 1 2 0 508 1541 208
2050 1 2 0 509 185 208
2051 1 2 0 510 207 208
2052 1 2 0 511 202 1542
2053 1 2 0 511 1542 209
2054 1 2 0 512 186 209
2055 1 2 0 513 208 209
2056 1 2 0 514 203 1543
2057 1 2 0 514 1543 210
2058 1 2 0 515 187 210
2059 1 2 0 516 209 210
2060 1 2 0 517 205 1544
2061 1 2 0 517 1544 211
2062 1 2 0 518 188 211
2063 1 2 0 519 210 1545
2064 1 2 0 519 1545 1546
2065 1 2 0 519 1546 1547
2066 1 2 0 519 1547 1548
2067 1 2 0 519 1548 1549
2068 1 2 0 519 1549 211
2069 1 2 0 520 212 1550
2070 1 2 0 520 1550 1551
2071 1 2 0 520 1551 1552
2072 1 2 0 520 1552 1553
2073 1 2 0 520 1553 1554
2074 1 2 0 520 1554 1555
2075 1 2 0 520 1555 1556
2076 1 2 0 520 1556 1557
2077 1 2 0 520 1557 1558
2078 1 2 0 520 1558 1559
2079 1 2 0 520 1559 1560
2080 1 2 0 520 1560 213
2081 1 2 0 521 213 1561
2082 1 2 0 521 1561 214
2083 1 2 0 522 215 1562
2084 1 2 0 522 1562 1563
2085 1 2 0 522 1563 1564
2086 1 2 0 522 1564 1565
2087 1 2 0 522 1565 1566
2088 1 2 0 522 1566 1567
2089 1 2 0 522 1567 1568
2090 1 2 0 522 1568 1569
2091 1 2 0 522 1569 1570
2092 1 2 0 522 1570 1571
2093 1 2 0 522 1571 1572
2094 1 2 0 522 1572 214
2095 1 2 0 523 212 1573
2096 1 2 0 523 1573 215
2097 1 2 0 524 216 1574
2098 1 2 0 524 1574 1575
2099 1 2 0 524 1575 1576
2100 1 2 0 524 1576 1577
2101 1 2 0 524 1577 1578
2102 1 2 0 524 1578 1579
2103 1 2 0 524 1579 1580
2104 1 2 0 524 1580 1581
2105 1 2 0 524 1581 1582
2106 1 2 0 524 1582 1583
2107 1 2 0 524 1583 1584
2108 1 2 0 524 1584 217
2109 1 2 0 525 217 1585
2110 1 2 0 525 1585 218
2111 1 2 0 526 219 1586
2112 1 2 0 526 1586 1587
2113 1 2 0 526 1587 1588
2114 1 2 0 526 1588 1589
2115 1 2 0 526 1589 1590
2116 1 2 0 526 1590 1591
2117 1 2 0 526 1591 1592
2118 1 2 0 526 1592 1593
2119 1 2 0 526 1593 1594
2120 1 2 0 526 1594 1595
2121 1 2 0 526 1595 1596
2122 1 2 0 526 1596 218
2123 1 2 0 527 216 1597
2124 1 2 0 527 1597 219
2125 1 2 0 528 212 216
2126 1 2 0 529 213 217
2127 1 2 0 530 215 219
2128 1 2 0 531 214 218
2129 1 2 0 532 220 1598
2130 1 2 0 532 1598 1599
2131 1 2 0 532 1599 1600
2132 1 2 0 532 1600 1601
2133 1 2 0 532 1601 1602
2134 1 2 0 532 1602 1603
2135 1 2 0 532 1603 1604
2136 1 2 0 532 1604 1605
2137 1 2 0 532 1605 1606
2138 1 2 0 532 1606 1607
2139 1 2 0 532 1607 1608
2140 1 2 0 532 1608 221
2141 1 2 0 533 221 1609
2142 1 2 0 533 1609 222
2143 1 2 0 534 223 1610
2144 1 2 0 534 1610 1611
2145 1 2 0 534 1611 1612
2146 1 2 0 534 1612 1613
2147 1 2 0 534 1613 1614
2148 1 2 0 534 1614 1615
2149 1 2 0 534 1615 1616
2150 1 2 0 534 1616 1617
2151 1 2 0 534 1617 1618
2152 1 2 0 534 1618 1619
2153 1 2 0 534 1619 1620
2154 1 2 0 534 1620 222
2155 1 2 0 535 220 1621
2156 1 2 0 535 1621 223
2157 1 2 0 536 216 220
2158 1 2 0 537 217 221
2159 1 2 0 538 219 223
2160 1 2 0 539 218 222
2161 1 2 0 540 224 1622
2162 1 2 0 540 1622 1623
2163 1 2 0 540 1623 1624
2164 1 2 0 540 1624 1625
2165 1 2 0 540 1625 1626
2166 1 2 0 540 1626 1627
2167 1 2 0 540 1627 1628
2168 1 2 0 540 1628 1629
2169 1 2 0 540 1629 1630
2170 1 2 0 540 1630 1631
2171 1 2 0 540 1631 1632
2172 1 2 0 540 1632 225
2173 1 2 0 541 225 1633
2174 1 2 0 541 1633 226
2175 1 2 0 542 227 1634
2176 1 2 0 542 1634 1635
2177 1 2 0 542 1635 1636
2178 1 2 0 542 1636 1637
2179 1 2 0 542 1637 1638
2180 1 2 0 542 1638 1639
2181 1 2 0 542 1639 1640
2182 1 2 0 542 1640 1641
2183 1 2 0 542 1641 1642
2184 1 2 0 542 1642 1643
2185 1 2 0 542 1643 1644
2186 1 2 0 542 1644 226
2187 1 2 0 543 224 1645
2188 1 2 0 543 1645 227
2189 1 2 0 544 220 224
2190 1 2 0 545 221 225
2191 1 2 0 546 223 227
2192 1 2 0 547 222 226
2193 1 2 0 548 224 21
2194 1 2 0 549 225 22
2195 1 2 0 550 227 24
2196 1 2 0 551 226 23
2197 1 2 0 552 214 1646
2198 1 2 0 552 1646 228
2199 1 2 0 553 229 1647
2200 1 2 0 553 1647 1648
2201 1 2 0 553 1648 1649
2202 1 2 0 553 1649 1650
2203 1 2 0 553 1650 1651
2204 1 2 0 553 1651 1652
2205 1 2 0 553 1652 1653
2206 1 2 0 553 1653 1654
2207 1 2 0 553 1654 1655
2208 1 2 0 553 1655 1656
2209 1 2 0 553 1656 1657
2210 1 2 0 553 1657 228
2211 1 2 0 554 215 1658
2212 1 2 0 554 1658 229
2213 1 2 0 555 218 1659
2214 1 2 0 555 1659 230
2215 1 2 0 556 231 1660
2216 1 2 0 556 1660 1661
2217 1 2 0 556 1661 1662
2218 1 2 0 556 1662 1663
2219 1 2 0 556 1663 1664
2220 1 2 0 556 1664 1665
2221 1 2 0 556 1665 1666
2222 1 2 0 556 1666 1667
2223 1 2 0 556 1667 1668
2224 1 2 0 556 1668 1669
2225 1 2 0 556 1669 1670
2226 1 2 0 556 1670 230
2227 1 2 0 557 219 1671
2228 1 2 0 557 1671 231
2229 1 2 0 558 229 231
2230 1 2 0 559 228 230
2231 1 2 0 560 222 1672
2232 1 2 0 560 1672 232
2233 1 2 0 561 233 1673
2234 1 2 0 561 1673 1674
2235 1 2 0 561 1674 1675
2236 1 2 0 561 1675 1676
2237 1 2 0 561 1676 1677
2238 1 2 0 561 1677 1678
2239 1 2 0 561 1678 1679
2240 1 2 0 561 1679 1680
2241 1 2 0 561 1680 1681
2242 1 2 0 561 1681 1682
2243 1 2 0 561 1682 1683
2244 1 2 0 561 1683 232
2245 1 2 0 562 223 1684
2246 1 2 0 562 1684 233
2247 1 2 0 563 231 233
2248 1 2 0 564 230 232
2249 1 2 0 565 226 1685
2250 1 2 0 565 1685 234
2251 1 2 0 566 235 1686
2252 1 2 0 566 1686 1687
2253 1 2 0 566 1687 1688
2254 1 2 0 566 1688 1689
2255 1 2 0 566 1689 1690
2256 1 2 0 566 1690 1691
2257 1 2 0 566 1691 1692
2258 1 2 0 566 1692 1693
2259 1 2 0 566 1693 1694
2260 1 2 0 566 1694 1695
2261 1 2 0 566 1695 1696
2262 1 2 0 566 1696 234
2263 1 2 0 567 227 1697
2264 1 2 0 567 1697 235
2265 1 2 0 568 233 235
2266 1 2 0 569 232 234
2267 1 2 0 570 235 36
2268 1 2 0 571 234 35
2269 1 2 0 572 228 1698
2270 1 2 0 572 1698 236
2271 1 2 0 573 237 1699
2272 1 2 0 573 1699 1700
2273 1 2 0 573 1700 1701
2274 1 2 0 573 1701 1702
2275 1 2 0 573 1702 1703
2276 1 2 0 573 1703 1704
2277 1 2 0 573 1704 1705
2278 1 2 0 573 1705 1706
2279 1 2 0 573 1706 1707
2280 1 2 0 573 1707 1708
2281 1 2 0 573 1708 1709
2282 1 2 0 573 1709 236
2283 1 2 0 574 229 1710
2284 1 2 0 574 1710 237
2285 1 2 0 575 230 1711
2286 1 2 0 575 1711 238
2287 1 2 0 576 239 1712
2288 1 2 0 576 1712 1713
2289 1 2 0 576 1713 1714
2290 1 2 0 576 1714 1715
2291 1 2 0 576 1715 1716
2292 1 2 0 576 1716 1717
2293 1 2 0 576 1717 1718
2294 1 2 0 576 1718 1719
2295 1 2 0 576 1719 1720
2296 1 2 0 576 1720 1721
2297 1 2 0 576 1721 1722
2298 1 2 0 576 1722 238
2299 1 2 0 577 231 1723
2300 1 2 0 577 1723 239
2301 1 2 0 578 237 239
2302 1 2 0 579 236 238
2303 1 2 0 580 232 1724
2304 1 2 0 580 1724 240
2305 1 2 0 581 241 1725
2306 1 2 0 581 1725 1726
2307 1 2 0 581 1726 1727
2308 1 2 0 581 1727 1728
2309 1 2 0 581 1728 1729
2310 1 2 0 581 1729 1730
2311 1 2 0 581 1730 1731
2312 1 2 0 581 1731 1732
2313 1 2 0 581 1732 1733
2314 1 2 0 581 1733 1734
2315 1 2 0 581 1734 1735
2316 1 2 0 581 1735 240
2317 1 2 0 582 233 1736
2318 1 2 0 582 1736 241
2319 1 2 0 583 239 241
2320 1 2 0 584 238 240
2321 1 2 0 585 234 1737
2322 1 2 0 585 1737 242
2323 1 2 0 586 243 1738
2324 1 2 0 586 1738 1739
2325 1 2 0 586 1739 1740
2326 1 2 0 586 1740 1741
2327 1 2 0 586 1741 1742
2328 1 2 0 586 1742 1743
2329 1 2 0 586 1743 1744
2330 1 2 0 586 1744 1745
2331 1 2 0 586 1745 1746
2332 1 2 0 586 1746 1747
2333 1 2 0 586 1747 1748
2334 1 2 0 586 1748 242
2335 1 2 0 587 235 1749
2336 1 2 0 587 1749 243
2337 1 2 0 588 241 243
2338 1 2 0 589 240 242
2339 1 2 0 590 243 48
2340 1 2 0 591 242 47
2341 1 2 0 592 213 1750
2342 1 2 0 592 1750 1751
2343 1 2 0 592 1751 1752
2344 1 2 0 592 1752 1753
2345 1 2 0 592 1753 1754
2346 1 2 0 592 1754 1755
2347 1 2 0 592 1755 1756
2348 1 2 0 592 1756 1757
2349 1 2 0 592 1757 1758
2350 1 2 0 592 1758 1759
2351 1 2 0 592 1759 1760
2352 1 2 0 592 1760 244
2353 1 2 0 593 244 1761
2354 1 2 0 593 1761 245
2355 1 2 0 594 214 1762
2356 1 2 0 594 1762 1763
2357 1 2 0 594 1763 1764
2358 1 2 0 594 1764 1765
2359 1 2 0 594 1765 1766
2360 1 2 0 594 1766 1767
2361 1 2 0 594 1767 1768
2362 1 2 0 594 1768 1769
2363 1 2 0 594 1769 1770
2364 1 2 0 594 1770 1771
2365 1 2 0 594 1771 1772
2366 1 2 0 594 1772 245
2367 1 2 0 595 217 1773
2368 1 2 0 595 1773 1774
2369 1 2 0 595 1774 1775
2370 1 2 0 595 1775 1776
2371 1 2 0 595 1776 1777
2372 1 2 0 595 1777 1778
2373 1 2 0 595 1778 1779
2374 1 2 0 595 1779 1780
2375 1 2 0 595 1780 1781
2376 1 2 0 595 1781 1782
2377 1 2 0 595 1782 1783
2378 1 2 0 595 1783 246
2379 1 2 0 596 246 1784
2380 1 2 0 596 1784 247
2381 1 2 0 597 218 1785
2382 1 2 0 597 1785 1786
2383 1 2 0 597 1786 1787
2384 1 2 0 597 1787 1788
2385 1 2 0 597 1788 1789
2386 1 2 0 597 1789 1790
2387 1 2 0 597 1790 1791
2388 1 2 0 597 1791 1792
2389 1 2 0 597 1792 1793
2390 1 2 0 597 1793 1794
2391 1 2 0 597 1794 1795
2392 1 2 0 597 1795 247
2393 1 2 0 598 244 246
2394 1 2 0 599 245 247
2395 1 2 0 600 221 1796
2396 1 2 0 600 1796 1797
2397 1 2 0 600 1797 1798
2398 1 2 0 600 1798 1799
2399 1 2 0 600 1799 1800
2400 1 2 0 600 1800 1801
2401 1 2 0 600 1801 1802
2402 1 2 0 600 1802 1803
2403 1 2 0 600 1803 1804
2404 1 2 0 600 1804 1805
2405 1 2 0 600 1805 1806
2406 1 2 0 600 1806 248
2407 1 2 0 601 248 1807
2408 1 2 0 601 1807 249
2409 1 2 0 602 222 1808
2410 1 2 0 602 1808 1809
2411 1 2 0 602 1809 1810
2412 1 2 0 602 1810 1811
2413 1 2 0 602 1811 1812
2414 1 2 0 602 1812 1813
2415 1 2 0 602 1813 1814
2416 1 2 0 602 1814 1815
2417 1 2 0 602 1815 1816
2418 1 2 0 602 1816 1817
2419 1 2 0 602 1817 1818
2420 1 2 0 602 1818 249
2421 1 2 0 603 246 248
2422 1 2 0 604 247 249
2423 1 2 0 605 225 1819
2424 1 2 0 605 1819 1820
2425 1 2 0 605 1820 1821
2426 1 2 0 605 1821 1822
2427 1 2 0 605 1822 1823
2428 1 2 0 605 1823 1824
2429 1 2 0 605 1824 1825
2430 1 2 0 605 1825 1826
2431 1 2 0 605 1826 1827
2432 1 2 0 605 1827 1828
2433 1 2 0 605 1828 1829
2434 1 2 0 605 1829 250
2435 1 2 0 606 250 1830
2436 1 2 0 606 1830 251
2437 1 2 0 607 226 1831
2438 1 2 0 607 1831 1832
2439 1 2 0 607 1832 1833
2440 1 2 0 607 1833 1834
2441 1 2 0 607 1834 1835
2442 1 2 0 607 1835 1836
2443 1 2 0 607 1836 1837
2444 1 2 0 607 1837 1838
2445 1 2 0 607 1838 1839
2446 1 2 0 607 1839 1840
2447 1 2 0 607 1840 1841
2448 1 2 0 607 1841 251
2449 1 2 0 608 248 250
2450 1 2 0 609 249 251
2451 1 2 0 610 250 59
2452 1 2 0 611 251 60
2453 1 2 0 612 245 1842
2454 1 2 0 612 1842 252
2455 1 2 0 613 228 1843
2456 1 2 0 613 1843 1844
2457 1 2 0 613 1844 1845
2458 1 2 0 613 1845 1846
2459 1 2 0 613 1846 1847
2460 1 2 0 613 1847 1848
2461 1 2 0 613 1848 1849
2462 1 2 0 613 1849 1850
2463 1 2 0 613 1850 1851
2464 1 2 0 613 1851 1852
2465 1 2 0 613 1852 1853
2466 1 2 0 613 1853 252
2467 1 2 0 614 247 1854
2468 1 2 0 614 1854 253
2469 1 2 0 615 230 1855
2470 1 2 0 615 1855 1856
2471 1 2 0 615 1856 1857
2472 1 2 0 615 1857 1858
2473 1 2 0 615 1858 1859
2474 1 2 0 615 1859 1860
2475 1 2 0 615 1860 1861
2476 1 2 0 615 1861 1862
2477 1 2 0 615 1862 1863
2478 1 2 0 615 1863 1864
2479 1 2 0 615 1864 1865
2480 1 2 0 615 1865 253
2481 1 2 0 616 252 253
2482 1 2 0 617 249 1866
2483 1 2 0 617 1866 254
2484 1 2 0 618 232 1867
2485 1 2 0 618 1867 1868
2486 1 2 0 618 1868 1869
2487 1 2 0 618 1869 1870
2488 1 2 0 618 1870 1871
2489 1 2 0 618 1871 1872
2490 1 2 0 618 1872 1873
2491 1 2 0 618 1873 1874
2492 1 2 0 618 1874 1875
2493 1 2 0 618 1875 1876
2494 1 2 0 618 1876 1877
2495 1 2 0 618 1877 254
2496 1 2 0 619 253 254
2497 1 2 0 620 251 1878
2498 1 2 0 620 1878 255
2499 1 2 0 621 234 1879
2500 1 2 0 621 1879 1880
2501 1 2 0 621 1880 1881
2502 1 2 0 621 1881 1882
2503 1 2 0 621 1882 1883
2504 1 2 0 621 1883 1884
2505 1 2 0 621 1884 1885
2506 1 2 0 621 1885 1886
2507 1 2 0 621 1886 1887
2508 1 2 0 621 1887 1888
2509 1 2 0 621 1888 1889
2510 1 2 0 621 1889 255
2511 1 2 0 622 254 255
2512 1 2 0 623 255 66
2513 1 2 0 624 252 1890
2514 1 2 0 624 1890 256
2515 1 2 0 625 236 1891
2516 1 2 0 625 1891 1892
2517 1 2 0 625 1892 1893
2518 1 2 0 625 1893 1894
2519 1 2 0 625 1894 1895
2520 1 2 0 625 1895 1896
2521 1 2 0 625 1896 1897
2522 1 2 0 625 1897 1898
2523 1 2 0 625 1898 1899
2524 1 2 0 625 1899 1900
2525 1 2 0 625 1900 1901
2526 1 2 0 625 1901 256
2527 1 2 0 626 253 1902
2528 1 2 0 626 1902 257
2529 1 2 0 627 238 1903
2530 1 2 0 627 1903 1904
2531 1 2 0 627 1904 1905
2532 1 2 0 627 1905 1906
2533 1 2 0 627 1906 1907
2534 1 2 0 627 1907 1908
2535 1 2 0 627 1908 1909
2536 1 2 0 627 1909 1910
2537 1 2 0 627 1910 1911
2538 1 2 0 627 1911 1912
2539 1 2 0 627 1912 1913
2540 1 2 0 627 1913 257
2541 1 2 0 628 256 257
2542 1 2 0 629 254 1914
2543 1 2 0 629 1914 258
2544 1 2 0 630 240 1915
2545 1 2 0 630 1915 1916
2546 1 2 0 630 1916 1917
2547 1 2 0 630 1917 1918
2548 1 2 0 630 1918 1919
2549 1 2 0 630 1919 1920
2550 1 2 0 630 1920 1921
2551 1 2 0 630 1921 1922
2552 1 2 0 630 1922 1923
2553 1 2 0 630 1923 1924
2554 1 2 0 630 1924 1925
2555 1 2 0 630 1925 258
2556 1 2 0 631 257 258
2557 1 2 0 632 255 1926
2558 1 2 0 632 1926 259
2559 1 2 0 633 242 1927
2560 1 2 0 633 1927 1928
2561 1 2 0 633 1928 1929
2562 1 2 0 633 1929 1930
2563 1 2 0 633 1930 1931
2564 1 2 0 633 1931 1932
2565 1 2 0 633 1932 1933
2566 1 2 0 633 1933 1934
2567 1 2 0 633 1934 1935
2568 1 2 0 633 1935 1936
2569 1 2 0 633 1936 1937
2570 1 2 0 633 1937 259
2571 1 2 0 634 258 259
2572 1 2 0 635 259 72
2573 1 2 0 636 244 1938
2574 1 2 0 636 1938 1939
2575 1 2 0 636 1939 1940
2576 1 2 0 636 1940 1941
2577 1 2 0 636 1941 260
2578 1 2 0 637 260 1942
2579 1 2 0 637 1942 261
2580 1 2 0 638 245 1943
2581 1 2 0 638 1943 1944
2582 1 2 0 638 1944 1945
2583 1 2 0 638 1945 1946
2584 1 2 0 638 1946 261
2585 1 2 0 639 246 1947
2586 1 2 0 639 1947 1948
2587 1 2 0 639 1948 1949
2588 1 2 0 639 1949 1950
2589 1 2 0 639 1950 262
2590 1 2 0 640 262 1951
2591 1 2 0 640 1951 263
2592 1 2 0 641 247 1952
2593 1 2 0 641 1952 1953
2594 1 2 0 641 1953 1954
2595 1 2 0 641 1954 1955
2596 1 2 0 641 1955 263
2597 1 2 0 642 260 262
2598 1 2 0 643 261 263
2599 1 2 0 644 248 1956
2600 1 2 0 644 1956 1957
2601 1 2 0 644 1957 1958
2602 1 2 0 644 1958 1959
2603 1 2 0 644 1959 264
2604 1 2 0 645 264 1960
2605 1 2 0 645 1960 265
2606 1 2 0 646 249 1961
2607 1 2 0 646 1961 1962
2608 1 2 0 646 1962 1963
2609 1 2 0 646 1963 1964
2610 1 2 0 646 1964 265
2611 1 2 0 647 262 264
2612 1 2 0 648 263 265
2613 1 2 0 649 250 1965
2614 1 2 0 649 1965 1966
2615 1 2 0 649 1966 1967
2616 1 2 0 649 1967 1968
2617 1 2 0 649 1968 266
2618 1 2 0 650 266 1969
2619 1 2 0 650 1969 267
2620 1 2 0 651 251 1970
2621 1 2 0 651 1970 1971
2622 1 2 0 651 1971 1972
2623 1 2 0 651 1972 1973
2624 1 2 0 651 1973 267
2625 1 2 0 652 264 266
2626 1 2 0 653 265 267
2627 1 2 0 654 266 83
2628 1 2 0 655 267 84
2629 1 2 0 656 261 1974
2630 1 2 0 656 1974 268
2631 1 2 0 657 252 1975
2632 1 2 0 657 1975 1976
2633 1 2 0 657 1976 1977
2634 1 2 0 657 1977 1978
2635 1 2 0 657 1978 268
2636 1 2 0 658 263 1979
2637 1 2 0 658 1979 269
2638 1 2 0 659 253 1980
2639 1 2 0 659 1980 1981
2640 1 2 0 659 1981 1982
2641 1 2 0 659 1982 1983
2642 1 2 0 659 1983 269
2643 1 2 0 660 268 269
2644 1 2 0 661 265 1984
2645 1 2 0 661 1984 270
2646 1 2 0 662 254 1985
2647 1 2 0 662 1985 1986
2648 1 2 0 662 1986 1987
2649 1 2 0 662 1987 1988
2650 1 2 0 662 1988 270
2651 1 2 0 663 269 270
2652 1 2 0 664 267 1989
2653 1 2 0 664 1989 271
2654 1 2 0 665 255 1990
2655 1 2 0 665 1990 1991
2656 1 2 0 665 1991 1992
2657 1 2 0 665 1992 1993
2658 1 2 0 665 1993 271
2659 1 2 0 666 270 271
2660 1 2 0 667 271 90
2661 1 2 0 668 268 1994
2662 1 2 0 668 1994 272
2663 1 2 0 669 256 1995
2664 1 2 0 669 1995 1996
2665 1 2 0 669 1996 1997
2666 1 2 0 669 1997 1998
2667 1 2 0 669 1998 272
2668 1 2 0 670 269 1999
2669 1 2 0 670 1999 273
2670 1 2 0 671 257 2000
2671 1 2 0 671 2000 2001
2672 1 2 0 671 2001 2002
2673 1 2 0 671 2002 2003
2674 1 2 0 671 2003 273
2675 1 2 0 672 272 273
2676 1 2 0 673 270 2004
2677 1 2 0 673 2004 274
2678 1 2 0 674 258 2005
2679 1 2 0 674 2005 2006
2680 1 2 0 674 2006 2007
2681 1 2 0 674 2007 2008
2682 1 2 0 674 2008 274
2683 1 2 0 675 273 274
2684 1 2 0 676 271 2009
2685 1 2 0 676 2009 275
2686 1 2 0 677 259 2010
2687 1 2 0 677 2010 2011
2688 1 2 0 677 2011 2012
2689 1 2 0 677 2012 2013
2690 1 2 0 677 2013 275
2691 1 2 0 678 274 275
2692 1 2 0 679 275 96
2693 1 2 0 680 260 2014
2694 1 2 0 680 2014 2015
2695 1 2 0 680 2015 2016
2696 1 2 0 680 2016 2017
2697 1 2 0 680 2017 2018
2698 1 2 0 680 2018 2019
2699 1 2 0 680 2019 2020
2700 1 2 0 680 2020 2021
2701 1 2 0 680 2021 2022
2702 1 2 0 680 2022 2023
2703 1 2 0 680 2023 2024
2704 1 2 0 680 2024 276
2705 1 2 0 681 276 2025
2706 1 2 0 681 2025 277
2707 1 2 0 682 261 2026
2708 1 2 0 682 2026 2027
2709 1 2 0 682 2027 2028
2710 1 2 0 682 2028 2029
2711 1 2 0 682 2029 2030
2712 1 2 0 682 2030 2031
2713 1 2 0 682 2031 2032
2714 1 2 0 682 2032 2033
2715 1 2 0 682 2033 2034
2716 1 2 0 682 2034 2035
2717 1 2 0 682 2035 2036
2718 1 2 0 682 2036 277
2719 1 2 0 683 262 2037
2720 1 2 0 683 2037 2038
2721 1 2 0 683 2038 2039
2722 1 2 0 683 2039 2040
2723 1 2 0 683 2040 2041
2724 1 2 0 683 2041 2042
2725 1 2 0 683 2042 2043
2726 1 2 0 683 2043 2044
2727 1 2 0 683 2044 2045
2728 1 2 0 683 2045 2046
2729 1 2 0 683 2046 2047
2730 1 2 0 683 2047 278
2731 1 2 0 684 278 2048
2732 1 2 0 684 2048 279
2733 1 2 0 685 263 2049
2734 1 2 0 685 2049 2050
2735 1 2 0 685 2050 2051
2736 1 2 0 685 2051 2052
2737 1 2 0 685 2052 2053
2738 1 2 0 685 2053 2054
2739 1 2 0 685 2054 2055
2740 1 2 0 685 2055 2056
2741 1 2 0 685 2056 2057
2742 1 2 0 685 2057 2058
2743 1 2 0 685 2058 2059
2744 1 2 0 685 2059 279
2745 1 2 0 686 276 278
2746 1 2 0 687 277 279
2747 1 2 0 688 264 2060
2748 1 2 0 688 2060 2061
2749 1 2 0 688 2061 2062
2750 1 2 0 688 2062 2063
2751 1 2 0 688 2063 2064
2752 1 2 0 688 2064 2065
2753 1 2 0 688 2065 2066
2754 1 2 0 688 2066 2067
2755 1 2 0 688 2067 2068
2756 1 2 0 688 2068 2069
2757 1 2 0 688 2069 2070
2758 1 2 0 688 2070 280
2759 1 2 0 689 280 2071
2760 1 2 0 689 2071 281
2761 1 2 0 690 265 2072
2762 1 2 0 690 2072 2073
2763 1 2 0 690 2073 2074
2764 1 2 0 690 2074 2075
2765 1 2 0 690 2075 2076
2766 1 2 0 690 2076 2077
2767 1 2 0 690 2077 2078
2768 1 2 0 690 2078 2079
2769 1 2 0 690 2079 2080
2770 1 2 0 690 2080 2081
2771 1 2 0 690 2081 2082
2772 1 2 0 690 2082 281
2773 1 2 0 691 278 280
2774 1 2 0 692 279 281
2775 1 2 0 693 266 2083
2776 1 2 0 693 2083 2084
2777 1 2 0 693 2084 2085
2778 1 2 0 693 2085 2086
2779 1 2 0 693 2086 2087
2780 1 2 0 693 2087 2088
2781 1 2 0 693 2088 2089
2782 1 2 0 693 2089 2090
2783 1 2 0 693 2090 2091
2784 1 2 0 693 2091 2092
2785 1 2 0 693 2092 2093
2786 1 2 0 693 2093 282
2787 1 2 0 694 282 2094
2788 1 2 0 694 2094 283
2789 1 2 0 695 267 2095
2790 1 2 0 695 2095 2096
2791 1 2 0 695 2096 2097
2792 1 2 0 695 2097 2098
2793 1 2 0 695 2098 2099
2794 1 2 0 695 2099 2100
2795 1 2 0 695 2100 2101
2796 1 2 0 695 2101 2102
2797 1 2 0 695 2102 2103
2798 1 2 0 695 2103 2104
2799 1 2 0 695 2104 2105
2800 1 2 0 695 2105 283
2801 1 2 0 696 280 282
2802 1 2 0 697 281 283
2803 1 2 0 698 83 2106
2804 1 2 0 698 2106 2107
2805 1 2 0 698 2107 2108
2806 1 2 0 698 2108 2109
2807 1 2 0 698 2109 2110
2808 1 2 0 698 2110 2111
2809 1 2 0 698 2111 2112
2810 1 2 0 698 2112 2113
2811 1 2 0 698 2113 2114
2812 1 2 0 698 2114 2115
2813 1 2 0 698 2115 2116
2814 1 2 0 698 2116 284
2815 1 2 0 699 284 2117
2816 1 2 0 699 2117 112
2817 1 2 0 700 282 284
2818 1 2 0 701 283 112
2819 1 2 0 702 277 2118
2820 1 2 0 702 2118 285
2821 1 2 0 703 268 2119
2822 1 2 0 703 2119 2120
2823 1 2 0 703 2120 2121
2824 1 2 0 703 2121 2122
2825 1 2 0 703 2122 2123
2826 1 2 0 703 2123 2124
2827 1 2 0 703 2124 2125
2828 1 2 0 703 2125 2126
2829 1 2 0 703 2126 2127
2830 1 2 0 703 2127 2128
2831 1 2 0 703 2128 2129
2832 1 2 0 703 2129 285
2833 1 2 0 704 279 2130
2834 1 2 0 704 2130 286
2835 1 2 0 705 269 2131
2836 1 2 0 705 2131 2132
2837 1 2 0 705 2132 2133
2838 1 2 0 705 2133 2134
2839 1 2 0 705 2134 2135
2840 1 2 0 705 2135 2136
2841 1 2 0 705 2136 2137
2842 1 2 0 705 2137 2138
2843 1 2 0 705 2138 2139
2844 1 2 0 705 2139 2140
2845 1 2 0 705 2140 2141
2846 1 2 0 705 2141 286
2847 1 2 0 706 285 286
2848 1 2 0 707 281 2142
2849 1 2 0 707 2142 287
2850 1 2 0 708 270 2143
2851 1 2 0 708 2143 2144
2852 1 2 0 708 2144 2145
2853 1 2 0 708 2145 2146
2854 1 2 0 708 2146 2147
2855 1 2 0 708 2147 2148
2856 1 2 0 708 2148 2149
2857 1 2 0 708 2149 2150
2858 1 2 0 708 2150 2151
2859 1 2 0 708 2151 2152
2860 1 2 0 708 2152 2153
2861 1 2 0 708 2153 287
2862 1 2 0 709 286 287
2863 1 2 0 710 283 2154
2864 1 2 0 710 2154 288
2865 1 2 0 711 271 2155
2866 1 2 0 711 2155 2156
2867 1 2 0 711 2156 2157
2868 1 2 0 711 2157 2158
2869 1 2 0 711 2158 2159
2870 1 2 0 711 2159 2160
2871 1 2 0 711 2160 2161
2872 1 2 0 711 2161 2162
2873 1 2 0 711 2162 2163
2874 1 2 0 711 2163 2164
2875 1 2 0 711 2164 2165
2876 1 2 0 711 2165 288
2877 1 2 0 712 287 288
2878 1 2 0 713 288 113
2879 1 2 0 714 285 2166
2880 1 2 0 714 2166 289
2881 1 2 0 715 272 2167
2882 1 2 0 715 2167 2168
2883 1 2 0 715 2168 2169
2884 1 2 0 715 2169 2170
2885 1 2 0 715 2170 2171
2886 1 2 0 715 2171 2172
2887 1 2 0 715 2172 2173
2888 1 2 0 715 2173 2174
2889 1 2 0 715 2174 2175
2890 1 2 0 715 2175 2176
2891 1 2 0 715 2176 2177
2892 1 2 0 715 2177 289
2893 1 2 0 716 286 2178
2894 1 2 0 716 2178 290
2895 1 2 0 717 273 2179
2896 1 2 0 717 2179 2180
2897 1 2 0 717 2180 2181
2898 1 2 0 717 2181 2182
2899 1 2 0 717 2182 2183
2900 1 2 0 717 2183 2184
2901 1 2 0 717 2184 2185
2902 1 2 0 717 2185 2186
2903 1 2 0 717 2186 2187
2904 1 2 0 717 2187 2188
2905 1 2 0 717 2188 2189
2906 1 2 0 717 2189 290
2907 1 2 0 718 289 290
2908 1 2 0 719 287 2190
2909 1 2 0 719 2190 291
2910 1 2 0 720 274 2191
2911 1 2 0 720 2191 2192
2912 1 2 0 720 2192 2193
2913 1 2 0 720 2193 2194
2914 1 2 0 720 2194 2195
2915 1 2 0 720 2195 2196
2916 1 2 0 720 2196 2197
2917 1 2 0 720 2197 2198
2918 1 2 0 720 2198 2199
2919 1 2 0 720 2199 2200
2920 1 2 0 720 2200 2201
2921 1 2 0 720 2201 291
2922 1 2 0 721 290 291
2923 1 2 0 722 288 2202
2924 1 2 0 722 2202 292
2925 1 2 0 723 275 2203
2926 1 2 0 723 2203 2204
2927 1 2 0 723 2204 2205
2928 1 2 0 723 2205 2206
2929 1 2 0 723 2206 2207
2930 1 2 0 723 2207 2208
2931 1 2 0 723 2208 2209
2932 1 2 0 723 2209 2210
2933 1 2 0 723 2210 2211
2934 1 2 0 723 2211 2212
2935 1 2 0 723 2212 2213
2936 1 2 0 723 2213 292
2937 1 2 0 724 291 292
2938 1 2 0 725 292 119
2939 1 2 0 726 276 293
2940 1 2 0 727 293 2214
2941 1 2 0 727 2214 294
2942 1 2 0 728 277 294
2943 1 2 0 729 278 295
2944 1 2 0 730 295 2215
2945 1 2 0 730 2215 296
2946 1 2 0 731 279 296
2947 1 2 0 732 293 295
2948 1 2 0 733 294 296
2949 1 2 0 734 280 297
2950 1 2 0 735 297 2216
2951 1 2 0 735 2216 298
2952 1 2 0 736 281 298
2953 1 2 0 737 295 297
2954 1 2 0 738 296 298
2955 1 2 0 739 282 299
2956 1 2 0 740 299 2217
2957 1 2 0 740 2217 300
2958 1 2 0 741 283 300
2959 1 2 0 742 297 299
2960 1 2 0 743 298 300
2961 1 2 0 744 284 301
2962 1 2 0 745 301 2218
2963 1 2 0 745 2218 135
2964 1 2 0 746 299 301
2965 1 2 0 747 300 135
2966 1 2 0 748 294 2219
2967 1 2 0 748 2219 302
2968 1 2 0 749 285 302
2969 1 2 0 750 296 2220
2970 1 2 0 750 2220 303
2971 1 2 0 751 286 303
2972 1 2 0 752 302 303
2973 1 2 0 753 298 2221
2974 1 2 0 753 2221 304
2975 1 2 0 754 287 304
2976 1 2 0 755 303 304
2977 1 2 0 756 300 2222
2978 1 2 0 756 2222 305
2979 1 2 0 757 288 305
2980 1 2 0 758 304 305
2981 1 2 0 759 305 136
2982 1 2 0 760 302 2223
2983 1 2 0 760 2223 306
2984 1 2 0 761 289 306
2985 1 2 0 762 303 2224
2986 1 2 0 762 2224 307
2987 1 2 0 763 290 307
2988 1 2 0 764 306 307
2989 1 2 0 765 304 2225
2990 1 2 0 765 2225 308
2991 1 2 0 766 291 308
2992 1 2 0 767 307 308
2993 1 2 0 768 305 2226
2994 1 2 0 768 2226 309
2995 1 2 0 769 292 309
2996 1 2 0 770 308 309
2997 1 2 0 771 309 142
2998 1 2 0 772 293 310
2999 1 2 0 773 310 2227
3000 1 2 0 773 2227 311
3001 1 2 0 774 294 311
3002 1 2 0 775 295 312
3003 1 2 0 776 312 2228
3004 1 2 0 776 2228 313
3005 1 2 0 777 296 313
3006 1 2 0 778 310 312
3007 1 2 0 779 311 313
3008 1 2 0 780 297 314
3009 1 2 0 781 314 2229
3010 1 2 0 781 2229 315
3011 1 2 0 782 298 315
3012 1 2 0 783 312 314
3013 1 2 0 784 313 315
3014 1 2 0 785 299 316
3015 1 2 0 786 316 2230
3016 1 2 0 786 2230 317
3017 1 2 0 787 300 317
3018 1 2 0 788 314 316
3019 1 2 0 789 315 317
3020 1 2 0 790 301 318
3021 1 2 0 791 318 2231
3022 1 2 0 791 2231 158
3023 1 2 0 792 316 318
3024 1 2 0 793 317 158
3025 1 2 0 794 311 2232
3026 1 2 0 794 2232 319
3027 1 2 0 795 302 319
3028 1 2 0 796 313 2233
3029 1 2 0 796 2233 320
3030 1 2 0 797 303 320
3031 1 2 0 798 319 320
3032 1 2 0 799 315 2234
3033 1 2 0 799 2234 321
3034 1 2 0 800 304 321
3035 1 2 0 801 320 321
3036 1 2 0 802 317 2235
3037 1 2 0 802 2235 322
3038 1 2 0 803 305 322
3039 1 2 0 804 321 322
3040 1 2 0 805 322 159
3041 1 2 0 806 319 2236
3042 1 2 0 806 2236 323
3043 1 2 0 807 306 323
3044 1 2 0 808 320 2237
3045 1 2 0 808 2237 324
3046 1 2 0 809 307 324
3047 1 2 0 810 323 324
3048 1 2 0 811 321 2238
3049 1 2 0 811 2238 325
3050 1 2 0 812 308 325
3051 1 2 0 813 324 325
3052 1 2 0 814 322 2239
3053 1 2 0 814 2239 326
3054 1 2 0 815 309 326
3055 1 2 0 816 325 326
3056 1 2 0 817 326 165
3057 1 2 0 818 310 327
3058 1 2 0 819 327 2240
3059 1 2 0 819 2240 328
3060 1 2 0 820 311 328
3061 1 2 0 821 312 329
3062 1 2 0 822 329 2241
3063 1 2 0 822 2241 330
3064 1 2 0 823 313 330
3065 1 2 0 824 327 329
3066 1 2 0 825 328 330
3067 1 2 0 826 314 331
3068 1 2 0 827 331 2242
3069 1 2 0 827 2242 332
3070 1 2 0 828 315 332
3071 1 2 0 829 329 331
3072 1 2 0 830 330 332
3073 1 2 0 831 316 333
3074 1 2 0 832 333 2243
3075 1 2 0 832 2243 334
3076 1 2 0 833 317 334
3077 1 2 0 834 331 333
3078 1 2 0 835 332 334
3079 1 2 0 836 318 335
3080 1 2 0 837 335 2244
3081 1 2 0 837 2244 181
3082 1 2 0 838 333 335
3083 1 2 0 839 334 181
3084 1 2 0 840 328 2245
3085 1 2 0 840 2245 336
3086 1 2 0 841 319 336
3087 1 2 0 842 330 2246
3088 1 2 0 842 2246 337
3089 1 2 0 843 320 337
3090 1 2 0 844 336 337
3091 1 2 0 845 332 2247
3092 1 2 0 845 2247 338
3093 1 2 0 846 321 338
3094 1 2 0 847 337 338
3095 1 2 0 848 334 2248
3096 1 2 0 848 2248 339
3097 1 2 0 849 322 339
3098 1 2 0 850 338 339
3099 1 2 0 851 339 182
3100 1 2 0 852 336 2249
3101 1 2 0 852 2249 340
3102 1 2 0 853 323 340
3103 1 2 0 854 337 2250
3104 1 2 0 854 2250 341
3105 1 2 0 855 324 341
3106 1 2 0 856 340 341
3107 1 2 0 857 338 2251
3108 1 2 0 857 2251 342
3109 1 2 0 858 325 342
3110 1 2 0 859 341 342
3111 1 2 0 860 339 2252
3112 1 2 0 860 2252 343
3113 1 2 0 861 326 343
3114 1 2 0 862 342 343
3115 1 2 0 863 343 188
3116 1 2 0 864 327 344
3117 1 2 0 865 344 2253
3118 1 2 0 865 2253 345
3119 1 2 0 866 328 345
3120 1 2 0 867 329 346
3121 1 2 0 868 346 2254
3122 1 2 0 868 2254 347
3123 1 2 0 869 330 347
3124 1 2 0 870 344 346
3125 1 2 0 871 345 347
3126 1 2 0 872 331 348
3127 1 2 0 873 348 2255
3128 1 2 0 873 2255 349
3129 1 2 0 874 332 349
3130 1 2 0 875 346 348
3131 1 2 0 876 347 349
3132 1 2 0 877 333 350
3133 1 2 0 878 350 2256
3134 1 2 0 878 2256 351
3135 1 2 0 879 334 351
3136 1 2 0 880 348 350
3137 1 2 0 881 349 351
3138 1 2 0 882 335 352
3139 1 2 0 883 352 2257
3140 1 2 0 883 2257 204
3141 1 2 0 884 350 352
3142 1 2 0 885 351 204
3143 1 2 0 886 345 2258
3144 1 2 0 886 2258 353
3145 1 2 0 887 336 353
3146 1 2 0 888 347 2259
3147 1 2 0 888 2259 354
3148 1 2 0 889 337 354
3149 1 2 0 890 353 354
3150 1 2 0 891 349 2260
3151 1 2 0 891 2260 355
3152 1 2 0 892 338 355
3153 1 2 0 893 354 355
3154 1 2 0 894 351 2261
3155 1 2 0 894 2261 356
3156 1 2 0 895 339 356
3157 1 2 0 896 355 356
3158 1 2 0 897 356 205
3159 1 2 0 898 353 2262
3160 1 2 0 898 2262 357
3161 1 2 0 899 340 357
3162 1 2 0 900 354 2263
3163 1 2 0 900 2263 358
3164 1 2 0 901 341 358
3165 1 2 0 902 357 358
3166 1 2 0 903 355 2264
3167 1 2 0 903 2264 359
3168 1 2 0 904 342 359
3169 1 2 0 905 358 359
3170 1 2 0 906 356 2265
3171 1 2 0 906 2265 360
3172 1 2 0 907 343 360
3173 1 2 0 908 359 360
3174 1 2 0 909 360 211
3175 3 2 0 1 1 361 2266 384
3176 3 2 0 1 384 2266 373 4
3177 3 2 0 1 361 362 2267 2266
3178 3 2 0 1 2266 2267 374 373
3179 3 2 0 1 362 363 2268 2267
3180 3 2 0 1 2267 2268 375 374
3181 3 2 0 1 363 364 2269 2268
3182 3 2 0 1 2268 2269 376 375
3183 3 2 0 1 364 365 2270 2269
3184 3 2 0 1 2269 2270 377 376
3185 3 2 0 1 365 366 2271 2270
3186 3 2 0 1 2270 2271 378 377
3187 3 2 0 1 366 367 2272 2271
3188 3 2 0 1 2271 2272 379 378
3189 3 2 0 1 367 368 2273 2272
3190 3 2 0 1 2272 2273 380 379
3191 3 2 0 1 368 369 2274 2273
3192 3 2 0 1 2273 2274 381 380
3193 3 2 0 1 369 370 2275 2274
3194 3 2 0 1 2274 2275 382 381
3195 3 2 0 1 370 371 2276 2275
3196 3 2 0 1 2275 2276 383 382
3197 3 2 0 1 371 2 372 2276
3198 3 2 0 1 2276 372 3 383
3199 3 2 0 2 5 408 2277 385
3200 3 2 0 2 408 8 397 2277
3201 3 2 0 2 385 2277 2278 386
3202 3 2 0 2 2277 397 398 2278
3203 3 2 0 2 386 2278 2279 387
3204 3 2 0 2 2278 398 399 2279
3205 3 2 0 2 387 2279 2280 388
3206 3 2 0 2 2279 399 400 2280
3207 3 2 0 2 388 2280 2281 389
3208 3 2 0 2 2280 400 401 2281
3209 3 2 0 2 389 2281 2282 390
3210 3 2 0 2 2281 401 402 2282
3211 3 2 0 2 390 2282 2283 391
3212 3 2 0 2 2282 402 403 2283
3213 3 2 0 2 391 2283 2284 392
3214 3 2 0 2 2283 403 404 2284
3215 3 2 0 2 392 2284 2285 393
3216 3 2 0 2 2284 404 405 2285
3217 3 2 0 2 393 2285 2286 394
3218 3 2 0 2 2285 405 406 2286
3219 3 2 0 2 394 2286 2287 395
3220 3 2 0 2 2286 406 407 2287
3221 3 2 0 2 395 2287 396 6
3222 3 2 0 2 2287 407 7 396
3223 3 2 0 3 1 5 385 361
3224 3 2 0 3 361 385 386 362
3225 3 2 0 3 362 386 387 363
3226 3 2 0 3 363 387 388 364
3227 3 2 0 3 364 388 389 365
3228 3 2 0 3 365 389 390 366
3229 3 2 0 3 366 390 391 367
3230 3 2 0 3 367 391 392 368
3231 3 2 0 3 368 392 393 369
3232 3 2 0 3 369 393 394 370
3233 3 2 0 3 370 394 395 371
3234 3 2 0 3 371 395 6 2
3235 3 2 0 4 4 373 397 8
3236 3 2 0 4 373 374 398 397
3237 3 2 0 4 374 375 399 398
3238 3 2 0 4 375 376 400 399
3239 3 2 0 4 376 377 401 400
3240 3 2 0 4 377 378 402 401
3241 3 2 0 4 378 379 403 402
3242 3 2 0 4 379 380 404 403
3243 3 2 0 4 380 381 405 404
3244 3 2 0 4 381 382 406 405
3245 3 2 0 4 382 383 407 406
3246 3 2 0 4 383 3 7 407
3247 3 2 0 5 1 384 408 5
3248 3 2 0 5 384 4 8 408
3249 3 2 0 6 2 6 396 372
3250 3 2 0 6 372 396 7 3
3251 3 2 0 7 9 432 2288 409
3252 3 2 0 7 432 12 421 2288
3253 3 2 0 7 409 2288 2289 410
3254 3 2 0 7 2288 421 422 2289
3255 3 2 0 7 410 2289 2290 411
3256 3 2 0 7 2289 422 423 2290
3257 3 2 0 7 411 2290 2291 412
3258 3 2 0 7 2290 423 424 2291
3259 3 2 0 7 412 2291 2292 413
3260 3 2 0 7 2291 424 425 2292
3261 3 2 0 7 413 2292 2293 414
3262 3 2 0 7 2292 425 426 2293
3263 3 2 0 7 414 2293 2294 415
3264 3 2 0 7 2293 426 427 2294
3265 3 2 0 7 415 2294 2295 416
3266 3 2 0 7 2294 427 428 2295
3267 3 2 0 7 416 2295 2296 417
3268 3 2 0 7 2295 428 429 2296
3269 3 2 0 7 417 2296 2297 418
3270 3 2 0 7 2296 429 430 2297
3271 3 2 0 7 418 2297 2298 419
3272 3 2 0 7 2297 430 431 2298
3273 3 2 0 7 419 2298 420 10
3274 3 2 0 7 2298 431 11 420
3275 3 2 0 8 5 9 409 385
3276 3 2 0 8 385 409 410 386
3277 3 2 0 8 386 410 411 387
3278 3 2 0 8 387 411 412 388
3279 3 2 0 8 388 412 413 389
3280 3 2 0 8 389 413 414 390
3281 3 2 0 8 390 414 415 391
3282 3 2 0 8 391 415 416 392
3283 3 2 0 8 392 416 417 393
3284 3 2 0 8 393 417 418 394
3285 3 2 0 8 394 418 419 395
3286 3 2 0 8 395 419 10 6
3287 3 2 0 9 8 397 421 12
3288 3 2 0 9 397 398 422 421
3289 3 2 0 9 398 399 423 422
3290 3 2 0 9 399 400 424 423
3291 3 2 0 9 400 401 425 424
3292 3 2 0 9 401 402 426 425
3293 3 2 0 9 402 403 427 426
3294 3 2 0 9 403 404 428 427
3295 3 2 0 9 404 405 429 428
3296 3 2 0 9 405 406 430 429
3297 3 2 0 9 406 407 431 430
3298 3 2 0 9 407 7 11 431
3299 3 2 0 10 5 408 432 9
3300 3 2 0 10 408 8 12 432
3301 3 2 0 11 6 10 420 396
3302 3 2 0 11 396 420 11 7
3303 3 2 0 12 13 456 2299 433
3304 3 2 0 12 456 16 445 2299
3305 3 2 0 12 433 2299 2300 434
3306 3 2 0 12 2299 445 446 2300
3307 3 2 0 12 434 2300 2301 435
3308 3 2 0 12 2300 446 447 2301
3309 3 2 0 12 435 2301 2302 436
3310 3 2 0 12 2301 447 448 2302
3311 3 2 0 12 436 2302 2303 437
3312 3 2 0 12 2302 448 449 2303
3313 3 2 0 12 437 2303 2304 438
3314 3 2 0 12 2303 449 450 2304
3315 3 2 0 12 438 2304 2305 439
3316 3 2 0 12 2304 450 451 2305
3317 3 2 0 12 439 2305 2306 440
3318 3 2 0 12 2305 451 452 2306
3319 3 2 0 12 440 2306 2307 441
3320 3 2 0 12 2306 452 453 2307
3321 3 2 0 12 441 2307 2308 442
3322 3 2 0 12 2307 453 454 2308
3323 3 2 0 12 442 2308 2309 443
3324 3 2 0 12 2308 454 455 2309
3325 3 2 0 12 443 2309 444 14
3326 3 2 0 12 2309 455 15 444
3327 3 2 0 13 9 13 433 409
3328 3 2 0 13 409 433 434 410
3329 3 2 0 13 410 434 435 411
3330 3 2 0 13 411 435 436 412
3331 3 2 0 13 412 436 437 413
3332 3 2 0 13 413 437 438 414
3333 3 2 0 13 414 438 439 415
3334 3 2 0 13 415 439 440 416
3335 3 2 0 13 416 440 441 417
3336 3 2 0 13 417 441 442 418
3337 3 2 0 13 418 442 443 419
3338 3 2 0 13 419 443 14 10
3339 3 2 0 14 12 421 445 16
3340 3 2 0 14 421 422 446 445
3341 3 2 0 14 422 423 447 446
3342 3 2 0 14 423 424 448 447
3343 3 2 0 14 424 425 449 448
3344 3 2 0 14 425 426 450 449
3345 3 2 0 14 426 427 451 450
3346 3 2 0 14 427 428 452 451
3347 3 2 0 14 428 429 453 452
3348 3 2 0 14 429 430 454 453
3349 3 2 0 14 430 431 455 454
3350 3 2 0 14 431 11 15 455
3351 3 2 0 15 9 432 456 13
3352 3 2 0 15 432 12 16 456
3353 3 2 0 16 10 14 444 420
3354 3 2 0 16 420 444 15 11
3355 3 2 0 17 17 480 2310 457
3356 3 2 0 17 480 20 469 2310
3357 3 2 0 17 457 2310 2311 458
3358 3 2 0 17 2310 469 470 2311
3359 3 2 0 17 458 2311 2312 459
3360 3 2 0 17 2311 470 471 2312
3361 3 2 0 17 459 2312 2313 460
3362 3 2 0 17 2312 471 472 2313
3363 3 2 0 17 460 2313 2314 461
3364 3 2 0 17 2313 472 473 2314
3365 3 2 0 17 461 2314 2315 462
3366 3 2 0 17 2314 473 474 2315
3367 3 2 0 17 462 2315 2316 463
3368 3 2 0 17 2315 474 475 2316
3369 3 2 0 17 463 2316 2317 464
3370 3 2 0 17 2316 475 476 2317
3371 3 2 0 17 464 2317 2318 465
3372 3 2 0 17 2317 476 477 2318
3373 3 2 0 17 465 2318 2319 466
3374 3 2 0 17 2318 477 478 2319
3375 3 2 0 17 466 2319 2320 467
3376 3 2 0 17 2319 478 479 2320
3377 3 2 0 17 467 2320 468 18
3378 3 2 0 17 2320 479 19 468
3379 3 2 0 18 13 17 457 433
3380 3 2 0 18 433 457 458 434
3381 3 2 0 18 434 458 459 435
3382 3 2 0 18 435 459 460 436
3383 3 2 0 18 436 460 461 437
3384 3 2 0 18 437 461 462 438
3385 3 2 0 18 438 462 463 439
3386 3 2 0 18 439 463 464 440
3387 3 2 0 18 440 464 465 441
3388 3 2 0 18 441 465 466 442
3389 3 2 0 18 442 466 467 443
3390 3 2 0 18 443 467 18 14
3391 3 2 0 19 16 445 469 20
3392 3 2 0 19 445 446 470 469
3393 3 2 0 19 446 447 471 470
3394 3 2 0 19 447 448 472 471
3395 3 2 0 19 448 449 473 472
3396 3 2 0 19 449 450 474 473
3397 3 2 0 19 450 451 475 474
3398 3 2 0 19 451 452 476 475
3399 3 2 0 19 452 453 477 476
3400 3 2 0 19 453 454 478 477
3401 3 2 0 19 454 455 479 478
3402 3 2 0 19 455 15 19 479
3403 3 2 0 20 13 456 480 17
3404 3 2 0 20 456 16 20 480
3405 3 2 0 21 14 18 468 444
3406 3 2 0 21 444 468 19 15
3407 3 2 0 22 21 504 2321 481
3408 3 2 0 22 504 24 493 2321
3409 3 2 0 22 481 2321 2322 482
3410 3 2 0 22 2321 493 494 2322
3411 3 2 0 22 482 2322 2323 483
3412 3 2 0 22 2322 494 495 2323
3413 3 2 0 22 483 2323 2324 484
3414 3 2 0 22 2323 495 496 2324
3415 3 2 0 22 484 2324 2325 485
3416 3 2 0 22 2324 496 497 2325
3417 3 2 0 22 485 2325 2326 486
3418 3 2 0 22 2325 497 498 2326
3419 3 2 0 22 486 2326 2327 487
3420 3 2 0 22 2326 498 499 2327
3421 3 2 0 22 487 2327 2328 488
3422 3 2 0 22 2327 499 500 2328
3423 3 2 0 22 488 2328 2329 489
3424 3 2 0 22 2328 500 501 2329
3425 3 2 0 22 489 2329 2330 490
3426 3 2 0 22 2329 501 502 2330
3427 3 2 0 22 490 2330 2331 491
3428 3 2 0 22 2330 502 503 2331
3429 3 2 0 22 491 2331 492 22
3430 3 2 0 22 2331 503 23 492
3431 3 2 0 23 17 505 2332 457
3432 3 2 0 23 457 2332 2333 458
3433 3 2 0 23 458 2333 2334 459
3434 3 2 0 23 459 2334 2335 460
3435 3 2 0 23 460 2335 2336 461
3436 3 2 0 23 461 2336 2337 462
3437 3 2 0 23 462 2337 2338 463
3438 3 2 0 23 463 2338 2339 464
3439 3 2 0 23 464 2339 2340 465
3440 3 2 0 23 465 2340 2341 466
3441 3 2 0 23 466 2341 2342 467
3442 3 2 0 23 467 2342 510 18
3443 3 2 0 23 505 506 2343 2332
3444 3 2 0 23 2332 2343 2344 2333
3445 3 2 0 23 2333 2344 2345 2334
3446 3 2 0 23 2334 2345 2346 2335
3447 3 2 0 23 2335 2346 2347 2336
3448 3 2 0 23 2336 2347 2348 2337
3449 3 2 0 23 2337 2348 2349 2338
3450 3 2 0 23 2338 2349 2350 2339
3451 3 2 0 23 2339 2350 2351 2340
3452 3 2 0 23 2340 2351 2352 2341
3453 3 2 0 23 2341 2352 2353 2342
3454 3 2 0 23 2342 2353 511 510
3455 3 2 0 23 506 507 2354 2343
3456 3 2 0 23 2343 2354 2355 2344
3457 3 2 0 23 2344 2355 2356 2345
3458 3 2 0 23 2345 2356 2357 2346
3459 3 2 0 23 2346 2357 2358 2347
3460 3 2 0 23 2347 2358 2359 2348
3461 3 2 0 23 2348 2359 2360 2349
3462 3 2 0 23 2349 2360 2361 2350
3463 3 2 0 23 2350 2361 2362 2351
3464 3 2 0 23 2351 2362 2363 2352
3465 3 2 0 23 2352 2363 2364 2353
3466 3 2 0 23 2353 2364 512 511
3467 3 2 0 23 507 508 2365 2354
3468 3 2 0 23 2354 2365 2366 2355
3469 3 2 0 23 2355 2366 2367 2356
3470 3 2 0 23 2356 2367 2368 2357
3471 3 2 0 23 2357 2368 2369 2358
3472 3 2 0 23 2358 2369 2370 2359
3473 3 2 0 23 2359 2370 2371 2360
3474 3 2 0 23 2360 2371 2372 2361
3475 3 2 0 23 2361 2372 2373 2362
3476 3 2 0 23 2362 2373 2374 2363
3477 3 2 0 23 2363 2374 2375 2364
3478 3 2 0 23 2364 2375 513 512
3479 3 2 0 23 508 509 2376 2365
3480 3 2 0 23 2365 2376 2377 2366
3481 3 2 0 23 2366 2377 2378 2367
3482 3 2 0 23 2367 2378 2379 2368
3483 3 2 0 23 2368 2379 2380 2369
3484 3 2 0 23 2369 2380 2381 2370
3485 3 2 0 23 2370 2381 2382 2371
3486 3 2 0 23 2371 2382 2383 2372
3487 3 2 0 23 2372 2383 2384 2373
3488 3 2 0 23 2373 2384 2385 2374
3489 3 2 0 23 2374 2385 2386 2375
3490 3 2 0 23 2375 2386 514 513
3491 3 2 0 23 509 21 481 2376
3492 3 2 0 23 2376 481 482 2377
3493 3 2 0 23 2377 482 483 2378
3494 3 2 0 23 2378 483 484 2379
3495 3 2 0 23 2379 484 485 2380
3496 3 2 0 23 2380 485 486 2381
3497 3 2 0 23 2381 486 487 2382
3498 3 2 0 23 2382 487 488 2383
3499 3 2 0 23 2383 488 489 2384
3500 3 2 0 23 2384 489 490 2385
3501 3 2 0 23 2385 490 491 2386
3502 3 2 0 23 2386 491 22 514
3503 3 2 0 24 20 469 2387 515
3504 3 2 0 24 469 470 2388 2387
3505 3 2 0 24 470 471 2389 2388
3506 3 2 0 24 471 472 2390 2389
3507 3 2 0 24 472 473 2391 2390
3508 3 2 0 24 473 474 2392 2391
3509 3 2 0 24 474 475 2393 2392
3510 3 2 0 24 475 476 2394 2393
3511 3 2 0 24 476 477 2395 2394
3512 3 2 0 24 477 478 2396 2395
3513 3 2 0 24 478 479 2397 2396
3514 3 2 0 24 479 19 520 2397
3515 3 2 0 24 515 2387 2398 516
3516 3 2 0 24 2387 2388 2399 2398
3517 3 2 0 24 2388 2389 2400 2399
3518 3 2 0 24 2389 2390 2401 2400
3519 3 2 0 24 2390 2391 2402 2401
3520 3 2 0 24 2391 2392 2403 2402
3521 3 2 0 24 2392 2393 2404 2403
3522 3 2 0 24 2393 2394 2405 2404
3523 3 2 0 24 2394 2395 2406 2405
3524 3 2 0 24 2395 2396 2407 2406
3525 3 2 0 24 2396 2397 2408 2407
3526 3 2 0 24 2397 520 521 2408
3527 3 2 0 24 516 2398 2409 517
3528 3 2 0 24 2398 2399 2410 2409
3529 3 2 0 24 2399 2400 2411 2410
3530 3 2 0 24 2400 2401 2412 2411
3531 3 2 0 24 2401 2402 2413 2412
3532 3 2 0 24 2402 2403 2414 2413
3533 3 2 0 24 2403 2404 2415 2414
3534 3 2 0 24 2404 2405 2416 2415
3535 3 2 0 24 2405 2406 2417 2416
3536 3 2 0 24 2406 2407 2418 2417
3537 3 2 0 24 2407 2408 2419 2418
3538 3 2 0 24 2408 521 522 2419
3539 3 2 0 24 517 2409 2420 518
3540 3 2 0 24 2409 2410 2421 2420
3541 3 2 0 24 2410 2411 2422 2421
3542 3 2 0 24 2411 2412 2423 2422
3543 3 2 0 24 2412 2413 2424 2423
3544 3 2 0 24 2413 2414 2425 2424
3545 3 2 0 24 2414 2415 2426 2425
3546 3 2 0 24 2415 2416 2427 2426
3547 3 2 0 24 2416 2417 2428 2427
3548 3 2 0 24 2417 2418 2429 2428
3549 3 2 0 24 2418 2419 2430 2429
3550 3 2 0 24 2419 522 523 2430
3551 3 2 0 24 518 2420 2431 519
3552 3 2 0 24 2420 2421 2432 2431
3553 3 2 0 24 2421 2422 2433 2432
3554 3 2 0 24 2422 2423 2434 2433
3555 3 2 0 24 2423 2424 2435 2434
3556 3 2 0 24 2424 2425 2436 2435
3557 3 2 0 24 2425 2426 2437 2436
3558 3 2 0 24 2426 2427 2438 2437
3559 3 2 0 24 2427 2428 2439 2438
3560 3 2 0 24 2428 2429 2440 2439
3561 3 2 0 24 2429 2430 2441 2440
3562 3 2 0 24 2430 523 524 2441
3563 3 2 0 24 519 2431 493 24
3564 3 2 0 24 2431 2432 494 493
3565 3 2 0 24 2432 2433 495 494
3566 3 2 0 24 2433 2434 496 495
3567 3 2 0 24 2434 2435 497 496
3568 3 2 0 24 2435 2436 498 497
3569 3 2 0 24 2436 2437 499 498
3570 3 2 0 24 2437 2438 500 499
3571 3 2 0 24 2438 2439 501 500
3572 3 2 0 24 2439 2440 502 501
3573 3 2 0 24 2440 2441 503 502
3574 3 2 0 24 2441 524 23 503
3575 3 2 0 25 17 480 2442 505
3576 3 2 0 25 505 2442 2443 506
3577 3 2 0 25 506 2443 2444 507
3578 3 2 0 25 507 2444 2445 508
3579 3 2 0 25 508 2445 2446 509
3580 3 2 0 25 509 2446 504 21
3581 3 2 0 25 480 20 515 2442
3582 3 2 0 25 2442 515 516 2443
3583 3 2 0 25 2443 516 517 2444
3584 3 2 0 25 2444 517 518 2445
3585 3 2 0 25 2445 518 519 2446
3586 3 2 0 25 2446 519 24 504
3587 3 2 0 26 18 510 2447 468
3588 3 2 0 26 510 511 2448 2447
3589 3 2 0 26 511 512 2449 2448
3590 3 2 0 26 512 513 2450 2449
3591 3 2 0 26 513 514 2451 2450
3592 3 2 0 26 514 22 492 2451
3593 3 2 0 26 468 2447 520 19
3594 3 2 0 26 2447 2448 521 520
3595 3 2 0 26 2448 2449 522 521
3596 3 2 0 26 2449 2450 523 522
3597 3 2 0 26 2450 2451 524 523
3598 3 2 0 26 2451 492 23 524
3599 3 2 0 27 4 373 2452 537
3600 3 2 0 27 537 2452 526 26
3601 3 2 0 27 373 374 2453 2452
3602 3 2 0 27 2452 2453 527 526
3603 3 2 0 27 374 375 2454 2453
3604 3 2 0 27 2453 2454 528 527
3605 3 2 0 27 375 376 2455 2454
3606 3 2 0 27 2454 2455 529 528
3607 3 2 0 27 376 377 2456 2455
3608 3 2 0 27 2455 2456 530 529
3609 3 2 0 27 377 378 2457 2456
3610 3 2 0 27 2456 2457 531 530
3611 3 2 0 27 378 379 2458 2457
3612 3 2 0 27 2457 2458 532 531
3613 3 2 0 27 379 380 2459 2458
3614 3 2 0 27 2458 2459 533 532
3615 3 2 0 27 380 381 2460 2459
3616 3 2 0 27 2459 2460 534 533
3617 3 2 0 27 381 382 2461 2460
3618 3 2 0 27 2460 2461 535 534
3619 3 2 0 27 382 383 2462 2461
3620 3 2 0 27 2461 2462 536 535
3621 3 2 0 27 383 3 525 2462
3622 3 2 0 27 2462 525 25 536
3623 3 2 0 28 8 550 2463 397
3624 3 2 0 28 550 28 539 2463
3625 3 2 0 28 397 2463 2464 398
3626 3 2 0 28 2463 539 540 2464
3627 3 2 0 28 398 2464 2465 399
3628 3 2 0 28 2464 540 541 2465
3629 3 2 0 28 399 2465 2466 400
3630 3 2 0 28 2465 541 542 2466
3631 3 2 0 28 400 2466 2467 401
3632 3 2 0 28 2466 542 543 2467
3633 3 2 0 28 401 2467 2468 402
3634 3 2 0 28 2467 543 544 2468
3635 3 2 0 28 402 2468 2469 403
3636 3 2 0 28 2468 544 545 2469
3637 3 2 0 28 403 2469 2470 404
3638 3 2 0 28 2469 545 546 2470
3639 3 2 0 28 404 2470 2471 405
3640 3 2 0 28 2470 546 547 2471
3641 3 2 0 28 405 2471 2472 406
3642 3 2 0 28 2471 547 548 2472
3643 3 2 0 28 406 2472 2473 407
3644 3 2 0 28 2472 548 549 2473
3645 3 2 0 28 407 2473 538 7
3646 3 2 0 28 2473 549 27 538
3647 3 2 0 29 26 526 539 28
3648 3 2 0 29 526 527 540 539
3649 3 2 0 29 527 528 541 540
3650 3 2 0 29 528 529 542 541
3651 3 2 0 29 529 530 543 542
3652 3 2 0 29 530 531 544 543
3653 3 2 0 29 531 532 545 544
3654 3 2 0 29 532 533 546 545
3655 3 2 0 29 533 534 547 546
3656 3 2 0 29 534 535 548 547
3657 3 2 0 29 535 536 549 548
3658 3 2 0 29 536 25 27 549
3659 3 2 0 30 4 537 550 8
3660 3 2 0 30 537 26 28 550
3661 3 2 0 31 3 7 538 525
3662 3 2 0 31 525 538 27 25
3663 3 2 0 32 12 563 2474 421
3664 3 2 0 32 563 30 552 2474
3665 3 2 0 32 421 2474 2475 422
3666 3 2 0 32 2474 552 553 2475
3667 3 2 0 32 422 2475 2476 423
3668 3 2 0 32 2475 553 554 2476
3669 3 2 0 32 423 2476 2477 424
3670 3 2 0 32 2476 554 555 2477
3671 3 2 0 32 424 2477 2478 425
3672 3 2 0 32 2477 555 556 2478
3673 3 2 0 32 425 2478 2479 426
3674 3 2 0 32 2478 556 557 2479
3675 3 2 0 32 426 2479 2480 427
3676 3 2 0 32 2479 557 558 2480
3677 3 2 0 32 427 2480 2481 428
3678 3 2 0 32 2480 558 559 2481
3679 3 2 0 32 428 2481 2482 429
3680 3 2 0 32 2481 559 560 2482
3681 3 2 0 32 429 2482 2483 430
3682 3 2 0 32 2482 560 561 2483
3683 3 2 0 32 430 2483 2484 431
3684 3 2 0 32 2483 561 562 2484
3685 3 2 0 32 431 2484 551 11
3686 3 2 0 32 2484 562 29 551
3687 3 2 0 33 28 539 552 30
3688 3 2 0 33 539 540 553 552
3689 3 2 0 33 540 541 554 553
3690 3 2 0 33 541 542 555 554
3691 3 2 0 33 542 543 556 555
3692 3 2 0 33 543 544 557 556
3693 3 2 0 33 544 545 558 557
3694 3 2 0 33 545 546 559 558
3695 3 2 0 33 546 547 560 559
3696 3 2 0 33 547 548 561 560
3697 3 2 0 33 548 549 562 561
3698 3 2 0 33 549 27 29 562
3699 3 2 0 34 8 550 563 12
3700 3 2 0 34 550 28 30 563
3701 3 2 0 35 7 11 551 538
3702 3 2 0 35 538 551 29 27
3703 3 2 0 36 16 576 2485 445
3704 3 2 0 36 576 32 565 2485
3705 3 2 0 36 445 2485 2486 446
3706 3 2 0 36 2485 565 566 2486
3707 3 2 0 36 446 2486 2487 447
3708 3 2 0 36 2486 566 567 2487
3709 3 2 0 36 447 2487 2488 448
3710 3 2 0 36 2487 567 568 2488
3711 3 2 0 36 448 2488 2489 449
3712 3 2 0 36 2488 568 569 2489
3713 3 2 0 36 449 2489 2490 450
3714 3 2 0 36 2489 569 570 2490
3715 3 2 0 36 450 2490 2491 451
3716 3 2 0 36 2490 570 571 2491
3717 3 2 0 36 451 2491 2492 452
3718 3 2 0 36 2491 571 572 2492
3719 3 2 0 36 452 2492 2493 453
3720 3 2 0 36 2492 572 573 2493
3721 3 2 0 36 453 2493 2494 454
3722 3 2 0 36 2493 573 574 2494
3723 3 2 0 36 454 2494 2495 455
3724 3 2 0 36 2494 574 575 2495
3725 3 2 0 36 455 2495 564 15
3726 3 2 0 36 2495 575 31 564
3727 3 2 0 37 30 552 565 32
3728 3 2 0 37 552 553 566 565
3729 3 2 0 37 553 554 567 566
3730 3 2 0 37 554 555 568 567
3731 3 2 0 37 555 556 569 568
3732 3 2 0 37 556 557 570 569
3733 3 2 0 37 557 558 571 570
3734 3 2 0 37 558 559 572 571
3735 3 2 0 37 559 560 573 572
3736 3 2 0 37 560 561 574 573
3737 3 2 0 37 561 562 575 574
3738 3 2 0 37 562 29 31 575
3739 3 2 0 38 12 563 576 16
3740 3 2 0 38 563 30 32 576
3741 3 2 0 39 11 15 564 551
3742 3 2 0 39 551 564 31 29
3743 3 2 0 40 20 589 2496 469
3744 3 2 0 40 589 34 578 2496
3745 3 2 0 40 469 2496 2497 470
3746 3 2 0 40 2496 578 579 2497
3747 3 2 0 40 470 2497 2498 471
3748 3 2 0 40 2497 579 580 2498
3749 3 2 0 40 471 2498 2499 472
3750 3 2 0 40 2498 580 581 2499
3751 3 2 0 40 472 2499 2500 473
3752 3 2 0 40 2499 581 582 2500
3753 3 2 0 40 473 2500 2501 474
3754 3 2 0 40 2500 582 583 2501
3755 3 2 0 40 474 2501 2502 475
3756 3 2 0 40 2501 583 584 2502
3757 3 2 0 40 475 2502 2503 476
3758 3 2 0 40 2502 584 585 2503
3759 3 2 0 40 476 2503 2504 477
3760 3 2 0 40 2503 585 586 2504
3761 3 2 0 40 477 2504 2505 478
3762 3 2 0 40 2504 586 587 2505
3763 3 2 0 40 478 2505 2506 479
3764 3 2 0 40 2505 587 588 2506
3765 3 2 0 40 479 2506 577 19
3766 3 2 0 40 2506 588 33 577
3767 3 2 0 41 32 565 578 34
3768 3 2 0 41 565 566 579 578
3769 3 2 0 41 566 567 580 579
3770 3 2 0 41 567 568 581 580
3771 3 2 0 41 568 569 582 581
3772 3 2 0 41 569 570 583 582
3773 3 2 0 41 570 571 584 583
3774 3 2 0 41 571 572 585 584
3775 3 2 0 41 572 573 586 585
3776 3 2 0 41 573 574 587 586
3777 3 2 0 41 574 575 588 587
3778 3 2 0 41 575 31 33 588
3779 3 2 0 42 16 576 589 20
3780 3 2 0 42 576 32 34 589
3781 3 2 0 43 15 19 577 564
3782 3 2 0 43 564 577 33 31
3783 3 2 0 44 24 602 2507 493
3784 3 2 0 44 602 36 591 2507
3785 3 2 0 44 493 2507 2508 494
3786 3 2 0 44 2507 591 592 2508
3787 3 2 0 44 494 2508 2509 495
3788 3 2 0 44 2508 592 593 2509
3789 3 2 0 44 495 2509 2510 496
3790 3 2 0 44 2509 593 594 2510
3791 3 2 0 44 496 2510 2511 497
3792 3 2 0 44 2510 594 595 2511
3793 3 2 0 44 497 2511 2512 498
3794 3 2 0 44 2511 595 596 2512
3795 3 2 0 44 498 2512 2513 499
3796 3 2 0 44 2512 596 597 2513
3797 3 2 0 44 499 2513 2514 500
3798 3 2 0 44 2513 597 598 2514
3799 3 2 0 44 500 2514 2515 501
3800 3 2 0 44 2514 598 599 2515
3801 3 2 0 44 501 2515 2516 502
3802 3 2 0 44 2515 599 600 2516
3803 3 2 0 44 502 2516 2517 503
3804 3 2 0 44 2516 600 601 2517
3805 3 2 0 44 503 2517 590 23
3806 3 2 0 44 2517 601 35 590
3807 3 2 0 45 34 578 2518 603
3808 3 2 0 45 578 579 2519 2518
3809 3 2 0 45 579 580 2520 2519
3810 3 2 0 45 580 581 2521 2520
3811 3 2 0 45 581 582 2522 2521
3812 3 2 0 45 582 583 2523 2522
3813 3 2 0 45 583 584 2524 2523
3814 3 2 0 45 584 585 2525 2524
3815 3 2 0 45 585 586 2526 2525
3816 3 2 0 45 586 587 2527 2526
3817 3 2 0 45 587 588 2528 2527
3818 3 2 0 45 588 33 608 2528
3819 3 2 0 45 603 2518 2529 604
3820 3 2 0 45 2518 2519 2530 2529
3821 3 2 0 45 2519 2520 2531 2530
3822 3 2 0 45 2520 2521 2532 2531
3823 3 2 0 45 2521 2522 2533 2532
3824 3 2 0 45 2522 2523 2534 2533
3825 3 2 0 45 2523 2524 2535 2534
3826 3 2 0 45 2524 2525 2536 2535
3827 3 2 0 45 2525 2526 2537 2536
3828 3 2 0 45 2526 2527 2538 2537
3829 3 2 0 45 2527 2528 2539 2538
3830 3 2 0 45 2528 608 609 2539
3831 3 2 0 45 604 2529 2540 605
3832 3 2 0 45 2529 2530 2541 2540
3833 3 2 0 45 2530 2531 2542 2541
3834 3 2 0 45 2531 2532 2543 2542
3835 3 2 0 45 2532 2533 2544 2543
3836 3 2 0 45 2533 2534 2545 2544
3837 3 2 0 45 2534 2535 2546 2545
3838 3 2 0 45 2535 2536 2547 2546
3839 3 2 0 45 2536 2537 2548 2547
3840 3 2 0 45 2537 2538 2549 2548
3841 3 2 0 45 2538 2539 2550 2549
3842 3 2 0 45 2539 609 610 2550
3843 3 2 0 45 605 2540 2551 606
3844 3 2 0 45 2540 2541 2552 2551
3845 3 2 0 45 2541 2542 2553 2552
3846 3 2 0 45 2542 2543 2554 2553
3847 3 2 0 45 2543 2544 2555 2554
3848 3 2 0 45 2544 2545 2556 2555
3849 3 2 0 45 2545 2546 2557 2556
3850 3 2 0 45 2546 2547 2558 2557
3851 3 2 0 45 2547 2548 2559 2558
3852 3 2 0 45 2548 2549 2560 2559
3853 3 2 0 45 2549 2550 2561 2560
3854 3 2 0 45 2550 610 611 2561
3855 3 2 0 45 606 2551 2562 607
3856 3 2 0 45 2551 2552 2563 2562
3857 3 2 0 45 2552 2553 2564 2563
3858 3 2 0 45 2553 2554 2565 2564
3859 3 2 0 45 2554 2555 2566 2565
3860 3 2 0 45 2555 2556 2567 2566
3861 3 2 0 45 2556 2557 2568 2567
3862 3 2 0 45 2557 2558 2569 2568
3863 3 2 0 45 2558 2559 2570 2569
3864 3 2 0 45 2559 2560 2571 2570
3865 3 2 0 45 2560 2561 2572 2571
3866 3 2 0 45 2561 611 612 2572
3867 3 2 0 45 607 2562 591 36
3868 3 2 0 45 2562 2563 592 591
3869 3 2 0 45 2563 2564 593 592
3870 3 2 0 45 2564 2565 594 593
3871 3 2 0 45 2565 2566 595 594
3872 3 2 0 45 2566 2567 596 595
3873 3 2 0 45 2567 2568 597 596
3874 3 2 0 45 2568 2569 598 597
3875 3 2 0 45 2569 2570 599 598
3876 3 2 0 45 2570 2571 600 599
3877 3 2 0 45 2571 2572 601 600
3878 3 2 0 45 2572 612 35 601
3879 3 2 0 46 20 589 2573 515
3880 3 2 0 46 515 2573 2574 516
3881 3 2 0 46 516 2574 2575 517
3882 3 2 0 46 517 2575 2576 518
3883 3 2 0 46 518 2576 2577 519
3884 3 2 0 46 519 2577 602 24
3885 3 2 0 46 589 34 603 2573
3886 3 2 0 46 2573 603 604 2574
3887 3 2 0 46 2574 604 605 2575
3888 3 2 0 46 2575 605 606 2576
3889 3 2 0 46 2576 606 607 2577
3890 3 2 0 46 2577 607 36 602
3891 3 2 0 47 19 520 2578 577
3892 3 2 0 47 520 521 2579 2578
3893 3 2 0 47 521 522 2580 2579
3894 3 2 0 47 522 523 2581 2580
3895 3 2 0 47 523 524 2582 2581
3896 3 2 0 47 524 23 590 2582
3897 3 2 0 47 577 2578 608 33
3898 3 2 0 47 2578 2579 609 608
3899 3 2 0 47 2579 2580 610 609
3900 3 2 0 47 2580 2581 611 610
3901 3 2 0 47 2581 2582 612 611
3902 3 2 0 47 2582 590 35 612
3903 3 2 0 48 26 526 2583 625
3904 3 2 0 48 625 2583 614 38
3905 3 2 0 48 526 527 2584 2583
3906 3 2 0 48 2583 2584 615 614
3907 3 2 0 48 527 528 2585 2584
3908 3 2 0 48 2584 2585 616 615
3909 3 2 0 48 528 529 2586 2585
3910 3 2 0 48 2585 2586 617 616
3911 3 2 0 48 529 530 2587 2586
3912 3 2 0 48 2586 2587 618 617
3913 3 2 0 48 530 531 2588 2587
3914 3 2 0 48 2587 2588 619 618
3915 3 2 0 48 531 532 2589 2588
3916 3 2 0 48 2588 2589 620 619
3917 3 2 0 48 532 533 2590 2589
3918 3 2 0 48 2589 2590 621 620
3919 3 2 0 48 533 534 2591 2590
3920 3 2 0 48 2590 2591 622 621
3921 3 2 0 48 534 535 2592 2591
3922 3 2 0 48 2591 2592 623 622
3923 3 2 0 48 535 536 2593 2592
3924 3 2 0 48 2592 2593 624 623
3925 3 2 0 48 536 25 613 2593
3926 3 2 0 48 2593 613 37 624
3927 3 2 0 49 28 638 2594 539
3928 3 2 0 49 638 40 627 2594
3929 3 2 0 49 539 2594 2595 540
3930 3 2 0 49 2594 627 628 2595
3931 3 2 0 49 540 2595 2596 541
3932 3 2 0 49 2595 628 629 2596
3933 3 2 0 49 541 2596 2597 542
3934 3 2 0 49 2596 629 630 2597
3935 3 2 0 49 542 2597 2598 543
3936 3 2 0 49 2597 630 631 2598
3937 3 2 0 49 543 2598 2599 544
3938 3 2 0 49 2598 631 632 2599
3939 3 2 0 49 544 2599 2600 545
3940 3 2 0 49 2599 632 633 2600
3941 3 2 0 49 545 2600 2601 546
3942 3 2 0 49 2600 633 634 2601
3943 3 2 0 49 546 2601 2602 547
3944 3 2 0 49 2601 634 635 2602
3945 3 2 0 49 547 2602 2603 548
3946 3 2 0 49 2602 635 636 2603
3947 3 2 0 49 548 2603 2604 549
3948 3 2 0 49 2603 636 637 2604
3949 3 2 0 49 549 2604 626 27
3950 3 2 0 49 2604 637 39 626
3951 3 2 0 50 38 614 627 40
3952 3 2 0 50 614 615 628 627
3953 3 2 0 50 615 616 629 628
3954 3 2 0 50 616 617 630 629
3955 3 2 0 50 617 618 631 630
3956 3 2 0 50 618 619 632 631
3957 3 2 0 50 619 620 633 632
3958 3 2 0 50 620 621 634 633
3959 3 2 0 50 621 622 635 634
3960 3 2 0 50 622 623 636 635
3961 3 2 0 50 623 624 637 636
3962 3 2 0 50 624 37 39 637
3963 3 2 0 51 26 625 638 28
3964 3 2 0 51 625 38 40 638
3965 3 2 0 52 25 27 626 613
3966 3 2 0 52 613 626 39 37
3967 3 2 0 53 30 651 2605 552
3968 3 2 0 53 651 42 640 2605
3969 3 2 0 53 552 2605 2606 553
3970 3 2 0 53 2605 640 641 2606
3971 3 2 0 53 553 2606 2607 554
3972 3 2 0 53 2606 641 642 2607
3973 3 2 0 53 554 2607 2608 555
3974 3 2 0 53 2607 642 643 2608
3975 3 2 0 53 555 2608 2609 556
3976 3 2 0 53 2608 643 644 2609
3977 3 2 0 53 556 2609 2610 557
3978 3 2 0 53 2609 644 645 2610
3979 3 2 0 53 557 2610 2611 558
3980 3 2 0 53 2610 645 646 2611
3981 3 2 0 53 558 2611 2612 559
3982 3 2 0 53 2611 646 647 2612
3983 3 2 0 53 559 2612 2613 560
3984 3 2 0 53 2612 647 648 2613
3985 3 2 0 53 560 2613 2614 561
3986 3 2 0 53 2613 648 649 2614
3987 3 2 0 53 561 2614 2615 562
3988 3 2 0 53 2614 649 650 2615
3989 3 2 0 53 562 2615 639 29
3990 3 2 0 53 2615 650 41 639
3991 3 2 0 54 40 627 640 42
3992 3 2 0 54 627 628 641 640
3993 3 2 0 54 628 629 642 641
3994 3 2 0 54 629 630 643 642
3995 3 2 0 54 630 631 644 643
3996 3 2 0 54 631 632 645 644
3997 3 2 0 54 632 633 646 645
3998 3 2 0 54 633 634 647 646
3999 3 2 0 54 634 635 648 647
4000 3 2 0 54 635 636 649 648
4001 3 2 0 54 636 637 650 649
4002 3 2 0 54 637 39 41 650
4003 3 2 0 55 28 638 651 30
4004 3 2 0 55 638 40 42 651
4005 3 2 0 56 27 29 639 626
4006 3 2 0 56 626 639 41 39
4007 3 2 0 57 32 664 2616 565
4008 3 2 0 57 664 44 653 2616
4009 3 2 0 57 565 2616 2617 566
4010 3 2 0 57 2616 653 654 2617
4011 3 2 0 57 566 2617 2618 567
4012 3 2 0 57 2617 654 655 2618
4013 3 2 0 57 567 2618 2619 568
4014 3 2 0 57 2618 655 656 2619
4015 3 2 0 57 568 2619 2620 569
4016 3 2 0 57 2619 656 657 2620
4017 3 2 0 57 569 2620 2621 570
4018 3 2 0 57 2620 657 658 2621
4019 3 2 0 57 570 2621 2622 571
4020 3 2 0 57 2621 658 659 2622
4021 3 2 0 57 571 2622 2623 572
4022 3 2 0 57 2622 659 660 2623
4023 3 2 0 57 572 2623 2624 573
4024 3 2 0 57 2623 660 661 2624
4025 3 2 0 57 573 2624 2625 574
4026 3 2 0 57 2624 661 662 2625
4027 3 2 0 57 574 2625 2626 575
4028 3 2 0 57 2625 662 663 2626
4029 3 2 0 57 575 2626 652 31
4030 3 2 0 57 2626 663 43 652
4031 3 2 0 58 42 640 653 44
4032 3 2 0 58 640 641 654 653
4033 3 2 0 58 641 642 655 654
4034 3 2 0 58 642 643 656 655
4035 3 2 0 58 643 644 657 656
4036 3 2 0 58 644 645 658 657
4037 3 2 0 58 645 646 659 658
4038 3 2 0 58 646 647 660 659
4039 3 2 0 58 647 648 661 660
4040 3 2 0 58 648 649 662 661
4041 3 2 0 58 649 650 663 662
4042 3 2 0 58 650 41 43 663
4043 3 2 0 59 30 651 664 32
4044 3 2 0 59 651 42 44 664
4045 3 2 0 60 29 31 652 639
4046 3 2 0 60 639 652 43 41
4047 3 2 0 61 34 677 2627 578
4048 3 2 0 61 677 46 666 2627
4049 3 2 0 61 578 2627 2628 579
4050 3 2 0 61 2627 666 667 2628
4051 3 2 0 61 579 2628 2629 580
4052 3 2 0 61 2628 667 668 2629
4053 3 2 0 61 580 2629 2630 581
4054 3 2 0 61 2629 668 669 2630
4055 3 2 0 61 581 2630 2631 582
4056 3 2 0 61 2630 669 670 2631
4057 3 2 0 61 582 2631 2632 583
4058 3 2 0 61 2631 670 671 2632
4059 3 2 0 61 583 2632 2633 584
4060 3 2 0 61 2632 671 672 2633
4061 3 2 0 61 584 2633 2634 585
4062 3 2 0 61 2633 672 673 2634
4063 3 2 0 61 585 2634 2635 586
4064 3 2 0 61 2634 673 674 2635
4065 3 2 0 61 586 2635 2636 587
4066 3 2 0 61 2635 674 675 2636
4067 3 2 0 61 587 2636 2637 588
4068 3 2 0 61 2636 675 676 2637
4069 3 2 0 61 588 2637 665 33
4070 3 2 0 61 2637 676 45 665
4071 3 2 0 62 44 653 666 46
4072 3 2 0 62 653 654 667 666
4073 3 2 0 62 654 655 668 667
4074 3 2 0 62 655 656 669 668
4075 3 2 0 62 656 657 670 669
4076 3 2 0 62 657 658 671 670
4077 3 2 0 62 658 659 672 671
4078 3 2 0 62 659 660 673 672
4079 3 2 0 62 660 661 674 673
4080 3 2 0 62 661 662 675 674
4081 3 2 0 62 662 663 676 675
4082 3 2 0 62 663 43 45 676
4083 3 2 0 63 32 664 677 34
4084 3 2 0 63 664 44 46 677
4085 3 2 0 64 31 33 665 652
4086 3 2 0 64 652 665 45 43
4087 3 2 0 65 36 690 2638 591
4088 3 2 0 65 690 48 679 2638
4089 3 2 0 65 591 2638 2639 592
4090 3 2 0 65 2638 679 680 2639
4091 3 2 0 65 592 2639 2640 593
4092 3 2 0 65 2639 680 681 2640
4093 3 2 0 65 593 2640 2641 594
4094 3 2 0 65 2640 681 682 2641
4095 3 2 0 65 594 2641 2642 595
4096 3 2 0 65 2641 682 683 2642
4097 3 2 0 65 595 2642 2643 596
4098 3 2 0 65 2642 683 684 2643
4099 3 2 0 65 596 2643 2644 597
4100 3 2 0 65 2643 684 685 2644
4101 3 2 0 65 597 2644 2645 598
4102 3 2 0 65 2644 685 686 2645
4103 3 2 0 65 598 2645 2646 599
4104 3 2 0 65 2645 686 687 2646
4105 3 2 0 65 599 2646 2647 600
4106 3 2 0 65 2646 687 688 2647
4107 3 2 0 65 600 2647 2648 601
4108 3 2 0 65 2647 688 689 2648
4109 3 2 0 65 601 2648 678 35
4110 3 2 0 65 2648 689 47 678
4111 3 2 0 66 46 666 2649 691
4112 3 2 0 66 666 667 2650 2649
4113 3 2 0 66 667 668 2651 2650
4114 3 2 0 66 668 669 2652 2651
4115 3 2 0 66 669 670 2653 2652
4116 3 2 0 66 670 671 2654 2653
4117 3 2 0 66 671 672 2655 2654
4118 3 2 0 66 672 673 2656 2655
4119 3 2 0 66 673 674 2657 2656
4120 3 2 0 66 674 675 2658 2657
4121 3 2 0 66 675 676 2659 2658
4122 3 2 0 66 676 45 696 2659
4123 3 2 0 66 691 2649 2660 692
4124 3 2 0 66 2649 2650 2661 2660
4125 3 2 0 66 2650 2651 2662 2661
4126 3 2 0 66 2651 2652 2663 2662
4127 3 2 0 66 2652 2653 2664 2663
4128 3 2 0 66 2653 2654 2665 2664
4129 3 2 0 66 2654 2655 2666 2665
4130 3 2 0 66 2655 2656 2667 2666
4131 3 2 0 66 2656 2657 2668 2667
4132 3 2 0 66 2657 2658 2669 2668
4133 3 2 0 66 2658 2659 2670 2669
4134 3 2 0 66 2659 696 697 2670
4135 3 2 0 66 692 2660 2671 693
4136 3 2 0 66 2660 2661 2672 2671
4137 3 2 0 66 2661 2662 2673 2672
4138 3 2 0 66 2662 2663 2674 2673
4139 3 2 0 66 2663 2664 2675 2674
4140 3 2 0 66 2664 2665 2676 2675
4141 3 2 0 66 2665 2666 2677 2676
4142 3 2 0 66 2666 2667 2678 2677
4143 3 2 0 66 2667 2668 2679 2678
4144 3 2 0 66 2668 2669 2680 2679
4145 3 2 0 66 2669 2670 2681 2680
4146 3 2 0 66 2670 697 698 2681
4147 3 2 0 66 693 2671 2682 694
4148 3 2 0 66 2671 2672 2683 2682
4149 3 2 0 66 2672 2673 2684 2683
4150 3 2 0 66 2673 2674 2685 2684
4151 3 2 0 66 2674 2675 2686 2685
4152 3 2 0 66 2675 2676 2687 2686
4153 3 2 0 66 2676 2677 2688 2687
4154 3 2 0 66 2677 2678 2689 2688
4155 3 2 0 66 2678 2679 2690 2689
4156 3 2 0 66 2679 2680 2691 2690
4157 3 2 0 66 2680 2681 2692 2691
4158 3 2 0 66 2681 698 699 2692
4159 3 2 0 66 694 2682 2693 695
4160 3 2 0 66 2682 2683 2694 2693
4161 3 2 0 66 2683 2684 2695 2694
4162 3 2 0 66 2684 2685 2696 2695
4163 3 2 0 66 2685 2686 2697 2696
4164 3 2 0 66 2686 2687 2698 2697
4165 3 2 0 66 2687 2688 2699 2698
4166 3 2 0 66 2688 2689 2700 2699
4167 3 2 0 66 2689 2690 2701 2700
4168 3 2 0 66 2690 2691 2702 2701
4169 3 2 0 66 2691 2692 2703 2702
4170 3 2 0 66 2692 699 700 2703
4171 3 2 0 66 695 2693 679 48
4172 3 2 0 66 2693 2694 680 679
4173 3 2 0 66 2694 2695 681 680
4174 3 2 0 66 2695 2696 682 681
4175 3 2 0 66 2696 2697 683 682
4176 3 2 0 66 2697 2698 684 683
4177 3 2 0 66 2698 2699 685 684
4178 3 2 0 66 2699 2700 686 685
4179 3 2 0 66 2700 2701 687 686
4180 3 2 0 66 2701 2702 688 687
4181 3 2 0 66 2702 2703 689 688
4182 3 2 0 66 2703 700 47 689
4183 3 2 0 67 34 677 2704 603
4184 3 2 0 67 603 2704 2705 604
4185 3 2 0 67 604 2705 2706 605
4186 3 2 0 67 605 2706 2707 606
4187 3 2 0 67 606 2707 2708 607
4188 3 2 0 67 607 2708 690 36
4189 3 2 0 67 677 46 691 2704
4190 3 2 0 67 2704 691 692 2705
4191 3 2 0 67 2705 692 693 2706
4192 3 2 0 67 2706 693 694 2707
4193 3 2 0 67 2707 694 695 2708
4194 3 2 0 67 2708 695 48 690
4195 3 2 0 68 33 608 2709 665
4196 3 2 0 68 608 609 2710 2709
4197 3 2 0 68 609 610 2711 2710
4198 3 2 0 68 610 611 2712 2711
4199 3 2 0 68 611 612 2713 2712
4200 3 2 0 68 612 35 678 2713
4201 3 2 0 68 665 2709 696 45
4202 3 2 0 68 2709 2710 697 696
4203 3 2 0 68 2710 2711 698 697
4204 3 2 0 68 2711 2712 699 698
4205 3 2 0 68 2712 2713 700 699
4206 3 2 0 68 2713 678 47 700
4207 3 2 0 69 2 701 2714 372
4208 3 2 0 69 372 2714 713 3
4209 3 2 0 69 701 702 2715 2714
4210 3 2 0 69 2714 2715 714 713
4211 3 2 0 69 702 703 2716 2715
4212 3 2 0 69 2715 2716 715 714
4213 3 2 0 69 703 704 2717 2716
4214 3 2 0 69 2716 2717 716 715
4215 3 2 0 69 704 705 2718 2717
4216 3 2 0 69 2717 2718 717 716
4217 3 2 0 69 705 706 2719 2718
4218 3 2 0 69 2718 2719 718 717
4219 3 2 0 69 706 707 2720 2719
4220 3 2 0 69 2719 2720 719 718
4221 3 2 0 69 707 708 2721 2720
4222 3 2 0 69 2720 2721 720 719
4223 3 2 0 69 708 709 2722 2721
4224 3 2 0 69 2721 2722 721 720
4225 3 2 0 69 709 710 2723 2722
4226 3 2 0 69 2722 2723 722 721
4227 3 2 0 69 710 711 2724 2723
4228 3 2 0 69 2723 2724 723 722
4229 3 2 0 69 711 49 712 2724
4230 3 2 0 69 2724 712 50 723
4231 3 2 0 70 6 396 2725 724
4232 3 2 0 70 396 7 736 2725
4233 3 2 0 70 724 2725 2726 725
4234 3 2 0 70 2725 736 737 2726
4235 3 2 0 70 725 2726 2727 726
4236 3 2 0 70 2726 737 738 2727
4237 3 2 0 70 726 2727 2728 727
4238 3 2 0 70 2727 738 739 2728
4239 3 2 0 70 727 2728 2729 728
4240 3 2 0 70 2728 739 740 2729
4241 3 2 0 70 728 2729 2730 729
4242 3 2 0 70 2729 740 741 2730
4243 3 2 0 70 729 2730 2731 730
4244 3 2 0 70 2730 741 742 2731
4245 3 2 0 70 730 2731 2732 731
4246 3 2 0 70 2731 742 743 2732
4247 3 2 0 70 731 2732 2733 732
4248 3 2 0 70 2732 743 744 2733
4249 3 2 0 70 732 2733 2734 733
4250 3 2 0 70 2733 744 745 2734
4251 3 2 0 70 733 2734 2735 734
4252 3 2 0 70 2734 745 746 2735
4253 3 2 0 70 734 2735 735 51
4254 3 2 0 70 2735 746 52 735
4255 3 2 0 71 2 6 724 701
4256 3 2 0 71 701 724 725 702
4257 3 2 0 71 702 725 726 703
4258 3 2 0 71 703 726 727 704
4259 3 2 0 71 704 727 728 705
4260 3 2 0 71 705 728 729 706
4261 3 2 0 71 706 729 730 707
4262 3 2 0 71 707 730 731 708
4263 3 2 0 71 708 731 732 709
4264 3 2 0 71 709 732 733 710
4265 3 2 0 71 710 733 734 711
4266 3 2 0 71 711 734 51 49
4267 3 2 0 72 3 713 736 7
4268 3 2 0 72 713 714 737 736
4269 3 2 0 72 714 715 738 737
4270 3 2 0 72 715 716 739 738
4271 3 2 0 72 716 717 740 739
4272 3 2 0 72 717 718 741 740
4273 3 2 0 72 718 719 742 741
4274 3 2 0 72 719 720 743 742
4275 3 2 0 72 720 721 744 743
4276 3 2 0 72 721 722 745 744
4277 3 2 0 72 722 723 746 745
4278 3 2 0 72 723 50 52 746
4279 3 2 0 73 49 51 735 712
4280 3 2 0 73 712 735 52 50
4281 3 2 0 74 10 420 2736 747
4282 3 2 0 74 420 11 759 2736
4283 3 2 0 74 747 2736 2737 748
4284 3 2 0 74 2736 759 760 2737
4285 3 2 0 74 748 2737 2738 749
4286 3 2 0 74 2737 760 761 2738
4287 3 2 0 74 749 2738 2739 750
4288 3 2 0 74 2738 761 762 2739
4289 3 2 0 74 750 2739 2740 751
4290 3 2 0 74 2739 762 763 2740
4291 3 2 0 74 751 2740 2741 752
4292 3 2 0 74 2740 763 764 2741
4293 3 2 0 74 752 2741 2742 753
4294 3 2 0 74 2741 764 765 2742
4295 3 2 0 74 753 2742 2743 754
4296 3 2 0 74 2742 765 766 2743
4297 3 2 0 74 754 2743 2744 755
4298 3 2 0 74 2743 766 767 2744
4299 3 2 0 74 755 2744 2745 756
4300 3 2 0 74 2744 767 768 2745
4301 3 2 0 74 756 2745 2746 757
4302 3 2 0 74 2745 768 769 2746
4303 3 2 0 74 757 2746 758 53
4304 3 2 0 74 2746 769 54 758
4305 3 2 0 75 6 10 747 724
4306 3 2 0 75 724 747 748 725
4307 3 2 0 75 725 748 749 726
4308 3 2 0 75 726 749 750 727
4309 3 2 0 75 727 750 751 728
4310 3 2 0 75 728 751 752 729
4311 3 2 0 75 729 752 753 730
4312 3 2 0 75 730 753 754 731
4313 3 2 0 75 731 754 755 732
4314 3 2 0 75 732 755 756 733
4315 3 2 0 75 733 756 757 734
4316 3 2 0 75 734 757 53 51
4317 3 2 0 76 7 736 759 11
4318 3 2 0 76 736 737 760 759
4319 3 2 0 76 737 738 761 760
4320 3 2 0 76 738 739 762 761
4321 3 2 0 76 739 740 763 762
4322 3 2 0 76 740 741 764 763
4323 3 2 0 76 741 742 765 764
4324 3 2 0 76 742 743 766 765
4325 3 2 0 76 743 744 767 766
4326 3 2 0 76 744 745 768 767
4327 3 2 0 76 745 746 769 768
4328 3 2 0 76 746 52 54 769
4329 3 2 0 77 51 53 758 735
4330 3 2 0 77 735 758 54 52
4331 3 2 0 78 14 444 2747 770
4332 3 2 0 78 444 15 782 2747
4333 3 2 0 78 770 2747 2748 771
4334 3 2 0 78 2747 782 783 2748
4335 3 2 0 78 771 2748 2749 772
4336 3 2 0 78 2748 783 784 2749
4337 3 2 0 78 772 2749 2750 773
4338 3 2 0 78 2749 784 785 2750
4339 3 2 0 78 773 2750 2751 774
4340 3 2 0 78 2750 785 786 2751
4341 3 2 0 78 774 2751 2752 775
4342 3 2 0 78 2751 786 787 2752
4343 3 2 0 78 775 2752 2753 776
4344 3 2 0 78 2752 787 788 2753
4345 3 2 0 78 776 2753 2754 777
4346 3 2 0 78 2753 788 789 2754
4347 3 2 0 78 777 2754 2755 778
4348 3 2 0 78 2754 789 790 2755
4349 3 2 0 78 778 2755 2756 779
4350 3 2 0 78 2755 790 791 2756
4351 3 2 0 78 779 2756 2757 780
4352 3 2 0 78 2756 791 792 2757
4353 3 2 0 78 780 2757 781 55
4354 3 2 0 78 2757 792 56 781
4355 3 2 0 79 10 14 770 747
4356 3 2 0 79 747 770 771 748
4357 3 2 0 79 748 771 772 749
4358 3 2 0 79 749 772 773 750
4359 3 2 0 79 750 773 774 751
4360 3 2 0 79 751 774 775 752
4361 3 2 0 79 752 775 776 753
4362 3 2 0 79 753 776 777 754
4363 3 2 0 79 754 777 778 755
4364 3 2 0 79 755 778 779 756
4365 3 2 0 79 756 779 780 757
4366 3 2 0 79 757 780 55 53
4367 3 2 0 80 11 759 782 15
4368 3 2 0 80 759 760 783 782
4369 3 2 0 80 760 761 784 783
4370 3 2 0 80 761 762 785 784
4371 3 2 0 80 762 763 786 785
4372 3 2 0 80 763 764 787 786
4373 3 2 0 80 764 765 788 787
4374 3 2 0 80 765 766 789 788
4375 3 2 0 80 766 767 790 789
4376 3 2 0 80 767 768 791 790
4377 3 2 0 80 768 769 792 791
4378 3 2 0 80 769 54 56 792
4379 3 2 0 81 53 55 781 758
4380 3 2 0 81 758 781 56 54
4381 3 2 0 82 18 468 2758 793
4382 3 2 0 82 468 19 805 2758
4383 3 2 0 82 793 2758 2759 794
4384 3 2 0 82 2758 805 806 2759
4385 3 2 0 82 794 2759 2760 795
4386 3 2 0 82 2759 806 807 2760
4387 3 2 0 82 795 2760 2761 796
4388 3 2 0 82 2760 807 808 2761
4389 3 2 0 82 796 2761 2762 797
4390 3 2 0 82 2761 808 809 2762
4391 3 2 0 82 797 2762 2763 798
4392 3 2 0 82 2762 809 810 2763
4393 3 2 0 82 798 2763 2764 799
4394 3 2 0 82 2763 810 811 2764
4395 3 2 0 82 799 2764 2765 800
4396 3 2 0 82 2764 811 812 2765
4397 3 2 0 82 800 2765 2766 801
4398 3 2 0 82 2765 812 813 2766
4399 3 2 0 82 801 2766 2767 802
4400 3 2 0 82 2766 813 814 2767
4401 3 2 0 82 802 2767 2768 803
4402 3 2 0 82 2767 814 815 2768
4403 3 2 0 82 803 2768 804 57
4404 3 2 0 82 2768 815 58 804
4405 3 2 0 83 14 18 793 770
4406 3 2 0 83 770 793 794 771
4407 3 2 0 83 771 794 795 772
4408 3 2 0 83 772 795 796 773
4409 3 2 0 83 773 796 797 774
4410 3 2 0 83 774 797 798 775
4411 3 2 0 83 775 798 799 776
4412 3 2 0 83 776 799 800 777
4413 3 2 0 83 777 800 801 778
4414 3 2 0 83 778 801 802 779
4415 3 2 0 83 779 802 803 780
4416 3 2 0 83 780 803 57 55
4417 3 2 0 84 15 782 805 19
4418 3 2 0 84 782 783 806 805
4419 3 2 0 84 783 784 807 806
4420 3 2 0 84 784 785 808 807
4421 3 2 0 84 785 786 809 808
4422 3 2 0 84 786 787 810 809
4423 3 2 0 84 787 788 811 810
4424 3 2 0 84 788 789 812 811
4425 3 2 0 84 789 790 813 812
4426 3 2 0 84 790 791 814 813
4427 3 2 0 84 791 792 815 814
4428 3 2 0 84 792 56 58 815
4429 3 2 0 85 55 57 804 781
4430 3 2 0 85 781 804 58 56
4431 3 2 0 86 22 492 2769 816
4432 3 2 0 86 492 23 828 2769
4433 3 2 0 86 816 2769 2770 817
4434 3 2 0 86 2769 828 829 2770
4435 3 2 0 86 817 2770 2771 818
4436 3 2 0 86 2770 829 830 2771
4437 3 2 0 86 818 2771 2772 819
4438 3 2 0 86 2771 830 831 2772
4439 3 2 0 86 819 2772 2773 820
4440 3 2 0 86 2772 831 832 2773
4441 3 2 0 86 820 2773 2774 821
4442 3 2 0 86 2773 832 833 2774
4443 3 2 0 86 821 2774 2775 822
4444 3 2 0 86 2774 833 834 2775
4445 3 2 0 86 822 2775 2776 823
4446 3 2 0 86 2775 834 835 2776
4447 3 2 0 86 823 2776 2777 824
4448 3 2 0 86 2776 835 836 2777
4449 3 2 0 86 824 2777 2778 825
4450 3 2 0 86 2777 836 837 2778
4451 3 2 0 86 825 2778 2779 826
4452 3 2 0 86 2778 837 838 2779
4453 3 2 0 86 826 2779 827 59
4454 3 2 0 86 2779 838 60 827
4455 3 2 0 87 18 510 2780 793
4456 3 2 0 87 793 2780 2781 794
4457 3 2 0 87 794 2781 2782 795
4458 3 2 0 87 795 2782 2783 796
4459 3 2 0 87 796 2783 2784 797
4460 3 2 0 87 797 2784 2785 798
4461 3 2 0 87 798 2785 2786 799
4462 3 2 0 87 799 2786 2787 800
4463 3 2 0 87 800 2787 2788 801
4464 3 2 0 87 801 2788 2789 802
4465 3 2 0 87 802 2789 2790 803
4466 3 2 0 87 803 2790 839 57
4467 3 2 0 87 510 511 2791 2780
4468 3 2 0 87 2780 2791 2792 2781
4469 3 2 0 87 2781 2792 2793 2782
4470 3 2 0 87 2782 2793 2794 2783
4471 3 2 0 87 2783 2794 2795 2784
4472 3 2 0 87 2784 2795 2796 2785
4473 3 2 0 87 2785 2796 2797 2786
4474 3 2 0 87 2786 2797 2798 2787
4475 3 2 0 87 2787 2798 2799 2788
4476 3 2 0 87 2788 2799 2800 2789
4477 3 2 0 87 2789 2800 2801 2790
4478 3 2 0 87 2790 2801 840 839
4479 3 2 0 87 511 512 2802 2791
4480 3 2 0 87 2791 2802 2803 2792
4481 3 2 0 87 2792 2803 2804 2793
4482 3 2 0 87 2793 2804 2805 2794
4483 3 2 0 87 2794 2805 2806 2795
4484 3 2 0 87 2795 2806 2807 2796
4485 3 2 0 87 2796 2807 2808 2797
4486 3 2 0 87 2797 2808 2809 2798
4487 3 2 0 87 2798 2809 2810 2799
4488 3 2 0 87 2799 2810 2811 2800
4489 3 2 0 87 2800 2811 2812 2801
4490 3 2 0 87 2801 2812 841 840
4491 3 2 0 87 512 513 2813 2802
4492 3 2 0 87 2802 2813 2814 2803
4493 3 2 0 87 2803 2814 2815 2804
4494 3 2 0 87 2804 2815 2816 2805
4495 3 2 0 87 2805 2816 2817 2806
4496 3 2 0 87 2806 2817 2818 2807
4497 3 2 0 87 2807 2818 2819 2808
4498 3 2 0 87 2808 2819 2820 2809
4499 3 2 0 87 2809 2820 2821 2810
4500 3 2 0 87 2810 2821 2822 2811
4501 3 2 0 87 2811 2822 2823 2812
4502 3 2 0 87 2812 2823 842 841
4503 3 2 0 87 513 514 2824 2813
4504 3 2 0 87 2813 2824 2825 2814
4505 3 2 0 87 2814 2825 2826 2815
4506 3 2 0 87 2815 2826 2827 2816
4507 3 2 0 87 2816 2827 2828 2817
4508 3 2 0 87 2817 2828 2829 2818
4509 3 2 0 87 2818 2829 2830 2819
4510 3 2 0 87 2819 2830 2831 2820
4511 3 2 0 87 2820 2831 2832 2821
4512 3 2 0 87 2821 2832 2833 2822
4513 3 2 0 87 2822 2833 2834 2823
4514 3 2 0 87 2823 2834 843 842
4515 3 2 0 87 514 22 816 2824
4516 3 2 0 87 2824 816 817 2825
4517 3 2 0 87 2825 817 818 2826
4518 3 2 0 87 2826 818 819 2827
4519 3 2 0 87 2827 819 820 2828
4520 3 2 0 87 2828 820 821 2829
4521 3 2 0 87 2829 821 822 2830
4522 3 2 0 87 2830 822 823 2831
4523 3 2 0 87 2831 823 824 2832
4524 3 2 0 87 2832 824 825 2833
4525 3 2 0 87 2833 825 826 2834
4526 3 2 0 87 2834 826 59 843
4527 3 2 0 88 19 805 2835 520
4528 3 2 0 88 805 806 2836 2835
4529 3 2 0 88 806 807 2837 2836
4530 3 2 0 88 807 808 2838 2837
4531 3 2 0 88 808 809 2839 2838
4532 3 2 0 88 809 810 2840 2839
4533 3 2 0 88 810 811 2841 2840
4534 3 2 0 88 811 812 2842 2841
4535 3 2 0 88 812 813 2843 2842
4536 3 2 0 88 813 814 2844 2843
4537 3 2 0 88 814 815 2845 2844
4538 3 2 0 88 815 58 844 2845
4539 3 2 0 88 520 2835 2846 521
4540 3 2 0 88 2835 2836 2847 2846
4541 3 2 0 88 2836 2837 2848 2847
4542 3 2 0 88 2837 2838 2849 2848
4543 3 2 0 88 2838 2839 2850 2849
4544 3 2 0 88 2839 2840 2851 2850
4545 3 2 0 88 2840 2841 2852 2851
4546 3 2 0 88 2841 2842 2853 2852
4547 3 2 0 88 2842 2843 2854 2853
4548 3 2 0 88 2843 2844 2855 2854
4549 3 2 0 88 2844 2845 2856 2855
4550 3 2 0 88 2845 844 845 2856
4551 3 2 0 88 521 2846 2857 522
4552 3 2 0 88 2846 2847 2858 2857
4553 3 2 0 88 2847 2848 2859 2858
4554 3 2 0 88 2848 2849 2860 2859
4555 3 2 0 88 2849 2850 2861 2860
4556 3 2 0 88 2850 2851 2862 2861
4557 3 2 0 88 2851 2852 2863 2862
4558 3 2 0 88 2852 2853 2864 2863
4559 3 2 0 88 2853 2854 2865 2864
4560 3 2 0 88 2854 2855 2866 2865
4561 3 2 0 88 2855 2856 2867 2866
4562 3 2 0 88 2856 845 846 2867
4563 3 2 0 88 522 2857 2868 523
4564 3 2 0 88 2857 2858 2869 2868
4565 3 2 0 88 2858 2859 2870 2869
4566 3 2 0 88 2859 2860 2871 2870
4567 3 2 0 88 2860 2861 2872 2871
4568 3 2 0 88 2861 2862 2873 2872
4569 3 2 0 88 2862 2863 2874 2873
4570 3 2 0 88 2863 2864 2875 2874
4571 3 2 0 88 2864 2865 2876 2875
4572 3 2 0 88 2865 2866 2877 2876
4573 3 2 0 88 2866 2867 2878 2877
4574 3 2 0 88 2867 846 847 2878
4575 3 2 0 88 523 2868 2879 524
4576 3 2 0 88 2868 2869 2880 2879
4577 3 2 0 88 2869 2870 2881 2880
4578 3 2 0 88 2870 2871 2882 2881
4579 3 2 0 88 2871 2872 2883 2882
4580 3 2 0 88 2872 2873 2884 2883
4581 3 2 0 88 2873 2874 2885 2884
4582 3 2 0 88 2874 2875 2886 2885
4583 3 2 0 88 2875 2876 2887 2886
4584 3 2 0 88 2876 2877 2888 2887
4585 3 2 0 88 2877 2878 2889 2888
4586 3 2 0 88 2878 847 848 2889
4587 3 2 0 88 524 2879 828 23
4588 3 2 0 88 2879 2880 829 828
4589 3 2 0 88 2880 2881 830 829
4590 3 2 0 88 2881 2882 831 830
4591 3 2 0 88 2882 2883 832 831
4592 3 2 0 88 2883 2884 833 832
4593 3 2 0 88 2884 2885 834 833
4594 3 2 0 88 2885 2886 835 834
4595 3 2 0 88 2886 2887 836 835
4596 3 2 0 88 2887 2888 837 836
4597 3 2 0 88 2888 2889 838 837
4598 3 2 0 88 2889 848 60 838
4599 3 2 0 89 57 839 2890 804
4600 3 2 0 89 839 840 2891 2890
4601 3 2 0 89 840 841 2892 2891
4602 3 2 0 89 841 842 2893 2892
4603 3 2 0 89 842 843 2894 2893
4604 3 2 0 89 843 59 827 2894
4605 3 2 0 89 804 2890 844 58
4606 3 2 0 89 2890 2891 845 844
4607 3 2 0 89 2891 2892 846 845
4608 3 2 0 89 2892 2893 847 846
4609 3 2 0 89 2893 2894 848 847
4610 3 2 0 89 2894 827 60 848
4611 3 2 0 90 3 713 2895 525
4612 3 2 0 90 525 2895 850 25
4613 3 2 0 90 713 714 2896 2895
4614 3 2 0 90 2895 2896 851 850
4615 3 2 0 90 714 715 2897 2896
4616 3 2 0 90 2896 2897 852 851
4617 3 2 0 90 715 716 2898 2897
4618 3 2 0 90 2897 2898 853 852
4619 3 2 0 90 716 717 2899 2898
4620 3 2 0 90 2898 2899 854 853
4621 3 2 0 90 717 718 2900 2899
4622 3 2 0 90 2899 2900 855 854
4623 3 2 0 90 718 719 2901 2900
4624 3 2 0 90 2900 2901 856 855
4625 3 2 0 90 719 720 2902 2901
4626 3 2 0 90 2901 2902 857 856
4627 3 2 0 90 720 721 2903 2902
4628 3 2 0 90 2902 2903 858 857
4629 3 2 0 90 721 722 2904 2903
4630 3 2 0 90 2903 2904 859 858
4631 3 2 0 90 722 723 2905 2904
4632 3 2 0 90 2904 2905 860 859
4633 3 2 0 90 723 50 849 2905
4634 3 2 0 90 2905 849 61 860
4635 3 2 0 91 7 538 2906 736
4636 3 2 0 91 538 27 862 2906
4637 3 2 0 91 736 2906 2907 737
4638 3 2 0 91 2906 862 863 2907
4639 3 2 0 91 737 2907 2908 738
4640 3 2 0 91 2907 863 864 2908
4641 3 2 0 91 738 2908 2909 739
4642 3 2 0 91 2908 864 865 2909
4643 3 2 0 91 739 2909 2910 740
4644 3 2 0 91 2909 865 866 2910
4645 3 2 0 91 740 2910 2911 741
4646 3 2 0 91 2910 866 867 2911
4647 3 2 0 91 741 2911 2912 742
4648 3 2 0 91 2911 867 868 2912
4649 3 2 0 91 742 2912 2913 743
4650 3 2 0 91 2912 868 869 2913
4651 3 2 0 91 743 2913 2914 744
4652 3 2 0 91 2913 869 870 2914
4653 3 2 0 91 744 2914 2915 745
4654 3 2 0 91 2914 870 871 2915
4655 3 2 0 91 745 2915 2916 746
4656 3 2 0 91 2915 871 872 2916
4657 3 2 0 91 746 2916 861 52
4658 3 2 0 91 2916 872 62 861
4659 3 2 0 92 25 850 862 27
4660 3 2 0 92 850 851 863 862
4661 3 2 0 92 851 852 864 863
4662 3 2 0 92 852 853 865 864
4663 3 2 0 92 853 854 866 865
4664 3 2 0 92 854 855 867 866
4665 3 2 0 92 855 856 868 867
4666 3 2 0 92 856 857 869 868
4667 3 2 0 92 857 858 870 869
4668 3 2 0 92 858 859 871 870
4669 3 2 0 92 859 860 872 871
4670 3 2 0 92 860 61 62 872
4671 3 2 0 93 50 52 861 849
4672 3 2 0 93 849 861 62 61
4673 3 2 0 94 11 551 2917 759
4674 3 2 0 94 551 29 874 2917
4675 3 2 0 94 759 2917 2918 760
4676 3 2 0 94 2917 874 875 2918
4677 3 2 0 94 760 2918 2919 761
4678 3 2 0 94 2918 875 876 2919
4679 3 2 0 94 761 2919 2920 762
4680 3 2 0 94 2919 876 877 2920
4681 3 2 0 94 762 2920 2921 763
4682 3 2 0 94 2920 877 878 2921
4683 3 2 0 94 763 2921 2922 764
4684 3 2 0 94 2921 878 879 2922
4685 3 2 0 94 764 2922 2923 765
4686 3 2 0 94 2922 879 880 2923
4687 3 2 0 94 765 2923 2924 766
4688 3 2 0 94 2923 880 881 2924
4689 3 2 0 94 766 2924 2925 767
4690 3 2 0 94 2924 881 882 2925
4691 3 2 0 94 767 2925 2926 768
4692 3 2 0 94 2925 882 883 2926
4693 3 2 0 94 768 2926 2927 769
4694 3 2 0 94 2926 883 884 2927
4695 3 2 0 94 769 2927 873 54
4696 3 2 0 94 2927 884 63 873
4697 3 2 0 95 27 862 874 29
4698 3 2 0 95 862 863 875 874
4699 3 2 0 95 863 864 876 875
4700 3 2 0 95 864 865 877 876
4701 3 2 0 95 865 866 878 877
4702 3 2 0 95 866 867 879 878
4703 3 2 0 95 867 868 880 879
4704 3 2 0 95 868 869 881 880
4705 3 2 0 95 869 870 882 881
4706 3 2 0 95 870 871 883 882
4707 3 2 0 95 871 872 884 883
4708 3 2 0 95 872 62 63 884
4709 3 2 0 96 52 54 873 861
4710 3 2 0 96 861 873 63 62
4711 3 2 0 97 15 564 2928 782
4712 3 2 0 97 564 31 886 2928
4713 3 2 0 97 782 2928 2929 783
4714 3 2 0 97 2928 886 887 2929
4715 3 2 0 97 783 2929 2930 784
4716 3 2 0 97 2929 887 888 2930
4717 3 2 0 97 784 2930 2931 785
4718 3 2 0 97 2930 888 889 2931
4719 3 2 0 97 785 2931 2932 786
4720 3 2 0 97 2931 889 890 2932
4721 3 2 0 97 786 2932 2933 787
4722 3 2 0 97 2932 890 891 2933
4723 3 2 0 97 787 2933 2934 788
4724 3 2 0 97 2933 891 892 2934
4725 3 2 0 97 788 2934 2935 789
4726 3 2 0 97 2934 892 893 2935
4727 3 2 0 97 789 2935 2936 790
4728 3 2 0 97 2935 893 894 2936
4729 3 2 0 97 790 2936 2937 791
4730 3 2 0 97 2936 894 895 2937
4731 3 2 0 97 791 2937 2938 792
4732 3 2 0 97 2937 895 896 2938
4733 3 2 0 97 792 2938 885 56
4734 3 2 0 97 2938 896 64 885
4735 3 2 0 98 29 874 886 31
4736 3 2 0 98 874 875 887 886
4737 3 2 0 98 875 876 888 887
4738 3 2 0 98 876 877 889 888
4739 3 2 0 98 877 878 890 889
4740 3 2 0 98 878 879 891 890
4741 3 2 0 98 879 880 892 891
4742 3 2 0 98 880 881 893 892
4743 3 2 0 98 881 882 894 893
4744 3 2 0 98 882 883 895 894
4745 3 2 0 98 883 884 896 895
4746 3 2 0 98 884 63 64 896
4747 3 2 0 99 54 56 885 873
4748 3 2 0 99 873 885 64 63
4749 3 2 0 100 19 577 2939 805
4750 3 2 0 100 577 33 898 2939
4751 3 2 0 100 805 2939 2940 806
4752 3 2 0 100 2939 898 899 2940
4753 3 2 0 100 806 2940 2941 807
4754 3 2 0 100 2940 899 900 2941
4755 3 2 0 100 807 2941 2942 808
4756 3 2 0 100 2941 900 901 2942
4757 3 2 0 100 808 2942 2943 809
4758 3 2 0 100 2942 901 902 2943
4759 3 2 0 100 809 2943 2944 810
4760 3 2 0 100 2943 902 903 2944
4761 3 2 0 100 810 2944 2945 811
4762 3 2 0 100 2944 903 904 2945
4763 3 2 0 100 811 2945 2946 812
4764 3 2 0 100 2945 904 905 2946
4765 3 2 0 100 812 2946 2947 813
4766 3 2 0 100 2946 905 906 2947
4767 3 2 0 100 813 2947 2948 814
4768 3 2 0 100 2947 906 907 2948
4769 3 2 0 100 814 2948 2949 815
4770 3 2 0 100 2948 907 908 2949
4771 3 2 0 100 815 2949 897 58
4772 3 2 0 100 2949 908 65 897
4773 3 2 0 101 31 886 898 33
4774 3 2 0 101 886 887 899 898
4775 3 2 0 101 887 888 900 899
4776 3 2 0 101 888 889 901 900
4777 3 2 0 101 889 890 902 901
4778 3 2 0 101 890 891 903 902
4779 3 2 0 101 891 892 904 903
4780 3 2 0 101 892 893 905 904
4781 3 2 0 101 893 894 906 905
4782 3 2 0 101 894 895 907 906
4783 3 2 0 101 895 896 908 907
4784 3 2 0 101 896 64 65 908
4785 3 2 0 102 56 58 897 885
4786 3 2 0 102 885 897 65 64
4787 3 2 0 103 23 590 2950 828
4788 3 2 0 103 590 35 910 2950
4789 3 2 0 103 828 2950 2951 829
4790 3 2 0 103 2950 910 911 2951
4791 3 2 0 103 829 2951 2952 830
4792 3 2 0 103 2951 911 912 2952
4793 3 2 0 103 830 2952 2953 831
4794 3 2 0 103 2952 912 913 2953
4795 3 2 0 103 831 2953 2954 832
4796 3 2 0 103 2953 913 914 2954
4797 3 2 0 103 832 2954 2955 833
4798 3 2 0 103 2954 914 915 2955
4799 3 2 0 103 833 2955 2956 834
4800 3 2 0 103 2955 915 916 2956
4801 3 2 0 103 834 2956 2957 835
4802 3 2 0 103 2956 916 917 2957
4803 3 2 0 103 835 2957 2958 836
4804 3 2 0 103 2957 917 918 2958
4805 3 2 0 103 836 2958 2959 837
4806 3 2 0 103 2958 918 919 2959
4807 3 2 0 103 837 2959 2960 838
4808 3 2 0 103 2959 919 920 2960
4809 3 2 0 103 838 2960 909 60
4810 3 2 0 103 2960 920 66 909
4811 3 2 0 104 33 898 2961 608
4812 3 2 0 104 898 899 2962 2961
4813 3 2 0 104 899 900 2963 2962
4814 3 2 0 104 900 901 2964 2963
4815 3 2 0 104 901 902 2965 2964
4816 3 2 0 104 902 903 2966 2965
4817 3 2 0 104 903 904 2967 2966
4818 3 2 0 104 904 905 2968 2967
4819 3 2 0 104 905 906 2969 2968
4820 3 2 0 104 906 907 2970 2969
4821 3 2 0 104 907 908 2971 2970
4822 3 2 0 104 908 65 921 2971
4823 3 2 0 104 608 2961 2972 609
4824 3 2 0 104 2961 2962 2973 2972
4825 3 2 0 104 2962 2963 2974 2973
4826 3 2 0 104 2963 2964 2975 2974
4827 3 2 0 104 2964 2965 2976 2975
4828 3 2 0 104 2965 2966 2977 2976
4829 3 2 0 104 2966 2967 2978 2977
4830 3 2 0 104 2967 2968 2979 2978
4831 3 2 0 104 2968 2969 2980 2979
4832 3 2 0 104 2969 2970 2981 2980
4833 3 2 0 104 2970 2971 2982 2981
4834 3 2 0 104 2971 921 922 2982
4835 3 2 0 104 609 2972 2983 610
4836 3 2 0 104 2972 2973 2984 2983
4837 3 2 0 104 2973 2974 2985 2984
4838 3 2 0 104 2974 2975 2986 2985
4839 3 2 0 104 2975 2976 2987 2986
4840 3 2 0 104 2976 2977 2988 2987
4841 3 2 0 104 2977 2978 2989 2988
4842 3 2 0 104 2978 2979 2990 2989
4843 3 2 0 104 2979 2980 2991 2990
4844 3 2 0 104 2980 2981 2992 2991
4845 3 2 0 104 2981 2982 2993 2992
4846 3 2 0 104 2982 922 923 2993
4847 3 2 0 104 610 2983 2994 611
4848 3 2 0 104 2983 2984 2995 2994
4849 3 2 0 104 2984 2985 2996 2995
4850 3 2 0 104 2985 2986 2997 2996
4851 3 2 0 104 2986 2987 2998 2997
4852 3 2 0 104 2987 2988 2999 2998
4853 3 2 0 104 2988 2989 3000 2999
4854 3 2 0 104 2989 2990 3001 3000
4855 3 2 0 104 2990 2991 3002 3001
4856 3 2 0 104 2991 2992 3003 3002
4857 3 2 0 104 2992 2993 3004 3003
4858 3 2 0 104 2993 923 924 3004
4859 3 2 0 104 611 2994 3005 612
4860 3 2 0 104 2994 2995 3006 3005
4861 3 2 0 104 2995 2996 3007 3006
4862 3 2 0 104 2996 2997 3008 3007
4863 3 2 0 104 2997 2998 3009 3008
4864 3 2 0 104 2998 2999 3010 3009
4865 3 2 0 104 2999 3000 3011 3010
4866 3 2 0 104 3000 3001 3012 3011
4867 3 2 0 104 3001 3002 3013 3012
4868 3 2 0 104 3002 3003 3014 3013
4869 3 2 0 104 3003 3004 3015 3014
4870 3 2 0 104 3004 924 925 3015
4871 3 2 0 104 612 3005 910 35
4872 3 2 0 104 3005 3006 911 910
4873 3 2 0 104 3006 3007 912 911
4874 3 2 0 104 3007 3008 913 912
4875 3 2 0 104 3008 3009 914 913
4876 3 2 0 104 3009 3010 915 914
4877 3 2 0 104 3010 3011 916 915
4878 3 2 0 104 3011 3012 917 916
4879 3 2 0 104 3012 3013 918 917
4880 3 2 0 104 3013 3014 919 918
4881 3 2 0 104 3014 3015 920 919
4882 3 2 0 104 3015 925 66 920
4883 3 2 0 105 58 844 3016 897
4884 3 2 0 105 844 845 3017 3016
4885 3 2 0 105 845 846 3018 3017
4886 3 2 0 105 846 847 3019 3018
4887 3 2 0 105 847 848 3020 3019
4888 3 2 0 105 848 60 909 3020
4889 3 2 0 105 897 3016 921 65
4890 3 2 0 105 3016 3017 922 921
4891 3 2 0 105 3017 3018 923 922
4892 3 2 0 105 3018 3019 924 923
4893 3 2 0 105 3019 3020 925 924
4894 3 2 0 105 3020 909 66 925
4895 3 2 0 106 25 850 3021 613
4896 3 2 0 106 613 3021 927 37
4897 3 2 0 106 850 851 3022 3021
4898 3 2 0 106 3021 3022 928 927
4899 3 2 0 106 851 852 3023 3022
4900 3 2 0 106 3022 3023 929 928
4901 3 2 0 106 852 853 3024 3023
4902 3 2 0 106 3023 3024 930 929
4903 3 2 0 106 853 854 3025 3024
4904 3 2 0 106 3024 3025 931 930
4905 3 2 0 106 854 855 3026 3025
4906 3 2 0 106 3025 3026 932 931
4907 3 2 0 106 855 856 3027 3026
4908 3 2 0 106 3026 3027 933 932
4909 3 2 0 106 856 857 3028 3027
4910 3 2 0 106 3027 3028 934 933
4911 3 2 0 106 857 858 3029 3028
4912 3 2 0 106 3028 3029 935 934
4913 3 2 0 106 858 859 3030 3029
4914 3 2 0 106 3029 3030 936 935
4915 3 2 0 106 859 860 3031 3030
4916 3 2 0 106 3030 3031 937 936
4917 3 2 0 106 860 61 926 3031
4918 3 2 0 106 3031 926 67 937
4919 3 2 0 107 27 626 3032 862
4920 3 2 0 107 626 39 939 3032
4921 3 2 0 107 862 3032 3033 863
4922 3 2 0 107 3032 939 940 3033
4923 3 2 0 107 863 3033 3034 864
4924 3 2 0 107 3033 940 941 3034
4925 3 2 0 107 864 3034 3035 865
4926 3 2 0 107 3034 941 942 3035
4927 3 2 0 107 865 3035 3036 866
4928 3 2 0 107 3035 942 943 3036
4929 3 2 0 107 866 3036 3037 867
4930 3 2 0 107 3036 943 944 3037
4931 3 2 0 107 867 3037 3038 868
4932 3 2 0 107 3037 944 945 3038
4933 3 2 0 107 868 3038 3039 869
4934 3 2 0 107 3038 945 946 3039
4935 3 2 0 107 869 3039 3040 870
4936 3 2 0 107 3039 946 947 3040
4937 3 2 0 107 870 3040 3041 871
4938 3 2 0 107 3040 947 948 3041
4939 3 2 0 107 871 3041 3042 872
4940 3 2 0 107 3041 948 949 3042
4941 3 2 0 107 872 3042 938 62
4942 3 2 0 107 3042 949 68 938
4943 3 2 0 108 37 927 939 39
4944 3 2 0 108 927 928 940 939
4945 3 2 0 108 928 929 941 940
4946 3 2 0 108 929 930 942 941
4947 3 2 0 108 930 931 943 942
4948 3 2 0 108 931 932 944 943
4949 3 2 0 108 932 933 945 944
4950 3 2 0 108 933 934 946 945
4951 3 2 0 108 934 935 947 946
4952 3 2 0 108 935 936 948 947
4953 3 2 0 108 936 937 949 948
4954 3 2 0 108 937 67 68 949
4955 3 2 0 109 61 62 938 926
4956 3 2 0 109 926 938 68 67
4957 3 2 0 110 29 639 3043 874
4958 3 2 0 110 639 41 951 3043
4959 3 2 0 110 874 3043 3044 875
4960 3 2 0 110 3043 951 952 3044
4961 3 2 0 110 875 3044 3045 876
4962 3 2 0 110 3044 952 953 3045
4963 3 2 0 110 876 3045 3046 877
4964 3 2 0 110 3045 953 954 3046
4965 3 2 0 110 877 3046 3047 878
4966 3 2 0 110 3046 954 955 3047
4967 3 2 0 110 878 3047 3048 879
4968 3 2 0 110 3047 955 956 3048
4969 3 2 0 110 879 3048 3049 880
4970 3 2 0 110 3048 956 957 3049
4971 3 2 0 110 880 3049 3050 881
4972 3 2 0 110 3049 957 958 3050
4973 3 2 0 110 881 3050 3051 882
4974 3 2 0 110 3050 958 959 3051
4975 3 2 0 110 882 3051 3052 883
4976 3 2 0 110 3051 959 960 3052
4977 3 2 0 110 883 3052 3053 884
4978 3 2 0 110 3052 960 961 3053
4979 3 2 0 110 884 3053 950 63
4980 3 2 0 110 3053 961 69 950
4981 3 2 0 111 39 939 951 41
4982 3 2 0 111 939 940 952 951
4983 3 2 0 111 940 941 953 952
4984 3 2 0 111 941 942 954 953
4985 3 2 0 111 942 943 955 954
4986 3 2 0 111 943 944 956 955
4987 3 2 0 111 944 945 957 956
4988 3 2 0 111 945 946 958 957
4989 3 2 0 111 946 947 959 958
4990 3 2 0 111 947 948 960 959
4991 3 2 0 111 948 949 961 960
4992 3 2 0 111 949 68 69 961
4993 3 2 0 112 62 63 950 938
4994 3 2 0 112 938 950 69 68
4995 3 2 0 113 31 652 3054 886
4996 3 2 0 113 652 43 963 3054
4997 3 2 0 113 886 3054 3055 887
4998 3 2 0 113 3054 963 964 3055
4999 3 2 0 113 887 3055 3056 888
5000 3 2 0 113 3055 964 965 3056
5001 3 2 0 113 888 3056 3057 889
5002 3 2 0 113 3056 965 966 3057
5003 3 2 0 113 889 3057 3058 890
5004 3 2 0 113 3057 966 967 3058
5005 3 2 0 113 890 3058 3059 891
5006 3 2 0 113 3058 967 968 3059
5007 3 2 0 113 891 3059 3060 892
5008 3 2 0 113 3059 968 969 3060
5009 3 2 0 113 892 3060 3061 893
5010 3 2 0 113 3060 969 970 3061
5011 3 2 0 113 893 3061 3062 894
5012 3 2 0 113 3061 970 971 3062
5013 3 2 0 113 894 3062 3063 895
5014 3 2 0 113 3062 971 972 3063
5015 3 2 0 113 895 3063 3064 896
5016 3 2 0 113 3063 972 973 3064
5017 3 2 0 113 896 3064 962 64
5018 3 2 0 113 3064 973 70 962
5019 3 2 0 114 41 951 963 43
5020 3 2 0 114 951 952 964 963
5021 3 2 0 114 952 953 965 964
5022 3 2 0 114 953 954 966 965
5023 3 2 0 114 954 955 967 966
5024 3 2 0 114 955 956 968 967
5025 3 2 0 114 956 957 969 968
5026 3 2 0 114 957 958 970 969
5027 3 2 0 114 958 959 971 970
5028 3 2 0 114 959 960 972 971
5029 3 2 0 114 960 961 973 972
5030 3 2 0 114 961 69 70 973
5031 3 2 0 115 63 64 962 950
5032 3 2 0 115 950 962 70 69
5033 3 2 0 116 33 665 3065 898
5034 3 2 0 116 665 45 975 3065
5035 3 2 0 116 898 3065 3066 899
5036 3 2 0 116 3065 975 976 3066
5037 3 2 0 116 899 3066 3067 900
5038 3 2 0 116 3066 976 977 3067
5039 3 2 0 116 900 3067 3068 901
5040 3 2 0 116 3067 977 978 3068
5041 3 2 0 116 901 3068 3069 902
5042 3 2 0 116 3068 978 979 3069
5043 3 2 0 116 902 3069 3070 903
5044 3 2 0 116 3069 979 980 3070
5045 3 2 0 116 903 3070 3071 904
5046 3 2 0 116 3070 980 981 3071
5047 3 2 0 116 904 3071 3072 905
5048 3 2 0 116 3071 981 982 3072
5049 3 2 0 116 905 3072 3073 906
5050 3 2 0 116 3072 982 983 3073
5051 3 2 0 116 906 3073 3074 907
5052 3 2 0 116 3073 983 984 3074
5053 3 2 0 116 907 3074 3075 908
5054 3 2 0 116 3074 984 985 3075
5055 3 2 0 116 908 3075 974 65
5056 3 2 0 116 3075 985 71 974
5057 3 2 0 117 43 963 975 45
5058 3 2 0 117 963 964 976 975
5059 3 2 0 117 964 965 977 976
5060 3 2 0 117 965 966 978 977
5061 3 2 0 117 966 967 979 978
5062 3 2 0 117 967 968 980 979
5063 3 2 0 117 968 969 981 980
5064 3 2 0 117 969 970 982 981
5065 3 2 0 117 970 971 983 982
5066 3 2 0 117 971 972 984 983
5067 3 2 0 117 972 973 985 984
5068 3 2 0 117 973 70 71 985
5069 3 2 0 118 64 65 974 962
5070 3 2 0 118 962 974 71 70
5071 3 2 0 119 35 678 3076 910
5072 3 2 0 119 678 47 987 3076
5073 3 2 0 119 910 3076 3077 911
5074 3 2 0 119 3076 987 988 3077
5075 3 2 0 119 911 3077 3078 912
5076 3 2 0 119 3077 988 989 3078
5077 3 2 0 119 912 3078 3079 913
5078 3 2 0 119 3078 989 990 3079
5079 3 2 0 119 913 3079 3080 914
5080 3 2 0 119 3079 990 991 3080
5081 3 2 0 119 914 3080 3081 915
5082 3 2 0 119 3080 991 992 3081
5083 3 2 0 119 915 3081 3082 916
5084 3 2 0 119 3081 992 993 3082
5085 3 2 0 119 916 3082 3083 917
5086 3 2 0 119 3082 993 994 3083
5087 3 2 0 119 917 3083 3084 918
5088 3 2 0 119 3083 994 995 3084
5089 3 2 0 119 918 3084 3085 919
5090 3 2 0 119 3084 995 996 3085
5091 3 2 0 119 919 3085 3086 920
5092 3 2 0 119 3085 996 997 3086
5093 3 2 0 119 920 3086 986 66
5094 3 2 0 119 3086 997 72 986
5095 3 2 0 120 45 975 3087 696
5096 3 2 0 120 975 976 3088 3087
5097 3 2 0 120 976 977 3089 3088
5098 3 2 0 120 977 978 3090 3089
5099 3 2 0 120 978 979 3091 3090
5100 3 2 0 120 979 980 3092 3091
5101 3 2 0 120 980 981 3093 3092
5102 3 2 0 120 981 982 3094 3093
5103 3 2 0 120 982 983 3095 3094
5104 3 2 0 120 983 984 3096 3095
5105 3 2 0 120 984 985 3097 3096
5106 3 2 0 120 985 71 998 3097
5107 3 2 0 120 696 3087 3098 697
5108 3 2 0 120 3087 3088 3099 3098
5109 3 2 0 120 3088 3089 3100 3099
5110 3 2 0 120 3089 3090 3101 3100
5111 3 2 0 120 3090 3091 3102 3101
5112 3 2 0 120 3091 3092 3103 3102
5113 3 2 0 120 3092 3093 3104 3103
5114 3 2 0 120 3093 3094 3105 3104
5115 3 2 0 120 3094 3095 3106 3105
5116 3 2 0 120 3095 3096 3107 3106
5117 3 2 0 120 3096 3097 3108 3107
5118 3 2 0 120 3097 998 999 3108
5119 3 2 0 120 697 3098 3109 698
5120 3 2 0 120 3098 3099 3110 3109
5121 3 2 0 120 3099 3100 3111 3110
5122 3 2 0 120 3100 3101 3112 3111
5123 3 2 0 120 3101 3102 3113 3112
5124 3 2 0 120 3102 3103 3114 3113
5125 3 2 0 120 3103 3104 3115 3114
5126 3 2 0 120 3104 3105 3116 3115
5127 3 2 0 120 3105 3106 3117 3116
5128 3 2 0 120 3106 3107 3118 3117
5129 3 2 0 120 3107 3108 3119 3118
5130 3 2 0 120 3108 999 1000 3119
5131 3 2 0 120 698 3109 3120 699
5132 3 2 0 120 3109 3110 3121 3120
5133 3 2 0 120 3110 3111 3122 3121
5134 3 2 0 120 3111 3112 3123 3122
5135 3 2 0 120 3112 3113 3124 3123
5136 3 2 0 120 3113 3114 3125 3124
5137 3 2 0 120 3114 3115 3126 3125
5138 3 2 0 120 3115 3116 3127 3126
5139 3 2 0 120 3116 3117 3128 3127
5140 3 2 0 120 3117 3118 3129 3128
5141 3 2 0 120 3118 3119 3130 3129
5142 3 2 0 120 3119 1000 1001 3130
5143 3 2 0 120 699 3120 3131 700
5144 3 2 0 120 3120 3121 3132 3131
5145 3 2 0 120 3121 3122 3133 3132
5146 3 2 0 120 3122 3123 3134 3133
5147 3 2 0 120 3123 3124 3135 3134
5148 3 2 0 120 3124 3125 3136 3135
5149 3 2 0 120 3125 3126 3137 3136
5150 3 2 0 120 3126 3127 3138 3137
5151 3 2 0 120 3127 3128 3139 3138
5152 3 2 0 120 3128 3129 3140 3139
5153 3 2 0 120 3129 3130 3141 3140
5154 3 2 0 120 3130 1001 1002 3141
5155 3 2 0 120 700 3131 987 47
5156 3 2 0 120 3131 3132 988 987
5157 3 2 0 120 3132 3133 989 988
5158 3 2 0 120 3133 3134 990 989
5159 3 2 0 120 3134 3135 991 990
5160 3 2 0 120 3135 3136 992 991
5161 3 2 0 120 3136 3137 993 992
5162 3 2 0 120 3137 3138 994 993
5163 3 2 0 120 3138 3139 995 994
5164 3 2 0 120 3139 3140 996 995
5165 3 2 0 120 3140 3141 997 996
5166 3 2 0 120 3141 1002 72 997
5167 3 2 0 121 65 921 3142 974
5168 3 2 0 121 921 922 3143 3142
5169 3 2 0 121 922 923 3144 3143
5170 3 2 0 121 923 924 3145 3144
5171 3 2 0 121 924 925 3146 3145
5172 3 2 0 121 925 66 986 3146
5173 3 2 0 121 974 3142 998 71
5174 3 2 0 121 3142 3143 999 998
5175 3 2 0 121 3143 3144 1000 999
5176 3 2 0 121 3144 3145 1001 1000
5177 3 2 0 121 3145 3146 1002 1001
5178 3 2 0 121 3146 986 72 1002
5179 3 2 0 122 49 1003 3147 712
5180 3 2 0 122 712 3147 1008 50
5181 3 2 0 122 1003 1004 3148 3147
5182 3 2 0 122 3147 3148 1009 1008
5183 3 2 0 122 1004 1005 3149 3148
5184 3 2 0 122 3148 3149 1010 1009
5185 3 2 0 122 1005 1006 3150 3149
5186 3 2 0 122 3149 3150 1011 1010
5187 3 2 0 122 1006 73 1007 3150
5188 3 2 0 122 3150 1007 74 1011
5189 3 2 0 123 51 735 3151 1012
5190 3 2 0 123 735 52 1017 3151
5191 3 2 0 123 1012 3151 3152 1013
5192 3 2 0 123 3151 1017 1018 3152
5193 3 2 0 123 1013 3152 3153 1014
5194 3 2 0 123 3152 1018 1019 3153
5195 3 2 0 123 1014 3153 3154 1015
5196 3 2 0 123 3153 1019 1020 3154
5197 3 2 0 123 1015 3154 1016 75
5198 3 2 0 123 3154 1020 76 1016
5199 3 2 0 124 49 51 1012 1003
5200 3 2 0 124 1003 1012 1013 1004
5201 3 2 0 124 1004 1013 1014 1005
5202 3 2 0 124 1005 1014 1015 1006
5203 3 2 0 124 1006 1015 75 73
5204 3 2 0 125 50 1008 1017 52
5205 3 2 0 125 1008 1009 1018 1017
5206 3 2 0 125 1009 1010 1019 1018
5207 3 2 0 125 1010 1011 1020 1019
5208 3 2 0 125 1011 74 76 1020
5209 3 2 0 126 73 75 1016 1007
5210 3 2 0 126 1007 1016 76 74
5211 3 2 0 127 53 758 3155 1021
5212 3 2 0 127 758 54 1026 3155
5213 3 2 0 127 1021 3155 3156 1022
5214 3 2 0 127 3155 1026 1027 3156
5215 3 2 0 127 1022 3156 3157 1023
5216 3 2 0 127 3156 1027 1028 3157
5217 3 2 0 127 1023 3157 3158 1024
5218 3 2 0 127 3157 1028 1029 3158
5219 3 2 0 127 1024 3158 1025 77
5220 3 2 0 127 3158 1029 78 1025
5221 3 2 0 128 51 53 1021 1012
5222 3 2 0 128 1012 1021 1022 1013
5223 3 2 0 128 1013 1022 1023 1014
5224 3 2 0 128 1014 1023 1024 1015
5225 3 2 0 128 1015 1024 77 75
5226 3 2 0 129 52 1017 1026 54
5227 3 2 0 129 1017 1018 1027 1026
5228 3 2 0 129 1018 1019 1028 1027
5229 3 2 0 129 1019 1020 1029 1028
5230 3 2 0 129 1020 76 78 1029
5231 3 2 0 130 75 77 1025 1016
5232 3 2 0 130 1016 1025 78 76
5233 3 2 0 131 55 781 3159 1030
5234 3 2 0 131 781 56 1035 3159
5235 3 2 0 131 1030 3159 3160 1031
5236 3 2 0 131 3159 1035 1036 3160
5237 3 2 0 131 1031 3160 3161 1032
5238 3 2 0 131 3160 1036 1037 3161
5239 3 2 0 131 1032 3161 3162 1033
5240 3 2 0 131 3161 1037 1038 3162
5241 3 2 0 131 1033 3162 1034 79
5242 3 2 0 131 3162 1038 80 1034
5243 3 2 0 132 53 55 1030 1021
5244 3 2 0 132 1021 1030 1031 1022
5245 3 2 0 132 1022 1031 1032 1023
5246 3 2 0 132 1023 1032 1033 1024
5247 3 2 0 132 1024 1033 79 77
5248 3 2 0 133 54 1026 1035 56
5249 3 2 0 133 1026 1027 1036 1035
5250 3 2 0 133 1027 1028 1037 1036
5251 3 2 0 133 1028 1029 1038 1037
5252 3 2 0 133 1029 78 80 1038
5253 3 2 0 134 77 79 1034 1025
5254 3 2 0 134 1025 1034 80 78
5255 3 2 0 135 57 804 3163 1039
5256 3 2 0 135 804 58 1044 3163
5257 3 2 0 135 1039 3163 3164 1040
5258 3 2 0 135 3163 1044 1045 3164
5259 3 2 0 135 1040 3164 3165 1041
5260 3 2 0 135 3164 1045 1046 3165
5261 3 2 0 135 1041 3165 3166 1042
5262 3 2 0 135 3165 1046 1047 3166
5263 3 2 0 135 1042 3166 1043 81
5264 3 2 0 135 3166 1047 82 1043
5265 3 2 0 136 55 57 1039 1030
5266 3 2 0 136 1030 1039 1040 1031
5267 3 2 0 136 1031 1040 1041 1032
5268 3 2 0 136 1032 1041 1042 1033
5269 3 2 0 136 1033 1042 81 79
5270 3 2 0 137 56 1035 1044 58
5271 3 2 0 137 1035 1036 1045 1044
5272 3 2 0 137 1036 1037 1046 1045
5273 3 2 0 137 1037 1038 1047 1046
5274 3 2 0 137 1038 80 82 1047
5275 3 2 0 138 79 81 1043 1034
5276 3 2 0 138 1034 1043 82 80
5277 3 2 0 139 59 827 3167 1048
5278 3 2 0 139 827 60 1053 3167
5279 3 2 0 139 1048 3167 3168 1049
5280 3 2 0 139 3167 1053 1054 3168
5281 3 2 0 139 1049 3168 3169 1050
5282 3 2 0 139 3168 1054 1055 3169
5283 3 2 0 139 1050 3169 3170 1051
5284 3 2 0 139 3169 1055 1056 3170
5285 3 2 0 139 1051 3170 1052 83
5286 3 2 0 139 3170 1056 84 1052
5287 3 2 0 140 57 839 3171 1039
5288 3 2 0 140 1039 3171 3172 1040
5289 3 2 0 140 1040 3172 3173 1041
5290 3 2 0 140 1041 3173 3174 1042
5291 3 2 0 140 1042 3174 1057 81
5292 3 2 0 140 839 840 3175 3171
5293 3 2 0 140 3171 3175 3176 3172
5294 3 2 0 140 3172 3176 3177 3173
5295 3 2 0 140 3173 3177 3178 3174
5296 3 2 0 140 3174 3178 1058 1057
5297 3 2 0 140 840 841 3179 3175
5298 3 2 0 140 3175 3179 3180 3176
5299 3 2 0 140 3176 3180 3181 3177
5300 3 2 0 140 3177 3181 3182 3178
5301 3 2 0 140 3178 3182 1059 1058
5302 3 2 0 140 841 842 3183 3179
5303 3 2 0 140 3179 3183 3184 3180
5304 3 2 0 140 3180 3184 3185 3181
5305 3 2 0 140 3181 3185 3186 3182
5306 3 2 0 140 3182 3186 1060 1059
5307 3 2 0 140 842 843 3187 3183
5308 3 2 0 140 3183 3187 3188 3184
5309 3 2 0 140 3184 3188 3189 3185
5310 3 2 0 140 3185 3189 3190 3186
5311 3 2 0 140 3186 3190 1061 1060
5312 3 2 0 140 843 59 1048 3187
5313 3 2 0 140 3187 1048 1049 3188
5314 3 2 0 140 3188 1049 1050 3189
5315 3 2 0 140 3189 1050 1051 3190
5316 3 2 0 140 3190 1051 83 1061
5317 3 2 0 141 58 1044 3191 844
5318 3 2 0 141 1044 1045 3192 3191
5319 3 2 0 141 1045 1046 3193 3192
5320 3 2 0 141 1046 1047 3194 3193
5321 3 2 0 141 1047 82 1062 3194
5322 3 2 0 141 844 3191 3195 845
5323 3 2 0 141 3191 3192 3196 3195
5324 3 2 0 141 3192 3193 3197 3196
5325 3 2 0 141 3193 3194 3198 3197
5326 3 2 0 141 3194 1062 1063 3198
5327 3 2 0 141 845 3195 3199 846
5328 3 2 0 141 3195 3196 3200 3199
5329 3 2 0 141 3196 3197 3201 3200
5330 3 2 0 141 3197 3198 3202 3201
5331 3 2 0 141 3198 1063 1064 3202
5332 3 2 0 141 846 3199 3203 847
5333 3 2 0 141 3199 3200 3204 3203
5334 3 2 0 141 3200 3201 3205 3204
5335 3 2 0 141 3201 3202 3206 3205
5336 3 2 0 141 3202 1064 1065 3206
5337 3 2 0 141 847 3203 3207 848
5338 3 2 0 141 3203 3204 3208 3207
5339 3 2 0 141 3204 3205 3209 3208
5340 3 2 0 141 3205 3206 3210 3209
5341 3 2 0 141 3206 1065 1066 3210
5342 3 2 0 141 848 3207 1053 60
5343 3 2 0 141 3207 3208 1054 1053
5344 3 2 0 141 3208 3209 1055 1054
5345 3 2 0 141 3209 3210 1056 1055
5346 3 2 0 141 3210 1066 84 1056
5347 3 2 0 142 81 1057 3211 1043
5348 3 2 0 142 1057 1058 3212 3211
5349 3 2 0 142 1058 1059 3213 3212
5350 3 2 0 142 1059 1060 3214 3213
5351 3 2 0 142 1060 1061 3215 3214
5352 3 2 0 142 1061 83 1052 3215
5353 3 2 0 142 1043 3211 1062 82
5354 3 2 0 142 3211 3212 1063 1062
5355 3 2 0 142 3212 3213 1064 1063
5356 3 2 0 142 3213 3214 1065 1064
5357 3 2 0 142 3214 3215 1066 1065
5358 3 2 0 142 3215 1052 84 1066
5359 3 2 0 143 50 1008 3216 849
5360 3 2 0 143 849 3216 1068 61
5361 3 2 0 143 1008 1009 3217 3216
5362 3 2 0 143 3216 3217 1069 1068
5363 3 2 0 143 1009 1010 3218 3217
5364 3 2 0 143 3217 3218 1070 1069
5365 3 2 0 143 1010 1011 3219 3218
5366 3 2 0 143 3218 3219 1071 1070
5367 3 2 0 143 1011 74 1067 3219
5368 3 2 0 143 3219 1067 85 1071
5369 3 2 0 144 52 861 3220 1017
5370 3 2 0 144 861 62 1073 3220
5371 3 2 0 144 1017 3220 3221 1018
5372 3 2 0 144 3220 1073 1074 3221
5373 3 2 0 144 1018 3221 3222 1019
5374 3 2 0 144 3221 1074 1075 3222
5375 3 2 0 144 1019 3222 3223 1020
5376 3 2 0 144 3222 1075 1076 3223
5377 3 2 0 144 1020 3223 1072 76
5378 3 2 0 144 3223 1076 86 1072
5379 3 2 0 145 61 1068 1073 62
5380 3 2 0 145 1068 1069 1074 1073
5381 3 2 0 145 1069 1070 1075 1074
5382 3 2 0 145 1070 1071 1076 1075
5383 3 2 0 145 1071 85 86 1076
5384 3 2 0 146 74 76 1072 1067
5385 3 2 0 146 1067 1072 86 85
5386 3 2 0 147 54 873 3224 1026
5387 3 2 0 147 873 63 1078 3224
5388 3 2 0 147 1026 3224 3225 1027
5389 3 2 0 147 3224 1078 1079 3225
5390 3 2 0 147 1027 3225 3226 1028
5391 3 2 0 147 3225 1079 1080 3226
5392 3 2 0 147 1028 3226 3227 1029
5393 3 2 0 147 3226 1080 1081 3227
5394 3 2 0 147 1029 3227 1077 78
5395 3 2 0 147 3227 1081 87 1077
5396 3 2 0 148 62 1073 1078 63
5397 3 2 0 148 1073 1074 1079 1078
5398 3 2 0 148 1074 1075 1080 1079
5399 3 2 0 148 1075 1076 1081 1080
5400 3 2 0 148 1076 86 87 1081
5401 3 2 0 149 76 78 1077 1072
5402 3 2 0 149 1072 1077 87 86
5403 3 2 0 150 56 885 3228 1035
5404 3 2 0 150 885 64 1083 3228
5405 3 2 0 150 1035 3228 3229 1036
5406 3 2 0 150 3228 1083 1084 3229
5407 3 2 0 150 1036 3229 3230 1037
5408 3 2 0 150 3229 1084 1085 3230
5409 3 2 0 150 1037 3230 3231 1038
5410 3 2 0 150 3230 1085 1086 3231
5411 3 2 0 150 1038 3231 1082 80
5412 3 2 0 150 3231 1086 88 1082
5413 3 2 0 151 63 1078 1083 64
5414 3 2 0 151 1078 1079 1084 1083
5415 3 2 0 151 1079 1080 1085 1084
5416 3 2 0 151 1080 1081 1086 1085
5417 3 2 0 151 1081 87 88 1086
5418 3 2 0 152 78 80 1082 1077
5419 3 2 0 152 1077 1082 88 87
5420 3 2 0 153 58 897 3232 1044
5421 3 2 0 153 897 65 1088 3232
5422 3 2 0 153 1044 3232 3233 1045
5423 3 2 0 153 3232 1088 1089 3233
5424 3 2 0 153 1045 3233 3234 1046
5425 3 2 0 153 3233 1089 1090 3234
5426 3 2 0 153 1046 3234 3235 1047
5427 3 2 0 153 3234 1090 1091 3235
5428 3 2 0 153 1047 3235 1087 82
5429 3 2 0 153 3235 1091 89 1087
5430 3 2 0 154 64 1083 1088 65
5431 3 2 0 154 1083 1084 1089 1088
5432 3 2 0 154 1084 1085 1090 1089
5433 3 2 0 154 1085 1086 1091 1090
5434 3 2 0 154 1086 88 89 1091
5435 3 2 0 155 80 82 1087 1082
5436 3 2 0 155 1082 1087 89 88
5437 3 2 0 156 60 909 3236 1053
5438 3 2 0 156 909 66 1093 3236
5439 3 2 0 156 1053 3236 3237 1054
5440 3 2 0 156 3236 1093 1094 3237
5441 3 2 0 156 1054 3237 3238 1055
5442 3 2 0 156 3237 1094 1095 3238
5443 3 2 0 156 1055 3238 3239 1056
5444 3 2 0 156 3238 1095 1096 3239
5445 3 2 0 156 1056 3239 1092 84
5446 3 2 0 156 3239 1096 90 1092
5447 3 2 0 157 65 1088 3240 921
5448 3 2 0 157 1088 1089 3241 3240
5449 3 2 0 157 1089 1090 3242 3241
5450 3 2 0 157 1090 1091 3243 3242
5451 3 2 0 157 1091 89 1097 3243
5452 3 2 0 157 921 3240 3244 922
5453 3 2 0 157 3240 3241 3245 3244
5454 3 2 0 157 3241 3242 3246 3245
5455 3 2 0 157 3242 3243 3247 3246
5456 3 2 0 157 3243 1097 1098 3247
5457 3 2 0 157 922 3244 3248 923
5458 3 2 0 157 3244 3245 3249 3248
5459 3 2 0 157 3245 3246 3250 3249
5460 3 2 0 157 3246 3247 3251 3250
5461 3 2 0 157 3247 1098 1099 3251
5462 3 2 0 157 923 3248 3252 924
5463 3 2 0 157 3248 3249 3253 3252
5464 3 2 0 157 3249 3250 3254 3253
5465 3 2 0 157 3250 3251 3255 3254
5466 3 2 0 157 3251 1099 1100 3255
5467 3 2 0 157 924 3252 3256 925
5468 3 2 0 157 3252 3253 3257 3256
5469 3 2 0 157 3253 3254 3258 3257
5470 3 2 0 157 3254 3255 3259 3258
5471 3 2 0 157 3255 1100 1101 3259
5472 3 2 0 157 925 3256 1093 66
5473 3 2 0 157 3256 3257 1094 1093
5474 3 2 0 157 3257 3258 1095 1094
5475 3 2 0 157 3258 3259 1096 1095
5476 3 2 0 157 3259 1101 90 1096
5477 3 2 0 158 82 1062 3260 1087
5478 3 2 0 158 1062 1063 3261 3260
5479 3 2 0 158 1063 1064 3262 3261
5480 3 2 0 158 1064 1065 3263 3262
5481 3 2 0 158 1065 1066 3264 3263
5482 3 2 0 158 1066 84 1092 3264
5483 3 2 0 158 1087 3260 1097 89
5484 3 2 0 158 3260 3261 1098 1097
5485 3 2 0 158 3261 3262 1099 1098
5486 3 2 0 158 3262 3263 1100 1099
5487 3 2 0 158 3263 3264 1101 1100
5488 3 2 0 158 3264 1092 90 1101
5489 3 2 0 159 61 1068 3265 926
5490 3 2 0 159 926 3265 1103 67
5491 3 2 0 159 1068 1069 3266 3265
5492 3 2 0 159 3265 3266 1104 1103
5493 3 2 0 159 1069 1070 3267 3266
5494 3 2 0 159 3266 3267 1105 1104
5495 3 2 0 159 1070 1071 3268 3267
5496 3 2 0 159 3267 3268 1106 1105
5497 3 2 0 159 1071 85 1102 3268
5498 3 2 0 159 3268 1102 91 1106
5499 3 2 0 160 62 938 3269 1073
5500 3 2 0 160 938 68 1108 3269
5501 3 2 0 160 1073 3269 3270 1074
5502 3 2 0 160 3269 1108 1109 3270
5503 3 2 0 160 1074 3270 3271 1075
5504 3 2 0 160 3270 1109 1110 3271
5505 3 2 0 160 1075 3271 3272 1076
5506 3 2 0 160 3271 1110 1111 3272
5507 3 2 0 160 1076 3272 1107 86
5508 3 2 0 160 3272 1111 92 1107
5509 3 2 0 161 67 1103 1108 68
5510 3 2 0 161 1103 1104 1109 1108
5511 3 2 0 161 1104 1105 1110 1109
5512 3 2 0 161 1105 1106 1111 1110
5513 3 2 0 161 1106 91 92 1111
5514 3 2 0 162 85 86 1107 1102
5515 3 2 0 162 1102 1107 92 91
5516 3 2 0 163 63 950 3273 1078
5517 3 2 0 163 950 69 1113 3273
5518 3 2 0 163 1078 3273 3274 1079
5519 3 2 0 163 3273 1113 1114 3274
5520 3 2 0 163 1079 3274 3275 1080
5521 3 2 0 163 3274 1114 1115 3275
5522 3 2 0 163 1080 3275 3276 1081
5523 3 2 0 163 3275 1115 1116 3276
5524 3 2 0 163 1081 3276 1112 87
5525 3 2 0 163 3276 1116 93 1112
5526 3 2 0 164 68 1108 1113 69
5527 3 2 0 164 1108 1109 1114 1113
5528 3 2 0 164 1109 1110 1115 1114
5529 3 2 0 164 1110 1111 1116 1115
5530 3 2 0 164 1111 92 93 1116
5531 3 2 0 165 86 87 1112 1107
5532 3 2 0 165 1107 1112 93 92
5533 3 2 0 166 64 962 3277 1083
5534 3 2 0 166 962 70 1118 3277
5535 3 2 0 166 1083 3277 3278 1084
5536 3 2 0 166 3277 1118 1119 3278
5537 3 2 0 166 1084 3278 3279 1085
5538 3 2 0 166 3278 1119 1120 3279
5539 3 2 0 166 1085 3279 3280 1086
5540 3 2 0 166 3279 1120 1121 3280
5541 3 2 0 166 1086 3280 1117 88
5542 3 2 0 166 3280 1121 94 1117
5543 3 2 0 167 69 1113 1118 70
5544 3 2 0 167 1113 1114 1119 1118
5545 3 2 0 167 1114 1115 1120 1119
5546 3 2 0 167 1115 1116 1121 1120
5547 3 2 0 167 1116 93 94 1121
5548 3 2 0 168 87 88 1117 1112
5549 3 2 0 168 1112 1117 94 93
5550 3 2 0 169 65 974 3281 1088
5551 3 2 0 169 974 71 1123 3281
5552 3 2 0 169 1088 3281 3282 1089
5553 3 2 0 169 3281 1123 1124 3282
5554 3 2 0 169 1089 3282 3283 1090
5555 3 2 0 169 3282 1124 1125 3283
5556 3 2 0 169 1090 3283 3284 1091
5557 3 2 0 169 3283 1125 1126 3284
5558 3 2 0 169 1091 3284 1122 89
5559 3 2 0 169 3284 1126 95 1122
5560 3 2 0 170 70 1118 1123 71
5561 3 2 0 170 1118 1119 1124 1123
5562 3 2 0 170 1119 1120 1125 1124
5563 3 2 0 170 1120 1121 1126 1125
5564 3 2 0 170 1121 94 95 1126
5565 3 2 0 171 88 89 1122 1117
5566 3 2 0 171 1117 1122 95 94
5567 3 2 0 172 66 986 3285 1093
5568 3 2 0 172 986 72 1128 3285
5569 3 2 0 172 1093 3285 3286 1094
5570 3 2 0 172 3285 1128 1129 3286
5571 3 2 0 172 1094 3286 3287 1095
5572 3 2 0 172 3286 1129 1130 3287
5573 3 2 0 172 1095 3287 3288 1096
5574 3 2 0 172 3287 1130 1131 3288
5575 3 2 0 172 1096 3288 1127 90
5576 3 2 0 172 3288 1131 96 1127
5577 3 2 0 173 71 1123 3289 998
5578 3 2 0 173 1123 1124 3290 3289
5579 3 2 0 173 1124 1125 3291 3290
5580 3 2 0 173 1125 1126 3292 3291
5581 3 2 0 173 1126 95 1132 3292
5582 3 2 0 173 998 3289 3293 999
5583 3 2 0 173 3289 3290 3294 3293
5584 3 2 0 173 3290 3291 3295 3294
5585 3 2 0 173 3291 3292 3296 3295
5586 3 2 0 173 3292 1132 1133 3296
5587 3 2 0 173 999 3293 3297 1000
5588 3 2 0 173 3293 3294 3298 3297
5589 3 2 0 173 3294 3295 3299 3298
5590 3 2 0 173 3295 3296 3300 3299
5591 3 2 0 173 3296 1133 1134 3300
5592 3 2 0 173 1000 3297 3301 1001
5593 3 2 0 173 3297 3298 3302 3301
5594 3 2 0 173 3298 3299 3303 3302
5595 3 2 0 173 3299 3300 3304 3303
5596 3 2 0 173 3300 1134 1135 3304
5597 3 2 0 173 1001 3301 3305 1002
5598 3 2 0 173 3301 3302 3306 3305
5599 3 2 0 173 3302 3303 3307 3306
5600 3 2 0 173 3303 3304 3308 3307
5601 3 2 0 173 3304 1135 1136 3308
5602 3 2 0 173 1002 3305 1128 72
5603 3 2 0 173 3305 3306 1129 1128
5604 3 2 0 173 3306 3307 1130 1129
5605 3 2 0 173 3307 3308 1131 1130
5606 3 2 0 173 3308 1136 96 1131
5607 3 2 0 174 89 1097 3309 1122
5608 3 2 0 174 1097 1098 3310 3309
5609 3 2 0 174 1098 1099 3311 3310
5610 3 2 0 174 1099 1100 3312 3311
5611 3 2 0 174 1100 1101 3313 3312
5612 3 2 0 174 1101 90 1127 3313
5613 3 2 0 174 1122 3309 1132 95
5614 3 2 0 174 3309 3310 1133 1132
5615 3 2 0 174 3310 3311 1134 1133
5616 3 2 0 174 3311 3312 1135 1134
5617 3 2 0 174 3312 3313 1136 1135
5618 3 2 0 174 3313 1127 96 1136
5619 3 2 0 175 73 1137 3314 1007
5620 3 2 0 175 1007 3314 1149 74
5621 3 2 0 175 1137 1138 3315 3314
5622 3 2 0 175 3314 3315 1150 1149
5623 3 2 0 175 1138 1139 3316 3315
5624 3 2 0 175 3315 3316 1151 1150
5625 3 2 0 175 1139 1140 3317 3316
5626 3 2 0 175 3316 3317 1152 1151
5627 3 2 0 175 1140 1141 3318 3317
5628 3 2 0 175 3317 3318 1153 1152
5629 3 2 0 175 1141 1142 3319 3318
5630 3 2 0 175 3318 3319 1154 1153
5631 3 2 0 175 1142 1143 3320 3319
5632 3 2 0 175 3319 3320 1155 1154
5633 3 2 0 175 1143 1144 3321 3320
5634 3 2 0 175 3320 3321 1156 1155
5635 3 2 0 175 1144 1145 3322 3321
5636 3 2 0 175 3321 3322 1157 1156
5637 3 2 0 175 1145 1146 3323 3322
5638 3 2 0 175 3322 3323 1158 1157
5639 3 2 0 175 1146 1147 3324 3323
5640 3 2 0 175 3323 3324 1159 1158
5641 3 2 0 175 1147 97 1148 3324
5642 3 2 0 175 3324 1148 98 1159
5643 3 2 0 176 75 1016 3325 1160
5644 3 2 0 176 1016 76 1172 3325
5645 3 2 0 176 1160 3325 3326 1161
5646 3 2 0 176 3325 1172 1173 3326
5647 3 2 0 176 1161 3326 3327 1162
5648 3 2 0 176 3326 1173 1174 3327
5649 3 2 0 176 1162 3327 3328 1163
5650 3 2 0 176 3327 1174 1175 3328
5651 3 2 0 176 1163 3328 3329 1164
5652 3 2 0 176 3328 1175 1176 3329
5653 3 2 0 176 1164 3329 3330 1165
5654 3 2 0 176 3329 1176 1177 3330
5655 3 2 0 176 1165 3330 3331 1166
5656 3 2 0 176 3330 1177 1178 3331
5657 3 2 0 176 1166 3331 3332 1167
5658 3 2 0 176 3331 1178 1179 3332
5659 3 2 0 176 1167 3332 3333 1168
5660 3 2 0 176 3332 1179 1180 3333
5661 3 2 0 176 1168 3333 3334 1169
5662 3 2 0 176 3333 1180 1181 3334
5663 3 2 0 176 1169 3334 3335 1170
5664 3 2 0 176 3334 1181 1182 3335
5665 3 2 0 176 1170 3335 1171 99
5666 3 2 0 176 3335 1182 100 1171
5667 3 2 0 177 73 75 1160 1137
5668 3 2 0 177 1137 1160 1161 1138
5669 3 2 0 177 1138 1161 1162 1139
5670 3 2 0 177 1139 1162 1163 1140
5671 3 2 0 177 1140 1163 1164 1141
5672 3 2 0 177 1141 1164 1165 1142
5673 3 2 0 177 1142 1165 1166 1143
5674 3 2 0 177 1143 1166 1167 1144
5675 3 2 0 177 1144 1167 1168 1145
5676 3 2 0 177 1145 1168 1169 1146
5677 3 2 0 177 1146 1169 1170 1147
5678 3 2 0 177 1147 1170 99 97
5679 3 2 0 178 74 1149 1172 76
5680 3 2 0 178 1149 1150 1173 1172
5681 3 2 0 178 1150 1151 1174 1173
5682 3 2 0 178 1151 1152 1175 1174
5683 3 2 0 178 1152 1153 1176 1175
5684 3 2 0 178 1153 1154 1177 1176
5685 3 2 0 178 1154 1155 1178 1177
5686 3 2 0 178 1155 1156 1179 1178
5687 3 2 0 178 1156 1157 1180 1179
5688 3 2 0 178 1157 1158 1181 1180
5689 3 2 0 178 1158 1159 1182 1181
5690 3 2 0 178 1159 98 100 1182
5691 3 2 0 179 97 99 1171 1148
5692 3 2 0 179 1148 1171 100 98
5693 3 2 0 180 77 1025 3336 1183
5694 3 2 0 180 1025 78 1195 3336
5695 3 2 0 180 1183 3336 3337 1184
5696 3 2 0 180 3336 1195 1196 3337
5697 3 2 0 180 1184 3337 3338 1185
5698 3 2 0 180 3337 1196 1197 3338
5699 3 2 0 180 1185 3338 3339 1186
5700 3 2 0 180 3338 1197 1198 3339
5701 3 2 0 180 1186 3339 3340 1187
5702 3 2 0 180 3339 1198 1199 3340
5703 3 2 0 180 1187 3340 3341 1188
5704 3 2 0 180 3340 1199 1200 3341
5705 3 2 0 180 1188 3341 3342 1189
5706 3 2 0 180 3341 1200 1201 3342
5707 3 2 0 180 1189 3342 3343 1190
5708 3 2 0 180 3342 1201 1202 3343
5709 3 2 0 180 1190 3343 3344 1191
5710 3 2 0 180 3343 1202 1203 3344
5711 3 2 0 180 1191 3344 3345 1192
5712 3 2 0 180 3344 1203 1204 3345
5713 3 2 0 180 1192 3345 3346 1193
5714 3 2 0 180 3345 1204 1205 3346
5715 3 2 0 180 1193 3346 1194 101
5716 3 2 0 180 3346 1205 102 1194
5717 3 2 0 181 75 77 1183 1160
5718 3 2 0 181 1160 1183 1184 1161
5719 3 2 0 181 1161 1184 1185 1162
5720 3 2 0 181 1162 1185 1186 1163
5721 3 2 0 181 1163 1186 1187 1164
5722 3 2 0 181 1164 1187 1188 1165
5723 3 2 0 181 1165 1188 1189 1166
5724 3 2 0 181 1166 1189 1190 1167
5725 3 2 0 181 1167 1190 1191 1168
5726 3 2 0 181 1168 1191 1192 1169
5727 3 2 0 181 1169 1192 1193 1170
5728 3 2 0 181 1170 1193 101 99
5729 3 2 0 182 76 1172 1195 78
5730 3 2 0 182 1172 1173 1196 1195
5731 3 2 0 182 1173 1174 1197 1196
5732 3 2 0 182 1174 1175 1198 1197
5733 3 2 0 182 1175 1176 1199 1198
5734 3 2 0 182 1176 1177 1200 1199
5735 3 2 0 182 1177 1178 1201 1200
5736 3 2 0 182 1178 1179 1202 1201
5737 3 2 0 182 1179 1180 1203 1202
5738 3 2 0 182 1180 1181 1204 1203
5739 3 2 0 182 1181 1182 1205 1204
5740 3 2 0 182 1182 100 102 1205
5741 3 2 0 183 99 101 1194 1171
5742 3 2 0 183 1171 1194 102 100
5743 3 2 0 184 79 1034 3347 1206
5744 3 2 0 184 1034 80 1218 3347
5745 3 2 0 184 1206 3347 3348 1207
5746 3 2 0 184 3347 1218 1219 3348
5747 3 2 0 184 1207 3348 3349 1208
5748 3 2 0 184 3348 1219 1220 3349
5749 3 2 0 184 1208 3349 3350 1209
5750 3 2 0 184 3349 1220 1221 3350
5751 3 2 0 184 1209 3350 3351 1210
5752 3 2 0 184 3350 1221 1222 3351
5753 3 2 0 184 1210 3351 3352 1211
5754 3 2 0 184 3351 1222 1223 3352
5755 3 2 0 184 1211 3352 3353 1212
5756 3 2 0 184 3352 1223 1224 3353
5757 3 2 0 184 1212 3353 3354 1213
5758 3 2 0 184 3353 1224 1225 3354
5759 3 2 0 184 1213 3354 3355 1214
5760 3 2 0 184 3354 1225 1226 3355
5761 3 2 0 184 1214 3355 3356 1215
5762 3 2 0 184 3355 1226 1227 3356
5763 3 2 0 184 1215 3356 3357 1216
5764 3 2 0 184 3356 1227 1228 3357
5765 3 2 0 184 1216 3357 1217 103
5766 3 2 0 184 3357 1228 104 1217
5767 3 2 0 185 77 79 1206 1183
5768 3 2 0 185 1183 1206 1207 1184
5769 3 2 0 185 1184 1207 1208 1185
5770 3 2 0 185 1185 1208 1209 1186
5771 3 2 0 185 1186 1209 1210 1187
5772 3 2 0 185 1187 1210 1211 1188
5773 3 2 0 185 1188 1211 1212 1189
5774 3 2 0 185 1189 1212 1213 1190
5775 3 2 0 185 1190 1213 1214 1191
5776 3 2 0 185 1191 1214 1215 1192
5777 3 2 0 185 1192 1215 1216 1193
5778 3 2 0 185 1193 1216 103 101
5779 3 2 0 186 78 1195 1218 80
5780 3 2 0 186 1195 1196 1219 1218
5781 3 2 0 186 1196 1197 1220 1219
5782 3 2 0 186 1197 1198 1221 1220
5783 3 2 0 186 1198 1199 1222 1221
5784 3 2 0 186 1199 1200 1223 1222
5785 3 2 0 186 1200 1201 1224 1223
5786 3 2 0 186 1201 1202 1225 1224
5787 3 2 0 186 1202 1203 1226 1225
5788 3 2 0 186 1203 1204 1227 1226
5789 3 2 0 186 1204 1205 1228 1227
5790 3 2 0 186 1205 102 104 1228
5791 3 2 0 187 101 103 1217 1194
5792 3 2 0 187 1194 1217 104 102
5793 3 2 0 188 81 1043 3358 1229
5794 3 2 0 188 1043 82 1241 3358
5795 3 2 0 188 1229 3358 3359 1230
5796 3 2 0 188 3358 1241 1242 3359
5797 3 2 0 188 1230 3359 3360 1231
5798 3 2 0 188 3359 1242 1243 3360
5799 3 2 0 188 1231 3360 3361 1232
5800 3 2 0 188 3360 1243 1244 3361
5801 3 2 0 188 1232 3361 3362 1233
5802 3 2 0 188 3361 1244 1245 3362
5803 3 2 0 188 1233 3362 3363 1234
5804 3 2 0 188 3362 1245 1246 3363
5805 3 2 0 188 1234 3363 3364 1235
5806 3 2 0 188 3363 1246 1247 3364
5807 3 2 0 188 1235 3364 3365 1236
5808 3 2 0 188 3364 1247 1248 3365
5809 3 2 0 188 1236 3365 3366 1237
5810 3 2 0 188 3365 1248 1249 3366
5811 3 2 0 188 1237 3366 3367 1238
5812 3 2 0 188 3366 1249 1250 3367
5813 3 2 0 188 1238 3367 3368 1239
5814 3 2 0 188 3367 1250 1251 3368
5815 3 2 0 188 1239 3368 1240 105
5816 3 2 0 188 3368 1251 106 1240
5817 3 2 0 189 79 81 1229 1206
5818 3 2 0 189 1206 1229 1230 1207
5819 3 2 0 189 1207 1230 1231 1208
5820 3 2 0 189 1208 1231 1232 1209
5821 3 2 0 189 1209 1232 1233 1210
5822 3 2 0 189 1210 1233 1234 1211
5823 3 2 0 189 1211 1234 1235 1212
5824 3 2 0 189 1212 1235 1236 1213
5825 3 2 0 189 1213 1236 1237 1214
5826 3 2 0 189 1214 1237 1238 1215
5827 3 2 0 189 1215 1238 1239 1216
5828 3 2 0 189 1216 1239 105 103
5829 3 2 0 190 80 1218 1241 82
5830 3 2 0 190 1218 1219 1242 1241
5831 3 2 0 190 1219 1220 1243 1242
5832 3 2 0 190 1220 1221 1244 1243
5833 3 2 0 190 1221 1222 1245 1244
5834 3 2 0 190 1222 1223 1246 1245
5835 3 2 0 190 1223 1224 1247 1246
5836 3 2 0 190 1224 1225 1248 1247
5837 3 2 0 190 1225 1226 1249 1248
5838 3 2 0 190 1226 1227 1250 1249
5839 3 2 0 190 1227 1228 1251 1250
5840 3 2 0 190 1228 104 106 1251
5841 3 2 0 191 103 105 1240 1217
5842 3 2 0 191 1217 1240 106 104
5843 3 2 0 192 74 1149 3369 1067
5844 3 2 0 192 1067 3369 1253 85
5845 3 2 0 192 1149 1150 3370 3369
5846 3 2 0 192 3369 3370 1254 1253
5847 3 2 0 192 1150 1151 3371 3370
5848 3 2 0 192 3370 3371 1255 1254
5849 3 2 0 192 1151 1152 3372 3371
5850 3 2 0 192 3371 3372 1256 1255
5851 3 2 0 192 1152 1153 3373 3372
5852 3 2 0 192 3372 3373 1257 1256
5853 3 2 0 192 1153 1154 3374 3373
5854 3 2 0 192 3373 3374 1258 1257
5855 3 2 0 192 1154 1155 3375 3374
5856 3 2 0 192 3374 3375 1259 1258
5857 3 2 0 192 1155 1156 3376 3375
5858 3 2 0 192 3375 3376 1260 1259
5859 3 2 0 192 1156 1157 3377 3376
5860 3 2 0 192 3376 3377 1261 1260
5861 3 2 0 192 1157 1158 3378 3377
5862 3 2 0 192 3377 3378 1262 1261
5863 3 2 0 192 1158 1159 3379 3378
5864 3 2 0 192 3378 3379 1263 1262
5865 3 2 0 192 1159 98 1252 3379
5866 3 2 0 192 3379 1252 107 1263
5867 3 2 0 193 76 1072 3380 1172
5868 3 2 0 193 1072 86 1265 3380
5869 3 2 0 193 1172 3380 3381 1173
5870 3 2 0 193 3380 1265 1266 3381
5871 3 2 0 193 1173 3381 3382 1174
5872 3 2 0 193 3381 1266 1267 3382
5873 3 2 0 193 1174 3382 3383 1175
5874 3 2 0 193 3382 1267 1268 3383
5875 3 2 0 193 1175 3383 3384 1176
5876 3 2 0 193 3383 1268 1269 3384
5877 3 2 0 193 1176 3384 3385 1177
5878 3 2 0 193 3384 1269 1270 3385
5879 3 2 0 193 1177 3385 3386 1178
5880 3 2 0 193 3385 1270 1271 3386
5881 3 2 0 193 1178 3386 3387 1179
5882 3 2 0 193 3386 1271 1272 3387
5883 3 2 0 193 1179 3387 3388 1180
5884 3 2 0 193 3387 1272 1273 3388
5885 3 2 0 193 1180 3388 3389 1181
5886 3 2 0 193 3388 1273 1274 3389
5887 3 2 0 193 1181 3389 3390 1182
5888 3 2 0 193 3389 1274 1275 3390
5889 3 2 0 193 1182 3390 1264 100
5890 3 2 0 193 3390 1275 108 1264
5891 3 2 0 194 85 1253 1265 86
5892 3 2 0 194 1253 1254 1266 1265
5893 3 2 0 194 1254 1255 1267 1266
5894 3 2 0 194 1255 1256 1268 1267
5895 3 2 0 194 1256 1257 1269 1268
5896 3 2 0 194 1257 1258 1270 1269
5897 3 2 0 194 1258 1259 1271 1270
5898 3 2 0 194 1259 1260 1272 1271
5899 3 2 0 194 1260 1261 1273 1272
5900 3 2 0 194 1261 1262 1274 1273
5901 3 2 0 194 1262 1263 1275 1274
5902 3 2 0 194 1263 107 108 1275
5903 3 2 0 195 98 100 1264 1252
5904 3 2 0 195 1252 1264 108 107
5905 3 2 0 196 78 1077 3391 1195
5906 3 2 0 196 1077 87 1277 3391
5907 3 2 0 196 1195 3391 3392 1196
5908 3 2 0 196 3391 1277 1278 3392
5909 3 2 0 196 1196 3392 3393 1197
5910 3 2 0 196 3392 1278 1279 3393
5911 3 2 0 196 1197 3393 3394 1198
5912 3 2 0 196 3393 1279 1280 3394
5913 3 2 0 196 1198 3394 3395 1199
5914 3 2 0 196 3394 1280 1281 3395
5915 3 2 0 196 1199 3395 3396 1200
5916 3 2 0 196 3395 1281 1282 3396
5917 3 2 0 196 1200 3396 3397 1201
5918 3 2 0 196 3396 1282 1283 3397
5919 3 2 0 196 1201 3397 3398 1202
5920 3 2 0 196 3397 1283 1284 3398
5921 3 2 0 196 1202 3398 3399 1203
5922 3 2 0 196 3398 1284 1285 3399
5923 3 2 0 196 1203 3399 3400 1204
5924 3 2 0 196 3399 1285 1286 3400
5925 3 2 0 196 1204 3400 3401 1205
5926 3 2 0 196 3400 1286 1287 3401
5927 3 2 0 196 1205 3401 1276 102
5928 3 2 0 196 3401 1287 109 1276
5929 3 2 0 197 86 1265 1277 87
5930 3 2 0 197 1265 1266 1278 1277
5931 3 2 0 197 1266 1267 1279 1278
5932 3 2 0 197 1267 1268 1280 1279
5933 3 2 0 197 1268 1269 1281 1280
5934 3 2 0 197 1269 1270 1282 1281
5935 3 2 0 197 1270 1271 1283 1282
5936 3 2 0 197 1271 1272 1284 1283
5937 3 2 0 197 1272 1273 1285 1284
5938 3 2 0 197 1273 1274 1286 1285
5939 3 2 0 197 1274 1275 1287 1286
5940 3 2 0 197 1275 108 109 1287
5941 3 2 0 198 100 102 1276 1264
5942 3 2 0 198 1264 1276 109 108
5943 3 2 0 199 80 1082 3402 1218
5944 3 2 0 199 1082 88 1289 3402
5945 3 2 0 199 1218 3402 3403 1219
5946 3 2 0 199 3402 1289 1290 3403
5947 3 2 0 199 1219 3403 3404 1220
5948 3 2 0 199 3403 1290 1291 3404
5949 3 2 0 199 1220 3404 3405 1221
5950 3 2 0 199 3404 1291 1292 3405
5951 3 2 0 199 1221 3405 3406 1222
5952 3 2 0 199 3405 1292 1293 3406
5953 3 2 0 199 1222 3406 3407 1223
5954 3 2 0 199 3406 1293 1294 3407
5955 3 2 0 199 1223 3407 3408 1224
5956 3 2 0 199 3407 1294 1295 3408
5957 3 2 0 199 1224 3408 3409 1225
5958 3 2 0 199 3408 1295 1296 3409
5959 3 2 0 199 1225 3409 3410 1226
5960 3 2 0 199 3409 1296 1297 3410
5961 3 2 0 199 1226 3410 3411 1227
5962 3 2 0 199 3410 1297 1298 3411
5963 3 2 0 199 1227 3411 3412 1228
5964 3 2 0 199 3411 1298 1299 3412
5965 3 2 0 199 1228 3412 1288 104
5966 3 2 0 199 3412 1299 110 1288
5967 3 2 0 200 87 1277 1289 88
5968 3 2 0 200 1277 1278 1290 1289
5969 3 2 0 200 1278 1279 1291 1290
5970 3 2 0 200 1279 1280 1292 1291
5971 3 2 0 200 1280 1281 1293 1292
5972 3 2 0 200 1281 1282 1294 1293
5973 3 2 0 200 1282 1283 1295 1294
5974 3 2 0 200 1283 1284 1296 1295
5975 3 2 0 200 1284 1285 1297 1296
5976 3 2 0 200 1285 1286 1298 1297
5977 3 2 0 200 1286 1287 1299 1298
5978 3 2 0 200 1287 109 110 1299
5979 3 2 0 201 102 104 1288 1276
5980 3 2 0 201 1276 1288 110 109
5981 3 2 0 202 82 1087 3413 1241
5982 3 2 0 202 1087 89 1301 3413
5983 3 2 0 202 1241 3413 3414 1242
5984 3 2 0 202 3413 1301 1302 3414
5985 3 2 0 202 1242 3414 3415 1243
5986 3 2 0 202 3414 1302 1303 3415
5987 3 2 0 202 1243 3415 3416 1244
5988 3 2 0 202 3415 1303 1304 3416
5989 3 2 0 202 1244 3416 3417 1245
5990 3 2 0 202 3416 1304 1305 3417
5991 3 2 0 202 1245 3417 3418 1246
5992 3 2 0 202 3417 1305 1306 3418
5993 3 2 0 202 1246 3418 3419 1247
5994 3 2 0 202 3418 1306 1307 3419
5995 3 2 0 202 1247 3419 3420 1248
5996 3 2 0 202 3419 1307 1308 3420
5997 3 2 0 202 1248 3420 3421 1249
5998 3 2 0 202 3420 1308 1309 3421
5999 3 2 0 202 1249 3421 3422 1250
6000 3 2 0 202 3421 1309 1310 3422
6001 3 2 0 202 1250 3422 3423 1251
6002 3 2 0 202 3422 1310 1311 3423
6003 3 2 0 202 1251 3423 1300 106
6004 3 2 0 202 3423 1311 111 1300
6005 3 2 0 203 88 1289 1301 89
6006 3 2 0 203 1289 1290 1302 1301
6007 3 2 0 203 1290 1291 1303 1302
6008 3 2 0 203 1291 1292 1304 1303
6009 3 2 0 203 1292 1293 1305 1304
6010 3 2 0 203 1293 1294 1306 1305
6011 3 2 0 203 1294 1295 1307 1306
6012 3 2 0 203 1295 1296 1308 1307
6013 3 2 0 203 1296 1297 1309 1308
6014 3 2 0 203 1297 1298 1310 1309
6015 3 2 0 203 1298 1299 1311 1310
6016 3 2 0 203 1299 110 111 1311
6017 3 2 0 204 104 106 1300 1288
6018 3 2 0 204 1288 1300 111 110
6019 3 2 0 205 84 1092 3424 1312
6020 3 2 0 205 1092 90 1324 3424
6021 3 2 0 205 1312 3424 3425 1313
6022 3 2 0 205 3424 1324 1325 3425
6023 3 2 0 205 1313 3425 3426 1314
6024 3 2 0 205 3425 1325 1326 3426
6025 3 2 0 205 1314 3426 3427 1315
6026 3 2 0 205 3426 1326 1327 3427
6027 3 2 0 205 1315 3427 3428 1316
6028 3 2 0 205 3427 1327 1328 3428
6029 3 2 0 205 1316 3428 3429 1317
6030 3 2 0 205 3428 1328 1329 3429
6031 3 2 0 205 1317 3429 3430 1318
6032 3 2 0 205 3429 1329 1330 3430
6033 3 2 0 205 1318 3430 3431 1319
6034 3 2 0 205 3430 1330 1331 3431
6035 3 2 0 205 1319 3431 3432 1320
6036 3 2 0 205 3431 1331 1332 3432
6037 3 2 0 205 1320 3432 3433 1321
6038 3 2 0 205 3432 1332 1333 3433
6039 3 2 0 205 1321 3433 3434 1322
6040 3 2 0 205 3433 1333 1334 3434
6041 3 2 0 205 1322 3434 1323 112
6042 3 2 0 205 3434 1334 113 1323
6043 3 2 0 206 82 1062 3435 1241
6044 3 2 0 206 1241 3435 3436 1242
6045 3 2 0 206 1242 3436 3437 1243
6046 3 2 0 206 1243 3437 3438 1244
6047 3 2 0 206 1244 3438 3439 1245
6048 3 2 0 206 1245 3439 3440 1246
6049 3 2 0 206 1246 3440 3441 1247
6050 3 2 0 206 1247 3441 3442 1248
6051 3 2 0 206 1248 3442 3443 1249
6052 3 2 0 206 1249 3443 3444 1250
6053 3 2 0 206 1250 3444 3445 1251
6054 3 2 0 206 1251 3445 1335 106
6055 3 2 0 206 1062 1063 3446 3435
6056 3 2 0 206 3435 3446 3447 3436
6057 3 2 0 206 3436 3447 3448 3437
6058 3 2 0 206 3437 3448 3449 3438
6059 3 2 0 206 3438 3449 3450 3439
6060 3 2 0 206 3439 3450 3451 3440
6061 3 2 0 206 3440 3451 3452 3441
6062 3 2 0 206 3441 3452 3453 3442
6063 3 2 0 206 3442 3453 3454 3443
6064 3 2 0 206 3443 3454 3455 3444
6065 3 2 0 206 3444 3455 3456 3445
6066 3 2 0 206 3445 3456 1336 1335
6067 3 2 0 206 1063 1064 3457 3446
6068 3 2 0 206 3446 3457 3458 3447
6069 3 2 0 206 3447 3458 3459 3448
6070 3 2 0 206 3448 3459 3460 3449
6071 3 2 0 206 3449 3460 3461 3450
6072 3 2 0 206 3450 3461 3462 3451
6073 3 2 0 206 3451 3462 3463 3452
6074 3 2 0 206 3452 3463 3464 3453
6075 3 2 0 206 3453 3464 3465 3454
6076 3 2 0 206 3454 3465 3466 3455
6077 3 2 0 206 3455 3466 3467 3456
6078 3 2 0 206 3456 3467 1337 1336
6079 3 2 0 206 1064 1065 3468 3457
6080 3 2 0 206 3457 3468 3469 3458
6081 3 2 0 206 3458 3469 3470 3459
6082 3 2 0 206 3459 3470 3471 3460
6083 3 2 0 206 3460 3471 3472 3461
6084 3 2 0 206 3461 3472 3473 3462
6085 3 2 0 206 3462 3473 3474 3463
6086 3 2 0 206 3463 3474 3475 3464
6087 3 2 0 206 3464 3475 3476 3465
6088 3 2 0 206 3465 3476 3477 3466
6089 3 2 0 206 3466 3477 3478 3467
6090 3 2 0 206 3467 3478 1338 1337
6091 3 2 0 206 1065 1066 3479 3468
6092 3 2 0 206 3468 3479 3480 3469
6093 3 2 0 206 3469 3480 3481 3470
6094 3 2 0 206 3470 3481 3482 3471
6095 3 2 0 206 3471 3482 3483 3472
6096 3 2 0 206 3472 3483 3484 3473
6097 3 2 0 206 3473 3484 3485 3474
6098 3 2 0 206 3474 3485 3486 3475
6099 3 2 0 206 3475 3486 3487 3476
6100 3 2 0 206 3476 3487 3488 3477
6101 3 2 0 206 3477 3488 3489 3478
6102 3 2 0 206 3478 3489 1339 1338
6103 3 2 0 206 1066 84 1312 3479
6104 3 2 0 206 3479 1312 1313 3480
6105 3 2 0 206 3480 1313 1314 3481
6106 3 2 0 206 3481 1314 1315 3482
6107 3 2 0 206 3482 1315 1316 3483
6108 3 2 0 206 3483 1316 1317 3484
6109 3 2 0 206 3484 1317 1318 3485
6110 3 2 0 206 3485 1318 1319 3486
6111 3 2 0 206 3486 1319 1320 3487
6112 3 2 0 206 3487 1320 1321 3488
6113 3 2 0 206 3488 1321 1322 3489
6114 3 2 0 206 3489 1322 112 1339
6115 3 2 0 207 89 1301 3490 1097
6116 3 2 0 207 1301 1302 3491 3490
6117 3 2 0 207 1302 1303 3492 3491
6118 3 2 0 207 1303 1304 3493 3492
6119 3 2 0 207 1304 1305 3494 3493
6120 3 2 0 207 1305 1306 3495 3494
6121 3 2 0 207 1306 1307 3496 3495
6122 3 2 0 207 1307 1308 3497 3496
6123 3 2 0 207 1308 1309 3498 3497
6124 3 2 0 207 1309 1310 3499 3498
6125 3 2 0 207 1310 1311 3500 3499
6126 3 2 0 207 1311 111 1340 3500
6127 3 2 0 207 1097 3490 3501 1098
6128 3 2 0 207 3490 3491 3502 3501
6129 3 2 0 207 3491 3492 3503 3502
6130 3 2 0 207 3492 3493 3504 3503
6131 3 2 0 207 3493 3494 3505 3504
6132 3 2 0 207 3494 3495 3506 3505
6133 3 2 0 207 3495 3496 3507 3506
6134 3 2 0 207 3496 3497 3508 3507
6135 3 2 0 207 3497 3498 3509 3508
6136 3 2 0 207 3498 3499 3510 3509
6137 3 2 0 207 3499 3500 3511 3510
6138 3 2 0 207 3500 1340 1341 3511
6139 3 2 0 207 1098 3501 3512 1099
6140 3 2 0 207 3501 3502 3513 3512
6141 3 2 0 207 3502 3503 3514 3513
6142 3 2 0 207 3503 3504 3515 3514
6143 3 2 0 207 3504 3505 3516 3515
6144 3 2 0 207 3505 3506 3517 3516
6145 3 2 0 207 3506 3507 3518 3517
6146 3 2 0 207 3507 3508 3519 3518
6147 3 2 0 207 3508 3509 3520 3519
6148 3 2 0 207 3509 3510 3521 3520
6149 3 2 0 207 3510 3511 3522 3521
6150 3 2 0 207 3511 1341 1342 3522
6151 3 2 0 207 1099 3512 3523 1100
6152 3 2 0 207 3512 3513 3524 3523
6153 3 2 0 207 3513 3514 3525 3524
6154 3 2 0 207 3514 3515 3526 3525
6155 3 2 0 207 3515 3516 3527 3526
6156 3 2 0 207 3516 3517 3528 3527
6157 3 2 0 207 3517 3518 3529 3528
6158 3 2 0 207 3518 3519 3530 3529
6159 3 2 0 207 3519 3520 3531 3530
6160 3 2 0 207 3520 3521 3532 3531
6161 3 2 0 207 3521 3522 3533 3532
6162 3 2 0 207 3522 1342 1343 3533
6163 3 2 0 207 1100 3523 3534 1101
6164 3 2 0 207 3523 3524 3535 3534
6165 3 2 0 207 3524 3525 3536 3535
6166 3 2 0 207 3525 3526 3537 3536
6167 3 2 0 207 3526 3527 3538 3537
6168 3 2 0 207 3527 3528 3539 3538
6169 3 2 0 207 3528 3529 3540 3539
6170 3 2 0 207 3529 3530 3541 3540
6171 3 2 0 207 3530 3531 3542 3541
6172 3 2 0 207 3531 3532 3543 3542
6173 3 2 0 207 3532 3533 3544 3543
6174 3 2 0 207 3533 1343 1344 3544
6175 3 2 0 207 1101 3534 1324 90
6176 3 2 0 207 3534 3535 1325 1324
6177 3 2 0 207 3535 3536 1326 1325
6178 3 2 0 207 3536 3537 1327 1326
6179 3 2 0 207 3537 3538 1328 1327
6180 3 2 0 207 3538 3539 1329 1328
6181 3 2 0 207 3539 3540 1330 1329
6182 3 2 0 207 3540 3541 1331 1330
6183 3 2 0 207 3541 3542 1332 1331
6184 3 2 0 207 3542 3543 1333 1332
6185 3 2 0 207 3543 3544 1334 1333
6186 3 2 0 207 3544 1344 113 1334
6187 3 2 0 208 106 1335 3545 1300
6188 3 2 0 208 1335 1336 3546 3545
6189 3 2 0 208 1336 1337 3547 3546
6190 3 2 0 208 1337 1338 3548 3547
6191 3 2 0 208 1338 1339 3549 3548
6192 3 2 0 208 1339 112 1323 3549
6193 3 2 0 208 1300 3545 1340 111
6194 3 2 0 208 3545 3546 1341 1340
6195 3 2 0 208 3546 3547 1342 1341
6196 3 2 0 208 3547 3548 1343 1342
6197 3 2 0 208 3548 3549 1344 1343
6198 3 2 0 208 3549 1323 113 1344
6199 3 2 0 209 85 1253 3550 1102
6200 3 2 0 209 1102 3550 1346 91
6201 3 2 0 209 1253 1254 3551 3550
6202 3 2 0 209 3550 3551 1347 1346
6203 3 2 0 209 1254 1255 3552 3551
6204 3 2 0 209 3551 3552 1348 1347
6205 3 2 0 209 1255 1256 3553 3552
6206 3 2 0 209 3552 3553 1349 1348
6207 3 2 0 209 1256 1257 3554 3553
6208 3 2 0 209 3553 3554 1350 1349
6209 3 2 0 209 1257 1258 3555 3554
6210 3 2 0 209 3554 3555 1351 1350
6211 3 2 0 209 1258 1259 3556 3555
6212 3 2 0 209 3555 3556 1352 1351
6213 3 2 0 209 1259 1260 3557 3556
6214 3 2 0 209 3556 3557 1353 1352
6215 3 2 0 209 1260 1261 3558 3557
6216 3 2 0 209 3557 3558 1354 1353
6217 3 2 0 209 1261 1262 3559 3558
6218 3 2 0 209 3558 3559 1355 1354
6219 3 2 0 209 1262 1263 3560 3559
6220 3 2 0 209 3559 3560 1356 1355
6221 3 2 0 209 1263 107 1345 3560
6222 3 2 0 209 3560 1345 114 1356
6223 3 2 0 210 86 1107 3561 1265
6224 3 2 0 210 1107 92 1358 3561
6225 3 2 0 210 1265 3561 3562 1266
6226 3 2 0 210 3561 1358 1359 3562
6227 3 2 0 210 1266 3562 3563 1267
6228 3 2 0 210 3562 1359 1360 3563
6229 3 2 0 210 1267 3563 3564 1268
6230 3 2 0 210 3563 1360 1361 3564
6231 3 2 0 210 1268 3564 3565 1269
6232 3 2 0 210 3564 1361 1362 3565
6233 3 2 0 210 1269 3565 3566 1270
6234 3 2 0 210 3565 1362 1363 3566
6235 3 2 0 210 1270 3566 3567 1271
6236 3 2 0 210 3566 1363 1364 3567
6237 3 2 0 210 1271 3567 3568 1272
6238 3 2 0 210 3567 1364 1365 3568
6239 3 2 0 210 1272 3568 3569 1273
6240 3 2 0 210 3568 1365 1366 3569
6241 3 2 0 210 1273 3569 3570 1274
6242 3 2 0 210 3569 1366 1367 3570
6243 3 2 0 210 1274 3570 3571 1275
6244 3 2 0 210 3570 1367 1368 3571
6245 3 2 0 210 1275 3571 1357 108
6246 3 2 0 210 3571 1368 115 1357
6247 3 2 0 211 91 1346 1358 92
6248 3 2 0 211 1346 1347 1359 1358
6249 3 2 0 211 1347 1348 1360 1359
6250 3 2 0 211 1348 1349 1361 1360
6251 3 2 0 211 1349 1350 1362 1361
6252 3 2 0 211 1350 1351 1363 1362
6253 3 2 0 211 1351 1352 1364 1363
6254 3 2 0 211 1352 1353 1365 1364
6255 3 2 0 211 1353 1354 1366 1365
6256 3 2 0 211 1354 1355 1367 1366
6257 3 2 0 211 1355 1356 1368 1367
6258 3 2 0 211 1356 114 115 1368
6259 3 2 0 212 107 108 1357 1345
6260 3 2 0 212 1345 1357 115 114
6261 3 2 0 213 87 1112 3572 1277
6262 3 2 0 213 1112 93 1370 3572
6263 3 2 0 213 1277 3572 3573 1278
6264 3 2 0 213 3572 1370 1371 3573
6265 3 2 0 213 1278 3573 3574 1279
6266 3 2 0 213 3573 1371 1372 3574
6267 3 2 0 213 1279 3574 3575 1280
6268 3 2 0 213 3574 1372 1373 3575
6269 3 2 0 213 1280 3575 3576 1281
6270 3 2 0 213 3575 1373 1374 3576
6271 3 2 0 213 1281 3576 3577 1282
6272 3 2 0 213 3576 1374 1375 3577
6273 3 2 0 213 1282 3577 3578 1283
6274 3 2 0 213 3577 1375 1376 3578
6275 3 2 0 213 1283 3578 3579 1284
6276 3 2 0 213 3578 1376 1377 3579
6277 3 2 0 213 1284 3579 3580 1285
6278 3 2 0 213 3579 1377 1378 3580
6279 3 2 0 213 1285 3580 3581 1286
6280 3 2 0 213 3580 1378 1379 3581
6281 3 2 0 213 1286 3581 3582 1287
6282 3 2 0 213 3581 1379 1380 3582
6283 3 2 0 213 1287 3582 1369 109
6284 3 2 0 213 3582 1380 116 1369
6285 3 2 0 214 92 1358 1370 93
6286 3 2 0 214 1358 1359 1371 1370
6287 3 2 0 214 1359 1360 1372 1371
6288 3 2 0 214 1360 1361 1373 1372
6289 3 2 0 214 1361 1362 1374 1373
6290 3 2 0 214 1362 1363 1375 1374
6291 3 2 0 214 1363 1364 1376 1375
6292 3 2 0 214 1364 1365 1377 1376
6293 3 2 0 214 1365 1366 1378 1377
6294 3 2 0 214 1366 1367 1379 1378
6295 3 2 0 214 1367 1368 1380 1379
6296 3 2 0 214 1368 115 116 1380
6297 3 2 0 215 108 109 1369 1357
6298 3 2 0 215 1357 1369 116 115
6299 3 2 0 216 88 1117 3583 1289
6300 3 2 0 216 1117 94 1382 3583
6301 3 2 0 216 1289 3583 3584 1290
6302 3 2 0 216 3583 1382 1383 3584
6303 3 2 0 216 1290 3584 3585 1291
6304 3 2 0 216 3584 1383 1384 3585
6305 3 2 0 216 1291 3585 3586 1292
6306 3 2 0 216 3585 1384 1385 3586
6307 3 2 0 216 1292 3586 3587 1293
6308 3 2 0 216 3586 1385 1386 3587
6309 3 2 0 216 1293 3587 3588 1294
6310 3 2 0 216 3587 1386 1387 3588
6311 3 2 0 216 1294 3588 3589 1295
6312 3 2 0 216 3588 1387 1388 3589
6313 3 2 0 216 1295 3589 3590 1296
6314 3 2 0 216 3589 1388 1389 3590
6315 3 2 0 216 1296 3590 3591 1297
6316 3 2 0 216 3590 1389 1390 3591
6317 3 2 0 216 1297 3591 3592 1298
6318 3 2 0 216 3591 1390 1391 3592
6319 3 2 0 216 1298 3592 3593 1299
6320 3 2 0 216 3592 1391 1392 3593
6321 3 2 0 216 1299 3593 1381 110
6322 3 2 0 216 3593 1392 117 1381
6323 3 2 0 217 93 1370 1382 94
6324 3 2 0 217 1370 1371 1383 1382
6325 3 2 0 217 1371 1372 1384 1383
6326 3 2 0 217 1372 1373 1385 1384
6327 3 2 0 217 1373 1374 1386 1385
6328 3 2 0 217 1374 1375 1387 1386
6329 3 2 0 217 1375 1376 1388 1387
6330 3 2 0 217 1376 1377 1389 1388
6331 3 2 0 217 1377 1378 1390 1389
6332 3 2 0 217 1378 1379 1391 1390
6333 3 2 0 217 1379 1380 1392 1391
6334 3 2 0 217 1380 116 117 1392
6335 3 2 0 218 109 110 1381 1369
6336 3 2 0 218 1369 1381 117 116
6337 3 2 0 219 89 1122 3594 1301
6338 3 2 0 219 1122 95 1394 3594
6339 3 2 0 219 1301 3594 3595 1302
6340 3 2 0 219 3594 1394 1395 3595
6341 3 2 0 219 1302 3595 3596 1303
6342 3 2 0 219 3595 1395 1396 3596
6343 3 2 0 219 1303 3596 3597 1304
6344 3 2 0 219 3596 1396 1397 3597
6345 3 2 0 219 1304 3597 3598 1305
6346 3 2 0 219 3597 1397 1398 3598
6347 3 2 0 219 1305 3598 3599 1306
6348 3 2 0 219 3598 1398 1399 3599
6349 3 2 0 219 1306 3599 3600 1307
6350 3 2 0 219 3599 1399 1400 3600
6351 3 2 0 219 1307 3600 3601 1308
6352 3 2 0 219 3600 1400 1401 3601
6353 3 2 0 219 1308 3601 3602 1309
6354 3 2 0 219 3601 1401 1402 3602
6355 3 2 0 219 1309 3602 3603 1310
6356 3 2 0 219 3602 1402 1403 3603
6357 3 2 0 219 1310 3603 3604 1311
6358 3 2 0 219 3603 1403 1404 3604
6359 3 2 0 219 1311 3604 1393 111
6360 3 2 0 219 3604 1404 118 1393
6361 3 2 0 220 94 1382 1394 95
6362 3 2 0 220 1382 1383 1395 1394
6363 3 2 0 220 1383 1384 1396 1395
6364 3 2 0 220 1384 1385 1397 1396
6365 3 2 0 220 1385 1386 1398 1397
6366 3 2 0 220 1386 1387 1399 1398
6367 3 2 0 220 1387 1388 1400 1399
6368 3 2 0 220 1388 1389 1401 1400
6369 3 2 0 220 1389 1390 1402 1401
6370 3 2 0 220 1390 1391 1403 1402
6371 3 2 0 220 1391 1392 1404 1403
6372 3 2 0 220 1392 117 118 1404
6373 3 2 0 221 110 111 1393 1381
6374 3 2 0 221 1381 1393 118 117
6375 3 2 0 222 90 1127 3605 1324
6376 3 2 0 222 1127 96 1406 3605
6377 3 2 0 222 1324 3605 3606 1325
6378 3 2 0 222 3605 1406 1407 3606
6379 3 2 0 222 1325 3606 3607 1326
6380 3 2 0 222 3606 1407 1408 3607
6381 3 2 0 222 1326 3607 3608 1327
6382 3 2 0 222 3607 1408 1409 3608
6383 3 2 0 222 1327 3608 3609 1328
6384 3 2 0 222 3608 1409 1410 3609
6385 3 2 0 222 1328 3609 3610 1329
6386 3 2 0 222 3609 1410 1411 3610
6387 3 2 0 222 1329 3610 3611 1330
6388 3 2 0 222 3610 1411 1412 3611
6389 3 2 0 222 1330 3611 3612 1331
6390 3 2 0 222 3611 1412 1413 3612
6391 3 2 0 222 1331 3612 3613 1332
6392 3 2 0 222 3612 1413 1414 3613
6393 3 2 0 222 1332 3613 3614 1333
6394 3 2 0 222 3613 1414 1415 3614
6395 3 2 0 222 1333 3614 3615 1334
6396 3 2 0 222 3614 1415 1416 3615
6397 3 2 0 222 1334 3615 1405 113
6398 3 2 0 222 3615 1416 119 1405
6399 3 2 0 223 95 1394 3616 1132
6400 3 2 0 223 1394 1395 3617 3616
6401 3 2 0 223 1395 1396 3618 3617
6402 3 2 0 223 1396 1397 3619 3618
6403 3 2 0 223 1397 1398 3620 3619
6404 3 2 0 223 1398 1399 3621 3620
6405 3 2 0 223 1399 1400 3622 3621
6406 3 2 0 223 1400 1401 3623 3622
6407 3 2 0 223 1401 1402 3624 3623
6408 3 2 0 223 1402 1403 3625 3624
6409 3 2 0 223 1403 1404 3626 3625
6410 3 2 0 223 1404 118 1417 3626
6411 3 2 0 223 1132 3616 3627 1133
6412 3 2 0 223 3616 3617 3628 3627
6413 3 2 0 223 3617 3618 3629 3628
6414 3 2 0 223 3618 3619 3630 3629
6415 3 2 0 223 3619 3620 3631 3630
6416 3 2 0 223 3620 3621 3632 3631
6417 3 2 0 223 3621 3622 3633 3632
6418 3 2 0 223 3622 3623 3634 3633
6419 3 2 0 223 3623 3624 3635 3634
6420 3 2 0 223 3624 3625 3636 3635
6421 3 2 0 223 3625 3626 3637 3636
6422 3 2 0 223 3626 1417 1418 3637
6423 3 2 0 223 1133 3627 3638 1134
6424 3 2 0 223 3627 3628 3639 3638
6425 3 2 0 223 3628 3629 3640 3639
6426 3 2 0 223 3629 3630 3641 3640
6427 3 2 0 223 3630 3631 3642 3641
6428 3 2 0 223 3631 3632 3643 3642
6429 3 2 0 223 3632 3633 3644 3643
6430 3 2 0 223 3633 3634 3645 3644
6431 3 2 0 223 3634 3635 3646 3645
6432 3 2 0 223 3635 3636 3647 3646
6433 3 2 0 223 3636 3637 3648 3647
6434 3 2 0 223 3637 1418 1419 3648
6435 3 2 0 223 1134 3638 3649 1135
6436 3 2 0 223 3638 3639 3650 3649
6437 3 2 0 223 3639 3640 3651 3650
6438 3 2 0 223 3640 3641 3652 3651
6439 3 2 0 223 3641 3642 3653 3652
6440 3 2 0 223 3642 3643 3654 3653
6441 3 2 0 223 3643 3644 3655 3654
6442 3 2 0 223 3644 3645 3656 3655
6443 3 2 0 223 3645 3646 3657 3656
6444 3 2 0 223 3646 3647 3658 3657
6445 3 2 0 223 3647 3648 3659 3658
6446 3 2 0 223 3648 1419 1420 3659
6447 3 2 0 223 1135 3649 3660 1136
6448 3 2 0 223 3649 3650 3661 3660
6449 3 2 0 223 3650 3651 3662 3661
6450 3 2 0 223 3651 3652 3663 3662
6451 3 2 0 223 3652 3653 3664 3663
6452 3 2 0 223 3653 3654 3665 3664
6453 3 2 0 223 3654 3655 3666 3665
6454 3 2 0 223 3655 3656 3667 3666
6455 3 2 0 223 3656 3657 3668 3667
6456 3 2 0 223 3657 3658 3669 3668
6457 3 2 0 223 3658 3659 3670 3669
6458 3 2 0 223 3659 1420 1421 3670
6459 3 2 0 223 1136 3660 1406 96
6460 3 2 0 223 3660 3661 1407 1406
6461 3 2 0 223 3661 3662 1408 1407
6462 3 2 0 223 3662 3663 1409 1408
6463 3 2 0 223 3663 3664 1410 1409
6464 3 2 0 223 3664 3665 1411 1410
6465 3 2 0 223 3665 3666 1412 1411
6466 3 2 0 223 3666 3667 1413 1412
6467 3 2 0 223 3667 3668 1414 1413
6468 3 2 0 223 3668 3669 1415 1414
6469 3 2 0 223 3669 3670 1416 1415
6470 3 2 0 223 3670 1421 119 1416
6471 3 2 0 224 111 1340 3671 1393
6472 3 2 0 224 1340 1341 3672 3671
6473 3 2 0 224 1341 1342 3673 3672
6474 3 2 0 224 1342 1343 3674 3673
6475 3 2 0 224 1343 1344 3675 3674
6476 3 2 0 224 1344 113 1405 3675
6477 3 2 0 224 1393 3671 1417 118
6478 3 2 0 224 3671 3672 1418 1417
6479 3 2 0 224 3672 3673 1419 1418
6480 3 2 0 224 3673 3674 1420 1419
6481 3 2 0 224 3674 3675 1421 1420
6482 3 2 0 224 3675 1405 119 1421
6483 3 2 0 225 97 120 1422 1148
6484 3 2 0 225 1148 1422 121 98
6485 3 2 0 226 99 1171 1423 122
6486 3 2 0 226 1171 100 123 1423
6487 3 2 0 227 97 99 122 120
6488 3 2 0 228 98 121 123 100
6489 3 2 0 229 120 122 1423 1422
6490 3 2 0 229 1422 1423 123 121
6491 3 2 0 230 101 1194 1424 124
6492 3 2 0 230 1194 102 125 1424
6493 3 2 0 231 99 101 124 122
6494 3 2 0 232 100 123 125 102
6495 3 2 0 233 122 124 1424 1423
6496 3 2 0 233 1423 1424 125 123
6497 3 2 0 234 103 1217 1425 126
6498 3 2 0 234 1217 104 127 1425
6499 3 2 0 235 101 103 126 124
6500 3 2 0 236 102 125 127 104
6501 3 2 0 237 124 126 1425 1424
6502 3 2 0 237 1424 1425 127 125
6503 3 2 0 238 105 1240 1426 128
6504 3 2 0 238 1240 106 129 1426
6505 3 2 0 239 103 105 128 126
6506 3 2 0 240 104 127 129 106
6507 3 2 0 241 126 128 1426 1425
6508 3 2 0 241 1425 1426 129 127
6509 3 2 0 242 98 121 1427 1252
6510 3 2 0 242 1252 1427 130 107
6511 3 2 0 243 100 1264 1428 123
6512 3 2 0 243 1264 108 131 1428
6513 3 2 0 244 107 130 131 108
6514 3 2 0 245 121 123 1428 1427
6515 3 2 0 245 1427 1428 131 130
6516 3 2 0 246 102 1276 1429 125
6517 3 2 0 246 1276 109 132 1429
6518 3 2 0 247 108 131 132 109
6519 3 2 0 248 123 125 1429 1428
6520 3 2 0 248 1428 1429 132 131
6521 3 2 0 249 104 1288 1430 127
6522 3 2 0 249 1288 110 133 1430
6523 3 2 0 250 109 132 133 110
6524 3 2 0 251 125 127 1430 1429
6525 3 2 0 251 1429 1430 133 132
6526 3 2 0 252 106 1300 1431 129
6527 3 2 0 252 1300 111 134 1431
6528 3 2 0 253 110 133 134 111
6529 3 2 0 254 127 129 1431 1430
6530 3 2 0 254 1430 1431 134 133
6531 3 2 0 255 112 1323 1432 135
6532 3 2 0 255 1323 113 136 1432
6533 3 2 0 256 106 1335 1433 129
6534 3 2 0 256 1335 1336 1434 1433
6535 3 2 0 256 1336 1337 1435 1434
6536 3 2 0 256 1337 1338 1436 1435
6537 3 2 0 256 1338 1339 1437 1436
6538 3 2 0 256 1339 112 135 1437
6539 3 2 0 257 111 134 1438 1340
6540 3 2 0 257 1340 1438 1439 1341
6541 3 2 0 257 1341 1439 1440 1342
6542 3 2 0 257 1342 1440 1441 1343
6543 3 2 0 257 1343 1441 1442 1344
6544 3 2 0 257 1344 1442 136 113
6545 3 2 0 258 129 1433 3676 1431
6546 3 2 0 258 1433 1434 3677 3676
6547 3 2 0 258 1434 1435 3678 3677
6548 3 2 0 258 1435 1436 3679 3678
6549 3 2 0 258 1436 1437 3680 3679
6550 3 2 0 258 1437 135 1432 3680
6551 3 2 0 258 1431 3676 1438 134
6552 3 2 0 258 3676 3677 1439 1438
6553 3 2 0 258 3677 3678 1440 1439
6554 3 2 0 258 3678 3679 1441 1440
6555 3 2 0 258 3679 3680 1442 1441
6556 3 2 0 258 3680 1432 136 1442
6557 3 2 0 259 107 130 1443 1345
6558 3 2 0 259 1345 1443 137 114
6559 3 2 0 260 108 1357 1444 131
6560 3 2 0 260 1357 115 138 1444
6561 3 2 0 261 114 137 138 115
6562 3 2 0 262 130 131 1444 1443
6563 3 2 0 262 1443 1444 138 137
6564 3 2 0 263 109 1369 1445 132
6565 3 2 0 263 1369 116 139 1445
6566 3 2 0 264 115 138 139 116
6567 3 2 0 265 131 132 1445 1444
6568 3 2 0 265 1444 1445 139 138
6569 3 2 0 266 110 1381 1446 133
6570 3 2 0 266 1381 117 140 1446
6571 3 2 0 267 116 139 140 117
6572 3 2 0 268 132 133 1446 1445
6573 3 2 0 268 1445 1446 140 139
6574 3 2 0 269 111 1393 1447 134
6575 3 2 0 269 1393 118 141 1447
6576 3 2 0 270 117 140 141 118
6577 3 2 0 271 133 134 1447 1446
6578 3 2 0 271 1446 1447 141 140
6579 3 2 0 272 113 1405 1448 136
6580 3 2 0 272 1405 119 142 1448
6581 3 2 0 273 118 141 1449 1417
6582 3 2 0 273 1417 1449 1450 1418
6583 3 2 0 273 1418 1450 1451 1419
6584 3 2 0 273 1419 1451 1452 1420
6585 3 2 0 273 1420 1452 1453 1421
6586 3 2 0 273 1421 1453 142 119
6587 3 2 0 274 134 1438 3681 1447
6588 3 2 0 274 1438 1439 3682 3681
6589 3 2 0 274 1439 1440 3683 3682
6590 3 2 0 274 1440 1441 3684 3683
6591 3 2 0 274 1441 1442 3685 3684
6592 3 2 0 274 1442 136 1448 3685
6593 3 2 0 274 1447 3681 1449 141
6594 3 2 0 274 3681 3682 1450 1449
6595 3 2 0 274 3682 3683 1451 1450
6596 3 2 0 274 3683 3684 1452 1451
6597 3 2 0 274 3684 3685 1453 1452
6598 3 2 0 274 3685 1448 142 1453
6599 3 2 0 275 120 143 1454 1422
6600 3 2 0 275 1422 1454 144 121
6601 3 2 0 276 122 1423 1455 145
6602 3 2 0 276 1423 123 146 1455
6603 3 2 0 277 120 122 145 143
6604 3 2 0 278 121 144 146 123
6605 3 2 0 279 143 145 1455 1454
6606 3 2 0 279 1454 1455 146 144
6607 3 2 0 280 124 1424 1456 147
6608 3 2 0 280 1424 125 148 1456
6609 3 2 0 281 122 124 147 145
6610 3 2 0 282 123 146 148 125
6611 3 2 0 283 145 147 1456 1455
6612 3 2 0 283 1455 1456 148 146
6613 3 2 0 284 126 1425 1457 149
6614 3 2 0 284 1425 127 150 1457
6615 3 2 0 285 124 126 149 147
6616 3 2 0 286 125 148 150 127
6617 3 2 0 287 147 149 1457 1456
6618 3 2 0 287 1456 1457 150 148
6619 3 2 0 288 128 1426 1458 151
6620 3 2 0 288 1426 129 152 1458
6621 3 2 0 289 126 128 151 149
6622 3 2 0 290 127 150 152 129
6623 3 2 0 291 149 151 1458 1457
6624 3 2 0 291 1457 1458 152 150
6625 3 2 0 292 121 144 1459 1427
6626 3 2 0 292 1427 1459 153 130
6627 3 2 0 293 123 1428 1460 146
6628 3 2 0 293 1428 131 154 1460
6629 3 2 0 294 130 153 154 131
6630 3 2 0 295 144 146 1460 1459
6631 3 2 0 295 1459 1460 154 153
6632 3 2 0 296 125 1429 1461 148
6633 3 2 0 296 1429 132 155 1461
6634 3 2 0 297 131 154 155 132
6635 3 2 0 298 146 148 1461 1460
6636 3 2 0 298 1460 1461 155 154
6637 3 2 0 299 127 1430 1462 150
6638 3 2 0 299 1430 133 156 1462
6639 3 2 0 300 132 155 156 133
6640 3 2 0 301 148 150 1462 1461
6641 3 2 0 301 1461 1462 156 155
6642 3 2 0 302 129 1431 1463 152
6643 3 2 0 302 1431 134 157 1463
6644 3 2 0 303 133 156 157 134
6645 3 2 0 304 150 152 1463 1462
6646 3 2 0 304 1462 1463 157 156
6647 3 2 0 305 135 1432 1464 158
6648 3 2 0 305 1432 136 159 1464
6649 3 2 0 306 129 1433 1465 152
6650 3 2 0 306 1433 1434 1466 1465
6651 3 2 0 306 1434 1435 1467 1466
6652 3 2 0 306 1435 1436 1468 1467
6653 3 2 0 306 1436 1437 1469 1468
6654 3 2 0 306 1437 135 158 1469
6655 3 2 0 307 134 157 1470 1438
6656 3 2 0 307 1438 1470 1471 1439
6657 3 2 0 307 1439 1471 1472 1440
6658 3 2 0 307 1440 1472 1473 1441
6659 3 2 0 307 1441 1473 1474 1442
6660 3 2 0 307 1442 1474 159 136
6661 3 2 0 308 152 1465 3686 1463
6662 3 2 0 308 1465 1466 3687 3686
6663 3 2 0 308 1466 1467 3688 3687
6664 3 2 0 308 1467 1468 3689 3688
6665 3 2 0 308 1468 1469 3690 3689
6666 3 2 0 308 1469 158 1464 3690
6667 3 2 0 308 1463 3686 1470 157
6668 3 2 0 308 3686 3687 1471 1470
6669 3 2 0 308 3687 3688 1472 1471
6670 3 2 0 308 3688 3689 1473 1472
6671 3 2 0 308 3689 3690 1474 1473
6672 3 2 0 308 3690 1464 159 1474
6673 3 2 0 309 130 153 1475 1443
6674 3 2 0 309 1443 1475 160 137
6675 3 2 0 310 131 1444 1476 154
6676 3 2 0 310 1444 138 161 1476
6677 3 2 0 311 137 160 161 138
6678 3 2 0 312 153 154 1476 1475
6679 3 2 0 312 1475 1476 161 160
6680 3 2 0 313 132 1445 1477 155
6681 3 2 0 313 1445 139 162 1477
6682 3 2 0 314 138 161 162 139
6683 3 2 0 315 154 155 1477 1476
6684 3 2 0 315 1476 1477 162 161
6685 3 2 0 316 133 1446 1478 156
6686 3 2 0 316 1446 140 163 1478
6687 3 2 0 317 139 162 163 140
6688 3 2 0 318 155 156 1478 1477
6689 3 2 0 318 1477 1478 163 162
6690 3 2 0 319 134 1447 1479 157
6691 3 2 0 319 1447 141 164 1479
6692 3 2 0 320 140 163 164 141
6693 3 2 0 321 156 157 1479 1478
6694 3 2 0 321 1478 1479 164 163
6695 3 2 0 322 136 1448 1480 159
6696 3 2 0 322 1448 142 165 1480
6697 3 2 0 323 141 164 1481 1449
6698 3 2 0 323 1449 1481 1482 1450
6699 3 2 0 323 1450 1482 1483 1451
6700 3 2 0 323 1451 1483 1484 1452
6701 3 2 0 323 1452 1484 1485 1453
6702 3 2 0 323 1453 1485 165 142
6703 3 2 0 324 157 1470 3691 1479
6704 3 2 0 324 1470 1471 3692 3691
6705 3 2 0 324 1471 1472 3693 3692
6706 3 2 0 324 1472 1473 3694 3693
6707 3 2 0 324 1473 1474 3695 3694
6708 3 2 0 324 1474 159 1480 3695
6709 3 2 0 324 1479 3691 1481 164
6710 3 2 0 324 3691 3692 1482 1481
6711 3 2 0 324 3692 3693 1483 1482
6712 3 2 0 324 3693 3694 1484 1483
6713 3 2 0 324 3694 3695 1485 1484
6714 3 2 0 324 3695 1480 165 1485
6715 3 2 0 325 143 166 1486 1454
6716 3 2 0 325 1454 1486 167 144
6717 3 2 0 326 145 1455 1487 168
6718 3 2 0 326 1455 146 169 1487
6719 3 2 0 327 143 145 168 166
6720 3 2 0 328 144 167 169 146
6721 3 2 0 329 166 168 1487 1486
6722 3 2 0 329 1486 1487 169 167
6723 3 2 0 330 147 1456 1488 170
6724 3 2 0 330 1456 148 171 1488
6725 3 2 0 331 145 147 170 168
6726 3 2 0 332 146 169 171 148
6727 3 2 0 333 168 170 1488 1487
6728 3 2 0 333 1487 1488 171 169
6729 3 2 0 334 149 1457 1489 172
6730 3 2 0 334 1457 150 173 1489
6731 3 2 0 335 147 149 172 170
6732 3 2 0 336 148 171 173 150
6733 3 2 0 337 170 172 1489 1488
6734 3 2 0 337 1488 1489 173 171
6735 3 2 0 338 151 1458 1490 174
6736 3 2 0 338 1458 152 175 1490
6737 3 2 0 339 149 151 174 172
6738 3 2 0 340 150 173 175 152
6739 3 2 0 341 172 174 1490 1489
6740 3 2 0 341 1489 1490 175 173
6741 3 2 0 342 144 167 1491 1459
6742 3 2 0 342 1459 1491 176 153
6743 3 2 0 343 146 1460 1492 169
6744 3 2 0 343 1460 154 177 1492
6745 3 2 0 344 153 176 177 154
6746 3 2 0 345 167 169 1492 1491
6747 3 2 0 345 1491 1492 177 176
6748 3 2 0 346 148 1461 1493 171
6749 3 2 0 346 1461 155 178 1493
6750 3 2 0 347 154 177 178 155
6751 3 2 0 348 169 171 1493 1492
6752 3 2 0 348 1492 1493 178 177
6753 3 2 0 349 150 1462 1494 173
6754 3 2 0 349 1462 156 179 1494
6755 3 2 0 350 155 178 179 156
6756 3 2 0 351 171 173 1494 1493
6757 3 2 0 351 1493 1494 179 178
6758 3 2 0 352 152 1463 1495 175
6759 3 2 0 352 1463 157 180 1495
6760 3 2 0 353 156 179 180 157
6761 3 2 0 354 173 175 1495 1494
6762 3 2 0 354 1494 1495 180 179
6763 3 2 0 355 158 1464 1496 181
6764 3 2 0 355 1464 159 182 1496
6765 3 2 0 356 152 1465 1497 175
6766 3 2 0 356 1465 1466 1498 1497
6767 3 2 0 356 1466 1467 1499 1498
6768 3 2 0 356 1467 1468 1500 1499
6769 3 2 0 356 1468 1469 1501 1500
6770 3 2 0 356 1469 158 181 1501
6771 3 2 0 357 157 180 1502 1470
6772 3 2 0 357 1470 1502 1503 1471
6773 3 2 0 357 1471 1503 1504 1472
6774 3 2 0 357 1472 1504 1505 1473
6775 3 2 0 357 1473 1505 1506 1474
6776 3 2 0 357 1474 1506 182 159
6777 3 2 0 358 175 1497 3696 1495
6778 3 2 0 358 1497 1498 3697 3696
6779 3 2 0 358 1498 1499 3698 3697
6780 3 2 0 358 1499 1500 3699 3698
6781 3 2 0 358 1500 1501 3700 3699
6782 3 2 0 358 1501 181 1496 3700
6783 3 2 0 358 1495 3696 1502 180
6784 3 2 0 358 3696 3697 1503 1502
6785 3 2 0 358 3697 3698 1504 1503
6786 3 2 0 358 3698 3699 1505 1504
6787 3 2 0 358 3699 3700 1506 1505
6788 3 2 0 358 3700 1496 182 1506
6789 3 2 0 359 153 176 1507 1475
6790 3 2 0 359 1475 1507 183 160
6791 3 2 0 360 154 1476 1508 177
6792 3 2 0 360 1476 161 184 1508
6793 3 2 0 361 160 183 184 161
6794 3 2 0 362 176 177 1508 1507
6795 3 2 0 362 1507 1508 184 183
6796 3 2 0 363 155 1477 1509 178
6797 3 2 0 363 1477 162 185 1509
6798 3 2 0 364 161 184 185 162
6799 3 2 0 365 177 178 1509 1508
6800 3 2 0 365 1508 1509 185 184
6801 3 2 0 366 156 1478 1510 179
6802 3 2 0 366 1478 163 186 1510
6803 3 2 0 367 162 185 186 163
6804 3 2 0 368 178 179 1510 1509
6805 3 2 0 368 1509 1510 186 185
6806 3 2 0 369 157 1479 1511 180
6807 3 2 0 369 1479 164 187 1511
6808 3 2 0 370 163 186 187 164
6809 3 2 0 371 179 180 1511 1510
6810 3 2 0 371 1510 1511 187 186
6811 3 2 0 372 159 1480 1512 182
6812 3 2 0 372 1480 165 188 1512
6813 3 2 0 373 164 187 1513 1481
6814 3 2 0 373 1481 1513 1514 1482
6815 3 2 0 373 1482 1514 1515 1483
6816 3 2 0 373 1483 1515 1516 1484
6817 3 2 0 373 1484 1516 1517 1485
6818 3 2 0 373 1485 1517 188 165
6819 3 2 0 374 180 1502 3701 1511
6820 3 2 0 374 1502 1503 3702 3701
6821 3 2 0 374 1503 1504 3703 3702
6822 3 2 0 374 1504 1505 3704 3703
6823 3 2 0 374 1505 1506 3705 3704
6824 3 2 0 374 1506 182 1512 3705
6825 3 2 0 374 1511 3701 1513 187
6826 3 2 0 374 3701 3702 1514 1513
6827 3 2 0 374 3702 3703 1515 1514
6828 3 2 0 374 3703 3704 1516 1515
6829 3 2 0 374 3704 3705 1517 1516
6830 3 2 0 374 3705 1512 188 1517
6831 3 2 0 375 166 189 1518 1486
6832 3 2 0 375 1486 1518 190 167
6833 3 2 0 376 168 1487 1519 191
6834 3 2 0 376 1487 169 192 1519
6835 3 2 0 377 166 168 191 189
6836 3 2 0 378 167 190 192 169
6837 3 2 0 379 189 191 1519 1518
6838 3 2 0 379 1518 1519 192 190
6839 3 2 0 380 170 1488 1520 193
6840 3 2 0 380 1488 171 194 1520
6841 3 2 0 381 168 170 193 191
6842 3 2 0 382 169 192 194 171
6843 3 2 0 383 191 193 1520 1519
6844 3 2 0 383 1519 1520 194 192
6845 3 2 0 384 172 1489 1521 195
6846 3 2 0 384 1489 173 196 1521
6847 3 2 0 385 170 172 195 193
6848 3 2 0 386 171 194 196 173
6849 3 2 0 387 193 195 1521 1520
6850 3 2 0 387 1520 1521 196 194
6851 3 2 0 388 174 1490 1522 197
6852 3 2 0 388 1490 175 198 1522
6853 3 2 0 389 172 174 197 195
6854 3 2 0 390 173 196 198 175
6855 3 2 0 391 195 197 1522 1521
6856 3 2 0 391 1521 1522 198 196
6857 3 2 0 392 167 190 1523 1491
6858 3 2 0 392 1491 1523 199 176
6859 3 2 0 393 169 1492 1524 192
6860 3 2 0 393 1492 177 200 1524
6861 3 2 0 394 176 199 200 177
6862 3 2 0 395 190 192 1524 1523
6863 3 2 0 395 1523 1524 200 199
6864 3 2 0 396 171 1493 1525 194
6865 3 2 0 396 1493 178 201 1525
6866 3 2 0 397 177 200 201 178
6867 3 2 0 398 192 194 1525 1524
6868 3 2 0 398 1524 1525 201 200
6869 3 2 0 399 173 1494 1526 196
6870 3 2 0 399 1494 179 202 1526
6871 3 2 0 400 178 201 202 179
6872 3 2 0 401 194 196 1526 1525
6873 3 2 0 401 1525 1526 202 201
6874 3 2 0 402 175 1495 1527 198
6875 3 2 0 402 1495 180 203 1527
6876 3 2 0 403 179 202 203 180
6877 3 2 0 404 196 198 1527 1526
6878 3 2 0 404 1526 1527 203 202
6879 3 2 0 405 181 1496 1528 204
6880 3 2 0 405 1496 182 205 1528
6881 3 2 0 406 175 1497 1529 198
6882 3 2 0 406 1497 1498 1530 1529
6883 3 2 0 406 1498 1499 1531 1530
6884 3 2 0 406 1499 1500 1532 1531
6885 3 2 0 406 1500 1501 1533 1532
6886 3 2 0 406 1501 181 204 1533
6887 3 2 0 407 180 203 1534 1502
6888 3 2 0 407 1502 1534 1535 1503
6889 3 2 0 407 1503 1535 1536 1504
6890 3 2 0 407 1504 1536 1537 1505
6891 3 2 0 407 1505 1537 1538 1506
6892 3 2 0 407 1506 1538 205 182
6893 3 2 0 408 198 1529 3706 1527
6894 3 2 0 408 1529 1530 3707 3706
6895 3 2 0 408 1530 1531 3708 3707
6896 3 2 0 408 1531 1532 3709 3708
6897 3 2 0 408 1532 1533 3710 3709
6898 3 2 0 408 1533 204 1528 3710
6899 3 2 0 408 1527 3706 1534 203
6900 3 2 0 408 3706 3707 1535 1534
6901 3 2 0 408 3707 3708 1536 1535
6902 3 2 0 408 3708 3709 1537 1536
6903 3 2 0 408 3709 3710 1538 1537
6904 3 2 0 408 3710 1528 205 1538
6905 3 2 0 409 176 199 1539 1507
6906 3 2 0 409 1507 1539 206 183
6907 3 2 0 410 177 1508 1540 200
6908 3 2 0 410 1508 184 207 1540
6909 3 2 0 411 183 206 207 184
6910 3 2 0 412 199 200 1540 1539
6911 3 2 0 412 1539 1540 207 206
6912 3 2 0 413 178 1509 1541 201
6913 3 2 0 413 1509 185 208 1541
6914 3 2 0 414 184 207 208 185
6915 3 2 0 415 200 201 1541 1540
6916 3 2 0 415 1540 1541 208 207
6917 3 2 0 416 179 1510 1542 202
6918 3 2 0 416 1510 186 209 1542
6919 3 2 0 417 185 208 209 186
6920 3 2 0 418 201 202 1542 1541
6921 3 2 0 418 1541 1542 209 208
6922 3 2 0 419 180 1511 1543 203
6923 3 2 0 419 1511 187 210 1543
6924 3 2 0 420 186 209 210 187
6925 3 2 0 421 202 203 1543 1542
6926 3 2 0 421 1542 1543 210 209
6927 3 2 0 422 182 1512 1544 205
6928 3 2 0 422 1512 188 211 1544
6929 3 2 0 423 187 210 1545 1513
6930 3 2 0 423 1513 1545 1546 1514
6931 3 2 0 423 1514 1546 1547 1515
6932 3 2 0 423 1515 1547 1548 1516
6933 3 2 0 423 1516 1548 1549 1517
6934 3 2 0 423 1517 1549 211 188
6935 3 2 0 424 203 1534 3711 1543
6936 3 2 0 424 1534 1535 3712 3711
6937 3 2 0 424 1535 1536 3713 3712
6938 3 2 0 424 1536 1537 3714 3713
6939 3 2 0 424 1537 1538 3715 3714
6940 3 2 0 424 1538 205 1544 3715
6941 3 2 0 424 1543 3711 1545 210
6942 3 2 0 424 3711 3712 1546 1545
6943 3 2 0 424 3712 3713 1547 1546
6944 3 2 0 424 3713 3714 1548 1547
6945 3 2 0 424 3714 3715 1549 1548
6946 3 2 0 424 3715 1544 211 1549
6947 3 2 0 425 212 1573 3716 1550
6948 3 2 0 425 1573 215 1562 3716
6949 3 2 0 425 1550 3716 3717 1551
6950 3 2 0 425 3716 1562 1563 3717
6951 3 2 0 425 1551 3717 3718 1552
6952 3 2 0 425 3717 1563 1564 3718
6953 3 2 0 425 1552 3718 3719 1553
6954 3 2 0 425 3718 1564 1565 3719
6955 3 2 0 425 1553 3719 3720 1554
6956 3 2 0 425 3719 1565 1566 3720
6957 3 2 0 425 1554 3720 3721 1555
6958 3 2 0 425 3720 1566 1567 3721
6959 3 2 0 425 1555 3721 3722 1556
6960 3 2 0 425 3721 1567 1568 3722
6961 3 2 0 425 1556 3722 3723 1557
6962 3 2 0 425 3722 1568 1569 3723
6963 3 2 0 425 1557 3723 3724 1558
6964 3 2 0 425 3723 1569 1570 3724
6965 3 2 0 425 1558 3724 3725 1559
6966 3 2 0 425 3724 1570 1571 3725
6967 3 2 0 425 1559 3725 3726 1560
6968 3 2 0 425 3725 1571 1572 3726
6969 3 2 0 425 1560 3726 1561 213
6970 3 2 0 425 3726 1572 214 1561
6971 3 2 0 426 216 1574 3727 1597
6972 3 2 0 426 1597 3727 1586 219
6973 3 2 0 426 1574 1575 3728 3727
6974 3 2 0 426 3727 3728 1587 1586
6975 3 2 0 426 1575 1576 3729 3728
6976 3 2 0 426 3728 3729 1588 1587
6977 3 2 0 426 1576 1577 3730 3729
6978 3 2 0 426 3729 3730 1589 1588
6979 3 2 0 426 1577 1578 3731 3730
6980 3 2 0 426 3730 3731 1590 1589
6981 3 2 0 426 1578 1579 3732 3731
6982 3 2 0 426 3731 3732 1591 1590
6983 3 2 0 426 1579 1580 3733 3732
6984 3 2 0 426 3732 3733 1592 1591
6985 3 2 0 426 1580 1581 3734 3733
6986 3 2 0 426 3733 3734 1593 1592
6987 3 2 0 426 1581 1582 3735 3734
6988 3 2 0 426 3734 3735 1594 1593
6989 3 2 0 426 1582 1583 3736 3735
6990 3 2 0 426 3735 3736 1595 1594
6991 3 2 0 426 1583 1584 3737 3736
6992 3 2 0 426 3736 3737 1596 1595
6993 3 2 0 426 1584 217 1585 3737
6994 3 2 0 426 3737 1585 218 1596
6995 3 2 0 427 212 1550 1574 216
6996 3 2 0 427 1550 1551 1575 1574
6997 3 2 0 427 1551 1552 1576 1575
6998 3 2 0 427 1552 1553 1577 1576
6999 3 2 0 427 1553 1554 1578 1577
7000 3 2 0 427 1554 1555 1579 1578
7001 3 2 0 427 1555 1556 1580 1579
7002 3 2 0 427 1556 1557 1581 1580
7003 3 2 0 427 1557 1558 1582 1581
7004 3 2 0 427 1558 1559 1583 1582
7005 3 2 0 427 1559 1560 1584 1583
7006 3 2 0 427 1560 213 217 1584
7007 3 2 0 428 215 219 1586 1562
7008 3 2 0 428 1562 1586 1587 1563
7009 3 2 0 428 1563 1587 1588 1564
7010 3 2 0 428 1564 1588 1589 1565
7011 3 2 0 428 1565 1589 1590 1566
7012 3 2 0 428 1566 1590 1591 1567
7013 3 2 0 428 1567 1591 1592 1568
7014 3 2 0 428 1568 1592 1593 1569
7015 3 2 0 428 1569 1593 1594 1570
7016 3 2 0 428 1570 1594 1595 1571
7017 3 2 0 428 1571 1595 1596 1572
7018 3 2 0 428 1572 1596 218 214
7019 3 2 0 429 212 216 1597 1573
7020 3 2 0 429 1573 1597 219 215
7021 3 2 0 430 213 1561 1585 217
7022 3 2 0 430 1561 214 218 1585
7023 3 2 0 431 220 1598 3738 1621
7024 3 2 0 431 1621 3738 1610 223
7025 3 2 0 431 1598 1599 3739 3738
7026 3 2 0 431 3738 3739 1611 1610
7027 3 2 0 431 1599 1600 3740 3739
7028 3 2 0 431 3739 3740 1612 1611
7029 3 2 0 431 1600 1601 3741 3740
7030 3 2 0 431 3740 3741 1613 1612
7031 3 2 0 431 1601 1602 3742 3741
7032 3 2 0 431 3741 3742 1614 1613
7033 3 2 0 431 1602 1603 3743 3742
7034 3 2 0 431 3742 3743 1615 1614
7035 3 2 0 431 1603 1604 3744 3743
7036 3 2 0 431 3743 3744 1616 1615
7037 3 2 0 431 1604 1605 3745 3744
7038 3 2 0 431 3744 3745 1617 1616
7039 3 2 0 431 1605 1606 3746 3745
7040 3 2 0 431 3745 3746 1618 1617
7041 3 2 0 431 1606 1607 3747 3746
7042 3 2 0 431 3746 3747 1619 1618
7043 3 2 0 431 1607 1608 3748 3747
7044 3 2 0 431 3747 3748 1620 1619
7045 3 2 0 431 1608 221 1609 3748
7046 3 2 0 431 3748 1609 222 1620
7047 3 2 0 432 216 1574 1598 220
7048 3 2 0 432 1574 1575 1599 1598
7049 3 2 0 432 1575 1576 1600 1599
7050 3 2 0 432 1576 1577 1601 1600
7051 3 2 0 432 1577 1578 1602 1601
7052 3 2 0 432 1578 1579 1603 1602
7053 3 2 0 432 1579 1580 1604 1603
7054 3 2 0 432 1580 1581 1605 1604
7055 3 2 0 432 1581 1582 1606 1605
7056 3 2 0 432 1582 1583 1607 1606
7057 3 2 0 432 1583 1584 1608 1607
7058 3 2 0 432 1584 217 221 1608
7059 3 2 0 433 219 223 1610 1586
7060 3 2 0 433 1586 1610 1611 1587
7061 3 2 0 433 1587 1611 1612 1588
7062 3 2 0 433 1588 1612 1613 1589
7063 3 2 0 433 1589 1613 1614 1590
7064 3 2 0 433 1590 1614 1615 1591
7065 3 2 0 433 1591 1615 1616 1592
7066 3 2 0 433 1592 1616 1617 1593
7067 3 2 0 433 1593 1617 1618 1594
7068 3 2 0 433 1594 1618 1619 1595
7069 3 2 0 433 1595 1619 1620 1596
7070 3 2 0 433 1596 1620 222 218
7071 3 2 0 434 216 220 1621 1597
7072 3 2 0 434 1597 1621 223 219
7073 3 2 0 435 217 1585 1609 221
7074 3 2 0 435 1585 218 222 1609
7075 3 2 0 436 224 1622 3749 1645
7076 3 2 0 436 1645 3749 1634 227
7077 3 2 0 436 1622 1623 3750 3749
7078 3 2 0 436 3749 3750 1635 1634
7079 3 2 0 436 1623 1624 3751 3750
7080 3 2 0 436 3750 3751 1636 1635
7081 3 2 0 436 1624 1625 3752 3751
7082 3 2 0 436 3751 3752 1637 1636
7083 3 2 0 436 1625 1626 3753 3752
7084 3 2 0 436 3752 3753 1638 1637
7085 3 2 0 436 1626 1627 3754 3753
7086 3 2 0 436 3753 3754 1639 1638
7087 3 2 0 436 1627 1628 3755 3754
7088 3 2 0 436 3754 3755 1640 1639
7089 3 2 0 436 1628 1629 3756 3755
7090 3 2 0 436 3755 3756 1641 1640
7091 3 2 0 436 1629 1630 3757 3756
7092 3 2 0 436 3756 3757 1642 1641
7093 3 2 0 436 1630 1631 3758 3757
7094 3 2 0 436 3757 3758 1643 1642
7095 3 2 0 436 1631 1632 3759 3758
7096 3 2 0 436 3758 3759 1644 1643
7097 3 2 0 436 1632 225 1633 3759
7098 3 2 0 436 3759 1633 226 1644
7099 3 2 0 437 220 1598 1622 224
7100 3 2 0 437 1598 1599 1623 1622
7101 3 2 0 437 1599 1600 1624 1623
7102 3 2 0 437 1600 1601 1625 1624
7103 3 2 0 437 1601 1602 1626 1625
7104 3 2 0 437 1602 1603 1627 1626
7105 3 2 0 437 1603 1604 1628 1627
7106 3 2 0 437 1604 1605 1629 1628
7107 3 2 0 437 1605 1606 1630 1629
7108 3 2 0 437 1606 1607 1631 1630
7109 3 2 0 437 1607 1608 1632 1631
7110 3 2 0 437 1608 221 225 1632
7111 3 2 0 438 223 227 1634 1610
7112 3 2 0 438 1610 1634 1635 1611
7113 3 2 0 438 1611 1635 1636 1612
7114 3 2 0 438 1612 1636 1637 1613
7115 3 2 0 438 1613 1637 1638 1614
7116 3 2 0 438 1614 1638 1639 1615
7117 3 2 0 438 1615 1639 1640 1616
7118 3 2 0 438 1616 1640 1641 1617
7119 3 2 0 438 1617 1641 1642 1618
7120 3 2 0 438 1618 1642 1643 1619
7121 3 2 0 438 1619 1643 1644 1620
7122 3 2 0 438 1620 1644 226 222
7123 3 2 0 439 220 224 1645 1621
7124 3 2 0 439 1621 1645 227 223
7125 3 2 0 440 221 1609 1633 225
7126 3 2 0 440 1609 222 226 1633
7127 3 2 0 441 224 1622 481 21
7128 3 2 0 441 1622 1623 482 481
7129 3 2 0 441 1623 1624 483 482
7130 3 2 0 441 1624 1625 484 483
7131 3 2 0 441 1625 1626 485 484
7132 3 2 0 441 1626 1627 486 485
7133 3 2 0 441 1627 1628 487 486
7134 3 2 0 441 1628 1629 488 487
7135 3 2 0 441 1629 1630 489 488
7136 3 2 0 441 1630 1631 490 489
7137 3 2 0 441 1631 1632 491 490
7138 3 2 0 441 1632 225 22 491
7139 3 2 0 442 227 24 493 1634
7140 3 2 0 442 1634 493 494 1635
7141 3 2 0 442 1635 494 495 1636
7142 3 2 0 442 1636 495 496 1637
7143 3 2 0 442 1637 496 497 1638
7144 3 2 0 442 1638 497 498 1639
7145 3 2 0 442 1639 498 499 1640
7146 3 2 0 442 1640 499 500 1641
7147 3 2 0 442 1641 500 501 1642
7148 3 2 0 442 1642 501 502 1643
7149 3 2 0 442 1643 502 503 1644
7150 3 2 0 442 1644 503 23 226
7151 3 2 0 443 224 21 504 1645
7152 3 2 0 443 1645 504 24 227
7153 3 2 0 444 225 1633 492 22
7154 3 2 0 444 1633 226 23 492
7155 3 2 0 445 215 1658 3760 1562
7156 3 2 0 445 1658 229 1647 3760
7157 3 2 0 445 1562 3760 3761 1563
7158 3 2 0 445 3760 1647 1648 3761
7159 3 2 0 445 1563 3761 3762 1564
7160 3 2 0 445 3761 1648 1649 3762
7161 3 2 0 445 1564 3762 3763 1565
7162 3 2 0 445 3762 1649 1650 3763
7163 3 2 0 445 1565 3763 3764 1566
7164 3 2 0 445 3763 1650 1651 3764
7165 3 2 0 445 1566 3764 3765 1567
7166 3 2 0 445 3764 1651 1652 3765
7167 3 2 0 445 1567 3765 3766 1568
7168 3 2 0 445 3765 1652 1653 3766
7169 3 2 0 445 1568 3766 3767 1569
7170 3 2 0 445 3766 1653 1654 3767
7171 3 2 0 445 1569 3767 3768 1570
7172 3 2 0 445 3767 1654 1655 3768
7173 3 2 0 445 1570 3768 3769 1571
7174 3 2 0 445 3768 1655 1656 3769
7175 3 2 0 445 1571 3769 3770 1572
7176 3 2 0 445 3769 1656 1657 3770
7177 3 2 0 445 1572 3770 1646 214
7178 3 2 0 445 3770 1657 228 1646
7179 3 2 0 446 219 1586 3771 1671
7180 3 2 0 446 1671 3771 1660 231
7181 3 2 0 446 1586 1587 3772 3771
7182 3 2 0 446 3771 3772 1661 1660
7183 3 2 0 446 1587 1588 3773 3772
7184 3 2 0 446 3772 3773 1662 1661
7185 3 2 0 446 1588 1589 3774 3773
7186 3 2 0 446 3773 3774 1663 1662
7187 3 2 0 446 1589 1590 3775 3774
7188 3 2 0 446 3774 3775 1664 1663
7189 3 2 0 446 1590 1591 3776 3775
7190 3 2 0 446 3775 3776 1665 1664
7191 3 2 0 446 1591 1592 3777 3776
7192 3 2 0 446 3776 3777 1666 1665
7193 3 2 0 446 1592 1593 3778 3777
7194 3 2 0 446 3777 3778 1667 1666
7195 3 2 0 446 1593 1594 3779 3778
7196 3 2 0 446 3778 3779 1668 1667
7197 3 2 0 446 1594 1595 3780 3779
7198 3 2 0 446 3779 3780 1669 1668
7199 3 2 0 446 1595 1596 3781 3780
7200 3 2 0 446 3780 3781 1670 1669
7201 3 2 0 446 1596 218 1659 3781
7202 3 2 0 446 3781 1659 230 1670
7203 3 2 0 447 229 231 1660 1647
7204 3 2 0 447 1647 1660 1661 1648
7205 3 2 0 447 1648 1661 1662 1649
7206 3 2 0 447 1649 1662 1663 1650
7207 3 2 0 447 1650 1663 1664 1651
7208 3 2 0 447 1651 1664 1665 1652
7209 3 2 0 447 1652 1665 1666 1653
7210 3 2 0 447 1653 1666 1667 1654
7211 3 2 0 447 1654 1667 1668 1655
7212 3 2 0 447 1655 1668 1669 1656
7213 3 2 0 447 1656 1669 1670 1657
7214 3 2 0 447 1657 1670 230 228
7215 3 2 0 448 215 219 1671 1658
7216 3 2 0 448 1658 1671 231 229
7217 3 2 0 449 214 1646 1659 218
7218 3 2 0 449 1646 228 230 1659
7219 3 2 0 450 223 1610 3782 1684
7220 3 2 0 450 1684 3782 1673 233
7221 3 2 0 450 1610 1611 3783 3782
7222 3 2 0 450 3782 3783 1674 1673
7223 3 2 0 450 1611 1612 3784 3783
7224 3 2 0 450 3783 3784 1675 1674
7225 3 2 0 450 1612 1613 3785 3784
7226 3 2 0 450 3784 3785 1676 1675
7227 3 2 0 450 1613 1614 3786 3785
7228 3 2 0 450 3785 3786 1677 1676
7229 3 2 0 450 1614 1615 3787 3786
7230 3 2 0 450 3786 3787 1678 1677
7231 3 2 0 450 1615 1616 3788 3787
7232 3 2 0 450 3787 3788 1679 1678
7233 3 2 0 450 1616 1617 3789 3788
7234 3 2 0 450 3788 3789 1680 1679
7235 3 2 0 450 1617 1618 3790 3789
7236 3 2 0 450 3789 3790 1681 1680
7237 3 2 0 450 1618 1619 3791 3790
7238 3 2 0 450 3790 3791 1682 1681
7239 3 2 0 450 1619 1620 3792 3791
7240 3 2 0 450 3791 3792 1683 1682
7241 3 2 0 450 1620 222 1672 3792
7242 3 2 0 450 3792 1672 232 1683
7243 3 2 0 451 231 233 1673 1660
7244 3 2 0 451 1660 1673 1674 1661
7245 3 2 0 451 1661 1674 1675 1662
7246 3 2 0 451 1662 1675 1676 1663
7247 3 2 0 451 1663 1676 1677 1664
7248 3 2 0 451 1664 1677 1678 1665
7249 3 2 0 451 1665 1678 1679 1666
7250 3 2 0 451 1666 1679 1680 1667
7251 3 2 0 451 1667 1680 1681 1668
7252 3 2 0 451 1668 1681 1682 1669
7253 3 2 0 451 1669 1682 1683 1670
7254 3 2 0 451 1670 1683 232 230
7255 3 2 0 452 219 223 1684 1671
7256 3 2 0 452 1671 1684 233 231
7257 3 2 0 453 218 1659 1672 222
7258 3 2 0 453 1659 230 232 1672
7259 3 2 0 454 227 1634 3793 1697
7260 3 2 0 454 1697 3793 1686 235
7261 3 2 0 454 1634 1635 3794 3793
7262 3 2 0 454 3793 3794 1687 1686
7263 3 2 0 454 1635 1636 3795 3794
7264 3 2 0 454 3794 3795 1688 1687
7265 3 2 0 454 1636 1637 3796 3795
7266 3 2 0 454 3795 3796 1689 1688
7267 3 2 0 454 1637 1638 3797 3796
7268 3 2 0 454 3796 3797 1690 1689
7269 3 2 0 454 1638 1639 3798 3797
7270 3 2 0 454 3797 3798 1691 1690
7271 3 2 0 454 1639 1640 3799 3798
7272 3 2 0 454 3798 3799 1692 1691
7273 3 2 0 454 1640 1641 3800 3799
7274 3 2 0 454 3799 3800 1693 1692
7275 3 2 0 454 1641 1642 3801 3800
7276 3 2 0 454 3800 3801 1694 1693
7277 3 2 0 454 1642 1643 3802 3801
7278 3 2 0 454 3801 3802 1695 1694
7279 3 2 0 454 1643 1644 3803 3802
7280 3 2 0 454 3802 3803 1696 1695
7281 3 2 0 454 1644 226 1685 3803
7282 3 2 0 454 3803 1685 234 1696
7283 3 2 0 455 233 235 1686 1673
7284 3 2 0 455 1673 1686 1687 1674
7285 3 2 0 455 1674 1687 1688 1675
7286 3 2 0 455 1675 1688 1689 1676
7287 3 2 0 455 1676 1689 1690 1677
7288 3 2 0 455 1677 1690 1691 1678
7289 3 2 0 455 1678 1691 1692 1679
7290 3 2 0 455 1679 1692 1693 1680
7291 3 2 0 455 1680 1693 1694 1681
7292 3 2 0 455 1681 1694 1695 1682
7293 3 2 0 455 1682 1695 1696 1683
7294 3 2 0 455 1683 1696 234 232
7295 3 2 0 456 223 227 1697 1684
7296 3 2 0 456 1684 1697 235 233
7297 3 2 0 457 222 1672 1685 226
7298 3 2 0 457 1672 232 234 1685
7299 3 2 0 458 235 36 591 1686
7300 3 2 0 458 1686 591 592 1687
7301 3 2 0 458 1687 592 593 1688
7302 3 2 0 458 1688 593 594 1689
7303 3 2 0 458 1689 594 595 1690
7304 3 2 0 458 1690 595 596 1691
7305 3 2 0 458 1691 596 597 1692
7306 3 2 0 458 1692 597 598 1693
7307 3 2 0 458 1693 598 599 1694
7308 3 2 0 458 1694 599 600 1695
7309 3 2 0 458 1695 600 601 1696
7310 3 2 0 458 1696 601 35 234
7311 3 2 0 459 227 24 602 1697
7312 3 2 0 459 1697 602 36 235
7313 3 2 0 460 226 1685 590 23
7314 3 2 0 460 1685 234 35 590
7315 3 2 0 461 229 1710 3804 1647
7316 3 2 0 461 1710 237 1699 3804
7317 3 2 0 461 1647 3804 3805 1648
7318 3 2 0 461 3804 1699 1700 3805
7319 3 2 0 461 1648 3805 3806 1649
7320 3 2 0 461 3805 1700 1701 3806
7321 3 2 0 461 1649 3806 3807 1650
7322 3 2 0 461 3806 1701 1702 3807
7323 3 2 0 461 1650 3807 3808 1651
7324 3 2 0 461 3807 1702 1703 3808
7325 3 2 0 461 1651 3808 3809 1652
7326 3 2 0 461 3808 1703 1704 3809
7327 3 2 0 461 1652 3809 3810 1653
7328 3 2 0 461 3809 1704 1705 3810
7329 3 2 0 461 1653 3810 3811 1654
7330 3 2 0 461 3810 1705 1706 3811
7331 3 2 0 461 1654 3811 3812 1655
7332 3 2 0 461 3811 1706 1707 3812
7333 3 2 0 461 1655 3812 3813 1656
7334 3 2 0 461 3812 1707 1708 3813
7335 3 2 0 461 1656 3813 3814 1657
7336 3 2 0 461 3813 1708 1709 3814
7337 3 2 0 461 1657 3814 1698 228
7338 3 2 0 461 3814 1709 236 1698
7339 3 2 0 462 231 1660 3815 1723
7340 3 2 0 462 1723 3815 1712 239
7341 3 2 0 462 1660 1661 3816 3815
7342 3 2 0 462 3815 3816 1713 1712
7343 3 2 0 462 1661 1662 3817 3816
7344 3 2 0 462 3816 3817 1714 1713
7345 3 2 0 462 1662 1663 3818 3817
7346 3 2 0 462 3817 3818 1715 1714
7347 3 2 0 462 1663 1664 3819 3818
7348 3 2 0 462 3818 3819 1716 1715
7349 3 2 0 462 1664 1665 3820 3819
7350 3 2 0 462 3819 3820 1717 1716
7351 3 2 0 462 1665 1666 3821 3820
7352 3 2 0 462 3820 3821 1718 1717
7353 3 2 0 462 1666 1667 3822 3821
7354 3 2 0 462 3821 3822 1719 1718
7355 3 2 0 462 1667 1668 3823 3822
7356 3 2 0 462 3822 3823 1720 1719
7357 3 2 0 462 1668 1669 3824 3823
7358 3 2 0 462 3823 3824 1721 1720
7359 3 2 0 462 1669 1670 3825 3824
7360 3 2 0 462 3824 3825 1722 1721
7361 3 2 0 462 1670 230 1711 3825
7362 3 2 0 462 3825 1711 238 1722
7363 3 2 0 463 237 239 1712 1699
7364 3 2 0 463 1699 1712 1713 1700
7365 3 2 0 463 1700 1713 1714 1701
7366 3 2 0 463 1701 1714 1715 1702
7367 3 2 0 463 1702 1715 1716 1703
7368 3 2 0 463 1703 1716 1717 1704
7369 3 2 0 463 1704 1717 1718 1705
7370 3 2 0 463 1705 1718 1719 1706
7371 3 2 0 463 1706 1719 1720 1707
7372 3 2 0 463 1707 1720 1721 1708
7373 3 2 0 463 1708 1721 1722 1709
7374 3 2 0 463 1709 1722 238 236
7375 3 2 0 464 229 231 1723 1710
7376 3 2 0 464 1710 1723 239 237
7377 3 2 0 465 228 1698 1711 230
7378 3 2 0 465 1698 236 238 1711
7379 3 2 0 466 233 1673 3826 1736
7380 3 2 0 466 1736 3826 1725 241
7381 3 2 0 466 1673 1674 3827 3826
7382 3 2 0 466 3826 3827 1726 1725
7383 3 2 0 466 1674 1675 3828 3827
7384 3 2 0 466 3827 3828 1727 1726
7385 3 2 0 466 1675 1676 3829 3828
7386 3 2 0 466 3828 3829 1728 1727
7387 3 2 0 466 1676 1677 3830 3829
7388 3 2 0 466 3829 3830 1729 1728
7389 3 2 0 466 1677 1678 3831 3830
7390 3 2 0 466 3830 3831 1730 1729
7391 3 2 0 466 1678 1679 3832 3831
7392 3 2 0 466 3831 3832 1731 1730
7393 3 2 0 466 1679 1680 3833 3832
7394 3 2 0 466 3832 3833 1732 1731
7395 3 2 0 466 1680 1681 3834 3833
7396 3 2 0 466 3833 3834 1733 1732
7397 3 2 0 466 1681 1682 3835 3834
7398 3 2 0 466 3834 3835 1734 1733
7399 3 2 0 466 1682 1683 3836 3835
7400 3 2 0 466 3835 3836 1735 1734
7401 3 2 0 466 1683 232 1724 3836
7402 3 2 0 466 3836 1724 240 1735
7403 3 2 0 467 239 241 1725 1712
7404 3 2 0 467 1712 1725 1726 1713
7405 3 2 0 467 1713 1726 1727 1714
7406 3 2 0 467 1714 1727 1728 1715
7407 3 2 0 467 1715 1728 1729 1716
7408 3 2 0 467 1716 1729 1730 1717
7409 3 2 0 467 1717 1730 1731 1718
7410 3 2 0 467 1718 1731 1732 1719
7411 3 2 0 467 1719 1732 1733 1720
7412 3 2 0 467 1720 1733 1734 1721
7413 3 2 0 467 1721 1734 1735 1722
7414 3 2 0 467 1722 1735 240 238
7415 3 2 0 468 231 233 1736 1723
7416 3 2 0 468 1723 1736 241 239
7417 3 2 0 469 230 1711 1724 232
7418 3 2 0 469 1711 238 240 1724
7419 3 2 0 470 235 1686 3837 1749
7420 3 2 0 470 1749 3837 1738 243
7421 3 2 0 470 1686 1687 3838 3837
7422 3 2 0 470 3837 3838 1739 1738
7423 3 2 0 470 1687 1688 3839 3838
7424 3 2 0 470 3838 3839 1740 1739
7425 3 2 0 470 1688 1689 3840 3839
7426 3 2 0 470 3839 3840 1741 1740
7427 3 2 0 470 1689 1690 3841 3840
7428 3 2 0 470 3840 3841 1742 1741
7429 3 2 0 470 1690 1691 3842 3841
7430 3 2 0 470 3841 3842 1743 1742
7431 3 2 0 470 1691 1692 3843 3842
7432 3 2 0 470 3842 3843 1744 1743
7433 3 2 0 470 1692 1693 3844 3843
7434 3 2 0 470 3843 3844 1745 1744
7435 3 2 0 470 1693 1694 3845 3844
7436 3 2 0 470 3844 3845 1746 1745
7437 3 2 0 470 1694 1695 3846 3845
7438 3 2 0 470 3845 3846 1747 1746
7439 3 2 0 470 1695 1696 3847 3846
7440 3 2 0 470 3846 3847 1748 1747
7441 3 2 0 470 1696 234 1737 3847
7442 3 2 0 470 3847 1737 242 1748
7443 3 2 0 471 241 243 1738 1725
7444 3 2 0 471 1725 1738 1739 1726
7445 3 2 0 471 1726 1739 1740 1727
7446 3 2 0 471 1727 1740 1741 1728
7447 3 2 0 471 1728 1741 1742 1729
7448 3 2 0 471 1729 1742 1743 1730
7449 3 2 0 471 1730 1743 1744 1731
7450 3 2 0 471 1731 1744 1745 1732
7451 3 2 0 471 1732 1745 1746 1733
7452 3 2 0 471 1733 1746 1747 1734
7453 3 2 0 471 1734 1747 1748 1735
7454 3 2 0 471 1735 1748 242 240
7455 3 2 0 472 233 235 1749 1736
7456 3 2 0 472 1736 1749 243 241
7457 3 2 0 473 232 1724 1737 234
7458 3 2 0 473 1724 240 242 1737
7459 3 2 0 474 243 48 679 1738
7460 3 2 0 474 1738 679 680 1739
7461 3 2 0 474 1739 680 681 1740
7462 3 2 0 474 1740 681 682 1741
7463 3 2 0 474 1741 682 683 1742
7464 3 2 0 474 1742 683 684 1743
7465 3 2 0 474 1743 684 685 1744
7466 3 2 0 474 1744 685 686 1745
7467 3 2 0 474 1745 686 687 1746
7468 3 2 0 474 1746 687 688 1747
7469 3 2 0 474 1747 688 689 1748
7470 3 2 0 474 1748 689 47 242
7471 3 2 0 475 235 36 690 1749
7472 3 2 0 475 1749 690 48 243
7473 3 2 0 476 234 1737 678 35
7474 3 2 0 476 1737 242 47 678
7475 3 2 0 477 213 1561 3848 1750
7476 3 2 0 477 1561 214 1762 3848
7477 3 2 0 477 1750 3848 3849 1751
7478 3 2 0 477 3848 1762 1763 3849
7479 3 2 0 477 1751 3849 3850 1752
7480 3 2 0 477 3849 1763 1764 3850
7481 3 2 0 477 1752 3850 3851 1753
7482 3 2 0 477 3850 1764 1765 3851
7483 3 2 0 477 1753 3851 3852 1754
7484 3 2 0 477 3851 1765 1766 3852
7485 3 2 0 477 1754 3852 3853 1755
7486 3 2 0 477 3852 1766 1767 3853
7487 3 2 0 477 1755 3853 3854 1756
7488 3 2 0 477 3853 1767 1768 3854
7489 3 2 0 477 1756 3854 3855 1757
7490 3 2 0 477 3854 1768 1769 3855
7491 3 2 0 477 1757 3855 3856 1758
7492 3 2 0 477 3855 1769 1770 3856
7493 3 2 0 477 1758 3856 3857 1759
7494 3 2 0 477 3856 1770 1771 3857
7495 3 2 0 477 1759 3857 3858 1760
7496 3 2 0 477 3857 1771 1772 3858
7497 3 2 0 477 1760 3858 1761 244
7498 3 2 0 477 3858 1772 245 1761
7499 3 2 0 478 217 1773 3859 1585
7500 3 2 0 478 1585 3859 1785 218
7501 3 2 0 478 1773 1774 3860 3859
7502 3 2 0 478 3859 3860 1786 1785
7503 3 2 0 478 1774 1775 3861 3860
7504 3 2 0 478 3860 3861 1787 1786
7505 3 2 0 478 1775 1776 3862 3861
7506 3 2 0 478 3861 3862 1788 1787
7507 3 2 0 478 1776 1777 3863 3862
7508 3 2 0 478 3862 3863 1789 1788
7509 3 2 0 478 1777 1778 3864 3863
7510 3 2 0 478 3863 3864 1790 1789
7511 3 2 0 478 1778 1779 3865 3864
7512 3 2 0 478 3864 3865 1791 1790
7513 3 2 0 478 1779 1780 3866 3865
7514 3 2 0 478 3865 3866 1792 1791
7515 3 2 0 478 1780 1781 3867 3866
7516 3 2 0 478 3866 3867 1793 1792
7517 3 2 0 478 1781 1782 3868 3867
7518 3 2 0 478 3867 3868 1794 1793
7519 3 2 0 478 1782 1783 3869 3868
7520 3 2 0 478 3868 3869 1795 1794
7521 3 2 0 478 1783 246 1784 3869
7522 3 2 0 478 3869 1784 247 1795
7523 3 2 0 479 213 1750 1773 217
7524 3 2 0 479 1750 1751 1774 1773
7525 3 2 0 479 1751 1752 1775 1774
7526 3 2 0 479 1752 1753 1776 1775
7527 3 2 0 479 1753 1754 1777 1776
7528 3 2 0 479 1754 1755 1778 1777
7529 3 2 0 479 1755 1756 1779 1778
7530 3 2 0 479 1756 1757 1780 1779
7531 3 2 0 479 1757 1758 1781 1780
7532 3 2 0 479 1758 1759 1782 1781
7533 3 2 0 479 1759 1760 1783 1782
7534 3 2 0 479 1760 244 246 1783
7535 3 2 0 480 214 218 1785 1762
7536 3 2 0 480 1762 1785 1786 1763
7537 3 2 0 480 1763 1786 1787 1764
7538 3 2 0 480 1764 1787 1788 1765
7539 3 2 0 480 1765 1788 1789 1766
7540 3 2 0 480 1766 1789 1790 1767
7541 3 2 0 480 1767 1790 1791 1768
7542 3 2 0 480 1768 1791 1792 1769
7543 3 2 0 480 1769 1792 1793 1770
7544 3 2 0 480 1770 1793 1794 1771
7545 3 2 0 480 1771 1794 1795 1772
7546 3 2 0 480 1772 1795 247 245
7547 3 2 0 481 244 1761 1784 246
7548 3 2 0 481 1761 245 247 1784
7549 3 2 0 482 221 1796 3870 1609
7550 3 2 0 482 1609 3870 1808 222
7551 3 2 0 482 1796 1797 3871 3870
7552 3 2 0 482 3870 3871 1809 1808
7553 3 2 0 482 1797 1798 3872 3871
7554 3 2 0 482 3871 3872 1810 1809
7555 3 2 0 482 1798 1799 3873 3872
7556 3 2 0 482 3872 3873 1811 1810
7557 3 2 0 482 1799 1800 3874 3873
7558 3 2 0 482 3873 3874 1812 1811
7559 3 2 0 482 1800 1801 3875 3874
7560 3 2 0 482 3874 3875 1813 1812
7561 3 2 0 482 1801 1802 3876 3875
7562 3 2 0 482 3875 3876 1814 1813
7563 3 2 0 482 1802 1803 3877 3876
7564 3 2 0 482 3876 3877 1815 1814
7565 3 2 0 482 1803 1804 3878 3877
7566 3 2 0 482 3877 3878 1816 1815
7567 3 2 0 482 1804 1805 3879 3878
7568 3 2 0 482 3878 3879 1817 1816
7569 3 2 0 482 1805 1806 3880 3879
7570 3 2 0 482 3879 3880 1818 1817
7571 3 2 0 482 1806 248 1807 3880
7572 3 2 0 482 3880 1807 249 1818
7573 3 2 0 483 217 1773 1796 221
7574 3 2 0 483 1773 1774 1797 1796
7575 3 2 0 483 1774 1775 1798 1797
7576 3 2 0 483 1775 1776 1799 1798
7577 3 2 0 483 1776 1777 1800 1799
7578 3 2 0 483 1777 1778 1801 1800
7579 3 2 0 483 1778 1779 1802 1801
7580 3 2 0 483 1779 1780 1803 1802
7581 3 2 0 483 1780 1781 1804 1803
7582 3 2 0 483 1781 1782 1805 1804
7583 3 2 0 483 1782 1783 1806 1805
7584 3 2 0 483 1783 246 248 1806
7585 3 2 0 484 218 222 1808 1785
7586 3 2 0 484 1785 1808 1809 1786
7587 3 2 0 484 1786 1809 1810 1787
7588 3 2 0 484 1787 1810 1811 1788
7589 3 2 0 484 1788 1811 1812 1789
7590 3 2 0 484 1789 1812 1813 1790
7591 3 2 0 484 1790 1813 1814 1791
7592 3 2 0 484 1791 1814 1815 1792
7593 3 2 0 484 1792 1815 1816 1793
7594 3 2 0 484 1793 1816 1817 1794
7595 3 2 0 484 1794 1817 1818 1795
7596 3 2 0 484 1795 1818 249 247
7597 3 2 0 485 246 1784 1807 248
7598 3 2 0 485 1784 247 249 1807
7599 3 2 0 486 225 1819 3881 1633
7600 3 2 0 486 1633 3881 1831 226
7601 3 2 0 486 1819 1820 3882 3881
7602 3 2 0 486 3881 3882 1832 1831
7603 3 2 0 486 1820 1821 3883 3882
7604 3 2 0 486 3882 3883 1833 1832
7605 3 2 0 486 1821 1822 3884 3883
7606 3 2 0 486 3883 3884 1834 1833
7607 3 2 0 486 1822 1823 3885 3884
7608 3 2 0 486 3884 3885 1835 1834
7609 3 2 0 486 1823 1824 3886 3885
7610 3 2 0 486 3885 3886 1836 1835
7611 3 2 0 486 1824 1825 3887 3886
7612 3 2 0 486 3886 3887 1837 1836
7613 3 2 0 486 1825 1826 3888 3887
7614 3 2 0 486 3887 3888 1838 1837
7615 3 2 0 486 1826 1827 3889 3888
7616 3 2 0 486 3888 3889 1839 1838
7617 3 2 0 486 1827 1828 3890 3889
7618 3 2 0 486 3889 3890 1840 1839
7619 3 2 0 486 1828 1829 3891 3890
7620 3 2 0 486 3890 3891 1841 1840
7621 3 2 0 486 1829 250 1830 3891
7622 3 2 0 486 3891 1830 251 1841
7623 3 2 0 487 221 1796 1819 225
7624 3 2 0 487 1796 1797 1820 1819
7625 3 2 0 487 1797 1798 1821 1820
7626 3 2 0 487 1798 1799 1822 1821
7627 3 2 0 487 1799 1800 1823 1822
7628 3 2 0 487 1800 1801 1824 1823
7629 3 2 0 487 1801 1802 1825 1824
7630 3 2 0 487 1802 1803 1826 1825
7631 3 2 0 487 1803 1804 1827 1826
7632 3 2 0 487 1804 1805 1828 1827
7633 3 2 0 487 1805 1806 1829 1828
7634 3 2 0 487 1806 248 250 1829
7635 3 2 0 488 222 226 1831 1808
7636 3 2 0 488 1808 1831 1832 1809
7637 3 2 0 488 1809 1832 1833 1810
7638 3 2 0 488 1810 1833 1834 1811
7639 3 2 0 488 1811 1834 1835 1812
7640 3 2 0 488 1812 1835 1836 1813
7641 3 2 0 488 1813 1836 1837 1814
7642 3 2 0 488 1814 1837 1838 1815
7643 3 2 0 488 1815 1838 1839 1816
7644 3 2 0 488 1816 1839 1840 1817
7645 3 2 0 488 1817 1840 1841 1818
7646 3 2 0 488 1818 1841 251 249
7647 3 2 0 489 248 1807 1830 250
7648 3 2 0 489 1807 249 251 1830
7649 3 2 0 490 225 1819 816 22
7650 3 2 0 490 1819 1820 817 816
7651 3 2 0 490 1820 1821 818 817
7652 3 2 0 490 1821 1822 819 818
7653 3 2 0 490 1822 1823 820 819
7654 3 2 0 490 1823 1824 821 820
7655 3 2 0 490 1824 1825 822 821
7656 3 2 0 490 1825 1826 823 822
7657 3 2 0 490 1826 1827 824 823
7658 3 2 0 490 1827 1828 825 824
7659 3 2 0 490 1828 1829 826 825
7660 3 2 0 490 1829 250 59 826
7661 3 2 0 491 226 23 828 1831
7662 3 2 0 491 1831 828 829 1832
7663 3 2 0 491 1832 829 830 1833
7664 3 2 0 491 1833 830 831 1834
7665 3 2 0 491 1834 831 832 1835
7666 3 2 0 491 1835 832 833 1836
7667 3 2 0 491 1836 833 834 1837
7668 3 2 0 491 1837 834 835 1838
7669 3 2 0 491 1838 835 836 1839
7670 3 2 0 491 1839 836 837 1840
7671 3 2 0 491 1840 837 838 1841
7672 3 2 0 491 1841 838 60 251
7673 3 2 0 492 250 1830 827 59
7674 3 2 0 492 1830 251 60 827
7675 3 2 0 493 214 1646 3892 1762
7676 3 2 0 493 1646 228 1843 3892
7677 3 2 0 493 1762 3892 3893 1763
7678 3 2 0 493 3892 1843 1844 3893
7679 3 2 0 493 1763 3893 3894 1764
7680 3 2 0 493 3893 1844 1845 3894
7681 3 2 0 493 1764 3894 3895 1765
7682 3 2 0 493 3894 1845 1846 3895
7683 3 2 0 493 1765 3895 3896 1766
7684 3 2 0 493 3895 1846 1847 3896
7685 3 2 0 493 1766 3896 3897 1767
7686 3 2 0 493 3896 1847 1848 3897
7687 3 2 0 493 1767 3897 3898 1768
7688 3 2 0 493 3897 1848 1849 3898
7689 3 2 0 493 1768 3898 3899 1769
7690 3 2 0 493 3898 1849 1850 3899
7691 3 2 0 493 1769 3899 3900 1770
7692 3 2 0 493 3899 1850 1851 3900
7693 3 2 0 493 1770 3900 3901 1771
7694 3 2 0 493 3900 1851 1852 3901
7695 3 2 0 493 1771 3901 3902 1772
7696 3 2 0 493 3901 1852 1853 3902
7697 3 2 0 493 1772 3902 1842 245
7698 3 2 0 493 3902 1853 252 1842
7699 3 2 0 494 218 1785 3903 1659
7700 3 2 0 494 1659 3903 1855 230
7701 3 2 0 494 1785 1786 3904 3903
7702 3 2 0 494 3903 3904 1856 1855
7703 3 2 0 494 1786 1787 3905 3904
7704 3 2 0 494 3904 3905 1857 1856
7705 3 2 0 494 1787 1788 3906 3905
7706 3 2 0 494 3905 3906 1858 1857
7707 3 2 0 494 1788 1789 3907 3906
7708 3 2 0 494 3906 3907 1859 1858
7709 3 2 0 494 1789 1790 3908 3907
7710 3 2 0 494 3907 3908 1860 1859
7711 3 2 0 494 1790 1791 3909 3908
7712 3 2 0 494 3908 3909 1861 1860
7713 3 2 0 494 1791 1792 3910 3909
7714 3 2 0 494 3909 3910 1862 1861
7715 3 2 0 494 1792 1793 3911 3910
7716 3 2 0 494 3910 3911 1863 1862
7717 3 2 0 494 1793 1794 3912 3911
7718 3 2 0 494 3911 3912 1864 1863
7719 3 2 0 494 1794 1795 3913 3912
7720 3 2 0 494 3912 3913 1865 1864
7721 3 2 0 494 1795 247 1854 3913
7722 3 2 0 494 3913 1854 253 1865
7723 3 2 0 495 228 230 1855 1843
7724 3 2 0 495 1843 1855 1856 1844
7725 3 2 0 495 1844 1856 1857 1845
7726 3 2 0 495 1845 1857 1858 1846
7727 3 2 0 495 1846 1858 1859 1847
7728 3 2 0 495 1847 1859 1860 1848
7729 3 2 0 495 1848 1860 1861 1849
7730 3 2 0 495 1849 1861 1862 1850
7731 3 2 0 495 1850 1862 1863 1851
7732 3 2 0 495 1851 1863 1864 1852
7733 3 2 0 495 1852 1864 1865 1853
7734 3 2 0 495 1853 1865 253 252
7735 3 2 0 496 245 1842 1854 247
7736 3 2 0 496 1842 252 253 1854
7737 3 2 0 497 222 1808 3914 1672
7738 3 2 0 497 1672 3914 1867 232
7739 3 2 0 497 1808 1809 3915 3914
7740 3 2 0 497 3914 3915 1868 1867
7741 3 2 0 497 1809 1810 3916 3915
7742 3 2 0 497 3915 3916 1869 1868
7743 3 2 0 497 1810 1811 3917 3916
7744 3 2 0 497 3916 3917 1870 1869
7745 3 2 0 497 1811 1812 3918 3917
7746 3 2 0 497 3917 3918 1871 1870
7747 3 2 0 497 1812 1813 3919 3918
7748 3 2 0 497 3918 3919 1872 1871
7749 3 2 0 497 1813 1814 3920 3919
7750 3 2 0 497 3919 3920 1873 1872
7751 3 2 0 497 1814 1815 3921 3920
7752 3 2 0 497 3920 3921 1874 1873
7753 3 2 0 497 1815 1816 3922 3921
7754 3 2 0 497 3921 3922 1875 1874
7755 3 2 0 497 1816 1817 3923 3922
7756 3 2 0 497 3922 3923 1876 1875
7757 3 2 0 497 1817 1818 3924 3923
7758 3 2 0 497 3923 3924 1877 1876
7759 3 2 0 497 1818 249 1866 3924
7760 3 2 0 497 3924 1866 254 1877
7761 3 2 0 498 230 232 1867 1855
7762 3 2 0 498 1855 1867 1868 1856
7763 3 2 0 498 1856 1868 1869 1857
7764 3 2 0 498 1857 1869 1870 1858
7765 3 2 0 498 1858 1870 1871 1859
7766 3 2 0 498 1859 1871 1872 1860
7767 3 2 0 498 1860 1872 1873 1861
7768 3 2 0 498 1861 1873 1874 1862
7769 3 2 0 498 1862 1874 1875 1863
7770 3 2 0 498 1863 1875 1876 1864
7771 3 2 0 498 1864 1876 1877 1865
7772 3 2 0 498 1865 1877 254 253
7773 3 2 0 499 247 1854 1866 249
7774 3 2 0 499 1854 253 254 1866
7775 3 2 0 500 226 1831 3925 1685
7776 3 2 0 500 1685 3925 1879 234
7777 3 2 0 500 1831 1832 3926 3925
7778 3 2 0 500 3925 3926 1880 1879
7779 3 2 0 500 1832 1833 3927 3926
7780 3 2 0 500 3926 3927 1881 1880
7781 3 2 0 500 1833 1834 3928 3927
7782 3 2 0 500 3927 3928 1882 1881
7783 3 2 0 500 1834 1835 3929 3928
7784 3 2 0 500 3928 3929 1883 1882
7785 3 2 0 500 1835 1836 3930 3929
7786 3 2 0 500 3929 3930 1884 1883
7787 3 2 0 500 1836 1837 3931 3930
7788 3 2 0 500 3930 3931 1885 1884
7789 3 2 0 500 1837 1838 3932 3931
7790 3 2 0 500 3931 3932 1886 1885
7791 3 2 0 500 1838 1839 3933 3932
7792 3 2 0 500 3932 3933 1887 1886
7793 3 2 0 500 1839 1840 3934 3933
7794 3 2 0 500 3933 3934 1888 1887
7795 3 2 0 500 1840 1841 3935 3934
7796 3 2 0 500 3934 3935 1889 1888
7797 3 2 0 500 1841 251 1878 3935
7798 3 2 0 500 3935 1878 255 1889
7799 3 2 0 501 232 234 1879 1867
7800 3 2 0 501 1867 1879 1880 1868
7801 3 2 0 501 1868 1880 1881 1869
7802 3 2 0 501 1869 1881 1882 1870
7803 3 2 0 501 1870 1882 1883 1871
7804 3 2 0 501 1871 1883 1884 1872
7805 3 2 0 501 1872 1884 1885 1873
7806 3 2 0 501 1873 1885 1886 1874
7807 3 2 0 501 1874 1886 1887 1875
7808 3 2 0 501 1875 1887 1888 1876
7809 3 2 0 501 1876 1888 1889 1877
7810 3 2 0 501 1877 1889 255 254
7811 3 2 0 502 249 1866 1878 251
7812 3 2 0 502 1866 254 255 1878
7813 3 2 0 503 234 35 910 1879
7814 3 2 0 503 1879 910 911 1880
7815 3 2 0 503 1880 911 912 1881
7816 3 2 0 503 1881 912 913 1882
7817 3 2 0 503 1882 913 914 1883
7818 3 2 0 503 1883 914 915 1884
7819 3 2 0 503 1884 915 916 1885
7820 3 2 0 503 1885 916 917 1886
7821 3 2 0 503 1886 917 918 1887
7822 3 2 0 503 1887 918 919 1888
7823 3 2 0 503 1888 919 920 1889
7824 3 2 0 503 1889 920 66 255
7825 3 2 0 504 251 1878 909 60
7826 3 2 0 504 1878 255 66 909
7827 3 2 0 505 228 1698 3936 1843
7828 3 2 0 505 1698 236 1891 3936
7829 3 2 0 505 1843 3936 3937 1844
7830 3 2 0 505 3936 1891 1892 3937
7831 3 2 0 505 1844 3937 3938 1845
7832 3 2 0 505 3937 1892 1893 3938
7833 3 2 0 505 1845 3938 3939 1846
7834 3 2 0 505 3938 1893 1894 3939
7835 3 2 0 505 1846 3939 3940 1847
7836 3 2 0 505 3939 1894 1895 3940
7837 3 2 0 505 1847 3940 3941 1848
7838 3 2 0 505 3940 1895 1896 3941
7839 3 2 0 505 1848 3941 3942 1849
7840 3 2 0 505 3941 1896 1897 3942
7841 3 2 0 505 1849 3942 3943 1850
7842 3 2 0 505 3942 1897 1898 3943
7843 3 2 0 505 1850 3943 3944 1851
7844 3 2 0 505 3943 1898 1899 3944
7845 3 2 0 505 1851 3944 3945 1852
7846 3 2 0 505 3944 1899 1900 3945
7847 3 2 0 505 1852 3945 3946 1853
7848 3 2 0 505 3945 1900 1901 3946
7849 3 2 0 505 1853 3946 1890 252
7850 3 2 0 505 3946 1901 256 1890
7851 3 2 0 506 230 1855 3947 1711
7852 3 2 0 506 1711 3947 1903 238
7853 3 2 0 506 1855 1856 3948 3947
7854 3 2 0 506 3947 3948 1904 1903
7855 3 2 0 506 1856 1857 3949 3948
7856 3 2 0 506 3948 3949 1905 1904
7857 3 2 0 506 1857 1858 3950 3949
7858 3 2 0 506 3949 3950 1906 1905
7859 3 2 0 506 1858 1859 3951 3950
7860 3 2 0 506 3950 3951 1907 1906
7861 3 2 0 506 1859 1860 3952 3951
7862 3 2 0 506 3951 3952 1908 1907
7863 3 2 0 506 1860 1861 3953 3952
7864 3 2 0 506 3952 3953 1909 1908
7865 3 2 0 506 1861 1862 3954 3953
7866 3 2 0 506 3953 3954 1910 1909
7867 3 2 0 506 1862 1863 3955 3954
7868 3 2 0 506 3954 3955 1911 1910
7869 3 2 0 506 1863 1864 3956 3955
7870 3 2 0 506 3955 3956 1912 1911
7871 3 2 0 506 1864 1865 3957 3956
7872 3 2 0 506 3956 3957 1913 1912
7873 3 2 0 506 1865 253 1902 3957
7874 3 2 0 506 3957 1902 257 1913
7875 3 2 0 507 236 238 1903 1891
7876 3 2 0 507 1891 1903 1904 1892
7877 3 2 0 507 1892 1904 1905 1893
7878 3 2 0 507 1893 1905 1906 1894
7879 3 2 0 507 1894 1906 1907 1895
7880 3 2 0 507 1895 1907 1908 1896
7881 3 2 0 507 1896 1908 1909 1897
7882 3 2 0 507 1897 1909 1910 1898
7883 3 2 0 507 1898 1910 1911 1899
7884 3 2 0 507 1899 1911 1912 1900
7885 3 2 0 507 1900 1912 1913 1901
7886 3 2 0 507 1901 1913 257 256
7887 3 2 0 508 252 1890 1902 253
7888 3 2 0 508 1890 256 257 1902
7889 3 2 0 509 232 1867 3958 1724
7890 3 2 0 509 1724 3958 1915 240
7891 3 2 0 509 1867 1868 3959 3958
7892 3 2 0 509 3958 3959 1916 1915
7893 3 2 0 509 1868 1869 3960 3959
7894 3 2 0 509 3959 3960 1917 1916
7895 3 2 0 509 1869 1870 3961 3960
7896 3 2 0 509 3960 3961 1918 1917
7897 3 2 0 509 1870 1871 3962 3961
7898 3 2 0 509 3961 3962 1919 1918
7899 3 2 0 509 1871 1872 3963 3962
7900 3 2 0 509 3962 3963 1920 1919
7901 3 2 0 509 1872 1873 3964 3963
7902 3 2 0 509 3963 3964 1921 1920
7903 3 2 0 509 1873 1874 3965 3964
7904 3 2 0 509 3964 3965 1922 1921
7905 3 2 0 509 1874 1875 3966 3965
7906 3 2 0 509 3965 3966 1923 1922
7907 3 2 0 509 1875 1876 3967 3966
7908 3 2 0 509 3966 3967 1924 1923
7909 3 2 0 509 1876 1877 3968 3967
7910 3 2 0 509 3967 3968 1925 1924
7911 3 2 0 509 1877 254 1914 3968
7912 3 2 0 509 3968 1914 258 1925
7913 3 2 0 510 238 240 1915 1903
7914 3 2 0 510 1903 1915 1916 1904
7915 3 2 0 510 1904 1916 1917 1905
7916 3 2 0 510 1905 1917 1918 1906
7917 3 2 0 510 1906 1918 1919 1907
7918 3 2 0 510 1907 1919 1920 1908
7919 3 2 0 510 1908 1920 1921 1909
7920 3 2 0 510 1909 1921 1922 1910
7921 3 2 0 510 1910 1922 1923 1911
7922 3 2 0 510 1911 1923 1924 1912
7923 3 2 0 510 1912 1924 1925 1913
7924 3 2 0 510 1913 1925 258 257
7925 3 2 0 511 253 1902 1914 254
7926 3 2 0 511 1902 257 258 1914
7927 3 2 0 512 234 1879 3969 1737
7928 3 2 0 512 1737 3969 1927 242
7929 3 2 0 512 1879 1880 3970 3969
7930 3 2 0 512 3969 3970 1928 1927
7931 3 2 0 512 1880 1881 3971 3970
7932 3 2 0 512 3970 3971 1929 1928
7933 3 2 0 512 1881 1882 3972 3971
7934 3 2 0 512 3971 3972 1930 1929
7935 3 2 0 512 1882 1883 3973 3972
7936 3 2 0 512 3972 3973 1931 1930
7937 3 2 0 512 1883 1884 3974 3973
7938 3 2 0 512 3973 3974 1932 1931
7939 3 2 0 512 1884 1885 3975 3974
7940 3 2 0 512 3974 3975 1933 1932
7941 3 2 0 512 1885 1886 3976 3975
7942 3 2 0 512 3975 3976 1934 1933
7943 3 2 0 512 1886 1887 3977 3976
7944 3 2 0 512 3976 3977 1935 1934
7945 3 2 0 512 1887 1888 3978 3977
7946 3 2 0 512 3977 3978 1936 1935
7947 3 2 0 512 1888 1889 3979 3978
7948 3 2 0 512 3978 3979 1937 1936
7949 3 2 0 512 1889 255 1926 3979
7950 3 2 0 512 3979 1926 259 1937
7951 3 2 0 513 240 242 1927 1915
7952 3 2 0 513 1915 1927 1928 1916
7953 3 2 0 513 1916 1928 1929 1917
7954 3 2 0 513 1917 1929 1930 1918
7955 3 2 0 513 1918 1930 1931 1919
7956 3 2 0 513 1919 1931 1932 1920
7957 3 2 0 513 1920 1932 1933 1921
7958 3 2 0 513 1921 1933 1934 1922
7959 3 2 0 513 1922 1934 1935 1923
7960 3 2 0 513 1923 1935 1936 1924
7961 3 2 0 513 1924 1936 1937 1925
7962 3 2 0 513 1925 1937 259 258
7963 3 2 0 514 254 1914 1926 255
7964 3 2 0 514 1914 258 259 1926
7965 3 2 0 515 242 47 987 1927
7966 3 2 0 515 1927 987 988 1928
7967 3 2 0 515 1928 988 989 1929
7968 3 2 0 515 1929 989 990 1930
7969 3 2 0 515 1930 990 991 1931
7970 3 2 0 515 1931 991 992 1932
7971 3 2 0 515 1932 992 993 1933
7972 3 2 0 515 1933 993 994 1934
7973 3 2 0 515 1934 994 995 1935
7974 3 2 0 515 1935 995 996 1936
7975 3 2 0 515 1936 996 997 1937
7976 3 2 0 515 1937 997 72 259
7977 3 2 0 516 255 1926 986 66
7978 3 2 0 516 1926 259 72 986
7979 3 2 0 517 244 1761 3980 1938
7980 3 2 0 517 1761 245 1943 3980
7981 3 2 0 517 1938 3980 3981 1939
7982 3 2 0 517 3980 1943 1944 3981
7983 3 2 0 517 1939 3981 3982 1940
7984 3 2 0 517 3981 1944 1945 3982
7985 3 2 0 517 1940 3982 3983 1941
7986 3 2 0 517 3982 1945 1946 3983
7987 3 2 0 517 1941 3983 1942 260
7988 3 2 0 517 3983 1946 261 1942
7989 3 2 0 518 246 1947 3984 1784
7990 3 2 0 518 1784 3984 1952 247
7991 3 2 0 518 1947 1948 3985 3984
7992 3 2 0 518 3984 3985 1953 1952
7993 3 2 0 518 1948 1949 3986 3985
7994 3 2 0 518 3985 3986 1954 1953
7995 3 2 0 518 1949 1950 3987 3986
7996 3 2 0 518 3986 3987 1955 1954
7997 3 2 0 518 1950 262 1951 3987
7998 3 2 0 518 3987 1951 263 1955
7999 3 2 0 519 244 1938 1947 246
8000 3 2 0 519 1938 1939 1948 1947
8001 3 2 0 519 1939 1940 1949 1948
8002 3 2 0 519 1940 1941 1950 1949
8003 3 2 0 519 1941 260 262 1950
8004 3 2 0 520 245 247 1952 1943
8005 3 2 0 520 1943 1952 1953 1944
8006 3 2 0 520 1944 1953 1954 1945
8007 3 2 0 520 1945 1954 1955 1946
8008 3 2 0 520 1946 1955 263 261
8009 3 2 0 521 260 1942 1951 262
8010 3 2 0 521 1942 261 263 1951
8011 3 2 0 522 248 1956 3988 1807
8012 3 2 0 522 1807 3988 1961 249
8013 3 2 0 522 1956 1957 3989 3988
8014 3 2 0 522 3988 3989 1962 1961
8015 3 2 0 522 1957 1958 3990 3989
8016 3 2 0 522 3989 3990 1963 1962
8017 3 2 0 522 1958 1959 3991 3990
8018 3 2 0 522 3990 3991 1964 1963
8019 3 2 0 522 1959 264 1960 3991
8020 3 2 0 522 3991 1960 265 1964
8021 3 2 0 523 246 1947 1956 248
8022 3 2 0 523 1947 1948 1957 1956
8023 3 2 0 523 1948 1949 1958 1957
8024 3 2 0 523 1949 1950 1959 1958
8025 3 2 0 523 1950 262 264 1959
8026 3 2 0 524 247 249 1961 1952
8027 3 2 0 524 1952 1961 1962 1953
8028 3 2 0 524 1953 1962 1963 1954
8029 3 2 0 524 1954 1963 1964 1955
8030 3 2 0 524 1955 1964 265 263
8031 3 2 0 525 262 1951 1960 264
8032 3 2 0 525 1951 263 265 1960
8033 3 2 0 526 250 1965 3992 1830
8034 3 2 0 526 1830 3992 1970 251
8035 3 2 0 526 1965 1966 3993 3992
8036 3 2 0 526 3992 3993 1971 1970
8037 3 2 0 526 1966 1967 3994 3993
8038 3 2 0 526 3993 3994 1972 1971
8039 3 2 0 526 1967 1968 3995 3994
8040 3 2 0 526 3994 3995 1973 1972
8041 3 2 0 526 1968 266 1969 3995
8042 3 2 0 526 3995 1969 267 1973
8043 3 2 0 527 248 1956 1965 250
8044 3 2 0 527 1956 1957 1966 1965
8045 3 2 0 527 1957 1958 1967 1966
8046 3 2 0 527 1958 1959 1968 1967
8047 3 2 0 527 1959 264 266 1968
8048 3 2 0 528 249 251 1970 1961
8049 3 2 0 528 1961 1970 1971 1962
8050 3 2 0 528 1962 1971 1972 1963
8051 3 2 0 528 1963 1972 1973 1964
8052 3 2 0 528 1964 1973 267 265
8053 3 2 0 529 264 1960 1969 266
8054 3 2 0 529 1960 265 267 1969
8055 3 2 0 530 250 1965 1048 59
8056 3 2 0 530 1965 1966 1049 1048
8057 3 2 0 530 1966 1967 1050 1049
8058 3 2 0 530 1967 1968 1051 1050
8059 3 2 0 530 1968 266 83 1051
8060 3 2 0 531 251 60 1053 1970
8061 3 2 0 531 1970 1053 1054 1971
8062 3 2 0 531 1971 1054 1055 1972
8063 3 2 0 531 1972 1055 1056 1973
8064 3 2 0 531 1973 1056 84 267
8065 3 2 0 532 266 1969 1052 83
8066 3 2 0 532 1969 267 84 1052
8067 3 2 0 533 245 1842 3996 1943
8068 3 2 0 533 1842 252 1975 3996
8069 3 2 0 533 1943 3996 3997 1944
8070 3 2 0 533 3996 1975 1976 3997
8071 3 2 0 533 1944 3997 3998 1945
8072 3 2 0 533 3997 1976 1977 3998
8073 3 2 0 533 1945 3998 3999 1946
8074 3 2 0 533 3998 1977 1978 3999
8075 3 2 0 533 1946 3999 1974 261
8076 3 2 0 533 3999 1978 268 1974
8077 3 2 0 534 247 1952 4000 1854
8078 3 2 0 534 1854 4000 1980 253
8079 3 2 0 534 1952 1953 4001 4000
8080 3 2 0 534 4000 4001 1981 1980
8081 3 2 0 534 1953 1954 4002 4001
8082 3 2 0 534 4001 4002 1982 1981
8083 3 2 0 534 1954 1955 4003 4002
8084 3 2 0 534 4002 4003 1983 1982
8085 3 2 0 534 1955 263 1979 4003
8086 3 2 0 534 4003 1979 269 1983
8087 3 2 0 535 252 253 1980 1975
8088 3 2 0 535 1975 1980 1981 1976
8089 3 2 0 535 1976 1981 1982 1977
8090 3 2 0 535 1977 1982 1983 1978
8091 3 2 0 535 1978 1983 269 268
8092 3 2 0 536 261 1974 1979 263
8093 3 2 0 536 1974 268 269 1979
8094 3 2 0 537 249 1961 4004 1866
8095 3 2 0 537 1866 4004 1985 254
8096 3 2 0 537 1961 1962 4005 4004
8097 3 2 0 537 4004 4005 1986 1985
8098 3 2 0 537 1962 1963 4006 4005
8099 3 2 0 537 4005 4006 1987 1986
8100 3 2 0 537 1963 1964 4007 4006
8101 3 2 0 537 4006 4007 1988 1987
8102 3 2 0 537 1964 265 1984 4007
8103 3 2 0 537 4007 1984 270 1988
8104 3 2 0 538 253 254 1985 1980
8105 3 2 0 538 1980 1985 1986 1981
8106 3 2 0 538 1981 1986 1987 1982
8107 3 2 0 538 1982 1987 1988 1983
8108 3 2 0 538 1983 1988 270 269
8109 3 2 0 539 263 1979 1984 265
8110 3 2 0 539 1979 269 270 1984
8111 3 2 0 540 251 1970 4008 1878
8112 3 2 0 540 1878 4008 1990 255
8113 3 2 0 540 1970 1971 4009 4008
8114 3 2 0 540 4008 4009 1991 1990
8115 3 2 0 540 1971 1972 4010 4009
8116 3 2 0 540 4009 4010 1992 1991
8117 3 2 0 540 1972 1973 4011 4010
8118 3 2 0 540 4010 4011 1993 1992
8119 3 2 0 540 1973 267 1989 4011
8120 3 2 0 540 4011 1989 271 1993
8121 3 2 0 541 254 255 1990 1985
8122 3 2 0 541 1985 1990 1991 1986
8123 3 2 0 541 1986 1991 1992 1987
8124 3 2 0 541 1987 1992 1993 1988
8125 3 2 0 541 1988 1993 271 270
8126 3 2 0 542 265 1984 1989 267
8127 3 2 0 542 1984 270 271 1989
8128 3 2 0 543 255 66 1093 1990
8129 3 2 0 543 1990 1093 1094 1991
8130 3 2 0 543 1991 1094 1095 1992
8131 3 2 0 543 1992 1095 1096 1993
8132 3 2 0 543 1993 1096 90 271
8133 3 2 0 544 267 1989 1092 84
8134 3 2 0 544 1989 271 90 1092
8135 3 2 0 545 252 1890 4012 1975
8136 3 2 0 545 1890 256 1995 4012
8137 3 2 0 545 1975 4012 4013 1976
8138 3 2 0 545 4012 1995 1996 4013
8139 3 2 0 545 1976 4013 4014 1977
8140 3 2 0 545 4013 1996 1997 4014
8141 3 2 0 545 1977 4014 4015 1978
8142 3 2 0 545 4014 1997 1998 4015
8143 3 2 0 545 1978 4015 1994 268
8144 3 2 0 545 4015 1998 272 1994
8145 3 2 0 546 253 1980 4016 1902
8146 3 2 0 546 1902 4016 2000 257
8147 3 2 0 546 1980 1981 4017 4016
8148 3 2 0 546 4016 4017 2001 2000
8149 3 2 0 546 1981 1982 4018 4017
8150 3 2 0 546 4017 4018 2002 2001
8151 3 2 0 546 1982 1983 4019 4018
8152 3 2 0 546 4018 4019 2003 2002
8153 3 2 0 546 1983 269 1999 4019
8154 3 2 0 546 4019 1999 273 2003
8155 3 2 0 547 256 257 2000 1995
8156 3 2 0 547 1995 2000 2001 1996
8157 3 2 0 547 1996 2001 2002 1997
8158 3 2 0 547 1997 2002 2003 1998
8159 3 2 0 547 1998 2003 273 272
8160 3 2 0 548 268 1994 1999 269
8161 3 2 0 548 1994 272 273 1999
8162 3 2 0 549 254 1985 4020 1914
8163 3 2 0 549 1914 4020 2005 258
8164 3 2 0 549 1985 1986 4021 4020
8165 3 2 0 549 4020 4021 2006 2005
8166 3 2 0 549 1986 1987 4022 4021
8167 3 2 0 549 4021 4022 2007 2006
8168 3 2 0 549 1987 1988 4023 4022
8169 3 2 0 549 4022 4023 2008 2007
8170 3 2 0 549 1988 270 2004 4023
8171 3 2 0 549 4023 2004 274 2008
8172 3 2 0 550 257 258 2005 2000
8173 3 2 0 550 2000 2005 2006 2001
8174 3 2 0 550 2001 2006 2007 2002
8175 3 2 0 550 2002 2007 2008 2003
8176 3 2 0 550 2003 2008 274 273
8177 3 2 0 551 269 1999 2004 270
8178 3 2 0 551 1999 273 274 2004
8179 3 2 0 552 255 1990 4024 1926
8180 3 2 0 552 1926 4024 2010 259
8181 3 2 0 552 1990 1991 4025 4024
8182 3 2 0 552 4024 4025 2011 2010
8183 3 2 0 552 1991 1992 4026 4025
8184 3 2 0 552 4025 4026 2012 2011
8185 3 2 0 552 1992 1993 4027 4026
8186 3 2 0 552 4026 4027 2013 2012
8187 3 2 0 552 1993 271 2009 4027
8188 3 2 0 552 4027 2009 275 2013
8189 3 2 0 553 258 259 2010 2005
8190 3 2 0 553 2005 2010 2011 2006
8191 3 2 0 553 2006 2011 2012 2007
8192 3 2 0 553 2007 2012 2013 2008
8193 3 2 0 553 2008 2013 275 274
8194 3 2 0 554 270 2004 2009 271
8195 3 2 0 554 2004 274 275 2009
8196 3 2 0 555 259 72 1128 2010
8197 3 2 0 555 2010 1128 1129 2011
8198 3 2 0 555 2011 1129 1130 2012
8199 3 2 0 555 2012 1130 1131 2013
8200 3 2 0 555 2013 1131 96 275
8201 3 2 0 556 271 2009 1127 90
8202 3 2 0 556 2009 275 96 1127
8203 3 2 0 557 260 1942 4028 2014
8204 3 2 0 557 1942 261 2026 4028
8205 3 2 0 557 2014 4028 4029 2015
8206 3 2 0 557 4028 2026 2027 4029
8207 3 2 0 557 2015 4029 4030 2016
8208 3 2 0 557 4029 2027 2028 4030
8209 3 2 0 557 2016 4030 4031 2017
8210 3 2 0 557 4030 2028 2029 4031
8211 3 2 0 557 2017 4031 4032 2018
8212 3 2 0 557 4031 2029 2030 4032
8213 3 2 0 557 2018 4032 4033 2019
8214 3 2 0 557 4032 2030 2031 4033
8215 3 2 0 557 2019 4033 4034 2020
8216 3 2 0 557 4033 2031 2032 4034
8217 3 2 0 557 2020 4034 4035 2021
8218 3 2 0 557 4034 2032 2033 4035
8219 3 2 0 557 2021 4035 4036 2022
8220 3 2 0 557 4035 2033 2034 4036
8221 3 2 0 557 2022 4036 4037 2023
8222 3 2 0 557 4036 2034 2035 4037
8223 3 2 0 557 2023 4037 4038 2024
8224 3 2 0 557 4037 2035 2036 4038
8225 3 2 0 557 2024 4038 2025 276
8226 3 2 0 557 4038 2036 277 2025
8227 3 2 0 558 262 2037 4039 1951
8228 3 2 0 558 1951 4039 2049 263
8229 3 2 0 558 2037 2038 4040 4039
8230 3 2 0 558 4039 4040 2050 2049
8231 3 2 0 558 2038 2039 4041 4040
8232 3 2 0 558 4040 4041 2051 2050
8233 3 2 0 558 2039 2040 4042 4041
8234 3 2 0 558 4041 4042 2052 2051
8235 3 2 0 558 2040 2041 4043 4042
8236 3 2 0 558 4042 4043 2053 2052
8237 3 2 0 558 2041 2042 4044 4043
8238 3 2 0 558 4043 4044 2054 2053
8239 3 2 0 558 2042 2043 4045 4044
8240 3 2 0 558 4044 4045 2055 2054
8241 3 2 0 558 2043 2044 4046 4045
8242 3 2 0 558 4045 4046 2056 2055
8243 3 2 0 558 2044 2045 4047 4046
8244 3 2 0 558 4046 4047 2057 2056
8245 3 2 0 558 2045 2046 4048 4047
8246 3 2 0 558 4047 4048 2058 2057
8247 3 2 0 558 2046 2047 4049 4048
8248 3 2 0 558 4048 4049 2059 2058
8249 3 2 0 558 2047 278 2048 4049
8250 3 2 0 558 4049 2048 279 2059
8251 3 2 0 559 260 2014 2037 262
8252 3 2 0 559 2014 2015 2038 2037
8253 3 2 0 559 2015 2016 2039 2038
8254 3 2 0 559 2016 2017 2040 2039
8255 3 2 0 559 2017 2018 2041 2040
8256 3 2 0 559 2018 2019 2042 2041
8257 3 2 0 559 2019 2020 2043 2042
8258 3 2 0 559 2020 2021 2044 2043
8259 3 2 0 559 2021 2022 2045 2044
8260 3 2 0 559 2022 2023 2046 2045
8261 3 2 0 559 2023 2024 2047 2046
8262 3 2 0 559 2024 276 278 2047
8263 3 2 0 560 261 263 2049 2026
8264 3 2 0 560 2026 2049 2050 2027
8265 3 2 0 560 2027 2050 2051 2028
8266 3 2 0 560 2028 2051 2052 2029
8267 3 2 0 560 2029 2052 2053 2030
8268 3 2 0 560 2030 2053 2054 2031
8269 3 2 0 560 2031 2054 2055 2032
8270 3 2 0 560 2032 2055 2056 2033
8271 3 2 0 560 2033 2056 2057 2034
8272 3 2 0 560 2034 2057 2058 2035
8273 3 2 0 560 2035 2058 2059 2036
8274 3 2 0 560 2036 2059 279 277
8275 3 2 0 561 276 2025 2048 278
8276 3 2 0 561 2025 277 279 2048
8277 3 2 0 562 264 2060 4050 1960
8278 3 2 0 562 1960 4050 2072 265
8279 3 2 0 562 2060 2061 4051 4050
8280 3 2 0 562 4050 4051 2073 2072
8281 3 2 0 562 2061 2062 4052 4051
8282 3 2 0 562 4051 4052 2074 2073
8283 3 2 0 562 2062 2063 4053 4052
8284 3 2 0 562 4052 4053 2075 2074
8285 3 2 0 562 2063 2064 4054 4053
8286 3 2 0 562 4053 4054 2076 2075
8287 3 2 0 562 2064 2065 4055 4054
8288 3 2 0 562 4054 4055 2077 2076
8289 3 2 0 562 2065 2066 4056 4055
8290 3 2 0 562 4055 4056 2078 2077
8291 3 2 0 562 2066 2067 4057 4056
8292 3 2 0 562 4056 4057 2079 2078
8293 3 2 0 562 2067 2068 4058 4057
8294 3 2 0 562 4057 4058 2080 2079
8295 3 2 0 562 2068 2069 4059 4058
8296 3 2 0 562 4058 4059 2081 2080
8297 3 2 0 562 2069 2070 4060 4059
8298 3 2 0 562 4059 4060 2082 2081
8299 3 2 0 562 2070 280 2071 4060
8300 3 2 0 562 4060 2071 281 2082
8301 3 2 0 563 262 2037 2060 264
8302 3 2 0 563 2037 2038 2061 2060
8303 3 2 0 563 2038 2039 2062 2061
8304 3 2 0 563 2039 2040 2063 2062
8305 3 2 0 563 2040 2041 2064 2063
8306 3 2 0 563 2041 2042 2065 2064
8307 3 2 0 563 2042 2043 2066 2065
8308 3 2 0 563 2043 2044 2067 2066
8309 3 2 0 563 2044 2045 2068 2067
8310 3 2 0 563 2045 2046 2069 2068
8311 3 2 0 563 2046 2047 2070 2069
8312 3 2 0 563 2047 278 280 2070
8313 3 2 0 564 263 265 2072 2049
8314 3 2 0 564 2049 2072 2073 2050
8315 3 2 0 564 2050 2073 2074 2051
8316 3 2 0 564 2051 2074 2075 2052
8317 3 2 0 564 2052 2075 2076 2053
8318 3 2 0 564 2053 2076 2077 2054
8319 3 2 0 564 2054 2077 2078 2055
8320 3 2 0 564 2055 2078 2079 2056
8321 3 2 0 564 2056 2079 2080 2057
8322 3 2 0 564 2057 2080 2081 2058
8323 3 2 0 564 2058 2081 2082 2059
8324 3 2 0 564 2059 2082 281 279
8325 3 2 0 565 278 2048 2071 280
8326 3 2 0 565 2048 279 281 2071
8327 3 2 0 566 266 2083 4061 1969
8328 3 2 0 566 1969 4061 2095 267
8329 3 2 0 566 2083 2084 4062 4061
8330 3 2 0 566 4061 4062 2096 2095
8331 3 2 0 566 2084 2085 4063 4062
8332 3 2 0 566 4062 4063 2097 2096
8333 3 2 0 566 2085 2086 4064 4063
8334 3 2 0 566 4063 4064 2098 2097
8335 3 2 0 566 2086 2087 4065 4064
8336 3 2 0 566 4064 4065 2099 2098
8337 3 2 0 566 2087 2088 4066 4065
8338 3 2 0 566 4065 4066 2100 2099
8339 3 2 0 566 2088 2089 4067 4066
8340 3 2 0 566 4066 4067 2101 2100
8341 3 2 0 566 2089 2090 4068 4067
8342 3 2 0 566 4067 4068 2102 2101
8343 3 2 0 566 2090 2091 4069 4068
8344 3 2 0 566 4068 4069 2103 2102
8345 3 2 0 566 2091 2092 4070 4069
8346 3 2 0 566 4069 4070 2104 2103
8347 3 2 0 566 2092 2093 4071 4070
8348 3 2 0 566 4070 4071 2105 2104
8349 3 2 0 566 2093 282 2094 4071
8350 3 2 0 566 4071 2094 283 2105
8351 3 2 0 567 264 2060 2083 266
8352 3 2 0 567 2060 2061 2084 2083
8353 3 2 0 567 2061 2062 2085 2084
8354 3 2 0 567 2062 2063 2086 2085
8355 3 2 0 567 2063 2064 2087 2086
8356 3 2 0 567 2064 2065 2088 2087
8357 3 2 0 567 2065 2066 2089 2088
8358 3 2 0 567 2066 2067 2090 2089
8359 3 2 0 567 2067 2068 2091 2090
8360 3 2 0 567 2068 2069 2092 2091
8361 3 2 0 567 2069 2070 2093 2092
8362 3 2 0 567 2070 280 282 2093
8363 3 2 0 568 265 267 2095 2072
8364 3 2 0 568 2072 2095 2096 2073
8365 3 2 0 568 2073 2096 2097 2074
8366 3 2 0 568 2074 2097 2098 2075
8367 3 2 0 568 2075 2098 2099 2076
8368 3 2 0 568 2076 2099 2100 2077
8369 3 2 0 568 2077 2100 2101 2078
8370 3 2 0 568 2078 2101 2102 2079
8371 3 2 0 568 2079 2102 2103 2080
8372 3 2 0 568 2080 2103 2104 2081
8373 3 2 0 568 2081 2104 2105 2082
8374 3 2 0 568 2082 2105 283 281
8375 3 2 0 569 280 2071 2094 282
8376 3 2 0 569 2071 281 283 2094
8377 3 2 0 570 83 2106 4072 1052
8378 3 2 0 570 1052 4072 1312 84
8379 3 2 0 570 2106 2107 4073 4072
8380 3 2 0 570 4072 4073 1313 1312
8381 3 2 0 570 2107 2108 4074 4073
8382 3 2 0 570 4073 4074 1314 1313
8383 3 2 0 570 2108 2109 4075 4074
8384 3 2 0 570 4074 4075 1315 1314
8385 3 2 0 570 2109 2110 4076 4075
8386 3 2 0 570 4075 4076 1316 1315
8387 3 2 0 570 2110 2111 4077 4076
8388 3 2 0 570 4076 4077 1317 1316
8389 3 2 0 570 2111 2112 4078 4077
8390 3 2 0 570 4077 4078 1318 1317
8391 3 2 0 570 2112 2113 4079 4078
8392 3 2 0 570 4078 4079 1319 1318
8393 3 2 0 570 2113 2114 4080 4079
8394 3 2 0 570 4079 4080 1320 1319
8395 3 2 0 570 2114 2115 4081 4080
8396 3 2 0 570 4080 4081 1321 1320
8397 3 2 0 570 2115 2116 4082 4081
8398 3 2 0 570 4081 4082 1322 1321
8399 3 2 0 570 2116 284 2117 4082
8400 3 2 0 570 4082 2117 112 1322
8401 3 2 0 571 266 2083 2106 83
8402 3 2 0 571 2083 2084 2107 2106
8403 3 2 0 571 2084 2085 2108 2107
8404 3 2 0 571 2085 2086 2109 2108
8405 3 2 0 571 2086 2087 2110 2109
8406 3 2 0 571 2087 2088 2111 2110
8407 3 2 0 571 2088 2089 2112 2111
8408 3 2 0 571 2089 2090 2113 2112
8409 3 2 0 571 2090 2091 2114 2113
8410 3 2 0 571 2091 2092 2115 2114
8411 3 2 0 571 2092 2093 2116 2115
8412 3 2 0 571 2093 282 284 2116
8413 3 2 0 572 267 84 1312 2095
8414 3 2 0 572 2095 1312 1313 2096
8415 3 2 0 572 2096 1313 1314 2097
8416 3 2 0 572 2097 1314 1315 2098
8417 3 2 0 572 2098 1315 1316 2099
8418 3 2 0 572 2099 1316 1317 2100
8419 3 2 0 572 2100 1317 1318 2101
8420 3 2 0 572 2101 1318 1319 2102
8421 3 2 0 572 2102 1319 1320 2103
8422 3 2 0 572 2103 1320 1321 2104
8423 3 2 0 572 2104 1321 1322 2105
8424 3 2 0 572 2105 1322 112 283
8425 3 2 0 573 282 2094 2117 284
8426 3 2 0 573 2094 283 112 2117
8427 3 2 0 574 261 1974 4083 2026
8428 3 2 0 574 1974 268 2119 4083
8429 3 2 0 574 2026 4083 4084 2027
8430 3 2 0 574 4083 2119 2120 4084
8431 3 2 0 574 2027 4084 4085 2028
8432 3 2 0 574 4084 2120 2121 4085
8433 3 2 0 574 2028 4085 4086 2029
8434 3 2 0 574 4085 2121 2122 4086
8435 3 2 0 574 2029 4086 4087 2030
8436 3 2 0 574 4086 2122 2123 4087
8437 3 2 0 574 2030 4087 4088 2031
8438 3 2 0 574 4087 2123 2124 4088
8439 3 2 0 574 2031 4088 4089 2032
8440 3 2 0 574 4088 2124 2125 4089
8441 3 2 0 574 2032 4089 4090 2033
8442 3 2 0 574 4089 2125 2126 4090
8443 3 2 0 574 2033 4090 4091 2034
8444 3 2 0 574 4090 2126 2127 4091
8445 3 2 0 574 2034 4091 4092 2035
8446 3 2 0 574 4091 2127 2128 4092
8447 3 2 0 574 2035 4092 4093 2036
8448 3 2 0 574 4092 2128 2129 4093
8449 3 2 0 574 2036 4093 2118 277
8450 3 2 0 574 4093 2129 285 2118
8451 3 2 0 575 263 2049 4094 1979
8452 3 2 0 575 1979 4094 2131 269
8453 3 2 0 575 2049 2050 4095 4094
8454 3 2 0 575 4094 4095 2132 2131
8455 3 2 0 575 2050 2051 4096 4095
8456 3 2 0 575 4095 4096 2133 2132
8457 3 2 0 575 2051 2052 4097 4096
8458 3 2 0 575 4096 4097 2134 2133
8459 3 2 0 575 2052 2053 4098 4097
8460 3 2 0 575 4097 4098 2135 2134
8461 3 2 0 575 2053 2054 4099 4098
8462 3 2 0 575 4098 4099 2136 2135
8463 3 2 0 575 2054 2055 4100 4099
8464 3 2 0 575 4099 4100 2137 2136
8465 3 2 0 575 2055 2056 4101 4100
8466 3 2 0 575 4100 4101 2138 2137
8467 3 2 0 575 2056 2057 4102 4101
8468 3 2 0 575 4101 4102 2139 2138
8469 3 2 0 575 2057 2058 4103 4102
8470 3 2 0 575 4102 4103 2140 2139
8471 3 2 0 575 2058 2059 4104 4103
8472 3 2 0 575 4103 4104 2141 2140
8473 3 2 0 575 2059 279 2130 4104
8474 3 2 0 575 4104 2130 286 2141
8475 3 2 0 576 268 269 2131 2119
8476 3 2 0 576 2119 2131 2132 2120
8477 3 2 0 576 2120 2132 2133 2121
8478 3 2 0 576 2121 2133 2134 2122
8479 3 2 0 576 2122 2134 2135 2123
8480 3 2 0 576 2123 2135 2136 2124
8481 3 2 0 576 2124 2136 2137 2125
8482 3 2 0 576 2125 2137 2138 2126
8483 3 2 0 576 2126 2138 2139 2127
8484 3 2 0 576 2127 2139 2140 2128
8485 3 2 0 576 2128 2140 2141 2129
8486 3 2 0 576 2129 2141 286 285
8487 3 2 0 577 277 2118 2130 279
8488 3 2 0 577 2118 285 286 2130
8489 3 2 0 578 265 2072 4105 1984
8490 3 2 0 578 1984 4105 2143 270
8491 3 2 0 578 2072 2073 4106 4105
8492 3 2 0 578 4105 4106 2144 2143
8493 3 2 0 578 2073 2074 4107 4106
8494 3 2 0 578 4106 4107 2145 2144
8495 3 2 0 578 2074 2075 4108 4107
8496 3 2 0 578 4107 4108 2146 2145
8497 3 2 0 578 2075 2076 4109 4108
8498 3 2 0 578 4108 4109 2147 2146
8499 3 2 0 578 2076 2077 4110 4109
8500 3 2 0 578 4109 4110 2148 2147
8501 3 2 0 578 2077 2078 4111 4110
8502 3 2 0 578 4110 4111 2149 2148
8503 3 2 0 578 2078 2079 4112 4111
8504 3 2 0 578 4111 4112 2150 2149
8505 3 2 0 578 2079 2080 4113 4112
8506 3 2 0 578 4112 4113 2151 2150
8507 3 2 0 578 2080 2081 4114 4113
8508 3 2 0 578 4113 4114 2152 2151
8509 3 2 0 578 2081 2082 4115 4114
8510 3 2 0 578 4114 4115 2153 2152
8511 3 2 0 578 2082 281 2142 4115
8512 3 2 0 578 4115 2142 287 2153
8513 3 2 0 579 269 270 2143 2131
8514 3 2 0 579 2131 2143 2144 2132
8515 3 2 0 579 2132 2144 2145 2133
8516 3 2 0 579 2133 2145 2146 2134
8517 3 2 0 579 2134 2146 2147 2135
8518 3 2 0 579 2135 2147 2148 2136
8519 3 2 0 579 2136 2148 2149 2137
8520 3 2 0 579 2137 2149 2150 2138
8521 3 2 0 579 2138 2150 2151 2139
8522 3 2 0 579 2139 2151 2152 2140
8523 3 2 0 579 2140 2152 2153 2141
8524 3 2 0 579 2141 2153 287 286
8525 3 2 0 580 279 2130 2142 281
8526 3 2 0 580 2130 286 287 2142
8527 3 2 0 581 267 2095 4116 1989
8528 3 2 0 581 1989 4116 2155 271
8529 3 2 0 581 2095 2096 4117 4116
8530 3 2 0 581 4116 4117 2156 2155
8531 3 2 0 581 2096 2097 4118 4117
8532 3 2 0 581 4117 4118 2157 2156
8533 3 2 0 581 2097 2098 4119 4118
8534 3 2 0 581 4118 4119 2158 2157
8535 3 2 0 581 2098 2099 4120 4119
8536 3 2 0 581 4119 4120 2159 2158
8537 3 2 0 581 2099 2100 4121 4120
8538 3 2 0 581 4120 4121 2160 2159
8539 3 2 0 581 2100 2101 4122 4121
8540 3 2 0 581 4121 4122 2161 2160
8541 3 2 0 581 2101 2102 4123 4122
8542 3 2 0 581 4122 4123 2162 2161
8543 3 2 0 581 2102 2103 4124 4123
8544 3 2 0 581 4123 4124 2163 2162
8545 3 2 0 581 2103 2104 4125 4124
8546 3 2 0 581 4124 4125 2164 2163
8547 3 2 0 581 2104 2105 4126 4125
8548 3 2 0 581 4125 4126 2165 2164
8549 3 2 0 581 2105 283 2154 4126
8550 3 2 0 581 4126 2154 288 2165
8551 3 2 0 582 270 271 2155 2143
8552 3 2 0 582 2143 2155 2156 2144
8553 3 2 0 582 2144 2156 2157 2145
8554 3 2 0 582 2145 2157 2158 2146
8555 3 2 0 582 2146 2158 2159 2147
8556 3 2 0 582 2147 2159 2160 2148
8557 3 2 0 582 2148 2160 2161 2149
8558 3 2 0 582 2149 2161 2162 2150
8559 3 2 0 582 2150 2162 2163 2151
8560 3 2 0 582 2151 2163 2164 2152
8561 3 2 0 582 2152 2164 2165 2153
8562 3 2 0 582 2153 2165 288 287
8563 3 2 0 583 281 2142 2154 283
8564 3 2 0 583 2142 287 288 2154
8565 3 2 0 584 271 90 1324 2155
8566 3 2 0 584 2155 1324 1325 2156
8567 3 2 0 584 2156 1325 1326 2157
8568 3 2 0 584 2157 1326 1327 2158
8569 3 2 0 584 2158 1327 1328 2159
8570 3 2 0 584 2159 1328 1329 2160
8571 3 2 0 584 2160 1329 1330 2161
8572 3 2 0 584 2161 1330 1331 2162
8573 3 2 0 584 2162 1331 1332 2163
8574 3 2 0 584 2163 1332 1333 2164
8575 3 2 0 584 2164 1333 1334 2165
8576 3 2 0 584 2165 1334 113 288
8577 3 2 0 585 283 2154 1323 112
8578 3 2 0 585 2154 288 113 1323
8579 3 2 0 586 268 1994 4127 2119
8580 3 2 0 586 1994 272 2167 4127
8581 3 2 0 586 2119 4127 4128 2120
8582 3 2 0 586 4127 2167 2168 4128
8583 3 2 0 586 2120 4128 4129 2121
8584 3 2 0 586 4128 2168 2169 4129
8585 3 2 0 586 2121 4129 4130 2122
8586 3 2 0 586 4129 2169 2170 4130
8587 3 2 0 586 2122 4130 4131 2123
8588 3 2 0 586 4130 2170 2171 4131
8589 3 2 0 586 2123 4131 4132 2124
8590 3 2 0 586 4131 2171 2172 4132
8591 3 2 0 586 2124 4132 4133 2125
8592 3 2 0 586 4132 2172 2173 4133
8593 3 2 0 586 2125 4133 4134 2126
8594 3 2 0 586 4133 2173 2174 4134
8595 3 2 0 586 2126 4134 4135 2127
8596 3 2 0 586 4134 2174 2175 4135
8597 3 2 0 586 2127 4135 4136 2128
8598 3 2 0 586 4135 2175 2176 4136
8599 3 2 0 586 2128 4136 4137 2129
8600 3 2 0 586 4136 2176 2177 4137
8601 3 2 0 586 2129 4137 2166 285
8602 3 2 0 586 4137 2177 289 2166
8603 3 2 0 587 269 2131 4138 1999
8604 3 2 0 587 1999 4138 2179 273
8605 3 2 0 587 2131 2132 4139 4138
8606 3 2 0 587 4138 4139 2180 2179
8607 3 2 0 587 2132 2133 4140 4139
8608 3 2 0 587 4139 4140 2181 2180
8609 3 2 0 587 2133 2134 4141 4140
8610 3 2 0 587 4140 4141 2182 2181
8611 3 2 0 587 2134 2135 4142 4141
8612 3 2 0 587 4141 4142 2183 2182
8613 3 2 0 587 2135 2136 4143 4142
8614 3 2 0 587 4142 4143 2184 2183
8615 3 2 0 587 2136 2137 4144 4143
8616 3 2 0 587 4143 4144 2185 2184
8617 3 2 0 587 2137 2138 4145 4144
8618 3 2 0 587 4144 4145 2186 2185
8619 3 2 0 587 2138 2139 4146 4145
8620 3 2 0 587 4145 4146 2187 2186
8621 3 2 0 587 2139 2140 4147 4146
8622 3 2 0 587 4146 4147 2188 2187
8623 3 2 0 587 2140 2141 4148 4147
8624 3 2 0 587 4147 4148 2189 2188
8625 3 2 0 587 2141 286 2178 4148
8626 3 2 0 587 4148 2178 290 2189
8627 3 2 0 588 272 273 2179 2167
8628 3 2 0 588 2167 2179 2180 2168
8629 3 2 0 588 2168 2180 2181 2169
8630 3 2 0 588 2169 2181 2182 2170
8631 3 2 0 588 2170 2182 2183 2171
8632 3 2 0 588 2171 2183 2184 2172
8633 3 2 0 588 2172 2184 2185 2173
8634 3 2 0 588 2173 2185 2186 2174
8635 3 2 0 588 2174 2186 2187 2175
8636 3 2 0 588 2175 2187 2188 2176
8637 3 2 0 588 2176 2188 2189 2177
8638 3 2 0 588 2177 2189 290 289
8639 3 2 0 589 285 2166 2178 286
8640 3 2 0 589 2166 289 290 2178
8641 3 2 0 590 270 2143 4149 2004
8642 3 2 0 590 2004 4149 2191 274
8643 3 2 0 590 2143 2144 4150 4149
8644 3 2 0 590 4149 4150 2192 2191
8645 3 2 0 590 2144 2145 4151 4150
8646 3 2 0 590 4150 4151 2193 2192
8647 3 2 0 590 2145 2146 4152 4151
8648 3 2 0 590 4151 4152 2194 2193
8649 3 2 0 590 2146 2147 4153 4152
8650 3 2 0 590 4152 4153 2195 2194
8651 3 2 0 590 2147 2148 4154 4153
8652 3 2 0 590 4153 4154 2196 2195
8653 3 2 0 590 2148 2149 4155 4154
8654 3 2 0 590 4154 4155 2197 2196
8655 3 2 0 590 2149 2150 4156 4155
8656 3 2 0 590 4155 4156 2198 2197
8657 3 2 0 590 2150 2151 4157 4156
8658 3 2 0 590 4156 4157 2199 2198
8659 3 2 0 590 2151 2152 4158 4157
8660 3 2 0 590 4157 4158 2200 2199
8661 3 2 0 590 2152 2153 4159 4158
8662 3 2 0 590 4158 4159 2201 2200
8663 3 2 0 590 2153 287 2190 4159
8664 3 2 0 590 4159 2190 291 2201
8665 3 2 0 591 273 274 2191 2179
8666 3 2 0 591 2179 2191 2192 2180
8667 3 2 0 591 2180 2192 2193 2181
8668 3 2 0 591 2181 2193 2194 2182
8669 3 2 0 591 2182 2194 2195 2183
8670 3 2 0 591 2183 2195 2196 2184
8671 3 2 0 591 2184 2196 2197 2185
8672 3 2 0 591 2185 2197 2198 2186
8673 3 2 0 591 2186 2198 2199 2187
8674 3 2 0 591 2187 2199 2200 2188
8675 3 2 0 591 2188 2200 2201 2189
8676 3 2 0 591 2189 2201 291 290
8677 3 2 0 592 286 2178 2190 287
8678 3 2 0 592 2178 290 291 2190
8679 3 2 0 593 271 2155 4160 2009
8680 3 2 0 593 2009 4160 2203 275
8681 3 2 0 593 2155 2156 4161 4160
8682 3 2 0 593 4160 4161 2204 2203
8683 3 2 0 593 2156 2157 4162 4161
8684 3 2 0 593 4161 4162 2205 2204
8685 3 2 0 593 2157 2158 4163 4162
8686 3 2 0 593 4162 4163 2206 2205
8687 3 2 0 593 2158 2159 4164 4163
8688 3 2 0 593 4163 4164 2207 2206
8689 3 2 0 593 2159 2160 4165 4164
8690 3 2 0 593 4164 4165 2208 2207
8691 3 2 0 593 2160 2161 4166 4165
8692 3 2 0 593 4165 4166 2209 2208
8693 3 2 0 593 2161 2162 4167 4166
8694 3 2 0 593 4166 4167 2210 2209
8695 3 2 0 593 2162 2163 4168 4167
8696 3 2 0 593 4167 4168 2211 2210
8697 3 2 0 593 2163 2164 4169 4168
8698 3 2 0 593 4168 4169 2212 2211
8699 3 2 0 593 2164 2165 4170 4169
8700 3 2 0 593 4169 4170 2213 2212
8701 3 2 0 593 2165 288 2202 4170
8702 3 2 0 593 4170 2202 292 2213
8703 3 2 0 594 274 275 2203 2191
8704 3 2 0 594 2191 2203 2204 2192
8705 3 2 0 594 2192 2204 2205 2193
8706 3 2 0 594 2193 2205 2206 2194
8707 3 2 0 594 2194 2206 2207 2195
8708 3 2 0 594 2195 2207 2208 2196
8709 3 2 0 594 2196 2208 2209 2197
8710 3 2 0 594 2197 2209 2210 2198
8711 3 2 0 594 2198 2210 2211 2199
8712 3 2 0 594 2199 2211 2212 2200
8713 3 2 0 594 2200 2212 2213 2201
8714 3 2 0 594 2201 2213 292 291
8715 3 2 0 595 287 2190 2202 288
8716 3 2 0 595 2190 291 292 2202
8717 3 2 0 596 275 96 1406 2203
8718 3 2 0 596 2203 1406 1407 2204
8719 3 2 0 596 2204 1407 1408 2205
8720 3 2 0 596 2205 1408 1409 2206
8721 3 2 0 596 2206 1409 1410 2207
8722 3 2 0 596 2207 1410 1411 2208
8723 3 2 0 596 2208 1411 1412 2209
8724 3 2 0 596 2209 1412 1413 2210
8725 3 2 0 596 2210 1413 1414 2211
8726 3 2 0 596 2211 1414 1415 2212
8727 3 2 0 596 2212 1415 1416 2213
8728 3 2 0 596 2213 1416 119 292
8729 3 2 0 597 288 2202 1405 113
8730 3 2 0 597 2202 292 119 1405
8731 3 2 0 598 276 2025 2214 293
8732 3 2 0 598 2025 277 294 2214
8733 3 2 0 599 278 295 2215 2048
8734 3 2 0 599 2048 2215 296 279
8735 3 2 0 600 276 293 295 278
8736 3 2 0 601 277 279 296 294
8737 3 2 0 602 293 2214 2215 295
8738 3 2 0 602 2214 294 296 2215
8739 3 2 0 603 280 297 2216 2071
8740 3 2 0 603 2071 2216 298 281
8741 3 2 0 604 278 295 297 280
8742 3 2 0 605 279 281 298 296
8743 3 2 0 606 295 2215 2216 297
8744 3 2 0 606 2215 296 298 2216
8745 3 2 0 607 282 299 2217 2094
8746 3 2 0 607 2094 2217 300 283
8747 3 2 0 608 280 297 299 282
8748 3 2 0 609 281 283 300 298
8749 3 2 0 610 297 2216 2217 299
8750 3 2 0 610 2216 298 300 2217
8751 3 2 0 611 284 301 2218 2117
8752 3 2 0 611 2117 2218 135 112
8753 3 2 0 612 282 299 301 284
8754 3 2 0 613 283 112 135 300
8755 3 2 0 614 299 2217 2218 301
8756 3 2 0 614 2217 300 135 2218
8757 3 2 0 615 277 2118 2219 294
8758 3 2 0 615 2118 285 302 2219
8759 3 2 0 616 279 296 2220 2130
8760 3 2 0 616 2130 2220 303 286
8761 3 2 0 617 285 286 303 302
8762 3 2 0 618 294 2219 2220 296
8763 3 2 0 618 2219 302 303 2220
8764 3 2 0 619 281 298 2221 2142
8765 3 2 0 619 2142 2221 304 287
8766 3 2 0 620 286 287 304 303
8767 3 2 0 621 296 2220 2221 298
8768 3 2 0 621 2220 303 304 2221
8769 3 2 0 622 283 300 2222 2154
8770 3 2 0 622 2154 2222 305 288
8771 3 2 0 623 287 288 305 304
8772 3 2 0 624 298 2221 2222 300
8773 3 2 0 624 2221 304 305 2222
8774 3 2 0 625 288 113 136 305
8775 3 2 0 626 300 2222 1432 135
8776 3 2 0 626 2222 305 136 1432
8777 3 2 0 627 285 2166 2223 302
8778 3 2 0 627 2166 289 306 2223
8779 3 2 0 628 286 303 2224 2178
8780 3 2 0 628 2178 2224 307 290
8781 3 2 0 629 289 290 307 306
8782 3 2 0 630 302 2223 2224 303
8783 3 2 0 630 2223 306 307 2224
8784 3 2 0 631 287 304 2225 2190
8785 3 2 0 631 2190 2225 308 291
8786 3 2 0 632 290 291 308 307
8787 3 2 0 633 303 2224 2225 304
8788 3 2 0 633 2224 307 308 2225
8789 3 2 0 634 288 305 2226 2202
8790 3 2 0 634 2202 2226 309 292
8791 3 2 0 635 291 292 309 308
8792 3 2 0 636 304 2225 2226 305
8793 3 2 0 636 2225 308 309 2226
8794 3 2 0 637 292 119 142 309
8795 3 2 0 638 305 2226 1448 136
8796 3 2 0 638 2226 309 142 1448
8797 3 2 0 639 293 2214 2227 310
8798 3 2 0 639 2214 294 311 2227
8799 3 2 0 640 295 312 2228 2215
8800 3 2 0 640 2215 2228 313 296
8801 3 2 0 641 293 310 312 295
8802 3 2 0 642 294 296 313 311
8803 3 2 0 643 310 2227 2228 312
8804 3 2 0 643 2227 311 313 2228
8805 3 2 0 644 297 314 2229 2216
8806 3 2 0 644 2216 2229 315 298
8807 3 2 0 645 295 312 314 297
8808 3 2 0 646 296 298 315 313
8809 3 2 0 647 312 2228 2229 314
8810 3 2 0 647 2228 313 315 2229
8811 3 2 0 648 299 316 2230 2217
8812 3 2 0 648 2217 2230 317 300
8813 3 2 0 649 297 314 316 299
8814 3 2 0 650 298 300 317 315
8815 3 2 0 651 314 2229 2230 316
8816 3 2 0 651 2229 315 317 2230
8817 3 2 0 652 301 318 2231 2218
8818 3 2 0 652 2218 2231 158 135
8819 3 2 0 653 299 316 318 301
8820 3 2 0 654 300 135 158 317
8821 3 2 0 655 316 2230 2231 318
8822 3 2 0 655 2230 317 158 2231
8823 3 2 0 656 294 2219 2232 311
8824 3 2 0 656 2219 302 319 2232
8825 3 2 0 657 296 313 2233 2220
8826 3 2 0 657 2220 2233 320 303
8827 3 2 0 658 302 303 320 319
8828 3 2 0 659 311 2232 2233 313
8829 3 2 0 659 2232 319 320 2233
8830 3 2 0 660 298 315 2234 2221
8831 3 2 0 660 2221 2234 321 304
8832 3 2 0 661 303 304 321 320
8833 3 2 0 662 313 2233 2234 315
8834 3 2 0 662 2233 320 321 2234
8835 3 2 0 663 300 317 2235 2222
8836 3 2 0 663 2222 2235 322 305
8837 3 2 0 664 304 305 322 321
8838 3 2 0 665 315 2234 2235 317
8839 3 2 0 665 2234 321 322 2235
8840 3 2 0 666 305 136 159 322
8841 3 2 0 667 317 2235 1464 158
8842 3 2 0 667 2235 322 159 1464
8843 3 2 0 668 302 2223 2236 319
8844 3 2 0 668 2223 306 323 2236
8845 3 2 0 669 303 320 2237 2224
8846 3 2 0 669 2224 2237 324 307
8847 3 2 0 670 306 307 324 323
8848 3 2 0 671 319 2236 2237 320
8849 3 2 0 671 2236 323 324 2237
8850 3 2 0 672 304 321 2238 2225
8851 3 2 0 672 2225 2238 325 308
8852 3 2 0 673 307 308 325 324
8853 3 2 0 674 320 2237 2238 321
8854 3 2 0 674 2237 324 325 2238
8855 3 2 0 675 305 322 2239 2226
8856 3 2 0 675 2226 2239 326 309
8857 3 2 0 676 308 309 326 325
8858 3 2 0 677 321 2238 2239 322
8859 3 2 0 677 2238 325 326 2239
8860 3 2 0 678 309 142 165 326
8861 3 2 0 679 322 2239 1480 159
8862 3 2 0 679 2239 326 165 1480
8863 3 2 0 680 310 2227 2240 327
8864 3 2 0 680 2227 311 328 2240
8865 3 2 0 681 312 329 2241 2228
8866 3 2 0 681 2228 2241 330 313
8867 3 2 0 682 310 327 329 312
8868 3 2 0 683 311 313 330 328
8869 3 2 0 684 327 2240 2241 329
8870 3 2 0 684 2240 328 330 2241
8871 3 2 0 685 314 331 2242 2229
8872 3 2 0 685 2229 2242 332 315
8873 3 2 0 686 312 329 331 314
8874 3 2 0 687 313 315 332 330
8875 3 2 0 688 329 2241 2242 331
8876 3 2 0 688 2241 330 332 2242
8877 3 2 0 689 316 333 2243 2230
8878 3 2 0 689 2230 2243 334 317
8879 3 2 0 690 314 331 333 316
8880 3 2 0 691 315 317 334 332
8881 3 2 0 692 331 2242 2243 333
8882 3 2 0 692 2242 332 334 2243
8883 3 2 0 693 318 335 2244 2231
8884 3 2 0 693 2231 2244 181 158
8885 3 2 0 694 316 333 335 318
8886 3 2 0 695 317 158 181 334
8887 3 2 0 696 333 2243 2244 335
8888 3 2 0 696 2243 334 181 2244
8889 3 2 0 697 311 2232 2245 328
8890 3 2 0 697 2232 319 336 2245
8891 3 2 0 698 313 330 2246 2233
8892 3 2 0 698 2233 2246 337 320
8893 3 2 0 699 319 320 337 336
8894 3 2 0 700 328 2245 2246 330
8895 3 2 0 700 2245 336 337 2246
8896 3 2 0 701 315 332 2247 2234
8897 3 2 0 701 2234 2247 338 321
8898 3 2 0 702 320 321 338 337
8899 3 2 0 703 330 2246 2247 332
8900 3 2 0 703 2246 337 338 2247
8901 3 2 0 704 317 334 2248 2235
8902 3 2 0 704 2235 2248 339 322
8903 3 2 0 705 321 322 339 338
8904 3 2 0 706 332 2247 2248 334
8905 3 2 0 706 2247 338 339 2248
8906 3 2 0 707 322 159 182 339
8907 3 2 0 708 334 2248 1496 181
8908 3 2 0 708 2248 339 182 1496
8909 3 2 0 709 319 2236 2249 336
8910 3 2 0 709 2236 323 340 2249
8911 3 2 0 710 320 337 2250 2237
8912 3 2 0 710 2237 2250 341 324
8913 3 2 0 711 323 324 341 340
8914 3 2 0 712 336 2249 2250 337
8915 3 2 0 712 2249 340 341 2250
8916 3 2 0 713 321 338 2251 2238
8917 3 2 0 713 2238 2251 342 325
8918 3 2 0 714 324 325 342 341
8919 3 2 0 715 337 2250 2251 338
8920 3 2 0 715 2250 341 342 2251
8921 3 2 0 716 322 339 2252 2239
8922 3 2 0 716 2239 2252 343 326
8923 3 2 0 717 325 326 343 342
8924 3 2 0 718 338 2251 2252 339
8925 3 2 0 718 2251 342 343 2252
8926 3 2 0 719 326 165 188 343
8927 3 2 0 720 339 2252 1512 182
8928 3 2 0 720 2252 343 188 1512
8929 3 2 0 721 327 2240 2253 344
8930 3 2 0 721 2240 328 345 2253
8931 3 2 0 722 329 346 2254 2241
8932 3 2 0 722 2241 2254 347 330
8933 3 2 0 723 327 344 346 329
8934 3 2 0 724 328 330 347 345
8935 3 2 0 725 344 2253 2254 346
8936 3 2 0 725 2253 345 347 2254
8937 3 2 0 726 331 348 2255 2242
8938 3 2 0 726 2242 2255 349 332
8939 3 2 0 727 329 346 348 331
8940 3 2 0 728 330 332 349 347
8941 3 2 0 729 346 2254 2255 348
8942 3 2 0 729 2254 347 349 2255
8943 3 2 0 730 333 350 2256 2243
8944 3 2 0 730 2243 2256 351 334
8945 3 2 0 731 331 348 350 333
8946 3 2 0 732 332 334 351 349
8947 3 2 0 733 348 2255 2256 350
8948 3 2 0 733 2255 349 351 2256
8949 3 2 0 734 335 352 2257 2244
8950 3 2 0 734 2244 2257 204 181
8951 3 2 0 735 333 350 352 335
8952 3 2 0 736 334 181 204 351
8953 3 2 0 737 350 2256 2257 352
8954 3 2 0 737 2256 351 204 2257
8955 3 2 0 738 328 2245 2258 345
8956 3 2 0 738 2245 336 353 2258
8957 3 2 0 739 330 347 2259 2246
8958 3 2 0 739 2246 2259 354 337
8959 3 2 0 740 336 337 354 353
8960 3 2 0 741 345 2258 2259 347
8961 3 2 0 741 2258 353 354 2259
8962 3 2 0 742 332 349 2260 2247
8963 3 2 0 742 2247 2260 355 338
8964 3 2 0 743 337 338 355 354
8965 3 2 0 744 347 2259 2260 349
8966 3 2 0 744 2259 354 355 2260
8967 3 2 0 745 334 351 2261 2248
8968 3 2 0 745 2248 2261 356 339
8969 3 2 0 746 338 339 356 355
8970 3 2 0 747 349 2260 2261 351
8971 3 2 0 747 2260 355 356 2261
8972 3 2 0 748 339 182 205 356
8973 3 2 0 749 351 2261 1528 204
8974 3 2 0 749 2261 356 205 1528
8975 3 2 0 750 336 2249 2262 353
8976 3 2 0 750 2249 340 357 2262
8977 3 2 0 751 337 354 2263 2250
8978 3 2 0 751 2250 2263 358 341
8979 3 2 0 752 340 341 358 357
8980 3 2 0 753 353 2262 2263 354
8981 3 2 0 753 2262 357 358 2263
8982 3 2 0 754 338 355 2264 2251
8983 3 2 0 754 2251 2264 359 342
8984 3 2 0 755 341 342 359 358
8985 3 2 0 756 354 2263 2264 355
8986 3 2 0 756 2263 358 359 2264
8987 3 2 0 757 339 356 2265 2252
8988 3 2 0 757 2252 2265 360 343
8989 3 2 0 758 342 343 360 359
8990 3 2 0 759 355 2264 2265 356
8991 3 2 0 759 2264 359 360 2265
8992 3 2 0 760 343 188 211 360
8993 3 2 0 761 356 2265 1544 205
8994 3 2 0 761 2265 360 211 1544
8995 5 2 0 1 2266 361 1 384 2277 385 5 408
8996 5 2 0 1 373 2266 384 4 397 2277 408 8
8997 5 2 0 1 2267 362 361 2266 2278 386 385 2277
8998 5 2 0 1 374 2267 2266 373 398 2278 2277 397
8999 5 2 0 1 2268 363 362 2267 2279 387 386 2278
9000 5 2 0 1 375 2268 2267 374 399 2279 2278 398
9001 5 2 0 1 2269 364 363 2268 2280 388 387 2279
9002 5 2 0 1 376 2269 2268 375 400 2280 2279 399
9003 5 2 0 1 2270 365 364 2269 2281 389 388 2280
9004 5 2 0 1 377 2270 2269 376 401 2281 2280 400
9005 5 2 0 1 2271 366 365 2270 2282 390 389 2281
9006 5 2 0 1 378 2271 2270 377 402 2282 2281 401
9007 5 2 0 1 2272 367 366 2271 2283 391 390 2282
9008 5 2 0 1 379 2272 2271 378 403 2283 2282 402
9009 5 2 0 1 2273 368 367 2272 2284 392 391 2283
9010 5 2 0 1 380 2273 2272 379 404 2284 2283 403
9011 5 2 0 1 2274 369 368 2273 2285 393 392 2284
9012 5 2 0 1 381 2274 2273 380 405 2285 2284 404
9013 5 2 0 1 2275 370 369 2274 2286 394 393 2285
9014 5 2 0 1 382 2275 2274 381 406 2286 2285 405
9015 5 2 0 1 2276 371 370 2275 2287 395 394 2286
9016 5 2 0 1 383 2276 2275 382 407 2287 2286 406
9017 5 2 0 1 372 2 371 2276 396 6 395 2287
9018 5 2 0 1 3 372 2276 383 7 396 2287 407
9019 5 2 0 2 2277 385 5 408 2288 409 9 432
9020 5 2 0 2 397 2277 408 8 421 2288 432 12
9021 5 2 0 2 2278 386 385 2277 2289 410 409 2288
9022 5 2 0 2 398 2278 2277 397 422 2289 2288 421
9023 5 2 0 2 2279 387 386 2278 2290 411 410 2289
9024 5 2 0 2 399 2279 2278 398 423 2290 2289 422
9025 5 2 0 2 2280 388 387 2279 2291 412 411 2290
9026 5 2 0 2 400 2280 2279 399 424 2291 2290 423
9027 5 2 0 2 2281 389 388 2280 2292 413 412 2291
9028 5 2 0 2 401 2281 2280 400 425 2292 2291 424
9029 5 2 0 2 2282 390 389 2281 2293 414 413 2292
9030 5 2 0 2 402 2282 2281 401 426 2293 2292 425
9031 5 2 0 2 2283 391 390 2282 2294 415 414 2293
9032 5 2 0 2 403 2283 2282 402 427 2294 2293 426
9033 5 2 0 2 2284 392 391 2283 2295 416 415 2294
9034 5 2 0 2 404 2284 2283 403 428 2295 2294 427
9035 5 2 0 2 2285 393 392 2284 2296 417 416 2295
9036 5 2 0 2 405 2285 2284 404 429 2296 2295 428
9037 5 2 0 2 2286 394 393 2285 2297 418 417 2296
9038 5 2 0 2 406 2286 2285 405 430 2297 2296 429
9039 5 2 0 2 2287 395 394 2286 2298 419 418 2297
9040 5 2 0 2 407 2287 2286 406 431 2298 2297 430
9041 5 2 0 2 396 6 395 2287 420 10 419 2298
9042 5 2 0 2 7 396 2287 407 11 420 2298 431
9043 5 2 0 3 2288 409 9 432 2299 433 13 456
9044 5 2 0 3 421 2288 432 12 445 2299 456 16
9045 5 2 0 3 2289 410 409 2288 2300 434 433 2299
9046 5 2 0 3 422 2289 2288 421 446 2300 2299 445
9047 5 2 0 3 2290 411 410 2289 2301 435 434 2300
9048 5 2 0 3 423 2290 2289 422 447 2301 2300 446
9049 5 2 0 3 2291 412 411 2290 2302 436 435 2301
9050 5 2 0 3 424 2291 2290 423 448 2302 2301 447
9051 5 2 0 3 2292 413 412 2291 2303 437 436 2302
9052 5 2 0 3 425 2292 2291 424 449 2303 2302 448
9053 5 2 0 3 2293 414 413 2292 2304 438 437 2303
9054 5 2 0 3 426 2293 2292 425 450 2304 2303 449
9055 5 2 0 3 2294 415 414 2293 2305 439 438 2304
9056 5 2 0 3 427 2294 2293 426 451 2305 2304 450
9057 5 2 0 3 2295 416 415 2294 2306 440 439 2305
9058 5 2 0 3 428 2295 2294 427 452 2306 2305 451
9059 5 2 0 3 2296 417 416 2295 2307 441 440 2306
9060 5 2 0 3 429 2296 2295 428 453 2307 2306 452
9061 5 2 0 3 2297 418 417 2296 2308 442 441 2307
9062 5 2 0 3 430 2297 2296 429 454 2308 2307 453
9063 5 2 0 3 2298 419 418 2297 2309 443 442 2308
9064 5 2 0 3 431 2298 2297 430 455 2309 2308 454
9065 5 2 0 3 420 10 419 2298 444 14 443 2309
9066 5 2 0 3 11 420 2298 431 15 444 2309 455
9067 5 2 0 4 2299 433 13 456 2310 457 17 480
9068 5 2 0 4 445 2299 456 16 469 2310 480 20
9069 5 2 0 4 2300 434 433 2299 2311 458 457 2310
9070 5 2 0 4 446 2300 2299 445 470 2311 2310 469
9071 5 2 0 4 2301 435 434 2300 2312 459 458 2311
9072 5 2 0 4 447 2301 2300 446 471 2312 2311 470
9073 5 2 0 4 2302 436 435 2301 2313 460 459 2312
9074 5 2 0 4 448 2302 2301 447 472 2313 2312 471
9075 5 2 0 4 2303 437 436 2302 2314 461 460 2313
9076 5 2 0 4 449 2303 2302 448 473 2314 2313 472
9077 5 2 0 4 2304 438 437 2303 2315 462 461 2314
9078 5 2 0 4 450 2304 2303 449 474 2315 2314 473
9079 5 2 0 4 2305 439 438 2304 2316 463 462 2315
9080 5 2 0 4 451 2305 2304 450 475 2316 2315 474
9081 5 2 0 4 2306 440 439 2305 2317 464 463 2316
9082 5 2 0 4 452 2306 2305 451 476 2317 2316 475
9083 5 2 0 4 2307 441 440 2306 2318 465 464 2317
9084 5 2 0 4 453 2307 2306 452 477 2318 2317 476
9085 5 2 0 4 2308 442 441 2307 2319 466 465 2318
9086 5 2 0 4 454 2308 2307 453 478 2319 2318 477
9087 5 2 0 4 2309 443 442 2308 2320 467 466 2319
9088 5 2 0 4 455 2309 2308 454 479 2320 2319 478
9089 5 2 0 4 444 14 443 2309 468 18 467 2320
9090 5 2 0 4 15 444 2309 455 19 468 2320 479
9091 5 2 0 5 2310 457 17 480 4171 2332 505 2442
9092 5 2 0 5 4171 2332 505 2442 4172 2343 506 2443
9093 5 2 0 5 4172 2343 506 2443 4173 2354 507 2444
9094 5 2 0 5 4173 2354 507 2444 4174 2365 508 2445
9095 5 2 0 5 4174 2365 508 2445 4175 2376 509 2446
9096 5 2 0 5 4175 2376 509 2446 2321 481 21 504
9097 5 2 0 5 469 2310 480 20 2387 4171 2442 515
9098 5 2 0 5 2387 4171 2442 515 2398 4172 2443 516
9099 5 2 0 5 2398 4172 2443 516 2409 4173 2444 517
9100 5 2 0 5 2409 4173 2444 517 2420 4174 2445 518
9101 5 2 0 5 2420 4174 2445 518 2431 4175 2446 519
9102 5 2 0 5 2431 4175 2446 519 493 2321 504 24
9103 5 2 0 5 2311 458 457 2310 4176 2333 2332 4171
9104 5 2 0 5 4176 2333 2332 4171 4177 2344 2343 4172
9105 5 2 0 5 4177 2344 2343 4172 4178 2355 2354 4173
9106 5 2 0 5 4178 2355 2354 4173 4179 2366 2365 4174
9107 5 2 0 5 4179 2366 2365 4174 4180 2377 2376 4175
9108 5 2 0 5 4180 2377 2376 4175 2322 482 481 2321
9109 5 2 0 5 470 2311 2310 469 2388 4176 4171 2387
9110 5 2 0 5 2388 4176 4171 2387 2399 4177 4172 2398
9111 5 2 0 5 2399 4177 4172 2398 2410 4178 4173 2409
9112 5 2 0 5 2410 4178 4173 2409 2421 4179 4174 2420
9113 5 2 0 5 2421 4179 4174 2420 2432 4180 4175 2431
9114 5 2 0 5 2432 4180 4175 2431 494 2322 2321 493
9115 5 2 0 5 2312 459 458 2311 4181 2334 2333 4176
9116 5 2 0 5 4181 2334 2333 4176 4182 2345 2344 4177
9117 5 2 0 5 4182 2345 2344 4177 4183 2356 2355 4178
9118 5 2 0 5 4183 2356 2355 4178 4184 2367 2366 4179
9119 5 2 0 5 4184 2367 2366 4179 4185 2378 2377 4180
9120 5 2 0 5 4185 2378 2377 4180 2323 483 482 2322
9121 5 2 0 5 471 2312 2311 470 2389 4181 4176 2388
9122 5 2 0 5 2389 4181 4176 2388 2400 4182 4177 2399
9123 5 2 0 5 2400 4182 4177 2399 2411 4183 4178 2410
9124 5 2 0 5 2411 4183 4178 2410 2422 4184 4179 2421
9125 5 2 0 5 2422 4184 4179 2421 2433 4185 4180 2432
9126 5 2 0 5 2433 4185 4180 2432 495 2323 2322 494
9127 5 2 0 5 2313 460 459 2312 4186 2335 2334 4181
9128 5 2 0 5 4186 2335 2334 4181 4187 2346 2345 4182
9129 5 2 0 5 4187 2346 2345 4182 4188 2357 2356 4183
9130 5 2 0 5 4188 2357 2356 4183 4189 2368 2367 4184
9131 5 2 0 5 4189 2368 2367 4184 4190 2379 2378 4185
9132 5 2 0 5 4190 2379 2378 4185 2324 484 483 2323
9133 5 2 0 5 472 2313 2312 471 2390 4186 4181 2389
9134 5 2 0 5 2390 4186 4181 2389 2401 4187 4182 2400
9135 5 2 0 5 2401 4187 4182 2400 2412 4188 4183 2411
9136 5 2 0 5 2412 4188 4183 2411 2423 4189 4184 2422
9137 5 2 0 5 2423 4189 4184 2422 2434 4190 4185 2433
9138 5 2 0 5 2434 4190 4185 2433 496 2324 2323 495
9139 5 2 0 5 2314 461 460 2313 4191 2336 2335 4186
9140 5 2 0 5 4191 2336 2335 4186 4192 2347 2346 4187
9141 5 2 0 5 4192 2347 2346 4187 4193 2358 2357 4188
9142 5 2 0 5 4193 2358 2357 4188 4194 2369 2368 4189
9143 5 2 0 5 4194 2369 2368 4189 4195 2380 2379 4190
9144 5 2 0 5 4195 2380 2379 4190 2325 485 484 2324
9145 5 2 0 5 473 2314 2313 472 2391 4191 4186 2390
9146 5 2 0 5 2391 4191 4186 2390 2402 4192 4187 2401
9147 5 2 0 5 2402 4192 4187 2401 2413 4193 4188 2412
9148 5 2 0 5 2413 4193 4188 2412 2424 4194 4189 2423
9149 5 2 0 5 2424 4194 4189 2423 2435 4195 4190 2434
9150 5 2 0 5 2435 4195 4190 2434 497 2325 2324 496
9151 5 2 0 5 2315 462 461 2314 4196 2337 2336 4191
9152 5 2 0 5 4196 2337 2336 4191 4197 2348 2347 4192
9153 5 2 0 5 4197 2348 2347 4192 4198 2359 2358 4193
9154 5 2 0 5 4198 2359 2358 4193 4199 2370 2369 4194
9155 5 2 0 5 4199 2370 2369 4194 4200 2381 2380 4195
9156 5 2 0 5 4200 2381 2380 4195 2326 486 485 2325
9157 5 2 0 5 474 2315 2314 473 2392 4196 4191 2391
9158 5 2 0 5 2392 4196 4191 2391 2403 4197 4192 2402
9159 5 2 0 5 2403 4197 4192 2402 2414 4198 4193 2413
9160 5 2 0 5 2414 4198 4193 2413 2425 4199 4194 2424
9161 5 2 0 5 2425 4199 4194 2424 2436 4200 4195 2435
9162 5 2 0 5 2436 4200 4195 2435 498 2326 2325 497
9163 5 2 0 5 2316 463 462 2315 4201 2338 2337 4196
9164 5 2 0 5 4201 2338 2337 4196 4202 2349 2348 4197
9165 5 2 0 5 4202 2349 2348 4197 4203 2360 2359 4198
9166 5 2 0 5 4203 2360 2359 4198 4204 2371 2370 4199
9167 5 2 0 5 4204 2371 2370 4199 4205 2382 2381 4200
9168 5 2 0 5 4205 2382 2381 4200 2327 487 486 2326
9169 5 2 0 5 475 2316 2315 474 2393 4201 4196 2392
9170 5 2 0 5 2393 4201 4196 2392 2404 4202 4197 2403
9171 5 2 0 5 2404 4202 4197 2403 2415 4203 4198 2414
9172 5 2 0 5 2415 4203 4198 2414 2426 4204 4199 2425
9173 5 2 0 5 2426 4204 4199 2425 2437 4205 4200 2436
9174 5 2 0 5 2437 4205 4200 2436 499 2327 2326 498
9175 5 2 0 5 2317 464 463 2316 4206 2339 2338 4201
9176 5 2 0 5 4206 2339 2338 4201 4207 2350 2349 4202
9177 5 2 0 5 4207 2350 2349 4202 4208 2361 2360 4203
9178 5 2 0 5 4208 2361 2360 4203 4209 2372 2371 4204
9179 5 2 0 5 4209 2372 2371 4204 4210 2383 2382 4205
9180 5 2 0 5 4210 2383 2382 4205 2328 488 487 2327
9181 5 2 0 5 476 2317 2316 475 2394 4206 4201 2393
9182 5 2 0 5 2394 4206 4201 2393 2405 4207 4202 2404
9183 5 2 0 5 2405 4207 4202 2404 2416 4208 4203 2415
9184 5 2 0 5 2416 4208 4203 2415 2427 4209 4204 2426
9185 5 2 0 5 2427 4209 4204 2426 2438 4210 4205 2437
9186 5 2 0 5 2438 4210 4205 2437 500 2328 2327 499
9187 5 2 0 5 2318 465 464 2317 4211 2340 2339 4206
9188 5 2 0 5 4211 2340 2339 4206 4212 2351 2350 4207
9189 5 2 0 5 4212 2351 2350 4207 4213 2362 2361 4208
9190 5 2 0 5 4213 2362 2361 4208 4214 2373 2372 4209
9191 5 2 0 5 4214 2373 2372 4209 4215 2384 2383 4210
9192 5 2 0 5 4215 2384 2383 4210 2329 489 488 2328
9193 5 2 0 5 477 2318 2317 476 2395 4211 4206 2394
9194 5 2 0 5 2395 4211 4206 2394 2406 4212 4207 2405
9195 5 2 0 5 2406 4212 4207 2405 2417 4213 4208 2416
9196 5 2 0 5 2417 4213 4208 2416 2428 4214 4209 2427
9197 5 2 0 5 2428 4214 4209 2427 2439 4215 4210 2438
9198 5 2 0 5 2439 4215 4210 2438 501 2329 2328 500
9199 5 2 0 5 2319 466 465 2318 4216 2341 2340 4211
9200 5 2 0 5 4216 2341 2340 4211 4217 2352 2351 4212
9201 5 2 0 5 4217 2352 2351 4212 4218 2363 2362 4213
9202 5 2 0 5 4218 2363 2362 4213 4219 2374 2373 4214
9203 5 2 0 5 4219 2374 2373 4214 4220 2385 2384 4215
9204 5 2 0 5 4220 2385 2384 4215 2330 490 489 2329
9205 5 2 0 5 478 2319 2318 477 2396 4216 4211 2395
9206 5 2 0 5 2396 4216 4211 2395 2407 4217 4212 2406
9207 5 2 0 5 2407 4217 4212 2406 2418 4218 4213 2417
9208 5 2 0 5 2418 4218 4213 2417 2429 4219 4214 2428
9209 5 2 0 5 2429 4219 4214 2428 2440 4220 4215 2439
9210 5 2 0 5 2440 4220 4215 2439 502 2330 2329 501
9211 5 2 0 5 2320 467 466 2319 4221 2342 2341 4216
9212 5 2 0 5 4221 2342 2341 4216 4222 2353 2352 4217
9213 5 2 0 5 4222 2353 2352 4217 4223 2364 2363 4218
9214 5 2 0 5 4223 2364 2363 4218 4224 2375 2374 4219
9215 5 2 0 5 4224 2375 2374 4219 4225 2386 2385 4220
9216 5 2 0 5 4225 2386 2385 4220 2331 491 490 2330
9217 5 2 0 5 479 2320 2319 478 2397 4221 4216 2396
9218 5 2 0 5 2397 4221 4216 2396 2408 4222 4217 2407
9219 5 2 0 5 2408 4222 4217 2407 2419 4223 4218 2418
9220 5 2 0 5 2419 4223 4218 2418 2430 4224 4219 2429
9221 5 2 0 5 2430 4224 4219 2429 2441 4225 4220 2440
9222 5 2 0 5 2441 4225 4220 2440 503 2331 2330 502
9223 5 2 0 5 468 18 467 2320 2447 510 2342 4221
9224 5 2 0 5 2447 510 2342 4221 2448 511 2353 4222
9225 5 2 0 5 2448 511 2353 4222 2449 512 2364 4223
9226 5 2 0 5 2449 512 2364 4223 2450 513 2375 4224
9227 5 2 0 5 2450 513 2375 4224 2451 514 2386 4225
9228 5 2 0 5 2451 514 2386 4225 492 22 491 2331
9229 5 2 0 5 19 468 2320 479 520 2447 4221 2397
9230 5 2 0 5 520 2447 4221 2397 521 2448 4222 2408
9231 5 2 0 5 521 2448 4222 2408 522 2449 4223 2419
9232 5 2 0 5 522 2449 4223 2419 523 2450 4224 2430
9233 5 2 0 5 523 2450 4224 2430 524 2451 4225 2441
9234 5 2 0 5 524 2451 4225 2441 23 492 2331 503
9235 5 2 0 6 2452 373 4 537 2463 397 8 550
9236 5 2 0 6 526 2452 537 26 539 2463 550 28
9237 5 2 0 6 2453 374 373 2452 2464 398 397 2463
9238 5 2 0 6 527 2453 2452 526 540 2464 2463 539
9239 5 2 0 6 2454 375 374 2453 2465 399 398 2464
9240 5 2 0 6 528 2454 2453 527 541 2465 2464 540
9241 5 2 0 6 2455 376 375 2454 2466 400 399 2465
9242 5 2 0 6 529 2455 2454 528 542 2466 2465 541
9243 5 2 0 6 2456 377 376 2455 2467 401 400 2466
9244 5 2 0 6 530 2456 2455 529 543 2467 2466 542
9245 5 2 0 6 2457 378 377 2456 2468 402 401 2467
9246 5 2 0 6 531 2457 2456 530 544 2468 2467 543
9247 5 2 0 6 2458 379 378 2457 2469 403 402 2468
9248 5 2 0 6 532 2458 2457 531 545 2469 2468 544
9249 5 2 0 6 2459 380 379 2458 2470 404 403 2469
9250 5 2 0 6 533 2459 2458 532 546 2470 2469 545
9251 5 2 0 6 2460 381 380 2459 2471 405 404 2470
9252 5 2 0 6 534 2460 2459 533 547 2471 2470 546
9253 5 2 0 6 2461 382 381 2460 2472 406 405 2471
9254 5 2 0 6 535 2461 2460 534 548 2472 2471 547
9255 5 2 0 6 2462 383 382 2461 2473 407 406 2472
9256 5 2 0 6 536 2462 2461 535 549 2473 2472 548
9257 5 2 0 6 525 3 383 2462 538 7 407 2473
9258 5 2 0 6 25 525 2462 536 27 538 2473 549
9259 5 2 0 7 2463 397 8 550 2474 421 12 563
9260 5 2 0 7 539 2463 550 28 552 2474 563 30
9261 5 2 0 7 2464 398 397 2463 2475 422 421 2474
9262 5 2 0 7 540 2464 2463 539 553 2475 2474 552
9263 5 2 0 7 2465 399 398 2464 2476 423 422 2475
9264 5 2 0 7 541 2465 2464 540 554 2476 2475 553
9265 5 2 0 7 2466 400 399 2465 2477 424 423 2476
9266 5 2 0 7 542 2466 2465 541 555 2477 2476 554
9267 5 2 0 7 2467 401 400 2466 2478 425 424 2477
9268 5 2 0 7 543 2467 2466 542 556 2478 2477 555
9269 5 2 0 7 2468 402 401 2467 2479 426 425 2478
9270 5 2 0 7 544 2468 2467 543 557 2479 2478 556
9271 5 2 0 7 2469 403 402 2468 2480 427 426 2479
9272 5 2 0 7 545 2469 2468 544 558 2480 2479 557
9273 5 2 0 7 2470 404 403 2469 2481 428 427 2480
9274 5 2 0 7 546 2470 2469 545 559 2481 2480 558
9275 5 2 0 7 2471 405 404 2470 2482 429 428 2481
9276 5 2 0 7 547 2471 2470 546 560 2482 2481 559
9277 5 2 0 7 2472 406 405 2471 2483 430 429 2482
9278 5 2 0 7 548 2472 2471 547 561 2483 2482 560
9279 5 2 0 7 2473 407 406 2472 2484 431 430 2483
9280 5 2 0 7 549 2473 2472 548 562 2484 2483 561
9281 5 2 0 7 538 7 407 2473 551 11 431 2484
9282 5 2 0 7 27 538 2473 549 29 551 2484 562
9283 5 2 0 8 2474 421 12 563 2485 445 16 576
9284 5 2 0 8 552 2474 563 30 565 2485 576 32
9285 5 2 0 8 2475 422 421 2474 2486 446 445 2485
9286 5 2 0 8 553 2475 2474 552 566 2486 2485 565
9287 5 2 0 8 2476 423 422 2475 2487 447 446 2486
9288 5 2 0 8 554 2476 2475 553 567 2487 2486 566
9289 5 2 0 8 2477 424 423 2476 2488 448 447 2487
9290 5 2 0 8 555 2477 2476 554 568 2488 2487 567
9291 5 2 0 8 2478 425 424 2477 2489 449 448 2488
9292 5 2 0 8 556 2478 2477 555 569 2489 2488 568
9293 5 2 0 8 2479 426 425 2478 2490 450 449 2489
9294 5 2 0 8 557 2479 2478 556 570 2490 2489 569
9295 5 2 0 8 2480 427 426 2479 2491 451 450 2490
9296 5 2 0 8 558 2480 2479 557 571 2491 2490 570
9297 5 2 0 8 2481 428 427 2480 2492 452 451 2491
9298 5 2 0 8 559 2481 2480 558 572 2492 2491 571
9299 5 2 0 8 2482 429 428 2481 2493 453 452 2492
9300 5 2 0 8 560 2482 2481 559 573 2493 2492 572
9301 5 2 0 8 2483 430 429 2482 2494 454 453 2493
9302 5 2 0 8 561 2483 2482 560 574 2494 2493 573
9303 5 2 0 8 2484 431 430 2483 2495 455 454 2494
9304 5 2 0 8 562 2484 2483 561 575 2495 2494 574
9305 5 2 0 8 551 11 431 2484 564 15 455 2495
9306 5 2 0 8 29 551 2484 562 31 564 2495 575
9307 5 2 0 9 2485 445 16 576 2496 469 20 589
9308 5 2 0 9 565 2485 576 32 578 2496 589 34
9309 5 2 0 9 2486 446 445 2485 2497 470 469 2496
9310 5 2 0 9 566 2486 2485 565 579 2497 2496 578
9311 5 2 0 9 2487 447 446 2486 2498 471 470 2497
9312 5 2 0 9 567 2487 2486 566 580 2498 2497 579
9313 5 2 0 9 2488 448 447 2487 2499 472 471 2498
9314 5 2 0 9 568 2488 2487 567 581 2499 2498 580
9315 5 2 0 9 2489 449 448 2488 2500 473 472 2499
9316 5 2 0 9 569 2489 2488 568 582 2500 2499 581
9317 5 2 0 9 2490 450 449 2489 2501 474 473 2500
9318 5 2 0 9 570 2490 2489 569 583 2501 2500 582
9319 5 2 0 9 2491 451 450 2490 2502 475 474 2501
9320 5 2 0 9 571 2491 2490 570 584 2502 2501 583
9321 5 2 0 9 2492 452 451 2491 2503 476 475 2502
9322 5 2 0 9 572 2492 2491 571 585 2503 2502 584
9323 5 2 0 9 2493 453 452 2492 2504 477 476 2503
9324 5 2 0 9 573 2493 2492 572 586 2504 2503 585
9325 5 2 0 9 2494 454 453 2493 2505 478 477 2504
9326 5 2 0 9 574 2494 2493 573 587 2505 2504 586
9327 5 2 0 9 2495 455 454 2494 2506 479 478 2505
9328 5 2 0 9 575 2495 2494 574 588 2506 2505 587
9329 5 2 0 9 564 15 455 2495 577 19 479 2506
9330 5 2 0 9 31 564 2495 575 33 577 2506 588
9331 5 2 0 10 2496 469 20 589 4226 2387 515 2573
9332 5 2 0 10 4226 2387 515 2573 4227 2398 516 2574
9333 5 2 0 10 4227 2398 516 2574 4228 2409 517 2575
9334 5 2 0 10 4228 2409 517 2575 4229 2420 518 2576
9335 5 2 0 10 4229 2420 518 2576 4230 2431 519 2577
9336 5 2 0 10 4230 2431 519 2577 2507 493 24 602
9337 5 2 0 10 578 2496 589 34 2518 4226 2573 603
9338 5 2 0 10 2518 4226 2573 603 2529 4227 2574 604
9339 5 2 0 10 2529 4227 2574 604 2540 4228 2575 605
9340 5 2 0 10 2540 4228 2575 605 2551 4229 2576 606
9341 5 2 0 10 2551 4229 2576 606 2562 4230 2577 607
9342 5 2 0 10 2562 4230 2577 607 591 2507 602 36
9343 5 2 0 10 2497 470 469 2496 4231 2388 2387 4226
9344 5 2 0 10 4231 2388 2387 4226 4232 2399 2398 4227
9345 5 2 0 10 4232 2399 2398 4227 4233 2410 2409 4228
9346 5 2 0 10 4233 2410 2409 4228 4234 2421 2420 4229
9347 5 2 0 10 4234 2421 2420 4229 4235 2432 2431 4230
9348 5 2 0 10 4235 2432 2431 4230 2508 494 493 2507
9349 5 2 0 10 579 2497 2496 578 2519 4231 4226 2518
9350 5 2 0 10 2519 4231 4226 2518 2530 4232 4227 2529
9351 5 2 0 10 2530 4232 4227 2529 2541 4233 4228 2540
9352 5 2 0 10 2541 4233 4228 2540 2552 4234 4229 2551
9353 5 2 0 10 2552 4234 4229 2551 2563 4235 4230 2562
9354 5 2 0 10 2563 4235 4230 2562 592 2508 2507 591
9355 5 2 0 10 2498 471 470 2497 4236 2389 2388 4231
9356 5 2 0 10 4236 2389 2388 4231 4237 2400 2399 4232
9357 5 2 0 10 4237 2400 2399 4232 4238 2411 2410 4233
9358 5 2 0 10 4238 2411 2410 4233 4239 2422 2421 4234
9359 5 2 0 10 4239 2422 2421 4234 4240 2433 2432 4235
9360 5 2 0 10 4240 2433 2432 4235 2509 495 494 2508
9361 5 2 0 10 580 2498 2497 579 2520 4236 4231 2519
9362 5 2 0 10 2520 4236 4231 2519 2531 4237 4232 2530
9363 5 2 0 10 2531 4237 4232 2530 2542 4238 4233 2541
9364 5 2 0 10 2542 4238 4233 2541 2553 4239 4234 2552
9365 5 2 0 10 2553 4239 4234 2552 2564 4240 4235 2563
9366 5 2 0 10 2564 4240 4235 2563 593 2509 2508 592
9367 5 2 0 10 2499 472 471 2498 4241 2390 2389 4236
9368 5 2 0 10 4241 2390 2389 4236 4242 2401 2400 4237
9369 5 2 0 10 4242 2401 2400 4237 4243 2412 2411 4238
9370 5 2 0 10 4243 2412 2411 4238 4244 2423 2422 4239
9371 5 2 0 10 4244 2423 2422 4239 4245 2434 2433 4240
9372 5 2 0 10 4245 2434 2433 4240 2510 496 495 2509
9373 5 2 0 10 581 2499 2498 580 2521 4241 4236 2520
9374 5 2 0 10 2521 4241 4236 2520 2532 4242 4237 2531
9375 5 2 0 10 2532 4242 4237 2531 2543 4243 4238 2542
9376 5 2 0 10 2543 4243 4238 2542 2554 4244 4239 2553
9377 5 2 0 10 2554 4244 4239 2553 2565 4245 4240 2564
9378 5 2 0 10 2565 4245 4240 2564 594 2510 2509 593
9379 5 2 0 10 2500 473 472 2499 4246 2391 2390 4241
9380 5 2 0 10 4246 2391 2390 4241 4247 2402 2401 4242
9381 5 2 0 10 4247 2402 2401 4242 4248 2413 2412 4243
9382 5 2 0 10 4248 2413 2412 4243 4249 2424 2423 4244
9383 5 2 0 10 4249 2424 2423 4244 4250 2435 2434 4245
9384 5 2 0 10 4250 2435 2434 4245 2511 497 496 2510
9385 5 2 0 10 582 2500 2499 581 2522 4246 4241 2521
9386 5 2 0 10 2522 4246 4241 2521 2533 4247 4242 2532
9387 5 2 0 10 2533 4247 4242 2532 2544 4248 4243 2543
9388 5 2 0 10 2544 4248 4243 2543 2555 4249 4244 2554
9389 5 2 0 10 2555 4249 4244 2554 2566 4250 4245 2565
9390 5 2 0 10 2566 4250 4245 2565 595 2511 2510 594
9391 5 2 0 10 2501 474 473 2500 4251 2392 2391 4246
9392 5 2 0 10 4251 2392 2391 4246 4252 2403 2402 4247
9393 5 2 0 10 4252 2403 2402 4247 4253 2414 2413 4248
9394 5 2 0 10 4253 2414 2413 4248 4254 2425 2424 4249
9395 5 2 0 10 4254 2425 2424 4249 4255 2436 2435 4250
9396 5 2 0 10 4255 2436 2435 4250 2512 498 497 2511
9397 5 2 0 10 583 2501 2500 582 2523 4251 4246 2522
9398 5 2 0 10 2523 4251 4246 2522 2534 4252 4247 2533
9399 5 2 0 10 2534 4252 4247 2533 2545 4253 4248 2544
9400 5 2 0 10 2545 4253 4248 2544 2556 4254 4249 2555
9401 5 2 0 10 2556 4254 4249 2555 2567 4255 4250 2566
9402 5 2 0 10 2567 4255 4250 2566 596 2512 2511 595
9403 5 2 0 10 2502 475 474 2501 4256 2393 2392 4251
9404 5 2 0 10 4256 2393 2392 4251 4257 2404 2403 4252
9405 5 2 0 10 4257 2404 2403 4252 4258 2415 2414 4253
9406 5 2 0 10 4258 2415 2414 4253 4259 2426 2425 4254
9407 5 2 0 10 4259 2426 2425 4254 4260 2437 2436 4255
9408 5 2 0 10 4260 2437 2436 4255 2513 499 498 2512
9409 5 2 0 10 584 2502 2501 583 2524 4256 4251 2523
9410 5 2 0 10 2524 4256 4251 2523 2535 4257 4252 2534
9411 5 2 0 10 2535 4257 4252 2534 2546 4258 4253 2545
9412 5 2 0 10 2546 4258 4253 2545 2557 4259 4254 2556
9413 5 2 0 10 2557 4259 4254 2556 2568 4260 4255 2567
9414 5 2 0 10 2568 4260 4255 2567 597 2513 2512 596
9415 5 2 0 10 2503 476 475 2502 4261 2394 2393 4256
9416 5 2 0 10 4261 2394 2393 4256 4262 2405 2404 4257
9417 5 2 0 10 4262 2405 2404 4257 4263 2416 2415 4258
9418 5 2 0 10 4263 2416 2415 4258 4264 2427 2426 4259
9419 5 2 0 10 4264 2427 2426 4259 4265 2438 2437 4260
9420 5 2 0 10 4265 2438 2437 4260 2514 500 499 2513
9421 5 2 0 10 585 2503 2502 584 2525 4261 4256 2524
9422 5 2 0 10 2525 4261 4256 2524 2536 4262 4257 2535
9423 5 2 0 10 2536 4262 4257 2535 2547 4263 4258 2546
9424 5 2 0 10 2547 4263 4258 2546 2558 4264 4259 2557
9425 5 2 0 10 2558 4264 4259 2557 2569 4265 4260 2568
9426 5 2 0 10 2569 4265 4260 2568 598 2514 2513 597
9427 5 2 0 10 2504 477 476 2503 4266 2395 2394 4261
9428 5 2 0 10 4266 2395 2394 4261 4267 2406 2405 4262
9429 5 2 0 10 4267 2406 2405 4262 4268 2417 2416 4263
9430 5 2 0 10 4268 2417 2416 4263 4269 2428 2427 4264
9431 5 2 0 10 4269 2428 2427 4264 4270 2439 2438 4265
9432 5 2 0 10 4270 2439 2438 4265 2515 501 500 2514
9433 5 2 0 10 586 2504 2503 585 2526 4266 4261 2525
9434 5 2 0 10 2526 4266 4261 2525 2537 4267 4262 2536
9435 5 2 0 10 2537 4267 4262 2536 2548 4268 4263 2547
9436 5 2 0 10 2548 4268 4263 2547 2559 4269 4264 2558
9437 5 2 0 10 2559 4269 4264 2558 2570 4270 4265 2569
9438 5 2 0 10 2570 4270 4265 2569 599 2515 2514 598
9439 5 2 0 10 2505 478 477 2504 4271 2396 2395 4266
9440 5 2 0 10 4271 2396 2395 4266 4272 2407 2406 4267
9441 5 2 0 10 4272 2407 2406 4267 4273 2418 2417 4268
9442 5 2 0 10 4273 2418 2417 4268 4274 2429 2428 4269
9443 5 2 0 10 4274 2429 2428 4269 4275 2440 2439 4270
9444 5 2 0 10 4275 2440 2439 4270 2516 502 501 2515
9445 5 2 0 10 587 2505 2504 586 2527 4271 4266 2526
9446 5 2 0 10 2527 4271 4266 2526 2538 4272 4267 2537
9447 5 2 0 10 2538 4272 4267 2537 2549 4273 4268 2548
9448 5 2 0 10 2549 4273 4268 2548 2560 4274 4269 2559
9449 5 2 0 10 2560 4274 4269 2559 2571 4275 4270 2570
9450 5 2 0 10 2571 4275 4270 2570 600 2516 2515 599
9451 5 2 0 10 2506 479 478 2505 4276 2397 2396 4271
9452 5 2 0 10 4276 2397 2396 4271 4277 2408 2407 4272
9453 5 2 0 10 4277 2408 2407 4272 4278 2419 2418 4273
9454 5 2 0 10 4278 2419 2418 4273 4279 2430 2429 4274
9455 5 2 0 10 4279 2430 2429 4274 4280 2441 2440 4275
9456 5 2 0 10 4280 2441 2440 4275 2517 503 502 2516
9457 5 2 0 10 588 2506 2505 587 2528 4276 4271 2527
9458 5 2 0 10 2528 4276 4271 2527 2539 4277 4272 2538
9459 5 2 0 10 2539 4277 4272 2538 2550 4278 4273 2549
9460 5 2 0 10 2550 4278 4273 2549 2561 4279 4274 2560
9461 5 2 0 10 2561 4279 4274 2560 2572 4280 4275 2571
9462 5 2 0 10 2572 4280 4275 2571 601 2517 2516 600
9463 5 2 0 10 577 19 479 2506 2578 520 2397 4276
9464 5 2 0 10 2578 520 2397 4276 2579 521 2408 4277
9465 5 2 0 10 2579 521 2408 4277 2580 522 2419 4278
9466 5 2 0 10 2580 522 2419 4278 2581 523 2430 4279
9467 5 2 0 10 2581 523 2430 4279 2582 524 2441 4280
9468 5 2 0 10 2582 524 2441 4280 590 23 503 2517
9469 5 2 0 10 33 577 2506 588 608 2578 4276 2528
9470 5 2 0 10 608 2578 4276 2528 609 2579 4277 2539
9471 5 2 0 10 609 2579 4277 2539 610 2580 4278 2550
9472 5 2 0 10 610 2580 4278 2550 611 2581 4279 2561
9473 5 2 0 10 611 2581 4279 2561 612 2582 4280 2572
9474 5 2 0 10 612 2582 4280 2572 35 590 2517 601
9475 5 2 0 11 2583 526 26 625 2594 539 28 638
9476 5 2 0 11 614 2583 625 38 627 2594 638 40
9477 5 2 0 11 2584 527 526 2583 2595 540 539 2594
9478 5 2 0 11 615 2584 2583 614 628 2595 2594 627
9479 5 2 0 11 2585 528 527 2584 2596 541 540 2595
9480 5 2 0 11 616 2585 2584 615 629 2596 2595 628
9481 5 2 0 11 2586 529 528 2585 2597 542 541 2596
9482 5 2 0 11 617 2586 2585 616 630 2597 2596 629
9483 5 2 0 11 2587 530 529 2586 2598 543 542 2597
9484 5 2 0 11 618 2587 2586 617 631 2598 2597 630
9485 5 2 0 11 2588 531 530 2587 2599 544 543 2598
9486 5 2 0 11 619 2588 2587 618 632 2599 2598 631
9487 5 2 0 11 2589 532 531 2588 2600 545 544 2599
9488 5 2 0 11 620 2589 2588 619 633 2600 2599 632
9489 5 2 0 11 2590 533 532 2589 2601 546 545 2600
9490 5 2 0 11 621 2590 2589 620 634 2601 2600 633
9491 5 2 0 11 2591 534 533 2590 2602 547 546 2601
9492 5 2 0 11 622 2591 2590 621 635 2602 2601 634
9493 5 2 0 11 2592 535 534 2591 2603 548 547 2602
9494 5 2 0 11 623 2592 2591 622 636 2603 2602 635
9495 5 2 0 11 2593 536 535 2592 2604 549 548 2603
9496 5 2 0 11 624 2593 2592 623 637 2604 2603 636
9497 5 2 0 11 613 25 536 2593 626 27 549 2604
9498 5 2 0 11 37 613 2593 624 39 626 2604 637
9499 5 2 0 12 2594 539 28 638 2605 552 30 651
9500 5 2 0 12 627 2594 638 40 640 2605 651 42
9501 5 2 0 12 2595 540 539 2594 2606 553 552 2605
9502 5 2 0 12 628 2595 2594 627 641 2606 2605 640
9503 5 2 0 12 2596 541 540 2595 2607 554 553 2606
9504 5 2 0 12 629 2596 2595 628 642 2607 2606 641
9505 5 2 0 12 2597 542 541 2596 2608 555 554 2607
9506 5 2 0 12 630 2597 2596 629 643 2608 2607 642
9507 5 2 0 12 2598 543 542 2597 2609 556 555 2608
9508 5 2 0 12 631 2598 2597 630 644 2609 2608 643
9509 5 2 0 12 2599 544 543 2598 2610 557 556 2609
9510 5 2 0 12 632 2599 2598 631 645 2610 2609 644
9511 5 2 0 12 2600 545 544 2599 2611 558 557 2610
9512 5 2 0 12 633 2600 2599 632 646 2611 2610 645
9513 5 2 0 12 2601 546 545 2600 2612 559 558 2611
9514 5 2 0 12 634 2601 2600 633 647 2612 2611 646
9515 5 2 0 12 2602 547 546 2601 2613 560 559 2612
9516 5 2 0 12 635 2602 2601 634 648 2613 2612 647
9517 5 2 0 12 2603 548 547 2602 2614 561 560 2613
9518 5 2 0 12 636 2603 2602 635 649 2614 2613 648
9519 5 2 0 12 2604 549 548 2603 2615 562 561 2614
9520 5 2 0 12 637 2604 2603 636 650 2615 2614 649
9521 5 2 0 12 626 27 549 2604 639 29 562 2615
9522 5 2 0 12 39 626 2604 637 41 639 2615 650
9523 5 2 0 13 2605 552 30 651 2616 565 32 664
9524 5 2 0 13 640 2605 651 42 653 2616 664 44
9525 5 2 0 13 2606 553 552 2605 2617 566 565 2616
9526 5 2 0 13 641 2606 2605 640 654 2617 2616 653
9527 5 2 0 13 2607 554 553 2606 2618 567 566 2617
9528 5 2 0 13 642 2607 2606 641 655 2618 2617 654
9529 5 2 0 13 2608 555 554 2607 2619 568 567 2618
9530 5 2 0 13 643 2608 2607 642 656 2619 2618 655
9531 5 2 0 13 2609 556 555 2608 2620 569 568 2619
9532 5 2 0 13 644 2609 2608 643 657 2620 2619 656
9533 5 2 0 13 2610 557 556 2609 2621 570 569 2620
9534 5 2 0 13 645 2610 2609 644 658 2621 2620 657
9535 5 2 0 13 2611 558 557 2610 2622 571 570 2621
9536 5 2 0 13 646 2611 2610 645 659 2622 2621 658
9537 5 2 0 13 2612 559 558 2611 2623 572 571 2622
9538 5 2 0 13 647 2612 2611 646 660 2623 2622 659
9539 5 2 0 13 2613 560 559 2612 2624 573 572 2623
9540 5 2 0 13 648 2613 2612 647 661 2624 2623 660
9541 5 2 0 13 2614 561 560 2613 2625 574 573 2624
9542 5 2 0 13 649 2614 2613 648 662 2625 2624 661
9543 5 2 0 13 2615 562 561 2614 2626 575 574 2625
9544 5 2 0 13 650 2615 2614 649 663 2626 2625 662
9545 5 2 0 13 639 29 562 2615 652 31 575 2626
9546 5 2 0 13 41 639 2615 650 43 652 2626 663
9547 5 2 0 14 2616 565 32 664 2627 578 34 677
9548 5 2 0 14 653 2616 664 44 666 2627 677 46
9549 5 2 0 14 2617 566 565 2616 2628 579 578 2627
9550 5 2 0 14 654 2617 2616 653 667 2628 2627 666
9551 5 2 0 14 2618 567 566 2617 2629 580 579 2628
9552 5 2 0 14 655 2618 2617 654 668 2629 2628 667
9553 5 2 0 14 2619 568 567 2618 2630 581 580 2629
9554 5 2 0 14 656 2619 2618 655 669 2630 2629 668
9555 5 2 0 14 2620 569 568 2619 2631 582 581 2630
9556 5 2 0 14 657 2620 2619 656 670 2631 2630 669
9557 5 2 0 14 2621 570 569 2620 2632 583 582 2631
9558 5 2 0 14 658 2621 2620 657 671 2632 2631 670
9559 5 2 0 14 2622 571 570 2621 2633 584 583 2632
9560 5 2 0 14 659 2622 2621 658 672 2633 2632 671
9561 5 2 0 14 2623 572 571 2622 2634 585 584 2633
9562 5 2 0 14 660 2623 2622 659 673 2634 2633 672
9563 5 2 0 14 2624 573 572 2623 2635 586 585 2634
9564 5 2 0 14 661 2624 2623 660 674 2635 2634 673
9565 5 2 0 14 2625 574 573 2624 2636 587 586 2635
9566 5 2 0 14 662 2625 2624 661 675 2636 2635 674
9567 5 2 0 14 2626 575 574 2625 2637 588 587 2636
9568 5 2 0 14 663 2626 2625 662 676 2637 2636 675
9569 5 2 0 14 652 31 575 2626 665 33 588 2637
9570 5 2 0 14 43 652 2626 663 45 665 2637 676
9571 5 2 0 15 2627 578 34 677 4281 2518 603 2704
9572 5 2 0 15 4281 2518 603 2704 4282 2529 604 2705
9573 5 2 0 15 4282 2529 604 2705 4283 2540 605 2706
9574 5 2 0 15 4283 2540 605 2706 4284 2551 606 2707
9575 5 2 0 15 4284 2551 606 2707 4285 2562 607 2708
9576 5 2 0 15 4285 2562 607 2708 2638 591 36 690
9577 5 2 0 15 666 2627 677 46 2649 4281 2704 691
9578 5 2 0 15 2649 4281 2704 691 2660 4282 2705 692
9579 5 2 0 15 2660 4282 2705 692 2671 4283 2706 693
9580 5 2 0 15 2671 4283 2706 693 2682 4284 2707 694
9581 5 2 0 15 2682 4284 2707 694 2693 4285 2708 695
9582 5 2 0 15 2693 4285 2708 695 679 2638 690 48
9583 5 2 0 15 2628 579 578 2627 4286 2519 2518 4281
9584 5 2 0 15 4286 2519 2518 4281 4287 2530 2529 4282
9585 5 2 0 15 4287 2530 2529 4282 4288 2541 2540 4283
9586 5 2 0 15 4288 2541 2540 4283 4289 2552 2551 4284
9587 5 2 0 15 4289 2552 2551 4284 4290 2563 2562 4285
9588 5 2 0 15 4290 2563 2562 4285 2639 592 591 2638
9589 5 2 0 15 667 2628 2627 666 2650 4286 4281 2649
9590 5 2 0 15 2650 4286 4281 2649 2661 4287 4282 2660
9591 5 2 0 15 2661 4287 4282 2660 2672 4288 4283 2671
9592 5 2 0 15 2672 4288 4283 2671 2683 4289 4284 2682
9593 5 2 0 15 2683 4289 4284 2682 2694 4290 4285 2693
9594 5 2 0 15 2694 4290 4285 2693 680 2639 2638 679
9595 5 2 0 15 2629 580 579 2628 4291 2520 2519 4286
9596 5 2 0 15 4291 2520 2519 4286 4292 2531 2530 4287
9597 5 2 0 15 4292 2531 2530 4287 4293 2542 2541 4288
9598 5 2 0 15 4293 2542 2541 4288 4294 2553 2552 4289
9599 5 2 0 15 4294 2553 2552 4289 4295 2564 2563 4290
9600 5 2 0 15 4295 2564 2563 4290 2640 593 592 2639
9601 5 2 0 15 668 2629 2628 667 2651 4291 4286 2650
9602 5 2 0 15 2651 4291 4286 2650 2662 4292 4287 2661
9603 5 2 0 15 2662 4292 4287 2661 2673 4293 4288 2672
9604 5 2 0 15 2673 4293 4288 2672 2684 4294 4289 2683
9605 5 2 0 15 2684 4294 4289 2683 2695 4295 4290 2694
9606 5 2 0 15 2695 4295 4290 2694 681 2640 2639 680
9607 5 2 0 15 2630 581 580 2629 4296 2521 2520 4291
9608 5 2 0 15 4296 2521 2520 4291 4297 2532 2531 4292
9609 5 2 0 15 4297 2532 2531 4292 4298 2543 2542 4293
9610 5 2 0 15 4298 2543 2542 4293 4299 2554 2553 4294
9611 5 2 0 15 4299 2554 2553 4294 4300 2565 2564 4295
9612 5 2 0 15 4300 2565 2564 4295 2641 594 593 2640
9613 5 2 0 15 669 2630 2629 668 2652 4296 4291 2651
9614 5 2 0 15 2652 4296 4291 2651 2663 4297 4292 2662
9615 5 2 0 15 2663 4297 4292 2662 2674 4298 4293 2673
9616 5 2 0 15 2674 4298 4293 2673 2685 4299 4294 2684
9617 5 2 0 15 2685 4299 4294 2684 2696 4300 4295 2695
9618 5 2 0 15 2696 4300 4295 2695 682 2641 2640 681
9619 5 2 0 15 2631 582 581 2630 4301 2522 2521 4296
9620 5 2 0 15 4301 2522 2521 4296 4302 2533 2532 4297
9621 5 2 0 15 4302 2533 2532 4297 4303 2544 2543 4298
9622 5 2 0 15 4303 2544 2543 4298 4304 2555 2554 4299
9623 5 2 0 15 4304 2555 2554 4299 4305 2566 2565 4300
9624 5 2 0 15 4305 2566 2565 4300 2642 595 594 2641
9625 5 2 0 15 670 2631 2630 669 2653 4301 4296 2652
9626 5 2 0 15 2653 4301 4296 2652 2664 4302 4297 2663
9627 5 2 0 15 2664 4302 4297 2663 2675 4303 4298 2674
9628 5 2 0 15 2675 4303 4298 2674 2686 4304 4299 2685
9629 5 2 0 15 2686 4304 4299 2685 2697 4305 4300 2696
9630 5 2 0 15 2697 4305 4300 2696 683 2642 2641 682
9631 5 2 0 15 2632 583 582 2631 4306 2523 2522 4301
9632 5 2 0 15 4306 2523 2522 4301 4307 2534 2533 4302
9633 5 2 0 15 4307 2534 2533 4302 4308 2545 2544 4303
9634 5 2 0 15 4308 2545 2544 4303 4309 2556 2555 4304
9635 5 2 0 15 4309 2556 2555 4304 4310 2567 2566 4305
9636 5 2 0 15 4310 2567 2566 4305 2643 596 595 2642
9637 5 2 0 15 671 2632 2631 670 2654 4306 4301 2653
9638 5 2 0 15 2654 4306 4301 2653 2665 4307 4302 2664
9639 5 2 0 15 2665 4307 4302 2664 2676 4308 4303 2675
9640 5 2 0 15 2676 4308 4303 2675 2687 4309 4304 2686
9641 5 2 0 15 2687 4309 4304 2686 2698 4310 4305 2697
9642 5 2 0 15 2698 4310 4305 2697 684 2643 2642 683
9643 5 2 0 15 2633 584 583 2632 4311 2524 2523 4306
9644 5 2 0 15 4311 2524 2523 4306 4312 2535 2534 4307
9645 5 2 0 15 4312 2535 2534 4307 4313 2546 2545 4308
9646 5 2 0 15 4313 2546 2545 4308 4314 2557 2556 4309
9647 5 2 0 15 4314 2557 2556 4309 4315 2568 2567 4310
9648 5 2 0 15 4315 2568 2567 4310 2644 597 596 2643
9649 5 2 0 15 672 2633 2632 671 2655 4311 4306 2654
9650 5 2 0 15 2655 4311 4306 2654 2666 4312 4307 2665
9651 5 2 0 15 2666 4312 4307 2665 2677 4313 4308 2676
9652 5 2 0 15 2677 4313 4308 2676 2688 4314 4309 2687
9653 5 2 0 15 2688 4314 4309 2687 2699 4315 4310 2698
9654 5 2 0 15 2699 4315 4310 2698 685 2644 2643 684
9655 5 2 0 15 2634 585 584 2633 4316 2525 2524 4311
9656 5 2 0 15 4316 2525 2524 4311 4317 2536 2535 4312
9657 5 2 0 15 4317 2536 2535 4312 4318 2547 2546 4313
9658 5 2 0 15 4318 2547 2546 4313 4319 2558 2557 4314
9659 5 2 0 15 4319 2558 2557 4314 4320 2569 2568 4315
9660 5 2 0 15 4320 2569 2568 4315 2645 598 597 2644
9661 5 2 0 15 673 2634 2633 672 2656 4316 4311 2655
9662 5 2 0 15 2656 4316 4311 2655 2667 4317 4312 2666
9663 5 2 0 15 2667 4317 4312 2666 2678 4318 4313 2677
9664 5 2 0 15 2678 4318 4313 2677 2689 4319 4314 2688
9665 5 2 0 15 2689 4319 4314 2688 2700 4320 4315 2699
9666 5 2 0 15 2700 4320 4315 2699 686 2645 2644 685
9667 5 2 0 15 2635 586 585 2634 4321 2526 2525 4316
9668 5 2 0 15 4321 2526 2525 4316 4322 2537 2536 4317
9669 5 2 0 15 4322 2537 2536 4317 4323 2548 2547 4318
9670 5 2 0 15 4323 2548 2547 4318 4324 2559 2558 4319
9671 5 2 0 15 4324 2559 2558 4319 4325 2570 2569 4320
9672 5 2 0 15 4325 2570 2569 4320 2646 599 598 2645
9673 5 2 0 15 674 2635 2634 673 2657 4321 4316 2656
9674 5 2 0 15 2657 4321 4316 2656 2668 4322 4317 2667
9675 5 2 0 15 2668 4322 4317 2667 2679 4323 4318 2678
9676 5 2 0 15 2679 4323 4318 2678 2690 4324 4319 2689
9677 5 2 0 15 2690 4324 4319 2689 2701 4325 4320 2700
9678 5 2 0 15 2701 4325 4320 2700 687 2646 2645 686
9679 5 2 0 15 2636 587 586 2635 4326 2527 2526 4321
9680 5 2 0 15 4326 2527 2526 4321 4327 2538 2537 4322
9681 5 2 0 15 4327 2538 2537 4322 4328 2549 2548 4323
9682 5 2 0 15 4328 2549 2548 4323 4329 2560 2559 4324
9683 5 2 0 15 4329 2560 2559 4324 4330 2571 2570 4325
9684 5 2 0 15 4330 2571 2570 4325 2647 600 599 2646
9685 5 2 0 15 675 2636 2635 674 2658 4326 4321 2657
9686 5 2 0 15 2658 4326 4321 2657 2669 4327 4322 2668
9687 5 2 0 15 2669 4327 4322 2668 2680 4328 4323 2679
9688 5 2 0 15 2680 4328 4323 2679 2691 4329 4324 2690
9689 5 2 0 15 2691 4329 4324 2690 2702 4330 4325 2701
9690 5 2 0 15 2702 4330 4325 2701 688 2647 2646 687
9691 5 2 0 15 2637 588 587 2636 4331 2528 2527 4326
9692 5 2 0 15 4331 2528 2527 4326 4332 2539 2538 4327
9693 5 2 0 15 4332 2539 2538 4327 4333 2550 2549 4328
9694 5 2 0 15 4333 2550 2549 4328 4334 2561 2560 4329
9695 5 2 0 15 4334 2561 2560 4329 4335 2572 2571 4330
9696 5 2 0 15 4335 2572 2571 4330 2648 601 600 2647
9697 5 2 0 15 676 2637 2636 675 2659 4331 4326 2658
9698 5 2 0 15 2659 4331 4326 2658 2670 4332 4327 2669
9699 5 2 0 15 2670 4332 4327 2669 2681 4333 4328 2680
9700 5 2 0 15 2681 4333 4328 2680 2692 4334 4329 2691
9701 5 2 0 15 2692 4334 4329 2691 2703 4335 4330 2702
9702 5 2 0 15 2703 4335 4330 2702 689 2648 2647 688
9703 5 2 0 15 665 33 588 2637 2709 608 2528 4331
9704 5 2 0 15 2709 608 2528 4331 2710 609 2539 4332
9705 5 2 0 15 2710 609 2539 4332 2711 610 2550 4333
9706 5 2 0 15 2711 610 2550 4333 2712 611 2561 4334
9707 5 2 0 15 2712 611 2561 4334 2713 612 2572 4335
9708 5 2 0 15 2713 612 2572 4335 678 35 601 2648
9709 5 2 0 15 45 665 2637 676 696 2709 4331 2659
9710 5 2 0 15 696 2709 4331 2659 697 2710 4332 2670
9711 5 2 0 15 697 2710 4332 2670 698 2711 4333 2681
9712 5 2 0 15 698 2711 4333 2681 699 2712 4334 2692
9713 5 2 0 15 699 2712 4334 2692 700 2713 4335 2703
9714 5 2 0 15 700 2713 4335 2703 47 678 2648 689
9715 5 2 0 16 2714 701 2 372 2725 724 6 396
9716 5 2 0 16 713 2714 372 3 736 2725 396 7
9717 5 2 0 16 2715 702 701 2714 2726 725 724 2725
9718 5 2 0 16 714 2715 2714 713 737 2726 2725 736
9719 5 2 0 16 2716 703 702 2715 2727 726 725 2726
9720 5 2 0 16 715 2716 2715 714 738 2727 2726 737
9721 5 2 0 16 2717 704 703 2716 2728 727 726 2727
9722 5 2 0 16 716 2717 2716 715 739 2728 2727 738
9723 5 2 0 16 2718 705 704 2717 2729 728 727 2728
9724 5 2 0 16 717 2718 2717 716 740 2729 2728 739
9725 5 2 0 16 2719 706 705 2718 2730 729 728 2729
9726 5 2 0 16 718 2719 2718 717 741 2730 2729 740
9727 5 2 0 16 2720 707 706 2719 2731 730 729 2730
9728 5 2 0 16 719 2720 2719 718 742 2731 2730 741
9729 5 2 0 16 2721 708 707 2720 2732 731 730 2731
9730 5 2 0 16 720 2721 2720 719 743 2732 2731 742
9731 5 2 0 16 2722 709 708 2721 2733 732 731 2732
9732 5 2 0 16 721 2722 2721 720 744 2733 2732 743
9733 5 2 0 16 2723 710 709 2722 2734 733 732 2733
9734 5 2 0 16 722 2723 2722 721 745 2734 2733 744
9735 5 2 0 16 2724 711 710 2723 2735 734 733 2734
9736 5 2 0 16 723 2724 2723 722 746 2735 2734 745
9737 5 2 0 16 712 49 711 2724 735 51 734 2735
9738 5 2 0 16 50 712 2724 723 52 735 2735 746
9739 5 2 0 17 2725 724 6 396 2736 747 10 420
9740 5 2 0 17 736 2725 396 7 759 2736 420 11
9741 5 2 0 17 2726 725 724 2725 2737 748 747 2736
9742 5 2 0 17 737 2726 2725 736 760 2737 2736 759
9743 5 2 0 17 2727 726 725 2726 2738 749 748 2737
9744 5 2 0 17 738 2727 2726 737 761 2738 2737 760
9745 5 2 0 17 2728 727 726 2727 2739 750 749 2738
9746 5 2 0 17 739 2728 2727 738 762 2739 2738 761
9747 5 2 0 17 2729 728 727 2728 2740 751 750 2739
9748 5 2 0 17 740 2729 2728 739 763 2740 2739 762
9749 5 2 0 17 2730 729 728 2729 2741 752 751 2740
9750 5 2 0 17 741 2730 2729 740 764 2741 2740 763
9751 5 2 0 17 2731 730 729 2730 2742 753 752 2741
9752 5 2 0 17 742 2731 2730 741 765 2742 2741 764
9753 5 2 0 17 2732 731 730 2731 2743 754 753 2742
9754 5 2 0 17 743 2732 2731 742 766 2743 2742 765
9755 5 2 0 17 2733 732 731 2732 2744 755 754 2743
9756 5 2 0 17 744 2733 2732 743 767 2744 2743 766
9757 5 2 0 17 2734 733 732 2733 2745 756 755 2744
9758 5 2 0 17 745 2734 2733 744 768 2745 2744 767
9759 5 2 0 17 2735 734 733 2734 2746 757 756 2745
9760 5 2 0 17 746 2735 2734 745 769 2746 2745 768
9761 5 2 0 17 735 51 734 2735 758 53 757 2746
9762 5 2 0 17 52 735 2735 746 54 758 2746 769
9763 5 2 0 18 2736 747 10 420 2747 770 14 444
9764 5 2 0 18 759 2736 420 11 782 2747 444 15
9765 5 2 0 18 2737 748 747 2736 2748 771 770 2747
9766 5 2 0 18 760 2737 2736 759 783 2748 2747 782
9767 5 2 0 18 2738 749 748 2737 2749 772 771 2748
9768 5 2 0 18 761 2738 2737 760 784 2749 2748 783
9769 5 2 0 18 2739 750 749 2738 2750 773 772 2749
9770 5 2 0 18 762 2739 2738 761 785 2750 2749 784
9771 5 2 0 18 2740 751 750 2739 2751 774 773 2750
9772 5 2 0 18 763 2740 2739 762 786 2751 2750 785
9773 5 2 0 18 2741 752 751 2740 2752 775 774 2751
9774 5 2 0 18 764 2741 2740 763 787 2752 2751 786
9775 5 2 0 18 2742 753 752 2741 2753 776 775 2752
9776 5 2 0 18 765 2742 2741 764 788 2753 2752 787
9777 5 2 0 18 2743 754 753 2742 2754 777 776 2753
9778 5 2 0 18 766 2743 2742 765 789 2754 2753 788
9779 5 2 0 18 2744 755 754 2743 2755 778 777 2754
9780 5 2 0 18 767 2744 2743 766 790 2755 2754 789
9781 5 2 0 18 2745 756 755 2744 2756 779 778 2755
9782 5 2 0 18 768 2745 2744 767 791 2756 2755 790
9783 5 2 0 18 2746 757 756 2745 2757 780 779 2756
9784 5 2 0 18 769 2746 2745 768 792 2757 2756 791
9785 5 2 0 18 758 53 757 2746 781 55 780 2757
9786 5 2 0 18 54 758 2746 769 56 781 2757 792
9787 5 2 0 19 2747 770 14 444 2758 793 18 468
9788 5 2 0 19 782 2747 444 15 805 2758 468 19
9789 5 2 0 19 2748 771 770 2747 2759 794 793 2758
9790 5 2 0 19 783 2748 2747 782 806 2759 2758 805
9791 5 2 0 19 2749 772 771 2748 2760 795 794 2759
9792 5 2 0 19 784 2749 2748 783 807 2760 2759 806
9793 5 2 0 19 2750 773 772 2749 2761 796 795 2760
9794 5 2 0 19 785 2750 2749 784 808 2761 2760 807
9795 5 2 0 19 2751 774 773 2750 2762 797 796 2761
9796 5 2 0 19 786 2751 2750 785 809 2762 2761 808
9797 5 2 0 19 2752 775 774 2751 2763 798 797 2762
9798 5 2 0 19 787 2752 2751 786 810 2763 2762 809
9799 5 2 0 19 2753 776 775 2752 2764 799 798 2763
9800 5 2 0 19 788 2753 2752 787 811 2764 2763 810
9801 5 2 0 19 2754 777 776 2753 2765 800 799 2764
9802 5 2 0 19 789 2754 2753 788 812 2765 2764 811
9803 5 2 0 19 2755 778 777 2754 2766 801 800 2765
9804 5 2 0 19 790 2755 2754 789 813 2766 2765 812
9805 5 2 0 19 2756 779 778 2755 2767 802 801 2766
9806 5 2 0 19 791 2756 2755 790 814 2767 2766 813
9807 5 2 0 19 2757 780 779 2756 2768 803 802 2767
9808 5 2 0 19 792 2757 2756 791 815 2768 2767 814
9809 5 2 0 19 781 55 780 2757 804 57 803 2768
9810 5 2 0 19 56 781 2757 792 58 804 2768 815
9811 5 2 0 20 2758 793 18 468 4336 2780 510 2447
9812 5 2 0 20 4336 2780 510 2447 4337 2791 511 2448
9813 5 2 0 20 4337 2791 511 2448 4338 2802 512 2449
9814 5 2 0 20 4338 2802 512 2449 4339 2813 513 2450
9815 5 2 0 20 4339 2813 513 2450 4340 2824 514 2451
9816 5 2 0 20 4340 2824 514 2451 2769 816 22 492
9817 5 2 0 20 805 2758 468 19 2835 4336 2447 520
9818 5 2 0 20 2835 4336 2447 520 2846 4337 2448 521
9819 5 2 0 20 2846 4337 2448 521 2857 4338 2449 522
9820 5 2 0 20 2857 4338 2449 522 2868 4339 2450 523
9821 5 2 0 20 2868 4339 2450 523 2879 4340 2451 524
9822 5 2 0 20 2879 4340 2451 524 828 2769 492 23
9823 5 2 0 20 2759 794 793 2758 4341 2781 2780 4336
9824 5 2 0 20 4341 2781 2780 4336 4342 2792 2791 4337
9825 5 2 0 20 4342 2792 2791 4337 4343 2803 2802 4338
9826 5 2 0 20 4343 2803 2802 4338 4344 2814 2813 4339
9827 5 2 0 20 4344 2814 2813 4339 4345 2825 2824 4340
9828 5 2 0 20 4345 2825 2824 4340 2770 817 816 2769
9829 5 2 0 20 806 2759 2758 805 2836 4341 4336 2835
9830 5 2 0 20 2836 4341 4336 2835 2847 4342 4337 2846
9831 5 2 0 20 2847 4342 4337 2846 2858 4343 4338 2857
9832 5 2 0 20 2858 4343 4338 2857 2869 4344 4339 2868
9833 5 2 0 20 2869 4344 4339 2868 2880 4345 4340 2879
9834 5 2 0 20 2880 4345 4340 2879 829 2770 2769 828
9835 5 2 0 20 2760 795 794 2759 4346 2782 2781 4341
9836 5 2 0 20 4346 2782 2781 4341 4347 2793 2792 4342
9837 5 2 0 20 4347 2793 2792 4342 4348 2804 2803 4343
9838 5 2 0 20 4348 2804 2803 4343 4349 2815 2814 4344
9839 5 2 0 20 4349 2815 2814 4344 4350 2826 2825 4345
9840 5 2 0 20 4350 2826 2825 4345 2771 818 817 2770
9841 5 2 0 20 807 2760 2759 806 2837 4346 4341 2836
9842 5 2 0 20 2837 4346 4341 2836 2848 4347 4342 2847
9843 5 2 0 20 2848 4347 4342 2847 2859 4348 4343 2858
9844 5 2 0 20 2859 4348 4343 2858 2870 4349 4344 2869
9845 5 2 0 20 2870 4349 4344 2869 2881 4350 4345 2880
9846 5 2 0 20 2881 4350 4345 2880 830 2771 2770 829
9847 5 2 0 20 2761 796 795 2760 4351 2783 2782 4346
9848 5 2 0 20 4351 2783 2782 4346 4352 2794 2793 4347
9849 5 2 0 20 4352 2794 2793 4347 4353 2805 2804 4348
9850 5 2 0 20 4353 2805 2804 4348 4354 2816 2815 4349
9851 5 2 0 20 4354 2816 2815 4349 4355 2827 2826 4350
9852 5 2 0 20 4355 2827 2826 4350 2772 819 818 2771
9853 5 2 0 20 808 2761 2760 807 2838 4351 4346 2837
9854 5 2 0 20 2838 4351 4346 2837 2849 4352 4347 2848
9855 5 2 0 20 2849 4352 4347 2848 2860 4353 4348 2859
9856 5 2 0 20 2860 4353 4348 2859 2871 4354 4349 2870
9857 5 2 0 20 2871 4354 4349 2870 2882 4355 4350 2881
9858 5 2 0 20 2882 4355 4350 2881 831 2772 2771 830
9859 5 2 0 20 2762 797 796 2761 4356 2784 2783 4351
9860 5 2 0 20 4356 2784 2783 4351 4357 2795 2794 4352
9861 5 2 0 20 4357 2795 2794 4352 4358 2806 2805 4353
9862 5 2 0 20 4358 2806 2805 4353 4359 2817 2816 4354
9863 5 2 0 20 4359 2817 2816 4354 4360 2828 2827 4355
9864 5 2 0 20 4360 2828 2827 4355 2773 820 819 2772
9865 5 2 0 20 809 2762 2761 808 2839 4356 4351 2838
9866 5 2 0 20 2839 4356 4351 2838 2850 4357 4352 2849
9867 5 2 0 20 2850 4357 4352 2849 2861 4358 4353 2860
9868 5 2 0 20 2861 4358 4353 2860 2872 4359 4354 2871
9869 5 2 0 20 2872 4359 4354 2871 2883 4360 4355 2882
9870 5 2 0 20 2883 4360 4355 2882 832 2773 2772 831
9871 5 2 0 20 2763 798 797 2762 4361 2785 2784 4356
9872 5 2 0 20 4361 2785 2784 4356 4362 2796 2795 4357
9873 5 2 0 20 4362 2796 2795 4357 4363 2807 2806 4358
9874 5 2 0 20 4363 2807 2806 4358 4364 2818 2817 4359
9875 5 2 0 20 4364 2818 2817 4359 4365 2829 2828 4360
9876 5 2 0 20 4365 2829 2828 4360 2774 821 820 2773
9877 5 2 0 20 810 2763 2762 809 2840 4361 4356 2839
9878 5 2 0 20 2840 4361 4356 2839 2851 4362 4357 2850
9879 5 2 0 20 2851 4362 4357 2850 2862 4363 4358 2861
9880 5 2 0 20 2862 4363 4358 2861 2873 4364 4359 2872
9881 5 2 0 20 2873 4364 4359 2872 2884 4365 4360 2883
9882 5 2 0 20 2884 4365 4360 2883 833 2774 2773 832
9883 5 2 0 20 2764 799 798 2763 4366 2786 2785 4361
9884 5 2 0 20 4366 2786 2785 4361 4367 2797 2796 4362
9885 5 2 0 20 4367 2797 2796 4362 4368 2808 2807 4363
9886 5 2 0 20 4368 2808 2807 4363 4369 2819 2818 4364
9887 5 2 0 20 4369 2819 2818 4364 4370 2830 2829 4365
9888 5 2 0 20 4370 2830 2829 4365 2775 822 821 2774
9889 5 2 0 20 811 2764 2763 810 2841 4366 4361 2840
9890 5 2 0 20 2841 4366 4361 2840 2852 4367 4362 2851
9891 5 2 0 20 2852 4367 4362 2851 2863 4368 4363 2862
9892 5 2 0 20 2863 4368 4363 2862 2874 4369 4364 2873
9893 5 2 0 20 2874 4369 4364 2873 2885 4370 4365 2884
9894 5 2 0 20 2885 4370 4365 2884 834 2775 2774 833
9895 5 2 0 20 2765 800 799 2764 4371 2787 2786 4366
9896 5 2 0 20 4371 2787 2786 4366 4372 2798 2797 4367
9897 5 2 0 20 4372 2798 2797 4367 4373 2809 2808 4368
9898 5 2 0 20 4373 2809 2808 4368 4374 2820 2819 4369
9899 5 2 0 20 4374 2820 2819 4369 4375 2831 2830 4370
9900 5 2 0 20 4375 2831 2830 4370 2776 823 822 2775
9901 5 2 0 20 812 2765 2764 811 2842 4371 4366 2841
9902 5 2 0 20 2842 4371 4366 2841 2853 4372 4367 2852
9903 5 2 0 20 2853 4372 4367 2852 2864 4373 4368 2863
9904 5 2 0 20 2864 4373 4368 2863 2875 4374 4369 2874
9905 5 2 0 20 2875 4374 4369 2874 2886 4375 4370 2885
9906 5 2 0 20 2886 4375 4370 2885 835 2776 2775 834
9907 5 2 0 20 2766 801 800 2765 4376 2788 2787 4371
9908 5 2 0 20 4376 2788 2787 4371 4377 2799 2798 4372
9909 5 2 0 20 4377 2799 2798 4372 4378 2810 2809 4373
9910 5 2 0 20 4378 2810 2809 4373 4379 2821 2820 4374
9911 5 2 0 20 4379 2821 2820 4374 4380 2832 2831 4375
9912 5 2 0 20 4380 2832 2831 4375 2777 824 823 2776
9913 5 2 0 20 813 2766 2765 812 2843 4376 4371 2842
9914 5 2 0 20 2843 4376 4371 2842 2854 4377 4372 2853
9915 5 2 0 20 2854 4377 4372 2853 2865 4378 4373 2864
9916 5 2 0 20 2865 4378 4373 2864 2876 4379 4374 2875
9917 5 2 0 20 2876 4379 4374 2875 2887 4380 4375 2886
9918 5 2 0 20 2887 4380 4375 2886 836 2777 2776 835
9919 5 2 0 20 2767 802 801 2766 4381 2789 2788 4376
9920 5 2 0 20 4381 2789 2788 4376 4382 2800 2799 4377
9921 5 2 0 20 4382 2800 2799 4377 4383 2811 2810 4378
9922 5 2 0 20 4383 2811 2810 4378 4384 2822 2821 4379
9923 5 2 0 20 4384 2822 2821 4379 4385 2833 2832 4380
9924 5 2 0 20 4385 2833 2832 4380 2778 825 824 2777
9925 5 2 0 20 814 2767 2766 813 2844 4381 4376 2843
9926 5 2 0 20 2844 4381 4376 2843 2855 4382 4377 2854
9927 5 2 0 20 2855 4382 4377 2854 2866 4383 4378 2865
9928 5 2 0 20 2866 4383 4378 2865 2877 4384 4379 2876
9929 5 2 0 20 2877 4384 4379 2876 2888 4385 4380 2887
9930 5 2 0 20 2888 4385 4380 2887 837 2778 2777 836
9931 5 2 0 20 2768 803 802 2767 4386 2790 2789 4381
9932 5 2 0 20 4386 2790 2789 4381 4387 2801 2800 4382
9933 5 2 0 20 4387 2801 2800 4382 4388 2812 2811 4383
9934 5 2 0 20 4388 2812 2811 4383 4389 2823 2822 4384
9935 5 2 0 20 4389 2823 2822 4384 4390 2834 2833 4385
9936 5 2 0 20 4390 2834 2833 4385 2779 826 825 2778
9937 5 2 0 20 815 2768 2767 814 2845 4386 4381 2844
9938 5 2 0 20 2845 4386 4381 2844 2856 4387 4382 2855
9939 5 2 0 20 2856 4387 4382 2855 2867 4388 4383 2866
9940 5 2 0 20 2867 4388 4383 2866 2878 4389 4384 2877
9941 5 2 0 20 2878 4389 4384 2877 2889 4390 4385 2888
9942 5 2 0 20 2889 4390 4385 2888 838 2779 2778 837
9943 5 2 0 20 804 57 803 2768 2890 839 2790 4386
9944 5 2 0 20 2890 839 2790 4386 2891 840 2801 4387
9945 5 2 0 20 2891 840 2801 4387 2892 841 2812 4388
9946 5 2 0 20 2892 841 2812 4388 2893 842 2823 4389
9947 5 2 0 20 2893 842 2823 4389 2894 843 2834 4390
9948 5 2 0 20 2894 843 2834 4390 827 59 826 2779
9949 5 2 0 20 58 804 2768 815 844 2890 4386 2845
9950 5 2 0 20 844 2890 4386 2845 845 2891 4387 2856
9951 5 2 0 20 845 2891 4387 2856 846 2892 4388 2867
9952 5 2 0 20 846 2892 4388 2867 847 2893 4389 2878
9953 5 2 0 20 847 2893 4389 2878 848 2894 4390 2889
9954 5 2 0 20 848 2894 4390 2889 60 827 2779 838
9955 5 2 0 21 2895 713 3 525 2906 736 7 538
9956 5 2 0 21 850 2895 525 25 862 2906 538 27
9957 5 2 0 21 2896 714 713 2895 2907 737 736 2906
9958 5 2 0 21 851 2896 2895 850 863 2907 2906 862
9959 5 2 0 21 2897 715 714 2896 2908 738 737 2907
9960 5 2 0 21 852 2897 2896 851 864 2908 2907 863
9961 5 2 0 21 2898 716 715 2897 2909 739 738 2908
9962 5 2 0 21 853 2898 2897 852 865 2909 2908 864
9963 5 2 0 21 2899 717 716 2898 2910 740 739 2909
9964 5 2 0 21 854 2899 2898 853 866 2910 2909 865
9965 5 2 0 21 2900 718 717 2899 2911 741 740 2910
9966 5 2 0 21 855 2900 2899 854 867 2911 2910 866
9967 5 2 0 21 2901 719 718 2900 2912 742 741 2911
9968 5 2 0 21 856 2901 2900 855 868 2912 2911 867
9969 5 2 0 21 2902 720 719 2901 2913 743 742 2912
9970 5 2 0 21 857 2902 2901 856 869 2913 2912 868
9971 5 2 0 21 2903 721 720 2902 2914 744 743 2913
9972 5 2 0 21 858 2903 2902 857 870 2914 2913 869
9973 5 2 0 21 2904 722 721 2903 2915 745 744 2914
9974 5 2 0 21 859 2904 2903 858 871 2915 2914 870
9975 5 2 0 21 2905 723 722 2904 2916 746 745 2915
9976 5 2 0 21 860 2905 2904 859 872 2916 2915 871
9977 5 2 0 21 849 50 723 2905 861 52 746 2916
9978 5 2 0 21 61 849 2905 860 62 861 2916 872
9979 5 2 0 22 2906 736 7 538 2917 759 11 551
9980 5 2 0 22 862 2906 538 27 874 2917 551 29
9981 5 2 0 22 2907 737 736 2906 2918 760 759 2917
9982 5 2 0 22 863 2907 2906 862 875 2918 2917 874
9983 5 2 0 22 2908 738 737 2907 2919 761 760 2918
9984 5 2 0 22 864 2908 2907 863 876 2919 2918 875
9985 5 2 0 22 2909 739 738 2908 2920 762 761 2919
9986 5 2 0 22 865 2909 2908 864 877 2920 2919 876
9987 5 2 0 22 2910 740 739 2909 2921 763 762 2920
9988 5 2 0 22 866 2910 2909 865 878 2921 2920 877
9989 5 2 0 22 2911 741 740 2910 2922 764 763 2921
9990 5 2 0 22 867 2911 2910 866 879 2922 2921 878
9991 5 2 0 22 2912 742 741 2911 2923 765 764 2922
9992 5 2 0 22 868 2912 2911 867 880 2923 2922 879
9993 5 2 0 22 2913 743 742 2912 2924 766 765 2923
9994 5 2 0 22 869 2913 2912 868 881 2924 2923 880
9995 5 2 0 22 2914 744 743 2913 2925 767 766 2924
9996 5 2 0 22 870 2914 2913 869 882 2925 2924 881
9997 5 2 0 22 2915 745 744 2914 2926 768 767 2925
9998 5 2 0 22 871 2915 2914 870 883 2926 2925 882
9999 5 2 0 22 2916 746 745 2915 2927 769 768 2926
10000 5 2 0 22 872 2916 2915 871 884 2927 2926 883
10001 5 2 0 22 861 52 746 2916 873 54 769 2927
10002 5 2 0 22 62 861 2916 872 63 873 2927 884
10003 5 2 0 23 2917 759 11 551 2928 782 15 564
10004 5 2 0 23 874 2917 551 29 886 2928 564 31
10005 5 2 0 23 2918 760 759 2917 2929 783 782 2928
10006 5 2 0 23 875 2918 2917 874 887 2929 2928 886
10007 5 2 0 23 2919 761 760 2918 2930 784 783 2929
10008 5 2 0 23 876 2919 2918 875 888 2930 2929 887
10009 5 2 0 23 2920 762 761 2919 2931 785 784 2930
10010 5 2 0 23 877 2920 2919 876 889 2931 2930 888
10011 5 2 0 23 2921 763 762 2920 2932 786 785 2931
10012 5 2 0 23 878 2921 2920 877 890 2932 2931 889
10013 5 2 0 23 2922 764 763 2921 2933 787 786 2932
10014 5 2 0 23 879 2922 2921 878 891 2933 2932 890
10015 5 2 0 23 2923 765 764 2922 2934 788 787 2933
10016 5 2 0 23 880 2923 2922 879 892 2934 2933 891
10017 5 2 0 23 2924 766 765 2923 2935 789 788 2934
10018 5 2 0 23 881 2924 2923 880 893 2935 2934 892
10019 5 2 0 23 2925 767 766 2924 2936 790 789 2935
10020 5 2 0 23 882 2925 2924 881 894 2936 2935 893
10021 5 2 0 23 2926 768 767 2925 2937 791 790 2936
10022 5 2 0 23 883 2926 2925 882 895 2937 2936 894
10023 5 2 0 23 2927 769 768 2926 2938 792 791 2937
10024 5 2 0 23 884 2927 2926 883 896 2938 2937 895
10025 5 2 0 23 873 54 769 2927 885 56 792 2938
10026 5 2 0 23 63 873 2927 884 64 885 2938 896
10027 5 2 0 24 2928 782 15 564 2939 805 19 577
10028 5 2 0 24 886 2928 564 31 898 2939 577 33
10029 5 2 0 24 2929 783 782 2928 2940 806 805 2939
10030 5 2 0 24 887 2929 2928 886 899 2940 2939 898
10031 5 2 0 24 2930 784 783 2929 2941 807 806 2940
10032 5 2 0 24 888 2930 2929 887 900 2941 2940 899
10033 5 2 0 24 2931 785 784 2930 2942 808 807 2941
10034 5 2 0 24 889 2931 2930 888 901 2942 2941 900
10035 5 2 0 24 2932 786 785 2931 2943 809 808 2942
10036 5 2 0 24 890 2932 2931 889 902 2943 2942 901
10037 5 2 0 24 2933 787 786 2932 2944 810 809 2943
10038 5 2 0 24 891 2933 2932 890 903 2944 2943 902
10039 5 2 0 24 2934 788 787 2933 2945 811 810 2944
10040 5 2 0 24 892 2934 2933 891 904 2945 2944 903
10041 5 2 0 24 2935 789 788 2934 2946 812 811 2945
10042 5 2 0 24 893 2935 2934 892 905 2946 2945 904
10043 5 2 0 24 2936 790 789 2935 2947 813 812 2946
10044 5 2 0 24 894 2936 2935 893 906 2947 2946 905
10045 5 2 0 24 2937 791 790 2936 2948 814 813 2947
10046 5 2 0 24 895 2937 2936 894 907 2948 2947 906
10047 5 2 0 24 2938 792 791 2937 2949 815 814 2948
10048 5 2 0 24 896 2938 2937 895 908 2949 2948 907
10049 5 2 0 24 885 56 792 2938 897 58 815 2949
10050 5 2 0 24 64 885 2938 896 65 897 2949 908
10051 5 2 0 25 2939 805 19 577 4391 2835 520 2578
10052 5 2 0 25 4391 2835 520 2578 4392 2846 521 2579
10053 5 2 0 25 4392 2846 521 2579 4393 2857 522 2580
10054 5 2 0 25 4393 2857 522 2580 4394 2868 523 2581
10055 5 2 0 25 4394 2868 523 2581 4395 2879 524 2582
10056 5 2 0 25 4395 2879 524 2582 2950 828 23 590
10057 5 2 0 25 898 2939 577 33 2961 4391 2578 608
10058 5 2 0 25 2961 4391 2578 608 2972 4392 2579 609
10059 5 2 0 25 2972 4392 2579 609 2983 4393 2580 610
10060 5 2 0 25 2983 4393 2580 610 2994 4394 2581 611
10061 5 2 0 25 2994 4394 2581 611 3005 4395 2582 612
10062 5 2 0 25 3005 4395 2582 612 910 2950 590 35
10063 5 2 0 25 2940 806 805 2939 4396 2836 2835 4391
10064 5 2 0 25 4396 2836 2835 4391 4397 2847 2846 4392
10065 5 2 0 25 4397 2847 2846 4392 4398 2858 2857 4393
10066 5 2 0 25 4398 2858 2857 4393 4399 2869 2868 4394
10067 5 2 0 25 4399 2869 2868 4394 4400 2880 2879 4395
10068 5 2 0 25 4400 2880 2879 4395 2951 829 828 2950
10069 5 2 0 25 899 2940 2939 898 2962 4396 4391 2961
10070 5 2 0 25 2962 4396 4391 2961 2973 4397 4392 2972
10071 5 2 0 25 2973 4397 4392 2972 2984 4398 4393 2983
10072 5 2 0 25 2984 4398 4393 2983 2995 4399 4394 2994
10073 5 2 0 25 2995 4399 4394 2994 3006 4400 4395 3005
10074 5 2 0 25 3006 4400 4395 3005 911 2951 2950 910
10075 5 2 0 25 2941 807 806 2940 4401 2837 2836 4396
10076 5 2 0 25 4401 2837 2836 4396 4402 2848 2847 4397
10077 5 2 0 25 4402 2848 2847 4397 4403 2859 2858 4398
10078 5 2 0 25 4403 2859 2858 4398 4404 2870 2869 4399
10079 5 2 0 25 4404 2870 2869 4399 4405 2881 2880 4400
10080 5 2 0 25 4405 2881 2880 4400 2952 830 829 2951
10081 5 2 0 25 900 2941 2940 899 2963 4401 4396 2962
10082 5 2 0 25 2963 4401 4396 2962 2974 4402 4397 2973
10083 5 2 0 25 2974 4402 4397 2973 2985 4403 4398 2984
10084 5 2 0 25 2985 4403 4398 2984 2996 4404 4399 2995
10085 5 2 0 25 2996 4404 4399 2995 3007 4405 4400 3006
10086 5 2 0 25 3007 4405 4400 3006 912 2952 2951 911
10087 5 2 0 25 2942 808 807 2941 4406 2838 2837 4401
10088 5 2 0 25 4406 2838 2837 4401 4407 2849 2848 4402
10089 5 2 0 25 4407 2849 2848 4402 4408 2860 2859 4403
10090 5 2 0 25 4408 2860 2859 4403 4409 2871 2870 4404
10091 5 2 0 25 4409 2871 2870 4404 4410 2882 2881 4405
10092 5 2 0 25 4410 2882 2881 4405 2953 831 830 2952
10093 5 2 0 25 901 2942 2941 900 2964 4406 4401 2963
10094 5 2 0 25 2964 4406 4401 2963 2975 4407 4402 2974
10095 5 2 0 25 2975 4407 4402 2974 2986 4408 4403 2985
10096 5 2 0 25 2986 4408 4403 2985 2997 4409 4404 2996
10097 5 2 0 25 2997 4409 4404 2996 3008 4410 4405 3007
10098 5 2 0 25 3008 4410 4405 3007 913 2953 2952 912
10099 5 2 0 25 2943 809 808 2942 4411 2839 2838 4406
10100 5 2 0 25 4411 2839 2838 4406 4412 2850 2849 4407
10101 5 2 0 25 4412 2850 2849 4407 4413 2861 2860 4408
10102 5 2 0 25 4413 2861 2860 4408 4414 2872 2871 4409
10103 5 2 0 25 4414 2872 2871 4409 4415 2883 2882 4410
10104 5 2 0 25 4415 2883 2882 4410 2954 832 831 2953
10105 5 2 0 25 902 2943 2942 901 2965 4411 4406 2964
10106 5 2 0 25 2965 4411 4406 2964 2976 4412 4407 2975
10107 5 2 0 25 2976 4412 4407 2975 2987 4413 4408 2986
10108 5 2 0 25 2987 4413 4408 2986 2998 4414 4409 2997
10109 5 2 0 25 2998 4414 4409 2997 3009 4415 4410 3008
10110 5 2 0 25 3009 4415 4410 3008 914 2954 2953 913
10111 5 2 0 25 2944 810 809 2943 4416 2840 2839 4411
10112 5 2 0 25 4416 2840 2839 4411 4417 2851 2850 4412
10113 5 2 0 25 4417 2851 2850 4412 4418 2862 2861 4413
10114 5 2 0 25 4418 2862 2861 4413 4419 2873 2872 4414
10115 5 2 0 25 4419 2873 2872 4414 4420 2884 2883 4415
10116 5 2 0 25 4420 2884 2883 4415 2955 833 832 2954
10117 5 2 0 25 903 2944 2943 902 2966 4416 4411 2965
10118 5 2 0 25 2966 4416 4411 2965 2977 4417 4412 2976
10119 5 2 0 25 2977 4417 4412 2976 2988 4418 4413 2987
10120 5 2 0 25 2988 4418 4413 2987 2999 4419 4414 2998
10121 5 2 0 25 2999 4419 4414 2998 3010 4420 4415 3009
10122 5 2 0 25 3010 4420 4415 3009 915 2955 2954 914
10123 5 2 0 25 2945 811 810 2944 4421 2841 2840 4416
10124 5 2 0 25 4421 2841 2840 4416 4422 2852 2851 4417
10125 5 2 0 25 4422 2852 2851 4417 4423 2863 2862 4418
10126 5 2 0 25 4423 2863 2862 4418 4424 2874 2873 4419
10127 5 2 0 25 4424 2874 2873 4419 4425 2885 2884 4420
10128 5 2 0 25 4425 2885 2884 4420 2956 834 833 2955
10129 5 2 0 25 904 2945 2944 903 2967 4421 4416 2966
10130 5 2 0 25 2967 4421 4416 2966 2978 4422 4417 2977
10131 5 2 0 25 2978 4422 4417 2977 2989 4423 4418 2988
10132 5 2 0 25 2989 4423 4418 2988 3000 4424 4419 2999
10133 5 2 0 25 3000 4424 4419 2999 3011 4425 4420 3010
10134 5 2 0 25 3011 4425 4420 3010 916 2956 2955 915
10135 5 2 0 25 2946 812 811 2945 4426 2842 2841 4421
10136 5 2 0 25 4426 2842 2841 4421 4427 2853 2852 4422
10137 5 2 0 25 4427 2853 2852 4422 4428 2864 2863 4423
10138 5 2 0 25 4428 2864 2863 4423 4429 2875 2874 4424
10139 5 2 0 25 4429 2875 2874 4424 4430 2886 2885 4425
10140 5 2 0 25 4430 2886 2885 4425 2957 835 834 2956
10141 5 2 0 25 905 2946 2945 904 2968 4426 4421 2967
10142 5 2 0 25 2968 4426 4421 2967 2979 4427 4422 2978
10143 5 2 0 25 2979 4427 4422 2978 2990 4428 4423 2989
10144 5 2 0 25 2990 4428 4423 2989 3001 4429 4424 3000
10145 5 2 0 25 3001 4429 4424 3000 3012 4430 4425 3011
10146 5 2 0 25 3012 4430 4425 3011 917 2957 2956 916
10147 5 2 0 25 2947 813 812 2946 4431 2843 2842 4426
10148 5 2 0 25 4431 2843 2842 4426 4432 2854 2853 4427
10149 5 2 0 25 4432 2854 2853 4427 4433 2865 2864 4428
10150 5 2 0 25 4433 2865 2864 4428 4434 2876 2875 4429
10151 5 2 0 25 4434 2876 2875 4429 4435 2887 2886 4430
10152 5 2 0 25 4435 2887 2886 4430 2958 836 835 2957
10153 5 2 0 25 906 2947 2946 905 2969 4431 4426 2968
10154 5 2 0 25 2969 4431 4426 2968 2980 4432 4427 2979
10155 5 2 0 25 2980 4432 4427 2979 2991 4433 4428 2990
10156 5 2 0 25 2991 4433 4428 2990 3002 4434 4429 3001
10157 5 2 0 25 3002 4434 4429 3001 3013 4435 4430 3012
10158 5 2 0 25 3013 4435 4430 3012 918 2958 2957 917
10159 5 2 0 25 2948 814 813 2947 4436 2844 2843 4431
10160 5 2 0 25 4436 2844 2843 4431 4437 2855 2854 4432
10161 5 2 0 25 4437 2855 2854 4432 4438 2866 2865 4433
10162 5 2 0 25 4438 2866 2865 4433 4439 2877 2876 4434
10163 5 2 0 25 4439 2877 2876 4434 4440 2888 2887 4435
10164 5 2 0 25 4440 2888 2887 4435 2959 837 836 2958
10165 5 2 0 25 907 2948 2947 906 2970 4436 4431 2969
10166 5 2 0 25 2970 4436 4431 2969 2981 4437 4432 2980
10167 5 2 0 25 2981 4437 4432 2980 2992 4438 4433 2991
10168 5 2 0 25 2992 4438 4433 2991 3003 4439 4434 3002
10169 5 2 0 25 3003 4439 4434 3002 3014 4440 4435 3013
10170 5 2 0 25 3014 4440 4435 3013 919 2959 2958 918
10171 5 2 0 25 2949 815 814 2948 4441 2845 2844 4436
10172 5 2 0 25 4441 2845 2844 4436 4442 2856 2855 4437
10173 5 2 0 25 4442 2856 2855 4437 4443 2867 2866 4438
10174 5 2 0 25 4443 2867 2866 4438 4444 2878 2877 4439
10175 5 2 0 25 4444 2878 2877 4439 4445 2889 2888 4440
10176 5 2 0 25 4445 2889 2888 4440 2960 838 837 2959
10177 5 2 0 25 908 2949 2948 907 2971 4441 4436 2970
10178 5 2 0 25 2971 4441 4436 2970 2982 4442 4437 2981
10179 5 2 0 25 2982 4442 4437 2981 2993 4443 4438 2992
10180 5 2 0 25 2993 4443 4438 2992 3004 4444 4439 3003
10181 5 2 0 25 3004 4444 4439 3003 3015 4445 4440 3014
10182 5 2 0 25 3015 4445 4440 3014 920 2960 2959 919
10183 5 2 0 25 897 58 815 2949 3016 844 2845 4441
10184 5 2 0 25 3016 844 2845 4441 3017 845 2856 4442
10185 5 2 0 25 3017 845 2856 4442 3018 846 2867 4443
10186 5 2 0 25 3018 846 2867 4443 3019 847 2878 4444
10187 5 2 0 25 3019 847 2878 4444 3020 848 2889 4445
10188 5 2 0 25 3020 848 2889 4445 909 60 838 2960
10189 5 2 0 25 65 897 2949 908 921 3016 4441 2971
10190 5 2 0 25 921 3016 4441 2971 922 3017 4442 2982
10191 5 2 0 25 922 3017 4442 2982 923 3018 4443 2993
10192 5 2 0 25 923 3018 4443 2993 924 3019 4444 3004
10193 5 2 0 25 924 3019 4444 3004 925 3020 4445 3015
10194 5 2 0 25 925 3020 4445 3015 66 909 2960 920
10195 5 2 0 26 3021 850 25 613 3032 862 27 626
10196 5 2 0 26 927 3021 613 37 939 3032 626 39
10197 5 2 0 26 3022 851 850 3021 3033 863 862 3032
10198 5 2 0 26 928 3022 3021 927 940 3033 3032 939
10199 5 2 0 26 3023 852 851 3022 3034 864 863 3033
10200 5 2 0 26 929 3023 3022 928 941 3034 3033 940
10201 5 2 0 26 3024 853 852 3023 3035 865 864 3034
10202 5 2 0 26 930 3024 3023 929 942 3035 3034 941
10203 5 2 0 26 3025 854 853 3024 3036 866 865 3035
10204 5 2 0 26 931 3025 3024 930 943 3036 3035 942
10205 5 2 0 26 3026 855 854 3025 3037 867 866 3036
10206 5 2 0 26 932 3026 3025 931 944 3037 3036 943
10207 5 2 0 26 3027 856 855 3026 3038 868 867 3037
10208 5 2 0 26 933 3027 3026 932 945 3038 3037 944
10209 5 2 0 26 3028 857 856 3027 3039 869 868 3038
10210 5 2 0 26 934 3028 3027 933 946 3039 3038 945
10211 5 2 0 26 3029 858 857 3028 3040 870 869 3039
10212 5 2 0 26 935 3029 3028 934 947 3040 3039 946
10213 5 2 0 26 3030 859 858 3029 3041 871 870 3040
10214 5 2 0 26 936 3030 3029 935 948 3041 3040 947
10215 5 2 0 26 3031 860 859 3030 3042 872 871 3041
10216 5 2 0 26 937 3031 3030 936 949 3042 3041 948
10217 5 2 0 26 926 61 860 3031 938 62 872 3042
10218 5 2 0 26 67 926 3031 937 68 938 3042 949
10219 5 2 0 27 3032 862 27 626 3043 874 29 639
10220 5 2 0 27 939 3032 626 39 951 3043 639 41
10221 5 2 0 27 3033 863 862 3032 3044 875 874 3043
10222 5 2 0 27 940 3033 3032 939 952 3044 3043 951
10223 5 2 0 27 3034 864 863 3033 3045 876 875 3044
10224 5 2 0 27 941 3034 3033 940 953 3045 3044 952
10225 5 2 0 27 3035 865 864 3034 3046 877 876 3045
10226 5 2 0 27 942 3035 3034 941 954 3046 3045 953
10227 5 2 0 27 3036 866 865 3035 3047 878 877 3046
10228 5 2 0 27 943 3036 3035 942 955 3047 3046 954
10229 5 2 0 27 3037 867 866 3036 3048 879 878 3047
10230 5 2 0 27 944 3037 3036 943 956 3048 3047 955
10231 5 2 0 27 3038 868 867 3037 3049 880 879 3048
10232 5 2 0 27 945 3038 3037 944 957 3049 3048 956
10233 5 2 0 27 3039 869 868 3038 3050 881 880 3049
10234 5 2 0 27 946 3039 3038 945 958 3050 3049 957
10235 5 2 0 27 3040 870 869 3039 3051 882 881 3050
10236 5 2 0 27 947 3040 3039 946 959 3051 3050 958
10237 5 2 0 27 3041 871 870 3040 3052 883 882 3051
10238 5 2 0 27 948 3041 3040 947 960 3052 3051 959
10239 5 2 0 27 3042 872 871 3041 3053 884 883 3052
10240 5 2 0 27 949 3042 3041 948 961 3053 3052 960
10241 5 2 0 27 938 62 872 3042 950 63 884 3053
10242 5 2 0 27 68 938 3042 949 69 950 3053 961
10243 5 2 0 28 3043 874 29 639 3054 886 31 652
10244 5 2 0 28 951 3043 639 41 963 3054 652 43
10245 5 2 0 28 3044 875 874 3043 3055 887 886 3054
10246 5 2 0 28 952 3044 3043 951 964 3055 3054 963
10247 5 2 0 28 3045 876 875 3044 3056 888 887 3055
10248 5 2 0 28 953 3045 3044 952 965 3056 3055 964
10249 5 2 0 28 3046 877 876 3045 3057 889 888 3056
10250 5 2 0 28 954 3046 3045 953 966 3057 3056 965
10251 5 2 0 28 3047 878 877 3046 3058 890 889 3057
10252 5 2 0 28 955 3047 3046 954 967 3058 3057 966
10253 5 2 0 28 3048 879 878 3047 3059 891 890 3058
10254 5 2 0 28 956 3048 3047 955 968 3059 3058 967
10255 5 2 0 28 3049 880 879 3048 3060 892 891 3059
10256 5 2 0 28 957 3049 3048 956 969 3060 3059 968
10257 5 2 0 28 3050 881 880 3049 3061 893 892 3060
10258 5 2 0 28 958 3050 3049 957 970 3061 3060 969
10259 5 2 0 28 3051 882 881 3050 3062 894 893 3061
10260 5 2 0 28 959 3051 3050 958 971 3062 3061 970
10261 5 2 0 28 3052 883 882 3051 3063 895 894 3062
10262 5 2 0 28 960 3052 3051 959 972 3063 3062 971
10263 5 2 0 28 3053 884 883 3052 3064 896 895 3063
10264 5 2 0 28 961 3053 3052 960 973 3064 3063 972
10265 5 2 0 28 950 63 884 3053 962 64 896 3064
10266 5 2 0 28 69 950 3053 961 70 962 3064 973
10267 5 2 0 29 3054 886 31 652 3065 898 33 665
10268 5 2 0 29 963 3054 652 43 975 3065 665 45
10269 5 2 0 29 3055 887 886 3054 3066 899 898 3065
10270 5 2 0 29 964 3055 3054 963 976 3066 3065 975
10271 5 2 0 29 3056 888 887 3055 3067 900 899 3066
10272 5 2 0 29 965 3056 3055 964 977 3067 3066 976
10273 5 2 0 29 3057 889 888 3056 3068 901 900 3067
10274 5 2 0 29 966 3057 3056 965 978 3068 3067 977
10275 5 2 0 29 3058 890 889 3057 3069 902 901 3068
10276 5 2 0 29 967 3058 3057 966 979 3069 3068 978
10277 5 2 0 29 3059 891 890 3058 3070 903 902 3069
10278 5 2 0 29 968 3059 3058 967 980 3070 3069 979
10279 5 2 0 29 3060 892 891 3059 3071 904 903 3070
10280 5 2 0 29 969 3060 3059 968 981 3071 3070 980
10281 5 2 0 29 3061 893 892 3060 3072 905 904 3071
10282 5 2 0 29 970 3061 3060 969 982 3072 3071 981
10283 5 2 0 29 3062 894 893 3061 3073 906 905 3072
10284 5 2 0 29 971 3062 3061 970 983 3073 3072 982
10285 5 2 0 29 3063 895 894 3062 3074 907 906 3073
10286 5 2 0 29 972 3063 3062 971 984 3074 3073 983
10287 5 2 0 29 3064 896 895 3063 3075 908 907 3074
10288 5 2 0 29 973 3064 3063 972 985 3075 3074 984
10289 5 2 0 29 962 64 896 3064 974 65 908 3075
10290 5 2 0 29 70 962 3064 973 71 974 3075 985
10291 5 2 0 30 3065 898 33 665 4446 2961 608 2709
10292 5 2 0 30 4446 2961 608 2709 4447 2972 609 2710
10293 5 2 0 30 4447 2972 609 2710 4448 2983 610 2711
10294 5 2 0 30 4448 2983 610 2711 4449 2994 611 2712
10295 5 2 0 30 4449 2994 611 2712 4450 3005 612 2713
10296 5 2 0 30 4450 3005 612 2713 3076 910 35 678
10297 5 2 0 30 975 3065 665 45 3087 4446 2709 696
10298 5 2 0 30 3087 4446 2709 696 3098 4447 2710 697
10299 5 2 0 30 3098 4447 2710 697 3109 4448 2711 698
10300 5 2 0 30 3109 4448 2711 698 3120 4449 2712 699
10301 5 2 0 30 3120 4449 2712 699 3131 4450 2713 700
10302 5 2 0 30 3131 4450 2713 700 987 3076 678 47
10303 5 2 0 30 3066 899 898 3065 4451 2962 2961 4446
10304 5 2 0 30 4451 2962 2961 4446 4452 2973 2972 4447
10305 5 2 0 30 4452 2973 2972 4447 4453 2984 2983 4448
10306 5 2 0 30 4453 2984 2983 4448 4454 2995 2994 4449
10307 5 2 0 30 4454 2995 2994 4449 4455 3006 3005 4450
10308 5 2 0 30 4455 3006 3005 4450 3077 911 910 3076
10309 5 2 0 30 976 3066 3065 975 3088 4451 4446 3087
10310 5 2 0 30 3088 4451 4446 3087 3099 4452 4447 3098
10311 5 2 0 30 3099 4452 4447 3098 3110 4453 4448 3109
10312 5 2 0 30 3110 4453 4448 3109 3121 4454 4449 3120
10313 5 2 0 30 3121 4454 4449 3120 3132 4455 4450 3131
10314 5 2 0 30 3132 4455 4450 3131 988 3077 3076 987
10315 5 2 0 30 3067 900 899 3066 4456 2963 2962 4451
10316 5 2 0 30 4456 2963 2962 4451 4457 2974 2973 4452
10317 5 2 0 30 4457 2974 2973 4452 4458 2985 2984 4453
10318 5 2 0 30 4458 2985 2984 4453 4459 2996 2995 4454
10319 5 2 0 30 4459 2996 2995 4454 4460 3007 3006 4455
10320 5 2 0 30 4460 3007 3006 4455 3078 912 911 3077
10321 5 2 0 30 977 3067 3066 976 3089 4456 4451 3088
10322 5 2 0 30 3089 4456 4451 3088 3100 4457 4452 3099
10323 5 2 0 30 3100 4457 4452 3099 3111 4458 4453 3110
10324 5 2 0 30 3111 4458 4453 3110 3122 4459 4454 3121
10325 5 2 0 30 3122 4459 4454 3121 3133 4460 4455 3132
10326 5 2 0 30 3133 4460 4455 3132 989 3078 3077 988
10327 5 2 0 30 3068 901 900 3067 4461 2964 2963 4456
10328 5 2 0 30 4461 2964 2963 4456 4462 2975 2974 4457
10329 5 2 0 30 4462 2975 2974 4457 4463 2986 2985 4458
10330 5 2 0 30 4463 2986 2985 4458 4464 2997 2996 4459
10331 5 2 0 30 4464 2997 2996 4459 4465 3008 3007 4460
10332 5 2 0 30 4465 3008 3007 4460 3079 913 912 3078
10333 5 2 0 30 978 3068 3067 977 3090 4461 4456 3089
10334 5 2 0 30 3090 4461 4456 3089 3101 4462 4457 3100
10335 5 2 0 30 3101 4462 4457 3100 3112 4463 4458 3111
10336 5 2 0 30 3112 4463 4458 3111 3123 4464 4459 3122
10337 5 2 0 30 3123 4464 4459 3122 3134 4465 4460 3133
10338 5 2 0 30 3134 4465 4460 3133 990 3079 3078 989
10339 5 2 0 30 3069 902 901 3068 4466 2965 2964 4461
10340 5 2 0 30 4466 2965 2964 4461 4467 2976 2975 4462
10341 5 2 0 30 4467 2976 2975 4462 4468 2987 2986 4463
10342 5 2 0 30 4468 2987 2986 4463 4469 2998 2997 4464
10343 5 2 0 30 4469 2998 2997 4464 4470 3009 3008 4465
10344 5 2 0 30 4470 3009 3008 4465 3080 914 913 3079
10345 5 2 0 30 979 3069 3068 978 3091 4466 4461 3090
10346 5 2 0 30 3091 4466 4461 3090 3102 4467 4462 3101
10347 5 2 0 30 3102 4467 4462 3101 3113 4468 4463 3112
10348 5 2 0 30 3113 4468 4463 3112 3124 4469 4464 3123
10349 5 2 0 30 3124 4469 4464 3123 3135 4470 4465 3134
10350 5 2 0 30 3135 4470 4465 3134 991 3080 3079 990
10351 5 2 0 30 3070 903 902 3069 4471 2966 2965 4466
10352 5 2 0 30 4471 2966 2965 4466 4472 2977 2976 4467
10353 5 2 0 30 4472 2977 2976 4467 4473 2988 2987 4468
10354 5 2 0 30 4473 2988 2987 4468 4474 2999 2998 4469
10355 5 2 0 30 4474 2999 2998 4469 4475 3010 3009 4470
10356 5 2 0 30 4475 3010 3009 4470 3081 915 914 3080
10357 5 2 0 30 980 3070 3069 979 3092 4471 4466 3091
10358 5 2 0 30 3092 4471 4466 3091 3103 4472 4467 3102
10359 5 2 0 30 3103 4472 4467 3102 3114 4473 4468 3113
10360 5 2 0 30 3114 4473 4468 3113 3125 4474 4469 3124
10361 5 2 0 30 3125 4474 4469 3124 3136 4475 4470 3135
10362 5 2 0 30 3136 4475 4470 3135 992 3081 3080 991
10363 5 2 0 30 3071 904 903 3070 4476 2967 2966 4471
10364 5 2 0 30 4476 2967 2966 4471 4477 2978 2977 4472
10365 5 2 0 30 4477 2978 2977 4472 4478 2989 2988 4473
10366 5 2 0 30 4478 2989 2988 4473 4479 3000 2999 4474
10367 5 2 0 30 4479 3000 2999 4474 4480 3011 3010 4475
10368 5 2 0 30 4480 3011 3010 4475 3082 916 915 3081
10369 5 2 0 30 981 3071 3070 980 3093 4476 4471 3092
10370 5 2 0 30 3093 4476 4471 3092 3104 4477 4472 3103
10371 5 2 0 30 3104 4477 4472 3103 3115 4478 4473 3114
10372 5 2 0 30 3115 4478 4473 3114 3126 4479 4474 3125
10373 5 2 0 30 3126 4479 4474 3125 3137 4480 4475 3136
10374 5 2 0 30 3137 4480 4475 3136 993 3082 3081 992
10375 5 2 0 30 3072 905 904 3071 4481 2968 2967 4476
10376 5 2 0 30 4481 2968 2967 4476 4482 2979 2978 4477
10377 5 2 0 30 4482 2979 2978 4477 4483 2990 2989 4478
10378 5 2 0 30 4483 2990 2989 4478 4484 3001 3000 4479
10379 5 2 0 30 4484 3001 3000 4479 4485 3012 3011 4480
10380 5 2 0 30 4485 3012 3011 4480 3083 917 916 3082
10381 5 2 0 30 982 3072 3071 981 3094 4481 4476 3093
10382 5 2 0 30 3094 4481 4476 3093 3105 4482 4477 3104
10383 5 2 0 30 3105 4482 4477 3104 3116 4483 4478 3115
10384 5 2 0 30 3116 4483 4478 3115 3127 4484 4479 3126
10385 5 2 0 30 3127 4484 4479 3126 3138 4485 4480 3137
10386 5 2 0 30 3138 4485 4480 3137 994 3083 3082 993
10387 5 2 0 30 3073 906 905 3072 4486 2969 2968 4481
10388 5 2 0 30 4486 2969 2968 4481 4487 2980 2979 4482
10389 5 2 0 30 4487 2980 2979 4482 4488 2991 2990 4483
10390 5 2 0 30 4488 2991 2990 4483 4489 3002 3001 4484
10391 5 2 0 30 4489 3002 3001 4484 4490 3013 3012 4485
10392 5 2 0 30 4490 3013 3012 4485 3084 918 917 3083
10393 5 2 0 30 983 3073 3072 982 3095 4486 4481 3094
10394 5 2 0 30 3095 4486 4481 3094 3106 4487 4482 3105
10395 5 2 0 30 3106 4487 4482 3105 3117 4488 4483 3116
10396 5 2 0 30 3117 4488 4483 3116 3128 4489 4484 3127
10397 5 2 0 30 3128 4489 4484 3127 3139 4490 4485 3138
10398 5 2 0 30 3139 4490 4485 3138 995 3084 3083 994
10399 5 2 0 30 3074 907 906 3073 4491 2970 2969 4486
10400 5 2 0 30 4491 2970 2969 4486 4492 2981 2980 4487
10401 5 2 0 30 4492 2981 2980 4487 4493 2992 2991 4488
10402 5 2 0 30 4493 2992 2991 4488 4494 3003 3002 4489
10403 5 2 0 30 4494 3003 3002 4489 4495 3014 3013 4490
10404 5 2 0 30 4495 3014 3013 4490 3085 919 918 3084
10405 5 2 0 30 984 3074 3073 983 3096 4491 4486 3095
10406 5 2 0 30 3096 4491 4486 3095 3107 4492 4487 3106
10407 5 2 0 30 3107 4492 4487 3106 3118 4493 4488 3117
10408 5 2 0 30 3118 4493 4488 3117 3129 4494 4489 3128
10409 5 2 0 30 3129 4494 4489 3128 3140 4495 4490 3139
10410 5 2 0 30 3140 4495 4490 3139 996 3085 3084 995
10411 5 2 0 30 3075 908 907 3074 4496 2971 2970 4491
10412 5 2 0 30 4496 2971 2970 4491 4497 2982 2981 4492
10413 5 2 0 30 4497 2982 2981 4492 4498 2993 2992 4493
10414 5 2 0 30 4498 2993 2992 4493 4499 3004 3003 4494
10415 5 2 0 30 4499 3004 3003 4494 4500 3015 3014 4495
10416 5 2 0 30 4500 3015 3014 4495 3086 920 919 3085
10417 5 2 0 30 985 3075 3074 984 3097 4496 4491 3096
10418 5 2 0 30 3097 4496 4491 3096 3108 4497 4492 3107
10419 5 2 0 30 3108 4497 4492 3107 3119 4498 4493 3118
10420 5 2 0 30 3119 4498 4493 3118 3130 4499 4494 3129
10421 5 2 0 30 3130 4499 4494 3129 3141 4500 4495 3140
10422 5 2 0 30 3141 4500 4495 3140 997 3086 3085 996
10423 5 2 0 30 974 65 908 3075 3142 921 2971 4496
10424 5 2 0 30 3142 921 2971 4496 3143 922 2982 4497
10425 5 2 0 30 3143 922 2982 4497 3144 923 2993 4498
10426 5 2 0 30 3144 923 2993 4498 3145 924 3004 4499
10427 5 2 0 30 3145 924 3004 4499 3146 925 3015 4500
10428 5 2 0 30 3146 925 3015 4500 986 66 920 3086
10429 5 2 0 30 71 974 3075 985 998 3142 4496 3097
10430 5 2 0 30 998 3142 4496 3097 999 3143 4497 3108
10431 5 2 0 30 999 3143 4497 3108 1000 3144 4498 3119
10432 5 2 0 30 1000 3144 4498 3119 1001 3145 4499 3130
10433 5 2 0 30 1001 3145 4499 3130 1002 3146 4500 3141
10434 5 2 0 30 1002 3146 4500 3141 72 986 3086 997
10435 5 2 0 31 3147 1003 49 712 3151 1012 51 735
10436 5 2 0 31 1008 3147 712 50 1017 3151 735 52
10437 5 2 0 31 3148 1004 1003 3147 3152 1013 1012 3151
10438 5 2 0 31 1009 3148 3147 1008 1018 3152 3151 1017
10439 5 2 0 31 3149 1005 1004 3148 3153 1014 1013 3152
10440 5 2 0 31 1010 3149 3148 1009 1019 3153 3152 1018
10441 5 2 0 31 3150 1006 1005 3149 3154 1015 1014 3153
10442 5 2 0 31 1011 3150 3149 1010 1020 3154 3153 1019
10443 5 2 0 31 1007 73 1006 3150 1016 75 1015 3154
10444 5 2 0 31 74 1007 3150 1011 76 1016 3154 1020
10445 5 2 0 32 3151 1012 51 735 3155 1021 53 758
10446 5 2 0 32 1017 3151 735 52 1026 3155 758 54
10447 5 2 0 32 3152 1013 1012 3151 3156 1022 1021 3155
10448 5 2 0 32 1018 3152 3151 1017 1027 3156 3155 1026
10449 5 2 0 32 3153 1014 1013 3152 3157 1023 1022 3156
10450 5 2 0 32 1019 3153 3152 1018 1028 3157 3156 1027
10451 5 2 0 32 3154 1015 1014 3153 3158 1024 1023 3157
10452 5 2 0 32 1020 3154 3153 1019 1029 3158 3157 1028
10453 5 2 0 32 1016 75 1015 3154 1025 77 1024 3158
10454 5 2 0 32 76 1016 3154 1020 78 1025 3158 1029
10455 5 2 0 33 3155 1021 53 758 3159 1030 55 781
10456 5 2 0 33 1026 3155 758 54 1035 3159 781 56
10457 5 2 0 33 3156 1022 1021 3155 3160 1031 1030 3159
10458 5 2 0 33 1027 3156 3155 1026 1036 3160 3159 1035
10459 5 2 0 33 3157 1023 1022 3156 3161 1032 1031 3160
10460 5 2 0 33 1028 3157 3156 1027 1037 3161 3160 1036
10461 5 2 0 33 3158 1024 1023 3157 3162 1033 1032 3161
10462 5 2 0 33 1029 3158 3157 1028 1038 3162 3161 1037
10463 5 2 0 33 1025 77 1024 3158 1034 79 1033 3162
10464 5 2 0 33 78 1025 3158 1029 80 1034 3162 1038
10465 5 2 0 34 3159 1030 55 781 3163 1039 57 804
10466 5 2 0 34 1035 3159 781 56 1044 3163 804 58
10467 5 2 0 34 3160 1031 1030 3159 3164 1040 1039 3163
10468 5 2 0 34 1036 3160 3159 1035 1045 3164 3163 1044
10469 5 2 0 34 3161 1032 1031 3160 3165 1041 1040 3164
10470 5 2 0 34 1037 3161 3160 1036 1046 3165 3164 1045
10471 5 2 0 34 3162 1033 1032 3161 3166 1042 1041 3165
10472 5 2 0 34 1038 3162 3161 1037 1047 3166 3165 1046
10473 5 2 0 34 1034 79 1033 3162 1043 81 1042 3166
10474 5 2 0 34 80 1034 3162 1038 82 1043 3166 1047
10475 5 2 0 35 3163 1039 57 804 4501 3171 839 2890
10476 5 2 0 35 4501 3171 839 2890 4502 3175 840 2891
10477 5 2 0 35 4502 3175 840 2891 4503 3179 841 2892
10478 5 2 0 35 4503 3179 841 2892 4504 3183 842 2893
10479 5 2 0 35 4504 3183 842 2893 4505 3187 843 2894
10480 5 2 0 35 4505 3187 843 2894 3167 1048 59 827
10481 5 2 0 35 1044 3163 804 58 3191 4501 2890 844
10482 5 2 0 35 3191 4501 2890 844 3195 4502 2891 845
10483 5 2 0 35 3195 4502 2891 845 3199 4503 2892 846
10484 5 2 0 35 3199 4503 2892 846 3203 4504 2893 847
10485 5 2 0 35 3203 4504 2893 847 3207 4505 2894 848
10486 5 2 0 35 3207 4505 2894 848 1053 3167 827 60
10487 5 2 0 35 3164 1040 1039 3163 4506 3172 3171 4501
10488 5 2 0 35 4506 3172 3171 4501 4507 3176 3175 4502
10489 5 2 0 35 4507 3176 3175 4502 4508 3180 3179 4503
10490 5 2 0 35 4508 3180 3179 4503 4509 3184 3183 4504
10491 5 2 0 35 4509 3184 3183 4504 4510 3188 3187 4505
10492 5 2 0 35 4510 3188 3187 4505 3168 1049 1048 3167
10493 5 2 0 35 1045 3164 3163 1044 3192 4506 4501 3191
10494 5 2 0 35 3192 4506 4501 3191 3196 4507 4502 3195
10495 5 2 0 35 3196 4507 4502 3195 3200 4508 4503 3199
10496 5 2 0 35 3200 4508 4503 3199 3204 4509 4504 3203
10497 5 2 0 35 3204 4509 4504 3203 3208 4510 4505 3207
10498 5 2 0 35 3208 4510 4505 3207 1054 3168 3167 1053
10499 5 2 0 35 3165 1041 1040 3164 4511 3173 3172 4506
10500 5 2 0 35 4511 3173 3172 4506 4512 3177 3176 4507
10501 5 2 0 35 4512 3177 3176 4507 4513 3181 3180 4508
10502 5 2 0 35 4513 3181 3180 4508 4514 3185 3184 4509
10503 5 2 0 35 4514 3185 3184 4509 4515 3189 3188 4510
10504 5 2 0 35 4515 3189 3188 4510 3169 1050 1049 3168
10505 5 2 0 35 1046 3165 3164 1045 3193 4511 4506 3192
10506 5 2 0 35 3193 4511 4506 3192 3197 4512 4507 3196
10507 5 2 0 35 3197 4512 4507 3196 3201 4513 4508 3200
10508 5 2 0 35 3201 4513 4508 3200 3205 4514 4509 3204
10509 5 2 0 35 3205 4514 4509 3204 3209 4515 4510 3208
10510 5 2 0 35 3209 4515 4510 3208 1055 3169 3168 1054
10511 5 2 0 35 3166 1042 1041 3165 4516 3174 3173 4511
10512 5 2 0 35 4516 3174 3173 4511 4517 3178 3177 4512
10513 5 2 0 35 4517 3178 3177 4512 4518 3182 3181 4513
10514 5 2 0 35 4518 3182 3181 4513 4519 3186 3185 4514
10515 5 2 0 35 4519 3186 3185 4514 4520 3190 3189 4515
10516 5 2 0 35 4520 3190 3189 4515 3170 1051 1050 3169
10517 5 2 0 35 1047 3166 3165 1046 3194 4516 4511 3193
10518 5 2 0 35 3194 4516 4511 3193 3198 4517 4512 3197
10519 5 2 0 35 3198 4517 4512 3197 3202 4518 4513 3201
10520 5 2 0 35 3202 4518 4513 3201 3206 4519 4514 3205
10521 5 2 0 35 3206 4519 4514 3205 3210 4520 4515 3209
10522 5 2 0 35 3210 4520 4515 3209 1056 3170 3169 1055
10523 5 2 0 35 1043 81 1042 3166 3211 1057 3174 4516
10524 5 2 0 35 3211 1057 3174 4516 3212 1058 3178 4517
10525 5 2 0 35 3212 1058 3178 4517 3213 1059 3182 4518
10526 5 2 0 35 3213 1059 3182 4518 3214 1060 3186 4519
10527 5 2 0 35 3214 1060 3186 4519 3215 1061 3190 4520
10528 5 2 0 35 3215 1061 3190 4520 1052 83 1051 3170
10529 5 2 0 35 82 1043 3166 1047 1062 3211 4516 3194
10530 5 2 0 35 1062 3211 4516 3194 1063 3212 4517 3198
10531 5 2 0 35 1063 3212 4517 3198 1064 3213 4518 3202
10532 5 2 0 35 1064 3213 4518 3202 1065 3214 4519 3206
10533 5 2 0 35 1065 3214 4519 3206 1066 3215 4520 3210
10534 5 2 0 35 1066 3215 4520 3210 84 1052 3170 1056
10535 5 2 0 36 3216 1008 50 849 3220 1017 52 861
10536 5 2 0 36 1068 3216 849 61 1073 3220 861 62
10537 5 2 0 36 3217 1009 1008 3216 3221 1018 1017 3220
10538 5 2 0 36 1069 3217 3216 1068 1074 3221 3220 1073
10539 5 2 0 36 3218 1010 1009 3217 3222 1019 1018 3221
10540 5 2 0 36 1070 3218 3217 1069 1075 3222 3221 1074
10541 5 2 0 36 3219 1011 1010 3218 3223 1020 1019 3222
10542 5 2 0 36 1071 3219 3218 1070 1076 3223 3222 1075
10543 5 2 0 36 1067 74 1011 3219 1072 76 1020 3223
10544 5 2 0 36 85 1067 3219 1071 86 1072 3223 1076
10545 5 2 0 37 3220 1017 52 861 3224 1026 54 873
10546 5 2 0 37 1073 3220 861 62 1078 3224 873 63
10547 5 2 0 37 3221 1018 1017 3220 3225 1027 1026 3224
10548 5 2 0 37 1074 3221 3220 1073 1079 3225 3224 1078
10549 5 2 0 37 3222 1019 1018 3221 3226 1028 1027 3225
10550 5 2 0 37 1075 3222 3221 1074 1080 3226 3225 1079
10551 5 2 0 37 3223 1020 1019 3222 3227 1029 1028 3226
10552 5 2 0 37 1076 3223 3222 1075 1081 3227 3226 1080
10553 5 2 0 37 1072 76 1020 3223 1077 78 1029 3227
10554 5 2 0 37 86 1072 3223 1076 87 1077 3227 1081
10555 5 2 0 38 3224 1026 54 873 3228 1035 56 885
10556 5 2 0 38 1078 3224 873 63 1083 3228 885 64
10557 5 2 0 38 3225 1027 1026 3224 3229 1036 1035 3228
10558 5 2 0 38 1079 3225 3224 1078 1084 3229 3228 1083
10559 5 2 0 38 3226 1028 1027 3225 3230 1037 1036 3229
10560 5 2 0 38 1080 3226 3225 1079 1085 3230 3229 1084
10561 5 2 0 38 3227 1029 1028 3226 3231 1038 1037 3230
10562 5 2 0 38 1081 3227 3226 1080 1086 3231 3230 1085
10563 5 2 0 38 1077 78 1029 3227 1082 80 1038 3231
10564 5 2 0 38 87 1077 3227 1081 88 1082 3231 1086
10565 5 2 0 39 3228 1035 56 885 3232 1044 58 897
10566 5 2 0 39 1083 3228 885 64 1088 3232 897 65
10567 5 2 0 39 3229 1036 1035 3228 3233 1045 1044 3232
10568 5 2 0 39 1084 3229 3228 1083 1089 3233 3232 1088
10569 5 2 0 39 3230 1037 1036 3229 3234 1046 1045 3233
10570 5 2 0 39 1085 3230 3229 1084 1090 3234 3233 1089
10571 5 2 0 39 3231 1038 1037 3230 3235 1047 1046 3234
10572 5 2 0 39 1086 3231 3230 1085 1091 3235 3234 1090
10573 5 2 0 39 1082 80 1038 3231 1087 82 1047 3235
10574 5 2 0 39 88 1082 3231 1086 89 1087 3235 1091
10575 5 2 0 40 3232 1044 58 897 4521 3191 844 3016
10576 5 2 0 40 4521 3191 844 3016 4522 3195 845 3017
10577 5 2 0 40 4522 3195 845 3017 4523 3199 846 3018
10578 5 2 0 40 4523 3199 846 3018 4524 3203 847 3019
10579 5 2 0 40 4524 3203 847 3019 4525 3207 848 3020
10580 5 2 0 40 4525 3207 848 3020 3236 1053 60 909
10581 5 2 0 40 1088 3232 897 65 3240 4521 3016 921
10582 5 2 0 40 3240 4521 3016 921 3244 4522 3017 922
10583 5 2 0 40 3244 4522 3017 922 3248 4523 3018 923
10584 5 2 0 40 3248 4523 3018 923 3252 4524 3019 924
10585 5 2 0 40 3252 4524 3019 924 3256 4525 3020 925
10586 5 2 0 40 3256 4525 3020 925 1093 3236 909 66
10587 5 2 0 40 3233 1045 1044 3232 4526 3192 3191 4521
10588 5 2 0 40 4526 3192 3191 4521 4527 3196 3195 4522
10589 5 2 0 40 4527 3196 3195 4522 4528 3200 3199 4523
10590 5 2 0 40 4528 3200 3199 4523 4529 3204 3203 4524
10591 5 2 0 40 4529 3204 3203 4524 4530 3208 3207 4525
10592 5 2 0 40 4530 3208 3207 4525 3237 1054 1053 3236
10593 5 2 0 40 1089 3233 3232 1088 3241 4526 4521 3240
10594 5 2 0 40 3241 4526 4521 3240 3245 4527 4522 3244
10595 5 2 0 40 3245 4527 4522 3244 3249 4528 4523 3248
10596 5 2 0 40 3249 4528 4523 3248 3253 4529 4524 3252
10597 5 2 0 40 3253 4529 4524 3252 3257 4530 4525 3256
10598 5 2 0 40 3257 4530 4525 3256 1094 3237 3236 1093
10599 5 2 0 40 3234 1046 1045 3233 4531 3193 3192 4526
10600 5 2 0 40 4531 3193 3192 4526 4532 3197 3196 4527
10601 5 2 0 40 4532 3197 3196 4527 4533 3201 3200 4528
10602 5 2 0 40 4533 3201 3200 4528 4534 3205 3204 4529
10603 5 2 0 40 4534 3205 3204 4529 4535 3209 3208 4530
10604 5 2 0 40 4535 3209 3208 4530 3238 1055 1054 3237
10605 5 2 0 40 1090 3234 3233 1089 3242 4531 4526 3241
10606 5 2 0 40 3242 4531 4526 3241 3246 4532 4527 3245
10607 5 2 0 40 3246 4532 4527 3245 3250 4533 4528 3249
10608 5 2 0 40 3250 4533 4528 3249 3254 4534 4529 3253
10609 5 2 0 40 3254 4534 4529 3253 3258 4535 4530 3257
10610 5 2 0 40 3258 4535 4530 3257 1095 3238 3237 1094
10611 5 2 0 40 3235 1047 1046 3234 4536 3194 3193 4531
10612 5 2 0 40 4536 3194 3193 4531 4537 3198 3197 4532
10613 5 2 0 40 4537 3198 3197 4532 4538 3202 3201 4533
10614 5 2 0 40 4538 3202 3201 4533 4539 3206 3205 4534
10615 5 2 0 40 4539 3206 3205 4534 4540 3210 3209 4535
10616 5 2 0 40 4540 3210 3209 4535 3239 1056 1055 3238
10617 5 2 0 40 1091 3235 3234 1090 3243 4536 4531 3242
10618 5 2 0 40 3243 4536 4531 3242 3247 4537 4532 3246
10619 5 2 0 40 3247 4537 4532 3246 3251 4538 4533 3250
10620 5 2 0 40 3251 4538 4533 3250 3255 4539 4534 3254
10621 5 2 0 40 3255 4539 4534 3254 3259 4540 4535 3258
10622 5 2 0 40 3259 4540 4535 3258 1096 3239 3238 1095
10623 5 2 0 40 1087 82 1047 3235 3260 1062 3194 4536
10624 5 2 0 40 3260 1062 3194 4536 3261 1063 3198 4537
10625 5 2 0 40 3261 1063 3198 4537 3262 1064 3202 4538
10626 5 2 0 40 3262 1064 3202 4538 3263 1065 3206 4539
10627 5 2 0 40 3263 1065 3206 4539 3264 1066 3210 4540
10628 5 2 0 40 3264 1066 3210 4540 1092 84 1056 3239
10629 5 2 0 40 89 1087 3235 1091 1097 3260 4536 3243
10630 5 2 0 40 1097 3260 4536 3243 1098 3261 4537 3247
10631 5 2 0 40 1098 3261 4537 3247 1099 3262 4538 3251
10632 5 2 0 40 1099 3262 4538 3251 1100 3263 4539 3255
10633 5 2 0 40 1100 3263 4539 3255 1101 3264 4540 3259
10634 5 2 0 40 1101 3264 4540 3259 90 1092 3239 1096
10635 5 2 0 41 3265 1068 61 926 3269 1073 62 938
10636 5 2 0 41 1103 3265 926 67 1108 3269 938 68
10637 5 2 0 41 3266 1069 1068 3265 3270 1074 1073 3269
10638 5 2 0 41 1104 3266 3265 1103 1109 3270 3269 1108
10639 5 2 0 41 3267 1070 1069 3266 3271 1075 1074 3270
10640 5 2 0 41 1105 3267 3266 1104 1110 3271 3270 1109
10641 5 2 0 41 3268 1071 1070 3267 3272 1076 1075 3271
10642 5 2 0 41 1106 3268 3267 1105 1111 3272 3271 1110
10643 5 2 0 41 1102 85 1071 3268 1107 86 1076 3272
10644 5 2 0 41 91 1102 3268 1106 92 1107 3272 1111
10645 5 2 0 42 3269 1073 62 938 3273 1078 63 950
10646 5 2 0 42 1108 3269 938 68 1113 3273 950 69
10647 5 2 0 42 3270 1074 1073 3269 3274 1079 1078 3273
10648 5 2 0 42 1109 3270 3269 1108 1114 3274 3273 1113
10649 5 2 0 42 3271 1075 1074 3270 3275 1080 1079 3274
10650 5 2 0 42 1110 3271 3270 1109 1115 3275 3274 1114
10651 5 2 0 42 3272 1076 1075 3271 3276 1081 1080 3275
10652 5 2 0 42 1111 3272 3271 1110 1116 3276 3275 1115
10653 5 2 0 42 1107 86 1076 3272 1112 87 1081 3276
10654 5 2 0 42 92 1107 3272 1111 93 1112 3276 1116
10655 5 2 0 43 3273 1078 63 950 3277 1083 64 962
10656 5 2 0 43 1113 3273 950 69 1118 3277 962 70
10657 5 2 0 43 3274 1079 1078 3273 3278 1084 1083 3277
10658 5 2 0 43 1114 3274 3273 1113 1119 3278 3277 1118
10659 5 2 0 43 3275 1080 1079 3274 3279 1085 1084 3278
10660 5 2 0 43 1115 3275 3274 1114 1120 3279 3278 1119
10661 5 2 0 43 3276 1081 1080 3275 3280 1086 1085 3279
10662 5 2 0 43 1116 3276 3275 1115 1121 3280 3279 1120
10663 5 2 0 43 1112 87 1081 3276 1117 88 1086 3280
10664 5 2 0 43 93 1112 3276 1116 94 1117 3280 1121
10665 5 2 0 44 3277 1083 64 962 3281 1088 65 974
10666 5 2 0 44 1118 3277 962 70 1123 3281 974 71
10667 5 2 0 44 3278 1084 1083 3277 3282 1089 1088 3281
10668 5 2 0 44 1119 3278 3277 1118 1124 3282 3281 1123
10669 5 2 0 44 3279 1085 1084 3278 3283 1090 1089 3282
10670 5 2 0 44 1120 3279 3278 1119 1125 3283 3282 1124
10671 5 2 0 44 3280 1086 1085 3279 3284 1091 1090 3283
10672 5 2 0 44 1121 3280 3279 1120 1126 3284 3283 1125
10673 5 2 0 44 1117 88 1086 3280 1122 89 1091 3284
10674 5 2 0 44 94 1117 3280 1121 95 1122 3284 1126
10675 5 2 0 45 3281 1088 65 974 4541 3240 921 3142
10676 5 2 0 45 4541 3240 921 3142 4542 3244 922 3143
10677 5 2 0 45 4542 3244 922 3143 4543 3248 923 3144
10678 5 2 0 45 4543 3248 923 3144 4544 3252 924 3145
10679 5 2 0 45 4544 3252 924 3145 4545 3256 925 3146
10680 5 2 0 45 4545 3256 925 3146 3285 1093 66 986
10681 5 2 0 45 1123 3281 974 71 3289 4541 3142 998
10682 5 2 0 45 3289 4541 3142 998 3293 4542 3143 999
10683 5 2 0 45 3293 4542 3143 999 3297 4543 3144 1000
10684 5 2 0 45 3297 4543 3144 1000 3301 4544 3145 1001
10685 5 2 0 45 3301 4544 3145 1001 3305 4545 3146 1002
10686 5 2 0 45 3305 4545 3146 1002 1128 3285 986 72
10687 5 2 0 45 3282 1089 1088 3281 4546 3241 3240 4541
10688 5 2 0 45 4546 3241 3240 4541 4547 3245 3244 4542
10689 5 2 0 45 4547 3245 3244 4542 4548 3249 3248 4543
10690 5 2 0 45 4548 3249 3248 4543 4549 3253 3252 4544
10691 5 2 0 45 4549 3253 3252 4544 4550 3257 3256 4545
10692 5 2 0 45 4550 3257 3256 4545 3286 1094 1093 3285
10693 5 2 0 45 1124 3282 3281 1123 3290 4546 4541 3289
10694 5 2 0 45 3290 4546 4541 3289 3294 4547 4542 3293
10695 5 2 0 45 3294 4547 4542 3293 3298 4548 4543 3297
10696 5 2 0 45 3298 4548 4543 3297 3302 4549 4544 3301
10697 5 2 0 45 3302 4549 4544 3301 3306 4550 4545 3305
10698 5 2 0 45 3306 4550 4545 3305 1129 3286 3285 1128
10699 5 2 0 45 3283 1090 1089 3282 4551 3242 3241 4546
10700 5 2 0 45 4551 3242 3241 4546 4552 3246 3245 4547
10701 5 2 0 45 4552 3246 3245 4547 4553 3250 3249 4548
10702 5 2 0 45 4553 3250 3249 4548 4554 3254 3253 4549
10703 5 2 0 45 4554 3254 3253 4549 4555 3258 3257 4550
10704 5 2 0 45 4555 3258 3257 4550 3287 1095 1094 3286
10705 5 2 0 45 1125 3283 3282 1124 3291 4551 4546 3290
10706 5 2 0 45 3291 4551 4546 3290 3295 4552 4547 3294
10707 5 2 0 45 3295 4552 4547 3294 3299 4553 4548 3298
10708 5 2 0 45 3299 4553 4548 3298 3303 4554 4549 3302
10709 5 2 0 45 3303 4554 4549 3302 3307 4555 4550 3306
10710 5 2 0 45 3307 4555 4550 3306 1130 3287 3286 1129
10711 5 2 0 45 3284 1091 1090 3283 4556 3243 3242 4551
10712 5 2 0 45 4556 3243 3242 4551 4557 3247 3246 4552
10713 5 2 0 45 4557 3247 3246 4552 4558 3251 3250 4553
10714 5 2 0 45 4558 3251 3250 4553 4559 3255 3254 4554
10715 5 2 0 45 4559 3255 3254 4554 4560 3259 3258 4555
10716 5 2 0 45 4560 3259 3258 4555 3288 1096 1095 3287
10717 5 2 0 45 1126 3284 3283 1125 3292 4556 4551 3291
10718 5 2 0 45 3292 4556 4551 3291 3296 4557 4552 3295
10719 5 2 0 45 3296 4557 4552 3295 3300 4558 4553 3299
10720 5 2 0 45 3300 4558 4553 3299 3304 4559 4554 3303
10721 5 2 0 45 3304 4559 4554 3303 3308 4560 4555 3307
10722 5 2 0 45 3308 4560 4555 3307 1131 3288 3287 1130
10723 5 2 0 45 1122 89 1091 3284 3309 1097 3243 4556
10724 5 2 0 45 3309 1097 3243 4556 3310 1098 3247 4557
10725 5 2 0 45 3310 1098 3247 4557 3311 1099 3251 4558
10726 5 2 0 45 3311 1099 3251 4558 3312 1100 3255 4559
10727 5 2 0 45 3312 1100 3255 4559 3313 1101 3259 4560
10728 5 2 0 45 3313 1101 3259 4560 1127 90 1096 3288
10729 5 2 0 45 95 1122 3284 1126 1132 3309 4556 3292
10730 5 2 0 45 1132 3309 4556 3292 1133 3310 4557 3296
10731 5 2 0 45 1133 3310 4557 3296 1134 3311 4558 3300
10732 5 2 0 45 1134 3311 4558 3300 1135 3312 4559 3304
10733 5 2 0 45 1135 3312 4559 3304 1136 3313 4560 3308
10734 5 2 0 45 1136 3313 4560 3308 96 1127 3288 1131
10735 5 2 0 46 3314 1137 73 1007 3325 1160 75 1016
10736 5 2 0 46 1149 3314 1007 74 1172 3325 1016 76
10737 5 2 0 46 3315 1138 1137 3314 3326 1161 1160 3325
10738 5 2 0 46 1150 3315 3314 1149 1173 3326 3325 1172
10739 5 2 0 46 3316 1139 1138 3315 3327 1162 1161 3326
10740 5 2 0 46 1151 3316 3315 1150 1174 3327 3326 1173
10741 5 2 0 46 3317 1140 1139 3316 3328 1163 1162 3327
10742 5 2 0 46 1152 3317 3316 1151 1175 3328 3327 1174
10743 5 2 0 46 3318 1141 1140 3317 3329 1164 1163 3328
10744 5 2 0 46 1153 3318 3317 1152 1176 3329 3328 1175
10745 5 2 0 46 3319 1142 1141 3318 3330 1165 1164 3329
10746 5 2 0 46 1154 3319 3318 1153 1177 3330 3329 1176
10747 5 2 0 46 3320 1143 1142 3319 3331 1166 1165 3330
10748 5 2 0 46 1155 3320 3319 1154 1178 3331 3330 1177
10749 5 2 0 46 3321 1144 1143 3320 3332 1167 1166 3331
10750 5 2 0 46 1156 3321 3320 1155 1179 3332 3331 1178
10751 5 2 0 46 3322 1145 1144 3321 3333 1168 1167 3332
10752 5 2 0 46 1157 3322 3321 1156 1180 3333 3332 1179
10753 5 2 0 46 3323 1146 1145 3322 3334 1169 1168 3333
10754 5 2 0 46 1158 3323 3322 1157 1181 3334 3333 1180
10755 5 2 0 46 3324 1147 1146 3323 3335 1170 1169 3334
10756 5 2 0 46 1159 3324 3323 1158 1182 3335 3334 1181
10757 5 2 0 46 1148 97 1147 3324 1171 99 1170 3335
10758 5 2 0 46 98 1148 3324 1159 100 1171 3335 1182
10759 5 2 0 47 3325 1160 75 1016 3336 1183 77 1025
10760 5 2 0 47 1172 3325 1016 76 1195 3336 1025 78
10761 5 2 0 47 3326 1161 1160 3325 3337 1184 1183 3336
10762 5 2 0 47 1173 3326 3325 1172 1196 3337 3336 1195
10763 5 2 0 47 3327 1162 1161 3326 3338 1185 1184 3337
10764 5 2 0 47 1174 3327 3326 1173 1197 3338 3337 1196
10765 5 2 0 47 3328 1163 1162 3327 3339 1186 1185 3338
10766 5 2 0 47 1175 3328 3327 1174 1198 3339 3338 1197
10767 5 2 0 47 3329 1164 1163 3328 3340 1187 1186 3339
10768 5 2 0 47 1176 3329 3328 1175 1199 3340 3339 1198
10769 5 2 0 47 3330 1165 1164 3329 3341 1188 1187 3340
10770 5 2 0 47 1177 3330 3329 1176 1200 3341 3340 1199
10771 5 2 0 47 3331 1166 1165 3330 3342 1189 1188 3341
10772 5 2 0 47 1178 3331 3330 1177 1201 3342 3341 1200
10773 5 2 0 47 3332 1167 1166 3331 3343 1190 1189 3342
10774 5 2 0 47 1179 3332 3331 1178 1202 3343 3342 1201
10775 5 2 0 47 3333 1168 1167 3332 3344 1191 1190 3343
10776 5 2 0 47 1180 3333 3332 1179 1203 3344 3343 1202
10777 5 2 0 47 3334 1169 1168 3333 3345 1192 1191 3344
10778 5 2 0 47 1181 3334 3333 1180 1204 3345 3344 1203
10779 5 2 0 47 3335 1170 1169 3334 3346 1193 1192 3345
10780 5 2 0 47 1182 3335 3334 1181 1205 3346 3345 1204
10781 5 2 0 47 1171 99 1170 3335 1194 101 1193 3346
10782 5 2 0 47 100 1171 3335 1182 102 1194 3346 1205
10783 5 2 0 48 3336 1183 77 1025 3347 1206 79 1034
10784 5 2 0 48 1195 3336 1025 78 1218 3347 1034 80
10785 5 2 0 48 3337 1184 1183 3336 3348 1207 1206 3347
10786 5 2 0 48 1196 3337 3336 1195 1219 3348 3347 1218
10787 5 2 0 48 3338 1185 1184 3337 3349 1208 1207 3348
10788 5 2 0 48 1197 3338 3337 1196 1220 3349 3348 1219
10789 5 2 0 48 3339 1186 1185 3338 3350 1209 1208 3349
10790 5 2 0 48 1198 3339 3338 1197 1221 3350 3349 1220
10791 5 2 0 48 3340 1187 1186 3339 3351 1210 1209 3350
10792 5 2 0 48 1199 3340 3339 1198 1222 3351 3350 1221
10793 5 2 0 48 3341 1188 1187 3340 3352 1211 1210 3351
10794 5 2 0 48 1200 3341 3340 1199 1223 3352 3351 1222
10795 5 2 0 48 3342 1189 1188 3341 3353 1212 1211 3352
10796 5 2 0 48 1201 3342 3341 1200 1224 3353 3352 1223
10797 5 2 0 48 3343 1190 1189 3342 3354 1213 1212 3353
10798 5 2 0 48 1202 3343 3342 1201 1225 3354 3353 1224
10799 5 2 0 48 3344 1191 1190 3343 3355 1214 1213 3354
10800 5 2 0 48 1203 3344 3343 1202 1226 3355 3354 1225
10801 5 2 0 48 3345 1192 1191 3344 3356 1215 1214 3355
10802 5 2 0 48 1204 3345 3344 1203 1227 3356 3355 1226
10803 5 2 0 48 3346 1193 1192 3345 3357 1216 1215 3356
10804 5 2 0 48 1205 3346 3345 1204 1228 3357 3356 1227
10805 5 2 0 48 1194 101 1193 3346 1217 103 1216 3357
10806 5 2 0 48 102 1194 3346 1205 104 1217 3357 1228
10807 5 2 0 49 3347 1206 79 1034 3358 1229 81 1043
10808 5 2 0 49 1218 3347 1034 80 1241 3358 1043 82
10809 5 2 0 49 3348 1207 1206 3347 3359 1230 1229 3358
10810 5 2 0 49 1219 3348 3347 1218 1242 3359 3358 1241
10811 5 2 0 49 3349 1208 1207 3348 3360 1231 1230 3359
10812 5 2 0 49 1220 3349 3348 1219 1243 3360 3359 1242
10813 5 2 0 49 3350 1209 1208 3349 3361 1232 1231 3360
10814 5 2 0 49 1221 3350 3349 1220 1244 3361 3360 1243
10815 5 2 0 49 3351 1210 1209 3350 3362 1233 1232 3361
10816 5 2 0 49 1222 3351 3350 1221 1245 3362 3361 1244
10817 5 2 0 49 3352 1211 1210 3351 3363 1234 1233 3362
10818 5 2 0 49 1223 3352 3351 1222 1246 3363 3362 1245
10819 5 2 0 49 3353 1212 1211 3352 3364 1235 1234 3363
10820 5 2 0 49 1224 3353 3352 1223 1247 3364 3363 1246
10821 5 2 0 49 3354 1213 1212 3353 3365 1236 1235 3364
10822 5 2 0 49 1225 3354 3353 1224 1248 3365 3364 1247
10823 5 2 0 49 3355 1214 1213 3354 3366 1237 1236 3365
10824 5 2 0 49 1226 3355 3354 1225 1249 3366 3365 1248
10825 5 2 0 49 3356 1215 1214 3355 3367 1238 1237 3366
10826 5 2 0 49 1227 3356 3355 1226 1250 3367 3366 1249
10827 5 2 0 49 3357 1216 1215 3356 3368 1239 1238 3367
10828 5 2 0 49 1228 3357 3356 1227 1251 3368 3367 1250
10829 5 2 0 49 1217 103 1216 3357 1240 105 1239 3368
10830 5 2 0 49 104 1217 3357 1228 106 1240 3368 1251
10831 5 2 0 50 3369 1149 74 1067 3380 1172 76 1072
10832 5 2 0 50 1253 3369 1067 85 1265 3380 1072 86
10833 5 2 0 50 3370 1150 1149 3369 3381 1173 1172 3380
10834 5 2 0 50 1254 3370 3369 1253 1266 3381 3380 1265
10835 5 2 0 50 3371 1151 1150 3370 3382 1174 1173 3381
10836 5 2 0 50 1255 3371 3370 1254 1267 3382 3381 1266
10837 5 2 0 50 3372 1152 1151 3371 3383 1175 1174 3382
10838 5 2 0 50 1256 3372 3371 1255 1268 3383 3382 1267
10839 5 2 0 50 3373 1153 1152 3372 3384 1176 1175 3383
10840 5 2 0 50 1257 3373 3372 1256 1269 3384 3383 1268
10841 5 2 0 50 3374 1154 1153 3373 3385 1177 1176 3384
10842 5 2 0 50 1258 3374 3373 1257 1270 3385 3384 1269
10843 5 2 0 50 3375 1155 1154 3374 3386 1178 1177 3385
10844 5 2 0 50 1259 3375 3374 1258 1271 3386 3385 1270
10845 5 2 0 50 3376 1156 1155 3375 3387 1179 1178 3386
10846 5 2 0 50 1260 3376 3375 1259 1272 3387 3386 1271
10847 5 2 0 50 3377 1157 1156 3376 3388 1180 1179 3387
10848 5 2 0 50 1261 3377 3376 1260 1273 3388 3387 1272
10849 5 2 0 50 3378 1158 1157 3377 3389 1181 1180 3388
10850 5 2 0 50 1262 3378 3377 1261 1274 3389 3388 1273
10851 5 2 0 50 3379 1159 1158 3378 3390 1182 1181 3389
10852 5 2 0 50 1263 3379 3378 1262 1275 3390 3389 1274
10853 5 2 0 50 1252 98 1159 3379 1264 100 1182 3390
10854 5 2 0 50 107 1252 3379 1263 108 1264 3390 1275
10855 5 2 0 51 3380 1172 76 1072 3391 1195 78 1077
10856 5 2 0 51 1265 3380 1072 86 1277 3391 1077 87
10857 5 2 0 51 3381 1173 1172 3380 3392 1196 1195 3391
10858 5 2 0 51 1266 3381 3380 1265 1278 3392 3391 1277
10859 5 2 0 51 3382 1174 1173 3381 3393 1197 1196 3392
10860 5 2 0 51 1267 3382 3381 1266 1279 3393 3392 1278
10861 5 2 0 51 3383 1175 1174 3382 3394 1198 1197 3393
10862 5 2 0 51 1268 3383 3382 1267 1280 3394 3393 1279
10863 5 2 0 51 3384 1176 1175 3383 3395 1199 1198 3394
10864 5 2 0 51 1269 3384 3383 1268 1281 3395 3394 1280
10865 5 2 0 51 3385 1177 1176 3384 3396 1200 1199 3395
10866 5 2 0 51 1270 3385 3384 1269 1282 3396 3395 1281
10867 5 2 0 51 3386 1178 1177 3385 3397 1201 1200 3396
10868 5 2 0 51 1271 3386 3385 1270 1283 3397 3396 1282
10869 5 2 0 51 3387 1179 1178 3386 3398 1202 1201 3397
10870 5 2 0 51 1272 3387 3386 1271 1284 3398 3397 1283
10871 5 2 0 51 3388 1180 1179 3387 3399 1203 1202 3398
10872 5 2 0 51 1273 3388 3387 1272 1285 3399 3398 1284
10873 5 2 0 51 3389 1181 1180 3388 3400 1204 1203 3399
10874 5 2 0 51 1274 3389 3388 1273 1286 3400 3399 1285
10875 5 2 0 51 3390 1182 1181 3389 3401 1205 1204 3400
10876 5 2 0 51 1275 3390 3389 1274 1287 3401 3400 1286
10877 5 2 0 51 1264 100 1182 3390 1276 102 1205 3401
10878 5 2 0 51 108 1264 3390 1275 109 1276 3401 1287
10879 5 2 0 52 3391 1195 78 1077 3402 1218 80 1082
10880 5 2 0 52 1277 3391 1077 87 1289 3402 1082 88
10881 5 2 0 52 3392 1196 1195 3391 3403 1219 1218 3402
10882 5 2 0 52 1278 3392 3391 1277 1290 3403 3402 1289
10883 5 2 0 52 3393 1197 1196 3392 3404 1220 1219 3403
10884 5 2 0 52 1279 3393 3392 1278 1291 3404 3403 1290
10885 5 2 0 52 3394 1198 1197 3393 3405 1221 1220 3404
10886 5 2 0 52 1280 3394 3393 1279 1292 3405 3404 1291
10887 5 2 0 52 3395 1199 1198 3394 3406 1222 1221 3405
10888 5 2 0 52 1281 3395 3394 1280 1293 3406 3405 1292
10889 5 2 0 52 3396 1200 1199 3395 3407 1223 1222 3406
10890 5 2 0 52 1282 3396 3395 1281 1294 3407 3406 1293
10891 5 2 0 52 3397 1201 1200 3396 3408 1224 1223 3407
10892 5 2 0 52 1283 3397 3396 1282 1295 3408 3407 1294
10893 5 2 0 52 3398 1202 1201 3397 3409 1225 1224 3408
10894 5 2 0 52 1284 3398 3397 1283 1296 3409 3408 1295
10895 5 2 0 52 3399 1203 1202 3398 3410 1226 1225 3409
10896 5 2 0 52 1285 3399 3398 1284 1297 3410 3409 1296
10897 5 2 0 52 3400 1204 1203 3399 3411 1227 1226 3410
10898 5 2 0 52 1286 3400 3399 1285 1298 3411 3410 1297
10899 5 2 0 52 3401 1205 1204 3400 3412 1228 1227 3411
10900 5 2 0 52 1287 3401 3400 1286 1299 3412 3411 1298
10901 5 2 0 52 1276 102 1205 3401 1288 104 1228 3412
10902 5 2 0 52 109 1276 3401 1287 110 1288 3412 1299
10903 5 2 0 53 3402 1218 80 1082 3413 1241 82 1087
10904 5 2 0 53 1289 3402 1082 88 1301 3413 1087 89
10905 5 2 0 53 3403 1219 1218 3402 3414 1242 1241 3413
10906 5 2 0 53 1290 3403 3402 1289 1302 3414 3413 1301
10907 5 2 0 53 3404 1220 1219 3403 3415 1243 1242 3414
10908 5 2 0 53 1291 3404 3403 1290 1303 3415 3414 1302
10909 5 2 0 53 3405 1221 1220 3404 3416 1244 1243 3415
10910 5 2 0 53 1292 3405 3404 1291 1304 3416 3415 1303
10911 5 2 0 53 3406 1222 1221 3405 3417 1245 1244 3416
10912 5 2 0 53 1293 3406 3405 1292 1305 3417 3416 1304
10913 5 2 0 53 3407 1223 1222 3406 3418 1246 1245 3417
10914 5 2 0 53 1294 3407 3406 1293 1306 3418 3417 1305
10915 5 2 0 53 3408 1224 1223 3407 3419 1247 1246 3418
10916 5 2 0 53 1295 3408 3407 1294 1307 3419 3418 1306
10917 5 2 0 53 3409 1225 1224 3408 3420 1248 1247 3419
10918 5 2 0 53 1296 3409 3408 1295 1308 3420 3419 1307
10919 5 2 0 53 3410 1226 1225 3409 3421 1249 1248 3420
10920 5 2 0 53 1297 3410 3409 1296 1309 3421 3420 1308
10921 5 2 0 53 3411 1227 1226 3410 3422 1250 1249 3421
10922 5 2 0 53 1298 3411 3410 1297 1310 3422 3421 1309
10923 5 2 0 53 3412 1228 1227 3411 3423 1251 1250 3422
10924 5 2 0 53 1299 3412 3411 1298 1311 3423 3422 1310
10925 5 2 0 53 1288 104 1228 3412 1300 106 1251 3423
10926 5 2 0 53 110 1288 3412 1299 111 1300 3423 1311
10927 5 2 0 54 3413 1241 82 1087 4561 3435 1062 3260
10928 5 2 0 54 4561 3435 1062 3260 4562 3446 1063 3261
10929 5 2 0 54 4562 3446 1063 3261 4563 3457 1064 3262
10930 5 2 0 54 4563 3457 1064 3262 4564 3468 1065 3263
10931 5 2 0 54 4564 3468 1065 3263 4565 3479 1066 3264
10932 5 2 0 54 4565 3479 1066 3264 3424 1312 84 1092
10933 5 2 0 54 1301 3413 1087 89 3490 4561 3260 1097
10934 5 2 0 54 3490 4561 3260 1097 3501 4562 3261 1098
10935 5 2 0 54 3501 4562 3261 1098 3512 4563 3262 1099
10936 5 2 0 54 3512 4563 3262 1099 3523 4564 3263 1100
10937 5 2 0 54 3523 4564 3263 1100 3534 4565 3264 1101
10938 5 2 0 54 3534 4565 3264 1101 1324 3424 1092 90
10939 5 2 0 54 3414 1242 1241 3413 4566 3436 3435 4561
10940 5 2 0 54 4566 3436 3435 4561 4567 3447 3446 4562
10941 5 2 0 54 4567 3447 3446 4562 4568 3458 3457 4563
10942 5 2 0 54 4568 3458 3457 4563 4569 3469 3468 4564
10943 5 2 0 54 4569 3469 3468 4564 4570 3480 3479 4565
10944 5 2 0 54 4570 3480 3479 4565 3425 1313 1312 3424
10945 5 2 0 54 1302 3414 3413 1301 3491 4566 4561 3490
10946 5 2 0 54 3491 4566 4561 3490 3502 4567 4562 3501
10947 5 2 0 54 3502 4567 4562 3501 3513 4568 4563 3512
10948 5 2 0 54 3513 4568 4563 3512 3524 4569 4564 3523
10949 5 2 0 54 3524 4569 4564 3523 3535 4570 4565 3534
10950 5 2 0 54 3535 4570 4565 3534 1325 3425 3424 1324
10951 5 2 0 54 3415 1243 1242 3414 4571 3437 3436 4566
10952 5 2 0 54 4571 3437 3436 4566 4572 3448 3447 4567
10953 5 2 0 54 4572 3448 3447 4567 4573 3459 3458 4568
10954 5 2 0 54 4573 3459 3458 4568 4574 3470 3469 4569
10955 5 2 0 54 4574 3470 3469 4569 4575 3481 3480 4570
10956 5 2 0 54 4575 3481 3480 4570 3426 1314 1313 3425
10957 5 2 0 54 1303 3415 3414 1302 3492 4571 4566 3491
10958 5 2 0 54 3492 4571 4566 3491 3503 4572 4567 3502
10959 5 2 0 54 3503 4572 4567 3502 3514 4573 4568 3513
10960 5 2 0 54 3514 4573 4568 3513 3525 4574 4569 3524
10961 5 2 0 54 3525 4574 4569 3524 3536 4575 4570 3535
10962 5 2 0 54 3536 4575 4570 3535 1326 3426 3425 1325
10963 5 2 0 54 3416 1244 1243 3415 4576 3438 3437 4571
10964 5 2 0 54 4576 3438 3437 4571 4577 3449 3448 4572
10965 5 2 0 54 4577 3449 3448 4572 4578 3460 3459 4573
10966 5 2 0 54 4578 3460 3459 4573 4579 3471 3470 4574
10967 5 2 0 54 4579 3471 3470 4574 4580 3482 3481 4575
10968 5 2 0 54 4580 3482 3481 4575 3427 1315 1314 3426
10969 5 2 0 54 1304 3416 3415 1303 3493 4576 4571 3492
10970 5 2 0 54 3493 4576 4571 3492 3504 4577 4572 3503
10971 5 2 0 54 3504 4577 4572 3503 3515 4578 4573 3514
10972 5 2 0 54 3515 4578 4573 3514 3526 4579 4574 3525
10973 5 2 0 54 3526 4579 4574 3525 3537 4580 4575 3536
10974 5 2 0 54 3537 4580 4575 3536 1327 3427 3426 1326
10975 5 2 0 54 3417 1245 1244 3416 4581 3439 3438 4576
10976 5 2 0 54 4581 3439 3438 4576 4582 3450 3449 4577
10977 5 2 0 54 4582 3450 3449 4577 4583 3461 3460 4578
10978 5 2 0 54 4583 3461 3460 4578 4584 3472 3471 4579
10979 5 2 0 54 4584 3472 3471 4579 4585 3483 3482 4580
10980 5 2 0 54 4585 3483 3482 4580 3428 1316 1315 3427
10981 5 2 0 54 1305 3417 3416 1304 3494 4581 4576 3493
10982 5 2 0 54 3494 4581 4576 3493 3505 4582 4577 3504
10983 5 2 0 54 3505 4582 4577 3504 3516 4583 4578 3515
10984 5 2 0 54 3516 4583 4578 3515 3527 4584 4579 3526
10985 5 2 0 54 3527 4584 4579 3526 3538 4585 4580 3537
10986 5 2 0 54 3538 4585 4580 3537 1328 3428 3427 1327
10987 5 2 0 54 3418 1246 1245 3417 4586 3440 3439 4581
10988 5 2 0 54 4586 3440 3439 4581 4587 3451 3450 4582
10989 5 2 0 54 4587 3451 3450 4582 4588 3462 3461 4583
10990 5 2 0 54 4588 3462 3461 4583 4589 3473 3472 4584
10991 5 2 0 54 4589 3473 3472 4584 4590 3484 3483 4585
10992 5 2 0 54 4590 3484 3483 4585 3429 1317 1316 3428
10993 5 2 0 54 1306 3418 3417 1305 3495 4586 4581 3494
10994 5 2 0 54 3495 4586 4581 3494 3506 4587 4582 3505
10995 5 2 0 54 3506 4587 4582 3505 3517 4588 4583 3516
10996 5 2 0 54 3517 4588 4583 3516 3528 4589 4584 3527
10997 5 2 0 54 3528 4589 4584 3527 3539 4590 4585 3538
10998 5 2 0 54 3539 4590 4585 3538 1329 3429 3428 1328
10999 5 2 0 54 3419 1247 1246 3418 4591 3441 3440 4586
11000 5 2 0 54 4591 3441 3440 4586 4592 3452 3451 4587
11001 5 2 0 54 4592 3452 3451 4587 4593 3463 3462 4588
11002 5 2 0 54 4593 3463 3462 4588 4594 3474 3473 4589
11003 5 2 0 54 4594 3474 3473 4589 4595 3485 3484 4590
11004 5 2 0 54 4595 3485 3484 4590 3430 1318 1317 3429
11005 5 2 0 54 1307 3419 3418 1306 3496 4591 4586 3495
11006 5 2 0 54 3496 4591 4586 3495 3507 4592 4587 3506
11007 5 2 0 54 3507 4592 4587 3506 3518 4593 4588 3517
11008 5 2 0 54 3518 4593 4588 3517 3529 4594 4589 3528
11009 5 2 0 54 3529 4594 4589 3528 3540 4595 4590 3539
11010 5 2 0 54 3540 4595 4590 3539 1330 3430 3429 1329
11011 5 2 0 54 3420 1248 1247 3419 4596 3442 3441 4591
11012 5 2 0 54 4596 3442 3441 4591 4597 3453 3452 4592
11013 5 2 0 54 4597 3453 3452 4592 4598 3464 3463 4593
11014 5 2 0 54 4598 3464 3463 4593 4599 3475 3474 4594
11015 5 2 0 54 4599 3475 3474 4594 4600 3486 3485 4595
11016 5 2 0 54 4600 3486 3485 4595 3431 1319 1318 3430
11017 5 2 0 54 1308 3420 3419 1307 3497 4596 4591 3496
11018 5 2 0 54 3497 4596 4591 3496 3508 4597 4592 3507
11019 5 2 0 54 3508 4597 4592 3507 3519 4598 4593 3518
11020 5 2 0 54 3519 4598 4593 3518 3530 4599 4594 3529
11021 5 2 0 54 3530 4599 4594 3529 3541 4600 4595 3540
11022 5 2 0 54 3541 4600 4595 3540 1331 3431 3430 1330
11023 5 2 0 54 3421 1249 1248 3420 4601 3443 3442 4596
11024 5 2 0 54 4601 3443 3442 4596 4602 3454 3453 4597
11025 5 2 0 54 4602 3454 3453 4597 4603 3465 3464 4598
11026 5 2 0 54 4603 3465 3464 4598 4604 3476 3475 4599
11027 5 2 0 54 4604 3476 3475 4599 4605 3487 3486 4600
11028 5 2 0 54 4605 3487 3486 4600 3432 1320 1319 3431
11029 5 2 0 54 1309 3421 3420 1308 3498 4601 4596 3497
11030 5 2 0 54 3498 4601 4596 3497 3509 4602 4597 3508
11031 5 2 0 54 3509 4602 4597 3508 3520 4603 4598 3519
11032 5 2 0 54 3520 4603 4598 3519 3531 4604 4599 3530
11033 5 2 0 54 3531 4604 4599 3530 3542 4605 4600 3541
11034 5 2 0 54 3542 4605 4600 3541 1332 3432 3431 1331
11035 5 2 0 54 3422 1250 1249 3421 4606 3444 3443 4601
11036 5 2 0 54 4606 3444 3443 4601 4607 3455 3454 4602
11037 5 2 0 54 4607 3455 3454 4602 4608 3466 3465 4603
11038 5 2 0 54 4608 3466 3465 4603 4609 3477 3476 4604
11039 5 2 0 54 4609 3477 3476 4604 4610 3488 3487 4605
11040 5 2 0 54 4610 3488 3487 4605 3433 1321 1320 3432
11041 5 2 0 54 1310 3422 3421 1309 3499 4606 4601 3498
11042 5 2 0 54 3499 4606 4601 3498 3510 4607 4602 3509
11043 5 2 0 54 3510 4607 4602 3509 3521 4608 4603 3520
11044 5 2 0 54 3521 4608 4603 3520 3532 4609 4604 3531
11045 5 2 0 54 3532 4609 4604 3531 3543 4610 4605 3542
11046 5 2 0 54 3543 4610 4605 3542 1333 3433 3432 1332
11047 5 2 0 54 3423 1251 1250 3422 4611 3445 3444 4606
11048 5 2 0 54 4611 3445 3444 4606 4612 3456 3455 4607
11049 5 2 0 54 4612 3456 3455 4607 4613 3467 3466 4608
11050 5 2 0 54 4613 3467 3466 4608 4614 3478 3477 4609
11051 5 2 0 54 4614 3478 3477 4609 4615 3489 3488 4610
11052 5 2 0 54 4615 3489 3488 4610 3434 1322 1321 3433
11053 5 2 0 54 1311 3423 3422 1310 3500 4611 4606 3499
11054 5 2 0 54 3500 4611 4606 3499 3511 4612 4607 3510
11055 5 2 0 54 3511 4612 4607 3510 3522 4613 4608 3521
11056 5 2 0 54 3522 4613 4608 3521 3533 4614 4609 3532
11057 5 2 0 54 3533 4614 4609 3532 3544 4615 4610 3543
11058 5 2 0 54 3544 4615 4610 3543 1334 3434 3433 1333
11059 5 2 0 54 1300 106 1251 3423 3545 1335 3445 4611
11060 5 2 0 54 3545 1335 3445 4611 3546 1336 3456 4612
11061 5 2 0 54 3546 1336 3456 4612 3547 1337 3467 4613
11062 5 2 0 54 3547 1337 3467 4613 3548 1338 3478 4614
11063 5 2 0 54 3548 1338 3478 4614 3549 1339 3489 4615
11064 5 2 0 54 3549 1339 3489 4615 1323 112 1322 3434
11065 5 2 0 54 111 1300 3423 1311 1340 3545 4611 3500
11066 5 2 0 54 1340 3545 4611 3500 1341 3546 4612 3511
11067 5 2 0 54 1341 3546 4612 3511 1342 3547 4613 3522
11068 5 2 0 54 1342 3547 4613 3522 1343 3548 4614 3533
11069 5 2 0 54 1343 3548 4614 3533 1344 3549 4615 3544
11070 5 2 0 54 1344 3549 4615 3544 113 1323 3434 1334
11071 5 2 0 55 3550 1253 85 1102 3561 1265 86 1107
11072 5 2 0 55 1346 3550 1102 91 1358 3561 1107 92
11073 5 2 0 55 3551 1254 1253 3550 3562 1266 1265 3561
11074 5 2 0 55 1347 3551 3550 1346 1359 3562 3561 1358
11075 5 2 0 55 3552 1255 1254 3551 3563 1267 1266 3562
11076 5 2 0 55 1348 3552 3551 1347 1360 3563 3562 1359
11077 5 2 0 55 3553 1256 1255 3552 3564 1268 1267 3563
11078 5 2 0 55 1349 3553 3552 1348 1361 3564 3563 1360
11079 5 2 0 55 3554 1257 1256 3553 3565 1269 1268 3564
11080 5 2 0 55 1350 3554 3553 1349 1362 3565 3564 1361
11081 5 2 0 55 3555 1258 1257 3554 3566 1270 1269 3565
11082 5 2 0 55 1351 3555 3554 1350 1363 3566 3565 1362
11083 5 2 0 55 3556 1259 1258 3555 3567 1271 1270 3566
11084 5 2 0 55 1352 3556 3555 1351 1364 3567 3566 1363
11085 5 2 0 55 3557 1260 1259 3556 3568 1272 1271 3567
11086 5 2 0 55 1353 3557 3556 1352 1365 3568 3567 1364
11087 5 2 0 55 3558 1261 1260 3557 3569 1273 1272 3568
11088 5 2 0 55 1354 3558 3557 1353 1366 3569 3568 1365
11089 5 2 0 55 3559 1262 1261 3558 3570 1274 1273 3569
11090 5 2 0 55 1355 3559 3558 1354 1367 3570 3569 1366
11091 5 2 0 55 3560 1263 1262 3559 3571 1275 1274 3570
11092 5 2 0 55 1356 3560 3559 1355 1368 3571 3570 1367
11093 5 2 0 55 1345 107 1263 3560 1357 108 1275 3571
11094 5 2 0 55 114 1345 3560 1356 115 1357 3571 1368
11095 5 2 0 56 3561 1265 86 1107 3572 1277 87 1112
11096 5 2 0 56 1358 3561 1107 92 1370 3572 1112 93
11097 5 2 0 56 3562 1266 1265 3561 3573 1278 1277 3572
11098 5 2 0 56 1359 3562 3561 1358 1371 3573 3572 1370
11099 5 2 0 56 3563 1267 1266 3562 3574 1279 1278 3573
11100 5 2 0 56 1360 3563 3562 1359 1372 3574 3573 1371
11101 5 2 0 56 3564 1268 1267 3563 3575 1280 1279 3574
11102 5 2 0 56 1361 3564 3563 1360 1373 3575 3574 1372
11103 5 2 0 56 3565 1269 1268 3564 3576 1281 1280 3575
11104 5 2 0 56 1362 3565 3564 1361 1374 3576 3575 1373
11105 5 2 0 56 3566 1270 1269 3565 3577 1282 1281 3576
11106 5 2 0 56 1363 3566 3565 1362 1375 3577 3576 1374
11107 5 2 0 56 3567 1271 1270 3566 3578 1283 1282 3577
11108 5 2 0 56 1364 3567 3566 1363 1376 3578 3577 1375
11109 5 2 0 56 3568 1272 1271 3567 3579 1284 1283 3578
11110 5 2 0 56 1365 3568 3567 1364 1377 3579 3578 1376
11111 5 2 0 56 3569 1273 1272 3568 3580 1285 1284 3579
11112 5 2 0 56 1366 3569 3568 1365 1378 3580 3579 1377
11113 5 2 0 56 3570 1274 1273 3569 3581 1286 1285 3580
11114 5 2 0 56 1367 3570 3569 1366 1379 3581 3580 1378
11115 5 2 0 56 3571 1275 1274 3570 3582 1287 1286 3581
11116 5 2 0 56 1368 3571 3570 1367 1380 3582 3581 1379
11117 5 2 0 56 1357 108 1275 3571 1369 109 1287 3582
11118 5 2 0 56 115 1357 3571 1368 116 1369 3582 1380
11119 5 2 0 57 3572 1277 87 1112 3583 1289 88 1117
11120 5 2 0 57 1370 3572 1112 93 1382 3583 1117 94
11121 5 2 0 57 3573 1278 1277 3572 3584 1290 1289 3583
11122 5 2 0 57 1371 3573 3572 1370 1383 3584 3583 1382
11123 5 2 0 57 3574 1279 1278 3573 3585 1291 1290 3584
11124 5 2 0 57 1372 3574 3573 1371 1384 3585 3584 1383
11125 5 2 0 57 3575 1280 1279 3574 3586 1292 1291 3585
11126 5 2 0 57 1373 3575 3574 1372 1385 3586 3585 1384
11127 5 2 0 57 3576 1281 1280 3575 3587 1293 1292 3586
11128 5 2 0 57 1374 3576 3575 1373 1386 3587 3586 1385
11129 5 2 0 57 3577 1282 1281 3576 3588 1294 1293 3587
11130 5 2 0 57 1375 3577 3576 1374 1387 3588 3587 1386
11131 5 2 0 57 3578 1283 1282 3577 3589 1295 1294 3588
11132 5 2 0 57 1376 3578 3577 1375 1388 3589 3588 1387
11133 5 2 0 57 3579 1284 1283 3578 3590 1296 1295 3589
11134 5 2 0 57 1377 3579 3578 1376 1389 3590 3589 1388
11135 5 2 0 57 3580 1285 1284 3579 3591 1297 1296 3590
11136 5 2 0 57 1378 3580 3579 1377 1390 3591 3590 1389
11137 5 2 0 57 3581 1286 1285 3580 3592 1298 1297 3591
11138 5 2 0 57 1379 3581 3580 1378 1391 3592 3591 1390
11139 5 2 0 57 3582 1287 1286 3581 3593 1299 1298 3592
11140 5 2 0 57 1380 3582 3581 1379 1392 3593 3592 1391
11141 5 2 0 57 1369 109 1287 3582 1381 110 1299 3593
11142 5 2 0 57 116 1369 3582 1380 117 1381 3593 1392
11143 5 2 0 58 3583 1289 88 1117 3594 1301 89 1122
11144 5 2 0 58 1382 3583 1117 94 1394 3594 1122 95
11145 5 2 0 58 3584 1290 1289 3583 3595 1302 1301 3594
11146 5 2 0 58 1383 3584 3583 1382 1395 3595 3594 1394
11147 5 2 0 58 3585 1291 1290 3584 3596 1303 1302 3595
11148 5 2 0 58 1384 3585 3584 1383 1396 3596 3595 1395
11149 5 2 0 58 3586 1292 1291 3585 3597 1304 1303 3596
11150 5 2 0 58 1385 3586 3585 1384 1397 3597 3596 1396
11151 5 2 0 58 3587 1293 1292 3586 3598 1305 1304 3597
11152 5 2 0 58 1386 3587 3586 1385 1398 3598 3597 1397
11153 5 2 0 58 3588 1294 1293 3587 3599 1306 1305 3598
11154 5 2 0 58 1387 3588 3587 1386 1399 3599 3598 1398
11155 5 2 0 58 3589 1295 1294 3588 3600 1307 1306 3599
11156 5 2 0 58 1388 3589 3588 1387 1400 3600 3599 1399
11157 5 2 0 58 3590 1296 1295 3589 3601 1308 1307 3600
11158 5 2 0 58 1389 3590 3589 1388 1401 3601 3600 1400
11159 5 2 0 58 3591 1297 1296 3590 3602 1309 1308 3601
11160 5 2 0 58 1390 3591 3590 1389 1402 3602 3601 1401
11161 5 2 0 58 3592 1298 1297 3591 3603 1310 1309 3602
11162 5 2 0 58 1391 3592 3591 1390 1403 3603 3602 1402
11163 5 2 0 58 3593 1299 1298 3592 3604 1311 1310 3603
11164 5 2 0 58 1392 3593 3592 1391 1404 3604 3603 1403
11165 5 2 0 58 1381 110 1299 3593 1393 111 1311 3604
11166 5 2 0 58 117 1381 3593 1392 118 1393 3604 1404
11167 5 2 0 59 3594 1301 89 1122 4616 3490 1097 3309
11168 5 2 0 59 4616 3490 1097 3309 4617 3501 1098 3310
11169 5 2 0 59 4617 3501 1098 3310 4618 3512 1099 3311
11170 5 2 0 59 4618 3512 1099 3311 4619 3523 1100 3312
11171 5 2 0 59 4619 3523 1100 3312 4620 3534 1101 3313
11172 5 2 0 59 4620 3534 1101 3313 3605 1324 90 1127
11173 5 2 0 59 1394 3594 1122 95 3616 4616 3309 1132
11174 5 2 0 59 3616 4616 3309 1132 3627 4617 3310 1133
11175 5 2 0 59 3627 4617 3310 1133 3638 4618 3311 1134
11176 5 2 0 59 3638 4618 3311 1134 3649 4619 3312 1135
11177 5 2 0 59 3649 4619 3312 1135 3660 4620 3313 1136
11178 5 2 0 59 3660 4620 3313 1136 1406 3605 1127 96
11179 5 2 0 59 3595 1302 1301 3594 4621 3491 3490 4616
11180 5 2 0 59 4621 3491 3490 4616 4622 3502 3501 4617
11181 5 2 0 59 4622 3502 3501 4617 4623 3513 3512 4618
11182 5 2 0 59 4623 3513 3512 4618 4624 3524 3523 4619
11183 5 2 0 59 4624 3524 3523 4619 4625 3535 3534 4620
11184 5 2 0 59 4625 3535 3534 4620 3606 1325 1324 3605
11185 5 2 0 59 1395 3595 3594 1394 3617 4621 4616 3616
11186 5 2 0 59 3617 4621 4616 3616 3628 4622 4617 3627
11187 5 2 0 59 3628 4622 4617 3627 3639 4623 4618 3638
11188 5 2 0 59 3639 4623 4618 3638 3650 4624 4619 3649
11189 5 2 0 59 3650 4624 4619 3649 3661 4625 4620 3660
11190 5 2 0 59 3661 4625 4620 3660 1407 3606 3605 1406
11191 5 2 0 59 3596 1303 1302 3595 4626 3492 3491 4621
11192 5 2 0 59 4626 3492 3491 4621 4627 3503 3502 4622
11193 5 2 0 59 4627 3503 3502 4622 4628 3514 3513 4623
11194 5 2 0 59 4628 3514 3513 4623 4629 3525 3524 4624
11195 5 2 0 59 4629 3525 3524 4624 4630 3536 3535 4625
11196 5 2 0 59 4630 3536 3535 4625 3607 1326 1325 3606
11197 5 2 0 59 1396 3596 3595 1395 3618 4626 4621 3617
11198 5 2 0 59 3618 4626 4621 3617 3629 4627 4622 3628
11199 5 2 0 59 3629 4627 4622 3628 3640 4628 4623 3639
11200 5 2 0 59 3640 4628 4623 3639 3651 4629 4624 3650
11201 5 2 0 59 3651 4629 4624 3650 3662 4630 4625 3661
11202 5 2 0 59 3662 4630 4625 3661 1408 3607 3606 1407
11203 5 2 0 59 3597 1304 1303 3596 4631 3493 3492 4626
11204 5 2 0 59 4631 3493 3492 4626 4632 3504 3503 4627
11205 5 2 0 59 4632 3504 3503 4627 4633 3515 3514 4628
11206 5 2 0 59 4633 3515 3514 4628 4634 3526 3525 4629
11207 5 2 0 59 4634 3526 3525 4629 4635 3537 3536 4630
11208 5 2 0 59 4635 3537 3536 4630 3608 1327 1326 3607
11209 5 2 0 59 1397 3597 3596 1396 3619 4631 4626 3618
11210 5 2 0 59 3619 4631 4626 3618 3630 4632 4627 3629
11211 5 2 0 59 3630 4632 4627 3629 3641 4633 4628 3640
11212 5 2 0 59 3641 4633 4628 3640 3652 4634 4629 3651
11213 5 2 0 59 3652 4634 4629 3651 3663 4635 4630 3662
11214 5 2 0 59 3663 4635 4630 3662 1409 3608 3607 1408
11215 5 2 0 59 3598 1305 1304 3597 4636 3494 3493 4631
11216 5 2 0 59 4636 3494 3493 4631 4637 3505 3504 4632
11217 5 2 0 59 4637 3505 3504 4632 4638 3516 3515 4633
11218 5 2 0 59 4638 3516 3515 4633 4639 3527 3526 4634
11219 5 2 0 59 4639 3527 3526 4634 4640 3538 3537 4635
11220 5 2 0 59 4640 3538 3537 4635 3609 1328 1327 3608
11221 5 2 0 59 1398 3598 3597 1397 3620 4636 4631 3619
11222 5 2 0 59 3620 4636 4631 3619 3631 4637 4632 3630
11223 5 2 0 59 3631 4637 4632 3630 3642 4638 4633 3641
11224 5 2 0 59 3642 4638 4633 3641 3653 4639 4634 3652
11225 5 2 0 59 3653 4639 4634 3652 3664 4640 4635 3663
11226 5 2 0 59 3664 4640 4635 3663 1410 3609 3608 1409
11227 5 2 0 59 3599 1306 1305 3598 4641 3495 3494 4636
11228 5 2 0 59 4641 3495 3494 4636 4642 3506 3505 4637
11229 5 2 0 59 4642 3506 3505 4637 4643 3517 3516 4638
11230 5 2 0 59 4643 3517 3516 4638 4644 3528 3527 4639
11231 5 2 0 59 4644 3528 3527 4639 4645 3539 3538 4640
11232 5 2 0 59 4645 3539 3538 4640 3610 1329 1328 3609
11233 5 2 0 59 1399 3599 3598 1398 3621 4641 4636 3620
11234 5 2 0 59 3621 4641 4636 3620 3632 4642 4637 3631
11235 5 2 0 59 3632 4642 4637 3631 3643 4643 4638 3642
11236 5 2 0 59 3643 4643 4638 3642 3654 4644 4639 3653
11237 5 2 0 59 3654 4644 4639 3653 3665 4645 4640 3664
11238 5 2 0 59 3665 4645 4640 3664 1411 3610 3609 1410
11239 5 2 0 59 3600 1307 1306 3599 4646 3496 3495 4641
11240 5 2 0 59 4646 3496 3495 4641 4647 3507 3506 4642
11241 5 2 0 59 4647 3507 3506 4642 4648 3518 3517 4643
11242 5 2 0 59 4648 3518 3517 4643 4649 3529 3528 4644
11243 5 2 0 59 4649 3529 3528 4644 4650 3540 3539 4645
11244 5 2 0 59 4650 3540 3539 4645 3611 1330 1329 3610
11245 5 2 0 59 1400 3600 3599 1399 3622 4646 4641 3621
11246 5 2 0 59 3622 4646 4641 3621 3633 4647 4642 3632
11247 5 2 0 59 3633 4647 4642 3632 3644 4648 4643 3643
11248 5 2 0 59 3644 4648 4643 3643 3655 4649 4644 3654
11249 5 2 0 59 3655 4649 4644 3654 3666 4650 4645 3665
11250 5 2 0 59 3666 4650 4645 3665 1412 3611 3610 1411
11251 5 2 0 59 3601 1308 1307 3600 4651 3497 3496 4646
11252 5 2 0 59 4651 3497 3496 4646 4652 3508 3507 4647
11253 5 2 0 59 4652 3508 3507 4647 4653 3519 3518 4648
11254 5 2 0 59 4653 3519 3518 4648 4654 3530 3529 4649
11255 5 2 0 59 4654 3530 3529 4649 4655 3541 3540 4650
11256 5 2 0 59 4655 3541 3540 4650 3612 1331 1330 3611
11257 5 2 0 59 1401 3601 3600 1400 3623 4651 4646 3622
11258 5 2 0 59 3623 4651 4646 3622 3634 4652 4647 3633
11259 5 2 0 59 3634 4652 4647 3633 3645 4653 4648 3644
11260 5 2 0 59 3645 4653 4648 3644 3656 4654 4649 3655
11261 5 2 0 59 3656 4654 4649 3655 3667 4655 4650 3666
11262 5 2 0 59 3667 4655 4650 3666 1413 3612 3611 1412
11263 5 2 0 59 3602 1309 1308 3601 4656 3498 3497 4651
11264 5 2 0 59 4656 3498 3497 4651 4657 3509 3508 4652
11265 5 2 0 59 4657 3509 3508 4652 4658 3520 3519 4653
11266 5 2 0 59 4658 3520 3519 4653 4659 3531 3530 4654
11267 5 2 0 59 4659 3531 3530 4654 4660 3542 3541 4655
11268 5 2 0 59 4660 3542 3541 4655 3613 1332 1331 3612
11269 5 2 0 59 1402 3602 3601 1401 3624 4656 4651 3623
11270 5 2 0 59 3624 4656 4651 3623 3635 4657 4652 3634
11271 5 2 0 59 3635 4657 4652 3634 3646 4658 4653 3645
11272 5 2 0 59 3646 4658 4653 3645 3657 4659 4654 3656
11273 5 2 0 59 3657 4659 4654 3656 3668 4660 4655 3667
11274 5 2 0 59 3668 4660 4655 3667 1414 3613 3612 1413
11275 5 2 0 59 3603 1310 1309 3602 4661 3499 3498 4656
11276 5 2 0 59 4661 3499 3498 4656 4662 3510 3509 4657
11277 5 2 0 59 4662 3510 3509 4657 4663 3521 3520 4658
11278 5 2 0 59 4663 3521 3520 4658 4664 3532 3531 4659
11279 5 2 0 59 4664 3532 3531 4659 4665 3543 3542 4660
11280 5 2 0 59 4665 3543 3542 4660 3614 1333 1332 3613
11281 5 2 0 59 1403 3603 3602 1402 3625 4661 4656 3624
11282 5 2 0 59 3625 4661 4656 3624 3636 4662 4657 3635
11283 5 2 0 59 3636 4662 4657 3635 3647 4663 4658 3646
11284 5 2 0 59 3647 4663 4658 3646 3658 4664 4659 3657
11285 5 2 0 59 3658 4664 4659 3657 3669 4665 4660 3668
11286 5 2 0 59 3669 4665 4660 3668 1415 3614 3613 1414
11287 5 2 0 59 3604 1311 1310 3603 4666 3500 3499 4661
11288 5 2 0 59 4666 3500 3499 4661 4667 3511 3510 4662
11289 5 2 0 59 4667 3511 3510 4662 4668 3522 3521 4663
11290 5 2 0 59 4668 3522 3521 4663 4669 3533 3532 4664
11291 5 2 0 59 4669 3533 3532 4664 4670 3544 3543 4665
11292 5 2 0 59 4670 3544 3543 4665 3615 1334 1333 3614
11293 5 2 0 59 1404 3604 3603 1403 3626 4666 4661 3625
11294 5 2 0 59 3626 4666 4661 3625 3637 4667 4662 3636
11295 5 2 0 59 3637 4667 4662 3636 3648 4668 4663 3647
11296 5 2 0 59 3648 4668 4663 3647 3659 4669 4664 3658
11297 5 2 0 59 3659 4669 4664 3658 3670 4670 4665 3669
11298 5 2 0 59 3670 4670 4665 3669 1416 3615 3614 1415
11299 5 2 0 59 1393 111 1311 3604 3671 1340 3500 4666
11300 5 2 0 59 3671 1340 3500 4666 3672 1341 3511 4667
11301 5 2 0 59 3672 1341 3511 4667 3673 1342 3522 4668
11302 5 2 0 59 3673 1342 3522 4668 3674 1343 3533 4669
11303 5 2 0 59 3674 1343 3533 4669 3675 1344 3544 4670
11304 5 2 0 59 3675 1344 3544 4670 1405 113 1334 3615
11305 5 2 0 59 118 1393 3604 1404 1417 3671 4666 3626
11306 5 2 0 59 1417 3671 4666 3626 1418 3672 4667 3637
11307 5 2 0 59 1418 3672 4667 3637 1419 3673 4668 3648
11308 5 2 0 59 1419 3673 4668 3648 1420 3674 4669 3659
11309 5 2 0 59 1420 3674 4669 3659 1421 3675 4670 3670
11310 5 2 0 59 1421 3675 4670 3670 119 1405 3615 1416
11311 5 2 0 60 1422 120 97 1148 1423 122 99 1171
11312 5 2 0 60 121 1422 1148 98 123 1423 1171 100
11313 5 2 0 61 1423 122 99 1171 1424 124 101 1194
11314 5 2 0 61 123 1423 1171 100 125 1424 1194 102
11315 5 2 0 62 1424 124 101 1194 1425 126 103 1217
11316 5 2 0 62 125 1424 1194 102 127 1425 1217 104
11317 5 2 0 63 1425 126 103 1217 1426 128 105 1240
11318 5 2 0 63 127 1425 1217 104 129 1426 1240 106
11319 5 2 0 64 1427 121 98 1252 1428 123 100 1264
11320 5 2 0 64 130 1427 1252 107 131 1428 1264 108
11321 5 2 0 65 1428 123 100 1264 1429 125 102 1276
11322 5 2 0 65 131 1428 1264 108 132 1429 1276 109
11323 5 2 0 66 1429 125 102 1276 1430 127 104 1288
11324 5 2 0 66 132 1429 1276 109 133 1430 1288 110
11325 5 2 0 67 1430 127 104 1288 1431 129 106 1300
11326 5 2 0 67 133 1430 1288 110 134 1431 1300 111
11327 5 2 0 68 1431 129 106 1300 3676 1433 1335 3545
11328 5 2 0 68 3676 1433 1335 3545 3677 1434 1336 3546
11329 5 2 0 68 3677 1434 1336 3546 3678 1435 1337 3547
11330 5 2 0 68 3678 1435 1337 3547 3679 1436 1338 3548
11331 5 2 0 68 3679 1436 1338 3548 3680 1437 1339 3549
11332 5 2 0 68 3680 1437 1339 3549 1432 135 112 1323
11333 5 2 0 68 134 1431 1300 111 1438 3676 3545 1340
11334 5 2 0 68 1438 3676 3545 1340 1439 3677 3546 1341
11335 5 2 0 68 1439 3677 3546 1341 1440 3678 3547 1342
11336 5 2 0 68 1440 3678 3547 1342 1441 3679 3548 1343
11337 5 2 0 68 1441 3679 3548 1343 1442 3680 3549 1344
11338 5 2 0 68 1442 3680 3549 1344 136 1432 1323 113
11339 5 2 0 69 1443 130 107 1345 1444 131 108 1357
11340 5 2 0 69 137 1443 1345 114 138 1444 1357 115
11341 5 2 0 70 1444 131 108 1357 1445 132 109 1369
11342 5 2 0 70 138 1444 1357 115 139 1445 1369 116
11343 5 2 0 71 1445 132 109 1369 1446 133 110 1381
11344 5 2 0 71 139 1445 1369 116 140 1446 1381 117
11345 5 2 0 72 1446 133 110 1381 1447 134 111 1393
11346 5 2 0 72 140 1446 1381 117 141 1447 1393 118
11347 5 2 0 73 1447 134 111 1393 3681 1438 1340 3671
11348 5 2 0 73 3681 1438 1340 3671 3682 1439 1341 3672
11349 5 2 0 73 3682 1439 1341 3672 3683 1440 1342 3673
11350 5 2 0 73 3683 1440 1342 3673 3684 1441 1343 3674
11351 5 2 0 73 3684 1441 1343 3674 3685 1442 1344 3675
11352 5 2 0 73 3685 1442 1344 3675 1448 136 113 1405
11353 5 2 0 73 141 1447 1393 118 1449 3681 3671 1417
11354 5 2 0 73 1449 3681 3671 1417 1450 3682 3672 1418
11355 5 2 0 73 1450 3682 3672 1418 1451 3683 3673 1419
11356 5 2 0 73 1451 3683 3673 1419 1452 3684 3674 1420
11357 5 2 0 73 1452 3684 3674 1420 1453 3685 3675 1421
11358 5 2 0 73 1453 3685 3675 1421 142 1448 1405 119
11359 5 2 0 74 1454 143 120 1422 1455 145 122 1423
11360 5 2 0 74 144 1454 1422 121 146 1455 1423 123
11361 5 2 0 75 1455 145 122 1423 1456 147 124 1424
11362 5 2 0 75 146 1455 1423 123 148 1456 1424 125
11363 5 2 0 76 1456 147 124 1424 1457 149 126 1425
11364 5 2 0 76 148 1456 1424 125 150 1457 1425 127
11365 5 2 0 77 1457 149 126 1425 1458 151 128 1426
11366 5 2 0 77 150 1457 1425 127 152 1458 1426 129
11367 5 2 0 78 1459 144 121 1427 1460 146 123 1428
11368 5 2 0 78 153 1459 1427 130 154 1460 1428 131
11369 5 2 0 79 1460 146 123 1428 1461 148 125 1429
11370 5 2 0 79 154 1460 1428 131 155 1461 1429 132
11371 5 2 0 80 1461 148 125 1429 1462 150 127 1430
11372 5 2 0 80 155 1461 1429 132 156 1462 1430 133
11373 5 2 0 81 1462 150 127 1430 1463 152 129 1431
11374 5 2 0 81 156 1462 1430 133 157 1463 1431 134
11375 5 2 0 82 1463 152 129 1431 3686 1465 1433 3676
11376 5 2 0 82 3686 1465 1433 3676 3687 1466 1434 3677
11377 5 2 0 82 3687 1466 1434 3677 3688 1467 1435 3678
11378 5 2 0 82 3688 1467 1435 3678 3689 1468 1436 3679
11379 5 2 0 82 3689 1468 1436 3679 3690 1469 1437 3680
11380 5 2 0 82 3690 1469 1437 3680 1464 158 135 1432
11381 5 2 0 82 157 1463 1431 134 1470 3686 3676 1438
11382 5 2 0 82 1470 3686 3676 1438 1471 3687 3677 1439
11383 5 2 0 82 1471 3687 3677 1439 1472 3688 3678 1440
11384 5 2 0 82 1472 3688 3678 1440 1473 3689 3679 1441
11385 5 2 0 82 1473 3689 3679 1441 1474 3690 3680 1442
11386 5 2 0 82 1474 3690 3680 1442 159 1464 1432 136
11387 5 2 0 83 1475 153 130 1443 1476 154 131 1444
11388 5 2 0 83 160 1475 1443 137 161 1476 1444 138
11389 5 2 0 84 1476 154 131 1444 1477 155 132 1445
11390 5 2 0 84 161 1476 1444 138 162 1477 1445 139
11391 5 2 0 85 1477 155 132 1445 1478 156 133 1446
11392 5 2 0 85 162 1477 1445 139 163 1478 1446 140
11393 5 2 0 86 1478 156 133 1446 1479 157 134 1447
11394 5 2 0 86 163 1478 1446 140 164 1479 1447 141
11395 5 2 0 87 1479 157 134 1447 3691 1470 1438 3681
11396 5 2 0 87 3691 1470 1438 3681 3692 1471 1439 3682
11397 5 2 0 87 3692 1471 1439 3682 3693 1472 1440 3683
11398 5 2 0 87 3693 1472 1440 3683 3694 1473 1441 3684
11399 5 2 0 87 3694 1473 1441 3684 3695 1474 1442 3685
11400 5 2 0 87 3695 1474 1442 3685 1480 159 136 1448
11401 5 2 0 87 164 1479 1447 141 1481 3691 3681 1449
11402 5 2 0 87 1481 3691 3681 1449 1482 3692 3682 1450
11403 5 2 0 87 1482 3692 3682 1450 1483 3693 3683 1451
11404 5 2 0 87 1483 3693 3683 1451 1484 3694 3684 1452
11405 5 2 0 87 1484 3694 3684 1452 1485 3695 3685 1453
11406 5 2 0 87 1485 3695 3685 1453 165 1480 1448 142
11407 5 2 0 88 1486 166 143 1454 1487 168 145 1455
11408 5 2 0 88 167 1486 1454 144 169 1487 1455 146
11409 5 2 0 89 1487 168 145 1455 1488 170 147 1456
11410 5 2 0 89 169 1487 1455 146 171 1488 1456 148
11411 5 2 0 90 1488 170 147 1456 1489 172 149 1457
11412 5 2 0 90 171 1488 1456 148 173 1489 1457 150
11413 5 2 0 91 1489 172 149 1457 1490 174 151 1458
11414 5 2 0 91 173 1489 1457 150 175 1490 1458 152
11415 5 2 0 92 1491 167 144 1459 1492 169 146 1460
11416 5 2 0 92 176 1491 1459 153 177 1492 1460 154
11417 5 2 0 93 1492 169 146 1460 1493 171 148 1461
11418 5 2 0 93 177 1492 1460 154 178 1493 1461 155
11419 5 2 0 94 1493 171 148 1461 1494 173 150 1462
11420 5 2 0 94 178 1493 1461 155 179 1494 1462 156
11421 5 2 0 95 1494 173 150 1462 1495 175 152 1463
11422 5 2 0 95 179 1494 1462 156 180 1495 1463 157
11423 5 2 0 96 1495 175 152 1463 3696 1497 1465 3686
11424 5 2 0 96 3696 1497 1465 3686 3697 1498 1466 3687
11425 5 2 0 96 3697 1498 1466 3687 3698 1499 1467 3688
11426 5 2 0 96 3698 1499 1467 3688 3699 1500 1468 3689
11427 5 2 0 96 3699 1500 1468 3689 3700 1501 1469 3690
11428 5 2 0 96 3700 1501 1469 3690 1496 181 158 1464
11429 5 2 0 96 180 1495 1463 157 1502 3696 3686 1470
11430 5 2 0 96 1502 3696 3686 1470 1503 3697 3687 1471
11431 5 2 0 96 1503 3697 3687 1471 1504 3698 3688 1472
11432 5 2 0 96 1504 3698 3688 1472 1505 3699 3689 1473
11433 5 2 0 96 1505 3699 3689 1473 1506 3700 3690 1474
11434 5 2 0 96 1506 3700 3690 1474 182 1496 1464 159
11435 5 2 0 97 1507 176 153 1475 1508 177 154 1476
11436 5 2 0 97 183 1507 1475 160 184 1508 1476 161
11437 5 2 0 98 1508 177 154 1476 1509 178 155 1477
11438 5 2 0 98 184 1508 1476 161 185 1509 1477 162
11439 5 2 0 99 1509 178 155 1477 1510 179 156 1478
11440 5 2 0 99 185 1509 1477 162 186 1510 1478 163
11441 5 2 0 100 1510 179 156 1478 1511 180 157 1479
11442 5 2 0 100 186 1510 1478 163 187 1511 1479 164
11443 5 2 0 101 1511 180 157 1479 3701 1502 1470 3691
11444 5 2 0 101 3701 1502 1470 3691 3702 1503 1471 3692
11445 5 2 0 101 3702 1503 1471 3692 3703 1504 1472 3693
11446 5 2 0 101 3703 1504 1472 3693 3704 1505 1473 3694
11447 5 2 0 101 3704 1505 1473 3694 3705 1506 1474 3695
11448 5 2 0 101 3705 1506 1474 3695 1512 182 159 1480
11449 5 2 0 101 187 1511 1479 164 1513 3701 3691 1481
11450 5 2 0 101 1513 3701 3691 1481 1514 3702 3692 1482
11451 5 2 0 101 1514 3702 3692 1482 1515 3703 3693 1483
11452 5 2 0 101 1515 3703 3693 1483 1516 3704 3694 1484
11453 5 2 0 101 1516 3704 3694 1484 1517 3705 3695 1485
11454 5 2 0 101 1517 3705 3695 1485 188 1512 1480 165
11455 5 2 0 102 1518 189 166 1486 1519 191 168 1487
11456 5 2 0 102 190 1518 1486 167 192 1519 1487 169
11457 5 2 0 103 1519 191 168 1487 1520 193 170 1488
11458 5 2 0 103 192 1519 1487 169 194 1520 1488 171
11459 5 2 0 104 1520 193 170 1488 1521 195 172 1489
11460 5 2 0 104 194 1520 1488 171 196 1521 1489 173
11461 5 2 0 105 1521 195 172 1489 1522 197 174 1490
11462 5 2 0 105 196 1521 1489 173 198 1522 1490 175
11463 5 2 0 106 1523 190 167 1491 1524 192 169 1492
11464 5 2 0 106 199 1523 1491 176 200 1524 1492 177
11465 5 2 0 107 1524 192 169 1492 1525 194 171 1493
11466 5 2 0 107 200 1524 1492 177 201 1525 1493 178
11467 5 2 0 108 1525 194 171 1493 1526 196 173 1494
11468 5 2 0 108 201 1525 1493 178 202 1526 1494 179
11469 5 2 0 109 1526 196 173 1494 1527 198 175 1495
11470 5 2 0 109 202 1526 1494 179 203 1527 1495 180
11471 5 2 0 110 1527 198 175 1495 3706 1529 1497 3696
11472 5 2 0 110 3706 1529 1497 3696 3707 1530 1498 3697
11473 5 2 0 110 3707 1530 1498 3697 3708 1531 1499 3698
11474 5 2 0 110 3708 1531 1499 3698 3709 1532 1500 3699
11475 5 2 0 110 3709 1532 1500 3699 3710 1533 1501 3700
11476 5 2 0 110 3710 1533 1501 3700 1528 204 181 1496
11477 5 2 0 110 203 1527 1495 180 1534 3706 3696 1502
11478 5 2 0 110 1534 3706 3696 1502 1535 3707 3697 1503
11479 5 2 0 110 1535 3707 3697 1503 1536 3708 3698 1504
11480 5 2 0 110 1536 3708 3698 1504 1537 3709 3699 1505
11481 5 2 0 110 1537 3709 3699 1505 1538 3710 3700 1506
11482 5 2 0 110 1538 3710 3700 1506 205 1528 1496 182
11483 5 2 0 111 1539 199 176 1507 1540 200 177 1508
11484 5 2 0 111 206 1539 1507 183 207 1540 1508 184
11485 5 2 0 112 1540 200 177 1508 1541 201 178 1509
11486 5 2 0 112 207 1540 1508 184 208 1541 1509 185
11487 5 2 0 113 1541 201 178 1509 1542 202 179 1510
11488 5 2 0 113 208 1541 1509 185 209 1542 1510 186
11489 5 2 0 114 1542 202 179 1510 1543 203 180 1511
11490 5 2 0 114 209 1542 1510 186 210 1543 1511 187
11491 5 2 0 115 1543 203 180 1511 3711 1534 1502 3701
11492 5 2 0 115 3711 1534 1502 3701 3712 1535 1503 3702
11493 5 2 0 115 3712 1535 1503 3702 3713 1536 1504 3703
11494 5 2 0 115 3713 1536 1504 3703 3714 1537 1505 3704
11495 5 2 0 115 3714 1537 1505 3704 3715 1538 1506 3705
11496 5 2 0 115 3715 1538 1506 3705 1544 205 182 1512
11497 5 2 0 115 210 1543 1511 187 1545 3711 3701 1513
11498 5 2 0 115 1545 3711 3701 1513 1546 3712 3702 1514
11499 5 2 0 115 1546 3712 3702 1514 1547 3713 3703 1515
11500 5 2 0 115 1547 3713 3703 1515 1548 3714 3704 1516
11501 5 2 0 115 1548 3714 3704 1516 1549 3715 3705 1517
11502 5 2 0 115 1549 3715 3705 1517 211 1544 1512 188
11503 5 2 0 116 212 1550 3716 1573 216 1574 3727 1597
11504 5 2 0 116 1573 3716 1562 215 1597 3727 1586 219
11505 5 2 0 116 1550 1551 3717 3716 1574 1575 3728 3727
11506 5 2 0 116 3716 3717 1563 1562 3727 3728 1587 1586
11507 5 2 0 116 1551 1552 3718 3717 1575 1576 3729 3728
11508 5 2 0 116 3717 3718 1564 1563 3728 3729 1588 1587
11509 5 2 0 116 1552 1553 3719 3718 1576 1577 3730 3729
11510 5 2 0 116 3718 3719 1565 1564 3729 3730 1589 1588
11511 5 2 0 116 1553 1554 3720 3719 1577 1578 3731 3730
11512 5 2 0 116 3719 3720 1566 1565 3730 3731 1590 1589
11513 5 2 0 116 1554 1555 3721 3720 1578 1579 3732 3731
11514 5 2 0 116 3720 3721 1567 1566 3731 3732 1591 1590
11515 5 2 0 116 1555 1556 3722 3721 1579 1580 3733 3732
11516 5 2 0 116 3721 3722 1568 1567 3732 3733 1592 1591
11517 5 2 0 116 1556 1557 3723 3722 1580 1581 3734 3733
11518 5 2 0 116 3722 3723 1569 1568 3733 3734 1593 1592
11519 5 2 0 116 1557 1558 3724 3723 1581 1582 3735 3734
11520 5 2 0 116 3723 3724 1570 1569 3734 3735 1594 1593
11521 5 2 0 116 1558 1559 3725 3724 1582 1583 3736 3735
11522 5 2 0 116 3724 3725 1571 1570 3735 3736 1595 1594
11523 5 2 0 116 1559 1560 3726 3725 1583 1584 3737 3736
11524 5 2 0 116 3725 3726 1572 1571 3736 3737 1596 1595
11525 5 2 0 116 1560 213 1561 3726 1584 217 1585 3737
11526 5 2 0 116 3726 1561 214 1572 3737 1585 218 1596
11527 5 2 0 117 216 1574 3727 1597 220 1598 3738 1621
11528 5 2 0 117 1597 3727 1586 219 1621 3738 1610 223
11529 5 2 0 117 1574 1575 3728 3727 1598 1599 3739 3738
11530 5 2 0 117 3727 3728 1587 1586 3738 3739 1611 1610
11531 5 2 0 117 1575 1576 3729 3728 1599 1600 3740 3739
11532 5 2 0 117 3728 3729 1588 1587 3739 3740 1612 1611
11533 5 2 0 117 1576 1577 3730 3729 1600 1601 3741 3740
11534 5 2 0 117 3729 3730 1589 1588 3740 3741 1613 1612
11535 5 2 0 117 1577 1578 3731 3730 1601 1602 3742 3741
11536 5 2 0 117 3730 3731 1590 1589 3741 3742 1614 1613
11537 5 2 0 117 1578 1579 3732 3731 1602 1603 3743 3742
11538 5 2 0 117 3731 3732 1591 1590 3742 3743 1615 1614
11539 5 2 0 117 1579 1580 3733 3732 1603 1604 3744 3743
11540 5 2 0 117 3732 3733 1592 1591 3743 3744 1616 1615
11541 5 2 0 117 1580 1581 3734 3733 1604 1605 3745 3744
11542 5 2 0 117 3733 3734 1593 1592 3744 3745 1617 1616
11543 5 2 0 117 1581 1582 3735 3734 1605 1606 3746 3745
11544 5 2 0 117 3734 3735 1594 1593 3745 3746 1618 1617
11545 5 2 0 117 1582 1583 3736 3735 1606 1607 3747 3746
11546 5 2 0 117 3735 3736 1595 1594 3746 3747 1619 1618
11547 5 2 0 117 1583 1584 3737 3736 1607 1608 3748 3747
11548 5 2 0 117 3736 3737 1596 1595 3747 3748 1620 1619
11549 5 2 0 117 1584 217 1585 3737 1608 221 1609 3748
11550 5 2 0 117 3737 1585 218 1596 3748 1609 222 1620
11551 5 2 0 118 220 1598 3738 1621 224 1622 3749 1645
11552 5 2 0 118 1621 3738 1610 223 1645 3749 1634 227
11553 5 2 0 118 1598 1599 3739 3738 1622 1623 3750 3749
11554 5 2 0 118 3738 3739 1611 1610 3749 3750 1635 1634
11555 5 2 0 118 1599 1600 3740 3739 1623 1624 3751 3750
11556 5 2 0 118 3739 3740 1612 1611 3750 3751 1636 1635
11557 5 2 0 118 1600 1601 3741 3740 1624 1625 3752 3751
11558 5 2 0 118 3740 3741 1613 1612 3751 3752 1637 1636
11559 5 2 0 118 1601 1602 3742 3741 1625 1626 3753 3752
11560 5 2 0 118 3741 3742 1614 1613 3752 3753 1638 1637
11561 5 2 0 118 1602 1603 3743 3742 1626 1627 3754 3753
11562 5 2 0 118 3742 3743 1615 1614 3753 3754 1639 1638
11563 5 2 0 118 1603 1604 3744 3743 1627 1628 3755 3754
11564 5 2 0 118 3743 3744 1616 1615 3754 3755 1640 1639
11565 5 2 0 118 1604 1605 3745 3744 1628 1629 3756 3755
11566 5 2 0 118 3744 3745 1617 1616 3755 3756 1641 1640
11567 5 2 0 118 1605 1606 3746 3745 1629 1630 3757 3756
11568 5 2 0 118 3745 3746 1618 1617 3756 3757 1642 1641
11569 5 2 0 118 1606 1607 3747 3746 1630 1631 3758 3757
11570 5 2 0 118 3746 3747 1619 1618 3757 3758 1643 1642
11571 5 2 0 118 1607 1608 3748 3747 1631 1632 3759 3758
11572 5 2 0 118 3747 3748 1620 1619 3758 3759 1644 1643
11573 5 2 0 118 1608 221 1609 3748 1632 225 1633 3759
11574 5 2 0 118 3748 1609 222 1620 3759 1633 226 1644
11575 5 2 0 119 224 1622 3749 1645 21 481 2321 504
11576 5 2 0 119 1645 3749 1634 227 504 2321 493 24
11577 5 2 0 119 1622 1623 3750 3749 481 482 2322 2321
11578 5 2 0 119 3749 3750 1635 1634 2321 2322 494 493
11579 5 2 0 119 1623 1624 3751 3750 482 483 2323 2322
11580 5 2 0 119 3750 3751 1636 1635 2322 2323 495 494
11581 5 2 0 119 1624 1625 3752 3751 483 484 2324 2323
11582 5 2 0 119 3751 3752 1637 1636 2323 2324 496 495
11583 5 2 0 119 1625 1626 3753 3752 484 485 2325 2324
11584 5 2 0 119 3752 3753 1638 1637 2324 2325 497 496
11585 5 2 0 119 1626 1627 3754 3753 485 486 2326 2325
11586 5 2 0 119 3753 3754 1639 1638 2325 2326 498 497
11587 5 2 0 119 1627 1628 3755 3754 486 487 2327 2326
11588 5 2 0 119 3754 3755 1640 1639 2326 2327 499 498
11589 5 2 0 119 1628 1629 3756 3755 487 488 2328 2327
11590 5 2 0 119 3755 3756 1641 1640 2327 2328 500 499
11591 5 2 0 119 1629 1630 3757 3756 488 489 2329 2328
11592 5 2 0 119 3756 3757 1642 1641 2328 2329 501 500
11593 5 2 0 119 1630 1631 3758 3757 489 490 2330 2329
11594 5 2 0 119 3757 3758 1643 1642 2329 2330 502 501
11595 5 2 0 119 1631 1632 3759 3758 490 491 2331 2330
11596 5 2 0 119 3758 3759 1644 1643 2330 2331 503 502
11597 5 2 0 119 1632 225 1633 3759 491 22 492 2331
11598 5 2 0 119 3759 1633 226 1644 2331 492 23 503
11599 5 2 0 120 215 1562 3760 1658 219 1586 3771 1671
11600 5 2 0 120 1658 3760 1647 229 1671 3771 1660 231
11601 5 2 0 120 1562 1563 3761 3760 1586 1587 3772 3771
11602 5 2 0 120 3760 3761 1648 1647 3771 3772 1661 1660
11603 5 2 0 120 1563 1564 3762 3761 1587 1588 3773 3772
11604 5 2 0 120 3761 3762 1649 1648 3772 3773 1662 1661
11605 5 2 0 120 1564 1565 3763 3762 1588 1589 3774 3773
11606 5 2 0 120 3762 3763 1650 1649 3773 3774 1663 1662
11607 5 2 0 120 1565 1566 3764 3763 1589 1590 3775 3774
11608 5 2 0 120 3763 3764 1651 1650 3774 3775 1664 1663
11609 5 2 0 120 1566 1567 3765 3764 1590 1591 3776 3775
11610 5 2 0 120 3764 3765 1652 1651 3775 3776 1665 1664
11611 5 2 0 120 1567 1568 3766 3765 1591 1592 3777 3776
11612 5 2 0 120 3765 3766 1653 1652 3776 3777 1666 1665
11613 5 2 0 120 1568 1569 3767 3766 1592 1593 3778 3777
11614 5 2 0 120 3766 3767 1654 1653 3777 3778 1667 1666
11615 5 2 0 120 1569 1570 3768 3767 1593 1594 3779 3778
11616 5 2 0 120 3767 3768 1655 1654 3778 3779 1668 1667
11617 5 2 0 120 1570 1571 3769 3768 1594 1595 3780 3779
11618 5 2 0 120 3768 3769 1656 1655 3779 3780 1669 1668
11619 5 2 0 120 1571 1572 3770 3769 1595 1596 3781 3780
11620 5 2 0 120 3769 3770 1657 1656 3780 3781 1670 1669
11621 5 2 0 120 1572 214 1646 3770 1596 218 1659 3781
11622 5 2 0 120 3770 1646 228 1657 3781 1659 230 1670
11623 5 2 0 121 219 1586 3771 1671 223 1610 3782 1684
11624 5 2 0 121 1671 3771 1660 231 1684 3782 1673 233
11625 5 2 0 121 1586 1587 3772 3771 1610 1611 3783 3782
11626 5 2 0 121 3771 3772 1661 1660 3782 3783 1674 1673
11627 5 2 0 121 1587 1588 3773 3772 1611 1612 3784 3783
11628 5 2 0 121 3772 3773 1662 1661 3783 3784 1675 1674
11629 5 2 0 121 1588 1589 3774 3773 1612 1613 3785 3784
11630 5 2 0 121 3773 3774 1663 1662 3784 3785 1676 1675
11631 5 2 0 121 1589 1590 3775 3774 1613 1614 3786 3785
11632 5 2 0 121 3774 3775 1664 1663 3785 3786 1677 1676
11633 5 2 0 121 1590 1591 3776 3775 1614 1615 3787 3786
11634 5 2 0 121 3775 3776 1665 1664 3786 3787 1678 1677
11635 5 2 0 121 1591 1592 3777 3776 1615 1616 3788 3787
11636 5 2 0 121 3776 3777 1666 1665 3787 3788 1679 1678
11637 5 2 0 121 1592 1593 3778 3777 1616 1617 3789 3788
11638 5 2 0 121 3777 3778 1667 1666 3788 3789 1680 1679
11639 5 2 0 121 1593 1594 3779 3778 1617 1618 3790 3789
11640 5 2 0 121 3778 3779 1668 1667 3789 3790 1681 1680
11641 5 2 0 121 1594 1595 3780 3779 1618 1619 3791 3790
11642 5 2 0 121 3779 3780 1669 1668 3790 3791 1682 1681
11643 5 2 0 121 1595 1596 3781 3780 1619 1620 3792 3791
11644 5 2 0 121 3780 3781 1670 1669 3791 3792 1683 1682
11645 5 2 0 121 1596 218 1659 3781 1620 222 1672 3792
11646 5 2 0 121 3781 1659 230 1670 3792 1672 232 1683
11647 5 2 0 122 223 1610 3782 1684 227 1634 3793 1697
11648 5 2 0 122 1684 3782 1673 233 1697 3793 1686 235
11649 5 2 0 122 1610 1611 3783 3782 1634 1635 3794 3793
11650 5 2 0 122 3782 3783 1674 1673 3793 3794 1687 1686
11651 5 2 0 122 1611 1612 3784 3783 1635 1636 3795 3794
11652 5 2 0 122 3783 3784 1675 1674 3794 3795 1688 1687
11653 5 2 0 122 1612 1613 3785 3784 1636 1637 3796 3795
11654 5 2 0 122 3784 3785 1676 1675 3795 3796 1689 1688
11655 5 2 0 122 1613 1614 3786 3785 1637 1638 3797 3796
11656 5 2 0 122 3785 3786 1677 1676 3796 3797 1690 1689
11657 5 2 0 122 1614 1615 3787 3786 1638 1639 3798 3797
11658 5 2 0 122 3786 3787 1678 1677 3797 3798 1691 1690
11659 5 2 0 122 1615 1616 3788 3787 1639 1640 3799 3798
11660 5 2 0 122 3787 3788 1679 1678 3798 3799 1692 1691
11661 5 2 0 122 1616 1617 3789 3788 1640 1641 3800 3799
11662 5 2 0 122 3788 3789 1680 1679 3799 3800 1693 1692
11663 5 2 0 122 1617 1618 3790 3789 1641 1642 3801 3800
11664 5 2 0 122 3789 3790 1681 1680 3800 3801 1694 1693
11665 5 2 0 122 1618 1619 3791 3790 1642 1643 3802 3801
11666 5 2 0 122 3790 3791 1682 1681 3801 3802 1695 1694
11667 5 2 0 122 1619 1620 3792 3791 1643 1644 3803 3802
11668 5 2 0 122 3791 3792 1683 1682 3802 3803 1696 1695
11669 5 2 0 122 1620 222 1672 3792 1644 226 1685 3803
11670 5 2 0 122 3792 1672 232 1683 3803 1685 234 1696
11671 5 2 0 123 227 1634 3793 1697 24 493 2507 602
11672 5 2 0 123 1697 3793 1686 235 602 2507 591 36
11673 5 2 0 123 1634 1635 3794 3793 493 494 2508 2507
11674 5 2 0 123 3793 3794 1687 1686 2507 2508 592 591
11675 5 2 0 123 1635 1636 3795 3794 494 495 2509 2508
11676 5 2 0 123 3794 3795 1688 1687 2508 2509 593 592
11677 5 2 0 123 1636 1637 3796 3795 495 496 2510 2509
11678 5 2 0 123 3795 3796 1689 1688 2509 2510 594 593
11679 5 2 0 123 1637 1638 3797 3796 496 497 2511 2510
11680 5 2 0 123 3796 3797 1690 1689 2510 2511 595 594
11681 5 2 0 123 1638 1639 3798 3797 497 498 2512 2511
11682 5 2 0 123 3797 3798 1691 1690 2511 2512 596 595
11683 5 2 0 123 1639 1640 3799 3798 498 499 2513 2512
11684 5 2 0 123 3798 3799 1692 1691 2512 2513 597 596
11685 5 2 0 123 1640 1641 3800 3799 499 500 2514 2513
11686 5 2 0 123 3799 3800 1693 1692 2513 2514 598 597
11687 5 2 0 123 1641 1642 3801 3800 500 501 2515 2514
11688 5 2 0 123 3800 3801 1694 1693 2514 2515 599 598
11689 5 2 0 123 1642 1643 3802 3801 501 502 2516 2515
11690 5 2 0 123 3801 3802 1695 1694 2515 2516 600 599
11691 5 2 0 123 1643 1644 3803 3802 502 503 2517 2516
11692 5 2 0 123 3802 3803 1696 1695 2516 2517 601 600
11693 5 2 0 123 1644 226 1685 3803 503 23 590 2517
11694 5 2 0 123 3803 1685 234 1696 2517 590 35 601
11695 5 2 0 124 229 1647 3804 1710 231 1660 3815 1723
11696 5 2 0 124 1710 3804 1699 237 1723 3815 1712 239
11697 5 2 0 124 1647 1648 3805 3804 1660 1661 3816 3815
11698 5 2 0 124 3804 3805 1700 1699 3815 3816 1713 1712
11699 5 2 0 124 1648 1649 3806 3805 1661 1662 3817 3816
11700 5 2 0 124 3805 3806 1701 1700 3816 3817 1714 1713
11701 5 2 0 124 1649 1650 3807 3806 1662 1663 3818 3817
11702 5 2 0 124 3806 3807 1702 1701 3817 3818 1715 1714
11703 5 2 0 124 1650 1651 3808 3807 1663 1664 3819 3818
11704 5 2 0 124 3807 3808 1703 1702 3818 3819 1716 1715
11705 5 2 0 124 1651 1652 3809 3808 1664 1665 3820 3819
11706 5 2 0 124 3808 3809 1704 1703 3819 3820 1717 1716
11707 5 2 0 124 1652 1653 3810 3809 1665 1666 3821 3820
11708 5 2 0 124 3809 3810 1705 1704 3820 3821 1718 1717
11709 5 2 0 124 1653 1654 3811 3810 1666 1667 3822 3821
11710 5 2 0 124 3810 3811 1706 1705 3821 3822 1719 1718
11711 5 2 0 124 1654 1655 3812 3811 1667 1668 3823 3822
11712 5 2 0 124 3811 3812 1707 1706 3822 3823 1720 1719
11713 5 2 0 124 1655 1656 3813 3812 1668 1669 3824 3823
11714 5 2 0 124 3812 3813 1708 1707 3823 3824 1721 1720
11715 5 2 0 124 1656 1657 3814 3813 1669 1670 3825 3824
11716 5 2 0 124 3813 3814 1709 1708 3824 3825 1722 1721
11717 5 2 0 124 1657 228 1698 3814 1670 230 1711 3825
11718 5 2 0 124 3814 1698 236 1709 3825 1711 238 1722
11719 5 2 0 125 231 1660 3815 1723 233 1673 3826 1736
11720 5 2 0 125 1723 3815 1712 239 1736 3826 1725 241
11721 5 2 0 125 1660 1661 3816 3815 1673 1674 3827 3826
11722 5 2 0 125 3815 3816 1713 1712 3826 3827 1726 1725
11723 5 2 0 125 1661 1662 3817 3816 1674 1675 3828 3827
11724 5 2 0 125 3816 3817 1714 1713 3827 3828 1727 1726
11725 5 2 0 125 1662 1663 3818 3817 1675 1676 3829 3828
11726 5 2 0 125 3817 3818 1715 1714 3828 3829 1728 1727
11727 5 2 0 125 1663 1664 3819 3818 1676 1677 3830 3829
11728 5 2 0 125 3818 3819 1716 1715 3829 3830 1729 1728
11729 5 2 0 125 1664 1665 3820 3819 1677 1678 3831 3830
11730 5 2 0 125 3819 3820 1717 1716 3830 3831 1730 1729
11731 5 2 0 125 1665 1666 3821 3820 1678 1679 3832 3831
11732 5 2 0 125 3820 3821 1718 1717 3831 3832 1731 1730
11733 5 2 0 125 1666 1667 3822 3821 1679 1680 3833 3832
11734 5 2 0 125 3821 3822 1719 1718 3832 3833 1732 1731
11735 5 2 0 125 1667 1668 3823 3822 1680 1681 3834 3833
11736 5 2 0 125 3822 3823 1720 1719 3833 3834 1733 1732
11737 5 2 0 125 1668 1669 3824 3823 1681 1682 3835 3834
11738 5 2 0 125 3823 3824 1721 1720 3834 3835 1734 1733
11739 5 2 0 125 1669 1670 3825 3824 1682 1683 3836 3835
11740 5 2 0 125 3824 3825 1722 1721 3835 3836 1735 1734
11741 5 2 0 125 1670 230 1711 3825 1683 232 1724 3836
11742 5 2 0 125 3825 1711 238 1722 3836 1724 240 1735
11743 5 2 0 126 233 1673 3826 1736 235 1686 3837 1749
11744 5 2 0 126 1736 3826 1725 241 1749 3837 1738 243
11745 5 2 0 126 1673 1674 3827 3826 1686 1687 3838 3837
11746 5 2 0 126 3826 3827 1726 1725 3837 3838 1739 1738
11747 5 2 0 126 1674 1675 3828 3827 1687 1688 3839 3838
11748 5 2 0 126 3827 3828 1727 1726 3838 3839 1740 1739
11749 5 2 0 126 1675 1676 3829 3828 1688 1689 3840 3839
11750 5 2 0 126 3828 3829 1728 1727 3839 3840 1741 1740
11751 5 2 0 126 1676 1677 3830 3829 1689 1690 3841 3840
11752 5 2 0 126 3829 3830 1729 1728 3840 3841 1742 1741
11753 5 2 0 126 1677 1678 3831 3830 1690 1691 3842 3841
11754 5 2 0 126 3830 3831 1730 1729 3841 3842 1743 1742
11755 5 2 0 126 1678 1679 3832 3831 1691 1692 3843 3842
11756 5 2 0 126 3831 3832 1731 1730 3842 3843 1744 1743
11757 5 2 0 126 1679 1680 3833 3832 1692 1693 3844 3843
11758 5 2 0 126 3832 3833 1732 1731 3843 3844 1745 1744
11759 5 2 0 126 1680 1681 3834 3833 1693 1694 3845 3844
11760 5 2 0 126 3833 3834 1733 1732 3844 3845 1746 1745
11761 5 2 0 126 1681 1682 3835 3834 1694 1695 3846 3845
11762 5 2 0 126 3834 3835 1734 1733 3845 3846 1747 1746
11763 5 2 0 126 1682 1683 3836 3835 1695 1696 3847 3846
11764 5 2 0 126 3835 3836 1735 1734 3846 3847 1748 1747
11765 5 2 0 126 1683 232 1724 3836 1696 234 1737 3847
11766 5 2 0 126 3836 1724 240 1735 3847 1737 242 1748
11767 5 2 0 127 235 1686 3837 1749 36 591 2638 690
11768 5 2 0 127 1749 3837 1738 243 690 2638 679 48
11769 5 2 0 127 1686 1687 3838 3837 591 592 2639 2638
11770 5 2 0 127 3837 3838 1739 1738 2638 2639 680 679
11771 5 2 0 127 1687 1688 3839 3838 592 593 2640 2639
11772 5 2 0 127 3838 3839 1740 1739 2639 2640 681 680
11773 5 2 0 127 1688 1689 3840 3839 593 594 2641 2640
11774 5 2 0 127 3839 3840 1741 1740 2640 2641 682 681
11775 5 2 0 127 1689 1690 3841 3840 594 595 2642 2641
11776 5 2 0 127 3840 3841 1742 1741 2641 2642 683 682
11777 5 2 0 127 1690 1691 3842 3841 595 596 2643 2642
11778 5 2 0 127 3841 3842 1743 1742 2642 2643 684 683
11779 5 2 0 127 1691 1692 3843 3842 596 597 2644 2643
11780 5 2 0 127 3842 3843 1744 1743 2643 2644 685 684
11781 5 2 0 127 1692 1693 3844 3843 597 598 2645 2644
11782 5 2 0 127 3843 3844 1745 1744 2644 2645 686 685
11783 5 2 0 127 1693 1694 3845 3844 598 599 2646 2645
11784 5 2 0 127 3844 3845 1746 1745 2645 2646 687 686
11785 5 2 0 127 1694 1695 3846 3845 599 600 2647 2646
11786 5 2 0 127 3845 3846 1747 1746 2646 2647 688 687
11787 5 2 0 127 1695 1696 3847 3846 600 601 2648 2647
11788 5 2 0 127 3846 3847 1748 1747 2647 2648 689 688
11789 5 2 0 127 1696 234 1737 3847 601 35 678 2648
11790 5 2 0 127 3847 1737 242 1748 2648 678 47 689
11791 5 2 0 128 213 1750 3848 1561 217 1773 3859 1585
11792 5 2 0 128 1561 3848 1762 214 1585 3859 1785 218
11793 5 2 0 128 1750 1751 3849 3848 1773 1774 3860 3859
11794 5 2 0 128 3848 3849 1763 1762 3859 3860 1786 1785
11795 5 2 0 128 1751 1752 3850 3849 1774 1775 3861 3860
11796 5 2 0 128 3849 3850 1764 1763 3860 3861 1787 1786
11797 5 2 0 128 1752 1753 3851 3850 1775 1776 3862 3861
11798 5 2 0 128 3850 3851 1765 1764 3861 3862 1788 1787
11799 5 2 0 128 1753 1754 3852 3851 1776 1777 3863 3862
11800 5 2 0 128 3851 3852 1766 1765 3862 3863 1789 1788
11801 5 2 0 128 1754 1755 3853 3852 1777 1778 3864 3863
11802 5 2 0 128 3852 3853 1767 1766 3863 3864 1790 1789
11803 5 2 0 128 1755 1756 3854 3853 1778 1779 3865 3864
11804 5 2 0 128 3853 3854 1768 1767 3864 3865 1791 1790
11805 5 2 0 128 1756 1757 3855 3854 1779 1780 3866 3865
11806 5 2 0 128 3854 3855 1769 1768 3865 3866 1792 1791
11807 5 2 0 128 1757 1758 3856 3855 1780 1781 3867 3866
11808 5 2 0 128 3855 3856 1770 1769 3866 3867 1793 1792
11809 5 2 0 128 1758 1759 3857 3856 1781 1782 3868 3867
11810 5 2 0 128 3856 3857 1771 1770 3867 3868 1794 1793
11811 5 2 0 128 1759 1760 3858 3857 1782 1783 3869 3868
11812 5 2 0 128 3857 3858 1772 1771 3868 3869 1795 1794
11813 5 2 0 128 1760 244 1761 3858 1783 246 1784 3869
11814 5 2 0 128 3858 1761 245 1772 3869 1784 247 1795
11815 5 2 0 129 217 1773 3859 1585 221 1796 3870 1609
11816 5 2 0 129 1585 3859 1785 218 1609 3870 1808 222
11817 5 2 0 129 1773 1774 3860 3859 1796 1797 3871 3870
11818 5 2 0 129 3859 3860 1786 1785 3870 3871 1809 1808
11819 5 2 0 129 1774 1775 3861 3860 1797 1798 3872 3871
11820 5 2 0 129 3860 3861 1787 1786 3871 3872 1810 1809
11821 5 2 0 129 1775 1776 3862 3861 1798 1799 3873 3872
11822 5 2 0 129 3861 3862 1788 1787 3872 3873 1811 1810
11823 5 2 0 129 1776 1777 3863 3862 1799 1800 3874 3873
11824 5 2 0 129 3862 3863 1789 1788 3873 3874 1812 1811
11825 5 2 0 129 1777 1778 3864 3863 1800 1801 3875 3874
11826 5 2 0 129 3863 3864 1790 1789 3874 3875 1813 1812
11827 5 2 0 129 1778 1779 3865 3864 1801 1802 3876 3875
11828 5 2 0 129 3864 3865 1791 1790 3875 3876 1814 1813
11829 5 2 0 129 1779 1780 3866 3865 1802 1803 3877 3876
11830 5 2 0 129 3865 3866 1792 1791 3876 3877 1815 1814
11831 5 2 0 129 1780 1781 3867 3866 1803 1804 3878 3877
11832 5 2 0 129 3866 3867 1793 1792 3877 3878 1816 1815
11833 5 2 0 129 1781 1782 3868 3867 1804 1805 3879 3878
11834 5 2 0 129 3867 3868 1794 1793 3878 3879 1817 1816
11835 5 2 0 129 1782 1783 3869 3868 1805 1806 3880 3879
11836 5 2 0 129 3868 3869 1795 1794 3879 3880 1818 1817
11837 5 2 0 129 1783 246 1784 3869 1806 248 1807 3880
11838 5 2 0 129 3869 1784 247 1795 3880 1807 249 1818
11839 5 2 0 130 221 1796 3870 1609 225 1819 3881 1633
11840 5 2 0 130 1609 3870 1808 222 1633 3881 1831 226
11841 5 2 0 130 1796 1797 3871 3870 1819 1820 3882 3881
11842 5 2 0 130 3870 3871 1809 1808 3881 3882 1832 1831
11843 5 2 0 130 1797 1798 3872 3871 1820 1821 3883 3882
11844 5 2 0 130 3871 3872 1810 1809 3882 3883 1833 1832
11845 5 2 0 130 1798 1799 3873 3872 1821 1822 3884 3883
11846 5 2 0 130 3872 3873 1811 1810 3883 3884 1834 1833
11847 5 2 0 130 1799 1800 3874 3873 1822 1823 3885 3884
11848 5 2 0 130 3873 3874 1812 1811 3884 3885 1835 1834
11849 5 2 0 130 1800 1801 3875 3874 1823 1824 3886 3885
11850 5 2 0 130 3874 3875 1813 1812 3885 3886 1836 1835
11851 5 2 0 130 1801 1802 3876 3875 1824 1825 3887 3886
11852 5 2 0 130 3875 3876 1814 1813 3886 3887 1837 1836
11853 5 2 0 130 1802 1803 3877 3876 1825 1826 3888 3887
11854 5 2 0 130 3876 3877 1815 1814 3887 3888 1838 1837
11855 5 2 0 130 1803 1804 3878 3877 1826 1827 3889 3888
11856 5 2 0 130 3877 3878 1816 1815 3888 3889 1839 1838
11857 5 2 0 130 1804 1805 3879 3878 1827 1828 3890 3889
11858 5 2 0 130 3878 3879 1817 1816 3889 3890 1840 1839
11859 5 2 0 130 1805 1806 3880 3879 1828 1829 3891 3890
11860 5 2 0 130 3879 3880 1818 1817 3890 3891 1841 1840
11861 5 2 0 130 1806 248 1807 3880 1829 250 1830 3891
11862 5 2 0 130 3880 1807 249 1818 3891 1830 251 1841
11863 5 2 0 131 225 1819 3881 1633 22 816 2769 492
11864 5 2 0 131 1633 3881 1831 226 492 2769 828 23
11865 5 2 0 131 1819 1820 3882 3881 816 817 2770 2769
11866 5 2 0 131 3881 3882 1832 1831 2769 2770 829 828
11867 5 2 0 131 1820 1821 3883 3882 817 818 2771 2770
11868 5 2 0 131 3882 3883 1833 1832 2770 2771 830 829
11869 5 2 0 131 1821 1822 3884 3883 818 819 2772 2771
11870 5 2 0 131 3883 3884 1834 1833 2771 2772 831 830
11871 5 2 0 131 1822 1823 3885 3884 819 820 2773 2772
11872 5 2 0 131 3884 3885 1835 1834 2772 2773 832 831
11873 5 2 0 131 1823 1824 3886 3885 820 821 2774 2773
11874 5 2 0 131 3885 3886 1836 1835 2773 2774 833 832
11875 5 2 0 131 1824 1825 3887 3886 821 822 2775 2774
11876 5 2 0 131 3886 3887 1837 1836 2774 2775 834 833
11877 5 2 0 131 1825 1826 3888 3887 822 823 2776 2775
11878 5 2 0 131 3887 3888 1838 1837 2775 2776 835 834
11879 5 2 0 131 1826 1827 3889 3888 823 824 2777 2776
11880 5 2 0 131 3888 3889 1839 1838 2776 2777 836 835
11881 5 2 0 131 1827 1828 3890 3889 824 825 2778 2777
11882 5 2 0 131 3889 3890 1840 1839 2777 2778 837 836
11883 5 2 0 131 1828 1829 3891 3890 825 826 2779 2778
11884 5 2 0 131 3890 3891 1841 1840 2778 2779 838 837
11885 5 2 0 131 1829 250 1830 3891 826 59 827 2779
11886 5 2 0 131 3891 1830 251 1841 2779 827 60 838
11887 5 2 0 132 214 1762 3892 1646 218 1785 3903 1659
11888 5 2 0 132 1646 3892 1843 228 1659 3903 1855 230
11889 5 2 0 132 1762 1763 3893 3892 1785 1786 3904 3903
11890 5 2 0 132 3892 3893 1844 1843 3903 3904 1856 1855
11891 5 2 0 132 1763 1764 3894 3893 1786 1787 3905 3904
11892 5 2 0 132 3893 3894 1845 1844 3904 3905 1857 1856
11893 5 2 0 132 1764 1765 3895 3894 1787 1788 3906 3905
11894 5 2 0 132 3894 3895 1846 1845 3905 3906 1858 1857
11895 5 2 0 132 1765 1766 3896 3895 1788 1789 3907 3906
11896 5 2 0 132 3895 3896 1847 1846 3906 3907 1859 1858
11897 5 2 0 132 1766 1767 3897 3896 1789 1790 3908 3907
11898 5 2 0 132 3896 3897 1848 1847 3907 3908 1860 1859
11899 5 2 0 132 1767 1768 3898 3897 1790 1791 3909 3908
11900 5 2 0 132 3897 3898 1849 1848 3908 3909 1861 1860
11901 5 2 0 132 1768 1769 3899 3898 1791 1792 3910 3909
11902 5 2 0 132 3898 3899 1850 1849 3909 3910 1862 1861
11903 5 2 0 132 1769 1770 3900 3899 1792 1793 3911 3910
11904 5 2 0 132 3899 3900 1851 1850 3910 3911 1863 1862
11905 5 2 0 132 1770 1771 3901 3900 1793 1794 3912 3911
11906 5 2 0 132 3900 3901 1852 1851 3911 3912 1864 1863
11907 5 2 0 132 1771 1772 3902 3901 1794 1795 3913 3912
11908 5 2 0 132 3901 3902 1853 1852 3912 3913 1865 1864
11909 5 2 0 132 1772 245 1842 3902 1795 247 1854 3913
11910 5 2 0 132 3902 1842 252 1853 3913 1854 253 1865
11911 5 2 0 133 218 1785 3903 1659 222 1808 3914 1672
11912 5 2 0 133 1659 3903 1855 230 1672 3914 1867 232
11913 5 2 0 133 1785 1786 3904 3903 1808 1809 3915 3914
11914 5 2 0 133 3903 3904 1856 1855 3914 3915 1868 1867
11915 5 2 0 133 1786 1787 3905 3904 1809 1810 3916 3915
11916 5 2 0 133 3904 3905 1857 1856 3915 3916 1869 1868
11917 5 2 0 133 1787 1788 3906 3905 1810 1811 3917 3916
11918 5 2 0 133 3905 3906 1858 1857 3916 3917 1870 1869
11919 5 2 0 133 1788 1789 3907 3906 1811 1812 3918 3917
11920 5 2 0 133 3906 3907 1859 1858 3917 3918 1871 1870
11921 5 2 0 133 1789 1790 3908 3907 1812 1813 3919 3918
11922 5 2 0 133 3907 3908 1860 1859 3918 3919 1872 1871
11923 5 2 0 133 1790 1791 3909 3908 1813 1814 3920 3919
11924 5 2 0 133 3908 3909 1861 1860 3919 3920 1873 1872
11925 5 2 0 133 1791 1792 3910 3909 1814 1815 3921 3920
11926 5 2 0 133 3909 3910 1862 1861 3920 3921 1874 1873
11927 5 2 0 133 1792 1793 3911 3910 1815 1816 3922 3921
11928 5 2 0 133 3910 3911 1863 1862 3921 3922 1875 1874
11929 5 2 0 133 1793 1794 3912 3911 1816 1817 3923 3922
11930 5 2 0 133 3911 3912 1864 1863 3922 3923 1876 1875
11931 5 2 0 133 1794 1795 3913 3912 1817 1818 3924 3923
11932 5 2 0 133 3912 3913 1865 1864 3923 3924 1877 1876
11933 5 2 0 133 1795 247 1854 3913 1818 249 1866 3924
11934 5 2 0 133 3913 1854 253 1865 3924 1866 254 1877
11935 5 2 0 134 222 1808 3914 1672 226 1831 3925 1685
11936 5 2 0 134 1672 3914 1867 232 1685 3925 1879 234
11937 5 2 0 134 1808 1809 3915 3914 1831 1832 3926 3925
11938 5 2 0 134 3914 3915 1868 1867 3925 3926 1880 1879
11939 5 2 0 134 1809 1810 3916 3915 1832 1833 3927 3926
11940 5 2 0 134 3915 3916 1869 1868 3926 3927 1881 1880
11941 5 2 0 134 1810 1811 3917 3916 1833 1834 3928 3927
11942 5 2 0 134 3916 3917 1870 1869 3927 3928 1882 1881
11943 5 2 0 134 1811 1812 3918 3917 1834 1835 3929 3928
11944 5 2 0 134 3917 3918 1871 1870 3928 3929 1883 1882
11945 5 2 0 134 1812 1813 3919 3918 1835 1836 3930 3929
11946 5 2 0 134 3918 3919 1872 1871 3929 3930 1884 1883
11947 5 2 0 134 1813 1814 3920 3919 1836 1837 3931 3930
11948 5 2 0 134 3919 3920 1873 1872 3930 3931 1885 1884
11949 5 2 0 134 1814 1815 3921 3920 1837 1838 3932 3931
11950 5 2 0 134 3920 3921 1874 1873 3931 3932 1886 1885
11951 5 2 0 134 1815 1816 3922 3921 1838 1839 3933 3932
11952 5 2 0 134 3921 3922 1875 1874 3932 3933 1887 1886
11953 5 2 0 134 1816 1817 3923 3922 1839 1840 3934 3933
11954 5 2 0 134 3922 3923 1876 1875 3933 3934 1888 1887
11955 5 2 0 134 1817 1818 3924 3923 1840 1841 3935 3934
11956 5 2 0 134 3923 3924 1877 1876 3934 3935 1889 1888
11957 5 2 0 134 1818 249 1866 3924 1841 251 1878 3935
11958 5 2 0 134 3924 1866 254 1877 3935 1878 255 1889
11959 5 2 0 135 226 1831 3925 1685 23 828 2950 590
11960 5 2 0 135 1685 3925 1879 234 590 2950 910 35
11961 5 2 0 135 1831 1832 3926 3925 828 829 2951 2950
11962 5 2 0 135 3925 3926 1880 1879 2950 2951 911 910
11963 5 2 0 135 1832 1833 3927 3926 829 830 2952 2951
11964 5 2 0 135 3926 3927 1881 1880 2951 2952 912 911
11965 5 2 0 135 1833 1834 3928 3927 830 831 2953 2952
11966 5 2 0 135 3927 3928 1882 1881 2952 2953 913 912
11967 5 2 0 135 1834 1835 3929 3928 831 832 2954 2953
11968 5 2 0 135 3928 3929 1883 1882 2953 2954 914 913
11969 5 2 0 135 1835 1836 3930 3929 832 833 2955 2954
11970 5 2 0 135 3929 3930 1884 1883 2954 2955 915 914
11971 5 2 0 135 1836 1837 3931 3930 833 834 2956 2955
11972 5 2 0 135 3930 3931 1885 1884 2955 2956 916 915
11973 5 2 0 135 1837 1838 3932 3931 834 835 2957 2956
11974 5 2 0 135 3931 3932 1886 1885 2956 2957 917 916
11975 5 2 0 135 1838 1839 3933 3932 835 836 2958 2957
11976 5 2 0 135 3932 3933 1887 1886 2957 2958 918 917
11977 5 2 0 135 1839 1840 3934 3933 836 837 2959 2958
11978 5 2 0 135 3933 3934 1888 1887 2958 2959 919 918
11979 5 2 0 135 1840 1841 3935 3934 837 838 2960 2959
11980 5 2 0 135 3934 3935 1889 1888 2959 2960 920 919
11981 5 2 0 135 1841 251 1878 3935 838 60 909 2960
11982 5 2 0 135 3935 1878 255 1889 2960 909 66 920
11983 5 2 0 136 228 1843 3936 1698 230 1855 3947 1711
11984 5 2 0 136 1698 3936 1891 236 1711 3947 1903 238
11985 5 2 0 136 1843 1844 3937 3936 1855 1856 3948 3947
11986 5 2 0 136 3936 3937 1892 1891 3947 3948 1904 1903
11987 5 2 0 136 1844 1845 3938 3937 1856 1857 3949 3948
11988 5 2 0 136 3937 3938 1893 1892 3948 3949 1905 1904
11989 5 2 0 136 1845 1846 3939 3938 1857 1858 3950 3949
11990 5 2 0 136 3938 3939 1894 1893 3949 3950 1906 1905
11991 5 2 0 136 1846 1847 3940 3939 1858 1859 3951 3950
11992 5 2 0 136 3939 3940 1895 1894 3950 3951 1907 1906
11993 5 2 0 136 1847 1848 3941 3940 1859 1860 3952 3951
11994 5 2 0 136 3940 3941 1896 1895 3951 3952 1908 1907
11995 5 2 0 136 1848 1849 3942 3941 1860 1861 3953 3952
11996 5 2 0 136 3941 3942 1897 1896 3952 3953 1909 1908
11997 5 2 0 136 1849 1850 3943 3942 1861 1862 3954 3953
11998 5 2 0 136 3942 3943 1898 1897 3953 3954 1910 1909
11999 5 2 0 136 1850 1851 3944 3943 1862 1863 3955 3954
12000 5 2 0 136 3943 3944 1899 1898 3954 3955 1911 1910
12001 5 2 0 136 1851 1852 3945 3944 1863 1864 3956 3955
12002 5 2 0 136 3944 3945 1900 1899 3955 3956 1912 1911
12003 5 2 0 136 1852 1853 3946 3945 1864 1865 3957 3956
12004 5 2 0 136 3945 3946 1901 1900 3956 3957 1913 1912
12005 5 2 0 136 1853 252 1890 3946 1865 253 1902 3957
12006 5 2 0 136 3946 1890 256 1901 3957 1902 257 1913
12007 5 2 0 137 230 1855 3947 1711 232 1867 3958 1724
12008 5 2 0 137 1711 3947 1903 238 1724 3958 1915 240
12009 5 2 0 137 1855 1856 3948 3947 1867 1868 3959 3958
12010 5 2 0 137 3947 3948 1904 1903 3958 3959 1916 1915
12011 5 2 0 137 1856 1857 3949 3948 1868 1869 3960 3959
12012 5 2 0 137 3948 3949 1905 1904 3959 3960 1917 1916
12013 5 2 0 137 1857 1858 3950 3949 1869 1870 3961 3960
12014 5 2 0 137 3949 3950 1906 1905 3960 3961 1918 1917
12015 5 2 0 137 1858 1859 3951 3950 1870 1871 3962 3961
12016 5 2 0 137 3950 3951 1907 1906 3961 3962 1919 1918
12017 5 2 0 137 1859 1860 3952 3951 1871 1872 3963 3962
12018 5 2 0 137 3951 3952 1908 1907 3962 3963 1920 1919
12019 5 2 0 137 1860 1861 3953 3952 1872 1873 3964 3963
12020 5 2 0 137 3952 3953 1909 1908 3963 3964 1921 1920
12021 5 2 0 137 1861 1862 3954 3953 1873 1874 3965 3964
12022 5 2 0 137 3953 3954 1910 1909 3964 3965 1922 1921
12023 5 2 0 137 1862 1863 3955 3954 1874 1875 3966 3965
12024 5 2 0 137 3954 3955 1911 1910 3965 3966 1923 1922
12025 5 2 0 137 1863 1864 3956 3955 1875 1876 3967 3966
12026 5 2 0 137 3955 3956 1912 1911 3966 3967 1924 1923
12027 5 2 0 137 1864 1865 3957 3956 1876 1877 3968 3967
12028 5 2 0 137 3956 3957 1913 1912 3967 3968 1925 1924
12029 5 2 0 137 1865 253 1902 3957 1877 254 1914 3968
12030 5 2 0 137 3957 1902 257 1913 3968 1914 258 1925
12031 5 2 0 138 232 1867 3958 1724 234 1879 3969 1737
12032 5 2 0 138 1724 3958 1915 240 1737 3969 1927 242
12033 5 2 0 138 1867 1868 3959 3958 1879 1880 3970 3969
12034 5 2 0 138 3958 3959 1916 1915 3969 3970 1928 1927
12035 5 2 0 138 1868 1869 3960 3959 1880 1881 3971 3970
12036 5 2 0 138 3959 3960 1917 1916 3970 3971 1929 1928
12037 5 2 0 138 1869 1870 3961 3960 1881 1882 3972 3971
12038 5 2 0 138 3960 3961 1918 1917 3971 3972 1930 1929
12039 5 2 0 138 1870 1871 3962 3961 1882 1883 3973 3972
12040 5 2 0 138 3961 3962 1919 1918 3972 3973 1931 1930
12041 5 2 0 138 1871 1872 3963 3962 1883 1884 3974 3973
12042 5 2 0 138 3962 3963 1920 1919 3973 3974 1932 1931
12043 5 2 0 138 1872 1873 3964 3963 1884 1885 3975 3974
12044 5 2 0 138 3963 3964 1921 1920 3974 3975 1933 1932
12045 5 2 0 138 1873 1874 3965 3964 1885 1886 3976 3975
12046 5 2 0 138 3964 3965 1922 1921 3975 3976 1934 1933
12047 5 2 0 138 1874 1875 3966 3965 1886 1887 3977 3976
12048 5 2 0 138 3965 3966 1923 1922 3976 3977 1935 1934
12049 5 2 0 138 1875 1876 3967 3966 1887 1888 3978 3977
12050 5 2 0 138 3966 3967 1924 1923 3977 3978 1936 1935
12051 5 2 0 138 1876 1877 3968 3967 1888 1889 3979 3978
12052 5 2 0 138 3967 3968 1925 1924 3978 3979 1937 1936
12053 5 2 0 138 1877 254 1914 3968 1889 255 1926 3979
12054 5 2 0 138 3968 1914 258 1925 3979 1926 259 1937
12055 5 2 0 139 234 1879 3969 1737 35 910 3076 678
12056 5 2 0 139 1737 3969 1927 242 678 3076 987 47
12057 5 2 0 139 1879 1880 3970 3969 910 911 3077 3076
12058 5 2 0 139 3969 3970 1928 1927 3076 3077 988 987
12059 5 2 0 139 1880 1881 3971 3970 911 912 3078 3077
12060 5 2 0 139 3970 3971 1929 1928 3077 3078 989 988
12061 5 2 0 139 1881 1882 3972 3971 912 913 3079 3078
12062 5 2 0 139 3971 3972 1930 1929 3078 3079 990 989
12063 5 2 0 139 1882 1883 3973 3972 913 914 3080 3079
12064 5 2 0 139 3972 3973 1931 1930 3079 3080 991 990
12065 5 2 0 139 1883 1884 3974 3973 914 915 3081 3080
12066 5 2 0 139 3973 3974 1932 1931 3080 3081 992 991
12067 5 2 0 139 1884 1885 3975 3974 915 916 3082 3081
12068 5 2 0 139 3974 3975 1933 1932 3081 3082 993 992
12069 5 2 0 139 1885 1886 3976 3975 916 917 3083 3082
12070 5 2 0 139 3975 3976 1934 1933 3082 3083 994 993
12071 5 2 0 139 1886 1887 3977 3976 917 918 3084 3083
12072 5 2 0 139 3976 3977 1935 1934 3083 3084 995 994
12073 5 2 0 139 1887 1888 3978 3977 918 919 3085 3084
12074 5 2 0 139 3977 3978 1936 1935 3084 3085 996 995
12075 5 2 0 139 1888 1889 3979 3978 919 920 3086 3085
12076 5 2 0 139 3978 3979 1937 1936 3085 3086 997 996
12077 5 2 0 139 1889 255 1926 3979 920 66 986 3086
12078 5 2 0 139 3979 1926 259 1937 3086 986 72 997
12079 5 2 0 140 244 1938 3980 1761 246 1947 3984 1784
12080 5 2 0 140 1761 3980 1943 245 1784 3984 1952 247
12081 5 2 0 140 1938 1939 3981 3980 1947 1948 3985 3984
12082 5 2 0 140 3980 3981 1944 1943 3984 3985 1953 1952
12083 5 2 0 140 1939 1940 3982 3981 1948 1949 3986 3985
12084 5 2 0 140 3981 3982 1945 1944 3985 3986 1954 1953
12085 5 2 0 140 1940 1941 3983 3982 1949 1950 3987 3986
12086 5 2 0 140 3982 3983 1946 1945 3986 3987 1955 1954
12087 5 2 0 140 1941 260 1942 3983 1950 262 1951 3987
12088 5 2 0 140 3983 1942 261 1946 3987 1951 263 1955
12089 5 2 0 141 246 1947 3984 1784 248 1956 3988 1807
12090 5 2 0 141 1784 3984 1952 247 1807 3988 1961 249
12091 5 2 0 141 1947 1948 3985 3984 1956 1957 3989 3988
12092 5 2 0 141 3984 3985 1953 1952 3988 3989 1962 1961
12093 5 2 0 141 1948 1949 3986 3985 1957 1958 3990 3989
12094 5 2 0 141 3985 3986 1954 1953 3989 3990 1963 1962
12095 5 2 0 141 1949 1950 3987 3986 1958 1959 3991 3990
12096 5 2 0 141 3986 3987 1955 1954 3990 3991 1964 1963
12097 5 2 0 141 1950 262 1951 3987 1959 264 1960 3991
12098 5 2 0 141 3987 1951 263 1955 3991 1960 265 1964
12099 5 2 0 142 248 1956 3988 1807 250 1965 3992 1830
12100 5 2 0 142 1807 3988 1961 249 1830 3992 1970 251
12101 5 2 0 142 1956 1957 3989 3988 1965 1966 3993 3992
12102 5 2 0 142 3988 3989 1962 1961 3992 3993 1971 1970
12103 5 2 0 142 1957 1958 3990 3989 1966 1967 3994 3993
12104 5 2 0 142 3989 3990 1963 1962 3993 3994 1972 1971
12105 5 2 0 142 1958 1959 3991 3990 1967 1968 3995 3994
12106 5 2 0 142 3990 3991 1964 1963 3994 3995 1973 1972
12107 5 2 0 142 1959 264 1960 3991 1968 266 1969 3995
12108 5 2 0 142 3991 1960 265 1964 3995 1969 267 1973
12109 5 2 0 143 250 1965 3992 1830 59 1048 3167 827
12110 5 2 0 143 1830 3992 1970 251 827 3167 1053 60
12111 5 2 0 143 1965 1966 3993 3992 1048 1049 3168 3167
12112 5 2 0 143 3992 3993 1971 1970 3167 3168 1054 1053
12113 5 2 0 143 1966 1967 3994 3993 1049 1050 3169 3168
12114 5 2 0 143 3993 3994 1972 1971 3168 3169 1055 1054
12115 5 2 0 143 1967 1968 3995 3994 1050 1051 3170 3169
12116 5 2 0 143 3994 3995 1973 1972 3169 3170 1056 1055
12117 5 2 0 143 1968 266 1969 3995 1051 83 1052 3170
12118 5 2 0 143 3995 1969 267 1973 3170 1052 84 1056
12119 5 2 0 144 245 1943 3996 1842 247 1952 4000 1854
12120 5 2 0 144 1842 3996 1975 252 1854 4000 1980 253
12121 5 2 0 144 1943 1944 3997 3996 1952 1953 4001 4000
12122 5 2 0 144 3996 3997 1976 1975 4000 4001 1981 1980
12123 5 2 0 144 1944 1945 3998 3997 1953 1954 4002 4001
12124 5 2 0 144 3997 3998 1977 1976 4001 4002 1982 1981
12125 5 2 0 144 1945 1946 3999 3998 1954 1955 4003 4002
12126 5 2 0 144 3998 3999 1978 1977 4002 4003 1983 1982
12127 5 2 0 144 1946 261 1974 3999 1955 263 1979 4003
12128 5 2 0 144 3999 1974 268 1978 4003 1979 269 1983
12129 5 2 0 145 247 1952 4000 1854 249 1961 4004 1866
12130 5 2 0 145 1854 4000 1980 253 1866 4004 1985 254
12131 5 2 0 145 1952 1953 4001 4000 1961 1962 4005 4004
12132 5 2 0 145 4000 4001 1981 1980 4004 4005 1986 1985
12133 5 2 0 145 1953 1954 4002 4001 1962 1963 4006 4005
12134 5 2 0 145 4001 4002 1982 1981 4005 4006 1987 1986
12135 5 2 0 145 1954 1955 4003 4002 1963 1964 4007 4006
12136 5 2 0 145 4002 4003 1983 1982 4006 4007 1988 1987
12137 5 2 0 145 1955 263 1979 4003 1964 265 1984 4007
12138 5 2 0 145 4003 1979 269 1983 4007 1984 270 1988
12139 5 2 0 146 249 1961 4004 1866 251 1970 4008 1878
12140 5 2 0 146 1866 4004 1985 254 1878 4008 1990 255
12141 5 2 0 146 1961 1962 4005 4004 1970 1971 4009 4008
12142 5 2 0 146 4004 4005 1986 1985 4008 4009 1991 1990
12143 5 2 0 146 1962 1963 4006 4005 1971 1972 4010 4009
12144 5 2 0 146 4005 4006 1987 1986 4009 4010 1992 1991
12145 5 2 0 146 1963 1964 4007 4006 1972 1973 4011 4010
12146 5 2 0 146 4006 4007 1988 1987 4010 4011 1993 1992
12147 5 2 0 146 1964 265 1984 4007 1973 267 1989 4011
12148 5 2 0 146 4007 1984 270 1988 4011 1989 271 1993
12149 5 2 0 147 251 1970 4008 1878 60 1053 3236 909
12150 5 2 0 147 1878 4008 1990 255 909 3236 1093 66
12151 5 2 0 147 1970 1971 4009 4008 1053 1054 3237 3236
12152 5 2 0 147 4008 4009 1991 1990 3236 3237 1094 1093
12153 5 2 0 147 1971 1972 4010 4009 1054 1055 3238 3237
12154 5 2 0 147 4009 4010 1992 1991 3237 3238 1095 1094
12155 5 2 0 147 1972 1973 4011 4010 1055 1056 3239 3238
12156 5 2 0 147 4010 4011 1993 1992 3238 3239 1096 1095
12157 5 2 0 147 1973 267 1989 4011 1056 84 1092 3239
12158 5 2 0 147 4011 1989 271 1993 3239 1092 90 1096
12159 5 2 0 148 252 1975 4012 1890 253 1980 4016 1902
12160 5 2 0 148 1890 4012 1995 256 1902 4016 2000 257
12161 5 2 0 148 1975 1976 4013 4012 1980 1981 4017 4016
12162 5 2 0 148 4012 4013 1996 1995 4016 4017 2001 2000
12163 5 2 0 148 1976 1977 4014 4013 1981 1982 4018 4017
12164 5 2 0 148 4013 4014 1997 1996 4017 4018 2002 2001
12165 5 2 0 148 1977 1978 4015 4014 1982 1983 4019 4018
12166 5 2 0 148 4014 4015 1998 1997 4018 4019 2003 2002
12167 5 2 0 148 1978 268 1994 4015 1983 269 1999 4019
12168 5 2 0 148 4015 1994 272 1998 4019 1999 273 2003
12169 5 2 0 149 253 1980 4016 1902 254 1985 4020 1914
12170 5 2 0 149 1902 4016 2000 257 1914 4020 2005 258
12171 5 2 0 149 1980 1981 4017 4016 1985 1986 4021 4020
12172 5 2 0 149 4016 4017 2001 2000 4020 4021 2006 2005
12173 5 2 0 149 1981 1982 4018 4017 1986 1987 4022 4021
12174 5 2 0 149 4017 4018 2002 2001 4021 4022 2007 2006
12175 5 2 0 149 1982 1983 4019 4018 1987 1988 4023 4022
12176 5 2 0 149 4018 4019 2003 2002 4022 4023 2008 2007
12177 5 2 0 149 1983 269 1999 4019 1988 270 2004 4023
12178 5 2 0 149 4019 1999 273 2003 4023 2004 274 2008
12179 5 2 0 150 254 1985 4020 1914 255 1990 4024 1926
12180 5 2 0 150 1914 4020 2005 258 1926 4024 2010 259
12181 5 2 0 150 1985 1986 4021 4020 1990 1991 4025 4024
12182 5 2 0 150 4020 4021 2006 2005 4024 4025 2011 2010
12183 5 2 0 150 1986 1987 4022 4021 1991 1992 4026 4025
12184 5 2 0 150 4021 4022 2007 2006 4025 4026 2012 2011
12185 5 2 0 150 1987 1988 4023 4022 1992 1993 4027 4026
12186 5 2 0 150 4022 4023 2008 2007 4026 4027 2013 2012
12187 5 2 0 150 1988 270 2004 4023 1993 271 2009 4027
12188 5 2 0 150 4023 2004 274 2008 4027 2009 275 2013
12189 5 2 0 151 255 1990 4024 1926 66 1093 3285 986
12190 5 2 0 151 1926 4024 2010 259 986 3285 1128 72
12191 5 2 0 151 1990 1991 4025 4024 1093 1094 3286 3285
12192 5 2 0 151 4024 4025 2011 2010 3285 3286 1129 1128
12193 5 2 0 151 1991 1992 4026 4025 1094 1095 3287 3286
12194 5 2 0 151 4025 4026 2012 2011 3286 3287 1130 1129
12195 5 2 0 151 1992 1993 4027 4026 1095 1096 3288 3287
12196 5 2 0 151 4026 4027 2013 2012 3287 3288 1131 1130
12197 5 2 0 151 1993 271 2009 4027 1096 90 1127 3288
12198 5 2 0 151 4027 2009 275 2013 3288 1127 96 1131
12199 5 2 0 152 260 2014 4028 1942 262 2037 4039 1951
12200 5 2 0 152 1942 4028 2026 261 1951 4039 2049 263
12201 5 2 0 152 2014 2015 4029 4028 2037 2038 4040 4039
12202 5 2 0 152 4028 4029 2027 2026 4039 4040 2050 2049
12203 5 2 0 152 2015 2016 4030 4029 2038 2039 4041 4040
12204 5 2 0 152 4029 4030 2028 2027 4040 4041 2051 2050
12205 5 2 0 152 2016 2017 4031 4030 2039 2040 4042 4041
12206 5 2 0 152 4030 4031 2029 2028 4041 4042 2052 2051
12207 5 2 0 152 2017 2018 4032 4031 2040 2041 4043 4042
12208 5 2 0 152 4031 4032 2030 2029 4042 4043 2053 2052
12209 5 2 0 152 2018 2019 4033 4032 2041 2042 4044 4043
12210 5 2 0 152 4032 4033 2031 2030 4043 4044 2054 2053
12211 5 2 0 152 2019 2020 4034 4033 2042 2043 4045 4044
12212 5 2 0 152 4033 4034 2032 2031 4044 4045 2055 2054
12213 5 2 0 152 2020 2021 4035 4034 2043 2044 4046 4045
12214 5 2 0 152 4034 4035 2033 2032 4045 4046 2056 2055
12215 5 2 0 152 2021 2022 4036 4035 2044 2045 4047 4046
12216 5 2 0 152 4035 4036 2034 2033 4046 4047 2057 2056
12217 5 2 0 152 2022 2023 4037 4036 2045 2046 4048 4047
12218 5 2 0 152 4036 4037 2035 2034 4047 4048 2058 2057
12219 5 2 0 152 2023 2024 4038 4037 2046 2047 4049 4048
12220 5 2 0 152 4037 4038 2036 2035 4048 4049 2059 2058
12221 5 2 0 152 2024 276 2025 4038 2047 278 2048 4049
12222 5 2 0 152 4038 2025 277 2036 4049 2048 279 2059
12223 5 2 0 153 262 2037 4039 1951 264 2060 4050 1960
12224 5 2 0 153 1951 4039 2049 263 1960 4050 2072 265
12225 5 2 0 153 2037 2038 4040 4039 2060 2061 4051 4050
12226 5 2 0 153 4039 4040 2050 2049 4050 4051 2073 2072
12227 5 2 0 153 2038 2039 4041 4040 2061 2062 4052 4051
12228 5 2 0 153 4040 4041 2051 2050 4051 4052 2074 2073
12229 5 2 0 153 2039 2040 4042 4041 2062 2063 4053 4052
12230 5 2 0 153 4041 4042 2052 2051 4052 4053 2075 2074
12231 5 2 0 153 2040 2041 4043 4042 2063 2064 4054 4053
12232 5 2 0 153 4042 4043 2053 2052 4053 4054 2076 2075
12233 5 2 0 153 2041 2042 4044 4043 2064 2065 4055 4054
12234 5 2 0 153 4043 4044 2054 2053 4054 4055 2077 2076
12235 5 2 0 153 2042 2043 4045 4044 2065 2066 4056 4055
12236 5 2 0 153 4044 4045 2055 2054 4055 4056 2078 2077
12237 5 2 0 153 2043 2044 4046 4045 2066 2067 4057 4056
12238 5 2 0 153 4045 4046 2056 2055 4056 4057 2079 2078
12239 5 2 0 153 2044 2045 4047 4046 2067 2068 4058 4057
12240 5 2 0 153 4046 4047 2057 2056 4057 4058 2080 2079
12241 5 2 0 153 2045 2046 4048 4047 2068 2069 4059 4058
12242 5 2 0 153 4047 4048 2058 2057 4058 4059 2081 2080
12243 5 2 0 153 2046 2047 4049 4048 2069 2070 4060 4059
12244 5 2 0 153 4048 4049 2059 2058 4059 4060 2082 2081
12245 5 2 0 153 2047 278 2048 4049 2070 280 2071 4060
12246 5 2 0 153 4049 2048 279 2059 4060 2071 281 2082
12247 5 2 0 154 264 2060 4050 1960 266 2083 4061 1969
12248 5 2 0 154 1960 4050 2072 265 1969 4061 2095 267
12249 5 2 0 154 2060 2061 4051 4050 2083 2084 4062 4061
12250 5 2 0 154 4050 4051 2073 2072 4061 4062 2096 2095
12251 5 2 0 154 2061 2062 4052 4051 2084 2085 4063 4062
12252 5 2 0 154 4051 4052 2074 2073 4062 4063 2097 2096
12253 5 2 0 154 2062 2063 4053 4052 2085 2086 4064 4063
12254 5 2 0 154 4052 4053 2075 2074 4063 4064 2098 2097
12255 5 2 0 154 2063 2064 4054 4053 2086 2087 4065 4064
12256 5 2 0 154 4053 4054 2076 2075 4064 4065 2099 2098
12257 5 2 0 154 2064 2065 4055 4054 2087 2088 4066 4065
12258 5 2 0 154 4054 4055 2077 2076 4065 4066 2100 2099
12259 5 2 0 154 2065 2066 4056 4055 2088 2089 4067 4066
12260 5 2 0 154 4055 4056 2078 2077 4066 4067 2101 2100
12261 5 2 0 154 2066 2067 4057 4056 2089 2090 4068 4067
12262 5 2 0 154 4056 4057 2079 2078 4067 4068 2102 2101
12263 5 2 0 154 2067 2068 4058 4057 2090 2091 4069 4068
12264 5 2 0 154 4057 4058 2080 2079 4068 4069 2103 2102
12265 5 2 0 154 2068 2069 4059 4058 2091 2092 4070 4069
12266 5 2 0 154 4058 4059 2081 2080 4069 4070 2104 2103
12267 5 2 0 154 2069 2070 4060 4059 2092 2093 4071 4070
12268 5 2 0 154 4059 4060 2082 2081 4070 4071 2105 2104
12269 5 2 0 154 2070 280 2071 4060 2093 282 2094 4071
12270 5 2 0 154 4060 2071 281 2082 4071 2094 283 2105
12271 5 2 0 155 266 2083 4061 1969 83 2106 4072 1052
12272 5 2 0 155 1969 4061 2095 267 1052 4072 1312 84
12273 5 2 0 155 2083 2084 4062 4061 2106 2107 4073 4072
12274 5 2 0 155 4061 4062 2096 2095 4072 4073 1313 1312
12275 5 2 0 155 2084 2085 4063 4062 2107 2108 4074 4073
12276 5 2 0 155 4062 4063 2097 2096 4073 4074 1314 1313
12277 5 2 0 155 2085 2086 4064 4063 2108 2109 4075 4074
12278 5 2 0 155 4063 4064 2098 2097 4074 4075 1315 1314
12279 5 2 0 155 2086 2087 4065 4064 2109 2110 4076 4075
12280 5 2 0 155 4064 4065 2099 2098 4075 4076 1316 1315
12281 5 2 0 155 2087 2088 4066 4065 2110 2111 4077 4076
12282 5 2 0 155 4065 4066 2100 2099 4076 4077 1317 1316
12283 5 2 0 155 2088 2089 4067 4066 2111 2112 4078 4077
12284 5 2 0 155 4066 4067 2101 2100 4077 4078 1318 1317
12285 5 2 0 155 2089 2090 4068 4067 2112 2113 4079 4078
12286 5 2 0 155 4067 4068 2102 2101 4078 4079 1319 1318
12287 5 2 0 155 2090 2091 4069 4068 2113 2114 4080 4079
12288 5 2 0 155 4068 4069 2103 2102 4079 4080 1320 1319
12289 5 2 0 155 2091 2092 4070 4069 2114 2115 4081 4080
12290 5 2 0 155 4069 4070 2104 2103 4080 4081 1321 1320
12291 5 2 0 155 2092 2093 4071 4070 2115 2116 4082 4081
12292 5 2 0 155 4070 4071 2105 2104 4081 4082 1322 1321
12293 5 2 0 155 2093 282 2094 4071 2116 284 2117 4082
12294 5 2 0 155 4071 2094 283 2105 4082 2117 112 1322
12295 5 2 0 156 261 2026 4083 1974 263 2049 4094 1979
12296 5 2 0 156 1974 4083 2119 268 1979 4094 2131 269
12297 5 2 0 156 2026 2027 4084 4083 2049 2050 4095 4094
12298 5 2 0 156 4083 4084 2120 2119 4094 4095 2132 2131
12299 5 2 0 156 2027 2028 4085 4084 2050 2051 4096 4095
12300 5 2 0 156 4084 4085 2121 2120 4095 4096 2133 2132
12301 5 2 0 156 2028 2029 4086 4085 2051 2052 4097 4096
12302 5 2 0 156 4085 4086 2122 2121 4096 4097 2134 2133
12303 5 2 0 156 2029 2030 4087 4086 2052 2053 4098 4097
12304 5 2 0 156 4086 4087 2123 2122 4097 4098 2135 2134
12305 5 2 0 156 2030 2031 4088 4087 2053 2054 4099 4098
12306 5 2 0 156 4087 4088 2124 2123 4098 4099 2136 2135
12307 5 2 0 156 2031 2032 4089 4088 2054 2055 4100 4099
12308 5 2 0 156 4088 4089 2125 2124 4099 4100 2137 2136
12309 5 2 0 156 2032 2033 4090 4089 2055 2056 4101 4100
12310 5 2 0 156 4089 4090 2126 2125 4100 4101 2138 2137
12311 5 2 0 156 2033 2034 4091 4090 2056 2057 4102 4101
12312 5 2 0 156 4090 4091 2127 2126 4101 4102 2139 2138
12313 5 2 0 156 2034 2035 4092 4091 2057 2058 4103 4102
12314 5 2 0 156 4091 4092 2128 2127 4102 4103 2140 2139
12315 5 2 0 156 2035 2036 4093 4092 2058 2059 4104 4103
12316 5 2 0 156 4092 4093 2129 2128 4103 4104 2141 2140
12317 5 2 0 156 2036 277 2118 4093 2059 279 2130 4104
12318 5 2 0 156 4093 2118 285 2129 4104 2130 286 2141
12319 5 2 0 157 263 2049 4094 1979 265 2072 4105 1984
12320 5 2 0 157 1979 4094 2131 269 1984 4105 2143 270
12321 5 2 0 157 2049 2050 4095 4094 2072 2073 4106 4105
12322 5 2 0 157 4094 4095 2132 2131 4105 4106 2144 2143
12323 5 2 0 157 2050 2051 4096 4095 2073 2074 4107 4106
12324 5 2 0 157 4095 4096 2133 2132 4106 4107 2145 2144
12325 5 2 0 157 2051 2052 4097 4096 2074 2075 4108 4107
12326 5 2 0 157 4096 4097 2134 2133 4107 4108 2146 2145
12327 5 2 0 157 2052 2053 4098 4097 2075 2076 4109 4108
12328 5 2 0 157 4097 4098 2135 2134 4108 4109 2147 2146
12329 5 2 0 157 2053 2054 4099 4098 2076 2077 4110 4109
12330 5 2 0 157 4098 4099 2136 2135 4109 4110 2148 2147
12331 5 2 0 157 2054 2055 4100 4099 2077 2078 4111 4110
12332 5 2 0 157 4099 4100 2137 2136 4110 4111 2149 2148
12333 5 2 0 157 2055 2056 4101 4100 2078 2079 4112 4111
12334 5 2 0 157 4100 4101 2138 2137 4111 4112 2150 2149
12335 5 2 0 157 2056 2057 4102 4101 2079 2080 4113 4112
12336 5 2 0 157 4101 4102 2139 2138 4112 4113 2151 2150
12337 5 2 0 157 2057 2058 4103 4102 2080 2081 4114 4113
12338 5 2 0 157 4102 4103 2140 2139 4113 4114 2152 2151
12339 5 2 0 157 2058 2059 4104 4103 2081 2082 4115 4114
12340 5 2 0 157 4103 4104 2141 2140 4114 4115 2153 2152
12341 5 2 0 157 2059 279 2130 4104 2082 281 2142 4115
12342 5 2 0 157 4104 2130 286 2141 4115 2142 287 2153
12343 5 2 0 158 265 2072 4105 1984 267 2095 4116 1989
12344 5 2 0 158 1984 4105 2143 270 1989 4116 2155 271
12345 5 2 0 158 2072 2073 4106 4105 2095 2096 4117 4116
12346 5 2 0 158 4105 4106 2144 2143 4116 4117 2156 2155
12347 5 2 0 158 2073 2074 4107 4106 2096 2097 4118 4117
12348 5 2 0 158 4106 4107 2145 2144 4117 4118 2157 2156
12349 5 2 0 158 2074 2075 4108 4107 2097 2098 4119 4118
12350 5 2 0 158 4107 4108 2146 2145 4118 4119 2158 2157
12351 5 2 0 158 2075 2076 4109 4108 2098 2099 4120 4119
12352 5 2 0 158 4108 4109 2147 2146 4119 4120 2159 2158
12353 5 2 0 158 2076 2077 4110 4109 2099 2100 4121 4120
12354 5 2 0 158 4109 4110 2148 2147 4120 4121 2160 2159
12355 5 2 0 158 2077 2078 4111 4110 2100 2101 4122 4121
12356 5 2 0 158 4110 4111 2149 2148 4121 4122 2161 2160
12357 5 2 0 158 2078 2079 4112 4111 2101 2102 4123 4122
12358 5 2 0 158 4111 4112 2150 2149 4122 4123 2162 2161
12359 5 2 0 158 2079 2080 4113 4112 2102 2103 4124 4123
12360 5 2 0 158 4112 4113 2151 2150 4123 4124 2163 2162
12361 5 2 0 158 2080 2081 4114 4113 2103 2104 4125 4124
12362 5 2 0 158 4113 4114 2152 2151 4124 4125 2164 2163
12363 5 2 0 158 2081 2082 4115 4114 2104 2105 4126 4125
12364 5 2 0 158 4114 4115 2153 2152 4125 4126 2165 2164
12365 5 2 0 158 2082 281 2142 4115 2105 283 2154 4126
12366 5 2 0 158 4115 2142 287 2153 4126 2154 288 2165
12367 5 2 0 159 267 2095 4116 1989 84 1312 3424 1092
12368 5 2 0 159 1989 4116 2155 271 1092 3424 1324 90
12369 5 2 0 159 2095 2096 4117 4116 1312 1313 3425 3424
12370 5 2 0 159 4116 4117 2156 2155 3424 3425 1325 1324
12371 5 2 0 159 2096 2097 4118 4117 1313 1314 3426 3425
12372 5 2 0 159 4117 4118 2157 2156 3425 3426 1326 1325
12373 5 2 0 159 2097 2098 4119 4118 1314 1315 3427 3426
12374 5 2 0 159 4118 4119 2158 2157 3426 3427 1327 1326
12375 5 2 0 159 2098 2099 4120 4119 1315 1316 3428 3427
12376 5 2 0 159 4119 4120 2159 2158 3427 3428 1328 1327
12377 5 2 0 159 2099 2100 4121 4120 1316 1317 3429 3428
12378 5 2 0 159 4120 4121 2160 2159 3428 3429 1329 1328
12379 5 2 0 159 2100 2101 4122 4121 1317 1318 3430 3429
12380 5 2 0 159 4121 4122 2161 2160 3429 3430 1330 1329
12381 5 2 0 159 2101 2102 4123 4122 1318 1319 3431 3430
12382 5 2 0 159 4122 4123 2162 2161 3430 3431 1331 1330
12383 5 2 0 159 2102 2103 4124 4123 1319 1320 3432 3431
12384 5 2 0 159 4123 4124 2163 2162 3431 3432 1332 1331
12385 5 2 0 159 2103 2104 4125 4124 1320 1321 3433 3432
12386 5 2 0 159 4124 4125 2164 2163 3432 3433 1333 1332
12387 5 2 0 159 2104 2105 4126 4125 1321 1322 3434 3433
12388 5 2 0 159 4125 4126 2165 2164 3433 3434 1334 1333
12389 5 2 0 159 2105 283 2154 4126 1322 112 1323 3434
12390 5 2 0 159 4126 2154 288 2165 3434 1323 113 1334
12391 5 2 0 160 268 2119 4127 1994 269 2131 4138 1999
12392 5 2 0 160 1994 4127 2167 272 1999 4138 2179 273
12393 5 2 0 160 2119 2120 4128 4127 2131 2132 4139 4138
12394 5 2 0 160 4127 4128 2168 2167 4138 4139 2180 2179
12395 5 2 0 160 2120 2121 4129 4128 2132 2133 4140 4139
12396 5 2 0 160 4128 4129 2169 2168 4139 4140 2181 2180
12397 5 2 0 160 2121 2122 4130 4129 2133 2134 4141 4140
12398 5 2 0 160 4129 4130 2170 2169 4140 4141 2182 2181
12399 5 2 0 160 2122 2123 4131 4130 2134 2135 4142 4141
12400 5 2 0 160 4130 4131 2171 2170 4141 4142 2183 2182
12401 5 2 0 160 2123 2124 4132 4131 2135 2136 4143 4142
12402 5 2 0 160 4131 4132 2172 2171 4142 4143 2184 2183
12403 5 2 0 160 2124 2125 4133 4132 2136 2137 4144 4143
12404 5 2 0 160 4132 4133 2173 2172 4143 4144 2185 2184
12405 5 2 0 160 2125 2126 4134 4133 2137 2138 4145 4144
12406 5 2 0 160 4133 4134 2174 2173 4144 4145 2186 2185
12407 5 2 0 160 2126 2127 4135 4134 2138 2139 4146 4145
12408 5 2 0 160 4134 4135 2175 2174 4145 4146 2187 2186
12409 5 2 0 160 2127 2128 4136 4135 2139 2140 4147 4146
12410 5 2 0 160 4135 4136 2176 2175 4146 4147 2188 2187
12411 5 2 0 160 2128 2129 4137 4136 2140 2141 4148 4147
12412 5 2 0 160 4136 4137 2177 2176 4147 4148 2189 2188
12413 5 2 0 160 2129 285 2166 4137 2141 286 2178 4148
12414 5 2 0 160 4137 2166 289 2177 4148 2178 290 2189
12415 5 2 0 161 269 2131 4138 1999 270 2143 4149 2004
12416 5 2 0 161 1999 4138 2179 273 2004 4149 2191 274
12417 5 2 0 161 2131 2132 4139 4138 2143 2144 4150 4149
12418 5 2 0 161 4138 4139 2180 2179 4149 4150 2192 2191
12419 5 2 0 161 2132 2133 4140 4139 2144 2145 4151 4150
12420 5 2 0 161 4139 4140 2181 2180 4150 4151 2193 2192
12421 5 2 0 161 2133 2134 4141 4140 2145 2146 4152 4151
12422 5 2 0 161 4140 4141 2182 2181 4151 4152 2194 2193
12423 5 2 0 161 2134 2135 4142 4141 2146 2147 4153 4152
12424 5 2 0 161 4141 4142 2183 2182 4152 4153 2195 2194
12425 5 2 0 161 2135 2136 4143 4142 2147 2148 4154 4153
12426 5 2 0 161 4142 4143 2184 2183 4153 4154 2196 2195
12427 5 2 0 161 2136 2137 4144 4143 2148 2149 4155 4154
12428 5 2 0 161 4143 4144 2185 2184 4154 4155 2197 2196
12429 5 2 0 161 2137 2138 4145 4144 2149 2150 4156 4155
12430 5 2 0 161 4144 4145 2186 2185 4155 4156 2198 2197
12431 5 2 0 161 2138 2139 4146 4145 2150 2151 4157 4156
12432 5 2 0 161 4145 4146 2187 2186 4156 4157 2199 2198
12433 5 2 0 161 2139 2140 4147 4146 2151 2152 4158 4157
12434 5 2 0 161 4146 4147 2188 2187 4157 4158 2200 2199
12435 5 2 0 161 2140 2141 4148 4147 2152 2153 4159 4158
12436 5 2 0 161 4147 4148 2189 2188 4158 4159 2201 2200
12437 5 2 0 161 2141 286 2178 4148 2153 287 2190 4159
12438 5 2 0 161 4148 2178 290 2189 4159 2190 291 2201
12439 5 2 0 162 270 2143 4149 2004 271 2155 4160 2009
12440 5 2 0 162 2004 4149 2191 274 2009 4160 2203 275
12441 5 2 0 162 2143 2144 4150 4149 2155 2156 4161 4160
12442 5 2 0 162 4149 4150 2192 2191 4160 4161 2204 2203
12443 5 2 0 162 2144 2145 4151 4150 2156 2157 4162 4161
12444 5 2 0 162 4150 4151 2193 2192 4161 4162 2205 2204
12445 5 2 0 162 2145 2146 4152 4151 2157 2158 4163 4162
12446 5 2 0 162 4151 4152 2194 2193 4162 4163 2206 2205
12447 5 2 0 162 2146 2147 4153 4152 2158 2159 4164 4163
12448 5 2 0 162 4152 4153 2195 2194 4163 4164 2207 2206
12449 5 2 0 162 2147 2148 4154 4153 2159 2160 4165 4164
12450 5 2 0 162 4153 4154 2196 2195 4164 4165 2208 2207
12451 5 2 0 162 2148 2149 4155 4154 2160 2161 4166 4165
12452 5 2 0 162 4154 4155 2197 2196 4165 4166 2209 2208
12453 5 2 0 162 2149 2150 4156 4155 2161 2162 4167 4166
12454 5 2 0 162 4155 4156 2198 2197 4166 4167 2210 2209
12455 5 2 0 162 2150 2151 4157 4156 2162 2163 4168 4167
12456 5 2 0 162 4156 4157 2199 2198 4167 4168 2211 2210
12457 5 2 0 162 2151 2152 4158 4157 2163 2164 4169 4168
12458 5 2 0 162 4157 4158 2200 2199 4168 4169 2212 2211
12459 5 2 0 162 2152 2153 4159 4158 2164 2165 4170 4169
12460 5 2 0 162 4158 4159 2201 2200 4169 4170 2213 2212
12461 5 2 0 162 2153 287 2190 4159 2165 288 2202 4170
12462 5 2 0 162 4159 2190 291 2201 4170 2202 292 2213
12463 5 2 0 163 271 2155 4160 2009 90 1324 3605 1127
12464 5 2 0 163 2009 4160 2203 275 1127 3605 1406 96
12465 5 2 0 163 2155 2156 4161 4160 1324 1325 3606 3605
12466 5 2 0 163 4160 4161 2204 2203 3605 3606 1407 1406
12467 5 2 0 163 2156 2157 4162 4161 1325 1326 3607 3606
12468 5 2 0 163 4161 4162 2205 2204 3606 3607 1408 1407
12469 5 2 0 163 2157 2158 4163 4162 1326 1327 3608 3607
12470 5 2 0 163 4162 4163 2206 2205 3607 3608 1409 1408
12471 5 2 0 163 2158 2159 4164 4163 1327 1328 3609 3608
12472 5 2 0 163 4163 4164 2207 2206 3608 3609 1410 1409
12473 5 2 0 163 2159 2160 4165 4164 1328 1329 3610 3609
12474 5 2 0 163 4164 4165 2208 2207 3609 3610 1411 1410
12475 5 2 0 163 2160 2161 4166 4165 1329 1330 3611 3610
12476 5 2 0 163 4165 4166 2209 2208 3610 3611 1412 1411
12477 5 2 0 163 2161 2162 4167 4166 1330 1331 3612 3611
12478 5 2 0 163 4166 4167 2210 2209 3611 3612 1413 1412
12479 5 2 0 163 2162 2163 4168 4167 1331 1332 3613 3612
12480 5 2 0 163 4167 4168 2211 2210 3612 3613 1414 1413
12481 5 2 0 163 2163 2164 4169 4168 1332 1333 3614 3613
12482 5 2 0 163 4168 4169 2212 2211 3613 3614 1415 1414
12483 5 2 0 163 2164 2165 4170 4169 1333 1334 3615 3614
12484 5 2 0 163 4169 4170 2213 2212 3614 3615 1416 1415
12485 5 2 0 163 2165 288 2202 4170 1334 113 1405 3615
12486 5 2 0 163 4170 2202 292 2213 3615 1405 119 1416
12487 5 2 0 164 276 293 2214 2025 278 295 2215 2048
12488 5 2 0 164 2025 2214 294 277 2048 2215 296 279
12489 5 2 0 165 278 295 2215 2048 280 297 2216 2071
12490 5 2 0 165 2048 2215 296 279 2071 2216 298 281
12491 5 2 0 166 280 297 2216 2071 282 299 2217 2094
12492 5 2 0 166 2071 2216 298 281 2094 2217 300 283
12493 5 2 0 167 282 299 2217 2094 284 301 2218 2117
12494 5 2 0 167 2094 2217 300 283 2117 2218 135 112
12495 5 2 0 168 277 294 2219 2118 279 296 2220 2130
12496 5 2 0 168 2118 2219 302 285 2130 2220 303 286
12497 5 2 0 169 279 296 2220 2130 281 298 2221 2142
12498 5 2 0 169 2130 2220 303 286 2142 2221 304 287
12499 5 2 0 170 281 298 2221 2142 283 300 2222 2154
12500 5 2 0 170 2142 2221 304 287 2154 2222 305 288
12501 5 2 0 171 283 300 2222 2154 112 135 1432 1323
12502 5 2 0 171 2154 2222 305 288 1323 1432 136 113
12503 5 2 0 172 285 302 2223 2166 286 303 2224 2178
12504 5 2 0 172 2166 2223 306 289 2178 2224 307 290
12505 5 2 0 173 286 303 2224 2178 287 304 2225 2190
12506 5 2 0 173 2178 2224 307 290 2190 2225 308 291
12507 5 2 0 174 287 304 2225 2190 288 305 2226 2202
12508 5 2 0 174 2190 2225 308 291 2202 2226 309 292
12509 5 2 0 175 288 305 2226 2202 113 136 1448 1405
12510 5 2 0 175 2202 2226 309 292 1405 1448 142 119
12511 5 2 0 176 293 310 2227 2214 295 312 2228 2215
12512 5 2 0 176 2214 2227 311 294 2215 2228 313 296
12513 5 2 0 177 295 312 2228 2215 297 314 2229 2216
12514 5 2 0 177 2215 2228 313 296 2216 2229 315 298
12515 5 2 0 178 297 314 2229 2216 299 316 2230 2217
12516 5 2 0 178 2216 2229 315 298 2217 2230 317 300
12517 5 2 0 179 299 316 2230 2217 301 318 2231 2218
12518 5 2 0 179 2217 2230 317 300 2218 2231 158 135
12519 5 2 0 180 294 311 2232 2219 296 313 2233 2220
12520 5 2 0 180 2219 2232 319 302 2220 2233 320 303
12521 5 2 0 181 296 313 2233 2220 298 315 2234 2221
12522 5 2 0 181 2220 2233 320 303 2221 2234 321 304
12523 5 2 0 182 298 315 2234 2221 300 317 2235 2222
12524 5 2 0 182 2221 2234 321 304 2222 2235 322 305
12525 5 2 0 183 300 317 2235 2222 135 158 1464 1432
12526 5 2 0 183 2222 2235 322 305 1432 1464 159 136
12527 5 2 0 184 302 319 2236 2223 303 320 2237 2224
12528 5 2 0 184 2223 2236 323 306 2224 2237 324 307
12529 5 2 0 185 303 320 2237 2224 304 321 2238 2225
12530 5 2 0 185 2224 2237 324 307 2225 2238 325 308
12531 5 2 0 186 304 321 2238 2225 305 322 2239 2226
12532 5 2 0 186 2225 2238 325 308 2226 2239 326 309
12533 5 2 0 187 305 322 2239 2226 136 159 1480 1448
12534 5 2 0 187 2226 2239 326 309 1448 1480 165 142
12535 5 2 0 188 310 327 2240 2227 312 329 2241 2228
12536 5 2 0 188 2227 2240 328 311 2228 2241 330 313
12537 5 2 0 189 312 329 2241 2228 314 331 2242 2229
12538 5 2 0 189 2228 2241 330 313 2229 2242 332 315
12539 5 2 0 190 314 331 2242 2229 316 333 2243 2230
12540 5 2 0 190 2229 2242 332 315 2230 2243 334 317
12541 5 2 0 191 316 333 2243 2230 318 335 2244 2231
12542 5 2 0 191 2230 2243 334 317 2231 2244 181 158
12543 5 2 0 192 311 328 2245 2232 313 330 2246 2233
12544 5 2 0 192 2232 2245 336 319 2233 2246 337 320
12545 5 2 0 193 313 330 2246 2233 315 332 2247 2234
12546 5 2 0 193 2233 2246 337 320 2234 2247 338 321
12547 5 2 0 194 315 332 2247 2234 317 334 2248 2235
12548 5 2 0 194 2234 2247 338 321 2235 2248 339 322
12549 5 2 0 195 317 334 2248 2235 158 181 1496 1464
12550 5 2 0 195 2235 2248 339 322 1464 1496 182 159
12551 5 2 0 196 319 336 2249 2236 320 337 2250 2237
12552 5 2 0 196 2236 2249 340 323 2237 2250 341 324
12553 5 2 0 197 320 337 2250 2237 321 338 2251 2238
12554 5 2 0 197 2237 2250 341 324 2238 2251 342 325
12555 5 2 0 198 321 338 2251 2238 322 339 2252 2239
12556 5 2 0 198 2238 2251 342 325 2239 2252 343 326
12557 5 2 0 199 322 339 2252 2239 159 182 1512 1480
12558 5 2 0 199 2239 2252 343 326 1480 1512 188 165
12559 5 2 0 200 327 344 2253 2240 329 346 2254 2241
12560 5 2 0 200 2240 2253 345 328 2241 2254 347 330
12561 5 2 0 201 329 346 2254 2241 331 348 2255 2242
12562 5 2 0 201 2241 2254 347 330 2242 2255 349 332
12563 5 2 0 202 331 348 2255 2242 333 350 2256 2243
12564 5 2 0 202 2242 2255 349 332 2243 2256 351 334
12565 5 2 0 203 333 350 2256 2243 335 352 2257 2244
12566 5 2 0 203 2243 2256 351 334 2244 2257 204 181
12567 5 2 0 204 328 345 2258 2245 330 347 2259 2246
12568 5 2 0 204 2245 2258 353 336 2246 2259 354 337
12569 5 2 0 205 330 347 2259 2246 332 349 2260 2247
12570 5 2 0 205 2246 2259 354 337 2247 2260 355 338
12571 5 2 0 206 332 349 2260 2247 334 351 2261 2248
12572 5 2 0 206 2247 2260 355 338 2248 2261 356 339
12573 5 2 0 207 334 351 2261 2248 181 204 1528 1496
12574 5 2 0 207 2248 2261 356 339 1496 1528 205 182
12575 5 2 0 208 336 353 2262 2249 337 354 2263 2250
12576 5 2 0 208 2249 2262 357 340 2250 2263 358 341
12577 5 2 0 209 337 354 2263 2250 338 355 2264 2251
12578 5 2 0 209 2250 2263 358 341 2251 2264 359 342
12579 5 2 0 210 338 355 2264 2251 339 356 2265 2252
12580 5 2 0 210 2251 2264 359 342 2252 2265 360 343
12581 5 2 0 211 339 356 2265 2252 182 205 1544 1512
12582 5 2 0 211 2252 2265 360 343 1512 1544 211 188
$EndElements
