$MeshFormat
2.2 0 8
$EndMeshFormat
$Nodes
3344
1 -21.195 -6.195 -10
2 -21.195 -6.195 0
3 -21.195 -0.835 0
4 -21.195 -0.835 -10
5 -6.195 -6.195 -10
6 -6.195 -6.195 0
7 -6.195 -0.835 0
8 -6.195 -0.835 -10
9 -3.515 -6.195 -10
10 -3.515 -6.195 0
11 -3.515 -0.835 0
12 -3.515 -0.835 -10
13 -0.835 -6.195 -10
14 -0.835 -6.195 0
15 -0.835 -0.835 0
16 -0.835 -0.835 -10
17 -0.335 -6.195 -10
18 -0.335 -6.195 0
19 -0.335 -0.835 0
20 -0.335 -0.835 -10
21 2.775557561562891e-17 -6.195 -10
22 1.850371707708594e-17 -6.195 0
23 2.775557561562891e-17 -0.835 0
24 2.775557561562891e-17 -0.8350000000000002 -10
25 0.3350000000000001 -6.195 -10
26 0.3350000000000001 -6.195 0
27 0.3350000000000001 -0.835 0
28 0.335 -0.835 -10
29 0.8350000000000002 -6.195 -10
30 0.8350000000000001 -6.195 0
31 0.8350000000000002 -0.835 0
32 0.8350000000000001 -0.835 -10
33 3.515000000000001 -6.195 -10
34 3.515000000000001 -6.195 0
35 3.515000000000001 -0.835 0
36 3.515000000000001 -0.835 -10
37 6.195 -6.195 -10
38 6.195 -6.195 0
39 6.195 -0.835 0
40 6.195 -0.835 -10
41 21.195 -6.195 -10
42 21.195 -6.195 0
43 21.195 -0.835 0
44 21.195 -0.835 -10
45 -21.195 -0.335 0
46 -21.195 -0.335 -10
47 -6.195 -0.335 0
48 -6.195 -0.335 -10
49 -3.515 -0.335 0
50 -3.515 -0.335 -10
51 -0.835 -0.335 0
52 -0.835 -0.335 -10
53 -0.335 -0.335 0
54 -0.335 -0.335 -10
55 2.775557561562891e-17 -0.335 0
56 2.775557561562891e-17 -0.335 -10
57 0.3350000000000001 -0.335 0
58 0.335 -0.335 -10
59 0.8350000000000002 -0.335 0
60 0.8350000000000001 -0.335 -10
61 3.515000000000001 -0.335 0
62 3.515000000000001 -0.335 -10
63 6.195 -0.335 0
64 6.195 -0.335 -10
65 21.195 -0.335 0
66 21.195 -0.335 -10
67 -21.195 1.850371707708594e-17 0
68 -21.195 2.775557561562891e-17 -10
69 -6.195 2.775557561562891e-17 0
70 -6.194999999999999 2.775557561562891e-17 -10
71 -3.515 2.775557561562891e-17 0
72 -3.515 2.775557561562891e-17 -10
73 -0.835 2.775557561562891e-17 0
74 -0.8350000000000002 2.775557561562891e-17 -10
75 -0.335 2.775557561562891e-17 0
76 -0.335 2.775557561562891e-17 -10
77 2.775557561562891e-17 2.775557561562891e-17 0
78 2.775557561562891e-17 2.775557561562891e-17 -10
79 0.335 2.775557561562891e-17 0
80 0.335 2.775557561562891e-17 -10
81 0.8350000000000001 2.775557561562891e-17 0
82 0.8350000000000004 2.775557561562891e-17 -10
83 3.515000000000001 2.775557561562891e-17 0
84 3.515000000000001 2.775557561562891e-17 -10
85 6.195 2.775557561562891e-17 0
86 6.195000000000003 2.775557561562891e-17 -10
87 21.195 1.850371707708594e-17 0
88 21.195 2.775557561562891e-17 -10
89 -21.195 0.3350000000000001 0
90 -21.195 0.3350000000000001 -10
91 -6.195 0.3350000000000001 0
92 -6.195 0.335 -10
93 -3.515 0.3350000000000001 0
94 -3.515 0.335 -10
95 -0.835 0.3350000000000001 0
96 -0.835 0.335 -10
97 -0.335 0.3350000000000001 0
98 -0.335 0.335 -10
99 2.775557561562891e-17 0.335 0
100 2.775557561562891e-17 0.335 -10
101 0.3350000000000001 0.3350000000000001 0
102 0.335 0.335 -10
103 0.8350000000000002 0.3350000000000001 0
104 0.8350000000000001 0.335 -10
105 3.515000000000001 0.3350000000000001 0
106 3.515000000000001 0.335 -10
107 6.195 0.3350000000000001 0
108 6.195 0.335 -10
109 21.195 0.3350000000000001 0
110 21.195 0.3350000000000001 -10
111 -21.195 0.835 0
112 -21.195 0.835 -10
113 -6.195 0.835 0
114 -6.195 0.835 -10
115 -3.515 0.835 0
116 -3.515 0.835 -10
117 -0.835 0.835 0
118 -0.835 0.835 -10
119 -0.335 0.835 0
120 -0.335 0.835 -10
121 2.775557561562891e-17 0.835 0
122 2.775557561562891e-17 0.8350000000000002 -10
123 0.3350000000000001 0.835 0
124 0.335 0.835 -10
125 0.8350000000000002 0.835 0
126 0.8350000000000001 0.835 -10
127 3.515000000000001 0.835 0
128 3.515000000000001 0.835 -10
129 6.195 0.835 0
130 6.195 0.835 -10
131 21.195 0.835 0
132 21.195 0.835 -10
133 -21.195 6.195 0
134 -21.195 6.195 -10
135 -6.195 6.195 0
136 -6.195 6.195 -10
137 -3.515 6.195 0
138 -3.515 6.195 -10
139 -0.835 6.195 0
140 -0.835 6.195 -10
141 -0.335 6.195 0
142 -0.335 6.195 -10
143 1.850371707708594e-17 6.195 0
144 2.775557561562891e-17 6.195 -10
145 0.3350000000000001 6.195 0
146 0.3350000000000001 6.195 -10
147 0.8350000000000001 6.195 0
148 0.8350000000000002 6.195 -10
149 3.515000000000001 6.195 0
150 3.515000000000001 6.195 -10
151 6.195 6.195 0
152 6.195 6.195 -10
153 21.195 6.195 0
154 21.195 6.195 -10
155 -21.195 -6.195 -16
156 -21.195 -0.835 -16
157 -6.195 -6.195 -16
158 -6.195 -0.835 -16
159 -3.515 -6.195 -16
160 -3.515 -0.835 -16
161 -0.835 -6.195 -16
162 -0.835 -0.835 -16
163 -0.335 -6.195 -16
164 -0.335 -0.835 -16
165 2.775557561562891e-17 -6.195 -16
166 2.775557561562891e-17 -0.8350000000000002 -16
167 0.3350000000000001 -6.195 -16
168 0.335 -0.835 -16
169 0.8350000000000002 -6.195 -16
170 0.8350000000000001 -0.835 -16
171 3.515000000000001 -6.195 -16
172 3.515000000000001 -0.835 -16
173 6.195 -6.195 -16
174 6.195 -0.835 -16
175 21.195 -6.195 -16
176 21.195 -0.835 -16
177 -21.195 -0.335 -16
178 -6.195 -0.335 -16
179 -3.515 -0.335 -16
180 -0.835 -0.335 -16
181 -0.335 -0.335 -16
182 2.775557561562891e-17 -0.335 -16
183 0.335 -0.335 -16
184 0.8350000000000001 -0.335 -16
185 3.515000000000001 -0.335 -16
186 6.195 -0.335 -16
187 21.195 -0.335 -16
188 -21.195 2.775557561562891e-17 -16
189 -6.194999999999999 2.775557561562891e-17 -16
190 -3.515 2.775557561562891e-17 -16
191 -0.8350000000000002 2.775557561562891e-17 -16
192 -0.335 2.775557561562891e-17 -16
193 2.775557561562891e-17 2.775557561562891e-17 -16
194 0.335 2.775557561562891e-17 -16
195 0.8350000000000004 2.775557561562891e-17 -16
196 3.515000000000001 2.775557561562891e-17 -16
197 6.195000000000003 2.775557561562891e-17 -16
198 21.195 2.775557561562891e-17 -16
199 -21.195 0.3350000000000001 -16
200 -6.195 0.335 -16
201 -3.515 0.335 -16
202 -0.835 0.335 -16
203 -0.335 0.335 -16
204 2.775557561562891e-17 0.335 -16
205 0.335 0.335 -16
206 0.8350000000000001 0.335 -16
207 3.515000000000001 0.335 -16
208 6.195 0.335 -16
209 21.195 0.3350000000000001 -16
210 -21.195 0.835 -16
211 -6.195 0.835 -16
212 -3.515 0.835 -16
213 -0.835 0.835 -16
214 -0.335 0.835 -16
215 2.775557561562891e-17 0.8350000000000002 -16
216 0.335 0.835 -16
217 0.8350000000000001 0.835 -16
218 3.515000000000001 0.835 -16
219 6.195 0.835 -16
220 21.195 0.835 -16
221 -21.195 6.195 -16
222 -6.195 6.195 -16
223 -3.515 6.195 -16
224 -0.835 6.195 -16
225 -0.335 6.195 -16
226 2.775557561562891e-17 6.195 -16
227 0.3350000000000001 6.195 -16
228 0.8350000000000002 6.195 -16
229 3.515000000000001 6.195 -16
230 6.195 6.195 -16
231 21.195 6.195 -16
232 -21.195 -6.195 -21
233 -21.195 -0.835 -21
234 -6.195 -6.195 -21
235 -6.195 -0.835 -21
236 -3.515 -6.195 -21
237 -3.515 -0.835 -21
238 -0.835 -6.195 -21
239 -0.835 -0.835 -21
240 -0.335 -6.195 -21
241 -0.335 -0.835 -21
242 1.850371707708594e-17 -6.195 -21
243 2.775557561562891e-17 -0.835 -21
244 0.3350000000000001 -6.195 -21
245 0.3350000000000001 -0.835 -21
246 0.8350000000000001 -6.195 -21
247 0.8350000000000002 -0.835 -21
248 3.515000000000001 -6.195 -21
249 3.515000000000001 -0.835 -21
250 6.195 -6.195 -21
251 6.195 -0.835 -21
252 21.195 -6.195 -21
253 21.195 -0.835 -21
254 -21.195 -0.335 -21
255 -6.195 -0.335 -21
256 -3.515 -0.335 -21
257 -0.835 -0.335 -21
258 -0.335 -0.335 -21
259 2.775557561562891e-17 -0.335 -21
260 0.3350000000000001 -0.335 -21
261 0.8350000000000002 -0.335 -21
262 3.515000000000001 -0.335 -21
263 6.195 -0.335 -21
264 21.195 -0.335 -21
265 -21.195 1.850371707708594e-17 -21
266 -6.195 2.775557561562891e-17 -21
267 -3.515 2.775557561562891e-17 -21
268 -0.835 2.775557561562891e-17 -21
269 -0.335 2.775557561562891e-17 -21
270 2.775557561562891e-17 2.775557561562891e-17 -21
271 0.335 2.775557561562891e-17 -21
272 0.8350000000000001 2.775557561562891e-17 -21
273 3.515000000000001 2.775557561562891e-17 -21
274 6.195 2.775557561562891e-17 -21
275 21.195 1.850371707708594e-17 -21
276 -21.195 0.3350000000000001 -21
277 -6.195 0.3350000000000001 -21
278 -3.515 0.3350000000000001 -21
279 -0.835 0.3350000000000001 -21
280 -0.335 0.3350000000000001 -21
281 2.775557561562891e-17 0.335 -21
282 0.3350000000000001 0.3350000000000001 -21
283 0.8350000000000002 0.3350000000000001 -21
284 3.515000000000001 0.3350000000000001 -21
285 6.195 0.3350000000000001 -21
286 21.195 0.3350000000000001 -21
287 -21.195 0.835 -21
288 -6.195 0.835 -21
289 -3.515 0.835 -21
290 -0.835 0.835 -21
291 -0.335 0.835 -21
292 2.775557561562891e-17 0.835 -21
293 0.3350000000000001 0.835 -21
294 0.8350000000000002 0.835 -21
295 3.515000000000001 0.835 -21
296 6.195 0.835 -21
297 21.195 0.835 -21
298 -21.195 6.195 -21
299 -6.195 6.195 -21
300 -3.515 6.195 -21
301 -0.835 6.195 -21
302 -0.335 6.195 -21
303 1.850371707708594e-17 6.195 -21
304 0.3350000000000001 6.195 -21
305 0.8350000000000001 6.195 -21
306 3.515000000000001 6.195 -21
307 6.195 6.195 -21
308 21.195 6.195 -21
309 -21.195 -6.195 -23.5
310 -21.195 -0.835 -23.5
311 -6.195 -0.835 -23.5
312 -6.195 -6.195 -23.5
313 -3.515 -0.835 -23.5
314 -3.515 -6.195 -23.5
315 -0.835 -0.835 -23.5
316 -0.835 -6.195 -23.5
317 -0.335 -0.835 -23.5
318 -0.335 -6.195 -23.5
319 2.775557561562891e-17 -0.835 -23.5
320 1.850371707708594e-17 -6.195 -23.5
321 0.3350000000000001 -0.835 -23.5
322 0.3350000000000001 -6.195 -23.5
323 0.8350000000000002 -0.835 -23.5
324 0.8350000000000001 -6.195 -23.5
325 3.515000000000001 -0.835 -23.5
326 3.515000000000001 -6.195 -23.5
327 6.195 -0.835 -23.5
328 6.195 -6.195 -23.5
329 21.195 -0.835 -23.5
330 21.195 -6.195 -23.5
331 -21.195 -0.335 -23.5
332 -6.195 -0.335 -23.5
333 -3.515 -0.335 -23.5
334 -0.835 -0.335 -23.5
335 -0.335 -0.335 -23.5
336 2.775557561562891e-17 -0.335 -23.5
337 0.3350000000000001 -0.335 -23.5
338 0.8350000000000002 -0.335 -23.5
339 3.515000000000001 -0.335 -23.5
340 6.195 -0.335 -23.5
341 21.195 -0.335 -23.5
342 -21.195 1.850371707708594e-17 -23.5
343 -6.195 2.775557561562891e-17 -23.5
344 -3.515 2.775557561562891e-17 -23.5
345 -0.835 2.775557561562891e-17 -23.5
346 -0.335 2.775557561562891e-17 -23.5
347 2.775557561562891e-17 2.775557561562891e-17 -23.5
348 0.335 2.775557561562891e-17 -23.5
349 0.8350000000000001 2.775557561562891e-17 -23.5
350 3.515000000000001 2.775557561562891e-17 -23.5
351 6.195 2.775557561562891e-17 -23.5
352 21.195 1.850371707708594e-17 -23.5
353 -21.195 0.3350000000000001 -23.5
354 -6.195 0.3350000000000001 -23.5
355 -3.515 0.3350000000000001 -23.5
356 -0.835 0.3350000000000001 -23.5
357 -0.335 0.3350000000000001 -23.5
358 2.775557561562891e-17 0.335 -23.5
359 0.3350000000000001 0.3350000000000001 -23.5
360 0.8350000000000002 0.3350000000000001 -23.5
361 3.515000000000001 0.3350000000000001 -23.5
362 6.195 0.3350000000000001 -23.5
363 21.195 0.3350000000000001 -23.5
364 -21.195 0.835 -23.5
365 -6.195 0.835 -23.5
366 -3.515 0.835 -23.5
367 -0.835 0.835 -23.5
368 -0.335 0.835 -23.5
369 2.775557561562891e-17 0.835 -23.5
370 0.3350000000000001 0.835 -23.5
371 0.8350000000000002 0.835 -23.5
372 3.515000000000001 0.835 -23.5
373 6.195 0.835 -23.5
374 21.195 0.835 -23.5
375 -21.195 6.195 -23.5
376 -6.195 6.195 -23.5
377 -3.515 6.195 -23.5
378 -0.835 6.195 -23.5
379 -0.335 6.195 -23.5
380 1.850371707708594e-17 6.195 -23.5
381 0.3350000000000001 6.195 -23.5
382 0.8350000000000001 6.195 -23.5
383 3.515000000000001 6.195 -23.5
384 6.195 6.195 -23.5
385 21.195 6.195 -23.5
386 -23.695 -6.195 -10
387 -23.695 -6.195 0
388 -23.695 -0.835 0
389 -23.695 -0.835 -10
390 -23.695 -0.335 0
391 -23.695 -0.335 -10
392 -23.695 1.850371707708594e-17 0
393 -23.695 2.775557561562891e-17 -10
394 -23.695 0.3350000000000001 0
395 -23.695 0.3350000000000001 -10
396 -23.695 0.835 0
397 -23.695 0.835 -10
398 -23.695 6.195 0
399 -23.695 6.195 -10
400 -23.695 -6.195 -16
401 -23.695 -0.835 -16
402 -23.695 -0.335 -16
403 -23.695 2.775557561562891e-17 -16
404 -23.695 0.3350000000000001 -16
405 -23.695 0.835 -16
406 -23.695 6.195 -16
407 23.695 -6.195 -10
408 23.695 -6.195 0
409 23.695 -0.835 0
410 23.695 -0.835 -10
411 23.695 -0.335 0
412 23.695 -0.335 -10
413 23.695 1.850371707708594e-17 0
414 23.695 2.775557561562891e-17 -10
415 23.695 0.3350000000000001 0
416 23.695 0.3350000000000001 -10
417 23.695 0.835 0
418 23.695 0.835 -10
419 23.695 6.195 0
420 23.695 6.195 -10
421 23.695 -6.195 -16
422 23.695 -0.835 -16
423 23.695 -0.335 -16
424 23.695 2.775557561562891e-17 -16
425 23.695 0.3350000000000001 -16
426 23.695 0.835 -16
427 23.695 6.195 -16
428 -6.195 -8.695 -10
429 -6.195 -8.695 0
430 -3.515 -8.695 -10
431 -3.515 -8.695 0
432 -0.835 -8.695 -10
433 -0.835 -8.695 0
434 -0.335 -8.695 -10
435 -0.335 -8.695 0
436 2.775557561562891e-17 -8.695 -10
437 1.850371707708594e-17 -8.695 0
438 0.3350000000000001 -8.695 -10
439 0.3350000000000001 -8.695 0
440 0.8350000000000002 -8.695 -10
441 0.8350000000000001 -8.695 0
442 3.515000000000001 -8.695 -10
443 3.515000000000001 -8.695 0
444 6.195 -8.695 -10
445 6.195 -8.695 0
446 -6.195 -8.695 -16
447 -3.515 -8.695 -16
448 -0.835 -8.695 -16
449 -0.335 -8.695 -16
450 2.775557561562891e-17 -8.695 -16
451 0.3350000000000001 -8.695 -16
452 0.8350000000000002 -8.695 -16
453 3.515000000000001 -8.695 -16
454 6.195 -8.695 -16
455 -6.195 8.695 -10
456 -6.195 8.695 0
457 -3.515 8.695 -10
458 -3.515 8.695 0
459 -0.835 8.695 -10
460 -0.835 8.695 0
461 -0.335 8.695 -10
462 -0.335 8.695 0
463 2.775557561562891e-17 8.695 -10
464 1.850371707708594e-17 8.695 0
465 0.3350000000000001 8.695 -10
466 0.3350000000000001 8.695 0
467 0.8350000000000002 8.695 -10
468 0.8350000000000001 8.695 0
469 3.515000000000001 8.695 -10
470 3.515000000000001 8.695 0
471 6.195 8.695 -10
472 6.195 8.695 0
473 -6.195 8.695 -16
474 -3.515 8.695 -16
475 -0.835 8.695 -16
476 -0.335 8.695 -16
477 2.775557561562891e-17 8.695 -16
478 0.3350000000000001 8.695 -16
479 0.8350000000000002 8.695 -16
480 3.515000000000001 8.695 -16
481 6.195 8.695 -16
482 -23.695 -6.195 -21
483 -23.695 -0.835 -21
484 -23.695 -0.335 -21
485 -23.695 1.850371707708594e-17 -21
486 -23.695 0.3350000000000001 -21
487 -23.695 0.835 -21
488 -23.695 6.195 -21
489 23.695 -6.195 -21
490 23.695 -0.835 -21
491 23.695 -0.335 -21
492 23.695 1.850371707708594e-17 -21
493 23.695 0.3350000000000001 -21
494 23.695 0.835 -21
495 23.695 6.195 -21
496 -21.195 -8.695 -10
497 -21.195 -8.695 0
498 21.195 -8.695 -10
499 21.195 -8.695 0
500 -21.195 -8.695 -16
501 21.195 -8.695 -16
502 -21.195 -8.695 -21
503 -6.195 -8.695 -21
504 -3.515 -8.695 -21
505 -0.835 -8.695 -21
506 -0.335 -8.695 -21
507 1.850371707708594e-17 -8.695 -21
508 0.3350000000000001 -8.695 -21
509 0.8350000000000001 -8.695 -21
510 3.515000000000001 -8.695 -21
511 6.195 -8.695 -21
512 21.195 -8.695 -21
513 -21.195 8.695 -10
514 -21.195 8.695 0
515 21.195 8.695 -10
516 21.195 8.695 0
517 -21.195 8.695 -16
518 21.195 8.695 -16
519 -21.195 8.695 -21
520 -6.195 8.695 -21
521 -3.515 8.695 -21
522 -0.835 8.695 -21
523 -0.335 8.695 -21
524 1.850371707708594e-17 8.695 -21
525 0.3350000000000001 8.695 -21
526 0.8350000000000001 8.695 -21
527 3.515000000000001 8.695 -21
528 6.195 8.695 -21
529 21.195 8.695 -21
530 -23.695 -6.195 -23.5
531 -23.695 -0.835 -23.5
532 -23.695 -0.335 -23.5
533 -23.695 1.850371707708594e-17 -23.5
534 -23.695 0.3350000000000001 -23.5
535 -23.695 0.835 -23.5
536 -23.695 6.195 -23.5
537 23.695 -6.195 -23.5
538 23.695 -0.835 -23.5
539 23.695 -0.335 -23.5
540 23.695 1.850371707708594e-17 -23.5
541 23.695 0.3350000000000001 -23.5
542 23.695 0.835 -23.5
543 23.695 6.195 -23.5
544 -21.195 -8.695 -23.5
545 -6.195 -8.695 -23.5
546 -3.515 -8.695 -23.5
547 -0.835 -8.695 -23.5
548 -0.335 -8.695 -23.5
549 1.850371707708594e-17 -8.695 -23.5
550 0.3350000000000001 -8.695 -23.5
551 0.8350000000000001 -8.695 -23.5
552 3.515000000000001 -8.695 -23.5
553 6.195 -8.695 -23.5
554 21.195 -8.695 -23.5
555 -21.195 8.695 -23.5
556 -6.195 8.695 -23.5
557 -3.515 8.695 -23.5
558 -0.835 8.695 -23.5
559 -0.335 8.695 -23.5
560 1.850371707708594e-17 8.695 -23.5
561 0.3350000000000001 8.695 -23.5
562 0.8350000000000001 8.695 -23.5
563 3.515000000000001 8.695 -23.5
564 6.195 8.695 -23.5
565 21.195 8.695 -23.5
566 -23.695 -8.695 -10
567 -23.695 -8.695 0
568 -23.695 -8.695 -16
569 -23.695 -8.695 -21
570 -23.695 8.695 -10
571 -23.695 8.695 0
572 -23.695 8.695 -16
573 -23.695 8.695 -21
574 23.695 -8.695 -10
575 23.695 -8.695 0
576 23.695 -8.695 -16
577 23.695 -8.695 -21
578 23.695 8.695 -10
579 23.695 8.695 0
580 23.695 8.695 -16
581 23.695 8.695 -21
582 -23.695 -8.695 -23.5
583 -23.695 8.695 -23.5
584 23.695 -8.695 -23.5
585 23.695 8.695 -23.5
586 -21.195 -6.195 -8
587 -21.195 -6.195 -6
588 -21.195 -6.195 -3.999999999999999
589 -21.195 -6.195 -2
590 -21.195 -3.515000000000003 0
591 -21.195 -0.835 -8
592 -21.195 -0.835 -6
593 -21.195 -0.835 -3.999999999999999
594 -21.195 -0.835 -2
595 -21.195 -3.515000000000003 -10
596 -6.195 -6.195 -8
597 -6.195 -6.195 -6
598 -6.195 -6.195 -3.999999999999999
599 -6.195 -6.195 -2
600 -6.195 -3.515000000000003 0
601 -6.195 -0.835 -8
602 -6.195 -0.835 -6
603 -6.195 -0.835 -3.999999999999999
604 -6.195 -0.835 -2
605 -6.195 -3.515000000000003 -10
606 -16.195 -6.195 -10
607 -11.195 -6.195 -10
608 -16.195 -6.195 0
609 -11.195 -6.195 0
610 -16.195 -0.835 -10
611 -11.195 -0.835 -10
612 -16.195 -0.835 0
613 -11.195 -0.835 0
614 -3.515 -6.195 -8
615 -3.515 -6.195 -6
616 -3.515 -6.195 -3.999999999999999
617 -3.515 -6.195 -2
618 -3.515 -3.515000000000003 0
619 -3.515 -0.835 -8
620 -3.515 -0.835 -6
621 -3.515 -0.835 -3.999999999999999
622 -3.515 -0.835 -2
623 -3.515 -3.515000000000003 -10
624 -0.835 -6.195 -8
625 -0.835 -6.195 -6
626 -0.835 -6.195 -3.999999999999999
627 -0.835 -6.195 -2
628 -0.835 -3.515000000000003 0
629 -0.835 -0.835 -8
630 -0.835 -0.835 -6
631 -0.835 -0.835 -3.999999999999999
632 -0.835 -0.835 -2
633 -0.835 -3.515000000000003 -10
634 -2.175000000000002 -6.195 -10
635 -2.175000000000002 -6.195 0
636 -2.175000000000002 -0.835 -10
637 -2.175000000000002 -0.835 0
638 -0.335 -6.195 -8
639 -0.335 -6.195 -6
640 -0.335 -6.195 -3.999999999999999
641 -0.335 -6.195 -2
642 -0.335 -3.515000000000003 0
643 -0.335 -0.835 -8
644 -0.335 -0.835 -6
645 -0.335 -0.835 -3.999999999999999
646 -0.335 -0.835 -2
647 -0.335 -3.515000000000003 -10
648 0 -6.195 -8
649 0 -6.195 -6
650 0 -6.195 -3.999999999999999
651 0 -6.195 -2
652 0 -3.515000000000003 0
653 0 -0.835 -8
654 0 -0.835 -6
655 0 -0.835 -3.999999999999999
656 0 -0.835 -2
657 0 -3.515000000000003 -10
658 0.3350000000000001 -6.195 -8
659 0.3350000000000001 -6.195 -6
660 0.3350000000000001 -6.195 -3.999999999999999
661 0.3350000000000001 -6.195 -2
662 0.3350000000000001 -3.515000000000003 0
663 0.3350000000000001 -0.835 -8
664 0.3350000000000001 -0.835 -6
665 0.3350000000000001 -0.835 -3.999999999999999
666 0.3350000000000001 -0.835 -2
667 0.3350000000000001 -3.515000000000003 -10
668 0.8350000000000001 -6.195 -8
669 0.8350000000000001 -6.195 -6
670 0.8350000000000001 -6.195 -3.999999999999999
671 0.8350000000000001 -6.195 -2
672 0.8350000000000001 -3.515000000000003 0
673 0.8350000000000001 -0.835 -8
674 0.8350000000000001 -0.835 -6
675 0.8350000000000001 -0.835 -3.999999999999999
676 0.8350000000000001 -0.835 -2
677 0.8350000000000001 -3.515000000000003 -10
678 3.515000000000001 -6.195 -8
679 3.515000000000001 -6.195 -6
680 3.515000000000001 -6.195 -3.999999999999999
681 3.515000000000001 -6.195 -2
682 3.515000000000001 -3.515000000000003 0
683 3.515000000000001 -0.835 -8
684 3.515000000000001 -0.835 -6
685 3.515000000000001 -0.835 -3.999999999999999
686 3.515000000000001 -0.835 -2
687 3.515000000000001 -3.515000000000003 -10
688 2.174999999999999 -6.195 -10
689 2.174999999999999 -6.195 0
690 2.174999999999999 -0.835 -10
691 2.174999999999999 -0.835 0
692 6.195000000000001 -6.195 -8
693 6.195000000000001 -6.195 -6
694 6.195000000000001 -6.195 -3.999999999999999
695 6.195000000000001 -6.195 -2
696 6.195000000000001 -3.515000000000003 0
697 6.195000000000001 -0.835 -8
698 6.195000000000001 -0.835 -6
699 6.195000000000001 -0.835 -3.999999999999999
700 6.195000000000001 -0.835 -2
701 6.195000000000001 -3.515000000000003 -10
702 21.195 -6.195 -8
703 21.195 -6.195 -6
704 21.195 -6.195 -3.999999999999999
705 21.195 -6.195 -2
706 21.195 -3.515000000000003 0
707 21.195 -0.835 -8
708 21.195 -0.835 -6
709 21.195 -0.835 -3.999999999999999
710 21.195 -0.835 -2
711 21.195 -3.515000000000003 -10
712 11.195 -6.195 -10
713 16.195 -6.195 -10
714 11.195 -6.195 0
715 16.195 -6.195 0
716 11.195 -0.835 -10
717 16.195 -0.835 -10
718 11.195 -0.835 0
719 16.195 -0.835 0
720 -21.195 -0.335 -8
721 -21.195 -0.335 -6
722 -21.195 -0.335 -3.999999999999999
723 -21.195 -0.335 -2
724 -6.195 -0.335 -8
725 -6.195 -0.335 -6
726 -6.195 -0.335 -3.999999999999999
727 -6.195 -0.335 -2
728 -16.195 -0.335 -10
729 -11.195 -0.335 -10
730 -16.195 -0.335 0
731 -11.195 -0.335 0
732 -3.515 -0.335 -8
733 -3.515 -0.335 -6
734 -3.515 -0.335 -3.999999999999999
735 -3.515 -0.335 -2
736 -0.835 -0.335 -8
737 -0.835 -0.335 -6
738 -0.835 -0.335 -3.999999999999999
739 -0.835 -0.335 -2
740 -2.175000000000002 -0.335 -10
741 -2.175000000000002 -0.335 0
742 -0.335 -0.335 -8
743 -0.335 -0.335 -6
744 -0.335 -0.335 -3.999999999999999
745 -0.335 -0.335 -2
746 0 -0.335 -8
747 0 -0.335 -6
748 0 -0.335 -3.999999999999999
749 0 -0.335 -2
750 0.3350000000000001 -0.335 -8
751 0.3350000000000001 -0.335 -6
752 0.3350000000000001 -0.335 -3.999999999999999
753 0.3350000000000001 -0.335 -2
754 0.8350000000000001 -0.335 -8
755 0.8350000000000001 -0.335 -6
756 0.8350000000000001 -0.335 -3.999999999999999
757 0.8350000000000001 -0.335 -2
758 3.515000000000001 -0.335 -8
759 3.515000000000001 -0.335 -6
760 3.515000000000001 -0.335 -3.999999999999999
761 3.515000000000001 -0.335 -2
762 2.174999999999999 -0.335 -10
763 2.174999999999999 -0.335 0
764 6.195000000000001 -0.335 -8
765 6.195000000000001 -0.335 -6
766 6.195000000000001 -0.335 -3.999999999999999
767 6.195000000000001 -0.335 -2
768 21.195 -0.335 -8
769 21.195 -0.335 -6
770 21.195 -0.335 -3.999999999999999
771 21.195 -0.335 -2
772 11.195 -0.335 -10
773 16.195 -0.335 -10
774 11.195 -0.335 0
775 16.195 -0.335 0
776 -21.195 0 -8
777 -21.195 0 -6
778 -21.195 0 -3.999999999999999
779 -21.195 0 -2
780 -6.195 0 -8
781 -6.195 0 -6
782 -6.195 0 -3.999999999999999
783 -6.195 0 -2
784 -16.195 0 -10
785 -11.195 0 -10
786 -16.195 0 0
787 -11.195 0 0
788 -3.515 0 -8
789 -3.515 0 -6
790 -3.515 0 -3.999999999999999
791 -3.515 0 -2
792 -0.835 0 -8
793 -0.835 0 -6
794 -0.835 0 -3.999999999999999
795 -0.835 0 -2
796 -2.175000000000002 0 -10
797 -2.175000000000002 0 0
798 -0.335 0 -8
799 -0.335 0 -6
800 -0.335 0 -3.999999999999999
801 -0.335 0 -2
802 0 0 -8
803 0 0 -6
804 0 0 -3.999999999999999
805 0 0 -2
806 0.3350000000000001 0 -8
807 0.3350000000000001 0 -6
808 0.3350000000000001 0 -3.999999999999999
809 0.3350000000000001 0 -2
810 0.8350000000000001 0 -8
811 0.8350000000000001 0 -6
812 0.8350000000000001 0 -3.999999999999999
813 0.8350000000000001 0 -2
814 3.515000000000001 0 -8
815 3.515000000000001 0 -6
816 3.515000000000001 0 -3.999999999999999
817 3.515000000000001 0 -2
818 2.174999999999999 0 -10
819 2.174999999999999 0 0
820 6.195000000000001 0 -8
821 6.195000000000001 0 -6
822 6.195000000000001 0 -3.999999999999999
823 6.195000000000001 0 -2
824 21.195 0 -8
825 21.195 0 -6
826 21.195 0 -3.999999999999999
827 21.195 0 -2
828 11.195 0 -10
829 16.195 0 -10
830 11.195 0 0
831 16.195 0 0
832 -21.195 0.3350000000000001 -8
833 -21.195 0.3350000000000001 -6
834 -21.195 0.3350000000000001 -3.999999999999999
835 -21.195 0.3350000000000001 -2
836 -6.195 0.3350000000000001 -8
837 -6.195 0.3350000000000001 -6
838 -6.195 0.3350000000000001 -3.999999999999999
839 -6.195 0.3350000000000001 -2
840 -16.195 0.3350000000000001 -10
841 -11.195 0.3350000000000001 -10
842 -16.195 0.3350000000000001 0
843 -11.195 0.3350000000000001 0
844 -3.515 0.3350000000000001 -8
845 -3.515 0.3350000000000001 -6
846 -3.515 0.3350000000000001 -3.999999999999999
847 -3.515 0.3350000000000001 -2
848 -0.835 0.3350000000000001 -8
849 -0.835 0.3350000000000001 -6
850 -0.835 0.3350000000000001 -3.999999999999999
851 -0.835 0.3350000000000001 -2
852 -2.175000000000002 0.3350000000000001 -10
853 -2.175000000000002 0.3350000000000001 0
854 -0.335 0.3350000000000001 -8
855 -0.335 0.3350000000000001 -6
856 -0.335 0.3350000000000001 -3.999999999999999
857 -0.335 0.3350000000000001 -2
858 0 0.3350000000000001 -8
859 0 0.3350000000000001 -6
860 0 0.3350000000000001 -3.999999999999999
861 0 0.3350000000000001 -2
862 0.3350000000000001 0.3350000000000001 -8
863 0.3350000000000001 0.3350000000000001 -6
864 0.3350000000000001 0.3350000000000001 -3.999999999999999
865 0.3350000000000001 0.3350000000000001 -2
866 0.8350000000000001 0.3350000000000001 -8
867 0.8350000000000001 0.3350000000000001 -6
868 0.8350000000000001 0.3350000000000001 -3.999999999999999
869 0.8350000000000001 0.3350000000000001 -2
870 3.515000000000001 0.3350000000000001 -8
871 3.515000000000001 0.3350000000000001 -6
872 3.515000000000001 0.3350000000000001 -3.999999999999999
873 3.515000000000001 0.3350000000000001 -2
874 2.174999999999999 0.3350000000000001 -10
875 2.174999999999999 0.3350000000000001 0
876 6.195000000000001 0.3350000000000001 -8
877 6.195000000000001 0.3350000000000001 -6
878 6.195000000000001 0.3350000000000001 -3.999999999999999
879 6.195000000000001 0.3350000000000001 -2
880 21.195 0.3350000000000001 -8
881 21.195 0.3350000000000001 -6
882 21.195 0.3350000000000001 -3.999999999999999
883 21.195 0.3350000000000001 -2
884 11.195 0.3350000000000001 -10
885 16.195 0.3350000000000001 -10
886 11.195 0.3350000000000001 0
887 16.195 0.3350000000000001 0
888 -21.195 0.8350000000000001 -8
889 -21.195 0.8350000000000001 -6
890 -21.195 0.8350000000000001 -3.999999999999999
891 -21.195 0.8350000000000001 -2
892 -6.195 0.8350000000000001 -8
893 -6.195 0.8350000000000001 -6
894 -6.195 0.8350000000000001 -3.999999999999999
895 -6.195 0.8350000000000001 -2
896 -16.195 0.8350000000000001 -10
897 -11.195 0.8350000000000001 -10
898 -16.195 0.8350000000000001 0
899 -11.195 0.8350000000000001 0
900 -3.515 0.8350000000000001 -8
901 -3.515 0.8350000000000001 -6
902 -3.515 0.8350000000000001 -3.999999999999999
903 -3.515 0.8350000000000001 -2
904 -0.835 0.8350000000000001 -8
905 -0.835 0.8350000000000001 -6
906 -0.835 0.8350000000000001 -3.999999999999999
907 -0.835 0.8350000000000001 -2
908 -2.175000000000002 0.8350000000000001 -10
909 -2.175000000000002 0.8350000000000001 0
910 -0.335 0.8350000000000001 -8
911 -0.335 0.8350000000000001 -6
912 -0.335 0.8350000000000001 -3.999999999999999
913 -0.335 0.8350000000000001 -2
914 0 0.8350000000000001 -8
915 0 0.8350000000000001 -6
916 0 0.8350000000000001 -3.999999999999999
917 0 0.8350000000000001 -2
918 0.3350000000000001 0.8350000000000001 -8
919 0.3350000000000001 0.8350000000000001 -6
920 0.3350000000000001 0.8350000000000001 -3.999999999999999
921 0.3350000000000001 0.8350000000000001 -2
922 0.8350000000000001 0.8350000000000001 -8
923 0.8350000000000001 0.8350000000000001 -6
924 0.8350000000000001 0.8350000000000001 -3.999999999999999
925 0.8350000000000001 0.8350000000000001 -2
926 3.515000000000001 0.8350000000000001 -8
927 3.515000000000001 0.8350000000000001 -6
928 3.515000000000001 0.8350000000000001 -3.999999999999999
929 3.515000000000001 0.8350000000000001 -2
930 2.174999999999999 0.8350000000000001 -10
931 2.174999999999999 0.8350000000000001 0
932 6.195000000000001 0.8350000000000001 -8
933 6.195000000000001 0.8350000000000001 -6
934 6.195000000000001 0.8350000000000001 -3.999999999999999
935 6.195000000000001 0.8350000000000001 -2
936 21.195 0.8350000000000001 -8
937 21.195 0.8350000000000001 -6
938 21.195 0.8350000000000001 -3.999999999999999
939 21.195 0.8350000000000001 -2
940 11.195 0.8350000000000001 -10
941 16.195 0.8350000000000001 -10
942 11.195 0.8350000000000001 0
943 16.195 0.8350000000000001 0
944 -21.195 3.514999999999997 0
945 -21.195 6.195 -8
946 -21.195 6.195 -6
947 -21.195 6.195 -3.999999999999999
948 -21.195 6.195 -2
949 -21.195 3.514999999999997 -10
950 -6.195 3.514999999999997 0
951 -6.195 6.195 -8
952 -6.195 6.195 -6
953 -6.195 6.195 -3.999999999999999
954 -6.195 6.195 -2
955 -6.195 3.514999999999997 -10
956 -16.195 6.195 -10
957 -11.195 6.195 -10
958 -16.195 6.195 0
959 -11.195 6.195 0
960 -3.515 3.514999999999997 0
961 -3.515 6.195 -8
962 -3.515 6.195 -6
963 -3.515 6.195 -3.999999999999999
964 -3.515 6.195 -2
965 -3.515 3.514999999999997 -10
966 -0.835 3.514999999999997 0
967 -0.835 6.195 -8
968 -0.835 6.195 -6
969 -0.835 6.195 -3.999999999999999
970 -0.835 6.195 -2
971 -0.835 3.514999999999997 -10
972 -2.175000000000002 6.195 -10
973 -2.175000000000002 6.195 0
974 -0.335 3.514999999999997 0
975 -0.335 6.195 -8
976 -0.335 6.195 -6
977 -0.335 6.195 -3.999999999999999
978 -0.335 6.195 -2
979 -0.335 3.514999999999997 -10
980 0 3.514999999999997 0
981 0 6.195 -8
982 0 6.195 -6
983 0 6.195 -3.999999999999999
984 0 6.195 -2
985 0 3.514999999999997 -10
986 0.3350000000000001 3.514999999999997 0
987 0.3350000000000001 6.195 -8
988 0.3350000000000001 6.195 -6
989 0.3350000000000001 6.195 -3.999999999999999
990 0.3350000000000001 6.195 -2
991 0.3350000000000001 3.514999999999997 -10
992 0.8350000000000001 3.514999999999997 0
993 0.8350000000000001 6.195 -8
994 0.8350000000000001 6.195 -6
995 0.8350000000000001 6.195 -3.999999999999999
996 0.8350000000000001 6.195 -2
997 0.8350000000000001 3.514999999999997 -10
998 3.515000000000001 3.514999999999997 0
999 3.515000000000001 6.195 -8
1000 3.515000000000001 6.195 -6
1001 3.515000000000001 6.195 -3.999999999999999
1002 3.515000000000001 6.195 -2
1003 3.515000000000001 3.514999999999997 -10
1004 2.174999999999999 6.195 -10
1005 2.174999999999999 6.195 0
1006 6.195000000000001 3.514999999999997 0
1007 6.195000000000001 6.195 -8
1008 6.195000000000001 6.195 -6
1009 6.195000000000001 6.195 -3.999999999999999
1010 6.195000000000001 6.195 -2
1011 6.195000000000001 3.514999999999997 -10
1012 21.195 3.514999999999997 0
1013 21.195 6.195 -8
1014 21.195 6.195 -6
1015 21.195 6.195 -3.999999999999999
1016 21.195 6.195 -2
1017 21.195 3.514999999999997 -10
1018 11.195 6.195 -10
1019 16.195 6.195 -10
1020 11.195 6.195 0
1021 16.195 6.195 0
1022 -21.195 -6.195 -14.5
1023 -21.195 -6.195 -13
1024 -21.195 -6.195 -11.5
1025 -21.195 -0.835 -14.5
1026 -21.195 -0.835 -13
1027 -21.195 -0.835 -11.5
1028 -21.195 -3.515000000000003 -16
1029 -6.195 -6.195 -14.5
1030 -6.195 -6.195 -13
1031 -6.195 -6.195 -11.5
1032 -6.195 -0.835 -14.5
1033 -6.195 -0.835 -13
1034 -6.195 -0.835 -11.5
1035 -6.195 -3.515000000000003 -16
1036 -16.195 -6.195 -16
1037 -11.195 -6.195 -16
1038 -16.195 -0.835 -16
1039 -11.195 -0.835 -16
1040 -3.515 -6.195 -14.5
1041 -3.515 -6.195 -13
1042 -3.515 -6.195 -11.5
1043 -3.515 -0.835 -14.5
1044 -3.515 -0.835 -13
1045 -3.515 -0.835 -11.5
1046 -3.515 -3.515000000000003 -16
1047 -0.835 -6.195 -14.5
1048 -0.835 -6.195 -13
1049 -0.835 -6.195 -11.5
1050 -0.835 -0.835 -14.5
1051 -0.835 -0.835 -13
1052 -0.835 -0.835 -11.5
1053 -0.835 -3.515000000000003 -16
1054 -2.175000000000002 -6.195 -16
1055 -2.175000000000002 -0.835 -16
1056 -0.335 -6.195 -14.5
1057 -0.335 -6.195 -13
1058 -0.335 -6.195 -11.5
1059 -0.335 -0.835 -14.5
1060 -0.335 -0.835 -13
1061 -0.335 -0.835 -11.5
1062 -0.335 -3.515000000000003 -16
1063 0 -6.195 -14.5
1064 0 -6.195 -13
1065 0 -6.195 -11.5
1066 0 -0.835 -14.5
1067 0 -0.835 -13
1068 0 -0.835 -11.5
1069 0 -3.515000000000003 -16
1070 0.3350000000000001 -6.195 -14.5
1071 0.3350000000000001 -6.195 -13
1072 0.3350000000000001 -6.195 -11.5
1073 0.3350000000000001 -0.835 -14.5
1074 0.3350000000000001 -0.835 -13
1075 0.3350000000000001 -0.835 -11.5
1076 0.3350000000000001 -3.515000000000003 -16
1077 0.8350000000000001 -6.195 -14.5
1078 0.8350000000000001 -6.195 -13
1079 0.8350000000000001 -6.195 -11.5
1080 0.8350000000000001 -0.835 -14.5
1081 0.8350000000000001 -0.835 -13
1082 0.8350000000000001 -0.835 -11.5
1083 0.8350000000000001 -3.515000000000003 -16
1084 3.515000000000001 -6.195 -14.5
1085 3.515000000000001 -6.195 -13
1086 3.515000000000001 -6.195 -11.5
1087 3.515000000000001 -0.835 -14.5
1088 3.515000000000001 -0.835 -13
1089 3.515000000000001 -0.835 -11.5
1090 3.515000000000001 -3.515000000000003 -16
1091 2.174999999999999 -6.195 -16
1092 2.174999999999999 -0.835 -16
1093 6.195000000000001 -6.195 -14.5
1094 6.195000000000001 -6.195 -13
1095 6.195000000000001 -6.195 -11.5
1096 6.195000000000001 -0.835 -14.5
1097 6.195000000000001 -0.835 -13
1098 6.195000000000001 -0.835 -11.5
1099 6.195000000000001 -3.515000000000003 -16
1100 21.195 -6.195 -14.5
1101 21.195 -6.195 -13
1102 21.195 -6.195 -11.5
1103 21.195 -0.835 -14.5
1104 21.195 -0.835 -13
1105 21.195 -0.835 -11.5
1106 21.195 -3.515000000000003 -16
1107 11.195 -6.195 -16
1108 16.195 -6.195 -16
1109 11.195 -0.835 -16
1110 16.195 -0.835 -16
1111 -21.195 -0.335 -14.5
1112 -21.195 -0.335 -13
1113 -21.195 -0.335 -11.5
1114 -6.195 -0.335 -14.5
1115 -6.195 -0.335 -13
1116 -6.195 -0.335 -11.5
1117 -16.195 -0.335 -16
1118 -11.195 -0.335 -16
1119 -3.515 -0.335 -14.5
1120 -3.515 -0.335 -13
1121 -3.515 -0.335 -11.5
1122 -0.835 -0.335 -14.5
1123 -0.835 -0.335 -13
1124 -0.835 -0.335 -11.5
1125 -2.175000000000002 -0.335 -16
1126 -0.335 -0.335 -14.5
1127 -0.335 -0.335 -13
1128 -0.335 -0.335 -11.5
1129 0 -0.335 -14.5
1130 0 -0.335 -13
1131 0 -0.335 -11.5
1132 0.3350000000000001 -0.335 -14.5
1133 0.3350000000000001 -0.335 -13
1134 0.3350000000000001 -0.335 -11.5
1135 0.8350000000000001 -0.335 -14.5
1136 0.8350000000000001 -0.335 -13
1137 0.8350000000000001 -0.335 -11.5
1138 3.515000000000001 -0.335 -14.5
1139 3.515000000000001 -0.335 -13
1140 3.515000000000001 -0.335 -11.5
1141 2.174999999999999 -0.335 -16
1142 6.195000000000001 -0.335 -14.5
1143 6.195000000000001 -0.335 -13
1144 6.195000000000001 -0.335 -11.5
1145 21.195 -0.335 -14.5
1146 21.195 -0.335 -13
1147 21.195 -0.335 -11.5
1148 11.195 -0.335 -16
1149 16.195 -0.335 -16
1150 -21.195 0 -14.5
1151 -21.195 0 -13
1152 -21.195 0 -11.5
1153 -6.195 0 -14.5
1154 -6.195 0 -13
1155 -6.195 0 -11.5
1156 -16.195 0 -16
1157 -11.195 0 -16
1158 -3.515 0 -14.5
1159 -3.515 0 -13
1160 -3.515 0 -11.5
1161 -0.835 0 -14.5
1162 -0.835 0 -13
1163 -0.835 0 -11.5
1164 -2.175000000000002 0 -16
1165 -0.335 0 -14.5
1166 -0.335 0 -13
1167 -0.335 0 -11.5
1168 0 0 -14.5
1169 0 0 -13
1170 0 0 -11.5
1171 0.3350000000000001 0 -14.5
1172 0.3350000000000001 0 -13
1173 0.3350000000000001 0 -11.5
1174 0.8350000000000001 0 -14.5
1175 0.8350000000000001 0 -13
1176 0.8350000000000001 0 -11.5
1177 3.515000000000001 0 -14.5
1178 3.515000000000001 0 -13
1179 3.515000000000001 0 -11.5
1180 2.174999999999999 0 -16
1181 6.195000000000001 0 -14.5
1182 6.195000000000001 0 -13
1183 6.195000000000001 0 -11.5
1184 21.195 0 -14.5
1185 21.195 0 -13
1186 21.195 0 -11.5
1187 11.195 0 -16
1188 16.195 0 -16
1189 -21.195 0.3350000000000001 -14.5
1190 -21.195 0.3350000000000001 -13
1191 -21.195 0.3350000000000001 -11.5
1192 -6.195 0.3350000000000001 -14.5
1193 -6.195 0.3350000000000001 -13
1194 -6.195 0.3350000000000001 -11.5
1195 -16.195 0.3350000000000001 -16
1196 -11.195 0.3350000000000001 -16
1197 -3.515 0.3350000000000001 -14.5
1198 -3.515 0.3350000000000001 -13
1199 -3.515 0.3350000000000001 -11.5
1200 -0.835 0.3350000000000001 -14.5
1201 -0.835 0.3350000000000001 -13
1202 -0.835 0.3350000000000001 -11.5
1203 -2.175000000000002 0.3350000000000001 -16
1204 -0.335 0.3350000000000001 -14.5
1205 -0.335 0.3350000000000001 -13
1206 -0.335 0.3350000000000001 -11.5
1207 0 0.3350000000000001 -14.5
1208 0 0.3350000000000001 -13
1209 0 0.3350000000000001 -11.5
1210 0.3350000000000001 0.3350000000000001 -14.5
1211 0.3350000000000001 0.3350000000000001 -13
1212 0.3350000000000001 0.3350000000000001 -11.5
1213 0.8350000000000001 0.3350000000000001 -14.5
1214 0.8350000000000001 0.3350000000000001 -13
1215 0.8350000000000001 0.3350000000000001 -11.5
1216 3.515000000000001 0.3350000000000001 -14.5
1217 3.515000000000001 0.3350000000000001 -13
1218 3.515000000000001 0.3350000000000001 -11.5
1219 2.174999999999999 0.3350000000000001 -16
1220 6.195000000000001 0.3350000000000001 -14.5
1221 6.195000000000001 0.3350000000000001 -13
1222 6.195000000000001 0.3350000000000001 -11.5
1223 21.195 0.3350000000000001 -14.5
1224 21.195 0.3350000000000001 -13
1225 21.195 0.3350000000000001 -11.5
1226 11.195 0.3350000000000001 -16
1227 16.195 0.3350000000000001 -16
1228 -21.195 0.8350000000000001 -14.5
1229 -21.195 0.8350000000000001 -13
1230 -21.195 0.8350000000000001 -11.5
1231 -6.195 0.8350000000000001 -14.5
1232 -6.195 0.8350000000000001 -13
1233 -6.195 0.8350000000000001 -11.5
1234 -16.195 0.8350000000000001 -16
1235 -11.195 0.8350000000000001 -16
1236 -3.515 0.8350000000000001 -14.5
1237 -3.515 0.8350000000000001 -13
1238 -3.515 0.8350000000000001 -11.5
1239 -0.835 0.8350000000000001 -14.5
1240 -0.835 0.8350000000000001 -13
1241 -0.835 0.8350000000000001 -11.5
1242 -2.175000000000002 0.8350000000000001 -16
1243 -0.335 0.8350000000000001 -14.5
1244 -0.335 0.8350000000000001 -13
1245 -0.335 0.8350000000000001 -11.5
1246 0 0.8350000000000001 -14.5
1247 0 0.8350000000000001 -13
1248 0 0.8350000000000001 -11.5
1249 0.3350000000000001 0.8350000000000001 -14.5
1250 0.3350000000000001 0.8350000000000001 -13
1251 0.3350000000000001 0.8350000000000001 -11.5
1252 0.8350000000000001 0.8350000000000001 -14.5
1253 0.8350000000000001 0.8350000000000001 -13
1254 0.8350000000000001 0.8350000000000001 -11.5
1255 3.515000000000001 0.8350000000000001 -14.5
1256 3.515000000000001 0.8350000000000001 -13
1257 3.515000000000001 0.8350000000000001 -11.5
1258 2.174999999999999 0.8350000000000001 -16
1259 6.195000000000001 0.8350000000000001 -14.5
1260 6.195000000000001 0.8350000000000001 -13
1261 6.195000000000001 0.8350000000000001 -11.5
1262 21.195 0.8350000000000001 -14.5
1263 21.195 0.8350000000000001 -13
1264 21.195 0.8350000000000001 -11.5
1265 11.195 0.8350000000000001 -16
1266 16.195 0.8350000000000001 -16
1267 -21.195 6.195 -14.5
1268 -21.195 6.195 -13
1269 -21.195 6.195 -11.5
1270 -21.195 3.514999999999997 -16
1271 -6.195 6.195 -14.5
1272 -6.195 6.195 -13
1273 -6.195 6.195 -11.5
1274 -6.195 3.514999999999997 -16
1275 -16.195 6.195 -16
1276 -11.195 6.195 -16
1277 -3.515 6.195 -14.5
1278 -3.515 6.195 -13
1279 -3.515 6.195 -11.5
1280 -3.515 3.514999999999997 -16
1281 -0.835 6.195 -14.5
1282 -0.835 6.195 -13
1283 -0.835 6.195 -11.5
1284 -0.835 3.514999999999997 -16
1285 -2.175000000000002 6.195 -16
1286 -0.335 6.195 -14.5
1287 -0.335 6.195 -13
1288 -0.335 6.195 -11.5
1289 -0.335 3.514999999999997 -16
1290 0 6.195 -14.5
1291 0 6.195 -13
1292 0 6.195 -11.5
1293 0 3.514999999999997 -16
1294 0.3350000000000001 6.195 -14.5
1295 0.3350000000000001 6.195 -13
1296 0.3350000000000001 6.195 -11.5
1297 0.3350000000000001 3.514999999999997 -16
1298 0.8350000000000001 6.195 -14.5
1299 0.8350000000000001 6.195 -13
1300 0.8350000000000001 6.195 -11.5
1301 0.8350000000000001 3.514999999999997 -16
1302 3.515000000000001 6.195 -14.5
1303 3.515000000000001 6.195 -13
1304 3.515000000000001 6.195 -11.5
1305 3.515000000000001 3.514999999999997 -16
1306 2.174999999999999 6.195 -16
1307 6.195000000000001 6.195 -14.5
1308 6.195000000000001 6.195 -13
1309 6.195000000000001 6.195 -11.5
1310 6.195000000000001 3.514999999999997 -16
1311 21.195 6.195 -14.5
1312 21.195 6.195 -13
1313 21.195 6.195 -11.5
1314 21.195 3.514999999999997 -16
1315 11.195 6.195 -16
1316 16.195 6.195 -16
1317 -21.195 -6.195 -20
1318 -21.195 -6.195 -19
1319 -21.195 -6.195 -18
1320 -21.195 -6.195 -17
1321 -21.195 -0.835 -20
1322 -21.195 -0.835 -19
1323 -21.195 -0.835 -18
1324 -21.195 -0.835 -17
1325 -21.195 -3.515000000000003 -21
1326 -6.195 -6.195 -20
1327 -6.195 -6.195 -19
1328 -6.195 -6.195 -18
1329 -6.195 -6.195 -17
1330 -6.195 -0.835 -20
1331 -6.195 -0.835 -19
1332 -6.195 -0.835 -18
1333 -6.195 -0.835 -17
1334 -6.195 -3.515000000000003 -21
1335 -16.195 -6.195 -21
1336 -11.195 -6.195 -21
1337 -16.195 -0.835 -21
1338 -11.195 -0.835 -21
1339 -3.515 -6.195 -20
1340 -3.515 -6.195 -19
1341 -3.515 -6.195 -18
1342 -3.515 -6.195 -17
1343 -3.515 -0.835 -20
1344 -3.515 -0.835 -19
1345 -3.515 -0.835 -18
1346 -3.515 -0.835 -17
1347 -3.515 -3.515000000000003 -21
1348 -0.835 -6.195 -20
1349 -0.835 -6.195 -19
1350 -0.835 -6.195 -18
1351 -0.835 -6.195 -17
1352 -0.835 -0.835 -20
1353 -0.835 -0.835 -19
1354 -0.835 -0.835 -18
1355 -0.835 -0.835 -17
1356 -0.835 -3.515000000000003 -21
1357 -2.175000000000002 -6.195 -21
1358 -2.175000000000002 -0.835 -21
1359 -0.335 -6.195 -20
1360 -0.335 -6.195 -19
1361 -0.335 -6.195 -18
1362 -0.335 -6.195 -17
1363 -0.335 -0.835 -20
1364 -0.335 -0.835 -19
1365 -0.335 -0.835 -18
1366 -0.335 -0.835 -17
1367 -0.335 -3.515000000000003 -21
1368 0 -6.195 -20
1369 0 -6.195 -19
1370 0 -6.195 -18
1371 0 -6.195 -17
1372 0 -0.835 -20
1373 0 -0.835 -19
1374 0 -0.835 -18
1375 0 -0.835 -17
1376 0 -3.515000000000003 -21
1377 0.3350000000000001 -6.195 -20
1378 0.3350000000000001 -6.195 -19
1379 0.3350000000000001 -6.195 -18
1380 0.3350000000000001 -6.195 -17
1381 0.3350000000000001 -0.835 -20
1382 0.3350000000000001 -0.835 -19
1383 0.3350000000000001 -0.835 -18
1384 0.3350000000000001 -0.835 -17
1385 0.3350000000000001 -3.515000000000003 -21
1386 0.8350000000000001 -6.195 -20
1387 0.8350000000000001 -6.195 -19
1388 0.8350000000000001 -6.195 -18
1389 0.8350000000000001 -6.195 -17
1390 0.8350000000000001 -0.835 -20
1391 0.8350000000000001 -0.835 -19
1392 0.8350000000000001 -0.835 -18
1393 0.8350000000000001 -0.835 -17
1394 0.8350000000000001 -3.515000000000003 -21
1395 3.515000000000001 -6.195 -20
1396 3.515000000000001 -6.195 -19
1397 3.515000000000001 -6.195 -18
1398 3.515000000000001 -6.195 -17
1399 3.515000000000001 -0.835 -20
1400 3.515000000000001 -0.835 -19
1401 3.515000000000001 -0.835 -18
1402 3.515000000000001 -0.835 -17
1403 3.515000000000001 -3.515000000000003 -21
1404 2.174999999999999 -6.195 -21
1405 2.174999999999999 -0.835 -21
1406 6.195000000000001 -6.195 -20
1407 6.195000000000001 -6.195 -19
1408 6.195000000000001 -6.195 -18
1409 6.195000000000001 -6.195 -17
1410 6.195000000000001 -0.835 -20
1411 6.195000000000001 -0.835 -19
1412 6.195000000000001 -0.835 -18
1413 6.195000000000001 -0.835 -17
1414 6.195000000000001 -3.515000000000003 -21
1415 21.195 -6.195 -20
1416 21.195 -6.195 -19
1417 21.195 -6.195 -18
1418 21.195 -6.195 -17
1419 21.195 -0.835 -20
1420 21.195 -0.835 -19
1421 21.195 -0.835 -18
1422 21.195 -0.835 -17
1423 21.195 -3.515000000000003 -21
1424 11.195 -6.195 -21
1425 16.195 -6.195 -21
1426 11.195 -0.835 -21
1427 16.195 -0.835 -21
1428 -21.195 -0.335 -20
1429 -21.195 -0.335 -19
1430 -21.195 -0.335 -18
1431 -21.195 -0.335 -17
1432 -6.195 -0.335 -20
1433 -6.195 -0.335 -19
1434 -6.195 -0.335 -18
1435 -6.195 -0.335 -17
1436 -16.195 -0.335 -21
1437 -11.195 -0.335 -21
1438 -3.515 -0.335 -20
1439 -3.515 -0.335 -19
1440 -3.515 -0.335 -18
1441 -3.515 -0.335 -17
1442 -0.835 -0.335 -20
1443 -0.835 -0.335 -19
1444 -0.835 -0.335 -18
1445 -0.835 -0.335 -17
1446 -2.175000000000002 -0.335 -21
1447 -0.335 -0.335 -20
1448 -0.335 -0.335 -19
1449 -0.335 -0.335 -18
1450 -0.335 -0.335 -17
1451 0 -0.335 -20
1452 0 -0.335 -19
1453 0 -0.335 -18
1454 0 -0.335 -17
1455 0.3350000000000001 -0.335 -20
1456 0.3350000000000001 -0.335 -19
1457 0.3350000000000001 -0.335 -18
1458 0.3350000000000001 -0.335 -17
1459 0.8350000000000001 -0.335 -20
1460 0.8350000000000001 -0.335 -19
1461 0.8350000000000001 -0.335 -18
1462 0.8350000000000001 -0.335 -17
1463 3.515000000000001 -0.335 -20
1464 3.515000000000001 -0.335 -19
1465 3.515000000000001 -0.335 -18
1466 3.515000000000001 -0.335 -17
1467 2.174999999999999 -0.335 -21
1468 6.195000000000001 -0.335 -20
1469 6.195000000000001 -0.335 -19
1470 6.195000000000001 -0.335 -18
1471 6.195000000000001 -0.335 -17
1472 21.195 -0.335 -20
1473 21.195 -0.335 -19
1474 21.195 -0.335 -18
1475 21.195 -0.335 -17
1476 11.195 -0.335 -21
1477 16.195 -0.335 -21
1478 -21.195 0 -20
1479 -21.195 0 -19
1480 -21.195 0 -18
1481 -21.195 0 -17
1482 -6.195 0 -20
1483 -6.195 0 -19
1484 -6.195 0 -18
1485 -6.195 0 -17
1486 -16.195 0 -21
1487 -11.195 0 -21
1488 -3.515 0 -20
1489 -3.515 0 -19
1490 -3.515 0 -18
1491 -3.515 0 -17
1492 -0.835 0 -20
1493 -0.835 0 -19
1494 -0.835 0 -18
1495 -0.835 0 -17
1496 -2.175000000000002 0 -21
1497 -0.335 0 -20
1498 -0.335 0 -19
1499 -0.335 0 -18
1500 -0.335 0 -17
1501 0 0 -20
1502 0 0 -19
1503 0 0 -18
1504 0 0 -17
1505 0.3350000000000001 0 -20
1506 0.3350000000000001 0 -19
1507 0.3350000000000001 0 -18
1508 0.3350000000000001 0 -17
1509 0.8350000000000001 0 -20
1510 0.8350000000000001 0 -19
1511 0.8350000000000001 0 -18
1512 0.8350000000000001 0 -17
1513 3.515000000000001 0 -20
1514 3.515000000000001 0 -19
1515 3.515000000000001 0 -18
1516 3.515000000000001 0 -17
1517 2.174999999999999 0 -21
1518 6.195000000000001 0 -20
1519 6.195000000000001 0 -19
1520 6.195000000000001 0 -18
1521 6.195000000000001 0 -17
1522 21.195 0 -20
1523 21.195 0 -19
1524 21.195 0 -18
1525 21.195 0 -17
1526 11.195 0 -21
1527 16.195 0 -21
1528 -21.195 0.3350000000000001 -20
1529 -21.195 0.3350000000000001 -19
1530 -21.195 0.3350000000000001 -18
1531 -21.195 0.3350000000000001 -17
1532 -6.195 0.3350000000000001 -20
1533 -6.195 0.3350000000000001 -19
1534 -6.195 0.3350000000000001 -18
1535 -6.195 0.3350000000000001 -17
1536 -16.195 0.3350000000000001 -21
1537 -11.195 0.3350000000000001 -21
1538 -3.515 0.3350000000000001 -20
1539 -3.515 0.3350000000000001 -19
1540 -3.515 0.3350000000000001 -18
1541 -3.515 0.3350000000000001 -17
1542 -0.835 0.3350000000000001 -20
1543 -0.835 0.3350000000000001 -19
1544 -0.835 0.3350000000000001 -18
1545 -0.835 0.3350000000000001 -17
1546 -2.175000000000002 0.3350000000000001 -21
1547 -0.335 0.3350000000000001 -20
1548 -0.335 0.3350000000000001 -19
1549 -0.335 0.3350000000000001 -18
1550 -0.335 0.3350000000000001 -17
1551 0 0.3350000000000001 -20
1552 0 0.3350000000000001 -19
1553 0 0.3350000000000001 -18
1554 0 0.3350000000000001 -17
1555 0.3350000000000001 0.3350000000000001 -20
1556 0.3350000000000001 0.3350000000000001 -19
1557 0.3350000000000001 0.3350000000000001 -18
1558 0.3350000000000001 0.3350000000000001 -17
1559 0.8350000000000001 0.3350000000000001 -20
1560 0.8350000000000001 0.3350000000000001 -19
1561 0.8350000000000001 0.3350000000000001 -18
1562 0.8350000000000001 0.3350000000000001 -17
1563 3.515000000000001 0.3350000000000001 -20
1564 3.515000000000001 0.3350000000000001 -19
1565 3.515000000000001 0.3350000000000001 -18
1566 3.515000000000001 0.3350000000000001 -17
1567 2.174999999999999 0.3350000000000001 -21
1568 6.195000000000001 0.3350000000000001 -20
1569 6.195000000000001 0.3350000000000001 -19
1570 6.195000000000001 0.3350000000000001 -18
1571 6.195000000000001 0.3350000000000001 -17
1572 21.195 0.3350000000000001 -20
1573 21.195 0.3350000000000001 -19
1574 21.195 0.3350000000000001 -18
1575 21.195 0.3350000000000001 -17
1576 11.195 0.3350000000000001 -21
1577 16.195 0.3350000000000001 -21
1578 -21.195 0.8350000000000001 -20
1579 -21.195 0.8350000000000001 -19
1580 -21.195 0.8350000000000001 -18
1581 -21.195 0.8350000000000001 -17
1582 -6.195 0.8350000000000001 -20
1583 -6.195 0.8350000000000001 -19
1584 -6.195 0.8350000000000001 -18
1585 -6.195 0.8350000000000001 -17
1586 -16.195 0.8350000000000001 -21
1587 -11.195 0.8350000000000001 -21
1588 -3.515 0.8350000000000001 -20
1589 -3.515 0.8350000000000001 -19
1590 -3.515 0.8350000000000001 -18
1591 -3.515 0.8350000000000001 -17
1592 -0.835 0.8350000000000001 -20
1593 -0.835 0.8350000000000001 -19
1594 -0.835 0.8350000000000001 -18
1595 -0.835 0.8350000000000001 -17
1596 -2.175000000000002 0.8350000000000001 -21
1597 -0.335 0.8350000000000001 -20
1598 -0.335 0.8350000000000001 -19
1599 -0.335 0.8350000000000001 -18
1600 -0.335 0.8350000000000001 -17
1601 0 0.8350000000000001 -20
1602 0 0.8350000000000001 -19
1603 0 0.8350000000000001 -18
1604 0 0.8350000000000001 -17
1605 0.3350000000000001 0.8350000000000001 -20
1606 0.3350000000000001 0.8350000000000001 -19
1607 0.3350000000000001 0.8350000000000001 -18
1608 0.3350000000000001 0.8350000000000001 -17
1609 0.8350000000000001 0.8350000000000001 -20
1610 0.8350000000000001 0.8350000000000001 -19
1611 0.8350000000000001 0.8350000000000001 -18
1612 0.8350000000000001 0.8350000000000001 -17
1613 3.515000000000001 0.8350000000000001 -20
1614 3.515000000000001 0.8350000000000001 -19
1615 3.515000000000001 0.8350000000000001 -18
1616 3.515000000000001 0.8350000000000001 -17
1617 2.174999999999999 0.8350000000000001 -21
1618 6.195000000000001 0.8350000000000001 -20
1619 6.195000000000001 0.8350000000000001 -19
1620 6.195000000000001 0.8350000000000001 -18
1621 6.195000000000001 0.8350000000000001 -17
1622 21.195 0.8350000000000001 -20
1623 21.195 0.8350000000000001 -19
1624 21.195 0.8350000000000001 -18
1625 21.195 0.8350000000000001 -17
1626 11.195 0.8350000000000001 -21
1627 16.195 0.8350000000000001 -21
1628 -21.195 6.195 -20
1629 -21.195 6.195 -19
1630 -21.195 6.195 -18
1631 -21.195 6.195 -17
1632 -21.195 3.514999999999997 -21
1633 -6.195 6.195 -20
1634 -6.195 6.195 -19
1635 -6.195 6.195 -18
1636 -6.195 6.195 -17
1637 -6.195 3.514999999999997 -21
1638 -16.195 6.195 -21
1639 -11.195 6.195 -21
1640 -3.515 6.195 -20
1641 -3.515 6.195 -19
1642 -3.515 6.195 -18
1643 -3.515 6.195 -17
1644 -3.515 3.514999999999997 -21
1645 -0.835 6.195 -20
1646 -0.835 6.195 -19
1647 -0.835 6.195 -18
1648 -0.835 6.195 -17
1649 -0.835 3.514999999999997 -21
1650 -2.175000000000002 6.195 -21
1651 -0.335 6.195 -20
1652 -0.335 6.195 -19
1653 -0.335 6.195 -18
1654 -0.335 6.195 -17
1655 -0.335 3.514999999999997 -21
1656 0 6.195 -20
1657 0 6.195 -19
1658 0 6.195 -18
1659 0 6.195 -17
1660 0 3.514999999999997 -21
1661 0.3350000000000001 6.195 -20
1662 0.3350000000000001 6.195 -19
1663 0.3350000000000001 6.195 -18
1664 0.3350000000000001 6.195 -17
1665 0.3350000000000001 3.514999999999997 -21
1666 0.8350000000000001 6.195 -20
1667 0.8350000000000001 6.195 -19
1668 0.8350000000000001 6.195 -18
1669 0.8350000000000001 6.195 -17
1670 0.8350000000000001 3.514999999999997 -21
1671 3.515000000000001 6.195 -20
1672 3.515000000000001 6.195 -19
1673 3.515000000000001 6.195 -18
1674 3.515000000000001 6.195 -17
1675 3.515000000000001 3.514999999999997 -21
1676 2.174999999999999 6.195 -21
1677 6.195000000000001 6.195 -20
1678 6.195000000000001 6.195 -19
1679 6.195000000000001 6.195 -18
1680 6.195000000000001 6.195 -17
1681 6.195000000000001 3.514999999999997 -21
1682 21.195 6.195 -20
1683 21.195 6.195 -19
1684 21.195 6.195 -18
1685 21.195 6.195 -17
1686 21.195 3.514999999999997 -21
1687 11.195 6.195 -21
1688 16.195 6.195 -21
1689 -21.195 -3.515000000000003 -23.5
1690 -16.195 -0.835 -23.5
1691 -11.195 -0.835 -23.5
1692 -6.195 -3.515000000000003 -23.5
1693 -16.195 -6.195 -23.5
1694 -11.195 -6.195 -23.5
1695 -3.515 -3.515000000000003 -23.5
1696 -2.175000000000002 -0.835 -23.5
1697 -0.835 -3.515000000000003 -23.5
1698 -2.175000000000002 -6.195 -23.5
1699 -0.335 -3.515000000000003 -23.5
1700 0 -3.515000000000003 -23.5
1701 0.3350000000000001 -3.515000000000003 -23.5
1702 0.8350000000000001 -3.515000000000003 -23.5
1703 2.174999999999999 -0.835 -23.5
1704 3.515000000000001 -3.515000000000003 -23.5
1705 2.174999999999999 -6.195 -23.5
1706 6.195000000000001 -3.515000000000003 -23.5
1707 11.195 -0.835 -23.5
1708 16.195 -0.835 -23.5
1709 21.195 -3.515000000000003 -23.5
1710 11.195 -6.195 -23.5
1711 16.195 -6.195 -23.5
1712 -16.195 -0.335 -23.5
1713 -11.195 -0.335 -23.5
1714 -2.175000000000002 -0.335 -23.5
1715 2.174999999999999 -0.335 -23.5
1716 11.195 -0.335 -23.5
1717 16.195 -0.335 -23.5
1718 -16.195 0 -23.5
1719 -11.195 0 -23.5
1720 -2.175000000000002 0 -23.5
1721 2.174999999999999 0 -23.5
1722 11.195 0 -23.5
1723 16.195 0 -23.5
1724 -16.195 0.3350000000000001 -23.5
1725 -11.195 0.3350000000000001 -23.5
1726 -2.175000000000002 0.3350000000000001 -23.5
1727 2.174999999999999 0.3350000000000001 -23.5
1728 11.195 0.3350000000000001 -23.5
1729 16.195 0.3350000000000001 -23.5
1730 -16.195 0.8350000000000001 -23.5
1731 -11.195 0.8350000000000001 -23.5
1732 -2.175000000000002 0.8350000000000001 -23.5
1733 2.174999999999999 0.8350000000000001 -23.5
1734 11.195 0.8350000000000001 -23.5
1735 16.195 0.8350000000000001 -23.5
1736 -21.195 3.514999999999997 -23.5
1737 -16.195 6.195 -23.5
1738 -11.195 6.195 -23.5
1739 -6.195 3.514999999999997 -23.5
1740 -3.515 3.514999999999997 -23.5
1741 -2.175000000000002 6.195 -23.5
1742 -0.835 3.514999999999997 -23.5
1743 -0.335 3.514999999999997 -23.5
1744 0 3.514999999999997 -23.5
1745 0.3350000000000001 3.514999999999997 -23.5
1746 0.8350000000000001 3.514999999999997 -23.5
1747 2.174999999999999 6.195 -23.5
1748 3.515000000000001 3.514999999999997 -23.5
1749 6.195000000000001 3.514999999999997 -23.5
1750 11.195 6.195 -23.5
1751 16.195 6.195 -23.5
1752 21.195 3.514999999999997 -23.5
1753 -23.695 -6.195 -8
1754 -23.695 -6.195 -6
1755 -23.695 -6.195 -3.999999999999999
1756 -23.695 -6.195 -2
1757 -23.695 -3.515000000000003 0
1758 -23.695 -0.835 -8
1759 -23.695 -0.835 -6
1760 -23.695 -0.835 -3.999999999999999
1761 -23.695 -0.835 -2
1762 -23.695 -3.515000000000003 -10
1763 -23.695 -0.335 -8
1764 -23.695 -0.335 -6
1765 -23.695 -0.335 -3.999999999999999
1766 -23.695 -0.335 -2
1767 -23.695 0 -8
1768 -23.695 0 -6
1769 -23.695 0 -3.999999999999999
1770 -23.695 0 -2
1771 -23.695 0.3350000000000001 -8
1772 -23.695 0.3350000000000001 -6
1773 -23.695 0.3350000000000001 -3.999999999999999
1774 -23.695 0.3350000000000001 -2
1775 -23.695 0.8350000000000001 -8
1776 -23.695 0.8350000000000001 -6
1777 -23.695 0.8350000000000001 -3.999999999999999
1778 -23.695 0.8350000000000001 -2
1779 -23.695 3.514999999999997 0
1780 -23.695 6.195 -8
1781 -23.695 6.195 -6
1782 -23.695 6.195 -3.999999999999999
1783 -23.695 6.195 -2
1784 -23.695 3.514999999999997 -10
1785 -23.695 -6.195 -14.5
1786 -23.695 -6.195 -13
1787 -23.695 -6.195 -11.5
1788 -23.695 -0.835 -14.5
1789 -23.695 -0.835 -13
1790 -23.695 -0.835 -11.5
1791 -23.695 -3.515000000000003 -16
1792 -23.695 -0.335 -14.5
1793 -23.695 -0.335 -13
1794 -23.695 -0.335 -11.5
1795 -23.695 0 -14.5
1796 -23.695 0 -13
1797 -23.695 0 -11.5
1798 -23.695 0.3350000000000001 -14.5
1799 -23.695 0.3350000000000001 -13
1800 -23.695 0.3350000000000001 -11.5
1801 -23.695 0.8350000000000001 -14.5
1802 -23.695 0.8350000000000001 -13
1803 -23.695 0.8350000000000001 -11.5
1804 -23.695 6.195 -14.5
1805 -23.695 6.195 -13
1806 -23.695 6.195 -11.5
1807 -23.695 3.514999999999997 -16
1808 23.695 -6.195 -8
1809 23.695 -6.195 -6
1810 23.695 -6.195 -3.999999999999999
1811 23.695 -6.195 -2
1812 23.695 -3.515000000000003 0
1813 23.695 -0.835 -8
1814 23.695 -0.835 -6
1815 23.695 -0.835 -3.999999999999999
1816 23.695 -0.835 -2
1817 23.695 -3.515000000000003 -10
1818 23.695 -0.335 -8
1819 23.695 -0.335 -6
1820 23.695 -0.335 -3.999999999999999
1821 23.695 -0.335 -2
1822 23.695 0 -8
1823 23.695 0 -6
1824 23.695 0 -3.999999999999999
1825 23.695 0 -2
1826 23.695 0.3350000000000001 -8
1827 23.695 0.3350000000000001 -6
1828 23.695 0.3350000000000001 -3.999999999999999
1829 23.695 0.3350000000000001 -2
1830 23.695 0.8350000000000001 -8
1831 23.695 0.8350000000000001 -6
1832 23.695 0.8350000000000001 -3.999999999999999
1833 23.695 0.8350000000000001 -2
1834 23.695 3.514999999999997 0
1835 23.695 6.195 -8
1836 23.695 6.195 -6
1837 23.695 6.195 -3.999999999999999
1838 23.695 6.195 -2
1839 23.695 3.514999999999997 -10
1840 23.695 -6.195 -14.5
1841 23.695 -6.195 -13
1842 23.695 -6.195 -11.5
1843 23.695 -0.835 -14.5
1844 23.695 -0.835 -13
1845 23.695 -0.835 -11.5
1846 23.695 -3.515000000000003 -16
1847 23.695 -0.335 -14.5
1848 23.695 -0.335 -13
1849 23.695 -0.335 -11.5
1850 23.695 0 -14.5
1851 23.695 0 -13
1852 23.695 0 -11.5
1853 23.695 0.3350000000000001 -14.5
1854 23.695 0.3350000000000001 -13
1855 23.695 0.3350000000000001 -11.5
1856 23.695 0.8350000000000001 -14.5
1857 23.695 0.8350000000000001 -13
1858 23.695 0.8350000000000001 -11.5
1859 23.695 6.195 -14.5
1860 23.695 6.195 -13
1861 23.695 6.195 -11.5
1862 23.695 3.514999999999997 -16
1863 -6.195 -8.695 -8
1864 -6.195 -8.695 -6
1865 -6.195 -8.695 -3.999999999999999
1866 -6.195 -8.695 -2
1867 -3.515 -8.695 -8
1868 -3.515 -8.695 -6
1869 -3.515 -8.695 -3.999999999999999
1870 -3.515 -8.695 -2
1871 -2.175000000000002 -8.695 -10
1872 -0.835 -8.695 -8
1873 -0.835 -8.695 -6
1874 -0.835 -8.695 -3.999999999999999
1875 -0.835 -8.695 -2
1876 -2.175000000000002 -8.695 0
1877 -0.335 -8.695 -8
1878 -0.335 -8.695 -6
1879 -0.335 -8.695 -3.999999999999999
1880 -0.335 -8.695 -2
1881 0 -8.695 -8
1882 0 -8.695 -6
1883 0 -8.695 -3.999999999999999
1884 0 -8.695 -2
1885 0.3350000000000001 -8.695 -8
1886 0.3350000000000001 -8.695 -6
1887 0.3350000000000001 -8.695 -3.999999999999999
1888 0.3350000000000001 -8.695 -2
1889 0.8350000000000001 -8.695 -8
1890 0.8350000000000001 -8.695 -6
1891 0.8350000000000001 -8.695 -3.999999999999999
1892 0.8350000000000001 -8.695 -2
1893 2.174999999999999 -8.695 -10
1894 3.515000000000001 -8.695 -8
1895 3.515000000000001 -8.695 -6
1896 3.515000000000001 -8.695 -3.999999999999999
1897 3.515000000000001 -8.695 -2
1898 2.174999999999999 -8.695 0
1899 6.195000000000001 -8.695 -8
1900 6.195000000000001 -8.695 -6
1901 6.195000000000001 -8.695 -3.999999999999999
1902 6.195000000000001 -8.695 -2
1903 -6.195 -8.695 -14.5
1904 -6.195 -8.695 -13
1905 -6.195 -8.695 -11.5
1906 -3.515 -8.695 -14.5
1907 -3.515 -8.695 -13
1908 -3.515 -8.695 -11.5
1909 -2.175000000000002 -8.695 -16
1910 -0.835 -8.695 -14.5
1911 -0.835 -8.695 -13
1912 -0.835 -8.695 -11.5
1913 -0.335 -8.695 -14.5
1914 -0.335 -8.695 -13
1915 -0.335 -8.695 -11.5
1916 0 -8.695 -14.5
1917 0 -8.695 -13
1918 0 -8.695 -11.5
1919 0.3350000000000001 -8.695 -14.5
1920 0.3350000000000001 -8.695 -13
1921 0.3350000000000001 -8.695 -11.5
1922 0.8350000000000001 -8.695 -14.5
1923 0.8350000000000001 -8.695 -13
1924 0.8350000000000001 -8.695 -11.5
1925 2.174999999999999 -8.695 -16
1926 3.515000000000001 -8.695 -14.5
1927 3.515000000000001 -8.695 -13
1928 3.515000000000001 -8.695 -11.5
1929 6.195000000000001 -8.695 -14.5
1930 6.195000000000001 -8.695 -13
1931 6.195000000000001 -8.695 -11.5
1932 -6.195 8.695 -8
1933 -6.195 8.695 -6
1934 -6.195 8.695 -3.999999999999999
1935 -6.195 8.695 -2
1936 -3.515 8.695 -8
1937 -3.515 8.695 -6
1938 -3.515 8.695 -3.999999999999999
1939 -3.515 8.695 -2
1940 -2.175000000000002 8.695 -10
1941 -0.835 8.695 -8
1942 -0.835 8.695 -6
1943 -0.835 8.695 -3.999999999999999
1944 -0.835 8.695 -2
1945 -2.175000000000002 8.695 0
1946 -0.335 8.695 -8
1947 -0.335 8.695 -6
1948 -0.335 8.695 -3.999999999999999
1949 -0.335 8.695 -2
1950 0 8.695 -8
1951 0 8.695 -6
1952 0 8.695 -3.999999999999999
1953 0 8.695 -2
1954 0.3350000000000001 8.695 -8
1955 0.3350000000000001 8.695 -6
1956 0.3350000000000001 8.695 -3.999999999999999
1957 0.3350000000000001 8.695 -2
1958 0.8350000000000001 8.695 -8
1959 0.8350000000000001 8.695 -6
1960 0.8350000000000001 8.695 -3.999999999999999
1961 0.8350000000000001 8.695 -2
1962 2.174999999999999 8.695 -10
1963 3.515000000000001 8.695 -8
1964 3.515000000000001 8.695 -6
1965 3.515000000000001 8.695 -3.999999999999999
1966 3.515000000000001 8.695 -2
1967 2.174999999999999 8.695 0
1968 6.195000000000001 8.695 -8
1969 6.195000000000001 8.695 -6
1970 6.195000000000001 8.695 -3.999999999999999
1971 6.195000000000001 8.695 -2
1972 -6.195 8.695 -14.5
1973 -6.195 8.695 -13
1974 -6.195 8.695 -11.5
1975 -3.515 8.695 -14.5
1976 -3.515 8.695 -13
1977 -3.515 8.695 -11.5
1978 -2.175000000000002 8.695 -16
1979 -0.835 8.695 -14.5
1980 -0.835 8.695 -13
1981 -0.835 8.695 -11.5
1982 -0.335 8.695 -14.5
1983 -0.335 8.695 -13
1984 -0.335 8.695 -11.5
1985 0 8.695 -14.5
1986 0 8.695 -13
1987 0 8.695 -11.5
1988 0.3350000000000001 8.695 -14.5
1989 0.3350000000000001 8.695 -13
1990 0.3350000000000001 8.695 -11.5
1991 0.8350000000000001 8.695 -14.5
1992 0.8350000000000001 8.695 -13
1993 0.8350000000000001 8.695 -11.5
1994 2.174999999999999 8.695 -16
1995 3.515000000000001 8.695 -14.5
1996 3.515000000000001 8.695 -13
1997 3.515000000000001 8.695 -11.5
1998 6.195000000000001 8.695 -14.5
1999 6.195000000000001 8.695 -13
2000 6.195000000000001 8.695 -11.5
2001 -23.695 -6.195 -20
2002 -23.695 -6.195 -19
2003 -23.695 -6.195 -18
2004 -23.695 -6.195 -17
2005 -23.695 -0.835 -20
2006 -23.695 -0.835 -19
2007 -23.695 -0.835 -18
2008 -23.695 -0.835 -17
2009 -23.695 -3.515000000000003 -21
2010 -23.695 -0.335 -20
2011 -23.695 -0.335 -19
2012 -23.695 -0.335 -18
2013 -23.695 -0.335 -17
2014 -23.695 0 -20
2015 -23.695 0 -19
2016 -23.695 0 -18
2017 -23.695 0 -17
2018 -23.695 0.3350000000000001 -20
2019 -23.695 0.3350000000000001 -19
2020 -23.695 0.3350000000000001 -18
2021 -23.695 0.3350000000000001 -17
2022 -23.695 0.8350000000000001 -20
2023 -23.695 0.8350000000000001 -19
2024 -23.695 0.8350000000000001 -18
2025 -23.695 0.8350000000000001 -17
2026 -23.695 6.195 -20
2027 -23.695 6.195 -19
2028 -23.695 6.195 -18
2029 -23.695 6.195 -17
2030 -23.695 3.514999999999997 -21
2031 23.695 -6.195 -20
2032 23.695 -6.195 -19
2033 23.695 -6.195 -18
2034 23.695 -6.195 -17
2035 23.695 -0.835 -20
2036 23.695 -0.835 -19
2037 23.695 -0.835 -18
2038 23.695 -0.835 -17
2039 23.695 -3.515000000000003 -21
2040 23.695 -0.335 -20
2041 23.695 -0.335 -19
2042 23.695 -0.335 -18
2043 23.695 -0.335 -17
2044 23.695 0 -20
2045 23.695 0 -19
2046 23.695 0 -18
2047 23.695 0 -17
2048 23.695 0.3350000000000001 -20
2049 23.695 0.3350000000000001 -19
2050 23.695 0.3350000000000001 -18
2051 23.695 0.3350000000000001 -17
2052 23.695 0.8350000000000001 -20
2053 23.695 0.8350000000000001 -19
2054 23.695 0.8350000000000001 -18
2055 23.695 0.8350000000000001 -17
2056 23.695 6.195 -20
2057 23.695 6.195 -19
2058 23.695 6.195 -18
2059 23.695 6.195 -17
2060 23.695 3.514999999999997 -21
2061 -16.195 -8.695 -10
2062 -11.195 -8.695 -10
2063 -16.195 -8.695 0
2064 -11.195 -8.695 0
2065 -21.195 -8.695 -8
2066 -21.195 -8.695 -6
2067 -21.195 -8.695 -3.999999999999999
2068 -21.195 -8.695 -2
2069 11.195 -8.695 -10
2070 16.195 -8.695 -10
2071 21.195 -8.695 -8
2072 21.195 -8.695 -6
2073 21.195 -8.695 -3.999999999999999
2074 21.195 -8.695 -2
2075 11.195 -8.695 0
2076 16.195 -8.695 0
2077 -16.195 -8.695 -16
2078 -11.195 -8.695 -16
2079 -21.195 -8.695 -14.5
2080 -21.195 -8.695 -13
2081 -21.195 -8.695 -11.5
2082 11.195 -8.695 -16
2083 16.195 -8.695 -16
2084 21.195 -8.695 -14.5
2085 21.195 -8.695 -13
2086 21.195 -8.695 -11.5
2087 -16.195 -8.695 -21
2088 -11.195 -8.695 -21
2089 -6.195 -8.695 -20
2090 -6.195 -8.695 -19
2091 -6.195 -8.695 -18
2092 -6.195 -8.695 -17
2093 -21.195 -8.695 -20
2094 -21.195 -8.695 -19
2095 -21.195 -8.695 -18
2096 -21.195 -8.695 -17
2097 -3.515 -8.695 -20
2098 -3.515 -8.695 -19
2099 -3.515 -8.695 -18
2100 -3.515 -8.695 -17
2101 -2.175000000000002 -8.695 -21
2102 -0.835 -8.695 -20
2103 -0.835 -8.695 -19
2104 -0.835 -8.695 -18
2105 -0.835 -8.695 -17
2106 -0.335 -8.695 -20
2107 -0.335 -8.695 -19
2108 -0.335 -8.695 -18
2109 -0.335 -8.695 -17
2110 0 -8.695 -20
2111 0 -8.695 -19
2112 0 -8.695 -18
2113 0 -8.695 -17
2114 0.3350000000000001 -8.695 -20
2115 0.3350000000000001 -8.695 -19
2116 0.3350000000000001 -8.695 -18
2117 0.3350000000000001 -8.695 -17
2118 0.8350000000000001 -8.695 -20
2119 0.8350000000000001 -8.695 -19
2120 0.8350000000000001 -8.695 -18
2121 0.8350000000000001 -8.695 -17
2122 2.174999999999999 -8.695 -21
2123 3.515000000000001 -8.695 -20
2124 3.515000000000001 -8.695 -19
2125 3.515000000000001 -8.695 -18
2126 3.515000000000001 -8.695 -17
2127 6.195000000000001 -8.695 -20
2128 6.195000000000001 -8.695 -19
2129 6.195000000000001 -8.695 -18
2130 6.195000000000001 -8.695 -17
2131 11.195 -8.695 -21
2132 16.195 -8.695 -21
2133 21.195 -8.695 -20
2134 21.195 -8.695 -19
2135 21.195 -8.695 -18
2136 21.195 -8.695 -17
2137 -16.195 8.695 -10
2138 -11.195 8.695 -10
2139 -16.195 8.695 0
2140 -11.195 8.695 0
2141 -21.195 8.695 -8
2142 -21.195 8.695 -6
2143 -21.195 8.695 -3.999999999999999
2144 -21.195 8.695 -2
2145 11.195 8.695 -10
2146 16.195 8.695 -10
2147 21.195 8.695 -8
2148 21.195 8.695 -6
2149 21.195 8.695 -3.999999999999999
2150 21.195 8.695 -2
2151 11.195 8.695 0
2152 16.195 8.695 0
2153 -16.195 8.695 -16
2154 -11.195 8.695 -16
2155 -21.195 8.695 -14.5
2156 -21.195 8.695 -13
2157 -21.195 8.695 -11.5
2158 11.195 8.695 -16
2159 16.195 8.695 -16
2160 21.195 8.695 -14.5
2161 21.195 8.695 -13
2162 21.195 8.695 -11.5
2163 -16.195 8.695 -21
2164 -11.195 8.695 -21
2165 -6.195 8.695 -20
2166 -6.195 8.695 -19
2167 -6.195 8.695 -18
2168 -6.195 8.695 -17
2169 -21.195 8.695 -20
2170 -21.195 8.695 -19
2171 -21.195 8.695 -18
2172 -21.195 8.695 -17
2173 -3.515 8.695 -20
2174 -3.515 8.695 -19
2175 -3.515 8.695 -18
2176 -3.515 8.695 -17
2177 -2.175000000000002 8.695 -21
2178 -0.835 8.695 -20
2179 -0.835 8.695 -19
2180 -0.835 8.695 -18
2181 -0.835 8.695 -17
2182 -0.335 8.695 -20
2183 -0.335 8.695 -19
2184 -0.335 8.695 -18
2185 -0.335 8.695 -17
2186 0 8.695 -20
2187 0 8.695 -19
2188 0 8.695 -18
2189 0 8.695 -17
2190 0.3350000000000001 8.695 -20
2191 0.3350000000000001 8.695 -19
2192 0.3350000000000001 8.695 -18
2193 0.3350000000000001 8.695 -17
2194 0.8350000000000001 8.695 -20
2195 0.8350000000000001 8.695 -19
2196 0.8350000000000001 8.695 -18
2197 0.8350000000000001 8.695 -17
2198 2.174999999999999 8.695 -21
2199 3.515000000000001 8.695 -20
2200 3.515000000000001 8.695 -19
2201 3.515000000000001 8.695 -18
2202 3.515000000000001 8.695 -17
2203 6.195000000000001 8.695 -20
2204 6.195000000000001 8.695 -19
2205 6.195000000000001 8.695 -18
2206 6.195000000000001 8.695 -17
2207 11.195 8.695 -21
2208 16.195 8.695 -21
2209 21.195 8.695 -20
2210 21.195 8.695 -19
2211 21.195 8.695 -18
2212 21.195 8.695 -17
2213 -23.695 -3.515000000000003 -23.5
2214 -23.695 3.514999999999997 -23.5
2215 23.695 -3.515000000000003 -23.5
2216 23.695 3.514999999999997 -23.5
2217 -16.195 -8.695 -23.5
2218 -11.195 -8.695 -23.5
2219 -2.175000000000002 -8.695 -23.5
2220 2.174999999999999 -8.695 -23.5
2221 11.195 -8.695 -23.5
2222 16.195 -8.695 -23.5
2223 -16.195 8.695 -23.5
2224 -11.195 8.695 -23.5
2225 -2.175000000000002 8.695 -23.5
2226 2.174999999999999 8.695 -23.5
2227 11.195 8.695 -23.5
2228 16.195 8.695 -23.5
2229 -23.695 -8.695 -8
2230 -23.695 -8.695 -6
2231 -23.695 -8.695 -3.999999999999999
2232 -23.695 -8.695 -2
2233 -23.695 -8.695 -14.5
2234 -23.695 -8.695 -13
2235 -23.695 -8.695 -11.5
2236 -23.695 -8.695 -20
2237 -23.695 -8.695 -19
2238 -23.695 -8.695 -18
2239 -23.695 -8.695 -17
2240 -23.695 8.695 -8
2241 -23.695 8.695 -6
2242 -23.695 8.695 -3.999999999999999
2243 -23.695 8.695 -2
2244 -23.695 8.695 -14.5
2245 -23.695 8.695 -13
2246 -23.695 8.695 -11.5
2247 -23.695 8.695 -20
2248 -23.695 8.695 -19
2249 -23.695 8.695 -18
2250 -23.695 8.695 -17
2251 23.695 -8.695 -8
2252 23.695 -8.695 -6
2253 23.695 -8.695 -3.999999999999999
2254 23.695 -8.695 -2
2255 23.695 -8.695 -14.5
2256 23.695 -8.695 -13
2257 23.695 -8.695 -11.5
2258 23.695 -8.695 -20
2259 23.695 -8.695 -19
2260 23.695 -8.695 -18
2261 23.695 -8.695 -17
2262 23.695 8.695 -8
2263 23.695 8.695 -6
2264 23.695 8.695 -3.999999999999999
2265 23.695 8.695 -2
2266 23.695 8.695 -14.5
2267 23.695 8.695 -13
2268 23.695 8.695 -11.5
2269 23.695 8.695 -20
2270 23.695 8.695 -19
2271 23.695 8.695 -18
2272 23.695 8.695 -17
2273 -21.195 -3.515000000000003 -8
2274 -21.195 -3.515000000000003 -6
2275 -21.195 -3.515000000000003 -4.000000000000001
2276 -21.195 -3.515000000000004 -2
2277 -6.195 -3.515000000000003 -8
2278 -6.195 -3.515000000000003 -6
2279 -6.195 -3.515000000000003 -4.000000000000001
2280 -6.195 -3.515000000000004 -2
2281 -16.195 -6.195 -8
2282 -16.195 -6.195 -6
2283 -16.195 -6.195 -3.999999999999999
2284 -16.195 -6.195 -2
2285 -11.195 -6.195 -8
2286 -11.195 -6.195 -6
2287 -11.195 -6.195 -4
2288 -11.195 -6.195 -2
2289 -16.195 -0.835 -8
2290 -16.195 -0.835 -6
2291 -16.195 -0.835 -3.999999999999999
2292 -16.195 -0.835 -2
2293 -11.195 -0.835 -8
2294 -11.195 -0.835 -6
2295 -11.195 -0.835 -4
2296 -11.195 -0.835 -2
2297 -16.195 -3.515000000000002 -10
2298 -11.195 -3.515000000000003 -10
2299 -16.195 -3.515000000000002 0
2300 -11.195 -3.515000000000003 0
2301 -3.515 -3.515000000000003 -8
2302 -3.515 -3.515000000000003 -6
2303 -3.515 -3.515000000000003 -4.000000000000001
2304 -3.515 -3.515000000000004 -2
2305 -0.835 -3.515000000000003 -8
2306 -0.835 -3.515000000000003 -6
2307 -0.835 -3.515000000000003 -4.000000000000001
2308 -0.835 -3.515000000000004 -2
2309 -2.175000000000002 -6.195 -8
2310 -2.175000000000001 -6.195 -6
2311 -2.175000000000002 -6.195 -3.999999999999999
2312 -2.175000000000002 -6.195 -2
2313 -2.175000000000002 -0.835 -8
2314 -2.175000000000001 -0.835 -6
2315 -2.175000000000002 -0.835 -3.999999999999999
2316 -2.175000000000002 -0.835 -2
2317 -2.175000000000002 -3.515000000000002 -10
2318 -2.175000000000002 -3.515000000000002 0
2319 -0.335 -3.515000000000003 -8
2320 -0.335 -3.515000000000003 -6
2321 -0.335 -3.515000000000003 -4.000000000000001
2322 -0.335 -3.515000000000004 -2
2323 0 -3.515000000000002 -8
2324 0 -3.515000000000002 -6
2325 0 -3.515000000000002 -4
2326 0 -3.515000000000003 -2
2327 0.3350000000000001 -3.515000000000003 -8
2328 0.3350000000000001 -3.515000000000003 -6
2329 0.3350000000000001 -3.515000000000003 -4.000000000000001
2330 0.3350000000000001 -3.515000000000004 -2
2331 0.8350000000000001 -3.515000000000003 -8
2332 0.8350000000000001 -3.515000000000003 -6
2333 0.8350000000000001 -3.515000000000003 -4.000000000000001
2334 0.8350000000000001 -3.515000000000004 -2
2335 3.515000000000001 -3.515000000000003 -8
2336 3.515000000000001 -3.515000000000003 -6
2337 3.515000000000001 -3.515000000000003 -4.000000000000001
2338 3.515000000000001 -3.515000000000004 -2
2339 2.175 -6.195 -8
2340 2.174999999999999 -6.195 -6
2341 2.175 -6.195 -3.999999999999999
2342 2.175 -6.195 -2
2343 2.175 -0.835 -8
2344 2.174999999999999 -0.835 -6
2345 2.175 -0.835 -3.999999999999999
2346 2.175 -0.835 -2
2347 2.174999999999999 -3.515000000000003 -10
2348 2.174999999999999 -3.515000000000003 0
2349 6.195000000000001 -3.515000000000003 -8
2350 6.195000000000001 -3.515000000000003 -6
2351 6.195000000000001 -3.515000000000003 -4.000000000000001
2352 6.195000000000001 -3.515000000000004 -2
2353 21.195 -3.515000000000003 -8
2354 21.195 -3.515000000000003 -6
2355 21.195 -3.515000000000003 -4.000000000000001
2356 21.195 -3.515000000000004 -2
2357 11.195 -6.195 -8
2358 11.195 -6.195 -6
2359 11.195 -6.195 -3.999999999999999
2360 11.195 -6.195 -2
2361 16.195 -6.195 -8
2362 16.195 -6.195 -6
2363 16.195 -6.195 -4
2364 16.195 -6.195 -2
2365 11.195 -0.835 -8
2366 11.195 -0.835 -6
2367 11.195 -0.835 -3.999999999999999
2368 11.195 -0.835 -2
2369 16.195 -0.835 -8
2370 16.195 -0.835 -6
2371 16.195 -0.835 -4
2372 16.195 -0.835 -2
2373 11.195 -3.515000000000002 -10
2374 16.195 -3.515000000000003 -10
2375 11.195 -3.515000000000002 0
2376 16.195 -3.515000000000003 0
2377 -16.195 -0.335 -8
2378 -16.195 -0.335 -6
2379 -16.195 -0.335 -3.999999999999999
2380 -16.195 -0.335 -2
2381 -11.195 -0.335 -8
2382 -11.195 -0.335 -6
2383 -11.195 -0.335 -4
2384 -11.195 -0.335 -2
2385 -2.175000000000002 -0.335 -8
2386 -2.175000000000001 -0.335 -6
2387 -2.175000000000002 -0.335 -3.999999999999999
2388 -2.175000000000002 -0.335 -2
2389 2.175 -0.335 -8
2390 2.174999999999999 -0.335 -6
2391 2.175 -0.335 -3.999999999999999
2392 2.175 -0.335 -2
2393 11.195 -0.335 -8
2394 11.195 -0.335 -6
2395 11.195 -0.335 -3.999999999999999
2396 11.195 -0.335 -2
2397 16.195 -0.335 -8
2398 16.195 -0.335 -6
2399 16.195 -0.335 -4
2400 16.195 -0.335 -2
2401 -16.195 0 -8
2402 -16.195 0 -6
2403 -16.195 0 -4
2404 -16.195 0 -2
2405 -11.195 0 -8
2406 -11.195 0 -6
2407 -11.195 0 -3.999999999999999
2408 -11.195 0 -2
2409 -2.175000000000002 0 -8
2410 -2.175000000000001 0 -6
2411 -2.175000000000002 0 -3.999999999999999
2412 -2.175000000000002 0 -2
2413 2.174999999999999 0 -8
2414 2.174999999999999 0 -6
2415 2.174999999999999 0 -3.999999999999998
2416 2.174999999999999 0 -2
2417 11.195 0 -8
2418 11.195 0 -6
2419 11.195 0 -3.999999999999999
2420 11.195 0 -2
2421 16.195 0 -8
2422 16.195 0 -6
2423 16.195 0 -3.999999999999999
2424 16.195 0 -2
2425 -16.195 0.3350000000000001 -8
2426 -16.195 0.3350000000000001 -6
2427 -16.195 0.3350000000000001 -3.999999999999999
2428 -16.195 0.3350000000000001 -2
2429 -11.195 0.3350000000000001 -8
2430 -11.195 0.3350000000000001 -6
2431 -11.195 0.3350000000000001 -4
2432 -11.195 0.3350000000000001 -2
2433 -2.175000000000002 0.3350000000000001 -8
2434 -2.175000000000001 0.3350000000000001 -6
2435 -2.175000000000002 0.3350000000000001 -3.999999999999999
2436 -2.175000000000002 0.3350000000000001 -2
2437 2.175 0.3350000000000001 -8
2438 2.174999999999999 0.3350000000000001 -6
2439 2.175 0.3350000000000001 -3.999999999999999
2440 2.175 0.3350000000000001 -2
2441 11.195 0.3350000000000001 -8
2442 11.195 0.3350000000000001 -6
2443 11.195 0.3350000000000001 -3.999999999999999
2444 11.195 0.3350000000000001 -2
2445 16.195 0.3350000000000001 -8
2446 16.195 0.3350000000000001 -6
2447 16.195 0.3350000000000001 -4
2448 16.195 0.3350000000000001 -2
2449 -16.195 0.8350000000000001 -8
2450 -16.195 0.8350000000000001 -6
2451 -16.195 0.8350000000000001 -3.999999999999999
2452 -16.195 0.8350000000000001 -2
2453 -11.195 0.8350000000000001 -8
2454 -11.195 0.8350000000000001 -6
2455 -11.195 0.8350000000000001 -4
2456 -11.195 0.8350000000000001 -2
2457 -2.175000000000002 0.8350000000000001 -8
2458 -2.175000000000001 0.8350000000000001 -6
2459 -2.175000000000002 0.8350000000000001 -3.999999999999999
2460 -2.175000000000002 0.8350000000000001 -2
2461 2.175 0.8350000000000001 -8
2462 2.174999999999999 0.8350000000000001 -6
2463 2.175 0.8350000000000001 -3.999999999999999
2464 2.175 0.8350000000000001 -2
2465 11.195 0.8350000000000001 -8
2466 11.195 0.8350000000000001 -6
2467 11.195 0.8350000000000001 -3.999999999999999
2468 11.195 0.8350000000000001 -2
2469 16.195 0.8350000000000001 -8
2470 16.195 0.8350000000000001 -6
2471 16.195 0.8350000000000001 -4
2472 16.195 0.8350000000000001 -2
2473 -21.195 3.514999999999997 -8
2474 -21.195 3.514999999999997 -6
2475 -21.195 3.514999999999997 -4.000000000000001
2476 -21.195 3.514999999999996 -2
2477 -6.195 3.514999999999997 -8
2478 -6.195 3.514999999999997 -6
2479 -6.195 3.514999999999997 -4.000000000000001
2480 -6.195 3.514999999999996 -2
2481 -16.195 6.195 -8
2482 -16.195 6.195 -6
2483 -16.195 6.195 -3.999999999999999
2484 -16.195 6.195 -2
2485 -11.195 6.195 -8
2486 -11.195 6.195 -6
2487 -11.195 6.195 -4
2488 -11.195 6.195 -2
2489 -16.195 3.514999999999998 -10
2490 -11.195 3.514999999999997 -10
2491 -16.195 3.514999999999998 0
2492 -11.195 3.514999999999997 0
2493 -3.515 3.514999999999997 -8
2494 -3.515 3.514999999999997 -6
2495 -3.515 3.514999999999997 -4.000000000000001
2496 -3.515 3.514999999999996 -2
2497 -0.835 3.514999999999997 -8
2498 -0.835 3.514999999999997 -6
2499 -0.835 3.514999999999997 -4.000000000000001
2500 -0.835 3.514999999999996 -2
2501 -2.175000000000002 6.195 -8
2502 -2.175000000000001 6.195 -6
2503 -2.175000000000002 6.195 -3.999999999999999
2504 -2.175000000000002 6.195 -2
2505 -2.175000000000002 3.514999999999998 -10
2506 -2.175000000000002 3.514999999999998 0
2507 -0.335 3.514999999999997 -8
2508 -0.335 3.514999999999997 -6
2509 -0.335 3.514999999999997 -4.000000000000001
2510 -0.335 3.514999999999996 -2
2511 0 3.514999999999997 -8
2512 0 3.514999999999997 -6
2513 0 3.514999999999997 -4.000000000000001
2514 0 3.514999999999996 -2
2515 0.3350000000000001 3.514999999999997 -8
2516 0.3350000000000001 3.514999999999997 -6
2517 0.3350000000000001 3.514999999999997 -4.000000000000001
2518 0.3350000000000001 3.514999999999996 -2
2519 0.8350000000000001 3.514999999999997 -8
2520 0.8350000000000001 3.514999999999997 -6
2521 0.8350000000000001 3.514999999999997 -4.000000000000001
2522 0.8350000000000001 3.514999999999996 -2
2523 3.515000000000001 3.514999999999997 -8
2524 3.515000000000001 3.514999999999997 -6
2525 3.515000000000001 3.514999999999997 -4.000000000000001
2526 3.515000000000001 3.514999999999996 -2
2527 2.175 6.195 -8
2528 2.174999999999999 6.195 -6
2529 2.175 6.195 -3.999999999999999
2530 2.175 6.195 -2
2531 2.174999999999999 3.514999999999997 -10
2532 2.174999999999999 3.514999999999997 0
2533 6.195000000000001 3.514999999999997 -8
2534 6.195000000000001 3.514999999999997 -6
2535 6.195000000000001 3.514999999999997 -4.000000000000001
2536 6.195000000000001 3.514999999999996 -2
2537 21.195 3.514999999999997 -8
2538 21.195 3.514999999999997 -6
2539 21.195 3.514999999999997 -4.000000000000001
2540 21.195 3.514999999999996 -2
2541 11.195 6.195 -8
2542 11.195 6.195 -6
2543 11.195 6.195 -3.999999999999999
2544 11.195 6.195 -2
2545 16.195 6.195 -8
2546 16.195 6.195 -6
2547 16.195 6.195 -4
2548 16.195 6.195 -2
2549 11.195 3.514999999999998 -10
2550 16.195 3.514999999999997 -10
2551 11.195 3.514999999999998 0
2552 16.195 3.514999999999997 0
2553 -21.195 -3.515000000000003 -14.5
2554 -21.195 -3.515000000000003 -13
2555 -21.195 -3.515000000000003 -11.5
2556 -6.195 -3.515000000000003 -14.5
2557 -6.195 -3.515000000000003 -13
2558 -6.195 -3.515000000000003 -11.5
2559 -16.195 -6.195 -14.5
2560 -16.195 -6.195 -13
2561 -16.195 -6.195 -11.5
2562 -11.195 -6.195 -14.5
2563 -11.195 -6.195 -13
2564 -11.195 -6.195 -11.5
2565 -16.195 -0.835 -14.5
2566 -16.195 -0.835 -13
2567 -16.195 -0.835 -11.5
2568 -11.195 -0.835 -14.5
2569 -11.195 -0.835 -13
2570 -11.195 -0.835 -11.5
2571 -16.195 -3.515000000000002 -16
2572 -11.195 -3.515000000000003 -16
2573 -3.515 -3.515000000000003 -14.5
2574 -3.515 -3.515000000000003 -13
2575 -3.515 -3.515000000000003 -11.5
2576 -0.835 -3.515000000000003 -14.5
2577 -0.835 -3.515000000000003 -13
2578 -0.835 -3.515000000000003 -11.5
2579 -2.175000000000002 -6.195 -14.5
2580 -2.175000000000001 -6.195 -13
2581 -2.175000000000002 -6.195 -11.5
2582 -2.175000000000002 -0.835 -14.5
2583 -2.175000000000001 -0.835 -13
2584 -2.175000000000002 -0.835 -11.5
2585 -2.175000000000002 -3.515000000000002 -16
2586 -0.335 -3.515000000000003 -14.5
2587 -0.335 -3.515000000000003 -13
2588 -0.335 -3.515000000000003 -11.5
2589 0 -3.515000000000002 -14.5
2590 0 -3.515000000000002 -13
2591 0 -3.515000000000002 -11.5
2592 0.3350000000000001 -3.515000000000003 -14.5
2593 0.3350000000000001 -3.515000000000003 -13
2594 0.3350000000000001 -3.515000000000003 -11.5
2595 0.8350000000000001 -3.515000000000003 -14.5
2596 0.8350000000000001 -3.515000000000003 -13
2597 0.8350000000000001 -3.515000000000003 -11.5
2598 3.515000000000001 -3.515000000000003 -14.5
2599 3.515000000000001 -3.515000000000003 -13
2600 3.515000000000001 -3.515000000000003 -11.5
2601 2.175 -6.195 -14.5
2602 2.174999999999999 -6.195 -13
2603 2.174999999999999 -6.195 -11.5
2604 2.175 -0.835 -14.5
2605 2.174999999999999 -0.835 -13
2606 2.175 -0.835 -11.5
2607 2.174999999999999 -3.515000000000003 -16
2608 6.195000000000001 -3.515000000000003 -14.5
2609 6.195000000000001 -3.515000000000003 -13
2610 6.195000000000001 -3.515000000000003 -11.5
2611 21.195 -3.515000000000003 -14.5
2612 21.195 -3.515000000000003 -13
2613 21.195 -3.515000000000003 -11.5
2614 11.195 -6.195 -14.5
2615 11.195 -6.195 -13
2616 11.195 -6.195 -11.5
2617 16.195 -6.195 -14.5
2618 16.195 -6.195 -13
2619 16.195 -6.195 -11.5
2620 11.195 -0.835 -14.5
2621 11.195 -0.835 -13
2622 11.195 -0.835 -11.5
2623 16.195 -0.835 -14.5
2624 16.195 -0.835 -13
2625 16.195 -0.835 -11.5
2626 11.195 -3.515000000000002 -16
2627 16.195 -3.515000000000003 -16
2628 -16.195 -0.335 -14.5
2629 -16.195 -0.335 -13
2630 -16.195 -0.335 -11.5
2631 -11.195 -0.335 -14.5
2632 -11.195 -0.335 -13
2633 -11.195 -0.335 -11.5
2634 -2.175000000000002 -0.335 -14.5
2635 -2.175000000000001 -0.335 -13
2636 -2.175000000000002 -0.335 -11.5
2637 2.175 -0.335 -14.5
2638 2.174999999999999 -0.335 -13
2639 2.175 -0.335 -11.5
2640 11.195 -0.335 -14.5
2641 11.195 -0.335 -13
2642 11.195 -0.335 -11.5
2643 16.195 -0.335 -14.5
2644 16.195 -0.335 -13
2645 16.195 -0.335 -11.5
2646 -16.195 0 -14.5
2647 -16.195 0 -13
2648 -16.195 0 -11.5
2649 -11.195 0 -14.5
2650 -11.195 0 -13
2651 -11.195 0 -11.5
2652 -2.175000000000002 0 -14.5
2653 -2.175000000000002 0 -13
2654 -2.175000000000002 0 -11.5
2655 2.175 0 -14.5
2656 2.174999999999999 0 -13
2657 2.174999999999999 0 -11.5
2658 11.195 0 -14.5
2659 11.195 0 -13
2660 11.195 0 -11.5
2661 16.195 0 -14.5
2662 16.195 0 -13
2663 16.195 0 -11.5
2664 -16.195 0.3350000000000001 -14.5
2665 -16.195 0.3350000000000001 -13
2666 -16.195 0.3350000000000001 -11.5
2667 -11.195 0.3350000000000001 -14.5
2668 -11.195 0.3350000000000001 -13
2669 -11.195 0.3350000000000001 -11.5
2670 -2.175000000000002 0.3350000000000001 -14.5
2671 -2.175000000000001 0.3350000000000001 -13
2672 -2.175000000000002 0.3350000000000001 -11.5
2673 2.175 0.3350000000000001 -14.5
2674 2.174999999999999 0.3350000000000001 -13
2675 2.175 0.3350000000000001 -11.5
2676 11.195 0.3350000000000001 -14.5
2677 11.195 0.3350000000000001 -13
2678 11.195 0.3350000000000001 -11.5
2679 16.195 0.3350000000000001 -14.5
2680 16.195 0.3350000000000001 -13
2681 16.195 0.3350000000000001 -11.5
2682 -16.195 0.8350000000000001 -14.5
2683 -16.195 0.8350000000000001 -13
2684 -16.195 0.8350000000000001 -11.5
2685 -11.195 0.8350000000000001 -14.5
2686 -11.195 0.8350000000000001 -13
2687 -11.195 0.8350000000000001 -11.5
2688 -2.175000000000002 0.8350000000000001 -14.5
2689 -2.175000000000001 0.8350000000000001 -13
2690 -2.175000000000002 0.8350000000000001 -11.5
2691 2.175 0.8350000000000001 -14.5
2692 2.174999999999999 0.8350000000000001 -13
2693 2.175 0.8350000000000001 -11.5
2694 11.195 0.8350000000000001 -14.5
2695 11.195 0.8350000000000001 -13
2696 11.195 0.8350000000000001 -11.5
2697 16.195 0.8350000000000001 -14.5
2698 16.195 0.8350000000000001 -13
2699 16.195 0.8350000000000001 -11.5
2700 -21.195 3.514999999999997 -14.5
2701 -21.195 3.514999999999997 -13
2702 -21.195 3.514999999999997 -11.5
2703 -6.195 3.514999999999997 -14.5
2704 -6.195 3.514999999999997 -13
2705 -6.195 3.514999999999997 -11.5
2706 -16.195 6.195 -14.5
2707 -16.195 6.195 -13
2708 -16.195 6.195 -11.5
2709 -11.195 6.195 -14.5
2710 -11.195 6.195 -13
2711 -11.195 6.195 -11.5
2712 -16.195 3.514999999999998 -16
2713 -11.195 3.514999999999997 -16
2714 -3.515 3.514999999999997 -14.5
2715 -3.515 3.514999999999997 -13
2716 -3.515 3.514999999999997 -11.5
2717 -0.835 3.514999999999997 -14.5
2718 -0.835 3.514999999999997 -13
2719 -0.835 3.514999999999997 -11.5
2720 -2.175000000000002 6.195 -14.5
2721 -2.175000000000001 6.195 -13
2722 -2.175000000000002 6.195 -11.5
2723 -2.175000000000002 3.514999999999998 -16
2724 -0.335 3.514999999999997 -14.5
2725 -0.335 3.514999999999997 -13
2726 -0.335 3.514999999999997 -11.5
2727 0 3.514999999999997 -14.5
2728 0 3.514999999999997 -13
2729 0 3.514999999999997 -11.5
2730 0.3350000000000001 3.514999999999997 -14.5
2731 0.3350000000000001 3.514999999999997 -13
2732 0.3350000000000001 3.514999999999997 -11.5
2733 0.8350000000000001 3.514999999999997 -14.5
2734 0.8350000000000001 3.514999999999997 -13
2735 0.8350000000000001 3.514999999999997 -11.5
2736 3.515000000000001 3.514999999999997 -14.5
2737 3.515000000000001 3.514999999999997 -13
2738 3.515000000000001 3.514999999999997 -11.5
2739 2.175 6.195 -14.5
2740 2.174999999999999 6.195 -13
2741 2.174999999999999 6.195 -11.5
2742 2.174999999999999 3.514999999999997 -16
2743 6.195000000000001 3.514999999999997 -14.5
2744 6.195000000000001 3.514999999999997 -13
2745 6.195000000000001 3.514999999999997 -11.5
2746 21.195 3.514999999999997 -14.5
2747 21.195 3.514999999999997 -13
2748 21.195 3.514999999999997 -11.5
2749 11.195 6.195 -14.5
2750 11.195 6.195 -13
2751 11.195 6.195 -11.5
2752 16.195 6.195 -14.5
2753 16.195 6.195 -13
2754 16.195 6.195 -11.5
2755 11.195 3.514999999999998 -16
2756 16.195 3.514999999999997 -16
2757 -21.195 -3.515000000000003 -20
2758 -21.195 -3.515000000000003 -19
2759 -21.195 -3.515000000000003 -18
2760 -21.195 -3.515000000000004 -17
2761 -6.195 -3.515000000000003 -20
2762 -6.195 -3.515000000000003 -19
2763 -6.195 -3.515000000000003 -18
2764 -6.195 -3.515000000000004 -17
2765 -16.195 -6.195 -20
2766 -16.195 -6.195 -19
2767 -16.195 -6.195 -18
2768 -16.195 -6.195 -17
2769 -11.195 -6.195 -20
2770 -11.195 -6.195 -19
2771 -11.195 -6.195 -18
2772 -11.195 -6.195 -17
2773 -16.195 -0.835 -20
2774 -16.195 -0.835 -19
2775 -16.195 -0.835 -18
2776 -16.195 -0.835 -17
2777 -11.195 -0.835 -20
2778 -11.195 -0.835 -19
2779 -11.195 -0.835 -18
2780 -11.195 -0.835 -17
2781 -16.195 -3.515000000000002 -21
2782 -11.195 -3.515000000000003 -21
2783 -3.515 -3.515000000000003 -20
2784 -3.515 -3.515000000000003 -19
2785 -3.515 -3.515000000000003 -18
2786 -3.515 -3.515000000000004 -17
2787 -0.835 -3.515000000000003 -20
2788 -0.835 -3.515000000000003 -19
2789 -0.835 -3.515000000000003 -18
2790 -0.835 -3.515000000000004 -17
2791 -2.175000000000002 -6.195 -20
2792 -2.175000000000001 -6.195 -19
2793 -2.175000000000001 -6.195 -18
2794 -2.175000000000002 -6.195 -17
2795 -2.175000000000002 -0.835 -20
2796 -2.175000000000001 -0.835 -19
2797 -2.175000000000001 -0.835 -18
2798 -2.175000000000002 -0.835 -17
2799 -2.175000000000002 -3.515000000000002 -21
2800 -0.335 -3.515000000000003 -20
2801 -0.335 -3.515000000000003 -19
2802 -0.335 -3.515000000000003 -18
2803 -0.335 -3.515000000000004 -17
2804 0 -3.515000000000002 -20
2805 0 -3.515000000000002 -19
2806 0 -3.515000000000002 -18
2807 0 -3.515000000000003 -17
2808 0.3350000000000001 -3.515000000000003 -20
2809 0.3350000000000001 -3.515000000000003 -19
2810 0.3350000000000001 -3.515000000000003 -18
2811 0.3350000000000001 -3.515000000000004 -17
2812 0.8350000000000001 -3.515000000000003 -20
2813 0.8350000000000001 -3.515000000000003 -19
2814 0.8350000000000001 -3.515000000000003 -18
2815 0.8350000000000001 -3.515000000000004 -17
2816 3.515000000000001 -3.515000000000003 -20
2817 3.515000000000001 -3.515000000000003 -19
2818 3.515000000000001 -3.515000000000003 -18
2819 3.515000000000001 -3.515000000000004 -17
2820 2.175 -6.195 -20
2821 2.174999999999999 -6.195 -19
2822 2.174999999999999 -6.195 -18
2823 2.175 -6.195 -17
2824 2.175 -0.835 -20
2825 2.174999999999999 -0.835 -19
2826 2.174999999999999 -0.835 -18
2827 2.175 -0.835 -17
2828 2.174999999999999 -3.515000000000003 -21
2829 6.195000000000001 -3.515000000000003 -20
2830 6.195000000000001 -3.515000000000003 -19
2831 6.195000000000001 -3.515000000000003 -18
2832 6.195000000000001 -3.515000000000004 -17
2833 21.195 -3.515000000000003 -20
2834 21.195 -3.515000000000003 -19
2835 21.195 -3.515000000000003 -18
2836 21.195 -3.515000000000004 -17
2837 11.195 -6.195 -20
2838 11.195 -6.195 -19
2839 11.195 -6.195 -18
2840 11.195 -6.195 -17
2841 16.195 -6.195 -20
2842 16.195 -6.195 -19
2843 16.195 -6.195 -18
2844 16.195 -6.195 -17
2845 11.195 -0.835 -20
2846 11.195 -0.835 -19
2847 11.195 -0.835 -18
2848 11.195 -0.835 -17
2849 16.195 -0.835 -20
2850 16.195 -0.835 -19
2851 16.195 -0.835 -18
2852 16.195 -0.835 -17
2853 11.195 -3.515000000000002 -21
2854 16.195 -3.515000000000003 -21
2855 -16.195 -0.335 -20
2856 -16.195 -0.335 -19
2857 -16.195 -0.335 -18
2858 -16.195 -0.335 -17
2859 -11.195 -0.335 -20
2860 -11.195 -0.335 -19
2861 -11.195 -0.335 -18
2862 -11.195 -0.335 -17
2863 -2.175000000000002 -0.335 -20
2864 -2.175000000000001 -0.335 -19
2865 -2.175000000000001 -0.335 -18
2866 -2.175000000000002 -0.335 -17
2867 2.175 -0.335 -20
2868 2.174999999999999 -0.335 -19
2869 2.174999999999999 -0.335 -18
2870 2.175 -0.335 -17
2871 11.195 -0.335 -20
2872 11.195 -0.335 -19
2873 11.195 -0.335 -18
2874 11.195 -0.335 -17
2875 16.195 -0.335 -20
2876 16.195 -0.335 -19
2877 16.195 -0.335 -18
2878 16.195 -0.335 -17
2879 -16.195 0 -20
2880 -16.195 0 -19
2881 -16.195 0 -18
2882 -16.195 0 -17
2883 -11.195 0 -20
2884 -11.195 0 -19
2885 -11.195 0 -18
2886 -11.195 0 -17
2887 -2.175000000000002 0 -20
2888 -2.175000000000001 0 -19
2889 -2.175000000000001 0 -18
2890 -2.175000000000002 0 -17
2891 2.174999999999999 0 -20
2892 2.174999999999999 0 -19
2893 2.174999999999999 0 -18
2894 2.174999999999999 0 -17
2895 11.195 0 -20
2896 11.195 0 -19
2897 11.195 0 -18
2898 11.195 0 -17
2899 16.195 0 -20
2900 16.195 0 -19
2901 16.195 0 -18
2902 16.195 0 -17
2903 -16.195 0.3350000000000001 -20
2904 -16.195 0.3350000000000001 -19
2905 -16.195 0.3350000000000001 -18
2906 -16.195 0.3350000000000001 -17
2907 -11.195 0.3350000000000001 -20
2908 -11.195 0.3350000000000001 -19
2909 -11.195 0.3350000000000001 -18
2910 -11.195 0.3350000000000001 -17
2911 -2.175000000000002 0.3350000000000001 -20
2912 -2.175000000000001 0.3350000000000001 -19
2913 -2.175000000000001 0.3350000000000001 -18
2914 -2.175000000000002 0.3350000000000001 -17
2915 2.175 0.3350000000000001 -20
2916 2.174999999999999 0.3350000000000001 -19
2917 2.174999999999999 0.3350000000000001 -18
2918 2.175 0.3350000000000001 -17
2919 11.195 0.3350000000000001 -20
2920 11.195 0.3350000000000001 -19
2921 11.195 0.3350000000000001 -18
2922 11.195 0.3350000000000001 -17
2923 16.195 0.3350000000000001 -20
2924 16.195 0.3350000000000001 -19
2925 16.195 0.3350000000000001 -18
2926 16.195 0.3350000000000001 -17
2927 -16.195 0.8350000000000001 -20
2928 -16.195 0.8350000000000001 -19
2929 -16.195 0.8350000000000001 -18
2930 -16.195 0.8350000000000001 -17
2931 -11.195 0.8350000000000001 -20
2932 -11.195 0.8350000000000001 -19
2933 -11.195 0.8350000000000001 -18
2934 -11.195 0.8350000000000001 -17
2935 -2.175000000000002 0.8350000000000001 -20
2936 -2.175000000000001 0.8350000000000001 -19
2937 -2.175000000000001 0.8350000000000001 -18
2938 -2.175000000000002 0.8350000000000001 -17
2939 2.175 0.8350000000000001 -20
2940 2.174999999999999 0.8350000000000001 -19
2941 2.174999999999999 0.8350000000000001 -18
2942 2.175 0.8350000000000001 -17
2943 11.195 0.8350000000000001 -20
2944 11.195 0.8350000000000001 -19
2945 11.195 0.8350000000000001 -18
2946 11.195 0.8350000000000001 -17
2947 16.195 0.8350000000000001 -20
2948 16.195 0.8350000000000001 -19
2949 16.195 0.8350000000000001 -18
2950 16.195 0.8350000000000001 -17
2951 -21.195 3.514999999999997 -20
2952 -21.195 3.514999999999997 -19
2953 -21.195 3.514999999999997 -18
2954 -21.195 3.514999999999996 -17
2955 -6.195 3.514999999999997 -20
2956 -6.195 3.514999999999997 -19
2957 -6.195 3.514999999999997 -18
2958 -6.195 3.514999999999996 -17
2959 -16.195 6.195 -20
2960 -16.195 6.195 -19
2961 -16.195 6.195 -18
2962 -16.195 6.195 -17
2963 -11.195 6.195 -20
2964 -11.195 6.195 -19
2965 -11.195 6.195 -18
2966 -11.195 6.195 -17
2967 -16.195 3.514999999999998 -21
2968 -11.195 3.514999999999997 -21
2969 -3.515 3.514999999999997 -20
2970 -3.515 3.514999999999997 -19
2971 -3.515 3.514999999999997 -18
2972 -3.515 3.514999999999996 -17
2973 -0.835 3.514999999999997 -20
2974 -0.835 3.514999999999997 -19
2975 -0.835 3.514999999999997 -18
2976 -0.835 3.514999999999996 -17
2977 -2.175000000000002 6.195 -20
2978 -2.175000000000001 6.195 -19
2979 -2.175000000000001 6.195 -18
2980 -2.175000000000002 6.195 -17
2981 -2.175000000000002 3.514999999999998 -21
2982 -0.335 3.514999999999997 -20
2983 -0.335 3.514999999999997 -19
2984 -0.335 3.514999999999997 -18
2985 -0.335 3.514999999999996 -17
2986 0 3.514999999999997 -20
2987 0 3.514999999999997 -19
2988 0 3.514999999999997 -18
2989 0 3.514999999999996 -17
2990 0.3350000000000001 3.514999999999997 -20
2991 0.3350000000000001 3.514999999999997 -19
2992 0.3350000000000001 3.514999999999997 -18
2993 0.3350000000000001 3.514999999999996 -17
2994 0.8350000000000001 3.514999999999997 -20
2995 0.8350000000000001 3.514999999999997 -19
2996 0.8350000000000001 3.514999999999997 -18
2997 0.8350000000000001 3.514999999999996 -17
2998 3.515000000000001 3.514999999999997 -20
2999 3.515000000000001 3.514999999999997 -19
3000 3.515000000000001 3.514999999999997 -18
3001 3.515000000000001 3.514999999999996 -17
3002 2.175 6.195 -20
3003 2.174999999999999 6.195 -19
3004 2.174999999999999 6.195 -18
3005 2.175 6.195 -17
3006 2.174999999999999 3.514999999999997 -21
3007 6.195000000000001 3.514999999999997 -20
3008 6.195000000000001 3.514999999999997 -19
3009 6.195000000000001 3.514999999999997 -18
3010 6.195000000000001 3.514999999999996 -17
3011 21.195 3.514999999999997 -20
3012 21.195 3.514999999999997 -19
3013 21.195 3.514999999999997 -18
3014 21.195 3.514999999999996 -17
3015 11.195 6.195 -20
3016 11.195 6.195 -19
3017 11.195 6.195 -18
3018 11.195 6.195 -17
3019 16.195 6.195 -20
3020 16.195 6.195 -19
3021 16.195 6.195 -18
3022 16.195 6.195 -17
3023 11.195 3.514999999999998 -21
3024 16.195 3.514999999999997 -21
3025 -16.195 -3.515000000000002 -23.5
3026 -11.195 -3.515000000000003 -23.5
3027 -2.175000000000002 -3.515000000000002 -23.5
3028 2.174999999999999 -3.515000000000003 -23.5
3029 11.195 -3.515000000000002 -23.5
3030 16.195 -3.515000000000003 -23.5
3031 -16.195 3.514999999999998 -23.5
3032 -11.195 3.514999999999997 -23.5
3033 -2.175000000000002 3.514999999999998 -23.5
3034 2.174999999999999 3.514999999999997 -23.5
3035 11.195 3.514999999999998 -23.5
3036 16.195 3.514999999999997 -23.5
3037 -23.695 -3.515000000000003 -8
3038 -23.695 -3.515000000000003 -6
3039 -23.695 -3.515000000000003 -4.000000000000001
3040 -23.695 -3.515000000000004 -2
3041 -23.695 3.514999999999997 -8
3042 -23.695 3.514999999999997 -6
3043 -23.695 3.514999999999997 -4.000000000000001
3044 -23.695 3.514999999999996 -2
3045 -23.695 -3.515000000000003 -14.5
3046 -23.695 -3.515000000000003 -13
3047 -23.695 -3.515000000000003 -11.5
3048 -23.695 3.514999999999997 -14.5
3049 -23.695 3.514999999999997 -13
3050 -23.695 3.514999999999997 -11.5
3051 23.695 -3.515000000000003 -8
3052 23.695 -3.515000000000003 -6
3053 23.695 -3.515000000000003 -4.000000000000001
3054 23.695 -3.515000000000004 -2
3055 23.695 3.514999999999997 -8
3056 23.695 3.514999999999997 -6
3057 23.695 3.514999999999997 -4.000000000000001
3058 23.695 3.514999999999996 -2
3059 23.695 -3.515000000000003 -14.5
3060 23.695 -3.515000000000003 -13
3061 23.695 -3.515000000000003 -11.5
3062 23.695 3.514999999999997 -14.5
3063 23.695 3.514999999999997 -13
3064 23.695 3.514999999999997 -11.5
3065 -2.175000000000002 -8.695 -8
3066 -2.175000000000001 -8.695 -6
3067 -2.175000000000002 -8.695 -3.999999999999999
3068 -2.175000000000002 -8.695 -2
3069 2.175 -8.695 -8
3070 2.174999999999999 -8.695 -6
3071 2.175 -8.695 -3.999999999999999
3072 2.175 -8.695 -2
3073 -2.175000000000002 -8.695 -14.5
3074 -2.175000000000001 -8.695 -13
3075 -2.175000000000002 -8.695 -11.5
3076 2.175 -8.695 -14.5
3077 2.174999999999999 -8.695 -13
3078 2.174999999999999 -8.695 -11.5
3079 -2.175000000000002 8.695 -8
3080 -2.175000000000001 8.695 -6
3081 -2.175000000000002 8.695 -3.999999999999999
3082 -2.175000000000002 8.695 -2
3083 2.175 8.695 -8
3084 2.174999999999999 8.695 -6
3085 2.175 8.695 -3.999999999999999
3086 2.175 8.695 -2
3087 -2.175000000000002 8.695 -14.5
3088 -2.175000000000001 8.695 -13
3089 -2.175000000000002 8.695 -11.5
3090 2.175 8.695 -14.5
3091 2.174999999999999 8.695 -13
3092 2.174999999999999 8.695 -11.5
3093 -23.695 -3.515000000000003 -20
3094 -23.695 -3.515000000000003 -19
3095 -23.695 -3.515000000000003 -18
3096 -23.695 -3.515000000000004 -17
3097 -23.695 3.514999999999997 -20
3098 -23.695 3.514999999999997 -19
3099 -23.695 3.514999999999997 -18
3100 -23.695 3.514999999999996 -17
3101 23.695 -3.515000000000003 -20
3102 23.695 -3.515000000000003 -19
3103 23.695 -3.515000000000003 -18
3104 23.695 -3.515000000000004 -17
3105 23.695 3.514999999999997 -20
3106 23.695 3.514999999999997 -19
3107 23.695 3.514999999999997 -18
3108 23.695 3.514999999999996 -17
3109 -16.195 -8.695 -8
3110 -16.195 -8.695 -6
3111 -16.195 -8.695 -3.999999999999999
3112 -16.195 -8.695 -2
3113 -11.195 -8.695 -8
3114 -11.195 -8.695 -6
3115 -11.195 -8.695 -4
3116 -11.195 -8.695 -2
3117 11.195 -8.695 -8
3118 11.195 -8.695 -6
3119 11.195 -8.695 -3.999999999999999
3120 11.195 -8.695 -2
3121 16.195 -8.695 -8
3122 16.195 -8.695 -6
3123 16.195 -8.695 -4
3124 16.195 -8.695 -2
3125 -16.195 -8.695 -14.5
3126 -16.195 -8.695 -13
3127 -16.195 -8.695 -11.5
3128 -11.195 -8.695 -14.5
3129 -11.195 -8.695 -13
3130 -11.195 -8.695 -11.5
3131 11.195 -8.695 -14.5
3132 11.195 -8.695 -13
3133 11.195 -8.695 -11.5
3134 16.195 -8.695 -14.5
3135 16.195 -8.695 -13
3136 16.195 -8.695 -11.5
3137 -16.195 -8.695 -20
3138 -16.195 -8.695 -19
3139 -16.195 -8.695 -18
3140 -16.195 -8.695 -17
3141 -11.195 -8.695 -20
3142 -11.195 -8.695 -19
3143 -11.195 -8.695 -18
3144 -11.195 -8.695 -17
3145 -2.175000000000002 -8.695 -20
3146 -2.175000000000001 -8.695 -19
3147 -2.175000000000001 -8.695 -18
3148 -2.175000000000002 -8.695 -17
3149 2.175 -8.695 -20
3150 2.174999999999999 -8.695 -19
3151 2.174999999999999 -8.695 -18
3152 2.175 -8.695 -17
3153 11.195 -8.695 -20
3154 11.195 -8.695 -19
3155 11.195 -8.695 -18
3156 11.195 -8.695 -17
3157 16.195 -8.695 -20
3158 16.195 -8.695 -19
3159 16.195 -8.695 -18
3160 16.195 -8.695 -17
3161 -16.195 8.695 -8
3162 -16.195 8.695 -6
3163 -16.195 8.695 -3.999999999999999
3164 -16.195 8.695 -2
3165 -11.195 8.695 -8
3166 -11.195 8.695 -6
3167 -11.195 8.695 -4
3168 -11.195 8.695 -2
3169 11.195 8.695 -8
3170 11.195 8.695 -6
3171 11.195 8.695 -3.999999999999999
3172 11.195 8.695 -2
3173 16.195 8.695 -8
3174 16.195 8.695 -6
3175 16.195 8.695 -4
3176 16.195 8.695 -2
3177 -16.195 8.695 -14.5
3178 -16.195 8.695 -13
3179 -16.195 8.695 -11.5
3180 -11.195 8.695 -14.5
3181 -11.195 8.695 -13
3182 -11.195 8.695 -11.5
3183 11.195 8.695 -14.5
3184 11.195 8.695 -13
3185 11.195 8.695 -11.5
3186 16.195 8.695 -14.5
3187 16.195 8.695 -13
3188 16.195 8.695 -11.5
3189 -16.195 8.695 -20
3190 -16.195 8.695 -19
3191 -16.195 8.695 -18
3192 -16.195 8.695 -17
3193 -11.195 8.695 -20
3194 -11.195 8.695 -19
3195 -11.195 8.695 -18
3196 -11.195 8.695 -17
3197 -2.175000000000002 8.695 -20
3198 -2.175000000000001 8.695 -19
3199 -2.175000000000001 8.695 -18
3200 -2.175000000000002 8.695 -17
3201 2.175 8.695 -20
3202 2.174999999999999 8.695 -19
3203 2.174999999999999 8.695 -18
3204 2.175 8.695 -17
3205 11.195 8.695 -20
3206 11.195 8.695 -19
3207 11.195 8.695 -18
3208 11.195 8.695 -17
3209 16.195 8.695 -20
3210 16.195 8.695 -19
3211 16.195 8.695 -18
3212 16.195 8.695 -17
3213 -16.195 -3.515000000000003 -8.000000000000004
3214 -11.195 -3.515000000000004 -8
3215 -16.195 -3.515000000000004 -6
3216 -11.195 -3.515000000000004 -6
3217 -16.195 -3.515000000000001 -4
3218 -11.195 -3.515000000000003 -4
3219 -16.195 -3.515000000000005 -2
3220 -11.195 -3.515000000000004 -1.999999999999999
3221 -2.175000000000002 -3.515000000000004 -8
3222 -2.175000000000001 -3.515000000000004 -6
3223 -2.175000000000002 -3.515000000000004 -4
3224 -2.175000000000002 -3.515000000000004 -2
3225 2.175 -3.515000000000005 -8
3226 2.174999999999998 -3.515000000000005 -6
3227 2.175 -3.515000000000005 -4.000000000000001
3228 2.175 -3.515000000000004 -2
3229 11.195 -3.515000000000003 -8.000000000000004
3230 16.19499999999999 -3.515000000000004 -8
3231 11.195 -3.515000000000004 -6
3232 16.19499999999999 -3.515000000000004 -6
3233 11.195 -3.515000000000001 -4
3234 16.19499999999999 -3.515000000000003 -4
3235 11.195 -3.515000000000005 -2
3236 16.19499999999999 -3.515000000000004 -1.999999999999999
3237 -16.195 3.514999999999997 -8.000000000000004
3238 -11.195 3.514999999999996 -8
3239 -16.195 3.514999999999997 -6
3240 -11.195 3.514999999999996 -6
3241 -16.195 3.514999999999997 -4
3242 -11.195 3.514999999999999 -4
3243 -16.195 3.514999999999997 -2
3244 -11.195 3.514999999999996 -1.999999999999999
3245 -2.175000000000002 3.514999999999998 -8
3246 -2.175000000000001 3.514999999999998 -6
3247 -2.175000000000002 3.514999999999998 -4
3248 -2.175000000000002 3.514999999999998 -2
3249 2.175000000000001 3.514999999999995 -8
3250 2.174999999999999 3.514999999999995 -6
3251 2.175000000000001 3.514999999999995 -4
3252 2.175000000000001 3.514999999999995 -2
3253 11.195 3.514999999999997 -8.000000000000004
3254 16.19499999999999 3.514999999999996 -8
3255 11.195 3.514999999999997 -6
3256 16.19499999999999 3.514999999999996 -6
3257 11.195 3.514999999999997 -4
3258 16.19499999999999 3.514999999999999 -4
3259 11.195 3.514999999999997 -2
3260 16.19499999999999 3.514999999999996 -1.999999999999999
3261 -16.195 -3.515000000000001 -14.50000000000001
3262 -11.195 -3.515000000000003 -14.5
3263 -16.195 -3.515000000000001 -13.00000000000001
3264 -11.195 -3.515000000000003 -13
3265 -16.195 -3.515000000000002 -11.5
3266 -11.195 -3.515000000000003 -11.5
3267 -2.175000000000002 -3.515000000000002 -14.5
3268 -2.175 -3.515000000000004 -13
3269 -2.175000000000002 -3.515000000000004 -11.5
3270 2.175 -3.515000000000003 -14.5
3271 2.175 -3.515000000000003 -13
3272 2.175 -3.515000000000004 -11.5
3273 11.195 -3.515000000000001 -14.50000000000001
3274 16.19499999999999 -3.515000000000003 -14.5
3275 11.195 -3.515000000000001 -13.00000000000001
3276 16.19499999999999 -3.515000000000003 -13
3277 11.195 -3.515000000000002 -11.5
3278 16.19499999999999 -3.515000000000003 -11.5
3279 -16.195 3.514999999999998 -14.50000000000001
3280 -11.195 3.514999999999999 -14.5
3281 -16.195 3.514999999999998 -13.00000000000001
3282 -11.195 3.514999999999998 -13
3283 -16.195 3.514999999999998 -11.5
3284 -11.195 3.514999999999998 -11.5
3285 -2.175000000000002 3.514999999999999 -14.5
3286 -2.175 3.514999999999998 -13
3287 -2.175000000000002 3.514999999999998 -11.5
3288 2.175 3.514999999999997 -14.5
3289 2.174999999999999 3.514999999999997 -13
3290 2.174999999999999 3.514999999999996 -11.5
3291 11.195 3.514999999999998 -14.50000000000001
3292 16.19499999999999 3.514999999999999 -14.5
3293 11.195 3.514999999999998 -13.00000000000001
3294 16.19499999999999 3.514999999999998 -13
3295 11.195 3.514999999999998 -11.5
3296 16.19499999999999 3.514999999999998 -11.5
3297 -16.195 -3.515000000000003 -20
3298 -11.195 -3.515000000000004 -20
3299 -16.195 -3.515000000000004 -19.00000000000001
3300 -11.195 -3.515000000000004 -19
3301 -16.195 -3.515000000000003 -18
3302 -11.195 -3.515000000000004 -18
3303 -16.195 -3.515000000000005 -17
3304 -11.195 -3.515000000000004 -17
3305 -2.175000000000002 -3.515000000000004 -20
3306 -2.175000000000001 -3.515000000000004 -19
3307 -2.175000000000001 -3.515000000000004 -18
3308 -2.175000000000002 -3.515000000000004 -17
3309 2.175000000000001 -3.515000000000004 -20
3310 2.174999999999999 -3.515000000000004 -19
3311 2.174999999999999 -3.515000000000004 -18
3312 2.175000000000001 -3.515000000000004 -17
3313 11.195 -3.515000000000003 -20
3314 16.19499999999999 -3.515000000000004 -20
3315 11.195 -3.515000000000004 -19.00000000000001
3316 16.19499999999999 -3.515000000000004 -19
3317 11.195 -3.515000000000003 -18
3318 16.19499999999999 -3.515000000000004 -18
3319 11.195 -3.515000000000005 -17
3320 16.19499999999999 -3.515000000000004 -17
3321 -16.195 3.514999999999997 -20
3322 -11.195 3.514999999999996 -20
3323 -16.195 3.514999999999997 -19.00000000000001
3324 -11.195 3.514999999999996 -19
3325 -16.195 3.514999999999997 -18
3326 -11.195 3.514999999999997 -18
3327 -16.195 3.514999999999997 -17
3328 -11.195 3.514999999999996 -17
3329 -2.175000000000002 3.514999999999998 -20
3330 -2.175000000000001 3.514999999999998 -19
3331 -2.175000000000001 3.514999999999997 -18
3332 -2.175000000000002 3.514999999999998 -17
3333 2.175 3.514999999999996 -20
3334 2.174999999999998 3.514999999999996 -19
3335 2.174999999999999 3.514999999999996 -18
3336 2.175 3.514999999999995 -17
3337 11.195 3.514999999999997 -20
3338 16.19499999999999 3.514999999999996 -20
3339 11.195 3.514999999999997 -19.00000000000001
3340 16.19499999999999 3.514999999999996 -19
3341 11.195 3.514999999999997 -18
3342 16.19499999999999 3.514999999999997 -18
3343 11.195 3.514999999999997 -17
3344 16.19499999999999 3.514999999999996 -17
$EndNodes
$Elements
11780
1 15 2 0 1 1
2 15 2 0 2 2
3 15 2 0 3 3
4 15 2 0 4 4
5 15 2 0 5 5
6 15 2 0 6 6
7 15 2 0 7 7
8 15 2 0 8 8
9 15 2 0 9 9
10 15 2 0 10 10
11 15 2 0 11 11
12 15 2 0 12 12
13 15 2 0 13 13
14 15 2 0 14 14
15 15 2 0 15 15
16 15 2 0 16 16
17 15 2 0 17 17
18 15 2 0 18 18
19 15 2 0 19 19
20 15 2 0 20 20
21 15 2 0 21 21
22 15 2 0 22 22
23 15 2 0 23 23
24 15 2 0 24 24
25 15 2 0 25 25
26 15 2 0 26 26
27 15 2 0 27 27
28 15 2 0 28 28
29 15 2 0 29 29
30 15 2 0 30 30
31 15 2 0 31 31
32 15 2 0 32 32
33 15 2 0 33 33
34 15 2 0 34 34
35 15 2 0 35 35
36 15 2 0 36 36
37 15 2 0 37 37
38 15 2 0 38 38
39 15 2 0 39 39
40 15 2 0 40 40
41 15 2 0 41 41
42 15 2 0 42 42
43 15 2 0 43 43
44 15 2 0 44 44
45 15 2 0 45 45
46 15 2 0 46 46
47 15 2 0 47 47
48 15 2 0 48 48
49 15 2 0 49 49
50 15 2 0 50 50
51 15 2 0 51 51
52 15 2 0 52 52
53 15 2 0 53 53
54 15 2 0 54 54
55 15 2 0 55 55
56 15 2 0 56 56
57 15 2 0 57 57
58 15 2 0 58 58
59 15 2 0 59 59
60 15 2 0 60 60
61 15 2 0 61 61
62 15 2 0 62 62
63 15 2 0 63 63
64 15 2 0 64 64
65 15 2 0 65 65
66 15 2 0 66 66
67 15 2 0 67 67
68 15 2 0 68 68
69 15 2 0 69 69
70 15 2 0 70 70
71 15 2 0 71 71
72 15 2 0 72 72
73 15 2 0 73 73
74 15 2 0 74 74
75 15 2 0 75 75
76 15 2 0 76 76
77 15 2 0 77 77
78 15 2 0 78 78
79 15 2 0 79 79
80 15 2 0 80 80
81 15 2 0 81 81
82 15 2 0 82 82
83 15 2 0 83 83
84 15 2 0 84 84
85 15 2 0 85 85
86 15 2 0 86 86
87 15 2 0 87 87
88 15 2 0 88 88
89 15 2 0 89 89
90 15 2 0 90 90
91 15 2 0 91 91
92 15 2 0 92 92
93 15 2 0 93 93
94 15 2 0 94 94
95 15 2 0 95 95
96 15 2 0 96 96
97 15 2 0 97 97
98 15 2 0 98 98
99 15 2 0 99 99
100 15 2 0 100 100
101 15 2 0 101 101
102 15 2 0 102 102
103 15 2 0 103 103
104 15 2 0 104 104
105 15 2 0 105 105
106 15 2 0 106 106
107 15 2 0 107 107
108 15 2 0 108 108
109 15 2 0 109 109
110 15 2 0 110 110
111 15 2 0 111 111
112 15 2 0 112 112
113 15 2 0 113 113
114 15 2 0 114 114
115 15 2 0 115 115
116 15 2 0 116 116
117 15 2 0 117 117
118 15 2 0 118 118
119 15 2 0 119 119
120 15 2 0 120 120
121 15 2 0 121 121
122 15 2 0 122 122
123 15 2 0 123 123
124 15 2 0 124 124
125 15 2 0 125 125
126 15 2 0 126 126
127 15 2 0 127 127
128 15 2 0 128 128
129 15 2 0 129 129
130 15 2 0 130 130
131 15 2 0 131 131
132 15 2 0 132 132
133 15 2 0 133 133
134 15 2 0 134 134
135 15 2 0 135 135
136 15 2 0 136 136
137 15 2 0 137 137
138 15 2 0 138 138
139 15 2 0 139 139
140 15 2 0 140 140
141 15 2 0 141 141
142 15 2 0 142 142
143 15 2 0 143 143
144 15 2 0 144 144
145 15 2 0 145 145
146 15 2 0 146 146
147 15 2 0 147 147
148 15 2 0 148 148
149 15 2 0 149 149
150 15 2 0 150 150
151 15 2 0 151 151
152 15 2 0 152 152
153 15 2 0 153 153
154 15 2 0 154 154
155 15 2 0 155 155
156 15 2 0 156 156
157 15 2 0 157 157
158 15 2 0 158 158
159 15 2 0 159 159
160 15 2 0 160 160
161 15 2 0 161 161
162 15 2 0 162 162
163 15 2 0 163 163
164 15 2 0 164 164
165 15 2 0 165 165
166 15 2 0 166 166
167 15 2 0 167 167
168 15 2 0 168 168
169 15 2 0 169 169
170 15 2 0 170 170
171 15 2 0 171 171
172 15 2 0 172 172
173 15 2 0 173 173
174 15 2 0 174 174
175 15 2 0 175 175
176 15 2 0 176 176
177 15 2 0 177 177
178 15 2 0 178 178
179 15 2 0 179 179
180 15 2 0 180 180
181 15 2 0 181 181
182 15 2 0 182 182
183 15 2 0 183 183
184 15 2 0 184 184
185 15 2 0 185 185
186 15 2 0 186 186
187 15 2 0 187 187
188 15 2 0 188 188
189 15 2 0 189 189
190 15 2 0 190 190
191 15 2 0 191 191
192 15 2 0 192 192
193 15 2 0 193 193
194 15 2 0 194 194
195 15 2 0 195 195
196 15 2 0 196 196
197 15 2 0 197 197
198 15 2 0 198 198
199 15 2 0 199 199
200 15 2 0 200 200
201 15 2 0 201 201
202 15 2 0 202 202
203 15 2 0 203 203
204 15 2 0 204 204
205 15 2 0 205 205
206 15 2 0 206 206
207 15 2 0 207 207
208 15 2 0 208 208
209 15 2 0 209 209
210 15 2 0 210 210
211 15 2 0 211 211
212 15 2 0 212 212
213 15 2 0 213 213
214 15 2 0 214 214
215 15 2 0 215 215
216 15 2 0 216 216
217 15 2 0 217 217
218 15 2 0 218 218
219 15 2 0 219 219
220 15 2 0 220 220
221 15 2 0 221 221
222 15 2 0 222 222
223 15 2 0 223 223
224 15 2 0 224 224
225 15 2 0 225 225
226 15 2 0 226 226
227 15 2 0 227 227
228 15 2 0 228 228
229 15 2 0 229 229
230 15 2 0 230 230
231 15 2 0 231 231
232 15 2 0 232 232
233 15 2 0 233 233
234 15 2 0 234 234
235 15 2 0 235 235
236 15 2 0 236 236
237 15 2 0 237 237
238 15 2 0 238 238
239 15 2 0 239 239
240 15 2 0 240 240
241 15 2 0 241 241
242 15 2 0 242 242
243 15 2 0 243 243
244 15 2 0 244 244
245 15 2 0 245 245
246 15 2 0 246 246
247 15 2 0 247 247
248 15 2 0 248 248
249 15 2 0 249 249
250 15 2 0 250 250
251 15 2 0 251 251
252 15 2 0 252 252
253 15 2 0 253 253
254 15 2 0 254 254
255 15 2 0 255 255
256 15 2 0 256 256
257 15 2 0 257 257
258 15 2 0 258 258
259 15 2 0 259 259
260 15 2 0 260 260
261 15 2 0 261 261
262 15 2 0 262 262
263 15 2 0 263 263
264 15 2 0 264 264
265 15 2 0 265 265
266 15 2 0 266 266
267 15 2 0 267 267
268 15 2 0 268 268
269 15 2 0 269 269
270 15 2 0 270 270
271 15 2 0 271 271
272 15 2 0 272 272
273 15 2 0 273 273
274 15 2 0 274 274
275 15 2 0 275 275
276 15 2 0 276 276
277 15 2 0 277 277
278 15 2 0 278 278
279 15 2 0 279 279
280 15 2 0 280 280
281 15 2 0 281 281
282 15 2 0 282 282
283 15 2 0 283 283
284 15 2 0 284 284
285 15 2 0 285 285
286 15 2 0 286 286
287 15 2 0 287 287
288 15 2 0 288 288
289 15 2 0 289 289
290 15 2 0 290 290
291 15 2 0 291 291
292 15 2 0 292 292
293 15 2 0 293 293
294 15 2 0 294 294
295 15 2 0 295 295
296 15 2 0 296 296
297 15 2 0 297 297
298 15 2 0 298 298
299 15 2 0 299 299
300 15 2 0 300 300
301 15 2 0 301 301
302 15 2 0 302 302
303 15 2 0 303 303
304 15 2 0 304 304
305 15 2 0 305 305
306 15 2 0 306 306
307 15 2 0 307 307
308 15 2 0 308 308
309 15 2 0 309 309
310 15 2 0 310 310
311 15 2 0 311 311
312 15 2 0 312 312
313 15 2 0 313 313
314 15 2 0 314 314
315 15 2 0 315 315
316 15 2 0 316 316
317 15 2 0 317 317
318 15 2 0 318 318
319 15 2 0 319 319
320 15 2 0 320 320
321 15 2 0 321 321
322 15 2 0 322 322
323 15 2 0 323 323
324 15 2 0 324 324
325 15 2 0 325 325
326 15 2 0 326 326
327 15 2 0 327 327
328 15 2 0 328 328
329 15 2 0 329 329
330 15 2 0 330 330
331 15 2 0 331 331
332 15 2 0 332 332
333 15 2 0 333 333
334 15 2 0 334 334
335 15 2 0 335 335
336 15 2 0 336 336
337 15 2 0 337 337
338 15 2 0 338 338
339 15 2 0 339 339
340 15 2 0 340 340
341 15 2 0 341 341
342 15 2 0 342 342
343 15 2 0 343 343
344 15 2 0 344 344
345 15 2 0 345 345
346 15 2 0 346 346
347 15 2 0 347 347
348 15 2 0 348 348
349 15 2 0 349 349
350 15 2 0 350 350
351 15 2 0 351 351
352 15 2 0 352 352
353 15 2 0 353 353
354 15 2 0 354 354
355 15 2 0 355 355
356 15 2 0 356 356
357 15 2 0 357 357
358 15 2 0 358 358
359 15 2 0 359 359
360 15 2 0 360 360
361 15 2 0 361 361
362 15 2 0 362 362
363 15 2 0 363 363
364 15 2 0 364 364
365 15 2 0 365 365
366 15 2 0 366 366
367 15 2 0 367 367
368 15 2 0 368 368
369 15 2 0 369 369
370 15 2 0 370 370
371 15 2 0 371 371
372 15 2 0 372 372
373 15 2 0 373 373
374 15 2 0 374 374
375 15 2 0 375 375
376 15 2 0 376 376
377 15 2 0 377 377
378 15 2 0 378 378
379 15 2 0 379 379
380 15 2 0 380 380
381 15 2 0 381 381
382 15 2 0 382 382
383 15 2 0 383 383
384 15 2 0 384 384
385 15 2 0 385 385
386 15 2 0 386 386
387 15 2 0 387 387
388 15 2 0 388 388
389 15 2 0 389 389
390 15 2 0 390 390
391 15 2 0 391 391
392 15 2 0 392 392
393 15 2 0 393 393
394 15 2 0 394 394
395 15 2 0 395 395
396 15 2 0 396 396
397 15 2 0 397 397
398 15 2 0 398 398
399 15 2 0 399 399
400 15 2 0 400 400
401 15 2 0 401 401
402 15 2 0 402 402
403 15 2 0 403 403
404 15 2 0 404 404
405 15 2 0 405 405
406 15 2 0 406 406
407 15 2 0 414 407
408 15 2 0 415 408
409 15 2 0 416 409
410 15 2 0 417 410
411 15 2 0 418 411
412 15 2 0 419 412
413 15 2 0 420 413
414 15 2 0 421 414
415 15 2 0 422 415
416 15 2 0 423 416
417 15 2 0 424 417
418 15 2 0 425 418
419 15 2 0 426 419
420 15 2 0 427 420
421 15 2 0 428 421
422 15 2 0 429 422
423 15 2 0 430 423
424 15 2 0 431 424
425 15 2 0 432 425
426 15 2 0 433 426
427 15 2 0 434 427
428 15 2 0 443 428
429 15 2 0 444 429
430 15 2 0 446 430
431 15 2 0 447 431
432 15 2 0 448 432
433 15 2 0 449 433
434 15 2 0 450 434
435 15 2 0 451 435
436 15 2 0 452 436
437 15 2 0 453 437
438 15 2 0 454 438
439 15 2 0 455 439
440 15 2 0 456 440
441 15 2 0 457 441
442 15 2 0 458 442
443 15 2 0 459 443
444 15 2 0 460 444
445 15 2 0 461 445
446 15 2 0 465 446
447 15 2 0 466 447
448 15 2 0 467 448
449 15 2 0 468 449
450 15 2 0 469 450
451 15 2 0 470 451
452 15 2 0 471 452
453 15 2 0 472 453
454 15 2 0 473 454
455 15 2 0 487 455
456 15 2 0 488 456
457 15 2 0 490 457
458 15 2 0 491 458
459 15 2 0 492 459
460 15 2 0 493 460
461 15 2 0 494 461
462 15 2 0 495 462
463 15 2 0 496 463
464 15 2 0 497 464
465 15 2 0 498 465
466 15 2 0 499 466
467 15 2 0 500 467
468 15 2 0 501 468
469 15 2 0 502 469
470 15 2 0 503 470
471 15 2 0 504 471
472 15 2 0 505 472
473 15 2 0 509 473
474 15 2 0 510 474
475 15 2 0 511 475
476 15 2 0 512 476
477 15 2 0 513 477
478 15 2 0 514 478
479 15 2 0 515 479
480 15 2 0 516 480
481 15 2 0 517 481
482 15 2 0 518 482
483 15 2 0 519 483
484 15 2 0 520 484
485 15 2 0 521 485
486 15 2 0 522 486
487 15 2 0 523 487
488 15 2 0 524 488
489 15 2 0 525 489
490 15 2 0 526 490
491 15 2 0 527 491
492 15 2 0 528 492
493 15 2 0 529 493
494 15 2 0 530 494
495 15 2 0 531 495
496 15 2 0 532 496
497 15 2 0 533 497
498 15 2 0 534 498
499 15 2 0 535 499
500 15 2 0 536 500
501 15 2 0 537 501
502 15 2 0 538 502
503 15 2 0 539 503
504 15 2 0 540 504
505 15 2 0 541 505
506 15 2 0 542 506
507 15 2 0 543 507
508 15 2 0 544 508
509 15 2 0 545 509
510 15 2 0 546 510
511 15 2 0 547 511
512 15 2 0 548 512
513 15 2 0 549 513
514 15 2 0 550 514
515 15 2 0 551 515
516 15 2 0 552 516
517 15 2 0 553 517
518 15 2 0 554 518
519 15 2 0 555 519
520 15 2 0 556 520
521 15 2 0 557 521
522 15 2 0 558 522
523 15 2 0 559 523
524 15 2 0 560 524
525 15 2 0 561 525
526 15 2 0 562 526
527 15 2 0 563 527
528 15 2 0 564 528
529 15 2 0 565 529
530 15 2 0 566 530
531 15 2 0 567 531
532 15 2 0 568 532
533 15 2 0 569 533
534 15 2 0 570 534
535 15 2 0 571 535
536 15 2 0 572 536
537 15 2 0 573 537
538 15 2 0 574 538
539 15 2 0 575 539
540 15 2 0 576 540
541 15 2 0 577 541
542 15 2 0 578 542
543 15 2 0 579 543
544 15 2 0 580 544
545 15 2 0 581 545
546 15 2 0 582 546
547 15 2 0 583 547
548 15 2 0 584 548
549 15 2 0 585 549
550 15 2 0 586 550
551 15 2 0 587 551
552 15 2 0 588 552
553 15 2 0 589 553
554 15 2 0 590 554
555 15 2 0 591 555
556 15 2 0 592 556
557 15 2 0 593 557
558 15 2 0 594 558
559 15 2 0 595 559
560 15 2 0 596 560
561 15 2 0 597 561
562 15 2 0 598 562
563 15 2 0 599 563
564 15 2 0 600 564
565 15 2 0 601 565
566 15 2 0 602 566
567 15 2 0 603 567
568 15 2 0 604 568
569 15 2 0 605 569
570 15 2 0 606 570
571 15 2 0 607 571
572 15 2 0 608 572
573 15 2 0 609 573
574 15 2 0 610 574
575 15 2 0 611 575
576 15 2 0 612 576
577 15 2 0 613 577
578 15 2 0 614 578
579 15 2 0 615 579
580 15 2 0 616 580
581 15 2 0 617 581
582 15 2 0 618 582
583 15 2 0 619 583
584 15 2 0 620 584
585 15 2 0 621 585
586 1 2 0 1 1 586
587 1 2 0 1 586 587
588 1 2 0 1 587 588
589 1 2 0 1 588 589
590 1 2 0 1 589 2
591 1 2 0 2 2 590
592 1 2 0 2 590 3
593 1 2 0 3 4 591
594 1 2 0 3 591 592
595 1 2 0 3 592 593
596 1 2 0 3 593 594
597 1 2 0 3 594 3
598 1 2 0 4 1 595
599 1 2 0 4 595 4
600 1 2 0 5 5 596
601 1 2 0 5 596 597
602 1 2 0 5 597 598
603 1 2 0 5 598 599
604 1 2 0 5 599 6
605 1 2 0 6 6 600
606 1 2 0 6 600 7
607 1 2 0 7 8 601
608 1 2 0 7 601 602
609 1 2 0 7 602 603
610 1 2 0 7 603 604
611 1 2 0 7 604 7
612 1 2 0 8 5 605
613 1 2 0 8 605 8
614 1 2 0 9 1 606
615 1 2 0 9 606 607
616 1 2 0 9 607 5
617 1 2 0 10 2 608
618 1 2 0 10 608 609
619 1 2 0 10 609 6
620 1 2 0 11 4 610
621 1 2 0 11 610 611
622 1 2 0 11 611 8
623 1 2 0 12 3 612
624 1 2 0 12 612 613
625 1 2 0 12 613 7
626 1 2 0 13 9 614
627 1 2 0 13 614 615
628 1 2 0 13 615 616
629 1 2 0 13 616 617
630 1 2 0 13 617 10
631 1 2 0 14 10 618
632 1 2 0 14 618 11
633 1 2 0 15 12 619
634 1 2 0 15 619 620
635 1 2 0 15 620 621
636 1 2 0 15 621 622
637 1 2 0 15 622 11
638 1 2 0 16 9 623
639 1 2 0 16 623 12
640 1 2 0 17 5 9
641 1 2 0 18 6 10
642 1 2 0 19 8 12
643 1 2 0 20 7 11
644 1 2 0 21 13 624
645 1 2 0 21 624 625
646 1 2 0 21 625 626
647 1 2 0 21 626 627
648 1 2 0 21 627 14
649 1 2 0 22 14 628
650 1 2 0 22 628 15
651 1 2 0 23 16 629
652 1 2 0 23 629 630
653 1 2 0 23 630 631
654 1 2 0 23 631 632
655 1 2 0 23 632 15
656 1 2 0 24 13 633
657 1 2 0 24 633 16
658 1 2 0 25 9 634
659 1 2 0 25 634 13
660 1 2 0 26 10 635
661 1 2 0 26 635 14
662 1 2 0 27 12 636
663 1 2 0 27 636 16
664 1 2 0 28 11 637
665 1 2 0 28 637 15
666 1 2 0 29 17 638
667 1 2 0 29 638 639
668 1 2 0 29 639 640
669 1 2 0 29 640 641
670 1 2 0 29 641 18
671 1 2 0 30 18 642
672 1 2 0 30 642 19
673 1 2 0 31 20 643
674 1 2 0 31 643 644
675 1 2 0 31 644 645
676 1 2 0 31 645 646
677 1 2 0 31 646 19
678 1 2 0 32 17 647
679 1 2 0 32 647 20
680 1 2 0 33 13 17
681 1 2 0 34 14 18
682 1 2 0 35 16 20
683 1 2 0 36 15 19
684 1 2 0 37 21 648
685 1 2 0 37 648 649
686 1 2 0 37 649 650
687 1 2 0 37 650 651
688 1 2 0 37 651 22
689 1 2 0 38 22 652
690 1 2 0 38 652 23
691 1 2 0 39 24 653
692 1 2 0 39 653 654
693 1 2 0 39 654 655
694 1 2 0 39 655 656
695 1 2 0 39 656 23
696 1 2 0 40 21 657
697 1 2 0 40 657 24
698 1 2 0 41 17 21
699 1 2 0 42 18 22
700 1 2 0 43 20 24
701 1 2 0 44 19 23
702 1 2 0 45 25 658
703 1 2 0 45 658 659
704 1 2 0 45 659 660
705 1 2 0 45 660 661
706 1 2 0 45 661 26
707 1 2 0 46 26 662
708 1 2 0 46 662 27
709 1 2 0 47 28 663
710 1 2 0 47 663 664
711 1 2 0 47 664 665
712 1 2 0 47 665 666
713 1 2 0 47 666 27
714 1 2 0 48 25 667
715 1 2 0 48 667 28
716 1 2 0 49 21 25
717 1 2 0 50 22 26
718 1 2 0 51 24 28
719 1 2 0 52 23 27
720 1 2 0 53 29 668
721 1 2 0 53 668 669
722 1 2 0 53 669 670
723 1 2 0 53 670 671
724 1 2 0 53 671 30
725 1 2 0 54 30 672
726 1 2 0 54 672 31
727 1 2 0 55 32 673
728 1 2 0 55 673 674
729 1 2 0 55 674 675
730 1 2 0 55 675 676
731 1 2 0 55 676 31
732 1 2 0 56 29 677
733 1 2 0 56 677 32
734 1 2 0 57 25 29
735 1 2 0 58 26 30
736 1 2 0 59 28 32
737 1 2 0 60 27 31
738 1 2 0 61 33 678
739 1 2 0 61 678 679
740 1 2 0 61 679 680
741 1 2 0 61 680 681
742 1 2 0 61 681 34
743 1 2 0 62 34 682
744 1 2 0 62 682 35
745 1 2 0 63 36 683
746 1 2 0 63 683 684
747 1 2 0 63 684 685
748 1 2 0 63 685 686
749 1 2 0 63 686 35
750 1 2 0 64 33 687
751 1 2 0 64 687 36
752 1 2 0 65 29 688
753 1 2 0 65 688 33
754 1 2 0 66 30 689
755 1 2 0 66 689 34
756 1 2 0 67 32 690
757 1 2 0 67 690 36
758 1 2 0 68 31 691
759 1 2 0 68 691 35
760 1 2 0 69 37 692
761 1 2 0 69 692 693
762 1 2 0 69 693 694
763 1 2 0 69 694 695
764 1 2 0 69 695 38
765 1 2 0 70 38 696
766 1 2 0 70 696 39
767 1 2 0 71 40 697
768 1 2 0 71 697 698
769 1 2 0 71 698 699
770 1 2 0 71 699 700
771 1 2 0 71 700 39
772 1 2 0 72 37 701
773 1 2 0 72 701 40
774 1 2 0 73 33 37
775 1 2 0 74 34 38
776 1 2 0 75 36 40
777 1 2 0 76 35 39
778 1 2 0 77 41 702
779 1 2 0 77 702 703
780 1 2 0 77 703 704
781 1 2 0 77 704 705
782 1 2 0 77 705 42
783 1 2 0 78 42 706
784 1 2 0 78 706 43
785 1 2 0 79 44 707
786 1 2 0 79 707 708
787 1 2 0 79 708 709
788 1 2 0 79 709 710
789 1 2 0 79 710 43
790 1 2 0 80 41 711
791 1 2 0 80 711 44
792 1 2 0 81 37 712
793 1 2 0 81 712 713
794 1 2 0 81 713 41
795 1 2 0 82 38 714
796 1 2 0 82 714 715
797 1 2 0 82 715 42
798 1 2 0 83 40 716
799 1 2 0 83 716 717
800 1 2 0 83 717 44
801 1 2 0 84 39 718
802 1 2 0 84 718 719
803 1 2 0 84 719 43
804 1 2 0 85 3 45
805 1 2 0 86 46 720
806 1 2 0 86 720 721
807 1 2 0 86 721 722
808 1 2 0 86 722 723
809 1 2 0 86 723 45
810 1 2 0 87 4 46
811 1 2 0 88 7 47
812 1 2 0 89 48 724
813 1 2 0 89 724 725
814 1 2 0 89 725 726
815 1 2 0 89 726 727
816 1 2 0 89 727 47
817 1 2 0 90 8 48
818 1 2 0 91 46 728
819 1 2 0 91 728 729
820 1 2 0 91 729 48
821 1 2 0 92 45 730
822 1 2 0 92 730 731
823 1 2 0 92 731 47
824 1 2 0 93 11 49
825 1 2 0 94 50 732
826 1 2 0 94 732 733
827 1 2 0 94 733 734
828 1 2 0 94 734 735
829 1 2 0 94 735 49
830 1 2 0 95 12 50
831 1 2 0 96 48 50
832 1 2 0 97 47 49
833 1 2 0 98 15 51
834 1 2 0 99 52 736
835 1 2 0 99 736 737
836 1 2 0 99 737 738
837 1 2 0 99 738 739
838 1 2 0 99 739 51
839 1 2 0 100 16 52
840 1 2 0 101 50 740
841 1 2 0 101 740 52
842 1 2 0 102 49 741
843 1 2 0 102 741 51
844 1 2 0 103 19 53
845 1 2 0 104 54 742
846 1 2 0 104 742 743
847 1 2 0 104 743 744
848 1 2 0 104 744 745
849 1 2 0 104 745 53
850 1 2 0 105 20 54
851 1 2 0 106 52 54
852 1 2 0 107 51 53
853 1 2 0 108 23 55
854 1 2 0 109 56 746
855 1 2 0 109 746 747
856 1 2 0 109 747 748
857 1 2 0 109 748 749
858 1 2 0 109 749 55
859 1 2 0 110 24 56
860 1 2 0 111 54 56
861 1 2 0 112 53 55
862 1 2 0 113 27 57
863 1 2 0 114 58 750
864 1 2 0 114 750 751
865 1 2 0 114 751 752
866 1 2 0 114 752 753
867 1 2 0 114 753 57
868 1 2 0 115 28 58
869 1 2 0 116 56 58
870 1 2 0 117 55 57
871 1 2 0 118 31 59
872 1 2 0 119 60 754
873 1 2 0 119 754 755
874 1 2 0 119 755 756
875 1 2 0 119 756 757
876 1 2 0 119 757 59
877 1 2 0 120 32 60
878 1 2 0 121 58 60
879 1 2 0 122 57 59
880 1 2 0 123 35 61
881 1 2 0 124 62 758
882 1 2 0 124 758 759
883 1 2 0 124 759 760
884 1 2 0 124 760 761
885 1 2 0 124 761 61
886 1 2 0 125 36 62
887 1 2 0 126 60 762
888 1 2 0 126 762 62
889 1 2 0 127 59 763
890 1 2 0 127 763 61
891 1 2 0 128 39 63
892 1 2 0 129 64 764
893 1 2 0 129 764 765
894 1 2 0 129 765 766
895 1 2 0 129 766 767
896 1 2 0 129 767 63
897 1 2 0 130 40 64
898 1 2 0 131 62 64
899 1 2 0 132 61 63
900 1 2 0 133 43 65
901 1 2 0 134 66 768
902 1 2 0 134 768 769
903 1 2 0 134 769 770
904 1 2 0 134 770 771
905 1 2 0 134 771 65
906 1 2 0 135 44 66
907 1 2 0 136 64 772
908 1 2 0 136 772 773
909 1 2 0 136 773 66
910 1 2 0 137 63 774
911 1 2 0 137 774 775
912 1 2 0 137 775 65
913 1 2 0 138 45 67
914 1 2 0 139 68 776
915 1 2 0 139 776 777
916 1 2 0 139 777 778
917 1 2 0 139 778 779
918 1 2 0 139 779 67
919 1 2 0 140 46 68
920 1 2 0 141 47 69
921 1 2 0 142 70 780
922 1 2 0 142 780 781
923 1 2 0 142 781 782
924 1 2 0 142 782 783
925 1 2 0 142 783 69
926 1 2 0 143 48 70
927 1 2 0 144 68 784
928 1 2 0 144 784 785
929 1 2 0 144 785 70
930 1 2 0 145 67 786
931 1 2 0 145 786 787
932 1 2 0 145 787 69
933 1 2 0 146 49 71
934 1 2 0 147 72 788
935 1 2 0 147 788 789
936 1 2 0 147 789 790
937 1 2 0 147 790 791
938 1 2 0 147 791 71
939 1 2 0 148 50 72
940 1 2 0 149 70 72
941 1 2 0 150 69 71
942 1 2 0 151 51 73
943 1 2 0 152 74 792
944 1 2 0 152 792 793
945 1 2 0 152 793 794
946 1 2 0 152 794 795
947 1 2 0 152 795 73
948 1 2 0 153 52 74
949 1 2 0 154 72 796
950 1 2 0 154 796 74
951 1 2 0 155 71 797
952 1 2 0 155 797 73
953 1 2 0 156 53 75
954 1 2 0 157 76 798
955 1 2 0 157 798 799
956 1 2 0 157 799 800
957 1 2 0 157 800 801
958 1 2 0 157 801 75
959 1 2 0 158 54 76
960 1 2 0 159 74 76
961 1 2 0 160 73 75
962 1 2 0 161 55 77
963 1 2 0 162 78 802
964 1 2 0 162 802 803
965 1 2 0 162 803 804
966 1 2 0 162 804 805
967 1 2 0 162 805 77
968 1 2 0 163 56 78
969 1 2 0 164 76 78
970 1 2 0 165 75 77
971 1 2 0 166 57 79
972 1 2 0 167 80 806
973 1 2 0 167 806 807
974 1 2 0 167 807 808
975 1 2 0 167 808 809
976 1 2 0 167 809 79
977 1 2 0 168 58 80
978 1 2 0 169 78 80
979 1 2 0 170 77 79
980 1 2 0 171 59 81
981 1 2 0 172 82 810
982 1 2 0 172 810 811
983 1 2 0 172 811 812
984 1 2 0 172 812 813
985 1 2 0 172 813 81
986 1 2 0 173 60 82
987 1 2 0 174 80 82
988 1 2 0 175 79 81
989 1 2 0 176 61 83
990 1 2 0 177 84 814
991 1 2 0 177 814 815
992 1 2 0 177 815 816
993 1 2 0 177 816 817
994 1 2 0 177 817 83
995 1 2 0 178 62 84
996 1 2 0 179 82 818
997 1 2 0 179 818 84
998 1 2 0 180 81 819
999 1 2 0 180 819 83
1000 1 2 0 181 63 85
1001 1 2 0 182 86 820
1002 1 2 0 182 820 821
1003 1 2 0 182 821 822
1004 1 2 0 182 822 823
1005 1 2 0 182 823 85
1006 1 2 0 183 64 86
1007 1 2 0 184 84 86
1008 1 2 0 185 83 85
1009 1 2 0 186 65 87
1010 1 2 0 187 88 824
1011 1 2 0 187 824 825
1012 1 2 0 187 825 826
1013 1 2 0 187 826 827
1014 1 2 0 187 827 87
1015 1 2 0 188 66 88
1016 1 2 0 189 86 828
1017 1 2 0 189 828 829
1018 1 2 0 189 829 88
1019 1 2 0 190 85 830
1020 1 2 0 190 830 831
1021 1 2 0 190 831 87
1022 1 2 0 191 67 89
1023 1 2 0 192 90 832
1024 1 2 0 192 832 833
1025 1 2 0 192 833 834
1026 1 2 0 192 834 835
1027 1 2 0 192 835 89
1028 1 2 0 193 68 90
1029 1 2 0 194 69 91
1030 1 2 0 195 92 836
1031 1 2 0 195 836 837
1032 1 2 0 195 837 838
1033 1 2 0 195 838 839
1034 1 2 0 195 839 91
1035 1 2 0 196 70 92
1036 1 2 0 197 90 840
1037 1 2 0 197 840 841
1038 1 2 0 197 841 92
1039 1 2 0 198 89 842
1040 1 2 0 198 842 843
1041 1 2 0 198 843 91
1042 1 2 0 199 71 93
1043 1 2 0 200 94 844
1044 1 2 0 200 844 845
1045 1 2 0 200 845 846
1046 1 2 0 200 846 847
1047 1 2 0 200 847 93
1048 1 2 0 201 72 94
1049 1 2 0 202 92 94
1050 1 2 0 203 91 93
1051 1 2 0 204 73 95
1052 1 2 0 205 96 848
1053 1 2 0 205 848 849
1054 1 2 0 205 849 850
1055 1 2 0 205 850 851
1056 1 2 0 205 851 95
1057 1 2 0 206 74 96
1058 1 2 0 207 94 852
1059 1 2 0 207 852 96
1060 1 2 0 208 93 853
1061 1 2 0 208 853 95
1062 1 2 0 209 75 97
1063 1 2 0 210 98 854
1064 1 2 0 210 854 855
1065 1 2 0 210 855 856
1066 1 2 0 210 856 857
1067 1 2 0 210 857 97
1068 1 2 0 211 76 98
1069 1 2 0 212 96 98
1070 1 2 0 213 95 97
1071 1 2 0 214 77 99
1072 1 2 0 215 100 858
1073 1 2 0 215 858 859
1074 1 2 0 215 859 860
1075 1 2 0 215 860 861
1076 1 2 0 215 861 99
1077 1 2 0 216 78 100
1078 1 2 0 217 98 100
1079 1 2 0 218 97 99
1080 1 2 0 219 79 101
1081 1 2 0 220 102 862
1082 1 2 0 220 862 863
1083 1 2 0 220 863 864
1084 1 2 0 220 864 865
1085 1 2 0 220 865 101
1086 1 2 0 221 80 102
1087 1 2 0 222 100 102
1088 1 2 0 223 99 101
1089 1 2 0 224 81 103
1090 1 2 0 225 104 866
1091 1 2 0 225 866 867
1092 1 2 0 225 867 868
1093 1 2 0 225 868 869
1094 1 2 0 225 869 103
1095 1 2 0 226 82 104
1096 1 2 0 227 102 104
1097 1 2 0 228 101 103
1098 1 2 0 229 83 105
1099 1 2 0 230 106 870
1100 1 2 0 230 870 871
1101 1 2 0 230 871 872
1102 1 2 0 230 872 873
1103 1 2 0 230 873 105
1104 1 2 0 231 84 106
1105 1 2 0 232 104 874
1106 1 2 0 232 874 106
1107 1 2 0 233 103 875
1108 1 2 0 233 875 105
1109 1 2 0 234 85 107
1110 1 2 0 235 108 876
1111 1 2 0 235 876 877
1112 1 2 0 235 877 878
1113 1 2 0 235 878 879
1114 1 2 0 235 879 107
1115 1 2 0 236 86 108
1116 1 2 0 237 106 108
1117 1 2 0 238 105 107
1118 1 2 0 239 87 109
1119 1 2 0 240 110 880
1120 1 2 0 240 880 881
1121 1 2 0 240 881 882
1122 1 2 0 240 882 883
1123 1 2 0 240 883 109
1124 1 2 0 241 88 110
1125 1 2 0 242 108 884
1126 1 2 0 242 884 885
1127 1 2 0 242 885 110
1128 1 2 0 243 107 886
1129 1 2 0 243 886 887
1130 1 2 0 243 887 109
1131 1 2 0 244 89 111
1132 1 2 0 245 112 888
1133 1 2 0 245 888 889
1134 1 2 0 245 889 890
1135 1 2 0 245 890 891
1136 1 2 0 245 891 111
1137 1 2 0 246 90 112
1138 1 2 0 247 91 113
1139 1 2 0 248 114 892
1140 1 2 0 248 892 893
1141 1 2 0 248 893 894
1142 1 2 0 248 894 895
1143 1 2 0 248 895 113
1144 1 2 0 249 92 114
1145 1 2 0 250 112 896
1146 1 2 0 250 896 897
1147 1 2 0 250 897 114
1148 1 2 0 251 111 898
1149 1 2 0 251 898 899
1150 1 2 0 251 899 113
1151 1 2 0 252 93 115
1152 1 2 0 253 116 900
1153 1 2 0 253 900 901
1154 1 2 0 253 901 902
1155 1 2 0 253 902 903
1156 1 2 0 253 903 115
1157 1 2 0 254 94 116
1158 1 2 0 255 114 116
1159 1 2 0 256 113 115
1160 1 2 0 257 95 117
1161 1 2 0 258 118 904
1162 1 2 0 258 904 905
1163 1 2 0 258 905 906
1164 1 2 0 258 906 907
1165 1 2 0 258 907 117
1166 1 2 0 259 96 118
1167 1 2 0 260 116 908
1168 1 2 0 260 908 118
1169 1 2 0 261 115 909
1170 1 2 0 261 909 117
1171 1 2 0 262 97 119
1172 1 2 0 263 120 910
1173 1 2 0 263 910 911
1174 1 2 0 263 911 912
1175 1 2 0 263 912 913
1176 1 2 0 263 913 119
1177 1 2 0 264 98 120
1178 1 2 0 265 118 120
1179 1 2 0 266 117 119
1180 1 2 0 267 99 121
1181 1 2 0 268 122 914
1182 1 2 0 268 914 915
1183 1 2 0 268 915 916
1184 1 2 0 268 916 917
1185 1 2 0 268 917 121
1186 1 2 0 269 100 122
1187 1 2 0 270 120 122
1188 1 2 0 271 119 121
1189 1 2 0 272 101 123
1190 1 2 0 273 124 918
1191 1 2 0 273 918 919
1192 1 2 0 273 919 920
1193 1 2 0 273 920 921
1194 1 2 0 273 921 123
1195 1 2 0 274 102 124
1196 1 2 0 275 122 124
1197 1 2 0 276 121 123
1198 1 2 0 277 103 125
1199 1 2 0 278 126 922
1200 1 2 0 278 922 923
1201 1 2 0 278 923 924
1202 1 2 0 278 924 925
1203 1 2 0 278 925 125
1204 1 2 0 279 104 126
1205 1 2 0 280 124 126
1206 1 2 0 281 123 125
1207 1 2 0 282 105 127
1208 1 2 0 283 128 926
1209 1 2 0 283 926 927
1210 1 2 0 283 927 928
1211 1 2 0 283 928 929
1212 1 2 0 283 929 127
1213 1 2 0 284 106 128
1214 1 2 0 285 126 930
1215 1 2 0 285 930 128
1216 1 2 0 286 125 931
1217 1 2 0 286 931 127
1218 1 2 0 287 107 129
1219 1 2 0 288 130 932
1220 1 2 0 288 932 933
1221 1 2 0 288 933 934
1222 1 2 0 288 934 935
1223 1 2 0 288 935 129
1224 1 2 0 289 108 130
1225 1 2 0 290 128 130
1226 1 2 0 291 127 129
1227 1 2 0 292 109 131
1228 1 2 0 293 132 936
1229 1 2 0 293 936 937
1230 1 2 0 293 937 938
1231 1 2 0 293 938 939
1232 1 2 0 293 939 131
1233 1 2 0 294 110 132
1234 1 2 0 295 130 940
1235 1 2 0 295 940 941
1236 1 2 0 295 941 132
1237 1 2 0 296 129 942
1238 1 2 0 296 942 943
1239 1 2 0 296 943 131
1240 1 2 0 297 111 944
1241 1 2 0 297 944 133
1242 1 2 0 298 134 945
1243 1 2 0 298 945 946
1244 1 2 0 298 946 947
1245 1 2 0 298 947 948
1246 1 2 0 298 948 133
1247 1 2 0 299 112 949
1248 1 2 0 299 949 134
1249 1 2 0 300 113 950
1250 1 2 0 300 950 135
1251 1 2 0 301 136 951
1252 1 2 0 301 951 952
1253 1 2 0 301 952 953
1254 1 2 0 301 953 954
1255 1 2 0 301 954 135
1256 1 2 0 302 114 955
1257 1 2 0 302 955 136
1258 1 2 0 303 134 956
1259 1 2 0 303 956 957
1260 1 2 0 303 957 136
1261 1 2 0 304 133 958
1262 1 2 0 304 958 959
1263 1 2 0 304 959 135
1264 1 2 0 305 115 960
1265 1 2 0 305 960 137
1266 1 2 0 306 138 961
1267 1 2 0 306 961 962
1268 1 2 0 306 962 963
1269 1 2 0 306 963 964
1270 1 2 0 306 964 137
1271 1 2 0 307 116 965
1272 1 2 0 307 965 138
1273 1 2 0 308 136 138
1274 1 2 0 309 135 137
1275 1 2 0 310 117 966
1276 1 2 0 310 966 139
1277 1 2 0 311 140 967
1278 1 2 0 311 967 968
1279 1 2 0 311 968 969
1280 1 2 0 311 969 970
1281 1 2 0 311 970 139
1282 1 2 0 312 118 971
1283 1 2 0 312 971 140
1284 1 2 0 313 138 972
1285 1 2 0 313 972 140
1286 1 2 0 314 137 973
1287 1 2 0 314 973 139
1288 1 2 0 315 119 974
1289 1 2 0 315 974 141
1290 1 2 0 316 142 975
1291 1 2 0 316 975 976
1292 1 2 0 316 976 977
1293 1 2 0 316 977 978
1294 1 2 0 316 978 141
1295 1 2 0 317 120 979
1296 1 2 0 317 979 142
1297 1 2 0 318 140 142
1298 1 2 0 319 139 141
1299 1 2 0 320 121 980
1300 1 2 0 320 980 143
1301 1 2 0 321 144 981
1302 1 2 0 321 981 982
1303 1 2 0 321 982 983
1304 1 2 0 321 983 984
1305 1 2 0 321 984 143
1306 1 2 0 322 122 985
1307 1 2 0 322 985 144
1308 1 2 0 323 142 144
1309 1 2 0 324 141 143
1310 1 2 0 325 123 986
1311 1 2 0 325 986 145
1312 1 2 0 326 146 987
1313 1 2 0 326 987 988
1314 1 2 0 326 988 989
1315 1 2 0 326 989 990
1316 1 2 0 326 990 145
1317 1 2 0 327 124 991
1318 1 2 0 327 991 146
1319 1 2 0 328 144 146
1320 1 2 0 329 143 145
1321 1 2 0 330 125 992
1322 1 2 0 330 992 147
1323 1 2 0 331 148 993
1324 1 2 0 331 993 994
1325 1 2 0 331 994 995
1326 1 2 0 331 995 996
1327 1 2 0 331 996 147
1328 1 2 0 332 126 997
1329 1 2 0 332 997 148
1330 1 2 0 333 146 148
1331 1 2 0 334 145 147
1332 1 2 0 335 127 998
1333 1 2 0 335 998 149
1334 1 2 0 336 150 999
1335 1 2 0 336 999 1000
1336 1 2 0 336 1000 1001
1337 1 2 0 336 1001 1002
1338 1 2 0 336 1002 149
1339 1 2 0 337 128 1003
1340 1 2 0 337 1003 150
1341 1 2 0 338 148 1004
1342 1 2 0 338 1004 150
1343 1 2 0 339 147 1005
1344 1 2 0 339 1005 149
1345 1 2 0 340 129 1006
1346 1 2 0 340 1006 151
1347 1 2 0 341 152 1007
1348 1 2 0 341 1007 1008
1349 1 2 0 341 1008 1009
1350 1 2 0 341 1009 1010
1351 1 2 0 341 1010 151
1352 1 2 0 342 130 1011
1353 1 2 0 342 1011 152
1354 1 2 0 343 150 152
1355 1 2 0 344 149 151
1356 1 2 0 345 131 1012
1357 1 2 0 345 1012 153
1358 1 2 0 346 154 1013
1359 1 2 0 346 1013 1014
1360 1 2 0 346 1014 1015
1361 1 2 0 346 1015 1016
1362 1 2 0 346 1016 153
1363 1 2 0 347 132 1017
1364 1 2 0 347 1017 154
1365 1 2 0 348 152 1018
1366 1 2 0 348 1018 1019
1367 1 2 0 348 1019 154
1368 1 2 0 349 151 1020
1369 1 2 0 349 1020 1021
1370 1 2 0 349 1021 153
1371 1 2 0 350 155 1022
1372 1 2 0 350 1022 1023
1373 1 2 0 350 1023 1024
1374 1 2 0 350 1024 1
1375 1 2 0 351 156 1025
1376 1 2 0 351 1025 1026
1377 1 2 0 351 1026 1027
1378 1 2 0 351 1027 4
1379 1 2 0 352 155 1028
1380 1 2 0 352 1028 156
1381 1 2 0 353 157 1029
1382 1 2 0 353 1029 1030
1383 1 2 0 353 1030 1031
1384 1 2 0 353 1031 5
1385 1 2 0 354 158 1032
1386 1 2 0 354 1032 1033
1387 1 2 0 354 1033 1034
1388 1 2 0 354 1034 8
1389 1 2 0 355 157 1035
1390 1 2 0 355 1035 158
1391 1 2 0 356 155 1036
1392 1 2 0 356 1036 1037
1393 1 2 0 356 1037 157
1394 1 2 0 357 156 1038
1395 1 2 0 357 1038 1039
1396 1 2 0 357 1039 158
1397 1 2 0 358 159 1040
1398 1 2 0 358 1040 1041
1399 1 2 0 358 1041 1042
1400 1 2 0 358 1042 9
1401 1 2 0 359 160 1043
1402 1 2 0 359 1043 1044
1403 1 2 0 359 1044 1045
1404 1 2 0 359 1045 12
1405 1 2 0 360 159 1046
1406 1 2 0 360 1046 160
1407 1 2 0 361 157 159
1408 1 2 0 362 158 160
1409 1 2 0 363 161 1047
1410 1 2 0 363 1047 1048
1411 1 2 0 363 1048 1049
1412 1 2 0 363 1049 13
1413 1 2 0 364 162 1050
1414 1 2 0 364 1050 1051
1415 1 2 0 364 1051 1052
1416 1 2 0 364 1052 16
1417 1 2 0 365 161 1053
1418 1 2 0 365 1053 162
1419 1 2 0 366 159 1054
1420 1 2 0 366 1054 161
1421 1 2 0 367 160 1055
1422 1 2 0 367 1055 162
1423 1 2 0 368 163 1056
1424 1 2 0 368 1056 1057
1425 1 2 0 368 1057 1058
1426 1 2 0 368 1058 17
1427 1 2 0 369 164 1059
1428 1 2 0 369 1059 1060
1429 1 2 0 369 1060 1061
1430 1 2 0 369 1061 20
1431 1 2 0 370 163 1062
1432 1 2 0 370 1062 164
1433 1 2 0 371 161 163
1434 1 2 0 372 162 164
1435 1 2 0 373 165 1063
1436 1 2 0 373 1063 1064
1437 1 2 0 373 1064 1065
1438 1 2 0 373 1065 21
1439 1 2 0 374 166 1066
1440 1 2 0 374 1066 1067
1441 1 2 0 374 1067 1068
1442 1 2 0 374 1068 24
1443 1 2 0 375 165 1069
1444 1 2 0 375 1069 166
1445 1 2 0 376 163 165
1446 1 2 0 377 164 166
1447 1 2 0 378 167 1070
1448 1 2 0 378 1070 1071
1449 1 2 0 378 1071 1072
1450 1 2 0 378 1072 25
1451 1 2 0 379 168 1073
1452 1 2 0 379 1073 1074
1453 1 2 0 379 1074 1075
1454 1 2 0 379 1075 28
1455 1 2 0 380 167 1076
1456 1 2 0 380 1076 168
1457 1 2 0 381 165 167
1458 1 2 0 382 166 168
1459 1 2 0 383 169 1077
1460 1 2 0 383 1077 1078
1461 1 2 0 383 1078 1079
1462 1 2 0 383 1079 29
1463 1 2 0 384 170 1080
1464 1 2 0 384 1080 1081
1465 1 2 0 384 1081 1082
1466 1 2 0 384 1082 32
1467 1 2 0 385 169 1083
1468 1 2 0 385 1083 170
1469 1 2 0 386 167 169
1470 1 2 0 387 168 170
1471 1 2 0 388 171 1084
1472 1 2 0 388 1084 1085
1473 1 2 0 388 1085 1086
1474 1 2 0 388 1086 33
1475 1 2 0 389 172 1087
1476 1 2 0 389 1087 1088
1477 1 2 0 389 1088 1089
1478 1 2 0 389 1089 36
1479 1 2 0 390 171 1090
1480 1 2 0 390 1090 172
1481 1 2 0 391 169 1091
1482 1 2 0 391 1091 171
1483 1 2 0 392 170 1092
1484 1 2 0 392 1092 172
1485 1 2 0 393 173 1093
1486 1 2 0 393 1093 1094
1487 1 2 0 393 1094 1095
1488 1 2 0 393 1095 37
1489 1 2 0 394 174 1096
1490 1 2 0 394 1096 1097
1491 1 2 0 394 1097 1098
1492 1 2 0 394 1098 40
1493 1 2 0 395 173 1099
1494 1 2 0 395 1099 174
1495 1 2 0 396 171 173
1496 1 2 0 397 172 174
1497 1 2 0 398 175 1100
1498 1 2 0 398 1100 1101
1499 1 2 0 398 1101 1102
1500 1 2 0 398 1102 41
1501 1 2 0 399 176 1103
1502 1 2 0 399 1103 1104
1503 1 2 0 399 1104 1105
1504 1 2 0 399 1105 44
1505 1 2 0 400 175 1106
1506 1 2 0 400 1106 176
1507 1 2 0 401 173 1107
1508 1 2 0 401 1107 1108
1509 1 2 0 401 1108 175
1510 1 2 0 402 174 1109
1511 1 2 0 402 1109 1110
1512 1 2 0 402 1110 176
1513 1 2 0 403 177 1111
1514 1 2 0 403 1111 1112
1515 1 2 0 403 1112 1113
1516 1 2 0 403 1113 46
1517 1 2 0 404 156 177
1518 1 2 0 405 178 1114
1519 1 2 0 405 1114 1115
1520 1 2 0 405 1115 1116
1521 1 2 0 405 1116 48
1522 1 2 0 406 158 178
1523 1 2 0 407 177 1117
1524 1 2 0 407 1117 1118
1525 1 2 0 407 1118 178
1526 1 2 0 408 179 1119
1527 1 2 0 408 1119 1120
1528 1 2 0 408 1120 1121
1529 1 2 0 408 1121 50
1530 1 2 0 409 160 179
1531 1 2 0 410 178 179
1532 1 2 0 411 180 1122
1533 1 2 0 411 1122 1123
1534 1 2 0 411 1123 1124
1535 1 2 0 411 1124 52
1536 1 2 0 412 162 180
1537 1 2 0 413 179 1125
1538 1 2 0 413 1125 180
1539 1 2 0 414 181 1126
1540 1 2 0 414 1126 1127
1541 1 2 0 414 1127 1128
1542 1 2 0 414 1128 54
1543 1 2 0 415 164 181
1544 1 2 0 416 180 181
1545 1 2 0 417 182 1129
1546 1 2 0 417 1129 1130
1547 1 2 0 417 1130 1131
1548 1 2 0 417 1131 56
1549 1 2 0 418 166 182
1550 1 2 0 419 181 182
1551 1 2 0 420 183 1132
1552 1 2 0 420 1132 1133
1553 1 2 0 420 1133 1134
1554 1 2 0 420 1134 58
1555 1 2 0 421 168 183
1556 1 2 0 422 182 183
1557 1 2 0 423 184 1135
1558 1 2 0 423 1135 1136
1559 1 2 0 423 1136 1137
1560 1 2 0 423 1137 60
1561 1 2 0 424 170 184
1562 1 2 0 425 183 184
1563 1 2 0 426 185 1138
1564 1 2 0 426 1138 1139
1565 1 2 0 426 1139 1140
1566 1 2 0 426 1140 62
1567 1 2 0 427 172 185
1568 1 2 0 428 184 1141
1569 1 2 0 428 1141 185
1570 1 2 0 429 186 1142
1571 1 2 0 429 1142 1143
1572 1 2 0 429 1143 1144
1573 1 2 0 429 1144 64
1574 1 2 0 430 174 186
1575 1 2 0 431 185 186
1576 1 2 0 432 187 1145
1577 1 2 0 432 1145 1146
1578 1 2 0 432 1146 1147
1579 1 2 0 432 1147 66
1580 1 2 0 433 176 187
1581 1 2 0 434 186 1148
1582 1 2 0 434 1148 1149
1583 1 2 0 434 1149 187
1584 1 2 0 435 188 1150
1585 1 2 0 435 1150 1151
1586 1 2 0 435 1151 1152
1587 1 2 0 435 1152 68
1588 1 2 0 436 177 188
1589 1 2 0 437 189 1153
1590 1 2 0 437 1153 1154
1591 1 2 0 437 1154 1155
1592 1 2 0 437 1155 70
1593 1 2 0 438 178 189
1594 1 2 0 439 188 1156
1595 1 2 0 439 1156 1157
1596 1 2 0 439 1157 189
1597 1 2 0 440 190 1158
1598 1 2 0 440 1158 1159
1599 1 2 0 440 1159 1160
1600 1 2 0 440 1160 72
1601 1 2 0 441 179 190
1602 1 2 0 442 189 190
1603 1 2 0 443 191 1161
1604 1 2 0 443 1161 1162
1605 1 2 0 443 1162 1163
1606 1 2 0 443 1163 74
1607 1 2 0 444 180 191
1608 1 2 0 445 190 1164
1609 1 2 0 445 1164 191
1610 1 2 0 446 192 1165
1611 1 2 0 446 1165 1166
1612 1 2 0 446 1166 1167
1613 1 2 0 446 1167 76
1614 1 2 0 447 181 192
1615 1 2 0 448 191 192
1616 1 2 0 449 193 1168
1617 1 2 0 449 1168 1169
1618 1 2 0 449 1169 1170
1619 1 2 0 449 1170 78
1620 1 2 0 450 182 193
1621 1 2 0 451 192 193
1622 1 2 0 452 194 1171
1623 1 2 0 452 1171 1172
1624 1 2 0 452 1172 1173
1625 1 2 0 452 1173 80
1626 1 2 0 453 183 194
1627 1 2 0 454 193 194
1628 1 2 0 455 195 1174
1629 1 2 0 455 1174 1175
1630 1 2 0 455 1175 1176
1631 1 2 0 455 1176 82
1632 1 2 0 456 184 195
1633 1 2 0 457 194 195
1634 1 2 0 458 196 1177
1635 1 2 0 458 1177 1178
1636 1 2 0 458 1178 1179
1637 1 2 0 458 1179 84
1638 1 2 0 459 185 196
1639 1 2 0 460 195 1180
1640 1 2 0 460 1180 196
1641 1 2 0 461 197 1181
1642 1 2 0 461 1181 1182
1643 1 2 0 461 1182 1183
1644 1 2 0 461 1183 86
1645 1 2 0 462 186 197
1646 1 2 0 463 196 197
1647 1 2 0 464 198 1184
1648 1 2 0 464 1184 1185
1649 1 2 0 464 1185 1186
1650 1 2 0 464 1186 88
1651 1 2 0 465 187 198
1652 1 2 0 466 197 1187
1653 1 2 0 466 1187 1188
1654 1 2 0 466 1188 198
1655 1 2 0 467 199 1189
1656 1 2 0 467 1189 1190
1657 1 2 0 467 1190 1191
1658 1 2 0 467 1191 90
1659 1 2 0 468 188 199
1660 1 2 0 469 200 1192
1661 1 2 0 469 1192 1193
1662 1 2 0 469 1193 1194
1663 1 2 0 469 1194 92
1664 1 2 0 470 189 200
1665 1 2 0 471 199 1195
1666 1 2 0 471 1195 1196
1667 1 2 0 471 1196 200
1668 1 2 0 472 201 1197
1669 1 2 0 472 1197 1198
1670 1 2 0 472 1198 1199
1671 1 2 0 472 1199 94
1672 1 2 0 473 190 201
1673 1 2 0 474 200 201
1674 1 2 0 475 202 1200
1675 1 2 0 475 1200 1201
1676 1 2 0 475 1201 1202
1677 1 2 0 475 1202 96
1678 1 2 0 476 191 202
1679 1 2 0 477 201 1203
1680 1 2 0 477 1203 202
1681 1 2 0 478 203 1204
1682 1 2 0 478 1204 1205
1683 1 2 0 478 1205 1206
1684 1 2 0 478 1206 98
1685 1 2 0 479 192 203
1686 1 2 0 480 202 203
1687 1 2 0 481 204 1207
1688 1 2 0 481 1207 1208
1689 1 2 0 481 1208 1209
1690 1 2 0 481 1209 100
1691 1 2 0 482 193 204
1692 1 2 0 483 203 204
1693 1 2 0 484 205 1210
1694 1 2 0 484 1210 1211
1695 1 2 0 484 1211 1212
1696 1 2 0 484 1212 102
1697 1 2 0 485 194 205
1698 1 2 0 486 204 205
1699 1 2 0 487 206 1213
1700 1 2 0 487 1213 1214
1701 1 2 0 487 1214 1215
1702 1 2 0 487 1215 104
1703 1 2 0 488 195 206
1704 1 2 0 489 205 206
1705 1 2 0 490 207 1216
1706 1 2 0 490 1216 1217
1707 1 2 0 490 1217 1218
1708 1 2 0 490 1218 106
1709 1 2 0 491 196 207
1710 1 2 0 492 206 1219
1711 1 2 0 492 1219 207
1712 1 2 0 493 208 1220
1713 1 2 0 493 1220 1221
1714 1 2 0 493 1221 1222
1715 1 2 0 493 1222 108
1716 1 2 0 494 197 208
1717 1 2 0 495 207 208
1718 1 2 0 496 209 1223
1719 1 2 0 496 1223 1224
1720 1 2 0 496 1224 1225
1721 1 2 0 496 1225 110
1722 1 2 0 497 198 209
1723 1 2 0 498 208 1226
1724 1 2 0 498 1226 1227
1725 1 2 0 498 1227 209
1726 1 2 0 499 210 1228
1727 1 2 0 499 1228 1229
1728 1 2 0 499 1229 1230
1729 1 2 0 499 1230 112
1730 1 2 0 500 199 210
1731 1 2 0 501 211 1231
1732 1 2 0 501 1231 1232
1733 1 2 0 501 1232 1233
1734 1 2 0 501 1233 114
1735 1 2 0 502 200 211
1736 1 2 0 503 210 1234
1737 1 2 0 503 1234 1235
1738 1 2 0 503 1235 211
1739 1 2 0 504 212 1236
1740 1 2 0 504 1236 1237
1741 1 2 0 504 1237 1238
1742 1 2 0 504 1238 116
1743 1 2 0 505 201 212
1744 1 2 0 506 211 212
1745 1 2 0 507 213 1239
1746 1 2 0 507 1239 1240
1747 1 2 0 507 1240 1241
1748 1 2 0 507 1241 118
1749 1 2 0 508 202 213
1750 1 2 0 509 212 1242
1751 1 2 0 509 1242 213
1752 1 2 0 510 214 1243
1753 1 2 0 510 1243 1244
1754 1 2 0 510 1244 1245
1755 1 2 0 510 1245 120
1756 1 2 0 511 203 214
1757 1 2 0 512 213 214
1758 1 2 0 513 215 1246
1759 1 2 0 513 1246 1247
1760 1 2 0 513 1247 1248
1761 1 2 0 513 1248 122
1762 1 2 0 514 204 215
1763 1 2 0 515 214 215
1764 1 2 0 516 216 1249
1765 1 2 0 516 1249 1250
1766 1 2 0 516 1250 1251
1767 1 2 0 516 1251 124
1768 1 2 0 517 205 216
1769 1 2 0 518 215 216
1770 1 2 0 519 217 1252
1771 1 2 0 519 1252 1253
1772 1 2 0 519 1253 1254
1773 1 2 0 519 1254 126
1774 1 2 0 520 206 217
1775 1 2 0 521 216 217
1776 1 2 0 522 218 1255
1777 1 2 0 522 1255 1256
1778 1 2 0 522 1256 1257
1779 1 2 0 522 1257 128
1780 1 2 0 523 207 218
1781 1 2 0 524 217 1258
1782 1 2 0 524 1258 218
1783 1 2 0 525 219 1259
1784 1 2 0 525 1259 1260
1785 1 2 0 525 1260 1261
1786 1 2 0 525 1261 130
1787 1 2 0 526 208 219
1788 1 2 0 527 218 219
1789 1 2 0 528 220 1262
1790 1 2 0 528 1262 1263
1791 1 2 0 528 1263 1264
1792 1 2 0 528 1264 132
1793 1 2 0 529 209 220
1794 1 2 0 530 219 1265
1795 1 2 0 530 1265 1266
1796 1 2 0 530 1266 220
1797 1 2 0 531 221 1267
1798 1 2 0 531 1267 1268
1799 1 2 0 531 1268 1269
1800 1 2 0 531 1269 134
1801 1 2 0 532 210 1270
1802 1 2 0 532 1270 221
1803 1 2 0 533 222 1271
1804 1 2 0 533 1271 1272
1805 1 2 0 533 1272 1273
1806 1 2 0 533 1273 136
1807 1 2 0 534 211 1274
1808 1 2 0 534 1274 222
1809 1 2 0 535 221 1275
1810 1 2 0 535 1275 1276
1811 1 2 0 535 1276 222
1812 1 2 0 536 223 1277
1813 1 2 0 536 1277 1278
1814 1 2 0 536 1278 1279
1815 1 2 0 536 1279 138
1816 1 2 0 537 212 1280
1817 1 2 0 537 1280 223
1818 1 2 0 538 222 223
1819 1 2 0 539 224 1281
1820 1 2 0 539 1281 1282
1821 1 2 0 539 1282 1283
1822 1 2 0 539 1283 140
1823 1 2 0 540 213 1284
1824 1 2 0 540 1284 224
1825 1 2 0 541 223 1285
1826 1 2 0 541 1285 224
1827 1 2 0 542 225 1286
1828 1 2 0 542 1286 1287
1829 1 2 0 542 1287 1288
1830 1 2 0 542 1288 142
1831 1 2 0 543 214 1289
1832 1 2 0 543 1289 225
1833 1 2 0 544 224 225
1834 1 2 0 545 226 1290
1835 1 2 0 545 1290 1291
1836 1 2 0 545 1291 1292
1837 1 2 0 545 1292 144
1838 1 2 0 546 215 1293
1839 1 2 0 546 1293 226
1840 1 2 0 547 225 226
1841 1 2 0 548 227 1294
1842 1 2 0 548 1294 1295
1843 1 2 0 548 1295 1296
1844 1 2 0 548 1296 146
1845 1 2 0 549 216 1297
1846 1 2 0 549 1297 227
1847 1 2 0 550 226 227
1848 1 2 0 551 228 1298
1849 1 2 0 551 1298 1299
1850 1 2 0 551 1299 1300
1851 1 2 0 551 1300 148
1852 1 2 0 552 217 1301
1853 1 2 0 552 1301 228
1854 1 2 0 553 227 228
1855 1 2 0 554 229 1302
1856 1 2 0 554 1302 1303
1857 1 2 0 554 1303 1304
1858 1 2 0 554 1304 150
1859 1 2 0 555 218 1305
1860 1 2 0 555 1305 229
1861 1 2 0 556 228 1306
1862 1 2 0 556 1306 229
1863 1 2 0 557 230 1307
1864 1 2 0 557 1307 1308
1865 1 2 0 557 1308 1309
1866 1 2 0 557 1309 152
1867 1 2 0 558 219 1310
1868 1 2 0 558 1310 230
1869 1 2 0 559 229 230
1870 1 2 0 560 231 1311
1871 1 2 0 560 1311 1312
1872 1 2 0 560 1312 1313
1873 1 2 0 560 1313 154
1874 1 2 0 561 220 1314
1875 1 2 0 561 1314 231
1876 1 2 0 562 230 1315
1877 1 2 0 562 1315 1316
1878 1 2 0 562 1316 231
1879 1 2 0 563 232 1317
1880 1 2 0 563 1317 1318
1881 1 2 0 563 1318 1319
1882 1 2 0 563 1319 1320
1883 1 2 0 563 1320 155
1884 1 2 0 564 233 1321
1885 1 2 0 564 1321 1322
1886 1 2 0 564 1322 1323
1887 1 2 0 564 1323 1324
1888 1 2 0 564 1324 156
1889 1 2 0 565 232 1325
1890 1 2 0 565 1325 233
1891 1 2 0 566 234 1326
1892 1 2 0 566 1326 1327
1893 1 2 0 566 1327 1328
1894 1 2 0 566 1328 1329
1895 1 2 0 566 1329 157
1896 1 2 0 567 235 1330
1897 1 2 0 567 1330 1331
1898 1 2 0 567 1331 1332
1899 1 2 0 567 1332 1333
1900 1 2 0 567 1333 158
1901 1 2 0 568 234 1334
1902 1 2 0 568 1334 235
1903 1 2 0 569 232 1335
1904 1 2 0 569 1335 1336
1905 1 2 0 569 1336 234
1906 1 2 0 570 233 1337
1907 1 2 0 570 1337 1338
1908 1 2 0 570 1338 235
1909 1 2 0 571 236 1339
1910 1 2 0 571 1339 1340
1911 1 2 0 571 1340 1341
1912 1 2 0 571 1341 1342
1913 1 2 0 571 1342 159
1914 1 2 0 572 237 1343
1915 1 2 0 572 1343 1344
1916 1 2 0 572 1344 1345
1917 1 2 0 572 1345 1346
1918 1 2 0 572 1346 160
1919 1 2 0 573 236 1347
1920 1 2 0 573 1347 237
1921 1 2 0 574 234 236
1922 1 2 0 575 235 237
1923 1 2 0 576 238 1348
1924 1 2 0 576 1348 1349
1925 1 2 0 576 1349 1350
1926 1 2 0 576 1350 1351
1927 1 2 0 576 1351 161
1928 1 2 0 577 239 1352
1929 1 2 0 577 1352 1353
1930 1 2 0 577 1353 1354
1931 1 2 0 577 1354 1355
1932 1 2 0 577 1355 162
1933 1 2 0 578 238 1356
1934 1 2 0 578 1356 239
1935 1 2 0 579 236 1357
1936 1 2 0 579 1357 238
1937 1 2 0 580 237 1358
1938 1 2 0 580 1358 239
1939 1 2 0 581 240 1359
1940 1 2 0 581 1359 1360
1941 1 2 0 581 1360 1361
1942 1 2 0 581 1361 1362
1943 1 2 0 581 1362 163
1944 1 2 0 582 241 1363
1945 1 2 0 582 1363 1364
1946 1 2 0 582 1364 1365
1947 1 2 0 582 1365 1366
1948 1 2 0 582 1366 164
1949 1 2 0 583 240 1367
1950 1 2 0 583 1367 241
1951 1 2 0 584 238 240
1952 1 2 0 585 239 241
1953 1 2 0 586 242 1368
1954 1 2 0 586 1368 1369
1955 1 2 0 586 1369 1370
1956 1 2 0 586 1370 1371
1957 1 2 0 586 1371 165
1958 1 2 0 587 243 1372
1959 1 2 0 587 1372 1373
1960 1 2 0 587 1373 1374
1961 1 2 0 587 1374 1375
1962 1 2 0 587 1375 166
1963 1 2 0 588 242 1376
1964 1 2 0 588 1376 243
1965 1 2 0 589 240 242
1966 1 2 0 590 241 243
1967 1 2 0 591 244 1377
1968 1 2 0 591 1377 1378
1969 1 2 0 591 1378 1379
1970 1 2 0 591 1379 1380
1971 1 2 0 591 1380 167
1972 1 2 0 592 245 1381
1973 1 2 0 592 1381 1382
1974 1 2 0 592 1382 1383
1975 1 2 0 592 1383 1384
1976 1 2 0 592 1384 168
1977 1 2 0 593 244 1385
1978 1 2 0 593 1385 245
1979 1 2 0 594 242 244
1980 1 2 0 595 243 245
1981 1 2 0 596 246 1386
1982 1 2 0 596 1386 1387
1983 1 2 0 596 1387 1388
1984 1 2 0 596 1388 1389
1985 1 2 0 596 1389 169
1986 1 2 0 597 247 1390
1987 1 2 0 597 1390 1391
1988 1 2 0 597 1391 1392
1989 1 2 0 597 1392 1393
1990 1 2 0 597 1393 170
1991 1 2 0 598 246 1394
1992 1 2 0 598 1394 247
1993 1 2 0 599 244 246
1994 1 2 0 600 245 247
1995 1 2 0 601 248 1395
1996 1 2 0 601 1395 1396
1997 1 2 0 601 1396 1397
1998 1 2 0 601 1397 1398
1999 1 2 0 601 1398 171
2000 1 2 0 602 249 1399
2001 1 2 0 602 1399 1400
2002 1 2 0 602 1400 1401
2003 1 2 0 602 1401 1402
2004 1 2 0 602 1402 172
2005 1 2 0 603 248 1403
2006 1 2 0 603 1403 249
2007 1 2 0 604 246 1404
2008 1 2 0 604 1404 248
2009 1 2 0 605 247 1405
2010 1 2 0 605 1405 249
2011 1 2 0 606 250 1406
2012 1 2 0 606 1406 1407
2013 1 2 0 606 1407 1408
2014 1 2 0 606 1408 1409
2015 1 2 0 606 1409 173
2016 1 2 0 607 251 1410
2017 1 2 0 607 1410 1411
2018 1 2 0 607 1411 1412
2019 1 2 0 607 1412 1413
2020 1 2 0 607 1413 174
2021 1 2 0 608 250 1414
2022 1 2 0 608 1414 251
2023 1 2 0 609 248 250
2024 1 2 0 610 249 251
2025 1 2 0 611 252 1415
2026 1 2 0 611 1415 1416
2027 1 2 0 611 1416 1417
2028 1 2 0 611 1417 1418
2029 1 2 0 611 1418 175
2030 1 2 0 612 253 1419
2031 1 2 0 612 1419 1420
2032 1 2 0 612 1420 1421
2033 1 2 0 612 1421 1422
2034 1 2 0 612 1422 176
2035 1 2 0 613 252 1423
2036 1 2 0 613 1423 253
2037 1 2 0 614 250 1424
2038 1 2 0 614 1424 1425
2039 1 2 0 614 1425 252
2040 1 2 0 615 251 1426
2041 1 2 0 615 1426 1427
2042 1 2 0 615 1427 253
2043 1 2 0 616 254 1428
2044 1 2 0 616 1428 1429
2045 1 2 0 616 1429 1430
2046 1 2 0 616 1430 1431
2047 1 2 0 616 1431 177
2048 1 2 0 617 233 254
2049 1 2 0 618 255 1432
2050 1 2 0 618 1432 1433
2051 1 2 0 618 1433 1434
2052 1 2 0 618 1434 1435
2053 1 2 0 618 1435 178
2054 1 2 0 619 235 255
2055 1 2 0 620 254 1436
2056 1 2 0 620 1436 1437
2057 1 2 0 620 1437 255
2058 1 2 0 621 256 1438
2059 1 2 0 621 1438 1439
2060 1 2 0 621 1439 1440
2061 1 2 0 621 1440 1441
2062 1 2 0 621 1441 179
2063 1 2 0 622 237 256
2064 1 2 0 623 255 256
2065 1 2 0 624 257 1442
2066 1 2 0 624 1442 1443
2067 1 2 0 624 1443 1444
2068 1 2 0 624 1444 1445
2069 1 2 0 624 1445 180
2070 1 2 0 625 239 257
2071 1 2 0 626 256 1446
2072 1 2 0 626 1446 257
2073 1 2 0 627 258 1447
2074 1 2 0 627 1447 1448
2075 1 2 0 627 1448 1449
2076 1 2 0 627 1449 1450
2077 1 2 0 627 1450 181
2078 1 2 0 628 241 258
2079 1 2 0 629 257 258
2080 1 2 0 630 259 1451
2081 1 2 0 630 1451 1452
2082 1 2 0 630 1452 1453
2083 1 2 0 630 1453 1454
2084 1 2 0 630 1454 182
2085 1 2 0 631 243 259
2086 1 2 0 632 258 259
2087 1 2 0 633 260 1455
2088 1 2 0 633 1455 1456
2089 1 2 0 633 1456 1457
2090 1 2 0 633 1457 1458
2091 1 2 0 633 1458 183
2092 1 2 0 634 245 260
2093 1 2 0 635 259 260
2094 1 2 0 636 261 1459
2095 1 2 0 636 1459 1460
2096 1 2 0 636 1460 1461
2097 1 2 0 636 1461 1462
2098 1 2 0 636 1462 184
2099 1 2 0 637 247 261
2100 1 2 0 638 260 261
2101 1 2 0 639 262 1463
2102 1 2 0 639 1463 1464
2103 1 2 0 639 1464 1465
2104 1 2 0 639 1465 1466
2105 1 2 0 639 1466 185
2106 1 2 0 640 249 262
2107 1 2 0 641 261 1467
2108 1 2 0 641 1467 262
2109 1 2 0 642 263 1468
2110 1 2 0 642 1468 1469
2111 1 2 0 642 1469 1470
2112 1 2 0 642 1470 1471
2113 1 2 0 642 1471 186
2114 1 2 0 643 251 263
2115 1 2 0 644 262 263
2116 1 2 0 645 264 1472
2117 1 2 0 645 1472 1473
2118 1 2 0 645 1473 1474
2119 1 2 0 645 1474 1475
2120 1 2 0 645 1475 187
2121 1 2 0 646 253 264
2122 1 2 0 647 263 1476
2123 1 2 0 647 1476 1477
2124 1 2 0 647 1477 264
2125 1 2 0 648 265 1478
2126 1 2 0 648 1478 1479
2127 1 2 0 648 1479 1480
2128 1 2 0 648 1480 1481
2129 1 2 0 648 1481 188
2130 1 2 0 649 254 265
2131 1 2 0 650 266 1482
2132 1 2 0 650 1482 1483
2133 1 2 0 650 1483 1484
2134 1 2 0 650 1484 1485
2135 1 2 0 650 1485 189
2136 1 2 0 651 255 266
2137 1 2 0 652 265 1486
2138 1 2 0 652 1486 1487
2139 1 2 0 652 1487 266
2140 1 2 0 653 267 1488
2141 1 2 0 653 1488 1489
2142 1 2 0 653 1489 1490
2143 1 2 0 653 1490 1491
2144 1 2 0 653 1491 190
2145 1 2 0 654 256 267
2146 1 2 0 655 266 267
2147 1 2 0 656 268 1492
2148 1 2 0 656 1492 1493
2149 1 2 0 656 1493 1494
2150 1 2 0 656 1494 1495
2151 1 2 0 656 1495 191
2152 1 2 0 657 257 268
2153 1 2 0 658 267 1496
2154 1 2 0 658 1496 268
2155 1 2 0 659 269 1497
2156 1 2 0 659 1497 1498
2157 1 2 0 659 1498 1499
2158 1 2 0 659 1499 1500
2159 1 2 0 659 1500 192
2160 1 2 0 660 258 269
2161 1 2 0 661 268 269
2162 1 2 0 662 270 1501
2163 1 2 0 662 1501 1502
2164 1 2 0 662 1502 1503
2165 1 2 0 662 1503 1504
2166 1 2 0 662 1504 193
2167 1 2 0 663 259 270
2168 1 2 0 664 269 270
2169 1 2 0 665 271 1505
2170 1 2 0 665 1505 1506
2171 1 2 0 665 1506 1507
2172 1 2 0 665 1507 1508
2173 1 2 0 665 1508 194
2174 1 2 0 666 260 271
2175 1 2 0 667 270 271
2176 1 2 0 668 272 1509
2177 1 2 0 668 1509 1510
2178 1 2 0 668 1510 1511
2179 1 2 0 668 1511 1512
2180 1 2 0 668 1512 195
2181 1 2 0 669 261 272
2182 1 2 0 670 271 272
2183 1 2 0 671 273 1513
2184 1 2 0 671 1513 1514
2185 1 2 0 671 1514 1515
2186 1 2 0 671 1515 1516
2187 1 2 0 671 1516 196
2188 1 2 0 672 262 273
2189 1 2 0 673 272 1517
2190 1 2 0 673 1517 273
2191 1 2 0 674 274 1518
2192 1 2 0 674 1518 1519
2193 1 2 0 674 1519 1520
2194 1 2 0 674 1520 1521
2195 1 2 0 674 1521 197
2196 1 2 0 675 263 274
2197 1 2 0 676 273 274
2198 1 2 0 677 275 1522
2199 1 2 0 677 1522 1523
2200 1 2 0 677 1523 1524
2201 1 2 0 677 1524 1525
2202 1 2 0 677 1525 198
2203 1 2 0 678 264 275
2204 1 2 0 679 274 1526
2205 1 2 0 679 1526 1527
2206 1 2 0 679 1527 275
2207 1 2 0 680 276 1528
2208 1 2 0 680 1528 1529
2209 1 2 0 680 1529 1530
2210 1 2 0 680 1530 1531
2211 1 2 0 680 1531 199
2212 1 2 0 681 265 276
2213 1 2 0 682 277 1532
2214 1 2 0 682 1532 1533
2215 1 2 0 682 1533 1534
2216 1 2 0 682 1534 1535
2217 1 2 0 682 1535 200
2218 1 2 0 683 266 277
2219 1 2 0 684 276 1536
2220 1 2 0 684 1536 1537
2221 1 2 0 684 1537 277
2222 1 2 0 685 278 1538
2223 1 2 0 685 1538 1539
2224 1 2 0 685 1539 1540
2225 1 2 0 685 1540 1541
2226 1 2 0 685 1541 201
2227 1 2 0 686 267 278
2228 1 2 0 687 277 278
2229 1 2 0 688 279 1542
2230 1 2 0 688 1542 1543
2231 1 2 0 688 1543 1544
2232 1 2 0 688 1544 1545
2233 1 2 0 688 1545 202
2234 1 2 0 689 268 279
2235 1 2 0 690 278 1546
2236 1 2 0 690 1546 279
2237 1 2 0 691 280 1547
2238 1 2 0 691 1547 1548
2239 1 2 0 691 1548 1549
2240 1 2 0 691 1549 1550
2241 1 2 0 691 1550 203
2242 1 2 0 692 269 280
2243 1 2 0 693 279 280
2244 1 2 0 694 281 1551
2245 1 2 0 694 1551 1552
2246 1 2 0 694 1552 1553
2247 1 2 0 694 1553 1554
2248 1 2 0 694 1554 204
2249 1 2 0 695 270 281
2250 1 2 0 696 280 281
2251 1 2 0 697 282 1555
2252 1 2 0 697 1555 1556
2253 1 2 0 697 1556 1557
2254 1 2 0 697 1557 1558
2255 1 2 0 697 1558 205
2256 1 2 0 698 271 282
2257 1 2 0 699 281 282
2258 1 2 0 700 283 1559
2259 1 2 0 700 1559 1560
2260 1 2 0 700 1560 1561
2261 1 2 0 700 1561 1562
2262 1 2 0 700 1562 206
2263 1 2 0 701 272 283
2264 1 2 0 702 282 283
2265 1 2 0 703 284 1563
2266 1 2 0 703 1563 1564
2267 1 2 0 703 1564 1565
2268 1 2 0 703 1565 1566
2269 1 2 0 703 1566 207
2270 1 2 0 704 273 284
2271 1 2 0 705 283 1567
2272 1 2 0 705 1567 284
2273 1 2 0 706 285 1568
2274 1 2 0 706 1568 1569
2275 1 2 0 706 1569 1570
2276 1 2 0 706 1570 1571
2277 1 2 0 706 1571 208
2278 1 2 0 707 274 285
2279 1 2 0 708 284 285
2280 1 2 0 709 286 1572
2281 1 2 0 709 1572 1573
2282 1 2 0 709 1573 1574
2283 1 2 0 709 1574 1575
2284 1 2 0 709 1575 209
2285 1 2 0 710 275 286
2286 1 2 0 711 285 1576
2287 1 2 0 711 1576 1577
2288 1 2 0 711 1577 286
2289 1 2 0 712 287 1578
2290 1 2 0 712 1578 1579
2291 1 2 0 712 1579 1580
2292 1 2 0 712 1580 1581
2293 1 2 0 712 1581 210
2294 1 2 0 713 276 287
2295 1 2 0 714 288 1582
2296 1 2 0 714 1582 1583
2297 1 2 0 714 1583 1584
2298 1 2 0 714 1584 1585
2299 1 2 0 714 1585 211
2300 1 2 0 715 277 288
2301 1 2 0 716 287 1586
2302 1 2 0 716 1586 1587
2303 1 2 0 716 1587 288
2304 1 2 0 717 289 1588
2305 1 2 0 717 1588 1589
2306 1 2 0 717 1589 1590
2307 1 2 0 717 1590 1591
2308 1 2 0 717 1591 212
2309 1 2 0 718 278 289
2310 1 2 0 719 288 289
2311 1 2 0 720 290 1592
2312 1 2 0 720 1592 1593
2313 1 2 0 720 1593 1594
2314 1 2 0 720 1594 1595
2315 1 2 0 720 1595 213
2316 1 2 0 721 279 290
2317 1 2 0 722 289 1596
2318 1 2 0 722 1596 290
2319 1 2 0 723 291 1597
2320 1 2 0 723 1597 1598
2321 1 2 0 723 1598 1599
2322 1 2 0 723 1599 1600
2323 1 2 0 723 1600 214
2324 1 2 0 724 280 291
2325 1 2 0 725 290 291
2326 1 2 0 726 292 1601
2327 1 2 0 726 1601 1602
2328 1 2 0 726 1602 1603
2329 1 2 0 726 1603 1604
2330 1 2 0 726 1604 215
2331 1 2 0 727 281 292
2332 1 2 0 728 291 292
2333 1 2 0 729 293 1605
2334 1 2 0 729 1605 1606
2335 1 2 0 729 1606 1607
2336 1 2 0 729 1607 1608
2337 1 2 0 729 1608 216
2338 1 2 0 730 282 293
2339 1 2 0 731 292 293
2340 1 2 0 732 294 1609
2341 1 2 0 732 1609 1610
2342 1 2 0 732 1610 1611
2343 1 2 0 732 1611 1612
2344 1 2 0 732 1612 217
2345 1 2 0 733 283 294
2346 1 2 0 734 293 294
2347 1 2 0 735 295 1613
2348 1 2 0 735 1613 1614
2349 1 2 0 735 1614 1615
2350 1 2 0 735 1615 1616
2351 1 2 0 735 1616 218
2352 1 2 0 736 284 295
2353 1 2 0 737 294 1617
2354 1 2 0 737 1617 295
2355 1 2 0 738 296 1618
2356 1 2 0 738 1618 1619
2357 1 2 0 738 1619 1620
2358 1 2 0 738 1620 1621
2359 1 2 0 738 1621 219
2360 1 2 0 739 285 296
2361 1 2 0 740 295 296
2362 1 2 0 741 297 1622
2363 1 2 0 741 1622 1623
2364 1 2 0 741 1623 1624
2365 1 2 0 741 1624 1625
2366 1 2 0 741 1625 220
2367 1 2 0 742 286 297
2368 1 2 0 743 296 1626
2369 1 2 0 743 1626 1627
2370 1 2 0 743 1627 297
2371 1 2 0 744 298 1628
2372 1 2 0 744 1628 1629
2373 1 2 0 744 1629 1630
2374 1 2 0 744 1630 1631
2375 1 2 0 744 1631 221
2376 1 2 0 745 287 1632
2377 1 2 0 745 1632 298
2378 1 2 0 746 299 1633
2379 1 2 0 746 1633 1634
2380 1 2 0 746 1634 1635
2381 1 2 0 746 1635 1636
2382 1 2 0 746 1636 222
2383 1 2 0 747 288 1637
2384 1 2 0 747 1637 299
2385 1 2 0 748 298 1638
2386 1 2 0 748 1638 1639
2387 1 2 0 748 1639 299
2388 1 2 0 749 300 1640
2389 1 2 0 749 1640 1641
2390 1 2 0 749 1641 1642
2391 1 2 0 749 1642 1643
2392 1 2 0 749 1643 223
2393 1 2 0 750 289 1644
2394 1 2 0 750 1644 300
2395 1 2 0 751 299 300
2396 1 2 0 752 301 1645
2397 1 2 0 752 1645 1646
2398 1 2 0 752 1646 1647
2399 1 2 0 752 1647 1648
2400 1 2 0 752 1648 224
2401 1 2 0 753 290 1649
2402 1 2 0 753 1649 301
2403 1 2 0 754 300 1650
2404 1 2 0 754 1650 301
2405 1 2 0 755 302 1651
2406 1 2 0 755 1651 1652
2407 1 2 0 755 1652 1653
2408 1 2 0 755 1653 1654
2409 1 2 0 755 1654 225
2410 1 2 0 756 291 1655
2411 1 2 0 756 1655 302
2412 1 2 0 757 301 302
2413 1 2 0 758 303 1656
2414 1 2 0 758 1656 1657
2415 1 2 0 758 1657 1658
2416 1 2 0 758 1658 1659
2417 1 2 0 758 1659 226
2418 1 2 0 759 292 1660
2419 1 2 0 759 1660 303
2420 1 2 0 760 302 303
2421 1 2 0 761 304 1661
2422 1 2 0 761 1661 1662
2423 1 2 0 761 1662 1663
2424 1 2 0 761 1663 1664
2425 1 2 0 761 1664 227
2426 1 2 0 762 293 1665
2427 1 2 0 762 1665 304
2428 1 2 0 763 303 304
2429 1 2 0 764 305 1666
2430 1 2 0 764 1666 1667
2431 1 2 0 764 1667 1668
2432 1 2 0 764 1668 1669
2433 1 2 0 764 1669 228
2434 1 2 0 765 294 1670
2435 1 2 0 765 1670 305
2436 1 2 0 766 304 305
2437 1 2 0 767 306 1671
2438 1 2 0 767 1671 1672
2439 1 2 0 767 1672 1673
2440 1 2 0 767 1673 1674
2441 1 2 0 767 1674 229
2442 1 2 0 768 295 1675
2443 1 2 0 768 1675 306
2444 1 2 0 769 305 1676
2445 1 2 0 769 1676 306
2446 1 2 0 770 307 1677
2447 1 2 0 770 1677 1678
2448 1 2 0 770 1678 1679
2449 1 2 0 770 1679 1680
2450 1 2 0 770 1680 230
2451 1 2 0 771 296 1681
2452 1 2 0 771 1681 307
2453 1 2 0 772 306 307
2454 1 2 0 773 308 1682
2455 1 2 0 773 1682 1683
2456 1 2 0 773 1683 1684
2457 1 2 0 773 1684 1685
2458 1 2 0 773 1685 231
2459 1 2 0 774 297 1686
2460 1 2 0 774 1686 308
2461 1 2 0 775 307 1687
2462 1 2 0 775 1687 1688
2463 1 2 0 775 1688 308
2464 1 2 0 776 232 309
2465 1 2 0 777 233 310
2466 1 2 0 778 309 1689
2467 1 2 0 778 1689 310
2468 1 2 0 779 235 311
2469 1 2 0 780 310 1690
2470 1 2 0 780 1690 1691
2471 1 2 0 780 1691 311
2472 1 2 0 781 234 312
2473 1 2 0 782 312 1692
2474 1 2 0 782 1692 311
2475 1 2 0 783 309 1693
2476 1 2 0 783 1693 1694
2477 1 2 0 783 1694 312
2478 1 2 0 784 237 313
2479 1 2 0 785 311 313
2480 1 2 0 786 236 314
2481 1 2 0 787 314 1695
2482 1 2 0 787 1695 313
2483 1 2 0 788 312 314
2484 1 2 0 789 239 315
2485 1 2 0 790 313 1696
2486 1 2 0 790 1696 315
2487 1 2 0 791 238 316
2488 1 2 0 792 316 1697
2489 1 2 0 792 1697 315
2490 1 2 0 793 314 1698
2491 1 2 0 793 1698 316
2492 1 2 0 794 241 317
2493 1 2 0 795 315 317
2494 1 2 0 796 240 318
2495 1 2 0 797 318 1699
2496 1 2 0 797 1699 317
2497 1 2 0 798 316 318
2498 1 2 0 799 243 319
2499 1 2 0 800 317 319
2500 1 2 0 801 242 320
2501 1 2 0 802 320 1700
2502 1 2 0 802 1700 319
2503 1 2 0 803 318 320
2504 1 2 0 804 245 321
2505 1 2 0 805 319 321
2506 1 2 0 806 244 322
2507 1 2 0 807 322 1701
2508 1 2 0 807 1701 321
2509 1 2 0 808 320 322
2510 1 2 0 809 247 323
2511 1 2 0 810 321 323
2512 1 2 0 811 246 324
2513 1 2 0 812 324 1702
2514 1 2 0 812 1702 323
2515 1 2 0 813 322 324
2516 1 2 0 814 249 325
2517 1 2 0 815 323 1703
2518 1 2 0 815 1703 325
2519 1 2 0 816 248 326
2520 1 2 0 817 326 1704
2521 1 2 0 817 1704 325
2522 1 2 0 818 324 1705
2523 1 2 0 818 1705 326
2524 1 2 0 819 251 327
2525 1 2 0 820 325 327
2526 1 2 0 821 250 328
2527 1 2 0 822 328 1706
2528 1 2 0 822 1706 327
2529 1 2 0 823 326 328
2530 1 2 0 824 253 329
2531 1 2 0 825 327 1707
2532 1 2 0 825 1707 1708
2533 1 2 0 825 1708 329
2534 1 2 0 826 252 330
2535 1 2 0 827 330 1709
2536 1 2 0 827 1709 329
2537 1 2 0 828 328 1710
2538 1 2 0 828 1710 1711
2539 1 2 0 828 1711 330
2540 1 2 0 829 254 331
2541 1 2 0 830 310 331
2542 1 2 0 831 255 332
2543 1 2 0 832 331 1712
2544 1 2 0 832 1712 1713
2545 1 2 0 832 1713 332
2546 1 2 0 833 311 332
2547 1 2 0 834 256 333
2548 1 2 0 835 332 333
2549 1 2 0 836 313 333
2550 1 2 0 837 257 334
2551 1 2 0 838 333 1714
2552 1 2 0 838 1714 334
2553 1 2 0 839 315 334
2554 1 2 0 840 258 335
2555 1 2 0 841 334 335
2556 1 2 0 842 317 335
2557 1 2 0 843 259 336
2558 1 2 0 844 335 336
2559 1 2 0 845 319 336
2560 1 2 0 846 260 337
2561 1 2 0 847 336 337
2562 1 2 0 848 321 337
2563 1 2 0 849 261 338
2564 1 2 0 850 337 338
2565 1 2 0 851 323 338
2566 1 2 0 852 262 339
2567 1 2 0 853 338 1715
2568 1 2 0 853 1715 339
2569 1 2 0 854 325 339
2570 1 2 0 855 263 340
2571 1 2 0 856 339 340
2572 1 2 0 857 327 340
2573 1 2 0 858 264 341
2574 1 2 0 859 340 1716
2575 1 2 0 859 1716 1717
2576 1 2 0 859 1717 341
2577 1 2 0 860 329 341
2578 1 2 0 861 265 342
2579 1 2 0 862 331 342
2580 1 2 0 863 266 343
2581 1 2 0 864 342 1718
2582 1 2 0 864 1718 1719
2583 1 2 0 864 1719 343
2584 1 2 0 865 332 343
2585 1 2 0 866 267 344
2586 1 2 0 867 343 344
2587 1 2 0 868 333 344
2588 1 2 0 869 268 345
2589 1 2 0 870 344 1720
2590 1 2 0 870 1720 345
2591 1 2 0 871 334 345
2592 1 2 0 872 269 346
2593 1 2 0 873 345 346
2594 1 2 0 874 335 346
2595 1 2 0 875 270 347
2596 1 2 0 876 346 347
2597 1 2 0 877 336 347
2598 1 2 0 878 271 348
2599 1 2 0 879 347 348
2600 1 2 0 880 337 348
2601 1 2 0 881 272 349
2602 1 2 0 882 348 349
2603 1 2 0 883 338 349
2604 1 2 0 884 273 350
2605 1 2 0 885 349 1721
2606 1 2 0 885 1721 350
2607 1 2 0 886 339 350
2608 1 2 0 887 274 351
2609 1 2 0 888 350 351
2610 1 2 0 889 340 351
2611 1 2 0 890 275 352
2612 1 2 0 891 351 1722
2613 1 2 0 891 1722 1723
2614 1 2 0 891 1723 352
2615 1 2 0 892 341 352
2616 1 2 0 893 276 353
2617 1 2 0 894 342 353
2618 1 2 0 895 277 354
2619 1 2 0 896 353 1724
2620 1 2 0 896 1724 1725
2621 1 2 0 896 1725 354
2622 1 2 0 897 343 354
2623 1 2 0 898 278 355
2624 1 2 0 899 354 355
2625 1 2 0 900 344 355
2626 1 2 0 901 279 356
2627 1 2 0 902 355 1726
2628 1 2 0 902 1726 356
2629 1 2 0 903 345 356
2630 1 2 0 904 280 357
2631 1 2 0 905 356 357
2632 1 2 0 906 346 357
2633 1 2 0 907 281 358
2634 1 2 0 908 357 358
2635 1 2 0 909 347 358
2636 1 2 0 910 282 359
2637 1 2 0 911 358 359
2638 1 2 0 912 348 359
2639 1 2 0 913 283 360
2640 1 2 0 914 359 360
2641 1 2 0 915 349 360
2642 1 2 0 916 284 361
2643 1 2 0 917 360 1727
2644 1 2 0 917 1727 361
2645 1 2 0 918 350 361
2646 1 2 0 919 285 362
2647 1 2 0 920 361 362
2648 1 2 0 921 351 362
2649 1 2 0 922 286 363
2650 1 2 0 923 362 1728
2651 1 2 0 923 1728 1729
2652 1 2 0 923 1729 363
2653 1 2 0 924 352 363
2654 1 2 0 925 287 364
2655 1 2 0 926 353 364
2656 1 2 0 927 288 365
2657 1 2 0 928 364 1730
2658 1 2 0 928 1730 1731
2659 1 2 0 928 1731 365
2660 1 2 0 929 354 365
2661 1 2 0 930 289 366
2662 1 2 0 931 365 366
2663 1 2 0 932 355 366
2664 1 2 0 933 290 367
2665 1 2 0 934 366 1732
2666 1 2 0 934 1732 367
2667 1 2 0 935 356 367
2668 1 2 0 936 291 368
2669 1 2 0 937 367 368
2670 1 2 0 938 357 368
2671 1 2 0 939 292 369
2672 1 2 0 940 368 369
2673 1 2 0 941 358 369
2674 1 2 0 942 293 370
2675 1 2 0 943 369 370
2676 1 2 0 944 359 370
2677 1 2 0 945 294 371
2678 1 2 0 946 370 371
2679 1 2 0 947 360 371
2680 1 2 0 948 295 372
2681 1 2 0 949 371 1733
2682 1 2 0 949 1733 372
2683 1 2 0 950 361 372
2684 1 2 0 951 296 373
2685 1 2 0 952 372 373
2686 1 2 0 953 362 373
2687 1 2 0 954 297 374
2688 1 2 0 955 373 1734
2689 1 2 0 955 1734 1735
2690 1 2 0 955 1735 374
2691 1 2 0 956 363 374
2692 1 2 0 957 298 375
2693 1 2 0 958 364 1736
2694 1 2 0 958 1736 375
2695 1 2 0 959 299 376
2696 1 2 0 960 375 1737
2697 1 2 0 960 1737 1738
2698 1 2 0 960 1738 376
2699 1 2 0 961 365 1739
2700 1 2 0 961 1739 376
2701 1 2 0 962 300 377
2702 1 2 0 963 376 377
2703 1 2 0 964 366 1740
2704 1 2 0 964 1740 377
2705 1 2 0 965 301 378
2706 1 2 0 966 377 1741
2707 1 2 0 966 1741 378
2708 1 2 0 967 367 1742
2709 1 2 0 967 1742 378
2710 1 2 0 968 302 379
2711 1 2 0 969 378 379
2712 1 2 0 970 368 1743
2713 1 2 0 970 1743 379
2714 1 2 0 971 303 380
2715 1 2 0 972 379 380
2716 1 2 0 973 369 1744
2717 1 2 0 973 1744 380
2718 1 2 0 974 304 381
2719 1 2 0 975 380 381
2720 1 2 0 976 370 1745
2721 1 2 0 976 1745 381
2722 1 2 0 977 305 382
2723 1 2 0 978 381 382
2724 1 2 0 979 371 1746
2725 1 2 0 979 1746 382
2726 1 2 0 980 306 383
2727 1 2 0 981 382 1747
2728 1 2 0 981 1747 383
2729 1 2 0 982 372 1748
2730 1 2 0 982 1748 383
2731 1 2 0 983 307 384
2732 1 2 0 984 383 384
2733 1 2 0 985 373 1749
2734 1 2 0 985 1749 384
2735 1 2 0 986 308 385
2736 1 2 0 987 384 1750
2737 1 2 0 987 1750 1751
2738 1 2 0 987 1751 385
2739 1 2 0 988 374 1752
2740 1 2 0 988 1752 385
2741 1 2 0 989 1 386
2742 1 2 0 990 2 387
2743 1 2 0 991 386 1753
2744 1 2 0 991 1753 1754
2745 1 2 0 991 1754 1755
2746 1 2 0 991 1755 1756
2747 1 2 0 991 1756 387
2748 1 2 0 992 3 388
2749 1 2 0 993 387 1757
2750 1 2 0 993 1757 388
2751 1 2 0 994 4 389
2752 1 2 0 995 389 1758
2753 1 2 0 995 1758 1759
2754 1 2 0 995 1759 1760
2755 1 2 0 995 1760 1761
2756 1 2 0 995 1761 388
2757 1 2 0 996 386 1762
2758 1 2 0 996 1762 389
2759 1 2 0 997 45 390
2760 1 2 0 998 388 390
2761 1 2 0 999 46 391
2762 1 2 0 1000 391 1763
2763 1 2 0 1000 1763 1764
2764 1 2 0 1000 1764 1765
2765 1 2 0 1000 1765 1766
2766 1 2 0 1000 1766 390
2767 1 2 0 1001 389 391
2768 1 2 0 1002 67 392
2769 1 2 0 1003 390 392
2770 1 2 0 1004 68 393
2771 1 2 0 1005 393 1767
2772 1 2 0 1005 1767 1768
2773 1 2 0 1005 1768 1769
2774 1 2 0 1005 1769 1770
2775 1 2 0 1005 1770 392
2776 1 2 0 1006 391 393
2777 1 2 0 1007 89 394
2778 1 2 0 1008 392 394
2779 1 2 0 1009 90 395
2780 1 2 0 1010 395 1771
2781 1 2 0 1010 1771 1772
2782 1 2 0 1010 1772 1773
2783 1 2 0 1010 1773 1774
2784 1 2 0 1010 1774 394
2785 1 2 0 1011 393 395
2786 1 2 0 1012 111 396
2787 1 2 0 1013 394 396
2788 1 2 0 1014 112 397
2789 1 2 0 1015 397 1775
2790 1 2 0 1015 1775 1776
2791 1 2 0 1015 1776 1777
2792 1 2 0 1015 1777 1778
2793 1 2 0 1015 1778 396
2794 1 2 0 1016 395 397
2795 1 2 0 1017 133 398
2796 1 2 0 1018 396 1779
2797 1 2 0 1018 1779 398
2798 1 2 0 1019 134 399
2799 1 2 0 1020 399 1780
2800 1 2 0 1020 1780 1781
2801 1 2 0 1020 1781 1782
2802 1 2 0 1020 1782 1783
2803 1 2 0 1020 1783 398
2804 1 2 0 1021 397 1784
2805 1 2 0 1021 1784 399
2806 1 2 0 1022 155 400
2807 1 2 0 1023 400 1785
2808 1 2 0 1023 1785 1786
2809 1 2 0 1023 1786 1787
2810 1 2 0 1023 1787 386
2811 1 2 0 1024 156 401
2812 1 2 0 1025 401 1788
2813 1 2 0 1025 1788 1789
2814 1 2 0 1025 1789 1790
2815 1 2 0 1025 1790 389
2816 1 2 0 1026 400 1791
2817 1 2 0 1026 1791 401
2818 1 2 0 1027 177 402
2819 1 2 0 1028 402 1792
2820 1 2 0 1028 1792 1793
2821 1 2 0 1028 1793 1794
2822 1 2 0 1028 1794 391
2823 1 2 0 1029 401 402
2824 1 2 0 1030 188 403
2825 1 2 0 1031 403 1795
2826 1 2 0 1031 1795 1796
2827 1 2 0 1031 1796 1797
2828 1 2 0 1031 1797 393
2829 1 2 0 1032 402 403
2830 1 2 0 1033 199 404
2831 1 2 0 1034 404 1798
2832 1 2 0 1034 1798 1799
2833 1 2 0 1034 1799 1800
2834 1 2 0 1034 1800 395
2835 1 2 0 1035 403 404
2836 1 2 0 1036 210 405
2837 1 2 0 1037 405 1801
2838 1 2 0 1037 1801 1802
2839 1 2 0 1037 1802 1803
2840 1 2 0 1037 1803 397
2841 1 2 0 1038 404 405
2842 1 2 0 1039 221 406
2843 1 2 0 1040 406 1804
2844 1 2 0 1040 1804 1805
2845 1 2 0 1040 1805 1806
2846 1 2 0 1040 1806 399
2847 1 2 0 1041 405 1807
2848 1 2 0 1041 1807 406
2849 1 2 0 1062 41 407
2850 1 2 0 1063 42 408
2851 1 2 0 1064 407 1808
2852 1 2 0 1064 1808 1809
2853 1 2 0 1064 1809 1810
2854 1 2 0 1064 1810 1811
2855 1 2 0 1064 1811 408
2856 1 2 0 1065 43 409
2857 1 2 0 1066 408 1812
2858 1 2 0 1066 1812 409
2859 1 2 0 1067 44 410
2860 1 2 0 1068 410 1813
2861 1 2 0 1068 1813 1814
2862 1 2 0 1068 1814 1815
2863 1 2 0 1068 1815 1816
2864 1 2 0 1068 1816 409
2865 1 2 0 1069 407 1817
2866 1 2 0 1069 1817 410
2867 1 2 0 1070 65 411
2868 1 2 0 1071 409 411
2869 1 2 0 1072 66 412
2870 1 2 0 1073 412 1818
2871 1 2 0 1073 1818 1819
2872 1 2 0 1073 1819 1820
2873 1 2 0 1073 1820 1821
2874 1 2 0 1073 1821 411
2875 1 2 0 1074 410 412
2876 1 2 0 1075 87 413
2877 1 2 0 1076 411 413
2878 1 2 0 1077 88 414
2879 1 2 0 1078 414 1822
2880 1 2 0 1078 1822 1823
2881 1 2 0 1078 1823 1824
2882 1 2 0 1078 1824 1825
2883 1 2 0 1078 1825 413
2884 1 2 0 1079 412 414
2885 1 2 0 1080 109 415
2886 1 2 0 1081 413 415
2887 1 2 0 1082 110 416
2888 1 2 0 1083 416 1826
2889 1 2 0 1083 1826 1827
2890 1 2 0 1083 1827 1828
2891 1 2 0 1083 1828 1829
2892 1 2 0 1083 1829 415
2893 1 2 0 1084 414 416
2894 1 2 0 1085 131 417
2895 1 2 0 1086 415 417
2896 1 2 0 1087 132 418
2897 1 2 0 1088 418 1830
2898 1 2 0 1088 1830 1831
2899 1 2 0 1088 1831 1832
2900 1 2 0 1088 1832 1833
2901 1 2 0 1088 1833 417
2902 1 2 0 1089 416 418
2903 1 2 0 1090 153 419
2904 1 2 0 1091 417 1834
2905 1 2 0 1091 1834 419
2906 1 2 0 1092 154 420
2907 1 2 0 1093 420 1835
2908 1 2 0 1093 1835 1836
2909 1 2 0 1093 1836 1837
2910 1 2 0 1093 1837 1838
2911 1 2 0 1093 1838 419
2912 1 2 0 1094 418 1839
2913 1 2 0 1094 1839 420
2914 1 2 0 1095 175 421
2915 1 2 0 1096 421 1840
2916 1 2 0 1096 1840 1841
2917 1 2 0 1096 1841 1842
2918 1 2 0 1096 1842 407
2919 1 2 0 1097 176 422
2920 1 2 0 1098 422 1843
2921 1 2 0 1098 1843 1844
2922 1 2 0 1098 1844 1845
2923 1 2 0 1098 1845 410
2924 1 2 0 1099 421 1846
2925 1 2 0 1099 1846 422
2926 1 2 0 1100 187 423
2927 1 2 0 1101 423 1847
2928 1 2 0 1101 1847 1848
2929 1 2 0 1101 1848 1849
2930 1 2 0 1101 1849 412
2931 1 2 0 1102 422 423
2932 1 2 0 1103 198 424
2933 1 2 0 1104 424 1850
2934 1 2 0 1104 1850 1851
2935 1 2 0 1104 1851 1852
2936 1 2 0 1104 1852 414
2937 1 2 0 1105 423 424
2938 1 2 0 1106 209 425
2939 1 2 0 1107 425 1853
2940 1 2 0 1107 1853 1854
2941 1 2 0 1107 1854 1855
2942 1 2 0 1107 1855 416
2943 1 2 0 1108 424 425
2944 1 2 0 1109 220 426
2945 1 2 0 1110 426 1856
2946 1 2 0 1110 1856 1857
2947 1 2 0 1110 1857 1858
2948 1 2 0 1110 1858 418
2949 1 2 0 1111 425 426
2950 1 2 0 1112 231 427
2951 1 2 0 1113 427 1859
2952 1 2 0 1113 1859 1860
2953 1 2 0 1113 1860 1861
2954 1 2 0 1113 1861 420
2955 1 2 0 1114 426 1862
2956 1 2 0 1114 1862 427
2957 1 2 0 1136 5 428
2958 1 2 0 1138 6 429
2959 1 2 0 1139 428 1863
2960 1 2 0 1139 1863 1864
2961 1 2 0 1139 1864 1865
2962 1 2 0 1139 1865 1866
2963 1 2 0 1139 1866 429
2964 1 2 0 1143 9 430
2965 1 2 0 1144 428 430
2966 1 2 0 1145 10 431
2967 1 2 0 1146 430 1867
2968 1 2 0 1146 1867 1868
2969 1 2 0 1146 1868 1869
2970 1 2 0 1146 1869 1870
2971 1 2 0 1146 1870 431
2972 1 2 0 1147 429 431
2973 1 2 0 1148 13 432
2974 1 2 0 1149 430 1871
2975 1 2 0 1149 1871 432
2976 1 2 0 1150 14 433
2977 1 2 0 1151 432 1872
2978 1 2 0 1151 1872 1873
2979 1 2 0 1151 1873 1874
2980 1 2 0 1151 1874 1875
2981 1 2 0 1151 1875 433
2982 1 2 0 1152 431 1876
2983 1 2 0 1152 1876 433
2984 1 2 0 1153 17 434
2985 1 2 0 1154 432 434
2986 1 2 0 1155 18 435
2987 1 2 0 1156 434 1877
2988 1 2 0 1156 1877 1878
2989 1 2 0 1156 1878 1879
2990 1 2 0 1156 1879 1880
2991 1 2 0 1156 1880 435
2992 1 2 0 1157 433 435
2993 1 2 0 1158 21 436
2994 1 2 0 1159 434 436
2995 1 2 0 1160 22 437
2996 1 2 0 1161 436 1881
2997 1 2 0 1161 1881 1882
2998 1 2 0 1161 1882 1883
2999 1 2 0 1161 1883 1884
3000 1 2 0 1161 1884 437
3001 1 2 0 1162 435 437
3002 1 2 0 1163 25 438
3003 1 2 0 1164 436 438
3004 1 2 0 1165 26 439
3005 1 2 0 1166 438 1885
3006 1 2 0 1166 1885 1886
3007 1 2 0 1166 1886 1887
3008 1 2 0 1166 1887 1888
3009 1 2 0 1166 1888 439
3010 1 2 0 1167 437 439
3011 1 2 0 1168 29 440
3012 1 2 0 1169 438 440
3013 1 2 0 1170 30 441
3014 1 2 0 1171 440 1889
3015 1 2 0 1171 1889 1890
3016 1 2 0 1171 1890 1891
3017 1 2 0 1171 1891 1892
3018 1 2 0 1171 1892 441
3019 1 2 0 1172 439 441
3020 1 2 0 1173 33 442
3021 1 2 0 1174 440 1893
3022 1 2 0 1174 1893 442
3023 1 2 0 1175 34 443
3024 1 2 0 1176 442 1894
3025 1 2 0 1176 1894 1895
3026 1 2 0 1176 1895 1896
3027 1 2 0 1176 1896 1897
3028 1 2 0 1176 1897 443
3029 1 2 0 1177 441 1898
3030 1 2 0 1177 1898 443
3031 1 2 0 1178 37 444
3032 1 2 0 1179 442 444
3033 1 2 0 1180 38 445
3034 1 2 0 1181 444 1899
3035 1 2 0 1181 1899 1900
3036 1 2 0 1181 1900 1901
3037 1 2 0 1181 1901 1902
3038 1 2 0 1181 1902 445
3039 1 2 0 1182 443 445
3040 1 2 0 1189 157 446
3041 1 2 0 1191 446 1903
3042 1 2 0 1191 1903 1904
3043 1 2 0 1191 1904 1905
3044 1 2 0 1191 1905 428
3045 1 2 0 1193 159 447
3046 1 2 0 1194 446 447
3047 1 2 0 1195 447 1906
3048 1 2 0 1195 1906 1907
3049 1 2 0 1195 1907 1908
3050 1 2 0 1195 1908 430
3051 1 2 0 1196 161 448
3052 1 2 0 1197 447 1909
3053 1 2 0 1197 1909 448
3054 1 2 0 1198 448 1910
3055 1 2 0 1198 1910 1911
3056 1 2 0 1198 1911 1912
3057 1 2 0 1198 1912 432
3058 1 2 0 1199 163 449
3059 1 2 0 1200 448 449
3060 1 2 0 1201 449 1913
3061 1 2 0 1201 1913 1914
3062 1 2 0 1201 1914 1915
3063 1 2 0 1201 1915 434
3064 1 2 0 1202 165 450
3065 1 2 0 1203 449 450
3066 1 2 0 1204 450 1916
3067 1 2 0 1204 1916 1917
3068 1 2 0 1204 1917 1918
3069 1 2 0 1204 1918 436
3070 1 2 0 1205 167 451
3071 1 2 0 1206 450 451
3072 1 2 0 1207 451 1919
3073 1 2 0 1207 1919 1920
3074 1 2 0 1207 1920 1921
3075 1 2 0 1207 1921 438
3076 1 2 0 1208 169 452
3077 1 2 0 1209 451 452
3078 1 2 0 1210 452 1922
3079 1 2 0 1210 1922 1923
3080 1 2 0 1210 1923 1924
3081 1 2 0 1210 1924 440
3082 1 2 0 1211 171 453
3083 1 2 0 1212 452 1925
3084 1 2 0 1212 1925 453
3085 1 2 0 1213 453 1926
3086 1 2 0 1213 1926 1927
3087 1 2 0 1213 1927 1928
3088 1 2 0 1213 1928 442
3089 1 2 0 1214 173 454
3090 1 2 0 1215 453 454
3091 1 2 0 1216 454 1929
3092 1 2 0 1216 1929 1930
3093 1 2 0 1216 1930 1931
3094 1 2 0 1216 1931 444
3095 1 2 0 1253 136 455
3096 1 2 0 1255 135 456
3097 1 2 0 1256 455 1932
3098 1 2 0 1256 1932 1933
3099 1 2 0 1256 1933 1934
3100 1 2 0 1256 1934 1935
3101 1 2 0 1256 1935 456
3102 1 2 0 1260 138 457
3103 1 2 0 1261 455 457
3104 1 2 0 1262 137 458
3105 1 2 0 1263 457 1936
3106 1 2 0 1263 1936 1937
3107 1 2 0 1263 1937 1938
3108 1 2 0 1263 1938 1939
3109 1 2 0 1263 1939 458
3110 1 2 0 1264 456 458
3111 1 2 0 1265 140 459
3112 1 2 0 1266 457 1940
3113 1 2 0 1266 1940 459
3114 1 2 0 1267 139 460
3115 1 2 0 1268 459 1941
3116 1 2 0 1268 1941 1942
3117 1 2 0 1268 1942 1943
3118 1 2 0 1268 1943 1944
3119 1 2 0 1268 1944 460
3120 1 2 0 1269 458 1945
3121 1 2 0 1269 1945 460
3122 1 2 0 1270 142 461
3123 1 2 0 1271 459 461
3124 1 2 0 1272 141 462
3125 1 2 0 1273 461 1946
3126 1 2 0 1273 1946 1947
3127 1 2 0 1273 1947 1948
3128 1 2 0 1273 1948 1949
3129 1 2 0 1273 1949 462
3130 1 2 0 1274 460 462
3131 1 2 0 1275 144 463
3132 1 2 0 1276 461 463
3133 1 2 0 1277 143 464
3134 1 2 0 1278 463 1950
3135 1 2 0 1278 1950 1951
3136 1 2 0 1278 1951 1952
3137 1 2 0 1278 1952 1953
3138 1 2 0 1278 1953 464
3139 1 2 0 1279 462 464
3140 1 2 0 1280 146 465
3141 1 2 0 1281 463 465
3142 1 2 0 1282 145 466
3143 1 2 0 1283 465 1954
3144 1 2 0 1283 1954 1955
3145 1 2 0 1283 1955 1956
3146 1 2 0 1283 1956 1957
3147 1 2 0 1283 1957 466
3148 1 2 0 1284 464 466
3149 1 2 0 1285 148 467
3150 1 2 0 1286 465 467
3151 1 2 0 1287 147 468
3152 1 2 0 1288 467 1958
3153 1 2 0 1288 1958 1959
3154 1 2 0 1288 1959 1960
3155 1 2 0 1288 1960 1961
3156 1 2 0 1288 1961 468
3157 1 2 0 1289 466 468
3158 1 2 0 1290 150 469
3159 1 2 0 1291 467 1962
3160 1 2 0 1291 1962 469
3161 1 2 0 1292 149 470
3162 1 2 0 1293 469 1963
3163 1 2 0 1293 1963 1964
3164 1 2 0 1293 1964 1965
3165 1 2 0 1293 1965 1966
3166 1 2 0 1293 1966 470
3167 1 2 0 1294 468 1967
3168 1 2 0 1294 1967 470
3169 1 2 0 1295 152 471
3170 1 2 0 1296 469 471
3171 1 2 0 1297 151 472
3172 1 2 0 1298 471 1968
3173 1 2 0 1298 1968 1969
3174 1 2 0 1298 1969 1970
3175 1 2 0 1298 1970 1971
3176 1 2 0 1298 1971 472
3177 1 2 0 1299 470 472
3178 1 2 0 1306 222 473
3179 1 2 0 1308 473 1972
3180 1 2 0 1308 1972 1973
3181 1 2 0 1308 1973 1974
3182 1 2 0 1308 1974 455
3183 1 2 0 1310 223 474
3184 1 2 0 1311 473 474
3185 1 2 0 1312 474 1975
3186 1 2 0 1312 1975 1976
3187 1 2 0 1312 1976 1977
3188 1 2 0 1312 1977 457
3189 1 2 0 1313 224 475
3190 1 2 0 1314 474 1978
3191 1 2 0 1314 1978 475
3192 1 2 0 1315 475 1979
3193 1 2 0 1315 1979 1980
3194 1 2 0 1315 1980 1981
3195 1 2 0 1315 1981 459
3196 1 2 0 1316 225 476
3197 1 2 0 1317 475 476
3198 1 2 0 1318 476 1982
3199 1 2 0 1318 1982 1983
3200 1 2 0 1318 1983 1984
3201 1 2 0 1318 1984 461
3202 1 2 0 1319 226 477
3203 1 2 0 1320 476 477
3204 1 2 0 1321 477 1985
3205 1 2 0 1321 1985 1986
3206 1 2 0 1321 1986 1987
3207 1 2 0 1321 1987 463
3208 1 2 0 1322 227 478
3209 1 2 0 1323 477 478
3210 1 2 0 1324 478 1988
3211 1 2 0 1324 1988 1989
3212 1 2 0 1324 1989 1990
3213 1 2 0 1324 1990 465
3214 1 2 0 1325 228 479
3215 1 2 0 1326 478 479
3216 1 2 0 1327 479 1991
3217 1 2 0 1327 1991 1992
3218 1 2 0 1327 1992 1993
3219 1 2 0 1327 1993 467
3220 1 2 0 1328 229 480
3221 1 2 0 1329 479 1994
3222 1 2 0 1329 1994 480
3223 1 2 0 1330 480 1995
3224 1 2 0 1330 1995 1996
3225 1 2 0 1330 1996 1997
3226 1 2 0 1330 1997 469
3227 1 2 0 1331 230 481
3228 1 2 0 1332 480 481
3229 1 2 0 1333 481 1998
3230 1 2 0 1333 1998 1999
3231 1 2 0 1333 1999 2000
3232 1 2 0 1333 2000 471
3233 1 2 0 1334 232 482
3234 1 2 0 1335 482 2001
3235 1 2 0 1335 2001 2002
3236 1 2 0 1335 2002 2003
3237 1 2 0 1335 2003 2004
3238 1 2 0 1335 2004 400
3239 1 2 0 1336 233 483
3240 1 2 0 1337 483 2005
3241 1 2 0 1337 2005 2006
3242 1 2 0 1337 2006 2007
3243 1 2 0 1337 2007 2008
3244 1 2 0 1337 2008 401
3245 1 2 0 1338 482 2009
3246 1 2 0 1338 2009 483
3247 1 2 0 1339 254 484
3248 1 2 0 1340 484 2010
3249 1 2 0 1340 2010 2011
3250 1 2 0 1340 2011 2012
3251 1 2 0 1340 2012 2013
3252 1 2 0 1340 2013 402
3253 1 2 0 1341 483 484
3254 1 2 0 1342 265 485
3255 1 2 0 1343 485 2014
3256 1 2 0 1343 2014 2015
3257 1 2 0 1343 2015 2016
3258 1 2 0 1343 2016 2017
3259 1 2 0 1343 2017 403
3260 1 2 0 1344 484 485
3261 1 2 0 1345 276 486
3262 1 2 0 1346 486 2018
3263 1 2 0 1346 2018 2019
3264 1 2 0 1346 2019 2020
3265 1 2 0 1346 2020 2021
3266 1 2 0 1346 2021 404
3267 1 2 0 1347 485 486
3268 1 2 0 1348 287 487
3269 1 2 0 1349 487 2022
3270 1 2 0 1349 2022 2023
3271 1 2 0 1349 2023 2024
3272 1 2 0 1349 2024 2025
3273 1 2 0 1349 2025 405
3274 1 2 0 1350 486 487
3275 1 2 0 1351 298 488
3276 1 2 0 1352 488 2026
3277 1 2 0 1352 2026 2027
3278 1 2 0 1352 2027 2028
3279 1 2 0 1352 2028 2029
3280 1 2 0 1352 2029 406
3281 1 2 0 1353 487 2030
3282 1 2 0 1353 2030 488
3283 1 2 0 1354 252 489
3284 1 2 0 1355 489 2031
3285 1 2 0 1355 2031 2032
3286 1 2 0 1355 2032 2033
3287 1 2 0 1355 2033 2034
3288 1 2 0 1355 2034 421
3289 1 2 0 1356 253 490
3290 1 2 0 1357 490 2035
3291 1 2 0 1357 2035 2036
3292 1 2 0 1357 2036 2037
3293 1 2 0 1357 2037 2038
3294 1 2 0 1357 2038 422
3295 1 2 0 1358 489 2039
3296 1 2 0 1358 2039 490
3297 1 2 0 1359 264 491
3298 1 2 0 1360 491 2040
3299 1 2 0 1360 2040 2041
3300 1 2 0 1360 2041 2042
3301 1 2 0 1360 2042 2043
3302 1 2 0 1360 2043 423
3303 1 2 0 1361 490 491
3304 1 2 0 1362 275 492
3305 1 2 0 1363 492 2044
3306 1 2 0 1363 2044 2045
3307 1 2 0 1363 2045 2046
3308 1 2 0 1363 2046 2047
3309 1 2 0 1363 2047 424
3310 1 2 0 1364 491 492
3311 1 2 0 1365 286 493
3312 1 2 0 1366 493 2048
3313 1 2 0 1366 2048 2049
3314 1 2 0 1366 2049 2050
3315 1 2 0 1366 2050 2051
3316 1 2 0 1366 2051 425
3317 1 2 0 1367 492 493
3318 1 2 0 1368 297 494
3319 1 2 0 1369 494 2052
3320 1 2 0 1369 2052 2053
3321 1 2 0 1369 2053 2054
3322 1 2 0 1369 2054 2055
3323 1 2 0 1369 2055 426
3324 1 2 0 1370 493 494
3325 1 2 0 1371 308 495
3326 1 2 0 1372 495 2056
3327 1 2 0 1372 2056 2057
3328 1 2 0 1372 2057 2058
3329 1 2 0 1372 2058 2059
3330 1 2 0 1372 2059 427
3331 1 2 0 1373 494 2060
3332 1 2 0 1373 2060 495
3333 1 2 0 1374 1 496
3334 1 2 0 1375 496 2061
3335 1 2 0 1375 2061 2062
3336 1 2 0 1375 2062 428
3337 1 2 0 1376 2 497
3338 1 2 0 1377 497 2063
3339 1 2 0 1377 2063 2064
3340 1 2 0 1377 2064 429
3341 1 2 0 1378 496 2065
3342 1 2 0 1378 2065 2066
3343 1 2 0 1378 2066 2067
3344 1 2 0 1378 2067 2068
3345 1 2 0 1378 2068 497
3346 1 2 0 1379 41 498
3347 1 2 0 1380 444 2069
3348 1 2 0 1380 2069 2070
3349 1 2 0 1380 2070 498
3350 1 2 0 1381 42 499
3351 1 2 0 1382 498 2071
3352 1 2 0 1382 2071 2072
3353 1 2 0 1382 2072 2073
3354 1 2 0 1382 2073 2074
3355 1 2 0 1382 2074 499
3356 1 2 0 1383 445 2075
3357 1 2 0 1383 2075 2076
3358 1 2 0 1383 2076 499
3359 1 2 0 1384 155 500
3360 1 2 0 1385 500 2077
3361 1 2 0 1385 2077 2078
3362 1 2 0 1385 2078 446
3363 1 2 0 1386 500 2079
3364 1 2 0 1386 2079 2080
3365 1 2 0 1386 2080 2081
3366 1 2 0 1386 2081 496
3367 1 2 0 1387 175 501
3368 1 2 0 1388 454 2082
3369 1 2 0 1388 2082 2083
3370 1 2 0 1388 2083 501
3371 1 2 0 1389 501 2084
3372 1 2 0 1389 2084 2085
3373 1 2 0 1389 2085 2086
3374 1 2 0 1389 2086 498
3375 1 2 0 1390 232 502
3376 1 2 0 1391 234 503
3377 1 2 0 1392 502 2087
3378 1 2 0 1392 2087 2088
3379 1 2 0 1392 2088 503
3380 1 2 0 1393 503 2089
3381 1 2 0 1393 2089 2090
3382 1 2 0 1393 2090 2091
3383 1 2 0 1393 2091 2092
3384 1 2 0 1393 2092 446
3385 1 2 0 1394 502 2093
3386 1 2 0 1394 2093 2094
3387 1 2 0 1394 2094 2095
3388 1 2 0 1394 2095 2096
3389 1 2 0 1394 2096 500
3390 1 2 0 1395 236 504
3391 1 2 0 1396 503 504
3392 1 2 0 1397 504 2097
3393 1 2 0 1397 2097 2098
3394 1 2 0 1397 2098 2099
3395 1 2 0 1397 2099 2100
3396 1 2 0 1397 2100 447
3397 1 2 0 1398 238 505
3398 1 2 0 1399 504 2101
3399 1 2 0 1399 2101 505
3400 1 2 0 1400 505 2102
3401 1 2 0 1400 2102 2103
3402 1 2 0 1400 2103 2104
3403 1 2 0 1400 2104 2105
3404 1 2 0 1400 2105 448
3405 1 2 0 1401 240 506
3406 1 2 0 1402 505 506
3407 1 2 0 1403 506 2106
3408 1 2 0 1403 2106 2107
3409 1 2 0 1403 2107 2108
3410 1 2 0 1403 2108 2109
3411 1 2 0 1403 2109 449
3412 1 2 0 1404 242 507
3413 1 2 0 1405 506 507
3414 1 2 0 1406 507 2110
3415 1 2 0 1406 2110 2111
3416 1 2 0 1406 2111 2112
3417 1 2 0 1406 2112 2113
3418 1 2 0 1406 2113 450
3419 1 2 0 1407 244 508
3420 1 2 0 1408 507 508
3421 1 2 0 1409 508 2114
3422 1 2 0 1409 2114 2115
3423 1 2 0 1409 2115 2116
3424 1 2 0 1409 2116 2117
3425 1 2 0 1409 2117 451
3426 1 2 0 1410 246 509
3427 1 2 0 1411 508 509
3428 1 2 0 1412 509 2118
3429 1 2 0 1412 2118 2119
3430 1 2 0 1412 2119 2120
3431 1 2 0 1412 2120 2121
3432 1 2 0 1412 2121 452
3433 1 2 0 1413 248 510
3434 1 2 0 1414 509 2122
3435 1 2 0 1414 2122 510
3436 1 2 0 1415 510 2123
3437 1 2 0 1415 2123 2124
3438 1 2 0 1415 2124 2125
3439 1 2 0 1415 2125 2126
3440 1 2 0 1415 2126 453
3441 1 2 0 1416 250 511
3442 1 2 0 1417 510 511
3443 1 2 0 1418 511 2127
3444 1 2 0 1418 2127 2128
3445 1 2 0 1418 2128 2129
3446 1 2 0 1418 2129 2130
3447 1 2 0 1418 2130 454
3448 1 2 0 1419 252 512
3449 1 2 0 1420 511 2131
3450 1 2 0 1420 2131 2132
3451 1 2 0 1420 2132 512
3452 1 2 0 1421 512 2133
3453 1 2 0 1421 2133 2134
3454 1 2 0 1421 2134 2135
3455 1 2 0 1421 2135 2136
3456 1 2 0 1421 2136 501
3457 1 2 0 1422 134 513
3458 1 2 0 1423 513 2137
3459 1 2 0 1423 2137 2138
3460 1 2 0 1423 2138 455
3461 1 2 0 1424 133 514
3462 1 2 0 1425 514 2139
3463 1 2 0 1425 2139 2140
3464 1 2 0 1425 2140 456
3465 1 2 0 1426 513 2141
3466 1 2 0 1426 2141 2142
3467 1 2 0 1426 2142 2143
3468 1 2 0 1426 2143 2144
3469 1 2 0 1426 2144 514
3470 1 2 0 1427 154 515
3471 1 2 0 1428 471 2145
3472 1 2 0 1428 2145 2146
3473 1 2 0 1428 2146 515
3474 1 2 0 1429 153 516
3475 1 2 0 1430 515 2147
3476 1 2 0 1430 2147 2148
3477 1 2 0 1430 2148 2149
3478 1 2 0 1430 2149 2150
3479 1 2 0 1430 2150 516
3480 1 2 0 1431 472 2151
3481 1 2 0 1431 2151 2152
3482 1 2 0 1431 2152 516
3483 1 2 0 1432 221 517
3484 1 2 0 1433 517 2153
3485 1 2 0 1433 2153 2154
3486 1 2 0 1433 2154 473
3487 1 2 0 1434 517 2155
3488 1 2 0 1434 2155 2156
3489 1 2 0 1434 2156 2157
3490 1 2 0 1434 2157 513
3491 1 2 0 1435 231 518
3492 1 2 0 1436 481 2158
3493 1 2 0 1436 2158 2159
3494 1 2 0 1436 2159 518
3495 1 2 0 1437 518 2160
3496 1 2 0 1437 2160 2161
3497 1 2 0 1437 2161 2162
3498 1 2 0 1437 2162 515
3499 1 2 0 1438 298 519
3500 1 2 0 1439 299 520
3501 1 2 0 1440 519 2163
3502 1 2 0 1440 2163 2164
3503 1 2 0 1440 2164 520
3504 1 2 0 1441 520 2165
3505 1 2 0 1441 2165 2166
3506 1 2 0 1441 2166 2167
3507 1 2 0 1441 2167 2168
3508 1 2 0 1441 2168 473
3509 1 2 0 1442 519 2169
3510 1 2 0 1442 2169 2170
3511 1 2 0 1442 2170 2171
3512 1 2 0 1442 2171 2172
3513 1 2 0 1442 2172 517
3514 1 2 0 1443 300 521
3515 1 2 0 1444 520 521
3516 1 2 0 1445 521 2173
3517 1 2 0 1445 2173 2174
3518 1 2 0 1445 2174 2175
3519 1 2 0 1445 2175 2176
3520 1 2 0 1445 2176 474
3521 1 2 0 1446 301 522
3522 1 2 0 1447 521 2177
3523 1 2 0 1447 2177 522
3524 1 2 0 1448 522 2178
3525 1 2 0 1448 2178 2179
3526 1 2 0 1448 2179 2180
3527 1 2 0 1448 2180 2181
3528 1 2 0 1448 2181 475
3529 1 2 0 1449 302 523
3530 1 2 0 1450 522 523
3531 1 2 0 1451 523 2182
3532 1 2 0 1451 2182 2183
3533 1 2 0 1451 2183 2184
3534 1 2 0 1451 2184 2185
3535 1 2 0 1451 2185 476
3536 1 2 0 1452 303 524
3537 1 2 0 1453 523 524
3538 1 2 0 1454 524 2186
3539 1 2 0 1454 2186 2187
3540 1 2 0 1454 2187 2188
3541 1 2 0 1454 2188 2189
3542 1 2 0 1454 2189 477
3543 1 2 0 1455 304 525
3544 1 2 0 1456 524 525
3545 1 2 0 1457 525 2190
3546 1 2 0 1457 2190 2191
3547 1 2 0 1457 2191 2192
3548 1 2 0 1457 2192 2193
3549 1 2 0 1457 2193 478
3550 1 2 0 1458 305 526
3551 1 2 0 1459 525 526
3552 1 2 0 1460 526 2194
3553 1 2 0 1460 2194 2195
3554 1 2 0 1460 2195 2196
3555 1 2 0 1460 2196 2197
3556 1 2 0 1460 2197 479
3557 1 2 0 1461 306 527
3558 1 2 0 1462 526 2198
3559 1 2 0 1462 2198 527
3560 1 2 0 1463 527 2199
3561 1 2 0 1463 2199 2200
3562 1 2 0 1463 2200 2201
3563 1 2 0 1463 2201 2202
3564 1 2 0 1463 2202 480
3565 1 2 0 1464 307 528
3566 1 2 0 1465 527 528
3567 1 2 0 1466 528 2203
3568 1 2 0 1466 2203 2204
3569 1 2 0 1466 2204 2205
3570 1 2 0 1466 2205 2206
3571 1 2 0 1466 2206 481
3572 1 2 0 1467 308 529
3573 1 2 0 1468 528 2207
3574 1 2 0 1468 2207 2208
3575 1 2 0 1468 2208 529
3576 1 2 0 1469 529 2209
3577 1 2 0 1469 2209 2210
3578 1 2 0 1469 2210 2211
3579 1 2 0 1469 2211 2212
3580 1 2 0 1469 2212 518
3581 1 2 0 1470 309 530
3582 1 2 0 1471 482 530
3583 1 2 0 1472 310 531
3584 1 2 0 1473 483 531
3585 1 2 0 1474 530 2213
3586 1 2 0 1474 2213 531
3587 1 2 0 1475 331 532
3588 1 2 0 1476 484 532
3589 1 2 0 1477 531 532
3590 1 2 0 1478 342 533
3591 1 2 0 1479 485 533
3592 1 2 0 1480 532 533
3593 1 2 0 1481 353 534
3594 1 2 0 1482 486 534
3595 1 2 0 1483 533 534
3596 1 2 0 1484 364 535
3597 1 2 0 1485 487 535
3598 1 2 0 1486 534 535
3599 1 2 0 1487 375 536
3600 1 2 0 1488 488 536
3601 1 2 0 1489 535 2214
3602 1 2 0 1489 2214 536
3603 1 2 0 1490 330 537
3604 1 2 0 1491 489 537
3605 1 2 0 1492 329 538
3606 1 2 0 1493 490 538
3607 1 2 0 1494 537 2215
3608 1 2 0 1494 2215 538
3609 1 2 0 1495 341 539
3610 1 2 0 1496 491 539
3611 1 2 0 1497 538 539
3612 1 2 0 1498 352 540
3613 1 2 0 1499 492 540
3614 1 2 0 1500 539 540
3615 1 2 0 1501 363 541
3616 1 2 0 1502 493 541
3617 1 2 0 1503 540 541
3618 1 2 0 1504 374 542
3619 1 2 0 1505 494 542
3620 1 2 0 1506 541 542
3621 1 2 0 1507 385 543
3622 1 2 0 1508 495 543
3623 1 2 0 1509 542 2216
3624 1 2 0 1509 2216 543
3625 1 2 0 1510 309 544
3626 1 2 0 1511 502 544
3627 1 2 0 1512 312 545
3628 1 2 0 1513 503 545
3629 1 2 0 1514 544 2217
3630 1 2 0 1514 2217 2218
3631 1 2 0 1514 2218 545
3632 1 2 0 1515 314 546
3633 1 2 0 1516 504 546
3634 1 2 0 1517 545 546
3635 1 2 0 1518 316 547
3636 1 2 0 1519 505 547
3637 1 2 0 1520 546 2219
3638 1 2 0 1520 2219 547
3639 1 2 0 1521 318 548
3640 1 2 0 1522 506 548
3641 1 2 0 1523 547 548
3642 1 2 0 1524 320 549
3643 1 2 0 1525 507 549
3644 1 2 0 1526 548 549
3645 1 2 0 1527 322 550
3646 1 2 0 1528 508 550
3647 1 2 0 1529 549 550
3648 1 2 0 1530 324 551
3649 1 2 0 1531 509 551
3650 1 2 0 1532 550 551
3651 1 2 0 1533 326 552
3652 1 2 0 1534 510 552
3653 1 2 0 1535 551 2220
3654 1 2 0 1535 2220 552
3655 1 2 0 1536 328 553
3656 1 2 0 1537 511 553
3657 1 2 0 1538 552 553
3658 1 2 0 1539 330 554
3659 1 2 0 1540 512 554
3660 1 2 0 1541 553 2221
3661 1 2 0 1541 2221 2222
3662 1 2 0 1541 2222 554
3663 1 2 0 1542 375 555
3664 1 2 0 1543 519 555
3665 1 2 0 1544 376 556
3666 1 2 0 1545 520 556
3667 1 2 0 1546 555 2223
3668 1 2 0 1546 2223 2224
3669 1 2 0 1546 2224 556
3670 1 2 0 1547 377 557
3671 1 2 0 1548 521 557
3672 1 2 0 1549 556 557
3673 1 2 0 1550 378 558
3674 1 2 0 1551 522 558
3675 1 2 0 1552 557 2225
3676 1 2 0 1552 2225 558
3677 1 2 0 1553 379 559
3678 1 2 0 1554 523 559
3679 1 2 0 1555 558 559
3680 1 2 0 1556 380 560
3681 1 2 0 1557 524 560
3682 1 2 0 1558 559 560
3683 1 2 0 1559 381 561
3684 1 2 0 1560 525 561
3685 1 2 0 1561 560 561
3686 1 2 0 1562 382 562
3687 1 2 0 1563 526 562
3688 1 2 0 1564 561 562
3689 1 2 0 1565 383 563
3690 1 2 0 1566 527 563
3691 1 2 0 1567 562 2226
3692 1 2 0 1567 2226 563
3693 1 2 0 1568 384 564
3694 1 2 0 1569 528 564
3695 1 2 0 1570 563 564
3696 1 2 0 1571 385 565
3697 1 2 0 1572 529 565
3698 1 2 0 1573 564 2227
3699 1 2 0 1573 2227 2228
3700 1 2 0 1573 2228 565
3701 1 2 0 1574 386 566
3702 1 2 0 1575 496 566
3703 1 2 0 1576 387 567
3704 1 2 0 1577 497 567
3705 1 2 0 1578 566 2229
3706 1 2 0 1578 2229 2230
3707 1 2 0 1578 2230 2231
3708 1 2 0 1578 2231 2232
3709 1 2 0 1578 2232 567
3710 1 2 0 1579 400 568
3711 1 2 0 1580 500 568
3712 1 2 0 1581 568 2233
3713 1 2 0 1581 2233 2234
3714 1 2 0 1581 2234 2235
3715 1 2 0 1581 2235 566
3716 1 2 0 1582 482 569
3717 1 2 0 1583 502 569
3718 1 2 0 1584 569 2236
3719 1 2 0 1584 2236 2237
3720 1 2 0 1584 2237 2238
3721 1 2 0 1584 2238 2239
3722 1 2 0 1584 2239 568
3723 1 2 0 1585 399 570
3724 1 2 0 1586 513 570
3725 1 2 0 1587 398 571
3726 1 2 0 1588 514 571
3727 1 2 0 1589 570 2240
3728 1 2 0 1589 2240 2241
3729 1 2 0 1589 2241 2242
3730 1 2 0 1589 2242 2243
3731 1 2 0 1589 2243 571
3732 1 2 0 1590 406 572
3733 1 2 0 1591 517 572
3734 1 2 0 1592 572 2244
3735 1 2 0 1592 2244 2245
3736 1 2 0 1592 2245 2246
3737 1 2 0 1592 2246 570
3738 1 2 0 1593 488 573
3739 1 2 0 1594 519 573
3740 1 2 0 1595 573 2247
3741 1 2 0 1595 2247 2248
3742 1 2 0 1595 2248 2249
3743 1 2 0 1595 2249 2250
3744 1 2 0 1595 2250 572
3745 1 2 0 1596 407 574
3746 1 2 0 1597 498 574
3747 1 2 0 1598 408 575
3748 1 2 0 1599 499 575
3749 1 2 0 1600 574 2251
3750 1 2 0 1600 2251 2252
3751 1 2 0 1600 2252 2253
3752 1 2 0 1600 2253 2254
3753 1 2 0 1600 2254 575
3754 1 2 0 1601 421 576
3755 1 2 0 1602 501 576
3756 1 2 0 1603 576 2255
3757 1 2 0 1603 2255 2256
3758 1 2 0 1603 2256 2257
3759 1 2 0 1603 2257 574
3760 1 2 0 1604 489 577
3761 1 2 0 1605 512 577
3762 1 2 0 1606 577 2258
3763 1 2 0 1606 2258 2259
3764 1 2 0 1606 2259 2260
3765 1 2 0 1606 2260 2261
3766 1 2 0 1606 2261 576
3767 1 2 0 1607 420 578
3768 1 2 0 1608 515 578
3769 1 2 0 1609 419 579
3770 1 2 0 1610 516 579
3771 1 2 0 1611 578 2262
3772 1 2 0 1611 2262 2263
3773 1 2 0 1611 2263 2264
3774 1 2 0 1611 2264 2265
3775 1 2 0 1611 2265 579
3776 1 2 0 1612 427 580
3777 1 2 0 1613 518 580
3778 1 2 0 1614 580 2266
3779 1 2 0 1614 2266 2267
3780 1 2 0 1614 2267 2268
3781 1 2 0 1614 2268 578
3782 1 2 0 1615 495 581
3783 1 2 0 1616 529 581
3784 1 2 0 1617 581 2269
3785 1 2 0 1617 2269 2270
3786 1 2 0 1617 2270 2271
3787 1 2 0 1617 2271 2272
3788 1 2 0 1617 2272 580
3789 1 2 0 1618 530 582
3790 1 2 0 1619 544 582
3791 1 2 0 1620 569 582
3792 1 2 0 1621 536 583
3793 1 2 0 1622 555 583
3794 1 2 0 1623 573 583
3795 1 2 0 1624 537 584
3796 1 2 0 1625 554 584
3797 1 2 0 1626 577 584
3798 1 2 0 1627 543 585
3799 1 2 0 1628 565 585
3800 1 2 0 1629 581 585
3801 3 2 0 1 1 586 2273 595
3802 3 2 0 1 595 2273 591 4
3803 3 2 0 1 586 587 2274 2273
3804 3 2 0 1 2273 2274 592 591
3805 3 2 0 1 587 588 2275 2274
3806 3 2 0 1 2274 2275 593 592
3807 3 2 0 1 588 589 2276 2275
3808 3 2 0 1 2275 2276 594 593
3809 3 2 0 1 589 2 590 2276
3810 3 2 0 1 2276 590 3 594
3811 3 2 0 2 5 605 2277 596
3812 3 2 0 2 605 8 601 2277
3813 3 2 0 2 596 2277 2278 597
3814 3 2 0 2 2277 601 602 2278
3815 3 2 0 2 597 2278 2279 598
3816 3 2 0 2 2278 602 603 2279
3817 3 2 0 2 598 2279 2280 599
3818 3 2 0 2 2279 603 604 2280
3819 3 2 0 2 599 2280 600 6
3820 3 2 0 2 2280 604 7 600
3821 3 2 0 3 1 606 2281 586
3822 3 2 0 3 586 2281 2282 587
3823 3 2 0 3 587 2282 2283 588
3824 3 2 0 3 588 2283 2284 589
3825 3 2 0 3 589 2284 608 2
3826 3 2 0 3 606 607 2285 2281
3827 3 2 0 3 2281 2285 2286 2282
3828 3 2 0 3 2282 2286 2287 2283
3829 3 2 0 3 2283 2287 2288 2284
3830 3 2 0 3 2284 2288 609 608
3831 3 2 0 3 607 5 596 2285
3832 3 2 0 3 2285 596 597 2286
3833 3 2 0 3 2286 597 598 2287
3834 3 2 0 3 2287 598 599 2288
3835 3 2 0 3 2288 599 6 609
3836 3 2 0 4 4 591 2289 610
3837 3 2 0 4 591 592 2290 2289
3838 3 2 0 4 592 593 2291 2290
3839 3 2 0 4 593 594 2292 2291
3840 3 2 0 4 594 3 612 2292
3841 3 2 0 4 610 2289 2293 611
3842 3 2 0 4 2289 2290 2294 2293
3843 3 2 0 4 2290 2291 2295 2294
3844 3 2 0 4 2291 2292 2296 2295
3845 3 2 0 4 2292 612 613 2296
3846 3 2 0 4 611 2293 601 8
3847 3 2 0 4 2293 2294 602 601
3848 3 2 0 4 2294 2295 603 602
3849 3 2 0 4 2295 2296 604 603
3850 3 2 0 4 2296 613 7 604
3851 3 2 0 5 1 595 2297 606
3852 3 2 0 5 606 2297 2298 607
3853 3 2 0 5 607 2298 605 5
3854 3 2 0 5 595 4 610 2297
3855 3 2 0 5 2297 610 611 2298
3856 3 2 0 5 2298 611 8 605
3857 3 2 0 6 2 608 2299 590
3858 3 2 0 6 608 609 2300 2299
3859 3 2 0 6 609 6 600 2300
3860 3 2 0 6 590 2299 612 3
3861 3 2 0 6 2299 2300 613 612
3862 3 2 0 6 2300 600 7 613
3863 3 2 0 7 9 623 2301 614
3864 3 2 0 7 623 12 619 2301
3865 3 2 0 7 614 2301 2302 615
3866 3 2 0 7 2301 619 620 2302
3867 3 2 0 7 615 2302 2303 616
3868 3 2 0 7 2302 620 621 2303
3869 3 2 0 7 616 2303 2304 617
3870 3 2 0 7 2303 621 622 2304
3871 3 2 0 7 617 2304 618 10
3872 3 2 0 7 2304 622 11 618
3873 3 2 0 8 5 9 614 596
3874 3 2 0 8 596 614 615 597
3875 3 2 0 8 597 615 616 598
3876 3 2 0 8 598 616 617 599
3877 3 2 0 8 599 617 10 6
3878 3 2 0 9 8 601 619 12
3879 3 2 0 9 601 602 620 619
3880 3 2 0 9 602 603 621 620
3881 3 2 0 9 603 604 622 621
3882 3 2 0 9 604 7 11 622
3883 3 2 0 10 5 605 623 9
3884 3 2 0 10 605 8 12 623
3885 3 2 0 11 6 10 618 600
3886 3 2 0 11 600 618 11 7
3887 3 2 0 12 13 633 2305 624
3888 3 2 0 12 633 16 629 2305
3889 3 2 0 12 624 2305 2306 625
3890 3 2 0 12 2305 629 630 2306
3891 3 2 0 12 625 2306 2307 626
3892 3 2 0 12 2306 630 631 2307
3893 3 2 0 12 626 2307 2308 627
3894 3 2 0 12 2307 631 632 2308
3895 3 2 0 12 627 2308 628 14
3896 3 2 0 12 2308 632 15 628
3897 3 2 0 13 9 634 2309 614
3898 3 2 0 13 614 2309 2310 615
3899 3 2 0 13 615 2310 2311 616
3900 3 2 0 13 616 2311 2312 617
3901 3 2 0 13 617 2312 635 10
3902 3 2 0 13 634 13 624 2309
3903 3 2 0 13 2309 624 625 2310
3904 3 2 0 13 2310 625 626 2311
3905 3 2 0 13 2311 626 627 2312
3906 3 2 0 13 2312 627 14 635
3907 3 2 0 14 12 619 2313 636
3908 3 2 0 14 619 620 2314 2313
3909 3 2 0 14 620 621 2315 2314
3910 3 2 0 14 621 622 2316 2315
3911 3 2 0 14 622 11 637 2316
3912 3 2 0 14 636 2313 629 16
3913 3 2 0 14 2313 2314 630 629
3914 3 2 0 14 2314 2315 631 630
3915 3 2 0 14 2315 2316 632 631
3916 3 2 0 14 2316 637 15 632
3917 3 2 0 15 9 623 2317 634
3918 3 2 0 15 634 2317 633 13
3919 3 2 0 15 623 12 636 2317
3920 3 2 0 15 2317 636 16 633
3921 3 2 0 16 10 635 2318 618
3922 3 2 0 16 635 14 628 2318
3923 3 2 0 16 618 2318 637 11
3924 3 2 0 16 2318 628 15 637
3925 3 2 0 17 17 647 2319 638
3926 3 2 0 17 647 20 643 2319
3927 3 2 0 17 638 2319 2320 639
3928 3 2 0 17 2319 643 644 2320
3929 3 2 0 17 639 2320 2321 640
3930 3 2 0 17 2320 644 645 2321
3931 3 2 0 17 640 2321 2322 641
3932 3 2 0 17 2321 645 646 2322
3933 3 2 0 17 641 2322 642 18
3934 3 2 0 17 2322 646 19 642
3935 3 2 0 18 13 17 638 624
3936 3 2 0 18 624 638 639 625
3937 3 2 0 18 625 639 640 626
3938 3 2 0 18 626 640 641 627
3939 3 2 0 18 627 641 18 14
3940 3 2 0 19 16 629 643 20
3941 3 2 0 19 629 630 644 643
3942 3 2 0 19 630 631 645 644
3943 3 2 0 19 631 632 646 645
3944 3 2 0 19 632 15 19 646
3945 3 2 0 20 13 633 647 17
3946 3 2 0 20 633 16 20 647
3947 3 2 0 21 14 18 642 628
3948 3 2 0 21 628 642 19 15
3949 3 2 0 22 21 657 2323 648
3950 3 2 0 22 657 24 653 2323
3951 3 2 0 22 648 2323 2324 649
3952 3 2 0 22 2323 653 654 2324
3953 3 2 0 22 649 2324 2325 650
3954 3 2 0 22 2324 654 655 2325
3955 3 2 0 22 650 2325 2326 651
3956 3 2 0 22 2325 655 656 2326
3957 3 2 0 22 651 2326 652 22
3958 3 2 0 22 2326 656 23 652
3959 3 2 0 23 17 21 648 638
3960 3 2 0 23 638 648 649 639
3961 3 2 0 23 639 649 650 640
3962 3 2 0 23 640 650 651 641
3963 3 2 0 23 641 651 22 18
3964 3 2 0 24 20 643 653 24
3965 3 2 0 24 643 644 654 653
3966 3 2 0 24 644 645 655 654
3967 3 2 0 24 645 646 656 655
3968 3 2 0 24 646 19 23 656
3969 3 2 0 25 17 647 657 21
3970 3 2 0 25 647 20 24 657
3971 3 2 0 26 18 22 652 642
3972 3 2 0 26 642 652 23 19
3973 3 2 0 27 25 667 2327 658
3974 3 2 0 27 667 28 663 2327
3975 3 2 0 27 658 2327 2328 659
3976 3 2 0 27 2327 663 664 2328
3977 3 2 0 27 659 2328 2329 660
3978 3 2 0 27 2328 664 665 2329
3979 3 2 0 27 660 2329 2330 661
3980 3 2 0 27 2329 665 666 2330
3981 3 2 0 27 661 2330 662 26
3982 3 2 0 27 2330 666 27 662
3983 3 2 0 28 21 25 658 648
3984 3 2 0 28 648 658 659 649
3985 3 2 0 28 649 659 660 650
3986 3 2 0 28 650 660 661 651
3987 3 2 0 28 651 661 26 22
3988 3 2 0 29 24 653 663 28
3989 3 2 0 29 653 654 664 663
3990 3 2 0 29 654 655 665 664
3991 3 2 0 29 655 656 666 665
3992 3 2 0 29 656 23 27 666
3993 3 2 0 30 21 657 667 25
3994 3 2 0 30 657 24 28 667
3995 3 2 0 31 22 26 662 652
3996 3 2 0 31 652 662 27 23
3997 3 2 0 32 29 677 2331 668
3998 3 2 0 32 677 32 673 2331
3999 3 2 0 32 668 2331 2332 669
4000 3 2 0 32 2331 673 674 2332
4001 3 2 0 32 669 2332 2333 670
4002 3 2 0 32 2332 674 675 2333
4003 3 2 0 32 670 2333 2334 671
4004 3 2 0 32 2333 675 676 2334
4005 3 2 0 32 671 2334 672 30
4006 3 2 0 32 2334 676 31 672
4007 3 2 0 33 25 29 668 658
4008 3 2 0 33 658 668 669 659
4009 3 2 0 33 659 669 670 660
4010 3 2 0 33 660 670 671 661
4011 3 2 0 33 661 671 30 26
4012 3 2 0 34 28 663 673 32
4013 3 2 0 34 663 664 674 673
4014 3 2 0 34 664 665 675 674
4015 3 2 0 34 665 666 676 675
4016 3 2 0 34 666 27 31 676
4017 3 2 0 35 25 667 677 29
4018 3 2 0 35 667 28 32 677
4019 3 2 0 36 26 30 672 662
4020 3 2 0 36 662 672 31 27
4021 3 2 0 37 33 687 2335 678
4022 3 2 0 37 687 36 683 2335
4023 3 2 0 37 678 2335 2336 679
4024 3 2 0 37 2335 683 684 2336
4025 3 2 0 37 679 2336 2337 680
4026 3 2 0 37 2336 684 685 2337
4027 3 2 0 37 680 2337 2338 681
4028 3 2 0 37 2337 685 686 2338
4029 3 2 0 37 681 2338 682 34
4030 3 2 0 37 2338 686 35 682
4031 3 2 0 38 29 688 2339 668
4032 3 2 0 38 668 2339 2340 669
4033 3 2 0 38 669 2340 2341 670
4034 3 2 0 38 670 2341 2342 671
4035 3 2 0 38 671 2342 689 30
4036 3 2 0 38 688 33 678 2339
4037 3 2 0 38 2339 678 679 2340
4038 3 2 0 38 2340 679 680 2341
4039 3 2 0 38 2341 680 681 2342
4040 3 2 0 38 2342 681 34 689
4041 3 2 0 39 32 673 2343 690
4042 3 2 0 39 673 674 2344 2343
4043 3 2 0 39 674 675 2345 2344
4044 3 2 0 39 675 676 2346 2345
4045 3 2 0 39 676 31 691 2346
4046 3 2 0 39 690 2343 683 36
4047 3 2 0 39 2343 2344 684 683
4048 3 2 0 39 2344 2345 685 684
4049 3 2 0 39 2345 2346 686 685
4050 3 2 0 39 2346 691 35 686
4051 3 2 0 40 29 677 2347 688
4052 3 2 0 40 688 2347 687 33
4053 3 2 0 40 677 32 690 2347
4054 3 2 0 40 2347 690 36 687
4055 3 2 0 41 30 689 2348 672
4056 3 2 0 41 689 34 682 2348
4057 3 2 0 41 672 2348 691 31
4058 3 2 0 41 2348 682 35 691
4059 3 2 0 42 37 701 2349 692
4060 3 2 0 42 701 40 697 2349
4061 3 2 0 42 692 2349 2350 693
4062 3 2 0 42 2349 697 698 2350
4063 3 2 0 42 693 2350 2351 694
4064 3 2 0 42 2350 698 699 2351
4065 3 2 0 42 694 2351 2352 695
4066 3 2 0 42 2351 699 700 2352
4067 3 2 0 42 695 2352 696 38
4068 3 2 0 42 2352 700 39 696
4069 3 2 0 43 33 37 692 678
4070 3 2 0 43 678 692 693 679
4071 3 2 0 43 679 693 694 680
4072 3 2 0 43 680 694 695 681
4073 3 2 0 43 681 695 38 34
4074 3 2 0 44 36 683 697 40
4075 3 2 0 44 683 684 698 697
4076 3 2 0 44 684 685 699 698
4077 3 2 0 44 685 686 700 699
4078 3 2 0 44 686 35 39 700
4079 3 2 0 45 33 687 701 37
4080 3 2 0 45 687 36 40 701
4081 3 2 0 46 34 38 696 682
4082 3 2 0 46 682 696 39 35
4083 3 2 0 47 41 711 2353 702
4084 3 2 0 47 711 44 707 2353
4085 3 2 0 47 702 2353 2354 703
4086 3 2 0 47 2353 707 708 2354
4087 3 2 0 47 703 2354 2355 704
4088 3 2 0 47 2354 708 709 2355
4089 3 2 0 47 704 2355 2356 705
4090 3 2 0 47 2355 709 710 2356
4091 3 2 0 47 705 2356 706 42
4092 3 2 0 47 2356 710 43 706
4093 3 2 0 48 37 712 2357 692
4094 3 2 0 48 692 2357 2358 693
4095 3 2 0 48 693 2358 2359 694
4096 3 2 0 48 694 2359 2360 695
4097 3 2 0 48 695 2360 714 38
4098 3 2 0 48 712 713 2361 2357
4099 3 2 0 48 2357 2361 2362 2358
4100 3 2 0 48 2358 2362 2363 2359
4101 3 2 0 48 2359 2363 2364 2360
4102 3 2 0 48 2360 2364 715 714
4103 3 2 0 48 713 41 702 2361
4104 3 2 0 48 2361 702 703 2362
4105 3 2 0 48 2362 703 704 2363
4106 3 2 0 48 2363 704 705 2364
4107 3 2 0 48 2364 705 42 715
4108 3 2 0 49 40 697 2365 716
4109 3 2 0 49 697 698 2366 2365
4110 3 2 0 49 698 699 2367 2366
4111 3 2 0 49 699 700 2368 2367
4112 3 2 0 49 700 39 718 2368
4113 3 2 0 49 716 2365 2369 717
4114 3 2 0 49 2365 2366 2370 2369
4115 3 2 0 49 2366 2367 2371 2370
4116 3 2 0 49 2367 2368 2372 2371
4117 3 2 0 49 2368 718 719 2372
4118 3 2 0 49 717 2369 707 44
4119 3 2 0 49 2369 2370 708 707
4120 3 2 0 49 2370 2371 709 708
4121 3 2 0 49 2371 2372 710 709
4122 3 2 0 49 2372 719 43 710
4123 3 2 0 50 37 701 2373 712
4124 3 2 0 50 712 2373 2374 713
4125 3 2 0 50 713 2374 711 41
4126 3 2 0 50 701 40 716 2373
4127 3 2 0 50 2373 716 717 2374
4128 3 2 0 50 2374 717 44 711
4129 3 2 0 51 38 714 2375 696
4130 3 2 0 51 714 715 2376 2375
4131 3 2 0 51 715 42 706 2376
4132 3 2 0 51 696 2375 718 39
4133 3 2 0 51 2375 2376 719 718
4134 3 2 0 51 2376 706 43 719
4135 3 2 0 52 4 591 720 46
4136 3 2 0 52 591 592 721 720
4137 3 2 0 52 592 593 722 721
4138 3 2 0 52 593 594 723 722
4139 3 2 0 52 594 3 45 723
4140 3 2 0 53 8 48 724 601
4141 3 2 0 53 601 724 725 602
4142 3 2 0 53 602 725 726 603
4143 3 2 0 53 603 726 727 604
4144 3 2 0 53 604 727 47 7
4145 3 2 0 54 46 720 2377 728
4146 3 2 0 54 720 721 2378 2377
4147 3 2 0 54 721 722 2379 2378
4148 3 2 0 54 722 723 2380 2379
4149 3 2 0 54 723 45 730 2380
4150 3 2 0 54 728 2377 2381 729
4151 3 2 0 54 2377 2378 2382 2381
4152 3 2 0 54 2378 2379 2383 2382
4153 3 2 0 54 2379 2380 2384 2383
4154 3 2 0 54 2380 730 731 2384
4155 3 2 0 54 729 2381 724 48
4156 3 2 0 54 2381 2382 725 724
4157 3 2 0 54 2382 2383 726 725
4158 3 2 0 54 2383 2384 727 726
4159 3 2 0 54 2384 731 47 727
4160 3 2 0 55 4 46 728 610
4161 3 2 0 55 610 728 729 611
4162 3 2 0 55 611 729 48 8
4163 3 2 0 56 3 612 730 45
4164 3 2 0 56 612 613 731 730
4165 3 2 0 56 613 7 47 731
4166 3 2 0 57 12 50 732 619
4167 3 2 0 57 619 732 733 620
4168 3 2 0 57 620 733 734 621
4169 3 2 0 57 621 734 735 622
4170 3 2 0 57 622 735 49 11
4171 3 2 0 58 48 724 732 50
4172 3 2 0 58 724 725 733 732
4173 3 2 0 58 725 726 734 733
4174 3 2 0 58 726 727 735 734
4175 3 2 0 58 727 47 49 735
4176 3 2 0 59 8 48 50 12
4177 3 2 0 60 7 11 49 47
4178 3 2 0 61 16 52 736 629
4179 3 2 0 61 629 736 737 630
4180 3 2 0 61 630 737 738 631
4181 3 2 0 61 631 738 739 632
4182 3 2 0 61 632 739 51 15
4183 3 2 0 62 50 732 2385 740
4184 3 2 0 62 732 733 2386 2385
4185 3 2 0 62 733 734 2387 2386
4186 3 2 0 62 734 735 2388 2387
4187 3 2 0 62 735 49 741 2388
4188 3 2 0 62 740 2385 736 52
4189 3 2 0 62 2385 2386 737 736
4190 3 2 0 62 2386 2387 738 737
4191 3 2 0 62 2387 2388 739 738
4192 3 2 0 62 2388 741 51 739
4193 3 2 0 63 12 50 740 636
4194 3 2 0 63 636 740 52 16
4195 3 2 0 64 11 637 741 49
4196 3 2 0 64 637 15 51 741
4197 3 2 0 65 20 54 742 643
4198 3 2 0 65 643 742 743 644
4199 3 2 0 65 644 743 744 645
4200 3 2 0 65 645 744 745 646
4201 3 2 0 65 646 745 53 19
4202 3 2 0 66 52 736 742 54
4203 3 2 0 66 736 737 743 742
4204 3 2 0 66 737 738 744 743
4205 3 2 0 66 738 739 745 744
4206 3 2 0 66 739 51 53 745
4207 3 2 0 67 16 52 54 20
4208 3 2 0 68 15 19 53 51
4209 3 2 0 69 24 56 746 653
4210 3 2 0 69 653 746 747 654
4211 3 2 0 69 654 747 748 655
4212 3 2 0 69 655 748 749 656
4213 3 2 0 69 656 749 55 23
4214 3 2 0 70 54 742 746 56
4215 3 2 0 70 742 743 747 746
4216 3 2 0 70 743 744 748 747
4217 3 2 0 70 744 745 749 748
4218 3 2 0 70 745 53 55 749
4219 3 2 0 71 20 54 56 24
4220 3 2 0 72 19 23 55 53
4221 3 2 0 73 28 58 750 663
4222 3 2 0 73 663 750 751 664
4223 3 2 0 73 664 751 752 665
4224 3 2 0 73 665 752 753 666
4225 3 2 0 73 666 753 57 27
4226 3 2 0 74 56 746 750 58
4227 3 2 0 74 746 747 751 750
4228 3 2 0 74 747 748 752 751
4229 3 2 0 74 748 749 753 752
4230 3 2 0 74 749 55 57 753
4231 3 2 0 75 24 56 58 28
4232 3 2 0 76 23 27 57 55
4233 3 2 0 77 32 60 754 673
4234 3 2 0 77 673 754 755 674
4235 3 2 0 77 674 755 756 675
4236 3 2 0 77 675 756 757 676
4237 3 2 0 77 676 757 59 31
4238 3 2 0 78 58 750 754 60
4239 3 2 0 78 750 751 755 754
4240 3 2 0 78 751 752 756 755
4241 3 2 0 78 752 753 757 756
4242 3 2 0 78 753 57 59 757
4243 3 2 0 79 28 58 60 32
4244 3 2 0 80 27 31 59 57
4245 3 2 0 81 36 62 758 683
4246 3 2 0 81 683 758 759 684
4247 3 2 0 81 684 759 760 685
4248 3 2 0 81 685 760 761 686
4249 3 2 0 81 686 761 61 35
4250 3 2 0 82 60 754 2389 762
4251 3 2 0 82 754 755 2390 2389
4252 3 2 0 82 755 756 2391 2390
4253 3 2 0 82 756 757 2392 2391
4254 3 2 0 82 757 59 763 2392
4255 3 2 0 82 762 2389 758 62
4256 3 2 0 82 2389 2390 759 758
4257 3 2 0 82 2390 2391 760 759
4258 3 2 0 82 2391 2392 761 760
4259 3 2 0 82 2392 763 61 761
4260 3 2 0 83 32 60 762 690
4261 3 2 0 83 690 762 62 36
4262 3 2 0 84 31 691 763 59
4263 3 2 0 84 691 35 61 763
4264 3 2 0 85 40 64 764 697
4265 3 2 0 85 697 764 765 698
4266 3 2 0 85 698 765 766 699
4267 3 2 0 85 699 766 767 700
4268 3 2 0 85 700 767 63 39
4269 3 2 0 86 62 758 764 64
4270 3 2 0 86 758 759 765 764
4271 3 2 0 86 759 760 766 765
4272 3 2 0 86 760 761 767 766
4273 3 2 0 86 761 61 63 767
4274 3 2 0 87 36 62 64 40
4275 3 2 0 88 35 39 63 61
4276 3 2 0 89 44 66 768 707
4277 3 2 0 89 707 768 769 708
4278 3 2 0 89 708 769 770 709
4279 3 2 0 89 709 770 771 710
4280 3 2 0 89 710 771 65 43
4281 3 2 0 90 64 764 2393 772
4282 3 2 0 90 764 765 2394 2393
4283 3 2 0 90 765 766 2395 2394
4284 3 2 0 90 766 767 2396 2395
4285 3 2 0 90 767 63 774 2396
4286 3 2 0 90 772 2393 2397 773
4287 3 2 0 90 2393 2394 2398 2397
4288 3 2 0 90 2394 2395 2399 2398
4289 3 2 0 90 2395 2396 2400 2399
4290 3 2 0 90 2396 774 775 2400
4291 3 2 0 90 773 2397 768 66
4292 3 2 0 90 2397 2398 769 768
4293 3 2 0 90 2398 2399 770 769
4294 3 2 0 90 2399 2400 771 770
4295 3 2 0 90 2400 775 65 771
4296 3 2 0 91 40 64 772 716
4297 3 2 0 91 716 772 773 717
4298 3 2 0 91 717 773 66 44
4299 3 2 0 92 39 718 774 63
4300 3 2 0 92 718 719 775 774
4301 3 2 0 92 719 43 65 775
4302 3 2 0 93 46 720 776 68
4303 3 2 0 93 720 721 777 776
4304 3 2 0 93 721 722 778 777
4305 3 2 0 93 722 723 779 778
4306 3 2 0 93 723 45 67 779
4307 3 2 0 94 48 70 780 724
4308 3 2 0 94 724 780 781 725
4309 3 2 0 94 725 781 782 726
4310 3 2 0 94 726 782 783 727
4311 3 2 0 94 727 783 69 47
4312 3 2 0 95 68 776 2401 784
4313 3 2 0 95 776 777 2402 2401
4314 3 2 0 95 777 778 2403 2402
4315 3 2 0 95 778 779 2404 2403
4316 3 2 0 95 779 67 786 2404
4317 3 2 0 95 784 2401 2405 785
4318 3 2 0 95 2401 2402 2406 2405
4319 3 2 0 95 2402 2403 2407 2406
4320 3 2 0 95 2403 2404 2408 2407
4321 3 2 0 95 2404 786 787 2408
4322 3 2 0 95 785 2405 780 70
4323 3 2 0 95 2405 2406 781 780
4324 3 2 0 95 2406 2407 782 781
4325 3 2 0 95 2407 2408 783 782
4326 3 2 0 95 2408 787 69 783
4327 3 2 0 96 46 68 784 728
4328 3 2 0 96 728 784 785 729
4329 3 2 0 96 729 785 70 48
4330 3 2 0 97 45 730 786 67
4331 3 2 0 97 730 731 787 786
4332 3 2 0 97 731 47 69 787
4333 3 2 0 98 50 72 788 732
4334 3 2 0 98 732 788 789 733
4335 3 2 0 98 733 789 790 734
4336 3 2 0 98 734 790 791 735
4337 3 2 0 98 735 791 71 49
4338 3 2 0 99 70 780 788 72
4339 3 2 0 99 780 781 789 788
4340 3 2 0 99 781 782 790 789
4341 3 2 0 99 782 783 791 790
4342 3 2 0 99 783 69 71 791
4343 3 2 0 100 48 70 72 50
4344 3 2 0 101 47 49 71 69
4345 3 2 0 102 52 74 792 736
4346 3 2 0 102 736 792 793 737
4347 3 2 0 102 737 793 794 738
4348 3 2 0 102 738 794 795 739
4349 3 2 0 102 739 795 73 51
4350 3 2 0 103 72 788 2409 796
4351 3 2 0 103 788 789 2410 2409
4352 3 2 0 103 789 790 2411 2410
4353 3 2 0 103 790 791 2412 2411
4354 3 2 0 103 791 71 797 2412
4355 3 2 0 103 796 2409 792 74
4356 3 2 0 103 2409 2410 793 792
4357 3 2 0 103 2410 2411 794 793
4358 3 2 0 103 2411 2412 795 794
4359 3 2 0 103 2412 797 73 795
4360 3 2 0 104 50 72 796 740
4361 3 2 0 104 740 796 74 52
4362 3 2 0 105 49 741 797 71
4363 3 2 0 105 741 51 73 797
4364 3 2 0 106 54 76 798 742
4365 3 2 0 106 742 798 799 743
4366 3 2 0 106 743 799 800 744
4367 3 2 0 106 744 800 801 745
4368 3 2 0 106 745 801 75 53
4369 3 2 0 107 74 792 798 76
4370 3 2 0 107 792 793 799 798
4371 3 2 0 107 793 794 800 799
4372 3 2 0 107 794 795 801 800
4373 3 2 0 107 795 73 75 801
4374 3 2 0 108 52 74 76 54
4375 3 2 0 109 51 53 75 73
4376 3 2 0 110 56 78 802 746
4377 3 2 0 110 746 802 803 747
4378 3 2 0 110 747 803 804 748
4379 3 2 0 110 748 804 805 749
4380 3 2 0 110 749 805 77 55
4381 3 2 0 111 76 798 802 78
4382 3 2 0 111 798 799 803 802
4383 3 2 0 111 799 800 804 803
4384 3 2 0 111 800 801 805 804
4385 3 2 0 111 801 75 77 805
4386 3 2 0 112 54 76 78 56
4387 3 2 0 113 53 55 77 75
4388 3 2 0 114 58 80 806 750
4389 3 2 0 114 750 806 807 751
4390 3 2 0 114 751 807 808 752
4391 3 2 0 114 752 808 809 753
4392 3 2 0 114 753 809 79 57
4393 3 2 0 115 78 802 806 80
4394 3 2 0 115 802 803 807 806
4395 3 2 0 115 803 804 808 807
4396 3 2 0 115 804 805 809 808
4397 3 2 0 115 805 77 79 809
4398 3 2 0 116 56 78 80 58
4399 3 2 0 117 55 57 79 77
4400 3 2 0 118 60 82 810 754
4401 3 2 0 118 754 810 811 755
4402 3 2 0 118 755 811 812 756
4403 3 2 0 118 756 812 813 757
4404 3 2 0 118 757 813 81 59
4405 3 2 0 119 80 806 810 82
4406 3 2 0 119 806 807 811 810
4407 3 2 0 119 807 808 812 811
4408 3 2 0 119 808 809 813 812
4409 3 2 0 119 809 79 81 813
4410 3 2 0 120 58 80 82 60
4411 3 2 0 121 57 59 81 79
4412 3 2 0 122 62 84 814 758
4413 3 2 0 122 758 814 815 759
4414 3 2 0 122 759 815 816 760
4415 3 2 0 122 760 816 817 761
4416 3 2 0 122 761 817 83 61
4417 3 2 0 123 82 810 2413 818
4418 3 2 0 123 810 811 2414 2413
4419 3 2 0 123 811 812 2415 2414
4420 3 2 0 123 812 813 2416 2415
4421 3 2 0 123 813 81 819 2416
4422 3 2 0 123 818 2413 814 84
4423 3 2 0 123 2413 2414 815 814
4424 3 2 0 123 2414 2415 816 815
4425 3 2 0 123 2415 2416 817 816
4426 3 2 0 123 2416 819 83 817
4427 3 2 0 124 60 82 818 762
4428 3 2 0 124 762 818 84 62
4429 3 2 0 125 59 763 819 81
4430 3 2 0 125 763 61 83 819
4431 3 2 0 126 64 86 820 764
4432 3 2 0 126 764 820 821 765
4433 3 2 0 126 765 821 822 766
4434 3 2 0 126 766 822 823 767
4435 3 2 0 126 767 823 85 63
4436 3 2 0 127 84 814 820 86
4437 3 2 0 127 814 815 821 820
4438 3 2 0 127 815 816 822 821
4439 3 2 0 127 816 817 823 822
4440 3 2 0 127 817 83 85 823
4441 3 2 0 128 62 84 86 64
4442 3 2 0 129 61 63 85 83
4443 3 2 0 130 66 88 824 768
4444 3 2 0 130 768 824 825 769
4445 3 2 0 130 769 825 826 770
4446 3 2 0 130 770 826 827 771
4447 3 2 0 130 771 827 87 65
4448 3 2 0 131 86 820 2417 828
4449 3 2 0 131 820 821 2418 2417
4450 3 2 0 131 821 822 2419 2418
4451 3 2 0 131 822 823 2420 2419
4452 3 2 0 131 823 85 830 2420
4453 3 2 0 131 828 2417 2421 829
4454 3 2 0 131 2417 2418 2422 2421
4455 3 2 0 131 2418 2419 2423 2422
4456 3 2 0 131 2419 2420 2424 2423
4457 3 2 0 131 2420 830 831 2424
4458 3 2 0 131 829 2421 824 88
4459 3 2 0 131 2421 2422 825 824
4460 3 2 0 131 2422 2423 826 825
4461 3 2 0 131 2423 2424 827 826
4462 3 2 0 131 2424 831 87 827
4463 3 2 0 132 64 86 828 772
4464 3 2 0 132 772 828 829 773
4465 3 2 0 132 773 829 88 66
4466 3 2 0 133 63 774 830 85
4467 3 2 0 133 774 775 831 830
4468 3 2 0 133 775 65 87 831
4469 3 2 0 134 68 776 832 90
4470 3 2 0 134 776 777 833 832
4471 3 2 0 134 777 778 834 833
4472 3 2 0 134 778 779 835 834
4473 3 2 0 134 779 67 89 835
4474 3 2 0 135 70 92 836 780
4475 3 2 0 135 780 836 837 781
4476 3 2 0 135 781 837 838 782
4477 3 2 0 135 782 838 839 783
4478 3 2 0 135 783 839 91 69
4479 3 2 0 136 90 832 2425 840
4480 3 2 0 136 832 833 2426 2425
4481 3 2 0 136 833 834 2427 2426
4482 3 2 0 136 834 835 2428 2427
4483 3 2 0 136 835 89 842 2428
4484 3 2 0 136 840 2425 2429 841
4485 3 2 0 136 2425 2426 2430 2429
4486 3 2 0 136 2426 2427 2431 2430
4487 3 2 0 136 2427 2428 2432 2431
4488 3 2 0 136 2428 842 843 2432
4489 3 2 0 136 841 2429 836 92
4490 3 2 0 136 2429 2430 837 836
4491 3 2 0 136 2430 2431 838 837
4492 3 2 0 136 2431 2432 839 838
4493 3 2 0 136 2432 843 91 839
4494 3 2 0 137 68 90 840 784
4495 3 2 0 137 784 840 841 785
4496 3 2 0 137 785 841 92 70
4497 3 2 0 138 67 786 842 89
4498 3 2 0 138 786 787 843 842
4499 3 2 0 138 787 69 91 843
4500 3 2 0 139 72 94 844 788
4501 3 2 0 139 788 844 845 789
4502 3 2 0 139 789 845 846 790
4503 3 2 0 139 790 846 847 791
4504 3 2 0 139 791 847 93 71
4505 3 2 0 140 92 836 844 94
4506 3 2 0 140 836 837 845 844
4507 3 2 0 140 837 838 846 845
4508 3 2 0 140 838 839 847 846
4509 3 2 0 140 839 91 93 847
4510 3 2 0 141 70 92 94 72
4511 3 2 0 142 69 71 93 91
4512 3 2 0 143 74 96 848 792
4513 3 2 0 143 792 848 849 793
4514 3 2 0 143 793 849 850 794
4515 3 2 0 143 794 850 851 795
4516 3 2 0 143 795 851 95 73
4517 3 2 0 144 94 844 2433 852
4518 3 2 0 144 844 845 2434 2433
4519 3 2 0 144 845 846 2435 2434
4520 3 2 0 144 846 847 2436 2435
4521 3 2 0 144 847 93 853 2436
4522 3 2 0 144 852 2433 848 96
4523 3 2 0 144 2433 2434 849 848
4524 3 2 0 144 2434 2435 850 849
4525 3 2 0 144 2435 2436 851 850
4526 3 2 0 144 2436 853 95 851
4527 3 2 0 145 72 94 852 796
4528 3 2 0 145 796 852 96 74
4529 3 2 0 146 71 797 853 93
4530 3 2 0 146 797 73 95 853
4531 3 2 0 147 76 98 854 798
4532 3 2 0 147 798 854 855 799
4533 3 2 0 147 799 855 856 800
4534 3 2 0 147 800 856 857 801
4535 3 2 0 147 801 857 97 75
4536 3 2 0 148 96 848 854 98
4537 3 2 0 148 848 849 855 854
4538 3 2 0 148 849 850 856 855
4539 3 2 0 148 850 851 857 856
4540 3 2 0 148 851 95 97 857
4541 3 2 0 149 74 96 98 76
4542 3 2 0 150 73 75 97 95
4543 3 2 0 151 78 100 858 802
4544 3 2 0 151 802 858 859 803
4545 3 2 0 151 803 859 860 804
4546 3 2 0 151 804 860 861 805
4547 3 2 0 151 805 861 99 77
4548 3 2 0 152 98 854 858 100
4549 3 2 0 152 854 855 859 858
4550 3 2 0 152 855 856 860 859
4551 3 2 0 152 856 857 861 860
4552 3 2 0 152 857 97 99 861
4553 3 2 0 153 76 98 100 78
4554 3 2 0 154 75 77 99 97
4555 3 2 0 155 80 102 862 806
4556 3 2 0 155 806 862 863 807
4557 3 2 0 155 807 863 864 808
4558 3 2 0 155 808 864 865 809
4559 3 2 0 155 809 865 101 79
4560 3 2 0 156 100 858 862 102
4561 3 2 0 156 858 859 863 862
4562 3 2 0 156 859 860 864 863
4563 3 2 0 156 860 861 865 864
4564 3 2 0 156 861 99 101 865
4565 3 2 0 157 78 100 102 80
4566 3 2 0 158 77 79 101 99
4567 3 2 0 159 82 104 866 810
4568 3 2 0 159 810 866 867 811
4569 3 2 0 159 811 867 868 812
4570 3 2 0 159 812 868 869 813
4571 3 2 0 159 813 869 103 81
4572 3 2 0 160 102 862 866 104
4573 3 2 0 160 862 863 867 866
4574 3 2 0 160 863 864 868 867
4575 3 2 0 160 864 865 869 868
4576 3 2 0 160 865 101 103 869
4577 3 2 0 161 80 102 104 82
4578 3 2 0 162 79 81 103 101
4579 3 2 0 163 84 106 870 814
4580 3 2 0 163 814 870 871 815
4581 3 2 0 163 815 871 872 816
4582 3 2 0 163 816 872 873 817
4583 3 2 0 163 817 873 105 83
4584 3 2 0 164 104 866 2437 874
4585 3 2 0 164 866 867 2438 2437
4586 3 2 0 164 867 868 2439 2438
4587 3 2 0 164 868 869 2440 2439
4588 3 2 0 164 869 103 875 2440
4589 3 2 0 164 874 2437 870 106
4590 3 2 0 164 2437 2438 871 870
4591 3 2 0 164 2438 2439 872 871
4592 3 2 0 164 2439 2440 873 872
4593 3 2 0 164 2440 875 105 873
4594 3 2 0 165 82 104 874 818
4595 3 2 0 165 818 874 106 84
4596 3 2 0 166 81 819 875 103
4597 3 2 0 166 819 83 105 875
4598 3 2 0 167 86 108 876 820
4599 3 2 0 167 820 876 877 821
4600 3 2 0 167 821 877 878 822
4601 3 2 0 167 822 878 879 823
4602 3 2 0 167 823 879 107 85
4603 3 2 0 168 106 870 876 108
4604 3 2 0 168 870 871 877 876
4605 3 2 0 168 871 872 878 877
4606 3 2 0 168 872 873 879 878
4607 3 2 0 168 873 105 107 879
4608 3 2 0 169 84 106 108 86
4609 3 2 0 170 83 85 107 105
4610 3 2 0 171 88 110 880 824
4611 3 2 0 171 824 880 881 825
4612 3 2 0 171 825 881 882 826
4613 3 2 0 171 826 882 883 827
4614 3 2 0 171 827 883 109 87
4615 3 2 0 172 108 876 2441 884
4616 3 2 0 172 876 877 2442 2441
4617 3 2 0 172 877 878 2443 2442
4618 3 2 0 172 878 879 2444 2443
4619 3 2 0 172 879 107 886 2444
4620 3 2 0 172 884 2441 2445 885
4621 3 2 0 172 2441 2442 2446 2445
4622 3 2 0 172 2442 2443 2447 2446
4623 3 2 0 172 2443 2444 2448 2447
4624 3 2 0 172 2444 886 887 2448
4625 3 2 0 172 885 2445 880 110
4626 3 2 0 172 2445 2446 881 880
4627 3 2 0 172 2446 2447 882 881
4628 3 2 0 172 2447 2448 883 882
4629 3 2 0 172 2448 887 109 883
4630 3 2 0 173 86 108 884 828
4631 3 2 0 173 828 884 885 829
4632 3 2 0 173 829 885 110 88
4633 3 2 0 174 85 830 886 107
4634 3 2 0 174 830 831 887 886
4635 3 2 0 174 831 87 109 887
4636 3 2 0 175 90 832 888 112
4637 3 2 0 175 832 833 889 888
4638 3 2 0 175 833 834 890 889
4639 3 2 0 175 834 835 891 890
4640 3 2 0 175 835 89 111 891
4641 3 2 0 176 92 114 892 836
4642 3 2 0 176 836 892 893 837
4643 3 2 0 176 837 893 894 838
4644 3 2 0 176 838 894 895 839
4645 3 2 0 176 839 895 113 91
4646 3 2 0 177 112 888 2449 896
4647 3 2 0 177 888 889 2450 2449
4648 3 2 0 177 889 890 2451 2450
4649 3 2 0 177 890 891 2452 2451
4650 3 2 0 177 891 111 898 2452
4651 3 2 0 177 896 2449 2453 897
4652 3 2 0 177 2449 2450 2454 2453
4653 3 2 0 177 2450 2451 2455 2454
4654 3 2 0 177 2451 2452 2456 2455
4655 3 2 0 177 2452 898 899 2456
4656 3 2 0 177 897 2453 892 114
4657 3 2 0 177 2453 2454 893 892
4658 3 2 0 177 2454 2455 894 893
4659 3 2 0 177 2455 2456 895 894
4660 3 2 0 177 2456 899 113 895
4661 3 2 0 178 90 112 896 840
4662 3 2 0 178 840 896 897 841
4663 3 2 0 178 841 897 114 92
4664 3 2 0 179 89 842 898 111
4665 3 2 0 179 842 843 899 898
4666 3 2 0 179 843 91 113 899
4667 3 2 0 180 94 116 900 844
4668 3 2 0 180 844 900 901 845
4669 3 2 0 180 845 901 902 846
4670 3 2 0 180 846 902 903 847
4671 3 2 0 180 847 903 115 93
4672 3 2 0 181 114 892 900 116
4673 3 2 0 181 892 893 901 900
4674 3 2 0 181 893 894 902 901
4675 3 2 0 181 894 895 903 902
4676 3 2 0 181 895 113 115 903
4677 3 2 0 182 92 114 116 94
4678 3 2 0 183 91 93 115 113
4679 3 2 0 184 96 118 904 848
4680 3 2 0 184 848 904 905 849
4681 3 2 0 184 849 905 906 850
4682 3 2 0 184 850 906 907 851
4683 3 2 0 184 851 907 117 95
4684 3 2 0 185 116 900 2457 908
4685 3 2 0 185 900 901 2458 2457
4686 3 2 0 185 901 902 2459 2458
4687 3 2 0 185 902 903 2460 2459
4688 3 2 0 185 903 115 909 2460
4689 3 2 0 185 908 2457 904 118
4690 3 2 0 185 2457 2458 905 904
4691 3 2 0 185 2458 2459 906 905
4692 3 2 0 185 2459 2460 907 906
4693 3 2 0 185 2460 909 117 907
4694 3 2 0 186 94 116 908 852
4695 3 2 0 186 852 908 118 96
4696 3 2 0 187 93 853 909 115
4697 3 2 0 187 853 95 117 909
4698 3 2 0 188 98 120 910 854
4699 3 2 0 188 854 910 911 855
4700 3 2 0 188 855 911 912 856
4701 3 2 0 188 856 912 913 857
4702 3 2 0 188 857 913 119 97
4703 3 2 0 189 118 904 910 120
4704 3 2 0 189 904 905 911 910
4705 3 2 0 189 905 906 912 911
4706 3 2 0 189 906 907 913 912
4707 3 2 0 189 907 117 119 913
4708 3 2 0 190 96 118 120 98
4709 3 2 0 191 95 97 119 117
4710 3 2 0 192 100 122 914 858
4711 3 2 0 192 858 914 915 859
4712 3 2 0 192 859 915 916 860
4713 3 2 0 192 860 916 917 861
4714 3 2 0 192 861 917 121 99
4715 3 2 0 193 120 910 914 122
4716 3 2 0 193 910 911 915 914
4717 3 2 0 193 911 912 916 915
4718 3 2 0 193 912 913 917 916
4719 3 2 0 193 913 119 121 917
4720 3 2 0 194 98 120 122 100
4721 3 2 0 195 97 99 121 119
4722 3 2 0 196 102 124 918 862
4723 3 2 0 196 862 918 919 863
4724 3 2 0 196 863 919 920 864
4725 3 2 0 196 864 920 921 865
4726 3 2 0 196 865 921 123 101
4727 3 2 0 197 122 914 918 124
4728 3 2 0 197 914 915 919 918
4729 3 2 0 197 915 916 920 919
4730 3 2 0 197 916 917 921 920
4731 3 2 0 197 917 121 123 921
4732 3 2 0 198 100 122 124 102
4733 3 2 0 199 99 101 123 121
4734 3 2 0 200 104 126 922 866
4735 3 2 0 200 866 922 923 867
4736 3 2 0 200 867 923 924 868
4737 3 2 0 200 868 924 925 869
4738 3 2 0 200 869 925 125 103
4739 3 2 0 201 124 918 922 126
4740 3 2 0 201 918 919 923 922
4741 3 2 0 201 919 920 924 923
4742 3 2 0 201 920 921 925 924
4743 3 2 0 201 921 123 125 925
4744 3 2 0 202 102 124 126 104
4745 3 2 0 203 101 103 125 123
4746 3 2 0 204 106 128 926 870
4747 3 2 0 204 870 926 927 871
4748 3 2 0 204 871 927 928 872
4749 3 2 0 204 872 928 929 873
4750 3 2 0 204 873 929 127 105
4751 3 2 0 205 126 922 2461 930
4752 3 2 0 205 922 923 2462 2461
4753 3 2 0 205 923 924 2463 2462
4754 3 2 0 205 924 925 2464 2463
4755 3 2 0 205 925 125 931 2464
4756 3 2 0 205 930 2461 926 128
4757 3 2 0 205 2461 2462 927 926
4758 3 2 0 205 2462 2463 928 927
4759 3 2 0 205 2463 2464 929 928
4760 3 2 0 205 2464 931 127 929
4761 3 2 0 206 104 126 930 874
4762 3 2 0 206 874 930 128 106
4763 3 2 0 207 103 875 931 125
4764 3 2 0 207 875 105 127 931
4765 3 2 0 208 108 130 932 876
4766 3 2 0 208 876 932 933 877
4767 3 2 0 208 877 933 934 878
4768 3 2 0 208 878 934 935 879
4769 3 2 0 208 879 935 129 107
4770 3 2 0 209 128 926 932 130
4771 3 2 0 209 926 927 933 932
4772 3 2 0 209 927 928 934 933
4773 3 2 0 209 928 929 935 934
4774 3 2 0 209 929 127 129 935
4775 3 2 0 210 106 128 130 108
4776 3 2 0 211 105 107 129 127
4777 3 2 0 212 110 132 936 880
4778 3 2 0 212 880 936 937 881
4779 3 2 0 212 881 937 938 882
4780 3 2 0 212 882 938 939 883
4781 3 2 0 212 883 939 131 109
4782 3 2 0 213 130 932 2465 940
4783 3 2 0 213 932 933 2466 2465
4784 3 2 0 213 933 934 2467 2466
4785 3 2 0 213 934 935 2468 2467
4786 3 2 0 213 935 129 942 2468
4787 3 2 0 213 940 2465 2469 941
4788 3 2 0 213 2465 2466 2470 2469
4789 3 2 0 213 2466 2467 2471 2470
4790 3 2 0 213 2467 2468 2472 2471
4791 3 2 0 213 2468 942 943 2472
4792 3 2 0 213 941 2469 936 132
4793 3 2 0 213 2469 2470 937 936
4794 3 2 0 213 2470 2471 938 937
4795 3 2 0 213 2471 2472 939 938
4796 3 2 0 213 2472 943 131 939
4797 3 2 0 214 108 130 940 884
4798 3 2 0 214 884 940 941 885
4799 3 2 0 214 885 941 132 110
4800 3 2 0 215 107 886 942 129
4801 3 2 0 215 886 887 943 942
4802 3 2 0 215 887 109 131 943
4803 3 2 0 216 112 888 2473 949
4804 3 2 0 216 949 2473 945 134
4805 3 2 0 216 888 889 2474 2473
4806 3 2 0 216 2473 2474 946 945
4807 3 2 0 216 889 890 2475 2474
4808 3 2 0 216 2474 2475 947 946
4809 3 2 0 216 890 891 2476 2475
4810 3 2 0 216 2475 2476 948 947
4811 3 2 0 216 891 111 944 2476
4812 3 2 0 216 2476 944 133 948
4813 3 2 0 217 114 955 2477 892
4814 3 2 0 217 955 136 951 2477
4815 3 2 0 217 892 2477 2478 893
4816 3 2 0 217 2477 951 952 2478
4817 3 2 0 217 893 2478 2479 894
4818 3 2 0 217 2478 952 953 2479
4819 3 2 0 217 894 2479 2480 895
4820 3 2 0 217 2479 953 954 2480
4821 3 2 0 217 895 2480 950 113
4822 3 2 0 217 2480 954 135 950
4823 3 2 0 218 134 945 2481 956
4824 3 2 0 218 945 946 2482 2481
4825 3 2 0 218 946 947 2483 2482
4826 3 2 0 218 947 948 2484 2483
4827 3 2 0 218 948 133 958 2484
4828 3 2 0 218 956 2481 2485 957
4829 3 2 0 218 2481 2482 2486 2485
4830 3 2 0 218 2482 2483 2487 2486
4831 3 2 0 218 2483 2484 2488 2487
4832 3 2 0 218 2484 958 959 2488
4833 3 2 0 218 957 2485 951 136
4834 3 2 0 218 2485 2486 952 951
4835 3 2 0 218 2486 2487 953 952
4836 3 2 0 218 2487 2488 954 953
4837 3 2 0 218 2488 959 135 954
4838 3 2 0 219 112 949 2489 896
4839 3 2 0 219 896 2489 2490 897
4840 3 2 0 219 897 2490 955 114
4841 3 2 0 219 949 134 956 2489
4842 3 2 0 219 2489 956 957 2490
4843 3 2 0 219 2490 957 136 955
4844 3 2 0 220 111 898 2491 944
4845 3 2 0 220 898 899 2492 2491
4846 3 2 0 220 899 113 950 2492
4847 3 2 0 220 944 2491 958 133
4848 3 2 0 220 2491 2492 959 958
4849 3 2 0 220 2492 950 135 959
4850 3 2 0 221 116 965 2493 900
4851 3 2 0 221 965 138 961 2493
4852 3 2 0 221 900 2493 2494 901
4853 3 2 0 221 2493 961 962 2494
4854 3 2 0 221 901 2494 2495 902
4855 3 2 0 221 2494 962 963 2495
4856 3 2 0 221 902 2495 2496 903
4857 3 2 0 221 2495 963 964 2496
4858 3 2 0 221 903 2496 960 115
4859 3 2 0 221 2496 964 137 960
4860 3 2 0 222 136 951 961 138
4861 3 2 0 222 951 952 962 961
4862 3 2 0 222 952 953 963 962
4863 3 2 0 222 953 954 964 963
4864 3 2 0 222 954 135 137 964
4865 3 2 0 223 114 955 965 116
4866 3 2 0 223 955 136 138 965
4867 3 2 0 224 113 115 960 950
4868 3 2 0 224 950 960 137 135
4869 3 2 0 225 118 971 2497 904
4870 3 2 0 225 971 140 967 2497
4871 3 2 0 225 904 2497 2498 905
4872 3 2 0 225 2497 967 968 2498
4873 3 2 0 225 905 2498 2499 906
4874 3 2 0 225 2498 968 969 2499
4875 3 2 0 225 906 2499 2500 907
4876 3 2 0 225 2499 969 970 2500
4877 3 2 0 225 907 2500 966 117
4878 3 2 0 225 2500 970 139 966
4879 3 2 0 226 138 961 2501 972
4880 3 2 0 226 961 962 2502 2501
4881 3 2 0 226 962 963 2503 2502
4882 3 2 0 226 963 964 2504 2503
4883 3 2 0 226 964 137 973 2504
4884 3 2 0 226 972 2501 967 140
4885 3 2 0 226 2501 2502 968 967
4886 3 2 0 226 2502 2503 969 968
4887 3 2 0 226 2503 2504 970 969
4888 3 2 0 226 2504 973 139 970
4889 3 2 0 227 116 965 2505 908
4890 3 2 0 227 908 2505 971 118
4891 3 2 0 227 965 138 972 2505
4892 3 2 0 227 2505 972 140 971
4893 3 2 0 228 115 909 2506 960
4894 3 2 0 228 909 117 966 2506
4895 3 2 0 228 960 2506 973 137
4896 3 2 0 228 2506 966 139 973
4897 3 2 0 229 120 979 2507 910
4898 3 2 0 229 979 142 975 2507
4899 3 2 0 229 910 2507 2508 911
4900 3 2 0 229 2507 975 976 2508
4901 3 2 0 229 911 2508 2509 912
4902 3 2 0 229 2508 976 977 2509
4903 3 2 0 229 912 2509 2510 913
4904 3 2 0 229 2509 977 978 2510
4905 3 2 0 229 913 2510 974 119
4906 3 2 0 229 2510 978 141 974
4907 3 2 0 230 140 967 975 142
4908 3 2 0 230 967 968 976 975
4909 3 2 0 230 968 969 977 976
4910 3 2 0 230 969 970 978 977
4911 3 2 0 230 970 139 141 978
4912 3 2 0 231 118 971 979 120
4913 3 2 0 231 971 140 142 979
4914 3 2 0 232 117 119 974 966
4915 3 2 0 232 966 974 141 139
4916 3 2 0 233 122 985 2511 914
4917 3 2 0 233 985 144 981 2511
4918 3 2 0 233 914 2511 2512 915
4919 3 2 0 233 2511 981 982 2512
4920 3 2 0 233 915 2512 2513 916
4921 3 2 0 233 2512 982 983 2513
4922 3 2 0 233 916 2513 2514 917
4923 3 2 0 233 2513 983 984 2514
4924 3 2 0 233 917 2514 980 121
4925 3 2 0 233 2514 984 143 980
4926 3 2 0 234 142 975 981 144
4927 3 2 0 234 975 976 982 981
4928 3 2 0 234 976 977 983 982
4929 3 2 0 234 977 978 984 983
4930 3 2 0 234 978 141 143 984
4931 3 2 0 235 120 979 985 122
4932 3 2 0 235 979 142 144 985
4933 3 2 0 236 119 121 980 974
4934 3 2 0 236 974 980 143 141
4935 3 2 0 237 124 991 2515 918
4936 3 2 0 237 991 146 987 2515
4937 3 2 0 237 918 2515 2516 919
4938 3 2 0 237 2515 987 988 2516
4939 3 2 0 237 919 2516 2517 920
4940 3 2 0 237 2516 988 989 2517
4941 3 2 0 237 920 2517 2518 921
4942 3 2 0 237 2517 989 990 2518
4943 3 2 0 237 921 2518 986 123
4944 3 2 0 237 2518 990 145 986
4945 3 2 0 238 144 981 987 146
4946 3 2 0 238 981 982 988 987
4947 3 2 0 238 982 983 989 988
4948 3 2 0 238 983 984 990 989
4949 3 2 0 238 984 143 145 990
4950 3 2 0 239 122 985 991 124
4951 3 2 0 239 985 144 146 991
4952 3 2 0 240 121 123 986 980
4953 3 2 0 240 980 986 145 143
4954 3 2 0 241 126 997 2519 922
4955 3 2 0 241 997 148 993 2519
4956 3 2 0 241 922 2519 2520 923
4957 3 2 0 241 2519 993 994 2520
4958 3 2 0 241 923 2520 2521 924
4959 3 2 0 241 2520 994 995 2521
4960 3 2 0 241 924 2521 2522 925
4961 3 2 0 241 2521 995 996 2522
4962 3 2 0 241 925 2522 992 125
4963 3 2 0 241 2522 996 147 992
4964 3 2 0 242 146 987 993 148
4965 3 2 0 242 987 988 994 993
4966 3 2 0 242 988 989 995 994
4967 3 2 0 242 989 990 996 995
4968 3 2 0 242 990 145 147 996
4969 3 2 0 243 124 991 997 126
4970 3 2 0 243 991 146 148 997
4971 3 2 0 244 123 125 992 986
4972 3 2 0 244 986 992 147 145
4973 3 2 0 245 128 1003 2523 926
4974 3 2 0 245 1003 150 999 2523
4975 3 2 0 245 926 2523 2524 927
4976 3 2 0 245 2523 999 1000 2524
4977 3 2 0 245 927 2524 2525 928
4978 3 2 0 245 2524 1000 1001 2525
4979 3 2 0 245 928 2525 2526 929
4980 3 2 0 245 2525 1001 1002 2526
4981 3 2 0 245 929 2526 998 127
4982 3 2 0 245 2526 1002 149 998
4983 3 2 0 246 148 993 2527 1004
4984 3 2 0 246 993 994 2528 2527
4985 3 2 0 246 994 995 2529 2528
4986 3 2 0 246 995 996 2530 2529
4987 3 2 0 246 996 147 1005 2530
4988 3 2 0 246 1004 2527 999 150
4989 3 2 0 246 2527 2528 1000 999
4990 3 2 0 246 2528 2529 1001 1000
4991 3 2 0 246 2529 2530 1002 1001
4992 3 2 0 246 2530 1005 149 1002
4993 3 2 0 247 126 997 2531 930
4994 3 2 0 247 930 2531 1003 128
4995 3 2 0 247 997 148 1004 2531
4996 3 2 0 247 2531 1004 150 1003
4997 3 2 0 248 125 931 2532 992
4998 3 2 0 248 931 127 998 2532
4999 3 2 0 248 992 2532 1005 147
5000 3 2 0 248 2532 998 149 1005
5001 3 2 0 249 130 1011 2533 932
5002 3 2 0 249 1011 152 1007 2533
5003 3 2 0 249 932 2533 2534 933
5004 3 2 0 249 2533 1007 1008 2534
5005 3 2 0 249 933 2534 2535 934
5006 3 2 0 249 2534 1008 1009 2535
5007 3 2 0 249 934 2535 2536 935
5008 3 2 0 249 2535 1009 1010 2536
5009 3 2 0 249 935 2536 1006 129
5010 3 2 0 249 2536 1010 151 1006
5011 3 2 0 250 150 999 1007 152
5012 3 2 0 250 999 1000 1008 1007
5013 3 2 0 250 1000 1001 1009 1008
5014 3 2 0 250 1001 1002 1010 1009
5015 3 2 0 250 1002 149 151 1010
5016 3 2 0 251 128 1003 1011 130
5017 3 2 0 251 1003 150 152 1011
5018 3 2 0 252 127 129 1006 998
5019 3 2 0 252 998 1006 151 149
5020 3 2 0 253 132 1017 2537 936
5021 3 2 0 253 1017 154 1013 2537
5022 3 2 0 253 936 2537 2538 937
5023 3 2 0 253 2537 1013 1014 2538
5024 3 2 0 253 937 2538 2539 938
5025 3 2 0 253 2538 1014 1015 2539
5026 3 2 0 253 938 2539 2540 939
5027 3 2 0 253 2539 1015 1016 2540
5028 3 2 0 253 939 2540 1012 131
5029 3 2 0 253 2540 1016 153 1012
5030 3 2 0 254 152 1007 2541 1018
5031 3 2 0 254 1007 1008 2542 2541
5032 3 2 0 254 1008 1009 2543 2542
5033 3 2 0 254 1009 1010 2544 2543
5034 3 2 0 254 1010 151 1020 2544
5035 3 2 0 254 1018 2541 2545 1019
5036 3 2 0 254 2541 2542 2546 2545
5037 3 2 0 254 2542 2543 2547 2546
5038 3 2 0 254 2543 2544 2548 2547
5039 3 2 0 254 2544 1020 1021 2548
5040 3 2 0 254 1019 2545 1013 154
5041 3 2 0 254 2545 2546 1014 1013
5042 3 2 0 254 2546 2547 1015 1014
5043 3 2 0 254 2547 2548 1016 1015
5044 3 2 0 254 2548 1021 153 1016
5045 3 2 0 255 130 1011 2549 940
5046 3 2 0 255 940 2549 2550 941
5047 3 2 0 255 941 2550 1017 132
5048 3 2 0 255 1011 152 1018 2549
5049 3 2 0 255 2549 1018 1019 2550
5050 3 2 0 255 2550 1019 154 1017
5051 3 2 0 256 129 942 2551 1006
5052 3 2 0 256 942 943 2552 2551
5053 3 2 0 256 943 131 1012 2552
5054 3 2 0 256 1006 2551 1020 151
5055 3 2 0 256 2551 2552 1021 1020
5056 3 2 0 256 2552 1012 153 1021
5057 3 2 0 257 155 1022 2553 1028
5058 3 2 0 257 1028 2553 1025 156
5059 3 2 0 257 1022 1023 2554 2553
5060 3 2 0 257 2553 2554 1026 1025
5061 3 2 0 257 1023 1024 2555 2554
5062 3 2 0 257 2554 2555 1027 1026
5063 3 2 0 257 1024 1 595 2555
5064 3 2 0 257 2555 595 4 1027
5065 3 2 0 258 157 1035 2556 1029
5066 3 2 0 258 1035 158 1032 2556
5067 3 2 0 258 1029 2556 2557 1030
5068 3 2 0 258 2556 1032 1033 2557
5069 3 2 0 258 1030 2557 2558 1031
5070 3 2 0 258 2557 1033 1034 2558
5071 3 2 0 258 1031 2558 605 5
5072 3 2 0 258 2558 1034 8 605
5073 3 2 0 259 155 1036 2559 1022
5074 3 2 0 259 1022 2559 2560 1023
5075 3 2 0 259 1023 2560 2561 1024
5076 3 2 0 259 1024 2561 606 1
5077 3 2 0 259 1036 1037 2562 2559
5078 3 2 0 259 2559 2562 2563 2560
5079 3 2 0 259 2560 2563 2564 2561
5080 3 2 0 259 2561 2564 607 606
5081 3 2 0 259 1037 157 1029 2562
5082 3 2 0 259 2562 1029 1030 2563
5083 3 2 0 259 2563 1030 1031 2564
5084 3 2 0 259 2564 1031 5 607
5085 3 2 0 260 156 1025 2565 1038
5086 3 2 0 260 1025 1026 2566 2565
5087 3 2 0 260 1026 1027 2567 2566
5088 3 2 0 260 1027 4 610 2567
5089 3 2 0 260 1038 2565 2568 1039
5090 3 2 0 260 2565 2566 2569 2568
5091 3 2 0 260 2566 2567 2570 2569
5092 3 2 0 260 2567 610 611 2570
5093 3 2 0 260 1039 2568 1032 158
5094 3 2 0 260 2568 2569 1033 1032
5095 3 2 0 260 2569 2570 1034 1033
5096 3 2 0 260 2570 611 8 1034
5097 3 2 0 261 155 1028 2571 1036
5098 3 2 0 261 1036 2571 2572 1037
5099 3 2 0 261 1037 2572 1035 157
5100 3 2 0 261 1028 156 1038 2571
5101 3 2 0 261 2571 1038 1039 2572
5102 3 2 0 261 2572 1039 158 1035
5103 3 2 0 262 159 1046 2573 1040
5104 3 2 0 262 1046 160 1043 2573
5105 3 2 0 262 1040 2573 2574 1041
5106 3 2 0 262 2573 1043 1044 2574
5107 3 2 0 262 1041 2574 2575 1042
5108 3 2 0 262 2574 1044 1045 2575
5109 3 2 0 262 1042 2575 623 9
5110 3 2 0 262 2575 1045 12 623
5111 3 2 0 263 157 159 1040 1029
5112 3 2 0 263 1029 1040 1041 1030
5113 3 2 0 263 1030 1041 1042 1031
5114 3 2 0 263 1031 1042 9 5
5115 3 2 0 264 158 1032 1043 160
5116 3 2 0 264 1032 1033 1044 1043
5117 3 2 0 264 1033 1034 1045 1044
5118 3 2 0 264 1034 8 12 1045
5119 3 2 0 265 157 1035 1046 159
5120 3 2 0 265 1035 158 160 1046
5121 3 2 0 266 161 1053 2576 1047
5122 3 2 0 266 1053 162 1050 2576
5123 3 2 0 266 1047 2576 2577 1048
5124 3 2 0 266 2576 1050 1051 2577
5125 3 2 0 266 1048 2577 2578 1049
5126 3 2 0 266 2577 1051 1052 2578
5127 3 2 0 266 1049 2578 633 13
5128 3 2 0 266 2578 1052 16 633
5129 3 2 0 267 159 1054 2579 1040
5130 3 2 0 267 1040 2579 2580 1041
5131 3 2 0 267 1041 2580 2581 1042
5132 3 2 0 267 1042 2581 634 9
5133 3 2 0 267 1054 161 1047 2579
5134 3 2 0 267 2579 1047 1048 2580
5135 3 2 0 267 2580 1048 1049 2581
5136 3 2 0 267 2581 1049 13 634
5137 3 2 0 268 160 1043 2582 1055
5138 3 2 0 268 1043 1044 2583 2582
5139 3 2 0 268 1044 1045 2584 2583
5140 3 2 0 268 1045 12 636 2584
5141 3 2 0 268 1055 2582 1050 162
5142 3 2 0 268 2582 2583 1051 1050
5143 3 2 0 268 2583 2584 1052 1051
5144 3 2 0 268 2584 636 16 1052
5145 3 2 0 269 159 1046 2585 1054
5146 3 2 0 269 1054 2585 1053 161
5147 3 2 0 269 1046 160 1055 2585
5148 3 2 0 269 2585 1055 162 1053
5149 3 2 0 270 163 1062 2586 1056
5150 3 2 0 270 1062 164 1059 2586
5151 3 2 0 270 1056 2586 2587 1057
5152 3 2 0 270 2586 1059 1060 2587
5153 3 2 0 270 1057 2587 2588 1058
5154 3 2 0 270 2587 1060 1061 2588
5155 3 2 0 270 1058 2588 647 17
5156 3 2 0 270 2588 1061 20 647
5157 3 2 0 271 161 163 1056 1047
5158 3 2 0 271 1047 1056 1057 1048
5159 3 2 0 271 1048 1057 1058 1049
5160 3 2 0 271 1049 1058 17 13
5161 3 2 0 272 162 1050 1059 164
5162 3 2 0 272 1050 1051 1060 1059
5163 3 2 0 272 1051 1052 1061 1060
5164 3 2 0 272 1052 16 20 1061
5165 3 2 0 273 161 1053 1062 163
5166 3 2 0 273 1053 162 164 1062
5167 3 2 0 274 165 1069 2589 1063
5168 3 2 0 274 1069 166 1066 2589
5169 3 2 0 274 1063 2589 2590 1064
5170 3 2 0 274 2589 1066 1067 2590
5171 3 2 0 274 1064 2590 2591 1065
5172 3 2 0 274 2590 1067 1068 2591
5173 3 2 0 274 1065 2591 657 21
5174 3 2 0 274 2591 1068 24 657
5175 3 2 0 275 163 165 1063 1056
5176 3 2 0 275 1056 1063 1064 1057
5177 3 2 0 275 1057 1064 1065 1058
5178 3 2 0 275 1058 1065 21 17
5179 3 2 0 276 164 1059 1066 166
5180 3 2 0 276 1059 1060 1067 1066
5181 3 2 0 276 1060 1061 1068 1067
5182 3 2 0 276 1061 20 24 1068
5183 3 2 0 277 163 1062 1069 165
5184 3 2 0 277 1062 164 166 1069
5185 3 2 0 278 167 1076 2592 1070
5186 3 2 0 278 1076 168 1073 2592
5187 3 2 0 278 1070 2592 2593 1071
5188 3 2 0 278 2592 1073 1074 2593
5189 3 2 0 278 1071 2593 2594 1072
5190 3 2 0 278 2593 1074 1075 2594
5191 3 2 0 278 1072 2594 667 25
5192 3 2 0 278 2594 1075 28 667
5193 3 2 0 279 165 167 1070 1063
5194 3 2 0 279 1063 1070 1071 1064
5195 3 2 0 279 1064 1071 1072 1065
5196 3 2 0 279 1065 1072 25 21
5197 3 2 0 280 166 1066 1073 168
5198 3 2 0 280 1066 1067 1074 1073
5199 3 2 0 280 1067 1068 1075 1074
5200 3 2 0 280 1068 24 28 1075
5201 3 2 0 281 165 1069 1076 167
5202 3 2 0 281 1069 166 168 1076
5203 3 2 0 282 169 1083 2595 1077
5204 3 2 0 282 1083 170 1080 2595
5205 3 2 0 282 1077 2595 2596 1078
5206 3 2 0 282 2595 1080 1081 2596
5207 3 2 0 282 1078 2596 2597 1079
5208 3 2 0 282 2596 1081 1082 2597
5209 3 2 0 282 1079 2597 677 29
5210 3 2 0 282 2597 1082 32 677
5211 3 2 0 283 167 169 1077 1070
5212 3 2 0 283 1070 1077 1078 1071
5213 3 2 0 283 1071 1078 1079 1072
5214 3 2 0 283 1072 1079 29 25
5215 3 2 0 284 168 1073 1080 170
5216 3 2 0 284 1073 1074 1081 1080
5217 3 2 0 284 1074 1075 1082 1081
5218 3 2 0 284 1075 28 32 1082
5219 3 2 0 285 167 1076 1083 169
5220 3 2 0 285 1076 168 170 1083
5221 3 2 0 286 171 1090 2598 1084
5222 3 2 0 286 1090 172 1087 2598
5223 3 2 0 286 1084 2598 2599 1085
5224 3 2 0 286 2598 1087 1088 2599
5225 3 2 0 286 1085 2599 2600 1086
5226 3 2 0 286 2599 1088 1089 2600
5227 3 2 0 286 1086 2600 687 33
5228 3 2 0 286 2600 1089 36 687
5229 3 2 0 287 169 1091 2601 1077
5230 3 2 0 287 1077 2601 2602 1078
5231 3 2 0 287 1078 2602 2603 1079
5232 3 2 0 287 1079 2603 688 29
5233 3 2 0 287 1091 171 1084 2601
5234 3 2 0 287 2601 1084 1085 2602
5235 3 2 0 287 2602 1085 1086 2603
5236 3 2 0 287 2603 1086 33 688
5237 3 2 0 288 170 1080 2604 1092
5238 3 2 0 288 1080 1081 2605 2604
5239 3 2 0 288 1081 1082 2606 2605
5240 3 2 0 288 1082 32 690 2606
5241 3 2 0 288 1092 2604 1087 172
5242 3 2 0 288 2604 2605 1088 1087
5243 3 2 0 288 2605 2606 1089 1088
5244 3 2 0 288 2606 690 36 1089
5245 3 2 0 289 169 1083 2607 1091
5246 3 2 0 289 1091 2607 1090 171
5247 3 2 0 289 1083 170 1092 2607
5248 3 2 0 289 2607 1092 172 1090
5249 3 2 0 290 173 1099 2608 1093
5250 3 2 0 290 1099 174 1096 2608
5251 3 2 0 290 1093 2608 2609 1094
5252 3 2 0 290 2608 1096 1097 2609
5253 3 2 0 290 1094 2609 2610 1095
5254 3 2 0 290 2609 1097 1098 2610
5255 3 2 0 290 1095 2610 701 37
5256 3 2 0 290 2610 1098 40 701
5257 3 2 0 291 171 173 1093 1084
5258 3 2 0 291 1084 1093 1094 1085
5259 3 2 0 291 1085 1094 1095 1086
5260 3 2 0 291 1086 1095 37 33
5261 3 2 0 292 172 1087 1096 174
5262 3 2 0 292 1087 1088 1097 1096
5263 3 2 0 292 1088 1089 1098 1097
5264 3 2 0 292 1089 36 40 1098
5265 3 2 0 293 171 1090 1099 173
5266 3 2 0 293 1090 172 174 1099
5267 3 2 0 294 175 1106 2611 1100
5268 3 2 0 294 1106 176 1103 2611
5269 3 2 0 294 1100 2611 2612 1101
5270 3 2 0 294 2611 1103 1104 2612
5271 3 2 0 294 1101 2612 2613 1102
5272 3 2 0 294 2612 1104 1105 2613
5273 3 2 0 294 1102 2613 711 41
5274 3 2 0 294 2613 1105 44 711
5275 3 2 0 295 173 1107 2614 1093
5276 3 2 0 295 1093 2614 2615 1094
5277 3 2 0 295 1094 2615 2616 1095
5278 3 2 0 295 1095 2616 712 37
5279 3 2 0 295 1107 1108 2617 2614
5280 3 2 0 295 2614 2617 2618 2615
5281 3 2 0 295 2615 2618 2619 2616
5282 3 2 0 295 2616 2619 713 712
5283 3 2 0 295 1108 175 1100 2617
5284 3 2 0 295 2617 1100 1101 2618
5285 3 2 0 295 2618 1101 1102 2619
5286 3 2 0 295 2619 1102 41 713
5287 3 2 0 296 174 1096 2620 1109
5288 3 2 0 296 1096 1097 2621 2620
5289 3 2 0 296 1097 1098 2622 2621
5290 3 2 0 296 1098 40 716 2622
5291 3 2 0 296 1109 2620 2623 1110
5292 3 2 0 296 2620 2621 2624 2623
5293 3 2 0 296 2621 2622 2625 2624
5294 3 2 0 296 2622 716 717 2625
5295 3 2 0 296 1110 2623 1103 176
5296 3 2 0 296 2623 2624 1104 1103
5297 3 2 0 296 2624 2625 1105 1104
5298 3 2 0 296 2625 717 44 1105
5299 3 2 0 297 173 1099 2626 1107
5300 3 2 0 297 1107 2626 2627 1108
5301 3 2 0 297 1108 2627 1106 175
5302 3 2 0 297 1099 174 1109 2626
5303 3 2 0 297 2626 1109 1110 2627
5304 3 2 0 297 2627 1110 176 1106
5305 3 2 0 298 156 1025 1111 177
5306 3 2 0 298 1025 1026 1112 1111
5307 3 2 0 298 1026 1027 1113 1112
5308 3 2 0 298 1027 4 46 1113
5309 3 2 0 299 158 178 1114 1032
5310 3 2 0 299 1032 1114 1115 1033
5311 3 2 0 299 1033 1115 1116 1034
5312 3 2 0 299 1034 1116 48 8
5313 3 2 0 300 177 1111 2628 1117
5314 3 2 0 300 1111 1112 2629 2628
5315 3 2 0 300 1112 1113 2630 2629
5316 3 2 0 300 1113 46 728 2630
5317 3 2 0 300 1117 2628 2631 1118
5318 3 2 0 300 2628 2629 2632 2631
5319 3 2 0 300 2629 2630 2633 2632
5320 3 2 0 300 2630 728 729 2633
5321 3 2 0 300 1118 2631 1114 178
5322 3 2 0 300 2631 2632 1115 1114
5323 3 2 0 300 2632 2633 1116 1115
5324 3 2 0 300 2633 729 48 1116
5325 3 2 0 301 156 177 1117 1038
5326 3 2 0 301 1038 1117 1118 1039
5327 3 2 0 301 1039 1118 178 158
5328 3 2 0 302 160 179 1119 1043
5329 3 2 0 302 1043 1119 1120 1044
5330 3 2 0 302 1044 1120 1121 1045
5331 3 2 0 302 1045 1121 50 12
5332 3 2 0 303 178 1114 1119 179
5333 3 2 0 303 1114 1115 1120 1119
5334 3 2 0 303 1115 1116 1121 1120
5335 3 2 0 303 1116 48 50 1121
5336 3 2 0 304 158 178 179 160
5337 3 2 0 305 162 180 1122 1050
5338 3 2 0 305 1050 1122 1123 1051
5339 3 2 0 305 1051 1123 1124 1052
5340 3 2 0 305 1052 1124 52 16
5341 3 2 0 306 179 1119 2634 1125
5342 3 2 0 306 1119 1120 2635 2634
5343 3 2 0 306 1120 1121 2636 2635
5344 3 2 0 306 1121 50 740 2636
5345 3 2 0 306 1125 2634 1122 180
5346 3 2 0 306 2634 2635 1123 1122
5347 3 2 0 306 2635 2636 1124 1123
5348 3 2 0 306 2636 740 52 1124
5349 3 2 0 307 160 179 1125 1055
5350 3 2 0 307 1055 1125 180 162
5351 3 2 0 308 164 181 1126 1059
5352 3 2 0 308 1059 1126 1127 1060
5353 3 2 0 308 1060 1127 1128 1061
5354 3 2 0 308 1061 1128 54 20
5355 3 2 0 309 180 1122 1126 181
5356 3 2 0 309 1122 1123 1127 1126
5357 3 2 0 309 1123 1124 1128 1127
5358 3 2 0 309 1124 52 54 1128
5359 3 2 0 310 162 180 181 164
5360 3 2 0 311 166 182 1129 1066
5361 3 2 0 311 1066 1129 1130 1067
5362 3 2 0 311 1067 1130 1131 1068
5363 3 2 0 311 1068 1131 56 24
5364 3 2 0 312 181 1126 1129 182
5365 3 2 0 312 1126 1127 1130 1129
5366 3 2 0 312 1127 1128 1131 1130
5367 3 2 0 312 1128 54 56 1131
5368 3 2 0 313 164 181 182 166
5369 3 2 0 314 168 183 1132 1073
5370 3 2 0 314 1073 1132 1133 1074
5371 3 2 0 314 1074 1133 1134 1075
5372 3 2 0 314 1075 1134 58 28
5373 3 2 0 315 182 1129 1132 183
5374 3 2 0 315 1129 1130 1133 1132
5375 3 2 0 315 1130 1131 1134 1133
5376 3 2 0 315 1131 56 58 1134
5377 3 2 0 316 166 182 183 168
5378 3 2 0 317 170 184 1135 1080
5379 3 2 0 317 1080 1135 1136 1081
5380 3 2 0 317 1081 1136 1137 1082
5381 3 2 0 317 1082 1137 60 32
5382 3 2 0 318 183 1132 1135 184
5383 3 2 0 318 1132 1133 1136 1135
5384 3 2 0 318 1133 1134 1137 1136
5385 3 2 0 318 1134 58 60 1137
5386 3 2 0 319 168 183 184 170
5387 3 2 0 320 172 185 1138 1087
5388 3 2 0 320 1087 1138 1139 1088
5389 3 2 0 320 1088 1139 1140 1089
5390 3 2 0 320 1089 1140 62 36
5391 3 2 0 321 184 1135 2637 1141
5392 3 2 0 321 1135 1136 2638 2637
5393 3 2 0 321 1136 1137 2639 2638
5394 3 2 0 321 1137 60 762 2639
5395 3 2 0 321 1141 2637 1138 185
5396 3 2 0 321 2637 2638 1139 1138
5397 3 2 0 321 2638 2639 1140 1139
5398 3 2 0 321 2639 762 62 1140
5399 3 2 0 322 170 184 1141 1092
5400 3 2 0 322 1092 1141 185 172
5401 3 2 0 323 174 186 1142 1096
5402 3 2 0 323 1096 1142 1143 1097
5403 3 2 0 323 1097 1143 1144 1098
5404 3 2 0 323 1098 1144 64 40
5405 3 2 0 324 185 1138 1142 186
5406 3 2 0 324 1138 1139 1143 1142
5407 3 2 0 324 1139 1140 1144 1143
5408 3 2 0 324 1140 62 64 1144
5409 3 2 0 325 172 185 186 174
5410 3 2 0 326 176 187 1145 1103
5411 3 2 0 326 1103 1145 1146 1104
5412 3 2 0 326 1104 1146 1147 1105
5413 3 2 0 326 1105 1147 66 44
5414 3 2 0 327 186 1142 2640 1148
5415 3 2 0 327 1142 1143 2641 2640
5416 3 2 0 327 1143 1144 2642 2641
5417 3 2 0 327 1144 64 772 2642
5418 3 2 0 327 1148 2640 2643 1149
5419 3 2 0 327 2640 2641 2644 2643
5420 3 2 0 327 2641 2642 2645 2644
5421 3 2 0 327 2642 772 773 2645
5422 3 2 0 327 1149 2643 1145 187
5423 3 2 0 327 2643 2644 1146 1145
5424 3 2 0 327 2644 2645 1147 1146
5425 3 2 0 327 2645 773 66 1147
5426 3 2 0 328 174 186 1148 1109
5427 3 2 0 328 1109 1148 1149 1110
5428 3 2 0 328 1110 1149 187 176
5429 3 2 0 329 177 1111 1150 188
5430 3 2 0 329 1111 1112 1151 1150
5431 3 2 0 329 1112 1113 1152 1151
5432 3 2 0 329 1113 46 68 1152
5433 3 2 0 330 178 189 1153 1114
5434 3 2 0 330 1114 1153 1154 1115
5435 3 2 0 330 1115 1154 1155 1116
5436 3 2 0 330 1116 1155 70 48
5437 3 2 0 331 188 1150 2646 1156
5438 3 2 0 331 1150 1151 2647 2646
5439 3 2 0 331 1151 1152 2648 2647
5440 3 2 0 331 1152 68 784 2648
5441 3 2 0 331 1156 2646 2649 1157
5442 3 2 0 331 2646 2647 2650 2649
5443 3 2 0 331 2647 2648 2651 2650
5444 3 2 0 331 2648 784 785 2651
5445 3 2 0 331 1157 2649 1153 189
5446 3 2 0 331 2649 2650 1154 1153
5447 3 2 0 331 2650 2651 1155 1154
5448 3 2 0 331 2651 785 70 1155
5449 3 2 0 332 177 188 1156 1117
5450 3 2 0 332 1117 1156 1157 1118
5451 3 2 0 332 1118 1157 189 178
5452 3 2 0 333 179 190 1158 1119
5453 3 2 0 333 1119 1158 1159 1120
5454 3 2 0 333 1120 1159 1160 1121
5455 3 2 0 333 1121 1160 72 50
5456 3 2 0 334 189 1153 1158 190
5457 3 2 0 334 1153 1154 1159 1158
5458 3 2 0 334 1154 1155 1160 1159
5459 3 2 0 334 1155 70 72 1160
5460 3 2 0 335 178 189 190 179
5461 3 2 0 336 180 191 1161 1122
5462 3 2 0 336 1122 1161 1162 1123
5463 3 2 0 336 1123 1162 1163 1124
5464 3 2 0 336 1124 1163 74 52
5465 3 2 0 337 190 1158 2652 1164
5466 3 2 0 337 1158 1159 2653 2652
5467 3 2 0 337 1159 1160 2654 2653
5468 3 2 0 337 1160 72 796 2654
5469 3 2 0 337 1164 2652 1161 191
5470 3 2 0 337 2652 2653 1162 1161
5471 3 2 0 337 2653 2654 1163 1162
5472 3 2 0 337 2654 796 74 1163
5473 3 2 0 338 179 190 1164 1125
5474 3 2 0 338 1125 1164 191 180
5475 3 2 0 339 181 192 1165 1126
5476 3 2 0 339 1126 1165 1166 1127
5477 3 2 0 339 1127 1166 1167 1128
5478 3 2 0 339 1128 1167 76 54
5479 3 2 0 340 191 1161 1165 192
5480 3 2 0 340 1161 1162 1166 1165
5481 3 2 0 340 1162 1163 1167 1166
5482 3 2 0 340 1163 74 76 1167
5483 3 2 0 341 180 191 192 181
5484 3 2 0 342 182 193 1168 1129
5485 3 2 0 342 1129 1168 1169 1130
5486 3 2 0 342 1130 1169 1170 1131
5487 3 2 0 342 1131 1170 78 56
5488 3 2 0 343 192 1165 1168 193
5489 3 2 0 343 1165 1166 1169 1168
5490 3 2 0 343 1166 1167 1170 1169
5491 3 2 0 343 1167 76 78 1170
5492 3 2 0 344 181 192 193 182
5493 3 2 0 345 183 194 1171 1132
5494 3 2 0 345 1132 1171 1172 1133
5495 3 2 0 345 1133 1172 1173 1134
5496 3 2 0 345 1134 1173 80 58
5497 3 2 0 346 193 1168 1171 194
5498 3 2 0 346 1168 1169 1172 1171
5499 3 2 0 346 1169 1170 1173 1172
5500 3 2 0 346 1170 78 80 1173
5501 3 2 0 347 182 193 194 183
5502 3 2 0 348 184 195 1174 1135
5503 3 2 0 348 1135 1174 1175 1136
5504 3 2 0 348 1136 1175 1176 1137
5505 3 2 0 348 1137 1176 82 60
5506 3 2 0 349 194 1171 1174 195
5507 3 2 0 349 1171 1172 1175 1174
5508 3 2 0 349 1172 1173 1176 1175
5509 3 2 0 349 1173 80 82 1176
5510 3 2 0 350 183 194 195 184
5511 3 2 0 351 185 196 1177 1138
5512 3 2 0 351 1138 1177 1178 1139
5513 3 2 0 351 1139 1178 1179 1140
5514 3 2 0 351 1140 1179 84 62
5515 3 2 0 352 195 1174 2655 1180
5516 3 2 0 352 1174 1175 2656 2655
5517 3 2 0 352 1175 1176 2657 2656
5518 3 2 0 352 1176 82 818 2657
5519 3 2 0 352 1180 2655 1177 196
5520 3 2 0 352 2655 2656 1178 1177
5521 3 2 0 352 2656 2657 1179 1178
5522 3 2 0 352 2657 818 84 1179
5523 3 2 0 353 184 195 1180 1141
5524 3 2 0 353 1141 1180 196 185
5525 3 2 0 354 186 197 1181 1142
5526 3 2 0 354 1142 1181 1182 1143
5527 3 2 0 354 1143 1182 1183 1144
5528 3 2 0 354 1144 1183 86 64
5529 3 2 0 355 196 1177 1181 197
5530 3 2 0 355 1177 1178 1182 1181
5531 3 2 0 355 1178 1179 1183 1182
5532 3 2 0 355 1179 84 86 1183
5533 3 2 0 356 185 196 197 186
5534 3 2 0 357 187 198 1184 1145
5535 3 2 0 357 1145 1184 1185 1146
5536 3 2 0 357 1146 1185 1186 1147
5537 3 2 0 357 1147 1186 88 66
5538 3 2 0 358 197 1181 2658 1187
5539 3 2 0 358 1181 1182 2659 2658
5540 3 2 0 358 1182 1183 2660 2659
5541 3 2 0 358 1183 86 828 2660
5542 3 2 0 358 1187 2658 2661 1188
5543 3 2 0 358 2658 2659 2662 2661
5544 3 2 0 358 2659 2660 2663 2662
5545 3 2 0 358 2660 828 829 2663
5546 3 2 0 358 1188 2661 1184 198
5547 3 2 0 358 2661 2662 1185 1184
5548 3 2 0 358 2662 2663 1186 1185
5549 3 2 0 358 2663 829 88 1186
5550 3 2 0 359 186 197 1187 1148
5551 3 2 0 359 1148 1187 1188 1149
5552 3 2 0 359 1149 1188 198 187
5553 3 2 0 360 188 1150 1189 199
5554 3 2 0 360 1150 1151 1190 1189
5555 3 2 0 360 1151 1152 1191 1190
5556 3 2 0 360 1152 68 90 1191
5557 3 2 0 361 189 200 1192 1153
5558 3 2 0 361 1153 1192 1193 1154
5559 3 2 0 361 1154 1193 1194 1155
5560 3 2 0 361 1155 1194 92 70
5561 3 2 0 362 199 1189 2664 1195
5562 3 2 0 362 1189 1190 2665 2664
5563 3 2 0 362 1190 1191 2666 2665
5564 3 2 0 362 1191 90 840 2666
5565 3 2 0 362 1195 2664 2667 1196
5566 3 2 0 362 2664 2665 2668 2667
5567 3 2 0 362 2665 2666 2669 2668
5568 3 2 0 362 2666 840 841 2669
5569 3 2 0 362 1196 2667 1192 200
5570 3 2 0 362 2667 2668 1193 1192
5571 3 2 0 362 2668 2669 1194 1193
5572 3 2 0 362 2669 841 92 1194
5573 3 2 0 363 188 199 1195 1156
5574 3 2 0 363 1156 1195 1196 1157
5575 3 2 0 363 1157 1196 200 189
5576 3 2 0 364 190 201 1197 1158
5577 3 2 0 364 1158 1197 1198 1159
5578 3 2 0 364 1159 1198 1199 1160
5579 3 2 0 364 1160 1199 94 72
5580 3 2 0 365 200 1192 1197 201
5581 3 2 0 365 1192 1193 1198 1197
5582 3 2 0 365 1193 1194 1199 1198
5583 3 2 0 365 1194 92 94 1199
5584 3 2 0 366 189 200 201 190
5585 3 2 0 367 191 202 1200 1161
5586 3 2 0 367 1161 1200 1201 1162
5587 3 2 0 367 1162 1201 1202 1163
5588 3 2 0 367 1163 1202 96 74
5589 3 2 0 368 201 1197 2670 1203
5590 3 2 0 368 1197 1198 2671 2670
5591 3 2 0 368 1198 1199 2672 2671
5592 3 2 0 368 1199 94 852 2672
5593 3 2 0 368 1203 2670 1200 202
5594 3 2 0 368 2670 2671 1201 1200
5595 3 2 0 368 2671 2672 1202 1201
5596 3 2 0 368 2672 852 96 1202
5597 3 2 0 369 190 201 1203 1164
5598 3 2 0 369 1164 1203 202 191
5599 3 2 0 370 192 203 1204 1165
5600 3 2 0 370 1165 1204 1205 1166
5601 3 2 0 370 1166 1205 1206 1167
5602 3 2 0 370 1167 1206 98 76
5603 3 2 0 371 202 1200 1204 203
5604 3 2 0 371 1200 1201 1205 1204
5605 3 2 0 371 1201 1202 1206 1205
5606 3 2 0 371 1202 96 98 1206
5607 3 2 0 372 191 202 203 192
5608 3 2 0 373 193 204 1207 1168
5609 3 2 0 373 1168 1207 1208 1169
5610 3 2 0 373 1169 1208 1209 1170
5611 3 2 0 373 1170 1209 100 78
5612 3 2 0 374 203 1204 1207 204
5613 3 2 0 374 1204 1205 1208 1207
5614 3 2 0 374 1205 1206 1209 1208
5615 3 2 0 374 1206 98 100 1209
5616 3 2 0 375 192 203 204 193
5617 3 2 0 376 194 205 1210 1171
5618 3 2 0 376 1171 1210 1211 1172
5619 3 2 0 376 1172 1211 1212 1173
5620 3 2 0 376 1173 1212 102 80
5621 3 2 0 377 204 1207 1210 205
5622 3 2 0 377 1207 1208 1211 1210
5623 3 2 0 377 1208 1209 1212 1211
5624 3 2 0 377 1209 100 102 1212
5625 3 2 0 378 193 204 205 194
5626 3 2 0 379 195 206 1213 1174
5627 3 2 0 379 1174 1213 1214 1175
5628 3 2 0 379 1175 1214 1215 1176
5629 3 2 0 379 1176 1215 104 82
5630 3 2 0 380 205 1210 1213 206
5631 3 2 0 380 1210 1211 1214 1213
5632 3 2 0 380 1211 1212 1215 1214
5633 3 2 0 380 1212 102 104 1215
5634 3 2 0 381 194 205 206 195
5635 3 2 0 382 196 207 1216 1177
5636 3 2 0 382 1177 1216 1217 1178
5637 3 2 0 382 1178 1217 1218 1179
5638 3 2 0 382 1179 1218 106 84
5639 3 2 0 383 206 1213 2673 1219
5640 3 2 0 383 1213 1214 2674 2673
5641 3 2 0 383 1214 1215 2675 2674
5642 3 2 0 383 1215 104 874 2675
5643 3 2 0 383 1219 2673 1216 207
5644 3 2 0 383 2673 2674 1217 1216
5645 3 2 0 383 2674 2675 1218 1217
5646 3 2 0 383 2675 874 106 1218
5647 3 2 0 384 195 206 1219 1180
5648 3 2 0 384 1180 1219 207 196
5649 3 2 0 385 197 208 1220 1181
5650 3 2 0 385 1181 1220 1221 1182
5651 3 2 0 385 1182 1221 1222 1183
5652 3 2 0 385 1183 1222 108 86
5653 3 2 0 386 207 1216 1220 208
5654 3 2 0 386 1216 1217 1221 1220
5655 3 2 0 386 1217 1218 1222 1221
5656 3 2 0 386 1218 106 108 1222
5657 3 2 0 387 196 207 208 197
5658 3 2 0 388 198 209 1223 1184
5659 3 2 0 388 1184 1223 1224 1185
5660 3 2 0 388 1185 1224 1225 1186
5661 3 2 0 388 1186 1225 110 88
5662 3 2 0 389 208 1220 2676 1226
5663 3 2 0 389 1220 1221 2677 2676
5664 3 2 0 389 1221 1222 2678 2677
5665 3 2 0 389 1222 108 884 2678
5666 3 2 0 389 1226 2676 2679 1227
5667 3 2 0 389 2676 2677 2680 2679
5668 3 2 0 389 2677 2678 2681 2680
5669 3 2 0 389 2678 884 885 2681
5670 3 2 0 389 1227 2679 1223 209
5671 3 2 0 389 2679 2680 1224 1223
5672 3 2 0 389 2680 2681 1225 1224
5673 3 2 0 389 2681 885 110 1225
5674 3 2 0 390 197 208 1226 1187
5675 3 2 0 390 1187 1226 1227 1188
5676 3 2 0 390 1188 1227 209 198
5677 3 2 0 391 199 1189 1228 210
5678 3 2 0 391 1189 1190 1229 1228
5679 3 2 0 391 1190 1191 1230 1229
5680 3 2 0 391 1191 90 112 1230
5681 3 2 0 392 200 211 1231 1192
5682 3 2 0 392 1192 1231 1232 1193
5683 3 2 0 392 1193 1232 1233 1194
5684 3 2 0 392 1194 1233 114 92
5685 3 2 0 393 210 1228 2682 1234
5686 3 2 0 393 1228 1229 2683 2682
5687 3 2 0 393 1229 1230 2684 2683
5688 3 2 0 393 1230 112 896 2684
5689 3 2 0 393 1234 2682 2685 1235
5690 3 2 0 393 2682 2683 2686 2685
5691 3 2 0 393 2683 2684 2687 2686
5692 3 2 0 393 2684 896 897 2687
5693 3 2 0 393 1235 2685 1231 211
5694 3 2 0 393 2685 2686 1232 1231
5695 3 2 0 393 2686 2687 1233 1232
5696 3 2 0 393 2687 897 114 1233
5697 3 2 0 394 199 210 1234 1195
5698 3 2 0 394 1195 1234 1235 1196
5699 3 2 0 394 1196 1235 211 200
5700 3 2 0 395 201 212 1236 1197
5701 3 2 0 395 1197 1236 1237 1198
5702 3 2 0 395 1198 1237 1238 1199
5703 3 2 0 395 1199 1238 116 94
5704 3 2 0 396 211 1231 1236 212
5705 3 2 0 396 1231 1232 1237 1236
5706 3 2 0 396 1232 1233 1238 1237
5707 3 2 0 396 1233 114 116 1238
5708 3 2 0 397 200 211 212 201
5709 3 2 0 398 202 213 1239 1200
5710 3 2 0 398 1200 1239 1240 1201
5711 3 2 0 398 1201 1240 1241 1202
5712 3 2 0 398 1202 1241 118 96
5713 3 2 0 399 212 1236 2688 1242
5714 3 2 0 399 1236 1237 2689 2688
5715 3 2 0 399 1237 1238 2690 2689
5716 3 2 0 399 1238 116 908 2690
5717 3 2 0 399 1242 2688 1239 213
5718 3 2 0 399 2688 2689 1240 1239
5719 3 2 0 399 2689 2690 1241 1240
5720 3 2 0 399 2690 908 118 1241
5721 3 2 0 400 201 212 1242 1203
5722 3 2 0 400 1203 1242 213 202
5723 3 2 0 401 203 214 1243 1204
5724 3 2 0 401 1204 1243 1244 1205
5725 3 2 0 401 1205 1244 1245 1206
5726 3 2 0 401 1206 1245 120 98
5727 3 2 0 402 213 1239 1243 214
5728 3 2 0 402 1239 1240 1244 1243
5729 3 2 0 402 1240 1241 1245 1244
5730 3 2 0 402 1241 118 120 1245
5731 3 2 0 403 202 213 214 203
5732 3 2 0 404 204 215 1246 1207
5733 3 2 0 404 1207 1246 1247 1208
5734 3 2 0 404 1208 1247 1248 1209
5735 3 2 0 404 1209 1248 122 100
5736 3 2 0 405 214 1243 1246 215
5737 3 2 0 405 1243 1244 1247 1246
5738 3 2 0 405 1244 1245 1248 1247
5739 3 2 0 405 1245 120 122 1248
5740 3 2 0 406 203 214 215 204
5741 3 2 0 407 205 216 1249 1210
5742 3 2 0 407 1210 1249 1250 1211
5743 3 2 0 407 1211 1250 1251 1212
5744 3 2 0 407 1212 1251 124 102
5745 3 2 0 408 215 1246 1249 216
5746 3 2 0 408 1246 1247 1250 1249
5747 3 2 0 408 1247 1248 1251 1250
5748 3 2 0 408 1248 122 124 1251
5749 3 2 0 409 204 215 216 205
5750 3 2 0 410 206 217 1252 1213
5751 3 2 0 410 1213 1252 1253 1214
5752 3 2 0 410 1214 1253 1254 1215
5753 3 2 0 410 1215 1254 126 104
5754 3 2 0 411 216 1249 1252 217
5755 3 2 0 411 1249 1250 1253 1252
5756 3 2 0 411 1250 1251 1254 1253
5757 3 2 0 411 1251 124 126 1254
5758 3 2 0 412 205 216 217 206
5759 3 2 0 413 207 218 1255 1216
5760 3 2 0 413 1216 1255 1256 1217
5761 3 2 0 413 1217 1256 1257 1218
5762 3 2 0 413 1218 1257 128 106
5763 3 2 0 414 217 1252 2691 1258
5764 3 2 0 414 1252 1253 2692 2691
5765 3 2 0 414 1253 1254 2693 2692
5766 3 2 0 414 1254 126 930 2693
5767 3 2 0 414 1258 2691 1255 218
5768 3 2 0 414 2691 2692 1256 1255
5769 3 2 0 414 2692 2693 1257 1256
5770 3 2 0 414 2693 930 128 1257
5771 3 2 0 415 206 217 1258 1219
5772 3 2 0 415 1219 1258 218 207
5773 3 2 0 416 208 219 1259 1220
5774 3 2 0 416 1220 1259 1260 1221
5775 3 2 0 416 1221 1260 1261 1222
5776 3 2 0 416 1222 1261 130 108
5777 3 2 0 417 218 1255 1259 219
5778 3 2 0 417 1255 1256 1260 1259
5779 3 2 0 417 1256 1257 1261 1260
5780 3 2 0 417 1257 128 130 1261
5781 3 2 0 418 207 218 219 208
5782 3 2 0 419 209 220 1262 1223
5783 3 2 0 419 1223 1262 1263 1224
5784 3 2 0 419 1224 1263 1264 1225
5785 3 2 0 419 1225 1264 132 110
5786 3 2 0 420 219 1259 2694 1265
5787 3 2 0 420 1259 1260 2695 2694
5788 3 2 0 420 1260 1261 2696 2695
5789 3 2 0 420 1261 130 940 2696
5790 3 2 0 420 1265 2694 2697 1266
5791 3 2 0 420 2694 2695 2698 2697
5792 3 2 0 420 2695 2696 2699 2698
5793 3 2 0 420 2696 940 941 2699
5794 3 2 0 420 1266 2697 1262 220
5795 3 2 0 420 2697 2698 1263 1262
5796 3 2 0 420 2698 2699 1264 1263
5797 3 2 0 420 2699 941 132 1264
5798 3 2 0 421 208 219 1265 1226
5799 3 2 0 421 1226 1265 1266 1227
5800 3 2 0 421 1227 1266 220 209
5801 3 2 0 422 210 1228 2700 1270
5802 3 2 0 422 1270 2700 1267 221
5803 3 2 0 422 1228 1229 2701 2700
5804 3 2 0 422 2700 2701 1268 1267
5805 3 2 0 422 1229 1230 2702 2701
5806 3 2 0 422 2701 2702 1269 1268
5807 3 2 0 422 1230 112 949 2702
5808 3 2 0 422 2702 949 134 1269
5809 3 2 0 423 211 1274 2703 1231
5810 3 2 0 423 1274 222 1271 2703
5811 3 2 0 423 1231 2703 2704 1232
5812 3 2 0 423 2703 1271 1272 2704
5813 3 2 0 423 1232 2704 2705 1233
5814 3 2 0 423 2704 1272 1273 2705
5815 3 2 0 423 1233 2705 955 114
5816 3 2 0 423 2705 1273 136 955
5817 3 2 0 424 221 1267 2706 1275
5818 3 2 0 424 1267 1268 2707 2706
5819 3 2 0 424 1268 1269 2708 2707
5820 3 2 0 424 1269 134 956 2708
5821 3 2 0 424 1275 2706 2709 1276
5822 3 2 0 424 2706 2707 2710 2709
5823 3 2 0 424 2707 2708 2711 2710
5824 3 2 0 424 2708 956 957 2711
5825 3 2 0 424 1276 2709 1271 222
5826 3 2 0 424 2709 2710 1272 1271
5827 3 2 0 424 2710 2711 1273 1272
5828 3 2 0 424 2711 957 136 1273
5829 3 2 0 425 210 1270 2712 1234
5830 3 2 0 425 1234 2712 2713 1235
5831 3 2 0 425 1235 2713 1274 211
5832 3 2 0 425 1270 221 1275 2712
5833 3 2 0 425 2712 1275 1276 2713
5834 3 2 0 425 2713 1276 222 1274
5835 3 2 0 426 212 1280 2714 1236
5836 3 2 0 426 1280 223 1277 2714
5837 3 2 0 426 1236 2714 2715 1237
5838 3 2 0 426 2714 1277 1278 2715
5839 3 2 0 426 1237 2715 2716 1238
5840 3 2 0 426 2715 1278 1279 2716
5841 3 2 0 426 1238 2716 965 116
5842 3 2 0 426 2716 1279 138 965
5843 3 2 0 427 222 1271 1277 223
5844 3 2 0 427 1271 1272 1278 1277
5845 3 2 0 427 1272 1273 1279 1278
5846 3 2 0 427 1273 136 138 1279
5847 3 2 0 428 211 1274 1280 212
5848 3 2 0 428 1274 222 223 1280
5849 3 2 0 429 213 1284 2717 1239
5850 3 2 0 429 1284 224 1281 2717
5851 3 2 0 429 1239 2717 2718 1240
5852 3 2 0 429 2717 1281 1282 2718
5853 3 2 0 429 1240 2718 2719 1241
5854 3 2 0 429 2718 1282 1283 2719
5855 3 2 0 429 1241 2719 971 118
5856 3 2 0 429 2719 1283 140 971
5857 3 2 0 430 223 1277 2720 1285
5858 3 2 0 430 1277 1278 2721 2720
5859 3 2 0 430 1278 1279 2722 2721
5860 3 2 0 430 1279 138 972 2722
5861 3 2 0 430 1285 2720 1281 224
5862 3 2 0 430 2720 2721 1282 1281
5863 3 2 0 430 2721 2722 1283 1282
5864 3 2 0 430 2722 972 140 1283
5865 3 2 0 431 212 1280 2723 1242
5866 3 2 0 431 1242 2723 1284 213
5867 3 2 0 431 1280 223 1285 2723
5868 3 2 0 431 2723 1285 224 1284
5869 3 2 0 432 214 1289 2724 1243
5870 3 2 0 432 1289 225 1286 2724
5871 3 2 0 432 1243 2724 2725 1244
5872 3 2 0 432 2724 1286 1287 2725
5873 3 2 0 432 1244 2725 2726 1245
5874 3 2 0 432 2725 1287 1288 2726
5875 3 2 0 432 1245 2726 979 120
5876 3 2 0 432 2726 1288 142 979
5877 3 2 0 433 224 1281 1286 225
5878 3 2 0 433 1281 1282 1287 1286
5879 3 2 0 433 1282 1283 1288 1287
5880 3 2 0 433 1283 140 142 1288
5881 3 2 0 434 213 1284 1289 214
5882 3 2 0 434 1284 224 225 1289
5883 3 2 0 435 215 1293 2727 1246
5884 3 2 0 435 1293 226 1290 2727
5885 3 2 0 435 1246 2727 2728 1247
5886 3 2 0 435 2727 1290 1291 2728
5887 3 2 0 435 1247 2728 2729 1248
5888 3 2 0 435 2728 1291 1292 2729
5889 3 2 0 435 1248 2729 985 122
5890 3 2 0 435 2729 1292 144 985
5891 3 2 0 436 225 1286 1290 226
5892 3 2 0 436 1286 1287 1291 1290
5893 3 2 0 436 1287 1288 1292 1291
5894 3 2 0 436 1288 142 144 1292
5895 3 2 0 437 214 1289 1293 215
5896 3 2 0 437 1289 225 226 1293
5897 3 2 0 438 216 1297 2730 1249
5898 3 2 0 438 1297 227 1294 2730
5899 3 2 0 438 1249 2730 2731 1250
5900 3 2 0 438 2730 1294 1295 2731
5901 3 2 0 438 1250 2731 2732 1251
5902 3 2 0 438 2731 1295 1296 2732
5903 3 2 0 438 1251 2732 991 124
5904 3 2 0 438 2732 1296 146 991
5905 3 2 0 439 226 1290 1294 227
5906 3 2 0 439 1290 1291 1295 1294
5907 3 2 0 439 1291 1292 1296 1295
5908 3 2 0 439 1292 144 146 1296
5909 3 2 0 440 215 1293 1297 216
5910 3 2 0 440 1293 226 227 1297
5911 3 2 0 441 217 1301 2733 1252
5912 3 2 0 441 1301 228 1298 2733
5913 3 2 0 441 1252 2733 2734 1253
5914 3 2 0 441 2733 1298 1299 2734
5915 3 2 0 441 1253 2734 2735 1254
5916 3 2 0 441 2734 1299 1300 2735
5917 3 2 0 441 1254 2735 997 126
5918 3 2 0 441 2735 1300 148 997
5919 3 2 0 442 227 1294 1298 228
5920 3 2 0 442 1294 1295 1299 1298
5921 3 2 0 442 1295 1296 1300 1299
5922 3 2 0 442 1296 146 148 1300
5923 3 2 0 443 216 1297 1301 217
5924 3 2 0 443 1297 227 228 1301
5925 3 2 0 444 218 1305 2736 1255
5926 3 2 0 444 1305 229 1302 2736
5927 3 2 0 444 1255 2736 2737 1256
5928 3 2 0 444 2736 1302 1303 2737
5929 3 2 0 444 1256 2737 2738 1257
5930 3 2 0 444 2737 1303 1304 2738
5931 3 2 0 444 1257 2738 1003 128
5932 3 2 0 444 2738 1304 150 1003
5933 3 2 0 445 228 1298 2739 1306
5934 3 2 0 445 1298 1299 2740 2739
5935 3 2 0 445 1299 1300 2741 2740
5936 3 2 0 445 1300 148 1004 2741
5937 3 2 0 445 1306 2739 1302 229
5938 3 2 0 445 2739 2740 1303 1302
5939 3 2 0 445 2740 2741 1304 1303
5940 3 2 0 445 2741 1004 150 1304
5941 3 2 0 446 217 1301 2742 1258
5942 3 2 0 446 1258 2742 1305 218
5943 3 2 0 446 1301 228 1306 2742
5944 3 2 0 446 2742 1306 229 1305
5945 3 2 0 447 219 1310 2743 1259
5946 3 2 0 447 1310 230 1307 2743
5947 3 2 0 447 1259 2743 2744 1260
5948 3 2 0 447 2743 1307 1308 2744
5949 3 2 0 447 1260 2744 2745 1261
5950 3 2 0 447 2744 1308 1309 2745
5951 3 2 0 447 1261 2745 1011 130
5952 3 2 0 447 2745 1309 152 1011
5953 3 2 0 448 229 1302 1307 230
5954 3 2 0 448 1302 1303 1308 1307
5955 3 2 0 448 1303 1304 1309 1308
5956 3 2 0 448 1304 150 152 1309
5957 3 2 0 449 218 1305 1310 219
5958 3 2 0 449 1305 229 230 1310
5959 3 2 0 450 220 1314 2746 1262
5960 3 2 0 450 1314 231 1311 2746
5961 3 2 0 450 1262 2746 2747 1263
5962 3 2 0 450 2746 1311 1312 2747
5963 3 2 0 450 1263 2747 2748 1264
5964 3 2 0 450 2747 1312 1313 2748
5965 3 2 0 450 1264 2748 1017 132
5966 3 2 0 450 2748 1313 154 1017
5967 3 2 0 451 230 1307 2749 1315
5968 3 2 0 451 1307 1308 2750 2749
5969 3 2 0 451 1308 1309 2751 2750
5970 3 2 0 451 1309 152 1018 2751
5971 3 2 0 451 1315 2749 2752 1316
5972 3 2 0 451 2749 2750 2753 2752
5973 3 2 0 451 2750 2751 2754 2753
5974 3 2 0 451 2751 1018 1019 2754
5975 3 2 0 451 1316 2752 1311 231
5976 3 2 0 451 2752 2753 1312 1311
5977 3 2 0 451 2753 2754 1313 1312
5978 3 2 0 451 2754 1019 154 1313
5979 3 2 0 452 219 1310 2755 1265
5980 3 2 0 452 1265 2755 2756 1266
5981 3 2 0 452 1266 2756 1314 220
5982 3 2 0 452 1310 230 1315 2755
5983 3 2 0 452 2755 1315 1316 2756
5984 3 2 0 452 2756 1316 231 1314
5985 3 2 0 453 232 1317 2757 1325
5986 3 2 0 453 1325 2757 1321 233
5987 3 2 0 453 1317 1318 2758 2757
5988 3 2 0 453 2757 2758 1322 1321
5989 3 2 0 453 1318 1319 2759 2758
5990 3 2 0 453 2758 2759 1323 1322
5991 3 2 0 453 1319 1320 2760 2759
5992 3 2 0 453 2759 2760 1324 1323
5993 3 2 0 453 1320 155 1028 2760
5994 3 2 0 453 2760 1028 156 1324
5995 3 2 0 454 234 1334 2761 1326
5996 3 2 0 454 1334 235 1330 2761
5997 3 2 0 454 1326 2761 2762 1327
5998 3 2 0 454 2761 1330 1331 2762
5999 3 2 0 454 1327 2762 2763 1328
6000 3 2 0 454 2762 1331 1332 2763
6001 3 2 0 454 1328 2763 2764 1329
6002 3 2 0 454 2763 1332 1333 2764
6003 3 2 0 454 1329 2764 1035 157
6004 3 2 0 454 2764 1333 158 1035
6005 3 2 0 455 232 1335 2765 1317
6006 3 2 0 455 1317 2765 2766 1318
6007 3 2 0 455 1318 2766 2767 1319
6008 3 2 0 455 1319 2767 2768 1320
6009 3 2 0 455 1320 2768 1036 155
6010 3 2 0 455 1335 1336 2769 2765
6011 3 2 0 455 2765 2769 2770 2766
6012 3 2 0 455 2766 2770 2771 2767
6013 3 2 0 455 2767 2771 2772 2768
6014 3 2 0 455 2768 2772 1037 1036
6015 3 2 0 455 1336 234 1326 2769
6016 3 2 0 455 2769 1326 1327 2770
6017 3 2 0 455 2770 1327 1328 2771
6018 3 2 0 455 2771 1328 1329 2772
6019 3 2 0 455 2772 1329 157 1037
6020 3 2 0 456 233 1321 2773 1337
6021 3 2 0 456 1321 1322 2774 2773
6022 3 2 0 456 1322 1323 2775 2774
6023 3 2 0 456 1323 1324 2776 2775
6024 3 2 0 456 1324 156 1038 2776
6025 3 2 0 456 1337 2773 2777 1338
6026 3 2 0 456 2773 2774 2778 2777
6027 3 2 0 456 2774 2775 2779 2778
6028 3 2 0 456 2775 2776 2780 2779
6029 3 2 0 456 2776 1038 1039 2780
6030 3 2 0 456 1338 2777 1330 235
6031 3 2 0 456 2777 2778 1331 1330
6032 3 2 0 456 2778 2779 1332 1331
6033 3 2 0 456 2779 2780 1333 1332
6034 3 2 0 456 2780 1039 158 1333
6035 3 2 0 457 232 1325 2781 1335
6036 3 2 0 457 1335 2781 2782 1336
6037 3 2 0 457 1336 2782 1334 234
6038 3 2 0 457 1325 233 1337 2781
6039 3 2 0 457 2781 1337 1338 2782
6040 3 2 0 457 2782 1338 235 1334
6041 3 2 0 458 236 1347 2783 1339
6042 3 2 0 458 1347 237 1343 2783
6043 3 2 0 458 1339 2783 2784 1340
6044 3 2 0 458 2783 1343 1344 2784
6045 3 2 0 458 1340 2784 2785 1341
6046 3 2 0 458 2784 1344 1345 2785
6047 3 2 0 458 1341 2785 2786 1342
6048 3 2 0 458 2785 1345 1346 2786
6049 3 2 0 458 1342 2786 1046 159
6050 3 2 0 458 2786 1346 160 1046
6051 3 2 0 459 234 236 1339 1326
6052 3 2 0 459 1326 1339 1340 1327
6053 3 2 0 459 1327 1340 1341 1328
6054 3 2 0 459 1328 1341 1342 1329
6055 3 2 0 459 1329 1342 159 157
6056 3 2 0 460 235 1330 1343 237
6057 3 2 0 460 1330 1331 1344 1343
6058 3 2 0 460 1331 1332 1345 1344
6059 3 2 0 460 1332 1333 1346 1345
6060 3 2 0 460 1333 158 160 1346
6061 3 2 0 461 234 1334 1347 236
6062 3 2 0 461 1334 235 237 1347
6063 3 2 0 462 238 1356 2787 1348
6064 3 2 0 462 1356 239 1352 2787
6065 3 2 0 462 1348 2787 2788 1349
6066 3 2 0 462 2787 1352 1353 2788
6067 3 2 0 462 1349 2788 2789 1350
6068 3 2 0 462 2788 1353 1354 2789
6069 3 2 0 462 1350 2789 2790 1351
6070 3 2 0 462 2789 1354 1355 2790
6071 3 2 0 462 1351 2790 1053 161
6072 3 2 0 462 2790 1355 162 1053
6073 3 2 0 463 236 1357 2791 1339
6074 3 2 0 463 1339 2791 2792 1340
6075 3 2 0 463 1340 2792 2793 1341
6076 3 2 0 463 1341 2793 2794 1342
6077 3 2 0 463 1342 2794 1054 159
6078 3 2 0 463 1357 238 1348 2791
6079 3 2 0 463 2791 1348 1349 2792
6080 3 2 0 463 2792 1349 1350 2793
6081 3 2 0 463 2793 1350 1351 2794
6082 3 2 0 463 2794 1351 161 1054
6083 3 2 0 464 237 1343 2795 1358
6084 3 2 0 464 1343 1344 2796 2795
6085 3 2 0 464 1344 1345 2797 2796
6086 3 2 0 464 1345 1346 2798 2797
6087 3 2 0 464 1346 160 1055 2798
6088 3 2 0 464 1358 2795 1352 239
6089 3 2 0 464 2795 2796 1353 1352
6090 3 2 0 464 2796 2797 1354 1353
6091 3 2 0 464 2797 2798 1355 1354
6092 3 2 0 464 2798 1055 162 1355
6093 3 2 0 465 236 1347 2799 1357
6094 3 2 0 465 1357 2799 1356 238
6095 3 2 0 465 1347 237 1358 2799
6096 3 2 0 465 2799 1358 239 1356
6097 3 2 0 466 240 1367 2800 1359
6098 3 2 0 466 1367 241 1363 2800
6099 3 2 0 466 1359 2800 2801 1360
6100 3 2 0 466 2800 1363 1364 2801
6101 3 2 0 466 1360 2801 2802 1361
6102 3 2 0 466 2801 1364 1365 2802
6103 3 2 0 466 1361 2802 2803 1362
6104 3 2 0 466 2802 1365 1366 2803
6105 3 2 0 466 1362 2803 1062 163
6106 3 2 0 466 2803 1366 164 1062
6107 3 2 0 467 238 240 1359 1348
6108 3 2 0 467 1348 1359 1360 1349
6109 3 2 0 467 1349 1360 1361 1350
6110 3 2 0 467 1350 1361 1362 1351
6111 3 2 0 467 1351 1362 163 161
6112 3 2 0 468 239 1352 1363 241
6113 3 2 0 468 1352 1353 1364 1363
6114 3 2 0 468 1353 1354 1365 1364
6115 3 2 0 468 1354 1355 1366 1365
6116 3 2 0 468 1355 162 164 1366
6117 3 2 0 469 238 1356 1367 240
6118 3 2 0 469 1356 239 241 1367
6119 3 2 0 470 242 1376 2804 1368
6120 3 2 0 470 1376 243 1372 2804
6121 3 2 0 470 1368 2804 2805 1369
6122 3 2 0 470 2804 1372 1373 2805
6123 3 2 0 470 1369 2805 2806 1370
6124 3 2 0 470 2805 1373 1374 2806
6125 3 2 0 470 1370 2806 2807 1371
6126 3 2 0 470 2806 1374 1375 2807
6127 3 2 0 470 1371 2807 1069 165
6128 3 2 0 470 2807 1375 166 1069
6129 3 2 0 471 240 242 1368 1359
6130 3 2 0 471 1359 1368 1369 1360
6131 3 2 0 471 1360 1369 1370 1361
6132 3 2 0 471 1361 1370 1371 1362
6133 3 2 0 471 1362 1371 165 163
6134 3 2 0 472 241 1363 1372 243
6135 3 2 0 472 1363 1364 1373 1372
6136 3 2 0 472 1364 1365 1374 1373
6137 3 2 0 472 1365 1366 1375 1374
6138 3 2 0 472 1366 164 166 1375
6139 3 2 0 473 240 1367 1376 242
6140 3 2 0 473 1367 241 243 1376
6141 3 2 0 474 244 1385 2808 1377
6142 3 2 0 474 1385 245 1381 2808
6143 3 2 0 474 1377 2808 2809 1378
6144 3 2 0 474 2808 1381 1382 2809
6145 3 2 0 474 1378 2809 2810 1379
6146 3 2 0 474 2809 1382 1383 2810
6147 3 2 0 474 1379 2810 2811 1380
6148 3 2 0 474 2810 1383 1384 2811
6149 3 2 0 474 1380 2811 1076 167
6150 3 2 0 474 2811 1384 168 1076
6151 3 2 0 475 242 244 1377 1368
6152 3 2 0 475 1368 1377 1378 1369
6153 3 2 0 475 1369 1378 1379 1370
6154 3 2 0 475 1370 1379 1380 1371
6155 3 2 0 475 1371 1380 167 165
6156 3 2 0 476 243 1372 1381 245
6157 3 2 0 476 1372 1373 1382 1381
6158 3 2 0 476 1373 1374 1383 1382
6159 3 2 0 476 1374 1375 1384 1383
6160 3 2 0 476 1375 166 168 1384
6161 3 2 0 477 242 1376 1385 244
6162 3 2 0 477 1376 243 245 1385
6163 3 2 0 478 246 1394 2812 1386
6164 3 2 0 478 1394 247 1390 2812
6165 3 2 0 478 1386 2812 2813 1387
6166 3 2 0 478 2812 1390 1391 2813
6167 3 2 0 478 1387 2813 2814 1388
6168 3 2 0 478 2813 1391 1392 2814
6169 3 2 0 478 1388 2814 2815 1389
6170 3 2 0 478 2814 1392 1393 2815
6171 3 2 0 478 1389 2815 1083 169
6172 3 2 0 478 2815 1393 170 1083
6173 3 2 0 479 244 246 1386 1377
6174 3 2 0 479 1377 1386 1387 1378
6175 3 2 0 479 1378 1387 1388 1379
6176 3 2 0 479 1379 1388 1389 1380
6177 3 2 0 479 1380 1389 169 167
6178 3 2 0 480 245 1381 1390 247
6179 3 2 0 480 1381 1382 1391 1390
6180 3 2 0 480 1382 1383 1392 1391
6181 3 2 0 480 1383 1384 1393 1392
6182 3 2 0 480 1384 168 170 1393
6183 3 2 0 481 244 1385 1394 246
6184 3 2 0 481 1385 245 247 1394
6185 3 2 0 482 248 1403 2816 1395
6186 3 2 0 482 1403 249 1399 2816
6187 3 2 0 482 1395 2816 2817 1396
6188 3 2 0 482 2816 1399 1400 2817
6189 3 2 0 482 1396 2817 2818 1397
6190 3 2 0 482 2817 1400 1401 2818
6191 3 2 0 482 1397 2818 2819 1398
6192 3 2 0 482 2818 1401 1402 2819
6193 3 2 0 482 1398 2819 1090 171
6194 3 2 0 482 2819 1402 172 1090
6195 3 2 0 483 246 1404 2820 1386
6196 3 2 0 483 1386 2820 2821 1387
6197 3 2 0 483 1387 2821 2822 1388
6198 3 2 0 483 1388 2822 2823 1389
6199 3 2 0 483 1389 2823 1091 169
6200 3 2 0 483 1404 248 1395 2820
6201 3 2 0 483 2820 1395 1396 2821
6202 3 2 0 483 2821 1396 1397 2822
6203 3 2 0 483 2822 1397 1398 2823
6204 3 2 0 483 2823 1398 171 1091
6205 3 2 0 484 247 1390 2824 1405
6206 3 2 0 484 1390 1391 2825 2824
6207 3 2 0 484 1391 1392 2826 2825
6208 3 2 0 484 1392 1393 2827 2826
6209 3 2 0 484 1393 170 1092 2827
6210 3 2 0 484 1405 2824 1399 249
6211 3 2 0 484 2824 2825 1400 1399
6212 3 2 0 484 2825 2826 1401 1400
6213 3 2 0 484 2826 2827 1402 1401
6214 3 2 0 484 2827 1092 172 1402
6215 3 2 0 485 246 1394 2828 1404
6216 3 2 0 485 1404 2828 1403 248
6217 3 2 0 485 1394 247 1405 2828
6218 3 2 0 485 2828 1405 249 1403
6219 3 2 0 486 250 1414 2829 1406
6220 3 2 0 486 1414 251 1410 2829
6221 3 2 0 486 1406 2829 2830 1407
6222 3 2 0 486 2829 1410 1411 2830
6223 3 2 0 486 1407 2830 2831 1408
6224 3 2 0 486 2830 1411 1412 2831
6225 3 2 0 486 1408 2831 2832 1409
6226 3 2 0 486 2831 1412 1413 2832
6227 3 2 0 486 1409 2832 1099 173
6228 3 2 0 486 2832 1413 174 1099
6229 3 2 0 487 248 250 1406 1395
6230 3 2 0 487 1395 1406 1407 1396
6231 3 2 0 487 1396 1407 1408 1397
6232 3 2 0 487 1397 1408 1409 1398
6233 3 2 0 487 1398 1409 173 171
6234 3 2 0 488 249 1399 1410 251
6235 3 2 0 488 1399 1400 1411 1410
6236 3 2 0 488 1400 1401 1412 1411
6237 3 2 0 488 1401 1402 1413 1412
6238 3 2 0 488 1402 172 174 1413
6239 3 2 0 489 248 1403 1414 250
6240 3 2 0 489 1403 249 251 1414
6241 3 2 0 490 252 1423 2833 1415
6242 3 2 0 490 1423 253 1419 2833
6243 3 2 0 490 1415 2833 2834 1416
6244 3 2 0 490 2833 1419 1420 2834
6245 3 2 0 490 1416 2834 2835 1417
6246 3 2 0 490 2834 1420 1421 2835
6247 3 2 0 490 1417 2835 2836 1418
6248 3 2 0 490 2835 1421 1422 2836
6249 3 2 0 490 1418 2836 1106 175
6250 3 2 0 490 2836 1422 176 1106
6251 3 2 0 491 250 1424 2837 1406
6252 3 2 0 491 1406 2837 2838 1407
6253 3 2 0 491 1407 2838 2839 1408
6254 3 2 0 491 1408 2839 2840 1409
6255 3 2 0 491 1409 2840 1107 173
6256 3 2 0 491 1424 1425 2841 2837
6257 3 2 0 491 2837 2841 2842 2838
6258 3 2 0 491 2838 2842 2843 2839
6259 3 2 0 491 2839 2843 2844 2840
6260 3 2 0 491 2840 2844 1108 1107
6261 3 2 0 491 1425 252 1415 2841
6262 3 2 0 491 2841 1415 1416 2842
6263 3 2 0 491 2842 1416 1417 2843
6264 3 2 0 491 2843 1417 1418 2844
6265 3 2 0 491 2844 1418 175 1108
6266 3 2 0 492 251 1410 2845 1426
6267 3 2 0 492 1410 1411 2846 2845
6268 3 2 0 492 1411 1412 2847 2846
6269 3 2 0 492 1412 1413 2848 2847
6270 3 2 0 492 1413 174 1109 2848
6271 3 2 0 492 1426 2845 2849 1427
6272 3 2 0 492 2845 2846 2850 2849
6273 3 2 0 492 2846 2847 2851 2850
6274 3 2 0 492 2847 2848 2852 2851
6275 3 2 0 492 2848 1109 1110 2852
6276 3 2 0 492 1427 2849 1419 253
6277 3 2 0 492 2849 2850 1420 1419
6278 3 2 0 492 2850 2851 1421 1420
6279 3 2 0 492 2851 2852 1422 1421
6280 3 2 0 492 2852 1110 176 1422
6281 3 2 0 493 250 1414 2853 1424
6282 3 2 0 493 1424 2853 2854 1425
6283 3 2 0 493 1425 2854 1423 252
6284 3 2 0 493 1414 251 1426 2853
6285 3 2 0 493 2853 1426 1427 2854
6286 3 2 0 493 2854 1427 253 1423
6287 3 2 0 494 233 1321 1428 254
6288 3 2 0 494 1321 1322 1429 1428
6289 3 2 0 494 1322 1323 1430 1429
6290 3 2 0 494 1323 1324 1431 1430
6291 3 2 0 494 1324 156 177 1431
6292 3 2 0 495 235 255 1432 1330
6293 3 2 0 495 1330 1432 1433 1331
6294 3 2 0 495 1331 1433 1434 1332
6295 3 2 0 495 1332 1434 1435 1333
6296 3 2 0 495 1333 1435 178 158
6297 3 2 0 496 254 1428 2855 1436
6298 3 2 0 496 1428 1429 2856 2855
6299 3 2 0 496 1429 1430 2857 2856
6300 3 2 0 496 1430 1431 2858 2857
6301 3 2 0 496 1431 177 1117 2858
6302 3 2 0 496 1436 2855 2859 1437
6303 3 2 0 496 2855 2856 2860 2859
6304 3 2 0 496 2856 2857 2861 2860
6305 3 2 0 496 2857 2858 2862 2861
6306 3 2 0 496 2858 1117 1118 2862
6307 3 2 0 496 1437 2859 1432 255
6308 3 2 0 496 2859 2860 1433 1432
6309 3 2 0 496 2860 2861 1434 1433
6310 3 2 0 496 2861 2862 1435 1434
6311 3 2 0 496 2862 1118 178 1435
6312 3 2 0 497 233 254 1436 1337
6313 3 2 0 497 1337 1436 1437 1338
6314 3 2 0 497 1338 1437 255 235
6315 3 2 0 498 237 256 1438 1343
6316 3 2 0 498 1343 1438 1439 1344
6317 3 2 0 498 1344 1439 1440 1345
6318 3 2 0 498 1345 1440 1441 1346
6319 3 2 0 498 1346 1441 179 160
6320 3 2 0 499 255 1432 1438 256
6321 3 2 0 499 1432 1433 1439 1438
6322 3 2 0 499 1433 1434 1440 1439
6323 3 2 0 499 1434 1435 1441 1440
6324 3 2 0 499 1435 178 179 1441
6325 3 2 0 500 235 255 256 237
6326 3 2 0 501 239 257 1442 1352
6327 3 2 0 501 1352 1442 1443 1353
6328 3 2 0 501 1353 1443 1444 1354
6329 3 2 0 501 1354 1444 1445 1355
6330 3 2 0 501 1355 1445 180 162
6331 3 2 0 502 256 1438 2863 1446
6332 3 2 0 502 1438 1439 2864 2863
6333 3 2 0 502 1439 1440 2865 2864
6334 3 2 0 502 1440 1441 2866 2865
6335 3 2 0 502 1441 179 1125 2866
6336 3 2 0 502 1446 2863 1442 257
6337 3 2 0 502 2863 2864 1443 1442
6338 3 2 0 502 2864 2865 1444 1443
6339 3 2 0 502 2865 2866 1445 1444
6340 3 2 0 502 2866 1125 180 1445
6341 3 2 0 503 237 256 1446 1358
6342 3 2 0 503 1358 1446 257 239
6343 3 2 0 504 241 258 1447 1363
6344 3 2 0 504 1363 1447 1448 1364
6345 3 2 0 504 1364 1448 1449 1365
6346 3 2 0 504 1365 1449 1450 1366
6347 3 2 0 504 1366 1450 181 164
6348 3 2 0 505 257 1442 1447 258
6349 3 2 0 505 1442 1443 1448 1447
6350 3 2 0 505 1443 1444 1449 1448
6351 3 2 0 505 1444 1445 1450 1449
6352 3 2 0 505 1445 180 181 1450
6353 3 2 0 506 239 257 258 241
6354 3 2 0 507 243 259 1451 1372
6355 3 2 0 507 1372 1451 1452 1373
6356 3 2 0 507 1373 1452 1453 1374
6357 3 2 0 507 1374 1453 1454 1375
6358 3 2 0 507 1375 1454 182 166
6359 3 2 0 508 258 1447 1451 259
6360 3 2 0 508 1447 1448 1452 1451
6361 3 2 0 508 1448 1449 1453 1452
6362 3 2 0 508 1449 1450 1454 1453
6363 3 2 0 508 1450 181 182 1454
6364 3 2 0 509 241 258 259 243
6365 3 2 0 510 245 260 1455 1381
6366 3 2 0 510 1381 1455 1456 1382
6367 3 2 0 510 1382 1456 1457 1383
6368 3 2 0 510 1383 1457 1458 1384
6369 3 2 0 510 1384 1458 183 168
6370 3 2 0 511 259 1451 1455 260
6371 3 2 0 511 1451 1452 1456 1455
6372 3 2 0 511 1452 1453 1457 1456
6373 3 2 0 511 1453 1454 1458 1457
6374 3 2 0 511 1454 182 183 1458
6375 3 2 0 512 243 259 260 245
6376 3 2 0 513 247 261 1459 1390
6377 3 2 0 513 1390 1459 1460 1391
6378 3 2 0 513 1391 1460 1461 1392
6379 3 2 0 513 1392 1461 1462 1393
6380 3 2 0 513 1393 1462 184 170
6381 3 2 0 514 260 1455 1459 261
6382 3 2 0 514 1455 1456 1460 1459
6383 3 2 0 514 1456 1457 1461 1460
6384 3 2 0 514 1457 1458 1462 1461
6385 3 2 0 514 1458 183 184 1462
6386 3 2 0 515 245 260 261 247
6387 3 2 0 516 249 262 1463 1399
6388 3 2 0 516 1399 1463 1464 1400
6389 3 2 0 516 1400 1464 1465 1401
6390 3 2 0 516 1401 1465 1466 1402
6391 3 2 0 516 1402 1466 185 172
6392 3 2 0 517 261 1459 2867 1467
6393 3 2 0 517 1459 1460 2868 2867
6394 3 2 0 517 1460 1461 2869 2868
6395 3 2 0 517 1461 1462 2870 2869
6396 3 2 0 517 1462 184 1141 2870
6397 3 2 0 517 1467 2867 1463 262
6398 3 2 0 517 2867 2868 1464 1463
6399 3 2 0 517 2868 2869 1465 1464
6400 3 2 0 517 2869 2870 1466 1465
6401 3 2 0 517 2870 1141 185 1466
6402 3 2 0 518 247 261 1467 1405
6403 3 2 0 518 1405 1467 262 249
6404 3 2 0 519 251 263 1468 1410
6405 3 2 0 519 1410 1468 1469 1411
6406 3 2 0 519 1411 1469 1470 1412
6407 3 2 0 519 1412 1470 1471 1413
6408 3 2 0 519 1413 1471 186 174
6409 3 2 0 520 262 1463 1468 263
6410 3 2 0 520 1463 1464 1469 1468
6411 3 2 0 520 1464 1465 1470 1469
6412 3 2 0 520 1465 1466 1471 1470
6413 3 2 0 520 1466 185 186 1471
6414 3 2 0 521 249 262 263 251
6415 3 2 0 522 253 264 1472 1419
6416 3 2 0 522 1419 1472 1473 1420
6417 3 2 0 522 1420 1473 1474 1421
6418 3 2 0 522 1421 1474 1475 1422
6419 3 2 0 522 1422 1475 187 176
6420 3 2 0 523 263 1468 2871 1476
6421 3 2 0 523 1468 1469 2872 2871
6422 3 2 0 523 1469 1470 2873 2872
6423 3 2 0 523 1470 1471 2874 2873
6424 3 2 0 523 1471 186 1148 2874
6425 3 2 0 523 1476 2871 2875 1477
6426 3 2 0 523 2871 2872 2876 2875
6427 3 2 0 523 2872 2873 2877 2876
6428 3 2 0 523 2873 2874 2878 2877
6429 3 2 0 523 2874 1148 1149 2878
6430 3 2 0 523 1477 2875 1472 264
6431 3 2 0 523 2875 2876 1473 1472
6432 3 2 0 523 2876 2877 1474 1473
6433 3 2 0 523 2877 2878 1475 1474
6434 3 2 0 523 2878 1149 187 1475
6435 3 2 0 524 251 263 1476 1426
6436 3 2 0 524 1426 1476 1477 1427
6437 3 2 0 524 1427 1477 264 253
6438 3 2 0 525 254 1428 1478 265
6439 3 2 0 525 1428 1429 1479 1478
6440 3 2 0 525 1429 1430 1480 1479
6441 3 2 0 525 1430 1431 1481 1480
6442 3 2 0 525 1431 177 188 1481
6443 3 2 0 526 255 266 1482 1432
6444 3 2 0 526 1432 1482 1483 1433
6445 3 2 0 526 1433 1483 1484 1434
6446 3 2 0 526 1434 1484 1485 1435
6447 3 2 0 526 1435 1485 189 178
6448 3 2 0 527 265 1478 2879 1486
6449 3 2 0 527 1478 1479 2880 2879
6450 3 2 0 527 1479 1480 2881 2880
6451 3 2 0 527 1480 1481 2882 2881
6452 3 2 0 527 1481 188 1156 2882
6453 3 2 0 527 1486 2879 2883 1487
6454 3 2 0 527 2879 2880 2884 2883
6455 3 2 0 527 2880 2881 2885 2884
6456 3 2 0 527 2881 2882 2886 2885
6457 3 2 0 527 2882 1156 1157 2886
6458 3 2 0 527 1487 2883 1482 266
6459 3 2 0 527 2883 2884 1483 1482
6460 3 2 0 527 2884 2885 1484 1483
6461 3 2 0 527 2885 2886 1485 1484
6462 3 2 0 527 2886 1157 189 1485
6463 3 2 0 528 254 265 1486 1436
6464 3 2 0 528 1436 1486 1487 1437
6465 3 2 0 528 1437 1487 266 255
6466 3 2 0 529 256 267 1488 1438
6467 3 2 0 529 1438 1488 1489 1439
6468 3 2 0 529 1439 1489 1490 1440
6469 3 2 0 529 1440 1490 1491 1441
6470 3 2 0 529 1441 1491 190 179
6471 3 2 0 530 266 1482 1488 267
6472 3 2 0 530 1482 1483 1489 1488
6473 3 2 0 530 1483 1484 1490 1489
6474 3 2 0 530 1484 1485 1491 1490
6475 3 2 0 530 1485 189 190 1491
6476 3 2 0 531 255 266 267 256
6477 3 2 0 532 257 268 1492 1442
6478 3 2 0 532 1442 1492 1493 1443
6479 3 2 0 532 1443 1493 1494 1444
6480 3 2 0 532 1444 1494 1495 1445
6481 3 2 0 532 1445 1495 191 180
6482 3 2 0 533 267 1488 2887 1496
6483 3 2 0 533 1488 1489 2888 2887
6484 3 2 0 533 1489 1490 2889 2888
6485 3 2 0 533 1490 1491 2890 2889
6486 3 2 0 533 1491 190 1164 2890
6487 3 2 0 533 1496 2887 1492 268
6488 3 2 0 533 2887 2888 1493 1492
6489 3 2 0 533 2888 2889 1494 1493
6490 3 2 0 533 2889 2890 1495 1494
6491 3 2 0 533 2890 1164 191 1495
6492 3 2 0 534 256 267 1496 1446
6493 3 2 0 534 1446 1496 268 257
6494 3 2 0 535 258 269 1497 1447
6495 3 2 0 535 1447 1497 1498 1448
6496 3 2 0 535 1448 1498 1499 1449
6497 3 2 0 535 1449 1499 1500 1450
6498 3 2 0 535 1450 1500 192 181
6499 3 2 0 536 268 1492 1497 269
6500 3 2 0 536 1492 1493 1498 1497
6501 3 2 0 536 1493 1494 1499 1498
6502 3 2 0 536 1494 1495 1500 1499
6503 3 2 0 536 1495 191 192 1500
6504 3 2 0 537 257 268 269 258
6505 3 2 0 538 259 270 1501 1451
6506 3 2 0 538 1451 1501 1502 1452
6507 3 2 0 538 1452 1502 1503 1453
6508 3 2 0 538 1453 1503 1504 1454
6509 3 2 0 538 1454 1504 193 182
6510 3 2 0 539 269 1497 1501 270
6511 3 2 0 539 1497 1498 1502 1501
6512 3 2 0 539 1498 1499 1503 1502
6513 3 2 0 539 1499 1500 1504 1503
6514 3 2 0 539 1500 192 193 1504
6515 3 2 0 540 258 269 270 259
6516 3 2 0 541 260 271 1505 1455
6517 3 2 0 541 1455 1505 1506 1456
6518 3 2 0 541 1456 1506 1507 1457
6519 3 2 0 541 1457 1507 1508 1458
6520 3 2 0 541 1458 1508 194 183
6521 3 2 0 542 270 1501 1505 271
6522 3 2 0 542 1501 1502 1506 1505
6523 3 2 0 542 1502 1503 1507 1506
6524 3 2 0 542 1503 1504 1508 1507
6525 3 2 0 542 1504 193 194 1508
6526 3 2 0 543 259 270 271 260
6527 3 2 0 544 261 272 1509 1459
6528 3 2 0 544 1459 1509 1510 1460
6529 3 2 0 544 1460 1510 1511 1461
6530 3 2 0 544 1461 1511 1512 1462
6531 3 2 0 544 1462 1512 195 184
6532 3 2 0 545 271 1505 1509 272
6533 3 2 0 545 1505 1506 1510 1509
6534 3 2 0 545 1506 1507 1511 1510
6535 3 2 0 545 1507 1508 1512 1511
6536 3 2 0 545 1508 194 195 1512
6537 3 2 0 546 260 271 272 261
6538 3 2 0 547 262 273 1513 1463
6539 3 2 0 547 1463 1513 1514 1464
6540 3 2 0 547 1464 1514 1515 1465
6541 3 2 0 547 1465 1515 1516 1466
6542 3 2 0 547 1466 1516 196 185
6543 3 2 0 548 272 1509 2891 1517
6544 3 2 0 548 1509 1510 2892 2891
6545 3 2 0 548 1510 1511 2893 2892
6546 3 2 0 548 1511 1512 2894 2893
6547 3 2 0 548 1512 195 1180 2894
6548 3 2 0 548 1517 2891 1513 273
6549 3 2 0 548 2891 2892 1514 1513
6550 3 2 0 548 2892 2893 1515 1514
6551 3 2 0 548 2893 2894 1516 1515
6552 3 2 0 548 2894 1180 196 1516
6553 3 2 0 549 261 272 1517 1467
6554 3 2 0 549 1467 1517 273 262
6555 3 2 0 550 263 274 1518 1468
6556 3 2 0 550 1468 1518 1519 1469
6557 3 2 0 550 1469 1519 1520 1470
6558 3 2 0 550 1470 1520 1521 1471
6559 3 2 0 550 1471 1521 197 186
6560 3 2 0 551 273 1513 1518 274
6561 3 2 0 551 1513 1514 1519 1518
6562 3 2 0 551 1514 1515 1520 1519
6563 3 2 0 551 1515 1516 1521 1520
6564 3 2 0 551 1516 196 197 1521
6565 3 2 0 552 262 273 274 263
6566 3 2 0 553 264 275 1522 1472
6567 3 2 0 553 1472 1522 1523 1473
6568 3 2 0 553 1473 1523 1524 1474
6569 3 2 0 553 1474 1524 1525 1475
6570 3 2 0 553 1475 1525 198 187
6571 3 2 0 554 274 1518 2895 1526
6572 3 2 0 554 1518 1519 2896 2895
6573 3 2 0 554 1519 1520 2897 2896
6574 3 2 0 554 1520 1521 2898 2897
6575 3 2 0 554 1521 197 1187 2898
6576 3 2 0 554 1526 2895 2899 1527
6577 3 2 0 554 2895 2896 2900 2899
6578 3 2 0 554 2896 2897 2901 2900
6579 3 2 0 554 2897 2898 2902 2901
6580 3 2 0 554 2898 1187 1188 2902
6581 3 2 0 554 1527 2899 1522 275
6582 3 2 0 554 2899 2900 1523 1522
6583 3 2 0 554 2900 2901 1524 1523
6584 3 2 0 554 2901 2902 1525 1524
6585 3 2 0 554 2902 1188 198 1525
6586 3 2 0 555 263 274 1526 1476
6587 3 2 0 555 1476 1526 1527 1477
6588 3 2 0 555 1477 1527 275 264
6589 3 2 0 556 265 1478 1528 276
6590 3 2 0 556 1478 1479 1529 1528
6591 3 2 0 556 1479 1480 1530 1529
6592 3 2 0 556 1480 1481 1531 1530
6593 3 2 0 556 1481 188 199 1531
6594 3 2 0 557 266 277 1532 1482
6595 3 2 0 557 1482 1532 1533 1483
6596 3 2 0 557 1483 1533 1534 1484
6597 3 2 0 557 1484 1534 1535 1485
6598 3 2 0 557 1485 1535 200 189
6599 3 2 0 558 276 1528 2903 1536
6600 3 2 0 558 1528 1529 2904 2903
6601 3 2 0 558 1529 1530 2905 2904
6602 3 2 0 558 1530 1531 2906 2905
6603 3 2 0 558 1531 199 1195 2906
6604 3 2 0 558 1536 2903 2907 1537
6605 3 2 0 558 2903 2904 2908 2907
6606 3 2 0 558 2904 2905 2909 2908
6607 3 2 0 558 2905 2906 2910 2909
6608 3 2 0 558 2906 1195 1196 2910
6609 3 2 0 558 1537 2907 1532 277
6610 3 2 0 558 2907 2908 1533 1532
6611 3 2 0 558 2908 2909 1534 1533
6612 3 2 0 558 2909 2910 1535 1534
6613 3 2 0 558 2910 1196 200 1535
6614 3 2 0 559 265 276 1536 1486
6615 3 2 0 559 1486 1536 1537 1487
6616 3 2 0 559 1487 1537 277 266
6617 3 2 0 560 267 278 1538 1488
6618 3 2 0 560 1488 1538 1539 1489
6619 3 2 0 560 1489 1539 1540 1490
6620 3 2 0 560 1490 1540 1541 1491
6621 3 2 0 560 1491 1541 201 190
6622 3 2 0 561 277 1532 1538 278
6623 3 2 0 561 1532 1533 1539 1538
6624 3 2 0 561 1533 1534 1540 1539
6625 3 2 0 561 1534 1535 1541 1540
6626 3 2 0 561 1535 200 201 1541
6627 3 2 0 562 266 277 278 267
6628 3 2 0 563 268 279 1542 1492
6629 3 2 0 563 1492 1542 1543 1493
6630 3 2 0 563 1493 1543 1544 1494
6631 3 2 0 563 1494 1544 1545 1495
6632 3 2 0 563 1495 1545 202 191
6633 3 2 0 564 278 1538 2911 1546
6634 3 2 0 564 1538 1539 2912 2911
6635 3 2 0 564 1539 1540 2913 2912
6636 3 2 0 564 1540 1541 2914 2913
6637 3 2 0 564 1541 201 1203 2914
6638 3 2 0 564 1546 2911 1542 279
6639 3 2 0 564 2911 2912 1543 1542
6640 3 2 0 564 2912 2913 1544 1543
6641 3 2 0 564 2913 2914 1545 1544
6642 3 2 0 564 2914 1203 202 1545
6643 3 2 0 565 267 278 1546 1496
6644 3 2 0 565 1496 1546 279 268
6645 3 2 0 566 269 280 1547 1497
6646 3 2 0 566 1497 1547 1548 1498
6647 3 2 0 566 1498 1548 1549 1499
6648 3 2 0 566 1499 1549 1550 1500
6649 3 2 0 566 1500 1550 203 192
6650 3 2 0 567 279 1542 1547 280
6651 3 2 0 567 1542 1543 1548 1547
6652 3 2 0 567 1543 1544 1549 1548
6653 3 2 0 567 1544 1545 1550 1549
6654 3 2 0 567 1545 202 203 1550
6655 3 2 0 568 268 279 280 269
6656 3 2 0 569 270 281 1551 1501
6657 3 2 0 569 1501 1551 1552 1502
6658 3 2 0 569 1502 1552 1553 1503
6659 3 2 0 569 1503 1553 1554 1504
6660 3 2 0 569 1504 1554 204 193
6661 3 2 0 570 280 1547 1551 281
6662 3 2 0 570 1547 1548 1552 1551
6663 3 2 0 570 1548 1549 1553 1552
6664 3 2 0 570 1549 1550 1554 1553
6665 3 2 0 570 1550 203 204 1554
6666 3 2 0 571 269 280 281 270
6667 3 2 0 572 271 282 1555 1505
6668 3 2 0 572 1505 1555 1556 1506
6669 3 2 0 572 1506 1556 1557 1507
6670 3 2 0 572 1507 1557 1558 1508
6671 3 2 0 572 1508 1558 205 194
6672 3 2 0 573 281 1551 1555 282
6673 3 2 0 573 1551 1552 1556 1555
6674 3 2 0 573 1552 1553 1557 1556
6675 3 2 0 573 1553 1554 1558 1557
6676 3 2 0 573 1554 204 205 1558
6677 3 2 0 574 270 281 282 271
6678 3 2 0 575 272 283 1559 1509
6679 3 2 0 575 1509 1559 1560 1510
6680 3 2 0 575 1510 1560 1561 1511
6681 3 2 0 575 1511 1561 1562 1512
6682 3 2 0 575 1512 1562 206 195
6683 3 2 0 576 282 1555 1559 283
6684 3 2 0 576 1555 1556 1560 1559
6685 3 2 0 576 1556 1557 1561 1560
6686 3 2 0 576 1557 1558 1562 1561
6687 3 2 0 576 1558 205 206 1562
6688 3 2 0 577 271 282 283 272
6689 3 2 0 578 273 284 1563 1513
6690 3 2 0 578 1513 1563 1564 1514
6691 3 2 0 578 1514 1564 1565 1515
6692 3 2 0 578 1515 1565 1566 1516
6693 3 2 0 578 1516 1566 207 196
6694 3 2 0 579 283 1559 2915 1567
6695 3 2 0 579 1559 1560 2916 2915
6696 3 2 0 579 1560 1561 2917 2916
6697 3 2 0 579 1561 1562 2918 2917
6698 3 2 0 579 1562 206 1219 2918
6699 3 2 0 579 1567 2915 1563 284
6700 3 2 0 579 2915 2916 1564 1563
6701 3 2 0 579 2916 2917 1565 1564
6702 3 2 0 579 2917 2918 1566 1565
6703 3 2 0 579 2918 1219 207 1566
6704 3 2 0 580 272 283 1567 1517
6705 3 2 0 580 1517 1567 284 273
6706 3 2 0 581 274 285 1568 1518
6707 3 2 0 581 1518 1568 1569 1519
6708 3 2 0 581 1519 1569 1570 1520
6709 3 2 0 581 1520 1570 1571 1521
6710 3 2 0 581 1521 1571 208 197
6711 3 2 0 582 284 1563 1568 285
6712 3 2 0 582 1563 1564 1569 1568
6713 3 2 0 582 1564 1565 1570 1569
6714 3 2 0 582 1565 1566 1571 1570
6715 3 2 0 582 1566 207 208 1571
6716 3 2 0 583 273 284 285 274
6717 3 2 0 584 275 286 1572 1522
6718 3 2 0 584 1522 1572 1573 1523
6719 3 2 0 584 1523 1573 1574 1524
6720 3 2 0 584 1524 1574 1575 1525
6721 3 2 0 584 1525 1575 209 198
6722 3 2 0 585 285 1568 2919 1576
6723 3 2 0 585 1568 1569 2920 2919
6724 3 2 0 585 1569 1570 2921 2920
6725 3 2 0 585 1570 1571 2922 2921
6726 3 2 0 585 1571 208 1226 2922
6727 3 2 0 585 1576 2919 2923 1577
6728 3 2 0 585 2919 2920 2924 2923
6729 3 2 0 585 2920 2921 2925 2924
6730 3 2 0 585 2921 2922 2926 2925
6731 3 2 0 585 2922 1226 1227 2926
6732 3 2 0 585 1577 2923 1572 286
6733 3 2 0 585 2923 2924 1573 1572
6734 3 2 0 585 2924 2925 1574 1573
6735 3 2 0 585 2925 2926 1575 1574
6736 3 2 0 585 2926 1227 209 1575
6737 3 2 0 586 274 285 1576 1526
6738 3 2 0 586 1526 1576 1577 1527
6739 3 2 0 586 1527 1577 286 275
6740 3 2 0 587 276 1528 1578 287
6741 3 2 0 587 1528 1529 1579 1578
6742 3 2 0 587 1529 1530 1580 1579
6743 3 2 0 587 1530 1531 1581 1580
6744 3 2 0 587 1531 199 210 1581
6745 3 2 0 588 277 288 1582 1532
6746 3 2 0 588 1532 1582 1583 1533
6747 3 2 0 588 1533 1583 1584 1534
6748 3 2 0 588 1534 1584 1585 1535
6749 3 2 0 588 1535 1585 211 200
6750 3 2 0 589 287 1578 2927 1586
6751 3 2 0 589 1578 1579 2928 2927
6752 3 2 0 589 1579 1580 2929 2928
6753 3 2 0 589 1580 1581 2930 2929
6754 3 2 0 589 1581 210 1234 2930
6755 3 2 0 589 1586 2927 2931 1587
6756 3 2 0 589 2927 2928 2932 2931
6757 3 2 0 589 2928 2929 2933 2932
6758 3 2 0 589 2929 2930 2934 2933
6759 3 2 0 589 2930 1234 1235 2934
6760 3 2 0 589 1587 2931 1582 288
6761 3 2 0 589 2931 2932 1583 1582
6762 3 2 0 589 2932 2933 1584 1583
6763 3 2 0 589 2933 2934 1585 1584
6764 3 2 0 589 2934 1235 211 1585
6765 3 2 0 590 276 287 1586 1536
6766 3 2 0 590 1536 1586 1587 1537
6767 3 2 0 590 1537 1587 288 277
6768 3 2 0 591 278 289 1588 1538
6769 3 2 0 591 1538 1588 1589 1539
6770 3 2 0 591 1539 1589 1590 1540
6771 3 2 0 591 1540 1590 1591 1541
6772 3 2 0 591 1541 1591 212 201
6773 3 2 0 592 288 1582 1588 289
6774 3 2 0 592 1582 1583 1589 1588
6775 3 2 0 592 1583 1584 1590 1589
6776 3 2 0 592 1584 1585 1591 1590
6777 3 2 0 592 1585 211 212 1591
6778 3 2 0 593 277 288 289 278
6779 3 2 0 594 279 290 1592 1542
6780 3 2 0 594 1542 1592 1593 1543
6781 3 2 0 594 1543 1593 1594 1544
6782 3 2 0 594 1544 1594 1595 1545
6783 3 2 0 594 1545 1595 213 202
6784 3 2 0 595 289 1588 2935 1596
6785 3 2 0 595 1588 1589 2936 2935
6786 3 2 0 595 1589 1590 2937 2936
6787 3 2 0 595 1590 1591 2938 2937
6788 3 2 0 595 1591 212 1242 2938
6789 3 2 0 595 1596 2935 1592 290
6790 3 2 0 595 2935 2936 1593 1592
6791 3 2 0 595 2936 2937 1594 1593
6792 3 2 0 595 2937 2938 1595 1594
6793 3 2 0 595 2938 1242 213 1595
6794 3 2 0 596 278 289 1596 1546
6795 3 2 0 596 1546 1596 290 279
6796 3 2 0 597 280 291 1597 1547
6797 3 2 0 597 1547 1597 1598 1548
6798 3 2 0 597 1548 1598 1599 1549
6799 3 2 0 597 1549 1599 1600 1550
6800 3 2 0 597 1550 1600 214 203
6801 3 2 0 598 290 1592 1597 291
6802 3 2 0 598 1592 1593 1598 1597
6803 3 2 0 598 1593 1594 1599 1598
6804 3 2 0 598 1594 1595 1600 1599
6805 3 2 0 598 1595 213 214 1600
6806 3 2 0 599 279 290 291 280
6807 3 2 0 600 281 292 1601 1551
6808 3 2 0 600 1551 1601 1602 1552
6809 3 2 0 600 1552 1602 1603 1553
6810 3 2 0 600 1553 1603 1604 1554
6811 3 2 0 600 1554 1604 215 204
6812 3 2 0 601 291 1597 1601 292
6813 3 2 0 601 1597 1598 1602 1601
6814 3 2 0 601 1598 1599 1603 1602
6815 3 2 0 601 1599 1600 1604 1603
6816 3 2 0 601 1600 214 215 1604
6817 3 2 0 602 280 291 292 281
6818 3 2 0 603 282 293 1605 1555
6819 3 2 0 603 1555 1605 1606 1556
6820 3 2 0 603 1556 1606 1607 1557
6821 3 2 0 603 1557 1607 1608 1558
6822 3 2 0 603 1558 1608 216 205
6823 3 2 0 604 292 1601 1605 293
6824 3 2 0 604 1601 1602 1606 1605
6825 3 2 0 604 1602 1603 1607 1606
6826 3 2 0 604 1603 1604 1608 1607
6827 3 2 0 604 1604 215 216 1608
6828 3 2 0 605 281 292 293 282
6829 3 2 0 606 283 294 1609 1559
6830 3 2 0 606 1559 1609 1610 1560
6831 3 2 0 606 1560 1610 1611 1561
6832 3 2 0 606 1561 1611 1612 1562
6833 3 2 0 606 1562 1612 217 206
6834 3 2 0 607 293 1605 1609 294
6835 3 2 0 607 1605 1606 1610 1609
6836 3 2 0 607 1606 1607 1611 1610
6837 3 2 0 607 1607 1608 1612 1611
6838 3 2 0 607 1608 216 217 1612
6839 3 2 0 608 282 293 294 283
6840 3 2 0 609 284 295 1613 1563
6841 3 2 0 609 1563 1613 1614 1564
6842 3 2 0 609 1564 1614 1615 1565
6843 3 2 0 609 1565 1615 1616 1566
6844 3 2 0 609 1566 1616 218 207
6845 3 2 0 610 294 1609 2939 1617
6846 3 2 0 610 1609 1610 2940 2939
6847 3 2 0 610 1610 1611 2941 2940
6848 3 2 0 610 1611 1612 2942 2941
6849 3 2 0 610 1612 217 1258 2942
6850 3 2 0 610 1617 2939 1613 295
6851 3 2 0 610 2939 2940 1614 1613
6852 3 2 0 610 2940 2941 1615 1614
6853 3 2 0 610 2941 2942 1616 1615
6854 3 2 0 610 2942 1258 218 1616
6855 3 2 0 611 283 294 1617 1567
6856 3 2 0 611 1567 1617 295 284
6857 3 2 0 612 285 296 1618 1568
6858 3 2 0 612 1568 1618 1619 1569
6859 3 2 0 612 1569 1619 1620 1570
6860 3 2 0 612 1570 1620 1621 1571
6861 3 2 0 612 1571 1621 219 208
6862 3 2 0 613 295 1613 1618 296
6863 3 2 0 613 1613 1614 1619 1618
6864 3 2 0 613 1614 1615 1620 1619
6865 3 2 0 613 1615 1616 1621 1620
6866 3 2 0 613 1616 218 219 1621
6867 3 2 0 614 284 295 296 285
6868 3 2 0 615 286 297 1622 1572
6869 3 2 0 615 1572 1622 1623 1573
6870 3 2 0 615 1573 1623 1624 1574
6871 3 2 0 615 1574 1624 1625 1575
6872 3 2 0 615 1575 1625 220 209
6873 3 2 0 616 296 1618 2943 1626
6874 3 2 0 616 1618 1619 2944 2943
6875 3 2 0 616 1619 1620 2945 2944
6876 3 2 0 616 1620 1621 2946 2945
6877 3 2 0 616 1621 219 1265 2946
6878 3 2 0 616 1626 2943 2947 1627
6879 3 2 0 616 2943 2944 2948 2947
6880 3 2 0 616 2944 2945 2949 2948
6881 3 2 0 616 2945 2946 2950 2949
6882 3 2 0 616 2946 1265 1266 2950
6883 3 2 0 616 1627 2947 1622 297
6884 3 2 0 616 2947 2948 1623 1622
6885 3 2 0 616 2948 2949 1624 1623
6886 3 2 0 616 2949 2950 1625 1624
6887 3 2 0 616 2950 1266 220 1625
6888 3 2 0 617 285 296 1626 1576
6889 3 2 0 617 1576 1626 1627 1577
6890 3 2 0 617 1577 1627 297 286
6891 3 2 0 618 287 1578 2951 1632
6892 3 2 0 618 1632 2951 1628 298
6893 3 2 0 618 1578 1579 2952 2951
6894 3 2 0 618 2951 2952 1629 1628
6895 3 2 0 618 1579 1580 2953 2952
6896 3 2 0 618 2952 2953 1630 1629
6897 3 2 0 618 1580 1581 2954 2953
6898 3 2 0 618 2953 2954 1631 1630
6899 3 2 0 618 1581 210 1270 2954
6900 3 2 0 618 2954 1270 221 1631
6901 3 2 0 619 288 1637 2955 1582
6902 3 2 0 619 1637 299 1633 2955
6903 3 2 0 619 1582 2955 2956 1583
6904 3 2 0 619 2955 1633 1634 2956
6905 3 2 0 619 1583 2956 2957 1584
6906 3 2 0 619 2956 1634 1635 2957
6907 3 2 0 619 1584 2957 2958 1585
6908 3 2 0 619 2957 1635 1636 2958
6909 3 2 0 619 1585 2958 1274 211
6910 3 2 0 619 2958 1636 222 1274
6911 3 2 0 620 298 1628 2959 1638
6912 3 2 0 620 1628 1629 2960 2959
6913 3 2 0 620 1629 1630 2961 2960
6914 3 2 0 620 1630 1631 2962 2961
6915 3 2 0 620 1631 221 1275 2962
6916 3 2 0 620 1638 2959 2963 1639
6917 3 2 0 620 2959 2960 2964 2963
6918 3 2 0 620 2960 2961 2965 2964
6919 3 2 0 620 2961 2962 2966 2965
6920 3 2 0 620 2962 1275 1276 2966
6921 3 2 0 620 1639 2963 1633 299
6922 3 2 0 620 2963 2964 1634 1633
6923 3 2 0 620 2964 2965 1635 1634
6924 3 2 0 620 2965 2966 1636 1635
6925 3 2 0 620 2966 1276 222 1636
6926 3 2 0 621 287 1632 2967 1586
6927 3 2 0 621 1586 2967 2968 1587
6928 3 2 0 621 1587 2968 1637 288
6929 3 2 0 621 1632 298 1638 2967
6930 3 2 0 621 2967 1638 1639 2968
6931 3 2 0 621 2968 1639 299 1637
6932 3 2 0 622 289 1644 2969 1588
6933 3 2 0 622 1644 300 1640 2969
6934 3 2 0 622 1588 2969 2970 1589
6935 3 2 0 622 2969 1640 1641 2970
6936 3 2 0 622 1589 2970 2971 1590
6937 3 2 0 622 2970 1641 1642 2971
6938 3 2 0 622 1590 2971 2972 1591
6939 3 2 0 622 2971 1642 1643 2972
6940 3 2 0 622 1591 2972 1280 212
6941 3 2 0 622 2972 1643 223 1280
6942 3 2 0 623 299 1633 1640 300
6943 3 2 0 623 1633 1634 1641 1640
6944 3 2 0 623 1634 1635 1642 1641
6945 3 2 0 623 1635 1636 1643 1642
6946 3 2 0 623 1636 222 223 1643
6947 3 2 0 624 288 1637 1644 289
6948 3 2 0 624 1637 299 300 1644
6949 3 2 0 625 290 1649 2973 1592
6950 3 2 0 625 1649 301 1645 2973
6951 3 2 0 625 1592 2973 2974 1593
6952 3 2 0 625 2973 1645 1646 2974
6953 3 2 0 625 1593 2974 2975 1594
6954 3 2 0 625 2974 1646 1647 2975
6955 3 2 0 625 1594 2975 2976 1595
6956 3 2 0 625 2975 1647 1648 2976
6957 3 2 0 625 1595 2976 1284 213
6958 3 2 0 625 2976 1648 224 1284
6959 3 2 0 626 300 1640 2977 1650
6960 3 2 0 626 1640 1641 2978 2977
6961 3 2 0 626 1641 1642 2979 2978
6962 3 2 0 626 1642 1643 2980 2979
6963 3 2 0 626 1643 223 1285 2980
6964 3 2 0 626 1650 2977 1645 301
6965 3 2 0 626 2977 2978 1646 1645
6966 3 2 0 626 2978 2979 1647 1646
6967 3 2 0 626 2979 2980 1648 1647
6968 3 2 0 626 2980 1285 224 1648
6969 3 2 0 627 289 1644 2981 1596
6970 3 2 0 627 1596 2981 1649 290
6971 3 2 0 627 1644 300 1650 2981
6972 3 2 0 627 2981 1650 301 1649
6973 3 2 0 628 291 1655 2982 1597
6974 3 2 0 628 1655 302 1651 2982
6975 3 2 0 628 1597 2982 2983 1598
6976 3 2 0 628 2982 1651 1652 2983
6977 3 2 0 628 1598 2983 2984 1599
6978 3 2 0 628 2983 1652 1653 2984
6979 3 2 0 628 1599 2984 2985 1600
6980 3 2 0 628 2984 1653 1654 2985
6981 3 2 0 628 1600 2985 1289 214
6982 3 2 0 628 2985 1654 225 1289
6983 3 2 0 629 301 1645 1651 302
6984 3 2 0 629 1645 1646 1652 1651
6985 3 2 0 629 1646 1647 1653 1652
6986 3 2 0 629 1647 1648 1654 1653
6987 3 2 0 629 1648 224 225 1654
6988 3 2 0 630 290 1649 1655 291
6989 3 2 0 630 1649 301 302 1655
6990 3 2 0 631 292 1660 2986 1601
6991 3 2 0 631 1660 303 1656 2986
6992 3 2 0 631 1601 2986 2987 1602
6993 3 2 0 631 2986 1656 1657 2987
6994 3 2 0 631 1602 2987 2988 1603
6995 3 2 0 631 2987 1657 1658 2988
6996 3 2 0 631 1603 2988 2989 1604
6997 3 2 0 631 2988 1658 1659 2989
6998 3 2 0 631 1604 2989 1293 215
6999 3 2 0 631 2989 1659 226 1293
7000 3 2 0 632 302 1651 1656 303
7001 3 2 0 632 1651 1652 1657 1656
7002 3 2 0 632 1652 1653 1658 1657
7003 3 2 0 632 1653 1654 1659 1658
7004 3 2 0 632 1654 225 226 1659
7005 3 2 0 633 291 1655 1660 292
7006 3 2 0 633 1655 302 303 1660
7007 3 2 0 634 293 1665 2990 1605
7008 3 2 0 634 1665 304 1661 2990
7009 3 2 0 634 1605 2990 2991 1606
7010 3 2 0 634 2990 1661 1662 2991
7011 3 2 0 634 1606 2991 2992 1607
7012 3 2 0 634 2991 1662 1663 2992
7013 3 2 0 634 1607 2992 2993 1608
7014 3 2 0 634 2992 1663 1664 2993
7015 3 2 0 634 1608 2993 1297 216
7016 3 2 0 634 2993 1664 227 1297
7017 3 2 0 635 303 1656 1661 304
7018 3 2 0 635 1656 1657 1662 1661
7019 3 2 0 635 1657 1658 1663 1662
7020 3 2 0 635 1658 1659 1664 1663
7021 3 2 0 635 1659 226 227 1664
7022 3 2 0 636 292 1660 1665 293
7023 3 2 0 636 1660 303 304 1665
7024 3 2 0 637 294 1670 2994 1609
7025 3 2 0 637 1670 305 1666 2994
7026 3 2 0 637 1609 2994 2995 1610
7027 3 2 0 637 2994 1666 1667 2995
7028 3 2 0 637 1610 2995 2996 1611
7029 3 2 0 637 2995 1667 1668 2996
7030 3 2 0 637 1611 2996 2997 1612
7031 3 2 0 637 2996 1668 1669 2997
7032 3 2 0 637 1612 2997 1301 217
7033 3 2 0 637 2997 1669 228 1301
7034 3 2 0 638 304 1661 1666 305
7035 3 2 0 638 1661 1662 1667 1666
7036 3 2 0 638 1662 1663 1668 1667
7037 3 2 0 638 1663 1664 1669 1668
7038 3 2 0 638 1664 227 228 1669
7039 3 2 0 639 293 1665 1670 294
7040 3 2 0 639 1665 304 305 1670
7041 3 2 0 640 295 1675 2998 1613
7042 3 2 0 640 1675 306 1671 2998
7043 3 2 0 640 1613 2998 2999 1614
7044 3 2 0 640 2998 1671 1672 2999
7045 3 2 0 640 1614 2999 3000 1615
7046 3 2 0 640 2999 1672 1673 3000
7047 3 2 0 640 1615 3000 3001 1616
7048 3 2 0 640 3000 1673 1674 3001
7049 3 2 0 640 1616 3001 1305 218
7050 3 2 0 640 3001 1674 229 1305
7051 3 2 0 641 305 1666 3002 1676
7052 3 2 0 641 1666 1667 3003 3002
7053 3 2 0 641 1667 1668 3004 3003
7054 3 2 0 641 1668 1669 3005 3004
7055 3 2 0 641 1669 228 1306 3005
7056 3 2 0 641 1676 3002 1671 306
7057 3 2 0 641 3002 3003 1672 1671
7058 3 2 0 641 3003 3004 1673 1672
7059 3 2 0 641 3004 3005 1674 1673
7060 3 2 0 641 3005 1306 229 1674
7061 3 2 0 642 294 1670 3006 1617
7062 3 2 0 642 1617 3006 1675 295
7063 3 2 0 642 1670 305 1676 3006
7064 3 2 0 642 3006 1676 306 1675
7065 3 2 0 643 296 1681 3007 1618
7066 3 2 0 643 1681 307 1677 3007
7067 3 2 0 643 1618 3007 3008 1619
7068 3 2 0 643 3007 1677 1678 3008
7069 3 2 0 643 1619 3008 3009 1620
7070 3 2 0 643 3008 1678 1679 3009
7071 3 2 0 643 1620 3009 3010 1621
7072 3 2 0 643 3009 1679 1680 3010
7073 3 2 0 643 1621 3010 1310 219
7074 3 2 0 643 3010 1680 230 1310
7075 3 2 0 644 306 1671 1677 307
7076 3 2 0 644 1671 1672 1678 1677
7077 3 2 0 644 1672 1673 1679 1678
7078 3 2 0 644 1673 1674 1680 1679
7079 3 2 0 644 1674 229 230 1680
7080 3 2 0 645 295 1675 1681 296
7081 3 2 0 645 1675 306 307 1681
7082 3 2 0 646 297 1686 3011 1622
7083 3 2 0 646 1686 308 1682 3011
7084 3 2 0 646 1622 3011 3012 1623
7085 3 2 0 646 3011 1682 1683 3012
7086 3 2 0 646 1623 3012 3013 1624
7087 3 2 0 646 3012 1683 1684 3013
7088 3 2 0 646 1624 3013 3014 1625
7089 3 2 0 646 3013 1684 1685 3014
7090 3 2 0 646 1625 3014 1314 220
7091 3 2 0 646 3014 1685 231 1314
7092 3 2 0 647 307 1677 3015 1687
7093 3 2 0 647 1677 1678 3016 3015
7094 3 2 0 647 1678 1679 3017 3016
7095 3 2 0 647 1679 1680 3018 3017
7096 3 2 0 647 1680 230 1315 3018
7097 3 2 0 647 1687 3015 3019 1688
7098 3 2 0 647 3015 3016 3020 3019
7099 3 2 0 647 3016 3017 3021 3020
7100 3 2 0 647 3017 3018 3022 3021
7101 3 2 0 647 3018 1315 1316 3022
7102 3 2 0 647 1688 3019 1682 308
7103 3 2 0 647 3019 3020 1683 1682
7104 3 2 0 647 3020 3021 1684 1683
7105 3 2 0 647 3021 3022 1685 1684
7106 3 2 0 647 3022 1316 231 1685
7107 3 2 0 648 296 1681 3023 1626
7108 3 2 0 648 1626 3023 3024 1627
7109 3 2 0 648 1627 3024 1686 297
7110 3 2 0 648 1681 307 1687 3023
7111 3 2 0 648 3023 1687 1688 3024
7112 3 2 0 648 3024 1688 308 1686
7113 3 2 0 649 232 1325 1689 309
7114 3 2 0 649 1325 233 310 1689
7115 3 2 0 650 233 1337 1690 310
7116 3 2 0 650 1337 1338 1691 1690
7117 3 2 0 650 1338 235 311 1691
7118 3 2 0 651 234 312 1692 1334
7119 3 2 0 651 1334 1692 311 235
7120 3 2 0 652 232 309 1693 1335
7121 3 2 0 652 1335 1693 1694 1336
7122 3 2 0 652 1336 1694 312 234
7123 3 2 0 653 309 1689 3025 1693
7124 3 2 0 653 1693 3025 3026 1694
7125 3 2 0 653 1694 3026 1692 312
7126 3 2 0 653 1689 310 1690 3025
7127 3 2 0 653 3025 1690 1691 3026
7128 3 2 0 653 3026 1691 311 1692
7129 3 2 0 654 235 237 313 311
7130 3 2 0 655 236 314 1695 1347
7131 3 2 0 655 1347 1695 313 237
7132 3 2 0 656 234 312 314 236
7133 3 2 0 657 312 1692 1695 314
7134 3 2 0 657 1692 311 313 1695
7135 3 2 0 658 237 1358 1696 313
7136 3 2 0 658 1358 239 315 1696
7137 3 2 0 659 238 316 1697 1356
7138 3 2 0 659 1356 1697 315 239
7139 3 2 0 660 236 314 1698 1357
7140 3 2 0 660 1357 1698 316 238
7141 3 2 0 661 314 1695 3027 1698
7142 3 2 0 661 1698 3027 1697 316
7143 3 2 0 661 1695 313 1696 3027
7144 3 2 0 661 3027 1696 315 1697
7145 3 2 0 662 239 241 317 315
7146 3 2 0 663 240 318 1699 1367
7147 3 2 0 663 1367 1699 317 241
7148 3 2 0 664 238 316 318 240
7149 3 2 0 665 316 1697 1699 318
7150 3 2 0 665 1697 315 317 1699
7151 3 2 0 666 241 243 319 317
7152 3 2 0 667 242 320 1700 1376
7153 3 2 0 667 1376 1700 319 243
7154 3 2 0 668 240 318 320 242
7155 3 2 0 669 318 1699 1700 320
7156 3 2 0 669 1699 317 319 1700
7157 3 2 0 670 243 245 321 319
7158 3 2 0 671 244 322 1701 1385
7159 3 2 0 671 1385 1701 321 245
7160 3 2 0 672 242 320 322 244
7161 3 2 0 673 320 1700 1701 322
7162 3 2 0 673 1700 319 321 1701
7163 3 2 0 674 245 247 323 321
7164 3 2 0 675 246 324 1702 1394
7165 3 2 0 675 1394 1702 323 247
7166 3 2 0 676 244 322 324 246
7167 3 2 0 677 322 1701 1702 324
7168 3 2 0 677 1701 321 323 1702
7169 3 2 0 678 247 1405 1703 323
7170 3 2 0 678 1405 249 325 1703
7171 3 2 0 679 248 326 1704 1403
7172 3 2 0 679 1403 1704 325 249
7173 3 2 0 680 246 324 1705 1404
7174 3 2 0 680 1404 1705 326 248
7175 3 2 0 681 324 1702 3028 1705
7176 3 2 0 681 1705 3028 1704 326
7177 3 2 0 681 1702 323 1703 3028
7178 3 2 0 681 3028 1703 325 1704
7179 3 2 0 682 249 251 327 325
7180 3 2 0 683 250 328 1706 1414
7181 3 2 0 683 1414 1706 327 251
7182 3 2 0 684 248 326 328 250
7183 3 2 0 685 326 1704 1706 328
7184 3 2 0 685 1704 325 327 1706
7185 3 2 0 686 251 1426 1707 327
7186 3 2 0 686 1426 1427 1708 1707
7187 3 2 0 686 1427 253 329 1708
7188 3 2 0 687 252 330 1709 1423
7189 3 2 0 687 1423 1709 329 253
7190 3 2 0 688 250 328 1710 1424
7191 3 2 0 688 1424 1710 1711 1425
7192 3 2 0 688 1425 1711 330 252
7193 3 2 0 689 328 1706 3029 1710
7194 3 2 0 689 1710 3029 3030 1711
7195 3 2 0 689 1711 3030 1709 330
7196 3 2 0 689 1706 327 1707 3029
7197 3 2 0 689 3029 1707 1708 3030
7198 3 2 0 689 3030 1708 329 1709
7199 3 2 0 690 233 254 331 310
7200 3 2 0 691 254 1436 1712 331
7201 3 2 0 691 1436 1437 1713 1712
7202 3 2 0 691 1437 255 332 1713
7203 3 2 0 692 235 311 332 255
7204 3 2 0 693 310 331 1712 1690
7205 3 2 0 693 1690 1712 1713 1691
7206 3 2 0 693 1691 1713 332 311
7207 3 2 0 694 255 256 333 332
7208 3 2 0 695 237 313 333 256
7209 3 2 0 696 311 332 333 313
7210 3 2 0 697 256 1446 1714 333
7211 3 2 0 697 1446 257 334 1714
7212 3 2 0 698 239 315 334 257
7213 3 2 0 699 313 333 1714 1696
7214 3 2 0 699 1696 1714 334 315
7215 3 2 0 700 257 258 335 334
7216 3 2 0 701 241 317 335 258
7217 3 2 0 702 315 334 335 317
7218 3 2 0 703 258 259 336 335
7219 3 2 0 704 243 319 336 259
7220 3 2 0 705 317 335 336 319
7221 3 2 0 706 259 260 337 336
7222 3 2 0 707 245 321 337 260
7223 3 2 0 708 319 336 337 321
7224 3 2 0 709 260 261 338 337
7225 3 2 0 710 247 323 338 261
7226 3 2 0 711 321 337 338 323
7227 3 2 0 712 261 1467 1715 338
7228 3 2 0 712 1467 262 339 1715
7229 3 2 0 713 249 325 339 262
7230 3 2 0 714 323 338 1715 1703
7231 3 2 0 714 1703 1715 339 325
7232 3 2 0 715 262 263 340 339
7233 3 2 0 716 251 327 340 263
7234 3 2 0 717 325 339 340 327
7235 3 2 0 718 263 1476 1716 340
7236 3 2 0 718 1476 1477 1717 1716
7237 3 2 0 718 1477 264 341 1717
7238 3 2 0 719 253 329 341 264
7239 3 2 0 720 327 340 1716 1707
7240 3 2 0 720 1707 1716 1717 1708
7241 3 2 0 720 1708 1717 341 329
7242 3 2 0 721 254 265 342 331
7243 3 2 0 722 265 1486 1718 342
7244 3 2 0 722 1486 1487 1719 1718
7245 3 2 0 722 1487 266 343 1719
7246 3 2 0 723 255 332 343 266
7247 3 2 0 724 331 342 1718 1712
7248 3 2 0 724 1712 1718 1719 1713
7249 3 2 0 724 1713 1719 343 332
7250 3 2 0 725 266 267 344 343
7251 3 2 0 726 256 333 344 267
7252 3 2 0 727 332 343 344 333
7253 3 2 0 728 267 1496 1720 344
7254 3 2 0 728 1496 268 345 1720
7255 3 2 0 729 257 334 345 268
7256 3 2 0 730 333 344 1720 1714
7257 3 2 0 730 1714 1720 345 334
7258 3 2 0 731 268 269 346 345
7259 3 2 0 732 258 335 346 269
7260 3 2 0 733 334 345 346 335
7261 3 2 0 734 269 270 347 346
7262 3 2 0 735 259 336 347 270
7263 3 2 0 736 335 346 347 336
7264 3 2 0 737 270 271 348 347
7265 3 2 0 738 260 337 348 271
7266 3 2 0 739 336 347 348 337
7267 3 2 0 740 271 272 349 348
7268 3 2 0 741 261 338 349 272
7269 3 2 0 742 337 348 349 338
7270 3 2 0 743 272 1517 1721 349
7271 3 2 0 743 1517 273 350 1721
7272 3 2 0 744 262 339 350 273
7273 3 2 0 745 338 349 1721 1715
7274 3 2 0 745 1715 1721 350 339
7275 3 2 0 746 273 274 351 350
7276 3 2 0 747 263 340 351 274
7277 3 2 0 748 339 350 351 340
7278 3 2 0 749 274 1526 1722 351
7279 3 2 0 749 1526 1527 1723 1722
7280 3 2 0 749 1527 275 352 1723
7281 3 2 0 750 264 341 352 275
7282 3 2 0 751 340 351 1722 1716
7283 3 2 0 751 1716 1722 1723 1717
7284 3 2 0 751 1717 1723 352 341
7285 3 2 0 752 265 276 353 342
7286 3 2 0 753 276 1536 1724 353
7287 3 2 0 753 1536 1537 1725 1724
7288 3 2 0 753 1537 277 354 1725
7289 3 2 0 754 266 343 354 277
7290 3 2 0 755 342 353 1724 1718
7291 3 2 0 755 1718 1724 1725 1719
7292 3 2 0 755 1719 1725 354 343
7293 3 2 0 756 277 278 355 354
7294 3 2 0 757 267 344 355 278
7295 3 2 0 758 343 354 355 344
7296 3 2 0 759 278 1546 1726 355
7297 3 2 0 759 1546 279 356 1726
7298 3 2 0 760 268 345 356 279
7299 3 2 0 761 344 355 1726 1720
7300 3 2 0 761 1720 1726 356 345
7301 3 2 0 762 279 280 357 356
7302 3 2 0 763 269 346 357 280
7303 3 2 0 764 345 356 357 346
7304 3 2 0 765 280 281 358 357
7305 3 2 0 766 270 347 358 281
7306 3 2 0 767 346 357 358 347
7307 3 2 0 768 281 282 359 358
7308 3 2 0 769 271 348 359 282
7309 3 2 0 770 347 358 359 348
7310 3 2 0 771 282 283 360 359
7311 3 2 0 772 272 349 360 283
7312 3 2 0 773 348 359 360 349
7313 3 2 0 774 283 1567 1727 360
7314 3 2 0 774 1567 284 361 1727
7315 3 2 0 775 273 350 361 284
7316 3 2 0 776 349 360 1727 1721
7317 3 2 0 776 1721 1727 361 350
7318 3 2 0 777 284 285 362 361
7319 3 2 0 778 274 351 362 285
7320 3 2 0 779 350 361 362 351
7321 3 2 0 780 285 1576 1728 362
7322 3 2 0 780 1576 1577 1729 1728
7323 3 2 0 780 1577 286 363 1729
7324 3 2 0 781 275 352 363 286
7325 3 2 0 782 351 362 1728 1722
7326 3 2 0 782 1722 1728 1729 1723
7327 3 2 0 782 1723 1729 363 352
7328 3 2 0 783 276 287 364 353
7329 3 2 0 784 287 1586 1730 364
7330 3 2 0 784 1586 1587 1731 1730
7331 3 2 0 784 1587 288 365 1731
7332 3 2 0 785 277 354 365 288
7333 3 2 0 786 353 364 1730 1724
7334 3 2 0 786 1724 1730 1731 1725
7335 3 2 0 786 1725 1731 365 354
7336 3 2 0 787 288 289 366 365
7337 3 2 0 788 278 355 366 289
7338 3 2 0 789 354 365 366 355
7339 3 2 0 790 289 1596 1732 366
7340 3 2 0 790 1596 290 367 1732
7341 3 2 0 791 279 356 367 290
7342 3 2 0 792 355 366 1732 1726
7343 3 2 0 792 1726 1732 367 356
7344 3 2 0 793 290 291 368 367
7345 3 2 0 794 280 357 368 291
7346 3 2 0 795 356 367 368 357
7347 3 2 0 796 291 292 369 368
7348 3 2 0 797 281 358 369 292
7349 3 2 0 798 357 368 369 358
7350 3 2 0 799 292 293 370 369
7351 3 2 0 800 282 359 370 293
7352 3 2 0 801 358 369 370 359
7353 3 2 0 802 293 294 371 370
7354 3 2 0 803 283 360 371 294
7355 3 2 0 804 359 370 371 360
7356 3 2 0 805 294 1617 1733 371
7357 3 2 0 805 1617 295 372 1733
7358 3 2 0 806 284 361 372 295
7359 3 2 0 807 360 371 1733 1727
7360 3 2 0 807 1727 1733 372 361
7361 3 2 0 808 295 296 373 372
7362 3 2 0 809 285 362 373 296
7363 3 2 0 810 361 372 373 362
7364 3 2 0 811 296 1626 1734 373
7365 3 2 0 811 1626 1627 1735 1734
7366 3 2 0 811 1627 297 374 1735
7367 3 2 0 812 286 363 374 297
7368 3 2 0 813 362 373 1734 1728
7369 3 2 0 813 1728 1734 1735 1729
7370 3 2 0 813 1729 1735 374 363
7371 3 2 0 814 287 1632 1736 364
7372 3 2 0 814 1632 298 375 1736
7373 3 2 0 815 298 1638 1737 375
7374 3 2 0 815 1638 1639 1738 1737
7375 3 2 0 815 1639 299 376 1738
7376 3 2 0 816 288 365 1739 1637
7377 3 2 0 816 1637 1739 376 299
7378 3 2 0 817 364 1736 3031 1730
7379 3 2 0 817 1730 3031 3032 1731
7380 3 2 0 817 1731 3032 1739 365
7381 3 2 0 817 1736 375 1737 3031
7382 3 2 0 817 3031 1737 1738 3032
7383 3 2 0 817 3032 1738 376 1739
7384 3 2 0 818 299 300 377 376
7385 3 2 0 819 289 366 1740 1644
7386 3 2 0 819 1644 1740 377 300
7387 3 2 0 820 365 1739 1740 366
7388 3 2 0 820 1739 376 377 1740
7389 3 2 0 821 300 1650 1741 377
7390 3 2 0 821 1650 301 378 1741
7391 3 2 0 822 290 367 1742 1649
7392 3 2 0 822 1649 1742 378 301
7393 3 2 0 823 366 1740 3033 1732
7394 3 2 0 823 1732 3033 1742 367
7395 3 2 0 823 1740 377 1741 3033
7396 3 2 0 823 3033 1741 378 1742
7397 3 2 0 824 301 302 379 378
7398 3 2 0 825 291 368 1743 1655
7399 3 2 0 825 1655 1743 379 302
7400 3 2 0 826 367 1742 1743 368
7401 3 2 0 826 1742 378 379 1743
7402 3 2 0 827 302 303 380 379
7403 3 2 0 828 292 369 1744 1660
7404 3 2 0 828 1660 1744 380 303
7405 3 2 0 829 368 1743 1744 369
7406 3 2 0 829 1743 379 380 1744
7407 3 2 0 830 303 304 381 380
7408 3 2 0 831 293 370 1745 1665
7409 3 2 0 831 1665 1745 381 304
7410 3 2 0 832 369 1744 1745 370
7411 3 2 0 832 1744 380 381 1745
7412 3 2 0 833 304 305 382 381
7413 3 2 0 834 294 371 1746 1670
7414 3 2 0 834 1670 1746 382 305
7415 3 2 0 835 370 1745 1746 371
7416 3 2 0 835 1745 381 382 1746
7417 3 2 0 836 305 1676 1747 382
7418 3 2 0 836 1676 306 383 1747
7419 3 2 0 837 295 372 1748 1675
7420 3 2 0 837 1675 1748 383 306
7421 3 2 0 838 371 1746 3034 1733
7422 3 2 0 838 1733 3034 1748 372
7423 3 2 0 838 1746 382 1747 3034
7424 3 2 0 838 3034 1747 383 1748
7425 3 2 0 839 306 307 384 383
7426 3 2 0 840 296 373 1749 1681
7427 3 2 0 840 1681 1749 384 307
7428 3 2 0 841 372 1748 1749 373
7429 3 2 0 841 1748 383 384 1749
7430 3 2 0 842 307 1687 1750 384
7431 3 2 0 842 1687 1688 1751 1750
7432 3 2 0 842 1688 308 385 1751
7433 3 2 0 843 297 374 1752 1686
7434 3 2 0 843 1686 1752 385 308
7435 3 2 0 844 373 1749 3035 1734
7436 3 2 0 844 1734 3035 3036 1735
7437 3 2 0 844 1735 3036 1752 374
7438 3 2 0 844 1749 384 1750 3035
7439 3 2 0 844 3035 1750 1751 3036
7440 3 2 0 844 3036 1751 385 1752
7441 3 2 0 845 1 586 1753 386
7442 3 2 0 845 586 587 1754 1753
7443 3 2 0 845 587 588 1755 1754
7444 3 2 0 845 588 589 1756 1755
7445 3 2 0 845 589 2 387 1756
7446 3 2 0 846 2 590 1757 387
7447 3 2 0 846 590 3 388 1757
7448 3 2 0 847 4 389 1758 591
7449 3 2 0 847 591 1758 1759 592
7450 3 2 0 847 592 1759 1760 593
7451 3 2 0 847 593 1760 1761 594
7452 3 2 0 847 594 1761 388 3
7453 3 2 0 848 1 386 1762 595
7454 3 2 0 848 595 1762 389 4
7455 3 2 0 849 386 1753 3037 1762
7456 3 2 0 849 1762 3037 1758 389
7457 3 2 0 849 1753 1754 3038 3037
7458 3 2 0 849 3037 3038 1759 1758
7459 3 2 0 849 1754 1755 3039 3038
7460 3 2 0 849 3038 3039 1760 1759
7461 3 2 0 849 1755 1756 3040 3039
7462 3 2 0 849 3039 3040 1761 1760
7463 3 2 0 849 1756 387 1757 3040
7464 3 2 0 849 3040 1757 388 1761
7465 3 2 0 850 3 45 390 388
7466 3 2 0 851 46 391 1763 720
7467 3 2 0 851 720 1763 1764 721
7468 3 2 0 851 721 1764 1765 722
7469 3 2 0 851 722 1765 1766 723
7470 3 2 0 851 723 1766 390 45
7471 3 2 0 852 4 389 391 46
7472 3 2 0 853 389 1758 1763 391
7473 3 2 0 853 1758 1759 1764 1763
7474 3 2 0 853 1759 1760 1765 1764
7475 3 2 0 853 1760 1761 1766 1765
7476 3 2 0 853 1761 388 390 1766
7477 3 2 0 854 45 67 392 390
7478 3 2 0 855 68 393 1767 776
7479 3 2 0 855 776 1767 1768 777
7480 3 2 0 855 777 1768 1769 778
7481 3 2 0 855 778 1769 1770 779
7482 3 2 0 855 779 1770 392 67
7483 3 2 0 856 46 391 393 68
7484 3 2 0 857 391 1763 1767 393
7485 3 2 0 857 1763 1764 1768 1767
7486 3 2 0 857 1764 1765 1769 1768
7487 3 2 0 857 1765 1766 1770 1769
7488 3 2 0 857 1766 390 392 1770
7489 3 2 0 858 67 89 394 392
7490 3 2 0 859 90 395 1771 832
7491 3 2 0 859 832 1771 1772 833
7492 3 2 0 859 833 1772 1773 834
7493 3 2 0 859 834 1773 1774 835
7494 3 2 0 859 835 1774 394 89
7495 3 2 0 860 68 393 395 90
7496 3 2 0 861 393 1767 1771 395
7497 3 2 0 861 1767 1768 1772 1771
7498 3 2 0 861 1768 1769 1773 1772
7499 3 2 0 861 1769 1770 1774 1773
7500 3 2 0 861 1770 392 394 1774
7501 3 2 0 862 89 111 396 394
7502 3 2 0 863 112 397 1775 888
7503 3 2 0 863 888 1775 1776 889
7504 3 2 0 863 889 1776 1777 890
7505 3 2 0 863 890 1777 1778 891
7506 3 2 0 863 891 1778 396 111
7507 3 2 0 864 90 395 397 112
7508 3 2 0 865 395 1771 1775 397
7509 3 2 0 865 1771 1772 1776 1775
7510 3 2 0 865 1772 1773 1777 1776
7511 3 2 0 865 1773 1774 1778 1777
7512 3 2 0 865 1774 394 396 1778
7513 3 2 0 866 111 944 1779 396
7514 3 2 0 866 944 133 398 1779
7515 3 2 0 867 134 399 1780 945
7516 3 2 0 867 945 1780 1781 946
7517 3 2 0 867 946 1781 1782 947
7518 3 2 0 867 947 1782 1783 948
7519 3 2 0 867 948 1783 398 133
7520 3 2 0 868 112 397 1784 949
7521 3 2 0 868 949 1784 399 134
7522 3 2 0 869 397 1775 3041 1784
7523 3 2 0 869 1784 3041 1780 399
7524 3 2 0 869 1775 1776 3042 3041
7525 3 2 0 869 3041 3042 1781 1780
7526 3 2 0 869 1776 1777 3043 3042
7527 3 2 0 869 3042 3043 1782 1781
7528 3 2 0 869 1777 1778 3044 3043
7529 3 2 0 869 3043 3044 1783 1782
7530 3 2 0 869 1778 396 1779 3044
7531 3 2 0 869 3044 1779 398 1783
7532 3 2 0 870 155 1022 1785 400
7533 3 2 0 870 1022 1023 1786 1785
7534 3 2 0 870 1023 1024 1787 1786
7535 3 2 0 870 1024 1 386 1787
7536 3 2 0 871 156 401 1788 1025
7537 3 2 0 871 1025 1788 1789 1026
7538 3 2 0 871 1026 1789 1790 1027
7539 3 2 0 871 1027 1790 389 4
7540 3 2 0 872 155 400 1791 1028
7541 3 2 0 872 1028 1791 401 156
7542 3 2 0 873 400 1785 3045 1791
7543 3 2 0 873 1791 3045 1788 401
7544 3 2 0 873 1785 1786 3046 3045
7545 3 2 0 873 3045 3046 1789 1788
7546 3 2 0 873 1786 1787 3047 3046
7547 3 2 0 873 3046 3047 1790 1789
7548 3 2 0 873 1787 386 1762 3047
7549 3 2 0 873 3047 1762 389 1790
7550 3 2 0 874 177 402 1792 1111
7551 3 2 0 874 1111 1792 1793 1112
7552 3 2 0 874 1112 1793 1794 1113
7553 3 2 0 874 1113 1794 391 46
7554 3 2 0 875 156 401 402 177
7555 3 2 0 876 401 1788 1792 402
7556 3 2 0 876 1788 1789 1793 1792
7557 3 2 0 876 1789 1790 1794 1793
7558 3 2 0 876 1790 389 391 1794
7559 3 2 0 877 188 403 1795 1150
7560 3 2 0 877 1150 1795 1796 1151
7561 3 2 0 877 1151 1796 1797 1152
7562 3 2 0 877 1152 1797 393 68
7563 3 2 0 878 177 402 403 188
7564 3 2 0 879 402 1792 1795 403
7565 3 2 0 879 1792 1793 1796 1795
7566 3 2 0 879 1793 1794 1797 1796
7567 3 2 0 879 1794 391 393 1797
7568 3 2 0 880 199 404 1798 1189
7569 3 2 0 880 1189 1798 1799 1190
7570 3 2 0 880 1190 1799 1800 1191
7571 3 2 0 880 1191 1800 395 90
7572 3 2 0 881 188 403 404 199
7573 3 2 0 882 403 1795 1798 404
7574 3 2 0 882 1795 1796 1799 1798
7575 3 2 0 882 1796 1797 1800 1799
7576 3 2 0 882 1797 393 395 1800
7577 3 2 0 883 210 405 1801 1228
7578 3 2 0 883 1228 1801 1802 1229
7579 3 2 0 883 1229 1802 1803 1230
7580 3 2 0 883 1230 1803 397 112
7581 3 2 0 884 199 404 405 210
7582 3 2 0 885 404 1798 1801 405
7583 3 2 0 885 1798 1799 1802 1801
7584 3 2 0 885 1799 1800 1803 1802
7585 3 2 0 885 1800 395 397 1803
7586 3 2 0 886 221 406 1804 1267
7587 3 2 0 886 1267 1804 1805 1268
7588 3 2 0 886 1268 1805 1806 1269
7589 3 2 0 886 1269 1806 399 134
7590 3 2 0 887 210 405 1807 1270
7591 3 2 0 887 1270 1807 406 221
7592 3 2 0 888 405 1801 3048 1807
7593 3 2 0 888 1807 3048 1804 406
7594 3 2 0 888 1801 1802 3049 3048
7595 3 2 0 888 3048 3049 1805 1804
7596 3 2 0 888 1802 1803 3050 3049
7597 3 2 0 888 3049 3050 1806 1805
7598 3 2 0 888 1803 397 1784 3050
7599 3 2 0 888 3050 1784 399 1806
7600 3 2 0 908 41 407 1808 702
7601 3 2 0 908 702 1808 1809 703
7602 3 2 0 908 703 1809 1810 704
7603 3 2 0 908 704 1810 1811 705
7604 3 2 0 908 705 1811 408 42
7605 3 2 0 909 42 408 1812 706
7606 3 2 0 909 706 1812 409 43
7607 3 2 0 910 44 707 1813 410
7608 3 2 0 910 707 708 1814 1813
7609 3 2 0 910 708 709 1815 1814
7610 3 2 0 910 709 710 1816 1815
7611 3 2 0 910 710 43 409 1816
7612 3 2 0 911 41 711 1817 407
7613 3 2 0 911 711 44 410 1817
7614 3 2 0 912 407 1817 3051 1808
7615 3 2 0 912 1817 410 1813 3051
7616 3 2 0 912 1808 3051 3052 1809
7617 3 2 0 912 3051 1813 1814 3052
7618 3 2 0 912 1809 3052 3053 1810
7619 3 2 0 912 3052 1814 1815 3053
7620 3 2 0 912 1810 3053 3054 1811
7621 3 2 0 912 3053 1815 1816 3054
7622 3 2 0 912 1811 3054 1812 408
7623 3 2 0 912 3054 1816 409 1812
7624 3 2 0 913 43 409 411 65
7625 3 2 0 914 66 768 1818 412
7626 3 2 0 914 768 769 1819 1818
7627 3 2 0 914 769 770 1820 1819
7628 3 2 0 914 770 771 1821 1820
7629 3 2 0 914 771 65 411 1821
7630 3 2 0 915 44 66 412 410
7631 3 2 0 916 410 412 1818 1813
7632 3 2 0 916 1813 1818 1819 1814
7633 3 2 0 916 1814 1819 1820 1815
7634 3 2 0 916 1815 1820 1821 1816
7635 3 2 0 916 1816 1821 411 409
7636 3 2 0 917 65 411 413 87
7637 3 2 0 918 88 824 1822 414
7638 3 2 0 918 824 825 1823 1822
7639 3 2 0 918 825 826 1824 1823
7640 3 2 0 918 826 827 1825 1824
7641 3 2 0 918 827 87 413 1825
7642 3 2 0 919 66 88 414 412
7643 3 2 0 920 412 414 1822 1818
7644 3 2 0 920 1818 1822 1823 1819
7645 3 2 0 920 1819 1823 1824 1820
7646 3 2 0 920 1820 1824 1825 1821
7647 3 2 0 920 1821 1825 413 411
7648 3 2 0 921 87 413 415 109
7649 3 2 0 922 110 880 1826 416
7650 3 2 0 922 880 881 1827 1826
7651 3 2 0 922 881 882 1828 1827
7652 3 2 0 922 882 883 1829 1828
7653 3 2 0 922 883 109 415 1829
7654 3 2 0 923 88 110 416 414
7655 3 2 0 924 414 416 1826 1822
7656 3 2 0 924 1822 1826 1827 1823
7657 3 2 0 924 1823 1827 1828 1824
7658 3 2 0 924 1824 1828 1829 1825
7659 3 2 0 924 1825 1829 415 413
7660 3 2 0 925 109 415 417 131
7661 3 2 0 926 132 936 1830 418
7662 3 2 0 926 936 937 1831 1830
7663 3 2 0 926 937 938 1832 1831
7664 3 2 0 926 938 939 1833 1832
7665 3 2 0 926 939 131 417 1833
7666 3 2 0 927 110 132 418 416
7667 3 2 0 928 416 418 1830 1826
7668 3 2 0 928 1826 1830 1831 1827
7669 3 2 0 928 1827 1831 1832 1828
7670 3 2 0 928 1828 1832 1833 1829
7671 3 2 0 928 1829 1833 417 415
7672 3 2 0 929 131 417 1834 1012
7673 3 2 0 929 1012 1834 419 153
7674 3 2 0 930 154 1013 1835 420
7675 3 2 0 930 1013 1014 1836 1835
7676 3 2 0 930 1014 1015 1837 1836
7677 3 2 0 930 1015 1016 1838 1837
7678 3 2 0 930 1016 153 419 1838
7679 3 2 0 931 132 1017 1839 418
7680 3 2 0 931 1017 154 420 1839
7681 3 2 0 932 418 1839 3055 1830
7682 3 2 0 932 1839 420 1835 3055
7683 3 2 0 932 1830 3055 3056 1831
7684 3 2 0 932 3055 1835 1836 3056
7685 3 2 0 932 1831 3056 3057 1832
7686 3 2 0 932 3056 1836 1837 3057
7687 3 2 0 932 1832 3057 3058 1833
7688 3 2 0 932 3057 1837 1838 3058
7689 3 2 0 932 1833 3058 1834 417
7690 3 2 0 932 3058 1838 419 1834
7691 3 2 0 933 175 421 1840 1100
7692 3 2 0 933 1100 1840 1841 1101
7693 3 2 0 933 1101 1841 1842 1102
7694 3 2 0 933 1102 1842 407 41
7695 3 2 0 934 176 1103 1843 422
7696 3 2 0 934 1103 1104 1844 1843
7697 3 2 0 934 1104 1105 1845 1844
7698 3 2 0 934 1105 44 410 1845
7699 3 2 0 935 175 1106 1846 421
7700 3 2 0 935 1106 176 422 1846
7701 3 2 0 936 421 1846 3059 1840
7702 3 2 0 936 1846 422 1843 3059
7703 3 2 0 936 1840 3059 3060 1841
7704 3 2 0 936 3059 1843 1844 3060
7705 3 2 0 936 1841 3060 3061 1842
7706 3 2 0 936 3060 1844 1845 3061
7707 3 2 0 936 1842 3061 1817 407
7708 3 2 0 936 3061 1845 410 1817
7709 3 2 0 937 187 1145 1847 423
7710 3 2 0 937 1145 1146 1848 1847
7711 3 2 0 937 1146 1147 1849 1848
7712 3 2 0 937 1147 66 412 1849
7713 3 2 0 938 176 187 423 422
7714 3 2 0 939 422 423 1847 1843
7715 3 2 0 939 1843 1847 1848 1844
7716 3 2 0 939 1844 1848 1849 1845
7717 3 2 0 939 1845 1849 412 410
7718 3 2 0 940 198 1184 1850 424
7719 3 2 0 940 1184 1185 1851 1850
7720 3 2 0 940 1185 1186 1852 1851
7721 3 2 0 940 1186 88 414 1852
7722 3 2 0 941 187 198 424 423
7723 3 2 0 942 423 424 1850 1847
7724 3 2 0 942 1847 1850 1851 1848
7725 3 2 0 942 1848 1851 1852 1849
7726 3 2 0 942 1849 1852 414 412
7727 3 2 0 943 209 1223 1853 425
7728 3 2 0 943 1223 1224 1854 1853
7729 3 2 0 943 1224 1225 1855 1854
7730 3 2 0 943 1225 110 416 1855
7731 3 2 0 944 198 209 425 424
7732 3 2 0 945 424 425 1853 1850
7733 3 2 0 945 1850 1853 1854 1851
7734 3 2 0 945 1851 1854 1855 1852
7735 3 2 0 945 1852 1855 416 414
7736 3 2 0 946 220 1262 1856 426
7737 3 2 0 946 1262 1263 1857 1856
7738 3 2 0 946 1263 1264 1858 1857
7739 3 2 0 946 1264 132 418 1858
7740 3 2 0 947 209 220 426 425
7741 3 2 0 948 425 426 1856 1853
7742 3 2 0 948 1853 1856 1857 1854
7743 3 2 0 948 1854 1857 1858 1855
7744 3 2 0 948 1855 1858 418 416
7745 3 2 0 949 231 1311 1859 427
7746 3 2 0 949 1311 1312 1860 1859
7747 3 2 0 949 1312 1313 1861 1860
7748 3 2 0 949 1313 154 420 1861
7749 3 2 0 950 220 1314 1862 426
7750 3 2 0 950 1314 231 427 1862
7751 3 2 0 951 426 1862 3062 1856
7752 3 2 0 951 1862 427 1859 3062
7753 3 2 0 951 1856 3062 3063 1857
7754 3 2 0 951 3062 1859 1860 3063
7755 3 2 0 951 1857 3063 3064 1858
7756 3 2 0 951 3063 1860 1861 3064
7757 3 2 0 951 1858 3064 1839 418
7758 3 2 0 951 3064 1861 420 1839
7759 3 2 0 972 5 596 1863 428
7760 3 2 0 972 596 597 1864 1863
7761 3 2 0 972 597 598 1865 1864
7762 3 2 0 972 598 599 1866 1865
7763 3 2 0 972 599 6 429 1866
7764 3 2 0 976 5 9 430 428
7765 3 2 0 977 9 614 1867 430
7766 3 2 0 977 614 615 1868 1867
7767 3 2 0 977 615 616 1869 1868
7768 3 2 0 977 616 617 1870 1869
7769 3 2 0 977 617 10 431 1870
7770 3 2 0 978 6 429 431 10
7771 3 2 0 979 428 430 1867 1863
7772 3 2 0 979 1863 1867 1868 1864
7773 3 2 0 979 1864 1868 1869 1865
7774 3 2 0 979 1865 1869 1870 1866
7775 3 2 0 979 1866 1870 431 429
7776 3 2 0 980 9 634 1871 430
7777 3 2 0 980 634 13 432 1871
7778 3 2 0 981 13 624 1872 432
7779 3 2 0 981 624 625 1873 1872
7780 3 2 0 981 625 626 1874 1873
7781 3 2 0 981 626 627 1875 1874
7782 3 2 0 981 627 14 433 1875
7783 3 2 0 982 10 431 1876 635
7784 3 2 0 982 635 1876 433 14
7785 3 2 0 983 430 1871 3065 1867
7786 3 2 0 983 1867 3065 3066 1868
7787 3 2 0 983 1868 3066 3067 1869
7788 3 2 0 983 1869 3067 3068 1870
7789 3 2 0 983 1870 3068 1876 431
7790 3 2 0 983 1871 432 1872 3065
7791 3 2 0 983 3065 1872 1873 3066
7792 3 2 0 983 3066 1873 1874 3067
7793 3 2 0 983 3067 1874 1875 3068
7794 3 2 0 983 3068 1875 433 1876
7795 3 2 0 984 13 17 434 432
7796 3 2 0 985 17 638 1877 434
7797 3 2 0 985 638 639 1878 1877
7798 3 2 0 985 639 640 1879 1878
7799 3 2 0 985 640 641 1880 1879
7800 3 2 0 985 641 18 435 1880
7801 3 2 0 986 14 433 435 18
7802 3 2 0 987 432 434 1877 1872
7803 3 2 0 987 1872 1877 1878 1873
7804 3 2 0 987 1873 1878 1879 1874
7805 3 2 0 987 1874 1879 1880 1875
7806 3 2 0 987 1875 1880 435 433
7807 3 2 0 988 17 21 436 434
7808 3 2 0 989 21 648 1881 436
7809 3 2 0 989 648 649 1882 1881
7810 3 2 0 989 649 650 1883 1882
7811 3 2 0 989 650 651 1884 1883
7812 3 2 0 989 651 22 437 1884
7813 3 2 0 990 18 435 437 22
7814 3 2 0 991 434 436 1881 1877
7815 3 2 0 991 1877 1881 1882 1878
7816 3 2 0 991 1878 1882 1883 1879
7817 3 2 0 991 1879 1883 1884 1880
7818 3 2 0 991 1880 1884 437 435
7819 3 2 0 992 21 25 438 436
7820 3 2 0 993 25 658 1885 438
7821 3 2 0 993 658 659 1886 1885
7822 3 2 0 993 659 660 1887 1886
7823 3 2 0 993 660 661 1888 1887
7824 3 2 0 993 661 26 439 1888
7825 3 2 0 994 22 437 439 26
7826 3 2 0 995 436 438 1885 1881
7827 3 2 0 995 1881 1885 1886 1882
7828 3 2 0 995 1882 1886 1887 1883
7829 3 2 0 995 1883 1887 1888 1884
7830 3 2 0 995 1884 1888 439 437
7831 3 2 0 996 25 29 440 438
7832 3 2 0 997 29 668 1889 440
7833 3 2 0 997 668 669 1890 1889
7834 3 2 0 997 669 670 1891 1890
7835 3 2 0 997 670 671 1892 1891
7836 3 2 0 997 671 30 441 1892
7837 3 2 0 998 26 439 441 30
7838 3 2 0 999 438 440 1889 1885
7839 3 2 0 999 1885 1889 1890 1886
7840 3 2 0 999 1886 1890 1891 1887
7841 3 2 0 999 1887 1891 1892 1888
7842 3 2 0 999 1888 1892 441 439
7843 3 2 0 1000 29 688 1893 440
7844 3 2 0 1000 688 33 442 1893
7845 3 2 0 1001 33 678 1894 442
7846 3 2 0 1001 678 679 1895 1894
7847 3 2 0 1001 679 680 1896 1895
7848 3 2 0 1001 680 681 1897 1896
7849 3 2 0 1001 681 34 443 1897
7850 3 2 0 1002 30 441 1898 689
7851 3 2 0 1002 689 1898 443 34
7852 3 2 0 1003 440 1893 3069 1889
7853 3 2 0 1003 1889 3069 3070 1890
7854 3 2 0 1003 1890 3070 3071 1891
7855 3 2 0 1003 1891 3071 3072 1892
7856 3 2 0 1003 1892 3072 1898 441
7857 3 2 0 1003 1893 442 1894 3069
7858 3 2 0 1003 3069 1894 1895 3070
7859 3 2 0 1003 3070 1895 1896 3071
7860 3 2 0 1003 3071 1896 1897 3072
7861 3 2 0 1003 3072 1897 443 1898
7862 3 2 0 1004 33 37 444 442
7863 3 2 0 1005 37 692 1899 444
7864 3 2 0 1005 692 693 1900 1899
7865 3 2 0 1005 693 694 1901 1900
7866 3 2 0 1005 694 695 1902 1901
7867 3 2 0 1005 695 38 445 1902
7868 3 2 0 1006 34 443 445 38
7869 3 2 0 1007 442 444 1899 1894
7870 3 2 0 1007 1894 1899 1900 1895
7871 3 2 0 1007 1895 1900 1901 1896
7872 3 2 0 1007 1896 1901 1902 1897
7873 3 2 0 1007 1897 1902 445 443
7874 3 2 0 1013 157 1029 1903 446
7875 3 2 0 1013 1029 1030 1904 1903
7876 3 2 0 1013 1030 1031 1905 1904
7877 3 2 0 1013 1031 5 428 1905
7878 3 2 0 1016 157 159 447 446
7879 3 2 0 1017 159 1040 1906 447
7880 3 2 0 1017 1040 1041 1907 1906
7881 3 2 0 1017 1041 1042 1908 1907
7882 3 2 0 1017 1042 9 430 1908
7883 3 2 0 1018 446 447 1906 1903
7884 3 2 0 1018 1903 1906 1907 1904
7885 3 2 0 1018 1904 1907 1908 1905
7886 3 2 0 1018 1905 1908 430 428
7887 3 2 0 1019 159 1054 1909 447
7888 3 2 0 1019 1054 161 448 1909
7889 3 2 0 1020 161 1047 1910 448
7890 3 2 0 1020 1047 1048 1911 1910
7891 3 2 0 1020 1048 1049 1912 1911
7892 3 2 0 1020 1049 13 432 1912
7893 3 2 0 1021 447 1909 3073 1906
7894 3 2 0 1021 1906 3073 3074 1907
7895 3 2 0 1021 1907 3074 3075 1908
7896 3 2 0 1021 1908 3075 1871 430
7897 3 2 0 1021 1909 448 1910 3073
7898 3 2 0 1021 3073 1910 1911 3074
7899 3 2 0 1021 3074 1911 1912 3075
7900 3 2 0 1021 3075 1912 432 1871
7901 3 2 0 1022 161 163 449 448
7902 3 2 0 1023 163 1056 1913 449
7903 3 2 0 1023 1056 1057 1914 1913
7904 3 2 0 1023 1057 1058 1915 1914
7905 3 2 0 1023 1058 17 434 1915
7906 3 2 0 1024 448 449 1913 1910
7907 3 2 0 1024 1910 1913 1914 1911
7908 3 2 0 1024 1911 1914 1915 1912
7909 3 2 0 1024 1912 1915 434 432
7910 3 2 0 1025 163 165 450 449
7911 3 2 0 1026 165 1063 1916 450
7912 3 2 0 1026 1063 1064 1917 1916
7913 3 2 0 1026 1064 1065 1918 1917
7914 3 2 0 1026 1065 21 436 1918
7915 3 2 0 1027 449 450 1916 1913
7916 3 2 0 1027 1913 1916 1917 1914
7917 3 2 0 1027 1914 1917 1918 1915
7918 3 2 0 1027 1915 1918 436 434
7919 3 2 0 1028 165 167 451 450
7920 3 2 0 1029 167 1070 1919 451
7921 3 2 0 1029 1070 1071 1920 1919
7922 3 2 0 1029 1071 1072 1921 1920
7923 3 2 0 1029 1072 25 438 1921
7924 3 2 0 1030 450 451 1919 1916
7925 3 2 0 1030 1916 1919 1920 1917
7926 3 2 0 1030 1917 1920 1921 1918
7927 3 2 0 1030 1918 1921 438 436
7928 3 2 0 1031 167 169 452 451
7929 3 2 0 1032 169 1077 1922 452
7930 3 2 0 1032 1077 1078 1923 1922
7931 3 2 0 1032 1078 1079 1924 1923
7932 3 2 0 1032 1079 29 440 1924
7933 3 2 0 1033 451 452 1922 1919
7934 3 2 0 1033 1919 1922 1923 1920
7935 3 2 0 1033 1920 1923 1924 1921
7936 3 2 0 1033 1921 1924 440 438
7937 3 2 0 1034 169 1091 1925 452
7938 3 2 0 1034 1091 171 453 1925
7939 3 2 0 1035 171 1084 1926 453
7940 3 2 0 1035 1084 1085 1927 1926
7941 3 2 0 1035 1085 1086 1928 1927
7942 3 2 0 1035 1086 33 442 1928
7943 3 2 0 1036 452 1925 3076 1922
7944 3 2 0 1036 1922 3076 3077 1923
7945 3 2 0 1036 1923 3077 3078 1924
7946 3 2 0 1036 1924 3078 1893 440
7947 3 2 0 1036 1925 453 1926 3076
7948 3 2 0 1036 3076 1926 1927 3077
7949 3 2 0 1036 3077 1927 1928 3078
7950 3 2 0 1036 3078 1928 442 1893
7951 3 2 0 1037 171 173 454 453
7952 3 2 0 1038 173 1093 1929 454
7953 3 2 0 1038 1093 1094 1930 1929
7954 3 2 0 1038 1094 1095 1931 1930
7955 3 2 0 1038 1095 37 444 1931
7956 3 2 0 1039 453 454 1929 1926
7957 3 2 0 1039 1926 1929 1930 1927
7958 3 2 0 1039 1927 1930 1931 1928
7959 3 2 0 1039 1928 1931 444 442
7960 3 2 0 1075 136 455 1932 951
7961 3 2 0 1075 951 1932 1933 952
7962 3 2 0 1075 952 1933 1934 953
7963 3 2 0 1075 953 1934 1935 954
7964 3 2 0 1075 954 1935 456 135
7965 3 2 0 1079 136 455 457 138
7966 3 2 0 1080 138 457 1936 961
7967 3 2 0 1080 961 1936 1937 962
7968 3 2 0 1080 962 1937 1938 963
7969 3 2 0 1080 963 1938 1939 964
7970 3 2 0 1080 964 1939 458 137
7971 3 2 0 1081 135 137 458 456
7972 3 2 0 1082 455 1932 1936 457
7973 3 2 0 1082 1932 1933 1937 1936
7974 3 2 0 1082 1933 1934 1938 1937
7975 3 2 0 1082 1934 1935 1939 1938
7976 3 2 0 1082 1935 456 458 1939
7977 3 2 0 1083 138 457 1940 972
7978 3 2 0 1083 972 1940 459 140
7979 3 2 0 1084 140 459 1941 967
7980 3 2 0 1084 967 1941 1942 968
7981 3 2 0 1084 968 1942 1943 969
7982 3 2 0 1084 969 1943 1944 970
7983 3 2 0 1084 970 1944 460 139
7984 3 2 0 1085 137 973 1945 458
7985 3 2 0 1085 973 139 460 1945
7986 3 2 0 1086 457 1936 3079 1940
7987 3 2 0 1086 1936 1937 3080 3079
7988 3 2 0 1086 1937 1938 3081 3080
7989 3 2 0 1086 1938 1939 3082 3081
7990 3 2 0 1086 1939 458 1945 3082
7991 3 2 0 1086 1940 3079 1941 459
7992 3 2 0 1086 3079 3080 1942 1941
7993 3 2 0 1086 3080 3081 1943 1942
7994 3 2 0 1086 3081 3082 1944 1943
7995 3 2 0 1086 3082 1945 460 1944
7996 3 2 0 1087 140 459 461 142
7997 3 2 0 1088 142 461 1946 975
7998 3 2 0 1088 975 1946 1947 976
7999 3 2 0 1088 976 1947 1948 977
8000 3 2 0 1088 977 1948 1949 978
8001 3 2 0 1088 978 1949 462 141
8002 3 2 0 1089 139 141 462 460
8003 3 2 0 1090 459 1941 1946 461
8004 3 2 0 1090 1941 1942 1947 1946
8005 3 2 0 1090 1942 1943 1948 1947
8006 3 2 0 1090 1943 1944 1949 1948
8007 3 2 0 1090 1944 460 462 1949
8008 3 2 0 1091 142 461 463 144
8009 3 2 0 1092 144 463 1950 981
8010 3 2 0 1092 981 1950 1951 982
8011 3 2 0 1092 982 1951 1952 983
8012 3 2 0 1092 983 1952 1953 984
8013 3 2 0 1092 984 1953 464 143
8014 3 2 0 1093 141 143 464 462
8015 3 2 0 1094 461 1946 1950 463
8016 3 2 0 1094 1946 1947 1951 1950
8017 3 2 0 1094 1947 1948 1952 1951
8018 3 2 0 1094 1948 1949 1953 1952
8019 3 2 0 1094 1949 462 464 1953
8020 3 2 0 1095 144 463 465 146
8021 3 2 0 1096 146 465 1954 987
8022 3 2 0 1096 987 1954 1955 988
8023 3 2 0 1096 988 1955 1956 989
8024 3 2 0 1096 989 1956 1957 990
8025 3 2 0 1096 990 1957 466 145
8026 3 2 0 1097 143 145 466 464
8027 3 2 0 1098 463 1950 1954 465
8028 3 2 0 1098 1950 1951 1955 1954
8029 3 2 0 1098 1951 1952 1956 1955
8030 3 2 0 1098 1952 1953 1957 1956
8031 3 2 0 1098 1953 464 466 1957
8032 3 2 0 1099 146 465 467 148
8033 3 2 0 1100 148 467 1958 993
8034 3 2 0 1100 993 1958 1959 994
8035 3 2 0 1100 994 1959 1960 995
8036 3 2 0 1100 995 1960 1961 996
8037 3 2 0 1100 996 1961 468 147
8038 3 2 0 1101 145 147 468 466
8039 3 2 0 1102 465 1954 1958 467
8040 3 2 0 1102 1954 1955 1959 1958
8041 3 2 0 1102 1955 1956 1960 1959
8042 3 2 0 1102 1956 1957 1961 1960
8043 3 2 0 1102 1957 466 468 1961
8044 3 2 0 1103 148 467 1962 1004
8045 3 2 0 1103 1004 1962 469 150
8046 3 2 0 1104 150 469 1963 999
8047 3 2 0 1104 999 1963 1964 1000
8048 3 2 0 1104 1000 1964 1965 1001
8049 3 2 0 1104 1001 1965 1966 1002
8050 3 2 0 1104 1002 1966 470 149
8051 3 2 0 1105 147 1005 1967 468
8052 3 2 0 1105 1005 149 470 1967
8053 3 2 0 1106 467 1958 3083 1962
8054 3 2 0 1106 1958 1959 3084 3083
8055 3 2 0 1106 1959 1960 3085 3084
8056 3 2 0 1106 1960 1961 3086 3085
8057 3 2 0 1106 1961 468 1967 3086
8058 3 2 0 1106 1962 3083 1963 469
8059 3 2 0 1106 3083 3084 1964 1963
8060 3 2 0 1106 3084 3085 1965 1964
8061 3 2 0 1106 3085 3086 1966 1965
8062 3 2 0 1106 3086 1967 470 1966
8063 3 2 0 1107 150 469 471 152
8064 3 2 0 1108 152 471 1968 1007
8065 3 2 0 1108 1007 1968 1969 1008
8066 3 2 0 1108 1008 1969 1970 1009
8067 3 2 0 1108 1009 1970 1971 1010
8068 3 2 0 1108 1010 1971 472 151
8069 3 2 0 1109 149 151 472 470
8070 3 2 0 1110 469 1963 1968 471
8071 3 2 0 1110 1963 1964 1969 1968
8072 3 2 0 1110 1964 1965 1970 1969
8073 3 2 0 1110 1965 1966 1971 1970
8074 3 2 0 1110 1966 470 472 1971
8075 3 2 0 1116 222 473 1972 1271
8076 3 2 0 1116 1271 1972 1973 1272
8077 3 2 0 1116 1272 1973 1974 1273
8078 3 2 0 1116 1273 1974 455 136
8079 3 2 0 1119 222 473 474 223
8080 3 2 0 1120 223 474 1975 1277
8081 3 2 0 1120 1277 1975 1976 1278
8082 3 2 0 1120 1278 1976 1977 1279
8083 3 2 0 1120 1279 1977 457 138
8084 3 2 0 1121 473 1972 1975 474
8085 3 2 0 1121 1972 1973 1976 1975
8086 3 2 0 1121 1973 1974 1977 1976
8087 3 2 0 1121 1974 455 457 1977
8088 3 2 0 1122 223 474 1978 1285
8089 3 2 0 1122 1285 1978 475 224
8090 3 2 0 1123 224 475 1979 1281
8091 3 2 0 1123 1281 1979 1980 1282
8092 3 2 0 1123 1282 1980 1981 1283
8093 3 2 0 1123 1283 1981 459 140
8094 3 2 0 1124 474 1975 3087 1978
8095 3 2 0 1124 1975 1976 3088 3087
8096 3 2 0 1124 1976 1977 3089 3088
8097 3 2 0 1124 1977 457 1940 3089
8098 3 2 0 1124 1978 3087 1979 475
8099 3 2 0 1124 3087 3088 1980 1979
8100 3 2 0 1124 3088 3089 1981 1980
8101 3 2 0 1124 3089 1940 459 1981
8102 3 2 0 1125 224 475 476 225
8103 3 2 0 1126 225 476 1982 1286
8104 3 2 0 1126 1286 1982 1983 1287
8105 3 2 0 1126 1287 1983 1984 1288
8106 3 2 0 1126 1288 1984 461 142
8107 3 2 0 1127 475 1979 1982 476
8108 3 2 0 1127 1979 1980 1983 1982
8109 3 2 0 1127 1980 1981 1984 1983
8110 3 2 0 1127 1981 459 461 1984
8111 3 2 0 1128 225 476 477 226
8112 3 2 0 1129 226 477 1985 1290
8113 3 2 0 1129 1290 1985 1986 1291
8114 3 2 0 1129 1291 1986 1987 1292
8115 3 2 0 1129 1292 1987 463 144
8116 3 2 0 1130 476 1982 1985 477
8117 3 2 0 1130 1982 1983 1986 1985
8118 3 2 0 1130 1983 1984 1987 1986
8119 3 2 0 1130 1984 461 463 1987
8120 3 2 0 1131 226 477 478 227
8121 3 2 0 1132 227 478 1988 1294
8122 3 2 0 1132 1294 1988 1989 1295
8123 3 2 0 1132 1295 1989 1990 1296
8124 3 2 0 1132 1296 1990 465 146
8125 3 2 0 1133 477 1985 1988 478
8126 3 2 0 1133 1985 1986 1989 1988
8127 3 2 0 1133 1986 1987 1990 1989
8128 3 2 0 1133 1987 463 465 1990
8129 3 2 0 1134 227 478 479 228
8130 3 2 0 1135 228 479 1991 1298
8131 3 2 0 1135 1298 1991 1992 1299
8132 3 2 0 1135 1299 1992 1993 1300
8133 3 2 0 1135 1300 1993 467 148
8134 3 2 0 1136 478 1988 1991 479
8135 3 2 0 1136 1988 1989 1992 1991
8136 3 2 0 1136 1989 1990 1993 1992
8137 3 2 0 1136 1990 465 467 1993
8138 3 2 0 1137 228 479 1994 1306
8139 3 2 0 1137 1306 1994 480 229
8140 3 2 0 1138 229 480 1995 1302
8141 3 2 0 1138 1302 1995 1996 1303
8142 3 2 0 1138 1303 1996 1997 1304
8143 3 2 0 1138 1304 1997 469 150
8144 3 2 0 1139 479 1991 3090 1994
8145 3 2 0 1139 1991 1992 3091 3090
8146 3 2 0 1139 1992 1993 3092 3091
8147 3 2 0 1139 1993 467 1962 3092
8148 3 2 0 1139 1994 3090 1995 480
8149 3 2 0 1139 3090 3091 1996 1995
8150 3 2 0 1139 3091 3092 1997 1996
8151 3 2 0 1139 3092 1962 469 1997
8152 3 2 0 1140 229 480 481 230
8153 3 2 0 1141 230 481 1998 1307
8154 3 2 0 1141 1307 1998 1999 1308
8155 3 2 0 1141 1308 1999 2000 1309
8156 3 2 0 1141 1309 2000 471 152
8157 3 2 0 1142 480 1995 1998 481
8158 3 2 0 1142 1995 1996 1999 1998
8159 3 2 0 1142 1996 1997 2000 1999
8160 3 2 0 1142 1997 469 471 2000
8161 3 2 0 1143 232 1317 2001 482
8162 3 2 0 1143 1317 1318 2002 2001
8163 3 2 0 1143 1318 1319 2003 2002
8164 3 2 0 1143 1319 1320 2004 2003
8165 3 2 0 1143 1320 155 400 2004
8166 3 2 0 1144 233 483 2005 1321
8167 3 2 0 1144 1321 2005 2006 1322
8168 3 2 0 1144 1322 2006 2007 1323
8169 3 2 0 1144 1323 2007 2008 1324
8170 3 2 0 1144 1324 2008 401 156
8171 3 2 0 1145 232 482 2009 1325
8172 3 2 0 1145 1325 2009 483 233
8173 3 2 0 1146 482 2001 3093 2009
8174 3 2 0 1146 2009 3093 2005 483
8175 3 2 0 1146 2001 2002 3094 3093
8176 3 2 0 1146 3093 3094 2006 2005
8177 3 2 0 1146 2002 2003 3095 3094
8178 3 2 0 1146 3094 3095 2007 2006
8179 3 2 0 1146 2003 2004 3096 3095
8180 3 2 0 1146 3095 3096 2008 2007
8181 3 2 0 1146 2004 400 1791 3096
8182 3 2 0 1146 3096 1791 401 2008
8183 3 2 0 1147 254 484 2010 1428
8184 3 2 0 1147 1428 2010 2011 1429
8185 3 2 0 1147 1429 2011 2012 1430
8186 3 2 0 1147 1430 2012 2013 1431
8187 3 2 0 1147 1431 2013 402 177
8188 3 2 0 1148 233 483 484 254
8189 3 2 0 1149 483 2005 2010 484
8190 3 2 0 1149 2005 2006 2011 2010
8191 3 2 0 1149 2006 2007 2012 2011
8192 3 2 0 1149 2007 2008 2013 2012
8193 3 2 0 1149 2008 401 402 2013
8194 3 2 0 1150 265 485 2014 1478
8195 3 2 0 1150 1478 2014 2015 1479
8196 3 2 0 1150 1479 2015 2016 1480
8197 3 2 0 1150 1480 2016 2017 1481
8198 3 2 0 1150 1481 2017 403 188
8199 3 2 0 1151 254 484 485 265
8200 3 2 0 1152 484 2010 2014 485
8201 3 2 0 1152 2010 2011 2015 2014
8202 3 2 0 1152 2011 2012 2016 2015
8203 3 2 0 1152 2012 2013 2017 2016
8204 3 2 0 1152 2013 402 403 2017
8205 3 2 0 1153 276 486 2018 1528
8206 3 2 0 1153 1528 2018 2019 1529
8207 3 2 0 1153 1529 2019 2020 1530
8208 3 2 0 1153 1530 2020 2021 1531
8209 3 2 0 1153 1531 2021 404 199
8210 3 2 0 1154 265 485 486 276
8211 3 2 0 1155 485 2014 2018 486
8212 3 2 0 1155 2014 2015 2019 2018
8213 3 2 0 1155 2015 2016 2020 2019
8214 3 2 0 1155 2016 2017 2021 2020
8215 3 2 0 1155 2017 403 404 2021
8216 3 2 0 1156 287 487 2022 1578
8217 3 2 0 1156 1578 2022 2023 1579
8218 3 2 0 1156 1579 2023 2024 1580
8219 3 2 0 1156 1580 2024 2025 1581
8220 3 2 0 1156 1581 2025 405 210
8221 3 2 0 1157 276 486 487 287
8222 3 2 0 1158 486 2018 2022 487
8223 3 2 0 1158 2018 2019 2023 2022
8224 3 2 0 1158 2019 2020 2024 2023
8225 3 2 0 1158 2020 2021 2025 2024
8226 3 2 0 1158 2021 404 405 2025
8227 3 2 0 1159 298 488 2026 1628
8228 3 2 0 1159 1628 2026 2027 1629
8229 3 2 0 1159 1629 2027 2028 1630
8230 3 2 0 1159 1630 2028 2029 1631
8231 3 2 0 1159 1631 2029 406 221
8232 3 2 0 1160 287 487 2030 1632
8233 3 2 0 1160 1632 2030 488 298
8234 3 2 0 1161 487 2022 3097 2030
8235 3 2 0 1161 2030 3097 2026 488
8236 3 2 0 1161 2022 2023 3098 3097
8237 3 2 0 1161 3097 3098 2027 2026
8238 3 2 0 1161 2023 2024 3099 3098
8239 3 2 0 1161 3098 3099 2028 2027
8240 3 2 0 1161 2024 2025 3100 3099
8241 3 2 0 1161 3099 3100 2029 2028
8242 3 2 0 1161 2025 405 1807 3100
8243 3 2 0 1161 3100 1807 406 2029
8244 3 2 0 1162 252 489 2031 1415
8245 3 2 0 1162 1415 2031 2032 1416
8246 3 2 0 1162 1416 2032 2033 1417
8247 3 2 0 1162 1417 2033 2034 1418
8248 3 2 0 1162 1418 2034 421 175
8249 3 2 0 1163 253 1419 2035 490
8250 3 2 0 1163 1419 1420 2036 2035
8251 3 2 0 1163 1420 1421 2037 2036
8252 3 2 0 1163 1421 1422 2038 2037
8253 3 2 0 1163 1422 176 422 2038
8254 3 2 0 1164 252 1423 2039 489
8255 3 2 0 1164 1423 253 490 2039
8256 3 2 0 1165 489 2039 3101 2031
8257 3 2 0 1165 2039 490 2035 3101
8258 3 2 0 1165 2031 3101 3102 2032
8259 3 2 0 1165 3101 2035 2036 3102
8260 3 2 0 1165 2032 3102 3103 2033
8261 3 2 0 1165 3102 2036 2037 3103
8262 3 2 0 1165 2033 3103 3104 2034
8263 3 2 0 1165 3103 2037 2038 3104
8264 3 2 0 1165 2034 3104 1846 421
8265 3 2 0 1165 3104 2038 422 1846
8266 3 2 0 1166 264 1472 2040 491
8267 3 2 0 1166 1472 1473 2041 2040
8268 3 2 0 1166 1473 1474 2042 2041
8269 3 2 0 1166 1474 1475 2043 2042
8270 3 2 0 1166 1475 187 423 2043
8271 3 2 0 1167 253 264 491 490
8272 3 2 0 1168 490 491 2040 2035
8273 3 2 0 1168 2035 2040 2041 2036
8274 3 2 0 1168 2036 2041 2042 2037
8275 3 2 0 1168 2037 2042 2043 2038
8276 3 2 0 1168 2038 2043 423 422
8277 3 2 0 1169 275 1522 2044 492
8278 3 2 0 1169 1522 1523 2045 2044
8279 3 2 0 1169 1523 1524 2046 2045
8280 3 2 0 1169 1524 1525 2047 2046
8281 3 2 0 1169 1525 198 424 2047
8282 3 2 0 1170 264 275 492 491
8283 3 2 0 1171 491 492 2044 2040
8284 3 2 0 1171 2040 2044 2045 2041
8285 3 2 0 1171 2041 2045 2046 2042
8286 3 2 0 1171 2042 2046 2047 2043
8287 3 2 0 1171 2043 2047 424 423
8288 3 2 0 1172 286 1572 2048 493
8289 3 2 0 1172 1572 1573 2049 2048
8290 3 2 0 1172 1573 1574 2050 2049
8291 3 2 0 1172 1574 1575 2051 2050
8292 3 2 0 1172 1575 209 425 2051
8293 3 2 0 1173 275 286 493 492
8294 3 2 0 1174 492 493 2048 2044
8295 3 2 0 1174 2044 2048 2049 2045
8296 3 2 0 1174 2045 2049 2050 2046
8297 3 2 0 1174 2046 2050 2051 2047
8298 3 2 0 1174 2047 2051 425 424
8299 3 2 0 1175 297 1622 2052 494
8300 3 2 0 1175 1622 1623 2053 2052
8301 3 2 0 1175 1623 1624 2054 2053
8302 3 2 0 1175 1624 1625 2055 2054
8303 3 2 0 1175 1625 220 426 2055
8304 3 2 0 1176 286 297 494 493
8305 3 2 0 1177 493 494 2052 2048
8306 3 2 0 1177 2048 2052 2053 2049
8307 3 2 0 1177 2049 2053 2054 2050
8308 3 2 0 1177 2050 2054 2055 2051
8309 3 2 0 1177 2051 2055 426 425
8310 3 2 0 1178 308 1682 2056 495
8311 3 2 0 1178 1682 1683 2057 2056
8312 3 2 0 1178 1683 1684 2058 2057
8313 3 2 0 1178 1684 1685 2059 2058
8314 3 2 0 1178 1685 231 427 2059
8315 3 2 0 1179 297 1686 2060 494
8316 3 2 0 1179 1686 308 495 2060
8317 3 2 0 1180 494 2060 3105 2052
8318 3 2 0 1180 2060 495 2056 3105
8319 3 2 0 1180 2052 3105 3106 2053
8320 3 2 0 1180 3105 2056 2057 3106
8321 3 2 0 1180 2053 3106 3107 2054
8322 3 2 0 1180 3106 2057 2058 3107
8323 3 2 0 1180 2054 3107 3108 2055
8324 3 2 0 1180 3107 2058 2059 3108
8325 3 2 0 1180 2055 3108 1862 426
8326 3 2 0 1180 3108 2059 427 1862
8327 3 2 0 1181 1 606 2061 496
8328 3 2 0 1181 606 607 2062 2061
8329 3 2 0 1181 607 5 428 2062
8330 3 2 0 1182 2 497 2063 608
8331 3 2 0 1182 608 2063 2064 609
8332 3 2 0 1182 609 2064 429 6
8333 3 2 0 1183 1 496 2065 586
8334 3 2 0 1183 586 2065 2066 587
8335 3 2 0 1183 587 2066 2067 588
8336 3 2 0 1183 588 2067 2068 589
8337 3 2 0 1183 589 2068 497 2
8338 3 2 0 1184 496 2061 3109 2065
8339 3 2 0 1184 2065 3109 3110 2066
8340 3 2 0 1184 2066 3110 3111 2067
8341 3 2 0 1184 2067 3111 3112 2068
8342 3 2 0 1184 2068 3112 2063 497
8343 3 2 0 1184 2061 2062 3113 3109
8344 3 2 0 1184 3109 3113 3114 3110
8345 3 2 0 1184 3110 3114 3115 3111
8346 3 2 0 1184 3111 3115 3116 3112
8347 3 2 0 1184 3112 3116 2064 2063
8348 3 2 0 1184 2062 428 1863 3113
8349 3 2 0 1184 3113 1863 1864 3114
8350 3 2 0 1184 3114 1864 1865 3115
8351 3 2 0 1184 3115 1865 1866 3116
8352 3 2 0 1184 3116 1866 429 2064
8353 3 2 0 1185 37 712 2069 444
8354 3 2 0 1185 712 713 2070 2069
8355 3 2 0 1185 713 41 498 2070
8356 3 2 0 1186 41 702 2071 498
8357 3 2 0 1186 702 703 2072 2071
8358 3 2 0 1186 703 704 2073 2072
8359 3 2 0 1186 704 705 2074 2073
8360 3 2 0 1186 705 42 499 2074
8361 3 2 0 1187 38 445 2075 714
8362 3 2 0 1187 714 2075 2076 715
8363 3 2 0 1187 715 2076 499 42
8364 3 2 0 1188 444 2069 3117 1899
8365 3 2 0 1188 1899 3117 3118 1900
8366 3 2 0 1188 1900 3118 3119 1901
8367 3 2 0 1188 1901 3119 3120 1902
8368 3 2 0 1188 1902 3120 2075 445
8369 3 2 0 1188 2069 2070 3121 3117
8370 3 2 0 1188 3117 3121 3122 3118
8371 3 2 0 1188 3118 3122 3123 3119
8372 3 2 0 1188 3119 3123 3124 3120
8373 3 2 0 1188 3120 3124 2076 2075
8374 3 2 0 1188 2070 498 2071 3121
8375 3 2 0 1188 3121 2071 2072 3122
8376 3 2 0 1188 3122 2072 2073 3123
8377 3 2 0 1188 3123 2073 2074 3124
8378 3 2 0 1188 3124 2074 499 2076
8379 3 2 0 1189 155 1036 2077 500
8380 3 2 0 1189 1036 1037 2078 2077
8381 3 2 0 1189 1037 157 446 2078
8382 3 2 0 1190 155 500 2079 1022
8383 3 2 0 1190 1022 2079 2080 1023
8384 3 2 0 1190 1023 2080 2081 1024
8385 3 2 0 1190 1024 2081 496 1
8386 3 2 0 1191 500 2077 3125 2079
8387 3 2 0 1191 2079 3125 3126 2080
8388 3 2 0 1191 2080 3126 3127 2081
8389 3 2 0 1191 2081 3127 2061 496
8390 3 2 0 1191 2077 2078 3128 3125
8391 3 2 0 1191 3125 3128 3129 3126
8392 3 2 0 1191 3126 3129 3130 3127
8393 3 2 0 1191 3127 3130 2062 2061
8394 3 2 0 1191 2078 446 1903 3128
8395 3 2 0 1191 3128 1903 1904 3129
8396 3 2 0 1191 3129 1904 1905 3130
8397 3 2 0 1191 3130 1905 428 2062
8398 3 2 0 1192 173 1107 2082 454
8399 3 2 0 1192 1107 1108 2083 2082
8400 3 2 0 1192 1108 175 501 2083
8401 3 2 0 1193 175 1100 2084 501
8402 3 2 0 1193 1100 1101 2085 2084
8403 3 2 0 1193 1101 1102 2086 2085
8404 3 2 0 1193 1102 41 498 2086
8405 3 2 0 1194 454 2082 3131 1929
8406 3 2 0 1194 1929 3131 3132 1930
8407 3 2 0 1194 1930 3132 3133 1931
8408 3 2 0 1194 1931 3133 2069 444
8409 3 2 0 1194 2082 2083 3134 3131
8410 3 2 0 1194 3131 3134 3135 3132
8411 3 2 0 1194 3132 3135 3136 3133
8412 3 2 0 1194 3133 3136 2070 2069
8413 3 2 0 1194 2083 501 2084 3134
8414 3 2 0 1194 3134 2084 2085 3135
8415 3 2 0 1194 3135 2085 2086 3136
8416 3 2 0 1194 3136 2086 498 2070
8417 3 2 0 1195 232 1335 2087 502
8418 3 2 0 1195 1335 1336 2088 2087
8419 3 2 0 1195 1336 234 503 2088
8420 3 2 0 1196 234 1326 2089 503
8421 3 2 0 1196 1326 1327 2090 2089
8422 3 2 0 1196 1327 1328 2091 2090
8423 3 2 0 1196 1328 1329 2092 2091
8424 3 2 0 1196 1329 157 446 2092
8425 3 2 0 1197 232 502 2093 1317
8426 3 2 0 1197 1317 2093 2094 1318
8427 3 2 0 1197 1318 2094 2095 1319
8428 3 2 0 1197 1319 2095 2096 1320
8429 3 2 0 1197 1320 2096 500 155
8430 3 2 0 1198 502 2087 3137 2093
8431 3 2 0 1198 2093 3137 3138 2094
8432 3 2 0 1198 2094 3138 3139 2095
8433 3 2 0 1198 2095 3139 3140 2096
8434 3 2 0 1198 2096 3140 2077 500
8435 3 2 0 1198 2087 2088 3141 3137
8436 3 2 0 1198 3137 3141 3142 3138
8437 3 2 0 1198 3138 3142 3143 3139
8438 3 2 0 1198 3139 3143 3144 3140
8439 3 2 0 1198 3140 3144 2078 2077
8440 3 2 0 1198 2088 503 2089 3141
8441 3 2 0 1198 3141 2089 2090 3142
8442 3 2 0 1198 3142 2090 2091 3143
8443 3 2 0 1198 3143 2091 2092 3144
8444 3 2 0 1198 3144 2092 446 2078
8445 3 2 0 1199 234 236 504 503
8446 3 2 0 1200 236 1339 2097 504
8447 3 2 0 1200 1339 1340 2098 2097
8448 3 2 0 1200 1340 1341 2099 2098
8449 3 2 0 1200 1341 1342 2100 2099
8450 3 2 0 1200 1342 159 447 2100
8451 3 2 0 1201 503 504 2097 2089
8452 3 2 0 1201 2089 2097 2098 2090
8453 3 2 0 1201 2090 2098 2099 2091
8454 3 2 0 1201 2091 2099 2100 2092
8455 3 2 0 1201 2092 2100 447 446
8456 3 2 0 1202 236 1357 2101 504
8457 3 2 0 1202 1357 238 505 2101
8458 3 2 0 1203 238 1348 2102 505
8459 3 2 0 1203 1348 1349 2103 2102
8460 3 2 0 1203 1349 1350 2104 2103
8461 3 2 0 1203 1350 1351 2105 2104
8462 3 2 0 1203 1351 161 448 2105
8463 3 2 0 1204 504 2101 3145 2097
8464 3 2 0 1204 2097 3145 3146 2098
8465 3 2 0 1204 2098 3146 3147 2099
8466 3 2 0 1204 2099 3147 3148 2100
8467 3 2 0 1204 2100 3148 1909 447
8468 3 2 0 1204 2101 505 2102 3145
8469 3 2 0 1204 3145 2102 2103 3146
8470 3 2 0 1204 3146 2103 2104 3147
8471 3 2 0 1204 3147 2104 2105 3148
8472 3 2 0 1204 3148 2105 448 1909
8473 3 2 0 1205 238 240 506 505
8474 3 2 0 1206 240 1359 2106 506
8475 3 2 0 1206 1359 1360 2107 2106
8476 3 2 0 1206 1360 1361 2108 2107
8477 3 2 0 1206 1361 1362 2109 2108
8478 3 2 0 1206 1362 163 449 2109
8479 3 2 0 1207 505 506 2106 2102
8480 3 2 0 1207 2102 2106 2107 2103
8481 3 2 0 1207 2103 2107 2108 2104
8482 3 2 0 1207 2104 2108 2109 2105
8483 3 2 0 1207 2105 2109 449 448
8484 3 2 0 1208 240 242 507 506
8485 3 2 0 1209 242 1368 2110 507
8486 3 2 0 1209 1368 1369 2111 2110
8487 3 2 0 1209 1369 1370 2112 2111
8488 3 2 0 1209 1370 1371 2113 2112
8489 3 2 0 1209 1371 165 450 2113
8490 3 2 0 1210 506 507 2110 2106
8491 3 2 0 1210 2106 2110 2111 2107
8492 3 2 0 1210 2107 2111 2112 2108
8493 3 2 0 1210 2108 2112 2113 2109
8494 3 2 0 1210 2109 2113 450 449
8495 3 2 0 1211 242 244 508 507
8496 3 2 0 1212 244 1377 2114 508
8497 3 2 0 1212 1377 1378 2115 2114
8498 3 2 0 1212 1378 1379 2116 2115
8499 3 2 0 1212 1379 1380 2117 2116
8500 3 2 0 1212 1380 167 451 2117
8501 3 2 0 1213 507 508 2114 2110
8502 3 2 0 1213 2110 2114 2115 2111
8503 3 2 0 1213 2111 2115 2116 2112
8504 3 2 0 1213 2112 2116 2117 2113
8505 3 2 0 1213 2113 2117 451 450
8506 3 2 0 1214 244 246 509 508
8507 3 2 0 1215 246 1386 2118 509
8508 3 2 0 1215 1386 1387 2119 2118
8509 3 2 0 1215 1387 1388 2120 2119
8510 3 2 0 1215 1388 1389 2121 2120
8511 3 2 0 1215 1389 169 452 2121
8512 3 2 0 1216 508 509 2118 2114
8513 3 2 0 1216 2114 2118 2119 2115
8514 3 2 0 1216 2115 2119 2120 2116
8515 3 2 0 1216 2116 2120 2121 2117
8516 3 2 0 1216 2117 2121 452 451
8517 3 2 0 1217 246 1404 2122 509
8518 3 2 0 1217 1404 248 510 2122
8519 3 2 0 1218 248 1395 2123 510
8520 3 2 0 1218 1395 1396 2124 2123
8521 3 2 0 1218 1396 1397 2125 2124
8522 3 2 0 1218 1397 1398 2126 2125
8523 3 2 0 1218 1398 171 453 2126
8524 3 2 0 1219 509 2122 3149 2118
8525 3 2 0 1219 2118 3149 3150 2119
8526 3 2 0 1219 2119 3150 3151 2120
8527 3 2 0 1219 2120 3151 3152 2121
8528 3 2 0 1219 2121 3152 1925 452
8529 3 2 0 1219 2122 510 2123 3149
8530 3 2 0 1219 3149 2123 2124 3150
8531 3 2 0 1219 3150 2124 2125 3151
8532 3 2 0 1219 3151 2125 2126 3152
8533 3 2 0 1219 3152 2126 453 1925
8534 3 2 0 1220 248 250 511 510
8535 3 2 0 1221 250 1406 2127 511
8536 3 2 0 1221 1406 1407 2128 2127
8537 3 2 0 1221 1407 1408 2129 2128
8538 3 2 0 1221 1408 1409 2130 2129
8539 3 2 0 1221 1409 173 454 2130
8540 3 2 0 1222 510 511 2127 2123
8541 3 2 0 1222 2123 2127 2128 2124
8542 3 2 0 1222 2124 2128 2129 2125
8543 3 2 0 1222 2125 2129 2130 2126
8544 3 2 0 1222 2126 2130 454 453
8545 3 2 0 1223 250 1424 2131 511
8546 3 2 0 1223 1424 1425 2132 2131
8547 3 2 0 1223 1425 252 512 2132
8548 3 2 0 1224 252 1415 2133 512
8549 3 2 0 1224 1415 1416 2134 2133
8550 3 2 0 1224 1416 1417 2135 2134
8551 3 2 0 1224 1417 1418 2136 2135
8552 3 2 0 1224 1418 175 501 2136
8553 3 2 0 1225 511 2131 3153 2127
8554 3 2 0 1225 2127 3153 3154 2128
8555 3 2 0 1225 2128 3154 3155 2129
8556 3 2 0 1225 2129 3155 3156 2130
8557 3 2 0 1225 2130 3156 2082 454
8558 3 2 0 1225 2131 2132 3157 3153
8559 3 2 0 1225 3153 3157 3158 3154
8560 3 2 0 1225 3154 3158 3159 3155
8561 3 2 0 1225 3155 3159 3160 3156
8562 3 2 0 1225 3156 3160 2083 2082
8563 3 2 0 1225 2132 512 2133 3157
8564 3 2 0 1225 3157 2133 2134 3158
8565 3 2 0 1225 3158 2134 2135 3159
8566 3 2 0 1225 3159 2135 2136 3160
8567 3 2 0 1225 3160 2136 501 2083
8568 3 2 0 1226 134 513 2137 956
8569 3 2 0 1226 956 2137 2138 957
8570 3 2 0 1226 957 2138 455 136
8571 3 2 0 1227 133 958 2139 514
8572 3 2 0 1227 958 959 2140 2139
8573 3 2 0 1227 959 135 456 2140
8574 3 2 0 1228 134 945 2141 513
8575 3 2 0 1228 945 946 2142 2141
8576 3 2 0 1228 946 947 2143 2142
8577 3 2 0 1228 947 948 2144 2143
8578 3 2 0 1228 948 133 514 2144
8579 3 2 0 1229 513 2141 3161 2137
8580 3 2 0 1229 2141 2142 3162 3161
8581 3 2 0 1229 2142 2143 3163 3162
8582 3 2 0 1229 2143 2144 3164 3163
8583 3 2 0 1229 2144 514 2139 3164
8584 3 2 0 1229 2137 3161 3165 2138
8585 3 2 0 1229 3161 3162 3166 3165
8586 3 2 0 1229 3162 3163 3167 3166
8587 3 2 0 1229 3163 3164 3168 3167
8588 3 2 0 1229 3164 2139 2140 3168
8589 3 2 0 1229 2138 3165 1932 455
8590 3 2 0 1229 3165 3166 1933 1932
8591 3 2 0 1229 3166 3167 1934 1933
8592 3 2 0 1229 3167 3168 1935 1934
8593 3 2 0 1229 3168 2140 456 1935
8594 3 2 0 1230 152 471 2145 1018
8595 3 2 0 1230 1018 2145 2146 1019
8596 3 2 0 1230 1019 2146 515 154
8597 3 2 0 1231 154 515 2147 1013
8598 3 2 0 1231 1013 2147 2148 1014
8599 3 2 0 1231 1014 2148 2149 1015
8600 3 2 0 1231 1015 2149 2150 1016
8601 3 2 0 1231 1016 2150 516 153
8602 3 2 0 1232 151 1020 2151 472
8603 3 2 0 1232 1020 1021 2152 2151
8604 3 2 0 1232 1021 153 516 2152
8605 3 2 0 1233 471 1968 3169 2145
8606 3 2 0 1233 1968 1969 3170 3169
8607 3 2 0 1233 1969 1970 3171 3170
8608 3 2 0 1233 1970 1971 3172 3171
8609 3 2 0 1233 1971 472 2151 3172
8610 3 2 0 1233 2145 3169 3173 2146
8611 3 2 0 1233 3169 3170 3174 3173
8612 3 2 0 1233 3170 3171 3175 3174
8613 3 2 0 1233 3171 3172 3176 3175
8614 3 2 0 1233 3172 2151 2152 3176
8615 3 2 0 1233 2146 3173 2147 515
8616 3 2 0 1233 3173 3174 2148 2147
8617 3 2 0 1233 3174 3175 2149 2148
8618 3 2 0 1233 3175 3176 2150 2149
8619 3 2 0 1233 3176 2152 516 2150
8620 3 2 0 1234 221 517 2153 1275
8621 3 2 0 1234 1275 2153 2154 1276
8622 3 2 0 1234 1276 2154 473 222
8623 3 2 0 1235 221 1267 2155 517
8624 3 2 0 1235 1267 1268 2156 2155
8625 3 2 0 1235 1268 1269 2157 2156
8626 3 2 0 1235 1269 134 513 2157
8627 3 2 0 1236 517 2155 3177 2153
8628 3 2 0 1236 2155 2156 3178 3177
8629 3 2 0 1236 2156 2157 3179 3178
8630 3 2 0 1236 2157 513 2137 3179
8631 3 2 0 1236 2153 3177 3180 2154
8632 3 2 0 1236 3177 3178 3181 3180
8633 3 2 0 1236 3178 3179 3182 3181
8634 3 2 0 1236 3179 2137 2138 3182
8635 3 2 0 1236 2154 3180 1972 473
8636 3 2 0 1236 3180 3181 1973 1972
8637 3 2 0 1236 3181 3182 1974 1973
8638 3 2 0 1236 3182 2138 455 1974
8639 3 2 0 1237 230 481 2158 1315
8640 3 2 0 1237 1315 2158 2159 1316
8641 3 2 0 1237 1316 2159 518 231
8642 3 2 0 1238 231 518 2160 1311
8643 3 2 0 1238 1311 2160 2161 1312
8644 3 2 0 1238 1312 2161 2162 1313
8645 3 2 0 1238 1313 2162 515 154
8646 3 2 0 1239 481 1998 3183 2158
8647 3 2 0 1239 1998 1999 3184 3183
8648 3 2 0 1239 1999 2000 3185 3184
8649 3 2 0 1239 2000 471 2145 3185
8650 3 2 0 1239 2158 3183 3186 2159
8651 3 2 0 1239 3183 3184 3187 3186
8652 3 2 0 1239 3184 3185 3188 3187
8653 3 2 0 1239 3185 2145 2146 3188
8654 3 2 0 1239 2159 3186 2160 518
8655 3 2 0 1239 3186 3187 2161 2160
8656 3 2 0 1239 3187 3188 2162 2161
8657 3 2 0 1239 3188 2146 515 2162
8658 3 2 0 1240 298 519 2163 1638
8659 3 2 0 1240 1638 2163 2164 1639
8660 3 2 0 1240 1639 2164 520 299
8661 3 2 0 1241 299 520 2165 1633
8662 3 2 0 1241 1633 2165 2166 1634
8663 3 2 0 1241 1634 2166 2167 1635
8664 3 2 0 1241 1635 2167 2168 1636
8665 3 2 0 1241 1636 2168 473 222
8666 3 2 0 1242 298 1628 2169 519
8667 3 2 0 1242 1628 1629 2170 2169
8668 3 2 0 1242 1629 1630 2171 2170
8669 3 2 0 1242 1630 1631 2172 2171
8670 3 2 0 1242 1631 221 517 2172
8671 3 2 0 1243 519 2169 3189 2163
8672 3 2 0 1243 2169 2170 3190 3189
8673 3 2 0 1243 2170 2171 3191 3190
8674 3 2 0 1243 2171 2172 3192 3191
8675 3 2 0 1243 2172 517 2153 3192
8676 3 2 0 1243 2163 3189 3193 2164
8677 3 2 0 1243 3189 3190 3194 3193
8678 3 2 0 1243 3190 3191 3195 3194
8679 3 2 0 1243 3191 3192 3196 3195
8680 3 2 0 1243 3192 2153 2154 3196
8681 3 2 0 1243 2164 3193 2165 520
8682 3 2 0 1243 3193 3194 2166 2165
8683 3 2 0 1243 3194 3195 2167 2166
8684 3 2 0 1243 3195 3196 2168 2167
8685 3 2 0 1243 3196 2154 473 2168
8686 3 2 0 1244 299 520 521 300
8687 3 2 0 1245 300 521 2173 1640
8688 3 2 0 1245 1640 2173 2174 1641
8689 3 2 0 1245 1641 2174 2175 1642
8690 3 2 0 1245 1642 2175 2176 1643
8691 3 2 0 1245 1643 2176 474 223
8692 3 2 0 1246 520 2165 2173 521
8693 3 2 0 1246 2165 2166 2174 2173
8694 3 2 0 1246 2166 2167 2175 2174
8695 3 2 0 1246 2167 2168 2176 2175
8696 3 2 0 1246 2168 473 474 2176
8697 3 2 0 1247 300 521 2177 1650
8698 3 2 0 1247 1650 2177 522 301
8699 3 2 0 1248 301 522 2178 1645
8700 3 2 0 1248 1645 2178 2179 1646
8701 3 2 0 1248 1646 2179 2180 1647
8702 3 2 0 1248 1647 2180 2181 1648
8703 3 2 0 1248 1648 2181 475 224
8704 3 2 0 1249 521 2173 3197 2177
8705 3 2 0 1249 2173 2174 3198 3197
8706 3 2 0 1249 2174 2175 3199 3198
8707 3 2 0 1249 2175 2176 3200 3199
8708 3 2 0 1249 2176 474 1978 3200
8709 3 2 0 1249 2177 3197 2178 522
8710 3 2 0 1249 3197 3198 2179 2178
8711 3 2 0 1249 3198 3199 2180 2179
8712 3 2 0 1249 3199 3200 2181 2180
8713 3 2 0 1249 3200 1978 475 2181
8714 3 2 0 1250 301 522 523 302
8715 3 2 0 1251 302 523 2182 1651
8716 3 2 0 1251 1651 2182 2183 1652
8717 3 2 0 1251 1652 2183 2184 1653
8718 3 2 0 1251 1653 2184 2185 1654
8719 3 2 0 1251 1654 2185 476 225
8720 3 2 0 1252 522 2178 2182 523
8721 3 2 0 1252 2178 2179 2183 2182
8722 3 2 0 1252 2179 2180 2184 2183
8723 3 2 0 1252 2180 2181 2185 2184
8724 3 2 0 1252 2181 475 476 2185
8725 3 2 0 1253 302 523 524 303
8726 3 2 0 1254 303 524 2186 1656
8727 3 2 0 1254 1656 2186 2187 1657
8728 3 2 0 1254 1657 2187 2188 1658
8729 3 2 0 1254 1658 2188 2189 1659
8730 3 2 0 1254 1659 2189 477 226
8731 3 2 0 1255 523 2182 2186 524
8732 3 2 0 1255 2182 2183 2187 2186
8733 3 2 0 1255 2183 2184 2188 2187
8734 3 2 0 1255 2184 2185 2189 2188
8735 3 2 0 1255 2185 476 477 2189
8736 3 2 0 1256 303 524 525 304
8737 3 2 0 1257 304 525 2190 1661
8738 3 2 0 1257 1661 2190 2191 1662
8739 3 2 0 1257 1662 2191 2192 1663
8740 3 2 0 1257 1663 2192 2193 1664
8741 3 2 0 1257 1664 2193 478 227
8742 3 2 0 1258 524 2186 2190 525
8743 3 2 0 1258 2186 2187 2191 2190
8744 3 2 0 1258 2187 2188 2192 2191
8745 3 2 0 1258 2188 2189 2193 2192
8746 3 2 0 1258 2189 477 478 2193
8747 3 2 0 1259 304 525 526 305
8748 3 2 0 1260 305 526 2194 1666
8749 3 2 0 1260 1666 2194 2195 1667
8750 3 2 0 1260 1667 2195 2196 1668
8751 3 2 0 1260 1668 2196 2197 1669
8752 3 2 0 1260 1669 2197 479 228
8753 3 2 0 1261 525 2190 2194 526
8754 3 2 0 1261 2190 2191 2195 2194
8755 3 2 0 1261 2191 2192 2196 2195
8756 3 2 0 1261 2192 2193 2197 2196
8757 3 2 0 1261 2193 478 479 2197
8758 3 2 0 1262 305 526 2198 1676
8759 3 2 0 1262 1676 2198 527 306
8760 3 2 0 1263 306 527 2199 1671
8761 3 2 0 1263 1671 2199 2200 1672
8762 3 2 0 1263 1672 2200 2201 1673
8763 3 2 0 1263 1673 2201 2202 1674
8764 3 2 0 1263 1674 2202 480 229
8765 3 2 0 1264 526 2194 3201 2198
8766 3 2 0 1264 2194 2195 3202 3201
8767 3 2 0 1264 2195 2196 3203 3202
8768 3 2 0 1264 2196 2197 3204 3203
8769 3 2 0 1264 2197 479 1994 3204
8770 3 2 0 1264 2198 3201 2199 527
8771 3 2 0 1264 3201 3202 2200 2199
8772 3 2 0 1264 3202 3203 2201 2200
8773 3 2 0 1264 3203 3204 2202 2201
8774 3 2 0 1264 3204 1994 480 2202
8775 3 2 0 1265 306 527 528 307
8776 3 2 0 1266 307 528 2203 1677
8777 3 2 0 1266 1677 2203 2204 1678
8778 3 2 0 1266 1678 2204 2205 1679
8779 3 2 0 1266 1679 2205 2206 1680
8780 3 2 0 1266 1680 2206 481 230
8781 3 2 0 1267 527 2199 2203 528
8782 3 2 0 1267 2199 2200 2204 2203
8783 3 2 0 1267 2200 2201 2205 2204
8784 3 2 0 1267 2201 2202 2206 2205
8785 3 2 0 1267 2202 480 481 2206
8786 3 2 0 1268 307 528 2207 1687
8787 3 2 0 1268 1687 2207 2208 1688
8788 3 2 0 1268 1688 2208 529 308
8789 3 2 0 1269 308 529 2209 1682
8790 3 2 0 1269 1682 2209 2210 1683
8791 3 2 0 1269 1683 2210 2211 1684
8792 3 2 0 1269 1684 2211 2212 1685
8793 3 2 0 1269 1685 2212 518 231
8794 3 2 0 1270 528 2203 3205 2207
8795 3 2 0 1270 2203 2204 3206 3205
8796 3 2 0 1270 2204 2205 3207 3206
8797 3 2 0 1270 2205 2206 3208 3207
8798 3 2 0 1270 2206 481 2158 3208
8799 3 2 0 1270 2207 3205 3209 2208
8800 3 2 0 1270 3205 3206 3210 3209
8801 3 2 0 1270 3206 3207 3211 3210
8802 3 2 0 1270 3207 3208 3212 3211
8803 3 2 0 1270 3208 2158 2159 3212
8804 3 2 0 1270 2208 3209 2209 529
8805 3 2 0 1270 3209 3210 2210 2209
8806 3 2 0 1270 3210 3211 2211 2210
8807 3 2 0 1270 3211 3212 2212 2211
8808 3 2 0 1270 3212 2159 518 2212
8809 3 2 0 1271 232 482 530 309
8810 3 2 0 1272 233 310 531 483
8811 3 2 0 1273 309 530 2213 1689
8812 3 2 0 1273 1689 2213 531 310
8813 3 2 0 1274 482 2009 2213 530
8814 3 2 0 1274 2009 483 531 2213
8815 3 2 0 1275 254 331 532 484
8816 3 2 0 1276 310 531 532 331
8817 3 2 0 1277 483 484 532 531
8818 3 2 0 1278 265 342 533 485
8819 3 2 0 1279 331 532 533 342
8820 3 2 0 1280 484 485 533 532
8821 3 2 0 1281 276 353 534 486
8822 3 2 0 1282 342 533 534 353
8823 3 2 0 1283 485 486 534 533
8824 3 2 0 1284 287 364 535 487
8825 3 2 0 1285 353 534 535 364
8826 3 2 0 1286 486 487 535 534
8827 3 2 0 1287 298 375 536 488
8828 3 2 0 1288 364 535 2214 1736
8829 3 2 0 1288 1736 2214 536 375
8830 3 2 0 1289 487 2030 2214 535
8831 3 2 0 1289 2030 488 536 2214
8832 3 2 0 1290 252 330 537 489
8833 3 2 0 1291 253 490 538 329
8834 3 2 0 1292 330 1709 2215 537
8835 3 2 0 1292 1709 329 538 2215
8836 3 2 0 1293 489 537 2215 2039
8837 3 2 0 1293 2039 2215 538 490
8838 3 2 0 1294 264 491 539 341
8839 3 2 0 1295 329 341 539 538
8840 3 2 0 1296 490 538 539 491
8841 3 2 0 1297 275 492 540 352
8842 3 2 0 1298 341 352 540 539
8843 3 2 0 1299 491 539 540 492
8844 3 2 0 1300 286 493 541 363
8845 3 2 0 1301 352 363 541 540
8846 3 2 0 1302 492 540 541 493
8847 3 2 0 1303 297 494 542 374
8848 3 2 0 1304 363 374 542 541
8849 3 2 0 1305 493 541 542 494
8850 3 2 0 1306 308 495 543 385
8851 3 2 0 1307 374 1752 2216 542
8852 3 2 0 1307 1752 385 543 2216
8853 3 2 0 1308 494 542 2216 2060
8854 3 2 0 1308 2060 2216 543 495
8855 3 2 0 1309 232 309 544 502
8856 3 2 0 1310 234 503 545 312
8857 3 2 0 1311 309 1693 2217 544
8858 3 2 0 1311 1693 1694 2218 2217
8859 3 2 0 1311 1694 312 545 2218
8860 3 2 0 1312 502 544 2217 2087
8861 3 2 0 1312 2087 2217 2218 2088
8862 3 2 0 1312 2088 2218 545 503
8863 3 2 0 1313 236 504 546 314
8864 3 2 0 1314 312 314 546 545
8865 3 2 0 1315 503 545 546 504
8866 3 2 0 1316 238 505 547 316
8867 3 2 0 1317 314 1698 2219 546
8868 3 2 0 1317 1698 316 547 2219
8869 3 2 0 1318 504 546 2219 2101
8870 3 2 0 1318 2101 2219 547 505
8871 3 2 0 1319 240 506 548 318
8872 3 2 0 1320 316 318 548 547
8873 3 2 0 1321 505 547 548 506
8874 3 2 0 1322 242 507 549 320
8875 3 2 0 1323 318 320 549 548
8876 3 2 0 1324 506 548 549 507
8877 3 2 0 1325 244 508 550 322
8878 3 2 0 1326 320 322 550 549
8879 3 2 0 1327 507 549 550 508
8880 3 2 0 1328 246 509 551 324
8881 3 2 0 1329 322 324 551 550
8882 3 2 0 1330 508 550 551 509
8883 3 2 0 1331 248 510 552 326
8884 3 2 0 1332 324 1705 2220 551
8885 3 2 0 1332 1705 326 552 2220
8886 3 2 0 1333 509 551 2220 2122
8887 3 2 0 1333 2122 2220 552 510
8888 3 2 0 1334 250 511 553 328
8889 3 2 0 1335 326 328 553 552
8890 3 2 0 1336 510 552 553 511
8891 3 2 0 1337 252 512 554 330
8892 3 2 0 1338 328 1710 2221 553
8893 3 2 0 1338 1710 1711 2222 2221
8894 3 2 0 1338 1711 330 554 2222
8895 3 2 0 1339 511 553 2221 2131
8896 3 2 0 1339 2131 2221 2222 2132
8897 3 2 0 1339 2132 2222 554 512
8898 3 2 0 1340 298 519 555 375
8899 3 2 0 1341 299 376 556 520
8900 3 2 0 1342 375 555 2223 1737
8901 3 2 0 1342 1737 2223 2224 1738
8902 3 2 0 1342 1738 2224 556 376
8903 3 2 0 1343 519 2163 2223 555
8904 3 2 0 1343 2163 2164 2224 2223
8905 3 2 0 1343 2164 520 556 2224
8906 3 2 0 1344 300 377 557 521
8907 3 2 0 1345 376 556 557 377
8908 3 2 0 1346 520 521 557 556
8909 3 2 0 1347 301 378 558 522
8910 3 2 0 1348 377 557 2225 1741
8911 3 2 0 1348 1741 2225 558 378
8912 3 2 0 1349 521 2177 2225 557
8913 3 2 0 1349 2177 522 558 2225
8914 3 2 0 1350 302 379 559 523
8915 3 2 0 1351 378 558 559 379
8916 3 2 0 1352 522 523 559 558
8917 3 2 0 1353 303 380 560 524
8918 3 2 0 1354 379 559 560 380
8919 3 2 0 1355 523 524 560 559
8920 3 2 0 1356 304 381 561 525
8921 3 2 0 1357 380 560 561 381
8922 3 2 0 1358 524 525 561 560
8923 3 2 0 1359 305 382 562 526
8924 3 2 0 1360 381 561 562 382
8925 3 2 0 1361 525 526 562 561
8926 3 2 0 1362 306 383 563 527
8927 3 2 0 1363 382 562 2226 1747
8928 3 2 0 1363 1747 2226 563 383
8929 3 2 0 1364 526 2198 2226 562
8930 3 2 0 1364 2198 527 563 2226
8931 3 2 0 1365 307 384 564 528
8932 3 2 0 1366 383 563 564 384
8933 3 2 0 1367 527 528 564 563
8934 3 2 0 1368 308 385 565 529
8935 3 2 0 1369 384 564 2227 1750
8936 3 2 0 1369 1750 2227 2228 1751
8937 3 2 0 1369 1751 2228 565 385
8938 3 2 0 1370 528 2207 2227 564
8939 3 2 0 1370 2207 2208 2228 2227
8940 3 2 0 1370 2208 529 565 2228
8941 3 2 0 1371 1 496 566 386
8942 3 2 0 1372 2 387 567 497
8943 3 2 0 1373 386 566 2229 1753
8944 3 2 0 1373 1753 2229 2230 1754
8945 3 2 0 1373 1754 2230 2231 1755
8946 3 2 0 1373 1755 2231 2232 1756
8947 3 2 0 1373 1756 2232 567 387
8948 3 2 0 1374 496 2065 2229 566
8949 3 2 0 1374 2065 2066 2230 2229
8950 3 2 0 1374 2066 2067 2231 2230
8951 3 2 0 1374 2067 2068 2232 2231
8952 3 2 0 1374 2068 497 567 2232
8953 3 2 0 1375 155 500 568 400
8954 3 2 0 1376 400 568 2233 1785
8955 3 2 0 1376 1785 2233 2234 1786
8956 3 2 0 1376 1786 2234 2235 1787
8957 3 2 0 1376 1787 2235 566 386
8958 3 2 0 1377 500 2079 2233 568
8959 3 2 0 1377 2079 2080 2234 2233
8960 3 2 0 1377 2080 2081 2235 2234
8961 3 2 0 1377 2081 496 566 2235
8962 3 2 0 1378 232 502 569 482
8963 3 2 0 1379 482 569 2236 2001
8964 3 2 0 1379 2001 2236 2237 2002
8965 3 2 0 1379 2002 2237 2238 2003
8966 3 2 0 1379 2003 2238 2239 2004
8967 3 2 0 1379 2004 2239 568 400
8968 3 2 0 1380 502 2093 2236 569
8969 3 2 0 1380 2093 2094 2237 2236
8970 3 2 0 1380 2094 2095 2238 2237
8971 3 2 0 1380 2095 2096 2239 2238
8972 3 2 0 1380 2096 500 568 2239
8973 3 2 0 1381 134 399 570 513
8974 3 2 0 1382 133 514 571 398
8975 3 2 0 1383 399 1780 2240 570
8976 3 2 0 1383 1780 1781 2241 2240
8977 3 2 0 1383 1781 1782 2242 2241
8978 3 2 0 1383 1782 1783 2243 2242
8979 3 2 0 1383 1783 398 571 2243
8980 3 2 0 1384 513 570 2240 2141
8981 3 2 0 1384 2141 2240 2241 2142
8982 3 2 0 1384 2142 2241 2242 2143
8983 3 2 0 1384 2143 2242 2243 2144
8984 3 2 0 1384 2144 2243 571 514
8985 3 2 0 1385 221 406 572 517
8986 3 2 0 1386 406 1804 2244 572
8987 3 2 0 1386 1804 1805 2245 2244
8988 3 2 0 1386 1805 1806 2246 2245
8989 3 2 0 1386 1806 399 570 2246
8990 3 2 0 1387 517 572 2244 2155
8991 3 2 0 1387 2155 2244 2245 2156
8992 3 2 0 1387 2156 2245 2246 2157
8993 3 2 0 1387 2157 2246 570 513
8994 3 2 0 1388 298 488 573 519
8995 3 2 0 1389 488 2026 2247 573
8996 3 2 0 1389 2026 2027 2248 2247
8997 3 2 0 1389 2027 2028 2249 2248
8998 3 2 0 1389 2028 2029 2250 2249
8999 3 2 0 1389 2029 406 572 2250
9000 3 2 0 1390 519 573 2247 2169
9001 3 2 0 1390 2169 2247 2248 2170
9002 3 2 0 1390 2170 2248 2249 2171
9003 3 2 0 1390 2171 2249 2250 2172
9004 3 2 0 1390 2172 2250 572 517
9005 3 2 0 1391 41 407 574 498
9006 3 2 0 1392 42 499 575 408
9007 3 2 0 1393 407 1808 2251 574
9008 3 2 0 1393 1808 1809 2252 2251
9009 3 2 0 1393 1809 1810 2253 2252
9010 3 2 0 1393 1810 1811 2254 2253
9011 3 2 0 1393 1811 408 575 2254
9012 3 2 0 1394 498 574 2251 2071
9013 3 2 0 1394 2071 2251 2252 2072
9014 3 2 0 1394 2072 2252 2253 2073
9015 3 2 0 1394 2073 2253 2254 2074
9016 3 2 0 1394 2074 2254 575 499
9017 3 2 0 1395 175 421 576 501
9018 3 2 0 1396 421 1840 2255 576
9019 3 2 0 1396 1840 1841 2256 2255
9020 3 2 0 1396 1841 1842 2257 2256
9021 3 2 0 1396 1842 407 574 2257
9022 3 2 0 1397 501 576 2255 2084
9023 3 2 0 1397 2084 2255 2256 2085
9024 3 2 0 1397 2085 2256 2257 2086
9025 3 2 0 1397 2086 2257 574 498
9026 3 2 0 1398 252 489 577 512
9027 3 2 0 1399 489 2031 2258 577
9028 3 2 0 1399 2031 2032 2259 2258
9029 3 2 0 1399 2032 2033 2260 2259
9030 3 2 0 1399 2033 2034 2261 2260
9031 3 2 0 1399 2034 421 576 2261
9032 3 2 0 1400 512 577 2258 2133
9033 3 2 0 1400 2133 2258 2259 2134
9034 3 2 0 1400 2134 2259 2260 2135
9035 3 2 0 1400 2135 2260 2261 2136
9036 3 2 0 1400 2136 2261 576 501
9037 3 2 0 1401 154 515 578 420
9038 3 2 0 1402 153 419 579 516
9039 3 2 0 1403 420 578 2262 1835
9040 3 2 0 1403 1835 2262 2263 1836
9041 3 2 0 1403 1836 2263 2264 1837
9042 3 2 0 1403 1837 2264 2265 1838
9043 3 2 0 1403 1838 2265 579 419
9044 3 2 0 1404 515 2147 2262 578
9045 3 2 0 1404 2147 2148 2263 2262
9046 3 2 0 1404 2148 2149 2264 2263
9047 3 2 0 1404 2149 2150 2265 2264
9048 3 2 0 1404 2150 516 579 2265
9049 3 2 0 1405 231 518 580 427
9050 3 2 0 1406 427 580 2266 1859
9051 3 2 0 1406 1859 2266 2267 1860
9052 3 2 0 1406 1860 2267 2268 1861
9053 3 2 0 1406 1861 2268 578 420
9054 3 2 0 1407 518 2160 2266 580
9055 3 2 0 1407 2160 2161 2267 2266
9056 3 2 0 1407 2161 2162 2268 2267
9057 3 2 0 1407 2162 515 578 2268
9058 3 2 0 1408 308 529 581 495
9059 3 2 0 1409 495 581 2269 2056
9060 3 2 0 1409 2056 2269 2270 2057
9061 3 2 0 1409 2057 2270 2271 2058
9062 3 2 0 1409 2058 2271 2272 2059
9063 3 2 0 1409 2059 2272 580 427
9064 3 2 0 1410 529 2209 2269 581
9065 3 2 0 1410 2209 2210 2270 2269
9066 3 2 0 1410 2210 2211 2271 2270
9067 3 2 0 1410 2211 2212 2272 2271
9068 3 2 0 1410 2212 518 580 2272
9069 3 2 0 1411 309 544 582 530
9070 3 2 0 1412 482 530 582 569
9071 3 2 0 1413 502 569 582 544
9072 3 2 0 1414 375 536 583 555
9073 3 2 0 1415 488 573 583 536
9074 3 2 0 1416 519 555 583 573
9075 3 2 0 1417 330 537 584 554
9076 3 2 0 1418 489 577 584 537
9077 3 2 0 1419 512 554 584 577
9078 3 2 0 1420 385 565 585 543
9079 3 2 0 1421 495 543 585 581
9080 3 2 0 1422 529 581 585 565
9081 5 2 0 1 2273 586 1 595 3213 2281 606 2297
9082 5 2 0 1 3213 2281 606 2297 3214 2285 607 2298
9083 5 2 0 1 3214 2285 607 2298 2277 596 5 605
9084 5 2 0 1 591 2273 595 4 2289 3213 2297 610
9085 5 2 0 1 2289 3213 2297 610 2293 3214 2298 611
9086 5 2 0 1 2293 3214 2298 611 601 2277 605 8
9087 5 2 0 1 2274 587 586 2273 3215 2282 2281 3213
9088 5 2 0 1 3215 2282 2281 3213 3216 2286 2285 3214
9089 5 2 0 1 3216 2286 2285 3214 2278 597 596 2277
9090 5 2 0 1 592 2274 2273 591 2290 3215 3213 2289
9091 5 2 0 1 2290 3215 3213 2289 2294 3216 3214 2293
9092 5 2 0 1 2294 3216 3214 2293 602 2278 2277 601
9093 5 2 0 1 2275 588 587 2274 3217 2283 2282 3215
9094 5 2 0 1 3217 2283 2282 3215 3218 2287 2286 3216
9095 5 2 0 1 3218 2287 2286 3216 2279 598 597 2278
9096 5 2 0 1 593 2275 2274 592 2291 3217 3215 2290
9097 5 2 0 1 2291 3217 3215 2290 2295 3218 3216 2294
9098 5 2 0 1 2295 3218 3216 2294 603 2279 2278 602
9099 5 2 0 1 2276 589 588 2275 3219 2284 2283 3217
9100 5 2 0 1 3219 2284 2283 3217 3220 2288 2287 3218
9101 5 2 0 1 3220 2288 2287 3218 2280 599 598 2279
9102 5 2 0 1 594 2276 2275 593 2292 3219 3217 2291
9103 5 2 0 1 2292 3219 3217 2291 2296 3220 3218 2295
9104 5 2 0 1 2296 3220 3218 2295 604 2280 2279 603
9105 5 2 0 1 590 2 589 2276 2299 608 2284 3219
9106 5 2 0 1 2299 608 2284 3219 2300 609 2288 3220
9107 5 2 0 1 2300 609 2288 3220 600 6 599 2280
9108 5 2 0 1 3 590 2276 594 612 2299 3219 2292
9109 5 2 0 1 612 2299 3219 2292 613 2300 3220 2296
9110 5 2 0 1 613 2300 3220 2296 7 600 2280 604
9111 5 2 0 2 2277 596 5 605 2301 614 9 623
9112 5 2 0 2 601 2277 605 8 619 2301 623 12
9113 5 2 0 2 2278 597 596 2277 2302 615 614 2301
9114 5 2 0 2 602 2278 2277 601 620 2302 2301 619
9115 5 2 0 2 2279 598 597 2278 2303 616 615 2302
9116 5 2 0 2 603 2279 2278 602 621 2303 2302 620
9117 5 2 0 2 2280 599 598 2279 2304 617 616 2303
9118 5 2 0 2 604 2280 2279 603 622 2304 2303 621
9119 5 2 0 2 600 6 599 2280 618 10 617 2304
9120 5 2 0 2 7 600 2280 604 11 618 2304 622
9121 5 2 0 3 2301 614 9 623 3221 2309 634 2317
9122 5 2 0 3 3221 2309 634 2317 2305 624 13 633
9123 5 2 0 3 619 2301 623 12 2313 3221 2317 636
9124 5 2 0 3 2313 3221 2317 636 629 2305 633 16
9125 5 2 0 3 2302 615 614 2301 3222 2310 2309 3221
9126 5 2 0 3 3222 2310 2309 3221 2306 625 624 2305
9127 5 2 0 3 620 2302 2301 619 2314 3222 3221 2313
9128 5 2 0 3 2314 3222 3221 2313 630 2306 2305 629
9129 5 2 0 3 2303 616 615 2302 3223 2311 2310 3222
9130 5 2 0 3 3223 2311 2310 3222 2307 626 625 2306
9131 5 2 0 3 621 2303 2302 620 2315 3223 3222 2314
9132 5 2 0 3 2315 3223 3222 2314 631 2307 2306 630
9133 5 2 0 3 2304 617 616 2303 3224 2312 2311 3223
9134 5 2 0 3 3224 2312 2311 3223 2308 627 626 2307
9135 5 2 0 3 622 2304 2303 621 2316 3224 3223 2315
9136 5 2 0 3 2316 3224 3223 2315 632 2308 2307 631
9137 5 2 0 3 618 10 617 2304 2318 635 2312 3224
9138 5 2 0 3 2318 635 2312 3224 628 14 627 2308
9139 5 2 0 3 11 618 2304 622 637 2318 3224 2316
9140 5 2 0 3 637 2318 3224 2316 15 628 2308 632
9141 5 2 0 4 2305 624 13 633 2319 638 17 647
9142 5 2 0 4 629 2305 633 16 643 2319 647 20
9143 5 2 0 4 2306 625 624 2305 2320 639 638 2319
9144 5 2 0 4 630 2306 2305 629 644 2320 2319 643
9145 5 2 0 4 2307 626 625 2306 2321 640 639 2320
9146 5 2 0 4 631 2307 2306 630 645 2321 2320 644
9147 5 2 0 4 2308 627 626 2307 2322 641 640 2321
9148 5 2 0 4 632 2308 2307 631 646 2322 2321 645
9149 5 2 0 4 628 14 627 2308 642 18 641 2322
9150 5 2 0 4 15 628 2308 632 19 642 2322 646
9151 5 2 0 5 2319 638 17 647 2323 648 21 657
9152 5 2 0 5 643 2319 647 20 653 2323 657 24
9153 5 2 0 5 2320 639 638 2319 2324 649 648 2323
9154 5 2 0 5 644 2320 2319 643 654 2324 2323 653
9155 5 2 0 5 2321 640 639 2320 2325 650 649 2324
9156 5 2 0 5 645 2321 2320 644 655 2325 2324 654
9157 5 2 0 5 2322 641 640 2321 2326 651 650 2325
9158 5 2 0 5 646 2322 2321 645 656 2326 2325 655
9159 5 2 0 5 642 18 641 2322 652 22 651 2326
9160 5 2 0 5 19 642 2322 646 23 652 2326 656
9161 5 2 0 6 2323 648 21 657 2327 658 25 667
9162 5 2 0 6 653 2323 657 24 663 2327 667 28
9163 5 2 0 6 2324 649 648 2323 2328 659 658 2327
9164 5 2 0 6 654 2324 2323 653 664 2328 2327 663
9165 5 2 0 6 2325 650 649 2324 2329 660 659 2328
9166 5 2 0 6 655 2325 2324 654 665 2329 2328 664
9167 5 2 0 6 2326 651 650 2325 2330 661 660 2329
9168 5 2 0 6 656 2326 2325 655 666 2330 2329 665
9169 5 2 0 6 652 22 651 2326 662 26 661 2330
9170 5 2 0 6 23 652 2326 656 27 662 2330 666
9171 5 2 0 7 2327 658 25 667 2331 668 29 677
9172 5 2 0 7 663 2327 667 28 673 2331 677 32
9173 5 2 0 7 2328 659 658 2327 2332 669 668 2331
9174 5 2 0 7 664 2328 2327 663 674 2332 2331 673
9175 5 2 0 7 2329 660 659 2328 2333 670 669 2332
9176 5 2 0 7 665 2329 2328 664 675 2333 2332 674
9177 5 2 0 7 2330 661 660 2329 2334 671 670 2333
9178 5 2 0 7 666 2330 2329 665 676 2334 2333 675
9179 5 2 0 7 662 26 661 2330 672 30 671 2334
9180 5 2 0 7 27 662 2330 666 31 672 2334 676
9181 5 2 0 8 2331 668 29 677 3225 2339 688 2347
9182 5 2 0 8 3225 2339 688 2347 2335 678 33 687
9183 5 2 0 8 673 2331 677 32 2343 3225 2347 690
9184 5 2 0 8 2343 3225 2347 690 683 2335 687 36
9185 5 2 0 8 2332 669 668 2331 3226 2340 2339 3225
9186 5 2 0 8 3226 2340 2339 3225 2336 679 678 2335
9187 5 2 0 8 674 2332 2331 673 2344 3226 3225 2343
9188 5 2 0 8 2344 3226 3225 2343 684 2336 2335 683
9189 5 2 0 8 2333 670 669 2332 3227 2341 2340 3226
9190 5 2 0 8 3227 2341 2340 3226 2337 680 679 2336
9191 5 2 0 8 675 2333 2332 674 2345 3227 3226 2344
9192 5 2 0 8 2345 3227 3226 2344 685 2337 2336 684
9193 5 2 0 8 2334 671 670 2333 3228 2342 2341 3227
9194 5 2 0 8 3228 2342 2341 3227 2338 681 680 2337
9195 5 2 0 8 676 2334 2333 675 2346 3228 3227 2345
9196 5 2 0 8 2346 3228 3227 2345 686 2338 2337 685
9197 5 2 0 8 672 30 671 2334 2348 689 2342 3228
9198 5 2 0 8 2348 689 2342 3228 682 34 681 2338
9199 5 2 0 8 31 672 2334 676 691 2348 3228 2346
9200 5 2 0 8 691 2348 3228 2346 35 682 2338 686
9201 5 2 0 9 2335 678 33 687 2349 692 37 701
9202 5 2 0 9 683 2335 687 36 697 2349 701 40
9203 5 2 0 9 2336 679 678 2335 2350 693 692 2349
9204 5 2 0 9 684 2336 2335 683 698 2350 2349 697
9205 5 2 0 9 2337 680 679 2336 2351 694 693 2350
9206 5 2 0 9 685 2337 2336 684 699 2351 2350 698
9207 5 2 0 9 2338 681 680 2337 2352 695 694 2351
9208 5 2 0 9 686 2338 2337 685 700 2352 2351 699
9209 5 2 0 9 682 34 681 2338 696 38 695 2352
9210 5 2 0 9 35 682 2338 686 39 696 2352 700
9211 5 2 0 10 2349 692 37 701 3229 2357 712 2373
9212 5 2 0 10 3229 2357 712 2373 3230 2361 713 2374
9213 5 2 0 10 3230 2361 713 2374 2353 702 41 711
9214 5 2 0 10 697 2349 701 40 2365 3229 2373 716
9215 5 2 0 10 2365 3229 2373 716 2369 3230 2374 717
9216 5 2 0 10 2369 3230 2374 717 707 2353 711 44
9217 5 2 0 10 2350 693 692 2349 3231 2358 2357 3229
9218 5 2 0 10 3231 2358 2357 3229 3232 2362 2361 3230
9219 5 2 0 10 3232 2362 2361 3230 2354 703 702 2353
9220 5 2 0 10 698 2350 2349 697 2366 3231 3229 2365
9221 5 2 0 10 2366 3231 3229 2365 2370 3232 3230 2369
9222 5 2 0 10 2370 3232 3230 2369 708 2354 2353 707
9223 5 2 0 10 2351 694 693 2350 3233 2359 2358 3231
9224 5 2 0 10 3233 2359 2358 3231 3234 2363 2362 3232
9225 5 2 0 10 3234 2363 2362 3232 2355 704 703 2354
9226 5 2 0 10 699 2351 2350 698 2367 3233 3231 2366
9227 5 2 0 10 2367 3233 3231 2366 2371 3234 3232 2370
9228 5 2 0 10 2371 3234 3232 2370 709 2355 2354 708
9229 5 2 0 10 2352 695 694 2351 3235 2360 2359 3233
9230 5 2 0 10 3235 2360 2359 3233 3236 2364 2363 3234
9231 5 2 0 10 3236 2364 2363 3234 2356 705 704 2355
9232 5 2 0 10 700 2352 2351 699 2368 3235 3233 2367
9233 5 2 0 10 2368 3235 3233 2367 2372 3236 3234 2371
9234 5 2 0 10 2372 3236 3234 2371 710 2356 2355 709
9235 5 2 0 10 696 38 695 2352 2375 714 2360 3235
9236 5 2 0 10 2375 714 2360 3235 2376 715 2364 3236
9237 5 2 0 10 2376 715 2364 3236 706 42 705 2356
9238 5 2 0 10 39 696 2352 700 718 2375 3235 2368
9239 5 2 0 10 718 2375 3235 2368 719 2376 3236 2372
9240 5 2 0 10 719 2376 3236 2372 43 706 2356 710
9241 5 2 0 11 720 591 4 46 2377 2289 610 728
9242 5 2 0 11 2377 2289 610 728 2381 2293 611 729
9243 5 2 0 11 2381 2293 611 729 724 601 8 48
9244 5 2 0 11 721 592 591 720 2378 2290 2289 2377
9245 5 2 0 11 2378 2290 2289 2377 2382 2294 2293 2381
9246 5 2 0 11 2382 2294 2293 2381 725 602 601 724
9247 5 2 0 11 722 593 592 721 2379 2291 2290 2378
9248 5 2 0 11 2379 2291 2290 2378 2383 2295 2294 2382
9249 5 2 0 11 2383 2295 2294 2382 726 603 602 725
9250 5 2 0 11 723 594 593 722 2380 2292 2291 2379
9251 5 2 0 11 2380 2292 2291 2379 2384 2296 2295 2383
9252 5 2 0 11 2384 2296 2295 2383 727 604 603 726
9253 5 2 0 11 45 3 594 723 730 612 2292 2380
9254 5 2 0 11 730 612 2292 2380 731 613 2296 2384
9255 5 2 0 11 731 613 2296 2384 47 7 604 727
9256 5 2 0 12 724 601 8 48 732 619 12 50
9257 5 2 0 12 725 602 601 724 733 620 619 732
9258 5 2 0 12 726 603 602 725 734 621 620 733
9259 5 2 0 12 727 604 603 726 735 622 621 734
9260 5 2 0 12 47 7 604 727 49 11 622 735
9261 5 2 0 13 732 619 12 50 2385 2313 636 740
9262 5 2 0 13 2385 2313 636 740 736 629 16 52
9263 5 2 0 13 733 620 619 732 2386 2314 2313 2385
9264 5 2 0 13 2386 2314 2313 2385 737 630 629 736
9265 5 2 0 13 734 621 620 733 2387 2315 2314 2386
9266 5 2 0 13 2387 2315 2314 2386 738 631 630 737
9267 5 2 0 13 735 622 621 734 2388 2316 2315 2387
9268 5 2 0 13 2388 2316 2315 2387 739 632 631 738
9269 5 2 0 13 49 11 622 735 741 637 2316 2388
9270 5 2 0 13 741 637 2316 2388 51 15 632 739
9271 5 2 0 14 736 629 16 52 742 643 20 54
9272 5 2 0 14 737 630 629 736 743 644 643 742
9273 5 2 0 14 738 631 630 737 744 645 644 743
9274 5 2 0 14 739 632 631 738 745 646 645 744
9275 5 2 0 14 51 15 632 739 53 19 646 745
9276 5 2 0 15 742 643 20 54 746 653 24 56
9277 5 2 0 15 743 644 643 742 747 654 653 746
9278 5 2 0 15 744 645 644 743 748 655 654 747
9279 5 2 0 15 745 646 645 744 749 656 655 748
9280 5 2 0 15 53 19 646 745 55 23 656 749
9281 5 2 0 16 746 653 24 56 750 663 28 58
9282 5 2 0 16 747 654 653 746 751 664 663 750
9283 5 2 0 16 748 655 654 747 752 665 664 751
9284 5 2 0 16 749 656 655 748 753 666 665 752
9285 5 2 0 16 55 23 656 749 57 27 666 753
9286 5 2 0 17 750 663 28 58 754 673 32 60
9287 5 2 0 17 751 664 663 750 755 674 673 754
9288 5 2 0 17 752 665 664 751 756 675 674 755
9289 5 2 0 17 753 666 665 752 757 676 675 756
9290 5 2 0 17 57 27 666 753 59 31 676 757
9291 5 2 0 18 754 673 32 60 2389 2343 690 762
9292 5 2 0 18 2389 2343 690 762 758 683 36 62
9293 5 2 0 18 755 674 673 754 2390 2344 2343 2389
9294 5 2 0 18 2390 2344 2343 2389 759 684 683 758
9295 5 2 0 18 756 675 674 755 2391 2345 2344 2390
9296 5 2 0 18 2391 2345 2344 2390 760 685 684 759
9297 5 2 0 18 757 676 675 756 2392 2346 2345 2391
9298 5 2 0 18 2392 2346 2345 2391 761 686 685 760
9299 5 2 0 18 59 31 676 757 763 691 2346 2392
9300 5 2 0 18 763 691 2346 2392 61 35 686 761
9301 5 2 0 19 758 683 36 62 764 697 40 64
9302 5 2 0 19 759 684 683 758 765 698 697 764
9303 5 2 0 19 760 685 684 759 766 699 698 765
9304 5 2 0 19 761 686 685 760 767 700 699 766
9305 5 2 0 19 61 35 686 761 63 39 700 767
9306 5 2 0 20 764 697 40 64 2393 2365 716 772
9307 5 2 0 20 2393 2365 716 772 2397 2369 717 773
9308 5 2 0 20 2397 2369 717 773 768 707 44 66
9309 5 2 0 20 765 698 697 764 2394 2366 2365 2393
9310 5 2 0 20 2394 2366 2365 2393 2398 2370 2369 2397
9311 5 2 0 20 2398 2370 2369 2397 769 708 707 768
9312 5 2 0 20 766 699 698 765 2395 2367 2366 2394
9313 5 2 0 20 2395 2367 2366 2394 2399 2371 2370 2398
9314 5 2 0 20 2399 2371 2370 2398 770 709 708 769
9315 5 2 0 20 767 700 699 766 2396 2368 2367 2395
9316 5 2 0 20 2396 2368 2367 2395 2400 2372 2371 2399
9317 5 2 0 20 2400 2372 2371 2399 771 710 709 770
9318 5 2 0 20 63 39 700 767 774 718 2368 2396
9319 5 2 0 20 774 718 2368 2396 775 719 2372 2400
9320 5 2 0 20 775 719 2372 2400 65 43 710 771
9321 5 2 0 21 776 720 46 68 2401 2377 728 784
9322 5 2 0 21 2401 2377 728 784 2405 2381 729 785
9323 5 2 0 21 2405 2381 729 785 780 724 48 70
9324 5 2 0 21 777 721 720 776 2402 2378 2377 2401
9325 5 2 0 21 2402 2378 2377 2401 2406 2382 2381 2405
9326 5 2 0 21 2406 2382 2381 2405 781 725 724 780
9327 5 2 0 21 778 722 721 777 2403 2379 2378 2402
9328 5 2 0 21 2403 2379 2378 2402 2407 2383 2382 2406
9329 5 2 0 21 2407 2383 2382 2406 782 726 725 781
9330 5 2 0 21 779 723 722 778 2404 2380 2379 2403
9331 5 2 0 21 2404 2380 2379 2403 2408 2384 2383 2407
9332 5 2 0 21 2408 2384 2383 2407 783 727 726 782
9333 5 2 0 21 67 45 723 779 786 730 2380 2404
9334 5 2 0 21 786 730 2380 2404 787 731 2384 2408
9335 5 2 0 21 787 731 2384 2408 69 47 727 783
9336 5 2 0 22 780 724 48 70 788 732 50 72
9337 5 2 0 22 781 725 724 780 789 733 732 788
9338 5 2 0 22 782 726 725 781 790 734 733 789
9339 5 2 0 22 783 727 726 782 791 735 734 790
9340 5 2 0 22 69 47 727 783 71 49 735 791
9341 5 2 0 23 788 732 50 72 2409 2385 740 796
9342 5 2 0 23 2409 2385 740 796 792 736 52 74
9343 5 2 0 23 789 733 732 788 2410 2386 2385 2409
9344 5 2 0 23 2410 2386 2385 2409 793 737 736 792
9345 5 2 0 23 790 734 733 789 2411 2387 2386 2410
9346 5 2 0 23 2411 2387 2386 2410 794 738 737 793
9347 5 2 0 23 791 735 734 790 2412 2388 2387 2411
9348 5 2 0 23 2412 2388 2387 2411 795 739 738 794
9349 5 2 0 23 71 49 735 791 797 741 2388 2412
9350 5 2 0 23 797 741 2388 2412 73 51 739 795
9351 5 2 0 24 792 736 52 74 798 742 54 76
9352 5 2 0 24 793 737 736 792 799 743 742 798
9353 5 2 0 24 794 738 737 793 800 744 743 799
9354 5 2 0 24 795 739 738 794 801 745 744 800
9355 5 2 0 24 73 51 739 795 75 53 745 801
9356 5 2 0 25 798 742 54 76 802 746 56 78
9357 5 2 0 25 799 743 742 798 803 747 746 802
9358 5 2 0 25 800 744 743 799 804 748 747 803
9359 5 2 0 25 801 745 744 800 805 749 748 804
9360 5 2 0 25 75 53 745 801 77 55 749 805
9361 5 2 0 26 802 746 56 78 806 750 58 80
9362 5 2 0 26 803 747 746 802 807 751 750 806
9363 5 2 0 26 804 748 747 803 808 752 751 807
9364 5 2 0 26 805 749 748 804 809 753 752 808
9365 5 2 0 26 77 55 749 805 79 57 753 809
9366 5 2 0 27 806 750 58 80 810 754 60 82
9367 5 2 0 27 807 751 750 806 811 755 754 810
9368 5 2 0 27 808 752 751 807 812 756 755 811
9369 5 2 0 27 809 753 752 808 813 757 756 812
9370 5 2 0 27 79 57 753 809 81 59 757 813
9371 5 2 0 28 810 754 60 82 2413 2389 762 818
9372 5 2 0 28 2413 2389 762 818 814 758 62 84
9373 5 2 0 28 811 755 754 810 2414 2390 2389 2413
9374 5 2 0 28 2414 2390 2389 2413 815 759 758 814
9375 5 2 0 28 812 756 755 811 2415 2391 2390 2414
9376 5 2 0 28 2415 2391 2390 2414 816 760 759 815
9377 5 2 0 28 813 757 756 812 2416 2392 2391 2415
9378 5 2 0 28 2416 2392 2391 2415 817 761 760 816
9379 5 2 0 28 81 59 757 813 819 763 2392 2416
9380 5 2 0 28 819 763 2392 2416 83 61 761 817
9381 5 2 0 29 814 758 62 84 820 764 64 86
9382 5 2 0 29 815 759 758 814 821 765 764 820
9383 5 2 0 29 816 760 759 815 822 766 765 821
9384 5 2 0 29 817 761 760 816 823 767 766 822
9385 5 2 0 29 83 61 761 817 85 63 767 823
9386 5 2 0 30 820 764 64 86 2417 2393 772 828
9387 5 2 0 30 2417 2393 772 828 2421 2397 773 829
9388 5 2 0 30 2421 2397 773 829 824 768 66 88
9389 5 2 0 30 821 765 764 820 2418 2394 2393 2417
9390 5 2 0 30 2418 2394 2393 2417 2422 2398 2397 2421
9391 5 2 0 30 2422 2398 2397 2421 825 769 768 824
9392 5 2 0 30 822 766 765 821 2419 2395 2394 2418
9393 5 2 0 30 2419 2395 2394 2418 2423 2399 2398 2422
9394 5 2 0 30 2423 2399 2398 2422 826 770 769 825
9395 5 2 0 30 823 767 766 822 2420 2396 2395 2419
9396 5 2 0 30 2420 2396 2395 2419 2424 2400 2399 2423
9397 5 2 0 30 2424 2400 2399 2423 827 771 770 826
9398 5 2 0 30 85 63 767 823 830 774 2396 2420
9399 5 2 0 30 830 774 2396 2420 831 775 2400 2424
9400 5 2 0 30 831 775 2400 2424 87 65 771 827
9401 5 2 0 31 832 776 68 90 2425 2401 784 840
9402 5 2 0 31 2425 2401 784 840 2429 2405 785 841
9403 5 2 0 31 2429 2405 785 841 836 780 70 92
9404 5 2 0 31 833 777 776 832 2426 2402 2401 2425
9405 5 2 0 31 2426 2402 2401 2425 2430 2406 2405 2429
9406 5 2 0 31 2430 2406 2405 2429 837 781 780 836
9407 5 2 0 31 834 778 777 833 2427 2403 2402 2426
9408 5 2 0 31 2427 2403 2402 2426 2431 2407 2406 2430
9409 5 2 0 31 2431 2407 2406 2430 838 782 781 837
9410 5 2 0 31 835 779 778 834 2428 2404 2403 2427
9411 5 2 0 31 2428 2404 2403 2427 2432 2408 2407 2431
9412 5 2 0 31 2432 2408 2407 2431 839 783 782 838
9413 5 2 0 31 89 67 779 835 842 786 2404 2428
9414 5 2 0 31 842 786 2404 2428 843 787 2408 2432
9415 5 2 0 31 843 787 2408 2432 91 69 783 839
9416 5 2 0 32 836 780 70 92 844 788 72 94
9417 5 2 0 32 837 781 780 836 845 789 788 844
9418 5 2 0 32 838 782 781 837 846 790 789 845
9419 5 2 0 32 839 783 782 838 847 791 790 846
9420 5 2 0 32 91 69 783 839 93 71 791 847
9421 5 2 0 33 844 788 72 94 2433 2409 796 852
9422 5 2 0 33 2433 2409 796 852 848 792 74 96
9423 5 2 0 33 845 789 788 844 2434 2410 2409 2433
9424 5 2 0 33 2434 2410 2409 2433 849 793 792 848
9425 5 2 0 33 846 790 789 845 2435 2411 2410 2434
9426 5 2 0 33 2435 2411 2410 2434 850 794 793 849
9427 5 2 0 33 847 791 790 846 2436 2412 2411 2435
9428 5 2 0 33 2436 2412 2411 2435 851 795 794 850
9429 5 2 0 33 93 71 791 847 853 797 2412 2436
9430 5 2 0 33 853 797 2412 2436 95 73 795 851
9431 5 2 0 34 848 792 74 96 854 798 76 98
9432 5 2 0 34 849 793 792 848 855 799 798 854
9433 5 2 0 34 850 794 793 849 856 800 799 855
9434 5 2 0 34 851 795 794 850 857 801 800 856
9435 5 2 0 34 95 73 795 851 97 75 801 857
9436 5 2 0 35 854 798 76 98 858 802 78 100
9437 5 2 0 35 855 799 798 854 859 803 802 858
9438 5 2 0 35 856 800 799 855 860 804 803 859
9439 5 2 0 35 857 801 800 856 861 805 804 860
9440 5 2 0 35 97 75 801 857 99 77 805 861
9441 5 2 0 36 858 802 78 100 862 806 80 102
9442 5 2 0 36 859 803 802 858 863 807 806 862
9443 5 2 0 36 860 804 803 859 864 808 807 863
9444 5 2 0 36 861 805 804 860 865 809 808 864
9445 5 2 0 36 99 77 805 861 101 79 809 865
9446 5 2 0 37 862 806 80 102 866 810 82 104
9447 5 2 0 37 863 807 806 862 867 811 810 866
9448 5 2 0 37 864 808 807 863 868 812 811 867
9449 5 2 0 37 865 809 808 864 869 813 812 868
9450 5 2 0 37 101 79 809 865 103 81 813 869
9451 5 2 0 38 866 810 82 104 2437 2413 818 874
9452 5 2 0 38 2437 2413 818 874 870 814 84 106
9453 5 2 0 38 867 811 810 866 2438 2414 2413 2437
9454 5 2 0 38 2438 2414 2413 2437 871 815 814 870
9455 5 2 0 38 868 812 811 867 2439 2415 2414 2438
9456 5 2 0 38 2439 2415 2414 2438 872 816 815 871
9457 5 2 0 38 869 813 812 868 2440 2416 2415 2439
9458 5 2 0 38 2440 2416 2415 2439 873 817 816 872
9459 5 2 0 38 103 81 813 869 875 819 2416 2440
9460 5 2 0 38 875 819 2416 2440 105 83 817 873
9461 5 2 0 39 870 814 84 106 876 820 86 108
9462 5 2 0 39 871 815 814 870 877 821 820 876
9463 5 2 0 39 872 816 815 871 878 822 821 877
9464 5 2 0 39 873 817 816 872 879 823 822 878
9465 5 2 0 39 105 83 817 873 107 85 823 879
9466 5 2 0 40 876 820 86 108 2441 2417 828 884
9467 5 2 0 40 2441 2417 828 884 2445 2421 829 885
9468 5 2 0 40 2445 2421 829 885 880 824 88 110
9469 5 2 0 40 877 821 820 876 2442 2418 2417 2441
9470 5 2 0 40 2442 2418 2417 2441 2446 2422 2421 2445
9471 5 2 0 40 2446 2422 2421 2445 881 825 824 880
9472 5 2 0 40 878 822 821 877 2443 2419 2418 2442
9473 5 2 0 40 2443 2419 2418 2442 2447 2423 2422 2446
9474 5 2 0 40 2447 2423 2422 2446 882 826 825 881
9475 5 2 0 40 879 823 822 878 2444 2420 2419 2443
9476 5 2 0 40 2444 2420 2419 2443 2448 2424 2423 2447
9477 5 2 0 40 2448 2424 2423 2447 883 827 826 882
9478 5 2 0 40 107 85 823 879 886 830 2420 2444
9479 5 2 0 40 886 830 2420 2444 887 831 2424 2448
9480 5 2 0 40 887 831 2424 2448 109 87 827 883
9481 5 2 0 41 888 832 90 112 2449 2425 840 896
9482 5 2 0 41 2449 2425 840 896 2453 2429 841 897
9483 5 2 0 41 2453 2429 841 897 892 836 92 114
9484 5 2 0 41 889 833 832 888 2450 2426 2425 2449
9485 5 2 0 41 2450 2426 2425 2449 2454 2430 2429 2453
9486 5 2 0 41 2454 2430 2429 2453 893 837 836 892
9487 5 2 0 41 890 834 833 889 2451 2427 2426 2450
9488 5 2 0 41 2451 2427 2426 2450 2455 2431 2430 2454
9489 5 2 0 41 2455 2431 2430 2454 894 838 837 893
9490 5 2 0 41 891 835 834 890 2452 2428 2427 2451
9491 5 2 0 41 2452 2428 2427 2451 2456 2432 2431 2455
9492 5 2 0 41 2456 2432 2431 2455 895 839 838 894
9493 5 2 0 41 111 89 835 891 898 842 2428 2452
9494 5 2 0 41 898 842 2428 2452 899 843 2432 2456
9495 5 2 0 41 899 843 2432 2456 113 91 839 895
9496 5 2 0 42 892 836 92 114 900 844 94 116
9497 5 2 0 42 893 837 836 892 901 845 844 900
9498 5 2 0 42 894 838 837 893 902 846 845 901
9499 5 2 0 42 895 839 838 894 903 847 846 902
9500 5 2 0 42 113 91 839 895 115 93 847 903
9501 5 2 0 43 900 844 94 116 2457 2433 852 908
9502 5 2 0 43 2457 2433 852 908 904 848 96 118
9503 5 2 0 43 901 845 844 900 2458 2434 2433 2457
9504 5 2 0 43 2458 2434 2433 2457 905 849 848 904
9505 5 2 0 43 902 846 845 901 2459 2435 2434 2458
9506 5 2 0 43 2459 2435 2434 2458 906 850 849 905
9507 5 2 0 43 903 847 846 902 2460 2436 2435 2459
9508 5 2 0 43 2460 2436 2435 2459 907 851 850 906
9509 5 2 0 43 115 93 847 903 909 853 2436 2460
9510 5 2 0 43 909 853 2436 2460 117 95 851 907
9511 5 2 0 44 904 848 96 118 910 854 98 120
9512 5 2 0 44 905 849 848 904 911 855 854 910
9513 5 2 0 44 906 850 849 905 912 856 855 911
9514 5 2 0 44 907 851 850 906 913 857 856 912
9515 5 2 0 44 117 95 851 907 119 97 857 913
9516 5 2 0 45 910 854 98 120 914 858 100 122
9517 5 2 0 45 911 855 854 910 915 859 858 914
9518 5 2 0 45 912 856 855 911 916 860 859 915
9519 5 2 0 45 913 857 856 912 917 861 860 916
9520 5 2 0 45 119 97 857 913 121 99 861 917
9521 5 2 0 46 914 858 100 122 918 862 102 124
9522 5 2 0 46 915 859 858 914 919 863 862 918
9523 5 2 0 46 916 860 859 915 920 864 863 919
9524 5 2 0 46 917 861 860 916 921 865 864 920
9525 5 2 0 46 121 99 861 917 123 101 865 921
9526 5 2 0 47 918 862 102 124 922 866 104 126
9527 5 2 0 47 919 863 862 918 923 867 866 922
9528 5 2 0 47 920 864 863 919 924 868 867 923
9529 5 2 0 47 921 865 864 920 925 869 868 924
9530 5 2 0 47 123 101 865 921 125 103 869 925
9531 5 2 0 48 922 866 104 126 2461 2437 874 930
9532 5 2 0 48 2461 2437 874 930 926 870 106 128
9533 5 2 0 48 923 867 866 922 2462 2438 2437 2461
9534 5 2 0 48 2462 2438 2437 2461 927 871 870 926
9535 5 2 0 48 924 868 867 923 2463 2439 2438 2462
9536 5 2 0 48 2463 2439 2438 2462 928 872 871 927
9537 5 2 0 48 925 869 868 924 2464 2440 2439 2463
9538 5 2 0 48 2464 2440 2439 2463 929 873 872 928
9539 5 2 0 48 125 103 869 925 931 875 2440 2464
9540 5 2 0 48 931 875 2440 2464 127 105 873 929
9541 5 2 0 49 926 870 106 128 932 876 108 130
9542 5 2 0 49 927 871 870 926 933 877 876 932
9543 5 2 0 49 928 872 871 927 934 878 877 933
9544 5 2 0 49 929 873 872 928 935 879 878 934
9545 5 2 0 49 127 105 873 929 129 107 879 935
9546 5 2 0 50 932 876 108 130 2465 2441 884 940
9547 5 2 0 50 2465 2441 884 940 2469 2445 885 941
9548 5 2 0 50 2469 2445 885 941 936 880 110 132
9549 5 2 0 50 933 877 876 932 2466 2442 2441 2465
9550 5 2 0 50 2466 2442 2441 2465 2470 2446 2445 2469
9551 5 2 0 50 2470 2446 2445 2469 937 881 880 936
9552 5 2 0 50 934 878 877 933 2467 2443 2442 2466
9553 5 2 0 50 2467 2443 2442 2466 2471 2447 2446 2470
9554 5 2 0 50 2471 2447 2446 2470 938 882 881 937
9555 5 2 0 50 935 879 878 934 2468 2444 2443 2467
9556 5 2 0 50 2468 2444 2443 2467 2472 2448 2447 2471
9557 5 2 0 50 2472 2448 2447 2471 939 883 882 938
9558 5 2 0 50 129 107 879 935 942 886 2444 2468
9559 5 2 0 50 942 886 2444 2468 943 887 2448 2472
9560 5 2 0 50 943 887 2448 2472 131 109 883 939
9561 5 2 0 51 2473 888 112 949 3237 2449 896 2489
9562 5 2 0 51 3237 2449 896 2489 3238 2453 897 2490
9563 5 2 0 51 3238 2453 897 2490 2477 892 114 955
9564 5 2 0 51 945 2473 949 134 2481 3237 2489 956
9565 5 2 0 51 2481 3237 2489 956 2485 3238 2490 957
9566 5 2 0 51 2485 3238 2490 957 951 2477 955 136
9567 5 2 0 51 2474 889 888 2473 3239 2450 2449 3237
9568 5 2 0 51 3239 2450 2449 3237 3240 2454 2453 3238
9569 5 2 0 51 3240 2454 2453 3238 2478 893 892 2477
9570 5 2 0 51 946 2474 2473 945 2482 3239 3237 2481
9571 5 2 0 51 2482 3239 3237 2481 2486 3240 3238 2485
9572 5 2 0 51 2486 3240 3238 2485 952 2478 2477 951
9573 5 2 0 51 2475 890 889 2474 3241 2451 2450 3239
9574 5 2 0 51 3241 2451 2450 3239 3242 2455 2454 3240
9575 5 2 0 51 3242 2455 2454 3240 2479 894 893 2478
9576 5 2 0 51 947 2475 2474 946 2483 3241 3239 2482
9577 5 2 0 51 2483 3241 3239 2482 2487 3242 3240 2486
9578 5 2 0 51 2487 3242 3240 2486 953 2479 2478 952
9579 5 2 0 51 2476 891 890 2475 3243 2452 2451 3241
9580 5 2 0 51 3243 2452 2451 3241 3244 2456 2455 3242
9581 5 2 0 51 3244 2456 2455 3242 2480 895 894 2479
9582 5 2 0 51 948 2476 2475 947 2484 3243 3241 2483
9583 5 2 0 51 2484 3243 3241 2483 2488 3244 3242 2487
9584 5 2 0 51 2488 3244 3242 2487 954 2480 2479 953
9585 5 2 0 51 944 111 891 2476 2491 898 2452 3243
9586 5 2 0 51 2491 898 2452 3243 2492 899 2456 3244
9587 5 2 0 51 2492 899 2456 3244 950 113 895 2480
9588 5 2 0 51 133 944 2476 948 958 2491 3243 2484
9589 5 2 0 51 958 2491 3243 2484 959 2492 3244 2488
9590 5 2 0 51 959 2492 3244 2488 135 950 2480 954
9591 5 2 0 52 2477 892 114 955 2493 900 116 965
9592 5 2 0 52 951 2477 955 136 961 2493 965 138
9593 5 2 0 52 2478 893 892 2477 2494 901 900 2493
9594 5 2 0 52 952 2478 2477 951 962 2494 2493 961
9595 5 2 0 52 2479 894 893 2478 2495 902 901 2494
9596 5 2 0 52 953 2479 2478 952 963 2495 2494 962
9597 5 2 0 52 2480 895 894 2479 2496 903 902 2495
9598 5 2 0 52 954 2480 2479 953 964 2496 2495 963
9599 5 2 0 52 950 113 895 2480 960 115 903 2496
9600 5 2 0 52 135 950 2480 954 137 960 2496 964
9601 5 2 0 53 2493 900 116 965 3245 2457 908 2505
9602 5 2 0 53 3245 2457 908 2505 2497 904 118 971
9603 5 2 0 53 961 2493 965 138 2501 3245 2505 972
9604 5 2 0 53 2501 3245 2505 972 967 2497 971 140
9605 5 2 0 53 2494 901 900 2493 3246 2458 2457 3245
9606 5 2 0 53 3246 2458 2457 3245 2498 905 904 2497
9607 5 2 0 53 962 2494 2493 961 2502 3246 3245 2501
9608 5 2 0 53 2502 3246 3245 2501 968 2498 2497 967
9609 5 2 0 53 2495 902 901 2494 3247 2459 2458 3246
9610 5 2 0 53 3247 2459 2458 3246 2499 906 905 2498
9611 5 2 0 53 963 2495 2494 962 2503 3247 3246 2502
9612 5 2 0 53 2503 3247 3246 2502 969 2499 2498 968
9613 5 2 0 53 2496 903 902 2495 3248 2460 2459 3247
9614 5 2 0 53 3248 2460 2459 3247 2500 907 906 2499
9615 5 2 0 53 964 2496 2495 963 2504 3248 3247 2503
9616 5 2 0 53 2504 3248 3247 2503 970 2500 2499 969
9617 5 2 0 53 960 115 903 2496 2506 909 2460 3248
9618 5 2 0 53 2506 909 2460 3248 966 117 907 2500
9619 5 2 0 53 137 960 2496 964 973 2506 3248 2504
9620 5 2 0 53 973 2506 3248 2504 139 966 2500 970
9621 5 2 0 54 2497 904 118 971 2507 910 120 979
9622 5 2 0 54 967 2497 971 140 975 2507 979 142
9623 5 2 0 54 2498 905 904 2497 2508 911 910 2507
9624 5 2 0 54 968 2498 2497 967 976 2508 2507 975
9625 5 2 0 54 2499 906 905 2498 2509 912 911 2508
9626 5 2 0 54 969 2499 2498 968 977 2509 2508 976
9627 5 2 0 54 2500 907 906 2499 2510 913 912 2509
9628 5 2 0 54 970 2500 2499 969 978 2510 2509 977
9629 5 2 0 54 966 117 907 2500 974 119 913 2510
9630 5 2 0 54 139 966 2500 970 141 974 2510 978
9631 5 2 0 55 2507 910 120 979 2511 914 122 985
9632 5 2 0 55 975 2507 979 142 981 2511 985 144
9633 5 2 0 55 2508 911 910 2507 2512 915 914 2511
9634 5 2 0 55 976 2508 2507 975 982 2512 2511 981
9635 5 2 0 55 2509 912 911 2508 2513 916 915 2512
9636 5 2 0 55 977 2509 2508 976 983 2513 2512 982
9637 5 2 0 55 2510 913 912 2509 2514 917 916 2513
9638 5 2 0 55 978 2510 2509 977 984 2514 2513 983
9639 5 2 0 55 974 119 913 2510 980 121 917 2514
9640 5 2 0 55 141 974 2510 978 143 980 2514 984
9641 5 2 0 56 2511 914 122 985 2515 918 124 991
9642 5 2 0 56 981 2511 985 144 987 2515 991 146
9643 5 2 0 56 2512 915 914 2511 2516 919 918 2515
9644 5 2 0 56 982 2512 2511 981 988 2516 2515 987
9645 5 2 0 56 2513 916 915 2512 2517 920 919 2516
9646 5 2 0 56 983 2513 2512 982 989 2517 2516 988
9647 5 2 0 56 2514 917 916 2513 2518 921 920 2517
9648 5 2 0 56 984 2514 2513 983 990 2518 2517 989
9649 5 2 0 56 980 121 917 2514 986 123 921 2518
9650 5 2 0 56 143 980 2514 984 145 986 2518 990
9651 5 2 0 57 2515 918 124 991 2519 922 126 997
9652 5 2 0 57 987 2515 991 146 993 2519 997 148
9653 5 2 0 57 2516 919 918 2515 2520 923 922 2519
9654 5 2 0 57 988 2516 2515 987 994 2520 2519 993
9655 5 2 0 57 2517 920 919 2516 2521 924 923 2520
9656 5 2 0 57 989 2517 2516 988 995 2521 2520 994
9657 5 2 0 57 2518 921 920 2517 2522 925 924 2521
9658 5 2 0 57 990 2518 2517 989 996 2522 2521 995
9659 5 2 0 57 986 123 921 2518 992 125 925 2522
9660 5 2 0 57 145 986 2518 990 147 992 2522 996
9661 5 2 0 58 2519 922 126 997 3249 2461 930 2531
9662 5 2 0 58 3249 2461 930 2531 2523 926 128 1003
9663 5 2 0 58 993 2519 997 148 2527 3249 2531 1004
9664 5 2 0 58 2527 3249 2531 1004 999 2523 1003 150
9665 5 2 0 58 2520 923 922 2519 3250 2462 2461 3249
9666 5 2 0 58 3250 2462 2461 3249 2524 927 926 2523
9667 5 2 0 58 994 2520 2519 993 2528 3250 3249 2527
9668 5 2 0 58 2528 3250 3249 2527 1000 2524 2523 999
9669 5 2 0 58 2521 924 923 2520 3251 2463 2462 3250
9670 5 2 0 58 3251 2463 2462 3250 2525 928 927 2524
9671 5 2 0 58 995 2521 2520 994 2529 3251 3250 2528
9672 5 2 0 58 2529 3251 3250 2528 1001 2525 2524 1000
9673 5 2 0 58 2522 925 924 2521 3252 2464 2463 3251
9674 5 2 0 58 3252 2464 2463 3251 2526 929 928 2525
9675 5 2 0 58 996 2522 2521 995 2530 3252 3251 2529
9676 5 2 0 58 2530 3252 3251 2529 1002 2526 2525 1001
9677 5 2 0 58 992 125 925 2522 2532 931 2464 3252
9678 5 2 0 58 2532 931 2464 3252 998 127 929 2526
9679 5 2 0 58 147 992 2522 996 1005 2532 3252 2530
9680 5 2 0 58 1005 2532 3252 2530 149 998 2526 1002
9681 5 2 0 59 2523 926 128 1003 2533 932 130 1011
9682 5 2 0 59 999 2523 1003 150 1007 2533 1011 152
9683 5 2 0 59 2524 927 926 2523 2534 933 932 2533
9684 5 2 0 59 1000 2524 2523 999 1008 2534 2533 1007
9685 5 2 0 59 2525 928 927 2524 2535 934 933 2534
9686 5 2 0 59 1001 2525 2524 1000 1009 2535 2534 1008
9687 5 2 0 59 2526 929 928 2525 2536 935 934 2535
9688 5 2 0 59 1002 2526 2525 1001 1010 2536 2535 1009
9689 5 2 0 59 998 127 929 2526 1006 129 935 2536
9690 5 2 0 59 149 998 2526 1002 151 1006 2536 1010
9691 5 2 0 60 2533 932 130 1011 3253 2465 940 2549
9692 5 2 0 60 3253 2465 940 2549 3254 2469 941 2550
9693 5 2 0 60 3254 2469 941 2550 2537 936 132 1017
9694 5 2 0 60 1007 2533 1011 152 2541 3253 2549 1018
9695 5 2 0 60 2541 3253 2549 1018 2545 3254 2550 1019
9696 5 2 0 60 2545 3254 2550 1019 1013 2537 1017 154
9697 5 2 0 60 2534 933 932 2533 3255 2466 2465 3253
9698 5 2 0 60 3255 2466 2465 3253 3256 2470 2469 3254
9699 5 2 0 60 3256 2470 2469 3254 2538 937 936 2537
9700 5 2 0 60 1008 2534 2533 1007 2542 3255 3253 2541
9701 5 2 0 60 2542 3255 3253 2541 2546 3256 3254 2545
9702 5 2 0 60 2546 3256 3254 2545 1014 2538 2537 1013
9703 5 2 0 60 2535 934 933 2534 3257 2467 2466 3255
9704 5 2 0 60 3257 2467 2466 3255 3258 2471 2470 3256
9705 5 2 0 60 3258 2471 2470 3256 2539 938 937 2538
9706 5 2 0 60 1009 2535 2534 1008 2543 3257 3255 2542
9707 5 2 0 60 2543 3257 3255 2542 2547 3258 3256 2546
9708 5 2 0 60 2547 3258 3256 2546 1015 2539 2538 1014
9709 5 2 0 60 2536 935 934 2535 3259 2468 2467 3257
9710 5 2 0 60 3259 2468 2467 3257 3260 2472 2471 3258
9711 5 2 0 60 3260 2472 2471 3258 2540 939 938 2539
9712 5 2 0 60 1010 2536 2535 1009 2544 3259 3257 2543
9713 5 2 0 60 2544 3259 3257 2543 2548 3260 3258 2547
9714 5 2 0 60 2548 3260 3258 2547 1016 2540 2539 1015
9715 5 2 0 60 1006 129 935 2536 2551 942 2468 3259
9716 5 2 0 60 2551 942 2468 3259 2552 943 2472 3260
9717 5 2 0 60 2552 943 2472 3260 1012 131 939 2540
9718 5 2 0 60 151 1006 2536 1010 1020 2551 3259 2544
9719 5 2 0 60 1020 2551 3259 2544 1021 2552 3260 2548
9720 5 2 0 60 1021 2552 3260 2548 153 1012 2540 1016
9721 5 2 0 61 2553 1022 155 1028 3261 2559 1036 2571
9722 5 2 0 61 3261 2559 1036 2571 3262 2562 1037 2572
9723 5 2 0 61 3262 2562 1037 2572 2556 1029 157 1035
9724 5 2 0 61 1025 2553 1028 156 2565 3261 2571 1038
9725 5 2 0 61 2565 3261 2571 1038 2568 3262 2572 1039
9726 5 2 0 61 2568 3262 2572 1039 1032 2556 1035 158
9727 5 2 0 61 2554 1023 1022 2553 3263 2560 2559 3261
9728 5 2 0 61 3263 2560 2559 3261 3264 2563 2562 3262
9729 5 2 0 61 3264 2563 2562 3262 2557 1030 1029 2556
9730 5 2 0 61 1026 2554 2553 1025 2566 3263 3261 2565
9731 5 2 0 61 2566 3263 3261 2565 2569 3264 3262 2568
9732 5 2 0 61 2569 3264 3262 2568 1033 2557 2556 1032
9733 5 2 0 61 2555 1024 1023 2554 3265 2561 2560 3263
9734 5 2 0 61 3265 2561 2560 3263 3266 2564 2563 3264
9735 5 2 0 61 3266 2564 2563 3264 2558 1031 1030 2557
9736 5 2 0 61 1027 2555 2554 1026 2567 3265 3263 2566
9737 5 2 0 61 2567 3265 3263 2566 2570 3266 3264 2569
9738 5 2 0 61 2570 3266 3264 2569 1034 2558 2557 1033
9739 5 2 0 61 595 1 1024 2555 2297 606 2561 3265
9740 5 2 0 61 2297 606 2561 3265 2298 607 2564 3266
9741 5 2 0 61 2298 607 2564 3266 605 5 1031 2558
9742 5 2 0 61 4 595 2555 1027 610 2297 3265 2567
9743 5 2 0 61 610 2297 3265 2567 611 2298 3266 2570
9744 5 2 0 61 611 2298 3266 2570 8 605 2558 1034
9745 5 2 0 62 2556 1029 157 1035 2573 1040 159 1046
9746 5 2 0 62 1032 2556 1035 158 1043 2573 1046 160
9747 5 2 0 62 2557 1030 1029 2556 2574 1041 1040 2573
9748 5 2 0 62 1033 2557 2556 1032 1044 2574 2573 1043
9749 5 2 0 62 2558 1031 1030 2557 2575 1042 1041 2574
9750 5 2 0 62 1034 2558 2557 1033 1045 2575 2574 1044
9751 5 2 0 62 605 5 1031 2558 623 9 1042 2575
9752 5 2 0 62 8 605 2558 1034 12 623 2575 1045
9753 5 2 0 63 2573 1040 159 1046 3267 2579 1054 2585
9754 5 2 0 63 3267 2579 1054 2585 2576 1047 161 1053
9755 5 2 0 63 1043 2573 1046 160 2582 3267 2585 1055
9756 5 2 0 63 2582 3267 2585 1055 1050 2576 1053 162
9757 5 2 0 63 2574 1041 1040 2573 3268 2580 2579 3267
9758 5 2 0 63 3268 2580 2579 3267 2577 1048 1047 2576
9759 5 2 0 63 1044 2574 2573 1043 2583 3268 3267 2582
9760 5 2 0 63 2583 3268 3267 2582 1051 2577 2576 1050
9761 5 2 0 63 2575 1042 1041 2574 3269 2581 2580 3268
9762 5 2 0 63 3269 2581 2580 3268 2578 1049 1048 2577
9763 5 2 0 63 1045 2575 2574 1044 2584 3269 3268 2583
9764 5 2 0 63 2584 3269 3268 2583 1052 2578 2577 1051
9765 5 2 0 63 623 9 1042 2575 2317 634 2581 3269
9766 5 2 0 63 2317 634 2581 3269 633 13 1049 2578
9767 5 2 0 63 12 623 2575 1045 636 2317 3269 2584
9768 5 2 0 63 636 2317 3269 2584 16 633 2578 1052
9769 5 2 0 64 2576 1047 161 1053 2586 1056 163 1062
9770 5 2 0 64 1050 2576 1053 162 1059 2586 1062 164
9771 5 2 0 64 2577 1048 1047 2576 2587 1057 1056 2586
9772 5 2 0 64 1051 2577 2576 1050 1060 2587 2586 1059
9773 5 2 0 64 2578 1049 1048 2577 2588 1058 1057 2587
9774 5 2 0 64 1052 2578 2577 1051 1061 2588 2587 1060
9775 5 2 0 64 633 13 1049 2578 647 17 1058 2588
9776 5 2 0 64 16 633 2578 1052 20 647 2588 1061
9777 5 2 0 65 2586 1056 163 1062 2589 1063 165 1069
9778 5 2 0 65 1059 2586 1062 164 1066 2589 1069 166
9779 5 2 0 65 2587 1057 1056 2586 2590 1064 1063 2589
9780 5 2 0 65 1060 2587 2586 1059 1067 2590 2589 1066
9781 5 2 0 65 2588 1058 1057 2587 2591 1065 1064 2590
9782 5 2 0 65 1061 2588 2587 1060 1068 2591 2590 1067
9783 5 2 0 65 647 17 1058 2588 657 21 1065 2591
9784 5 2 0 65 20 647 2588 1061 24 657 2591 1068
9785 5 2 0 66 2589 1063 165 1069 2592 1070 167 1076
9786 5 2 0 66 1066 2589 1069 166 1073 2592 1076 168
9787 5 2 0 66 2590 1064 1063 2589 2593 1071 1070 2592
9788 5 2 0 66 1067 2590 2589 1066 1074 2593 2592 1073
9789 5 2 0 66 2591 1065 1064 2590 2594 1072 1071 2593
9790 5 2 0 66 1068 2591 2590 1067 1075 2594 2593 1074
9791 5 2 0 66 657 21 1065 2591 667 25 1072 2594
9792 5 2 0 66 24 657 2591 1068 28 667 2594 1075
9793 5 2 0 67 2592 1070 167 1076 2595 1077 169 1083
9794 5 2 0 67 1073 2592 1076 168 1080 2595 1083 170
9795 5 2 0 67 2593 1071 1070 2592 2596 1078 1077 2595
9796 5 2 0 67 1074 2593 2592 1073 1081 2596 2595 1080
9797 5 2 0 67 2594 1072 1071 2593 2597 1079 1078 2596
9798 5 2 0 67 1075 2594 2593 1074 1082 2597 2596 1081
9799 5 2 0 67 667 25 1072 2594 677 29 1079 2597
9800 5 2 0 67 28 667 2594 1075 32 677 2597 1082
9801 5 2 0 68 2595 1077 169 1083 3270 2601 1091 2607
9802 5 2 0 68 3270 2601 1091 2607 2598 1084 171 1090
9803 5 2 0 68 1080 2595 1083 170 2604 3270 2607 1092
9804 5 2 0 68 2604 3270 2607 1092 1087 2598 1090 172
9805 5 2 0 68 2596 1078 1077 2595 3271 2602 2601 3270
9806 5 2 0 68 3271 2602 2601 3270 2599 1085 1084 2598
9807 5 2 0 68 1081 2596 2595 1080 2605 3271 3270 2604
9808 5 2 0 68 2605 3271 3270 2604 1088 2599 2598 1087
9809 5 2 0 68 2597 1079 1078 2596 3272 2603 2602 3271
9810 5 2 0 68 3272 2603 2602 3271 2600 1086 1085 2599
9811 5 2 0 68 1082 2597 2596 1081 2606 3272 3271 2605
9812 5 2 0 68 2606 3272 3271 2605 1089 2600 2599 1088
9813 5 2 0 68 677 29 1079 2597 2347 688 2603 3272
9814 5 2 0 68 2347 688 2603 3272 687 33 1086 2600
9815 5 2 0 68 32 677 2597 1082 690 2347 3272 2606
9816 5 2 0 68 690 2347 3272 2606 36 687 2600 1089
9817 5 2 0 69 2598 1084 171 1090 2608 1093 173 1099
9818 5 2 0 69 1087 2598 1090 172 1096 2608 1099 174
9819 5 2 0 69 2599 1085 1084 2598 2609 1094 1093 2608
9820 5 2 0 69 1088 2599 2598 1087 1097 2609 2608 1096
9821 5 2 0 69 2600 1086 1085 2599 2610 1095 1094 2609
9822 5 2 0 69 1089 2600 2599 1088 1098 2610 2609 1097
9823 5 2 0 69 687 33 1086 2600 701 37 1095 2610
9824 5 2 0 69 36 687 2600 1089 40 701 2610 1098
9825 5 2 0 70 2608 1093 173 1099 3273 2614 1107 2626
9826 5 2 0 70 3273 2614 1107 2626 3274 2617 1108 2627
9827 5 2 0 70 3274 2617 1108 2627 2611 1100 175 1106
9828 5 2 0 70 1096 2608 1099 174 2620 3273 2626 1109
9829 5 2 0 70 2620 3273 2626 1109 2623 3274 2627 1110
9830 5 2 0 70 2623 3274 2627 1110 1103 2611 1106 176
9831 5 2 0 70 2609 1094 1093 2608 3275 2615 2614 3273
9832 5 2 0 70 3275 2615 2614 3273 3276 2618 2617 3274
9833 5 2 0 70 3276 2618 2617 3274 2612 1101 1100 2611
9834 5 2 0 70 1097 2609 2608 1096 2621 3275 3273 2620
9835 5 2 0 70 2621 3275 3273 2620 2624 3276 3274 2623
9836 5 2 0 70 2624 3276 3274 2623 1104 2612 2611 1103
9837 5 2 0 70 2610 1095 1094 2609 3277 2616 2615 3275
9838 5 2 0 70 3277 2616 2615 3275 3278 2619 2618 3276
9839 5 2 0 70 3278 2619 2618 3276 2613 1102 1101 2612
9840 5 2 0 70 1098 2610 2609 1097 2622 3277 3275 2621
9841 5 2 0 70 2622 3277 3275 2621 2625 3278 3276 2624
9842 5 2 0 70 2625 3278 3276 2624 1105 2613 2612 1104
9843 5 2 0 70 701 37 1095 2610 2373 712 2616 3277
9844 5 2 0 70 2373 712 2616 3277 2374 713 2619 3278
9845 5 2 0 70 2374 713 2619 3278 711 41 1102 2613
9846 5 2 0 70 40 701 2610 1098 716 2373 3277 2622
9847 5 2 0 70 716 2373 3277 2622 717 2374 3278 2625
9848 5 2 0 70 717 2374 3278 2625 44 711 2613 1105
9849 5 2 0 71 1111 1025 156 177 2628 2565 1038 1117
9850 5 2 0 71 2628 2565 1038 1117 2631 2568 1039 1118
9851 5 2 0 71 2631 2568 1039 1118 1114 1032 158 178
9852 5 2 0 71 1112 1026 1025 1111 2629 2566 2565 2628
9853 5 2 0 71 2629 2566 2565 2628 2632 2569 2568 2631
9854 5 2 0 71 2632 2569 2568 2631 1115 1033 1032 1114
9855 5 2 0 71 1113 1027 1026 1112 2630 2567 2566 2629
9856 5 2 0 71 2630 2567 2566 2629 2633 2570 2569 2632
9857 5 2 0 71 2633 2570 2569 2632 1116 1034 1033 1115
9858 5 2 0 71 46 4 1027 1113 728 610 2567 2630
9859 5 2 0 71 728 610 2567 2630 729 611 2570 2633
9860 5 2 0 71 729 611 2570 2633 48 8 1034 1116
9861 5 2 0 72 1114 1032 158 178 1119 1043 160 179
9862 5 2 0 72 1115 1033 1032 1114 1120 1044 1043 1119
9863 5 2 0 72 1116 1034 1033 1115 1121 1045 1044 1120
9864 5 2 0 72 48 8 1034 1116 50 12 1045 1121
9865 5 2 0 73 1119 1043 160 179 2634 2582 1055 1125
9866 5 2 0 73 2634 2582 1055 1125 1122 1050 162 180
9867 5 2 0 73 1120 1044 1043 1119 2635 2583 2582 2634
9868 5 2 0 73 2635 2583 2582 2634 1123 1051 1050 1122
9869 5 2 0 73 1121 1045 1044 1120 2636 2584 2583 2635
9870 5 2 0 73 2636 2584 2583 2635 1124 1052 1051 1123
9871 5 2 0 73 50 12 1045 1121 740 636 2584 2636
9872 5 2 0 73 740 636 2584 2636 52 16 1052 1124
9873 5 2 0 74 1122 1050 162 180 1126 1059 164 181
9874 5 2 0 74 1123 1051 1050 1122 1127 1060 1059 1126
9875 5 2 0 74 1124 1052 1051 1123 1128 1061 1060 1127
9876 5 2 0 74 52 16 1052 1124 54 20 1061 1128
9877 5 2 0 75 1126 1059 164 181 1129 1066 166 182
9878 5 2 0 75 1127 1060 1059 1126 1130 1067 1066 1129
9879 5 2 0 75 1128 1061 1060 1127 1131 1068 1067 1130
9880 5 2 0 75 54 20 1061 1128 56 24 1068 1131
9881 5 2 0 76 1129 1066 166 182 1132 1073 168 183
9882 5 2 0 76 1130 1067 1066 1129 1133 1074 1073 1132
9883 5 2 0 76 1131 1068 1067 1130 1134 1075 1074 1133
9884 5 2 0 76 56 24 1068 1131 58 28 1075 1134
9885 5 2 0 77 1132 1073 168 183 1135 1080 170 184
9886 5 2 0 77 1133 1074 1073 1132 1136 1081 1080 1135
9887 5 2 0 77 1134 1075 1074 1133 1137 1082 1081 1136
9888 5 2 0 77 58 28 1075 1134 60 32 1082 1137
9889 5 2 0 78 1135 1080 170 184 2637 2604 1092 1141
9890 5 2 0 78 2637 2604 1092 1141 1138 1087 172 185
9891 5 2 0 78 1136 1081 1080 1135 2638 2605 2604 2637
9892 5 2 0 78 2638 2605 2604 2637 1139 1088 1087 1138
9893 5 2 0 78 1137 1082 1081 1136 2639 2606 2605 2638
9894 5 2 0 78 2639 2606 2605 2638 1140 1089 1088 1139
9895 5 2 0 78 60 32 1082 1137 762 690 2606 2639
9896 5 2 0 78 762 690 2606 2639 62 36 1089 1140
9897 5 2 0 79 1138 1087 172 185 1142 1096 174 186
9898 5 2 0 79 1139 1088 1087 1138 1143 1097 1096 1142
9899 5 2 0 79 1140 1089 1088 1139 1144 1098 1097 1143
9900 5 2 0 79 62 36 1089 1140 64 40 1098 1144
9901 5 2 0 80 1142 1096 174 186 2640 2620 1109 1148
9902 5 2 0 80 2640 2620 1109 1148 2643 2623 1110 1149
9903 5 2 0 80 2643 2623 1110 1149 1145 1103 176 187
9904 5 2 0 80 1143 1097 1096 1142 2641 2621 2620 2640
9905 5 2 0 80 2641 2621 2620 2640 2644 2624 2623 2643
9906 5 2 0 80 2644 2624 2623 2643 1146 1104 1103 1145
9907 5 2 0 80 1144 1098 1097 1143 2642 2622 2621 2641
9908 5 2 0 80 2642 2622 2621 2641 2645 2625 2624 2644
9909 5 2 0 80 2645 2625 2624 2644 1147 1105 1104 1146
9910 5 2 0 80 64 40 1098 1144 772 716 2622 2642
9911 5 2 0 80 772 716 2622 2642 773 717 2625 2645
9912 5 2 0 80 773 717 2625 2645 66 44 1105 1147
9913 5 2 0 81 1150 1111 177 188 2646 2628 1117 1156
9914 5 2 0 81 2646 2628 1117 1156 2649 2631 1118 1157
9915 5 2 0 81 2649 2631 1118 1157 1153 1114 178 189
9916 5 2 0 81 1151 1112 1111 1150 2647 2629 2628 2646
9917 5 2 0 81 2647 2629 2628 2646 2650 2632 2631 2649
9918 5 2 0 81 2650 2632 2631 2649 1154 1115 1114 1153
9919 5 2 0 81 1152 1113 1112 1151 2648 2630 2629 2647
9920 5 2 0 81 2648 2630 2629 2647 2651 2633 2632 2650
9921 5 2 0 81 2651 2633 2632 2650 1155 1116 1115 1154
9922 5 2 0 81 68 46 1113 1152 784 728 2630 2648
9923 5 2 0 81 784 728 2630 2648 785 729 2633 2651
9924 5 2 0 81 785 729 2633 2651 70 48 1116 1155
9925 5 2 0 82 1153 1114 178 189 1158 1119 179 190
9926 5 2 0 82 1154 1115 1114 1153 1159 1120 1119 1158
9927 5 2 0 82 1155 1116 1115 1154 1160 1121 1120 1159
9928 5 2 0 82 70 48 1116 1155 72 50 1121 1160
9929 5 2 0 83 1158 1119 179 190 2652 2634 1125 1164
9930 5 2 0 83 2652 2634 1125 1164 1161 1122 180 191
9931 5 2 0 83 1159 1120 1119 1158 2653 2635 2634 2652
9932 5 2 0 83 2653 2635 2634 2652 1162 1123 1122 1161
9933 5 2 0 83 1160 1121 1120 1159 2654 2636 2635 2653
9934 5 2 0 83 2654 2636 2635 2653 1163 1124 1123 1162
9935 5 2 0 83 72 50 1121 1160 796 740 2636 2654
9936 5 2 0 83 796 740 2636 2654 74 52 1124 1163
9937 5 2 0 84 1161 1122 180 191 1165 1126 181 192
9938 5 2 0 84 1162 1123 1122 1161 1166 1127 1126 1165
9939 5 2 0 84 1163 1124 1123 1162 1167 1128 1127 1166
9940 5 2 0 84 74 52 1124 1163 76 54 1128 1167
9941 5 2 0 85 1165 1126 181 192 1168 1129 182 193
9942 5 2 0 85 1166 1127 1126 1165 1169 1130 1129 1168
9943 5 2 0 85 1167 1128 1127 1166 1170 1131 1130 1169
9944 5 2 0 85 76 54 1128 1167 78 56 1131 1170
9945 5 2 0 86 1168 1129 182 193 1171 1132 183 194
9946 5 2 0 86 1169 1130 1129 1168 1172 1133 1132 1171
9947 5 2 0 86 1170 1131 1130 1169 1173 1134 1133 1172
9948 5 2 0 86 78 56 1131 1170 80 58 1134 1173
9949 5 2 0 87 1171 1132 183 194 1174 1135 184 195
9950 5 2 0 87 1172 1133 1132 1171 1175 1136 1135 1174
9951 5 2 0 87 1173 1134 1133 1172 1176 1137 1136 1175
9952 5 2 0 87 80 58 1134 1173 82 60 1137 1176
9953 5 2 0 88 1174 1135 184 195 2655 2637 1141 1180
9954 5 2 0 88 2655 2637 1141 1180 1177 1138 185 196
9955 5 2 0 88 1175 1136 1135 1174 2656 2638 2637 2655
9956 5 2 0 88 2656 2638 2637 2655 1178 1139 1138 1177
9957 5 2 0 88 1176 1137 1136 1175 2657 2639 2638 2656
9958 5 2 0 88 2657 2639 2638 2656 1179 1140 1139 1178
9959 5 2 0 88 82 60 1137 1176 818 762 2639 2657
9960 5 2 0 88 818 762 2639 2657 84 62 1140 1179
9961 5 2 0 89 1177 1138 185 196 1181 1142 186 197
9962 5 2 0 89 1178 1139 1138 1177 1182 1143 1142 1181
9963 5 2 0 89 1179 1140 1139 1178 1183 1144 1143 1182
9964 5 2 0 89 84 62 1140 1179 86 64 1144 1183
9965 5 2 0 90 1181 1142 186 197 2658 2640 1148 1187
9966 5 2 0 90 2658 2640 1148 1187 2661 2643 1149 1188
9967 5 2 0 90 2661 2643 1149 1188 1184 1145 187 198
9968 5 2 0 90 1182 1143 1142 1181 2659 2641 2640 2658
9969 5 2 0 90 2659 2641 2640 2658 2662 2644 2643 2661
9970 5 2 0 90 2662 2644 2643 2661 1185 1146 1145 1184
9971 5 2 0 90 1183 1144 1143 1182 2660 2642 2641 2659
9972 5 2 0 90 2660 2642 2641 2659 2663 2645 2644 2662
9973 5 2 0 90 2663 2645 2644 2662 1186 1147 1146 1185
9974 5 2 0 90 86 64 1144 1183 828 772 2642 2660
9975 5 2 0 90 828 772 2642 2660 829 773 2645 2663
9976 5 2 0 90 829 773 2645 2663 88 66 1147 1186
9977 5 2 0 91 1189 1150 188 199 2664 2646 1156 1195
9978 5 2 0 91 2664 2646 1156 1195 2667 2649 1157 1196
9979 5 2 0 91 2667 2649 1157 1196 1192 1153 189 200
9980 5 2 0 91 1190 1151 1150 1189 2665 2647 2646 2664
9981 5 2 0 91 2665 2647 2646 2664 2668 2650 2649 2667
9982 5 2 0 91 2668 2650 2649 2667 1193 1154 1153 1192
9983 5 2 0 91 1191 1152 1151 1190 2666 2648 2647 2665
9984 5 2 0 91 2666 2648 2647 2665 2669 2651 2650 2668
9985 5 2 0 91 2669 2651 2650 2668 1194 1155 1154 1193
9986 5 2 0 91 90 68 1152 1191 840 784 2648 2666
9987 5 2 0 91 840 784 2648 2666 841 785 2651 2669
9988 5 2 0 91 841 785 2651 2669 92 70 1155 1194
9989 5 2 0 92 1192 1153 189 200 1197 1158 190 201
9990 5 2 0 92 1193 1154 1153 1192 1198 1159 1158 1197
9991 5 2 0 92 1194 1155 1154 1193 1199 1160 1159 1198
9992 5 2 0 92 92 70 1155 1194 94 72 1160 1199
9993 5 2 0 93 1197 1158 190 201 2670 2652 1164 1203
9994 5 2 0 93 2670 2652 1164 1203 1200 1161 191 202
9995 5 2 0 93 1198 1159 1158 1197 2671 2653 2652 2670
9996 5 2 0 93 2671 2653 2652 2670 1201 1162 1161 1200
9997 5 2 0 93 1199 1160 1159 1198 2672 2654 2653 2671
9998 5 2 0 93 2672 2654 2653 2671 1202 1163 1162 1201
9999 5 2 0 93 94 72 1160 1199 852 796 2654 2672
10000 5 2 0 93 852 796 2654 2672 96 74 1163 1202
10001 5 2 0 94 1200 1161 191 202 1204 1165 192 203
10002 5 2 0 94 1201 1162 1161 1200 1205 1166 1165 1204
10003 5 2 0 94 1202 1163 1162 1201 1206 1167 1166 1205
10004 5 2 0 94 96 74 1163 1202 98 76 1167 1206
10005 5 2 0 95 1204 1165 192 203 1207 1168 193 204
10006 5 2 0 95 1205 1166 1165 1204 1208 1169 1168 1207
10007 5 2 0 95 1206 1167 1166 1205 1209 1170 1169 1208
10008 5 2 0 95 98 76 1167 1206 100 78 1170 1209
10009 5 2 0 96 1207 1168 193 204 1210 1171 194 205
10010 5 2 0 96 1208 1169 1168 1207 1211 1172 1171 1210
10011 5 2 0 96 1209 1170 1169 1208 1212 1173 1172 1211
10012 5 2 0 96 100 78 1170 1209 102 80 1173 1212
10013 5 2 0 97 1210 1171 194 205 1213 1174 195 206
10014 5 2 0 97 1211 1172 1171 1210 1214 1175 1174 1213
10015 5 2 0 97 1212 1173 1172 1211 1215 1176 1175 1214
10016 5 2 0 97 102 80 1173 1212 104 82 1176 1215
10017 5 2 0 98 1213 1174 195 206 2673 2655 1180 1219
10018 5 2 0 98 2673 2655 1180 1219 1216 1177 196 207
10019 5 2 0 98 1214 1175 1174 1213 2674 2656 2655 2673
10020 5 2 0 98 2674 2656 2655 2673 1217 1178 1177 1216
10021 5 2 0 98 1215 1176 1175 1214 2675 2657 2656 2674
10022 5 2 0 98 2675 2657 2656 2674 1218 1179 1178 1217
10023 5 2 0 98 104 82 1176 1215 874 818 2657 2675
10024 5 2 0 98 874 818 2657 2675 106 84 1179 1218
10025 5 2 0 99 1216 1177 196 207 1220 1181 197 208
10026 5 2 0 99 1217 1178 1177 1216 1221 1182 1181 1220
10027 5 2 0 99 1218 1179 1178 1217 1222 1183 1182 1221
10028 5 2 0 99 106 84 1179 1218 108 86 1183 1222
10029 5 2 0 100 1220 1181 197 208 2676 2658 1187 1226
10030 5 2 0 100 2676 2658 1187 1226 2679 2661 1188 1227
10031 5 2 0 100 2679 2661 1188 1227 1223 1184 198 209
10032 5 2 0 100 1221 1182 1181 1220 2677 2659 2658 2676
10033 5 2 0 100 2677 2659 2658 2676 2680 2662 2661 2679
10034 5 2 0 100 2680 2662 2661 2679 1224 1185 1184 1223
10035 5 2 0 100 1222 1183 1182 1221 2678 2660 2659 2677
10036 5 2 0 100 2678 2660 2659 2677 2681 2663 2662 2680
10037 5 2 0 100 2681 2663 2662 2680 1225 1186 1185 1224
10038 5 2 0 100 108 86 1183 1222 884 828 2660 2678
10039 5 2 0 100 884 828 2660 2678 885 829 2663 2681
10040 5 2 0 100 885 829 2663 2681 110 88 1186 1225
10041 5 2 0 101 1228 1189 199 210 2682 2664 1195 1234
10042 5 2 0 101 2682 2664 1195 1234 2685 2667 1196 1235
10043 5 2 0 101 2685 2667 1196 1235 1231 1192 200 211
10044 5 2 0 101 1229 1190 1189 1228 2683 2665 2664 2682
10045 5 2 0 101 2683 2665 2664 2682 2686 2668 2667 2685
10046 5 2 0 101 2686 2668 2667 2685 1232 1193 1192 1231
10047 5 2 0 101 1230 1191 1190 1229 2684 2666 2665 2683
10048 5 2 0 101 2684 2666 2665 2683 2687 2669 2668 2686
10049 5 2 0 101 2687 2669 2668 2686 1233 1194 1193 1232
10050 5 2 0 101 112 90 1191 1230 896 840 2666 2684
10051 5 2 0 101 896 840 2666 2684 897 841 2669 2687
10052 5 2 0 101 897 841 2669 2687 114 92 1194 1233
10053 5 2 0 102 1231 1192 200 211 1236 1197 201 212
10054 5 2 0 102 1232 1193 1192 1231 1237 1198 1197 1236
10055 5 2 0 102 1233 1194 1193 1232 1238 1199 1198 1237
10056 5 2 0 102 114 92 1194 1233 116 94 1199 1238
10057 5 2 0 103 1236 1197 201 212 2688 2670 1203 1242
10058 5 2 0 103 2688 2670 1203 1242 1239 1200 202 213
10059 5 2 0 103 1237 1198 1197 1236 2689 2671 2670 2688
10060 5 2 0 103 2689 2671 2670 2688 1240 1201 1200 1239
10061 5 2 0 103 1238 1199 1198 1237 2690 2672 2671 2689
10062 5 2 0 103 2690 2672 2671 2689 1241 1202 1201 1240
10063 5 2 0 103 116 94 1199 1238 908 852 2672 2690
10064 5 2 0 103 908 852 2672 2690 118 96 1202 1241
10065 5 2 0 104 1239 1200 202 213 1243 1204 203 214
10066 5 2 0 104 1240 1201 1200 1239 1244 1205 1204 1243
10067 5 2 0 104 1241 1202 1201 1240 1245 1206 1205 1244
10068 5 2 0 104 118 96 1202 1241 120 98 1206 1245
10069 5 2 0 105 1243 1204 203 214 1246 1207 204 215
10070 5 2 0 105 1244 1205 1204 1243 1247 1208 1207 1246
10071 5 2 0 105 1245 1206 1205 1244 1248 1209 1208 1247
10072 5 2 0 105 120 98 1206 1245 122 100 1209 1248
10073 5 2 0 106 1246 1207 204 215 1249 1210 205 216
10074 5 2 0 106 1247 1208 1207 1246 1250 1211 1210 1249
10075 5 2 0 106 1248 1209 1208 1247 1251 1212 1211 1250
10076 5 2 0 106 122 100 1209 1248 124 102 1212 1251
10077 5 2 0 107 1249 1210 205 216 1252 1213 206 217
10078 5 2 0 107 1250 1211 1210 1249 1253 1214 1213 1252
10079 5 2 0 107 1251 1212 1211 1250 1254 1215 1214 1253
10080 5 2 0 107 124 102 1212 1251 126 104 1215 1254
10081 5 2 0 108 1252 1213 206 217 2691 2673 1219 1258
10082 5 2 0 108 2691 2673 1219 1258 1255 1216 207 218
10083 5 2 0 108 1253 1214 1213 1252 2692 2674 2673 2691
10084 5 2 0 108 2692 2674 2673 2691 1256 1217 1216 1255
10085 5 2 0 108 1254 1215 1214 1253 2693 2675 2674 2692
10086 5 2 0 108 2693 2675 2674 2692 1257 1218 1217 1256
10087 5 2 0 108 126 104 1215 1254 930 874 2675 2693
10088 5 2 0 108 930 874 2675 2693 128 106 1218 1257
10089 5 2 0 109 1255 1216 207 218 1259 1220 208 219
10090 5 2 0 109 1256 1217 1216 1255 1260 1221 1220 1259
10091 5 2 0 109 1257 1218 1217 1256 1261 1222 1221 1260
10092 5 2 0 109 128 106 1218 1257 130 108 1222 1261
10093 5 2 0 110 1259 1220 208 219 2694 2676 1226 1265
10094 5 2 0 110 2694 2676 1226 1265 2697 2679 1227 1266
10095 5 2 0 110 2697 2679 1227 1266 1262 1223 209 220
10096 5 2 0 110 1260 1221 1220 1259 2695 2677 2676 2694
10097 5 2 0 110 2695 2677 2676 2694 2698 2680 2679 2697
10098 5 2 0 110 2698 2680 2679 2697 1263 1224 1223 1262
10099 5 2 0 110 1261 1222 1221 1260 2696 2678 2677 2695
10100 5 2 0 110 2696 2678 2677 2695 2699 2681 2680 2698
10101 5 2 0 110 2699 2681 2680 2698 1264 1225 1224 1263
10102 5 2 0 110 130 108 1222 1261 940 884 2678 2696
10103 5 2 0 110 940 884 2678 2696 941 885 2681 2699
10104 5 2 0 110 941 885 2681 2699 132 110 1225 1264
10105 5 2 0 111 2700 1228 210 1270 3279 2682 1234 2712
10106 5 2 0 111 3279 2682 1234 2712 3280 2685 1235 2713
10107 5 2 0 111 3280 2685 1235 2713 2703 1231 211 1274
10108 5 2 0 111 1267 2700 1270 221 2706 3279 2712 1275
10109 5 2 0 111 2706 3279 2712 1275 2709 3280 2713 1276
10110 5 2 0 111 2709 3280 2713 1276 1271 2703 1274 222
10111 5 2 0 111 2701 1229 1228 2700 3281 2683 2682 3279
10112 5 2 0 111 3281 2683 2682 3279 3282 2686 2685 3280
10113 5 2 0 111 3282 2686 2685 3280 2704 1232 1231 2703
10114 5 2 0 111 1268 2701 2700 1267 2707 3281 3279 2706
10115 5 2 0 111 2707 3281 3279 2706 2710 3282 3280 2709
10116 5 2 0 111 2710 3282 3280 2709 1272 2704 2703 1271
10117 5 2 0 111 2702 1230 1229 2701 3283 2684 2683 3281
10118 5 2 0 111 3283 2684 2683 3281 3284 2687 2686 3282
10119 5 2 0 111 3284 2687 2686 3282 2705 1233 1232 2704
10120 5 2 0 111 1269 2702 2701 1268 2708 3283 3281 2707
10121 5 2 0 111 2708 3283 3281 2707 2711 3284 3282 2710
10122 5 2 0 111 2711 3284 3282 2710 1273 2705 2704 1272
10123 5 2 0 111 949 112 1230 2702 2489 896 2684 3283
10124 5 2 0 111 2489 896 2684 3283 2490 897 2687 3284
10125 5 2 0 111 2490 897 2687 3284 955 114 1233 2705
10126 5 2 0 111 134 949 2702 1269 956 2489 3283 2708
10127 5 2 0 111 956 2489 3283 2708 957 2490 3284 2711
10128 5 2 0 111 957 2490 3284 2711 136 955 2705 1273
10129 5 2 0 112 2703 1231 211 1274 2714 1236 212 1280
10130 5 2 0 112 1271 2703 1274 222 1277 2714 1280 223
10131 5 2 0 112 2704 1232 1231 2703 2715 1237 1236 2714
10132 5 2 0 112 1272 2704 2703 1271 1278 2715 2714 1277
10133 5 2 0 112 2705 1233 1232 2704 2716 1238 1237 2715
10134 5 2 0 112 1273 2705 2704 1272 1279 2716 2715 1278
10135 5 2 0 112 955 114 1233 2705 965 116 1238 2716
10136 5 2 0 112 136 955 2705 1273 138 965 2716 1279
10137 5 2 0 113 2714 1236 212 1280 3285 2688 1242 2723
10138 5 2 0 113 3285 2688 1242 2723 2717 1239 213 1284
10139 5 2 0 113 1277 2714 1280 223 2720 3285 2723 1285
10140 5 2 0 113 2720 3285 2723 1285 1281 2717 1284 224
10141 5 2 0 113 2715 1237 1236 2714 3286 2689 2688 3285
10142 5 2 0 113 3286 2689 2688 3285 2718 1240 1239 2717
10143 5 2 0 113 1278 2715 2714 1277 2721 3286 3285 2720
10144 5 2 0 113 2721 3286 3285 2720 1282 2718 2717 1281
10145 5 2 0 113 2716 1238 1237 2715 3287 2690 2689 3286
10146 5 2 0 113 3287 2690 2689 3286 2719 1241 1240 2718
10147 5 2 0 113 1279 2716 2715 1278 2722 3287 3286 2721
10148 5 2 0 113 2722 3287 3286 2721 1283 2719 2718 1282
10149 5 2 0 113 965 116 1238 2716 2505 908 2690 3287
10150 5 2 0 113 2505 908 2690 3287 971 118 1241 2719
10151 5 2 0 113 138 965 2716 1279 972 2505 3287 2722
10152 5 2 0 113 972 2505 3287 2722 140 971 2719 1283
10153 5 2 0 114 2717 1239 213 1284 2724 1243 214 1289
10154 5 2 0 114 1281 2717 1284 224 1286 2724 1289 225
10155 5 2 0 114 2718 1240 1239 2717 2725 1244 1243 2724
10156 5 2 0 114 1282 2718 2717 1281 1287 2725 2724 1286
10157 5 2 0 114 2719 1241 1240 2718 2726 1245 1244 2725
10158 5 2 0 114 1283 2719 2718 1282 1288 2726 2725 1287
10159 5 2 0 114 971 118 1241 2719 979 120 1245 2726
10160 5 2 0 114 140 971 2719 1283 142 979 2726 1288
10161 5 2 0 115 2724 1243 214 1289 2727 1246 215 1293
10162 5 2 0 115 1286 2724 1289 225 1290 2727 1293 226
10163 5 2 0 115 2725 1244 1243 2724 2728 1247 1246 2727
10164 5 2 0 115 1287 2725 2724 1286 1291 2728 2727 1290
10165 5 2 0 115 2726 1245 1244 2725 2729 1248 1247 2728
10166 5 2 0 115 1288 2726 2725 1287 1292 2729 2728 1291
10167 5 2 0 115 979 120 1245 2726 985 122 1248 2729
10168 5 2 0 115 142 979 2726 1288 144 985 2729 1292
10169 5 2 0 116 2727 1246 215 1293 2730 1249 216 1297
10170 5 2 0 116 1290 2727 1293 226 1294 2730 1297 227
10171 5 2 0 116 2728 1247 1246 2727 2731 1250 1249 2730
10172 5 2 0 116 1291 2728 2727 1290 1295 2731 2730 1294
10173 5 2 0 116 2729 1248 1247 2728 2732 1251 1250 2731
10174 5 2 0 116 1292 2729 2728 1291 1296 2732 2731 1295
10175 5 2 0 116 985 122 1248 2729 991 124 1251 2732
10176 5 2 0 116 144 985 2729 1292 146 991 2732 1296
10177 5 2 0 117 2730 1249 216 1297 2733 1252 217 1301
10178 5 2 0 117 1294 2730 1297 227 1298 2733 1301 228
10179 5 2 0 117 2731 1250 1249 2730 2734 1253 1252 2733
10180 5 2 0 117 1295 2731 2730 1294 1299 2734 2733 1298
10181 5 2 0 117 2732 1251 1250 2731 2735 1254 1253 2734
10182 5 2 0 117 1296 2732 2731 1295 1300 2735 2734 1299
10183 5 2 0 117 991 124 1251 2732 997 126 1254 2735
10184 5 2 0 117 146 991 2732 1296 148 997 2735 1300
10185 5 2 0 118 2733 1252 217 1301 3288 2691 1258 2742
10186 5 2 0 118 3288 2691 1258 2742 2736 1255 218 1305
10187 5 2 0 118 1298 2733 1301 228 2739 3288 2742 1306
10188 5 2 0 118 2739 3288 2742 1306 1302 2736 1305 229
10189 5 2 0 118 2734 1253 1252 2733 3289 2692 2691 3288
10190 5 2 0 118 3289 2692 2691 3288 2737 1256 1255 2736
10191 5 2 0 118 1299 2734 2733 1298 2740 3289 3288 2739
10192 5 2 0 118 2740 3289 3288 2739 1303 2737 2736 1302
10193 5 2 0 118 2735 1254 1253 2734 3290 2693 2692 3289
10194 5 2 0 118 3290 2693 2692 3289 2738 1257 1256 2737
10195 5 2 0 118 1300 2735 2734 1299 2741 3290 3289 2740
10196 5 2 0 118 2741 3290 3289 2740 1304 2738 2737 1303
10197 5 2 0 118 997 126 1254 2735 2531 930 2693 3290
10198 5 2 0 118 2531 930 2693 3290 1003 128 1257 2738
10199 5 2 0 118 148 997 2735 1300 1004 2531 3290 2741
10200 5 2 0 118 1004 2531 3290 2741 150 1003 2738 1304
10201 5 2 0 119 2736 1255 218 1305 2743 1259 219 1310
10202 5 2 0 119 1302 2736 1305 229 1307 2743 1310 230
10203 5 2 0 119 2737 1256 1255 2736 2744 1260 1259 2743
10204 5 2 0 119 1303 2737 2736 1302 1308 2744 2743 1307
10205 5 2 0 119 2738 1257 1256 2737 2745 1261 1260 2744
10206 5 2 0 119 1304 2738 2737 1303 1309 2745 2744 1308
10207 5 2 0 119 1003 128 1257 2738 1011 130 1261 2745
10208 5 2 0 119 150 1003 2738 1304 152 1011 2745 1309
10209 5 2 0 120 2743 1259 219 1310 3291 2694 1265 2755
10210 5 2 0 120 3291 2694 1265 2755 3292 2697 1266 2756
10211 5 2 0 120 3292 2697 1266 2756 2746 1262 220 1314
10212 5 2 0 120 1307 2743 1310 230 2749 3291 2755 1315
10213 5 2 0 120 2749 3291 2755 1315 2752 3292 2756 1316
10214 5 2 0 120 2752 3292 2756 1316 1311 2746 1314 231
10215 5 2 0 120 2744 1260 1259 2743 3293 2695 2694 3291
10216 5 2 0 120 3293 2695 2694 3291 3294 2698 2697 3292
10217 5 2 0 120 3294 2698 2697 3292 2747 1263 1262 2746
10218 5 2 0 120 1308 2744 2743 1307 2750 3293 3291 2749
10219 5 2 0 120 2750 3293 3291 2749 2753 3294 3292 2752
10220 5 2 0 120 2753 3294 3292 2752 1312 2747 2746 1311
10221 5 2 0 120 2745 1261 1260 2744 3295 2696 2695 3293
10222 5 2 0 120 3295 2696 2695 3293 3296 2699 2698 3294
10223 5 2 0 120 3296 2699 2698 3294 2748 1264 1263 2747
10224 5 2 0 120 1309 2745 2744 1308 2751 3295 3293 2750
10225 5 2 0 120 2751 3295 3293 2750 2754 3296 3294 2753
10226 5 2 0 120 2754 3296 3294 2753 1313 2748 2747 1312
10227 5 2 0 120 1011 130 1261 2745 2549 940 2696 3295
10228 5 2 0 120 2549 940 2696 3295 2550 941 2699 3296
10229 5 2 0 120 2550 941 2699 3296 1017 132 1264 2748
10230 5 2 0 120 152 1011 2745 1309 1018 2549 3295 2751
10231 5 2 0 120 1018 2549 3295 2751 1019 2550 3296 2754
10232 5 2 0 120 1019 2550 3296 2754 154 1017 2748 1313
10233 5 2 0 121 2757 1317 232 1325 3297 2765 1335 2781
10234 5 2 0 121 3297 2765 1335 2781 3298 2769 1336 2782
10235 5 2 0 121 3298 2769 1336 2782 2761 1326 234 1334
10236 5 2 0 121 1321 2757 1325 233 2773 3297 2781 1337
10237 5 2 0 121 2773 3297 2781 1337 2777 3298 2782 1338
10238 5 2 0 121 2777 3298 2782 1338 1330 2761 1334 235
10239 5 2 0 121 2758 1318 1317 2757 3299 2766 2765 3297
10240 5 2 0 121 3299 2766 2765 3297 3300 2770 2769 3298
10241 5 2 0 121 3300 2770 2769 3298 2762 1327 1326 2761
10242 5 2 0 121 1322 2758 2757 1321 2774 3299 3297 2773
10243 5 2 0 121 2774 3299 3297 2773 2778 3300 3298 2777
10244 5 2 0 121 2778 3300 3298 2777 1331 2762 2761 1330
10245 5 2 0 121 2759 1319 1318 2758 3301 2767 2766 3299
10246 5 2 0 121 3301 2767 2766 3299 3302 2771 2770 3300
10247 5 2 0 121 3302 2771 2770 3300 2763 1328 1327 2762
10248 5 2 0 121 1323 2759 2758 1322 2775 3301 3299 2774
10249 5 2 0 121 2775 3301 3299 2774 2779 3302 3300 2778
10250 5 2 0 121 2779 3302 3300 2778 1332 2763 2762 1331
10251 5 2 0 121 2760 1320 1319 2759 3303 2768 2767 3301
10252 5 2 0 121 3303 2768 2767 3301 3304 2772 2771 3302
10253 5 2 0 121 3304 2772 2771 3302 2764 1329 1328 2763
10254 5 2 0 121 1324 2760 2759 1323 2776 3303 3301 2775
10255 5 2 0 121 2776 3303 3301 2775 2780 3304 3302 2779
10256 5 2 0 121 2780 3304 3302 2779 1333 2764 2763 1332
10257 5 2 0 121 1028 155 1320 2760 2571 1036 2768 3303
10258 5 2 0 121 2571 1036 2768 3303 2572 1037 2772 3304
10259 5 2 0 121 2572 1037 2772 3304 1035 157 1329 2764
10260 5 2 0 121 156 1028 2760 1324 1038 2571 3303 2776
10261 5 2 0 121 1038 2571 3303 2776 1039 2572 3304 2780
10262 5 2 0 121 1039 2572 3304 2780 158 1035 2764 1333
10263 5 2 0 122 2761 1326 234 1334 2783 1339 236 1347
10264 5 2 0 122 1330 2761 1334 235 1343 2783 1347 237
10265 5 2 0 122 2762 1327 1326 2761 2784 1340 1339 2783
10266 5 2 0 122 1331 2762 2761 1330 1344 2784 2783 1343
10267 5 2 0 122 2763 1328 1327 2762 2785 1341 1340 2784
10268 5 2 0 122 1332 2763 2762 1331 1345 2785 2784 1344
10269 5 2 0 122 2764 1329 1328 2763 2786 1342 1341 2785
10270 5 2 0 122 1333 2764 2763 1332 1346 2786 2785 1345
10271 5 2 0 122 1035 157 1329 2764 1046 159 1342 2786
10272 5 2 0 122 158 1035 2764 1333 160 1046 2786 1346
10273 5 2 0 123 2783 1339 236 1347 3305 2791 1357 2799
10274 5 2 0 123 3305 2791 1357 2799 2787 1348 238 1356
10275 5 2 0 123 1343 2783 1347 237 2795 3305 2799 1358
10276 5 2 0 123 2795 3305 2799 1358 1352 2787 1356 239
10277 5 2 0 123 2784 1340 1339 2783 3306 2792 2791 3305
10278 5 2 0 123 3306 2792 2791 3305 2788 1349 1348 2787
10279 5 2 0 123 1344 2784 2783 1343 2796 3306 3305 2795
10280 5 2 0 123 2796 3306 3305 2795 1353 2788 2787 1352
10281 5 2 0 123 2785 1341 1340 2784 3307 2793 2792 3306
10282 5 2 0 123 3307 2793 2792 3306 2789 1350 1349 2788
10283 5 2 0 123 1345 2785 2784 1344 2797 3307 3306 2796
10284 5 2 0 123 2797 3307 3306 2796 1354 2789 2788 1353
10285 5 2 0 123 2786 1342 1341 2785 3308 2794 2793 3307
10286 5 2 0 123 3308 2794 2793 3307 2790 1351 1350 2789
10287 5 2 0 123 1346 2786 2785 1345 2798 3308 3307 2797
10288 5 2 0 123 2798 3308 3307 2797 1355 2790 2789 1354
10289 5 2 0 123 1046 159 1342 2786 2585 1054 2794 3308
10290 5 2 0 123 2585 1054 2794 3308 1053 161 1351 2790
10291 5 2 0 123 160 1046 2786 1346 1055 2585 3308 2798
10292 5 2 0 123 1055 2585 3308 2798 162 1053 2790 1355
10293 5 2 0 124 2787 1348 238 1356 2800 1359 240 1367
10294 5 2 0 124 1352 2787 1356 239 1363 2800 1367 241
10295 5 2 0 124 2788 1349 1348 2787 2801 1360 1359 2800
10296 5 2 0 124 1353 2788 2787 1352 1364 2801 2800 1363
10297 5 2 0 124 2789 1350 1349 2788 2802 1361 1360 2801
10298 5 2 0 124 1354 2789 2788 1353 1365 2802 2801 1364
10299 5 2 0 124 2790 1351 1350 2789 2803 1362 1361 2802
10300 5 2 0 124 1355 2790 2789 1354 1366 2803 2802 1365
10301 5 2 0 124 1053 161 1351 2790 1062 163 1362 2803
10302 5 2 0 124 162 1053 2790 1355 164 1062 2803 1366
10303 5 2 0 125 2800 1359 240 1367 2804 1368 242 1376
10304 5 2 0 125 1363 2800 1367 241 1372 2804 1376 243
10305 5 2 0 125 2801 1360 1359 2800 2805 1369 1368 2804
10306 5 2 0 125 1364 2801 2800 1363 1373 2805 2804 1372
10307 5 2 0 125 2802 1361 1360 2801 2806 1370 1369 2805
10308 5 2 0 125 1365 2802 2801 1364 1374 2806 2805 1373
10309 5 2 0 125 2803 1362 1361 2802 2807 1371 1370 2806
10310 5 2 0 125 1366 2803 2802 1365 1375 2807 2806 1374
10311 5 2 0 125 1062 163 1362 2803 1069 165 1371 2807
10312 5 2 0 125 164 1062 2803 1366 166 1069 2807 1375
10313 5 2 0 126 2804 1368 242 1376 2808 1377 244 1385
10314 5 2 0 126 1372 2804 1376 243 1381 2808 1385 245
10315 5 2 0 126 2805 1369 1368 2804 2809 1378 1377 2808
10316 5 2 0 126 1373 2805 2804 1372 1382 2809 2808 1381
10317 5 2 0 126 2806 1370 1369 2805 2810 1379 1378 2809
10318 5 2 0 126 1374 2806 2805 1373 1383 2810 2809 1382
10319 5 2 0 126 2807 1371 1370 2806 2811 1380 1379 2810
10320 5 2 0 126 1375 2807 2806 1374 1384 2811 2810 1383
10321 5 2 0 126 1069 165 1371 2807 1076 167 1380 2811
10322 5 2 0 126 166 1069 2807 1375 168 1076 2811 1384
10323 5 2 0 127 2808 1377 244 1385 2812 1386 246 1394
10324 5 2 0 127 1381 2808 1385 245 1390 2812 1394 247
10325 5 2 0 127 2809 1378 1377 2808 2813 1387 1386 2812
10326 5 2 0 127 1382 2809 2808 1381 1391 2813 2812 1390
10327 5 2 0 127 2810 1379 1378 2809 2814 1388 1387 2813
10328 5 2 0 127 1383 2810 2809 1382 1392 2814 2813 1391
10329 5 2 0 127 2811 1380 1379 2810 2815 1389 1388 2814
10330 5 2 0 127 1384 2811 2810 1383 1393 2815 2814 1392
10331 5 2 0 127 1076 167 1380 2811 1083 169 1389 2815
10332 5 2 0 127 168 1076 2811 1384 170 1083 2815 1393
10333 5 2 0 128 2812 1386 246 1394 3309 2820 1404 2828
10334 5 2 0 128 3309 2820 1404 2828 2816 1395 248 1403
10335 5 2 0 128 1390 2812 1394 247 2824 3309 2828 1405
10336 5 2 0 128 2824 3309 2828 1405 1399 2816 1403 249
10337 5 2 0 128 2813 1387 1386 2812 3310 2821 2820 3309
10338 5 2 0 128 3310 2821 2820 3309 2817 1396 1395 2816
10339 5 2 0 128 1391 2813 2812 1390 2825 3310 3309 2824
10340 5 2 0 128 2825 3310 3309 2824 1400 2817 2816 1399
10341 5 2 0 128 2814 1388 1387 2813 3311 2822 2821 3310
10342 5 2 0 128 3311 2822 2821 3310 2818 1397 1396 2817
10343 5 2 0 128 1392 2814 2813 1391 2826 3311 3310 2825
10344 5 2 0 128 2826 3311 3310 2825 1401 2818 2817 1400
10345 5 2 0 128 2815 1389 1388 2814 3312 2823 2822 3311
10346 5 2 0 128 3312 2823 2822 3311 2819 1398 1397 2818
10347 5 2 0 128 1393 2815 2814 1392 2827 3312 3311 2826
10348 5 2 0 128 2827 3312 3311 2826 1402 2819 2818 1401
10349 5 2 0 128 1083 169 1389 2815 2607 1091 2823 3312
10350 5 2 0 128 2607 1091 2823 3312 1090 171 1398 2819
10351 5 2 0 128 170 1083 2815 1393 1092 2607 3312 2827
10352 5 2 0 128 1092 2607 3312 2827 172 1090 2819 1402
10353 5 2 0 129 2816 1395 248 1403 2829 1406 250 1414
10354 5 2 0 129 1399 2816 1403 249 1410 2829 1414 251
10355 5 2 0 129 2817 1396 1395 2816 2830 1407 1406 2829
10356 5 2 0 129 1400 2817 2816 1399 1411 2830 2829 1410
10357 5 2 0 129 2818 1397 1396 2817 2831 1408 1407 2830
10358 5 2 0 129 1401 2818 2817 1400 1412 2831 2830 1411
10359 5 2 0 129 2819 1398 1397 2818 2832 1409 1408 2831
10360 5 2 0 129 1402 2819 2818 1401 1413 2832 2831 1412
10361 5 2 0 129 1090 171 1398 2819 1099 173 1409 2832
10362 5 2 0 129 172 1090 2819 1402 174 1099 2832 1413
10363 5 2 0 130 2829 1406 250 1414 3313 2837 1424 2853
10364 5 2 0 130 3313 2837 1424 2853 3314 2841 1425 2854
10365 5 2 0 130 3314 2841 1425 2854 2833 1415 252 1423
10366 5 2 0 130 1410 2829 1414 251 2845 3313 2853 1426
10367 5 2 0 130 2845 3313 2853 1426 2849 3314 2854 1427
10368 5 2 0 130 2849 3314 2854 1427 1419 2833 1423 253
10369 5 2 0 130 2830 1407 1406 2829 3315 2838 2837 3313
10370 5 2 0 130 3315 2838 2837 3313 3316 2842 2841 3314
10371 5 2 0 130 3316 2842 2841 3314 2834 1416 1415 2833
10372 5 2 0 130 1411 2830 2829 1410 2846 3315 3313 2845
10373 5 2 0 130 2846 3315 3313 2845 2850 3316 3314 2849
10374 5 2 0 130 2850 3316 3314 2849 1420 2834 2833 1419
10375 5 2 0 130 2831 1408 1407 2830 3317 2839 2838 3315
10376 5 2 0 130 3317 2839 2838 3315 3318 2843 2842 3316
10377 5 2 0 130 3318 2843 2842 3316 2835 1417 1416 2834
10378 5 2 0 130 1412 2831 2830 1411 2847 3317 3315 2846
10379 5 2 0 130 2847 3317 3315 2846 2851 3318 3316 2850
10380 5 2 0 130 2851 3318 3316 2850 1421 2835 2834 1420
10381 5 2 0 130 2832 1409 1408 2831 3319 2840 2839 3317
10382 5 2 0 130 3319 2840 2839 3317 3320 2844 2843 3318
10383 5 2 0 130 3320 2844 2843 3318 2836 1418 1417 2835
10384 5 2 0 130 1413 2832 2831 1412 2848 3319 3317 2847
10385 5 2 0 130 2848 3319 3317 2847 2852 3320 3318 2851
10386 5 2 0 130 2852 3320 3318 2851 1422 2836 2835 1421
10387 5 2 0 130 1099 173 1409 2832 2626 1107 2840 3319
10388 5 2 0 130 2626 1107 2840 3319 2627 1108 2844 3320
10389 5 2 0 130 2627 1108 2844 3320 1106 175 1418 2836
10390 5 2 0 130 174 1099 2832 1413 1109 2626 3319 2848
10391 5 2 0 130 1109 2626 3319 2848 1110 2627 3320 2852
10392 5 2 0 130 1110 2627 3320 2852 176 1106 2836 1422
10393 5 2 0 131 1428 1321 233 254 2855 2773 1337 1436
10394 5 2 0 131 2855 2773 1337 1436 2859 2777 1338 1437
10395 5 2 0 131 2859 2777 1338 1437 1432 1330 235 255
10396 5 2 0 131 1429 1322 1321 1428 2856 2774 2773 2855
10397 5 2 0 131 2856 2774 2773 2855 2860 2778 2777 2859
10398 5 2 0 131 2860 2778 2777 2859 1433 1331 1330 1432
10399 5 2 0 131 1430 1323 1322 1429 2857 2775 2774 2856
10400 5 2 0 131 2857 2775 2774 2856 2861 2779 2778 2860
10401 5 2 0 131 2861 2779 2778 2860 1434 1332 1331 1433
10402 5 2 0 131 1431 1324 1323 1430 2858 2776 2775 2857
10403 5 2 0 131 2858 2776 2775 2857 2862 2780 2779 2861
10404 5 2 0 131 2862 2780 2779 2861 1435 1333 1332 1434
10405 5 2 0 131 177 156 1324 1431 1117 1038 2776 2858
10406 5 2 0 131 1117 1038 2776 2858 1118 1039 2780 2862
10407 5 2 0 131 1118 1039 2780 2862 178 158 1333 1435
10408 5 2 0 132 1432 1330 235 255 1438 1343 237 256
10409 5 2 0 132 1433 1331 1330 1432 1439 1344 1343 1438
10410 5 2 0 132 1434 1332 1331 1433 1440 1345 1344 1439
10411 5 2 0 132 1435 1333 1332 1434 1441 1346 1345 1440
10412 5 2 0 132 178 158 1333 1435 179 160 1346 1441
10413 5 2 0 133 1438 1343 237 256 2863 2795 1358 1446
10414 5 2 0 133 2863 2795 1358 1446 1442 1352 239 257
10415 5 2 0 133 1439 1344 1343 1438 2864 2796 2795 2863
10416 5 2 0 133 2864 2796 2795 2863 1443 1353 1352 1442
10417 5 2 0 133 1440 1345 1344 1439 2865 2797 2796 2864
10418 5 2 0 133 2865 2797 2796 2864 1444 1354 1353 1443
10419 5 2 0 133 1441 1346 1345 1440 2866 2798 2797 2865
10420 5 2 0 133 2866 2798 2797 2865 1445 1355 1354 1444
10421 5 2 0 133 179 160 1346 1441 1125 1055 2798 2866
10422 5 2 0 133 1125 1055 2798 2866 180 162 1355 1445
10423 5 2 0 134 1442 1352 239 257 1447 1363 241 258
10424 5 2 0 134 1443 1353 1352 1442 1448 1364 1363 1447
10425 5 2 0 134 1444 1354 1353 1443 1449 1365 1364 1448
10426 5 2 0 134 1445 1355 1354 1444 1450 1366 1365 1449
10427 5 2 0 134 180 162 1355 1445 181 164 1366 1450
10428 5 2 0 135 1447 1363 241 258 1451 1372 243 259
10429 5 2 0 135 1448 1364 1363 1447 1452 1373 1372 1451
10430 5 2 0 135 1449 1365 1364 1448 1453 1374 1373 1452
10431 5 2 0 135 1450 1366 1365 1449 1454 1375 1374 1453
10432 5 2 0 135 181 164 1366 1450 182 166 1375 1454
10433 5 2 0 136 1451 1372 243 259 1455 1381 245 260
10434 5 2 0 136 1452 1373 1372 1451 1456 1382 1381 1455
10435 5 2 0 136 1453 1374 1373 1452 1457 1383 1382 1456
10436 5 2 0 136 1454 1375 1374 1453 1458 1384 1383 1457
10437 5 2 0 136 182 166 1375 1454 183 168 1384 1458
10438 5 2 0 137 1455 1381 245 260 1459 1390 247 261
10439 5 2 0 137 1456 1382 1381 1455 1460 1391 1390 1459
10440 5 2 0 137 1457 1383 1382 1456 1461 1392 1391 1460
10441 5 2 0 137 1458 1384 1383 1457 1462 1393 1392 1461
10442 5 2 0 137 183 168 1384 1458 184 170 1393 1462
10443 5 2 0 138 1459 1390 247 261 2867 2824 1405 1467
10444 5 2 0 138 2867 2824 1405 1467 1463 1399 249 262
10445 5 2 0 138 1460 1391 1390 1459 2868 2825 2824 2867
10446 5 2 0 138 2868 2825 2824 2867 1464 1400 1399 1463
10447 5 2 0 138 1461 1392 1391 1460 2869 2826 2825 2868
10448 5 2 0 138 2869 2826 2825 2868 1465 1401 1400 1464
10449 5 2 0 138 1462 1393 1392 1461 2870 2827 2826 2869
10450 5 2 0 138 2870 2827 2826 2869 1466 1402 1401 1465
10451 5 2 0 138 184 170 1393 1462 1141 1092 2827 2870
10452 5 2 0 138 1141 1092 2827 2870 185 172 1402 1466
10453 5 2 0 139 1463 1399 249 262 1468 1410 251 263
10454 5 2 0 139 1464 1400 1399 1463 1469 1411 1410 1468
10455 5 2 0 139 1465 1401 1400 1464 1470 1412 1411 1469
10456 5 2 0 139 1466 1402 1401 1465 1471 1413 1412 1470
10457 5 2 0 139 185 172 1402 1466 186 174 1413 1471
10458 5 2 0 140 1468 1410 251 263 2871 2845 1426 1476
10459 5 2 0 140 2871 2845 1426 1476 2875 2849 1427 1477
10460 5 2 0 140 2875 2849 1427 1477 1472 1419 253 264
10461 5 2 0 140 1469 1411 1410 1468 2872 2846 2845 2871
10462 5 2 0 140 2872 2846 2845 2871 2876 2850 2849 2875
10463 5 2 0 140 2876 2850 2849 2875 1473 1420 1419 1472
10464 5 2 0 140 1470 1412 1411 1469 2873 2847 2846 2872
10465 5 2 0 140 2873 2847 2846 2872 2877 2851 2850 2876
10466 5 2 0 140 2877 2851 2850 2876 1474 1421 1420 1473
10467 5 2 0 140 1471 1413 1412 1470 2874 2848 2847 2873
10468 5 2 0 140 2874 2848 2847 2873 2878 2852 2851 2877
10469 5 2 0 140 2878 2852 2851 2877 1475 1422 1421 1474
10470 5 2 0 140 186 174 1413 1471 1148 1109 2848 2874
10471 5 2 0 140 1148 1109 2848 2874 1149 1110 2852 2878
10472 5 2 0 140 1149 1110 2852 2878 187 176 1422 1475
10473 5 2 0 141 1478 1428 254 265 2879 2855 1436 1486
10474 5 2 0 141 2879 2855 1436 1486 2883 2859 1437 1487
10475 5 2 0 141 2883 2859 1437 1487 1482 1432 255 266
10476 5 2 0 141 1479 1429 1428 1478 2880 2856 2855 2879
10477 5 2 0 141 2880 2856 2855 2879 2884 2860 2859 2883
10478 5 2 0 141 2884 2860 2859 2883 1483 1433 1432 1482
10479 5 2 0 141 1480 1430 1429 1479 2881 2857 2856 2880
10480 5 2 0 141 2881 2857 2856 2880 2885 2861 2860 2884
10481 5 2 0 141 2885 2861 2860 2884 1484 1434 1433 1483
10482 5 2 0 141 1481 1431 1430 1480 2882 2858 2857 2881
10483 5 2 0 141 2882 2858 2857 2881 2886 2862 2861 2885
10484 5 2 0 141 2886 2862 2861 2885 1485 1435 1434 1484
10485 5 2 0 141 188 177 1431 1481 1156 1117 2858 2882
10486 5 2 0 141 1156 1117 2858 2882 1157 1118 2862 2886
10487 5 2 0 141 1157 1118 2862 2886 189 178 1435 1485
10488 5 2 0 142 1482 1432 255 266 1488 1438 256 267
10489 5 2 0 142 1483 1433 1432 1482 1489 1439 1438 1488
10490 5 2 0 142 1484 1434 1433 1483 1490 1440 1439 1489
10491 5 2 0 142 1485 1435 1434 1484 1491 1441 1440 1490
10492 5 2 0 142 189 178 1435 1485 190 179 1441 1491
10493 5 2 0 143 1488 1438 256 267 2887 2863 1446 1496
10494 5 2 0 143 2887 2863 1446 1496 1492 1442 257 268
10495 5 2 0 143 1489 1439 1438 1488 2888 2864 2863 2887
10496 5 2 0 143 2888 2864 2863 2887 1493 1443 1442 1492
10497 5 2 0 143 1490 1440 1439 1489 2889 2865 2864 2888
10498 5 2 0 143 2889 2865 2864 2888 1494 1444 1443 1493
10499 5 2 0 143 1491 1441 1440 1490 2890 2866 2865 2889
10500 5 2 0 143 2890 2866 2865 2889 1495 1445 1444 1494
10501 5 2 0 143 190 179 1441 1491 1164 1125 2866 2890
10502 5 2 0 143 1164 1125 2866 2890 191 180 1445 1495
10503 5 2 0 144 1492 1442 257 268 1497 1447 258 269
10504 5 2 0 144 1493 1443 1442 1492 1498 1448 1447 1497
10505 5 2 0 144 1494 1444 1443 1493 1499 1449 1448 1498
10506 5 2 0 144 1495 1445 1444 1494 1500 1450 1449 1499
10507 5 2 0 144 191 180 1445 1495 192 181 1450 1500
10508 5 2 0 145 1497 1447 258 269 1501 1451 259 270
10509 5 2 0 145 1498 1448 1447 1497 1502 1452 1451 1501
10510 5 2 0 145 1499 1449 1448 1498 1503 1453 1452 1502
10511 5 2 0 145 1500 1450 1449 1499 1504 1454 1453 1503
10512 5 2 0 145 192 181 1450 1500 193 182 1454 1504
10513 5 2 0 146 1501 1451 259 270 1505 1455 260 271
10514 5 2 0 146 1502 1452 1451 1501 1506 1456 1455 1505
10515 5 2 0 146 1503 1453 1452 1502 1507 1457 1456 1506
10516 5 2 0 146 1504 1454 1453 1503 1508 1458 1457 1507
10517 5 2 0 146 193 182 1454 1504 194 183 1458 1508
10518 5 2 0 147 1505 1455 260 271 1509 1459 261 272
10519 5 2 0 147 1506 1456 1455 1505 1510 1460 1459 1509
10520 5 2 0 147 1507 1457 1456 1506 1511 1461 1460 1510
10521 5 2 0 147 1508 1458 1457 1507 1512 1462 1461 1511
10522 5 2 0 147 194 183 1458 1508 195 184 1462 1512
10523 5 2 0 148 1509 1459 261 272 2891 2867 1467 1517
10524 5 2 0 148 2891 2867 1467 1517 1513 1463 262 273
10525 5 2 0 148 1510 1460 1459 1509 2892 2868 2867 2891
10526 5 2 0 148 2892 2868 2867 2891 1514 1464 1463 1513
10527 5 2 0 148 1511 1461 1460 1510 2893 2869 2868 2892
10528 5 2 0 148 2893 2869 2868 2892 1515 1465 1464 1514
10529 5 2 0 148 1512 1462 1461 1511 2894 2870 2869 2893
10530 5 2 0 148 2894 2870 2869 2893 1516 1466 1465 1515
10531 5 2 0 148 195 184 1462 1512 1180 1141 2870 2894
10532 5 2 0 148 1180 1141 2870 2894 196 185 1466 1516
10533 5 2 0 149 1513 1463 262 273 1518 1468 263 274
10534 5 2 0 149 1514 1464 1463 1513 1519 1469 1468 1518
10535 5 2 0 149 1515 1465 1464 1514 1520 1470 1469 1519
10536 5 2 0 149 1516 1466 1465 1515 1521 1471 1470 1520
10537 5 2 0 149 196 185 1466 1516 197 186 1471 1521
10538 5 2 0 150 1518 1468 263 274 2895 2871 1476 1526
10539 5 2 0 150 2895 2871 1476 1526 2899 2875 1477 1527
10540 5 2 0 150 2899 2875 1477 1527 1522 1472 264 275
10541 5 2 0 150 1519 1469 1468 1518 2896 2872 2871 2895
10542 5 2 0 150 2896 2872 2871 2895 2900 2876 2875 2899
10543 5 2 0 150 2900 2876 2875 2899 1523 1473 1472 1522
10544 5 2 0 150 1520 1470 1469 1519 2897 2873 2872 2896
10545 5 2 0 150 2897 2873 2872 2896 2901 2877 2876 2900
10546 5 2 0 150 2901 2877 2876 2900 1524 1474 1473 1523
10547 5 2 0 150 1521 1471 1470 1520 2898 2874 2873 2897
10548 5 2 0 150 2898 2874 2873 2897 2902 2878 2877 2901
10549 5 2 0 150 2902 2878 2877 2901 1525 1475 1474 1524
10550 5 2 0 150 197 186 1471 1521 1187 1148 2874 2898
10551 5 2 0 150 1187 1148 2874 2898 1188 1149 2878 2902
10552 5 2 0 150 1188 1149 2878 2902 198 187 1475 1525
10553 5 2 0 151 1528 1478 265 276 2903 2879 1486 1536
10554 5 2 0 151 2903 2879 1486 1536 2907 2883 1487 1537
10555 5 2 0 151 2907 2883 1487 1537 1532 1482 266 277
10556 5 2 0 151 1529 1479 1478 1528 2904 2880 2879 2903
10557 5 2 0 151 2904 2880 2879 2903 2908 2884 2883 2907
10558 5 2 0 151 2908 2884 2883 2907 1533 1483 1482 1532
10559 5 2 0 151 1530 1480 1479 1529 2905 2881 2880 2904
10560 5 2 0 151 2905 2881 2880 2904 2909 2885 2884 2908
10561 5 2 0 151 2909 2885 2884 2908 1534 1484 1483 1533
10562 5 2 0 151 1531 1481 1480 1530 2906 2882 2881 2905
10563 5 2 0 151 2906 2882 2881 2905 2910 2886 2885 2909
10564 5 2 0 151 2910 2886 2885 2909 1535 1485 1484 1534
10565 5 2 0 151 199 188 1481 1531 1195 1156 2882 2906
10566 5 2 0 151 1195 1156 2882 2906 1196 1157 2886 2910
10567 5 2 0 151 1196 1157 2886 2910 200 189 1485 1535
10568 5 2 0 152 1532 1482 266 277 1538 1488 267 278
10569 5 2 0 152 1533 1483 1482 1532 1539 1489 1488 1538
10570 5 2 0 152 1534 1484 1483 1533 1540 1490 1489 1539
10571 5 2 0 152 1535 1485 1484 1534 1541 1491 1490 1540
10572 5 2 0 152 200 189 1485 1535 201 190 1491 1541
10573 5 2 0 153 1538 1488 267 278 2911 2887 1496 1546
10574 5 2 0 153 2911 2887 1496 1546 1542 1492 268 279
10575 5 2 0 153 1539 1489 1488 1538 2912 2888 2887 2911
10576 5 2 0 153 2912 2888 2887 2911 1543 1493 1492 1542
10577 5 2 0 153 1540 1490 1489 1539 2913 2889 2888 2912
10578 5 2 0 153 2913 2889 2888 2912 1544 1494 1493 1543
10579 5 2 0 153 1541 1491 1490 1540 2914 2890 2889 2913
10580 5 2 0 153 2914 2890 2889 2913 1545 1495 1494 1544
10581 5 2 0 153 201 190 1491 1541 1203 1164 2890 2914
10582 5 2 0 153 1203 1164 2890 2914 202 191 1495 1545
10583 5 2 0 154 1542 1492 268 279 1547 1497 269 280
10584 5 2 0 154 1543 1493 1492 1542 1548 1498 1497 1547
10585 5 2 0 154 1544 1494 1493 1543 1549 1499 1498 1548
10586 5 2 0 154 1545 1495 1494 1544 1550 1500 1499 1549
10587 5 2 0 154 202 191 1495 1545 203 192 1500 1550
10588 5 2 0 155 1547 1497 269 280 1551 1501 270 281
10589 5 2 0 155 1548 1498 1497 1547 1552 1502 1501 1551
10590 5 2 0 155 1549 1499 1498 1548 1553 1503 1502 1552
10591 5 2 0 155 1550 1500 1499 1549 1554 1504 1503 1553
10592 5 2 0 155 203 192 1500 1550 204 193 1504 1554
10593 5 2 0 156 1551 1501 270 281 1555 1505 271 282
10594 5 2 0 156 1552 1502 1501 1551 1556 1506 1505 1555
10595 5 2 0 156 1553 1503 1502 1552 1557 1507 1506 1556
10596 5 2 0 156 1554 1504 1503 1553 1558 1508 1507 1557
10597 5 2 0 156 204 193 1504 1554 205 194 1508 1558
10598 5 2 0 157 1555 1505 271 282 1559 1509 272 283
10599 5 2 0 157 1556 1506 1505 1555 1560 1510 1509 1559
10600 5 2 0 157 1557 1507 1506 1556 1561 1511 1510 1560
10601 5 2 0 157 1558 1508 1507 1557 1562 1512 1511 1561
10602 5 2 0 157 205 194 1508 1558 206 195 1512 1562
10603 5 2 0 158 1559 1509 272 283 2915 2891 1517 1567
10604 5 2 0 158 2915 2891 1517 1567 1563 1513 273 284
10605 5 2 0 158 1560 1510 1509 1559 2916 2892 2891 2915
10606 5 2 0 158 2916 2892 2891 2915 1564 1514 1513 1563
10607 5 2 0 158 1561 1511 1510 1560 2917 2893 2892 2916
10608 5 2 0 158 2917 2893 2892 2916 1565 1515 1514 1564
10609 5 2 0 158 1562 1512 1511 1561 2918 2894 2893 2917
10610 5 2 0 158 2918 2894 2893 2917 1566 1516 1515 1565
10611 5 2 0 158 206 195 1512 1562 1219 1180 2894 2918
10612 5 2 0 158 1219 1180 2894 2918 207 196 1516 1566
10613 5 2 0 159 1563 1513 273 284 1568 1518 274 285
10614 5 2 0 159 1564 1514 1513 1563 1569 1519 1518 1568
10615 5 2 0 159 1565 1515 1514 1564 1570 1520 1519 1569
10616 5 2 0 159 1566 1516 1515 1565 1571 1521 1520 1570
10617 5 2 0 159 207 196 1516 1566 208 197 1521 1571
10618 5 2 0 160 1568 1518 274 285 2919 2895 1526 1576
10619 5 2 0 160 2919 2895 1526 1576 2923 2899 1527 1577
10620 5 2 0 160 2923 2899 1527 1577 1572 1522 275 286
10621 5 2 0 160 1569 1519 1518 1568 2920 2896 2895 2919
10622 5 2 0 160 2920 2896 2895 2919 2924 2900 2899 2923
10623 5 2 0 160 2924 2900 2899 2923 1573 1523 1522 1572
10624 5 2 0 160 1570 1520 1519 1569 2921 2897 2896 2920
10625 5 2 0 160 2921 2897 2896 2920 2925 2901 2900 2924
10626 5 2 0 160 2925 2901 2900 2924 1574 1524 1523 1573
10627 5 2 0 160 1571 1521 1520 1570 2922 2898 2897 2921
10628 5 2 0 160 2922 2898 2897 2921 2926 2902 2901 2925
10629 5 2 0 160 2926 2902 2901 2925 1575 1525 1524 1574
10630 5 2 0 160 208 197 1521 1571 1226 1187 2898 2922
10631 5 2 0 160 1226 1187 2898 2922 1227 1188 2902 2926
10632 5 2 0 160 1227 1188 2902 2926 209 198 1525 1575
10633 5 2 0 161 1578 1528 276 287 2927 2903 1536 1586
10634 5 2 0 161 2927 2903 1536 1586 2931 2907 1537 1587
10635 5 2 0 161 2931 2907 1537 1587 1582 1532 277 288
10636 5 2 0 161 1579 1529 1528 1578 2928 2904 2903 2927
10637 5 2 0 161 2928 2904 2903 2927 2932 2908 2907 2931
10638 5 2 0 161 2932 2908 2907 2931 1583 1533 1532 1582
10639 5 2 0 161 1580 1530 1529 1579 2929 2905 2904 2928
10640 5 2 0 161 2929 2905 2904 2928 2933 2909 2908 2932
10641 5 2 0 161 2933 2909 2908 2932 1584 1534 1533 1583
10642 5 2 0 161 1581 1531 1530 1580 2930 2906 2905 2929
10643 5 2 0 161 2930 2906 2905 2929 2934 2910 2909 2933
10644 5 2 0 161 2934 2910 2909 2933 1585 1535 1534 1584
10645 5 2 0 161 210 199 1531 1581 1234 1195 2906 2930
10646 5 2 0 161 1234 1195 2906 2930 1235 1196 2910 2934
10647 5 2 0 161 1235 1196 2910 2934 211 200 1535 1585
10648 5 2 0 162 1582 1532 277 288 1588 1538 278 289
10649 5 2 0 162 1583 1533 1532 1582 1589 1539 1538 1588
10650 5 2 0 162 1584 1534 1533 1583 1590 1540 1539 1589
10651 5 2 0 162 1585 1535 1534 1584 1591 1541 1540 1590
10652 5 2 0 162 211 200 1535 1585 212 201 1541 1591
10653 5 2 0 163 1588 1538 278 289 2935 2911 1546 1596
10654 5 2 0 163 2935 2911 1546 1596 1592 1542 279 290
10655 5 2 0 163 1589 1539 1538 1588 2936 2912 2911 2935
10656 5 2 0 163 2936 2912 2911 2935 1593 1543 1542 1592
10657 5 2 0 163 1590 1540 1539 1589 2937 2913 2912 2936
10658 5 2 0 163 2937 2913 2912 2936 1594 1544 1543 1593
10659 5 2 0 163 1591 1541 1540 1590 2938 2914 2913 2937
10660 5 2 0 163 2938 2914 2913 2937 1595 1545 1544 1594
10661 5 2 0 163 212 201 1541 1591 1242 1203 2914 2938
10662 5 2 0 163 1242 1203 2914 2938 213 202 1545 1595
10663 5 2 0 164 1592 1542 279 290 1597 1547 280 291
10664 5 2 0 164 1593 1543 1542 1592 1598 1548 1547 1597
10665 5 2 0 164 1594 1544 1543 1593 1599 1549 1548 1598
10666 5 2 0 164 1595 1545 1544 1594 1600 1550 1549 1599
10667 5 2 0 164 213 202 1545 1595 214 203 1550 1600
10668 5 2 0 165 1597 1547 280 291 1601 1551 281 292
10669 5 2 0 165 1598 1548 1547 1597 1602 1552 1551 1601
10670 5 2 0 165 1599 1549 1548 1598 1603 1553 1552 1602
10671 5 2 0 165 1600 1550 1549 1599 1604 1554 1553 1603
10672 5 2 0 165 214 203 1550 1600 215 204 1554 1604
10673 5 2 0 166 1601 1551 281 292 1605 1555 282 293
10674 5 2 0 166 1602 1552 1551 1601 1606 1556 1555 1605
10675 5 2 0 166 1603 1553 1552 1602 1607 1557 1556 1606
10676 5 2 0 166 1604 1554 1553 1603 1608 1558 1557 1607
10677 5 2 0 166 215 204 1554 1604 216 205 1558 1608
10678 5 2 0 167 1605 1555 282 293 1609 1559 283 294
10679 5 2 0 167 1606 1556 1555 1605 1610 1560 1559 1609
10680 5 2 0 167 1607 1557 1556 1606 1611 1561 1560 1610
10681 5 2 0 167 1608 1558 1557 1607 1612 1562 1561 1611
10682 5 2 0 167 216 205 1558 1608 217 206 1562 1612
10683 5 2 0 168 1609 1559 283 294 2939 2915 1567 1617
10684 5 2 0 168 2939 2915 1567 1617 1613 1563 284 295
10685 5 2 0 168 1610 1560 1559 1609 2940 2916 2915 2939
10686 5 2 0 168 2940 2916 2915 2939 1614 1564 1563 1613
10687 5 2 0 168 1611 1561 1560 1610 2941 2917 2916 2940
10688 5 2 0 168 2941 2917 2916 2940 1615 1565 1564 1614
10689 5 2 0 168 1612 1562 1561 1611 2942 2918 2917 2941
10690 5 2 0 168 2942 2918 2917 2941 1616 1566 1565 1615
10691 5 2 0 168 217 206 1562 1612 1258 1219 2918 2942
10692 5 2 0 168 1258 1219 2918 2942 218 207 1566 1616
10693 5 2 0 169 1613 1563 284 295 1618 1568 285 296
10694 5 2 0 169 1614 1564 1563 1613 1619 1569 1568 1618
10695 5 2 0 169 1615 1565 1564 1614 1620 1570 1569 1619
10696 5 2 0 169 1616 1566 1565 1615 1621 1571 1570 1620
10697 5 2 0 169 218 207 1566 1616 219 208 1571 1621
10698 5 2 0 170 1618 1568 285 296 2943 2919 1576 1626
10699 5 2 0 170 2943 2919 1576 1626 2947 2923 1577 1627
10700 5 2 0 170 2947 2923 1577 1627 1622 1572 286 297
10701 5 2 0 170 1619 1569 1568 1618 2944 2920 2919 2943
10702 5 2 0 170 2944 2920 2919 2943 2948 2924 2923 2947
10703 5 2 0 170 2948 2924 2923 2947 1623 1573 1572 1622
10704 5 2 0 170 1620 1570 1569 1619 2945 2921 2920 2944
10705 5 2 0 170 2945 2921 2920 2944 2949 2925 2924 2948
10706 5 2 0 170 2949 2925 2924 2948 1624 1574 1573 1623
10707 5 2 0 170 1621 1571 1570 1620 2946 2922 2921 2945
10708 5 2 0 170 2946 2922 2921 2945 2950 2926 2925 2949
10709 5 2 0 170 2950 2926 2925 2949 1625 1575 1574 1624
10710 5 2 0 170 219 208 1571 1621 1265 1226 2922 2946
10711 5 2 0 170 1265 1226 2922 2946 1266 1227 2926 2950
10712 5 2 0 170 1266 1227 2926 2950 220 209 1575 1625
10713 5 2 0 171 2951 1578 287 1632 3321 2927 1586 2967
10714 5 2 0 171 3321 2927 1586 2967 3322 2931 1587 2968
10715 5 2 0 171 3322 2931 1587 2968 2955 1582 288 1637
10716 5 2 0 171 1628 2951 1632 298 2959 3321 2967 1638
10717 5 2 0 171 2959 3321 2967 1638 2963 3322 2968 1639
10718 5 2 0 171 2963 3322 2968 1639 1633 2955 1637 299
10719 5 2 0 171 2952 1579 1578 2951 3323 2928 2927 3321
10720 5 2 0 171 3323 2928 2927 3321 3324 2932 2931 3322
10721 5 2 0 171 3324 2932 2931 3322 2956 1583 1582 2955
10722 5 2 0 171 1629 2952 2951 1628 2960 3323 3321 2959
10723 5 2 0 171 2960 3323 3321 2959 2964 3324 3322 2963
10724 5 2 0 171 2964 3324 3322 2963 1634 2956 2955 1633
10725 5 2 0 171 2953 1580 1579 2952 3325 2929 2928 3323
10726 5 2 0 171 3325 2929 2928 3323 3326 2933 2932 3324
10727 5 2 0 171 3326 2933 2932 3324 2957 1584 1583 2956
10728 5 2 0 171 1630 2953 2952 1629 2961 3325 3323 2960
10729 5 2 0 171 2961 3325 3323 2960 2965 3326 3324 2964
10730 5 2 0 171 2965 3326 3324 2964 1635 2957 2956 1634
10731 5 2 0 171 2954 1581 1580 2953 3327 2930 2929 3325
10732 5 2 0 171 3327 2930 2929 3325 3328 2934 2933 3326
10733 5 2 0 171 3328 2934 2933 3326 2958 1585 1584 2957
10734 5 2 0 171 1631 2954 2953 1630 2962 3327 3325 2961
10735 5 2 0 171 2962 3327 3325 2961 2966 3328 3326 2965
10736 5 2 0 171 2966 3328 3326 2965 1636 2958 2957 1635
10737 5 2 0 171 1270 210 1581 2954 2712 1234 2930 3327
10738 5 2 0 171 2712 1234 2930 3327 2713 1235 2934 3328
10739 5 2 0 171 2713 1235 2934 3328 1274 211 1585 2958
10740 5 2 0 171 221 1270 2954 1631 1275 2712 3327 2962
10741 5 2 0 171 1275 2712 3327 2962 1276 2713 3328 2966
10742 5 2 0 171 1276 2713 3328 2966 222 1274 2958 1636
10743 5 2 0 172 2955 1582 288 1637 2969 1588 289 1644
10744 5 2 0 172 1633 2955 1637 299 1640 2969 1644 300
10745 5 2 0 172 2956 1583 1582 2955 2970 1589 1588 2969
10746 5 2 0 172 1634 2956 2955 1633 1641 2970 2969 1640
10747 5 2 0 172 2957 1584 1583 2956 2971 1590 1589 2970
10748 5 2 0 172 1635 2957 2956 1634 1642 2971 2970 1641
10749 5 2 0 172 2958 1585 1584 2957 2972 1591 1590 2971
10750 5 2 0 172 1636 2958 2957 1635 1643 2972 2971 1642
10751 5 2 0 172 1274 211 1585 2958 1280 212 1591 2972
10752 5 2 0 172 222 1274 2958 1636 223 1280 2972 1643
10753 5 2 0 173 2969 1588 289 1644 3329 2935 1596 2981
10754 5 2 0 173 3329 2935 1596 2981 2973 1592 290 1649
10755 5 2 0 173 1640 2969 1644 300 2977 3329 2981 1650
10756 5 2 0 173 2977 3329 2981 1650 1645 2973 1649 301
10757 5 2 0 173 2970 1589 1588 2969 3330 2936 2935 3329
10758 5 2 0 173 3330 2936 2935 3329 2974 1593 1592 2973
10759 5 2 0 173 1641 2970 2969 1640 2978 3330 3329 2977
10760 5 2 0 173 2978 3330 3329 2977 1646 2974 2973 1645
10761 5 2 0 173 2971 1590 1589 2970 3331 2937 2936 3330
10762 5 2 0 173 3331 2937 2936 3330 2975 1594 1593 2974
10763 5 2 0 173 1642 2971 2970 1641 2979 3331 3330 2978
10764 5 2 0 173 2979 3331 3330 2978 1647 2975 2974 1646
10765 5 2 0 173 2972 1591 1590 2971 3332 2938 2937 3331
10766 5 2 0 173 3332 2938 2937 3331 2976 1595 1594 2975
10767 5 2 0 173 1643 2972 2971 1642 2980 3332 3331 2979
10768 5 2 0 173 2980 3332 3331 2979 1648 2976 2975 1647
10769 5 2 0 173 1280 212 1591 2972 2723 1242 2938 3332
10770 5 2 0 173 2723 1242 2938 3332 1284 213 1595 2976
10771 5 2 0 173 223 1280 2972 1643 1285 2723 3332 2980
10772 5 2 0 173 1285 2723 3332 2980 224 1284 2976 1648
10773 5 2 0 174 2973 1592 290 1649 2982 1597 291 1655
10774 5 2 0 174 1645 2973 1649 301 1651 2982 1655 302
10775 5 2 0 174 2974 1593 1592 2973 2983 1598 1597 2982
10776 5 2 0 174 1646 2974 2973 1645 1652 2983 2982 1651
10777 5 2 0 174 2975 1594 1593 2974 2984 1599 1598 2983
10778 5 2 0 174 1647 2975 2974 1646 1653 2984 2983 1652
10779 5 2 0 174 2976 1595 1594 2975 2985 1600 1599 2984
10780 5 2 0 174 1648 2976 2975 1647 1654 2985 2984 1653
10781 5 2 0 174 1284 213 1595 2976 1289 214 1600 2985
10782 5 2 0 174 224 1284 2976 1648 225 1289 2985 1654
10783 5 2 0 175 2982 1597 291 1655 2986 1601 292 1660
10784 5 2 0 175 1651 2982 1655 302 1656 2986 1660 303
10785 5 2 0 175 2983 1598 1597 2982 2987 1602 1601 2986
10786 5 2 0 175 1652 2983 2982 1651 1657 2987 2986 1656
10787 5 2 0 175 2984 1599 1598 2983 2988 1603 1602 2987
10788 5 2 0 175 1653 2984 2983 1652 1658 2988 2987 1657
10789 5 2 0 175 2985 1600 1599 2984 2989 1604 1603 2988
10790 5 2 0 175 1654 2985 2984 1653 1659 2989 2988 1658
10791 5 2 0 175 1289 214 1600 2985 1293 215 1604 2989
10792 5 2 0 175 225 1289 2985 1654 226 1293 2989 1659
10793 5 2 0 176 2986 1601 292 1660 2990 1605 293 1665
10794 5 2 0 176 1656 2986 1660 303 1661 2990 1665 304
10795 5 2 0 176 2987 1602 1601 2986 2991 1606 1605 2990
10796 5 2 0 176 1657 2987 2986 1656 1662 2991 2990 1661
10797 5 2 0 176 2988 1603 1602 2987 2992 1607 1606 2991
10798 5 2 0 176 1658 2988 2987 1657 1663 2992 2991 1662
10799 5 2 0 176 2989 1604 1603 2988 2993 1608 1607 2992
10800 5 2 0 176 1659 2989 2988 1658 1664 2993 2992 1663
10801 5 2 0 176 1293 215 1604 2989 1297 216 1608 2993
10802 5 2 0 176 226 1293 2989 1659 227 1297 2993 1664
10803 5 2 0 177 2990 1605 293 1665 2994 1609 294 1670
10804 5 2 0 177 1661 2990 1665 304 1666 2994 1670 305
10805 5 2 0 177 2991 1606 1605 2990 2995 1610 1609 2994
10806 5 2 0 177 1662 2991 2990 1661 1667 2995 2994 1666
10807 5 2 0 177 2992 1607 1606 2991 2996 1611 1610 2995
10808 5 2 0 177 1663 2992 2991 1662 1668 2996 2995 1667
10809 5 2 0 177 2993 1608 1607 2992 2997 1612 1611 2996
10810 5 2 0 177 1664 2993 2992 1663 1669 2997 2996 1668
10811 5 2 0 177 1297 216 1608 2993 1301 217 1612 2997
10812 5 2 0 177 227 1297 2993 1664 228 1301 2997 1669
10813 5 2 0 178 2994 1609 294 1670 3333 2939 1617 3006
10814 5 2 0 178 3333 2939 1617 3006 2998 1613 295 1675
10815 5 2 0 178 1666 2994 1670 305 3002 3333 3006 1676
10816 5 2 0 178 3002 3333 3006 1676 1671 2998 1675 306
10817 5 2 0 178 2995 1610 1609 2994 3334 2940 2939 3333
10818 5 2 0 178 3334 2940 2939 3333 2999 1614 1613 2998
10819 5 2 0 178 1667 2995 2994 1666 3003 3334 3333 3002
10820 5 2 0 178 3003 3334 3333 3002 1672 2999 2998 1671
10821 5 2 0 178 2996 1611 1610 2995 3335 2941 2940 3334
10822 5 2 0 178 3335 2941 2940 3334 3000 1615 1614 2999
10823 5 2 0 178 1668 2996 2995 1667 3004 3335 3334 3003
10824 5 2 0 178 3004 3335 3334 3003 1673 3000 2999 1672
10825 5 2 0 178 2997 1612 1611 2996 3336 2942 2941 3335
10826 5 2 0 178 3336 2942 2941 3335 3001 1616 1615 3000
10827 5 2 0 178 1669 2997 2996 1668 3005 3336 3335 3004
10828 5 2 0 178 3005 3336 3335 3004 1674 3001 3000 1673
10829 5 2 0 178 1301 217 1612 2997 2742 1258 2942 3336
10830 5 2 0 178 2742 1258 2942 3336 1305 218 1616 3001
10831 5 2 0 178 228 1301 2997 1669 1306 2742 3336 3005
10832 5 2 0 178 1306 2742 3336 3005 229 1305 3001 1674
10833 5 2 0 179 2998 1613 295 1675 3007 1618 296 1681
10834 5 2 0 179 1671 2998 1675 306 1677 3007 1681 307
10835 5 2 0 179 2999 1614 1613 2998 3008 1619 1618 3007
10836 5 2 0 179 1672 2999 2998 1671 1678 3008 3007 1677
10837 5 2 0 179 3000 1615 1614 2999 3009 1620 1619 3008
10838 5 2 0 179 1673 3000 2999 1672 1679 3009 3008 1678
10839 5 2 0 179 3001 1616 1615 3000 3010 1621 1620 3009
10840 5 2 0 179 1674 3001 3000 1673 1680 3010 3009 1679
10841 5 2 0 179 1305 218 1616 3001 1310 219 1621 3010
10842 5 2 0 179 229 1305 3001 1674 230 1310 3010 1680
10843 5 2 0 180 3007 1618 296 1681 3337 2943 1626 3023
10844 5 2 0 180 3337 2943 1626 3023 3338 2947 1627 3024
10845 5 2 0 180 3338 2947 1627 3024 3011 1622 297 1686
10846 5 2 0 180 1677 3007 1681 307 3015 3337 3023 1687
10847 5 2 0 180 3015 3337 3023 1687 3019 3338 3024 1688
10848 5 2 0 180 3019 3338 3024 1688 1682 3011 1686 308
10849 5 2 0 180 3008 1619 1618 3007 3339 2944 2943 3337
10850 5 2 0 180 3339 2944 2943 3337 3340 2948 2947 3338
10851 5 2 0 180 3340 2948 2947 3338 3012 1623 1622 3011
10852 5 2 0 180 1678 3008 3007 1677 3016 3339 3337 3015
10853 5 2 0 180 3016 3339 3337 3015 3020 3340 3338 3019
10854 5 2 0 180 3020 3340 3338 3019 1683 3012 3011 1682
10855 5 2 0 180 3009 1620 1619 3008 3341 2945 2944 3339
10856 5 2 0 180 3341 2945 2944 3339 3342 2949 2948 3340
10857 5 2 0 180 3342 2949 2948 3340 3013 1624 1623 3012
10858 5 2 0 180 1679 3009 3008 1678 3017 3341 3339 3016
10859 5 2 0 180 3017 3341 3339 3016 3021 3342 3340 3020
10860 5 2 0 180 3021 3342 3340 3020 1684 3013 3012 1683
10861 5 2 0 180 3010 1621 1620 3009 3343 2946 2945 3341
10862 5 2 0 180 3343 2946 2945 3341 3344 2950 2949 3342
10863 5 2 0 180 3344 2950 2949 3342 3014 1625 1624 3013
10864 5 2 0 180 1680 3010 3009 1679 3018 3343 3341 3017
10865 5 2 0 180 3018 3343 3341 3017 3022 3344 3342 3021
10866 5 2 0 180 3022 3344 3342 3021 1685 3014 3013 1684
10867 5 2 0 180 1310 219 1621 3010 2755 1265 2946 3343
10868 5 2 0 180 2755 1265 2946 3343 2756 1266 2950 3344
10869 5 2 0 180 2756 1266 2950 3344 1314 220 1625 3014
10870 5 2 0 180 230 1310 3010 1680 1315 2755 3343 3018
10871 5 2 0 180 1315 2755 3343 3018 1316 2756 3344 3022
10872 5 2 0 180 1316 2756 3344 3022 231 1314 3014 1685
10873 5 2 0 181 232 1325 2781 1335 309 1689 3025 1693
10874 5 2 0 181 1335 2781 2782 1336 1693 3025 3026 1694
10875 5 2 0 181 1336 2782 1334 234 1694 3026 1692 312
10876 5 2 0 181 1325 233 1337 2781 1689 310 1690 3025
10877 5 2 0 181 2781 1337 1338 2782 3025 1690 1691 3026
10878 5 2 0 181 2782 1338 235 1334 3026 1691 311 1692
10879 5 2 0 182 234 1334 1347 236 312 1692 1695 314
10880 5 2 0 182 1334 235 237 1347 1692 311 313 1695
10881 5 2 0 183 236 1347 2799 1357 314 1695 3027 1698
10882 5 2 0 183 1357 2799 1356 238 1698 3027 1697 316
10883 5 2 0 183 1347 237 1358 2799 1695 313 1696 3027
10884 5 2 0 183 2799 1358 239 1356 3027 1696 315 1697
10885 5 2 0 184 238 1356 1367 240 316 1697 1699 318
10886 5 2 0 184 1356 239 241 1367 1697 315 317 1699
10887 5 2 0 185 240 1367 1376 242 318 1699 1700 320
10888 5 2 0 185 1367 241 243 1376 1699 317 319 1700
10889 5 2 0 186 242 1376 1385 244 320 1700 1701 322
10890 5 2 0 186 1376 243 245 1385 1700 319 321 1701
10891 5 2 0 187 244 1385 1394 246 322 1701 1702 324
10892 5 2 0 187 1385 245 247 1394 1701 321 323 1702
10893 5 2 0 188 246 1394 2828 1404 324 1702 3028 1705
10894 5 2 0 188 1404 2828 1403 248 1705 3028 1704 326
10895 5 2 0 188 1394 247 1405 2828 1702 323 1703 3028
10896 5 2 0 188 2828 1405 249 1403 3028 1703 325 1704
10897 5 2 0 189 248 1403 1414 250 326 1704 1706 328
10898 5 2 0 189 1403 249 251 1414 1704 325 327 1706
10899 5 2 0 190 250 1414 2853 1424 328 1706 3029 1710
10900 5 2 0 190 1424 2853 2854 1425 1710 3029 3030 1711
10901 5 2 0 190 1425 2854 1423 252 1711 3030 1709 330
10902 5 2 0 190 1414 251 1426 2853 1706 327 1707 3029
10903 5 2 0 190 2853 1426 1427 2854 3029 1707 1708 3030
10904 5 2 0 190 2854 1427 253 1423 3030 1708 329 1709
10905 5 2 0 191 233 254 1436 1337 310 331 1712 1690
10906 5 2 0 191 1337 1436 1437 1338 1690 1712 1713 1691
10907 5 2 0 191 1338 1437 255 235 1691 1713 332 311
10908 5 2 0 192 235 255 256 237 311 332 333 313
10909 5 2 0 193 237 256 1446 1358 313 333 1714 1696
10910 5 2 0 193 1358 1446 257 239 1696 1714 334 315
10911 5 2 0 194 239 257 258 241 315 334 335 317
10912 5 2 0 195 241 258 259 243 317 335 336 319
10913 5 2 0 196 243 259 260 245 319 336 337 321
10914 5 2 0 197 245 260 261 247 321 337 338 323
10915 5 2 0 198 247 261 1467 1405 323 338 1715 1703
10916 5 2 0 198 1405 1467 262 249 1703 1715 339 325
10917 5 2 0 199 249 262 263 251 325 339 340 327
10918 5 2 0 200 251 263 1476 1426 327 340 1716 1707
10919 5 2 0 200 1426 1476 1477 1427 1707 1716 1717 1708
10920 5 2 0 200 1427 1477 264 253 1708 1717 341 329
10921 5 2 0 201 254 265 1486 1436 331 342 1718 1712
10922 5 2 0 201 1436 1486 1487 1437 1712 1718 1719 1713
10923 5 2 0 201 1437 1487 266 255 1713 1719 343 332
10924 5 2 0 202 255 266 267 256 332 343 344 333
10925 5 2 0 203 256 267 1496 1446 333 344 1720 1714
10926 5 2 0 203 1446 1496 268 257 1714 1720 345 334
10927 5 2 0 204 257 268 269 258 334 345 346 335
10928 5 2 0 205 258 269 270 259 335 346 347 336
10929 5 2 0 206 259 270 271 260 336 347 348 337
10930 5 2 0 207 260 271 272 261 337 348 349 338
10931 5 2 0 208 261 272 1517 1467 338 349 1721 1715
10932 5 2 0 208 1467 1517 273 262 1715 1721 350 339
10933 5 2 0 209 262 273 274 263 339 350 351 340
10934 5 2 0 210 263 274 1526 1476 340 351 1722 1716
10935 5 2 0 210 1476 1526 1527 1477 1716 1722 1723 1717
10936 5 2 0 210 1477 1527 275 264 1717 1723 352 341
10937 5 2 0 211 265 276 1536 1486 342 353 1724 1718
10938 5 2 0 211 1486 1536 1537 1487 1718 1724 1725 1719
10939 5 2 0 211 1487 1537 277 266 1719 1725 354 343
10940 5 2 0 212 266 277 278 267 343 354 355 344
10941 5 2 0 213 267 278 1546 1496 344 355 1726 1720
10942 5 2 0 213 1496 1546 279 268 1720 1726 356 345
10943 5 2 0 214 268 279 280 269 345 356 357 346
10944 5 2 0 215 269 280 281 270 346 357 358 347
10945 5 2 0 216 270 281 282 271 347 358 359 348
10946 5 2 0 217 271 282 283 272 348 359 360 349
10947 5 2 0 218 272 283 1567 1517 349 360 1727 1721
10948 5 2 0 218 1517 1567 284 273 1721 1727 361 350
10949 5 2 0 219 273 284 285 274 350 361 362 351
10950 5 2 0 220 274 285 1576 1526 351 362 1728 1722
10951 5 2 0 220 1526 1576 1577 1527 1722 1728 1729 1723
10952 5 2 0 220 1527 1577 286 275 1723 1729 363 352
10953 5 2 0 221 276 287 1586 1536 353 364 1730 1724
10954 5 2 0 221 1536 1586 1587 1537 1724 1730 1731 1725
10955 5 2 0 221 1537 1587 288 277 1725 1731 365 354
10956 5 2 0 222 277 288 289 278 354 365 366 355
10957 5 2 0 223 278 289 1596 1546 355 366 1732 1726
10958 5 2 0 223 1546 1596 290 279 1726 1732 367 356
10959 5 2 0 224 279 290 291 280 356 367 368 357
10960 5 2 0 225 280 291 292 281 357 368 369 358
10961 5 2 0 226 281 292 293 282 358 369 370 359
10962 5 2 0 227 282 293 294 283 359 370 371 360
10963 5 2 0 228 283 294 1617 1567 360 371 1733 1727
10964 5 2 0 228 1567 1617 295 284 1727 1733 372 361
10965 5 2 0 229 284 295 296 285 361 372 373 362
10966 5 2 0 230 285 296 1626 1576 362 373 1734 1728
10967 5 2 0 230 1576 1626 1627 1577 1728 1734 1735 1729
10968 5 2 0 230 1577 1627 297 286 1729 1735 374 363
10969 5 2 0 231 287 1632 2967 1586 364 1736 3031 1730
10970 5 2 0 231 1586 2967 2968 1587 1730 3031 3032 1731
10971 5 2 0 231 1587 2968 1637 288 1731 3032 1739 365
10972 5 2 0 231 1632 298 1638 2967 1736 375 1737 3031
10973 5 2 0 231 2967 1638 1639 2968 3031 1737 1738 3032
10974 5 2 0 231 2968 1639 299 1637 3032 1738 376 1739
10975 5 2 0 232 288 1637 1644 289 365 1739 1740 366
10976 5 2 0 232 1637 299 300 1644 1739 376 377 1740
10977 5 2 0 233 289 1644 2981 1596 366 1740 3033 1732
10978 5 2 0 233 1596 2981 1649 290 1732 3033 1742 367
10979 5 2 0 233 1644 300 1650 2981 1740 377 1741 3033
10980 5 2 0 233 2981 1650 301 1649 3033 1741 378 1742
10981 5 2 0 234 290 1649 1655 291 367 1742 1743 368
10982 5 2 0 234 1649 301 302 1655 1742 378 379 1743
10983 5 2 0 235 291 1655 1660 292 368 1743 1744 369
10984 5 2 0 235 1655 302 303 1660 1743 379 380 1744
10985 5 2 0 236 292 1660 1665 293 369 1744 1745 370
10986 5 2 0 236 1660 303 304 1665 1744 380 381 1745
10987 5 2 0 237 293 1665 1670 294 370 1745 1746 371
10988 5 2 0 237 1665 304 305 1670 1745 381 382 1746
10989 5 2 0 238 294 1670 3006 1617 371 1746 3034 1733
10990 5 2 0 238 1617 3006 1675 295 1733 3034 1748 372
10991 5 2 0 238 1670 305 1676 3006 1746 382 1747 3034
10992 5 2 0 238 3006 1676 306 1675 3034 1747 383 1748
10993 5 2 0 239 295 1675 1681 296 372 1748 1749 373
10994 5 2 0 239 1675 306 307 1681 1748 383 384 1749
10995 5 2 0 240 296 1681 3023 1626 373 1749 3035 1734
10996 5 2 0 240 1626 3023 3024 1627 1734 3035 3036 1735
10997 5 2 0 240 1627 3024 1686 297 1735 3036 1752 374
10998 5 2 0 240 1681 307 1687 3023 1749 384 1750 3035
10999 5 2 0 240 3023 1687 1688 3024 3035 1750 1751 3036
11000 5 2 0 240 3024 1688 308 1686 3036 1751 385 1752
11001 5 2 0 241 1 586 2273 595 386 1753 3037 1762
11002 5 2 0 241 595 2273 591 4 1762 3037 1758 389
11003 5 2 0 241 586 587 2274 2273 1753 1754 3038 3037
11004 5 2 0 241 2273 2274 592 591 3037 3038 1759 1758
11005 5 2 0 241 587 588 2275 2274 1754 1755 3039 3038
11006 5 2 0 241 2274 2275 593 592 3038 3039 1760 1759
11007 5 2 0 241 588 589 2276 2275 1755 1756 3040 3039
11008 5 2 0 241 2275 2276 594 593 3039 3040 1761 1760
11009 5 2 0 241 589 2 590 2276 1756 387 1757 3040
11010 5 2 0 241 2276 590 3 594 3040 1757 388 1761
11011 5 2 0 242 4 591 720 46 389 1758 1763 391
11012 5 2 0 242 591 592 721 720 1758 1759 1764 1763
11013 5 2 0 242 592 593 722 721 1759 1760 1765 1764
11014 5 2 0 242 593 594 723 722 1760 1761 1766 1765
11015 5 2 0 242 594 3 45 723 1761 388 390 1766
11016 5 2 0 243 46 720 776 68 391 1763 1767 393
11017 5 2 0 243 720 721 777 776 1763 1764 1768 1767
11018 5 2 0 243 721 722 778 777 1764 1765 1769 1768
11019 5 2 0 243 722 723 779 778 1765 1766 1770 1769
11020 5 2 0 243 723 45 67 779 1766 390 392 1770
11021 5 2 0 244 68 776 832 90 393 1767 1771 395
11022 5 2 0 244 776 777 833 832 1767 1768 1772 1771
11023 5 2 0 244 777 778 834 833 1768 1769 1773 1772
11024 5 2 0 244 778 779 835 834 1769 1770 1774 1773
11025 5 2 0 244 779 67 89 835 1770 392 394 1774
11026 5 2 0 245 90 832 888 112 395 1771 1775 397
11027 5 2 0 245 832 833 889 888 1771 1772 1776 1775
11028 5 2 0 245 833 834 890 889 1772 1773 1777 1776
11029 5 2 0 245 834 835 891 890 1773 1774 1778 1777
11030 5 2 0 245 835 89 111 891 1774 394 396 1778
11031 5 2 0 246 112 888 2473 949 397 1775 3041 1784
11032 5 2 0 246 949 2473 945 134 1784 3041 1780 399
11033 5 2 0 246 888 889 2474 2473 1775 1776 3042 3041
11034 5 2 0 246 2473 2474 946 945 3041 3042 1781 1780
11035 5 2 0 246 889 890 2475 2474 1776 1777 3043 3042
11036 5 2 0 246 2474 2475 947 946 3042 3043 1782 1781
11037 5 2 0 246 890 891 2476 2475 1777 1778 3044 3043
11038 5 2 0 246 2475 2476 948 947 3043 3044 1783 1782
11039 5 2 0 246 891 111 944 2476 1778 396 1779 3044
11040 5 2 0 246 2476 944 133 948 3044 1779 398 1783
11041 5 2 0 247 155 1022 2553 1028 400 1785 3045 1791
11042 5 2 0 247 1028 2553 1025 156 1791 3045 1788 401
11043 5 2 0 247 1022 1023 2554 2553 1785 1786 3046 3045
11044 5 2 0 247 2553 2554 1026 1025 3045 3046 1789 1788
11045 5 2 0 247 1023 1024 2555 2554 1786 1787 3047 3046
11046 5 2 0 247 2554 2555 1027 1026 3046 3047 1790 1789
11047 5 2 0 247 1024 1 595 2555 1787 386 1762 3047
11048 5 2 0 247 2555 595 4 1027 3047 1762 389 1790
11049 5 2 0 248 156 1025 1111 177 401 1788 1792 402
11050 5 2 0 248 1025 1026 1112 1111 1788 1789 1793 1792
11051 5 2 0 248 1026 1027 1113 1112 1789 1790 1794 1793
11052 5 2 0 248 1027 4 46 1113 1790 389 391 1794
11053 5 2 0 249 177 1111 1150 188 402 1792 1795 403
11054 5 2 0 249 1111 1112 1151 1150 1792 1793 1796 1795
11055 5 2 0 249 1112 1113 1152 1151 1793 1794 1797 1796
11056 5 2 0 249 1113 46 68 1152 1794 391 393 1797
11057 5 2 0 250 188 1150 1189 199 403 1795 1798 404
11058 5 2 0 250 1150 1151 1190 1189 1795 1796 1799 1798
11059 5 2 0 250 1151 1152 1191 1190 1796 1797 1800 1799
11060 5 2 0 250 1152 68 90 1191 1797 393 395 1800
11061 5 2 0 251 199 1189 1228 210 404 1798 1801 405
11062 5 2 0 251 1189 1190 1229 1228 1798 1799 1802 1801
11063 5 2 0 251 1190 1191 1230 1229 1799 1800 1803 1802
11064 5 2 0 251 1191 90 112 1230 1800 395 397 1803
11065 5 2 0 252 210 1228 2700 1270 405 1801 3048 1807
11066 5 2 0 252 1270 2700 1267 221 1807 3048 1804 406
11067 5 2 0 252 1228 1229 2701 2700 1801 1802 3049 3048
11068 5 2 0 252 2700 2701 1268 1267 3048 3049 1805 1804
11069 5 2 0 252 1229 1230 2702 2701 1802 1803 3050 3049
11070 5 2 0 252 2701 2702 1269 1268 3049 3050 1806 1805
11071 5 2 0 252 1230 112 949 2702 1803 397 1784 3050
11072 5 2 0 252 2702 949 134 1269 3050 1784 399 1806
11073 5 2 0 253 232 1317 2757 1325 482 2001 3093 2009
11074 5 2 0 253 1325 2757 1321 233 2009 3093 2005 483
11075 5 2 0 253 1317 1318 2758 2757 2001 2002 3094 3093
11076 5 2 0 253 2757 2758 1322 1321 3093 3094 2006 2005
11077 5 2 0 253 1318 1319 2759 2758 2002 2003 3095 3094
11078 5 2 0 253 2758 2759 1323 1322 3094 3095 2007 2006
11079 5 2 0 253 1319 1320 2760 2759 2003 2004 3096 3095
11080 5 2 0 253 2759 2760 1324 1323 3095 3096 2008 2007
11081 5 2 0 253 1320 155 1028 2760 2004 400 1791 3096
11082 5 2 0 253 2760 1028 156 1324 3096 1791 401 2008
11083 5 2 0 254 233 1321 1428 254 483 2005 2010 484
11084 5 2 0 254 1321 1322 1429 1428 2005 2006 2011 2010
11085 5 2 0 254 1322 1323 1430 1429 2006 2007 2012 2011
11086 5 2 0 254 1323 1324 1431 1430 2007 2008 2013 2012
11087 5 2 0 254 1324 156 177 1431 2008 401 402 2013
11088 5 2 0 255 254 1428 1478 265 484 2010 2014 485
11089 5 2 0 255 1428 1429 1479 1478 2010 2011 2015 2014
11090 5 2 0 255 1429 1430 1480 1479 2011 2012 2016 2015
11091 5 2 0 255 1430 1431 1481 1480 2012 2013 2017 2016
11092 5 2 0 255 1431 177 188 1481 2013 402 403 2017
11093 5 2 0 256 265 1478 1528 276 485 2014 2018 486
11094 5 2 0 256 1478 1479 1529 1528 2014 2015 2019 2018
11095 5 2 0 256 1479 1480 1530 1529 2015 2016 2020 2019
11096 5 2 0 256 1480 1481 1531 1530 2016 2017 2021 2020
11097 5 2 0 256 1481 188 199 1531 2017 403 404 2021
11098 5 2 0 257 276 1528 1578 287 486 2018 2022 487
11099 5 2 0 257 1528 1529 1579 1578 2018 2019 2023 2022
11100 5 2 0 257 1529 1530 1580 1579 2019 2020 2024 2023
11101 5 2 0 257 1530 1531 1581 1580 2020 2021 2025 2024
11102 5 2 0 257 1531 199 210 1581 2021 404 405 2025
11103 5 2 0 258 287 1578 2951 1632 487 2022 3097 2030
11104 5 2 0 258 1632 2951 1628 298 2030 3097 2026 488
11105 5 2 0 258 1578 1579 2952 2951 2022 2023 3098 3097
11106 5 2 0 258 2951 2952 1629 1628 3097 3098 2027 2026
11107 5 2 0 258 1579 1580 2953 2952 2023 2024 3099 3098
11108 5 2 0 258 2952 2953 1630 1629 3098 3099 2028 2027
11109 5 2 0 258 1580 1581 2954 2953 2024 2025 3100 3099
11110 5 2 0 258 2953 2954 1631 1630 3099 3100 2029 2028
11111 5 2 0 258 1581 210 1270 2954 2025 405 1807 3100
11112 5 2 0 258 2954 1270 221 1631 3100 1807 406 2029
11113 5 2 0 259 41 711 2353 702 407 1817 3051 1808
11114 5 2 0 259 711 44 707 2353 1817 410 1813 3051
11115 5 2 0 259 702 2353 2354 703 1808 3051 3052 1809
11116 5 2 0 259 2353 707 708 2354 3051 1813 1814 3052
11117 5 2 0 259 703 2354 2355 704 1809 3052 3053 1810
11118 5 2 0 259 2354 708 709 2355 3052 1814 1815 3053
11119 5 2 0 259 704 2355 2356 705 1810 3053 3054 1811
11120 5 2 0 259 2355 709 710 2356 3053 1815 1816 3054
11121 5 2 0 259 705 2356 706 42 1811 3054 1812 408
11122 5 2 0 259 2356 710 43 706 3054 1816 409 1812
11123 5 2 0 260 44 66 768 707 410 412 1818 1813
11124 5 2 0 260 707 768 769 708 1813 1818 1819 1814
11125 5 2 0 260 708 769 770 709 1814 1819 1820 1815
11126 5 2 0 260 709 770 771 710 1815 1820 1821 1816
11127 5 2 0 260 710 771 65 43 1816 1821 411 409
11128 5 2 0 261 66 88 824 768 412 414 1822 1818
11129 5 2 0 261 768 824 825 769 1818 1822 1823 1819
11130 5 2 0 261 769 825 826 770 1819 1823 1824 1820
11131 5 2 0 261 770 826 827 771 1820 1824 1825 1821
11132 5 2 0 261 771 827 87 65 1821 1825 413 411
11133 5 2 0 262 88 110 880 824 414 416 1826 1822
11134 5 2 0 262 824 880 881 825 1822 1826 1827 1823
11135 5 2 0 262 825 881 882 826 1823 1827 1828 1824
11136 5 2 0 262 826 882 883 827 1824 1828 1829 1825
11137 5 2 0 262 827 883 109 87 1825 1829 415 413
11138 5 2 0 263 110 132 936 880 416 418 1830 1826
11139 5 2 0 263 880 936 937 881 1826 1830 1831 1827
11140 5 2 0 263 881 937 938 882 1827 1831 1832 1828
11141 5 2 0 263 882 938 939 883 1828 1832 1833 1829
11142 5 2 0 263 883 939 131 109 1829 1833 417 415
11143 5 2 0 264 132 1017 2537 936 418 1839 3055 1830
11144 5 2 0 264 1017 154 1013 2537 1839 420 1835 3055
11145 5 2 0 264 936 2537 2538 937 1830 3055 3056 1831
11146 5 2 0 264 2537 1013 1014 2538 3055 1835 1836 3056
11147 5 2 0 264 937 2538 2539 938 1831 3056 3057 1832
11148 5 2 0 264 2538 1014 1015 2539 3056 1836 1837 3057
11149 5 2 0 264 938 2539 2540 939 1832 3057 3058 1833
11150 5 2 0 264 2539 1015 1016 2540 3057 1837 1838 3058
11151 5 2 0 264 939 2540 1012 131 1833 3058 1834 417
11152 5 2 0 264 2540 1016 153 1012 3058 1838 419 1834
11153 5 2 0 265 175 1106 2611 1100 421 1846 3059 1840
11154 5 2 0 265 1106 176 1103 2611 1846 422 1843 3059
11155 5 2 0 265 1100 2611 2612 1101 1840 3059 3060 1841
11156 5 2 0 265 2611 1103 1104 2612 3059 1843 1844 3060
11157 5 2 0 265 1101 2612 2613 1102 1841 3060 3061 1842
11158 5 2 0 265 2612 1104 1105 2613 3060 1844 1845 3061
11159 5 2 0 265 1102 2613 711 41 1842 3061 1817 407
11160 5 2 0 265 2613 1105 44 711 3061 1845 410 1817
11161 5 2 0 266 176 187 1145 1103 422 423 1847 1843
11162 5 2 0 266 1103 1145 1146 1104 1843 1847 1848 1844
11163 5 2 0 266 1104 1146 1147 1105 1844 1848 1849 1845
11164 5 2 0 266 1105 1147 66 44 1845 1849 412 410
11165 5 2 0 267 187 198 1184 1145 423 424 1850 1847
11166 5 2 0 267 1145 1184 1185 1146 1847 1850 1851 1848
11167 5 2 0 267 1146 1185 1186 1147 1848 1851 1852 1849
11168 5 2 0 267 1147 1186 88 66 1849 1852 414 412
11169 5 2 0 268 198 209 1223 1184 424 425 1853 1850
11170 5 2 0 268 1184 1223 1224 1185 1850 1853 1854 1851
11171 5 2 0 268 1185 1224 1225 1186 1851 1854 1855 1852
11172 5 2 0 268 1186 1225 110 88 1852 1855 416 414
11173 5 2 0 269 209 220 1262 1223 425 426 1856 1853
11174 5 2 0 269 1223 1262 1263 1224 1853 1856 1857 1854
11175 5 2 0 269 1224 1263 1264 1225 1854 1857 1858 1855
11176 5 2 0 269 1225 1264 132 110 1855 1858 418 416
11177 5 2 0 270 220 1314 2746 1262 426 1862 3062 1856
11178 5 2 0 270 1314 231 1311 2746 1862 427 1859 3062
11179 5 2 0 270 1262 2746 2747 1263 1856 3062 3063 1857
11180 5 2 0 270 2746 1311 1312 2747 3062 1859 1860 3063
11181 5 2 0 270 1263 2747 2748 1264 1857 3063 3064 1858
11182 5 2 0 270 2747 1312 1313 2748 3063 1860 1861 3064
11183 5 2 0 270 1264 2748 1017 132 1858 3064 1839 418
11184 5 2 0 270 2748 1313 154 1017 3064 1861 420 1839
11185 5 2 0 271 252 1423 2833 1415 489 2039 3101 2031
11186 5 2 0 271 1423 253 1419 2833 2039 490 2035 3101
11187 5 2 0 271 1415 2833 2834 1416 2031 3101 3102 2032
11188 5 2 0 271 2833 1419 1420 2834 3101 2035 2036 3102
11189 5 2 0 271 1416 2834 2835 1417 2032 3102 3103 2033
11190 5 2 0 271 2834 1420 1421 2835 3102 2036 2037 3103
11191 5 2 0 271 1417 2835 2836 1418 2033 3103 3104 2034
11192 5 2 0 271 2835 1421 1422 2836 3103 2037 2038 3104
11193 5 2 0 271 1418 2836 1106 175 2034 3104 1846 421
11194 5 2 0 271 2836 1422 176 1106 3104 2038 422 1846
11195 5 2 0 272 253 264 1472 1419 490 491 2040 2035
11196 5 2 0 272 1419 1472 1473 1420 2035 2040 2041 2036
11197 5 2 0 272 1420 1473 1474 1421 2036 2041 2042 2037
11198 5 2 0 272 1421 1474 1475 1422 2037 2042 2043 2038
11199 5 2 0 272 1422 1475 187 176 2038 2043 423 422
11200 5 2 0 273 264 275 1522 1472 491 492 2044 2040
11201 5 2 0 273 1472 1522 1523 1473 2040 2044 2045 2041
11202 5 2 0 273 1473 1523 1524 1474 2041 2045 2046 2042
11203 5 2 0 273 1474 1524 1525 1475 2042 2046 2047 2043
11204 5 2 0 273 1475 1525 198 187 2043 2047 424 423
11205 5 2 0 274 275 286 1572 1522 492 493 2048 2044
11206 5 2 0 274 1522 1572 1573 1523 2044 2048 2049 2045
11207 5 2 0 274 1523 1573 1574 1524 2045 2049 2050 2046
11208 5 2 0 274 1524 1574 1575 1525 2046 2050 2051 2047
11209 5 2 0 274 1525 1575 209 198 2047 2051 425 424
11210 5 2 0 275 286 297 1622 1572 493 494 2052 2048
11211 5 2 0 275 1572 1622 1623 1573 2048 2052 2053 2049
11212 5 2 0 275 1573 1623 1624 1574 2049 2053 2054 2050
11213 5 2 0 275 1574 1624 1625 1575 2050 2054 2055 2051
11214 5 2 0 275 1575 1625 220 209 2051 2055 426 425
11215 5 2 0 276 297 1686 3011 1622 494 2060 3105 2052
11216 5 2 0 276 1686 308 1682 3011 2060 495 2056 3105
11217 5 2 0 276 1622 3011 3012 1623 2052 3105 3106 2053
11218 5 2 0 276 3011 1682 1683 3012 3105 2056 2057 3106
11219 5 2 0 276 1623 3012 3013 1624 2053 3106 3107 2054
11220 5 2 0 276 3012 1683 1684 3013 3106 2057 2058 3107
11221 5 2 0 276 1624 3013 3014 1625 2054 3107 3108 2055
11222 5 2 0 276 3013 1684 1685 3014 3107 2058 2059 3108
11223 5 2 0 276 1625 3014 1314 220 2055 3108 1862 426
11224 5 2 0 276 3014 1685 231 1314 3108 2059 427 1862
11225 5 2 0 277 1 606 2281 586 496 2061 3109 2065
11226 5 2 0 277 586 2281 2282 587 2065 3109 3110 2066
11227 5 2 0 277 587 2282 2283 588 2066 3110 3111 2067
11228 5 2 0 277 588 2283 2284 589 2067 3111 3112 2068
11229 5 2 0 277 589 2284 608 2 2068 3112 2063 497
11230 5 2 0 277 606 607 2285 2281 2061 2062 3113 3109
11231 5 2 0 277 2281 2285 2286 2282 3109 3113 3114 3110
11232 5 2 0 277 2282 2286 2287 2283 3110 3114 3115 3111
11233 5 2 0 277 2283 2287 2288 2284 3111 3115 3116 3112
11234 5 2 0 277 2284 2288 609 608 3112 3116 2064 2063
11235 5 2 0 277 607 5 596 2285 2062 428 1863 3113
11236 5 2 0 277 2285 596 597 2286 3113 1863 1864 3114
11237 5 2 0 277 2286 597 598 2287 3114 1864 1865 3115
11238 5 2 0 277 2287 598 599 2288 3115 1865 1866 3116
11239 5 2 0 277 2288 599 6 609 3116 1866 429 2064
11240 5 2 0 278 5 9 614 596 428 430 1867 1863
11241 5 2 0 278 596 614 615 597 1863 1867 1868 1864
11242 5 2 0 278 597 615 616 598 1864 1868 1869 1865
11243 5 2 0 278 598 616 617 599 1865 1869 1870 1866
11244 5 2 0 278 599 617 10 6 1866 1870 431 429
11245 5 2 0 279 9 634 2309 614 430 1871 3065 1867
11246 5 2 0 279 614 2309 2310 615 1867 3065 3066 1868
11247 5 2 0 279 615 2310 2311 616 1868 3066 3067 1869
11248 5 2 0 279 616 2311 2312 617 1869 3067 3068 1870
11249 5 2 0 279 617 2312 635 10 1870 3068 1876 431
11250 5 2 0 279 634 13 624 2309 1871 432 1872 3065
11251 5 2 0 279 2309 624 625 2310 3065 1872 1873 3066
11252 5 2 0 279 2310 625 626 2311 3066 1873 1874 3067
11253 5 2 0 279 2311 626 627 2312 3067 1874 1875 3068
11254 5 2 0 279 2312 627 14 635 3068 1875 433 1876
11255 5 2 0 280 13 17 638 624 432 434 1877 1872
11256 5 2 0 280 624 638 639 625 1872 1877 1878 1873
11257 5 2 0 280 625 639 640 626 1873 1878 1879 1874
11258 5 2 0 280 626 640 641 627 1874 1879 1880 1875
11259 5 2 0 280 627 641 18 14 1875 1880 435 433
11260 5 2 0 281 17 21 648 638 434 436 1881 1877
11261 5 2 0 281 638 648 649 639 1877 1881 1882 1878
11262 5 2 0 281 639 649 650 640 1878 1882 1883 1879
11263 5 2 0 281 640 650 651 641 1879 1883 1884 1880
11264 5 2 0 281 641 651 22 18 1880 1884 437 435
11265 5 2 0 282 21 25 658 648 436 438 1885 1881
11266 5 2 0 282 648 658 659 649 1881 1885 1886 1882
11267 5 2 0 282 649 659 660 650 1882 1886 1887 1883
11268 5 2 0 282 650 660 661 651 1883 1887 1888 1884
11269 5 2 0 282 651 661 26 22 1884 1888 439 437
11270 5 2 0 283 25 29 668 658 438 440 1889 1885
11271 5 2 0 283 658 668 669 659 1885 1889 1890 1886
11272 5 2 0 283 659 669 670 660 1886 1890 1891 1887
11273 5 2 0 283 660 670 671 661 1887 1891 1892 1888
11274 5 2 0 283 661 671 30 26 1888 1892 441 439
11275 5 2 0 284 29 688 2339 668 440 1893 3069 1889
11276 5 2 0 284 668 2339 2340 669 1889 3069 3070 1890
11277 5 2 0 284 669 2340 2341 670 1890 3070 3071 1891
11278 5 2 0 284 670 2341 2342 671 1891 3071 3072 1892
11279 5 2 0 284 671 2342 689 30 1892 3072 1898 441
11280 5 2 0 284 688 33 678 2339 1893 442 1894 3069
11281 5 2 0 284 2339 678 679 2340 3069 1894 1895 3070
11282 5 2 0 284 2340 679 680 2341 3070 1895 1896 3071
11283 5 2 0 284 2341 680 681 2342 3071 1896 1897 3072
11284 5 2 0 284 2342 681 34 689 3072 1897 443 1898
11285 5 2 0 285 33 37 692 678 442 444 1899 1894
11286 5 2 0 285 678 692 693 679 1894 1899 1900 1895
11287 5 2 0 285 679 693 694 680 1895 1900 1901 1896
11288 5 2 0 285 680 694 695 681 1896 1901 1902 1897
11289 5 2 0 285 681 695 38 34 1897 1902 445 443
11290 5 2 0 286 37 712 2357 692 444 2069 3117 1899
11291 5 2 0 286 692 2357 2358 693 1899 3117 3118 1900
11292 5 2 0 286 693 2358 2359 694 1900 3118 3119 1901
11293 5 2 0 286 694 2359 2360 695 1901 3119 3120 1902
11294 5 2 0 286 695 2360 714 38 1902 3120 2075 445
11295 5 2 0 286 712 713 2361 2357 2069 2070 3121 3117
11296 5 2 0 286 2357 2361 2362 2358 3117 3121 3122 3118
11297 5 2 0 286 2358 2362 2363 2359 3118 3122 3123 3119
11298 5 2 0 286 2359 2363 2364 2360 3119 3123 3124 3120
11299 5 2 0 286 2360 2364 715 714 3120 3124 2076 2075
11300 5 2 0 286 713 41 702 2361 2070 498 2071 3121
11301 5 2 0 286 2361 702 703 2362 3121 2071 2072 3122
11302 5 2 0 286 2362 703 704 2363 3122 2072 2073 3123
11303 5 2 0 286 2363 704 705 2364 3123 2073 2074 3124
11304 5 2 0 286 2364 705 42 715 3124 2074 499 2076
11305 5 2 0 287 155 1036 2559 1022 500 2077 3125 2079
11306 5 2 0 287 1022 2559 2560 1023 2079 3125 3126 2080
11307 5 2 0 287 1023 2560 2561 1024 2080 3126 3127 2081
11308 5 2 0 287 1024 2561 606 1 2081 3127 2061 496
11309 5 2 0 287 1036 1037 2562 2559 2077 2078 3128 3125
11310 5 2 0 287 2559 2562 2563 2560 3125 3128 3129 3126
11311 5 2 0 287 2560 2563 2564 2561 3126 3129 3130 3127
11312 5 2 0 287 2561 2564 607 606 3127 3130 2062 2061
11313 5 2 0 287 1037 157 1029 2562 2078 446 1903 3128
11314 5 2 0 287 2562 1029 1030 2563 3128 1903 1904 3129
11315 5 2 0 287 2563 1030 1031 2564 3129 1904 1905 3130
11316 5 2 0 287 2564 1031 5 607 3130 1905 428 2062
11317 5 2 0 288 157 159 1040 1029 446 447 1906 1903
11318 5 2 0 288 1029 1040 1041 1030 1903 1906 1907 1904
11319 5 2 0 288 1030 1041 1042 1031 1904 1907 1908 1905
11320 5 2 0 288 1031 1042 9 5 1905 1908 430 428
11321 5 2 0 289 159 1054 2579 1040 447 1909 3073 1906
11322 5 2 0 289 1040 2579 2580 1041 1906 3073 3074 1907
11323 5 2 0 289 1041 2580 2581 1042 1907 3074 3075 1908
11324 5 2 0 289 1042 2581 634 9 1908 3075 1871 430
11325 5 2 0 289 1054 161 1047 2579 1909 448 1910 3073
11326 5 2 0 289 2579 1047 1048 2580 3073 1910 1911 3074
11327 5 2 0 289 2580 1048 1049 2581 3074 1911 1912 3075
11328 5 2 0 289 2581 1049 13 634 3075 1912 432 1871
11329 5 2 0 290 161 163 1056 1047 448 449 1913 1910
11330 5 2 0 290 1047 1056 1057 1048 1910 1913 1914 1911
11331 5 2 0 290 1048 1057 1058 1049 1911 1914 1915 1912
11332 5 2 0 290 1049 1058 17 13 1912 1915 434 432
11333 5 2 0 291 163 165 1063 1056 449 450 1916 1913
11334 5 2 0 291 1056 1063 1064 1057 1913 1916 1917 1914
11335 5 2 0 291 1057 1064 1065 1058 1914 1917 1918 1915
11336 5 2 0 291 1058 1065 21 17 1915 1918 436 434
11337 5 2 0 292 165 167 1070 1063 450 451 1919 1916
11338 5 2 0 292 1063 1070 1071 1064 1916 1919 1920 1917
11339 5 2 0 292 1064 1071 1072 1065 1917 1920 1921 1918
11340 5 2 0 292 1065 1072 25 21 1918 1921 438 436
11341 5 2 0 293 167 169 1077 1070 451 452 1922 1919
11342 5 2 0 293 1070 1077 1078 1071 1919 1922 1923 1920
11343 5 2 0 293 1071 1078 1079 1072 1920 1923 1924 1921
11344 5 2 0 293 1072 1079 29 25 1921 1924 440 438
11345 5 2 0 294 169 1091 2601 1077 452 1925 3076 1922
11346 5 2 0 294 1077 2601 2602 1078 1922 3076 3077 1923
11347 5 2 0 294 1078 2602 2603 1079 1923 3077 3078 1924
11348 5 2 0 294 1079 2603 688 29 1924 3078 1893 440
11349 5 2 0 294 1091 171 1084 2601 1925 453 1926 3076
11350 5 2 0 294 2601 1084 1085 2602 3076 1926 1927 3077
11351 5 2 0 294 2602 1085 1086 2603 3077 1927 1928 3078
11352 5 2 0 294 2603 1086 33 688 3078 1928 442 1893
11353 5 2 0 295 171 173 1093 1084 453 454 1929 1926
11354 5 2 0 295 1084 1093 1094 1085 1926 1929 1930 1927
11355 5 2 0 295 1085 1094 1095 1086 1927 1930 1931 1928
11356 5 2 0 295 1086 1095 37 33 1928 1931 444 442
11357 5 2 0 296 173 1107 2614 1093 454 2082 3131 1929
11358 5 2 0 296 1093 2614 2615 1094 1929 3131 3132 1930
11359 5 2 0 296 1094 2615 2616 1095 1930 3132 3133 1931
11360 5 2 0 296 1095 2616 712 37 1931 3133 2069 444
11361 5 2 0 296 1107 1108 2617 2614 2082 2083 3134 3131
11362 5 2 0 296 2614 2617 2618 2615 3131 3134 3135 3132
11363 5 2 0 296 2615 2618 2619 2616 3132 3135 3136 3133
11364 5 2 0 296 2616 2619 713 712 3133 3136 2070 2069
11365 5 2 0 296 1108 175 1100 2617 2083 501 2084 3134
11366 5 2 0 296 2617 1100 1101 2618 3134 2084 2085 3135
11367 5 2 0 296 2618 1101 1102 2619 3135 2085 2086 3136
11368 5 2 0 296 2619 1102 41 713 3136 2086 498 2070
11369 5 2 0 297 232 1335 2765 1317 502 2087 3137 2093
11370 5 2 0 297 1317 2765 2766 1318 2093 3137 3138 2094
11371 5 2 0 297 1318 2766 2767 1319 2094 3138 3139 2095
11372 5 2 0 297 1319 2767 2768 1320 2095 3139 3140 2096
11373 5 2 0 297 1320 2768 1036 155 2096 3140 2077 500
11374 5 2 0 297 1335 1336 2769 2765 2087 2088 3141 3137
11375 5 2 0 297 2765 2769 2770 2766 3137 3141 3142 3138
11376 5 2 0 297 2766 2770 2771 2767 3138 3142 3143 3139
11377 5 2 0 297 2767 2771 2772 2768 3139 3143 3144 3140
11378 5 2 0 297 2768 2772 1037 1036 3140 3144 2078 2077
11379 5 2 0 297 1336 234 1326 2769 2088 503 2089 3141
11380 5 2 0 297 2769 1326 1327 2770 3141 2089 2090 3142
11381 5 2 0 297 2770 1327 1328 2771 3142 2090 2091 3143
11382 5 2 0 297 2771 1328 1329 2772 3143 2091 2092 3144
11383 5 2 0 297 2772 1329 157 1037 3144 2092 446 2078
11384 5 2 0 298 234 236 1339 1326 503 504 2097 2089
11385 5 2 0 298 1326 1339 1340 1327 2089 2097 2098 2090
11386 5 2 0 298 1327 1340 1341 1328 2090 2098 2099 2091
11387 5 2 0 298 1328 1341 1342 1329 2091 2099 2100 2092
11388 5 2 0 298 1329 1342 159 157 2092 2100 447 446
11389 5 2 0 299 236 1357 2791 1339 504 2101 3145 2097
11390 5 2 0 299 1339 2791 2792 1340 2097 3145 3146 2098
11391 5 2 0 299 1340 2792 2793 1341 2098 3146 3147 2099
11392 5 2 0 299 1341 2793 2794 1342 2099 3147 3148 2100
11393 5 2 0 299 1342 2794 1054 159 2100 3148 1909 447
11394 5 2 0 299 1357 238 1348 2791 2101 505 2102 3145
11395 5 2 0 299 2791 1348 1349 2792 3145 2102 2103 3146
11396 5 2 0 299 2792 1349 1350 2793 3146 2103 2104 3147
11397 5 2 0 299 2793 1350 1351 2794 3147 2104 2105 3148
11398 5 2 0 299 2794 1351 161 1054 3148 2105 448 1909
11399 5 2 0 300 238 240 1359 1348 505 506 2106 2102
11400 5 2 0 300 1348 1359 1360 1349 2102 2106 2107 2103
11401 5 2 0 300 1349 1360 1361 1350 2103 2107 2108 2104
11402 5 2 0 300 1350 1361 1362 1351 2104 2108 2109 2105
11403 5 2 0 300 1351 1362 163 161 2105 2109 449 448
11404 5 2 0 301 240 242 1368 1359 506 507 2110 2106
11405 5 2 0 301 1359 1368 1369 1360 2106 2110 2111 2107
11406 5 2 0 301 1360 1369 1370 1361 2107 2111 2112 2108
11407 5 2 0 301 1361 1370 1371 1362 2108 2112 2113 2109
11408 5 2 0 301 1362 1371 165 163 2109 2113 450 449
11409 5 2 0 302 242 244 1377 1368 507 508 2114 2110
11410 5 2 0 302 1368 1377 1378 1369 2110 2114 2115 2111
11411 5 2 0 302 1369 1378 1379 1370 2111 2115 2116 2112
11412 5 2 0 302 1370 1379 1380 1371 2112 2116 2117 2113
11413 5 2 0 302 1371 1380 167 165 2113 2117 451 450
11414 5 2 0 303 244 246 1386 1377 508 509 2118 2114
11415 5 2 0 303 1377 1386 1387 1378 2114 2118 2119 2115
11416 5 2 0 303 1378 1387 1388 1379 2115 2119 2120 2116
11417 5 2 0 303 1379 1388 1389 1380 2116 2120 2121 2117
11418 5 2 0 303 1380 1389 169 167 2117 2121 452 451
11419 5 2 0 304 246 1404 2820 1386 509 2122 3149 2118
11420 5 2 0 304 1386 2820 2821 1387 2118 3149 3150 2119
11421 5 2 0 304 1387 2821 2822 1388 2119 3150 3151 2120
11422 5 2 0 304 1388 2822 2823 1389 2120 3151 3152 2121
11423 5 2 0 304 1389 2823 1091 169 2121 3152 1925 452
11424 5 2 0 304 1404 248 1395 2820 2122 510 2123 3149
11425 5 2 0 304 2820 1395 1396 2821 3149 2123 2124 3150
11426 5 2 0 304 2821 1396 1397 2822 3150 2124 2125 3151
11427 5 2 0 304 2822 1397 1398 2823 3151 2125 2126 3152
11428 5 2 0 304 2823 1398 171 1091 3152 2126 453 1925
11429 5 2 0 305 248 250 1406 1395 510 511 2127 2123
11430 5 2 0 305 1395 1406 1407 1396 2123 2127 2128 2124
11431 5 2 0 305 1396 1407 1408 1397 2124 2128 2129 2125
11432 5 2 0 305 1397 1408 1409 1398 2125 2129 2130 2126
11433 5 2 0 305 1398 1409 173 171 2126 2130 454 453
11434 5 2 0 306 250 1424 2837 1406 511 2131 3153 2127
11435 5 2 0 306 1406 2837 2838 1407 2127 3153 3154 2128
11436 5 2 0 306 1407 2838 2839 1408 2128 3154 3155 2129
11437 5 2 0 306 1408 2839 2840 1409 2129 3155 3156 2130
11438 5 2 0 306 1409 2840 1107 173 2130 3156 2082 454
11439 5 2 0 306 1424 1425 2841 2837 2131 2132 3157 3153
11440 5 2 0 306 2837 2841 2842 2838 3153 3157 3158 3154
11441 5 2 0 306 2838 2842 2843 2839 3154 3158 3159 3155
11442 5 2 0 306 2839 2843 2844 2840 3155 3159 3160 3156
11443 5 2 0 306 2840 2844 1108 1107 3156 3160 2083 2082
11444 5 2 0 306 1425 252 1415 2841 2132 512 2133 3157
11445 5 2 0 306 2841 1415 1416 2842 3157 2133 2134 3158
11446 5 2 0 306 2842 1416 1417 2843 3158 2134 2135 3159
11447 5 2 0 306 2843 1417 1418 2844 3159 2135 2136 3160
11448 5 2 0 306 2844 1418 175 1108 3160 2136 501 2083
11449 5 2 0 307 134 945 2481 956 513 2141 3161 2137
11450 5 2 0 307 945 946 2482 2481 2141 2142 3162 3161
11451 5 2 0 307 946 947 2483 2482 2142 2143 3163 3162
11452 5 2 0 307 947 948 2484 2483 2143 2144 3164 3163
11453 5 2 0 307 948 133 958 2484 2144 514 2139 3164
11454 5 2 0 307 956 2481 2485 957 2137 3161 3165 2138
11455 5 2 0 307 2481 2482 2486 2485 3161 3162 3166 3165
11456 5 2 0 307 2482 2483 2487 2486 3162 3163 3167 3166
11457 5 2 0 307 2483 2484 2488 2487 3163 3164 3168 3167
11458 5 2 0 307 2484 958 959 2488 3164 2139 2140 3168
11459 5 2 0 307 957 2485 951 136 2138 3165 1932 455
11460 5 2 0 307 2485 2486 952 951 3165 3166 1933 1932
11461 5 2 0 307 2486 2487 953 952 3166 3167 1934 1933
11462 5 2 0 307 2487 2488 954 953 3167 3168 1935 1934
11463 5 2 0 307 2488 959 135 954 3168 2140 456 1935
11464 5 2 0 308 136 951 961 138 455 1932 1936 457
11465 5 2 0 308 951 952 962 961 1932 1933 1937 1936
11466 5 2 0 308 952 953 963 962 1933 1934 1938 1937
11467 5 2 0 308 953 954 964 963 1934 1935 1939 1938
11468 5 2 0 308 954 135 137 964 1935 456 458 1939
11469 5 2 0 309 138 961 2501 972 457 1936 3079 1940
11470 5 2 0 309 961 962 2502 2501 1936 1937 3080 3079
11471 5 2 0 309 962 963 2503 2502 1937 1938 3081 3080
11472 5 2 0 309 963 964 2504 2503 1938 1939 3082 3081
11473 5 2 0 309 964 137 973 2504 1939 458 1945 3082
11474 5 2 0 309 972 2501 967 140 1940 3079 1941 459
11475 5 2 0 309 2501 2502 968 967 3079 3080 1942 1941
11476 5 2 0 309 2502 2503 969 968 3080 3081 1943 1942
11477 5 2 0 309 2503 2504 970 969 3081 3082 1944 1943
11478 5 2 0 309 2504 973 139 970 3082 1945 460 1944
11479 5 2 0 310 140 967 975 142 459 1941 1946 461
11480 5 2 0 310 967 968 976 975 1941 1942 1947 1946
11481 5 2 0 310 968 969 977 976 1942 1943 1948 1947
11482 5 2 0 310 969 970 978 977 1943 1944 1949 1948
11483 5 2 0 310 970 139 141 978 1944 460 462 1949
11484 5 2 0 311 142 975 981 144 461 1946 1950 463
11485 5 2 0 311 975 976 982 981 1946 1947 1951 1950
11486 5 2 0 311 976 977 983 982 1947 1948 1952 1951
11487 5 2 0 311 977 978 984 983 1948 1949 1953 1952
11488 5 2 0 311 978 141 143 984 1949 462 464 1953
11489 5 2 0 312 144 981 987 146 463 1950 1954 465
11490 5 2 0 312 981 982 988 987 1950 1951 1955 1954
11491 5 2 0 312 982 983 989 988 1951 1952 1956 1955
11492 5 2 0 312 983 984 990 989 1952 1953 1957 1956
11493 5 2 0 312 984 143 145 990 1953 464 466 1957
11494 5 2 0 313 146 987 993 148 465 1954 1958 467
11495 5 2 0 313 987 988 994 993 1954 1955 1959 1958
11496 5 2 0 313 988 989 995 994 1955 1956 1960 1959
11497 5 2 0 313 989 990 996 995 1956 1957 1961 1960
11498 5 2 0 313 990 145 147 996 1957 466 468 1961
11499 5 2 0 314 148 993 2527 1004 467 1958 3083 1962
11500 5 2 0 314 993 994 2528 2527 1958 1959 3084 3083
11501 5 2 0 314 994 995 2529 2528 1959 1960 3085 3084
11502 5 2 0 314 995 996 2530 2529 1960 1961 3086 3085
11503 5 2 0 314 996 147 1005 2530 1961 468 1967 3086
11504 5 2 0 314 1004 2527 999 150 1962 3083 1963 469
11505 5 2 0 314 2527 2528 1000 999 3083 3084 1964 1963
11506 5 2 0 314 2528 2529 1001 1000 3084 3085 1965 1964
11507 5 2 0 314 2529 2530 1002 1001 3085 3086 1966 1965
11508 5 2 0 314 2530 1005 149 1002 3086 1967 470 1966
11509 5 2 0 315 150 999 1007 152 469 1963 1968 471
11510 5 2 0 315 999 1000 1008 1007 1963 1964 1969 1968
11511 5 2 0 315 1000 1001 1009 1008 1964 1965 1970 1969
11512 5 2 0 315 1001 1002 1010 1009 1965 1966 1971 1970
11513 5 2 0 315 1002 149 151 1010 1966 470 472 1971
11514 5 2 0 316 152 1007 2541 1018 471 1968 3169 2145
11515 5 2 0 316 1007 1008 2542 2541 1968 1969 3170 3169
11516 5 2 0 316 1008 1009 2543 2542 1969 1970 3171 3170
11517 5 2 0 316 1009 1010 2544 2543 1970 1971 3172 3171
11518 5 2 0 316 1010 151 1020 2544 1971 472 2151 3172
11519 5 2 0 316 1018 2541 2545 1019 2145 3169 3173 2146
11520 5 2 0 316 2541 2542 2546 2545 3169 3170 3174 3173
11521 5 2 0 316 2542 2543 2547 2546 3170 3171 3175 3174
11522 5 2 0 316 2543 2544 2548 2547 3171 3172 3176 3175
11523 5 2 0 316 2544 1020 1021 2548 3172 2151 2152 3176
11524 5 2 0 316 1019 2545 1013 154 2146 3173 2147 515
11525 5 2 0 316 2545 2546 1014 1013 3173 3174 2148 2147
11526 5 2 0 316 2546 2547 1015 1014 3174 3175 2149 2148
11527 5 2 0 316 2547 2548 1016 1015 3175 3176 2150 2149
11528 5 2 0 316 2548 1021 153 1016 3176 2152 516 2150
11529 5 2 0 317 221 1267 2706 1275 517 2155 3177 2153
11530 5 2 0 317 1267 1268 2707 2706 2155 2156 3178 3177
11531 5 2 0 317 1268 1269 2708 2707 2156 2157 3179 3178
11532 5 2 0 317 1269 134 956 2708 2157 513 2137 3179
11533 5 2 0 317 1275 2706 2709 1276 2153 3177 3180 2154
11534 5 2 0 317 2706 2707 2710 2709 3177 3178 3181 3180
11535 5 2 0 317 2707 2708 2711 2710 3178 3179 3182 3181
11536 5 2 0 317 2708 956 957 2711 3179 2137 2138 3182
11537 5 2 0 317 1276 2709 1271 222 2154 3180 1972 473
11538 5 2 0 317 2709 2710 1272 1271 3180 3181 1973 1972
11539 5 2 0 317 2710 2711 1273 1272 3181 3182 1974 1973
11540 5 2 0 317 2711 957 136 1273 3182 2138 455 1974
11541 5 2 0 318 222 1271 1277 223 473 1972 1975 474
11542 5 2 0 318 1271 1272 1278 1277 1972 1973 1976 1975
11543 5 2 0 318 1272 1273 1279 1278 1973 1974 1977 1976
11544 5 2 0 318 1273 136 138 1279 1974 455 457 1977
11545 5 2 0 319 223 1277 2720 1285 474 1975 3087 1978
11546 5 2 0 319 1277 1278 2721 2720 1975 1976 3088 3087
11547 5 2 0 319 1278 1279 2722 2721 1976 1977 3089 3088
11548 5 2 0 319 1279 138 972 2722 1977 457 1940 3089
11549 5 2 0 319 1285 2720 1281 224 1978 3087 1979 475
11550 5 2 0 319 2720 2721 1282 1281 3087 3088 1980 1979
11551 5 2 0 319 2721 2722 1283 1282 3088 3089 1981 1980
11552 5 2 0 319 2722 972 140 1283 3089 1940 459 1981
11553 5 2 0 320 224 1281 1286 225 475 1979 1982 476
11554 5 2 0 320 1281 1282 1287 1286 1979 1980 1983 1982
11555 5 2 0 320 1282 1283 1288 1287 1980 1981 1984 1983
11556 5 2 0 320 1283 140 142 1288 1981 459 461 1984
11557 5 2 0 321 225 1286 1290 226 476 1982 1985 477
11558 5 2 0 321 1286 1287 1291 1290 1982 1983 1986 1985
11559 5 2 0 321 1287 1288 1292 1291 1983 1984 1987 1986
11560 5 2 0 321 1288 142 144 1292 1984 461 463 1987
11561 5 2 0 322 226 1290 1294 227 477 1985 1988 478
11562 5 2 0 322 1290 1291 1295 1294 1985 1986 1989 1988
11563 5 2 0 322 1291 1292 1296 1295 1986 1987 1990 1989
11564 5 2 0 322 1292 144 146 1296 1987 463 465 1990
11565 5 2 0 323 227 1294 1298 228 478 1988 1991 479
11566 5 2 0 323 1294 1295 1299 1298 1988 1989 1992 1991
11567 5 2 0 323 1295 1296 1300 1299 1989 1990 1993 1992
11568 5 2 0 323 1296 146 148 1300 1990 465 467 1993
11569 5 2 0 324 228 1298 2739 1306 479 1991 3090 1994
11570 5 2 0 324 1298 1299 2740 2739 1991 1992 3091 3090
11571 5 2 0 324 1299 1300 2741 2740 1992 1993 3092 3091
11572 5 2 0 324 1300 148 1004 2741 1993 467 1962 3092
11573 5 2 0 324 1306 2739 1302 229 1994 3090 1995 480
11574 5 2 0 324 2739 2740 1303 1302 3090 3091 1996 1995
11575 5 2 0 324 2740 2741 1304 1303 3091 3092 1997 1996
11576 5 2 0 324 2741 1004 150 1304 3092 1962 469 1997
11577 5 2 0 325 229 1302 1307 230 480 1995 1998 481
11578 5 2 0 325 1302 1303 1308 1307 1995 1996 1999 1998
11579 5 2 0 325 1303 1304 1309 1308 1996 1997 2000 1999
11580 5 2 0 325 1304 150 152 1309 1997 469 471 2000
11581 5 2 0 326 230 1307 2749 1315 481 1998 3183 2158
11582 5 2 0 326 1307 1308 2750 2749 1998 1999 3184 3183
11583 5 2 0 326 1308 1309 2751 2750 1999 2000 3185 3184
11584 5 2 0 326 1309 152 1018 2751 2000 471 2145 3185
11585 5 2 0 326 1315 2749 2752 1316 2158 3183 3186 2159
11586 5 2 0 326 2749 2750 2753 2752 3183 3184 3187 3186
11587 5 2 0 326 2750 2751 2754 2753 3184 3185 3188 3187
11588 5 2 0 326 2751 1018 1019 2754 3185 2145 2146 3188
11589 5 2 0 326 1316 2752 1311 231 2159 3186 2160 518
11590 5 2 0 326 2752 2753 1312 1311 3186 3187 2161 2160
11591 5 2 0 326 2753 2754 1313 1312 3187 3188 2162 2161
11592 5 2 0 326 2754 1019 154 1313 3188 2146 515 2162
11593 5 2 0 327 298 1628 2959 1638 519 2169 3189 2163
11594 5 2 0 327 1628 1629 2960 2959 2169 2170 3190 3189
11595 5 2 0 327 1629 1630 2961 2960 2170 2171 3191 3190
11596 5 2 0 327 1630 1631 2962 2961 2171 2172 3192 3191
11597 5 2 0 327 1631 221 1275 2962 2172 517 2153 3192
11598 5 2 0 327 1638 2959 2963 1639 2163 3189 3193 2164
11599 5 2 0 327 2959 2960 2964 2963 3189 3190 3194 3193
11600 5 2 0 327 2960 2961 2965 2964 3190 3191 3195 3194
11601 5 2 0 327 2961 2962 2966 2965 3191 3192 3196 3195
11602 5 2 0 327 2962 1275 1276 2966 3192 2153 2154 3196
11603 5 2 0 327 1639 2963 1633 299 2164 3193 2165 520
11604 5 2 0 327 2963 2964 1634 1633 3193 3194 2166 2165
11605 5 2 0 327 2964 2965 1635 1634 3194 3195 2167 2166
11606 5 2 0 327 2965 2966 1636 1635 3195 3196 2168 2167
11607 5 2 0 327 2966 1276 222 1636 3196 2154 473 2168
11608 5 2 0 328 299 1633 1640 300 520 2165 2173 521
11609 5 2 0 328 1633 1634 1641 1640 2165 2166 2174 2173
11610 5 2 0 328 1634 1635 1642 1641 2166 2167 2175 2174
11611 5 2 0 328 1635 1636 1643 1642 2167 2168 2176 2175
11612 5 2 0 328 1636 222 223 1643 2168 473 474 2176
11613 5 2 0 329 300 1640 2977 1650 521 2173 3197 2177
11614 5 2 0 329 1640 1641 2978 2977 2173 2174 3198 3197
11615 5 2 0 329 1641 1642 2979 2978 2174 2175 3199 3198
11616 5 2 0 329 1642 1643 2980 2979 2175 2176 3200 3199
11617 5 2 0 329 1643 223 1285 2980 2176 474 1978 3200
11618 5 2 0 329 1650 2977 1645 301 2177 3197 2178 522
11619 5 2 0 329 2977 2978 1646 1645 3197 3198 2179 2178
11620 5 2 0 329 2978 2979 1647 1646 3198 3199 2180 2179
11621 5 2 0 329 2979 2980 1648 1647 3199 3200 2181 2180
11622 5 2 0 329 2980 1285 224 1648 3200 1978 475 2181
11623 5 2 0 330 301 1645 1651 302 522 2178 2182 523
11624 5 2 0 330 1645 1646 1652 1651 2178 2179 2183 2182
11625 5 2 0 330 1646 1647 1653 1652 2179 2180 2184 2183
11626 5 2 0 330 1647 1648 1654 1653 2180 2181 2185 2184
11627 5 2 0 330 1648 224 225 1654 2181 475 476 2185
11628 5 2 0 331 302 1651 1656 303 523 2182 2186 524
11629 5 2 0 331 1651 1652 1657 1656 2182 2183 2187 2186
11630 5 2 0 331 1652 1653 1658 1657 2183 2184 2188 2187
11631 5 2 0 331 1653 1654 1659 1658 2184 2185 2189 2188
11632 5 2 0 331 1654 225 226 1659 2185 476 477 2189
11633 5 2 0 332 303 1656 1661 304 524 2186 2190 525
11634 5 2 0 332 1656 1657 1662 1661 2186 2187 2191 2190
11635 5 2 0 332 1657 1658 1663 1662 2187 2188 2192 2191
11636 5 2 0 332 1658 1659 1664 1663 2188 2189 2193 2192
11637 5 2 0 332 1659 226 227 1664 2189 477 478 2193
11638 5 2 0 333 304 1661 1666 305 525 2190 2194 526
11639 5 2 0 333 1661 1662 1667 1666 2190 2191 2195 2194
11640 5 2 0 333 1662 1663 1668 1667 2191 2192 2196 2195
11641 5 2 0 333 1663 1664 1669 1668 2192 2193 2197 2196
11642 5 2 0 333 1664 227 228 1669 2193 478 479 2197
11643 5 2 0 334 305 1666 3002 1676 526 2194 3201 2198
11644 5 2 0 334 1666 1667 3003 3002 2194 2195 3202 3201
11645 5 2 0 334 1667 1668 3004 3003 2195 2196 3203 3202
11646 5 2 0 334 1668 1669 3005 3004 2196 2197 3204 3203
11647 5 2 0 334 1669 228 1306 3005 2197 479 1994 3204
11648 5 2 0 334 1676 3002 1671 306 2198 3201 2199 527
11649 5 2 0 334 3002 3003 1672 1671 3201 3202 2200 2199
11650 5 2 0 334 3003 3004 1673 1672 3202 3203 2201 2200
11651 5 2 0 334 3004 3005 1674 1673 3203 3204 2202 2201
11652 5 2 0 334 3005 1306 229 1674 3204 1994 480 2202
11653 5 2 0 335 306 1671 1677 307 527 2199 2203 528
11654 5 2 0 335 1671 1672 1678 1677 2199 2200 2204 2203
11655 5 2 0 335 1672 1673 1679 1678 2200 2201 2205 2204
11656 5 2 0 335 1673 1674 1680 1679 2201 2202 2206 2205
11657 5 2 0 335 1674 229 230 1680 2202 480 481 2206
11658 5 2 0 336 307 1677 3015 1687 528 2203 3205 2207
11659 5 2 0 336 1677 1678 3016 3015 2203 2204 3206 3205
11660 5 2 0 336 1678 1679 3017 3016 2204 2205 3207 3206
11661 5 2 0 336 1679 1680 3018 3017 2205 2206 3208 3207
11662 5 2 0 336 1680 230 1315 3018 2206 481 2158 3208
11663 5 2 0 336 1687 3015 3019 1688 2207 3205 3209 2208
11664 5 2 0 336 3015 3016 3020 3019 3205 3206 3210 3209
11665 5 2 0 336 3016 3017 3021 3020 3206 3207 3211 3210
11666 5 2 0 336 3017 3018 3022 3021 3207 3208 3212 3211
11667 5 2 0 336 3018 1315 1316 3022 3208 2158 2159 3212
11668 5 2 0 336 1688 3019 1682 308 2208 3209 2209 529
11669 5 2 0 336 3019 3020 1683 1682 3209 3210 2210 2209
11670 5 2 0 336 3020 3021 1684 1683 3210 3211 2211 2210
11671 5 2 0 336 3021 3022 1685 1684 3211 3212 2212 2211
11672 5 2 0 336 3022 1316 231 1685 3212 2159 518 2212
11673 5 2 0 337 232 1325 1689 309 482 2009 2213 530
11674 5 2 0 337 1325 233 310 1689 2009 483 531 2213
11675 5 2 0 338 233 254 331 310 483 484 532 531
11676 5 2 0 339 254 265 342 331 484 485 533 532
11677 5 2 0 340 265 276 353 342 485 486 534 533
11678 5 2 0 341 276 287 364 353 486 487 535 534
11679 5 2 0 342 287 1632 1736 364 487 2030 2214 535
11680 5 2 0 342 1632 298 375 1736 2030 488 536 2214
11681 5 2 0 343 252 330 1709 1423 489 537 2215 2039
11682 5 2 0 343 1423 1709 329 253 2039 2215 538 490
11683 5 2 0 344 253 329 341 264 490 538 539 491
11684 5 2 0 345 264 341 352 275 491 539 540 492
11685 5 2 0 346 275 352 363 286 492 540 541 493
11686 5 2 0 347 286 363 374 297 493 541 542 494
11687 5 2 0 348 297 374 1752 1686 494 542 2216 2060
11688 5 2 0 348 1686 1752 385 308 2060 2216 543 495
11689 5 2 0 349 232 309 1693 1335 502 544 2217 2087
11690 5 2 0 349 1335 1693 1694 1336 2087 2217 2218 2088
11691 5 2 0 349 1336 1694 312 234 2088 2218 545 503
11692 5 2 0 350 234 312 314 236 503 545 546 504
11693 5 2 0 351 236 314 1698 1357 504 546 2219 2101
11694 5 2 0 351 1357 1698 316 238 2101 2219 547 505
11695 5 2 0 352 238 316 318 240 505 547 548 506
11696 5 2 0 353 240 318 320 242 506 548 549 507
11697 5 2 0 354 242 320 322 244 507 549 550 508
11698 5 2 0 355 244 322 324 246 508 550 551 509
11699 5 2 0 356 246 324 1705 1404 509 551 2220 2122
11700 5 2 0 356 1404 1705 326 248 2122 2220 552 510
11701 5 2 0 357 248 326 328 250 510 552 553 511
11702 5 2 0 358 250 328 1710 1424 511 553 2221 2131
11703 5 2 0 358 1424 1710 1711 1425 2131 2221 2222 2132
11704 5 2 0 358 1425 1711 330 252 2132 2222 554 512
11705 5 2 0 359 298 1638 1737 375 519 2163 2223 555
11706 5 2 0 359 1638 1639 1738 1737 2163 2164 2224 2223
11707 5 2 0 359 1639 299 376 1738 2164 520 556 2224
11708 5 2 0 360 299 300 377 376 520 521 557 556
11709 5 2 0 361 300 1650 1741 377 521 2177 2225 557
11710 5 2 0 361 1650 301 378 1741 2177 522 558 2225
11711 5 2 0 362 301 302 379 378 522 523 559 558
11712 5 2 0 363 302 303 380 379 523 524 560 559
11713 5 2 0 364 303 304 381 380 524 525 561 560
11714 5 2 0 365 304 305 382 381 525 526 562 561
11715 5 2 0 366 305 1676 1747 382 526 2198 2226 562
11716 5 2 0 366 1676 306 383 1747 2198 527 563 2226
11717 5 2 0 367 306 307 384 383 527 528 564 563
11718 5 2 0 368 307 1687 1750 384 528 2207 2227 564
11719 5 2 0 368 1687 1688 1751 1750 2207 2208 2228 2227
11720 5 2 0 368 1688 308 385 1751 2208 529 565 2228
11721 5 2 0 369 1 586 1753 386 496 2065 2229 566
11722 5 2 0 369 586 587 1754 1753 2065 2066 2230 2229
11723 5 2 0 369 587 588 1755 1754 2066 2067 2231 2230
11724 5 2 0 369 588 589 1756 1755 2067 2068 2232 2231
11725 5 2 0 369 589 2 387 1756 2068 497 567 2232
11726 5 2 0 370 155 1022 1785 400 500 2079 2233 568
11727 5 2 0 370 1022 1023 1786 1785 2079 2080 2234 2233
11728 5 2 0 370 1023 1024 1787 1786 2080 2081 2235 2234
11729 5 2 0 370 1024 1 386 1787 2081 496 566 2235
11730 5 2 0 371 232 1317 2001 482 502 2093 2236 569
11731 5 2 0 371 1317 1318 2002 2001 2093 2094 2237 2236
11732 5 2 0 371 1318 1319 2003 2002 2094 2095 2238 2237
11733 5 2 0 371 1319 1320 2004 2003 2095 2096 2239 2238
11734 5 2 0 371 1320 155 400 2004 2096 500 568 2239
11735 5 2 0 372 134 399 1780 945 513 570 2240 2141
11736 5 2 0 372 945 1780 1781 946 2141 2240 2241 2142
11737 5 2 0 372 946 1781 1782 947 2142 2241 2242 2143
11738 5 2 0 372 947 1782 1783 948 2143 2242 2243 2144
11739 5 2 0 372 948 1783 398 133 2144 2243 571 514
11740 5 2 0 373 221 406 1804 1267 517 572 2244 2155
11741 5 2 0 373 1267 1804 1805 1268 2155 2244 2245 2156
11742 5 2 0 373 1268 1805 1806 1269 2156 2245 2246 2157
11743 5 2 0 373 1269 1806 399 134 2157 2246 570 513
11744 5 2 0 374 298 488 2026 1628 519 573 2247 2169
11745 5 2 0 374 1628 2026 2027 1629 2169 2247 2248 2170
11746 5 2 0 374 1629 2027 2028 1630 2170 2248 2249 2171
11747 5 2 0 374 1630 2028 2029 1631 2171 2249 2250 2172
11748 5 2 0 374 1631 2029 406 221 2172 2250 572 517
11749 5 2 0 375 41 407 1808 702 498 574 2251 2071
11750 5 2 0 375 702 1808 1809 703 2071 2251 2252 2072
11751 5 2 0 375 703 1809 1810 704 2072 2252 2253 2073
11752 5 2 0 375 704 1810 1811 705 2073 2253 2254 2074
11753 5 2 0 375 705 1811 408 42 2074 2254 575 499
11754 5 2 0 376 175 421 1840 1100 501 576 2255 2084
11755 5 2 0 376 1100 1840 1841 1101 2084 2255 2256 2085
11756 5 2 0 376 1101 1841 1842 1102 2085 2256 2257 2086
11757 5 2 0 376 1102 1842 407 41 2086 2257 574 498
11758 5 2 0 377 252 489 2031 1415 512 577 2258 2133
11759 5 2 0 377 1415 2031 2032 1416 2133 2258 2259 2134
11760 5 2 0 377 1416 2032 2033 1417 2134 2259 2260 2135
11761 5 2 0 377 1417 2033 2034 1418 2135 2260 2261 2136
11762 5 2 0 377 1418 2034 421 175 2136 2261 576 501
11763 5 2 0 378 154 1013 1835 420 515 2147 2262 578
11764 5 2 0 378 1013 1014 1836 1835 2147 2148 2263 2262
11765 5 2 0 378 1014 1015 1837 1836 2148 2149 2264 2263
11766 5 2 0 378 1015 1016 1838 1837 2149 2150 2265 2264
11767 5 2 0 378 1016 153 419 1838 2150 516 579 2265
11768 5 2 0 379 231 1311 1859 427 518 2160 2266 580
11769 5 2 0 379 1311 1312 1860 1859 2160 2161 2267 2266
11770 5 2 0 379 1312 1313 1861 1860 2161 2162 2268 2267
11771 5 2 0 379 1313 154 420 1861 2162 515 578 2268
11772 5 2 0 380 308 1682 2056 495 529 2209 2269 581
11773 5 2 0 380 1682 1683 2057 2056 2209 2210 2270 2269
11774 5 2 0 380 1683 1684 2058 2057 2210 2211 2271 2270
11775 5 2 0 380 1684 1685 2059 2058 2211 2212 2272 2271
11776 5 2 0 380 1685 231 427 2059 2212 518 580 2272
11777 5 2 0 381 232 482 530 309 502 569 582 544
11778 5 2 0 382 298 375 536 488 519 555 583 573
11779 5 2 0 383 252 330 537 489 512 554 584 577
11780 5 2 0 384 308 495 543 385 529 581 585 565
$EndElements
