0.005 0.0140446 -0.000317135 -0.00697362 0.0170128 -0.00526424 -0.0058862 0.0730276 -0.0986035 -0.0535232 0.20743 -0.322515 -0.11068
0.055 0.0131668 -0.00647644 -0.0728126 0.0723246 -0.104325 -0.0721601 1.12929 -1.83685 0.0593971 3.35148 -5.3959 0.0508532
0.105 0.0150579 -0.0116659 0.0533073 0.114231 -0.171644 0.052768 1.60079 -2.45916 0.0966215 3.39721 -4.63719 0.0670023
0.155 0.0151477 -0.0151025 0.0815824 0.127545 -0.186519 0.0804676 1.25691 -1.56096 0.00944982 0.521633 1.39037 -0.0605713
0.205 0.0156802 -0.0162529 -0.054132 0.111526 -0.143555 -0.0549876 0.321438 0.370655 -0.0344267 -2.27657 6.60089 0.0108852
0.255 0.0117499 -0.014912 -0.0295132 0.0667181 -0.054282 -0.0306055 -0.659831 2.23337 -0.00451487 -2.24694 5.57853 0.0484155
0.305 0.0145082 -0.0112412 0.117974 0.01658 0.0560223 0.116395 -1.11962 2.94213 -0.00177873 0.349341 -0.86833 -0.0357034
0.355 0.0149573 -0.00574758 0.0152127 -0.0323911 0.155607 0.0142887 -0.830356 2.0562 -0.0268444 2.54616 -6.46877 0.0424425
0.405 -0.0149886 0.000794605 -0.0778478 -0.0937812 0.215493 -0.0780726 -0.0199711 0.0389629 -0.0429675 1.79103 -5.80543 0.0358851
0.455 -0.0288254 0.00745225 0.0798228 -0.112699 0.217757 0.0798451 0.805943 -2.0014 -0.0320418 -1.34441 0.237733 -0.0566451
0.505 -0.0273951 0.013261 0.0398706 -0.0887556 0.160726 0.0406745 1.10544 -2.9422 0.0226048 -3.70794 5.43312 0.0170898
0.555 -0.0271301 0.0173768 -0.0266898 -0.0458775 0.0596158 -0.0254635 0.661837 -2.28602 -0.00166412 -2.7982 4.58399 0.0504068
0.605 -1.69048e-07 0.0191942 0.000855374 0.0305084 -0.0578473 0.00187907 -0.28553 -0.44188 -0.0472066 0.75142 -1.19666 -0.0495787
0.655 -0.0303807 0.0184323 -0.0283937 0.0405825 -0.159312 -0.0278662 -1.26016 1.5142 -0.00509977 3.55396 -5.68715 0.00150827
0.705 -0.0041831 0.0151789 -0.00464815 0.0855652 -0.216991 -0.00462668 -1.59168 2.46205 0.0449116 3.1187 -3.9996 0.0473969
0.755 -0.0191519 0.0098726 0.0331386 0.0607338 -0.215575 0.0324695 -1.13671 1.88328 0.0261507 0.0549633 2.33975 -0.0534764
0.805 -0.00170198 0.00324459 -0.0470116 0.0408434 -0.156547 -0.0482475 -0.121499 0.157194 -0.0165232 -2.505 6.89137 -0.0304176
0.855 0.0620332 -0.00379783 -0.0668019 0.0505177 -0.0576621 -0.0679957 1.09192 -1.66438 0.00737336 -1.9269 4.87299 0.0243565
0.905 0.0295456 -0.0102867 0.0636466 -0.0386222 0.0522519 0.0626088 1.57162 -2.47332 0.0308555 0.773492 -1.91067 -0.0057708
0.955 0.00796445 -0.0153532 0.011377 -0.10339 0.141587 0.0109068 1.34808 -1.75436 0.0204044 2.58573 -6.83681 0.0118981
1.005 -0.0570298 -0.0183083 -0.0728623 -0.184103 0.185122 -0.0725708 0.413552 0.109676 -0.0183981 1.38986 -5.15164 0.00204448
1.055 0.0333441 -0.018803 0.0159971 -0.0796135 0.171185 0.0169326 -0.614384 2.05443 -0.0219583 -1.84183 1.23931 -0.0506181
1.105 0.125023 -0.0168004 0.0353963 0.0576237 0.104994 0.0368043 -0.913123 2.94762 0.0301645 -3.62073 5.76541 0.0137374
1.155 -0.0279335 -0.0126296 0.00279513 -0.0350914 0.0070333 0.0042869 -0.960646 2.245 0.0156099 -2.38292 3.92469 0.0519205
1.205 0.0531642 -0.00691126 0.00284453 0.108802 -0.0929609 0.00397933 -0.0433328 0.308618 -0.0425286 1.26602 -2.13791 -0.0278159
1.255 -0.055899 -0.000459559 -0.0145853 0.0509343 -0.16467 -0.0141658 0.734179 -1.79685 -0.0337787 3.80213 -5.89338 -0.0037331
1.305 -0.0487894 0.00579241 0.0107518 0.0770095 -0.186079 0.0104355 0.980163 -2.91152 0.0201332 2.71133 -3.20419 0.0370838
1.355 -0.151377 0.010992 0.0581755 -0.0342282 -0.149855 0.0572503 0.767684 -2.44176 0.0118103 -0.657161 3.35205 -0.0189987
1.405 -0.15404 0.0144174 -0.0240151 -0.0754738 -0.0656032 -0.0252676 -0.419067 -0.694461 -0.0252408 -2.72874 7.07088 -0.00825795
1.455 0.189124 0.0156138 -0.0563019 0.216634 0.0428909 -0.057485 -0.829781 1.3069 -0.0132451 -1.42694 3.98804 0.0205639
1.505 0.184901 0.0144524 0.054449 0.16336 0.144486 0.0533611 -1.24457 2.41584 0.0195542 1.71412 -3.01119 -0.0104591
1.555 -0.139893 0.0111067 0.0253009 -0.209941 0.209599 0.0251016 -1.25418 2.02233 0.0245566 2.2114 -7.07162 -0.000460777
1.605 0.217681 0.00615822 -0.0600635 0.134699 0.218896 -0.0599752 -0.221466 0.399447 -0.0159894 1.09639 -4.30837 0.00617075
1.655 0.109913 0.000228196 -0.0137039 0.0446959 0.168636 -0.0127063 0.73146 -1.46252 -0.0209211 -2.10021 2.28415 -0.0353715
1.705 0.103128 -0.00567588 0.0209606 0.0695991 0.0722017 0.0215956 1.26429 -2.43511 0.0269198 -4.10956 5.94606 0.0115357
1.755 0.436536 -0.0108277 -0.0039409 0.443649 -0.0441478 -0.00383705 2.00439 -1.91028 0.0391121 -1.55755 3.08428 0.0388475
1.805 -0.206709 -0.0142875 -0.00879753 -0.164158 -0.148204 -0.0111357 0.505421 -0.156638 -0.0138891 1.67239 -3.0871 -0.0415066
1.855 -0.454937 -0.0156806 -0.0326321 -0.381422 -0.211601 -0.0306316 -0.247358 1.83035 -0.0257228 3.45682 -5.92079 -0.0287514
1.905 -0.651361 -0.0146458 -0.00557844 -0.578945 -0.217275 -0.00470326 -1.40661 2.89979 0.0194911 1.83104 -2.24082 0.0331218
1.955 0.719299 -0.0113865 0.0508136 0.750607 -0.164785 0.0516807 -1.21207 2.40862 0.0206966 -0.630444 4.32858 0.0084349
2.005 -0.0950343 -0.00628245 -0.0108135 -0.097721 -0.0699744 -0.0120051 -0.184626 0.596273 -0.0201041 -2.29924 7.04085 -0.00595377
2.055 0.541481 -9.81284e-05 -0.0536223 0.475739 0.039391 -0.0547604 1.04581 -1.54664 -0.0214439 -1.14106 2.94682 0.00816615
2.105 -0.280299 0.0063916 0.0408066 -0.388144 0.131925 0.0405879 0.98446 -2.84035 0.0015539 1.51094 -4.03964 -0.0254524
2.155 -0.419318 0.0122451 0.0492868 -0.515843 0.181402 0.0499465 0.864923 -2.58767 0.0279522 2.73915 -7.08044 0.0100565
2.205 -0.0283622 0.0165269 -0.0351365 -0.138927 0.174334 -0.0362471 -0.0400549 -0.968491 -0.0216849 0.272362 -3.33239 0.0216961
2.255 -0.0208396 0.0186588 -0.0192235 -0.113245 0.113971 -0.019973 -1.84197 1.06735 -0.0396448 -3.20877 3.22175 0.0034829
2.305 0.578912 0.0183507 0.0229502 0.565892 0.019135 0.0234345 -1.24097 2.34996 0.00472105 -3.41955 5.89849 -0.00621977
2.355 -0.349479 0.0155409 0.0156704 -0.307677 -0.0814055 0.020269 -1.96456 2.16383 0.0242669 -0.723869 2.15089 0.0311705
2.405 -0.23706 0.0105834 0.0027965 -0.141316 -0.157179 0.00345908 0.227812 0.657237 0.00167084 2.07779 -3.88567 -0.0293342
2.455 -0.996393 0.00433173 -0.0221545 -0.862107 -0.184812 -0.0228398 0.439818 -1.24738 -0.0329579 3.11248 -5.71682 -0.0285612
2.505 -0.408616 -0.00266323 -0.0131095 -0.306278 -0.155453 -0.013401 1.27897 -2.39446 0.00262338 1.64774 -1.22243 0.0379565
2.555 -0.330906 -0.00908425 0.0586831 -0.246815 -0.0763474 0.0575238 1.07665 -2.07008 0.0257676 -1.39632 5.11595 0.0203788
2.605 1.11153 -0.0144717 -0.000622446 1.12997 0.0298445 -0.000269861 1.08654 -0.424138 -0.00530041 -1.73708 6.77646 -0.0156783
2.655 0.455823 -0.0177008 -0.058046 0.415184 0.133057 -0.057327 -0.425552 1.61087 -0.0253412 -0.185793 1.87672 -0.00733904
2.705 0.281507 -0.0186527 0.00339905 0.20031 0.203028 0.00273655 -0.406609 2.85539 0.00738121 1.85919 -4.8615 -0.0245004
2.755 -1.03761 -0.0170391 0.0445135 -1.12679 0.219184 0.0440839 -1.61918 2.56562 0.0408218 1.25876 -6.86888 0.00671739
2.805 -0.586269 -0.0131751 -0.0218527 -0.6606 0.175877 -0.021578 -0.856818 0.867074 0.00653953 -0.980017 -2.35397 0.025452
2.855 -0.417391 -0.00768881 -0.0404053 -0.447689 0.0843774 -0.0395957 0.117452 -1.31104 -0.0362356 -2.72865 3.94902 0.00827
2.905 -0.0609066 -0.00141472 -0.000760305 -0.0517788 -0.0303661 0.000247892 0.219185 -2.76648 -0.0149891 -3.26788 5.65888 -0.0451947
2.955 0.634207 0.00475125 0.0243572 0.692429 -0.136771 0.0252699 1.6991 -2.70961 0.0396482 -0.0261628 1.24732 0.0440939
3.005 -0.303096 0.010028 0.0235415 -0.209635 -0.205549 0.0253617 0.908241 -1.21273 -0.0190732 3.56459 -4.47069 0.000974213
3.055 -0.683408 0.0136577 -0.0320619 -0.60359 -0.218255 -0.0311093 -0.199773 0.839796 -0.0315566 3.13825 -5.34552 -0.0236171
3.105 -0.785609 0.0151752 -0.0210952 -0.712873 -0.172327 -0.0217822 -1.04956 2.26514 -0.0101088 0.803498 -0.255675 0.0174661
3.155 0.868304 0.0143134 0.0526829 0.890032 -0.0819189 0.0526208 -0.68092 2.2652 0.0506354 -1.23734 5.69239 0.0152286
3.205 1.58072 0.0113174 0.0374671 1.53508 0.0266104 0.036931 -0.227848 0.883189 -0.00583635 -1.68864 6.36007 -0.00727322
3.255 2.4418 0.00660364 -0.0559028 2.34567 0.121906 -0.0561463 1.75614 -1.02995 -0.0409424 0.770699 0.858003 -0.00887747
3.305 2.30798 0.000975255 -0.0231354 2.19227 0.176991 -0.0227165 2.51347 -2.31438 -0.0360928 2.55169 -5.49603 -0.0227538
3.355 1.57061 -0.0048777 0.0399344 1.45622 0.176659 0.0409148 1.74506 -2.17993 0.012316 0.69226 -6.52759 0.0400057
3.405 -0.377551 -0.00979187 0.00391315 -0.465813 0.122404 0.00561725 -0.0907056 -0.66735 0.0446778 -2.45253 -1.41943 0.0473322
3.455 0.349873 -0.0132892 -0.0181258 0.297804 0.031027 -0.0163327 -0.571641 1.37021 -0.0119601 -2.70153 4.52425 -0.0362307
3.505 -0.236604 -0.0148025 -0.0208175 -0.215864 -0.0696466 -0.0190579 -2.58572 2.75732 -0.0178505 -3.09156 5.31821 -0.0848831
3.555 -0.428576 -0.0141949 0.0108437 -0.357713 -0.149185 0.0119085 -2.82346 2.67305 0.0379498 -1.2816 0.38415 0.0549924
3.605 0.47975 -0.0113177 0.0556259 0.587321 -0.183092 0.0565042 2.41696 1.12678 -0.0327107 4.72757 -4.92711 0.00839816
3.655 0.614316 -0.0066009 -0.000907165 0.726157 -0.160438 -0.00153107 0.95623 -1.04138 0.0207828 5.03783 -4.88524 -0.008532
3.705 0.421239 -0.000745316 -0.0712774 0.507202 -0.0868903 -0.0726062 2.23571 -2.63817 -0.0882949 1.2925 0.684194 -0.0445218
3.755 0.474964 0.00545966 -0.0492978 0.509563 0.0169592 -0.050797 2.95727 -2.79483 -0.0375872 -1.63714 6.16159 -0.0509066
3.805 -1.94003 0.0110998 0.0308715 -1.95463 0.121358 0.0293867 -1.86811 -1.45974 0.0292925 -4.9661 5.85318 0.0310955
3.855 -2.38338 0.0153842 0.0488255 -2.43708 0.196023 0.0480516 -2.53068 0.57651 0.0463251 -2.86899 -0.164792 0.0404245
3.905 -3.15337 0.0177549 -0.0317549 -3.23166 0.218963 -0.0319113 -4.37054 2.14009 -0.0272833 2.5062 -6.05422 -0.000668747
3.955 -2.86582 0.0176742 -0.0841907 -2.80898 0.182444 -0.0860378 -5.05446 2.34986 -0.0566126 1.66539 -6.09434 -0.0678652
4.005 -1.22387 0.015287 0.0244453 -1.24088 0.0958087 0.0219756 -2.87581 1.1225 0.0291253 1.01472 -0.44921 -0.0109101
4.055 -0.412752 0.0108474 0.108892 -0.36076 -0.0171324 0.106586 2.75655 -0.784338 0.0475668 -0.305552 5.05171 0.03999
4.105 0.522679 0.00494066 0.0181724 0.581694 -0.125363 0.0180857 5.12445 -2.21465 0.00377005 -0.359353 4.88817 -0.00592354
4.155 0.853422 -0.00165326 -0.0922435 0.925292 -0.199129 -0.0919994 5.56421 -2.29038 -0.0479417 1.20605 -0.53103 -0.0351896
4.205 -0.73597 -0.00796707 -0.0121312 -0.659795 -0.218466 -0.0126019 3.1209 -0.926099 -0.0250023 1.23183 -5.34647 0.0236096
4.255 -3.00842 -0.0132853 0.0970446 -2.95746 -0.17909 0.0958439 -0.444673 1.11459 0.0706367 -1.13087 -4.32765 0.0136218
4.305 -2.211 -0.0168653 0.0340054 -2.26651 -0.0931525 0.033229 -4.04058 2.65523 0.000834198 -1.98621 1.68707 0.0107808
4.355 -0.608019 -0.0181035 -0.093114 -0.666081 0.0142042 -0.0929524 -4.08026 2.7856 -0.084276 -1.11156 6.58466 -0.0557079
4.405 0.769332 -0.016896 -0.0345047 0.678885 0.111943 -0.0356214 -2.7119 1.3916 -0.0219683 0.304977 5.22208 0.00622645
4.455 1.63068 -0.0134584 0.124423 1.52351 0.172275 0.125132 4.1188 -0.772964 0.0649977 2.97024 -1.2682 0.0661694
4.505 1.99445 -0.00831218 0.0424391 1.87722 0.178568 0.0438923 4.11793 -2.51291 0.020561 2.57567 -6.558 -0.00248539
4.555 1.05268 -0.00221505 -0.11435 0.975148 0.130083 -0.11282 2.94327 -2.8757 -0.10292 0.155905 -5.51506 -0.042024
4.605 0.564192 0.00392624 -0.0383542 0.53097 0.0421114 -0.0378123 1.82333 -1.69328 -0.024756 -2.85208 0.612002 -0.0312748
4.655 -0.0688326 0.00935189 0.110873 -0.0964267 -0.0584379 0.109473 0.182607 0.326513 0.10011 -4.39445 5.51751 0.0554049
4.705 -0.104946 0.013195 0.0312451 -0.0418018 -0.141107 0.030012 -2.65051 2.01346 0.0466675 -2.47445 4.30584 0.0177963
4.755 0.810732 0.0148461 -0.105679 0.863079 -0.180779 -0.104733 -2.26332 2.41185 -0.0798201 2.48143 -1.52287 -0.0540535
4.805 1.25195 0.0142839 -0.0453987 1.39203 -0.164696 -0.046586 0.255132 1.33013 -0.04476 5.3562 -5.67716 -0.0251934
4.855 0.648223 0.0115404 0.092905 0.747707 -0.09658 0.0908721 1.04192 -0.555367 0.0869139 2.31399 -3.60918 0.031636
4.905 1.31124 0.00706564 0.0408618 1.34854 0.00455931 0.0390263 3.2034 -2.09934 0.0384991 -0.599542 2.74009 0.0234809
4.955 1.10757 0.00155268 -0.103622 1.09922 0.109804 -0.110564 1.68519 -2.35837 -0.080619 -2.66371 6.8787 -0.0328907
5.005 1.56831 -0.00415458 -0.0468238 1.50682 0.18868 -0.0476006 1.08312 -1.14245 -0.0398707 -1.86418 4.41464 -0.0218997
5.055 0.220333 -0.00913887 0.157944 0.140001 0.217819 0.179556 -0.383623 0.870068 0.0808129 1.16096 -2.39951 0.0298715
5.105 -0.501038 -0.0128376 0.0630033 -0.596333 0.18774 0.0745773 -1.79532 2.52194 0.0541637 1.13184 -6.89966 0.0163005
5.155 0.207547 -0.0145881 -0.0897696 0.179154 0.106292 -0.0828395 -1.82019 2.84407 -0.0682372 0.419118 -4.75408 -0.0320111
5.205 1.02357 -0.0141394 -0.0547221 0.990732 -0.00434164 -0.05019 -0.18465 1.61618 -0.0498872 -0.584536 1.67439 -0.0198707
5.255 0.711036 -0.0115463 0.0753251 0.700457 -0.113813 0.076513 -0.452697 -0.502182 0.0422714 -3.35503 5.79791 0.0532277
5.305 -0.771979 -0.00705065 0.0813614 -0.711733 -0.192019 0.086203 1.46629 -2.34536 0.0522013 -3.25555 3.55524 0.0241044
5.355 -0.0673025 -0.00142914 -0.0650273 0.00951184 -0.217802 -0.0684819 1.15898 -2.90515 -0.0733115 1.0758 -2.47399 -0.049681
5.405 -0.680894 0.00458458 -0.0658075 -0.622581 -0.184852 -0.0689515 -0.477833 -1.90262 -0.044525 3.99055 -5.79485 -0.0412923
5.455 -0.590777 0.010157 0.0737956 -0.575333 -0.103536 0.0705232 -0.827773 0.0579319 0.0605747 2.12683 -2.74049 0.0373337
5.505 -0.209328 0.0145062 0.0768762 -0.242983 0.00220864 0.0751122 -1.54832 1.84165 0.0497901 0.134131 3.70491 0.0458471
5.555 0.171445 0.0170078 -0.0667658 0.0921268 0.1018 -0.0677737 -1.40157 2.43657 -0.0580304 -1.65743 6.92946 -0.0157712
5.605 0.319693 0.0172904 -0.0749725 0.212755 0.166859 -0.0746847 0.167815 1.53532 -0.0571687 -1.28427 3.46883 -0.0316769
5.655 -0.345705 0.0152921 0.0610416 -0.452069 0.179358 0.0624122 0.854981 -0.294436 0.0529043 0.536265 -3.40956 0.00874738
5.705 -0.592783 0.0112577 0.0718595 -0.67185 0.136744 0.0742251 1.05255 -1.94291 0.0614932 1.40781 -6.98469 0.0250031
5.755 -0.528286 0.00571796 -0.0593222 -0.559245 0.0526054 -0.0571871 0.887798 -2.40569 -0.0448996 0.64326 -3.8732 -0.0168999
5.805 -0.508747 -0.000591916 -0.0758062 -0.481749 -0.0473553 -0.0736713 0.39268 -1.37119 -0.0631908 -2.22409 2.59318 -0.0265277
5.855 0.0208705 -0.00682361 0.0449567 0.0978546 -0.132836 0.0458251 0.253941 0.592424 0.0388855 -2.98072 5.82752 0.0267425
5.905 0.106988 -0.0121022 0.0784762 0.213553 -0.177733 0.0760385 0.0566627 2.35938 0.0649526 -0.765329 2.71778 0.0276333
5.955 0.0180614 -0.0158064 -0.0412121 0.113109 -0.167954 -0.0433867 -0.73393 2.89458 -0.0325798 1.46227 -3.2552 -0.0360285
6.005 0.0519202 -0.0173776 -0.0837633 0.135122 -0.105307 -0.0853887 0.21629 1.85363 -0.0602361 3.48783 -5.67028 -0.0367726
6.055 -0.229707 -0.0166172 0.0351972 -0.20081 -0.00718256 0.0312865 0.162844 -0.212303 0.0359457 1.8868 -1.81698 0.0269766
6.105 0.119478 -0.0136621 0.0876522 0.104454 0.0984336 0.0863541 0.725734 -2.16587 0.0646008 -0.821823 4.47906 0.041342
6.155 -0.122056 -0.00896026 -0.0353917 -0.166577 0.180963 -0.0371158 1.24625 -2.93242 -0.0317409 -2.14269 6.74528 -0.015046
6.205 0.10781 -0.00318184 -0.0827705 0.0207145 0.216145 -0.0827768 0.721594 -2.11279 -0.0720271 -1.18762 2.4859 -0.0404071
6.255 0.291807 0.00280219 0.0341318 0.223486 0.193015 0.035095 0.273565 -0.208325 0.0227148 1.89233 -4.22964 0.00878935
6.305 0.227294 0.00816162 0.0848406 0.186428 0.11714 0.086669 -1.21596 1.67243 0.0723655 2.44909 -6.85588 0.0427932
6.355 0.419352 0.0121418 -0.0259415 0.420977 0.00907373 -0.0243838 -1.21128 2.45635 -0.0133841 0.237269 -2.9692 -0.00176779
6.405 0.349872 0.0141787 -0.0820988 0.396294 -0.101489 -0.0811027 -1.05732 1.72367 -0.0675582 -2.68532 3.33805 -0.0410462
6.455 0.00545804 0.0140058 0.019501 0.0831663 -0.18415 0.0198038 -0.28589 -0.0539284 0.0117861 -4.02592 5.67867 0.000745902
6.505 -0.336653 0.0116814 0.084352 -0.251824 -0.216467 0.083475 0.398791 -1.79365 0.062871 -1.60434 1.87669 0.0334595
6.555 -0.432011 0.00758583 -0.0115576 -0.367422 -0.190309 -0.0130525 0.716138 -2.43628 -0.0171479 2.0982 -3.87792 -0.00423366
6.605 -0.0723594 0.00235638 -0.0875787 -0.0505521 -0.114117 -0.0894061 0.434858 -1.56625 -0.0715202 4.25415 -5.39815 -0.0266783
6.655 0.0652262 -0.00320991 0.00659082 0.0329095 -0.0103972 0.00496519 -0.0184096 0.342018 0.0120545 2.16732 -0.901722 0.00828237
6.705 -0.00382409 -0.00845165 0.0883239 -0.0608261 0.0907299 0.0897684 -0.0819544 2.19514 0.0751109 -1.35387 5.11179 0.026268
6.755 -0.0155505 -0.0121581 -0.00503005 -0.135657 0.16048 -0.00540945 -0.360268 2.91146 0.00316993 -2.76667 6.43388 -0.0123686
6.805 -0.0650155 -0.0141131 -0.0867456 -0.188916 0.179511 -0.0861083 -0.685698 2.04715 -0.0675913 -1.00411 1.50487 -0.0348059
6.855 -0.178885 -0.0138893 -0.00148102 -0.273156 0.143212 0.000495247 -0.239845 0.0556201 -0.004235 1.65485 -4.93888 0.00957507
6.905 -0.230974 -0.0115115 0.0824694 -0.27717 0.0633407 0.0848686 0.341251 -1.96825 0.0640836 2.17231 -6.62179 0.044779
6.955 0.080846 -0.00732938 0.0064167 0.0941952 -0.0356202 0.00972562 1.07369 -2.91252 0.00651037 0.226861 -2.05432 0.00177803
7.005 0.249439 -0.00193642 -0.0852914 0.318757 -0.123685 -0.0852534 1.00878 -2.28021 -0.0634926 -2.4695 4.00872 -0.0499393
7.055 0.0738762 0.00395334 -0.00420614 0.17888 -0.173903 -0.0106246 0.311926 -0.467904 -0.00239474 -3.43121 5.44951 -0.0148978
7.105 0.160307 0.00954693 0.0805159 0.278067 -0.170827 0.0768034 -0.441513 1.4687 0.0663639 -0.701626 1.01753 0.0411359
7.155 0.0275527 0.0139121 0.0150068 0.124144 -0.114014 0.0123576 -1.48974 2.42507 0.00933733 2.79051 -4.45085 0.0188458
7.205 0.0891401 0.0165951 -0.0701517 0.132788 -0.0192695 -0.0728923 -1.26868 1.88204 -0.0654594 3.58876 -5.05742 -0.0260002
7.255 -0.164023 0.0169772 -0.018391 -0.159974 0.0863187 -0.021582 -0.384543 0.199406 -0.0189182 1.12654 0.0421038 -0.0119924
7.305 -0.331368 0.0151977 0.078822 -0.373395 0.172372 0.077494 0.471048 -1.59865 0.060557 -2.06605 5.70798 0.0223037
7.355 0.132706 0.0114088 0.0256488 0.0610742 0.213654 0.0253699 1.92335 -2.42145 0.0190243 -2.07183 6.04806 0.00832058
7.405 -0.0844215 0.00611616 -0.0797447 -0.158961 0.197463 -0.079157 1.37015 -1.74817 -0.0616938 -0.120708 0.47339 -0.0239211
7.455 0.305424 2.96282e-05 -0.0250062 0.252703 0.127396 -0.0231268 0.956113 0.0652145 -0.0266398 2.22085 -5.62592 -0.00492645
7.505 0.177744 -0.00604223 0.0721902 0.16372 0.0223334 0.0738346 0.0177042 1.98542 0.0577284 2.27341 -6.30493 0.0302906
7.555 -0.0404845 -0.0112916 0.0293665 -0.0122833 -0.0888721 0.0307435 -1.23137 2.89552 0.0252598 -1.12427 -1.06899 0.00741314
7.605 -0.234492 -0.0153942 -0.0681193 -0.161109 -0.175966 -0.0659866 -1.2403 2.2398 -0.054855 -3.68915 4.66654 -0.0371037
7.655 -0.172089 -0.0169919 -0.032361 -0.106016 -0.214476 -0.0371674 -0.779896 0.349599 -0.0259716 -3.04001 5.13124 -0.0145887
7.705 0.0900998 -0.0164981 0.0665923 0.14358 -0.195104 0.0635653 0.484664 -1.73949 0.0569552 0.355816 0.0827596 0.0359684
7.755 0.107961 -0.0138589 0.0395251 0.132464 -0.124315 0.0371059 0.96753 -2.87656 0.0303349 3.42485 -5.00059 0.0155435
7.805 0.035837 -0.00935606 -0.0650272 -3.2084e-05 -0.0228858 -0.0651362 1.06719 -2.45133 -0.0535148 3.21501 -4.61073 -0.0338854
7.855 0.301193 -0.00390197 -0.0443302 0.234372 0.079513 -0.0445007 0.55625 -0.740863 -0.0354389 0.626796 1.06089 -0.0203612
7.905 0.238369 0.00184248 0.0658108 0.147112 0.153635 0.0695079 -1.07073 1.25527 0.0525379 -1.86021 6.2553 0.0305497
7.955 -0.204546 0.00718079 0.0466619 -0.309637 0.178894 0.0469538 -1.8655 2.39192 0.0435554 -2.78484 5.52772 0.0273745
8.005 -0.203923 0.0112743 -0.0588257 -0.2888 0.148932 -0.0576605 -1.49767 2.04051 -0.0420765 -0.291298 -0.635583 -0.0229051
8.055 -0.466293 0.013576 -0.0484127 -0.503402 0.0736176 -0.0463196 -1.13256 0.448093 -0.0390704 2.05339 -6.23884 -0.0310059
8.105 0.0274648 0.0137696 0.0548624 0.0474381 -0.0239108 0.0569969 0.538944 -1.41136 0.0379929 2.1367 -5.83019 0.0148944
8.155 0.176098 0.0118512 0.0507408 0.248619 -0.114048 0.052331 2.13998 -2.40812 0.0340775 -0.578771 -0.011569 0.0217105
8.205 0.103532 0.00823301 -0.04635 0.216983 -0.169316 -0.0406216 1.90467 -1.91811 -0.0489287 -3.5462 5.22443 -0.00891814
8.255 -0.203415 0.00324798 -0.0523815 -0.0873483 -0.172534 -0.0500754 1.14407 -0.190822 -0.0444181 -3.06113 4.64368 -0.0149763
8.305 -0.13098 -0.00219246 0.0491808 -0.0370913 -0.121778 0.0483191 -0.738363 1.78953 0.0426047 0.483291 -0.900558 0.0169645
8.355 -0.204337 -0.00727947 0.0564923 -0.151778 -0.0309477 0.0553931 -1.51318 2.87185 0.0515971 3.52767 -5.41191 0.0100649
8.405 -0.0458752 -0.0112551 -0.0430441 -0.0473464 0.0741542 -0.0444624 -1.12073 2.40441 -0.0352419 3.3654 -3.98297 -0.0266503
8.455 0.0263045 -0.0135065 -0.0594909 -0.0240375 0.163208 -0.0611054 0.0079873 0.614512 -0.0493112 0.425082 2.0978 -0.0159702
8.505 -0.205939 -0.0136776 0.0411143 -0.286088 0.210144 0.0406891 0.542726 -1.517 0.0266303 -2.54952 6.62027 0.0323611
8.555 0.00197077 -0.0117199 0.0602407 -0.081915 0.200685 0.0609684 1.49461 -2.81529 0.0460853 -2.14449 4.81115 0.0318645
8.605 -0.15887 -0.00788525 -0.0349713 -0.215887 0.136519 -0.0326934 0.791436 -2.58132 -0.0280885 0.675189 -1.7392 -0.0244415
8.655 0.0152317 -0.00274654 -0.0630179 -0.00348265 0.0348302 -0.0614735 -0.0733691 -0.987159 -0.0440484 2.40783 -6.63891 -0.0427915
8.705 -0.0503126 0.00298983 0.0317527 -0.0321601 -0.0764515 0.0332981 -1.00983 1.03073 0.0322434 1.53902 -5.15693 0.0103137
8.755 -0.0644112 0.00849503 0.0607241 -0.00221079 -0.166735 0.0612743 -1.74538 2.31447 0.0541927 -1.64236 1.01525 0.0390348
8.805 0.0883478 0.0129784 -0.0278404 0.168042 -0.21139 -0.0288845 -1.09961 2.15182 -0.0247485 -3.57196 5.55166 -0.000666087
8.855 0.105969 0.0157916 -0.0605858 0.175169 -0.198777 -0.061023 -0.196833 0.681587 -0.0553528 -2.10296 3.97375 -0.0274976
8.905 -0.0495066 0.0165244 0.0213167 -0.0137126 -0.133511 0.0189625 0.782742 -1.19431 0.0171607 0.851206 -1.8168 -0.000341002
8.955 -0.10937 0.0150631 0.0650203 -0.121819 -0.0350167 0.0630275 1.50766 -2.33934 0.0529319 3.44078 -5.57383 0.0166078
9.005 -0.0911014 0.011594 -0.0207089 -0.153317 0.0680734 -0.0223975 1.22103 -2.04499 -0.0158124 2.7107 -3.19075 -0.00757935
9.055 0.0647969 0.00658858 -0.0670143 -0.0338505 0.146233 -0.0677419 0.364353 -0.445722 -0.0514285 -0.0651128 3.03371 -0.0175664
9.105 0.105699 0.000722021 0.0179506 -0.00538222 0.177523 0.0187874 -0.0118171 1.55328 0.012667 -2.35303 6.72076 0.0136803
9.155 -0.0504785 -0.0052106 0.0666191 -0.145542 0.15387 0.0685287 -1.03407 2.79559 0.0515275 -1.87884 3.94297 0.0247092
9.205 0.223492 -0.0104135 -0.0129262 0.169002 0.0833241 -0.0103453 -0.681184 2.53942 -0.0121342 1.10398 -2.72534 -0.0130805
9.255 0.0599165 -0.0141985 -0.0650149 0.0600669 -0.012365 -0.062225 -0.590303 0.88952 -0.0548439 2.35452 -6.78007 -0.0303044
9.305 0.0484406 -0.0160761 0.0082607 0.103013 -0.104129 0.01022 0.344148 -1.25688 0.00749925 0.802492 -4.35378 0.0110219
9.355 -0.126607 -0.0158021 0.0647113 -0.0324718 -0.164051 0.0653696 0.999047 -2.71789 0.0539546 -2.18817 1.91718 0.0358765
9.405 0.140666 -0.0134937 -0.00517835 0.252542 -0.173618 -0.00457122 0.811929 -2.70013 -0.00485749 -3.41109 5.64323 -0.00491698
9.455 0.064228 -0.00951261 -0.0657914 0.152092 -0.128983 -0.0653133 0.150637 -1.24915 -0.0546651 -1.64985 3.2085 -0.0371952
9.505 -0.0308872 -0.00436154 5.83387e-05 0.0340469 -0.0422178 -0.0012551 -0.940067 0.781294 0.00103751 1.4989 -2.59678 -0.00320198
9.555 -0.0244935 0.0011307 0.0656782 -0.00176328 0.0619719 0.0587885 -1.29296 2.22314 0.0562238 3.67016 -5.52232 0.0335277
9.605 -0.0666131 0.00629494 0.0062072 -0.104501 0.153696 0.0011867 -1.63437 2.26754 0.00788083 2.36184 -2.33274 0.00928493
9.655 0.167246 0.0103476 -0.0640137 0.102149 0.206069 -0.0654958 -0.351962 0.929132 -0.0489513 -0.539029 3.82837 -0.0283133
9.705 -0.021691 0.0127479 -0.00584485 -0.088734 0.203275 -0.00535018 0.65332 -0.967598 -0.00620431 -2.50214 6.6276 -0.0133125
9.755 0.00991466 0.0131646 0.0638958 -0.0413317 0.145115 0.0653229 1.38203 -2.27147 0.0470012 -1.56436 3.02314 0.0197353
9.805 -0.0305968 0.0115649 0.0094867 -0.047555 0.0470998 0.0112386 1.59747 -2.17834 0.00140424 1.28749 -3.58578 0.00955556
9.855 -0.212382 0.00820616 -0.063018 -0.187702 -0.0639238 -0.0613237 0.473228 -0.703522 -0.0548868 2.09156 -6.76003 -0.014211
9.905 -0.15294 0.00359805 -0.0143958 -0.0945995 -0.157409 -0.0132872 -0.336296 1.32019 -0.0102374 0.461739 -3.51196 0.00199012
9.955 -0.0352535 -0.00157117 0.0601495 0.0379115 -0.20782 0.0603602 -0.97409 2.7212 0.0551463 -2.08355 2.71842 0.020859
10.005 0.0956179 -0.00652302 0.0171164 0.158832 -0.201878 0.0163171 -0.858409 2.66691 0.0197377 -3.2959 5.61503 -0.0066473
10.055 0.0291857 -0.0104124 -0.0582538 0.06062 -0.142206 -0.0617624 -0.213423 1.14834 -0.0467339 -1.32284 2.42404 -0.0326676
10.105 -0.155871 -0.0128553 -0.0191786 -0.193459 -0.0468786 -0.0181979 0.509453 -1.00857 -0.0190086 1.82049 -3.29244 -0.00168067
10.155 -0.0501776 -0.0133114 0.0596008 -0.107031 0.0565705 0.0567414 1.04041 -2.61321 0.0427142 3.69191 -5.3799 0.0361638
10.205 0.00143005 -0.0116868 0.025184 -0.100571 0.138354 0.0231044 0.848875 -2.79045 0.0166504 2.12757 -1.46508 0.0132658
10.255 0.0280086 -0.00820447 -0.0567263 -0.0899517 0.175466 -0.0572366 0.217155 -1.47803 -0.0413397 -1.03121 4.55248 -0.0339838
10.305 -0.0212708 -0.0033382 -0.0258195 -0.121396 0.158119 -0.0245339 -0.561243 0.544461 -0.015359 -2.64096 6.45628 -0.0228906
10.355 -0.0498507 0.0022527 0.0517744 -0.0924179 0.0925345 0.0562047 -1.47754 2.10984 0.0480973 -1.18821 2.08377 0.0238004
10.405 -0.0140476 0.00772149 0.0277612 -0.0136689 -0.00100912 0.0316731 -1.369 2.33767 0.0248447 1.56567 -4.40065 0.0242043
10.455 -0.136931 0.0123066 -0.0513805 -0.0852711 -0.0940489 -0.0489336 -0.98214 1.13823 -0.0474678 2.16801 -6.67471 -0.012608
10.505 -0.081664 0.0153409 -0.0325319 0.0158788 -0.15831 -0.031411 0.356158 -0.743425 -0.0319774 0.116571 -2.63717 -0.0142264
10.555 0.0528505 0.016369 0.0490128 0.169046 -0.173954 0.0486658 1.37264 -2.16595 0.0358581 -2.45784 3.49985 0.0139792
10.605 0.0837643 0.0152224 0.0348788 0.188762 -0.135382 0.0334714 1.57988 -2.25873 0.0282992 -3.15881 5.53569 0.00849227
10.655 -0.00720822 0.0120423 -0.0475431 0.0623224 -0.0529257 -0.0497082 1.17056 -0.930364 -0.035241 -0.967784 1.6027 -0.0189085
10.705 0.0695343 0.00725701 -0.0383541 0.089506 0.0500777 -0.0408061 0.0531989 1.07374 -0.0278265 2.55811 -3.97532 -0.0118451
10.755 0.250426 0.00149372 0.043347 0.215116 0.143932 0.0404654 -0.659446 2.59897 0.0367828 3.86918 -5.18285 0.0179448
10.805 0.0889671 -0.00452411 0.0400353 0.0333063 0.201299 0.0393406 -1.10657 2.7462 0.031191 1.43598 -0.553849 0.0118274
10.855 -0.114382 -0.00978386 -0.040513 -0.191775 0.20502 -0.038649 -0.808067 1.39234 -0.035305 -1.96948 5.25649 -0.0208986
10.905 0.0469284 -0.0137021 -0.0360219 -0.0111405 0.153013 -0.041313 0.179852 -0.733266 -0.0344813 -2.61229 6.20659 -0.0142398
10.955 -0.0206996 -0.0157991 0.0392596 -0.0564792 0.0589295 0.0380476 0.539762 -2.46138 0.0314902 -0.57387 1.08075 0.0236911
11.005 0.272814 -0.0158101 0.0443256 0.282456 -0.0513888 0.0460763 0.970856 -2.84802 0.0371302 2.15016 -5.19097 0.0203735
11.055 -0.0216712 -0.0137606 -0.0362886 0.0275866 -0.147616 -0.0347467 0.511335 -1.71019 -0.029587 2.15814 -6.48677 -0.0212479
11.105 -0.0221045 -0.00997563 -0.0453619 0.0482887 -0.203421 -0.0448945 -0.621263 0.274392 -0.0387238 -0.679894 -1.68113 -0.0232684
11.155 0.0571118 -0.00505729 0.0281087 0.111756 -0.204036 0.0326086 -1.24692 1.96016 0.0261273 -2.88629 4.25027 0.0185151
11.205 -0.0520343 0.000359162 0.0452137 -0.0079297 -0.150207 0.0451038 -1.79222 2.39409 0.0395197 -3.0854 5.33649 0.0285338
11.255 -0.14328 0.0054894 -0.0299405 -0.141335 -0.0582463 -0.0317899 -0.965027 1.36268 -0.0210592 -0.456489 0.700329 -0.0110781
11.305 -0.109195 0.00960388 -0.0479024 -0.156451 0.0450318 -0.0498482 0.202121 -0.489908 -0.0372219 2.89197 -4.60174 -0.0305195
11.355 -0.137045 0.0121472 0.0272557 -0.221702 0.129939 0.0258581 1.05215 -2.03938 0.0208621 3.46162 -4.84083 -0.00179571
11.405 -0.0728019 0.0127949 0.0497033 -0.173822 0.172502 0.0494901 1.57805 -2.33844 0.0361876 1.02383 0.431604 0.0185096
11.455 -0.146326 0.0114915 -0.0234281 -0.237768 0.161326 -0.022223 1.03798 -1.17184 -0.0244524 -1.92485 5.86501 0.00101054
11.505 -0.0399553 0.00845996 -0.0504703 -0.0972138 0.100811 -0.0483155 0.276019 0.811595 -0.0423678 -2.33897 5.7758 -0.00803205
11.555 -0.0912413 0.00416068 0.0207214 -0.098594 0.00978079 0.023179 -0.634916 2.46978 0.0192628 -0.0663655 0.00374603 0.0108308
11.605 -0.00457206 -0.000757654 0.0506431 0.0403819 -0.0840422 0.0529768 -0.89891 2.82593 0.0465748 2.20696 -5.854 0.0111357
11.655 -0.0493489 -0.00556108 -0.0181604 0.0362738 -0.152149 -0.0166356 -0.585376 1.63669 -0.0107098 1.94159 -6.09081 -0.0185871
11.705 -0.102969 -0.00953173 -0.0514524 0.000976701 -0.173569 -0.0510671 0.162674 -0.461128 -0.0424438 -0.897558 -0.655739 -0.0202132
11.755 -0.075562 -0.0118216 0.012823 0.0220254 -0.140675 0.00509184 0.930083 -2.31083 0.00722392 -3.37043 4.84953 0.019467
11.805 -0.0577925 -0.0124952 0.0530411 0.00673866 -0.062832 0.0505044 0.944072 -2.89646 0.0375061 -2.83377 4.92108 0.0319213
11.855 0.118173 -0.0112611 -0.011366 0.13455 0.0384938 -0.0132706 0.521443 -1.92207 -0.0105471 0.601361 -0.248395 -0.0110442
11.905 0.11186 -0.00820778 -0.0518548 0.0817004 0.134115 -0.0535681 -0.332622 0.0234729 -0.0372678 3.40653 -5.0459 -0.0378624
11.955 0.200126 -0.00374005 0.00875628 0.136066 0.196168 0.00759389 -0.976749 1.81116 0.014293 3.28327 -4.27886 -0.00446834
12.005 -0.039258 0.00150939 0.0527323 -0.115542 0.206136 0.0524672 -1.41894 2.426 0.0474194 0.339816 1.43345 0.0288801
12.055 0.0234976 0.00679713 -0.00370767 -0.0399957 0.160197 -0.00284549 -1.05613 1.54995 -0.00543522 -2.40803 6.25708 0.0110237
12.105 0.0613331 0.011364 -0.0522452 0.0308199 0.0703929 -0.0506808 0.102089 -0.260254 -0.0486204 -2.0647 5.11847 -0.016146
12.155 -0.0323719 0.0145391 0.00237795 -0.0201973 -0.0387564 0.00417215 0.891704 -1.90329 -0.0056938 0.225527 -1.06962 -0.00534317
12.205 -0.0215246 0.0158331 0.051855 0.029168 -0.137242 0.0533583 1.29577 -2.37829 0.0375145 2.12267 -6.28327 0.0140043
12.255 -0.0172493 0.0150447 0.000903664 0.0557432 -0.198081 0.00145568 1.03607 -1.36995 0.00192004 1.55633 -5.4742 0.000813037
12.305 0.148355 0.0122648 -0.0511119 0.219798 -0.205015 -0.0515484 0.333629 0.564754 -0.0377005 -1.20789 0.348937 -0.0149738
12.355 0.130239 0.00784733 -0.00491423 0.175629 -0.157118 -0.006437 -0.634821 2.3151 0.000556266 -3.30832 5.21581 0.00278406
12.405 0.00975496 0.00152212 0.0521458 0.0128541 -0.0698907 0.0528954 -1.11069 2.85645 0.0417271 -2.56968 4.31152 0.0172171
12.455 -0.00444011 -0.00413012 0.00989177 -0.0469565 0.0330904 0.00369862 -0.754023 1.84369 0.00353943 0.636914 -1.14962 -0.00651451
12.505 -0.0850413 -0.00936134 -0.0483664 -0.179453 0.120767 -0.0516878 -0.168852 -0.187253 -0.042757 3.37105 -5.25959 -0.0242842
12.555 0.0315251 -0.0133877 -0.00943488 -0.0782744 0.168475 -0.0103142 0.755917 -2.12065 -0.00862418 2.96781 -3.55326 0.00263754
12.605 -0.0549996 -0.0157065 0.049365 -0.157084 0.163418 0.0502516 0.938054 -2.89613 0.0421315 0.0497738 2.36107 0.0285365
12.655 -0.09046 -0.0159942 0.0124615 -0.16054 0.108133 0.0145434 0.543315 -2.11211 0.0130391 -2.38319 6.42206 0.00479874
12.705 -0.103094 -0.0142296 -0.0487482 -0.122195 0.0199275 -0.0462389 -0.321822 -0.247659 -0.0371861 -1.96599 4.32096 -0.0289372
12.755 -0.0784238 -0.0106859 -0.0151382 -0.0413908 -0.0742706 -0.0126159 -1.27618 1.61644 -0.0131211 0.657842 -2.05835 -0.0114476
12.805 -0.0447502 -0.00590006 0.0457379 0.0388268 -0.145845 0.0475517 -1.32127 2.41961 0.0365697 2.44319 -6.50424 0.0265595
12.855 0.0941213 -0.000578561 0.0179436 0.203123 -0.172819 0.0186187 -0.799465 1.73348 0.0146226 1.39626 -4.7444 0.0189795
12.905 0.0519196 0.00449712 -0.0446382 0.159272 -0.146296 -0.0453049 0.318307 0.000946316 -0.0355471 -1.5776 1.26898 -0.0175411
12.955 -0.0875016 0.00897958 -0.0218443 -0.00540431 -0.0721905 -0.0245744 1.21107 -1.72449 -0.0164968 -3.62801 5.40758 -0.0190763
13.005 0.00721688 0.0130897 0.0442621 0.0421724 0.0283562 0.0443864 1.61534 -2.39383 0.0334314 -2.11628 3.62534 0.00579765
13.055 0.0739395 0.0139931 0.0238697 0.0647686 0.125078 0.0227432 1.22141 -1.57511 0.0149946 1.47264 -1.96267 0.00759005
13.105 0.104508 0.012784 -0.041459 0.0554987 0.191418 -0.0429063 0.355292 0.289457 -0.0372944 3.62039 -5.32921 -0.00648432
13.155 0.0944589 0.00985801 -0.0247145 0.0265592 0.20741 -0.0252239 -0.452826 2.13125 -0.0205159 2.55947 -2.78239 0.00174438
13.205 -0.00226063 0.00567153 0.0407344 -0.0645351 0.167488 0.0415105 -1.1504 2.87478 0.0343583 -0.516083 3.19852 0.0170726
13.255 0.103909 0.000842085 0.0269898 0.0675524 0.0820415 0.0286639 -0.825968 2.05559 0.0248977 -2.4823 6.46465 0.00105432
13.305 0.0903176 -0.00385866 -0.0381372 0.0911929 -0.0256039 -0.0358515 -0.162612 0.0979752 -0.0285604 -1.4293 3.49153 -0.025229
13.355 0.0163723 -0.0077607 -0.0289521 0.0533364 -0.125886 -0.0268359 0.723991 -1.92278 -0.0256534 0.924278 -2.96973 -0.00993106
13.405 0.0818996 -0.0102923 0.0349711 0.141571 -0.191316 0.0363267 0.967482 -2.89336 0.0255925 2.24131 -6.62865 0.0273566
13.455 -0.0745409 -0.0119537 0.0293444 -0.017243 -0.206466 0.0287687 0.50274 -2.29788 0.0221429 0.674462 -3.9909 0.0203637
13.505 -0.0682424 -0.0142448 -0.0354585 -0.0255308 -0.166625 -0.034506 -0.337241 -0.509249 -0.026143 -2.25107 2.13262 -0.0209076
13.555 -0.0154527 -0.0115282 -0.0331185 -0.0147334 -0.0819878 -0.0347039 -1.51386 1.4308 -0.0195923 -3.29436 5.53167 -0.025492
13.605 -0.0553085 -0.00702018 0.0313824 -0.101475 0.0194966 0.0291018 -1.86898 2.41295 0.0324863 -1.55238 2.92651 0.00852184
13.655 -0.109695 -0.00186664 0.0355251 -0.193587 0.109493 0.0336835 -1.19746 1.90122 0.0315039 1.63019 -2.72987 0.0186706
13.705 0.0026866 0.00324183 -0.0293449 -0.100806 0.162114 -0.0304629 -0.102492 0.239424 -0.0262659 3.55483 -5.345 -0.00451736
13.755 0.0924267 0.00780891 -0.0352678 -0.00544066 0.163034 -0.03508 1.04821 -1.55765 -0.0366905 2.40126 -2.00004 -0.0125276
13.805 -0.0297884 0.0112699 0.0283574 -0.0968889 0.113275 0.0297659 1.57707 -2.39623 0.0137041 -0.914519 3.99774 0.00773268
13.855 -0.044506 0.012885 0.0368413 -0.0629973 0.0283463 0.0392186 1.31113 -1.74907 0.026883 -2.59673 6.45037 0.0135034
13.905 -0.0942871 0.0123945 -0.0245867 -0.058838 -0.0658061 -0.0219661 0.537125 0.0388976 -0.0177034 -1.21756 2.63515 -0.00778527
13.955 -0.124319 0.00989088 -0.0370006 -0.0435795 -0.140523 -0.0350658 -0.600482 1.94713 -0.0260374 1.21875 -3.85499 -0.0129108
14.005 -0.0660206 0.00571678 0.0218693 0.0396107 -0.17288 0.022713 -1.02669 2.86156 0.0214036 2.37027 -6.68984 0.00960029
14.055 -0.180257 0.000503368 0.0382743 -0.0762125 -0.152328 0.0379017 -0.960506 2.22505 0.0311526 0.401057 -3.19163 0.0113115
14.105 -0.011648 0.00464668 -0.0206671 0.0669764 -0.0720826 -0.0216993 -0.0498101 0.362516 -0.020116 -2.4272 2.97925 -0.012629
14.155 0.0405994 0.000601078 -0.0425278 0.084721 0.0231105 -0.0451296 0.99406 -1.70504 -0.0350709 -3.20111 5.58463 -0.0137085
14.205 0.0848943 -0.00321222 0.0178868 0.0771356 0.120872 0.0147012 1.28421 -2.84178 0.0150411 -1.09558 2.16924 0.0148769
14.255 0.137028 -0.00677314 0.0413547 0.0805872 0.191585 0.0391555 1.08912 -2.44012 0.0356379 2.4458 -3.4754 0.016943
14.305 -0.0219888 -0.00765337 -0.0150354 -0.0959316 0.213018 -0.0160026 -0.0881712 -0.771817 -0.00758861 3.56324 -5.26874 -0.0143353
14.355 -0.064275 -0.00653036 -0.0413738 -0.131943 0.178834 -0.0411301 -1.25518 1.215 -0.03012 1.61939 -1.14607 -0.024187
14.405 -0.0408938 -0.00374366 0.0138072 -0.082093 0.0978357 0.0152552 -1.67604 2.35136 0.0101078 -1.25357 4.75242 0.00841657
14.455 0.0893326 0.000478319 0.0405534 0.0878654 -0.00807903 0.0426126 -1.22373 2.02913 0.0309774 -2.45035 6.30719 0.0298291
14.505 0.0453797 0.00531221 -0.0111498 0.0840596 -0.110057 -0.00896803 -0.184823 0.48612 -0.0101016 -0.883704 1.68655 0.00379907
14.555 0.167112 0.010441 -0.0421569 0.233368 -0.179726 -0.0408046 1.07889 -1.34636 -0.0336536 1.71783 -4.68867 -0.0234832
14.605 0.0764202 0.0151221 0.0080422 0.148885 -0.19834 0.00840834 1.56258 -2.3502 0.00677468 2.13087 -6.5826 -0.00991273
14.655 0.032025 0.018256 0.040887 0.0866542 -0.16202 0.0400252 1.29338 -1.90195 0.033715 -0.147331 -2.28494 0.00972723
14.705 -0.0270948 -0.00680118 -0.00491781 -0.00966614 -0.10698 -0.00729999 0.556382 -0.221313 -0.00590606 -2.8868 3.76525 0.00350784
14.755 -0.0755631 -0.00262369 -0.0406714 -0.0856055 -0.0101067 -0.0390908 -0.695609 1.72463 -0.0347248 -3.24289 5.45652 -0.00488913
14.805 -6.49451e-07 -0.0111536 0.00349875 -0.0694696 0.0837265 0.00293553 -1.19622 2.81722 0.0040363 -0.533184 1.29878 0.00710488
14.855 0.0257277 -0.0143236 0.0419829 -0.0742584 0.141512 0.0411456 -1.13082 2.39322 0.0359063 2.70931 -4.13163 0.00915608
14.905 0.0277115 -0.00672271 -0.00239589 -0.0771562 0.161034 -0.00339321 -0.292603 0.661766 0.00269574 3.4268 -4.98688 -0.0137267
14.955 0.0357472 -0.0115766 -0.0359963 -0.0423279 0.116163 -0.0374975 0.662405 -1.46865 -0.0329766 1.23721 -0.187446 -0.0205475
15.005 -0.0719234 -0.0102209 -0.0068842 -0.101673 0.0370998 -0.00453225 0.985485 -2.78674 -0.0049895 -1.82639 5.4003 0.00957936
15.055 -0.122386 -0.0142167 0.0409496 -0.106858 -0.0548946 0.0430358 0.644741 -2.59324 0.0306333 -2.54591 5.93836 0.0301068
15.105 -0.0165392 -0.0145399 0.00329404 0.0483456 -0.132959 0.00539132 -0.0964038 -1.03041 -0.00113414 -0.243443 0.633237 0.00316543
15.155 0.014127 -0.0136443 -0.039225 0.107665 -0.170361 -0.0379036 -0.987539 0.980048 -0.0314 2.07772 -5.37944 -0.0279093
15.205 -0.0325007 -0.0112227 -0.00685658 0.0642406 -0.155522 -0.00704614 -1.37867 2.28555 0.00152982 1.96778 -6.25821 -0.010418
15.255 -0.0119368 -0.00727557 0.0388425 0.0642794 -0.0922424 0.0374985 -1.04185 2.16573 0.0378052 -0.631627 -1.27612 0.0190578
15.305 -0.0628602 -0.00239562 0.00856813 -0.0247986 0.00198617 0.00622765 -0.278427 0.715005 0.00803683 -3.13732 4.38632 0.0121471
15.355 -0.014372 0.00258105 -0.0392077 -0.0206816 0.100143 -0.0419875 0.808851 -1.15386 -0.0349479 -2.9429 5.08914 -0.0117271
15.405 -0.09358 0.00705886 -0.00960291 -0.137513 0.173818 -0.012073 1.43131 -2.30479 -0.015994 0.0535025 0.37068 -0.0100912
15.455 -0.0898591 0.0235257 0.038313 -0.152072 0.217126 0.0373566 1.39321 -2.04253 0.0244826 2.99369 -4.61217 0.0075081
15.505 0.0115202 0.0269783 0.0119588 -0.0480401 0.187044 0.0124553 0.769341 -0.469256 0.00981126 3.49542 -4.46884 0.00469268
15.555 0.184447 0.0249819 -0.03598 0.141113 0.110641 -0.0345063 -0.063412 1.50986 -0.0251491 1.08554 0.80211 -0.00878893
15.605 0.0387887 0.0225422 -0.014012 0.0357858 0.00767165 -0.0119747 -0.830343 2.76706 -0.00634757 -1.98769 5.83627 -0.000676617
15.655 -0.114276 0.0194642 0.0347573 -0.080027 -0.0944405 0.0369115 -0.923718 2.52141 0.0309308 -2.59625 5.33538 0.0124725
15.705 0.0228315 0.0148919 0.0162092 0.0822155 -0.167823 0.0180186 -0.477604 0.901933 0.0109002 -0.112445 -0.430056 -0.00115371
15.755 0.085326 0.00944554 -0.0345234 0.150552 -0.192614 -0.0336517 0.297827 -1.22441 -0.0312099 2.33025 -5.87092 -0.0172411
15.805 0.188876 0.00417435 -0.0191854 0.237137 -0.162682 -0.0194851 1.07905 -2.69141 -0.0190971 1.87159 -5.70555 0.000219912
15.855 0.0122748 -0.000396973 0.0318809 0.024522 -0.0876663 0.0304838 0.912497 -2.67778 0.0283113 -1.10407 -0.284253 0.0239353
15.905 -0.0503784 -0.00356563 0.0203673 -0.0831285 0.0103319 0.0184877 0.0946192 -1.25615 0.022124 -3.45816 4.82176 0.0080246
15.955 0.0446141 -0.00398588 -0.0320311 -0.0293118 0.103806 -0.0340686 -0.903557 0.749634 -0.0189696 -2.71094 4.5748 -0.0246126
16.005 0.109465 -0.00242005 -0.0217635 0.0103634 0.165418 -0.0230343 -1.6256 2.1874 -0.0140462 0.667996 -0.521393 -0.0195183
16.055 -0.0186939 -0.0316539 0.0317429 -0.11002 0.141445 0.0345428 -1.32555 2.25207 0.022165 3.22628 -4.90726 0.0145114
16.105 0.0318811 -0.028858 0.0229959 -0.0468726 0.102811 0.0252229 -0.428067 0.948645 0.0143012 3.03606 -3.83776 0.0221345
16.155 0.0240672 -0.0198355 -0.0267934 -0.0123426 0.0351039 -0.0227491 0.545387 -0.918765 -0.0269456 0.367838 1.72531 -0.00366209
16.205 -0.0449313 -0.00461747 -0.0271781 -0.0300769 -0.0499153 -0.0224061 1.25178 -2.20781 -0.0213352 -2.19901 6.10174 -0.0164183
16.255 -0.094566 0.00200304 0.0255162 -0.0298144 -0.124646 0.0240396 1.42976 -2.14677 0.0215586 -2.09403 4.64248 -0.00135537
16.305 -0.0245419 0.00764335 0.0248461 0.0813001 -0.168759 0.0261152 0.808984 -0.717019 0.0212669 0.285866 -1.42412 0.00532543
16.355 -0.0461588 0.00845012 -0.025229 0.0620086 -0.158852 -0.0248584 -0.131245 1.26078 -0.0208569 2.13871 -6.19574 -0.00265881
16.405 0.043022 0.0076576 -0.0279239 0.131003 -0.100348 -0.0290995 -0.753164 2.65527 -0.0233406 1.39 -5.09598 0.00256791
16.455 -0.0762081 0.00548568 0.0229093 -0.0261753 -0.00942959 0.02087 -1.03147 2.62755 0.0196541 -1.34783 0.632724 0.0153677
16.505 -0.100625 0.00149663 0.0280059 -0.0975044 0.0882263 0.0254749 -0.587521 1.16948 0.0247196 -3.41879 5.13862 0.00392129
16.555 -0.0672188 -0.00303726 -0.0216656 -0.1063 0.164797 -0.0238784 0.409044 -0.956294 -0.0146931 -2.15708 3.98471 -0.0215689
16.605 0.0281737 -0.0113436 -0.0286952 -0.0357005 0.192619 -0.0295205 1.01399 -2.57062 -0.022437 1.11926 -1.34558 -0.0164941
16.655 0.00813719 -0.0135493 0.0191585 -0.0622612 0.17477 0.0186438 0.997529 -2.80169 0.0147525 3.44477 -5.1079 0.0147437
16.705 0.143383 -0.0154746 0.0294834 0.092473 0.103356 0.0310044 0.44098 -1.50833 0.022037 2.91059 -3.18855 0.02076
16.755 0.0613403 -0.0169029 -0.0167983 0.0446562 0.003092 -0.0144174 -0.716466 0.493106 -0.0146517 -0.0833423 2.58785 -0.00776162
16.805 0.00165944 -0.0162625 -0.0304973 0.0216706 -0.09959 -0.0281403 -1.43277 2.07403 -0.022955 -2.45949 6.28092 -0.0198859
16.855 0.00285467 -0.0142233 0.0156006 0.0514202 -0.176932 0.0175052 -1.37449 2.34005 0.0168309 -1.89388 3.93999 0.00275525
16.905 -0.0343538 -0.0103727 0.0309803 0.0250076 -0.207028 0.0317826 -0.880425 1.17851 0.0292323 0.656082 -2.35395 0.0167231
16.955 0.056704 -0.00532009 -0.0135524 0.104921 -0.182415 -0.0139153 0.258819 -0.677279 -0.011626 2.28409 -6.47414 0.000315156
17.005 0.0604046 -0.000179969 -0.0321305 0.0781955 -0.111532 -0.033568 1.3948 -2.12004 -0.0309625 1.17066 -4.45485 -0.0113755
17.055 0.0763241 0.00442951 0.0118117 0.0530427 -0.0151726 0.00964365 1.64509 -2.25125 0.00265518 -1.83841 1.53071 0.00205361
17.105 0.0878418 0.00781937 0.032562 0.0248145 0.0787087 0.0302731 1.13204 -0.942068 0.0223744 -3.32782 5.40619 0.0114366
17.155 -0.0798333 0.0382352 -0.0116611 -0.183549 0.176424 -0.0108324 -0.0812873 1.03235 -0.00573705 -1.99049 3.40615 -0.00293113
17.205 -0.0599712 0.0417243 -0.0326402 -0.155965 0.190237 -0.0323445 -1.05165 2.56208 -0.0210566 1.46693 -2.13523 -0.0121355
17.255 -0.0845589 0.0390969 0.00732823 -0.156704 0.158661 0.0079172 -1.241 2.73708 0.0115934 3.58256 -5.25524 0.000402967
17.305 -0.0764068 0.0358529 0.0330502 -0.111976 0.0858666 0.0347349 -0.848653 1.40144 0.0279398 2.38972 -2.49901 0.00723691
17.355 -0.0145419 0.0194962 -0.00589347 0.000314561 -0.0166555 -0.0036904 0.307934 -0.725696 -0.00832961 -0.516483 3.41767 -0.00656901
17.405 0.10218 0.00266694 -0.0315685 0.16468 -0.110686 -0.0315201 0.962627 -2.43716 -0.0320538 -2.37931 6.37764 -0.00925371
17.455 -0.00767813 -0.00818352 0.0044543 0.0845055 -0.163585 0.00828512 1.1991 -2.82502 0.000269636 -1.51585 3.14124 0.0118496
17.505 0.0188174 -0.0128606 0.0323026 0.113941 -0.159159 0.0333515 0.502637 -1.71829 0.0287187 0.942443 -3.26811 0.0188073
17.555 -0.0666529 -0.0157682 -0.00290031 0.0149397 -0.106042 -0.0038237 -0.586777 0.252693 0.00590799 2.23906 -6.64259 -0.00670908
17.605 -0.071075 -0.0169652 -0.0328999 -0.0240234 -0.0185672 -0.0346941 -1.49147 1.92032 -0.0207541 0.641091 -3.70955 -0.02411
17.655 -0.0375605 -0.0161186 -0.000349378 -0.0341964 0.0790805 -0.0028853 -1.48848 2.36967 0.000109695 -2.07274 2.42248 -0.00238722
17.705 0.0257214 -0.0211185 0.0366342 -0.0133909 0.15164 0.0317871 -0.851179 1.37547 0.0225248 -3.28838 5.54671 0.0232038
17.755 0.0518548 -0.0159471 0.0027223 -0.0103206 0.187569 0.00014129 0.395586 -0.437325 -0.00491079 -1.41543 2.69994 0.0107754
17.805 0.0525137 -0.0121456 -0.0321333 -0.00892979 0.172834 -0.0329451 1.46837 -2.00413 -0.0301993 1.91836 -2.92097 -0.0154182
17.855 0.0763148 -0.00767096 -0.00309977 0.0329923 0.107073 -0.00234917 1.60921 -2.29538 -0.0038806 3.6139 -5.25852 -0.0139062
17.905 -0.0709792 -0.00321294 0.0320857 -0.0813064 0.00926634 0.0337857 0.998333 -1.18797 0.0268747 2.05948 -1.69136 0.00258707
17.955 0.0100809 -0.00091221 0.00573101 0.036146 -0.0945109 0.0081064 -0.00968944 0.758582 0.00661463 -0.985245 4.2061 0.004641
18.005 -0.0666614 0.000473937 -0.0310758 -0.0102399 -0.17401 -0.0291214 -0.870965 2.41044 -0.0242815 -2.41616 6.30072 8.55144e-05
18.055 -0.0186115 0.000518643 -0.0071565 0.0489882 -0.209652 -0.00588193 -1.18897 2.7891 -0.00671094 -1.18807 2.22903 0.00721133
18.105 0.0274276 -0.00152575 0.0300179 0.0837064 -0.191363 0.0301081 -0.563971 1.6477 0.0234044 1.35891 -4.13671 0.0105383
18.155 0.0273558 -0.00206828 0.00801708 0.0491774 -0.118051 0.00660695 0.174946 -0.409785 0.00794882 2.08921 -6.59556 -0.00682223
18.205 -0.0836699 0.0071388 -0.0325615 -0.10144 -0.0181492 -0.0379208 0.883588 -2.25857 -0.0222518 0.152216 -2.8205 -0.0190654
18.255 0.0107185 0.00156458 -0.0106883 -0.0517246 0.0773388 -0.013315 1.06799 -2.86551 -0.00680707 -2.49085 3.23465 1.99814e-05
18.305 0.00778619 -0.00288729 0.0289757 -0.083756 0.145907 0.0275862 0.288514 -1.94399 0.0224854 -3.09401 5.46855 0.0213619
18.355 0.066019 0.00147276 0.0145913 -0.0441766 0.172755 0.0155482 -0.532109 -0.0274612 0.00870224 -0.815376 1.84845 0.00630144
18.405 -0.00700408 -0.00217069 -0.0264281 -0.0939936 0.147342 -0.026649 -1.31624 1.76119 -0.0222812 2.27728 -3.6175 -0.0199738
18.455 -0.0631964 -0.000989294 -0.0130573 -0.109791 0.0764642 -0.0119543 -1.66957 2.41137 -0.0102419 3.37704 -5.02504 -0.0132017
18.505 0.0774631 -0.00177816 0.0269513 0.0756763 -0.015694 0.0296002 -0.876093 1.56878 0.0242409 1.6498 -0.74701 0.0128758
18.555 -0.0716436 -0.00254169 0.015419 -0.0120763 -0.101764 0.0189751 0.112774 -0.201784 0.0130643 -1.30812 4.88175 0.0153445
18.605 -0.00841052 0.00264508 -0.026089 0.0728586 -0.152227 -0.0241561 1.23631 -1.83998 -0.022649 -2.4264 5.98601 -0.00524491
18.655 0.013439 0.00745981 -0.0164487 0.108959 -0.153974 -0.0158588 1.72123 -2.35281 -0.017458 -0.62495 1.2009 -0.0102085
18.705 -0.0585413 0.0116737 0.0242921 0.0281798 -0.106215 0.0234811 1.10402 -1.38029 0.0152863 1.57367 -4.8716 0.00363998
18.755 0.0193734 0.014857 0.0170867 0.0749193 -0.0222305 0.0150373 0.328437 0.526461 0.0128898 1.98275 -6.30742 0.00708567
18.805 0.00244002 0.016807 -0.023985 0.0164182 0.0745118 -0.0266773 -0.689286 2.26578 -0.0159222 -0.252725 -1.83872 -0.00288074
18.855 0.033703 0.00502744 -0.0191564 0.00726641 0.145862 -0.022023 -1.14319 2.82344 -0.0101619 -2.88575 3.91124 -0.00248514
18.905 -0.0425487 0.00485357 0.0204116 -0.09776 0.188872 0.0199454 -0.835643 1.84918 0.0218305 -3.04321 5.17635 0.004732
18.955 0.0390508 0.00287486 0.0187491 -0.0224065 0.177792 0.0186322 -0.090603 -0.161898 0.0156842 -0.258092 0.934539 -0.00335841
19.005 0.035602 -0.0016791 -0.0202117 -0.0109697 0.11783 -0.0191906 0.796825 -2.08753 -0.0224755 2.8681 -4.16007 -0.0155339
19.055 0.0484507 -0.00718167 -0.0211 0.0300668 0.0232283 -0.0194819 1.11569 -2.87313 -0.0225157 3.39693 -4.6079 -0.00242645
19.105 0.0502317 -0.00550705 0.0194256 0.0646287 -0.0739402 0.0219776 0.811542 -2.12388 0.0148926 1.10884 0.223222 0.021909
19.155 -0.0162156 0.00108057 0.022607 0.0274129 -0.145147 0.0248109 -0.434603 -0.282598 0.022108 -1.67983 5.40034 0.015354
19.205 -0.0615248 -0.00500004 -0.0128428 -0.0122809 -0.190344 -0.0180389 -1.29603 1.58843 -0.00673713 -2.34112 5.49498 -0.0155707
19.255 -0.0481751 -0.00890255 -0.02105 0.00837827 -0.175589 -0.0234099 -1.62624 2.39662 -0.013468 -0.382397 0.171094 -0.0217754
19.305 -0.0236312 -0.00999534 0.0148102 6.12561e-05 -0.122481 0.0127052 -1.06843 1.73816 0.0152009 1.84809 -5.45136 0.00493311
19.355 0.0854025 -0.0210795 0.0205296 0.0766289 -0.0398335 0.017878 0.0525198 0.0385838 0.0137473 1.73814 -5.89734 0.0211928
19.405 0.0581533 -0.01756 -0.0148673 0.00293525 0.0546614 -0.0178482 1.08536 -1.68721 -0.0188575 -0.733707 -0.885347 0.00425847
19.455 0.0422224 -0.0122682 -0.023245 -0.0415825 0.12459 -0.0253298 1.58938 -2.36961 -0.0240652 -3.03881 4.43107 -0.0116165
19.505 0.015853 -0.00353178 0.0142525 -0.0755115 0.156726 0.0125091 1.32779 -1.56374 0.0118217 -2.67775 4.78444 -0.00734346
19.555 -0.0704353 0.00784932 0.0265412 -0.134856 0.135538 0.0283577 0.306623 0.249256 0.0236628 0.24664 0.0851396 -0.00114849
19.605 0.000979311 0.0084083 -0.0120897 -0.0402261 0.0731193 -0.0101086 -0.606553 2.09113 -0.00700627 3.11527 -4.54598 -0.00367449
19.655 0.0341858 0.0217379 -0.0249958 0.0375797 -0.00327513 -0.0221027 -1.02092 2.84367 -0.0207466 3.28345 -4.10785 0.0014962
19.705 -0.0137008 0.00460728 0.0101654 0.0403846 -0.0968604 0.0123607 -0.860289 2.0538 0.00589827 0.556263 1.11524 0.014564
19.755 -0.0708453 0.00539416 0.0228271 0.0310161 -0.153736 0.0190188 -0.0645082 0.127109 0.018256 -2.09393 5.77091 0.00998326
19.805 -0.0244789 0.0034332 -0.00812773 0.0691086 -0.161581 -0.00812575 0.73661 -1.88775 -0.00711994 -2.19337 4.94207 -0.0121812
19.855 -0.0258212 -0.000939959 -0.0255071 0.0600686 -0.118014 -0.0254359 0.905157 -2.85708 -0.0195499 0.0181239 -0.786402 -0.0162999
19.905 0.00194854 0.0111077 0.00728399 0.0574784 -0.0207829 0.00463957 0.626121 -2.28517 0.0101383 2.06821 -5.90572 0.00631643
19.955 -0.025675 0.0166345 0.0262025 -0.0167682 0.0811945 0.0240174 -0.233241 -0.544918 0.0238414 1.47753 -5.42523 0.0178145
20.005 -0.00295447 0.0159355 -0.00631611 -0.0395684 0.168705 -0.00861483 -1.10284 1.37891 -0.00479564 -1.13215 0.0223526 -0.00206383
20.055 0.0572783 0.00109154 -0.0256397 0.00132388 0.204018 -0.0280204 -1.38163 2.3775 -0.0221868 -3.11209 4.86658 -0.0165979
20.105 -0.00594374 -0.00983574 0.00433247 -0.0671169 0.185331 0.00140257 -1.14542 1.88782 0.00308505 -2.36313 4.36892 -0.00268008
20.155 0.00153395 -0.00924906 0.0263554 -0.0526722 0.131223 0.0266394 -0.0473369 0.283883 0.0212765 0.739723 -0.718747 0.011476
20.205 -0.0206295 -0.00583664 -0.00263799 -0.0479854 0.0401359 -0.00121248 0.925849 -1.4806 -0.0026082 3.25584 -4.87779 0.0021509
20.255 -0.0163175 -0.0218605 -0.0253948 -0.00711234 -0.081365 -0.0233565 1.39126 -2.32719 -0.0235545 2.93317 -3.58563 -0.00981962
20.305 0.0143214 -0.016581 0.00205552 0.0522114 -0.167038 0.00410588 1.29471 -1.77247 -0.00276496 0.23027 1.94042 -0.00131226
20.355 -0.00623779 -0.0124153 0.0262183 0.0511071 -0.211349 0.027829 0.503727 -0.00490777 0.0182943 -2.2799 6.05476 0.0109729
20.405 -0.0755781 -0.00863783 -0.000182912 -0.0217747 -0.203927 0.000469517 -0.510134 1.88491 0.000112796 -2.04133 4.35472 0.0048652
20.455 0.0151527 -0.000351477 -0.0260128 0.0439027 -0.142168 -0.0267966 -0.982416 2.81377 -0.0174151 0.375874 -1.71806 -0.00552729
20.505 -0.00753066 0.0332668 -0.00149976 -0.0219818 -0.0269516 -0.00285827 -0.960761 2.22915 0.00378261 2.20984 -6.25131 -0.00116951
20.555 0.0396535 0.033331 0.0248011 -0.00640528 0.0749614 0.0229396 -0.119429 0.403855 0.0235453 1.32394 -4.87331 0.00295166
20.605 -0.00987354 0.0241335 0.00281945 -0.0875649 0.14436 0.00139712 0.708443 -1.64974 0.00120537 -1.47644 0.909909 -0.00707975
20.655 -0.050572 0.003749 -0.0253205 -0.140794 0.157561 -0.0263402 1.04148 -2.83517 -0.0250542 -3.33837 5.20769 -0.0101408
20.705 -0.0274773 -0.00174614 -0.00424046 -0.110063 0.140025 -0.00434094 0.709745 -2.47964 -0.00800796 -2.0952 3.83539 0.0072118
20.755 -0.0387848 -0.00648065 0.0249368 -0.0890402 0.0791562 0.0259913 -0.19515 -0.798359 0.0199815 1.196 -1.5275 0.0173166
20.805 0.0402004 -0.00964171 0.00803357 0.0248453 -0.00525525 0.0119137 -1.05933 1.16947 0.0096828 3.4709 -5.11011 -0.0010792
20.855 0.0853306 -0.0126808 -0.025032 0.122924 -0.0891667 -0.0221456 -1.39277 2.33027 -0.013434 2.75027 -2.94781 -0.0206328
20.905 0.0800431 -0.0142053 -0.00826636 0.155782 -0.145797 -0.00603074 -1.11401 2.06136 -0.00108522 -0.190542 2.79565 -0.00865081
20.955 0.0726753 -0.0135828 0.0236042 0.16363 -0.157391 0.0253579 -0.146073 0.527884 0.0158868 -2.39754 6.24056 0.0170271
21.005 -0.0101742 -0.0116401 0.00695161 0.0748617 -0.120117 0.00717821 0.816888 -1.3093 -2.13909e-05 -1.82291 3.63723 0.0159003
21.055 -0.0497495 -0.017352 -0.0233957 0.0112392 -0.0524916 -0.0242029 1.42266 -2.32303 -0.0245055 0.670536 -2.66108 -0.00514635
21.105 0.0226732 -0.0108327 -0.00937899 0.040517 0.0416343 -0.0105017 1.27574 -1.86969 -0.0101792 2.22511 -6.48627 -0.0120868
21.155 0.0512295 -0.00697021 0.0210291 0.036678 0.127506 0.0186596 0.512239 -0.257741 0.0206853 0.998882 -4.17525 -0.00205607
21.205 0.0714701 -0.00285427 0.0108334 0.0284298 0.177764 0.00845505 -0.298449 1.68301 0.013785 -1.86257 1.80767 0.00132979
21.255 0.0949676 0.00044151 -0.0204193 0.0408228 0.178245 -0.0221118 -0.818545 2.77735 -0.0141492 -3.2889 5.40968 -0.00236347
21.305 0.0193116 0.0315613 -0.0136736 -0.0348455 0.16129 -0.0128062 -0.902963 2.3744 -0.0101462 -1.72095 3.14845 0.00374939
21.355 -0.0838276 0.0326175 0.0207629 -0.0851431 0.0724561 0.0259147 -0.400727 0.651969 0.0128998 1.54001 -2.3372 0.00863657
21.405 -0.0515201 0.0312326 0.0134726 -0.0361464 -0.0300349 0.0164428 0.366874 -1.4296 0.00671674 3.5525 -5.13714 -0.0032166
21.455 0.0064036 0.028017 -0.0202963 0.044258 -0.116333 -0.017808 0.814444 -2.73705 -0.015378 2.43797 -2.151 -0.0140238
21.505 -0.0029135 -0.000440673 -0.0135153 0.0511086 -0.192021 -0.0109081 0.76264 -2.57251 -0.00750343 -0.649961 3.63315 -0.0022256
21.555 0.0338728 -0.0157791 0.0182763 0.085064 -0.199713 0.0195849 0.159774 -1.0613 0.0196473 -2.5413 6.20055 0.015927
21.605 0.000547534 -0.0197183 0.0141506 0.0275102 -0.148577 0.0143309 -0.753873 0.936791 0.0148348 -1.47634 2.69883 0.00958805
21.655 -0.0442738 -0.0225711 -0.0181411 -0.0540898 -0.0637465 -0.0192857 -1.54221 2.23596 -0.0136194 0.954117 -3.56612 -0.0130011
21.705 -0.0527193 -0.0241437 -0.0165827 -0.102468 0.029944 -0.0186594 -1.40609 2.16048 -0.0145712 2.13092 -6.49813 -0.013033
21.755 -0.0351931 -0.024242 0.0168474 -0.11652 0.105714 0.0145798 -0.56208 0.75118 0.0102683 0.581265 -3.29672 0.00845568
21.805 -0.0239889 -0.020582 0.0175896 -0.126229 0.147472 0.0158846 0.645608 -1.07849 0.0127462 -2.18455 2.69151 0.0142128
21.855 0.0221917 0.0155622 -0.0123856 -0.0661616 0.160933 -0.0164181 1.54087 -2.25129 -0.0135136 -3.1256 5.39747 -0.00237505
21.905 -0.030941 0.000767712 -0.0189981 -0.0851679 0.0984183 -0.0210228 1.59917 -2.02622 -0.0166224 -1.18333 2.32077 -0.0127932
21.955 -0.0228537 0.00929997 0.0155509 -0.0351683 0.0100867 0.0173891 0.954397 -0.51383 0.00861027 2.07655 -3.0888 -0.00365748
22.005 -0.0444637 0.013705 0.018701 -0.00924364 -0.0740077 0.0211094 -0.166256 1.44655 0.01271 3.50937 -4.99679 0.00470416
22.055 -0.0257436 0.0158523 -0.0137365 0.0507105 -0.13512 -0.0116645 -1.0331 2.70684 -0.00984424 1.95058 -1.23548 0.00360826
22.105 0.0414904 0.0117557 -0.0215418 0.136105 -0.156247 -0.0224638 -1.00357 2.51112 -0.0126023 -0.959596 4.36092 0.00252791
22.155 0.0045426 0.0127069 0.0129249 0.0926481 -0.124098 0.0126749 -0.450946 0.942868 0.0144366 -2.43476 5.96767 0.00459034
22.205 0.0476033 0.0119598 0.0189328 0.112536 -0.0513666 0.017928 0.547682 -1.17479 0.0169328 -1.08204 1.72161 -0.00252546
22.255 0.0058922 0.0092426 -0.0113102 0.0338116 0.041012 -0.0134632 1.05906 -2.63966 -0.0104152 1.22848 -4.36275 -0.0142536
22.305 0.0397801 0.00504615 -0.0192804 0.0277096 0.126328 -0.0219137 0.939457 -2.68775 -0.0192556 1.92836 -6.31491 -0.0049745
22.355 0.0127815 0.000193684 0.00948451 -0.0303715 0.179948 0.00674978 0.0520253 -1.29807 0.00531845 0.133032 -2.36099 0.018163
22.405 0.0220496 -0.00459844 0.0198211 -0.0352728 0.185894 0.0178811 -1.00422 0.709663 0.0171512 -2.50901 3.41192 0.0179009
22.455 0.0665181 -0.00888125 -0.00822076 0.0147783 0.141339 -0.00898138 -1.47917 2.1622 -0.00151342 -2.87048 5.22673 -0.00921472
22.505 0.0540611 -0.0119936 -0.0203808 0.0247522 0.0580758 -0.0197174 -1.30747 2.23536 -0.0105191 -0.616029 1.47715 -0.0235218
22.555 0.0210682 -0.00946156 0.00761849 0.0212762 -0.0361772 0.00989446 -0.480502 0.99029 0.00778922 2.33623 -3.69223 -0.00557238
22.605 -0.050261 -0.00895125 0.0206945 -0.0184463 -0.12391 0.0258032 0.54479 -0.876251 0.0131891 3.31293 -4.70008 0.014675
22.655 -0.0327075 -0.00643327 -0.00611167 0.0154527 -0.176931 -0.00294088 1.2191 -2.18054 -0.0120082 1.37517 -0.345076 0.0105876
22.705 -0.0398488 -0.00319558 -0.021363 0.0109177 -0.180618 -0.0197802 1.35498 -2.14211 -0.0215952 -1.38 4.93718 -0.00328092
22.755 -0.0326585 0.000771134 0.00516172 -6.48292e-06 -0.134964 0.00575269 0.778197 -0.743396 0.0037214 -2.29554 5.6328 -0.00466472
22.805 -0.0144769 -0.0014404 0.0202935 -0.0143536 -0.0603342 0.019207 -0.0950729 1.22877 0.0210657 -0.681162 0.763302 -0.00179446
22.855 -0.0167396 -0.00329271 -0.00248899 -0.0506117 0.0243633 -0.00263289 -0.773791 2.63488 0.00229232 1.54815 -5.00683 -0.00426358
22.905 -0.0175176 -0.000218636 -0.0211795 -0.0855808 0.10301 -0.0227655 -0.948628 2.61186 -0.0144517 1.7938 -6.04297 -0.000919173
22.955 -0.0174424 0.00174753 0.00271442 -0.0995144 0.144145 0.00104779 -0.501692 1.16939 -0.000757427 -0.394318 -1.48166 0.0109776
23.005 -0.0110066 0.00205182 0.0210517 -0.0869838 0.136531 0.0198917 0.295607 -0.92878 0.011208 -2.65707 4.00168 0.010224
23.055 0.00545385 0.000489892 -0.000786538 -0.0451093 0.0842678 -0.00067949 0.938474 -2.54243 -0.00522202 -2.69401 4.97437 -0.0073794
23.105 0.0210095 0.0109486 -0.0216891 0.0187996 0.0182096 -0.0194758 0.920672 -2.75969 -0.0165221 -0.098127 0.682929 -0.0154643
23.155 0.00824599 0.00776095 0.000182872 0.0403308 -0.0664902 0.00280928 0.274916 -1.51447 0.00484512 2.69344 -4.15772 -0.000478252
23.205 0.0509511 0.00355582 0.0205049 0.116347 -0.128664 0.023105 -0.563802 0.450057 0.0223071 3.18859 -4.32791 0.0124404
23.255 0.046057 0.00353898 0.000277389 0.131877 -0.146072 0.00231412 -1.31394 2.02277 0.00442973 1.0108 0.485367 0.00211016
23.305 0.0438718 -9.10448e-05 -0.0203974 0.126629 -0.118539 -0.0193284 -1.42441 2.32689 -0.0167118 -1.66587 5.3857 -0.0108765
23.355 0.0267236 -0.00175309 -0.00273711 0.0862652 -0.0503704 -0.003106 -0.673685 1.19056 -0.00488143 -2.15496 5.20905 -0.00257398
23.405 0.0393517 -0.00217653 0.0191659 0.0635008 0.0397059 0.0175001 0.421927 -0.634567 0.0128518 -0.286317 -0.154851 0.0114789
23.455 0.014563 -0.00118142 0.00279724 0.000690229 0.125683 9.02145e-05 1.32967 -2.06252 0.00117033 1.75448 -5.52258 0.00562284
23.505 0.0142492 -0.0238746 -0.019328 -0.0224879 0.159584 -0.0227541 1.54605 -2.21427 -0.0160249 1.5235 -5.69219 -0.0082625
23.555 -0.0125251 -0.0177903 -0.00472943 -0.0763092 0.167432 -0.00671382 0.943574 -0.97076 -0.00391553 -0.803281 -0.628891 -0.00643737
23.605 -0.0292946 -0.014787 0.019191 -0.0799879 0.130084 0.0182495 -0.120393 0.972586 0.0142992 -2.97966 4.51368 0.00432076
23.655 -0.0298597 -0.0104844 0.00582191 -0.0586082 0.0511109 0.0061199 -0.945134 2.50195 0.00291723 -2.48873 4.64964 0.00456933
23.705 -0.0392072 0.00599537 -0.0180192 -0.0354318 -0.0398902 -0.0158621 -1.13238 2.72151 -0.0151586 0.382081 -0.088651 -0.00173892
23.755 -0.00619412 0.00574805 -0.0061547 0.024326 -0.125103 -0.00362289 -0.561099 1.41696 -0.00330202 3.06719 -4.5366 -0.000833356
23.805 0.00338607 0.00698435 0.0184679 0.0542583 -0.181211 0.0210542 0.275891 -0.649774 0.0174782 3.07968 -3.87878 0.00148318
23.855 -0.0241374 0.0153865 0.00647938 0.019426 -0.175494 0.00805336 0.902546 -2.37988 0.00726055 0.507768 1.31051 -0.00563833
23.905 -0.0293912 0.0160283 -0.0189585 0.0062632 -0.138555 -0.0179059 0.996294 -2.83148 -0.0137588 -2.00963 5.7448 -0.0090371
23.955 -0.0599901 0.0123297 -0.00729935 -0.0561427 -0.061344 -0.00694484 0.268666 -1.75265 -0.0101589 -2.10302 4.66415 0.0055201
24.005 -0.0359598 0.00752852 0.0159327 -0.0715066 0.0307347 0.0143952 -0.633295 0.185193 0.0129229 0.053852 -1.10868 0.0175906
24.055 -0.0402742 0.00301884 0.00891787 -0.108337 0.109841 0.00681482 -1.35204 1.88022 0.00989375 1.92854 -5.95267 0.00578101
24.105 -0.0234052 0.016041 -0.0164749 -0.109501 0.170305 -0.0187392 -1.40041 2.34671 -0.00939159 1.32756 -5.20266 -0.0158354
24.155 -0.0101272 -0.00316519 -0.00986007 -0.092367 0.154708 -0.0110379 -0.725193 1.4135 -0.00545991 -1.237 0.29197 -0.0135459
24.205 -0.0412683 -0.012036 0.0154152 -0.103152 0.0981278 0.0153615 0.323659 -0.391837 0.0115225 -3.07361 4.93595 0.00695066
24.255 -0.00258502 -0.0145831 0.0108589 -0.0222123 0.0184684 0.0122414 1.23384 -1.93985 0.00357089 -2.08314 4.16899 0.0127438
24.305 0.0235378 -0.0198122 -0.0116998 0.0461219 -0.0703482 -0.0100994 1.53943 -2.28982 -0.0187466 0.98748 -0.918233 -0.000673987
24.355 0.0249132 -0.017242 -0.0115545 0.0838796 -0.134491 -0.00929386 1.15212 -1.18788 -0.0133238 3.32325 -4.83277 -0.00886072
24.405 0.0206887 -0.0124733 0.0139332 0.106231 -0.160133 0.0163715 0.240762 0.733273 0.0135726 2.77006 -3.3072 -0.00275291
24.455 0.00809539 -0.00793001 0.0118928 0.0958283 -0.137593 0.0132949 -0.705676 2.36952 0.0161557 -0.022269 2.21548 0.00184141
24.505 -0.00796092 -0.00347538 -0.0136415 0.0614405 -0.0730443 -0.0136942 -1.09649 2.76001 -0.0050157 -2.26815 5.98609 -0.000193243
24.555 0.0263103 0.000167486 -0.0131846 0.0637688 0.0150663 -0.0146858 -0.737348 1.65166 -0.00905523 -1.84443 3.97232 0.00300458
24.605 0.0444841 0.00251278 0.0120561 0.0452979 0.101771 0.00941237 0.0644748 -0.402611 0.00666291 0.51863 -2.07809 0.00770205
24.655 0.0380277 0.00333977 0.0134003 0.00784103 0.161987 0.0103712 0.854089 -2.22079 0.00523129 2.0353 -6.26205 0.000263252
24.705 -0.00749307 0.00234128 -0.0115372 -0.0546328 0.177591 -0.0141557 1.04298 -2.83496 -0.012833 0.989419 -4.52504 -0.010144
24.755 -0.00896623 -0.000133492 -0.0140442 -0.0551674 0.143419 -0.0155915 0.483378 -1.95684 -0.00972759 -1.66764 1.25513 -0.00430393
24.805 0.00119759 0.0153743 0.0113014 -0.0296396 0.0938631 0.0107714 -0.513146 -0.049006 0.0142624 -3.12002 5.22194 0.00984401
24.855 0.00854087 0.01901 0.0148236 0.00277983 0.00268345 0.0162242 -1.3262 1.72697 0.0175676 -1.71265 3.51 0.00663696
24.905 0.0245197 0.0170354 -0.0098479 0.0497184 -0.0900963 -0.00752935 -1.49188 2.3916 -0.00590468 1.43996 -1.78933 -0.0113239
24.955 0.0188247 0.0131656 -0.014788 0.0615278 -0.149708 -0.0121564 -0.938792 1.57136 -0.0148442 3.4113 -4.97549 -0.01371
25.005 0.00482819 -0.00317786 0.00954567 0.0480136 -0.175935 0.012055 0.139086 -0.190831 0.00230038 2.39597 -2.54459 0.00596586
25.055 -0.00240449 -0.00734977 0.0152356 0.0242626 -0.145842 0.0154031 1.15385 -1.79401 0.00862 -0.505759 3.08364 0.0175168
25.105 -0.0115611 -0.00714856 -0.00563006 -0.0145568 -0.073675 -0.00917134 1.5351 -2.31513 -0.00704008 -2.40178 6.0394 0.00484231
25.155 -0.0136251 -0.00497012 -0.0150143 -0.0519477 0.0162052 -0.0176066 1.11573 -1.39164 -0.0111748 -1.55119 3.12054 -0.0101207
25.205 0.0308857 -0.00975612 0.00757464 -0.0354367 0.0886127 0.00518246 0.232019 0.493379 0.00727221 0.877414 -3.02381 -0.00782173
25.255 0.0217557 -0.00829405 0.0155833 -0.0618098 0.133597 0.0131562 -0.672297 2.2092 0.0135025 2.07267 -6.37019 0.00113732
25.305 -0.0181023 -0.0141983 -0.00591603 -0.0998789 0.12596 -0.00733859 -0.990675 2.78595 -0.00626767 0.609541 -3.69352 0.00388577
25.355 -0.0249372 -0.00936167 -0.0168395 -0.0874153 0.0849922 -0.016694 -0.715313 1.84606 -0.0147792 -2.02582 2.13272 0.00455445
25.405 -0.0174559 -0.00618174 0.00512869 -0.0355677 0.0108438 0.00615893 -0.0216417 -0.0961476 0.00464172 -3.08304 5.30646 0.00458892
25.455 -0.0164491 -0.00502584 0.016604 0.00620265 -0.0715064 0.0184462 0.717989 -2.04371 0.0144877 -1.25181 2.76661 -0.00436855
25.505 -0.0164703 -0.00565575 -0.00408508 0.0430279 -0.137511 -0.00188083 0.962948 -2.85216 -0.00191012 1.87139 -2.56971 -0.0162266
25.555 -0.0122125 0.0222485 -0.0160003 0.0736414 -0.127978 -0.01471 0.587225 -2.12283 -0.0127609 3.43986 -4.92998 -0.00895951
25.605 0.0193445 0.0341275 0.00339366 0.101703 -0.107453 0.00390863 -0.277521 -0.335635 0.00202957 2.01152 -1.71743 0.0142217
25.655 -0.00665547 0.0284309 0.0159706 0.0574964 -0.0471968 0.016005 -1.16978 1.53415 0.0130691 -0.908161 3.84269 0.0218663
25.705 -0.00932868 0.0221267 -0.00312889 0.0276136 0.0389111 -0.00462 -1.49725 2.36518 -0.000105556 -2.38931 5.94382 0.00147016
25.755 0.0176738 0.0178876 -0.0167742 0.0171204 0.124811 -0.0190493 -1.03074 1.76434 -0.0107964 -1.20162 2.22415 -0.0177599
25.805 0.0437393 0.0142326 0.00108664 0.0107916 0.186792 -0.00154461 0.0474236 0.106694 0.00239159 1.21869 -3.83716 -0.0105053
25.855 0.0227349 0.0117154 0.0160522 -0.0279493 0.206504 0.0138938 1.06138 -1.6277 0.0114668 2.00404 -6.332 0.0072538
25.905 0.00621807 -0.0179534 -0.000626659 -0.0470671 0.151082 -0.00105507 1.53652 -2.33375 -0.00536248 0.220859 -2.87718 0.00951767
25.955 -0.012772 -0.0473745 -0.0166984 -0.042996 0.0544106 -0.0156198 1.28122 -1.58692 -0.0188938 -2.35306 2.89052 5.40662e-05
26.005 -0.0358791 -0.039094 -0.000920882 -0.045303 -0.0433857 0.000382499 0.335173 0.205044 -0.00156207 -3.02009 5.25654 -0.00432138
26.055 0.00749389 -0.00947848 0.0169855 0.0320056 -0.108222 0.0190961 -0.601998 2.05306 0.0156265 -0.808689 2.02364 -0.00355974
26.105 0.00651893 0.00418744 -0.000290059 0.0544353 -0.157026 0.0018495 -1.10713 2.81636 0.00716982 2.26039 -3.19451 -0.00564934
26.155 0.0187764 0.00884655 -0.0150579 0.0680486 -0.176449 -0.0133018 -0.879984 2.04758 -0.00746049 3.39393 -4.73989 -0.00259503
26.205 0.0133979 0.0108819 -0.00187831 0.0506533 -0.14748 -0.000472028 -0.042883 0.130336 -0.00218139 1.6281 -0.911962 0.00816597
26.255 -0.0389969 0.00828281 0.0158291 -0.0220464 -0.0824058 0.0161447 0.673203 -1.84859 0.00819066 -1.22715 4.44998 0.0114647
26.305 -0.0502723 0.00952847 0.00283423 -0.0748452 0.00522346 0.00160267 1.0437 -2.83962 -0.00293817 -2.38811 5.71343 -0.000415347
26.355 -0.0351324 0.00907774 -0.0153236 -0.0908878 0.0866103 -0.0174015 0.592194 -2.30391 -0.0145577 -0.878649 1.32109 -0.00998617
26.405 -0.0240021 0.00664027 -0.00398009 -0.0989851 0.137519 -0.00629651 -0.219491 -0.560637 2.83721e-05 1.41506 -4.5034 -0.0015691
26.455 0.0315134 0.00492577 0.0150231 -0.0462692 0.14612 0.0132199 -1.07628 1.32965 0.018583 1.85548 -6.14782 0.00845515
26.505 0.0374656 0.00140189 0.00463784 -0.0241247 0.10813 0.00394604 -1.38951 2.34253 0.00897486 -0.128169 -2.07465 0.00111713
26.555 0.00952658 -0.00269532 -0.0144992 -0.0174504 0.037506 -0.0137976 -1.0893 1.89812 -0.0114539 -2.56694 3.54152 -0.0109438
26.605 0.0386265 -0.00380994 -0.00495728 0.0521228 -0.0423615 -0.00290812 -0.115695 0.323263 -0.0087469 -2.83592 5.10013 -0.00620084
26.655 0.0126617 -0.00619723 0.014304 0.0609136 -0.110007 0.0167633 0.85907 -1.41886 0.00561228 -0.352938 1.29082 0.00788146
26.705 0.0100325 -0.00744747 0.00604348 0.0822487 -0.143483 0.00841759 1.47298 -2.3206 0.00178828 2.5614 -3.70722 0.00810335
26.755 0.0219616 -0.00682418 -0.0137655 0.0996022 -0.131152 -0.0122346 1.33012 -1.73765 -0.0101664 3.32984 -4.4876 -0.00383354
26.805 0.0168496 -0.00427323 -0.00680167 0.0807254 -0.0755968 -0.0065836 0.520407 -0.0287918 -0.00246883 1.27224 -0.1388 -0.00680602
26.855 0.0257898 -0.000433843 0.012902 0.061657 0.00742224 0.0117258 -0.389572 1.82062 0.013302 -1.54055 4.9384 0.00116635
26.905 -0.00458863 0.00169244 0.00633776 -0.00502509 0.0919276 0.00378281 -0.9797 2.76546 0.00568025 -2.31512 5.38225 0.00506048
26.955 -0.0183694 0.00605093 -0.0123701 -0.0498474 0.156136 -0.015294 -0.959625 2.21204 -0.0130261 -0.609894 0.450746 0.00250532
27.005 -0.0172035 0.00908277 -0.0083369 -0.061632 0.180957 -0.0111907 -0.306193 0.443135 -0.00956508 1.58226 -5.08571 0.00255764
27.055 -0.0417483 0.0114748 0.0124009 -0.0874758 0.156958 0.0106011 0.525082 -1.60707 0.00886039 1.69303 -5.86646 0.00202209
27.105 -0.0310797 0.0125922 0.00894102 -0.0624232 0.0904539 0.00845768 0.91505 -2.77673 0.00908637 -0.534114 -1.21038 -0.00645697
27.155 -0.0412711 0.012024 -0.0111106 -0.0470027 -0.000537977 -0.0101008 0.758951 -2.44153 -0.00624234 -2.79162 4.12516 -0.0121075
27.205 -0.0355922 0.0102086 -0.00907789 -0.0140808 -0.0909148 -0.00696489 -0.137944 -0.837256 -0.00541048 -2.62896 4.83446 -0.00130397
27.255 -0.0416722 0.006854 0.0111074 -0.000539971 -0.156495 0.0137246 -0.988501 1.12468 0.00964331 0.113249 0.49292 0.0135376
27.305 -0.0286735 0.00273833 0.00993078 0.0176593 -0.179324 0.0123523 -1.49864 2.29159 0.0084093 2.91126 -4.1803 0.00902013
27.355 -0.0376919 -0.00157472 -0.0102322 -0.00320486 -0.153935 -0.00868956 -1.1816 2.04476 -0.00745237 3.19667 -4.124 -0.0084762
27.405 -0.0345501 -0.00586657 -0.0104855 -0.0264201 -0.0888467 -0.0101716 -0.228671 0.55094 -0.00734711 0.820434 0.736053 -0.0114856
27.455 -0.0116792 -0.00958429 0.00906208 -0.0375033 -0.00263628 0.00844381 0.831277 -1.25396 0.00747089 -1.83368 5.38889 0.00303175
27.505 -0.00358098 -0.00258787 0.0106029 -0.0613953 0.0861607 0.00896133 1.46316 -2.26401 0.00591486 -2.18413 4.9132 0.0109484
27.555 -0.00576538 -0.00139052 -0.00924282 -0.0956147 0.141025 -0.0111701 1.40946 -1.89772 -0.0118555 -0.280826 -0.505465 0.00242934
27.605 0.0173977 -0.00688205 -0.0070419 -0.0435016 0.142302 -0.00539619 0.679711 -0.283791 -0.0134235 1.75763 -5.60479 -0.00535034
27.655 0.0255084 -0.00933995 0.00798878 -0.0428924 0.114602 0.00548579 -0.334157 1.63386 0.00640689 1.53165 -5.43923 -0.00304301
27.705 0.0303217 -0.00392954 0.0130104 1.80953e-05 0.0452792 0.0126739 -0.962378 2.73842 0.0124849 -0.884547 -0.278859 0.000876344
27.755 0.0108579 0.000782302 -0.00823291 0.0247588 -0.035426 -0.0072173 -0.902313 2.36039 3.08596e-05 -2.90252 4.62083 -0.0012209
27.805 0.0278784 0.00458214 -0.0112027 0.0790306 -0.103864 -0.00876116 -0.280764 0.679001 -0.00631711 -2.30679 4.40879 -0.000463575
27.855 0.0429016 0.00808863 0.00699475 0.119943 -0.140142 0.00935191 0.52905 -1.38559 0.00442068 0.633821 -0.383145 0.00291561
27.905 0.0231193 0.0105643 0.0119698 0.108266 -0.132353 0.0136148 0.976705 -2.71299 0.0061606 3.14987 -4.55939 -8.04259e-05
27.955 0.02594 0.0114739 -0.0059896 0.0994001 -0.0817347 -0.00562132 0.788442 -2.5701 -0.0087119 2.93359 -3.58348 -0.00625009
28.005 0.0230114 0.0108453 -0.0125331 0.0692117 -0.00229579 -0.0135947 0.0337398 -1.07214 -0.0100167 0.316278 1.6618 -0.00132833
28.055 0.0193748 0.00904928 0.00505123 0.0309183 0.0835133 0.00282713 -0.965404 0.89396 0.0085543 -2.12767 5.74019 0.0107581
28.105 0.0304293 0.00595291 0.0122027 0.0096346 0.150481 0.00939122 -1.43637 2.22335 0.0160462 -2.04041 4.28316 0.00814173
28.155 0.0469115 0.002277 -0.00484642 0.00473664 0.1791 -0.00747098 -1.29936 2.16106 -0.000599769 0.158479 -1.51576 -0.00902156
28.205 0.0418614 -0.00131293 -0.0129115 -0.00565141 0.160477 -0.0146411 -0.4584 0.799246 -0.0128167 1.90833 -6.01485 -0.0147293
28.255 0.0414342 -0.0293191 0.00428335 -0.00117875 0.0673053 0.00327661 0.682238 -1.0343 -0.00354254 1.23123 -4.84277 0.00113226
28.305 0.0261105 -0.0326611 0.0128412 0.000904826 -0.0197882 0.0138693 1.42381 -2.2288 0.00390866 -1.33329 0.688268 0.0155912
28.355 0.00597327 -0.0340911 -0.00299682 0.0066561 -0.102676 -0.00176269 1.40784 -2.01787 -0.00451573 -3.01997 4.9847 0.00836656
28.405 -0.00509768 -0.0309475 -0.0127677 0.0345362 -0.171736 -0.0102684 0.752766 -0.518619 -0.00731073 -1.96191 3.84522 -0.00760278
28.455 -0.0328911 -0.00192492 0.00472165 0.0306029 -0.193174 0.0128684 -0.241777 1.4111 0.00762129 1.08317 -1.24003 -0.0119345
28.505 -0.0231566 -0.00925551 0.011209 0.00649744 -0.161778 0.0150017 -0.948675 2.67208 0.0146309 3.30018 -4.76994 -0.00451938
28.555 -0.0483066 -0.00711035 -0.000835108 -0.0428889 -0.0998499 0.000385222 -1.09219 2.49864 -0.00153386 2.58606 -2.89988 0.00342796
28.605 -0.0491813 -0.0016755 -0.013575 -0.0700781 -0.0187682 -0.0148696 -0.444064 0.936428 -0.013139 -0.153682 2.53486 0.00831946
28.655 -0.0237474 0.0018945 0.000903323 -0.0746258 0.0630305 -0.00114138 0.430523 -1.15298 -0.00330016 -2.20979 5.883 0.00979843
28.705 -0.0362068 0.00445265 0.0126153 -0.107614 0.120288 0.0102501 0.963594 -2.61533 0.00848399 -1.73347 3.5057 0.000363431
28.755 -0.0527095 0.00602822 -9.09188e-05 -0.12757 0.13646 -0.0018731 0.900336 -2.67279 0.00196265 0.526901 -2.46679 -0.0142922
28.805 -0.0374026 0.00584671 -0.0125668 -0.0974322 0.108007 -0.0133367 0.20145 -1.32285 -0.006953 1.96824 -6.22158 -0.013049
28.855 -0.00716029 0.0194227 -0.000950958 -0.0401564 0.0556049 0.000548134 -0.744399 0.655386 0.00196488 0.93559 -4.14178 0.00695731
28.905 0.0101078 0.0348663 0.0135647 0.0244103 0.0021253 0.0148567 -1.37215 2.10922 0.0103661 -1.66647 1.57428 0.0192376
28.955 0.00719939 0.0325671 0.001652 0.0671611 -0.063215 0.00401108 -1.24228 2.23655 -0.000364445 -3.06027 5.17097 0.00617648
29.005 0.00566682 0.0258622 -0.012038 0.0860564 -0.119561 -0.0107299 -0.518119 1.00965 -0.0108494 -1.58651 3.21364 -0.0132105
29.055 0.0121081 0.0154758 -0.00147685 0.0798896 -0.111473 0.000438233 0.473196 -0.813316 -0.0018371 1.51406 -1.98826 -0.0130941
29.105 0.012767 0.0122021 0.0118826 0.0804089 -0.0663552 0.0125329 1.30562 -2.1173 0.00965092 3.41031 -4.81802 0.00128844
29.155 0.0153548 0.0102915 0.00272098 0.0598653 0.00870737 0.00201252 1.46771 -2.11315 0.000469114 2.30361 -2.20096 0.00832369
29.205 0.0302858 0.00913279 -0.012197 0.0405683 0.0935007 -0.0143429 0.925752 -0.77525 -0.0123633 -0.519743 3.2632 0.00400711
29.255 0.0394335 0.0103247 -0.0037607 0.0193143 0.16286 -0.00659477 -0.0251478 1.16644 -0.0046406 -2.29217 5.85768 0.00013325
29.305 0.0399011 -0.0148259 0.0113044 0.00179183 0.168065 0.00862296 -0.815194 2.56431 0.00907188 -1.48769 2.72151 -0.000938501
29.355 0.00732388 -0.0373012 0.00339986 -0.0382085 0.126828 0.00131308 -1.02752 2.60231 0.00612008 0.794812 -3.23977 -0.0038895
29.405 -0.018484 -0.0352955 -0.0115318 -0.0551514 0.071747 -0.0124305 -0.648802 1.21117 -0.00515382 1.89215 -6.24057 -0.00332469
29.455 -0.0160535 -0.0182363 -0.0046906 -0.0163774 -0.00421208 -0.00434726 0.189563 -0.850769 -0.00179513 0.518692 -3.39719 0.0033821
29.505 0.00277502 -0.00584718 0.0120348 0.0202284 -0.086335 0.0151686 0.841275 -2.46256 0.00757889 -2.02787 2.32681 0.00703991
29.555 0.00740469 -0.00497057 0.00472765 0.0446521 -0.154673 0.0080193 0.869167 -2.75465 0.000671945 -3.00238 5.19936 -0.000579562
29.605 -0.00849512 0.00865471 -0.0100694 0.0378122 -0.17406 -0.00694089 0.321674 -1.55258 -0.0109041 -1.13141 2.55893 -0.00844192
29.655 -0.0332281 0.0155874 -0.00329868 0.00102194 -0.148933 0.00328456 -0.65205 0.386566 -0.00310186 1.94273 -2.62447 -0.00218813
29.705 -0.0311222 0.0157864 0.0100422 -0.0109471 -0.0954655 0.0106639 -1.31333 1.98356 0.0132004 3.45808 -4.73799 0.00762247
29.755 -0.0393663 0.0118499 0.00667917 -0.054245 -0.0138474 0.00563836 -1.40508 2.307 0.010406 1.97963 -1.48139 0.00344594
29.805 -0.0463198 0.00803041 -0.0100383 -0.0939364 0.0680572 -0.0122289 -0.652598 1.216 -0.00635951 -0.914806 3.8609 -0.00812653
29.855 -0.0440235 0.00453291 -0.00662114 -0.114095 0.127076 -0.00902281 0.434228 -0.60014 -0.00984566 -2.38257 5.71148 -0.0064735
29.905 -0.00434189 -0.0162594 0.00935619 -0.0819116 0.130387 0.00702841 1.29816 -2.05783 -3.99855e-05 -1.23179 1.90023 0.00637378
29.955 0.0281877 -0.02514 0.00623302 -0.041284 0.0994774 0.00477926 1.51772 -2.20497 0.000194655 1.06737 -3.93608 0.010102
30.005 0.0264985 -0.026296 -0.008983 -0.0123623 0.0403053 -0.00936065 0.987925 -0.983437 -0.00780208 1.83639 -6.15886 0.00105092
30.055 0.0288615 -0.0256158 -0.00719413 0.0270825 -0.0368502 -0.00618981 0.0443726 0.953769 -0.00176801 0.200656 -2.62492 -0.00675614
30.105 0.0316648 -0.024052 0.00890426 0.0661839 -0.107824 0.0108758 -0.797291 2.47353 0.0127612 -2.23453 3.00559 -0.00470983
30.155 0.0219897 -0.0210759 0.00779476 0.084259 -0.150505 0.0101317 -1.0077 2.67183 0.00961192 -2.80142 5.12165 -0.000524308
30.205 0.0220403 -0.0168776 -0.00753493 0.0963274 -0.151341 -0.00566276 -0.571859 1.41343 -0.00800452 -0.665714 1.83952 0.000531238
30.255 0.00752318 -0.0123948 -0.00782396 0.0757065 -0.109324 -0.00705444 0.203659 -0.652573 -0.0115398 2.28913 -3.2091 0.00349493
30.305 0.0123079 -0.00658523 0.00717834 0.0603643 -0.0316652 0.00654942 0.838865 -2.34843 0.00205134 3.33163 -4.55262 0.00507474
30.355 0.0240144 0.00194542 0.00847113 0.0419698 0.0599287 0.0064231 0.926137 -2.77612 0.00681437 1.55619 -0.679844 -0.00215483
30.405 0.0188946 0.00756193 -0.00695021 0.00472233 0.127235 -0.00998623 0.304215 -1.73347 -0.00174474 -1.26547 4.45983 -0.00957964
30.455 0.0395677 0.00666674 -0.00923267 0.00516473 0.165 -0.0124231 -0.544115 0.177375 -0.00220767 -2.35861 5.47336 -0.00308845
30.505 0.0411708 0.00503552 0.00609636 -0.000147359 0.156833 0.00358427 -1.27642 1.83436 0.00801391 -0.906914 1.02464 0.00989112
30.555 0.0484594 0.0081182 0.00897986 0.0149033 0.118395 0.00776834 -1.37818 2.35315 0.00693699 1.30854 -4.6126 0.00994391
30.605 0.0289041 0.018042 -0.00621193 0.00863931 0.0475094 -0.00563967 -0.809986 1.42043 -0.00715111 1.74866 -5.96238 -0.0033882
30.655 0.0239904 0.0233546 -0.00928051 0.0333499 -0.0420412 -0.00731654 0.229776 -0.337386 -0.00990285 -0.194009 -1.77709 -0.0101232
30.705 0.0204066 0.0191543 0.00546184 0.0500529 -0.110579 0.00848198 1.17373 -1.8728 0.00332417 -2.48899 3.66755 -0.00175137
30.755 0.0119326 0.0157658 0.00955924 0.0525694 -0.1457 0.012827 1.48757 -2.27157 0.00800566 -2.66118 4.93985 0.00573179
30.805 0.00824948 0.0141751 -0.00422291 0.0387747 -0.13402 -0.00150232 1.0881 -1.22022 -0.00394945 -0.211641 1.03373 0.000798825
30.855 0.0147621 0.013959 -0.0094319 0.0284291 -0.0823054 -0.00782411 0.177787 0.662942 -0.00925593 2.63903 -3.77466 -0.00508962
30.905 -0.0140119 0.00906295 0.00790091 -0.0363087 -0.0109472 0.00335421 -0.714802 2.31149 0.00118974 3.22586 -4.25766 -0.00190505
30.955 -0.0069715 0.0106589 0.0099021 -0.0614275 0.0691047 0.00628409 -1.07339 2.73482 0.00775126 1.08225 0.200859 0.00315592
31.005 -0.0258674 0.011653 -0.00230922 -0.0890333 0.131528 -0.00474904 -0.725616 1.65758 -0.00191985 -1.6143 5.01267 0.003776
31.055 -0.033244 0.0150335 -0.0109697 -0.104052 0.155304 -0.013708 0.0479518 -0.338539 -0.00525756 -2.28266 5.08546 0.00205096
31.105 -0.028372 0.0188205 0.00276364 -0.0896824 0.135873 0.000893233 0.776161 -2.19496 0.0036795 -0.507161 0.0351216 0.00147565
31.155 -0.0330032 0.0221801 0.0097647 -0.0670355 0.0802594 0.00895297 0.986004 -2.83814 0.00679664 1.56391 -5.2497 -0.00239632
31.205 -0.00836547 0.0246634 -0.00242924 -0.00610051 0.00531106 -0.0018036 0.548338 -1.96979 -0.00386497 1.59262 -5.62856 -0.00679519
31.255 -0.035143 0.0259213 -0.00994913 0.00336635 -0.0660055 -0.00817993 -0.433887 -0.10782 -0.00872025 -0.599893 -0.829296 -0.00205647
31.305 -0.0396084 0.0235746 0.0019429 0.0247987 -0.11676 0.0043627 -1.24457 1.68563 0.00416894 -2.73064 4.26887 0.00873397
31.355 -0.0472055 -0.0212998 0.0103427 0.03398 -0.153476 0.0128161 -1.44275 2.36889 0.0129913 -2.40256 4.61609 0.00787995
31.405 -0.023936 -0.0217639 -0.000894695 0.0469009 -0.117121 0.000890243 -0.887916 1.61335 0.00210113 0.325795 0.178856 -0.00819602
31.455 -0.0158664 -0.0267281 -0.0104958 0.0265127 -0.0513445 -0.010411 0.144391 -0.116962 -0.00853349 2.95085 -4.21728 -0.0165968
31.505 -0.00601022 -0.0364143 0.00059963 0.018512 0.0168485 -0.000926731 1.131 -1.71006 -0.00544474 3.02243 -3.80376 -0.00271923
31.555 -0.0161278 -0.042293 0.00978863 -0.0326225 0.0911828 0.00711589 1.53229 -2.28705 0.000514251 0.591005 1.10302 0.0148215
31.605 0.00122459 -0.0437981 -0.000131649 -0.0589496 0.1304 -0.00310939 1.14385 -1.39628 -0.00475201 -1.91245 5.42595 0.0150627
31.655 0.00953347 -0.041201 -0.0105263 -0.0427921 0.126945 -0.0133923 0.26967 0.446046 -0.00688033 -2.11246 4.53652 0.000650725
31.705 0.0127495 -0.0376251 -0.000506923 -0.033229 0.0809018 -0.00194838 -0.625243 2.14194 0.00543598 -0.101356 -0.952314 -0.0100985
31.755 0.0267156 -0.0314179 0.00986195 0.014243 0.0176848 0.00974332 -1.03438 2.74697 0.0142301 1.74949 -5.71299 -0.00937666
31.805 0.0471629 -0.0111813 0.00112115 0.0570228 -0.0419369 0.00252543 -0.777059 1.8435 0.003378 1.33488 -5.13759 -0.00220261
31.855 0.0516258 0.0114249 -0.00969858 0.0768263 -0.0979132 -0.00681161 0.00936966 -0.0932898 -0.0103212 -1.02852 0.125546 0.005858
31.905 0.0356232 0.0302368 -0.000990102 0.0755396 -0.152992 0.00256826 0.71773 -2.00885 -0.00604595 -2.89258 4.70325 0.00978855
31.955 0.0209377 0.0421397 0.00923252 0.051683 -0.128518 0.0120317 0.954294 -2.83542 0.0045009 -2.07496 4.14844 0.00252247
32.005 0.00150711 0.0322959 0.00255808 0.0245235 -0.0915372 0.00446235 0.527251 -2.15316 0.00299018 0.80513 -0.653225 -0.0120343
32.055 0.0186936 0.0120009 -0.00902948 0.0106729 -0.0365804 -0.0085691 -0.316388 -0.352089 -0.00279646 3.13185 -4.51512 -0.0145996
32.105 0.00880568 0.00071357 -0.00272381 -0.0318449 0.0310862 -0.00356455 -1.14858 1.47907 0.00280011 2.74681 -3.25103 0.001993
32.155 -0.0169733 -0.015648 0.00901448 -0.0685345 0.0881256 0.00799026 -1.44377 2.35361 0.00879846 0.126855 1.93343 0.0174051
32.205 -0.0173511 -0.0134431 0.00227859 -0.102652 0.113078 0.000134769 -1.00543 1.78351 -0.000551865 -2.07137 5.6125 0.011712
32.255 -0.0100236 -0.0169216 -0.00917563 -0.0772674 0.0994595 -0.0113824 -0.0291376 0.127935 -0.0119975 -1.85733 3.8653 -0.00523426
32.305 -0.00682486 -0.0210668 -0.00365481 -0.0434503 0.0486904 -0.00511326 1.00714 -1.58678 -0.00634265 0.245562 -1.82716 -0.0107548
32.355 -0.00868237 -0.0245905 0.00854558 -0.0146062 -0.023748 0.0084553 1.51871 -2.28348 0.00661299 1.80561 -5.96283 -0.00247904
32.405 -0.0247697 -0.0237221 0.00388724 0.00662582 -0.093501 0.00509189 1.25518 -1.56131 0.00521755 1.00455 -4.49211 0.0040534
32.455 -0.0192627 -0.0237573 -0.00817719 0.0366568 -0.136054 -0.00591824 0.406246 0.191674 -0.00446626 -1.42227 0.969726 0.00174856
32.505 -0.0294145 -0.0250662 -0.0040227 0.0397789 -0.14529 -0.00164057 -0.559786 2.01414 -0.0029414 -2.90213 4.93926 -0.00160839
32.555 -0.0164988 -0.00764643 0.00823594 0.0509145 -0.0887532 0.0099759 -1.04351 2.75675 0.0054633 -1.70607 3.59411 -0.00215044
32.605 -0.0245545 0.0021139 0.00484916 0.0270974 -0.0113036 0.00549678 -0.842618 2.0185 0.0027041 1.25097 -1.38208 -0.00290127
32.655 -0.03116 0.010214 -0.00760541 -0.00597084 0.0607908 -0.00835889 -0.146439 0.17548 -0.00632391 3.25027 -4.62872 -0.00176968
32.705 -0.0138972 0.0155183 -0.0053586 -0.0220823 0.132228 -0.00740965 0.694396 -1.79578 -0.00325297 2.49337 -2.60414 0.00387144
32.755 -0.0144973 0.0172482 0.00699677 -0.0420885 0.178168 0.00419416 1.02434 -2.80056 0.00636392 -0.227402 2.65129 0.00701031
32.805 -0.0223945 0.0201291 0.00505708 -0.0588704 0.178315 0.00226073 0.670327 -2.29402 0.00391825 -2.20755 5.66531 0.000684317
32.855 -0.0294271 0.0245457 -0.007539 -0.0573988 0.13994 -0.00935098 -0.19258 -0.609744 -0.0065999 -1.67863 3.14354 -0.00580417
32.905 -0.0284334 0.0314397 -0.00601205 -0.038305 0.0679246 -0.00646479 -1.11873 1.29195 -0.00435047 0.504348 -2.64304 -0.00117148
32.955 -0.00258977 0.0323564 0.00654136 -0.0016757 -0.0204263 0.00761239 -1.4761 2.30685 0.00814609 1.83959 -6.06796 0.00726964
33.005 0.00123918 0.0296392 0.00625687 0.0319877 -0.095863 0.00843296 -1.08796 1.90761 0.00888899 0.702081 -3.80878 0.00379009
33.055 0.00205934 0.0269038 -0.00609525 0.0438898 -0.139297 -0.00294327 -0.115352 0.370436 -0.00248197 -1.71279 1.73215 -0.0083699
33.105 -0.00388374 0.0227634 -0.00618975 0.0336926 -0.140803 -0.00303837 0.883014 -1.37825 -0.00659747 -2.84933 5.03775 -0.0109246
33.155 0.00509871 0.0144852 0.00612166 0.0208226 -0.102402 0.00862424 1.45654 -2.28529 -0.000431905 -1.30807 2.96632 -7.58874e-05
33.205 0.0268583 -0.0196954 0.00278213 0.0173949 -0.0535012 0.00260731 1.33911 -1.76216 -0.000573853 1.67998 -2.07068 0.00870127
33.255 0.0243824 -0.0146821 -0.00452095 -0.0111454 0.0195647 -0.00412988 0.556506 -0.0854653 -0.00713904 3.31658 -4.61818 0.00547082
33.305 0.0338882 -0.0186125 -0.00718017 -0.0300778 0.089198 -0.0086967 -0.400234 1.77394 -0.00399942 2.12562 -1.90362 -0.00119331
33.355 0.0341411 -0.0189528 0.00484716 -0.0405268 0.122392 0.00258997 -1.00647 2.77244 0.00963615 -0.636035 3.33976 -0.00270125
33.405 0.0205167 -0.0171145 0.00662399 -0.0472236 0.112098 0.0041443 -0.949103 2.24649 0.0106062 -2.34789 5.62822 -0.00175747
33.455 0.04309 -0.0145932 -0.00455031 -0.00237538 0.0646118 -0.00627502 -0.241762 0.46255 -0.00325257 -1.41581 2.37642 -0.00088742
33.505 0.0545679 -0.0114777 -0.00739235 0.042335 -0.00578319 -0.00794412 0.534573 -1.57907 -0.0102332 0.837976 -3.40893 0.00333951
33.555 0.0319158 -0.00741905 0.00422961 0.0558326 -0.0770918 0.00495004 0.974518 -2.76082 -0.00157358 1.82876 -6.09701 0.00572208
33.605 0.025444 -0.00319713 0.00781372 0.0793617 -0.127358 0.00950373 0.760981 -2.45261 0.00446296 0.382577 -3.08771 -0.00021065
33.655 -0.00255823 0.028829 -0.00331707 0.0685306 -0.109235 -0.00109359 -0.0634292 -0.85594 0.000515939 -2.00218 2.49043 -0.00863653
33.705 -0.019989 0.02856 -0.00670016 0.0533819 -0.0864429 -0.0053546 -0.949696 1.0849 0.000389446 -2.78016 5.08156 -0.00703821
33.755 -0.00575046 0.028817 0.00394295 0.0484823 -0.0243772 0.004385 -1.41544 2.2704 0.00769389 -0.878437 2.28659 0.00351363
33.805 -0.0179817 0.0150365 0.0079481 0.00700058 0.0416881 0.00738514 -1.19498 2.02176 0.00633362 2.08089 -2.73691 0.00762077
33.855 -0.0045347 -0.000211134 -0.00295398 -0.00551083 0.098683 -0.00486567 -0.264286 0.587015 -0.00675102 3.30377 -4.54097 9.79695e-05
33.905 -0.00585653 -0.00518731 -0.00775634 -0.0311448 0.147107 -0.0104983 0.792325 -1.19403 -0.0126785 1.72468 -1.14209 -0.00485751
33.955 0.00301618 -0.0155593 0.00226488 -0.0354179 0.146826 -0.000800791 1.44117 -2.22538 -0.00194398 -1.04855 4.00806 0.000894769
34.005 0.00710044 -0.0232271 0.0072165 -0.0266367 0.103265 0.00520507 1.36337 -1.85493 0.00683029 -2.36988 5.49722 0.00629759
34.055 0.0060915 -0.0269356 -0.00220987 -0.0146551 0.0323449 -0.00286031 0.617968 -0.302616 0.00193352 -1.09171 1.4852 0.00149732
34.105 0.000426508 -0.0297004 -0.0082297 1.1653e-05 -0.0528931 -0.00733661 -0.331528 1.56711 -0.00320825 1.12848 -4.1751 -0.00551547
34.155 0.018593 -0.0190475 0.00153978 0.0436602 -0.115538 0.00430661 -0.952299 2.66081 0.00184147 1.75247 -6.01452 -0.00469898
34.205 0.00308057 -0.0054169 0.0073786 0.0367893 -0.149531 0.0104553 -0.944298 2.34256 0.0047523 0.051578 -2.25731 0.00115563
34.255 -0.0148649 -0.00110815 -0.00178193 0.0127752 -0.151196 0.00236652 -0.375573 0.720453 -0.00281909 -2.31383 3.24821 0.00399448
34.305 -0.0275563 0.00306466 -0.00266301 -0.0137829 -0.113612 -0.00499456 0.44926 -1.3459 -0.00698965 -2.6943 5.01131 0.00291316
34.355 -0.0443236 0.0062978 0.00163153 -0.0415576 -0.0456628 0.000468634 0.896241 -2.67601 0.000644755 -0.45086 1.5277 7.32719e-05
34.405 -0.0174864 0.0094904 0.00763976 -0.048007 0.0339907 0.00699601 0.773233 -2.56734 0.00908496 2.4468 -3.36474 -0.0045866
34.455 -0.0168257 0.0132824 -0.000284632 -0.0711909 0.101457 -0.00191092 0.0678435 -1.09925 0.000285584 3.26218 -4.36693 -0.0072666
34.505 -0.0314838 0.00892229 -0.00828826 -0.0946551 0.132737 -0.0103767 -0.849818 0.841463 -0.00655431 1.30984 -0.305375 -0.00166523
34.555 -0.0279273 -0.000397001 -0.000670893 -0.0880586 0.115123 -0.003135 -1.37726 2.18045 -0.000251882 -1.44732 4.62691 0.0112569
34.605 -0.029664 -0.00278161 0.0071055 -0.0687071 0.0718343 0.00510481 -1.25639 2.17192 0.0078054 -2.31574 5.20703 0.0123924
34.655 0.00120226 -0.00934936 0.000149611 -0.0125005 -0.00532562 8.51903e-06 -0.431672 0.823069 0.00233957 -0.706011 0.561744 -0.00319884
34.705 0.00235615 -0.00945769 -0.00779248 0.035991 -0.0715801 -0.00688049 0.639525 -0.961039 -0.00564027 1.41181 -4.86223 -0.0162983
34.755 0.00123777 -0.0122825 -0.000999487 0.0588934 -0.125071 0.000729071 1.4186 -2.16958 -0.00307904 1.63945 -5.76707 -0.00954618
34.805 0.0117183 -0.0145281 0.00779661 0.0766702 -0.144566 0.00997361 1.47319 -2.01841 0.00153203 -0.358933 -1.33875 0.00790729
34.855 -0.000328856 -0.0105151 0.00190281 0.0646133 -0.118198 0.00398695 0.794973 -0.550252 -0.00303789 -2.58004 3.89853 0.0142916
34.905 0.0130911 -0.0106108 -0.00735702 0.0650967 -0.0527847 -0.00608589 -0.177517 1.37296 -0.00710435 -2.48092 4.77641 0.00470593
34.955 0.0233469 -0.0124574 -0.00171662 0.0496067 0.0251809 -0.00170009 -0.920764 2.63143 0.00109134 0.0645418 0.710932 -0.00747518
35.005 0.0387686 -0.0113249 0.00699006 0.0349897 0.0978857 0.00561867 -1.00728 2.45973 0.0108461 2.77764 -3.87668 -0.0107312
35.055 0.0293697 -0.0102704 0.00191087 0.00174808 0.147526 -0.000524772 -0.443962 0.948715 0.00523961 3.11837 -3.99406 -0.00516828
35.105 0.016123 -0.00792392 -0.00727377 -0.0238304 0.158135 -0.010152 0.381605 -1.10981 -0.00653687 0.844419 0.534364 0.00454413
35.155 0.0219475 -0.00444767 -0.0029894 -0.0163265 0.125388 -0.00553623 0.945535 -2.57748 -0.00612977 -1.71697 5.04824 0.0118447
35.205 0.0128657 -0.00100177 0.00655463 -0.0110667 0.0575435 0.00504177 0.826434 -2.6665 0.00189276 -2.19512 4.74465 0.00760821
35.255 0.0101825 0.00218805 0.00301975 0.00797127 -0.0267965 0.00297431 0.140723 -1.34528 0.00273239 -0.388465 -0.36972 -0.00670802
35.305 0.0121388 0.00491256 -0.00638033 0.0315462 -0.104516 -0.00492019 -0.785382 0.620979 -0.000472851 1.57983 -5.3456 -0.0137894
35.355 0.00486875 0.00667034 -0.00303268 0.0383986 -0.15464 -0.000437233 -1.42272 2.06875 0.00377357 1.42097 -5.33812 -0.00356863
35.405 0.0169824 0.0239399 0.00716892 0.049148 -0.144582 0.0100926 -1.28244 2.23534 0.00859878 -0.762556 -0.461313 0.0105288
35.455 0.00331455 0.0239637 0.00413928 0.0209942 -0.105741 0.00699992 -0.53637 1.04735 0.000670018 -2.71261 4.34948 0.00981982
35.505 -0.0100617 0.025862 -0.00579163 -0.0167781 -0.0435727 -0.00392309 0.496727 -0.774023 -0.0117887 -2.21667 4.38824 -0.00291413
35.555 -0.00400867 0.0224655 -0.00381605 -0.0357273 0.0324321 -0.00313835 1.29121 -2.07968 -0.0104365 0.526177 -0.0836425 -0.00909752
35.605 0.0043169 0.0177446 0.00572835 -0.0455591 0.101873 0.00488443 1.44772 -2.10099 0.00150293 2.98985 -4.19176 -0.00273452
35.655 0.00538936 0.0140496 0.00392752 -0.0608557 0.141522 0.00192278 0.904625 -0.788428 0.00560612 2.89093 -3.49739 0.00419818
35.705 -0.00993677 0.0105235 -0.00585819 -0.0750689 0.141059 -0.00831596 -0.0374825 1.12471 0.000656594 0.411667 1.34079 0.00353551
35.755 0.00314075 0.00767295 -0.00493897 -0.0440349 0.102123 -0.00711583 -0.811051 2.53512 0.000546954 -1.91975 5.31526 8.7612e-05
35.805 0.00287796 0.0061561 0.00490181 -0.0149896 0.0370962 0.00365227 -1.01458 2.59462 0.0049653 -2.01235 4.15913 -0.00152607
35.855 0.0117139 0.00518081 0.00464522 0.0242347 -0.0362281 0.00462953 -0.56095 1.20632 0.00143795 -0.0325782 -1.24691 -0.00201665
35.905 -0.0191898 -0.0105377 -0.00353214 0.0281743 -0.107519 -0.00249377 0.253092 -0.846093 -0.00688049 1.67917 -5.64491 -0.000582998
35.955 -0.00507284 -0.0283118 -0.00541339 0.0621595 -0.149507 -0.00357661 0.881008 -2.45104 -0.00484942 1.16521 -4.79066 0.00331499
36.005 0.0177801 -0.0175222 0.00500672 0.0936541 -0.125715 0.00776729 0.916667 -2.72074 0.00563706 -1.09659 0.371563 0.00418006
36.055 -0.00423824 0.00539438 0.00289685 0.0595801 -0.0530032 0.00551917 0.313005 -1.55242 0.00665069 -2.74967 4.64771 -0.00230357
36.105 -0.00882381 0.00804844 -0.00426971 0.0240314 0.0231908 -0.00315174 -0.623083 0.377919 -0.00211329 -1.87721 3.88915 -0.00853334
36.155 -0.0063959 0.0165242 -0.00566779 0.00124337 0.104561 -0.00621113 -1.35148 1.93359 -0.00504769 0.950148 -0.813779 -0.00335719
36.205 0.00994115 0.0181479 0.00383627 -0.00446795 0.154472 0.00201523 -1.38907 2.25767 0.00198224 3.12283 -4.35681 0.00771616
36.255 0.00271142 0.0178336 0.00511195 -0.0300075 0.169897 0.0024889 -0.691729 1.24311 0.00408626 2.61855 -2.92793 0.00864109
36.305 0.00558986 0.00874323 -0.00405294 -0.0312976 0.130449 -0.00668965 0.395787 -0.533863 -0.0025887 0.0190767 2.08323 -0.00240411
36.355 -0.00766614 0.00152988 -0.00586527 -0.0288894 0.0643958 -0.00772932 1.2659 -1.96402 -0.00432949 -2.10346 5.45063 -0.00912424
36.405 -0.0292614 -0.00984275 0.00439742 -0.0248707 -0.0215026 0.00504412 1.46143 -2.17403 0.00187552 -1.84129 3.48815 -0.00330146
36.455 -0.0201948 -0.0107209 0.00526976 -0.00580322 -0.103242 0.00689413 0.944229 -1.00706 0.00257045 0.245263 -2.0897 0.00547434
36.505 -0.0226029 -0.0139615 -0.0026031 0.00560253 -0.156154 0.000192107 0.0287435 0.864498 -0.00446602 1.74311 -5.86773 0.00651789
36.555 -0.0204875 -0.0167536 -0.00593441 0.0105149 -0.169601 -0.00290264 -0.776087 2.39211 -0.00437506 0.890428 -4.1938 0.00140637
36.605 -0.0211742 -0.0180777 0.00313096 -0.00200755 -0.141339 0.00606089 -1.02852 2.64664 0.00469676 -1.43 1.19508 -0.00275542
36.655 -0.0129825 -0.0181652 0.00620282 -0.0160288 -0.0796867 0.00818957 -0.642456 1.44521 0.00774638 -2.78094 4.87996 -0.00487326
36.705 -0.0109436 -0.0173076 -0.00199625 -0.0405957 -0.00308046 -0.00130327 0.160827 -0.577753 -0.000850048 -1.50416 3.34286 -0.0048751
36.755 -0.0315184 -0.0163932 -0.000720407 -0.0878701 0.0649747 -0.00732259 0.829955 -2.2998 -0.00801498 1.36369 -1.53789 -6.57275e-06
36.805 -0.00707211 -0.0116293 0.00185256 -0.0773974 0.109151 -0.00259352 0.927956 -2.78661 -0.00237215 3.2181 -4.4903 0.00560774
36.855 0.0376338 0.00524596 0.00915201 -0.0299825 0.127957 0.00509582 0.383349 -1.78436 0.00170201 2.35115 -2.29629 0.00486527
36.905 0.0359645 0.00890017 -0.00225035 -0.0119602 0.0935553 -0.00558601 -0.497629 0.119126 0.000808934 -0.358481 2.83522 -0.00259051
36.955 0.0356682 0.0118202 -0.00646331 0.0157265 0.0319395 -0.00808891 -1.21385 1.82607 0.00119678 -2.24182 5.52501 -0.00392905
37.005 0.0228361 0.0136478 0.000980183 0.0363115 -0.0386604 0.000536735 -1.39459 2.34635 0.00654736 -1.60611 2.77413 0.00191493
37.055 0.0164052 0.0142644 0.00661834 0.0605874 -0.0961209 0.00751842 -0.783185 1.44575 0.00713292 0.56119 -2.91901 0.00424953
37.105 0.0200889 0.013584 -0.000670273 0.08424 -0.122512 0.00103844 0.237887 -0.299035 -0.00424791 1.7887 -6.01806 -0.000848342
37.155 0.0216013 0.0118166 -0.00602072 0.0904662 -0.109077 -0.00403644 1.16172 -1.8493 -0.0119044 0.634352 -3.50713 -0.00507739
37.205 0.0214851 0.00904892 0.00108155 0.0794573 -0.0589731 0.0026303 1.53215 -2.23753 -0.00583363 -1.76598 2.02218 -0.000639797
37.255 0.0229891 0.00537157 0.00635858 0.0581649 0.0136696 0.00692355 1.11241 -1.20682 0.00328402 -2.77883 5.04348 0.00477042
37.305 0.0111686 0.0228635 -0.000710987 0.0133201 0.111576 -0.00121863 0.181648 0.656649 0.00328619 -1.1023 2.72877 0.00121887
37.355 -0.00246513 0.0195301 -0.0063118 -0.0264148 0.164988 -0.00801138 -0.691759 2.26953 0.00043826 1.78944 -2.26599 -0.00609118
37.405 -0.014631 0.00987213 -0.000321438 -0.0577168 0.168227 -0.00259571 -1.04415 2.69715 0.00306821 3.27778 -4.54351 -0.00612795
37.455 -0.0173158 -0.0268903 0.0052881 -0.0516198 0.120593 0.00224605 -0.743807 1.62664 0.00381553 1.96431 -1.60035 0.000946782
37.505 0.0236985 -0.025401 -0.000522251 -0.000947465 0.0637631 -0.00237044 0.0312985 -0.330715 -0.00345866 -0.801515 3.55052 0.00708603
37.555 -0.0231541 -0.023885 -0.00747043 -0.0270211 -0.0191819 -0.00782029 0.723839 -2.1439 -0.00827277 -2.32165 5.48881 0.00812846
37.605 -0.0183339 -0.0217061 -0.000849599 -0.00569982 -0.0982658 0.000686603 0.958279 -2.77497 0.000200394 -1.32266 1.96319 0.00380407
37.655 -0.0211413 -0.0186193 0.0059949 0.00802906 -0.15426 0.00857171 0.448833 -1.9524 0.00841533 0.8602 -3.73614 -0.0045772
37.705 -0.0203676 -0.015101 0.00134489 0.0142424 -0.172864 0.00457522 -0.415957 -0.143813 0.00573481 1.78906 -6.01957 -0.0109655
37.755 -0.0170718 -0.0116319 -0.0055187 0.00911423 -0.149409 -0.00244292 -1.20313 1.61482 -0.00211486 0.267049 -2.71418 -0.00625929
37.805 -0.0181877 -0.0086627 -0.000981239 -0.011599 -0.0913478 0.00124591 -1.40135 2.33488 -0.00199197 -2.06496 2.79086 0.00676641
37.855 -0.0198458 -0.00677935 0.0058473 -0.0387825 -0.0160773 0.00670416 -0.904492 1.6217 0.00165162 -2.69141 5.05998 0.0123042
37.905 -0.0231401 -0.00613137 0.00158566 -0.0663436 0.0547321 0.000945686 0.113592 -0.0591241 -0.00132268 -0.722682 1.99509 0.000895007
37.955 -0.0260919 -0.00119835 -0.00560499 -0.086441 0.109618 -0.00755257 1.06599 -1.67708 -0.00567199 2.19529 -2.92233 -0.0136422
38.005 -0.0186048 0.0134941 -0.00180812 -0.0841646 0.134847 -0.00461086 1.46137 -2.27078 -0.0016079 3.26384 -4.4181 -0.0116401
38.055 -0.0148551 0.0138119 0.00498314 -0.0647597 0.108106 0.0021965 1.21227 -1.41015 0.00428019 1.58063 -0.820651 0.00416705
38.105 -0.0089198 0.0147618 0.00214076 -0.030173 0.0508346 0.00039187 0.334643 0.396137 0.000971178 -1.16847 4.17116 0.0146653
38.155 0.00127806 0.0165181 -0.00526389 0.0143531 -0.0128331 -0.00566651 -0.571326 2.10081 -0.00511787 -2.29982 5.28359 0.0104057
38.205 0.0177143 0.0171117 -0.00103988 0.0509717 -0.0722376 -0.00186147 -1.01596 2.72778 -0.00186566 -0.993361 1.09058 -0.00126322
38.255 0.0243878 -0.0177037 0.00452079 0.0843538 -0.129302 0.00599288 -0.775227 1.86671 0.00609468 1.1638 -4.41377 -0.00944711
38.305 0.0278169 -0.0153629 0.00371544 0.0915379 -0.12337 0.00631053 -0.0615042 -0.0547968 0.00430481 1.66718 -5.8429 -0.00890523
38.355 0.0236845 -0.0144728 -0.00475386 0.0776472 -0.0771478 -0.0028187 0.655561 -1.9629 -0.00310897 -0.113309 -1.87213 -0.00116137
38.405 0.0238905 -0.0126469 -0.00260042 0.0579288 -0.00646624 -0.00167124 0.949051 -2.80119 -0.00418556 -2.30737 3.45751 0.00712473
38.455 0.0227012 -0.00962902 0.00481723 0.030826 0.0681081 0.00419281 0.571937 -2.14538 0.000905968 -2.53176 4.88158 0.00648023
38.505 0.021425 -0.00613167 0.00304785 0.00535001 0.125699 0.00108063 -0.293188 -0.378549 0.00156963 -0.245728 1.23028 -0.00378731
38.555 0.0208289 -0.00269869 -0.00463797 -0.0108467 0.149278 -0.00752014 -1.11241 1.45929 -0.0012234 2.5137 -3.43138 -0.0108156
38.605 0.0202903 0.0262507 -0.00293317 -0.016343 0.148884 -0.00627826 -1.42925 2.32991 0.00244159 3.15026 -4.11057 -0.00364474
38.655 -0.000109622 0.0391328 0.0035116 -0.0228988 0.109078 0.00193 -1.00484 1.76939 0.00818079 1.18176 -0.00577252 0.00926244
38.705 -0.00967853 0.0401552 0.00298105 -0.0168436 0.0342515 0.0026622 -0.0383171 0.169974 0.0032463 -1.47488 4.62891 0.0108705
38.755 -0.0109368 0.03908 -0.00433996 0.00227145 -0.0444095 -0.00333926 0.99728 -1.51609 -0.00780168 -2.26868 4.86635 0.000305441
38.805 -0.0264391 0.029504 -0.00287939 0.0033039 -0.114625 0.000309438 1.47903 -2.28416 -0.0102503 -0.673904 0.181916 -0.00672696
38.855 -0.0347664 0.018337 0.00323563 0.000658102 -0.141988 0.00667393 1.2311 -1.61374 -0.00182057 1.33111 -4.9262 -0.00316893
38.905 -0.0318681 0.0145888 0.00441689 -0.00642123 -0.12348 0.00790141 0.425673 0.142263 0.00373623 1.48452 -5.49101 0.00287194
38.955 -0.0290979 -0.0204376 -0.00267272 -0.0255516 -0.104287 -0.000349911 -0.507352 1.93242 0.00200563 -0.471518 -1.01547 0.00234705
39.005 0.00914444 -0.0352959 -0.00356977 -0.0131658 -0.0434864 -0.00260207 -0.996596 2.73307 0.00215271 -2.47281 3.95845 -0.00238568
39.055 0.00835804 -0.0394935 0.00331031 -0.0346113 0.0297802 0.00275827 -0.854595 2.03397 0.00471591 -2.26277 4.5584 -0.00511006
39.105 -0.0116992 -0.0382296 0.00405215 -0.0702036 0.080406 0.00195679 -0.147806 0.228844 0.00100293 0.249031 0.488065 -0.00426614
39.155 -0.0120258 -0.038806 -0.00320105 -0.074309 0.0948856 -0.00597612 0.596199 -1.74757 -0.00731966 2.73811 -3.82095 0.000117407
39.205 -0.0207563 -0.0122966 -0.00460981 -0.0737868 0.0962199 -0.00722196 0.971216 -2.77351 -0.00635814 2.96917 -3.69593 0.00662573
39.255 0.00709925 0.0164588 0.00233363 -0.0223768 0.0651811 0.000326648 0.65771 -2.31019 0.00383729 0.730165 0.790263 0.00845785
39.305 0.00494925 0.0186487 0.00433799 0.011981 -0.00273492 0.00402353 -0.161557 -0.646902 0.00886513 -1.73839 4.9563 0.000664127
39.355 0.0050029 0.0219781 -0.00232057 0.042314 -0.0635849 -0.00113753 -1.03327 1.24343 0.00310396 -2.11942 4.36379 -0.0080544
39.405 0.00495988 0.025402 -0.00454544 0.0644741 -0.0973756 -0.00237238 -1.44007 2.28958 -0.00196521 -0.344046 -0.704861 -0.00580287
39.455 0.00479716 0.0279562 0.00253829 0.0735497 -0.0936238 0.00501272 -1.06 1.93595 -0.000916297 1.49498 -5.32831 0.00471709
39.505 0.00694204 0.028405 0.00501564 0.0730467 -0.0553202 0.00695464 -0.167589 0.380693 -0.00119461 1.28983 -5.02124 0.00868646
39.555 0.0314405 0.0028265 0.00153374 0.0653449 -0.00665222 0.000980405 0.878491 -1.34457 -0.00552917 -0.808312 -0.165586 0.00039339
39.605 0.0271999 0.00316884 -0.00479308 0.0438737 0.0655956 -0.00628672 1.48118 -2.21168 -0.00510896 -2.57315 4.35944 -0.00900925
39.655 0.0145138 -0.0126324 0.00136704 0.00372583 0.0981504 -0.0004577 1.32703 -1.72447 0.0031816 -1.98734 4.15673 -0.00796364
39.705 -0.0049138 -0.0230218 0.00476738 -0.0304338 0.132336 0.00247659 0.527529 -0.0927901 0.00560626 0.671666 -0.266752 0.000230237
39.755 -0.00383804 -0.0247952 -0.00191276 -0.0363494 0.117095 -0.0050207 -0.401215 1.73169 -0.000466911 2.93794 -4.11506 0.00550006
39.805 -0.000986775 -0.0261357 -0.00528488 -0.0291895 0.0662501 -0.00786376 -0.979508 2.71251 -0.00413949 2.72711 -3.2214 0.00591204
39.855 0.00821628 0.00445234 0.000546202 -0.00607974 0.0239754 -0.000165138 -0.919643 2.17235 0.0010684 0.29488 1.54541 0.003159
39.905 0.0087764 0.00881427 0.00499596 0.0143392 -0.0474422 0.00572381 -0.292008 0.451276 0.00471456 -1.95497 5.22401 -0.00104995
