0.005 0.0182439 -9.36725e-05 0.319248 0.0139577 -0.000203855 0.346962 0.0141355 -0.00164604 0.0644842 0.0117515 -0.00491995 0.244061 0.0125615 0.00285071 0.343163 0.013745 -0.000293531 0.347155 0.0135374 0.000721983 0.347272 0.0139247 -0.000107569 0.347097
0.055 0.00704211 0.000721925 0.530415 0.00927811 -7.89178e-06 0.350698 0.00793317 0.00260015 0.492953 0.0112514 0.00291271 0.651867 0.0103644 -0.001298 0.409383 0.00930527 -0.000211627 0.351168 0.00940355 -0.000598305 0.352058 0.00926633 5.33901e-05 0.351708
0.105 0.00614593 0.000657143 -0.139235 0.0076503 0.000801521 -0.0934659 -0.00273683 -0.00100854 -0.357097 0.00554057 0.00152365 -0.236677 0.00667417 -0.00095379 -0.107495 0.00800784 0.00058999 -0.0932216 0.00802471 0.00067282 -0.092807 0.00787762 7.09854e-05 -0.0931185
0.155 0.0097301 -0.00147334 -0.606059 0.00590373 -0.000469968 -0.68675 -0.0050441 -0.00130302 -0.323769 0.00570314 -0.00485376 -0.465725 0.00638206 0.00291045 -0.655391 0.00576918 -0.000504218 -0.686525 0.00552729 -0.000648461 -0.687733 0.00580318 -7.70095e-05 -0.688459
0.205 0.000600834 5.90385e-05 0.140926 0.00553774 -0.000448512 -0.0950772 -0.000945131 0.00238011 0.290878 -0.00686463 0.0042488 0.33373 0.00366498 -0.00197873 0.00682664 0.00536678 -0.000448273 -0.0929468 0.00571387 0.000859057 -0.0930521 0.0054849 -8.15778e-05 -0.0956403
0.255 -0.00469746 0.00214964 0.706675 0.00185119 0.00120767 0.879267 -0.00522595 -0.00110126 0.0288206 -0.00343585 -0.000186821 0.495567 0.00114455 -3.80238e-05 0.828189 0.00229563 0.00124039 0.884116 0.00224863 -0.000736968 0.885434 0.00225491 0.000119728 0.878807
0.305 -0.00131401 -0.00139974 -0.138347 0.00793251 -0.000673264 -0.210285 0.00145242 -0.000199114 -0.108509 0.000815827 -0.00343554 -0.105503 0.00127018 0.00225774 -0.169286 0.00732507 -0.000531979 -0.203347 0.00697973 0.000694323 -0.204063 0.00736977 -2.15188e-05 -0.2154
0.355 0.003935 -0.0011224 -0.698212 0.0119306 -0.000723577 -0.960645 0.00499621 0.00141634 -0.0840378 0.000780623 0.00421621 -0.419074 0.000630156 -0.00231259 -0.852753 0.0113785 -0.000684316 -0.950885 0.0112233 -0.000469934 -0.9513 0.0114009 -0.000102529 -0.969236
0.405 0.00317928 0.00249905 0.193801 -0.00477768 0.00152971 0.343553 -8.17639e-05 -0.00195207 -0.170396 -0.00235173 -0.00236738 0.0291177 0.00204623 0.00114637 0.299227 -0.00449964 0.00136392 0.355214 -0.00554567 0.000543842 0.357068 -0.00453829 4.04853e-05 0.331326
0.455 -0.00365224 -0.000538138 0.642548 -0.0149179 -3.78746e-05 0.68791 -0.0107539 0.00123079 0.272675 -0.00181861 -0.00112458 0.539612 -0.00178481 0.000993575 0.677962 -0.0158235 -7.92609e-05 0.697107 -0.0167996 -0.000631433 0.696966 -0.0158875 7.53704e-05 0.67596
0.505 -0.0106435 -0.0019685 -0.15925 -0.0172783 -0.00101072 -0.283055 -0.00273541 0.00109995 0.170135 -0.00452605 0.00425632 0.0122552 -0.00694717 -0.00255663 -0.241541 -0.0161539 -0.00105174 -0.282451 -0.0150188 0.000652179 -0.283592 -0.0160135 -7.42395e-05 -0.272645
0.555 -0.0159668 0.00140132 -0.561552 -0.0239872 0.00114436 -0.476461 -0.0134502 -0.00267855 -0.45996 -0.0215518 -0.00419827 -0.628028 -0.0260973 0.00214807 -0.509806 -0.0214175 0.00105825 -0.483593 -0.0198374 -0.000642429 -0.482678 -0.0213389 -1.89146e-05 -0.45356
0.605 0.00204014 0.000129072 0.0191644 0.00372467 0.000245094 0.0485116 0.0273277 0.00150027 0.0453693 0.0175985 0.00053568 -0.000253531 -0.000471141 -0.000174235 0.014199 0.0040203 0.000267608 0.0334447 0.00428498 0.000543733 0.0338233 0.0038731 6.02913e-05 0.0575072
0.655 -0.0326987 -0.00117552 0.565085 -0.0243368 -0.000692204 0.542129 -0.0312809 0.000641791 0.470385 -0.0298193 0.00356896 0.562877 -0.0337351 -0.0022103 0.521467 -0.024868 -0.000672754 0.523276 -0.0250865 -0.00056848 0.523058 -0.024953 2.2745e-05 0.543351
0.705 0.00894371 0.00105429 0.0966468 0.000104751 0.000760627 0.25112 0.0183255 -0.00190513 -0.166308 0.00841464 -0.00458246 -0.105781 0.00136481 0.00248963 0.174875 0.00010148 0.000748347 0.234673 -0.00016637 0.0004552 0.235509 0.000155204 -5.86231e-05 0.257245
0.755 -0.0120297 -0.000580583 -0.637957 -0.0174742 0.000173927 -0.67123 0.000865303 0.00147344 -0.214966 -0.0160715 0.00205121 -0.556537 -0.00498837 -0.0012075 -0.683038 -0.0171244 0.000134781 -0.685404 -0.0169263 -0.000529176 -0.685059 -0.0171125 1.83288e-05 -0.661637
0.805 -0.00514638 -0.00203643 -0.120147 -0.0170127 -0.00040412 -0.215973 -0.00754689 -0.000750197 0.146957 -0.00204419 0.00152005 0.000589614 -0.012686 -0.00107945 -0.194895 -0.0166392 -0.000392073 -0.226089 -0.0157901 0.0005741 -0.226059 -0.0166315 4.27902e-05 -0.203129
0.855 0.0305345 0.00144567 0.665334 0.0477895 0.000707231 0.891147 0.0645976 -0.000735537 0.103732 0.0635479 -0.00412499 0.418061 0.0577696 0.00237499 0.807645 0.0485507 0.000595458 0.882738 0.0489296 -0.000642887 0.883485 0.0485836 -4.86549e-06 0.902769
0.905 0.0236098 0.00151004 0.0837662 0.00366622 5.28467e-05 0.0921369 -0.0182205 0.00212306 0.0634265 -0.0199192 0.00403781 0.0851333 -0.0257282 -0.00223742 0.0938573 0.00317284 -1.71891e-05 0.0889336 0.00306127 0.00050306 0.0891887 0.00304224 -4.98531e-05 0.0924934
0.955 -0.0255857 -0.00192568 -0.647907 -0.00278209 -0.000336008 -0.813009 -0.00928165 -0.00185008 -0.126771 -0.00183524 -0.000766199 -0.442007 0.00916622 0.000213922 -0.750983 -0.00317266 -0.00034035 -0.804799 -0.0043851 -0.000407693 -0.80482 -0.00327024 3.84594e-05 -0.828778
1.005 -0.0272597 -0.0013066 -0.0976797 -0.0560549 0.000624557 0.0373049 -0.0599902 -0.000378248 -0.206156 -0.0523271 -0.00357568 -0.183379 -0.0533104 0.00212584 -0.00547871 -0.0588385 0.000650968 0.0558181 -0.0607709 0.000413613 0.0558976 -0.0585467 3.12194e-05 0.00673312
1.055 -0.0357278 0.00142058 0.558671 0.00442406 -0.000296272 0.583506 -0.0240861 0.00219621 0.283961 -0.033494 0.00519355 0.536751 0.00498812 -0.00283485 0.614547 0.00683697 -0.000269872 0.607924 0.00876216 -0.000470691 0.607257 0.00695861 -4.91666e-05 0.5915
1.105 0.114091 0.00145133 0.11879 0.134506 -0.000365822 0.0310712 0.152439 -0.00172889 0.205856 0.133792 -0.00234463 0.188933 0.123193 0.00124072 0.100829 0.137246 -0.000353343 0.0530513 0.138191 0.000504059 0.0530442 0.136978 -1.81991e-05 0.0387721
1.155 -0.0241448 -0.000750342 -0.511543 -0.0378438 0.000445473 -0.464832 -0.0205797 0.000201112 -0.433212 -0.0594911 -0.0022033 -0.531325 -0.0625981 0.00142137 -0.474749 -0.0400255 0.000493584 -0.44616 -0.0422318 -0.000471608 -0.445147 -0.0402761 6.64067e-05 -0.491573
1.205 0.0488431 -0.00149967 -0.189993 0.0639341 -0.000503197 -0.292172 0.0751219 0.000989047 -0.0727929 0.0870084 0.00469912 -0.135221 0.0745283 -0.00271468 -0.261851 0.0625782 -0.000471835 -0.281198 0.0613226 0.000495683 -0.281753 0.0627284 -3.18019e-05 -0.316747
1.255 0.0584575 0.00151116 0.501462 -0.0252324 -0.000426938 0.475932 -0.0401854 -0.00156691 0.359547 0.00339322 -0.00375659 0.513791 0.0371364 0.00216043 0.469263 -0.0268087 -0.000407676 0.471699 -0.0274857 -0.000395814 0.4703 -0.0265732 -4.98391e-05 0.466789
1.305 -0.11618 0.00158325 0.3171 -0.0847766 0.000670974 0.418425 0.0900311 0.00158826 -0.0509882 -0.0764007 0.000238326 0.178419 -0.0830974 0.000137296 0.3855 -0.0829749 0.000676147 0.393236 -0.0803295 0.000346599 0.392793 -0.0828803 4.32539e-05 0.462918
1.355 -0.127515 -0.00217393 -0.526469 -0.150956 -0.000259619 -0.651569 -0.190503 -7.45696e-05 -0.186435 -0.0949365 0.00368654 -0.458496 -0.172871 -0.00229097 -0.625067 -0.14347 -0.000287759 -0.693615 -0.138923 -0.000332148 -0.693371 -0.143613 2.77077e-05 -0.586558
1.405 -0.16914 -0.00112292 -0.284025 -0.170976 -0.000604582 -0.403871 0.11184 -0.00190062 0.010504 -0.102974 -0.00514944 -0.205074 -0.22271 0.00296225 -0.441717 -0.178057 -0.000526871 -0.457261 -0.180882 0.000459108 -0.455957 -0.178255 -6.4936e-05 -0.412282
1.455 0.166046 0.00238361 0.632323 0.222284 0.000678913 0.732501 0.0392867 0.00224605 0.0212603 0.108413 0.00239843 0.310388 0.257293 -0.00114601 0.613848 0.223476 0.000622613 0.68047 0.222558 -0.00047623 0.681454 0.223522 5.03096e-06 0.733857
1.505 0.440021 0.00096631 0.357203 0.248083 -0.000229025 0.311655 0.527547 -0.000359348 0.172063 0.424018 0.00266743 0.233007 0.290547 -0.00170333 0.260664 0.249321 -0.000173414 0.261339 0.250766 0.000372384 0.259891 0.249341 5.16104e-05 0.338765
1.555 -0.350031 -0.00154707 -0.501903 -0.208869 -0.000285065 -0.622596 -0.449577 -0.0014695 -0.161805 -0.255869 -0.00540553 -0.337869 -0.139166 0.00315021 -0.628383 -0.204266 -0.000302439 -0.667312 -0.201517 -0.000290581 -0.668419 -0.203988 -1.62773e-05 -0.576914
1.605 0.400484 -0.00122163 -0.315477 0.157336 0.000489993 -0.24611 0.0928917 0.00171939 -0.218133 0.257226 0.0036181 -0.232557 0.088024 -0.00203268 -0.278306 0.159428 0.0005422 -0.274628 0.1636 0.000295412 -0.273846 0.159311 -4.51576e-05 -0.191595
1.655 -0.275804 0.00031839 0.297566 0.115335 -6.44319e-05 0.433312 0.117198 -0.00111427 0.35429 -0.2995 0.000779979 0.470351 0.190314 -0.000662538 0.44381 0.110744 -8.81702e-05 0.440198 0.111807 -0.000351158 0.441741 0.110493 3.42676e-05 0.453175
1.705 0.0138464 0.00224341 0.252295 -0.0202006 -0.00011232 0.320679 -0.0801757 1.89027e-05 0.118359 0.000157735 -0.00427123 0.306814 -0.378399 0.00263342 0.459471 -0.0236117 -0.000163406 0.381648 -0.025218 0.000345482 0.381456 -0.0237388 3.07254e-05 0.289205
1.755 0.219814 0.000456686 -0.366585 0.502088 0.000519817 -0.314528 0.459494 0.00139159 -0.308047 0.616996 0.00466551 -0.598651 0.604189 -0.00273403 -0.203199 0.502211 0.000513597 -0.191909 0.495656 -0.000359231 -0.191304 0.502477 -3.62352e-05 -0.455715
1.805 0.182772 -0.00367036 -0.287252 -0.168721 -0.000108466 -0.384581 -0.146787 -0.00219903 -0.188643 -0.281861 -0.00177187 -0.261756 -0.343043 0.000727528 -0.384098 -0.201664 -0.000226312 -0.236425 -0.228142 0.00032255 -0.236189 -0.201485 -2.40451e-05 -0.764295
1.855 -0.0136704 -0.00051056 0.351986 -0.164922 -0.000131199 0.347897 0.14777 0.000940184 0.207665 -0.082253 -0.00285185 0.469097 0.483439 0.0018672 0.333959 -0.148788 -2.38057e-05 0.474313 -0.154584 -0.000258954 0.475129 -0.149097 4.99874e-05 0.268459
1.905 -0.563496 0.00379698 0.268404 -0.66409 0.000549427 0.464776 -0.359692 0.0013927 0.224994 -0.362409 0.00549611 0.483017 -0.743941 -0.00313509 0.593052 -0.66024 0.000496633 0.497113 -0.637884 0.000170643 0.49696 -0.660392 6.68198e-06 0.759211
1.955 0.217872 -0.000253032 -0.591561 0.43508 -0.000305145 -0.665037 0.0887608 -0.00228215 -0.224526 0.184903 -0.00352373 -0.0971831 0.393353 0.00178512 -0.423888 0.490919 -0.000202947 -0.707268 0.531434 -0.000264903 -0.70895 0.491169 -4.97345e-05 -0.152705
2.005 -0.370043 -0.0033128 -0.403408 -0.0508534 -0.000219613 -0.497799 0.121676 0.00111727 -0.0964848 -0.271664 -0.00138614 -0.574579 -0.565975 0.000980319 -0.542104 -0.0833462 -0.0003014 -0.56276 -0.0914326 0.000357594 -0.562724 -0.0831801 1.22508e-05 -0.534469
2.055 0.603578 0.000668579 0.520518 0.500762 0.000455206 0.662354 -0.061981 0.000464764 -0.124527 0.19707 0.00491834 0.0542084 0.281602 -0.00287728 0.348501 0.47764 0.000432027 0.670763 0.44561 -0.000350274 0.67187 0.477356 4.33881e-05 0.267364
2.105 -0.215886 0.00273755 0.858638 -0.115625 -0.000280163 0.556099 -0.400861 -0.00140459 0.458256 0.370895 -0.00433355 0.431964 0.196544 0.00240928 0.6048 -0.142536 -0.000148095 0.582061 -0.162376 0.000253531 0.582761 -0.142653 -3.73433e-05 0.256185
2.155 0.317084 -0.000186734 -0.578163 -0.0511141 -0.000170709 -0.386198 0.250692 0.00174197 -0.138809 -0.355743 0.000723215 -0.256628 0.584954 -0.000182159 -0.500501 -0.0356716 -0.0002734 -0.352599 -0.0315327 -0.000227192 -0.352601 -0.0355371 -2.23568e-05 -0.438744
2.205 -0.312096 -0.00255119 -0.702557 -0.195854 0.000402571 -0.574601 -0.201989 -0.00102809 -0.208982 0.160696 0.00317178 -0.231488 -0.32511 -0.00206391 -0.341535 -0.187185 0.000383419 -0.639472 -0.160171 0.000240849 -0.640115 -0.18705 4.47106e-05 -0.217409
2.255 -0.213135 -0.000660651 0.11867 -0.252339 -0.000385884 0.0146967 -0.277962 -0.000977794 0.0117053 -0.440408 -0.00493059 0.469618 -0.596384 0.0028324 0.249124 -0.172986 -0.000275718 -0.0425494 -0.13447 -0.000205686 -0.0437531 -0.172912 -3.18022e-06 0.483893
2.305 -0.00524403 0.00288295 0.484598 0.373165 5.86955e-05 0.757441 0.268116 0.00249008 0.287033 0.127501 0.00305358 0.397349 -0.132783 -0.00142935 0.452159 0.248601 -0.000130134 0.730736 0.200758 0.000197578 0.732356 0.248357 -4.0354e-05 0.283721
2.355 0.31848 0.00114779 0.0107079 0.146135 0.000213532 -0.000520654 0.192751 -0.00160986 -0.319471 0.0548197 0.00153405 -0.427942 0.468845 -0.00114452 -0.129113 0.150106 0.000344235 0.130135 0.119767 -0.000234255 0.130241 0.15017 1.96896e-05 -0.391997
2.405 -0.445058 -0.00333442 -0.430435 -0.270449 -0.000273057 -0.714401 -0.215663 -0.000639956 -0.0898793 0.0215815 -0.0050236 -0.65575 -0.283186 0.00291921 -0.274071 -0.266903 -0.000279774 -0.514009 -0.260003 0.000278383 -0.514658 -0.2668 2.37553e-05 -0.707326
2.455 0.0655054 -0.000806084 0.0987017 -0.546553 -0.000209686 0.105472 -0.510801 0.00197177 0.316917 -0.000110668 0.00426136 0.1095 0.0076827 -0.00224342 -0.0497037 -0.498518 -0.000232036 0.21582 -0.494743 -0.000197226 0.215097 -0.498667 -2.78763e-05 0.114405
2.505 -0.726951 0.00332605 0.495914 -0.445162 0.00024271 0.55413 -0.210195 -0.00165592 0.206984 -0.963551 -1.29231e-06 0.757611 -0.55378 -0.000214175 0.494529 -0.463487 0.000410346 0.456057 -0.438718 6.78334e-05 0.456501 -0.463251 -5.83329e-06 0.876223
2.555 -0.0161217 0.000444977 -0.080244 -0.235483 -0.000246119 -0.286673 -0.0157593 0.00053102 -0.0794075 -0.201674 -0.00371007 -0.0674467 -0.180225 0.00223531 -0.459122 -0.16891 -0.00035353 -0.581446 -0.138162 -0.000113349 -0.583462 -0.168941 3.00091e-05 0.101382
2.605 0.226136 -0.00264637 -0.581492 0.588542 -0.000135103 -0.541062 0.551413 0.000828468 -0.300979 0.865637 0.0045413 -0.494572 0.108724 -0.00252618 -0.531109 0.513363 -3.35364e-05 -0.849821 0.516442 0.000216615 -0.850147 0.512977 -3.10381e-06 -0.386083
2.655 0.136878 -0.000460915 0.498742 0.139192 0.000279711 0.366612 0.271367 -0.0020805 0.0303921 0.16193 -0.0022559 -0.269211 -0.0600114 0.00100728 0.110953 0.183459 0.000301529 0.210989 0.169503 -0.000227217 0.213204 0.183984 -2.71819e-05 0.17079
2.705 0.870895 0.00176112 0.59742 0.18755 -0.000216056 0.783355 0.0707898 0.00183436 0.244542 0.494127 -0.00169645 0.21675 0.529828 0.00119722 0.409695 0.0829655 -0.000204158 0.760282 0.038994 0.000141588 0.760914 0.0827656 5.86546e-06 0.290366
2.755 -1.30898 0.000902923 0.137219 -1.03251 -1.52405e-05 -0.146298 -1.14157 0.000249871 0.16833 -0.880024 0.00463817 -0.109492 -0.685462 -0.00262722 -0.242406 -0.969842 -4.91292e-05 -0.145674 -0.955995 -8.54347e-05 -0.14623 -0.970066 2.74442e-05 -0.0325821
2.805 -0.245068 -0.00138456 -0.643802 -0.58877 0.00028714 -0.657897 -0.388824 -0.0022134 -0.301369 -0.865047 -0.00413533 -0.273683 -0.220491 0.00208611 -0.476564 -0.595305 0.000236323 -0.767445 -0.559485 0.000101495 -0.767184 -0.594929 -1.67703e-05 -0.162785
2.855 -1.0887 -0.00159025 -0.191502 -0.374927 -0.000191972 -0.0778913 0.199179 0.00199326 0.300363 -0.479613 7.55162e-05 0.207313 -0.77385 0.00021735 -0.21181 -0.34418 -0.000175291 -0.218426 -0.326718 -0.000141881 -0.219545 -0.344374 -2.50317e-05 0.181505
2.905 -0.302253 0.00165447 0.378768 -0.327663 -9.17941e-05 0.546156 0.147346 -0.000234958 0.324863 -0.327238 0.0040552 0.293936 -0.944399 -0.00234777 0.670995 -0.332448 -2.9365e-05 0.488101 -0.333007 0.000117424 0.488197 -0.332501 3.51085e-05 0.585593
2.955 0.163067 0.00155174 0.485774 0.0671314 0.000255304 0.174894 0.442842 -0.00116476 0.0128525 0.590102 -0.00456123 -0.587376 -0.199968 0.0025497 0.178349 0.057606 0.000286565 0.212924 0.0350661 -0.000101312 0.213682 0.0577602 1.26437e-05 -0.102689
3.005 0.617083 -0.00218582 -0.0397038 -0.252207 -0.000318935 -0.321266 0.551919 0.00155732 -0.24836 0.210024 0.00165911 -0.826994 0.635999 -0.000807282 -0.754191 -0.288289 -0.0003403 -0.321023 -0.337131 0.000113821 -0.319027 -0.288659 -3.97078e-05 -0.919529
3.055 0.00369478 -0.00110903 0.485784 -0.65065 1.19855e-05 -0.0116315 -0.90443 -0.00142369 -0.277402 0.523855 0.00222065 -0.0636594 0.157369 -0.00136347 -0.463218 -0.658799 7.88024e-05 -0.210812 -0.65128 -9.06781e-05 -0.211271 -0.658478 -5.0384e-07 0.152671
3.105 -0.0330311 0.00248271 0.664911 -0.443177 0.000348672 0.336875 0.111882 0.000119038 0.0986305 0.002389 -0.00440053 0.629719 0.0792458 0.00260255 0.184333 -0.346122 0.000194508 -0.148039 -0.271437 9.62935e-05 -0.150957 -0.345966 3.73337e-05 1.45166
3.155 0.253007 0.00106767 -0.1623 0.398267 -0.000162361 -0.25511 0.208928 0.00174984 0.241989 -0.252244 0.00349487 0.568313 -0.125914 -0.0019004 -0.377811 0.446333 -0.000169062 -0.784016 0.51785 -4.78932e-05 -0.788264 0.446121 -2.51394e-05 0.948736
3.205 0.522457 -0.00234844 -0.648528 1.13269 -0.000131357 -0.602128 0.594143 -0.00224051 -0.379456 0.795788 7.50464e-05 -0.0177087 0.883362 -0.000266479 -0.774462 1.16711 -4.47378e-05 -0.872748 1.19063 8.412e-05 -0.873693 1.16715 -2.55303e-05 -0.0201842
3.255 1.22537 -0.00128941 -0.435301 2.05788 0.000180833 0.0676867 0.894941 0.0004157 -0.296479 1.77818 -0.00403235 -0.318592 1.18387 0.00232961 -0.00309615 2.01913 0.000108852 0.222765 1.98824 -3.46404e-05 0.221344 2.01883 1.72816e-05 -0.0921709
3.305 2.03942 0.00141405 0.443353 1.94079 -0.000136688 0.546599 0.278327 0.00166593 0.0239634 1.09797 0.00478457 0.137453 1.35929 -0.00263767 1.01457 1.90171 -0.000114733 0.980703 1.8664 -2.95839e-05 0.987395 1.9017 5.19702e-05 -0.0634514
3.355 0.467585 0.0016244 0.0571771 0.998523 -6.04416e-05 0.417224 -1.25205 -0.00205768 -0.17578 -0.000705222 -0.00151758 0.556096 0.988563 0.000724934 0.872168 0.890407 -9.81757e-05 0.891837 0.812451 -7.28657e-05 0.894042 0.890878 -4.24071e-05 -1.10007
3.405 0.00335194 -0.000626578 -1.38827 -0.0537623 0.000184233 -0.125293 -1.38904 0.00100029 -0.341202 -1.07649 -0.00287107 0.653628 0.469784 0.00167226 0.00712463 -0.142865 0.000172081 0.56526 -0.237229 6.03056e-05 0.571275 -0.143114 -6.25824e-05 -2.14276
3.455 -0.0506173 -0.00145151 -1.63496 1.18176 -0.000278937 -0.798859 1.98161 0.00038718 0.629359 -0.434698 0.00484802 1.24577 1.20215 -0.00271404 1.22498 1.26024 -0.000233086 0.342222 1.29816 3.00332e-05 0.341634 1.2599 4.38001e-05 -1.17065
3.505 -0.690868 0.000406198 -0.83026 0.450906 0.000147982 -0.374629 -0.87456 -0.0016934 0.168447 -0.548483 -0.00305419 1.053 -0.114091 0.00163145 1.93165 0.57088 0.000157374 1.22139 0.633035 -4.44721e-05 1.21898 0.571056 7.43953e-05 -0.00574075
3.555 -1.03894 0.00129212 -0.821115 0.0777676 5.75912e-05 0.398704 -0.727363 0.00195942 -0.858863 0.0161843 -0.00067059 -0.887529 -0.777979 0.000490528 1.09353 -0.0921575 0.000113421 2.078 -0.214445 -3.4716e-05 2.07774 -0.0918833 -3.46597e-05 -0.84371
3.605 1.43301 -0.000503947 0.0381469 0.792982 -0.000287137 -0.0488607 1.68267 -0.000721845 0.485327 0.522208 0.00402317 -1.52414 0.362193 -0.00238717 0.237221 0.574989 -0.000207302 1.09649 0.424102 4.00453e-05 1.10184 0.574938 -3.73889e-05 -1.44461
3.655 2.03466 -0.00107579 1.12647 0.643234 4.29453e-05 0.203577 0.303719 -0.00140178 0.169224 0.565523 -0.00459069 0.56344 0.601418 0.00248511 0.262782 0.549604 -1.56833e-05 0.441706 0.457106 -8.3712e-06 0.443118 0.549242 1.14519e-05 -0.481658
3.705 0.00128956 0.000219199 0.479073 0.463329 -9.97309e-05 0.768756 0.853059 0.00230244 -0.447578 2.21086 0.00143792 0.18598 1.64234 -0.000698204 -0.827412 0.413032 0.000104184 0.0540076 0.399554 -8.35515e-05 0.0567278 0.413565 4.25669e-05 0.935184
3.755 0.543765 0.000753475 -0.356397 0.514871 -0.000238395 -0.474934 0.786979 -0.001089 -0.457073 1.44889 0.00311215 -0.390457 1.17717 -0.00181228 -1.14866 0.738384 -0.000122853 -1.90093 0.943841 0.000160989 -1.88683 0.73911 -1.91757e-05 1.85059
3.805 -1.19856 9.72744e-05 1.0016 -1.77382 0.000124872 -1.78984 -1.80971 -0.000720154 -0.476099 -2.38554 -0.00522296 1.10761 -1.69776 0.00288163 -0.94938 -1.22813 -0.000116527 -3.37164 -0.89293 -0.000135333 -3.3788 -1.22349 -0.000149009 1.7916
3.855 -1.50486 -0.000969468 0.267567 -1.93168 0.000284152 0.387432 -2.11757 0.00166817 0.141185 -2.1215 0.00292912 0.379153 -1.40191 -0.00160375 -2.06859 -2.03469 0.000274206 -1.12605 -2.06745 2.48414e-05 -1.12368 -2.03405 3.56618e-06 0.0944525
3.905 -2.19655 -0.00012063 -0.288826 -2.3051 -0.000287868 1.57199 -1.24314 -0.00153401 1.60592 -2.12717 0.00147282 0.110721 -3.75609 -0.000894487 -0.75882 -2.59775 -0.000189643 0.660809 -2.76363 -0.000121123 0.662805 -2.60115 8.87594e-05 -0.0818357
3.955 -1.7332 0.00136858 1.07029 -2.08494 5.03349e-05 -0.624377 -1.622 0.000934508 1.16809 -1.60794 -0.00436892 -0.612041 -2.22058 0.00258646 2.38053 -1.82815 -1.15846e-05 -0.520719 -1.66616 9.31817e-05 -0.518182 -1.82892 -5.53503e-05 1.25655
4.005 -1.04642 8.4741e-05 -0.779645 -0.673165 3.61701e-06 -0.194417 2.14003 0.000717502 0.671234 -0.318061 0.0042793 -2.73641 -0.463632 -0.00238523 0.0734835 -0.591586 0.000219347 0.654348 -0.662459 -0.000197348 0.651144 -0.590314 4.62999e-06 -0.786799
4.055 -0.0500977 -0.00162924 -0.489044 0.312855 -0.000158218 0.901606 2.49227 -0.00211891 -0.262672 0.900961 -0.00104336 -2.49866 0.842483 0.000343074 -1.27317 -0.270426 -0.000175256 1.54942 -0.539425 0.000117266 1.55627 -0.268514 0.000190958 -1.58128
4.105 1.14829 -0.00031546 2.68283 0.802442 -0.000216197 0.104282 1.2898 0.00151544 -1.44637 1.43948 -0.00316033 0.94797 1.06482 0.00204067 0.977063 1.17066 -5.93674e-05 0.322665 1.23042 -3.69455e-05 0.317298 1.17117 -2.64262e-05 0.845709
4.155 2.3089 0.00144454 1.61279 0.952504 0.000154037 0.86491 1.28105 0.00056957 -0.661089 1.66086 0.0051444 0.241362 0.898808 -0.00289129 -0.638622 0.6978 0.000203214 -0.133861 0.663556 2.60829e-05 -0.127475 0.697393 -0.000205378 0.701517
4.205 -1.05231 0.000637841 -0.857719 -0.58247 -6.85791e-05 0.0766726 -1.75733 -0.00194953 -0.8146 2.66321 -0.00297947 0.391466 -0.504015 0.00152185 -2.75043 -0.644852 -0.000232752 -1.39605 -0.635928 -8.94275e-05 -1.39944 -0.646617 4.37277e-05 0.157732
4.255 -1.98526 -0.000563391 0.875966 -3.12191 0.000256055 -1.60466 -4.97177 0.00160677 -0.103975 -1.91477 -0.00193453 2.57223 -1.4777 0.00119346 -0.372383 -2.63255 6.63687e-05 -2.90955 -2.32576 0.0001952 -2.92486 -2.63479 0.000249597 1.68751
4.305 -1.74756 -0.000120736 -1.72019 -3.20407 0.00043494 -0.649625 -0.447927 -0.000297102 1.3952 -4.19741 0.00501281 1.2618 -3.03097 -0.00291744 -0.308889 -3.05196 0.000231447 -1.28128 -2.85141 -0.000121025 -1.28846 -3.04916 9.69188e-06 1.819
4.355 -0.696444 0.000529259 -1.90701 -1.11238 -2.11245e-05 -0.144576 0.0253191 -0.000934231 1.7136 -2.13626 -0.00397944 -0.304502 -0.862746 0.00226022 0.289719 -0.71356 -0.000351864 0.23543 -0.649738 -9.22392e-07 0.226892 -0.710002 -4.9248e-05 0.462148
4.405 1.22177 -0.000216028 0.210972 0.863486 -0.000290447 -1.248 1.88023 0.00168083 0.0120756 -1.44688 0.00013405 -1.28386 0.489758 -2.97227e-05 1.87627 0.718805 -4.34409e-05 -0.277909 0.819399 -7.25324e-05 -0.252413 0.715379 0.000124678 -0.0937024
4.455 0.667926 -0.00155539 0.0446484 1.67462 7.21838e-05 1.17748 2.7812 -0.00147492 -0.428764 2.05459 0.00347785 -3.30247 0.385423 -0.00212679 0.575336 1.71593 -0.000142531 2.19483 1.39796 0.000140566 2.20873 1.71121 -0.000131008 -2.67645
4.505 0.453942 -0.000598194 1.73557 2.56676 -0.000281833 2.39715 0.784838 -0.000261936 -1.28572 2.60615 -0.00471214 -1.25309 1.74218 0.00274461 0.594349 1.38161 -5.07837e-05 2.94598 0.93831 -0.000238051 2.95706 1.38284 -0.000408845 -2.28085
4.555 -0.422839 0.000998532 2.70934 0.879558 -0.000698212 0.788547 -0.507903 0.0019007 -0.543366 1.09706 0.00261964 1.14529 0.155524 -0.00139246 1.08456 1.34244 -0.000325726 1.24348 1.26563 9.85993e-05 1.23961 1.34637 9.54104e-05 -0.542768
4.605 -1.04379 0.00121136 -1.44005 -0.510284 -0.000249578 -0.00979026 -1.16204 -0.00190519 -0.48732 1.23689 0.0018752 1.49707 0.443173 -0.00119186 -1.89405 -1.21997 -0.000104991 -0.135401 -1.30114 -4.90993e-05 -0.0921914 -1.2189 0.000434777 -0.425601
4.655 0.0268307 -2.65887e-05 -1.60203 -1.74803 -4.98811e-05 -2.24516 -0.692045 0.000138493 0.689407 -1.49111 -0.00502454 2.42737 -0.318764 0.00274649 -0.991852 -0.834663 -0.000252455 -1.99471 -0.504863 9.75106e-05 -2.02772 -0.836018 4.97683e-05 1.21185
4.705 0.744516 -0.000265597 -1.24303 -1.29912 4.85049e-05 -2.27484 -0.828024 0.00150051 0.397327 -0.91929 0.00407665 1.25771 -0.482551 -0.00212765 0.310629 -0.909135 -9.45262e-06 -2.11972 -0.486901 -5.78478e-05 -2.12108 -0.910058 -0.000338328 2.59612
4.755 1.84623 -0.000334296 -1.34025 -0.0166267 -7.49517e-05 0.27762 0.780894 -0.00178587 0.464237 0.328573 0.000204898 -0.088642 1.57785 -0.000218398 0.0464174 0.0285947 -0.000201631 0.319757 0.0353746 0.000119245 0.312613 0.0279013 3.07985e-05 0.549538
4.805 1.79983 -0.000504513 1.88857 1.23311 0.000228196 0.0636268 0.000262937 0.0010055 0.117295 0.00886386 -0.003944 -2.53592 1.14744 0.00220616 0.877003 1.31269 0.000156049 0.0722217 1.27944 0.000123972 0.0611007 1.3169 0.000175298 -0.515331
4.855 0.306651 -0.000380342 1.21851 1.09343 -5.75463e-05 1.6131 -0.622356 0.000443864 -0.499739 0.378317 0.00455244 -1.39467 -0.014431 -0.00256202 -0.106616 0.533634 3.53421e-05 1.28878 0.202067 -0.000144397 1.31107 0.53817 0.000182047 -2.17164
4.905 -0.191763 -0.000184118 1.14346 1.64586 0.000233718 1.91475 0.324707 -0.00187017 -0.190975 1.55704 -0.00191419 -0.235224 -0.0361763 0.000964713 -0.0424883 1.29226 0.000179226 1.47774 0.991995 -0.000113061 1.48511 1.28961 0.000227739 -1.29415
4.955 -1.17347 0.000438797 -0.687956 1.31643 -0.000138148 -0.620824 0.85425 0.00209771 0.351928 0.228082 -0.00215823 1.25053 1.03306 0.00131682 0.924761 1.49219 -8.40004e-05 -0.809042 1.67215 0.000108696 -0.80869 1.4876 2.00096e-05 1.47841
5.005 0.173508 0.000864566 -1.73512 1.45153 0.000139797 -0.641042 1.31706 -0.000406716 -0.845467 -0.332398 0.00477216 1.84773 0.733942 -0.00275445 -0.507773 1.74415 -8.18339e-05 -0.816628 1.84226 0.000284128 -0.842572 1.74486 -0.000340036 0.390347
5.055 0.0608167 0.000173782 -2.09807 0.314528 -0.000190818 -1.2735 0.196594 -0.0018401 -0.433972 0.893339 -0.00383468 0.441292 0.12307 0.00200495 -0.609496 0.335874 7.72991e-05 -0.980403 0.483603 -0.00121428 -0.98772 0.338131 -0.000283376 0.193503
5.105 0.331214 -0.000115439 1.03156 -1.14972 5.02224e-05 0.395743 -1.92296 0.00231907 -0.0113564 -0.851272 -0.000347938 -0.00656939 -0.898208 0.00033233 0.615386 -1.00652 -7.54766e-05 0.951823 -1.05621 0.000667648 0.949678 -1.00485 0.000133828 -0.788396
5.155 2.12786 0.000260499 0.649944 0.234864 0.000136104 1.15758 -0.682157 -0.0010011 1.10386 -0.497185 0.00420474 -0.210245 0.33233 -0.002416 1.05622 -0.201204 -3.25226e-05 1.64645 -0.361183 0.000764694 1.65235 -0.200954 0.000395626 -0.774582
5.205 1.31557 -0.000566536 0.699143 1.14198 1.15634e-05 0.175847 -0.212131 -0.000787559 0.910665 1.13454 -0.00452208 -1.2631 1.56221 0.00259171 0.612043 1.24173 0.000227628 0.653941 1.19635 -0.000837612 0.653713 1.23877 8.41029e-05 -0.7665
5.255 -0.795838 -0.00120147 -1.03841 1.11313 -0.000108904 -0.386947 1.1925 0.00196555 -0.737078 -0.391766 0.00129006 -0.0280691 1.16139 -0.00070859 -0.366407 0.879128 -6.64945e-05 -0.241489 0.852361 -0.000695262 -0.240832 0.877002 -9.90245e-05 -0.500925
5.305 -2.94973 0.000239489 -0.431049 -0.184536 -0.00010579 -0.80597 0.536892 -0.00197745 -0.594534 -0.64817 0.00268989 -0.456329 -0.799793 -0.00160221 0.164196 0.151156 -0.000205223 -0.767759 0.293257 0.00137157 -0.769263 0.154027 -0.000203064 0.953968
5.355 -0.480449 0.00139905 0.887122 0.335043 -0.000179733 0.471729 -0.412029 0.000653051 -0.377501 -0.458876 -0.00454617 1.53999 -0.585437 0.00261749 0.517869 0.253681 0.000193441 0.311039 0.242828 -0.000421424 0.316454 0.257255 -0.00026618 0.596393
5.405 -0.0587401 0.000250721 0.116703 -0.557145 -4.06978e-05 0.973364 0.171163 0.0016561 0.222387 -0.288579 0.0032202 0.303079 -1.74801 -0.00181666 -1.08363 -0.762965 -3.36592e-05 0.765886 -0.935378 -0.000758802 0.768202 -0.763368 -0.000122787 -0.804197
5.455 0.759119 -0.0013619 -0.188086 -0.649992 3.95682e-05 -0.197402 -1.23417 -0.002751 0.27771 1.54566 0.000588662 -0.684623 -1.27332 -0.000488938 -0.399512 -0.728065 -8.54487e-05 -0.280935 -0.76155 0.000367566 -0.280421 -0.732675 0.00039065 -0.531254
5.505 0.289744 -0.000693294 -0.00350645 -0.498369 5.93421e-05 -0.979504 0.316461 0.00145605 0.453786 0.766815 -0.00417742 -0.488943 0.436323 0.00246189 0.249306 -0.186741 0.000133634 -1.07855 0.00382979 0.00108876 -1.09004 -0.188431 0.000309969 1.00632
5.555 1.01324 0.00116825 0.249938 -0.172013 -4.36344e-06 -0.174396 0.73628 0.000907853 0.135349 -1.4902 0.00452753 -0.647172 1.12539 -0.00257717 -0.160387 -0.0218657 -1.89894e-05 -0.539205 0.101815 -0.00137625 -0.545292 -0.017412 -7.91846e-05 1.23058
5.605 0.708343 0.000916743 0.531162 -0.0387263 0.000169271 0.0647269 0.850066 -0.00229379 -0.487595 0.377038 -0.0011551 0.851998 1.31495 0.000642924 -1.13198 -0.0137482 2.93328e-05 -0.492687 0.0187897 0.000244477 -0.495459 -0.0111974 -0.000312725 0.507653
5.655 -1.24384 -0.000791621 0.648038 -0.537557 -8.09328e-06 -0.295691 0.0117092 0.00199189 -0.39613 0.499897 -0.00312848 -0.609761 0.643594 0.0018138 -0.324718 -0.460896 -5.53598e-05 -0.824131 -0.44095 0.000659342 -0.824132 -0.462719 -0.000133243 -0.00366655
5.705 -0.192079 -0.000515014 -0.314411 -0.497388 4.65599e-05 0.262134 -0.71838 -0.000606612 -0.0275915 -0.427177 0.00471597 -0.00553295 -1.35685 -0.00279581 -0.152165 -0.613194 -4.48682e-05 -0.134559 -0.66016 0.000139573 -0.129914 -0.616064 -9.74797e-05 -0.0301927
5.755 -0.94209 0.000803215 0.402356 -0.438778 7.58497e-05 0.978613 -0.75102 -0.00130322 0.374711 0.260294 -0.00275564 0.285427 -1.61014 0.00161133 0.590144 -0.540688 0.000232253 0.844675 -0.637673 -0.00138654 0.847807 -0.541821 0.000175889 -0.0159682
5.805 0.349031 0.000208073 -0.827687 -0.509562 -6.89873e-05 0.127588 -0.215521 0.00262066 0.41696 -0.103163 -0.00109632 0.451379 -0.761326 0.000612877 -0.0381064 -0.578868 -0.000145722 0.374479 -0.603803 0.00124981 0.376959 -0.576702 0.000304311 -0.0704672
5.855 0.303342 -0.000981882 -0.473508 0.045677 9.77082e-05 -0.821194 1.44148 -0.00184796 -0.0987965 -0.401833 0.00422876 0.0331516 -0.132063 -0.00249694 0.380822 0.144394 -0.000115958 -0.352572 0.186415 2.18692e-05 -0.358188 0.147927 0.000129827 -0.334932
5.905 0.0915304 -0.000535397 -0.427637 0.302703 -8.50863e-05 -0.937627 0.452005 -0.000571583 -0.356185 -0.614442 -0.00431364 -0.552286 1.23136 0.00247399 0.36541 0.466656 0.000280369 -0.391055 0.589809 -0.000450627 -0.393203 0.465589 -0.000333473 0.214149
5.955 -0.111095 0.000932248 0.639446 0.124329 0.000148404 0.792501 -0.859215 0.00239934 -0.342448 0.0353358 0.00106492 -0.149582 0.499572 -0.000544205 0.217521 -0.0345072 -0.000235108 1.14202 -0.131805 -0.000592797 1.1429 -0.0373268 -0.000263691 -0.453116
6.005 -0.0571082 0.000797212 0.805277 0.160104 -0.000190651 0.422259 -0.0919905 -0.00218174 0.673913 0.859946 0.00330977 0.236803 1.08787 -0.00191046 0.144184 0.102167 -3.51247e-05 0.639521 0.0401057 0.00155179 0.643842 0.0998722 -1.14181e-05 -0.4048
6.055 -0.0500029 -0.000761863 0.417085 -0.237864 0.000129246 -0.0728535 -0.596663 0.000416982 0.151037 -0.225707 -0.00504806 -0.378986 -0.801202 0.00291845 -0.291593 -0.284722 0.000165489 -0.130272 -0.321632 -0.0010529 -0.127238 -0.28245 0.00023268 -0.589534
6.105 -0.286521 -0.00108421 -1.04473 0.163736 -0.000103268 0.136179 0.0571616 0.001254 -0.45012 -0.33018 0.00265392 0.356803 -0.667155 -0.00151835 -0.880286 0.107891 1.0711e-07 -0.164824 0.0686949 -0.000134701 -0.168156 0.111615 0.000169424 -0.172934
6.155 -0.763526 0.000828622 -0.248662 -0.0840904 -1.44319e-05 -0.273883 0.384553 -0.00217111 0.212019 -0.47233 0.00165573 0.11121 -0.380129 -0.000950671 0.385576 0.0542745 -7.68243e-05 -0.634532 0.177285 0.000221193 -0.635248 0.0533919 0.000141541 1.26897
6.205 0.769288 0.00121149 -0.263311 0.0494092 -9.04476e-06 -0.232311 0.75685 0.00175397 -0.0713025 -0.183877 -0.0045184 0.374613 -0.76989 0.00266215 0.505243 0.251948 -7.31548e-05 -0.470098 0.350182 0.000926541 -0.474589 0.248464 -0.000160065 0.863843
6.255 0.110991 -0.000631674 0.278887 0.383673 -2.1444e-05 0.0678147 -0.299026 0.000168587 -0.144947 0.617682 0.00400416 -0.404091 0.659874 -0.00231922 -0.301627 0.209416 5.79479e-05 -0.108568 0.142394 -0.00160959 -0.102884 0.209164 -0.00029218 -0.550078
6.305 0.590274 -0.00110568 0.473284 0.315143 -3.47361e-05 0.469415 -0.294671 -0.00215654 -0.0708099 0.374866 -0.000686556 -0.572192 1.25682 0.000315573 -0.334019 0.216047 7.74885e-05 0.494873 0.0922558 0.000815101 0.497306 0.217294 -0.000148193 -0.920512
6.355 0.370509 0.000772847 0.536625 0.332545 5.09174e-05 0.433527 0.351888 0.0023513 0.195836 0.912734 -0.00333696 0.373717 0.549964 0.00196766 0.248223 0.216866 -0.000283084 0.550888 0.189502 0.000208446 0.551734 0.219097 0.000254266 0.0646851
6.405 0.327696 0.00106882 -0.117969 0.0946039 -1.6604e-05 -0.5818 0.15128 -0.000490636 0.0190158 0.342401 0.005039 0.281428 0.405302 -0.00283856 0.523833 0.332464 0.000180015 -0.359599 0.467904 7.60078e-05 -0.365422 0.332379 0.00024228 0.85504
6.455 -0.144826 -0.000817717 -1.16338 -0.188201 -9.84729e-05 -0.705001 0.060829 -0.00150392 -0.335797 -0.835501 -0.00264494 0.23167 -0.950657 0.001453 -0.653539 -0.091057 0.00012456 -0.578063 -0.0218473 -0.00127726 -0.582699 -0.09365 7.92671e-05 0.0209542
6.505 -0.470201 -0.00119958 -0.447713 -0.280575 1.07602e-05 -0.258112 -0.363558 0.00205982 -0.16849 -1.14873 -0.00186163 0.0977937 -0.206765 0.00111875 -0.17142 -0.375529 -0.000228425 -0.0913721 -0.384603 0.00159731 -0.0902253 -0.376373 -0.000167695 -0.353286
6.555 -0.799742 0.00061992 0.632184 -0.383251 -3.5647e-05 0.372599 -0.473949 -0.00126901 0.295234 0.0875129 0.00485455 0.310606 -0.511777 -0.00276841 0.730646 -0.301876 -3.06272e-05 0.681311 -0.341179 -0.000560806 0.684029 -0.300566 -0.000180643 -0.160152
6.605 -0.0422585 0.000882937 0.451057 0.134443 6.63464e-05 0.915805 -0.0447867 -0.000267073 0.481046 0.506079 -0.00395187 -0.19739 -0.0896724 0.00221322 0.461224 -0.164888 0.000177872 1.16578 -0.300088 -0.000292323 1.16174 -0.162693 -0.000149451 -0.652558
6.655 0.0180637 -0.00062739 -0.435785 0.190824 -1.23879e-06 -0.129609 0.145064 0.0017632 0.128363 -0.308956 0.000143406 -0.786626 0.471574 -1.47892e-05 -0.0997948 0.274213 -6.4801e-05 0.0163855 0.25505 -0.000354321 0.0163794 0.274895 0.000166351 -0.520446
6.705 0.42707 -0.000518001 -0.10287 0.0808648 6.13363e-06 -0.565735 0.323884 -0.00209053 -0.541251 0.286094 0.00352407 -0.383369 -0.434671 -0.00209352 0.0113704 0.0430441 -4.75038e-05 -0.677811 0.0914248 0.00152096 -0.677578 0.0396632 0.000268428 0.0992061
6.755 -0.197888 0.00105 0.250872 -0.223016 -7.47356e-05 0.0497609 0.466337 0.000605028 -0.0964696 -0.625797 -0.00477678 0.197272 -0.242129 0.00271396 -0.211239 -0.0310154 -4.54421e-05 -0.281561 0.0310927 -0.00143302 -0.285275 -0.0324341 0.000151147 0.685877
6.805 -0.463519 0.00081045 0.786121 -0.263807 2.30852e-05 0.571901 -0.0404097 0.00154618 0.159898 0.0218304 0.00244437 0.777219 0.205228 -0.00123912 -0.492036 -0.390787 0.00021176 0.0506234 -0.410642 0.000257164 0.0536305 -0.388043 -0.000202886 0.513464
6.855 -0.434854 -0.00101641 0.00366996 -0.444162 -3.58399e-05 -0.00459596 -0.719211 -0.00224735 0.0189658 0.564351 0.00190197 -0.0313657 0.0919335 -0.00120733 -0.761963 -0.404912 -0.000164573 -0.518797 -0.40969 0.000232573 -0.51948 -0.403309 -0.000219185 0.11084
6.905 0.301495 -0.00130431 -0.411028 -0.454024 6.58307e-05 -0.423533 -0.252815 0.00102865 0.15973 0.00361169 -0.00491893 -0.878093 -0.584685 0.00278347 -0.413041 -0.413399 -0.000113441 -0.835577 -0.363226 0.000697138 -0.835968 -0.414208 -0.000124845 0.254097
6.955 0.518263 0.000469026 0.341734 -0.00943723 -1.06957e-05 0.0762463 0.146461 0.000724846 0.0633485 0.0322673 0.00398474 0.13811 -0.251964 -0.00216191 0.34213 0.0440316 0.000300362 -0.183273 0.0758447 -0.00164133 -0.184201 0.0424345 0.000130095 0.5833
7.005 0.431385 0.0013403 0.326542 0.345315 2.41818e-05 0.335508 0.638563 -0.00177222 -0.0190557 -0.0681438 0.000171162 0.285212 0.4705 -0.000216238 0.0687064 0.357206 -5.13027e-05 0.267555 0.35218 0.00118588 0.266581 0.356087 0.000216057 0.376044
7.055 0.151338 4.68242e-05 -0.407409 0.292873 -7.83033e-05 -0.248795 0.350538 0.00169817 -0.364455 0.0986407 -0.00390272 -0.00234689 0.122047 0.00229118 -0.0498504 0.221868 -0.000297885 -0.0372087 0.226529 -6.0294e-05 -0.0377753 0.223262 0.000175508 -0.251229
7.105 0.0488226 -0.00104752 -0.339353 0.323037 6.32176e-05 -0.88605 -0.152111 -0.000457421 -0.164242 0.625579 0.00453926 -0.0582731 0.734077 -0.00256987 0.385483 0.528044 0.000237091 -0.392962 0.602496 -7.4896e-05 -0.394161 0.529967 -0.000131786 -0.218415
7.155 0.0534756 -9.53426e-05 -0.154949 0.219057 9.83733e-06 0.214695 -0.201074 -0.00143929 0.163847 0.251455 -0.00194413 0.320027 0.455383 0.000945139 0.358971 0.0619619 -1.1407e-05 0.74146 0.0105617 -0.000980597 0.743557 0.0618673 -0.000242685 -0.486976
7.205 0.236859 0.000857528 -0.0271402 0.0697601 -2.42808e-05 0.731451 -0.334375 0.00234701 0.0354829 0.10966 -0.00209677 0.589625 0.0755273 0.00139252 0.136386 0.0183931 -0.000112135 1.30077 -0.0797242 0.00164224 1.29863 0.0158958 -0.000144599 -0.673723
7.255 0.00391788 -0.000150408 -0.173282 -0.0706349 5.46069e-05 -0.342082 0.000379605 -0.00114926 -0.0654873 -0.539357 0.0046459 -0.123209 -0.348703 -0.00272513 0.497951 -0.119997 6.50782e-05 0.136964 -0.114283 -0.00091715 0.138767 -0.121378 0.000134677 -0.359165
7.305 -0.427238 -0.00117707 -0.717051 -0.171983 -8.97242e-05 -0.572785 -0.478305 -0.00107367 -0.0142234 -1.0138 -0.00370405 -0.0878941 -0.599447 0.00198828 0.0815327 -0.0522506 0.000172538 -0.237733 -0.0240988 -8.53504e-05 -0.239407 -0.0505015 0.000204615 -0.444273
7.355 -0.285593 0.00010278 -0.203151 0.381138 5.32544e-05 0.26958 0.423168 0.00222466 0.257581 0.153207 -0.000261971 -0.165553 0.495854 0.000363864 0.175305 0.259286 -6.73479e-05 0.38195 0.218163 -0.000102186 0.385012 0.261597 0.000129883 -0.235624
7.405 -0.311113 0.00145254 0.432888 0.122638 6.79075e-06 0.69901 0.0287983 -0.00161118 0.270051 -0.169268 0.00408317 0.023236 0.271842 -0.0024795 0.342963 0.105957 -0.000226293 0.608814 0.0447761 0.001206 0.609737 0.105122 -0.000102067 0.060728
7.455 0.402596 0.000247835 0.531082 0.540617 2.26545e-05 0.292684 0.0847818 2.37377e-05 -0.233354 0.537442 -0.00446342 -0.279204 0.187293 0.0025501 0.115767 0.421022 5.84015e-05 -0.0846308 0.379072 -0.00156964 -0.0821738 0.41893 -0.000202776 -0.0292605
7.505 -0.17443 -0.0012285 0.128256 0.239018 0.000147203 -0.0653247 0.0595716 0.00156913 -0.187343 0.294683 0.00140057 -0.601862 -0.264455 -0.000677091 -0.731602 0.252219 0.00032964 -0.62765 0.243751 0.000606886 -0.627367 0.251783 -0.000174177 -0.0192721
7.555 0.0724486 -0.000322905 0.191661 -0.115869 -0.000184766 0.265306 -0.543743 -0.00231223 -0.267673 -0.184056 0.00251937 0.344448 -0.699179 -0.00165372 -0.762784 -0.156665 -0.000235961 -0.405232 -0.161382 0.000243499 -0.406224 -0.155045 0.000101821 0.497376
7.605 -0.53008 0.000983582 0.335928 -0.355677 0.000220064 -0.174252 -0.261109 0.00130064 0.441679 -0.177288 -0.00443316 0.551987 -0.465337 0.00267956 -0.087013 -0.191665 -3.6989e-05 -0.700413 -0.0686483 0.000301465 -0.703263 -0.190521 0.000216847 1.35734
7.655 -0.146587 0.000253975 -0.190964 -0.339407 -0.000234997 -0.532531 0.320859 0.00102958 0.237905 -0.479282 0.00311663 -0.102913 -0.307076 -0.00172084 -0.281185 -0.155744 0.000281063 -0.811815 -0.0473336 -0.00136266 -0.817428 -0.155899 0.000171813 0.783692
7.705 0.206032 -0.000950948 -0.328927 -0.0346858 9.25462e-05 -0.430404 0.199332 -0.00259836 -0.0882007 -0.110767 0.000552312 -0.38754 0.100193 -0.000536424 -0.55984 -0.0755804 -0.000122149 -0.420585 -0.0642254 0.00137873 -0.421511 -0.0774089 -4.31935e-05 -0.223822
7.755 0.288132 -0.000534284 0.416444 -0.0551119 6.50287e-05 -0.0625862 -0.138672 0.00196894 -0.197906 0.62888 -0.00404225 -0.400435 0.691476 0.00249297 0.206682 -0.00233129 -0.000240449 0.24884 -0.00367451 -0.000284669 0.249185 -0.00348183 -0.000158701 -0.275291
7.805 0.256867 0.000755135 0.363234 -0.140733 -8.09826e-05 0.458593 0.209764 0.000172014 0.0160055 0.181604 0.00433496 0.0834878 -0.084258 -0.00249809 0.63579 -0.253063 0.000273511 0.837509 -0.304211 -0.00025268 0.839979 -0.251629 -0.000221418 -0.193193
7.855 0.585728 0.000647771 -0.0403333 0.11369 0.00011174 -0.0325975 0.0555982 -0.00194722 -0.0445556 0.209032 -0.00106968 0.242363 0.118802 0.000497372 0.388185 0.138041 -6.37031e-05 0.340051 0.129597 -0.000555339 0.340115 0.139902 1.07314e-05 -0.281249
7.905 -0.0939365 -0.000552487 -0.73347 0.134285 -8.53645e-05 -0.398673 0.0720332 0.00230483 -0.26368 0.455216 -0.00298162 0.466938 0.438669 0.00187488 -0.14521 0.118244 -5.51518e-05 -0.117375 0.117302 0.00148559 -0.118359 0.117124 0.000196567 -0.540909
7.955 -0.513575 -0.000425898 -0.801025 -0.323393 7.60856e-06 -0.0302983 -0.0770001 -0.00123933 -0.110609 -0.431616 0.00453523 0.209151 -0.070328 -0.00273077 -0.13695 -0.341459 -0.000218389 0.187788 -0.361323 -0.00113055 0.18594 -0.342696 0.000215102 -0.310589
8.005 -0.275725 0.000733209 0.179332 -0.339121 0.00285758 0.120533 -0.258367 -0.000832198 0.211097 -0.328204 -0.00255548 0.221635 -0.614539 0.00148425 0.799526 -0.299468 0.00132497 0.321974 -0.275178 3.32379e-05 0.324592 -0.299239 -3.27185e-05 0.306273
8.055 -0.139796 0.000578591 0.395969 -0.495446 -0.00241164 0.389419 -0.625115 0.0025774 0.235126 -0.862597 -0.00116681 0.060185 -0.351864 0.000809011 0.180308 -0.543671 -0.000290244 0.517625 -0.604686 0.000139215 0.520811 -0.542038 -0.000161585 -0.361965
8.105 0.234142 -0.00101238 -0.225476 0.167137 0.00212866 0.264658 0.241311 -0.00231334 0.149517 -0.0809496 0.00405317 -0.789207 0.528454 -0.00251696 -0.435367 -0.0278183 0.000417192 0.290734 -0.140307 0.000817177 0.293618 -0.0283116 -0.000180744 -0.891175
8.155 -0.0248592 -0.000743497 0.0673722 0.295664 -0.00119147 -0.243389 0.480553 0.00010361 0.153586 0.494174 -0.00403609 -0.511204 0.543895 0.00236206 0.130846 0.37493 -0.00028722 -0.301155 0.408286 -0.00147186 -0.300375 0.374746 -1.19309e-05 0.12494
8.205 -0.0241648 0.000329993 0.465535 0.253022 0.000441374 0.0580593 -0.0741381 0.0021681 -0.258775 -0.00483644 0.000778634 0.177782 0.0644529 -0.000314784 0.503148 0.326151 0.00107949 -0.222915 0.388492 0.000826488 -0.223662 0.325457 0.000138974 0.823696
8.255 -0.474012 0.0008403 0.143091 -0.0417674 0.000291624 0.317452 -0.0252391 -0.0025533 -0.0910183 -0.167487 0.0032572 0.22391 -0.523623 -0.00200854 -0.639258 -0.0578088 -0.00145446 -0.159257 -0.0691786 0.000141314 -0.157859 -0.05947 0.000224641 0.404931
8.305 0.0708667 -0.000574957 0.0932334 -0.0610003 -0.000535879 0.00814917 -0.191476 0.00115587 -0.146396 -0.0856603 -0.00473975 0.339111 -0.496575 0.00277151 -0.799315 -0.124561 0.00126207 -0.495642 -0.142235 5.92925e-06 -0.497424 -0.123203 1.63084e-05 -0.0613822
8.355 -0.668488 -0.000571575 0.0297114 -0.245168 0.000404965 -0.405036 -0.176214 0.000860068 0.0439986 0.0842998 0.00234639 -0.00919743 -0.907581 -0.00132812 -0.31786 -0.127977 -0.000773924 -0.737585 -0.0557523 -0.00102079 -0.737311 -0.125055 -0.000169259 0.461274
8.405 0.0502688 0.000569076 -0.0495526 -0.103396 1.21731e-05 0.0233607 0.227741 -0.00237221 0.303258 0.203769 0.00176764 -0.434387 -0.336935 -0.00112227 0.102817 -0.0411054 0.00050843 -0.108331 0.00423043 0.00137442 -0.112773 -0.0444598 -0.000190358 0.642843
8.455 0.564209 0.000589038 0.209556 -0.0291593 -9.74135e-05 -0.0571067 0.0687634 0.00236044 0.219599 0.0113072 -0.00432725 -0.20764 0.0848763 0.00260461 -0.0478339 -0.00253311 -0.000344631 0.0208971 0.0370677 -0.000553446 0.0204099 -0.000650588 9.67165e-06 0.276815
8.505 0.438556 -0.000490729 0.322783 -0.277101 -6.85584e-05 -0.388906 -0.125245 -0.000466003 -0.284777 -0.565128 0.00372486 -0.186685 0.661539 -0.0021509 -0.117873 -0.23178 0.000226493 -0.190434 -0.224278 -0.000243123 -0.191165 -0.23482 0.000116349 -0.34738
8.555 -0.202515 -0.000632393 -0.0698065 -0.024676 0.00042771 -0.0931754 0.0195824 -0.00198287 -0.168302 0.125265 -0.000369356 -0.0203303 0.501329 9.86682e-05 -0.185525 -0.0960395 -1.9971e-05 0.139412 -0.127893 -0.000196717 0.141517 -0.0941163 0.000169839 -0.488552
8.605 -0.392437 0.000381189 -0.0808684 -0.219909 -0.000733944 0.169567 0.0185618 0.00281635 0.0832303 0.407724 -0.00340219 0.39876 0.241499 0.00206897 0.508871 -0.198063 8.11998e-05 0.426426 -0.193467 0.00118499 0.425891 -0.196384 6.06999e-05 0.0647736
8.655 -0.0468743 0.000943266 -0.294876 -0.103329 0.000792893 0.14014 -0.278928 -0.00133351 -0.0355769 0.192137 0.00473397 0.589393 0.0247677 -0.00270202 0.543132 -0.110952 -0.000379646 0.347873 -0.116345 -0.00123704 0.348809 -0.111596 -0.000108864 0.0392263
8.705 0.325115 -0.000242232 -0.739983 -0.166197 -0.000493253 0.00822533 0.20097 -0.000949966 0.071923 0.0898405 -0.00234173 -0.137619 -0.751502 0.00121859 -0.0755953 -0.230553 0.000533812 0.142378 -0.282584 0.000253038 0.150332 -0.23269 -0.000228888 -0.591577
8.755 0.343735 -0.00100723 -0.227259 -0.108409 0.000146162 0.0342221 0.131673 0.00231872 -0.152939 -0.584765 -0.00205495 -0.223535 -0.356482 0.00128766 0.0577966 -0.16401 -0.000159508 0.136385 -0.207588 0.000292511 0.1378 -0.162095 -1.81755e-05 -0.521119
8.805 -0.025833 0.00012085 0.555505 0.101939 0.000238293 0.378002 0.157803 -0.00210204 0.00467754 0.154454 0.00472599 0.296805 0.444052 -0.00272773 0.429703 0.0588414 -0.000322623 0.463759 0.0168838 0.000419779 0.465007 0.0582337 0.000124697 -0.0358747
8.855 -0.165676 0.00085462 0.0495684 0.143344 -0.000398229 0.289551 0.0503876 0.000510813 0.234896 0.256813 -0.00365934 -0.292219 1.0308 0.00203426 0.108814 0.11773 0.000499879 0.365249 0.099049 -0.00131136 0.365046 0.118977 0.00015859 0.0716423
8.905 0.158706 -0.000380157 -0.114718 -0.0152458 0.000292283 -0.376922 -0.302167 0.00160501 -0.0802184 0.059426 -5.25797e-05 -0.184264 0.427933 0.000174344 -0.168528 0.0177807 -0.000313416 -0.373322 0.0541244 0.00101271 -0.373046 0.0186101 4.86162e-05 -0.0208509
8.955 0.0439731 -0.00104643 0.0276066 -0.0835185 -4.25893e-05 -0.442508 -0.0135931 -0.00268907 -0.232689 -0.157612 0.00363344 0.0541973 0.245875 -0.00221142 -0.192904 -0.00554791 9.28531e-05 -0.524937 0.0340602 2.35306e-05 -0.526378 -0.00879652 -6.89277e-05 0.0658751
9.005 0.104166 0.000461533 0.045897 -0.0427475 -9.88038e-05 0.3592 0.0616269 0.00153615 0.106364 -0.0295754 -0.00456571 0.274122 -0.530919 0.00259263 -0.252539 -0.0965202 -2.73162e-05 0.166557 -0.116142 -0.000240382 0.166921 -0.0955885 -0.000197091 0.175828
9.055 0.18651 0.00118669 0.0581153 0.0996199 8.71638e-05 0.161054 0.341302 0.000901103 0.0907844 0.288928 0.00215329 0.332471 -0.720212 -0.00105544 0.125579 0.124546 0.000102767 0.00879062 0.148225 -0.00066314 0.00662964 0.125054 -8.28986e-05 0.453789
9.105 -0.0165411 -0.000122083 -0.182227 0.119511 0.000129858 -0.514895 0.146056 -0.00240471 0.00216629 0.111238 0.00207095 -0.275165 -0.0301165 -0.00138042 0.11772 0.228715 -0.000109666 -0.585304 0.29317 0.00130834 -0.585852 0.230275 0.000116345 0.246788
9.155 0.185027 -0.00100019 -0.227066 -0.00644147 -0.000379302 -0.120489 -0.108256 0.00195433 -0.214921 0.197265 -0.00483196 -0.404348 0.0439291 0.00278538 -0.396207 -0.0513345 0.000103708 -0.158083 -0.0695777 -0.000711802 -0.158598 -0.0518318 0.000192981 -0.333951
9.205 -0.183553 0.000294593 0.533251 0.263593 0.000484604 0.374072 0.343791 -0.000221787 -0.0551416 0.0239459 0.00370356 0.0510502 0.887154 -0.00196766 -0.0424623 0.208842 -0.000248098 0.38649 0.167637 -0.000210347 0.388634 0.207285 3.78363e-05 -0.0991086
9.255 0.151741 0.000841905 0.519277 0.0931006 -0.000363158 0.252296 -0.0972834 -0.00149828 0.0749921 0.048335 0.000277895 0.48794 0.142777 -0.000370262 0.20832 0.0900012 0.000453628 0.327239 0.0816649 9.30638e-05 0.326966 0.0888471 -8.67378e-05 0.186003
9.305 0.0168192 -0.000571406 -0.491893 0.075733 6.92344e-05 -0.381866 -0.17508 0.00228398 -0.029636 0.0879835 -0.00390157 -0.0993914 -0.343408 0.00238666 -0.0189109 0.120524 -0.000525052 -0.258379 0.163741 0.000861104 -0.258723 0.123478 -0.000145642 0.0252333
9.355 0.150704 -0.00110049 -0.678729 -0.0486875 0.000223733 -0.532692 -0.0701917 -0.00144728 0.0928383 -0.187249 0.00444858 -0.312354 0.00369585 -0.00251465 -0.097278 0.0275452 0.000299868 -0.3732 0.064977 -0.0011981 -0.374759 0.0270536 -7.78117e-05 -0.133919
9.405 0.324779 0.000418616 0.00447681 0.25762 -0.000369217 0.221342 0.112471 -0.000733494 -0.0489183 -0.120389 -0.00174829 0.420431 -0.0118457 0.000784048 0.279823 0.203477 3.79244e-05 0.349595 0.171546 0.000430423 0.350647 0.203111 4.44119e-05 -0.138175
9.455 -0.284062 0.00114581 0.43028 0.110519 0.000335624 0.594682 0.0193806 0.00239343 0.189081 -0.0149949 -0.00215454 0.174335 0.383599 0.0015059 0.39403 0.0420641 -8.47918e-05 0.709306 -0.0162025 0.000303045 0.71116 0.0416684 0.000184818 -0.174569
9.505 -0.316758 1.9681e-06 -0.132836 0.0352453 -0.000175825 0.233327 -0.09883 -0.00199162 -0.193934 -0.0832575 0.00459195 -0.28679 -0.00461992 -0.00272304 0.100799 -0.0650047 -0.000165854 0.299689 -0.12898 7.41662e-05 0.30109 -0.0662859 9.69856e-05 -0.470775
9.555 -0.147456 -0.00094512 -0.255927 0.0745397 8.84059e-05 -0.281859 -0.217914 -1.77438e-05 -0.0548581 -0.0729671 -0.00353125 -0.182273 -0.203594 0.00183979 0.0577237 0.0916663 0.000381877 -0.250456 0.0933074 -0.000987857 -0.249797 0.0933633 -8.67744e-05 -0.291779
9.605 -0.168516 -0.000182515 -0.0556365 0.0378669 -9.57999e-05 0.062733 -0.0620741 0.00176744 0.147367 -0.253724 -0.000370704 0.00586756 -0.117034 0.000510881 0.0348699 0.0450905 -0.000359055 0.0119073 0.0522394 0.00105435 0.0124419 0.0459993 -0.000175072 0.113284
9.655 -0.0329706 0.000635178 0.10606 0.284679 0.000267425 0.368945 0.490588 -0.00205995 0.0929459 0.136767 0.00397737 0.330781 -0.361945 -0.00248666 -0.125289 0.246985 0.000220228 0.23498 0.232795 -0.000169279 0.235202 0.246341 -5.86216e-05 0.296938
9.705 0.106225 8.94737e-05 0.305328 0.0575222 -0.00057059 -0.365009 -0.0937924 0.00103294 -0.0772932 0.0786619 -0.00437789 -0.100616 -0.22702 0.00248965 -0.129928 0.16187 -0.000173237 -0.501699 0.225527 -0.000354154 -0.503856 0.160427 5.63085e-05 0.395643
9.755 -0.188663 -0.000491383 -0.00405892 0.0544742 0.000681668 -0.463032 -0.296062 0.000786083 -0.189593 -0.143155 0.00133864 -0.293207 -0.231734 -0.000544216 -0.53746 0.112915 0.000200006 -0.62277 0.158117 -0.000246271 -0.624902 0.113242 0.000131404 0.0693965
9.805 0.0883747 0.000213023 0.137913 -0.0100895 -0.000553694 0.0322863 -0.163732 -0.00224569 0.232763 0.0190348 0.00247626 -0.289396 0.131966 -0.00173702 -0.453055 -0.0215096 -8.80929e-05 -0.147158 -0.0183586 0.00107333 -0.148321 -0.021267 9.8917e-05 0.198298
9.855 -0.161446 0.000534908 0.567185 -0.232602 0.000405484 0.108237 -0.322034 0.00196899 0.169501 -0.36701 -0.00433324 0.220026 -0.110631 0.00267589 0.241291 -0.159441 -0.000115903 -0.0472337 -0.11757 -0.000842358 -0.0478933 -0.157408 -2.02594e-05 0.587444
9.905 -0.459954 -0.000215049 0.0980396 -0.163584 -0.000153407 0.0436975 0.0292971 5.25608e-05 -0.0575746 -0.205512 0.00303922 0.0449858 -0.226963 -0.00163171 -0.106111 -0.174687 0.00010036 -0.134867 -0.173261 -9.39898e-05 -0.135203 -0.176435 -0.000168925 0.131955
9.955 -0.498604 -0.000593624 -0.546525 -0.0493639 1.38639e-05 -0.0953993 0.438241 -0.00208151 0.0559403 -0.256664 0.000613272 -0.458228 -0.350727 -0.000688161 -0.384103 -0.0849709 0.000150937 -0.236257 -0.110494 0.000334077 -0.235836 -0.0857791 -0.000111489 -0.289358
10.005 0.227536 2.20817e-06 0.0715687 0.0717316 -2.63249e-05 0.00860222 0.0366785 0.00227887 -0.0934809 0.294772 -0.00388899 0.211075 -0.57007 0.00251684 0.224347 0.0751003 -0.000312934 -0.0185543 0.0770946 0.000480339 -0.0181408 0.0754826 5.47659e-05 0.00133383
10.055 0.171897 0.000425771 0.238686 -0.0525097 0.000162518 0.400782 0.0647453 -0.000723636 -0.0205753 0.337253 0.00416924 0.0427733 0.00348754 -0.00242203 0.465356 -0.0840482 0.000243254 0.454873 -0.110915 -0.00109867 0.455909 -0.0834408 0.000151439 0.0780581
10.105 -0.078752 -7.09129e-05 -0.0313975 -0.175413 -0.000226761 0.252547 -0.246347 -0.0011776 -0.0702705 -0.289011 -0.00104548 -0.142395 0.0562324 0.000373515 -0.0849894 -0.243276 1.20624e-05 0.340208 -0.291817 0.000579878 0.341049 -0.242762 7.65406e-05 -0.288145
10.155 0.193152 -0.000477323 0.043078 -0.0736549 0.000190449 -0.362468 -0.22097 0.00225328 0.030369 0.0411013 -0.00287712 0.185966 0.425615 0.00197737 -0.148673 -0.0514433 -0.000177424 -0.257804 -0.0359833 0.000290128 -0.257964 -0.0513162 -2.62723e-05 -0.274861
10.205 -0.227538 0.000167091 -0.212547 -0.0312212 -2.79714e-05 -0.24637 0.170686 -0.00182631 0.136413 -0.0972828 0.00433478 0.0633545 0.391086 -0.00269971 -0.189622 0.0297725 0.000125732 -0.155793 0.0602416 -0.000213778 -0.156419 0.028398 -0.000119489 0.0592473
10.255 0.155055 0.000756751 -0.148831 0.0146287 -0.000153527 0.187889 0.199412 -6.20467e-05 0.0430374 0.198694 -0.00249898 0.0454598 -0.0176243 0.00137649 0.144678 -0.00968062 -2.14837e-06 0.234936 -0.00577495 -0.000672341 0.234266 -0.0101804 -0.000109336 0.279179
10.305 -0.0399837 0.000183331 0.157282 -0.058653 0.000307692 -0.0980839 -0.0836976 0.00216836 -0.126059 -0.18087 -0.00111831 -0.15026 0.0530605 0.000951206 0.382124 0.0124608 -1.43532e-05 -0.0169361 0.0414854 0.00101457 -0.017066 0.014052 7.04667e-06 0.154046
10.355 0.562733 -0.000585556 -0.0791217 -0.0813891 -0.000341957 0.0382905 -0.116111 -0.00261041 -0.196419 -0.154984 0.00391261 -0.0472253 0.0544547 -0.00257377 -0.131887 -0.167137 2.4972e-06 0.103443 -0.224577 -0.000307625 0.105301 -0.16683 0.00014137 -0.602393
10.405 0.0665849 -0.000478294 -0.196548 -0.0216551 0.000246396 0.180588 -0.0433852 0.000825903 0.170489 0.478937 -0.0037955 0.0590579 0.146873 0.0022579 -0.128056 -0.112105 -3.46831e-05 0.250092 -0.164643 -0.000390086 0.251822 -0.112348 0.000108903 -0.418493
10.455 -0.16783 0.000209331 0.00857998 -0.167903 -0.000119329 -0.0435676 -0.219886 0.00153605 0.100432 0.211329 0.000712344 0.489667 0.119509 -0.000191991 0.543638 -0.0848183 6.57476e-05 0.0656286 -0.0374765 4.22585e-05 0.0646941 -0.0861986 -2.45943e-05 0.412957
10.505 -0.345172 0.00027034 -0.225578 -0.0990302 2.59355e-05 -0.203677 0.111856 -0.0025734 -0.236402 -0.257015 0.00313674 0.236551 -0.159565 -0.00210895 0.237632 -0.0450711 -3.57261e-05 -0.113565 1.32447e-05 0.000799483 -0.114859 -0.044937 -0.000124722 0.314587
10.555 0.453429 -0.0002887 -0.337003 0.039685 -6.73264e-05 -0.260099 0.46884 0.00177631 -0.0832602 -0.00830771 -0.00446433 -0.387082 0.10808 0.00272903 -0.379645 0.0545526 -0.000133656 -0.193457 0.0567962 -0.00086488 -0.194269 0.0554636 -9.20914e-05 -0.263707
10.605 0.409142 -7.69411e-05 0.288408 0.0983009 0.000173776 0.064341 0.191534 0.000211415 -0.0150761 0.0912796 0.00217584 -0.0224326 -0.0263201 -0.0011958 -0.233051 0.0361453 0.000275677 0.104406 0.00320884 6.47182e-05 0.105163 0.0368818 -3.24382e-06 -0.321437
10.655 -0.0762984 0.000645665 0.552061 -0.00537019 -0.000219166 0.305668 -0.277288 -0.00214301 0.174264 0.356761 0.00170588 -0.0952485 0.391844 -0.0012345 0.23749 -0.00759926 -0.000201671 0.326409 -0.0251009 0.00041452 0.327008 -0.00834841 0.000106001 0.127893
10.705 -0.0525031 0.00020178 0.0637382 0.0793834 0.00024829 0.173767 -0.129371 0.00270129 0.138886 0.345594 -0.00419139 -0.28387 0.438536 0.00266561 0.00191157 0.0630557 -2.03824e-05 0.0945747 0.0611735 0.00012611 0.0953117 0.0624587 0.000117615 0.164779
10.755 0.557273 -0.000728095 -0.220897 0.256903 -0.000167241 -0.231835 0.220962 -0.001121 -0.193273 0.0107848 0.00348594 0.173739 0.391256 -0.00206424 -0.260635 0.273289 0.000137631 -0.404838 0.287888 -0.00087774 -0.405174 0.27299 1.11039e-05 -0.0214791
10.805 0.120912 -0.000478408 -0.211469 0.137155 -4.37417e-05 -0.210472 0.0264142 -0.00152839 -0.239825 -0.0779474 -0.000227931 0.344905 0.00944056 -5.16548e-05 -0.182544 0.177112 -6.23546e-06 -0.381667 0.197455 0.0006997 -0.38242 0.177763 -0.000121861 0.0896762
10.855 -0.432507 0.000611494 -0.27486 -0.0826788 9.81245e-05 0.295918 -0.0558373 0.00292058 -0.0476834 -0.20241 -0.00331497 0.264014 -0.590306 0.00217627 0.200842 -0.124271 -0.00010329 0.231142 -0.136281 0.000151828 0.230539 -0.123203 -0.000114084 0.156129
10.905 0.072373 0.000742829 -0.019231 0.0421274 -0.000128138 0.0637654 -0.137881 -0.00198901 0.160814 -0.00516985 0.00448288 0.0616355 -0.0158285 -0.00268003 0.586332 0.0683052 9.32113e-05 0.226589 0.0753694 -0.000404047 0.227244 0.0677311 6.02692e-06 0.0696625
10.955 0.11961 -0.000340648 -0.0769608 -0.0200841 8.96732e-05 -0.11747 -0.231068 -0.000320138 0.211844 0.0624829 -0.00205533 -0.0688493 0.172976 0.00105569 0.195817 -0.0575764 -9.93328e-05 0.185126 -0.0900073 -0.000308805 0.187076 -0.0586486 0.000101468 -0.565554
11.005 0.216836 -0.000890897 -0.32627 0.283926 4.22309e-05 0.0903435 0.152202 0.00223805 -0.0409483 0.17675 -0.00206907 -0.379677 0.453087 0.00140793 -0.280763 0.189462 7.06549e-05 0.407163 0.127613 0.00089901 0.407945 0.189187 9.29765e-05 -0.737
11.055 -0.206409 0.000128047 0.276574 -0.0300914 -6.63205e-05 -0.0802648 0.135096 -0.00262387 -0.0647013 -0.358841 0.00455091 -0.0323781 -0.121635 -0.00275098 0.417322 0.0121716 -0.00012416 0.19157 0.0408568 -0.000463093 0.190297 0.0134389 2.20658e-05 0.161815
11.105 -0.417396 0.000757177 0.352943 -0.0444064 -7.11406e-06 -0.152946 -0.418437 0.00124502 -0.215968 -0.45695 -0.00343395 0.374487 -0.228142 0.00194429 0.290756 0.0584744 9.96224e-05 -0.0242275 0.109172 -0.000348822 -0.026224 0.0588607 -8.2235e-05 0.388411
11.155 -0.332545 3.39833e-05 -0.276043 0.134452 2.57523e-05 -0.00573133 0.170338 0.00125093 0.205625 0.262154 -0.000236474 -0.102215 -0.0583022 0.000333804 -0.654969 0.0671851 9.1106e-05 -0.0964437 0.0453063 0.000318543 -0.0961163 0.0668679 -0.00012263 -0.212488
11.205 -0.192762 -0.000661324 -0.0868278 -0.00519018 -0.000117503 -0.12191 -0.0993902 -0.00294474 0.047257 -0.146628 0.00358639 -0.134482 -0.526844 -0.00228668 -0.478507 0.0171821 -0.000130197 -0.333407 0.0166051 0.000492801 -0.333252 0.0160503 -2.74102e-05 -0.0315112
11.255 -0.045091 -0.000158568 0.522511 -0.117323 -0.000105107 0.0720378 -0.311196 0.00227189 0.0486396 -0.0144416 -0.0043946 -0.0362269 -0.77577 0.0025469 0.224195 -0.075736 -9.27759e-05 -0.246349 -0.0417085 -0.000844886 -0.245643 -0.0755283 0.000102832 0.537931
11.305 -0.276525 0.000571574 0.243361 -0.0874278 -0.000124156 0.406713 -0.0323539 0.000205565 0.178225 -0.338334 0.00189295 -0.417543 -0.276777 -0.000862688 -0.197988 -0.114598 -0.000308278 -0.00628041 -0.12451 0.000191926 -0.00615496 -0.114014 0.000114106 0.387418
11.355 -0.101653 0.000198304 0.142358 -0.119394 -0.000163606 0.0486451 -0.0513455 -0.00235976 0.0164506 -0.500223 0.00218618 -0.0813461 -0.34043 -0.00151895 -0.452298 -0.142526 0.000117689 -0.382044 -0.152928 0.000460993 -0.383261 -0.142156 1.66546e-05 0.108081
11.405 -0.421031 -0.000488533 0.171402 -0.0748974 -4.82339e-06 -0.366143 0.0162652 0.00261926 -0.0620054 -0.0798629 -0.00466278 -0.122094 0.0890178 0.00275763 -0.22238 -0.00332286 -0.000184719 -0.709823 0.0486131 -0.000162869 -0.710532 -0.00350299 -8.18665e-05 0.295166
11.455 -0.627581 -3.87315e-05 -0.0598664 -0.137382 8.48565e-05 0.169709 -0.00180181 -0.00111952 0.0465772 0.0775031 0.00349329 -0.0891693 -0.0848258 -0.00183571 -0.106743 -0.129106 0.000242413 -0.0886363 -0.122324 -0.000622971 -0.089486 -0.129809 -9.95465e-05 0.318906
11.505 0.0151739 0.000595597 0.237501 -0.0223215 -0.000188191 0.271734 -0.0104434 -0.00108805 0.0577949 0.0450425 0.000449892 0.076755 -0.391948 -0.000546206 0.0627835 -0.0474925 -0.000192826 0.132593 -0.055837 0.000700397 0.133577 -0.048236 -3.30581e-05 0.28797
11.555 0.398771 7.8542e-06 0.123715 -0.0942757 0.000248142 -0.119075 -0.204046 0.00265805 -0.030881 -0.0821423 -0.00390109 0.0398088 -0.483639 0.00242538 -0.0379854 -0.0550664 4.96753e-05 -0.097354 -0.0481685 3.54055e-05 -0.0971856 -0.0537865 6.90053e-05 -0.0935354
11.605 0.280904 -0.000564111 -0.275855 0.0155073 7.02123e-05 -0.158994 0.0507194 -0.00230321 -0.0598737 0.204235 0.00430243 -0.133246 -0.30853 -0.00243599 -0.351869 -0.0443299 6.50756e-05 -0.042656 -0.0619223 -0.000484558 -0.0427372 -0.0433943 0.000112368 -0.376056
11.655 -0.138622 -7.44749e-05 -0.0167062 -0.0603856 -0.000139135 -0.155893 0.0197724 6.38616e-05 0.0652346 -0.0799716 -0.00160647 -0.0209963 0.457146 0.000628992 0.233546 0.00878362 0.00013615 0.0860153 0.035651 3.59155e-06 0.084201 0.00766287 4.71695e-05 0.0840128
11.705 -0.262214 0.00038812 0.137543 -0.107456 0.000161181 0.0247037 -0.160246 0.00225937 -0.129645 -0.10206 -0.00228535 0.393094 0.62946 0.00165879 0.336655 -0.0845677 -0.000249584 0.308822 -0.0654685 0.00069391 0.308999 -0.0850276 -7.38823e-05 0.122894
11.755 0.0173724 4.17609e-05 -0.2753 -0.128053 5.67026e-05 -0.0253028 -0.127538 -0.00268761 0.0678302 0.0770099 0.00452421 0.00712615 0.408997 -0.00269287 0.0372428 -0.167423 0.000211201 0.277004 -0.194155 -0.000546006 0.277472 -0.167151 -0.000110848 -0.412302
11.805 0.342146 -0.000448871 -0.278149 -0.122633 -0.000184078 -0.186219 0.107092 0.00101469 0.0669352 -0.0714278 -0.00336893 -0.13026 0.0599705 0.00169099 0.0676055 -0.133195 -3.05474e-05 0.100055 -0.157912 -0.000217849 0.100668 -0.133228 -3.3784e-05 -0.542047
11.855 0.480858 -8.14375e-05 -0.0938929 0.0660735 0.000360385 0.167806 0.117397 0.00118235 -0.0793645 0.177371 -0.00047746 0.256599 0.11456 0.000673231 0.482472 0.00265128 4.20329e-05 0.386395 -0.0279965 0.000458344 0.388408 0.00394072 6.21052e-05 -0.276223
11.905 0.304007 0.00056018 -0.157388 0.0430695 -0.000359956 0.295025 0.0501682 -0.00242416 -0.0811297 0.478486 0.00399723 -0.00793066 0.194596 -0.00253981 0.400178 0.0399524 -0.000200567 0.433499 0.0191245 0.000162628 0.433464 0.0392945 0.000100054 0.0160124
11.955 0.386551 8.38174e-05 -0.238265 0.175553 0.000252479 0.00263005 0.292645 0.00200356 -0.0739935 0.373739 -0.00424714 0.151413 0.355962 0.00236846 0.103271 0.134185 0.000288645 0.0188391 0.123742 -0.000724533 0.0189694 0.133153 4.55901e-05 -0.0894641
12.005 -0.0198737 -0.000461921 -0.0537172 -0.0757625 -8.50951e-05 -0.271053 -0.0873493 -9.74906e-05 -0.138198 -0.0820829 0.00128295 0.182659 0.425226 -0.000374367 -0.206433 -0.0145974 -4.68058e-05 -0.302351 0.000498956 0.000367851 -0.303322 -0.0144135 -5.07756e-05 -0.145655
12.055 -0.00623837 -6.7705e-05 0.0586713 0.0299559 0.000147288 0.089189 -0.261299 -0.00202426 -0.100921 0.0862595 0.00251214 0.135262 0.248362 -0.00185547 -0.173692 -0.0268149 7.2589e-05 0.0116905 -0.0431447 0.000381171 0.0118019 -0.0262467 -0.000108836 0.0201245
12.105 0.186948 0.000427645 0.135476 0.0464471 7.29018e-06 0.224974 0.187087 0.00261209 0.141433 0.196821 -0.00433825 -0.0150973 0.132502 0.00264126 0.0261855 0.0770133 -0.000112042 0.198726 0.0792168 -0.000398743 0.198455 0.077523 -5.03754e-05 0.239627
12.155 0.223568 -2.91704e-05 0.0499532 -0.0358798 9.82084e-05 -0.246432 0.0336058 -0.000995465 0.100429 -0.103463 0.00294482 -0.0897451 0.0706613 -0.00144013 0.194595 -0.00179976 0.000197063 -0.224079 0.0410398 -0.000329318 -0.224315 -0.00179593 5.76418e-05 0.211051
12.205 0.168178 -0.00035081 -0.158283 -0.0330582 -8.00064e-05 -0.255138 -0.0657768 -0.00135249 -0.0116423 0.0816511 0.000629056 -0.198846 -0.0831768 -0.000855231 -0.242788 -0.000100903 -0.000148323 -0.198868 0.000626424 0.000693885 -0.199254 -0.00133821 0.00010253 -0.243196
12.255 -0.0447937 -2.24662e-05 -0.163058 -0.00417452 5.36216e-05 0.102426 0.0771687 0.0024469 -0.00848382 -0.074404 -0.00386639 -0.122617 0.205968 0.00256306 -0.121838 -0.0736292 2.5367e-05 0.140978 -0.0960419 -0.000132879 0.141539 -0.0736525 4.05694e-05 -0.161346
12.305 0.113843 0.000300362 0.371197 0.134101 -1.13071e-05 0.104964 0.250324 -0.00168038 -0.0990758 0.166601 0.00407893 0.381697 0.156695 -0.00228158 0.447725 0.183404 3.71835e-05 0.159256 0.202943 -0.000499382 0.15837 0.184561 -4.15675e-05 0.280961
12.355 -0.092752 4.37391e-07 -0.00536845 0.129269 -1.70632e-05 -0.000944803 0.082606 -0.000209043 -0.0512224 0.339567 -0.000996241 0.116603 -0.0430352 0.000181581 0.114252 0.134355 2.9399e-05 -0.00389406 0.135107 0.000261498 -0.00460325 0.134187 -8.9563e-05 0.0636674
12.405 -0.103283 -0.000432414 -0.425813 0.0696368 5.27613e-05 -0.0061206 0.0162495 0.00193402 -0.0890844 -0.0434232 -0.00276894 -0.249297 -0.227834 0.00204673 -0.484185 0.0130663 -5.23161e-05 -0.0759711 -0.0174173 0.000470081 -0.0750096 0.0132272 -6.0609e-05 -0.346506
12.455 0.0363438 -0.000133658 0.146357 0.0509159 -7.69536e-05 -0.0511456 -0.180492 -0.00235269 -0.00069035 -0.160449 0.00427012 0.0809185 -0.313055 -0.00265658 0.0154296 0.0723884 6.26106e-05 -0.115173 0.0787132 -0.000579674 -0.11492 0.0715121 3.18981e-05 0.0350943
12.505 -0.204476 0.000512224 0.337206 -0.0284087 6.35988e-05 0.168797 -0.0486988 0.000928647 0.201242 -0.221476 -0.00244494 0.0387483 -0.223076 0.00120116 0.198564 -0.0184913 -4.35741e-05 0.121536 -0.0101492 -9.26796e-05 0.122713 -0.0186849 0.000103257 0.293557
12.555 -0.158332 0.000310775 -0.0295092 0.0950319 -9.64003e-06 0.160522 0.0634291 0.00141766 0.111069 -0.0742685 -0.00108685 -0.176308 -0.039112 0.00111055 -0.201108 0.068253 5.96505e-05 0.128309 0.053779 0.000528703 0.127084 0.0691168 6.13807e-05 -0.0227841
12.605 -0.189923 -0.00026909 -0.053296 -0.00195907 5.7358e-06 -0.365158 -0.242456 -0.00260283 -0.0313203 -0.401722 0.00379355 -0.166604 0.318047 -0.00259554 -0.115019 0.0312512 -0.000173435 -0.36399 0.0579179 -9.6387e-05 -0.364077 0.0317258 -4.02689e-05 -0.0497695
12.655 -0.158202 -0.00027101 -0.0178888 -0.0463118 -1.71229e-05 -0.146285 -0.00127849 0.00161443 0.0427798 -0.266423 -0.00370956 -0.134355 -0.0797118 0.00213893 0.038323 0.000856505 0.000232231 -0.171837 0.0157083 -0.000538978 -0.172893 0.000213473 -9.42991e-05 0.0303773
12.705 -0.235622 0.000251376 0.0897557 -0.0328043 2.62946e-05 0.374848 -0.156631 0.000575956 0.0392633 -0.0333554 0.000653307 0.0493952 -0.467652 4.65796e-06 0.0813435 -0.101289 -9.87915e-05 0.274735 -0.124935 0.000431409 0.275721 -0.101673 -5.13691e-05 0.11896
12.755 -0.329973 0.000170352 0.306056 -0.0497758 -4.81136e-06 0.201297 -0.0142606 -0.00219255 0.0183701 -0.0370743 0.00298593 0.201287 -0.60636 -0.00218001 0.0979942 -0.0442538 -5.17575e-05 0.084576 -0.0585942 0.000259522 0.0856447 -0.0446118 2.72208e-05 0.0829285
12.805 -0.248149 -0.000502869 -0.199093 -0.0271037 -5.73819e-05 -0.0856277 0.174048 0.0021795 -0.0201533 -0.159973 -0.00426631 -0.162998 -0.519845 0.00266924 -0.30199 -0.0638842 6.54673e-05 -0.256352 -0.0707724 -0.00049706 -0.255121 -0.0631148 7.82373e-05 -0.122035
12.855 -0.0180992 -0.000371249 -0.0923945 0.0995583 3.92647e-05 -0.117907 0.167331 -0.000660324 0.0295473 0.221691 0.00210966 -0.326074 -0.0977981 -0.00105172 -0.269314 0.130188 -3.62815e-05 -0.27929 0.148428 -5.96174e-05 -0.28056 0.131172 6.52012e-05 0.0939954
12.905 -0.0374914 0.000496129 0.441591 0.05561 -0.000112706 0.0301941 0.0974451 -0.00148457 -0.00272562 0.0133592 0.00166243 0.00855918 -0.0822126 -0.00136178 0.00812779 0.102503 -5.34693e-05 -0.119895 0.135125 0.000577172 -0.120772 0.101345 -1.07532e-05 0.484843
12.955 0.00942792 0.000410006 0.424615 -0.076572 0.000182821 0.121691 -0.216909 0.00268318 -0.0323851 -0.251793 -0.00398645 0.020924 0.0834782 0.00266659 -0.226165 -0.0747792 1.18187e-05 -0.0115693 -0.0682605 -0.000279256 -0.0121117 -0.0748283 -9.26435e-05 0.22551
13.005 -0.105114 -0.000152899 0.033878 -0.0477465 -0.000216231 -0.229286 -0.0791049 -0.00172354 0.0809962 0.137597 0.00333397 -0.173099 0.24219 -0.00196711 -0.402476 -0.0325535 4.89505e-07 -0.322141 -0.0167559 -0.000395321 -0.322717 -0.0327941 -6.81683e-05 -0.0247345
13.055 0.271586 -0.000270451 -0.157875 0.0156919 0.000208461 -0.283846 -0.0632626 -0.000712337 -0.00127278 -0.123409 -0.000178011 -0.01397 0.115741 -0.000218175 -0.117287 0.0605016 6.84154e-05 -0.32177 0.089338 0.000435285 -0.322938 0.0611198 2.63258e-05 0.0883393
13.105 0.100213 9.1594e-05 -0.139665 0.0455238 -0.000160391 0.0637029 0.120836 0.0025604 0.0445948 0.117869 -0.00322363 0.226575 -0.0778686 0.00226804 0.284321 0.0696087 -0.000113382 0.0877143 0.0879322 0.000219175 0.0870959 0.0700459 8.56435e-05 0.238583
13.155 0.0533674 0.000174973 -0.181971 0.0437772 9.48343e-05 0.189914 0.0812757 -0.00233585 -0.0354619 0.289985 0.00421174 0.0983823 0.151876 -0.00260766 0.324959 0.0154945 3.67159e-05 0.295057 -0.00173959 -0.000580159 0.296525 0.0152696 5.57339e-05 -0.0330659
13.205 0.102915 -0.000162808 -0.204041 -0.0551093 -8.50059e-05 0.0403232 0.107083 0.000425573 -0.145956 -0.185711 -0.00189074 0.0954786 -0.14217 0.000924148 0.196643 -0.109658 0.000132815 0.232076 -0.158172 9.12989e-05 0.233249 -0.110872 -1.03088e-05 -0.537309
13.255 0.207639 -0.000268145 -0.156994 0.0510459 7.69372e-05 0.00676494 -0.0955591 0.00168464 -0.14164 -0.042001 -0.00203738 0.102959 0.335017 0.00152464 0.193213 -0.00465947 -0.00017845 0.279175 -0.0425371 0.000504945 0.280776 -0.00387236 -7.52685e-05 -0.560993
13.305 0.0176164 0.000223068 -0.179672 0.0342101 -7.02061e-05 0.243969 0.0893628 -0.00270979 0.0966258 0.491818 0.00433013 0.0975275 0.526922 -0.00274699 0.297902 -0.00998676 4.74073e-05 0.55315 -0.0475683 -0.000319398 0.554003 -0.00992171 -7.24719e-05 -0.277951
13.355 0.138068 0.000355196 -0.0908171 -0.0466803 5.41079e-05 -0.0372962 0.109589 0.00181091 0.065795 0.0534218 -0.00318609 0.11821 0.154191 0.00182665 0.361683 -0.0262848 7.15968e-05 0.257565 -0.012458 -0.000362653 0.257298 -0.0258139 3.63972e-06 0.0320242
13.405 0.202171 -0.000194702 -0.0287902 0.0185142 -2.49335e-05 -0.33786 -0.17018 0.000607289 -0.144673 -0.0932521 -0.000308464 0.0189412 0.152707 0.000456795 0.00759863 0.079103 -0.000110692 -0.122356 0.108626 0.000503228 -0.123211 0.0790639 8.66327e-05 -0.136324
13.455 -0.0146325 -0.000327834 -0.161712 -0.0817992 -3.71287e-05 -0.0406025 -0.0133289 -0.00271553 -0.0329509 -0.129106 0.00355342 -0.118273 0.10886 -0.00235876 -0.421474 -0.147725 3.81283e-05 0.018601 -0.17521 0.000104807 0.0187771 -0.148742 6.54038e-05 -0.320646
13.505 0.386332 0.000114734 0.187546 -0.0378255 0.000167844 0.102677 -0.129921 0.00267801 0.0642861 -0.0518644 -0.0041563 0.0525136 0.125593 0.00247471 0.0506888 -0.018412 0.000104151 0.0680871 -0.0133306 -0.000542795 0.0682316 -0.0183326 -1.05294e-05 0.175947
13.555 -0.223103 0.000236088 0.301694 0.0186564 -0.000141617 0.0286137 0.04858 -0.000503766 0.157302 0.347725 0.00165782 0.17093 0.0948702 -0.000720986 0.327245 0.0583926 -3.56263e-05 -0.102146 0.0923079 0.000156472 -0.102107 0.0594081 -6.80196e-05 0.427131
13.605 -0.231219 -0.000153317 -0.281445 0.00375443 0.000145783 0.0537156 -0.0113439 -0.00191939 -0.0557056 -0.0961708 0.00222453 -0.265365 0.0305061 -0.00161656 -0.308053 -0.022147 4.35451e-05 -0.175798 -0.0399427 0.000451835 -0.175783 -0.0222053 -6.00721e-05 -0.0380696
13.655 0.023932 -0.000297551 -0.0797488 -0.0459349 -7.359e-05 -0.0369499 0.0886969 0.00284103 -0.151111 -0.0558883 -0.00453569 -0.106739 -0.480035 0.00274426 -0.261544 -0.0729977 -4.55149e-05 -0.296887 -0.0811924 -0.000368659 -0.296679 -0.0733638 -1.13948e-05 -0.0390727
13.705 0.116089 0.000231278 0.330054 0.0520326 7.89154e-05 0.0424309 0.0675559 -0.00180351 -0.0866927 0.0310778 0.00322763 0.212766 -0.191771 -0.00170821 0.13166 0.0957094 9.30041e-05 -0.157411 0.119669 -0.000271902 -0.157368 0.095585 6.48309e-05 0.341439
13.755 0.0807282 0.000483155 0.0561521 0.159602 -8.75018e-05 0.219299 0.211611 -0.000525299 0.142062 0.156689 0.000583583 0.0376145 -0.150706 -0.00065828 -0.0508764 0.138467 -7.34789e-05 0.101961 0.132519 0.000509369 0.101697 0.137771 7.79202e-05 0.240859
13.805 -0.16738 -0.000167063 -0.0692833 0.0282552 0.000120482 -0.217795 -0.260039 0.00260906 0.0244972 0.145621 -0.00386628 -0.135509 0.158516 0.00246635 -0.2069 0.0675248 -5.98349e-05 -0.213439 0.093447 3.39362e-06 -0.214615 0.0686107 6.56285e-06 0.0508863
13.855 0.158327 -0.000462251 0.00630905 -0.00467962 -0.000164856 -0.380405 -0.184997 -0.0028415 -0.0930946 0.0316519 0.00416013 -0.116985 0.233635 -0.00235213 -0.131439 0.0451504 9.06416e-05 -0.290397 0.0769027 -0.000477377 -0.291583 0.0454821 -7.63573e-05 -0.062656
13.905 -0.0597836 4.32163e-05 0.115088 -0.0492164 0.000155287 0.087267 -0.0813211 0.000796884 0.110352 -0.515668 -0.00136894 -0.0126348 -0.0469052 0.000459486 -0.0620941 -0.0659067 -6.74728e-06 0.195771 -0.0795622 0.000221375 0.195536 -0.066617 -6.5416e-05 -0.0611702
13.955 -0.295861 0.000323564 0.192485 -0.0812677 -0.000130329 0.242728 -0.113881 0.00189903 0.0792332 -0.29909 -0.00237779 0.197667 -0.0478261 0.00175027 0.208512 -0.104693 -9.74283e-05 0.37052 -0.121232 0.000390857 0.370932 -0.105433 -1.63152e-06 -0.00996268
14.005 -0.284484 -8.50534e-05 -0.241746 -0.0315724 5.62138e-05 -0.0177653 0.0503409 -0.00300602 0.011224 0.0139902 0.00447153 -0.0241686 -0.188416 -0.0026695 0.161988 -0.0458354 2.65603e-05 0.10093 -0.0587314 -0.000441651 0.101543 -0.0451392 5.43851e-05 -0.214529
14.055 -0.113226 -0.00028881 -0.435103 -0.151978 -6.37181e-05 -0.1169 -0.171449 0.00184611 -0.00993017 -0.15344 -0.00319016 -0.288395 -0.334616 0.00153395 0.139676 -0.169284 4.69001e-05 -0.0304696 -0.187493 -0.000142488 -0.0299265 -0.169317 6.11901e-05 -0.333596
14.105 -0.250332 5.20437e-05 0.0536583 -0.0154843 9.04646e-05 0.205166 0.149174 0.000535191 0.0694105 0.0395616 -0.00065446 0.0770801 -0.25328 0.00082668 0.210426 -0.0596245 -3.5465e-05 0.222043 -0.0880446 0.000485937 0.223228 -0.0596761 2.07881e-05 -0.14294
14.155 0.0978624 0.000398147 0.298825 0.00113011 -4.49675e-05 0.425844 0.00721155 -0.00246353 -0.0342986 -0.190642 0.00397493 0.230086 -0.00545036 -0.00254877 0.0907665 -0.0535917 -5.08973e-05 0.357472 -0.0930113 -6.9024e-05 0.358152 -0.0529732 -5.59684e-05 0.012329
14.205 0.0671864 -8.37415e-05 0.120247 0.0291404 0.000139807 -0.0573987 0.0110886 0.00269577 -0.10395 0.281224 -0.0041781 -0.0734504 -0.195667 0.00227671 -0.20445 0.0418387 0.000109537 -0.200236 0.0538657 -0.000484622 -0.200755 0.0408776 -7.71809e-05 0.142813
14.255 -0.0808542 -0.000450942 -0.0681137 0.0637182 -2.91093e-05 -0.42472 0.14916 -0.000960586 -0.0172134 0.138728 0.00114365 -0.315338 0.162456 -0.000219386 -0.368896 0.146634 9.93099e-05 -0.609058 0.203025 0.000340394 -0.610889 0.146304 -1.49862e-05 0.251769
14.305 -0.122321 1.84524e-05 0.152948 -0.0904232 -3.26197e-05 -0.125726 -0.283688 -0.0016435 0.0906699 -0.293128 0.00260419 -0.0263719 -0.0341635 -0.00193767 -0.353905 -0.0473527 -0.00015531 -0.349612 -0.010713 0.000285792 -0.350649 -0.046038 6.44935e-05 0.383737
14.355 0.0444752 0.000440841 0.44098 -0.125513 7.84405e-05 0.167621 -0.105446 0.00299522 0.154102 0.0349713 -0.00430954 0.113244 -0.0809002 0.00259399 -0.162886 -0.110217 0.000101918 -0.0344388 -0.0957672 -0.000440994 -0.034751 -0.110417 6.31903e-05 0.404849
14.405 -0.000614225 0.000136851 0.0831996 -0.103495 -8.33771e-05 0.00957675 0.0641097 -0.001942 0.0355321 -0.216873 0.0028823 -0.148873 0.00595763 -0.00130778 -0.154659 -0.0981646 8.71172e-05 -0.136335 -0.0907455 -0.000107777 -0.136866 -0.0987433 1.54469e-05 0.129676
14.455 0.0517557 -0.000229925 -0.185664 0.0302106 7.66741e-05 -0.269593 0.134418 -0.000531565 -0.10618 0.0557536 0.000769816 -0.0705577 -0.12627 -0.00100829 0.00591227 0.0457323 -0.00020102 -0.300846 0.0614939 0.000526142 -0.301258 0.0460295 -4.27746e-05 -0.0635855
14.505 -0.0368439 -0.000172494 -0.217068 -0.0170427 -3.78553e-05 -0.0250297 -0.0365345 0.00242452 -0.0857973 0.272162 -0.00388243 -0.00977345 0.180636 0.002572 0.184621 -0.00158924 0.000129437 0.0540209 -0.00252076 -0.000187825 0.0543132 -0.00245045 -6.35503e-05 -0.0769729
14.555 0.406073 0.000139381 -0.14455 0.144344 -7.87504e-06 0.343801 0.412127 -0.00246471 -0.000633201 0.343248 0.00400921 0.25934 0.157339 -0.00216129 0.295889 0.0666862 -3.70219e-05 0.498914 0.0288334 -0.000390771 0.499977 0.0676809 -3.4039e-05 -0.140932
14.605 0.143049 0.000130813 0.0859561 0.037243 1.06893e-06 0.00841636 -0.0414743 0.000816708 -0.0961489 0.0724158 -0.000970733 0.297546 0.0234608 3.17931e-05 0.382033 0.0514557 -5.7783e-07 0.243757 0.0402855 0.000329723 0.244402 0.0520145 4.87724e-05 -0.203618
14.655 -0.00789917 -0.000260494 -0.248231 0.0114253 6.57454e-06 -0.117794 0.00513404 0.00142299 -0.122427 0.0881771 -0.00279809 -0.0251936 0.196312 0.00212306 -0.0756049 -0.0266163 5.36092e-06 0.127832 -0.0501315 0.000265017 0.129155 -0.0277102 7.02676e-05 -0.481814
14.705 0.0589779 -0.000217316 -0.335104 -0.0310908 9.70901e-07 0.027055 -0.119011 -0.00272734 -0.00335013 -0.0702585 0.00422035 -0.117021 0.137163 -0.00258201 -0.11908 -0.0728396 -3.85201e-05 0.243111 -0.0973795 -0.000499195 0.242787 -0.0728359 1.97754e-05 -0.312676
14.755 0.275971 0.000203773 0.199802 -0.0475314 3.38216e-05 -0.105032 -0.0750874 0.0019035 0.220387 0.0295863 -0.00244179 0.204228 0.372587 0.00106572 0.444178 0.0323968 0.000110611 0.110691 0.0703048 3.88078e-05 0.109117 0.0327695 -4.40356e-05 0.240258
14.805 -0.131552 0.000238749 0.0452358 0.0445739 -6.93548e-05 0.0504709 0.0578485 0.000477098 0.0780858 -0.235539 -0.00108407 -0.0300194 0.397712 0.00123744 0.0992867 0.0136923 -0.000199914 0.173585 0.00603378 0.000416323 0.174165 0.0133929 -5.86237e-05 -0.0772525
14.855 0.227108 -9.74594e-05 -0.26377 0.0517385 -6.12323e-05 0.0402839 0.0436807 -0.00242765 -0.136157 0.0205874 0.00379147 -0.205839 0.210132 -0.00260578 -0.273342 0.00660761 4.27448e-05 0.080365 -0.0328948 -0.000177249 0.0810729 0.00718435 -3.10582e-05 -0.411327
14.905 -0.0108751 -0.000133238 0.116583 0.0763964 -4.01559e-05 -0.0860539 0.0422589 0.0023593 -0.0869448 0.260017 -0.00362643 0.0417006 0.0763915 0.00199082 0.210827 0.0779328 3.2309e-05 -0.119509 0.0836684 -0.000397149 -0.118378 0.0779532 3.12922e-05 0.00115614
14.955 0.260698 0.000196567 -0.00558493 0.0771289 2.72155e-06 0.203913 0.0690072 -0.000535181 0.0134069 0.114326 0.000667723 0.225031 -0.0880221 0.000149213 0.2212 0.0919964 1.73767e-05 0.0888372 0.0930769 0.000449096 0.088795 0.0907108 6.65411e-05 0.233733
15.005 -0.268161 0.000279506 -0.0906701 -0.00606876 -1.34774e-05 0.164705 -0.00393195 -0.00151483 0.00512186 0.123789 0.00292329 0.0437892 -0.484033 -0.00224905 -0.0802572 -0.0414554 -0.000203312 -0.0201817 -0.0506334 8.58809e-05 -0.0199815 -0.0408003 3.98705e-05 0.154196
15.055 -0.0177209 -0.000272356 0.00151103 -0.0797958 3.66384e-05 -0.209203 -0.031729 0.00245409 -0.125789 -0.0622189 -0.00417471 0.0546446 -0.247296 0.0025805 -0.255799 -0.0356215 0.000198962 -0.376459 -0.0162906 -0.000407063 -0.377289 -0.0351946 -4.11512e-05 0.0632624
15.105 -0.21107 -0.000394311 0.0495916 0.0381105 -2.55607e-05 -0.150834 0.162411 -0.00162361 0.0542185 -0.17005 0.00206273 -0.119128 -0.140733 -0.000896224 -0.30453 0.0492602 -5.54258e-05 -0.276613 0.069858 3.99455e-05 -0.277562 0.0491057 -6.92024e-05 0.123038
15.155 0.075263 0.000140925 0.287063 0.0580231 1.80643e-05 0.00109487 0.0267149 -0.00051672 0.192836 0.0306563 0.00154731 -0.177159 0.114041 -0.00146021 -0.075094 0.102798 -4.05946e-05 -0.0419869 0.13053 0.000475366 -0.0431337 0.10305 -2.46297e-05 0.345732
15.205 -0.0699997 0.000253186 0.325159 0.0135777 -2.43294e-05 -0.0364144 -0.183913 0.00236787 -0.0509557 -0.0835374 -0.00389326 -0.188616 0.174094 0.00267361 -0.0344936 0.0486439 1.14906e-05 -0.025286 0.0707349 -0.000355762 -0.0258668 0.0479335 3.55178e-05 0.20466
15.255 0.184053 -0.000156776 0.0256728 0.0436711 1.36236e-05 -0.132786 -0.0131947 -0.00232679 -0.009941 -0.0385386 0.00322967 -0.175378 0.219291 -0.00182012 -0.199916 0.0320818 6.82075e-05 -0.144345 0.0316131 -0.000213036 -0.144469 0.0319408 5.22395e-05 -0.1412
15.305 -0.172531 -0.000129768 -0.0584265 -0.0186447 -2.0182e-05 -0.0324299 -0.10473 0.000349218 0.0579674 -0.0506366 -0.000159707 0.0341326 -0.24599 -0.000380425 -0.121546 -0.0202045 -5.01728e-05 -0.0742532 -0.030177 0.000378245 -0.074335 -0.0192348 3.82388e-05 -0.123267
15.355 -0.201929 0.000226998 -0.101982 0.0151177 3.98815e-05 0.234847 0.0486048 0.00181066 -0.0178709 -0.106458 -0.00308488 0.360938 -0.348377 0.00231989 0.188163 -0.0101388 3.94347e-06 0.166204 -0.0230045 0.000108883 0.166938 -0.0103977 -2.20113e-05 0.0958996
15.405 -0.235544 0.000284768 -0.193786 -0.0761085 -5.90944e-06 0.155078 -0.104506 -0.00246327 -0.043517 -0.0682867 0.0040712 0.152495 -0.348159 -0.00251892 0.278482 -0.0803235 1.68139e-05 0.121258 -0.0857886 -0.000511167 0.121549 -0.0805752 -6.43405e-05 0.0887491
15.455 -0.188835 -0.000149095 -0.228717 -0.116786 2.81743e-05 -0.0199693 -0.012402 0.00132144 -0.00601575 -0.128291 -0.00177778 -0.163368 -0.345191 0.000730384 0.129446 -0.143956 9.75944e-05 0.0238669 -0.167156 0.000217959 0.0249749 -0.14406 -4.44372e-05 -0.275993
15.505 -0.0852819 -0.00035655 -0.00177631 -0.0299419 -1.59235e-06 0.0765769 0.000259491 0.000769403 0.0225742 -0.295921 -0.00195462 -0.171534 0.118957 0.00163588 -0.0543868 -0.082087 -8.47734e-05 0.184882 -0.120686 0.000325711 0.186079 -0.0825315 2.86483e-05 -0.415366
15.555 0.208504 6.19972e-05 0.320352 0.134716 2.06898e-06 0.179231 0.0264116 -0.00236651 0.126641 0.157823 0.00412671 0.0146598 0.415993 -0.00272661 0.139343 0.100887 -3.35327e-05 0.308506 0.0812652 -0.000299564 0.309194 0.101658 5.90311e-05 -0.0769572
15.605 -0.0473655 0.00022821 0.145805 -0.0250028 3.38804e-05 -0.0576873 -0.0750211 0.00225709 0.052061 0.172567 -0.00305047 -0.118746 0.188717 0.00169034 0.0129359 0.026655 0.000155185 0.0361859 0.0516168 -0.000257109 0.0350536 0.0269453 3.55513e-05 0.211542
15.655 -0.198166 -9.45734e-05 -0.117453 -0.17275 -4.20142e-05 -0.341435 -0.130939 -0.000299999 -0.137236 -0.289758 -0.000367476 -0.0755477 -0.224837 0.000626849 -0.213482 -0.127305 -0.000119955 -0.36833 -0.0836534 0.000498243 -0.37015 -0.127909 -2.01283e-05 0.157449
15.705 0.0767857 -0.000105736 0.00234398 -0.0430786 3.64478e-05 -0.261899 -0.086878 -0.00203042 -0.0145544 -0.0742731 0.00341386 0.141253 -0.300149 -0.00241135 -0.339051 0.0148706 -1.66913e-05 -0.381366 0.04566 -5.92288e-05 -0.382613 0.0148982 -4.95751e-05 0.131139
15.755 0.138861 0.000197072 0.0639324 0.0372379 -2.77761e-05 0.210737 0.282804 0.00270134 0.158581 0.102231 -0.00395519 0.145372 -0.044999 0.00238774 -0.152078 0.00261951 7.49018e-05 0.0215019 -0.00866682 -0.000378327 0.0218098 0.00247191 -4.69451e-05 0.170598
15.805 -0.037152 0.000147962 0.12682 0.129341 4.23694e-05 0.163146 0.212329 -0.00123615 -0.0557215 0.314446 0.00149591 -0.0309262 0.0552515 -0.000547687 0.117607 0.13967 -2.52208e-05 -0.00595486 0.146468 0.000172924 -0.00612491 0.139843 1.55157e-05 0.267521
15.855 0.00470872 -0.000225168 0.0528589 -0.0516236 -4.1782e-05 -0.124114 -0.173379 -0.00108867 -0.123013 0.277782 0.00224841 -0.286847 -0.114774 -0.00175291 0.121272 -0.0293657 -7.8509e-05 -0.236515 -0.0168663 0.000366331 -0.236126 -0.0287567 6.14223e-05 0.0587787
15.905 0.133999 -0.000348853 -0.079415 -0.101615 4.79438e-05 0.0660831 0.0278623 0.00255418 -0.0664166 -0.314731 -0.00431271 -0.131829 0.114808 0.00270879 -0.242876 -0.151942 9.92736e-05 0.00201709 -0.184635 -0.000425555 0.00279478 -0.152456 4.11342e-05 -0.278969
15.955 0.210284 9.33787e-05 0.108375 -0.00502408 -6.64771e-05 0.156732 0.10699 -0.00219837 0.100225 -0.013019 0.0030282 0.304192 0.337383 -0.00156637 0.0440906 -0.0382098 -3.01415e-05 0.173533 -0.0524702 -7.3345e-05 0.173769 -0.0387439 -2.22598e-05 -0.0192526
16.005 -0.0938973 0.000355689 -0.0294153 0.0470627 5.52413e-05 -0.0927227 0.18616 0.000245743 0.0754233 0.272265 0.00068247 0.239705 0.116088 -0.000815169 0.261517 0.111543 4.06078e-05 0.0278672 0.145205 0.000372734 0.0268758 0.112003 -4.76074e-05 0.258839
16.055 0.018334 -3.52232e-07 -0.425845 0.00947057 -3.71324e-05 -0.225517 0.0146818 0.00206954 -0.114231 0.120859 -0.00379757 -0.121417 0.0331904 0.00251514 0.0352298 0.0246825 -9.81824e-05 -0.061402 0.0429397 -3.76329e-05 -0.0620096 0.024808 -3.85547e-05 -0.0689234
16.105 0.419581 -0.000115418 -0.125286 0.0596302 -0.000164252 -0.148329 -0.0603347 -0.00290415 -0.115696 0.151551 0.00394913 -0.123377 0.227682 -0.00225882 -0.0362889 0.0608686 -0.000101086 0.0578227 0.0509748 -0.000428116 0.0576341 0.0610769 5.85697e-06 -0.351929
16.155 0.375176 0.000158969 0.239984 0.0356152 5.54667e-05 0.284566 -0.106248 0.00140798 0.0531346 -0.148786 -0.00121363 0.2082 0.223081 0.000320074 0.157549 -0.0389709 0.000106491 0.473459 -0.0917966 0.000324922 0.474999 -0.0389736 4.74658e-05 -0.363101
16.205 -0.0859749 0.000148486 0.0910362 0.0142843 -0.00013852 0.325822 0.0321675 0.00120028 0.0513812 -0.037554 -0.00247261 0.138141 0.276246 0.00187076 0.232807 -0.0430077 -0.000294849 0.485583 -0.0828413 0.000184469 0.486465 -0.043813 4.97474e-05 -0.187058
16.255 -0.462085 -0.00023832 -0.300472 -0.0407832 3.39089e-05 -0.181567 0.0570816 -0.00283116 0.0277472 0.213458 0.00435557 -0.0266315 0.16329 -0.00262958 0.240583 -0.00740529 0.000169019 -0.0609186 0.0100011 -0.000343692 -0.0614456 -0.00706947 -7.60124e-06 -0.0297287
16.305 0.137428 -0.000358407 -0.433933 0.0384869 -5.78484e-05 -0.266666 0.0859871 0.0023039 -0.123775 -0.0531252 -0.00295538 -0.0429211 -0.0161841 0.00138348 -0.011375 0.061921 -8.46716e-06 -0.211938 0.0781983 -8.19898e-05 -0.212031 0.0624879 -5.5457e-05 -0.0844064
16.355 0.123374 5.70526e-06 -0.0161884 0.019838 3.26275e-05 0.101389 0.126155 -0.000170608 -0.0235429 -0.200728 -0.00077897 0.0743095 -0.280133 0.000959252 0.0345547 0.00102477 -8.25041e-05 0.100997 -0.00966187 0.000461324 0.101321 0.000822629 -4.43739e-05 -0.0307218
16.405 0.383045 0.000339513 0.354912 0.108482 -4.29039e-06 0.246088 0.0633766 -0.00206977 0.0148097 0.230568 0.00399244 0.131854 -0.0337488 -0.00258704 0.0830233 0.0829053 1.58247e-05 0.21812 0.0671978 -0.000217326 0.218497 0.0829297 1.06251e-05 0.0825619
16.455 -0.0252457 5.59781e-05 0.145465 -0.0195911 1.96301e-05 -0.0522988 -0.157355 0.00293047 0.0277254 0.166065 -0.00402918 -0.0698133 0.0242208 0.00215587 -0.0892752 -0.0100623 3.0822e-05 -0.123655 -0.00142396 -0.000288874 -0.124038 -0.0104838 4.49151e-05 0.0731526
16.505 -0.273715 -0.000208744 -0.0811181 -0.0542276 -6.19039e-05 -0.332703 -0.259183 -0.00161213 -0.0347573 0.00178729 0.00100582 -0.226463 0.170344 -7.41048e-05 -0.355441 0.00403433 -1.19877e-05 -0.45132 0.0457185 0.000284243 -0.452518 0.00383378 4.45973e-05 0.151394
16.555 -0.233646 0.000127732 0.0487576 -0.0199984 6.69572e-05 -0.087076 0.0114683 -0.00104051 0.122195 -0.236307 0.00267185 -0.0220672 -0.0604612 -0.00202248 -0.263326 0.0124023 -5.11454e-06 -0.277966 0.0393164 0.000211888 -0.279262 0.013174 2.25202e-06 0.298812
16.605 -0.00845686 0.000323341 0.32894 0.0487906 -5.21115e-05 0.156454 0.306702 0.00293657 -0.00684026 -0.287915 -0.00431767 0.141312 -0.270706 0.0025645 -0.0498637 0.0685888 -4.14845e-05 -0.0445109 0.0778638 -0.000452547 -0.0449259 0.0686793 -4.29692e-05 0.344288
16.655 -0.174577 -9.32509e-05 0.124918 -0.0108426 -1.99812e-05 0.123813 -0.0138331 -0.00251744 -0.0615357 0.00400107 0.00273119 -0.129092 -0.313585 -0.00115172 -0.0509813 -0.0359082 9.54094e-05 -0.0251519 -0.0493908 7.21289e-05 -0.0245415 -0.0365465 -5.18185e-05 0.0193201
16.705 0.0530616 -0.000378606 -0.215388 0.124994 3.64109e-05 -0.0219586 0.0249776 0.000214276 0.0361417 0.255537 0.000871161 -0.347468 -0.111623 -0.00112743 -0.126422 0.0974578 -7.04598e-05 -0.0849035 0.0773316 0.000354363 -0.0843649 0.0975504 -4.4803e-07 -0.214153
16.755 0.116133 -0.000134868 0.0401546 0.0301262 -5.54917e-05 -0.0167239 -0.259546 0.002097 0.0932786 -0.00994901 -0.00392492 0.0577597 0.0465161 0.0025942 0.199885 0.0324134 -3.81812e-05 -0.00363542 0.0341561 -0.000178765 -0.00314094 0.0323002 4.66858e-05 -0.0140039
16.805 -0.110271 0.00028192 0.152504 -0.0544533 4.38848e-05 0.201007 -0.139561 -0.00285769 -0.061014 -0.0553915 0.00395801 0.282436 0.0772373 -0.00203523 0.148895 -0.0550007 8.83883e-05 0.25313 -0.0660603 -0.000313694 0.252583 -0.0546496 4.72106e-05 0.0464553
16.855 -0.301875 0.000204866 -0.18798 -0.0549218 -1.48117e-05 0.0598371 0.0576451 0.00162068 -0.0721857 -0.25515 -0.000859018 0.131802 -0.178868 -0.000128178 -0.0841867 -0.0889826 -3.65963e-05 0.116894 -0.103592 0.000399024 0.117148 -0.0885952 5.58175e-07 -0.079595
16.905 -0.180781 -0.000193247 -0.185704 -0.112266 -0.000117104 -0.3521 -0.0135163 0.000836741 -0.00155696 -0.414524 -0.00280912 0.00240118 -0.25666 0.00217611 0.0175203 -0.0462773 -0.000246235 -0.230852 -0.0139199 5.77553e-05 -0.231874 -0.0467055 -3.58121e-05 -0.0586017
16.955 -0.107441 -0.000136306 -0.12627 -0.0042017 -6.52174e-05 -0.106206 -0.0593949 -0.00275774 0.168612 0.00419085 0.00425359 -0.166641 -0.0388143 -0.00253105 0.0981774 -0.00562909 0.000134021 0.0379576 -2.54085e-05 -0.000366177 0.038022 -0.00604672 -4.68511e-05 -0.09276
17.005 0.164361 0.000166932 0.122948 0.00879668 0.000125643 0.337645 0.0078877 0.00260495 0.15062 0.165435 -0.00242757 -0.257113 0.121903 0.000921925 0.0797143 -0.0426876 -0.000101533 0.461533 -0.0848544 6.64195e-05 0.462424 -0.0418636 -8.80211e-06 -0.177656
17.055 0.0269583 7.31205e-05 0.423568 0.0252379 -0.00020002 0.129647 -0.100986 -0.000383749 -0.110294 0.0697237 -0.00113712 0.0227881 0.108478 0.00135109 0.16969 -0.00888536 1.80579e-05 0.161658 -0.0267138 0.000379686 0.162755 -0.00943631 3.86174e-05 -0.088813
17.105 0.0687465 -0.000127311 0.0252664 0.026377 0.000118186 -0.124308 0.114059 -0.00206158 -0.129527 0.0169469 0.0037891 0.0156888 0.117519 -0.00259129 -0.236932 0.0440088 -2.41713e-05 -0.215152 0.0482724 -0.000310916 -0.215447 0.04454 4.93467e-05 -0.0580206
17.155 -0.167682 -0.000122969 -0.335806 -0.0833856 9.86393e-06 -0.130174 -0.114868 0.0027969 -0.053115 -0.125401 -0.0036434 0.122505 -0.321065 0.0018825 -0.326058 -0.0770837 6.07873e-05 -0.326453 -0.0532881 -0.000163312 -0.327851 -0.0770717 4.58298e-06 0.235133
17.205 -0.151628 0.000130929 0.026285 -0.0789265 -0.000141142 -0.151959 0.092596 -0.00149655 0.0438421 0.104919 0.000632588 0.257005 -0.244742 0.00031831 0.0952136 0.0292815 -1.2224e-05 -0.341593 0.0924423 0.000339221 -0.34344 0.0283641 -3.39284e-05 0.613681
17.255 -0.106136 0.000254108 0.0657228 -0.0825681 0.000185025 0.0784672 -0.0142626 -0.000794866 0.10211 -0.0664321 0.00289171 -0.090649 -0.18983 -0.00228802 -0.0231513 -0.0843067 -7.74623e-05 -0.0947191 -0.0798338 4.59695e-05 -0.0944694 -0.0836892 -4.34429e-05 0.206323
17.305 0.237219 -0.000101537 0.140607 -0.0648463 -0.000149103 0.153944 -0.0100785 0.00249961 0.00730907 0.0253217 -0.00412808 -0.307581 -0.0142222 0.00248729 -0.292316 -0.134517 4.75339e-05 0.0537895 -0.179805 -0.000415121 0.0546241 -0.134262 -1.24082e-05 -0.314794
17.355 0.168079 -0.000261147 0.261715 -0.0458516 3.36676e-05 0.0307886 -0.0480588 -0.00240644 0.0357678 -0.0356648 0.00211048 -0.237482 0.335929 -0.000739143 -0.0124412 -0.0584037 4.59968e-05 0.027238 -0.0730176 0.000217794 0.0281291 -0.0587351 3.0586e-05 -0.16584
17.405 0.211645 9.11083e-05 0.0313131 0.0771725 4.5998e-05 0.0364334 0.0285428 0.000471142 -0.00575732 0.136134 0.00151497 0.0852235 0.395912 -0.00157931 0.187672 0.0821737 -7.81624e-05 0.0902808 0.0936112 0.000244102 0.0899969 0.082441 4.98095e-05 0.153783
17.455 -0.250202 0.000152589 -0.193357 0.00366729 -6.20925e-05 -0.123676 0.135656 0.00190234 -0.0587036 0.251088 -0.003816 0.142826 0.183636 0.00263912 0.161044 0.057351 -2.05841e-06 -0.0275498 0.0880396 -0.000284513 -0.028478 0.0569852 1.65967e-05 0.172112
17.505 0.181538 -0.000156143 -0.301302 0.0432884 -8.59364e-05 -0.16164 0.129862 -0.00272674 -0.21043 0.0199714 0.00322357 0.271484 0.01378 -0.00169492 -0.0734412 0.0360693 6.06845e-05 -0.0446088 0.0366296 -0.000166232 -0.0447757 0.0355035 -3.62613e-05 -0.183062
17.555 0.175737 -0.000161668 -0.179937 -0.0410642 0.000240296 0.0378901 -0.061195 0.00137592 -0.0213461 0.0176901 -0.000213832 0.258107 -0.307013 -0.000539392 -0.02652 -0.0754448 -2.85139e-05 0.202446 -0.106748 0.000417795 0.203346 -0.0740561 -4.7827e-05 -0.356943
17.605 0.184118 0.000140906 0.0140955 -0.031583 -0.00037526 0.145123 -0.145944 0.000910338 0.129103 0.0975651 -0.00302333 -0.0270625 0.12893 0.00238014 0.324065 -0.058601 -8.64248e-05 0.36533 -0.0782225 -9.94789e-05 0.366186 -0.0595437 -1.17068e-05 -0.135993
17.655 0.078614 0.000243622 -0.0353452 0.0139785 0.000311125 0.086868 -0.036331 -0.00238747 0.0408222 0.0504476 0.00393545 -0.119557 0.151836 -0.00240093 0.317856 0.00226225 8.94002e-05 0.306674 -0.0106697 -0.000321572 0.30667 0.00243394 3.08239e-05 -0.130414
17.705 0.0624179 -3.241e-05 -0.0727193 0.0163245 -0.000162469 -0.15356 -0.021738 0.00208232 -0.0327299 -0.0395116 -0.00176688 -0.132764 0.526112 0.000571833 0.0820827 0.0182847 -1.11217e-05 0.0217963 0.0161942 0.000202295 0.0216891 0.0184115 4.45605e-05 -0.231765
17.755 -0.123181 -0.000208 -0.0560116 0.0443698 -7.9077e-05 -0.0817762 0.193887 -0.000293915 -0.0243003 -0.153455 -0.00186368 0.023041 0.421751 0.00175162 -0.113768 0.0372066 -3.98741e-05 -0.0128488 0.0323864 0.000266789 -0.012564 0.0364569 1.61549e-05 -0.181843
17.805 0.0667222 5.16663e-05 -0.0149404 0.0499663 0.000374253 0.093684 0.0435709 -0.00177869 -0.0269578 -0.121659 0.0039957 0.214189 -0.0103843 -0.0026918 0.0506888 0.0428251 0.000149199 0.0612225 0.0458584 -0.000372966 0.0618228 0.0435961 -2.68856e-05 0.127876
17.855 0.0646227 0.000182159 0.0770725 0.0629571 -4.35426e-05 0.00363656 -0.0542377 0.00255293 -0.0614149 0.387949 -0.00293643 0.101134 -0.285459 0.0015353 0.149897 0.10527 0.000252641 -0.0884558 0.128809 -4.45171e-05 -0.0893711 0.105863 -4.46304e-05 0.283466
17.905 -0.0313498 -0.000141533 -0.149949 -0.0696407 0.000119772 0.0197482 -0.206048 -0.00126357 0.00990775 0.0995668 -0.000314199 -0.095321 -0.44752 0.000766774 -0.212463 -0.0903518 -0.000115389 -0.136761 -0.1002 0.000344826 -0.135986 -0.0915616 -2.03074e-05 -0.0380947
17.955 0.101012 -0.000210615 0.0405181 0.018711 -1.55973e-05 0.00692663 -0.0241014 -0.00104811 0.0443685 -0.101624 0.0033131 -0.0885079 -0.24007 -0.00247948 -0.294798 -0.00139178 0.000129189 -0.169474 -0.012433 -8.9939e-05 -0.169263 -0.00135384 2.45936e-05 -0.0354607
18.005 -0.232307 7.7082e-05 0.334664 -0.0686517 8.42253e-05 0.0389528 0.0065102 0.00245921 0.0809712 -0.267819 -0.00380329 0.0693719 -0.0423362 0.00229657 -0.0241673 -0.0390136 -8.94737e-06 -0.105135 -0.0234364 -0.000334807 -0.105189 -0.0381567 4.56319e-05 0.270939
18.055 -0.281687 0.000213769 0.134261 -0.0157264 -0.000140876 0.0647488 0.0572244 -0.00189892 -0.0091941 -0.206645 0.00138963 -0.155091 0.231009 -0.000374274 -0.0826166 -0.00760027 3.26878e-05 -0.0484867 0.00567828 0.000282424 -0.0488273 -0.00871209 2.01792e-05 0.270767
18.105 -0.27363 -5.53916e-05 -0.0218899 0.0245711 0.000234724 -0.181046 0.166101 -3.73519e-05 0.0589543 0.0851825 0.00217243 -0.276303 0.0170223 -0.00185822 -0.0914001 0.0620676 -9.29641e-05 -0.237574 0.0854196 0.000153806 -0.238154 0.0634862 -2.14197e-05 0.0936187
18.155 0.171831 -0.000256808 0.0808132 0.0334243 -0.000236404 -0.102155 -0.211335 0.00188028 -0.0742259 -0.0756559 -0.0041686 -0.129173 -0.0979225 0.00269679 -0.0924707 0.0367706 9.27553e-05 -0.139228 0.036525 -0.000320844 -0.13927 0.0359567 -4.57198e-05 -0.0902272
18.205 0.102137 3.71266e-05 0.0757586 -0.0179974 0.000182992 0.250634 -0.0348591 -0.00238343 0.0880273 0.0413301 0.00282993 0.0870304 -0.449266 -0.00141105 -0.0493451 -0.070607 -2.90474e-05 0.209167 -0.101309 -2.40588e-05 0.209903 -0.0712741 -2.29715e-05 -0.0843936
18.255 0.0524114 0.000247414 0.0820378 0.0217389 -3.54087e-05 0.137822 -0.0920724 0.00108739 0.016333 0.102323 0.000724161 0.232543 -0.15293 -0.00095939 0.0831978 0.0255344 6.79461e-05 0.121615 0.0236469 0.000357579 0.121257 0.026371 2.26428e-05 0.112881
18.305 -0.291479 -3.87621e-05 -0.188864 0.0119364 5.2683e-05 -0.212054 -0.0421241 0.00116144 -0.0856629 0.0487066 -0.00368069 0.167845 -0.0926526 0.00257035 0.0540723 0.0365466 -1.70638e-05 -0.20405 0.0617994 -0.000185851 -0.203177 0.0371519 4.29803e-05 0.0970336
18.355 -0.12725 -0.0002107 -0.337033 -0.0069682 -0.000128525 -0.206728 0.04891 -0.00257419 -0.0896264 -0.291664 0.00381996 -0.157505 0.166772 -0.00219254 -0.127901 0.0278515 4.00787e-05 -0.149298 0.0391373 -0.000229341 -0.150422 0.0269024 2.19008e-05 -0.0876984
18.405 0.0224277 8.18901e-05 0.0853836 -0.0593362 0.00021376 0.0985175 -0.0633176 0.00192783 0.113521 -0.217788 -0.00104509 -0.0295638 0.094754 0.000148313 0.157321 -0.0993921 9.29221e-06 0.203899 -0.116257 0.000269002 0.204183 -0.0980163 -1.7369e-05 -0.1128
18.455 -0.053006 0.000209559 0.307858 -0.123551 -0.000104632 0.236136 -0.0904929 0.000273336 0.118348 -0.129548 -0.00248155 0.0250451 0.0840889 0.00197294 0.247577 -0.13955 -9.74018e-05 0.382582 -0.167764 0.000124311 0.384092 -0.140764 -4.18867e-05 -0.141969
18.505 0.0400162 1.57419e-05 -0.0622858 0.0439849 -8.53959e-05 0.0903659 -0.0110409 -0.00217807 0.0494517 0.150181 0.00423432 -0.188235 0.0764768 -0.00262459 0.0384736 -0.0167945 7.21526e-05 0.201931 -0.0476541 -0.000369934 0.20269 -0.0174598 -2.78795e-05 -0.277678
18.555 0.0057136 -0.000224735 -0.228252 -0.0649057 0.000355468 -0.218182 0.0406723 0.00240502 -0.0557656 0.198861 -0.00278529 -0.100726 -0.214731 0.00125403 -0.0823545 -0.0277181 4.68909e-05 -0.169786 -0.0116644 9.29403e-05 -0.170099 -0.0254073 1.65415e-05 -0.078112
18.605 0.0558947 -0.000128329 -0.0315448 -0.00437087 -0.000510865 -0.111646 -0.024089 -0.000909228 -0.14231 -0.089744 -0.000927213 0.229319 -0.0424291 0.00111184 0.043664 0.0258087 -8.09189e-05 -0.170623 0.0528932 0.000288999 -0.171771 0.0241329 4.40756e-05 0.229575
18.655 0.0160091 0.000136268 0.12225 0.0143767 0.000478521 0.140811 0.234278 -0.00130311 0.0069182 0.0576069 0.0039308 0.238541 -0.14234 -0.00260246 -0.116473 0.0261718 5.68775e-05 0.00232636 0.0322781 -0.000189733 0.00215138 0.0266292 2.66276e-05 0.247204
18.705 -0.0702402 6.8563e-05 0.115306 -0.0478812 -0.000343211 0.04742 -0.0827477 0.00264818 -0.0305492 -0.0221369 -0.00390087 -0.0417518 0.0455036 0.00208187 -0.169522 -0.0603355 -4.55137e-05 -0.113191 -0.0633558 -0.000229032 -0.113022 -0.060212 -1.4888e-05 0.0767314
18.755 0.0401536 -0.000168486 0.0861699 0.0275433 0.000156913 -0.0907256 0.048287 -0.00201407 0.0233227 0.264234 0.00085254 -0.235586 0.175646 6.74974e-05 -0.183548 0.0325465 5.41842e-05 -0.221961 0.0349213 0.000335111 -0.221448 0.031883 -4.07493e-05 -0.0272545
18.805 0.141529 5.92541e-06 0.0579591 0.0126225 -7.08959e-05 0.0503358 -0.118546 -0.000269323 0.117165 0.0119204 0.00277178 -0.265758 0.174849 -0.00211986 -0.0374169 0.00916283 -9.78202e-05 -0.0381299 0.00605211 3.25565e-05 -0.0387906 0.00950121 -2.71053e-05 0.0598645
18.855 0.231703 0.000183473 0.119166 0.0187109 0.000135874 0.11649 0.0790517 0.00240784 0.0210915 -0.027132 -0.00425723 0.0738615 -0.00742363 0.00252309 0.0743692 0.0161907 7.30808e-05 0.0772004 0.019636 -0.000312796 0.0772849 0.0172813 1.19783e-05 0.1711
18.905 -0.0019281 8.78686e-05 -0.0698766 -0.0543264 -0.000259001 -0.109723 -0.0611492 -0.00262621 -0.109037 -0.166238 0.00263489 0.22149 0.107535 -0.00103362 0.0868904 -0.0219853 0.000130681 -0.0691113 -0.00398884 8.95968e-05 -0.0709955 -0.0240662 4.05002e-05 0.0673553
18.955 -0.0298547 -2.04925e-05 -0.345011 0.0331372 0.000502108 -0.250324 0.0845824 0.000877056 -0.055729 0.0997616 0.00103484 0.156123 0.0426143 -0.00126636 -0.0133391 0.0463576 -5.47346e-05 -0.124062 0.0626858 0.000268359 -0.124199 0.0480533 2.87952e-05 -0.123758
19.005 -0.0638699 -9.81781e-05 -0.252974 0.0303345 -0.000400634 -0.0416556 -0.0522087 0.00144649 -0.017378 0.0882062 -0.00396576 0.122311 0.104862 0.00260663 0.142814 0.0346976 8.11184e-05 0.156996 0.0293731 -0.000224592 0.157497 0.0342195 -1.14044e-05 -0.173696
19.055 0.148638 -3.42739e-05 0.0613337 0.0532341 4.97377e-05 0.190284 0.0507154 -0.00272597 -0.00873129 0.141997 0.00386424 0.0724447 0.000624606 -0.00193445 0.33468 0.0143534 -1.42731e-05 0.416911 -0.0117661 -0.000163401 0.417822 0.0134589 -3.8554e-05 -0.17569
19.105 0.212661 -3.66077e-05 0.0892842 0.051503 0.000352635 0.171216 0.0609445 0.00206009 0.054303 0.142988 -0.000774935 -0.123377 -0.158205 -0.000257067 0.143038 0.0108748 -7.88243e-06 0.37488 -0.0267664 0.000296665 0.376013 0.0131181 -2.83961e-05 -0.348085
19.155 -0.0203152 -0.000142055 -0.0152037 0.0311551 -0.000632128 -0.0151335 0.0118144 0.000157471 -0.0690821 -0.241699 -0.00292183 -0.174268 0.230658 0.00225109 -0.0923589 -0.0119574 -1.57554e-05 0.11132 -0.0395088 1.02435e-05 0.111847 -0.013871 5.31801e-06 -0.350207
19.205 -0.268592 2.02984e-05 -0.0361504 -0.0212859 0.00062687 -0.117198 0.000141719 -0.00238929 0.0170311 -0.075198 0.00425743 0.0281646 0.187073 -0.00245543 -0.0553755 0.00831569 1.68321e-05 -0.0817189 0.0238232 -0.000289599 -0.0814976 0.00825327 3.49408e-05 0.0382001
19.255 -0.0518199 0.000196041 -0.00215569 0.000764966 -0.000351869 -0.0230317 -0.0940641 0.0028212 0.070771 0.00965842 -0.00238064 0.104581 0.193548 0.00078783 0.0724208 0.0356671 8.53822e-06 -0.0931893 0.0644097 0.000130333 -0.0943876 0.0367808 3.30322e-05 0.334663
19.305 -0.0477155 3.21651e-05 0.0293096 0.023877 9.85984e-05 0.00813201 0.0645883 -0.00104001 0.0385692 0.0129265 -0.00120528 0.0979614 -0.161244 0.00146681 -0.0456466 0.0383405 -2.94396e-05 -0.145601 0.0517367 0.000227206 -0.145606 0.0377787 -2.83429e-06 0.212508
19.355 0.362619 -5.69629e-05 0.0140971 0.0801963 2.44523e-05 0.0116908 -0.0450538 -0.00147706 -0.088229 -0.0173419 0.00389385 -0.103091 -0.185654 -0.00260393 -0.20229 0.0649498 -2.00792e-05 -0.19002 0.0539272 -0.000250311 -0.190341 0.0645821 -3.92097e-05 -0.0399574
19.405 0.0719509 -3.81092e-06 0.0603931 0.0531819 6.01467e-05 0.0847779 0.017778 0.00281229 0.0100525 0.120197 -0.00362613 -0.125739 -0.272446 0.00173802 -0.134535 0.0291661 9.85193e-05 -0.128285 0.0198788 -9.52491e-05 -0.127742 0.0307287 -3.15565e-05 0.0483637
19.455 -0.140497 8.78808e-06 0.160544 0.0308816 -0.00032722 0.0983903 -0.0438217 -0.00207887 0.0271645 0.0789118 0.000609202 -0.007059 0.0797135 0.000457088 0.0722 0.0562093 -5.88263e-05 -0.0636391 0.0673179 0.000286529 -0.0645471 0.0537003 7.66298e-06 0.284967
19.505 -0.319121 -4.38338e-06 0.0873081 0.0575233 0.000518979 -0.0170859 0.121832 -9.93117e-05 0.0361113 -0.0307864 0.0029309 0.0455256 -0.0161779 -0.00234112 -0.0583166 0.0698586 -3.1463e-06 -0.117086 0.0874476 -4.48917e-05 -0.117236 0.0714088 3.54507e-05 0.205052
19.555 -0.0985824 -9.66145e-05 -0.0655076 -0.0241421 -0.000491838 -0.141411 0.00646644 0.0022176 -0.0645435 -0.19697 -0.00416827 -0.0412264 -0.0468138 0.0024065 -0.239911 -0.00488985 5.03564e-05 -0.145868 0.00032627 -0.000269354 -0.146751 -0.00483449 3.10337e-05 -0.068618
19.605 0.0840678 1.51817e-05 -0.0238638 0.046424 0.00015787 -0.126927 0.0295148 -0.00278589 -0.0461081 -0.0230704 0.00209907 -0.0432215 -0.0413807 -0.000570998 -0.0880201 0.0436074 -0.000203459 -0.0341 0.0519068 0.000184408 -0.0339274 0.043819 -1.94957e-06 -0.0692557
19.655 0.149184 0.000172928 0.083877 0.0226446 -4.11733e-05 -0.000792547 -0.00660712 0.00122263 0.112505 0.0403657 0.00147696 0.0235276 -0.117572 -0.00167366 0.194226 0.0551223 0.000409472 0.166606 0.0667497 0.00016576 0.165119 0.0577962 -2.82635e-05 0.0373411
19.705 0.053345 -2.01918e-05 -0.000755498 0.000880848 0.000222886 0.0345064 -0.204369 0.0013145 0.00556519 0.0764133 -0.00385724 0.00133917 0.0459369 0.00262325 0.134448 -0.0189544 -0.000763347 0.200366 -0.0314829 -0.000251852 0.199744 -0.0238689 -3.25949e-05 -0.0796738
19.755 -0.130544 -0.000150142 -0.125876 -0.0463942 2.76947e-05 -0.0424551 0.0126909 -0.00279094 0.0119895 0.0502672 0.00326885 -0.0099773 0.11499 -0.00154544 -0.0148169 -0.0547953 0.000750754 0.0644369 -0.066713 -5.31961e-05 0.0677607 -0.0515652 -6.16803e-07 -0.261784
19.805 0.00819581 -0.000207314 -0.094535 -0.00164186 -0.000456243 -0.025505 0.0271167 0.00210356 -0.0234666 -0.312672 -0.000221984 0.0403715 0.0218656 -0.000694372 0.0421537 -0.0202169 -0.00028597 -0.00237804 -0.0289113 0.000290169 -0.00390168 -0.0195122 3.20995e-05 -0.127516
19.855 -0.250467 2.37072e-05 0.00492305 -0.0101333 0.000914083 0.176407 0.131411 9.72248e-05 -0.00229084 -0.125245 -0.00297091 0.120353 -0.110234 0.0024187 0.158589 -0.018314 -0.000195973 0.120037 -0.0321085 -9.69136e-05 0.120848 -0.0207239 3.29521e-05 0.0599695
19.905 -0.130473 0.00013267 -0.0245534 0.0156953 -0.00113353 0.19914 -0.061097 -0.00209271 -0.0285262 0.0439726 0.00395566 -0.0921882 -0.00777169 -0.00231571 0.0687855 -0.0132297 0.000523937 0.112589 -0.0285701 -0.000232592 0.113601 -0.0115945 -4.94592e-07 0.0368863
19.955 0.0647817 7.29086e-05 0.0132142 -0.0270625 0.000976783 0.0083442 -0.0526403 0.0025668 0.0401008 0.107347 -0.00178901 -0.104188 -0.32062 0.000389799 -0.0567812 -0.0418922 -0.000376065 -0.0776451 -0.053723 0.000197671 -0.0771883 -0.041385 -2.9252e-05 -0.0932059
20.005 0.0238779 0.000116459 0.124168 -0.0262758 -0.000507927 -0.0262783 -0.0799555 -0.0011974 0.010868 -0.0508557 -0.00179511 -0.0360772 0.096834 0.00184489 -0.153244 -0.0303223 -8.9676e-05 -0.0930172 -0.0378794 0.000144915 -0.0937176 -0.0335695 -3.24505e-05 -0.0535256
20.055 0.116229 0.000210163 0.0752276 0.0273859 3.93979e-05 0.0326208 0.0321057 -0.00111311 0.0555647 0.0758228 0.00390334 0.0806426 0.0580241 -0.00264374 -0.126902 0.0293962 0.000466368 -0.0306544 0.0453559 -0.000274543 -0.0304485 0.0339902 -4.27322e-06 0.186931
20.105 0.0743406 0.000125573 0.0532553 -0.00793136 0.000195314 -0.190775 0.0638443 0.00260178 -0.0373595 0.0166728 -0.00295769 0.0423078 0.0946468 0.00139484 -0.00328551 0.0708431 -0.000584375 -0.225108 0.118368 -9.51667e-07 -0.22688 0.0684015 3.01783e-05 0.386491
20.155 -0.0676807 -0.000237063 -0.048659 0.00196689 -0.000109105 -0.293166 0.0697157 -0.00205259 -0.0786921 -0.032165 -0.000277024 -0.100956 0.10311 0.000929552 -0.080118 0.0526529 0.000339948 -0.329026 0.0933464 0.000266879 -0.32944 0.0517538 3.54647e-05 0.17441
20.205 0.0692852 -0.000370789 -0.0157938 -0.0103132 -0.000208379 0.00526701 -0.00636083 -9.3514e-05 0.0162526 0.0236274 0.00321454 -0.104848 -0.0923077 -0.00250298 -0.226461 -0.0263233 0.000140996 -0.021611 -0.0377582 -0.00011748 -0.0229875 -0.0236517 3.65634e-06 -0.154205
20.255 0.0141564 -0.000128184 0.203554 -0.0299147 0.000483525 0.241206 -0.0641493 0.00205112 0.0683289 0.0531124 -0.00372963 0.0823771 -0.0195232 0.00218402 0.0648926 -0.0834684 -0.000545703 0.23152 -0.117998 -0.000212012 0.232869 -0.0861408 -2.93945e-05 -0.104416
20.305 -0.0169067 8.74579e-05 0.0423366 -0.0102056 -0.000453209 0.141037 0.0882609 -0.00235618 -0.000377311 0.153602 0.00139552 0.0827742 -0.0720479 -0.000201419 0.185489 -0.0119011 0.000685523 0.175432 -0.0210237 0.00022945 0.176629 -0.0112771 -3.09824e-05 0.00585112
20.355 -0.0613729 0.000144966 -0.29575 -0.0263028 6.06027e-05 -0.122454 -0.0825906 0.000964868 -0.0597681 -0.0234645 0.00212682 -0.0444012 -0.0582441 -0.00197434 0.0862082 -0.0269556 -0.000452557 -0.0565536 -0.018708 8.08356e-05 -0.0574009 -0.0251083 -5.72772e-06 -0.0590847
20.405 0.000288637 7.19106e-05 -0.220407 -0.0988466 0.000495488 -0.186007 0.0252272 0.00108494 -0.112263 -0.13441 -0.00400398 0.0719239 0.00201806 0.00262963 0.0137307 -0.0722956 -7.81998e-05 -0.075014 -0.0640368 -0.000253222 -0.0746387 -0.0746074 2.28082e-05 -0.104737
20.455 0.150357 5.76283e-05 0.00120951 -0.00232669 -0.000877312 0.0855934 0.0591741 -0.00235092 0.048596 -0.118122 0.00275908 0.164164 0.275666 -0.00125986 0.121845 -0.0283828 0.000543353 0.204922 -0.040466 3.36232e-05 0.205148 -0.0277811 3.15596e-05 -0.0961872
20.505 0.0777766 6.88577e-05 0.11667 -0.028046 0.000913597 0.146683 0.0229571 0.00184583 0.161543 0.142336 0.000696854 0.0302131 0.130855 -0.00110663 0.151682 -0.0434339 -0.000636102 0.269455 -0.0580995 0.000241523 0.27008 -0.0417831 1.17126e-05 -0.0733947
20.555 0.00757356 -6.14713e-05 0.00380538 0.042359 -0.000566864 0.00232034 -0.0957245 0.000130611 -0.0596305 0.143205 -0.0035903 -0.194039 0.231221 0.00258944 0.0513463 0.0323704 0.000258955 0.0683156 0.0165048 -0.000168609 0.067914 0.0290969 -2.50748e-05 -0.158702
20.605 0.0850312 -3.64672e-05 -0.0736284 0.00961086 0.000361249 -0.0189523 0.019103 -0.00203226 -0.0526575 0.0744434 0.00365343 -0.193493 -0.0353175 -0.00206476 -0.138192 -0.0120036 0.000300559 -0.0457487 -0.0198807 -0.000140491 -0.0455246 -0.00763 -3.68595e-05 -0.151293
20.655 0.00394829 0.000198577 0.0985001 -0.0490492 -0.000617137 0.0898878 -0.0527443 0.00225301 -0.0240324 -0.163374 -0.000993129 0.124802 -0.18526 -7.81733e-06 -0.0160452 -0.0466628 -0.000349944 -0.0117915 -0.049131 0.000233926 -0.0119326 -0.0469213 -6.58474e-06 0.0833091
20.705 -0.192982 3.3261e-05 0.0961471 -0.0218818 -6.72313e-05 0.0904715 0.123699 -0.000711302 0.0197135 -0.0815767 -0.00247224 0.268651 0.0152464 0.0020783 0.000745385 -0.0186763 -0.000733455 -0.0240858 -0.0158836 3.88536e-05 -0.0247696 -0.0251635 2.39046e-05 0.219745
20.755 -0.089611 -5.06311e-05 -0.192634 -0.0460747 -0.000720436 -0.116134 -0.0119147 -0.00127694 -0.012205 0.0558961 0.00412 0.0151496 -0.0107417 -0.00255829 -0.0722137 -0.021622 0.00069274 -0.193794 0.00578293 -0.000251952 -0.193299 -0.0137346 3.16367e-05 0.126346
20.805 0.14178 -0.000260924 -0.12226 0.0110775 0.000560677 -0.248425 -0.00782758 0.00225707 -0.0206849 0.176407 -0.00260958 -0.155389 -0.0567219 0.00108539 -0.0293346 0.0437232 -0.000960144 -0.252746 0.0671976 9.72108e-05 -0.254277 0.0411383 1.17182e-05 0.051991
20.855 0.241041 -0.000194727 0.128709 0.0605275 9.55774e-06 0.0141448 0.0581095 -0.00156476 0.0329339 0.0647956 -0.0009642 -0.0989975 0.0357223 0.00123677 0.0228977 0.0655455 0.000685307 0.0425075 0.0604607 0.000206779 0.041644 0.0619581 -1.76224e-05 0.00569949
20.905 0.231814 7.06829e-05 0.260929 0.0631883 -0.000429314 0.169229 0.0236924 -0.000304079 0.00696968 0.0142477 0.0038861 0.0540185 0.00289179 -0.00262444 -0.00423192 0.0358659 -0.000266563 0.20438 0.029453 -0.000198866 0.205881 0.0437 -3.38114e-05 0.00323684
20.955 -0.0656192 4.35784e-05 0.0644178 0.0498396 0.000721961 -0.0756964 0.0332289 0.00203368 -0.0424387 0.072546 -0.00374155 -0.00933969 0.22009 0.00195063 -0.0746522 0.0655936 3.3627e-05 -0.0567545 0.0682984 -0.000112253 -0.058456 0.0588679 -1.40562e-05 0.0196958
21.005 -0.326877 0.00011368 -0.23358 -0.0330382 -0.000656701 -0.212033 -0.131665 -0.00221636 -0.0619609 -0.138613 0.000723862 -0.0132359 0.0645106 0.000218993 -0.128417 -0.00164865 7.18394e-05 -0.212736 0.0183158 0.000250346 -0.212829 -0.00145244 2.04814e-05 0.00913809
21.055 -0.16926 8.32714e-05 -0.0963817 -0.0320451 0.000446106 -0.0187502 -0.0449723 0.000581423 0.0737393 -0.0462052 0.00279483 0.108572 -0.243493 -0.0021832 0.030032 -0.0277896 0.000176668 -0.0270272 -0.0155751 -6.82384e-06 -0.0266166 -0.020954 3.32125e-05 0.0434575
21.105 0.0781704 0.000217474 0.0843894 0.0262624 -0.000275832 0.2616 0.0161004 0.00151086 0.0524244 -0.142501 -0.00422222 0.0899652 -0.0802204 0.00246891 0.161493 -0.00608793 -0.000571197 0.285331 -0.0431686 -0.000248493 0.286035 -0.0139275 1.04829e-05 -0.0764696
21.155 0.166395 3.79258e-05 -0.00243211 0.0602959 0.00025908 0.197873 0.0781527 -0.00237477 -0.0269934 0.0359685 0.00245636 -0.0452181 -0.0603422 -0.000868665 0.118409 -0.00609452 0.000805715 0.249663 -0.0416477 0.000130793 0.25175 -0.00271816 -1.86382e-05 -0.254103
21.205 0.0551405 -6.92818e-05 -0.103899 0.0677036 -0.00045095 -0.0935948 -0.0316814 0.00141734 -0.0101099 0.114964 0.00115893 -0.230873 0.154453 -0.00138396 0.13047 0.0735454 -0.000650959 -0.00819876 0.0704429 0.000174983 -0.00931443 0.0757664 -2.96862e-05 -0.190352
21.255 -0.00427345 -0.000134245 -0.0789197 0.0974111 0.00079712 -0.0330457 0.050051 0.000567282 0.0109538 0.0311327 -0.00398618 0.00990002 0.226337 0.00260225 0.0558774 0.0978599 0.000214844 0.00508434 0.094004 -0.000206343 0.00564644 0.0919546 -1.63967e-05 -0.0169352
21.305 -0.0544338 4.01868e-05 0.0786839 0.0398703 -0.00103037 0.0835086 -0.0485831 -0.00213918 0.0260165 0.0108293 0.00379729 0.194202 0.0462067 -0.0018048 0.010938 0.0457882 0.000191079 0.0560679 0.0546311 -7.50102e-05 0.0559833 0.0504824 1.4507e-05 0.144726
21.355 -0.19013 -3.03614e-05 0.0940761 -0.0479485 0.000944975 -0.0269273 -0.0494407 0.00218841 -0.0544341 -0.21453 -0.000610533 0.0838472 -0.21341 -0.000412119 -0.128691 -0.0266603 -0.000384748 -0.108984 -0.0143468 0.000247195 -0.109608 -0.0258097 3.41114e-05 0.127267
21.405 -0.155223 -0.000165905 -0.0595235 -0.0301179 -0.000517456 -0.110178 0.00627598 -0.000544665 -0.0400366 -0.15456 -0.00298743 -0.0842186 -0.272139 0.00228064 -0.237853 -0.0321981 0.000159837 -0.197421 -0.0330495 -5.25238e-05 -0.197253 -0.0383502 1.5627e-05 0.000159265
21.455 0.0906392 -0.000182599 0.0363415 0.00297798 -0.000181866 -0.0773028 -0.0639374 -0.00162843 0.103431 0.10354 0.00427412 -0.151042 -0.129233 -0.00238586 -0.094205 0.0312642 0.000403454 -0.12818 0.05214 -0.000205133 -0.129176 0.0379564 -1.64111e-05 0.0896699
21.505 -0.0111421 1.25355e-05 0.152662 -0.0106432 0.000800777 0.0673956 0.00176053 0.00256661 0.0901784 0.106131 -0.00231112 -0.0419023 -0.0391208 0.000629762 0.0652447 -0.0123924 -0.00043623 0.0527825 -0.0092304 0.000142617 0.0509486 -0.0150504 -2.92282e-05 0.141535
21.555 0.0522135 6.24375e-05 0.102232 0.0150998 -0.000913863 -0.0015619 0.0781266 -0.00148965 -0.0301791 -0.0193547 -0.00135427 -0.0509284 0.168978 0.00156866 0.00520879 0.026441 0.000183994 -0.0136417 0.028317 0.000143454 -0.012489 0.0229344 -1.35822e-05 0.0617564
21.605 0.0268269 -3.83798e-05 0.0114719 -0.0184385 7.7202e-05 -0.156295 0.0401489 -0.00072399 -0.0822089 -0.0994854 0.00395876 0.00197209 0.0183835 -0.00255039 -0.0700715 -0.00570406 -0.000233721 -0.186551 0.0134159 -0.000232489 -0.186646 1.25094e-05 1.16745e-05 -0.000749317
21.655 -0.0933813 0.000197727 -0.0954464 -0.060891 3.4737e-05 -0.0152931 -0.00331856 0.00233158 -0.073637 -0.0557698 -0.00364077 0.0790678 -0.055692 0.00160516 -0.123897 -0.0556332 -0.000350381 -0.0777221 -0.0574056 5.93729e-06 -0.0784295 -0.0590922 2.8177e-05 0.0194973
21.705 -0.259311 0.000319092 -0.0328521 -0.0635353 -0.000146806 0.122398 -0.00325148 -0.00222709 0.0873585 0.0674033 0.000505417 0.0514945 -0.320079 0.000609617 0.0553922 -0.0733493 0.000521215 0.0536294 -0.0761159 0.000192698 0.053346 -0.0743168 2.07279e-05 0.132535
21.755 -0.011822 0.000310472 0.091892 -0.0575938 -7.93036e-05 0.0931428 -0.0631848 0.000531079 0.0910582 0.0105317 0.00303557 -0.0182693 -0.288903 -0.00236133 0.0869367 -0.0548917 -0.000716001 0.0487042 -0.0570149 -6.55368e-05 0.0491829 -0.0503604 -1.0108e-05 0.0244315
21.805 0.0188596 -0.000193806 0.0134976 -0.0301331 0.000347896 0.0811477 0.0158059 0.00163163 -0.0348772 -0.102166 -0.00420241 -0.15394 0.076556 0.00227872 -0.118433 -0.0777548 0.000506674 0.0638154 -0.112443 -0.000195499 0.0653055 -0.0821593 -3.28328e-05 -0.240286
21.855 0.115245 -0.000359438 0.0147401 -0.00994789 -0.000602115 0.0375522 -0.00909251 -0.00265319 -0.0286644 -0.0667825 0.00213525 -0.0996706 0.298036 -0.000421736 -0.072766 -0.0300087 -0.000129454 0.0648834 -0.0447646 0.000202084 0.0649494 -0.0287426 -2.03437e-05 -0.154293
21.905 0.0240711 -9.03978e-05 0.0640493 -0.0287888 0.000574543 -0.0457923 -0.0499261 0.00166211 0.037379 0.0125937 0.00155471 0.0828828 0.238327 -0.00176286 0.21101 -0.000402413 -0.000198161 0.0238393 0.0226213 5.79724e-05 0.0227419 0.00230848 1.39336e-05 0.144314
21.955 -0.0119972 0.000132315 -0.0879796 -0.0172203 -0.000273171 -0.0642766 0.0610078 0.000646691 -0.0114688 0.0638189 -0.00392865 0.122132 0.206381 0.00254993 0.132545 0.00854655 0.000152609 0.00493107 0.0198772 -0.00019311 0.00521909 0.00388448 2.7681e-05 0.0913992
22.005 0.0965856 -0.000123974 -0.1981 -0.0295592 -0.000126571 -0.0511635 -0.0281847 -0.00245185 -0.0501208 0.0959631 0.00331544 0.0507704 -0.0830706 -0.00138827 -0.0810484 -0.0456319 0.00012383 -0.00189052 -0.0514622 -3.38248e-07 -0.00229509 -0.0430513 1.76255e-05 -0.156943
22.055 0.158579 -0.00013947 -0.0912401 -0.0155678 0.000348965 -0.0110096 0.0823063 0.00234975 -0.0307862 0.0949454 -0.000242017 0.0655257 -0.225803 -0.00083043 -0.0209175 -0.028314 -0.000469062 0.0322106 -0.0367613 0.000226849 0.032419 -0.026882 -6.24313e-06 -0.139625
22.105 0.0708082 -1.72128e-05 0.0589859 -0.00401508 -0.00024544 0.0645915 0.0150893 -0.000557056 -0.00712302 0.0120679 -0.00305658 0.0580388 -0.0310074 0.0024287 0.158372 -0.00472931 0.000638485 0.119536 -0.0100661 -0.00014751 0.119472 -0.00853318 -2.60371e-05 0.030814
22.155 -0.0106554 0.00019465 0.0205768 -0.0205296 -9.58e-05 0.00303903 -0.0286827 -0.00158537 0.00227677 0.115843 0.0039865 -0.0235901 0.114653 -0.00215664 0.0794711 -0.0140846 -0.000538065 0.0704128 -0.00495841 -0.000119997 0.0702374 -0.0106026 -2.27062e-05 0.0439224
22.205 -0.0199567 0.000195174 -0.0344674 0.0278356 0.000552386 -0.125433 -0.00265218 0.00259983 -0.0445842 -0.0373907 -0.00183496 -0.0582459 0.379078 0.000223532 -0.0874035 0.043545 0.000261876 -0.0571859 0.0505272 0.000164198 -0.0572432 0.0430087 8.10055e-06 -0.0860652
22.255 0.018324 3.76816e-06 0.00137898 -0.00571416 -0.000855466 -0.128759 0.0572586 -0.00173576 -0.00342031 -0.0831036 -0.00176069 0.0287321 0.173891 0.0019215 -0.0747049 -0.00216419 0.000312462 -0.0821015 0.00519353 8.51319e-05 -0.0819029 -0.00236861 2.72508e-05 -0.0390898
22.305 0.125508 -4.26405e-05 0.044035 0.0207678 0.000824686 0.0360135 0.0292886 -0.000450299 0.0400523 0.0887798 0.00394493 0.0430157 -0.0763587 -0.00256576 0.0475482 0.0365888 -0.000551263 0.0453858 0.0430978 -0.00024842 0.0443807 0.0377247 2.07329e-05 0.0873133
22.355 0.109306 0.000309791 -0.0271037 0.0022801 -0.000484423 0.104586 -0.00558821 0.00235232 0.00100807 0.0748988 -0.00298741 0.0108895 -0.165879 0.00120321 0.0511894 -0.0129038 0.000406275 0.0702755 -0.0192108 8.11422e-05 0.0708063 -0.0141287 -6.26527e-06 0.0668366
22.405 0.0174202 7.50938e-05 -0.0525468 0.00299382 0.000103491 -0.00690592 -0.0719324 -0.00243276 -0.0237688 0.0489738 -0.000192506 -0.0275928 -0.0926097 0.00105318 -0.00202995 0.00198423 0.000116455 -0.0685076 -0.00359365 0.000159864 -0.0690514 0.0024838 -2.34302e-05 -0.0556153
22.455 -0.0236435 -0.00013154 -0.030006 0.0528149 0.000212702 0.0340465 0.0792478 0.000653524 0.0382308 0.0480249 0.00319387 -0.0440598 0.119035 -0.00250451 -0.0603713 0.0309314 -0.000726201 -0.0434938 0.0178491 -0.000115144 -0.0425448 0.0311423 -2.36418e-05 -0.0983313
22.505 -0.107869 -0.000414056 0.0779462 0.0389984 -0.000203211 0.168893 0.0392772 0.00151146 -0.0365431 -0.118697 -0.00374046 0.0563502 0.180463 0.00203325 0.0149855 0.0141761 0.000912209 0.0926415 -0.00278834 -0.00014496 0.0946664 0.0132147 1.25659e-06 0.0132327
22.555 -0.0588578 -0.000451422 0.096261 0.0348274 -3.86315e-05 0.0709157 -0.0417322 -0.00248814 -0.0490566 -0.00143249 0.00140259 0.0215668 0.0129539 -6.74323e-06 0.091914 0.0425897 -0.000637985 0.0354014 0.0459341 0.000228501 0.0353412 0.0435175 2.61912e-05 0.11164
22.605 -0.0453563 -0.000182102 -0.094458 0.00151076 0.000348982 -0.0766495 -0.00379967 0.00165909 0.0209476 -0.030179 0.00203631 -0.110531 -0.183253 -0.00203907 -0.0522519 0.00537515 4.23337e-05 -0.0703036 0.0103475 -1.54401e-05 -0.0710169 0.00551012 2.40655e-05 -0.0307144
22.655 0.0699752 0.000108479 -0.0702649 0.0222142 -0.000479539 -0.110073 -0.0323618 0.000340691 0.0442162 -0.0538196 -0.00396978 0.00327186 -0.137112 0.00254338 -0.0824478 0.0264782 0.000550398 -0.0474461 0.0278394 -0.000173419 -0.0483987 0.0255271 -4.7781e-06 -0.103981
22.705 0.0491318 0.000352866 0.0554745 0.0137373 0.000312801 -0.0340762 -0.0673591 -0.00210626 0.0706756 0.0823582 0.00273393 0.0751841 0.0197308 -0.00105535 0.0326038 0.0236997 -0.000601032 0.0575347 0.0324484 6.4461e-05 0.0572356 0.024306 -2.37371e-05 0.0287362
22.755 -0.0234173 0.000527278 0.00911131 0.0215192 1.52482e-05 -0.0168073 -0.0307789 0.00232008 -0.0116552 -0.0667643 0.000654137 0.0400083 0.0598673 -0.00124798 0.0722294 0.0368093 0.00026518 0.0676214 0.0488787 0.000178049 0.0674026 0.0367077 -1.98228e-05 0.0918018
22.805 -0.0995071 0.00029585 -0.00161188 0.017021 -0.000284181 -0.167952 0.0210338 -0.000726623 -0.0598049 -0.0827996 -0.0034737 -0.0507408 0.0218071 0.00257665 0.0218241 0.0469174 0.000223194 -0.124532 0.0667837 -0.000189126 -0.124973 0.046863 1.22144e-06 0.0486478
22.855 -0.0684679 2.08977e-05 -0.00688424 0.0222025 0.000389092 -0.0479213 -0.0211514 -0.0013985 -0.0409667 -0.0710538 0.00361968 -0.052992 -0.0429151 -0.00192114 -0.102339 0.0184291 -0.000634987 -0.0667605 0.0146682 -4.43996e-05 -0.0666295 0.0193209 1.96135e-05 -0.091562
22.905 -0.0786904 -0.000191158 0.042998 0.0106037 -0.000369737 0.201896 0.0972557 0.00235974 0.0539489 0.00429407 -0.000956852 -0.0161848 -0.186423 -0.000205291 -0.085906 -0.0252306 0.00070147 0.121221 -0.0484542 0.000172658 0.121582 -0.0240993 2.42791e-05 -0.0550321
22.955 -0.120159 -0.00051027 0.132461 0.00119162 -1.79856e-05 0.145568 -0.0205718 -0.00150986 0.0648074 0.0555506 -0.00242123 -0.0241759 -0.133308 0.00214655 0.0965983 -0.00800286 -0.000550239 0.0352789 -0.0161209 -5.41659e-06 0.0349576 -0.0106628 2.15786e-06 0.129988
23.005 -0.00338167 -0.00041113 0.00384071 -0.00203789 0.000230959 -0.00255938 -0.0368109 -0.000388794 -0.00340892 0.0431469 0.0040047 -0.0386872 -0.177043 -0.00247098 -0.045359 0.0111037 -0.000216282 -0.125724 0.015428 -0.000210142 -0.124095 0.0129204 -2.3326e-05 0.068056
23.055 0.0956936 -8.46608e-05 -0.0775559 0.019359 -0.000666709 -0.051718 -0.0247745 0.00191586 -0.0410959 -0.0778 -0.00253053 -0.072484 0.0929174 0.000901156 -0.192975 0.00704755 0.000795897 -0.162781 0.00761019 0.000143539 -0.162678 0.00705028 -2.58263e-05 -0.00652864
23.105 0.0131198 0.000227077 0.0819312 -0.024412 0.000814623 -0.0141643 -0.0542531 -0.00203905 -0.0157259 -0.0871385 -0.00101766 0.083247 0.130516 0.00139658 -0.0271216 -0.000931699 -0.000971717 -0.0773224 0.00788157 0.000108414 -0.0782773 -0.0016783 8.01283e-07 0.114568
23.155 -0.0644872 0.000429278 0.0864835 -0.0363191 -0.000609965 0.026983 -0.0153006 0.00063905 0.0686908 -0.070057 0.00378731 0.0570617 0.0750162 -0.00260277 0.0997377 -0.0303523 0.000469164 0.0110624 -0.0185638 -0.000161199 0.0104596 -0.0295617 2.08549e-05 0.157061
23.205 -0.0560848 0.000164529 -0.0495046 0.00333411 0.000116172 -0.006345 0.0220587 0.00129448 0.029188 0.0371772 -0.00362909 -0.0913053 -0.00808289 0.00180467 -0.0145203 0.00816401 0.000320655 0.021562 0.00604329 -6.22419e-05 0.0214645 0.00793809 2.22092e-05 -0.0495548
23.255 0.0278067 -0.000125143 -0.0759326 0.0195118 0.000358073 -0.0246089 0.0441145 -0.00220454 -0.00960457 0.113374 0.000649258 -0.083297 -0.133616 0.000389733 -0.0617438 -0.00669119 -0.00087155 0.0307598 -0.0227101 0.000226769 0.0311741 -0.00769892 2.38146e-06 -0.196732
23.305 0.0459899 -0.000100185 0.0110939 0.0102742 -0.000552912 0.0365602 0.017007 0.00135619 -0.0413732 -0.0221059 0.00282643 -0.0109605 -0.0937849 -0.00225985 0.070934 0.00232793 0.000900985 0.124153 -0.00530632 -8.38911e-05 0.124775 0.00418743 -1.84668e-05 -0.104284
23.355 0.0288579 4.23587e-05 0.0533899 -0.00802962 0.000384026 0.0420922 0.035504 0.000524447 -0.0448558 0.0265803 -0.00411351 0.144522 0.00967627 0.00237253 0.157409 -0.00818951 -0.000380697 0.144979 -0.00768138 -0.000149117 0.144571 -0.00911926 -2.46416e-05 0.0230889
23.405 -0.0027591 0.000147778 -0.0890801 0.00180117 -8.30342e-06 -0.100381 -0.0265395 -0.00190673 -0.0247425 0.0286454 0.00234624 0.112053 0.235811 -0.000701042 0.0260727 0.0169112 -0.000348618 0.000598125 0.0273185 0.000118018 0.000346095 0.0165132 -4.15237e-06 -0.00635678
23.455 0.0117704 7.92933e-05 -0.180216 -0.0255246 -0.000357121 -0.184075 -0.0364628 0.0017892 -0.0015565 0.0145175 0.0012713 0.0397862 0.0863554 -0.0015172 -0.0699056 -0.00452134 0.000861328 -0.111008 0.011035 0.000123926 -0.111844 -0.00331007 2.02945e-05 -0.0575298
23.505 0.0725489 -0.00011128 -0.0167591 -0.001851 0.000386081 -0.0595209 0.0313308 -0.000380283 0.0176681 0.0352565 -0.00399603 -0.0444808 -0.0256666 0.00257413 0.0362286 0.00635188 -0.000889823 -0.0277092 0.0128377 -0.000211855 -0.0281575 0.0049234 2.34781e-05 0.0228481
23.555 0.124969 -0.000174288 0.121653 -0.0261072 -5.23872e-05 0.150726 0.000358998 -0.00132075 0.0516955 -0.0298694 0.00365262 -0.0447911 -0.0732164 -0.00164941 0.0797013 -0.0342384 0.000397182 0.131268 -0.044799 1.83819e-05 0.132546 -0.0335465 4.60532e-06 0.0322462
23.605 0.0458378 -2.08384e-05 0.0959397 -0.0271703 -0.000421415 0.139841 -0.0400663 0.00206169 -0.00323138 -0.066926 -0.000497233 -0.046029 0.0794553 -0.000556344 -0.0259215 -0.0642942 0.000250917 0.0748335 -0.0835991 0.000161156 0.0754697 -0.0643235 -1.73935e-05 -0.0573256
23.655 -0.154275 -4.70368e-05 -0.0456982 -0.0232226 0.00070261 -0.0194011 -0.00680009 -0.00119259 0.0189908 0.0288431 -0.00309119 -0.084506 0.112793 0.00233945 -0.0874204 -0.0218094 -0.000733703 -0.109425 -0.0276936 -5.8552e-05 -0.109241 -0.0224943 -2.38924e-05 -0.054769
23.705 -0.133787 -0.000117918 -0.0533769 -0.00737843 -0.000734104 -0.000538542 -0.00538701 -0.000662552 -0.0316433 -0.000180888 0.00425448 0.0414023 -0.0411104 -0.0022769 -0.0287796 -0.00997141 0.000692266 -0.101058 -0.00632821 -0.000163131 -0.10159 -0.00932871 -8.47529e-06 0.0732842
23.755 -0.0170606 -7.44594e-05 0.0651571 0.0212108 0.000358271 0.0887041 0.0910459 0.00200536 -0.03918 0.0394857 -0.00219159 0.12842 -0.0902438 0.00047871 0.0597653 0.0324963 -0.000244483 0.0109727 0.0365457 0.000175462 0.0115806 0.0327735 1.69903e-05 0.145389
23.805 0.148591 1.82096e-05 0.00718138 0.028796 -7.27518e-05 0.0565761 0.0593868 -0.00172483 -0.0286445 0.05068 -0.00146954 0.015052 -0.138791 0.00166107 -0.0501547 0.0158444 -0.000449034 0.0281413 0.00980898 3.83236e-05 0.0284388 0.0155584 2.47113e-05 0.0117658
23.855 0.113202 0.000145473 -0.0429293 0.00268333 -0.000158878 -0.0917564 0.00894898 0.000129391 0.00624504 0.0506906 0.00406623 -0.0900057 -0.0443123 -0.00253069 -0.0692681 0.00387015 0.000794435 -0.0570185 0.00499588 -0.000156846 -0.0577791 0.00445982 6.50647e-06 -0.100877
23.905 0.0525749 0.000321469 0.0377871 -0.00122315 0.000260224 -0.130535 -0.0364314 0.00151146 0.0554767 0.0842286 -0.00357761 -0.0934032 0.223197 0.00144875 0.0259872 0.0216268 -0.00063397 -0.0460119 0.0358244 4.26598e-06 -0.0467927 0.0210106 -1.56875e-05 -0.00193185
23.955 -0.01494 0.000281665 0.04892 -0.027658 -3.81896e-05 0.0228382 -0.0986706 -0.00203262 0.0428848 -0.0416963 0.000377466 0.0389468 0.193384 0.000739988 0.0453367 -0.025906 0.000227085 0.101475 -0.0220113 0.000188033 0.101172 -0.0258572 -2.1879e-05 0.0499576
24.005 -0.0394919 0.000167499 0.0184029 0.0056775 -0.000246929 -0.0336244 0.0255902 0.00104414 -0.0352746 -0.0831171 0.00315683 0.079293 0.100273 -0.00237707 0.0141617 0.0181177 0.000301741 0.026576 0.0263002 -0.00013278 0.026515 0.0183888 -7.5357e-06 0.0365486
24.055 -0.0286571 -0.000258631 -0.105621 0.00738351 0.000475564 -0.117214 0.0257305 0.000782479 -0.0617097 -0.154136 -0.00427701 0.0400588 -0.136357 0.00216995 -0.0144893 0.0169289 -0.000577671 -0.082994 0.0204387 -9.08474e-05 -0.0829195 0.0145887 1.30804e-05 -0.0626702
24.105 -0.0475322 -0.000472205 -0.158092 -0.00101963 -0.000786768 0.0153781 -0.00534945 -0.00209986 -0.0275192 0.0544557 0.00205488 0.0227315 -0.225468 -0.000258262 0.00171151 -0.0140211 0.000398562 0.0392013 -0.0204285 0.000154474 0.0407544 -0.0100245 2.34026e-05 -0.109827
24.155 -0.0445957 -0.000305596 0.00129234 0.000325728 8.15221e-05 0.132047 -0.055356 0.00179958 0.0449327 0.155605 0.00164886 0.0320315 -0.0660414 -0.00182653 0.165166 -0.0209383 -0.000202478 0.161562 -0.0370752 3.79849e-05 0.16011 -0.0246216 1.04054e-05 -0.0240176
24.205 0.0110479 0.000174008 0.0689799 -0.00951134 0.000543549 0.0959294 0.00272327 -4.67205e-05 0.0545544 -0.0342125 -0.00405712 0.023672 -0.029004 0.00249535 0.116435 -0.0175993 -0.000556212 0.117779 -0.0280507 -0.000190669 0.119235 -0.0173675 -1.3921e-05 -0.0425858
24.255 0.0526241 9.9932e-05 0.00690013 0.00994287 -0.000764033 -0.0316957 0.055273 -0.0017224 -0.00540794 -0.0750754 0.00338074 -0.0891463 0.132454 -0.00123508 -0.0731525 -0.00526755 0.000969717 -0.0428542 -0.00867927 7.42683e-05 -0.042944 -0.00241757 -2.5124e-05 -0.0905893
24.305 -0.024366 -0.000157003 0.0140134 -0.00637331 0.000850753 -0.0537026 0.0274425 0.0021588 -0.0583173 -0.092016 -0.000153611 -0.103556 0.107862 -0.000959295 -0.13677 0.0107026 -0.000688156 -0.107375 0.0133811 0.000135364 -0.107716 0.00761187 -9.85074e-06 0.0195597
24.355 -0.0731042 -0.000159643 0.0969483 -0.00665566 -0.000162414 0.0343497 0.00528988 -0.000999859 0.0179383 -0.00814087 -0.00314481 -0.0162416 -0.0360933 0.00241478 -0.0327799 -0.00492588 5.98346e-05 -0.0659008 0.00515372 -0.000121419 -0.0656758 -0.00531252 1.17818e-05 0.195106
24.405 -0.0976638 0.000170285 0.129007 -0.0191287 -0.000603588 0.0605339 -0.0127347 -0.000882651 0.0844145 0.0546857 0.00409176 -0.00397885 -0.0746037 -0.00203425 -0.0517712 0.00106301 0.000867479 -0.0601112 0.0100819 -9.82708e-05 -0.05981 0.00474668 2.30281e-05 0.154266
24.455 0.00552465 0.00055533 0.0243067 -0.0107436 0.00077741 0.0411232 -0.0669058 0.00215564 0.00346963 0.0373885 -0.00184917 -0.00791498 -0.114929 5.17792e-05 -0.171446 -0.0406397 -0.00109001 -0.080617 -0.0568402 0.000181529 -0.0818533 -0.0456968 1.06937e-05 -0.0344867
24.505 0.0671356 0.000401533 -0.0433244 -0.0405883 -0.000377616 -0.0178296 -0.0295643 -0.0018805 -0.0519864 -0.00788371 -0.00182914 -0.0259694 -0.102417 0.00197814 -0.0985735 -0.0372793 0.000854122 -0.0952168 -0.0361257 -1.21251e-05 -0.0948941 -0.0345477 -1.00941e-05 -0.00883256
24.555 0.0295555 -6.22259e-05 -0.0128657 -0.010054 -0.000368785 -0.0488273 0.0405978 0.000134737 -0.0296026 -0.0259438 0.00401055 0.0495878 -0.0160452 -0.00246871 0.144511 0.00940296 -0.00014082 -0.048898 0.0288017 -0.000155682 -0.0490981 0.0110593 -2.24878e-05 0.161026
24.605 0.0253708 -0.000375535 -0.0419166 0.000851752 0.000981918 -0.0583061 0.0985127 0.00177649 0.023098 0.0102472 -0.00309562 0.079315 0.113424 0.00104858 0.130173 0.0245548 -0.000618401 0.0150168 0.0352554 7.37832e-05 0.0151895 0.0198722 -1.10682e-05 0.0911631
24.655 0.0214959 -0.00042605 -0.0928051 0.00354526 -0.000945741 -0.0784401 0.0410653 -0.00231872 -0.0139647 0.0354208 -0.000189767 -0.00495384 0.146893 0.00119006 -0.0226055 0.008411 0.000873417 0.0491341 0.00907518 0.000136904 0.0495987 0.0125931 1.08544e-05 -0.149659
24.705 0.0215243 -0.000197218 -0.0298223 -0.0355503 0.000383268 -0.0484504 -0.0505945 0.00110058 -0.0283554 0.0587241 0.00323958 -0.0352369 0.00206578 -0.00248024 -0.0200312 -0.05618 -0.000597801 0.0871991 -0.0675556 -0.000151398 0.0866101 -0.0572471 2.13942e-05 -0.205658
24.755 -0.00799006 0.000117788 0.0616263 -0.0405984 0.000372236 0.0428681 -0.0549456 0.000900201 0.0210792 -0.01175 -0.00380488 0.00637255 -0.0797334 0.00188304 0.106912 -0.0340985 -0.000107584 0.16598 -0.0423154 -4.7605e-05 0.166032 -0.037063 1.24958e-05 -0.0724815
24.805 0.0284686 0.00011156 0.0327207 -0.0135462 -0.000870722 0.0652727 -0.0428361 -0.00219037 0.019525 -0.0281898 0.0014832 0.0787499 -0.0369328 0.000156814 0.0642137 -0.0297457 0.000804121 0.13174 -0.0304944 0.000157845 0.131641 -0.0252434 -7.66874e-06 -0.0108442
24.855 -0.0128363 2.63081e-05 -0.111149 0.0195073 0.000862503 -0.035043 0.0301447 0.00190603 -0.0139323 -0.0334452 0.00205264 0.00397497 0.112818 -0.00210431 -0.0539559 0.0253913 -0.00102729 -0.0219439 0.0218627 -2.55516e-05 -0.0220709 0.0232124 -2.12283e-05 -0.0556588
24.905 -0.0327575 -0.000102993 -0.0984484 0.0317677 -0.000313536 -0.0626066 0.0819435 -0.000253092 -0.0171417 -0.00473689 -0.00396383 -0.0392957 0.100211 0.00242918 -0.0118782 0.0302964 0.000667766 -0.106134 0.0316005 -0.000160469 -0.105716 0.0285069 -1.46107e-05 -0.0174551
24.955 0.00113111 -2.82539e-05 0.0711477 0.0266785 -0.000355208 0.0952474 0.00931709 -0.00164314 0.000895016 0.00690665 0.00277723 0.00102171 0.0641485 -0.0008762 0.0944807 0.0213872 8.97924e-05 0.0195698 0.0197367 0.000124166 0.0201265 0.0256006 7.19283e-06 0.0573294
25.005 0.0893712 0.000251816 0.103693 0.0389812 0.000613499 0.212057 -0.0138092 0.00233863 0.020004 0.0627214 0.000586501 -0.00613868 0.00793962 -0.00137542 0.0304164 0.0122369 -0.000682852 0.106088 -0.0112748 6.61643e-05 0.106839 0.00853861 2.33629e-05 0.0188857
25.055 0.102318 0.000278584 0.00425787 0.0454271 -0.000547043 0.0501999 -0.0128553 -0.00124743 0.00476357 0.0743432 -0.00347555 -0.0376718 -0.102879 0.00255353 -0.080437 0.0247287 0.000756236 -0.049823 0.0162959 -0.000131574 -0.049433 0.0253171 1.25392e-05 -0.0158448
25.105 -0.0394803 0.000137104 -0.0424028 0.0286399 4.95523e-06 -0.130071 0.0270967 -0.000778163 -0.0115666 0.0207519 0.0035995 -0.024209 -0.0614452 -0.001749 -0.0811151 0.0592065 -0.000318702 -0.196329 0.0768498 -2.65857e-05 -0.19742 0.0616223 -6.6562e-06 0.0609379
25.155 -0.0708911 4.84624e-05 -0.018505 0.0368562 0.000536088 -0.0733551 0.0168065 0.00215606 -0.0247925 -0.0226801 -0.00100691 0.0631903 0.026979 -0.000369414 -0.0713657 0.051915 -0.000411143 -0.0896061 0.0670953 0.000171147 -0.0902063 0.0483743 -1.9527e-05 0.147023
25.205 0.00704673 -0.000190026 0.0625943 0.0346271 -0.000714944 -0.0280364 0.00957278 -0.00189328 -0.00377222 -0.0337959 -0.00238011 0.0849509 0.0914514 0.00221933 -0.00955245 0.0616852 0.000800667 0.0217642 0.0776537 -7.95547e-05 0.0209141 0.0634699 -1.26348e-05 0.112279
25.255 0.0191665 -0.000314643 0.0396895 0.0167692 0.000472355 -0.109316 -0.0168429 0.0003051 -0.00607033 -0.0194599 0.00397607 -0.0304773 0.0403163 -0.00237 0.00543367 0.0225961 -0.000807172 -0.00347664 0.0323229 -0.000106063 -0.00325331 0.0241237 3.10447e-06 -0.0403726
25.305 0.039576 -0.000288052 -0.0540697 0.00715835 5.15394e-05 -0.0787918 -0.0535798 0.00146053 -0.00302829 0.0199921 -0.0024702 -0.115702 -0.0198551 0.000702359 0.00557869 0.00751893 0.000384019 0.0446926 -0.000795067 0.000107637 0.045088 0.00414647 2.0079e-05 -0.182234
25.355 0.0589438 -0.00020177 -0.0241919 0.0126658 -0.00055829 0.0361811 -0.0013232 -0.0021755 0.0433223 0.0369073 -0.000976404 -0.0194899 -0.0475077 0.00151021 0.0848937 -0.0056325 0.00028758 0.131025 -0.0122856 7.84501e-05 0.131127 -0.00299511 1.55973e-05 -0.0945655
25.405 -0.0383769 5.75936e-05 -0.0115672 0.00754002 0.000688382 0.0843995 0.0198674 0.00127838 0.0344611 -0.0277002 0.00374059 0.112849 -0.0419985 -0.00258487 0.13261 0.00680357 -0.00074334 0.121122 0.00179667 -0.000171987 0.121225 0.006471 -3.20797e-06 0.0165778
25.455 -0.128895 0.000240675 -0.0720022 -0.00839516 -0.000431769 0.00518105 0.0542565 0.000591777 -0.0294207 -0.0564433 -0.00354967 0.0597968 -0.0684015 0.00163801 0.0215935 -0.0114045 0.000681021 -0.0208653 -0.0140872 2.1166e-05 -0.0202199 -0.0136393 -2.08993e-05 -0.0054762
25.505 -0.11294 0.000257742 -0.0728018 -0.0161632 -2.47005e-05 -0.0133831 -0.00874921 -0.00199673 -0.0810144 -0.0839312 0.000588823 -0.0445941 -0.0185678 0.000564172 -0.0675165 -0.0240513 -0.000185782 -0.0832769 -0.0270761 0.000124394 -0.0827994 -0.0208215 -1.55268e-05 -0.0567555
25.555 0.024192 0.000338034 0.0657401 -0.0149172 0.000331376 0.122415 -0.0766193 0.00182461 -0.0110375 0.00308602 0.00278752 -0.02635 0.0277484 -0.00230982 -0.0385815 -0.0355995 -0.000373209 0.0341356 -0.052714 -6.45768e-05 0.0340785 -0.0371401 2.05517e-06 -0.0173464
25.605 0.0191527 0.000210679 0.149996 -0.0117208 -0.000271053 0.148848 -0.064774 -0.000291452 0.11275 0.0205741 -0.00407719 -0.0212502 -0.00615022 0.00228981 0.0293719 -0.0281089 0.000758264 0.06573 -0.0378701 -0.000111788 0.0656618 -0.0288288 1.81886e-05 0.0760346
25.655 -0.0262978 -8.14317e-05 0.0603406 -0.0445826 -6.89972e-06 0.00786579 -0.0388367 -0.00134558 0.0673224 -0.0249929 0.00222811 -0.0655854 -0.0684999 -0.000513492 -0.0529142 -0.035454 -0.000600881 -0.0607093 -0.0314784 0.000138524 -0.0605582 -0.0335185 1.52337e-05 0.0570781
25.705 -0.0291594 -0.000371547 -0.0618378 -0.0401809 0.000340196 -0.120771 0.0116699 0.00194065 -0.0412121 -0.0649198 0.00133823 -0.0667038 -0.0334875 -0.00163802 -0.127845 -0.0344312 0.000115461 -0.172313 -0.0247236 1.98746e-05 -0.172205 -0.0365432 -4.26215e-07 0.0367221
25.755 -0.0173859 -0.000450387 -0.0171904 -0.0234464 -0.000492342 -0.0957171 0.0681708 -0.00112361 -0.0361451 -0.067542 -0.00395004 -0.000420922 0.0227494 0.00255288 -0.0426117 0.0107898 0.000340351 -0.114275 0.0298381 -0.000118394 -0.114777 0.011349 -1.83717e-05 0.109568
25.805 0.0146157 -0.000130818 0.061062 0.0104068 0.000309958 0.0046606 0.0591671 -0.000508832 0.0126303 0.0411578 0.00357001 0.0806213 -0.0209544 -0.00150489 0.0556845 0.0131429 -0.000595112 0.0118149 0.0243834 1.45779e-05 0.0117947 0.0146847 -1.61607e-05 0.122208
25.855 -0.0322716 0.000318019 0.0456515 -0.0159409 1.55011e-05 -0.00479426 -0.0223482 0.00176379 -0.011261 0.092932 -0.000346908 0.0151602 -0.0546863 -0.000725329 0.00524174 -0.00526617 0.000436934 0.0289875 -0.00685058 0.000134244 0.0285123 -0.00751506 1.53399e-06 -0.0216033
25.905 0.00357735 0.000260732 -0.031357 -0.0463004 -0.000339036 -0.0396994 -0.0833937 -0.00166051 -0.0359029 0.0875831 -0.00313325 -0.0506231 -0.112827 0.00237011 -0.0818295 -0.0656423 -6.43267e-06 -0.000954189 -0.0718729 -0.000108921 -0.00123179 -0.0645158 1.70484e-05 -0.135848
25.955 0.0103793 -6.66892e-05 -0.018903 -0.0331444 0.000464469 -0.0244679 0.0109419 0.000237647 -0.00299296 -0.0288961 0.00421205 -0.00227055 -0.0765025 -0.00218861 -0.0182276 -0.0270264 -0.000405114 0.0141241 -0.0264525 -4.98195e-05 0.0140622 -0.0264386 1.54154e-05 -0.0364285
26.005 -0.0300625 -0.000177204 0.0230331 -0.0520321 -0.000269595 -0.00526272 0.022183 0.00131285 0.0450845 -0.126044 -0.00208278 0.0796628 0.000269389 0.0003181 0.0821634 -0.0389011 0.000550803 0.029007 -0.0299941 0.000100723 0.0292761 -0.0408047 2.13315e-06 0.10626
26.055 -0.00960401 -6.72894e-05 -0.0475258 -0.00749731 -4.63195e-06 -0.0250323 0.0515529 -0.00176638 0.00775925 -0.0228654 -0.00163875 0.00779713 0.158007 0.00177804 0.0299045 0.000472537 -0.000385235 0.00180296 0.00808287 3.06774e-05 0.00216689 0.00260177 -1.61358e-05 0.0308327
26.105 0.0268072 0.000131293 -0.078998 -0.0313779 0.000193164 -0.0396495 -0.0364991 0.000881822 -0.00528183 0.000562592 0.00410117 -0.100553 0.173145 -0.00248834 -0.0118794 -0.0378578 -1.92639e-05 -0.0240177 -0.0438743 -0.00014812 -0.024661 -0.0383288 -1.82386e-05 -0.101747
26.155 0.0820411 0.000127374 0.0399321 -0.00447267 -0.00017786 0.081941 -0.0723527 0.000613206 -0.0099212 0.0236167 -0.00352531 -0.0233481 0.065283 0.0013185 0.0558694 -0.0233577 0.000502044 0.0723494 -0.0413196 7.70397e-05 0.0724143 -0.0244733 -2.29474e-06 -0.112076
26.205 0.0411728 1.80368e-05 0.0748309 0.0125817 -9.03804e-06 0.207594 -0.0177002 -0.0016194 0.0325466 0.0578416 0.000222024 0.0696501 -0.0562299 0.000883586 0.0740378 -0.0210361 -0.000568264 0.167387 -0.0429394 7.75943e-05 0.168305 -0.0197216 1.7201e-05 -0.0420209
26.255 -0.0223372 7.90916e-05 -0.0431905 0.0166255 0.000253574 0.102334 0.0286458 0.00141941 -0.012797 0.0255625 0.00330431 0.0664425 -0.140569 -0.00240419 0.00199908 -0.00243389 0.00031014 0.0471817 -0.0142526 -0.000106731 0.048265 -0.00280329 1.66226e-05 -0.000329086
26.305 -0.11436 0.000151079 -0.118319 -0.00920838 -0.000341324 -0.112304 0.0555373 -0.000108343 -0.0564892 0.000863995 -0.00427117 0.00060346 -0.090864 0.00205843 -0.0364072 0.0114579 6.7786e-05 -0.142948 0.0227694 -5.06914e-05 -0.143017 0.0108983 1.58952e-06 0.0214396
26.355 -0.0230568 1.50329e-05 -0.0501358 0.00598756 0.000259754 -0.103107 0.0538886 -0.0013304 -0.0216517 -0.0421311 0.00198802 -0.0375703 0.101363 -0.000121404 -0.0309361 0.0178063 -0.000413158 -0.0915654 0.031273 0.000140818 -0.0918509 0.0190973 -1.47429e-05 0.0352971
26.405 0.0790256 -0.000161487 0.118372 0.0204433 -9.85671e-05 0.0337065 0.0285058 0.00169726 0.0486057 0.0151009 0.00182794 0.0226172 0.165655 -0.00191176 0.0238942 0.0232332 0.000453212 0.0919822 0.0230509 -2.89867e-05 0.091618 0.0221557 -1.54768e-05 0.0236496
26.455 0.198045 -0.000432377 0.122503 0.0394815 -0.000110255 -0.0146934 -0.0569726 -0.000702172 0.0174736 0.10763 -0.004187 -0.0266045 0.164133 0.0024339 0.0199817 0.0428644 -0.000212897 0.0625346 0.0474319 -0.000118831 0.0621262 0.0429845 -4.2124e-06 -0.000232239
26.505 0.127365 -0.000432339 -0.0502188 0.0400525 0.000200065 -0.137058 0.00288138 -0.000813618 -0.0185252 0.100531 0.00336761 -0.0711809 -0.0197185 -0.00109245 -0.0518376 0.0560375 -0.000144213 -0.0803628 0.0676989 7.8205e-05 -0.080821 0.0568787 1.41726e-05 -0.0301877
26.555 0.0329966 7.5526e-06 -0.0950101 0.0107248 -0.000132517 -0.125728 -0.0113407 0.00165701 -0.0422321 0.0100227 -6.08185e-05 0.0320565 -0.0561438 -0.0010741 -0.0559164 0.0317159 0.00040684 -0.112857 0.0460308 8.86528e-05 -0.113205 0.0306974 1.87464e-05 0.0431592
26.605 -0.0908052 0.000457546 -0.0207013 0.0486803 4.23633e-05 0.0228186 0.0625444 -0.00124271 -0.0165323 0.00509997 -0.00333944 0.173471 -0.00856303 0.00242943 0.0200782 0.0574565 -0.000453699 0.00202516 0.0648516 -0.000125435 0.0019278 0.0580489 4.59807e-06 0.102964
26.655 -0.0840797 0.000573061 -0.0201604 0.0232979 6.29392e-05 0.0852105 0.0487466 -8.74773e-05 -0.00175054 -0.0427056 0.00417508 0.0987266 0.0131492 -0.00190193 0.0405165 0.0123791 0.000213353 0.0600986 0.00518377 -1.72234e-05 0.0602478 0.0124849 -1.49232e-05 0.015105
26.705 0.011464 0.000256822 -0.0434622 0.0203279 -0.000105676 0.0250289 -0.0527116 0.00140414 -0.0228418 -0.00609276 -0.00181695 -0.101098 0.0182643 -8.90882e-05 0.0624417 0.00321192 0.000161493 0.0279391 -0.0102279 0.000122945 0.0283417 0.00256705 -1.69529e-05 -0.12787
26.755 0.10076 -0.000241777 -0.0126666 0.0322667 1.41794e-05 0.0679035 -0.0424182 -0.00169241 0.0152396 0.0174506 -0.00192971 -0.116533 0.0795263 0.00202899 0.0605427 0.00625357 -0.000390624 0.0957617 -0.0137549 -3.16498e-05 0.096217 0.00695611 -6.24072e-06 -0.179115
26.805 0.0402527 -0.000280523 0.0419295 0.0300263 8.44271e-05 0.137786 -0.0449259 0.000637422 0.0595365 -0.0265661 0.00417415 -0.000921537 0.0174469 -0.00239257 0.0800235 0.00228033 0.000419465 0.171232 -0.0167564 -0.000117446 0.171617 0.00220149 1.16607e-05 -0.0775445
26.855 -0.0536414 2.43471e-06 0.0246772 0.0348061 -0.000168546 0.0278051 0.0607145 0.0009585 0.0283056 -0.00655339 -0.00313926 0.0698799 -0.000480865 0.0008805 0.0447053 0.0422019 -0.000110157 0.05396 0.0435872 9.66446e-05 0.0538846 0.0414951 1.7854e-05 0.0372567
26.905 -0.110922 1.67343e-05 -0.0838038 0.0327998 0.000158501 -0.114597 0.0220003 -0.00181093 -0.0472597 -0.0513398 -0.000221147 0.0228813 -0.0106771 0.00128564 -0.0599511 0.0472796 -0.00022432 -0.110798 0.0604284 5.47223e-05 -0.110556 0.0478819 7.10502e-06 0.0283316
26.955 -0.0507657 -0.000150391 -0.0547797 0.0129638 -7.3017e-05 -0.0935533 -0.0300444 0.00124617 -0.0417209 -0.0360201 0.00336897 -0.027338 -0.0838331 -0.00246327 -0.0996078 0.031413 0.000356552 -0.10876 0.0402515 -0.000108298 -0.108568 0.030982 -1.26058e-05 0.0156623
27.005 -0.0140684 -0.000264745 0.10419 0.0186897 9.79683e-05 0.0619936 -0.0689373 0.000237274 0.0333775 -0.0316663 -0.00394533 -0.0124641 -0.0494361 0.0017438 -0.00988766 0.00594124 -0.000337519 0.0257711 0.00469909 -1.62494e-05 0.0264783 0.00618983 -1.68739e-05 0.0524028
27.055 -0.0110353 -0.000133466 0.150305 -0.0182103 -8.87747e-06 0.0948595 -0.052584 -0.00152788 0.0617915 -0.0229365 0.00148481 -0.0229119 -0.109391 0.000321195 0.0119693 -0.020253 1.28568e-05 0.050846 -0.0248819 0.000131497 0.0504818 -0.0196649 -4.74117e-06 0.0452742
27.105 -0.0569795 0.000139391 0.0330353 -0.0246683 -4.01449e-05 -0.0351697 -0.00796902 0.00173167 -0.000916989 -0.0124586 0.00208193 -0.091774 -0.0542744 -0.00214062 -0.0655063 -0.0240229 0.000266639 -0.0908558 -0.0224553 -7.77428e-05 -0.0911312 -0.0253244 1.16768e-05 0.0158891
27.155 -0.127561 0.000215565 -0.0728115 -0.0358475 0.000125578 -0.109951 0.0341668 -0.000648411 -0.0145224 -0.0616838 -0.00407446 -0.0462318 -0.0989032 0.00233685 -0.111634 -0.0186 -0.000291155 -0.169346 -0.00297961 -6.43685e-05 -0.170039 -0.0172792 1.57894e-05 0.0666534
27.205 -0.0621858 0.000160027 -0.0120426 -0.033118 -0.000215987 -0.0657423 0.0240296 -0.000979176 -0.00211286 -0.066282 0.00285989 0.0576845 -0.143094 -0.00070036 -0.0196829 -0.00553862 0.000358633 -0.117474 0.0135359 8.3366e-05 -0.118358 -0.00620201 8.51468e-06 0.180075
27.255 -0.0171476 0.000148588 0.0818832 -0.0358046 0.000257059 0.00371486 0.00704983 0.00192151 0.0247674 -0.0141691 0.000585802 0.0594014 -0.0853592 -0.00148064 0.0162764 -0.0226012 -3.08889e-05 -0.0273944 -0.0128678 5.3066e-05 -0.0270331 -0.0230629 -8.22588e-06 0.134463
27.305 0.0503886 1.71736e-05 0.0418919 -0.021622 -0.000210343 0.0264655 -0.0704917 -0.0013902 -0.0171286 0.00598617 -0.0034889 -0.0557209 0.00622468 0.0025073 -0.0894929 -0.0309934 -0.000317117 0.00717625 -0.0380655 -0.000140766 0.00729074 -0.0299747 -1.83485e-05 -0.0613108
27.355 -0.0331642 -4.32448e-05 0.0453416 -0.0282005 0.000153732 0.0192129 -0.0566385 -0.000218434 0.00763853 0.0375331 0.00369711 -0.101906 0.0174775 -0.00160559 -0.0767926 -0.0481611 0.000419477 0.0028264 -0.0611362 4.71874e-05 0.00350064 -0.0487971 -9.85949e-06 -0.106369
27.405 -0.0656404 3.35104e-05 0.0593979 -0.0317291 -1.54386e-05 0.0713458 0.00619503 0.0016194 0.0319404 -0.0230018 -0.0010377 -0.0344021 -0.00630567 -0.000540465 0.0261337 -0.0332088 -0.000287519 0.0466546 -0.0402205 8.37004e-05 0.046833 -0.0338377 1.08016e-05 0.00333386
27.455 -0.0606674 -3.42169e-05 0.00318203 -0.00831233 -1.70391e-05 0.0964903 0.0699515 -0.00180503 0.0311601 -0.0532465 -0.00238983 0.0346071 -0.0114871 0.00225577 0.0666818 -0.0228592 -3.61304e-05 0.0682995 -0.0272867 -5.96767e-05 0.0689455 -0.0216276 1.71879e-05 0.0436428
27.505 0.0138662 -0.00020186 -0.0800824 -0.0181524 -1.29699e-05 0.00285093 0.0588761 0.000703478 -0.0354501 -0.0422419 0.00398426 0.00882555 0.0755496 -0.00225579 0.02687 -0.0161063 0.000317818 -0.00364451 -0.0209567 -8.48459e-05 -0.00355086 -0.0171699 7.35089e-06 -0.037199
27.555 0.0662609 -0.000325661 -0.120043 -0.0276576 6.051e-05 -0.0379432 -0.050325 0.000911447 -0.0422508 0.00140427 -0.00252472 0.00494308 0.0331504 0.000529619 0.0274385 -0.0406571 -0.000394413 -0.0106246 -0.045098 0.000127867 -0.0107945 -0.0400759 -9.03307e-06 -0.104269
27.605 0.0988828 -0.00024443 -0.0218389 -0.0222878 -9.65129e-05 0.0186853 -0.030216 -0.00189603 0.0282895 0.124353 -0.000979772 0.0680785 0.0743109 0.00163747 0.0957592 -0.02388 0.000181714 0.0848988 -0.0271809 -1.69718e-06 0.0849614 -0.0231071 -1.59822e-05 -0.0558805
27.655 0.092162 0.00015941 0.0245685 -0.0230586 6.90628e-05 0.0355679 -0.0695816 0.00149793 0.00740851 0.0589061 0.0037041 0.107749 0.0550583 -0.00253412 0.108214 -0.0271818 0.000137663 0.122338 -0.0304392 -0.000100569 0.122492 -0.0286004 -9.4783e-06 -0.0097739
27.705 0.0686327 0.000404816 -0.0658408 -0.0176153 2.01385e-05 -0.0692044 0.0640713 5.27813e-05 -0.0472571 0.038722 -0.00353186 0.01802 0.0407567 0.00148161 -0.0182348 -0.0101325 -0.000289804 0.0220473 -0.00416687 2.65019e-05 0.0218223 -0.00904603 7.0878e-06 -0.0447264
27.755 -0.0155075 0.000197188 -0.0915969 -0.0323556 -0.000111794 -0.160604 0.0597259 -0.00156547 -0.0465825 -0.0138464 0.000611075 -0.0422846 0.0424727 0.000720553 -0.0428174 -0.0123317 0.000359737 -0.078811 0.000998956 0.000112162 -0.0794536 -0.0125204 1.69931e-05 -0.0356176
27.805 0.0301148 -3.33061e-05 0.0237024 0.0152343 0.000223507 -0.0682434 0.0780542 0.00185907 0.0157254 0.0101592 0.00280398 0.0177691 0.0718812 -0.00235831 0.00477796 0.028553 -0.000150589 -0.00475925 0.0366166 -9.74874e-05 -0.00518794 0.0281161 1.05357e-05 0.0218508
27.855 0.0491732 -2.75621e-05 0.0753768 0.0336225 -9.15675e-05 0.0755222 0.0096661 -0.000788339 0.0386388 0.0879815 -0.00401407 0.00973513 0.164823 0.00216851 0.0339747 0.029597 -4.14065e-05 0.100824 0.0249273 -4.04123e-05 0.101037 0.030156 -6.71265e-06 0.0103652
27.905 0.123784 0.000125094 0.0392816 0.0210148 0.00029403 0.0324309 -0.0218897 -0.000801612 -0.0265841 0.108474 0.00218372 -0.0281743 0.0418268 -0.000343727 0.00182846 0.00871853 0.000325656 0.0189982 0.00282155 0.000103344 0.0195286 0.00842473 -1.75818e-05 -0.0231393
27.955 0.0877323 0.000114515 -0.0347338 0.0164793 -0.00020898 -0.0311173 -0.0121221 0.00177002 -0.0444335 0.0403969 0.00137143 -0.0272134 -0.00667973 -0.00175861 -0.0240914 0.0195937 -0.000213703 -0.0932421 0.0180284 -1.10287e-05 -0.0933754 0.0189205 -9.69294e-06 -0.020511
28.005 0.0105198 -0.000199868 -0.0534273 0.0187734 0.000118534 0.0396189 0.030247 -0.00147097 -0.0146143 -0.00360686 -0.00395168 0.0740431 -0.0560234 0.00251629 -0.0413157 0.0101647 4.51861e-05 -0.0499364 0.00959352 -0.000101557 -0.0495633 0.0114044 4.89567e-06 0.0541617
28.055 -0.0749374 -0.000440145 -0.0198826 0.00909629 6.68689e-05 0.0857563 0.0125305 0.000108302 0.0236474 -0.0188432 0.00345964 0.0940728 -0.020731 -0.0013374 0.0258151 0.0106725 0.000272368 0.00362434 0.00952726 6.56427e-05 0.00376881 0.00989411 1.56691e-05 0.10892
28.105 -0.0345229 -0.000253248 -0.0089631 0.0234842 -0.00015957 0.0133372 0.0277666 0.00135884 0.026649 -0.017592 -0.000285746 -0.0243803 0.0693727 -0.000867233 0.0395661 0.0229373 -0.000404631 -0.0176868 0.0230432 5.97839e-05 -0.0175745 0.0227853 1.15729e-05 0.0279961
28.155 0.0372313 4.13078e-07 -0.00514842 0.0373245 0.000169345 -0.00941731 -0.00602445 -0.0017841 -0.00481984 -0.0251007 -0.00317338 -0.106318 0.0846955 0.002418 -0.00533933 0.0266885 0.000282466 0.0152805 0.0181686 -8.63274e-05 0.0157062 0.0274673 -5.40277e-06 -0.130962
28.205 0.0664719 0.000217111 0.0484355 0.0369073 -0.000114484 0.0521087 -0.0560919 0.000844966 -0.0029999 -0.000662921 0.00416713 -0.0694403 0.0909962 -0.00207904 0.000720042 0.0163605 -2.01813e-05 0.125643 0.000501637 -2.22446e-05 0.125802 0.0154814 -1.75125e-05 -0.143604
28.255 0.024282 0.000340836 0.0428873 0.0462172 5.58018e-05 0.037847 0.00651347 0.000674777 0.00626495 0.0296487 -0.00194583 0.0603961 -0.018531 0.000153185 0.0763788 0.0421687 -0.00024215 0.129066 0.0400893 0.00010372 0.129559 0.0427628 -1.03522e-05 -0.0239598
28.305 -0.066093 0.000207364 -0.0488508 0.0302969 -5.27577e-05 -0.103577 0.0119665 -0.00161126 -0.00529257 0.0103618 -0.0017283 0.0880764 -0.0824598 0.00186464 0.0607468 0.0556544 0.000325067 -0.0157595 0.0713401 -3.75332e-05 -0.0164806 0.0557972 5.46549e-06 0.0399818
28.355 -0.0966153 1.99033e-05 -0.146827 0.0274172 0.000141805 -0.145812 0.0293215 0.00133177 -0.0405966 -0.0149809 0.00415952 0.0361522 -0.0985224 -0.00245981 -0.063206 0.0441034 -0.000189948 -0.0916836 0.0564965 -7.52683e-05 -0.0922535 0.0435674 1.46969e-05 -0.0155589
28.405 -0.0132589 -0.000114428 -0.0495165 0.0281962 -0.000217713 -0.039521 -0.010642 -0.000132738 -0.00091317 -0.0622316 -0.0034191 0.0109152 -0.0799296 0.00115839 -0.0423321 0.0323229 -3.13231e-05 -0.0231446 0.035667 6.49677e-05 -0.0237755 0.0322938 1.122e-05 -0.00469894
28.455 0.0202686 -0.000189437 0.136253 0.0196947 0.000255845 0.0553876 -0.0328989 -0.0011328 0.0550649 -0.0552239 5.22449e-05 -0.0288667 -0.0371214 0.00101933 0.0690703 0.0188463 0.000272925 0.0299875 0.0203528 5.55632e-05 0.0302708 0.0193318 -1.86076e-06 0.0740536
28.505 -0.0546139 -2.55797e-05 0.124584 3.02424e-06 -0.00022348 0.0833439 -0.0501535 0.00156281 0.0293599 -0.0497725 0.00340133 -0.105473 0.00601705 -0.0024248 -0.00481281 -0.00812624 -0.000349562 0.0128775 -0.0154444 -0.000110908 0.0131153 -0.00877529 -1.5206e-05 0.0259342
28.555 -0.122848 3.99094e-05 0.0249808 -0.0268813 0.000158226 0.0210383 -0.0631665 -0.000791783 -0.00258557 -0.0474217 -0.00429713 -0.11715 -0.0461479 0.00196128 -0.144687 -0.0431167 0.000271311 -0.0928279 -0.0478419 1.02966e-05 -0.0923519 -0.0423006 -1.2467e-05 -0.00448466
28.605 -0.143468 -3.66182e-05 0.0183836 -0.0355108 -8.23016e-05 -0.011843 0.000902963 -0.000574723 0.0128434 -0.0794002 0.00183612 -0.0025937 -0.143831 3.7001e-05 -0.106101 -0.0214618 -1.03828e-05 -0.149372 -0.0155734 9.38036e-05 -0.149786 -0.021785 3.11868e-06 0.102766
28.655 -0.0642688 -1.54312e-05 0.0383585 -0.00297729 0.000135486 0.0392136 0.0632209 0.00144934 0.041045 -0.0550646 0.00198793 0.0661009 -0.173041 -0.00197411 -0.0382561 0.0049651 -0.000251428 -0.0888564 0.0137906 -4.03962e-05 -0.0891914 0.00489846 1.54183e-05 0.185079
28.705 -0.0383234 -4.13962e-06 0.0329267 -0.0195571 -0.000176215 0.0420947 -8.42313e-05 -0.00116114 -0.00281573 -0.011999 -0.00428472 0.0033902 -0.144535 0.00238403 -0.0340477 -0.014058 0.000213558 -0.0514769 -0.011605 -8.21966e-05 -0.0510106 -0.0137839 1.06539e-05 0.0943063
28.755 -0.000195178 -0.000104296 0.0379846 -0.0280748 0.000203837 -0.00336058 -0.0546128 2.54926e-05 -0.0398112 0.0159437 0.00334928 -0.0966276 -0.00679589 -0.000958582 -0.0664549 -0.0365562 -0.000130663 -0.0415864 -0.042517 9.53035e-05 -0.0410256 -0.0368755 -1.92661e-06 -0.0514615
28.805 -0.00624553 -6.42682e-05 0.0570942 -0.0158816 -3.5321e-06 0.0159395 0.00749904 0.00104272 0.0324007 0.0190239 0.000141584 -0.0944223 0.0523228 -0.00119743 -0.0236181 -0.0272035 -7.10256e-05 0.0150742 -0.0344941 2.65764e-05 0.0160904 -0.0266758 -1.43038e-05 -0.0740145
28.855 0.0120544 -8.46057e-05 0.0861854 0.0123074 -0.000214316 0.0448035 0.040701 -0.00131219 0.0482492 -0.0103609 -0.00350279 0.00538888 0.0598677 0.00241452 0.0417655 0.0120347 0.000317037 0.0735362 0.0103888 -9.6873e-05 0.072506 0.0116409 -1.23954e-05 0.0206111
28.905 -0.00773134 0.000110934 -0.0299805 0.0116136 0.000339186 -0.0104568 0.0537948 0.000605832 -0.0153336 0.0342645 0.00425443 0.0334091 0.00958773 -0.00179381 0.0193388 0.0161762 -0.000303508 0.023087 0.0213359 1.15024e-05 0.0230352 0.0164776 2.38359e-07 0.0404378
28.955 0.0332861 0.000311861 -0.136538 -0.00105235 -0.00037738 -0.122396 0.0132999 0.000571459 -0.0624163 -0.00293976 -0.00173563 0.0196323 -0.0302512 -0.000234454 -0.0208174 0.0163348 0.000166183 -0.0675284 0.0273713 9.31723e-05 -0.0691493 0.0159123 1.43486e-05 -0.00954668
29.005 0.0373813 0.000249754 -0.079224 -0.0326247 0.00027965 -0.100575 -0.059266 -0.00131125 -0.0217739 -0.0143476 -0.00213513 0.0821572 0.0330028 0.00208336 0.03787 -0.0230536 0.000105022 -0.0283581 -0.0149329 -5.93949e-05 -0.027931 -0.0224897 1.28973e-05 -0.0415614
29.055 0.0777607 9.87622e-05 -0.0110857 -0.0328891 -0.000123207 0.0468865 -0.0762504 0.000999535 0.0129991 0.0142506 0.00430438 0.125721 0.130622 -0.00230448 0.0859548 -0.0412652 -0.000308367 0.14295 -0.0493017 -6.02274e-05 0.142992 -0.0417106 -6.99031e-07 -0.0660995
29.105 0.0862644 -8.5696e-05 -0.0354875 -0.0300261 1.51894e-05 0.0499613 -0.0239413 0.00011862 0.0208445 0.0708438 -0.00319906 0.0502422 0.0882899 0.000752201 0.116205 -0.044143 0.000303677 0.148207 -0.0521252 8.38229e-05 0.148994 -0.0437567 -1.21393e-05 -0.0821798
29.155 0.0343321 -0.000340382 -0.0848844 -0.0293899 -1.09257e-05 -0.0710445 0.0676342 -0.00109846 -0.0187761 0.0390751 -0.000343197 -0.0582033 0.0609087 0.00138948 0.0926233 -0.0223271 -0.000195991 0.020736 -0.0212033 2.01724e-05 0.0207294 -0.0226366 -1.25006e-05 -0.0919668
29.205 0.0326628 -0.000420082 -0.0767438 -0.0108436 8.06108e-05 -0.0260419 0.0904882 0.00118491 -0.0261537 -0.0262082 0.00356454 -0.0534712 0.0386287 -0.00243059 0.0203669 -0.0176701 -2.50017e-05 0.025041 -0.0229044 -9.42846e-05 0.0252178 -0.0177132 -1.79394e-06 -0.103045
29.255 0.0667302 -0.000174601 0.0418122 0.0239965 -0.000189725 0.0998681 0.0897575 -0.000382433 0.000338212 0.0517802 -0.00404445 0.0154475 0.0821143 0.00160681 0.00110591 0.00822434 0.000230041 0.108868 -0.00405455 2.81544e-05 0.109334 0.00787136 1.16672e-05 -0.0401014
29.305 0.0059511 0.000121547 0.101523 0.0240643 0.000262785 0.0957002 0.00669748 -0.000696289 -0.00843893 0.104802 0.00149019 0.0477193 0.0715321 0.000449837 0.00833037 0.0141375 -0.000237529 0.0561282 0.00637641 7.18464e-05 0.0567891 0.0143717 1.32685e-05 0.0227555
29.355 0.000137348 0.000354825 0.0209851 0.0139195 -0.000195392 -0.0115755 -0.0293018 0.00126286 -0.0224972 0.103593 0.00224612 -0.0170056 0.0269252 -0.00218303 -0.070135 0.0149622 0.000154747 -0.0854693 0.0166333 -7.00992e-05 -0.0857408 0.0155549 6.8709e-07 0.0310688
29.405 0.0480433 0.00022656 -0.0299186 -0.0115037 0.000113823 -0.0402402 -0.0532561 -0.000875855 -0.022148 0.00920285 -0.00422372 -0.0229357 -0.00611167 0.002224 -0.11002 -0.0043691 8.68232e-05 -0.142356 0.000871525 -3.75904e-05 -0.142996 -0.00512146 -1.24189e-05 0.0573563
29.455 0.111619 6.12147e-05 0.00696308 0.0125137 0.000127906 0.0112943 0.0302731 -0.00023304 0.0111266 -0.0450495 0.00292589 0.0417437 0.0148233 -0.000544964 -0.0345563 0.0155367 -0.00027186 -0.0754989 0.0237735 9.15267e-05 -0.0754847 0.016157 -1.23982e-05 0.128327
29.505 0.0121565 6.36846e-05 0.0139774 -0.00389945 -0.000305368 -0.000707991 0.0291194 0.00120622 0.0474164 -0.0533625 0.000603511 0.0254944 0.0135889 -0.00156882 0.0520442 0.0116885 0.000287994 -0.0394529 0.021558 -1.37229e-05 -0.039871 0.0114663 -2.4035e-07 0.119453
29.555 -0.0245126 -1.61121e-05 -0.0377852 0.00897924 0.000328428 -0.0672395 0.00855138 -0.00121179 0.00812985 0.0226026 -0.00364274 -0.0428993 0.0416915 0.00246955 0.0287545 0.0105822 -5.44154e-05 -0.0373724 0.0165712 -8.8296e-05 -0.0373786 0.0111297 1.02485e-05 -0.0103385
29.605 0.00150698 -0.000204946 -0.0488339 0.0144703 -7.38538e-05 -0.0451058 -0.0264429 0.000265151 -0.0221769 0.0265668 0.00379648 -0.0436084 0.099619 -0.00144364 0.00101974 0.0176163 -8.92243e-05 0.0381713 0.0116047 6.82227e-05 0.0378142 0.0165859 1.17279e-05 -0.129483
29.655 0.0237959 -0.000155662 0.0193235 0.0264493 -3.13671e-05 0.0202742 -0.0219192 0.000865698 -0.0291923 0.0218969 -0.00107968 0.0551933 -0.0482931 -0.000673825 0.0597412 0.00816778 0.000236897 0.130013 0.00237621 3.80814e-05 0.131454 0.00896468 3.62277e-06 -0.0858193
29.705 -0.029513 -0.000140268 0.0181582 0.0202546 3.44009e-05 0.022097 0.0462149 -0.0013424 -0.0212221 0.0195516 -0.00244473 0.0799648 -0.115521 0.002283 0.0794339 0.0318384 -0.00015641 0.128291 0.0294814 -7.07693e-05 0.127691 0.0311751 -1.04337e-05 -0.0367435
29.755 -0.0673845 2.94262e-05 -0.0763147 0.0183444 0.000104567 -0.0511015 0.012813 0.000832954 -0.0239556 -0.0174865 0.00410366 0.0330984 -0.107561 -0.00214208 -0.0137102 0.00946251 -8.37322e-05 0.0239479 0.010957 -1.97389e-05 0.024284 0.00988116 -1.40404e-05 -0.0539982
29.805 -0.0453215 0.000122459 -0.0660498 -0.00589721 -0.000241985 -0.0748969 -0.0152532 0.000300124 0.0220265 -0.033559 -0.00255172 -0.034547 -0.0215514 0.000344397 -0.0445103 0.0134975 0.000277285 -0.0415728 0.0174536 9.30968e-05 -0.0419925 0.013483 -3.06875e-06 -0.0504009
29.855 -0.0542631 2.25671e-05 0.0462012 -0.00291409 0.000261352 0.0332198 -0.0370347 -0.00127207 0.0656791 -0.0932423 -0.000963396 -0.072414 0.0847414 0.00172303 0.0103701 -0.0160712 -0.000353724 0.00501544 -0.0184472 -3.88474e-05 0.00548 -0.0160396 1.00115e-05 0.0237606
29.905 0.0124753 -2.68974e-05 0.140351 0.00519147 -0.000175283 0.125679 -0.0306881 0.00131177 0.0407 -0.0601974 0.00376096 -0.0550086 0.0392938 -0.00248803 0.0348752 -0.00170259 0.000306778 0.0357949 -0.0102396 -6.09883e-05 0.0357669 -0.00194015 1.18173e-05 0.0560064
29.955 -0.00557797 -2.80181e-06 0.083853 0.00678102 1.86133e-05 0.0851207 -0.0446422 -0.000313273 -0.00190177 -0.0416602 -0.00359645 -0.0777237 0.0106651 0.00131406 -0.051524 -0.00934716 -6.66524e-05 -0.05702 -0.017597 5.01857e-05 -0.0564235 -0.00886262 3.98609e-06 0.0349565
30.005 -0.0806221 3.90584e-06 -0.0404573 0.00184761 0.000161512 0.022007 -0.0178436 -0.000937168 -0.0210449 -0.034171 0.000609153 -0.0266632 -0.131488 0.000873456 -0.128347 -0.00409795 -0.000112056 -0.141972 -0.00763787 5.31272e-05 -0.141971 -0.00450523 -9.63264e-06 0.0457605
30.055 -0.125231 0.000202392 -0.0205159 -0.0093072 -0.00025657 -0.00377273 0.00171777 0.00147031 0.0152327 -0.00493512 0.00278749 0.0638899 -0.215564 -0.00237522 -0.0519548 0.00398621 0.000155613 -0.138074 0.0137496 -9.02128e-05 -0.138402 0.00403439 -1.277e-05 0.152467
30.105 -0.0833322 0.000208898 0.0387467 -0.0226971 0.000289571 0.0169821 0.0373361 -0.000904013 0.00176981 0.0177889 -0.00405797 0.078564 -0.149106 0.00206254 -0.00455401 -0.0114857 -2.48664e-06 -0.0458325 -0.0019385 1.98858e-05 -0.0467472 -0.0112401 -4.35762e-06 0.139934
30.155 0.022483 -4.11904e-07 0.0178345 -0.0272073 -0.000217341 -0.01979 0.013775 -0.000298746 -0.0300524 -0.0104689 0.00217415 -0.0280343 -0.0283995 -0.000160281 -0.059027 -0.0268395 -0.000244263 0.00598443 -0.0260658 6.53491e-05 0.00576972 -0.0271542 8.7249e-06 -0.0118628
30.205 0.0634534 -0.000222383 0.0356546 -0.0277504 3.8225e-05 -0.109637 -0.00600938 0.00128262 0.00256425 -0.00669734 0.00140658 -0.116593 0.0784982 -0.00185593 -0.0328502 -0.0208029 0.000365988 -0.0161402 -0.0146185 -2.38916e-05 -0.0156675 -0.0202313 1.33507e-05 -0.0799936
30.255 0.0301972 -0.000294394 0.056123 -0.0406557 3.28753e-05 -0.0811146 -0.028801 -0.00137554 0.0321524 -0.0140061 -0.00392838 -0.0546536 0.0860586 0.00245902 0.0315182 -0.0259026 -0.000405804 0.0368546 -0.0192606 -7.45612e-05 0.0362263 -0.0265851 4.66825e-06 -0.0367861
30.305 -0.014894 -0.00012305 0.0193403 -0.0342034 4.33267e-05 -0.00741707 0.00370147 0.00044868 0.0329894 0.0225023 0.0034474 0.0173153 0.0689011 -0.00118057 0.0435251 -0.030402 0.000214568 0.078839 -0.0258012 8.87492e-05 0.0789499 -0.029784 -7.37217e-06 0.0120035
30.355 -0.00938009 0.000122357 -0.0503219 -0.0251145 -0.000242918 -0.0284947 0.0370052 0.000843883 -0.0135845 0.00365024 -0.000209168 0.0603905 -0.043345 -0.00103322 0.00859424 -0.0167526 5.31274e-05 0.00497218 -0.0129259 2.00821e-06 0.0042123 -0.0169256 -1.19369e-05 0.000687267
30.405 -0.0150347 6.5636e-05 -0.102692 -0.0282354 0.000400452 -0.0276292 -0.00136215 -0.00151318 -0.0524003 -0.0513827 -0.00319324 0.0578015 -0.0812035 0.00243427 -0.0168198 -0.0328736 -0.000222117 -0.0485972 -0.0350393 -6.31077e-05 -0.0487106 -0.0329968 -6.55467e-06 -0.042526
30.455 0.0100257 -1.9328e-05 -0.05812 -0.00561613 -0.000420741 0.0726768 0.0137132 0.0010375 -0.0122063 0.0557504 0.00412446 0.0424682 0.00960666 -0.00196758 0.0310871 -0.0206665 0.00025866 0.0284837 -0.0317937 5.38077e-06 0.0288102 -0.0206446 5.91441e-06 -0.0365023
30.505 0.0728275 8.10352e-05 0.024043 -0.00205614 0.000309849 0.142803 -0.038944 0.000192412 0.00471191 0.066288 -0.00188981 0.0283715 0.0646801 -1.08482e-05 0.101353 -0.0239292 -0.000109948 0.106633 -0.0385726 8.09098e-05 0.107562 -0.0235888 1.34926e-05 -0.0130561
30.555 0.0691423 0.000167059 0.0179751 0.0102365 -8.10766e-05 0.0767064 0.00966872 -0.00122423 -0.000457377 0.049695 -0.00184179 -0.0226784 0.15229 0.00197207 0.0707792 -0.00475639 -0.000164462 0.0627663 -0.0165468 -6.66574e-05 0.0635898 -0.00515272 5.77704e-06 -0.0430909
30.605 0.0663282 0.000129753 -0.0424688 0.0147451 -0.000120909 -0.0277728 0.0300544 0.00136413 0.00760713 -0.0122474 0.00415299 -0.0516317 0.123415 -0.00240189 -0.0234109 0.0109157 0.000333524 -0.0161721 0.00789757 -2.88497e-05 -0.016091 0.0112756 -7.44312e-06 -0.0715463
30.655 0.0624606 -8.3086e-06 -0.0340836 0.033953 0.000226398 -0.0499521 0.0442837 -0.000553605 0.000109958 -0.000987382 -0.0033325 0.00984173 0.0358491 0.00101727 -0.0289233 0.0398768 -0.000319396 -0.0201013 0.0446768 8.08105e-05 -0.0200641 0.0395281 -1.28604e-05 -0.00751679
30.705 -0.0157143 -0.000147096 0.0166661 0.031827 -9.35919e-05 -0.0264824 0.00831856 -0.000657521 -0.0109418 0.037381 -8.25956e-05 0.0573861 0.0359882 0.00116212 0.0264135 0.0486399 0.000232962 0.024655 0.0574733 -7.37439e-06 0.0240836 0.0483282 -5.60554e-06 0.0580729
30.755 0.0119414 -6.89982e-05 0.00934078 0.0256277 -3.33992e-05 -0.0403818 -0.00730262 0.00139509 -0.0109132 0.0541576 0.0035203 0.0216317 0.00909851 -0.00244796 0.0158259 0.0316839 8.92179e-05 0.0181804 0.0379837 -5.7983e-05 0.018236 0.0320884 5.88988e-06 0.00651629
30.805 0.0592129 -6.59031e-05 -0.0175535 0.0256052 0.000239204 -0.0585519 -0.00563739 -0.00110158 -0.0163394 0.029523 -0.00423532 -0.00945319 0.0259194 0.00183711 -0.0337648 0.0292723 -0.000217101 -0.00243794 0.0286905 1.74941e-05 -0.0028071 0.0291259 1.18525e-05 -0.081422
30.855 0.0447122 -0.000126301 -0.0136737 0.0398317 -0.00023459 -0.0160719 0.00385509 -1.87786e-05 -0.0168421 0.0235813 0.00171408 0.0163543 0.0218571 0.000179321 -0.00898818 0.0317005 0.0002129 0.0147624 0.0293351 6.84228e-05 0.0150274 0.0319193 7.00312e-06 -0.0492758
30.905 -0.0125022 -3.66006e-05 -0.0109494 0.0309142 9.77766e-05 0.0129231 0.0203011 0.00107785 0.0143994 0.0123592 0.002161 0.0233337 -0.0674801 -0.0020636 0.062297 0.0397055 1.84132e-06 0.0211248 0.0443554 -7.16465e-05 0.0206172 0.0396384 -3.86813e-06 0.0630145
30.955 -0.0186989 6.83003e-05 -0.0197854 0.0386153 0.000129805 -0.017972 0.047406 -0.00127957 -0.0043933 -0.0179115 -0.00437769 0.00247865 -0.0146835 0.00233049 0.0512514 0.046685 -0.00024312 -0.0352899 0.0541887 -1.5236e-05 -0.0353634 0.0467071 -1.23033e-05 0.0772401
31.005 -0.0270344 5.4259e-05 -0.0243449 0.02836 -0.000292286 -0.0285132 -0.00773446 0.000574699 -0.0174877 -0.0172928 0.00324894 -0.0149755 0.00650806 -0.000812273 -0.0524364 0.0296851 0.000334263 -0.0578166 0.0296355 5.99934e-05 -0.0580298 0.0296642 -8.27057e-06 -0.0154679
31.055 0.00371787 9.57956e-05 0.0195833 0.0224192 0.000287426 0.0313507 -0.0625683 0.000492307 0.0223354 -0.0386788 0.000306332 -0.0227802 0.00981122 -0.00130616 -0.0739088 0.0107374 -0.000298263 -0.00634178 0.00359482 3.97116e-06 -0.00573223 0.0108506 4.52496e-06 -0.0382888
31.105 -0.0336642 7.17095e-05 0.0817034 0.0266671 -0.000115478 0.0707139 -0.0367843 -0.00117574 0.0368624 -0.0151321 -0.0036986 0.000526278 -0.0203339 0.00243185 0.0152478 0.0212552 6.91579e-05 0.0346955 0.0168561 -7.71241e-05 0.0350814 0.0208611 1.18365e-05 0.0389027
31.155 -0.0256926 6.1484e-05 0.0521018 0.0086583 -0.000109287 0.0382483 -0.0489973 0.00100539 0.00638161 -0.0126482 0.00427471 -0.0198909 -0.0445165 -0.00166989 0.0219996 0.013099 0.000195088 0.00214155 0.0135176 5.16188e-05 0.00233927 0.0132505 7.80658e-06 0.0451983
31.205 -0.0474614 2.22351e-05 -0.0310531 0.0172331 0.00022663 0.00423762 0.0375328 -9.97847e-05 -0.0104654 -0.0374608 -0.00157562 -0.0533674 -0.0165151 -0.000370969 -0.0636953 0.00751611 -0.000281726 -0.0326165 0.00313757 3.27526e-05 -0.0327921 0.00760813 -3.8815e-06 -0.0371624
31.255 -0.0815604 -0.000147583 -0.0210305 -0.0234333 -0.000270967 0.0160139 0.0410477 -0.000871883 0.000827652 -0.0766019 -0.00232815 -0.0185653 -0.00992576 0.00213076 -0.0363586 -0.0299835 0.000124337 -0.0109542 -0.0358486 -4.95665e-05 -0.010872 -0.029833 -1.23569e-05 -0.0454836
31.305 -0.0471258 -0.000117859 0.0349984 -0.0280168 6.14259e-05 0.0416285 -0.00957491 0.0011323 0.0175998 -0.00650264 0.00448055 0.0151832 -0.0805615 -0.00224245 0.0669758 -0.0318628 0.000182148 0.0321175 -0.0328576 -2.708e-05 0.0320657 -0.0318427 -8.77531e-06 0.030075
31.355 -0.00751338 0.00013148 0.0151193 -0.0379158 0.00014348 0.0238251 -0.039633 -0.000520853 0.016565 0.00751236 -0.00315758 0.00169403 -0.0939283 0.000596928 0.0477101 -0.0330307 -0.000379053 0.0313101 -0.0323863 7.14096e-05 0.0312251 -0.0330415 3.2639e-06 0.0265972
31.405 -0.00703748 9.14111e-05 -0.0281179 -0.0158636 -0.000179845 -0.054694 -0.0233682 -0.000414718 -0.0121594 -0.00510224 -0.000521463 -0.0120252 -0.0538072 0.00148072 -0.0506281 -0.018464 0.000384649 -0.0441702 -0.0155965 -2.74285e-05 -0.0442508 -0.0184948 1.16311e-05 -0.0157315
31.455 -0.00501852 -7.88584e-05 -0.00536554 -0.0213042 7.75497e-05 -0.0907504 0.005952 0.000974848 -0.00965913 -0.0128715 0.00377 0.00414947 -0.0325887 -0.0024158 -0.0686042 -0.000922305 -0.000268667 -0.0768643 0.00935298 -4.08252e-05 -0.0771903 -0.000992719 8.30782e-06 0.0180989
31.505 -0.0316295 -0.000195703 0.0422485 -0.0205757 0.00016094 -0.0439305 0.0157702 -0.000797867 -0.00662924 -0.0304036 -0.00417666 0.0140878 -0.0119881 0.00148869 -0.0238689 -0.0107476 -1.65297e-05 -0.0414078 0.00160304 3.18834e-05 -0.0412536 -0.0104558 -1.72912e-06 0.0976288
31.555 -0.0448835 -0.000157484 0.0535413 -0.0400652 -0.000333132 -0.0139486 -0.0128743 6.31174e-05 0.0211809 -0.0311482 0.00137825 -0.00392799 -0.00527756 0.000590096 -0.0124633 -0.0220927 0.000217459 -0.0187369 -0.0137901 4.18475e-05 -0.0192311 -0.0223471 -1.06412e-05 0.0839567
31.605 -0.0193174 9.29449e-05 0.0166502 -0.0399562 0.000329163 -0.0215113 -0.0386511 0.000708362 0.0171124 -0.0173573 0.00243397 -0.0506677 0.00984857 -0.00220295 -0.0498122 -0.0443318 -0.000246123 -0.0443979 -0.0435436 -6.79145e-05 -0.0442253 -0.0442232 -8.92553e-06 -0.00717072
31.655 0.0167233 0.000183847 -0.000413912 -0.0324111 -0.000235346 0.0160106 0.0100417 -0.000934768 0.00949966 0.0101294 -0.00440374 -0.048241 -0.0190682 0.00213302 -0.0357719 -0.0385097 0.000168898 -0.0171437 -0.0452798 8.62254e-06 -0.0174783 -0.0386125 8.77308e-07 -0.0497478
31.705 0.0204042 0.000118231 0.0205351 -0.0327544 2.16827e-06 0.0840123 0.00752308 0.000405288 -0.00205549 -0.00351847 0.00297419 0.00464384 -0.0157993 -0.000392205 0.0371888 -0.0460696 8.27071e-05 0.0403237 -0.054468 5.08425e-05 0.0402467 -0.0460463 1.08525e-05 0.00548153
31.755 -0.00917731 0.00017111 -0.00239667 -0.0225877 0.000152575 0.0822952 0.0329249 0.000423937 -0.0128012 0.0323469 0.000756005 0.0516562 -0.0210526 -0.00165921 0.0603862 -0.0310493 -0.00027164 0.0430284 -0.0368511 -2.14448e-05 0.0432977 -0.0310409 9.02887e-06 0.0288743
31.805 0.0187843 8.65403e-05 -0.0624266 -0.0118128 -0.000151303 0.00750766 0.029288 -0.000869885 -0.024809 0.0341596 -0.00381441 0.0119066 0.0295081 0.00241183 -0.000316506 -0.0143039 0.000259369 -0.0136251 -0.0179554 -5.58275e-05 -0.0130102 -0.0142207 -1.26537e-06 -0.0268723
31.855 0.0230368 -9.12461e-05 -0.0489868 -0.00314853 4.9403e-05 -0.0192327 0.0282987 0.000610369 -0.00974399 0.0444841 0.00395285 0.00428537 0.0655995 -0.00130949 -0.0110348 -0.0111295 -0.000134895 -0.0093664 -0.0150378 6.44063e-05 -0.00872197 -0.0113302 -1.13292e-05 -0.0634218
31.905 0.0754868 -0.000198042 0.0203256 -0.0168613 0.000133148 0.0260308 -0.0212406 9.37499e-05 -0.00487775 0.0280184 -0.0010624 0.0172372 0.112308 -0.000814563 0.0308095 -0.0157333 -9.75097e-05 0.0711279 -0.0192287 6.51045e-06 0.0710796 -0.01562 -8.59253e-06 -0.0388149
31.955 0.0810932 -0.000257613 0.0223056 0.00207335 -0.00019796 0.0183945 -0.0131663 -0.000686209 0.0121821 0.0270483 -0.00260653 0.0136211 0.0992683 0.00229934 0.0580669 -0.00573219 0.00023786 0.0867283 -0.00704675 -5.02693e-05 0.0864829 -0.00574745 3.53586e-07 -0.0148314
32.005 0.0877357 -0.000134682 -0.0396651 0.0199696 0.000155345 -0.078328 -0.000426803 0.000767986 0.00398379 0.0211276 0.00423849 0.012011 0.0574511 -0.00202045 0.0209189 0.035864 -0.000156994 0.00269135 0.0419401 -1.05179e-06 0.00237326 0.0364992 1.02337e-05 -0.0355945
32.055 0.00628287 5.19542e-05 -0.0853578 0.0292483 -0.000124116 -0.10585 0.00576552 -0.000253516 -0.0223954 0.00473215 -0.00264194 0.0223995 0.0559343 0.000191667 0.00499021 0.0342129 -7.44852e-06 -0.0229833 0.0418927 6.42658e-05 -0.0233245 0.0339436 9.66535e-06 -0.0519363
32.105 -0.0105166 9.33929e-05 -0.0554545 0.0163673 -1.76476e-05 -0.0310085 0.0339103 -0.000495671 -0.0295457 0.0189817 -0.00104138 0.0515282 0.0417381 0.00181515 0.043156 0.0211732 0.000171337 0.0396427 0.0246244 -4.55518e-05 0.0395819 0.0211931 9.62754e-07 -0.0144583
32.155 0.0353703 0.000201385 -0.00231654 0.00998415 0.000130297 0.0177748 -0.0152167 0.000860043 -0.00783836 0.0208212 0.00388247 0.058503 -0.0257157 -0.00241356 0.0924479 0.0123047 -0.000229816 0.0706374 0.0135426 -2.16831e-05 0.070859 0.0125415 -9.04608e-06 0.0091301
32.205 0.0210897 0.000178885 -0.00606541 0.0200473 -0.000126209 0.0036404 0.0289237 -0.000526235 0.0088638 0.0128131 -0.00367612 0.015467 -0.0326071 0.00114899 0.0206439 0.0127113 0.00019727 0.0241405 0.00864604 3.65942e-05 0.0241062 0.0120422 -9.59983e-06 -0.0407646
32.255 0.0102048 1.83351e-05 -0.0291011 0.0291369 5.23836e-05 0.00393873 -0.0101865 -0.000242549 0.000983623 0.0265439 0.000644203 -0.0522364 -0.0335935 0.00100887 -0.0550279 0.0242236 -8.6341e-05 -0.0107109 0.0176566 2.4854e-05 -0.0106943 0.0246581 -1.13747e-06 -0.0639397
32.305 -0.00918111 -6.71898e-05 0.0440062 0.0350724 4.7162e-05 0.0296416 0.019028 0.000799074 -0.00614481 0.0321349 0.0028903 -0.045337 0.0129592 -0.00239543 -0.0290392 0.028741 -4.32173e-05 -0.0231994 0.0279579 -6.70747e-05 -0.0232979 0.0288096 8.61278e-06 0.0357127
32.355 -0.0458484 -2.76723e-05 0.100613 0.0271484 -7.41755e-05 0.0566482 0.00747878 -0.000733538 0.00477329 -0.0498066 -0.00413217 -0.00776979 0.055948 0.00192369 -0.00410162 0.0359389 0.000124223 -0.0221526 0.0374586 2.50931e-05 -0.0218874 0.0356124 1.0611e-05 0.0977486
32.405 -0.0376142 -3.84445e-05 0.0464862 0.0188343 5.61199e-05 0.0377005 -0.00838171 0.00013645 0.0237924 -0.0436709 0.00220857 -0.0204611 -0.00401483 6.89384e-06 -0.0861092 0.009619 -9.79715e-05 -0.0598205 0.00752886 3.68269e-05 -0.0593704 0.00988964 9.22586e-07 0.0490407
32.455 -0.0243664 -2.08035e-05 -0.0106677 0.0223758 3.78154e-05 -0.00133149 -0.0367156 0.000591072 0.0145447 -0.0213264 0.00142546 -0.039998 -0.0259239 -0.00194503 -0.0886934 0.0234103 4.78065e-06 -0.0876432 0.0226328 -2.9359e-05 -0.0877939 0.0234461 -9.13287e-06 0.0088038
32.505 0.00533341 -7.30298e-05 0.000784457 0.0119426 -0.000105986 0.00745359 -0.0279366 -0.000910125 0.00789721 -0.0114152 -0.00400684 -0.0157692 -0.0863734 0.00239945 0.00660347 0.0120657 8.82369e-05 -0.0513078 0.0138282 -3.47454e-05 -0.0512594 0.011798 -1.00944e-05 0.0536711
32.555 -0.019009 -0.000121924 0.0160438 0.0227614 0.000122502 0.0408357 0.00346951 0.000541772 0.0134831 -0.0132396 0.00343422 0.0122101 -0.0608769 -0.00100048 0.0556364 0.0244236 -0.000101738 0.0226809 0.0252251 6.13545e-05 0.0226108 0.0248283 -9.77026e-07 0.0545672
32.605 -0.0464511 -2.28253e-05 -0.00551996 -0.00127168 -9.96642e-05 0.00434628 -0.000319487 0.000281936 -0.00775235 -0.0300103 -0.000194805 0.0257116 -0.0440354 -0.00116514 0.0026796 -0.00530757 1.29423e-05 0.0307378 -0.0072171 -9.18069e-06 0.0306667 -0.00554058 8.07555e-06 -0.0279037
32.655 -0.0578493 -2.58706e-05 -0.0385438 -0.0252684 -9.31253e-06 -0.0716236 0.00504087 -0.000921618 -0.0260466 -0.0319083 -0.00323361 0.00277063 -0.036637 0.00245172 -0.0176355 -0.0235999 8.53487e-05 -0.00306844 -0.0223652 -4.43304e-05 -0.00311645 -0.0239505 9.40493e-06 -0.0727625
32.705 -0.0356319 1.34782e-05 -0.0223536 -0.0196269 -8.94214e-05 -0.0716231 0.0165882 0.000840262 0.0045234 0.00472501 0.00414644 -0.0144726 0.0026922 -0.00183484 0.0309251 -0.0039124 -0.000247885 0.0193971 0.00329499 2.23341e-05 0.0194504 -0.00335174 3.40054e-06 -0.0291642
32.755 0.0223876 0.000150284 0.018321 -0.0112667 1.76431e-05 -0.0189427 -0.00366858 -0.000137273 0.0121358 0.00643516 -0.00181224 0.0112002 -0.00706333 -0.000191164 0.0449186 -0.00888649 0.000143584 0.0659766 -0.00394284 3.9669e-05 0.0655115 -0.00887731 -6.69287e-06 0.0117355
32.805 0.0278263 0.000216928 0.0305828 -0.0238182 -6.97763e-05 -0.0133347 -0.0289596 -0.000652154 0.00551482 -0.00416275 -0.00188708 0.00800226 -0.0147041 0.00205029 -0.00934983 -0.0168093 -0.000118197 0.0326166 -0.0171422 -5.029e-05 0.0322229 -0.0174229 -9.13584e-06 -0.0188229
32.855 0.00131486 8.47778e-05 -0.0027607 -0.0281936 0.000247152 -0.0288171 -0.0125517 0.000983916 0.000580375 -0.0147907 0.00419627 -0.0266338 -0.0128664 -0.00235415 -0.0626917 -0.034309 8.19702e-05 -0.0373312 -0.0344995 -4.20814e-06 -0.037542 -0.0336733 -3.1866e-06 -0.0315713
32.905 -0.0613114 -6.07228e-06 0.00321103 -0.0429957 -0.000239596 0.014679 -0.0237198 -0.000618282 0.000150742 -0.0591258 -0.00327276 -0.0138697 -0.0042807 0.00084344 -0.0179686 -0.0406056 -3.50175e-05 -0.0503257 -0.0410459 4.3336e-05 -0.0499028 -0.0409216 7.71684e-06 0.0320892
32.955 -0.0354215 -0.000185627 0.0269648 -0.0222965 0.000161949 0.081211 0.0129212 -0.000208589 0.0154003 -0.00228354 -0.000211771 0.0107148 0.0122258 0.00130358 0.0228573 -0.0276302 8.05942e-05 -0.0200732 -0.0303549 -4.92214e-06 -0.0199464 -0.0279687 9.66294e-06 0.0917471
33.005 -0.015742 -0.000100996 -0.00158611 -0.0221994 -7.37844e-05 0.0892059 0.0127511 0.000931508 0.014946 0.00798421 0.00356396 -0.0123931 -0.0331033 -0.00245388 -0.00842259 -0.0325546 -0.000141953 -0.02462 -0.0384888 -5.26379e-05 -0.0240611 -0.0315296 2.82795e-06 0.0424874
33.055 0.013024 -5.94574e-05 -0.000662617 -0.0197779 -2.64211e-05 0.032478 0.0297246 -0.000970954 -0.000507202 0.000599252 -0.00422335 -0.0445625 -0.0466394 0.0017237 -0.0425703 -0.0296864 0.000193336 -0.0539483 -0.0368231 4.12622e-05 -0.0539591 -0.0303751 -7.22113e-06 -0.0182843
33.105 0.0333727 -8.86688e-05 0.0283487 -0.0322072 7.43594e-05 0.0209486 -0.0230177 0.000269154 -0.0196266 -0.00852078 0.00156149 -0.0175716 -0.0333513 0.000352228 -0.0232964 -0.037997 -0.000157796 -0.0177559 -0.0422412 2.39011e-05 -0.0175613 -0.0380174 -1.01212e-05 -0.0132076
33.155 -0.00470995 8.57318e-06 0.0349685 -0.0335791 -1.41806e-05 0.020547 0.0056651 0.000608107 -0.00525072 0.0542807 0.00230678 0.0327102 0.0396723 -0.00213175 -0.00366928 -0.0311978 5.91427e-05 0.0420001 -0.0291684 -4.09371e-05 0.0416332 -0.0306833 -3.69848e-06 0.0252134
33.205 -0.00898173 0.000104089 -0.00245539 -0.0270262 -6.19656e-05 -0.0646308 0.0218265 -0.0010263 0.00893347 0.0402186 -0.00441046 0.0301144 0.0725502 0.00226992 0.00997474 -0.0139089 1.32132e-05 0.00425354 -0.00482444 -1.58385e-05 0.00387084 -0.0146295 7.05403e-06 0.0274746
33.255 0.0347887 6.61923e-05 -0.0448113 -0.0213715 0.000147275 -0.132746 0.0251392 0.00071687 -0.0104358 -0.00323968 0.00317725 -7.7046e-05 0.0237346 -0.000667306 -0.00971487 -0.00137046 -2.93979e-05 -0.0359819 0.0110112 6.38516e-05 -0.0363671 -0.00100952 1.00088e-05 -0.0249379
33.305 0.100296 6.22238e-05 -0.0410338 0.00635638 -0.000144776 -0.0653537 0.0132878 7.52897e-05 -0.0194271 0.0172489 0.000530733 -0.0161782 0.0545156 -0.00144425 0.00294975 0.00804861 3.15326e-05 0.0252932 0.0115394 -3.09862e-05 0.0251807 0.00840122 3.84193e-06 -0.0585584
33.355 0.0811682 5.55483e-06 0.0114835 0.0232913 7.83726e-05 0.0220887 0.00701396 -0.000815487 0.00537316 0.0373835 -0.0038371 0.0259016 0.0335939 0.00242523 0.0640594 0.0218433 3.6006e-05 0.0895255 0.0190284 -3.48534e-05 0.0892955 0.0214192 -5.11734e-06 -0.027084
33.405 -0.0244592 3.76026e-05 0.00242381 0.0118342 1.51273e-05 0.0215015 -0.0162702 0.000999502 0.00613908 0.0234521 0.00426405 0.04702 0.0272404 -0.00156238 0.0816234 0.00668826 -3.92943e-05 0.0537844 0.00459313 4.75665e-05 0.0542291 0.00708036 -1.05638e-05 -0.012752
33.455 -0.00731936 9.02802e-05 -0.0743419 0.0324981 -0.000121739 -0.00322789 0.0105629 -0.000445272 -0.0259672 0.0320674 -0.00141934 0.00925215 0.0513794 -0.000513817 0.00361377 0.0293653 8.52184e-05 -0.00860557 0.0253302 1.06499e-05 -0.00860041 0.0290514 -4.03322e-06 -0.0510921
33.505 0.0436545 4.11729e-06 -0.0716516 0.0466656 0.000143668 0.015758 0.0381886 -0.000436648 -0.0244608 0.0186374 -0.00257498 0.0199074 0.0292846 0.00219271 -0.00865614 0.0361299 -9.58604e-05 -0.0116986 0.0309357 -5.00518e-05 -0.0115855 0.0362696 3.72309e-06 -0.032849
33.555 0.0352757 -7.86213e-05 0.0106234 0.0213516 -9.43264e-05 0.0523095 -0.0125279 0.000966739 -0.00677721 -0.00395484 0.00456395 0.0472668 -0.00470395 -0.0021591 0.0437152 0.0211755 6.20672e-05 0.0260028 0.0189467 1.43757e-05 0.0261087 0.0214759 1.02094e-05 0.0261471
33.605 0.0026532 -0.000108694 0.0237274 0.0196415 5.92054e-06 0.050837 -0.0123168 -0.00078279 0.0197459 -0.00504944 -0.00308982 0.00735844 0.0259142 0.000470503 0.0299397 0.011706 -4.89163e-06 0.0390922 0.0073801 4.28439e-05 0.0391329 0.0114592 4.70696e-06 0.00606782
33.655 0.035299 -0.000185527 -0.00285523 0.00927053 6.82295e-05 0.00182672 -0.036557 6.4224e-05 0.0251186 -0.0160239 -0.000749518 -0.0505561 0.0797236 0.00158572 -0.0276731 0.00439869 -6.98757e-05 0.00850667 -0.000964108 -3.63272e-05 0.00876778 0.00437244 -5.12004e-06 -0.059826
33.705 0.011757 -0.000124348 0.00782629 0.0249397 -6.11914e-05 -0.0155282 0.0101637 0.000643612 -0.0021565 0.013524 0.00401412 -0.041304 0.0785033 -0.00239513 -0.0190861 0.0213804 0.000116537 -0.00113386 0.0191906 -2.04732e-05 -0.00089659 0.0215415 -1.07489e-05 -0.0476099
33.755 -0.0382515 7.64476e-05 0.0267606 0.0369185 2.2767e-05 0.0169961 0.0459871 -0.000895065 0.000139479 0.0264269 -0.00420763 -0.00903304 -0.0171987 0.00135915 0.0180019 0.0384654 -9.51599e-05 0.0260029 0.0387817 4.04927e-05 0.0259283 0.0381456 -3.7431e-06 0.0224644
33.805 -0.026115 0.000172015 0.018444 0.0278884 6.35852e-05 0.00766883 0.0333071 0.000532397 -0.00885183 -0.00462211 0.00125081 0.0230963 -0.0978748 0.00070728 0.0147862 0.0323949 1.82088e-05 0.00589823 0.035828 7.57096e-06 0.00597934 0.0326971 4.33628e-06 0.0473597
33.855 0.0157778 0.000178443 -0.0138425 0.0388684 -0.000126733 -0.0401334 0.0100953 0.000217105 -0.0262561 -0.0119666 0.0027051 0.0140885 -0.0311703 -0.00224697 -0.0354989 0.0429827 4.30033e-05 -0.0494175 0.0470319 -5.46301e-05 -0.049591 0.0429927 9.2212e-06 0.00720333
33.905 0.0194174 2.96177e-05 -0.031799 0.0360471 0.00011021 -0.0433902 -0.018468 -0.000787492 -0.001829 0.0349099 -0.00458375 -0.00792049 -0.051292 0.00203588 -0.0553301 0.0406135 -5.44485e-05 -0.0570927 0.0439041 2.91051e-05 -0.0573978 0.0402753 5.02604e-06 0.00194846
33.955 -0.0501478 -7.06804e-05 0.0330035 0.0305858 -6.42847e-05 -0.0159569 -0.0144902 0.000755723 0.0193373 0.0221137 0.00293418 0.0215005 -0.0341826 -0.000253994 0.00498949 0.0367586 3.34626e-05 -0.0300174 0.0437177 3.17133e-05 -0.0301742 0.0370756 -2.78399e-06 0.0687745
34.005 -0.0176137 3.06622e-05 0.0523501 0.0113643 -2.13573e-05 -0.00762897 -0.0327393 -0.000173622 0.008461 -0.0401889 0.000925226 0.0115568 0.0267394 -0.00172644 0.00859393 0.0234682 5.94821e-05 -0.0186064 0.0307262 -3.51659e-05 -0.0190223 0.0233581 -9.09844e-06 0.0744119
34.055 0.0180281 3.46714e-05 -0.0156031 0.00447954 2.61043e-05 -0.0276383 -0.0104893 -0.000474765 -0.00597943 -0.0803514 -0.00407714 -0.0457187 0.00479961 0.00237257 -0.0505783 0.00239319 -0.00013046 -0.0332097 0.00400665 -1.82092e-05 -0.0332631 0.00233717 -6.57332e-06 -0.000289863
34.105 -0.0167526 -0.00010798 -0.0155915 -0.00930174 4.42045e-05 -0.0295553 -0.0218419 0.000723124 0.00980655 -0.053124 0.00405106 -0.0445035 -0.0157442 -0.00116075 -0.023973 -0.00149356 0.000142101 -0.0300559 -0.00125365 3.3951e-05 -0.0301712 -0.00136992 3.0664e-06 -0.030836
34.155 -0.0581071 -6.90566e-05 0.0174432 0.00817644 -4.69126e-05 0.0393839 -6.80479e-05 -0.000477062 0.0357967 0.00578025 -0.000966512 0.0137443 -0.031421 -0.00092726 0.0386389 -0.00244443 -0.00011428 0.0425367 -0.00674467 5.11572e-06 0.0426011 -0.00243493 8.79228e-06 -0.00793916
34.205 -0.0527979 -2.38712e-05 0.0159425 -0.000856139 8.96371e-05 0.09058 -0.00788696 -8.14994e-05 0.0219806 0.0149878 -0.00281481 0.0218974 -0.0320431 0.00230755 0.0368965 -0.00762964 1.72115e-05 0.0819942 -0.0180216 -5.15451e-05 0.082438 -0.00772867 5.55013e-06 -0.0228124
34.255 -0.0371789 -3.86625e-05 -0.0110286 -0.0139578 -7.40602e-05 0.039399 -0.00254293 0.000564471 -0.0386455 -0.0250591 0.00446347 -0.020036 -0.0518636 -0.00191243 0.00267355 -0.0333416 5.06868e-05 0.0212973 -0.0417388 3.49452e-05 0.021813 -0.0329442 -3.51474e-06 -0.0451611
34.305 -0.0463778 -6.9128e-05 -0.009997 -0.0269418 3.30087e-05 0.00690696 0.00872002 -0.000614777 -0.035353 -0.056387 -0.00265012 -0.0243025 -0.0877611 2.8942e-05 -0.0166061 -0.0250528 -6.69943e-05 -0.0188871 -0.0302002 1.75615e-05 -0.01856 -0.0252758 -7.59452e-06 -0.0465922
34.355 -0.0448014 -0.000113683 0.0190072 -0.0283459 0.000112464 0.0270914 0.0103839 0.000202591 0.0300764 -0.00190523 -0.00116476 -0.00289912 -0.0828014 0.00187205 -0.00929561 -0.0379466 6.66579e-05 0.00112481 -0.0398905 -2.50847e-05 0.00174629 -0.0377549 -7.03746e-06 0.0194628
34.405 -0.0149238 5.81213e-05 0.0376709 -0.0112786 -0.000278962 0.0137173 0.0130618 0.000343699 0.052282 -0.00290315 0.00407362 -0.000383058 0.0335365 -0.00234796 -0.00770493 -0.000144803 3.23806e-05 -0.0103457 0.00429065 -2.20273e-05 -0.0110781 -0.000524693 2.46957e-06 0.0688201
34.455 0.0367639 0.000300411 0.0208976 -0.00656095 0.000315131 -0.060964 -0.0236194 -0.000562396 0.0187644 -0.000461364 -0.00381512 -0.0425172 0.0589433 0.000993054 -0.0403198 0.00312947 -9.47655e-05 -0.081622 0.0140264 4.95972e-05 -0.0819224 0.00360526 9.5577e-06 0.0654992
34.505 0.0185542 0.000229089 0.0211463 -0.0243116 -0.000249074 -0.0769078 -0.0241174 0.000340679 -0.0389625 -0.0149068 0.000583475 -0.0518307 0.00382556 0.00113828 -0.072309 -0.0091797 0.000109618 -0.0987211 -0.000502254 -1.70017e-05 -0.0994272 -0.00953785 6.45417e-06 0.0360426
34.555 -0.00117569 7.59962e-05 0.0408055 -0.0311045 0.000105938 -0.00593564 -0.033326 8.60866e-05 -0.0349342 -0.0172619 0.00301375 0.0278643 -0.0350366 -0.00237699 -0.051895 -0.0299665 -7.64909e-05 -0.0236538 -0.0264839 -2.32804e-05 -0.0238363 -0.0297569 -2.3445e-06 0.0413239
34.605 -0.00212456 -8.55227e-05 0.0148658 -0.031924 7.23602e-05 0.0131745 -3.91322e-05 -0.000418765 0.024977 0.0105425 -0.00428991 0.0760329 -0.043301 0.00179747 0.00848662 -0.028128 -5.23054e-06 0.00593797 -0.0246179 1.21808e-05 0.00589188 -0.0282178 -7.89209e-06 0.0603435
34.655 -0.0214339 -0.000248632 -0.0605057 -0.0205479 -0.00010597 -0.0347912 0.030935 0.000426533 0.0252447 0.0291595 0.00224878 0.0259336 -0.00463526 0.000178704 0.0310291 -0.0114656 6.0605e-05 -0.019464 -0.00690087 3.56547e-05 -0.0194508 -0.0114584 -5.93483e-06 0.0134522
34.705 -0.0002236 -0.000221536 -0.0871654 -0.0270162 4.57281e-05 -0.0296695 0.0408221 -0.000116513 -0.0244487 0.049557 0.00153285 -0.0385128 -0.00136034 -0.00201643 0.0193749 -0.0326522 -0.000107937 0.00132608 -0.0348454 -4.63502e-05 0.00173755 -0.0327212 4.98645e-07 -0.0670719
34.755 0.0508006 -0.000146481 0.00787064 -0.0291283 4.87693e-05 0.0401998 0.00955353 -0.000290838 -0.0336555 -0.00269631 -0.0041022 -0.0151243 0.0102961 0.00231079 0.0560872 -0.038178 9.46005e-05 0.08755 -0.0474383 4.23319e-06 0.0877583 -0.0380066 7.81669e-06 -0.0861935
34.805 0.0823791 -7.44304e-06 0.0639296 -0.0189295 -0.000124007 0.0800927 0.0113256 0.000457451 0.00294961 -0.0127753 0.00352484 0.0238699 0.0980903 -0.000836154 0.0701836 -0.0363771 -2.29822e-05 0.125913 -0.0478561 2.83139e-05 0.126271 -0.0363355 6.75975e-06 -0.0673287
34.855 0.00256489 0.000186012 -0.0134271 -0.0360601 6.80109e-05 0.0217952 -0.0202261 -0.000219269 0.0134651 0.00222036 -0.000155636 0.0118605 0.100131 -0.00130903 0.0166939 -0.0396621 -4.58872e-05 0.0587921 -0.04546 -9.45587e-06 0.0588079 -0.0399055 -5.81178e-07 -0.0605951
34.905 -0.0328756 0.000136734 -0.0769021 -0.0144343 5.29457e-05 -0.0507291 -0.0154741 -0.0001812 0.00325995 0.076328 -0.00332132 0.000492967 0.0429089 0.00243928 -0.0200908 -0.0115086 8.92667e-05 -0.036294 -0.00874439 -3.57865e-05 -0.0361413 -0.0112386 -8.75391e-06 -0.0258166
34.955 0.00495338 3.97302e-05 -0.0464323 0.0111622 -0.000153393 -0.0138318 0.0176616 0.000409113 -0.00428865 0.0132989 0.00418227 0.0203485 -0.00796787 -0.0016917 -0.00356386 0.0169637 -5.78088e-05 -0.0251765 0.0190422 4.30149e-05 -0.0253931 0.016583 -5.38806e-06 0.02289
35.005 0.0985513 0.000111979 0.0295254 0.037048 0.000216075 0.0546713 0.0387259 -0.000308527 -0.00485163 -0.0303165 -0.00182178 0.0390981 0.0068541 -0.000355181 0.0244334 0.026997 -1.19525e-05 0.0350558 0.0238924 1.75726e-05 0.0352247 0.0273001 6.23097e-07 0.0322668
35.055 0.0852041 7.34426e-05 0.0311936 0.0241541 -0.000162874 0.0304599 -0.00287599 -2.51489e-05 -0.0197906 0.00224859 -0.00198595 -0.00315151 0.0675193 0.00213408 0.0190893 0.0229623 0.000105223 0.0169371 0.01828 -3.59087e-05 0.016703 0.022898 7.6472e-06 -0.0101612
35.105 -0.0231256 -2.76423e-05 -0.0337698 0.017364 0.000103859 -0.0351687 -0.013439 0.000343383 -0.0141298 0.0616158 0.00424046 -0.0334162 0.0721642 -0.00226125 -0.00221966 0.0133803 -2.36278e-05 -0.0288958 0.0136117 6.63579e-06 -0.0287894 0.0132638 3.93702e-06 -0.0313537
35.155 -0.0186056 -9.8468e-05 -0.0339409 0.0171494 1.00204e-05 -0.0489105 0.00433111 -0.000430498 0.0165722 0.0708878 -0.00323968 0.00381352 0.0299253 0.000673014 0.013441 0.0289114 3.95666e-05 -0.0318046 0.0356719 2.28099e-05 -0.0320321 0.0288028 1.59445e-06 0.0143288
35.205 0.0275354 -0.000157335 0.00684926 0.0140715 3.94901e-05 -0.0213264 0.019719 0.000165483 0.00410218 -0.0176767 -0.00028393 0.0650936 -0.0718833 0.00144148 0.0160632 0.0235671 3.39538e-05 0.00731584 0.0309072 -4.63891e-06 0.00729338 0.0238891 -7.42105e-06 0.0529911
35.255 0.0349562 -2.45031e-05 0.00285372 0.0103993 -0.000103737 -0.024895 0.0287521 0.000271401 -0.0285554 -0.043174 0.00366895 0.0369401 -0.0710471 -0.00245959 -0.0294575 0.0151126 -9.62947e-05 0.00604826 0.0186354 -3.38307e-05 0.00610054 0.0145414 -6.65933e-06 0.010019
35.305 -0.00669807 3.84369e-05 -0.0109447 0.0149456 0.000177738 -0.0621686 0.00135028 -0.000500483 -0.0177495 0.00454922 -0.00418474 -0.0349366 -0.0120725 0.00157564 -0.0374799 0.0214827 0.000119239 -0.0226089 0.0260998 3.47295e-05 -0.0229631 0.0221259 -1.01077e-06 -0.0300259
35.355 -0.0563628 -7.84452e-05 0.0224337 0.00737306 -0.000204096 -0.0178676 -0.0343515 0.000334275 0.0161406 0.0145794 0.00146615 -0.0406836 0.0849363 0.000508154 0.00479534 0.00751271 -6.85867e-05 0.00532699 0.00706316 3.54471e-06 0.00512512 0.0074685 7.7405e-06 -0.0244852
35.405 -0.0029828 -5.3486e-05 0.0460058 0.0280465 0.000110505 0.0688121 -0.0168407 9.93848e-05 0.0428613 0.0201908 0.00242055 -0.0231369 0.0796158 -0.00220769 0.0264508 0.0198891 -2.66817e-05 0.0613089 0.0132221 -2.25321e-05 0.0614817 0.0195806 6.3343e-06 -0.00310288
35.455 -0.00538838 4.08928e-05 0.0258119 0.0182277 9.36061e-06 0.0735546 -0.000230143 -0.000453942 0.0135157 -0.0509602 -0.00446567 -0.00857409 -0.0620236 0.00219551 0.00864263 0.00618293 8.40548e-05 0.0210297 -0.00134601 -1.00979e-05 0.0214991 0.00647652 1.17989e-06 -0.000427066
35.505 -0.0255811 9.30369e-05 -0.0318172 0.0133132 -8.64588e-05 0.0220967 0.0155335 0.00049153 -0.031784 -0.0713968 0.00304756 -0.0109154 -0.127766 -0.000499305 -0.025836 0.0079801 -9.62282e-05 -0.0527217 0.00331181 4.38043e-05 -0.0526293 0.00777031 -7.67115e-06 -0.00383956
35.555 -0.0536116 0.000147223 -0.0476277 0.0194303 0.000127563 0.0188229 0.00329385 -0.000190829 -0.00874279 -0.0193999 0.000688079 -0.00127539 -0.0779261 -0.00155785 -0.023359 0.0168915 5.56805e-05 -0.0543871 0.015587 -2.81692e-05 -0.0542634 0.0167252 -6.60169e-06 0.0217455
35.605 -0.0456731 8.18652e-05 0.0164052 0.0271289 -9.23226e-05 0.0400872 -0.0243737 -0.000292103 0.0322267 0.0253323 -0.00397397 0.034376 0.0246727 0.00243076 0.0169478 0.0264199 3.08087e-05 -0.00123187 0.0265124 -1.13397e-05 -0.00125217 0.0267067 -1.91995e-06 0.0519774
35.655 -0.0311454 6.47515e-06 0.0507928 0.0142707 3.78767e-06 0.0153175 -0.0257243 0.000597297 0.0175703 0.0138949 0.00423366 0.00379073 0.0420912 -0.00142622 0.0067864 0.0147358 -8.29779e-05 0.0125182 0.0145036 1.8664e-05 0.0128147 0.0145244 6.85801e-06 0.0188479
35.705 0.0336206 -1.19287e-05 0.0238891 -0.0157061 1.77024e-05 -0.0407868 -0.0315117 -0.000464767 -0.0230505 -0.0397461 -0.00120998 -0.0464149 -0.0251192 -0.000667559 -0.0406367 -0.0179784 0.000105243 -0.00946298 -0.0168353 1.49017e-05 -0.00953525 -0.0181512 6.44099e-06 -0.0358073
35.755 0.0518538 -0.000125151 -0.00018754 -0.0135744 6.61558e-05 -0.0653758 0.0150186 -3.10623e-05 -0.0127091 -0.0280583 -0.00275434 -0.0348788 -0.022773 0.00224316 -0.0329535 -0.00177635 5.65332e-06 -0.0131065 0.00459764 -3.97879e-05 -0.013426 -0.00105862 1.7092e-06 -0.0172922
35.805 -0.0251207 -0.000143648 -0.00225606 -0.0131365 -4.5204e-05 -0.0452648 0.0221651 0.000515358 0.0261458 -0.0287453 0.00466403 0.0235823 0.00682651 -0.00209611 0.0194056 -0.00333591 -2.49481e-05 0.00617049 0.00482438 8.46563e-06 0.00596145 -0.00387993 -6.85512e-06 0.0428904
35.855 -0.0485547 -2.93252e-05 -0.0160571 -0.00348731 4.64084e-05 -0.0344624 0.0204454 -0.000613814 0.0247147 0.0711833 -0.00296178 0.0278193 -0.011881 0.000316297 0.0228733 0.0103445 7.56397e-05 0.00453953 0.0178936 1.89019e-05 0.00384289 0.0103926 -6.04861e-06 0.0360688
35.905 -0.0316567 -3.05199e-05 -0.015077 -0.0150532 8.17816e-06 -0.0211531 -0.0026951 0.000298386 -0.0275666 0.0304957 -0.001001 -0.00756593 -0.00164536 0.00167993 -0.00869268 -0.0193275 -7.73248e-05 -0.0130469 -0.0198351 -9.51581e-06 -0.0130203 -0.0189561 -2.59307e-06 -0.0291477
35.955 0.0608995 -1.7924e-05 0.0115657 -0.0141176 -5.78621e-05 0.0263011 -0.018033 0.000221275 -0.0441793 -0.0341623 0.00418948 -0.00119297 -0.0340605 -0.00237478 -0.017489 -0.0215664 2.66343e-05 0.00406988 -0.0288794 -2.2709e-05 0.00443346 -0.0221537 5.47954e-06 -0.0456546
36.005 0.0372119 5.262e-05 0.0229175 -0.00654715 7.63517e-05 0.0684036 0.00113735 -0.000620885 0.00873455 -0.0143668 -0.00423388 0.0117365 -0.0256394 0.00124471 0.0128515 -0.0171995 2.86095e-05 0.0212335 -0.0225877 2.87728e-05 0.0216621 -0.0168658 6.48779e-06 0.0140457
36.055 -0.0205774 6.8531e-05 -0.0082375 0.000374949 -5.37499e-05 0.0392439 0.0113827 0.000599334 0.0320455 0.0292822 0.00101492 0.0130065 -0.000921316 0.000847841 0.0121365 0.00140977 -6.01937e-05 -0.0144776 0.00135503 7.17695e-08 -0.014548 0.00156782 3.17956e-06 0.0507674
36.105 -0.0463361 0.000113918 -0.0322572 -0.00678968 -6.59728e-06 -0.018714 0.0108034 -0.000144236 0.0212948 0.0196088 0.00297254 -0.0274574 0.0434623 -0.00226843 -0.020766 -0.00291039 6.58251e-05 -0.0624001 -0.000562131 -1.8883e-05 -0.0625399 -0.0033854 -5.79093e-06 0.0212591
36.155 -0.00749724 7.80453e-05 0.00374245 -0.0238306 4.02906e-05 0.000513645 -0.0112206 -0.000440726 -0.0115634 -0.0529709 -0.00471974 -0.0356422 0.0560889 0.00195334 -0.0391218 -0.0273675 1.09571e-05 -0.0216653 -0.0296192 -1.28457e-06 -0.02142 -0.0270288 -7.25595e-06 -0.0243671
36.205 0.0491515 3.16401e-06 0.0523766 -0.00503639 -6.02891e-05 0.0506369 -0.0170442 0.000704036 -0.0168019 -0.0315497 0.0028697 0.0044174 0.0352897 -0.000117951 0.00573856 -0.013301 -5.8719e-05 0.0583848 -0.0199336 3.50482e-05 0.0587591 -0.0133234 -3.43292e-06 -0.0223593
36.255 0.0332818 4.68836e-05 0.0315051 -0.00664939 3.31492e-05 0.0229516 -0.0114847 -0.000458897 0.007705 0.0139963 0.00121219 0.0225811 -0.00127572 -0.00181124 0.046698 -0.00981083 7.5066e-05 0.0566547 -0.0119754 -3.27099e-05 0.0565971 -0.0101599 5.90758e-06 -0.00589755
36.305 -0.00872472 -2.28409e-05 -0.0646685 0.00539068 4.56974e-05 -0.0468648 -0.0012034 -7.52578e-05 0.00237875 0.0658489 -0.00430642 0.00602248 -0.0382801 0.00231871 0.0201385 0.0111375 -6.185e-05 0.00174756 0.0144672 -3.53115e-06 0.00145703 0.0115585 6.53066e-06 -0.0262157
36.355 -0.0256743 -0.000172691 -0.0734387 0.000509214 -0.000123559 -0.0614666 0.0371157 0.000551675 -0.00501006 0.0209445 0.00412658 0.00906486 -0.00998843 -0.00104544 0.000204018 0.00344439 1.62423e-05 -0.0152521 0.00684147 1.73087e-05 -0.0154444 0.00341861 2.53398e-06 -0.0289076
36.405 -0.0159305 -0.000152543 0.00666921 -0.0124993 0.000101131 -0.0120883 0.0190173 -0.000662798 -0.012758 -0.0328029 -0.000808486 0.045732 -0.04017 -0.00104288 0.0242343 -0.0068817 4.42748e-06 0.0253362 -0.00457247 1.25775e-05 0.0251219 -0.00719183 -4.26155e-06 0.00150372
36.455 0.0141667 -5.93739e-05 0.0415831 -0.00808263 -1.78398e-05 0.015829 0.0175506 0.000328131 -0.0151797 -0.0267565 -0.00311765 0.0104455 0.0085364 0.00231212 0.0205457 -0.00969465 -5.7689e-05 0.0382162 -0.00940759 -4.25658e-05 0.0383949 -0.00936455 -6.5745e-06 0.00808781
36.505 -0.00193372 4.08323e-05 0.0055737 -0.0098003 -7.93789e-05 -0.0248283 -0.0383168 0.000245928 -0.001093 0.000875058 0.00462479 -0.0417489 0.0202672 -0.00179359 -0.0119221 -0.00721374 5.76616e-05 -0.0173321 -0.00561801 2.91601e-05 -0.0172696 -0.00736034 -4.12514e-06 -0.00875822
36.555 0.0303984 0.000101108 -0.0101148 -0.00533349 0.000136369 -0.0410666 -0.0456754 -0.000664936 0.0201485 0.0228685 -0.00263871 -0.0369915 0.0331183 -9.92135e-05 -0.0321166 0.000401066 -8.79076e-06 -0.0544792 0.00416349 6.74524e-06 -0.0545877 0.000267048 4.65781e-06 0.00204004
36.605 -0.0144776 3.97568e-05 0.0130595 -0.00318199 -0.000119296 0.0178667 0.000687407 0.000590205 0.0351576 -0.00609624 -0.00139604 0.0111328 0.002653 0.0019408 -0.0284368 -0.00375246 -4.11042e-05 -0.0202191 -0.00298115 -8.09178e-06 -0.0203452 -0.00355127 6.92872e-06 0.0399994
36.655 -0.0128344 5.36073e-05 0.0304519 0.00462759 2.96541e-05 0.0502275 0.0270461 -0.000108713 -0.00789635 -0.0259115 0.00433368 0.0366098 -0.0460003 -0.00227151 -0.0155791 0.00425131 9.75526e-05 -0.00492321 0.00292881 -2.31382e-05 -0.00488951 0.0040122 3.73724e-06 0.0562456
36.705 -0.0142055 0.000107349 0.00361657 0.0107295 4.45145e-05 0.0206182 0.0300796 -0.000410206 -0.0318648 -0.0120941 -0.0038987 -0.0159399 -0.0229468 0.000843566 -0.0165976 0.00699928 -7.12594e-05 -0.0339892 0.00531058 3.83124e-05 -0.0338701 0.00691423 -4.14852e-06 0.0180502
36.755 -0.0191104 1.02031e-06 -0.0230316 0.00243311 -5.48439e-05 0.015939 -0.00249378 0.000636191 -0.0156714 0.00570113 0.000511499 -0.0448584 0.00605092 0.00123779 -0.0147214 -0.00295788 3.56415e-05 -0.0223165 -0.0078642 -1.39736e-05 -0.0219535 -0.0025779 -7.0704e-06 -0.0321736
36.805 0.00804079 -1.94753e-05 0.0181959 0.0124191 -6.52459e-05 0.0479533 -0.00277576 -0.000436186 0.0320587 0.0509502 0.00326065 -0.0109002 0.0145406 -0.00237312 0.0237447 0.00164108 1.79245e-05 0.0348258 -0.00535415 -1.33636e-05 0.0347822 0.00121989 -4.46431e-06 -0.0246442
36.855 0.0116861 2.4151e-05 0.0390637 0.00985246 0.000220751 0.0448071 0.00325576 -4.01302e-05 0.0272544 0.012449 -0.00446511 0.0232245 0.0165658 0.00165779 0.0385473 0.00625921 -7.08942e-05 0.0567177 0.00340878 9.05357e-07 0.0567949 0.00714976 3.66891e-06 -0.00489821
36.905 0.0329992 -4.99279e-05 -0.0192734 0.00501655 -8.79189e-05 -0.0281437 0.0223866 0.000498116 -0.0249608 -0.0209602 0.00224843 0.00700816 -0.00638545 0.000322014 -0.00709148 0.00663613 0.000158881 0.00370471 0.00769276 2.93089e-05 0.00363996 0.00568601 6.85343e-06 -0.00964834
36.955 0.0149705 -8.17985e-05 -0.0519146 -0.000194523 -1.664e-05 -0.0936996 0.00489665 -0.000604714 -0.0336064 -0.00174737 0.0016633 -0.004412 0.0136711 -0.00206306 -0.0188053 0.0136265 -0.000192826 -0.044555 0.0222351 -3.20899e-05 -0.0443204 0.0130695 4.79622e-06 -0.00255923
37.005 -0.012935 -0.000165222 -0.0226908 -0.00735925 1.34796e-05 -0.061114 -0.0156338 0.000263226 -0.00352119 -0.0072053 -0.00431813 0.0371001 0.0331209 0.0022276 0.0114793 0.00295597 0.000168012 -0.002392 0.0117328 3.94492e-06 -0.00274859 0.00407858 -3.18837e-06 0.0138779
37.055 0.000171959 -0.000160054 0.0123098 -0.00446298 -0.000100238 0.00448508 -0.0378714 0.000235469 0.0310325 0.0159382 0.00358452 0.0412717 0.0366093 -0.000658053 0.0396141 -0.00373914 -8.27158e-05 0.0558405 -0.0043478 1.55017e-05 0.0556024 -0.0045956 -6.03681e-06 -0.00232791
37.105 0.0354133 6.13439e-05 -0.00232241 0.00688071 0.000132651 0.00358147 -0.0065714 -0.000534152 0.00695774 0.00965269 -9.29292e-05 -0.00582489 0.00819836 -0.00141695 0.0216681 0.00339443 5.49056e-05 0.0368925 0.00100664 5.03059e-06 0.0370914 0.00330603 -4.65121e-06 -0.0397134
37.155 0.0216244 0.000139137 -0.032846 0.00611601 -0.000153161 -0.0102902 0.00156739 0.000446671 -0.0201401 -0.0259128 -0.00346083 -0.028944 -0.0483048 0.00241931 -0.00104052 0.00343022 -4.30587e-05 -0.00982574 0.00117754 -3.72959e-05 -0.009733 0.00419842 2.52304e-06 -0.0511538
37.205 -0.0430578 0.000163242 -0.0124931 0.0077905 5.45262e-05 0.0155361 0.0330455 -7.79911e-05 -0.0102924 -0.0122308 0.00432294 -0.0118382 -0.0404802 -0.00154974 0.00571706 0.0055782 1.41834e-05 -0.00804914 0.00300021 3.51946e-05 -0.00810019 0.0045478 5.81582e-06 -0.00108842
37.255 -0.0556177 0.000248338 0.0185653 0.00700313 -4.76424e-05 0.0530336 0.0221064 -0.000313649 0.00772548 -0.00151919 -0.0017926 0.0163432 -0.0122989 -0.000521445 0.0100581 0.00423697 -7.03305e-05 0.0119139 0.0026331 -3.04824e-06 0.0120248 0.00475264 5.64556e-06 0.0337289
37.305 -0.0056414 6.37895e-05 0.0341878 0.0204678 0.000128229 0.0338246 0.00888245 0.000496273 0.00746588 0.0265502 -0.00207098 0.000505997 0.0387933 0.00217724 -0.0207867 0.0160985 0.000106286 -0.00946024 0.0137164 -1.27821e-05 -0.009473 0.0167837 -2.92089e-06 0.0169014
37.355 0.0190523 -0.000131105 0.0202489 0.00880341 -0.000211941 0.00154469 -0.0204048 -0.000313989 0.00182093 0.0147055 0.00435105 -0.0351878 0.0157987 -0.00217676 -0.0547818 0.00643302 -0.000131756 -0.0429594 0.00274113 -1.40181e-05 -0.0427838 0.00488755 -6.68125e-06 -0.00309771
37.405 0.0497738 -0.000224974 0.0225678 -0.00157965 0.000296621 0.0138592 -0.0223642 -9.38059e-05 0.000716203 0.00531463 -0.00326072 -0.0283632 -0.00819517 0.000495717 -0.042122 -0.00540589 0.000142051 -0.0248814 -0.00493752 4.13158e-05 -0.0247012 -0.0040273 -4.57599e-06 0.0235219
37.455 0.0140373 -0.000191271 0.0310164 -0.0155705 -0.000254088 0.0135923 -0.0109341 0.000398722 0.00701078 -0.0241087 -0.000396462 0.00887603 -0.00992986 0.00156689 0.0106496 -0.00872175 -5.24863e-05 -0.0121948 -0.00558774 -2.7998e-05 -0.0126345 -0.00895236 3.33293e-06 0.0667374
37.505 -0.00527135 -3.77257e-05 -0.00471175 -0.00403101 0.000245125 -0.0160952 0.0127349 -0.000384572 0.00764344 -0.013746 0.0037407 0.0133198 0.0268949 -0.00242892 0.00711647 -0.000238286 -2.97441e-05 -0.0218659 0.00344753 -2.41385e-06 -0.0211751 -0.000652519 5.93735e-06 0.0368722
37.555 -0.053472 6.0175e-05 -0.0510343 -0.0108646 -0.000300598 -0.0383718 0.0185486 9.19658e-05 -0.00276731 0.00556438 -0.00422393 0.00316124 0.0232765 0.00143688 -0.0148633 -0.00853883 6.74589e-05 -0.0196769 -0.0065949 3.76299e-06 -0.0200913 -0.00818799 5.26385e-06 -0.0293508
37.605 -0.00911154 -4.05039e-07 -0.0229 0.00199943 0.00030846 -0.0272498 -0.00501147 0.000217601 -0.0177422 0.0180203 0.001379 0.0135703 -0.0202707 0.000681618 0.0264187 0.00196895 -7.94437e-05 0.0187822 0.00278522 3.06188e-05 0.0189624 0.00229761 -1.96406e-06 -0.0370773
37.655 0.0458249 7.82302e-05 0.00614736 0.00599943 -0.000238461 0.00678705 -0.0032762 -0.000352304 -0.00649184 0.00928005 0.00255187 0.0247035 -0.0593855 -0.00226402 0.0621934 0.00705893 2.29176e-05 0.0713336 0.00512755 -4.77312e-05 0.0712151 0.00591009 -5.87553e-06 -0.0281596
37.705 0.0451254 0.000145972 -0.0112919 0.00821421 0.000247477 -0.00736564 -0.00702378 0.00023994 -0.00729117 -0.00527095 -0.00449202 0.0148209 -0.0221792 0.00210564 0.0287948 0.00496544 5.94391e-05 0.0580061 0.00482678 2.27765e-05 0.0580468 0.00639384 -5.06704e-06 -0.0427213
37.755 -0.0178936 8.21374e-05 -0.0282784 0.00255741 -0.000115883 -0.0488648 0.0176419 5.85975e-05 0.00231276 0.0149686 0.00299993 0.00122387 0.040693 -0.000341207 -0.0136742 0.0084318 -8.94001e-05 -0.000255848 0.0105232 9.47518e-06 -0.000972794 0.00842684 1.10267e-06 -0.0460486
37.805 -0.0489358 -8.24587e-06 -0.0172591 -0.0055524 3.78092e-05 -0.0314173 0.000228373 -0.000302108 0.00790264 -0.00344818 0.00086115 -0.00778559 0.0608764 -0.00168837 -0.0165018 -0.00267928 0.000162663 -0.0190889 -0.000232812 -2.71371e-06 -0.0193883 -0.00326655 6.12891e-06 -0.0037644
37.855 -0.018792 -9.42647e-05 0.0293803 -0.0107992 0.00016337 0.031972 -0.00408989 0.000295052 0.00614468 -0.0143882 -0.00407352 -0.0105579 0.0320204 0.00240607 0.010976 -0.00959432 -0.000180308 0.00706375 -0.0100889 -3.0674e-05 0.00730171 -0.00983123 5.57055e-06 0.0376156
37.905 0.0425405 -6.51793e-06 0.0410146 -0.00994916 -0.000307865 0.0614695 -0.0198903 -3.70515e-05 0.00302504 -0.0397404 0.00417462 -0.0211887 -0.0195389 -0.00129245 0.000834175 -0.0181219 0.000161734 0.000319034 -0.0229596 4.02287e-05 0.00140975 -0.0172185 -1.22524e-06 0.0259414
37.955 0.0324942 -8.90308e-06 0.00360368 -0.00102303 0.000323379 0.048191 -0.0235032 -0.000237368 0.0043494 -0.0159907 -0.00105408 -0.0231428 -0.0530747 -0.000817354 -0.0373008 -0.0125414 -6.14223e-05 -0.0277041 -0.0202671 -1.27986e-05 -0.027977 -0.013084 -5.90258e-06 -0.00961063
38.005 -0.0512711 -2.34135e-05 -0.00973216 0.00127791 -0.000233228 0.0288618 0.00188829 0.000287835 0.0150833 0.0242687 -0.00296752 7.72322e-05 -0.0230161 0.00230467 -0.0270806 -0.00360662 -0.000124259 -0.0454891 -0.00687516 -1.08605e-05 -0.0452405 -0.00372887 -5.87922e-06 0.0189752
38.055 -0.0660431 -0.000120434 0.00658604 0.00284594 4.7579e-05 0.0195143 0.00725261 -0.000119991 -4.58029e-05 0.0148627 0.00468971 0.0242204 -0.0244272 -0.00200063 0.0068471 0.00535551 0.000250431 -0.0271233 0.0089796 -1.93006e-07 -0.026861 0.00606213 7.79821e-07 0.0671656
38.105 -0.0142708 -2.62024e-06 0.0174793 0.00281989 4.86003e-05 -0.00503588 0.0342737 -0.00014144 -0.0209696 -0.00456069 -0.00282338 0.0126223 -0.0251532 0.00017289 -0.00220969 0.00928995 -0.000349699 -0.0133886 0.0124899 2.78922e-05 -0.0141772 0.00837787 5.67542e-06 0.0406749
38.155 0.0309303 1.37774e-05 0.00899272 0.00106439 -6.7225e-05 -0.0454953 0.01328 0.00030929 -0.01699 -0.0157837 -0.00122801 -0.0268637 -0.0156436 0.00178851 -0.0344877 0.00310533 0.000142386 -0.0105812 0.00586213 -2.85609e-05 -0.010582 0.00395967 5.5165e-06 -0.026663
38.205 0.0537155 5.51362e-05 0.00642567 -0.00520295 -0.000139544 -0.0520751 -0.00140698 -0.000236382 0.0151316 0.00417684 0.00438038 -0.0302222 0.018412 -0.00235962 -0.0194289 0.000431457 3.5563e-05 0.0119634 0.00335732 2.49041e-06 0.0113357 0.000443565 -4.79439e-07 -0.0449383
38.255 0.0223903 0.000100264 0.0166332 -0.00922273 0.000449909 -0.0345186 -0.0297469 -4.3653e-05 0.0260829 0.0392681 -0.00416366 -0.00446627 0.069977 0.00111268 0.0304324 -0.00373422 -0.000139953 0.0348007 0.000349041 1.1365e-05 0.0345751 -0.00394127 -4.06272e-06 6.14996e-05
38.305 -0.0155495 7.06972e-06 -0.00578957 -0.0120262 -0.000624405 -0.0219994 -0.0141066 0.000332051 -0.000525309 0.0180071 0.000796616 0.0224101 0.0381728 0.000966106 0.029678 -0.00327839 0.000134986 0.0227857 0.00185814 1.6516e-05 0.0232183 -0.00347301 -5.72057e-06 0.0115773
38.355 -0.0214343 7.70951e-06 -0.0427925 -0.0143493 0.000674553 -0.0188173 0.00756784 -0.000352397 -0.0300015 -0.038146 0.00323886 0.0313995 -0.0207345 -0.00231112 -0.00883352 -0.0170287 -0.000212015 -0.00839784 -0.016545 -3.92021e-05 -0.00907458 -0.0167554 -3.248e-07 -0.022085
38.405 0.00189483 -2.27377e-05 -0.0485488 -0.0104837 -0.000528977 0.00815197 0.0119704 7.22937e-05 -0.0233935 -0.0355639 -0.00482414 0.0319151 -0.0443973 0.00186218 0.00371698 -0.0141138 0.000269197 -0.00790033 -0.0171472 2.44564e-05 -0.00729472 -0.0149826 4.54465e-06 -0.0290444
38.455 0.0148331 -4.26338e-05 -0.0250087 0.000434317 0.000191162 0.054068 -0.0102233 0.000270184 0.0141102 0.00495607 0.00268945 0.0168857 -0.0302432 2.13875e-05 0.0490381 -0.00816282 -0.000143836 0.0301228 -0.01566 6.51651e-06 0.0298751 -0.00688111 6.06955e-06 -0.003487
38.505 -0.0166952 7.67733e-05 0.00543474 0.00367832 0.000167149 0.0590221 -0.0166337 -0.000429132 0.0292729 0.0342902 0.00148314 -0.00955077 0.0115412 -0.00187897 0.0550974 -0.003801 -1.0752e-05 0.036697 -0.00971271 -7.33298e-06 0.0371944 -0.00382182 -3.56317e-07 -0.00319588
38.555 -0.0107987 7.65739e-05 0.0216241 0.00657198 -0.00044658 0.0238181 -0.00769513 0.000273287 0.00414667 -0.0015219 -0.00456064 -0.0320623 0.0295757 0.00228969 -0.0086163 -9.34483e-05 8.96991e-05 0.00929086 -0.00480182 -2.50747e-05 0.00903247 -0.000819338 -5.16084e-06 -0.03502
38.605 0.00469277 -9.30158e-05 0.0255498 0.0067459 0.000370984 0.000940534 0.0168468 9.78128e-05 -0.0160212 -0.0287104 0.0041287 -0.0329546 0.0166671 -0.000911908 -0.0552455 0.00131881 -4.10627e-05 -0.00942124 0.000349936 4.24776e-05 -0.00921324 0.00154858 -6.83288e-06 -0.026104
38.655 -0.00208479 -0.000105763 0.0356121 0.00690014 -0.000109965 -0.00946568 0.02147 -0.000444266 -0.00832071 -0.0318063 -0.000558698 -0.00628101 -0.0043574 -0.00114829 -0.0319906 0.0155225 -0.000101507 -0.0145729 0.0183069 -1.96911e-05 -0.0147796 0.0150655 1.84233e-07 0.0438502
38.705 -0.0355073 -8.88139e-05 0.0212013 0.00621589 -9.79333e-05 -0.022083 -0.00632369 0.000500362 0.0179258 0.0205123 -0.00340279 0.00396952 -0.0116459 0.00231714 -0.0101543 0.01457 0.00020842 -0.0306843 0.0207883 -7.70374e-06 -0.0307708 0.0153146 4.87646e-06 0.0747278
38.755 -0.0115417 -2.1255e-06 -0.00598003 0.0018229 -0.000100916 -0.0300995 -0.00450618 -0.000151775 0.0181612 0.0365786 0.00481079 -0.00970868 -0.0187323 -0.00170434 -0.0342661 0.00891425 -0.000237046 -0.0453962 0.0139105 -1.40988e-06 -0.0454509 0.00883158 5.75583e-06 0.0238908
38.805 0.0393049 7.33567e-05 0.00389013 0.00434364 0.000442936 -0.0103138 -0.0118821 -0.000340523 -0.0100344 0.00449137 -0.00251424 -0.00949557 -0.0173948 -0.00023813 -0.029839 0.000385571 4.43363e-05 -0.031537 0.00094323 3.2565e-05 -0.0312906 3.88563e-06 6.55801e-07 -0.0141135
38.855 0.0274921 1.98614e-05 0.0166795 -0.00523657 -0.000434385 0.0184393 0.00981931 0.00059885 -0.0200905 -0.0208232 -0.00168345 0.011696 -0.0170869 0.00198127 0.0132852 -0.00562523 9.52596e-05 0.00120627 -0.00783747 -4.01576e-05 0.00110719 -0.00536694 -3.91834e-06 0.0087355
38.905 -0.0071243 7.22481e-05 -0.0091089 -0.0116831 0.000311886 0.00491772 0.00129977 -0.000426518 -0.0091707 -0.00864299 0.00458301 0.0231612 -0.0161836 -0.00220426 0.0385572 -0.00987668 -0.000249089 0.00447412 -0.00841794 1.43621e-05 0.00377885 -0.00917239 -5.93301e-06 0.0337211
38.955 -0.0347891 0.000178217 -0.0473484 -0.0147847 -7.88009e-05 -0.0383688 0.00915183 -6.21496e-05 0.00474938 0.0246618 -0.00397816 0.0170198 0.0177284 0.000710939 0.0133947 -0.00785142 0.000193277 -0.014412 -0.00183572 2.89495e-06 -0.0141616 -0.00836005 -5.12483e-07 0.00151979
39.005 0.001386 -5.66373e-06 -0.042569 -0.0110363 4.52058e-05 -0.0353718 -0.00932779 0.000521664 0.00724761 0.00275411 0.0002955 0.00711765 0.0205147 0.00134407 -0.00897766 -0.00873528 6.04163e-06 0.00999645 -0.0106765 1.44558e-05 0.00815324 -0.008137 2.94161e-06 -0.0479257
39.055 0.0400804 -0.000109725 0.013155 -0.006787 -0.00040873 0.0130296 -0.00363787 -0.000655252 0.00329891 -0.00615872 0.00353884 0.006005 0.0257592 -0.00234114 0.0169905 -0.0134138 -0.000214268 0.0636765 -0.0146489 -3.56715e-05 0.0648592 -0.0143854 5.77035e-06 -0.0458326
39.105 0.0373392 -8.94232e-05 0.0361079 -0.00369091 0.000541477 0.0365033 -0.00593645 0.000320042 -0.00587179 -0.00432601 -0.00465758 -0.000329041 0.0320246 0.0015423 0.0413235 -0.0081723 0.000234422 0.0762876 -0.0131076 2.92268e-05 0.0762386 -0.00825185 1.37953e-06 -0.0293286
39.155 -0.000791538 -8.68573e-05 -0.0065832 0.00460339 -0.000313209 0.0110516 -0.00238874 0.000289951 -0.0048155 0.0098566 0.00221921 -0.022685 0.0265384 0.000458288 0.0176041 -0.000550515 -0.000120753 0.0224806 -0.00171378 -2.54199e-06 0.0245574 -0.000395395 -3.84691e-06 -0.03214
39.205 -0.0382106 2.02115e-05 -0.0337826 0.0142188 0.000110917 -0.00378143 0.0141111 -0.000713722 0.00271885 0.00346833 0.00192157 -0.0194886 0.0239818 -0.00210529 -0.0074864 0.0130668 -0.000122451 -0.024291 0.00603771 -4.48232e-06 -0.0241171 0.0134518 -6.31959e-06 -0.0227811
39.255 -0.0232951 3.09354e-05 -0.00590001 0.016936 -3.13862e-05 0.0310461 0.0151128 0.000631619 0.00755334 0.00200857 -0.00453071 0.0168541 -0.027332 0.00212527 -0.00260148 0.0116275 0.000217109 -0.0148807 0.0118756 3.03659e-06 -0.0127496 0.0114823 -1.35683e-06 0.0152023
39.305 0.00660795 7.00438e-06 0.0257378 0.0151973 9.07551e-05 0.0475504 0.0109414 -8.40582e-05 0.0040245 -0.00982316 0.0036757 0.0257636 -0.0492038 -0.000516288 0.00289127 0.0134096 -0.00016007 -0.00300687 0.00851345 3.54979e-05 -0.00470044 0.0129459 3.42793e-06 0.0430836
39.355 0.0187703 7.76967e-05 0.0128586 0.0141087 -0.000424301 0.00350981 -0.0213002 -0.000521533 -0.0116853 -0.00621175 3.70755e-05 -0.00770008 -0.0345712 -0.00152006 -0.0222908 0.0141113 -8.17363e-06 -0.0350683 0.0206704 -3.79567e-05 -0.0355312 0.0135416 5.41486e-06 0.032014
39.405 0.0115481 7.83911e-06 -0.00681279 0.0141923 0.000610005 -0.0443402 -0.0174714 0.00076659 -0.00792783 0.00554274 -0.00369916 -0.027261 0.0136875 0.00237654 -0.0439727 0.0204546 0.000203034 -0.0572966 0.0222214 -3.7808e-06 -0.0601677 0.0212281 1.53052e-06 0.0166103
39.455 -0.00900918 -8.57085e-05 0.0156182 0.0135219 -0.000544561 -0.0407511 -0.0124778 -0.000498777 0.00980817 0.0152718 0.0044441 0.000273977 0.0357447 -0.00139569 -0.0223758 0.0221421 -0.000251309 -0.0287068 0.0279632 2.93879e-05 -0.0288399 0.0220098 -2.42657e-06 0.0303676
39.505 -0.00591783 4.43193e-05 0.0256668 0.00859491 0.000309687 -0.0183189 0.0190845 -0.000141388 0.0123691 0.00335558 -0.0017915 0.0218901 0.0223615 -0.000660026 -0.000209236 0.0155262 0.000136318 0.0122436 0.0182112 -6.52488e-08 0.0110118 0.0169787 -5.29102e-06 0.0316371
39.555 0.00866729 8.58511e-05 -0.00454143 0.00110871 -0.000261929 -0.0269628 0.0135373 0.000706915 -0.00437806 -0.0130989 -0.00225594 -0.00456433 -0.015414 0.00222381 0.00228586 0.00543968 3.06525e-05 0.00982334 0.0132973 -3.75993e-05 0.011248 0.00360789 -2.42071e-06 -0.00590158
39.605 0.0274172 4.29369e-05 -0.0279246 -0.00287299 0.000303397 -0.0305537 0.0108927 -0.000777377 -0.0154905 -0.00172116 0.00452108 -0.0242249 -0.0194989 -0.00206388 0.00851611 -0.00219796 -0.000169983 0.00357273 -0.00323186 3.04391e-05 0.00418612 -0.00204748 2.30838e-06 -0.0453503
39.655 0.00436581 1.36727e-06 -0.012875 -0.00611454 -0.000379132 0.0219324 -0.00485039 0.000282776 -0.000800483 0.0144532 -0.00328392 -0.00216589 0.00707887 0.000328189 0.0313294 -0.0132189 0.000202394 0.0415868 -0.0179697 1.14848e-05 0.0440124 -0.0130985 6.16417e-06 -0.0483373
39.705 -0.0273648 -9.49794e-05 0.00980686 -0.00959878 0.000537066 0.0639414 -0.00442815 0.000422172 0.0102396 0.0229131 -0.000474566 0.034841 0.0187278 0.00166826 0.0449337 -0.0200896 -0.000151471 0.0652021 -0.033106 -1.9825e-05 0.065853 -0.0198902 1.06802e-06 -0.0246114
39.755 -0.0240907 -0.00012039 -0.00751432 -0.0144713 -0.000685762 0.0367629 -0.00270147 -0.000803988 -0.00444004 -0.00945344 0.00391123 0.0263717 0.0063967 -0.00239874 0.0209863 -0.0210284 7.99961e-05 0.0189795 -0.0219055 -1.59249e-05 0.0191546 -0.0211227 -3.13645e-06 -0.010497
39.805 0.00548252 -3.41509e-05 -0.0407178 -0.0146474 0.000626469 -0.00639618 -0.00202313 0.000625132 -0.013371 -0.0227808 -0.00426732 -0.00883197 -0.0245158 0.00126857 -0.0189103 -0.0154763 1.19954e-05 -0.0304617 -0.0149394 4.60658e-05 -0.0325719 -0.0156336 -5.24303e-06 -0.00850551
39.855 0.0148903 -5.01537e-05 -0.0164429 -0.00911289 -9.91831e-05 -0.00588554 -0.00373381 -2.27418e-05 0.00246426 -0.0259558 0.00130833 -0.0154788 -0.0225146 0.000829866 -0.0137376 -0.00806565 4.70955e-06 -0.0274004 -0.00890757 -2.52931e-05 -0.0286385 -0.00893849 -2.76975e-06 0.0154827
39.905 0.00444993 5.72076e-05 0.0353637 0.000897859 -0.00016005 0.0148242 -0.0139646 -0.00060139 0.0251255 -0.000648542 0.0026703 -0.00351393 0.0253728 -0.00230345 0.00649011 0.00340103 -3.01409e-05 0.0058717 0.00234492 -1.37958e-05 0.00419573 0.00589307 2.10872e-06 0.0334673
