0.005 0.0140446 -0.000317271 -0.00386825 0.0160519 -0.00366284 -0.00282173 0.028276 -0.0240353 -0.00482737 0.0554273 -0.0692837 -0.041167
0.055 0.0131679 -0.00647825 -0.0494512 0.0537106 -0.0736728 -0.0491326 0.304443 -0.490093 0.0701858 0.846928 -1.3875 0.0759046
0.105 0.0150595 -0.0116685 0.0697032 0.0858293 -0.126901 0.0691375 0.543342 -0.878864 0.0821496 1.44598 -2.35697 -0.0580129
0.155 0.0151487 -0.0151039 0.069248 0.101802 -0.151172 0.0679765 0.708219 -1.12862 -0.00610343 1.74383 -2.73113 -0.0634987
0.205 0.0156807 -0.0162533 -0.0526917 0.100925 -0.140649 -0.0523498 0.77262 -1.19874 -0.00915328 1.67334 -2.40746 0.0447581
0.255 0.0117462 -0.0149053 0.0284389 0.0789678 -0.0969886 0.0261279 0.732661 -1.07598 -0.00645687 1.25417 -1.45288 0.0402195
0.305 0.0145139 -0.0112335 0.0641788 0.0514404 -0.0293718 0.0628201 0.610263 -0.776464 0.0222498 0.605417 -0.0883255 -0.0286772
0.355 0.015507 -0.00573809 0.0231996 0.0165991 0.0478609 0.0223432 0.416182 -0.343471 -0.0249363 -0.120197 1.36361 0.0494445
0.405 -0.0168165 0.000803153 -0.0236544 -0.0487224 0.118054 -0.0242736 0.164824 0.159117 -0.0197635 -0.766273 2.55541 0.0148671
0.455 -0.0301047 0.00745469 0.0633175 -0.0856695 0.165907 0.0629249 -0.0878526 0.656248 -0.0280032 -1.16797 3.19778 -0.016599
0.505 -0.0266454 0.0132553 0.00858249 -0.0912728 0.180756 0.00911945 -0.3166 1.07303 0.0132527 -1.2213 3.12891 0.00332865
0.555 -0.0270932 0.017364 -0.0121568 -0.0841966 0.15896 -0.0113032 -0.483097 1.34591 -0.0140775 -0.960756 2.35368 0.023019
0.605 -0.000426908 0.0191759 -0.00394149 -0.0358205 0.104622 -0.00292727 -0.538264 1.43231 -0.0112682 -0.408015 1.04314 -0.0313847
0.655 -0.0301966 0.0184134 -0.00816567 -0.0350711 0.0287902 -0.00759845 -0.551855 1.317 0.00780619 0.187689 -0.505418 -0.00672885
0.705 -0.0017512 0.015164 -0.0136645 0.0256774 -0.0529232 -0.0134566 -0.406941 1.01454 0.0199331 0.781087 -1.93852 0.0207834
0.755 -0.0214094 0.00986709 -0.0021615 0.0325502 -0.123655 -0.00246069 -0.225965 0.567165 0.0128044 1.1707 -2.92995 -0.0167519
0.805 -0.00193586 0.00325008 -0.0226299 0.0649648 -0.168899 -0.0234668 -0.0428473 0.0385425 -0.00347587 1.20204 -3.25767 -0.00834932
0.855 0.0619751 -0.00377946 -0.038237 0.12592 -0.1796 -0.0392879 0.280926 -0.495588 0.0116873 0.991478 -2.85598 0.00392401
0.905 0.0339066 -0.0102602 0.0245883 0.0782851 -0.154056 0.0235239 0.368912 -0.958695 0.01081 0.381442 -1.83047 -0.00978227
0.955 0.00162824 -0.01532 -0.00155661 0.0138005 -0.0982637 -0.00220953 0.513553 -1.28477 0.00894242 -0.387812 -0.432238 -0.00351882
1.005 -0.0508891 -0.0182838 -0.0255208 -0.0767707 -0.0245639 -0.0256207 0.510047 -1.42812 -0.00903075 -1.08715 1.00246 0.00308064
1.055 0.0342352 -0.0187876 0.0116448 -0.0292841 0.0510061 0.0121521 0.406578 -1.37005 -0.0117915 -1.58495 2.1327 -0.020643
1.105 0.13072 -0.0168015 0.0169991 0.0422157 0.11222 0.0179689 0.505559 -1.12162 0.00309203 -1.58644 2.69422 0.00344378
1.155 -0.0323711 -0.0126483 0.00159726 -0.131736 0.146142 0.00281149 0.0584917 -0.721861 -0.00125745 -1.59243 2.56224 0.0205389
1.205 0.0547356 -0.00694306 0.00748431 -0.0370818 0.145905 0.00858872 -0.00909582 -0.231847 -0.0173231 -1.09178 1.78071 -0.0148683
1.255 -0.042168 -0.000501805 0.00483947 -0.105325 0.112177 0.00559852 -0.361381 0.274468 -0.0153795 -0.295248 0.551108 0.00256317
1.305 -0.0621586 0.00575489 -0.000928248 -0.0869315 0.0529464 -0.000553369 -0.789261 0.721417 0.00719994 0.459991 -0.816597 0.0254613
1.355 -0.162437 0.0109621 0.024671 -0.141533 -0.018207 0.024349 -0.770098 1.04292 0.000743841 1.06924 -1.97907 -0.00429095
1.405 -0.153517 0.0144021 -0.00736832 -0.0947215 -0.0851328 -0.00827812 -1.03198 1.19236 -0.0104788 1.65012 -2.6426 -0.0063184
1.455 0.225378 0.0156203 -0.026057 0.313866 -0.132616 -0.0268599 -0.497887 1.14952 -0.00363799 1.96542 -2.63433 0.00784787
1.505 0.198161 0.0144787 0.0179635 0.307282 -0.149714 0.0174697 -0.267002 0.923566 0.0095963 1.98856 -1.94442 -0.00894983
1.555 -0.207024 0.0111568 0.00663893 -0.107772 -0.132171 0.0059142 -0.371649 0.55147 0.013534 0.382144 -0.729215 -0.00548269
1.605 0.265388 0.0061918 -0.0291808 0.337381 -0.0832956 -0.0283338 0.0925332 0.0924793 -0.00343358 0.169985 0.725747 0.00377915
1.655 0.0638071 0.000285863 -0.00808652 0.103163 -0.0133725 -0.00752039 0.0834723 -0.381038 -0.00443 -0.17245 2.07361 -0.017166
1.705 0.138537 -0.00565556 0.00816183 0.133399 0.0626731 0.00803449 0.257254 -0.794439 0.0122548 -1.19459 2.98916 -0.00449017
1.755 0.369912 -0.0107901 -0.00672832 0.330129 0.128371 -0.00953061 1.19142 -1.08227 0.0158778 -0.902255 3.24666 0.0172994
1.805 -0.0827977 -0.0143022 -0.0038991 -0.154408 0.169401 -0.00274229 0.624334 -1.19813 -0.00557416 -1.16342 2.7744 -0.010165
1.855 -0.430298 -0.0156877 -0.00156347 -0.522772 0.176548 -0.000738387 0.725634 -1.1218 -0.00450639 -0.926732 1.67228 -0.00597272
1.905 -0.678044 -0.0146886 -0.00412765 -0.732491 0.147828 -0.00443352 0.326546 -0.862309 0.00892584 -0.425738 0.188777 0.0181677
1.955 0.716165 -0.0114294 0.0225795 0.669522 0.0888413 0.0230339 -0.0220644 -0.456802 0.00696694 0.647853 -1.33758 -0.000565911
2.005 -0.0807149 -0.00632038 0.00401322 -0.0816703 0.0116597 0.00379392 0.0301967 0.0350762 -0.00539646 1.3023 -2.5582 -0.00909176
2.055 0.404679 -0.000101687 -0.0151413 0.438539 -0.0678412 -0.0154668 0.405679 0.540101 -0.0118171 1.2099 -3.19686 0.0110774
2.105 -0.268546 0.00638322 0.0214195 -0.223436 -0.133249 0.0207914 -0.057114 0.982336 -0.00205147 0.940389 -3.11473 -0.00341787
2.155 -0.480554 0.0122232 0.0263311 -0.39592 -0.171199 0.0251746 -0.279047 1.29455 0.00746097 0.654256 -2.34267 -3.68446e-05
2.205 -0.0913894 0.0165265 -0.0128477 -0.0147713 -0.174266 -0.0143104 -0.391917 1.42843 -0.00756117 -0.256107 -1.07324 0.0138487
2.255 -0.165258 0.0186705 -0.00501043 -0.124577 -0.142345 -0.00533216 -1.10367 1.36178 -0.0139053 -0.8903 0.386079 -0.011066
2.305 0.695299 0.0183438 0.0215491 0.727391 -0.0827821 0.0290002 -0.162671 1.1019 -0.000114843 -1.08974 1.6864 -0.00821137
2.355 -0.273302 0.015559 0.000801664 -0.287819 -0.0086966 0.00415814 -0.966733 0.684799 0.0164944 -1.10953 2.52117 0.0224226
2.405 -0.32115 0.0106407 -0.00432371 -0.385664 0.0638261 -0.00288105 0.214575 0.169592 -0.00226935 -1.96142 2.69892 0.0038735
2.455 -0.890495 0.00432036 -0.00600662 -0.970915 0.119305 -0.0048462 -0.0870816 -0.369916 -0.00186276 -2.14872 2.1886 -0.018673
2.505 -0.442879 -0.00260184 -0.00676144 -0.534374 0.146041 -0.00689581 0.0615231 -0.856465 0.00092346 -0.927159 1.12623 0.0149481
2.555 -0.228327 -0.00911125 0.0106222 -0.316908 0.138829 0.00862491 0.112724 -1.22049 0.0132696 0.318156 -0.218546 0.00242373
2.605 0.996403 -0.0144129 -0.00102031 0.904777 0.099777 -0.00266049 0.989159 -1.41071 -0.00135583 1.8878 -1.50788 -0.015801
2.655 0.592944 -0.017706 -0.0245364 0.558686 0.0381135 -0.0256628 0.580715 -1.40148 -0.00470817 1.91032 -2.41756 -0.00634688
2.705 0.243225 -0.0186151 -0.00672169 0.255506 -0.0321195 -0.00542391 1.01138 -1.1967 0.00421766 1.60847 -2.71533 -0.00578652
2.755 -1.07344 -0.017024 0.0199559 -1.02456 -0.0949525 0.020064 -0.232166 -0.828973 0.0140254 0.499906 -2.31738 -0.00644898
2.805 -0.611162 -0.013231 -0.0111092 -0.52861 -0.136134 -0.010178 -0.879361 -0.354734 0.00783589 0.241437 -1.30898 0.00301375
2.855 -0.30418 -0.00777883 -0.0258272 -0.21694 -0.146082 -0.0250263 -0.752832 0.154295 -0.0243211 0.912609 0.0753615 -0.0221395
2.905 -0.076666 -0.00149491 -0.00259047 0.013037 -0.122129 -0.0020975 -1.66834 0.621855 -0.00976606 0.18639 1.50765 -0.0209723
2.955 0.671131 0.00470338 0.0163854 0.735261 -0.0690303 0.0169408 0.0906118 0.978624 0.00946411 -0.119364 2.64454 0.00960496
3.005 -0.297997 0.0100026 0.00943265 -0.299378 0.00209989 0.0128544 -0.0882736 1.17253 0.0344401 -0.463493 3.20949 0.0148842
3.055 -0.701872 0.0136404 -0.00546859 -0.677982 0.0759848 -0.00696615 0.153804 1.17654 -0.00971745 -1.81275 3.05903 -0.00327371
3.105 -0.857989 0.0151535 -0.00896109 -0.882388 0.136694 -0.0122902 -0.160966 0.992727 -0.0246507 -1.44479 2.21744 0.00010173
3.155 0.873831 0.0143102 0.030224 0.833303 0.170864 0.0289325 0.361111 0.651606 0.0232315 -0.133295 0.871715 0.00593396
3.205 1.56508 0.0113501 0.0257276 1.51347 0.170843 0.0254677 0.162461 0.20779 0.021846 1.14315 -0.672385 -0.00999956
3.255 2.39793 0.0066871 -0.0297489 2.34162 0.136083 -0.0303672 1.57933 -0.268722 -0.00852895 2.0668 -2.0625 -0.0091038
3.305 2.27997 0.00106197 -0.0274571 2.26229 0.0734839 -0.0271972 1.73705 -0.702772 -0.0215532 1.64399 -2.9827 -0.0180238
3.355 1.58007 -0.00472085 0.0112619 1.57845 -0.00418843 0.0116141 0.77949 -1.02584 0.00281361 -0.199729 -3.22809 -0.00377008
3.405 -0.251162 -0.00973662 0.00324806 -0.30766 -0.0808847 0.00426019 -0.195124 -1.18609 0.0384802 -1.10842 -2.75257 0.0410302
3.455 0.367295 -0.0133023 -0.00549085 0.417644 -0.140895 -0.00403985 0.378186 -1.15657 0.0183722 1.15561 -1.6792 -0.0130752
3.505 -0.330373 -0.014857 -0.00996233 -0.259647 -0.172042 -0.00789751 -1.07638 -0.939197 -0.0223322 -0.0525451 -0.270208 -0.0416713
3.555 -0.468747 -0.0142086 0.00444054 -0.425171 -0.168279 0.00629113 -1.25892 -0.564668 0.0469144 -2.22002 1.1363 0.00268703
3.605 0.493945 -0.0113408 0.0384814 0.51794 -0.130932 0.0402745 1.88087 -0.0877268 0.106476 0.0729161 2.20677 0.0157394
3.655 0.629915 -0.00665849 0.022422 0.612664 -0.0684527 0.0222148 0.248032 0.420797 0.0159532 -0.335729 2.69199 -0.0102338
3.705 0.43275 -0.000814669 -0.0473257 0.389033 0.00545139 -0.0487006 1.1041 0.884525 -0.0475031 -1.05786 2.48614 -0.0376289
3.755 0.486573 0.00538442 -0.0659441 0.427938 0.0748277 -0.0673711 1.58896 1.23314 -0.0697514 -0.476356 1.65113 -0.0188785
3.805 -1.91959 0.0110428 0.0116133 -2.01201 0.124877 0.0100422 -2.66124 1.41308 0.0284469 -2.73702 0.401522 0.0416804
3.855 -2.37017 0.0153665 0.0865155 -2.45031 0.145164 0.0851854 -2.28681 1.39531 0.0614189 -2.41074 -0.948258 0.0248872
3.905 -3.16695 0.0177314 -0.0299274 -3.24597 0.131829 -0.0303905 -3.37262 1.17997 -0.025278 1.32928 -2.05965 -0.392996
3.955 -2.83232 0.0177274 -0.10527 -2.73456 0.0883363 -0.108379 -3.87643 0.79637 -0.0665137 0.71485 -2.65105 -0.0640887
4.005 -1.20572 0.015369 0.00698559 -1.20567 0.0246296 -0.00944379 -2.18632 0.298799 0.0134729 3.58219 -2.56784 0.0326791
4.055 -0.321005 0.010926 0.0983848 -0.328311 -0.0445279 0.0905813 0.759867 -0.241746 0.380068 4.75493 -1.81845 0.0489824
4.105 0.540386 0.00499948 0.0155554 0.620118 -0.103558 0.0172348 3.58028 -0.747753 0.0975272 3.25811 -0.573738 0.0234623
4.155 0.830016 -0.0016245 -0.101256 0.90516 -0.138945 -0.09874 4.4517 -1.14676 -0.0624193 0.833 0.873551 -0.0641085
4.205 -0.754689 -0.0080159 -0.0262882 -0.664351 -0.142393 -0.0254514 2.92446 -1.3823 -0.0251282 -2.43335 2.17828 0.000662036
4.255 -3.04592 -0.0133457 0.107296 -2.96511 -0.11266 0.107168 0.2736 -1.42206 0.0974806 -5.1283 3.02534 0.0584312
4.305 -2.12958 -0.0168827 0.0562788 -2.20263 -0.0557292 0.0565283 -4.4794 -1.26261 0.00604659 -3.42928 3.20529 0.0103897
4.355 -0.642488 -0.0181268 -0.107725 -0.610269 0.0163905 -0.105677 -2.76583 -0.929951 -0.107201 0.206407 2.66425 -0.0636515
4.405 0.727977 -0.0169272 -0.0490304 0.726299 0.0882128 -0.0499024 -1.68797 -0.475348 -0.0562999 2.069 1.51837 0.00289641
4.455 1.60739 -0.0135111 0.146795 1.55331 0.144206 0.144864 1.9438 0.0321373 0.113386 2.81485 0.0260406 0.0597169
4.505 1.9761 -0.0083712 0.0476162 1.92128 0.17201 0.0465033 2.76508 0.516471 0.0526168 1.77813 -1.47239 0.0628455
4.555 1.04288 -0.00227191 -0.123748 0.983476 0.165236 -0.124214 1.23112 0.905526 -0.111805 -0.100611 -2.63521 -0.0519571
4.605 0.571191 0.00390864 -0.049825 0.554448 0.124789 -0.0464996 0.603511 1.14231 -0.0478069 -0.495242 -3.19988 -0.0420868
4.655 -0.0230236 0.00930222 0.119753 -0.089802 0.0587697 0.121625 0.648096 1.19325 0.102842 -0.09423 -3.0448 0.0593712
4.705 -0.174518 0.0131426 0.0341422 -0.305465 -0.0193131 0.0394346 -2.75586 1.05323 0.0754289 0.891231 -2.2177 0.0294264
4.755 0.70483 0.0148801 -0.109908 0.778074 -0.093438 -0.104839 -1.38416 0.746079 -0.0884622 1.38211 -0.923405 -0.0625767
4.805 1.24545 0.014349 -0.0664462 1.31913 -0.148304 -0.06549 0.55092 0.321259 -0.0439548 0.398769 0.525263 -0.0268687
4.855 0.685431 0.0116352 0.0958825 0.743957 -0.172796 0.0954443 0.89679 -0.154065 0.103964 -1.84852 1.78269 0.0488688
4.905 1.35958 0.0071922 0.0737274 1.4177 -0.162284 0.0727957 2.18318 -0.605012 0.0582232 -2.15066 2.55288 0.0133937
4.955 1.20217 0.00169187 -0.118545 1.23054 -0.119553 -0.119691 0.747973 -0.960375 -0.0773134 -1.64735 2.65997 -0.0498385
5.005 1.59785 -0.00403042 -0.0859494 1.58648 -0.0541748 -0.0852405 0.683542 -1.1635 -0.0500691 -0.98614 2.08985 -0.0269622
5.055 0.204146 -0.00911383 0.0698699 0.208163 0.0194085 0.122219 0.40906 -1.18092 0.0803777 -0.388173 0.992777 0.0331349
5.105 -0.576345 -0.0128299 0.0394934 -0.733359 0.0853796 0.0619151 -0.0508833 -1.00739 0.0634016 -1.26054 -0.353298 0.0395343
5.155 0.134136 -0.0146119 -0.0980904 0.0792011 0.129762 -0.0927931 -0.352957 -0.666867 -0.0772883 0.239421 -1.61021 -0.0280824
5.205 0.992933 -0.0141763 -0.0654897 0.923311 0.143342 -0.0658833 0.644857 -0.208913 -0.0675571 2.80945 -2.46142 -0.0495609
5.255 0.689063 -0.0115883 0.0807644 0.608202 0.123777 0.0803825 -0.476259 0.298617 0.06358 2.15909 -2.68855 0.0480753
5.305 -0.752048 -0.00716311 0.0461457 -0.770311 0.0759848 0.0443712 1.46826 0.779705 0.0799165 0.44089 -2.22469 0.0389236
5.355 -0.00768458 -0.00153608 -0.0692597 -0.0260179 0.0110392 -0.0751174 -0.0508617 1.1617 -0.0704327 0.541441 -1.17111 -0.0433168
5.405 -0.634231 0.00449766 -0.0880907 -0.603951 -0.0563186 -0.0918926 -1.48441 1.38604 -0.0724331 0.701113 0.226594 -0.0319188
5.455 -0.556633 0.0101104 0.0717858 -0.488121 -0.110774 0.0705267 -1.14926 1.41722 0.0514916 -0.733258 1.63648 0.035829
5.505 -0.178622 0.0145023 0.0902728 -0.0905427 -0.139848 0.0896433 -0.203839 1.24825 0.0595055 -0.0218148 2.71976 0.0247729
5.555 0.190409 0.0170457 -0.0739791 0.287546 -0.136639 -0.0748223 -0.335436 0.901435 -0.0553262 -0.120466 3.21186 -0.0232212
5.605 0.347109 0.0173633 -0.0915066 0.429908 -0.10133 -0.0926983 0.882793 0.425686 -0.0658878 -0.785237 2.98603 -0.0299966
5.655 -0.322863 0.0153859 0.0675308 -0.270011 -0.0411785 0.0667525 0.680354 -0.111142 0.0597048 -1.52056 2.08411 0.0199631
5.705 -0.575767 0.0113565 0.0819089 -0.553452 0.0310295 0.0817059 0.0426614 -0.632144 0.0759741 -1.51244 0.707312 0.0388434
5.755 -0.614383 0.00580657 -0.0690992 -0.634241 0.0997395 -0.0691084 -0.406066 -1.06269 -0.0385357 0.163044 -0.831084 -0.0241101
5.805 -0.682626 -0.000523248 -0.0841018 -0.730568 0.15 -0.0832429 -0.496799 -1.34161 -0.0627616 0.980503 -2.1797 -0.0503708
5.855 -0.140859 -0.00678375 0.0441967 -0.197225 0.170675 0.0452388 0.792694 -1.43012 0.0486486 1.8564 -3.03203 0.0228543
5.905 0.0446933 -0.0121254 0.0831484 -0.012308 0.156889 0.0834819 1.40749 -1.3177 0.078557 1.91798 -3.19886 0.0408754
5.955 -0.00707055 -0.0158511 -0.0277429 -0.0398413 0.111159 -0.00933281 0.597088 -1.02335 -0.032953 0.305447 -2.65245 -0.0335693
6.005 0.0262753 -0.0174303 -0.0953642 0.00340823 0.0425853 -0.0911305 0.89383 -0.592807 -0.0789322 0.0472185 -1.53244 -0.037856
6.055 -0.248004 -0.0166903 0.0330945 -0.243988 -0.0346969 0.0315293 -0.139202 -0.0915719 0.0307332 -0.699558 -0.111887 0.0242278
6.105 0.100301 -0.0137495 0.102367 0.160727 -0.104784 0.0997663 -0.470212 0.405 0.0668806 -0.793734 1.26843 0.0403707
6.155 -0.0867114 -0.00904563 -0.0322838 -0.0410752 -0.153293 -0.0325069 -0.635221 0.822813 -0.0371893 -1.09522 2.28154 -0.00911696
6.205 0.112459 -0.00327898 -0.0959836 0.171777 -0.170466 -0.0970201 -0.610019 1.10041 -0.0861457 -1.8302 2.69226 -0.0330773
6.255 0.31113 0.0027251 0.0387727 0.356793 -0.153217 0.0381896 -0.0462723 1.19795 0.0159109 -1.2298 2.41292 0.00883619
6.305 0.251025 0.00811234 0.0950275 0.281614 -0.105772 0.0948699 -0.703569 1.10314 0.0704188 -0.945087 1.5236 0.0417981
6.355 0.44456 0.01212 -0.0268236 0.438041 -0.0386984 -0.026154 -0.161166 0.833066 -0.0238461 -0.144303 0.252088 -0.0106052
6.405 0.366929 0.0141891 -0.0867307 0.329978 0.0333697 -0.0859107 -0.376838 0.431456 -0.0780229 0.673586 -1.0815 -0.0521023
6.455 0.0183454 0.0140463 0.0189002 -0.0435772 0.0949157 0.0194651 -0.383663 -0.0379967 0.0185322 0.800206 -2.14223 0.00722447
6.505 -0.320122 0.0117446 0.0915577 -0.399164 0.132904 0.0918889 -0.346228 -0.501304 0.0836492 1.06194 -2.66145 0.0423277
6.555 -0.417853 0.00766224 -0.00987991 -0.498459 0.139565 -0.00959306 -0.368761 -0.885412 -0.00471815 1.20279 -2.50179 -0.0151194
6.605 -0.0621636 0.00243041 -0.0960359 -0.12662 0.114036 -0.0959322 -0.0440039 -1.1293 -0.0696068 1.88538 -1.69066 -0.0370044
6.655 0.0716485 -0.00315386 0.00511078 0.0347812 0.0625193 0.00479626 0.321163 -1.19327 0.0151515 1.24422 -0.414409 0.011122
6.705 0.0829077 -0.00824398 0.0985822 0.0803198 -0.00310683 0.0980657 1.13591 -1.06501 0.0833214 0.222153 1.02598 0.0419541
6.755 -0.0183446 -0.0121107 -0.00479187 0.0186258 -0.0679344 -0.00589512 1.23813 -0.761553 0.00364739 -0.752892 2.28645 0.00357544
6.805 -0.0727408 -0.0140833 -0.0982296 -0.0110042 -0.117135 -0.0984147 0.431013 -0.326751 -0.07498 -1.31142 3.06215 -0.036422
6.855 -0.189984 -0.0138994 -0.000280559 -0.115378 -0.139455 9.11336e-05 -0.00243515 0.175151 -0.00249306 -1.36185 3.16043 -0.00624699
6.905 -0.249853 -0.0115647 0.0915425 -0.172336 -0.129486 0.0921639 -0.53481 0.669185 0.0712403 -1.0825 2.5472 0.0351235
6.955 0.055977 -0.00740147 0.00434737 0.118876 -0.0889188 0.00490282 -0.370894 1.08086 0.000409775 -0.182415 1.35563 0.000533406
7.005 0.22315 -0.00199038 -0.079946 0.263761 -0.0261757 -0.0806796 -0.177833 1.34734 -0.0800011 0.592603 -0.144852 -0.048197
7.055 0.0572258 0.00389759 -0.00231173 0.0638544 0.0453628 -0.000611821 -0.00895081 1.42698 -0.0150881 0.534611 -1.61205 -0.00920189
7.105 0.155911 0.00943389 0.09046 0.134469 0.110277 0.091325 0.215742 1.30553 0.0676423 0.870875 -2.71182 0.0414406
7.155 0.0317918 0.0138329 0.0197153 -0.0111382 0.154417 0.0192777 -0.457049 0.998446 0.00991309 1.13349 -3.19678 0.00875332
7.205 0.0772328 0.0165622 -0.0925882 0.0362879 0.168009 -0.101704 -0.460569 0.548613 -0.0725509 1.05168 -2.9644 -0.0311278
7.255 -0.153586 0.0170309 -0.0202823 -0.209316 0.147589 -0.0255622 -0.362709 0.0200996 -0.0164813 0.447125 -2.08069 0.00275394
7.305 -0.323462 0.0152619 0.0910054 -0.352237 0.0970226 0.0894875 -0.395673 -0.511411 0.0704665 -0.462718 -0.763701 0.0417436
7.355 0.144533 0.0114765 0.0270646 0.137564 0.0265726 0.0266257 0.584457 -0.969772 0.0235933 -0.477233 0.669002 0.0145293
7.405 -0.0678715 0.0061644 -0.0869895 -0.0496174 -0.0492837 -0.0882213 0.54248 -1.28971 -0.0610439 -1.27987 1.87632 -0.0337521
7.455 0.321811 4.8275e-05 -0.0272947 0.364698 -0.11495 -0.0265882 1.0629 -1.42627 -0.0178675 -1.68657 2.57506 -0.0189202
7.505 0.190472 -0.00606228 0.0817974 0.242651 -0.157016 0.0825969 1.06583 -1.36191 0.0698539 -1.46069 2.6071 0.0271327
7.555 -0.0331082 -0.0113539 0.0297166 0.0171818 -0.167114 0.0307353 0.131209 -1.10854 0.0301599 -1.62071 1.97686 0.00728689
7.605 -0.221511 -0.0152876 -0.0817232 -0.208642 -0.143791 -0.0779375 -0.151042 -0.705842 -0.0638409 -0.880328 0.849016 -0.0449042
7.655 -0.175978 -0.0170178 -0.0404154 -0.163259 -0.0923034 -0.0399801 -0.827153 -0.215377 -0.0303944 0.431787 -0.491161 -0.0219868
7.705 0.0873646 -0.016542 0.0740661 0.0651302 -0.0241742 0.0737456 -0.649294 0.288952 0.0595292 1.30164 -1.70725 0.0346679
7.755 0.115502 -0.0139478 0.0427398 0.0622662 0.0458104 0.0420241 -0.767439 0.731818 0.0282873 1.72362 -2.493 0.0184987
7.805 0.0306611 -0.00935038 -0.0782304 -0.0391563 0.102837 -0.0727616 -0.536597 1.04782 -0.0660827 1.55777 -2.64609 -0.0265815
7.855 0.302821 -0.00390232 -0.0498933 0.224003 0.134632 -0.050486 -0.212417 1.19107 -0.040205 1.4926 -2.11774 -0.0099299
7.905 0.245136 0.0017763 0.0757772 0.169083 0.134662 0.0761902 -0.676226 1.14248 0.0532889 1.30946 -1.02483 0.0346725
7.955 -0.206645 0.00712838 0.0518143 -0.256971 0.104022 0.0508216 -0.964779 0.912046 0.0358319 -0.076526 0.377332 0.0248039
8.005 -0.209101 0.0112899 -0.0698828 -0.230993 0.0496884 -0.0703725 -0.55722 0.537339 -0.0554596 -0.675001 1.7556 -0.0264829
8.055 -0.473127 0.0136383 -0.048103 -0.456082 -0.0158258 -0.0472981 -0.84862 0.078214 -0.0393541 -1.09474 2.77864 -0.0262993
8.105 0.0162743 0.0138619 0.0646249 0.0683066 -0.0776468 0.0660563 -0.117329 -0.393072 0.0564859 -0.817473 3.19587 0.0235501
8.155 0.171217 0.0119462 0.0521555 0.247306 -0.121723 0.0539995 0.960606 -0.802219 0.0483589 -0.555436 2.89809 0.0221025
8.205 0.111443 0.00823201 -0.0585265 0.198131 -0.137843 -0.0571444 1.09018 -1.08441 -0.0435543 -0.83136 1.94384 -0.0314447
8.255 -0.200238 0.00328061 -0.0550008 -0.117203 -0.121974 -0.0542416 1.30628 -1.19411 -0.0395579 -0.586387 0.546377 -0.0250489
8.305 -0.12994 -0.0021704 0.0562277 -0.0673945 -0.0770974 0.0563447 0.470476 -1.11207 0.0517851 0.173025 -0.976355 0.0288092
8.355 -0.202412 -0.00729472 0.06051 -0.169735 -0.0125877 0.0592417 0.207959 -0.848261 0.0516845 0.949333 -2.27699 0.0278654
8.405 -0.0437084 -0.0113026 -0.0514225 -0.0458423 0.0578104 -0.0539761 0.313655 -0.440348 -0.0420905 1.46738 -3.06016 -0.0194494
8.455 0.0242015 -0.0136104 -0.0626572 -0.0101142 0.118859 -0.0634209 0.556691 0.0514915 -0.0513766 1.26467 -3.15282 -0.0206906
8.505 -0.20394 -0.0138303 0.0505253 -0.259321 0.157251 0.0496527 0.00708905 0.553971 0.0363703 0.495607 -2.54421 0.0216341
8.555 -0.0137755 -0.0116889 0.0618746 -0.0572167 0.164418 0.0782561 0.144762 0.991512 0.0460308 -0.0182165 -1.38815 0.0256872
8.605 -0.159706 -0.00778841 -0.047842 -0.223811 0.138633 -0.0399864 -0.442806 1.29757 -0.0420641 -0.475902 0.0343506 -0.0209622
8.655 0.0176738 -0.00272113 -0.0643778 -0.0186062 0.0840613 -0.0632726 -0.652305 1.42476 -0.0601126 -1.18707 1.38263 -0.0328681
8.705 -0.0516425 0.00302411 0.0408752 -0.0608311 0.0124947 0.0412128 -0.476674 1.35176 0.0296054 -1.38889 2.33757 0.0134061
8.755 -0.0624956 0.00856557 0.0654989 -0.0397401 -0.0616593 0.0664623 -0.565761 1.08688 0.0511078 -1.60797 2.67811 0.028811
8.805 0.092876 0.0130926 -0.0358835 0.137903 -0.123088 -0.0348742 -0.11751 0.66671 -0.032721 -1.2838 2.33318 -0.0178942
8.855 0.110445 0.0159545 -0.0673313 0.168405 -0.159306 -0.0665742 0.0506884 0.150944 -0.0557142 -0.634152 1.39854 -0.0289528
8.905 -0.043208 0.0167271 0.0318666 0.0129525 -0.163166 0.0318744 0.134507 -0.386521 0.030029 -0.445242 0.112681 0.0176488
8.955 -0.102434 0.0152937 0.0713176 -0.0626617 -0.134384 0.0706331 0.328375 -0.868828 0.0609081 0.560602 -1.20084 0.0313115
9.005 -0.0854551 0.0118351 -0.0288982 -0.0735882 -0.0795844 -0.0301206 0.20263 -1.22695 -0.0185748 1.27918 -2.2117 -0.0117209
9.055 0.0690117 0.00682003 -0.071284 0.0480829 -0.0108332 -0.0726433 0.227379 -1.41051 -0.0516181 1.8985 -2.66306 -0.029274
9.105 0.112719 0.0008969 0.0272445 0.0597755 0.0569588 0.0263365 0.60344 -1.39487 0.024015 1.83459 -2.43368 0.00878061
9.155 -0.0421567 -0.00509656 0.0719829 -0.118161 0.109324 0.0713691 0.406377 -1.18473 0.0606362 1.04164 -1.56782 0.0289338
9.205 0.231854 -0.0103656 -0.0225545 0.145832 0.135268 -0.0223444 0.506236 -0.813471 -0.0162972 0.774245 -0.265035 -0.00962129
9.255 0.0683582 -0.0142102 -0.0713998 -0.0111295 0.129665 -0.0705366 -0.204759 -0.338118 -0.0598336 -0.0499628 1.16667 -0.0327228
9.305 0.0520616 -0.0161187 0.0172587 -0.00624485 0.094341 0.0186731 -0.492024 0.169437 0.0106757 -0.804236 2.38475 0.00822715
9.355 -0.0837846 -0.0166319 0.0704017 -0.114684 0.0372524 0.0738375 -0.614389 0.633386 0.0542023 -1.12449 3.09381 0.0348946
9.405 0.148224 -0.0139881 -0.0200958 0.132431 -0.0276061 -0.00963218 -0.802245 0.984902 -0.0166566 -0.937708 3.11625 -0.00391509
9.455 0.0392098 -0.00941996 -0.0754214 0.101302 -0.0860917 -0.0747358 -0.703451 1.17277 -0.0644674 -0.893738 2.43589 -0.0295193
9.505 -0.0290211 -0.00430681 0.0114455 0.0532047 -0.125258 0.0103739 -0.782605 1.17087 0.00354663 -0.730107 1.20159 0.00631565
9.555 0.0372365 0.00119362 0.0701448 0.113981 -0.135211 0.070608 -0.40059 0.982277 0.054751 0.0911028 -0.306887 0.0307942
9.605 -0.0653027 0.00608066 -0.00351955 0.0263427 -0.114108 -0.00318028 -0.629331 0.638324 -0.00456524 0.685831 -1.74518 -0.00489838
9.655 0.168419 0.0102832 -0.0623781 0.223945 -0.0648573 -0.0743251 0.0270033 0.193452 -0.0570416 1.33076 -2.78566 -0.0326845
9.705 -0.0293338 0.0128728 0.00292624 0.0179808 0.000987687 -0.00227587 0.227541 -0.281349 0.00418561 1.19811 -3.19448 -0.00267427
9.755 0.00359508 0.0132441 0.0717511 0.00534507 0.0699883 0.0709208 0.426362 -0.711681 0.0642669 0.702705 -2.88768 0.0293706
9.805 -0.0368421 0.0116667 0.00221292 -0.0602949 0.126849 0.0023815 0.715768 -1.0293 0.00925484 0.399899 -1.94812 0.00233363
9.855 -0.202711 0.00828345 -0.0709803 -0.245279 0.159244 -0.068859 0.350169 -1.18358 -0.0514678 -0.535639 -0.607226 -0.0287989
9.905 -0.146909 0.0036535 -0.00665607 -0.198727 0.159775 -0.00556707 0.618199 -1.14823 0.000519025 -1.02489 0.811958 0.000272385
9.955 -0.0306501 -0.00156039 0.0683474 -0.0779799 0.127833 0.0691499 0.60423 -0.926269 0.0609907 -1.06081 1.97164 0.0346632
10.005 0.100741 -0.00655584 0.00980331 0.0713249 0.0696795 0.0104395 0.646186 -0.54903 0.0100029 -1.4392 2.60029 0.00619118
10.055 -0.0155252 -0.0105286 -0.0707035 -0.0127929 -0.00266055 -0.0719842 0.579891 -0.0712736 -0.0561249 -1.51399 2.55714 -0.0301575
10.105 -0.156511 -0.0129615 -0.0110344 -0.133258 -0.0747078 -0.0066481 0.120053 0.435344 -0.0131356 -1.44544 1.86484 -0.00782163
10.155 -0.0498538 -0.0134736 0.0661706 -0.00565826 -0.131248 0.0675821 -0.237767 0.894642 0.0499583 -0.401215 0.703885 0.0236905
10.205 0.00089337 -0.0118507 0.0170029 0.0434083 -0.160986 0.0161927 -0.547865 1.23732 0.00811402 0.550351 -0.632538 0.00180166
10.255 0.0216487 -0.00836675 -0.0675141 0.0633125 -0.158073 -0.0683859 -0.553918 1.41075 -0.0593979 1.1882 -1.80877 -0.0332904
10.305 -0.0262499 -0.00348457 -0.0203275 -0.001218 -0.123696 -0.0210603 -0.382352 1.38654 -0.0226787 1.45526 -2.52814 -0.0114954
10.355 -0.105606 0.00211806 0.0636652 -0.106173 -0.0656511 0.0632362 -0.515979 1.16586 0.0477458 1.48481 -2.60465 0.0284345
10.405 -0.00997674 0.00769071 0.0207595 -0.0441815 0.00337914 0.0201023 -0.204849 0.778968 0.017425 1.43409 -2.00861 0.0150603
10.455 -0.136654 0.0123338 -0.061863 -0.189828 0.0683543 -0.0617305 -0.329189 0.280455 -0.0505551 0.875673 -0.873582 -0.0207514
10.505 -0.0742884 0.0154174 -0.0273214 -0.146421 0.115467 -0.0265954 -0.00438476 -0.258573 -0.0193309 0.320353 0.534225 -0.00419872
10.555 0.0610658 0.0164947 0.0590094 -0.0151608 0.134886 0.0594182 0.432036 -0.760605 0.0530749 -0.0280394 1.87987 0.0327453
10.605 0.0918928 0.0153751 0.0294838 0.0265104 0.122922 0.0300239 0.576665 -1.15391 0.0296244 -0.66298 2.83931 0.0151804
10.655 0.00273548 0.0122013 -0.0575111 -0.0399507 0.0827869 -0.0570527 0.683708 -1.38293 -0.0416176 -1.32905 3.17722 -0.0262631
10.705 0.0801716 0.00739467 -0.0330708 0.0692271 0.023867 -0.033026 0.603282 -1.4162 -0.021645 -1.19617 2.80316 -0.0185819
10.755 0.26147 0.0016092 0.0563765 0.284066 -0.0403563 0.0560296 0.617825 -1.2512 0.0490867 -0.59172 1.79406 0.016207
10.805 0.0926374 -0.00428507 0.0351617 0.152399 -0.0951725 0.0311357 0.170724 -0.914876 0.0305322 -0.277744 0.376359 0.00712969
10.855 -0.107194 -0.0096998 -0.0524919 -0.0360863 -0.128274 -0.0533642 -0.285282 -0.459054 -0.0435203 0.0893909 -1.1273 -0.0286258
10.905 0.0452448 -0.0137426 -0.039111 0.122763 -0.131683 -0.0385055 -0.384374 0.0474379 -0.0335296 0.869005 -2.3742 -0.0195253
10.955 -0.0107717 -0.0159419 0.0519956 0.0456605 -0.104202 0.0581412 -0.788258 0.528427 0.0387137 1.22413 -3.08208 0.0235246
11.005 0.275224 -0.0159538 0.0398059 0.326962 -0.0514008 0.039881 -0.660376 0.912414 0.0277575 1.25935 -3.0957 0.0226504
11.055 -0.0148276 -0.0139047 -0.0482416 0.00444306 0.0155999 -0.0490793 -0.586105 1.1433 -0.0447722 0.676384 -2.42341 -0.0137507
11.105 -0.0182503 -0.010096 -0.0416544 -0.0278421 0.0823736 -0.0416604 -0.668693 1.18826 -0.0390903 -0.326385 -1.23363 -0.0110908
11.155 0.0595279 -0.00520819 0.0472788 0.0311587 0.134343 0.0436625 -0.569904 1.04307 0.0329393 -0.457853 0.185061 0.0257326
11.205 -0.0507527 0.000351205 0.040713 -0.104755 0.160248 0.0362525 -0.809657 0.732639 0.0345471 -1.11485 1.49353 0.020797
11.255 -0.144316 0.00554625 -0.041947 -0.192342 0.153909 -0.0441749 -0.313256 0.306797 -0.033441 -1.81772 2.38308 -0.0204444
11.305 -0.112127 0.00972319 -0.045446 -0.144722 0.116261 -0.0464022 0.0637416 -0.167191 -0.0348266 -1.72788 2.64881 -0.0244697
11.355 -0.140763 0.0123071 0.04068 -0.154603 0.0548223 0.0400013 0.0867895 -0.614533 0.0373481 -1.37835 2.23812 0.0106122
11.405 -0.0792981 0.0129768 0.0486584 -0.0672832 -0.0178682 0.048105 0.641925 -0.964703 0.045217 -0.790046 1.26267 0.01476
11.455 -0.153877 0.0116695 -0.0373781 -0.118896 -0.0868527 -0.037641 0.700019 -1.16181 -0.0233124 0.0130539 -0.0293224 -0.019512
11.505 -0.0467795 0.00860763 -0.049212 0.00324455 -0.137998 -0.0490845 0.91706 -1.17326 -0.0343414 0.876808 -1.31308 -0.0223132
11.555 -0.100539 0.00426543 0.0335876 -0.0480722 -0.160976 0.0340753 0.941462 -0.994759 0.0323044 1.51036 -2.26585 0.0168081
11.605 -0.0137907 -0.000696649 0.0506536 0.029423 -0.151452 0.0516517 0.759877 -0.651 0.0441234 1.7577 -2.64502 0.0265833
11.655 -0.0580175 -0.00555615 -0.0323093 -0.0382469 -0.11201 -0.0312865 0.451532 -0.192167 -0.0247734 1.67072 -2.34687 -0.00877459
11.705 -0.109401 -0.00958099 -0.053316 -0.119559 -0.0515072 -0.0522443 0.179655 0.313733 -0.0440879 1.09181 -1.4322 -0.0185973
11.755 -0.137829 -0.0121613 0.0274019 -0.179406 0.0168273 0.0281685 -0.0743409 0.790859 0.0183739 0.468555 -0.112549 0.0139196
11.805 -0.0737449 -0.0127676 0.0528952 -0.133631 0.0784055 0.0545673 -0.498852 1.16728 0.0373794 -0.0937481 1.30001 0.0215021
11.855 0.113951 -0.0115498 -0.0239453 0.0388521 0.119853 -0.0280656 -0.409843 1.38497 -0.0262858 -0.450301 2.46715 -0.0140245
11.905 0.113477 -0.00848073 -0.0534912 0.0294174 0.132888 -0.054555 -0.395738 1.40961 -0.0490817 -0.916392 3.10531 -0.0275046
11.955 0.202316 -0.00398453 0.022672 0.133004 0.11514 0.0220089 -0.183797 1.23495 0.0126871 -1.06169 3.05339 0.00520096
12.005 -0.0355672 0.00131748 0.0549927 -0.0766038 0.0710835 0.0545153 -0.198759 0.884303 0.0419597 -1.10323 2.31218 0.0210293
12.055 0.0314354 0.0066551 -0.0189705 0.0242436 0.0109697 -0.0189106 -0.266695 0.407077 -0.0144203 -0.698805 1.0447 -0.007546
12.105 0.07343 0.0112709 -0.0545373 0.103575 -0.0514912 -0.054419 -0.0548521 -0.128699 -0.0440035 0.322339 -0.462036 -0.0216452
12.155 -0.0217543 0.0144924 0.0159269 0.0380434 -0.102084 0.0163958 -0.0764341 -0.646174 0.0150193 0.721522 -1.86406 0.0101121
12.205 -0.0120679 0.0158268 0.0552542 0.0664333 -0.129224 0.0559428 0.239108 -1.07144 0.0496344 1.00088 -2.84248 0.0288051
12.255 -0.00832089 0.0150579 -0.0130169 0.0750505 -0.126455 -0.012404 0.349278 -1.34385 -0.00432846 1.10516 -3.17801 -0.00225761
12.305 0.161578 0.0122645 -0.0559202 0.233106 -0.0938906 -0.0553394 0.608101 -1.42574 -0.0407702 0.917674 -2.80285 -0.0230911
12.355 0.139814 0.00781239 0.0068666 0.18842 -0.038205 0.00691854 0.607613 -1.30749 0.0111606 0.449204 -1.81614 0.00338981
12.405 0.0651175 0.00230017 0.05479 0.0828042 0.0287931 0.0541563 0.240988 -1.00897 0.0474565 -0.423087 -0.459573 0.0214639
12.455 0.0116954 -0.00374216 -0.0030397 0.00253835 0.0924462 -0.00668726 0.0196053 -0.576509 -0.00456471 -1.11291 0.940559 -0.00602728
12.505 -0.102174 -0.00881266 -0.0556799 -0.117291 0.139458 -0.0485059 -0.539215 -0.0757732 -0.0473953 -1.50358 2.0516 -0.0266403
12.555 0.0290521 -0.0130489 0.00254522 -0.0330512 0.159192 0.00593843 -0.471083 0.417896 -0.000990088 -1.61149 2.61391 -0.000516095
12.605 -0.0634941 -0.0153717 0.0545001 -0.115243 0.146733 0.0539417 -0.670937 0.830986 0.039646 -1.55356 2.50254 0.0240254
12.655 -0.0991953 -0.0156842 -0.00111044 -0.139676 0.104442 -0.00204561 -0.774709 1.10272 -0.00425386 -1.14636 1.7566 0.00121697
12.705 -0.111087 -0.0139107 -0.0545342 -0.130453 0.0408031 -0.0544436 -0.66687 1.19424 -0.0492271 -0.438158 0.569111 -0.0219119
12.755 -0.0875431 -0.0103354 -0.00217658 -0.0799675 -0.0311998 -0.00105179 -0.72455 1.09403 -0.00693295 0.523979 -0.760073 0.000232126
12.805 -0.0534669 -0.00551163 0.0549256 -0.0217507 -0.0967809 0.0563898 -0.351203 0.82044 0.0421629 1.33289 -1.89691 0.0244144
12.855 0.0867306 -0.000135727 0.00525031 0.134985 -0.142544 0.00694802 -0.0219324 0.416926 0.00509901 1.79411 -2.55415 0.00152477
12.905 0.0471618 0.00501583 -0.0547789 0.100133 -0.159315 -0.0535711 0.3311 -0.0516559 -0.0414384 1.86249 -2.56043 -0.0245856
12.955 -0.0470385 0.00936343 -0.0105808 -0.000439617 -0.143899 -0.00907098 0.436165 -0.511885 -0.00268362 1.20436 -1.90319 -0.00538147
13.005 0.00549574 0.0120258 0.0505002 0.0332527 -0.100517 0.0505324 0.604557 -0.891125 0.0482476 0.727923 -0.730887 0.0213092
13.055 0.0765135 0.0128152 0.0124498 0.0727961 -0.0384331 0.0116597 0.612071 -1.12907 0.0154231 0.323688 0.680776 0.0044871
13.105 0.108955 0.0116782 -0.0514169 0.075304 0.0286601 -0.0525713 0.705584 -1.18699 -0.0362548 -0.348036 1.99504 -0.0209332
13.155 0.0999369 0.00879105 -0.013611 0.0428753 0.0863816 -0.0151884 0.850291 -1.05341 -0.00620044 -0.932454 2.89505 -0.0039967
13.205 0.0055625 0.0046011 0.0510481 -0.0690936 0.122536 0.0500627 0.562936 -0.746348 0.0436808 -1.18878 3.15845 0.0241865
13.255 0.11181 -0.000252218 0.0167127 0.0379062 0.129724 0.0156496 0.472588 -0.309922 0.0142852 -1.11221 2.71251 0.00934733
13.305 0.103982 -0.00504472 -0.048157 0.0409798 0.106949 -0.0482751 0.0804356 0.190842 -0.0406821 -0.562433 1.65101 -0.0211269
13.355 0.0257049 -0.00906302 -0.0207614 -0.0115474 0.0597834 -0.0200243 -0.175517 0.681469 -0.0179889 -0.160852 0.212906 -0.0101437
13.405 0.0866372 -0.0117065 0.045497 0.0804389 -0.000874995 0.0467344 -0.412364 1.08786 0.0342537 0.374833 -1.27404 0.0182599
13.455 -0.108462 -0.0129368 0.0207439 -0.0784649 -0.0613663 0.0240619 -0.738602 1.34786 0.012195 0.834596 -2.47057 0.00572035
13.505 -0.0752028 -0.0116863 -0.0579907 -0.0367151 -0.10739 -0.0425404 -0.722743 1.42082 -0.043601 0.99528 -3.10629 -0.0230903
13.555 -0.0253172 -0.00875688 -0.0273588 0.0423389 -0.129011 -0.024823 -0.690802 1.29349 -0.0239582 1.12311 -3.0429 -0.0109188
13.605 -0.0668344 -0.00449058 0.047446 0.00700553 -0.12053 0.0467182 -0.630253 0.982074 0.0325549 0.590061 -2.30676 0.0206281
13.655 -0.119338 0.000594976 0.0261594 -0.0596159 -0.0834308 0.0248375 -0.285634 0.530222 0.0182358 -0.175731 -1.08171 0.0152984
13.705 -0.0102627 0.00582284 -0.045426 0.0294168 -0.0254322 -0.0471044 0.0280912 0.00214834 -0.0336942 -0.690682 0.335508 -0.0129598
13.755 0.0779298 0.0103999 -0.0270514 0.0907207 0.0411345 -0.0289366 0.322608 -0.526456 -0.0197502 -1.03062 1.60648 -0.00673862
13.805 -0.0433926 0.0137187 0.0438638 -0.0560728 0.101954 0.0418792 0.458783 -0.979823 0.0362028 -1.64922 2.43169 0.0214213
13.855 -0.0586152 0.0152832 0.0309415 -0.092327 0.143719 0.0294702 0.628952 -1.2935 0.0277459 -1.7287 2.62209 0.0138643
13.905 -0.110199 0.014847 -0.03959 -0.154296 0.157117 -0.0405955 0.581125 -1.42336 -0.0270652 -1.29206 2.14387 -0.0207059
13.955 -0.137293 0.0124038 -0.0302011 -0.180163 0.138788 -0.0299085 0.232846 -1.35305 -0.0217513 -0.700801 1.12513 -0.0203808
14.005 -0.075435 0.00829402 0.0379436 -0.105567 0.0921247 0.0392497 0.355792 -1.09497 0.0322943 0.226396 -0.174865 0.00902118
14.055 -0.181165 0.00314588 0.0310767 -0.18537 0.0267848 0.030949 0.0244761 -0.689996 0.027282 0.781621 -1.4294 0.00643138
14.105 0.0301662 -0.00229673 -0.0370214 0.0425289 -0.044344 -0.0374941 0.0314927 -0.199258 -0.0291062 1.47564 -2.32277 -0.021169
14.155 0.0520952 -0.00769782 -0.0363612 0.0835237 -0.106237 -0.035065 -0.126665 0.302704 -0.0306849 1.83932 -2.62684 -0.0155518
14.205 0.0966607 -0.0119398 0.0328214 0.139243 -0.146442 0.0337343 -0.393807 0.741232 0.0221945 1.59094 -2.25663 0.0162415
14.255 0.140958 -0.014549 0.0358133 0.183062 -0.156854 0.0357958 -0.392567 1.05151 0.0240059 1.3303 -1.29064 0.0211947
14.305 -0.0170742 -0.0152137 -0.0318728 0.0131937 -0.135808 -0.0324809 -0.839312 1.18865 -0.0290789 0.422346 0.0462698 -0.00525465
14.355 -0.0561214 -0.0138457 -0.0364064 -0.0468699 -0.0882815 -0.0372776 -0.841821 1.13452 -0.0343782 -0.324688 1.43768 -0.00914743
14.405 -0.0302846 -0.0106664 0.0291339 -0.0469881 -0.0247955 0.0287874 -0.708298 0.900014 0.0203604 -0.713992 2.54951 0.0169984
14.455 0.104055 -0.00615563 0.0375241 0.0610614 0.0408483 0.036873 -0.447058 0.523279 0.0312625 -0.97259 3.11171 0.0188303
14.505 0.0639131 -0.000972484 -0.0261886 0.00142501 0.0945638 -0.026675 0.0032451 0.0642351 -0.019984 -1.0724 2.9811 -0.0139408
14.555 0.186091 0.00414005 -0.0418809 0.11544 0.125026 -0.0424695 0.515139 -0.404604 -0.0293064 -0.798891 2.17712 -0.022094
14.605 0.0903234 0.00845858 0.0227059 0.0256173 0.126098 0.0227722 0.592605 -0.809251 0.0242999 -0.39289 0.877708 0.00551758
14.655 0.0405688 0.0113679 0.0416916 -0.00705601 0.0981022 0.0425986 0.546621 -1.08564 0.0385182 0.164852 -0.622293 0.0126788
14.705 -0.00154837 0.0124757 -0.021127 -0.0209004 0.0477479 -0.0202862 0.686874 -1.18914 -0.0118498 0.655615 -1.98112 -0.0115302
14.755 -0.0750325 0.0112321 -0.0370604 -0.0740066 -0.0133229 -0.0307714 0.436982 -1.10153 -0.0277892 1.06664 -2.88985 -0.0161373
14.805 -0.0310388 0.00894872 0.0232953 0.027176 -0.0717443 0.0211062 0.52341 -0.833712 0.0200229 1.13633 -3.14607 0.0125457
14.855 -0.0134142 0.00474632 0.0428298 0.044619 -0.112955 0.040249 0.357976 -0.423792 0.035741 0.81986 -2.70081 0.0241027
14.905 0.0146412 0.000164845 -0.0167854 0.0908224 -0.128432 -0.0178103 0.26278 0.0676573 -0.0131332 0.227232 -1.66957 -0.00186148
14.955 0.0222698 -0.00450732 -0.0412775 0.0933678 -0.113893 -0.0417451 0.0255428 0.56768 -0.0372331 -0.473195 -0.303997 -0.015193
15.005 -0.0762197 -0.00848908 0.0144563 -0.0220483 -0.0721024 0.0137074 -0.342578 0.999793 0.00740213 -1.18264 1.06813 0.0063427
15.055 -0.132776 -0.0111846 0.0396809 -0.103703 -0.011825 0.0392267 -0.57284 1.29971 0.0300653 -1.60933 2.1219 0.0159174
15.105 -0.0245679 -0.0122088 -0.0144632 -0.0253763 0.0540767 -0.0142464 -0.614633 1.42022 -0.0151073 -1.51031 2.61096 -0.0112636
15.155 0.0080688 -0.011378 -0.0447344 -0.0190339 0.111344 -0.0444825 -0.549228 1.34091 -0.040343 -1.23148 2.42974 -0.0253837
15.205 -0.0363099 -0.00878717 0.00850048 -0.0818571 0.147437 0.0088367 -0.296734 1.07136 0.00513003 -0.963812 1.63333 -0.00110632
15.255 -0.0131546 -0.00477432 0.0431138 -0.0652633 0.154237 0.0433929 -0.0111594 0.648433 0.0332741 -0.326935 0.426574 0.0151129
15.305 -0.0644308 0.000119976 -0.0076782 -0.110361 0.129826 -0.00740377 -0.0334116 0.132612 -0.00607326 0.490905 -0.885572 -0.00335909
15.355 -0.0173579 0.00518168 -0.04356 -0.046127 0.0788677 -0.0434387 0.200608 -0.402833 -0.0332611 1.16372 -1.97456 -0.0156096
15.405 -0.0963971 0.009671 0.00585265 -0.101408 0.0116723 0.0057122 0.378638 -0.879956 0.00726281 1.60404 -2.56426 0.00670945
15.455 -0.0906755 0.0136456 0.045451 -0.0723983 -0.0572921 0.0442285 0.373404 -1.23229 0.0387214 1.59899 -2.50012 0.0239273
15.505 0.0141972 0.0151846 -0.00261612 0.0522661 -0.115105 -0.00309986 0.588054 -1.40922 0.00210826 1.49769 -1.78624 0.00312928
15.555 0.186774 0.0148309 -0.0423534 0.234194 -0.149364 -0.0424188 0.690714 -1.38729 -0.0307603 1.09039 -0.584957 -0.0170711
15.605 0.0490167 0.0125698 0.00113739 0.0964401 -0.153211 0.000360583 0.503112 -1.17217 0.00285177 0.182538 0.821008 -0.000565002
15.655 -0.105775 0.00878423 0.0425569 -0.0752615 -0.126368 0.0425779 0.207097 -0.797983 0.0357603 -0.792175 2.09639 0.0158609
15.705 0.0267478 0.00384363 0.00246439 0.0345008 -0.0751192 0.00294216 -0.0840991 -0.321983 0.000979511 -1.01174 2.93286 -0.00317169
15.755 0.088113 -0.00157955 -0.0423956 0.0653272 -0.0107498 -0.0417141 -0.563268 0.183913 -0.0363108 -0.892951 3.12327 -0.0218209
15.805 0.192384 -0.00677682 -0.00605544 0.14254 0.05276 -0.00569632 -0.486255 0.644129 -0.00697851 -0.817826 2.61153 -0.00304959
15.855 0.0175618 -0.0110453 0.0409243 -0.0517244 0.101846 0.0410623 -0.659875 0.990327 0.0293815 -0.736777 1.50675 0.0182562
15.905 -0.0412313 -0.0138087 0.00602481 -0.11834 0.126243 0.00636632 -0.861654 1.17207 0.000330868 -0.287522 0.0578049 0.00492174
15.955 0.0508581 -0.0146379 -0.0410053 -0.0191673 0.121214 -0.0410658 -0.810556 1.16442 -0.0371459 0.502919 -1.40542 -0.0134207
16.005 0.110546 -0.0134892 -0.00795787 0.0601786 0.0884069 -0.00827315 -0.711763 0.971079 -0.0101826 1.13126 -2.54902 3.90352e-05
16.055 -0.00955325 -0.0125108 0.0427284 -0.0230714 0.0338697 0.040842 -0.386627 0.624313 0.0311605 1.14919 -3.11485 0.0199377
16.105 0.00497263 -0.00653289 0.0120124 0.0378173 -0.0264799 0.0179398 0.0224865 0.179426 0.00919506 0.930318 -2.98109 0.00604606
16.155 -0.00591994 -0.00254724 -0.0359784 0.0277334 -0.0808439 -0.0367169 0.219648 -0.293648 -0.0289959 0.53213 -2.1898 -0.0183809
16.205 -0.0356102 0.00279918 -0.0112498 0.0242797 -0.117119 -0.0117606 0.300612 -0.720074 -0.00577821 -0.134142 -0.937485 -0.00769013
16.255 -0.102298 0.00753699 0.0323009 -0.0206951 -0.12611 0.0329267 0.523581 -1.03094 0.0363546 -0.809266 0.472942 0.0140525
16.305 -0.0280709 0.0106195 0.0142593 0.0486655 -0.105945 0.0156802 0.674443 -1.181 0.0172062 -1.32209 1.7052 0.00355117
16.355 -0.0476016 0.0119538 -0.0357104 0.0107873 -0.060238 -0.0344794 0.819703 -1.13922 -0.0259605 -1.60353 2.46979 -0.0180101
16.405 0.080283 0.0121125 -0.0172092 0.110169 0.00168411 -0.0150079 0.8072 -0.912672 -0.00974586 -1.55518 2.59017 -0.00733838
16.455 -0.0390132 0.00954425 0.0371359 -0.0292714 0.0661282 0.0321081 0.546886 -0.532494 0.0312505 -1.1891 2.05212 0.0158525
16.505 -0.101007 0.00558245 0.0226608 -0.125815 0.11909 0.0193676 0.193905 -0.0550317 0.0150053 -0.726854 0.996335 0.00825417
16.555 -0.0720369 0.00102199 -0.0334529 -0.109248 0.149355 -0.0343501 0.0647199 0.449263 -0.0304879 0.20139 -0.309582 -0.0141002
16.605 0.00256439 -0.00366302 -0.0204092 -0.0460607 0.149855 -0.0213317 -0.173512 0.903995 -0.0191926 1.0532 -1.53416 -0.00957835
16.655 0.00773419 -0.00792007 0.0309706 -0.0370669 0.119772 0.0311303 -0.380419 1.24061 0.0225251 1.42739 -2.37226 0.0125161
16.705 0.145082 -0.0109018 0.0224254 0.117214 0.0655303 0.0220081 -0.301687 1.40827 0.0121551 1.8082 -2.60727 0.00784056
16.755 0.0627862 -0.0121336 -0.0313123 0.0552891 -0.00233324 -0.0312399 -0.512304 1.37708 -0.0312394 1.53349 -2.17114 -0.0152407
16.805 0.0019837 -0.0115541 -0.0226381 0.0159314 -0.0696576 -0.0222064 -0.48831 1.15151 -0.0221396 0.936697 -1.15813 -0.0104704
16.855 0.000548161 -0.00921607 0.029677 0.0319513 -0.122796 0.0306719 -0.312238 0.761351 0.0223716 0.402456 0.194722 0.0151938
16.905 -0.0350369 -0.00542004 0.0241558 0.0045494 -0.150947 0.0253814 -0.297675 0.261677 0.0185666 -0.243702 1.56674 0.0139525
16.955 0.0590064 -0.00061531 -0.028826 0.0956349 -0.148585 -0.0274393 -0.00417333 -0.275233 -0.0224053 -0.677293 2.62724 -0.00813345
17.005 0.0622517 0.00436264 -0.025698 0.0851039 -0.116897 -0.0248138 0.342095 -0.773053 -0.0179799 -0.952785 3.1181 -0.00639954
17.055 0.0760001 0.00889068 0.0274654 0.0769395 -0.0630078 0.0276169 0.557243 -1.16092 0.0257874 -1.11926 2.91259 0.0147304
17.105 0.0860877 0.012301 0.0270666 0.0616653 0.00123625 0.0263942 0.723341 -1.38338 0.0258894 -0.804421 2.04787 0.0121076
17.155 -0.0921033 0.0148193 -0.0237364 -0.154511 0.0624936 -0.031086 0.458707 -1.40968 -0.0162306 -0.468102 0.716855 -0.0129513
17.205 -0.0812288 0.0145323 -0.0263822 -0.136944 0.106882 -0.0305711 0.254627 -1.23984 -0.0191807 0.217967 -0.778421 -0.0167303
17.255 -0.100415 0.0127372 0.0243012 -0.169738 0.125452 0.022578 0.0157966 -0.899628 0.0213125 0.835074 -2.09621 0.0039323
17.305 -0.092747 0.00921119 0.0292369 -0.152746 0.115038 0.0285514 -0.245657 -0.442563 0.0233046 1.06255 -2.93813 0.00707652
17.355 0.010652 0.00428978 -0.0243293 -0.0306623 0.0781716 -0.0262849 -0.193717 0.062511 -0.0193964 1.10553 -3.11631 -0.0132088
17.405 0.127529 -0.000860132 -0.0302747 0.11701 0.0236504 -0.0289374 -0.416008 0.540458 -0.0268567 0.850414 -2.60118 -0.0136856
17.455 -0.00925393 -0.00624698 0.0255461 -0.00692069 -0.0362968 0.0314466 -0.468595 0.919184 0.0125791 0.215422 -1.52469 0.0113921
17.505 0.00197161 -0.0105324 0.0333434 0.0596217 -0.0872819 0.0330229 -0.613842 1.14383 0.0205673 -0.53226 -0.147862 0.0184057
17.555 -0.0775325 -0.0132581 -0.0207963 -0.0206312 -0.118344 -0.0209716 -0.766878 1.18276 -0.0187109 -1.0965 1.19703 -0.0020442
17.605 -0.0803742 -0.0143384 -0.0329709 -0.0108529 -0.121899 -0.0320551 -0.791909 1.0328 -0.0275853 -1.55243 2.19317 -0.00862598
17.655 -0.0280163 -0.0137495 0.0163897 0.0392845 -0.0968842 0.0183857 -0.423072 0.719022 0.0117039 -1.56095 2.60863 0.0101919
17.705 0.0293174 -0.0110291 0.032752 0.0745906 -0.0481897 0.0357412 -0.222758 0.292497 0.0254729 -1.35818 2.35464 0.0133474
17.755 0.0578344 -0.00716872 -0.0147044 0.0829584 0.013976 -0.0156193 0.177368 -0.179848 -0.0101861 -0.904211 1.50558 -0.0105203
17.805 0.0580967 -0.00247895 -0.0329359 0.055996 0.0760777 -0.0352663 0.617283 -0.624345 -0.022408 -0.234793 0.279078 -0.0196629
17.855 0.0763711 0.00232348 0.0133884 0.0539047 0.124706 0.0112713 0.671863 -0.968746 0.0152613 0.617977 -1.0159 0.00012794
17.905 -0.071124 0.00657557 0.0337724 -0.107026 0.149151 0.0321519 0.628655 -1.15984 0.0315299 1.15866 -2.05371 0.0101303
17.955 -0.0227087 0.00957778 -0.0101666 -0.0602124 0.143501 -0.0115448 0.724414 -1.16554 -0.00422033 1.5818 -2.5714 -0.00638986
18.005 -0.057893 0.0114431 -0.0285643 -0.0761042 0.109505 -0.0279464 0.560932 -0.982015 -0.022749 1.69561 -2.43221 -0.0122906
18.055 0.00152528 0.0112741 0.0139124 -0.0205582 0.0523919 0.0126607 0.422195 -0.635236 0.0107693 1.34521 -1.65869 0.00917724
18.105 0.0425518 0.00929259 0.0326079 0.0520577 -0.0153415 0.0324659 0.495794 -0.175412 0.0279729 0.751765 -0.427825 0.0207845
18.155 0.0258221 0.00573834 -0.009388 0.0484433 -0.0800405 -0.00700813 0.128079 0.328598 -0.00631783 -0.0078312 0.969623 0.00208047
18.205 -0.0784601 0.00146443 -0.0331194 -0.0536529 -0.128382 -0.0325079 -0.148506 0.801509 -0.0298012 -0.585578 2.20068 -0.0108805
18.255 0.00366555 -0.00303463 0.00435642 0.0497076 -0.150544 0.00575419 -0.280204 1.1724 -1.43302e-05 -0.952077 2.96712 0.00229285
18.305 0.00227938 -0.00710141 0.0329683 0.0342614 -0.142412 0.0336241 -0.594848 1.38377 0.0224024 -1.0241 3.07776 0.0109791
18.355 0.043515 -0.00990995 -0.00286932 0.0546379 -0.106079 -0.00433117 -0.618644 1.40188 -0.00800558 -0.919328 2.497 -0.00705054
18.405 -0.00508286 -0.011373 -0.033608 -0.0173341 -0.0499846 -0.034206 -0.471593 1.22159 -0.0314721 -0.674805 1.3486 -0.0204299
18.455 -0.0583055 -0.0110242 0.00195349 -0.0968896 0.0137622 0.0010559 -0.499529 0.867291 -0.00128386 -0.126158 -0.107138 -0.00362566
18.505 0.0881648 -0.00893574 0.0336121 0.0303393 0.0714443 0.0326373 -0.170516 0.388454 0.0256193 0.676645 -1.53934 0.0123483
18.555 -0.0623199 -0.00537928 -0.000259502 -0.128588 0.110777 -0.00120783 0.0174438 -0.146368 -0.000220908 1.02594 -2.62232 0.00128202
18.605 -0.0116882 -0.000814791 -0.0341841 -0.0894715 0.123714 -0.0398423 0.395254 -0.659629 -0.0250512 1.09891 -3.112 -0.00971585
18.655 0.0352266 0.00441903 -0.000759591 -0.0256338 0.108192 -0.0011836 0.600612 -1.07985 0.00233547 1.07172 -2.90472 0.00539494
18.705 -0.0430337 0.00888998 0.0343969 -0.0797052 0.0676985 0.0358089 0.432332 -1.34585 0.0290971 0.452475 -2.05952 0.0200499
18.755 0.0306122 0.0123472 0.00316697 0.0254837 0.0118819 0.00469524 0.62637 -1.42111 0.00633284 -0.139681 -0.785859 0.00464362
18.805 0.0158731 0.0143159 -0.0320759 0.0425651 -0.0464017 -0.0308794 0.417875 -1.2972 -0.0226049 -0.828478 0.609584 -0.0129929
18.855 0.0431121 0.0138639 -0.000528135 0.104101 -0.0944128 0.00369687 0.207512 -0.994887 -0.00119506 -1.41682 1.79504 -0.00462795
18.905 -0.035733 0.0122506 0.0340399 0.0243798 -0.120145 0.0333054 0.00363369 -0.560294 0.0261506 -1.74381 2.49161 0.00879693
18.955 0.0387738 0.00883254 0.00559278 0.114962 -0.11791 0.00411453 -0.333967 -0.0601224 0.00414973 -1.51357 2.54247 -0.00343254
19.005 0.037176 0.00428267 -0.0313901 0.0999997 -0.0878704 -0.0325893 -0.470786 0.430562 -0.0272554 -1.03406 1.94718 -0.019264
19.055 0.0474361 -0.000880679 -0.00756068 0.0904001 -0.0360459 -0.00865156 -0.607683 0.839151 -0.0102616 -0.471513 0.861485 -0.00631259
19.105 0.0113504 -0.00627739 0.0293637 0.0213417 0.0261843 0.0302781 -0.506863 1.10481 0.0201959 0.264486 -0.438764 0.0130025
19.155 -0.0165972 -0.0105483 0.00897603 -0.0255508 0.0861261 0.00801635 -0.815288 1.18997 0.00356658 0.977441 -1.62701 0.00657856
19.205 -0.0586722 -0.0134115 -0.0297083 -0.0902451 0.130259 -0.0305767 -0.742048 1.08481 -0.0268036 1.45084 -2.40461 -0.00819806
19.255 -0.0528408 -0.0142724 -0.00405993 -0.103959 0.149426 -0.00633557 -0.595577 0.80744 -0.0106467 1.62003 -2.56998 0.00073106
19.305 -0.0398736 -0.0133917 0.0193575 -0.0756299 0.137885 0.0219039 -0.274696 0.402661 0.0223708 1.49585 -2.07246 0.0164871
19.355 0.0967469 -0.0107805 0.010062 0.0514201 0.0989916 0.0105649 0.093649 -0.0649091 0.0127094 1.03401 -1.02098 0.00717524
19.405 0.0645258 -0.00702078 -0.0271362 0.0481147 0.0392396 -0.026875 0.339595 -0.522569 -0.0207695 0.359575 0.338586 -0.0113048
19.455 0.0457648 -0.00247025 -0.0121076 0.0560481 -0.0284504 -0.0117863 0.592109 -0.897045 -0.00789682 -0.320369 1.68278 -0.00874331
19.505 0.017102 0.00194497 0.0283969 0.0367433 -0.0906223 0.0288439 0.792411 -1.12842 0.0266554 -0.802425 2.68804 0.00785346
19.555 -0.0692416 0.00614284 0.0127359 -0.0267236 -0.133941 0.0143826 0.705801 -1.18057 0.0179776 -1.10049 3.10802 0.00354085
19.605 0.01078 0.00949213 -0.0268131 0.0583647 -0.150022 -0.0252593 0.726505 -1.04142 -0.0162852 -1.01563 2.83372 -0.0126849
19.655 0.0458059 0.011076 -0.0163222 0.0811161 -0.136047 -0.0164317 0.618495 -0.730642 -0.00990288 -0.617489 1.91675 -0.00761755
19.705 0.0135857 0.0110527 0.0245933 0.0333934 -0.0954204 0.0246266 0.350551 -0.293656 0.0213255 -0.273557 0.563262 0.0118469
19.755 -0.0608691 0.00910348 0.0186713 -0.0735617 -0.0374965 0.0150912 0.174025 0.206415 0.0136335 0.250045 -0.920762 0.00946667
19.805 -0.0306843 0.00604177 -0.024062 -0.0593707 0.0255872 -0.0253455 -0.0957302 0.693542 -0.0212253 0.768119 -2.19571 -0.00811571
19.855 -0.0270444 0.00200942 -0.0194927 -0.082816 0.0800323 -0.0193792 -0.389136 1.09478 -0.0182024 1.10476 -2.97253 -0.00644071
19.905 0.00776879 -0.00188549 0.0200119 -0.0620501 0.114569 0.0216756 -0.541814 1.34837 0.0137896 1.08715 -3.07971 0.0102924
19.955 -0.0296377 -0.00595821 0.0186104 -0.0980766 0.121735 0.0189062 -0.551641 1.41462 0.0109238 0.688537 -2.50259 0.00768066
20.005 0.015356 -0.00927531 -0.0141043 -0.0308224 0.100413 -0.0252036 -0.535011 1.28109 -0.0212998 0.107798 -1.38709 -0.0106579
20.055 0.0776854 -0.0107352 -0.020386 0.0279106 0.0567627 -0.0249317 -0.268657 0.965482 -0.0199929 -0.486791 -0.00553928 -0.00960828
20.105 -0.015001 -0.0101778 0.0161662 -0.0228551 -1.53598e-05 0.018624 -0.234801 0.511157 0.0149372 -1.10938 1.31189 0.00862687
20.155 -0.00988274 -0.00860467 0.018844 0.0132583 -0.0563774 0.0195265 0.0544233 -0.015909 0.0169753 -1.52768 2.2531 0.0100633
20.205 -0.0309729 -0.00536341 -0.0183066 0.0174335 -0.0997242 -0.0183926 0.227927 -0.541093 -0.0142593 -1.63549 2.59986 -0.00628968
20.255 -0.0413637 -0.0023078 -0.0199752 0.0218095 -0.121122 -0.0208898 0.273401 -0.989803 -0.0161006 -1.38061 2.28177 -0.00751309
20.305 0.0100744 0.00219387 0.0185335 0.0748999 -0.113484 0.0180669 0.478907 -1.29708 0.0175213 -0.768408 1.38611 0.00852233
20.355 -0.00454568 0.00672787 0.0227055 0.0628481 -0.0783478 0.0232359 0.488839 -1.42031 0.0225346 -0.139358 0.143009 0.00973893
20.405 -0.0675227 0.0104648 -0.0161248 -0.0351931 -0.0241428 -0.0162451 0.410086 -1.3443 -0.00949215 0.60043 -1.13415 -0.00899126
20.455 0.0124459 0.0125897 -0.0235371 0.0296913 0.0384142 -0.0238121 0.331439 -1.08026 -0.0170717 1.27342 -2.12444 -0.0138641
20.505 -0.0602164 0.0144304 0.0142108 -0.0654491 0.0964406 0.011851 0.0838941 -0.673601 0.0128132 1.67972 -2.57567 0.00154765
20.555 0.00656989 0.0128223 0.0246005 -0.0204245 0.135765 0.0227209 -0.068937 -0.183712 0.0188361 1.65702 -2.36593 0.0060702
20.605 -0.0303762 0.00977014 -0.0134801 -0.0702513 0.148254 -0.0147169 -0.290018 0.316292 -0.0126996 1.29623 -1.53797 -0.00826091
20.655 -0.0329881 0.004771 -0.0229352 -0.0736229 0.130185 -0.0228018 -0.611524 0.75047 -0.0230123 0.601806 -0.279269 -0.0102512
20.705 0.00187737 -0.000157444 0.00810831 -0.0159581 0.086591 0.00742455 -0.713478 1.05392 0.00564095 -0.0262154 1.11102 0.00782053
20.755 -0.002414 -0.00503715 0.0233833 -0.0178037 0.0250362 0.0232789 -0.859042 1.18602 0.0169342 -0.562179 2.29908 0.0160054
20.805 0.0377055 -0.00930681 -0.0100463 0.0465813 -0.0416487 -0.0100173 -0.715617 1.12708 -0.0119876 -0.966203 2.99865 0.000873228
20.855 0.088319 -0.0122994 -0.0251448 0.113828 -0.0998191 -0.0245729 -0.421465 0.886821 -0.0229715 -1.03653 3.0342 -0.00632016
20.905 0.0838474 -0.0136499 0.00818638 0.11922 -0.137636 0.00915194 -0.198665 0.509936 0.00696908 -0.875765 2.38477 0.00675763
20.955 0.0757416 -0.0132148 0.0251671 0.112035 -0.147599 0.0265215 0.0900783 0.0501448 0.0220393 -0.523518 1.19373 0.0107365
21.005 -0.00852503 -0.0110904 -0.00799109 0.0181155 -0.128128 -0.00644288 0.260214 -0.416129 -0.00353231 -0.0427262 -0.269795 -0.00583923
21.055 -0.0324001 -0.00704469 -0.026402 -0.0245323 -0.0831231 -0.024591 0.414996 -0.81598 -0.0169754 0.587543 -1.67369 -0.0152483
21.105 0.0205584 -0.00276127 0.00614474 0.00696168 -0.0241773 0.00717134 0.568151 -1.08575 0.00935836 1.09323 -2.69679 -0.00191494
21.155 0.0536082 0.00180244 0.0255773 0.0166669 0.0373047 0.0259658 0.702149 -1.18438 0.0256356 1.1976 -3.10921 0.00814152
21.205 0.0737184 0.00599623 -0.00497289 0.0205791 0.087624 -0.00527874 0.813127 -1.09132 0.000594114 0.897099 -2.82673 -0.00228787
21.255 0.0931475 0.00915094 -0.0252896 0.0320497 0.116336 -0.0261758 0.810412 -0.819342 -0.017829 0.390177 -1.92569 -0.00906559
21.305 -0.0119786 0.0104079 0.0105108 -0.0786814 0.117354 0.0104023 0.508474 -0.407238 0.00472268 -0.362568 -0.62863 0.00582705
21.355 -0.0943663 0.0106732 0.0296926 -0.12281 0.0914666 0.0260253 0.0900134 0.0839146 0.0212508 -1.00344 0.751724 0.0162767
21.405 -0.0624416 0.0090502 -0.00288829 -0.0871481 0.044959 -0.00524346 -0.227869 0.580539 -0.00325814 -1.33812 1.88895 0.00268088
21.455 -0.00782886 0.00614657 -0.0269692 0.00136131 -0.0118155 -0.0275077 -0.447495 1.00823 -0.0234957 -1.47306 2.51602 -0.00982645
21.505 0.0144164 0.00188029 0.00143448 0.0483332 -0.0661072 0.00311713 -0.483958 1.30194 -0.00387987 -1.45302 2.4923 -0.000940628
21.555 0.0418079 -0.00244019 0.0256101 0.0917271 -0.104942 0.0276346 -0.428437 1.41506 0.0154839 -1.16218 1.83589 0.00571245
21.605 -0.0389216 -0.0055864 -0.000105399 0.0396042 -0.119104 -0.00741852 -0.37274 1.32991 -0.00460952 -0.498286 0.718692 -0.00686366
21.655 -0.0769242 -0.00886498 -0.0212316 -0.0254537 -0.105417 -0.019612 -0.496131 1.05606 -0.0233992 0.217151 -0.577507 -0.0176969
21.705 -0.0928122 -0.0104944 -0.000422653 -0.0410637 -0.0668916 0.00181913 -0.412312 0.630076 -0.00442805 1.03991 -1.72602 -0.00478628
21.755 -0.0730676 -0.0106484 0.0253161 -0.0459936 -0.0109809 0.0257398 -0.171265 0.11425 0.0202415 1.58777 -2.43779 0.00874401
21.805 -0.0550249 -0.00915689 0.00322842 -0.0524518 0.0502963 0.00241301 0.123677 -0.418309 0.00357276 1.66617 -2.52834 0.00386502
21.855 0.0431638 -0.00584885 -0.0238651 0.0342495 0.104196 -0.0220962 0.461792 -0.891477 -0.0179403 1.47821 -1.96499 -0.00509522
21.905 -0.0337697 -0.00134928 -0.000872572 -0.063754 0.138163 0.000711436 0.607144 -1.23803 -0.000776453 0.875876 -0.873878 0.00452651
21.955 -0.0255631 0.00295712 0.0256486 -0.0666644 0.14488 0.0240335 0.754218 -1.40757 0.0220869 0.255906 0.489681 0.0166301
22.005 -0.0455013 0.007425 0.00558626 -0.0837634 0.122257 0.00363127 0.542334 -1.37943 0.00832289 -0.306742 1.80091 0.00641705
22.055 0.0347533 0.00951394 -0.0209465 0.00418551 0.0734945 -0.017897 0.283477 -1.15883 -0.0166898 -0.732408 2.74451 -0.00918918
22.105 0.0446351 0.0119199 -0.00403709 0.037979 0.0110306 -0.00492891 0.200742 -0.782503 -0.0041547 -0.933559 3.08856 -0.00547459
22.155 0.00882539 0.0126693 0.0235 0.0263765 -0.0538517 0.0232482 -0.147032 -0.305735 0.0178341 -1.0535 2.74148 0.00510905
22.205 0.0549104 0.0116402 0.00661985 0.085984 -0.107992 0.00780648 -0.232728 0.198313 0.00578456 -0.738595 1.77275 -0.00262333
22.255 0.00916923 0.00883513 -0.0227739 0.0488241 -0.140406 -0.0210592 -0.488154 0.655739 -0.0210832 -0.302388 0.400279 -0.0137012
22.305 0.0403656 0.00476235 -0.00947318 0.0778509 -0.144625 -0.00785805 -0.644353 0.994882 -0.0107966 0.334142 -1.06439 -0.00583303
22.355 0.0128377 -1.98704e-06 0.0216808 0.036827 -0.120235 0.0228137 -0.81986 1.17097 0.0140798 0.944249 -2.28739 0.010823
22.405 0.0213701 -0.00486999 0.00970571 0.0246379 -0.0729239 0.0101123 -0.884321 1.1576 0.00637261 1.11462 -2.99366 0.00869367
22.455 0.0671929 -0.00915116 -0.0215418 0.0456328 -0.0130935 -0.0217904 -0.586847 0.959637 -0.0194301 1.11206 -3.0253 -0.0031151
22.505 0.0538283 -0.0123469 -0.011207 0.00924878 0.0462337 -0.0120218 -0.358296 0.610782 -0.00987593 0.611708 -2.38815 0.0012917
22.555 0.0489141 -0.0140456 0.0203373 -0.01219 0.0923795 0.0191222 -0.0424589 0.165219 0.0172189 -0.0867992 -1.2415 0.0128072
22.605 -0.0335731 -0.00951667 0.0122843 -0.109229 0.120554 0.0122944 0.170913 -0.305944 0.0119024 -0.712999 0.137837 0.00644676
22.655 -0.0255162 -0.007806 -0.0201397 -0.0850698 0.11627 -0.0202605 0.322214 -0.729076 -0.0124142 -1.20896 1.41806 -0.0105265
22.705 -0.0280688 -0.00431819 -0.0130677 -0.0703388 0.0862933 -0.0130736 0.504008 -1.03381 -0.00595034 -1.47051 2.29846 -0.0103333
22.755 -0.019931 -0.000242379 0.0185325 -0.0371122 0.0376223 0.0190024 0.636324 -1.1783 0.0199113 -1.51432 2.57576 0.00210605
22.805 -0.0175341 0.00429563 0.0136011 -0.0042658 -0.0187828 0.014544 0.816219 -1.12836 0.0154233 -1.31168 2.1952 0.000107985
22.855 -0.0122847 0.00810694 -0.0178438 0.0285223 -0.0702569 -0.016704 0.774007 -0.898527 -0.0115803 -0.769659 1.25954 -0.0121392
22.905 -0.0193056 0.0109942 -0.0148153 0.0419872 -0.104759 -0.0137406 0.571315 -0.515703 -0.00997419 -0.00822746 0.0084085 -0.00798701
22.955 -0.0211794 0.012723 0.017019 0.0495845 -0.114104 0.0176137 0.30713 -0.0384244 0.0141662 0.693353 -1.2416 0.00808051
23.005 -0.0137021 0.0130557 0.0156132 0.0543051 -0.0957789 0.0155718 -0.00323405 0.463867 0.0112493 1.38833 -2.17878 0.00923834
23.055 0.00860735 0.0120222 -0.0160839 0.0621429 -0.0532943 -0.0167283 -0.255063 0.91365 -0.0156891 1.66644 -2.56064 -0.00339961
23.105 0.0274144 -0.0065671 -0.0184153 0.0563425 -0.00725791 -0.0185958 -0.421313 1.24522 -0.0167323 1.53776 -2.28999 -0.00409106
23.155 0.0127692 -0.00767698 0.0155981 0.0154003 0.050024 0.0137099 -0.485768 1.40596 0.00790941 1.08881 -1.41304 0.00822735
23.205 0.0531151 -0.0115788 0.0170623 0.0361115 0.100257 0.0154163 -0.453961 1.36782 0.00912553 0.580903 -0.13661 0.00780748
23.255 0.0629825 -0.0154754 -0.013917 0.0268555 0.129564 -0.0148934 -0.359032 1.13764 -0.0151637 -0.00467548 1.23754 -0.00673962
23.305 0.0455462 -0.000492531 -0.0173122 0.00371316 0.144123 -0.0179556 -0.304566 0.751366 -0.0163134 -0.567451 2.38097 -0.00867282
23.355 0.0304847 -0.00442738 0.0120029 -0.00826396 0.119143 0.0118093 -0.0878062 0.242573 0.00967095 -0.902068 3.01425 0.00546453
23.405 0.0439438 -0.00461287 0.0170552 0.0171849 0.0682705 0.0175813 0.114667 -0.291765 0.0148452 -1.05696 2.98662 0.00829545
23.455 0.0169044 -0.00322264 -0.0120104 0.00912555 0.00432783 -0.011048 0.330701 -0.786763 -0.00821812 -0.880303 2.2688 -0.00384387
23.505 0.0112491 -0.00478673 -0.0189367 0.0273648 -0.0624615 -0.0183844 0.494621 -1.18066 -0.012188 -0.503664 1.0448 -0.00557648
23.555 -0.020655 -0.00204877 0.0116033 0.00157521 -0.114401 0.00949403 0.527941 -1.38112 0.0120379 0.0759032 -0.424185 0.00684997
23.605 -0.0366675 0.0021675 0.0199932 -0.00403912 -0.141801 0.0198969 0.375952 -1.40375 0.0184424 0.631509 -1.80433 0.00899285
23.655 -0.0401518 0.00606226 -0.00893712 -0.00537368 -0.139888 -0.00861528 0.269193 -1.22933 -0.00568361 1.01057 -2.75383 -0.00460731
23.705 -0.0412112 0.00973594 -0.0185541 -0.0212965 -0.110871 -0.0186769 0.136291 -0.89074 -0.0136236 1.08504 -3.09655 -0.0105757
23.755 -0.00999088 0.0119339 0.00958246 -0.00877101 -0.0607125 0.00906727 -0.0168685 -0.426547 0.00776779 0.84489 -2.74267 0.000266162
23.805 -0.000506566 0.0127743 0.0191657 -0.0221748 -0.000435908 0.0185417 -0.219622 0.0779618 0.0148176 0.334447 -1.79146 0.00508001
23.855 -0.0197783 0.0118893 -0.00782267 -0.0625695 0.0567591 -0.00832729 -0.477674 0.55478 -0.00858396 -0.31843 -0.483325 -0.006159
23.905 -0.0233367 0.0089175 -0.0195209 -0.080672 0.0982981 -0.0198141 -0.667295 0.934421 -0.0188883 -0.933683 0.882132 -0.00990122
23.955 -0.0527444 0.00538383 0.00612886 -0.114936 0.116603 0.00611781 -0.84146 1.14051 0.00197208 -1.41441 1.97068 0.00394372
24.005 -0.0267333 0.000909351 0.0194455 -0.0821338 0.107385 0.0196803 -0.799624 1.17673 0.0125989 -1.60636 2.53384 0.0110528
24.055 -0.0268106 -0.00361346 -0.00578213 -0.0650147 0.0735368 -0.00539269 -0.647124 1.01963 -0.00711375 -1.4414 2.44081 0.000723285
24.105 -0.0113564 -0.0029027 -0.0201852 -0.0238508 0.0279412 -0.0200722 -0.435916 0.70145 -0.0174911 -1.04683 1.72884 -0.00551005
24.155 -0.0388497 -0.00656319 0.00649377 -0.0239683 -0.028374 0.00644456 -0.103442 0.281835 0.00368126 -0.389019 0.582267 0.00344468
24.205 -0.0502915 -0.0111801 0.020811 -0.0170501 -0.0799014 0.0203128 0.174212 -0.191445 0.0175131 0.410134 -0.710157 0.00807487
24.255 -0.016061 -0.0166014 -0.00375462 0.040645 -0.111763 -0.00293506 0.437172 -0.628704 0.000162185 1.15634 -1.81505 -0.0036486
24.305 0.0211891 -0.0172482 -0.0201947 0.0770854 -0.120096 -0.0199028 0.623107 -0.972358 -0.0121152 1.60345 -2.46706 -0.0121446
24.355 0.0173418 -0.0138952 0.00226925 0.0787766 -0.096718 0.00239972 0.78145 -1.15946 0.00629434 1.6611 -2.48293 -0.00233657
24.405 0.023072 -0.00842436 0.020011 0.0760007 -0.047912 0.0163423 0.860087 -1.15839 0.020072 1.37618 -1.85878 0.00687089
24.455 0.0144843 -0.00316506 -7.87919e-05 0.0398965 0.00996005 -0.000794229 0.728845 -0.963243 0.00260577 0.831621 -0.73423 -0.000393784
24.505 -0.000429851 0.00138756 -0.0186872 0.00160237 0.0685316 -0.0184255 0.542974 -0.618814 -0.0138793 0.174904 0.634548 -0.00608657
24.555 0.0340458 0.00490969 -3.13595e-05 0.01793 0.114935 7.53163e-05 0.301001 -0.163272 0.00163151 -0.368263 1.91629 0.00449633
24.605 0.0537604 0.00728834 0.0189783 0.0241701 0.138254 0.0187829 0.064038 0.342478 0.0157268 -0.78033 2.80124 0.0136398
24.655 0.048688 0.00808799 0.000619397 0.016026 0.13361 0.000202934 -0.160699 0.807982 -0.00129316 -1.07409 3.07264 0.00396539
24.705 0.00279744 0.00720498 -0.0195571 -0.0247924 0.10133 -0.0198773 -0.323805 1.17699 -0.0190346 -1.04428 2.65383 -0.00672541
24.755 -0.000297091 0.00445205 -0.00179719 -0.0147245 0.0474457 -0.0020899 -0.509652 1.38302 -0.0054065 -0.691077 1.62842 -0.00204411
24.805 0.0102083 0.000588757 0.019505 0.0127381 -0.016768 0.019285 -0.571797 1.39486 0.0114316 -0.100519 0.238387 0.00430699
24.855 -0.027574 0.00698841 0.00207265 -0.00545402 -0.0638692 0.00265894 -0.526755 1.20649 -0.00138564 0.48495 -1.20975 -0.00395459
24.905 -0.00583699 0.00530243 -0.0178325 0.0217153 -0.112798 -0.0175164 -0.367714 0.852744 -0.0179091 0.911115 -2.3845 -0.0130312
24.955 0.0284119 -0.0137044 -0.00161717 0.0580413 -0.146801 -0.00078378 -0.19184 0.367882 -0.00476712 1.05698 -3.01705 -0.00482997
25.005 -0.00941004 -0.00966292 0.0184946 0.0214382 -0.134244 0.0192487 0.04196 -0.173665 0.0150944 0.912907 -2.97258 0.00758306
25.055 -0.0057224 -0.00924998 0.00541999 0.00604233 -0.100913 0.00562008 0.250536 -0.670338 0.00506203 0.528108 -2.2742 0.00461737
25.105 -0.00700575 -0.00867494 -0.017973 -0.0188596 -0.0475994 -0.0176318 0.415069 -1.08088 -0.0124161 -0.0697477 -1.09488 -0.00326979
25.155 -0.00760822 -0.00585983 -0.00580714 -0.0397075 0.012056 -0.00542459 0.482528 -1.3502 -0.00150616 -0.647313 0.286142 0.00341188
25.205 0.0305158 0.000845894 0.0173065 -0.0223235 0.0700049 0.0176302 0.501011 -1.41796 0.0174116 -1.15227 1.53182 0.0120808
25.255 0.00149659 0.00539834 0.00702745 -0.0598973 0.106913 0.00681172 0.375681 -1.28683 0.00771105 -1.52041 2.34995 0.00419993
25.305 -0.044553 0.00735395 -0.0130406 -0.105351 0.117763 -0.0148905 0.296406 -0.978031 -0.0121731 -1.5846 2.5552 -0.00898547
25.355 -0.0470625 0.00926044 0.00561436 -0.106791 0.099724 -0.00506698 0.0858484 -0.543096 -0.00494155 -1.25301 2.09911 -0.00767853
25.405 -0.0421225 0.0103256 0.0180606 -0.0682917 0.0633549 0.014226 -0.210913 -0.0355922 0.0126808 -0.619771 1.11647 0.000514421
25.455 -0.0400947 0.0120258 0.00456827 -0.045346 0.010448 0.00362257 -0.467984 0.442539 0.00597378 0.1144 -0.129402 -0.00335475
25.505 -0.0404184 0.0110542 -0.0177647 -0.0175125 -0.0438497 -0.0178748 -0.668399 0.839828 -0.0157968 0.791311 -1.35341 -0.0115674
25.555 0.015165 0.0106988 -0.00892052 0.0621338 -0.0860183 -0.00764804 -0.724831 1.10551 -0.0118197 1.30339 -2.23028 -0.00513746
25.605 0.0386619 0.00805501 0.0164289 0.103648 -0.10969 0.0172703 -0.726243 1.18712 0.00844239 1.55487 -2.54267 0.0087629
25.655 0.0152511 0.00429075 0.00959193 0.0781543 -0.107122 0.0104097 -0.646871 1.07582 0.00478064 1.4729 -2.19893 0.0093542
25.705 0.0153029 -0.000723611 -0.0153218 0.0712122 -0.0795678 -0.0144637 -0.495496 0.794366 -0.0137677 1.12664 -1.27612 0.00102545
25.755 0.0424221 -0.00589487 -0.0108484 0.0815741 -0.0321716 -0.0101754 -0.256039 0.388881 -0.00868218 0.600125 0.0162192 0.00317572
25.805 0.0672278 -0.00901965 0.0138715 0.083594 0.0264267 0.0141311 0.119384 -0.0727827 0.0125093 -0.00285754 1.36933 0.011214
25.855 0.0461496 -0.0110384 0.0106123 0.0396221 0.0822865 0.0103227 0.397653 -0.537137 0.0107558 -0.670099 2.45696 0.00591705
25.905 0.00340954 -0.0131795 -0.0144423 -0.0230395 0.118808 -0.0158957 0.574487 -0.90859 -0.0079 -1.03232 3.02266 -0.00796186
25.955 -0.0330609 -0.0175065 -0.011034 -0.0678467 0.133986 -0.0110222 0.718754 -1.12959 -0.00517228 -1.10594 2.90833 -0.00965089
26.005 -0.0534954 -0.0145209 0.0136296 -0.0910396 0.123252 0.0131727 0.698015 -1.17487 0.014713 -0.840186 2.13724 -0.00066342
26.055 0.0214191 -0.00915078 0.0123929 -0.0045064 0.088474 0.0125435 0.698174 -1.03007 0.0133948 -0.316632 0.881514 -0.000368102
26.105 0.00346235 -0.00332771 -0.0132734 -0.00542322 0.0340354 -0.0143236 0.550119 -0.70833 -0.0070395 0.188668 -0.57555 -0.00873537
26.155 0.022453 0.00250111 -0.0183649 0.037993 -0.0260644 -0.0224376 0.362126 -0.27728 -0.00832948 0.653081 -1.89757 -0.00601301
26.205 0.0156217 0.00811528 0.0117753 0.0392209 -0.0842235 0.0101325 0.157306 0.214318 0.00954255 0.967131 -2.79112 0.00737973
26.255 -0.0346198 0.0100025 0.0128205 -0.00367062 -0.12469 0.0131105 -0.141054 0.70511 0.00855533 1.03457 -3.07037 0.00977898
26.305 -0.0527086 0.0106566 -0.0095892 -0.0124954 -0.139512 -0.00832896 -0.321803 1.10759 -0.0115362 0.761758 -2.65339 8.63734e-06
26.355 -0.0352771 0.0101629 -0.0130412 -0.00461227 -0.126797 -0.0116922 -0.528467 1.35044 -0.0138947 0.301451 -1.6654 -0.00223777
26.405 -0.0069565 0.00555128 0.0095888 0.00491916 -0.0917994 0.00996997 -0.529604 1.40598 0.00472955 -0.295644 -0.341284 0.0062881
26.455 0.0162166 0.000151303 0.0133508 0.00970389 -0.0399278 0.0131193 -0.493267 1.26842 0.00788722 -0.967909 1.00333 0.00558339
26.505 0.0225673 -0.00349967 -0.00911602 -0.0111894 0.0199978 -0.00965216 -0.297509 0.944771 -0.0103837 -1.43212 2.03916 -0.0065482
26.555 -0.00618527 -0.00636219 -0.0136713 -0.0567813 0.0709242 -0.0147915 -0.193784 0.496052 -0.0135588 -1.62293 2.53485 -0.00956113
26.605 0.0331017 -0.00972987 0.00887222 -0.0295806 0.103258 0.00777371 0.00438339 -0.0301514 0.00612249 -1.41385 2.37474 0.00034442
26.655 0.00659731 -0.011735 0.0148278 -0.0562257 0.110235 0.0138543 0.164021 -0.548577 0.0123916 -0.894961 1.61513 0.00439574
26.705 0.0341539 -4.0641e-05 -0.00311347 -0.00847242 0.098084 0.00046866 0.35143 -0.995912 -0.00418053 -0.304258 0.449332 -0.00336391
26.755 0.0532916 -0.00306262 -0.0113855 0.0121231 0.0620891 -0.012455 0.531958 -1.30078 -0.0093572 0.501906 -0.825685 -0.00516228
26.805 0.0416433 0.00148556 0.00646605 0.0397852 0.00752326 0.00583281 0.520919 -1.41716 0.00827182 1.1064 -1.88997 0.00511496
26.855 0.0121563 0.00231434 0.0129694 0.0333694 -0.046236 0.0135562 0.503704 -1.34598 0.0153069 1.49975 -2.4783 0.00833832
26.905 -0.0156457 0.00424118 -0.0101242 0.0144485 -0.0916095 -0.0040555 0.340186 -1.06328 -0.00306293 1.61935 -2.43455 -0.00158925
26.955 -0.033855 0.00757507 -0.0174862 0.0245072 -0.109198 -0.0160202 0.0562572 -0.654248 -0.0118581 1.33094 -1.75883 -0.00737119
27.005 -0.0299493 0.0109784 0.00527247 0.0333282 -0.101454 0.00558409 -0.183987 -0.165261 0.00365414 0.834067 -0.595197 0.000121308
27.055 -0.0534099 0.0136626 0.0158425 -0.000341789 -0.0697978 0.0157702 -0.425632 0.329331 0.0108187 0.153383 0.777731 0.00390896
27.105 -0.0425835 0.014521 -0.00386564 -0.00472148 -0.0192717 -0.00457548 -0.655793 0.756674 -0.00564106 -0.470049 2.02348 -0.00411515
27.155 -0.0525142 0.0138367 -0.0152121 -0.0363756 0.0386351 -0.0165904 -0.720612 1.05851 -0.0148952 -0.905103 2.85751 -0.00744536
27.205 -0.0324083 -0.00675371 0.00232071 -0.0415711 0.0822016 0.00178755 -0.821506 1.18561 -1.31916e-06 -1.12266 3.03867 0.00234916
27.255 -0.0207053 -0.008185 0.0141455 -0.0432328 0.111896 0.012093 -0.676964 1.12497 0.00967008 -0.933437 2.55287 0.00910737
27.305 -0.00791251 -0.0120016 -0.00259611 -0.0411209 0.122974 -0.00439151 -0.550563 0.87372 -0.00389001 -0.580977 1.48913 0.00230835
27.355 -0.017516 -0.0168525 -0.015037 -0.0522156 0.108308 -0.0160364 -0.276709 0.493714 -0.0134876 -0.0511654 0.0803117 -0.00308366
27.405 -0.0145905 -0.0206823 0.00198863 -0.0983917 0.0918766 0.00614718 0.00400421 0.0402141 0.00193515 0.490664 -1.34457 0.00327152
27.455 -0.0254675 -0.00222909 0.0113569 -0.0233612 0.0386633 0.00831776 0.283815 -0.436237 0.014318 0.89108 -2.46742 0.00756739
27.505 -0.00462605 0.0155094 -0.00346113 -0.000972359 -0.0179109 -0.00237361 0.53118 -0.822468 0.00282681 1.08561 -3.02275 -0.00124868
27.555 0.00378505 0.00616544 -0.014964 0.0267836 -0.0752743 -0.0142003 0.676486 -1.0848 -0.00907651 0.880302 -2.92047 -0.00891479
27.605 0.0275644 -0.000292094 0.00115647 0.0574485 -0.118885 0.00159898 0.835216 -1.18931 0.00369042 0.527992 -2.16045 -0.00279913
27.655 0.0264964 -0.000359666 0.0135587 0.0555933 -0.128712 0.0146756 0.726438 -1.08784 0.0162037 -0.0650679 -0.951229 0.00417413
27.705 0.0325474 0.0037148 -5.08436e-05 0.0580315 -0.113003 0.000589169 0.657891 -0.798665 0.00407711 -0.692403 0.418331 -0.000636346
27.755 0.0154818 0.00714563 -0.0145837 0.023567 -0.0713855 -0.0145126 0.462011 -0.388335 -0.0103369 -1.24606 1.63577 -0.00519934
27.805 0.0323118 0.0109001 -0.000725549 0.0209975 -0.0164334 -0.00102857 0.251649 0.0869992 -0.000760765 -1.53355 2.39444 0.00150494
27.855 0.0467137 0.0142373 0.0152111 0.0154218 0.0410986 0.0147453 -0.017589 0.597688 0.0109736 -1.47485 2.5246 0.00868389
27.905 0.0254946 0.0168522 0.00205239 -0.0214608 0.0889336 0.00164859 -0.262341 1.02035 -0.000479378 -1.17717 2.01675 0.00267534
27.955 0.0287489 0.0174483 -0.0146012 -0.025853 0.115979 -0.0147946 -0.435344 1.30446 -0.0148811 -0.580114 1.0031 -0.00605695
28.005 0.0254515 0.0161347 -0.00294632 -0.0268125 0.117046 -0.00281355 -0.54609 1.41615 -0.00583284 0.148404 -0.266679 -0.0031068
28.055 0.0214659 0.0145961 0.0137824 -0.0185261 0.093804 0.0142492 -0.581124 1.32184 0.00792905 0.819453 -1.46472 0.00254971
28.105 0.0317909 0.0117863 0.00296135 0.0118895 0.0506612 0.00367764 -0.421668 1.03452 -0.000351156 1.35592 -2.28113 -0.00303887
28.155 0.049952 0.00135582 -0.0138895 0.0528082 -0.00422437 -0.0133848 -0.267517 0.604557 -0.0135604 1.58138 -2.52618 -0.0100407
28.205 0.0375669 -0.0168839 -0.00493521 0.0694334 -0.0720097 -0.00357787 -0.0716497 0.0983638 -0.00438513 1.47093 -2.11907 -0.00380651
28.255 0.0291175 -0.0367616 0.0138154 0.070407 -0.125648 0.0136415 0.193823 -0.43014 0.0113781 1.09236 -1.14655 0.00651708
28.305 0.0137155 -0.0368117 0.00541446 0.0678951 -0.140594 0.00590522 0.347064 -0.903616 0.00524541 0.465176 0.160611 0.00523007
28.355 -0.0450758 -0.0157059 -0.0132761 0.0520773 -0.12156 -0.00447918 0.45918 -1.23883 -0.00846463 -0.164758 1.50221 -0.000561118
28.405 -0.0187631 -0.025013 -0.0029142 0.0108215 -0.0729457 0.000803229 0.494046 -1.39013 -0.00131988 -0.734048 2.53827 0.00339715
28.455 -0.0249016 -0.0202647 0.0151006 0.00376679 -0.0243285 0.0149505 0.464378 -1.37858 0.0126416 -1.02578 3.03394 0.0100585
28.505 -0.0263162 -0.0173669 0.00610343 -0.0185714 0.0329985 0.00475415 0.319959 -1.15497 0.00794539 -1.05244 2.85383 0.00411951
28.555 -0.0519312 -0.0135267 -0.0130308 -0.0664012 0.0842317 -0.0143219 0.0923822 -0.763689 -0.00814263 -0.816665 2.00541 -0.00635528
28.605 -0.0514854 -0.00910158 -0.00670171 -0.0790944 0.116112 -0.00757419 -0.126831 -0.28794 -0.00538936 -0.32299 0.720645 -0.00668552
28.655 -0.0256614 -0.00540679 0.012014 -0.0598833 0.122774 0.011542 -0.325443 0.204133 0.00824042 0.287844 -0.741403 -0.000376478
28.705 -0.0379953 -0.00256522 0.00708586 -0.0694066 0.102012 0.006915 -0.570588 0.660498 0.00371907 0.755277 -2.0271 -0.00245768
28.755 -0.0547765 -0.000467113 -0.0115339 -0.075278 0.0583686 -0.0115097 -0.69314 0.994827 -0.0121721 1.0035 -2.84395 -0.00835944
28.805 -0.0386372 -0.000582997 -0.00781636 -0.0432799 -0.000402914 -0.00768461 -0.711295 1.15136 -0.00920971 1.02157 -3.02984 -0.00330912
28.855 -0.0114781 0.00331516 0.0112775 -0.000817904 -0.0513191 0.0108965 -0.66638 1.15564 0.00627667 0.771158 -2.55117 0.00810342
28.905 0.000125104 0.0313362 0.0083338 0.0214038 -0.0869937 0.00973202 -0.53619 0.958439 0.00450229 0.232643 -1.5212 0.00922023
28.955 0.0225786 0.0403219 -0.010435 0.0507829 -0.0998942 -0.010578 -0.296378 0.607047 -0.00980359 -0.447013 -0.184126 0.00217128
29.005 0.0131548 0.0213685 -0.0120346 0.0627222 -0.120136 -0.0137788 -0.0655867 0.147947 -0.00682717 -1.06557 1.12836 0.00190489
29.055 0.0145487 0.0139744 0.010044 0.0353689 -0.0943278 0.00885285 0.148993 -0.330335 0.00966896 -1.46982 2.11022 0.00731631
29.105 0.0210685 0.0098747 0.00952549 0.0178178 -0.0486231 0.00944111 0.417614 -0.74503 0.00966303 -1.53017 2.52844 0.00321847
29.155 0.0219715 0.00872128 -0.00901717 0.00379376 0.00629253 -0.00863674 0.64031 -1.03424 -0.00455643 -1.33565 2.28854 -0.00851866
29.205 0.037342 0.00706382 -0.00949828 -0.00310645 0.0621293 -0.00909708 0.810614 -1.17701 -0.00366522 -0.831194 1.47896 -0.0112487
29.255 0.0450503 0.00842415 0.00852027 -0.00885802 0.106142 0.00881995 0.797506 -1.10633 0.011318 -0.152566 0.305794 -0.00366409
29.305 0.0397604 -0.0193335 0.00942617 -0.018921 0.117852 0.0109888 0.712604 -0.873635 0.0113467 0.544492 -0.942007 -0.00186153
29.355 -0.00848549 -0.0325822 -0.0084277 -0.0553625 0.0769145 -0.00943787 0.498396 -0.497419 -0.00446579 1.13186 -1.94463 -0.00724978
29.405 -0.0325133 -0.0277149 -0.0105383 -0.0762651 0.0511866 -0.0113781 0.180131 -0.0172777 -0.00740752 1.49328 -2.46854 -0.00433015
29.455 0.0176492 0.00341677 0.00781072 0.00818556 0.0336827 0.00809806 -0.0738511 0.494285 0.00593088 1.55173 -2.36309 0.00679438
29.505 0.00147314 0.00699767 0.0112043 0.00966601 -0.0185124 0.0107395 -0.272879 0.967668 0.00677773 1.23833 -1.62892 0.0102507
29.555 0.00258553 0.0096611 -0.00686939 0.041128 -0.0670944 -0.00731445 -0.450459 1.23706 -0.00861394 0.711604 -0.450416 0.00307168
29.605 -0.00238727 0.00948225 -0.0108297 0.0548949 -0.0987453 -0.0102951 -0.501301 1.38844 -0.0120477 0.114153 0.927445 0.000200675
29.655 -0.0338326 0.015401 0.0100955 0.0216476 -0.0992046 0.0127646 -0.523435 1.34462 0.00159476 -0.47808 2.1057 0.0052886
29.705 -0.0346666 0.0162488 0.0139287 0.0324459 -0.0855171 0.0131877 -0.422863 1.10386 0.00588487 -0.846215 2.86863 0.00458328
29.755 -0.0403511 0.0112612 -0.00578349 0.00462039 -0.0441772 -0.00640784 -0.31876 0.720734 -0.00756777 -1.04294 2.98569 -0.00484784
29.805 -0.0486547 0.007662 -0.0122538 -0.0208715 0.00815719 -0.0122789 -0.0919704 0.233203 -0.0100398 -0.93165 2.42576 -0.00865903
29.855 -0.0458513 0.00318011 0.00452104 -0.0410176 0.0635897 0.00448315 0.121521 -0.302972 0.00410287 -0.556415 1.34524 -0.000517612
29.905 0.00171723 -0.0407175 0.0114445 -0.0211594 0.0800678 0.00976415 0.312107 -0.827701 0.00981792 -0.0191848 -0.0563112 0.00334805
29.955 0.0145527 -0.0449013 -0.00439248 -0.0236284 0.0978786 -0.00507007 0.469527 -1.16938 -0.00238048 0.513138 -1.46596 -0.00182669
30.005 0.0102736 -0.0420093 -0.0113092 -0.0244097 0.0959458 -0.01226 0.534213 -1.37944 -0.00686507 0.891513 -2.53526 -0.00277728
30.055 0.0228608 -0.0402967 0.0042799 -0.0156581 0.07467 0.00314083 0.542125 -1.39992 0.00579406 1.06081 -3.0363 0.00525249
30.105 0.0399604 -0.0231961 0.00616449 0.0369947 0.0599422 0.00140348 0.375693 -1.21204 0.0117587 0.891864 -2.85753 0.00796805
30.155 0.036707 -0.0134829 -0.00335176 0.0307706 -0.010268 -0.00683906 0.230077 -0.869702 -0.000780222 0.483491 -2.04753 0.000205412
30.205 0.0384867 -0.00703873 -0.0105647 0.04534 -0.0704119 -0.0114582 -0.00832149 -0.416002 -0.00933161 -0.143431 -0.788493 -0.00562714
30.255 0.0226098 -0.00355826 0.00421267 0.048378 -0.113249 0.00471733 -0.268873 0.0744734 0.00131795 -0.771838 0.562015 -0.00141091
30.305 0.0279581 0.0156113 0.0123518 0.0557468 -0.138107 0.0140216 -0.513408 0.567922 0.00857963 -1.27527 1.72771 0.000909244
30.355 0.0353826 0.0156247 -0.00257566 0.0639409 -0.121945 -0.00154862 -0.680788 0.959033 -0.00340606 -1.52052 2.40846 -0.00512271
30.405 0.0289692 0.0194198 -0.0120046 0.0463388 -0.0969924 -0.0110967 -0.778068 1.16619 -0.0118874 -1.48803 2.46678 -0.00822398
30.455 0.0374126 0.0452181 0.00109976 0.0449737 -0.0406845 0.00125142 -0.724369 1.17991 -0.00137267 -1.10368 1.92561 -0.000788386
30.505 0.0444137 0.0318854 0.0112311 0.0213292 0.0265008 0.011502 -0.584862 1.00069 0.00726191 -0.508469 0.879179 0.00554932
30.555 0.0288645 0.0407292 -0.000268549 -0.0221517 0.0871481 -0.0018065 -0.393404 0.68941 -0.00218235 0.224883 -0.367901 0.00179154
30.605 0.00310216 0.0366602 -0.0112566 -0.0550526 0.123636 -0.0114168 -0.161321 0.248339 -0.00980277 0.885548 -1.56652 -0.00167153
30.655 0.00234075 0.0308315 0.000369031 -0.0500892 0.141162 -0.000131915 0.115645 -0.18386 0.00126362 1.37827 -2.33682 0.00331246
30.705 -0.00971256 0.018919 0.0117548 -0.0731434 0.119107 0.010055 0.394985 -0.629703 0.0116302 1.57963 -2.51606 0.00694643
30.755 -0.0256943 0.00985045 0.000506373 -0.0608135 0.0850502 -0.000320133 0.563143 -0.980433 0.00330308 1.43807 -2.02982 0.000551852
30.805 -0.0283513 0.00463072 -0.011181 -0.0393103 0.0374438 -0.0114426 0.717531 -1.15946 -0.00596447 1.00223 -1.00294 -0.00592896
30.855 -0.0162239 0.00344127 -0.000603393 -0.00478042 -0.0155244 -0.000344453 0.775648 -1.14469 0.00295488 0.413586 0.313349 -0.00229299
30.905 -0.0232377 0.00504027 0.0112475 0.0117743 -0.0592838 0.0119946 0.687416 -0.943589 0.0125709 -0.231693 1.63099 0.00331952
30.955 -0.0162268 0.00488797 0.0010307 0.0349959 -0.0885702 0.00212485 0.516465 -0.606534 0.00353223 -0.747533 2.59704 2.96495e-05
31.005 -0.0289039 0.00641321 -0.0114571 0.029594 -0.0934977 -0.0103033 0.304253 -0.129708 -0.00783627 -1.03829 3.01809 -0.00419101
31.055 -0.0368715 0.00917406 -0.0020953 0.0189053 -0.0726092 -0.00121024 0.0193475 0.367542 -0.00160819 -1.04141 2.75753 0.00118866
31.105 -0.036273 0.00110764 0.0110191 0.0142438 -0.0280683 0.0115788 -0.191379 0.807226 0.00763712 -0.732597 1.88182 0.0074836
31.155 -0.0375146 0.0109418 0.00268665 -0.0136073 0.0154846 0.0022188 -0.38225 1.15761 -0.00040334 -0.273857 0.581345 0.00336754
31.205 -0.000612413 -0.0348116 -0.0119291 -0.0103024 0.0720745 -0.0181442 -0.454943 1.36646 -0.0119152 0.321208 -0.872062 -0.0034768
31.255 -0.0341412 -0.0100838 -0.00152382 -0.0428745 0.0757611 -0.00307848 -0.529723 1.38234 -0.00567549 0.760841 -2.12531 -0.00179549
31.305 -0.0356981 -0.0191693 0.0118599 -0.0599175 0.105414 0.01083 -0.47902 1.20847 0.00502168 0.998642 -2.89621 0.00235473
31.355 -0.0420268 -0.0205161 0.00391788 -0.0717057 0.10083 0.00255123 -0.329664 0.847906 0.00020824 0.995477 -3.01811 -0.00160724
31.405 -0.0124845 -0.028386 -0.0103288 -0.0292213 0.0558973 -0.0128143 -0.155361 0.384367 -0.00979134 0.692228 -2.43423 -0.00763632
31.455 -0.00466238 -0.0360764 -0.00380401 -0.0192144 0.0091487 -0.00424049 0.0933628 -0.202642 -0.00356537 0.1628 -1.37103 -0.00383567
31.505 0.003644 -0.0409157 0.0100995 0.00577997 -0.0509108 0.0109984 0.300562 -0.68445 0.00836122 -0.494663 -0.0126594 0.00416379
31.555 0.015219 -0.0267725 0.00241056 0.0532432 -0.0717546 0.00494511 0.462893 -1.08023 0.00490943 -1.09933 1.22736 0.00325979
31.605 0.0219072 -0.0214234 -0.0109305 0.0477241 -0.125653 -0.00900691 0.510483 -1.35186 -0.0055954 -1.46665 2.15513 -0.00163984
31.655 0.034443 -0.0208786 -0.00504497 0.0549861 -0.148938 -0.00319207 0.49591 -1.411 -0.00158514 -1.53466 2.5117 0.000895338
31.705 0.0306116 -0.0225324 0.00948289 0.0534303 -0.138983 0.0110012 0.391872 -1.29731 0.00983887 -1.26856 2.21085 0.00612321
31.755 0.0431546 -0.0179442 0.00558388 0.0506148 -0.106626 0.0063798 0.267718 -0.971544 0.00620104 -0.7649 1.38196 0.00214993
31.805 0.0544194 -0.0147461 -0.00886323 0.0446188 -0.0568376 -0.00890315 0.0549474 -0.553505 -0.00623453 -0.0913911 0.170047 -0.00639495
31.855 0.0585267 -0.00804234 -0.00535016 0.0322143 0.00659209 -0.00631234 -0.171599 -0.0130593 -0.00472402 0.626483 -1.06616 -0.00664521
31.905 0.0359701 0.0243287 0.00879695 -0.0159562 0.102594 0.00695622 -0.444822 0.47877 0.006013 1.16273 -2.03683 -0.00121071
31.955 0.0248998 0.0457869 0.00701112 -0.0184344 0.11855 0.00601132 -0.643194 0.865449 0.00312371 1.53131 -2.49162 -0.00153684
32.005 0.0086896 0.00614316 -0.00783234 -0.0472282 0.108622 -0.00927645 -0.802608 1.11316 -0.00925199 1.54957 -2.28555 -0.00541709
32.055 0.0279489 -0.000578826 -0.00605299 -0.0171012 0.0806477 -0.00596286 -0.793653 1.15678 -0.0077903 1.21866 -1.50438 -0.00148525
32.105 0.015267 0.025151 0.00788809 -0.0128366 0.0875547 0.0072313 -0.672203 1.0781 0.00428298 0.653918 -0.289118 0.00793135
32.155 -0.0258003 0.0470396 0.0068664 -0.0196736 0.0350181 0.0072954 -0.474064 0.764282 0.00397021 -0.00163188 1.04075 0.00978982
32.205 -0.0229724 0.0320839 -0.00808334 -0.0164941 -0.0106537 -0.00698685 -0.245067 0.400662 -0.00660811 -0.532952 2.18778 0.0040293
32.255 -0.0249973 0.0285762 -0.00762831 0.0227958 -0.0560587 -0.00642802 0.0395609 -0.0903226 -0.00524918 -0.886175 2.89329 0.00276513
32.305 -0.0146018 0.0243202 0.0068362 0.035686 -0.0797507 0.00767174 0.325983 -0.541281 0.00744894 -1.01923 2.97767 0.00608305
32.355 -0.0189528 0.0191717 0.00743216 0.0378828 -0.0783322 0.00770028 0.557218 -0.906238 0.00859084 -0.873412 2.36674 0.00247469
32.405 -0.0311526 0.0148296 -0.00642298 0.0196674 -0.0536721 -0.00678996 0.687191 -1.12321 -0.00211284 -0.501016 1.18718 -0.00726611
32.455 -0.0246466 0.0118801 -0.00752093 0.0115197 -0.00900837 -0.00846069 0.770643 -1.14108 -0.00268152 0.0240588 -0.2315 -0.00974488
32.505 -0.0355154 0.00986802 0.00636781 -0.0182009 0.0447554 0.00505004 0.696528 -1.00303 0.00832283 0.54373 -1.62009 -0.00421636
32.555 -0.0288788 -0.00485601 0.00846714 -0.0329122 0.07608 0.00718207 0.543132 -0.697087 0.00894885 0.919733 -2.6032 -0.00206735
32.605 -0.0349843 -0.0411931 -0.00739776 -0.0458729 0.0762664 -0.00924612 0.381636 -0.287413 -0.00315402 1.03534 -3.02551 -0.00492327
32.655 -0.0312782 -0.046569 -0.0106205 -0.0651865 0.104028 -0.0115619 0.121866 0.229728 -0.00596712 0.824006 -2.77616 -0.00236765
32.705 0.0268059 -0.0173903 0.00342011 0.005139 0.100775 0.00330488 -0.0670454 0.70797 0.00339825 0.432306 -1.90711 0.00605348
32.755 -0.00739756 0.00206254 0.00765635 -0.0321492 0.0888041 0.00795022 -0.280152 1.14506 0.00412889 -0.193588 -0.656232 0.00921851
32.805 -0.0198406 -0.0159633 -0.00385243 -0.0297355 0.0256519 -0.000641765 -0.408811 1.36066 -0.00723327 -0.821111 0.687096 0.00319151
32.855 -0.0135892 -0.0207983 -0.0100989 -0.000796627 -0.0575912 -0.00942522 -0.534721 1.41658 -0.0102422 -1.29822 1.82872 -0.000533671
32.905 -0.0197093 -0.0206184 0.00390006 0.00122563 -0.108433 0.00406667 -0.538037 1.22788 0.000820439 -1.52835 2.42949 0.00273551
32.955 0.020846 -0.0127858 0.00546769 0.0570795 -0.135683 0.00821333 -0.378461 0.92683 0.00436982 -1.42017 2.4466 0.00152279
33.005 0.0290888 -0.0109595 -0.0052742 0.0541574 -0.153681 -0.00402132 -0.203432 0.4792 -0.00510317 -1.05957 1.79037 -0.0060922
33.055 0.0266373 -0.0148372 -0.00900482 0.0536176 -0.139626 -0.0087781 0.0608343 -0.0462967 -0.00825505 -0.421057 0.699038 -0.00931585
33.105 0.017277 -0.01747 0.0039757 0.026008 -0.105324 0.00387903 0.215188 -0.57744 0.00253872 0.281083 -0.533659 -0.00294781
33.155 0.0150714 -0.0204726 0.00937205 0.00453517 -0.0541426 0.00912655 0.374721 -1.04039 0.00828161 0.986585 -1.66754 0.00170827
33.205 0.0331393 0.0076858 -0.00264198 -0.00597418 0.00638661 -0.00288258 0.50679 -1.30177 -0.000223347 1.41027 -2.33039 -0.00050644
33.255 0.0272871 -0.0029419 -0.00893056 -0.0171571 0.0761888 -0.00944719 0.52471 -1.43309 -0.0048228 1.5729 -2.44224 -0.000524698
33.305 0.0361307 -0.0034465 0.00201453 -0.0212756 0.104785 0.00177151 0.449642 -1.29499 0.00432424 1.40363 -1.9227 0.00568351
33.355 0.00622717 0.0236007 0.00888199 -0.0280115 0.127459 0.0102567 0.285555 -1.044 0.00910203 0.934634 -0.879259 0.00853143
33.405 -0.0156805 0.0170153 -0.00206569 -0.078919 0.114473 -0.00225577 0.0685301 -0.641779 -0.000517491 0.312768 0.457745 0.0021669
33.455 -0.0205444 -0.000191602 -0.00710548 -0.045437 0.0453135 -0.00532787 -0.164189 -0.143603 -0.00719126 -0.292806 1.73307 -0.00332027
33.505 0.029724 -0.0327376 0.00417805 0.0265119 -0.0164463 0.0038703 -0.407639 0.339085 0.000560775 -0.75443 2.65094 -0.00106985
33.555 0.0149105 0.024142 0.0098942 0.0337463 -0.0331618 0.00942925 -0.616621 0.752883 0.00572704 -1.01888 3.01012 0.000418599
33.605 0.00800868 0.0236624 -0.000813272 0.0484011 -0.0653097 -0.000801733 -0.746072 1.06982 -0.00272976 -1.00674 2.67509 -0.00469959
33.655 -0.0092713 0.0292815 -0.00864806 0.0422314 -0.0828146 -0.00864197 -0.740036 1.21661 -0.00965339 -0.680448 1.73614 -0.00701433
33.705 -0.00399887 0.0306031 0.000562527 0.0542003 -0.0779035 0.000615412 -0.725962 1.10208 -0.00207128 -0.20293 0.426046 -0.000906599
33.755 0.00754952 0.0301071 0.00893959 0.0592892 -0.0480268 0.00840311 -0.482035 0.881995 0.00527496 0.384364 -0.994989 0.00486535
33.805 -0.0061404 0.0270332 4.5625e-05 0.0321849 -0.0021316 -0.000788189 -0.282212 0.487585 -0.000983926 0.770638 -2.18014 0.00306828
33.855 0.00617611 0.0249727 -0.00915553 0.0213432 0.0514645 -0.00983301 0.00930246 0.0169821 -0.00707274 1.01212 -2.89945 0.000545738
33.905 -0.00219697 0.0172581 -0.000143383 -0.00100683 0.0996317 -0.00115091 0.297885 -0.429108 0.0010023 0.950495 -2.96227 0.00390981
33.955 -0.014872 -0.00689066 0.00231682 -0.0497412 0.0877678 0.0119816 0.49452 -0.806738 0.00942269 0.581612 -2.38254 0.00649787
34.005 -0.0186722 -0.0141696 -0.00482466 -0.050602 0.116372 -0.00442245 0.693544 -1.09386 0.00335109 0.0803984 -1.24314 0.000728402
34.055 -0.00372776 -0.0354795 -0.0100286 -0.0301082 0.0892588 -0.0112786 0.720765 -1.20112 -0.0032224 -0.5725 0.0837949 -0.00573986
34.105 0.00878045 -0.0368659 -0.000170322 -0.0164706 0.0487816 -0.000110446 0.75576 -1.08133 0.00159668 -1.10462 1.34992 -0.0034392
34.155 0.0296347 -0.00191249 0.00814663 0.024609 0.0272516 0.0108664 0.633451 -0.783157 0.00912113 -1.45759 2.22141 -0.000281152
34.205 0.0122551 0.00865718 0.00193599 0.0244863 -0.0187071 0.00347544 0.437601 -0.37583 0.00347652 -1.49248 2.49783 -0.0027442
34.255 -0.0277349 -0.0107081 -0.00775392 -0.00190834 -0.0806528 -0.00605663 0.191321 0.111081 -0.0055018 -1.22797 2.1705 -0.00530078
34.305 -0.0260413 -0.00476777 -0.00127198 -0.00341156 -0.122257 -6.37551e-05 -0.0768012 0.596241 -0.00199412 -0.723725 1.25852 -0.000493474
34.355 -0.0382688 -0.00226643 0.00847968 -0.00938145 -0.12943 0.00938294 -0.305209 1.01218 0.00504963 -0.0317014 0.0502885 0.00498552
34.405 -0.0135078 0.00102326 0.00243232 0.00771641 -0.113272 0.0030969 -0.443097 1.30143 -0.000495658 0.676249 -1.17943 0.00276962
34.455 -0.0123133 0.00531301 -0.00834309 -0.00506755 -0.0743994 -0.00796269 -0.527668 1.38276 -0.00958905 1.23396 -2.10912 -0.00171856
34.505 -0.0127708 -0.0316441 -0.0104409 -0.017145 -0.0726014 -0.002436 -0.513951 1.31403 -0.00555646 1.51676 -2.49419 -0.000333036
34.555 -0.0246793 -0.0260526 0.00287179 -0.0504401 -0.0118717 0.00368071 -0.441669 1.00024 0.00310606 1.44522 -2.24104 0.00267641
34.605 -0.0218395 -0.0290476 0.00273727 -0.0664384 0.0427167 0.00172109 -0.257823 0.599513 0.000615017 1.18153 -1.38153 -0.000386254
34.655 0.0126202 -0.00381241 -0.00716878 -0.0365399 0.0877329 -0.00779398 -0.0525449 0.0897777 -0.00816003 0.625214 -0.152681 -0.00468482
34.705 0.016249 0.00909296 -0.00268795 -0.0338256 0.101372 -0.0031738 0.17542 -0.432185 -0.00324667 0.00720376 1.18725 -0.00296475
34.755 0.0063584 -0.0033154 0.00816531 -0.0300651 0.0776901 0.00725037 0.370125 -0.907549 0.00721443 -0.565334 2.32203 0.00309694
34.805 0.000978003 -0.00658295 0.00318125 -0.0251812 0.0371739 0.00343291 0.493143 -1.24215 0.00526405 -0.941092 2.93923 0.00333856
34.855 -0.0272497 -0.00427163 -0.0079841 -0.0273446 -0.010604 -0.00722835 0.52073 -1.38998 -0.00354593 -1.04028 2.90782 -0.000265773
34.905 -0.0158333 -0.00686015 -0.00434816 0.00906844 -0.0560785 -0.00369411 0.474578 -1.37817 -0.000991419 -0.851338 2.21883 0.000975016
34.955 0.0131497 0.0150442 0.00729784 0.0580661 -0.0652345 0.00901724 0.364082 -1.11847 0.00730492 -0.40175 1.02197 0.00497642
35.005 0.0309681 0.016351 0.00300724 0.0788518 -0.0800798 0.00322384 0.153213 -0.7641 0.00456697 0.132822 -0.384163 0.00232982
35.055 0.0216501 0.0165539 -0.00765709 0.0716435 -0.0676532 -0.00747172 -0.0877208 -0.276675 -0.00431733 0.60718 -1.72071 -0.00417669
35.105 0.00836065 0.0186091 -0.00502849 0.0502229 -0.0347037 -0.00484119 -0.322074 0.220648 -0.00433694 0.908567 -2.66475 -0.00489053
35.155 0.0153689 0.0208464 0.00629353 0.042161 0.0134325 0.00612338 -0.563615 0.680522 0.0033436 0.988377 -3.0051 -0.000955977
35.205 0.0065947 0.0235518 0.00488041 0.0154586 0.0664628 0.00417772 -0.719848 1.01519 0.00201245 0.801516 -2.68162 -0.000962726
35.255 0.0295078 -0.00183419 -0.00687508 0.0157041 0.0819819 -0.00963648 -0.765968 1.1832 -0.0069022 0.308935 -1.79147 -0.00404503
35.305 0.0284965 -0.00239072 -0.00681107 0.00699722 0.112983 -0.00891847 -0.712415 1.1337 -0.00651054 -0.267033 -0.500478 -0.00122348
35.355 0.0199248 0.00154397 0.00517559 -0.00716435 0.118216 0.00361255 -0.589584 0.931676 0.00289593 -0.879524 0.823021 0.00582298
35.405 0.0025776 -0.0230807 0.00608905 -0.0061115 0.0774146 0.00585167 -0.344959 0.585558 0.00295348 -1.33087 1.88001 0.00743798
35.455 -0.0283659 -0.009721 -0.003842 -0.0601876 0.0513501 -0.00581201 -0.0457189 0.0975718 -0.0046628 -1.51929 2.44648 0.00232098
35.505 -0.0447491 -0.00135435 -0.00490985 -0.0443632 0.00249912 -0.00575988 0.180866 -0.329168 -0.00370807 -1.42295 2.37169 0.000973315
35.555 -0.0315352 0.00474644 0.00504675 -0.0234311 -0.0425902 0.0056778 0.452713 -0.733702 0.00638337 -0.950463 1.68958 0.00304209
35.605 -0.012745 0.0141954 0.00701525 0.00746793 -0.0846452 0.00764212 0.64694 -1.04781 0.00763106 -0.322733 0.6005 0.000166086
35.655 0.0204889 0.00105651 -0.00499125 0.0497916 -0.119371 -0.00293802 0.767129 -1.18114 -0.000490244 0.370845 -0.642375 -0.00718763
35.705 -0.000989748 -0.0183187 -0.00745916 0.0246411 -0.14232 -0.00568093 0.753761 -1.10732 -0.00155703 0.991971 -1.73424 -0.00932271
35.755 0.0137315 -0.0230283 0.00382435 0.0271396 -0.119117 0.00494916 0.649923 -0.873937 0.00644727 1.4091 -2.36801 -0.00464781
35.805 0.00438775 -0.0263544 0.00661275 -0.00688683 -0.0843782 0.0074703 0.465905 -0.495687 0.00716923 1.5567 -2.42428 -0.00155999
35.855 0.00820439 -0.0283662 -0.00336727 -0.0014887 -0.0281114 -0.00389966 0.241886 0.00508837 -0.00214164 1.34501 -1.83298 -0.00273276
35.905 0.000378688 -0.000380627 -0.00638094 -0.0384338 0.0407394 -0.00794055 0.0221618 0.493426 -0.00523583 0.862526 -0.733312 -0.000424728
35.955 0.00307975 0.00740401 0.00379495 -0.0456099 0.091807 0.00266215 -0.224117 0.912225 0.00189256 0.267174 0.601092 0.0069037
36.005 0.00736594 0.00787333 0.00671355 -0.0427092 0.114747 0.0055824 -0.411402 1.25106 0.00310806 -0.317016 1.86238 0.00958596
36.055 0.0144372 0.0120352 -0.00296467 -0.0312949 0.110402 -0.00373006 -0.496956 1.40818 -0.00554344 -0.773308 2.71682 0.00475286
36.105 0.00674844 0.0154097 -0.00657421 -0.0249001 0.0849769 -0.00670932 -0.520085 1.35478 -0.00848096 -1.00581 2.98687 0.00115406
36.155 -0.00885513 0.0135838 0.00234617 -0.0180762 0.0332096 0.00242871 -0.455213 1.12255 -0.000643126 -0.964714 2.59167 0.00222308
36.205 0.0077939 -0.00405632 0.00603035 0.0181383 -0.0285558 0.00756932 -0.299944 0.714185 0.00290873 -0.634985 1.60137 0.000760684
36.255 -0.0271486 0.000761662 -0.00067704 0.00994423 -0.0711582 0.000390673 -0.122108 0.217372 -0.00362677 -0.129966 0.265999 -0.00535438
36.305 -0.0265788 0.0066667 -0.00600569 0.030358 -0.0981028 -0.00307051 0.132106 -0.344642 -0.00631853 0.378399 -1.15126 -0.00772659
36.355 -0.0157875 0.0187875 0.00305226 0.0448371 -0.0766579 0.00415218 0.316759 -0.79705 0.00211619 0.790321 -2.29511 -0.00295009
36.405 -0.0208389 0.0206614 0.0064809 0.0369537 -0.0637311 0.0069692 0.439909 -1.17394 0.00694803 0.999112 -2.94051 0.00146632
36.455 -0.00742382 0.0209329 -0.00257124 0.0358973 -0.0306014 -0.00298447 0.511251 -1.38235 0.000497762 0.897642 -2.90824 0.000561743
36.505 -0.0154149 -0.00837876 -0.00850142 0.00732341 -0.00372576 -0.00876756 0.480497 -1.39156 -0.0036464 0.556842 -2.24281 0.000559154
36.555 -0.0148313 -0.0120931 0.00176032 -0.00810886 0.0503549 0.000238516 0.369338 -1.19946 0.00301429 0.00213042 -1.10401 0.0051103
36.605 -0.00683203 -0.00818193 0.00706509 -0.0191441 0.0974996 0.00546305 0.200401 -0.859365 0.00675863 -0.620372 0.249283 0.00679317
36.655 0.00253105 -0.00873104 -0.000613751 -0.0248341 0.122364 -0.00213718 -0.0593586 -0.404753 -0.000181535 -1.13185 1.4538 0.00127908
36.705 0.00424362 -0.00794669 -0.00657227 -0.0274907 0.123579 -0.00768664 -0.305925 0.124327 -0.00546885 -1.45802 2.25866 -0.00403751
36.755 -0.00639507 -0.00609603 0.00086569 -0.0357649 0.0990049 0.00043754 -0.500682 0.569772 -0.000176623 -1.4998 2.47299 -0.00347286
36.805 0.00112959 -0.0112954 0.00654253 -0.0195138 0.0403648 0.00660176 -0.674098 0.930882 0.00400963 -1.18683 2.07309 -0.00277665
36.855 0.0151595 -0.0143453 -0.00124463 0.0140256 -0.0147928 -0.000277284 -0.756452 1.14132 -0.00244067 -0.619856 1.12049 -0.00622714
36.905 0.0175602 -0.00993672 -0.00718385 0.023001 -0.0704282 -0.00583262 -0.728477 1.16306 -0.0076459 0.0640292 -0.0897404 -0.00756306
36.955 0.0151649 -0.00578756 0.000164885 0.0372637 -0.114832 0.00148985 -0.584021 0.99526 -0.00197216 0.74384 -1.28568 -0.0019288
37.005 0.0144634 0.00145506 0.00843966 0.0467722 -0.129921 0.00917737 -0.381882 0.677287 0.00412149 1.25173 -2.15099 0.00415793
37.055 0.0143637 0.00600667 -0.00136034 0.0319915 -0.131797 -0.000243391 -0.142783 0.250345 -0.000327663 1.49857 -2.46678 0.00414891
37.105 0.0133138 0.00718946 -0.00776532 0.0289155 -0.0950282 -0.00797763 0.132771 -0.219544 -0.00451846 1.47541 -2.14396 0.00271588
37.155 0.0020245 0.0215549 0.000368356 0.00185049 -0.0429648 -0.000431016 0.376243 -0.658357 0.000867002 1.12479 -1.26448 0.0056983
37.205 0.00225336 0.0149906 0.00868587 -0.0181664 0.0102777 0.00714901 0.61291 -0.97198 0.00738214 0.556864 -0.00489612 0.00706107
37.255 0.00572902 0.0148552 0.00101679 -0.0313223 0.0585187 0.000315896 0.740718 -1.14947 0.00344412 -0.0714276 1.29529 0.00211632
37.305 0.0216977 -0.00600041 -0.0063174 -0.030559 0.09046 -0.00565581 0.782568 -1.14915 -0.00179635 -0.602336 2.37757 -0.00367182
37.355 -0.00326977 -0.0150706 -0.00179959 -0.0510211 0.0904821 -0.0022522 0.700625 -0.948347 0.00200819 -0.941224 2.9316 -0.00308989
37.405 -0.00579401 -0.017096 0.00604839 -0.0560344 0.0865664 0.00588073 0.53386 -0.576657 0.00744515 -1.01511 2.83064 -0.000802284
37.455 -0.0153645 -0.0142493 0.000817284 -0.0472954 0.0644695 0.00221167 0.298215 -0.125896 0.0025493 -0.791093 2.11548 -0.00262705
37.505 0.00059904 -0.000554476 -0.00599611 -0.0122847 0.0264699 -0.00534732 0.0458272 0.387563 -0.00484357 -0.36135 0.895481 -0.00434634
37.555 0.00863022 0.00618765 -0.000997093 0.0254912 -0.00852744 -0.00162002 -0.194064 0.846728 -0.00250797 0.150188 -0.524054 -0.000456087
37.605 -0.011264 0.00419123 0.00706565 0.0237331 -0.0569545 0.00801453 -0.379284 1.18514 0.00331262 0.620226 -1.81199 0.00472748
37.655 -0.0117599 0.00810062 0.0024927 0.0337355 -0.0839891 0.00326929 -0.490586 1.37446 -0.000968253 0.929938 -2.71633 0.00415032
37.705 -0.0200304 -0.00612421 -0.00529629 0.0313571 -0.10906 -0.00588539 -0.560413 1.37568 -0.00747217 0.968362 -2.99438 8.40094e-05
37.755 -0.0232011 -0.00839651 -0.00315352 0.0239426 -0.0901709 -0.00174061 -0.47919 1.17889 -0.00464645 0.752167 -2.60902 0.000797002
37.805 -0.0237732 0.00129944 0.00409651 0.0193629 -0.0354144 0.00380384 -0.353429 0.808857 0.00205938 0.257758 -1.66597 0.00257844
37.855 -0.00345695 0.0118899 0.00236902 0.0239845 0.0142313 0.00146193 -0.141245 0.331723 0.000344914 -0.334918 -0.367216 -0.000805641
37.905 -0.00532456 0.0120039 -0.00529445 0.000184321 0.0670337 -0.00662008 0.0789385 -0.193977 -0.00570434 -0.935717 0.94405 -0.00535114
37.955 -0.00700133 0.0108006 -0.0027293 -0.0155067 0.107323 -0.0039224 0.274058 -0.694483 -0.00248693 -1.35582 1.96312 -0.00446649
38.005 -0.00402022 0.00854747 0.00533104 -0.0254198 0.126753 0.00451262 0.417171 -1.11184 0.00531561 -1.48184 2.47185 -0.000333137
38.055 -0.0018844 0.00545076 0.00285681 -0.0281817 0.122369 0.00251099 0.506314 -1.34129 0.00434116 -1.34841 2.32066 4.44432e-05
38.105 0.00373595 0.00160884 -0.00538987 -0.0200927 0.093211 -0.00531869 0.538069 -1.40352 -0.00219888 -0.892188 1.58434 -0.00213491
38.155 0.0173813 -0.0241609 -0.0021235 0.00293728 0.0223724 -0.00146137 0.417019 -1.27312 -0.000958318 -0.268156 0.469161 -0.000544759
38.205 0.0190492 -0.026213 0.00707255 0.0168199 -0.0340046 0.00760925 0.246607 -0.958513 0.00554246 0.439987 -0.77873 0.00308871
38.255 -0.00221204 -0.0166329 0.00408144 0.0107099 -0.0803337 0.00653427 0.0271444 -0.51396 0.00380457 1.04448 -1.81917 0.00227329
38.305 0.00402971 -0.00130849 -0.00500931 0.024567 -0.0994866 -0.0051542 -0.250917 -0.0124318 -0.00327164 1.43515 -2.3985 -0.00256599
38.355 0.0064303 0.00083076 -0.00407868 0.0314407 -0.11524 -0.00412838 -0.474423 0.468692 -0.00350222 1.5225 -2.36679 -0.00279077
38.405 0.009098 0.00357341 0.00446067 0.0263549 -0.110869 0.00465571 -0.640573 0.872813 0.00223503 1.2855 -1.71113 0.000381243
38.455 0.00895121 0.00634485 0.00418191 0.0146662 -0.0819318 0.00436067 -0.746443 1.10985 0.000947051 0.822189 -0.597887 0.000445886
38.505 0.0145659 -0.00766157 -0.00332043 0.00214107 -0.0490254 -0.00225548 -0.745216 1.18003 -0.00571347 0.215222 0.733794 -0.00184327
38.555 0.0139264 -0.010644 -0.00442334 -0.0113721 -0.00547509 -0.00414369 -0.644624 1.0611 -0.00521442 -0.386626 1.94617 0.000243093
38.605 -0.00386878 0.00676902 0.00358879 -0.0436565 0.0515674 0.00359177 -0.45086 0.774428 0.00185393 -0.803606 2.73649 0.00574471
38.655 -0.00603701 0.00692172 0.00405698 -0.0532616 0.0881988 0.00373651 -0.227759 0.360039 0.00304422 -1.01135 2.96151 0.00676825
38.705 -0.00911883 0.011228 -0.00393073 -0.0591118 0.104151 -0.004269 0.0665326 -0.0942555 -0.00303351 -0.921877 2.50179 0.00331234
38.755 -0.0110631 0.0125756 -0.00444179 -0.0513088 0.0913913 -0.00451269 0.339725 -0.538881 -0.00254184 -0.584157 1.47531 0.00135404
38.805 -0.010219 0.0153249 0.00501176 -0.0358846 0.0661077 0.00381121 0.553317 -0.911604 0.00485568 -0.0955555 0.116611 0.0024839
38.855 -0.0127234 0.0164957 0.00511335 -0.0162013 0.0181872 0.00502607 0.70554 -1.12509 0.00644629 0.432267 -1.28208 0.00011581
38.905 -0.00999914 0.0105105 -0.00334645 0.00579861 -0.0263494 -0.00297155 0.755804 -1.14979 0.000389517 0.825625 -2.3878 -0.00579094
38.955 0.00571858 -0.00472169 -0.0045226 0.0385858 -0.0775149 -0.0043297 0.719222 -1.00036 -0.00088699 0.992612 -2.95201 -0.00782917
39.005 0.00547208 -0.00799267 0.00291241 0.0521537 -0.0991799 0.00348586 0.568283 -0.683615 0.00481568 0.867291 -2.85471 -0.00422882
39.055 -0.00585825 -0.00946967 0.0050562 0.0420927 -0.096303 0.00564513 0.374767 -0.242953 0.00545402 0.48939 -2.12947 -0.00186648
39.105 -0.00803233 -0.00829543 -0.00253035 0.0381897 -0.0671027 -0.00244129 0.133146 0.23854 -0.00159503 -0.0607896 -0.959125 -0.00254102
39.155 -0.00896236 -0.00431518 -0.00508864 0.0250836 -0.0225759 -0.00589553 -0.122626 0.723378 -0.00443192 -0.673458 0.379847 -0.000514033
39.205 0.00225292 -0.00906114 0.00250995 0.0191696 0.024866 0.00164351 -0.334324 1.11704 0.000687769 -1.17673 1.55098 0.00487385
39.255 0.0101829 -0.00938322 0.00421135 0.0133693 0.0687575 0.00394114 -0.477643 1.35319 0.00178592 -1.46924 2.30857 0.00685857
39.305 0.0210727 -0.00988187 0.00157803 0.014152 0.101271 -0.00427737 -0.527668 1.38463 -0.00454574 -1.44836 2.45095 0.00292011
39.355 0.0277666 -0.00871526 -0.00455066 -0.00269802 0.118141 -0.00712727 -0.497628 1.2414 -0.00717874 -1.12402 1.97687 -0.000347134
39.405 0.00935607 -0.0109035 0.00157802 -0.0133404 0.0956335 0.00158937 -0.37006 0.916799 -0.000836675 -0.556114 0.992899 -1.27048e-05
39.455 0.00506398 -0.00138259 0.00491774 -0.0130792 0.0729841 0.00543147 -0.186774 0.454255 0.00215346 0.130195 -0.224908 -0.00120998
39.505 0.00431475 0.0032106 -0.00220653 -0.00395457 0.0308661 -0.00221775 0.0194486 -0.070547 -0.00303646 0.788809 -1.39024 -0.00540509
39.555 0.00207287 0.00606785 -0.00497239 0.00583024 -0.0242291 -0.00446428 0.230841 -0.585204 -0.004655 1.29716 -2.20306 -0.00703409
39.605 -0.00588284 0.00716428 0.00145997 0.0156408 -0.0754509 0.00241618 0.409835 -1.02236 0.00155885 1.50805 -2.44616 -0.00242051
39.655 -0.00185646 0.00513454 0.00515067 0.0211294 -0.111408 0.00662015 0.501606 -1.31728 0.00536439 1.42104 -2.06521 0.00212325
39.705 -0.0109543 0.00938032 -0.00129142 0.0208609 -0.123457 0.000433629 0.512092 -1.4057 0.000754991 1.05382 -1.12604 0.00234777
39.755 -0.00513077 0.00323068 -0.00540232 0.0107409 -0.109641 -0.00380012 0.444079 -1.31476 -0.00231878 0.483537 0.134763 0.00278033
39.805 -0.00481969 0.000729327 0.000623432 9.56916e-05 -0.0779592 0.00180382 0.283012 -1.04106 0.00242022 -0.128224 1.43641 0.00626832
39.855 -0.00412881 -0.00217534 0.00490975 -0.0161004 -0.0308192 0.00549039 0.0590368 -0.619605 0.00546209 -0.648383 2.44639 0.00728193
39.905 -0.0029907 -0.00383082 -0.000819054 -0.0329419 0.0214731 -0.000893153 -0.178156 -0.130866 8.1118e-05 -0.960551 2.94341 0.00236999
