$MeshFormat
2.2 0 8
$EndMeshFormat
$Nodes
1845
1 -21.195 -3.0975 -10
2 -21.195 -3.0975 0
3 -21.195 2.2625 0
4 -21.195 2.2625 -10
5 -6.195 -3.0975 -10
6 -6.195 -3.0975 0
7 -6.195 2.2625 0
8 -6.195 2.2625 -10
9 -3.515 -3.0975 -10
10 -3.515 -3.0975 0
11 -3.515 2.2625 0
12 -3.515 2.2625 -10
13 -0.835 -3.0975 -10
14 -0.835 -3.0975 0
15 -0.835 2.2625 0
16 -0.835 2.2625 -10
17 -0.335 -3.0975 -10
18 -0.335 -3.0975 0
19 -0.335 2.2625 0
20 -0.335 2.2625 -10
21 2.775557561562891e-17 -3.0975 -10
22 1.850371707708594e-17 -3.0975 0
23 2.775557561562891e-17 2.2625 0
24 2.775557561562891e-17 2.2625 -10
25 0.3350000000000001 -3.0975 -10
26 0.3350000000000001 -3.0975 0
27 0.3350000000000001 2.2625 0
28 0.335 2.2625 -10
29 0.8350000000000002 -3.0975 -10
30 0.8350000000000001 -3.0975 0
31 0.8350000000000002 2.2625 0
32 0.8350000000000001 2.2625 -10
33 3.515000000000001 -3.0975 -10
34 3.515000000000001 -3.0975 0
35 3.515000000000001 2.2625 0
36 3.515000000000001 2.2625 -10
37 6.195 -3.0975 -10
38 6.195 -3.0975 0
39 6.195 2.2625 0
40 6.195 2.2625 -10
41 21.195 -3.0975 -10
42 21.195 -3.0975 0
43 21.195 2.2625 0
44 21.195 2.2625 -10
45 -21.195 2.7625 0
46 -21.195 2.7625 -10
47 -6.195 2.7625 0
48 -6.195 2.7625 -10
49 -3.515 2.7625 0
50 -3.515 2.7625 -10
51 -0.835 2.7625 0
52 -0.835 2.7625 -10
53 -0.335 2.7625 0
54 -0.335 2.7625 -10
55 2.775557561562891e-17 2.7625 0
56 2.775557561562891e-17 2.7625 -10
57 0.3350000000000001 2.7625 0
58 0.335 2.7625 -10
59 0.8350000000000002 2.7625 0
60 0.8350000000000001 2.7625 -10
61 3.515000000000001 2.7625 0
62 3.515000000000001 2.7625 -10
63 6.195 2.7625 0
64 6.195 2.7625 -10
65 21.195 2.7625 0
66 21.195 2.7625 -10
67 -21.195 3.0975 0
68 -21.195 3.0975 -10
69 -6.195 3.0975 0
70 -6.195 3.0975 -10
71 -3.515 3.0975 0
72 -3.515 3.0975 -10
73 -0.835 3.0975 0
74 -0.835 3.0975 -10
75 -0.335 3.0975 0
76 -0.335 3.0975 -10
77 1.850371707708594e-17 3.0975 0
78 2.775557561562891e-17 3.0975 -10
79 0.3350000000000001 3.0975 0
80 0.3350000000000001 3.0975 -10
81 0.8350000000000001 3.0975 0
82 0.8350000000000002 3.0975 -10
83 3.515000000000001 3.0975 0
84 3.515000000000001 3.0975 -10
85 6.195 3.0975 0
86 6.195 3.0975 -10
87 21.195 3.0975 0
88 21.195 3.0975 -10
89 -21.195 -3.0975 -16
90 -21.195 2.2625 -16
91 -6.195 -3.0975 -16
92 -6.195 2.2625 -16
93 -3.515 -3.0975 -16
94 -3.515 2.2625 -16
95 -0.835 -3.0975 -16
96 -0.835 2.2625 -16
97 -0.335 -3.0975 -16
98 -0.335 2.2625 -16
99 2.775557561562891e-17 -3.0975 -16
100 2.775557561562891e-17 2.2625 -16
101 0.3350000000000001 -3.0975 -16
102 0.335 2.2625 -16
103 0.8350000000000002 -3.0975 -16
104 0.8350000000000001 2.2625 -16
105 3.515000000000001 -3.0975 -16
106 3.515000000000001 2.2625 -16
107 6.195 -3.0975 -16
108 6.195 2.2625 -16
109 21.195 -3.0975 -16
110 21.195 2.2625 -16
111 -21.195 2.7625 -16
112 -6.195 2.7625 -16
113 -3.515 2.7625 -16
114 -0.835 2.7625 -16
115 -0.335 2.7625 -16
116 2.775557561562891e-17 2.7625 -16
117 0.335 2.7625 -16
118 0.8350000000000001 2.7625 -16
119 3.515000000000001 2.7625 -16
120 6.195 2.7625 -16
121 21.195 2.7625 -16
122 -21.195 3.0975 -16
123 -6.195 3.0975 -16
124 -3.515 3.0975 -16
125 -0.835 3.0975 -16
126 -0.335 3.0975 -16
127 2.775557561562891e-17 3.0975 -16
128 0.3350000000000001 3.0975 -16
129 0.8350000000000002 3.0975 -16
130 3.515000000000001 3.0975 -16
131 6.195 3.0975 -16
132 21.195 3.0975 -16
133 -21.195 -3.0975 -21
134 -21.195 2.2625 -21
135 -6.195 -3.0975 -21
136 -6.195 2.2625 -21
137 -3.515 -3.0975 -21
138 -3.515 2.2625 -21
139 -0.835 -3.0975 -21
140 -0.835 2.2625 -21
141 -0.335 -3.0975 -21
142 -0.335 2.2625 -21
143 1.850371707708594e-17 -3.0975 -21
144 2.775557561562891e-17 2.2625 -21
145 0.3350000000000001 -3.0975 -21
146 0.3350000000000001 2.2625 -21
147 0.8350000000000001 -3.0975 -21
148 0.8350000000000002 2.2625 -21
149 3.515000000000001 -3.0975 -21
150 3.515000000000001 2.2625 -21
151 6.195 -3.0975 -21
152 6.195 2.2625 -21
153 21.195 -3.0975 -21
154 21.195 2.2625 -21
155 -21.195 2.7625 -21
156 -6.195 2.7625 -21
157 -3.515 2.7625 -21
158 -0.835 2.7625 -21
159 -0.335 2.7625 -21
160 2.775557561562891e-17 2.7625 -21
161 0.3350000000000001 2.7625 -21
162 0.8350000000000002 2.7625 -21
163 3.515000000000001 2.7625 -21
164 6.195 2.7625 -21
165 21.195 2.7625 -21
166 -21.195 3.0975 -21
167 -6.195 3.0975 -21
168 -3.515 3.0975 -21
169 -0.835 3.0975 -21
170 -0.335 3.0975 -21
171 1.850371707708594e-17 3.0975 -21
172 0.3350000000000001 3.0975 -21
173 0.8350000000000001 3.0975 -21
174 3.515000000000001 3.0975 -21
175 6.195 3.0975 -21
176 21.195 3.0975 -21
177 -21.195 -3.0975 -23.5
178 -21.195 2.2625 -23.5
179 -6.195 2.2625 -23.5
180 -6.195 -3.0975 -23.5
181 -3.515 2.2625 -23.5
182 -3.515 -3.0975 -23.5
183 -0.835 2.2625 -23.5
184 -0.835 -3.0975 -23.5
185 -0.335 2.2625 -23.5
186 -0.335 -3.0975 -23.5
187 2.775557561562891e-17 2.2625 -23.5
188 1.850371707708594e-17 -3.0975 -23.5
189 0.3350000000000001 2.2625 -23.5
190 0.3350000000000001 -3.0975 -23.5
191 0.8350000000000002 2.2625 -23.5
192 0.8350000000000001 -3.0975 -23.5
193 3.515000000000001 2.2625 -23.5
194 3.515000000000001 -3.0975 -23.5
195 6.195 2.2625 -23.5
196 6.195 -3.0975 -23.5
197 21.195 2.2625 -23.5
198 21.195 -3.0975 -23.5
199 -21.195 2.7625 -23.5
200 -6.195 2.7625 -23.5
201 -3.515 2.7625 -23.5
202 -0.835 2.7625 -23.5
203 -0.335 2.7625 -23.5
204 2.775557561562891e-17 2.7625 -23.5
205 0.3350000000000001 2.7625 -23.5
206 0.8350000000000002 2.7625 -23.5
207 3.515000000000001 2.7625 -23.5
208 6.195 2.7625 -23.5
209 21.195 2.7625 -23.5
210 -21.195 3.0975 -23.5
211 -6.195 3.0975 -23.5
212 -3.515 3.0975 -23.5
213 -0.835 3.0975 -23.5
214 -0.335 3.0975 -23.5
215 1.850371707708594e-17 3.0975 -23.5
216 0.3350000000000001 3.0975 -23.5
217 0.8350000000000001 3.0975 -23.5
218 3.515000000000001 3.0975 -23.5
219 6.195 3.0975 -23.5
220 21.195 3.0975 -23.5
221 -23.695 -3.0975 -10
222 -23.695 -3.0975 0
223 -23.695 2.2625 0
224 -23.695 2.2625 -10
225 -23.695 2.7625 0
226 -23.695 2.7625 -10
227 -23.695 3.0975 0
228 -23.695 3.0975 -10
229 -23.695 -3.0975 -16
230 -23.695 2.2625 -16
231 -23.695 2.7625 -16
232 -23.695 3.0975 -16
233 23.695 -3.0975 -10
234 23.695 -3.0975 0
235 23.695 2.2625 0
236 23.695 2.2625 -10
237 23.695 2.7625 0
238 23.695 2.7625 -10
239 23.695 3.0975 0
240 23.695 3.0975 -10
241 23.695 -3.0975 -16
242 23.695 2.2625 -16
243 23.695 2.7625 -16
244 23.695 3.0975 -16
245 -6.195 -5.5975 -10
246 -6.195 -5.5975 0
247 -3.515 -5.5975 -10
248 -3.515 -5.5975 0
249 -0.835 -5.5975 -10
250 -0.835 -5.5975 0
251 -0.335 -5.5975 -10
252 -0.335 -5.5975 0
253 2.775557561562891e-17 -5.5975 -10
254 1.850371707708594e-17 -5.5975 0
255 0.3350000000000001 -5.5975 -10
256 0.3350000000000001 -5.5975 0
257 0.8350000000000002 -5.5975 -10
258 0.8350000000000001 -5.5975 0
259 3.515000000000001 -5.5975 -10
260 3.515000000000001 -5.5975 0
261 6.195 -5.5975 -10
262 6.195 -5.5975 0
263 -6.195 -5.5975 -16
264 -3.515 -5.5975 -16
265 -0.835 -5.5975 -16
266 -0.335 -5.5975 -16
267 2.775557561562891e-17 -5.5975 -16
268 0.3350000000000001 -5.5975 -16
269 0.8350000000000002 -5.5975 -16
270 3.515000000000001 -5.5975 -16
271 6.195 -5.5975 -16
272 -23.695 -3.0975 -21
273 -23.695 2.2625 -21
274 -23.695 2.7625 -21
275 -23.695 3.0975 -21
276 23.695 -3.0975 -21
277 23.695 2.2625 -21
278 23.695 2.7625 -21
279 23.695 3.0975 -21
280 -21.195 -5.5975 -10
281 -21.195 -5.5975 0
282 21.195 -5.5975 -10
283 21.195 -5.5975 0
284 -21.195 -5.5975 -16
285 21.195 -5.5975 -16
286 -21.195 -5.5975 -21
287 -6.195 -5.5975 -21
288 -3.515 -5.5975 -21
289 -0.835 -5.5975 -21
290 -0.335 -5.5975 -21
291 1.850371707708594e-17 -5.5975 -21
292 0.3350000000000001 -5.5975 -21
293 0.8350000000000001 -5.5975 -21
294 3.515000000000001 -5.5975 -21
295 6.195 -5.5975 -21
296 21.195 -5.5975 -21
297 -23.695 -3.0975 -23.5
298 -23.695 2.2625 -23.5
299 -23.695 2.7625 -23.5
300 -23.695 3.0975 -23.5
301 23.695 -3.0975 -23.5
302 23.695 2.2625 -23.5
303 23.695 2.7625 -23.5
304 23.695 3.0975 -23.5
305 -21.195 -5.5975 -23.5
306 -6.195 -5.5975 -23.5
307 -3.515 -5.5975 -23.5
308 -0.835 -5.5975 -23.5
309 -0.335 -5.5975 -23.5
310 1.850371707708594e-17 -5.5975 -23.5
311 0.3350000000000001 -5.5975 -23.5
312 0.8350000000000001 -5.5975 -23.5
313 3.515000000000001 -5.5975 -23.5
314 6.195 -5.5975 -23.5
315 21.195 -5.5975 -23.5
316 -23.695 -5.5975 -10
317 -23.695 -5.5975 0
318 -23.695 -5.5975 -16
319 -23.695 -5.5975 -21
320 23.695 -5.5975 -10
321 23.695 -5.5975 0
322 23.695 -5.5975 -16
323 23.695 -5.5975 -21
324 -23.695 -5.5975 -23.5
325 23.695 -5.5975 -23.5
326 0 3.0975 -17
327 0 3.0975 0
328 0 3.0975 3.8
329 -21.195 -3.0975 -8
330 -21.195 -3.0975 -6
331 -21.195 -3.0975 -3.999999999999999
332 -21.195 -3.0975 -2
333 -21.195 -0.4175000000000026 0
334 -21.195 2.2625 -8
335 -21.195 2.2625 -6
336 -21.195 2.2625 -3.999999999999999
337 -21.195 2.2625 -2
338 -21.195 -0.4175000000000026 -10
339 -6.195 -3.0975 -8
340 -6.195 -3.0975 -6
341 -6.195 -3.0975 -3.999999999999999
342 -6.195 -3.0975 -2
343 -6.195 -0.4175000000000026 0
344 -6.195 2.2625 -8
345 -6.195 2.2625 -6
346 -6.195 2.2625 -3.999999999999999
347 -6.195 2.2625 -2
348 -6.195 -0.4175000000000026 -10
349 -16.195 -3.0975 -10
350 -11.195 -3.0975 -10
351 -16.195 -3.0975 0
352 -11.195 -3.0975 0
353 -16.195 2.2625 -10
354 -11.195 2.2625 -10
355 -16.195 2.2625 0
356 -11.195 2.2625 0
357 -3.515 -3.0975 -8
358 -3.515 -3.0975 -6
359 -3.515 -3.0975 -3.999999999999999
360 -3.515 -3.0975 -2
361 -3.515 -0.4175000000000026 0
362 -3.515 2.2625 -8
363 -3.515 2.2625 -6
364 -3.515 2.2625 -3.999999999999999
365 -3.515 2.2625 -2
366 -3.515 -0.4175000000000026 -10
367 -0.835 -3.0975 -8
368 -0.835 -3.0975 -6
369 -0.835 -3.0975 -3.999999999999999
370 -0.835 -3.0975 -2
371 -0.835 -0.4175000000000026 0
372 -0.835 2.2625 -8
373 -0.835 2.2625 -6
374 -0.835 2.2625 -3.999999999999999
375 -0.835 2.2625 -2
376 -0.835 -0.4175000000000026 -10
377 -2.175000000000002 -3.0975 -10
378 -2.175000000000002 -3.0975 0
379 -2.175000000000002 2.2625 -10
380 -2.175000000000002 2.2625 0
381 -0.335 -3.0975 -8
382 -0.335 -3.0975 -6
383 -0.335 -3.0975 -3.999999999999999
384 -0.335 -3.0975 -2
385 -0.335 -0.4175000000000026 0
386 -0.335 2.2625 -8
387 -0.335 2.2625 -6
388 -0.335 2.2625 -3.999999999999999
389 -0.335 2.2625 -2
390 -0.335 -0.4175000000000026 -10
391 0 -3.0975 -8
392 0 -3.0975 -6
393 0 -3.0975 -3.999999999999999
394 0 -3.0975 -2
395 0 -0.4175000000000026 0
396 0 2.2625 -8
397 0 2.2625 -6
398 0 2.2625 -3.999999999999999
399 0 2.2625 -2
400 0 -0.4175000000000026 -10
401 0.3350000000000001 -3.0975 -8
402 0.3350000000000001 -3.0975 -6
403 0.3350000000000001 -3.0975 -3.999999999999999
404 0.3350000000000001 -3.0975 -2
405 0.3350000000000001 -0.4175000000000026 0
406 0.3350000000000001 2.2625 -8
407 0.3350000000000001 2.2625 -6
408 0.3350000000000001 2.2625 -3.999999999999999
409 0.3350000000000001 2.2625 -2
410 0.3350000000000001 -0.4175000000000026 -10
411 0.8350000000000001 -3.0975 -8
412 0.8350000000000001 -3.0975 -6
413 0.8350000000000001 -3.0975 -3.999999999999999
414 0.8350000000000001 -3.0975 -2
415 0.8350000000000001 -0.4175000000000026 0
416 0.8350000000000001 2.2625 -8
417 0.8350000000000001 2.2625 -6
418 0.8350000000000001 2.2625 -3.999999999999999
419 0.8350000000000001 2.2625 -2
420 0.8350000000000001 -0.4175000000000026 -10
421 3.515000000000001 -3.0975 -8
422 3.515000000000001 -3.0975 -6
423 3.515000000000001 -3.0975 -3.999999999999999
424 3.515000000000001 -3.0975 -2
425 3.515000000000001 -0.4175000000000026 0
426 3.515000000000001 2.2625 -8
427 3.515000000000001 2.2625 -6
428 3.515000000000001 2.2625 -3.999999999999999
429 3.515000000000001 2.2625 -2
430 3.515000000000001 -0.4175000000000026 -10
431 2.174999999999999 -3.0975 -10
432 2.174999999999999 -3.0975 0
433 2.174999999999999 2.2625 -10
434 2.174999999999999 2.2625 0
435 6.195000000000001 -3.0975 -8
436 6.195000000000001 -3.0975 -6
437 6.195000000000001 -3.0975 -3.999999999999999
438 6.195000000000001 -3.0975 -2
439 6.195000000000001 -0.4175000000000026 0
440 6.195000000000001 2.2625 -8
441 6.195000000000001 2.2625 -6
442 6.195000000000001 2.2625 -3.999999999999999
443 6.195000000000001 2.2625 -2
444 6.195000000000001 -0.4175000000000026 -10
445 21.195 -3.0975 -8
446 21.195 -3.0975 -6
447 21.195 -3.0975 -3.999999999999999
448 21.195 -3.0975 -2
449 21.195 -0.4175000000000026 0
450 21.195 2.2625 -8
451 21.195 2.2625 -6
452 21.195 2.2625 -3.999999999999999
453 21.195 2.2625 -2
454 21.195 -0.4175000000000026 -10
455 11.195 -3.0975 -10
456 16.195 -3.0975 -10
457 11.195 -3.0975 0
458 16.195 -3.0975 0
459 11.195 2.2625 -10
460 16.195 2.2625 -10
461 11.195 2.2625 0
462 16.195 2.2625 0
463 -21.195 2.7625 -8
464 -21.195 2.7625 -6
465 -21.195 2.7625 -3.999999999999999
466 -21.195 2.7625 -2
467 -6.195 2.7625 -8
468 -6.195 2.7625 -6
469 -6.195 2.7625 -3.999999999999999
470 -6.195 2.7625 -2
471 -16.195 2.7625 -10
472 -11.195 2.7625 -10
473 -16.195 2.7625 0
474 -11.195 2.7625 0
475 -3.515 2.7625 -8
476 -3.515 2.7625 -6
477 -3.515 2.7625 -3.999999999999999
478 -3.515 2.7625 -2
479 -0.835 2.7625 -8
480 -0.835 2.7625 -6
481 -0.835 2.7625 -3.999999999999999
482 -0.835 2.7625 -2
483 -2.175000000000002 2.7625 -10
484 -2.175000000000002 2.7625 0
485 -0.335 2.7625 -8
486 -0.335 2.7625 -6
487 -0.335 2.7625 -3.999999999999999
488 -0.335 2.7625 -2
489 0 2.7625 -8
490 0 2.7625 -6
491 0 2.7625 -3.999999999999999
492 0 2.7625 -2
493 0.3350000000000001 2.7625 -8
494 0.3350000000000001 2.7625 -6
495 0.3350000000000001 2.7625 -3.999999999999999
496 0.3350000000000001 2.7625 -2
497 0.8350000000000001 2.7625 -8
498 0.8350000000000001 2.7625 -6
499 0.8350000000000001 2.7625 -3.999999999999999
500 0.8350000000000001 2.7625 -2
501 3.515000000000001 2.7625 -8
502 3.515000000000001 2.7625 -6
503 3.515000000000001 2.7625 -3.999999999999999
504 3.515000000000001 2.7625 -2
505 2.174999999999999 2.7625 -10
506 2.174999999999999 2.7625 0
507 6.195000000000001 2.7625 -8
508 6.195000000000001 2.7625 -6
509 6.195000000000001 2.7625 -3.999999999999999
510 6.195000000000001 2.7625 -2
511 21.195 2.7625 -8
512 21.195 2.7625 -6
513 21.195 2.7625 -3.999999999999999
514 21.195 2.7625 -2
515 11.195 2.7625 -10
516 16.195 2.7625 -10
517 11.195 2.7625 0
518 16.195 2.7625 0
519 -21.195 3.0975 -8
520 -21.195 3.0975 -6
521 -21.195 3.0975 -3.999999999999999
522 -21.195 3.0975 -2
523 -6.195 3.0975 -8
524 -6.195 3.0975 -6
525 -6.195 3.0975 -3.999999999999999
526 -6.195 3.0975 -2
527 -16.195 3.0975 -10
528 -11.195 3.0975 -10
529 -16.195 3.0975 0
530 -11.195 3.0975 0
531 -3.515 3.0975 -8
532 -3.515 3.0975 -6
533 -3.515 3.0975 -3.999999999999999
534 -3.515 3.0975 -2
535 -0.835 3.0975 -8
536 -0.835 3.0975 -6
537 -0.835 3.0975 -3.999999999999999
538 -0.835 3.0975 -2
539 -2.175000000000002 3.0975 -10
540 -2.175000000000002 3.0975 0
541 -0.335 3.0975 -8
542 -0.335 3.0975 -6
543 -0.335 3.0975 -3.999999999999999
544 -0.335 3.0975 -2
545 0 3.0975 -8
546 0 3.0975 -6
547 0 3.0975 -3.999999999999999
548 0 3.0975 -2
549 0.3350000000000001 3.0975 -8
550 0.3350000000000001 3.0975 -6
551 0.3350000000000001 3.0975 -3.999999999999999
552 0.3350000000000001 3.0975 -2
553 0.8350000000000001 3.0975 -8
554 0.8350000000000001 3.0975 -6
555 0.8350000000000001 3.0975 -3.999999999999999
556 0.8350000000000001 3.0975 -2
557 3.515000000000001 3.0975 -8
558 3.515000000000001 3.0975 -6
559 3.515000000000001 3.0975 -3.999999999999999
560 3.515000000000001 3.0975 -2
561 2.174999999999999 3.0975 -10
562 2.174999999999999 3.0975 0
563 6.195000000000001 3.0975 -8
564 6.195000000000001 3.0975 -6
565 6.195000000000001 3.0975 -3.999999999999999
566 6.195000000000001 3.0975 -2
567 21.195 3.0975 -8
568 21.195 3.0975 -6
569 21.195 3.0975 -3.999999999999999
570 21.195 3.0975 -2
571 11.195 3.0975 -10
572 16.195 3.0975 -10
573 11.195 3.0975 0
574 16.195 3.0975 0
575 -21.195 -3.0975 -14.5
576 -21.195 -3.0975 -13
577 -21.195 -3.0975 -11.5
578 -21.195 2.2625 -14.5
579 -21.195 2.2625 -13
580 -21.195 2.2625 -11.5
581 -21.195 -0.4175000000000026 -16
582 -6.195 -3.0975 -14.5
583 -6.195 -3.0975 -13
584 -6.195 -3.0975 -11.5
585 -6.195 2.2625 -14.5
586 -6.195 2.2625 -13
587 -6.195 2.2625 -11.5
588 -6.195 -0.4175000000000026 -16
589 -16.195 -3.0975 -16
590 -11.195 -3.0975 -16
591 -16.195 2.2625 -16
592 -11.195 2.2625 -16
593 -3.515 -3.0975 -14.5
594 -3.515 -3.0975 -13
595 -3.515 -3.0975 -11.5
596 -3.515 2.2625 -14.5
597 -3.515 2.2625 -13
598 -3.515 2.2625 -11.5
599 -3.515 -0.4175000000000026 -16
600 -0.835 -3.0975 -14.5
601 -0.835 -3.0975 -13
602 -0.835 -3.0975 -11.5
603 -0.835 2.2625 -14.5
604 -0.835 2.2625 -13
605 -0.835 2.2625 -11.5
606 -0.835 -0.4175000000000026 -16
607 -2.175000000000002 -3.0975 -16
608 -2.175000000000002 2.2625 -16
609 -0.335 -3.0975 -14.5
610 -0.335 -3.0975 -13
611 -0.335 -3.0975 -11.5
612 -0.335 2.2625 -14.5
613 -0.335 2.2625 -13
614 -0.335 2.2625 -11.5
615 -0.335 -0.4175000000000026 -16
616 0 -3.0975 -14.5
617 0 -3.0975 -13
618 0 -3.0975 -11.5
619 0 2.2625 -14.5
620 0 2.2625 -13
621 0 2.2625 -11.5
622 0 -0.4175000000000026 -16
623 0.3350000000000001 -3.0975 -14.5
624 0.3350000000000001 -3.0975 -13
625 0.3350000000000001 -3.0975 -11.5
626 0.3350000000000001 2.2625 -14.5
627 0.3350000000000001 2.2625 -13
628 0.3350000000000001 2.2625 -11.5
629 0.3350000000000001 -0.4175000000000026 -16
630 0.8350000000000001 -3.0975 -14.5
631 0.8350000000000001 -3.0975 -13
632 0.8350000000000001 -3.0975 -11.5
633 0.8350000000000001 2.2625 -14.5
634 0.8350000000000001 2.2625 -13
635 0.8350000000000001 2.2625 -11.5
636 0.8350000000000001 -0.4175000000000026 -16
637 3.515000000000001 -3.0975 -14.5
638 3.515000000000001 -3.0975 -13
639 3.515000000000001 -3.0975 -11.5
640 3.515000000000001 2.2625 -14.5
641 3.515000000000001 2.2625 -13
642 3.515000000000001 2.2625 -11.5
643 3.515000000000001 -0.4175000000000026 -16
644 2.174999999999999 -3.0975 -16
645 2.174999999999999 2.2625 -16
646 6.195000000000001 -3.0975 -14.5
647 6.195000000000001 -3.0975 -13
648 6.195000000000001 -3.0975 -11.5
649 6.195000000000001 2.2625 -14.5
650 6.195000000000001 2.2625 -13
651 6.195000000000001 2.2625 -11.5
652 6.195000000000001 -0.4175000000000026 -16
653 21.195 -3.0975 -14.5
654 21.195 -3.0975 -13
655 21.195 -3.0975 -11.5
656 21.195 2.2625 -14.5
657 21.195 2.2625 -13
658 21.195 2.2625 -11.5
659 21.195 -0.4175000000000026 -16
660 11.195 -3.0975 -16
661 16.195 -3.0975 -16
662 11.195 2.2625 -16
663 16.195 2.2625 -16
664 -21.195 2.7625 -14.5
665 -21.195 2.7625 -13
666 -21.195 2.7625 -11.5
667 -6.195 2.7625 -14.5
668 -6.195 2.7625 -13
669 -6.195 2.7625 -11.5
670 -16.195 2.7625 -16
671 -11.195 2.7625 -16
672 -3.515 2.7625 -14.5
673 -3.515 2.7625 -13
674 -3.515 2.7625 -11.5
675 -0.835 2.7625 -14.5
676 -0.835 2.7625 -13
677 -0.835 2.7625 -11.5
678 -2.175000000000002 2.7625 -16
679 -0.335 2.7625 -14.5
680 -0.335 2.7625 -13
681 -0.335 2.7625 -11.5
682 0 2.7625 -14.5
683 0 2.7625 -13
684 0 2.7625 -11.5
685 0.3350000000000001 2.7625 -14.5
686 0.3350000000000001 2.7625 -13
687 0.3350000000000001 2.7625 -11.5
688 0.8350000000000001 2.7625 -14.5
689 0.8350000000000001 2.7625 -13
690 0.8350000000000001 2.7625 -11.5
691 3.515000000000001 2.7625 -14.5
692 3.515000000000001 2.7625 -13
693 3.515000000000001 2.7625 -11.5
694 2.174999999999999 2.7625 -16
695 6.195000000000001 2.7625 -14.5
696 6.195000000000001 2.7625 -13
697 6.195000000000001 2.7625 -11.5
698 21.195 2.7625 -14.5
699 21.195 2.7625 -13
700 21.195 2.7625 -11.5
701 11.195 2.7625 -16
702 16.195 2.7625 -16
703 -21.195 3.0975 -14.5
704 -21.195 3.0975 -13
705 -21.195 3.0975 -11.5
706 -6.195 3.0975 -14.5
707 -6.195 3.0975 -13
708 -6.195 3.0975 -11.5
709 -16.195 3.0975 -16
710 -11.195 3.0975 -16
711 -3.515 3.0975 -14.5
712 -3.515 3.0975 -13
713 -3.515 3.0975 -11.5
714 -0.835 3.0975 -14.5
715 -0.835 3.0975 -13
716 -0.835 3.0975 -11.5
717 -2.175000000000002 3.0975 -16
718 -0.335 3.0975 -14.5
719 -0.335 3.0975 -13
720 -0.335 3.0975 -11.5
721 0 3.0975 -14.5
722 0 3.0975 -13
723 0 3.0975 -11.5
724 0.3350000000000001 3.0975 -14.5
725 0.3350000000000001 3.0975 -13
726 0.3350000000000001 3.0975 -11.5
727 0.8350000000000001 3.0975 -14.5
728 0.8350000000000001 3.0975 -13
729 0.8350000000000001 3.0975 -11.5
730 3.515000000000001 3.0975 -14.5
731 3.515000000000001 3.0975 -13
732 3.515000000000001 3.0975 -11.5
733 2.174999999999999 3.0975 -16
734 6.195000000000001 3.0975 -14.5
735 6.195000000000001 3.0975 -13
736 6.195000000000001 3.0975 -11.5
737 21.195 3.0975 -14.5
738 21.195 3.0975 -13
739 21.195 3.0975 -11.5
740 11.195 3.0975 -16
741 16.195 3.0975 -16
742 -21.195 -3.0975 -20
743 -21.195 -3.0975 -19
744 -21.195 -3.0975 -18
745 -21.195 -3.0975 -17
746 -21.195 2.2625 -20
747 -21.195 2.2625 -19
748 -21.195 2.2625 -18
749 -21.195 2.2625 -17
750 -21.195 -0.4175000000000026 -21
751 -6.195 -3.0975 -20
752 -6.195 -3.0975 -19
753 -6.195 -3.0975 -18
754 -6.195 -3.0975 -17
755 -6.195 2.2625 -20
756 -6.195 2.2625 -19
757 -6.195 2.2625 -18
758 -6.195 2.2625 -17
759 -6.195 -0.4175000000000026 -21
760 -16.195 -3.0975 -21
761 -11.195 -3.0975 -21
762 -16.195 2.2625 -21
763 -11.195 2.2625 -21
764 -3.515 -3.0975 -20
765 -3.515 -3.0975 -19
766 -3.515 -3.0975 -18
767 -3.515 -3.0975 -17
768 -3.515 2.2625 -20
769 -3.515 2.2625 -19
770 -3.515 2.2625 -18
771 -3.515 2.2625 -17
772 -3.515 -0.4175000000000026 -21
773 -0.835 -3.0975 -20
774 -0.835 -3.0975 -19
775 -0.835 -3.0975 -18
776 -0.835 -3.0975 -17
777 -0.835 2.2625 -20
778 -0.835 2.2625 -19
779 -0.835 2.2625 -18
780 -0.835 2.2625 -17
781 -0.835 -0.4175000000000026 -21
782 -2.175000000000002 -3.0975 -21
783 -2.175000000000002 2.2625 -21
784 -0.335 -3.0975 -20
785 -0.335 -3.0975 -19
786 -0.335 -3.0975 -18
787 -0.335 -3.0975 -17
788 -0.335 2.2625 -20
789 -0.335 2.2625 -19
790 -0.335 2.2625 -18
791 -0.335 2.2625 -17
792 -0.335 -0.4175000000000026 -21
793 0 -3.0975 -20
794 0 -3.0975 -19
795 0 -3.0975 -18
796 0 -3.0975 -17
797 0 2.2625 -20
798 0 2.2625 -19
799 0 2.2625 -18
800 0 2.2625 -17
801 0 -0.4175000000000026 -21
802 0.3350000000000001 -3.0975 -20
803 0.3350000000000001 -3.0975 -19
804 0.3350000000000001 -3.0975 -18
805 0.3350000000000001 -3.0975 -17
806 0.3350000000000001 2.2625 -20
807 0.3350000000000001 2.2625 -19
808 0.3350000000000001 2.2625 -18
809 0.3350000000000001 2.2625 -17
810 0.3350000000000001 -0.4175000000000026 -21
811 0.8350000000000001 -3.0975 -20
812 0.8350000000000001 -3.0975 -19
813 0.8350000000000001 -3.0975 -18
814 0.8350000000000001 -3.0975 -17
815 0.8350000000000001 2.2625 -20
816 0.8350000000000001 2.2625 -19
817 0.8350000000000001 2.2625 -18
818 0.8350000000000001 2.2625 -17
819 0.8350000000000001 -0.4175000000000026 -21
820 3.515000000000001 -3.0975 -20
821 3.515000000000001 -3.0975 -19
822 3.515000000000001 -3.0975 -18
823 3.515000000000001 -3.0975 -17
824 3.515000000000001 2.2625 -20
825 3.515000000000001 2.2625 -19
826 3.515000000000001 2.2625 -18
827 3.515000000000001 2.2625 -17
828 3.515000000000001 -0.4175000000000026 -21
829 2.174999999999999 -3.0975 -21
830 2.174999999999999 2.2625 -21
831 6.195000000000001 -3.0975 -20
832 6.195000000000001 -3.0975 -19
833 6.195000000000001 -3.0975 -18
834 6.195000000000001 -3.0975 -17
835 6.195000000000001 2.2625 -20
836 6.195000000000001 2.2625 -19
837 6.195000000000001 2.2625 -18
838 6.195000000000001 2.2625 -17
839 6.195000000000001 -0.4175000000000026 -21
840 21.195 -3.0975 -20
841 21.195 -3.0975 -19
842 21.195 -3.0975 -18
843 21.195 -3.0975 -17
844 21.195 2.2625 -20
845 21.195 2.2625 -19
846 21.195 2.2625 -18
847 21.195 2.2625 -17
848 21.195 -0.4175000000000026 -21
849 11.195 -3.0975 -21
850 16.195 -3.0975 -21
851 11.195 2.2625 -21
852 16.195 2.2625 -21
853 -21.195 2.7625 -20
854 -21.195 2.7625 -19
855 -21.195 2.7625 -18
856 -21.195 2.7625 -17
857 -6.195 2.7625 -20
858 -6.195 2.7625 -19
859 -6.195 2.7625 -18
860 -6.195 2.7625 -17
861 -16.195 2.7625 -21
862 -11.195 2.7625 -21
863 -3.515 2.7625 -20
864 -3.515 2.7625 -19
865 -3.515 2.7625 -18
866 -3.515 2.7625 -17
867 -0.835 2.7625 -20
868 -0.835 2.7625 -19
869 -0.835 2.7625 -18
870 -0.835 2.7625 -17
871 -2.175000000000002 2.7625 -21
872 -0.335 2.7625 -20
873 -0.335 2.7625 -19
874 -0.335 2.7625 -18
875 -0.335 2.7625 -17
876 0 2.7625 -20
877 0 2.7625 -19
878 0 2.7625 -18
879 0 2.7625 -17
880 0.3350000000000001 2.7625 -20
881 0.3350000000000001 2.7625 -19
882 0.3350000000000001 2.7625 -18
883 0.3350000000000001 2.7625 -17
884 0.8350000000000001 2.7625 -20
885 0.8350000000000001 2.7625 -19
886 0.8350000000000001 2.7625 -18
887 0.8350000000000001 2.7625 -17
888 3.515000000000001 2.7625 -20
889 3.515000000000001 2.7625 -19
890 3.515000000000001 2.7625 -18
891 3.515000000000001 2.7625 -17
892 2.174999999999999 2.7625 -21
893 6.195000000000001 2.7625 -20
894 6.195000000000001 2.7625 -19
895 6.195000000000001 2.7625 -18
896 6.195000000000001 2.7625 -17
897 21.195 2.7625 -20
898 21.195 2.7625 -19
899 21.195 2.7625 -18
900 21.195 2.7625 -17
901 11.195 2.7625 -21
902 16.195 2.7625 -21
903 -21.195 3.0975 -20
904 -21.195 3.0975 -19
905 -21.195 3.0975 -18
906 -21.195 3.0975 -17
907 -6.195 3.0975 -20
908 -6.195 3.0975 -19
909 -6.195 3.0975 -18
910 -6.195 3.0975 -17
911 -16.195 3.0975 -21
912 -11.195 3.0975 -21
913 -3.515 3.0975 -20
914 -3.515 3.0975 -19
915 -3.515 3.0975 -18
916 -3.515 3.0975 -17
917 -0.835 3.0975 -20
918 -0.835 3.0975 -19
919 -0.835 3.0975 -18
920 -0.835 3.0975 -17
921 -2.175000000000002 3.0975 -21
922 -0.335 3.0975 -20
923 -0.335 3.0975 -19
924 -0.335 3.0975 -18
925 -0.335 3.0975 -17
926 0 3.0975 -20
927 0 3.0975 -19
928 0 3.0975 -18
929 0 3.0975 -17
930 0.3350000000000001 3.0975 -20
931 0.3350000000000001 3.0975 -19
932 0.3350000000000001 3.0975 -18
933 0.3350000000000001 3.0975 -17
934 0.8350000000000001 3.0975 -20
935 0.8350000000000001 3.0975 -19
936 0.8350000000000001 3.0975 -18
937 0.8350000000000001 3.0975 -17
938 3.515000000000001 3.0975 -20
939 3.515000000000001 3.0975 -19
940 3.515000000000001 3.0975 -18
941 3.515000000000001 3.0975 -17
942 2.174999999999999 3.0975 -21
943 6.195000000000001 3.0975 -20
944 6.195000000000001 3.0975 -19
945 6.195000000000001 3.0975 -18
946 6.195000000000001 3.0975 -17
947 21.195 3.0975 -20
948 21.195 3.0975 -19
949 21.195 3.0975 -18
950 21.195 3.0975 -17
951 11.195 3.0975 -21
952 16.195 3.0975 -21
953 -21.195 -0.4175000000000026 -23.5
954 -16.195 2.2625 -23.5
955 -11.195 2.2625 -23.5
956 -6.195 -0.4175000000000026 -23.5
957 -16.195 -3.0975 -23.5
958 -11.195 -3.0975 -23.5
959 -3.515 -0.4175000000000026 -23.5
960 -2.175000000000002 2.2625 -23.5
961 -0.835 -0.4175000000000026 -23.5
962 -2.175000000000002 -3.0975 -23.5
963 -0.335 -0.4175000000000026 -23.5
964 0 -0.4175000000000026 -23.5
965 0.3350000000000001 -0.4175000000000026 -23.5
966 0.8350000000000001 -0.4175000000000026 -23.5
967 2.174999999999999 2.2625 -23.5
968 3.515000000000001 -0.4175000000000026 -23.5
969 2.174999999999999 -3.0975 -23.5
970 6.195000000000001 -0.4175000000000026 -23.5
971 11.195 2.2625 -23.5
972 16.195 2.2625 -23.5
973 21.195 -0.4175000000000026 -23.5
974 11.195 -3.0975 -23.5
975 16.195 -3.0975 -23.5
976 -16.195 2.7625 -23.5
977 -11.195 2.7625 -23.5
978 -2.175000000000002 2.7625 -23.5
979 2.174999999999999 2.7625 -23.5
980 11.195 2.7625 -23.5
981 16.195 2.7625 -23.5
982 -16.195 3.0975 -23.5
983 -11.195 3.0975 -23.5
984 -2.175000000000002 3.0975 -23.5
985 2.174999999999999 3.0975 -23.5
986 11.195 3.0975 -23.5
987 16.195 3.0975 -23.5
988 -23.695 -3.0975 -8
989 -23.695 -3.0975 -6
990 -23.695 -3.0975 -3.999999999999999
991 -23.695 -3.0975 -2
992 -23.695 -0.4175000000000026 0
993 -23.695 2.2625 -8
994 -23.695 2.2625 -6
995 -23.695 2.2625 -3.999999999999999
996 -23.695 2.2625 -2
997 -23.695 -0.4175000000000026 -10
998 -23.695 2.7625 -8
999 -23.695 2.7625 -6
1000 -23.695 2.7625 -3.999999999999999
1001 -23.695 2.7625 -2
1002 -23.695 3.0975 -8
1003 -23.695 3.0975 -6
1004 -23.695 3.0975 -3.999999999999999
1005 -23.695 3.0975 -2
1006 -23.695 -3.0975 -14.5
1007 -23.695 -3.0975 -13
1008 -23.695 -3.0975 -11.5
1009 -23.695 2.2625 -14.5
1010 -23.695 2.2625 -13
1011 -23.695 2.2625 -11.5
1012 -23.695 -0.4175000000000026 -16
1013 -23.695 2.7625 -14.5
1014 -23.695 2.7625 -13
1015 -23.695 2.7625 -11.5
1016 -23.695 3.0975 -14.5
1017 -23.695 3.0975 -13
1018 -23.695 3.0975 -11.5
1019 23.695 -3.0975 -8
1020 23.695 -3.0975 -6
1021 23.695 -3.0975 -3.999999999999999
1022 23.695 -3.0975 -2
1023 23.695 -0.4175000000000026 0
1024 23.695 2.2625 -8
1025 23.695 2.2625 -6
1026 23.695 2.2625 -3.999999999999999
1027 23.695 2.2625 -2
1028 23.695 -0.4175000000000026 -10
1029 23.695 2.7625 -8
1030 23.695 2.7625 -6
1031 23.695 2.7625 -3.999999999999999
1032 23.695 2.7625 -2
1033 23.695 3.0975 -8
1034 23.695 3.0975 -6
1035 23.695 3.0975 -3.999999999999999
1036 23.695 3.0975 -2
1037 23.695 -3.0975 -14.5
1038 23.695 -3.0975 -13
1039 23.695 -3.0975 -11.5
1040 23.695 2.2625 -14.5
1041 23.695 2.2625 -13
1042 23.695 2.2625 -11.5
1043 23.695 -0.4175000000000026 -16
1044 23.695 2.7625 -14.5
1045 23.695 2.7625 -13
1046 23.695 2.7625 -11.5
1047 23.695 3.0975 -14.5
1048 23.695 3.0975 -13
1049 23.695 3.0975 -11.5
1050 -6.195 -5.5975 -8
1051 -6.195 -5.5975 -6
1052 -6.195 -5.5975 -3.999999999999999
1053 -6.195 -5.5975 -2
1054 -3.515 -5.5975 -8
1055 -3.515 -5.5975 -6
1056 -3.515 -5.5975 -3.999999999999999
1057 -3.515 -5.5975 -2
1058 -2.175000000000002 -5.5975 -10
1059 -0.835 -5.5975 -8
1060 -0.835 -5.5975 -6
1061 -0.835 -5.5975 -3.999999999999999
1062 -0.835 -5.5975 -2
1063 -2.175000000000002 -5.5975 0
1064 -0.335 -5.5975 -8
1065 -0.335 -5.5975 -6
1066 -0.335 -5.5975 -3.999999999999999
1067 -0.335 -5.5975 -2
1068 0 -5.5975 -8
1069 0 -5.5975 -6
1070 0 -5.5975 -3.999999999999999
1071 0 -5.5975 -2
1072 0.3350000000000001 -5.5975 -8
1073 0.3350000000000001 -5.5975 -6
1074 0.3350000000000001 -5.5975 -3.999999999999999
1075 0.3350000000000001 -5.5975 -2
1076 0.8350000000000001 -5.5975 -8
1077 0.8350000000000001 -5.5975 -6
1078 0.8350000000000001 -5.5975 -3.999999999999999
1079 0.8350000000000001 -5.5975 -2
1080 2.174999999999999 -5.5975 -10
1081 3.515000000000001 -5.5975 -8
1082 3.515000000000001 -5.5975 -6
1083 3.515000000000001 -5.5975 -3.999999999999999
1084 3.515000000000001 -5.5975 -2
1085 2.174999999999999 -5.5975 0
1086 6.195000000000001 -5.5975 -8
1087 6.195000000000001 -5.5975 -6
1088 6.195000000000001 -5.5975 -3.999999999999999
1089 6.195000000000001 -5.5975 -2
1090 -6.195 -5.5975 -14.5
1091 -6.195 -5.5975 -13
1092 -6.195 -5.5975 -11.5
1093 -3.515 -5.5975 -14.5
1094 -3.515 -5.5975 -13
1095 -3.515 -5.5975 -11.5
1096 -2.175000000000002 -5.5975 -16
1097 -0.835 -5.5975 -14.5
1098 -0.835 -5.5975 -13
1099 -0.835 -5.5975 -11.5
1100 -0.335 -5.5975 -14.5
1101 -0.335 -5.5975 -13
1102 -0.335 -5.5975 -11.5
1103 0 -5.5975 -14.5
1104 0 -5.5975 -13
1105 0 -5.5975 -11.5
1106 0.3350000000000001 -5.5975 -14.5
1107 0.3350000000000001 -5.5975 -13
1108 0.3350000000000001 -5.5975 -11.5
1109 0.8350000000000001 -5.5975 -14.5
1110 0.8350000000000001 -5.5975 -13
1111 0.8350000000000001 -5.5975 -11.5
1112 2.174999999999999 -5.5975 -16
1113 3.515000000000001 -5.5975 -14.5
1114 3.515000000000001 -5.5975 -13
1115 3.515000000000001 -5.5975 -11.5
1116 6.195000000000001 -5.5975 -14.5
1117 6.195000000000001 -5.5975 -13
1118 6.195000000000001 -5.5975 -11.5
1119 -23.695 -3.0975 -20
1120 -23.695 -3.0975 -19
1121 -23.695 -3.0975 -18
1122 -23.695 -3.0975 -17
1123 -23.695 2.2625 -20
1124 -23.695 2.2625 -19
1125 -23.695 2.2625 -18
1126 -23.695 2.2625 -17
1127 -23.695 -0.4175000000000026 -21
1128 -23.695 2.7625 -20
1129 -23.695 2.7625 -19
1130 -23.695 2.7625 -18
1131 -23.695 2.7625 -17
1132 -23.695 3.0975 -20
1133 -23.695 3.0975 -19
1134 -23.695 3.0975 -18
1135 -23.695 3.0975 -17
1136 23.695 -3.0975 -20
1137 23.695 -3.0975 -19
1138 23.695 -3.0975 -18
1139 23.695 -3.0975 -17
1140 23.695 2.2625 -20
1141 23.695 2.2625 -19
1142 23.695 2.2625 -18
1143 23.695 2.2625 -17
1144 23.695 -0.4175000000000026 -21
1145 23.695 2.7625 -20
1146 23.695 2.7625 -19
1147 23.695 2.7625 -18
1148 23.695 2.7625 -17
1149 23.695 3.0975 -20
1150 23.695 3.0975 -19
1151 23.695 3.0975 -18
1152 23.695 3.0975 -17
1153 -16.195 -5.5975 -10
1154 -11.195 -5.5975 -10
1155 -16.195 -5.5975 0
1156 -11.195 -5.5975 0
1157 -21.195 -5.5975 -8
1158 -21.195 -5.5975 -6
1159 -21.195 -5.5975 -3.999999999999999
1160 -21.195 -5.5975 -2
1161 11.195 -5.5975 -10
1162 16.195 -5.5975 -10
1163 21.195 -5.5975 -8
1164 21.195 -5.5975 -6
1165 21.195 -5.5975 -3.999999999999999
1166 21.195 -5.5975 -2
1167 11.195 -5.5975 0
1168 16.195 -5.5975 0
1169 -16.195 -5.5975 -16
1170 -11.195 -5.5975 -16
1171 -21.195 -5.5975 -14.5
1172 -21.195 -5.5975 -13
1173 -21.195 -5.5975 -11.5
1174 11.195 -5.5975 -16
1175 16.195 -5.5975 -16
1176 21.195 -5.5975 -14.5
1177 21.195 -5.5975 -13
1178 21.195 -5.5975 -11.5
1179 -16.195 -5.5975 -21
1180 -11.195 -5.5975 -21
1181 -6.195 -5.5975 -20
1182 -6.195 -5.5975 -19
1183 -6.195 -5.5975 -18
1184 -6.195 -5.5975 -17
1185 -21.195 -5.5975 -20
1186 -21.195 -5.5975 -19
1187 -21.195 -5.5975 -18
1188 -21.195 -5.5975 -17
1189 -3.515 -5.5975 -20
1190 -3.515 -5.5975 -19
1191 -3.515 -5.5975 -18
1192 -3.515 -5.5975 -17
1193 -2.175000000000002 -5.5975 -21
1194 -0.835 -5.5975 -20
1195 -0.835 -5.5975 -19
1196 -0.835 -5.5975 -18
1197 -0.835 -5.5975 -17
1198 -0.335 -5.5975 -20
1199 -0.335 -5.5975 -19
1200 -0.335 -5.5975 -18
1201 -0.335 -5.5975 -17
1202 0 -5.5975 -20
1203 0 -5.5975 -19
1204 0 -5.5975 -18
1205 0 -5.5975 -17
1206 0.3350000000000001 -5.5975 -20
1207 0.3350000000000001 -5.5975 -19
1208 0.3350000000000001 -5.5975 -18
1209 0.3350000000000001 -5.5975 -17
1210 0.8350000000000001 -5.5975 -20
1211 0.8350000000000001 -5.5975 -19
1212 0.8350000000000001 -5.5975 -18
1213 0.8350000000000001 -5.5975 -17
1214 2.174999999999999 -5.5975 -21
1215 3.515000000000001 -5.5975 -20
1216 3.515000000000001 -5.5975 -19
1217 3.515000000000001 -5.5975 -18
1218 3.515000000000001 -5.5975 -17
1219 6.195000000000001 -5.5975 -20
1220 6.195000000000001 -5.5975 -19
1221 6.195000000000001 -5.5975 -18
1222 6.195000000000001 -5.5975 -17
1223 11.195 -5.5975 -21
1224 16.195 -5.5975 -21
1225 21.195 -5.5975 -20
1226 21.195 -5.5975 -19
1227 21.195 -5.5975 -18
1228 21.195 -5.5975 -17
1229 -23.695 -0.4175000000000026 -23.5
1230 23.695 -0.4175000000000026 -23.5
1231 -16.195 -5.5975 -23.5
1232 -11.195 -5.5975 -23.5
1233 -2.175000000000002 -5.5975 -23.5
1234 2.174999999999999 -5.5975 -23.5
1235 11.195 -5.5975 -23.5
1236 16.195 -5.5975 -23.5
1237 -23.695 -5.5975 -8
1238 -23.695 -5.5975 -6
1239 -23.695 -5.5975 -3.999999999999999
1240 -23.695 -5.5975 -2
1241 -23.695 -5.5975 -14.5
1242 -23.695 -5.5975 -13
1243 -23.695 -5.5975 -11.5
1244 -23.695 -5.5975 -20
1245 -23.695 -5.5975 -19
1246 -23.695 -5.5975 -18
1247 -23.695 -5.5975 -17
1248 23.695 -5.5975 -8
1249 23.695 -5.5975 -6
1250 23.695 -5.5975 -3.999999999999999
1251 23.695 -5.5975 -2
1252 23.695 -5.5975 -14.5
1253 23.695 -5.5975 -13
1254 23.695 -5.5975 -11.5
1255 23.695 -5.5975 -20
1256 23.695 -5.5975 -19
1257 23.695 -5.5975 -18
1258 23.695 -5.5975 -17
1259 0 3.0975 -15.9375
1260 0 3.0975 -14.875
1261 0 3.0975 -13.8125
1262 0 3.0975 -12.75
1263 0 3.0975 -11.6875
1264 0 3.0975 -10.625
1265 0 3.0975 -9.5625
1266 0 3.0975 -8.5
1267 0 3.0975 -7.4375
1268 0 3.0975 -6.375
1269 0 3.0975 -5.3125
1270 0 3.0975 -4.25
1271 0 3.0975 -3.1875
1272 0 3.0975 -2.125
1273 0 3.0975 -1.0625
1274 0 3.0975 0.9499999999999977
1275 0 3.0975 1.899999999999998
1276 0 3.0975 2.849999999999999
1277 -21.195 -0.4175000000000031 -8
1278 -21.195 -0.4175000000000031 -6
1279 -21.195 -0.4175000000000026 -4.000000000000001
1280 -21.195 -0.417500000000004 -2
1281 -6.195 -0.4175000000000022 -8
1282 -6.195 -0.4175000000000022 -6
1283 -6.195 -0.4175000000000022 -4
1284 -6.195 -0.4175000000000031 -2
1285 -16.195 -3.0975 -8
1286 -16.195 -3.0975 -6
1287 -16.195 -3.0975 -3.999999999999999
1288 -16.195 -3.0975 -2
1289 -11.195 -3.0975 -8
1290 -11.195 -3.0975 -6
1291 -11.195 -3.0975 -4
1292 -11.195 -3.0975 -2
1293 -16.195 2.2625 -8
1294 -16.195 2.2625 -6
1295 -16.195 2.2625 -3.999999999999999
1296 -16.195 2.2625 -2
1297 -11.195 2.2625 -8
1298 -11.195 2.2625 -6
1299 -11.195 2.2625 -4
1300 -11.195 2.2625 -2
1301 -16.195 -0.4175000000000022 -10
1302 -11.195 -0.4175000000000022 -10
1303 -16.195 -0.4175000000000022 0
1304 -11.195 -0.4175000000000026 0
1305 -3.515 -0.4175000000000022 -8
1306 -3.515 -0.4175000000000022 -6
1307 -3.515 -0.4175000000000022 -4
1308 -3.515 -0.4175000000000031 -2
1309 -0.835 -0.4175000000000022 -8
1310 -0.835 -0.4175000000000022 -6
1311 -0.835 -0.4175000000000022 -4
1312 -0.835 -0.4175000000000031 -2
1313 -2.175000000000002 -3.0975 -8
1314 -2.175000000000001 -3.0975 -6
1315 -2.175000000000002 -3.0975 -3.999999999999999
1316 -2.175000000000002 -3.0975 -2
1317 -2.175000000000002 2.2625 -8
1318 -2.175000000000001 2.2625 -6
1319 -2.175000000000002 2.2625 -3.999999999999999
1320 -2.175000000000002 2.2625 -2
1321 -2.175000000000002 -0.4175000000000031 -10
1322 -2.175000000000002 -0.4175000000000022 0
1323 -0.335 -0.4175000000000022 -8
1324 -0.335 -0.4175000000000022 -6
1325 -0.335 -0.4175000000000022 -4
1326 -0.335 -0.4175000000000031 -2
1327 0 -0.4175000000000022 -8
1328 0 -0.4175000000000022 -6
1329 0 -0.4175000000000022 -4
1330 0 -0.4175000000000031 -2
1331 0.3350000000000001 -0.4175000000000022 -8
1332 0.3350000000000001 -0.4175000000000022 -6
1333 0.3350000000000001 -0.4175000000000022 -4
1334 0.3350000000000001 -0.4175000000000031 -2
1335 0.8350000000000001 -0.4175000000000022 -8
1336 0.8350000000000001 -0.4175000000000022 -6
1337 0.8350000000000001 -0.4175000000000022 -4
1338 0.8350000000000001 -0.4175000000000031 -2
1339 3.515000000000001 -0.4175000000000022 -8
1340 3.515000000000001 -0.4175000000000022 -6
1341 3.515000000000001 -0.4175000000000022 -4
1342 3.515000000000001 -0.4175000000000031 -2
1343 2.175 -3.0975 -8
1344 2.174999999999999 -3.0975 -6
1345 2.175 -3.0975 -3.999999999999999
1346 2.175 -3.0975 -2
1347 2.175 2.2625 -8
1348 2.174999999999999 2.2625 -6
1349 2.175 2.2625 -3.999999999999999
1350 2.175 2.2625 -2
1351 2.175 -0.4175000000000022 -10
1352 2.174999999999999 -0.4175000000000026 0
1353 6.195000000000001 -0.4175000000000022 -8
1354 6.195000000000001 -0.4175000000000022 -6
1355 6.195000000000001 -0.4175000000000022 -4
1356 6.195000000000001 -0.4175000000000031 -2
1357 21.195 -0.4175000000000031 -8
1358 21.195 -0.4175000000000031 -6
1359 21.195 -0.4175000000000026 -4.000000000000001
1360 21.195 -0.417500000000004 -2
1361 11.195 -3.0975 -8
1362 11.195 -3.0975 -6
1363 11.195 -3.0975 -3.999999999999999
1364 11.195 -3.0975 -2
1365 16.195 -3.0975 -8
1366 16.195 -3.0975 -6
1367 16.195 -3.0975 -4
1368 16.195 -3.0975 -2
1369 11.195 2.2625 -8
1370 11.195 2.2625 -6
1371 11.195 2.2625 -3.999999999999999
1372 11.195 2.2625 -2
1373 16.195 2.2625 -8
1374 16.195 2.2625 -6
1375 16.195 2.2625 -4
1376 16.195 2.2625 -2
1377 11.195 -0.4175000000000022 -10
1378 16.195 -0.4175000000000022 -10
1379 11.195 -0.4175000000000022 0
1380 16.195 -0.4175000000000026 0
1381 -16.195 2.7625 -8
1382 -16.195 2.7625 -6
1383 -16.195 2.7625 -3.999999999999999
1384 -16.195 2.7625 -2
1385 -11.195 2.7625 -8
1386 -11.195 2.7625 -6
1387 -11.195 2.7625 -4
1388 -11.195 2.7625 -2
1389 -2.175000000000002 2.7625 -8
1390 -2.175000000000001 2.7625 -6
1391 -2.175000000000002 2.7625 -3.999999999999999
1392 -2.175000000000002 2.7625 -2
1393 2.175 2.7625 -8
1394 2.174999999999999 2.7625 -6
1395 2.175 2.7625 -3.999999999999999
1396 2.175 2.7625 -2
1397 11.195 2.7625 -8
1398 11.195 2.7625 -6
1399 11.195 2.7625 -3.999999999999999
1400 11.195 2.7625 -2
1401 16.195 2.7625 -8
1402 16.195 2.7625 -6
1403 16.195 2.7625 -4
1404 16.195 2.7625 -2
1405 -16.195 3.0975 -8
1406 -16.195 3.0975 -6
1407 -16.195 3.0975 -3.999999999999999
1408 -16.195 3.0975 -2
1409 -11.195 3.0975 -8
1410 -11.195 3.0975 -6
1411 -11.195 3.0975 -4
1412 -11.195 3.0975 -2
1413 -2.175000000000002 3.0975 -8
1414 -2.175000000000001 3.0975 -6
1415 -2.175000000000002 3.0975 -3.999999999999999
1416 -2.175000000000002 3.0975 -2
1417 2.175 3.0975 -8
1418 2.174999999999999 3.0975 -6
1419 2.175 3.0975 -3.999999999999999
1420 2.175 3.0975 -2
1421 11.195 3.0975 -8
1422 11.195 3.0975 -6
1423 11.195 3.0975 -3.999999999999999
1424 11.195 3.0975 -2
1425 16.195 3.0975 -8
1426 16.195 3.0975 -6
1427 16.195 3.0975 -4
1428 16.195 3.0975 -2
1429 -21.195 -0.4175000000000026 -14.5
1430 -21.195 -0.4175000000000026 -13
1431 -21.195 -0.4175000000000026 -11.5
1432 -6.195 -0.4175000000000022 -14.5
1433 -6.195 -0.4175000000000022 -13
1434 -6.195 -0.4175000000000022 -11.5
1435 -16.195 -3.0975 -14.5
1436 -16.195 -3.0975 -13
1437 -16.195 -3.0975 -11.5
1438 -11.195 -3.0975 -14.5
1439 -11.195 -3.0975 -13
1440 -11.195 -3.0975 -11.5
1441 -16.195 2.2625 -14.5
1442 -16.195 2.2625 -13
1443 -16.195 2.2625 -11.5
1444 -11.195 2.2625 -14.5
1445 -11.195 2.2625 -13
1446 -11.195 2.2625 -11.5
1447 -16.195 -0.4175000000000022 -16
1448 -11.195 -0.4175000000000022 -16
1449 -3.515 -0.4175000000000022 -14.5
1450 -3.515 -0.4175000000000022 -13
1451 -3.515 -0.4175000000000022 -11.5
1452 -0.835 -0.4175000000000022 -14.5
1453 -0.835 -0.4175000000000022 -13
1454 -0.835 -0.4175000000000022 -11.5
1455 -2.175000000000002 -3.0975 -14.5
1456 -2.175000000000001 -3.0975 -13
1457 -2.175000000000002 -3.0975 -11.5
1458 -2.175000000000002 2.2625 -14.5
1459 -2.175000000000001 2.2625 -13
1460 -2.175000000000002 2.2625 -11.5
1461 -2.175000000000002 -0.4175000000000031 -16
1462 -0.335 -0.4175000000000022 -14.5
1463 -0.335 -0.4175000000000022 -13
1464 -0.335 -0.4175000000000022 -11.5
1465 0 -0.4175000000000022 -14.5
1466 0 -0.4175000000000022 -13
1467 0 -0.4175000000000022 -11.5
1468 0.3350000000000001 -0.4175000000000022 -14.5
1469 0.3350000000000001 -0.4175000000000022 -13
1470 0.3350000000000001 -0.4175000000000022 -11.5
1471 0.8350000000000001 -0.4175000000000022 -14.5
1472 0.8350000000000001 -0.4175000000000022 -13
1473 0.8350000000000001 -0.4175000000000022 -11.5
1474 3.515000000000001 -0.4175000000000022 -14.5
1475 3.515000000000001 -0.4175000000000022 -13
1476 3.515000000000001 -0.4175000000000022 -11.5
1477 2.175 -3.0975 -14.5
1478 2.174999999999999 -3.0975 -13
1479 2.174999999999999 -3.0975 -11.5
1480 2.175 2.2625 -14.5
1481 2.174999999999999 2.2625 -13
1482 2.175 2.2625 -11.5
1483 2.175 -0.4175000000000022 -16
1484 6.195000000000001 -0.4175000000000022 -14.5
1485 6.195000000000001 -0.4175000000000022 -13
1486 6.195000000000001 -0.4175000000000022 -11.5
1487 21.195 -0.4175000000000026 -14.5
1488 21.195 -0.4175000000000026 -13
1489 21.195 -0.4175000000000026 -11.5
1490 11.195 -3.0975 -14.5
1491 11.195 -3.0975 -13
1492 11.195 -3.0975 -11.5
1493 16.195 -3.0975 -14.5
1494 16.195 -3.0975 -13
1495 16.195 -3.0975 -11.5
1496 11.195 2.2625 -14.5
1497 11.195 2.2625 -13
1498 11.195 2.2625 -11.5
1499 16.195 2.2625 -14.5
1500 16.195 2.2625 -13
1501 16.195 2.2625 -11.5
1502 11.195 -0.4175000000000022 -16
1503 16.195 -0.4175000000000022 -16
1504 -16.195 2.7625 -14.5
1505 -16.195 2.7625 -13
1506 -16.195 2.7625 -11.5
1507 -11.195 2.7625 -14.5
1508 -11.195 2.7625 -13
1509 -11.195 2.7625 -11.5
1510 -2.175000000000002 2.7625 -14.5
1511 -2.175000000000001 2.7625 -13
1512 -2.175000000000002 2.7625 -11.5
1513 2.175 2.7625 -14.5
1514 2.174999999999999 2.7625 -13
1515 2.175 2.7625 -11.5
1516 11.195 2.7625 -14.5
1517 11.195 2.7625 -13
1518 11.195 2.7625 -11.5
1519 16.195 2.7625 -14.5
1520 16.195 2.7625 -13
1521 16.195 2.7625 -11.5
1522 -16.195 3.0975 -14.5
1523 -16.195 3.0975 -13
1524 -16.195 3.0975 -11.5
1525 -11.195 3.0975 -14.5
1526 -11.195 3.0975 -13
1527 -11.195 3.0975 -11.5
1528 -2.175000000000002 3.0975 -14.5
1529 -2.175000000000001 3.0975 -13
1530 -2.175000000000002 3.0975 -11.5
1531 2.175 3.0975 -14.5
1532 2.174999999999999 3.0975 -13
1533 2.174999999999999 3.0975 -11.5
1534 11.195 3.0975 -14.5
1535 11.195 3.0975 -13
1536 11.195 3.0975 -11.5
1537 16.195 3.0975 -14.5
1538 16.195 3.0975 -13
1539 16.195 3.0975 -11.5
1540 -21.195 -0.4175000000000031 -20
1541 -21.195 -0.4175000000000031 -19
1542 -21.195 -0.4175000000000031 -18
1543 -21.195 -0.417500000000004 -17
1544 -6.195 -0.4175000000000022 -20
1545 -6.195 -0.4175000000000022 -19
1546 -6.195 -0.4175000000000022 -18
1547 -6.195 -0.4175000000000031 -17
1548 -16.195 -3.0975 -20
1549 -16.195 -3.0975 -19
1550 -16.195 -3.0975 -18
1551 -16.195 -3.0975 -17
1552 -11.195 -3.0975 -20
1553 -11.195 -3.0975 -19
1554 -11.195 -3.0975 -18
1555 -11.195 -3.0975 -17
1556 -16.195 2.2625 -20
1557 -16.195 2.2625 -19
1558 -16.195 2.2625 -18
1559 -16.195 2.2625 -17
1560 -11.195 2.2625 -20
1561 -11.195 2.2625 -19
1562 -11.195 2.2625 -18
1563 -11.195 2.2625 -17
1564 -16.195 -0.4175000000000022 -21
1565 -11.195 -0.4175000000000026 -21
1566 -3.515 -0.4175000000000022 -20
1567 -3.515 -0.4175000000000022 -19
1568 -3.515 -0.4175000000000022 -18
1569 -3.515 -0.4175000000000031 -17
1570 -0.835 -0.4175000000000022 -20
1571 -0.835 -0.4175000000000022 -19
1572 -0.835 -0.4175000000000022 -18
1573 -0.835 -0.4175000000000031 -17
1574 -2.175000000000002 -3.0975 -20
1575 -2.175000000000001 -3.0975 -19
1576 -2.175000000000001 -3.0975 -18
1577 -2.175000000000002 -3.0975 -17
1578 -2.175000000000002 2.2625 -20
1579 -2.175000000000001 2.2625 -19
1580 -2.175000000000001 2.2625 -18
1581 -2.175000000000002 2.2625 -17
1582 -2.175000000000002 -0.4175000000000022 -21
1583 -0.335 -0.4175000000000022 -20
1584 -0.335 -0.4175000000000022 -19
1585 -0.335 -0.4175000000000022 -18
1586 -0.335 -0.4175000000000031 -17
1587 0 -0.4175000000000022 -20
1588 0 -0.4175000000000022 -19
1589 0 -0.4175000000000022 -18
1590 0 -0.4175000000000031 -17
1591 0.3350000000000001 -0.4175000000000022 -20
1592 0.3350000000000001 -0.4175000000000022 -19
1593 0.3350000000000001 -0.4175000000000022 -18
1594 0.3350000000000001 -0.4175000000000031 -17
1595 0.8350000000000001 -0.4175000000000022 -20
1596 0.8350000000000001 -0.4175000000000022 -19
1597 0.8350000000000001 -0.4175000000000022 -18
1598 0.8350000000000001 -0.4175000000000031 -17
1599 3.515000000000001 -0.4175000000000022 -20
1600 3.515000000000001 -0.4175000000000022 -19
1601 3.515000000000001 -0.4175000000000022 -18
1602 3.515000000000001 -0.4175000000000031 -17
1603 2.175 -3.0975 -20
1604 2.174999999999999 -3.0975 -19
1605 2.174999999999999 -3.0975 -18
1606 2.175 -3.0975 -17
1607 2.175 2.2625 -20
1608 2.174999999999999 2.2625 -19
1609 2.174999999999999 2.2625 -18
1610 2.175 2.2625 -17
1611 2.174999999999999 -0.4175000000000026 -21
1612 6.195000000000001 -0.4175000000000022 -20
1613 6.195000000000001 -0.4175000000000022 -19
1614 6.195000000000001 -0.4175000000000022 -18
1615 6.195000000000001 -0.4175000000000031 -17
1616 21.195 -0.4175000000000031 -20
1617 21.195 -0.4175000000000031 -19
1618 21.195 -0.4175000000000031 -18
1619 21.195 -0.417500000000004 -17
1620 11.195 -3.0975 -20
1621 11.195 -3.0975 -19
1622 11.195 -3.0975 -18
1623 11.195 -3.0975 -17
1624 16.195 -3.0975 -20
1625 16.195 -3.0975 -19
1626 16.195 -3.0975 -18
1627 16.195 -3.0975 -17
1628 11.195 2.2625 -20
1629 11.195 2.2625 -19
1630 11.195 2.2625 -18
1631 11.195 2.2625 -17
1632 16.195 2.2625 -20
1633 16.195 2.2625 -19
1634 16.195 2.2625 -18
1635 16.195 2.2625 -17
1636 11.195 -0.4175000000000022 -21
1637 16.195 -0.4175000000000026 -21
1638 -16.195 2.7625 -20
1639 -16.195 2.7625 -19
1640 -16.195 2.7625 -18
1641 -16.195 2.7625 -17
1642 -11.195 2.7625 -20
1643 -11.195 2.7625 -19
1644 -11.195 2.7625 -18
1645 -11.195 2.7625 -17
1646 -2.175000000000002 2.7625 -20
1647 -2.175000000000001 2.7625 -19
1648 -2.175000000000001 2.7625 -18
1649 -2.175000000000002 2.7625 -17
1650 2.175 2.7625 -20
1651 2.174999999999999 2.7625 -19
1652 2.174999999999999 2.7625 -18
1653 2.175 2.7625 -17
1654 11.195 2.7625 -20
1655 11.195 2.7625 -19
1656 11.195 2.7625 -18
1657 11.195 2.7625 -17
1658 16.195 2.7625 -20
1659 16.195 2.7625 -19
1660 16.195 2.7625 -18
1661 16.195 2.7625 -17
1662 -16.195 3.0975 -20
1663 -16.195 3.0975 -19
1664 -16.195 3.0975 -18
1665 -16.195 3.0975 -17
1666 -11.195 3.0975 -20
1667 -11.195 3.0975 -19
1668 -11.195 3.0975 -18
1669 -11.195 3.0975 -17
1670 -2.175000000000002 3.0975 -20
1671 -2.175000000000001 3.0975 -19
1672 -2.175000000000001 3.0975 -18
1673 -2.175000000000002 3.0975 -17
1674 2.175 3.0975 -20
1675 2.174999999999999 3.0975 -19
1676 2.174999999999999 3.0975 -18
1677 2.175 3.0975 -17
1678 11.195 3.0975 -20
1679 11.195 3.0975 -19
1680 11.195 3.0975 -18
1681 11.195 3.0975 -17
1682 16.195 3.0975 -20
1683 16.195 3.0975 -19
1684 16.195 3.0975 -18
1685 16.195 3.0975 -17
1686 -16.195 -0.4175000000000022 -23.5
1687 -11.195 -0.4175000000000026 -23.5
1688 -2.175000000000002 -0.4175000000000022 -23.5
1689 2.174999999999999 -0.4175000000000026 -23.5
1690 11.195 -0.4175000000000022 -23.5
1691 16.195 -0.4175000000000026 -23.5
1692 -23.695 -0.4175000000000031 -8
1693 -23.695 -0.4175000000000031 -6
1694 -23.695 -0.4175000000000026 -4.000000000000001
1695 -23.695 -0.417500000000004 -2
1696 -23.695 -0.4175000000000026 -14.5
1697 -23.695 -0.4175000000000026 -13
1698 -23.695 -0.4175000000000026 -11.5
1699 23.695 -0.4175000000000031 -8
1700 23.695 -0.4175000000000031 -6
1701 23.695 -0.4175000000000026 -4.000000000000001
1702 23.695 -0.417500000000004 -2
1703 23.695 -0.4175000000000026 -14.5
1704 23.695 -0.4175000000000026 -13
1705 23.695 -0.4175000000000026 -11.5
1706 -2.175000000000002 -5.5975 -8
1707 -2.175000000000001 -5.5975 -6
1708 -2.175000000000002 -5.5975 -3.999999999999999
1709 -2.175000000000002 -5.5975 -2
1710 2.175 -5.5975 -8
1711 2.174999999999999 -5.5975 -6
1712 2.175 -5.5975 -3.999999999999999
1713 2.175 -5.5975 -2
1714 -2.175000000000002 -5.5975 -14.5
1715 -2.175000000000001 -5.5975 -13
1716 -2.175000000000002 -5.5975 -11.5
1717 2.175 -5.5975 -14.5
1718 2.174999999999999 -5.5975 -13
1719 2.174999999999999 -5.5975 -11.5
1720 -23.695 -0.4175000000000031 -20
1721 -23.695 -0.4175000000000031 -19
1722 -23.695 -0.4175000000000031 -18
1723 -23.695 -0.417500000000004 -17
1724 23.695 -0.4175000000000031 -20
1725 23.695 -0.4175000000000031 -19
1726 23.695 -0.4175000000000031 -18
1727 23.695 -0.417500000000004 -17
1728 -16.195 -5.5975 -8
1729 -16.195 -5.5975 -6
1730 -16.195 -5.5975 -3.999999999999999
1731 -16.195 -5.5975 -2
1732 -11.195 -5.5975 -8
1733 -11.195 -5.5975 -6
1734 -11.195 -5.5975 -4
1735 -11.195 -5.5975 -2
1736 11.195 -5.5975 -8
1737 11.195 -5.5975 -6
1738 11.195 -5.5975 -3.999999999999999
1739 11.195 -5.5975 -2
1740 16.195 -5.5975 -8
1741 16.195 -5.5975 -6
1742 16.195 -5.5975 -4
1743 16.195 -5.5975 -2
1744 -16.195 -5.5975 -14.5
1745 -16.195 -5.5975 -13
1746 -16.195 -5.5975 -11.5
1747 -11.195 -5.5975 -14.5
1748 -11.195 -5.5975 -13
1749 -11.195 -5.5975 -11.5
1750 11.195 -5.5975 -14.5
1751 11.195 -5.5975 -13
1752 11.195 -5.5975 -11.5
1753 16.195 -5.5975 -14.5
1754 16.195 -5.5975 -13
1755 16.195 -5.5975 -11.5
1756 -16.195 -5.5975 -20
1757 -16.195 -5.5975 -19
1758 -16.195 -5.5975 -18
1759 -16.195 -5.5975 -17
1760 -11.195 -5.5975 -20
1761 -11.195 -5.5975 -19
1762 -11.195 -5.5975 -18
1763 -11.195 -5.5975 -17
1764 -2.175000000000002 -5.5975 -20
1765 -2.175000000000001 -5.5975 -19
1766 -2.175000000000001 -5.5975 -18
1767 -2.175000000000002 -5.5975 -17
1768 2.175 -5.5975 -20
1769 2.174999999999999 -5.5975 -19
1770 2.174999999999999 -5.5975 -18
1771 2.175 -5.5975 -17
1772 11.195 -5.5975 -20
1773 11.195 -5.5975 -19
1774 11.195 -5.5975 -18
1775 11.195 -5.5975 -17
1776 16.195 -5.5975 -20
1777 16.195 -5.5975 -19
1778 16.195 -5.5975 -18
1779 16.195 -5.5975 -17
1780 -16.195 -0.4175000000000024 -8.000000000000004
1781 -11.195 -0.4175000000000022 -8
1782 -16.195 -0.4175000000000025 -6
1783 -11.195 -0.4175000000000029 -6
1784 -16.195 -0.4175000000000021 -4
1785 -11.195 -0.4175000000000023 -4
1786 -16.195 -0.4175000000000037 -2
1787 -11.195 -0.4175000000000036 -1.999999999999999
1788 -2.175000000000002 -0.4175000000000026 -8
1789 -2.175000000000001 -0.4175000000000023 -6
1790 -2.175000000000002 -0.4175000000000021 -4
1791 -2.175000000000002 -0.417500000000003 -2
1792 2.175 -0.4175000000000021 -8
1793 2.175 -0.4175000000000023 -6
1794 2.175 -0.417500000000002 -3.999999999999998
1795 2.175 -0.4175000000000033 -2
1796 11.195 -0.4175000000000025 -8.000000000000004
1797 16.19499999999999 -0.4175000000000025 -8
1798 11.195 -0.4175000000000027 -6
1799 16.19499999999999 -0.4175000000000028 -6
1800 11.195 -0.4175000000000022 -4
1801 16.19499999999999 -0.4175000000000026 -4
1802 11.195 -0.4175000000000033 -2
1803 16.19499999999999 -0.4175000000000041 -1.999999999999999
1804 -16.195 -0.4175000000000023 -14.50000000000001
1805 -11.195 -0.4175000000000021 -14.5
1806 -16.195 -0.4175000000000021 -13.00000000000001
1807 -11.195 -0.4175000000000022 -13
1808 -16.195 -0.4175000000000023 -11.5
1809 -11.195 -0.4175000000000023 -11.5
1810 -2.175000000000002 -0.4175000000000026 -14.5
1811 -2.175 -0.4175000000000029 -13
1812 -2.175000000000002 -0.4175000000000025 -11.50000000000001
1813 2.175000000000001 -0.4175000000000019 -14.5
1814 2.175 -0.4175000000000019 -13
1815 2.174999999999999 -0.4175000000000018 -11.5
1816 11.195 -0.4175000000000023 -14.50000000000001
1817 16.19499999999999 -0.4175000000000023 -14.5
1818 11.195 -0.4175000000000022 -13.00000000000001
1819 16.19499999999999 -0.4175000000000026 -13
1820 11.195 -0.4175000000000021 -11.50000000000001
1821 16.19499999999999 -0.4175000000000023 -11.5
1822 -16.195 -0.4175000000000024 -20
1823 -11.195 -0.4175000000000025 -20
1824 -16.195 -0.4175000000000025 -19.00000000000001
1825 -11.195 -0.4175000000000028 -19
1826 -16.195 -0.4175000000000023 -18
1827 -11.195 -0.4175000000000026 -18
1828 -16.195 -0.4175000000000038 -17
1829 -11.195 -0.4175000000000033 -17
1830 -2.175000000000002 -0.4175000000000018 -20
1831 -2.175000000000001 -0.4175000000000021 -19
1832 -2.175000000000001 -0.4175000000000022 -18
1833 -2.175000000000002 -0.4175000000000035 -17
1834 2.174999999999999 -0.4175000000000019 -20
1835 2.174999999999999 -0.417500000000002 -19
1836 2.175 -0.4175000000000021 -18
1837 2.175000000000001 -0.4175000000000028 -17
1838 11.195 -0.4175000000000022 -20
1839 16.19499999999999 -0.4175000000000029 -20
1840 11.195 -0.4175000000000024 -19.00000000000001
1841 16.19499999999999 -0.4175000000000028 -19
1842 11.195 -0.4175000000000024 -18
1843 16.19499999999999 -0.417500000000003 -18
1844 11.195 -0.4175000000000033 -17
1845 16.19499999999999 -0.4175000000000035 -17
$EndNodes
$Elements
6223
1 15 2 0 1 1
2 15 2 0 2 2
3 15 2 0 3 3
4 15 2 0 4 4
5 15 2 0 5 5
6 15 2 0 6 6
7 15 2 0 7 7
8 15 2 0 8 8
9 15 2 0 9 9
10 15 2 0 10 10
11 15 2 0 11 11
12 15 2 0 12 12
13 15 2 0 13 13
14 15 2 0 14 14
15 15 2 0 15 15
16 15 2 0 16 16
17 15 2 0 17 17
18 15 2 0 18 18
19 15 2 0 19 19
20 15 2 0 20 20
21 15 2 0 21 21
22 15 2 0 22 22
23 15 2 0 23 23
24 15 2 0 24 24
25 15 2 0 25 25
26 15 2 0 26 26
27 15 2 0 27 27
28 15 2 0 28 28
29 15 2 0 29 29
30 15 2 0 30 30
31 15 2 0 31 31
32 15 2 0 32 32
33 15 2 0 33 33
34 15 2 0 34 34
35 15 2 0 35 35
36 15 2 0 36 36
37 15 2 0 37 37
38 15 2 0 38 38
39 15 2 0 39 39
40 15 2 0 40 40
41 15 2 0 41 41
42 15 2 0 42 42
43 15 2 0 43 43
44 15 2 0 44 44
45 15 2 0 45 45
46 15 2 0 46 46
47 15 2 0 47 47
48 15 2 0 48 48
49 15 2 0 49 49
50 15 2 0 50 50
51 15 2 0 51 51
52 15 2 0 52 52
53 15 2 0 53 53
54 15 2 0 54 54
55 15 2 0 55 55
56 15 2 0 56 56
57 15 2 0 57 57
58 15 2 0 58 58
59 15 2 0 59 59
60 15 2 0 60 60
61 15 2 0 61 61
62 15 2 0 62 62
63 15 2 0 63 63
64 15 2 0 64 64
65 15 2 0 65 65
66 15 2 0 66 66
67 15 2 0 67 67
68 15 2 0 68 68
69 15 2 0 69 69
70 15 2 0 70 70
71 15 2 0 71 71
72 15 2 0 72 72
73 15 2 0 73 73
74 15 2 0 74 74
75 15 2 0 75 75
76 15 2 0 76 76
77 15 2 0 77 77
78 15 2 0 78 78
79 15 2 0 79 79
80 15 2 0 80 80
81 15 2 0 81 81
82 15 2 0 82 82
83 15 2 0 83 83
84 15 2 0 84 84
85 15 2 0 85 85
86 15 2 0 86 86
87 15 2 0 87 87
88 15 2 0 88 88
89 15 2 0 89 89
90 15 2 0 90 90
91 15 2 0 91 91
92 15 2 0 92 92
93 15 2 0 93 93
94 15 2 0 94 94
95 15 2 0 95 95
96 15 2 0 96 96
97 15 2 0 97 97
98 15 2 0 98 98
99 15 2 0 99 99
100 15 2 0 100 100
101 15 2 0 101 101
102 15 2 0 102 102
103 15 2 0 103 103
104 15 2 0 104 104
105 15 2 0 105 105
106 15 2 0 106 106
107 15 2 0 107 107
108 15 2 0 108 108
109 15 2 0 109 109
110 15 2 0 110 110
111 15 2 0 111 111
112 15 2 0 112 112
113 15 2 0 113 113
114 15 2 0 114 114
115 15 2 0 115 115
116 15 2 0 116 116
117 15 2 0 117 117
118 15 2 0 118 118
119 15 2 0 119 119
120 15 2 0 120 120
121 15 2 0 121 121
122 15 2 0 122 122
123 15 2 0 123 123
124 15 2 0 124 124
125 15 2 0 125 125
126 15 2 0 126 126
127 15 2 0 127 127
128 15 2 0 128 128
129 15 2 0 129 129
130 15 2 0 130 130
131 15 2 0 131 131
132 15 2 0 132 132
133 15 2 0 133 133
134 15 2 0 134 134
135 15 2 0 135 135
136 15 2 0 136 136
137 15 2 0 137 137
138 15 2 0 138 138
139 15 2 0 139 139
140 15 2 0 140 140
141 15 2 0 141 141
142 15 2 0 142 142
143 15 2 0 143 143
144 15 2 0 144 144
145 15 2 0 145 145
146 15 2 0 146 146
147 15 2 0 147 147
148 15 2 0 148 148
149 15 2 0 149 149
150 15 2 0 150 150
151 15 2 0 151 151
152 15 2 0 152 152
153 15 2 0 153 153
154 15 2 0 154 154
155 15 2 0 155 155
156 15 2 0 156 156
157 15 2 0 157 157
158 15 2 0 158 158
159 15 2 0 159 159
160 15 2 0 160 160
161 15 2 0 161 161
162 15 2 0 162 162
163 15 2 0 163 163
164 15 2 0 164 164
165 15 2 0 165 165
166 15 2 0 166 166
167 15 2 0 167 167
168 15 2 0 168 168
169 15 2 0 169 169
170 15 2 0 170 170
171 15 2 0 171 171
172 15 2 0 172 172
173 15 2 0 173 173
174 15 2 0 174 174
175 15 2 0 175 175
176 15 2 0 176 176
177 15 2 0 177 177
178 15 2 0 178 178
179 15 2 0 179 179
180 15 2 0 180 180
181 15 2 0 181 181
182 15 2 0 182 182
183 15 2 0 183 183
184 15 2 0 184 184
185 15 2 0 185 185
186 15 2 0 186 186
187 15 2 0 187 187
188 15 2 0 188 188
189 15 2 0 189 189
190 15 2 0 190 190
191 15 2 0 191 191
192 15 2 0 192 192
193 15 2 0 193 193
194 15 2 0 194 194
195 15 2 0 195 195
196 15 2 0 196 196
197 15 2 0 197 197
198 15 2 0 198 198
199 15 2 0 199 199
200 15 2 0 200 200
201 15 2 0 201 201
202 15 2 0 202 202
203 15 2 0 203 203
204 15 2 0 204 204
205 15 2 0 205 205
206 15 2 0 206 206
207 15 2 0 207 207
208 15 2 0 208 208
209 15 2 0 209 209
210 15 2 0 210 210
211 15 2 0 211 211
212 15 2 0 212 212
213 15 2 0 213 213
214 15 2 0 214 214
215 15 2 0 215 215
216 15 2 0 216 216
217 15 2 0 217 217
218 15 2 0 218 218
219 15 2 0 219 219
220 15 2 0 220 220
221 15 2 0 221 221
222 15 2 0 222 222
223 15 2 0 223 223
224 15 2 0 224 224
225 15 2 0 225 225
226 15 2 0 226 226
227 15 2 0 227 227
228 15 2 0 228 228
229 15 2 0 229 229
230 15 2 0 230 230
231 15 2 0 231 231
232 15 2 0 232 232
233 15 2 0 237 233
234 15 2 0 238 234
235 15 2 0 239 235
236 15 2 0 240 236
237 15 2 0 241 237
238 15 2 0 242 238
239 15 2 0 243 239
240 15 2 0 244 240
241 15 2 0 245 241
242 15 2 0 246 242
243 15 2 0 247 243
244 15 2 0 248 244
245 15 2 0 254 245
246 15 2 0 255 246
247 15 2 0 257 247
248 15 2 0 258 248
249 15 2 0 259 249
250 15 2 0 260 250
251 15 2 0 261 251
252 15 2 0 262 252
253 15 2 0 263 253
254 15 2 0 264 254
255 15 2 0 265 255
256 15 2 0 266 256
257 15 2 0 267 257
258 15 2 0 268 258
259 15 2 0 269 259
260 15 2 0 270 260
261 15 2 0 271 261
262 15 2 0 272 262
263 15 2 0 276 263
264 15 2 0 277 264
265 15 2 0 278 265
266 15 2 0 279 266
267 15 2 0 280 267
268 15 2 0 281 268
269 15 2 0 282 269
270 15 2 0 283 270
271 15 2 0 284 271
272 15 2 0 285 272
273 15 2 0 286 273
274 15 2 0 287 274
275 15 2 0 288 275
276 15 2 0 289 276
277 15 2 0 290 277
278 15 2 0 291 278
279 15 2 0 292 279
280 15 2 0 293 280
281 15 2 0 294 281
282 15 2 0 295 282
283 15 2 0 296 283
284 15 2 0 297 284
285 15 2 0 298 285
286 15 2 0 299 286
287 15 2 0 300 287
288 15 2 0 301 288
289 15 2 0 302 289
290 15 2 0 303 290
291 15 2 0 304 291
292 15 2 0 305 292
293 15 2 0 306 293
294 15 2 0 307 294
295 15 2 0 308 295
296 15 2 0 309 296
297 15 2 0 310 297
298 15 2 0 311 298
299 15 2 0 312 299
300 15 2 0 313 300
301 15 2 0 314 301
302 15 2 0 315 302
303 15 2 0 316 303
304 15 2 0 317 304
305 15 2 0 318 305
306 15 2 0 319 306
307 15 2 0 320 307
308 15 2 0 321 308
309 15 2 0 322 309
310 15 2 0 323 310
311 15 2 0 324 311
312 15 2 0 325 312
313 15 2 0 326 313
314 15 2 0 327 314
315 15 2 0 328 315
316 15 2 0 329 316
317 15 2 0 330 317
318 15 2 0 331 318
319 15 2 0 332 319
320 15 2 0 333 320
321 15 2 0 334 321
322 15 2 0 335 322
323 15 2 0 336 323
324 15 2 0 337 324
325 15 2 0 338 325
326 15 2 0 339 326
327 15 2 0 340 327
328 15 2 0 341 328
329 1 2 0 1 1 329
330 1 2 0 1 329 330
331 1 2 0 1 330 331
332 1 2 0 1 331 332
333 1 2 0 1 332 2
334 1 2 0 2 2 333
335 1 2 0 2 333 3
336 1 2 0 3 4 334
337 1 2 0 3 334 335
338 1 2 0 3 335 336
339 1 2 0 3 336 337
340 1 2 0 3 337 3
341 1 2 0 4 1 338
342 1 2 0 4 338 4
343 1 2 0 5 5 339
344 1 2 0 5 339 340
345 1 2 0 5 340 341
346 1 2 0 5 341 342
347 1 2 0 5 342 6
348 1 2 0 6 6 343
349 1 2 0 6 343 7
350 1 2 0 7 8 344
351 1 2 0 7 344 345
352 1 2 0 7 345 346
353 1 2 0 7 346 347
354 1 2 0 7 347 7
355 1 2 0 8 5 348
356 1 2 0 8 348 8
357 1 2 0 9 1 349
358 1 2 0 9 349 350
359 1 2 0 9 350 5
360 1 2 0 10 2 351
361 1 2 0 10 351 352
362 1 2 0 10 352 6
363 1 2 0 11 4 353
364 1 2 0 11 353 354
365 1 2 0 11 354 8
366 1 2 0 12 3 355
367 1 2 0 12 355 356
368 1 2 0 12 356 7
369 1 2 0 13 9 357
370 1 2 0 13 357 358
371 1 2 0 13 358 359
372 1 2 0 13 359 360
373 1 2 0 13 360 10
374 1 2 0 14 10 361
375 1 2 0 14 361 11
376 1 2 0 15 12 362
377 1 2 0 15 362 363
378 1 2 0 15 363 364
379 1 2 0 15 364 365
380 1 2 0 15 365 11
381 1 2 0 16 9 366
382 1 2 0 16 366 12
383 1 2 0 17 5 9
384 1 2 0 18 6 10
385 1 2 0 19 8 12
386 1 2 0 20 7 11
387 1 2 0 21 13 367
388 1 2 0 21 367 368
389 1 2 0 21 368 369
390 1 2 0 21 369 370
391 1 2 0 21 370 14
392 1 2 0 22 14 371
393 1 2 0 22 371 15
394 1 2 0 23 16 372
395 1 2 0 23 372 373
396 1 2 0 23 373 374
397 1 2 0 23 374 375
398 1 2 0 23 375 15
399 1 2 0 24 13 376
400 1 2 0 24 376 16
401 1 2 0 25 9 377
402 1 2 0 25 377 13
403 1 2 0 26 10 378
404 1 2 0 26 378 14
405 1 2 0 27 12 379
406 1 2 0 27 379 16
407 1 2 0 28 11 380
408 1 2 0 28 380 15
409 1 2 0 29 17 381
410 1 2 0 29 381 382
411 1 2 0 29 382 383
412 1 2 0 29 383 384
413 1 2 0 29 384 18
414 1 2 0 30 18 385
415 1 2 0 30 385 19
416 1 2 0 31 20 386
417 1 2 0 31 386 387
418 1 2 0 31 387 388
419 1 2 0 31 388 389
420 1 2 0 31 389 19
421 1 2 0 32 17 390
422 1 2 0 32 390 20
423 1 2 0 33 13 17
424 1 2 0 34 14 18
425 1 2 0 35 16 20
426 1 2 0 36 15 19
427 1 2 0 37 21 391
428 1 2 0 37 391 392
429 1 2 0 37 392 393
430 1 2 0 37 393 394
431 1 2 0 37 394 22
432 1 2 0 38 22 395
433 1 2 0 38 395 23
434 1 2 0 39 24 396
435 1 2 0 39 396 397
436 1 2 0 39 397 398
437 1 2 0 39 398 399
438 1 2 0 39 399 23
439 1 2 0 40 21 400
440 1 2 0 40 400 24
441 1 2 0 41 17 21
442 1 2 0 42 18 22
443 1 2 0 43 20 24
444 1 2 0 44 19 23
445 1 2 0 45 25 401
446 1 2 0 45 401 402
447 1 2 0 45 402 403
448 1 2 0 45 403 404
449 1 2 0 45 404 26
450 1 2 0 46 26 405
451 1 2 0 46 405 27
452 1 2 0 47 28 406
453 1 2 0 47 406 407
454 1 2 0 47 407 408
455 1 2 0 47 408 409
456 1 2 0 47 409 27
457 1 2 0 48 25 410
458 1 2 0 48 410 28
459 1 2 0 49 21 25
460 1 2 0 50 22 26
461 1 2 0 51 24 28
462 1 2 0 52 23 27
463 1 2 0 53 29 411
464 1 2 0 53 411 412
465 1 2 0 53 412 413
466 1 2 0 53 413 414
467 1 2 0 53 414 30
468 1 2 0 54 30 415
469 1 2 0 54 415 31
470 1 2 0 55 32 416
471 1 2 0 55 416 417
472 1 2 0 55 417 418
473 1 2 0 55 418 419
474 1 2 0 55 419 31
475 1 2 0 56 29 420
476 1 2 0 56 420 32
477 1 2 0 57 25 29
478 1 2 0 58 26 30
479 1 2 0 59 28 32
480 1 2 0 60 27 31
481 1 2 0 61 33 421
482 1 2 0 61 421 422
483 1 2 0 61 422 423
484 1 2 0 61 423 424
485 1 2 0 61 424 34
486 1 2 0 62 34 425
487 1 2 0 62 425 35
488 1 2 0 63 36 426
489 1 2 0 63 426 427
490 1 2 0 63 427 428
491 1 2 0 63 428 429
492 1 2 0 63 429 35
493 1 2 0 64 33 430
494 1 2 0 64 430 36
495 1 2 0 65 29 431
496 1 2 0 65 431 33
497 1 2 0 66 30 432
498 1 2 0 66 432 34
499 1 2 0 67 32 433
500 1 2 0 67 433 36
501 1 2 0 68 31 434
502 1 2 0 68 434 35
503 1 2 0 69 37 435
504 1 2 0 69 435 436
505 1 2 0 69 436 437
506 1 2 0 69 437 438
507 1 2 0 69 438 38
508 1 2 0 70 38 439
509 1 2 0 70 439 39
510 1 2 0 71 40 440
511 1 2 0 71 440 441
512 1 2 0 71 441 442
513 1 2 0 71 442 443
514 1 2 0 71 443 39
515 1 2 0 72 37 444
516 1 2 0 72 444 40
517 1 2 0 73 33 37
518 1 2 0 74 34 38
519 1 2 0 75 36 40
520 1 2 0 76 35 39
521 1 2 0 77 41 445
522 1 2 0 77 445 446
523 1 2 0 77 446 447
524 1 2 0 77 447 448
525 1 2 0 77 448 42
526 1 2 0 78 42 449
527 1 2 0 78 449 43
528 1 2 0 79 44 450
529 1 2 0 79 450 451
530 1 2 0 79 451 452
531 1 2 0 79 452 453
532 1 2 0 79 453 43
533 1 2 0 80 41 454
534 1 2 0 80 454 44
535 1 2 0 81 37 455
536 1 2 0 81 455 456
537 1 2 0 81 456 41
538 1 2 0 82 38 457
539 1 2 0 82 457 458
540 1 2 0 82 458 42
541 1 2 0 83 40 459
542 1 2 0 83 459 460
543 1 2 0 83 460 44
544 1 2 0 84 39 461
545 1 2 0 84 461 462
546 1 2 0 84 462 43
547 1 2 0 85 3 45
548 1 2 0 86 46 463
549 1 2 0 86 463 464
550 1 2 0 86 464 465
551 1 2 0 86 465 466
552 1 2 0 86 466 45
553 1 2 0 87 4 46
554 1 2 0 88 7 47
555 1 2 0 89 48 467
556 1 2 0 89 467 468
557 1 2 0 89 468 469
558 1 2 0 89 469 470
559 1 2 0 89 470 47
560 1 2 0 90 8 48
561 1 2 0 91 46 471
562 1 2 0 91 471 472
563 1 2 0 91 472 48
564 1 2 0 92 45 473
565 1 2 0 92 473 474
566 1 2 0 92 474 47
567 1 2 0 93 11 49
568 1 2 0 94 50 475
569 1 2 0 94 475 476
570 1 2 0 94 476 477
571 1 2 0 94 477 478
572 1 2 0 94 478 49
573 1 2 0 95 12 50
574 1 2 0 96 48 50
575 1 2 0 97 47 49
576 1 2 0 98 15 51
577 1 2 0 99 52 479
578 1 2 0 99 479 480
579 1 2 0 99 480 481
580 1 2 0 99 481 482
581 1 2 0 99 482 51
582 1 2 0 100 16 52
583 1 2 0 101 50 483
584 1 2 0 101 483 52
585 1 2 0 102 49 484
586 1 2 0 102 484 51
587 1 2 0 103 19 53
588 1 2 0 104 54 485
589 1 2 0 104 485 486
590 1 2 0 104 486 487
591 1 2 0 104 487 488
592 1 2 0 104 488 53
593 1 2 0 105 20 54
594 1 2 0 106 52 54
595 1 2 0 107 51 53
596 1 2 0 108 23 55
597 1 2 0 109 56 489
598 1 2 0 109 489 490
599 1 2 0 109 490 491
600 1 2 0 109 491 492
601 1 2 0 109 492 55
602 1 2 0 110 24 56
603 1 2 0 111 54 56
604 1 2 0 112 53 55
605 1 2 0 113 27 57
606 1 2 0 114 58 493
607 1 2 0 114 493 494
608 1 2 0 114 494 495
609 1 2 0 114 495 496
610 1 2 0 114 496 57
611 1 2 0 115 28 58
612 1 2 0 116 56 58
613 1 2 0 117 55 57
614 1 2 0 118 31 59
615 1 2 0 119 60 497
616 1 2 0 119 497 498
617 1 2 0 119 498 499
618 1 2 0 119 499 500
619 1 2 0 119 500 59
620 1 2 0 120 32 60
621 1 2 0 121 58 60
622 1 2 0 122 57 59
623 1 2 0 123 35 61
624 1 2 0 124 62 501
625 1 2 0 124 501 502
626 1 2 0 124 502 503
627 1 2 0 124 503 504
628 1 2 0 124 504 61
629 1 2 0 125 36 62
630 1 2 0 126 60 505
631 1 2 0 126 505 62
632 1 2 0 127 59 506
633 1 2 0 127 506 61
634 1 2 0 128 39 63
635 1 2 0 129 64 507
636 1 2 0 129 507 508
637 1 2 0 129 508 509
638 1 2 0 129 509 510
639 1 2 0 129 510 63
640 1 2 0 130 40 64
641 1 2 0 131 62 64
642 1 2 0 132 61 63
643 1 2 0 133 43 65
644 1 2 0 134 66 511
645 1 2 0 134 511 512
646 1 2 0 134 512 513
647 1 2 0 134 513 514
648 1 2 0 134 514 65
649 1 2 0 135 44 66
650 1 2 0 136 64 515
651 1 2 0 136 515 516
652 1 2 0 136 516 66
653 1 2 0 137 63 517
654 1 2 0 137 517 518
655 1 2 0 137 518 65
656 1 2 0 138 45 67
657 1 2 0 139 68 519
658 1 2 0 139 519 520
659 1 2 0 139 520 521
660 1 2 0 139 521 522
661 1 2 0 139 522 67
662 1 2 0 140 46 68
663 1 2 0 141 47 69
664 1 2 0 142 70 523
665 1 2 0 142 523 524
666 1 2 0 142 524 525
667 1 2 0 142 525 526
668 1 2 0 142 526 69
669 1 2 0 143 48 70
670 1 2 0 144 68 527
671 1 2 0 144 527 528
672 1 2 0 144 528 70
673 1 2 0 145 67 529
674 1 2 0 145 529 530
675 1 2 0 145 530 69
676 1 2 0 146 49 71
677 1 2 0 147 72 531
678 1 2 0 147 531 532
679 1 2 0 147 532 533
680 1 2 0 147 533 534
681 1 2 0 147 534 71
682 1 2 0 148 50 72
683 1 2 0 149 70 72
684 1 2 0 150 69 71
685 1 2 0 151 51 73
686 1 2 0 152 74 535
687 1 2 0 152 535 536
688 1 2 0 152 536 537
689 1 2 0 152 537 538
690 1 2 0 152 538 73
691 1 2 0 153 52 74
692 1 2 0 154 72 539
693 1 2 0 154 539 74
694 1 2 0 155 71 540
695 1 2 0 155 540 73
696 1 2 0 156 53 75
697 1 2 0 157 76 541
698 1 2 0 157 541 542
699 1 2 0 157 542 543
700 1 2 0 157 543 544
701 1 2 0 157 544 75
702 1 2 0 158 54 76
703 1 2 0 159 74 76
704 1 2 0 160 73 75
705 1 2 0 161 55 77
706 1 2 0 162 78 545
707 1 2 0 162 545 546
708 1 2 0 162 546 547
709 1 2 0 162 547 548
710 1 2 0 162 548 77
711 1 2 0 163 56 78
712 1 2 0 164 76 78
713 1 2 0 165 75 77
714 1 2 0 166 57 79
715 1 2 0 167 80 549
716 1 2 0 167 549 550
717 1 2 0 167 550 551
718 1 2 0 167 551 552
719 1 2 0 167 552 79
720 1 2 0 168 58 80
721 1 2 0 169 78 80
722 1 2 0 170 77 79
723 1 2 0 171 59 81
724 1 2 0 172 82 553
725 1 2 0 172 553 554
726 1 2 0 172 554 555
727 1 2 0 172 555 556
728 1 2 0 172 556 81
729 1 2 0 173 60 82
730 1 2 0 174 80 82
731 1 2 0 175 79 81
732 1 2 0 176 61 83
733 1 2 0 177 84 557
734 1 2 0 177 557 558
735 1 2 0 177 558 559
736 1 2 0 177 559 560
737 1 2 0 177 560 83
738 1 2 0 178 62 84
739 1 2 0 179 82 561
740 1 2 0 179 561 84
741 1 2 0 180 81 562
742 1 2 0 180 562 83
743 1 2 0 181 63 85
744 1 2 0 182 86 563
745 1 2 0 182 563 564
746 1 2 0 182 564 565
747 1 2 0 182 565 566
748 1 2 0 182 566 85
749 1 2 0 183 64 86
750 1 2 0 184 84 86
751 1 2 0 185 83 85
752 1 2 0 186 65 87
753 1 2 0 187 88 567
754 1 2 0 187 567 568
755 1 2 0 187 568 569
756 1 2 0 187 569 570
757 1 2 0 187 570 87
758 1 2 0 188 66 88
759 1 2 0 189 86 571
760 1 2 0 189 571 572
761 1 2 0 189 572 88
762 1 2 0 190 85 573
763 1 2 0 190 573 574
764 1 2 0 190 574 87
765 1 2 0 191 89 575
766 1 2 0 191 575 576
767 1 2 0 191 576 577
768 1 2 0 191 577 1
769 1 2 0 192 90 578
770 1 2 0 192 578 579
771 1 2 0 192 579 580
772 1 2 0 192 580 4
773 1 2 0 193 89 581
774 1 2 0 193 581 90
775 1 2 0 194 91 582
776 1 2 0 194 582 583
777 1 2 0 194 583 584
778 1 2 0 194 584 5
779 1 2 0 195 92 585
780 1 2 0 195 585 586
781 1 2 0 195 586 587
782 1 2 0 195 587 8
783 1 2 0 196 91 588
784 1 2 0 196 588 92
785 1 2 0 197 89 589
786 1 2 0 197 589 590
787 1 2 0 197 590 91
788 1 2 0 198 90 591
789 1 2 0 198 591 592
790 1 2 0 198 592 92
791 1 2 0 199 93 593
792 1 2 0 199 593 594
793 1 2 0 199 594 595
794 1 2 0 199 595 9
795 1 2 0 200 94 596
796 1 2 0 200 596 597
797 1 2 0 200 597 598
798 1 2 0 200 598 12
799 1 2 0 201 93 599
800 1 2 0 201 599 94
801 1 2 0 202 91 93
802 1 2 0 203 92 94
803 1 2 0 204 95 600
804 1 2 0 204 600 601
805 1 2 0 204 601 602
806 1 2 0 204 602 13
807 1 2 0 205 96 603
808 1 2 0 205 603 604
809 1 2 0 205 604 605
810 1 2 0 205 605 16
811 1 2 0 206 95 606
812 1 2 0 206 606 96
813 1 2 0 207 93 607
814 1 2 0 207 607 95
815 1 2 0 208 94 608
816 1 2 0 208 608 96
817 1 2 0 209 97 609
818 1 2 0 209 609 610
819 1 2 0 209 610 611
820 1 2 0 209 611 17
821 1 2 0 210 98 612
822 1 2 0 210 612 613
823 1 2 0 210 613 614
824 1 2 0 210 614 20
825 1 2 0 211 97 615
826 1 2 0 211 615 98
827 1 2 0 212 95 97
828 1 2 0 213 96 98
829 1 2 0 214 99 616
830 1 2 0 214 616 617
831 1 2 0 214 617 618
832 1 2 0 214 618 21
833 1 2 0 215 100 619
834 1 2 0 215 619 620
835 1 2 0 215 620 621
836 1 2 0 215 621 24
837 1 2 0 216 99 622
838 1 2 0 216 622 100
839 1 2 0 217 97 99
840 1 2 0 218 98 100
841 1 2 0 219 101 623
842 1 2 0 219 623 624
843 1 2 0 219 624 625
844 1 2 0 219 625 25
845 1 2 0 220 102 626
846 1 2 0 220 626 627
847 1 2 0 220 627 628
848 1 2 0 220 628 28
849 1 2 0 221 101 629
850 1 2 0 221 629 102
851 1 2 0 222 99 101
852 1 2 0 223 100 102
853 1 2 0 224 103 630
854 1 2 0 224 630 631
855 1 2 0 224 631 632
856 1 2 0 224 632 29
857 1 2 0 225 104 633
858 1 2 0 225 633 634
859 1 2 0 225 634 635
860 1 2 0 225 635 32
861 1 2 0 226 103 636
862 1 2 0 226 636 104
863 1 2 0 227 101 103
864 1 2 0 228 102 104
865 1 2 0 229 105 637
866 1 2 0 229 637 638
867 1 2 0 229 638 639
868 1 2 0 229 639 33
869 1 2 0 230 106 640
870 1 2 0 230 640 641
871 1 2 0 230 641 642
872 1 2 0 230 642 36
873 1 2 0 231 105 643
874 1 2 0 231 643 106
875 1 2 0 232 103 644
876 1 2 0 232 644 105
877 1 2 0 233 104 645
878 1 2 0 233 645 106
879 1 2 0 234 107 646
880 1 2 0 234 646 647
881 1 2 0 234 647 648
882 1 2 0 234 648 37
883 1 2 0 235 108 649
884 1 2 0 235 649 650
885 1 2 0 235 650 651
886 1 2 0 235 651 40
887 1 2 0 236 107 652
888 1 2 0 236 652 108
889 1 2 0 237 105 107
890 1 2 0 238 106 108
891 1 2 0 239 109 653
892 1 2 0 239 653 654
893 1 2 0 239 654 655
894 1 2 0 239 655 41
895 1 2 0 240 110 656
896 1 2 0 240 656 657
897 1 2 0 240 657 658
898 1 2 0 240 658 44
899 1 2 0 241 109 659
900 1 2 0 241 659 110
901 1 2 0 242 107 660
902 1 2 0 242 660 661
903 1 2 0 242 661 109
904 1 2 0 243 108 662
905 1 2 0 243 662 663
906 1 2 0 243 663 110
907 1 2 0 244 111 664
908 1 2 0 244 664 665
909 1 2 0 244 665 666
910 1 2 0 244 666 46
911 1 2 0 245 90 111
912 1 2 0 246 112 667
913 1 2 0 246 667 668
914 1 2 0 246 668 669
915 1 2 0 246 669 48
916 1 2 0 247 92 112
917 1 2 0 248 111 670
918 1 2 0 248 670 671
919 1 2 0 248 671 112
920 1 2 0 249 113 672
921 1 2 0 249 672 673
922 1 2 0 249 673 674
923 1 2 0 249 674 50
924 1 2 0 250 94 113
925 1 2 0 251 112 113
926 1 2 0 252 114 675
927 1 2 0 252 675 676
928 1 2 0 252 676 677
929 1 2 0 252 677 52
930 1 2 0 253 96 114
931 1 2 0 254 113 678
932 1 2 0 254 678 114
933 1 2 0 255 115 679
934 1 2 0 255 679 680
935 1 2 0 255 680 681
936 1 2 0 255 681 54
937 1 2 0 256 98 115
938 1 2 0 257 114 115
939 1 2 0 258 116 682
940 1 2 0 258 682 683
941 1 2 0 258 683 684
942 1 2 0 258 684 56
943 1 2 0 259 100 116
944 1 2 0 260 115 116
945 1 2 0 261 117 685
946 1 2 0 261 685 686
947 1 2 0 261 686 687
948 1 2 0 261 687 58
949 1 2 0 262 102 117
950 1 2 0 263 116 117
951 1 2 0 264 118 688
952 1 2 0 264 688 689
953 1 2 0 264 689 690
954 1 2 0 264 690 60
955 1 2 0 265 104 118
956 1 2 0 266 117 118
957 1 2 0 267 119 691
958 1 2 0 267 691 692
959 1 2 0 267 692 693
960 1 2 0 267 693 62
961 1 2 0 268 106 119
962 1 2 0 269 118 694
963 1 2 0 269 694 119
964 1 2 0 270 120 695
965 1 2 0 270 695 696
966 1 2 0 270 696 697
967 1 2 0 270 697 64
968 1 2 0 271 108 120
969 1 2 0 272 119 120
970 1 2 0 273 121 698
971 1 2 0 273 698 699
972 1 2 0 273 699 700
973 1 2 0 273 700 66
974 1 2 0 274 110 121
975 1 2 0 275 120 701
976 1 2 0 275 701 702
977 1 2 0 275 702 121
978 1 2 0 276 122 703
979 1 2 0 276 703 704
980 1 2 0 276 704 705
981 1 2 0 276 705 68
982 1 2 0 277 111 122
983 1 2 0 278 123 706
984 1 2 0 278 706 707
985 1 2 0 278 707 708
986 1 2 0 278 708 70
987 1 2 0 279 112 123
988 1 2 0 280 122 709
989 1 2 0 280 709 710
990 1 2 0 280 710 123
991 1 2 0 281 124 711
992 1 2 0 281 711 712
993 1 2 0 281 712 713
994 1 2 0 281 713 72
995 1 2 0 282 113 124
996 1 2 0 283 123 124
997 1 2 0 284 125 714
998 1 2 0 284 714 715
999 1 2 0 284 715 716
1000 1 2 0 284 716 74
1001 1 2 0 285 114 125
1002 1 2 0 286 124 717
1003 1 2 0 286 717 125
1004 1 2 0 287 126 718
1005 1 2 0 287 718 719
1006 1 2 0 287 719 720
1007 1 2 0 287 720 76
1008 1 2 0 288 115 126
1009 1 2 0 289 125 126
1010 1 2 0 290 127 721
1011 1 2 0 290 721 722
1012 1 2 0 290 722 723
1013 1 2 0 290 723 78
1014 1 2 0 291 116 127
1015 1 2 0 292 126 127
1016 1 2 0 293 128 724
1017 1 2 0 293 724 725
1018 1 2 0 293 725 726
1019 1 2 0 293 726 80
1020 1 2 0 294 117 128
1021 1 2 0 295 127 128
1022 1 2 0 296 129 727
1023 1 2 0 296 727 728
1024 1 2 0 296 728 729
1025 1 2 0 296 729 82
1026 1 2 0 297 118 129
1027 1 2 0 298 128 129
1028 1 2 0 299 130 730
1029 1 2 0 299 730 731
1030 1 2 0 299 731 732
1031 1 2 0 299 732 84
1032 1 2 0 300 119 130
1033 1 2 0 301 129 733
1034 1 2 0 301 733 130
1035 1 2 0 302 131 734
1036 1 2 0 302 734 735
1037 1 2 0 302 735 736
1038 1 2 0 302 736 86
1039 1 2 0 303 120 131
1040 1 2 0 304 130 131
1041 1 2 0 305 132 737
1042 1 2 0 305 737 738
1043 1 2 0 305 738 739
1044 1 2 0 305 739 88
1045 1 2 0 306 121 132
1046 1 2 0 307 131 740
1047 1 2 0 307 740 741
1048 1 2 0 307 741 132
1049 1 2 0 308 133 742
1050 1 2 0 308 742 743
1051 1 2 0 308 743 744
1052 1 2 0 308 744 745
1053 1 2 0 308 745 89
1054 1 2 0 309 134 746
1055 1 2 0 309 746 747
1056 1 2 0 309 747 748
1057 1 2 0 309 748 749
1058 1 2 0 309 749 90
1059 1 2 0 310 133 750
1060 1 2 0 310 750 134
1061 1 2 0 311 135 751
1062 1 2 0 311 751 752
1063 1 2 0 311 752 753
1064 1 2 0 311 753 754
1065 1 2 0 311 754 91
1066 1 2 0 312 136 755
1067 1 2 0 312 755 756
1068 1 2 0 312 756 757
1069 1 2 0 312 757 758
1070 1 2 0 312 758 92
1071 1 2 0 313 135 759
1072 1 2 0 313 759 136
1073 1 2 0 314 133 760
1074 1 2 0 314 760 761
1075 1 2 0 314 761 135
1076 1 2 0 315 134 762
1077 1 2 0 315 762 763
1078 1 2 0 315 763 136
1079 1 2 0 316 137 764
1080 1 2 0 316 764 765
1081 1 2 0 316 765 766
1082 1 2 0 316 766 767
1083 1 2 0 316 767 93
1084 1 2 0 317 138 768
1085 1 2 0 317 768 769
1086 1 2 0 317 769 770
1087 1 2 0 317 770 771
1088 1 2 0 317 771 94
1089 1 2 0 318 137 772
1090 1 2 0 318 772 138
1091 1 2 0 319 135 137
1092 1 2 0 320 136 138
1093 1 2 0 321 139 773
1094 1 2 0 321 773 774
1095 1 2 0 321 774 775
1096 1 2 0 321 775 776
1097 1 2 0 321 776 95
1098 1 2 0 322 140 777
1099 1 2 0 322 777 778
1100 1 2 0 322 778 779
1101 1 2 0 322 779 780
1102 1 2 0 322 780 96
1103 1 2 0 323 139 781
1104 1 2 0 323 781 140
1105 1 2 0 324 137 782
1106 1 2 0 324 782 139
1107 1 2 0 325 138 783
1108 1 2 0 325 783 140
1109 1 2 0 326 141 784
1110 1 2 0 326 784 785
1111 1 2 0 326 785 786
1112 1 2 0 326 786 787
1113 1 2 0 326 787 97
1114 1 2 0 327 142 788
1115 1 2 0 327 788 789
1116 1 2 0 327 789 790
1117 1 2 0 327 790 791
1118 1 2 0 327 791 98
1119 1 2 0 328 141 792
1120 1 2 0 328 792 142
1121 1 2 0 329 139 141
1122 1 2 0 330 140 142
1123 1 2 0 331 143 793
1124 1 2 0 331 793 794
1125 1 2 0 331 794 795
1126 1 2 0 331 795 796
1127 1 2 0 331 796 99
1128 1 2 0 332 144 797
1129 1 2 0 332 797 798
1130 1 2 0 332 798 799
1131 1 2 0 332 799 800
1132 1 2 0 332 800 100
1133 1 2 0 333 143 801
1134 1 2 0 333 801 144
1135 1 2 0 334 141 143
1136 1 2 0 335 142 144
1137 1 2 0 336 145 802
1138 1 2 0 336 802 803
1139 1 2 0 336 803 804
1140 1 2 0 336 804 805
1141 1 2 0 336 805 101
1142 1 2 0 337 146 806
1143 1 2 0 337 806 807
1144 1 2 0 337 807 808
1145 1 2 0 337 808 809
1146 1 2 0 337 809 102
1147 1 2 0 338 145 810
1148 1 2 0 338 810 146
1149 1 2 0 339 143 145
1150 1 2 0 340 144 146
1151 1 2 0 341 147 811
1152 1 2 0 341 811 812
1153 1 2 0 341 812 813
1154 1 2 0 341 813 814
1155 1 2 0 341 814 103
1156 1 2 0 342 148 815
1157 1 2 0 342 815 816
1158 1 2 0 342 816 817
1159 1 2 0 342 817 818
1160 1 2 0 342 818 104
1161 1 2 0 343 147 819
1162 1 2 0 343 819 148
1163 1 2 0 344 145 147
1164 1 2 0 345 146 148
1165 1 2 0 346 149 820
1166 1 2 0 346 820 821
1167 1 2 0 346 821 822
1168 1 2 0 346 822 823
1169 1 2 0 346 823 105
1170 1 2 0 347 150 824
1171 1 2 0 347 824 825
1172 1 2 0 347 825 826
1173 1 2 0 347 826 827
1174 1 2 0 347 827 106
1175 1 2 0 348 149 828
1176 1 2 0 348 828 150
1177 1 2 0 349 147 829
1178 1 2 0 349 829 149
1179 1 2 0 350 148 830
1180 1 2 0 350 830 150
1181 1 2 0 351 151 831
1182 1 2 0 351 831 832
1183 1 2 0 351 832 833
1184 1 2 0 351 833 834
1185 1 2 0 351 834 107
1186 1 2 0 352 152 835
1187 1 2 0 352 835 836
1188 1 2 0 352 836 837
1189 1 2 0 352 837 838
1190 1 2 0 352 838 108
1191 1 2 0 353 151 839
1192 1 2 0 353 839 152
1193 1 2 0 354 149 151
1194 1 2 0 355 150 152
1195 1 2 0 356 153 840
1196 1 2 0 356 840 841
1197 1 2 0 356 841 842
1198 1 2 0 356 842 843
1199 1 2 0 356 843 109
1200 1 2 0 357 154 844
1201 1 2 0 357 844 845
1202 1 2 0 357 845 846
1203 1 2 0 357 846 847
1204 1 2 0 357 847 110
1205 1 2 0 358 153 848
1206 1 2 0 358 848 154
1207 1 2 0 359 151 849
1208 1 2 0 359 849 850
1209 1 2 0 359 850 153
1210 1 2 0 360 152 851
1211 1 2 0 360 851 852
1212 1 2 0 360 852 154
1213 1 2 0 361 155 853
1214 1 2 0 361 853 854
1215 1 2 0 361 854 855
1216 1 2 0 361 855 856
1217 1 2 0 361 856 111
1218 1 2 0 362 134 155
1219 1 2 0 363 156 857
1220 1 2 0 363 857 858
1221 1 2 0 363 858 859
1222 1 2 0 363 859 860
1223 1 2 0 363 860 112
1224 1 2 0 364 136 156
1225 1 2 0 365 155 861
1226 1 2 0 365 861 862
1227 1 2 0 365 862 156
1228 1 2 0 366 157 863
1229 1 2 0 366 863 864
1230 1 2 0 366 864 865
1231 1 2 0 366 865 866
1232 1 2 0 366 866 113
1233 1 2 0 367 138 157
1234 1 2 0 368 156 157
1235 1 2 0 369 158 867
1236 1 2 0 369 867 868
1237 1 2 0 369 868 869
1238 1 2 0 369 869 870
1239 1 2 0 369 870 114
1240 1 2 0 370 140 158
1241 1 2 0 371 157 871
1242 1 2 0 371 871 158
1243 1 2 0 372 159 872
1244 1 2 0 372 872 873
1245 1 2 0 372 873 874
1246 1 2 0 372 874 875
1247 1 2 0 372 875 115
1248 1 2 0 373 142 159
1249 1 2 0 374 158 159
1250 1 2 0 375 160 876
1251 1 2 0 375 876 877
1252 1 2 0 375 877 878
1253 1 2 0 375 878 879
1254 1 2 0 375 879 116
1255 1 2 0 376 144 160
1256 1 2 0 377 159 160
1257 1 2 0 378 161 880
1258 1 2 0 378 880 881
1259 1 2 0 378 881 882
1260 1 2 0 378 882 883
1261 1 2 0 378 883 117
1262 1 2 0 379 146 161
1263 1 2 0 380 160 161
1264 1 2 0 381 162 884
1265 1 2 0 381 884 885
1266 1 2 0 381 885 886
1267 1 2 0 381 886 887
1268 1 2 0 381 887 118
1269 1 2 0 382 148 162
1270 1 2 0 383 161 162
1271 1 2 0 384 163 888
1272 1 2 0 384 888 889
1273 1 2 0 384 889 890
1274 1 2 0 384 890 891
1275 1 2 0 384 891 119
1276 1 2 0 385 150 163
1277 1 2 0 386 162 892
1278 1 2 0 386 892 163
1279 1 2 0 387 164 893
1280 1 2 0 387 893 894
1281 1 2 0 387 894 895
1282 1 2 0 387 895 896
1283 1 2 0 387 896 120
1284 1 2 0 388 152 164
1285 1 2 0 389 163 164
1286 1 2 0 390 165 897
1287 1 2 0 390 897 898
1288 1 2 0 390 898 899
1289 1 2 0 390 899 900
1290 1 2 0 390 900 121
1291 1 2 0 391 154 165
1292 1 2 0 392 164 901
1293 1 2 0 392 901 902
1294 1 2 0 392 902 165
1295 1 2 0 393 166 903
1296 1 2 0 393 903 904
1297 1 2 0 393 904 905
1298 1 2 0 393 905 906
1299 1 2 0 393 906 122
1300 1 2 0 394 155 166
1301 1 2 0 395 167 907
1302 1 2 0 395 907 908
1303 1 2 0 395 908 909
1304 1 2 0 395 909 910
1305 1 2 0 395 910 123
1306 1 2 0 396 156 167
1307 1 2 0 397 166 911
1308 1 2 0 397 911 912
1309 1 2 0 397 912 167
1310 1 2 0 398 168 913
1311 1 2 0 398 913 914
1312 1 2 0 398 914 915
1313 1 2 0 398 915 916
1314 1 2 0 398 916 124
1315 1 2 0 399 157 168
1316 1 2 0 400 167 168
1317 1 2 0 401 169 917
1318 1 2 0 401 917 918
1319 1 2 0 401 918 919
1320 1 2 0 401 919 920
1321 1 2 0 401 920 125
1322 1 2 0 402 158 169
1323 1 2 0 403 168 921
1324 1 2 0 403 921 169
1325 1 2 0 404 170 922
1326 1 2 0 404 922 923
1327 1 2 0 404 923 924
1328 1 2 0 404 924 925
1329 1 2 0 404 925 126
1330 1 2 0 405 159 170
1331 1 2 0 406 169 170
1332 1 2 0 407 171 926
1333 1 2 0 407 926 927
1334 1 2 0 407 927 928
1335 1 2 0 407 928 929
1336 1 2 0 407 929 127
1337 1 2 0 408 160 171
1338 1 2 0 409 170 171
1339 1 2 0 410 172 930
1340 1 2 0 410 930 931
1341 1 2 0 410 931 932
1342 1 2 0 410 932 933
1343 1 2 0 410 933 128
1344 1 2 0 411 161 172
1345 1 2 0 412 171 172
1346 1 2 0 413 173 934
1347 1 2 0 413 934 935
1348 1 2 0 413 935 936
1349 1 2 0 413 936 937
1350 1 2 0 413 937 129
1351 1 2 0 414 162 173
1352 1 2 0 415 172 173
1353 1 2 0 416 174 938
1354 1 2 0 416 938 939
1355 1 2 0 416 939 940
1356 1 2 0 416 940 941
1357 1 2 0 416 941 130
1358 1 2 0 417 163 174
1359 1 2 0 418 173 942
1360 1 2 0 418 942 174
1361 1 2 0 419 175 943
1362 1 2 0 419 943 944
1363 1 2 0 419 944 945
1364 1 2 0 419 945 946
1365 1 2 0 419 946 131
1366 1 2 0 420 164 175
1367 1 2 0 421 174 175
1368 1 2 0 422 176 947
1369 1 2 0 422 947 948
1370 1 2 0 422 948 949
1371 1 2 0 422 949 950
1372 1 2 0 422 950 132
1373 1 2 0 423 165 176
1374 1 2 0 424 175 951
1375 1 2 0 424 951 952
1376 1 2 0 424 952 176
1377 1 2 0 425 133 177
1378 1 2 0 426 134 178
1379 1 2 0 427 177 953
1380 1 2 0 427 953 178
1381 1 2 0 428 136 179
1382 1 2 0 429 178 954
1383 1 2 0 429 954 955
1384 1 2 0 429 955 179
1385 1 2 0 430 135 180
1386 1 2 0 431 180 956
1387 1 2 0 431 956 179
1388 1 2 0 432 177 957
1389 1 2 0 432 957 958
1390 1 2 0 432 958 180
1391 1 2 0 433 138 181
1392 1 2 0 434 179 181
1393 1 2 0 435 137 182
1394 1 2 0 436 182 959
1395 1 2 0 436 959 181
1396 1 2 0 437 180 182
1397 1 2 0 438 140 183
1398 1 2 0 439 181 960
1399 1 2 0 439 960 183
1400 1 2 0 440 139 184
1401 1 2 0 441 184 961
1402 1 2 0 441 961 183
1403 1 2 0 442 182 962
1404 1 2 0 442 962 184
1405 1 2 0 443 142 185
1406 1 2 0 444 183 185
1407 1 2 0 445 141 186
1408 1 2 0 446 186 963
1409 1 2 0 446 963 185
1410 1 2 0 447 184 186
1411 1 2 0 448 144 187
1412 1 2 0 449 185 187
1413 1 2 0 450 143 188
1414 1 2 0 451 188 964
1415 1 2 0 451 964 187
1416 1 2 0 452 186 188
1417 1 2 0 453 146 189
1418 1 2 0 454 187 189
1419 1 2 0 455 145 190
1420 1 2 0 456 190 965
1421 1 2 0 456 965 189
1422 1 2 0 457 188 190
1423 1 2 0 458 148 191
1424 1 2 0 459 189 191
1425 1 2 0 460 147 192
1426 1 2 0 461 192 966
1427 1 2 0 461 966 191
1428 1 2 0 462 190 192
1429 1 2 0 463 150 193
1430 1 2 0 464 191 967
1431 1 2 0 464 967 193
1432 1 2 0 465 149 194
1433 1 2 0 466 194 968
1434 1 2 0 466 968 193
1435 1 2 0 467 192 969
1436 1 2 0 467 969 194
1437 1 2 0 468 152 195
1438 1 2 0 469 193 195
1439 1 2 0 470 151 196
1440 1 2 0 471 196 970
1441 1 2 0 471 970 195
1442 1 2 0 472 194 196
1443 1 2 0 473 154 197
1444 1 2 0 474 195 971
1445 1 2 0 474 971 972
1446 1 2 0 474 972 197
1447 1 2 0 475 153 198
1448 1 2 0 476 198 973
1449 1 2 0 476 973 197
1450 1 2 0 477 196 974
1451 1 2 0 477 974 975
1452 1 2 0 477 975 198
1453 1 2 0 478 155 199
1454 1 2 0 479 178 199
1455 1 2 0 480 156 200
1456 1 2 0 481 199 976
1457 1 2 0 481 976 977
1458 1 2 0 481 977 200
1459 1 2 0 482 179 200
1460 1 2 0 483 157 201
1461 1 2 0 484 200 201
1462 1 2 0 485 181 201
1463 1 2 0 486 158 202
1464 1 2 0 487 201 978
1465 1 2 0 487 978 202
1466 1 2 0 488 183 202
1467 1 2 0 489 159 203
1468 1 2 0 490 202 203
1469 1 2 0 491 185 203
1470 1 2 0 492 160 204
1471 1 2 0 493 203 204
1472 1 2 0 494 187 204
1473 1 2 0 495 161 205
1474 1 2 0 496 204 205
1475 1 2 0 497 189 205
1476 1 2 0 498 162 206
1477 1 2 0 499 205 206
1478 1 2 0 500 191 206
1479 1 2 0 501 163 207
1480 1 2 0 502 206 979
1481 1 2 0 502 979 207
1482 1 2 0 503 193 207
1483 1 2 0 504 164 208
1484 1 2 0 505 207 208
1485 1 2 0 506 195 208
1486 1 2 0 507 165 209
1487 1 2 0 508 208 980
1488 1 2 0 508 980 981
1489 1 2 0 508 981 209
1490 1 2 0 509 197 209
1491 1 2 0 510 166 210
1492 1 2 0 511 199 210
1493 1 2 0 512 167 211
1494 1 2 0 513 210 982
1495 1 2 0 513 982 983
1496 1 2 0 513 983 211
1497 1 2 0 514 200 211
1498 1 2 0 515 168 212
1499 1 2 0 516 211 212
1500 1 2 0 517 201 212
1501 1 2 0 518 169 213
1502 1 2 0 519 212 984
1503 1 2 0 519 984 213
1504 1 2 0 520 202 213
1505 1 2 0 521 170 214
1506 1 2 0 522 213 214
1507 1 2 0 523 203 214
1508 1 2 0 524 171 215
1509 1 2 0 525 214 215
1510 1 2 0 526 204 215
1511 1 2 0 527 172 216
1512 1 2 0 528 215 216
1513 1 2 0 529 205 216
1514 1 2 0 530 173 217
1515 1 2 0 531 216 217
1516 1 2 0 532 206 217
1517 1 2 0 533 174 218
1518 1 2 0 534 217 985
1519 1 2 0 534 985 218
1520 1 2 0 535 207 218
1521 1 2 0 536 175 219
1522 1 2 0 537 218 219
1523 1 2 0 538 208 219
1524 1 2 0 539 176 220
1525 1 2 0 540 219 986
1526 1 2 0 540 986 987
1527 1 2 0 540 987 220
1528 1 2 0 541 209 220
1529 1 2 0 542 1 221
1530 1 2 0 543 2 222
1531 1 2 0 544 221 988
1532 1 2 0 544 988 989
1533 1 2 0 544 989 990
1534 1 2 0 544 990 991
1535 1 2 0 544 991 222
1536 1 2 0 545 3 223
1537 1 2 0 546 222 992
1538 1 2 0 546 992 223
1539 1 2 0 547 4 224
1540 1 2 0 548 224 993
1541 1 2 0 548 993 994
1542 1 2 0 548 994 995
1543 1 2 0 548 995 996
1544 1 2 0 548 996 223
1545 1 2 0 549 221 997
1546 1 2 0 549 997 224
1547 1 2 0 550 45 225
1548 1 2 0 551 223 225
1549 1 2 0 552 46 226
1550 1 2 0 553 226 998
1551 1 2 0 553 998 999
1552 1 2 0 553 999 1000
1553 1 2 0 553 1000 1001
1554 1 2 0 553 1001 225
1555 1 2 0 554 224 226
1556 1 2 0 555 67 227
1557 1 2 0 556 225 227
1558 1 2 0 557 68 228
1559 1 2 0 558 228 1002
1560 1 2 0 558 1002 1003
1561 1 2 0 558 1003 1004
1562 1 2 0 558 1004 1005
1563 1 2 0 558 1005 227
1564 1 2 0 559 226 228
1565 1 2 0 560 89 229
1566 1 2 0 561 229 1006
1567 1 2 0 561 1006 1007
1568 1 2 0 561 1007 1008
1569 1 2 0 561 1008 221
1570 1 2 0 562 90 230
1571 1 2 0 563 230 1009
1572 1 2 0 563 1009 1010
1573 1 2 0 563 1010 1011
1574 1 2 0 563 1011 224
1575 1 2 0 564 229 1012
1576 1 2 0 564 1012 230
1577 1 2 0 565 111 231
1578 1 2 0 566 231 1013
1579 1 2 0 566 1013 1014
1580 1 2 0 566 1014 1015
1581 1 2 0 566 1015 226
1582 1 2 0 567 230 231
1583 1 2 0 568 122 232
1584 1 2 0 569 232 1016
1585 1 2 0 569 1016 1017
1586 1 2 0 569 1017 1018
1587 1 2 0 569 1018 228
1588 1 2 0 570 231 232
1589 1 2 0 582 41 233
1590 1 2 0 583 42 234
1591 1 2 0 584 233 1019
1592 1 2 0 584 1019 1020
1593 1 2 0 584 1020 1021
1594 1 2 0 584 1021 1022
1595 1 2 0 584 1022 234
1596 1 2 0 585 43 235
1597 1 2 0 586 234 1023
1598 1 2 0 586 1023 235
1599 1 2 0 587 44 236
1600 1 2 0 588 236 1024
1601 1 2 0 588 1024 1025
1602 1 2 0 588 1025 1026
1603 1 2 0 588 1026 1027
1604 1 2 0 588 1027 235
1605 1 2 0 589 233 1028
1606 1 2 0 589 1028 236
1607 1 2 0 590 65 237
1608 1 2 0 591 235 237
1609 1 2 0 592 66 238
1610 1 2 0 593 238 1029
1611 1 2 0 593 1029 1030
1612 1 2 0 593 1030 1031
1613 1 2 0 593 1031 1032
1614 1 2 0 593 1032 237
1615 1 2 0 594 236 238
1616 1 2 0 595 87 239
1617 1 2 0 596 237 239
1618 1 2 0 597 88 240
1619 1 2 0 598 240 1033
1620 1 2 0 598 1033 1034
1621 1 2 0 598 1034 1035
1622 1 2 0 598 1035 1036
1623 1 2 0 598 1036 239
1624 1 2 0 599 238 240
1625 1 2 0 600 109 241
1626 1 2 0 601 241 1037
1627 1 2 0 601 1037 1038
1628 1 2 0 601 1038 1039
1629 1 2 0 601 1039 233
1630 1 2 0 602 110 242
1631 1 2 0 603 242 1040
1632 1 2 0 603 1040 1041
1633 1 2 0 603 1041 1042
1634 1 2 0 603 1042 236
1635 1 2 0 604 241 1043
1636 1 2 0 604 1043 242
1637 1 2 0 605 121 243
1638 1 2 0 606 243 1044
1639 1 2 0 606 1044 1045
1640 1 2 0 606 1045 1046
1641 1 2 0 606 1046 238
1642 1 2 0 607 242 243
1643 1 2 0 608 132 244
1644 1 2 0 609 244 1047
1645 1 2 0 609 1047 1048
1646 1 2 0 609 1048 1049
1647 1 2 0 609 1049 240
1648 1 2 0 610 243 244
1649 1 2 0 623 5 245
1650 1 2 0 625 6 246
1651 1 2 0 626 245 1050
1652 1 2 0 626 1050 1051
1653 1 2 0 626 1051 1052
1654 1 2 0 626 1052 1053
1655 1 2 0 626 1053 246
1656 1 2 0 630 9 247
1657 1 2 0 631 245 247
1658 1 2 0 632 10 248
1659 1 2 0 633 247 1054
1660 1 2 0 633 1054 1055
1661 1 2 0 633 1055 1056
1662 1 2 0 633 1056 1057
1663 1 2 0 633 1057 248
1664 1 2 0 634 246 248
1665 1 2 0 635 13 249
1666 1 2 0 636 247 1058
1667 1 2 0 636 1058 249
1668 1 2 0 637 14 250
1669 1 2 0 638 249 1059
1670 1 2 0 638 1059 1060
1671 1 2 0 638 1060 1061
1672 1 2 0 638 1061 1062
1673 1 2 0 638 1062 250
1674 1 2 0 639 248 1063
1675 1 2 0 639 1063 250
1676 1 2 0 640 17 251
1677 1 2 0 641 249 251
1678 1 2 0 642 18 252
1679 1 2 0 643 251 1064
1680 1 2 0 643 1064 1065
1681 1 2 0 643 1065 1066
1682 1 2 0 643 1066 1067
1683 1 2 0 643 1067 252
1684 1 2 0 644 250 252
1685 1 2 0 645 21 253
1686 1 2 0 646 251 253
1687 1 2 0 647 22 254
1688 1 2 0 648 253 1068
1689 1 2 0 648 1068 1069
1690 1 2 0 648 1069 1070
1691 1 2 0 648 1070 1071
1692 1 2 0 648 1071 254
1693 1 2 0 649 252 254
1694 1 2 0 650 25 255
1695 1 2 0 651 253 255
1696 1 2 0 652 26 256
1697 1 2 0 653 255 1072
1698 1 2 0 653 1072 1073
1699 1 2 0 653 1073 1074
1700 1 2 0 653 1074 1075
1701 1 2 0 653 1075 256
1702 1 2 0 654 254 256
1703 1 2 0 655 29 257
1704 1 2 0 656 255 257
1705 1 2 0 657 30 258
1706 1 2 0 658 257 1076
1707 1 2 0 658 1076 1077
1708 1 2 0 658 1077 1078
1709 1 2 0 658 1078 1079
1710 1 2 0 658 1079 258
1711 1 2 0 659 256 258
1712 1 2 0 660 33 259
1713 1 2 0 661 257 1080
1714 1 2 0 661 1080 259
1715 1 2 0 662 34 260
1716 1 2 0 663 259 1081
1717 1 2 0 663 1081 1082
1718 1 2 0 663 1082 1083
1719 1 2 0 663 1083 1084
1720 1 2 0 663 1084 260
1721 1 2 0 664 258 1085
1722 1 2 0 664 1085 260
1723 1 2 0 665 37 261
1724 1 2 0 666 259 261
1725 1 2 0 667 38 262
1726 1 2 0 668 261 1086
1727 1 2 0 668 1086 1087
1728 1 2 0 668 1087 1088
1729 1 2 0 668 1088 1089
1730 1 2 0 668 1089 262
1731 1 2 0 669 260 262
1732 1 2 0 676 91 263
1733 1 2 0 678 263 1090
1734 1 2 0 678 1090 1091
1735 1 2 0 678 1091 1092
1736 1 2 0 678 1092 245
1737 1 2 0 680 93 264
1738 1 2 0 681 263 264
1739 1 2 0 682 264 1093
1740 1 2 0 682 1093 1094
1741 1 2 0 682 1094 1095
1742 1 2 0 682 1095 247
1743 1 2 0 683 95 265
1744 1 2 0 684 264 1096
1745 1 2 0 684 1096 265
1746 1 2 0 685 265 1097
1747 1 2 0 685 1097 1098
1748 1 2 0 685 1098 1099
1749 1 2 0 685 1099 249
1750 1 2 0 686 97 266
1751 1 2 0 687 265 266
1752 1 2 0 688 266 1100
1753 1 2 0 688 1100 1101
1754 1 2 0 688 1101 1102
1755 1 2 0 688 1102 251
1756 1 2 0 689 99 267
1757 1 2 0 690 266 267
1758 1 2 0 691 267 1103
1759 1 2 0 691 1103 1104
1760 1 2 0 691 1104 1105
1761 1 2 0 691 1105 253
1762 1 2 0 692 101 268
1763 1 2 0 693 267 268
1764 1 2 0 694 268 1106
1765 1 2 0 694 1106 1107
1766 1 2 0 694 1107 1108
1767 1 2 0 694 1108 255
1768 1 2 0 695 103 269
1769 1 2 0 696 268 269
1770 1 2 0 697 269 1109
1771 1 2 0 697 1109 1110
1772 1 2 0 697 1110 1111
1773 1 2 0 697 1111 257
1774 1 2 0 698 105 270
1775 1 2 0 699 269 1112
1776 1 2 0 699 1112 270
1777 1 2 0 700 270 1113
1778 1 2 0 700 1113 1114
1779 1 2 0 700 1114 1115
1780 1 2 0 700 1115 259
1781 1 2 0 701 107 271
1782 1 2 0 702 270 271
1783 1 2 0 703 271 1116
1784 1 2 0 703 1116 1117
1785 1 2 0 703 1117 1118
1786 1 2 0 703 1118 261
1787 1 2 0 704 133 272
1788 1 2 0 705 272 1119
1789 1 2 0 705 1119 1120
1790 1 2 0 705 1120 1121
1791 1 2 0 705 1121 1122
1792 1 2 0 705 1122 229
1793 1 2 0 706 134 273
1794 1 2 0 707 273 1123
1795 1 2 0 707 1123 1124
1796 1 2 0 707 1124 1125
1797 1 2 0 707 1125 1126
1798 1 2 0 707 1126 230
1799 1 2 0 708 272 1127
1800 1 2 0 708 1127 273
1801 1 2 0 709 155 274
1802 1 2 0 710 274 1128
1803 1 2 0 710 1128 1129
1804 1 2 0 710 1129 1130
1805 1 2 0 710 1130 1131
1806 1 2 0 710 1131 231
1807 1 2 0 711 273 274
1808 1 2 0 712 166 275
1809 1 2 0 713 275 1132
1810 1 2 0 713 1132 1133
1811 1 2 0 713 1133 1134
1812 1 2 0 713 1134 1135
1813 1 2 0 713 1135 232
1814 1 2 0 714 274 275
1815 1 2 0 715 153 276
1816 1 2 0 716 276 1136
1817 1 2 0 716 1136 1137
1818 1 2 0 716 1137 1138
1819 1 2 0 716 1138 1139
1820 1 2 0 716 1139 241
1821 1 2 0 717 154 277
1822 1 2 0 718 277 1140
1823 1 2 0 718 1140 1141
1824 1 2 0 718 1141 1142
1825 1 2 0 718 1142 1143
1826 1 2 0 718 1143 242
1827 1 2 0 719 276 1144
1828 1 2 0 719 1144 277
1829 1 2 0 720 165 278
1830 1 2 0 721 278 1145
1831 1 2 0 721 1145 1146
1832 1 2 0 721 1146 1147
1833 1 2 0 721 1147 1148
1834 1 2 0 721 1148 243
1835 1 2 0 722 277 278
1836 1 2 0 723 176 279
1837 1 2 0 724 279 1149
1838 1 2 0 724 1149 1150
1839 1 2 0 724 1150 1151
1840 1 2 0 724 1151 1152
1841 1 2 0 724 1152 244
1842 1 2 0 725 278 279
1843 1 2 0 726 1 280
1844 1 2 0 727 280 1153
1845 1 2 0 727 1153 1154
1846 1 2 0 727 1154 245
1847 1 2 0 728 2 281
1848 1 2 0 729 281 1155
1849 1 2 0 729 1155 1156
1850 1 2 0 729 1156 246
1851 1 2 0 730 280 1157
1852 1 2 0 730 1157 1158
1853 1 2 0 730 1158 1159
1854 1 2 0 730 1159 1160
1855 1 2 0 730 1160 281
1856 1 2 0 731 41 282
1857 1 2 0 732 261 1161
1858 1 2 0 732 1161 1162
1859 1 2 0 732 1162 282
1860 1 2 0 733 42 283
1861 1 2 0 734 282 1163
1862 1 2 0 734 1163 1164
1863 1 2 0 734 1164 1165
1864 1 2 0 734 1165 1166
1865 1 2 0 734 1166 283
1866 1 2 0 735 262 1167
1867 1 2 0 735 1167 1168
1868 1 2 0 735 1168 283
1869 1 2 0 736 89 284
1870 1 2 0 737 284 1169
1871 1 2 0 737 1169 1170
1872 1 2 0 737 1170 263
1873 1 2 0 738 284 1171
1874 1 2 0 738 1171 1172
1875 1 2 0 738 1172 1173
1876 1 2 0 738 1173 280
1877 1 2 0 739 109 285
1878 1 2 0 740 271 1174
1879 1 2 0 740 1174 1175
1880 1 2 0 740 1175 285
1881 1 2 0 741 285 1176
1882 1 2 0 741 1176 1177
1883 1 2 0 741 1177 1178
1884 1 2 0 741 1178 282
1885 1 2 0 742 133 286
1886 1 2 0 743 135 287
1887 1 2 0 744 286 1179
1888 1 2 0 744 1179 1180
1889 1 2 0 744 1180 287
1890 1 2 0 745 287 1181
1891 1 2 0 745 1181 1182
1892 1 2 0 745 1182 1183
1893 1 2 0 745 1183 1184
1894 1 2 0 745 1184 263
1895 1 2 0 746 286 1185
1896 1 2 0 746 1185 1186
1897 1 2 0 746 1186 1187
1898 1 2 0 746 1187 1188
1899 1 2 0 746 1188 284
1900 1 2 0 747 137 288
1901 1 2 0 748 287 288
1902 1 2 0 749 288 1189
1903 1 2 0 749 1189 1190
1904 1 2 0 749 1190 1191
1905 1 2 0 749 1191 1192
1906 1 2 0 749 1192 264
1907 1 2 0 750 139 289
1908 1 2 0 751 288 1193
1909 1 2 0 751 1193 289
1910 1 2 0 752 289 1194
1911 1 2 0 752 1194 1195
1912 1 2 0 752 1195 1196
1913 1 2 0 752 1196 1197
1914 1 2 0 752 1197 265
1915 1 2 0 753 141 290
1916 1 2 0 754 289 290
1917 1 2 0 755 290 1198
1918 1 2 0 755 1198 1199
1919 1 2 0 755 1199 1200
1920 1 2 0 755 1200 1201
1921 1 2 0 755 1201 266
1922 1 2 0 756 143 291
1923 1 2 0 757 290 291
1924 1 2 0 758 291 1202
1925 1 2 0 758 1202 1203
1926 1 2 0 758 1203 1204
1927 1 2 0 758 1204 1205
1928 1 2 0 758 1205 267
1929 1 2 0 759 145 292
1930 1 2 0 760 291 292
1931 1 2 0 761 292 1206
1932 1 2 0 761 1206 1207
1933 1 2 0 761 1207 1208
1934 1 2 0 761 1208 1209
1935 1 2 0 761 1209 268
1936 1 2 0 762 147 293
1937 1 2 0 763 292 293
1938 1 2 0 764 293 1210
1939 1 2 0 764 1210 1211
1940 1 2 0 764 1211 1212
1941 1 2 0 764 1212 1213
1942 1 2 0 764 1213 269
1943 1 2 0 765 149 294
1944 1 2 0 766 293 1214
1945 1 2 0 766 1214 294
1946 1 2 0 767 294 1215
1947 1 2 0 767 1215 1216
1948 1 2 0 767 1216 1217
1949 1 2 0 767 1217 1218
1950 1 2 0 767 1218 270
1951 1 2 0 768 151 295
1952 1 2 0 769 294 295
1953 1 2 0 770 295 1219
1954 1 2 0 770 1219 1220
1955 1 2 0 770 1220 1221
1956 1 2 0 770 1221 1222
1957 1 2 0 770 1222 271
1958 1 2 0 771 153 296
1959 1 2 0 772 295 1223
1960 1 2 0 772 1223 1224
1961 1 2 0 772 1224 296
1962 1 2 0 773 296 1225
1963 1 2 0 773 1225 1226
1964 1 2 0 773 1226 1227
1965 1 2 0 773 1227 1228
1966 1 2 0 773 1228 285
1967 1 2 0 774 177 297
1968 1 2 0 775 272 297
1969 1 2 0 776 178 298
1970 1 2 0 777 273 298
1971 1 2 0 778 297 1229
1972 1 2 0 778 1229 298
1973 1 2 0 779 199 299
1974 1 2 0 780 274 299
1975 1 2 0 781 298 299
1976 1 2 0 782 210 300
1977 1 2 0 783 275 300
1978 1 2 0 784 299 300
1979 1 2 0 785 198 301
1980 1 2 0 786 276 301
1981 1 2 0 787 197 302
1982 1 2 0 788 277 302
1983 1 2 0 789 301 1230
1984 1 2 0 789 1230 302
1985 1 2 0 790 209 303
1986 1 2 0 791 278 303
1987 1 2 0 792 302 303
1988 1 2 0 793 220 304
1989 1 2 0 794 279 304
1990 1 2 0 795 303 304
1991 1 2 0 796 177 305
1992 1 2 0 797 286 305
1993 1 2 0 798 180 306
1994 1 2 0 799 287 306
1995 1 2 0 800 305 1231
1996 1 2 0 800 1231 1232
1997 1 2 0 800 1232 306
1998 1 2 0 801 182 307
1999 1 2 0 802 288 307
2000 1 2 0 803 306 307
2001 1 2 0 804 184 308
2002 1 2 0 805 289 308
2003 1 2 0 806 307 1233
2004 1 2 0 806 1233 308
2005 1 2 0 807 186 309
2006 1 2 0 808 290 309
2007 1 2 0 809 308 309
2008 1 2 0 810 188 310
2009 1 2 0 811 291 310
2010 1 2 0 812 309 310
2011 1 2 0 813 190 311
2012 1 2 0 814 292 311
2013 1 2 0 815 310 311
2014 1 2 0 816 192 312
2015 1 2 0 817 293 312
2016 1 2 0 818 311 312
2017 1 2 0 819 194 313
2018 1 2 0 820 294 313
2019 1 2 0 821 312 1234
2020 1 2 0 821 1234 313
2021 1 2 0 822 196 314
2022 1 2 0 823 295 314
2023 1 2 0 824 313 314
2024 1 2 0 825 198 315
2025 1 2 0 826 296 315
2026 1 2 0 827 314 1235
2027 1 2 0 827 1235 1236
2028 1 2 0 827 1236 315
2029 1 2 0 828 221 316
2030 1 2 0 829 280 316
2031 1 2 0 830 222 317
2032 1 2 0 831 281 317
2033 1 2 0 832 316 1237
2034 1 2 0 832 1237 1238
2035 1 2 0 832 1238 1239
2036 1 2 0 832 1239 1240
2037 1 2 0 832 1240 317
2038 1 2 0 833 229 318
2039 1 2 0 834 284 318
2040 1 2 0 835 318 1241
2041 1 2 0 835 1241 1242
2042 1 2 0 835 1242 1243
2043 1 2 0 835 1243 316
2044 1 2 0 836 272 319
2045 1 2 0 837 286 319
2046 1 2 0 838 319 1244
2047 1 2 0 838 1244 1245
2048 1 2 0 838 1245 1246
2049 1 2 0 838 1246 1247
2050 1 2 0 838 1247 318
2051 1 2 0 839 233 320
2052 1 2 0 840 282 320
2053 1 2 0 841 234 321
2054 1 2 0 842 283 321
2055 1 2 0 843 320 1248
2056 1 2 0 843 1248 1249
2057 1 2 0 843 1249 1250
2058 1 2 0 843 1250 1251
2059 1 2 0 843 1251 321
2060 1 2 0 844 241 322
2061 1 2 0 845 285 322
2062 1 2 0 846 322 1252
2063 1 2 0 846 1252 1253
2064 1 2 0 846 1253 1254
2065 1 2 0 846 1254 320
2066 1 2 0 847 276 323
2067 1 2 0 848 296 323
2068 1 2 0 849 323 1255
2069 1 2 0 849 1255 1256
2070 1 2 0 849 1256 1257
2071 1 2 0 849 1257 1258
2072 1 2 0 849 1258 322
2073 1 2 0 850 297 324
2074 1 2 0 851 305 324
2075 1 2 0 852 319 324
2076 1 2 0 853 301 325
2077 1 2 0 854 315 325
2078 1 2 0 855 323 325
2079 1 2 0 856 326 1259
2080 1 2 0 856 1259 1260
2081 1 2 0 856 1260 1261
2082 1 2 0 856 1261 1262
2083 1 2 0 856 1262 1263
2084 1 2 0 856 1263 1264
2085 1 2 0 856 1264 1265
2086 1 2 0 856 1265 1266
2087 1 2 0 856 1266 1267
2088 1 2 0 856 1267 1268
2089 1 2 0 856 1268 1269
2090 1 2 0 856 1269 1270
2091 1 2 0 856 1270 1271
2092 1 2 0 856 1271 1272
2093 1 2 0 856 1272 1273
2094 1 2 0 856 1273 327
2095 1 2 0 857 327 1274
2096 1 2 0 857 1274 1275
2097 1 2 0 857 1275 1276
2098 1 2 0 857 1276 328
2099 3 2 0 1 1 329 1277 338
2100 3 2 0 1 338 1277 334 4
2101 3 2 0 1 329 330 1278 1277
2102 3 2 0 1 1277 1278 335 334
2103 3 2 0 1 330 331 1279 1278
2104 3 2 0 1 1278 1279 336 335
2105 3 2 0 1 331 332 1280 1279
2106 3 2 0 1 1279 1280 337 336
2107 3 2 0 1 332 2 333 1280
2108 3 2 0 1 1280 333 3 337
2109 3 2 0 2 5 348 1281 339
2110 3 2 0 2 348 8 344 1281
2111 3 2 0 2 339 1281 1282 340
2112 3 2 0 2 1281 344 345 1282
2113 3 2 0 2 340 1282 1283 341
2114 3 2 0 2 1282 345 346 1283
2115 3 2 0 2 341 1283 1284 342
2116 3 2 0 2 1283 346 347 1284
2117 3 2 0 2 342 1284 343 6
2118 3 2 0 2 1284 347 7 343
2119 3 2 0 3 1 349 1285 329
2120 3 2 0 3 329 1285 1286 330
2121 3 2 0 3 330 1286 1287 331
2122 3 2 0 3 331 1287 1288 332
2123 3 2 0 3 332 1288 351 2
2124 3 2 0 3 349 350 1289 1285
2125 3 2 0 3 1285 1289 1290 1286
2126 3 2 0 3 1286 1290 1291 1287
2127 3 2 0 3 1287 1291 1292 1288
2128 3 2 0 3 1288 1292 352 351
2129 3 2 0 3 350 5 339 1289
2130 3 2 0 3 1289 339 340 1290
2131 3 2 0 3 1290 340 341 1291
2132 3 2 0 3 1291 341 342 1292
2133 3 2 0 3 1292 342 6 352
2134 3 2 0 4 4 334 1293 353
2135 3 2 0 4 334 335 1294 1293
2136 3 2 0 4 335 336 1295 1294
2137 3 2 0 4 336 337 1296 1295
2138 3 2 0 4 337 3 355 1296
2139 3 2 0 4 353 1293 1297 354
2140 3 2 0 4 1293 1294 1298 1297
2141 3 2 0 4 1294 1295 1299 1298
2142 3 2 0 4 1295 1296 1300 1299
2143 3 2 0 4 1296 355 356 1300
2144 3 2 0 4 354 1297 344 8
2145 3 2 0 4 1297 1298 345 344
2146 3 2 0 4 1298 1299 346 345
2147 3 2 0 4 1299 1300 347 346
2148 3 2 0 4 1300 356 7 347
2149 3 2 0 5 1 338 1301 349
2150 3 2 0 5 349 1301 1302 350
2151 3 2 0 5 350 1302 348 5
2152 3 2 0 5 338 4 353 1301
2153 3 2 0 5 1301 353 354 1302
2154 3 2 0 5 1302 354 8 348
2155 3 2 0 6 2 351 1303 333
2156 3 2 0 6 351 352 1304 1303
2157 3 2 0 6 352 6 343 1304
2158 3 2 0 6 333 1303 355 3
2159 3 2 0 6 1303 1304 356 355
2160 3 2 0 6 1304 343 7 356
2161 3 2 0 7 9 366 1305 357
2162 3 2 0 7 366 12 362 1305
2163 3 2 0 7 357 1305 1306 358
2164 3 2 0 7 1305 362 363 1306
2165 3 2 0 7 358 1306 1307 359
2166 3 2 0 7 1306 363 364 1307
2167 3 2 0 7 359 1307 1308 360
2168 3 2 0 7 1307 364 365 1308
2169 3 2 0 7 360 1308 361 10
2170 3 2 0 7 1308 365 11 361
2171 3 2 0 8 5 9 357 339
2172 3 2 0 8 339 357 358 340
2173 3 2 0 8 340 358 359 341
2174 3 2 0 8 341 359 360 342
2175 3 2 0 8 342 360 10 6
2176 3 2 0 9 8 344 362 12
2177 3 2 0 9 344 345 363 362
2178 3 2 0 9 345 346 364 363
2179 3 2 0 9 346 347 365 364
2180 3 2 0 9 347 7 11 365
2181 3 2 0 10 5 348 366 9
2182 3 2 0 10 348 8 12 366
2183 3 2 0 11 6 10 361 343
2184 3 2 0 11 343 361 11 7
2185 3 2 0 12 13 376 1309 367
2186 3 2 0 12 376 16 372 1309
2187 3 2 0 12 367 1309 1310 368
2188 3 2 0 12 1309 372 373 1310
2189 3 2 0 12 368 1310 1311 369
2190 3 2 0 12 1310 373 374 1311
2191 3 2 0 12 369 1311 1312 370
2192 3 2 0 12 1311 374 375 1312
2193 3 2 0 12 370 1312 371 14
2194 3 2 0 12 1312 375 15 371
2195 3 2 0 13 9 377 1313 357
2196 3 2 0 13 357 1313 1314 358
2197 3 2 0 13 358 1314 1315 359
2198 3 2 0 13 359 1315 1316 360
2199 3 2 0 13 360 1316 378 10
2200 3 2 0 13 377 13 367 1313
2201 3 2 0 13 1313 367 368 1314
2202 3 2 0 13 1314 368 369 1315
2203 3 2 0 13 1315 369 370 1316
2204 3 2 0 13 1316 370 14 378
2205 3 2 0 14 12 362 1317 379
2206 3 2 0 14 362 363 1318 1317
2207 3 2 0 14 363 364 1319 1318
2208 3 2 0 14 364 365 1320 1319
2209 3 2 0 14 365 11 380 1320
2210 3 2 0 14 379 1317 372 16
2211 3 2 0 14 1317 1318 373 372
2212 3 2 0 14 1318 1319 374 373
2213 3 2 0 14 1319 1320 375 374
2214 3 2 0 14 1320 380 15 375
2215 3 2 0 15 9 366 1321 377
2216 3 2 0 15 377 1321 376 13
2217 3 2 0 15 366 12 379 1321
2218 3 2 0 15 1321 379 16 376
2219 3 2 0 16 10 378 1322 361
2220 3 2 0 16 378 14 371 1322
2221 3 2 0 16 361 1322 380 11
2222 3 2 0 16 1322 371 15 380
2223 3 2 0 17 17 390 1323 381
2224 3 2 0 17 390 20 386 1323
2225 3 2 0 17 381 1323 1324 382
2226 3 2 0 17 1323 386 387 1324
2227 3 2 0 17 382 1324 1325 383
2228 3 2 0 17 1324 387 388 1325
2229 3 2 0 17 383 1325 1326 384
2230 3 2 0 17 1325 388 389 1326
2231 3 2 0 17 384 1326 385 18
2232 3 2 0 17 1326 389 19 385
2233 3 2 0 18 13 17 381 367
2234 3 2 0 18 367 381 382 368
2235 3 2 0 18 368 382 383 369
2236 3 2 0 18 369 383 384 370
2237 3 2 0 18 370 384 18 14
2238 3 2 0 19 16 372 386 20
2239 3 2 0 19 372 373 387 386
2240 3 2 0 19 373 374 388 387
2241 3 2 0 19 374 375 389 388
2242 3 2 0 19 375 15 19 389
2243 3 2 0 20 13 376 390 17
2244 3 2 0 20 376 16 20 390
2245 3 2 0 21 14 18 385 371
2246 3 2 0 21 371 385 19 15
2247 3 2 0 22 21 400 1327 391
2248 3 2 0 22 400 24 396 1327
2249 3 2 0 22 391 1327 1328 392
2250 3 2 0 22 1327 396 397 1328
2251 3 2 0 22 392 1328 1329 393
2252 3 2 0 22 1328 397 398 1329
2253 3 2 0 22 393 1329 1330 394
2254 3 2 0 22 1329 398 399 1330
2255 3 2 0 22 394 1330 395 22
2256 3 2 0 22 1330 399 23 395
2257 3 2 0 23 17 21 391 381
2258 3 2 0 23 381 391 392 382
2259 3 2 0 23 382 392 393 383
2260 3 2 0 23 383 393 394 384
2261 3 2 0 23 384 394 22 18
2262 3 2 0 24 20 386 396 24
2263 3 2 0 24 386 387 397 396
2264 3 2 0 24 387 388 398 397
2265 3 2 0 24 388 389 399 398
2266 3 2 0 24 389 19 23 399
2267 3 2 0 25 17 390 400 21
2268 3 2 0 25 390 20 24 400
2269 3 2 0 26 18 22 395 385
2270 3 2 0 26 385 395 23 19
2271 3 2 0 27 25 410 1331 401
2272 3 2 0 27 410 28 406 1331
2273 3 2 0 27 401 1331 1332 402
2274 3 2 0 27 1331 406 407 1332
2275 3 2 0 27 402 1332 1333 403
2276 3 2 0 27 1332 407 408 1333
2277 3 2 0 27 403 1333 1334 404
2278 3 2 0 27 1333 408 409 1334
2279 3 2 0 27 404 1334 405 26
2280 3 2 0 27 1334 409 27 405
2281 3 2 0 28 21 25 401 391
2282 3 2 0 28 391 401 402 392
2283 3 2 0 28 392 402 403 393
2284 3 2 0 28 393 403 404 394
2285 3 2 0 28 394 404 26 22
2286 3 2 0 29 24 396 406 28
2287 3 2 0 29 396 397 407 406
2288 3 2 0 29 397 398 408 407
2289 3 2 0 29 398 399 409 408
2290 3 2 0 29 399 23 27 409
2291 3 2 0 30 21 400 410 25
2292 3 2 0 30 400 24 28 410
2293 3 2 0 31 22 26 405 395
2294 3 2 0 31 395 405 27 23
2295 3 2 0 32 29 420 1335 411
2296 3 2 0 32 420 32 416 1335
2297 3 2 0 32 411 1335 1336 412
2298 3 2 0 32 1335 416 417 1336
2299 3 2 0 32 412 1336 1337 413
2300 3 2 0 32 1336 417 418 1337
2301 3 2 0 32 413 1337 1338 414
2302 3 2 0 32 1337 418 419 1338
2303 3 2 0 32 414 1338 415 30
2304 3 2 0 32 1338 419 31 415
2305 3 2 0 33 25 29 411 401
2306 3 2 0 33 401 411 412 402
2307 3 2 0 33 402 412 413 403
2308 3 2 0 33 403 413 414 404
2309 3 2 0 33 404 414 30 26
2310 3 2 0 34 28 406 416 32
2311 3 2 0 34 406 407 417 416
2312 3 2 0 34 407 408 418 417
2313 3 2 0 34 408 409 419 418
2314 3 2 0 34 409 27 31 419
2315 3 2 0 35 25 410 420 29
2316 3 2 0 35 410 28 32 420
2317 3 2 0 36 26 30 415 405
2318 3 2 0 36 405 415 31 27
2319 3 2 0 37 33 430 1339 421
2320 3 2 0 37 430 36 426 1339
2321 3 2 0 37 421 1339 1340 422
2322 3 2 0 37 1339 426 427 1340
2323 3 2 0 37 422 1340 1341 423
2324 3 2 0 37 1340 427 428 1341
2325 3 2 0 37 423 1341 1342 424
2326 3 2 0 37 1341 428 429 1342
2327 3 2 0 37 424 1342 425 34
2328 3 2 0 37 1342 429 35 425
2329 3 2 0 38 29 431 1343 411
2330 3 2 0 38 411 1343 1344 412
2331 3 2 0 38 412 1344 1345 413
2332 3 2 0 38 413 1345 1346 414
2333 3 2 0 38 414 1346 432 30
2334 3 2 0 38 431 33 421 1343
2335 3 2 0 38 1343 421 422 1344
2336 3 2 0 38 1344 422 423 1345
2337 3 2 0 38 1345 423 424 1346
2338 3 2 0 38 1346 424 34 432
2339 3 2 0 39 32 416 1347 433
2340 3 2 0 39 416 417 1348 1347
2341 3 2 0 39 417 418 1349 1348
2342 3 2 0 39 418 419 1350 1349
2343 3 2 0 39 419 31 434 1350
2344 3 2 0 39 433 1347 426 36
2345 3 2 0 39 1347 1348 427 426
2346 3 2 0 39 1348 1349 428 427
2347 3 2 0 39 1349 1350 429 428
2348 3 2 0 39 1350 434 35 429
2349 3 2 0 40 29 420 1351 431
2350 3 2 0 40 431 1351 430 33
2351 3 2 0 40 420 32 433 1351
2352 3 2 0 40 1351 433 36 430
2353 3 2 0 41 30 432 1352 415
2354 3 2 0 41 432 34 425 1352
2355 3 2 0 41 415 1352 434 31
2356 3 2 0 41 1352 425 35 434
2357 3 2 0 42 37 444 1353 435
2358 3 2 0 42 444 40 440 1353
2359 3 2 0 42 435 1353 1354 436
2360 3 2 0 42 1353 440 441 1354
2361 3 2 0 42 436 1354 1355 437
2362 3 2 0 42 1354 441 442 1355
2363 3 2 0 42 437 1355 1356 438
2364 3 2 0 42 1355 442 443 1356
2365 3 2 0 42 438 1356 439 38
2366 3 2 0 42 1356 443 39 439
2367 3 2 0 43 33 37 435 421
2368 3 2 0 43 421 435 436 422
2369 3 2 0 43 422 436 437 423
2370 3 2 0 43 423 437 438 424
2371 3 2 0 43 424 438 38 34
2372 3 2 0 44 36 426 440 40
2373 3 2 0 44 426 427 441 440
2374 3 2 0 44 427 428 442 441
2375 3 2 0 44 428 429 443 442
2376 3 2 0 44 429 35 39 443
2377 3 2 0 45 33 430 444 37
2378 3 2 0 45 430 36 40 444
2379 3 2 0 46 34 38 439 425
2380 3 2 0 46 425 439 39 35
2381 3 2 0 47 41 454 1357 445
2382 3 2 0 47 454 44 450 1357
2383 3 2 0 47 445 1357 1358 446
2384 3 2 0 47 1357 450 451 1358
2385 3 2 0 47 446 1358 1359 447
2386 3 2 0 47 1358 451 452 1359
2387 3 2 0 47 447 1359 1360 448
2388 3 2 0 47 1359 452 453 1360
2389 3 2 0 47 448 1360 449 42
2390 3 2 0 47 1360 453 43 449
2391 3 2 0 48 37 455 1361 435
2392 3 2 0 48 435 1361 1362 436
2393 3 2 0 48 436 1362 1363 437
2394 3 2 0 48 437 1363 1364 438
2395 3 2 0 48 438 1364 457 38
2396 3 2 0 48 455 456 1365 1361
2397 3 2 0 48 1361 1365 1366 1362
2398 3 2 0 48 1362 1366 1367 1363
2399 3 2 0 48 1363 1367 1368 1364
2400 3 2 0 48 1364 1368 458 457
2401 3 2 0 48 456 41 445 1365
2402 3 2 0 48 1365 445 446 1366
2403 3 2 0 48 1366 446 447 1367
2404 3 2 0 48 1367 447 448 1368
2405 3 2 0 48 1368 448 42 458
2406 3 2 0 49 40 440 1369 459
2407 3 2 0 49 440 441 1370 1369
2408 3 2 0 49 441 442 1371 1370
2409 3 2 0 49 442 443 1372 1371
2410 3 2 0 49 443 39 461 1372
2411 3 2 0 49 459 1369 1373 460
2412 3 2 0 49 1369 1370 1374 1373
2413 3 2 0 49 1370 1371 1375 1374
2414 3 2 0 49 1371 1372 1376 1375
2415 3 2 0 49 1372 461 462 1376
2416 3 2 0 49 460 1373 450 44
2417 3 2 0 49 1373 1374 451 450
2418 3 2 0 49 1374 1375 452 451
2419 3 2 0 49 1375 1376 453 452
2420 3 2 0 49 1376 462 43 453
2421 3 2 0 50 37 444 1377 455
2422 3 2 0 50 455 1377 1378 456
2423 3 2 0 50 456 1378 454 41
2424 3 2 0 50 444 40 459 1377
2425 3 2 0 50 1377 459 460 1378
2426 3 2 0 50 1378 460 44 454
2427 3 2 0 51 38 457 1379 439
2428 3 2 0 51 457 458 1380 1379
2429 3 2 0 51 458 42 449 1380
2430 3 2 0 51 439 1379 461 39
2431 3 2 0 51 1379 1380 462 461
2432 3 2 0 51 1380 449 43 462
2433 3 2 0 52 4 334 463 46
2434 3 2 0 52 334 335 464 463
2435 3 2 0 52 335 336 465 464
2436 3 2 0 52 336 337 466 465
2437 3 2 0 52 337 3 45 466
2438 3 2 0 53 8 48 467 344
2439 3 2 0 53 344 467 468 345
2440 3 2 0 53 345 468 469 346
2441 3 2 0 53 346 469 470 347
2442 3 2 0 53 347 470 47 7
2443 3 2 0 54 46 463 1381 471
2444 3 2 0 54 463 464 1382 1381
2445 3 2 0 54 464 465 1383 1382
2446 3 2 0 54 465 466 1384 1383
2447 3 2 0 54 466 45 473 1384
2448 3 2 0 54 471 1381 1385 472
2449 3 2 0 54 1381 1382 1386 1385
2450 3 2 0 54 1382 1383 1387 1386
2451 3 2 0 54 1383 1384 1388 1387
2452 3 2 0 54 1384 473 474 1388
2453 3 2 0 54 472 1385 467 48
2454 3 2 0 54 1385 1386 468 467
2455 3 2 0 54 1386 1387 469 468
2456 3 2 0 54 1387 1388 470 469
2457 3 2 0 54 1388 474 47 470
2458 3 2 0 55 4 46 471 353
2459 3 2 0 55 353 471 472 354
2460 3 2 0 55 354 472 48 8
2461 3 2 0 56 3 355 473 45
2462 3 2 0 56 355 356 474 473
2463 3 2 0 56 356 7 47 474
2464 3 2 0 57 12 50 475 362
2465 3 2 0 57 362 475 476 363
2466 3 2 0 57 363 476 477 364
2467 3 2 0 57 364 477 478 365
2468 3 2 0 57 365 478 49 11
2469 3 2 0 58 48 467 475 50
2470 3 2 0 58 467 468 476 475
2471 3 2 0 58 468 469 477 476
2472 3 2 0 58 469 470 478 477
2473 3 2 0 58 470 47 49 478
2474 3 2 0 59 8 48 50 12
2475 3 2 0 60 7 11 49 47
2476 3 2 0 61 16 52 479 372
2477 3 2 0 61 372 479 480 373
2478 3 2 0 61 373 480 481 374
2479 3 2 0 61 374 481 482 375
2480 3 2 0 61 375 482 51 15
2481 3 2 0 62 50 475 1389 483
2482 3 2 0 62 475 476 1390 1389
2483 3 2 0 62 476 477 1391 1390
2484 3 2 0 62 477 478 1392 1391
2485 3 2 0 62 478 49 484 1392
2486 3 2 0 62 483 1389 479 52
2487 3 2 0 62 1389 1390 480 479
2488 3 2 0 62 1390 1391 481 480
2489 3 2 0 62 1391 1392 482 481
2490 3 2 0 62 1392 484 51 482
2491 3 2 0 63 12 50 483 379
2492 3 2 0 63 379 483 52 16
2493 3 2 0 64 11 380 484 49
2494 3 2 0 64 380 15 51 484
2495 3 2 0 65 20 54 485 386
2496 3 2 0 65 386 485 486 387
2497 3 2 0 65 387 486 487 388
2498 3 2 0 65 388 487 488 389
2499 3 2 0 65 389 488 53 19
2500 3 2 0 66 52 479 485 54
2501 3 2 0 66 479 480 486 485
2502 3 2 0 66 480 481 487 486
2503 3 2 0 66 481 482 488 487
2504 3 2 0 66 482 51 53 488
2505 3 2 0 67 16 52 54 20
2506 3 2 0 68 15 19 53 51
2507 3 2 0 69 24 56 489 396
2508 3 2 0 69 396 489 490 397
2509 3 2 0 69 397 490 491 398
2510 3 2 0 69 398 491 492 399
2511 3 2 0 69 399 492 55 23
2512 3 2 0 70 54 485 489 56
2513 3 2 0 70 485 486 490 489
2514 3 2 0 70 486 487 491 490
2515 3 2 0 70 487 488 492 491
2516 3 2 0 70 488 53 55 492
2517 3 2 0 71 20 54 56 24
2518 3 2 0 72 19 23 55 53
2519 3 2 0 73 28 58 493 406
2520 3 2 0 73 406 493 494 407
2521 3 2 0 73 407 494 495 408
2522 3 2 0 73 408 495 496 409
2523 3 2 0 73 409 496 57 27
2524 3 2 0 74 56 489 493 58
2525 3 2 0 74 489 490 494 493
2526 3 2 0 74 490 491 495 494
2527 3 2 0 74 491 492 496 495
2528 3 2 0 74 492 55 57 496
2529 3 2 0 75 24 56 58 28
2530 3 2 0 76 23 27 57 55
2531 3 2 0 77 32 60 497 416
2532 3 2 0 77 416 497 498 417
2533 3 2 0 77 417 498 499 418
2534 3 2 0 77 418 499 500 419
2535 3 2 0 77 419 500 59 31
2536 3 2 0 78 58 493 497 60
2537 3 2 0 78 493 494 498 497
2538 3 2 0 78 494 495 499 498
2539 3 2 0 78 495 496 500 499
2540 3 2 0 78 496 57 59 500
2541 3 2 0 79 28 58 60 32
2542 3 2 0 80 27 31 59 57
2543 3 2 0 81 36 62 501 426
2544 3 2 0 81 426 501 502 427
2545 3 2 0 81 427 502 503 428
2546 3 2 0 81 428 503 504 429
2547 3 2 0 81 429 504 61 35
2548 3 2 0 82 60 497 1393 505
2549 3 2 0 82 497 498 1394 1393
2550 3 2 0 82 498 499 1395 1394
2551 3 2 0 82 499 500 1396 1395
2552 3 2 0 82 500 59 506 1396
2553 3 2 0 82 505 1393 501 62
2554 3 2 0 82 1393 1394 502 501
2555 3 2 0 82 1394 1395 503 502
2556 3 2 0 82 1395 1396 504 503
2557 3 2 0 82 1396 506 61 504
2558 3 2 0 83 32 60 505 433
2559 3 2 0 83 433 505 62 36
2560 3 2 0 84 31 434 506 59
2561 3 2 0 84 434 35 61 506
2562 3 2 0 85 40 64 507 440
2563 3 2 0 85 440 507 508 441
2564 3 2 0 85 441 508 509 442
2565 3 2 0 85 442 509 510 443
2566 3 2 0 85 443 510 63 39
2567 3 2 0 86 62 501 507 64
2568 3 2 0 86 501 502 508 507
2569 3 2 0 86 502 503 509 508
2570 3 2 0 86 503 504 510 509
2571 3 2 0 86 504 61 63 510
2572 3 2 0 87 36 62 64 40
2573 3 2 0 88 35 39 63 61
2574 3 2 0 89 44 66 511 450
2575 3 2 0 89 450 511 512 451
2576 3 2 0 89 451 512 513 452
2577 3 2 0 89 452 513 514 453
2578 3 2 0 89 453 514 65 43
2579 3 2 0 90 64 507 1397 515
2580 3 2 0 90 507 508 1398 1397
2581 3 2 0 90 508 509 1399 1398
2582 3 2 0 90 509 510 1400 1399
2583 3 2 0 90 510 63 517 1400
2584 3 2 0 90 515 1397 1401 516
2585 3 2 0 90 1397 1398 1402 1401
2586 3 2 0 90 1398 1399 1403 1402
2587 3 2 0 90 1399 1400 1404 1403
2588 3 2 0 90 1400 517 518 1404
2589 3 2 0 90 516 1401 511 66
2590 3 2 0 90 1401 1402 512 511
2591 3 2 0 90 1402 1403 513 512
2592 3 2 0 90 1403 1404 514 513
2593 3 2 0 90 1404 518 65 514
2594 3 2 0 91 40 64 515 459
2595 3 2 0 91 459 515 516 460
2596 3 2 0 91 460 516 66 44
2597 3 2 0 92 39 461 517 63
2598 3 2 0 92 461 462 518 517
2599 3 2 0 92 462 43 65 518
2600 3 2 0 93 46 463 519 68
2601 3 2 0 93 463 464 520 519
2602 3 2 0 93 464 465 521 520
2603 3 2 0 93 465 466 522 521
2604 3 2 0 93 466 45 67 522
2605 3 2 0 94 48 70 523 467
2606 3 2 0 94 467 523 524 468
2607 3 2 0 94 468 524 525 469
2608 3 2 0 94 469 525 526 470
2609 3 2 0 94 470 526 69 47
2610 3 2 0 95 68 519 1405 527
2611 3 2 0 95 519 520 1406 1405
2612 3 2 0 95 520 521 1407 1406
2613 3 2 0 95 521 522 1408 1407
2614 3 2 0 95 522 67 529 1408
2615 3 2 0 95 527 1405 1409 528
2616 3 2 0 95 1405 1406 1410 1409
2617 3 2 0 95 1406 1407 1411 1410
2618 3 2 0 95 1407 1408 1412 1411
2619 3 2 0 95 1408 529 530 1412
2620 3 2 0 95 528 1409 523 70
2621 3 2 0 95 1409 1410 524 523
2622 3 2 0 95 1410 1411 525 524
2623 3 2 0 95 1411 1412 526 525
2624 3 2 0 95 1412 530 69 526
2625 3 2 0 96 46 68 527 471
2626 3 2 0 96 471 527 528 472
2627 3 2 0 96 472 528 70 48
2628 3 2 0 97 45 473 529 67
2629 3 2 0 97 473 474 530 529
2630 3 2 0 97 474 47 69 530
2631 3 2 0 98 50 72 531 475
2632 3 2 0 98 475 531 532 476
2633 3 2 0 98 476 532 533 477
2634 3 2 0 98 477 533 534 478
2635 3 2 0 98 478 534 71 49
2636 3 2 0 99 70 523 531 72
2637 3 2 0 99 523 524 532 531
2638 3 2 0 99 524 525 533 532
2639 3 2 0 99 525 526 534 533
2640 3 2 0 99 526 69 71 534
2641 3 2 0 100 48 70 72 50
2642 3 2 0 101 47 49 71 69
2643 3 2 0 102 52 74 535 479
2644 3 2 0 102 479 535 536 480
2645 3 2 0 102 480 536 537 481
2646 3 2 0 102 481 537 538 482
2647 3 2 0 102 482 538 73 51
2648 3 2 0 103 72 531 1413 539
2649 3 2 0 103 531 532 1414 1413
2650 3 2 0 103 532 533 1415 1414
2651 3 2 0 103 533 534 1416 1415
2652 3 2 0 103 534 71 540 1416
2653 3 2 0 103 539 1413 535 74
2654 3 2 0 103 1413 1414 536 535
2655 3 2 0 103 1414 1415 537 536
2656 3 2 0 103 1415 1416 538 537
2657 3 2 0 103 1416 540 73 538
2658 3 2 0 104 50 72 539 483
2659 3 2 0 104 483 539 74 52
2660 3 2 0 105 49 484 540 71
2661 3 2 0 105 484 51 73 540
2662 3 2 0 106 54 76 541 485
2663 3 2 0 106 485 541 542 486
2664 3 2 0 106 486 542 543 487
2665 3 2 0 106 487 543 544 488
2666 3 2 0 106 488 544 75 53
2667 3 2 0 107 74 535 541 76
2668 3 2 0 107 535 536 542 541
2669 3 2 0 107 536 537 543 542
2670 3 2 0 107 537 538 544 543
2671 3 2 0 107 538 73 75 544
2672 3 2 0 108 52 74 76 54
2673 3 2 0 109 51 53 75 73
2674 3 2 0 110 56 78 545 489
2675 3 2 0 110 489 545 546 490
2676 3 2 0 110 490 546 547 491
2677 3 2 0 110 491 547 548 492
2678 3 2 0 110 492 548 77 55
2679 3 2 0 111 76 541 545 78
2680 3 2 0 111 541 542 546 545
2681 3 2 0 111 542 543 547 546
2682 3 2 0 111 543 544 548 547
2683 3 2 0 111 544 75 77 548
2684 3 2 0 112 54 76 78 56
2685 3 2 0 113 53 55 77 75
2686 3 2 0 114 58 80 549 493
2687 3 2 0 114 493 549 550 494
2688 3 2 0 114 494 550 551 495
2689 3 2 0 114 495 551 552 496
2690 3 2 0 114 496 552 79 57
2691 3 2 0 115 78 545 549 80
2692 3 2 0 115 545 546 550 549
2693 3 2 0 115 546 547 551 550
2694 3 2 0 115 547 548 552 551
2695 3 2 0 115 548 77 79 552
2696 3 2 0 116 56 78 80 58
2697 3 2 0 117 55 57 79 77
2698 3 2 0 118 60 82 553 497
2699 3 2 0 118 497 553 554 498
2700 3 2 0 118 498 554 555 499
2701 3 2 0 118 499 555 556 500
2702 3 2 0 118 500 556 81 59
2703 3 2 0 119 80 549 553 82
2704 3 2 0 119 549 550 554 553
2705 3 2 0 119 550 551 555 554
2706 3 2 0 119 551 552 556 555
2707 3 2 0 119 552 79 81 556
2708 3 2 0 120 58 80 82 60
2709 3 2 0 121 57 59 81 79
2710 3 2 0 122 62 84 557 501
2711 3 2 0 122 501 557 558 502
2712 3 2 0 122 502 558 559 503
2713 3 2 0 122 503 559 560 504
2714 3 2 0 122 504 560 83 61
2715 3 2 0 123 82 553 1417 561
2716 3 2 0 123 553 554 1418 1417
2717 3 2 0 123 554 555 1419 1418
2718 3 2 0 123 555 556 1420 1419
2719 3 2 0 123 556 81 562 1420
2720 3 2 0 123 561 1417 557 84
2721 3 2 0 123 1417 1418 558 557
2722 3 2 0 123 1418 1419 559 558
2723 3 2 0 123 1419 1420 560 559
2724 3 2 0 123 1420 562 83 560
2725 3 2 0 124 60 82 561 505
2726 3 2 0 124 505 561 84 62
2727 3 2 0 125 59 506 562 81
2728 3 2 0 125 506 61 83 562
2729 3 2 0 126 64 86 563 507
2730 3 2 0 126 507 563 564 508
2731 3 2 0 126 508 564 565 509
2732 3 2 0 126 509 565 566 510
2733 3 2 0 126 510 566 85 63
2734 3 2 0 127 84 557 563 86
2735 3 2 0 127 557 558 564 563
2736 3 2 0 127 558 559 565 564
2737 3 2 0 127 559 560 566 565
2738 3 2 0 127 560 83 85 566
2739 3 2 0 128 62 84 86 64
2740 3 2 0 129 61 63 85 83
2741 3 2 0 130 66 88 567 511
2742 3 2 0 130 511 567 568 512
2743 3 2 0 130 512 568 569 513
2744 3 2 0 130 513 569 570 514
2745 3 2 0 130 514 570 87 65
2746 3 2 0 131 86 563 1421 571
2747 3 2 0 131 563 564 1422 1421
2748 3 2 0 131 564 565 1423 1422
2749 3 2 0 131 565 566 1424 1423
2750 3 2 0 131 566 85 573 1424
2751 3 2 0 131 571 1421 1425 572
2752 3 2 0 131 1421 1422 1426 1425
2753 3 2 0 131 1422 1423 1427 1426
2754 3 2 0 131 1423 1424 1428 1427
2755 3 2 0 131 1424 573 574 1428
2756 3 2 0 131 572 1425 567 88
2757 3 2 0 131 1425 1426 568 567
2758 3 2 0 131 1426 1427 569 568
2759 3 2 0 131 1427 1428 570 569
2760 3 2 0 131 1428 574 87 570
2761 3 2 0 132 64 86 571 515
2762 3 2 0 132 515 571 572 516
2763 3 2 0 132 516 572 88 66
2764 3 2 0 133 63 517 573 85
2765 3 2 0 133 517 518 574 573
2766 3 2 0 133 518 65 87 574
2767 3 2 0 134 89 575 1429 581
2768 3 2 0 134 581 1429 578 90
2769 3 2 0 134 575 576 1430 1429
2770 3 2 0 134 1429 1430 579 578
2771 3 2 0 134 576 577 1431 1430
2772 3 2 0 134 1430 1431 580 579
2773 3 2 0 134 577 1 338 1431
2774 3 2 0 134 1431 338 4 580
2775 3 2 0 135 91 588 1432 582
2776 3 2 0 135 588 92 585 1432
2777 3 2 0 135 582 1432 1433 583
2778 3 2 0 135 1432 585 586 1433
2779 3 2 0 135 583 1433 1434 584
2780 3 2 0 135 1433 586 587 1434
2781 3 2 0 135 584 1434 348 5
2782 3 2 0 135 1434 587 8 348
2783 3 2 0 136 89 589 1435 575
2784 3 2 0 136 575 1435 1436 576
2785 3 2 0 136 576 1436 1437 577
2786 3 2 0 136 577 1437 349 1
2787 3 2 0 136 589 590 1438 1435
2788 3 2 0 136 1435 1438 1439 1436
2789 3 2 0 136 1436 1439 1440 1437
2790 3 2 0 136 1437 1440 350 349
2791 3 2 0 136 590 91 582 1438
2792 3 2 0 136 1438 582 583 1439
2793 3 2 0 136 1439 583 584 1440
2794 3 2 0 136 1440 584 5 350
2795 3 2 0 137 90 578 1441 591
2796 3 2 0 137 578 579 1442 1441
2797 3 2 0 137 579 580 1443 1442
2798 3 2 0 137 580 4 353 1443
2799 3 2 0 137 591 1441 1444 592
2800 3 2 0 137 1441 1442 1445 1444
2801 3 2 0 137 1442 1443 1446 1445
2802 3 2 0 137 1443 353 354 1446
2803 3 2 0 137 592 1444 585 92
2804 3 2 0 137 1444 1445 586 585
2805 3 2 0 137 1445 1446 587 586
2806 3 2 0 137 1446 354 8 587
2807 3 2 0 138 89 581 1447 589
2808 3 2 0 138 589 1447 1448 590
2809 3 2 0 138 590 1448 588 91
2810 3 2 0 138 581 90 591 1447
2811 3 2 0 138 1447 591 592 1448
2812 3 2 0 138 1448 592 92 588
2813 3 2 0 139 93 599 1449 593
2814 3 2 0 139 599 94 596 1449
2815 3 2 0 139 593 1449 1450 594
2816 3 2 0 139 1449 596 597 1450
2817 3 2 0 139 594 1450 1451 595
2818 3 2 0 139 1450 597 598 1451
2819 3 2 0 139 595 1451 366 9
2820 3 2 0 139 1451 598 12 366
2821 3 2 0 140 91 93 593 582
2822 3 2 0 140 582 593 594 583
2823 3 2 0 140 583 594 595 584
2824 3 2 0 140 584 595 9 5
2825 3 2 0 141 92 585 596 94
2826 3 2 0 141 585 586 597 596
2827 3 2 0 141 586 587 598 597
2828 3 2 0 141 587 8 12 598
2829 3 2 0 142 91 588 599 93
2830 3 2 0 142 588 92 94 599
2831 3 2 0 143 95 606 1452 600
2832 3 2 0 143 606 96 603 1452
2833 3 2 0 143 600 1452 1453 601
2834 3 2 0 143 1452 603 604 1453
2835 3 2 0 143 601 1453 1454 602
2836 3 2 0 143 1453 604 605 1454
2837 3 2 0 143 602 1454 376 13
2838 3 2 0 143 1454 605 16 376
2839 3 2 0 144 93 607 1455 593
2840 3 2 0 144 593 1455 1456 594
2841 3 2 0 144 594 1456 1457 595
2842 3 2 0 144 595 1457 377 9
2843 3 2 0 144 607 95 600 1455
2844 3 2 0 144 1455 600 601 1456
2845 3 2 0 144 1456 601 602 1457
2846 3 2 0 144 1457 602 13 377
2847 3 2 0 145 94 596 1458 608
2848 3 2 0 145 596 597 1459 1458
2849 3 2 0 145 597 598 1460 1459
2850 3 2 0 145 598 12 379 1460
2851 3 2 0 145 608 1458 603 96
2852 3 2 0 145 1458 1459 604 603
2853 3 2 0 145 1459 1460 605 604
2854 3 2 0 145 1460 379 16 605
2855 3 2 0 146 93 599 1461 607
2856 3 2 0 146 607 1461 606 95
2857 3 2 0 146 599 94 608 1461
2858 3 2 0 146 1461 608 96 606
2859 3 2 0 147 97 615 1462 609
2860 3 2 0 147 615 98 612 1462
2861 3 2 0 147 609 1462 1463 610
2862 3 2 0 147 1462 612 613 1463
2863 3 2 0 147 610 1463 1464 611
2864 3 2 0 147 1463 613 614 1464
2865 3 2 0 147 611 1464 390 17
2866 3 2 0 147 1464 614 20 390
2867 3 2 0 148 95 97 609 600
2868 3 2 0 148 600 609 610 601
2869 3 2 0 148 601 610 611 602
2870 3 2 0 148 602 611 17 13
2871 3 2 0 149 96 603 612 98
2872 3 2 0 149 603 604 613 612
2873 3 2 0 149 604 605 614 613
2874 3 2 0 149 605 16 20 614
2875 3 2 0 150 95 606 615 97
2876 3 2 0 150 606 96 98 615
2877 3 2 0 151 99 622 1465 616
2878 3 2 0 151 622 100 619 1465
2879 3 2 0 151 616 1465 1466 617
2880 3 2 0 151 1465 619 620 1466
2881 3 2 0 151 617 1466 1467 618
2882 3 2 0 151 1466 620 621 1467
2883 3 2 0 151 618 1467 400 21
2884 3 2 0 151 1467 621 24 400
2885 3 2 0 152 97 99 616 609
2886 3 2 0 152 609 616 617 610
2887 3 2 0 152 610 617 618 611
2888 3 2 0 152 611 618 21 17
2889 3 2 0 153 98 612 619 100
2890 3 2 0 153 612 613 620 619
2891 3 2 0 153 613 614 621 620
2892 3 2 0 153 614 20 24 621
2893 3 2 0 154 97 615 622 99
2894 3 2 0 154 615 98 100 622
2895 3 2 0 155 101 629 1468 623
2896 3 2 0 155 629 102 626 1468
2897 3 2 0 155 623 1468 1469 624
2898 3 2 0 155 1468 626 627 1469
2899 3 2 0 155 624 1469 1470 625
2900 3 2 0 155 1469 627 628 1470
2901 3 2 0 155 625 1470 410 25
2902 3 2 0 155 1470 628 28 410
2903 3 2 0 156 99 101 623 616
2904 3 2 0 156 616 623 624 617
2905 3 2 0 156 617 624 625 618
2906 3 2 0 156 618 625 25 21
2907 3 2 0 157 100 619 626 102
2908 3 2 0 157 619 620 627 626
2909 3 2 0 157 620 621 628 627
2910 3 2 0 157 621 24 28 628
2911 3 2 0 158 99 622 629 101
2912 3 2 0 158 622 100 102 629
2913 3 2 0 159 103 636 1471 630
2914 3 2 0 159 636 104 633 1471
2915 3 2 0 159 630 1471 1472 631
2916 3 2 0 159 1471 633 634 1472
2917 3 2 0 159 631 1472 1473 632
2918 3 2 0 159 1472 634 635 1473
2919 3 2 0 159 632 1473 420 29
2920 3 2 0 159 1473 635 32 420
2921 3 2 0 160 101 103 630 623
2922 3 2 0 160 623 630 631 624
2923 3 2 0 160 624 631 632 625
2924 3 2 0 160 625 632 29 25
2925 3 2 0 161 102 626 633 104
2926 3 2 0 161 626 627 634 633
2927 3 2 0 161 627 628 635 634
2928 3 2 0 161 628 28 32 635
2929 3 2 0 162 101 629 636 103
2930 3 2 0 162 629 102 104 636
2931 3 2 0 163 105 643 1474 637
2932 3 2 0 163 643 106 640 1474
2933 3 2 0 163 637 1474 1475 638
2934 3 2 0 163 1474 640 641 1475
2935 3 2 0 163 638 1475 1476 639
2936 3 2 0 163 1475 641 642 1476
2937 3 2 0 163 639 1476 430 33
2938 3 2 0 163 1476 642 36 430
2939 3 2 0 164 103 644 1477 630
2940 3 2 0 164 630 1477 1478 631
2941 3 2 0 164 631 1478 1479 632
2942 3 2 0 164 632 1479 431 29
2943 3 2 0 164 644 105 637 1477
2944 3 2 0 164 1477 637 638 1478
2945 3 2 0 164 1478 638 639 1479
2946 3 2 0 164 1479 639 33 431
2947 3 2 0 165 104 633 1480 645
2948 3 2 0 165 633 634 1481 1480
2949 3 2 0 165 634 635 1482 1481
2950 3 2 0 165 635 32 433 1482
2951 3 2 0 165 645 1480 640 106
2952 3 2 0 165 1480 1481 641 640
2953 3 2 0 165 1481 1482 642 641
2954 3 2 0 165 1482 433 36 642
2955 3 2 0 166 103 636 1483 644
2956 3 2 0 166 644 1483 643 105
2957 3 2 0 166 636 104 645 1483
2958 3 2 0 166 1483 645 106 643
2959 3 2 0 167 107 652 1484 646
2960 3 2 0 167 652 108 649 1484
2961 3 2 0 167 646 1484 1485 647
2962 3 2 0 167 1484 649 650 1485
2963 3 2 0 167 647 1485 1486 648
2964 3 2 0 167 1485 650 651 1486
2965 3 2 0 167 648 1486 444 37
2966 3 2 0 167 1486 651 40 444
2967 3 2 0 168 105 107 646 637
2968 3 2 0 168 637 646 647 638
2969 3 2 0 168 638 647 648 639
2970 3 2 0 168 639 648 37 33
2971 3 2 0 169 106 640 649 108
2972 3 2 0 169 640 641 650 649
2973 3 2 0 169 641 642 651 650
2974 3 2 0 169 642 36 40 651
2975 3 2 0 170 105 643 652 107
2976 3 2 0 170 643 106 108 652
2977 3 2 0 171 109 659 1487 653
2978 3 2 0 171 659 110 656 1487
2979 3 2 0 171 653 1487 1488 654
2980 3 2 0 171 1487 656 657 1488
2981 3 2 0 171 654 1488 1489 655
2982 3 2 0 171 1488 657 658 1489
2983 3 2 0 171 655 1489 454 41
2984 3 2 0 171 1489 658 44 454
2985 3 2 0 172 107 660 1490 646
2986 3 2 0 172 646 1490 1491 647
2987 3 2 0 172 647 1491 1492 648
2988 3 2 0 172 648 1492 455 37
2989 3 2 0 172 660 661 1493 1490
2990 3 2 0 172 1490 1493 1494 1491
2991 3 2 0 172 1491 1494 1495 1492
2992 3 2 0 172 1492 1495 456 455
2993 3 2 0 172 661 109 653 1493
2994 3 2 0 172 1493 653 654 1494
2995 3 2 0 172 1494 654 655 1495
2996 3 2 0 172 1495 655 41 456
2997 3 2 0 173 108 649 1496 662
2998 3 2 0 173 649 650 1497 1496
2999 3 2 0 173 650 651 1498 1497
3000 3 2 0 173 651 40 459 1498
3001 3 2 0 173 662 1496 1499 663
3002 3 2 0 173 1496 1497 1500 1499
3003 3 2 0 173 1497 1498 1501 1500
3004 3 2 0 173 1498 459 460 1501
3005 3 2 0 173 663 1499 656 110
3006 3 2 0 173 1499 1500 657 656
3007 3 2 0 173 1500 1501 658 657
3008 3 2 0 173 1501 460 44 658
3009 3 2 0 174 107 652 1502 660
3010 3 2 0 174 660 1502 1503 661
3011 3 2 0 174 661 1503 659 109
3012 3 2 0 174 652 108 662 1502
3013 3 2 0 174 1502 662 663 1503
3014 3 2 0 174 1503 663 110 659
3015 3 2 0 175 90 578 664 111
3016 3 2 0 175 578 579 665 664
3017 3 2 0 175 579 580 666 665
3018 3 2 0 175 580 4 46 666
3019 3 2 0 176 92 112 667 585
3020 3 2 0 176 585 667 668 586
3021 3 2 0 176 586 668 669 587
3022 3 2 0 176 587 669 48 8
3023 3 2 0 177 111 664 1504 670
3024 3 2 0 177 664 665 1505 1504
3025 3 2 0 177 665 666 1506 1505
3026 3 2 0 177 666 46 471 1506
3027 3 2 0 177 670 1504 1507 671
3028 3 2 0 177 1504 1505 1508 1507
3029 3 2 0 177 1505 1506 1509 1508
3030 3 2 0 177 1506 471 472 1509
3031 3 2 0 177 671 1507 667 112
3032 3 2 0 177 1507 1508 668 667
3033 3 2 0 177 1508 1509 669 668
3034 3 2 0 177 1509 472 48 669
3035 3 2 0 178 90 111 670 591
3036 3 2 0 178 591 670 671 592
3037 3 2 0 178 592 671 112 92
3038 3 2 0 179 94 113 672 596
3039 3 2 0 179 596 672 673 597
3040 3 2 0 179 597 673 674 598
3041 3 2 0 179 598 674 50 12
3042 3 2 0 180 112 667 672 113
3043 3 2 0 180 667 668 673 672
3044 3 2 0 180 668 669 674 673
3045 3 2 0 180 669 48 50 674
3046 3 2 0 181 92 112 113 94
3047 3 2 0 182 96 114 675 603
3048 3 2 0 182 603 675 676 604
3049 3 2 0 182 604 676 677 605
3050 3 2 0 182 605 677 52 16
3051 3 2 0 183 113 672 1510 678
3052 3 2 0 183 672 673 1511 1510
3053 3 2 0 183 673 674 1512 1511
3054 3 2 0 183 674 50 483 1512
3055 3 2 0 183 678 1510 675 114
3056 3 2 0 183 1510 1511 676 675
3057 3 2 0 183 1511 1512 677 676
3058 3 2 0 183 1512 483 52 677
3059 3 2 0 184 94 113 678 608
3060 3 2 0 184 608 678 114 96
3061 3 2 0 185 98 115 679 612
3062 3 2 0 185 612 679 680 613
3063 3 2 0 185 613 680 681 614
3064 3 2 0 185 614 681 54 20
3065 3 2 0 186 114 675 679 115
3066 3 2 0 186 675 676 680 679
3067 3 2 0 186 676 677 681 680
3068 3 2 0 186 677 52 54 681
3069 3 2 0 187 96 114 115 98
3070 3 2 0 188 100 116 682 619
3071 3 2 0 188 619 682 683 620
3072 3 2 0 188 620 683 684 621
3073 3 2 0 188 621 684 56 24
3074 3 2 0 189 115 679 682 116
3075 3 2 0 189 679 680 683 682
3076 3 2 0 189 680 681 684 683
3077 3 2 0 189 681 54 56 684
3078 3 2 0 190 98 115 116 100
3079 3 2 0 191 102 117 685 626
3080 3 2 0 191 626 685 686 627
3081 3 2 0 191 627 686 687 628
3082 3 2 0 191 628 687 58 28
3083 3 2 0 192 116 682 685 117
3084 3 2 0 192 682 683 686 685
3085 3 2 0 192 683 684 687 686
3086 3 2 0 192 684 56 58 687
3087 3 2 0 193 100 116 117 102
3088 3 2 0 194 104 118 688 633
3089 3 2 0 194 633 688 689 634
3090 3 2 0 194 634 689 690 635
3091 3 2 0 194 635 690 60 32
3092 3 2 0 195 117 685 688 118
3093 3 2 0 195 685 686 689 688
3094 3 2 0 195 686 687 690 689
3095 3 2 0 195 687 58 60 690
3096 3 2 0 196 102 117 118 104
3097 3 2 0 197 106 119 691 640
3098 3 2 0 197 640 691 692 641
3099 3 2 0 197 641 692 693 642
3100 3 2 0 197 642 693 62 36
3101 3 2 0 198 118 688 1513 694
3102 3 2 0 198 688 689 1514 1513
3103 3 2 0 198 689 690 1515 1514
3104 3 2 0 198 690 60 505 1515
3105 3 2 0 198 694 1513 691 119
3106 3 2 0 198 1513 1514 692 691
3107 3 2 0 198 1514 1515 693 692
3108 3 2 0 198 1515 505 62 693
3109 3 2 0 199 104 118 694 645
3110 3 2 0 199 645 694 119 106
3111 3 2 0 200 108 120 695 649
3112 3 2 0 200 649 695 696 650
3113 3 2 0 200 650 696 697 651
3114 3 2 0 200 651 697 64 40
3115 3 2 0 201 119 691 695 120
3116 3 2 0 201 691 692 696 695
3117 3 2 0 201 692 693 697 696
3118 3 2 0 201 693 62 64 697
3119 3 2 0 202 106 119 120 108
3120 3 2 0 203 110 121 698 656
3121 3 2 0 203 656 698 699 657
3122 3 2 0 203 657 699 700 658
3123 3 2 0 203 658 700 66 44
3124 3 2 0 204 120 695 1516 701
3125 3 2 0 204 695 696 1517 1516
3126 3 2 0 204 696 697 1518 1517
3127 3 2 0 204 697 64 515 1518
3128 3 2 0 204 701 1516 1519 702
3129 3 2 0 204 1516 1517 1520 1519
3130 3 2 0 204 1517 1518 1521 1520
3131 3 2 0 204 1518 515 516 1521
3132 3 2 0 204 702 1519 698 121
3133 3 2 0 204 1519 1520 699 698
3134 3 2 0 204 1520 1521 700 699
3135 3 2 0 204 1521 516 66 700
3136 3 2 0 205 108 120 701 662
3137 3 2 0 205 662 701 702 663
3138 3 2 0 205 663 702 121 110
3139 3 2 0 206 111 664 703 122
3140 3 2 0 206 664 665 704 703
3141 3 2 0 206 665 666 705 704
3142 3 2 0 206 666 46 68 705
3143 3 2 0 207 112 123 706 667
3144 3 2 0 207 667 706 707 668
3145 3 2 0 207 668 707 708 669
3146 3 2 0 207 669 708 70 48
3147 3 2 0 208 122 703 1522 709
3148 3 2 0 208 703 704 1523 1522
3149 3 2 0 208 704 705 1524 1523
3150 3 2 0 208 705 68 527 1524
3151 3 2 0 208 709 1522 1525 710
3152 3 2 0 208 1522 1523 1526 1525
3153 3 2 0 208 1523 1524 1527 1526
3154 3 2 0 208 1524 527 528 1527
3155 3 2 0 208 710 1525 706 123
3156 3 2 0 208 1525 1526 707 706
3157 3 2 0 208 1526 1527 708 707
3158 3 2 0 208 1527 528 70 708
3159 3 2 0 209 111 122 709 670
3160 3 2 0 209 670 709 710 671
3161 3 2 0 209 671 710 123 112
3162 3 2 0 210 113 124 711 672
3163 3 2 0 210 672 711 712 673
3164 3 2 0 210 673 712 713 674
3165 3 2 0 210 674 713 72 50
3166 3 2 0 211 123 706 711 124
3167 3 2 0 211 706 707 712 711
3168 3 2 0 211 707 708 713 712
3169 3 2 0 211 708 70 72 713
3170 3 2 0 212 112 123 124 113
3171 3 2 0 213 114 125 714 675
3172 3 2 0 213 675 714 715 676
3173 3 2 0 213 676 715 716 677
3174 3 2 0 213 677 716 74 52
3175 3 2 0 214 124 711 1528 717
3176 3 2 0 214 711 712 1529 1528
3177 3 2 0 214 712 713 1530 1529
3178 3 2 0 214 713 72 539 1530
3179 3 2 0 214 717 1528 714 125
3180 3 2 0 214 1528 1529 715 714
3181 3 2 0 214 1529 1530 716 715
3182 3 2 0 214 1530 539 74 716
3183 3 2 0 215 113 124 717 678
3184 3 2 0 215 678 717 125 114
3185 3 2 0 216 115 126 718 679
3186 3 2 0 216 679 718 719 680
3187 3 2 0 216 680 719 720 681
3188 3 2 0 216 681 720 76 54
3189 3 2 0 217 125 714 718 126
3190 3 2 0 217 714 715 719 718
3191 3 2 0 217 715 716 720 719
3192 3 2 0 217 716 74 76 720
3193 3 2 0 218 114 125 126 115
3194 3 2 0 219 116 127 721 682
3195 3 2 0 219 682 721 722 683
3196 3 2 0 219 683 722 723 684
3197 3 2 0 219 684 723 78 56
3198 3 2 0 220 126 718 721 127
3199 3 2 0 220 718 719 722 721
3200 3 2 0 220 719 720 723 722
3201 3 2 0 220 720 76 78 723
3202 3 2 0 221 115 126 127 116
3203 3 2 0 222 117 128 724 685
3204 3 2 0 222 685 724 725 686
3205 3 2 0 222 686 725 726 687
3206 3 2 0 222 687 726 80 58
3207 3 2 0 223 127 721 724 128
3208 3 2 0 223 721 722 725 724
3209 3 2 0 223 722 723 726 725
3210 3 2 0 223 723 78 80 726
3211 3 2 0 224 116 127 128 117
3212 3 2 0 225 118 129 727 688
3213 3 2 0 225 688 727 728 689
3214 3 2 0 225 689 728 729 690
3215 3 2 0 225 690 729 82 60
3216 3 2 0 226 128 724 727 129
3217 3 2 0 226 724 725 728 727
3218 3 2 0 226 725 726 729 728
3219 3 2 0 226 726 80 82 729
3220 3 2 0 227 117 128 129 118
3221 3 2 0 228 119 130 730 691
3222 3 2 0 228 691 730 731 692
3223 3 2 0 228 692 731 732 693
3224 3 2 0 228 693 732 84 62
3225 3 2 0 229 129 727 1531 733
3226 3 2 0 229 727 728 1532 1531
3227 3 2 0 229 728 729 1533 1532
3228 3 2 0 229 729 82 561 1533
3229 3 2 0 229 733 1531 730 130
3230 3 2 0 229 1531 1532 731 730
3231 3 2 0 229 1532 1533 732 731
3232 3 2 0 229 1533 561 84 732
3233 3 2 0 230 118 129 733 694
3234 3 2 0 230 694 733 130 119
3235 3 2 0 231 120 131 734 695
3236 3 2 0 231 695 734 735 696
3237 3 2 0 231 696 735 736 697
3238 3 2 0 231 697 736 86 64
3239 3 2 0 232 130 730 734 131
3240 3 2 0 232 730 731 735 734
3241 3 2 0 232 731 732 736 735
3242 3 2 0 232 732 84 86 736
3243 3 2 0 233 119 130 131 120
3244 3 2 0 234 121 132 737 698
3245 3 2 0 234 698 737 738 699
3246 3 2 0 234 699 738 739 700
3247 3 2 0 234 700 739 88 66
3248 3 2 0 235 131 734 1534 740
3249 3 2 0 235 734 735 1535 1534
3250 3 2 0 235 735 736 1536 1535
3251 3 2 0 235 736 86 571 1536
3252 3 2 0 235 740 1534 1537 741
3253 3 2 0 235 1534 1535 1538 1537
3254 3 2 0 235 1535 1536 1539 1538
3255 3 2 0 235 1536 571 572 1539
3256 3 2 0 235 741 1537 737 132
3257 3 2 0 235 1537 1538 738 737
3258 3 2 0 235 1538 1539 739 738
3259 3 2 0 235 1539 572 88 739
3260 3 2 0 236 120 131 740 701
3261 3 2 0 236 701 740 741 702
3262 3 2 0 236 702 741 132 121
3263 3 2 0 237 133 742 1540 750
3264 3 2 0 237 750 1540 746 134
3265 3 2 0 237 742 743 1541 1540
3266 3 2 0 237 1540 1541 747 746
3267 3 2 0 237 743 744 1542 1541
3268 3 2 0 237 1541 1542 748 747
3269 3 2 0 237 744 745 1543 1542
3270 3 2 0 237 1542 1543 749 748
3271 3 2 0 237 745 89 581 1543
3272 3 2 0 237 1543 581 90 749
3273 3 2 0 238 135 759 1544 751
3274 3 2 0 238 759 136 755 1544
3275 3 2 0 238 751 1544 1545 752
3276 3 2 0 238 1544 755 756 1545
3277 3 2 0 238 752 1545 1546 753
3278 3 2 0 238 1545 756 757 1546
3279 3 2 0 238 753 1546 1547 754
3280 3 2 0 238 1546 757 758 1547
3281 3 2 0 238 754 1547 588 91
3282 3 2 0 238 1547 758 92 588
3283 3 2 0 239 133 760 1548 742
3284 3 2 0 239 742 1548 1549 743
3285 3 2 0 239 743 1549 1550 744
3286 3 2 0 239 744 1550 1551 745
3287 3 2 0 239 745 1551 589 89
3288 3 2 0 239 760 761 1552 1548
3289 3 2 0 239 1548 1552 1553 1549
3290 3 2 0 239 1549 1553 1554 1550
3291 3 2 0 239 1550 1554 1555 1551
3292 3 2 0 239 1551 1555 590 589
3293 3 2 0 239 761 135 751 1552
3294 3 2 0 239 1552 751 752 1553
3295 3 2 0 239 1553 752 753 1554
3296 3 2 0 239 1554 753 754 1555
3297 3 2 0 239 1555 754 91 590
3298 3 2 0 240 134 746 1556 762
3299 3 2 0 240 746 747 1557 1556
3300 3 2 0 240 747 748 1558 1557
3301 3 2 0 240 748 749 1559 1558
3302 3 2 0 240 749 90 591 1559
3303 3 2 0 240 762 1556 1560 763
3304 3 2 0 240 1556 1557 1561 1560
3305 3 2 0 240 1557 1558 1562 1561
3306 3 2 0 240 1558 1559 1563 1562
3307 3 2 0 240 1559 591 592 1563
3308 3 2 0 240 763 1560 755 136
3309 3 2 0 240 1560 1561 756 755
3310 3 2 0 240 1561 1562 757 756
3311 3 2 0 240 1562 1563 758 757
3312 3 2 0 240 1563 592 92 758
3313 3 2 0 241 133 750 1564 760
3314 3 2 0 241 760 1564 1565 761
3315 3 2 0 241 761 1565 759 135
3316 3 2 0 241 750 134 762 1564
3317 3 2 0 241 1564 762 763 1565
3318 3 2 0 241 1565 763 136 759
3319 3 2 0 242 137 772 1566 764
3320 3 2 0 242 772 138 768 1566
3321 3 2 0 242 764 1566 1567 765
3322 3 2 0 242 1566 768 769 1567
3323 3 2 0 242 765 1567 1568 766
3324 3 2 0 242 1567 769 770 1568
3325 3 2 0 242 766 1568 1569 767
3326 3 2 0 242 1568 770 771 1569
3327 3 2 0 242 767 1569 599 93
3328 3 2 0 242 1569 771 94 599
3329 3 2 0 243 135 137 764 751
3330 3 2 0 243 751 764 765 752
3331 3 2 0 243 752 765 766 753
3332 3 2 0 243 753 766 767 754
3333 3 2 0 243 754 767 93 91
3334 3 2 0 244 136 755 768 138
3335 3 2 0 244 755 756 769 768
3336 3 2 0 244 756 757 770 769
3337 3 2 0 244 757 758 771 770
3338 3 2 0 244 758 92 94 771
3339 3 2 0 245 135 759 772 137
3340 3 2 0 245 759 136 138 772
3341 3 2 0 246 139 781 1570 773
3342 3 2 0 246 781 140 777 1570
3343 3 2 0 246 773 1570 1571 774
3344 3 2 0 246 1570 777 778 1571
3345 3 2 0 246 774 1571 1572 775
3346 3 2 0 246 1571 778 779 1572
3347 3 2 0 246 775 1572 1573 776
3348 3 2 0 246 1572 779 780 1573
3349 3 2 0 246 776 1573 606 95
3350 3 2 0 246 1573 780 96 606
3351 3 2 0 247 137 782 1574 764
3352 3 2 0 247 764 1574 1575 765
3353 3 2 0 247 765 1575 1576 766
3354 3 2 0 247 766 1576 1577 767
3355 3 2 0 247 767 1577 607 93
3356 3 2 0 247 782 139 773 1574
3357 3 2 0 247 1574 773 774 1575
3358 3 2 0 247 1575 774 775 1576
3359 3 2 0 247 1576 775 776 1577
3360 3 2 0 247 1577 776 95 607
3361 3 2 0 248 138 768 1578 783
3362 3 2 0 248 768 769 1579 1578
3363 3 2 0 248 769 770 1580 1579
3364 3 2 0 248 770 771 1581 1580
3365 3 2 0 248 771 94 608 1581
3366 3 2 0 248 783 1578 777 140
3367 3 2 0 248 1578 1579 778 777
3368 3 2 0 248 1579 1580 779 778
3369 3 2 0 248 1580 1581 780 779
3370 3 2 0 248 1581 608 96 780
3371 3 2 0 249 137 772 1582 782
3372 3 2 0 249 782 1582 781 139
3373 3 2 0 249 772 138 783 1582
3374 3 2 0 249 1582 783 140 781
3375 3 2 0 250 141 792 1583 784
3376 3 2 0 250 792 142 788 1583
3377 3 2 0 250 784 1583 1584 785
3378 3 2 0 250 1583 788 789 1584
3379 3 2 0 250 785 1584 1585 786
3380 3 2 0 250 1584 789 790 1585
3381 3 2 0 250 786 1585 1586 787
3382 3 2 0 250 1585 790 791 1586
3383 3 2 0 250 787 1586 615 97
3384 3 2 0 250 1586 791 98 615
3385 3 2 0 251 139 141 784 773
3386 3 2 0 251 773 784 785 774
3387 3 2 0 251 774 785 786 775
3388 3 2 0 251 775 786 787 776
3389 3 2 0 251 776 787 97 95
3390 3 2 0 252 140 777 788 142
3391 3 2 0 252 777 778 789 788
3392 3 2 0 252 778 779 790 789
3393 3 2 0 252 779 780 791 790
3394 3 2 0 252 780 96 98 791
3395 3 2 0 253 139 781 792 141
3396 3 2 0 253 781 140 142 792
3397 3 2 0 254 143 801 1587 793
3398 3 2 0 254 801 144 797 1587
3399 3 2 0 254 793 1587 1588 794
3400 3 2 0 254 1587 797 798 1588
3401 3 2 0 254 794 1588 1589 795
3402 3 2 0 254 1588 798 799 1589
3403 3 2 0 254 795 1589 1590 796
3404 3 2 0 254 1589 799 800 1590
3405 3 2 0 254 796 1590 622 99
3406 3 2 0 254 1590 800 100 622
3407 3 2 0 255 141 143 793 784
3408 3 2 0 255 784 793 794 785
3409 3 2 0 255 785 794 795 786
3410 3 2 0 255 786 795 796 787
3411 3 2 0 255 787 796 99 97
3412 3 2 0 256 142 788 797 144
3413 3 2 0 256 788 789 798 797
3414 3 2 0 256 789 790 799 798
3415 3 2 0 256 790 791 800 799
3416 3 2 0 256 791 98 100 800
3417 3 2 0 257 141 792 801 143
3418 3 2 0 257 792 142 144 801
3419 3 2 0 258 145 810 1591 802
3420 3 2 0 258 810 146 806 1591
3421 3 2 0 258 802 1591 1592 803
3422 3 2 0 258 1591 806 807 1592
3423 3 2 0 258 803 1592 1593 804
3424 3 2 0 258 1592 807 808 1593
3425 3 2 0 258 804 1593 1594 805
3426 3 2 0 258 1593 808 809 1594
3427 3 2 0 258 805 1594 629 101
3428 3 2 0 258 1594 809 102 629
3429 3 2 0 259 143 145 802 793
3430 3 2 0 259 793 802 803 794
3431 3 2 0 259 794 803 804 795
3432 3 2 0 259 795 804 805 796
3433 3 2 0 259 796 805 101 99
3434 3 2 0 260 144 797 806 146
3435 3 2 0 260 797 798 807 806
3436 3 2 0 260 798 799 808 807
3437 3 2 0 260 799 800 809 808
3438 3 2 0 260 800 100 102 809
3439 3 2 0 261 143 801 810 145
3440 3 2 0 261 801 144 146 810
3441 3 2 0 262 147 819 1595 811
3442 3 2 0 262 819 148 815 1595
3443 3 2 0 262 811 1595 1596 812
3444 3 2 0 262 1595 815 816 1596
3445 3 2 0 262 812 1596 1597 813
3446 3 2 0 262 1596 816 817 1597
3447 3 2 0 262 813 1597 1598 814
3448 3 2 0 262 1597 817 818 1598
3449 3 2 0 262 814 1598 636 103
3450 3 2 0 262 1598 818 104 636
3451 3 2 0 263 145 147 811 802
3452 3 2 0 263 802 811 812 803
3453 3 2 0 263 803 812 813 804
3454 3 2 0 263 804 813 814 805
3455 3 2 0 263 805 814 103 101
3456 3 2 0 264 146 806 815 148
3457 3 2 0 264 806 807 816 815
3458 3 2 0 264 807 808 817 816
3459 3 2 0 264 808 809 818 817
3460 3 2 0 264 809 102 104 818
3461 3 2 0 265 145 810 819 147
3462 3 2 0 265 810 146 148 819
3463 3 2 0 266 149 828 1599 820
3464 3 2 0 266 828 150 824 1599
3465 3 2 0 266 820 1599 1600 821
3466 3 2 0 266 1599 824 825 1600
3467 3 2 0 266 821 1600 1601 822
3468 3 2 0 266 1600 825 826 1601
3469 3 2 0 266 822 1601 1602 823
3470 3 2 0 266 1601 826 827 1602
3471 3 2 0 266 823 1602 643 105
3472 3 2 0 266 1602 827 106 643
3473 3 2 0 267 147 829 1603 811
3474 3 2 0 267 811 1603 1604 812
3475 3 2 0 267 812 1604 1605 813
3476 3 2 0 267 813 1605 1606 814
3477 3 2 0 267 814 1606 644 103
3478 3 2 0 267 829 149 820 1603
3479 3 2 0 267 1603 820 821 1604
3480 3 2 0 267 1604 821 822 1605
3481 3 2 0 267 1605 822 823 1606
3482 3 2 0 267 1606 823 105 644
3483 3 2 0 268 148 815 1607 830
3484 3 2 0 268 815 816 1608 1607
3485 3 2 0 268 816 817 1609 1608
3486 3 2 0 268 817 818 1610 1609
3487 3 2 0 268 818 104 645 1610
3488 3 2 0 268 830 1607 824 150
3489 3 2 0 268 1607 1608 825 824
3490 3 2 0 268 1608 1609 826 825
3491 3 2 0 268 1609 1610 827 826
3492 3 2 0 268 1610 645 106 827
3493 3 2 0 269 147 819 1611 829
3494 3 2 0 269 829 1611 828 149
3495 3 2 0 269 819 148 830 1611
3496 3 2 0 269 1611 830 150 828
3497 3 2 0 270 151 839 1612 831
3498 3 2 0 270 839 152 835 1612
3499 3 2 0 270 831 1612 1613 832
3500 3 2 0 270 1612 835 836 1613
3501 3 2 0 270 832 1613 1614 833
3502 3 2 0 270 1613 836 837 1614
3503 3 2 0 270 833 1614 1615 834
3504 3 2 0 270 1614 837 838 1615
3505 3 2 0 270 834 1615 652 107
3506 3 2 0 270 1615 838 108 652
3507 3 2 0 271 149 151 831 820
3508 3 2 0 271 820 831 832 821
3509 3 2 0 271 821 832 833 822
3510 3 2 0 271 822 833 834 823
3511 3 2 0 271 823 834 107 105
3512 3 2 0 272 150 824 835 152
3513 3 2 0 272 824 825 836 835
3514 3 2 0 272 825 826 837 836
3515 3 2 0 272 826 827 838 837
3516 3 2 0 272 827 106 108 838
3517 3 2 0 273 149 828 839 151
3518 3 2 0 273 828 150 152 839
3519 3 2 0 274 153 848 1616 840
3520 3 2 0 274 848 154 844 1616
3521 3 2 0 274 840 1616 1617 841
3522 3 2 0 274 1616 844 845 1617
3523 3 2 0 274 841 1617 1618 842
3524 3 2 0 274 1617 845 846 1618
3525 3 2 0 274 842 1618 1619 843
3526 3 2 0 274 1618 846 847 1619
3527 3 2 0 274 843 1619 659 109
3528 3 2 0 274 1619 847 110 659
3529 3 2 0 275 151 849 1620 831
3530 3 2 0 275 831 1620 1621 832
3531 3 2 0 275 832 1621 1622 833
3532 3 2 0 275 833 1622 1623 834
3533 3 2 0 275 834 1623 660 107
3534 3 2 0 275 849 850 1624 1620
3535 3 2 0 275 1620 1624 1625 1621
3536 3 2 0 275 1621 1625 1626 1622
3537 3 2 0 275 1622 1626 1627 1623
3538 3 2 0 275 1623 1627 661 660
3539 3 2 0 275 850 153 840 1624
3540 3 2 0 275 1624 840 841 1625
3541 3 2 0 275 1625 841 842 1626
3542 3 2 0 275 1626 842 843 1627
3543 3 2 0 275 1627 843 109 661
3544 3 2 0 276 152 835 1628 851
3545 3 2 0 276 835 836 1629 1628
3546 3 2 0 276 836 837 1630 1629
3547 3 2 0 276 837 838 1631 1630
3548 3 2 0 276 838 108 662 1631
3549 3 2 0 276 851 1628 1632 852
3550 3 2 0 276 1628 1629 1633 1632
3551 3 2 0 276 1629 1630 1634 1633
3552 3 2 0 276 1630 1631 1635 1634
3553 3 2 0 276 1631 662 663 1635
3554 3 2 0 276 852 1632 844 154
3555 3 2 0 276 1632 1633 845 844
3556 3 2 0 276 1633 1634 846 845
3557 3 2 0 276 1634 1635 847 846
3558 3 2 0 276 1635 663 110 847
3559 3 2 0 277 151 839 1636 849
3560 3 2 0 277 849 1636 1637 850
3561 3 2 0 277 850 1637 848 153
3562 3 2 0 277 839 152 851 1636
3563 3 2 0 277 1636 851 852 1637
3564 3 2 0 277 1637 852 154 848
3565 3 2 0 278 134 746 853 155
3566 3 2 0 278 746 747 854 853
3567 3 2 0 278 747 748 855 854
3568 3 2 0 278 748 749 856 855
3569 3 2 0 278 749 90 111 856
3570 3 2 0 279 136 156 857 755
3571 3 2 0 279 755 857 858 756
3572 3 2 0 279 756 858 859 757
3573 3 2 0 279 757 859 860 758
3574 3 2 0 279 758 860 112 92
3575 3 2 0 280 155 853 1638 861
3576 3 2 0 280 853 854 1639 1638
3577 3 2 0 280 854 855 1640 1639
3578 3 2 0 280 855 856 1641 1640
3579 3 2 0 280 856 111 670 1641
3580 3 2 0 280 861 1638 1642 862
3581 3 2 0 280 1638 1639 1643 1642
3582 3 2 0 280 1639 1640 1644 1643
3583 3 2 0 280 1640 1641 1645 1644
3584 3 2 0 280 1641 670 671 1645
3585 3 2 0 280 862 1642 857 156
3586 3 2 0 280 1642 1643 858 857
3587 3 2 0 280 1643 1644 859 858
3588 3 2 0 280 1644 1645 860 859
3589 3 2 0 280 1645 671 112 860
3590 3 2 0 281 134 155 861 762
3591 3 2 0 281 762 861 862 763
3592 3 2 0 281 763 862 156 136
3593 3 2 0 282 138 157 863 768
3594 3 2 0 282 768 863 864 769
3595 3 2 0 282 769 864 865 770
3596 3 2 0 282 770 865 866 771
3597 3 2 0 282 771 866 113 94
3598 3 2 0 283 156 857 863 157
3599 3 2 0 283 857 858 864 863
3600 3 2 0 283 858 859 865 864
3601 3 2 0 283 859 860 866 865
3602 3 2 0 283 860 112 113 866
3603 3 2 0 284 136 156 157 138
3604 3 2 0 285 140 158 867 777
3605 3 2 0 285 777 867 868 778
3606 3 2 0 285 778 868 869 779
3607 3 2 0 285 779 869 870 780
3608 3 2 0 285 780 870 114 96
3609 3 2 0 286 157 863 1646 871
3610 3 2 0 286 863 864 1647 1646
3611 3 2 0 286 864 865 1648 1647
3612 3 2 0 286 865 866 1649 1648
3613 3 2 0 286 866 113 678 1649
3614 3 2 0 286 871 1646 867 158
3615 3 2 0 286 1646 1647 868 867
3616 3 2 0 286 1647 1648 869 868
3617 3 2 0 286 1648 1649 870 869
3618 3 2 0 286 1649 678 114 870
3619 3 2 0 287 138 157 871 783
3620 3 2 0 287 783 871 158 140
3621 3 2 0 288 142 159 872 788
3622 3 2 0 288 788 872 873 789
3623 3 2 0 288 789 873 874 790
3624 3 2 0 288 790 874 875 791
3625 3 2 0 288 791 875 115 98
3626 3 2 0 289 158 867 872 159
3627 3 2 0 289 867 868 873 872
3628 3 2 0 289 868 869 874 873
3629 3 2 0 289 869 870 875 874
3630 3 2 0 289 870 114 115 875
3631 3 2 0 290 140 158 159 142
3632 3 2 0 291 144 160 876 797
3633 3 2 0 291 797 876 877 798
3634 3 2 0 291 798 877 878 799
3635 3 2 0 291 799 878 879 800
3636 3 2 0 291 800 879 116 100
3637 3 2 0 292 159 872 876 160
3638 3 2 0 292 872 873 877 876
3639 3 2 0 292 873 874 878 877
3640 3 2 0 292 874 875 879 878
3641 3 2 0 292 875 115 116 879
3642 3 2 0 293 142 159 160 144
3643 3 2 0 294 146 161 880 806
3644 3 2 0 294 806 880 881 807
3645 3 2 0 294 807 881 882 808
3646 3 2 0 294 808 882 883 809
3647 3 2 0 294 809 883 117 102
3648 3 2 0 295 160 876 880 161
3649 3 2 0 295 876 877 881 880
3650 3 2 0 295 877 878 882 881
3651 3 2 0 295 878 879 883 882
3652 3 2 0 295 879 116 117 883
3653 3 2 0 296 144 160 161 146
3654 3 2 0 297 148 162 884 815
3655 3 2 0 297 815 884 885 816
3656 3 2 0 297 816 885 886 817
3657 3 2 0 297 817 886 887 818
3658 3 2 0 297 818 887 118 104
3659 3 2 0 298 161 880 884 162
3660 3 2 0 298 880 881 885 884
3661 3 2 0 298 881 882 886 885
3662 3 2 0 298 882 883 887 886
3663 3 2 0 298 883 117 118 887
3664 3 2 0 299 146 161 162 148
3665 3 2 0 300 150 163 888 824
3666 3 2 0 300 824 888 889 825
3667 3 2 0 300 825 889 890 826
3668 3 2 0 300 826 890 891 827
3669 3 2 0 300 827 891 119 106
3670 3 2 0 301 162 884 1650 892
3671 3 2 0 301 884 885 1651 1650
3672 3 2 0 301 885 886 1652 1651
3673 3 2 0 301 886 887 1653 1652
3674 3 2 0 301 887 118 694 1653
3675 3 2 0 301 892 1650 888 163
3676 3 2 0 301 1650 1651 889 888
3677 3 2 0 301 1651 1652 890 889
3678 3 2 0 301 1652 1653 891 890
3679 3 2 0 301 1653 694 119 891
3680 3 2 0 302 148 162 892 830
3681 3 2 0 302 830 892 163 150
3682 3 2 0 303 152 164 893 835
3683 3 2 0 303 835 893 894 836
3684 3 2 0 303 836 894 895 837
3685 3 2 0 303 837 895 896 838
3686 3 2 0 303 838 896 120 108
3687 3 2 0 304 163 888 893 164
3688 3 2 0 304 888 889 894 893
3689 3 2 0 304 889 890 895 894
3690 3 2 0 304 890 891 896 895
3691 3 2 0 304 891 119 120 896
3692 3 2 0 305 150 163 164 152
3693 3 2 0 306 154 165 897 844
3694 3 2 0 306 844 897 898 845
3695 3 2 0 306 845 898 899 846
3696 3 2 0 306 846 899 900 847
3697 3 2 0 306 847 900 121 110
3698 3 2 0 307 164 893 1654 901
3699 3 2 0 307 893 894 1655 1654
3700 3 2 0 307 894 895 1656 1655
3701 3 2 0 307 895 896 1657 1656
3702 3 2 0 307 896 120 701 1657
3703 3 2 0 307 901 1654 1658 902
3704 3 2 0 307 1654 1655 1659 1658
3705 3 2 0 307 1655 1656 1660 1659
3706 3 2 0 307 1656 1657 1661 1660
3707 3 2 0 307 1657 701 702 1661
3708 3 2 0 307 902 1658 897 165
3709 3 2 0 307 1658 1659 898 897
3710 3 2 0 307 1659 1660 899 898
3711 3 2 0 307 1660 1661 900 899
3712 3 2 0 307 1661 702 121 900
3713 3 2 0 308 152 164 901 851
3714 3 2 0 308 851 901 902 852
3715 3 2 0 308 852 902 165 154
3716 3 2 0 309 155 853 903 166
3717 3 2 0 309 853 854 904 903
3718 3 2 0 309 854 855 905 904
3719 3 2 0 309 855 856 906 905
3720 3 2 0 309 856 111 122 906
3721 3 2 0 310 156 167 907 857
3722 3 2 0 310 857 907 908 858
3723 3 2 0 310 858 908 909 859
3724 3 2 0 310 859 909 910 860
3725 3 2 0 310 860 910 123 112
3726 3 2 0 311 166 903 1662 911
3727 3 2 0 311 903 904 1663 1662
3728 3 2 0 311 904 905 1664 1663
3729 3 2 0 311 905 906 1665 1664
3730 3 2 0 311 906 122 709 1665
3731 3 2 0 311 911 1662 1666 912
3732 3 2 0 311 1662 1663 1667 1666
3733 3 2 0 311 1663 1664 1668 1667
3734 3 2 0 311 1664 1665 1669 1668
3735 3 2 0 311 1665 709 710 1669
3736 3 2 0 311 912 1666 907 167
3737 3 2 0 311 1666 1667 908 907
3738 3 2 0 311 1667 1668 909 908
3739 3 2 0 311 1668 1669 910 909
3740 3 2 0 311 1669 710 123 910
3741 3 2 0 312 155 166 911 861
3742 3 2 0 312 861 911 912 862
3743 3 2 0 312 862 912 167 156
3744 3 2 0 313 157 168 913 863
3745 3 2 0 313 863 913 914 864
3746 3 2 0 313 864 914 915 865
3747 3 2 0 313 865 915 916 866
3748 3 2 0 313 866 916 124 113
3749 3 2 0 314 167 907 913 168
3750 3 2 0 314 907 908 914 913
3751 3 2 0 314 908 909 915 914
3752 3 2 0 314 909 910 916 915
3753 3 2 0 314 910 123 124 916
3754 3 2 0 315 156 167 168 157
3755 3 2 0 316 158 169 917 867
3756 3 2 0 316 867 917 918 868
3757 3 2 0 316 868 918 919 869
3758 3 2 0 316 869 919 920 870
3759 3 2 0 316 870 920 125 114
3760 3 2 0 317 168 913 1670 921
3761 3 2 0 317 913 914 1671 1670
3762 3 2 0 317 914 915 1672 1671
3763 3 2 0 317 915 916 1673 1672
3764 3 2 0 317 916 124 717 1673
3765 3 2 0 317 921 1670 917 169
3766 3 2 0 317 1670 1671 918 917
3767 3 2 0 317 1671 1672 919 918
3768 3 2 0 317 1672 1673 920 919
3769 3 2 0 317 1673 717 125 920
3770 3 2 0 318 157 168 921 871
3771 3 2 0 318 871 921 169 158
3772 3 2 0 319 159 170 922 872
3773 3 2 0 319 872 922 923 873
3774 3 2 0 319 873 923 924 874
3775 3 2 0 319 874 924 925 875
3776 3 2 0 319 875 925 126 115
3777 3 2 0 320 169 917 922 170
3778 3 2 0 320 917 918 923 922
3779 3 2 0 320 918 919 924 923
3780 3 2 0 320 919 920 925 924
3781 3 2 0 320 920 125 126 925
3782 3 2 0 321 158 169 170 159
3783 3 2 0 322 160 171 926 876
3784 3 2 0 322 876 926 927 877
3785 3 2 0 322 877 927 928 878
3786 3 2 0 322 878 928 929 879
3787 3 2 0 322 879 929 127 116
3788 3 2 0 323 170 922 926 171
3789 3 2 0 323 922 923 927 926
3790 3 2 0 323 923 924 928 927
3791 3 2 0 323 924 925 929 928
3792 3 2 0 323 925 126 127 929
3793 3 2 0 324 159 170 171 160
3794 3 2 0 325 161 172 930 880
3795 3 2 0 325 880 930 931 881
3796 3 2 0 325 881 931 932 882
3797 3 2 0 325 882 932 933 883
3798 3 2 0 325 883 933 128 117
3799 3 2 0 326 171 926 930 172
3800 3 2 0 326 926 927 931 930
3801 3 2 0 326 927 928 932 931
3802 3 2 0 326 928 929 933 932
3803 3 2 0 326 929 127 128 933
3804 3 2 0 327 160 171 172 161
3805 3 2 0 328 162 173 934 884
3806 3 2 0 328 884 934 935 885
3807 3 2 0 328 885 935 936 886
3808 3 2 0 328 886 936 937 887
3809 3 2 0 328 887 937 129 118
3810 3 2 0 329 172 930 934 173
3811 3 2 0 329 930 931 935 934
3812 3 2 0 329 931 932 936 935
3813 3 2 0 329 932 933 937 936
3814 3 2 0 329 933 128 129 937
3815 3 2 0 330 161 172 173 162
3816 3 2 0 331 163 174 938 888
3817 3 2 0 331 888 938 939 889
3818 3 2 0 331 889 939 940 890
3819 3 2 0 331 890 940 941 891
3820 3 2 0 331 891 941 130 119
3821 3 2 0 332 173 934 1674 942
3822 3 2 0 332 934 935 1675 1674
3823 3 2 0 332 935 936 1676 1675
3824 3 2 0 332 936 937 1677 1676
3825 3 2 0 332 937 129 733 1677
3826 3 2 0 332 942 1674 938 174
3827 3 2 0 332 1674 1675 939 938
3828 3 2 0 332 1675 1676 940 939
3829 3 2 0 332 1676 1677 941 940
3830 3 2 0 332 1677 733 130 941
3831 3 2 0 333 162 173 942 892
3832 3 2 0 333 892 942 174 163
3833 3 2 0 334 164 175 943 893
3834 3 2 0 334 893 943 944 894
3835 3 2 0 334 894 944 945 895
3836 3 2 0 334 895 945 946 896
3837 3 2 0 334 896 946 131 120
3838 3 2 0 335 174 938 943 175
3839 3 2 0 335 938 939 944 943
3840 3 2 0 335 939 940 945 944
3841 3 2 0 335 940 941 946 945
3842 3 2 0 335 941 130 131 946
3843 3 2 0 336 163 174 175 164
3844 3 2 0 337 165 176 947 897
3845 3 2 0 337 897 947 948 898
3846 3 2 0 337 898 948 949 899
3847 3 2 0 337 899 949 950 900
3848 3 2 0 337 900 950 132 121
3849 3 2 0 338 175 943 1678 951
3850 3 2 0 338 943 944 1679 1678
3851 3 2 0 338 944 945 1680 1679
3852 3 2 0 338 945 946 1681 1680
3853 3 2 0 338 946 131 740 1681
3854 3 2 0 338 951 1678 1682 952
3855 3 2 0 338 1678 1679 1683 1682
3856 3 2 0 338 1679 1680 1684 1683
3857 3 2 0 338 1680 1681 1685 1684
3858 3 2 0 338 1681 740 741 1685
3859 3 2 0 338 952 1682 947 176
3860 3 2 0 338 1682 1683 948 947
3861 3 2 0 338 1683 1684 949 948
3862 3 2 0 338 1684 1685 950 949
3863 3 2 0 338 1685 741 132 950
3864 3 2 0 339 164 175 951 901
3865 3 2 0 339 901 951 952 902
3866 3 2 0 339 902 952 176 165
3867 3 2 0 340 133 750 953 177
3868 3 2 0 340 750 134 178 953
3869 3 2 0 341 134 762 954 178
3870 3 2 0 341 762 763 955 954
3871 3 2 0 341 763 136 179 955
3872 3 2 0 342 135 180 956 759
3873 3 2 0 342 759 956 179 136
3874 3 2 0 343 133 177 957 760
3875 3 2 0 343 760 957 958 761
3876 3 2 0 343 761 958 180 135
3877 3 2 0 344 177 953 1686 957
3878 3 2 0 344 957 1686 1687 958
3879 3 2 0 344 958 1687 956 180
3880 3 2 0 344 953 178 954 1686
3881 3 2 0 344 1686 954 955 1687
3882 3 2 0 344 1687 955 179 956
3883 3 2 0 345 136 138 181 179
3884 3 2 0 346 137 182 959 772
3885 3 2 0 346 772 959 181 138
3886 3 2 0 347 135 180 182 137
3887 3 2 0 348 180 956 959 182
3888 3 2 0 348 956 179 181 959
3889 3 2 0 349 138 783 960 181
3890 3 2 0 349 783 140 183 960
3891 3 2 0 350 139 184 961 781
3892 3 2 0 350 781 961 183 140
3893 3 2 0 351 137 182 962 782
3894 3 2 0 351 782 962 184 139
3895 3 2 0 352 182 959 1688 962
3896 3 2 0 352 962 1688 961 184
3897 3 2 0 352 959 181 960 1688
3898 3 2 0 352 1688 960 183 961
3899 3 2 0 353 140 142 185 183
3900 3 2 0 354 141 186 963 792
3901 3 2 0 354 792 963 185 142
3902 3 2 0 355 139 184 186 141
3903 3 2 0 356 184 961 963 186
3904 3 2 0 356 961 183 185 963
3905 3 2 0 357 142 144 187 185
3906 3 2 0 358 143 188 964 801
3907 3 2 0 358 801 964 187 144
3908 3 2 0 359 141 186 188 143
3909 3 2 0 360 186 963 964 188
3910 3 2 0 360 963 185 187 964
3911 3 2 0 361 144 146 189 187
3912 3 2 0 362 145 190 965 810
3913 3 2 0 362 810 965 189 146
3914 3 2 0 363 143 188 190 145
3915 3 2 0 364 188 964 965 190
3916 3 2 0 364 964 187 189 965
3917 3 2 0 365 146 148 191 189
3918 3 2 0 366 147 192 966 819
3919 3 2 0 366 819 966 191 148
3920 3 2 0 367 145 190 192 147
3921 3 2 0 368 190 965 966 192
3922 3 2 0 368 965 189 191 966
3923 3 2 0 369 148 830 967 191
3924 3 2 0 369 830 150 193 967
3925 3 2 0 370 149 194 968 828
3926 3 2 0 370 828 968 193 150
3927 3 2 0 371 147 192 969 829
3928 3 2 0 371 829 969 194 149
3929 3 2 0 372 192 966 1689 969
3930 3 2 0 372 969 1689 968 194
3931 3 2 0 372 966 191 967 1689
3932 3 2 0 372 1689 967 193 968
3933 3 2 0 373 150 152 195 193
3934 3 2 0 374 151 196 970 839
3935 3 2 0 374 839 970 195 152
3936 3 2 0 375 149 194 196 151
3937 3 2 0 376 194 968 970 196
3938 3 2 0 376 968 193 195 970
3939 3 2 0 377 152 851 971 195
3940 3 2 0 377 851 852 972 971
3941 3 2 0 377 852 154 197 972
3942 3 2 0 378 153 198 973 848
3943 3 2 0 378 848 973 197 154
3944 3 2 0 379 151 196 974 849
3945 3 2 0 379 849 974 975 850
3946 3 2 0 379 850 975 198 153
3947 3 2 0 380 196 970 1690 974
3948 3 2 0 380 974 1690 1691 975
3949 3 2 0 380 975 1691 973 198
3950 3 2 0 380 970 195 971 1690
3951 3 2 0 380 1690 971 972 1691
3952 3 2 0 380 1691 972 197 973
3953 3 2 0 381 134 155 199 178
3954 3 2 0 382 155 861 976 199
3955 3 2 0 382 861 862 977 976
3956 3 2 0 382 862 156 200 977
3957 3 2 0 383 136 179 200 156
3958 3 2 0 384 178 199 976 954
3959 3 2 0 384 954 976 977 955
3960 3 2 0 384 955 977 200 179
3961 3 2 0 385 156 157 201 200
3962 3 2 0 386 138 181 201 157
3963 3 2 0 387 179 200 201 181
3964 3 2 0 388 157 871 978 201
3965 3 2 0 388 871 158 202 978
3966 3 2 0 389 140 183 202 158
3967 3 2 0 390 181 201 978 960
3968 3 2 0 390 960 978 202 183
3969 3 2 0 391 158 159 203 202
3970 3 2 0 392 142 185 203 159
3971 3 2 0 393 183 202 203 185
3972 3 2 0 394 159 160 204 203
3973 3 2 0 395 144 187 204 160
3974 3 2 0 396 185 203 204 187
3975 3 2 0 397 160 161 205 204
3976 3 2 0 398 146 189 205 161
3977 3 2 0 399 187 204 205 189
3978 3 2 0 400 161 162 206 205
3979 3 2 0 401 148 191 206 162
3980 3 2 0 402 189 205 206 191
3981 3 2 0 403 162 892 979 206
3982 3 2 0 403 892 163 207 979
3983 3 2 0 404 150 193 207 163
3984 3 2 0 405 191 206 979 967
3985 3 2 0 405 967 979 207 193
3986 3 2 0 406 163 164 208 207
3987 3 2 0 407 152 195 208 164
3988 3 2 0 408 193 207 208 195
3989 3 2 0 409 164 901 980 208
3990 3 2 0 409 901 902 981 980
3991 3 2 0 409 902 165 209 981
3992 3 2 0 410 154 197 209 165
3993 3 2 0 411 195 208 980 971
3994 3 2 0 411 971 980 981 972
3995 3 2 0 411 972 981 209 197
3996 3 2 0 412 155 166 210 199
3997 3 2 0 413 166 911 982 210
3998 3 2 0 413 911 912 983 982
3999 3 2 0 413 912 167 211 983
4000 3 2 0 414 156 200 211 167
4001 3 2 0 415 199 210 982 976
4002 3 2 0 415 976 982 983 977
4003 3 2 0 415 977 983 211 200
4004 3 2 0 416 167 168 212 211
4005 3 2 0 417 157 201 212 168
4006 3 2 0 418 200 211 212 201
4007 3 2 0 419 168 921 984 212
4008 3 2 0 419 921 169 213 984
4009 3 2 0 420 158 202 213 169
4010 3 2 0 421 201 212 984 978
4011 3 2 0 421 978 984 213 202
4012 3 2 0 422 169 170 214 213
4013 3 2 0 423 159 203 214 170
4014 3 2 0 424 202 213 214 203
4015 3 2 0 425 170 171 215 214
4016 3 2 0 426 160 204 215 171
4017 3 2 0 427 203 214 215 204
4018 3 2 0 428 171 172 216 215
4019 3 2 0 429 161 205 216 172
4020 3 2 0 430 204 215 216 205
4021 3 2 0 431 172 173 217 216
4022 3 2 0 432 162 206 217 173
4023 3 2 0 433 205 216 217 206
4024 3 2 0 434 173 942 985 217
4025 3 2 0 434 942 174 218 985
4026 3 2 0 435 163 207 218 174
4027 3 2 0 436 206 217 985 979
4028 3 2 0 436 979 985 218 207
4029 3 2 0 437 174 175 219 218
4030 3 2 0 438 164 208 219 175
4031 3 2 0 439 207 218 219 208
4032 3 2 0 440 175 951 986 219
4033 3 2 0 440 951 952 987 986
4034 3 2 0 440 952 176 220 987
4035 3 2 0 441 165 209 220 176
4036 3 2 0 442 208 219 986 980
4037 3 2 0 442 980 986 987 981
4038 3 2 0 442 981 987 220 209
4039 3 2 0 443 1 329 988 221
4040 3 2 0 443 329 330 989 988
4041 3 2 0 443 330 331 990 989
4042 3 2 0 443 331 332 991 990
4043 3 2 0 443 332 2 222 991
4044 3 2 0 444 2 333 992 222
4045 3 2 0 444 333 3 223 992
4046 3 2 0 445 4 224 993 334
4047 3 2 0 445 334 993 994 335
4048 3 2 0 445 335 994 995 336
4049 3 2 0 445 336 995 996 337
4050 3 2 0 445 337 996 223 3
4051 3 2 0 446 1 221 997 338
4052 3 2 0 446 338 997 224 4
4053 3 2 0 447 221 988 1692 997
4054 3 2 0 447 997 1692 993 224
4055 3 2 0 447 988 989 1693 1692
4056 3 2 0 447 1692 1693 994 993
4057 3 2 0 447 989 990 1694 1693
4058 3 2 0 447 1693 1694 995 994
4059 3 2 0 447 990 991 1695 1694
4060 3 2 0 447 1694 1695 996 995
4061 3 2 0 447 991 222 992 1695
4062 3 2 0 447 1695 992 223 996
4063 3 2 0 448 3 45 225 223
4064 3 2 0 449 46 226 998 463
4065 3 2 0 449 463 998 999 464
4066 3 2 0 449 464 999 1000 465
4067 3 2 0 449 465 1000 1001 466
4068 3 2 0 449 466 1001 225 45
4069 3 2 0 450 4 224 226 46
4070 3 2 0 451 224 993 998 226
4071 3 2 0 451 993 994 999 998
4072 3 2 0 451 994 995 1000 999
4073 3 2 0 451 995 996 1001 1000
4074 3 2 0 451 996 223 225 1001
4075 3 2 0 452 45 67 227 225
4076 3 2 0 453 68 228 1002 519
4077 3 2 0 453 519 1002 1003 520
4078 3 2 0 453 520 1003 1004 521
4079 3 2 0 453 521 1004 1005 522
4080 3 2 0 453 522 1005 227 67
4081 3 2 0 454 46 226 228 68
4082 3 2 0 455 226 998 1002 228
4083 3 2 0 455 998 999 1003 1002
4084 3 2 0 455 999 1000 1004 1003
4085 3 2 0 455 1000 1001 1005 1004
4086 3 2 0 455 1001 225 227 1005
4087 3 2 0 456 89 575 1006 229
4088 3 2 0 456 575 576 1007 1006
4089 3 2 0 456 576 577 1008 1007
4090 3 2 0 456 577 1 221 1008
4091 3 2 0 457 90 230 1009 578
4092 3 2 0 457 578 1009 1010 579
4093 3 2 0 457 579 1010 1011 580
4094 3 2 0 457 580 1011 224 4
4095 3 2 0 458 89 229 1012 581
4096 3 2 0 458 581 1012 230 90
4097 3 2 0 459 229 1006 1696 1012
4098 3 2 0 459 1012 1696 1009 230
4099 3 2 0 459 1006 1007 1697 1696
4100 3 2 0 459 1696 1697 1010 1009
4101 3 2 0 459 1007 1008 1698 1697
4102 3 2 0 459 1697 1698 1011 1010
4103 3 2 0 459 1008 221 997 1698
4104 3 2 0 459 1698 997 224 1011
4105 3 2 0 460 111 231 1013 664
4106 3 2 0 460 664 1013 1014 665
4107 3 2 0 460 665 1014 1015 666
4108 3 2 0 460 666 1015 226 46
4109 3 2 0 461 90 230 231 111
4110 3 2 0 462 230 1009 1013 231
4111 3 2 0 462 1009 1010 1014 1013
4112 3 2 0 462 1010 1011 1015 1014
4113 3 2 0 462 1011 224 226 1015
4114 3 2 0 463 122 232 1016 703
4115 3 2 0 463 703 1016 1017 704
4116 3 2 0 463 704 1017 1018 705
4117 3 2 0 463 705 1018 228 68
4118 3 2 0 464 111 231 232 122
4119 3 2 0 465 231 1013 1016 232
4120 3 2 0 465 1013 1014 1017 1016
4121 3 2 0 465 1014 1015 1018 1017
4122 3 2 0 465 1015 226 228 1018
4123 3 2 0 476 41 233 1019 445
4124 3 2 0 476 445 1019 1020 446
4125 3 2 0 476 446 1020 1021 447
4126 3 2 0 476 447 1021 1022 448
4127 3 2 0 476 448 1022 234 42
4128 3 2 0 477 42 234 1023 449
4129 3 2 0 477 449 1023 235 43
4130 3 2 0 478 44 450 1024 236
4131 3 2 0 478 450 451 1025 1024
4132 3 2 0 478 451 452 1026 1025
4133 3 2 0 478 452 453 1027 1026
4134 3 2 0 478 453 43 235 1027
4135 3 2 0 479 41 454 1028 233
4136 3 2 0 479 454 44 236 1028
4137 3 2 0 480 233 1028 1699 1019
4138 3 2 0 480 1028 236 1024 1699
4139 3 2 0 480 1019 1699 1700 1020
4140 3 2 0 480 1699 1024 1025 1700
4141 3 2 0 480 1020 1700 1701 1021
4142 3 2 0 480 1700 1025 1026 1701
4143 3 2 0 480 1021 1701 1702 1022
4144 3 2 0 480 1701 1026 1027 1702
4145 3 2 0 480 1022 1702 1023 234
4146 3 2 0 480 1702 1027 235 1023
4147 3 2 0 481 43 235 237 65
4148 3 2 0 482 66 511 1029 238
4149 3 2 0 482 511 512 1030 1029
4150 3 2 0 482 512 513 1031 1030
4151 3 2 0 482 513 514 1032 1031
4152 3 2 0 482 514 65 237 1032
4153 3 2 0 483 44 66 238 236
4154 3 2 0 484 236 238 1029 1024
4155 3 2 0 484 1024 1029 1030 1025
4156 3 2 0 484 1025 1030 1031 1026
4157 3 2 0 484 1026 1031 1032 1027
4158 3 2 0 484 1027 1032 237 235
4159 3 2 0 485 65 237 239 87
4160 3 2 0 486 88 567 1033 240
4161 3 2 0 486 567 568 1034 1033
4162 3 2 0 486 568 569 1035 1034
4163 3 2 0 486 569 570 1036 1035
4164 3 2 0 486 570 87 239 1036
4165 3 2 0 487 66 88 240 238
4166 3 2 0 488 238 240 1033 1029
4167 3 2 0 488 1029 1033 1034 1030
4168 3 2 0 488 1030 1034 1035 1031
4169 3 2 0 488 1031 1035 1036 1032
4170 3 2 0 488 1032 1036 239 237
4171 3 2 0 489 109 241 1037 653
4172 3 2 0 489 653 1037 1038 654
4173 3 2 0 489 654 1038 1039 655
4174 3 2 0 489 655 1039 233 41
4175 3 2 0 490 110 656 1040 242
4176 3 2 0 490 656 657 1041 1040
4177 3 2 0 490 657 658 1042 1041
4178 3 2 0 490 658 44 236 1042
4179 3 2 0 491 109 659 1043 241
4180 3 2 0 491 659 110 242 1043
4181 3 2 0 492 241 1043 1703 1037
4182 3 2 0 492 1043 242 1040 1703
4183 3 2 0 492 1037 1703 1704 1038
4184 3 2 0 492 1703 1040 1041 1704
4185 3 2 0 492 1038 1704 1705 1039
4186 3 2 0 492 1704 1041 1042 1705
4187 3 2 0 492 1039 1705 1028 233
4188 3 2 0 492 1705 1042 236 1028
4189 3 2 0 493 121 698 1044 243
4190 3 2 0 493 698 699 1045 1044
4191 3 2 0 493 699 700 1046 1045
4192 3 2 0 493 700 66 238 1046
4193 3 2 0 494 110 121 243 242
4194 3 2 0 495 242 243 1044 1040
4195 3 2 0 495 1040 1044 1045 1041
4196 3 2 0 495 1041 1045 1046 1042
4197 3 2 0 495 1042 1046 238 236
4198 3 2 0 496 132 737 1047 244
4199 3 2 0 496 737 738 1048 1047
4200 3 2 0 496 738 739 1049 1048
4201 3 2 0 496 739 88 240 1049
4202 3 2 0 497 121 132 244 243
4203 3 2 0 498 243 244 1047 1044
4204 3 2 0 498 1044 1047 1048 1045
4205 3 2 0 498 1045 1048 1049 1046
4206 3 2 0 498 1046 1049 240 238
4207 3 2 0 510 5 339 1050 245
4208 3 2 0 510 339 340 1051 1050
4209 3 2 0 510 340 341 1052 1051
4210 3 2 0 510 341 342 1053 1052
4211 3 2 0 510 342 6 246 1053
4212 3 2 0 514 5 9 247 245
4213 3 2 0 515 9 357 1054 247
4214 3 2 0 515 357 358 1055 1054
4215 3 2 0 515 358 359 1056 1055
4216 3 2 0 515 359 360 1057 1056
4217 3 2 0 515 360 10 248 1057
4218 3 2 0 516 6 246 248 10
4219 3 2 0 517 245 247 1054 1050
4220 3 2 0 517 1050 1054 1055 1051
4221 3 2 0 517 1051 1055 1056 1052
4222 3 2 0 517 1052 1056 1057 1053
4223 3 2 0 517 1053 1057 248 246
4224 3 2 0 518 9 377 1058 247
4225 3 2 0 518 377 13 249 1058
4226 3 2 0 519 13 367 1059 249
4227 3 2 0 519 367 368 1060 1059
4228 3 2 0 519 368 369 1061 1060
4229 3 2 0 519 369 370 1062 1061
4230 3 2 0 519 370 14 250 1062
4231 3 2 0 520 10 248 1063 378
4232 3 2 0 520 378 1063 250 14
4233 3 2 0 521 247 1058 1706 1054
4234 3 2 0 521 1054 1706 1707 1055
4235 3 2 0 521 1055 1707 1708 1056
4236 3 2 0 521 1056 1708 1709 1057
4237 3 2 0 521 1057 1709 1063 248
4238 3 2 0 521 1058 249 1059 1706
4239 3 2 0 521 1706 1059 1060 1707
4240 3 2 0 521 1707 1060 1061 1708
4241 3 2 0 521 1708 1061 1062 1709
4242 3 2 0 521 1709 1062 250 1063
4243 3 2 0 522 13 17 251 249
4244 3 2 0 523 17 381 1064 251
4245 3 2 0 523 381 382 1065 1064
4246 3 2 0 523 382 383 1066 1065
4247 3 2 0 523 383 384 1067 1066
4248 3 2 0 523 384 18 252 1067
4249 3 2 0 524 14 250 252 18
4250 3 2 0 525 249 251 1064 1059
4251 3 2 0 525 1059 1064 1065 1060
4252 3 2 0 525 1060 1065 1066 1061
4253 3 2 0 525 1061 1066 1067 1062
4254 3 2 0 525 1062 1067 252 250
4255 3 2 0 526 17 21 253 251
4256 3 2 0 527 21 391 1068 253
4257 3 2 0 527 391 392 1069 1068
4258 3 2 0 527 392 393 1070 1069
4259 3 2 0 527 393 394 1071 1070
4260 3 2 0 527 394 22 254 1071
4261 3 2 0 528 18 252 254 22
4262 3 2 0 529 251 253 1068 1064
4263 3 2 0 529 1064 1068 1069 1065
4264 3 2 0 529 1065 1069 1070 1066
4265 3 2 0 529 1066 1070 1071 1067
4266 3 2 0 529 1067 1071 254 252
4267 3 2 0 530 21 25 255 253
4268 3 2 0 531 25 401 1072 255
4269 3 2 0 531 401 402 1073 1072
4270 3 2 0 531 402 403 1074 1073
4271 3 2 0 531 403 404 1075 1074
4272 3 2 0 531 404 26 256 1075
4273 3 2 0 532 22 254 256 26
4274 3 2 0 533 253 255 1072 1068
4275 3 2 0 533 1068 1072 1073 1069
4276 3 2 0 533 1069 1073 1074 1070
4277 3 2 0 533 1070 1074 1075 1071
4278 3 2 0 533 1071 1075 256 254
4279 3 2 0 534 25 29 257 255
4280 3 2 0 535 29 411 1076 257
4281 3 2 0 535 411 412 1077 1076
4282 3 2 0 535 412 413 1078 1077
4283 3 2 0 535 413 414 1079 1078
4284 3 2 0 535 414 30 258 1079
4285 3 2 0 536 26 256 258 30
4286 3 2 0 537 255 257 1076 1072
4287 3 2 0 537 1072 1076 1077 1073
4288 3 2 0 537 1073 1077 1078 1074
4289 3 2 0 537 1074 1078 1079 1075
4290 3 2 0 537 1075 1079 258 256
4291 3 2 0 538 29 431 1080 257
4292 3 2 0 538 431 33 259 1080
4293 3 2 0 539 33 421 1081 259
4294 3 2 0 539 421 422 1082 1081
4295 3 2 0 539 422 423 1083 1082
4296 3 2 0 539 423 424 1084 1083
4297 3 2 0 539 424 34 260 1084
4298 3 2 0 540 30 258 1085 432
4299 3 2 0 540 432 1085 260 34
4300 3 2 0 541 257 1080 1710 1076
4301 3 2 0 541 1076 1710 1711 1077
4302 3 2 0 541 1077 1711 1712 1078
4303 3 2 0 541 1078 1712 1713 1079
4304 3 2 0 541 1079 1713 1085 258
4305 3 2 0 541 1080 259 1081 1710
4306 3 2 0 541 1710 1081 1082 1711
4307 3 2 0 541 1711 1082 1083 1712
4308 3 2 0 541 1712 1083 1084 1713
4309 3 2 0 541 1713 1084 260 1085
4310 3 2 0 542 33 37 261 259
4311 3 2 0 543 37 435 1086 261
4312 3 2 0 543 435 436 1087 1086
4313 3 2 0 543 436 437 1088 1087
4314 3 2 0 543 437 438 1089 1088
4315 3 2 0 543 438 38 262 1089
4316 3 2 0 544 34 260 262 38
4317 3 2 0 545 259 261 1086 1081
4318 3 2 0 545 1081 1086 1087 1082
4319 3 2 0 545 1082 1087 1088 1083
4320 3 2 0 545 1083 1088 1089 1084
4321 3 2 0 545 1084 1089 262 260
4322 3 2 0 551 91 582 1090 263
4323 3 2 0 551 582 583 1091 1090
4324 3 2 0 551 583 584 1092 1091
4325 3 2 0 551 584 5 245 1092
4326 3 2 0 554 91 93 264 263
4327 3 2 0 555 93 593 1093 264
4328 3 2 0 555 593 594 1094 1093
4329 3 2 0 555 594 595 1095 1094
4330 3 2 0 555 595 9 247 1095
4331 3 2 0 556 263 264 1093 1090
4332 3 2 0 556 1090 1093 1094 1091
4333 3 2 0 556 1091 1094 1095 1092
4334 3 2 0 556 1092 1095 247 245
4335 3 2 0 557 93 607 1096 264
4336 3 2 0 557 607 95 265 1096
4337 3 2 0 558 95 600 1097 265
4338 3 2 0 558 600 601 1098 1097
4339 3 2 0 558 601 602 1099 1098
4340 3 2 0 558 602 13 249 1099
4341 3 2 0 559 264 1096 1714 1093
4342 3 2 0 559 1093 1714 1715 1094
4343 3 2 0 559 1094 1715 1716 1095
4344 3 2 0 559 1095 1716 1058 247
4345 3 2 0 559 1096 265 1097 1714
4346 3 2 0 559 1714 1097 1098 1715
4347 3 2 0 559 1715 1098 1099 1716
4348 3 2 0 559 1716 1099 249 1058
4349 3 2 0 560 95 97 266 265
4350 3 2 0 561 97 609 1100 266
4351 3 2 0 561 609 610 1101 1100
4352 3 2 0 561 610 611 1102 1101
4353 3 2 0 561 611 17 251 1102
4354 3 2 0 562 265 266 1100 1097
4355 3 2 0 562 1097 1100 1101 1098
4356 3 2 0 562 1098 1101 1102 1099
4357 3 2 0 562 1099 1102 251 249
4358 3 2 0 563 97 99 267 266
4359 3 2 0 564 99 616 1103 267
4360 3 2 0 564 616 617 1104 1103
4361 3 2 0 564 617 618 1105 1104
4362 3 2 0 564 618 21 253 1105
4363 3 2 0 565 266 267 1103 1100
4364 3 2 0 565 1100 1103 1104 1101
4365 3 2 0 565 1101 1104 1105 1102
4366 3 2 0 565 1102 1105 253 251
4367 3 2 0 566 99 101 268 267
4368 3 2 0 567 101 623 1106 268
4369 3 2 0 567 623 624 1107 1106
4370 3 2 0 567 624 625 1108 1107
4371 3 2 0 567 625 25 255 1108
4372 3 2 0 568 267 268 1106 1103
4373 3 2 0 568 1103 1106 1107 1104
4374 3 2 0 568 1104 1107 1108 1105
4375 3 2 0 568 1105 1108 255 253
4376 3 2 0 569 101 103 269 268
4377 3 2 0 570 103 630 1109 269
4378 3 2 0 570 630 631 1110 1109
4379 3 2 0 570 631 632 1111 1110
4380 3 2 0 570 632 29 257 1111
4381 3 2 0 571 268 269 1109 1106
4382 3 2 0 571 1106 1109 1110 1107
4383 3 2 0 571 1107 1110 1111 1108
4384 3 2 0 571 1108 1111 257 255
4385 3 2 0 572 103 644 1112 269
4386 3 2 0 572 644 105 270 1112
4387 3 2 0 573 105 637 1113 270
4388 3 2 0 573 637 638 1114 1113
4389 3 2 0 573 638 639 1115 1114
4390 3 2 0 573 639 33 259 1115
4391 3 2 0 574 269 1112 1717 1109
4392 3 2 0 574 1109 1717 1718 1110
4393 3 2 0 574 1110 1718 1719 1111
4394 3 2 0 574 1111 1719 1080 257
4395 3 2 0 574 1112 270 1113 1717
4396 3 2 0 574 1717 1113 1114 1718
4397 3 2 0 574 1718 1114 1115 1719
4398 3 2 0 574 1719 1115 259 1080
4399 3 2 0 575 105 107 271 270
4400 3 2 0 576 107 646 1116 271
4401 3 2 0 576 646 647 1117 1116
4402 3 2 0 576 647 648 1118 1117
4403 3 2 0 576 648 37 261 1118
4404 3 2 0 577 270 271 1116 1113
4405 3 2 0 577 1113 1116 1117 1114
4406 3 2 0 577 1114 1117 1118 1115
4407 3 2 0 577 1115 1118 261 259
4408 3 2 0 578 133 742 1119 272
4409 3 2 0 578 742 743 1120 1119
4410 3 2 0 578 743 744 1121 1120
4411 3 2 0 578 744 745 1122 1121
4412 3 2 0 578 745 89 229 1122
4413 3 2 0 579 134 273 1123 746
4414 3 2 0 579 746 1123 1124 747
4415 3 2 0 579 747 1124 1125 748
4416 3 2 0 579 748 1125 1126 749
4417 3 2 0 579 749 1126 230 90
4418 3 2 0 580 133 272 1127 750
4419 3 2 0 580 750 1127 273 134
4420 3 2 0 581 272 1119 1720 1127
4421 3 2 0 581 1127 1720 1123 273
4422 3 2 0 581 1119 1120 1721 1720
4423 3 2 0 581 1720 1721 1124 1123
4424 3 2 0 581 1120 1121 1722 1721
4425 3 2 0 581 1721 1722 1125 1124
4426 3 2 0 581 1121 1122 1723 1722
4427 3 2 0 581 1722 1723 1126 1125
4428 3 2 0 581 1122 229 1012 1723
4429 3 2 0 581 1723 1012 230 1126
4430 3 2 0 582 155 274 1128 853
4431 3 2 0 582 853 1128 1129 854
4432 3 2 0 582 854 1129 1130 855
4433 3 2 0 582 855 1130 1131 856
4434 3 2 0 582 856 1131 231 111
4435 3 2 0 583 134 273 274 155
4436 3 2 0 584 273 1123 1128 274
4437 3 2 0 584 1123 1124 1129 1128
4438 3 2 0 584 1124 1125 1130 1129
4439 3 2 0 584 1125 1126 1131 1130
4440 3 2 0 584 1126 230 231 1131
4441 3 2 0 585 166 275 1132 903
4442 3 2 0 585 903 1132 1133 904
4443 3 2 0 585 904 1133 1134 905
4444 3 2 0 585 905 1134 1135 906
4445 3 2 0 585 906 1135 232 122
4446 3 2 0 586 155 274 275 166
4447 3 2 0 587 274 1128 1132 275
4448 3 2 0 587 1128 1129 1133 1132
4449 3 2 0 587 1129 1130 1134 1133
4450 3 2 0 587 1130 1131 1135 1134
4451 3 2 0 587 1131 231 232 1135
4452 3 2 0 588 153 276 1136 840
4453 3 2 0 588 840 1136 1137 841
4454 3 2 0 588 841 1137 1138 842
4455 3 2 0 588 842 1138 1139 843
4456 3 2 0 588 843 1139 241 109
4457 3 2 0 589 154 844 1140 277
4458 3 2 0 589 844 845 1141 1140
4459 3 2 0 589 845 846 1142 1141
4460 3 2 0 589 846 847 1143 1142
4461 3 2 0 589 847 110 242 1143
4462 3 2 0 590 153 848 1144 276
4463 3 2 0 590 848 154 277 1144
4464 3 2 0 591 276 1144 1724 1136
4465 3 2 0 591 1144 277 1140 1724
4466 3 2 0 591 1136 1724 1725 1137
4467 3 2 0 591 1724 1140 1141 1725
4468 3 2 0 591 1137 1725 1726 1138
4469 3 2 0 591 1725 1141 1142 1726
4470 3 2 0 591 1138 1726 1727 1139
4471 3 2 0 591 1726 1142 1143 1727
4472 3 2 0 591 1139 1727 1043 241
4473 3 2 0 591 1727 1143 242 1043
4474 3 2 0 592 165 897 1145 278
4475 3 2 0 592 897 898 1146 1145
4476 3 2 0 592 898 899 1147 1146
4477 3 2 0 592 899 900 1148 1147
4478 3 2 0 592 900 121 243 1148
4479 3 2 0 593 154 165 278 277
4480 3 2 0 594 277 278 1145 1140
4481 3 2 0 594 1140 1145 1146 1141
4482 3 2 0 594 1141 1146 1147 1142
4483 3 2 0 594 1142 1147 1148 1143
4484 3 2 0 594 1143 1148 243 242
4485 3 2 0 595 176 947 1149 279
4486 3 2 0 595 947 948 1150 1149
4487 3 2 0 595 948 949 1151 1150
4488 3 2 0 595 949 950 1152 1151
4489 3 2 0 595 950 132 244 1152
4490 3 2 0 596 165 176 279 278
4491 3 2 0 597 278 279 1149 1145
4492 3 2 0 597 1145 1149 1150 1146
4493 3 2 0 597 1146 1150 1151 1147
4494 3 2 0 597 1147 1151 1152 1148
4495 3 2 0 597 1148 1152 244 243
4496 3 2 0 598 1 349 1153 280
4497 3 2 0 598 349 350 1154 1153
4498 3 2 0 598 350 5 245 1154
4499 3 2 0 599 2 281 1155 351
4500 3 2 0 599 351 1155 1156 352
4501 3 2 0 599 352 1156 246 6
4502 3 2 0 600 1 280 1157 329
4503 3 2 0 600 329 1157 1158 330
4504 3 2 0 600 330 1158 1159 331
4505 3 2 0 600 331 1159 1160 332
4506 3 2 0 600 332 1160 281 2
4507 3 2 0 601 280 1153 1728 1157
4508 3 2 0 601 1157 1728 1729 1158
4509 3 2 0 601 1158 1729 1730 1159
4510 3 2 0 601 1159 1730 1731 1160
4511 3 2 0 601 1160 1731 1155 281
4512 3 2 0 601 1153 1154 1732 1728
4513 3 2 0 601 1728 1732 1733 1729
4514 3 2 0 601 1729 1733 1734 1730
4515 3 2 0 601 1730 1734 1735 1731
4516 3 2 0 601 1731 1735 1156 1155
4517 3 2 0 601 1154 245 1050 1732
4518 3 2 0 601 1732 1050 1051 1733
4519 3 2 0 601 1733 1051 1052 1734
4520 3 2 0 601 1734 1052 1053 1735
4521 3 2 0 601 1735 1053 246 1156
4522 3 2 0 602 37 455 1161 261
4523 3 2 0 602 455 456 1162 1161
4524 3 2 0 602 456 41 282 1162
4525 3 2 0 603 41 445 1163 282
4526 3 2 0 603 445 446 1164 1163
4527 3 2 0 603 446 447 1165 1164
4528 3 2 0 603 447 448 1166 1165
4529 3 2 0 603 448 42 283 1166
4530 3 2 0 604 38 262 1167 457
4531 3 2 0 604 457 1167 1168 458
4532 3 2 0 604 458 1168 283 42
4533 3 2 0 605 261 1161 1736 1086
4534 3 2 0 605 1086 1736 1737 1087
4535 3 2 0 605 1087 1737 1738 1088
4536 3 2 0 605 1088 1738 1739 1089
4537 3 2 0 605 1089 1739 1167 262
4538 3 2 0 605 1161 1162 1740 1736
4539 3 2 0 605 1736 1740 1741 1737
4540 3 2 0 605 1737 1741 1742 1738
4541 3 2 0 605 1738 1742 1743 1739
4542 3 2 0 605 1739 1743 1168 1167
4543 3 2 0 605 1162 282 1163 1740
4544 3 2 0 605 1740 1163 1164 1741
4545 3 2 0 605 1741 1164 1165 1742
4546 3 2 0 605 1742 1165 1166 1743
4547 3 2 0 605 1743 1166 283 1168
4548 3 2 0 606 89 589 1169 284
4549 3 2 0 606 589 590 1170 1169
4550 3 2 0 606 590 91 263 1170
4551 3 2 0 607 89 284 1171 575
4552 3 2 0 607 575 1171 1172 576
4553 3 2 0 607 576 1172 1173 577
4554 3 2 0 607 577 1173 280 1
4555 3 2 0 608 284 1169 1744 1171
4556 3 2 0 608 1171 1744 1745 1172
4557 3 2 0 608 1172 1745 1746 1173
4558 3 2 0 608 1173 1746 1153 280
4559 3 2 0 608 1169 1170 1747 1744
4560 3 2 0 608 1744 1747 1748 1745
4561 3 2 0 608 1745 1748 1749 1746
4562 3 2 0 608 1746 1749 1154 1153
4563 3 2 0 608 1170 263 1090 1747
4564 3 2 0 608 1747 1090 1091 1748
4565 3 2 0 608 1748 1091 1092 1749
4566 3 2 0 608 1749 1092 245 1154
4567 3 2 0 609 107 660 1174 271
4568 3 2 0 609 660 661 1175 1174
4569 3 2 0 609 661 109 285 1175
4570 3 2 0 610 109 653 1176 285
4571 3 2 0 610 653 654 1177 1176
4572 3 2 0 610 654 655 1178 1177
4573 3 2 0 610 655 41 282 1178
4574 3 2 0 611 271 1174 1750 1116
4575 3 2 0 611 1116 1750 1751 1117
4576 3 2 0 611 1117 1751 1752 1118
4577 3 2 0 611 1118 1752 1161 261
4578 3 2 0 611 1174 1175 1753 1750
4579 3 2 0 611 1750 1753 1754 1751
4580 3 2 0 611 1751 1754 1755 1752
4581 3 2 0 611 1752 1755 1162 1161
4582 3 2 0 611 1175 285 1176 1753
4583 3 2 0 611 1753 1176 1177 1754
4584 3 2 0 611 1754 1177 1178 1755
4585 3 2 0 611 1755 1178 282 1162
4586 3 2 0 612 133 760 1179 286
4587 3 2 0 612 760 761 1180 1179
4588 3 2 0 612 761 135 287 1180
4589 3 2 0 613 135 751 1181 287
4590 3 2 0 613 751 752 1182 1181
4591 3 2 0 613 752 753 1183 1182
4592 3 2 0 613 753 754 1184 1183
4593 3 2 0 613 754 91 263 1184
4594 3 2 0 614 133 286 1185 742
4595 3 2 0 614 742 1185 1186 743
4596 3 2 0 614 743 1186 1187 744
4597 3 2 0 614 744 1187 1188 745
4598 3 2 0 614 745 1188 284 89
4599 3 2 0 615 286 1179 1756 1185
4600 3 2 0 615 1185 1756 1757 1186
4601 3 2 0 615 1186 1757 1758 1187
4602 3 2 0 615 1187 1758 1759 1188
4603 3 2 0 615 1188 1759 1169 284
4604 3 2 0 615 1179 1180 1760 1756
4605 3 2 0 615 1756 1760 1761 1757
4606 3 2 0 615 1757 1761 1762 1758
4607 3 2 0 615 1758 1762 1763 1759
4608 3 2 0 615 1759 1763 1170 1169
4609 3 2 0 615 1180 287 1181 1760
4610 3 2 0 615 1760 1181 1182 1761
4611 3 2 0 615 1761 1182 1183 1762
4612 3 2 0 615 1762 1183 1184 1763
4613 3 2 0 615 1763 1184 263 1170
4614 3 2 0 616 135 137 288 287
4615 3 2 0 617 137 764 1189 288
4616 3 2 0 617 764 765 1190 1189
4617 3 2 0 617 765 766 1191 1190
4618 3 2 0 617 766 767 1192 1191
4619 3 2 0 617 767 93 264 1192
4620 3 2 0 618 287 288 1189 1181
4621 3 2 0 618 1181 1189 1190 1182
4622 3 2 0 618 1182 1190 1191 1183
4623 3 2 0 618 1183 1191 1192 1184
4624 3 2 0 618 1184 1192 264 263
4625 3 2 0 619 137 782 1193 288
4626 3 2 0 619 782 139 289 1193
4627 3 2 0 620 139 773 1194 289
4628 3 2 0 620 773 774 1195 1194
4629 3 2 0 620 774 775 1196 1195
4630 3 2 0 620 775 776 1197 1196
4631 3 2 0 620 776 95 265 1197
4632 3 2 0 621 288 1193 1764 1189
4633 3 2 0 621 1189 1764 1765 1190
4634 3 2 0 621 1190 1765 1766 1191
4635 3 2 0 621 1191 1766 1767 1192
4636 3 2 0 621 1192 1767 1096 264
4637 3 2 0 621 1193 289 1194 1764
4638 3 2 0 621 1764 1194 1195 1765
4639 3 2 0 621 1765 1195 1196 1766
4640 3 2 0 621 1766 1196 1197 1767
4641 3 2 0 621 1767 1197 265 1096
4642 3 2 0 622 139 141 290 289
4643 3 2 0 623 141 784 1198 290
4644 3 2 0 623 784 785 1199 1198
4645 3 2 0 623 785 786 1200 1199
4646 3 2 0 623 786 787 1201 1200
4647 3 2 0 623 787 97 266 1201
4648 3 2 0 624 289 290 1198 1194
4649 3 2 0 624 1194 1198 1199 1195
4650 3 2 0 624 1195 1199 1200 1196
4651 3 2 0 624 1196 1200 1201 1197
4652 3 2 0 624 1197 1201 266 265
4653 3 2 0 625 141 143 291 290
4654 3 2 0 626 143 793 1202 291
4655 3 2 0 626 793 794 1203 1202
4656 3 2 0 626 794 795 1204 1203
4657 3 2 0 626 795 796 1205 1204
4658 3 2 0 626 796 99 267 1205
4659 3 2 0 627 290 291 1202 1198
4660 3 2 0 627 1198 1202 1203 1199
4661 3 2 0 627 1199 1203 1204 1200
4662 3 2 0 627 1200 1204 1205 1201
4663 3 2 0 627 1201 1205 267 266
4664 3 2 0 628 143 145 292 291
4665 3 2 0 629 145 802 1206 292
4666 3 2 0 629 802 803 1207 1206
4667 3 2 0 629 803 804 1208 1207
4668 3 2 0 629 804 805 1209 1208
4669 3 2 0 629 805 101 268 1209
4670 3 2 0 630 291 292 1206 1202
4671 3 2 0 630 1202 1206 1207 1203
4672 3 2 0 630 1203 1207 1208 1204
4673 3 2 0 630 1204 1208 1209 1205
4674 3 2 0 630 1205 1209 268 267
4675 3 2 0 631 145 147 293 292
4676 3 2 0 632 147 811 1210 293
4677 3 2 0 632 811 812 1211 1210
4678 3 2 0 632 812 813 1212 1211
4679 3 2 0 632 813 814 1213 1212
4680 3 2 0 632 814 103 269 1213
4681 3 2 0 633 292 293 1210 1206
4682 3 2 0 633 1206 1210 1211 1207
4683 3 2 0 633 1207 1211 1212 1208
4684 3 2 0 633 1208 1212 1213 1209
4685 3 2 0 633 1209 1213 269 268
4686 3 2 0 634 147 829 1214 293
4687 3 2 0 634 829 149 294 1214
4688 3 2 0 635 149 820 1215 294
4689 3 2 0 635 820 821 1216 1215
4690 3 2 0 635 821 822 1217 1216
4691 3 2 0 635 822 823 1218 1217
4692 3 2 0 635 823 105 270 1218
4693 3 2 0 636 293 1214 1768 1210
4694 3 2 0 636 1210 1768 1769 1211
4695 3 2 0 636 1211 1769 1770 1212
4696 3 2 0 636 1212 1770 1771 1213
4697 3 2 0 636 1213 1771 1112 269
4698 3 2 0 636 1214 294 1215 1768
4699 3 2 0 636 1768 1215 1216 1769
4700 3 2 0 636 1769 1216 1217 1770
4701 3 2 0 636 1770 1217 1218 1771
4702 3 2 0 636 1771 1218 270 1112
4703 3 2 0 637 149 151 295 294
4704 3 2 0 638 151 831 1219 295
4705 3 2 0 638 831 832 1220 1219
4706 3 2 0 638 832 833 1221 1220
4707 3 2 0 638 833 834 1222 1221
4708 3 2 0 638 834 107 271 1222
4709 3 2 0 639 294 295 1219 1215
4710 3 2 0 639 1215 1219 1220 1216
4711 3 2 0 639 1216 1220 1221 1217
4712 3 2 0 639 1217 1221 1222 1218
4713 3 2 0 639 1218 1222 271 270
4714 3 2 0 640 151 849 1223 295
4715 3 2 0 640 849 850 1224 1223
4716 3 2 0 640 850 153 296 1224
4717 3 2 0 641 153 840 1225 296
4718 3 2 0 641 840 841 1226 1225
4719 3 2 0 641 841 842 1227 1226
4720 3 2 0 641 842 843 1228 1227
4721 3 2 0 641 843 109 285 1228
4722 3 2 0 642 295 1223 1772 1219
4723 3 2 0 642 1219 1772 1773 1220
4724 3 2 0 642 1220 1773 1774 1221
4725 3 2 0 642 1221 1774 1775 1222
4726 3 2 0 642 1222 1775 1174 271
4727 3 2 0 642 1223 1224 1776 1772
4728 3 2 0 642 1772 1776 1777 1773
4729 3 2 0 642 1773 1777 1778 1774
4730 3 2 0 642 1774 1778 1779 1775
4731 3 2 0 642 1775 1779 1175 1174
4732 3 2 0 642 1224 296 1225 1776
4733 3 2 0 642 1776 1225 1226 1777
4734 3 2 0 642 1777 1226 1227 1778
4735 3 2 0 642 1778 1227 1228 1779
4736 3 2 0 642 1779 1228 285 1175
4737 3 2 0 643 133 272 297 177
4738 3 2 0 644 134 178 298 273
4739 3 2 0 645 177 297 1229 953
4740 3 2 0 645 953 1229 298 178
4741 3 2 0 646 272 1127 1229 297
4742 3 2 0 646 1127 273 298 1229
4743 3 2 0 647 155 199 299 274
4744 3 2 0 648 178 298 299 199
4745 3 2 0 649 273 274 299 298
4746 3 2 0 650 166 210 300 275
4747 3 2 0 651 199 299 300 210
4748 3 2 0 652 274 275 300 299
4749 3 2 0 653 153 198 301 276
4750 3 2 0 654 154 277 302 197
4751 3 2 0 655 198 973 1230 301
4752 3 2 0 655 973 197 302 1230
4753 3 2 0 656 276 301 1230 1144
4754 3 2 0 656 1144 1230 302 277
4755 3 2 0 657 165 278 303 209
4756 3 2 0 658 197 209 303 302
4757 3 2 0 659 277 302 303 278
4758 3 2 0 660 176 279 304 220
4759 3 2 0 661 209 220 304 303
4760 3 2 0 662 278 303 304 279
4761 3 2 0 663 133 177 305 286
4762 3 2 0 664 135 287 306 180
4763 3 2 0 665 177 957 1231 305
4764 3 2 0 665 957 958 1232 1231
4765 3 2 0 665 958 180 306 1232
4766 3 2 0 666 286 305 1231 1179
4767 3 2 0 666 1179 1231 1232 1180
4768 3 2 0 666 1180 1232 306 287
4769 3 2 0 667 137 288 307 182
4770 3 2 0 668 180 182 307 306
4771 3 2 0 669 287 306 307 288
4772 3 2 0 670 139 289 308 184
4773 3 2 0 671 182 962 1233 307
4774 3 2 0 671 962 184 308 1233
4775 3 2 0 672 288 307 1233 1193
4776 3 2 0 672 1193 1233 308 289
4777 3 2 0 673 141 290 309 186
4778 3 2 0 674 184 186 309 308
4779 3 2 0 675 289 308 309 290
4780 3 2 0 676 143 291 310 188
4781 3 2 0 677 186 188 310 309
4782 3 2 0 678 290 309 310 291
4783 3 2 0 679 145 292 311 190
4784 3 2 0 680 188 190 311 310
4785 3 2 0 681 291 310 311 292
4786 3 2 0 682 147 293 312 192
4787 3 2 0 683 190 192 312 311
4788 3 2 0 684 292 311 312 293
4789 3 2 0 685 149 294 313 194
4790 3 2 0 686 192 969 1234 312
4791 3 2 0 686 969 194 313 1234
4792 3 2 0 687 293 312 1234 1214
4793 3 2 0 687 1214 1234 313 294
4794 3 2 0 688 151 295 314 196
4795 3 2 0 689 194 196 314 313
4796 3 2 0 690 294 313 314 295
4797 3 2 0 691 153 296 315 198
4798 3 2 0 692 196 974 1235 314
4799 3 2 0 692 974 975 1236 1235
4800 3 2 0 692 975 198 315 1236
4801 3 2 0 693 295 314 1235 1223
4802 3 2 0 693 1223 1235 1236 1224
4803 3 2 0 693 1224 1236 315 296
4804 3 2 0 694 1 280 316 221
4805 3 2 0 695 2 222 317 281
4806 3 2 0 696 221 316 1237 988
4807 3 2 0 696 988 1237 1238 989
4808 3 2 0 696 989 1238 1239 990
4809 3 2 0 696 990 1239 1240 991
4810 3 2 0 696 991 1240 317 222
4811 3 2 0 697 280 1157 1237 316
4812 3 2 0 697 1157 1158 1238 1237
4813 3 2 0 697 1158 1159 1239 1238
4814 3 2 0 697 1159 1160 1240 1239
4815 3 2 0 697 1160 281 317 1240
4816 3 2 0 698 89 284 318 229
4817 3 2 0 699 229 318 1241 1006
4818 3 2 0 699 1006 1241 1242 1007
4819 3 2 0 699 1007 1242 1243 1008
4820 3 2 0 699 1008 1243 316 221
4821 3 2 0 700 284 1171 1241 318
4822 3 2 0 700 1171 1172 1242 1241
4823 3 2 0 700 1172 1173 1243 1242
4824 3 2 0 700 1173 280 316 1243
4825 3 2 0 701 133 286 319 272
4826 3 2 0 702 272 319 1244 1119
4827 3 2 0 702 1119 1244 1245 1120
4828 3 2 0 702 1120 1245 1246 1121
4829 3 2 0 702 1121 1246 1247 1122
4830 3 2 0 702 1122 1247 318 229
4831 3 2 0 703 286 1185 1244 319
4832 3 2 0 703 1185 1186 1245 1244
4833 3 2 0 703 1186 1187 1246 1245
4834 3 2 0 703 1187 1188 1247 1246
4835 3 2 0 703 1188 284 318 1247
4836 3 2 0 704 41 233 320 282
4837 3 2 0 705 42 283 321 234
4838 3 2 0 706 233 1019 1248 320
4839 3 2 0 706 1019 1020 1249 1248
4840 3 2 0 706 1020 1021 1250 1249
4841 3 2 0 706 1021 1022 1251 1250
4842 3 2 0 706 1022 234 321 1251
4843 3 2 0 707 282 320 1248 1163
4844 3 2 0 707 1163 1248 1249 1164
4845 3 2 0 707 1164 1249 1250 1165
4846 3 2 0 707 1165 1250 1251 1166
4847 3 2 0 707 1166 1251 321 283
4848 3 2 0 708 109 241 322 285
4849 3 2 0 709 241 1037 1252 322
4850 3 2 0 709 1037 1038 1253 1252
4851 3 2 0 709 1038 1039 1254 1253
4852 3 2 0 709 1039 233 320 1254
4853 3 2 0 710 285 322 1252 1176
4854 3 2 0 710 1176 1252 1253 1177
4855 3 2 0 710 1177 1253 1254 1178
4856 3 2 0 710 1178 1254 320 282
4857 3 2 0 711 153 276 323 296
4858 3 2 0 712 276 1136 1255 323
4859 3 2 0 712 1136 1137 1256 1255
4860 3 2 0 712 1137 1138 1257 1256
4861 3 2 0 712 1138 1139 1258 1257
4862 3 2 0 712 1139 241 322 1258
4863 3 2 0 713 296 323 1255 1225
4864 3 2 0 713 1225 1255 1256 1226
4865 3 2 0 713 1226 1256 1257 1227
4866 3 2 0 713 1227 1257 1258 1228
4867 3 2 0 713 1228 1258 322 285
4868 3 2 0 714 177 305 324 297
4869 3 2 0 715 272 297 324 319
4870 3 2 0 716 286 319 324 305
4871 3 2 0 717 198 301 325 315
4872 3 2 0 718 276 323 325 301
4873 3 2 0 719 296 315 325 323
4874 5 2 0 1 1277 329 1 338 1780 1285 349 1301
4875 5 2 0 1 1780 1285 349 1301 1781 1289 350 1302
4876 5 2 0 1 1781 1289 350 1302 1281 339 5 348
4877 5 2 0 1 334 1277 338 4 1293 1780 1301 353
4878 5 2 0 1 1293 1780 1301 353 1297 1781 1302 354
4879 5 2 0 1 1297 1781 1302 354 344 1281 348 8
4880 5 2 0 1 1278 330 329 1277 1782 1286 1285 1780
4881 5 2 0 1 1782 1286 1285 1780 1783 1290 1289 1781
4882 5 2 0 1 1783 1290 1289 1781 1282 340 339 1281
4883 5 2 0 1 335 1278 1277 334 1294 1782 1780 1293
4884 5 2 0 1 1294 1782 1780 1293 1298 1783 1781 1297
4885 5 2 0 1 1298 1783 1781 1297 345 1282 1281 344
4886 5 2 0 1 1279 331 330 1278 1784 1287 1286 1782
4887 5 2 0 1 1784 1287 1286 1782 1785 1291 1290 1783
4888 5 2 0 1 1785 1291 1290 1783 1283 341 340 1282
4889 5 2 0 1 336 1279 1278 335 1295 1784 1782 1294
4890 5 2 0 1 1295 1784 1782 1294 1299 1785 1783 1298
4891 5 2 0 1 1299 1785 1783 1298 346 1283 1282 345
4892 5 2 0 1 1280 332 331 1279 1786 1288 1287 1784
4893 5 2 0 1 1786 1288 1287 1784 1787 1292 1291 1785
4894 5 2 0 1 1787 1292 1291 1785 1284 342 341 1283
4895 5 2 0 1 337 1280 1279 336 1296 1786 1784 1295
4896 5 2 0 1 1296 1786 1784 1295 1300 1787 1785 1299
4897 5 2 0 1 1300 1787 1785 1299 347 1284 1283 346
4898 5 2 0 1 333 2 332 1280 1303 351 1288 1786
4899 5 2 0 1 1303 351 1288 1786 1304 352 1292 1787
4900 5 2 0 1 1304 352 1292 1787 343 6 342 1284
4901 5 2 0 1 3 333 1280 337 355 1303 1786 1296
4902 5 2 0 1 355 1303 1786 1296 356 1304 1787 1300
4903 5 2 0 1 356 1304 1787 1300 7 343 1284 347
4904 5 2 0 2 1281 339 5 348 1305 357 9 366
4905 5 2 0 2 344 1281 348 8 362 1305 366 12
4906 5 2 0 2 1282 340 339 1281 1306 358 357 1305
4907 5 2 0 2 345 1282 1281 344 363 1306 1305 362
4908 5 2 0 2 1283 341 340 1282 1307 359 358 1306
4909 5 2 0 2 346 1283 1282 345 364 1307 1306 363
4910 5 2 0 2 1284 342 341 1283 1308 360 359 1307
4911 5 2 0 2 347 1284 1283 346 365 1308 1307 364
4912 5 2 0 2 343 6 342 1284 361 10 360 1308
4913 5 2 0 2 7 343 1284 347 11 361 1308 365
4914 5 2 0 3 1305 357 9 366 1788 1313 377 1321
4915 5 2 0 3 1788 1313 377 1321 1309 367 13 376
4916 5 2 0 3 362 1305 366 12 1317 1788 1321 379
4917 5 2 0 3 1317 1788 1321 379 372 1309 376 16
4918 5 2 0 3 1306 358 357 1305 1789 1314 1313 1788
4919 5 2 0 3 1789 1314 1313 1788 1310 368 367 1309
4920 5 2 0 3 363 1306 1305 362 1318 1789 1788 1317
4921 5 2 0 3 1318 1789 1788 1317 373 1310 1309 372
4922 5 2 0 3 1307 359 358 1306 1790 1315 1314 1789
4923 5 2 0 3 1790 1315 1314 1789 1311 369 368 1310
4924 5 2 0 3 364 1307 1306 363 1319 1790 1789 1318
4925 5 2 0 3 1319 1790 1789 1318 374 1311 1310 373
4926 5 2 0 3 1308 360 359 1307 1791 1316 1315 1790
4927 5 2 0 3 1791 1316 1315 1790 1312 370 369 1311
4928 5 2 0 3 365 1308 1307 364 1320 1791 1790 1319
4929 5 2 0 3 1320 1791 1790 1319 375 1312 1311 374
4930 5 2 0 3 361 10 360 1308 1322 378 1316 1791
4931 5 2 0 3 1322 378 1316 1791 371 14 370 1312
4932 5 2 0 3 11 361 1308 365 380 1322 1791 1320
4933 5 2 0 3 380 1322 1791 1320 15 371 1312 375
4934 5 2 0 4 1309 367 13 376 1323 381 17 390
4935 5 2 0 4 372 1309 376 16 386 1323 390 20
4936 5 2 0 4 1310 368 367 1309 1324 382 381 1323
4937 5 2 0 4 373 1310 1309 372 387 1324 1323 386
4938 5 2 0 4 1311 369 368 1310 1325 383 382 1324
4939 5 2 0 4 374 1311 1310 373 388 1325 1324 387
4940 5 2 0 4 1312 370 369 1311 1326 384 383 1325
4941 5 2 0 4 375 1312 1311 374 389 1326 1325 388
4942 5 2 0 4 371 14 370 1312 385 18 384 1326
4943 5 2 0 4 15 371 1312 375 19 385 1326 389
4944 5 2 0 5 1323 381 17 390 1327 391 21 400
4945 5 2 0 5 386 1323 390 20 396 1327 400 24
4946 5 2 0 5 1324 382 381 1323 1328 392 391 1327
4947 5 2 0 5 387 1324 1323 386 397 1328 1327 396
4948 5 2 0 5 1325 383 382 1324 1329 393 392 1328
4949 5 2 0 5 388 1325 1324 387 398 1329 1328 397
4950 5 2 0 5 1326 384 383 1325 1330 394 393 1329
4951 5 2 0 5 389 1326 1325 388 399 1330 1329 398
4952 5 2 0 5 385 18 384 1326 395 22 394 1330
4953 5 2 0 5 19 385 1326 389 23 395 1330 399
4954 5 2 0 6 1327 391 21 400 1331 401 25 410
4955 5 2 0 6 396 1327 400 24 406 1331 410 28
4956 5 2 0 6 1328 392 391 1327 1332 402 401 1331
4957 5 2 0 6 397 1328 1327 396 407 1332 1331 406
4958 5 2 0 6 1329 393 392 1328 1333 403 402 1332
4959 5 2 0 6 398 1329 1328 397 408 1333 1332 407
4960 5 2 0 6 1330 394 393 1329 1334 404 403 1333
4961 5 2 0 6 399 1330 1329 398 409 1334 1333 408
4962 5 2 0 6 395 22 394 1330 405 26 404 1334
4963 5 2 0 6 23 395 1330 399 27 405 1334 409
4964 5 2 0 7 1331 401 25 410 1335 411 29 420
4965 5 2 0 7 406 1331 410 28 416 1335 420 32
4966 5 2 0 7 1332 402 401 1331 1336 412 411 1335
4967 5 2 0 7 407 1332 1331 406 417 1336 1335 416
4968 5 2 0 7 1333 403 402 1332 1337 413 412 1336
4969 5 2 0 7 408 1333 1332 407 418 1337 1336 417
4970 5 2 0 7 1334 404 403 1333 1338 414 413 1337
4971 5 2 0 7 409 1334 1333 408 419 1338 1337 418
4972 5 2 0 7 405 26 404 1334 415 30 414 1338
4973 5 2 0 7 27 405 1334 409 31 415 1338 419
4974 5 2 0 8 1335 411 29 420 1792 1343 431 1351
4975 5 2 0 8 1792 1343 431 1351 1339 421 33 430
4976 5 2 0 8 416 1335 420 32 1347 1792 1351 433
4977 5 2 0 8 1347 1792 1351 433 426 1339 430 36
4978 5 2 0 8 1336 412 411 1335 1793 1344 1343 1792
4979 5 2 0 8 1793 1344 1343 1792 1340 422 421 1339
4980 5 2 0 8 417 1336 1335 416 1348 1793 1792 1347
4981 5 2 0 8 1348 1793 1792 1347 427 1340 1339 426
4982 5 2 0 8 1337 413 412 1336 1794 1345 1344 1793
4983 5 2 0 8 1794 1345 1344 1793 1341 423 422 1340
4984 5 2 0 8 418 1337 1336 417 1349 1794 1793 1348
4985 5 2 0 8 1349 1794 1793 1348 428 1341 1340 427
4986 5 2 0 8 1338 414 413 1337 1795 1346 1345 1794
4987 5 2 0 8 1795 1346 1345 1794 1342 424 423 1341
4988 5 2 0 8 419 1338 1337 418 1350 1795 1794 1349
4989 5 2 0 8 1350 1795 1794 1349 429 1342 1341 428
4990 5 2 0 8 415 30 414 1338 1352 432 1346 1795
4991 5 2 0 8 1352 432 1346 1795 425 34 424 1342
4992 5 2 0 8 31 415 1338 419 434 1352 1795 1350
4993 5 2 0 8 434 1352 1795 1350 35 425 1342 429
4994 5 2 0 9 1339 421 33 430 1353 435 37 444
4995 5 2 0 9 426 1339 430 36 440 1353 444 40
4996 5 2 0 9 1340 422 421 1339 1354 436 435 1353
4997 5 2 0 9 427 1340 1339 426 441 1354 1353 440
4998 5 2 0 9 1341 423 422 1340 1355 437 436 1354
4999 5 2 0 9 428 1341 1340 427 442 1355 1354 441
5000 5 2 0 9 1342 424 423 1341 1356 438 437 1355
5001 5 2 0 9 429 1342 1341 428 443 1356 1355 442
5002 5 2 0 9 425 34 424 1342 439 38 438 1356
5003 5 2 0 9 35 425 1342 429 39 439 1356 443
5004 5 2 0 10 1353 435 37 444 1796 1361 455 1377
5005 5 2 0 10 1796 1361 455 1377 1797 1365 456 1378
5006 5 2 0 10 1797 1365 456 1378 1357 445 41 454
5007 5 2 0 10 440 1353 444 40 1369 1796 1377 459
5008 5 2 0 10 1369 1796 1377 459 1373 1797 1378 460
5009 5 2 0 10 1373 1797 1378 460 450 1357 454 44
5010 5 2 0 10 1354 436 435 1353 1798 1362 1361 1796
5011 5 2 0 10 1798 1362 1361 1796 1799 1366 1365 1797
5012 5 2 0 10 1799 1366 1365 1797 1358 446 445 1357
5013 5 2 0 10 441 1354 1353 440 1370 1798 1796 1369
5014 5 2 0 10 1370 1798 1796 1369 1374 1799 1797 1373
5015 5 2 0 10 1374 1799 1797 1373 451 1358 1357 450
5016 5 2 0 10 1355 437 436 1354 1800 1363 1362 1798
5017 5 2 0 10 1800 1363 1362 1798 1801 1367 1366 1799
5018 5 2 0 10 1801 1367 1366 1799 1359 447 446 1358
5019 5 2 0 10 442 1355 1354 441 1371 1800 1798 1370
5020 5 2 0 10 1371 1800 1798 1370 1375 1801 1799 1374
5021 5 2 0 10 1375 1801 1799 1374 452 1359 1358 451
5022 5 2 0 10 1356 438 437 1355 1802 1364 1363 1800
5023 5 2 0 10 1802 1364 1363 1800 1803 1368 1367 1801
5024 5 2 0 10 1803 1368 1367 1801 1360 448 447 1359
5025 5 2 0 10 443 1356 1355 442 1372 1802 1800 1371
5026 5 2 0 10 1372 1802 1800 1371 1376 1803 1801 1375
5027 5 2 0 10 1376 1803 1801 1375 453 1360 1359 452
5028 5 2 0 10 439 38 438 1356 1379 457 1364 1802
5029 5 2 0 10 1379 457 1364 1802 1380 458 1368 1803
5030 5 2 0 10 1380 458 1368 1803 449 42 448 1360
5031 5 2 0 10 39 439 1356 443 461 1379 1802 1372
5032 5 2 0 10 461 1379 1802 1372 462 1380 1803 1376
5033 5 2 0 10 462 1380 1803 1376 43 449 1360 453
5034 5 2 0 11 463 334 4 46 1381 1293 353 471
5035 5 2 0 11 1381 1293 353 471 1385 1297 354 472
5036 5 2 0 11 1385 1297 354 472 467 344 8 48
5037 5 2 0 11 464 335 334 463 1382 1294 1293 1381
5038 5 2 0 11 1382 1294 1293 1381 1386 1298 1297 1385
5039 5 2 0 11 1386 1298 1297 1385 468 345 344 467
5040 5 2 0 11 465 336 335 464 1383 1295 1294 1382
5041 5 2 0 11 1383 1295 1294 1382 1387 1299 1298 1386
5042 5 2 0 11 1387 1299 1298 1386 469 346 345 468
5043 5 2 0 11 466 337 336 465 1384 1296 1295 1383
5044 5 2 0 11 1384 1296 1295 1383 1388 1300 1299 1387
5045 5 2 0 11 1388 1300 1299 1387 470 347 346 469
5046 5 2 0 11 45 3 337 466 473 355 1296 1384
5047 5 2 0 11 473 355 1296 1384 474 356 1300 1388
5048 5 2 0 11 474 356 1300 1388 47 7 347 470
5049 5 2 0 12 467 344 8 48 475 362 12 50
5050 5 2 0 12 468 345 344 467 476 363 362 475
5051 5 2 0 12 469 346 345 468 477 364 363 476
5052 5 2 0 12 470 347 346 469 478 365 364 477
5053 5 2 0 12 47 7 347 470 49 11 365 478
5054 5 2 0 13 475 362 12 50 1389 1317 379 483
5055 5 2 0 13 1389 1317 379 483 479 372 16 52
5056 5 2 0 13 476 363 362 475 1390 1318 1317 1389
5057 5 2 0 13 1390 1318 1317 1389 480 373 372 479
5058 5 2 0 13 477 364 363 476 1391 1319 1318 1390
5059 5 2 0 13 1391 1319 1318 1390 481 374 373 480
5060 5 2 0 13 478 365 364 477 1392 1320 1319 1391
5061 5 2 0 13 1392 1320 1319 1391 482 375 374 481
5062 5 2 0 13 49 11 365 478 484 380 1320 1392
5063 5 2 0 13 484 380 1320 1392 51 15 375 482
5064 5 2 0 14 479 372 16 52 485 386 20 54
5065 5 2 0 14 480 373 372 479 486 387 386 485
5066 5 2 0 14 481 374 373 480 487 388 387 486
5067 5 2 0 14 482 375 374 481 488 389 388 487
5068 5 2 0 14 51 15 375 482 53 19 389 488
5069 5 2 0 15 485 386 20 54 489 396 24 56
5070 5 2 0 15 486 387 386 485 490 397 396 489
5071 5 2 0 15 487 388 387 486 491 398 397 490
5072 5 2 0 15 488 389 388 487 492 399 398 491
5073 5 2 0 15 53 19 389 488 55 23 399 492
5074 5 2 0 16 489 396 24 56 493 406 28 58
5075 5 2 0 16 490 397 396 489 494 407 406 493
5076 5 2 0 16 491 398 397 490 495 408 407 494
5077 5 2 0 16 492 399 398 491 496 409 408 495
5078 5 2 0 16 55 23 399 492 57 27 409 496
5079 5 2 0 17 493 406 28 58 497 416 32 60
5080 5 2 0 17 494 407 406 493 498 417 416 497
5081 5 2 0 17 495 408 407 494 499 418 417 498
5082 5 2 0 17 496 409 408 495 500 419 418 499
5083 5 2 0 17 57 27 409 496 59 31 419 500
5084 5 2 0 18 497 416 32 60 1393 1347 433 505
5085 5 2 0 18 1393 1347 433 505 501 426 36 62
5086 5 2 0 18 498 417 416 497 1394 1348 1347 1393
5087 5 2 0 18 1394 1348 1347 1393 502 427 426 501
5088 5 2 0 18 499 418 417 498 1395 1349 1348 1394
5089 5 2 0 18 1395 1349 1348 1394 503 428 427 502
5090 5 2 0 18 500 419 418 499 1396 1350 1349 1395
5091 5 2 0 18 1396 1350 1349 1395 504 429 428 503
5092 5 2 0 18 59 31 419 500 506 434 1350 1396
5093 5 2 0 18 506 434 1350 1396 61 35 429 504
5094 5 2 0 19 501 426 36 62 507 440 40 64
5095 5 2 0 19 502 427 426 501 508 441 440 507
5096 5 2 0 19 503 428 427 502 509 442 441 508
5097 5 2 0 19 504 429 428 503 510 443 442 509
5098 5 2 0 19 61 35 429 504 63 39 443 510
5099 5 2 0 20 507 440 40 64 1397 1369 459 515
5100 5 2 0 20 1397 1369 459 515 1401 1373 460 516
5101 5 2 0 20 1401 1373 460 516 511 450 44 66
5102 5 2 0 20 508 441 440 507 1398 1370 1369 1397
5103 5 2 0 20 1398 1370 1369 1397 1402 1374 1373 1401
5104 5 2 0 20 1402 1374 1373 1401 512 451 450 511
5105 5 2 0 20 509 442 441 508 1399 1371 1370 1398
5106 5 2 0 20 1399 1371 1370 1398 1403 1375 1374 1402
5107 5 2 0 20 1403 1375 1374 1402 513 452 451 512
5108 5 2 0 20 510 443 442 509 1400 1372 1371 1399
5109 5 2 0 20 1400 1372 1371 1399 1404 1376 1375 1403
5110 5 2 0 20 1404 1376 1375 1403 514 453 452 513
5111 5 2 0 20 63 39 443 510 517 461 1372 1400
5112 5 2 0 20 517 461 1372 1400 518 462 1376 1404
5113 5 2 0 20 518 462 1376 1404 65 43 453 514
5114 5 2 0 21 519 463 46 68 1405 1381 471 527
5115 5 2 0 21 1405 1381 471 527 1409 1385 472 528
5116 5 2 0 21 1409 1385 472 528 523 467 48 70
5117 5 2 0 21 520 464 463 519 1406 1382 1381 1405
5118 5 2 0 21 1406 1382 1381 1405 1410 1386 1385 1409
5119 5 2 0 21 1410 1386 1385 1409 524 468 467 523
5120 5 2 0 21 521 465 464 520 1407 1383 1382 1406
5121 5 2 0 21 1407 1383 1382 1406 1411 1387 1386 1410
5122 5 2 0 21 1411 1387 1386 1410 525 469 468 524
5123 5 2 0 21 522 466 465 521 1408 1384 1383 1407
5124 5 2 0 21 1408 1384 1383 1407 1412 1388 1387 1411
5125 5 2 0 21 1412 1388 1387 1411 526 470 469 525
5126 5 2 0 21 67 45 466 522 529 473 1384 1408
5127 5 2 0 21 529 473 1384 1408 530 474 1388 1412
5128 5 2 0 21 530 474 1388 1412 69 47 470 526
5129 5 2 0 22 523 467 48 70 531 475 50 72
5130 5 2 0 22 524 468 467 523 532 476 475 531
5131 5 2 0 22 525 469 468 524 533 477 476 532
5132 5 2 0 22 526 470 469 525 534 478 477 533
5133 5 2 0 22 69 47 470 526 71 49 478 534
5134 5 2 0 23 531 475 50 72 1413 1389 483 539
5135 5 2 0 23 1413 1389 483 539 535 479 52 74
5136 5 2 0 23 532 476 475 531 1414 1390 1389 1413
5137 5 2 0 23 1414 1390 1389 1413 536 480 479 535
5138 5 2 0 23 533 477 476 532 1415 1391 1390 1414
5139 5 2 0 23 1415 1391 1390 1414 537 481 480 536
5140 5 2 0 23 534 478 477 533 1416 1392 1391 1415
5141 5 2 0 23 1416 1392 1391 1415 538 482 481 537
5142 5 2 0 23 71 49 478 534 540 484 1392 1416
5143 5 2 0 23 540 484 1392 1416 73 51 482 538
5144 5 2 0 24 535 479 52 74 541 485 54 76
5145 5 2 0 24 536 480 479 535 542 486 485 541
5146 5 2 0 24 537 481 480 536 543 487 486 542
5147 5 2 0 24 538 482 481 537 544 488 487 543
5148 5 2 0 24 73 51 482 538 75 53 488 544
5149 5 2 0 25 541 485 54 76 545 489 56 78
5150 5 2 0 25 542 486 485 541 546 490 489 545
5151 5 2 0 25 543 487 486 542 547 491 490 546
5152 5 2 0 25 544 488 487 543 548 492 491 547
5153 5 2 0 25 75 53 488 544 77 55 492 548
5154 5 2 0 26 545 489 56 78 549 493 58 80
5155 5 2 0 26 546 490 489 545 550 494 493 549
5156 5 2 0 26 547 491 490 546 551 495 494 550
5157 5 2 0 26 548 492 491 547 552 496 495 551
5158 5 2 0 26 77 55 492 548 79 57 496 552
5159 5 2 0 27 549 493 58 80 553 497 60 82
5160 5 2 0 27 550 494 493 549 554 498 497 553
5161 5 2 0 27 551 495 494 550 555 499 498 554
5162 5 2 0 27 552 496 495 551 556 500 499 555
5163 5 2 0 27 79 57 496 552 81 59 500 556
5164 5 2 0 28 553 497 60 82 1417 1393 505 561
5165 5 2 0 28 1417 1393 505 561 557 501 62 84
5166 5 2 0 28 554 498 497 553 1418 1394 1393 1417
5167 5 2 0 28 1418 1394 1393 1417 558 502 501 557
5168 5 2 0 28 555 499 498 554 1419 1395 1394 1418
5169 5 2 0 28 1419 1395 1394 1418 559 503 502 558
5170 5 2 0 28 556 500 499 555 1420 1396 1395 1419
5171 5 2 0 28 1420 1396 1395 1419 560 504 503 559
5172 5 2 0 28 81 59 500 556 562 506 1396 1420
5173 5 2 0 28 562 506 1396 1420 83 61 504 560
5174 5 2 0 29 557 501 62 84 563 507 64 86
5175 5 2 0 29 558 502 501 557 564 508 507 563
5176 5 2 0 29 559 503 502 558 565 509 508 564
5177 5 2 0 29 560 504 503 559 566 510 509 565
5178 5 2 0 29 83 61 504 560 85 63 510 566
5179 5 2 0 30 563 507 64 86 1421 1397 515 571
5180 5 2 0 30 1421 1397 515 571 1425 1401 516 572
5181 5 2 0 30 1425 1401 516 572 567 511 66 88
5182 5 2 0 30 564 508 507 563 1422 1398 1397 1421
5183 5 2 0 30 1422 1398 1397 1421 1426 1402 1401 1425
5184 5 2 0 30 1426 1402 1401 1425 568 512 511 567
5185 5 2 0 30 565 509 508 564 1423 1399 1398 1422
5186 5 2 0 30 1423 1399 1398 1422 1427 1403 1402 1426
5187 5 2 0 30 1427 1403 1402 1426 569 513 512 568
5188 5 2 0 30 566 510 509 565 1424 1400 1399 1423
5189 5 2 0 30 1424 1400 1399 1423 1428 1404 1403 1427
5190 5 2 0 30 1428 1404 1403 1427 570 514 513 569
5191 5 2 0 30 85 63 510 566 573 517 1400 1424
5192 5 2 0 30 573 517 1400 1424 574 518 1404 1428
5193 5 2 0 30 574 518 1404 1428 87 65 514 570
5194 5 2 0 31 1429 575 89 581 1804 1435 589 1447
5195 5 2 0 31 1804 1435 589 1447 1805 1438 590 1448
5196 5 2 0 31 1805 1438 590 1448 1432 582 91 588
5197 5 2 0 31 578 1429 581 90 1441 1804 1447 591
5198 5 2 0 31 1441 1804 1447 591 1444 1805 1448 592
5199 5 2 0 31 1444 1805 1448 592 585 1432 588 92
5200 5 2 0 31 1430 576 575 1429 1806 1436 1435 1804
5201 5 2 0 31 1806 1436 1435 1804 1807 1439 1438 1805
5202 5 2 0 31 1807 1439 1438 1805 1433 583 582 1432
5203 5 2 0 31 579 1430 1429 578 1442 1806 1804 1441
5204 5 2 0 31 1442 1806 1804 1441 1445 1807 1805 1444
5205 5 2 0 31 1445 1807 1805 1444 586 1433 1432 585
5206 5 2 0 31 1431 577 576 1430 1808 1437 1436 1806
5207 5 2 0 31 1808 1437 1436 1806 1809 1440 1439 1807
5208 5 2 0 31 1809 1440 1439 1807 1434 584 583 1433
5209 5 2 0 31 580 1431 1430 579 1443 1808 1806 1442
5210 5 2 0 31 1443 1808 1806 1442 1446 1809 1807 1445
5211 5 2 0 31 1446 1809 1807 1445 587 1434 1433 586
5212 5 2 0 31 338 1 577 1431 1301 349 1437 1808
5213 5 2 0 31 1301 349 1437 1808 1302 350 1440 1809
5214 5 2 0 31 1302 350 1440 1809 348 5 584 1434
5215 5 2 0 31 4 338 1431 580 353 1301 1808 1443
5216 5 2 0 31 353 1301 1808 1443 354 1302 1809 1446
5217 5 2 0 31 354 1302 1809 1446 8 348 1434 587
5218 5 2 0 32 1432 582 91 588 1449 593 93 599
5219 5 2 0 32 585 1432 588 92 596 1449 599 94
5220 5 2 0 32 1433 583 582 1432 1450 594 593 1449
5221 5 2 0 32 586 1433 1432 585 597 1450 1449 596
5222 5 2 0 32 1434 584 583 1433 1451 595 594 1450
5223 5 2 0 32 587 1434 1433 586 598 1451 1450 597
5224 5 2 0 32 348 5 584 1434 366 9 595 1451
5225 5 2 0 32 8 348 1434 587 12 366 1451 598
5226 5 2 0 33 1449 593 93 599 1810 1455 607 1461
5227 5 2 0 33 1810 1455 607 1461 1452 600 95 606
5228 5 2 0 33 596 1449 599 94 1458 1810 1461 608
5229 5 2 0 33 1458 1810 1461 608 603 1452 606 96
5230 5 2 0 33 1450 594 593 1449 1811 1456 1455 1810
5231 5 2 0 33 1811 1456 1455 1810 1453 601 600 1452
5232 5 2 0 33 597 1450 1449 596 1459 1811 1810 1458
5233 5 2 0 33 1459 1811 1810 1458 604 1453 1452 603
5234 5 2 0 33 1451 595 594 1450 1812 1457 1456 1811
5235 5 2 0 33 1812 1457 1456 1811 1454 602 601 1453
5236 5 2 0 33 598 1451 1450 597 1460 1812 1811 1459
5237 5 2 0 33 1460 1812 1811 1459 605 1454 1453 604
5238 5 2 0 33 366 9 595 1451 1321 377 1457 1812
5239 5 2 0 33 1321 377 1457 1812 376 13 602 1454
5240 5 2 0 33 12 366 1451 598 379 1321 1812 1460
5241 5 2 0 33 379 1321 1812 1460 16 376 1454 605
5242 5 2 0 34 1452 600 95 606 1462 609 97 615
5243 5 2 0 34 603 1452 606 96 612 1462 615 98
5244 5 2 0 34 1453 601 600 1452 1463 610 609 1462
5245 5 2 0 34 604 1453 1452 603 613 1463 1462 612
5246 5 2 0 34 1454 602 601 1453 1464 611 610 1463
5247 5 2 0 34 605 1454 1453 604 614 1464 1463 613
5248 5 2 0 34 376 13 602 1454 390 17 611 1464
5249 5 2 0 34 16 376 1454 605 20 390 1464 614
5250 5 2 0 35 1462 609 97 615 1465 616 99 622
5251 5 2 0 35 612 1462 615 98 619 1465 622 100
5252 5 2 0 35 1463 610 609 1462 1466 617 616 1465
5253 5 2 0 35 613 1463 1462 612 620 1466 1465 619
5254 5 2 0 35 1464 611 610 1463 1467 618 617 1466
5255 5 2 0 35 614 1464 1463 613 621 1467 1466 620
5256 5 2 0 35 390 17 611 1464 400 21 618 1467
5257 5 2 0 35 20 390 1464 614 24 400 1467 621
5258 5 2 0 36 1465 616 99 622 1468 623 101 629
5259 5 2 0 36 619 1465 622 100 626 1468 629 102
5260 5 2 0 36 1466 617 616 1465 1469 624 623 1468
5261 5 2 0 36 620 1466 1465 619 627 1469 1468 626
5262 5 2 0 36 1467 618 617 1466 1470 625 624 1469
5263 5 2 0 36 621 1467 1466 620 628 1470 1469 627
5264 5 2 0 36 400 21 618 1467 410 25 625 1470
5265 5 2 0 36 24 400 1467 621 28 410 1470 628
5266 5 2 0 37 1468 623 101 629 1471 630 103 636
5267 5 2 0 37 626 1468 629 102 633 1471 636 104
5268 5 2 0 37 1469 624 623 1468 1472 631 630 1471
5269 5 2 0 37 627 1469 1468 626 634 1472 1471 633
5270 5 2 0 37 1470 625 624 1469 1473 632 631 1472
5271 5 2 0 37 628 1470 1469 627 635 1473 1472 634
5272 5 2 0 37 410 25 625 1470 420 29 632 1473
5273 5 2 0 37 28 410 1470 628 32 420 1473 635
5274 5 2 0 38 1471 630 103 636 1813 1477 644 1483
5275 5 2 0 38 1813 1477 644 1483 1474 637 105 643
5276 5 2 0 38 633 1471 636 104 1480 1813 1483 645
5277 5 2 0 38 1480 1813 1483 645 640 1474 643 106
5278 5 2 0 38 1472 631 630 1471 1814 1478 1477 1813
5279 5 2 0 38 1814 1478 1477 1813 1475 638 637 1474
5280 5 2 0 38 634 1472 1471 633 1481 1814 1813 1480
5281 5 2 0 38 1481 1814 1813 1480 641 1475 1474 640
5282 5 2 0 38 1473 632 631 1472 1815 1479 1478 1814
5283 5 2 0 38 1815 1479 1478 1814 1476 639 638 1475
5284 5 2 0 38 635 1473 1472 634 1482 1815 1814 1481
5285 5 2 0 38 1482 1815 1814 1481 642 1476 1475 641
5286 5 2 0 38 420 29 632 1473 1351 431 1479 1815
5287 5 2 0 38 1351 431 1479 1815 430 33 639 1476
5288 5 2 0 38 32 420 1473 635 433 1351 1815 1482
5289 5 2 0 38 433 1351 1815 1482 36 430 1476 642
5290 5 2 0 39 1474 637 105 643 1484 646 107 652
5291 5 2 0 39 640 1474 643 106 649 1484 652 108
5292 5 2 0 39 1475 638 637 1474 1485 647 646 1484
5293 5 2 0 39 641 1475 1474 640 650 1485 1484 649
5294 5 2 0 39 1476 639 638 1475 1486 648 647 1485
5295 5 2 0 39 642 1476 1475 641 651 1486 1485 650
5296 5 2 0 39 430 33 639 1476 444 37 648 1486
5297 5 2 0 39 36 430 1476 642 40 444 1486 651
5298 5 2 0 40 1484 646 107 652 1816 1490 660 1502
5299 5 2 0 40 1816 1490 660 1502 1817 1493 661 1503
5300 5 2 0 40 1817 1493 661 1503 1487 653 109 659
5301 5 2 0 40 649 1484 652 108 1496 1816 1502 662
5302 5 2 0 40 1496 1816 1502 662 1499 1817 1503 663
5303 5 2 0 40 1499 1817 1503 663 656 1487 659 110
5304 5 2 0 40 1485 647 646 1484 1818 1491 1490 1816
5305 5 2 0 40 1818 1491 1490 1816 1819 1494 1493 1817
5306 5 2 0 40 1819 1494 1493 1817 1488 654 653 1487
5307 5 2 0 40 650 1485 1484 649 1497 1818 1816 1496
5308 5 2 0 40 1497 1818 1816 1496 1500 1819 1817 1499
5309 5 2 0 40 1500 1819 1817 1499 657 1488 1487 656
5310 5 2 0 40 1486 648 647 1485 1820 1492 1491 1818
5311 5 2 0 40 1820 1492 1491 1818 1821 1495 1494 1819
5312 5 2 0 40 1821 1495 1494 1819 1489 655 654 1488
5313 5 2 0 40 651 1486 1485 650 1498 1820 1818 1497
5314 5 2 0 40 1498 1820 1818 1497 1501 1821 1819 1500
5315 5 2 0 40 1501 1821 1819 1500 658 1489 1488 657
5316 5 2 0 40 444 37 648 1486 1377 455 1492 1820
5317 5 2 0 40 1377 455 1492 1820 1378 456 1495 1821
5318 5 2 0 40 1378 456 1495 1821 454 41 655 1489
5319 5 2 0 40 40 444 1486 651 459 1377 1820 1498
5320 5 2 0 40 459 1377 1820 1498 460 1378 1821 1501
5321 5 2 0 40 460 1378 1821 1501 44 454 1489 658
5322 5 2 0 41 664 578 90 111 1504 1441 591 670
5323 5 2 0 41 1504 1441 591 670 1507 1444 592 671
5324 5 2 0 41 1507 1444 592 671 667 585 92 112
5325 5 2 0 41 665 579 578 664 1505 1442 1441 1504
5326 5 2 0 41 1505 1442 1441 1504 1508 1445 1444 1507
5327 5 2 0 41 1508 1445 1444 1507 668 586 585 667
5328 5 2 0 41 666 580 579 665 1506 1443 1442 1505
5329 5 2 0 41 1506 1443 1442 1505 1509 1446 1445 1508
5330 5 2 0 41 1509 1446 1445 1508 669 587 586 668
5331 5 2 0 41 46 4 580 666 471 353 1443 1506
5332 5 2 0 41 471 353 1443 1506 472 354 1446 1509
5333 5 2 0 41 472 354 1446 1509 48 8 587 669
5334 5 2 0 42 667 585 92 112 672 596 94 113
5335 5 2 0 42 668 586 585 667 673 597 596 672
5336 5 2 0 42 669 587 586 668 674 598 597 673
5337 5 2 0 42 48 8 587 669 50 12 598 674
5338 5 2 0 43 672 596 94 113 1510 1458 608 678
5339 5 2 0 43 1510 1458 608 678 675 603 96 114
5340 5 2 0 43 673 597 596 672 1511 1459 1458 1510
5341 5 2 0 43 1511 1459 1458 1510 676 604 603 675
5342 5 2 0 43 674 598 597 673 1512 1460 1459 1511
5343 5 2 0 43 1512 1460 1459 1511 677 605 604 676
5344 5 2 0 43 50 12 598 674 483 379 1460 1512
5345 5 2 0 43 483 379 1460 1512 52 16 605 677
5346 5 2 0 44 675 603 96 114 679 612 98 115
5347 5 2 0 44 676 604 603 675 680 613 612 679
5348 5 2 0 44 677 605 604 676 681 614 613 680
5349 5 2 0 44 52 16 605 677 54 20 614 681
5350 5 2 0 45 679 612 98 115 682 619 100 116
5351 5 2 0 45 680 613 612 679 683 620 619 682
5352 5 2 0 45 681 614 613 680 684 621 620 683
5353 5 2 0 45 54 20 614 681 56 24 621 684
5354 5 2 0 46 682 619 100 116 685 626 102 117
5355 5 2 0 46 683 620 619 682 686 627 626 685
5356 5 2 0 46 684 621 620 683 687 628 627 686
5357 5 2 0 46 56 24 621 684 58 28 628 687
5358 5 2 0 47 685 626 102 117 688 633 104 118
5359 5 2 0 47 686 627 626 685 689 634 633 688
5360 5 2 0 47 687 628 627 686 690 635 634 689
5361 5 2 0 47 58 28 628 687 60 32 635 690
5362 5 2 0 48 688 633 104 118 1513 1480 645 694
5363 5 2 0 48 1513 1480 645 694 691 640 106 119
5364 5 2 0 48 689 634 633 688 1514 1481 1480 1513
5365 5 2 0 48 1514 1481 1480 1513 692 641 640 691
5366 5 2 0 48 690 635 634 689 1515 1482 1481 1514
5367 5 2 0 48 1515 1482 1481 1514 693 642 641 692
5368 5 2 0 48 60 32 635 690 505 433 1482 1515
5369 5 2 0 48 505 433 1482 1515 62 36 642 693
5370 5 2 0 49 691 640 106 119 695 649 108 120
5371 5 2 0 49 692 641 640 691 696 650 649 695
5372 5 2 0 49 693 642 641 692 697 651 650 696
5373 5 2 0 49 62 36 642 693 64 40 651 697
5374 5 2 0 50 695 649 108 120 1516 1496 662 701
5375 5 2 0 50 1516 1496 662 701 1519 1499 663 702
5376 5 2 0 50 1519 1499 663 702 698 656 110 121
5377 5 2 0 50 696 650 649 695 1517 1497 1496 1516
5378 5 2 0 50 1517 1497 1496 1516 1520 1500 1499 1519
5379 5 2 0 50 1520 1500 1499 1519 699 657 656 698
5380 5 2 0 50 697 651 650 696 1518 1498 1497 1517
5381 5 2 0 50 1518 1498 1497 1517 1521 1501 1500 1520
5382 5 2 0 50 1521 1501 1500 1520 700 658 657 699
5383 5 2 0 50 64 40 651 697 515 459 1498 1518
5384 5 2 0 50 515 459 1498 1518 516 460 1501 1521
5385 5 2 0 50 516 460 1501 1521 66 44 658 700
5386 5 2 0 51 703 664 111 122 1522 1504 670 709
5387 5 2 0 51 1522 1504 670 709 1525 1507 671 710
5388 5 2 0 51 1525 1507 671 710 706 667 112 123
5389 5 2 0 51 704 665 664 703 1523 1505 1504 1522
5390 5 2 0 51 1523 1505 1504 1522 1526 1508 1507 1525
5391 5 2 0 51 1526 1508 1507 1525 707 668 667 706
5392 5 2 0 51 705 666 665 704 1524 1506 1505 1523
5393 5 2 0 51 1524 1506 1505 1523 1527 1509 1508 1526
5394 5 2 0 51 1527 1509 1508 1526 708 669 668 707
5395 5 2 0 51 68 46 666 705 527 471 1506 1524
5396 5 2 0 51 527 471 1506 1524 528 472 1509 1527
5397 5 2 0 51 528 472 1509 1527 70 48 669 708
5398 5 2 0 52 706 667 112 123 711 672 113 124
5399 5 2 0 52 707 668 667 706 712 673 672 711
5400 5 2 0 52 708 669 668 707 713 674 673 712
5401 5 2 0 52 70 48 669 708 72 50 674 713
5402 5 2 0 53 711 672 113 124 1528 1510 678 717
5403 5 2 0 53 1528 1510 678 717 714 675 114 125
5404 5 2 0 53 712 673 672 711 1529 1511 1510 1528
5405 5 2 0 53 1529 1511 1510 1528 715 676 675 714
5406 5 2 0 53 713 674 673 712 1530 1512 1511 1529
5407 5 2 0 53 1530 1512 1511 1529 716 677 676 715
5408 5 2 0 53 72 50 674 713 539 483 1512 1530
5409 5 2 0 53 539 483 1512 1530 74 52 677 716
5410 5 2 0 54 714 675 114 125 718 679 115 126
5411 5 2 0 54 715 676 675 714 719 680 679 718
5412 5 2 0 54 716 677 676 715 720 681 680 719
5413 5 2 0 54 74 52 677 716 76 54 681 720
5414 5 2 0 55 718 679 115 126 721 682 116 127
5415 5 2 0 55 719 680 679 718 722 683 682 721
5416 5 2 0 55 720 681 680 719 723 684 683 722
5417 5 2 0 55 76 54 681 720 78 56 684 723
5418 5 2 0 56 721 682 116 127 724 685 117 128
5419 5 2 0 56 722 683 682 721 725 686 685 724
5420 5 2 0 56 723 684 683 722 726 687 686 725
5421 5 2 0 56 78 56 684 723 80 58 687 726
5422 5 2 0 57 724 685 117 128 727 688 118 129
5423 5 2 0 57 725 686 685 724 728 689 688 727
5424 5 2 0 57 726 687 686 725 729 690 689 728
5425 5 2 0 57 80 58 687 726 82 60 690 729
5426 5 2 0 58 727 688 118 129 1531 1513 694 733
5427 5 2 0 58 1531 1513 694 733 730 691 119 130
5428 5 2 0 58 728 689 688 727 1532 1514 1513 1531
5429 5 2 0 58 1532 1514 1513 1531 731 692 691 730
5430 5 2 0 58 729 690 689 728 1533 1515 1514 1532
5431 5 2 0 58 1533 1515 1514 1532 732 693 692 731
5432 5 2 0 58 82 60 690 729 561 505 1515 1533
5433 5 2 0 58 561 505 1515 1533 84 62 693 732
5434 5 2 0 59 730 691 119 130 734 695 120 131
5435 5 2 0 59 731 692 691 730 735 696 695 734
5436 5 2 0 59 732 693 692 731 736 697 696 735
5437 5 2 0 59 84 62 693 732 86 64 697 736
5438 5 2 0 60 734 695 120 131 1534 1516 701 740
5439 5 2 0 60 1534 1516 701 740 1537 1519 702 741
5440 5 2 0 60 1537 1519 702 741 737 698 121 132
5441 5 2 0 60 735 696 695 734 1535 1517 1516 1534
5442 5 2 0 60 1535 1517 1516 1534 1538 1520 1519 1537
5443 5 2 0 60 1538 1520 1519 1537 738 699 698 737
5444 5 2 0 60 736 697 696 735 1536 1518 1517 1535
5445 5 2 0 60 1536 1518 1517 1535 1539 1521 1520 1538
5446 5 2 0 60 1539 1521 1520 1538 739 700 699 738
5447 5 2 0 60 86 64 697 736 571 515 1518 1536
5448 5 2 0 60 571 515 1518 1536 572 516 1521 1539
5449 5 2 0 60 572 516 1521 1539 88 66 700 739
5450 5 2 0 61 1540 742 133 750 1822 1548 760 1564
5451 5 2 0 61 1822 1548 760 1564 1823 1552 761 1565
5452 5 2 0 61 1823 1552 761 1565 1544 751 135 759
5453 5 2 0 61 746 1540 750 134 1556 1822 1564 762
5454 5 2 0 61 1556 1822 1564 762 1560 1823 1565 763
5455 5 2 0 61 1560 1823 1565 763 755 1544 759 136
5456 5 2 0 61 1541 743 742 1540 1824 1549 1548 1822
5457 5 2 0 61 1824 1549 1548 1822 1825 1553 1552 1823
5458 5 2 0 61 1825 1553 1552 1823 1545 752 751 1544
5459 5 2 0 61 747 1541 1540 746 1557 1824 1822 1556
5460 5 2 0 61 1557 1824 1822 1556 1561 1825 1823 1560
5461 5 2 0 61 1561 1825 1823 1560 756 1545 1544 755
5462 5 2 0 61 1542 744 743 1541 1826 1550 1549 1824
5463 5 2 0 61 1826 1550 1549 1824 1827 1554 1553 1825
5464 5 2 0 61 1827 1554 1553 1825 1546 753 752 1545
5465 5 2 0 61 748 1542 1541 747 1558 1826 1824 1557
5466 5 2 0 61 1558 1826 1824 1557 1562 1827 1825 1561
5467 5 2 0 61 1562 1827 1825 1561 757 1546 1545 756
5468 5 2 0 61 1543 745 744 1542 1828 1551 1550 1826
5469 5 2 0 61 1828 1551 1550 1826 1829 1555 1554 1827
5470 5 2 0 61 1829 1555 1554 1827 1547 754 753 1546
5471 5 2 0 61 749 1543 1542 748 1559 1828 1826 1558
5472 5 2 0 61 1559 1828 1826 1558 1563 1829 1827 1562
5473 5 2 0 61 1563 1829 1827 1562 758 1547 1546 757
5474 5 2 0 61 581 89 745 1543 1447 589 1551 1828
5475 5 2 0 61 1447 589 1551 1828 1448 590 1555 1829
5476 5 2 0 61 1448 590 1555 1829 588 91 754 1547
5477 5 2 0 61 90 581 1543 749 591 1447 1828 1559
5478 5 2 0 61 591 1447 1828 1559 592 1448 1829 1563
5479 5 2 0 61 592 1448 1829 1563 92 588 1547 758
5480 5 2 0 62 1544 751 135 759 1566 764 137 772
5481 5 2 0 62 755 1544 759 136 768 1566 772 138
5482 5 2 0 62 1545 752 751 1544 1567 765 764 1566
5483 5 2 0 62 756 1545 1544 755 769 1567 1566 768
5484 5 2 0 62 1546 753 752 1545 1568 766 765 1567
5485 5 2 0 62 757 1546 1545 756 770 1568 1567 769
5486 5 2 0 62 1547 754 753 1546 1569 767 766 1568
5487 5 2 0 62 758 1547 1546 757 771 1569 1568 770
5488 5 2 0 62 588 91 754 1547 599 93 767 1569
5489 5 2 0 62 92 588 1547 758 94 599 1569 771
5490 5 2 0 63 1566 764 137 772 1830 1574 782 1582
5491 5 2 0 63 1830 1574 782 1582 1570 773 139 781
5492 5 2 0 63 768 1566 772 138 1578 1830 1582 783
5493 5 2 0 63 1578 1830 1582 783 777 1570 781 140
5494 5 2 0 63 1567 765 764 1566 1831 1575 1574 1830
5495 5 2 0 63 1831 1575 1574 1830 1571 774 773 1570
5496 5 2 0 63 769 1567 1566 768 1579 1831 1830 1578
5497 5 2 0 63 1579 1831 1830 1578 778 1571 1570 777
5498 5 2 0 63 1568 766 765 1567 1832 1576 1575 1831
5499 5 2 0 63 1832 1576 1575 1831 1572 775 774 1571
5500 5 2 0 63 770 1568 1567 769 1580 1832 1831 1579
5501 5 2 0 63 1580 1832 1831 1579 779 1572 1571 778
5502 5 2 0 63 1569 767 766 1568 1833 1577 1576 1832
5503 5 2 0 63 1833 1577 1576 1832 1573 776 775 1572
5504 5 2 0 63 771 1569 1568 770 1581 1833 1832 1580
5505 5 2 0 63 1581 1833 1832 1580 780 1573 1572 779
5506 5 2 0 63 599 93 767 1569 1461 607 1577 1833
5507 5 2 0 63 1461 607 1577 1833 606 95 776 1573
5508 5 2 0 63 94 599 1569 771 608 1461 1833 1581
5509 5 2 0 63 608 1461 1833 1581 96 606 1573 780
5510 5 2 0 64 1570 773 139 781 1583 784 141 792
5511 5 2 0 64 777 1570 781 140 788 1583 792 142
5512 5 2 0 64 1571 774 773 1570 1584 785 784 1583
5513 5 2 0 64 778 1571 1570 777 789 1584 1583 788
5514 5 2 0 64 1572 775 774 1571 1585 786 785 1584
5515 5 2 0 64 779 1572 1571 778 790 1585 1584 789
5516 5 2 0 64 1573 776 775 1572 1586 787 786 1585
5517 5 2 0 64 780 1573 1572 779 791 1586 1585 790
5518 5 2 0 64 606 95 776 1573 615 97 787 1586
5519 5 2 0 64 96 606 1573 780 98 615 1586 791
5520 5 2 0 65 1583 784 141 792 1587 793 143 801
5521 5 2 0 65 788 1583 792 142 797 1587 801 144
5522 5 2 0 65 1584 785 784 1583 1588 794 793 1587
5523 5 2 0 65 789 1584 1583 788 798 1588 1587 797
5524 5 2 0 65 1585 786 785 1584 1589 795 794 1588
5525 5 2 0 65 790 1585 1584 789 799 1589 1588 798
5526 5 2 0 65 1586 787 786 1585 1590 796 795 1589
5527 5 2 0 65 791 1586 1585 790 800 1590 1589 799
5528 5 2 0 65 615 97 787 1586 622 99 796 1590
5529 5 2 0 65 98 615 1586 791 100 622 1590 800
5530 5 2 0 66 1587 793 143 801 1591 802 145 810
5531 5 2 0 66 797 1587 801 144 806 1591 810 146
5532 5 2 0 66 1588 794 793 1587 1592 803 802 1591
5533 5 2 0 66 798 1588 1587 797 807 1592 1591 806
5534 5 2 0 66 1589 795 794 1588 1593 804 803 1592
5535 5 2 0 66 799 1589 1588 798 808 1593 1592 807
5536 5 2 0 66 1590 796 795 1589 1594 805 804 1593
5537 5 2 0 66 800 1590 1589 799 809 1594 1593 808
5538 5 2 0 66 622 99 796 1590 629 101 805 1594
5539 5 2 0 66 100 622 1590 800 102 629 1594 809
5540 5 2 0 67 1591 802 145 810 1595 811 147 819
5541 5 2 0 67 806 1591 810 146 815 1595 819 148
5542 5 2 0 67 1592 803 802 1591 1596 812 811 1595
5543 5 2 0 67 807 1592 1591 806 816 1596 1595 815
5544 5 2 0 67 1593 804 803 1592 1597 813 812 1596
5545 5 2 0 67 808 1593 1592 807 817 1597 1596 816
5546 5 2 0 67 1594 805 804 1593 1598 814 813 1597
5547 5 2 0 67 809 1594 1593 808 818 1598 1597 817
5548 5 2 0 67 629 101 805 1594 636 103 814 1598
5549 5 2 0 67 102 629 1594 809 104 636 1598 818
5550 5 2 0 68 1595 811 147 819 1834 1603 829 1611
5551 5 2 0 68 1834 1603 829 1611 1599 820 149 828
5552 5 2 0 68 815 1595 819 148 1607 1834 1611 830
5553 5 2 0 68 1607 1834 1611 830 824 1599 828 150
5554 5 2 0 68 1596 812 811 1595 1835 1604 1603 1834
5555 5 2 0 68 1835 1604 1603 1834 1600 821 820 1599
5556 5 2 0 68 816 1596 1595 815 1608 1835 1834 1607
5557 5 2 0 68 1608 1835 1834 1607 825 1600 1599 824
5558 5 2 0 68 1597 813 812 1596 1836 1605 1604 1835
5559 5 2 0 68 1836 1605 1604 1835 1601 822 821 1600
5560 5 2 0 68 817 1597 1596 816 1609 1836 1835 1608
5561 5 2 0 68 1609 1836 1835 1608 826 1601 1600 825
5562 5 2 0 68 1598 814 813 1597 1837 1606 1605 1836
5563 5 2 0 68 1837 1606 1605 1836 1602 823 822 1601
5564 5 2 0 68 818 1598 1597 817 1610 1837 1836 1609
5565 5 2 0 68 1610 1837 1836 1609 827 1602 1601 826
5566 5 2 0 68 636 103 814 1598 1483 644 1606 1837
5567 5 2 0 68 1483 644 1606 1837 643 105 823 1602
5568 5 2 0 68 104 636 1598 818 645 1483 1837 1610
5569 5 2 0 68 645 1483 1837 1610 106 643 1602 827
5570 5 2 0 69 1599 820 149 828 1612 831 151 839
5571 5 2 0 69 824 1599 828 150 835 1612 839 152
5572 5 2 0 69 1600 821 820 1599 1613 832 831 1612
5573 5 2 0 69 825 1600 1599 824 836 1613 1612 835
5574 5 2 0 69 1601 822 821 1600 1614 833 832 1613
5575 5 2 0 69 826 1601 1600 825 837 1614 1613 836
5576 5 2 0 69 1602 823 822 1601 1615 834 833 1614
5577 5 2 0 69 827 1602 1601 826 838 1615 1614 837
5578 5 2 0 69 643 105 823 1602 652 107 834 1615
5579 5 2 0 69 106 643 1602 827 108 652 1615 838
5580 5 2 0 70 1612 831 151 839 1838 1620 849 1636
5581 5 2 0 70 1838 1620 849 1636 1839 1624 850 1637
5582 5 2 0 70 1839 1624 850 1637 1616 840 153 848
5583 5 2 0 70 835 1612 839 152 1628 1838 1636 851
5584 5 2 0 70 1628 1838 1636 851 1632 1839 1637 852
5585 5 2 0 70 1632 1839 1637 852 844 1616 848 154
5586 5 2 0 70 1613 832 831 1612 1840 1621 1620 1838
5587 5 2 0 70 1840 1621 1620 1838 1841 1625 1624 1839
5588 5 2 0 70 1841 1625 1624 1839 1617 841 840 1616
5589 5 2 0 70 836 1613 1612 835 1629 1840 1838 1628
5590 5 2 0 70 1629 1840 1838 1628 1633 1841 1839 1632
5591 5 2 0 70 1633 1841 1839 1632 845 1617 1616 844
5592 5 2 0 70 1614 833 832 1613 1842 1622 1621 1840
5593 5 2 0 70 1842 1622 1621 1840 1843 1626 1625 1841
5594 5 2 0 70 1843 1626 1625 1841 1618 842 841 1617
5595 5 2 0 70 837 1614 1613 836 1630 1842 1840 1629
5596 5 2 0 70 1630 1842 1840 1629 1634 1843 1841 1633
5597 5 2 0 70 1634 1843 1841 1633 846 1618 1617 845
5598 5 2 0 70 1615 834 833 1614 1844 1623 1622 1842
5599 5 2 0 70 1844 1623 1622 1842 1845 1627 1626 1843
5600 5 2 0 70 1845 1627 1626 1843 1619 843 842 1618
5601 5 2 0 70 838 1615 1614 837 1631 1844 1842 1630
5602 5 2 0 70 1631 1844 1842 1630 1635 1845 1843 1634
5603 5 2 0 70 1635 1845 1843 1634 847 1619 1618 846
5604 5 2 0 70 652 107 834 1615 1502 660 1623 1844
5605 5 2 0 70 1502 660 1623 1844 1503 661 1627 1845
5606 5 2 0 70 1503 661 1627 1845 659 109 843 1619
5607 5 2 0 70 108 652 1615 838 662 1502 1844 1631
5608 5 2 0 70 662 1502 1844 1631 663 1503 1845 1635
5609 5 2 0 70 663 1503 1845 1635 110 659 1619 847
5610 5 2 0 71 853 746 134 155 1638 1556 762 861
5611 5 2 0 71 1638 1556 762 861 1642 1560 763 862
5612 5 2 0 71 1642 1560 763 862 857 755 136 156
5613 5 2 0 71 854 747 746 853 1639 1557 1556 1638
5614 5 2 0 71 1639 1557 1556 1638 1643 1561 1560 1642
5615 5 2 0 71 1643 1561 1560 1642 858 756 755 857
5616 5 2 0 71 855 748 747 854 1640 1558 1557 1639
5617 5 2 0 71 1640 1558 1557 1639 1644 1562 1561 1643
5618 5 2 0 71 1644 1562 1561 1643 859 757 756 858
5619 5 2 0 71 856 749 748 855 1641 1559 1558 1640
5620 5 2 0 71 1641 1559 1558 1640 1645 1563 1562 1644
5621 5 2 0 71 1645 1563 1562 1644 860 758 757 859
5622 5 2 0 71 111 90 749 856 670 591 1559 1641
5623 5 2 0 71 670 591 1559 1641 671 592 1563 1645
5624 5 2 0 71 671 592 1563 1645 112 92 758 860
5625 5 2 0 72 857 755 136 156 863 768 138 157
5626 5 2 0 72 858 756 755 857 864 769 768 863
5627 5 2 0 72 859 757 756 858 865 770 769 864
5628 5 2 0 72 860 758 757 859 866 771 770 865
5629 5 2 0 72 112 92 758 860 113 94 771 866
5630 5 2 0 73 863 768 138 157 1646 1578 783 871
5631 5 2 0 73 1646 1578 783 871 867 777 140 158
5632 5 2 0 73 864 769 768 863 1647 1579 1578 1646
5633 5 2 0 73 1647 1579 1578 1646 868 778 777 867
5634 5 2 0 73 865 770 769 864 1648 1580 1579 1647
5635 5 2 0 73 1648 1580 1579 1647 869 779 778 868
5636 5 2 0 73 866 771 770 865 1649 1581 1580 1648
5637 5 2 0 73 1649 1581 1580 1648 870 780 779 869
5638 5 2 0 73 113 94 771 866 678 608 1581 1649
5639 5 2 0 73 678 608 1581 1649 114 96 780 870
5640 5 2 0 74 867 777 140 158 872 788 142 159
5641 5 2 0 74 868 778 777 867 873 789 788 872
5642 5 2 0 74 869 779 778 868 874 790 789 873
5643 5 2 0 74 870 780 779 869 875 791 790 874
5644 5 2 0 74 114 96 780 870 115 98 791 875
5645 5 2 0 75 872 788 142 159 876 797 144 160
5646 5 2 0 75 873 789 788 872 877 798 797 876
5647 5 2 0 75 874 790 789 873 878 799 798 877
5648 5 2 0 75 875 791 790 874 879 800 799 878
5649 5 2 0 75 115 98 791 875 116 100 800 879
5650 5 2 0 76 876 797 144 160 880 806 146 161
5651 5 2 0 76 877 798 797 876 881 807 806 880
5652 5 2 0 76 878 799 798 877 882 808 807 881
5653 5 2 0 76 879 800 799 878 883 809 808 882
5654 5 2 0 76 116 100 800 879 117 102 809 883
5655 5 2 0 77 880 806 146 161 884 815 148 162
5656 5 2 0 77 881 807 806 880 885 816 815 884
5657 5 2 0 77 882 808 807 881 886 817 816 885
5658 5 2 0 77 883 809 808 882 887 818 817 886
5659 5 2 0 77 117 102 809 883 118 104 818 887
5660 5 2 0 78 884 815 148 162 1650 1607 830 892
5661 5 2 0 78 1650 1607 830 892 888 824 150 163
5662 5 2 0 78 885 816 815 884 1651 1608 1607 1650
5663 5 2 0 78 1651 1608 1607 1650 889 825 824 888
5664 5 2 0 78 886 817 816 885 1652 1609 1608 1651
5665 5 2 0 78 1652 1609 1608 1651 890 826 825 889
5666 5 2 0 78 887 818 817 886 1653 1610 1609 1652
5667 5 2 0 78 1653 1610 1609 1652 891 827 826 890
5668 5 2 0 78 118 104 818 887 694 645 1610 1653
5669 5 2 0 78 694 645 1610 1653 119 106 827 891
5670 5 2 0 79 888 824 150 163 893 835 152 164
5671 5 2 0 79 889 825 824 888 894 836 835 893
5672 5 2 0 79 890 826 825 889 895 837 836 894
5673 5 2 0 79 891 827 826 890 896 838 837 895
5674 5 2 0 79 119 106 827 891 120 108 838 896
5675 5 2 0 80 893 835 152 164 1654 1628 851 901
5676 5 2 0 80 1654 1628 851 901 1658 1632 852 902
5677 5 2 0 80 1658 1632 852 902 897 844 154 165
5678 5 2 0 80 894 836 835 893 1655 1629 1628 1654
5679 5 2 0 80 1655 1629 1628 1654 1659 1633 1632 1658
5680 5 2 0 80 1659 1633 1632 1658 898 845 844 897
5681 5 2 0 80 895 837 836 894 1656 1630 1629 1655
5682 5 2 0 80 1656 1630 1629 1655 1660 1634 1633 1659
5683 5 2 0 80 1660 1634 1633 1659 899 846 845 898
5684 5 2 0 80 896 838 837 895 1657 1631 1630 1656
5685 5 2 0 80 1657 1631 1630 1656 1661 1635 1634 1660
5686 5 2 0 80 1661 1635 1634 1660 900 847 846 899
5687 5 2 0 80 120 108 838 896 701 662 1631 1657
5688 5 2 0 80 701 662 1631 1657 702 663 1635 1661
5689 5 2 0 80 702 663 1635 1661 121 110 847 900
5690 5 2 0 81 903 853 155 166 1662 1638 861 911
5691 5 2 0 81 1662 1638 861 911 1666 1642 862 912
5692 5 2 0 81 1666 1642 862 912 907 857 156 167
5693 5 2 0 81 904 854 853 903 1663 1639 1638 1662
5694 5 2 0 81 1663 1639 1638 1662 1667 1643 1642 1666
5695 5 2 0 81 1667 1643 1642 1666 908 858 857 907
5696 5 2 0 81 905 855 854 904 1664 1640 1639 1663
5697 5 2 0 81 1664 1640 1639 1663 1668 1644 1643 1667
5698 5 2 0 81 1668 1644 1643 1667 909 859 858 908
5699 5 2 0 81 906 856 855 905 1665 1641 1640 1664
5700 5 2 0 81 1665 1641 1640 1664 1669 1645 1644 1668
5701 5 2 0 81 1669 1645 1644 1668 910 860 859 909
5702 5 2 0 81 122 111 856 906 709 670 1641 1665
5703 5 2 0 81 709 670 1641 1665 710 671 1645 1669
5704 5 2 0 81 710 671 1645 1669 123 112 860 910
5705 5 2 0 82 907 857 156 167 913 863 157 168
5706 5 2 0 82 908 858 857 907 914 864 863 913
5707 5 2 0 82 909 859 858 908 915 865 864 914
5708 5 2 0 82 910 860 859 909 916 866 865 915
5709 5 2 0 82 123 112 860 910 124 113 866 916
5710 5 2 0 83 913 863 157 168 1670 1646 871 921
5711 5 2 0 83 1670 1646 871 921 917 867 158 169
5712 5 2 0 83 914 864 863 913 1671 1647 1646 1670
5713 5 2 0 83 1671 1647 1646 1670 918 868 867 917
5714 5 2 0 83 915 865 864 914 1672 1648 1647 1671
5715 5 2 0 83 1672 1648 1647 1671 919 869 868 918
5716 5 2 0 83 916 866 865 915 1673 1649 1648 1672
5717 5 2 0 83 1673 1649 1648 1672 920 870 869 919
5718 5 2 0 83 124 113 866 916 717 678 1649 1673
5719 5 2 0 83 717 678 1649 1673 125 114 870 920
5720 5 2 0 84 917 867 158 169 922 872 159 170
5721 5 2 0 84 918 868 867 917 923 873 872 922
5722 5 2 0 84 919 869 868 918 924 874 873 923
5723 5 2 0 84 920 870 869 919 925 875 874 924
5724 5 2 0 84 125 114 870 920 126 115 875 925
5725 5 2 0 85 922 872 159 170 926 876 160 171
5726 5 2 0 85 923 873 872 922 927 877 876 926
5727 5 2 0 85 924 874 873 923 928 878 877 927
5728 5 2 0 85 925 875 874 924 929 879 878 928
5729 5 2 0 85 126 115 875 925 127 116 879 929
5730 5 2 0 86 926 876 160 171 930 880 161 172
5731 5 2 0 86 927 877 876 926 931 881 880 930
5732 5 2 0 86 928 878 877 927 932 882 881 931
5733 5 2 0 86 929 879 878 928 933 883 882 932
5734 5 2 0 86 127 116 879 929 128 117 883 933
5735 5 2 0 87 930 880 161 172 934 884 162 173
5736 5 2 0 87 931 881 880 930 935 885 884 934
5737 5 2 0 87 932 882 881 931 936 886 885 935
5738 5 2 0 87 933 883 882 932 937 887 886 936
5739 5 2 0 87 128 117 883 933 129 118 887 937
5740 5 2 0 88 934 884 162 173 1674 1650 892 942
5741 5 2 0 88 1674 1650 892 942 938 888 163 174
5742 5 2 0 88 935 885 884 934 1675 1651 1650 1674
5743 5 2 0 88 1675 1651 1650 1674 939 889 888 938
5744 5 2 0 88 936 886 885 935 1676 1652 1651 1675
5745 5 2 0 88 1676 1652 1651 1675 940 890 889 939
5746 5 2 0 88 937 887 886 936 1677 1653 1652 1676
5747 5 2 0 88 1677 1653 1652 1676 941 891 890 940
5748 5 2 0 88 129 118 887 937 733 694 1653 1677
5749 5 2 0 88 733 694 1653 1677 130 119 891 941
5750 5 2 0 89 938 888 163 174 943 893 164 175
5751 5 2 0 89 939 889 888 938 944 894 893 943
5752 5 2 0 89 940 890 889 939 945 895 894 944
5753 5 2 0 89 941 891 890 940 946 896 895 945
5754 5 2 0 89 130 119 891 941 131 120 896 946
5755 5 2 0 90 943 893 164 175 1678 1654 901 951
5756 5 2 0 90 1678 1654 901 951 1682 1658 902 952
5757 5 2 0 90 1682 1658 902 952 947 897 165 176
5758 5 2 0 90 944 894 893 943 1679 1655 1654 1678
5759 5 2 0 90 1679 1655 1654 1678 1683 1659 1658 1682
5760 5 2 0 90 1683 1659 1658 1682 948 898 897 947
5761 5 2 0 90 945 895 894 944 1680 1656 1655 1679
5762 5 2 0 90 1680 1656 1655 1679 1684 1660 1659 1683
5763 5 2 0 90 1684 1660 1659 1683 949 899 898 948
5764 5 2 0 90 946 896 895 945 1681 1657 1656 1680
5765 5 2 0 90 1681 1657 1656 1680 1685 1661 1660 1684
5766 5 2 0 90 1685 1661 1660 1684 950 900 899 949
5767 5 2 0 90 131 120 896 946 740 701 1657 1681
5768 5 2 0 90 740 701 1657 1681 741 702 1661 1685
5769 5 2 0 90 741 702 1661 1685 132 121 900 950
5770 5 2 0 91 133 750 1564 760 177 953 1686 957
5771 5 2 0 91 760 1564 1565 761 957 1686 1687 958
5772 5 2 0 91 761 1565 759 135 958 1687 956 180
5773 5 2 0 91 750 134 762 1564 953 178 954 1686
5774 5 2 0 91 1564 762 763 1565 1686 954 955 1687
5775 5 2 0 91 1565 763 136 759 1687 955 179 956
5776 5 2 0 92 135 759 772 137 180 956 959 182
5777 5 2 0 92 759 136 138 772 956 179 181 959
5778 5 2 0 93 137 772 1582 782 182 959 1688 962
5779 5 2 0 93 782 1582 781 139 962 1688 961 184
5780 5 2 0 93 772 138 783 1582 959 181 960 1688
5781 5 2 0 93 1582 783 140 781 1688 960 183 961
5782 5 2 0 94 139 781 792 141 184 961 963 186
5783 5 2 0 94 781 140 142 792 961 183 185 963
5784 5 2 0 95 141 792 801 143 186 963 964 188
5785 5 2 0 95 792 142 144 801 963 185 187 964
5786 5 2 0 96 143 801 810 145 188 964 965 190
5787 5 2 0 96 801 144 146 810 964 187 189 965
5788 5 2 0 97 145 810 819 147 190 965 966 192
5789 5 2 0 97 810 146 148 819 965 189 191 966
5790 5 2 0 98 147 819 1611 829 192 966 1689 969
5791 5 2 0 98 829 1611 828 149 969 1689 968 194
5792 5 2 0 98 819 148 830 1611 966 191 967 1689
5793 5 2 0 98 1611 830 150 828 1689 967 193 968
5794 5 2 0 99 149 828 839 151 194 968 970 196
5795 5 2 0 99 828 150 152 839 968 193 195 970
5796 5 2 0 100 151 839 1636 849 196 970 1690 974
5797 5 2 0 100 849 1636 1637 850 974 1690 1691 975
5798 5 2 0 100 850 1637 848 153 975 1691 973 198
5799 5 2 0 100 839 152 851 1636 970 195 971 1690
5800 5 2 0 100 1636 851 852 1637 1690 971 972 1691
5801 5 2 0 100 1637 852 154 848 1691 972 197 973
5802 5 2 0 101 134 155 861 762 178 199 976 954
5803 5 2 0 101 762 861 862 763 954 976 977 955
5804 5 2 0 101 763 862 156 136 955 977 200 179
5805 5 2 0 102 136 156 157 138 179 200 201 181
5806 5 2 0 103 138 157 871 783 181 201 978 960
5807 5 2 0 103 783 871 158 140 960 978 202 183
5808 5 2 0 104 140 158 159 142 183 202 203 185
5809 5 2 0 105 142 159 160 144 185 203 204 187
5810 5 2 0 106 144 160 161 146 187 204 205 189
5811 5 2 0 107 146 161 162 148 189 205 206 191
5812 5 2 0 108 148 162 892 830 191 206 979 967
5813 5 2 0 108 830 892 163 150 967 979 207 193
5814 5 2 0 109 150 163 164 152 193 207 208 195
5815 5 2 0 110 152 164 901 851 195 208 980 971
5816 5 2 0 110 851 901 902 852 971 980 981 972
5817 5 2 0 110 852 902 165 154 972 981 209 197
5818 5 2 0 111 155 166 911 861 199 210 982 976
5819 5 2 0 111 861 911 912 862 976 982 983 977
5820 5 2 0 111 862 912 167 156 977 983 211 200
5821 5 2 0 112 156 167 168 157 200 211 212 201
5822 5 2 0 113 157 168 921 871 201 212 984 978
5823 5 2 0 113 871 921 169 158 978 984 213 202
5824 5 2 0 114 158 169 170 159 202 213 214 203
5825 5 2 0 115 159 170 171 160 203 214 215 204
5826 5 2 0 116 160 171 172 161 204 215 216 205
5827 5 2 0 117 161 172 173 162 205 216 217 206
5828 5 2 0 118 162 173 942 892 206 217 985 979
5829 5 2 0 118 892 942 174 163 979 985 218 207
5830 5 2 0 119 163 174 175 164 207 218 219 208
5831 5 2 0 120 164 175 951 901 208 219 986 980
5832 5 2 0 120 901 951 952 902 980 986 987 981
5833 5 2 0 120 902 952 176 165 981 987 220 209
5834 5 2 0 121 1 329 1277 338 221 988 1692 997
5835 5 2 0 121 338 1277 334 4 997 1692 993 224
5836 5 2 0 121 329 330 1278 1277 988 989 1693 1692
5837 5 2 0 121 1277 1278 335 334 1692 1693 994 993
5838 5 2 0 121 330 331 1279 1278 989 990 1694 1693
5839 5 2 0 121 1278 1279 336 335 1693 1694 995 994
5840 5 2 0 121 331 332 1280 1279 990 991 1695 1694
5841 5 2 0 121 1279 1280 337 336 1694 1695 996 995
5842 5 2 0 121 332 2 333 1280 991 222 992 1695
5843 5 2 0 121 1280 333 3 337 1695 992 223 996
5844 5 2 0 122 4 334 463 46 224 993 998 226
5845 5 2 0 122 334 335 464 463 993 994 999 998
5846 5 2 0 122 335 336 465 464 994 995 1000 999
5847 5 2 0 122 336 337 466 465 995 996 1001 1000
5848 5 2 0 122 337 3 45 466 996 223 225 1001
5849 5 2 0 123 46 463 519 68 226 998 1002 228
5850 5 2 0 123 463 464 520 519 998 999 1003 1002
5851 5 2 0 123 464 465 521 520 999 1000 1004 1003
5852 5 2 0 123 465 466 522 521 1000 1001 1005 1004
5853 5 2 0 123 466 45 67 522 1001 225 227 1005
5854 5 2 0 124 89 575 1429 581 229 1006 1696 1012
5855 5 2 0 124 581 1429 578 90 1012 1696 1009 230
5856 5 2 0 124 575 576 1430 1429 1006 1007 1697 1696
5857 5 2 0 124 1429 1430 579 578 1696 1697 1010 1009
5858 5 2 0 124 576 577 1431 1430 1007 1008 1698 1697
5859 5 2 0 124 1430 1431 580 579 1697 1698 1011 1010
5860 5 2 0 124 577 1 338 1431 1008 221 997 1698
5861 5 2 0 124 1431 338 4 580 1698 997 224 1011
5862 5 2 0 125 90 578 664 111 230 1009 1013 231
5863 5 2 0 125 578 579 665 664 1009 1010 1014 1013
5864 5 2 0 125 579 580 666 665 1010 1011 1015 1014
5865 5 2 0 125 580 4 46 666 1011 224 226 1015
5866 5 2 0 126 111 664 703 122 231 1013 1016 232
5867 5 2 0 126 664 665 704 703 1013 1014 1017 1016
5868 5 2 0 126 665 666 705 704 1014 1015 1018 1017
5869 5 2 0 126 666 46 68 705 1015 226 228 1018
5870 5 2 0 127 133 742 1540 750 272 1119 1720 1127
5871 5 2 0 127 750 1540 746 134 1127 1720 1123 273
5872 5 2 0 127 742 743 1541 1540 1119 1120 1721 1720
5873 5 2 0 127 1540 1541 747 746 1720 1721 1124 1123
5874 5 2 0 127 743 744 1542 1541 1120 1121 1722 1721
5875 5 2 0 127 1541 1542 748 747 1721 1722 1125 1124
5876 5 2 0 127 744 745 1543 1542 1121 1122 1723 1722
5877 5 2 0 127 1542 1543 749 748 1722 1723 1126 1125
5878 5 2 0 127 745 89 581 1543 1122 229 1012 1723
5879 5 2 0 127 1543 581 90 749 1723 1012 230 1126
5880 5 2 0 128 134 746 853 155 273 1123 1128 274
5881 5 2 0 128 746 747 854 853 1123 1124 1129 1128
5882 5 2 0 128 747 748 855 854 1124 1125 1130 1129
5883 5 2 0 128 748 749 856 855 1125 1126 1131 1130
5884 5 2 0 128 749 90 111 856 1126 230 231 1131
5885 5 2 0 129 155 853 903 166 274 1128 1132 275
5886 5 2 0 129 853 854 904 903 1128 1129 1133 1132
5887 5 2 0 129 854 855 905 904 1129 1130 1134 1133
5888 5 2 0 129 855 856 906 905 1130 1131 1135 1134
5889 5 2 0 129 856 111 122 906 1131 231 232 1135
5890 5 2 0 130 41 454 1357 445 233 1028 1699 1019
5891 5 2 0 130 454 44 450 1357 1028 236 1024 1699
5892 5 2 0 130 445 1357 1358 446 1019 1699 1700 1020
5893 5 2 0 130 1357 450 451 1358 1699 1024 1025 1700
5894 5 2 0 130 446 1358 1359 447 1020 1700 1701 1021
5895 5 2 0 130 1358 451 452 1359 1700 1025 1026 1701
5896 5 2 0 130 447 1359 1360 448 1021 1701 1702 1022
5897 5 2 0 130 1359 452 453 1360 1701 1026 1027 1702
5898 5 2 0 130 448 1360 449 42 1022 1702 1023 234
5899 5 2 0 130 1360 453 43 449 1702 1027 235 1023
5900 5 2 0 131 44 66 511 450 236 238 1029 1024
5901 5 2 0 131 450 511 512 451 1024 1029 1030 1025
5902 5 2 0 131 451 512 513 452 1025 1030 1031 1026
5903 5 2 0 131 452 513 514 453 1026 1031 1032 1027
5904 5 2 0 131 453 514 65 43 1027 1032 237 235
5905 5 2 0 132 66 88 567 511 238 240 1033 1029
5906 5 2 0 132 511 567 568 512 1029 1033 1034 1030
5907 5 2 0 132 512 568 569 513 1030 1034 1035 1031
5908 5 2 0 132 513 569 570 514 1031 1035 1036 1032
5909 5 2 0 132 514 570 87 65 1032 1036 239 237
5910 5 2 0 133 109 659 1487 653 241 1043 1703 1037
5911 5 2 0 133 659 110 656 1487 1043 242 1040 1703
5912 5 2 0 133 653 1487 1488 654 1037 1703 1704 1038
5913 5 2 0 133 1487 656 657 1488 1703 1040 1041 1704
5914 5 2 0 133 654 1488 1489 655 1038 1704 1705 1039
5915 5 2 0 133 1488 657 658 1489 1704 1041 1042 1705
5916 5 2 0 133 655 1489 454 41 1039 1705 1028 233
5917 5 2 0 133 1489 658 44 454 1705 1042 236 1028
5918 5 2 0 134 110 121 698 656 242 243 1044 1040
5919 5 2 0 134 656 698 699 657 1040 1044 1045 1041
5920 5 2 0 134 657 699 700 658 1041 1045 1046 1042
5921 5 2 0 134 658 700 66 44 1042 1046 238 236
5922 5 2 0 135 121 132 737 698 243 244 1047 1044
5923 5 2 0 135 698 737 738 699 1044 1047 1048 1045
5924 5 2 0 135 699 738 739 700 1045 1048 1049 1046
5925 5 2 0 135 700 739 88 66 1046 1049 240 238
5926 5 2 0 136 153 848 1616 840 276 1144 1724 1136
5927 5 2 0 136 848 154 844 1616 1144 277 1140 1724
5928 5 2 0 136 840 1616 1617 841 1136 1724 1725 1137
5929 5 2 0 136 1616 844 845 1617 1724 1140 1141 1725
5930 5 2 0 136 841 1617 1618 842 1137 1725 1726 1138
5931 5 2 0 136 1617 845 846 1618 1725 1141 1142 1726
5932 5 2 0 136 842 1618 1619 843 1138 1726 1727 1139
5933 5 2 0 136 1618 846 847 1619 1726 1142 1143 1727
5934 5 2 0 136 843 1619 659 109 1139 1727 1043 241
5935 5 2 0 136 1619 847 110 659 1727 1143 242 1043
5936 5 2 0 137 154 165 897 844 277 278 1145 1140
5937 5 2 0 137 844 897 898 845 1140 1145 1146 1141
5938 5 2 0 137 845 898 899 846 1141 1146 1147 1142
5939 5 2 0 137 846 899 900 847 1142 1147 1148 1143
5940 5 2 0 137 847 900 121 110 1143 1148 243 242
5941 5 2 0 138 165 176 947 897 278 279 1149 1145
5942 5 2 0 138 897 947 948 898 1145 1149 1150 1146
5943 5 2 0 138 898 948 949 899 1146 1150 1151 1147
5944 5 2 0 138 899 949 950 900 1147 1151 1152 1148
5945 5 2 0 138 900 950 132 121 1148 1152 244 243
5946 5 2 0 139 1 349 1285 329 280 1153 1728 1157
5947 5 2 0 139 329 1285 1286 330 1157 1728 1729 1158
5948 5 2 0 139 330 1286 1287 331 1158 1729 1730 1159
5949 5 2 0 139 331 1287 1288 332 1159 1730 1731 1160
5950 5 2 0 139 332 1288 351 2 1160 1731 1155 281
5951 5 2 0 139 349 350 1289 1285 1153 1154 1732 1728
5952 5 2 0 139 1285 1289 1290 1286 1728 1732 1733 1729
5953 5 2 0 139 1286 1290 1291 1287 1729 1733 1734 1730
5954 5 2 0 139 1287 1291 1292 1288 1730 1734 1735 1731
5955 5 2 0 139 1288 1292 352 351 1731 1735 1156 1155
5956 5 2 0 139 350 5 339 1289 1154 245 1050 1732
5957 5 2 0 139 1289 339 340 1290 1732 1050 1051 1733
5958 5 2 0 139 1290 340 341 1291 1733 1051 1052 1734
5959 5 2 0 139 1291 341 342 1292 1734 1052 1053 1735
5960 5 2 0 139 1292 342 6 352 1735 1053 246 1156
5961 5 2 0 140 5 9 357 339 245 247 1054 1050
5962 5 2 0 140 339 357 358 340 1050 1054 1055 1051
5963 5 2 0 140 340 358 359 341 1051 1055 1056 1052
5964 5 2 0 140 341 359 360 342 1052 1056 1057 1053
5965 5 2 0 140 342 360 10 6 1053 1057 248 246
5966 5 2 0 141 9 377 1313 357 247 1058 1706 1054
5967 5 2 0 141 357 1313 1314 358 1054 1706 1707 1055
5968 5 2 0 141 358 1314 1315 359 1055 1707 1708 1056
5969 5 2 0 141 359 1315 1316 360 1056 1708 1709 1057
5970 5 2 0 141 360 1316 378 10 1057 1709 1063 248
5971 5 2 0 141 377 13 367 1313 1058 249 1059 1706
5972 5 2 0 141 1313 367 368 1314 1706 1059 1060 1707
5973 5 2 0 141 1314 368 369 1315 1707 1060 1061 1708
5974 5 2 0 141 1315 369 370 1316 1708 1061 1062 1709
5975 5 2 0 141 1316 370 14 378 1709 1062 250 1063
5976 5 2 0 142 13 17 381 367 249 251 1064 1059
5977 5 2 0 142 367 381 382 368 1059 1064 1065 1060
5978 5 2 0 142 368 382 383 369 1060 1065 1066 1061
5979 5 2 0 142 369 383 384 370 1061 1066 1067 1062
5980 5 2 0 142 370 384 18 14 1062 1067 252 250
5981 5 2 0 143 17 21 391 381 251 253 1068 1064
5982 5 2 0 143 381 391 392 382 1064 1068 1069 1065
5983 5 2 0 143 382 392 393 383 1065 1069 1070 1066
5984 5 2 0 143 383 393 394 384 1066 1070 1071 1067
5985 5 2 0 143 384 394 22 18 1067 1071 254 252
5986 5 2 0 144 21 25 401 391 253 255 1072 1068
5987 5 2 0 144 391 401 402 392 1068 1072 1073 1069
5988 5 2 0 144 392 402 403 393 1069 1073 1074 1070
5989 5 2 0 144 393 403 404 394 1070 1074 1075 1071
5990 5 2 0 144 394 404 26 22 1071 1075 256 254
5991 5 2 0 145 25 29 411 401 255 257 1076 1072
5992 5 2 0 145 401 411 412 402 1072 1076 1077 1073
5993 5 2 0 145 402 412 413 403 1073 1077 1078 1074
5994 5 2 0 145 403 413 414 404 1074 1078 1079 1075
5995 5 2 0 145 404 414 30 26 1075 1079 258 256
5996 5 2 0 146 29 431 1343 411 257 1080 1710 1076
5997 5 2 0 146 411 1343 1344 412 1076 1710 1711 1077
5998 5 2 0 146 412 1344 1345 413 1077 1711 1712 1078
5999 5 2 0 146 413 1345 1346 414 1078 1712 1713 1079
6000 5 2 0 146 414 1346 432 30 1079 1713 1085 258
6001 5 2 0 146 431 33 421 1343 1080 259 1081 1710
6002 5 2 0 146 1343 421 422 1344 1710 1081 1082 1711
6003 5 2 0 146 1344 422 423 1345 1711 1082 1083 1712
6004 5 2 0 146 1345 423 424 1346 1712 1083 1084 1713
6005 5 2 0 146 1346 424 34 432 1713 1084 260 1085
6006 5 2 0 147 33 37 435 421 259 261 1086 1081
6007 5 2 0 147 421 435 436 422 1081 1086 1087 1082
6008 5 2 0 147 422 436 437 423 1082 1087 1088 1083
6009 5 2 0 147 423 437 438 424 1083 1088 1089 1084
6010 5 2 0 147 424 438 38 34 1084 1089 262 260
6011 5 2 0 148 37 455 1361 435 261 1161 1736 1086
6012 5 2 0 148 435 1361 1362 436 1086 1736 1737 1087
6013 5 2 0 148 436 1362 1363 437 1087 1737 1738 1088
6014 5 2 0 148 437 1363 1364 438 1088 1738 1739 1089
6015 5 2 0 148 438 1364 457 38 1089 1739 1167 262
6016 5 2 0 148 455 456 1365 1361 1161 1162 1740 1736
6017 5 2 0 148 1361 1365 1366 1362 1736 1740 1741 1737
6018 5 2 0 148 1362 1366 1367 1363 1737 1741 1742 1738
6019 5 2 0 148 1363 1367 1368 1364 1738 1742 1743 1739
6020 5 2 0 148 1364 1368 458 457 1739 1743 1168 1167
6021 5 2 0 148 456 41 445 1365 1162 282 1163 1740
6022 5 2 0 148 1365 445 446 1366 1740 1163 1164 1741
6023 5 2 0 148 1366 446 447 1367 1741 1164 1165 1742
6024 5 2 0 148 1367 447 448 1368 1742 1165 1166 1743
6025 5 2 0 148 1368 448 42 458 1743 1166 283 1168
6026 5 2 0 149 89 589 1435 575 284 1169 1744 1171
6027 5 2 0 149 575 1435 1436 576 1171 1744 1745 1172
6028 5 2 0 149 576 1436 1437 577 1172 1745 1746 1173
6029 5 2 0 149 577 1437 349 1 1173 1746 1153 280
6030 5 2 0 149 589 590 1438 1435 1169 1170 1747 1744
6031 5 2 0 149 1435 1438 1439 1436 1744 1747 1748 1745
6032 5 2 0 149 1436 1439 1440 1437 1745 1748 1749 1746
6033 5 2 0 149 1437 1440 350 349 1746 1749 1154 1153
6034 5 2 0 149 590 91 582 1438 1170 263 1090 1747
6035 5 2 0 149 1438 582 583 1439 1747 1090 1091 1748
6036 5 2 0 149 1439 583 584 1440 1748 1091 1092 1749
6037 5 2 0 149 1440 584 5 350 1749 1092 245 1154
6038 5 2 0 150 91 93 593 582 263 264 1093 1090
6039 5 2 0 150 582 593 594 583 1090 1093 1094 1091
6040 5 2 0 150 583 594 595 584 1091 1094 1095 1092
6041 5 2 0 150 584 595 9 5 1092 1095 247 245
6042 5 2 0 151 93 607 1455 593 264 1096 1714 1093
6043 5 2 0 151 593 1455 1456 594 1093 1714 1715 1094
6044 5 2 0 151 594 1456 1457 595 1094 1715 1716 1095
6045 5 2 0 151 595 1457 377 9 1095 1716 1058 247
6046 5 2 0 151 607 95 600 1455 1096 265 1097 1714
6047 5 2 0 151 1455 600 601 1456 1714 1097 1098 1715
6048 5 2 0 151 1456 601 602 1457 1715 1098 1099 1716
6049 5 2 0 151 1457 602 13 377 1716 1099 249 1058
6050 5 2 0 152 95 97 609 600 265 266 1100 1097
6051 5 2 0 152 600 609 610 601 1097 1100 1101 1098
6052 5 2 0 152 601 610 611 602 1098 1101 1102 1099
6053 5 2 0 152 602 611 17 13 1099 1102 251 249
6054 5 2 0 153 97 99 616 609 266 267 1103 1100
6055 5 2 0 153 609 616 617 610 1100 1103 1104 1101
6056 5 2 0 153 610 617 618 611 1101 1104 1105 1102
6057 5 2 0 153 611 618 21 17 1102 1105 253 251
6058 5 2 0 154 99 101 623 616 267 268 1106 1103
6059 5 2 0 154 616 623 624 617 1103 1106 1107 1104
6060 5 2 0 154 617 624 625 618 1104 1107 1108 1105
6061 5 2 0 154 618 625 25 21 1105 1108 255 253
6062 5 2 0 155 101 103 630 623 268 269 1109 1106
6063 5 2 0 155 623 630 631 624 1106 1109 1110 1107
6064 5 2 0 155 624 631 632 625 1107 1110 1111 1108
6065 5 2 0 155 625 632 29 25 1108 1111 257 255
6066 5 2 0 156 103 644 1477 630 269 1112 1717 1109
6067 5 2 0 156 630 1477 1478 631 1109 1717 1718 1110
6068 5 2 0 156 631 1478 1479 632 1110 1718 1719 1111
6069 5 2 0 156 632 1479 431 29 1111 1719 1080 257
6070 5 2 0 156 644 105 637 1477 1112 270 1113 1717
6071 5 2 0 156 1477 637 638 1478 1717 1113 1114 1718
6072 5 2 0 156 1478 638 639 1479 1718 1114 1115 1719
6073 5 2 0 156 1479 639 33 431 1719 1115 259 1080
6074 5 2 0 157 105 107 646 637 270 271 1116 1113
6075 5 2 0 157 637 646 647 638 1113 1116 1117 1114
6076 5 2 0 157 638 647 648 639 1114 1117 1118 1115
6077 5 2 0 157 639 648 37 33 1115 1118 261 259
6078 5 2 0 158 107 660 1490 646 271 1174 1750 1116
6079 5 2 0 158 646 1490 1491 647 1116 1750 1751 1117
6080 5 2 0 158 647 1491 1492 648 1117 1751 1752 1118
6081 5 2 0 158 648 1492 455 37 1118 1752 1161 261
6082 5 2 0 158 660 661 1493 1490 1174 1175 1753 1750
6083 5 2 0 158 1490 1493 1494 1491 1750 1753 1754 1751
6084 5 2 0 158 1491 1494 1495 1492 1751 1754 1755 1752
6085 5 2 0 158 1492 1495 456 455 1752 1755 1162 1161
6086 5 2 0 158 661 109 653 1493 1175 285 1176 1753
6087 5 2 0 158 1493 653 654 1494 1753 1176 1177 1754
6088 5 2 0 158 1494 654 655 1495 1754 1177 1178 1755
6089 5 2 0 158 1495 655 41 456 1755 1178 282 1162
6090 5 2 0 159 133 760 1548 742 286 1179 1756 1185
6091 5 2 0 159 742 1548 1549 743 1185 1756 1757 1186
6092 5 2 0 159 743 1549 1550 744 1186 1757 1758 1187
6093 5 2 0 159 744 1550 1551 745 1187 1758 1759 1188
6094 5 2 0 159 745 1551 589 89 1188 1759 1169 284
6095 5 2 0 159 760 761 1552 1548 1179 1180 1760 1756
6096 5 2 0 159 1548 1552 1553 1549 1756 1760 1761 1757
6097 5 2 0 159 1549 1553 1554 1550 1757 1761 1762 1758
6098 5 2 0 159 1550 1554 1555 1551 1758 1762 1763 1759
6099 5 2 0 159 1551 1555 590 589 1759 1763 1170 1169
6100 5 2 0 159 761 135 751 1552 1180 287 1181 1760
6101 5 2 0 159 1552 751 752 1553 1760 1181 1182 1761
6102 5 2 0 159 1553 752 753 1554 1761 1182 1183 1762
6103 5 2 0 159 1554 753 754 1555 1762 1183 1184 1763
6104 5 2 0 159 1555 754 91 590 1763 1184 263 1170
6105 5 2 0 160 135 137 764 751 287 288 1189 1181
6106 5 2 0 160 751 764 765 752 1181 1189 1190 1182
6107 5 2 0 160 752 765 766 753 1182 1190 1191 1183
6108 5 2 0 160 753 766 767 754 1183 1191 1192 1184
6109 5 2 0 160 754 767 93 91 1184 1192 264 263
6110 5 2 0 161 137 782 1574 764 288 1193 1764 1189
6111 5 2 0 161 764 1574 1575 765 1189 1764 1765 1190
6112 5 2 0 161 765 1575 1576 766 1190 1765 1766 1191
6113 5 2 0 161 766 1576 1577 767 1191 1766 1767 1192
6114 5 2 0 161 767 1577 607 93 1192 1767 1096 264
6115 5 2 0 161 782 139 773 1574 1193 289 1194 1764
6116 5 2 0 161 1574 773 774 1575 1764 1194 1195 1765
6117 5 2 0 161 1575 774 775 1576 1765 1195 1196 1766
6118 5 2 0 161 1576 775 776 1577 1766 1196 1197 1767
6119 5 2 0 161 1577 776 95 607 1767 1197 265 1096
6120 5 2 0 162 139 141 784 773 289 290 1198 1194
6121 5 2 0 162 773 784 785 774 1194 1198 1199 1195
6122 5 2 0 162 774 785 786 775 1195 1199 1200 1196
6123 5 2 0 162 775 786 787 776 1196 1200 1201 1197
6124 5 2 0 162 776 787 97 95 1197 1201 266 265
6125 5 2 0 163 141 143 793 784 290 291 1202 1198
6126 5 2 0 163 784 793 794 785 1198 1202 1203 1199
6127 5 2 0 163 785 794 795 786 1199 1203 1204 1200
6128 5 2 0 163 786 795 796 787 1200 1204 1205 1201
6129 5 2 0 163 787 796 99 97 1201 1205 267 266
6130 5 2 0 164 143 145 802 793 291 292 1206 1202
6131 5 2 0 164 793 802 803 794 1202 1206 1207 1203
6132 5 2 0 164 794 803 804 795 1203 1207 1208 1204
6133 5 2 0 164 795 804 805 796 1204 1208 1209 1205
6134 5 2 0 164 796 805 101 99 1205 1209 268 267
6135 5 2 0 165 145 147 811 802 292 293 1210 1206
6136 5 2 0 165 802 811 812 803 1206 1210 1211 1207
6137 5 2 0 165 803 812 813 804 1207 1211 1212 1208
6138 5 2 0 165 804 813 814 805 1208 1212 1213 1209
6139 5 2 0 165 805 814 103 101 1209 1213 269 268
6140 5 2 0 166 147 829 1603 811 293 1214 1768 1210
6141 5 2 0 166 811 1603 1604 812 1210 1768 1769 1211
6142 5 2 0 166 812 1604 1605 813 1211 1769 1770 1212
6143 5 2 0 166 813 1605 1606 814 1212 1770 1771 1213
6144 5 2 0 166 814 1606 644 103 1213 1771 1112 269
6145 5 2 0 166 829 149 820 1603 1214 294 1215 1768
6146 5 2 0 166 1603 820 821 1604 1768 1215 1216 1769
6147 5 2 0 166 1604 821 822 1605 1769 1216 1217 1770
6148 5 2 0 166 1605 822 823 1606 1770 1217 1218 1771
6149 5 2 0 166 1606 823 105 644 1771 1218 270 1112
6150 5 2 0 167 149 151 831 820 294 295 1219 1215
6151 5 2 0 167 820 831 832 821 1215 1219 1220 1216
6152 5 2 0 167 821 832 833 822 1216 1220 1221 1217
6153 5 2 0 167 822 833 834 823 1217 1221 1222 1218
6154 5 2 0 167 823 834 107 105 1218 1222 271 270
6155 5 2 0 168 151 849 1620 831 295 1223 1772 1219
6156 5 2 0 168 831 1620 1621 832 1219 1772 1773 1220
6157 5 2 0 168 832 1621 1622 833 1220 1773 1774 1221
6158 5 2 0 168 833 1622 1623 834 1221 1774 1775 1222
6159 5 2 0 168 834 1623 660 107 1222 1775 1174 271
6160 5 2 0 168 849 850 1624 1620 1223 1224 1776 1772
6161 5 2 0 168 1620 1624 1625 1621 1772 1776 1777 1773
6162 5 2 0 168 1621 1625 1626 1622 1773 1777 1778 1774
6163 5 2 0 168 1622 1626 1627 1623 1774 1778 1779 1775
6164 5 2 0 168 1623 1627 661 660 1775 1779 1175 1174
6165 5 2 0 168 850 153 840 1624 1224 296 1225 1776
6166 5 2 0 168 1624 840 841 1625 1776 1225 1226 1777
6167 5 2 0 168 1625 841 842 1626 1777 1226 1227 1778
6168 5 2 0 168 1626 842 843 1627 1778 1227 1228 1779
6169 5 2 0 168 1627 843 109 661 1779 1228 285 1175
6170 5 2 0 169 133 750 953 177 272 1127 1229 297
6171 5 2 0 169 750 134 178 953 1127 273 298 1229
6172 5 2 0 170 134 155 199 178 273 274 299 298
6173 5 2 0 171 155 166 210 199 274 275 300 299
6174 5 2 0 172 153 198 973 848 276 301 1230 1144
6175 5 2 0 172 848 973 197 154 1144 1230 302 277
6176 5 2 0 173 154 197 209 165 277 302 303 278
6177 5 2 0 174 165 209 220 176 278 303 304 279
6178 5 2 0 175 133 177 957 760 286 305 1231 1179
6179 5 2 0 175 760 957 958 761 1179 1231 1232 1180
6180 5 2 0 175 761 958 180 135 1180 1232 306 287
6181 5 2 0 176 135 180 182 137 287 306 307 288
6182 5 2 0 177 137 182 962 782 288 307 1233 1193
6183 5 2 0 177 782 962 184 139 1193 1233 308 289
6184 5 2 0 178 139 184 186 141 289 308 309 290
6185 5 2 0 179 141 186 188 143 290 309 310 291
6186 5 2 0 180 143 188 190 145 291 310 311 292
6187 5 2 0 181 145 190 192 147 292 311 312 293
6188 5 2 0 182 147 192 969 829 293 312 1234 1214
6189 5 2 0 182 829 969 194 149 1214 1234 313 294
6190 5 2 0 183 149 194 196 151 294 313 314 295
6191 5 2 0 184 151 196 974 849 295 314 1235 1223
6192 5 2 0 184 849 974 975 850 1223 1235 1236 1224
6193 5 2 0 184 850 975 198 153 1224 1236 315 296
6194 5 2 0 185 1 329 988 221 280 1157 1237 316
6195 5 2 0 185 329 330 989 988 1157 1158 1238 1237
6196 5 2 0 185 330 331 990 989 1158 1159 1239 1238
6197 5 2 0 185 331 332 991 990 1159 1160 1240 1239
6198 5 2 0 185 332 2 222 991 1160 281 317 1240
6199 5 2 0 186 89 575 1006 229 284 1171 1241 318
6200 5 2 0 186 575 576 1007 1006 1171 1172 1242 1241
6201 5 2 0 186 576 577 1008 1007 1172 1173 1243 1242
6202 5 2 0 186 577 1 221 1008 1173 280 316 1243
6203 5 2 0 187 133 742 1119 272 286 1185 1244 319
6204 5 2 0 187 742 743 1120 1119 1185 1186 1245 1244
6205 5 2 0 187 743 744 1121 1120 1186 1187 1246 1245
6206 5 2 0 187 744 745 1122 1121 1187 1188 1247 1246
6207 5 2 0 187 745 89 229 1122 1188 284 318 1247
6208 5 2 0 188 41 233 1019 445 282 320 1248 1163
6209 5 2 0 188 445 1019 1020 446 1163 1248 1249 1164
6210 5 2 0 188 446 1020 1021 447 1164 1249 1250 1165
6211 5 2 0 188 447 1021 1022 448 1165 1250 1251 1166
6212 5 2 0 188 448 1022 234 42 1166 1251 321 283
6213 5 2 0 189 109 241 1037 653 285 322 1252 1176
6214 5 2 0 189 653 1037 1038 654 1176 1252 1253 1177
6215 5 2 0 189 654 1038 1039 655 1177 1253 1254 1178
6216 5 2 0 189 655 1039 233 41 1178 1254 320 282
6217 5 2 0 190 153 276 1136 840 296 323 1255 1225
6218 5 2 0 190 840 1136 1137 841 1225 1255 1256 1226
6219 5 2 0 190 841 1137 1138 842 1226 1256 1257 1227
6220 5 2 0 190 842 1138 1139 843 1227 1257 1258 1228
6221 5 2 0 190 843 1139 241 109 1228 1258 322 285
6222 5 2 0 191 133 272 297 177 286 319 324 305
6223 5 2 0 192 153 198 301 276 296 315 325 323
$EndElements
