0.005 0.0139019 -7.94849e-05 -0.0034482 0.0154292 -0.00262527 -0.00290995 0.0356207 -0.036275 -0.0171522 0.0829843 -0.115203 -0.0519118
0.055 0.0102551 -0.00164967 -0.0538869 0.0415142 -0.0535626 -0.0532017 0.449058 -0.728768 0.0697341 1.36453 -2.2353 0.0750608
0.105 0.00982435 -0.00310149 0.0708669 0.0665357 -0.0962382 0.0707351 0.775841 -1.24995 0.0868806 2.15426 -3.43734 -0.0494085
0.155 0.00839883 -0.00432316 0.0726041 0.0828821 -0.124085 0.071983 0.94601 -1.47586 -0.00895198 2.19952 -3.21413 -0.0605719
0.205 0.00846285 -0.00521865 -0.0585964 0.0907388 -0.132726 -0.0573781 0.923271 -1.34943 -0.0026118 1.50573 -1.62248 0.0264868
0.255 0.00519167 -0.00571223 0.0219348 0.084358 -0.120538 0.0206947 0.720632 -0.893628 0.00270666 0.353853 0.735795 0.0311442
0.305 0.00965302 -0.00576267 0.069 0.0755319 -0.0891466 0.0684339 0.398603 -0.206527 0.0233585 -0.789372 2.94685 -0.0336587
0.355 0.0130658 -0.00535824 0.0224814 0.0574928 -0.0429172 0.0216873 0.0246423 0.560228 -0.0190926 -1.49143 4.1403 0.0421945
0.405 -0.0162271 -0.00452362 -0.0303752 0.00227092 0.011501 -0.0316701 -0.334315 1.23537 -0.0166439 -1.51583 3.8294 0.0156403
0.455 -0.026735 -0.00331557 0.0686789 -0.0354553 0.0662028 0.0670742 -0.582264 1.66614 -0.029014 -0.872063 2.10293 -0.0208513
0.505 -0.0211829 -0.00182189 0.0128996 -0.0541546 0.113159 0.0119961 -0.679321 1.75262 0.0137336 0.1633 -0.406272 0.0123035
0.555 -0.0201403 -0.000152131 -0.0154222 -0.0706681 0.145435 -0.016024 -0.603943 1.47025 -0.0127905 1.1087 -2.76399 0.033005
0.605 0.00689205 0.00156959 -0.0032405 -0.0523154 0.15815 -0.00340259 -0.355803 0.875597 -0.0166048 1.60542 -4.09438 -0.0299044
0.655 -0.0237387 0.00321425 -0.0111046 -0.081731 0.149224 -0.0109817 -0.0715244 0.0940825 0.00808088 1.32584 -3.91709 -0.00410296
0.705 0.00261931 0.00465857 -0.0111001 -0.0443788 0.119688 -0.0105284 0.292871 -0.707561 0.0249654 0.454371 -2.33076 0.0229422
0.755 -0.0194991 0.00579257 0.00300559 -0.0473694 0.0735332 0.0038969 0.552798 -1.35816 0.0154285 -0.726977 0.0283862 -0.0291318
0.805 -0.00326988 0.00653159 -0.0271467 -0.00821849 0.0171516 -0.0262137 0.639158 -1.71991 -0.00545182 -1.80484 2.23636 -0.0210657
0.855 0.0576032 0.00681853 -0.0439143 0.0769753 -0.0416012 -0.0429863 0.693432 -1.7187 0.0121296 -2.215 3.44203 -0.00290774
0.905 0.026718 0.00663305 0.0312579 0.0672389 -0.0945228 0.0318974 0.380789 -1.36033 0.0136289 -1.96455 3.19818 -0.0155183
0.955 -0.00621003 0.00598415 0.000207539 0.0491191 -0.134268 0.000576611 0.0680439 -0.728957 0.0101478 -1.02529 1.6336 0.00123976
1.005 -0.0597457 0.00492828 -0.0327395 0.00177454 -0.155377 -0.0327899 -0.351773 0.0320231 -0.0127152 0.321996 -0.600322 0.0137855
1.055 0.0265273 0.00353299 0.0130824 0.0825638 -0.155098 0.0126461 -0.740569 0.752116 -0.0157191 1.55369 -2.58776 -0.0119537
1.105 0.124458 0.00190693 0.0212519 0.167883 -0.133737 0.02048 -0.722352 1.27184 0.00535189 2.4114 -3.51016 0.0155411
1.155 -0.0344607 0.00016242 0.00220207 -0.0137882 -0.0946311 0.00121999 -1.01239 1.47835 0.000195517 2.10352 -2.96992 0.0287593
1.205 0.0562323 -0.00157668 0.00679018 0.0489096 -0.0436381 0.00567713 -0.705479 1.33049 -0.0211941 1.26756 -1.14948 -0.0213538
1.255 -0.0386909 -0.00318158 0.00286214 -0.0717281 0.0117302 0.00183218 -0.505094 0.867629 -0.0173817 0.130688 1.25696 -0.00668586
1.305 -0.0537759 -0.00455688 0.000586906 -0.112954 0.0633788 -8.98251e-05 -0.316061 0.200638 0.011523 -1.02564 3.3126 0.0212899
1.355 -0.151112 -0.0056009 0.0302966 -0.227907 0.103858 0.0298079 0.276045 -0.513401 0.00473592 -1.70145 4.20336 -0.00919611
1.405 -0.140504 -0.0062533 -0.0101354 -0.229794 0.127404 -0.0104822 0.417999 -1.10674 -0.011222 -1.41938 3.55694 -0.00909561
1.455 0.235013 -0.00647417 -0.0314476 0.147615 0.130802 -0.031028 1.13467 -1.439 -0.00429353 -0.428105 1.59068 0.0153994
1.505 0.204545 -0.00625663 0.0230707 0.138296 0.113836 0.0241074 1.2413 -1.42886 0.0116229 0.913051 -0.96958 -0.00161072
1.555 -0.195568 -0.00564943 0.0101362 -0.243654 0.0792836 0.0111659 0.760532 -1.07286 0.0161621 0.743999 -3.16871 0.00151665
1.605 0.265285 -0.00465604 -0.0339308 0.243148 0.0325925 -0.0320096 0.641847 -0.446293 -0.00458441 1.56281 -4.19065 0.0071763
1.655 0.0631096 -0.00340945 -0.00945012 0.0767643 -0.0190951 -0.00776205 -0.00893359 0.313183 -0.00675642 1.51786 -3.6729 -0.0212146
1.705 0.128562 -0.00195024 0.0116168 0.170167 -0.0678023 0.0122942 -0.434729 1.03641 0.01359 0.0103904 -1.84452 -0.00492667
1.755 0.368296 -0.0004423 -0.00522582 0.434614 -0.106101 -0.00798114 0.0376644 1.56034 0.0201853 -0.68548 0.56586 0.015872
1.805 -0.098823 0.00108325 -0.00497134 -0.0173793 -0.127983 -0.00306689 -0.80812 1.76472 -0.00579722 -2.04351 2.61619 -0.0189585
1.855 -0.442541 0.00246527 -0.00470359 -0.372457 -0.129988 -0.00369927 -0.641873 1.59904 -0.00636322 -2.51085 3.51879 -0.00792265
1.905 -0.686005 0.00364525 -0.00321606 -0.591552 -0.111521 -0.00324803 -0.781039 1.09429 0.013298 -2.14793 2.94684 0.0219836
1.955 0.709768 0.00451566 0.0279832 0.769301 -0.0750894 0.0284194 -0.642576 0.356139 0.00907969 -0.554867 1.1595 0.00276535
2.005 -0.102056 0.00505708 0.000666323 -0.0439418 -0.0258283 0.00160705 0.0167936 -0.458149 -0.0109438 0.956853 -1.10281 -0.00636328
2.055 0.402015 0.00518224 -0.0221635 0.42714 0.0291118 -0.0229184 0.883635 -1.17441 -0.0117528 1.77281 -2.91199 0.0189475
2.105 -0.275539 0.00494092 0.0246165 -0.292906 0.081774 0.023594 0.846077 -1.64023 -0.00376578 2.1474 -3.5192 -0.00203765
2.155 -0.479683 0.00437156 0.0315401 -0.497335 0.124437 0.0281361 0.774515 -1.7586 0.0142789 1.96534 -2.65154 -0.0012265
2.205 -0.0878422 0.00344565 -0.0169812 -0.132765 0.150674 -0.0186166 0.616673 -1.50902 -0.012994 0.796995 -0.622374 0.0127393
2.255 -0.145949 0.00225451 -0.0070435 -0.213332 0.156519 -0.00720391 -0.418692 -0.951909 -0.0124809 -0.369684 1.78879 -0.020672
2.305 0.699115 0.00091062 0.0232943 0.670172 0.140894 0.031863 0.097194 -0.21491 0.00341176 -0.901193 3.6392 0.00250929
2.355 -0.269239 -0.000489164 0.00369998 -0.308815 0.105795 0.00743253 -1.2443 0.536268 0.0208153 -0.988375 4.19174 0.0263094
2.405 -0.304899 -0.00190307 -0.00358978 -0.336369 0.05597 -0.00181718 -0.555833 1.13438 0.00220618 -1.55586 3.20379 0.000670666
2.455 -0.900682 -0.00313083 -0.00955275 -0.89321 -0.00158971 -0.0081019 -1.17271 1.4486 -0.014479 -1.22584 1.02486 -0.0231656
2.505 -0.4359 -0.00418279 -0.00844157 -0.415114 -0.0589536 -0.00732784 -1.20832 1.4131 0.00666459 0.359253 -1.53655 0.011877
2.555 -0.241455 -0.00487398 0.0159807 -0.198885 -0.108026 0.0155815 -0.996685 1.04198 0.0192239 1.60419 -3.52451 -0.000770557
2.605 1.00903 -0.00529585 -0.00233131 1.02849 -0.142147 -0.00300893 0.212243 0.425318 -0.000164408 2.5392 -4.20465 -0.0186419
2.655 0.580457 -0.00527137 -0.0300878 0.631058 -0.156558 -0.0305079 0.207548 -0.291043 -0.00903353 1.45661 -3.34672 -0.00405513
2.705 0.238689 -0.00486579 -0.00627667 0.283702 -0.149531 -0.00400254 1.18167 -0.938889 0.000292943 -0.220884 -1.31061 -0.00224193
2.755 -1.07267 -0.00405363 0.0248443 -1.041 -0.122287 0.0242045 0.41001 -1.36546 0.011934 -2.40016 1.09663 0.00130943
2.805 -0.603374 -0.00292838 -0.0131802 -0.588231 -0.0790495 -0.0140974 0.149673 -1.46819 0.005198 -3.05479 2.93754 0.00994525
2.855 -0.311662 -0.00151803 -0.0285964 -0.332492 -0.026201 -0.0302409 0.455383 -1.21799 -0.0286004 -1.81813 3.50993 -0.0242746
2.905 -0.0775553 2.96163e-05 -0.00125586 -0.121634 0.0284453 -0.00228346 -0.45693 -0.666133 -0.00937368 -1.21212 2.61937 -0.014626
2.955 0.671022 0.00158483 0.0187712 0.607239 0.0769202 0.0180113 1.08137 0.0670459 0.0145155 0.304448 0.651745 0.0361171
3.005 -0.296516 0.00312991 0.0117774 -0.413641 0.112345 0.0133824 0.579929 0.818818 0.0296319 1.66975 -1.58139 0.00815361
3.055 -0.687732 0.00449059 -0.00817268 -0.75291 0.129654 -0.00942244 0.453967 1.42043 -0.0172983 1.34474 -3.1641 -0.00497724
3.105 -0.836233 0.00560136 -0.0103154 -0.909945 0.126616 -0.0122533 -0.164766 1.73501 -0.0169131 1.70772 -3.43807 0.00561389
3.155 0.878067 0.00628545 0.0347668 0.841739 0.103874 0.0359874 0.0976859 1.68796 0.0268931 2.0254 -2.26353 0.0203678
3.205 1.57205 0.00658567 0.0270808 1.53178 0.0651996 0.0290441 -0.223396 1.28428 -0.027847 1.63934 -0.0766047 -0.00150833
3.255 2.40288 0.006404 -0.0353576 2.38693 0.0165087 -0.0342327 1.14873 0.607254 -0.0325648 0.800345 2.27884 0.00256811
3.305 2.27811 0.00579769 -0.0289236 2.31148 -0.0346707 -0.0271747 1.38574 -0.199235 -0.0286873 -0.845498 3.87992 -0.0115599
3.355 1.5739 0.00475346 0.0175321 1.62303 -0.0805282 0.0183084 0.553529 -0.963046 0.00382963 -2.96566 4.08501 0.0125553
3.405 -0.26044 0.0034519 0.00423081 -0.257319 -0.113903 0.00456659 -0.310968 -1.52125 0.0383041 -3.04572 2.78564 0.0401802
3.455 0.357163 0.00189585 -0.00656532 0.447845 -0.129671 -0.00632445 0.214237 -1.75659 -7.95169e-05 0.656298 0.451232 -0.0388643
3.505 -0.33759 0.000211878 -0.00993015 -0.241649 -0.125231 -0.00998972 -0.931075 -1.6229 -0.0227226 1.15582 -2.05068 -0.0464312
3.555 -0.478312 -0.00154765 0.00698561 -0.405513 -0.101013 0.00698992 -1.46298 -1.15525 0.0278118 0.443244 -3.78832 0.0249979
3.605 0.490613 -0.00314468 0.0408051 0.540724 -0.0602742 0.0408472 1.14768 -0.461698 0.0329654 3.12412 -4.12523 0.0141942
3.655 0.625109 -0.00449918 0.0174902 0.64388 -0.00883961 0.0165264 -0.244884 0.30137 0.00887243 2.20846 -2.96372 -0.0105431
3.705 0.431899 -0.00553492 -0.052042 0.426883 0.045824 -0.0532548 0.362133 0.963489 -0.0577436 0.123916 -0.779225 -0.0276568
3.755 0.487895 -0.00617068 -0.0623377 0.469604 0.0957496 -0.0631618 0.905969 1.37891 -0.0231561 -1.03025 1.56732 -0.0210614
3.805 -1.917 -0.00639402 0.0120117 -1.96756 0.133557 0.0113888 -3.04328 1.459 0.0283923 -4.69913 3.16707 0.0617332
3.855 -2.36435 -0.00617521 0.0817503 -2.41475 0.15361 0.0812381 -2.48686 1.19141 0.0550884 -5.07933 3.41596 0.00340715
3.905 -3.15959 -0.0055219 -0.0299585 -3.22562 0.152797 -0.029934 -3.25033 0.642746 -0.0219282 -1.75608 2.24828 -0.159075
3.955 -2.81877 -0.00456137 -0.100991 -2.72173 0.130907 -0.104274 -3.54684 -0.0566391 -0.0614988 -0.427265 0.158917 -0.0691997
4.005 -1.19547 -0.00329395 0.00355567 -1.23822 0.0907629 -0.0039288 -1.65195 -0.742464 0.0187254 3.03899 -1.993 -0.044286
4.055 -0.32253 -0.00183236 0.0923784 -0.365527 0.0380655 0.0862835 0.864895 -1.25351 0.387938 5.41965 -3.32462 0.0550217
4.105 0.541666 -0.00030002 0.0167809 0.560976 -0.0199401 0.0180299 4.09997 -1.46779 -0.0244826 4.62971 -3.27796 0.0214732
4.155 0.828735 0.00119227 -0.0988477 0.851829 -0.0751428 -0.0968316 5.08554 -1.3313 -0.0777844 2.08907 -1.84054 -0.0597001
4.205 -0.761931 0.00257114 -0.0249767 -0.709801 -0.119837 -0.024069 3.27338 -0.869429 -0.0313884 -1.37364 0.446853 -0.00166415
4.255 -3.05499 0.00367205 0.102785 -2.99321 -0.147926 0.103135 0.13405 -0.18175 0.0909154 -4.63856 2.699 0.0470535
4.305 -2.13272 0.00443321 0.0520853 -2.18021 -0.155627 0.0538989 -3.87019 0.579967 0.0135733 -3.78717 4.03102 0.0191708
4.355 -0.655039 0.00485385 -0.107102 -0.580374 -0.142086 -0.101825 -3.19772 1.2454 -0.0972881 -0.312174 3.90336 -0.0387584
4.405 0.725901 0.00491477 -0.0471517 0.765791 -0.109526 -0.0471746 -2.41984 1.66408 -0.056265 1.7314 2.33493 -0.00233168
4.455 1.60062 0.00459576 0.144774 1.60293 -0.0628366 0.142833 1.50681 1.73853 0.105453 2.97296 -0.102303 0.0588852
4.505 1.97392 0.00394279 0.0448212 1.95894 -0.00895728 0.0433534 3.07862 1.44716 0.0512416 1.33381 -2.50187 0.0571413
4.555 1.0432 0.00299988 -0.12037 0.995383 0.0442364 -0.121106 1.58483 0.848296 -0.0995858 0.577049 -3.97199 -0.0347095
4.605 0.573179 0.00184418 -0.044516 0.545391 0.0890206 -0.0449659 1.37846 0.0684257 -0.0275936 -0.406016 -3.97874 -0.0316278
4.655 -0.0135529 0.000585006 0.116336 -0.147749 0.119006 0.11654 1.581 -0.726124 0.108982 -0.556037 -2.55025 0.0624302
4.705 -0.181681 -0.00069894 0.03256 -0.408577 0.130016 0.0365756 -1.23104 -1.3657 0.0601838 -0.287777 -0.262581 0.0273578
4.755 0.704972 -0.00196613 -0.109107 0.659636 0.120606 -0.104052 -0.425194 -1.71503 -0.0838364 -0.173021 1.98695 -0.0675456
4.805 1.25797 -0.00305635 -0.065014 1.19855 0.092569 -0.0638647 1.33578 -1.7027 -0.039073 -1.04805 3.3299 -0.0270878
4.855 0.688169 -0.00392348 0.0945723 0.650842 0.0503123 0.0948136 1.17458 -1.33701 0.0960502 -2.41593 3.26469 0.0427992
4.905 1.36453 -0.00449711 0.0704922 1.36321 0.000364313 0.0710245 1.82596 -0.703645 0.0463444 -1.52938 1.84975 0.0102335
4.955 1.2057 -0.00474101 -0.118615 1.2298 -0.0496072 -0.117977 -0.179089 0.053688 -0.0852028 0.242901 -0.32247 -0.046686
5.005 1.60503 -0.00462295 -0.0898123 1.64289 -0.091925 -0.0875195 -0.70599 0.765416 -0.0555864 1.69504 -2.36052 -0.0176783
5.055 0.210285 -0.00413123 0.0795174 0.329464 -0.120352 0.153904 -1.25549 1.274 0.0701851 2.39724 -3.42609 0.0344226
5.105 -0.57293 -0.00335572 0.0301129 -0.569605 -0.130353 0.071453 -1.7744 1.46917 0.0615227 0.710561 -3.06529 0.039394
5.155 0.127242 -0.00230546 -0.0960106 0.244322 -0.119936 -0.0923373 -1.78986 1.31235 -0.0762746 0.6649 -1.38962 -0.0252444
5.205 0.989093 -0.00105835 -0.0620187 1.08066 -0.0904207 -0.0666184 -0.284285 0.844974 -0.0580254 1.56394 0.964485 -0.0537278
5.255 0.681284 0.000300696 0.0805381 0.735958 -0.0459183 0.0780559 -0.697975 0.178925 0.0722539 -0.463293 3.08226 0.0417661
5.305 -0.762686 0.00171545 0.0413464 -0.7015 0.00729593 0.0233901 2.32822 -0.529012 0.0798588 -2.6444 4.12681 0.0308194
5.355 -0.0111287 0.00304355 -0.0676392 -0.0279539 0.0614912 -0.0832482 0.920244 -1.11244 -0.0652613 -2.03476 3.66691 -0.0471978
5.405 -0.640743 0.00419624 -0.0884334 -0.663946 0.10863 -0.0933783 -0.0400311 -1.43328 -0.0675953 -0.490051 1.84797 -0.0311133
5.455 -0.559058 0.00509925 0.0689927 -0.60354 0.141761 0.0685215 0.343752 -1.41287 0.053963 -0.214053 -0.661608 0.0386931
5.505 -0.180329 0.00568227 0.0885642 -0.235979 0.155894 0.0887577 1.0019 -1.04993 0.0580103 1.99251 -2.92665 0.0300621
5.555 0.189876 0.00589525 -0.0732608 0.137679 0.14874 -0.0731594 0.546606 -0.421625 -0.0548563 2.58792 -4.10585 -0.0195187
5.605 0.347833 0.00571311 -0.0890131 0.300294 0.121074 -0.0890932 1.21285 0.334179 -0.068316 1.62352 -3.77589 -0.0281838
5.655 -0.323049 0.00514485 0.0660814 -0.355639 0.0766205 0.0663043 0.450762 1.04898 0.0537306 -0.343563 -2.0932 0.0177468
5.705 -0.575716 0.00421847 0.0796036 -0.585008 0.0215084 0.0800581 -0.711736 1.56153 0.0683316 -2.05328 0.269771 0.0348824
5.755 -0.606578 0.00299823 -0.067392 -0.58969 -0.0365998 -0.0670942 -1.4993 1.75407 -0.0405866 -2.0054 2.38851 -0.027071
5.805 -0.675084 0.00156134 -0.0818215 -0.642068 -0.0895904 -0.0813627 -1.63122 1.57864 -0.063608 -2.12766 3.44756 -0.0506212
5.855 -0.136898 2.82437e-06 0.0439432 -0.0878763 -0.130117 0.0444228 -0.22022 1.06833 0.0472005 -1.19474 3.05783 0.0241075
5.905 0.0434439 -0.00155973 0.0819365 0.106224 -0.152614 0.0817894 0.818051 0.329962 0.0780552 -0.0779653 1.40615 0.0430685
5.955 -0.00856915 -0.00305113 -0.0281614 0.0593961 -0.154063 -0.0140164 0.547944 -0.479125 -0.030632 -0.0260321 -0.820956 -0.0279351
6.005 0.024585 -0.00431619 -0.0926501 0.0631296 -0.134621 -0.090773 1.39485 -1.18598 -0.0730646 1.4849 -2.70941 -0.0349092
6.055 -0.251377 -0.00528712 0.033287 -0.231638 -0.0973069 0.0313852 0.733389 -1.64024 0.0331756 2.0191 -3.47914 0.0215394
6.105 0.0959287 -0.0058894 0.102677 0.119574 -0.0477284 0.0967533 0.541468 -1.74725 0.0666301 2.38007 -2.79287 0.0350731
6.155 -0.0807317 -0.00607272 -0.0317422 -0.125879 0.0068042 -0.032842 0.509143 -1.48911 -0.0353806 1.66521 -0.891792 -0.0139041
6.205 0.11667 -0.00585488 -0.0937036 0.0577297 0.0583358 -0.0953035 0.313961 -0.927963 -0.0810761 -0.136833 1.49603 -0.0361443
6.255 0.313465 -0.005238 0.0380111 0.238783 0.0994304 0.0373345 0.507181 -0.192098 0.0182948 -0.802879 3.43845 0.00928106
6.305 0.257098 -0.00426823 0.095099 0.175554 0.124238 0.0936468 -0.584148 0.552919 0.0715414 -1.59335 4.1633 0.0441563
6.355 0.449219 -0.00301359 -0.0227886 0.367327 0.129372 -0.0227329 -0.512432 1.14152 -0.0204181 -1.33916 3.3614 -0.00479847
6.405 0.372932 -0.00157591 -0.0834248 0.301901 0.114351 -0.0831434 -1.06874 1.44491 -0.0746583 -0.5048 1.30995 -0.0433993
6.455 0.023454 -6.70638e-05 0.0186634 -0.0244482 0.0816816 0.0189203 -1.26534 1.39983 0.0186148 -0.00206044 -1.23207 0.0102512
6.505 -0.317689 0.00139645 0.0897638 -0.339047 0.036491 0.090235 -1.27506 1.02241 0.0806868 0.694961 -3.31629 0.0408481
6.555 -0.417812 0.00271421 -0.00965666 -0.409789 -0.0142454 -0.00881702 -1.15632 0.404212 -0.00829072 1.09741 -4.17084 -0.0161016
6.605 -0.0648441 0.00378971 -0.0949025 -0.02603 -0.0627465 -0.0938641 -0.560425 -0.30865 -0.073803 1.61238 -3.49758 -0.0409051
6.655 0.066102 0.00454634 0.00430874 0.129237 -0.101562 0.00507789 0.148127 -0.9487 0.00674883 0.559801 -1.58504 0.00648509
6.705 0.0749796 0.00493413 0.0959329 0.154682 -0.124679 0.0964589 1.24226 -1.36495 0.073428 -0.943785 0.807097 0.0390542
6.755 -0.0248878 0.00488485 -0.00905714 0.0595861 -0.128457 -0.0132165 1.55234 -1.45724 -0.00450695 -2.1323 2.74589 0.00442488
6.805 -0.0799857 0.00451496 -0.0939515 0.00449742 -0.111991 -0.0970023 0.879209 -1.19881 -0.0761666 -2.47691 3.48957 -0.0331725
6.855 -0.192215 0.00380104 0.00172019 -0.127573 -0.0775061 0.0017837 0.469995 -0.64287 -0.00674127 -1.84116 2.77551 -0.00289302
6.905 -0.247575 0.00280011 0.0921132 -0.201972 -0.029871 0.0917769 -0.18778 0.0892222 0.0700159 -0.612048 0.919838 0.03704
6.955 0.062798 0.00159955 0.00424232 0.0800833 0.0240415 0.0063647 -0.167038 0.834886 0.00570215 1.17169 -1.30992 0.00135896
7.005 0.23443 0.000280383 -0.0834157 0.225401 0.0763887 -0.0835211 -0.145278 1.42665 -0.0707944 2.37996 -2.999 -0.0462786
7.055 0.0667732 -0.00105013 -0.008674 0.0338874 0.119499 -0.0101321 -0.0997064 1.72963 -0.00704628 2.13862 -3.447 -0.00883568
7.105 0.163163 -0.00228628 0.086074 0.112967 0.146972 0.0851088 0.0884375 1.67186 0.0735137 1.67812 -2.44538 0.0396397
7.155 0.0358636 -0.0033384 0.0206331 -0.0228251 0.154622 0.020193 -0.631915 1.26056 0.0173989 0.841541 -0.361903 0.00796139
7.205 0.0975057 -0.00408501 -0.0826437 0.0371504 0.141161 -0.0786439 -0.448591 0.580869 -0.0668338 -0.229245 2.00088 -0.0311931
7.255 -0.148168 -0.00454419 -0.0210221 -0.189601 0.108154 -0.0187542 -0.253616 -0.222854 -0.0147667 -1.27203 3.71798 0.000239415
7.305 -0.311668 -0.0046749 0.0866275 -0.343276 0.0601502 0.0873713 -0.21432 -0.978926 0.0680866 -1.84249 4.10341 0.0375359
7.355 0.151057 -0.0044522 0.0258683 0.144959 0.0037795 0.0266413 0.803516 -1.52622 0.0190187 -0.804492 2.97919 0.00989928
7.405 -0.0644799 -0.00389547 -0.0842831 -0.0485198 -0.0531064 -0.0830483 0.702186 -1.74978 -0.0673922 -0.171086 0.747319 -0.0367326
7.455 0.323543 -0.00304172 -0.0279001 0.358591 -0.102589 -0.0274837 1.06636 -1.60594 -0.0262144 0.698687 -1.76375 -0.0203348
7.505 0.190154 -0.00195171 0.0787916 0.240314 -0.137823 0.0793486 0.862975 -1.13203 0.0616323 1.55902 -3.61851 0.0294554
7.555 -0.0336788 -0.000702361 0.0299389 0.0212438 -0.154016 0.0304638 -0.269573 -0.437382 0.0257128 1.06579 -4.13472 0.0148926
7.605 -0.234474 0.00055997 -0.0809716 -0.184615 -0.149137 -0.0703516 -0.7274 0.321206 -0.0640092 0.525544 -3.14553 -0.0325116
7.655 -0.181395 0.00188621 -0.0420224 -0.139924 -0.124114 -0.0408216 -1.45624 0.974545 -0.0286323 -0.0465386 -1.06041 -0.011253
7.705 0.0823944 0.00308535 0.0716852 0.0968278 -0.0827935 0.0703768 -1.17545 1.37897 0.0628488 -1.0616 1.2971 0.0391585
7.755 0.105854 0.00409667 0.0422588 0.0982321 -0.0313725 0.0409826 -1.06802 1.44826 0.034403 -1.89459 3.01186 0.0180994
7.805 0.0204398 0.00493981 -0.0734403 -0.023276 0.0226968 -0.0741154 -0.517173 1.17262 -0.0556761 -2.30907 3.43388 -0.0335063
7.855 0.297752 0.00540725 -0.0461992 0.239823 0.0713783 -0.0474779 0.16975 0.620487 -0.0321601 -1.51005 2.42932 -0.0226809
7.905 0.246856 0.0054506 0.0715496 0.170235 0.107675 0.067721 0.0689037 -0.0769506 0.0572557 0.025337 0.429474 0.0210132
7.955 -0.203118 0.00520732 0.0520133 -0.280171 0.126668 0.0515741 0.0566813 -0.755863 0.0403022 0.589447 -1.74183 0.0160948
8.005 -0.204065 0.00465138 -0.0675517 -0.2819 0.125673 -0.067325 0.530849 -1.25662 -0.0537314 1.61505 -3.19412 -0.0266774
8.055 -0.467416 0.00378033 -0.0482396 -0.530238 0.105168 -0.0482301 0.116346 -1.45989 -0.0428372 1.99582 -3.32179 -0.0201058
8.105 0.022468 0.00265248 0.0620922 -0.0186016 0.0684632 0.062694 0.542361 -1.31394 0.0483996 2.03056 -2.04392 0.033538
8.155 0.17602 0.00133515 0.0525361 0.161658 0.0212757 0.053487 1.19367 -0.846299 0.0395031 1.19843 0.161364 0.0329907
8.205 0.113978 -6.99781e-05 -0.0554431 0.128344 -0.0291127 -0.0543456 0.806422 -0.157964 -0.0515099 -0.560833 2.44167 -0.0241766
8.255 -0.200013 -0.00147492 -0.0546093 -0.156961 -0.0749793 -0.0534852 0.543089 0.598955 -0.0485082 -1.69273 3.90205 -0.0258396
8.305 -0.132091 -0.00279253 0.0547943 -0.0688893 -0.10927 0.0558111 -0.667582 1.25518 0.0426472 -1.72408 3.95446 0.0198139
8.355 -0.206393 -0.00392963 0.0604711 -0.127844 -0.126643 0.059801 -1.02365 1.66212 0.0462429 -0.975032 2.54856 0.0169249
8.405 -0.0509645 -0.00480951 -0.048694 0.0305491 -0.124259 -0.0481554 -0.791593 1.72509 -0.0414386 0.212538 0.194265 -0.0274651
8.455 0.0159707 -0.00537435 -0.0649022 0.0899952 -0.102219 -0.0634941 -0.23278 1.42476 -0.0485645 1.04196 -2.2337 -0.0244315
8.505 -0.232272 -0.00551329 0.0509423 -0.160371 -0.0635295 0.0600627 -0.297803 0.821689 0.040517 1.22711 -3.83238 0.0237118
8.555 -0.00878776 -0.00536404 0.0629441 0.0210199 -0.0137036 0.063856 0.39293 0.0432008 0.0520902 1.24434 -4.01835 0.0344943
8.605 -0.159702 -0.00474091 -0.0471672 -0.139412 0.0400905 -0.0477808 0.269322 -0.744616 -0.0310776 0.764859 -2.75092 -0.00993013
8.655 0.0189753 -0.00393679 -0.0644299 -0.00700876 0.0899199 -0.0659131 0.419609 -1.37368 -0.0501163 -0.429954 -0.544608 -0.0256149
8.705 -0.0570941 -0.00279947 0.0393816 -0.0895793 0.128533 0.0381754 0.68964 -1.7109 0.0332064 -1.31629 1.7336 0.0148652
8.755 -0.0620776 -0.00151311 0.064691 -0.114389 0.150152 0.0637487 0.450322 -1.68766 0.0540501 -2.06883 3.20295 0.0228998
8.805 0.0939159 -0.000137168 -0.0340231 0.0393676 0.151428 -0.0344437 0.520738 -1.31457 -0.0293323 -1.91925 3.31156 -0.0264342
8.855 0.113443 0.00121898 -0.0669702 0.0621771 0.131923 -0.0668223 0.155557 -0.678927 -0.0567842 -1.0321 2.04936 -0.0369348
8.905 -0.0398493 0.00245278 0.0300081 -0.0770073 0.0941846 0.0306947 -0.357929 0.0751623 0.0234084 -0.340729 -0.0513149 0.0119379
8.955 -0.100118 0.00347731 0.0703076 -0.118819 0.0433811 0.0710832 -0.689402 0.778874 0.0541439 1.14163 -2.12732 0.0317278
9.005 -0.0843602 0.00421307 -0.0282642 -0.0808872 -0.0134429 -0.0274941 -1.14622 1.27662 -0.0229682 2.02079 -3.32567 -0.00406468
9.055 0.0683016 0.00460743 -0.0711039 0.0941809 -0.0683785 -0.0699509 -1.25091 1.46071 -0.0565154 2.37296 -3.14045 -0.0195894
9.105 0.110598 0.00462005 0.0251744 0.153794 -0.113806 0.026687 -0.667437 1.295 0.0192055 1.67835 -1.61401 0.0158369
9.155 -0.0459371 0.00426729 0.0704496 0.00826964 -0.14345 0.0711332 -0.465342 0.823028 0.0588718 0.133304 0.676576 0.0322185
9.205 0.226527 0.0035804 -0.0202653 0.282909 -0.153328 -0.0197452 0.240322 0.15765 -0.0129983 -0.635199 2.84269 -0.0105854
9.255 0.0627187 0.00261405 -0.0694055 0.11134 -0.142296 -0.0692351 0.187646 -0.544508 -0.0551258 -1.45685 4.0302 -0.0384478
9.305 0.0463397 0.00145533 0.0156978 0.0785395 -0.112198 0.0153698 0.518376 -1.11847 0.0138244 -1.62085 3.75362 -0.000523566
9.355 -0.0794356 8.31595e-05 0.0689541 -0.0758457 -0.0678883 0.0667987 0.828419 -1.42822 0.0580515 -0.907976 2.08768 0.0278285
9.405 0.145713 -0.00142081 -0.00974461 0.134952 -0.0154627 -0.0090425 0.838656 -1.39767 -0.0106611 0.359106 -0.358397 -0.00572936
9.455 0.0599712 -0.00213685 -0.0726096 0.0135348 0.0375649 -0.0748302 0.858664 -1.02801 -0.0601923 1.12102 -2.67418 -0.0271879
9.505 -0.0195741 -0.00323418 0.00902208 -0.080466 0.0827767 0.00752456 0.435699 -0.397737 0.00270633 1.26525 -3.99902 0.0100387
9.555 0.0298734 -0.00420098 0.0698495 -0.0514879 0.114022 0.071772 0.320674 0.354679 0.0531761 1.26696 -3.85349 0.0351668
9.605 -0.0726918 -0.00441663 -0.00429386 -0.134263 0.126874 -0.00836184 -0.480042 1.06156 -0.00551245 0.453973 -2.32279 6.76807e-05
9.655 0.174264 -0.00459214 -0.0694475 0.089486 0.120193 -0.0695199 -0.369065 1.56313 -0.0586524 -0.441948 -0.02086 -0.0314789
9.705 -0.0172251 -0.0042415 -3.55592e-05 -0.0755584 0.0946469 0.00089719 -0.58862 1.74431 -0.000617271 -1.68565 2.15078 -0.00533983
9.755 0.0115729 -0.00361041 0.0703804 -0.0257489 0.054602 0.0715297 -0.619861 1.55947 0.059491 -2.43069 3.35474 0.0252648
9.805 -0.0282874 -0.0027051 0.00467891 -0.0371939 0.0062115 0.00595156 -0.341439 1.04381 0.00810088 -1.94081 3.14426 -0.00057058
9.855 -0.198158 -0.00147705 -0.0672695 -0.175789 -0.0429658 -0.0634771 -0.525397 0.305236 -0.0518877 -1.24813 1.63518 -0.0311324
9.905 -0.144905 -0.000206427 -0.00720925 -0.0970688 -0.0855804 -0.00574214 0.0530657 -0.498828 -0.00290265 0.245525 -0.542786 -0.00201307
9.955 -0.0313306 0.00109 0.0668208 0.0357706 -0.114936 0.0673266 0.404673 -1.19669 0.0579772 1.91374 -2.49546 0.0332966
10.005 0.0971829 0.00234585 0.0118504 0.176922 -0.12645 0.0120352 0.770421 -1.63999 0.0101758 2.41675 -3.41761 0.0072817
10.055 -0.0137623 0.0033154 -0.0682344 0.066649 -0.118207 -0.0678158 0.922756 -1.73626 -0.0554526 2.12132 -2.91184 -0.027959
10.105 -0.166597 0.00429333 -0.0147245 -0.0776278 -0.0910789 -0.0183556 0.570716 -1.4699 -0.0137215 0.93778 -1.14751 -0.00585664
10.155 -0.0527214 0.00491946 0.0642016 -0.00399528 -0.0488704 0.0646471 0.12257 -0.905158 0.0495029 0.138222 1.20235 0.0271592
10.205 -0.0098988 0.0052253 0.0192881 0.023839 0.00232029 0.0187693 -0.357516 -0.170773 0.0114612 -0.755984 3.2221 0.00804069
10.255 0.0156567 0.00518618 -0.0640934 0.0197802 0.0551176 -0.0654351 -0.610882 0.568298 -0.0536678 -1.40303 4.11079 -0.0264861
10.305 -0.030122 0.00481944 -0.020704 -0.0492697 0.101794 -0.0220735 -0.674685 1.14767 -0.0186771 -1.48244 3.49631 -0.00786968
10.355 -0.106606 0.00414293 0.0627931 -0.145613 0.135458 0.0618053 -0.978796 1.44066 0.0520021 -0.865061 1.58337 0.0285044
10.405 -0.000796453 0.00323338 0.026419 -0.0672303 0.151086 0.0337668 -0.739546 1.38648 0.0243999 0.296922 -0.923049 0.0116261
10.455 -0.133951 0.00208089 -0.0606075 -0.183325 0.146157 -0.0560674 -0.817573 1.0033 -0.0444449 1.10714 -3.08857 -0.028171
10.505 -0.0687393 0.000808069 -0.028663 -0.118408 0.121117 -0.0276822 -0.335881 0.383807 -0.0182611 1.5392 -4.10961 -0.0152879
10.555 0.0670005 -0.000513777 0.058681 0.0311458 0.0793177 0.0590936 0.323543 -0.325542 0.0505214 1.50567 -3.62368 0.0217075
10.605 0.0980022 -0.00180001 0.0313742 0.0826594 0.0265018 0.0326214 0.682839 -0.958034 0.026528 0.44968 -1.84682 0.0104121
10.655 0.00844032 -0.00296939 -0.056631 0.0141251 -0.0299962 -0.0553632 0.97648 -1.36448 -0.0466079 -1.12318 0.513243 -0.0239637
10.705 0.0840644 -0.00394917 -0.0350171 0.110737 -0.0823149 -0.0337421 1.02554 -1.44688 -0.0303214 -1.99449 2.53472 -0.0118867
10.755 0.263732 -0.00467302 0.0534392 0.305892 -0.123198 0.0544894 1.05696 -1.18061 0.0387291 -2.06781 3.44212 0.0267801
10.805 0.0997312 -0.00495394 0.0359773 0.139224 -0.146903 0.0373244 0.545674 -0.620899 0.0246479 -1.86656 2.90735 0.0191878
10.855 -0.101219 -0.00519355 -0.0511464 -0.0631913 -0.150643 -0.0489071 -0.0212575 0.110114 -0.0453365 -1.03871 1.17552 -0.0203297
10.905 0.0447905 -0.00496547 -0.0378262 0.0862189 -0.133915 -0.0381659 -0.231438 0.849997 -0.0337279 0.580812 -1.03487 -0.01889
10.955 -0.0207103 -0.00443444 0.0415709 0.00616283 -0.0994236 0.0425584 -0.734364 1.43253 0.0398204 1.80379 -2.81656 0.0173745
11.005 0.275007 -0.00360981 0.0396789 0.274914 -0.0523029 0.0393881 -0.577818 1.72474 0.0367116 2.40935 -3.43238 0.0137577
11.055 -0.0182889 -0.00255007 -0.0452935 -0.039002 0.000414341 -0.0466839 -0.466506 1.6571 -0.0342049 1.93363 -2.60729 -0.0226633
11.105 -0.0197257 -0.00134713 -0.043205 -0.0658456 0.0510718 -0.0448266 -0.413172 1.23886 -0.0313457 0.645315 -0.638823 -0.0181403
11.155 0.0604429 -0.000136703 0.0437517 0.00118448 0.0923015 0.0400409 -0.165662 0.556729 0.0391287 0.0401064 1.7165 0.0225765
11.205 -0.0614002 0.00119517 0.0460699 -0.125 0.118346 0.053499 -0.270715 -0.244374 0.0397705 -0.988808 3.53779 0.0246957
11.255 -0.141092 0.00230276 -0.0405426 -0.222991 0.12558 -0.0364196 0.256963 -0.993228 -0.0308378 -1.72785 4.09933 -0.0127189
11.305 -0.108623 0.00325865 -0.0476318 -0.174647 0.113166 -0.047142 0.541134 -1.53034 -0.03829 -1.32014 3.15539 -0.0183542
11.355 -0.136833 0.00394512 0.0376176 -0.186829 0.0832911 0.0380297 0.382961 -1.74289 0.0292141 -0.475732 1.03845 0.0131813
11.405 -0.0754453 0.00432302 0.0481902 -0.100659 0.0406539 0.0492342 0.566521 -1.58976 0.0361048 0.52916 -1.4672 0.0163884
11.455 -0.150891 0.0043647 -0.0351604 -0.148668 -0.00815296 -0.0335311 0.214994 -1.11019 -0.0301843 1.31558 -3.42773 -0.0201892
11.505 -0.0453697 0.0040642 -0.0501199 -0.0147056 -0.0556291 -0.0488417 0.0413221 -0.41475 -0.0427193 1.57849 -4.11979 -0.0257314
11.555 -0.100972 0.00344387 0.03102 -0.0462961 -0.0944819 0.0321991 -0.233808 0.339584 0.024313 1.12735 -3.30854 0.013261
11.605 -0.0156993 0.00255605 0.0503897 0.0562903 -0.118695 0.0512441 -0.567762 0.984671 0.0414182 0.0328125 -1.33542 0.0258347
11.655 -0.0615851 0.00146499 -0.0298716 0.0174567 -0.124425 -0.0297585 -0.810362 1.37867 -0.0213758 -1.131 1.01806 -0.0077399
11.705 -0.11468 0.000256726 -0.0533924 -0.0370371 -0.11057 -0.0539617 -0.81501 1.43776 -0.0403425 -2.13255 2.83657 -0.0182952
11.755 -0.143938 -0.000976213 0.0251826 -0.0783273 -0.0789338 0.024427 -0.608219 1.15443 0.0221256 -2.294 3.42794 0.0124256
11.805 -0.0789814 -0.00203566 0.053546 -0.0265723 -0.0338681 0.0516383 -0.495546 0.598974 0.0447168 -1.55843 2.59122 0.0200975
11.855 0.116498 -0.00307605 -0.0253083 0.137834 0.0178636 -0.0259335 0.144219 -0.0967164 -0.016425 -0.142903 0.691708 -0.0144593
11.905 0.112407 -0.00383324 -0.0546531 0.105709 0.0690131 -0.0555422 0.60568 -0.769086 -0.0425639 1.06258 -1.48583 -0.0276156
11.955 0.199268 -0.00425752 0.0205518 0.174613 0.111964 0.0191029 1.06481 -1.25999 0.0147582 1.97445 -3.04791 0.00568194
12.005 -0.0346236 -0.00435764 0.0548095 -0.0802474 0.140392 0.0537973 1.08835 -1.4524 0.0427311 2.01215 -3.34543 0.02527
12.055 0.0329849 -0.00409935 -0.0158017 -0.0200168 0.14996 -0.0164998 0.791427 -1.29695 -0.0134825 1.49924 -2.23044 -0.00116256
12.105 0.0782232 -0.00350765 -0.0541654 0.0220485 0.139055 -0.0543186 0.588915 -0.823484 -0.0473115 0.931964 -0.116702 -0.0171002
12.155 -0.0172805 -0.00262307 0.0128778 -0.063224 0.108993 0.0133854 0.0253712 -0.134377 0.00751034 -0.373115 2.17996 0.00979958
12.205 -0.0066698 -0.00151842 0.0554333 -0.0380553 0.0638287 0.0565599 -0.194294 0.617999 0.0431242 -1.32165 3.75913 0.0243666
12.255 -0.00237635 -0.000275591 -0.00926958 -0.0138149 0.00979996 -0.00803115 -0.525421 1.26524 -0.00841997 -1.55091 3.98759 -0.00892425
12.305 0.165643 0.00101529 -0.0543212 0.176882 -0.045582 -0.0533377 -0.479505 1.66071 -0.0453563 -1.07267 2.74761 -0.0316459
12.355 0.142823 0.00225768 0.00644594 0.17326 -0.094621 0.00813065 -0.474963 1.7122 0.00589472 -0.12763 0.485384 -0.00448756
12.405 0.0654878 0.00335819 0.0548174 0.110695 -0.130539 0.0559491 -0.593608 1.40295 0.045546 0.652665 -1.95947 0.0196357
12.455 0.0078506 0.00407967 -1.78102e-05 0.0652143 -0.14865 -0.00210998 -0.346287 0.795491 -0.000873288 1.27179 -3.6774 -0.000275116
12.505 -0.10473 0.00484521 -0.0552509 -0.0405051 -0.146132 -0.0449519 -0.344463 0.0182299 -0.0426572 1.38599 -4.03897 -0.0171102
12.555 0.0223788 0.00503561 0.000226322 0.0539642 -0.123965 0.00521242 0.284002 -0.763081 0.00211198 0.844106 -2.93612 0.00861765
12.605 -0.0694669 0.00497851 0.0533705 -0.0469171 -0.0856248 0.0525089 0.505027 -1.38174 0.0446792 -0.340862 -0.820717 0.030579
12.655 -0.104006 0.00455067 0.00085305 -0.107407 -0.0367237 -0.00129747 0.620655 -1.70704 0.00247965 -1.49537 1.47416 0.00343924
12.705 -0.115363 0.00383263 -0.0540202 -0.142572 0.0155193 -0.0558257 0.661572 -1.67286 -0.0433437 -2.18579 3.05984 -0.0267175
12.755 -0.0895328 0.00286974 -0.00501751 -0.139223 0.0635067 -0.00639033 0.307406 -1.29236 -0.00553717 -1.99067 3.33801 -0.0100121
12.805 -0.0531917 0.00172267 0.0536453 -0.120024 0.100334 0.0525717 0.170028 -0.654238 0.0418369 -1.12549 2.23175 0.0146215
12.855 0.0894612 0.000473958 0.00879292 0.0135314 0.1208 0.00826128 -0.129122 0.0966054 0.0060857 0.108276 0.212101 -0.00257595
12.905 0.0518509 -0.000797104 -0.0526951 -0.0231995 0.122153 -0.0528446 -0.376766 0.79249 -0.0435768 1.33263 -1.8893 -0.0224522
12.955 -0.0379751 -0.00186474 -0.012887 -0.100437 0.104656 -0.0114715 -0.75303 1.27951 -0.0094669 1.7749 -3.20968 0.000724942
13.005 0.0119944 -0.00293988 0.050557 -0.0335259 0.0708194 0.0522692 -0.852202 1.45243 0.0411925 1.98465 -3.19504 0.0306226
13.055 0.082967 -0.00381184 0.0134605 0.0622019 0.0262688 0.0152125 -0.862903 1.2778 0.0123246 1.69187 -1.82055 0.0139378
13.105 0.115257 -0.00439162 -0.0504435 0.121244 -0.0222539 -0.0490443 -0.540022 0.801076 -0.0391581 0.629537 0.396969 -0.0169843
13.155 0.10513 -0.00468508 -0.0162251 0.13855 -0.0672515 -0.0150821 0.0323558 0.136288 -0.0111137 -0.583823 2.59883 -0.00864804
13.205 0.00766333 -0.00467123 0.0482687 0.0634989 -0.10181 0.0495143 0.296142 -0.56013 0.0411826 -1.39126 3.91837 0.014346
13.255 0.113516 -0.00435593 0.0168601 0.184797 -0.120555 0.0170847 0.754954 -1.12444 0.0166193 -1.53628 3.81999 -0.000380952
13.305 0.102121 -0.003767 -0.0471707 0.179356 -0.120452 -0.0464863 0.81184 -1.42307 -0.0375396 -0.844055 2.30999 -0.0280583
13.355 0.0206853 -0.00294314 -0.0207656 0.0950321 -0.101262 -0.0207939 0.850914 -1.38237 -0.0181707 -0.0704564 -0.0626278 -0.0127183
13.405 0.0791612 -0.00194361 0.044108 0.140096 -0.0655917 0.0429521 0.677399 -1.00581 0.0343069 0.818838 -2.41628 0.0220129
13.455 -0.11706 -0.00122193 0.0227128 -0.070616 -0.0186719 0.0228965 0.21767 -0.37362 0.016596 1.34164 -3.87599 0.0153047
13.505 -0.0835494 0.000121137 -0.0412676 -0.0742306 0.0331982 -0.0351723 -0.053681 0.375274 -0.0393266 1.16938 -3.91066 -0.011899
13.555 -0.0361432 0.0013177 -0.019367 -0.0329888 0.0817835 -0.0228289 -0.430425 1.0739 -0.022743 0.659274 -2.53604 -0.00514349
13.605 -0.0700067 0.00219365 0.0434427 -0.102219 0.120631 0.0393534 -0.751022 1.56451 0.0316024 -0.567341 -0.306138 0.0198868
13.655 -0.126602 0.00302701 0.0277005 -0.167125 0.143453 0.0259651 -0.706825 1.73413 0.0229966 -1.75135 1.90461 0.00907257
13.705 -0.0138914 0.00355922 -0.0414007 -0.0648326 0.146952 -0.041419 -0.575962 1.53988 -0.0311056 -2.12233 3.24299 -0.020818
13.755 0.0774638 0.00379871 -0.0291657 0.0284371 0.130283 -0.0288098 -0.298557 1.01878 -0.0212478 -1.7077 3.20885 -0.0172292
13.805 -0.042713 0.00376788 0.0396737 -0.0820496 0.0956414 0.0404442 -0.0528817 0.280118 0.0336758 -1.12782 1.84817 0.0141804
13.855 -0.0573075 0.00343919 0.0314775 -0.0800501 0.0477369 0.0328191 0.316873 -0.518865 0.0279499 0.0723303 -0.268055 0.014701
13.905 -0.107345 0.00286797 -0.0368195 -0.111086 -0.00677684 -0.0349627 0.511504 -1.20733 -0.026909 1.36569 -2.2701 -0.0133238
13.955 -0.134758 0.00204604 -0.0352836 -0.118023 -0.0603772 -0.033837 0.401226 -1.63951 -0.0259636 2.06248 -3.33381 -0.0114232
14.005 -0.073505 0.00104972 0.0312541 -0.0393733 -0.105599 0.0326104 0.647079 -1.7251 0.0274473 2.21306 -3.00583 0.017038
14.055 -0.170452 0.000217036 0.0327686 -0.124269 -0.136103 0.0355086 0.379796 -1.45119 0.0254792 1.32747 -1.38543 0.0141967
14.105 0.0366651 -0.00101476 -0.0333193 0.0716722 -0.147849 -0.0305887 0.315287 -0.882652 -0.0294189 0.341783 0.912247 -0.0163826
14.155 0.0471395 -0.00197396 -0.0373115 0.0978241 -0.139629 -0.0361616 0.0394363 -0.149592 -0.0314806 -0.621157 2.99342 -0.0173089
14.205 0.0935128 -0.00286369 0.0302349 0.123097 -0.112611 0.0298632 -0.367954 0.5832 0.0224401 -1.42021 4.03472 0.0107295
14.255 0.136067 -0.00351585 0.0370965 0.147812 -0.0710338 0.0359715 -0.491845 1.15324 0.029515 -1.24452 3.60561 0.0159109
14.305 -0.0213528 -0.00390376 -0.0293595 -0.032573 -0.0210783 -0.0308361 -0.98947 1.43601 -0.0204924 -0.872968 1.83871 -0.00959971
14.355 -0.0586755 -0.00399322 -0.0375252 -0.0940224 0.0299533 -0.0390793 -0.986887 1.3731 -0.0283063 0.0425637 -0.617538 -0.0148608
14.405 -0.0307515 -0.00375295 0.0257174 -0.086132 0.0746605 0.0248565 -0.746693 0.984481 0.0242331 1.11163 -2.8489 0.0118322
14.455 0.105457 -0.00319977 0.0384521 0.0353759 0.106646 0.0374035 -0.343296 0.364258 0.0362474 1.59854 -4.0262 0.0172096
14.505 0.0677082 -0.00236818 -0.0226873 -0.00860103 0.121436 -0.023384 0.253891 -0.341291 -0.0157765 1.25792 -3.7266 -0.0125404
14.555 0.19208 -0.00131126 -0.0383584 0.119196 0.117137 -0.0382434 0.840391 -0.966029 -0.0315893 0.389253 -2.09402 -0.0201109
14.605 0.0967542 -9.86945e-05 0.0218919 0.0370704 0.0946807 0.0219872 0.930303 -1.36253 0.016124 -0.838406 0.21922 0.00845362
14.655 0.046027 0.00117136 0.043168 0.00733359 0.0576906 0.0442655 0.799503 -1.43508 0.0305139 -1.83611 2.30895 0.0180842
14.705 0.00313088 0.00239985 -0.0172027 -0.00976537 0.0119226 -0.015634 0.762828 -1.16155 -0.0192758 -2.25988 3.3716 -0.00529284
14.755 -0.055095 0.00289662 -0.0457702 -0.0476396 -0.0359912 -0.0474576 0.268953 -0.598597 -0.038154 -1.83721 3.01754 -0.0135625
14.805 -0.0154364 0.00399557 0.0207745 0.0154256 -0.0776376 0.0147822 0.122949 0.130633 0.00883414 -0.796032 1.42014 0.0104142
14.855 -0.0158911 0.00471138 0.0453567 0.0460999 -0.107603 0.0467298 -0.222322 0.864297 0.0310813 0.461529 -0.75518 0.0189539
14.905 0.011849 0.0049868 -0.0150429 0.0864839 -0.120669 -0.0135738 -0.383917 1.43725 -0.0127782 1.53787 -2.61505 -0.00782191
14.955 0.0171409 0.00490624 -0.0437638 0.0933353 -0.114854 -0.0435387 -0.549774 1.71897 -0.0324675 2.08348 -3.39128 -0.0235544
15.005 -0.0842708 0.00450239 0.0114937 -0.0135047 -0.0907357 0.0108769 -0.695462 1.64091 0.0125999 1.83911 -2.74536 0.000873293
15.055 -0.143075 0.00376831 0.0424743 -0.0866773 -0.0516535 0.0410406 -0.616696 1.21609 0.0387424 1.04298 -0.903654 0.0163741
15.105 -0.0358433 0.00276584 -0.00815911 -0.000344625 -0.00320585 -0.00970909 -0.310273 0.532124 -0.00351165 0.164562 1.42727 -0.00451092
15.155 -0.00178056 0.00156728 -0.0420599 0.00945676 0.0475997 -0.0437906 0.0798066 -0.266024 -0.0316059 -0.756618 3.33805 -0.0159486
15.205 -0.0436407 0.000260891 0.0065857 -0.0564042 0.0933419 0.00485419 0.537811 -1.00738 0.00852573 -1.49208 4.06828 0.00777113
15.255 -0.0183236 -0.0010477 0.0431976 -0.0505023 0.127279 0.0416811 0.846955 -1.53433 0.0349761 -1.38356 3.30694 0.0218941
15.305 -0.0676413 -0.00226003 -0.00423749 -0.113727 0.144332 -0.00512757 0.663233 -1.73599 -0.00489345 -0.589307 1.31668 -0.000869225
15.355 -0.0189268 -0.00330836 -0.0426327 -0.0702953 0.141798 -0.0429026 0.560738 -1.57396 -0.0372103 0.415681 -1.16813 -0.0199342
15.405 -0.0957559 -0.00413855 0.00286467 -0.144032 0.119781 0.00328797 0.266801 -1.08842 -0.00119335 1.25242 -3.22089 -0.00319899
15.455 -0.0694162 -0.00436405 0.0425609 -0.105659 0.0815642 0.0447106 -0.212855 -0.392532 0.0317276 1.42259 -4.0821 0.014763
15.505 0.0191508 -0.00458783 -0.000225972 -0.0075117 0.0316697 0.00201677 -0.414461 0.357556 -0.000989596 1.16536 -3.45148 -0.00121413
15.555 0.188365 -0.00455312 -0.0415886 0.191259 -0.022548 -0.0396042 -0.563009 0.9945 -0.0340184 0.340439 -1.60061 -0.0171412
15.605 0.0548944 -0.00418923 -0.00160716 0.0728573 -0.0736274 0.000424437 -0.765313 1.3783 -0.000843487 -1.02561 0.735194 0.00255794
15.655 -0.101935 -0.00350313 0.0424946 -0.066997 -0.114404 0.0443163 -0.837924 1.42744 0.0360203 -2.21253 2.64601 0.0224339
15.705 0.0293136 -0.00261247 0.00526976 0.0749868 -0.13937 0.00636334 -0.689042 1.13678 0.00637165 -2.18869 3.40203 0.00439204
15.755 0.0888831 -0.00157778 -0.0408305 0.13634 -0.145213 -0.0401915 -0.564738 0.578254 -0.0308114 -1.37899 2.73683 -0.0186529
15.805 0.191354 -0.000484439 -0.00813061 0.232784 -0.131367 -0.00833529 0.1406 -0.115469 -0.00465366 -0.353718 0.948202 -0.00630938
15.855 0.0150751 0.000596099 0.0400545 0.0430335 -0.10009 0.0391626 0.511896 -0.781294 0.0324322 0.609047 -1.22241 0.0119571
15.905 -0.0448537 0.00159659 0.00913549 -0.0366499 -0.0560928 0.00815587 0.673739 -1.26261 0.00606695 1.51583 -2.88383 -0.000499442
15.955 0.0470403 0.0024896 -0.0394406 0.0330709 -0.00585476 -0.0409368 0.837902 -1.44439 -0.0339823 2.14116 -3.34752 -0.0173429
16.005 0.107511 0.0031889 -0.0106415 0.0710432 0.0432633 -0.0123027 0.761339 -1.27984 -0.0122687 2.00728 -2.39989 -0.00183794
16.055 -0.0117235 0.0026744 0.0332602 -0.0854296 0.0834381 0.0358436 0.668108 -0.800756 0.0283317 0.928699 -0.388647 0.0221725
16.105 0.00443085 0.0035731 0.0132433 -0.0433321 0.110329 0.0159711 0.48231 -0.110986 0.00850917 -0.282631 1.9109 0.0120335
16.155 0.0132585 0.00310901 -0.0348032 -0.0618466 0.119554 -0.0357565 0.0251638 0.63666 -0.0319161 -1.1623 3.59816 -0.0135025
16.205 -0.0432954 0.00300453 -0.013498 -0.117556 0.1101 -0.0109755 -0.478432 1.27489 -0.0128284 -1.54655 3.99851 -0.00739102
16.255 -0.0925063 0.00248572 0.0332933 -0.141693 0.0833169 0.0337019 -0.689026 1.65954 0.0298736 -1.21893 2.92797 0.0105632
16.305 -0.0184796 0.00170676 0.0167396 -0.0482027 0.0438187 0.0176862 -0.709445 1.69889 0.0151268 -0.344896 0.767813 -9.34669e-05
16.355 -0.0368423 0.00080675 -0.0343873 -0.0430857 -0.00237096 -0.0326388 -0.490134 1.38107 -0.0272268 0.65098 -1.68121 -0.0206854
16.405 0.0871716 0.000190809 -0.0195881 0.106659 -0.0479651 -0.0161742 -0.168575 0.769251 -0.0137318 1.35762 -3.50819 -0.00929133
16.455 -0.0317344 -0.00094146 0.032643 0.0178967 -0.0861102 0.0332677 0.0411828 -0.00671005 0.028511 1.44843 -4.04033 0.0179586
16.505 -0.0834943 -0.00190447 0.0202264 -0.028118 -0.111029 0.0203076 0.224127 -0.781769 0.0177376 0.708382 -3.10449 0.0157302
16.555 -0.0681049 -0.00271281 -0.0419132 -0.0168262 -0.11862 -0.023982 0.581084 -1.39012 -0.0257486 -0.147537 -1.08867 -0.00549034
16.605 -0.00226577 -0.00329195 -0.0275388 0.0723763 -0.107294 -0.0256595 0.678028 -1.7037 -0.0179273 -1.12721 1.2123 -0.00531198
16.655 0.00279002 -0.00366362 0.0323858 0.0694633 -0.0789292 0.0336016 0.590518 -1.65878 0.0255648 -2.00947 2.90471 0.0118781
16.705 0.140466 -0.00376245 0.0241326 0.18815 -0.0370578 0.0235143 0.545035 -1.27039 0.0175578 -1.93005 3.34799 0.00472885
16.755 0.0569397 -0.00350301 -0.0301654 0.0835743 0.0119404 -0.0321831 0.0479898 -0.629922 -0.0248623 -1.40825 2.39987 -0.0224407
16.805 -0.00423129 -0.00299682 -0.0250638 -0.000337954 0.0611254 -0.0272973 -0.372175 0.118267 -0.0194875 -0.425211 0.469585 -0.0197219
16.855 -0.00497859 -0.00226355 0.0274673 -0.0232581 0.103206 0.025547 -0.67703 0.806305 0.022461 0.941422 -1.64667 0.00842593
16.905 -0.0395141 -0.00133098 0.0264209 -0.0752547 0.131986 0.0248335 -1.05782 1.28265 0.0202724 1.88339 -3.07985 0.0130916
16.955 0.0561917 -0.000230434 -0.0257635 0.00933302 0.14314 -0.0268371 -1.02018 1.44466 -0.0207887 2.24596 -3.23221 -0.00456097
17.005 0.0610162 0.00087995 -0.0269672 0.0116546 0.134757 -0.0271871 -0.727443 1.26114 -0.0209231 1.81093 -2.01283 -0.00192988
17.055 0.0759198 0.00196255 0.0247194 0.0318253 0.107828 0.0252327 -0.370354 0.779485 0.0208357 0.636841 0.122584 0.0185944
17.105 0.0868435 0.00292756 0.0285101 0.0553647 0.0659705 0.0296316 0.133959 0.115036 0.0240306 -0.454094 2.34848 0.0154865
17.155 -0.0937616 0.00424883 -0.0324333 -0.129178 0.0151143 -0.0246292 0.282401 -0.575645 -0.0168513 -1.4337 3.79038 -0.0120786
17.205 -0.0807085 0.00466524 -0.0306707 -0.0719679 -0.0376914 -0.0299794 0.527786 -1.13085 -0.0227666 -1.53489 3.86613 -0.0193043
17.255 -0.101727 0.00496711 0.0233092 -0.0769101 -0.0854687 0.0240423 0.682282 -1.41831 0.0170601 -0.973233 2.51558 0.000773784
17.305 -0.0922116 0.00493843 0.0309617 -0.0554052 -0.121402 0.0323735 0.684697 -1.36748 0.0224672 -0.151098 0.226088 0.00797591
17.355 0.00312736 0.00450149 -0.0202344 0.0644349 -0.140635 -0.0178457 0.845029 -0.98418 -0.0169963 0.837799 -2.15248 -0.00961762
17.405 0.126268 0.00381238 -0.0325516 0.167939 -0.140496 -0.0317448 0.559932 -0.349685 -0.0267333 1.47543 -3.73621 -0.0096883
17.455 -0.00585018 0.00258097 0.0154602 0.0274593 -0.121772 0.0123437 0.317752 0.395709 0.0117755 1.35309 -3.94636 0.0141382
17.505 0.00296961 0.00139575 0.0242782 0.0249806 -0.0867759 0.0249145 -0.0929698 1.08614 0.0229915 0.587696 -2.73038 0.0194525
17.555 -0.0852443 0.000191576 -0.0174474 -0.0822079 -0.0410418 -0.0179506 -0.531864 1.56574 -0.0131232 -0.419386 -0.582794 -0.00421132
17.605 -0.0835743 -0.00104829 -0.0308197 -0.105921 0.00865211 -0.0322184 -0.792763 1.72389 -0.0262349 -1.50442 1.65407 -0.015245
17.655 -0.0278298 -0.00236203 0.014558 -0.0684513 0.0550414 0.0142981 -0.586104 1.52012 0.0121737 -2.00138 3.11536 0.000804688
17.705 0.0291303 -0.00328115 0.0329918 -0.0295972 0.0914848 0.033572 -0.451297 0.994063 0.0293601 -1.93188 3.25215 0.0080149
17.755 0.0603996 -0.00410555 -0.0117665 -0.00740919 0.112945 -0.0130443 -0.0489789 0.255645 -0.00568452 -1.22482 2.04317 -0.00972288
17.805 0.0622821 -0.00460941 -0.0329107 -0.0084449 0.116347 -0.0336996 0.443834 -0.538526 -0.0231766 -0.0497264 -0.000838598 -0.0154011
17.855 0.0823952 -0.00482212 0.0101509 0.0202473 0.101558 0.0104648 0.542409 -1.21748 0.0105951 1.26046 -2.03897 0.00646412
17.905 -0.0636839 -0.00469599 0.0336253 -0.110529 0.0710833 0.0347192 0.513479 -1.63814 0.0277985 1.95632 -3.23323 0.0185516
17.955 -0.0122855 -0.00419217 -0.00653582 -0.0364947 0.0297405 -0.00479543 0.554359 -1.71309 -0.00704644 2.09631 -3.07924 0.000623583
18.005 -0.032552 -0.00318873 -0.0402853 -0.0516278 -0.0158816 -0.0415904 0.280327 -1.43105 -0.0287364 1.56029 -1.60738 -0.0117161
18.055 0.00645637 -0.00249825 0.000846262 0.0398866 -0.0591749 0.0150418 0.00472059 -0.859442 0.00269528 0.450092 0.626258 0.00284746
18.105 0.0522298 -0.00136733 0.0330667 0.0963106 -0.0933503 0.0392158 -0.0711161 -0.128265 0.0240643 -0.677221 2.75493 0.0125607
18.155 0.0311162 -0.000340641 -0.00507669 0.0928931 -0.112866 -0.00311573 -0.534408 0.597961 -0.00639456 -1.45654 3.93798 -0.00365261
18.205 -0.0868467 0.000769387 -0.0319168 -0.0212365 -0.11473 -0.0296563 -0.794274 1.15805 -0.0278166 -1.47133 3.69146 -0.015504
18.255 -0.00126607 0.00175323 0.00199652 0.0722938 -0.0983533 0.00173592 -0.827021 1.43059 0.00251979 -0.831325 2.07766 0.00171983
18.305 -0.00576122 0.00257655 0.031856 0.056153 -0.0659736 0.0304707 -0.922433 1.35867 0.0290837 0.195472 -0.314821 0.0168252
18.355 0.0495627 0.0032283 -0.001924 0.0944138 -0.0221161 -0.00320187 -0.65399 0.964628 0.00236591 1.0132 -2.59578 0.00204085
18.405 -0.00811935 0.00356657 -0.0353335 0.011471 0.026757 -0.0354218 -0.180913 0.34367 -0.0232697 1.30046 -3.91833 -0.0136372
18.455 -0.0642368 0.00363072 -0.00152561 -0.0612263 0.0736443 -0.00301599 0.0676958 -0.357378 0.0022447 1.09473 -3.80286 -0.00166965
18.505 0.0858149 0.00341779 0.0328079 0.0666712 0.111604 0.0309088 0.577129 -0.974019 0.0281266 0.545645 -2.32222 0.0106161
18.555 -0.0825659 0.00298657 0.00379961 -0.107614 0.135081 0.00775256 0.793272 -1.36055 0.00187954 -0.611721 -0.0708778 -0.00264872
18.605 -0.0177692 0.00232978 -0.0315014 -0.064579 0.140347 -0.0295288 1.04785 -1.42305 -0.0277525 -1.65973 2.07059 -0.016425
18.655 0.0298482 0.00161696 -0.00394703 -0.0159698 0.126643 -0.00300642 1.00813 -1.14248 -0.00736489 -1.98334 3.27707 -0.00190359
18.705 -0.042804 0.000706226 0.0322607 -0.085677 0.0953676 0.0324189 0.489304 -0.576554 0.0212847 -1.89312 3.10159 0.0156961
18.755 0.0319806 -0.000282497 0.00628519 0.0053481 0.0509503 0.00735436 0.33431 0.151022 0.000451432 -0.941503 1.64651 0.00632827
18.805 0.0185961 -0.00120011 -0.0302444 0.00822412 -0.000492179 -0.0285596 -0.156059 0.878003 -0.0288555 0.291073 -0.479233 -0.0100824
18.855 0.0341713 -0.00232912 -0.00481747 0.0361328 -0.0521213 -0.00465315 -0.488436 1.44118 -0.00751433 1.40186 -2.4016 -0.00220184
18.905 -0.0319348 -0.00291073 0.0248701 -0.00636567 -0.096239 0.0283349 -0.638405 1.71181 0.0250298 1.96348 -3.32832 0.0120808
18.955 0.0490511 -0.00336078 0.00628357 0.0828822 -0.127075 0.00837053 -0.734273 1.62477 0.0106693 2.05599 -2.8609 0.00118361
19.005 0.0420634 -0.00355569 -0.0295748 0.0850422 -0.14049 -0.0287707 -0.490909 1.19363 -0.0204548 1.38057 -1.15499 -0.0160091
19.055 0.0513309 -0.00350266 -0.0100716 0.0903847 -0.134811 -0.00995006 -0.173902 0.508193 -0.00514982 0.189281 1.13761 -0.00606417
19.105 0.00609196 -0.00328133 0.0266175 0.0280065 -0.111208 0.0291545 0.351716 -0.286496 0.0266866 -0.861014 3.12339 0.0133141
19.155 -0.0131375 -0.00270262 0.0128507 0.00234605 -0.0731419 0.0130262 0.32875 -1.0204 0.0122154 -1.42264 4.01442 0.00823813
19.205 -0.0569966 -0.00195209 -0.0275327 -0.0616799 -0.0264016 -0.0286909 0.521601 -1.53678 -0.0220093 -1.35303 3.43726 -0.00798733
19.255 -0.0386013 -0.00105161 -0.0128145 -0.066405 0.022159 -0.0146276 0.511183 -1.72777 -0.0119919 -0.688833 1.58352 -0.00287218
19.305 -0.0130275 -4.6754e-05 0.0270543 -0.0584892 0.0655046 0.0252437 0.470066 -1.55672 0.0192646 0.313417 -0.864959 0.0117559
19.355 0.0882797 0.00128773 0.0150005 0.0447248 0.0976466 0.0206707 0.28217 -1.06655 0.00892837 1.12676 -2.99562 0.00406533
19.405 0.0674344 0.00221415 -0.02525 -0.00928968 0.113732 -0.0272997 -0.0914677 -0.370438 -0.023731 1.41615 -4.01861 -0.014996
19.455 0.0406056 0.00309446 -0.0166303 -0.0302179 0.111792 -0.0194054 -0.445221 0.374831 -0.0142547 1.05271 -3.5708 -0.0106266
19.505 0.0017311 0.0037717 0.028008 -0.0562623 0.0923942 0.0305078 -0.679647 1.0038 0.0199108 0.211115 -1.85345 0.00924416
19.555 -0.0698346 0.00421358 0.0184283 -0.105128 0.0589082 0.02011 -0.930618 1.37707 0.0152803 -0.920467 0.448998 0.00842392
19.605 0.00240701 0.00447312 -0.0243476 -0.0136251 0.0164386 -0.0238717 -0.860613 1.41668 -0.0167849 -1.75178 2.43814 -0.00742377
19.655 0.0498874 0.00434743 -0.018112 0.0565608 -0.0285382 -0.0166364 -0.636091 1.11888 -0.0115187 -1.9591 3.35133 -0.00488291
19.705 0.016621 0.00399557 0.0225826 0.0494637 -0.0689233 0.0245422 -0.382596 0.557355 0.0207657 -1.74743 2.86013 0.0113881
19.755 -0.0688818 0.00324836 0.0212279 -0.0115898 -0.0986936 0.0262493 0.109764 -0.134355 0.0171316 -0.75302 1.19252 0.00727192
19.805 -0.0291335 0.00238096 -0.0215357 0.0343414 -0.112845 -0.0184701 0.496739 -0.793852 -0.0171226 0.525832 -0.957131 -0.0125909
19.855 -0.0286371 0.0013762 -0.020682 0.0415889 -0.109303 -0.0202084 0.691635 -1.26554 -0.0176206 1.65876 -2.70538 -0.0122283
19.905 -0.00640705 0.000237766 0.0191851 0.0607378 -0.088295 0.0185552 0.837351 -1.43671 0.0142889 2.17575 -3.32939 0.00696803
19.955 -0.0438328 -0.000917761 0.0209315 0.0115657 -0.0527186 0.0197036 0.819487 -1.2632 0.0141182 1.85667 -2.55142 0.0104943
20.005 0.0174897 -0.00178018 -0.0216676 0.0535087 -0.00736973 -0.021519 0.649459 -0.778878 -0.0181994 1.01673 -0.652035 -0.00403361
20.055 0.0696451 -0.00270461 -0.0212686 0.0884662 0.0406583 -0.0227831 0.465858 -0.0884629 -0.0199032 -0.0514329 1.63808 -0.00366525
20.105 -0.00501925 -0.00343247 0.0172534 -0.0153377 0.0846899 0.0136581 -0.0257232 0.654749 0.0124818 -1.015 3.42303 0.0121488
20.155 -0.0154394 -0.00409091 0.0152483 -0.0555083 0.1178 0.0256627 -0.290758 1.2843 0.0185134 -1.45683 3.99072 0.0105778
20.205 -0.039615 -0.00437266 -0.0211977 -0.0763168 0.135931 -0.0212835 -0.561318 1.65776 -0.0121065 -1.24098 3.0928 -0.0103106
20.255 -0.063008 -0.00433917 -0.0238789 -0.103432 0.135401 -0.0269396 -0.743646 1.68683 -0.01685 -0.473533 1.04452 -0.0167746
20.305 0.00407645 -0.00417637 0.0156416 -0.0428677 0.116356 0.0152375 -0.568847 1.36002 0.0127644 0.537648 -1.39714 -0.000534877
20.355 -0.00737153 -0.00353242 0.0248627 -0.0333448 0.08135 0.0259757 -0.329769 0.744425 0.0210903 1.17924 -3.32258 0.00533202
20.405 -0.0729293 -0.00267916 -0.0128229 -0.0960504 0.0351203 -0.0111333 -0.0413523 -0.0309963 -0.0092291 1.34529 -4.02177 -0.00555177
20.455 0.0117138 -0.00166053 -0.0245016 0.00564854 -0.0159878 -0.0226499 0.331349 -0.799595 -0.0187289 0.94529 -3.25638 -0.00541259
20.505 -0.0351767 -0.00044091 0.0121456 8.63903e-05 -0.0650002 0.0148915 0.508039 -1.39821 0.00975491 0.0440841 -1.34972 0.0131468
20.555 0.00452181 0.000679568 0.0267157 0.0441118 -0.104659 0.0311842 0.717977 -1.70016 0.0194865 -1.05657 0.944386 0.0178372
20.605 -0.0107838 0.00150113 -0.0090599 0.0235047 -0.130317 -0.00838447 0.663823 -1.64447 -0.00983901 -1.8877 2.73372 -0.00150594
20.655 -0.00620952 0.00241691 -0.0288119 -0.00548881 -0.138044 -0.0406224 0.326131 -1.24913 -0.0210666 -2.15676 3.33786 -0.0129882
20.705 -0.00333176 0.00296048 0.00996752 0.0489098 -0.126965 0.0101568 -0.00203283 -0.606306 0.00749611 -1.55662 2.55159 -0.00299574
20.755 -0.00756953 0.00333685 0.0266021 0.0178034 -0.0992295 0.0281987 -0.455037 0.138881 0.0200354 -0.377511 0.719262 0.00257022
20.805 0.032373 0.00340098 -0.00764239 0.0435098 -0.0588636 -0.00820155 -0.699473 0.820097 -0.00598379 0.86516 -1.40019 -0.00977778
20.855 0.0826058 0.0031852 -0.0258753 0.0746178 -0.011901 -0.0277478 -0.743266 1.28582 -0.0191738 1.89436 -2.93669 -0.0130189
20.905 0.0785229 0.00270922 0.00590082 0.0493894 0.034792 0.00382912 -0.795312 1.43711 0.00648028 2.18076 -3.25116 0.00705727
20.955 0.0711016 0.00201917 0.0259674 0.0244167 0.0744737 0.0241339 -0.640337 1.24474 0.0219985 1.70163 -2.18933 0.0195499
21.005 -0.0125735 0.00116545 -0.00431239 -0.0720128 0.10148 -0.00577026 -0.436273 0.758231 -0.00268955 0.684224 -0.143888 0.0064312
21.055 -0.0212368 0.000522652 -0.0250078 -0.0857383 0.11244 -0.0253087 -0.142037 0.0942799 -0.0199273 -0.356645 2.09501 -0.005816
21.105 0.0302956 -0.000380034 0.00427151 -0.0321789 0.105351 0.00441076 0.257819 -0.591007 0.00324307 -1.06868 3.64939 0.00162222
21.155 0.0645857 -0.00126381 0.0260584 0.0130998 0.0819952 0.0267045 0.602135 -1.13681 0.0207494 -1.35799 3.89488 0.00592484
21.205 0.0860239 -0.00201115 -0.00203825 0.0519565 0.0460429 -0.000757192 0.943109 -1.41347 -0.00189168 -1.0659 2.70579 -0.00939715
21.255 0.106314 -0.00257733 -0.0253361 0.0941245 0.00314321 -0.0235384 1.05156 -1.35274 -0.0223163 -0.267352 0.507959 -0.0193083
21.305 -0.000690441 -0.00326492 0.00141868 0.0147402 -0.0406075 0.00323424 0.809399 -0.962365 -0.00170227 0.555446 -1.88467 -0.00405326
21.355 -0.0852408 -0.00335717 0.0191382 -0.0559977 -0.077219 0.0242704 0.337648 -0.326019 0.0181907 1.1802 -3.58279 0.0121186
21.405 -0.0657423 -0.00312782 -0.00284846 -0.00897385 -0.102173 -0.00054197 -0.0830707 0.415952 -0.00111293 1.39087 -3.9632 0.00565347
21.455 -0.00502711 -0.00278123 -0.0255738 0.055512 -0.110986 -0.0248554 -0.413292 1.09847 -0.0226324 0.881738 -2.90963 -0.00374395
21.505 -0.00354727 -0.00194569 -0.00128327 0.0628092 -0.102096 -0.00102622 -0.547652 1.56693 -0.00374024 -0.228924 -0.853154 0.00542293
21.555 0.0309806 -0.00127951 0.0249415 0.0930058 -0.0769838 0.0251077 -0.510162 1.71355 0.019662 -1.41771 1.39777 0.0125782
21.605 -0.0319412 -0.000456349 0.00330342 0.0147857 -0.0389589 0.00308776 -0.426449 1.5003 0.00383676 -2.0815 2.97184 -0.00130372
21.655 -0.082931 0.000490921 -0.0259105 -0.0481544 0.0067302 -0.0272435 -0.443896 0.968974 -0.0174 -2.11217 3.27534 -0.0151748
21.705 -0.0910213 0.00144778 -0.00553535 -0.0806947 0.0532464 -0.00774926 -0.249076 0.229964 -0.00142205 -1.28511 2.22132 -0.00660932
21.755 -0.0730963 0.00229862 0.0253344 -0.0808852 0.0938215 0.0231105 0.0916796 -0.558134 0.0218944 -0.0203975 0.259646 0.00666586
21.805 -0.0527224 0.00301651 0.00704352 -0.0782558 0.122435 0.00512779 0.420578 -1.22781 0.00667684 1.13547 -1.8012 0.00299552
21.855 0.0419449 0.00366997 -0.0252632 0.00405963 0.134918 -0.0230406 0.709989 -1.63711 -0.0175929 1.96618 -3.11456 -0.00632232
21.905 -0.0264127 0.00413891 -0.00590033 -0.0697599 0.129143 -0.00445325 0.702854 -1.70124 -0.00567225 2.01397 -3.12949 0.00129674
21.955 -0.0318774 0.00409815 0.0162818 -0.0860971 0.105188 0.0294696 0.630623 -1.41121 0.0173986 1.50514 -1.80988 0.0135891
22.005 -0.0522785 0.00385902 0.0036624 -0.0844159 0.0673174 0.00569351 0.190175 -0.836256 0.00471416 0.571913 0.348737 0.00427012
22.055 0.0353162 0.00305398 -0.0204585 0.0144775 0.019724 -0.0192916 -0.308965 -0.107083 -0.020259 -0.433262 2.51019 -0.0120513
22.105 0.0484249 0.00255489 -0.00676708 0.0433468 -0.0304963 -0.00636098 -0.55289 0.612215 -0.0104441 -1.12767 3.82309 -0.00757742
22.155 0.0117927 0.00171575 0.0222485 0.0294233 -0.0762902 0.0236871 -0.860724 1.16297 0.0155524 -1.44024 3.75373 0.00586364
22.205 0.0589384 0.000788933 0.00933775 0.0861167 -0.111659 0.0114728 -0.793954 1.42467 0.00937665 -0.979521 2.29648 0.00282533
22.255 0.0127649 -0.000252497 -0.0215655 0.0496896 -0.131704 -0.0199761 -0.757323 1.3439 -0.0151783 -0.158978 -0.0202452 -0.00720295
22.305 0.0431925 -0.0012907 -0.0118117 0.0813601 -0.133809 -0.010935 -0.494641 0.944402 -0.0064377 0.803775 -2.33692 -0.00193069
22.355 0.014467 -0.00226291 0.0199534 0.0471532 -0.117955 0.0200634 -0.247212 0.323413 0.0196942 1.47177 -3.79233 0.0115191
22.405 0.0223878 -0.00311321 0.011898 0.0430773 -0.0866762 0.0113253 0.0546636 -0.372994 0.0144591 1.31771 -3.85663 0.00677589
22.455 0.0673323 -0.00377088 -0.0200371 0.0712507 -0.04468 -0.0212886 0.56815 -0.981034 -0.0131229 0.650397 -2.53326 -0.00947443
22.505 0.0530894 -0.00421563 -0.0133793 0.0378579 0.00180826 -0.015061 0.841057 -1.35684 -0.0100705 -0.543077 -0.35574 -0.00883346
22.555 0.0479533 -0.00441067 0.0181028 0.0138978 0.0460138 0.0162675 0.957647 -1.41011 0.0139235 -1.67532 1.82284 0.0043838
22.605 -0.0391223 -0.00316848 0.0129165 -0.0955028 0.0828348 0.00969646 0.799558 -1.12214 0.00849612 -2.18574 3.16219 0.00408112
22.655 -0.0429384 -0.00322562 -0.0236657 -0.10101 0.104064 -0.0232405 0.442252 -0.553553 -0.0180484 -1.93652 3.16208 -0.00727183
22.705 -0.0455507 -0.00270913 -0.0173715 -0.105694 0.1095 -0.0176126 0.0790148 0.171868 -0.0159335 -1.00749 1.85616 -0.00327003
22.755 -0.0339692 -0.0017744 0.0169387 -0.0931441 0.0975479 0.01674 -0.248432 0.891208 0.00984003 0.219193 -0.205795 0.0112036
22.805 -0.00420054 -0.00148125 0.0163189 -0.0503397 0.0701523 0.0161787 -0.384847 1.44556 0.0100014 1.30344 -2.17505 0.0099468
22.855 -0.00712857 -0.000476091 -0.0152145 -0.0331525 0.032317 -0.0142943 -0.519905 1.70428 -0.0128402 1.98975 -3.24086 -0.00585631
22.905 -0.014542 0.000567526 -0.0170834 -0.017581 -0.0102424 -0.0150694 -0.525316 1.60757 -0.0108478 2.04107 -2.94963 -0.00873747
22.955 -0.0162996 0.00152492 0.0148359 0.00235726 -0.0511091 0.0169488 -0.429616 1.17031 0.0154481 1.34222 -1.38768 0.0028797
23.005 -0.00881356 0.00233846 0.0169209 0.0315936 -0.0839918 0.0188059 -0.238423 0.48376 0.0175553 0.409198 0.85118 0.00363143
23.055 0.0136789 0.00291008 -0.0136644 0.069393 -0.10376 -0.0121717 0.0857557 -0.307784 -0.00763785 -0.671364 2.89612 -0.00819723
23.105 0.0277929 0.0031659 -0.0163011 0.0991963 -0.107267 -0.0140136 0.390472 -1.03338 -0.0116557 -1.4029 3.93523 -0.00769221
23.155 0.0126572 0.00326797 0.0105468 0.0782352 -0.0936835 0.0104603 0.609784 -1.53904 0.0108719 -1.45896 3.54084 0.0080224
23.205 0.0525774 0.00306823 0.0161673 0.111477 -0.0647911 0.0151302 0.692727 -1.71983 0.0144054 -0.805577 1.83187 0.0113601
23.255 0.0596102 0.0026189 -0.011724 0.106063 -0.0247483 -0.0131481 0.592857 -1.53982 -0.011714 0.210974 -0.565598 -0.00262581
23.305 0.0527553 0.00224167 -0.0175499 0.0753263 0.0216819 -0.021189 0.220812 -1.04489 -0.0181898 1.09437 -2.75882 -0.00762183
23.355 0.0341296 0.00163547 0.0105449 0.0438001 0.065274 0.00831325 -0.109118 -0.348615 0.00591809 1.50718 -3.93363 0.00312353
23.405 0.0478074 0.000589208 0.0189855 0.0359919 0.101949 0.0171378 -0.46351 0.391939 0.0138255 1.18246 -3.66795 0.00528634
23.455 0.0215945 -0.000385086 -0.00935155 -0.00581119 0.125295 -0.0110758 -0.750803 1.01251 -0.00773576 0.31703 -2.0923 -0.00647228
23.505 -0.00343341 -0.00136962 -0.017218 -0.0456518 0.131862 -0.018373 -0.865648 1.37541 -0.0141571 -0.840847 0.163194 -0.00866869
23.555 -0.0311591 -0.00218933 0.0101974 -0.0659582 0.120667 0.00922479 -0.865972 1.40594 0.00924811 -1.75215 2.21685 0.00479342
23.605 -0.0378922 -0.00277743 0.0196669 -0.0792493 0.0928778 0.0196543 -0.783584 1.10082 0.018501 -2.12 3.27974 0.0107423
23.655 -0.0395887 -0.00314234 -0.00777591 -0.0671911 0.0523612 -0.00678824 -0.426189 0.537171 -0.00294314 -1.74771 2.96354 -0.00105032
23.705 -0.0399897 -0.00322442 -0.0196342 -0.0552482 0.00463592 -0.0179808 0.0180929 -0.152364 -0.014369 -0.800136 1.42661 -0.00819067
23.755 -0.00773425 -0.0030575 0.00642891 -0.00709194 -0.0437023 0.00843427 0.504493 -0.805399 0.00475755 0.447698 -0.687957 0.000532968
23.805 0.0022809 -0.00264429 0.0197399 0.0179607 -0.0859651 0.0217705 0.838408 -1.26772 0.0144974 1.53311 -2.51001 0.00535616
23.855 -0.0396918 -0.00232834 -0.00579547 0.00115462 -0.11647 0.00888381 0.924874 -1.42836 -0.00678424 2.0695 -3.28799 -0.0053973
23.905 -0.0309261 -0.00134882 -0.0172259 -0.00272912 -0.130939 -0.00953977 0.874188 -1.24623 -0.0191785 1.93781 -2.68171 -0.00956544
23.955 -0.064045 -0.00045593 0.00559948 -0.0285283 -0.127486 0.00673899 0.56903 -0.757255 -0.000855107 1.13013 -0.905043 0.00425585
24.005 -0.0393484 0.000505163 0.0197987 -0.011634 -0.107132 0.0190472 0.274778 -0.066148 0.0144193 0.0534779 1.36121 0.0125173
24.055 -0.0416594 0.00131429 -0.00432722 -0.0254774 -0.0732564 -0.00632285 -0.0498154 0.672587 -0.00298206 -0.919989 3.23089 0.00415094
24.105 0.0111587 0.00213102 -0.0224592 0.00472944 -0.0301588 -0.0232426 -0.362344 1.29334 -0.0163325 -1.46991 3.9596 -0.00476272
24.155 -0.0194052 0.00303611 0.0024392 -0.036195 0.0153274 9.68226e-05 -0.503402 1.65579 0.00207068 -1.30895 3.23719 0.000239394
24.205 -0.0506267 0.00339799 0.0213179 -0.0850066 0.0563035 0.0201622 -0.574557 1.67415 0.01809 -0.569041 1.31015 0.00428066
24.255 -0.0177367 0.00388157 -0.000255966 -0.0639799 0.0877557 -0.00187002 -0.483151 1.33953 0.00207771 0.471529 -1.11044 -0.00594245
24.305 0.0157267 0.00421574 -0.0192136 -0.0564201 0.104528 -0.0216205 -0.26356 0.719234 -0.0136578 1.25345 -3.12335 -0.0139538
24.355 0.0163384 0.00392763 0.00366943 -0.037631 0.104323 -0.000667612 0.0651569 -0.0548526 0.00174451 1.44089 -3.98374 -0.00277246
24.405 0.0419369 0.00321038 0.0165624 -0.0392319 0.0880632 0.00452546 0.397828 -0.816982 0.016409 0.979099 -3.39168 0.0109593
24.455 0.0178749 0.0026586 0.00207855 -0.0108253 0.0578741 0.00319012 0.551651 -1.40662 0.0010718 0.0175473 -1.60233 0.00645082
24.505 0.00932993 0.00176452 -0.0175326 -0.0127072 0.0191373 -0.0140208 0.615204 -1.69654 -0.0171515 -1.06854 0.673819 -0.00169848
24.555 0.0435524 0.000856258 -0.00188826 0.0448467 -0.0224777 0.000460365 0.520008 -1.63062 -0.0036433 -1.79562 2.54971 0.00434996
24.605 0.0627782 -0.000108395 0.0187237 0.0859047 -0.0604734 0.0205483 0.27969 -1.22834 0.0144961 -1.98662 3.31154 0.00857641
24.655 0.0574601 -0.00107133 0.00290614 0.0985683 -0.0889724 0.0046297 0.0152143 -0.583361 0.00215856 -1.56945 2.68924 -0.00350306
24.705 0.0105202 -0.00192759 -0.0190566 0.0655809 -0.103476 -0.0176679 -0.314304 0.159728 -0.0153794 -0.588098 0.963575 -0.0160805
24.755 0.00692301 -0.00264679 -0.00449959 0.0686121 -0.101606 -0.0036603 -0.678869 0.833167 -0.00332119 0.655655 -1.14782 -0.0105384
24.805 0.0122013 -0.00342509 0.0177418 0.0664227 -0.084044 0.017177 -0.90117 1.28874 0.0158318 1.72461 -2.77899 0.00252854
24.855 -0.0287007 -0.00458226 0.00421207 0.0267492 -0.0522554 0.00316803 -0.939679 1.42975 0.00568517 2.15005 -3.25231 0.00292996
24.905 -0.00541597 -0.00449919 -0.0182071 0.0412801 -0.010884 -0.0203999 -0.743666 1.22839 -0.0130386 1.84764 -2.35131 -0.00165115
24.955 0.0285016 -0.00376453 -0.00574744 0.0462141 0.0342187 -0.0075276 -0.471249 0.737492 -0.00392151 0.898121 -0.405681 0.00647327
25.005 -0.0138148 -0.00300948 0.0157276 -0.00329267 0.0761334 0.0113396 -0.0330593 0.0748115 0.014773 -0.231332 1.83494 0.0162245
25.055 -0.00788446 -0.00246158 0.00604991 -0.0257518 0.108188 0.00392321 0.323914 -0.606265 0.00565272 -1.13216 3.49261 0.00748978
25.105 -0.0268956 -0.00188891 -0.0278613 -0.0554135 0.125967 -0.0231733 0.650431 -1.14299 -0.0143756 -1.4883 3.90421 -0.00827381
25.155 -0.027551 -0.00109272 -0.0128596 -0.0606014 0.127051 -0.0126103 0.834167 -1.40851 -0.00692701 -1.13658 2.87941 -0.00844395
25.205 0.0345149 -0.000394823 0.0162048 -0.00458667 0.110545 0.0150412 0.858408 -1.33817 0.0114645 -0.30921 0.782411 -0.00108269
25.255 -5.93918e-05 0.000732004 0.0111769 -0.0313742 0.0793979 0.0106743 0.694802 -0.940605 0.00389713 0.599376 -1.61236 -0.00249702
25.305 -0.0451922 0.00170589 -0.0139379 -0.0596794 0.0372095 -0.0103262 0.480308 -0.303204 -0.0148568 1.19958 -3.41521 -0.00894594
25.355 -0.0352203 0.00238415 -0.00802061 -0.0475821 -0.0102209 -0.00462149 0.140413 0.435691 -0.00840536 1.33927 -3.96036 -0.00139761
25.405 -0.0254995 0.00288893 0.0158978 -0.0178533 -0.0561639 0.0181852 -0.25441 1.1096 0.0115205 0.87127 -3.07122 0.0129782
25.455 -0.0246056 0.00317461 0.00925011 -0.00464795 -0.0942971 0.011161 -0.502116 1.56801 0.00813835 -0.119384 -1.11452 0.0106486
25.505 -0.0228533 0.00323533 -0.0147981 0.00685006 -0.119397 -0.0131457 -0.648351 1.70317 -0.011653 -1.20753 1.13892 -0.00288537
25.555 -0.0182721 0.00305586 -0.01083 0.015975 -0.128151 -0.00960904 -0.555153 1.48065 -0.00787338 -1.94741 2.81487 -0.0057686
25.605 0.0270961 0.00205591 0.0173171 0.0609442 -0.120207 0.0145422 -0.341213 0.944242 0.0126452 -2.05656 3.28056 0.00118472
25.655 0.00677588 0.00138478 0.0107938 0.0247689 -0.0957906 0.00968721 -0.0882225 0.205107 0.0112192 -1.42742 2.38311 -0.00180457
25.705 0.00329747 0.000690219 -0.0144849 0.0174465 -0.0593066 -0.0153106 0.19608 -0.577222 -0.00799642 -0.276148 0.512392 -0.0112071
25.755 0.0330197 -0.000135225 -0.0123785 0.0260723 -0.0161178 -0.0137514 0.481218 -1.23722 -0.0076054 0.990986 -1.55984 -0.00705018
25.805 0.0573363 -0.000982773 0.0124968 0.0339942 0.0273693 0.0106933 0.663141 -1.6358 0.0111192 1.94391 -2.98239 0.00739965
25.855 0.0366153 -0.00182698 0.0127079 -0.0029181 0.064859 0.0108107 0.647056 -1.68792 0.0103601 2.11936 -3.16148 0.010172
25.905 -0.00591118 -0.00257645 -0.0115515 -0.0574792 0.0910239 -0.0132166 0.441746 -1.39046 -0.00994127 1.59299 -1.99731 0.000387844
25.955 -0.0293386 -0.00207141 -0.0114768 -0.100852 0.103389 -0.0117727 0.111919 -0.812263 -0.0117891 0.64178 0.0773853 -0.00180807
26.005 -0.0575772 -0.00238942 0.0132147 -0.105663 0.098295 0.0116724 -0.312969 -0.0854316 0.00702467 -0.415167 2.25923 0.00529978
26.055 0.0332105 -0.00285273 0.013178 -0.000996968 0.0774831 0.0157077 -0.614033 0.626896 0.00862192 -1.16394 3.6909 0.00362094
26.105 0.0292299 -0.00306889 -0.0123192 -0.0401612 0.045441 -0.0207368 -0.857439 1.167 -0.00959109 -1.40914 3.79471 -0.00786443
26.155 0.023288 -0.00244654 -0.0120679 0.0196538 0.00591203 -0.010997 -0.93099 1.41868 -0.0117181 -1.05024 2.49686 -0.00847661
26.205 0.0279967 -0.00199193 0.0104572 0.0290472 -0.0342416 0.013187 -0.743788 1.32894 0.00748198 -0.204272 0.266526 0.00395691
26.255 -0.0308685 -0.00145044 0.0147731 -0.00363855 -0.0688695 0.0173893 -0.55719 0.923653 0.0129915 0.734516 -2.07072 0.00874241
26.305 -0.0448438 -0.000476073 -0.00814225 -0.00287032 -0.0926828 -0.006264 -0.176736 0.302302 -0.00388009 1.30056 -3.64698 -0.000339091
26.355 -0.0304825 0.000485712 -0.0148439 0.0243823 -0.101925 -0.0136855 0.161368 -0.389499 -0.00899817 1.31361 -3.88483 -0.00329882
26.405 -0.0187341 0.00143002 0.00719625 0.0408893 -0.0950244 0.00766786 0.57811 -0.988585 0.00811456 0.707315 -2.72189 0.00378581
26.455 0.0337203 0.00307767 0.014696 0.0910638 -0.07193 0.0143094 0.849294 -1.35392 0.0127528 -0.382021 -0.630657 0.00337145
26.505 0.0117325 0.00336933 -0.00781272 0.0645662 -0.0377959 -0.00921079 0.984597 -1.39663 -0.0063097 -1.41216 1.56987 -0.00794477
26.555 -0.0219304 0.00369522 -0.0154943 0.00327298 0.0036789 -0.0165002 0.801759 -1.10219 -0.0141476 -2.04544 3.02875 -0.0113476
26.605 0.010185 0.00379657 0.00564199 0.030688 0.0468836 0.0035054 0.566414 -0.530717 0.00149875 -1.93016 3.19846 -0.000277372
26.655 0.00298391 0.00385363 0.016367 0.00330704 0.0849255 0.0135139 0.167674 0.192165 0.00890828 -1.13926 2.04512 0.0067239
26.705 0.0311297 0.0037823 -0.000461316 0.0243386 0.112572 0.00185701 -0.192116 0.905097 -0.00739821 -0.0242016 0.0581897 0.0010608
26.755 0.0475789 0.00327572 -0.00957679 0.0117162 0.125077 -0.0123452 -0.400286 1.44834 -0.014186 1.19421 -1.94311 -0.00202652
26.805 0.0373383 0.00249813 0.00484117 0.00607758 0.120809 0.00252719 -0.607556 1.69626 0.00273739 1.95797 -3.13574 0.00617144
26.855 0.0250284 0.0012181 0.0141672 -0.0124034 0.0996424 0.014269 -0.576236 1.59017 0.0147981 2.05017 -3.01647 0.00809433
26.905 -0.0138913 8.96307e-05 -0.00376031 -0.0378491 0.0651302 -0.00265989 -0.412957 1.14693 2.80432e-05 1.49603 -1.60315 -0.00213997
26.955 -0.022421 -0.000868245 -0.0154752 -0.0437651 0.0217104 -0.013832 -0.220203 0.4583 -0.00969487 0.426503 0.569622 -0.00949866
27.005 -0.0176899 -0.00181334 0.0030187 -0.022943 -0.0247053 0.00505008 0.0768035 -0.328292 0.00503363 -0.590658 2.658 -0.00220329
27.055 -0.0418076 -0.00263298 0.0155158 -0.0342019 -0.067711 0.0177519 0.372423 -1.04544 0.0152145 -1.33276 3.83586 0.00495646
27.105 -0.0294486 -0.00329511 -0.00202213 -0.00993933 -0.101396 0.000162148 0.506673 -1.54118 -0.000243547 -1.42492 3.62084 0.000171226
27.155 -0.0390828 -0.0037486 -0.0156765 -0.0114563 -0.121185 -0.0138397 0.610936 -1.7105 -0.0129034 -0.859639 2.06383 -0.00392581
27.205 -0.0336839 -0.00396654 0.000785764 -0.00333036 -0.124512 0.00202583 0.418287 -1.52208 -0.000952607 -0.00946023 -0.268765 0.00355841
27.255 -0.0396693 -0.0039555 0.0150905 -0.0124493 -0.111186 0.0155829 0.235168 -1.02239 0.00971697 0.944904 -2.50842 0.00875287
27.305 -0.0282337 -0.00374813 -0.000489138 -0.00972655 -0.0834036 -0.000801826 -0.164576 -0.326632 -0.00280894 1.37576 -3.82435 -0.00013043
27.355 -0.0385753 -0.00333083 -0.0153714 -0.0332479 -0.0453496 -0.0164193 -0.473807 0.409489 -0.014248 1.20439 -3.7389 -0.0087232
27.405 -0.0368174 -0.0027202 -0.000733362 -0.0472041 -0.00264987 -0.00235052 -0.721081 1.02107 -0.00108597 0.454036 -2.3127 -0.00342316
27.455 0.00433578 -0.00015324 0.0158688 -0.0220423 0.0404081 0.0133428 -0.874434 1.37365 0.013112 -0.626639 -0.119046 0.00376487
27.505 0.0100694 0.000657985 0.00176255 -0.0266041 0.0738188 -0.000783346 -0.820781 1.3944 0.00328443 -1.54792 1.98371 -0.000553304
27.555 -0.00165453 0.00144068 -0.014726 -0.0525642 0.0949516 -0.0163391 -0.651119 1.08292 -0.00914707 -2.0872 3.18547 -0.00567872
27.605 0.0261242 0.00119411 0.00413144 -0.0255548 0.0999477 -0.00467236 -0.248187 0.516757 0.00108101 -1.80688 3.04205 0.000888911
27.655 0.0300898 0.00162022 0.0151275 -0.0266571 0.090369 0.0122653 0.0687393 -0.171981 0.0137789 -0.919628 1.64375 0.00795342
27.705 0.034461 0.0024411 0.000841745 -0.00280975 0.0663443 0.00118545 0.495731 -0.816522 0.00337148 0.278737 -0.421706 0.00156175
27.755 0.0194213 0.00276978 -0.0151379 -0.00752944 0.0325107 -0.0140209 0.807454 -1.26841 -0.0128158 1.40965 -2.30477 -0.00755942
27.805 0.0364921 0.00304303 -0.00342826 0.0294905 -0.00639011 -0.00190115 0.932363 -1.42013 -0.00625386 2.0482 -3.22557 -0.0035582
27.855 0.0519642 0.0030748 0.0141606 0.0645329 -0.044098 0.0160096 0.891904 -1.22987 0.0074446 2.0263 -2.79192 0.00460259
27.905 0.0315603 0.00289132 0.00435137 0.0624936 -0.0748194 0.00626902 0.65916 -0.735431 -0.000252738 1.26839 -1.14578 0.0023822
27.955 0.0347916 0.00248852 -0.0139164 0.080602 -0.0937645 -0.0122523 0.324336 -0.0449251 -0.013939 0.18674 1.08357 -0.00286762
28.005 0.0313733 0.00190754 -0.00528175 0.0864329 -0.0978575 -0.00411134 -0.0385605 0.68909 -0.00571127 -0.811241 3.02487 0.00247881
28.055 0.0264514 0.00122962 0.0129461 0.0842245 -0.0862303 0.0134466 -0.415847 1.30265 0.0107009 -1.41925 3.90733 0.00969012
28.105 0.0364269 0.000491123 0.00529038 0.0901016 -0.0603995 0.00502491 -0.563896 1.65261 0.00594685 -1.30402 3.36253 0.00375893
28.155 0.0367406 -0.00183035 -0.0133464 0.0812823 -0.0257431 -0.0136036 -0.638781 1.66046 -0.00785679 -0.664293 1.56692 -0.00776559
28.205 0.0120966 -0.00215656 -0.00767132 0.0304166 0.0167039 -0.00824658 -0.541106 1.31849 -0.00190294 0.254106 -0.819444 -0.00789877
28.255 0.00556504 -0.00234696 0.0123445 0.0202358 0.058003 0.0105152 -0.249863 0.695846 0.0130243 1.07987 -2.90736 -0.000998982
28.305 -0.00643259 -0.00277992 0.00611237 -0.0105657 0.0921758 0.0041999 0.0115638 -0.0760941 0.00721635 1.35827 -3.92376 -0.00203507
28.355 -0.0120748 -0.0031626 -0.0120861 -0.0322011 0.114593 -0.0141509 0.299892 -0.834274 -0.00906635 1.06556 -3.50657 -0.00638497
28.405 -0.0136114 -0.00329644 -0.00721648 -0.0427774 0.121619 -0.0088531 0.498962 -1.41287 -0.00682277 0.183471 -1.84488 0.000278988
28.455 -0.0127103 -0.00316937 0.0119628 -0.0472342 0.112255 0.0109948 0.578607 -1.69248 0.00758253 -0.864945 0.398855 0.0113521
28.505 -0.01427 -0.0027924 0.00824083 -0.0474237 0.0875173 0.00805534 0.491959 -1.61787 0.00423828 -1.72386 2.35031 0.0102405
28.555 -0.0400929 -0.00219969 -0.0108294 -0.0667059 0.0507417 -0.0101968 0.23529 -1.20882 -0.0108698 -2.09179 3.26292 -0.000565929
28.605 -0.0381681 -0.0014446 -0.00804236 -0.0541748 0.00695836 -0.00667187 -0.0322098 -0.560551 -0.0082516 -1.67563 2.80597 -0.004125
28.655 -0.0118028 -0.000594447 0.0106252 -0.0149759 -0.037804 0.0125374 -0.35873 0.178623 0.00811429 -0.658909 1.19892 -0.000534739
28.705 -0.0233922 0.000320802 0.00888043 -0.0138088 -0.0773378 0.0110742 -0.686876 0.844549 0.00786799 0.575258 -0.89288 -0.00354319
28.755 -0.040232 0.00122831 -0.0100052 -0.0200554 -0.106235 -0.00784008 -0.847298 1.29209 -0.00646631 1.59358 -2.60686 -0.0108434
28.805 -0.0239606 0.00205759 -0.00939007 0.0027229 -0.120621 -0.00754857 -0.842594 1.4219 -0.00540803 2.09658 -3.2336 -0.00654923
28.855 0.00428011 0.00268974 0.00914719 0.0322487 -0.11876 0.0104176 -0.660121 1.21243 0.00980434 1.91248 -2.4962 0.00689659
28.905 0.00731257 0.00309855 0.00948504 0.0309768 -0.10117 0.010017 -0.37011 0.718383 0.00967163 1.05795 -0.659681 0.0112737
28.955 -0.00381385 0.0032929 -0.00896733 0.0104231 -0.0705861 -0.00923135 0.0444174 0.0550013 -0.00619008 -0.0637615 1.57088 0.00474746
29.005 0.0110015 0.00525604 -0.0107532 0.015741 -0.0299625 -0.011066 0.377266 -0.620362 -0.00794314 -1.02341 3.32232 0.00207349
29.055 0.0140837 0.0043341 0.00161485 0.0123211 0.010749 0.0100047 0.630698 -1.14868 0.00586007 -1.43924 3.89484 0.00486182
29.105 0.0208396 0.00369009 0.00568534 -0.00952508 0.0494371 0.00461282 0.838866 -1.40406 0.00683893 -1.16406 3.03868 0.000241556
29.155 0.0241372 0.00300781 -0.00817154 -0.0181359 0.0786925 -0.0113109 0.867786 -1.32342 -0.00767022 -0.454946 1.05041 -0.0112723
29.205 0.0376204 0.00217249 -0.00986901 -0.0110228 0.0948863 -0.0118521 0.769 -0.918992 -0.0114152 0.484992 -1.33548 -0.0129619
29.255 0.0466603 0.00122444 0.00763115 -0.00485518 0.0960004 0.00664739 0.481572 -0.279141 0.00347092 1.19251 -3.23188 -0.00279114
29.305 -0.00976539 -0.000222254 0.0111162 -0.0553526 0.0815707 0.0112756 0.141753 0.456094 0.00789428 1.33352 -3.94029 0.00420163
29.355 -0.03237 -0.00141843 -0.00830115 -0.0721856 0.0545336 -0.0111754 -0.239005 1.12216 -0.00560902 0.887742 -3.21706 0.00149004
29.405 -0.0485148 -0.00231554 -0.0105311 -0.0689593 0.0195885 -0.01092 -0.58749 1.56872 -0.00900565 -0.0483633 -1.36847 0.00209283
29.455 0.0136489 -0.00373755 0.0070061 0.00941233 -0.0191524 0.00837285 -0.688743 1.69282 0.00449883 -1.06961 0.875245 0.00874717
29.505 0.00983705 -0.00392081 0.013921 0.0359663 -0.053754 0.0172958 -0.599388 1.46148 0.00979373 -1.88289 2.64309 0.00749242
29.555 0.0200923 -0.00401205 -0.00271323 0.0455389 -0.0804887 -0.00112531 -0.415272 0.91866 -0.00237149 -2.05842 3.26497 -0.00367218
29.605 -0.00500526 -0.00372862 -0.0118233 0.0415569 -0.094058 -0.00993751 -0.0470424 0.180679 -0.00780996 -1.4611 2.52774 -0.00924405
29.655 -0.0271834 -0.00310193 0.00485915 0.029232 -0.0929038 0.00566896 0.197731 -0.597517 0.0054186 -0.430723 0.756326 -0.00357058
29.705 -0.0217608 -0.00262775 0.0125231 0.0314722 -0.0768797 0.012936 0.47702 -1.24871 0.0108414 0.871534 -1.3141 0.00165278
29.755 -0.0342542 -0.00196763 -0.00360094 0.0156781 -0.0481129 -0.00381104 0.573643 -1.63435 -0.00230646 1.74946 -2.83465 -0.0013285
29.805 -0.041958 -0.00120251 -0.0120353 -0.00270105 -0.0105616 -0.0130502 0.601202 -1.67597 -0.00906566 2.06847 -3.17336 -0.00164915
29.855 -0.0410109 -0.000457916 0.00281065 -0.0158217 0.0302467 0.00110372 0.389196 -1.36974 0.00260659 1.69754 -2.16513 0.00678776
29.905 -0.0240866 0.000307911 0.0115147 -0.014645 0.0684483 0.00938532 0.0617944 -0.788921 0.00900456 0.799972 -0.184473 0.00975978
29.955 -0.0250132 0.00103576 -0.00249946 -0.0308458 0.0984072 -0.004752 -0.221712 -0.0637358 -0.00323445 -0.269962 2.00647 0.000222148
30.005 0.0123954 0.000303409 -0.0124796 -0.0213991 0.113722 -0.0145012 -0.578705 0.640828 -0.0108447 -1.13407 3.54548 -0.00741454
30.055 0.0256673 0.00134789 -0.00518034 0.0287972 0.117976 0.00362953 -0.769177 1.17145 0.000364527 -1.38617 3.81489 -0.00369355
30.105 0.0391428 0.00209685 0.00765182 0.0061079 0.102856 0.00798459 -0.883227 1.41196 0.00892423 -1.05821 2.67934 -0.000112652
30.155 0.0296242 0.00223006 -0.00106153 -0.000170746 0.0746707 -0.00225752 -0.767108 1.31405 -0.000526844 -0.251272 0.542934 -0.00363062
30.205 0.0287171 0.00207321 -0.0108312 0.00952397 0.0363032 -0.0103621 -0.50687 0.902325 -0.00927489 0.646133 -1.80314 -0.0044935
30.255 0.0172625 0.0018422 0.00132759 0.0059583 -0.00726241 0.00299051 -0.132828 0.280398 0.00185626 1.23225 -3.48802 0.00316014
30.305 0.0215618 0.00142786 0.0118567 0.022865 -0.0496958 0.0140269 0.242543 -0.405687 0.0118043 1.28756 -3.89417 0.00941716
30.355 0.0318623 0.000869478 -0.000341665 0.0440322 -0.0853502 0.00198969 0.589523 -0.996153 0.00202675 0.749061 -2.89427 0.00349779
30.405 0.0250383 0.00117195 -0.0122226 0.0444674 -0.10686 -0.0105299 0.797074 -1.35072 -0.00866861 -0.259131 -0.896487 -0.00463026
30.455 0.0272823 0.00326415 -0.000761366 0.0507416 -0.114831 0.000385076 0.925151 -1.38245 -0.000782593 -1.24488 1.31164 -0.00312549
30.505 0.0298447 0.00225715 0.011853 0.0550695 -0.108154 0.0131137 0.794665 -1.08019 0.00792209 -1.94301 2.87982 0.000415151
30.555 0.0363749 0.00154377 0.00133406 0.0548723 -0.0867932 0.00192786 0.556242 -0.507218 -0.00163652 -1.93897 3.21366 -0.00371158
30.605 -0.00287274 -0.0038444 -0.0109739 0.0205883 -0.0587304 -0.011292 0.205245 0.210374 -0.0120539 -1.29738 2.21593 -0.00668108
30.655 0.00744319 -0.00417332 -0.00187612 -0.00261632 -0.0196357 -0.00309332 -0.168428 0.920044 -0.0040819 -0.159946 0.314791 0.000960339
30.705 0.003839 -0.00436182 0.011048 -0.0143365 0.0203011 0.00932569 -0.45679 1.45207 0.00710643 1.04402 -1.70609 0.00916572
30.755 -0.00338207 -0.00436265 0.00218206 -0.0360746 0.0551214 0.00021054 -0.655702 1.6901 0.00106254 1.86406 -3.01065 0.00618167
30.805 -0.0179607 -0.00314848 -0.0134313 -0.0625683 0.0809378 -0.0141251 -0.601767 1.57129 -0.00824242 2.04808 -3.05861 -0.000803346
30.855 -0.00879613 -0.00261577 -0.00366015 -0.0547089 0.0919861 -0.00501652 -0.462924 1.1224 -0.000108709 1.54797 -1.79678 -0.000359758
30.905 -0.0136207 -0.00227091 0.0108622 -0.0643942 0.0884734 0.00969 -0.183561 0.432481 0.0115388 0.572599 0.301862 0.00222344
30.955 -0.00810174 -0.00147987 0.0037092 -0.0501002 0.0707042 0.00325167 0.128919 -0.351332 0.00549647 -0.489802 2.41434 -0.00262312
31.005 -0.0190333 -0.000696106 -0.0101888 -0.0508163 0.0419507 -0.00977659 0.375227 -1.05649 -0.00609879 -1.22601 3.71722 -0.00895283
31.055 -0.0265067 0.000196192 -0.00356364 -0.0424871 0.0066444 -0.00243899 0.510276 -1.54449 -0.00163043 -1.39445 3.67343 -0.00420528
31.105 -0.0204622 0.000996861 0.0102218 -0.0187041 -0.0297513 0.011857 0.581931 -1.70201 0.00846664 -0.933238 2.27575 0.00499151
31.155 -0.0236291 0.00177746 0.00434839 -0.00421947 -0.0614515 0.00624794 0.45744 -1.50606 0.00232732 -0.0958025 0.0192433 0.00443643
31.205 0.00243769 0.00249162 -0.00984529 0.0372982 -0.0834865 -0.00796194 0.237946 -1.0016 -0.0102738 0.811404 -2.25296 -0.00107578
31.255 -0.0248701 0.00297372 -0.00508467 0.0212751 -0.0924412 -0.00351324 -0.125754 -0.30556 -0.00632223 1.29098 -3.69653 0.000473091
31.305 -0.0284749 0.00316477 0.00953094 0.0234596 -0.0867693 0.0105418 -0.474683 0.426182 0.00585115 1.21731 -3.78863 0.00469858
31.355 -0.0351015 0.00307005 0.0051413 0.0165439 -0.0670682 0.00542292 -0.754268 1.03081 0.00351484 0.556441 -2.51626 0.000787707
31.405 -0.014439 0.0026056 -0.00958845 0.0311072 -0.0361467 -0.0101033 -0.88206 1.37143 -0.00685704 -0.449048 -0.396351 -0.00632998
31.455 0.0161131 0.00354239 -0.00568932 0.048295 0.00328404 -0.00719225 -0.791288 1.38137 -0.0027331 -1.42517 1.74157 -0.00459431
31.505 0.0324587 0.00322545 0.00875975 0.0477142 0.042984 0.00994266 -0.576354 1.06449 0.00998051 -1.98739 3.07223 0.00298713
31.555 0.0106032 0.0024314 0.00642966 0.0175543 0.0781874 0.00576361 -0.243908 0.494857 0.00800176 -1.87308 3.09876 0.00351073
31.605 0.00508936 0.00151054 -0.00820947 -0.00361737 0.103648 -0.0103157 0.0902251 -0.187339 -0.00469518 -1.06614 1.84617 -0.00226717
31.655 0.00930843 0.00233814 -0.00651216 -0.0103269 0.117348 -0.00841781 0.471024 -0.825971 -0.00419089 0.134882 -0.158394 -0.00195461
31.705 0.0106376 0.00115685 0.00716904 -0.016711 0.114239 0.00586736 0.736738 -1.26878 0.00588858 1.28962 -2.08515 0.00354309
31.755 0.0228004 0.000468042 0.00670546 -0.00614477 0.0955306 0.00600751 0.89425 -1.41064 0.00305979 1.9697 -3.14076 0.00146285
31.805 0.0338913 -0.000339421 -0.00739668 0.00817635 0.064561 -0.0072533 0.884926 -1.21539 -0.0102304 1.99203 -2.87731 -0.00529342
31.855 0.0374055 -0.000816645 -0.00708096 0.0189141 0.0249358 -0.00611507 0.691808 -0.712467 -0.0101733 1.36 -1.36928 -0.00407401
31.905 0.000690395 -0.00707117 0.0074132 -0.00895512 -0.024514 0.00980268 0.318588 -0.0235218 0.00222119 0.310947 0.804537 0.00408863
31.955 -0.00405437 -0.00813913 0.0080729 -0.00209189 -0.0637197 0.0105678 -0.0547399 0.706715 0.00388137 -0.673957 2.80578 0.00621237
32.005 0.00920832 -0.00697133 -0.00709257 0.0183742 -0.0952506 -0.00345641 -0.403499 1.30892 -0.00617138 -1.29641 3.83306 0.00109291
32.055 0.027425 -0.00448511 -0.00942316 0.0495687 -0.111558 -0.00755977 -0.604405 1.65044 -0.00507745 -1.32429 3.46443 -0.000339286
32.105 0.0110738 -0.000648508 0.00548243 0.0348325 -0.114224 0.00729874 -0.620778 1.65018 0.00800072 -0.804749 1.81008 0.00333307
32.155 -0.0270338 0.00160174 0.00678073 -0.00852887 -0.0994832 0.0073017 -0.523481 1.2962 0.00997586 0.0742667 -0.529969 0.0010419
32.205 -0.0324983 0.00249674 -0.00852413 -0.0171291 -0.0750892 -0.00752928 -0.306058 0.671646 -0.00131888 0.950118 -2.67555 -0.00728865
32.255 -0.0238296 0.00309789 -0.00925441 -0.0163851 -0.0410299 -0.00953298 -0.00835777 -0.0987894 -0.00395261 1.36529 -3.84429 -0.00861843
32.305 -0.0169721 0.0035734 0.0053359 -0.0255378 -0.00252911 0.0041253 0.318554 -0.85329 0.00578891 1.13832 -3.60311 -0.000660817
32.355 -0.0213541 0.00405446 0.00869954 -0.0412467 0.0348658 0.00703346 0.529011 -1.41783 0.00677042 0.336339 -2.07793 0.00445553
32.405 -0.0334049 0.00455377 -0.00469483 -0.0658189 0.0658667 -0.00653844 0.606803 -1.68878 -0.0053466 -0.759097 0.11963 0.00203755
32.455 -0.0278305 0.00479843 -0.00869492 -0.0687187 0.0858059 -0.0104807 0.523785 -1.60547 -0.00904269 -1.6461 2.13949 0.00235611
32.505 -0.0451115 0.0024897 0.00489979 -0.101856 0.0857589 -0.00525249 0.267538 -1.19224 0.000849204 -2.0306 3.19619 0.00732029
32.555 -0.0354654 -0.000204836 0.0109043 -0.0773806 0.0796528 0.00972677 -0.0383185 -0.537005 0.00592028 -1.70238 2.90797 0.00535076
32.605 0.0159576 -0.00719469 -0.0012755 -0.0195649 0.0535879 -0.000157309 -0.38276 0.200465 -0.00559755 -0.793252 1.42568 -0.00438378
32.655 0.0243485 -0.00526173 -0.00774737 -0.00329601 0.0228118 -0.00667464 -0.670665 0.85973 -0.0065735 0.404783 -0.633683 -0.0112681
32.705 0.0386671 -0.00629208 0.00375489 0.0288266 -0.0118481 0.00495176 -0.804191 1.29538 0.00533342 1.49837 -2.41728 -0.00614619
32.755 0.0258619 0.00444041 0.00843159 0.0330024 -0.0361512 0.00962604 -0.811435 1.41449 0.010339 2.05144 -3.19331 -0.00136628
32.805 0.00719487 0.0057262 -0.00308526 0.0295593 -0.0608445 -0.00199655 -0.674929 1.19421 -0.000220221 1.8923 -2.62554 -0.00215241
32.855 -0.00128257 0.00485462 -0.00954141 0.0345977 -0.0786768 -0.00806714 -0.379034 0.696731 -0.00563716 1.14456 -0.906255 -6.15905e-05
32.905 -0.00938564 0.00428733 0.00229032 0.0357061 -0.0830429 0.00371522 -0.0601726 0.0360818 0.0026679 0.0672272 1.30037 0.00875422
32.955 0.00829513 0.00350227 0.00885194 0.0571111 -0.0731054 0.00977668 0.372199 -0.639121 0.00714673 -0.845564 3.13149 0.0123064
33.005 0.0118667 0.0029822 -0.00216532 0.0588632 -0.0502719 -0.00194946 0.702303 -1.15274 -0.00259578 -1.36942 3.86462 0.00454235
33.055 0.0135862 0.00274783 -0.00940641 0.0535043 -0.0175038 -0.00995402 0.893619 -1.39955 -0.00947781 -1.23362 3.17108 -0.0035787
33.105 0.00197578 0.00270966 0.00127697 0.0307636 0.0202951 3.22626e-05 0.869952 -1.30584 -0.00116432 -0.570757 1.31333 -0.00372234
33.155 -0.00239262 0.00285391 0.00911654 0.0129062 0.0576052 0.00731936 0.689421 -0.90067 0.00517233 0.339575 -1.05153 -0.00313133
33.205 0.0221985 -0.00937955 -0.000278826 0.026749 0.0720882 0.00344348 0.441125 -0.255554 -0.0027105 1.10349 -3.03192 -0.0069934
33.255 0.0245793 -0.0123347 -0.0111968 0.0176124 0.0931527 -0.00698496 0.0434802 0.477421 -0.00844874 1.32702 -3.89828 -0.00697644
33.305 0.0301811 -0.0104292 -0.00141262 0.00907345 0.101745 -0.00313393 -0.2705 1.13454 -0.000281174 0.971556 -3.34686 0.00180707
33.355 -0.0163087 -0.0105143 0.00833644 -0.0414392 0.0945361 0.00598665 -0.522164 1.57422 0.00828258 0.0859191 -1.61479 0.00865143
33.405 -0.0332328 -0.00720928 -0.00171818 -0.0584696 0.0733414 -0.00176739 -0.621036 1.68295 0.000483138 -0.989288 0.608527 0.00636625
33.455 -0.0101401 -0.00615818 -0.00924739 -0.0331246 0.0406305 -0.00857379 -0.551105 1.43997 -0.00645002 -1.76673 2.46084 -4.44762e-05
33.505 0.0103158 0.00769491 0.000120421 -0.00874997 0.0148583 0.00205365 -0.354241 0.893653 0.00081 -1.97326 3.2376 -0.000500955
33.555 0.00971177 0.0182667 0.00987336 0.0122863 -0.0168824 0.0115266 -0.0796509 0.152643 0.00876275 -1.54642 2.6551 -0.000225313
33.605 0.00797416 0.0170045 0.000484606 0.00723015 -0.057567 0.00174067 0.218317 -0.616098 0.00187123 -0.560529 0.993936 -0.00592596
33.655 -0.0211757 0.00247179 -0.00895106 -0.000478088 -0.0918512 -0.00751102 0.44835 -1.25805 -0.00587697 0.664479 -1.0703 -0.00966803
33.705 -0.00944321 0.00151652 -0.0018283 -0.000546321 -0.116473 0.0011484 0.5785 -1.63964 -0.000125012 1.63927 -2.67619 -0.00305117
33.755 -0.000926531 -0.000956687 0.00810409 0.0223349 -0.111266 0.00987828 0.581717 -1.66334 0.00719964 2.07157 -3.16621 0.00547141
33.805 -0.00705622 -0.000613246 0.00155958 0.0111625 -0.0964569 0.00232377 0.395782 -1.34657 0.00156103 1.7717 -2.32934 0.00565004
33.855 0.00403175 -0.00124611 -0.00870065 0.014848 -0.0691655 -0.00866236 0.112735 -0.763982 -0.00705332 0.919117 -0.436712 0.00252511
33.905 0.00200235 -0.00194277 -0.0022026 0.00283541 -0.0337999 -0.00285105 -0.25504 -0.0419427 -0.00216396 -0.12484 1.74738 0.00359706
33.955 0.0205554 -0.00256245 0.00754488 0.0107538 0.00392986 0.00683962 -0.600249 0.660316 0.0062237 -1.02025 3.38615 0.00462594
34.005 0.0265411 -0.00347547 0.00207463 0.00371798 0.0390188 0.000520195 -0.797123 1.17324 0.00159541 -1.38349 3.81821 -0.0013082
34.055 0.0305829 -0.00495825 -0.00719254 -0.00106547 0.0645538 -0.00854949 -0.887319 1.40681 -0.00703765 -1.12961 2.84571 -0.0078618
34.105 0.0264075 -0.00603091 -0.00385386 -0.0172179 0.0806285 -0.004823 -0.783084 1.30561 -0.0026581 -0.389753 0.805141 -0.0051369
34.155 0.011443 0.00343631 0.00710309 -0.0320051 0.093002 0.00645222 -0.510896 0.87981 0.00692643 0.518549 -1.53202 0.00219512
34.205 0.00368286 0.0053178 0.00276791 -0.0394977 0.0813117 0.00214576 -0.144381 0.256659 0.00312284 1.1845 -3.3135 0.0037083
34.255 -0.0112474 0.00445585 -0.0073722 -0.0433642 0.058115 -0.00732399 0.253181 -0.421125 -0.00570399 1.28326 -3.88339 0.00102005
34.305 -0.0312642 0.000208176 -0.00339285 -0.0428603 0.024778 0.000536953 0.579693 -1.00359 -0.00253987 0.794578 -3.04412 0.00278158
34.355 -0.032665 0.00238166 0.00841824 -0.0420191 -0.0113784 0.011246 0.808972 -1.35318 0.00651778 -0.125359 -1.14861 0.00525397
34.405 -0.00999543 0.00200581 0.00486915 0.0015884 -0.0424787 0.00660655 0.876251 -1.36812 0.00283527 -1.13376 1.05627 0.000173603
34.455 -0.00886211 0.00238285 -0.00715842 0.0166572 -0.0672468 -0.00556223 0.778389 -1.05566 -0.00643795 -1.82839 2.71415 -0.00818739
34.505 -0.0215476 0.00309555 -0.00451248 0.0158602 -0.0802439 -0.00299701 0.526642 -0.484005 -0.00485875 -1.9685 3.20753 -0.00818414
34.555 -0.0335621 0.00387535 0.00677427 0.0118022 -0.0796484 0.0079536 0.186892 0.236315 0.00358998 -1.40495 2.36854 -0.00217494
34.605 -0.0319961 0.00478699 0.00431461 0.0157813 -0.0654074 0.00512365 -0.189222 0.929061 0.00168797 -0.287337 0.564009 0.000157427
34.655 -0.0077703 -0.0221013 -0.00750863 0.0375501 -0.0615753 -0.00681238 -0.455761 1.45336 -0.00682967 0.903452 -1.46564 -0.00070933
34.705 -0.00473285 -0.0146049 -0.00595674 0.0458826 -0.0309115 -0.00651978 -0.583281 1.67995 -0.00461154 1.77459 -2.87755 0.00312067
34.755 0.00576238 -0.0134252 0.00437866 0.0371879 0.0149403 0.00153642 -0.5828 1.56036 0.00569642 2.03556 -3.08838 0.00883663
34.805 0.0138588 -0.0108109 0.00521212 0.0264908 0.0483754 0.00243874 -0.406501 1.10173 0.00590401 1.62979 -1.97402 0.00666659
34.855 -0.032808 0.00625556 -0.00593434 -0.0244826 0.100947 -0.00804661 -0.176974 0.408372 -0.00263146 0.698281 0.0363075 -0.00154091
34.905 -0.0201286 0.0104631 -0.00520767 -0.0394266 0.111502 -0.00752631 0.13349 -0.373924 -0.00191923 -0.346565 2.17212 -0.00445845
34.955 0.0126849 0.00739878 0.00705466 -0.00558743 0.112852 0.00425021 0.413185 -1.067 0.0070813 -1.11818 3.59411 -0.00165468
35.005 0.0369168 0.00555717 0.00902473 0.0146036 0.0989273 0.00446551 0.581592 -1.55595 0.00606926 -1.34643 3.7083 -0.00122858
35.055 0.0326609 0.00373983 -0.00530696 0.00572377 0.0729447 -0.00673409 0.610345 -1.68727 -0.00404283 -0.998139 2.46552 -0.00402559
35.105 0.0180691 0.00271484 -0.00693002 0.00117947 0.0369802 -0.00661832 0.472288 -1.48341 -0.00558338 -0.226376 0.287048 -0.00163898
35.155 0.0264468 0.00207498 0.00460495 0.0141179 -0.00221145 0.00560964 0.186329 -0.979848 0.00201533 0.681378 -1.99326 0.00500752
35.205 0.0191791 0.00157281 0.00620479 0.0164508 -0.0409819 0.00772062 -0.161425 -0.288672 0.00221544 1.25517 -3.55072 0.00599027
35.255 0.0177166 0.00098758 -0.00442906 0.0236304 -0.0737552 -0.00253535 -0.499506 0.431413 -0.00604091 1.22564 -3.80958 -7.48946e-05
35.305 0.0202398 0.000374997 -0.00615053 0.0331773 -0.0961771 -0.00412365 -0.751065 1.04151 -0.00626138 0.649057 -2.68438 -0.00308318
35.355 0.0130315 -0.000157648 0.00429735 0.0300637 -0.105254 0.00618121 -0.877815 1.37049 0.00365015 -0.367111 -0.673286 -0.000404681
35.405 0.00845306 -0.0232936 0.00669836 0.0196528 -0.124841 0.00881474 -0.796459 1.38646 0.00676733 -1.33247 1.49028 -0.000449463
35.455 -0.0114167 -0.0243184 -0.00361796 -0.00280484 -0.105692 -0.0021991 -0.617005 1.04436 -0.000682618 -1.9243 2.94224 -0.00456255
35.505 -0.0214698 -0.0240597 -0.00732613 -0.0113276 -0.0744491 -0.00679494 -0.29381 0.473269 -0.00245104 -1.88191 3.13617 -0.00420763
35.555 -0.0293194 0.00433258 -0.00144424 -0.0582327 0.00804815 0.00103652 0.106305 -0.204101 0.00548035 -1.14081 2.03266 0.001941
35.605 -0.0127776 0.0248992 0.00564913 -0.0225109 0.0422899 0.00454023 0.469128 -0.847117 0.00677285 -0.0100092 0.096754 0.00437394
35.655 0.00172058 0.0285865 -0.00296056 -0.0187088 0.0811306 -0.00514096 0.760591 -1.26476 -0.00277635 1.11327 -1.86084 -3.78598e-05
35.705 -0.00443584 0.0136664 -0.00642339 -0.0406626 0.0846954 -0.00845196 0.888334 -1.40499 -0.00766606 1.85609 -3.03597 -0.00212999
35.755 0.00839609 -0.0021625 0.00357017 -0.0326401 0.0808268 0.00114605 0.835123 -1.20932 -0.000817918 2.00019 -2.94164 0.000855414
35.805 0.00548604 -0.000592781 0.00704307 -0.0349809 0.0772219 0.00517121 0.586767 -0.699549 0.00194358 1.47009 -1.57909 0.00259161
35.855 0.0165377 0.000166949 -0.00251879 -0.0201568 0.0624308 -0.00351274 0.307102 -0.000757104 -0.00538836 0.50346 0.510707 -0.000570011
35.905 0.00224634 0.000753796 -0.00692065 -0.0252478 0.0366572 -0.00713692 -0.0255924 0.728953 -0.00838384 -0.570935 2.58076 -0.00123714
35.955 0.00267092 0.000880855 0.00224836 -0.0123663 0.0047044 0.00278681 -0.348353 1.30946 0.000485915 -1.25078 3.73552 0.00374712
36.005 0.00789964 0.000590006 0.00726083 0.00746689 -0.0284289 0.00848039 -0.553074 1.64336 0.00636597 -1.33276 3.56151 0.00598163
36.055 0.0159916 0.000642669 -0.0015633 0.0304281 -0.0570436 0.000153478 -0.579236 1.63093 0.00102796 -0.837568 2.03889 0.000772309
36.105 0.0101655 0.000535626 -0.00693074 0.0379075 -0.0769154 -0.00498485 -0.491209 1.27383 -0.00227846 0.0117288 -0.238821 -0.00411274
36.155 -0.00625083 0.000271035 0.00129706 0.0316627 -0.0849367 0.00316965 -0.302468 0.659004 0.00473948 0.839976 -2.43711 -0.0033203
36.205 0.00675078 -0.000808872 0.00703847 0.0504745 -0.0802977 0.00854511 0.0300962 -0.124316 0.00876185 1.28433 -3.75021 -0.00241833
36.255 -0.00309441 -0.00106364 -0.00113208 0.0415043 -0.0619788 -0.000232055 0.311568 -0.864939 0.00106704 1.14434 -3.67143 -0.00531577
36.305 0.00659943 -0.00192892 -0.00721937 0.047173 -0.033858 -0.00708163 0.533793 -1.43467 -0.00546702 0.415781 -2.29755 -0.00538766
36.355 0.000391762 -0.00151298 0.000430356 0.0327974 0.00183679 -0.000239209 0.616564 -1.68376 -0.000874057 -0.592063 -0.14993 0.00159739
36.405 -0.00860843 -0.00259648 0.0067194 0.0127096 0.0373509 0.00531537 0.496688 -1.58494 0.00331205 -1.51091 1.91371 0.00768463
36.455 -0.00505412 -0.00348114 -0.000394095 0.00390642 0.0690304 -0.00235231 0.264944 -1.17248 -0.00297338 -1.96049 3.10594 0.00576073
36.505 -0.00895096 -0.0047524 -0.00708806 -0.0119371 0.091564 -0.00933738 -0.0637922 -0.505841 -0.00807024 -1.74552 2.98885 0.00142424
36.555 -0.00741964 -0.00496235 -0.000243307 -0.0202992 0.102806 -0.00247763 -0.389985 0.216997 -0.00156999 -0.93435 1.63606 0.00104053
36.605 -0.00780941 -0.0048087 0.00686175 -0.0273409 0.100306 0.00495218 -0.656467 0.867974 0.00548603 0.241042 -0.368636 1.45121e-06
36.655 -0.000526364 -0.00483245 0.000551326 -0.0226995 0.0836682 -0.000765081 -0.862585 1.28631 0.00160022 1.34184 -2.21142 -0.00554029
36.705 0.00127955 -0.00421486 -0.00675826 -0.0194798 0.0558866 -0.00729485 -0.862649 1.40185 -0.00331854 1.99145 -3.14396 -0.00871692
36.755 -0.00885924 -0.00366141 -0.000670788 -0.0246701 0.0201068 -0.000348627 -0.679064 1.18713 0.0019198 1.91498 -2.73565 -0.00341713
36.805 0.000573698 -0.00273512 0.0069115 -0.00781735 -0.0182971 0.00805338 -0.380764 0.675771 0.00778163 1.25323 -1.1537 0.0042548
36.855 0.00421954 -0.00222918 0.00125335 0.00432784 -0.0547335 0.00306492 -0.00495656 0.0225131 0.00247535 0.248071 1.03742 0.00606989
36.905 0.00425533 -0.00149243 -0.00645993 0.0123635 -0.0835656 -0.00422178 0.38902 -0.652469 -0.00499869 -0.745302 2.93697 0.00470535
36.955 0.00478314 -0.000751237 -0.00134719 0.0189182 -0.101077 0.00101676 0.71208 -1.1573 -0.00204991 -1.31406 3.8217 0.00574832
37.005 -0.00675011 8.47505e-05 0.00648655 0.0103081 -0.104892 0.00866211 0.865866 -1.38883 0.00340439 -1.27768 3.30353 0.00531058
37.055 -0.0121855 0.000648791 0.00174473 0.00404439 -0.0950125 0.00344786 0.846809 -1.28804 -0.000898324 -0.688219 1.55653 -0.00182471
37.105 -0.00789516 0.000896983 -0.00637476 0.0037031 -0.0731271 -0.0053594 0.685994 -0.87479 -0.00747491 0.230533 -0.769255 -0.00942166
37.155 -0.00612787 0.000726299 -0.00222059 -0.00241661 -0.0426893 -0.00200937 0.377475 -0.2399 -0.00355857 0.988115 -2.82762 -0.00887052
37.205 -0.00687199 0.00143756 0.0060111 -0.0131969 -0.00701674 0.00541779 0.068063 0.490702 0.00390432 1.30222 -3.83861 -0.00344152
37.255 -0.00478386 0.00178992 0.00225151 -0.0218939 0.0275378 0.000966786 -0.249066 1.14079 0.00175352 1.00657 -3.45839 -0.000871726
37.305 0.00656087 0.00192764 -0.0061338 -0.0203987 0.0561563 -0.00790031 -0.484965 1.56266 -0.00422603 0.217677 -1.85071 0.000195999
37.355 0.00313362 0.000955924 -0.00270075 -0.0312471 0.0739458 -0.00467493 -0.601368 1.67494 -0.00104098 -0.806056 0.340207 0.00463628
37.405 0.00164968 0.000158944 0.00577457 -0.0364915 0.0796465 0.00389263 -0.545413 1.42578 0.00598652 -1.65866 2.25728 0.00844903
37.455 -0.00411536 -0.000651195 0.00292459 -0.0416368 0.0724209 0.00141673 -0.347997 0.875479 0.0035718 -1.97853 3.18271 0.00465672
37.505 0.00531957 -0.0015245 -0.00551203 -0.0270279 0.0534926 -0.00642305 -0.0803362 0.129376 -0.0037142 -1.6107 2.77286 -0.00297076
37.555 -0.00364733 -0.002136 -0.00300687 -0.0267716 0.0261882 -0.00319153 0.201432 -0.639281 -0.00218353 -0.67203 1.22494 -0.00529702
37.605 -0.000687612 -0.00278139 0.00554164 -0.0115773 -0.00549001 0.00610327 0.464498 -1.26742 0.00437734 0.505073 -0.813041 -0.00273089
37.655 -0.00181896 -0.00295232 0.00356614 0.00102898 -0.0361295 0.00478209 0.59449 -1.63401 0.00249085 1.51746 -2.51161 -0.00205447
37.705 0.000387599 -0.00312173 -0.00501151 0.0168257 -0.0613739 -0.00333263 0.544571 -1.64493 -0.00445378 2.01484 -3.1455 -0.00224221
37.755 0.00386698 -0.00305212 -0.0035111 0.032062 -0.0770001 -0.00163253 0.3704 -1.33413 -0.00311399 1.83752 -2.45865 0.0021655
37.805 0.00258953 -0.00292076 0.00501032 0.0393048 -0.0805997 0.00679347 0.0740609 -0.743219 0.0039905 1.05267 -0.677263 0.00797526
37.855 0.00075896 -0.00255457 0.00383701 0.0417709 -0.0712251 0.00524141 -0.270227 -0.024103 0.00330591 -0.0046623 1.4925 0.00692919
37.905 -0.00306963 -0.0017062 -0.00477769 0.0376395 -0.0497792 -0.00398304 -0.585652 0.676218 -0.00347236 -0.932907 3.21531 0.000215949
37.955 -0.0029738 -0.00114012 -0.00417163 0.0330265 -0.0199174 -0.00413192 -0.805405 1.18746 -0.00288171 -1.3578 3.80056 -0.00360751
38.005 -0.000395512 -0.000948216 0.00433043 0.0273155 0.014033 0.00357897 -0.891526 1.40201 0.00401492 -1.16745 2.98986 -0.0032459
38.055 0.000285113 -0.000481298 0.00404394 0.0174219 0.0477658 0.0025811 -0.772305 1.28678 0.00379851 -0.477059 1.06978 -0.00429076
38.105 0.00441368 0.000382061 -0.0043791 0.0101564 0.0764721 -0.00637007 -0.479047 0.859884 -0.00310855 0.39504 -1.26201 -0.0061912
38.155 0.0036023 0.00163578 -0.00453762 -0.0012526 0.0959421 -0.00679456 -0.107617 0.233587 -0.00336972 1.09257 -3.12977 -0.00266379
38.205 0.00351487 0.00230372 0.00389366 -0.00973391 0.102375 0.00167491 0.260413 -0.444087 0.00329841 1.28786 -3.8532 0.00478814
38.255 0.00184127 0.00281786 0.00453557 -0.0165984 0.0951269 0.00265906 0.606227 -1.01313 0.00365614 0.883084 -3.18381 0.00719897
38.305 0.00264171 0.00287234 -0.00365304 -0.0172976 0.0747812 -0.00492712 0.826401 -1.34158 -0.00329346 -0.0102497 -1.39812 0.00307299
38.355 -0.00104235 0.00280611 -0.0046425 -0.0188618 0.0443686 -0.00513521 0.865802 -1.35468 -0.0044607 -1.02599 0.793103 -0.000197335
38.405 0.000489236 0.00254324 0.0035447 -0.0122266 0.00794891 0.00390603 0.747539 -1.03815 0.00181513 -1.77274 2.54825 -0.000530911
38.455 -5.22468e-05 0.00200968 0.00504357 -0.00574928 -0.0295784 0.00621529 0.497061 -0.461005 0.00268156 -1.94406 3.19211 -0.00296664
38.505 -0.000522991 0.00137761 -0.00302334 0.00133045 -0.0629471 -0.0011956 0.172909 0.253362 -0.00397852 -1.44014 2.50227 -0.00710136
38.555 -0.000195522 0.000702968 -0.00485013 0.00833227 -0.0876145 -0.00261028 -0.164547 0.952169 -0.00528836 -0.432709 0.79327 -0.00587854
38.605 -0.000953479 0.00010652 0.0030197 0.0120814 -0.100232 0.00537327 -0.429169 1.45924 0.00131264 0.758995 -1.2319 0.00133647
38.655 -0.00210927 -0.000683741 0.00511656 0.0123806 -0.0995542 0.00727381 -0.588469 1.67186 0.00368628 1.68596 -2.72727 0.00630535
38.705 -0.00350966 -0.00152336 -0.00263037 0.00892622 -0.0858486 -0.000949507 -0.582929 1.52977 -0.00177875 2.02752 -3.08791 0.0053318
38.755 -0.00547049 -0.00185291 -0.00521503 0.00156227 -0.0608373 -0.0042211 -0.415093 1.07247 -0.00308192 1.68017 -2.13079 0.0038924
38.805 -0.00287028 -0.00209734 0.00222089 -0.00393168 -0.0287309 0.00241629 -0.154089 0.382467 0.00362604 0.812272 -0.216879 0.00439936
38.855 -0.00343611 -0.00253058 0.00508003 -0.0141396 0.00543937 0.00447996 0.128316 -0.391076 0.00631007 -0.226461 1.91966 0.00166454
38.905 -0.0024995 -0.0032154 -0.00217566 -0.0229582 0.0365908 -0.0034564 0.374485 -1.07756 0.000252836 -1.04627 3.4387 -0.00503003
38.955 -0.00350105 -0.0036822 -0.00542037 -0.0323596 0.0606335 -0.0071741 0.550726 -1.5424 -0.00295988 -1.35807 3.72479 -0.00796837
39.005 -0.00172345 -0.00356255 0.00167083 -0.0362673 0.0745014 -0.000284089 0.583042 -1.68016 0.0018864 -1.05989 2.64236 -0.00402498
39.055 0.000260805 -0.00316904 0.00533177 -0.036236 0.0760792 0.0034721 0.443385 -1.4708 0.00381181 -0.300385 0.568856 0.000250306
39.105 -0.000133379 -0.00242263 -0.00147876 -0.0343344 0.0655032 -0.00296631 0.189119 -0.958266 -0.00254387 0.584251 -1.72814 0.000590962
39.155 -0.000707127 -0.00185025 -0.00528885 -0.0284439 0.0441779 -0.00618795 -0.143026 -0.262656 -0.00617976 1.17954 -3.3959 0.00121006
39.205 -0.000922638 -0.00109691 0.00136687 -0.0186578 0.0159329 0.00118252 -0.478388 0.45887 -0.00079886 1.24767 -3.82392 0.0044538
39.255 -0.000450763 -0.000328 0.00551957 -0.00579341 -0.0148626 0.00606857 -0.741752 1.04695 0.00319959 0.709904 -2.86641 0.00490422
39.305 0.000444106 0.000449645 -0.000776883 0.00842667 -0.0433208 0.000413432 -0.860618 1.36462 -0.00089607 -0.230763 -0.921804 -0.000238135
39.355 0.00095226 0.000983988 -0.00519436 0.0215801 -0.0651425 -0.0035522 -0.818411 1.35552 -0.00335959 -1.2153 1.24673 -0.00439297
39.405 0.00107329 0.00142398 0.000751268 0.0321558 -0.0766615 0.0025873 -0.604508 1.02888 0.00257267 -1.86671 2.79711 -0.00271445
39.455 0.0018685 0.00191065 0.00541276 0.039971 -0.0757643 0.00715439 -0.252808 0.459903 0.00692662 -1.88874 3.14541 -0.000210762
39.505 0.00261864 0.00210139 -0.000364296 0.0435521 -0.0626556 0.00100615 0.128646 -0.217661 0.00215141 -1.24617 2.19465 -0.00124179
39.555 0.00230534 0.0019486 -0.00545158 0.0416841 -0.0391101 -0.00467723 0.484049 -0.847266 -0.00267136 -0.150428 0.347342 -0.00171485
39.605 0.000845472 0.00182162 -3.27911e-05 0.0346687 -0.00810373 5.8414e-06 0.757798 -1.27158 0.000315843 0.999447 -1.62593 0.00155658
39.655 0.000377549 0.00180018 0.00516586 0.0255158 0.0259757 0.00443642 0.882646 -1.39583 0.00302823 1.80419 -2.92073 0.00363031
39.705 0.000108868 0.0017614 -8.26889e-05 0.0147318 0.0580589 -0.00149974 0.824114 -1.18137 -0.00257605 1.99412 -2.98729 0.000612166
39.755 -0.0006548 0.00129412 -0.00547206 0.00309761 0.083038 -0.00739578 0.59592 -0.671358 -0.00791884 1.52498 -1.77385 -0.00264971
39.805 -0.00122297 0.000452559 -0.000594421 -0.00724319 0.0971944 -0.00276806 0.27723 0.0188428 -0.00421587 0.592497 0.264383 -0.000816063
39.855 -0.000893222 -0.00052919 0.00500429 -0.0143601 0.0984698 0.00287829 -0.0691922 0.738677 0.00100388 -0.443301 2.3384 0.00235902
39.905 0.000197119 -0.00136674 0.00059998 -0.0175572 0.0866719 -0.00118291 -0.372436 1.32267 -0.00128154 -1.17968 3.62641 0.00163244
