0.005 0.014044 -0.000316079 -0.0306589 0.0284938 -0.0243958 -0.0288875 0.173525 -0.265975 -0.0592585 0.341356 -0.545516 -0.118991
0.055 0.013158 -0.00646173 -0.0659491 0.272401 -0.427903 -0.0631502 2.50646 -3.95648 0.0569764 4.89888 -7.67428 0.00982552
0.105 0.0150544 -0.0116604 0.0380191 0.32051 -0.454609 0.038113 1.60122 -1.57744 0.088065 2.35036 -1.5554 0.0922848
0.155 0.015158 -0.0151203 0.0218183 0.142286 -0.0675188 0.0188585 -1.04365 3.6328 -0.000539762 -2.77244 8.2839 -0.0322621
0.205 0.0156968 -0.0162814 -0.105142 -0.106364 0.418211 -0.108204 -1.64612 4.12867 -0.0588449 -2.3467 5.7518 -0.0238473
0.255 0.011754 -0.0149279 -0.0180334 -0.22568 0.594969 -0.0190563 0.406495 -1.04444 -0.0138029 2.27535 -5.68091 0.0233848
0.305 0.0142801 -0.0112359 0.118416 -0.118991 0.303111 0.11884 1.80462 -4.77864 0.0338443 2.77888 -8.3294 -0.0116987
0.355 0.0133271 -0.00573091 0.0283183 0.100646 -0.231693 0.0292566 0.190297 -2.0159 -0.0236568 -2.28279 1.44577 0.0328903
0.405 -0.0104264 0.000806245 -0.0751403 0.211344 -0.581931 -0.0752282 -2.27849 3.0883 -0.0658077 -4.86338 7.65915 0.00140566
0.455 -0.0304508 0.00745641 0.0588996 0.111091 -0.471473 0.0575039 -1.96513 3.22843 -0.0396041 -0.373754 0.667917 -0.0312161
0.505 -0.0303009 0.0132686 0.0739042 -0.126423 -0.00442022 0.0732919 0.92945 -1.53335 0.0398399 4.69032 -7.41666 0.0704064
0.555 -0.0266598 0.0173885 -0.00383991 -0.319673 0.42401 -0.00287104 2.58932 -3.96224 0.0146004 2.90475 -2.71856 0.0381147
0.605 0.000109413 0.0191998 0.000979193 -0.27634 0.460219 0.00272106 0.948584 -0.237735 -0.0834577 -2.35239 7.57572 -0.0734302
0.655 -0.0305569 0.0184246 -0.037688 -0.0765509 0.0882581 -0.0365249 -1.52998 4.40385 -0.0253905 -2.73988 6.67467 0.00616186
0.705 -0.00357478 0.0151658 0.0363962 0.219993 -0.360213 0.0362961 -1.30071 3.16929 0.0565944 1.79205 -4.56739 0.0642565
0.755 -0.0153372 0.00986979 0.0665714 0.310056 -0.489807 0.0655192 0.986505 -2.4469 0.0228297 3.04877 -8.76729 -0.0261492
0.805 -0.00787497 0.00325134 -0.0863034 0.181974 -0.177402 -0.0873983 1.64604 -4.70076 -0.0343089 -1.70675 0.20672 -0.0272286
0.855 0.0657496 -0.00379384 -0.0583069 0.0040701 0.322948 -0.0589178 -0.43365 -0.631603 -0.0167864 -4.82719 7.62042 -0.001839
0.905 0.02402 -0.0102988 0.0819993 -0.196993 0.592686 0.081546 -2.54354 3.77731 0.0496176 -1.0268 1.83937 -0.0128878
0.955 0.0148455 -0.0153659 0.00439635 -0.152504 0.398936 0.00430056 -1.3445 2.27914 0.0441567 4.34929 -7.00145 0.0352696
1.005 -0.050449 -0.018311 -0.0920968 -0.0138252 -0.111053 -0.0915462 1.58828 -2.66014 -0.0200841 3.41059 -3.77951 -0.0113016
1.055 0.00813309 -0.0187781 -0.00744259 0.207758 -0.531252 -0.00660576 2.44367 -3.5405 -0.024601 -1.92386 6.7479 -0.0719522
1.105 0.158412 -0.0167834 0.0356158 0.327281 -0.531081 0.0362638 0.382998 1.19044 0.0406381 -2.85882 7.44596 0.0333595
1.155 -0.0494993 -0.0126359 0.00688863 -0.0910551 -0.125155 0.00693804 -1.8277 4.77589 0.0369151 1.22156 -3.39597 0.05078
1.205 0.0573415 -0.00694197 -0.0151214 -0.203889 0.342785 -0.0154178 -0.715249 1.87788 -0.0387719 3.17122 -9.0309 -0.0499446
1.255 -0.0359544 -0.000494998 -0.0520701 -0.33558 0.486828 -0.0516915 1.44906 -3.64105 -0.0250129 -0.919242 -1.01867 -0.0193543
1.305 -0.0801925 0.00579082 0.0293146 -0.192693 0.198858 0.0305048 1.25881 -4.16291 0.0338809 -4.862 7.41705 0.0310363
1.355 -0.118454 0.0109991 0.0850068 0.0472954 -0.26357 0.0859773 -1.33793 0.817224 0.011889 -1.81062 2.9348 0.00253859
1.405 -0.196473 0.0144304 -0.0503385 0.127996 -0.494643 -0.0509145 -2.80542 4.05474 -0.0405652 4.0026 -6.45264 0.0124652
1.455 0.208089 0.0156204 -0.0572483 0.454989 -0.283149 -0.0593765 -0.236858 1.04592 -0.0307783 4.07121 -4.71415 -0.00344575
1.505 0.236958 0.0144605 0.0790278 0.247587 0.205821 0.077065 2.39077 -3.52537 0.028424 -1.06751 5.83449 -0.0282984
1.555 -0.192908 0.011155 0.0407328 -0.38122 0.564961 0.0402563 2.22838 -2.6898 0.0295966 -3.82586 8.05551 0.032774
1.605 0.213995 0.00617174 -0.0512655 0.0243694 0.485335 -0.0497786 -0.636311 2.57994 -0.0388576 0.863297 -2.20493 0.0240811
1.655 0.148815 0.000270269 -0.0178585 0.138135 0.0181884 -0.0163166 -1.71899 4.67274 -0.0438211 3.70429 -9.12643 -0.0401932
1.705 0.0343656 -0.00569646 0.0227432 0.211131 -0.463961 0.0230948 -0.630284 0.345324 0.0405543 -0.677611 -2.19528 0.00879269
1.755 0.490599 -0.0108259 0.0296806 0.683606 -0.575989 0.029357 2.37288 -4.49139 0.0507641 -4.24747 7.06935 0.0245874
1.805 -0.289469 -0.0143431 -0.00842076 -0.278318 -0.239718 -0.0091165 0.804483 -3.1798 -0.0364553 -2.31451 3.92839 -0.0287834
1.855 -0.333334 -0.0156968 -0.0668883 -0.562497 0.254469 -0.067656 -1.83592 2.18227 -0.0445544 3.08092 -5.79937 0.00724501
1.905 -0.656541 -0.0146881 0.0045727 -0.978341 0.49437 0.00457668 -2.85098 3.85157 0.0347801 3.93347 -5.50983 0.0178041
1.955 0.526792 -0.0113948 0.0729223 0.342293 0.291361 0.0721509 0.302787 -0.357725 0.0502285 -0.411941 4.8674 -0.0263181
2.005 0.157016 -0.00632024 -0.0393682 0.245021 -0.16592 -0.0397915 2.24072 -3.9959 -0.0131925 -3.19537 8.50373 -0.00496169
2.055 0.389073 -5.4232e-05 -0.0730831 0.679113 -0.475165 -0.0737726 1.86518 -1.45658 -0.0376782 0.0135495 -1.02402 0.00963674
2.105 -0.260608 0.00642312 0.0394011 0.00833381 -0.361711 0.0376236 -1.1889 3.76377 0.0122675 3.04956 -9.06525 -0.00391728
2.155 -0.194595 0.0122516 0.0480803 -0.12866 0.0904285 0.0468673 -1.44289 4.05009 0.0558572 0.0197351 -3.29903 0.00674577
2.205 -0.321847 0.0165934 -0.0277411 -0.473478 0.507736 -0.0272883 0.374955 -1.27691 -0.00107554 -4.62238 6.59894 -0.00703643
2.255 0.00610711 0.0186699 -0.0393414 -0.194907 0.53773 -0.0395519 1.27306 -4.86495 -0.0494597 -3.21818 4.80549 -0.0276562
2.305 0.375916 0.0183353 0.00854282 0.322746 0.142866 0.0100527 0.318844 -1.83235 0.00121445 3.74573 -5.07001 0.0356011
2.355 -0.0115523 0.0155215 0.0489553 0.133277 -0.36643 0.0504053 -2.73771 3.28262 0.0444635 4.97545 -6.16268 0.0309575
2.405 -0.437833 0.0105945 0.0233707 -0.225517 -0.585302 0.0260688 -1.50494 3.15171 -0.00974629 -0.84128 3.87773 -0.0433376
2.455 -0.806766 0.00427718 -0.0557861 -0.731119 -0.346897 -0.0555535 0.585931 -1.75654 -0.0448544 -3.8182 8.79971 -0.0192599
2.505 -0.53109 -0.0026465 -0.00547041 -0.700358 0.141351 -0.00685746 2.7385 -3.9631 0.00243004 -0.573224 0.119274 0.0401702
2.555 -0.126779 -0.00914947 0.0820369 -0.436886 0.471532 0.0811067 0.291114 0.0352763 0.0396917 3.21175 -8.8684 0.0176241
2.605 0.743983 -0.0143963 -0.00859847 0.512806 0.37538 -0.00704011 -1.18256 4.56235 0.0118539 1.42028 -4.31273 -0.0111024
2.655 0.607786 -0.0177331 -0.0595366 0.626298 -0.0519304 -0.0566921 -1.18408 2.93982 -0.0411553 -4.04453 6.03118 -0.0229553
2.705 0.347418 -0.0186233 0.012167 0.605421 -0.43325 0.0114644 1.6942 -2.78516 -0.0148629 -3.1495 5.55948 -0.00712933
2.755 -0.993061 -0.0170402 0.0517432 -0.699613 -0.429718 0.0509041 1.05058 -4.68175 0.0358058 1.85966 -4.28971 0.0498299
2.805 -0.668152 -0.0131692 0.00253169 -0.551021 -0.0299471 0.00278987 -1.03002 -0.283015 0.011133 3.97594 -6.67644 0.00417803
2.855 -0.365609 -0.00767136 -0.0436986 -0.484767 0.436536 -0.0431526 -3.39373 3.95057 -0.039266 0.7303 2.88734 -0.0562217
2.905 -0.128966 -0.00140536 -0.0299291 -0.342942 0.575108 -0.0316117 -1.71694 2.02931 -0.028654 -3.45057 8.95613 -0.00381458
2.955 0.510633 0.00473635 0.0400642 0.406126 0.258603 0.0414399 2.2527 -2.94223 0.0528839 0.127349 1.20835 0.0745499
3.005 0.0114383 0.00997408 0.0333835 0.125863 -0.264232 0.0331224 3.37234 -3.39448 0.0337585 4.11545 -8.55539 0.0135285
3.055 -0.742818 0.013611 -0.0730444 -0.51545 -0.575142 -0.0734256 0.603318 1.58891 -0.0351852 0.254147 -5.22717 -0.0669354
3.105 -0.638799 0.0152114 -0.0478563 -0.505897 -0.432785 -0.0468822 -1.21548 4.83805 -0.0131222 -4.47282 5.38972 -0.0157446
3.155 0.636531 0.014377 0.0716395 0.53306 0.0306428 0.071992 -0.0219551 1.46877 0.0572833 -3.39307 6.19226 0.0277113
3.205 1.52274 0.0113111 0.0282428 1.24104 0.425075 0.0276385 1.55104 -3.96977 0.0246951 2.94879 -3.48091 0.0364478
3.255 2.49966 0.00662541 -0.0671158 2.24835 0.429432 -0.0648013 2.59845 -3.95574 -0.0425479 6.14603 -7.06217 -0.0287062
3.305 2.37051 0.000941277 -0.0304973 2.33933 0.056073 -0.0300073 -0.263752 1.25118 -0.0344739 1.00184 1.91321 -0.0427617
3.355 1.60282 -0.00488671 0.0360479 1.81546 -0.364312 0.0377687 -2.31547 4.0857 0.0363658 -4.80278 8.98932 0.046372
3.405 -0.116832 -0.00983973 0.035207 0.189056 -0.462591 0.0367243 -1.1504 0.64859 0.0336646 -3.03135 2.23567 0.0604872
3.455 0.329463 -0.0133028 -0.0179623 0.495963 -0.142089 -0.0162794 1.85498 -3.73112 -0.00631314 3.5845 -8.14334 -0.0520577
3.505 -0.533498 -0.0148148 -0.0467332 -0.599018 0.338119 -0.0483818 0.33344 -2.36211 0.00011943 1.76578 -6.04456 -0.0546971
3.555 -0.503453 -0.0142044 0.0398453 -0.722409 0.576583 0.0416701 -2.4532 2.97973 0.0485871 -4.84536 4.68938 0.00570542
3.605 0.380579 -0.0113489 0.0762527 0.210988 0.36369 0.0766347 0.234965 4.54469 0.0294313 -2.55804 6.71149 0.0104811
3.655 0.530775 -0.00661343 -0.0144701 0.582177 -0.140669 -0.0124493 -0.222396 -0.159637 -0.0610542 2.87971 -2.65384 0.0309681
3.705 0.410281 -0.000730176 -0.0549811 0.610095 -0.534983 -0.0557807 3.45469 -4.6739 -0.0954152 5.10779 -7.33084 -0.0498846
3.755 0.438087 0.00547205 -0.00875657 0.600613 -0.506856 -0.0132018 2.51209 -2.804 -0.0129837 1.72427 0.960007 -0.0347833
3.805 -2.02469 0.0111244 0.0341152 -2.07029 -0.0914432 0.0331341 -4.12176 2.5542 0.0304074 -5.94138 8.91212 0.0750489
3.855 -2.47252 0.0154131 0.0512145 -2.73008 0.359142 0.0489165 -3.52415 3.69057 0.0413552 -4.31286 3.20036 0.0177371
3.905 -3.20598 0.0177879 -0.0367424 -3.48534 0.471811 -0.0355047 -2.78238 -0.776953 -0.0506841 1.91483 -7.64569 -0.0382689
3.955 -2.72854 0.0177116 -0.109144 -2.80498 0.164978 -0.108269 -0.742401 -4.01691 -0.0634805 0.335361 -6.76698 -0.00408742
4.005 -0.533152 0.0151952 0.03243 -0.359101 -0.285056 0.0312801 -0.962659 -1.02349 0.0665999 -1.62938 3.94214 0.00998017
4.055 -0.356325 0.0108312 0.100821 -0.0426998 -0.481021 0.100762 0.14127 4.01883 0.0660281 -0.690643 7.12416 0.0609478
4.105 0.331854 0.00495287 -0.0550068 0.545594 -0.243382 -0.0557891 1.10279 3.73972 0.0279908 3.54327 -1.81651 0.0241838
4.155 0.676635 -0.00163288 -0.0859586 0.663759 0.236988 -0.0855049 4.69296 -1.72647 -0.0884127 5.2756 -7.49213 -0.0694129
4.205 -0.902073 -0.00791034 -0.010054 -1.09317 0.558293 -0.01372 3.84427 -4.8371 -0.00963232 -0.781916 0.03184 -0.0384498
4.255 -2.88688 -0.0131649 0.0414714 -3.06312 0.444789 0.0404153 -0.94902 -1.40806 0.105763 -7.28823 8.73463 0.0396619
4.305 -2.10953 -0.0168441 0.0161898 -2.12295 -0.0222726 0.0143962 -7.29022 3.47246 0.0170684 -4.66749 4.10376 -0.0082244
4.355 -0.502669 -0.0181054 -0.0703781 -0.336842 -0.471105 -0.0701837 -4.04959 2.86206 -0.0956797 3.63678 -7.07127 -0.0730553
4.405 0.93351 -0.0169016 -0.0491663 1.1082 -0.547032 -0.0474322 -1.63827 -2.04875 -0.0203624 5.35999 -7.4018 0.0379179
4.455 1.85758 -0.0134897 0.141685 1.85394 -0.202184 0.137962 5.71059 -3.79403 0.0634966 -0.588296 3.15123 0.0371457
4.505 2.27673 -0.00838167 0.0505554 2.0565 0.269209 0.0492444 3.68616 0.425754 0.0257217 -3.28848 7.43756 0.00804147
4.555 1.33746 -0.00230848 -0.118182 1.04723 0.477595 -0.119719 0.438893 4.59761 -0.0867952 0.0843446 -0.967728 -0.00195356
4.605 0.721223 0.00385754 0.00427807 0.548605 0.260837 0.00516912 0.0970159 2.55865 -0.0517903 3.07129 -7.55167 -0.0167512
4.655 -0.574775 0.00937543 0.136601 -0.461956 -0.183411 0.138957 2.22869 -3.0518 0.0717547 0.727139 -0.875649 0.0273059
4.705 -0.569408 0.0132745 0.0289785 -0.259061 -0.465486 0.0314375 -1.84389 -4.49287 0.0197325 -2.84415 8.45953 0.0438886
4.755 0.825125 0.0148773 -0.0947447 1.08476 -0.332103 -0.0958632 -0.913321 0.0421135 -0.0830096 -0.610649 4.95023 -0.0525717
4.805 1.45006 0.014267 -0.0241031 1.51122 0.117951 -0.0250421 -3.15359 3.93933 -0.0157754 4.16416 -6.41836 -0.0248014
4.855 0.76728 0.0115191 0.0842317 0.623183 0.511598 0.0831331 0.990567 1.74812 0.0810491 1.48649 -7.95127 0.0461201
4.905 1.33534 0.00705027 0.0419403 1.14569 0.512447 0.043593 3.24106 -3.02751 0.0293016 -3.22141 2.31386 0.00405839
4.955 1.03717 0.00154395 -0.0959087 0.988061 0.104767 -0.0954319 3.28859 -3.13561 -0.066486 -4.69982 7.65301 -0.0369219
5.005 1.3563 -0.00415742 -0.0952303 1.49956 -0.388747 -0.105429 -0.170275 1.81073 -0.0117016 0.857387 -0.104648 -0.0137768
5.055 0.329794 -0.00914013 0.0861406 0.525034 -0.57276 0.0769311 -2.04765 4.69356 0.0708803 5.35555 -7.50752 0.0160586
5.105 -0.664891 -0.012778 0.0312027 -0.611516 -0.30923 0.0288176 -2.03495 1.16033 0.0426153 1.14229 -1.76439 0.00567048
5.155 0.438571 -0.0146382 -0.108002 0.269032 0.171834 -0.107283 1.15159 -4.02513 -0.0753944 -3.52317 8.08296 -0.0127403
5.205 1.16526 -0.0142312 -0.0396719 0.851427 0.467675 -0.0388204 0.841484 -3.73158 -0.034402 -0.607082 5.74024 -0.0303001
5.255 0.37267 -0.0115625 0.0741993 0.165562 0.340974 0.0763407 -1.58686 1.39369 0.0819853 2.30109 -5.68368 0.0202165
5.305 -0.879548 -0.0070821 0.0466872 -0.835738 -0.0841384 0.048319 -3.03655 3.95862 0.0445653 1.263 -8.41355 0.023731
5.355 -0.205669 -0.00143616 -0.0749515 0.0527692 -0.431748 -0.0749668 0.681975 0.49456 -0.070832 -2.37496 1.42722 -0.0327717
5.405 -0.838223 0.0046014 -0.0523909 -0.560469 -0.394094 -0.0531541 1.36112 -3.64025 -0.0511452 -4.84461 7.76585 -0.011944
5.455 -0.758955 0.0101846 0.0706162 -0.657278 0.00842078 0.0690882 0.849164 -2.14417 0.0575015 -0.569503 0.774497 0.0365977
5.505 -0.371817 0.0145266 0.0718061 -0.485138 0.443899 0.0707959 -0.745413 3.00419 0.0467351 5.66006 -7.35351 0.0138757
5.555 0.0132379 0.0170217 -0.0568035 -0.182348 0.545521 -0.0574509 -1.02411 4.33588 -0.0624664 3.69357 -2.63296 -0.0167601
5.605 0.158468 0.0173183 -0.068235 0.071476 0.217148 -0.0685289 0.611995 -0.315418 -0.0601669 -2.1581 7.59843 -0.00624052
5.655 -0.500274 0.0153378 0.0806004 -0.396494 -0.285164 0.0820775 2.65384 -4.59448 0.0413132 -3.47814 6.46866 0.0230156
5.705 -0.74257 0.0113013 0.0714199 -0.544162 -0.56261 0.0718188 0.0791292 -2.65523 0.0554959 0.800969 -4.86209 0.0167312
5.755 -0.684949 0.00573245 -0.0607443 -0.583959 -0.400516 -0.061238 -2.58794 2.54058 -0.0471765 3.14668 -8.78061 -0.025073
5.805 -0.671197 -0.000607799 -0.0565984 -0.78981 0.0565622 -0.0578883 -3.05073 3.56806 -0.0663302 -1.48234 0.488999 -0.0256382
5.855 0.088687 -0.00680028 0.0480389 -0.189204 0.426431 0.0477444 0.542174 -0.778067 0.0396048 -4.36666 7.76563 0.0400434
5.905 0.407636 -0.012149 0.0702561 0.165538 0.407371 0.0724126 3.63358 -3.85905 0.0585607 0.122594 1.66785 0.0301716
5.955 0.171188 -0.0158272 -0.0367751 0.14956 0.0294023 -0.0342117 1.93193 -0.922022 -0.0384901 3.92493 -7.07934 -0.0435119
6.005 0.195792 -0.0173783 -0.0804082 0.410733 -0.372777 -0.0798337 -0.583631 3.91906 -0.0573497 3.07641 -3.47404 -0.0237568
6.055 -0.188696 -0.0165923 0.0331699 0.102528 -0.443066 0.0319924 -1.39711 3.57302 0.0367393 -2.09659 6.99823 0.0398723
6.105 0.16583 -0.0136154 0.0807687 0.319186 -0.10741 0.0786044 0.0641329 -1.75321 0.0652503 -2.99757 7.1235 0.0216594
6.155 0.0905052 -0.00892133 -0.0396986 0.0171851 0.359662 -0.0406621 1.60137 -4.73596 -0.0262328 2.18969 -3.95031 -0.0337349
6.205 0.260117 -0.00319007 -0.0839718 0.0695836 0.563778 -0.0841817 -0.285669 -1.35925 -0.0586037 2.86402 -9.03831 -0.0402487
6.255 0.45076 0.00278658 0.0374965 0.324123 0.323012 0.0384303 -1.86632 3.4044 0.0255085 -1.16123 -0.498348 0.0187994
6.305 0.381925 0.00813463 0.0706598 0.443722 -0.177081 0.0707016 -1.13167 2.81157 0.0672013 -5.04293 7.63901 0.0508559
6.355 0.574672 0.012106 -0.0334385 0.76922 -0.536356 -0.033519 1.54051 -1.96882 -0.01326 -1.53276 2.56616 -0.0173957
6.405 0.506532 0.0141435 -0.0691929 0.649571 -0.472318 -0.0691248 2.80856 -3.66889 -0.0657783 4.65929 -6.67385 -0.0601866
6.455 0.162715 0.0139662 0.0131503 0.102843 -0.0520554 0.0129377 0.180832 0.437001 0.0147768 3.33443 -4.27296 0.0186584
6.505 -0.180793 0.0116305 0.0749343 -0.428131 0.368788 0.0749518 -2.53328 4.48307 0.0633195 -2.07296 6.27667 0.0590412
6.555 -0.33246 0.00747179 -0.00561808 -0.59183 0.445281 -0.00634729 -2.16337 2.45686 -0.0130069 -3.49379 7.68705 -0.012832
6.605 -0.14724 0.00229438 -0.0839785 -0.220018 0.129129 -0.0838206 0.384736 -3.04521 -0.0602701 1.18427 -2.95054 -0.0540506
6.655 -0.0827112 -0.00322606 0.0109384 0.087039 -0.296633 0.0119879 1.63015 -4.43176 0.00423234 3.47458 -9.16891 -0.00287167
6.705 -0.0904002 -0.00826243 0.088588 0.194882 -0.458471 0.0890129 -0.703238 0.0595471 0.0567854 -1.02796 -1.52439 0.0464202
6.755 -0.113834 -0.0120585 -0.00510083 0.0775018 -0.206891 -0.00601965 -1.62182 3.90689 -0.00697695 -4.94869 7.37136 0.0210075
6.805 -0.159859 -0.0140228 -0.0800274 -0.186273 0.256805 -0.0816028 -1.00413 1.74013 -0.0640967 -1.76344 3.45253 -0.0412329
6.855 -0.267919 -0.0138243 0.00527633 -0.456269 0.546235 0.00471511 1.56864 -2.9698 -0.000144608 3.93765 -6.12927 -0.0266201
6.905 -0.315615 -0.0114644 0.0759044 -0.48421 0.410966 0.0765177 1.99254 -3.05979 0.0566437 4.06284 -5.00873 0.0450622
6.955 -0.000420713 -0.00728169 0.00346946 0.000858816 -0.0527763 0.00492915 0.0715206 1.82527 9.40984e-06 -0.989933 5.43483 0.0294753
7.005 0.166924 -0.00188042 -0.066959 0.328561 -0.477556 -0.0652989 -1.47709 4.62064 -0.0614447 -2.97838 8.13761 -0.036048
7.055 0.00928934 0.00400372 -0.0147757 0.170194 -0.526173 -0.0145738 -0.0579637 1.05662 -0.00146032 0.303208 -1.87337 -0.0244403
7.105 0.177299 0.0095188 0.0703596 0.165726 -0.170095 0.0687749 2.11108 -4.06833 0.0614766 2.93757 -9.1543 0.0212196
7.155 0.0695751 0.0138889 0.0216762 -0.145667 0.287958 0.0206123 1.39931 -3.67846 0.00728575 -0.218983 -2.57085 0.018078
7.205 0.066544 0.0164808 -0.0769342 -0.20793 0.467696 -0.0764776 -1.56302 1.47585 -0.0577065 -4.54317 6.95182 -0.0103785
7.255 -0.141109 0.0169147 -0.02182 -0.267931 0.229944 -0.0206518 -2.66008 3.97084 -0.0149234 -2.34313 4.3034 -0.0170947
7.305 -0.294168 0.0151225 0.0751289 -0.17053 -0.208213 0.0756775 -0.693829 0.436448 0.0596973 3.50663 -5.44417 0.00571076
7.355 0.166964 0.0113273 0.0199866 0.451314 -0.459541 0.019397 2.3619 -3.65545 0.0205895 4.74936 -5.65594 0.0185901
7.405 -0.05548 0.00603607 -0.0702607 0.182104 -0.296742 -0.0712707 1.84254 -2.04947 -0.0601725 -0.67026 4.48203 -0.00613135
7.455 0.337329 -6.00591e-05 -0.0245271 0.369389 0.153082 -0.0256962 -0.268331 3.09987 -0.0236286 -3.57173 8.45274 -0.0143172
7.505 0.137788 -0.0061597 0.0623033 -0.0195207 0.514162 0.0619887 -1.37134 4.26983 0.060882 -0.041161 -0.737894 0.00998284
7.555 -0.109018 -0.0114243 0.0296003 -0.292696 0.477745 0.0299394 -0.149414 -0.511082 0.0306296 2.61275 -8.97966 0.00137763
7.605 -0.240977 -0.0151583 -0.0613883 -0.281454 0.0614711 -0.0607757 0.854901 -4.68787 -0.0569212 -0.10407 -3.61154 -0.016944
7.655 -0.177752 -0.0168648 -0.0402524 -0.0451343 -0.404433 -0.0392834 -0.243682 -2.51898 -0.0317944 -4.19083 6.37612 0.00622668
7.705 0.0843975 -0.0163493 0.0606894 0.256286 -0.550432 0.0612229 -2.54811 2.72709 0.0533242 -2.50344 5.09016 0.0192534
7.755 0.12662 -0.0137441 0.0436597 0.158485 -0.271074 0.0429148 -1.65938 3.54883 0.0334414 3.11395 -4.62604 -0.00639739
7.805 -0.0423411 -0.0094069 -0.0621934 -0.218894 0.192473 -0.0639139 1.0796 -0.959366 -0.050585 4.33952 -6.18816 -0.0184839
7.855 0.231547 -0.00394311 -0.0429195 -0.0468752 0.455999 -0.0442373 3.14987 -3.90233 -0.0412565 -0.123854 3.4371 0.00305381
7.905 0.234267 0.00187725 0.0612892 0.0599145 0.311076 0.0612776 1.42515 -0.717355 0.0421891 -2.95996 8.61326 0.0250793
7.955 -0.210292 0.00722305 0.0422851 -0.145159 -0.104685 0.0439905 -1.68566 4.08868 0.0447629 -0.855675 0.428391 0.00367144
8.005 -0.208154 0.0113225 -0.0516018 0.0536509 -0.425746 -0.0502473 -1.85189 3.41974 -0.0375398 2.67277 -8.63687 -0.0348981
8.055 -0.466433 0.0136011 -0.0426678 -0.195643 -0.366564 -0.0429205 0.0726097 -2.07116 -0.0435001 0.525477 -4.61519 -0.0117725
8.105 0.0269622 0.013771 0.0446796 0.123804 0.0363822 0.0431542 1.19697 -4.79386 0.0340912 -3.68342 5.64892 0.041395
8.155 0.172954 0.0118526 0.0480302 0.0613304 0.450957 0.0468277 0.267477 -1.07096 0.0428606 -2.63182 5.78264 0.0161385
8.205 0.113733 0.00815072 -0.0430302 -0.072824 0.524772 -0.0427874 -1.83263 3.63595 -0.0308441 2.26341 -3.69197 -0.0389935
8.255 -0.193079 0.00321565 -0.0542462 -0.272727 0.18159 -0.0525005 -1.02631 2.66377 -0.0395312 4.11589 -6.58188 -0.0170781
8.305 -0.119659 -0.00221393 0.0422602 -0.020054 -0.31021 0.0440903 1.70073 -2.25699 0.0267888 0.306419 2.32729 0.035254
8.355 -0.18804 -0.00730891 0.0557179 -0.00851206 -0.557493 0.0557379 1.897 -3.63474 0.0375937 -2.9192 8.60632 0.0231074
8.405 -0.0266594 -0.0112844 -0.0443564 0.0484493 -0.368358 -0.0456268 0.230193 0.780232 -0.0247639 -0.625599 1.59226 -0.0285687
8.455 0.0610591 -0.0134993 -0.055262 -0.0747434 0.0894923 -0.05693 -1.43778 4.6303 -0.0340855 3.06537 -8.12692 -0.036109
8.505 -0.140832 -0.0136753 0.0386626 -0.419393 0.431523 0.0383985 -0.962684 2.14533 0.0281376 0.755225 -5.54841 0.0209904
8.555 0.0774582 -0.0117312 0.051575 -0.150541 0.380107 0.0517446 1.59565 -3.41598 0.0390559 -3.90443 4.785 0.0409072
8.605 -0.0956398 -0.00791372 -0.0310525 -0.0995158 -0.00466512 -0.0298262 1.53223 -4.34843 -0.0289688 -3.41168 6.3535 -0.0182567
8.655 -0.0299029 -0.00273007 -0.0556137 0.18926 -0.380434 -0.0545809 -1.3379 0.476485 -0.0390071 1.81257 -2.66824 -0.0402802
8.705 -0.0846655 0.00303909 0.0230653 0.191755 -0.415113 0.0235868 -2.71518 4.06324 0.0303891 4.9675 -6.81993 0.0174185
8.755 -0.0732602 0.00854587 0.0611597 0.0620816 -0.0681779 0.0611804 -0.74327 1.43083 0.0440094 1.04899 1.18632 0.0367225
8.805 0.0769195 0.0130197 -0.0185217 0.00388466 0.374863 -0.0195237 2.1147 -3.25714 -0.0322611 -3.25733 8.42856 -0.0104558
8.855 0.0921164 0.0158219 -0.064484 -0.0901289 0.541221 -0.0659606 2.43548 -2.86661 -0.0517902 -1.01915 2.7182 -0.0332439
8.905 -0.063955 0.0165636 0.0197537 -0.175115 0.282002 0.0194843 -0.110525 2.23375 0.0268737 2.01433 -7.46091 0.000284853
8.955 -0.148697 0.0150995 0.0651333 -0.0851623 -0.203069 0.0661176 -2.03758 4.6285 0.0581138 1.36523 -6.38007 0.0307978
9.005 -0.155426 0.0116344 -0.0169855 0.0237543 -0.529072 -0.0160827 -0.455781 0.609306 -0.0192836 -3.06886 3.80858 0.00474932
9.055 0.0246308 0.00660773 -0.0587852 0.143452 -0.441637 -0.0593543 0.942166 -4.35898 -0.0625781 -3.57405 6.78123 -0.0310512
9.105 0.0892433 0.000704174 0.0142672 0.0166083 -0.0242289 0.0133001 1.07821 -3.41325 0.00981279 1.77209 -1.58801 -0.00441382
9.155 -0.064782 -0.00524345 0.0570434 -0.312138 0.3734 0.0557947 -1.74767 1.90486 0.0631971 4.39344 -6.89424 0.0330785
9.205 0.209744 -0.0104385 -0.00723164 -0.0382291 0.42613 -0.00665421 -1.68801 3.95499 -0.000375164 1.41415 0.0509087 0.003782
9.255 0.0447747 -0.0142102 -0.0588295 -0.0181463 0.103157 -0.0563617 0.246913 0.0376314 -0.0624166 -3.0582 8.0869 -0.0292803
9.305 -0.0137305 -0.0160828 0.000437829 0.162476 -0.307893 0.00402576 2.30291 -3.81098 -0.00907842 -1.98388 3.77226 -0.00314881
9.355 -0.127798 -0.0158384 0.0602763 0.151208 -0.444115 0.0616951 1.55206 -1.70945 0.0539527 2.37055 -6.66001 0.0228589
9.405 0.201713 -0.0135192 0.000869894 0.381644 -0.175609 0.000119598 -1.14741 3.43464 0.0142715 2.28673 -7.085 0.00368901
9.455 0.0543271 -0.00948779 -0.0648634 0.0273632 0.280959 -0.0662693 -1.73581 4.08615 -0.0426286 -2.58119 2.75103 -0.0212893
9.505 -0.0340239 -0.00432742 -0.00336971 -0.208378 0.54136 -0.00435573 0.308753 -0.976356 -0.0159351 -4.41113 7.0533 -0.00638924
9.555 0.0286025 0.00121675 0.0620266 -0.116146 0.37692 0.0621518 2.1602 -4.7891 0.0395986 0.649936 -0.487395 0.021599
9.605 -0.0299954 0.00634307 0.0055923 -0.0083838 -0.0906116 0.00598967 -0.165072 -2.13833 0.0138315 4.58458 -6.80695 0.0116848
9.655 0.175294 0.0103778 -0.0577537 0.345143 -0.487898 -0.0578923 -1.98279 3.02564 -0.032338 2.46172 -1.04387 -0.0231966
9.705 -0.00761082 0.0127754 -0.00918401 0.145128 -0.500099 -0.00994275 -2.04253 3.35881 -0.00999728 -2.5634 7.59775 -0.0108315
9.755 0.0698732 0.0131467 0.0563769 0.0447234 -0.130893 0.0561019 0.939662 -1.30733 0.0316758 -2.4515 4.7256 0.0221587
9.805 0.0281524 0.011541 0.0171953 -0.184141 0.305242 0.0167982 2.73573 -3.8594 0.00452775 1.87397 -5.75245 0.00871291
9.855 -0.173102 0.00813618 -0.0547435 -0.42952 0.448731 -0.0547844 0.651342 -0.340244 -0.035971 1.64187 -7.64575 -0.0203871
9.905 -0.139749 0.00351499 -0.0213476 -0.251424 0.194377 -0.020491 -1.52854 4.23187 -0.00246592 -2.27011 1.64743 -0.00893733
9.955 -0.0255628 -0.00163509 0.0556916 0.100272 -0.226016 0.0577741 -1.62001 3.09973 0.0408471 -3.89457 7.16727 0.0173428
10.005 0.103996 -0.00656569 0.0248953 0.371649 -0.442795 0.0268592 0.709043 -2.40936 0.0048359 0.431795 0.597772 0.0107993
10.055 -0.024758 -0.0105495 -0.052578 0.187902 -0.260496 -0.0522685 1.64957 -4.69129 -0.0471671 4.76371 -6.57022 -0.0118234
10.105 -0.154217 -0.0129738 -0.0235949 -0.138108 0.177426 -0.0255281 -0.159873 -0.711813 -0.010871 2.17858 -2.0671 -0.0107169
10.155 -0.0338201 -0.0134308 0.0510696 -0.192542 0.506848 0.0486317 -2.27658 3.72599 0.0482984 -2.38698 6.98548 0.0124004
10.205 0.0141724 -0.0118036 0.0257683 -0.161159 0.445409 0.024555 -1.22298 2.39781 0.0178653 -2.57532 5.55794 0.0107021
10.255 0.0386335 -0.00830445 -0.0465832 0.00369884 0.0288133 -0.0458831 1.45383 -2.43219 -0.0521427 1.50538 -4.7703 -0.0130841
10.305 -0.0116231 -0.00342452 -0.0280038 0.116452 -0.414928 -0.0266158 2.58376 -3.43507 -0.0260619 2.62826 -8.05588 -0.00885776
10.355 -0.0520597 0.00226007 0.0433981 0.111921 -0.533548 0.0446603 0.119784 1.05477 0.0478043 -1.69398 0.532223 0.0140512
10.405 -0.0214888 0.007717 0.0325222 0.000587296 -0.240733 0.0317416 -1.57995 4.55935 0.0325319 -4.35793 7.13018 0.00526579
10.455 -0.147367 0.0123027 -0.0439784 -0.32317 0.213703 -0.0454466 -1.04636 1.81798 -0.0410265 -0.719228 1.63647 -0.0142291
10.505 -0.0884059 0.0153497 -0.0370289 -0.350989 0.452325 -0.0369763 1.38995 -3.54458 -0.03605 4.22307 -6.20304 -0.00264265
10.555 0.0462959 0.0163917 0.0412176 -0.107354 0.285726 0.0427904 1.25101 -4.13023 0.0360079 3.38791 -2.99626 0.0152887
10.605 0.0755103 0.015251 0.0372892 0.153246 -0.129856 0.0392415 -1.02388 0.692081 0.0387709 -1.53554 6.27808 0.00347282
10.655 -0.0151223 0.0120736 -0.040869 0.24173 -0.426562 -0.039871 -2.43777 3.97494 -0.0279316 -2.92658 6.25795 -0.0185334
10.705 0.0644311 0.00729546 -0.0395569 0.314449 -0.338369 -0.0401522 -0.224799 1.22154 -0.0382258 0.839638 -3.74636 -0.00642775
10.755 0.251443 0.00156194 0.0365781 0.324892 0.071231 0.0348462 2.49373 -3.23068 0.0231178 2.72118 -8.31723 0.0211143
10.805 0.139006 -0.00435987 0.0410949 0.0160012 0.460666 0.0394909 1.90511 -2.62795 0.0368922 -1.32737 -0.563569 0.00840143
10.855 -0.0986924 -0.00967157 -0.0317262 -0.281323 0.497472 -0.0327054 -0.546179 2.32339 -0.0200287 -4.52638 6.95712 -0.025233
10.905 0.0426664 -0.0136496 -0.0429022 -0.0288827 0.138443 -0.0428413 -2.15495 4.42291 -0.0345523 -1.07631 2.60476 -0.0111379
10.955 -0.0332757 -0.0157625 0.027469 0.064034 -0.332924 0.0285179 -0.786259 0.392356 0.0180189 4.20817 -5.73007 0.028394
11.005 0.259749 -0.0157617 0.046077 0.42371 -0.541473 0.0474361 1.54435 -4.30189 0.0339784 3.64789 -3.81772 0.0161411
11.055 -0.0326518 -0.0137075 -0.0256001 0.0264823 -0.329653 -0.0247852 1.05739 -3.20536 -0.0178748 -1.5329 5.50492 -0.0268462
11.105 -0.0650545 -0.00997137 -0.0464511 -0.201399 0.116316 -0.0470267 -1.52854 1.94421 -0.0344093 -3.47862 6.82453 -0.0214669
11.155 0.0602012 -0.0050257 0.0226108 -0.193912 0.425449 0.0213449 -2.27394 3.79639 0.0161916 0.672797 -2.70903 0.0243307
11.205 -0.0406685 0.000413476 0.0457777 -0.231126 0.350511 0.0457353 0.0173414 -0.035793 0.0339061 2.87043 -8.44046 0.0271491
11.255 -0.129237 0.00556919 -0.0204509 -0.107614 -0.0294468 -0.0190338 1.99948 -3.6545 -0.0174637 -0.886071 -1.61652 -0.0203438
11.305 -0.093734 0.00970539 -0.0448799 0.131929 -0.379142 -0.0429347 1.625 -1.54207 -0.0341656 -4.16734 6.66733 -0.0335889
11.355 -0.122022 0.0122452 0.0191891 0.147976 -0.389765 0.0195439 -1.16311 3.36167 0.0156145 -1.74325 3.48763 0.0151711
11.405 -0.0593961 0.0128689 0.0470166 0.0707857 -0.0395009 0.0446669 -1.88917 3.865 0.0367169 3.57111 -5.17553 0.0373721
11.455 -0.133516 0.0115456 -0.0149254 -0.206689 0.384781 -0.0180299 0.320966 -1.05097 -0.0116872 3.88637 -4.52664 -0.00882399
11.505 -0.0256176 0.00850919 -0.0483463 -0.201052 0.52447 -0.0500044 1.83448 -4.64831 -0.037202 -0.871551 4.69136 -0.037863
11.555 -0.0783911 0.0042152 0.0103397 -0.182686 0.249488 0.0111702 0.23747 -2.01702 0.00978061 -3.10384 7.26299 0.00174065
11.605 0.00719035 -0.000705989 0.0484884 0.0691415 -0.228754 0.0507378 -1.80146 2.95525 0.0370629 0.246814 -1.68141 0.0364784
11.655 -0.0383104 -0.00551873 -0.00811797 0.125021 -0.528872 -0.00617161 -1.61676 3.23385 -0.00807311 2.81322 -8.44005 0.0053572
11.705 -0.0933899 -0.00949019 -0.0518488 0.00333416 -0.414877 -0.0515877 1.23942 -1.26537 -0.0370939 -0.314029 -2.61049 -0.0334502
11.755 -0.116904 -0.012025 0.00361269 -0.209867 0.00830055 0.00285449 2.5121 -3.68521 0.00650672 -4.07688 6.28156 -0.0122394
11.805 -0.0631226 -0.0127224 0.0467781 -0.310168 0.384349 0.0469366 0.913707 -0.274231 0.0392424 -2.19353 4.27848 0.0285394
11.855 0.111136 -0.0114627 -0.00240833 -0.121721 0.405451 -0.00196964 -1.40692 4.09346 -0.00392057 3.62188 -4.56204 0.0163636
11.905 0.102915 -0.00839745 -0.048197 0.0585953 0.0694303 -0.0474111 -1.31427 2.93626 -0.0395666 4.33129 -5.12596 -0.0228764
11.955 0.188921 -0.00392649 -0.00193946 0.366972 -0.32237 -0.00125916 1.00802 -2.40383 0.00129773 -0.484002 3.85747 -0.0177531
12.005 -0.0509775 0.00133182 0.0478985 0.216056 -0.423422 0.0480053 1.73785 -4.56555 0.0400534 -3.39267 7.5839 0.0172308
12.055 0.0131155 0.00662037 0.0066579 0.177515 -0.136617 0.00569394 -0.488543 -0.659417 0.00240923 -0.735923 -0.677548 0.0167701
12.105 0.0534999 0.011168 -0.0463271 0.0184377 0.303155 -0.0483337 -2.41919 3.64972 -0.0410849 2.89767 -8.33182 -0.0123496
12.155 -0.038232 0.0143179 -0.00967477 -0.203989 0.526029 -0.0120132 -1.57985 2.33388 -0.00521581 0.279756 -3.53829 -0.0142072
12.205 -0.0290708 0.0156166 0.0451317 -0.158297 0.336708 0.0443244 1.19858 -2.36547 0.0407045 -3.86361 5.81749 0.00690275
12.255 -0.0271679 0.0148568 0.0102753 -2.5951e-05 -0.122133 0.011789 2.42849 -3.31011 0.00930475 -2.30337 4.97741 0.0109257
12.305 0.140678 0.0120988 -0.044494 0.294898 -0.486834 -0.041863 0.232479 1.07914 -0.0392853 2.83394 -3.90564 -0.00362654
12.355 0.090772 0.00765089 -0.0110275 0.219714 -0.471411 -0.00944339 -1.68309 4.44738 -0.0117129 4.33033 -5.622 -0.00680089
12.405 0.00918509 0.00217357 0.0433857 -0.0282678 -0.100501 0.0422045 -0.770387 1.69416 0.0375677 -0.295397 3.01595 0.00437841
12.455 0.00810542 -0.0036093 0.013414 -0.204244 0.313876 0.0114724 1.03025 -3.55544 0.015497 -3.356 7.79852 0.00301517
12.505 -0.0734803 -0.00888098 -0.0429941 -0.318868 0.432341 -0.0441607 0.915579 -4.04264 -0.0375785 -0.586731 0.294467 -0.00591352
12.555 0.0452395 -0.0129322 -0.0172235 -0.0504641 0.169015 -0.0161956 -1.17534 0.760908 -0.0186776 2.68374 -8.12935 0.000618736
12.605 -0.04129 -0.0152418 0.0424607 0.0879729 -0.239037 0.0447372 -2.4432 3.95188 0.0341845 0.657471 -4.39856 0.00862748
12.655 -0.0787061 -0.0155249 0.0216086 0.18108 -0.432218 0.0228227 -0.248764 1.15974 0.0197016 -3.81182 5.28833 -0.00333108
12.705 -0.0929494 -0.0137638 -0.0407941 0.108679 -0.232765 -0.0417451 2.26323 -3.22297 -0.0307359 -2.87226 5.58906 -0.0117965
12.755 -0.0679942 -0.0102259 -0.0246643 -0.0559061 0.201746 -0.0268584 2.19324 -2.53066 -0.0196946 2.63431 -3.21655 0.00347814
12.805 -0.0330946 -0.00544149 0.0377412 -0.182405 0.506996 0.0364319 -0.400165 2.3969 0.0296462 4.79245 -6.02304 0.0145627
12.855 0.106917 -0.00012134 0.0246174 -0.0477765 0.417387 0.0249213 -1.73711 4.35435 0.0221745 0.642205 2.17213 -0.0010631
12.905 0.0721208 0.0049909 -0.0370098 0.0587778 -0.00800932 -0.0351558 0.0573569 0.226978 -0.0258701 -3.16619 7.91603 -0.0179539
12.955 -0.0330784 0.00916282 -0.0287181 0.107077 -0.43103 -0.0263261 1.69821 -4.37912 -0.0227478 -1.33697 1.23382 -0.00149279
13.005 -0.000371617 0.0118176 0.0331021 0.154685 -0.514661 0.0339375 0.900576 -3.09616 0.024641 2.2628 -7.84133 0.0204737
13.055 0.0669711 0.0126248 0.0284609 0.078834 -0.202504 0.027701 -1.67353 2.10287 0.0237039 1.25835 -5.19374 0.00430962
13.105 0.0953448 0.0114939 -0.0304723 -0.0801622 0.237699 -0.0318389 -2.27901 3.79686 -0.0233355 -3.32815 4.70042 -0.0227543
13.155 0.0832939 0.00862446 -0.0305872 -0.164265 0.441236 -0.0319309 0.322578 -0.181233 -0.0227943 -3.05984 6.11802 -0.00894766
13.205 -0.0152635 0.00447972 0.0276557 -0.149424 0.25131 0.0274165 2.53092 -3.71215 0.0216293 2.08044 -2.49814 0.0218086
13.255 0.0893278 -0.000299679 0.0326214 0.174218 -0.154239 0.0338595 1.50348 -1.39002 0.0237838 4.48495 -6.33428 0.0117694
13.305 0.0775185 -0.00500687 -0.0272401 0.321423 -0.417592 -0.0253512 -1.07145 3.5237 -0.0190847 0.969547 1.32705 -0.0195838
13.355 0.00647577 -0.00896302 -0.0329772 0.231809 -0.30411 -0.0322137 -1.73667 3.77345 -0.0239124 -3.47751 7.94119 -0.0140667
13.405 0.0406937 -0.0115935 0.0263011 0.0955608 0.10012 0.0250777 0.0747564 -1.32413 0.0181052 -1.50973 2.14178 0.0183782
13.455 -0.125165 -0.0124729 0.0328824 -0.249674 0.459495 0.0309684 1.30017 -4.75047 0.0236089 2.32314 -7.47096 0.0176902
13.505 -0.0572792 -0.0114311 -0.0236316 -0.231341 0.468065 -0.0249937 -0.340966 -1.80056 -0.0194313 1.18528 -5.92656 -0.0156372
13.555 -0.00324091 -0.00859302 -0.0350654 -0.0679551 0.10472 -0.0342579 -2.28935 3.19778 -0.0233429 -3.01492 4.05489 -0.0201363
13.605 -0.0430117 -0.00435766 0.0216142 0.0508792 -0.346375 0.0239554 -1.69269 3.16795 0.0196333 -3.70875 6.56719 0.0137139
13.655 -0.0959988 0.000676619 0.0376907 0.0561326 -0.527569 0.0391751 0.901828 -1.52692 0.0245718 1.41721 -1.74909 0.0206733
13.705 0.0154391 0.0058144 -0.01745 0.0637511 -0.301199 -0.0184252 2.82403 -3.73026 -0.0213987 4.8679 -6.55681 -0.0116078
13.755 0.104992 0.0103502 -0.0373653 -0.0317611 0.137774 -0.039808 0.801911 -0.00126866 -0.0287588 1.62976 0.478345 -0.0208332
13.805 -0.0147792 0.0136421 0.0149471 -0.259935 0.424505 0.013172 -1.60566 4.29209 0.0222192 -3.07176 7.87257 0.00967162
13.855 -0.0286657 0.0151948 0.0400778 -0.202968 0.328501 0.0405469 -1.16544 2.73149 0.0330202 -1.97346 3.01967 0.0216608
13.905 -0.0797751 0.0147477 -0.0122141 -0.0456317 -0.054418 -0.010057 1.10804 -2.76972 -0.0186601 2.06088 -7.01547 -0.0069691
13.955 -0.112077 0.0123326 -0.0399918 0.112673 -0.38456 -0.0379918 1.46634 -4.59172 -0.0378928 1.63219 -6.59661 -0.0221063
14.005 -0.056157 0.00826844 0.00990237 0.198338 -0.367361 0.0104437 -0.657576 -0.306274 0.0130813 -2.59814 3.3484 0.00411689
14.055 -0.171534 0.00309833 0.03742 -0.0620237 -0.00534473 0.0361773 -2.43594 3.88466 0.0428591 -3.74911 6.93372 0.0223353
14.105 -0.00162756 -0.00246236 -0.00827402 -0.087285 0.40106 -0.00977884 -0.786663 2.1293 -0.00645041 1.35302 -0.966784 -0.00301312
14.155 0.0412976 -0.0077211 -0.0372944 -0.130718 0.505604 -0.039276 2.11772 -2.68216 -0.0409944 4.97182 -6.68598 -0.0245213
14.205 0.0848571 -0.0119422 0.00459364 -0.00996261 0.208538 0.00436212 2.61098 -3.24127 0.000325361 1.74929 -0.374782 0.00136871
14.255 0.13148 -0.0145359 0.0375279 0.194834 -0.257907 0.0386385 0.511823 1.45441 0.0410096 -2.76532 7.7044 0.0250591
14.305 -0.028091 -0.0151641 -0.00200798 0.122783 -0.521888 -0.000488087 -1.90374 4.56883 0.00873771 -2.448 3.86544 0.00181773
14.355 -0.0712258 -0.0137833 -0.0380776 0.00840728 -0.379579 -0.0374447 -1.06151 1.34306 -0.0349026 1.80019 -6.46902 -0.0234814
14.405 -0.0499253 -0.0106317 0.000715287 -0.148099 0.0395544 -0.000339577 1.10107 -3.91073 -0.0136416 2.0452 -7.19897 -0.00585048
14.455 0.0789999 -0.00617545 0.0386801 -0.154029 0.38508 0.036714 0.955915 -3.90951 0.0259924 -2.33917 2.5764 0.0214748
14.505 0.0333874 -0.00104645 -5.15771e-05 -0.169892 0.378476 -0.00101116 -1.30437 1.18396 0.013645 -3.85495 7.2102 0.00871804
14.555 0.156099 0.0040247 -0.0382425 0.138342 0.0418885 -0.0368406 -2.0781 4.06268 -0.0214283 0.628801 -0.149189 -0.0193999
14.605 0.0687033 0.00830176 -0.00279627 0.257522 -0.325273 -2.05504e-05 -0.133608 0.829844 -0.0104964 4.70095 -6.71193 -0.0119792
14.655 0.0205745 0.0111371 0.0383882 0.284047 -0.399774 0.0403837 2.27379 -3.46986 0.0160242 2.11632 -1.22961 0.0178011
14.705 -0.0508836 0.0121529 0.00571812 0.102283 -0.106634 0.00461 1.6553 -2.30386 0.00605698 -2.65319 7.42684 0.0146009
14.755 -0.0581249 0.0113212 -0.0372571 -0.0958656 0.315694 -0.0404896 -1.02161 2.76758 -0.0162722 -2.55126 4.67147 -0.0128527
14.805 -0.00616197 0.00876937 -0.00887358 -0.165261 0.511683 -0.0116724 -1.99263 4.30371 6.41882e-05 1.66285 -5.82446 -0.0147979
14.855 -0.00182626 0.00490145 0.0361476 -0.123448 0.305456 0.0358849 -0.242259 -0.205349 0.0183021 2.14916 -7.72222 0.00829022
14.905 0.0318673 0.000296658 0.0126329 0.0584807 -0.148925 0.0145175 1.65443 -4.59501 -0.00356734 -2.1661 1.73664 0.0134234
14.955 0.0411294 -0.00435236 -0.0345969 0.183175 -0.490682 -0.0326055 0.764954 -2.80769 -0.0248965 -3.99693 7.38349 -0.00434552
15.005 -0.053826 -0.00833218 -0.0137152 0.0560057 -0.449418 -0.0132335 -1.92371 2.46451 0.00384842 0.102772 0.700209 -0.0119755
15.055 -0.10622 -0.011028 0.0331965 -0.161434 -0.0691089 0.0319668 -2.17984 3.72555 0.0309479 4.68522 -6.62217 0.000847473
15.105 0.00118511 -0.0120295 0.0146032 -0.216586 0.329658 0.0135902 0.525848 -0.532013 -0.000231412 2.82013 -2.07744 0.0093448
15.155 0.0305487 -0.0111841 -0.0324648 -0.204491 0.418973 -0.0321748 2.72406 -3.783 -0.0371537 -2.29671 7.03035 0.00324982
15.205 -0.0179693 -0.00859886 -0.0173198 -0.0965278 0.138127 -0.0156951 1.58935 -1.06206 -0.00737399 -2.80631 5.42415 -0.00372568
15.255 0.00220432 -0.00461674 0.0300187 0.140957 -0.258413 0.0320432 -0.896849 3.75536 0.0394879 1.12704 -5.0779 -0.00210544
15.305 -0.0481936 0.000216881 0.0181126 0.205678 -0.419591 0.0193887 -1.5657 3.54401 0.0163535 2.50477 -8.15037 -0.00197484
15.355 0.000809572 0.00522131 -0.0302264 0.187523 -0.196973 -0.0309019 0.416851 -1.70512 -0.0370149 -1.56674 0.831479 -0.0013388
15.405 -0.045389 0.00973751 -0.0192133 -0.0425134 0.22876 -0.021434 1.40301 -4.75704 -0.0248732 -4.03266 7.43756 0.0050141
15.455 -0.0776149 0.0129949 0.02784 -0.221153 0.499402 0.0252452 -0.0894153 -1.45562 0.0320151 -0.329729 1.57215 0.00414212
15.505 0.00248749 0.0146026 0.0205672 -0.137955 0.380204 0.0188836 -2.14584 3.38204 0.0302202 4.44592 -6.40363 -0.00781471
15.555 0.168972 0.0143285 -0.0272438 0.162363 -0.0434894 -0.0272071 -1.23596 2.95776 -0.0248605 3.17075 -2.90243 -0.00870775
15.605 0.0262695 0.0121794 -0.0224686 0.153737 -0.436145 -0.0204224 1.39724 -1.7642 -0.0313835 -2.1582 6.50809 0.00950931
15.655 -0.1244 0.00840389 0.0266653 0.00875624 -0.488354 0.0286715 2.50432 -3.60704 0.0165046 -3.33073 6.10397 0.0157627
15.705 0.0132997 0.00348612 0.0243299 0.00724669 -0.16957 0.0245285 0.534217 0.301653 0.0291894 1.04307 -4.23072 -0.00665694
15.755 0.0756923 -0.0019071 -0.0251975 -0.103186 0.250425 -0.0269006 -1.94519 4.30804 -0.00970323 2.92081 -8.46364 -0.0224444
15.805 0.179266 -0.00703441 -0.0268109 -0.0584896 0.426909 -0.0282113 -1.27741 2.41395 -0.0258831 -1.09337 -0.128965 0.00187359
15.855 0.00125418 -0.0112079 0.0206121 -0.120752 0.225302 0.021356 1.08788 -2.97988 0.00734564 -4.38531 7.35664 0.0257201
15.905 -0.0680857 -0.0138872 0.0280572 0.0206818 -0.169469 0.0309132 1.34704 -4.42146 0.0206299 -1.15595 2.44987 0.00378521
15.955 -0.0156341 -0.0147451 -0.0185111 0.226273 -0.409802 -0.0166318 -0.898368 -0.036344 -0.00663272 4.27532 -6.04686 -0.0278267
16.005 0.0535751 -0.0136763 -0.0285086 0.270871 -0.278778 -0.0291631 -2.4073 3.86387 -0.0174097 3.70885 -3.68303 -0.00946255
16.055 -0.00932072 -0.0108334 0.0178406 0.0402383 0.12436 0.0148374 -0.909581 1.8975 0.00717093 -1.61522 5.85927 0.0292038
16.105 0.034036 -0.00662481 0.0286196 -0.0865494 0.463345 0.0255313 1.95619 -2.72633 0.0155165 -3.19767 6.68801 0.0187445
16.155 -0.0217775 -0.00166766 -0.0151426 -0.180154 0.445618 -0.0163378 2.55086 -3.00477 -0.0115551 0.484672 -3.29192 -0.0251516
16.205 -0.0422539 0.00331707 -0.0288292 -0.0882809 0.0702809 -0.0278831 -0.00194631 1.61614 -0.0159219 2.54609 -8.64249 -0.0269745
16.255 -0.0823965 0.00762481 0.0136086 0.0224465 -0.366581 0.0155939 -1.89771 4.39586 0.0119487 -0.801409 -1.12719 0.0189795
16.305 -0.00716514 0.0106634 0.0286285 0.143505 -0.51624 0.0303391 -0.754755 1.06526 0.0176415 -3.94967 7.12775 0.0309318
16.355 -0.0310237 0.0120214 -0.0121678 0.0102813 -0.266835 -0.0115952 1.14134 -3.91692 -0.0138573 -1.14068 3.30958 -0.0121592
16.405 0.104413 0.0115144 -0.0285491 -0.0354422 0.165704 -0.0286757 1.22894 -3.67257 -0.0206486 4.05868 -5.54852 -0.0327661
16.455 -0.016014 0.00924259 0.00933737 -0.248026 0.421392 0.00881809 -1.18336 1.29688 0.0136006 3.65347 -4.3937 0.00563628
16.505 -0.0420036 0.00555594 0.0303202 -0.196049 0.29811 0.0303875 -2.05673 3.90758 0.0234267 -1.61948 5.09116 0.0346279
16.555 -0.0257358 0.000996442 -0.00837553 0.0201247 -0.0825168 -0.00721563 -0.024524 0.687338 -0.0127094 -3.2954 7.15304 0.00407187
16.605 0.0462183 -0.00368195 -0.0315378 0.26334 -0.38272 -0.0298767 2.23351 -3.34274 -0.0267081 0.377028 -2.27916 -0.0314281
16.655 -0.00794576 -0.00774606 0.00824879 0.225824 -0.336188 0.00860132 1.59593 -2.07545 0.00827668 2.8616 -8.67063 -0.0124722
16.705 0.12785 -0.0106375 0.0322072 0.216791 0.0270984 0.0307463 -0.533503 2.75398 0.028819 -0.19101 -2.1383 0.0242664
16.755 0.0472237 -0.0119261 -0.00463188 -0.0454663 0.405873 -0.00777001 -1.61996 4.04619 -0.00538628 -4.13931 6.74478 0.0163896
16.805 -0.0130636 -0.0113804 -0.032199 -0.180854 0.478791 -0.034888 -0.139341 -0.36139 -0.0282968 -2.08318 4.12389 -0.0182763
16.855 -0.0209189 -0.0090391 0.00145859 -0.109561 0.172403 0.0014408 1.39005 -4.46156 0.00370266 3.4969 -4.91347 -0.0184693
16.905 -0.0875082 -0.0052253 0.031301 -0.0260085 -0.275829 0.0341895 0.125741 -2.61201 0.0282434 4.05453 -5.00791 0.0129882
16.955 0.010139 -0.000504895 0.000160948 0.150385 -0.511071 0.00324037 -2.09328 2.436 -0.000232583 -0.593387 4.2201 0.0194859
17.005 0.0438563 0.00444298 -0.0306453 0.111476 -0.351664 -0.0304685 -1.80557 3.54941 -0.0290107 -3.29674 7.4787 -0.00480119
17.055 0.0538916 0.00891472 -0.00253829 -0.0472699 0.062568 -0.00441768 0.759213 -0.550915 -0.00232116 -0.416994 -1.21763 -0.0171213
17.105 0.0324255 0.0123312 0.0286178 -0.190246 0.38733 0.0246608 2.86299 -3.58225 0.0286021 2.60486 -8.53785 -0.00180092
17.155 -0.0868009 0.0141362 -0.00204943 -0.274373 0.360087 -0.000204829 1.14865 -0.920153 0.0054921 -0.0254375 -3.13245 0.0097924
17.205 -0.0610221 0.0141063 -0.0332659 -0.0662162 0.0183408 -0.029622 -1.49197 3.62732 -0.0260495 -3.76603 6.21015 0.002202
17.255 -0.0852018 0.0122184 -0.00632247 0.104228 -0.333775 -0.00479932 -1.79745 3.30793 -0.00655961 -2.00948 4.86339 -0.0063784
17.305 -0.0802992 0.00871441 0.0295622 0.170524 -0.383366 0.0293511 0.166214 -1.74989 0.0243458 3.1118 -4.15652 -0.00304021
17.355 -0.0384212 0.00412814 0.00733895 0.100489 -0.0759044 0.00540894 1.60314 -4.59058 0.0120633 4.25094 -5.50221 0.00192064
17.405 0.0768416 -0.000995809 -0.0289672 0.0278579 0.335095 -0.0313325 0.23279 -1.33723 -0.0229814 -0.317718 3.27057 0.0050414
17.455 0.000744238 -0.00601873 -0.00936429 -0.159351 0.500141 -0.0110208 -1.78842 3.30061 -0.0124825 -3.42031 7.65128 0.00452562
17.505 0.0259707 -0.0102034 0.0274541 -0.0881261 0.268879 0.0280025 -1.2277 2.83409 0.0189394 -0.722498 -0.137896 -0.00193186
17.555 -0.0573213 -0.0130099 0.00864916 -0.0265693 -0.18115 0.0106769 1.22211 -1.71562 0.0100677 2.7778 -8.24334 -0.00908091
17.605 -0.0495038 -0.0140851 -0.028426 0.0851152 -0.49093 -0.0257399 2.3695 -3.43155 -0.0204824 0.623923 -4.0786 -0.00452614
17.655 0.0195452 -0.0133145 -0.0102183 0.110979 -0.417733 -0.0084915 0.532326 0.366827 -0.010477 -3.44942 5.53551 0.00857347
17.705 0.0206619 -0.0107948 0.0280159 -0.0432977 -0.0339385 0.0278833 -1.50622 4.16641 0.0181962 -2.68813 5.50168 0.0102809
17.755 0.0456208 -0.00694518 0.0133205 -0.160971 0.337772 0.0111793 -1.05177 2.23499 0.0101955 2.45844 -3.29995 -0.0072045
17.805 0.0473395 -0.002301 -0.0253242 -0.160827 0.395515 -0.027335 1.01614 -2.99448 -0.0180317 4.48077 -5.85874 -0.0121837
17.855 0.0720181 0.00249294 -0.0150477 0.0201492 0.107272 -0.015234 1.20037 -4.29107 -0.00970747 0.354034 2.27263 0.00739957
17.905 -0.0750053 0.00675377 0.0252211 0.0762131 -0.267687 0.027079 -0.914847 0.0540031 0.0173651 -3.31584 7.66487 0.0172002
17.955 0.0146011 0.00986296 0.0183813 0.265664 -0.399597 0.0202959 -2.37812 3.8176 0.00940083 -1.25279 0.927055 -0.0041496
18.005 -0.0643203 0.0113809 -0.0227917 0.11473 -0.165788 -0.023091 -0.776004 1.81479 -0.0189202 2.30113 -7.79495 -0.0204818
18.055 -0.0202379 0.0110599 -0.0181677 -0.018829 0.245117 -0.0210883 1.83624 -2.70269 -0.0130407 0.825522 -4.94664 -0.0025329
18.105 -0.0182751 0.00897336 0.0207337 -0.155281 0.48855 0.0176404 2.27419 -2.88463 0.0179203 -3.13066 4.74176 0.0190306
18.155 -0.0133086 0.00567179 0.0182983 -0.14759 0.35085 0.0171298 -0.192252 1.68089 0.0143208 -2.80359 6.0174 0.00685067
18.205 -0.0723751 0.00146206 -0.0200432 -0.0788229 -0.0704491 -0.0182736 -1.97721 4.30315 -0.0171582 2.03779 -2.37324 -0.0175939
18.255 0.0205009 -0.00301127 -0.0187834 0.138216 -0.442599 -0.0158281 -0.622548 0.897951 -0.0143891 4.5682 -6.06835 -0.00882185
18.305 0.0173551 -0.00705645 0.0183915 0.13365 -0.470609 0.0199448 1.22388 -3.97864 0.0171517 0.797252 1.25925 0.0183932
18.355 0.00643439 -0.0100363 0.0196682 -0.0154225 -0.140947 0.018757 1.10463 -3.56401 0.0166851 -3.2935 7.52418 0.0125318
18.405 -0.0631127 -0.0114801 -0.0174312 -0.24806 0.267877 -0.0195735 -1.30166 1.44089 -0.0151315 -1.71035 1.946 -0.0164472
18.455 -0.117624 -0.0111588 -0.0210499 -0.348442 0.418608 -0.0223965 -2.30304 3.91527 -0.0176104 2.04323 -7.21003 -0.0161479
18.505 0.0352868 -0.00909936 0.01703 -0.0723555 0.197613 0.0175162 -0.0109044 0.571932 0.0126132 1.58785 -5.71283 0.0105129
18.555 -0.0512435 -0.00551046 0.0223029 0.0478931 -0.191727 0.0240072 2.38772 -3.39406 0.0162904 -2.57462 3.85531 0.0149208
18.605 0.0311839 -0.000935581 -0.0156891 0.266011 -0.404024 -0.0141219 2.03662 -1.95953 -0.0132567 -3.21009 6.39769 -0.00795203
18.655 0.0693639 0.0039467 -0.0231989 0.270891 -0.246673 -0.0229622 -0.535258 2.88817 -0.0167025 1.61392 -1.40798 -0.0143086
18.705 -0.00685142 0.00847121 0.013969 0.0306242 0.155445 0.0126593 -1.84013 3.98069 0.0143205 4.39515 -6.13071 0.00865751
18.755 0.0632903 0.011977 0.023725 -0.0553754 0.46434 0.0214515 -0.0913228 -0.593801 0.0193958 1.32155 0.262347 0.0176049
18.805 0.0570278 0.0139238 -0.0114438 -0.0898464 0.413361 -0.0132003 1.42361 -4.57812 -0.012663 -2.79315 7.24125 -0.00549178
18.855 0.0347833 0.0140945 -0.0243998 -0.00113734 0.0315687 -0.0242845 0.358099 -2.4508 -0.0207941 -2.07017 2.89186 -0.0172895
18.905 -0.0532538 0.0124291 0.00982841 0.0469736 -0.379538 0.0120353 -1.91255 2.671 0.0112352 1.64678 -6.51235 0.00169844
18.955 0.0289903 0.00912818 0.0268673 0.160836 -0.49494 0.0293307 -1.73955 3.54923 0.0224342 1.54469 -6.35988 0.0132536
19.005 0.0262665 0.00461598 -0.00665318 0.0472305 -0.232429 -0.00620671 0.726516 -0.764415 -0.00913834 -2.23161 2.90733 -0.00190288
19.055 0.03961 -0.000525748 -0.0252855 -0.105648 0.183559 -0.0271888 2.61808 -3.6746 -0.0257848 -3.23852 6.63855 -0.0135466
19.105 0.029813 -0.00564787 0.00616528 -0.195568 0.410625 0.00360229 1.23584 -0.728591 0.00664852 1.09969 -0.436052 0.00212169
19.155 -0.0126889 -0.00996612 0.0243104 -0.155214 0.27196 0.0238946 -1.60477 3.82982 0.0280846 4.48134 -6.05495 0.0165847
19.205 -0.0568595 -0.0128783 -0.00445351 -0.00653257 -0.0999791 -0.00280567 -1.65837 3.18902 -5.07633e-05 1.65733 -0.690399 0.00220239
19.255 -0.0353994 -0.0140903 -0.0244204 0.175973 -0.377177 -0.0215343 0.446932 -2.07756 -0.0247197 -2.82559 6.83676 -0.0152589
19.305 -0.016043 -0.0135038 0.00305646 0.20589 -0.312328 0.00410318 1.4943 -4.68927 -0.00357633 -2.36275 3.74574 -0.00432889
19.355 0.0363131 -0.0112133 0.0233486 0.118835 0.0511281 0.0213243 -0.271651 -1.06019 0.0228811 1.46568 -5.72918 0.011823
19.405 0.00609319 -0.00754835 -0.00313942 -0.0824158 0.411555 -0.00642871 -2.22704 3.57815 0.00661824 1.96099 -6.88043 0.00270663
19.455 -0.00883015 -0.00304366 -0.0244764 -0.162883 0.459782 -0.0264839 -1.16252 2.73805 -0.0192577 -1.89323 1.92724 -0.0133782
19.505 0.0170822 0.00164616 0.00136757 -0.0547828 0.140044 0.00190077 1.62104 -2.01711 -0.00927337 -3.41289 6.74445 -0.00502856
19.555 -0.0553923 0.00585934 0.0253257 0.0169277 -0.298494 0.0274535 2.61115 -3.47 0.0130039 0.504671 0.515066 0.0131051
19.605 0.00982767 0.00902545 0.000871964 0.150144 -0.505851 0.00261426 0.47839 0.665342 0.00677034 4.31446 -5.85613 0.00988492
19.655 0.00608432 0.0107297 -0.0242944 0.0678378 -0.32156 -0.0241111 -1.75402 4.35305 -0.0089931 2.41428 -1.57797 -0.00740062
19.705 -0.0237623 0.0107536 -0.00142542 -0.127297 0.0929186 -0.00261349 -1.22843 1.99325 -0.00158349 -2.36987 6.33337 -0.00884058
19.755 -0.0398073 0.00937469 0.0252941 -0.254435 0.391838 0.0239235 1.03634 -3.36033 0.00864534 -2.69675 4.49586 0.00429091
19.805 0.0232833 0.0063931 0.00398478 -0.147903 0.335099 0.00356983 1.45904 -4.27281 -0.00280514 1.00864 -4.88875 0.00610236
19.855 0.0222158 0.00242368 -0.0244461 0.0304661 -0.0120389 -0.0233848 -0.99279 0.433233 -0.0115574 2.06959 -7.27476 -0.00504399
19.905 0.0434076 -0.00186788 -0.00559862 0.231053 -0.339468 -0.0032889 -2.26339 4.02739 0.00541614 -1.40196 0.94264 -0.00772555
19.955 0.00724353 -0.00583789 0.0236022 0.240357 -0.357297 0.0255142 -0.52672 1.5834 0.0145638 -3.49843 6.72696 0.00247357
20.005 0.00756315 -0.00890116 0.00747088 0.125686 -0.0412463 0.00712071 2.06992 -2.99899 -0.00801212 0.032294 1.42396 0.00705173
20.055 0.0657101 -0.0105885 -0.0222591 0.00736186 0.346871 -0.0250341 2.22909 -2.7864 -0.0219286 4.16507 -5.55417 0.00258924
20.105 0.0242153 -0.0107308 -0.00889992 -0.13156 0.478257 -0.0122315 -0.324105 2.02975 0.00559117 2.64344 -2.38769 -0.00039148
20.155 0.00743052 -0.00911698 0.0210075 -0.100483 0.232015 0.0200466 -1.85754 4.36413 0.0288097 -2.03451 5.75587 -0.00098391
20.205 -0.0171915 -0.00593054 0.00995664 0.012621 -0.20328 0.0117811 -0.659379 0.541862 0.00237093 -2.89253 5.14003 -0.00342164
20.255 -0.0450019 -0.00172992 -0.0202519 0.0783609 -0.483501 -0.0171704 1.19465 -4.26451 -0.030096 0.62302 -4.01479 -0.00308851
20.305 -0.0126584 0.00290217 -0.00997436 0.0691808 -0.390428 -0.0084696 0.859287 -3.38071 -0.00962353 2.20773 -7.54991 0.00169121
20.355 -0.0254651 0.00732409 0.0197341 -0.0927714 -0.00968342 0.0184284 -1.563 1.82474 0.0288165 -1.07192 -0.0263421 0.00219949
20.405 -0.0946421 0.0109115 0.010198 -0.293472 0.34179 0.00764879 -2.16448 3.96218 0.0168543 -3.56157 6.60122 -0.00445802
20.455 -0.0188613 0.0131262 -0.0195113 -0.211871 0.378837 -0.0201644 0.323554 0.258704 -0.024953 -0.413743 2.27712 -0.00392241
20.505 -0.045427 0.0135992 -0.0117953 -0.0840776 0.0843895 -0.00997524 2.46216 -3.56452 -0.0226306 3.95845 -5.1682 0.00891638
20.555 0.0204331 0.0122428 0.0188682 0.174588 -0.277956 0.0217227 1.71927 -1.72224 0.0178711 3.13787 -3.11402 0.0116002
20.605 -0.0187066 0.00922893 0.0134051 0.222948 -0.387222 0.0147621 -0.953294 3.1667 0.0239786 -1.5922 5.12451 -0.00623412
20.655 -0.0687753 0.00497524 -0.0185017 0.0936038 -0.138105 -0.0200095 -1.77555 3.858 -0.00872843 -3.14507 5.68055 -0.0160843
20.705 -0.0300855 0.000215143 -0.0140513 -0.0429798 0.266567 -0.0170862 -0.0179582 -0.968267 -0.0217117 0.238917 -3.12745 0.000510884
20.755 -0.0237466 -0.00466187 0.0178337 -0.166586 0.483665 0.0148202 1.41821 -4.67936 0.00373559 2.22964 -7.71664 0.0147504
20.805 0.0168383 -0.00891321 0.0163523 -0.111089 0.319597 0.0152143 0.423279 -2.1502 0.0168777 -0.612257 -0.965375 0.000325849
20.855 0.064586 -0.0119374 -0.016491 0.0638201 -0.10433 -0.0152626 -1.79311 2.93055 -0.000739549 -3.31592 6.38292 -0.0175816
20.905 0.0605621 -0.0133283 -0.0174805 0.173895 -0.450529 -0.0148508 -1.5882 3.41808 -0.0131179 -0.805031 3.06766 -0.00280765
20.955 0.0533702 -0.0129239 0.0146636 0.156635 -0.445349 0.0171124 1.14285 -1.03992 0.000877754 3.64119 -4.71691 0.0215058
21.005 -0.0278086 -0.0108295 0.0174977 -0.0590092 -0.10475 0.0183437 2.64252 -3.64955 0.00724422 3.28741 -3.75795 0.011842
21.055 -0.0290611 -0.00738104 -0.0137417 -0.207049 0.283157 -0.0148763 0.920621 -0.439613 -0.0032093 -1.27381 4.45629 -0.0177432
21.105 0.0163424 -0.00307775 -0.0184257 -0.19068 0.401255 -0.0196658 -1.72361 3.92835 -0.00330793 -3.07219 6.12524 -0.0166904
21.155 0.0465134 0.00148009 0.0108384 -0.0337093 0.166484 0.010945 -1.56275 2.9198 0.00958741 -0.0431198 -2.23807 0.0112951
21.205 0.0663031 0.00565417 0.0175538 0.181047 -0.206066 0.0196552 0.62385 -2.34289 0.00422426 2.26548 -7.78669 0.0161331
21.255 0.0906487 0.00885044 -0.00992176 0.324909 -0.388048 -0.00765823 1.57098 -4.58288 -0.0129537 -0.30232 -1.86792 -0.011174
21.305 0.0363332 0.0106203 -0.0177635 0.230242 -0.214926 -0.0178227 -0.233495 -0.757557 -0.0080379 -3.4722 6.08582 -0.0188057
21.355 -0.0377708 0.0104302 0.00975177 -0.00324515 0.175142 0.00651825 -2.29368 3.63737 0.014342 -1.43466 3.79509 0.00853897
21.405 -0.0415955 0.00860752 0.0186851 -0.15192 0.45587 0.0143602 -1.33896 2.50783 0.0103258 3.38768 -4.21143 0.0228636
21.455 0.0117546 0.00578179 -0.0082103 -0.123867 0.383933 -0.0103533 1.41339 -2.14352 -0.0162309 3.82381 -4.32304 0.00158259
21.505 -0.011351 0.00201829 -0.0188167 -0.044414 0.00269936 -0.0172296 2.40054 -3.27688 -0.0158338 -0.779796 3.76066 -0.0186557
21.555 0.0221941 -0.00213094 0.00843654 0.114185 -0.388795 0.0123616 0.496908 0.884036 0.0145763 -3.35288 6.48078 -0.00592472
21.605 -0.0089611 -0.00604527 0.0196138 0.107498 -0.480298 0.0225089 -1.76259 4.24477 0.0206331 -0.572433 -1.35372 0.0129518
21.655 -0.0507297 -0.00912148 -0.00776564 -0.044353 -0.205771 -0.00749363 -1.12506 1.6885 -0.010296 2.16023 -7.76885 0.00460604
21.705 -0.056934 -0.0108772 -0.0204802 -0.208323 0.202351 -0.0223103 0.864959 -3.4375 -0.0224305 0.185052 -2.73158 -0.0138609
21.755 -0.0421549 -0.0110344 0.00467778 -0.262567 0.407136 0.00315821 1.05975 -4.03239 0.00561683 -3.09002 5.71886 -0.00680971
21.805 -0.030277 -0.00955292 0.0202072 -0.16057 0.248654 0.0204569 -0.950745 0.625131 0.0234997 -1.69202 4.46055 0.011512
21.855 -0.00310629 -0.00662017 -0.00312414 0.0577689 -0.123348 -0.00149076 -1.9285 3.90624 -0.00353742 2.97206 -3.66057 0.0108147
21.905 -0.0162052 -0.00262297 -0.0214569 0.195043 -0.378334 -0.0202946 -0.12839 1.37323 -0.0226923 3.83868 -4.81427 -0.0044135
21.955 -0.00759191 0.00189246 0.00251583 0.203062 -0.287112 0.00216456 2.24098 -2.94366 4.74977e-05 -0.344518 3.04193 -0.00661223
22.005 -0.028365 0.00628329 0.0214876 0.04151 0.0818727 0.0192802 2.06021 -2.52959 0.0218029 -3.12685 6.75313 0.000342238
22.055 0.0142276 0.0106052 -0.000105018 -0.0764166 0.419521 -0.00315973 -0.454435 2.09684 0.00432467 -0.702385 -0.475686 0.00126607
22.105 0.0261048 0.0129489 -0.0202505 -0.118905 0.434443 -0.0232843 -1.87175 4.11484 -0.0173926 2.24511 -7.66911 -0.00346087
22.155 -0.0135627 0.0136469 -0.0013859 -0.0744326 0.101672 -0.00126637 -0.439798 0.311888 -0.0069313 0.323726 -3.55787 -0.00416835
22.205 0.0299075 0.0126005 0.0196927 0.101823 -0.317072 0.0225334 1.49196 -4.16839 0.0146659 -3.21411 5.28562 0.00111835
22.255 -0.0102414 0.00991457 0.00109157 0.115228 -0.489511 0.0047662 0.783358 -3.12211 0.0056883 -2.13187 5.06749 0.00356606
22.305 0.0243801 0.00592083 -0.0183716 0.0673596 -0.286209 -0.0165948 -1.55669 1.86735 -0.0136291 2.74617 -3.06396 0.00140146
22.355 -0.0023975 0.00115006 -0.00182303 -0.114544 0.116326 -0.00291166 -2.12507 3.75635 -0.0062496 4.25434 -5.2331 0.00324957
22.405 0.00668747 -0.00373648 0.0175964 -0.201847 0.385552 0.0149865 0.222873 0.149428 0.0119039 0.0760383 2.30004 0.00332456
22.455 0.0506279 -0.00805974 0.00351716 -0.105768 0.30887 0.00224936 2.4732 -3.38503 0.00474331 -3.24904 6.94247 -0.00414879
22.505 0.038683 -0.0112421 -0.0180061 0.0549759 -0.0330874 -0.0166554 1.56793 -1.50656 -0.00958873 -1.30369 0.396995 -0.00822989
22.555 0.0166684 -0.0126572 -0.00330508 0.200166 -0.337329 -0.000530589 -1.02539 3.09394 -0.00401216 1.97074 -7.48559 -0.000231957
22.605 -0.0330899 -0.0125177 0.0195999 0.187409 -0.334623 0.0200817 -1.90193 3.57924 0.00921923 0.779747 -4.34589 0.00524506
22.655 -0.0157475 -0.0107638 0.00549997 0.0939168 -0.0161156 0.00326463 -0.192612 -1.08234 0.00311624 -2.8981 4.78509 1.55477e-05
22.705 -0.0186593 -0.0074975 -0.0188322 -0.0753091 0.355622 -0.0227554 1.29626 -4.49901 -0.0105367 -2.38643 5.61375 -0.00374705
22.755 -0.00555457 -0.00331506 -0.0073105 -0.15004 0.463769 -0.00993975 0.268783 -1.95281 -0.00248548 2.26095 -2.42103 0.00321817
22.805 -0.0168263 0.0011525 0.0180184 -0.108115 0.203423 0.0185421 -1.67824 2.87622 0.01132 4.20379 -5.57728 0.00932739
22.855 -0.00611549 0.00532062 0.00777024 0.0347289 -0.226003 0.0109745 -1.47685 3.2296 0.00166088 0.501775 1.53374 0.00103098
22.905 -0.00629646 0.00859885 -0.0175946 0.11933 -0.482746 -0.0145511 1.0875 -1.05454 -0.0138982 -3.09779 7.04531 -0.00955417
22.955 -0.00493162 0.0105532 -0.0094206 0.0724278 -0.365214 -0.00850607 2.40566 -3.4503 -0.00196473 -1.41314 1.26286 -0.0054836
23.005 0.000439514 0.0109349 0.0158554 -0.0702505 0.020832 0.0145805 0.952556 -0.307636 0.0161681 2.07334 -7.21554 0.00404108
23.055 0.0208353 0.00933626 0.010813 -0.171973 0.351907 0.00869851 -1.38163 3.79751 0.0048964 1.10202 -5.09447 0.00153294
23.105 0.0173618 0.00607516 -0.0133836 -0.162226 0.359311 -0.0137148 -1.36792 2.68901 -0.0164901 -2.84841 4.2121 -0.00515492
23.155 0.000595294 0.00250613 -0.0108946 -0.0235873 0.0535937 -0.00965296 0.70383 -2.3865 -0.00736729 -2.83513 6.09546 0.000260583
23.205 0.0433134 -0.00149334 0.0136795 0.199691 -0.290384 0.0156118 1.36191 -4.41514 0.0154665 1.96073 -1.72776 0.00922866
23.255 0.055992 -0.00529957 0.0109415 0.282148 -0.367665 0.0121822 -0.429329 -0.622291 0.0101907 4.61439 -5.83954 0.00381788
23.305 0.0529567 -0.00835822 -0.0133317 0.194638 -0.103259 -0.0132971 -1.98613 3.57755 -0.0152902 1.03531 0.742494 -0.00614845
23.355 0.0344649 -0.0102076 -0.0123183 0.00947716 0.284494 -0.0144676 -0.951374 2.37626 -0.0130913 -3.12385 7.05266 -0.00381479
23.405 0.0469174 -0.0105509 0.0113957 -0.0923457 0.467391 0.00850102 1.77973 -2.13572 0.0123526 -1.97137 2.1191 0.00360305
23.455 0.0174477 -0.00945291 0.0115748 -0.101583 0.282073 0.0105321 2.3235 -3.12818 0.0147141 1.73595 -6.84936 -0.00171765
23.505 0.0144469 -0.00695682 -0.0123094 0.0163523 -0.132623 -0.0102487 0.0962757 0.971484 -0.00866639 1.44645 -5.79465 -0.00897256
23.555 -0.00632879 -0.00322024 -0.012401 0.0983228 -0.449159 -0.00852459 -1.99655 4.14153 -0.0129203 -2.40453 3.56194 -0.00027278
23.605 0.000601626 0.00115427 0.0115907 0.0914973 -0.419943 0.0142646 -1.21315 1.50601 0.00727333 -3.06703 6.50142 0.0119848
23.655 0.000347518 0.00535812 0.0135706 -0.0380329 -0.0787978 0.0127594 1.00687 -3.49091 0.0113033 1.36883 -0.983556 0.00549757
23.705 -0.0228669 0.00918031 -0.0103761 -0.196236 0.289938 -0.0134782 1.16292 -3.90923 -0.00694061 4.38175 -6.00749 -0.0092411
23.755 -0.00676076 0.0116862 -0.0139025 -0.200429 0.386421 -0.0162988 -0.943282 0.764111 -0.0114934 1.38303 -0.068729 -0.00447247
23.805 0.00534649 0.012551 0.0102865 -0.0637254 0.14394 0.0107738 -2.11307 3.9005 0.00599463 -2.84332 6.95368 0.0106963
23.855 -0.00810531 0.0117341 0.0155727 0.109363 -0.217942 0.0181434 -0.393096 1.25988 0.010575 -2.11348 2.95581 0.00481859
23.905 -0.00869455 0.00930592 -0.0077732 0.21795 -0.379298 -0.00571666 2.16918 -2.98666 -0.00620918 1.59708 -6.38059 -0.0149401
23.955 -0.0398205 0.00558614 -0.0161378 0.13991 -0.190942 -0.0168048 1.9958 -2.42332 -0.0111051 1.6749 -6.43438 -0.0120656
24.005 -0.0176229 0.00107705 0.00657632 0.00379545 0.196318 0.00370762 -0.397686 2.21545 0.00740809 -2.25682 2.83221 0.0117785
24.055 -0.0226411 -0.00362229 0.01609 -0.141226 0.455356 0.0132769 -1.86635 4.0625 0.0126944 -3.24742 6.81745 0.0171335
24.105 -0.0343002 -0.00789341 -0.00570689 -0.168134 0.357799 -0.00649462 -0.488658 0.114199 -0.00634647 1.05242 -0.191856 -0.00511826
24.155 -0.0337655 -0.0108134 -0.0154597 -0.0621483 -0.0304986 -0.0138425 1.35757 -4.27957 -0.0153685 4.51782 -6.06756 -0.0151603
24.205 -0.0111757 -0.0117928 0.00481169 0.0787208 -0.401321 0.00750031 0.803035 -3.00092 0.00358669 1.93319 -0.891703 0.00443907
24.255 0.0191043 -0.0119081 0.0152912 0.124246 -0.460256 0.0171742 -1.40253 2.07368 0.01532 -2.68913 6.73691 0.0175169
24.305 0.0166942 -0.0103399 -0.00354325 0.0116296 -0.168744 -0.00325268 -1.75648 3.78597 -0.00157011 -2.47912 3.75867 -0.00263563
24.355 0.00622937 -0.00724438 -0.015075 -0.143422 0.225257 -0.0165729 0.496951 -0.0192074 -0.0151894 1.33097 -5.80318 -0.0219125
24.405 0.00531189 -0.00328781 0.00250758 -0.19602 0.39765 0.000559869 2.49203 -3.49202 -0.00109665 1.99157 -6.99524 -0.00672743
24.455 -0.00203316 0.00107061 0.0152393 -0.106878 0.218906 0.0149164 1.34754 -1.37722 0.0141811 -1.8054 2.0244 0.0174994
24.505 -0.0185579 0.00526966 -0.00287115 0.0606365 -0.142652 -0.00101035 -1.21242 3.28079 0.00361337 -3.46712 7.02494 0.0127812
24.555 0.0149103 0.00867773 -0.0159226 0.229107 -0.367276 -0.0131079 -1.77269 3.52582 -0.0101224 0.536482 0.63787 -0.0100015
24.605 0.0316419 0.0108033 0.0026163 0.235355 -0.254562 0.00403893 0.173745 -1.35345 -0.00332247 4.36231 -6.00465 -0.0115759
24.655 0.0242142 0.0113596 0.0158554 0.0895793 0.108011 0.0139676 1.53681 -4.63766 0.00642282 2.28145 -1.70853 0.00824729
24.705 -0.0207697 0.0103129 -0.00120102 -0.107183 0.41765 -0.0051696 0.100268 -1.75998 2.88047e-05 -2.48009 6.39528 0.013789
24.755 -0.0241355 0.00724671 -0.0165177 -0.15938 0.407558 -0.0192845 -2.00786 3.14933 -0.0056607 -2.79992 4.50702 -0.00524105
24.805 -0.0319116 0.00264682 -0.000289004 -0.08817 0.0709075 0.000396064 -1.62847 3.2187 0.00287975 1.09835 -5.11858 -0.0172444
24.855 -0.0145853 -0.00133495 0.0171944 0.050378 -0.329506 0.0203554 1.10337 -1.30822 0.00677749 2.16045 -7.45695 -0.00414889
24.905 0.00248794 -0.00521004 0.00255859 0.113573 -0.477839 0.00544768 2.56538 -3.55338 -0.00554744 -1.50841 1.14939 0.0122755
24.955 -0.00399125 -0.00838868 -0.0154078 0.0245975 -0.261649 -0.0151536 0.795597 -0.0921697 -0.00939636 -3.55927 7.10834 0.00935869
25.005 0.00461321 -0.0103776 -0.00362559 -0.114634 0.134878 -0.00574168 -1.65265 4.01171 0.00735398 0.0168321 1.4891 -0.00441913
25.055 0.00965534 -0.0108713 0.0151499 -0.195803 0.384196 0.0131346 -1.47752 2.55266 0.0143212 4.28497 -5.80892 -0.00797102
25.105 0.00702854 -0.00979508 0.00435972 -0.139128 0.288284 0.00453585 0.700671 -2.72274 -0.006125 2.74512 -2.4998 0.00196728
25.155 0.0058081 -0.00728214 -0.0142157 0.031929 -0.056696 -0.0119195 1.43219 -4.49065 -0.0197503 -2.13536 5.92565 0.00937965
25.205 0.0111353 -0.00368871 -0.00474406 0.196358 -0.34344 -0.00236522 -0.371527 -0.325094 0.00127557 -2.98816 5.17779 0.00196183
25.255 -0.0165783 0.000488515 0.0135898 0.197115 -0.315441 0.0140124 -2.05126 3.83748 0.0222345 0.670948 -4.3343 -0.0113775
25.305 -0.0257914 0.00467624 0.00550633 0.0721631 0.0133383 0.0033731 -0.853277 2.25146 0.00482271 2.29266 -7.79941 -0.0111615
25.355 -0.0224349 0.00827313 -0.0125454 -0.084713 0.367893 -0.0160534 1.77444 -2.42972 -0.0222068 -0.996836 0.221822 0.00520616
25.405 -0.00505865 0.0110389 -0.00511757 -0.1438 0.443927 -0.00807734 2.32928 -3.13517 -0.0109374 -3.46441 7.05221 0.0153111
25.455 0.0148224 0.0123135 0.013154 -0.0649415 0.164749 0.011976 0.0218076 1.26589 0.0185406 -0.388801 2.3385 0.00370598
25.505 0.0135718 0.0117255 0.00619297 0.0583124 -0.252338 0.00800303 -1.82573 4.2823 0.0163507 3.99679 -5.47579 -0.0128593
25.555 0.0154201 0.00958763 -0.0123239 0.130186 -0.475417 -0.00910573 -0.874429 1.24658 -0.0125166 3.01367 -3.23874 -0.00692959
25.605 0.0189579 0.00615243 -0.0063464 0.0781611 -0.332909 -0.00414465 1.17203 -3.80825 -0.0186405 -1.83082 5.33513 0.0128225
25.655 -0.00642055 0.0018606 0.0125384 -0.0881387 0.0480911 0.0122708 1.05571 -3.84055 0.00500876 -3.1895 5.74825 0.0112114
25.705 -0.00636668 -0.00270955 0.00699411 -0.195388 0.351413 0.00503657 -1.22913 1.11799 0.0165289 0.364701 -3.46522 -0.0132588
25.755 0.0201027 -0.00692888 -0.0132847 -0.144444 0.33528 -0.0144942 -2.13072 4.04273 0.000591976 2.41387 -8.00482 -0.0199817
25.805 0.044777 -0.010229 -0.00965277 0.0307254 0.0300309 -0.00835858 -0.115634 1.02303 -0.0116963 -0.597771 -0.733994 0.00583705
25.855 0.0154764 -0.0117416 0.0115616 0.17023 -0.291457 0.0147727 2.33464 -3.21136 -0.00346236 -3.55967 6.85067 0.0232638
25.905 -0.0411617 -0.0116754 0.00991285 0.175103 -0.345635 0.011734 1.90729 -2.28305 0.00623123 -0.969059 3.16139 0.00306741
25.955 -0.0211805 -0.0104764 -0.0108887 0.111147 -0.0765417 -0.0122116 -0.775002 2.50369 0.00334842 3.78925 -5.00723 -0.0202549
26.005 -0.0429958 -0.00784363 -0.0109325 -0.0683858 0.295655 -0.0150841 -2.08509 4.04128 8.50497e-05 3.44774 -3.90032 -0.00714007
26.055 0.00628665 -0.0038611 0.0095437 -0.123908 0.455581 0.00566378 -0.375319 -0.22112 0.00048683 -1.34247 4.63627 0.0195067
26.105 -0.0241157 0.000532772 0.0112463 -0.13007 0.256023 0.0105399 1.4848 -4.46208 -0.00321422 -3.37025 6.19701 0.0116648
26.155 -0.0190171 0.00463692 -0.00772678 -0.00664545 -0.154397 -0.00501192 0.728757 -2.77927 -0.00648234 -0.168865 -2.5347 -0.0190427
26.205 -0.0186457 0.00804019 -0.0106091 0.089571 -0.450254 -0.00700749 -1.56562 2.37156 0.00285876 2.41061 -8.06237 -0.0198122
26.255 -0.020456 0.0102879 0.00729395 0.0667719 -0.397547 0.00928654 -1.88019 3.74793 0.011623 -0.136624 -1.69121 0.0112761
26.305 -0.0346106 0.0110889 0.0104108 -0.0755629 -0.0476786 0.00979132 0.540648 -0.287005 0.000140555 -3.30769 6.50195 0.0221492
26.355 -0.0141017 0.010056 -0.00758509 -0.182484 0.305933 -0.00931019 2.49699 -3.55032 -0.0156512 -1.27569 3.92748 -0.00252813
26.405 0.00727517 0.00757261 -0.0109198 -0.168509 0.374675 -0.011744 1.42299 -1.12831 -0.00509372 3.43016 -4.41643 -0.0193973
26.455 0.0260801 0.00429409 0.00653614 -0.0239689 0.116171 0.00758095 -1.15392 3.44468 0.0172945 3.62198 -4.46158 -0.000674089
26.505 0.0322722 0.000460484 0.0111043 0.156838 -0.234653 0.0130752 -1.61676 3.32377 0.0119134 -0.921428 3.85065 0.0188497
26.555 0.00619126 -0.00332048 -0.00615961 0.223029 -0.366508 -0.00477639 0.236345 -1.65568 -0.0143225 -3.37562 6.51036 0.00464703
26.605 0.0437118 -0.00648959 -0.0112662 0.203894 -0.157679 -0.0118593 1.43502 -4.6176 -0.0163351 -0.414614 -1.56985 -0.0180741
26.655 0.0167035 -0.00858289 0.0061082 0.0229662 0.220434 0.00326341 0.039118 -1.46337 0.0102061 2.38279 -7.96918 -0.0117984
26.705 0.0122887 -0.00927559 0.0121863 -0.108156 0.447737 0.00848753 -1.96138 3.28727 0.0189492 0.134607 -2.62081 0.0109494
26.755 0.0234669 -0.00842716 -0.00524141 -0.102978 0.324474 -0.00717854 -1.2897 3.02838 -0.00572257 -3.24095 6.01633 0.0134058
26.805 0.0193362 -0.00612509 -0.0131451 -0.00468272 -0.0610674 -0.011659 1.29339 -1.49193 -0.0195125 -1.72269 4.61369 -0.00403027
26.855 0.030039 -0.00269354 0.00403807 0.113751 -0.404687 0.00810777 2.37983 -3.42127 0.000246281 3.10184 -3.7208 -0.0102437
26.905 0.0273223 0.00136515 0.0134678 0.120045 -0.436276 0.0170791 0.550505 0.160256 0.0180466 3.92724 -4.90419 0.00199962
26.955 0.0134817 0.00546875 -0.0029915 0.000695995 -0.140087 -0.00243622 -1.73535 3.98022 0.0042601 -0.466191 3.00457 0.00984037
27.005 0.0151937 0.00849333 -0.0140654 -0.130753 0.234895 -0.0165718 -1.37566 2.24526 -0.0144245 -3.45628 6.68094 0.000857635
27.055 -0.0280165 0.00921863 0.00169882 -0.22037 0.381655 -0.000373635 0.763999 -2.88327 -0.0060637 -1.02137 -0.599922 -0.0091933
27.105 -0.0196636 0.0103163 0.0133887 -0.111959 0.193213 0.0135557 1.2547 -4.28866 0.0112333 2.16068 -7.72964 -0.00635889
27.155 -0.030475 0.00984104 0.000199157 0.0534746 -0.158876 0.00249823 -0.670761 -0.0675958 0.00629806 0.609004 -3.49463 0.003836
27.205 -0.0245286 0.00782591 -0.0117769 0.18371 -0.363604 -0.00969398 -2.14288 3.7863 -0.00780773 -2.8867 5.40982 0.00670824
27.255 -0.0305389 0.00451991 0.000336823 0.160216 -0.235495 -0.000179106 -0.748831 2.01109 -0.00617238 -1.99269 5.19876 0.0015876
27.305 -0.0168833 0.000366646 0.0119305 0.0353528 0.126319 0.00861392 1.94012 -2.45207 0.00455628 2.62421 -2.94553 -0.00337223
27.355 -0.0263196 -0.00408021 7.48024e-05 -0.120012 0.417804 -0.00371924 2.30474 -2.87813 0.00380453 3.9949 -5.21872 -0.00221896
27.405 -0.0235167 -0.00824334 -0.0122651 -0.158301 0.384524 -0.0138166 0.00376585 1.41546 -0.00295621 0.0149708 2.12658 0.00298871
27.455 -0.00416939 -0.011583 -0.00125396 -0.0566671 0.0381617 0.000355312 -1.84704 4.07188 -0.000570134 -3.24419 6.70996 0.00383502
27.505 -0.00834121 -0.0133725 0.0114173 0.0574268 -0.348521 0.0149173 -0.834595 0.946926 0.0038083 -1.23008 0.344973 -0.00296258
27.555 -0.00291788 -0.0125939 0.00133411 0.100376 -0.466229 0.00474675 1.16283 -3.79078 -0.00102323 2.01084 -7.35844 -0.00786213
27.605 0.0079823 -0.0114336 -0.0122075 0.0271037 -0.229111 -0.0109519 1.09565 -3.55482 -0.00399644 0.909805 -4.291 -0.00167658
27.655 0.00439793 -0.00895107 -0.00154313 -0.11622 0.160631 -0.00263133 -1.01567 1.25168 0.00259115 -2.66054 4.70473 0.00764707
27.705 0.0113817 -0.00545764 0.0125196 -0.180046 0.381044 0.0103973 -1.95299 3.85509 0.00576574 -2.27778 5.66936 0.0053667
27.755 -0.0064227 -0.00142768 0.0025097 -0.12859 0.26087 0.00122326 -0.0225737 0.833803 -0.00456072 2.26055 -2.11995 -0.00441365
27.805 0.0103898 0.0025938 -0.0120228 0.0562808 -0.0807275 -0.0113696 2.21391 -3.08509 -0.00937986 4.17133 -5.40426 -0.00521919
27.855 0.0253871 0.00605022 -0.003268 0.215998 -0.339768 -0.00129667 1.76637 -2.01244 0.00376442 0.54772 1.24542 0.00452471
27.905 0.0062621 0.008449 0.0125061 0.21348 -0.286242 0.0136763 -0.664098 2.51012 0.0123441 -3.2266 6.60858 0.00662077
27.955 0.00868382 0.00945172 0.00503905 0.100199 0.042037 0.00349632 -1.81607 3.74357 -0.0012542 -1.79996 1.24486 -0.00494814
28.005 0.00574199 0.00894599 -0.0117426 -0.0538555 0.371083 -0.0154368 -0.36738 -0.428314 -0.0137711 1.74529 -6.87217 -0.00979205
28.055 0.00239725 0.00705259 -0.00664897 -0.126606 0.419417 -0.0096555 1.20677 -4.31529 -0.000906103 1.21983 -4.9936 0.00137762
28.105 0.0135606 0.00407885 0.00992584 -0.0607633 0.133095 0.0103581 0.397078 -2.51002 0.0151852 -2.29839 3.92676 0.00950175
28.155 0.0304074 0.00056179 0.00634944 0.0708172 -0.266843 0.0101975 -1.61881 2.38827 0.00442572 -2.48836 6.02109 0.00101674
28.205 0.0119479 -0.00135978 -0.00948784 0.114119 -0.463082 -0.00506544 -1.69188 3.53126 -0.0153305 1.68161 -1.26847 -0.00763056
28.255 0.0178918 -0.00418131 -0.00673075 0.063824 -0.305697 -0.00481817 0.733461 -0.377461 -0.00942621 4.09545 -5.4633 -0.000116285
28.305 0.00824604 -0.00648169 0.008829 -0.0812271 0.0708654 0.00708454 2.43372 -3.3567 0.0122089 0.975109 0.386275 0.00894604
28.355 0.00476106 -0.00741567 0.00628907 -0.182865 0.35601 0.00330869 1.11622 -0.925987 0.0116077 -2.95297 6.38983 0.00168587
28.405 0.00505349 -0.00683802 -0.00833887 -0.151569 0.321498 -0.00967284 -1.29653 3.35258 -0.00832782 -2.0104 2.07696 -0.0102904
28.455 0.00457657 -0.0048312 -0.00616355 -0.00134312 0.011203 -0.00495789 -1.66887 3.04233 -0.0117516 1.47932 -6.29734 -0.00493837
28.505 0.00170748 -0.00167447 0.00872332 0.158367 -0.297515 0.0108616 0.314845 -1.76505 0.0055562 1.43812 -5.59486 0.00838129
28.555 -0.0248278 0.00219946 0.00707027 0.186036 -0.329675 0.00783775 1.42843 -4.43864 0.0118062 -2.03458 3.10218 0.00534867
28.605 -0.0243613 0.00624821 -0.00836479 0.0974885 -0.0477404 -0.00997254 0.0137804 -1.26331 -0.00215332 -2.66014 6.25541 -0.0074391
28.655 0.000953961 0.00988016 -0.00791533 -0.0315171 0.313734 -0.0110481 -1.8545 3.25241 -0.00990779 1.38844 -0.417458 -0.00508711
28.705 -0.0118418 0.0125552 0.00809149 -0.139614 0.444872 0.00546128 -1.26164 2.85668 -0.000464435 4.18761 -5.41179 0.00861229
28.755 -0.0278986 0.0137222 0.00827344 -0.124649 0.222443 0.00768386 1.41006 -1.52085 0.00601601 1.45542 -0.435462 0.00791481
28.805 -0.000403257 0.01048 -0.00790571 0.0162163 -0.185674 -0.00605416 2.52875 -3.25314 -0.00060356 -2.76578 6.07404 -0.00714156
28.855 0.0325545 0.0078972 -0.00907782 0.13249 -0.452339 -0.00592444 0.630553 0.285992 -0.00342795 -2.3386 2.83486 -0.0106045
28.905 0.0350586 0.00488339 0.00740179 0.105774 -0.371149 0.00964611 -1.59282 3.8741 0.00311931 1.1963 -5.65217 0.00369074
28.955 0.0225414 0.000928392 0.0101092 -0.0312801 -0.0195449 0.00982154 -1.30189 2.02576 0.00368253 1.65233 -6.0919 0.0101698
29.005 -0.000677667 -0.00342639 -0.00561691 -0.172303 0.309094 -0.00748519 0.691279 -2.95447 -0.00420933 -1.60554 2.25165 -0.0025139
29.055 -0.00727039 -0.00754838 -0.0102539 -0.177551 0.35052 -0.0124124 1.17868 -4.14592 -0.00310783 -2.80759 6.38044 -0.0103539
29.105 -0.00367672 -0.0108892 0.00443476 -0.0450705 0.0867901 0.004556 -0.626891 0.0942683 0.00618091 0.800314 0.417046 0.00154384
29.155 -0.00122773 -0.0130192 0.0101264 0.124141 -0.244022 0.0128443 -2.01364 3.77922 0.00461195 4.00568 -5.26074 0.0119441
29.205 0.0125056 -0.0136929 -0.00365019 0.221182 -0.350476 -0.000680322 -0.649821 1.88816 -0.00818482 1.85832 -1.20411 0.00270643
29.255 0.013825 -0.0123334 -0.00995592 0.165177 -0.132497 -0.00974537 1.87831 -2.4942 -0.00870639 -2.38341 5.67898 -0.0104106
29.305 -0.0033431 -0.00959888 0.00283061 0.000772211 0.232468 -0.000442079 2.12841 -2.77061 0.00597223 -2.59221 3.51104 -0.00587451
29.355 -0.0127124 -0.0063031 0.00901182 -0.125541 0.436109 0.00507656 -0.213948 1.52365 0.0105912 0.773945 -4.9594 0.00709245
29.405 -0.0291221 -0.00240809 -0.00329549 -0.143428 0.297095 -0.00462584 -1.91681 4.01234 -0.00261815 1.7079 -6.48955 0.00621532
29.455 -0.0111491 0.00150499 -0.00911465 -0.0254451 -0.0860854 -0.00687175 -0.839146 0.759958 -0.00992254 -1.31183 1.39465 -0.00544376
29.505 -0.0319202 0.00487813 0.00342859 0.0553375 -0.411543 0.00720787 1.09762 -3.89206 0.00135341 -2.84158 6.40609 -0.00729094
29.555 -0.0279745 0.0072586 0.00988638 0.0629921 -0.421416 0.0121968 0.875923 -3.44563 0.00958101 0.421076 1.21914 0.00333106
29.605 -0.0167989 0.00835034 -0.00250263 -0.0319768 -0.115163 -0.00302979 -1.14947 1.4421 0.000226114 3.94736 -5.02874 0.00855481
29.655 -0.0134536 0.008028 -0.0099481 -0.156437 0.250307 -0.0121753 -1.86408 3.90127 -0.00849212 2.27979 -1.91643 0.00111875
29.705 -0.00792086 0.00634788 0.00204545 -0.185606 0.375644 0.00037003 0.163994 0.704028 -0.00184282 -2.08875 5.22444 -0.00655962
29.755 -0.0177496 0.00356615 0.0103789 -0.0942087 0.16942 0.0106546 2.39661 -3.18863 0.00522354 -2.80568 4.11085 -0.00426456
29.805 -0.0252997 0.000116464 -0.00177147 0.0668837 -0.177479 7.45913e-05 1.76307 -1.92959 0.000100722 0.46581 -4.23393 0.00289178
29.855 -0.0181506 -0.00246768 -0.011025 0.184628 -0.355418 -0.00906742 -0.851145 2.66166 -0.00367287 1.90841 -6.79651 0.00433926
29.905 0.0168231 -0.00443056 1.01052e-05 0.192721 -0.202692 -0.000254859 -1.89013 3.72021 0.00352395 -0.884754 0.54061 -0.000953614
29.955 0.0167403 -0.00668834 0.0107639 0.0539267 0.15683 0.00845238 -0.189247 -0.644931 0.00573107 -2.86326 6.34579 -0.00520674
30.005 0.0167177 -0.0077235 0.000542476 -0.0817203 0.420092 -0.00299799 1.46132 -4.45966 -0.00393424 -0.0227584 1.98752 -0.00229111
30.055 0.0182644 -0.00734448 -0.0108875 -0.110965 0.357334 -0.0135424 0.510204 -2.38031 -0.00834232 3.71568 -4.72547 0.00561257
30.105 0.0204583 -0.00555355 -0.00148778 -0.0264686 0.00690555 -0.00128215 -1.61268 2.63766 0.00392575 2.64951 -2.5717 0.00622391
30.155 0.0110948 -0.00257894 0.0105539 0.0725999 -0.355472 0.0136887 -1.67783 3.57967 0.0106622 -1.73209 4.7172 -0.00278978
30.205 0.0117225 0.00115602 0.00295058 0.102565 -0.443987 0.00665461 0.772986 -0.571094 -0.0034236 -2.97007 4.63419 -0.00848221
30.255 -0.0019141 0.0051141 -0.00878707 0.00599893 -0.19651 -0.00743705 2.47526 -3.49322 -0.0142968 0.110251 -3.48386 -0.00141665
30.305 0.00187769 0.00873617 -0.00249271 -0.117757 0.177653 -0.004303 1.1005 -0.798013 -0.000473737 1.85959 -7.01646 0.00831573
30.355 0.0113369 0.0115142 0.00820279 -0.167987 0.373032 0.00537376 -1.43778 3.54857 0.0159952 -0.593932 -0.301328 0.00399362
30.405 0.00465917 0.0130423 0.00218955 -0.103527 0.240084 0.00140677 -1.77054 2.98465 0.00649683 -2.86778 6.20664 -0.00855896
30.455 0.0249237 0.0127723 -0.00844482 0.0771066 -0.0940668 -0.00621924 0.297785 -2.04072 -0.0131914 -0.398881 2.71507 -0.00703744
30.505 0.019323 0.0102833 -0.00250176 0.205622 -0.33442 0.000555664 1.42414 -4.56158 -0.0100885 3.55583 -4.36395 0.00806887
30.555 0.0100714 0.00666492 0.00892089 0.207821 -0.266063 0.00953235 -0.115635 -1.04774 0.00866793 2.92065 -3.1703 0.0112818
30.605 -0.00406218 0.00285183 0.00299478 0.0763513 0.0622597 0.00022748 -1.91254 3.52529 0.011278 -1.44026 4.17122 -0.00407587
30.655 0.00046726 -0.00140461 -0.00906814 -0.0662859 0.375261 -0.0133318 -1.12992 2.82701 -0.0049077 -3.14839 5.08796 -0.0129042
30.705 0.000725909 -0.00554015 -0.00339112 -0.129501 0.401686 -0.00606926 1.48108 -1.77734 -0.0119036 -0.193058 -2.71682 -0.000343187
30.755 -0.00610212 -0.00901159 0.00925207 -0.0783227 0.103433 0.00987839 2.40581 -3.3408 -0.000589414 1.99085 -7.16003 0.0122123
30.805 -0.00649056 -0.0113599 0.00453392 0.0339667 -0.287645 0.0076433 0.401023 0.497289 0.00881876 -0.224329 -1.13324 0.0028635
30.855 0.00623413 -0.0122746 -0.00866193 0.102436 -0.459754 -0.00536463 -1.74697 4.0486 0.004713 -2.7825 5.99672 -0.012072
30.905 -0.0001489 -0.0116486 -0.0055864 0.0362948 -0.279959 -0.00400816 -1.22709 1.86388 -0.00206856 -0.814525 3.40738 -0.00605745
30.955 0.00735934 -0.00960686 0.00776153 -0.0849479 0.0961693 0.0072195 0.933087 -3.25406 -0.00343336 3.29913 -3.94499 0.0108009
31.005 -0.0053483 -0.00647742 0.00572004 -0.182428 0.356706 0.00409157 1.31142 -4.16296 -0.00257863 3.25375 -3.7166 0.00970588
31.055 -0.0134368 -0.00272063 -0.00791235 -0.148316 0.295217 -0.00898996 -0.77495 0.391103 -6.11747e-05 -1.0173 3.58213 -0.00667394
31.105 -0.00395698 0.000703064 -0.00691069 0.0113455 -0.0194523 -0.00632402 -2.06155 3.98297 0.00482993 -3.16368 5.47225 -0.0106267
31.155 0.00560785 0.00388271 0.0071022 0.171004 -0.305156 0.00926094 -0.472655 1.73802 0.00397132 -0.583135 -1.93103 0.00271673
31.205 0.0295446 0.00641354 0.00724902 0.236368 -0.308904 0.00884141 2.11324 -2.74109 -0.00595231 1.93524 -7.22331 0.00941941
31.255 0.00232304 0.00768009 -0.0052322 0.116662 -0.0205418 -0.0063064 2.14759 -2.73245 -0.00966769 0.0866378 -1.95062 -0.000816999
31.305 -0.00129625 0.00752951 -0.00626319 -0.034013 0.319343 -0.0100498 -0.355793 1.77887 0.00402586 -2.76358 5.71406 -0.00909699
31.355 -0.00869525 0.00603917 0.0051367 -0.128164 0.420813 0.00107527 -2.01947 4.07132 0.01498 -1.12626 4.05952 -0.00136576
31.405 0.0117744 0.00347305 0.00618335 -0.0768844 0.186922 0.005032 -0.793747 0.496363 0.00238516 3.05142 -3.46956 0.00785906
31.455 0.0128508 0.000301256 -0.00502398 0.028462 -0.203909 -0.00216246 1.23311 -4.11342 -0.0157633 3.48981 -4.20508 0.00399941
31.505 0.000390284 -0.00158328 -0.00627555 0.089741 -0.442116 -0.00151698 0.951239 -3.30617 -0.00877359 -0.685212 2.95498 -0.00403502
31.555 -0.0198593 -0.00438095 0.00487679 0.0383424 -0.343743 0.00792727 -1.3014 1.74484 0.013372 -3.30986 5.78622 -0.00362038
31.605 -0.0230007 -0.00674449 0.00624448 -0.0838899 0.004777 0.00586492 -1.95855 3.94791 0.0125395 -0.908636 -1.12954 0.00125186
31.655 -0.0140402 -0.00792865 -0.00581336 -0.18023 0.315627 -0.00826851 0.184505 0.468634 -0.0101656 1.932 -7.20869 0.00173835
31.705 -0.015158 -0.00773138 -0.00769805 -0.175692 0.338806 -0.00918439 2.35005 -3.3186 -0.0159707 0.460489 -2.75413 -0.00106307
31.755 -0.00473801 -0.00617729 0.00517675 -0.0377634 0.0692499 0.00617931 1.62668 -1.75175 0.00465151 -2.61579 5.35796 -0.00137975
31.805 0.00730043 -0.00348219 0.00836127 0.134989 -0.250704 0.010638 -0.896637 2.85903 0.017294 -1.53788 4.6714 0.000162415
31.855 0.0121483 -1.18699e-05 -0.00384822 0.215192 -0.336875 -0.00286335 -1.78525 3.60073 0.00215199 2.73723 -2.93518 0.000314752
31.905 -0.000584141 0.00376111 -0.00808422 0.140024 -0.105435 -0.00987042 -0.121011 -0.941349 -0.0140022 3.70089 -4.63583 0.000939205
31.955 0.000912419 0.00730616 0.00345692 -0.00278063 0.253001 -0.000321177 1.38524 -4.51022 -0.00587826 -0.199715 2.28471 0.00267002
32.005 0.00377131 0.0100775 0.00884827 -0.109215 0.432127 0.00537183 0.371006 -2.11214 0.00937587 -3.22383 6.02262 0.000771337
32.055 0.00874957 0.0116932 -0.00217345 -0.100003 0.269072 -0.00325781 -1.70793 2.83723 0.00675623 -1.26569 -0.311312 -0.00406058
32.105 -0.00243037 0.0119011 -0.00867276 -0.0112074 -0.115692 -0.00688678 -1.4827 3.44558 -0.00586358 1.80848 -7.10467 -0.00339978
32.155 -0.00983865 0.0106391 0.0013826 0.0735143 -0.416445 0.00496556 0.999222 -0.796758 -0.00686533 0.6882 -3.53849 0.00255217
32.205 -0.000438569 0.00805823 0.00837741 0.0768284 -0.395927 0.0116204 2.47626 -3.44267 0.00194771 -2.43479 4.92055 0.00382703
32.255 0.0106717 0.00447987 -0.000875093 -0.0180602 -0.0807275 0.000125534 0.917114 -0.54556 0.005383 -1.76763 5.23388 -0.00204826
32.305 0.0166113 0.000369847 -0.00804239 -0.128739 0.264626 -0.00959783 -1.50603 3.59675 0.00178552 2.43292 -2.33835 -0.0045109
32.355 0.0133669 -0.00370966 0.000443814 -0.154276 0.360379 -0.00198645 -1.55171 2.71298 -0.00102717 3.87726 -4.9957 0.0019615
32.405 0.00136955 -0.00719078 0.00723534 -0.0625849 0.142781 0.0062593 0.417048 -2.26218 -0.00191048 0.0921998 1.57424 0.00672874
32.455 -0.00505035 -0.0104833 -0.000469514 0.092495 -0.18882 0.000956267 1.35834 -4.4172 -0.00274201 -3.27422 6.17148 0.000885287
32.505 -0.0149138 -0.0114994 -0.00683455 0.180649 -0.340875 -0.00461439 -0.26695 -0.749607 0.000169352 -1.61533 0.516176 -0.00674086
32.555 0.000609665 -0.0110548 0.000906978 0.164091 -0.176494 0.00109815 -2.0073 3.55306 0.00448899 1.76129 -6.90541 -0.00365595
32.605 -0.0111718 -0.0094504 0.00747287 0.0211888 0.171541 0.00444637 -1.02291 2.57907 0.00136253 1.08544 -4.29373 0.0038346
32.655 -0.0145446 -0.00679915 -0.000781588 -0.106767 0.410012 -0.00502187 1.59513 -1.89214 -0.0066145 -2.30462 4.39855 0.0037638
32.705 0.000574442 -0.00312821 -0.00860208 -0.116675 0.329474 -0.0105552 2.42543 -3.12774 -0.004167 -2.14027 5.73668 -0.00210345
32.755 -0.00403266 0.000782796 -0.000517049 -0.0417363 -0.0198243 0.00157136 0.305256 0.714356 0.00777469 2.04908 -1.67867 -0.00352263
32.805 -0.0123486 0.00421822 0.00854984 0.0530678 -0.364758 0.0131731 -1.79629 3.91531 0.00862002 4.03138 -5.27431 0.0012391
32.855 -0.0226433 0.00677926 0.000904537 0.0676278 -0.432021 0.00466377 -1.18457 1.53737 -0.00608372 0.63429 0.82651 0.004796
32.905 -0.0326263 0.00813595 -0.00866953 -0.0258972 -0.1736 -0.00804562 0.818509 -3.32114 -0.0116636 -3.17488 6.22024 0.00178945
32.955 -0.0136735 0.00819262 -0.00200922 -0.13047 0.193637 -0.00399082 1.14863 -3.88219 0.00266562 -1.9494 1.34494 -0.00318349
33.005 -0.00318642 0.00704082 0.00804035 -0.173412 0.368633 0.00576991 -0.718828 0.613592 0.0126021 1.53272 -6.60075 -0.00423014
33.055 0.000748449 0.00462326 0.002799 -0.0953425 0.217188 0.00218219 -1.88086 3.84507 -0.000116444 1.32371 -5.00699 -0.0011121
33.105 -0.00871035 0.00143329 -0.00722473 0.0522214 -0.11667 -0.00608837 -0.334554 1.48161 -0.0138661 -1.97859 3.787 0.00300402
33.155 -0.00853965 -0.00198771 -0.00318149 0.177764 -0.335367 -0.00182872 2.02946 -2.70462 -0.00388811 -2.35201 6.16151 0.0035317
33.205 0.00163294 -0.00511421 0.0069923 0.184743 -0.242169 0.00708806 2.02295 -2.44473 0.0135039 1.69319 -0.959468 -0.00132268
33.255 0.00212323 -0.00749081 0.00367233 0.065666 0.0905065 0.00182297 -0.388142 1.88055 0.00880896 4.10177 -5.4537 -0.00445193
33.305 0.00997483 -0.00876268 -0.00653253 -0.0648773 0.381256 -0.00955433 -1.8529 3.80629 -0.0096403 1.00279 0.0534598 0.000985858
33.355 0.0107689 -0.008723 -0.00392202 -0.116199 0.377401 -0.00624168 -0.609796 0.215306 -0.010882 -3.03842 6.15739 0.00715005
33.405 -0.00237988 -0.00734295 0.00563577 -0.0681622 0.0685606 0.00583603 1.14042 -4.03036 0.00519887 -2.30198 2.15724 0.00197579
33.455 0.0199993 -0.00479086 0.00325275 0.0593639 -0.303237 0.00624928 0.711798 -2.99174 0.0104966 1.39923 -6.18608 -0.00889888
33.505 0.0309014 -0.00142169 -0.0056013 0.116232 -0.44367 -0.00169126 -1.29771 1.84741 -0.0020039 1.64123 -5.65823 -0.00764544
33.555 0.00807205 0.00228032 -0.00285561 0.0324598 -0.247908 -0.000888312 -1.73191 3.7268 -0.0097782 -1.78402 3.09082 0.00613749
33.605 0.00222478 0.00579096 0.00626673 -0.0925358 0.116307 0.00486625 0.406714 0.285775 -0.00163755 -2.65565 6.49279 0.0106441
33.655 -0.0077563 0.00862693 0.00366769 -0.175239 0.350457 0.000342906 2.31984 -3.17479 0.0070936 1.20077 -0.19087 -0.00271565
33.705 0.00685564 0.0103947 -0.00606507 -0.114167 0.272218 -0.0081911 1.44217 -1.48939 0.00441489 4.16279 -5.52138 -0.0113931
33.755 0.0191049 0.0108245 -0.0039492 0.0420289 -0.0365808 -0.00301289 -1.0766 2.84453 -0.00183858 1.52463 -0.73062 0.000951958
33.805 0.0109138 0.00981202 0.0066468 0.173423 -0.301801 0.00941889 -1.83205 3.30563 -0.00311407 -2.83513 5.97473 0.0137517
33.855 0.0189073 0.00794447 0.00533876 0.214744 -0.287644 0.00684378 -0.0421801 -1.12482 -0.00190236 -2.61233 2.935 0.00337239
33.905 0.0103974 0.00509246 -0.00617949 0.114065 0.0028972 -0.0078415 1.35372 -4.35111 -0.000375069 1.04432 -5.66082 -0.0146534
33.955 0.00791373 0.00120673 -0.00652172 -0.0302851 0.328289 -0.0103899 0.267826 -1.84955 0.00269916 1.81527 -6.22818 -0.0100554
34.005 0.00557143 -0.00278563 0.00448609 -0.115099 0.409094 0.00168608 -1.69618 2.85147 0.0030883 -1.42067 2.31541 0.0104607
34.055 0.00403994 -0.00628683 0.00590421 -0.0830626 0.162506 0.00638364 -1.41095 3.23675 -0.00310831 -2.72669 6.71076 0.0133302
34.105 0.00177097 -0.00877879 -0.00420591 0.0177587 -0.223159 -0.000922585 1.04431 -0.893941 -0.00674256 0.824583 0.611819 -0.00572046
34.155 0.0132898 -0.010121 -0.00605193 0.0989164 -0.441386 -0.00237868 2.44838 -3.2802 0.00146745 4.06081 -5.4648 -0.0137311
34.205 0.00633117 -0.0102933 0.00390842 0.0561214 -0.321085 0.00573989 0.942341 -0.362975 0.0102986 1.89367 -1.50388 0.00312393
34.255 -0.00896925 -0.00879409 0.00636904 -0.0748384 0.0320082 0.00574861 -1.48285 3.52498 0.00358311 -2.60403 5.66828 0.0156038
34.305 -0.0131701 -0.00610664 -0.0026536 -0.172903 0.324043 -0.00464617 -1.57547 2.4658 -0.0101455 -2.82899 3.65365 0.00202296
34.355 -0.0229975 -0.00266672 -0.00574142 -0.165573 0.320627 -0.00727797 0.385859 -2.37029 -0.0077288 0.835625 -5.03155 -0.0159373
34.405 0.00302356 0.000556952 0.00254968 -0.00936716 0.0409393 0.00272344 1.2951 -4.26603 0.00699854 2.00234 -6.69508 -0.00901681
34.455 0.0106203 0.00333527 0.00543353 0.149717 -0.262126 0.00713233 -0.226559 -0.554096 0.00944176 -1.10998 1.47894 0.010698
34.505 1.94025e-05 0.00580297 -0.0027699 0.201144 -0.319618 -0.00108518 -1.81737 3.55267 -0.00426684 -2.90026 6.803 0.0118911
34.555 -0.0119145 0.0073351 -0.00552358 0.120716 -0.075679 -0.00580358 -0.842772 2.42947 -0.0103475 0.332574 1.42738 -0.00505178
34.605 -0.0101542 0.00754725 0.0026276 -0.0164536 0.266236 -0.000257264 1.58756 -1.95359 0.00120522 4.01101 -5.27851 -0.0114328
34.655 0.00138169 0.00643239 0.00551496 -0.104926 0.414604 0.00168509 2.22121 -3.01125 0.0101746 2.35566 -2.24276 0.0022252
34.705 -0.00509393 0.00429091 -0.00311211 -0.102441 0.2342 -0.00504931 0.173433 0.839462 0.00268556 -2.28632 5.24351 0.0125514
34.755 -0.00672398 0.00131509 -0.00626626 -0.0128097 -0.14061 -0.00435906 -1.77888 3.85976 -0.0066889 -3.12217 4.29198 0.00249207
34.805 -0.0015055 -0.00172192 0.003017 0.072931 -0.414239 0.00736747 -1.08984 1.34959 -0.00339489 0.429627 -4.31205 -0.0122849
34.855 -0.0269618 -0.00435681 0.00765403 0.0378949 -0.372731 0.0110751 0.874333 -3.41861 0.00315237 2.07212 -7.04296 -0.00936838
34.905 -0.0126949 -0.00682092 -0.00147392 -0.0500953 -0.0577293 -0.00153173 1.05346 -3.77672 0.001285 -0.714836 0.599498 0.00631656
34.955 -0.00157216 -0.00802888 -0.00762311 -0.146437 0.270589 -0.0102945 -0.876326 0.788371 -0.00201944 -2.8222 6.75944 0.0113787
35.005 0.0238856 -0.00761521 0.000307028 -0.137244 0.348019 -0.00211014 -1.89168 3.88427 0.000331924 -0.0454681 2.23116 -0.00014149
35.055 0.013483 -0.00638477 0.00685179 -0.0421809 0.123601 0.0071948 -0.156976 1.36699 0.00242877 3.77366 -4.96382 -0.00976629
35.105 0.000255233 -0.00396982 3.67627e-05 0.0991529 -0.198189 0.00258387 2.18319 -2.79483 -0.00173292 2.61064 -2.92347 -0.0023427
35.155 -0.000913517 -0.000591919 -0.00686728 0.190327 -0.332095 -0.00472305 1.94781 -2.37939 -0.00306528 -1.94293 4.70931 0.00999719
35.205 -0.00919625 0.00298904 -0.000723868 0.145411 -0.154069 -0.0013919 -0.578704 2.00694 0.00372476 -3.1842 4.82832 0.00652764
35.255 -0.0029169 0.00576813 0.00641397 0.0215016 0.190769 0.00311628 -1.9857 3.79463 0.00621263 0.112868 -3.5219 -0.00905433
35.305 -0.00116362 0.00860596 0.000963978 -0.0952768 0.409536 -0.00260368 -0.612541 0.0408895 -0.00292437 2.15114 -7.25813 -0.0128038
35.355 -0.00819634 0.010383 -0.00545313 -0.120971 0.305758 -0.00710606 1.27303 -4.16102 -0.00920129 -0.415744 -0.29509 0.00251903
35.405 0.00912648 0.0108528 -0.000478188 -0.0223645 -0.049886 0.000620194 0.797429 -2.9032 -0.000619638 -2.87636 6.57968 0.0138819
35.455 -0.00215092 0.00961893 0.00585447 0.0618082 -0.376191 0.00883343 -1.33189 2.05539 0.00896167 -0.459016 2.99771 0.00382821
35.505 -0.010257 0.00721759 0.000931509 0.0685406 -0.413797 0.00394039 -1.79872 3.79812 0.00347066 3.60127 -4.52971 -0.0109301
35.555 0.0057515 0.00413819 -0.0055055 -0.0019455 -0.140605 -0.00416591 0.445326 0.149772 -0.00735813 3.03036 -3.52252 -0.00573291
35.605 0.0234308 0.000485587 -0.000818427 -0.0996115 0.212641 -0.00194299 2.43022 -3.30706 -0.00539699 -1.53943 4.08637 0.0106989
35.655 0.0225671 -0.00340524 0.00540044 -0.140807 0.357806 0.00326159 1.48829 -1.42111 0.00539975 -3.39745 5.2497 0.00915514
35.705 0.00542281 -0.00679234 0.000521664 -0.0770613 0.189021 -0.000533046 -1.11677 3.00777 0.00689193 -0.360354 -2.68483 -0.00951363
35.755 0.00740828 -0.00897243 -0.00642748 0.0753577 -0.133897 -0.00514962 -1.86523 3.29767 -0.00134317 2.14581 -7.338 -0.0149814
35.805 0.00164353 -0.00986821 -0.00131618 0.180807 -0.324853 0.00118764 -0.0867747 -1.33734 -0.00590551 0.0566534 -1.18108 0.00279006
35.855 0.0207048 -0.00971293 0.00678069 0.192306 -0.213446 0.00777366 1.3471 -4.49349 -0.00238225 -2.70336 6.26933 0.0154484
35.905 0.00960942 -0.00840016 0.0022517 0.0671545 0.112238 -3.97772e-05 0.270375 -1.71483 0.00170211 -0.870805 3.70334 0.00324706
35.955 0.00958314 -0.00590931 -0.00639256 -0.0605486 0.378578 -0.0109249 -1.65717 3.09694 0.00242237 3.23106 -3.99204 -0.0118135
36.005 0.00473673 -0.00272494 -0.003247 -0.111126 0.354014 -0.00662584 -1.32539 3.27375 0.00195255 3.23401 -4.02546 -0.00419987
36.055 0.00733246 0.000736296 0.00569358 -0.0486857 0.0435624 0.00617492 1.164 -1.088 -0.000469497 -1.07752 3.39411 0.0117261
36.105 -0.000540669 0.00416695 0.00396554 0.0424379 -0.311774 0.00798131 2.42644 -3.40314 -0.00447482 -3.36994 5.54639 0.00683456
36.155 -0.0185463 0.00661685 -0.00477806 0.0659991 -0.431409 -0.000439336 0.707327 -0.23311 -0.00256144 -0.690544 -1.82706 -0.011273
36.205 -0.00344761 0.00718128 -0.0041472 0.020121 -0.22542 -0.00250861 -1.63316 3.69756 0.00587942 2.03671 -7.28346 -0.0124746
36.255 -0.012503 0.00762407 0.00393187 -0.104045 0.133644 0.00264276 -1.51907 2.38854 0.00711126 0.278267 -2.03259 0.00474999
36.305 -0.00223355 0.00675549 0.00332191 -0.160947 0.350067 0.00133083 0.559465 -2.62489 -0.00449107 -2.60188 5.84148 0.0125137
36.355 -0.00678951 0.00472585 -0.00422247 -0.115624 0.254285 -0.00465794 1.29455 -4.34507 -0.0114617 -1.17331 4.32913 0.000615878
36.405 -0.0148416 0.00185308 -0.00349445 0.0178738 -0.0575267 -0.00202359 -0.384152 -0.334342 -0.00023244 2.98786 -3.37059 -0.0086046
36.455 -0.0094608 -0.00141019 0.00385377 0.153802 -0.306686 0.0056671 -1.94742 3.77645 0.0126675 3.48815 -4.41889 -0.000275774
36.505 -0.0115674 -0.00454962 0.00344412 0.174113 -0.269991 0.00369476 -0.763785 2.36544 0.00517152 -0.691271 2.66024 0.00905619
36.555 -0.00920379 -0.00708002 -0.00371694 0.0783704 0.0289353 -0.00580804 1.82396 -2.17593 -0.0113471 -3.43574 5.72006 0.00204629
36.605 -0.0102796 -0.00861938 -0.00321004 -0.0602252 0.33792 -0.00679601 2.30452 -3.04379 -0.00934871 -1.09057 -0.973725 -0.00968499
36.655 -0.00166149 -0.00892979 0.00412292 -0.122477 0.389137 0.00101698 0.0181973 1.0378 0.00850009 1.96432 -7.10606 -0.00731088
36.705 0.000924346 -0.00793724 0.00373262 -0.0803708 0.126132 0.00308482 -1.958 3.96252 0.0128324 0.697778 -2.82943 0.00415697
36.755 -0.00699503 -0.00549829 -0.00405151 0.0105378 -0.246613 -0.00155944 -1.08896 1.16133 -0.00325802 -2.37494 5.31458 0.00707964
36.805 0.00805991 -0.00199689 -0.00418407 0.0857626 -0.433248 3.70301e-05 1.05311 -3.65132 -0.0132764 -1.52122 4.86337 6.57915e-05
36.855 0.0107124 0.00152902 0.00423083 0.0484754 -0.290968 0.00738114 1.13326 -3.71969 -0.00237126 2.57701 -2.68885 -0.00321898
36.905 0.010829 0.00497686 0.00504633 -0.0599819 0.0562261 0.00508649 -0.876904 1.06172 0.0103771 3.63578 -4.70276 0.00168552
36.955 0.0105517 0.00785797 -0.00377487 -0.142354 0.322551 -0.00635214 -1.90485 3.99704 0.00565973 -0.194301 1.90552 0.00457934
37.005 -0.00185061 0.00979214 -0.00574206 -0.129044 0.298346 -0.00830502 -0.127872 1.19145 -0.00647693 -3.28328 5.77497 -0.000659382
37.055 -0.00749112 0.0105044 0.00281152 -0.0101595 0.0205804 0.00271416 2.19358 -2.95924 -0.00704203 -1.44555 -0.14517 -0.00641994
37.105 -0.00310179 0.00984362 0.00610479 0.134367 -0.262192 0.00816649 1.89543 -2.27132 0.0022017 1.7122 -6.81844 -0.00452509
37.155 -0.00144835 0.00787221 -0.00128613 0.189467 -0.300257 0.000186567 -0.644233 2.20865 0.00658228 0.903099 -3.55687 0.00175842
37.205 -0.00168409 0.00485599 -0.00509943 0.11959 -0.0529689 -0.00665061 -2.00572 3.74696 0.00222466 -2.15113 4.70776 0.00421025
37.255 2.53066e-06 0.00121558 0.00115525 -0.0132539 0.275122 -0.00298651 -0.554218 -0.229097 -0.00341692 -1.71819 5.29824 0.00156478
37.305 0.0124524 -0.00255567 0.00468086 -0.0954588 0.403328 0.000997715 1.2538 -4.27594 -0.00452978 2.24659 -1.96934 -0.000536852
37.355 0.0111212 -0.00596943 -0.0012217 -0.0858336 0.210187 -0.00153162 0.652879 -2.69397 -0.000865407 3.71989 -4.87715 0.00126023
37.405 0.00735554 -0.00850959 -0.0047068 0.00125226 -0.16077 -0.00138981 -1.36099 2.29229 0.00417837 0.179461 1.15378 0.00285575
37.455 -0.00697106 -0.00992063 0.000831742 0.0638805 -0.41585 0.00554401 -1.63448 3.73915 0.00422425 -3.22621 5.72363 -0.00063289
37.505 -0.00100672 -0.0100614 0.00404979 0.0575206 -0.353234 0.0070995 0.609587 -0.0774822 -0.00271847 -1.76341 0.642095 -0.00577767
37.555 -0.0101001 -0.00891653 -0.00176347 -0.0514732 -0.0304629 -0.00148114 2.37646 -3.32801 -0.00716798 1.54621 -6.43968 -0.00494318
37.605 -0.00683461 -0.00662695 -0.00487444 -0.147507 0.283901 -0.00650136 1.25931 -1.19496 -0.000206221 1.19192 -4.20618 0.00167078
37.655 -0.00597163 -0.00344894 0.00129934 -0.151724 0.335694 -0.00036056 -1.23773 3.11725 0.0089986 -1.88164 4.04393 0.00495879
37.705 -0.00286664 0.00014542 0.0050053 -0.0397754 0.0970316 0.00456168 -1.7795 3.07885 0.00450553 -1.96358 5.63565 0.00111161
37.755 -0.00866725 0.00370159 -0.000924353 0.102757 -0.213606 -5.69802e-05 0.11022 -1.6007 -0.00821577 1.83065 -1.23174 -0.00176324
37.805 -0.00946701 0.00642782 -0.00493709 0.18183 -0.320437 -0.00388274 1.37831 -4.42688 -0.00798956 3.76552 -4.95208 0.0022234
37.855 -0.0113919 0.00819433 0.00114853 0.135609 -0.124569 0.000791853 0.0955154 -1.41166 0.00608225 0.670546 0.418255 0.00529583
37.905 -0.0108667 0.00864156 0.00584226 0.00830768 0.211262 0.00334238 -1.73269 3.20806 0.0103345 -3.00135 5.57915 -0.0013167
37.955 0.00218909 0.00779123 7.61036e-05 -0.0885495 0.400713 -0.00325391 -1.18125 3.06199 -0.00345859 -2.09194 1.37885 -0.00912041
38.005 0.00455808 0.00594401 -0.00639071 -0.098727 0.274755 -0.00820625 1.32399 -1.26791 -0.0121198 1.26098 -5.98655 -0.00502445
38.055 0.00702855 0.00327179 -0.00116076 -0.0196462 -0.0764601 0.0004245 2.41219 -3.25386 -0.000610166 1.36019 -4.7754 0.00537675
38.105 0.0115073 0.000183786 0.00557094 0.0695144 -0.376673 0.0100279 0.597867 0.0242839 0.0123158 -1.57899 3.33895 0.00572721
38.155 0.0112689 -0.00286463 0.00147211 0.0775365 -0.390265 0.0057542 -1.68308 3.64827 0.00506369 -2.06776 5.87869 -0.00268034
38.205 0.0134954 -0.00541116 -0.00491041 -0.00332889 -0.114153 -0.00380584 -1.46952 2.05753 -0.00972469 1.45283 -0.491373 -0.0033497
38.255 0.0144131 -0.00704334 -0.00181354 -0.108293 0.222133 -0.00412884 0.602162 -2.78585 -0.00752951 3.74536 -4.93677 0.00610709
38.305 0.015679 -0.00747885 0.00427174 -0.140215 0.346894 0.00118859 1.27069 -4.11208 0.00673649 1.02191 -0.289161 0.00795587
38.355 0.0074756 -0.00755748 0.00194678 -0.0673249 0.168943 0.00101001 -0.450183 -0.0417469 0.00910943 -2.82751 5.35591 -0.00467874
38.405 -0.000929943 -0.00647374 -0.00332062 0.0697833 -0.146837 -0.00161153 -1.86927 3.7245 -0.00325848 -2.33729 2.05957 -0.012727
38.455 -0.00355682 -0.00371974 -0.00101638 0.172195 -0.320956 0.000961477 -0.636361 2.08458 -0.00982075 1.01266 -5.4749 -0.00274847
38.505 -0.000234219 -0.000711593 0.00399286 0.163622 -0.196539 0.00368041 1.81521 -2.2343 -0.00156632 1.54946 -5.26502 0.00899957
38.555 0.000910765 0.00263192 0.00104232 0.0502718 0.128419 -0.00189885 2.14642 -2.77572 0.00745003 -1.3114 2.60867 0.00423097
38.605 -0.00509931 0.00585338 -0.00444405 -0.0797649 0.378514 -0.00798038 -0.0798133 1.22662 0.0049761 -2.2328 6.03646 -0.00646307
38.655 -0.011649 0.00828875 -0.00169972 -0.126328 0.332627 -0.00341086 -1.86765 3.75995 -0.00314137 1.05022 0.242172 -0.00245152
38.705 -0.0130097 0.00914128 0.00429876 -0.0642163 0.0126268 0.00557235 -0.997813 0.821383 -0.00537474 3.71829 -4.84319 0.0097753
38.755 -0.0141783 0.00862472 0.00170939 0.0299702 -0.329741 0.00508264 0.955137 -3.66476 -0.000747224 1.45931 -0.963895 0.00803489
38.805 -0.0120004 0.00681313 -0.00454129 0.0650138 -0.421828 -0.00111697 0.94764 -3.39895 0.0046041 -2.56492 5.06617 -0.00765059
38.855 -0.0128361 0.00394697 -0.00192317 -0.00161408 -0.196022 -0.000285077 -0.949188 1.26316 0.00432556 -2.58974 2.68435 -0.0132146
38.905 -0.0102211 0.00126672 0.00493041 -0.109105 0.156818 0.00417557 -1.7262 3.82299 -0.00217529 0.688592 -4.91605 -0.000628758
38.955 -0.0077317 -0.000916175 0.00292416 -0.162307 0.347862 0.000698818 0.0873983 0.940209 -0.00761031 1.66297 -5.68027 0.00932939
39.005 8.05433e-05 -0.00324699 -0.00437067 -0.0969985 0.231659 -0.00613705 2.19176 -2.89239 -0.00329502 -0.974559 1.86055 0.0025052
39.055 0.00546906 -0.00569767 -0.00377322 0.0472157 -0.0756222 -0.00368468 1.69356 -1.98157 0.00722538 -2.2693 6.11457 -0.00649234
39.105 0.00591901 -0.0073189 0.00361775 0.167173 -0.299234 0.00549771 -0.737573 2.28024 0.00833852 0.692675 0.962245 -0.0010364
39.155 0.00634471 -0.00763028 0.00386425 0.181719 -0.240475 0.00524698 -1.86681 3.46488 -0.00358629 3.61191 -4.67984 0.00966202
39.205 0.00623328 -0.00664675 -0.00315748 0.085857 0.0564321 -0.00440745 -0.415852 -0.494063 -0.0106936 1.78359 -1.60445 0.00678749
39.255 0.00553286 -0.00452856 -0.00415267 -0.042333 0.34184 -0.00783181 1.2258 -4.17443 -0.000327815 -2.29467 4.71789 -0.00696709
39.305 0.00506334 -0.00157508 0.00196657 -0.105439 0.369229 -0.0013805 0.522411 -2.3841 0.0117406 -2.7761 3.25514 -0.0118289
39.355 0.00453503 0.00179552 0.0032849 -0.0662253 0.101412 0.00321573 -1.40971 2.38803 0.00502108 0.422067 -4.31607 -0.00190649
39.405 0.00396583 0.0050932 -0.00183128 0.0260495 -0.255862 0.00171936 -1.49845 3.53221 -0.0108622 1.76946 -6.02329 0.00724051
39.455 0.00354385 0.0078415 -0.00252798 0.0796347 -0.420747 0.00194238 0.758192 -0.244297 -0.0103809 -0.718352 1.10145 0.00371169
39.505 0.00323957 0.0096684 0.00254411 0.0392142 -0.265833 0.00465319 2.38813 -3.19778 0.00590251 -2.35417 6.11969 -0.00385066
39.555 0.00173178 0.00845816 0.00282719 -0.0666447 0.0754213 0.00164556 1.13322 -0.964551 0.0122976 0.30349 1.66709 -0.00195065
39.605 -0.00314791 0.00506126 -0.00273413 -0.148413 0.32262 -0.00538904 -1.31944 3.09663 -0.000130486 3.51998 -4.45105 0.00669878
39.655 -0.00261842 0.00333242 -0.00327711 -0.120509 0.281761 -0.00460127 -1.76061 2.81087 -0.0102868 2.15746 -2.20838 0.00751753
39.705 -0.00162194 0.000847368 0.00262069 0.0048799 -0.000885067 0.00359928 0.0884606 -1.76724 -0.00312489 -2.00014 4.31681 -0.0033748
39.755 -0.000465352 -0.00208742 0.00346483 0.1399 -0.271761 0.00546004 1.30959 -4.28669 0.00772452 -2.97863 3.77229 -0.0117851
39.805 0.000686449 -0.00504515 -0.00288235 0.185037 -0.289217 -0.0019567 0.0609775 -1.1695 0.00551634 0.0673619 -3.68012 -0.00578989
39.855 0.00170451 -0.00756747 -0.00434277 0.110135 -0.0303185 -0.00558099 -1.6798 3.24535 -0.00417796 1.83543 -6.29796 0.00610617
39.905 0.00249319 -0.00926774 0.00217809 -0.0216501 0.287434 -0.000657964 -1.08018 2.89526 -0.00664405 -0.384763 0.331585 0.00719115
