0.005 0.0139019 -7.94853e-05 -0.00341021 0.0154292 -0.00262528 -0.00287132 0.028276 -0.0240354 -0.00472012 0.0413602 -0.0458413 -0.0138207
0.055 0.0102551 -0.00164964 -0.0435157 0.0415136 -0.0535616 -0.042882 0.304443 -0.490092 0.0676248 0.571482 -0.933275 0.0839173
0.105 0.00982433 -0.00310145 0.0780766 0.0665355 -0.096238 0.0779217 0.543343 -0.878864 0.0802019 1.01078 -1.66581 -0.0657311
0.155 0.00839884 -0.00432318 0.0617125 0.0828832 -0.124087 0.061174 0.708221 -1.12862 -0.00125598 1.31751 -2.1211 -0.0569303
0.205 0.00846286 -0.00521866 -0.0488067 0.0907403 -0.132729 -0.0475309 0.772584 -1.19874 -0.00946561 1.43959 -2.22104 0.0604398
0.255 0.00519164 -0.00571219 0.0325787 0.084359 -0.12054 0.0312089 0.73251 -1.07598 -0.00593661 1.35588 -1.94448 0.0225899
0.305 0.00965345 -0.00576262 0.0541446 0.0755334 -0.0891479 0.053408 0.610357 -0.776464 0.0219354 1.09556 -1.33067 -0.0216814
0.355 0.0131269 -0.00535821 0.0200355 0.0575552 -0.0429212 0.0193627 0.416199 -0.343466 -0.0240664 0.697023 -0.473285 0.0467132
0.405 -0.0163795 -0.00452341 -0.0196643 0.00214195 0.011497 -0.0207452 0.164827 0.159124 -0.0154735 0.208618 0.494236 0.0179579
0.455 -0.026861 -0.00331549 0.0559812 -0.0355605 0.0662001 0.0545066 -0.0877581 0.656256 -0.0215991 -0.276089 1.4197 -0.00570184
0.505 -0.0210735 -0.001822 0.00549525 -0.0540666 0.113158 0.00456649 -0.316542 1.07304 0.0133207 -0.664299 2.1561 0.00550056
0.555 -0.0201196 -0.000152238 -0.00807196 -0.0706502 0.145437 -0.00874378 -0.483192 1.34592 -0.0162136 -0.933493 2.58491 0.0218488
0.605 0.00683689 0.00156949 -0.00617509 -0.0523642 0.158151 -0.00629415 -0.53831 1.43232 -0.00740498 -0.989502 2.63481 -0.0239461
0.655 -0.0238111 0.00321431 -0.00466086 -0.0818041 0.149228 -0.00456494 -0.551838 1.317 0.00738659 -0.93292 2.29312 -0.0104042
0.705 0.00273388 0.00465848 -0.0109467 -0.0442596 0.119691 -0.0103458 -0.406929 1.01455 0.0143174 -0.660345 1.608 0.00957624
0.755 -0.019688 0.00579263 -0.00732603 -0.0475359 0.0735367 -0.00639401 -0.225898 0.567164 0.0103818 -0.266852 0.68103 -0.0183958
0.805 -0.00325987 0.00653144 -0.0175933 -0.00821023 0.0171549 -0.0166409 -0.0429173 0.0385377 -0.00297941 0.129539 -0.348535 -0.0131066
0.855 0.0576815 0.00681846 -0.0312027 0.0770252 -0.0415985 -0.0302904 0.280808 -0.495597 0.0102308 0.597575 -1.32546 -0.00270012
0.905 0.0272685 0.0066325 0.0175429 0.0677497 -0.094522 0.0181828 0.368937 -0.958707 0.00710632 0.853752 -2.10272 -0.00719017
0.955 -0.00670393 0.00598502 -0.00337764 0.0486209 -0.134268 -0.00300856 0.513897 -1.28479 0.0068019 0.955239 -2.56445 0.000340312
1.005 -0.0593678 0.00492756 -0.018132 0.00216061 -0.155379 -0.0181588 0.510112 -1.42813 -0.00736378 0.929989 -2.6439 0.00710274
1.055 0.0266948 0.00353316 0.00932371 0.0826776 -0.1551 0.00890992 0.406245 -1.37006 -0.00931115 0.740566 -2.33377 -0.00860902
1.105 0.125432 0.00190647 0.0132692 0.168718 -0.133741 0.0125302 0.505147 -1.12163 0.00149431 0.579623 -1.68711 0.00884126
1.155 -0.0347904 0.000162222 0.0031564 -0.0140778 -0.0946349 0.00217764 0.0580341 -0.721862 -0.00250454 -0.0496997 -0.808794 0.01924
1.205 0.0558893 -0.00157567 0.00607496 0.0485714 -0.0436408 0.00497374 -0.00776945 -0.231846 -0.0131753 -0.549278 0.161143 -0.00946739
1.255 -0.0369396 -0.00318295 0.00577479 -0.0700739 0.0117261 0.00471383 -0.361531 0.274475 -0.0123328 -0.939129 1.06966 -0.000630832
1.305 -0.0540389 -0.00455634 -0.000564654 -0.113266 0.0633776 -0.00126945 -0.789539 0.721428 0.00541557 -1.31945 1.77486 0.0162984
1.355 -0.152002 -0.00560056 0.0187066 -0.228728 0.103858 0.0182282 -0.771213 1.04293 0.000317147 -1.56777 2.16829 -0.00552897
1.405 -0.14188 -0.00625269 -0.0056415 -0.231117 0.127406 -0.00584556 -1.03209 1.19237 -0.0072045 -1.39058 2.19198 -0.00929319
1.455 0.237694 -0.00647432 -0.0199018 0.150105 0.130804 -0.0194599 -0.500617 1.14953 -0.00273027 -0.924951 1.84738 0.00399465
1.505 0.209453 -0.00625999 0.0123634 0.142596 0.113835 0.0134142 -0.265698 0.923572 0.00752232 -0.218207 1.19496 -0.0104309
1.555 -0.199951 -0.00564534 0.00438926 -0.247687 0.0792909 0.00523798 -0.37008 0.551476 0.0103127 -0.74336 0.344384 -0.00569383
1.605 0.270624 -0.00466116 -0.0219535 0.249041 0.0325917 -0.0196862 0.0974319 0.0924757 -0.00283308 0.310764 -0.563051 0.00250023
1.655 0.0642564 -0.00340761 -0.0072249 0.0773714 -0.0190889 -0.00579463 0.0843411 -0.381042 -0.0020726 1.16119 -1.37699 -0.0115082
1.705 0.135419 -0.00195554 0.00618926 0.17592 -0.0678037 0.00643648 0.252085 -0.794447 0.0103399 1.03879 -1.96202 -0.00132169
1.755 0.360935 -0.000434512 -0.00541888 0.428415 -0.106091 -0.00794721 1.18589 -1.08228 0.0128907 1.74397 -2.21933 0.0120955
1.805 -0.0907468 0.00108237 -0.00235094 -0.01636 -0.127984 -0.00376521 0.623733 -1.19814 -0.00359765 1.37409 -2.10253 -0.00784005
1.855 -0.443132 0.00246689 0.000123457 -0.371249 -0.129995 0.000239262 0.720993 -1.1218 -0.00328836 0.983124 -1.62523 -0.0061059
1.905 -0.691753 0.00364137 -0.00368779 -0.596934 -0.111545 -0.00365389 0.329259 -0.86232 0.00666677 0.526666 -0.859057 0.0149965
1.955 0.707534 0.00451423 0.0174374 0.767669 -0.0751179 0.0183393 -0.0177227 -0.456811 0.0064828 0.507014 0.0775063 0.00252284
2.005 -0.0878176 0.0050485 0.00413767 -0.0350231 -0.0258661 0.00357838 0.0233407 0.0350796 -0.0039797 0.210292 1.03773 -0.00241384
2.055 0.397836 0.00518757 -0.0103532 0.423251 0.0290865 -0.0111638 0.40951 0.540108 -0.00965144 -0.518732 1.86972 0.015167
2.105 -0.270582 0.00494905 0.0173828 -0.28874 0.0817579 0.0161221 -0.0592772 0.982342 -0.00244209 -0.995947 2.4404 0.000949122
2.155 -0.480493 0.00436293 0.0216854 -0.495414 0.124414 0.0195693 -0.276416 1.29457 0.0068661 -0.971117 2.65661 -0.000632136
2.205 -0.0865292 0.00344135 -0.00886079 -0.127835 0.150669 -0.0106691 -0.388455 1.42845 -0.00674394 -1.20781 2.4799 0.0114025
2.255 -0.159083 0.00225917 -0.00333321 -0.230959 0.156539 -0.00465345 -1.09998 1.36179 -0.0120817 -0.896068 1.93277 -0.0130893
2.305 0.703375 0.000916573 0.0201533 0.665796 0.140927 0.0269553 -0.16168 1.10192 -0.00106003 -0.186226 1.09529 -0.0142855
2.355 -0.265565 -0.000490882 0.00112972 -0.30755 0.105828 0.00500014 -0.969174 0.684806 0.0140366 0.551383 0.0928262 0.0102584
2.405 -0.322028 -0.00189004 -0.00415876 -0.349547 0.0560191 -0.00248172 0.221422 0.1696 -0.00166231 0.122187 -0.923598 0.000719184
2.455 -0.886825 -0.00313571 -0.0034807 -0.885268 -0.00156226 -0.00233685 -0.0890531 -0.36992 0.00046936 -0.0998091 -1.80079 -0.0184357
2.505 -0.440248 -0.00417985 -0.00489442 -0.417669 -0.0589299 -0.00406608 0.0686392 -0.856468 -0.000924845 0.707408 -2.4073 0.0140251
2.555 -0.22652 -0.00489677 0.0061799 -0.187656 -0.108042 0.00552711 0.113452 -1.2205 0.0117141 1.18034 -2.65384 0.00692998
2.605 0.989797 -0.00529363 -0.00195337 1.01763 -0.142156 -0.00259588 0.982334 -1.41073 -0.00121379 1.84931 -2.50712 -0.00636212
2.655 0.591956 -0.00527183 -0.0198209 0.63824 -0.156585 -0.0205065 0.591941 -1.40151 -0.00260705 0.979722 -1.99493 -0.000228089
2.705 0.23941 -0.00485859 -0.00827663 0.284885 -0.149557 -0.00675004 1.01629 -1.19673 0.00457222 0.0206103 -1.20144 0.00161525
2.755 -1.07876 -0.00405194 0.0156523 -1.04581 -0.122324 0.0148261 -0.227341 -0.828987 0.0121764 -1.45476 -0.25393 -0.00248824
2.805 -0.612359 -0.00292421 -0.00858685 -0.599616 -0.0790838 -0.0095811 -0.883456 -0.354732 0.00438203 -1.73219 0.697476 0.000133215
2.855 -0.301336 -0.00152875 -0.02303 -0.321215 -0.0262433 -0.0243129 -0.754208 0.15431 -0.021431 -0.783595 1.50349 -0.0274642
2.905 -0.0702238 1.91173e-05 -0.00362181 -0.114252 0.0284127 -0.00463261 -1.67799 0.621882 -0.0096873 -0.996993 2.03922 -0.0285476
2.955 0.675276 0.00159794 0.0153603 0.609416 0.0769256 0.0146529 0.0877756 0.978648 0.00737354 -0.738646 2.2237 -0.00370719
3.005 -0.293128 0.00313517 0.00940567 -0.414259 0.112359 0.0111525 -0.0831931 1.17256 0.0379916 -0.565363 2.03256 0.0130939
3.055 -0.693809 0.00449356 -0.00337428 -0.75879 0.129676 -0.00452292 0.137717 1.17658 -0.00943777 -1.53676 1.50171 0.0220066
3.105 -0.854233 0.00558417 -0.00770349 -0.924401 0.126621 -0.00940136 -0.140488 0.992751 -0.00620708 -0.982084 0.721392 -0.00837354
3.155 0.873567 0.00628071 0.0267344 0.831172 0.103895 0.0265439 0.354612 0.651616 0.036156 0.33397 -0.178258 0.0102023
3.205 1.56964 0.00657597 0.0235509 1.53305 0.0652079 0.0238739 0.181734 0.207757 0.0123684 1.50536 -1.04809 -0.0029544
3.255 2.39798 0.00640719 -0.0249746 2.38365 0.0165252 -0.0245608 1.58506 -0.268774 -0.012643 2.3133 -1.74378 -0.00380329
3.305 2.27799 0.00580515 -0.0279477 2.3123 -0.0346544 -0.0264776 1.73957 -0.702845 -0.0221641 1.83091 -2.14878 -0.0129534
3.355 1.57633 0.0047835 0.00718643 1.62435 -0.0804967 0.0080733 0.781147 -1.0259 0.000240329 0.0213813 -2.19309 0.00161535
3.405 -0.247259 0.00346042 0.00466356 -0.252725 -0.1139 0.00484599 -0.201794 -1.18614 0.0371813 -0.593388 -1.86444 0.0271009
3.455 0.357053 0.00189097 -0.00209882 0.454459 -0.129688 -0.00188476 0.28582 -1.15662 0.0156914 1.93341 -1.2105 -0.0154491
3.505 -0.337154 0.000195037 -0.00885303 -0.241605 -0.125262 -0.00868999 -1.07389 -0.939221 -0.00817266 0.917916 -0.331579 -0.0554905
3.555 -0.478476 -0.00153744 0.00282829 -0.405201 -0.101019 0.00300693 -1.26276 -0.564622 0.0369117 -0.979647 0.63535 0.00370865
3.605 0.489106 -0.00313186 0.0383573 0.539327 -0.0602748 0.0388699 1.84865 -0.0875585 0.0924467 1.30214 1.5378 0.00919557
3.655 0.624343 -0.00449439 0.0232844 0.642181 -0.00884697 0.0225693 0.290356 0.421007 0.0176664 0.710114 2.23218 -0.00954003
3.705 0.431441 -0.00553466 -0.0461627 0.428426 0.0458153 -0.0474089 1.12158 0.884759 -0.0448741 -0.452154 2.60638 -0.0371619
3.755 0.489024 -0.0061792 -0.0674212 0.469643 0.0957377 -0.0682472 1.61044 1.23338 -0.0704126 -0.504607 2.59745 -0.00861094
3.805 -1.91564 -0.00640015 0.00900489 -1.96612 0.133554 0.00833623 -2.65678 1.41328 0.021136 -3.36975 2.20194 0.0410513
3.855 -2.36311 -0.00618008 0.0896916 -2.4139 0.153614 0.0891835 -2.29482 1.39543 0.0647765 -3.64993 1.47631 -0.00424901
3.905 -3.15899 -0.00553793 -0.0282996 -3.22536 0.152794 -0.0283065 -3.36631 1.17999 -0.02242 -0.566031 0.528286 -0.23151
3.955 -2.8257 -0.00455636 -0.10792 -2.73493 0.130928 -0.110925 -3.93198 0.796286 -0.0606321 -0.484198 -0.499214 -0.00116356
4.005 -1.19453 -0.00328292 0.0209665 -1.25003 0.0904746 -0.0136427 -2.22474 0.298618 -0.00219444 2.37683 -1.45146 0.0042572
4.055 -0.330536 -0.00183132 0.0985817 -0.36213 0.0375177 0.0903816 0.741614 -0.241948 0.394237 4.04174 -2.1852 0.0581581
4.105 0.541951 -0.000299862 0.0175541 0.562479 -0.02066 0.0222113 3.60329 -0.747952 0.0909164 3.13342 -2.59141 0.0609453
4.155 0.828712 0.00118595 -0.102199 0.850975 -0.0759189 -0.0984844 4.46825 -1.14693 -0.0519588 1.6201 -2.61194 -0.0543396
4.205 -0.759535 0.00254142 -0.0291906 -0.707178 -0.120567 -0.0282531 2.99678 -1.38242 -0.0143075 -1.0449 -2.24863 0.0143056
4.255 -3.05285 0.00364449 0.105704 -2.99093 -0.148474 0.10601 0.284525 -1.42211 0.0852999 -3.77219 -1.56272 0.0745548
4.305 -2.13514 0.00442502 0.0587515 -2.18006 -0.155892 0.060441 -4.47523 -1.26263 0.00915102 -2.27295 -0.665089 0.00537144
4.355 -0.651805 0.00485619 -0.109842 -0.582483 -0.14202 -0.106111 -2.81997 -0.929938 -0.108084 0.638398 0.301314 -0.0717613
4.405 0.724439 0.00491659 -0.0523792 0.765327 -0.109126 -0.0520487 -1.77904 -0.475329 -0.0480935 1.63528 1.18436 0.0150028
4.455 1.60024 0.00459946 0.148536 1.60275 -0.0621547 0.146909 1.93187 0.032176 0.115838 1.4633 1.84636 0.0487729
4.505 1.97384 0.00394709 0.0484992 1.9581 -0.00808049 0.0471329 2.76961 0.516488 0.0529002 0.2366 2.18589 0.0595293
4.555 1.04403 0.00300619 -0.126464 0.996761 0.0451892 -0.127772 1.25 0.905534 -0.11064 -2.23024 2.15364 -0.0813609
4.605 0.575429 0.00185442 -0.0503467 0.533289 0.0899154 -0.048224 0.589532 1.14233 -0.0479008 -2.86858 1.76007 -0.0485787
4.655 -0.0151153 0.000586349 0.122037 -0.14939 0.119709 0.122345 0.659805 1.19326 0.105344 -1.81612 1.07354 0.0389694
4.705 -0.174991 -0.000712618 0.034482 -0.403055 0.130415 0.0383612 -2.64312 1.05322 0.0814709 0.212146 0.20917 0.0312288
4.755 0.708515 -0.00196437 -0.110007 0.669913 0.120678 -0.105469 -1.34858 0.746087 -0.0934102 1.92543 -0.68948 -0.0629924
4.805 1.26044 -0.00305374 -0.066955 1.20437 0.092284 -0.0660324 0.578755 0.321268 -0.0466854 2.19831 -1.47347 -0.0229851
4.855 0.692323 -0.00391836 0.096325 0.654693 0.0497135 0.0965871 0.889852 -0.154042 0.103282 0.818893 -2.01214 0.0561813
4.905 1.36627 -0.00448896 0.0754316 1.36503 -0.000461848 0.0760117 2.18683 -0.604965 0.0582015 0.978761 -2.21411 0.0222286
4.955 1.2054 -0.00472859 -0.119823 1.23027 -0.0505445 -0.119073 0.747886 -0.960314 -0.0780951 1.38338 -2.04189 -0.0412141
5.005 1.59752 -0.00461186 -0.0891953 1.64414 -0.0928474 -0.0865016 0.679214 -1.16344 -0.0516253 1.45511 -1.51803 -0.0199025
5.055 0.194955 -0.00413662 0.0916501 0.335368 -0.120851 0.110052 0.404466 -1.18086 0.0808816 1.02182 -0.721722 0.0383
5.105 -0.583983 -0.00335513 0.056134 -0.589229 -0.130186 0.0644842 -0.0371646 -1.00734 0.0630113 -1.0908 0.223555 0.0347501
5.155 0.112058 -0.00230522 -0.0963043 0.226853 -0.11915 -0.0955747 -0.335084 -0.666819 -0.0786744 -0.882402 1.16941 -0.0307299
5.205 0.979885 -0.00105063 -0.0647135 1.06118 -0.0891518 -0.066256 0.648378 -0.208878 -0.0683036 0.693537 1.96595 -0.0516173
5.255 0.674493 0.000315025 0.0823242 0.730669 -0.0443728 0.0813626 -0.459866 0.298629 0.0631989 -0.430965 2.48549 0.0426603
5.305 -0.740995 0.00171674 0.0439906 -0.704671 0.00887 0.0524064 1.45167 0.779701 0.0805255 -2.12927 2.6427 0.0343114
5.355 -0.00917526 0.00304384 -0.0679271 -0.0113869 0.0627927 -0.0746717 -0.040469 1.16168 -0.0718116 -1.53576 2.40824 -0.0481148
5.405 -0.628264 0.00419616 -0.085019 -0.659177 0.109458 -0.0895882 -1.48756 1.386 -0.0736028 -0.4819 1.81367 -0.0344392
5.455 -0.549717 0.00509923 0.0733906 -0.592709 0.141967 0.0722213 -1.15322 1.41717 0.0537642 -0.856621 0.946438 0.0352238
5.505 -0.169558 0.00568098 0.0916137 -0.225554 0.155426 0.0915746 -0.184858 1.24817 0.0616406 0.851465 -0.0634566 0.0253006
5.555 0.201122 0.00589309 -0.0757522 0.148977 0.147652 -0.0756788 -0.344592 0.901363 -0.0558671 1.4667 -1.0638 -0.0241165
5.605 0.358807 0.00571184 -0.0942419 0.311858 0.119512 -0.0944088 0.873947 0.425616 -0.0677556 1.13918 -1.90389 -0.0284244
5.655 -0.312042 0.00514292 0.0683243 -0.343862 0.0748006 0.0685289 0.682077 -0.111204 0.059631 0.266115 -2.45802 0.0220402
5.705 -0.562763 0.00421693 0.0836727 -0.573621 0.0196913 0.0841816 0.0311325 -0.632188 0.0764169 -0.24777 -2.64506 0.0431294
5.755 -0.612357 0.00299465 -0.0703939 -0.600156 -0.0381506 -0.0701025 -0.40547 -1.06272 -0.0398292 0.653695 -2.44098 -0.0187379
5.805 -0.682903 0.00155531 -0.0846304 -0.650469 -0.0906522 -0.0844331 -0.502617 -1.34162 -0.0643421 0.621465 -1.88243 -0.0461307
5.855 -0.143212 -4.20804e-06 0.0467408 -0.0875546 -0.130529 0.047329 0.792464 -1.43013 0.0487839 0.756352 -1.06074 0.0270161
5.905 0.039686 -0.00157186 0.0851865 0.106074 -0.152323 0.084954 1.409 -1.3177 0.0795316 0.362164 -0.107427 0.0429126
5.955 -0.00505588 -0.00305097 -0.0302419 0.0506643 -0.153168 -0.0223908 0.597935 -1.02334 -0.0339297 -1.36329 0.826676 -0.0356679
6.005 0.0171759 -0.0043159 -0.103346 0.0598078 -0.133254 -0.0988382 0.895449 -0.592792 -0.0790417 -1.3685 1.59525 -0.0434334
6.055 -0.252681 -0.00528673 0.0325787 -0.234734 -0.0956393 0.0322003 -0.130422 -0.0915471 0.0312466 -1.60214 2.07948 0.0171229
6.105 0.108554 -0.00588995 0.104249 0.107518 -0.0459771 0.10302 -0.46157 0.405012 0.0666354 -1.04376 2.20676 0.0317362
6.155 -0.104458 -0.00608168 -0.0321185 -0.125782 0.00841454 -0.031987 -0.63617 0.822826 -0.037358 -0.702003 1.96196 -0.0184127
6.205 0.108207 -0.0058599 -0.0970715 0.0590112 0.059607 -0.0989443 -0.616108 1.10042 -0.0859449 -0.949098 1.38961 -0.0387269
6.255 0.309889 -0.00524056 0.0406848 0.231848 0.100211 0.0401428 -0.0398626 1.19796 0.017371 -0.10489 0.586671 0.00815456
6.305 0.248333 -0.00426713 0.0981396 0.168486 0.12444 0.0976381 -0.702623 1.10315 0.0718888 0.156309 -0.313118 0.0455708
6.355 0.441783 -0.00301339 -0.0324532 0.359936 0.128971 -0.0331142 -0.15019 0.833083 -0.0239412 0.693628 -1.16057 -0.00322336
6.405 0.368223 -0.00157777 -0.0944883 0.299327 0.11343 -0.0947844 -0.372904 0.43148 -0.0786345 1.15032 -1.81489 -0.0413303
6.455 0.0210192 -7.0291e-05 0.0172155 -0.0270788 0.0803954 0.0175776 -0.384001 -0.0379641 0.018206 0.861493 -2.16617 0.0164947
6.505 -0.321641 0.00139452 0.0923538 -0.342326 0.0350388 0.0932012 -0.361221 -0.501261 0.0842473 0.815361 -2.15303 0.0513321
6.555 -0.421584 0.00271209 -0.0110136 -0.411911 -0.0156473 -0.010513 -0.360024 -0.885363 -0.00514469 0.783378 -1.77249 -0.0119373
6.605 -0.0673989 0.00378664 -0.0979158 -0.0283838 -0.0638934 -0.097164 -0.0234773 -1.12925 -0.0700055 1.50694 -1.08064 -0.0383447
6.655 0.0655545 0.00454193 0.0046781 0.128867 -0.102293 0.00543085 0.326187 -1.19322 0.0150932 1.02069 -0.183965 0.00657081
6.705 0.0758682 0.00492847 0.0997737 0.15534 -0.124899 0.100385 1.12091 -1.06497 0.0841822 0.246255 0.77739 0.0344205
6.755 -0.026548 0.00490712 -0.0107129 0.0556068 -0.128127 -0.0139734 1.2338 -0.761519 0.00335352 -0.522137 1.65165 -0.0057829
6.805 -0.0847655 0.00452669 -0.0985167 -0.000921377 -0.111211 -0.101138 0.445526 -0.326732 -0.0753315 -1.00213 2.29943 -0.04427
6.855 -0.199687 0.00379992 0.00166372 -0.135278 -0.0764084 0.000898084 -0.00794387 0.175155 -0.00260233 -1.11747 2.61571 -0.0104155
6.905 -0.256795 0.00279243 0.0941125 -0.212437 -0.0286447 0.0934913 -0.530767 0.66917 0.0728249 -1.05849 2.54657 0.034671
6.955 0.0506338 0.00158514 0.00179831 0.0676831 0.0252026 0.000910773 -0.367876 1.08082 0.00138562 -0.462861 2.0978 0.00278896
7.005 0.221607 0.000269875 -0.0868671 0.212067 0.0773009 -0.0877781 -0.181843 1.3473 -0.0802577 -0.00379636 1.33424 -0.0441184
7.055 0.0579742 -0.00105181 -0.00690241 0.0244294 0.120003 -0.00752174 -0.0126248 1.42693 -0.0143772 -0.251033 0.369765 -0.00396199
7.105 0.158331 -0.00227939 0.0892839 0.107755 0.146967 0.0887609 0.227429 1.30548 0.0689129 0.075401 -0.650503 0.0458662
7.155 0.034825 -0.00332277 0.0195725 -0.0238196 0.154087 0.0192667 -0.454198 0.998389 0.00902524 0.578418 -1.57272 0.00946102
7.205 0.0944858 -0.00408095 -0.0945858 0.0370621 0.140091 -0.0998798 -0.465298 0.548564 -0.0733649 0.952261 -2.25837 -0.0329111
7.255 -0.142139 -0.00455202 -0.020955 -0.192474 0.106712 -0.0238888 -0.351755 0.0200517 -0.0152488 0.938041 -2.60582 0.00121057
7.305 -0.312499 -0.00467814 0.0918138 -0.337834 0.0585127 0.0923534 -0.394005 -0.511452 0.0726171 0.609632 -2.5661 0.0404697
7.355 0.152449 -0.00445478 0.0260848 0.145096 0.00218067 0.0273158 0.589205 -0.969804 0.0234725 1.03841 -2.1504 0.0138143
7.405 -0.0650544 -0.00389735 -0.0890926 -0.0480257 -0.0544363 -0.0871772 0.550157 -1.28969 -0.062532 0.401421 -1.42807 -0.03288
7.455 0.324113 -0.00304342 -0.0263097 0.362518 -0.103451 -0.0244867 1.0683 -1.42628 -0.0181913 -0.192492 -0.51554 -0.0159808
7.505 0.192162 -0.0019544 0.0836475 0.24153 -0.138082 0.084353 1.06346 -1.36191 0.0713306 -0.523636 0.442153 0.0317855
7.555 -0.0318557 -0.000705751 0.029174 0.0233458 -0.153623 0.0293521 0.130581 -1.10853 0.0302479 -1.50075 1.29436 0.010976
7.605 -0.228634 0.000569317 -0.0801155 -0.208185 -0.14816 -0.0810657 -0.152673 -0.705852 -0.0654374 -1.70812 1.90845 -0.0437225
7.655 -0.184506 0.00188415 -0.0374721 -0.139904 -0.122653 -0.0382764 -0.848589 -0.215375 -0.0300089 -1.27253 2.19082 -0.0229838
7.705 0.0817135 0.00308931 0.0758045 0.0973816 -0.0810758 0.0750827 -0.650491 0.288963 0.0601943 -1.02198 2.10141 0.0317188
7.755 0.109093 0.00410419 0.0433038 0.099724 -0.0296123 0.0422241 -0.772118 0.731827 0.0273037 -0.814143 1.65985 0.0123783
7.805 0.0266088 0.00494982 -0.0746892 -0.0110279 0.0242566 -0.0737958 -0.534093 1.04779 -0.0672275 -0.710657 0.942222 -0.0338938
7.855 0.298524 0.00540168 -0.0463871 0.245589 0.0725769 -0.0457393 -0.212719 1.19108 -0.039618 -0.0748372 0.0686769 -0.0147639
7.905 0.255781 0.00541611 0.0785319 0.184823 0.108352 0.0789673 -0.676194 1.14251 0.0539617 0.754716 -0.815743 0.0332722
7.955 -0.199429 0.00521481 0.0516526 -0.282859 0.126757 0.0508016 -0.974542 0.912056 0.0365028 0.495553 -1.56431 0.0259496
8.005 -0.205344 0.00465395 -0.0741707 -0.279263 0.125213 -0.0735468 -0.554379 0.53741 -0.0564213 0.907816 -2.05206 -0.0212098
8.055 -0.466605 0.0037838 -0.0467872 -0.531508 0.104237 -0.0458709 -0.849151 0.0782621 -0.040133 1.177 -2.19573 -0.0175442
8.105 0.0227816 0.00265594 0.0662492 -0.0172558 0.06721 0.0671244 -0.118224 -0.393027 0.0565438 1.70759 -1.96725 0.0327865
8.155 0.177393 0.00133742 0.0516867 0.162257 0.0198971 0.0525834 0.958498 -0.802181 0.0482068 1.68319 -1.3982 0.0287461
8.205 0.11551 -6.80533e-05 -0.0595174 0.130045 -0.0304133 -0.0583247 1.10802 -1.08438 -0.0450679 0.683323 -0.575217 -0.0295656
8.255 -0.198414 -0.00147363 -0.0553409 -0.155381 -0.0760131 -0.0542496 1.30076 -1.19408 -0.0403172 -0.0844779 0.373758 -0.0269905
8.305 -0.130773 -0.00279123 0.0575944 -0.0663766 -0.109894 0.0584955 0.464108 -1.11204 0.0524843 -0.413104 1.29949 0.0234043
8.355 -0.205612 -0.00393034 0.0597913 -0.127464 -0.126781 0.0601864 0.214455 -0.848201 0.0519303 -0.54251 2.05496 0.0187637
8.405 -0.0493648 -0.00481005 -0.0543068 0.0299805 -0.123909 -0.0540607 0.310607 -0.440337 -0.043605 -0.568342 2.51877 -0.0297995
8.455 0.0173921 -0.00537203 -0.0657986 0.0904032 -0.101454 -0.0655814 0.555587 0.0514774 -0.0516417 -0.834182 2.61418 -0.0286626
8.505 -0.210807 -0.00557977 0.0507708 -0.154121 -0.0624961 0.0498698 0.0124601 0.553961 0.0378979 -1.15809 2.32152 0.0173677
8.555 0.00242855 -0.00541239 0.0635899 0.037063 -0.0125828 0.0624463 0.140185 0.991503 0.0462123 -0.830906 1.68133 0.0254358
8.605 -0.155789 -0.00488232 -0.0497997 -0.147219 0.0410735 -0.0509725 -0.436525 1.29758 -0.043573 -0.222326 0.788257 -0.0178292
8.655 0.00504206 -0.00383612 -0.068933 -0.00678487 0.0908166 -0.0728991 -0.651686 1.4247 -0.058936 0.0976617 -0.22364 -0.0263998
8.705 -0.059474 -0.00272416 0.0440024 -0.0989308 0.129012 0.0414125 -0.471494 1.3517 0.0306919 0.703171 -1.20183 0.0231357
8.755 -0.0665949 -0.00144019 0.0662158 -0.116809 0.150088 0.0654177 -0.565359 1.0868 0.0514666 0.874749 -1.99903 0.0366602
8.805 0.0915217 -7.28261e-05 -0.0381819 0.0358583 0.150827 -0.0384503 -0.116456 0.666672 -0.033303 1.08684 -2.49622 -0.0124649
8.855 0.111334 0.00127683 -0.0680462 0.0612282 0.130865 -0.0674402 0.0455574 0.150813 -0.0551667 1.15184 -2.62112 -0.025623
8.905 -0.0411073 0.00250534 0.0338245 -0.0778703 0.0928132 0.0349744 0.133864 -0.386592 0.0313791 0.390022 -2.35937 0.0197376
8.955 -0.102027 0.00353063 0.0719192 -0.120254 0.0419012 0.0726231 0.330243 -0.868854 0.0617739 0.277034 -1.7566 0.0301542
9.005 -0.0869329 0.00427061 -0.030162 -0.0830326 -0.0148087 -0.0291994 0.20146 -1.22699 -0.0198782 -0.0566673 -0.910854 -0.0156902
9.055 0.0650616 0.0046681 -0.0722501 0.0915942 -0.0694267 -0.070971 0.233707 -1.41053 -0.0524219 -0.25342 0.0426668 -0.0333005
9.105 0.108164 0.0046723 0.0283086 0.151909 -0.114379 0.0297172 0.60391 -1.39485 0.025103 -0.730302 0.953348 0.00534132
9.155 -0.0481722 0.004317 0.0725088 0.00636384 -0.143441 0.0730884 0.40435 -1.18473 0.0614526 -1.47263 1.67882 0.0250165
9.205 0.224559 0.00362793 -0.0242486 0.280601 -0.152713 -0.0238884 0.50652 -0.813484 -0.0171167 -1.30065 2.10716 -0.0141594
9.255 0.0606711 0.00265943 -0.0717959 0.109191 -0.141138 -0.0718675 -0.199649 -0.33812 -0.060738 -1.38409 2.17491 -0.0367978
9.305 0.0429695 0.00150653 0.0192612 0.0747789 -0.110628 0.0186648 -0.504871 0.169421 0.0116569 -1.28984 1.87647 0.00528219
9.355 -0.0801455 0.000251089 0.0722936 -0.0709573 -0.065817 0.0713258 -0.615291 0.633396 0.0548926 -0.810148 1.26506 0.0330305
9.405 0.147138 -0.00167572 -0.00973941 0.130961 -0.0139925 -0.0167429 -0.795472 0.984931 -0.0172841 -0.0265856 0.443799 -0.00497349
9.455 0.0430436 -0.00237406 -0.0711232 0.00183614 0.0387914 -0.0765262 -0.717985 1.1728 -0.0653886 0.340204 -0.45043 -0.0279288
9.505 -0.0196207 -0.00335176 0.00552382 -0.0859892 0.0837328 0.0051819 -0.786725 1.17091 0.00478421 0.52624 -1.26944 0.0112146
9.555 0.0389076 -0.00404518 0.0737838 -0.039875 0.114456 0.0742305 -0.400534 0.982263 0.056513 1.12482 -1.8769 0.0375619
9.605 -0.0553302 -0.00463113 -0.00180647 -0.135017 0.126746 -0.00813157 -0.626729 0.638398 -0.00672247 1.36794 -2.17041 0.00169525
9.655 0.176174 -0.00463712 -0.0741793 0.105351 0.119301 -0.0762041 0.0285749 0.193515 -0.0580578 1.65082 -2.0979 -0.0268427
9.705 -0.00868274 -0.00433402 0.00342287 -0.0718134 0.0934003 0.00432789 0.22641 -0.281293 0.00587675 1.25473 -1.66576 0.00237844
9.755 0.0161063 -0.00368947 0.0737633 -0.0193374 0.0530995 0.0752432 0.429705 -0.711645 0.0642244 0.667266 -0.938954 0.0305472
9.805 -0.0221489 -0.00278491 0.00036461 -0.0300622 0.00467969 0.00196715 0.719351 -1.02936 0.00761869 0.437799 -0.0293445 -0.0012446
9.855 -0.202114 -0.00166991 -0.0724433 -0.181041 -0.0444338 -0.0712502 0.350785 -1.18355 -0.0517999 -0.286468 0.92051 -0.0363589
9.905 -0.148644 -0.000396321 -0.00424935 -0.100742 -0.0866656 -0.00312103 0.624351 -1.1482 0.00119026 -0.528493 1.76039 -0.00822792
9.955 -0.0349117 0.000906354 0.0697491 0.0328261 -0.115545 0.0705568 0.608517 -0.926171 0.0620612 -0.375769 2.35634 0.0260644
10.005 0.0936267 0.00216017 0.00855297 0.172634 -0.126527 0.00884034 0.652653 -0.548951 0.00915463 -0.689302 2.61089 -0.00110489
10.055 0.00629776 0.00381911 -0.0672245 0.0849137 -0.117181 -0.0673951 0.589618 -0.0714263 -0.0569779 -0.891442 2.47983 -0.0339191
10.105 -0.155052 0.00437645 -0.0115702 -0.0895945 -0.0899425 -0.0101893 0.148015 0.43531 -0.0109636 -1.11448 1.97867 -0.00518935
10.155 -0.0625308 0.00488204 0.0671865 -0.00265563 -0.0476803 0.0678854 -0.239075 0.894632 0.0511456 -0.457174 1.18035 0.0311795
10.205 -0.0124269 0.00521689 0.0144654 0.0168449 0.00356104 0.0146596 -0.545551 1.2374 0.00780284 0.0959446 0.204435 0.0103028
10.255 0.0115602 0.00519627 -0.0683699 0.015218 0.0561968 -0.0692634 -0.552585 1.41065 -0.0605035 0.42285 -0.802411 -0.0234941
10.305 -0.0350112 0.00481387 -0.0195628 -0.0545624 0.102498 -0.0210422 -0.387196 1.38642 -0.0219125 0.569315 -1.68832 -0.00248724
10.355 -0.0992515 0.00440642 0.0654881 -0.134125 0.135778 0.0661302 -0.516814 1.16581 0.0492844 0.679018 -2.32025 0.0333317
10.405 -0.0144171 0.00330332 0.0231356 -0.0631381 0.150899 0.0249337 -0.207563 0.7789 0.0166559 0.907822 -2.60547 0.0147095
10.455 -0.133079 0.00219105 -0.0637744 -0.189154 0.145324 -0.0640746 -0.329986 0.280531 -0.0520548 0.74911 -2.50395 -0.0258933
10.505 -0.070235 0.000902007 -0.0258113 -0.117978 0.119817 -0.025469 -0.00864864 -0.258567 -0.0183404 0.594203 -2.03705 -0.0113765
10.555 0.0663618 -0.000410455 0.0617678 0.031534 0.0777644 0.0623497 0.434547 -0.760606 0.054162 0.537297 -1.28173 0.0248903
10.605 0.0976383 -0.00169889 0.0290546 0.0824556 0.0249037 0.0301626 0.575555 -1.15393 0.0284433 -0.0344589 -0.359686 0.00772006
10.655 0.00781049 -0.00287031 -0.0600746 0.0145359 -0.0313931 -0.0586727 0.68312 -1.38293 -0.0430559 -0.903532 0.582952 -0.0315819
10.705 0.0836572 -0.00385069 -0.0326878 0.110903 -0.0832922 -0.0312623 0.60516 -1.41621 -0.0209096 -1.2131 1.39801 -0.0193675
10.755 0.263021 -0.00456415 0.0571755 0.305522 -0.123579 0.058231 0.61833 -1.25123 0.050005 -1.20889 1.95892 0.0193353
10.805 0.0961979 -0.00526392 0.0334773 0.157638 -0.147021 0.0312155 0.170508 -0.914873 0.0301209 -1.4954 2.18089 0.0107086
10.855 -0.104162 -0.00519932 -0.0545177 -0.0511489 -0.149851 -0.0555271 -0.288573 -0.458991 -0.0446538 -1.58764 2.03359 -0.0251542
10.905 0.0403406 -0.00494245 -0.0379363 0.0778284 -0.132546 -0.0395657 -0.383358 0.0474417 -0.0332163 -0.968957 1.54577 -0.0159031
10.955 -0.0312606 -0.00441157 0.054549 0.0073431 -0.0975852 0.0490385 -0.804987 0.528405 0.0399718 -0.390162 0.80092 0.0252739
11.005 0.272604 -0.00357762 0.0401549 0.272103 -0.0502846 0.039485 -0.648513 0.912506 0.0279258 0.244324 -0.0762654 0.0220167
11.055 -0.0179925 -0.00252856 -0.0503291 -0.0410966 0.00238398 -0.0508604 -0.583127 1.1433 -0.0471042 0.56209 -0.940386 -0.016244
11.105 -0.0207521 -0.00132739 -0.0422942 -0.066079 0.0527254 -0.0431889 -0.66872 1.18835 -0.0385958 0.607686 -1.64749 -0.0130262
11.155 0.0609565 -0.000216898 0.0442141 -0.0115228 0.0933444 0.0481075 -0.569122 1.04308 0.0350272 1.45822 -2.07957 0.0260732
11.205 -0.0464078 0.00103793 0.0440013 -0.117868 0.118702 0.0439924 -0.800264 0.732574 0.0339777 1.5164 -2.1622 0.022193
11.255 -0.135378 0.00219766 -0.0444976 -0.211836 0.125198 -0.0451484 -0.309636 0.306689 -0.0355801 1.10172 -1.87717 -0.0184474
11.305 -0.10192 0.0031537 -0.0460041 -0.169002 0.112165 -0.0458869 0.0624669 -0.16715 -0.0343563 0.972102 -1.26532 -0.0206983
11.355 -0.132119 0.00385583 0.0414929 -0.180969 0.0817933 0.0421382 0.0960764 -0.614471 0.0386481 0.621541 -0.419971 0.014543
11.405 -0.0695166 0.00421718 0.048206 -0.0943954 0.0388584 0.0493581 0.643929 -0.964734 0.0440491 0.149287 0.526844 0.0159335
11.455 -0.145523 0.00426754 -0.0399683 -0.142354 -0.00998244 -0.0385484 0.700772 -1.16179 -0.0252477 -0.263124 1.42609 -0.0221116
11.505 -0.0406404 0.00397475 -0.0495774 -0.00964942 -0.0572303 -0.0483682 0.917972 -1.17316 -0.0346109 -0.543337 2.13471 -0.0268347
11.555 -0.0967624 0.00334993 0.0356948 -0.0415405 -0.0956604 0.0365685 0.937431 -0.994607 0.0336408 -0.737306 2.53839 0.0106611
11.605 -0.010342 0.00245294 0.0508259 0.0615051 -0.119294 0.051489 0.755852 -0.651108 0.044042 -0.86494 2.56976 0.0198624
11.655 -0.0555263 0.00136047 -0.0317692 0.0227643 -0.124393 -0.0313861 0.44678 -0.192178 -0.0261503 -0.805965 2.21905 -0.0146888
11.705 -0.108088 0.00014555 -0.052205 -0.030989 -0.109956 -0.0525406 0.179306 0.313701 -0.0441593 -0.748608 1.53588 -0.0207303
11.755 -0.136558 -0.00108667 0.0299819 -0.0718774 -0.0778567 0.0292899 -0.0787405 0.790908 0.020404 -0.391082 0.621706 0.017189
11.805 -0.0767382 -0.00171874 0.0570114 -0.0338046 -0.031963 0.0548918 -0.490308 1.16718 0.0377681 0.140877 -0.386047 0.0280508
11.855 0.107825 -0.00276541 -0.0249219 0.137596 0.01947 -0.0293114 -0.406881 1.38496 -0.0279369 0.775871 -1.3356 -0.00611432
11.905 0.109025 -0.00364555 -0.0539795 0.104381 0.07049 -0.0551653 -0.392794 1.40951 -0.0489786 0.973236 -2.08404 -0.0182116
11.955 0.20056 -0.00410697 0.0243141 0.171183 0.112997 0.0233269 -0.186079 1.23488 0.0145021 1.03404 -2.52016 0.0134815
12.005 -0.0356942 -0.00420443 0.0546067 -0.0806147 0.140824 0.0540309 -0.194509 0.884322 0.0419826 0.723855 -2.58102 0.0251194
12.055 0.0335749 -0.00396685 -0.0208488 -0.0206406 0.149755 -0.0206561 -0.267922 0.407163 -0.0164103 0.433865 -2.26212 -0.00916419
12.105 0.0780248 -0.00336591 -0.0557869 0.0226389 0.138241 -0.0549161 -0.0576272 -0.128767 -0.0440896 0.495237 -1.61818 -0.0269137
12.155 -0.018264 -0.00245534 0.0160399 -0.0640596 0.107725 0.0165754 -0.0788898 -0.646306 0.0165372 -0.085022 -0.753326 0.00236737
12.205 -0.00827457 -0.00135994 0.05529 -0.038964 0.0622539 0.0560451 0.253667 -1.0715 0.0502454 -0.626114 0.194289 0.0191016
12.255 -0.00435394 -0.000137595 -0.0139897 -0.014446 0.00815956 -0.012755 0.339736 -1.34393 -0.00632499 -0.992305 1.07522 -0.0119308
12.305 0.164652 0.00114832 -0.0561956 0.1763 -0.0470121 -0.0547605 0.607832 -1.42562 -0.0414532 -1.20619 1.75205 -0.0295459
12.355 0.141371 0.00241012 0.00922569 0.172777 -0.0955952 0.0103167 0.612843 -1.30758 0.0124645 -1.27797 2.12075 0.00147833
12.405 0.0642644 0.0035246 0.0561706 0.110051 -0.130884 0.0569729 0.238572 -1.00885 0.0480255 -1.39969 2.12754 0.023008
12.455 0.00277761 0.00362894 -0.00264568 0.0560154 -0.149145 -0.00493002 0.0241379 -0.576568 -0.00615257 -1.18516 1.77662 -0.00256834
12.505 -0.086356 0.00418994 -0.0565385 -0.0354917 -0.145756 -0.0576978 -0.543972 -0.075679 -0.04801 -0.688059 1.12952 -0.0211155
12.555 0.0279068 0.00458756 0.00423677 0.0655459 -0.123037 0.00374645 -0.47137 0.417899 0.00025488 -0.0961522 0.295132 0.00646126
12.605 -0.0625439 0.00458579 0.0559968 -0.0423464 -0.0842155 0.0552176 -0.67238 0.83103 0.0407425 0.313792 -0.587712 0.0295087
12.655 -0.0984754 0.00405689 -0.00255772 -0.101925 -0.0352807 -0.00357032 -0.773371 1.10271 -0.00781895 0.716713 -1.37212 0.00503701
12.705 -0.109098 0.00331578 -0.0566959 -0.136859 0.0168192 -0.0580543 -0.680888 1.19434 -0.0505401 1.06137 -1.9277 -0.0202748
12.755 -0.0838812 0.00238852 -0.00123353 -0.133223 0.0644822 -0.00267761 -0.729756 1.0939 -0.00501127 1.42408 -2.16021 0.0020179
12.805 -0.047822 0.00125243 0.055255 -0.114134 0.100788 0.054215 -0.340395 0.821577 0.0430819 1.54973 -2.0274 0.0251052
12.855 0.0946613 3.29954e-05 0.00407355 0.0189956 0.120648 0.00359069 -0.0266979 0.417154 0.00311844 1.37705 -1.54584 7.68165e-05
12.905 0.0586747 -0.00126203 -0.0546815 -0.0160582 0.121321 -0.0547747 0.33567 -0.0518872 -0.0423709 1.00721 -0.786951 -0.0273471
12.955 -0.0766483 -0.00249567 -0.0071118 -0.140708 0.103056 -0.0065406 0.439986 -0.511854 -0.00164221 0.161593 0.128846 -0.00735089
13.005 0.0111262 -0.00170356 0.0521136 -0.0189392 0.0699473 0.0585112 0.604615 -0.891335 0.04895 -0.24244 1.06168 0.0181652
13.055 0.0852367 -0.00272597 0.00708486 0.0626151 0.0257255 0.00941387 0.619921 -1.12897 0.0137225 -0.382935 1.86137 -0.000888043
13.105 0.114823 -0.00345321 -0.0522656 0.122057 -0.022708 -0.0508526 0.701762 -1.18692 -0.0367593 -0.690973 2.39987 -0.0262586
13.155 0.104681 -0.00375037 -0.0124174 0.139453 -0.0676437 -0.0111464 0.851932 -1.05347 -0.00595333 -0.923004 2.5908 -0.00669022
13.205 0.00748903 -0.0038629 0.0519008 0.063196 -0.101804 0.0529928 0.562485 -0.747951 0.0444136 -0.940364 2.39751 0.0222252
13.255 0.11268 -0.00361551 0.0144867 0.184885 -0.120089 0.0147746 0.483702 -0.30917 0.0134711 -0.780532 1.84606 0.00901956
13.305 0.101598 -0.00307173 -0.0519812 0.178211 -0.119467 -0.0514465 0.0800325 0.191149 -0.0414914 -0.299158 1.01648 -0.0178294
13.355 0.0202676 -0.00216971 -0.0179096 0.0938709 -0.0996805 -0.0180291 -0.188226 0.681516 -0.0173716 -0.0788319 0.0358019 -0.00306853
13.405 0.0788319 -0.00105311 0.0476917 0.138992 -0.0635435 0.0466733 -0.414869 1.08838 0.0354621 0.258791 -0.951457 0.0265076
13.455 -0.131376 -0.00517285 0.0227695 -0.0773633 -0.0210022 0.0214692 -0.735972 1.34791 0.011737 0.582327 -1.79486 0.0128381
13.505 -0.0760368 -0.00201519 -0.050668 -0.0633298 0.0315214 -0.0511786 -0.712026 1.42084 -0.0440374 0.735008 -2.36861 -0.018097
13.555 -0.0275654 -0.000695827 -0.0239305 -0.031126 0.0810836 -0.0253587 -0.694621 1.2935 -0.0222038 1.01801 -2.58932 -0.00791826
13.605 -0.065823 0.000755044 0.0465293 -0.0953845 0.119531 0.0450911 -0.633905 0.98301 0.0341757 0.773774 -2.42634 0.0184104
13.655 -0.120508 0.00182262 0.0254267 -0.163128 0.142153 0.0244454 -0.279659 0.529911 0.0179302 0.340528 -1.91084 0.00737567
13.705 -0.00917221 0.00259105 -0.0439528 -0.0593369 0.145265 -0.0444313 0.0309321 0.00215246 -0.0351896 0.107145 -1.12734 -0.0234386
13.755 0.0823294 0.00236985 -0.0254012 0.0342991 0.127519 -0.0254392 0.308407 -0.526709 -0.0195197 -0.0969088 -0.201306 -0.0172193
13.805 -0.0388711 0.0025163 0.0433896 -0.0775441 0.0928141 0.0444301 0.466307 -0.97886 0.0365802 -0.828012 0.720495 0.0131128
13.855 -0.0546706 0.00236762 0.0304651 -0.077023 0.0449885 0.0321348 0.613637 -1.29422 0.0272287 -1.23624 1.49252 0.00881082
13.905 -0.10302 0.00186948 -0.0424386 -0.105753 -0.00937902 -0.041546 0.558432 -1.4189 -0.0285009 -1.33492 1.9969 -0.0206011
13.955 -0.129586 0.000613894 -0.0309149 -0.112032 -0.0627922 -0.0295755 0.266339 -1.35583 -0.0207937 -1.3825 2.15598 -0.014172
14.005 -0.0673861 -0.000686736 0.0361189 -0.0328193 -0.108163 0.0377102 0.370551 -1.09593 0.0331318 -1.0513 1.95434 0.0192935
14.055 -0.177196 -0.00233352 0.0300746 -0.131303 -0.13855 0.03116 0.0340943 -0.691779 0.026447 -0.883405 1.41752 0.0164746
14.105 0.0150029 0.00477905 -0.0361025 0.062444 -0.139323 -0.0357092 0.0214174 -0.200191 -0.0309893 -0.31202 0.653382 -0.0118549
14.155 0.040908 0.00338731 -0.0341234 0.0996743 -0.135962 -0.03695 -0.112944 0.303644 -0.0301796 0.312043 -0.223392 -0.00857962
14.205 0.0916172 0.000795494 0.0351726 0.119661 -0.106825 0.0347671 -0.397648 0.74149 0.0243718 0.64199 -1.06094 0.0194798
14.255 0.134511 0.000257077 0.0355534 0.145356 -0.0652416 0.0349429 -0.388382 1.05128 0.0239407 1.18627 -1.71918 0.0185876
14.305 -0.0236361 -0.00021395 -0.0343196 -0.0349863 -0.0156654 -0.0353938 -0.8172 1.17949 -0.0310479 1.16706 -2.09304 -0.0115548
14.355 -0.0605734 -0.000915268 -0.0363286 -0.0970243 0.0347362 -0.0376583 -0.836651 1.13671 -0.0342936 1.18302 -2.11303 -0.0162952
14.405 -0.0329604 -0.00107906 0.0316854 -0.0888644 0.0784968 0.0300954 -0.693467 0.901039 0.0221904 1.27689 -1.77768 0.0104837
14.455 0.103523 -0.000939291 0.0384864 0.0331782 0.109499 0.0377154 -0.439608 0.525437 0.0304334 1.08253 -1.12173 0.0136939
14.505 0.0652105 -0.000459323 -0.0268274 -0.00905309 0.123299 -0.0268065 0.0211454 0.064974 -0.0216743 0.618927 -0.258534 -0.0170855
14.555 0.190733 0.000457427 -0.0377621 0.118588 0.118221 -0.0376562 0.514525 -0.405049 -0.0288629 0.171613 0.681087 -0.0220398
14.605 0.0954183 0.00220984 0.0257637 0.0367983 0.0957791 0.0260676 0.585059 -0.809388 0.0257903 -0.347912 1.54982 0.00789897
14.655 0.0446491 0.00389623 0.0412521 0.00591558 0.0589666 0.0420903 0.547359 -1.08542 0.0379403 -0.741415 2.20329 0.015698
14.705 0.00169642 0.00547338 -0.0230448 -0.0103016 0.0134097 -0.0217629 0.676962 -1.18403 -0.0139026 -0.966283 2.54214 -0.0110349
14.755 -0.0669262 -0.00549186 -0.045025 -0.0524539 -0.0438891 -0.0466778 0.423945 -1.1017 -0.027985 -0.937404 2.50888 -0.0160274
14.805 -0.0179865 -0.00268952 0.0206205 0.023133 -0.0873655 0.0210581 0.524191 -0.835435 0.0211631 -0.774594 2.10319 0.0123285
14.855 -0.0115807 -0.00403748 0.0432541 0.0495584 -0.116122 0.0446137 0.371637 -0.425323 0.0359623 -0.535303 1.38197 0.0222728
14.905 0.0160203 -0.00227732 -0.0193647 0.0896055 -0.128258 -0.0187472 0.26167 0.0675071 -0.0158907 -0.230366 0.451146 -0.00245482
14.955 0.0194341 -0.00151975 -0.0427668 0.0961683 -0.120759 -0.0427559 0.028964 0.575527 -0.0363602 0.130792 -0.546261 -0.0143867
15.005 -0.0834427 -0.000587784 0.0165436 -0.01281 -0.0950714 0.0158394 -0.358158 0.999091 0.00985598 0.413112 -1.46254 0.0107003
15.055 -0.142905 -0.000554437 0.0424163 -0.0884046 -0.0547286 0.0412038 -0.575023 1.29514 0.0304477 0.697254 -2.15196 0.0214031
15.105 -0.0353172 -0.00160074 -0.0153859 -0.000715279 -0.00632085 -0.0172183 -0.620684 1.42239 -0.0166611 1.05755 -2.53224 -0.00640237
15.155 -6.60234e-05 -0.00352508 -0.0437108 0.0102791 0.0436374 -0.045403 -0.551629 1.3396 -0.039989 1.08418 -2.52763 -0.0213679
15.205 -0.0410145 -0.00579884 0.0114549 -0.054082 0.0880797 0.00997323 -0.297929 1.07136 0.00464113 0.621458 -2.15295 0.00181962
15.255 -0.0142186 -0.00779973 0.0445366 -0.047237 0.120832 0.0433726 -0.00782096 0.64596 0.03354 0.195555 -1.47904 0.0136902
15.305 -0.06419 -0.0085362 -0.00906469 -0.110293 0.137844 -0.00990135 -0.0299176 0.132519 -0.00751397 -0.191419 -0.592049 -0.00956209
15.355 -0.0159925 -0.00903709 -0.0436793 -0.0673878 0.1353 -0.0438904 0.209264 -0.408857 -0.033741 -0.619034 0.344638 -0.023079
15.405 -0.0926044 -0.0100249 0.0075287 -0.140584 0.112685 0.00786598 0.376018 -0.878324 0.00877647 -0.96608 1.18915 -0.000541008
15.455 -0.11529 0.0242669 0.0444593 -0.150711 0.0841317 0.0473546 0.379946 -1.23093 0.0389639 -1.30251 1.81487 0.0171209
15.505 0.0047326 0.0177895 -0.00655398 -0.00574003 0.0553089 -0.0058225 0.59456 -1.40996 0.000190087 -1.22303 2.12099 -0.00130995
15.555 0.186206 0.0163876 -0.0431186 0.182957 -0.00309212 -0.0414098 0.687369 -1.38604 -0.0311759 -0.996207 2.06844 -0.0165824
15.605 0.0493516 0.014945 0.00310575 0.069314 -0.0558457 0.0046364 0.50141 -1.17188 0.00400916 -0.958474 1.66489 0.00489724
15.655 -0.107836 0.0162727 0.0427648 -0.0725626 -0.0950438 0.0441733 0.209426 -0.801817 0.036265 -0.871303 0.986729 0.0237407
15.705 0.0232381 0.0177711 7.59776e-05 0.0698794 -0.119046 0.00110091 -0.0828198 -0.323803 -0.000501056 -0.128771 0.144895 0.00493147
15.755 0.0828915 0.018979 -0.0427729 0.130136 -0.12382 -0.0422002 -0.564087 0.180126 -0.0368665 0.677562 -0.722518 -0.014657
15.805 0.185186 0.0196321 -0.00331898 0.226737 -0.110027 -0.00347558 -0.478061 0.649248 -0.00608525 1.06259 -1.47152 0.00245064
15.855 0.00982368 0.0192839 0.0422633 0.037723 -0.0798102 0.0414113 -0.655598 0.994503 0.0299552 1.05558 -1.97014 0.0192825
15.905 -0.0486417 0.0185331 0.00454197 -0.0410792 -0.0371715 0.00352497 -0.858539 1.17939 -0.0010928 1.08749 -2.13062 0.000508308
15.955 0.0419555 0.0204537 -0.0417798 0.0278194 0.0137623 -0.0431686 -0.813433 1.1704 -0.0380626 1.26126 -1.9418 -0.0201824
16.005 0.100942 0.0223371 -0.00619703 0.0640987 0.0639022 -0.00775785 -0.708313 0.972293 -0.0087028 1.2491 -1.4115 -0.0069824
16.055 0.00555945 -0.0316182 0.0375435 -0.0936911 0.0358184 0.0423727 -0.393447 0.629856 0.031897 0.75748 -0.625548 0.0128016
16.105 0.0343887 -0.0315215 0.00673992 -0.0279305 0.0774307 0.00712045 0.0159822 0.189059 0.00786665 0.258387 0.283276 -0.000221232
16.155 -0.00944816 -0.0310871 -0.0397879 -0.0769056 0.0860972 -0.0409028 0.212935 -0.291192 -0.0297803 -0.1459 1.19651 -0.0210501
16.205 -0.0299894 -0.0297074 -0.00986607 -0.0973067 0.0757843 -0.0102735 0.299097 -0.727586 -0.00521276 -0.566513 1.95123 -0.00667716
16.255 -0.0812722 -0.0287989 0.0384754 -0.131152 0.0512576 0.0389543 0.520454 -1.005 0.0370354 -0.83896 2.42711 0.0173789
16.305 -0.00928993 -0.028725 0.0131801 -0.0383399 0.0119681 0.0142552 0.672403 -1.18588 0.0158857 -0.906246 2.55365 0.00741139
16.355 -0.0266037 -0.0291883 -0.0377936 -0.0321132 -0.0338478 -0.036353 0.821107 -1.16488 -0.0260502 -0.83572 2.31855 -0.0132021
16.405 0.0389282 0.0260395 -0.0117943 0.0742983 -0.0459417 -0.00670756 0.816098 -0.906027 -0.00820814 -0.622109 1.70866 -0.00115672
16.455 -0.0539511 0.0057792 0.0379338 -0.0122386 -0.0676195 0.0394186 0.540045 -0.535885 0.0318185 -0.301884 0.844957 0.0205766
16.505 -0.0946713 0.00855745 0.011607 -0.0280385 -0.105491 0.0138286 0.1878 -0.0645424 0.0138552 -0.0821468 -0.133626 0.010954
16.555 -0.062479 0.00430185 -0.0379893 0.0077177 -0.110282 -0.0365204 0.0613827 0.448495 -0.0302312 0.438854 -1.11505 -0.0117141
16.605 0.00858243 0.00469389 -0.0172226 0.0802605 -0.0991614 -0.0166182 -0.162398 0.873686 -0.0191431 0.85962 -1.89971 -0.006681
16.655 -0.00630289 -0.0127737 0.0364289 0.0517504 -0.0901108 0.0351758 -0.355919 1.21082 0.0228659 0.860135 -2.38773 0.0134577
16.705 0.12732 -0.0138991 0.0189841 0.17855 -0.0454015 0.0173386 -0.31115 1.4002 0.0111441 1.03186 -2.5873 0.00594529
16.755 0.0454983 -0.0131987 -0.0336753 0.0704342 0.00306378 -0.035171 -0.527428 1.38654 -0.0316666 0.743518 -2.35206 -0.0185966
16.805 -0.0165662 -0.0119386 -0.0206605 -0.0132901 0.0530627 -0.0223134 -0.503724 1.15293 -0.0212074 0.249319 -1.77471 -0.0145455
16.855 -0.0195701 -0.0115025 0.0319688 -0.038407 0.0945248 0.0301747 -0.291878 0.782734 0.0235159 -0.0325874 -0.96654 0.00899635
16.905 -0.0515227 -0.0115638 0.0231063 -0.0878508 0.121938 0.0213012 -0.291487 0.26319 0.0180198 -0.470529 -0.0198549 0.00541578
16.955 0.0485988 -0.0096514 -0.0302003 0.000839729 0.133405 -0.0315552 0.0044123 -0.277912 -0.0235157 -0.72592 0.857784 -0.0163559
17.005 0.0523377 -0.00766864 -0.0241436 0.00330796 0.125551 -0.0247627 0.325266 -0.736132 -0.0168914 -0.992889 1.58114 -0.0111535
17.055 0.0638947 -0.00599329 0.0291711 0.0201061 0.0988852 0.0291825 0.542883 -1.15713 0.0268411 -1.32391 2.01924 0.0135062
17.105 0.0738605 -0.00435291 0.0260253 0.0428004 0.0574766 0.0266664 0.732422 -1.3891 0.0250039 -1.28763 2.1166 0.0137419
17.155 -0.10383 0.0187197 -0.0359713 -0.120027 0.0395888 -0.0401289 0.450498 -1.40351 -0.0178339 -1.28326 1.85262 -0.00726299
17.205 -0.0730561 0.0206075 -0.0270697 -0.0761227 -0.0252305 -0.0250143 0.250269 -1.2383 -0.0185508 -0.814068 1.28686 -0.00684818
17.255 -0.0998328 0.0208502 0.0275792 -0.070087 -0.0698062 0.0303807 -0.00766394 -0.901425 0.0222392 -0.24371 0.506723 0.0150458
17.305 -0.0875596 0.0211697 0.0276862 -0.0514304 -0.105541 0.0292683 -0.245691 -0.42989 0.0222873 0.200097 -0.363105 0.0163453
17.355 -0.0209385 0.0380025 -0.0245097 0.0289389 -0.105824 -0.0242645 -0.223059 0.0543815 -0.0202642 0.70515 -1.16132 -0.0085985
17.405 0.106188 0.0356278 -0.0289337 0.148145 -0.10684 -0.0292428 -0.388738 0.557092 -0.0262953 1.14028 -1.77609 -0.0124926
17.455 -0.0136896 0.00626433 0.0172697 0.0370957 -0.120511 0.0169171 -0.464001 0.936075 0.0136618 1.273 -2.10729 0.00829276
17.505 0.0139188 0.00175988 0.0294087 0.0301297 -0.0839493 0.029658 -0.60897 1.13796 0.0194282 1.26434 -2.05168 0.00950019
17.555 -0.0783082 0.00131308 -0.0194626 -0.0761552 -0.0387351 -0.019592 -0.751157 1.16691 -0.0207592 1.18802 -1.66535 -0.0136966
17.605 -0.0767459 4.7949e-05 -0.0317885 -0.0977106 0.0110311 -0.0327794 -0.80269 1.01579 -0.0282892 0.847088 -0.987729 -0.0177044
17.655 -0.0139505 -0.0164219 0.0176039 -0.058307 0.0508536 0.0175998 -0.440858 0.722517 0.0136145 0.588792 -0.104925 0.0040905
17.705 0.0228983 -0.0143855 0.030478 -0.0301887 0.0819936 0.0276538 -0.22643 0.284299 0.0256609 0.104062 0.812058 0.0110314
17.755 0.0601376 -0.0135321 -0.0160156 -0.0105239 0.103366 -0.0166752 0.19619 -0.168446 -0.0116544 -0.398908 1.66459 -0.00806019
17.805 0.0599388 -0.0146291 -0.0314501 -0.0099225 0.106357 -0.0315891 0.587779 -0.637741 -0.0232116 -0.729786 2.26254 -0.01288
17.855 0.0795441 -0.0162126 0.0154446 0.0171986 0.0894386 0.0155461 0.682852 -0.969722 0.0167225 -0.857221 2.54597 0.00905751
17.905 -0.066695 -0.0166997 0.032852 -0.112912 0.0582031 0.0333241 0.648385 -1.15262 0.0319648 -0.94488 2.4425 0.0186977
17.955 0.0221666 -0.0159944 -0.0129239 -0.001884 0.016836 -0.0119825 0.718462 -1.15601 -0.00561066 -0.722962 1.96996 -0.00060888
18.005 -0.0515446 -0.0135997 -0.0327658 -0.0503578 -0.0274093 -0.0315457 0.554241 -0.983352 -0.0229916 -0.387762 1.22534 -0.00949739
18.055 -0.00214054 -0.012573 0.010915 0.0245453 -0.0704115 0.0122444 0.446168 -0.659307 0.0119397 -0.0755937 0.280464 0.00875208
18.105 0.0411369 -0.0117043 0.0333156 0.089716 -0.104459 0.0345897 0.485859 -0.174938 0.0281237 0.25457 -0.699864 0.0167356
18.155 0.0386285 -0.0100791 -0.0101515 0.103231 -0.123007 -0.00922291 0.10812 0.330541 -0.00875542 0.492642 -1.58789 -0.00376273
18.205 -0.0750642 0.0222816 -0.036631 -0.000340018 -0.0911091 -0.0386462 -0.12015 0.806002 -0.029545 0.750868 -2.21682 -0.0163155
18.255 0.0176136 0.023461 0.0072614 0.083553 -0.0763324 0.00523765 -0.306493 1.16984 0.00260227 0.880174 -2.52496 -0.000292324
18.305 0.00839826 0.0230262 0.0338109 0.0732954 -0.0450376 0.033106 -0.598778 1.39167 0.0225007 0.919433 -2.45384 0.00962192
18.355 0.0355061 -0.00275279 -0.00437901 0.0761677 -0.0284695 -0.006114 -0.629634 1.39818 -0.00967671 0.586806 -2.02893 -0.00790959
18.405 -0.0127556 -0.00126916 -0.0369878 0.0128588 0.0226636 -0.0390852 -0.465299 1.23365 -0.0312804 0.0633722 -1.31927 -0.0196627
18.455 -0.0646188 -0.000599131 0.00361488 -0.0633788 0.0707418 0.00283286 -0.473419 0.876732 0.000914329 -0.377832 -0.435806 -0.00185308
18.505 0.0847609 -0.000687264 0.0350879 0.064864 0.107612 0.0341641 -0.166103 0.388768 0.0255156 -0.601527 0.478742 0.0124646
18.555 -0.0779632 0.00318764 0.000580299 -0.108083 0.136099 -0.00041757 0.0475858 -0.129223 -0.00166518 -0.964046 1.29413 -0.00123217
18.605 -0.0173718 0.00302928 -0.0359434 -0.0628778 0.140352 -0.035728 0.362692 -0.665063 -0.0250371 -1.25468 1.85453 -0.0125687
18.655 0.00966515 0.00230634 -2.68683e-05 -0.0364076 0.126744 -6.7564e-05 0.610885 -1.07559 0.00404732 -1.15436 2.12564 0.00400069
18.705 -0.0607718 0.00222846 0.0336544 -0.100008 0.0958995 0.0338448 0.428905 -1.3522 0.0302213 -1.21055 1.9857 0.0194741
18.755 0.0179982 0.000930952 0.00162646 -0.00899633 0.0510374 0.00227852 0.626658 -1.41402 0.00451087 -0.899618 1.55306 0.0052591
18.805 0.00409995 -0.000638388 -0.0326861 -0.00576015 -0.00103042 -0.0316772 0.43562 -1.29645 -0.0236835 -0.49134 0.845776 -0.00983822
18.855 0.0427148 0.00742292 -0.000978332 0.0451741 -0.0456272 -0.00351625 0.227951 -0.991049 -4.25908e-05 -0.0841555 -0.0190578 0.00201973
18.905 -0.0386055 0.00367704 0.0324882 -0.0136081 -0.0891772 0.0327248 0.000871947 -0.553632 0.0267862 0.366437 -0.839931 0.0155029
18.955 0.0412777 0.00314077 0.00352238 0.0787267 -0.121018 0.00495126 -0.330494 -0.0786502 0.00305936 0.949018 -1.54766 0.00120908
19.005 0.0387325 0.00311507 -0.0324696 0.0799884 -0.13341 -0.0313702 -0.471484 0.431618 -0.0285018 1.29268 -1.98725 -0.0162234
19.055 0.0467054 0.00289159 -0.00658922 0.0864114 -0.127611 -0.00600365 -0.625789 0.83169 -0.00885215 1.35151 -2.1089 -0.00676855
19.105 0.0349724 -0.017869 0.0319649 0.0668458 -0.110463 0.0345693 -0.520915 1.10674 0.0210732 1.24948 -1.85993 0.00864331
19.155 -0.00240845 -0.0159201 0.00648304 0.00191935 -0.0866684 0.005461 -0.809161 1.19092 0.00221347 0.997049 -1.29113 -0.0010816
19.205 -0.0726769 -0.0137797 -0.0316428 -0.0788068 -0.0359685 -0.0317234 -0.730385 1.08862 -0.0279873 0.66651 -0.478316 -0.016867
19.255 -0.0555732 -0.0112678 -0.0120881 -0.0784045 0.0127344 -0.0117691 -0.615943 0.798971 -0.00956819 0.217007 0.443796 -0.00619831
19.305 -0.0274819 -0.0112051 0.0294694 -0.0762438 0.055562 0.0285495 -0.302344 0.41504 0.0237322 -0.155377 1.32968 0.0127481
19.355 0.0868964 -0.00809727 0.018807 0.0264139 0.0877335 0.0105918 0.0814869 -0.0660599 0.00945564 -0.531005 2.02998 0.00689569
19.405 0.0626894 -0.00548257 -0.0270985 -0.006835 0.105034 -0.0305466 0.350031 -0.521635 -0.0211194 -0.841868 2.45793 -0.00928181
19.455 0.0445019 -0.00534103 -0.0135834 -0.0199175 0.103603 -0.0141375 0.60328 -0.889951 -0.00509772 -0.91693 2.50699 -0.000558504
19.505 0.0136427 0.00699758 0.0278849 -0.0388005 0.0958627 0.0298964 0.772638 -1.126 0.0280533 -0.78862 2.19134 0.0174522
19.555 -0.0550995 0.00822656 0.0135762 -0.0963883 0.0618267 0.0151372 0.710756 -1.18142 0.0154295 -0.593584 1.56532 0.0109633
19.605 0.0119411 0.00952048 -0.0271985 -0.00325024 0.019826 -0.0261662 0.713174 -1.0463 -0.0180313 -0.192431 0.674742 -0.00846183
19.655 0.0452602 0.0197601 -0.0139731 0.0549636 -0.0111145 -0.0136533 0.607157 -0.728974 -0.00905404 0.242059 -0.281244 -0.00517675
19.705 0.0171101 0.0217755 0.0273725 0.0470825 -0.0537075 0.0282324 0.380282 -0.301175 0.0226919 0.418491 -1.22191 0.0110032
19.755 -0.0629898 0.0126213 0.0144997 -0.00516204 -0.0890573 0.0164254 0.162017 0.21794 0.0126769 0.626848 -1.9762 0.00472825
19.805 -0.0282424 0.00939739 -0.0249581 0.0263827 -0.109994 -0.0261952 -0.0971932 0.70618 -0.0220742 0.81048 -2.43689 -0.0153786
19.855 -0.0347816 0.00602908 -0.0157311 0.0367644 -0.103794 -0.0150297 -0.405572 1.09171 -0.0177206 0.841681 -2.51961 -0.0127639
19.905 0.00595481 -0.00663378 0.0241761 0.0733089 -0.0960006 0.0248886 -0.555703 1.34928 0.0145449 0.700089 -2.23666 0.00508557
19.955 -0.0214251 -0.0148401 0.018487 0.0321551 -0.0647467 0.0189594 -0.549445 1.41192 0.0108345 0.342945 -1.64026 0.00279234
20.005 0.00882336 -0.0109293 -0.017668 0.0765286 -0.00605385 -0.0133751 -0.533834 1.27366 -0.0224159 -0.0853052 -0.814147 -0.0133879
20.055 0.0792041 -0.00287551 -0.0141199 0.0711263 0.0414624 -0.0182599 -0.260818 0.968214 -0.0182424 -0.444621 0.101943 -0.00960381
20.105 -0.010186 0.00472107 0.0200513 -0.0109294 0.0925392 0.0153981 -0.224236 0.523266 0.0151951 -0.870664 0.96896 0.0104086
20.155 -0.00314603 0.00330843 0.0196035 -0.0287627 0.126145 0.0170063 0.0698656 -0.0202468 0.0174605 -1.15531 1.6489 0.0108591
20.205 -0.0242732 0.00303786 -0.0201533 -0.0623549 0.14343 -0.0213285 0.22489 -0.551115 -0.0152511 -1.28181 2.04387 -0.00400985
20.255 -0.0498064 0.0031102 -0.020432 -0.0945945 0.142384 -0.0210342 0.293505 -0.997552 -0.0151345 -1.26628 2.07012 -0.00403327
20.305 0.00589292 -0.0145909 0.0210876 -0.0373642 0.103113 0.0200715 0.470238 -1.29706 0.0187381 -0.958986 1.76724 0.0130845
20.355 0.0046754 -0.00788417 0.0222485 -0.0521685 0.0672804 0.0219182 0.489316 -1.42595 0.0219022 -0.732304 1.15571 0.0138566
20.405 -0.0728394 -0.010707 -0.0177016 -0.0874106 0.028324 -0.0166082 0.420712 -1.34329 -0.0109934 -0.271827 0.356292 -0.00470616
20.455 0.0148183 -0.00789564 -0.0225757 0.00870178 -0.024084 -0.0209882 0.364326 -1.07063 -0.0163019 0.292928 -0.500438 -0.00916046
20.505 -0.0384544 -0.00597116 0.0157495 -0.0458263 -0.0703165 0.0208813 0.0707672 -0.685103 0.014283 0.814952 -1.26827 0.00583964
20.555 0.0143654 -0.00436522 0.021604 0.0493023 -0.110555 0.0238598 -0.0681716 -0.189875 0.0181274 1.14157 -1.821 0.00687343
20.605 -0.021841 -0.00322584 -0.0155835 0.0162394 -0.135228 -0.0143994 -0.313403 0.312025 -0.0140597 1.29925 -2.08688 -0.0113245
20.655 -0.0133773 0.00516356 -0.0212136 0.0154228 -0.13615 -0.025263 -0.606543 0.758517 -0.0229364 1.18772 -1.99205 -0.0151573
20.705 0.00335434 0.00468035 0.0176729 0.0420597 -0.123862 0.0178129 -0.721398 1.048 0.0069805 1.06518 -1.5536 0.00131116
20.755 -0.00898882 0.00517553 0.0244136 0.0202596 -0.0959583 0.024876 -0.847073 1.19069 0.0155441 0.82361 -0.842069 0.00707332
20.805 0.0341266 0.00506915 -0.0133574 0.0441636 -0.0554965 -0.0138003 -0.713686 1.12748 -0.0128901 0.452796 0.0549207 -0.00727485
20.855 0.0847287 0.00513721 -0.0255855 0.0765025 -0.00815644 -0.0266839 -0.443923 0.877247 -0.0222393 0.0777464 0.973136 -0.0100504
20.905 0.0807305 0.00528544 0.0108089 0.0512229 0.0388845 0.00931212 -0.223623 0.506331 0.0077125 -0.338403 1.75893 0.00736977
20.955 0.0731312 0.00440482 0.025654 0.0262842 0.0779953 0.0241349 0.095424 0.0621185 0.02093 -0.729192 2.30096 0.0148828
21.005 -0.0110528 0.00392596 -0.00959707 -0.0706452 0.104831 -0.0108932 0.2692 -0.412302 -0.00522543 -0.965189 2.51957 0.000924087
21.055 -0.0498137 0.0123909 -0.0254114 -0.115132 0.123899 -0.0264459 0.432436 -0.808719 -0.0170244 -0.882169 2.36318 -0.00566614
21.105 0.0465769 -0.0136587 0.000276193 -0.0209871 0.094463 0.00291488 0.565745 -1.08364 0.011098 -0.593341 1.85478 0.0082316
21.155 0.0662082 -0.00670007 0.0239699 0.0245096 0.0710406 0.0261448 0.690146 -1.18775 0.0255623 -0.292042 1.07387 0.0143704
21.205 0.0921221 -0.0082424 -0.00518012 0.0543988 0.0403183 -0.00383075 0.809859 -1.09631 -0.00126203 -0.0258106 0.123217 -0.00204
21.255 0.112017 -0.00778603 -0.0246086 0.101757 -0.00413283 -0.0232061 0.812259 -0.81619 -0.0182546 0.28875 -0.85003 -0.012538
21.305 -0.00712158 0.0146209 0.00968468 0.0108368 -0.0298113 0.00612452 0.482187 -0.395968 0.00699131 0.478974 -1.68662 -0.00125339
21.355 -0.0791865 0.00764088 0.0254598 -0.0453374 -0.0646158 0.0256124 0.094346 0.0887258 0.022001 0.665469 -2.28287 0.00665777
21.405 -0.0574558 0.0082319 -0.00547075 -0.00624222 -0.0921657 -0.00389819 -0.222138 0.582465 -0.00431652 0.87462 -2.51458 -0.00731455
21.455 -0.0011891 0.00919391 -0.0270718 0.0620578 -0.0990175 -0.0258496 -0.450449 0.997283 -0.0242307 0.889312 -2.38707 -0.0170669
21.505 -0.0168086 -0.00837168 0.00195565 0.0518869 -0.117984 0.00205303 -0.455961 1.30021 -0.00252837 0.539599 -1.90828 -0.0036345
21.555 0.014372 -0.0133129 0.0251728 0.073498 -0.0834472 0.0252929 -0.418664 1.41633 0.0166377 0.0386789 -1.17723 0.00809623
21.605 -0.0260946 -0.0092291 -0.000762992 0.0233224 -0.0478424 -0.00147095 -0.383545 1.33142 -0.00525423 -0.360691 -0.297925 -0.00162333
21.655 -0.0766224 -0.00842584 -0.0258646 -0.0455906 -0.000688006 -0.027417 -0.497437 1.0656 -0.0237567 -0.842516 0.612991 -0.00961073
21.705 -0.0897636 -0.00689506 -0.000790135 -0.078479 0.0461531 -0.00264805 -0.358757 0.645526 -0.0025517 -1.02967 1.38233 0.00389104
21.755 -0.0689589 -0.00636895 0.0263104 -0.0778001 0.0858947 0.024332 -0.193069 0.110373 0.019915 -1.12978 1.9154 0.0153448
21.805 -0.0457337 -0.00645987 0.0023263 -0.071812 0.113376 0.000465452 0.0992149 -0.425362 0.00202383 -1.21204 2.10178 0.00591592
21.855 0.033445 0.0112633 -0.021451 -0.00660404 0.137325 -0.0255558 0.450744 -0.89029 -0.0181111 -1.08879 1.91948 -0.00532176
21.905 -0.016873 0.0155789 -0.00369391 -0.0728828 0.141339 -0.00225653 0.578698 -1.23152 -0.00112035 -0.914897 1.43326 0.00277452
21.955 -0.038162 0.00810738 0.0249856 -0.0576352 0.112943 0.0282021 0.766601 -1.40325 0.02347 -0.466928 0.698907 0.0129463
22.005 -0.0443952 0.0108322 0.00541986 -0.0812591 0.0710059 0.00595311 0.563041 -1.37413 0.00661066 0.0687008 -0.147579 0.00183545
22.055 0.0232645 -0.0137135 -0.0235193 0.00530261 0.0026308 -0.0203034 0.285893 -1.1642 -0.0175636 0.658561 -0.955845 -0.0122276
22.105 0.0386829 -0.0133079 -0.00563503 0.0336783 -0.0467756 -0.0036682 0.162157 -0.796103 -0.00286145 1.09583 -1.61727 -0.00619616
22.155 0.00296539 -0.0126118 0.023558 0.0215556 -0.0924981 0.0253315 -0.118907 -0.30344 0.0189878 1.19555 -2.01161 0.0055415
22.205 0.0517721 -0.0130467 0.00610572 0.0795764 -0.125814 0.0081538 -0.231154 0.200786 0.00367836 1.25712 -2.07088 -0.00248438
22.255 0.0046496 -0.0143251 -0.0234824 0.0416367 -0.145888 -0.0217605 -0.486614 0.688031 -0.0221971 1.07872 -1.7669 -0.0144752
22.305 0.0334461 -0.016374 -0.00779612 0.0715246 -0.148303 -0.00666685 -0.641303 1.00185 -0.00959239 0.887701 -1.15468 -0.00654311
22.355 0.00353597 -0.017431 0.0223744 0.0360719 -0.131897 0.0227514 -0.831648 1.16416 0.0148673 0.690622 -0.311068 0.00849129
22.405 0.0128725 -0.017331 0.00812212 0.0332631 -0.0992813 0.00775844 -0.874396 1.15704 0.00379115 0.213669 0.583089 0.00484386
22.455 0.0590357 -0.0168728 -0.0229982 0.0626059 -0.0559238 -0.0239538 -0.604946 0.957022 -0.019946 -0.135316 1.43777 -0.00651563
22.505 0.0450445 -0.0168858 -0.0098441 0.0294754 -0.009054 -0.0113649 -0.372239 0.611061 -0.00904906 -0.590492 2.09949 0.000153245
22.555 0.0414621 -0.0136675 0.021108 0.0111362 0.0444768 0.0192186 -0.0446511 0.172082 0.0179236 -0.944691 2.44092 0.0145068
22.605 -0.0202517 0.0309992 0.0108551 -0.0557219 0.121228 0.00592705 0.194659 -0.305781 0.0107021 -0.972094 2.45581 0.0104117
22.655 -0.0598316 0.00157981 -0.0157127 -0.0958306 0.128516 -0.0138 0.315136 -0.748061 -0.0130889 -0.798795 2.10075 -0.00463561
22.705 -0.0442093 0.0151259 -0.00747543 -0.113504 0.120356 -0.00581863 0.515786 -1.02976 -0.00619642 -0.461422 1.42121 -0.00191644
22.755 -0.0365662 0.012036 0.0202092 -0.0936314 0.112202 0.0199153 0.632836 -1.19587 0.0208109 -0.136283 0.533366 0.00928119
22.805 -0.0124582 0.0281198 0.0108772 -0.0423409 0.107665 0.0126601 0.782869 -1.13156 0.0157606 0.146632 -0.439458 0.00361097
22.855 -0.0220982 0.0076206 -0.0225193 -0.0553057 0.040885 -0.02203 0.801762 -0.876806 -0.0120153 0.436788 -1.36106 -0.0116166
22.905 -0.027809 0.00954926 -0.0132129 -0.0296098 -0.00583331 -0.0118259 0.588424 -0.506849 -0.00984886 0.691226 -2.05918 -0.0107832
22.955 -0.0262243 0.00871697 0.0191643 -0.0064728 -0.04364 0.0210434 0.307552 -0.0439649 0.0146372 0.832538 -2.42788 0.00138967
23.005 -0.019262 0.0111415 0.0148025 0.020657 -0.0768835 0.0167644 -0.0264379 0.45663 0.0102543 0.881315 -2.47731 0.000166164
23.055 -0.00208015 0.012643 -0.0179551 0.0540268 -0.094549 -0.0161087 -0.235735 0.919758 -0.0164455 0.693414 -2.12344 -0.011911
23.105 0.0355972 -0.00258798 -0.0153893 0.0943843 -0.133309 -0.0119414 -0.435306 1.25362 -0.0153996 0.254738 -1.52578 -0.00922463
23.155 0.0135577 -0.0151176 0.0161992 0.0829151 -0.10841 0.0178635 -0.46879 1.4263 0.00932373 -0.22881 -0.669824 0.00674551
23.205 0.0552362 -0.015803 0.0149165 0.112749 -0.081938 0.0151588 -0.430044 1.37292 0.00886051 -0.596964 0.238053 0.00867835
23.255 0.061731 -0.0152714 -0.0156581 0.107302 -0.0426618 -0.0162946 -0.397634 1.13976 -0.0159658 -0.873848 1.08775 -0.0032374
23.305 0.0593259 -0.011767 -0.0162568 0.0899714 0.0151403 -0.018212 -0.279586 0.728529 -0.0157122 -1.08092 1.72172 -0.00215051
23.355 0.0430177 -0.00961999 0.0145486 0.049782 0.0547991 0.0125743 -0.0914504 0.241175 0.0107845 -1.18387 2.05277 0.0121788
23.405 0.0572977 -0.00816769 0.0172072 0.044872 0.0933103 0.0150159 0.122421 -0.27901 0.0143216 -1.16234 2.02405 0.0123753
23.455 0.0293971 0.0372086 -0.0127124 -0.00724881 0.120719 -0.0178892 0.315196 -0.796792 -0.00906741 -0.97677 1.66211 -0.0022635
23.505 0.0302936 0.0277299 -0.0142388 -0.0121891 0.177759 -0.0175657 0.501414 -1.1749 -0.0113658 -0.666182 1.03404 -0.00527643
23.555 -0.0100233 0.0374971 0.0141417 -0.0595439 0.156308 0.012314 0.525668 -1.3779 0.0130882 -0.171234 0.197395 0.00514718
23.605 -0.0326331 0.0341216 0.018492 -0.0640459 0.127618 0.017612 0.392062 -1.40251 0.0182115 0.294967 -0.613823 0.00519461
23.655 -0.0394845 0.0257471 -0.0113218 -0.0635153 0.0851894 -0.011064 0.264646 -1.2975 -0.00624834 0.79571 -1.35153 -0.0088339
23.705 -0.0503214 0.0140106 -0.018282 -0.0624758 0.0257908 -0.0171629 0.130946 -0.882812 -0.0134425 1.12053 -1.86898 -0.0130902
23.755 -0.0227678 -0.0078199 0.0106623 -0.0229547 -0.0579474 0.0118702 0.0036278 -0.422592 0.00855067 1.25279 -2.09853 -0.000880307
23.805 -0.0135127 -0.0144318 0.0183134 0.0043258 -0.092238 0.0203183 -0.214039 0.0826714 0.0144119 1.24046 -1.91665 0.00375796
23.855 -0.0285885 -0.00877003 -0.00947668 -0.00130989 -0.12662 -0.00706791 -0.476171 0.564074 -0.00997266 1.04107 -1.44654 -0.00703263
23.905 -0.0305388 -0.0103777 -0.0193329 0.00397621 -0.138813 -0.0169868 -0.646769 0.936377 -0.0188083 0.745805 -0.682271 -0.00933045
23.955 -0.0620903 -0.00788579 0.00775124 -0.0277406 -0.134577 0.00960783 -0.856435 1.11868 0.00322752 0.35962 0.232695 0.00523374
24.005 -0.0382152 -0.00720829 0.0192283 -0.0105426 -0.113795 0.0203601 -0.824192 1.16814 0.0123033 -0.0636402 1.08837 0.0118492
24.055 -0.0414841 -0.0058925 -0.00735216 -0.0262681 -0.0788263 -0.00705684 -0.622303 1.05469 -0.0086444 -0.419638 1.84175 0.00174563
24.105 0.00770935 -0.0219291 -0.0186702 0.00103797 -0.0526656 -0.0208033 -0.429959 0.700896 -0.017572 -0.759161 2.32819 -0.00264552
24.155 -0.0050088 -0.0137042 0.00611278 -0.0293152 -0.00332955 0.005059 -0.117062 0.275419 0.00461323 -0.885242 2.49014 0.00809471
24.205 -0.0489365 -0.011161 0.0200697 -0.0828986 0.043154 0.0187128 0.170597 -0.199373 0.0173829 -0.811598 2.27279 0.0128501
24.255 -0.0211272 0.0140187 -0.00561779 -0.0677073 0.0796852 -0.00618513 0.414402 -0.612922 -0.00137001 -0.55037 1.7466 0.000446668
24.305 0.0068016 0.0316974 -0.025982 -0.0253931 0.152663 -0.0187505 0.635489 -0.991504 -0.0124919 -0.234098 0.924298 -0.00831443
24.355 0.0117182 0.0338039 0.000120055 -0.0480664 0.133295 -0.00082842 0.769291 -1.16953 0.00706139 0.0336112 -0.0131498 -0.000401762
24.405 0.0113716 0.0310099 0.0197918 -0.04282 0.112945 0.0176762 0.842856 -1.14931 0.0205325 0.33374 -0.986206 0.00443013
24.455 0.00614353 0.0244403 -0.00167904 -0.0398985 0.0836288 -0.00187684 0.752265 -0.960627 0.00054967 0.547863 -1.79009 -0.00648584
24.505 0.0204611 -0.0197468 -0.0198387 -0.0142826 0.0201582 -0.00718307 0.520771 -0.641677 -0.0137714 0.730595 -2.31181 -0.015011
24.555 0.0422269 -0.000415324 0.00410558 0.0512162 -0.0357802 0.0114462 0.305385 -0.172049 0.00347728 0.875355 -2.51102 -0.00445611
24.605 0.0640688 -0.00456728 0.0215208 0.0851954 -0.0634088 0.0242344 0.0437832 0.333016 0.0156394 0.749382 -2.30857 0.00489357
24.655 0.0567852 -0.0033067 -0.000918196 0.0983 -0.0920229 0.00114613 -0.153296 0.79083 -0.00162741 0.445813 -1.79315 -0.00315122
24.705 0.0101268 -0.00382661 -0.0208865 0.0652227 -0.106154 -0.0187053 -0.347578 1.19008 -0.0183154 0.00813567 -1.0481 -0.00825804
24.755 0.00790914 -0.00539859 -0.000691745 0.0691701 -0.104079 0.00119231 -0.485777 1.39516 -0.00409736 -0.438169 -0.146127 0.00230097
24.805 0.0192224 -0.00599895 0.0194035 0.0798163 -0.0859142 0.0205516 -0.559615 1.39214 0.0112762 -0.730592 0.767581 0.0122302
24.855 0.00367945 -0.040418 0.000603659 0.0520235 -0.0848761 0.000945882 -0.561721 1.20332 -0.00271207 -1.00731 1.48235 0.00546106
24.905 0.0189022 -0.0390008 -0.0194789 0.0587382 -0.0452279 -0.0202214 -0.34903 0.85017 -0.0184935 -1.17135 1.95037 -0.0028165
24.955 0.0398281 -0.0122945 -0.00337896 0.0659785 0.0278024 -0.00439666 -0.19029 0.367963 -0.00332766 -1.23668 2.06771 0.00395
25.005 -0.00946608 0.0131103 0.0194847 -0.00839263 0.0916825 0.0177469 0.0408386 -0.152148 0.0155818 -1.11322 1.84997 0.0118567
25.055 -0.0156257 0.00729563 0.000250739 -0.0269388 0.1193 -0.0012454 0.277965 -0.701193 0.00366307 -0.802637 1.3133 0.00290336
25.105 -0.0167626 0.00839845 -0.019677 -0.0461965 0.136419 -0.0221676 0.434298 -1.09343 -0.0127119 -0.397271 0.577816 -0.00884631
25.155 -0.0161433 0.0107792 -0.00387134 -0.0519821 0.13838 -0.00631863 0.446666 -1.3702 -0.000410958 0.160598 -0.265172 -0.00448055
25.205 0.0141235 0.00762914 0.0183396 -0.0238633 0.119262 0.01639 0.489052 -1.43562 0.0177333 0.65907 -1.06094 0.00366359
25.255 -0.00210117 0.0105096 0.00544119 -0.0350612 0.0880795 0.0048949 0.361132 -1.28488 0.00667307 0.975615 -1.68848 -0.00322529
25.305 -0.0495232 -0.00592427 -0.018827 -0.0650232 0.0312207 -0.0201633 0.307601 -0.971395 -0.0125638 1.17703 -2.04013 -0.0130305
25.355 -0.0434666 -0.00357135 -0.00594539 -0.052737 -0.017989 -0.00450469 0.0754454 -0.53438 -0.00404058 1.21099 -2.00349 -0.00663002
25.405 -0.032847 -0.00354476 0.0177622 -0.0259619 -0.0635394 0.0203588 -0.216435 -0.0434182 0.0137583 1.17349 -1.67726 0.00484992
25.455 -0.0325874 -0.00297512 0.00671565 -0.0117483 -0.100956 0.00958439 -0.473376 0.447033 0.0034934 0.945733 -1.00888 0.00244233
25.505 -0.0310634 -0.00262634 -0.0174295 -0.000989008 -0.125523 -0.0145896 -0.661283 0.838495 -0.0165788 0.537579 -0.174765 -0.00570695
25.555 -0.0133209 -8.62145e-05 -0.00668528 0.0210868 -0.130959 -0.00482512 -0.729511 1.1138 -0.00926649 0.119832 0.712731 0.000352738
25.605 0.0367109 0.00434484 0.0212879 0.0675048 -0.117209 0.0186076 -0.749421 1.19426 0.0101932 -0.320249 1.53726 0.0122515
25.655 0.0132773 0.00358932 0.00677282 0.0342978 -0.0928075 0.00690664 -0.628661 1.07196 0.00362336 -0.658266 2.15245 0.00926539
25.705 0.0105616 0.00359929 -0.0178757 0.0232611 -0.0548936 -0.0176736 -0.498049 0.794967 -0.0144911 -0.805241 2.46078 -0.00188811
25.755 0.0384558 0.00225169 -0.00970908 0.0316908 -0.0123828 -0.0106359 -0.239409 0.376536 -0.00813586 -0.786857 2.41155 0.000261798
25.805 0.0625412 0.00230128 0.0155414 0.039042 0.0319798 0.0136816 0.126492 -0.0865827 0.0127238 -0.623114 2.00215 0.00894578
25.855 0.0417923 0.00109844 0.0100751 0.00212238 0.0688448 0.00767722 0.378387 -0.522161 0.00973558 -0.45335 1.28409 0.00390376
25.905 0.00115764 -0.000113168 -0.0145475 -0.0504068 0.0941579 -0.0170944 0.571459 -0.908138 -0.00860829 -0.184737 0.375384 -0.00878145
25.955 -0.0364053 -0.00688308 -0.00910652 -0.0921739 0.0994076 -0.0101456 0.743834 -1.11764 -0.00434391 0.147512 -0.584595 -0.00840585
26.005 -0.0544105 -0.00702229 0.0149888 -0.112664 0.0929768 0.0139129 0.704054 -1.17109 0.0155525 0.496143 -1.46135 0.000776746
26.055 0.0110818 -0.0195269 0.0128561 -0.0458779 0.0619649 0.0120025 0.705625 -1.03902 0.012604 0.789781 -2.11049 -0.00095146
26.105 0.0235435 -0.00955451 -0.00910631 -0.010029 0.0367715 -0.00440713 0.53943 -0.726458 -0.00795887 0.820779 -2.44958 -0.0110547
26.155 0.0302789 -0.00928106 -0.00733594 0.0105288 -0.00269636 -0.00598858 0.346229 -0.282231 -0.00768461 0.741164 -2.4452 -0.00880364
26.205 0.0245793 -0.00890606 0.0129642 0.0335116 -0.0415224 0.0140027 0.166645 0.222283 0.0100671 0.510371 -2.05094 0.00388016
26.255 -0.0267868 0.013354 0.00939167 -0.00268421 -0.0560475 0.0120203 -0.116631 0.713795 0.00914947 0.199609 -1.39305 0.00540421
26.305 -0.0443431 0.0128121 -0.0131031 0.00106111 -0.0792904 -0.0104283 -0.331854 1.10322 -0.0123311 -0.194495 -0.525522 -0.00255621
26.355 -0.0273171 0.0141424 -0.0125274 0.0258184 -0.088815 -0.0102141 -0.523844 1.34334 -0.0142924 -0.55988 0.39204 -0.00126742
26.405 -0.0124364 -0.00468438 0.0111181 0.0528516 -0.100974 0.010835 -0.551199 1.3965 0.00477626 -0.88008 1.18344 0.0100561
26.455 0.0305649 -0.006442 0.0145648 0.0887263 -0.0817096 0.0147399 -0.479635 1.28685 0.00725364 -1.14575 1.78161 0.0106471
26.505 0.034363 -0.0060676 -0.00995203 0.0807651 -0.0462639 -0.0100389 -0.292968 0.953636 -0.0113816 -1.26628 2.04514 7.64138e-05
26.555 -0.0299318 0.00019235 -0.0137749 0.00720321 0.000437411 -0.016508 -0.199683 0.50456 -0.0126132 -1.18565 1.97154 -0.0024066
26.605 0.00860115 -0.000322783 0.0103169 0.0261079 0.0434893 0.00751091 0.00136579 -0.0254144 0.00772298 -0.905595 1.57493 0.0051807
26.655 -0.00486449 -0.00115051 0.0141101 -0.00382379 0.0848699 0.0104697 0.167949 -0.57288 0.0120494 -0.485839 0.914431 0.00489451
26.705 0.0205352 0.0128919 -0.0060008 0.0177592 0.119744 -0.00598545 0.368772 -0.991759 -0.0055141 -0.0772582 0.121575 -0.00673113
26.755 0.0487169 0.0101892 -0.013673 0.0125662 0.132744 -0.0155258 0.529899 -1.31252 -0.00863734 0.420475 -0.745495 -0.010586
26.805 0.0393599 0.0101879 0.00676742 0.00596787 0.127789 0.003899 0.52324 -1.40182 0.00961013 0.818361 -1.44561 -0.0012433
26.855 0.00466799 0.00518307 0.0130224 -0.028872 0.102255 0.0111487 0.479606 -1.34006 0.015155 1.11225 -1.92486 0.00112551
26.905 -0.0154068 0.000445238 -0.00677408 -0.0488495 0.0635456 -0.00811681 0.344165 -1.05747 -0.00430333 1.28091 -2.06138 -0.00668754
26.955 -0.0312295 -0.00138618 -0.0138274 -0.0484378 0.0203487 -0.0130913 0.0574837 -0.661652 -0.0114036 1.19607 -1.85063 -0.008671
27.005 -0.024979 -0.00208178 0.00729081 -0.0306393 -0.0260011 0.00925875 -0.190455 -0.187157 0.00471981 1.02294 -1.32396 0.00260841
27.055 -0.0486279 -0.00194534 0.0150484 -0.0404588 -0.0677878 0.0176346 -0.424623 0.338594 0.0111681 0.665716 -0.550713 0.00833509
27.105 -0.0366873 -0.00292223 -0.00606602 -0.0166313 -0.101361 -0.00318005 -0.6605 0.760241 -0.00677874 0.263975 0.317847 0.00158416
27.155 -0.0462334 -0.00381616 -0.0154643 -0.0183309 -0.121154 -0.0126127 -0.741464 1.06546 -0.0152696 -0.124019 1.20934 -0.00142341
27.205 -0.0401583 -0.005131 0.00473119 -0.00956657 -0.125093 0.00717778 -0.796661 1.1844 0.000691193 -0.521142 1.91429 0.0073723
27.255 -0.0232534 -0.0261374 0.0161928 0.00178874 -0.125978 0.0175655 -0.679309 1.11972 0.0093563 -0.701957 2.36568 0.0113691
27.305 -0.0127564 -0.0179736 -0.00368614 0.00879861 -0.0992231 -0.00331849 -0.541171 0.866747 -0.00539769 -0.81336 2.48001 0.00178097
27.355 -0.0344052 -0.00959343 -0.0152845 -0.0196071 -0.0565845 -0.0158037 -0.282055 0.484738 -0.0134509 -0.777635 2.20505 -0.00496546
27.405 -0.0438306 0.00796325 0.00176437 -0.0578009 0.0124422 0.000486737 0.0209597 0.0449896 0.00292915 -0.576241 1.6107 0.00100596
27.455 0.0133575 0.00714368 0.0151301 -0.0132535 0.0477375 0.0128131 0.267422 -0.433268 0.0143108 -0.299371 0.768728 0.00412999
27.505 0.0273202 0.00649003 -0.00173215 -0.0148351 0.0806437 -0.00467436 0.535156 -0.821697 0.000522006 0.0728902 -0.18595 -0.00530262
27.555 0.011318 0.00671321 -0.0146553 -0.0375035 0.100697 -0.0172968 0.707139 -1.1021 -0.00903783 0.330109 -1.09151 -0.0120861
27.605 0.0234911 0.00742056 0.00187323 -0.0299616 0.106186 -0.000291503 0.809451 -1.18831 0.00526259 0.65091 -1.86007 -0.00455999
27.655 0.0205787 0.00800713 0.0154818 -0.029392 0.0959405 0.0140128 0.709218 -1.07615 0.0164657 0.821873 -2.34543 0.00181734
27.705 0.0294749 0.00826057 -0.000761097 -0.0109279 0.0714933 -0.00134238 0.64425 -0.805695 0.00229922 0.805138 -2.48399 -0.00365489
27.755 0.0130105 0.00875188 -0.0152301 -0.0124402 0.0373708 -0.014826 0.480043 -0.378427 -0.0105759 0.654885 -2.2427 -0.00788514
27.805 0.0306986 0.00855004 0.000236775 0.0237743 -0.00199353 0.00156639 0.228164 0.104889 0.000452888 0.386732 -1.69334 0.000659488
27.855 0.0459199 0.00799429 0.0152736 0.0586557 -0.0402011 0.0173236 -0.00187581 0.583818 0.0112933 0.0320885 -0.889284 0.00915026
27.905 0.0251837 0.00827405 0.000215521 0.0563127 -0.0702625 0.00270057 -0.258458 1.01654 -0.00157143 -0.409269 0.00167626 0.00458264
27.955 0.0285027 0.00824002 -0.0153483 0.0741532 -0.0884819 -0.0128803 -0.451934 1.31426 -0.0152288 -0.796696 0.849123 -0.00148947
28.005 0.0245832 0.00807375 -0.00166277 0.0793909 -0.0918139 0.000474832 -0.541274 1.40557 -0.00472529 -1.08523 1.55376 0.00427075
28.055 0.0203035 0.00608993 0.0144228 0.0776176 -0.0811138 0.0159002 -0.56568 1.31497 0.00843879 -1.27143 1.96428 0.0105188
28.105 0.0301904 0.00520884 0.00188301 0.0832804 -0.0551502 0.00245271 -0.439819 1.04725 -0.00125024 -1.21335 2.04115 0.00346121
28.155 0.0449976 0.00483121 -0.0147856 0.0878719 -0.0182055 -0.015234 -0.283611 0.613479 -0.0137964 -1.0195 1.7837 -0.00569927
28.205 0.022328 -0.0209515 -0.00363117 0.037056 -0.00033146 -0.00383565 -0.070881 0.084073 -0.00318411 -0.698522 1.22138 -0.00255597
28.255 0.0235944 -0.0202148 0.014058 0.0367105 0.0394727 0.0127919 0.204728 -0.432068 0.0120066 -0.230393 0.459375 0.00310703
28.305 -0.00255937 -0.0181688 0.0117555 -0.00964595 0.0784824 0.000302102 0.340047 -0.904334 0.0043521 0.201105 -0.385692 -0.00276188
28.355 -0.0220804 -0.0146222 -0.0123068 -0.0319849 0.100494 -0.0177359 0.456277 -1.22837 -0.00922307 0.659474 -1.16892 -0.0108439
28.405 -0.018951 -0.0158776 -0.00607438 -0.0538108 0.110075 -0.00831064 0.519003 -1.40511 -0.000108702 0.975235 -1.74542 -0.00622557
28.455 -0.0213841 -0.0144941 0.0126181 -0.054021 0.0998305 0.0111398 0.461256 -1.37869 0.0139381 1.19649 -2.02806 0.00244943
28.505 -0.0219325 -0.0141954 0.00495004 -0.0551859 0.0752521 0.00420836 0.33433 -1.15408 0.00550046 1.2489 -1.96179 0.000589489
28.555 -0.0477321 -0.0134437 -0.0128759 -0.0740274 0.038465 -0.0125829 0.0760133 -0.778729 -0.0099722 1.06982 -1.58777 -0.00553856
28.605 -0.0452293 -0.0123668 -0.00507987 -0.0606675 -0.00501212 -0.00373952 -0.112103 -0.288359 -0.0044088 0.839299 -0.915325 -0.000446458
28.655 -0.0187373 -0.0109579 0.0130646 -0.0214466 -0.049003 0.0152555 -0.339689 0.219209 0.00953446 0.489727 -0.0781481 0.00940352
28.705 -0.0302639 -0.0101789 0.00602936 -0.0201825 -0.0883629 0.00877429 -0.565685 0.660481 0.0029796 0.080984 0.840136 0.0076681
28.755 -0.0462387 -0.00939192 -0.0124622 -0.0256714 -0.116965 -0.00954036 -0.676214 0.985831 -0.0127939 -0.33539 1.6473 -0.000452035
28.805 -0.0298025 -0.00862963 -0.00665263 -0.00283903 -0.130953 -0.00395003 -0.725284 1.16775 -0.00854022 -0.610277 2.20964 0.00128617
28.855 -0.00514998 0.00296282 0.0120111 0.0296483 -0.138676 0.014566 -0.671781 1.15447 0.00673714 -0.736109 2.47101 0.00814686
28.905 0.00683013 0.025381 0.0077744 0.0369928 -0.0619388 0.00949455 -0.533727 0.949219 0.00359094 -0.792682 2.35496 0.00424386
28.955 0.0276428 0.048722 -0.0133636 0.0384367 -0.0375748 -0.0134853 -0.272586 0.604398 -0.0108336 -0.707204 1.89391 -0.00602491
29.005 0.0324659 0.0039207 -0.0102406 0.0139904 -0.00344961 -0.0158051 -0.0741232 0.15823 -0.00567426 -0.481928 1.15079 -0.00615214
29.055 0.0186217 0.0128473 0.00980467 0.00887957 0.0155476 0.00895691 0.146218 -0.326769 0.00993787 -0.145257 0.232811 0.000544898
29.105 0.024762 0.009907 0.00852747 -0.00441738 0.0562839 0.00752354 0.417408 -0.751045 0.00870188 0.268992 -0.716129 -0.00168925
29.155 0.0281035 0.00934973 -0.0102494 -0.0138822 0.0864556 -0.0123763 0.618163 -1.03751 -0.00538304 0.560093 -1.56206 -0.00930543
29.205 0.0417199 0.00939385 -0.0082277 -0.00698115 0.101737 -0.0106104 0.801982 -1.16448 -0.00280692 0.77508 -2.19477 -0.00811336
29.255 0.0508939 0.00798708 0.0102065 -0.000268412 0.102583 0.00821032 0.79918 -1.1064 0.0122591 0.842864 -2.46963 0.00180045
29.305 0.0195904 0.01112 0.00872864 -0.0279297 0.0924063 0.00787218 0.71824 -0.871493 0.0107226 0.730242 -2.38056 0.0034326
29.355 -0.0319107 0.0105021 -0.0087182 -0.0719212 0.0652562 -0.0086454 0.506794 -0.491325 -0.00541567 0.493253 -1.94463 -0.00293286
29.405 -0.0493924 0.00901268 -0.00891447 -0.0691937 0.0298268 -0.00810527 0.17674 -0.0347226 -0.00682916 0.13814 -1.24166 -0.00129923
29.455 0.0123489 -0.0182905 0.00947242 0.00845365 -0.0345593 0.0110688 -0.0672337 0.479983 0.00673889 -0.222367 -0.38866 0.00801706
29.505 0.00483727 -0.0165622 0.0100869 0.0222017 -0.0671609 0.0112556 -0.256947 0.944424 0.0062398 -0.678416 0.488394 0.00898389
29.555 0.00994601 -0.0160781 -0.00801231 0.0417782 -0.0925605 -0.00570958 -0.474966 1.24974 -0.00930823 -1.01866 1.26526 0.000929876
29.605 -0.00407182 0.00373836 -0.00984266 0.043661 -0.0811074 -0.00735953 -0.487084 1.39028 -0.0118846 -1.18052 1.82056 -0.000843943
29.655 -0.013008 0.00597181 0.00641715 0.0336951 -0.0870118 0.00824359 -0.548591 1.35009 0.00264773 -1.25404 2.04909 0.00509623
29.705 -0.0130236 0.00648574 0.0101282 0.0398883 -0.0673512 0.0111612 -0.436393 1.1164 0.00552496 -1.05284 1.93587 0.00473362
29.755 -0.0269803 0.0067024 -0.00717221 0.0238182 -0.0381955 -0.00683962 -0.326261 0.713136 -0.00813832 -0.829027 1.50214 -0.00474566
29.805 -0.03423 0.00641319 -0.0107151 0.00335178 -0.00250942 -0.0112553 -0.0849732 0.221209 -0.0101406 -0.460018 0.800032 -0.00789781
29.855 -0.0337102 0.00577784 0.00628652 -0.00879623 0.0373554 0.00485056 0.12191 -0.300375 0.00531587 0.00739791 -0.0283466 -0.00136605
29.905 -0.0163835 0.00325067 0.010746 -0.00867148 0.0679445 0.00851111 0.288895 -0.793222 0.0101142 0.452743 -0.866472 0.000374376
29.955 -0.0184917 0.00107719 -0.00632088 -0.0240205 0.101522 -0.00872319 0.500827 -1.18264 -0.00271915 0.873836 -1.51601 -0.00641672
30.005 -0.0029411 -0.0262674 -0.0142921 -0.0239464 0.0810347 -0.0152623 0.529842 -1.3941 -0.00639263 1.12046 -1.93688 -0.0074651
30.055 0.0267268 -0.0218961 0.0025236 0.0369063 0.106017 0.00776883 0.546618 -1.41831 0.00729687 1.26562 -2.03492 0.00138239
30.105 0.0360193 -0.018386 0.00983126 0.00320084 0.0811412 0.00888972 0.386777 -1.21913 0.0107566 1.20597 -1.79308 0.00563354
30.155 0.025057 -0.0179946 -0.00449999 -0.00518567 0.0521819 -0.00612464 0.218081 -0.848304 -0.00169931 0.997905 -1.23954 0.000221359
30.205 0.0245951 -0.0183089 -0.010992 0.00616003 0.0155996 -0.0109689 -0.00131498 -0.396144 -0.00865383 0.653757 -0.435229 -0.000946318
30.255 0.013174 -0.0183324 0.00460618 0.00225248 -0.028731 0.00596871 -0.288965 0.074224 0.00257177 0.220956 0.468213 0.00614974
30.305 0.0188447 -0.0164068 0.0116108 0.0229239 -0.0648657 0.0137149 -0.52413 0.558757 0.00788154 -0.166668 1.34261 0.00944142
30.355 0.0325343 0.00291782 -0.00260111 0.045482 -0.0619304 0.000781905 -0.671507 0.94152 -0.00496046 -0.516125 1.99677 0.00198769
30.405 0.0227702 0.0284657 -0.0125221 0.0430601 -0.0940169 -0.00883936 -0.787098 1.14916 -0.0123706 -0.74801 2.38614 -0.0028969
30.455 0.0331169 0.0362119 0.00251635 0.0670185 -0.0896623 0.00618634 -0.714637 1.18137 -0.000569032 -0.80666 2.42238 0.00186897
30.505 0.0422604 0.0281278 0.0124056 0.0637029 -0.0773567 0.0142035 -0.611149 1.00218 0.00713364 -0.782602 2.12818 0.00348083
30.555 0.0385851 0.0146691 -0.00214272 0.0563539 -0.0724947 -0.00113661 -0.387956 0.664031 -0.00342818 -0.554028 1.49641 -0.00402366
30.605 -0.0113224 0.0151286 -0.0118413 -0.000643829 -0.0384555 -0.0117707 -0.15799 0.24378 -0.00985925 -0.273156 0.63773 -0.00912891
30.655 -0.00604241 0.0149921 0.00125127 -0.0122853 0.000990957 0.000580863 0.128437 -0.200347 0.00208827 0.0768934 -0.316946 -0.00391132
30.705 -0.00706567 0.0144667 0.0115668 -0.0259623 0.0403029 0.0101051 0.377781 -0.633263 0.0115129 0.431299 -1.204 0.00067829
30.755 -0.0269071 0.00518633 -0.0013696 -0.0526473 0.0700239 -0.00262488 0.568334 -0.968966 0.0021681 0.672062 -1.94858 -0.0037502
30.805 -0.0228094 0.00431982 -0.0119735 -0.0689 0.0864335 -0.0133281 0.712656 -1.14815 -0.00589994 0.798195 -2.36752 -0.00678622
30.855 -0.0129861 0.00250565 0.000669294 -0.0606337 0.0992841 -0.00157348 0.75073 -1.14067 0.0038322 0.79485 -2.44131 -3.26539e-05
30.905 -0.0196638 0.00406996 0.01174 -0.0685148 0.0934806 0.00961662 0.698148 -0.959743 0.0127757 0.606798 -2.16743 0.00667226
30.955 -0.0125009 0.00410433 0.000236985 -0.0553023 0.0757307 -0.00109651 0.527901 -0.62001 0.00266149 0.30636 -1.57584 0.0033354
31.005 -0.0242775 0.00494527 -0.0112247 -0.0553992 0.0465506 -0.0116952 0.305578 -0.15066 -0.00807452 -0.0647453 -0.791138 -0.00106758
31.055 -0.0310706 0.00600431 -0.000497507 -0.0467741 0.0112981 -5.29974e-05 0.0258128 0.363711 -0.000650524 -0.497151 0.111298 0.00395219
31.105 -0.0248055 0.00677936 0.01145 -0.0228406 -0.0250008 0.0127378 -0.18643 0.81497 0.00793765 -0.830926 0.95434 0.00878582
31.155 -0.0281938 0.00773405 0.00153019 -0.00866743 -0.0563472 0.00344159 -0.404927 1.17444 -0.0013547 -1.10672 1.62858 0.00317545
31.205 -0.00215661 0.00768726 -0.0111721 0.0326349 -0.0788111 -0.00894111 -0.443766 1.37492 -0.0121694 -1.21635 2.00205 -0.00365482
31.255 -0.0252614 -0.0189629 -0.00155183 0.0265262 -0.123527 0.00160054 -0.515828 1.38069 -0.00485768 -1.1911 2.03758 -0.00121994
31.305 -0.0259941 -0.0263546 0.00948272 0.023949 -0.110423 0.0105722 -0.476629 1.20824 0.00544156 -0.983229 1.70527 0.00251934
31.355 -0.0341821 -0.0237778 0.00102247 0.0170353 -0.095525 0.00163445 -0.339933 0.844606 -0.00013554 -0.611084 1.11279 -0.00236664
31.405 -0.0104801 -0.02708 -0.0114836 0.0397988 -0.0677204 -0.0114659 -0.153848 0.351565 -0.0105746 -0.155193 0.335125 -0.00842591
31.455 0.0110739 -0.0342042 -0.00327672 0.0432409 -0.0319022 -0.00399208 0.0916775 -0.185676 -0.00327332 0.312389 -0.504657 -0.00531049
31.505 0.0229407 -0.0305094 0.0106797 0.0333914 0.00902959 0.00852353 0.315556 -0.705062 0.00921868 0.703682 -1.25482 0.00132466
31.555 0.0209621 0.00726941 0.000547839 0.038911 0.0838988 -0.000529849 0.465961 -1.10226 0.00465414 0.994363 -1.77419 -0.000393843
31.605 0.0229915 0.00479643 -0.0095279 0.0108238 0.110527 -0.0118994 0.487871 -1.34488 -0.00559527 1.19931 -2.04339 -0.00463987
31.655 0.0293312 0.00481063 -0.0027242 0.00894616 0.117501 -0.00537368 0.501819 -1.41417 -0.00098385 1.23256 -1.93382 -0.000228307
31.705 0.0285601 0.00232613 0.0105075 0.00207084 0.11544 0.00823841 0.389036 -1.27478 0.0106606 1.10167 -1.50095 0.007027
31.755 0.0402249 0.00171399 0.00450434 0.0112251 0.0958733 0.00299483 0.266899 -0.938604 0.00572233 0.820875 -0.789469 0.00549718
31.805 0.0517943 0.000888381 -0.00960522 0.0264881 0.0647315 -0.0101989 0.0525281 -0.536988 -0.00691769 0.414432 0.0856463 1.2782e-05
31.855 0.0541678 0.00252238 -0.00526762 0.0330862 0.030772 -0.00535574 -0.168356 -0.044107 -0.00424491 0.00569416 0.954458 0.00184408
31.905 -0.0279339 0.0043812 0.0101337 -0.032707 -0.0152518 0.0120441 -0.442206 0.465495 0.00619286 -0.402979 1.72334 0.00663501
31.955 -0.0238027 0.00314183 0.0057879 -0.0208971 -0.0528008 0.00796646 -0.636736 0.858889 0.00209231 -0.651182 2.24548 0.00340114
32.005 0.0106981 0.00503154 -0.00950759 0.0236827 -0.0835162 -0.00647951 -0.799733 1.1094 -0.0101071 -0.778261 2.46243 -0.00408053
32.055 0.0295335 -0.00748393 -0.00580234 0.0457316 -0.111045 -0.0017403 -0.78995 1.1754 -0.00729088 -0.811256 2.28327 -0.00446272
32.105 0.013957 -0.00210303 0.00916851 0.0397106 -0.115216 0.0125475 -0.667839 1.06635 0.004823 -0.695362 1.80346 0.000437258
32.155 -0.0206728 0.0143977 0.00562645 -0.00213098 -0.0858826 0.00738357 -0.495485 0.781082 0.00297325 -0.449598 1.01921 -0.00117061
32.205 -0.0180555 0.0143487 -0.0085306 -0.00657753 -0.0612874 -0.00815632 -0.229858 0.38288 -0.00722763 -0.0631267 0.0985038 -0.00798694
32.255 -0.0226936 0.0107519 0.00285764 -0.0176964 -0.0325384 -0.00731293 0.0324011 -0.078388 -0.00449662 0.306851 -0.842399 -0.00642714
32.305 -0.0270146 0.00664893 0.00960042 -0.0273693 0.00480715 0.00606337 0.319927 -0.543203 0.00778257 0.605305 -1.66305 0.00112363
32.355 -0.0267616 0.0089326 0.0045027 -0.0510168 0.0393024 0.00334626 0.569052 -0.903189 0.00870944 0.758166 -2.22348 0.00181236
32.405 -0.0415047 0.00789973 -0.00899249 -0.0724836 0.0704428 -0.0108629 0.714238 -1.12586 -0.00239808 0.787013 -2.45632 -0.00287884
32.455 -0.0342865 0.00918607 -0.00753222 -0.075324 0.0903817 -0.0099763 0.752852 -1.16413 -0.00288163 0.705293 -2.33477 -0.000538626
32.505 -0.0452138 0.00870571 0.00744707 -0.0899149 0.0957077 0.00507046 0.698789 -1.02409 0.00826751 0.429246 -1.86477 0.00626665
32.555 -0.028003 0.00853036 0.00789895 -0.0710752 0.0872026 0.00600625 0.572067 -0.708576 0.00833998 0.119564 -1.14027 0.00663919
32.605 -0.00465367 -0.0285692 -0.00715616 -0.0572078 0.0376419 -0.00734406 0.382163 -0.246846 -0.00379113 -0.277039 -0.260153 0.00112471
32.655 0.0118915 -0.0180852 -0.011432 0.0197729 0.017304 -0.00579805 0.116708 0.229462 -0.0058518 -0.691777 0.616661 5.21829e-05
32.705 0.0329646 -0.0174712 0.00390436 0.0222382 -0.0251173 0.00493494 -0.0741405 0.709461 0.00396995 -0.963864 1.36963 0.00453198
32.755 0.0294295 -0.00580255 0.00561678 0.0344895 -0.0479001 0.00838785 -0.288535 1.12018 0.00455387 -1.17256 1.87548 0.00374488
32.805 0.0193614 -0.0044806 -0.00589145 0.0443356 -0.0719157 -0.0041536 -0.414776 1.33181 -0.00803123 -1.22665 2.0406 -0.00352882
32.855 0.0117435 -0.00492264 -0.00733797 0.0466112 -0.0890156 -0.00516732 -0.536216 1.39547 -0.00996597 -1.07722 1.8886 -0.00623753
32.905 0.00295922 -0.00625586 0.00565314 0.0478436 -0.0933691 0.00798184 -0.537082 1.24326 0.00132641 -0.795977 1.39115 -0.000961246
32.955 0.0197244 -0.00616873 0.00816726 0.0680629 -0.0823683 0.0100845 -0.384074 0.932829 0.00450913 -0.381111 0.678969 -8.52002e-05
33.005 0.0229028 -0.0063901 -0.00528593 0.0691961 -0.0588628 -0.00413949 -0.196126 0.460949 -0.0055729 0.075881 -0.152593 -0.00526044
33.055 0.0241534 -0.00670079 -0.00886587 0.0633443 -0.0260223 -0.00866069 0.0713044 -0.0578479 -0.00749671 0.524088 -0.963375 -0.00590206
33.105 0.0122994 -0.00594881 0.00434406 0.0403273 0.0125405 0.00358361 0.22831 -0.562672 0.00384704 0.898712 -1.57819 0.000757847
33.155 0.0114637 -0.0017574 0.00980722 0.0311528 0.059734 0.00964457 0.373461 -1.01927 0.00818737 1.17612 -1.96811 0.0041162
33.205 -0.00420105 0.00958196 -0.00325133 -0.00627816 0.0945733 -0.00574338 0.507289 -1.30156 -0.00111096 1.26007 -2.00183 0.000301958
33.255 -0.00990852 -0.00218665 -0.00930991 -0.019994 0.103907 -0.012157 0.53572 -1.40301 -0.00470346 1.15807 -1.7123 -0.000680534
33.305 0.0321419 0.00110612 0.000790561 0.0136077 0.111818 0.000615101 0.431158 -1.31359 0.00527813 0.936675 -1.11513 0.00508361
33.355 7.54188e-05 0.00171908 0.00861962 -0.0300085 0.108747 0.00911283 0.281635 -1.06401 0.0093232 0.573819 -0.299937 0.00775869
33.405 -0.0305517 0.00102593 -0.00149177 -0.0575885 0.0778861 -0.00255119 0.0717665 -0.635634 -0.00209361 0.135375 0.579986 0.00170392
33.455 -0.0209809 -0.00382151 -0.00689875 -0.0338784 0.0459324 -0.006458 -0.181476 -0.141082 -0.00721973 -0.233459 1.41295 -0.00240657
33.505 0.0183083 0.0149655 0.00497781 0.0103101 0.0238694 0.00497619 -0.419179 0.338523 0.00148593 -0.510297 2.06436 0.00156691
33.555 0.003688 0.0205765 0.010005 0.00170894 -0.0143718 0.0113899 -0.597203 0.767166 0.00592802 -0.770546 2.40523 0.00283169
33.605 0.000404524 0.0212726 -0.00289649 0.00299678 -0.0524834 -0.000379854 -0.732478 1.07861 -0.00393833 -0.838925 2.40732 -0.00338425
33.655 -0.0334702 0.0115845 -0.0100605 -0.0153676 -0.0855339 -0.00767133 -0.784194 1.16694 -0.00978882 -0.73959 2.0467 -0.0074508
33.705 -0.0179691 0.0115943 0.00146151 -0.00244813 -0.102313 0.00437997 -0.688857 1.11875 -0.00158751 -0.524664 1.37169 -0.00326357
33.755 -0.00759256 0.00977051 0.00819933 0.0158377 -0.10011 0.0111847 -0.487566 0.875647 0.0049225 -0.170822 0.496171 -5.56473e-05
33.805 -0.0142923 0.00701721 -0.00163431 0.00273249 -0.0918599 0.00032793 -0.298151 0.475068 -0.00208152 0.14417 -0.441084 -0.0033904
33.855 -0.00263883 -0.00876159 -0.00928602 0.00880843 -0.0687318 -0.00830418 0.0195141 0.0176236 -0.00725484 0.460201 -1.33301 -0.00542825
33.905 -0.00335165 -0.00897017 0.000733262 -0.00334627 -0.0384979 0.00081967 0.290434 -0.444013 0.00174809 0.688351 -2.02951 0.000300639
33.955 0.0168406 -0.0179503 0.00925237 0.014609 -0.00777329 0.00621872 0.496788 -0.823753 0.00951811 0.811156 -2.39231 0.00544404
34.005 0.0183029 -0.00453761 0.00027942 -0.00346016 0.0384489 -0.00224778 0.688626 -1.09384 0.00273796 0.7587 -2.43786 0.00261204
34.055 0.0150172 -0.00733827 -0.00840786 -0.0170853 0.0649083 -0.0106712 0.74969 -1.17471 -0.00376317 0.567705 -2.09789 -0.000313024
34.105 0.0122507 -0.00663095 -5.56604e-05 -0.030448 0.0788974 -0.00230241 0.731923 -1.07684 0.00305768 0.259798 -1.47107 0.00382718
34.155 0.0188174 -0.007108 0.00888446 -0.0239931 0.0810892 0.00675614 0.606773 -0.794263 0.00990993 -0.114503 -0.638464 0.00704414
34.205 0.0200953 -0.00757791 0.000834271 -0.021345 0.0684085 -0.000635092 0.457954 -0.387498 0.0024071 -0.507383 0.258072 0.00262799
34.255 -0.00598169 -0.0159137 -0.00897798 -0.0389272 0.0358839 -0.0100461 0.196028 0.112116 -0.00624271 -0.889278 1.07207 -0.00265852
34.305 -0.0134818 -0.0154931 -0.000533531 -0.0412386 0.00459064 -0.00188702 -0.0684484 0.614604 -0.00136627 -1.12357 1.68101 -0.000917229
34.355 -0.0283585 -0.0155544 0.00904839 -0.0317525 -0.02877 0.00974498 -0.317618 1.01818 0.00542913 -1.21913 2.0107 0.00180323
34.405 -0.00342064 -0.0142341 0.00188693 0.00745918 -0.0602616 0.00362151 -0.449463 1.30395 -0.0014447 -1.13483 1.98505 -0.00220681
34.455 -0.00284404 -0.0136551 -0.00827664 0.0224161 -0.0838202 -0.00612034 -0.51197 1.4071 -0.00970252 -0.909725 1.63998 -0.00721841
34.505 -0.0197028 0.00662245 -0.00154826 0.0196702 -0.0929641 0.000427282 -0.518042 1.29776 -0.00439236 -0.597021 1.01177 -0.00413579
34.555 -0.0169663 0.0329349 0.00920319 0.020502 -0.0632297 0.0120176 -0.401066 1.02604 0.00400613 -0.167237 0.213619 0.000943145
34.605 -0.0163127 0.0193582 0.00186563 0.0333681 -0.0468781 0.00290824 -0.288699 0.603117 -0.000452843 0.333585 -0.621027 -0.000721643
34.655 0.00455269 0.00733448 -0.00893476 0.0464136 -0.0352643 -0.00861071 -0.0687785 0.0811226 -0.00750237 0.776921 -1.33566 -0.00373292
34.705 -0.00205772 0.00841854 -0.00303493 0.0376084 -0.00361957 -0.00326091 0.159557 -0.463574 -0.00214142 1.07488 -1.83987 0.000212092
34.755 0.00544815 0.00477628 0.00706254 0.031831 0.0304867 0.00641674 0.384537 -0.901479 0.00695689 1.21063 -2.03 0.00596493
34.805 0.0251564 0.000440932 -0.00205186 0.0374033 0.06076 -0.00127793 0.503874 -1.23953 0.00407401 1.221 -1.88272 0.00457778
34.855 -0.0477358 0.0155518 -0.0123413 -0.0498595 0.100868 -0.013564 0.514478 -1.40372 -0.00361735 1.03309 -1.3989 0.000427989
34.905 -0.0387518 0.0142812 -0.00416867 -0.0463823 0.11721 -0.00709942 0.497155 -1.35907 -0.000358706 0.740477 -0.658794 0.00166136
34.955 0.00259553 -0.00262807 0.00775391 -0.0182983 0.10486 0.00424043 0.334767 -1.1217 0.00735885 0.369803 0.20497 0.00561161
35.005 0.0457534 -0.00143114 0.00318845 0.00514444 0.0888206 -0.00376591 0.139307 -0.753542 0.00406513 -0.0155393 1.08744 0.00250883
35.055 0.0300132 -0.00314088 -0.00576144 0.0131723 0.0649864 -0.00724522 -0.0922249 -0.270718 -0.00487142 -0.420775 1.80812 -0.00398163
35.105 0.0210043 -0.00312409 -0.0028311 0.00127162 0.0301745 -0.00255204 -0.322961 0.24025 -0.0035807 -0.723795 2.2872 -0.0034209
35.155 0.0270523 -0.00376123 0.0071737 0.0159048 -0.00926283 0.00793202 -0.587063 0.672751 0.00441473 -0.815893 2.44321 0.000133381
35.205 0.0195586 -0.0047281 0.00441669 0.0173535 -0.048014 0.00585693 -0.729993 0.988995 0.00166671 -0.789751 2.2337 -0.00203654
35.255 0.0184726 -0.00524394 -0.0067249 0.024668 -0.0803742 -0.00452857 -0.779153 1.16519 -0.00762232 -0.625791 1.68627 -0.00664231
35.305 0.0211389 -0.00509822 -0.00447231 0.0344479 -0.101538 -0.00177094 -0.715009 1.14332 -0.00631702 -0.323371 0.892168 -0.0050966
35.355 0.0137135 -0.00273801 0.00638739 0.0306135 -0.103589 0.00904624 -0.573801 0.922343 0.00291422 -0.00997657 -0.0498014 0.000507901
35.405 -0.00796718 0.00593654 0.00529284 0.0112304 -0.0913834 0.00789812 -0.308253 0.587566 0.00261846 0.32955 -0.976498 0.00137463
35.455 -0.0144264 0.00638469 -0.00592244 -0.00250758 -0.0738879 -0.00392592 -0.0711408 0.137369 -0.00524649 0.610839 -1.75872 -0.00173835
35.505 -0.0207694 0.0055945 -0.00508807 -0.0146487 -0.0437865 -0.00404627 0.187224 -0.326215 -0.00326383 0.765993 -2.2727 2.40039e-05
35.555 -0.0113485 0.00579778 0.00555066 -0.016007 -0.00936407 0.00556115 0.463165 -0.775769 0.00658776 0.815386 -2.45601 0.00582333
35.605 -0.00276018 7.62944e-05 0.00542304 -0.0168746 0.0236608 0.00396862 0.614807 -1.04566 0.00700559 0.68562 -2.26725 0.00605192
35.655 -0.002704 -0.000305964 -0.00525222 -0.0302014 0.049053 -0.00739948 0.757157 -1.16776 -0.0013156 0.401718 -1.77558 0.00114658
35.705 -0.0110663 -0.0184737 -0.00691798 -0.0430335 0.048538 -0.0103107 0.749643 -1.11197 -0.00118199 0.00125202 -1.00742 0.000472225
35.755 0.00459562 -0.0210354 0.00444668 -0.0365674 0.062003 0.00139662 0.668314 -0.867168 0.00709445 -0.357604 -0.12968 0.00391651
35.805 0.00276902 -0.0192412 0.00579977 -0.0377712 0.0585964 0.00346341 0.463175 -0.470768 0.0068085 -0.717757 0.735513 0.00257724
35.855 -0.00387017 -0.00235906 -0.00383567 -0.0360203 0.0546467 -0.00640969 0.248162 0.00373709 -0.00289528 -1.01225 1.46835 -0.00316861
35.905 -0.000521211 0.00815132 -0.00547081 -0.0176966 0.0444865 -0.00700403 0.0101763 0.472026 -0.00483639 -1.17797 1.92274 -0.00513342
35.955 0.0118118 0.00969591 0.00507165 -0.0109513 0.0119323 0.0049818 -0.227368 0.957649 0.00260228 -1.20518 2.03992 -0.0013636
36.005 0.0112348 0.00956538 0.00628411 0.013452 -0.0206193 0.00731988 -0.392696 1.24562 0.00296772 -1.03096 1.81464 -0.000633185
36.055 -0.00739879 0.010602 -0.00668203 -0.00352728 -0.0480313 -0.00838752 -0.507746 1.38687 -0.00590983 -0.727516 1.2974 -0.00481146
36.105 -0.0215221 0.00986725 -0.008288 0.0113822 -0.0681886 -0.0075786 -0.524307 1.35182 -0.0078971 -0.322273 0.553494 -0.00487451
36.155 -0.00281517 0.0163107 0.00294456 0.0325528 -0.0693032 0.00539885 -0.488357 1.11211 0.000292866 0.134916 -0.283268 0.000795936
36.205 0.0123205 0.0192972 0.006203 0.0555704 -0.0608039 0.00861992 -0.309695 0.692139 0.00230744 0.576686 -1.03654 0.00382089
36.255 0.00263246 0.0173494 -0.00307953 0.0465778 -0.0427226 -0.00131395 -0.125629 0.199836 -0.00415473 0.946064 -1.65276 0.000218552
36.305 0.0142843 -0.00102176 -0.00626819 0.0543413 -0.0316262 -0.00500785 0.13072 -0.306685 -0.00555519 1.15527 -1.98123 0.00029566
36.355 0.0087703 -0.00307167 0.00251373 0.0403952 0.000179424 0.0024292 0.327892 -0.814863 0.00356581 1.24463 -1.97478 0.00521297
36.405 -0.0225511 -0.0126212 0.00694063 -0.00245927 0.0282569 0.00631229 0.452373 -1.17905 0.00695093 1.12745 -1.63688 0.00648752
36.455 -0.0196899 -0.0132319 -0.00328032 -0.011164 0.0593583 -0.00500869 0.516956 -1.3706 -0.000180318 0.872829 -1.00588 0.00153174
36.505 -0.0227778 -0.0139242 -0.00717716 -0.0261363 0.0826771 -0.00970955 0.480885 -1.39096 -0.00310127 0.522003 -0.17773 -0.00129965
36.555 -0.0206172 -0.0137557 0.00212174 -0.033692 0.0936368 -0.000691595 0.378397 -1.21261 0.00390396 0.110515 0.711948 0.00117642
36.605 -0.0192487 -0.0137041 0.00636334 -0.0357474 0.0907738 0.00329544 0.187019 -0.864263 0.00695258 -0.266892 1.51298 0.00147251
36.655 -0.0108839 0.00577525 -0.00240739 -0.0350484 0.100921 -0.00401807 -0.0511567 -0.395955 -0.00101537 -0.586842 2.11699 -0.0036217
36.705 -0.000977477 0.0112128 -0.00682447 -0.0128882 0.06778 -0.00811475 -0.288068 0.104939 -0.00564794 -0.772387 2.4114 -0.00667859
36.755 4.95474e-05 0.00270225 0.00262459 -0.00709502 0.0131803 0.00265027 -0.495228 0.574286 0.000237312 -0.830037 2.35455 -0.00318509
36.805 0.0245004 -0.0106472 0.00781423 0.0140149 -0.0251247 0.00838182 -0.677311 0.943637 0.00352322 -0.705042 1.9546 -0.000783422
36.855 0.0254152 -0.0086147 -0.000422785 0.0269175 -0.0620307 0.00112724 -0.744103 1.14479 -0.00328248 -0.448456 1.24775 -0.0034292
36.905 0.0264512 -0.00827112 -0.00650128 0.0346434 -0.0906131 -0.00410773 -0.729914 1.16147 -0.00794255 -0.142039 0.36706 -0.00431585
36.955 0.0274496 -0.00770106 0.000989314 0.0418698 -0.107675 0.00381111 -0.584184 1.01584 -0.00127474 0.192461 -0.590242 0.000524419
37.005 0.0146474 -0.00660823 0.00675206 0.0318576 -0.110877 0.00960433 -0.38268 0.68756 0.00399047 0.476158 -1.45406 0.00464725
37.055 0.00827332 -0.00567271 -0.000708105 0.0245098 -0.1002 0.00179513 -0.148371 0.252456 -0.00119964 0.688439 -2.08161 0.00263361
37.105 -0.0043507 0.0125489 -0.00637906 0.0130342 -0.0676916 -0.00419665 0.136715 -0.22826 -0.00518572 0.819517 -2.41566 0.00077131
37.155 -0.000275694 0.00806136 -0.000601852 0.00265921 -0.0311105 0.000458285 0.366208 -0.647265 0.00167696 0.745175 -2.38771 0.00402675
37.205 -0.000280282 0.00995569 0.00617595 -0.0070554 0.00215578 0.00610101 0.614511 -0.97956 0.00790049 0.540858 -2.01579 0.00634978
37.255 0.000962549 0.00967842 -0.000221525 -0.0158953 0.036547 -0.00123398 0.736918 -1.15497 0.00284579 0.205704 -1.35158 0.00244307
37.305 0.0115222 0.0089692 -0.00667398 -0.0155641 0.0639848 -0.00843835 0.786524 -1.12821 -0.00243396 -0.170136 -0.506342 -0.00189205
37.355 -0.007439 0.0104697 -0.00383347 -0.0551579 0.0858294 -0.00888268 0.701386 -0.944368 0.00270135 -0.578712 0.378734 -0.000711483
37.405 -0.016161 0.0104615 0.00659884 -0.0534043 0.0895701 0.00232032 0.531868 -0.582976 0.00797391 -0.921451 1.17803 0.000933127
37.455 -0.0235416 0.0102514 0.00129732 -0.0587183 0.0822963 -0.00100509 0.287907 -0.124927 0.00172688 -1.13962 1.75111 -0.00270803
37.505 0.004592 0.0012242 -0.00566028 -0.0315226 0.0534525 -0.00674725 0.0391995 0.376805 -0.00516085 -1.21399 2.02083 -0.00625885
37.555 0.00253701 -0.00414877 -2.30574e-05 -0.0233187 0.02536 -0.000624384 -0.218669 0.829634 -0.00125398 -1.12986 1.95142 -0.00399733
37.605 0.00272413 -0.00324802 0.00675531 -0.00620702 -0.0081018 0.00701032 -0.378415 1.18651 0.00369814 -0.880636 1.53802 5.67382e-05
37.655 0.00179952 -0.00398675 0.00128505 0.00446546 -0.0379757 0.00242172 -0.485683 1.38852 -0.00120209 -0.506487 0.883996 -0.000844473
37.705 0.00256396 -0.00351891 -0.00614699 0.0190875 -0.0624742 -0.00413765 -0.537799 1.36582 -0.00788529 -0.0446277 0.0855555 -0.00275203
37.755 -0.0262637 -0.00458497 -0.00150432 -0.00203107 -0.0785384 -0.000261707 -0.475032 1.16991 -0.00401817 0.430037 -0.723621 0.000597602
37.805 -0.0308186 -0.00464378 0.0055065 0.00958153 -0.082147 0.0078223 -0.336406 0.811242 0.00262902 0.801284 -1.41773 0.00537514
37.855 -0.0151312 -0.009718 0.00130235 0.0243717 -0.0792146 0.00382825 -0.138917 0.336414 -0.000205692 1.09369 -1.8815 0.00432104
37.905 0.00506589 -0.00325623 -0.00550603 0.0451304 -0.0496764 -0.00344592 0.0820627 -0.192176 -0.00564875 1.20435 -2.02211 0.00126718
37.955 0.00452944 -0.00273195 -0.00184296 0.0398492 -0.0207913 -0.00132114 0.268002 -0.699763 -0.00152427 1.17487 -1.81962 0.00247154
38.005 0.00641683 -0.0024184 0.00573014 0.0334322 0.0134402 0.00518057 0.411685 -1.10565 0.00583411 0.997636 -1.28707 0.00496163
38.055 0.00791338 -0.00166373 0.00211215 0.0243851 0.0473152 0.000693231 0.488309 -1.3572 0.00384827 0.687947 -0.538809 0.00206787
38.105 0.0235006 -0.0058183 -0.00686256 0.0369397 0.0669221 -0.0101804 0.535515 -1.41052 -0.00244101 0.287526 0.334274 -0.00301193
38.155 0.0272772 -0.00723247 -0.00409115 0.0189492 0.0886442 -0.00708653 0.429129 -1.26244 -0.000145913 -0.113326 1.1919 -0.0032923
38.205 0.0156465 0.0112008 0.00463432 0.00299327 0.113122 0.00237745 0.250697 -0.949959 0.00606291 -0.469904 1.88768 -0.00113415
38.255 -0.00058522 0.0121534 0.00304141 -0.0190923 0.102402 0.000863877 0.0288459 -0.509306 0.00303889 -0.694437 2.3269 -0.00269252
38.305 -0.00085326 0.00957506 -0.00480583 -0.0222389 0.0797272 -0.00658296 -0.235334 -0.0152231 -0.0042695 -0.806677 2.41953 -0.00657579
38.355 -0.00584344 0.00979662 -0.00288032 -0.0231249 0.0500451 -0.00392929 -0.47187 0.471344 -0.00319439 -0.752655 2.16312 -0.00491614
38.405 0.0187785 -0.00214164 0.00545988 -0.00431465 0.00863253 0.00399833 -0.640814 0.849535 0.00286719 -0.59291 1.57564 -3.02501e-05
38.455 0.0117902 0.00129234 0.00292463 0.0103814 -0.033688 0.00347856 -0.736011 1.10823 0.000628391 -0.299333 0.748258 0.000694443
38.505 0.0135157 -0.00234748 -0.00507128 0.0157888 -0.0686152 -0.00346556 -0.751432 1.18685 -0.00609264 0.038381 -0.20515 -0.00135174
38.555 -0.0203604 -0.00769454 -0.00331137 -0.0112526 -0.0972299 -0.000865277 -0.648859 1.06179 -0.00511027 0.366375 -1.10913 0.000896001
38.605 -0.0198738 -0.00904504 0.00514926 -0.00693088 -0.108038 0.00783587 -0.463608 0.771187 0.00199042 0.639328 -1.83884 0.00548542
38.655 -0.0185811 0.000374715 0.00478948 -0.00653169 -0.107641 0.00882175 -0.212712 0.350408 0.00222502 0.776915 -2.30255 0.00564883
38.705 -0.0102267 0.012589 -0.0046351 0.00462463 -0.0689105 -0.00236874 0.0748132 -0.101827 -0.00324643 0.767719 -2.42624 0.0021086
38.755 -0.0101549 0.013636 -0.00435294 -0.0036491 -0.0438578 -0.00292703 0.337826 -0.547848 -0.00185353 0.621255 -2.20221 0.00161804
38.805 -0.00816204 0.0130336 0.00391402 -0.00945633 -0.0123869 0.00459662 0.56443 -0.90201 0.00555163 0.348401 -1.65659 0.00376674
38.855 -0.0212897 -0.00431676 0.00305957 -0.0406588 -0.00143478 0.00245658 0.701874 -1.12796 0.00590903 -0.0139484 -0.879267 0.00224445
38.905 -0.0104936 -0.0208185 -0.00486487 -0.0325105 0.0184725 -0.00527337 0.752912 -1.16363 -0.000362254 -0.414722 0.00992325 -0.00301818
38.955 -0.00353402 -0.0241353 -0.00449625 -0.0345454 0.0443209 -0.00586861 0.715423 -1.01241 -0.000613133 -0.778763 0.851192 -0.00452734
39.005 0.016 -0.00243978 0.00408093 -0.017007 0.0796312 0.00188963 0.579249 -0.686643 0.00544039 -1.06672 1.53176 -0.00180424
39.055 0.0166714 -0.000719592 0.00412824 -0.0206983 0.0745624 0.00204242 0.379221 -0.239124 0.00525045 -1.19233 1.93804 -0.00185553
39.105 0.00889612 0.00259199 -0.00484775 -0.0291661 0.0743624 -0.00615501 0.121634 0.251096 -0.00202136 -1.16789 2.0152 -0.00495043
39.155 0.000664111 0.00701624 -0.00469105 -0.0256474 0.0475515 -0.00606678 -0.129209 0.730883 -0.00405711 -0.970521 1.75551 -0.00439663
39.205 0.00288076 -0.0142925 0.00397671 -0.0151202 0.00203541 0.00271784 -0.325013 1.1145 0.000996215 -0.658109 1.19691 0.000342248
39.255 0.00189401 -0.012737 0.00516491 -0.00239904 -0.0277855 0.00505914 -0.470603 1.34559 0.00149934 -0.247592 0.438934 0.00248741
39.305 0.0146122 0.0017242 -0.00253074 0.0243969 -0.0415846 -0.00163833 -0.511797 1.38707 -0.00497885 0.215729 -0.39497 0.000750175
39.355 0.0156221 0.00308508 -0.00456668 0.0355487 -0.0642567 -0.00300774 -0.487481 1.25571 -0.00649474 0.637429 -1.15109 0.00121728
39.405 0.0150941 0.00327866 0.00281189 0.0462108 -0.0747835 0.00483688 -0.376892 0.916021 -0.00020645 0.984908 -1.72424 0.00516997
39.455 0.0152761 0.00430611 0.00483778 0.0530023 -0.0731659 0.00700744 -0.208119 0.44162 0.00208108 1.18956 -1.99174 0.00600901
39.505 0.0155043 0.00450866 -0.00246834 0.0559098 -0.059674 -0.000496611 0.0193711 -0.0741396 -0.00307559 1.21399 -1.93564 0.002125
39.555 0.0089843 0.00827771 -0.0049805 0.0503154 -0.0344581 -0.00300354 0.241036 -0.586225 -0.00415406 1.08283 -1.53992 -0.000152844
39.605 0.00228433 0.00746669 0.00187041 0.035803 -0.000879458 0.00254543 0.401138 -1.00951 0.00251785 0.813217 -0.873374 0.00135618
39.655 -0.0186628 -0.00405323 0.0053017 0.00430487 0.0202551 0.00530548 0.50783 -1.2988 0.00556655 0.452427 -0.047572 0.000854577
39.705 -0.0182055 -0.00432752 -0.002272 -0.0029106 0.0530455 -0.00337376 0.506849 -1.40496 0.000292783 0.0556457 0.841014 -0.00370174
39.755 -0.0162162 -0.00400499 -0.00546072 -0.0135898 0.0777498 -0.00731721 0.442204 -1.3273 -0.00209251 -0.315 1.62688 -0.00611678
39.805 -0.0055349 -0.000551327 0.00162971 -0.0106414 0.0972453 -0.000721047 0.284452 -1.03849 0.00308604 -0.614942 2.17257 -0.00373474
39.855 -0.0059064 0.00201677 0.00488335 -0.0201794 0.104802 0.00253824 0.0652838 -0.620086 0.00522519 -0.781338 2.41242 -0.0020342
39.905 -0.0089459 0.0162256 -0.00160185 -0.0264031 0.101218 -0.00385126 -0.188298 -0.136835 -0.000751806 -0.806803 2.29785 -0.00394831
