0.001 -1.70497e-16 6.88666e-16
0.002 -1.58792e-16 5.42429e-16
0.003 -1.45035e-16 3.79937e-16
0.004 -1.34004e-16 2.63938e-16
0.005 -1.25098e-16 1.84802e-16
0.006 -1.17309e-16 -6.0092e-16
0.007 -1.09796e-16 -1.1389e-15
0.008 -1.02176e-16 -8.65972e-16
0.009 7.38859e-17 -6.20224e-16
0.01 6.44865e-17 -4.51073e-16
0.011 5.38486e-17 -3.37868e-16
0.012 4.84164e-17 -2.61312e-16
0.013 2.13441e-16 4.41736e-16
0.014 1.92342e-16 1.07632e-15
0.015 1.67412e-16 8.0496e-16
0.016 1.45835e-16 5.54146e-16
0.017 8.00812e-16 3.81541e-16
0.018 7.12868e-16 2.66542e-16
0.019 -5.96519e-17 1.89327e-16
0.02 -6.76988e-17 1.36757e-16
0.021 -8.7916e-16 1.00498e-16
0.022 -7.47057e-16 7.45495e-17
0.023 -5.96219e-16 -6.75958e-16
0.024 -4.71895e-16 -5.39657e-16
0.025 2.93453e-16 -3.83598e-16
0.026 2.7617e-16 -2.73876e-16
0.027 3.88249e-16 -2.00611e-16
0.028 3.11572e-16 -1.51664e-16
0.029 8.92751e-16 -1.18364e-16
0.03 7.25127e-16 -9.5096e-17
0.031 -1.1978e-16 -7.85032e-17
0.032 -1.90909e-16 -6.64611e-17
0.033 -3.86082e-16 -5.74472e-17
0.034 -1.03735e-15 -5.06794e-17
0.035 -1.23577e-15 -4.52698e-17
0.036 -1.3691e-15 -4.10216e-17
0.037 -1.14119e-15 -3.7724e-17
0.038 -7.6435e-16 -3.49512e-17
0.039 2.39734e-16 -3.29237e-17
0.04 6.22118e-16 -3.12648e-17
0.041 7.481e-16 -2.987e-17
0.042 1.4967e-15 -2.86894e-17
0.043 2.6406e-15 -2.78605e-17
0.044 2.43331e-15 -2.68935e-17
0.045 1.20516e-15 -2.62884e-17
0.046 -3.53524e-16 -2.52257e-17
0.047 -4.99722e-16 -2.46611e-17
0.048 -5.75383e-16 -2.41745e-17
0.049 -8.19164e-16 -2.3708e-17
0.05 -8.7193e-16 -2.32551e-17
0.051 -1.41247e-15 -2.28289e-17
0.052 -1.387e-15 -2.24786e-17
0.053 -1.17818e-15 -2.1782e-17
0.054 -8.26344e-16 -2.0784e-17
0.055 -1.8597e-17 -2.00403e-17
0.056 1.79381e-16 -1.93846e-17
0.057 4.99301e-16 -1.86058e-17
0.058 4.51038e-16 -1.77921e-17
0.059 5.66105e-16 -1.71102e-17
0.06 1.17068e-15 -1.65282e-17
0.061 1.86218e-15 -1.59835e-17
0.062 1.59947e-15 -1.53159e-17
0.063 1.33661e-15 -1.47243e-17
0.064 9.48649e-16 -1.45319e-17
0.065 -4.85111e-17 -1.37763e-17
0.066 -1.06341e-15 -1.3227e-17
0.067 -1.73567e-15 -1.28082e-17
0.068 -1.6157e-15 -1.27533e-17
0.069 -1.49579e-15 -1.24909e-17
0.07 -1.25013e-15 -1.21367e-17
0.071 -7.19435e-16 -1.17144e-17
0.072 5.58752e-16 7.20151e-16
0.073 4.6103e-16 5.70243e-16
0.074 4.79203e-16 -2.28403e-16
0.075 3.35028e-16 -8.06509e-16
0.076 8.83729e-16 -5.40222e-16
0.077 7.15462e-16 -3.33524e-16
0.078 5.63505e-16 1.51086e-16
0.079 4.60458e-16 8.18373e-16
0.08 -2.67545e-16 1.32757e-15
0.081 -8.89419e-16 9.76828e-16
0.082 -1.23367e-15 -2.85125e-16
0.083 -1.34303e-15 -5.72176e-16
0.084 -1.09397e-15 -9.87366e-16
0.085 -3.71161e-16 -6.1768e-16
0.086 8.55937e-17 -3.06942e-16
0.087 1.62903e-15 -1.12621e-16
0.088 1.78755e-15 7.32539e-16
0.089 1.52467e-15 1.58853e-15
0.09 1.28452e-15 1.15407e-15
0.091 1.0796e-15 7.09833e-16
0.092 5.6971e-16 4.07092e-16
0.093 2.94602e-16 -9.81138e-17
0.094 -6.0077e-16 -8.66266e-16
0.095 -7.14493e-16 -2.06727e-15
0.096 -9.53286e-16 -1.55157e-15
0.097 -1.00163e-15 -1.05665e-15
0.098 -1.55472e-15 1.54307e-17
0.099 -2.22548e-15 8.19497e-16
0.1 -1.97073e-15 9.75924e-16
0.101 -8.83902e-16 1.45422e-15
0.102 7.34304e-17 1.10054e-15
0.103 3.8871e-16 7.96095e-16
0.104 4.88557e-16 5.86398e-16
0.105 1.26451e-15 -2.85265e-16
0.106 1.29067e-15 -5.55745e-16
0.107 1.45636e-15 -1.11967e-15
0.108 1.26851e-15 -1.55601e-15
0.109 1.10505e-15 -1.14074e-15
0.11 9.85558e-16 -7.7637e-16
0.111 -1.05145e-16 8.85231e-16
0.112 -2.07968e-16 1.52884e-15
0.113 -1.0722e-15 2.14378e-15
0.114 -6.42051e-16 1.58001e-15
0.115 2.66731e-16 6.77784e-16
0.116 1.9268e-16 -3.10346e-16
0.117 2.45063e-16 -1.02834e-15
0.118 9.60518e-16 -1.20866e-15
0.119 1.91687e-15 -1.31094e-15
0.12 2.21005e-15 -9.8458e-16
0.121 4.17757e-16 -7.26336e-16
0.122 1.2009e-15 -5.4947e-16
0.123 9.90203e-16 -4.25559e-16
0.124 -2.1624e-17 7.18131e-17
0.125 6.55467e-16 4.697e-16
0.126 6.86021e-16 1.11398e-15
0.127 1.09033e-15 1.66529e-15
0.128 2.8374e-15 1.38278e-15
0.129 2.22698e-15 1.14091e-15
0.13 2.69742e-15 2.19673e-16
0.131 4.38764e-15 -5.50235e-16
0.132 4.74464e-15 -2.15417e-16
0.133 6.0819e-15 -3.39616e-16
0.134 6.51371e-15 -1.13253e-15
0.135 7.08871e-15 -1.88372e-15
0.136 8.31046e-15 -1.71252e-15
0.137 7.768e-15 -1.52178e-15
0.138 8.32468e-15 -1.23009e-15
0.139 7.87705e-15 -6.2644e-16
0.14 8.33035e-15 -9.2224e-16
0.141 8.42342e-15 2.81667e-16
0.142 7.31169e-15 1.97291e-15
0.143 7.18195e-15 2.83836e-15
0.144 7.11822e-15 3.05806e-15
0.145 7.86539e-15 2.40188e-15
0.146 7.15537e-15 1.81713e-15
0.147 7.00537e-15 6.18882e-16
0.148 7.04891e-15 -6.37222e-16
0.149 7.22723e-15 -1.95179e-15
0.15 7.3534e-15 -2.57695e-15
0.151 7.25552e-15 -2.59021e-15
0.152 7.48153e-15 -1.22159e-15
0.153 7.52598e-15 1.17862e-16
0.154 6.56927e-15 1.09771e-15
0.155 6.58775e-15 1.72513e-15
0.156 5.66474e-15 1.0757e-15
0.157 5.57024e-15 5.4673e-16
0.158 6.9373e-15 -3.96086e-16
0.159 7.20825e-15 -1.38355e-15
0.16 7.7963e-15 -1.89404e-15
0.161 8.89259e-15 -1.19662e-15
0.162 9.92354e-15 -6.22672e-16
0.163 1.18636e-14 1.10778e-15
0.164 1.19187e-14 2.35482e-15
0.165 1.33129e-14 3.1212e-15
0.166 1.34599e-14 2.48804e-15
0.167 1.47858e-14 8.34194e-16
0.168 1.43428e-14 -1.11459e-15
0.169 1.44913e-14 -2.99896e-15
0.17 1.38854e-14 -3.58974e-15
0.171 1.42618e-14 -2.8857e-15
0.172 1.40187e-14 -1.88461e-15
0.173 1.4361e-14 -1.49866e-16
0.174 1.55728e-14 2.03242e-15
0.175 1.50098e-14 2.97974e-15
0.176 1.63898e-14 3.75301e-15
0.177 1.67108e-14 2.56932e-15
0.178 1.85288e-14 8.87749e-16
0.179 1.88599e-14 -9.45304e-16
0.18 1.93521e-14 -2.52095e-15
0.181 2.05545e-14 -3.21927e-15
0.182 2.10442e-14 -3.27504e-15
0.183 2.19136e-14 -2.21614e-15
0.184 2.29819e-14 -3.90042e-16
0.185 2.35261e-14 1.82823e-15
0.186 2.46124e-14 2.75553e-15
0.187 2.57073e-14 3.49099e-15
0.188 2.6124e-14 2.28118e-15
0.189 2.73001e-14 3.53514e-16
0.19 2.85005e-14 -1.70704e-15
0.191 3.10097e-14 -3.39439e-15
0.192 3.13282e-14 -4.14339e-15
0.193 3.21955e-14 -3.1488e-15
0.194 3.42832e-14 -1.52442e-15
0.195 3.48908e-14 1.08304e-15
0.196 3.5992e-14 3.64642e-15
0.197 3.7446e-14 4.76653e-15
0.198 3.82149e-14 4.99138e-15
0.199 3.8552e-14 4.29079e-15
0.2 4.00705e-14 2.59766e-15
0.201 4.04837e-14 -1.08245e-15
0.202 4.22412e-14 -3.95696e-15
0.203 4.50679e-14 -5.24959e-15
0.204 4.76013e-14 -5.75104e-15
0.205 4.86802e-14 -4.26672e-15
0.206 5.15299e-14 -1.99447e-15
0.207 5.46541e-14 6.84962e-16
0.208 5.71088e-14 3.16291e-15
0.209 6.03008e-14 4.9154e-15
0.21 6.24909e-14 5.85208e-15
0.211 6.44431e-14 4.34799e-15
0.212 6.60701e-14 1.70341e-15
0.213 6.81156e-14 -9.17132e-16
0.214 6.98881e-14 -3.63437e-15
0.215 7.09099e-14 -4.93357e-15
0.216 7.24786e-14 -5.51278e-15
0.217 7.32574e-14 -4.14311e-15
0.218 7.77167e-14 -2.00101e-15
0.219 8.09246e-14 9.66066e-16
0.22 8.42294e-14 3.60647e-15
0.221 8.88638e-14 5.16722e-15
0.222 9.24858e-14 5.02376e-15
0.223 9.70149e-14 3.11813e-15
0.224 1.0225e-13 9.52504e-16
0.225 1.05586e-13 -1.02919e-15
0.226 1.10744e-13 -2.40034e-15
0.227 1.14578e-13 -3.82822e-15
0.228 1.17889e-13 -3.23929e-15
0.229 1.21657e-13 -1.68763e-15
0.23 1.23842e-13 -1.55782e-16
0.231 1.26998e-13 9.22319e-16
0.232 1.31952e-13 2.3331e-15
0.233 1.35803e-13 2.11738e-15
0.234 1.40491e-13 1.49852e-15
0.235 1.46835e-13 1.0497e-15
0.236 1.53119e-13 3.16951e-16
0.237 1.60315e-13 -1.5472e-15
0.238 1.68357e-13 -2.33002e-15
0.239 1.74612e-13 -2.18909e-15
0.24 1.82954e-13 -1.66132e-15
0.241 1.89703e-13 -8.79927e-16
0.242 1.96692e-13 3.4286e-17
0.243 2.02835e-13 7.4073e-16
0.244 2.09931e-13 1.29495e-15
0.245 2.14929e-13 1.34019e-15
0.246 2.22455e-13 1.77777e-15
0.247 2.29324e-13 7.58894e-16
0.248 2.36563e-13 -4.11859e-17
0.249 2.44525e-13 -5.64463e-16
0.25 2.5383e-13 -2.51788e-16
0.251 2.6434e-13 3.01133e-17
0.252 2.74733e-13 2.20779e-16
0.253 2.86214e-13 9.77466e-16
0.254 2.99048e-13 1.51737e-15
0.255 3.10892e-13 1.83226e-15
0.256 3.2253e-13 9.22002e-16
0.257 3.34445e-13 8.58461e-16
0.258 3.46194e-13 -6.10627e-16
0.259 3.57689e-13 -1.7596e-15
0.26 3.70225e-13 -2.79623e-15
0.261 3.82431e-13 -2.88129e-15
0.262 3.9538e-13 -2.14967e-15
0.263 4.09073e-13 -9.38596e-16
0.264 4.23469e-13 6.62686e-16
0.265 4.392e-13 1.75422e-15
0.266 4.54996e-13 2.61023e-15
0.267 4.72445e-13 2.28016e-15
0.268 4.92158e-13 1.61767e-15
0.269 5.11145e-13 -1.78057e-16
0.27 5.31935e-13 -1.14623e-15
0.271 5.50577e-13 -1.3535e-15
0.272 5.70901e-13 -1.55967e-15
0.273 5.91573e-13 -1.03891e-15
0.274 6.11766e-13 -3.9608e-16
0.275 6.31328e-13 5.95698e-16
0.276 6.53507e-13 9.08016e-16
0.277 6.75634e-13 3.72728e-16
0.278 6.99232e-13 -6.57634e-17
0.279 7.23067e-13 -9.51339e-16
0.28 7.50879e-13 -1.83524e-15
0.281 7.7831e-13 -1.69418e-15
0.282 8.07737e-13 -9.77176e-16
0.283 8.38573e-13 2.55917e-16
0.284 8.71216e-13 1.28363e-15
0.285 9.04398e-13 2.27522e-15
0.286 9.36841e-13 2.87521e-15
0.287 9.70459e-13 3.05529e-15
0.288 1.00532e-12 1.32106e-15
0.289 1.03892e-12 -7.56623e-16
0.29 1.07576e-12 -2.56446e-15
0.291 1.11201e-12 -3.44997e-15
0.292 1.15085e-12 -3.6087e-15
0.293 1.19071e-12 -3.4943e-15
0.294 1.23193e-12 -1.94433e-15
0.295 1.27635e-12 1.54744e-15
0.296 1.32364e-12 3.64023e-15
0.297 1.37206e-12 4.86526e-15
0.298 1.42312e-12 4.12316e-15
0.299 1.47757e-12 2.73342e-15
0.3 1.5313e-12 1.04411e-15
0.301 1.58826e-12 -2.2075e-15
0.302 1.64569e-12 -4.18874e-15
0.303 1.70357e-12 -5.63909e-15
0.304 1.76232e-12 -4.52561e-15
0.305 1.82297e-12 -1.25227e-15
0.306 1.88461e-12 1.66471e-15
0.307 1.94975e-12 4.63926e-15
0.308 2.0173e-12 6.12135e-15
0.309 2.08867e-12 5.3261e-15
0.31 2.16401e-12 2.75958e-15
0.311 2.24072e-12 1.88751e-16
0.312 2.32226e-12 -3.62501e-15
0.313 2.40743e-12 -5.86664e-15
0.314 2.4939e-12 -5.93912e-15
0.315 2.58333e-12 -4.01453e-15
0.316 2.676e-12 -1.48877e-15
0.317 2.77174e-12 2.17422e-15
0.318 2.86923e-12 4.54165e-15
0.319 2.96835e-12 5.59149e-15
0.32 3.07239e-12 5.03415e-15
0.321 3.17942e-12 1.94785e-15
0.322 3.28926e-12 -1.43656e-15
0.323 3.40457e-12 -5.05177e-15
0.324 3.52368e-12 -6.3305e-15
0.325 3.64805e-12 -5.35601e-15
0.326 3.77638e-12 -3.05072e-15
0.327 3.91085e-12 8.60406e-16
0.328 4.04845e-12 4.10448e-15
0.329 4.19299e-12 6.13842e-15
0.33 4.34108e-12 6.09571e-15
0.331 4.49433e-12 4.09635e-15
0.332 4.65167e-12 1.52759e-15
0.333 4.81446e-12 -2.2325e-15
0.334 4.9826e-12 -4.90379e-15
0.335 5.15598e-12 -6.11222e-15
0.336 5.33565e-12 -5.50107e-15
0.337 5.52078e-12 -2.19305e-15
0.338 5.71395e-12 1.53731e-15
0.339 5.91365e-12 5.19146e-15
0.34 6.11865e-12 5.83187e-15
0.341 6.33384e-12 5.63011e-15
0.342 6.55522e-12 2.96711e-15
0.343 6.78347e-12 -3.72096e-16
0.344 7.01993e-12 -3.52548e-15
0.345 7.26493e-12 -6.54369e-15
0.346 7.51726e-12 -6.6574e-15
0.347 7.77858e-12 -5.67788e-15
0.348 8.04742e-12 -2.79548e-15
0.349 8.32565e-12 9.9048e-16
0.35 8.61482e-12 4.20435e-15
0.351 8.91276e-12 6.68263e-15
0.352 9.22123e-12 7.72469e-15
0.353 9.54091e-12 6.4327e-15
0.354 9.87155e-12 3.33222e-15
0.355 1.02136e-11 -9.35803e-16
0.356 1.05662e-11 -4.40381e-15
0.357 1.09315e-11 -5.93811e-15
0.358 1.13099e-11 -6.16722e-15
0.359 1.16989e-11 -4.04083e-15
0.36 1.21021e-11 -8.09417e-16
0.361 1.25179e-11 2.93665e-15
0.362 1.29495e-11 4.87964e-15
0.363 1.33949e-11 4.04382e-15
0.364 1.38548e-11 2.28302e-15
0.365 1.43308e-11 -5.3262e-16
0.366 1.48231e-11 -3.70628e-15
0.367 1.53328e-11 -5.95981e-15
0.368 1.58592e-11 -5.71157e-15
0.369 1.64024e-11 -3.21922e-15
0.37 1.69664e-11 2.37714e-16
0.371 1.75472e-11 3.41241e-15
0.372 1.81476e-11 6.07091e-15
0.373 1.87672e-11 6.84409e-15
0.374 1.94101e-11 6.14919e-15
0.375 2.00707e-11 3.79218e-15
0.376 2.07554e-11 -5.89175e-16
0.377 2.14625e-11 -4.54624e-15
0.378 2.21931e-11 -7.1674e-15
0.379 2.29489e-11 -6.91911e-15
0.38 2.37305e-11 -5.83251e-15
0.381 2.45392e-11 -2.57709e-15
0.382 2.53744e-11 9.49961e-16
0.383 2.62383e-11 4.37531e-15
0.384 2.71314e-11 5.22381e-15
0.385 2.80517e-11 4.97234e-15
0.386 2.90031e-11 3.96064e-15
0.387 2.9986e-11 1.01475e-15
0.388 3.10031e-11 -1.34903e-15
0.389 3.20512e-11 -2.70956e-15
0.39 3.31345e-11 -2.73592e-15
0.391 3.42538e-11 -1.81599e-15
0.392 3.54105e-11 3.34187e-16
0.393 3.66065e-11 1.0442e-15
0.394 3.78414e-11 9.53799e-16
0.395 3.91181e-11 1.70253e-16
0.396 4.04375e-11 -9.44942e-16
0.397 4.18003e-11 -1.54277e-15
0.398 4.32093e-11 -1.40613e-15
0.399 4.46637e-11 -1.77851e-15
0.4 4.61674e-11 -6.72673e-16
0.401 4.77183e-11 1.73935e-16
0.402 4.93211e-11 2.71437e-15
0.403 5.09749e-11 3.52521e-15
0.404 5.26844e-11 2.88145e-15
0.405 5.44489e-11 2.00195e-15
0.406 5.62722e-11 1.30852e-16
0.407 5.81541e-11 -1.9852e-15
0.408 6.01007e-11 -2.80698e-15
0.409 6.21105e-11 -2.59149e-15
0.41 6.41865e-11 -1.084e-15
0.411 6.63312e-11 2.47406e-16
0.412 6.85462e-11 1.09818e-15
0.413 7.08336e-11 1.55256e-15
0.414 7.31946e-11 7.65873e-16
0.415 7.56335e-11 -4.24249e-16
0.416 7.81508e-11 -1.09457e-15
0.417 8.07501e-11 -1.643e-15
0.418 8.34331e-11 -1.2118e-15
0.419 8.62035e-11 2.86027e-16
0.42 8.90653e-11 1.69849e-15
0.421 9.20188e-11 2.85859e-15
0.422 9.50701e-11 3.04493e-15
0.423 9.82204e-11 1.84367e-15
0.424 1.01475e-10 9.99875e-17
0.425 1.04836e-10 -2.23926e-15
0.426 1.08305e-10 -5.03442e-15
0.427 1.11888e-10 -5.55413e-15
0.428 1.15586e-10 -4.48737e-15
0.429 1.19404e-10 -1.10217e-15
0.43 1.23343e-10 2.03543e-15
0.431 1.27412e-10 4.78517e-15
0.432 1.31609e-10 7.29529e-15
0.433 1.35943e-10 7.40442e-15
0.434 1.40415e-10 5.01047e-15
0.435 1.45032e-10 2.45356e-16
0.436 1.49798e-10 -3.96356e-15
0.437 1.54717e-10 -7.46681e-15
0.438 1.59795e-10 -8.15505e-15
0.439 1.65038e-10 -7.44143e-15
0.44 1.70448e-10 -4.52299e-15
0.441 1.76034e-10 -4.36484e-16
0.442 1.81799e-10 4.20499e-15
0.443 1.87748e-10 8.10077e-15
0.444 1.93888e-10 8.29972e-15
0.445 2.00224e-10 6.44592e-15
0.446 2.06763e-10 2.28578e-15
0.447 2.13509e-10 -2.39184e-15
0.448 2.20472e-10 -5.89837e-15
0.449 2.27658e-10 -7.2953e-15
0.45 2.35073e-10 -6.01975e-15
0.451 2.42723e-10 -2.89877e-15
0.452 2.5062e-10 9.97341e-16
0.453 2.58767e-10 3.98193e-15
0.454 2.67176e-10 6.0088e-15
0.455 2.75851e-10 5.90034e-15
0.456 2.84803e-10 4.03058e-15
0.457 2.94038e-10 1.65782e-15
0.458 3.03567e-10 -1.5002e-15
0.459 3.13398e-10 -4.12782e-15
0.46 3.23539e-10 -4.77042e-15
0.461 3.34001e-10 -3.86425e-15
0.462 3.44796e-10 -1.58626e-15
0.463 3.5593e-10 9.58984e-16
0.464 3.67417e-10 2.58411e-15
0.465 3.79269e-10 3.13908e-15
0.466 3.91495e-10 1.80354e-15
0.467 4.04108e-10 -1.4735e-16
0.468 4.17118e-10 -1.68832e-15
0.469 4.30539e-10 -3.26564e-15
0.47 4.44382e-10 -2.86825e-15
0.471 4.58661e-10 -2.32032e-15
0.472 4.73389e-10 -7.52526e-16
0.473 4.88579e-10 2.11821e-15
0.474 5.04245e-10 3.49767e-15
0.475 5.20402e-10 4.56109e-15
0.476 5.37066e-10 4.05132e-15
0.477 5.54251e-10 2.25323e-15
0.478 5.71977e-10 -2.61309e-16
0.479 5.90255e-10 -1.72316e-15
0.48 6.09108e-10 -2.3163e-15
0.481 6.28549e-10 -1.72576e-15
0.482 6.486e-10 -4.81558e-16
0.483 6.69277e-10 -1.73717e-16
0.484 6.90599e-10 6.65009e-16
0.485 7.12585e-10 4.45842e-16
0.486 7.35257e-10 -1.42295e-15
0.487 7.58632e-10 -2.87548e-15
0.488 7.82734e-10 -3.87659e-15
0.489 8.07585e-10 -4.24877e-15
0.49 8.33207e-10 -2.16863e-15
0.491 8.59624e-10 1.7269e-16
0.492 8.8686e-10 2.54343e-15
0.493 9.1494e-10 4.99198e-15
0.494 9.43892e-10 6.17362e-15
0.495 9.73739e-10 5.80528e-15
0.496 1.00451e-09 4.48182e-15
0.497 1.03624e-09 1.74012e-15
0.498 1.06894e-09 -2.50117e-15
0.499 1.10266e-09 -4.78085e-15
0.5 1.13741e-09 -6.45431e-15
0.501 1.17323e-09 -5.70986e-15
0.502 1.21016e-09 -3.63078e-15
0.503 1.24823e-09 -2.05195e-15
0.504 1.28746e-09 3.83141e-16
0.505 1.3279e-09 2.5321e-15
0.506 1.36958e-09 3.91049e-15
0.507 1.41254e-09 3.2575e-15
0.508 1.45682e-09 2.21706e-15
0.509 1.50246e-09 1.52595e-15
0.51 1.54949e-09 8.31036e-16
0.511 1.59797e-09 -3.63872e-16
0.512 1.64793e-09 -6.88215e-16
0.513 1.69941e-09 -9.45017e-16
0.514 1.75247e-09 -4.24384e-16
0.515 1.80715e-09 -5.33863e-16
0.516 1.8635e-09 -4.25331e-16
0.517 1.92156e-09 -7.25441e-16
0.518 1.98139e-09 -9.14741e-16
0.519 2.04304e-09 -1.20226e-15
0.52 2.10657e-09 -1.51752e-15
0.521 2.17203e-09 -7.97034e-16
0.522 2.23947e-09 2.5259e-16
0.523 2.30896e-09 1.9374e-15
0.524 2.38056e-09 3.18171e-15
0.525 2.45433e-09 3.55073e-15
0.526 2.53034e-09 3.50676e-15
0.527 2.60864e-09 1.63063e-15
0.528 2.68932e-09 -5.51251e-16
0.529 2.77243e-09 -3.57777e-15
0.53 2.85805e-09 -4.3359e-15
0.531 2.94626e-09 -5.18294e-15
0.532 3.03712e-09 -3.70905e-15
0.533 3.13072e-09 -1.13262e-15
0.534 3.22714e-09 1.02949e-15
0.535 3.32646e-09 4.24868e-15
0.536 3.42877e-09 4.79677e-15
0.537 3.53415e-09 4.03853e-15
0.538 3.6427e-09 2.11819e-15
0.539 3.7545e-09 8.6214e-17
0.54 3.86966e-09 -2.2043e-15
0.541 3.98826e-09 -3.53044e-15
0.542 4.11042e-09 -2.71052e-15
0.543 4.23623e-09 -1.75397e-15
0.544 4.3658e-09 -5.10321e-16
0.545 4.49925e-09 1.57191e-15
0.546 4.63668e-09 1.97339e-15
0.547 4.7782e-09 2.04617e-15
0.548 4.92395e-09 1.03014e-15
0.549 5.07404e-09 -6.9706e-16
0.55 5.22859e-09 -2.39679e-15
0.551 5.38774e-09 -3.69902e-15
0.552 5.55162e-09 -3.0782e-15
0.553 5.72037e-09 -1.09687e-15
0.554 5.89412e-09 1.36956e-15
0.555 6.07303e-09 2.67241e-15
0.556 6.25724e-09 4.24127e-15
0.557 6.44691e-09 3.65135e-15
0.558 6.64219e-09 1.37116e-15
0.559 6.84325e-09 -3.52248e-16
0.56 7.05024e-09 -2.32786e-15
0.561 7.26335e-09 -3.46623e-15
0.562 7.48274e-09 -3.50938e-15
0.563 7.70861e-09 -2.08616e-15
0.564 7.94112e-09 1.23513e-15
0.565 8.18049e-09 3.49983e-15
0.566 8.42689e-09 4.13741e-15
0.567 8.68054e-09 3.52582e-15
0.568 8.94164e-09 1.18738e-15
0.569 9.2104e-09 -2.18056e-15
0.57 9.48705e-09 -4.24861e-15
0.571 9.77181e-09 -5.96147e-15
0.572 1.00649e-08 -5.54101e-15
0.573 1.03666e-08 -3.56107e-15
0.574 1.06771e-08 -2.79961e-16
0.575 1.09966e-08 3.90229e-15
0.576 1.13255e-08 6.75734e-15
0.577 1.1664e-08 7.82593e-15
0.578 1.20124e-08 6.65782e-15
0.579 1.23709e-08 3.56265e-15
0.58 1.27399e-08 -1.35336e-15
0.581 1.31196e-08 -4.58892e-15
0.582 1.35103e-08 -7.02529e-15
0.583 1.39124e-08 -5.77575e-15
0.584 1.43261e-08 -2.93736e-15
0.585 1.47519e-08 4.24304e-16
0.586 1.519e-08 4.85428e-15
0.587 1.56408e-08 7.19451e-15
0.588 1.61046e-08 6.66351e-15
0.589 1.65818e-08 4.22836e-15
0.59 1.70729e-08 -1.62435e-15
0.591 1.75781e-08 -6.02325e-15
0.592 1.80978e-08 -9.96679e-15
0.593 1.86326e-08 -1.10694e-14
0.594 1.91828e-08 -7.6317e-15
0.595 1.97488e-08 -2.63148e-15
0.596 2.03311e-08 3.4963e-15
0.597 2.09302e-08 9.49528e-15
0.598 2.15464e-08 1.22743e-14
0.599 2.21803e-08 1.22326e-14
0.6 2.28325e-08 8.06691e-15
0.601 2.35033e-08 1.39118e-15
0.602 2.41933e-08 -4.6637e-15
0.603 2.4903e-08 -1.02991e-14
0.604 2.56331e-08 -1.15736e-14
0.605 2.6384e-08 -1.0504e-14
0.606 2.71564e-08 -6.34451e-15
0.607 2.79507e-08 -7.87334e-17
0.608 2.87678e-08 5.10756e-15
0.609 2.96081e-08 7.83822e-15
0.61 3.04723e-08 9.10661e-15
0.611 3.13611e-08 6.86733e-15
0.612 3.22751e-08 3.43364e-15
0.613 3.32151e-08 -3.83501e-16
0.614 3.41818e-08 -3.77004e-15
0.615 3.51759e-08 -5.23797e-15
0.616 3.61982e-08 -5.10536e-15
0.617 3.72494e-08 -2.54494e-15
0.618 3.83303e-08 -7.48106e-16
0.619 3.94418e-08 4.03314e-16
0.62 4.05847e-08 1.50132e-15
0.621 4.17598e-08 1.46453e-15
0.622 4.29681e-08 3.12451e-16
0.623 4.42104e-08 5.27992e-16
0.624 4.54877e-08 -2.9997e-17
0.625 4.68009e-08 -4.19509e-16
0.626 4.81511e-08 -9.32022e-17
0.627 4.95392e-08 6.55731e-17
0.628 5.09663e-08 4.26519e-17
0.629 5.24333e-08 -5.81076e-17
0.63 5.39415e-08 -1.29433e-16
0.631 5.5492e-08 -1.11605e-16
0.632 5.70858e-08 5.92626e-18
0.633 5.87242e-08 1.94765e-16
0.634 6.04083e-08 3.82896e-16
0.635 6.21395e-08 1.1132e-15
0.636 6.3919e-08 1.51113e-15
0.637 6.57481e-08 1.23118e-15
0.638 6.76281e-08 5.0081e-16
0.639 6.95604e-08 -7.19107e-16
0.64 7.15465e-08 -2.23099e-15
0.641 7.35878e-08 -3.76897e-15
0.642 7.56857e-08 -3.2611e-15
0.643 7.78418e-08 -1.18043e-15
0.644 8.00577e-08 1.4545e-15
0.645 8.2335e-08 4.33008e-15
0.646 8.46754e-08 5.87703e-15
0.647 8.70804e-08 5.1856e-15
0.648 8.95519e-08 2.30282e-15
0.649 9.20917e-08 -1.07151e-15
0.65 9.47015e-08 -4.1551e-15
0.651 9.73832e-08 -6.6241e-15
0.652 1.00139e-07 -7.98082e-15
0.653 1.0297e-07 -5.96355e-15
0.654 1.0588e-07 -2.41103e-15
0.655 1.08869e-07 2.47576e-15
0.656 1.1194e-07 7.61525e-15
0.657 1.15096e-07 1.04091e-14
0.658 1.18338e-07 1.02495e-14
0.659 1.21669e-07 6.44498e-15
0.66 1.25091e-07 1.97523e-16
0.661 1.28607e-07 -5.96385e-15
0.662 1.32219e-07 -1.06107e-14
0.663 1.3593e-07 -1.16709e-14
0.664 1.39741e-07 -9.50643e-15
0.665 1.43657e-07 -4.39133e-15
0.666 1.47679e-07 2.54285e-15
0.667 1.51811e-07 8.18078e-15
0.668 1.56055e-07 1.18422e-14
0.669 1.60414e-07 1.18185e-14
0.67 1.64892e-07 8.03166e-15
0.671 1.69492e-07 6.39183e-16
0.672 1.74216e-07 -6.28516e-15
0.673 1.79068e-07 -1.22943e-14
0.674 1.84051e-07 -1.29824e-14
0.675 1.89169e-07 -1.01046e-14
0.676 1.94425e-07 -3.18552e-15
0.677 1.99824e-07 3.8988e-15
0.678 2.05368e-07 1.03383e-14
0.679 2.11061e-07 1.32306e-14
0.68 2.16908e-07 1.1182e-14
0.681 2.22912e-07 6.26942e-15
0.682 2.29077e-07 -1.25924e-15
0.683 2.35408e-07 -8.27513e-15
0.684 2.41909e-07 -1.25133e-14
0.685 2.48585e-07 -1.2109e-14
0.686 2.55439e-07 -7.96629e-15
0.687 2.62477e-07 -1.44844e-15
0.688 2.69704e-07 6.43112e-15
0.689 2.77123e-07 1.20283e-14
0.69 2.84741e-07 1.36546e-14
0.691 2.92562e-07 1.02288e-14
0.692 3.00591e-07 3.81035e-15
0.693 3.08835e-07 -4.50761e-15
0.694 3.17298e-07 -1.13039e-14
0.695 3.25987e-07 -1.36659e-14
0.696 3.34906e-07 -1.20611e-14
0.697 3.44062e-07 -6.97825e-15
0.698 3.53461e-07 1.40034e-15
0.699 3.63109e-07 8.63853e-15
0.7 3.73014e-07 1.27978e-14
0.701 3.8318e-07 1.30273e-14
0.702 3.93615e-07 8.91282e-15
0.703 4.04326e-07 2.24259e-15
0.704 4.1532e-07 -5.16044e-15
0.705 4.26603e-07 -9.8457e-15
0.706 4.38185e-07 -1.14578e-14
0.707 4.50071e-07 -9.3121e-15
0.708 4.6227e-07 -3.53846e-15
0.709 4.7479e-07 2.52678e-15
0.71 4.8764e-07 7.62294e-15
0.711 5.00826e-07 9.16991e-15
0.712 5.14358e-07 7.87498e-15
0.713 5.28245e-07 2.47471e-15
0.714 5.42496e-07 -3.92256e-15
0.715 5.57119e-07 -9.05488e-15
0.716 5.72125e-07 -1.15684e-14
0.717 5.87523e-07 -1.00683e-14
0.718 6.03322e-07 -4.83451e-15
0.719 6.19534e-07 4.11842e-15
0.72 6.36168e-07 1.08144e-14
0.721 6.53235e-07 1.61959e-14
0.722 6.70746e-07 1.57435e-14
0.723 6.88713e-07 1.0346e-14
0.724 7.07145e-07 2.26797e-15
0.725 7.26056e-07 -7.57988e-15
0.726 7.45457e-07 -1.51815e-14
0.727 7.65361e-07 -1.76203e-14
0.728 7.8578e-07 -1.64231e-14
0.729 8.06727e-07 -9.7682e-15
0.73 8.28215e-07 4.06599e-16
0.731 8.50257e-07 9.75625e-15
0.732 8.72868e-07 1.62516e-14
0.733 8.96062e-07 1.73092e-14
0.734 9.19853e-07 1.33989e-14
0.735 9.44256e-07 6.02458e-15
0.736 9.69287e-07 -3.28694e-15
0.737 9.9496e-07 -1.03149e-14
0.738 1.02129e-06 -1.4028e-14
0.739 1.0483e-06 -1.27641e-14
0.74 1.076e-06 -7.79039e-15
0.741 1.10441e-06 -8.64155e-16
0.742 1.13354e-06 6.46927e-15
0.743 1.16342e-06 1.11724e-14
0.744 1.19406e-06 1.0928e-14
0.745 1.22548e-06 7.92326e-15
0.746 1.2577e-06 2.55778e-15
0.747 1.29075e-06 -4.49808e-15
0.748 1.32463e-06 -8.46111e-15
0.749 1.35938e-06 -1.08025e-14
0.75 1.39501e-06 -8.72826e-15
0.751 1.43154e-06 -3.2456e-15
0.752 1.469e-06 1.73782e-15
0.753 1.5074e-06 6.20444e-15
0.754 1.54678e-06 8.51876e-15
0.755 1.58716e-06 7.68671e-15
0.756 1.62855e-06 4.32352e-15
0.757 1.67099e-06 -6.91174e-16
0.758 1.7145e-06 -5.03035e-15
0.759 1.7591e-06 -7.5853e-15
0.76 1.80483e-06 -8.04447e-15
0.761 1.85171e-06 -5.31023e-15
0.762 1.89977e-06 -3.88363e-16
0.763 1.94903e-06 4.50653e-15
0.764 1.99953e-06 7.70312e-15
0.765 2.05129e-06 8.1047e-15
0.766 2.10435e-06 6.25601e-15
0.767 2.15874e-06 1.93275e-15
0.768 2.21449e-06 -2.50256e-15
0.769 2.27163e-06 -6.15317e-15
0.77 2.33019e-06 -7.39505e-15
0.771 2.39022e-06 -6.05389e-15
0.772 2.45174e-06 -2.27032e-15
0.773 2.51479e-06 4.5303e-16
0.774 2.57941e-06 3.4957e-15
0.775 2.64564e-06 4.28825e-15
0.776 2.71351e-06 4.18314e-15
0.777 2.78306e-06 2.84166e-15
0.778 2.85433e-06 8.1915e-16
0.779 2.92737e-06 -6.94002e-16
0.78 3.00222e-06 -2.67781e-15
0.781 3.07891e-06 -2.08072e-15
0.782 3.1575e-06 -1.29641e-15
0.783 3.23802e-06 1.04613e-15
0.784 3.32053e-06 2.86244e-15
0.785 3.40508e-06 3.85014e-15
0.786 3.4917e-06 2.68748e-15
0.787 3.58045e-06 1.15082e-15
0.788 3.67138e-06 -2.26685e-15
0.789 3.76454e-06 -5.26703e-15
0.79 3.85998e-06 -7.22255e-15
0.791 3.95776e-06 -6.34581e-15
0.792 4.05793e-06 -3.57041e-15
0.793 4.16055e-06 -6.26044e-16
0.794 4.26568e-06 3.01759e-15
0.795 4.37337e-06 5.29464e-15
0.796 4.48369e-06 5.5697e-15
0.797 4.59669e-06 4.60274e-15
0.798 4.71245e-06 1.96623e-15
0.799 4.83101e-06 -1.14052e-15
0.8 4.95246e-06 -3.29754e-15
0.801 5.07685e-06 -3.67693e-15
0.802 5.20426e-06 -2.75012e-15
0.803 5.33475e-06 -3.89561e-16
0.804 5.46841e-06 2.52e-15
0.805 5.60529e-06 3.73297e-15
0.806 5.74548e-06 4.74188e-15
0.807 5.88905e-06 3.9665e-15
0.808 6.03609e-06 1.22432e-15
0.809 6.18666e-06 -1.35302e-15
0.81 6.34086e-06 -3.76129e-15
0.811 6.49877e-06 -5.59425e-15
0.812 6.66047e-06 -5.43898e-15
0.813 6.82605e-06 -4.1297e-15
0.814 6.9956e-06 -2.26824e-15
0.815 7.16921e-06 2.22954e-16
0.816 7.34697e-06 3.05634e-15
0.817 7.52899e-06 4.28622e-15
0.818 7.71535e-06 4.89765e-15
0.819 7.90616e-06 4.37963e-15
0.82 8.10152e-06 3.56701e-15
0.821 8.30153e-06 2.50236e-15
0.822 8.5063e-06 5.57316e-16
0.823 8.71595e-06 -1.37066e-15
0.824 8.93057e-06 -2.89567e-15
0.825 9.15028e-06 -3.84262e-15
0.826 9.3752e-06 -3.53595e-15
0.827 9.60545e-06 -2.8118e-15
0.828 9.84115e-06 -1.96302e-15
0.829 1.00824e-05 2.84477e-16
0.83 1.03294e-05 1.11362e-15
0.831 1.05822e-05 9.65608e-16
0.832 1.08409e-05 1.13038e-15
0.833 1.11058e-05 6.63979e-16
0.834 1.13769e-05 -6.87551e-16
0.835 1.16543e-05 -1.58615e-15
0.836 1.19383e-05 -1.6169e-15
0.837 1.22289e-05 -1.1858e-15
0.838 1.25264e-05 -6.80321e-16
0.839 1.28308e-05 1.08115e-15
0.84 1.31423e-05 3.56682e-15
0.841 1.34611e-05 4.25957e-15
0.842 1.37874e-05 4.44302e-15
0.843 1.41212e-05 2.30325e-15
0.844 1.44629e-05 -7.18504e-16
0.845 1.48125e-05 -2.64121e-15
0.846 1.51702e-05 -4.47249e-15
0.847 1.55363e-05 -4.60392e-15
0.848 1.59108e-05 -3.15041e-15
0.849 1.62941e-05 -1.29784e-15
0.85 1.66862e-05 1.60615e-15
0.851 1.70874e-05 3.71862e-15
0.852 1.74978e-05 4.62315e-15
0.853 1.79178e-05 3.81034e-15
0.854 1.83474e-05 1.015e-15
0.855 1.8787e-05 -2.29921e-15
0.856 1.92367e-05 -4.22942e-15
0.857 1.96967e-05 -4.84933e-15
0.858 2.01673e-05 -2.99495e-15
0.859 2.06487e-05 -5.58243e-17
0.86 2.11412e-05 2.77011e-15
0.861 2.16449e-05 6.08247e-15
0.862 2.21602e-05 6.84885e-15
0.863 2.26873e-05 6.18975e-15
0.864 2.32264e-05 2.45047e-15
0.865 2.37778e-05 -2.33547e-15
0.866 2.43418e-05 -7.32181e-15
0.867 2.49187e-05 -1.02467e-14
0.868 2.55087e-05 -1.02324e-14
0.869 2.61121e-05 -6.34564e-15
0.87 2.67293e-05 -7.88952e-16
0.871 2.73604e-05 5.03009e-15
0.872 2.80059e-05 9.60684e-15
0.873 2.86659e-05 1.19407e-14
0.874 2.9341e-05 1.01424e-14
0.875 3.00312e-05 5.12361e-15
0.876 3.07371e-05 -1.76154e-15
0.877 3.14589e-05 -7.62423e-15
0.878 3.2197e-05 -1.16467e-14
0.879 3.29517e-05 -1.17398e-14
0.88 3.37233e-05 -8.10032e-15
0.881 3.45123e-05 -2.25614e-15
0.882 3.53191e-05 3.12769e-15
0.883 3.61439e-05 9.27254e-15
0.884 3.69872e-05 1.19642e-14
0.885 3.78494e-05 1.06529e-14
0.886 3.87308e-05 6.34503e-15
0.887 3.9632e-05 -9.44764e-17
0.888 4.05532e-05 -6.25899e-15
0.889 4.1495e-05 -8.84643e-15
0.89 4.24578e-05 -8.86522e-15
0.891 4.3442e-05 -6.38552e-15
0.892 4.44481e-05 -1.96516e-15
0.893 4.54765e-05 2.75801e-15
0.894 4.65277e-05 5.15391e-15
0.895 4.76022e-05 5.45349e-15
0.896 4.87005e-05 3.63951e-15
0.897 4.98231e-05 -4.39841e-17
0.898 5.09705e-05 -3.6415e-15
0.899 5.21432e-05 -4.09139e-15
0.9 5.33418e-05 -2.83491e-15
0.901 5.45667e-05 -7.84718e-17
0.902 5.58187e-05 4.30554e-15
0.903 5.70981e-05 7.75619e-15
0.904 5.84056e-05 8.15166e-15
0.905 5.97418e-05 5.36566e-15
0.906 6.11073e-05 2.80276e-16
0.907 6.25026e-05 -5.10254e-15
0.908 6.39285e-05 -9.28206e-15
0.909 6.53855e-05 -1.13848e-14
0.91 6.68743e-05 -8.99412e-15
0.911 6.83956e-05 -4.30713e-15
0.912 6.99499e-05 2.09518e-15
0.913 7.15381e-05 7.87969e-15
0.914 7.31608e-05 1.1286e-14
0.915 7.48187e-05 1.04809e-14
0.916 7.65126e-05 6.70213e-15
0.917 7.82432e-05 7.83776e-16
0.918 8.00112e-05 -6.7218e-15
0.919 8.18174e-05 -1.24423e-14
0.92 8.36626e-05 -1.39966e-14
0.921 8.55477e-05 -1.04562e-14
0.922 8.74733e-05 -3.36222e-15
0.923 8.94404e-05 5.04586e-15
0.924 9.14498e-05 1.2184e-14
0.925 9.35024e-05 1.48528e-14
0.926 9.5599e-05 1.34059e-14
0.927 9.77405e-05 8.34869e-15
0.928 9.99279e-05 -5.44625e-16
0.929 0.000102162 -9.37988e-15
0.93 0.000104444 -1.44515e-14
0.931 0.000106775 -1.45405e-14
0.932 0.000109155 -1.0495e-14
0.933 0.000111586 -3.38565e-15
0.934 0.000114069 4.89742e-15
0.935 0.000116604 1.21068e-14
0.936 0.000119193 1.46369e-14
0.937 0.000121838 1.23449e-14
0.938 0.000124538 6.05599e-15
0.939 0.000127295 -2.73796e-15
0.94 0.000130111 -9.74925e-15
0.941 0.000132986 -1.3579e-14
0.942 0.000135922 -1.21845e-14
0.943 0.000138919 -6.07699e-15
0.944 0.00014198 1.41206e-15
0.945 0.000145105 8.97501e-15
0.946 0.000148295 1.36194e-14
0.947 0.000151553 1.25076e-14
0.948 0.000154879 7.77912e-15
0.949 0.000158274 7.21896e-16
0.95 0.000161741 -6.17481e-15
0.951 0.00016528 -1.14761e-14
0.952 0.000168893 -1.31978e-14
0.953 0.000172581 -1.0422e-14
0.954 0.000176345 -3.72811e-15
0.955 0.000180188 2.99406e-15
0.956 0.000184111 8.53568e-15
0.957 0.000188116 1.08198e-14
0.958 0.000192203 9.60347e-15
0.959 0.000196375 4.67618e-15
0.96 0.000200633 -1.74177e-15
0.961 0.000204979 -7.16509e-15
0.962 0.000209415 -9.31534e-15
0.963 0.000213942 -7.28148e-15
0.964 0.000218563 -3.00359e-15
0.965 0.000223278 2.35984e-15
0.966 0.000228091 6.02363e-15
0.967 0.000233002 7.53025e-15
0.968 0.000238014 5.81409e-15
0.969 0.000243128 1.97178e-15
0.97 0.000248347 -2.27495e-15
0.971 0.000253673 -6.44186e-15
0.972 0.000259107 -7.98738e-15
0.973 0.000264652 -6.65182e-15
0.974 0.00027031 -2.08767e-15
0.975 0.000276083 2.98447e-15
0.976 0.000281973 7.50529e-15
0.977 0.000287983 8.6155e-15
0.978 0.000294115 6.82699e-15
0.979 0.00030037 2.64097e-15
0.98 0.000306753 -2.29861e-15
0.981 0.000313264 -7.00976e-15
0.982 0.000319906 -8.83282e-15
0.983 0.000326683 -7.94405e-15
0.984 0.000333596 -3.39121e-15
0.985 0.000340647 2.19639e-15
0.986 0.000347841 7.84883e-15
0.987 0.000355178 1.07544e-14
0.988 0.000362663 9.20083e-15
0.989 0.000370298 4.89866e-15
0.99 0.000378085 -1.09706e-15
0.991 0.000386028 -6.74446e-15
0.992 0.000394129 -1.09227e-14
0.993 0.000402391 -9.84962e-15
0.994 0.000410818 -5.88427e-15
0.995 0.000419412 -4.06421e-16
0.996 0.000428177 5.79025e-15
0.997 0.000437116 9.71348e-15
0.998 0.000446232 8.92568e-15
0.999 0.000455528 5.10353e-15
1 0.000465008 -4.4842e-16
1.001 0.000474675 -8.05624e-15
1.002 0.000484532 -1.30014e-14
1.003 0.000494584 -1.26544e-14
1.004 0.000504833 -8.15252e-15
1.005 0.000515284 -1.14854e-16
1.006 0.000525939 9.30118e-15
1.007 0.000536804 1.61478e-14
1.008 0.000547881 1.82332e-14
1.009 0.000559175 1.4517e-14
1.01 0.000570689 6.58608e-15
1.011 0.000582428 -2.72119e-15
1.012 0.000594396 -1.26249e-14
1.013 0.000606596 -1.72424e-14
1.014 0.000619034 -1.75647e-14
1.015 0.000631713 -1.17691e-14
1.016 0.000644637 -3.19103e-15
1.017 0.000657812 6.07002e-15
1.018 0.000671242 1.32179e-14
1.019 0.000684932 1.43171e-14
1.02 0.000698885 1.16358e-14
1.021 0.000713108 5.34517e-15
1.022 0.000727604 -3.68822e-15
1.023 0.000742379 -1.05005e-14
1.024 0.000757437 -1.33509e-14
1.025 0.000772785 -1.14871e-14
1.026 0.000788426 -5.99328e-15
1.027 0.000804367 2.24165e-15
1.028 0.000820612 9.90054e-15
1.029 0.000837167 1.39485e-14
1.03 0.000854038 1.31577e-14
1.031 0.00087123 8.5174e-15
1.032 0.000888749 8.24586e-16
1.033 0.000906601 -6.93435e-15
1.034 0.000924792 -1.21366e-14
1.035 0.000943327 -1.26398e-14
1.036 0.000962212 -8.87659e-15
1.037 0.000981455 -3.8557e-15
1.038 0.00100106 1.76375e-15
1.039 0.00102104 6.23302e-15
1.04 0.00104139 8.63921e-15
1.041 0.00106212 7.45466e-15
1.042 0.00108325 3.68886e-15
1.043 0.00110477 -5.09312e-16
1.044 0.00112669 -3.48205e-15
1.045 0.00114902 -4.91901e-15
1.046 0.00117177 -2.8425e-15
1.047 0.00119495 -5.58547e-16
1.048 0.00121856 3.41294e-15
1.049 0.0012426 5.53288e-15
1.05 0.0012671 5.12798e-15
1.051 0.00129204 1.25698e-15
1.052 0.00131746 -3.29695e-15
1.053 0.00134334 -7.03051e-15
1.054 0.0013697 -7.85857e-15
1.055 0.00139655 -6.42752e-15
1.056 0.00142389 -2.68192e-15
1.057 0.00145174 1.94747e-15
1.058 0.0014801 6.03732e-15
1.059 0.00150898 9.29255e-15
1.06 0.00153839 9.10759e-15
1.061 0.00156834 5.23815e-15
1.062 0.00159884 3.70697e-18
1.063 0.0016299 -5.53133e-15
1.064 0.00166152 -8.86529e-15
1.065 0.00169372 -9.33308e-15
1.066 0.00172651 -6.72542e-15
1.067 0.00175989 -1.02628e-15
1.068 0.00179388 4.59603e-15
1.069 0.00182849 9.47583e-15
1.07 0.00186373 9.96658e-15
1.071 0.0018996 6.72592e-15
1.072 0.00193612 1.87211e-15
1.073 0.0019733 -3.72766e-15
1.074 0.00201115 -8.76377e-15
1.075 0.00204968 -1.02872e-14
1.076 0.0020889 -7.91754e-15
1.077 0.00212883 -3.95716e-15
1.078 0.00216948 1.76589e-15
1.079 0.00221085 7.30782e-15
1.08 0.00225296 9.5877e-15
1.081 0.00229582 8.2069e-15
1.082 0.00233945 4.6575e-15
1.083 0.00238386 -8.74206e-16
1.084 0.00242906 -5.85396e-15
1.085 0.00247506 -8.04579e-15
1.086 0.00252187 -6.5906e-15
1.087 0.00256952 -3.63826e-15
1.088 0.002618 6.51441e-16
1.089 0.00266735 5.25338e-15
1.09 0.00271756 7.82547e-15
1.091 0.00276866 6.48669e-15
1.092 0.00282066 2.19957e-15
1.093 0.00287358 -2.51143e-15
1.094 0.00292742 -7.56143e-15
1.095 0.0029822 -9.05904e-15
1.096 0.00303795 -8.07112e-15
1.097 0.00309467 -3.69255e-15
1.098 0.00315238 2.45598e-15
1.099 0.00321109 7.91307e-15
1.1 0.00327083 1.08921e-14
1.101 0.0033316 1.05065e-14
1.102 0.00339343 6.11493e-15
1.103 0.00345634 -4.51311e-16
1.104 0.00352033 -6.34674e-15
1.105 0.00358543 -1.03563e-14
1.106 0.00365165 -1.03627e-14
1.107 0.00371901 -7.17389e-15
1.108 0.00378753 -9.81963e-16
1.109 0.00385724 6.59105e-15
1.11 0.00392813 1.1331e-14
1.111 0.00400025 1.25706e-14
1.112 0.00407359 1.01571e-14
1.113 0.00414819 3.37865e-15
1.114 0.00422407 -5.00127e-15
1.115 0.00430124 -1.19839e-14
1.116 0.00437972 -1.51056e-14
1.117 0.00445954 -1.39759e-14
1.118 0.00454071 -7.74178e-15
1.119 0.00462325 -1.62697e-17
1.12 0.0047072 7.32971e-15
1.121 0.00479256 1.33817e-14
1.122 0.00487937 1.37264e-14
1.123 0.00496763 1.01925e-14
1.124 0.00505739 2.20147e-15
1.125 0.00514865 -5.11092e-15
1.126 0.00524144 -1.10762e-14
1.127 0.00533579 -1.25066e-14
1.128 0.00543171 -1.00114e-14
1.129 0.00552924 -3.69514e-15
1.13 0.00562839 4.0312e-15
1.131 0.0057292 1.14724e-14
1.132 0.00583169 1.40015e-14
1.133 0.00593587 1.17877e-14
1.134 0.00604179 5.5185e-15
1.135 0.00614946 -2.15916e-15
1.136 0.00625891 -9.47483e-15
1.137 0.00637017 -1.42627e-14
1.138 0.00648326 -1.38605e-14
1.139 0.00659821 -9.5185e-15
1.14 0.00671506 -2.21837e-15
1.141 0.00683382 5.44992e-15
1.142 0.00695453 1.09795e-14
1.143 0.00707721 1.34178e-14
1.144 0.00720191 1.10294e-14
1.145 0.00732863 6.37911e-15
1.146 0.00745742 -4.92951e-16
1.147 0.00758831 -6.45064e-15
1.148 0.00772132 -9.52645e-15
1.149 0.00785649 -1.00669e-14
1.15 0.00799385 -6.71062e-15
1.151 0.00813343 -1.10794e-15
1.152 0.00827526 3.1791e-15
1.153 0.00841938 6.30357e-15
1.154 0.00856582 6.54018e-15
1.155 0.00871462 5.14977e-15
1.156 0.0088658 1.35835e-15
1.157 0.00901941 -8.23337e-16
1.158 0.00917547 -3.10497e-15
1.159 0.00933403 -3.18004e-15
1.16 0.00949511 -2.2664e-15
1.161 0.00965876 -7.90662e-16
1.162 0.00982502 -2.95839e-17
1.163 0.00999391 2.28991e-16
1.164 0.0101655 -5.79046e-16
1.165 0.0103398 -1.96068e-15
1.166 0.0105168 -1.83351e-15
1.167 0.0106966 -1.59939e-15
1.168 0.0108793 3.88371e-17
1.169 0.0110648 2.41881e-15
1.17 0.0112533 4.9263e-15
1.171 0.0114447 6.0139e-15
1.172 0.0116391 5.55522e-15
1.173 0.0118366 3.13475e-15
1.174 0.0120371 -6.73584e-16
1.175 0.0122407 -5.40076e-15
1.176 0.0124475 -7.97518e-15
1.177 0.0126576 -8.32741e-15
1.178 0.0128709 -6.10147e-15
1.179 0.0130875 -2.78667e-15
1.18 0.0133074 2.55346e-15
1.181 0.0135307 6.62061e-15
1.182 0.0137575 8.19129e-15
1.183 0.0139877 7.58575e-15
1.184 0.0142215 4.23797e-15
1.185 0.0144589 -8.73818e-16
1.186 0.0146999 -5.18861e-15
1.187 0.0149446 -7.52077e-15
1.188 0.015193 -7.58723e-15
1.189 0.0154452 -3.41524e-15
1.19 0.0157013 2.01332e-15
1.191 0.0159612 7.29541e-15
1.192 0.0162251 1.00702e-14
1.193 0.0164929 9.63517e-15
1.194 0.0167649 5.44571e-15
1.195 0.0170409 -1.59918e-15
1.196 0.017321 -8.66203e-15
1.197 0.0176054 -1.32687e-14
1.198 0.0178941 -1.34231e-14
1.199 0.018187 -8.77764e-15
1.2 0.0184844 -3.43026e-16
1.201 0.0187862 7.74248e-15
1.202 0.0190924 1.3351e-14
1.203 0.0194033 1.53435e-14
1.204 0.0197187 1.22975e-14
1.205 0.0200389 4.61414e-15
1.206 0.0203638 -5.12106e-15
1.207 0.0206934 -1.31155e-14
1.208 0.021028 -1.72265e-14
1.209 0.0213674 -1.52748e-14
1.21 0.0217119 -7.85642e-15
1.211 0.0220614 1.90349e-15
1.212 0.0224161 1.23765e-14
1.213 0.0227759 1.79717e-14
1.214 0.023141 1.8597e-14
1.215 0.0235113 1.3279e-14
1.216 0.0238871 3.66329e-15
1.217 0.0242684 -7.70888e-15
1.218 0.0246551 -1.72541e-14
1.219 0.0250475 -2.02957e-14
1.22 0.0254455 -1.73133e-14
1.221 0.0258493 -9.04055e-15
1.222 0.0262589 2.25447e-15
1.223 0.0266744 1.15552e-14
1.224 0.0270958 1.66923e-14
1.225 0.0275233 1.64397e-14
1.226 0.0279569 1.09773e-14
1.227 0.0283966 1.3335e-15
1.228 0.0288426 -7.84837e-15
1.229 0.029295 -1.35545e-14
1.23 0.0297538 -1.43514e-14
1.231 0.0302191 -1.01839e-14
1.232 0.030691 -1.84755e-15
1.233 0.0311695 6.50927e-15
1.234 0.0316548 1.32319e-14
1.235 0.0321468 1.50259e-14
1.236 0.0326458 1.07482e-14
1.237 0.0331518 3.04646e-15
1.238 0.0336649 -5.93452e-15
1.239 0.0341851 -1.34678e-14
1.24 0.0347126 -1.53106e-14
1.241 0.0352474 -1.16199e-14
1.242 0.0357896 -4.8161e-15
1.243 0.0363394 3.53448e-15
1.244 0.0368967 1.00923e-14
1.245 0.0374617 1.18649e-14
1.246 0.0380346 1.03011e-14
1.247 0.0386153 5.06674e-15
1.248 0.0392039 -2.18432e-15
1.249 0.0398007 -8.52835e-15
1.25 0.0404055 -1.14006e-14
1.251 0.0410187 -1.00008e-14
1.252 0.0416402 -4.91196e-15
1.253 0.0422701 2.29909e-15
1.254 0.0429086 8.96915e-15
1.255 0.0435558 1.30953e-14
1.256 0.0442116 1.09013e-14
1.257 0.0448764 5.39378e-15
1.258 0.0455501 -2.54227e-15
1.259 0.0462328 -9.90078e-15
1.26 0.0469247 -1.48241e-14
1.261 0.0476258 -1.45962e-14
1.262 0.0483363 -9.35353e-15
1.263 0.0490563 -2.56161e-16
1.264 0.0497859 9.55702e-15
1.265 0.0505251 1.61288e-14
1.266 0.0512742 1.78598e-14
1.267 0.0520331 1.33827e-14
1.268 0.0528021 5.37711e-15
1.269 0.0535812 -3.96686e-15
1.27 0.0543705 -1.21339e-14
1.271 0.0551702 -1.71027e-14
1.272 0.0559803 -1.53781e-14
1.273 0.0568011 -9.2927e-15
1.274 0.0576325 7.97899e-16
1.275 0.0584748 9.05616e-15
1.276 0.059328 1.48426e-14
1.277 0.0601922 1.4848e-14
1.278 0.0610677 9.90234e-15
1.279 0.0619544 2.03091e-15
1.28 0.0628525 -5.61967e-15
1.281 0.0637622 -1.12978e-14
1.282 0.0646836 -1.19075e-14
1.283 0.0656167 -8.30755e-15
1.284 0.0665618 -2.273e-15
1.285 0.0675189 4.45645e-15
1.286 0.0684881 9.03155e-15
1.287 0.0694697 1.04627e-14
1.288 0.0704637 6.76668e-15
1.289 0.0714702 5.04581e-16
1.29 0.0724895 -5.97563e-15
1.291 0.0735216 -1.15444e-14
1.292 0.0745666 -1.25604e-14
1.293 0.0756247 -9.73966e-15
1.294 0.0766961 -4.06981e-15
1.295 0.0777808 1.90156e-15
1.296 0.078879 7.09274e-15
1.297 0.0799909 9.75022e-15
1.298 0.0811165 8.55228e-15
1.299 0.0822561 4.48542e-15
1.3 0.0834097 1.68771e-17
1.301 0.0845775 -3.0946e-15
1.302 0.0857596 -4.37698e-15
1.303 0.0869563 -3.56861e-15
1.304 0.0881675 -7.45446e-16
1.305 0.0893936 1.66492e-15
1.306 0.0906345 3.96136e-15
1.307 0.0918906 4.31324e-15
1.308 0.0931618 3.49217e-15
1.309 0.0944484 2.04504e-15
1.31 0.0957505 -6.55231e-16
1.311 0.0970683 -1.03769e-15
1.312 0.0984019 -9.39042e-16
1.313 0.0997515 4.93317e-16
1.314 0.101117 2.17914e-15
1.315 0.102499 3.58547e-15
1.316 0.103898 3.56091e-15
1.317 0.105313 2.09982e-15
1.318 0.106744 -5.42509e-16
1.319 0.108193 -3.91922e-15
1.32 0.109659 -5.41852e-15
1.321 0.111142 -5.58216e-15
1.322 0.112642 -4.02264e-15
1.323 0.11416 -4.85503e-17
1.324 0.115696 3.51252e-15
1.325 0.11725 6.26704e-15
1.326 0.118821 7.49851e-15
1.327 0.120411 4.74169e-15
1.328 0.122019 1.02257e-15
1.329 0.123646 -2.77407e-15
1.33 0.125291 -5.54512e-15
1.331 0.126955 -4.50663e-15
1.332 0.128639 -1.59798e-15
1.333 0.130341 4.20019e-15
1.334 0.132063 9.64231e-15
1.335 0.133805 1.24833e-14
1.336 0.135566 1.21557e-14
1.337 0.137347 7.08528e-15
1.338 0.139148 -6.7266e-16
1.339 0.14097 -9.41829e-15
1.34 0.142812 -1.60283e-14
1.341 0.144674 -1.78052e-14
1.342 0.146557 -1.4488e-14
1.343 0.148462 -6.34315e-15
1.344 0.150387 4.50626e-15
1.345 0.152334 1.28239e-14
1.346 0.154302 1.81565e-14
1.347 0.156292 1.7021e-14
1.348 0.158303 1.03492e-14
1.349 0.160337 2.69895e-16
1.35 0.162393 -8.98779e-15
1.351 0.164472 -1.50969e-14
1.352 0.166573 -1.58923e-14
1.353 0.168696 -1.17338e-14
1.354 0.170843 -3.20728e-15
1.355 0.173013 6.63487e-15
1.356 0.175206 1.36223e-14
1.357 0.177423 1.53757e-14
1.358 0.179663 1.16021e-14
1.359 0.181928 3.54682e-15
1.36 0.184216 -6.12789e-15
1.361 0.186529 -1.54773e-14
1.362 0.188866 -1.91209e-14
1.363 0.191227 -1.73276e-14
1.364 0.193614 -1.0845e-14
1.365 0.196026 -1.09052e-15
1.366 0.198463 8.86939e-15
1.367 0.200925 1.36474e-14
1.368 0.203413 1.38197e-14
1.369 0.205926 7.37673e-15
1.37 0.208466 -1.8546e-15
1.371 0.211032 -1.15237e-14
1.372 0.213624 -1.81374e-14
1.373 0.216242 -1.94146e-14
1.374 0.218888 -1.46524e-14
1.375 0.22156 -5.42138e-15
1.376 0.22426 5.6611e-15
1.377 0.226987 1.36146e-14
1.378 0.229741 1.59583e-14
1.379 0.232523 1.19885e-14
1.38 0.235333 4.12997e-15
1.381 0.238172 -5.53165e-15
1.382 0.241038 -1.49498e-14
1.383 0.243933 -1.95096e-14
1.384 0.246857 -1.71529e-14
1.385 0.249809 -9.71402e-15
1.386 0.252791 9.15825e-17
1.387 0.255802 8.96262e-15
1.388 0.258842 1.34695e-14
1.389 0.261912 1.17623e-14
1.39 0.265012 3.7759e-15
1.391 0.268142 -6.44836e-15
1.392 0.271302 -1.58045e-14
1.393 0.274493 -1.92722e-14
1.394 0.277715 -1.71736e-14
1.395 0.280967 -9.40491e-15
1.396 0.28425 9.95359e-16
1.397 0.287564 1.12595e-14
1.398 0.29091 1.71406e-14
1.399 0.294288 1.7592e-14
1.4 0.297697 1.12577e-14
1.401 0.301138 6.26168e-16
1.402 0.304611 -1.06907e-14
1.403 0.308117 -1.77311e-14
1.404 0.311655 -1.96829e-14
1.405 0.315227 -1.49535e-14
1.406 0.318831 -5.74452e-15
1.407 0.322468 5.55287e-15
1.408 0.326138 1.35265e-14
1.409 0.329842 1.75659e-14
1.41 0.33358 1.36774e-14
1.411 0.337351 6.24398e-15
1.412 0.341157 -4.17044e-15
1.413 0.344997 -1.21703e-14
1.414 0.348871 -1.49932e-14
1.415 0.35278 -1.1646e-14
1.416 0.356723 -2.69355e-15
1.417 0.360702 7.77623e-15
1.418 0.364716 1.51563e-14
1.419 0.368765 1.64713e-14
1.42 0.372849 1.12435e-14
1.421 0.37697 5.59484e-16
1.422 0.381126 -1.20928e-14
1.423 0.385318 -2.30074e-14
1.424 0.389547 -2.62573e-14
1.425 0.393811 -2.15689e-14
1.426 0.398113 -9.61581e-15
1.427 0.402451 5.48869e-15
1.428 0.406826 1.92126e-14
1.429 0.411238 2.93436e-14
1.43 0.415687 3.0063e-14
1.431 0.420174 2.21892e-14
1.432 0.424698 9.37876e-15
1.433 0.42926 -4.12993e-15
1.434 0.43386 -1.51888e-14
1.435 0.438498 -1.90776e-14
1.436 0.443174 -1.52787e-14
1.437 0.447888 -5.50719e-15
1.438 0.452641 5.19471e-15
1.439 0.457432 1.36781e-14
1.44 0.462262 1.60087e-14
1.441 0.467132 1.1322e-14
1.442 0.47204 2.31191e-15
1.443 0.476987 -8.55324e-15
1.444 0.481974 -1.83185e-14
1.445 0.487001 -2.05874e-14
1.446 0.492067 -1.68763e-14
1.447 0.497172 -6.98055e-15
1.448 0.502318 5.52639e-15
1.449 0.507504 1.56851e-14
1.45 0.51273 1.98367e-14
1.451 0.517996 1.70075e-14
1.452 0.523302 6.76991e-15
1.453 0.52865 -6.93717e-15
1.454 0.534037 -1.83845e-14
1.455 0.539466 -2.50154e-14
1.456 0.544935 -2.30477e-14
1.457 0.550446 -1.20579e-14
1.458 0.555998 2.30986e-15
1.459 0.56159 1.72804e-14
1.46 0.567224 2.68361e-14
1.461 0.5729 2.79258e-14
1.462 0.578617 2.01515e-14
1.463 0.584376 5.7761e-15
1.464 0.590176 -1.01439e-14
1.465 0.596018 -2.41381e-14
1.466 0.601902 -2.84873e-14
1.467 0.607828 -2.44571e-14
1.468 0.613796 -1.33314e-14
1.469 0.619806 2.78414e-15
1.47 0.625859 1.75326e-14
1.471 0.631953 2.60669e-14
1.472 0.63809 2.62317e-14
1.473 0.644269 1.84269e-14
1.474 0.650491 4.60859e-15
1.475 0.656755 -8.48469e-15
1.476 0.663062 -1.88528e-14
1.477 0.669411 -2.13038e-14
1.478 0.675803 -1.74279e-14
1.479 0.682237 -7.82438e-15
1.48 0.688714 4.06435e-15
1.481 0.695234 1.39267e-14
1.482 0.701797 1.96983e-14
1.483 0.708403 1.7444e-14
1.484 0.715051 1.14136e-14
1.485 0.721742 1.87114e-15
1.486 0.728476 -5.35872e-15
1.487 0.735252 -8.88369e-15
1.488 0.742072 -7.56987e-15
1.489 0.748934 -2.04801e-15
1.49 0.755839 4.26143e-15
1.491 0.762787 7.7898e-15
1.492 0.769777 7.86326e-15
1.493 0.776811 9.27995e-16
1.494 0.783887 -8.2403e-15
1.495 0.791005 -1.92027e-14
1.496 0.798167 -2.7674e-14
1.497 0.805371 -2.891e-14
1.498 0.812618 -2.11014e-14
1.499 0.819907 -6.96585e-15
1.5 0.827239 1.10161e-14
1.501 0.834613 2.68381e-14
1.502 0.84203 3.60974e-14
1.503 0.849489 3.85698e-14
1.504 0.85699 3.17331e-14
1.505 0.864533 2.06775e-14
1.506 0.872119 6.38511e-15
1.507 0.879746 -6.0281e-15
1.508 0.887415 -1.25304e-14
1.509 0.895126 -1.15259e-14
1.51 0.902879 -5.72301e-15
1.511 0.910673 4.53262e-15
1.512 0.918508 1.29587e-14
1.513 0.926385 1.70699e-14
1.514 0.934303 1.43771e-14
1.515 0.942262 5.87228e-15
1.516 0.950261 -6.63548e-15
1.517 0.958302 -2.00027e-14
1.518 0.966383 -3.0165e-14
1.519 0.974504 -3.42005e-14
1.52 0.982666 -3.14633e-14
1.521 0.990868 -2.34744e-14
1.522 0.999109 -1.40342e-14
1.523 1.00739 -3.07289e-15
1.524 1.01571 4.92575e-15
1.525 1.02407 1.10437e-14
1.526 1.03247 1.3455e-14
1.527 1.04091 1.27646e-14
1.528 1.04939 1.13268e-14
1.529 1.0579 1.04473e-14
1.53 1.06645 1.13487e-14
1.531 1.07505 1.19567e-14
1.532 1.08367 1.30965e-14
1.533 1.09234 1.1769e-14
1.534 1.10104 9.36492e-15
1.535 1.10979 5.11052e-15
1.536 1.11856 1.34117e-16
1.537 1.12738 -4.16727e-15
1.538 1.13623 -4.82385e-15
1.539 1.14511 -2.72319e-15
1.54 1.15403 2.54098e-15
1.541 1.16299 6.71594e-15
1.542 1.17198 1.0037e-14
1.543 1.181 1.08842e-14
1.544 1.19006 6.9834e-15
1.545 1.19915 -1.39631e-15
1.546 1.20828 -1.20868e-14
1.547 1.21744 -1.90708e-14
1.548 1.22663 -2.29621e-14
1.549 1.23586 -2.12284e-14
1.55 1.24511 -1.48003e-14
1.551 1.2544 -4.23369e-15
1.552 1.26372 8.40372e-15
1.553 1.27307 1.99328e-14
1.554 1.28245 2.86295e-14
1.555 1.29186 3.30616e-14
1.556 1.3013 3.28595e-14
1.557 1.31077 2.76417e-14
1.558 1.32027 2.03039e-14
1.559 1.3298 1.32107e-14
1.56 1.33935 6.57284e-15
1.561 1.34893 -3.03317e-16
1.562 1.35854 -6.86823e-15
1.563 1.36817 -1.37699e-14
1.564 1.37783 -1.75872e-14
1.565 1.38752 -2.04636e-14
1.566 1.39722 -2.11868e-14
1.567 1.40696 -1.93313e-14
1.568 1.41671 -1.3414e-14
1.569 1.4265 -5.1182e-15
1.57 1.4363 3.15454e-15
1.571 1.44612 8.37967e-15
1.572 1.45597 1.10685e-14
1.573 1.46584 7.35241e-15
1.574 1.47572 1.96482e-15
1.575 1.48563 -4.91494e-15
1.576 1.49556 -1.02264e-14
1.577 1.5055 -1.11047e-14
1.578 1.51546 -7.64889e-15
1.579 1.52544 -1.3011e-15
1.58 1.53544 7.2402e-15
1.581 1.54545 1.53233e-14
1.582 1.55548 1.86756e-14
1.583 1.56552 1.40774e-14
1.584 1.57558 4.23734e-15
1.585 1.58564 -1.03938e-14
1.586 1.59573 -2.83313e-14
1.587 1.60582 -4.07446e-14
1.588 1.61592 -4.32752e-14
1.589 1.62604 -3.28251e-14
1.59 1.63616 -1.24422e-14
1.591 1.64629 1.35857e-14
1.592 1.65643 4.11825e-14
1.593 1.66658 6.35489e-14
1.594 1.67674 7.18889e-14
1.595 1.6869 6.58266e-14
1.596 1.69706 4.51528e-14
1.597 1.70723 1.3489e-14
1.598 1.71741 -2.14664e-14
1.599 1.72758 -4.94609e-14
1.6 1.73776 -6.32565e-14
1.601 1.74794 -6.09895e-14
1.602 1.75812 -4.37859e-14
1.603 1.7683 -1.61656e-14
1.604 1.77847 1.58818e-14
1.605 1.78865 4.36012e-14
1.606 1.79882 5.94138e-14
1.607 1.80898 6.13394e-14
1.608 1.81914 4.87271e-14
1.609 1.8293 2.8325e-14
1.61 1.83944 3.76593e-15
1.611 1.84958 -1.93099e-14
1.612 1.85971 -3.51018e-14
1.613 1.86983 -4.10132e-14
1.614 1.87994 -3.54821e-14
1.615 1.89004 -2.22589e-14
1.616 1.90012 -5.62023e-15
1.617 1.91019 1.2955e-14
1.618 1.92025 2.74293e-14
1.619 1.93029 3.43766e-14
1.62 1.94031 2.96935e-14
1.621 1.95032 2.13038e-14
1.622 1.9603 6.68565e-15
1.623 1.97027 -9.00262e-15
1.624 1.98022 -2.31097e-14
1.625 1.99014 -2.98767e-14
1.626 2.00004 -3.21031e-14
1.627 2.00992 -2.72806e-14
1.628 2.01977 -1.56718e-14
1.629 2.02959 -2.84398e-15
1.63 2.03939 9.84688e-15
1.631 2.04915 1.84154e-14
1.632 2.05889 2.21147e-14
1.633 2.0686 1.92377e-14
1.634 2.07827 1.08135e-14
1.635 2.08791 -5.25114e-17
1.636 2.09752 -1.33573e-14
1.637 2.10709 -2.24344e-14
1.638 2.11662 -2.74101e-14
1.639 2.12612 -2.53636e-14
1.64 2.13558 -1.59261e-14
1.641 2.14499 -4.72471e-15
1.642 2.15437 5.47722e-15
1.643 2.1637 1.2235e-14
1.644 2.17299 1.50428e-14
1.645 2.18223 1.16408e-14
1.646 2.19143 9.56543e-15
1.647 2.20058 9.81669e-15
1.648 2.20968 1.11837e-14
1.649 2.21872 1.63946e-14
1.65 2.22772 2.45927e-14
1.651 2.23666 2.6248e-14
1.652 2.24555 2.58751e-14
1.653 2.25439 1.43749e-14
1.654 2.26317 -5.07981e-15
1.655 2.27189 -2.81112e-14
1.656 2.28054 -5.03888e-14
1.657 2.28914 -6.34941e-14
1.658 2.29768 -6.18757e-14
1.659 2.30615 -4.33453e-14
1.66 2.31456 -7.72211e-15
1.661 2.3229 3.32626e-14
1.662 2.33117 6.93509e-14
1.663 2.33938 8.84444e-14
1.664 2.34751 8.54054e-14
1.665 2.35557 6.08083e-14
1.666 2.36356 1.63961e-14
1.667 2.37148 -3.19423e-14
1.668 2.37932 -7.01444e-14
1.669 2.38708 -8.4993e-14
1.67 2.39476 -6.75168e-14
1.671 2.40236 -3.0896e-14
1.672 2.40988 2.50692e-14
1.673 2.41731 7.59231e-14
1.674 2.42466 1.05321e-13
1.675 2.43193 1.05879e-13
1.676 2.43911 7.06455e-14
1.677 2.44619 6.3875e-15
1.678 2.45319 -6.622e-14
1.679 2.4601 -1.29166e-13
1.68 2.46691 -1.60396e-13
1.681 2.47363 -1.52514e-13
1.682 2.48025 -1.04746e-13
1.683 2.48677 -2.61393e-14
1.684 2.49319 5.80482e-14
1.685 2.49951 1.24241e-13
1.686 2.50573 1.6115e-13
1.687 2.51185 1.53801e-13
1.688 2.51786 1.07037e-13
1.689 2.52376 3.88335e-14
1.69 2.52956 -3.36854e-14
1.691 2.53524 -9.14137e-14
1.692 2.54081 -1.21648e-13
1.693 2.54627 -1.14663e-13
1.694 2.55162 -7.96457e-14
1.695 2.55684 -2.76809e-14
1.696 2.56195 2.22512e-14
1.697 2.56695 5.75127e-14
1.698 2.57182 6.94193e-14
1.699 2.57656 6.11769e-14
1.7 2.58119 3.50117e-14
1.701 2.58568 1.87877e-15
1.702 2.59005 -2.59642e-14
1.703 2.59429 -4.0565e-14
1.704 2.59841 -4.12915e-14
1.705 2.60238 -3.04003e-14
1.706 2.60623 -1.32395e-14
1.707 2.60994 -1.848e-15
1.708 2.61352 5.22188e-15
1.709 2.61695 3.36297e-15
1.71 2.62025 -6.5984e-15
1.711 2.6234 -1.96199e-14
1.712 2.62642 -2.42471e-14
1.713 2.62929 -2.58174e-14
1.714 2.63201 -1.8919e-14
1.715 2.63459 -7.06933e-15
1.716 2.63701 4.46701e-15
1.717 2.63929 1.11326e-14
1.718 2.64141 9.22866e-15
1.719 2.64338 3.2629e-15
1.72 2.6452 -6.30774e-15
1.721 2.64686 -1.21774e-14
1.722 2.64836 -1.36439e-14
1.723 2.6497 -7.11516e-15
1.724 2.65088 7.59858e-15
1.725 2.65189 2.63163e-14
1.726 2.65274 3.52416e-14
1.727 2.65343 3.55492e-14
1.728 2.65395 2.37293e-14
1.729 2.6543 1.42651e-15
1.73 2.65448 -2.1794e-14
1.731 2.65448 -3.64469e-14
1.732 2.65431 -3.64506e-14
1.733 2.65397 -2.11548e-14
1.734 2.65345 4.16313e-15
1.735 2.65276 3.16328e-14
1.736 2.65188 5.58439e-14
1.737 2.65082 5.90719e-14
1.738 2.64958 4.28929e-14
1.739 2.64815 9.55946e-15
1.74 2.64654 -3.1887e-14
1.741 2.64474 -6.47594e-14
1.742 2.64275 -8.0834e-14
1.743 2.64058 -7.23117e-14
1.744 2.63821 -3.96078e-14
1.745 2.63565 7.0054e-15
1.746 2.63289 5.40417e-14
1.747 2.62994 7.97624e-14
1.748 2.6268 7.86391e-14
1.749 2.62345 4.7335e-14
1.75 2.6199 -5.71474e-15
1.751 2.61616 -6.47988e-14
1.752 2.61221 -1.06949e-13
1.753 2.60805 -1.18635e-13
1.754 2.6037 -9.01607e-14
1.755 2.59913 -2.91897e-14
1.756 2.59435 4.85116e-14
1.757 2.58937 1.19705e-13
1.758 2.58418 1.6332e-13
1.759 2.57877 1.62488e-13
1.76 2.57315 1.12981e-13
1.761 2.56731 2.76266e-14
1.762 2.56126 -7.63025e-14
1.763 2.55499 -1.6913e-13
1.764 2.54851 -2.26898e-13
1.765 2.5418 -2.33663e-13
1.766 2.53487 -1.88517e-13
1.767 2.52772 -1.03522e-13
1.768 2.52035 -5.96014e-16
1.769 2.51275 9.43932e-14
1.77 2.50493 1.65558e-13
1.771 2.49688 1.93753e-13
1.772 2.4886 1.77959e-13
1.773 2.4801 1.32427e-13
1.774 2.47136 6.85004e-14
1.775 2.46239 4.84959e-16
1.776 2.45319 -4.99795e-14
1.777 2.44376 -8.19201e-14
1.778 2.43409 -9.14757e-14
1.779 2.42418 -8.54016e-14
1.78 2.41404 -7.09552e-14
1.781 2.40366 -5.20121e-14
1.782 2.39304 -3.3012e-14
1.783 2.38218 -1.56749e-14
1.784 2.37108 1.24935e-15
1.785 2.35974 1.93482e-14
1.786 2.34816 4.10468e-14
1.787 2.33633 6.42843e-14
1.788 2.32426 8.29991e-14
1.789 2.31194 8.92921e-14
1.79 2.29938 7.94825e-14
1.791 2.28657 5.46807e-14
1.792 2.27351 1.32276e-14
1.793 2.26021 -3.09382e-14
1.794 2.24665 -7.08956e-14
1.795 2.23285 -1.01596e-13
1.796 2.2188 -1.0815e-13
1.797 2.20449 -9.36578e-14
1.798 2.18993 -5.56575e-14
1.799 2.17512 -6.16863e-15
1.8 2.16006 4.61238e-14
1.801 2.14474 9.08825e-14
1.802 2.12917 1.21061e-13
1.803 2.11334 1.27028e-13
1.804 2.09725 1.10454e-13
1.805 2.08091 7.42325e-14
1.806 2.06431 2.16138e-14
1.807 2.04746 -3.64375e-14
1.808 2.03034 -9.08187e-14
1.809 2.01297 -1.33322e-13
1.81 1.99534 -1.56087e-13
1.811 1.97745 -1.52437e-13
1.812 1.9593 -1.23996e-13
1.813 1.94089 -7.49541e-14
1.814 1.92222 -8.0863e-15
1.815 1.90329 6.23978e-14
1.816 1.8841 1.21097e-13
1.817 1.86465 1.60783e-13
1.818 1.84493 1.68874e-13
1.819 1.82496 1.42917e-13
1.82 1.80472 8.78134e-14
1.821 1.78422 1.47698e-14
1.822 1.76345 -6.04452e-14
1.823 1.74243 -1.20886e-13
1.824 1.72114 -1.50733e-13
1.825 1.69959 -1.43405e-13
1.826 1.67778 -9.93527e-14
1.827 1.65571 -3.24562e-14
1.828 1.63337 4.43006e-14
1.829 1.61077 1.12861e-13
1.83 1.58791 1.5637e-13
1.831 1.56479 1.66025e-13
1.832 1.54141 1.45367e-13
1.833 1.51776 1.01988e-13
1.834 1.49385 4.33733e-14
1.835 1.46969 -1.03856e-14
1.836 1.44526 -5.06791e-14
1.837 1.42056 -7.72645e-14
1.838 1.39561 -8.74825e-14
1.839 1.3704 -8.88248e-14
1.84 1.34493 -8.86646e-14
1.841 1.31919 -9.03209e-14
1.842 1.2932 -8.96355e-14
1.843 1.26695 -8.28337e-14
1.844 1.24044 -6.21984e-14
1.845 1.21368 -2.59598e-14
1.846 1.18666 2.83713e-14
1.847 1.15938 9.21242e-14
1.848 1.13184 1.49876e-13
1.849 1.10406 1.81992e-13
1.85 1.07601 1.76708e-13
1.851 1.04772 1.27088e-13
1.852 1.01916 3.82433e-14
1.853 0.990361 -7.1462e-14
1.854 0.961306 -1.77434e-13
1.855 0.931999 -2.51112e-13
1.856 0.902442 -2.70625e-13
1.857 0.872636 -2.2818e-13
1.858 0.842582 -1.29717e-13
1.859 0.81228 1.1777e-15
1.86 0.781733 1.32365e-13
1.861 0.75094 2.316e-13
1.862 0.719904 2.76162e-13
1.863 0.688625 2.5347e-13
1.864 0.657103 1.71482e-13
1.865 0.625342 5.40242e-14
1.866 0.59334 -6.78258e-14
1.867 0.5611 -1.63143e-13
1.868 0.528622 -2.11436e-13
1.869 0.495909 -2.03044e-13
1.87 0.46296 -1.47833e-13
1.871 0.429777 -6.45241e-14
1.872 0.396363 2.25024e-14
1.873 0.362718 8.88892e-14
1.874 0.328843 1.18504e-13
1.875 0.294742 1.10609e-13
1.876 0.260414 7.10772e-14
1.877 0.225863 1.83625e-14
1.878 0.191089 -2.94734e-14
1.879 0.156094 -5.86938e-14
1.88 0.120879 -6.42395e-14
1.881 0.0854464 -4.6521e-14
1.882 0.0497973 -1.64699e-14
1.883 0.0139332 1.41162e-14
1.884 -0.0221442 3.57629e-14
1.885 -0.0584334 4.24435e-14
1.886 -0.0949325 3.63866e-14
1.887 -0.13164 2.23782e-14
1.888 -0.168553 9.75524e-15
1.889 -0.205671 3.75837e-15
1.89 -0.242991 7.00448e-15
1.891 -0.28051 1.74116e-14
1.892 -0.318227 2.88467e-14
1.893 -0.356139 3.40167e-14
1.894 -0.394244 2.84108e-14
1.895 -0.43254 8.88713e-15
1.896 -0.471025 -2.03672e-14
1.897 -0.509696 -5.22152e-14
1.898 -0.548552 -7.80833e-14
1.899 -0.587589 -8.96912e-14
1.9 -0.626807 -8.50825e-14
1.901 -0.666203 -6.51227e-14
1.902 -0.705775 -3.46329e-14
1.903 -0.745521 -1.07984e-15
1.904 -0.785438 2.72274e-14
1.905 -0.825525 4.46105e-14
1.906 -0.865778 5.14209e-14
1.907 -0.906195 4.7654e-14
1.908 -0.946773 3.84496e-14
1.909 -0.98751 2.77436e-14
1.91 -1.0284 1.91193e-14
1.911 -1.06945 1.31381e-14
1.912 -1.11065 8.86101e-15
1.913 -1.15199 4.7663e-15
1.914 -1.19348 -1.64138e-15
1.915 -1.23511 -8.4808e-15
1.916 -1.27688 -1.18667e-14
1.917 -1.31878 -1.01211e-14
1.918 -1.36082 -2.01536e-15
1.919 -1.40299 1.39083e-14
1.92 -1.44529 3.36888e-14
1.921 -1.48771 4.92868e-14
1.922 -1.53026 5.93415e-14
1.923 -1.57293 5.12602e-14
1.924 -1.61571 2.71141e-14
1.925 -1.6586 -1.20541e-14
1.926 -1.70161 -5.55136e-14
1.927 -1.74472 -9.60215e-14
1.928 -1.78794 -1.16997e-13
1.929 -1.83126 -1.12957e-13
1.93 -1.87467 -7.98482e-14
1.931 -1.91818 -2.62297e-14
1.932 -1.96178 3.82927e-14
1.933 -2.00547 9.5851e-14
1.934 -2.04924 1.34601e-13
1.935 -2.0931 1.41228e-13
1.936 -2.13703 1.19771e-13
1.937 -2.18103 6.80227e-14
1.938 -2.22511 5.04894e-15
1.939 -2.26925 -5.79844e-14
1.94 -2.31346 -1.04015e-13
1.941 -2.35773 -1.25228e-13
1.942 -2.40205 -1.18244e-13
1.943 -2.44643 -8.31184e-14
1.944 -2.49087 -3.11567e-14
1.945 -2.53534 2.11676e-14
1.946 -2.57986 7.22082e-14
1.947 -2.62442 1.04781e-13
1.948 -2.66902 1.15639e-13
1.949 -2.71364 1.06859e-13
1.95 -2.7583 7.76963e-14
1.951 -2.80298 3.49168e-14
1.952 -2.84767 -1.03235e-14
1.953 -2.89239 -5.16044e-14
1.954 -2.93712 -8.05093e-14
1.955 -2.98186 -9.06155e-14
1.956 -3.02661 -8.3508e-14
1.957 -3.07136 -5.55494e-14
1.958 -3.1161 -1.57758e-14
1.959 -3.16085 3.05852e-14
1.96 -3.20558 7.38196e-14
1.961 -3.2503 1.04939e-13
1.962 -3.295 1.1604e-13
1.963 -3.33969 9.55189e-14
1.964 -3.38434 5.41588e-14
1.965 -3.42897 -3.73155e-15
1.966 -3.47356 -6.39765e-14
1.967 -3.51811 -1.13954e-13
1.968 -3.56262 -1.39375e-13
1.969 -3.60709 -1.28453e-13
1.97 -3.65151 -8.52231e-14
1.971 -3.69587 -1.81407e-14
1.972 -3.74018 5.42207e-14
1.973 -3.78442 1.16028e-13
1.974 -3.8286 1.4848e-13
1.975 -3.87272 1.45465e-13
1.976 -3.91676 1.07084e-13
1.977 -3.96072 4.31475e-14
1.978 -4.0046 -2.65469e-14
1.979 -4.04839 -8.71198e-14
1.98 -4.09209 -1.17805e-13
1.981 -4.1357 -1.1647e-13
1.982 -4.17921 -7.7024e-14
1.983 -4.22261 -1.87923e-14
1.984 -4.26591 4.51464e-14
1.985 -4.30909 9.26014e-14
1.986 -4.35215 1.1007e-13
1.987 -4.3951 9.24694e-14
1.988 -4.43792 5.14784e-14
1.989 -4.48062 -8.86891e-15
1.99 -4.52318 -6.75089e-14
1.991 -4.56561 -1.12604e-13
1.992 -4.6079 -1.31153e-13
1.993 -4.65004 -1.16071e-13
1.994 -4.69203 -7.6917e-14
1.995 -4.73387 -2.47489e-14
1.996 -4.77556 3.02261e-14
1.997 -4.81708 7.50048e-14
1.998 -4.85843 1.09302e-13
1.999 -4.89961 1.26495e-13
2 -4.94062 1.31312e-13
2.001 -4.98145 1.28579e-13
2.002 -5.02209 1.15669e-13
2.003 -5.06254 8.56944e-14
2.004 -5.1028 4.43688e-14
2.005 -5.14286 -4.3598e-15
2.006 -5.18273 -5.85354e-14
2.007 -5.22239 -1.12464e-13
2.008 -5.26184 -1.59859e-13
2.009 -5.30108 -1.8014e-13
2.01 -5.3401 -1.7088e-13
2.011 -5.3789 -1.29937e-13
2.012 -5.41747 -6.39994e-14
2.013 -5.45581 8.78856e-15
2.014 -5.49392 7.55795e-14
2.015 -5.53179 1.13067e-13
2.016 -5.56941 1.19719e-13
2.017 -5.60679 8.47775e-14
2.018 -5.64391 2.93767e-14
2.019 -5.68078 -3.26054e-14
2.02 -5.71739 -9.43293e-14
2.021 -5.75374 -1.22677e-13
2.022 -5.78981 -1.17119e-13
2.023 -5.82562 -8.24842e-14
2.024 -5.86115 -2.93856e-14
2.025 -5.89639 1.29187e-14
2.026 -5.93136 3.60692e-14
2.027 -5.96604 2.63673e-14
2.028 -6.00042 -1.14282e-14
2.029 -6.03451 -6.57121e-14
2.03 -6.0683 -1.12356e-13
2.031 -6.10178 -1.3366e-13
2.032 -6.13495 -1.27078e-13
2.033 -6.16781 -7.80899e-14
2.034 -6.20036 -2.32783e-15
2.035 -6.23258 9.14132e-14
2.036 -6.26448 1.5493e-13
2.037 -6.29604 1.93409e-13
2.038 -6.32728 1.91649e-13
2.039 -6.35818 1.40019e-13
2.04 -6.38874 6.45431e-14
2.041 -6.41895 -7.52939e-15
2.042 -6.44881 -6.52242e-14
2.043 -6.47833 -9.02088e-14
2.044 -6.50749 -8.13967e-14
2.045 -6.53629 -4.93124e-14
2.046 -6.56473 -1.74831e-14
2.047 -6.5928 -6.52055e-16
2.048 -6.62051 -1.48729e-14
2.049 -6.64784 -5.34695e-14
2.05 -6.67479 -1.25645e-13
2.051 -6.70136 -1.85378e-13
2.052 -6.72755 -2.25383e-13
2.053 -6.75335 -2.17366e-13
2.054 -6.77875 -1.6511e-13
2.055 -6.80376 -6.45495e-14
2.056 -6.82837 4.74399e-14
2.057 -6.85258 1.49757e-13
2.058 -6.87638 2.14141e-13
2.059 -6.89977 2.13843e-13
2.06 -6.92275 1.59678e-13
2.061 -6.94532 5.72886e-14
2.062 -6.96747 -6.683e-14
2.063 -6.9892 -1.7673e-13
2.064 -7.0105 -2.56422e-13
2.065 -7.03137 -2.75877e-13
2.066 -7.05182 -2.43744e-13
2.067 -7.07183 -1.60097e-13
2.068 -7.0914 -4.82645e-14
2.069 -7.11053 7.17962e-14
2.07 -7.12922 1.73532e-13
2.071 -7.14746 2.45918e-13
2.072 -7.16525 2.8066e-13
2.073 -7.18258 2.72194e-13
2.074 -7.19947 2.33971e-13
2.075 -7.21589 1.65379e-13
2.076 -7.23185 7.68498e-14
2.077 -7.24735 -2.04175e-14
2.078 -7.26238 -1.14135e-13
2.079 -7.27695 -1.9021e-13
2.08 -7.29104 -2.40777e-13
2.081 -7.30467 -2.49315e-13
2.082 -7.31781 -2.06312e-13
2.083 -7.33048 -1.12304e-13
2.084 -7.34267 8.08626e-15
2.085 -7.35437 1.37136e-13
2.086 -7.36558 2.48144e-13
2.087 -7.37631 3.0343e-13
2.088 -7.38655 3.0058e-13
2.089 -7.39629 2.30157e-13
2.09 -7.40554 1.04438e-13
2.091 -7.41429 -3.81613e-14
2.092 -7.42254 -1.74109e-13
2.093 -7.43029 -2.57955e-13
2.094 -7.43754 -2.83673e-13
2.095 -7.44428 -2.44354e-13
2.096 -7.45051 -1.64081e-13
2.097 -7.45624 -5.43548e-14
2.098 -7.46145 5.06542e-14
2.099 -7.46616 1.1227e-13
2.1 -7.47035 1.26955e-13
2.101 -7.47402 9.16106e-14
2.102 -7.47717 2.39168e-14
2.103 -7.47981 -4.05408e-14
2.104 -7.48192 -8.37844e-14
2.105 -7.48352 -7.74247e-14
2.106 -7.48459 -3.77592e-14
2.107 -7.48513 2.68505e-14
2.108 -7.48515 9.27231e-14
2.109 -7.48465 1.30408e-13
2.11 -7.48361 1.16936e-13
2.111 -7.48205 6.80954e-14
2.112 -7.47996 -8.59417e-15
2.113 -7.47733 -9.31843e-14
2.114 -7.47417 -1.4779e-13
2.115 -7.47048 -1.46661e-13
2.116 -7.46625 -9.20044e-14
2.117 -7.46148 8.99785e-15
2.118 -7.45618 1.17746e-13
2.119 -7.45034 2.04028e-13
2.12 -7.44397 2.39447e-13
2.121 -7.43705 2.13431e-13
2.122 -7.4296 1.28616e-13
2.123 -7.42161 1.26419e-14
2.124 -7.41307 -9.50818e-14
2.125 -7.404 -1.75615e-13
2.126 -7.39439 -1.93885e-13
2.127 -7.38424 -1.5023e-13
2.128 -7.37355 -7.10213e-14
2.129 -7.36232 3.35651e-14
2.13 -7.35055 1.13478e-13
2.131 -7.33823 1.62301e-13
2.132 -7.32537 1.64051e-13
2.133 -7.31197 1.23971e-13
2.134 -7.29803 7.17605e-14
2.135 -7.28355 1.88173e-14
2.136 -7.26852 8.72151e-15
2.137 -7.25296 3.3829e-14
2.138 -7.23685 8.87365e-14
2.139 -7.22021 1.50716e-13
2.14 -7.20303 1.96022e-13
2.141 -7.18531 1.86173e-13
2.142 -7.16705 1.18013e-13
2.143 -7.14825 2.81646e-15
2.144 -7.12892 -1.37126e-13
2.145 -7.10905 -2.5768e-13
2.146 -7.08864 -3.21061e-13
2.147 -7.0677 -3.1401e-13
2.148 -7.04622 -2.20476e-13
2.149 -7.02421 -8.16791e-14
2.15 -7.00167 7.19466e-14
2.151 -6.9786 1.94627e-13
2.152 -6.955 2.48994e-13
2.153 -6.93087 2.22006e-13
2.154 -6.90621 1.1696e-13
2.155 -6.88103 -2.71604e-14
2.156 -6.85533 -1.65613e-13
2.157 -6.8291 -2.44238e-13
2.158 -6.80235 -2.42182e-13
2.159 -6.77508 -1.6121e-13
2.16 -6.74729 -9.37369e-15
2.161 -6.71898 1.66383e-13
2.162 -6.69016 3.14824e-13
2.163 -6.66082 3.94562e-13
2.164 -6.63097 3.87667e-13
2.165 -6.60061 2.85189e-13
2.166 -6.56975 1.22585e-13
2.167 -6.53838 -6.01995e-14
2.168 -6.5065 -2.20948e-13
2.169 -6.47412 -3.16322e-13
2.17 -6.44125 -3.25296e-13
2.171 -6.40788 -2.61787e-13
2.172 -6.37401 -1.55215e-13
2.173 -6.33965 -2.64631e-14
2.174 -6.3048 6.96331e-14
2.175 -6.26946 1.14644e-13
2.176 -6.23363 9.23775e-14
2.177 -6.19732 1.39772e-14
2.178 -6.16053 -8.86882e-14
2.179 -6.12326 -1.90932e-13
2.18 -6.08552 -2.5109e-13
2.181 -6.0473 -2.46201e-13
2.182 -6.00862 -1.80278e-13
2.183 -5.96946 -5.13449e-14
2.184 -5.92985 1.02297e-13
2.185 -5.88978 2.46818e-13
2.186 -5.84924 3.59808e-13
2.187 -5.80826 3.97333e-13
2.188 -5.76682 3.66414e-13
2.189 -5.72493 2.68362e-13
2.19 -5.6826 1.2671e-13
2.191 -5.63983 -2.81623e-14
2.192 -5.59661 -1.69431e-13
2.193 -5.55296 -2.59873e-13
2.194 -5.50888 -2.82865e-13
2.195 -5.46437 -2.49747e-13
2.196 -5.41943 -1.66761e-13
2.197 -5.37407 -5.11083e-14
2.198 -5.3283 6.3907e-14
2.199 -5.28211 1.52678e-13
2.2 -5.23551 2.01228e-13
2.201 -5.1885 1.92252e-13
2.202 -5.1411 1.30434e-13
2.203 -5.09329 3.6314e-14
2.204 -5.04509 -7.80447e-14
2.205 -4.9965 -1.87402e-13
2.206 -4.94752 -2.70639e-13
2.207 -4.89816 -3.1499e-13
2.208 -4.84841 -3.13262e-13
2.209 -4.79829 -2.63065e-13
2.21 -4.74781 -1.82216e-13
2.211 -4.69695 -7.84982e-14
2.212 -4.64573 3.21064e-14
2.213 -4.59416 1.39954e-13
2.214 -4.54223 2.31451e-13
2.215 -4.48995 3.05329e-13
2.216 -4.43733 3.54766e-13
2.217 -4.38437 3.75402e-13
2.218 -4.33107 3.69678e-13
2.219 -4.27744 3.31381e-13
2.22 -4.22349 2.58647e-13
2.221 -4.16921 1.54578e-13
2.222 -4.11461 3.35717e-14
2.223 -4.0597 -9.03507e-14
2.224 -4.00448 -2.01539e-13
2.225 -3.94896 -2.75075e-13
2.226 -3.89314 -2.98334e-13
2.227 -3.83702 -2.70407e-13
2.228 -3.78062 -1.9789e-13
2.229 -3.72394 -1.05019e-13
2.23 -3.66697 -1.74815e-14
2.231 -3.60973 3.52896e-14
2.232 -3.55223 4.121e-14
2.233 -3.49446 2.13443e-15
2.234 -3.43643 -6.98447e-14
2.235 -3.37815 -1.42221e-13
2.236 -3.31962 -1.8258e-13
2.237 -3.26085 -1.74951e-13
2.238 -3.20183 -1.04165e-13
2.239 -3.14258 9.17773e-15
2.24 -3.08311 1.34209e-13
2.241 -3.02341 2.36606e-13
2.242 -2.96349 2.77575e-13
2.243 -2.90336 2.47079e-13
2.244 -2.84303 1.56221e-13
2.245 -2.78249 3.78561e-14
2.246 -2.72176 -7.02862e-14
2.247 -2.66084 -1.28191e-13
2.248 -2.59973 -1.1172e-13
2.249 -2.53845 -2.55271e-14
2.25 -2.47699 9.64669e-14
2.251 -2.41537 2.07443e-13
2.252 -2.35358 2.57056e-13
2.253 -2.29163 2.14822e-13
2.254 -2.22953 7.95849e-14
2.255 -2.16728 -1.13461e-13
2.256 -2.10489 -3.00183e-13
2.257 -2.04237 -4.16042e-13
2.258 -1.97972 -4.04432e-13
2.259 -1.91695 -2.52107e-13
2.26 -1.85406 1.09786e-14
2.261 -1.79105 3.14382e-13
2.262 -1.72794 5.63204e-13
2.263 -1.66473 6.72137e-13
2.264 -1.60143 5.85504e-13
2.265 -1.53803 3.0837e-13
2.266 -1.47455 -9.48091e-14
2.267 -1.411 -5.19834e-13
2.268 -1.34737 -8.41651e-13
2.269 -1.28367 -9.59239e-13
2.27 -1.21991 -8.20642e-13
2.271 -1.1561 -4.51689e-13
2.272 -1.09224 5.89431e-14
2.273 -1.02833 5.7689e-13
2.274 -0.964392 9.60932e-13
2.275 -0.900422 1.10347e-12
2.276 -0.836426 9.63625e-13
2.277 -0.772411 5.80295e-13
2.278 -0.708382 6.27412e-14
2.279 -0.644346 -4.47245e-13
2.28 -0.580307 -8.07368e-13
2.281 -0.516271 -9.19731e-13
2.282 -0.452244 -7.60018e-13
2.283 -0.388232 -3.81391e-13
2.284 -0.32424 9.98908e-14
2.285 -0.260274 5.43147e-13
2.286 -0.196342 8.23255e-13
2.287 -0.132448 8.67006e-13
2.288 -0.0685986 6.68866e-13
2.289 -0.00480073 2.97591e-13
2.29 0.05894 -1.33745e-13
2.291 0.122618 -5.02108e-13
2.292 0.186227 -7.04764e-13
2.293 0.249761 -6.94918e-13
2.294 0.313215 -4.88245e-13
2.295 0.376585 -1.54695e-13
2.296 0.439863 2.0492e-13
2.297 0.503045 4.91366e-13
2.298 0.566125 6.31533e-13
2.299 0.629097 6.02255e-13
2.3 0.691956 4.25875e-13
2.301 0.754696 1.62225e-13
2.302 0.817311 -1.12636e-13
2.303 0.879795 -3.31055e-13
2.304 0.942142 -4.53044e-13
2.305 1.00435 -4.67524e-13
2.306 1.0664 -3.95335e-13
2.307 1.1283 -2.73635e-13
2.308 1.19004 -1.35786e-13
2.309 1.25162 -1.27495e-14
2.31 1.31302 8.57315e-14
2.311 1.37425 1.57114e-13
2.312 1.43529 2.09069e-13
2.313 1.49615 2.43215e-13
2.314 1.55681 2.55196e-13
2.315 1.61728 2.35676e-13
2.316 1.67754 1.70324e-13
2.317 1.7376 5.48765e-14
2.318 1.79744 -9.99744e-14
2.319 1.85705 -2.62927e-13
2.32 1.91645 -3.96638e-13
2.321 1.97561 -4.57491e-13
2.322 2.03453 -4.21912e-13
2.323 2.09322 -2.85396e-13
2.324 2.15166 -7.55754e-14
2.325 2.20984 1.52488e-13
2.326 2.26777 3.41312e-13
2.327 2.32543 4.32535e-13
2.328 2.38283 4.06508e-13
2.329 2.43996 2.66652e-13
2.33 2.49681 5.8015e-14
2.331 2.55337 -1.58039e-13
2.332 2.60965 -3.2035e-13
2.333 2.66563 -3.79421e-13
2.334 2.72132 -3.309e-13
2.335 2.7767 -1.91445e-13
2.336 2.83178 -1.66207e-14
2.337 2.88654 1.36634e-13
2.338 2.94099 2.19214e-13
2.339 2.99511 2.09102e-13
2.34 3.04891 1.20479e-13
2.341 3.10237 -3.26323e-15
2.342 3.1555 -1.05014e-13
2.343 3.20829 -1.43183e-13
2.344 3.26073 -9.19216e-14
2.345 3.31283 3.22621e-14
2.346 3.36456 1.82437e-13
2.347 3.41594 3.05863e-13
2.348 3.46696 3.42153e-13
2.349 3.51761 2.68251e-13
2.35 3.56788 8.94686e-14
2.351 3.61778 -1.49694e-13
2.352 3.66729 -3.82837e-13
2.353 3.71643 -5.39554e-13
2.354 3.76517 -5.76612e-13
2.355 3.81352 -4.81793e-13
2.356 3.86147 -2.83407e-13
2.357 3.90902 -3.90842e-14
2.358 3.95617 1.84169e-13
2.359 4.0029 3.28885e-13
2.36 4.04923 3.68999e-13
2.361 4.09513 3.10364e-13
2.362 4.14062 1.92488e-13
2.363 4.18568 6.33963e-14
2.364 4.23031 -2.29402e-14
2.365 4.27451 -4.81028e-14
2.366 4.31827 -1.22007e-14
2.367 4.36159 5.53167e-14
2.368 4.40447 1.14914e-13
2.369 4.4469 1.2645e-13
2.37 4.48888 7.7389e-14
2.371 4.53041 -2.69634e-14
2.372 4.57149 -1.49675e-13
2.373 4.6121 -2.36775e-13
2.374 4.65225 -2.54388e-13
2.375 4.69193 -1.85316e-13
2.376 4.73115 -4.77817e-14
2.377 4.76989 1.16051e-13
2.378 4.80816 2.36316e-13
2.379 4.84595 2.69882e-13
2.38 4.88326 1.88603e-13
2.381 4.92008 1.86818e-14
2.382 4.95642 -1.89497e-13
2.383 4.99226 -3.68582e-13
2.384 5.02762 -4.41506e-13
2.385 5.06247 -3.69229e-13
2.386 5.09683 -1.59487e-13
2.387 5.13069 1.33125e-13
2.388 5.16404 4.18673e-13
2.389 5.19689 6.0916e-13
2.39 5.22924 6.32989e-13
2.391 5.26107 4.83735e-13
2.392 5.2924 1.93199e-13
2.393 5.32321 -1.41148e-13
2.394 5.35351 -4.27381e-13
2.395 5.38328 -5.56852e-13
2.396 5.41254 -5.07815e-13
2.397 5.44128 -2.93554e-13
2.398 5.46949 1.61222e-14
2.399 5.49717 3.08363e-13
2.4 5.52432 4.79514e-13
2.401 5.55095 4.70295e-13
2.402 5.57704 2.8195e-13
2.403 5.6026 -4.02397e-14
2.404 5.62762 -3.79987e-13
2.405 5.65211 -6.32967e-13
2.406 5.67606 -7.04866e-13
2.407 5.69947 -5.71415e-13
2.408 5.72234 -2.64508e-13
2.409 5.74468 1.13026e-13
2.41 5.76647 4.38903e-13
2.411 5.78771 6.07985e-13
2.412 5.80842 5.69475e-13
2.413 5.82858 3.39676e-13
2.414 5.84819 -1.83712e-14
2.415 5.86726 -3.77134e-13
2.416 5.88577 -6.16661e-13
2.417 5.90374 -6.52433e-13
2.418 5.92115 -4.72032e-13
2.419 5.93802 -1.33952e-13
2.42 5.95433 2.69226e-13
2.421 5.97009 6.09183e-13
2.422 5.9853 7.8006e-13
2.423 5.99996 7.31141e-13
2.424 6.01406 4.82616e-13
2.425 6.02761 1.09307e-13
2.426 6.04061 -2.6488e-13
2.427 6.05306 -5.32069e-13
2.428 6.06495 -6.17332e-13
2.429 6.07629 -5.15777e-13
2.43 6.08707 -2.76581e-13
2.431 6.0973 9.65091e-15
2.432 6.10698 2.3751e-13
2.433 6.1161 3.30771e-13
2.434 6.12467 2.67672e-13
2.435 6.13269 7.26327e-14
2.436 6.14015 -1.6785e-13
2.437 6.14706 -3.69862e-13
2.438 6.15342 -4.43185e-13
2.439 6.15923 -3.7115e-13
2.44 6.16449 -1.68913e-13
2.441 6.1692 9.50139e-14
2.442 6.17336 3.41319e-13
2.443 6.17698 4.71774e-13
2.444 6.18004 4.60028e-13
2.445 6.18256 2.95075e-13
2.446 6.18454 5.39911e-14
2.447 6.18597 -1.98535e-13
2.448 6.18685 -3.62446e-13
2.449 6.18719 -4.01656e-13
2.45 6.18699 -2.99623e-13
2.451 6.18625 -1.08209e-13
2.452 6.18497 9.29556e-14
2.453 6.18315 2.43745e-13
2.454 6.1808 2.66191e-13
2.455 6.17791 1.66326e-13
2.456 6.17449 -1.5227e-14
2.457 6.17053 -2.16061e-13
2.458 6.16605 -3.44126e-13
2.459 6.16104 -3.47175e-13
2.46 6.1555 -2.15077e-13
2.461 6.14943 1.56159e-14
2.462 6.14285 2.69471e-13
2.463 6.13574 4.43516e-13
2.464 6.12812 4.82587e-13
2.465 6.11997 3.43728e-13
2.466 6.11132 6.5262e-14
2.467 6.10215 -2.73308e-13
2.468 6.09246 -5.67514e-13
2.469 6.08227 -7.27417e-13
2.47 6.07157 -6.94283e-13
2.471 6.06037 -4.71689e-13
2.472 6.04866 -1.23057e-13
2.473 6.03645 2.43883e-13
2.474 6.02375 5.14922e-13
2.475 6.01055 6.19624e-13
2.476 5.99685 5.27894e-13
2.477 5.98267 2.74337e-13
2.478 5.968 -5.74635e-14
2.479 5.95285 -3.53511e-13
2.48 5.93721 -5.32068e-13
2.481 5.9211 -5.35137e-13
2.482 5.90451 -3.76724e-13
2.483 5.88745 -1.15101e-13
2.484 5.86992 1.61846e-13
2.485 5.85193 3.64238e-13
2.486 5.83347 4.3221e-13
2.487 5.81455 3.64208e-13
2.488 5.79517 1.81938e-13
2.489 5.77533 -3.00031e-14
2.49 5.75504 -1.96999e-13
2.491 5.7343 -2.63643e-13
2.492 5.71311 -2.22927e-13
2.493 5.69148 -9.371e-14
2.494 5.66941 5.89456e-14
2.495 5.64691 1.67805e-13
2.496 5.62397 1.95589e-13
2.497 5.60061 1.19787e-13
2.498 5.57682 -1.69944e-14
2.499 5.55261 -1.55451e-13
2.5 5.52799 -2.31975e-13
2.501 5.50295 -2.00163e-13
2.502 5.4775 -5.17327e-14
2.503 5.45165 1.81798e-13
2.504 5.42539 4.17767e-13
2.505 5.39873 5.68926e-13
2.506 5.37167 5.75012e-13
2.507 5.34423 4.08477e-13
2.508 5.31639 1.03303e-13
2.509 5.28816 -2.64136e-13
2.51 5.25956 -5.89974e-13
2.511 5.23058 -7.78467e-13
2.512 5.20122 -7.66663e-13
2.513 5.1715 -5.537e-13
2.514 5.14142 -1.96339e-13
2.515 5.11098 2.16322e-13
2.516 5.08018 5.69341e-13
2.517 5.04903 7.74963e-13
2.518 5.01754 7.86989e-13
2.519 4.9857 6.17012e-13
2.52 4.95352 3.23401e-13
2.521 4.92101 4.18031e-15
2.522 4.88816 -2.57378e-13
2.523 4.85499 -4.0303e-13
2.524 4.8215 -4.05704e-13
2.525 4.78769 -2.91752e-13
2.526 4.75356 -1.2254e-13
2.527 4.71912 4.32981e-14
2.528 4.68438 1.50371e-13
2.529 4.64934 1.73419e-13
2.53 4.614 1.32435e-13
2.531 4.57837 6.19805e-14
2.532 4.54246 4.37241e-15
2.533 4.50627 -3.54835e-15
2.534 4.4698 4.42933e-14
2.535 4.43306 1.41089e-13
2.536 4.39604 2.35794e-13
2.537 4.35877 2.92209e-13
2.538 4.32124 2.72635e-13
2.539 4.28345 1.73296e-13
2.54 4.24541 1.23188e-14
2.541 4.20713 -1.66455e-13
2.542 4.1686 -3.12991e-13
2.543 4.12984 -3.88679e-13
2.544 4.09085 -3.76411e-13
2.545 4.05163 -2.82079e-13
2.546 4.01219 -1.39466e-13
2.547 3.97254 4.89859e-15
2.548 3.93267 1.11218e-13
2.549 3.8926 1.54743e-13
2.55 3.85233 1.37242e-13
2.551 3.81185 7.95367e-14
2.552 3.77119 5.56117e-15
2.553 3.73034 -3.88587e-14
2.554 3.6893 -3.64209e-14
2.555 3.64809 7.00918e-15
2.556 3.6067 7.60942e-14
2.557 3.56514 1.48768e-13
2.558 3.52342 1.89345e-13
2.559 3.48154 1.83084e-13
2.56 3.4395 1.35363e-13
2.561 3.39732 5.96543e-14
2.562 3.35499 -1.51897e-14
2.563 3.31253 -6.70964e-14
2.564 3.26993 -8.28839e-14
2.565 3.22721 -6.2668e-14
2.566 3.18436 -1.94822e-14
2.567 3.14139 2.5083e-14
2.568 3.0983 5.25095e-14
2.569 3.05511 6.3575e-14
2.57 3.01181 5.60614e-14
2.571 2.96841 5.28566e-14
2.572 2.92491 6.75791e-14
2.573 2.88133 1.04288e-13
2.574 2.83765 1.55939e-13
2.575 2.7939 1.95534e-13
2.576 2.75007 1.85328e-13
2.577 2.70617 9.87333e-14
2.578 2.6622 -7.20259e-14
2.579 2.61818 -3.03752e-13
2.58 2.57409 -5.4573e-13
2.581 2.52996 -7.25902e-13
2.582 2.48578 -7.85471e-13
2.583 2.44155 -6.74707e-13
2.584 2.39729 -3.97035e-13
2.585 2.353 -4.83998e-16
2.586 2.30868 4.27294e-13
2.587 2.26434 7.82466e-13
2.588 2.21998 9.72746e-13
2.589 2.17561 9.48891e-13
2.59 2.13123 7.13402e-13
2.591 2.08685 3.30259e-13
2.592 2.04246 -1.00437e-13
2.593 1.99809 -4.61045e-13
2.594 1.95372 -6.57576e-13
2.595 1.90937 -6.40008e-13
2.596 1.86504 -4.23829e-13
2.597 1.82073 -7.35429e-14
2.598 1.77645 3.08423e-13
2.599 1.73221 6.14675e-13
2.6 1.688 7.63711e-13
2.601 1.64384 7.2671e-13
2.602 1.59972 5.17627e-13
2.603 1.55566 2.03169e-13
2.604 1.51165 -1.29488e-13
2.605 1.4677 -4.03567e-13
2.606 1.42383 -5.63619e-13
2.607 1.38002 -5.91405e-13
2.608 1.33628 -5.05484e-13
2.609 1.29263 -3.51883e-13
2.61 1.24906 -1.80306e-13
2.611 1.20557 -3.06193e-14
2.612 1.16218 7.61194e-14
2.613 1.11888 1.40439e-13
2.614 1.07569 1.76959e-13
2.615 1.03259 1.98444e-13
2.616 0.98961 2.13574e-13
2.617 0.946739 2.18258e-13
2.618 0.903985 1.99237e-13
2.619 0.861352 1.43374e-13
2.62 0.818847 4.84726e-14
2.621 0.776472 -7.04537e-14
2.622 0.734232 -1.82483e-13
2.623 0.692131 -2.49188e-13
2.624 0.650174 -2.39877e-13
2.625 0.608363 -1.46618e-13
2.626 0.566703 1.35244e-14
2.627 0.525197 1.93498e-13
2.628 0.483849 3.3296e-13
2.629 0.442662 3.7681e-13
2.63 0.401641 2.97028e-13
2.631 0.360789 1.05378e-13
2.632 0.32011 -1.49975e-13
2.633 0.279609 -3.85331e-13
2.634 0.239288 -5.2482e-13
2.635 0.199152 -5.08047e-13
2.636 0.159204 -3.28146e-13
2.637 0.11945 -3.07542e-14
2.638 0.0798911 3.00057e-13
2.639 0.0405322 5.56564e-13
2.64 0.00137648 6.52799e-13
2.641 -0.0375728 5.48325e-13
2.642 -0.0763124 2.68037e-13
2.643 -0.114839 -1.07494e-13
2.644 -0.153149 -4.59797e-13
2.645 -0.19124 -6.7174e-13
2.646 -0.229108 -6.65049e-13
2.647 -0.266749 -4.29121e-13
2.648 -0.30416 -2.60616e-14
2.649 -0.341338 4.26299e-13
2.65 -0.378279 7.88462e-13
2.651 -0.41498 9.40782e-13
2.652 -0.451438 8.29458e-13
2.653 -0.48765 4.76192e-13
2.654 -0.523612 -2.0173e-14
2.655 -0.559323 -5.14499e-13
2.656 -0.594778 -8.60149e-13
2.657 -0.629977 -9.51545e-13
2.658 -0.664915 -7.61206e-13
2.659 -0.699591 -3.44186e-13
2.66 -0.734001 1.77293e-13
2.661 -0.768143 6.50671e-13
2.662 -0.802013 9.39453e-13
2.663 -0.83561 9.67473e-13
2.664 -0.86893 7.34768e-13
2.665 -0.901969 3.1761e-13
2.666 -0.934726 -1.5769e-13
2.667 -0.967198 -5.53167e-13
2.668 -0.999382 -7.64881e-13
2.669 -1.03128 -7.48409e-13
2.67 -1.06288 -5.33505e-13
2.671 -1.09418 -2.06127e-13
2.672 -1.12519 1.21683e-13
2.673 -1.1559 3.48389e-13
2.674 -1.18631 4.12782e-13
2.675 -1.21642 3.09941e-13
2.676 -1.24623 9.56988e-14
2.677 -1.27572 -1.48948e-13
2.678 -1.30491 -3.37545e-13
2.679 -1.33378 -4.08169e-13
2.68 -1.36234 -3.45644e-13
2.681 -1.39059 -1.79766e-13
2.682 -1.41852 2.85406e-14
2.683 -1.44612 2.0923e-13
2.684 -1.47341 3.07799e-13
2.685 -1.50037 3.00063e-13
2.686 -1.52701 2.0386e-13
2.687 -1.55332 6.24808e-14
2.688 -1.5793 -7.10741e-14
2.689 -1.60495 -1.58122e-13
2.69 -1.63027 -1.77153e-13
2.691 -1.65526 -1.4172e-13
2.692 -1.67992 -8.07622e-14
2.693 -1.70424 -3.2095e-14
2.694 -1.72822 -2.02294e-14
2.695 -1.75187 -4.97539e-14
2.696 -1.77517 -1.03279e-13
2.697 -1.79814 -1.47515e-13
2.698 -1.82076 -1.51283e-13
2.699 -1.84304 -9.5753e-14
2.7 -1.86497 2.73326e-15
2.701 -1.88656 1.1797e-13
2.702 -1.9078 2.01952e-13
2.703 -1.9287 2.1835e-13
2.704 -1.94925 1.52833e-13
2.705 -1.96944 1.64288e-14
2.706 -1.98929 -1.43946e-13
2.707 -2.00879 -2.73264e-13
2.708 -2.02794 -3.20223e-13
2.709 -2.04673 -2.62086e-13
2.71 -2.06517 -1.14479e-13
2.711 -2.08325 7.55755e-14
2.712 -2.10098 2.33574e-13
2.713 -2.11836 3.01288e-13
2.714 -2.13538 2.36415e-13
2.715 -2.15204 5.66529e-14
2.716 -2.16835 -1.88545e-13
2.717 -2.1843 -4.10748e-13
2.718 -2.1999 -5.25931e-13
2.719 -2.21514 -4.74292e-13
2.72 -2.23002 -2.57601e-13
2.721 -2.24454 7.41806e-14
2.722 -2.25871 4.15912e-13
2.723 -2.27251 6.63716e-13
2.724 -2.28596 7.26121e-13
2.725 -2.29905 5.68597e-13
2.726 -2.31179 2.28319e-13
2.727 -2.32416 -1.96372e-13
2.728 -2.33618 -5.75709e-13
2.729 -2.34783 -7.88465e-13
2.73 -2.35913 -7.6165e-13
2.731 -2.37007 -4.92736e-13
2.732 -2.38066 -6.0334e-14
2.733 -2.39089 4.01118e-13
2.734 -2.40076 7.54394e-13
2.735 -2.41027 8.79122e-13
2.736 -2.41944 7.36439e-13
2.737 -2.42824 3.61408e-13
2.738 -2.43669 -1.26741e-13
2.739 -2.44479 -5.80792e-13
2.74 -2.45253 -8.62113e-13
2.741 -2.45991 -8.81284e-13
2.742 -2.46695 -6.29838e-13
2.743 -2.47363 -1.88972e-13
2.744 -2.47996 3.07161e-13
2.745 -2.48594 7.04009e-13
2.746 -2.49157 8.84054e-13
2.747 -2.49685 7.96311e-13
2.748 -2.50178 4.71499e-13
2.749 -2.50637 7.98163e-15
2.75 -2.51061 -4.55237e-13
2.751 -2.51451 -7.80263e-13
2.752 -2.51806 -8.86361e-13
2.753 -2.52128 -7.48878e-13
2.754 -2.52415 -4.3285e-13
2.755 -2.52667 -3.49668e-14
2.756 -2.52886 3.15854e-13
2.757 -2.53071 5.32535e-13
2.758 -2.53222 5.70145e-13
2.759 -2.5334 4.44996e-13
2.76 -2.53424 2.3064e-13
2.761 -2.53474 1.62808e-14
2.762 -2.53492 -1.18773e-13
2.763 -2.53476 -1.37919e-13
2.764 -2.53428 -4.96097e-14
2.765 -2.53346 9.28652e-14
2.766 -2.53233 2.12954e-13
2.767 -2.53087 2.50255e-13
2.768 -2.52908 1.73708e-13
2.769 -2.52698 1.27211e-15
2.77 -2.52455 -2.11189e-13
2.771 -2.52181 -3.81774e-13
2.772 -2.51875 -4.41571e-13
2.773 -2.51538 -3.55929e-13
2.774 -2.51169 -1.40102e-13
2.775 -2.5077 1.45943e-13
2.776 -2.50339 4.13962e-13
2.777 -2.49878 5.74113e-13
2.778 -2.49386 5.69657e-13
2.779 -2.48863 3.927e-13
2.78 -2.48311 9.00697e-14
2.781 -2.47729 -2.55895e-13
2.782 -2.47117 -5.48864e-13
2.783 -2.46475 -7.10884e-13
2.784 -2.45804 -7.03044e-13
2.785 -2.45104 -5.39873e-13
2.786 -2.44374 -2.82385e-13
2.787 -2.43616 -1.21642e-14
2.788 -2.4283 1.96484e-13
2.789 -2.42015 2.9192e-13
2.79 -2.41172 2.68946e-13
2.791 -2.40302 1.55827e-13
2.792 -2.39404 1.32195e-14
2.793 -2.38478 -9.44332e-14
2.794 -2.37526 -1.25812e-13
2.795 -2.36547 -6.65785e-14
2.796 -2.35541 5.61087e-14
2.797 -2.34508 1.95722e-13
2.798 -2.3345 2.9228e-13
2.799 -2.32365 3.08707e-13
2.8 -2.31255 2.33552e-13
2.801 -2.30119 8.81647e-14
2.802 -2.28957 -7.89022e-14
2.803 -2.27771 -2.15691e-13
2.804 -2.2656 -2.74962e-13
2.805 -2.25325 -2.44219e-13
2.806 -2.24065 -1.38695e-13
2.807 -2.22781 -8.7425e-16
2.808 -2.21474 1.17657e-13
2.809 -2.20144 1.7287e-13
2.81 -2.1879 1.43536e-13
2.811 -2.17413 4.29108e-14
2.812 -2.16014 -9.18865e-14
2.813 -2.14593 -2.09948e-13
2.814 -2.13149 -2.66938e-13
2.815 -2.11684 -2.37868e-13
2.816 -2.10197 -1.27003e-13
2.817 -2.08689 3.15275e-14
2.818 -2.07159 1.86785e-13
2.819 -2.05609 2.89323e-13
2.82 -2.04038 3.07044e-13
2.821 -2.02448 2.33075e-13
2.822 -2.00837 9.4201e-14
2.823 -1.99207 -6.43595e-14
2.824 -1.97558 -1.92381e-13
2.825 -1.9589 -2.47366e-13
2.826 -1.94203 -2.16212e-13
2.827 -1.92498 -1.10818e-13
2.828 -1.90774 3.12919e-14
2.829 -1.89033 1.65584e-13
2.83 -1.87274 2.47282e-13
2.831 -1.85498 2.5043e-13
2.832 -1.83705 1.73544e-13
2.833 -1.81895 3.92165e-14
2.834 -1.80069 -1.16911e-13
2.835 -1.78226 -2.54755e-13
2.836 -1.76368 -3.40566e-13
2.837 -1.74494 -3.60731e-13
2.838 -1.72605 -3.22065e-13
2.839 -1.70701 -2.39603e-13
2.84 -1.68783 -1.36399e-13
2.841 -1.6685 -3.55387e-14
2.842 -1.64904 4.63575e-14
2.843 -1.62944 1.09098e-13
2.844 -1.6097 1.49562e-13
2.845 -1.58984 1.7382e-13
2.846 -1.56985 1.817e-13
2.847 -1.54973 1.71752e-13
2.848 -1.52949 1.40381e-13
2.849 -1.50912 8.45459e-14
2.85 -1.48865 6.26543e-15
2.851 -1.46806 -8.58677e-14
2.852 -1.44736 -1.70367e-13
2.853 -1.42655 -2.2575e-13
2.854 -1.40564 -2.33126e-13
2.855 -1.38463 -1.83407e-13
2.856 -1.36353 -7.84272e-14
2.857 -1.34233 5.79528e-14
2.858 -1.32104 1.9673e-13
2.859 -1.29966 3.01448e-13
2.86 -1.2782 3.46603e-13
2.861 -1.25665 3.18543e-13
2.862 -1.23503 2.30762e-13
2.863 -1.21332 1.03738e-13
2.864 -1.19155 -2.86667e-14
2.865 -1.1697 -1.35547e-13
2.866 -1.14779 -1.94236e-13
2.867 -1.12581 -1.97722e-13
2.868 -1.10377 -1.55486e-13
2.869 -1.08167 -8.69042e-14
2.87 -1.05952 -1.57674e-14
2.871 -1.03732 4.0073e-14
2.872 -1.01507 7.13942e-14
2.873 -0.992772 7.87977e-14
2.874 -0.970433 6.92071e-14
2.875 -0.948055 5.56827e-14
2.876 -0.92564 4.29525e-14
2.877 -0.903191 3.29484e-14
2.878 -0.880711 2.13355e-14
2.879 -0.858204 8.80489e-18
2.88 -0.835671 -3.32733e-14
2.881 -0.813116 -7.44387e-14
2.882 -0.790541 -1.12925e-13
2.883 -0.76795 -1.29331e-13
2.884 -0.745345 -1.09272e-13
2.885 -0.72273 -4.29135e-14
2.886 -0.700106 6.32501e-14
2.887 -0.677478 1.86963e-13
2.888 -0.654847 2.97568e-13
2.889 -0.632217 3.63463e-13
2.89 -0.609591 3.58904e-13
2.891 -0.586971 2.78056e-13
2.892 -0.564361 1.3375e-13
2.893 -0.541763 -4.03105e-14
2.894 -0.51918 -2.02016e-13
2.895 -0.496616 -3.08266e-13
2.896 -0.474072 -3.3562e-13
2.897 -0.451553 -2.78389e-13
2.898 -0.42906 -1.56176e-13
2.899 -0.406597 -5.8715e-15
2.9 -0.384167 1.30462e-13
2.901 -0.36177 2.16317e-13
2.902 -0.339411 2.35693e-13
2.903 -0.317092 1.89382e-13
2.904 -0.294814 9.68992e-14
2.905 -0.272581 -6.79999e-15
2.906 -0.250394 -9.05226e-14
2.907 -0.228257 -1.3223e-13
2.908 -0.206172 -1.26924e-13
2.909 -0.184142 -8.33016e-14
2.91 -0.16217 -2.1288e-14
2.911 -0.140258 3.50726e-14
2.912 -0.118409 6.83981e-14
2.913 -0.0966274 7.18453e-14
2.914 -0.0749141 4.90035e-14
2.915 -0.0532723 1.32673e-14
2.916 -0.0317043 -2.34265e-14
2.917 -0.0102124 -5.07196e-14
2.918 0.0112014 -6.62021e-14
2.919 0.032535 -7.28686e-14
2.92 0.0537863 -7.5815e-14
2.921 0.0749534 -7.83414e-14
2.922 0.0960341 -7.80971e-14
2.923 0.117026 -6.79443e-14
2.924 0.137927 -3.71717e-14
2.925 0.158735 1.90796e-14
2.926 0.179447 9.66069e-14
2.927 0.20006 1.82151e-13
2.928 0.220572 2.4922e-13
2.929 0.240981 2.7188e-13
2.93 0.261283 2.29738e-13
2.931 0.281477 1.20797e-13
2.932 0.301561 -3.68168e-14
2.933 0.321532 -2.03735e-13
2.934 0.341389 -3.3279e-13
2.935 0.36113 -3.80544e-13
2.936 0.380754 -3.22468e-13
2.937 0.400258 -1.64434e-13
2.938 0.419642 5.44383e-14
2.939 0.438902 2.7693e-13
2.94 0.458038 4.36528e-13
2.941 0.477047 4.83914e-13
2.942 0.495926 3.9717e-13
2.943 0.514674 1.96922e-13
2.944 0.533289 -6.25998e-14
2.945 0.551767 -3.09009e-13
2.946 0.570108 -4.6886e-13
2.947 0.58831 -4.96367e-13
2.948 0.60637 -3.84623e-13
2.949 0.624287 -1.67008e-13
2.95 0.64206 8.97852e-14
2.951 0.659688 3.03946e-13
2.952 0.677169 4.12487e-13
2.953 0.694501 3.79065e-13
2.954 0.711684 2.15439e-13
2.955 0.728716 -2.77607e-14
2.956 0.745595 -2.74397e-13
2.957 0.762319 -4.51852e-13
2.958 0.778887 -5.03584e-13
2.959 0.795297 -4.14914e-13
2.96 0.811546 -2.11876e-13
2.961 0.827634 4.48321e-14
2.962 0.843558 2.84425e-13
2.963 0.859317 4.37395e-13
2.964 0.874911 4.71176e-13
2.965 0.890337 3.83254e-13
2.966 0.905594 2.13101e-13
2.967 0.920683 1.58182e-14
2.968 0.935602 -1.47121e-13
2.969 0.950349 -2.3036e-13
2.97 0.964924 -2.19528e-13
2.971 0.979327 -1.2634e-13
2.972 0.993555 1.29712e-14
2.973 1.00761 1.50365e-13
2.974 1.02148 2.43947e-13
2.975 1.03518 2.68938e-13
2.976 1.0487 2.26236e-13
2.977 1.06203 1.32707e-13
2.978 1.07519 2.04695e-14
2.979 1.08816 -8.13024e-14
2.98 1.10094 -1.51072e-13
2.981 1.11355 -1.79356e-13
2.982 1.12596 -1.71388e-13
2.983 1.13819 -1.39265e-13
2.984 1.15024 -9.54585e-14
2.985 1.16209 -5.18907e-14
2.986 1.17376 -8.66767e-15
2.987 1.18524 3.31339e-14
2.988 1.19653 7.30643e-14
2.989 1.20763 1.08677e-13
2.99 1.21853 1.27555e-13
2.991 1.22925 1.17348e-13
2.992 1.23977 6.91439e-14
2.993 1.2501 -1.58894e-14
2.994 1.26024 -1.25938e-13
2.995 1.27018 -2.32716e-13
2.996 1.27993 -2.99554e-13
2.997 1.28948 -2.98382e-13
2.998 1.29883 -2.10911e-13
2.999 1.30799 -4.88818e-14
3 1.31696 1.54849e-13
3.001 1.32572 3.48548e-13
3.002 1.33429 4.77945e-13
3.003 1.34266 5.02764e-13
3.004 1.35083 4.08378e-13
3.005 1.35881 2.18548e-13
3.006 1.36658 -2.06286e-14
3.007 1.37416 -2.44766e-13
3.008 1.38153 -3.94142e-13
3.009 1.38871 -4.31685e-13
3.01 1.39569 -3.55255e-13
3.011 1.40247 -1.99139e-13
3.012 1.40905 -1.87149e-14
3.013 1.41543 1.27464e-13
3.014 1.42161 1.94592e-13
3.015 1.42759 1.70684e-13
3.016 1.43338 7.51493e-14
3.017 1.43896 -4.02971e-14
3.018 1.44434 -1.26677e-13
3.019 1.44953 -1.36278e-13
3.02 1.45451 -5.41381e-14
3.021 1.45929 9.65518e-14
3.022 1.46388 2.63884e-13
3.023 1.46826 3.86403e-13
3.024 1.47244 4.12823e-13
3.025 1.47643 3.19026e-13
3.026 1.48022 1.255e-13
3.027 1.48381 -1.15993e-13
3.028 1.4872 -3.305e-13
3.029 1.4904 -4.47418e-13
3.03 1.4934 -4.26998e-13
3.031 1.4962 -2.6857e-13
3.032 1.49881 -1.61029e-14
3.033 1.50122 2.51254e-13
3.034 1.50344 4.55188e-13
3.035 1.50546 5.2921e-13
3.036 1.50728 4.5114e-13
3.037 1.50891 2.4199e-13
3.038 1.51035 -3.26445e-14
3.039 1.51159 -2.96402e-13
3.04 1.51264 -4.71241e-13
3.041 1.5135 -5.16319e-13
3.042 1.51417 -4.27471e-13
3.043 1.51465 -2.43126e-13
3.044 1.51493 -2.62388e-14
3.045 1.51503 1.52372e-13
3.046 1.51494 2.46715e-13
3.047 1.51466 2.43048e-13
3.048 1.5142 1.59514e-13
3.049 1.51355 4.13955e-14
3.05 1.51271 -6.10368e-14
3.051 1.51169 -1.08152e-13
3.052 1.51048 -9.02745e-14
3.053 1.50909 -2.11739e-14
3.054 1.50752 5.54036e-14
3.055 1.50576 1.00627e-13
3.056 1.50382 8.79876e-14
3.057 1.50171 1.53138e-14
3.058 1.49941 -8.93895e-14
3.059 1.49694 -1.8361e-13
3.06 1.4943 -2.19658e-13
3.061 1.49147 -1.72779e-13
3.062 1.48848 -5.12596e-14
3.063 1.4853 1.06914e-13
3.064 1.48196 2.47587e-13
3.065 1.47845 3.10085e-13
3.066 1.47476 2.62319e-13
3.067 1.4709 1.06324e-13
3.068 1.46688 -1.13156e-13
3.069 1.46269 -3.25309e-13
3.07 1.45832 -4.53178e-13
3.071 1.4538 -4.416e-13
3.072 1.44911 -2.83512e-13
3.073 1.44426 -1.68714e-14
3.074 1.43925 2.7427e-13
3.075 1.43407 4.97597e-13
3.076 1.42874 5.67704e-13
3.077 1.42325 4.53934e-13
3.078 1.41761 1.74939e-13
3.079 1.41181 -1.88671e-13
3.08 1.40586 -5.25446e-13
3.081 1.39976 -7.28695e-13
3.082 1.3935 -7.29811e-13
3.083 1.38709 -5.1716e-13
3.084 1.38054 -1.4924e-13
3.085 1.37384 2.68992e-13
3.086 1.36699 6.13141e-13
3.087 1.35999 7.83535e-13
3.088 1.35286 7.29962e-13
3.089 1.34558 4.74151e-13
3.09 1.33816 9.49667e-14
3.091 1.3306 -2.88903e-13
3.092 1.32291 -5.60131e-13
3.093 1.31508 -6.42819e-13
3.094 1.30712 -5.22449e-13
3.095 1.29902 -2.44605e-13
3.096 1.2908 9.13002e-14
3.097 1.28244 3.73653e-13
3.098 1.27396 5.15518e-13
3.099 1.26535 4.75424e-13
3.1 1.25661 2.75218e-13
3.101 1.24775 -1.25741e-14
3.102 1.23877 -2.83519e-13
3.103 1.22966 -4.47715e-13
3.104 1.22044 -4.52855e-13
3.105 1.2111 -2.99841e-13
3.106 1.20165 -4.4697e-14
3.107 1.19208 2.21167e-13
3.108 1.1824 4.07122e-13
3.109 1.17261 4.48746e-13
3.11 1.16271 3.33313e-13
3.111 1.1527 9.83055e-14
3.112 1.14259 -1.74531e-13
3.113 1.13237 -3.93299e-13
3.114 1.12205 -4.86167e-13
3.115 1.11163 -4.20351e-13
3.116 1.10111 -2.15569e-13
3.117 1.09049 5.96452e-14
3.118 1.07978 3.17106e-13
3.119 1.06897 4.7563e-13
3.12 1.05806 4.82369e-13
3.121 1.04707 3.36361e-13
3.122 1.03599 8.21431e-14
3.123 1.02482 -2.05263e-13
3.124 1.01357 -4.3692e-13
3.125 1.00223 -5.47258e-13
3.126 0.990812 -5.08918e-13
3.127 0.979313 -3.36924e-13
3.128 0.967735 -8.4846e-14
3.129 0.956081 1.76189e-13
3.13 0.94435 3.75332e-13
3.131 0.932546 4.70512e-13
3.132 0.92067 4.47528e-13
3.133 0.908724 3.28532e-13
3.134 0.896709 1.57608e-13
3.135 0.884627 -1.40851e-14
3.136 0.872481 -1.42648e-13
3.137 0.860271 -2.10128e-13
3.138 0.848001 -2.12444e-13
3.139 0.835671 -1.71373e-13
3.14 0.823283 -1.09452e-13
3.141 0.810839 -5.07248e-14
3.142 0.798341 -7.21163e-15
3.143 0.785791 2.13066e-14
3.144 0.773189 4.19353e-14
3.145 0.760539 6.16259e-14
3.146 0.747841 8.48332e-14
3.147 0.735098 1.0654e-13
3.148 0.72231 1.15518e-13
3.149 0.709481 9.71283e-14
3.15 0.696612 4.80983e-14
3.151 0.683705 -2.89075e-14
3.152 0.670762 -1.16061e-13
3.153 0.657783 -1.90395e-13
3.154 0.644772 -2.2621e-13
3.155 0.63173 -2.08399e-13
3.156 0.618657 -1.38279e-13
3.157 0.605557 -3.41086e-14
3.158 0.59243 7.18379e-14
3.159 0.579278 1.47441e-13
3.16 0.566103 1.67495e-13
3.161 0.552907 1.22383e-13
3.162 0.539691 2.51908e-14
3.163 0.526457 -9.33432e-14
3.164 0.513207 -1.94886e-13
3.165 0.499943 -2.44113e-13
3.166 0.486667 -2.23823e-13
3.167 0.473381 -1.3569e-13
3.168 0.460085 -5.36569e-15
3.169 0.446783 1.3034e-13
3.17 0.433475 2.31712e-13
3.171 0.420163 2.73046e-13
3.172 0.406849 2.44878e-13
3.173 0.393534 1.60341e-13
3.174 0.380219 4.98469e-14
3.175 0.366907 -5.24503e-14
3.176 0.353598 -1.17004e-13
3.177 0.340294 -1.26824e-13
3.178 0.326998 -8.86728e-14
3.179 0.313711 -2.37037e-14
3.18 0.300434 4.30551e-14
3.181 0.28717 8.32187e-14
3.182 0.27392 8.3055e-14
3.183 0.260686 4.43962e-14
3.184 0.24747 -1.60444e-14
3.185 0.234273 -7.36788e-14
3.186 0.221097 -1.05599e-13
3.187 0.207943 -9.8966e-14
3.188 0.194812 -5.71904e-14
3.189 0.181706 3.77363e-15
3.19 0.168627 5.94792e-14
3.191 0.155575 8.79578e-14
3.192 0.142552 7.40259e-14
3.193 0.129559 2.1358e-14
3.194 0.116599 -5.50635e-14
3.195 0.103673 -1.27018e-13
3.196 0.0907814 -1.69864e-13
3.197 0.0779271 -1.65208e-13
3.198 0.0651115 -1.09658e-13
3.199 0.052336 -1.80276e-14
3.2 0.0396022 8.35181e-14
3.201 0.0269115 1.63751e-13
3.202 0.0142652 1.97386e-13
3.203 0.00166461 1.71387e-13
3.204 -0.0108889 9.37454e-14
3.205 -0.0233942 -1.39448e-14
3.206 -0.0358498 -1.19992e-13
3.207 -0.0482547 -1.93264e-13
3.208 -0.0606073 -2.13068e-13
3.209 -0.0729064 -1.73084e-13
3.21 -0.0851506 -8.60286e-14
3.211 -0.0973384 2.24733e-14
3.212 -0.109468 1.2156e-13
3.213 -0.121539 1.81502e-13
3.214 -0.13355 1.84964e-13
3.215 -0.145498 1.31498e-13
3.216 -0.157384 3.31159e-14
3.217 -0.169205 -8.50993e-14
3.218 -0.18096 -1.92243e-13
3.219 -0.19265 -2.61074e-13
3.22 -0.204271 -2.74347e-13
3.221 -0.215824 -2.28496e-13
3.222 -0.227307 -1.33307e-13
3.223 -0.238719 -7.75852e-15
3.224 -0.250059 1.18504e-13
3.225 -0.261325 2.21267e-13
3.226 -0.272517 2.80954e-13
3.227 -0.283634 2.85045e-13
3.228 -0.294673 2.37335e-13
3.229 -0.305635 1.49537e-13
3.23 -0.316517 4.24002e-14
3.231 -0.327318 -6.0933e-14
3.232 -0.338039 -1.38366e-13
3.233 -0.348677 -1.7471e-13
3.234 -0.359231 -1.63788e-13
3.235 -0.369702 -1.11447e-13
3.236 -0.380087 -3.46524e-14
3.237 -0.390386 4.73683e-14
3.238 -0.400598 1.12081e-13
3.239 -0.410722 1.44502e-13
3.24 -0.420757 1.38459e-13
3.241 -0.430703 9.85204e-14
3.242 -0.440557 3.80343e-14
3.243 -0.450321 -2.22291e-14
3.244 -0.459992 -6.72597e-14
3.245 -0.469569 -8.20495e-14
3.246 -0.479052 -6.59045e-14
3.247 -0.48844 -2.81246e-14
3.248 -0.497732 1.89935e-14
3.249 -0.506928 5.66567e-14
3.25 -0.516026 6.89943e-14
3.251 -0.525025 5.22008e-14
3.252 -0.533926 1.10168e-14
3.253 -0.542726 -4.25864e-14
3.254 -0.551427 -8.81917e-14
3.255 -0.560025 -1.11051e-13
3.256 -0.568522 -1.02406e-13
3.257 -0.576917 -6.32144e-14
3.258 -0.585208 -3.67845e-15
3.259 -0.593395 5.83951e-14
3.26 -0.601478 1.07126e-13
3.261 -0.609455 1.30986e-13
3.262 -0.617328 1.27907e-13
3.263 -0.625094 1.02913e-13
3.264 -0.632754 6.75864e-14
3.265 -0.640306 3.51933e-14
3.266 -0.647751 1.32859e-14
3.267 -0.655088 2.83101e-15
3.268 -0.662315 -3.49223e-15
3.269 -0.669434 -1.64512e-14
3.27 -0.676442 -4.07017e-14
3.271 -0.68334 -7.86307e-14
3.272 -0.690127 -1.1958e-13
3.273 -0.696802 -1.48722e-13
3.274 -0.703365 -1.44559e-13
3.275 -0.709816 -9.71584e-14
3.276 -0.716154 -5.29084e-15
3.277 -0.722379 1.13125e-13
3.278 -0.728491 2.27734e-13
3.279 -0.73449 3.02175e-13
3.28 -0.740374 3.03772e-13
3.281 -0.746145 2.19999e-13
3.282 -0.751802 5.93605e-14
3.283 -0.757345 -1.41775e-13
3.284 -0.762773 -3.31511e-13
3.285 -0.768087 -4.55032e-13
3.286 -0.773285 -4.72934e-13
3.287 -0.778368 -3.68815e-13
3.288 -0.783335 -1.64606e-13
3.289 -0.788186 9.1905e-14
3.29 -0.79292 3.33998e-13
3.291 -0.797537 4.96581e-13
3.292 -0.802038 5.34415e-13
3.293 -0.806421 4.37991e-13
3.294 -0.810688 2.34258e-13
3.295 -0.814837 -2.23087e-14
3.296 -0.818869 -2.59288e-13
3.297 -0.822785 -4.13001e-13
3.298 -0.826583 -4.42215e-13
3.299 -0.830265 -3.47271e-13
3.3 -0.83383 -1.59134e-13
3.301 -0.837278 6.21413e-14
3.302 -0.84061 2.50762e-13
3.303 -0.843826 3.52563e-13
3.304 -0.846924 3.4057e-13
3.305 -0.849906 2.25872e-13
3.306 -0.852771 4.69787e-14
3.307 -0.855519 -1.38367e-13
3.308 -0.85815 -2.76778e-13
3.309 -0.860664 -3.24943e-13
3.31 -0.863061 -2.72606e-13
3.311 -0.865342 -1.42885e-13
3.312 -0.867506 2.43852e-14
3.313 -0.869553 1.76624e-13
3.314 -0.871485 2.70581e-13
3.315 -0.873301 2.83877e-13
3.316 -0.875002 2.18123e-13
3.317 -0.876588 9.60898e-14
3.318 -0.87806 -4.29828e-14
3.319 -0.879418 -1.56536e-13
3.32 -0.880661 -2.19111e-13
3.321 -0.88179 -2.16007e-13
3.322 -0.882806 -1.57827e-13
3.323 -0.883708 -6.79168e-14
3.324 -0.884497 2.30418e-14
3.325 -0.885172 8.90262e-14
3.326 -0.885734 1.16218e-13
3.327 -0.886184 1.02087e-13
3.328 -0.886521 5.6577e-14
3.329 -0.886746 -3.38117e-16
3.33 -0.88686 -5.01224e-14
3.331 -0.886864 -7.70322e-14
3.332 -0.886757 -7.42955e-14
3.333 -0.88654 -4.6366e-14
3.334 -0.886215 -2.34684e-15
3.335 -0.885781 4.47792e-14
3.336 -0.885239 8.35513e-14
3.337 -0.884589 1.02593e-13
3.338 -0.883831 1.01195e-13
3.339 -0.882967 7.87286e-14
3.34 -0.881995 4.40872e-14
3.341 -0.880918 1.04249e-15
3.342 -0.879734 -3.78985e-14
3.343 -0.878446 -6.84646e-14
3.344 -0.877052 -7.99724e-14
3.345 -0.875554 -6.91625e-14
3.346 -0.873953 -3.5554e-14
3.347 -0.872249 1.7279e-14
3.348 -0.870444 7.80185e-14
3.349 -0.868536 1.32395e-13
3.35 -0.866529 1.62515e-13
3.351 -0.864421 1.56957e-13
3.352 -0.862215 1.08685e-13
3.353 -0.859909 2.67993e-14
3.354 -0.857505 -7.35589e-14
3.355 -0.855004 -1.65109e-13
3.356 -0.852406 -2.23647e-13
3.357 -0.849711 -2.28239e-13
3.358 -0.84692 -1.70678e-13
3.359 -0.844034 -6.31828e-14
3.36 -0.841053 6.84e-14
3.361 -0.837979 1.86419e-13
3.362 -0.834812 2.54674e-13
3.363 -0.831553 2.52478e-13
3.364 -0.828203 1.724e-13
3.365 -0.824762 3.34007e-14
3.366 -0.821232 -1.28917e-13
3.367 -0.817613 -2.70611e-13
3.368 -0.813907 -3.50932e-13
3.369 -0.810113 -3.45847e-13
3.37 -0.806232 -2.56378e-13
3.371 -0.802266 -1.03196e-13
3.372 -0.798215 7.51305e-14
3.373 -0.794081 2.34503e-13
3.374 -0.789862 3.36889e-13
3.375 -0.785561 3.61397e-13
3.376 -0.781179 3.08384e-13
3.377 -0.776716 1.99308e-13
3.378 -0.772172 6.70096e-14
3.379 -0.76755 -5.50927e-14
3.38 -0.762849 -1.42043e-13
3.381 -0.758071 -1.80943e-13
3.382 -0.753216 -1.74639e-13
3.383 -0.748286 -1.359e-13
3.384 -0.74328 -8.13817e-14
3.385 -0.738201 -2.45834e-14
3.386 -0.733049 2.36466e-14
3.387 -0.727826 6.388e-14
3.388 -0.722532 9.79807e-14
3.389 -0.717167 1.26328e-13
3.39 -0.711735 1.43229e-13
3.391 -0.706234 1.42878e-13
3.392 -0.700667 1.14932e-13
3.393 -0.695033 5.5909e-14
3.394 -0.689335 -3.0355e-14
3.395 -0.683572 -1.25329e-13
3.396 -0.677745 -2.04369e-13
3.397 -0.671855 -2.40711e-13
3.398 -0.665904 -2.1542e-13
3.399 -0.659891 -1.26876e-13
3.4 -0.653819 8.10882e-15
3.401 -0.647687 1.54618e-13
3.402 -0.641497 2.69855e-13
3.403 -0.63525 3.15675e-13
3.404 -0.628948 2.72129e-13
3.405 -0.622592 1.47547e-13
3.406 -0.616183 -2.41663e-14
3.407 -0.609721 -1.9012e-13
3.408 -0.603209 -2.9764e-13
3.409 -0.596646 -3.09506e-13
3.41 -0.590034 -2.19524e-13
3.411 -0.583374 -5.37023e-14
3.412 -0.576666 1.35219e-13
3.413 -0.569911 2.82984e-13
3.414 -0.56311 3.40107e-13
3.415 -0.556264 2.81754e-13
3.416 -0.549374 1.22976e-13
3.417 -0.54244 -8.6357e-14
3.418 -0.535465 -2.78613e-13
3.419 -0.528449 -3.89641e-13
3.42 -0.521393 -3.8037e-13
3.421 -0.5143 -2.51834e-13
3.422 -0.507169 -4.49387e-14
3.423 -0.500003 1.69532e-13
3.424 -0.492802 3.19919e-13
3.425 -0.485567 3.51446e-13
3.426 -0.478299 2.53667e-13
3.427 -0.470999 5.57271e-14
3.428 -0.463668 -1.72732e-13
3.429 -0.456306 -3.53875e-13
3.43 -0.448914 -4.17194e-13
3.431 -0.441494 -3.36222e-13
3.432 -0.434046 -1.30756e-13
3.433 -0.426571 1.35154e-13
3.434 -0.419071 3.73194e-13
3.435 -0.411547 5.01624e-13
3.436 -0.404 4.73128e-13
3.437 -0.396431 2.90052e-13
3.438 -0.388842 7.75595e-15
3.439 -0.381234 -2.86138e-13
3.44 -0.373607 -4.97924e-13
3.441 -0.365963 -5.56457e-13
3.442 -0.358302 -4.42162e-13
3.443 -0.350625 -1.90079e-13
3.444 -0.342933 1.18341e-13
3.445 -0.335227 3.85916e-13
3.446 -0.327508 5.27051e-13
3.447 -0.319776 4.97052e-13
3.448 -0.312033 3.08583e-13
3.449 -0.30428 2.58558e-14
3.45 -0.296518 -2.56821e-13
3.451 -0.288748 -4.48514e-13
3.452 -0.280971 -4.88295e-13
3.453 -0.273188 -3.69125e-13
3.454 -0.265402 -1.35883e-13
3.455 -0.257611 1.31658e-13
3.456 -0.249818 3.40347e-13
3.457 -0.242023 4.23788e-13
3.458 -0.234228 3.56658e-13
3.459 -0.226432 1.67949e-13
3.46 -0.218637 -7.35847e-14
3.461 -0.210844 -2.81402e-13
3.462 -0.203054 -3.87195e-13
3.463 -0.195268 -3.56674e-13
3.464 -0.187486 -2.07085e-13
3.465 -0.179711 5.05827e-15
3.466 -0.171942 2.01516e-13
3.467 -0.164181 3.1324e-13
3.468 -0.156429 3.03765e-13
3.469 -0.148687 1.84661e-13
3.47 -0.140955 3.7385e-15
3.471 -0.133234 -1.6418e-13
3.472 -0.125526 -2.53807e-13
3.473 -0.117831 -2.28889e-13
3.474 -0.11015 -9.86846e-14
3.475 -0.102483 8.49548e-14
3.476 -0.0948326 2.47946e-13
3.477 -0.0871985 3.20847e-13
3.478 -0.0795821 2.64071e-13
3.479 -0.0719843 8.80712e-14
3.48 -0.0644063 -1.51441e-13
3.481 -0.0568489 -3.69368e-13
3.482 -0.049313 -4.83508e-13
3.483 -0.0417996 -4.41915e-13
3.484 -0.0343093 -2.44532e-13
3.485 -0.0268429 5.22942e-14
3.486 -0.0194011 3.53883e-13
3.487 -0.0119845 5.60295e-13
3.488 -0.0045939 5.98005e-13
3.489 0.00276999 4.44784e-13
3.49 0.0101063 1.42698e-13
3.491 0.0174143 -2.14163e-13
3.492 0.0246929 -5.11862e-13
3.493 0.0319411 -6.52479e-13
3.494 0.0391581 -5.89148e-13
3.495 0.046343 -3.40264e-13
3.496 0.0534947 1.47443e-14
3.497 0.0606126 3.62081e-13
3.498 0.067696 5.90545e-13
3.499 0.0747441 6.26971e-13
3.5 0.0817564 4.62968e-13
3.501 0.0887324 1.56259e-13
3.502 0.0956716 -1.88792e-13
3.503 0.102573 -4.57592e-13
3.504 0.109437 -5.61728e-13
3.505 0.116262 -4.70803e-13
3.506 0.123047 -2.19419e-13
3.507 0.129791 1.02456e-13
3.508 0.136495 3.82937e-13
3.509 0.143156 5.2489e-13
3.51 0.149774 4.79719e-13
3.511 0.156348 2.64913e-13
3.512 0.162877 -4.43284e-14
3.513 0.169361 -3.41298e-13
3.514 0.1758 -5.23666e-13
3.515 0.182193 -5.26292e-13
3.516 0.188539 -3.48879e-13
3.517 0.194838 -4.97845e-14
3.518 0.20109 2.705e-13
3.519 0.207294 5.05242e-13
3.52 0.213449 5.75542e-13
3.521 0.219556 4.58963e-13
3.522 0.225612 1.94144e-13
3.523 0.231618 -1.30022e-13
3.524 0.237572 -4.06963e-13
3.525 0.243474 -5.49791e-13
3.526 0.249323 -5.16388e-13
3.527 0.255118 -3.27154e-13
3.528 0.26086 -5.05301e-14
3.529 0.266547 2.17064e-13
3.53 0.272179 3.84838e-13
3.531 0.277756 4.04334e-13
3.532 0.283279 2.74368e-13
3.533 0.288746 5.24242e-14
3.534 0.294157 -1.78175e-13
3.535 0.299513 -3.33457e-13
3.536 0.304811 -3.55631e-13
3.537 0.310053 -2.40058e-13
3.538 0.315236 -2.82012e-14
3.539 0.320361 2.02351e-13
3.54 0.325426 3.66956e-13
3.541 0.330431 4.0633e-13
3.542 0.335376 3.04482e-13
3.543 0.34026 9.58788e-14
3.544 0.345082 -1.47104e-13
3.545 0.349843 -3.39855e-13
3.546 0.354542 -4.16991e-13
3.547 0.35918 -3.50053e-13
3.548 0.363757 -1.61564e-13
3.549 0.368271 8.44995e-14
3.55 0.372723 3.06399e-13
3.551 0.377114 4.31767e-13
3.552 0.381441 4.21015e-13
3.553 0.385705 2.81487e-13
3.554 0.389905 6.23392e-14
3.555 0.394042 -1.61193e-13
3.556 0.398113 -3.1905e-13
3.557 0.402119 -3.64429e-13
3.558 0.406059 -2.92355e-13
3.559 0.409933 -1.35207e-13
3.56 0.413742 4.56925e-14
3.561 0.417484 1.85701e-13
3.562 0.421161 2.40945e-13
3.563 0.424771 2.00238e-13
3.564 0.428316 8.63984e-14
3.565 0.431794 -5.05145e-14
3.566 0.435206 -1.5813e-13
3.567 0.438552 -1.99741e-13
3.568 0.441831 -1.63559e-13
3.569 0.445043 -7.49574e-14
3.57 0.448187 2.4408e-14
3.571 0.451264 8.90317e-14
3.572 0.454273 8.95264e-14
3.573 0.457213 2.45103e-14
3.574 0.460086 -7.75703e-14
3.575 0.46289 -1.69273e-13
3.576 0.465626 -2.02254e-13
3.577 0.468293 -1.51894e-13
3.578 0.470893 -2.25808e-14
3.579 0.473425 1.45258e-13
3.58 0.475889 2.94028e-13
3.581 0.478284 3.62125e-13
3.582 0.480612 3.14854e-13
3.583 0.482871 1.52986e-13
3.584 0.485062 -7.6777e-14
3.585 0.487184 -3.04707e-13
3.586 0.489237 -4.50659e-13
3.587 0.491221 -4.61981e-13
3.588 0.493136 -3.24947e-13
3.589 0.494982 -7.57757e-14
3.59 0.49676 2.06869e-13
3.591 0.498469 4.32986e-13
3.592 0.50011 5.26794e-13
3.593 0.501683 4.51339e-13
3.594 0.503188 2.26994e-13
3.595 0.504626 -7.97726e-14
3.596 0.505995 -3.69962e-13
3.597 0.507297 -5.50962e-13
3.598 0.508531 -5.63998e-13
3.599 0.509697 -4.02305e-13
3.6 0.510795 -1.17544e-13
3.601 0.511825 2.00773e-13
3.602 0.512788 4.53566e-13
3.603 0.513682 5.62042e-13
3.604 0.514509 4.97043e-13
3.605 0.515268 2.83487e-13
3.606 0.51596 -5.55364e-15
3.607 0.516586 -2.73608e-13
3.608 0.517146 -4.38342e-13
3.609 0.517639 -4.49999e-13
3.61 0.518067 -3.14745e-13
3.611 0.518429 -8.49139e-14
3.612 0.518725 1.56398e-13
3.613 0.518956 3.30427e-13
3.614 0.519121 3.80052e-13
3.615 0.519221 2.97705e-13
3.616 0.519256 1.19138e-13
3.617 0.519226 -8.43738e-14
3.618 0.51913 -2.39096e-13
3.619 0.51897 -2.89804e-13
3.62 0.518746 -2.21888e-13
3.621 0.518459 -6.43212e-14
3.622 0.518108 1.18079e-13
3.623 0.517694 2.55448e-13
3.624 0.517218 2.92763e-13
3.625 0.51668 2.1194e-13
3.626 0.51608 3.85779e-14
3.627 0.515419 -1.64417e-13
3.628 0.514696 -3.24584e-13
3.629 0.513912 -3.78063e-13
3.63 0.513066 -3.01013e-13
3.631 0.51216 -1.1348e-13
3.632 0.511192 1.24977e-13
3.633 0.510164 3.35384e-13
3.634 0.509075 4.45392e-13
3.635 0.507927 4.14386e-13
3.636 0.506721 2.51092e-13
3.637 0.505455 7.50623e-15
3.638 0.504132 -2.38583e-13
3.639 0.502752 -4.06098e-13
3.64 0.501315 -4.39357e-13
3.641 0.499822 -3.30598e-13
3.642 0.498273 -1.16069e-13
3.643 0.496668 1.31672e-13
3.644 0.495007 3.32508e-13
3.645 0.493291 4.18995e-13
3.646 0.491519 3.67071e-13
3.647 0.489693 1.96043e-13
3.648 0.487811 -3.11658e-14
3.649 0.485876 -2.38334e-13
3.65 0.483886 -3.54847e-13
3.651 0.481844 -3.45192e-13
3.652 0.479749 -2.15908e-13
3.653 0.477602 -1.41705e-14
3.654 0.475405 1.86579e-13
3.655 0.473157 3.15351e-13
3.656 0.470859 3.28827e-13
3.657 0.468512 2.22485e-13
3.658 0.466116 3.58181e-14
3.659 0.463671 -1.64666e-13
3.66 0.461178 -3.06948e-13
3.661 0.458637 -3.40286e-13
3.662 0.456048 -2.4942e-13
3.663 0.453411 -6.48852e-14
3.664 0.450727 1.50611e-13
3.665 0.447997 3.22363e-13
3.666 0.445221 3.89652e-13
3.667 0.442399 3.27896e-13
3.668 0.439533 1.51498e-13
3.669 0.436624 -8.05082e-14
3.67 0.433671 -2.9392e-13
3.671 0.430676 -4.18467e-13
3.672 0.427639 -4.10761e-13
3.673 0.424561 -2.72244e-13
3.674 0.421441 -4.31613e-14
3.675 0.418281 2.05918e-13
3.676 0.41508 3.98598e-13
3.677 0.41184 4.73867e-13
3.678 0.40856 4.11645e-13
3.679 0.405241 2.32217e-13
3.68 0.401884 -9.73826e-15
3.681 0.398489 -2.40702e-13
3.682 0.395058 -3.94951e-13
3.683 0.39159 -4.30544e-13
3.684 0.388087 -3.44811e-13
3.685 0.384549 -1.71382e-13
3.686 0.380977 3.55483e-14
3.687 0.377371 2.13012e-13
3.688 0.373732 3.12175e-13
3.689 0.37006 3.13375e-13
3.69 0.366355 2.27509e-13
3.691 0.362619 8.96141e-14
3.692 0.358851 -5.33036e-14
3.693 0.355052 -1.61955e-13
3.694 0.351223 -2.07417e-13
3.695 0.347364 -1.88347e-13
3.696 0.343476 -1.23238e-13
3.697 0.33956 -3.80373e-14
3.698 0.335616 3.49257e-14
3.699 0.331646 7.81237e-14
3.7 0.32765 8.49148e-14
3.701 0.32363 6.60031e-14
3.702 0.319584 3.80058e-14
3.703 0.315514 1.65144e-14
3.704 0.311421 8.93081e-15
3.705 0.307304 1.68734e-14
3.706 0.303164 2.61862e-14
3.707 0.299001 2.78259e-14
3.708 0.294815 1.17724e-14
3.709 0.290608 -2.27115e-14
3.71 0.28638 -6.23952e-14
3.711 0.282132 -9.08303e-14
3.712 0.277864 -9.24744e-14
3.713 0.273578 -5.75005e-14
3.714 0.269275 8.04073e-15
3.715 0.264955 8.64785e-14
3.716 0.260618 1.50839e-13
3.717 0.256266 1.75892e-13
3.718 0.2519 1.46392e-13
3.719 0.247518 6.41603e-14
3.72 0.243122 -4.86967e-14
3.721 0.238713 -1.60334e-13
3.722 0.234289 -2.32672e-13
3.723 0.229853 -2.41802e-13
3.724 0.225403 -1.77985e-13
3.725 0.220942 -5.71694e-14
3.726 0.216469 8.74259e-14
3.727 0.211986 2.10581e-13
3.728 0.207493 2.75863e-13
3.729 0.202992 2.60997e-13
3.73 0.198482 1.67722e-13
3.731 0.193966 2.41109e-14
3.732 0.189443 -1.29134e-13
3.733 0.184914 -2.45217e-13
3.734 0.18038 -2.90357e-13
3.735 0.17584 -2.51653e-13
3.736 0.171295 -1.43445e-13
3.737 0.166746 1.14146e-16
3.738 0.162192 1.31924e-13
3.739 0.157634 2.12284e-13
3.74 0.153073 2.18748e-13
3.741 0.14851 1.52622e-13
3.742 0.143944 3.95141e-14
3.743 0.139378 -8.0524e-14
3.744 0.134812 -1.65288e-13
3.745 0.130246 -1.83711e-13
3.746 0.125682 -1.2922e-13
3.747 0.121121 -1.84491e-14
3.748 0.116562 1.09773e-13
3.749 0.112006 2.13238e-13
3.75 0.107453 2.5251e-13
3.751 0.102905 2.13328e-13
3.752 0.0983605 1.02236e-13
3.753 0.0938203 -4.80359e-14
3.754 0.0892849 -1.91866e-13
3.755 0.0847546 -2.82973e-13
3.756 0.0802301 -2.90645e-13
3.757 0.075712 -2.08683e-13
3.758 0.071201 -5.64992e-14
3.759 0.0666981 1.21945e-13
3.76 0.0622038 2.77988e-13
3.761 0.057719 3.65105e-13
3.762 0.0532443 3.57543e-13
3.763 0.0487803 2.55771e-13
3.764 0.0443274 8.79423e-14
3.765 0.0398861 -9.99912e-14
3.766 0.0354566 -2.57271e-13
3.767 0.0310393 -3.43721e-13
3.768 0.0266345 -3.37009e-13
3.769 0.0222425 -2.44437e-13
3.77 0.0178638 -9.50801e-14
3.771 0.0134988 6.88107e-14
3.772 0.00914815 2.01439e-13
3.773 0.00481248 2.68397e-13
3.774 0.000492412 2.5787e-13
3.775 -0.0038114 1.77494e-13
3.776 -0.00809835 5.6417e-14
3.777 -0.0123679 -6.89325e-14
3.778 -0.0166196 -1.6219e-13
3.779 -0.020853 -1.98216e-13
3.78 -0.0250677 -1.72303e-13
3.781 -0.0292636 -9.5867e-14
3.782 -0.0334403 4.44383e-15
3.783 -0.0375974 9.88441e-14
3.784 -0.0417347 1.59067e-13
3.785 -0.0458516 1.71479e-13
3.786 -0.0499477 1.35385e-13
3.787 -0.0540225 6.53322e-14
3.788 -0.0580754 -1.62268e-14
3.789 -0.0621058 -8.38749e-14
3.79 -0.0661131 -1.2002e-13
3.791 -0.0700968 -1.17749e-13
3.792 -0.0740565 -8.13408e-14
3.793 -0.0779919 -2.69243e-14
3.794 -0.0819025 2.85808e-14
3.795 -0.0857883 6.62629e-14
3.796 -0.0896489 7.57344e-14
3.797 -0.0934842 5.76899e-14
3.798 -0.0972939 2.01318e-14
3.799 -0.101078 -2.35101e-14
3.8 -0.104835 -5.89195e-14
3.801 -0.108566 -7.60754e-14
3.802 -0.112269 -7.10936e-14
3.803 -0.115944 -4.63758e-14
3.804 -0.119591 -1.40454e-14
3.805 -0.123209 1.88465e-14
3.806 -0.126798 4.1195e-14
3.807 -0.130357 4.76332e-14
3.808 -0.133886 3.97543e-14
3.809 -0.137385 2.45692e-14
3.81 -0.140854 8.55616e-15
3.811 -0.144292 -1.29341e-15
3.812 -0.1477 -1.76774e-15
3.813 -0.151077 3.39862e-15
3.814 -0.154423 9.89727e-15
3.815 -0.157738 9.785e-15
3.816 -0.161022 -1.2301e-15
3.817 -0.164273 -2.2932e-14
3.818 -0.167493 -4.94882e-14
3.819 -0.170679 -7.12077e-14
3.82 -0.173831 -7.67835e-14
3.821 -0.17695 -5.94799e-14
3.822 -0.180034 -1.89899e-14
3.823 -0.183083 3.70895e-14
3.824 -0.186098 9.41391e-14
3.825 -0.189078 1.32081e-13
3.826 -0.192024 1.38464e-13
3.827 -0.194935 1.05156e-13
3.828 -0.19781 3.62941e-14
3.829 -0.200652 -5.07537e-14
3.83 -0.203458 -1.33725e-13
3.831 -0.206229 -1.8782e-13
3.832 -0.208964 -1.94695e-13
3.833 -0.211664 -1.49183e-13
3.834 -0.214327 -6.03346e-14
3.835 -0.216954 5.08033e-14
3.836 -0.219543 1.51153e-13
3.837 -0.222095 2.14136e-13
3.838 -0.224609 2.19331e-13
3.839 -0.227085 1.64326e-13
3.84 -0.229523 6.21045e-14
3.841 -0.231923 -5.76263e-14
3.842 -0.234285 -1.62061e-13
3.843 -0.236609 -2.19798e-13
3.844 -0.238895 -2.15073e-13
3.845 -0.241144 -1.48307e-13
3.846 -0.243355 -3.84598e-14
3.847 -0.245527 8.28579e-14
3.848 -0.247662 1.79635e-13
3.849 -0.249758 2.26928e-13
3.85 -0.251816 2.08058e-13
3.851 -0.253834 1.28704e-13
3.852 -0.255813 1.46766e-14
3.853 -0.257753 -1.00919e-13
3.854 -0.259652 -1.8721e-13
3.855 -0.261511 -2.17724e-13
3.856 -0.263331 -1.86725e-13
3.857 -0.265111 -1.05894e-13
3.858 -0.26685 -1.25257e-15
3.859 -0.268551 9.66851e-14
3.86 -0.270211 1.583e-13
3.861 -0.271833 1.68326e-13
3.862 -0.273414 1.25292e-13
3.863 -0.274956 4.77267e-14
3.864 -0.276459 -3.76967e-14
3.865 -0.277922 -1.04152e-13
3.866 -0.279345 -1.33104e-13
3.867 -0.280728 -1.16442e-13
3.868 -0.282071 -6.45942e-14
3.869 -0.283373 3.56281e-15
3.87 -0.284635 6.14278e-14
3.871 -0.285857 8.86387e-14
3.872 -0.287038 7.53314e-14
3.873 -0.288179 2.78062e-14
3.874 -0.289279 -3.63704e-14
3.875 -0.29034 -9.30285e-14
3.876 -0.29136 -1.18206e-13
3.877 -0.292341 -1.00056e-13
3.878 -0.293281 -4.11801e-14
3.879 -0.294182 4.07825e-14
3.88 -0.295044 1.18931e-13
3.881 -0.295865 1.65879e-13
3.882 -0.296647 1.60496e-13
3.883 -0.297388 9.91967e-14
3.884 -0.29809 -3.09786e-15
3.885 -0.298752 -1.18362e-13
3.886 -0.299375 -2.08995e-13
3.887 -0.299957 -2.47011e-13
3.888 -0.3005 -2.15765e-13
3.889 -0.301004 -1.19394e-13
3.89 -0.301468 1.9331e-14
3.891 -0.301893 1.59396e-13
3.892 -0.302279 2.60505e-13
3.893 -0.302626 2.9027e-13
3.894 -0.302934 2.37088e-13
3.895 -0.303204 1.13307e-13
3.896 -0.303434 -4.80612e-14
3.897 -0.303627 -2.01248e-13
3.898 -0.30378 -3.01306e-13
3.899 -0.303896 -3.20329e-13
3.9 -0.303973 -2.52039e-13
3.901 -0.304011 -1.14647e-13
3.902 -0.304012 5.37634e-14
3.903 -0.303975 2.05779e-13
3.904 -0.3039 2.99844e-13
3.905 -0.303788 3.09908e-13
3.906 -0.303638 2.36392e-13
3.907 -0.303451 1.0231e-13
3.908 -0.303227 -5.47267e-14
3.909 -0.302967 -1.87873e-13
3.91 -0.30267 -2.63004e-13
3.911 -0.302336 -2.63208e-13
3.912 -0.301966 -1.92702e-13
3.913 -0.30156 -7.61972e-14
3.914 -0.301118 5.137e-14
3.915 -0.30064 1.51555e-13
3.916 -0.300126 2.00743e-13
3.917 -0.299577 1.91525e-13
3.918 -0.298992 1.33494e-13
3.919 -0.298373 5.01729e-14
3.92 -0.297719 -2.99378e-14
3.921 -0.29703 -8.3396e-14
3.922 -0.296306 -1.00202e-13
3.923 -0.295549 -8.1847e-14
3.924 -0.294758 -4.33529e-14
3.925 -0.293933 -4.73327e-15
3.926 -0.293075 1.85454e-14
3.927 -0.292183 1.77389e-14
3.928 -0.291258 -1.69021e-15
3.929 -0.290301 -2.73994e-14
3.93 -0.289311 -4.37683e-14
3.931 -0.288289 -3.84009e-14
3.932 -0.287235 -7.7064e-15
3.933 -0.286149 3.95995e-14
3.934 -0.285031 8.64108e-14
3.935 -0.283882 1.10526e-13
3.936 -0.282703 9.9872e-14
3.937 -0.281492 5.0197e-14
3.938 -0.280252 -2.62235e-14
3.939 -0.278981 -1.07141e-13
3.94 -0.27768 -1.66097e-13
3.941 -0.27635 -1.80613e-13
3.942 -0.27499 -1.42821e-13
3.943 -0.2736 -6.21073e-14
3.944 -0.272182 4.03244e-14
3.945 -0.270735 1.30452e-13
3.946 -0.26926 1.79512e-13
3.947 -0.267756 1.7077e-13
3.948 -0.266225 1.06972e-13
3.949 -0.264667 7.79618e-15
3.95 -0.263081 -9.32261e-14
3.951 -0.261469 -1.60517e-13
3.952 -0.259831 -1.72525e-13
3.953 -0.258167 -1.21549e-13
3.954 -0.256477 -2.71887e-14
3.955 -0.254762 7.96526e-14
3.956 -0.253021 1.60049e-13
3.957 -0.251256 1.84277e-13
3.958 -0.249466 1.41415e-13
3.959 -0.247651 4.24201e-14
3.96 -0.245812 -7.95624e-14
3.961 -0.243949 -1.82351e-13
3.962 -0.242062 -2.2887e-13
3.963 -0.240153 -1.98976e-13
3.964 -0.23822 -9.72738e-14
3.965 -0.236265 4.6074e-14
3.966 -0.234287 1.83742e-13
3.967 -0.232289 2.71106e-13
3.968 -0.230269 2.75506e-13
3.969 -0.228228 1.90534e-13
3.97 -0.226167 4.17525e-14
3.971 -0.224086 -1.27149e-13
3.972 -0.221985 -2.61295e-13
3.973 -0.219864 -3.17462e-13
3.974 -0.217724 -2.74656e-13
3.975 -0.215564 -1.44784e-13
3.976 -0.213386 3.00429e-14
3.977 -0.211189 1.95102e-13
3.978 -0.208973 2.95316e-13
3.979 -0.206739 2.98187e-13
3.98 -0.204488 2.00796e-13
3.981 -0.20222 3.42499e-14
3.982 -0.199936 -1.48028e-13
3.983 -0.197635 -2.84809e-13
3.984 -0.195318 -3.29924e-13
3.985 -0.192987 -2.6602e-13
3.986 -0.19064 -1.0996e-13
3.987 -0.188278 9.07223e-14
3.988 -0.185902 2.74955e-13
3.989 -0.183512 3.8425e-13
3.99 -0.181108 3.83809e-13
3.991 -0.17869 2.7177e-13
3.992 -0.176259 8.14828e-14
3.993 -0.173815 -1.30126e-13
3.994 -0.171357 -3.00451e-13
3.995 -0.168888 -3.82193e-13
3.996 -0.166407 -3.53841e-13
3.997 -0.163914 -2.27932e-13
3.998 -0.161411 -4.74544e-14
3.999 -0.158896 1.33673e-13
4 -0.156372 2.60918e-13
4.001 -0.153838 3.02923e-13
4.002 -0.151295 2.54461e-13
4.003 -0.148742 1.38951e-13
4.004 -0.146181 -4.06975e-16
4.005 -0.143611 -1.19259e-13
4.006 -0.141032 -1.82529e-13
4.007 -0.138446 -1.78051e-13
4.008 -0.135852 -1.17234e-13
4.009 -0.13325 -2.90986e-14
4.01 -0.130641 5.01388e-14
4.011 -0.128026 9.47688e-14
4.012 -0.125404 9.12288e-14
4.013 -0.122777 4.94215e-14
4.014 -0.120144 -9.99471e-15
4.015 -0.117507 -5.75044e-14
4.016 -0.114865 -7.3215e-14
4.017 -0.112218 -4.79113e-14
4.018 -0.109568 7.64616e-15
4.019 -0.106915 7.01162e-14
4.02 -0.104258 1.1342e-13
4.021 -0.101598 1.17241e-13
4.022 -0.098935 7.43466e-14
4.023 -0.0962698 -2.47124e-15
4.024 -0.0936025 -8.8668e-14
4.025 -0.0909333 -1.54131e-13
4.026 -0.0882626 -1.72487e-13
4.027 -0.0855908 -1.35978e-13
4.028 -0.0829182 -5.26024e-14
4.029 -0.0802453 5.02388e-14
4.03 -0.0775724 1.40185e-13
4.031 -0.0748999 1.87749e-13
4.032 -0.0722282 1.77889e-13
4.033 -0.0695577 1.14457e-13
4.034 -0.0668887 1.65713e-14
4.035 -0.0642215 -8.20848e-14
4.036 -0.0615564 -1.5032e-13
4.037 -0.0588938 -1.68435e-13
4.038 -0.0562338 -1.32503e-13
4.039 -0.0535768 -5.64753e-14
4.04 -0.050923 3.10082e-14
4.041 -0.0482728 1.01565e-13
4.042 -0.0456264 1.30703e-13
4.043 -0.0429841 1.13831e-13
4.044 -0.0403463 5.84932e-14
4.045 -0.0377132 -1.17862e-14
4.046 -0.0350852 -6.94927e-14
4.047 -0.0324625 -9.65098e-14
4.048 -0.0298455 -8.22678e-14
4.049 -0.0272346 -3.52671e-14
4.05 -0.0246301 2.69332e-14
4.051 -0.0220323 8.05192e-14
4.052 -0.0194415 1.06731e-13
4.053 -0.0168581 9.67007e-14
4.054 -0.0142824 5.5934e-14
4.055 -0.0117147 -4.12996e-16
4.056 -0.0091553 -5.21718e-14
4.057 -0.00660449 -8.11679e-14
4.058 -0.00406252 -8.10486e-14
4.059 -0.00152963 -5.36318e-14
4.06 0.000993943 -1.16061e-14
4.061 0.00350798 2.77905e-14
4.062 0.00601227 5.04859e-14
4.063 0.00850656 5.17665e-14
4.064 0.0109906 3.46975e-14
4.065 0.0134642 1.0982e-14
4.066 0.015927 -7.11015e-15
4.067 0.0183788 -1.0646e-14
4.068 0.0208192 3.01338e-15
4.069 0.0232479 2.44361e-14
4.07 0.0256646 4.18441e-14
4.071 0.028069 4.1519e-14
4.072 0.0304608 1.95822e-14
4.073 0.0328396 -2.15777e-14
4.074 0.0352053 -6.34503e-14
4.075 0.0375577 -9.01698e-14
4.076 0.0398964 -8.56808e-14
4.077 0.0422213 -4.43526e-14
4.078 0.0445323 2.56794e-14
4.079 0.0468291 9.98634e-14
4.08 0.0491116 1.52797e-13
4.081 0.0513796 1.5897e-13
4.082 0.0536328 1.10816e-13
4.083 0.055871 1.78743e-14
4.084 0.058094 -9.18852e-14
4.085 0.0603015 -1.81454e-13
4.086 0.0624933 -2.17314e-13
4.087 0.064669 -1.80394e-13
4.088 0.0668285 -7.6873e-14
4.089 0.0689715 6.48734e-14
4.09 0.0710978 1.95971e-13
4.091 0.0732072 2.7214e-13
4.092 0.0752996 2.60604e-13
4.093 0.0773746 1.59953e-13
4.094 0.0794323 -3.22783e-15
4.095 0.0814724 -1.77567e-13
4.096 0.0834948 -3.0417e-13
4.097 0.0854993 -3.38127e-13
4.098 0.0874858 -2.62408e-13
4.099 0.0894541 -9.47865e-14
4.1 0.091404 1.12688e-13
4.101 0.0933353 2.93307e-13
4.102 0.0952477 3.8517e-13
4.103 0.0971412 3.54214e-13
4.104 0.0990154 2.06656e-13
4.105 0.10087 -1.42225e-14
4.106 0.102706 -2.39399e-13
4.107 0.104521 -3.92119e-13
4.108 0.106317 -4.23438e-13
4.109 0.108092 -3.16635e-13
4.11 0.109848 -1.05049e-13
4.111 0.111583 1.45352e-13
4.112 0.113298 3.5354e-13
4.113 0.114992 4.50249e-13
4.114 0.116666 4.00832e-13
4.115 0.118319 2.2118e-13
4.116 0.119951 -3.24236e-14
4.117 0.121563 -2.7684e-13
4.118 0.123153 -4.33972e-13
4.119 0.124722 -4.5129e-13
4.12 0.12627 -3.22375e-13
4.121 0.127796 -8.79825e-14
4.122 0.1293 1.7425e-13
4.123 0.130783 3.82235e-13
4.124 0.132244 4.67214e-13
4.125 0.133683 4.04388e-13
4.126 0.1351 2.14205e-13
4.127 0.136494 -4.19933e-14
4.128 0.137867 -2.78847e-13
4.129 0.139217 -4.22526e-13
4.13 0.140545 -4.29748e-13
4.131 0.14185 -3.01973e-13
4.132 0.143133 -8.57158e-14
4.133 0.144393 1.46718e-13
4.134 0.145631 3.20768e-13
4.135 0.146846 3.83582e-13
4.136 0.148038 3.21177e-13
4.137 0.149207 1.60803e-13
4.138 0.150354 -3.77134e-14
4.139 0.151477 -2.08954e-13
4.14 0.152577 -2.95529e-13
4.141 0.153655 -2.80089e-13
4.142 0.154709 -1.73521e-13
4.143 0.15574 -2.17901e-14
4.144 0.156747 1.17511e-13
4.145 0.157732 1.96128e-13
4.146 0.158693 1.92324e-13
4.147 0.15963 1.15489e-13
4.148 0.160545 3.28576e-15
4.149 0.161435 -9.67866e-14
4.15 0.162303 -1.4236e-13
4.151 0.163147 -1.18095e-13
4.152 0.163967 -3.37464e-14
4.153 0.164765 7.18513e-14
4.154 0.165538 1.53841e-13
4.155 0.166288 1.72007e-13
4.156 0.167015 1.14613e-13
4.157 0.167719 -1.59795e-15
4.158 0.168398 -1.33521e-13
4.159 0.169055 -2.28774e-13
4.16 0.169688 -2.46392e-13
4.161 0.170297 -1.69028e-13
4.162 0.170883 -1.86505e-14
4.163 0.171446 1.58475e-13
4.164 0.171985 2.98879e-13
4.165 0.172501 3.48068e-13
4.166 0.172993 2.82221e-13
4.167 0.173461 1.17306e-13
4.168 0.173907 -9.88111e-14
4.169 0.174328 -2.93322e-13
4.17 0.174727 -4.00288e-13
4.171 0.175103 -3.80052e-13
4.172 0.175455 -2.37507e-13
4.173 0.175784 -1.46538e-14
4.174 0.17609 2.15381e-13
4.175 0.176374 3.75248e-13
4.176 0.176634 4.12839e-13
4.177 0.176872 3.15772e-13
4.178 0.177087 1.15726e-13
4.179 0.177279 -1.19958e-13
4.18 0.177448 -3.12623e-13
4.181 0.177594 -3.97941e-13
4.182 0.177718 -3.50814e-13
4.183 0.177819 -1.88473e-13
4.184 0.177897 2.80716e-14
4.185 0.177953 2.24368e-13
4.186 0.177986 3.30789e-13
4.187 0.177997 3.12861e-13
4.188 0.177986 1.80546e-13
4.189 0.177952 -1.51554e-14
4.19 0.177897 -1.99831e-13
4.191 0.177821 -3.05383e-13
4.192 0.177722 -2.89921e-13
4.193 0.177602 -1.57725e-13
4.194 0.177461 4.47461e-14
4.195 0.177298 2.40622e-13
4.196 0.177113 3.59271e-13
4.197 0.176907 3.49928e-13
4.198 0.17668 2.10167e-13
4.199 0.176432 -1.79887e-14
4.2 0.176162 -2.54576e-13
4.201 0.175871 -4.20352e-13
4.202 0.175559 -4.53907e-13
4.203 0.175226 -3.37815e-13
4.204 0.174873 -1.08443e-13
4.205 0.174499 1.60535e-13
4.206 0.174106 3.7961e-13
4.207 0.173692 4.73849e-13
4.208 0.173259 4.12932e-13
4.209 0.172806 2.1338e-13
4.21 0.172333 -5.65166e-14
4.211 0.171841 -3.05835e-13
4.212 0.171329 -4.52233e-13
4.213 0.170797 -4.46134e-13
4.214 0.170247 -2.90817e-13
4.215 0.169677 -4.0402e-14
4.216 0.169087 2.17762e-13
4.217 0.168479 3.98641e-13
4.218 0.167852 4.38429e-13
4.219 0.167206 3.2803e-13
4.22 0.166542 1.05502e-13
4.221 0.165859 -1.49845e-13
4.222 0.165159 -3.51561e-13
4.223 0.164441 -4.30104e-13
4.224 0.163705 -3.61489e-13
4.225 0.162952 -1.7154e-13
4.226 0.162182 7.17851e-14
4.227 0.161395 2.84147e-13
4.228 0.16059 3.93696e-13
4.229 0.159769 3.64229e-13
4.23 0.158931 2.11223e-13
4.231 0.158075 -9.86754e-15
4.232 0.157204 -2.19105e-13
4.233 0.156315 -3.41879e-13
4.234 0.155411 -3.37298e-13
4.235 0.15449 -2.12242e-13
4.236 0.153554 -1.39808e-14
4.237 0.152602 1.82734e-13
4.238 0.151634 3.04395e-13
4.239 0.150652 3.05639e-13
4.24 0.149654 1.88026e-13
4.241 0.148642 -7.56852e-15
4.242 0.147615 -2.05192e-13
4.243 0.146574 -3.31258e-13
4.244 0.145518 -3.36098e-13
4.245 0.144449 -2.14226e-13
4.246 0.143365 -5.56911e-15
4.247 0.142268 2.15662e-13
4.248 0.141157 3.68194e-13
4.249 0.140032 3.97596e-13
4.25 0.138894 2.85908e-13
4.251 0.137744 6.78876e-14
4.252 0.13658 -1.80719e-13
4.253 0.135404 -3.76517e-13
4.254 0.134215 -4.49653e-13
4.255 0.133014 -3.72678e-13
4.256 0.131801 -1.70284e-13
4.257 0.130576 9.11265e-14
4.258 0.129339 3.23787e-13
4.259 0.12809 4.47573e-13
4.26 0.126831 4.1931e-13
4.261 0.12556 2.50672e-13
4.262 0.124279 -1.51237e-15
4.263 0.122987 -2.50121e-13
4.264 0.121685 -4.11999e-13
4.265 0.120372 -4.32244e-13
4.266 0.11905 -3.05342e-13
4.267 0.117718 -7.77933e-14
4.268 0.116377 1.6966e-13
4.269 0.115026 3.52066e-13
4.27 0.113665 4.06394e-13
4.271 0.112296 3.15496e-13
4.272 0.110917 1.14493e-13
4.273 0.10953 -1.24653e-13
4.274 0.108134 -3.17336e-13
4.275 0.106729 -3.93695e-13
4.276 0.105317 -3.28059e-13
4.277 0.103896 -1.41496e-13
4.278 0.102468 9.91791e-14
4.279 0.101032 3.09452e-13
4.28 0.09959 4.13977e-13
4.281 0.0981409 3.74041e-13
4.282 0.0966854 2.03377e-13
4.283 0.0952236 -4.2414e-14
4.284 0.0937555 -2.77478e-13
4.285 0.0922815 -4.23139e-13
4.286 0.0908014 -4.26145e-13
4.287 0.0893154 -2.86576e-13
4.288 0.0878237 -5.26455e-14
4.289 0.0863263 1.99612e-13
4.29 0.0848235 3.84465e-13
4.291 0.0833154 4.42965e-13
4.292 0.0818024 3.57281e-13
4.293 0.0802848 1.59209e-13
4.294 0.0787629 -8.33015e-14
4.295 0.077237 -2.86872e-13
4.296 0.0757075 -3.88395e-13
4.297 0.0741747 -3.57826e-13
4.298 0.0726387 -2.11292e-13
4.299 0.0710997 -4.99498e-15
4.3 0.0695578 1.88554e-13
4.301 0.0680131 3.03801e-13
4.302 0.0664657 3.061e-13
4.303 0.0649157 2.02534e-13
4.304 0.0633631 3.36461e-14
4.305 0.0618081 -1.33442e-13
4.306 0.0602509 -2.41352e-13
4.307 0.0586918 -2.52128e-13
4.308 0.057131 -1.67259e-13
4.309 0.0555689 -2.23021e-14
4.31 0.0540058 1.23718e-13
4.311 0.0524421 2.15575e-13
4.312 0.050878 2.20016e-13
4.313 0.0493138 1.35501e-13
4.314 0.0477496 -4.50236e-15
4.315 0.0461857 -1.42804e-13
4.316 0.0446219 -2.24673e-13
4.317 0.0430585 -2.17506e-13
4.318 0.0414954 -1.20225e-13
4.319 0.0399328 3.17645e-14
4.32 0.0383708 1.80225e-13
4.321 0.0368094 2.69052e-13
4.322 0.035249 2.59935e-13
4.323 0.0336899 1.50959e-13
4.324 0.0321322 -2.10811e-14
4.325 0.0305764 -1.96176e-13
4.326 0.0290228 -3.1028e-13
4.327 0.0274717 -3.16653e-13
4.328 0.0259232 -2.08377e-13
4.329 0.0243778 -1.83273e-14
4.33 0.0228353 1.89017e-13
4.331 0.021296 3.41906e-13
4.332 0.01976 3.83172e-13
4.333 0.0182271 2.94142e-13
4.334 0.0166976 1.00442e-13
4.335 0.0151714 -1.35425e-13
4.336 0.0136487 -3.3465e-13
4.337 0.0121297 -4.26748e-13
4.338 0.0106145 -3.79063e-13
4.339 0.00910362 -2.03068e-13
4.34 0.00759719 4.28356e-14
4.341 0.00609553 2.7914e-13
4.342 0.00459894 4.24673e-13
4.343 0.00310766 4.31427e-13
4.344 0.00162188 2.9522e-13
4.345 0.000141732 5.99207e-14
4.346 -0.00133269 -1.96525e-13
4.347 -0.00280132 -3.88036e-13
4.348 -0.00426413 -4.5186e-13
4.349 -0.00572106 -3.66315e-13
4.35 -0.00717205 -1.60909e-13
4.351 -0.00861697 9.70391e-14
4.352 -0.0100557 3.21221e-13
4.353 -0.011488 4.37782e-13
4.354 -0.0129136 4.08174e-13
4.355 -0.0143323 2.44629e-13
4.356 -0.0157438 3.39787e-15
4.357 -0.0171479 -2.35489e-13
4.358 -0.0185443 -3.9264e-13
4.359 -0.019933 -4.18378e-13
4.36 -0.0213138 -3.04163e-13
4.361 -0.0226867 -9.2121e-14
4.362 -0.0240516 1.45103e-13
4.363 -0.0254085 3.29468e-13
4.364 -0.0267574 4.01591e-13
4.365 -0.0280981 3.40224e-13
4.366 -0.0294305 1.69631e-13
4.367 -0.0307545 -5.00948e-14
4.368 -0.0320698 -2.43894e-13
4.369 -0.0333762 -3.49231e-13
4.37 -0.0346735 -3.33935e-13
4.371 -0.0359614 -2.07151e-13
4.372 -0.0372397 -1.70902e-14
4.373 -0.0385083 1.70265e-13
4.374 -0.0397671 2.91814e-13
4.375 -0.041016 3.08038e-13
4.376 -0.0422551 2.17402e-13
4.377 -0.0434844 5.6145e-14
4.378 -0.0447039 -1.18149e-13
4.379 -0.0459136 -2.45325e-13
4.38 -0.0471134 -2.81464e-13
4.381 -0.0483033 -2.18533e-13
4.382 -0.0494831 -8.15296e-14
4.383 -0.0506524 7.933e-14
4.384 -0.0518111 2.06033e-13
4.385 -0.0529589 2.55679e-13
4.386 -0.0540955 2.11584e-13
4.387 -0.0552206 9.18202e-14
4.388 -0.0563342 -5.99226e-14
4.389 -0.0574363 -1.8899e-13
4.39 -0.0585267 -2.5005e-13
4.391 -0.0596056 -2.21163e-13
4.392 -0.0606731 -1.12699e-13
4.393 -0.0617293 3.72924e-14
4.394 -0.0627742 1.76524e-13
4.395 -0.0638078 2.56014e-13
4.396 -0.0648302 2.49394e-13
4.397 -0.065841 1.58913e-13
4.398 -0.0668402 1.56722e-14
4.399 -0.0678274 -1.30365e-13
4.4 -0.0688024 -2.27701e-13
4.401 -0.0697649 -2.46015e-13
4.402 -0.0707147 -1.78809e-13
4.403 -0.0716516 -5.09449e-14
4.404 -0.0725755 9.36387e-14
4.405 -0.0734867 2.03705e-13
4.406 -0.074385 2.43499e-13
4.407 -0.0752708 1.99016e-13
4.408 -0.076144 8.70362e-14
4.409 -0.077005 -5.53722e-14
4.41 -0.0778537 -1.79188e-13
4.411 -0.0786901 -2.41982e-13
4.412 -0.079514 -2.23765e-13
4.413 -0.0803254 -1.29849e-13
4.414 -0.0811238 6.71161e-15
4.415 -0.0819091 1.40017e-13
4.416 -0.0826809 2.25892e-13
4.417 -0.083439 2.36566e-13
4.418 -0.0841833 1.7121e-13
4.419 -0.0849137 5.08609e-14
4.42 -0.0856303 -8.10125e-14
4.421 -0.0863333 -1.82414e-13
4.422 -0.0870228 -2.18449e-13
4.423 -0.0876991 -1.79766e-13
4.424 -0.0883624 -7.96983e-14
4.425 -0.0890128 4.69422e-14
4.426 -0.0896505 1.56529e-13
4.427 -0.0902752 2.11264e-13
4.428 -0.0908869 1.93188e-13
4.429 -0.0914852 1.08459e-13
4.43 -0.09207 -1.53932e-14
4.431 -0.0926408 -1.36865e-13
4.432 -0.0931975 -2.14502e-13
4.433 -0.0937399 -2.23454e-13
4.434 -0.0942678 -1.58576e-13
4.435 -0.0947814 -3.87109e-14
4.436 -0.0952808 9.89655e-14
4.437 -0.0957663 2.12374e-13
4.438 -0.096238 2.6455e-13
4.439 -0.0966964 2.39925e-13
4.44 -0.0971416 1.4568e-13
4.441 -0.0975737 8.22945e-15
4.442 -0.0979927 -1.3266e-13
4.443 -0.0983986 -2.36047e-13
4.444 -0.0987912 -2.73031e-13
4.445 -0.0991702 -2.34955e-13
4.446 -0.0995353 -1.33156e-13
4.447 -0.0998863 1.29075e-16
4.448 -0.100223 1.28772e-13
4.449 -0.100545 2.16824e-13
4.45 -0.100853 2.44007e-13
4.451 -0.101147 2.05107e-13
4.452 -0.101426 1.16232e-13
4.453 -0.101692 4.65666e-15
4.454 -0.101945 -9.74902e-14
4.455 -0.102184 -1.6336e-13
4.456 -0.10241 -1.78648e-13
4.457 -0.102624 -1.44673e-13
4.458 -0.102824 -7.60712e-14
4.459 -0.103011 2.64256e-15
4.46 -0.103185 6.88469e-14
4.461 -0.103346 1.05313e-13
4.462 -0.103492 1.05649e-13
4.463 -0.103625 7.56983e-14
4.464 -0.103744 2.83187e-14
4.465 -0.103849 -1.69807e-14
4.466 -0.10394 -4.7368e-14
4.467 -0.104018 -5.43502e-14
4.468 -0.104082 -3.90068e-14
4.469 -0.104133 -1.25129e-14
4.47 -0.104171 1.30879e-14
4.471 -0.104197 2.60936e-14
4.472 -0.10421 1.91064e-14
4.473 -0.104211 -2.46383e-15
4.474 -0.104199 -2.92308e-14
4.475 -0.104175 -4.82607e-14
4.476 -0.104137 -4.78356e-14
4.477 -0.104087 -2.35313e-14
4.478 -0.104023 1.85284e-14
4.479 -0.103946 6.67548e-14
4.48 -0.103856 1.00696e-13
4.481 -0.103753 1.06149e-13
4.482 -0.103637 7.34273e-14
4.483 -0.103509 1.03684e-14
4.484 -0.103368 -6.8049e-14
4.485 -0.103216 -1.36846e-13
4.486 -0.103052 -1.69985e-13
4.487 -0.102876 -1.5234e-13
4.488 -0.102688 -8.30578e-14
4.489 -0.102488 2.13996e-14
4.49 -0.102277 1.30358e-13
4.491 -0.102054 2.10501e-13
4.492 -0.101818 2.33742e-13
4.493 -0.10157 1.85343e-13
4.494 -0.10131 7.5893e-14
4.495 -0.101038 -6.65159e-14
4.496 -0.100754 -1.98879e-13
4.497 -0.100459 -2.78705e-13
4.498 -0.100152 -2.77723e-13
4.499 -0.0998337 -1.90826e-13
4.5 -0.0995048 -3.8758e-14
4.501 -0.0991652 1.31468e-13
4.502 -0.0988151 2.69962e-13
4.503 -0.0984545 3.30154e-13
4.504 -0.0980834 2.91478e-13
4.505 -0.0977014 1.61922e-13
4.506 -0.0973087 -2.16822e-14
4.507 -0.0969049 -2.03238e-13
4.508 -0.0964901 -3.26299e-13
4.509 -0.0960643 -3.50636e-13
4.51 -0.0956275 -2.67978e-13
4.511 -0.0951801 -1.03223e-13
4.512 -0.0947223 9.43221e-14
4.513 -0.0942545 2.6035e-13
4.514 -0.0937769 3.42895e-13
4.515 -0.0932899 3.14111e-13
4.516 -0.0927937 1.8459e-13
4.517 -0.0922885 -4.7732e-15
4.518 -0.0917742 -1.90667e-13
4.519 -0.0912507 -3.12375e-13
4.52 -0.0907181 -3.28655e-13
4.521 -0.090176 -2.33933e-13
4.522 -0.0896244 -5.78667e-14
4.523 -0.0890632 1.4083e-13
4.524 -0.0884923 2.93587e-13
4.525 -0.087912 3.48568e-13
4.526 -0.0873224 2.85841e-13
4.527 -0.0867239 1.21303e-13
4.528 -0.0861167 -8.96237e-14
4.529 -0.0855013 -2.77983e-13
4.53 -0.084878 -3.77951e-13
4.531 -0.084247 -3.54441e-13
4.532 -0.0836085 -2.10942e-13
4.533 -0.0829627 6.97397e-15
4.534 -0.0823094 2.31348e-13
4.535 -0.0816486 3.86296e-13
4.536 -0.0809801 4.19615e-13
4.537 -0.0803037 3.18598e-13
4.538 -0.0796195 1.12327e-13
4.539 -0.0789273 -1.3335e-13
4.54 -0.0782273 -3.39543e-13
4.541 -0.0775195 -4.40871e-13
4.542 -0.0768044 -4.03413e-13
4.543 -0.0760823 -2.38667e-13
4.544 -0.0753534 8.72168e-17
4.545 -0.0746182 2.36838e-13
4.546 -0.073877 3.95323e-13
4.547 -0.0731299 4.26711e-13
4.548 -0.0723771 3.22945e-13
4.549 -0.0716187 1.19702e-13
4.55 -0.0708545 -1.16611e-13
4.551 -0.0700844 -3.09088e-13
4.552 -0.0693084 -3.96649e-13
4.553 -0.0685263 -3.55814e-13
4.554 -0.0677381 -2.01823e-13
4.555 -0.0669439 1.05603e-14
4.556 -0.0661439 2.09755e-13
4.557 -0.0653381 3.31206e-13
4.558 -0.0645271 3.37559e-13
4.559 -0.063711 2.31583e-13
4.56 -0.0628902 5.3067e-14
4.561 -0.0620651 -1.35316e-13
4.562 -0.0612358 -2.70162e-13
4.563 -0.0604025 -3.0833e-13
4.564 -0.0595653 -2.39601e-13
4.565 -0.0587241 -9.29714e-14
4.566 -0.0578789 8.01074e-14
4.567 -0.0570296 2.19079e-13
4.568 -0.0561761 2.77791e-13
4.569 -0.0553184 2.38731e-13
4.57 -0.0544566 1.19621e-13
4.571 -0.0535908 -3.58793e-14
4.572 -0.0527213 -1.73367e-13
4.573 -0.0518482 -2.43711e-13
4.574 -0.0509719 -2.25331e-13
4.575 -0.0500927 -1.2894e-13
4.576 -0.0492108 9.82887e-15
4.577 -0.0483266 1.40583e-13
4.578 -0.04744 2.17712e-13
4.579 -0.0465513 2.15109e-13
4.58 -0.0456603 1.37391e-13
4.581 -0.0447672 1.21901e-14
4.582 -0.0438717 -1.14711e-13
4.583 -0.042974 -1.98369e-13
4.584 -0.0420739 -2.11676e-13
4.585 -0.0411716 -1.50711e-13
4.586 -0.0402672 -4.22631e-14
4.587 -0.0393608 7.61065e-14
4.588 -0.0384527 1.61216e-13
4.589 -0.0375432 1.83258e-13
4.59 -0.0366326 1.38512e-13
4.591 -0.0357211 4.45051e-14
4.592 -0.0348089 -6.15217e-14
4.593 -0.0338962 -1.40539e-13
4.594 -0.032983 -1.64316e-13
4.595 -0.0320693 -1.27122e-13
4.596 -0.0311552 -4.22699e-14
4.597 -0.0302405 5.47621e-14
4.598 -0.0293253 1.27157e-13
4.599 -0.0284096 1.47611e-13
4.6 -0.0274934 1.09848e-13
4.601 -0.0265769 2.71366e-14
4.602 -0.0256603 -6.65419e-14
4.603 -0.0247437 -1.34979e-13
4.604 -0.0238275 -1.49263e-13
4.605 -0.0229119 -1.0424e-13
4.606 -0.0219972 -1.40447e-14
4.607 -0.0210835 8.55424e-14
4.608 -0.0201709 1.58981e-13
4.609 -0.0192596 1.74562e-13
4.61 -0.0183495 1.22472e-13
4.611 -0.0174405 1.99873e-14
4.612 -0.0165328 -9.73658e-14
4.613 -0.0156261 -1.89192e-13
4.614 -0.0147206 -2.19211e-13
4.615 -0.0138163 -1.74369e-13
4.616 -0.0129133 -6.68836e-14
4.617 -0.0120117 6.72024e-14
4.618 -0.0111119 1.80622e-13
4.619 -0.010214 2.35748e-13
4.62 -0.00931837 2.12188e-13
4.621 -0.0084252 1.16866e-13
4.622 -0.00753468 -1.97098e-14
4.623 -0.00664696 -1.49897e-13
4.624 -0.0057621 -2.28673e-13
4.625 -0.00488012 -2.31386e-13
4.626 -0.00400097 -1.54921e-13
4.627 -0.00312461 -2.67781e-14
4.628 -0.00225098 1.08595e-13
4.629 -0.00138004 2.04035e-13
4.63 -0.000511817 2.28137e-13
4.631 0.000353616 1.73188e-13
4.632 0.00121612 5.88413e-14
4.633 0.00207552 -7.37674e-14
4.634 0.00293157 -1.79152e-13
4.635 0.00378403 -2.22316e-13
4.636 0.00463267 -1.87746e-13
4.637 0.00547728 -9.05545e-14
4.638 0.0063177 3.51639e-14
4.639 0.00715383 1.4442e-13
4.64 0.00798561 2.00971e-13
4.641 0.00881305 1.8716e-13
4.642 0.00963619 1.09783e-13
4.643 0.0104551 -2.14417e-15
4.644 0.0112697 -1.06155e-13
4.645 0.0120801 -1.65719e-13
4.646 0.0128863 -1.60968e-13
4.647 0.0136882 -9.87337e-14
4.648 0.0144856 -3.6019e-15
4.649 0.0152784 8.65421e-14
4.65 0.0160664 1.38087e-13
4.651 0.0168495 1.31825e-13
4.652 0.0176274 7.03889e-14
4.653 0.0184 -1.8529e-14
4.654 0.0191672 -1.02736e-13
4.655 0.019929 -1.45513e-13
4.656 0.0206852 -1.29232e-13
4.657 0.021436 -5.94542e-14
4.658 0.0221812 3.97127e-14
4.659 0.0229209 1.3015e-13
4.66 0.0236551 1.74962e-13
4.661 0.0243837 1.55702e-13
4.662 0.0251067 7.55673e-14
4.663 0.0258241 -3.79267e-14
4.664 0.0265356 -1.42174e-13
4.665 0.0272412 -2.00473e-13
4.666 0.0279407 -1.8663e-13
4.667 0.0286341 -1.03432e-13
4.668 0.0293213 2.22433e-14
4.669 0.0300021 1.44944e-13
4.67 0.0306766 2.19221e-13
4.671 0.0313447 2.15088e-13
4.672 0.0320063 1.30856e-13
4.673 0.0326616 -5.19562e-15
4.674 0.0333104 -1.4804e-13
4.675 0.0339527 -2.46138e-13
4.676 0.0345885 -2.62465e-13
4.677 0.0352177 -1.85917e-13
4.678 0.0358401 -3.92466e-14
4.679 0.0364558 1.28314e-13
4.68 0.0370645 2.62005e-13
4.681 0.0376662 3.13925e-13
4.682 0.0382609 2.64565e-13
4.683 0.0388484 1.26962e-13
4.684 0.0394289 -5.52636e-14
4.685 0.0400022 -2.23025e-13
4.686 0.0405685 -3.21211e-13
4.687 0.0411276 -3.1611e-13
4.688 0.0416797 -2.10201e-13
4.689 0.0422247 -3.81386e-14
4.69 0.0427626 1.43525e-13
4.691 0.0432932 2.75286e-13
4.692 0.0438166 3.15646e-13
4.693 0.0443327 2.54454e-13
4.694 0.0448412 1.14158e-13
4.695 0.0453422 -5.60085e-14
4.696 0.0458354 -1.98794e-13
4.697 0.0463209 -2.6745e-13
4.698 0.0467987 -2.41554e-13
4.699 0.0472687 -1.36364e-13
4.7 0.0477309 8.98069e-15
4.701 0.0481855 1.42206e-13
4.702 0.0486324 2.17011e-13
4.703 0.0490718 2.10939e-13
4.704 0.0495035 1.28325e-13
4.705 0.0499277 2.04659e-15
4.706 0.0503443 -1.18654e-13
4.707 0.0507532 -1.90528e-13
4.708 0.0511544 -1.87604e-13
4.709 0.0515477 -1.13634e-13
4.71 0.051933 2.4973e-15
4.711 0.0523103 1.16706e-13
4.712 0.0526794 1.87303e-13
4.713 0.0530405 1.85774e-13
4.714 0.0533934 1.13811e-13
4.715 0.0537382 -1.03206e-15
4.716 0.054075 -1.19188e-13
4.717 0.0544039 -1.94946e-13
4.718 0.0547248 -2.00515e-13
4.719 0.0550379 -1.34374e-13
4.72 0.0553432 -1.98807e-14
4.721 0.0556407 1.03264e-13
4.722 0.0559303 1.88763e-13
4.723 0.056212 2.07663e-13
4.724 0.0564856 1.51741e-13
4.725 0.0567512 4.3206e-14
4.726 0.0570086 -7.73897e-14
4.727 0.0572577 -1.67744e-13
4.728 0.0574986 -1.95126e-13
4.729 0.0577312 -1.49993e-13
4.73 0.0579557 -5.02502e-14
4.731 0.0581719 6.72976e-14
4.732 0.0583801 1.57449e-13
4.733 0.0585803 1.85986e-13
4.734 0.0587725 1.426e-13
4.735 0.0589569 4.32812e-14
4.736 0.0591335 -7.52356e-14
4.737 0.0593023 -1.67742e-13
4.738 0.0594632 -1.97644e-13
4.739 0.0596162 -1.5079e-13
4.74 0.0597614 -4.27713e-14
4.741 0.0598985 8.80311e-14
4.742 0.0600275 1.94071e-13
4.743 0.0601485 2.33604e-13
4.744 0.0602614 1.8874e-13
4.745 0.0603662 7.13551e-14
4.746 0.0604629 -7.9312e-14
4.747 0.0605516 -2.09772e-13
4.748 0.0606324 -2.716e-13
4.749 0.0607054 -2.4033e-13
4.75 0.0607705 -1.21627e-13
4.751 0.060828 4.53526e-14
4.752 0.0608778 2.04959e-13
4.753 0.06092 3.00174e-13
4.754 0.0609545 2.96318e-13
4.755 0.0609815 1.88829e-13
4.756 0.0610008 1.3636e-14
4.757 0.0610125 -1.73747e-13
4.758 0.0610166 -3.08659e-13
4.759 0.061013 -3.43172e-13
4.76 0.0610017 -2.65845e-13
4.761 0.0609829 -9.80923e-14
4.762 0.0609564 1.05231e-13
4.763 0.0609224 2.77922e-13
4.764 0.0608809 3.63498e-13
4.765 0.0608319 3.32041e-13
4.766 0.0607756 1.93235e-13
4.767 0.0607118 -6.06458e-15
4.768 0.0606408 -2.02809e-13
4.769 0.0605626 -3.32602e-13
4.77 0.0604771 -3.53731e-13
4.771 0.0603845 -2.64444e-13
4.772 0.0602848 -9.28556e-14
4.773 0.060178 1.01869e-13
4.774 0.0600642 2.56855e-13
4.775 0.0599433 3.25292e-13
4.776 0.0598154 2.88733e-13
4.777 0.0596806 1.64478e-13
4.778 0.0595389 -1.81349e-15
4.779 0.0593903 -1.53888e-13
4.78 0.0592348 -2.42616e-13
4.781 0.0590724 -2.41951e-13
4.782 0.0589033 -1.61355e-13
4.783 0.0587275 -3.43226e-14
4.784 0.0585449 9.07376e-14
4.785 0.0583557 1.71034e-13
4.786 0.05816 1.79727e-13
4.787 0.0579578 1.19197e-13
4.788 0.0577492 1.73933e-14
4.789 0.0575342 -8.46451e-14
4.79 0.0573129 -1.4633e-13
4.791 0.0570853 -1.43822e-13
4.792 0.0568516 -8.11996e-14
4.793 0.0566117 1.8071e-14
4.794 0.0563657 1.13872e-13
4.795 0.0561136 1.67545e-13
4.796 0.0558554 1.56274e-13
4.797 0.0555912 8.16767e-14
4.798 0.055321 -3.02143e-14
4.799 0.0550448 -1.39262e-13
4.8 0.0547629 -2.03317e-13
4.801 0.0544751 -1.95207e-13
4.802 0.0541816 -1.16458e-13
4.803 0.0538824 9.74206e-15
4.804 0.0535778 1.39065e-13
4.805 0.0532676 2.27666e-13
4.806 0.052952 2.4188e-13
4.807 0.0526311 1.76779e-13
4.808 0.052305 5.13485e-14
4.809 0.0519735 -9.19447e-14
4.81 0.0516369 -2.06837e-13
4.811 0.0512951 -2.52365e-13
4.812 0.0509481 -2.15894e-13
4.813 0.0505961 -1.07709e-13
4.814 0.050239 3.39873e-14
4.815 0.049877 1.61849e-13
4.816 0.04951 2.33136e-13
4.817 0.0491383 2.26415e-13
4.818 0.0487618 1.44482e-13
4.819 0.0483806 1.74075e-14
4.82 0.0479949 -1.09655e-13
4.821 0.0476047 -1.95626e-13
4.822 0.0472101 -2.11897e-13
4.823 0.0468111 -1.56754e-13
4.824 0.0464079 -5.03914e-14
4.825 0.0460005 6.75756e-14
4.826 0.0455889 1.56622e-13
4.827 0.0451731 1.88712e-13
4.828 0.0447533 1.53839e-13
4.829 0.0443295 6.6911e-14
4.83 0.0439016 -3.94503e-14
4.831 0.0434699 -1.26193e-13
4.832 0.0430344 -1.64991e-13
4.833 0.0425951 -1.42588e-13
4.834 0.0421521 -7.14196e-14
4.835 0.0417055 2.26851e-14
4.836 0.0412553 1.04358e-13
4.837 0.0408018 1.43941e-13
4.838 0.0403448 1.29735e-13
4.839 0.0398846 6.95201e-14
4.84 0.0394212 -1.35906e-14
4.841 0.0389547 -8.96233e-14
4.842 0.0384851 -1.30191e-13
4.843 0.0380125 -1.21467e-13
4.844 0.037537 -6.99046e-14
4.845 0.0370586 5.35091e-15
4.846 0.0365775 7.51127e-14
4.847 0.0360935 1.15276e-13
4.848 0.0356069 1.12142e-13
4.849 0.0351176 6.92087e-14
4.85 0.0346258 3.33441e-15
4.851 0.0341314 -5.9544e-14
4.852 0.0336345 -9.47382e-14
4.853 0.0331353 -9.17962e-14
4.854 0.0326337 -5.29026e-14
4.855 0.03213 3.91371e-15
4.856 0.0316242 5.59278e-14
4.857 0.0311163 8.10433e-14
4.858 0.0306066 6.99647e-14
4.859 0.030095 2.71526e-14
4.86 0.0295818 -3.11963e-14
4.861 0.0290668 -7.91119e-14
4.862 0.0285503 -9.51016e-14
4.863 0.0280321 -7.01374e-14
4.864 0.0275125 -1.2236e-14
4.865 0.0269913 5.77707e-14
4.866 0.0264686 1.12981e-13
4.867 0.0259445 1.30923e-13
4.868 0.025419 9.99799e-14
4.869 0.0248922 2.77937e-14
4.87 0.0243642 -6.22567e-14
4.871 0.023835 -1.38144e-13
4.872 0.0233048 -1.71351e-13
4.873 0.0227737 -1.46829e-13
4.874 0.0222419 -7.13969e-14
4.875 0.0217094 3.27339e-14
4.876 0.0211764 1.29934e-13
4.877 0.0206429 1.85178e-13
4.878 0.0201089 1.78765e-13
4.879 0.0195745 1.09687e-13
4.88 0.0190398 7.69439e-16
4.881 0.0185046 -1.11769e-13
4.882 0.017969 -1.87974e-13
4.883 0.0174331 -2.03154e-13
4.884 0.0168968 -1.4896e-13
4.885 0.0163603 -4.1959e-14
4.886 0.0158237 8.17791e-14
4.887 0.0152869 1.80131e-13
4.888 0.0147503 2.21029e-13
4.889 0.0142138 1.87437e-13
4.89 0.0136777 9.08222e-14
4.891 0.013142 -3.66184e-14
4.892 0.0126068 -1.52074e-13
4.893 0.0120723 -2.18431e-13
4.894 0.0115384 -2.12686e-13
4.895 0.0110051 -1.38023e-13
4.896 0.0104726 -1.99448e-14
4.897 0.00994066 1.02257e-13
4.898 0.00940944 1.87582e-13
4.899 0.00887889 2.09683e-13
4.9 0.00834908 1.61645e-13
4.901 0.00782004 6.27693e-14
4.902 0.00729187 -5.28725e-14
4.903 0.00676466 -1.45761e-13
4.904 0.00623854 -1.84094e-13
4.905 0.00571363 -1.57497e-13
4.906 0.00519004 -7.75312e-14
4.907 0.00466788 2.62245e-14
4.908 0.00414723 1.16786e-13
4.909 0.00362816 1.62772e-13
4.91 0.00311071 1.49175e-13
4.911 0.00259489 8.4115e-14
4.912 0.00208074 -9.51594e-15
4.913 0.00156824 -9.69288e-14
4.914 0.00105742 -1.48725e-13
4.915 0.0005483 -1.47641e-13
4.916 4.09112e-05 -9.48244e-14
4.917 -0.000464692 -1.12081e-14
4.918 -0.000968441 7.39619e-14
4.919 -0.00147026 1.30939e-13
4.92 -0.00197005 1.40652e-13
4.921 -0.00246774 1.01944e-13
4.922 -0.00296323 3.12568e-14
4.923 -0.00345645 -4.6397e-14
4.924 -0.00394734 -1.0267e-13
4.925 -0.00443583 -1.18746e-13
4.926 -0.0049219 -9.14058e-14
4.927 -0.00540548 -3.31626e-14
4.928 -0.00588656 3.07342e-14
4.929 -0.00636509 7.70745e-14
4.93 -0.00684104 8.82707e-14
4.931 -0.00731436 6.37339e-14
4.932 -0.00778501 1.4461e-14
4.933 -0.00825294 -3.96478e-14
4.934 -0.00871811 -7.44111e-14
4.935 -0.00918045 -7.65236e-14
4.936 -0.00963993 -4.41673e-14
4.937 -0.0100965 9.39378e-15
4.938 -0.0105501 6.20938e-14
4.939 -0.0110008 9.19664e-14
4.94 -0.0114484 8.39462e-14
4.941 -0.011893 4.07476e-14
4.942 -0.0123344 -2.33316e-14
4.943 -0.0127727 -8.45395e-14
4.944 -0.0132078 -1.17124e-13
4.945 -0.0136396 -1.07793e-13
4.946 -0.0140681 -5.65784e-14
4.947 -0.0144931 1.99617e-14
4.948 -0.0149147 9.37194e-14
4.949 -0.0153328 1.36792e-13
4.95 -0.0157473 1.32038e-13
4.951 -0.0161583 7.87725e-14
4.952 -0.0165657 -6.77924e-15
4.953 -0.0169695 -9.29934e-14
4.954 -0.0173697 -1.49146e-13
4.955 -0.0177664 -1.54453e-13
4.956 -0.0181594 -1.02594e-13
4.957 -0.0185489 -1.06505e-14
4.958 -0.0189346 8.90316e-14
4.959 -0.0193166 1.61176e-13
4.96 -0.0196949 1.75521e-13
4.961 -0.0200692 1.267e-13
4.962 -0.0204396 2.79575e-14
4.963 -0.020806 -8.84489e-14
4.964 -0.0211683 -1.80805e-13
4.965 -0.0215265 -2.15941e-13
4.966 -0.0218805 -1.77182e-13
4.967 -0.0222305 -7.49755e-14
4.968 -0.0225763 6.05949e-14
4.969 -0.022918 1.82124e-13
4.97 -0.0232557 2.47707e-13
4.971 -0.0235893 2.3467e-13
4.972 -0.0239189 1.42046e-13
4.973 -0.0242445 -1.5057e-15
4.974 -0.0245659 -1.48854e-13
4.975 -0.0248832 -2.52248e-13
4.976 -0.0251962 -2.77565e-13
4.977 -0.0255049 -2.1517e-13
4.978 -0.0258092 -8.24855e-14
4.979 -0.026109 7.77093e-14
4.98 -0.0264042 2.13938e-13
4.981 -0.026695 2.8344e-13
4.982 -0.0269811 2.63973e-13
4.983 -0.0272627 1.6276e-13
4.984 -0.0275399 1.33995e-14
4.985 -0.0278126 -1.36991e-13
4.986 -0.0280809 -2.41004e-13
4.987 -0.0283448 -2.66682e-13
4.988 -0.0286044 -2.08118e-13
4.989 -0.0288597 -8.83692e-14
4.99 -0.0291105 5.19457e-14
4.991 -0.0293569 1.67256e-13
4.992 -0.0295988 2.22768e-13
4.993 -0.029836 2.02704e-13
4.994 -0.0300686 1.19074e-13
4.995 -0.0302965 3.35625e-15
4.996 -0.0305196 -1.05114e-13
4.997 -0.0307379 -1.70657e-13
4.998 -0.0309514 -1.76126e-13
4.999 -0.0311601 -1.23103e-13
5 -0.0313641 -3.49089e-14
5.001 -0.0315635 5.77346e-14
5.002 -0.0317583 1.21048e-13
5.003 -0.0319485 1.3534e-13
5.004 -0.0321341 1.02697e-13
5.005 -0.0323152 3.7179e-14
5.006 -0.0324918 -3.34485e-14
5.007 -0.0326637 -8.2116e-14
5.008 -0.032831 -9.39813e-14
5.009 -0.0329936 -6.64028e-14
5.01 -0.0331514 -1.49205e-14
5.011 -0.0333044 3.81842e-14
5.012 -0.0334526 7.03684e-14
5.013 -0.033596 6.93441e-14
5.014 -0.0337345 3.64483e-14
5.015 -0.0338683 -1.53962e-14
5.016 -0.0339972 -6.18564e-14
5.017 -0.0341214 -8.47232e-14
5.018 -0.034241 -7.16236e-14
5.019 -0.0343559 -2.5805e-14
5.02 -0.0344662 3.55044e-14
5.021 -0.0345719 8.81265e-14
5.022 -0.0346729 1.09956e-13
5.023 -0.0347694 9.10272e-14
5.024 -0.0348612 3.61202e-14
5.025 -0.0349484 -3.62983e-14
5.026 -0.0350308 -1.00146e-13
5.027 -0.0351086 -1.3037e-13
5.028 -0.0351816 -1.15807e-13
5.029 -0.0352499 -5.90672e-14
5.03 -0.0353135 2.05913e-14
5.031 -0.0353725 9.56759e-14
5.032 -0.0354268 1.37504e-13
5.033 -0.0354766 1.30477e-13
5.034 -0.0355217 7.69445e-14
5.035 -0.0355623 -5.38571e-15
5.036 -0.0355984 -8.56993e-14
5.037 -0.0356299 -1.35384e-13
5.038 -0.0356569 -1.34661e-13
5.039 -0.0356794 -8.37808e-14
5.04 -0.0356973 -5.88237e-16
5.041 -0.0357107 8.43256e-14
5.042 -0.0357195 1.40812e-13
5.043 -0.0357238 1.43145e-13
5.044 -0.0357236 9.04291e-14
5.045 -0.0357189 -7.23134e-17
5.046 -0.0357098 -9.57715e-14
5.047 -0.0356964 -1.61132e-13
5.048 -0.0356786 -1.69446e-13
5.049 -0.0356565 -1.14967e-13
5.05 -0.0356302 -1.33719e-14
5.051 -0.0355996 1.01164e-13
5.052 -0.0355648 1.86719e-13
5.053 -0.0355257 2.12341e-13
5.054 -0.0354823 1.64632e-13
5.055 -0.0354347 5.63316e-14
5.056 -0.0353827 -7.68388e-14
5.057 -0.0353264 -1.91009e-13
5.058 -0.0352658 -2.44098e-13
5.059 -0.0352009 -2.17582e-13
5.06 -0.0351317 -1.16686e-13
5.061 -0.0350584 2.47884e-14
5.062 -0.034981 1.61672e-13
5.063 -0.0348995 2.46581e-13
5.064 -0.0348142 2.50605e-13
5.065 -0.034725 1.71152e-13
5.066 -0.0346319 3.52058e-14
5.067 -0.0345351 -1.10683e-13
5.068 -0.0344345 -2.17069e-13
5.069 -0.03433 -2.47593e-13
5.07 -0.0342217 -1.93204e-13
5.071 -0.0341095 -7.3306e-14
5.072 -0.0339934 6.97282e-14
5.073 -0.0338733 1.85204e-13
5.074 -0.0337492 2.32629e-13
5.075 -0.0336212 1.96014e-13
5.076 -0.0334894 8.92005e-14
5.077 -0.0333538 -4.89605e-14
5.078 -0.0332145 -1.68776e-13
5.079 -0.0330717 -2.24371e-13
5.08 -0.0329254 -1.961e-13
5.081 -0.0327757 -9.46243e-14
5.082 -0.0326228 4.54584e-14
5.083 -0.0324666 1.71231e-13
5.084 -0.032307 2.34335e-13
5.085 -0.0321442 2.10368e-13
5.086 -0.031978 1.04359e-13
5.087 -0.0318084 -4.71223e-14
5.088 -0.0316353 -1.89906e-13
5.089 -0.0314587 -2.69661e-13
5.09 -0.0312786 -2.53289e-13
5.091 -0.0310951 -1.4094e-13
5.092 -0.0309082 3.10705e-14
5.093 -0.0307181 2.04503e-13
5.094 -0.0305249 3.17267e-13
5.095 -0.0303288 3.24841e-13
5.096 -0.0301297 2.18345e-13
5.097 -0.0299279 2.86744e-14
5.098 -0.0297234 -1.82508e-13
5.099 -0.0295162 -3.43846e-13
5.1 -0.0293062 -3.98745e-13
5.101 -0.0290934 -3.22643e-13
5.102 -0.0288778 -1.3493e-13
5.103 -0.0286593 1.0517e-13
5.104 -0.0284378 3.18488e-13
5.105 -0.0282133 4.3465e-13
5.106 -0.0279859 4.11846e-13
5.107 -0.0277557 2.53692e-13
5.108 -0.0275228 9.4422e-15
5.109 -0.0272873 -2.41019e-13
5.11 -0.0270493 -4.16642e-13
5.111 -0.026809 -4.56476e-13
5.112 -0.0265665 -3.47414e-13
5.113 -0.0263219 -1.23126e-13
5.114 -0.0260751 1.42821e-13
5.115 -0.0258263 3.61562e-13
5.116 -0.0255752 4.61123e-13
5.117 -0.0253219 4.08536e-13
5.118 -0.0250664 2.2081e-13
5.119 -0.0248084 -3.94401e-14
5.12 -0.0245481 -2.8689e-13
5.121 -0.0242855 -4.3807e-13
5.122 -0.0240206 -4.43855e-13
5.123 -0.0237535 -3.01945e-13
5.124 -0.0234845 -6.03393e-14
5.125 -0.0232135 2.01603e-13
5.126 -0.0229409 3.94862e-13
5.127 -0.0226666 4.56582e-13
5.128 -0.0223907 3.66243e-13
5.129 -0.0221134 1.54052e-13
5.13 -0.0218345 -1.05939e-13
5.131 -0.0215541 -3.27942e-13
5.132 -0.0212721 -4.37092e-13
5.133 -0.0209883 -3.9882e-13
5.134 -0.0207028 -2.28451e-13
5.135 -0.0204156 1.61282e-14
5.136 -0.0201267 2.50834e-13
5.137 -0.0198361 3.97288e-13
5.138 -0.019544 4.06453e-13
5.139 -0.0192505 2.76475e-13
5.14 -0.0189558 5.47758e-14
5.141 -0.01866 -1.83216e-13
5.142 -0.0183633 -3.54386e-13
5.143 -0.0180656 -4.02133e-13
5.144 -0.0177671 -3.09245e-13
5.145 -0.0174676 -1.11962e-13
5.146 -0.0171672 1.23482e-13
5.147 -0.0168657 3.15208e-13
5.148 -0.0165631 3.97487e-13
5.149 -0.0162593 3.41502e-13
5.15 -0.0159543 1.69426e-13
5.151 -0.0156482 -5.9474e-14
5.152 -0.0153411 -2.65752e-13
5.153 -0.0150331 -3.7961e-13
5.154 -0.0147243 -3.60237e-13
5.155 -0.014415 -2.171e-13
5.156 -0.0141053 -2.77719e-16
5.157 -0.0137953 2.1434e-13
5.158 -0.0134851 3.54214e-13
5.159 -0.0131747 3.6909e-13
5.16 -0.012864 2.5632e-13
5.161 -0.012553 5.58817e-14
5.162 -0.0122415 -1.63412e-13
5.163 -0.0119295 -3.24706e-13
5.164 -0.0116169 -3.71478e-13
5.165 -0.0113036 -2.86701e-13
5.166 -0.0109897 -1.01511e-13
5.167 -0.0106753 1.19514e-13
5.168 -0.0103605 2.98265e-13
5.169 -0.0100456 3.73211e-13
5.17 -0.00973068 3.16756e-13
5.171 -0.00941604 1.47787e-13
5.172 -0.00910178 -7.57589e-14
5.173 -0.00878799 -2.75309e-13
5.174 -0.00847468 -3.81547e-13
5.175 -0.00816181 -3.55027e-13
5.176 -0.00784927 -2.04922e-13
5.177 -0.00753691 2.04837e-14
5.178 -0.00722461 2.41802e-13
5.179 -0.00691225 3.85374e-13
5.18 -0.00659977 3.98058e-13
5.181 -0.00628719 2.75199e-13
5.182 -0.00597459 5.85092e-14
5.183 -0.00566213 -1.81138e-13
5.184 -0.00534999 -3.60867e-13
5.185 -0.00503841 -4.19484e-13
5.186 -0.00472761 -3.36579e-13
5.187 -0.00441776 -1.39985e-13
5.188 -0.00410897 1.04335e-13
5.189 -0.00380128 3.13882e-13
5.19 -0.00349468 4.16803e-13
5.191 -0.00318904 3.8011e-13
5.192 -0.00288424 2.15159e-13
5.193 -0.00258011 -2.07842e-14
5.194 -0.00227651 -2.48015e-13
5.195 -0.00197337 -3.90048e-13
5.196 -0.00167064 -4.00261e-13
5.197 -0.00136839 -2.75125e-13
5.198 -0.00106673 -5.71235e-14
5.199 -0.000765861 1.76627e-13
5.2 -0.000465992 3.4761e-13
5.201 -0.000167347 3.97814e-13
5.202 0.00012988 3.12543e-13
5.203 0.000425549 1.21056e-13
5.204 0.00071959 -1.09926e-13
5.205 0.00101201 -3.00917e-13
5.206 0.0013029 -3.86997e-13
5.207 0.00159237 -3.39357e-13
5.208 0.0018806 -1.75869e-13
5.209 0.00216772 4.73833e-14
5.21 0.00245385 2.53004e-13
5.211 0.00273904 3.71017e-13
5.212 0.00302327 3.61589e-13
5.213 0.00330646 2.28992e-13
5.214 0.00358844 1.87678e-14
5.215 0.00386901 -1.94771e-13
5.216 0.00414797 -3.41075e-13
5.217 0.00442512 -3.69669e-13
5.218 0.00470031 -2.71848e-13
5.219 0.00497344 -8.27396e-14
5.22 0.00524452 1.29948e-13
5.221 0.00551358 2.95904e-13
5.222 0.00578074 3.57141e-13
5.223 0.00604615 2.94409e-13
5.224 0.00630995 1.31133e-13
5.225 0.00657227 -7.48022e-14
5.226 0.00683316 -2.49897e-13
5.227 0.00709265 -3.34233e-13
5.228 0.00735067 -2.99896e-13
5.229 0.00760709 -1.5935e-13
5.23 0.00786175 3.49652e-14
5.231 0.00811445 2.15904e-13
5.232 0.00836501 3.18961e-13
5.233 0.00861329 3.08005e-13
5.234 0.00885919 1.86479e-13
5.235 0.00910268 -2.03411e-15
5.236 0.00934379 -1.91372e-13
5.237 0.00958262 -3.14621e-13
5.238 0.00981928 -3.26637e-13
5.239 0.0100539 -2.24228e-13
5.24 0.0102867 -4.10272e-14
5.241 0.0105176 1.59721e-13
5.242 0.0107467 3.07398e-13
5.243 0.0109739 3.48523e-13
5.244 0.0111992 2.69791e-13
5.245 0.0114224 9.46615e-14
5.246 0.0116434 -1.1447e-13
5.247 0.011862 -2.87457e-13
5.248 0.012078 -3.63281e-13
5.249 0.0122914 -3.15413e-13
5.25 0.0125021 -1.59499e-13
5.251 0.0127102 5.1962e-14
5.252 0.0129157 2.4652e-13
5.253 0.0131187 3.5743e-13
5.254 0.0133194 3.48078e-13
5.255 0.0135179 2.20023e-13
5.256 0.0137142 1.70726e-14
5.257 0.0139085 -1.92563e-13
5.258 0.0141005 -3.36243e-13
5.259 0.0142904 -3.65565e-13
5.26 0.0144779 -2.7154e-13
5.261 0.014663 -8.54915e-14
5.262 0.0148454 1.28137e-13
5.263 0.015025 2.97035e-13
5.264 0.0152018 3.64434e-13
5.265 0.0153757 3.0682e-13
5.266 0.0155468 1.45826e-13
5.267 0.0157151 -6.424e-14
5.268 0.0158807 -2.50544e-13
5.269 0.0160438 -3.49647e-13
5.27 0.0162045 -3.28967e-13
5.271 0.0163628 -1.96179e-13
5.272 0.0165188 2.80517e-15
5.273 0.0166724 1.98128e-13
5.274 0.0168237 3.2381e-13
5.275 0.0169724 3.38311e-13
5.276 0.0171185 2.36995e-13
5.277 0.0172618 5.49394e-14
5.278 0.0174022 -1.44325e-13
5.279 0.0175396 -2.91924e-13
5.28 0.017674 -3.36957e-13
5.281 0.0178054 -2.66687e-13
5.282 0.0179339 -1.03228e-13
5.283 0.0180597 9.31474e-14
5.284 0.0181827 2.54971e-13
5.285 0.0183032 3.29049e-13
5.286 0.0184213 2.88959e-13
5.287 0.0185369 1.4909e-13
5.288 0.0186501 -4.23308e-14
5.289 0.0187609 -2.18263e-13
5.29 0.018869 -3.19046e-13
5.291 0.0189744 -3.10744e-13
5.292 0.0190769 -1.95976e-13
5.293 0.0191764 -1.48341e-14
5.294 0.0192729 1.71175e-13
5.295 0.0193662 2.98244e-13
5.296 0.0194565 3.2584e-13
5.297 0.0195438 2.44409e-13
5.298 0.0196282 8.3228e-14
5.299 0.0197099 -1.02157e-13
5.3 0.019789 -2.50953e-13
5.301 0.0198657 -3.14053e-13
5.302 0.01994 -2.73423e-13
5.303 0.0200118 -1.45438e-13
5.304 0.0200813 2.60198e-14
5.305 0.0201482 1.80365e-13
5.306 0.0202124 2.69062e-13
5.307 0.0202737 2.66078e-13
5.308 0.0203321 1.74591e-13
5.309 0.0203874 3.15028e-14
5.31 0.0204395 -1.12862e-13
5.311 0.0204886 -2.08986e-13
5.312 0.0205345 -2.2694e-13
5.313 0.0205776 -1.65904e-13
5.314 0.0206179 -5.17454e-14
5.315 0.0206556 7.02505e-14
5.316 0.0206909 1.59356e-13
5.317 0.0207239 1.82749e-13
5.318 0.0207546 1.37897e-13
5.319 0.020783 4.39286e-14
5.32 0.020809 -6.04607e-14
5.321 0.0208325 -1.3495e-13
5.322 0.0208532 -1.53182e-13
5.323 0.0208712 -1.09663e-13
5.324 0.0208861 -2.18219e-14
5.325 0.020898 7.46987e-14
5.326 0.0209068 1.39964e-13
5.327 0.0209126 1.48867e-13
5.328 0.0209155 9.61461e-14
5.329 0.0209157 3.79214e-16
5.33 0.0209133 -1.0037e-13
5.331 0.0209086 -1.68479e-13
5.332 0.0209016 -1.73063e-13
5.333 0.0208925 -1.11427e-13
5.334 0.0208812 -3.1332e-15
5.335 0.0208677 1.14345e-13
5.336 0.0208519 1.98264e-13
5.337 0.0208337 2.14059e-13
5.338 0.0208128 1.53689e-13
5.339 0.0207892 3.41577e-14
5.34 0.0207627 -1.0397e-13
5.341 0.0207333 -2.12147e-13
5.342 0.0207011 -2.52615e-13
5.343 0.020666 -2.07738e-13
5.344 0.0206284 -9.12814e-14
5.345 0.0205883 5.88187e-14
5.346 0.0205459 1.91193e-13
5.347 0.0205014 2.61203e-13
5.348 0.0204549 2.44225e-13
5.349 0.0204064 1.44386e-13
5.35 0.020356 -4.98836e-15
5.351 0.0203034 -1.52553e-13
5.352 0.0202487 -2.47586e-13
5.353 0.0201916 -2.58338e-13
5.354 0.020132 -1.79071e-13
5.355 0.0200698 -3.74859e-14
5.356 0.020005 1.16588e-13
5.357 0.0199376 2.30521e-13
5.358 0.0198676 2.64169e-13
5.359 0.0197953 2.04585e-13
5.36 0.0197206 7.29388e-14
5.361 0.019644 -8.62408e-14
5.362 0.0195654 -2.18343e-13
5.363 0.0194849 -2.75929e-13
5.364 0.0194028 -2.37818e-13
5.365 0.0193188 -1.1658e-13
5.366 0.019233 4.72656e-14
5.367 0.0191453 1.97155e-13
5.368 0.0190555 2.81727e-13
5.369 0.0189635 2.71943e-13
5.37 0.0188692 1.68679e-13
5.371 0.0187726 6.61749e-15
5.372 0.0186736 -1.58728e-13
5.373 0.0185725 -2.73219e-13
5.374 0.0184692 -2.98129e-13
5.375 0.0183639 -2.23217e-13
5.376 0.0182569 -7.48647e-14
5.377 0.0181482 9.72505e-14
5.378 0.018038 2.36758e-13
5.379 0.0179262 2.95729e-13
5.38 0.017813 2.56928e-13
5.381 0.0176981 1.34832e-13
5.382 0.0175817 -2.95372e-14
5.383 0.0174634 -1.79761e-13
5.384 0.0173432 -2.67273e-13
5.385 0.017221 -2.65174e-13
5.386 0.0170969 -1.75547e-13
5.387 0.0169708 -2.99123e-14
5.388 0.0168428 1.2028e-13
5.389 0.016713 2.24999e-13
5.39 0.0165817 2.51604e-13
5.391 0.0164489 1.94023e-13
5.392 0.0163148 7.52785e-14
5.393 0.0161795 -6.34543e-14
5.394 0.016043 -1.73001e-13
5.395 0.0159052 -2.17858e-13
5.396 0.0157662 -1.87801e-13
5.397 0.0156258 -9.61351e-14
5.398 0.0154838 2.19324e-14
5.399 0.0153402 1.25794e-13
5.4 0.015195 1.78069e-13
5.401 0.0150481 1.62538e-13
5.402 0.0148995 9.12877e-14
5.403 0.0147494 -9.43383e-15
5.404 0.014598 -9.92621e-14
5.405 0.0144454 -1.47008e-13
5.406 0.0142918 -1.3552e-13
5.407 0.0141373 -7.16183e-14
5.408 0.0139819 1.74367e-14
5.409 0.0138258 9.84733e-14
5.41 0.0136688 1.38461e-13
5.411 0.0135109 1.22039e-13
5.412 0.0133519 5.65744e-14
5.413 0.0131917 -3.37775e-14
5.414 0.0130301 -1.14125e-13
5.415 0.0128671 -1.53135e-13
5.416 0.0127028 -1.3293e-13
5.417 0.0125371 -5.96812e-14
5.418 0.0123701 4.04484e-14
5.419 0.0122022 1.31905e-13
5.42 0.0120334 1.78316e-13
5.421 0.0118641 1.62646e-13
5.422 0.0116942 8.63628e-14
5.423 0.0115239 -2.49912e-14
5.424 0.0113533 -1.32805e-13
5.425 0.0111823 -1.98077e-13
5.426 0.0110108 -1.9608e-13
5.427 0.0108385 -1.26173e-13
5.428 0.0106655 -1.10082e-14
5.429 0.0104914 1.12613e-13
5.43 0.0103164 1.98971e-13
5.431 0.0101402 2.19959e-13
5.432 0.00996302 1.66599e-13
5.433 0.00978493 5.6238e-14
5.434 0.00960612 -7.36397e-14
5.435 0.00942678 -1.8011e-13
5.436 0.00924713 -2.25341e-13
5.437 0.00906733 -1.93755e-13
5.438 0.00888749 -9.60954e-14
5.439 0.00870766 3.38481e-14
5.44 0.0085278 1.52776e-13
5.441 0.00834782 2.18428e-13
5.442 0.00816758 2.0972e-13
5.443 0.00798693 1.29393e-13
5.444 0.00780574 5.75013e-15
5.445 0.0076239 -1.2015e-13
5.446 0.00744138 -2.04138e-13
5.447 0.00725823 -2.17886e-13
5.448 0.00707455 -1.57103e-13
5.449 0.00689048 -4.31696e-14
5.45 0.00670622 8.48698e-14
5.451 0.00652195 1.82978e-13
5.452 0.00633783 2.18445e-13
5.453 0.00615396 1.79619e-13
5.454 0.0059704 8.12333e-14
5.455 0.00578711 -4.22079e-14
5.456 0.00560403 -1.49277e-13
5.457 0.00542102 -2.02917e-13
5.458 0.00523798 -1.85786e-13
5.459 0.00505477 -1.08311e-13
5.46 0.00487132 3.56917e-15
5.461 0.00468761 1.10592e-13
5.462 0.00450367 1.75362e-13
5.463 0.0043196 1.76877e-13
5.464 0.00413554 1.1765e-13
5.465 0.00395165 1.84558e-14
5.466 0.00376809 -8.31589e-14
5.467 0.00358499 -1.50813e-13
5.468 0.00340244 -1.63484e-13
5.469 0.00322046 -1.1552e-13
5.47 0.00303904 -2.73114e-14
5.471 0.00285809 6.85372e-14
5.472 0.00267752 1.38177e-13
5.473 0.00249721 1.56368e-13
5.474 0.00231706 1.16086e-13
5.475 0.00213703 3.25351e-14
5.476 0.0019571 -6.39033e-14
5.477 0.00177733 -1.38085e-13
5.478 0.00159781 -1.62857e-13
5.479 0.00141868 -1.28037e-13
5.48 0.00124008 -4.55689e-14
5.481 0.00106216 5.56514e-14
5.482 0.000885008 1.38011e-13
5.483 0.0007087 1.74321e-13
5.484 0.000533241 1.49207e-13
5.485 0.000358591 7.12609e-14
5.486 0.000184668 -3.32723e-14
5.487 1.13726e-05 -1.26869e-13
5.488 -0.000161396 -1.79247e-13
5.489 -0.000333714 -1.70494e-13
5.49 -0.00050562 -1.02071e-13
5.491 -0.000677102 1.30209e-15
5.492 -0.000848095 1.05136e-13
5.493 -0.0010185 1.7423e-13
5.494 -0.00118817 1.83412e-13
5.495 -0.00135698 1.30873e-13
5.496 -0.0015248 3.39708e-14
5.497 -0.00169154 -7.40431e-14
5.498 -0.00185717 -1.58261e-13
5.499 -0.00202169 -1.88778e-13
5.5 -0.00218515 -1.55466e-13
5.501 -0.00234764 -7.07935e-14
5.502 -0.00250927 3.7679e-14
5.503 -0.00267014 1.32526e-13
5.504 -0.00283031 1.82486e-13
5.505 -0.0029898 1.71457e-13
5.506 -0.00314861 1.04339e-13
5.507 -0.00330665 3.3377e-15
5.508 -0.00346382 -9.76674e-14
5.509 -0.00361998 -1.65524e-13
5.51 -0.003775 -1.78344e-13
5.511 -0.00392878 -1.33126e-13
5.512 -0.00408122 -4.45621e-14
5.513 -0.00423231 5.54024e-14
5.514 -0.00438205 1.36039e-13
5.515 -0.00453051 1.70974e-13
5.516 -0.00467779 1.49848e-13
5.517 -0.00482397 8.26026e-14
5.518 -0.00496916 -8.27679e-15
5.519 -0.00511342 -9.3002e-14
5.52 -0.00525678 -1.43638e-13
5.521 -0.0053992 -1.47223e-13
5.522 -0.00554063 -1.03881e-13
5.523 -0.00568096 -3.05507e-14
5.524 -0.00582007 4.78234e-14
5.525 -0.00595785 1.06965e-13
5.526 -0.00609418 1.29257e-13
5.527 -0.006229 1.08767e-13
5.528 -0.0063623 5.633e-14
5.529 -0.00649408 -9.44689e-15
5.53 -0.00662441 -6.68796e-14
5.531 -0.00675337 -9.89898e-14
5.532 -0.00688105 -9.76005e-14
5.533 -0.00700752 -6.75631e-14
5.534 -0.00713285 -2.0008e-14
5.535 -0.00725704 2.9058e-14
5.536 -0.00738008 6.29567e-14
5.537 -0.0075019 7.43995e-14
5.538 -0.00762243 6.34367e-14
5.539 -0.00774156 3.52833e-14
5.54 -0.00785918 1.95259e-15
5.541 -0.00797524 -2.50217e-14
5.542 -0.00808968 -3.97942e-14
5.543 -0.00820249 -4.01392e-14
5.544 -0.00831369 -3.00201e-14
5.545 -0.00842335 -1.42815e-14
5.546 -0.00853152 -1.30037e-15
5.547 -0.00863829 4.5932e-15
5.548 -0.00874372 5.2356e-15
5.549 -0.00884782 5.27841e-15
5.55 -0.00895061 5.31325e-15
5.551 -0.00905206 8.62156e-15
5.552 -0.0091521 1.59429e-14
5.553 -0.00925065 2.25429e-14
5.554 -0.00934764 2.41439e-14
5.555 -0.009443 1.89421e-14
5.556 -0.00953667 5.50604e-15
5.557 -0.00962863 -1.29963e-14
5.558 -0.00971891 -3.01353e-14
5.559 -0.00980753 -3.93636e-14
5.56 -0.00989457 -3.6452e-14
5.561 -0.00998008 -2.09045e-14
5.562 -0.0100641 3.27027e-15
5.563 -0.0101468 2.90398e-14
5.564 -0.010228 4.54929e-14
5.565 -0.0103079 4.78441e-14
5.566 -0.0103862 3.35113e-14
5.567 -0.0104631 7.10852e-15
5.568 -0.0105383 -2.14038e-14
5.569 -0.0106118 -4.3737e-14
5.57 -0.0106836 -5.13141e-14
5.571 -0.0107537 -4.07342e-14
5.572 -0.0108219 -1.59484e-14
5.573 -0.0108884 1.38632e-14
5.574 -0.0109532 3.91385e-14
5.575 -0.0110164 4.99051e-14
5.576 -0.0110781 4.14622e-14
5.577 -0.0111383 1.70849e-14
5.578 -0.011197 -1.35745e-14
5.579 -0.0112543 -4.01246e-14
5.58 -0.0113102 -5.19725e-14
5.581 -0.0113646 -4.35274e-14
5.582 -0.0114174 -1.81549e-14
5.583 -0.0114685 1.50891e-14
5.584 -0.011518 4.46759e-14
5.585 -0.0115657 5.93507e-14
5.586 -0.0116115 5.1449e-14
5.587 -0.0116556 2.36625e-14
5.588 -0.0116979 -1.62594e-14
5.589 -0.0117385 -5.24454e-14
5.59 -0.0117775 -7.29182e-14
5.591 -0.0118149 -6.82242e-14
5.592 -0.0118509 -3.81926e-14
5.593 -0.0118854 6.71459e-15
5.594 -0.0119184 5.33079e-14
5.595 -0.0119501 8.62737e-14
5.596 -0.0119802 9.22274e-14
5.597 -0.0120088 6.86923e-14
5.598 -0.0120358 2.15517e-14
5.599 -0.0120612 -3.52135e-14
5.6 -0.0120848 -8.1962e-14
5.601 -0.0121066 -1.04708e-13
5.602 -0.0121267 -9.57489e-14
5.603 -0.012145 -5.7278e-14
5.604 -0.0121617 -1.07251e-15
5.605 -0.0121768 5.46079e-14
5.606 -0.0121903 9.27043e-14
5.607 -0.0122024 1.01172e-13
5.608 -0.012213 7.83561e-14
5.609 -0.0122222 3.26586e-14
5.61 -0.0122299 -2.15681e-14
5.611 -0.0122363 -6.68498e-14
5.612 -0.0122412 -8.79943e-14
5.613 -0.0122445 -8.01342e-14
5.614 -0.0122463 -4.71533e-14
5.615 -0.0122465 -1.05249e-15
5.616 -0.012245 4.16689e-14
5.617 -0.0122419 6.71911e-14
5.618 -0.0122372 6.82004e-14
5.619 -0.0122309 4.61624e-14
5.62 -0.0122231 9.45911e-15
5.621 -0.0122137 -2.87248e-14
5.622 -0.0122029 -5.34279e-14
5.623 -0.0121907 -5.73186e-14
5.624 -0.0121772 -4.04188e-14
5.625 -0.0121622 -7.16218e-15
5.626 -0.0121459 2.67955e-14
5.627 -0.0121281 5.04672e-14
5.628 -0.0121089 5.44909e-14
5.629 -0.0120883 3.86154e-14
5.63 -0.0120663 6.00415e-15
5.631 -0.0120427 -2.92511e-14
5.632 -0.0120177 -5.65741e-14
5.633 -0.0119912 -6.40288e-14
5.634 -0.0119633 -4.90258e-14
5.635 -0.011934 -1.62983e-14
5.636 -0.0119034 2.35292e-14
5.637 -0.0118713 5.76993e-14
5.638 -0.011838 7.5322e-14
5.639 -0.0118033 6.86098e-14
5.64 -0.0117674 4.03057e-14
5.641 -0.0117301 -1.71535e-15
5.642 -0.0116915 -4.42901e-14
5.643 -0.0116516 -7.39926e-14
5.644 -0.0116104 -8.24086e-14
5.645 -0.0115679 -6.59334e-14
5.646 -0.0115241 -3.06388e-14
5.647 -0.011479 1.343e-14
5.648 -0.0114326 5.36777e-14
5.649 -0.011385 7.85122e-14
5.65 -0.0113362 8.1449e-14
5.651 -0.0112861 6.12494e-14
5.652 -0.0112349 2.4638e-14
5.653 -0.0111824 -1.92547e-14
5.654 -0.0111288 -5.60539e-14
5.655 -0.011074 -7.68648e-14
5.656 -0.011018 -7.59593e-14
5.657 -0.0109608 -5.44451e-14
5.658 -0.0109024 -1.84077e-14
5.659 -0.0108429 2.17211e-14
5.66 -0.0107823 5.55605e-14
5.661 -0.0107205 7.55686e-14
5.662 -0.0106577 7.37909e-14
5.663 -0.0105937 5.42455e-14
5.664 -0.0105287 1.83618e-14
5.665 -0.0104627 -2.15601e-14
5.666 -0.0103956 -5.68092e-14
5.667 -0.0103275 -7.61625e-14
5.668 -0.0102584 -7.54242e-14
5.669 -0.0101883 -5.48611e-14
5.67 -0.0101172 -1.89085e-14
5.671 -0.010045 2.2738e-14
5.672 -0.00997185 5.86344e-14
5.673 -0.00989769 7.85552e-14
5.674 -0.00982254 7.59093e-14
5.675 -0.00974644 5.2563e-14
5.676 -0.00966941 1.28092e-14
5.677 -0.00959147 -3.06774e-14
5.678 -0.00951265 -6.66544e-14
5.679 -0.00943297 -8.30951e-14
5.68 -0.00935245 -7.53827e-14
5.681 -0.00927111 -4.50247e-14
5.682 -0.00918893 -3.0874e-16
5.683 -0.00910593 4.73621e-14
5.684 -0.00902211 8.09785e-14
5.685 -0.00893746 9.01847e-14
5.686 -0.008852 7.14216e-14
5.687 -0.00876572 2.8571e-14
5.688 -0.00867865 -2.57498e-14
5.689 -0.0085908 -7.26781e-14
5.69 -0.00850219 -9.95185e-14
5.691 -0.00841284 -9.39442e-14
5.692 -0.00832279 -5.63849e-14
5.693 -0.00823206 4.41047e-16
5.694 -0.00814066 6.04171e-14
5.695 -0.00804861 1.03535e-13
5.696 -0.00795593 1.15473e-13
5.697 -0.00786263 9.0409e-14
5.698 -0.00776871 3.37045e-14
5.699 -0.00767418 -3.72826e-14
5.7 -0.00757905 -9.90655e-14
5.701 -0.00748334 -1.31712e-13
5.702 -0.00738704 -1.23977e-13
5.703 -0.00729018 -7.60063e-14
5.704 -0.00719276 -2.11041e-15
5.705 -0.0070948 7.4037e-14
5.706 -0.00699632 1.28237e-13
5.707 -0.00689733 1.43074e-13
5.708 -0.00679784 1.12222e-13
5.709 -0.00669787 4.52387e-14
5.71 -0.00659742 -3.57368e-14
5.711 -0.00649651 -1.06218e-13
5.712 -0.00639515 -1.42177e-13
5.713 -0.00629338 -1.33539e-13
5.714 -0.00619121 -8.23747e-14
5.715 -0.00608866 -5.20665e-15
5.716 -0.00598576 7.33419e-14
5.717 -0.00588254 1.26418e-13
5.718 -0.00577901 1.36828e-13
5.719 -0.0056752 1.02812e-13
5.72 -0.00557111 3.61891e-14
5.721 -0.00546674 -4.0917e-14
5.722 -0.00536209 -1.03213e-13
5.723 -0.00525715 -1.29408e-13
5.724 -0.00515191 -1.11981e-13
5.725 -0.00504637 -5.75001e-14
5.726 -0.00494052 1.46457e-14
5.727 -0.00483439 7.97656e-14
5.728 -0.00472799 1.14571e-13
5.729 -0.00462135 1.10329e-13
5.73 -0.00451452 6.70194e-14
5.731 -0.00440754 1.37366e-15
5.732 -0.00430045 -6.0878e-14
5.733 -0.00419331 -9.96616e-14
5.734 -0.00408614 -1.01169e-13
5.735 -0.00397896 -6.62381e-14
5.736 -0.00387177 -8.31396e-15
5.737 -0.00376457 5.14005e-14
5.738 -0.00365732 8.96289e-14
5.739 -0.00355002 9.32023e-14
5.74 -0.00344262 6.04542e-14
5.741 -0.0033351 5.08341e-15
5.742 -0.00322747 -5.31511e-14
5.743 -0.00311972 -9.1592e-14
5.744 -0.00301188 -9.37904e-14
5.745 -0.00290399 -6.01524e-14
5.746 -0.00279612 -6.32341e-16
5.747 -0.00268831 6.0953e-14
5.748 -0.00258063 1.01186e-13
5.749 -0.00247313 1.04475e-13
5.75 -0.00236584 6.59997e-14
5.751 -0.00225879 -2.67571e-16
5.752 -0.00215198 -7.1686e-14
5.753 -0.00204538 -1.20818e-13
5.754 -0.00193896 -1.28553e-13
5.755 -0.00183268 -8.81732e-14
5.756 -0.0017265 -1.22206e-14
5.757 -0.0016204 7.4833e-14
5.758 -0.00151436 1.41688e-13
5.759 -0.00140839 1.62339e-13
5.76 -0.00130253 1.26451e-13
5.761 -0.00119682 4.29109e-14
5.762 -0.00109132 -6.02847e-14
5.763 -0.000986099 -1.50113e-13
5.764 -0.000881229 -1.92623e-13
5.765 -0.000776759 -1.71478e-13
5.766 -0.000672727 -8.97838e-14
5.767 -0.000569145 2.67116e-14
5.768 -0.000466005 1.40917e-13
5.769 -0.000363278 2.1189e-13
5.77 -0.00026092 2.15531e-13
5.771 -0.000158883 1.46476e-13
5.772 -5.71234e-05 2.45425e-14
5.773 4.43912e-05 -1.09143e-13
5.774 0.000145673 -2.11877e-13
5.775 0.000246712 -2.47953e-13
5.776 0.000347472 -2.03038e-13
5.777 0.000447899 -9.08511e-14
5.778 0.000547924 5.49294e-14
5.779 0.000647474 1.84966e-13
5.78 0.00074648 2.57766e-13
5.781 0.000844887 2.47614e-13
5.782 0.000942659 1.56351e-13
5.783 0.00103979 1.33376e-14
5.784 0.00113629 -1.34585e-13
5.785 0.00123219 -2.39958e-13
5.786 0.00132755 -2.68382e-13
5.787 0.00142242 -2.09308e-13
5.788 0.00151685 -8.27399e-14
5.789 0.00161087 7.06402e-14
5.79 0.00170451 2.01191e-13
5.791 0.00179774 2.65145e-13
5.792 0.00189055 2.41956e-13
5.793 0.00198287 1.38849e-13
5.794 0.00207463 -7.02431e-15
5.795 0.00216576 -1.4949e-13
5.796 0.00225619 -2.41124e-13
5.797 0.00234587 -2.51379e-13
5.798 0.00243476 -1.78374e-13
5.799 0.00252285 -4.86984e-14
5.8 0.00261017 9.69915e-14
5.801 0.00269674 2.08013e-13
5.802 0.00278261 2.47919e-13
5.803 0.00286784 2.06141e-13
5.804 0.00295249 9.66139e-14
5.805 0.00303657 -4.29264e-14
5.806 0.00312011 -1.66093e-13
5.807 0.00320311 -2.32144e-13
5.808 0.00328552 -2.18686e-13
5.809 0.0033673 -1.34919e-13
5.81 0.00344838 -6.79371e-15
5.811 0.0035287 1.19584e-13
5.812 0.0036082 2.03946e-13
5.813 0.00368683 2.1726e-13
5.814 0.00376457 1.57498e-13
5.815 0.00384142 4.66421e-14
5.816 0.00391739 -7.6918e-14
5.817 0.00399253 -1.708e-13
5.818 0.00406687 -2.04461e-13
5.819 0.00414047 -1.68055e-13
5.82 0.00421337 -7.48727e-14
5.821 0.00428559 4.12866e-14
5.822 0.00435713 1.41046e-13
5.823 0.00442797 1.90586e-13
5.824 0.00449808 1.74037e-13
5.825 0.0045674 9.76773e-14
5.826 0.00463589 -1.06383e-14
5.827 0.00470348 -1.1284e-13
5.828 0.00477013 -1.75255e-13
5.829 0.00483583 -1.74881e-13
5.83 0.00490057 -1.15259e-13
5.831 0.00496436 -1.69651e-14
5.832 0.00502725 8.51015e-14
5.833 0.00508927 1.56306e-13
5.834 0.00515047 1.71778e-13
5.835 0.00521089 1.27724e-13
5.836 0.00527055 3.94694e-14
5.837 0.00532946 -6.10883e-14
5.838 0.00538758 -1.38237e-13
5.839 0.00544488 -1.67583e-13
5.84 0.00550132 -1.37806e-13
5.841 0.00555682 -6.10152e-14
5.842 0.00561133 3.71714e-14
5.843 0.00566483 1.22611e-13
5.844 0.00571728 1.64991e-13
5.845 0.0057687 1.5056e-13
5.846 0.00581911 8.34937e-14
5.847 0.00586856 -1.27683e-14
5.848 0.00591712 -1.06288e-13
5.849 0.00596483 -1.62669e-13
5.85 0.00601175 -1.65646e-13
5.851 0.00605791 -1.12151e-13
5.852 0.0061033 -2.17332e-14
5.853 0.0061479 7.85017e-14
5.854 0.00619165 1.52395e-13
5.855 0.00623449 1.75718e-13
5.856 0.00627634 1.42698e-13
5.857 0.00631712 6.28454e-14
5.858 0.00635681 -3.74056e-14
5.859 0.00639536 -1.24739e-13
5.86 0.00643278 -1.71046e-13
5.861 0.00646913 -1.62576e-13
5.862 0.00650446 -1.01776e-13
5.863 0.00653885 -1.03915e-14
5.864 0.0065724 8.28937e-14
5.865 0.00660516 1.4848e-13
5.866 0.0066372 1.65531e-13
5.867 0.00666851 1.31482e-13
5.868 0.00669907 5.73789e-14
5.869 0.00672883 -3.25556e-14
5.87 0.0067577 -1.0929e-13
5.871 0.00678559 -1.4827e-13
5.872 0.0068124 -1.41162e-13
5.873 0.00683806 -9.06859e-14
5.874 0.00686252 -1.61167e-14
5.875 0.00688579 5.89545e-14
5.876 0.00690791 1.11415e-13
5.877 0.00692895 1.25448e-13
5.878 0.00694901 1.00148e-13
5.879 0.00696819 4.54724e-14
5.88 0.00698661 -1.89966e-14
5.881 0.00700432 -7.25806e-14
5.882 0.00702138 -9.67366e-14
5.883 0.00703776 -8.85215e-14
5.884 0.00705342 -5.24032e-14
5.885 0.00706827 -1.19728e-15
5.886 0.00708219 4.52647e-14
5.887 0.00709509 7.3172e-14
5.888 0.00710685 7.34025e-14
5.889 0.00711741 4.84577e-14
5.89 0.00712674 8.09969e-15
5.891 0.00713489 -3.22982e-14
5.892 0.00714191 -5.91101e-14
5.893 0.00714791 -6.38003e-14
5.894 0.00715302 -4.4361e-14
5.895 0.00715735 -1.03309e-14
5.896 0.00716102 2.83251e-14
5.897 0.00716407 5.65284e-14
5.898 0.00716652 6.46351e-14
5.899 0.00716834 4.99913e-14
5.9 0.00716946 1.74188e-14
5.901 0.00716975 -2.17686e-14
5.902 0.0071691 -5.40245e-14
5.903 0.0071674 -6.8709e-14
5.904 0.00716456 -6.10948e-14
5.905 0.00716053 -3.21744e-14
5.906 0.00715532 7.04993e-15
5.907 0.00714899 4.52928e-14
5.908 0.00714163 6.86154e-14
5.909 0.00713337 7.09654e-14
5.91 0.00712434 5.09305e-14
5.911 0.00711465 1.39949e-14
5.912 0.00710438 -2.66743e-14
5.913 0.00709356 -6.01686e-14
5.914 0.0070822 -7.4987e-14
5.915 0.00707021 -6.56997e-14
5.916 0.00705751 -3.63146e-14
5.917 0.00704398 4.96995e-15
5.918 0.0070295 4.49616e-14
5.919 0.00701399 7.04363e-14
5.92 0.00699739 7.3795e-14
5.921 0.00697968 5.44467e-14
5.922 0.00696093 1.86672e-14
5.923 0.00694119 -2.28776e-14
5.924 0.00692061 -5.74958e-14
5.925 0.00689928 -7.41343e-14
5.926 0.00687734 -6.6165e-14
5.927 0.00685486 -3.77946e-14
5.928 0.00683189 3.31522e-15
5.929 0.00680842 4.40611e-14
5.93 0.00678441 6.91275e-14
5.931 0.00675977 7.24723e-14
5.932 0.00673439 5.06029e-14
5.933 0.00670817 1.2801e-14
5.934 0.00668102 -3.04366e-14
5.935 0.00665289 -6.35001e-14
5.936 0.00662376 -7.53106e-14
5.937 0.00659368 -6.06821e-14
5.938 0.00656272 -2.44672e-14
5.939 0.006531 2.36755e-14
5.94 0.00649863 6.48732e-14
5.941 0.00646572 8.52416e-14
5.942 0.00643235 7.61133e-14
5.943 0.00639857 4.01165e-14
5.944 0.00636438 -1.28032e-14
5.945 0.00632973 -6.63666e-14
5.946 0.00629453 -1.00229e-13
5.947 0.0062587 -1.02418e-13
5.948 0.00622212 -7.03429e-14
5.949 0.00618472 -1.19323e-14
5.95 0.00614644 5.38202e-14
5.951 0.00610727 1.07467e-13
5.952 0.00606725 1.28843e-13
5.953 0.00602647 1.0857e-13
5.954 0.00598502 5.12788e-14
5.955 0.00594303 -2.5924e-14
5.956 0.00590061 -1.00247e-13
5.957 0.00585784 -1.43775e-13
5.958 0.00581477 -1.43882e-13
5.959 0.00577139 -9.72314e-14
5.96 0.00572767 -1.7593e-14
5.961 0.00568352 7.24154e-14
5.962 0.00563884 1.41322e-13
5.963 0.00559352 1.66777e-13
5.964 0.00554749 1.40226e-13
5.965 0.00550068 6.78274e-14
5.966 0.00545309 -2.92647e-14
5.967 0.00540476 -1.17968e-13
5.968 0.00535576 -1.7093e-13
5.969 0.0053062 -1.69307e-13
5.97 0.0052562 -1.12241e-13
5.971 0.00520588 -1.84204e-14
5.972 0.00515532 8.27046e-14
5.973 0.00510459 1.58067e-13
5.974 0.00505369 1.82563e-13
5.975 0.00500257 1.46752e-13
5.976 0.00495116 6.2089e-14
5.977 0.00489936 -4.42634e-14
5.978 0.00484707 -1.3609e-13
5.979 0.00479419 -1.83664e-13
5.98 0.00474067 -1.7045e-13
5.981 0.00468648 -1.00622e-13
5.982 0.00463164 3.46762e-15
5.983 0.00457624 1.06781e-13
5.984 0.00452037 1.75419e-13
5.985 0.00446415 1.85846e-13
5.986 0.00440771 1.34076e-13
5.987 0.00435113 3.60353e-14
5.988 0.00429447 -7.36039e-14
5.989 0.00423777 -1.59556e-13
5.99 0.004181 -1.93124e-13
5.991 0.00412408 -1.6083e-13
5.992 0.00406693 -7.48989e-14
5.993 0.00400945 3.79293e-14
5.994 0.00395155 1.36896e-13
5.995 0.00389314 1.90344e-13
5.996 0.00383422 1.79506e-13
5.997 0.00377477 1.05434e-13
5.998 0.00371487 -3.24528e-15
5.999 0.00365461 -1.11669e-13
6 0.00359408 -1.8208e-13
6.001 0.0035334 -1.90309e-13
6.002 0.00347268 -1.34242e-13
6.003 0.00341199 -3.10781e-14
6.004 0.00335134 8.25558e-14
6.005 0.00329074 1.68717e-13
6.006 0.00323014 1.97106e-13
6.007 0.00316945 1.57869e-13
6.008 0.00310859 6.54236e-14
6.009 0.00304747 -5.02962e-14
6.01 0.00298602 -1.48707e-13
6.011 0.00292419 -1.96592e-13
6.012 0.002862 -1.76328e-13
6.013 0.00279948 -9.56275e-14
6.014 0.00273671 1.71019e-14
6.015 0.00267377 1.24409e-13
6.016 0.00261079 1.87323e-13
6.017 0.00254784 1.86762e-13
6.018 0.00248501 1.21225e-13
6.019 0.00242232 1.40132e-14
6.02 0.00235978 -9.81157e-14
6.021 0.00229736 -1.7544e-13
6.022 0.00223498 -1.92134e-13
6.023 0.00217257 -1.41296e-13
6.024 0.00211005 -4.12573e-14
6.025 0.00204735 7.4512e-14
6.026 0.00198442 1.64072e-13
6.027 0.00192127 1.96525e-13
6.028 0.00185792 1.61086e-13
6.029 0.00179444 6.80972e-14
6.03 0.00173091 -4.85269e-14
6.031 0.00166744 -1.48334e-13
6.032 0.00160411 -1.97173e-13
6.033 0.00154099 -1.77216e-13
6.034 0.00147812 -9.59627e-14
6.035 0.00141552 1.91298e-14
6.036 0.00135314 1.2718e-13
6.037 0.00129093 1.90551e-13
6.038 0.00122882 1.88291e-13
6.039 0.00116672 1.20905e-13
6.04 0.00110456 9.98636e-15
6.041 0.00104231 -1.03933e-13
6.042 0.000979937 -1.8229e-13
6.043 0.000917478 -1.9665e-13
6.044 0.000854988 -1.41886e-13
6.045 0.000792551 -3.73269e-14
6.046 0.000730263 8.04377e-14
6.047 0.000668217 1.6997e-13
6.048 0.000606492 2.01359e-13
6.049 0.000545136 1.6246e-13
6.05 0.000484164 6.69905e-14
6.051 0.000423552 -5.22185e-14
6.052 0.000363246 -1.54309e-13
6.053 0.000303167 -2.02789e-13
6.054 0.000243231 -1.8119e-13
6.055 0.000183359 -9.69602e-14
6.056 0.000123494 2.06513e-14
6.057 6.36107e-05 1.3148e-13
6.058 3.72009e-06 1.97707e-13
6.059 -5.6129e-05 1.95074e-13
6.06 -0.000115858 1.24954e-13
6.061 -0.00017537 1.32116e-14
6.062 -0.000234564 -1.02891e-13
6.063 -0.000293351 -1.81721e-13
6.064 -0.000351669 -1.97762e-13
6.065 -0.000409488 -1.46038e-13
6.066 -0.000466819 -4.35985e-14
6.067 -0.000523709 7.0941e-14
6.068 -0.000580233 1.60202e-13
6.069 -0.00063648 1.92588e-13
6.07 -0.00069254 1.57603e-13
6.071 -0.000748483 6.88205e-14
6.072 -0.000804354 -4.37066e-14
6.073 -0.000860157 -1.37506e-13
6.074 -0.000915858 -1.82373e-13
6.075 -0.000971387 -1.62082e-13
6.076 -0.00102665 -8.63943e-14
6.077 -0.00108154 1.83449e-14
6.078 -0.00113595 1.13774e-13
6.079 -0.00118982 1.67697e-13
6.08 -0.00124309 1.6006e-13
6.081 -0.00129577 9.48999e-14
6.082 -0.00134788 -2.44207e-15
6.083 -0.0013995 -9.68523e-14
6.084 -0.00145073 -1.5399e-13
6.085 -0.00150165 -1.53206e-13
6.086 -0.00155236 -9.7127e-14
6.087 -0.00160292 -5.80324e-15
6.088 -0.00165334 8.64129e-14
6.089 -0.00170362 1.45241e-13
6.09 -0.00175369 1.4895e-13
6.091 -0.00180345 9.58214e-14
6.092 -0.00185281 5.59847e-15
6.093 -0.00190164 -8.70524e-14
6.094 -0.00194986 -1.47864e-13
6.095 -0.00199741 -1.51938e-13
6.096 -0.00204426 -9.73108e-14
6.097 -0.00209043 -2.81843e-15
6.098 -0.002136 9.6455e-14
6.099 -0.00218105 1.62469e-13
6.1 -0.0022257 1.69672e-13
6.101 -0.00227004 1.12602e-13
6.102 -0.00231415 9.80818e-15
6.103 -0.00235808 -1.01977e-13
6.104 -0.00240182 -1.82556e-13
6.105 -0.00244534 -2.00277e-13
6.106 -0.00248855 -1.45373e-13
6.107 -0.00253134 -3.48843e-14
6.108 -0.00257359 9.37196e-14
6.109 -0.00261519 1.95562e-13
6.11 -0.00265607 2.32717e-13
6.111 -0.00269619 1.89011e-13
6.112 -0.00273555 7.76508e-14
6.113 -0.00277421 -6.76893e-14
6.114 -0.00281224 -1.94588e-13
6.115 -0.00284977 -2.5968e-13
6.116 -0.00288689 -2.37059e-13
6.117 -0.00292372 -1.31567e-13
6.118 -0.00296029 2.28409e-14
6.119 -0.00299664 1.74457e-13
6.12 -0.00303274 2.70107e-13
6.121 -0.00306852 2.75887e-13
6.122 -0.00310387 1.87565e-13
6.123 -0.00313868 3.28493e-14
6.124 -0.00317285 -1.35966e-13
6.125 -0.00320628 -2.62717e-13
6.126 -0.00323892 -3.02849e-13
6.127 -0.00327077 -2.40254e-13
6.128 -0.00330186 -9.4723e-14
6.129 -0.00333227 8.58928e-14
6.13 -0.00336211 2.40227e-13
6.131 -0.00339149 3.14996e-13
6.132 -0.00342049 2.84708e-13
6.133 -0.00344919 1.56354e-13
6.134 -0.00347762 -2.4493e-14
6.135 -0.00350575 -2.0083e-13
6.136 -0.00353354 -3.11116e-13
6.137 -0.00356089 -3.16835e-13
6.138 -0.00358768 -2.16067e-13
6.139 -0.00361382 -4.15985e-14
6.14 -0.00363922 1.47378e-13
6.141 -0.00366382 2.88462e-13
6.142 -0.00368762 3.33591e-13
6.143 -0.00371065 2.67583e-13
6.144 -0.00373299 1.11554e-13
6.145 -0.00375474 -8.21224e-14
6.146 -0.00377599 -2.48092e-13
6.147 -0.00379686 -3.31345e-13
6.148 -0.00381739 -3.02747e-13
6.149 -0.00383763 -1.7468e-13
6.15 -0.00385756 1.05632e-14
6.151 -0.00387711 1.9018e-13
6.152 -0.0038962 3.0483e-13
6.153 -0.00391473 3.15496e-13
6.154 -0.00393258 2.21433e-13
6.155 -0.00394968 5.49526e-14
6.156 -0.00396598 -1.2686e-13
6.157 -0.00398148 -2.62105e-13
6.158 -0.0039962 -3.07407e-13
6.159 -0.00401024 -2.47583e-13
6.16 -0.00402369 -1.05667e-13
6.161 -0.00403666 6.86803e-14
6.162 -0.00404924 2.15733e-13
6.163 -0.00406151 2.85311e-13
6.164 -0.00407348 2.55613e-13
6.165 -0.00408513 1.39175e-13
6.166 -0.00409641 -2.19605e-14
6.167 -0.00410722 -1.71949e-13
6.168 -0.00411745 -2.5792e-13
6.169 -0.00412701 -2.50563e-13
6.17 -0.00413581 -1.56297e-13
6.171 -0.00414381 -7.68816e-15
6.172 -0.00415101 1.39912e-13
6.173 -0.00415745 2.34319e-13
6.174 -0.00416323 2.43814e-13
6.175 -0.00416844 1.6584e-13
6.176 -0.0041732 2.88535e-14
6.177 -0.00417761 -1.18192e-13
6.178 -0.00418173 -2.20717e-13
6.179 -0.00418557 -2.43789e-13
6.18 -0.00418912 -1.78275e-13
6.181 -0.00419231 -4.77083e-14
6.182 -0.00419504 1.01632e-13
6.183 -0.00419719 2.16111e-13
6.184 -0.00419866 2.53298e-13
6.185 -0.00419938 1.99678e-13
6.186 -0.0041993 7.33447e-14
6.187 -0.00419843 -8.14685e-14
6.188 -0.00419683 -2.1081e-13
6.189 -0.00419459 -2.67896e-13
6.19 -0.00419183 -2.311e-13
6.191 -0.00418866 -1.11896e-13
6.192 -0.00418519 4.80851e-14
6.193 -0.00418149 1.95567e-13
6.194 -0.00417756 2.76992e-13
6.195 -0.00417338 2.64219e-13
6.196 -0.00416888 1.60694e-13
6.197 -0.00416394 2.0925e-16
6.198 -0.00415845 -1.62175e-13
6.199 -0.0041523 -2.71091e-13
6.2 -0.0041454 -2.87957e-13
6.201 -0.00413771 -2.07565e-13
6.202 -0.00412924 -5.5703e-14
6.203 -0.00412006 1.14132e-13
6.204 -0.00411026 2.45154e-13
6.205 -0.00409998 2.92646e-13
6.206 -0.00408934 2.40822e-13
6.207 -0.00407845 1.07512e-13
6.208 -0.00406739 -6.22044e-14
6.209 -0.00405618 -2.08964e-13
6.21 -0.00404479 -2.82324e-13
6.211 -0.00403314 -2.58446e-13
6.212 -0.00402112 -1.45299e-13
6.213 -0.00400861 1.67592e-14
6.214 -0.00399547 1.70671e-13
6.215 -0.00398163 2.64395e-13
6.216 -0.00396703 2.65523e-13
6.217 -0.00395168 1.74844e-13
6.218 -0.00393563 2.36201e-14
6.219 -0.00391898 -1.35041e-13
6.22 -0.00390188 -2.45979e-13
6.221 -0.00388444 -2.69577e-13
6.222 -0.00386679 -1.99652e-13
6.223 -0.00384901 -5.99216e-14
6.224 -0.00383114 9.94006e-14
6.225 -0.00381316 2.25821e-13
6.226 -0.003795 2.72674e-13
6.227 -0.00377655 2.23889e-13
6.228 -0.00375768 9.71805e-14
6.229 -0.00373829 -6.27117e-14
6.23 -0.00371827 -2.00944e-13
6.231 -0.00369756 -2.69379e-13
6.232 -0.00367617 -2.45025e-13
6.233 -0.00365414 -1.35022e-13
6.234 -0.00363156 2.20558e-14
6.235 -0.00360856 1.70077e-13
6.236 -0.00358524 2.58934e-13
6.237 -0.00356175 2.58807e-13
6.238 -0.00353814 1.6852e-13
6.239 -0.00351447 2.17771e-14
6.24 -0.00349073 -1.3329e-13
6.241 -0.00346685 -2.41412e-13
6.242 -0.00344275 -2.65572e-13
6.243 -0.00341832 -1.98651e-13
6.244 -0.00339345 -6.4101e-14
6.245 -0.00336806 9.17325e-14
6.246 -0.00334209 2.13533e-13
6.247 -0.00331554 2.61387e-13
6.248 -0.00328844 2.18975e-13
6.249 -0.00326088 1.01789e-13
6.25 -0.00323296 -4.91472e-14
6.251 -0.0032048 -1.81132e-13
6.252 -0.00317648 -2.47614e-13
6.253 -0.00314809 -2.28092e-13
6.254 -0.00311965 -1.29336e-13
6.255 -0.00309116 1.30731e-14
6.256 -0.00306256 1.50258e-13
6.257 -0.00303378 2.3159e-13
6.258 -0.00300473 2.31994e-13
6.259 -0.00297531 1.50468e-13
6.26 -0.00294546 1.75885e-14
6.261 -0.00291514 -1.21292e-13
6.262 -0.00288435 -2.15431e-13
6.263 -0.00285314 -2.33565e-13
6.264 -0.00282158 -1.69749e-13
6.265 -0.00278977 -4.59524e-14
6.266 -0.00275779 9.29683e-14
6.267 -0.00272574 1.99154e-13
6.268 -0.00269366 2.3337e-13
6.269 -0.00266157 1.8623e-13
6.27 -0.00262945 7.36692e-14
6.271 -0.00259725 -6.40896e-14
6.272 -0.00256489 -1.78927e-13
6.273 -0.00253228 -2.30948e-13
6.274 -0.00249936 -2.01481e-13
6.275 -0.00246607 -1.01925e-13
6.276 -0.0024324 3.40937e-14
6.277 -0.00239836 1.57934e-13
6.278 -0.00236401 2.26352e-13
6.279 -0.00232943 2.14867e-13
6.28 -0.00229471 1.28559e-13
6.281 -0.00225995 -2.09749e-15
6.282 -0.00222522 -1.31299e-13
6.283 -0.00219054 -2.13885e-13
6.284 -0.00215593 -2.21988e-13
6.285 -0.00212133 -1.52761e-13
6.286 -0.0020867 -3.15549e-14
6.287 -0.00205194 1.00303e-13
6.288 -0.00201697 1.95722e-13
6.289 -0.00198171 2.23477e-13
6.29 -0.00194612 1.7255e-13
6.291 -0.0019102 6.23127e-14
6.292 -0.00187399 -6.83584e-14
6.293 -0.00183755 -1.73718e-13
6.294 -0.00180097 -2.18107e-13
6.295 -0.00176436 -1.85607e-13
6.296 -0.00172781 -9.04876e-14
6.297 -0.00169138 3.55564e-14
6.298 -0.00165513 1.46733e-13
6.299 -0.00161903 2.04881e-13
6.3 -0.00158303 1.9084e-13
6.301 -0.00154708 1.10425e-13
6.302 -0.00151106 -5.54833e-15
6.303 -0.00147488 -1.17261e-13
6.304 -0.00143846 -1.8546e-13
6.305 -0.00140177 -1.86406e-13
6.306 -0.00136479 -1.21051e-13
6.307 -0.00132756 -1.38462e-14
6.308 -0.00129015 9.60958e-14
6.309 -0.00125267 1.68923e-13
6.31 -0.00121522 1.78705e-13
6.311 -0.0011779 1.22922e-13
6.312 -0.0011408 2.39184e-14
6.313 -0.00110395 -8.26971e-14
6.314 -0.00106735 -1.59086e-13
6.315 -0.00103095 -1.75218e-13
6.316 -0.000994678 -1.27246e-13
6.317 -0.000958436 -3.17178e-14
6.318 -0.000922122 7.56922e-14
6.319 -0.000885652 1.56111e-13
6.32 -0.00084897 1.78898e-13
6.321 -0.000812063 1.35673e-13
6.322 -0.000774959 4.28655e-14
6.323 -0.000737725 -6.73908e-14
6.324 -0.000700457 -1.5431e-13
6.325 -0.000663263 -1.86179e-13
6.326 -0.000626246 -1.49997e-13
6.327 -0.000589488 -5.85333e-14
6.328 -0.000553038 5.59361e-14
6.329 -0.000516902 1.52764e-13
6.33 -0.000481044 1.94853e-13
6.331 -0.000445398 1.66985e-13
6.332 -0.000409871 7.81996e-14
6.333 -0.000374369 -4.23755e-14
6.334 -0.000338807 -1.49665e-13
6.335 -0.000303126 -2.05336e-13
6.336 -0.000267305 -1.87227e-13
6.337 -0.000231362 -1.01132e-13
6.338 -0.000195352 2.33155e-14
6.339 -0.000159357 1.42915e-13
6.34 -0.000123477 2.15423e-13
6.341 -8.78064e-05 2.11042e-13
6.342 -5.24235e-05 1.31829e-13
6.343 -1.73773e-05 2.51005e-15
6.344 1.73202e-05 -1.30862e-13
6.345 5.16944e-05 -2.20482e-13
6.346 8.58028e-05 -2.34115e-13
6.347 0.000119724 -1.65276e-13
6.348 0.000153542 -3.65422e-14
6.349 0.000187334 1.07653e-13
6.35 0.000221154 2.17404e-13
6.351 0.000255024 2.52798e-13
6.352 0.000288931 2.00193e-13
6.353 0.000322827 7.59748e-14
6.354 0.000356642 -7.66152e-14
6.355 0.000390289 -2.05847e-13
6.356 0.000423684 -2.66214e-13
6.357 0.000456758 -2.33675e-13
6.358 0.000489469 -1.18729e-13
6.359 0.000521805 3.91527e-14
6.36 0.00055379 1.86353e-13
6.361 0.000585476 2.69924e-13
6.362 0.000616933 2.61201e-13
6.363 0.000648236 1.61773e-13
6.364 0.000679453 4.05152e-15
6.365 0.000710631 -1.56533e-13
6.366 0.000741786 -2.64773e-13
6.367 0.000772906 -2.82722e-13
6.368 0.000803943 -2.02563e-13
6.369 0.000834832 -5.0754e-14
6.37 0.000865492 1.19804e-13
6.371 0.000895848 2.51482e-13
6.372 0.000925837 2.96708e-13
6.373 0.000955424 2.4033e-13
6.374 0.000984603 9.94984e-14
6.375 0.0010134 -7.6988e-14
6.376 0.00104187 -2.2933e-13
6.377 0.00107008 -3.0389e-13
6.378 0.0010981 -2.74925e-13
6.379 0.001126 -1.51415e-13
6.38 0.00115382 2.47144e-14
6.381 0.00118157 1.95041e-13
6.382 0.00120925 2.99223e-13
6.383 0.00123679 3.00697e-13
6.384 0.00126414 2.00118e-13
6.385 0.00129122 3.11828e-14
6.386 0.00131794 -1.4878e-13
6.387 0.00134424 -2.77373e-13
6.388 0.0013701 -3.11402e-13
6.389 0.0013955 -2.38191e-13
6.39 0.00142048 -8.36557e-14
6.391 0.00144508 9.79549e-14
6.392 0.00146939 2.45693e-13
6.393 0.00149348 3.08075e-13
6.394 0.00151741 2.63472e-13
6.395 0.00154124 1.28942e-13
6.396 0.00156498 -4.84554e-14
6.397 0.00158863 -2.0856e-13
6.398 0.00161213 -2.95244e-13
6.399 0.00163541 -2.78358e-13
6.4 0.00165841 -1.64881e-13
6.401 0.00168103 4.97637e-15
6.402 0.00170321 1.72527e-13
6.403 0.00172491 2.76763e-13
6.404 0.00174611 2.84834e-13
6.405 0.00176684 1.92058e-13
6.406 0.00178715 3.19799e-14
6.407 0.00180711 -1.39099e-13
6.408 0.00182679 -2.61111e-13
6.409 0.00184628 -2.90221e-13
6.41 0.00186563 -2.17601e-13
6.411 0.00188487 -6.6287e-14
6.412 0.00190399 1.08448e-13
6.413 0.00192297 2.45523e-13
6.414 0.00194174 2.95917e-13
6.415 0.00196023 2.42572e-13
6.416 0.00197835 1.03152e-13
6.417 0.00199604 -7.40273e-14
6.418 0.00201325 -2.26404e-13
6.419 0.00202994 -2.99457e-13
6.42 0.00204614 -2.67718e-13
6.421 0.00206189 -1.42455e-13
6.422 0.00207724 3.42616e-14
6.423 0.00209228 2.01876e-13
6.424 0.00210707 2.99549e-13
6.425 0.00212168 2.92863e-13
6.426 0.00213614 1.83982e-13
6.427 0.00215047 9.13682e-15
6.428 0.00216463 -1.69804e-13
6.429 0.00217859 -2.91636e-13
6.43 0.00219228 -3.12451e-13
6.431 0.00220561 -2.23934e-13
6.432 0.00221853 -5.67831e-14
6.433 0.00223098 1.31067e-13
6.434 0.00224294 2.75122e-13
6.435 0.0022544 3.24289e-13
6.436 0.00226539 2.61541e-13
6.437 0.00227598 1.07128e-13
6.438 0.00228623 -8.44601e-14
6.439 0.0022962 -2.48253e-13
6.44 0.00230597 -3.26687e-13
6.441 0.00231556 -2.92329e-13
6.442 0.00232499 -1.57692e-13
6.443 0.00233426 3.15628e-14
6.444 0.00234332 2.10131e-13
6.445 0.0023521 3.16548e-13
6.446 0.00236056 3.13036e-13
6.447 0.00236861 2.01808e-13
6.448 0.00237622 1.91339e-14
6.449 0.00238334 -1.68459e-13
6.45 0.00238998 -2.9805e-13
6.451 0.00239616 -3.24661e-13
6.452 0.00240193 -2.38553e-13
6.453 0.00240735 -7.05253e-14
6.454 0.00241248 1.2359e-13
6.455 0.00241738 2.73321e-13
6.456 0.0024221 3.29333e-13
6.457 0.00242666 2.73285e-13
6.458 0.00243105 1.23093e-13
6.459 0.00243524 -6.99483e-14
6.46 0.00243918 -2.36777e-13
6.461 0.0024428 -3.2254e-13
6.462 0.00244606 -2.97419e-13
6.463 0.00244889 -1.71612e-13
6.464 0.00245126 1.28715e-14
6.465 0.00245317 1.91095e-13
6.466 0.00245464 3.01976e-13
6.467 0.00245569 3.06939e-13
6.468 0.0024564 2.06641e-13
6.469 0.00245681 3.72357e-14
6.47 0.00245699 -1.42432e-13
6.471 0.00245698 -2.71032e-13
6.472 0.0024568 -3.04026e-13
6.473 0.00245646 -2.31051e-13
6.474 0.00245592 -7.91238e-14
6.475 0.00245516 9.7275e-14
6.476 0.00245411 2.36162e-13
6.477 0.00245272 2.90295e-13
6.478 0.00245095 2.42231e-13
6.479 0.00244876 1.09947e-13
6.48 0.00244614 -6.01278e-14
6.481 0.0024431 -2.04936e-13
6.482 0.00243967 -2.76538e-13
6.483 0.00243591 -2.4719e-13
6.484 0.00243186 -1.30788e-13
6.485 0.00242757 3.26098e-14
6.486 0.0024231 1.8235e-13
6.487 0.00241847 2.66995e-13
6.488 0.00241367 2.55378e-13
6.489 0.00240871 1.51932e-13
6.49 0.00240353 -7.34693e-15
6.491 0.0023981 -1.63924e-13
6.492 0.00239237 -2.62448e-13
6.493 0.00238629 -2.6806e-13
6.494 0.00237984 -1.78003e-13
6.495 0.002373 -2.25136e-14
6.496 0.00236577 1.42473e-13
6.497 0.00235819 2.5848e-13
6.498 0.00235028 2.85172e-13
6.499 0.00234211 2.0995e-13
6.5 0.00233371 5.93831e-14
6.501 0.00232513 -1.14654e-13
6.502 0.0023164 -2.52055e-13
6.503 0.00230752 -3.02707e-13
6.504 0.00229849 -2.49557e-13
6.505 0.00228929 -1.07976e-13
6.506 0.00227987 7.29333e-14
6.507 0.0022702 2.31256e-13
6.508 0.00226024 3.13013e-13
6.509 0.00224996 2.88389e-13
6.51 0.00223933 1.65924e-13
6.511 0.00222836 -1.45271e-14
6.512 0.00221707 -1.90944e-13
6.513 0.00220548 -3.04722e-13
6.514 0.00219364 -3.15221e-13
6.515 0.00218158 -2.2053e-13
6.516 0.00216935 -5.15355e-14
6.517 0.00215697 1.33154e-13
6.518 0.00214445 2.72587e-13
6.519 0.0021318 3.19076e-13
6.52 0.00211901 2.60092e-13
6.521 0.00210605 1.15063e-13
6.522 0.00209289 -6.71149e-14
6.523 0.00207951 -2.23104e-13
6.524 0.00206587 -3.0359e-13
6.525 0.00205196 -2.80319e-13
6.526 0.00203778 -1.63446e-13
6.527 0.00202332 4.71346e-15
6.528 0.00200861 1.67922e-13
6.529 0.00199366 2.71501e-13
6.53 0.00197852 2.8288e-13
6.531 0.00196319 1.99071e-13
6.532 0.00194772 5.07326e-14
6.533 0.00193211 -1.11054e-13
6.534 0.00191637 -2.31264e-13
6.535 0.00190051 -2.70143e-13
6.536 0.00188451 -2.19219e-13
6.537 0.00186837 -9.64139e-14
6.538 0.00185207 5.52794e-14
6.539 0.00183559 1.82479e-13
6.54 0.00181892 2.45111e-13
6.541 0.00180205 2.22696e-13
6.542 0.00178499 1.27154e-13
6.543 0.00176773 -7.35091e-15
6.544 0.00175028 -1.3422e-13
6.545 0.00173267 -2.09878e-13
6.546 0.00171489 -2.11289e-13
6.547 0.00169696 -1.42339e-13
6.548 0.0016789 -2.84071e-14
6.549 0.00166071 9.01533e-14
6.55 0.0016424 1.73024e-13
6.551 0.00162398 1.93012e-13
6.552 0.00160545 1.47599e-13
6.553 0.0015868 5.46585e-14
6.554 0.00156805 -5.2192e-14
6.555 0.00154918 -1.3649e-13
6.556 0.0015302 -1.69092e-13
6.557 0.0015111 -1.43086e-13
6.558 0.00149187 -7.0119e-14
6.559 0.00147252 2.16927e-14
6.56 0.00145303 1.00208e-13
6.561 0.00143342 1.40237e-13
6.562 0.00141367 1.30158e-13
6.563 0.00139381 7.57403e-14
6.564 0.00137382 -1.4074e-15
6.565 0.00135372 -7.11569e-14
6.566 0.00133354 -1.10369e-13
6.567 0.00131327 -1.08698e-13
6.568 0.00129293 -6.86701e-14
6.569 0.00127255 -9.293e-15
6.57 0.00125212 4.90167e-14
6.571 0.00123164 8.41012e-14
6.572 0.00121112 8.57077e-14
6.573 0.00119055 5.59102e-14
6.574 0.0011699 7.66172e-15
6.575 0.00114918 -3.86247e-14
6.576 0.00112836 -6.61488e-14
6.577 0.00110743 -6.53175e-14
6.578 0.0010864 -3.79238e-14
6.579 0.00106526 2.44945e-15
6.58 0.00104402 3.93581e-14
6.581 0.00102271 5.80322e-14
6.582 0.00100136 5.11855e-14
6.583 0.000979977 2.29893e-14
6.584 0.000958598 -1.50077e-14
6.585 0.000937236 -4.70352e-14
6.586 0.000915902 -5.83595e-14
6.587 0.000894592 -4.59003e-14
6.588 0.000873295 -1.53763e-14
6.589 0.00085199 2.45452e-14
6.59 0.000830653 5.49561e-14
6.591 0.000809259 6.48845e-14
6.592 0.000787788 4.9049e-14
6.593 0.000766229 1.22062e-14
6.594 0.000744583 -2.90924e-14
6.595 0.000722862 -6.13687e-14
6.596 0.000701091 -7.02194e-14
6.597 0.000679301 -5.28047e-14
6.598 0.000657527 -1.49687e-14
6.599 0.000635801 3.03749e-14
6.6 0.000614149 6.51512e-14
6.601 0.000592582 7.60792e-14
6.602 0.000571099 5.73709e-14
6.603 0.000549686 1.66493e-14
6.604 0.000528317 -3.03698e-14
6.605 0.000506961 -6.76112e-14
6.606 0.000485584 -7.95745e-14
6.607 0.00046416 -6.19412e-14
6.608 0.000442675 -1.99807e-14
6.609 0.000421127 3.05595e-14
6.61 0.000399533 7.04701e-14
6.611 0.000377919 8.37771e-14
6.612 0.000356325 6.66374e-14
6.613 0.000334791 2.31216e-14
6.614 0.000313354 -3.01062e-14
6.615 0.000292044 -7.41066e-14
6.616 0.000270871 -9.09625e-14
6.617 0.000249833 -7.48247e-14
6.618 0.000228909 -3.00724e-14
6.619 0.000208066 2.80136e-14
6.62 0.000187265 7.5566e-14
6.621 0.000166468 9.71599e-14
6.622 0.000145646 8.25538e-14
6.623 0.000124782 3.74162e-14
6.624 0.000103879 -2.3223e-14
6.625 8.29591e-05 -7.65822e-14
6.626 6.20582e-05 -1.01492e-13
6.627 4.12231e-05 -8.96853e-14
6.628 2.05021e-05 -4.37483e-14
6.629 -6.26654e-08 2.01499e-14
6.63 -2.04429e-05 7.81256e-14
6.631 -4.06292e-05 1.08631e-13
6.632 -6.06332e-05 1.00294e-13
6.633 -8.04853e-05 5.43222e-14
6.634 -0.00010023 -1.3708e-14
6.635 -0.000119917 -7.92892e-14
6.636 -0.000139593 -1.17775e-13
6.637 -0.000159292 -1.15526e-13
6.638 -0.000179028 -6.99203e-14
6.639 -0.000198792 2.13419e-15
6.64 -0.000218553 7.57104e-14
6.641 -0.000238262 1.24066e-13
6.642 -0.000257859 1.29721e-13
6.643 -0.000277282 8.94393e-14
6.644 -0.000296481 1.47643e-14
6.645 -0.000315426 -6.62258e-14
6.646 -0.000334111 -1.26081e-13
6.647 -0.000352555 -1.41446e-13
6.648 -0.000370804 -1.08115e-13
6.649 -0.000388917 -3.54171e-14
6.65 -0.000406962 4.99015e-14
6.651 -0.000424998 1.18937e-13
6.652 -0.000443068 1.46811e-13
6.653 -0.00046119 1.22685e-13
6.654 -0.000479352 5.56329e-14
6.655 -0.000497512 -3.07572e-14
6.656 -0.000515605 -1.06637e-13
6.657 -0.000533553 -1.45584e-13
6.658 -0.000551279 -1.31289e-13
6.659 -0.000568719 -7.06085e-14
6.66 -0.000585832 1.46007e-14
6.661 -0.000602611 9.54754e-14
6.662 -0.000619079 1.42788e-13
6.663 -0.000635295 1.38426e-13
6.664 -0.000651334 8.34976e-14
6.665 -0.000667282 -4.79905e-16
6.666 -0.000683218 -8.55245e-14
6.667 -0.0006992 -1.38659e-13
6.668 -0.000715256 -1.43645e-13
6.669 -0.000731377 -9.65551e-14
6.67 -0.000747517 -1.43511e-14
6.671 -0.0007636 7.46371e-14
6.672 -0.000779532 1.35716e-13
6.673 -0.000795219 1.4901e-13
6.674 -0.000810576 1.07383e-13
6.675 -0.000825551 2.70059e-14
6.676 -0.000840124 -6.45318e-14
6.677 -0.000854319 -1.31687e-13
6.678 -0.000868196 -1.53247e-13
6.679 -0.000881841 -1.18127e-13
6.68 -0.000895357 -4.02609e-14
6.681 -0.000908839 5.26496e-14
6.682 -0.000922364 1.28328e-13
6.683 -0.000935975 1.58059e-13
6.684 -0.000949672 1.31269e-13
6.685 -0.000963414 5.74104e-14
6.686 -0.000977123 -3.87039e-14
6.687 -0.000990699 -1.22225e-13
6.688 -0.00100403 -1.6212e-13
6.689 -0.00101702 -1.43987e-13
6.69 -0.00102961 -7.42034e-14
6.691 -0.00104175 2.2675e-14
6.692 -0.00105346 1.12954e-13
6.693 -0.00106481 1.62716e-13
6.694 -0.00107586 1.54124e-13
6.695 -0.00108675 9.02323e-14
6.696 -0.00109756 -7.15629e-15
6.697 -0.00110839 -1.02541e-13
6.698 -0.00111929 -1.61476e-13
6.699 -0.00113029 -1.61816e-13
6.7 -0.00114134 -1.04447e-13
6.701 -0.00115238 -9.11699e-15
6.702 -0.0011633 9.1975e-14
6.703 -0.001174 1.59256e-13
6.704 -0.00118437 1.69738e-13
6.705 -0.00119433 1.18186e-13
6.706 -0.00120385 2.32523e-14
6.707 -0.00121292 -8.28535e-14
6.708 -0.0012216 -1.59579e-13
6.709 -0.00122996 -1.79614e-13
6.71 -0.00123811 -1.34891e-13
6.711 -0.00124616 -3.95663e-14
6.712 -0.0012542 7.30572e-14
6.713 -0.00126229 1.61106e-13
6.714 -0.00127045 1.92822e-13
6.715 -0.00127866 1.56979e-13
6.716 -0.00128686 6.37473e-14
6.717 -0.00129494 -5.37396e-14
6.718 -0.00130281 -1.56037e-13
6.719 -0.00131036 -2.04282e-13
6.72 -0.00131751 -1.81133e-13
6.721 -0.00132423 -9.359e-14
6.722 -0.00133052 2.84069e-14
6.723 -0.00133641 1.41481e-13
6.724 -0.00134199 2.06261e-13
6.725 -0.00134736 2.00376e-13
6.726 -0.00135262 1.22267e-13
6.727 -0.00135785 1.89315e-15
6.728 -0.00136312 -1.21361e-13
6.729 -0.00136845 -2.01558e-13
6.73 -0.0013738 -2.12387e-13
6.731 -0.00137912 -1.48695e-13
6.732 -0.00138432 -3.31118e-14
6.733 -0.0013893 9.43262e-14
6.734 -0.00139396 1.89525e-13
6.735 -0.00139823 2.17982e-13
6.736 -0.00140207 1.69833e-13
6.737 -0.00140549 6.26994e-14
6.738 -0.00140853 -6.56469e-14
6.739 -0.00141128 -1.71559e-13
6.74 -0.00141384 -2.16365e-13
6.741 -0.0014163 -1.8397e-13
6.742 -0.00141874 -8.84917e-14
6.743 -0.00142123 3.86076e-14
6.744 -0.00142377 1.50664e-13
6.745 -0.00142634 2.0936e-13
6.746 -0.00142887 1.94376e-13
6.747 -0.00143126 1.08851e-13
6.748 -0.00143342 -1.35589e-14
6.749 -0.00143524 -1.30896e-13
6.75 -0.00143667 -2.01128e-13
6.751 -0.00143766 -1.9891e-13
6.752 -0.00143824 -1.253e-13
6.753 -0.00143845 -6.60164e-15
6.754 -0.00143839 1.16102e-13
6.755 -0.00143815 1.95085e-13
6.756 -0.00143784 2.04481e-13
6.757 -0.00143755 1.4024e-13
6.758 -0.00143732 2.47502e-14
6.759 -0.00143718 -1.00071e-13
6.76 -0.00143708 -1.88949e-13
6.761 -0.00143695 -2.11919e-13
6.762 -0.00143668 -1.57965e-13
6.763 -0.00143618 -4.79359e-14
6.764 -0.00143534 8.0368e-14
6.765 -0.00143409 1.80118e-13
6.766 -0.0014324 2.15222e-13
6.767 -0.00143027 1.73955e-13
6.768 -0.00142778 7.05616e-14
6.769 -0.00142501 -5.9232e-14
6.77 -0.00142208 -1.67646e-13
6.771 -0.00141909 -2.16252e-13
6.772 -0.00141615 -1.86682e-13
6.773 -0.00141331 -8.90451e-14
6.774 -0.00141058 4.03444e-14
6.775 -0.00140794 1.56186e-13
6.776 -0.0014053 2.15262e-13
6.777 -0.00140256 1.96652e-13
6.778 -0.00139961 1.06917e-13
6.779 -0.00139634 -2.20974e-14
6.78 -0.00139266 -1.45952e-13
6.781 -0.00138854 -2.17911e-13
6.782 -0.00138399 -2.11857e-13
6.783 -0.00137905 -1.28047e-13
6.784 -0.00137382 5.0306e-15
6.785 -0.00136841 1.37747e-13
6.786 -0.00136295 2.23481e-13
6.787 -0.00135753 2.30651e-13
6.788 -0.00135222 1.53554e-13
6.789 -0.00134706 1.96374e-14
6.79 -0.00134202 -1.25962e-13
6.791 -0.00133702 -2.29563e-13
6.792 -0.00133198 -2.53092e-13
6.793 -0.00132677 -1.87809e-13
6.794 -0.00132129 -5.37095e-14
6.795 -0.00131545 1.03846e-13
6.796 -0.00130919 2.2886e-13
6.797 -0.00130251 2.75878e-13
6.798 -0.00129545 2.26693e-13
6.799 -0.0012881 9.72297e-14
6.8 -0.00128056 -6.95502e-14
6.801 -0.00127294 -2.15198e-13
6.802 -0.00126536 -2.89107e-13
6.803 -0.00125788 -2.6313e-13
6.804 -0.00125055 -1.46345e-13
6.805 -0.00124334 2.41165e-14
6.806 -0.00123622 1.87912e-13
6.807 -0.00122908 2.88728e-13
6.808 -0.00122183 2.9176e-13
6.809 -0.00121436 1.95047e-13
6.81 -0.00120658 3.18405e-14
6.811 -0.00119843 -1.44222e-13
6.812 -0.00118991 -2.71366e-13
6.813 -0.00118104 -3.06509e-13
6.814 -0.0011719 -2.36704e-13
6.815 -0.00116257 -8.60788e-14
6.816 -0.00115317 9.2687e-14
6.817 -0.00114379 2.38981e-13
6.818 -0.00113451 3.02405e-13
6.819 -0.00112536 2.62371e-13
6.82 -0.00111635 1.32416e-13
6.821 -0.00110742 -4.09985e-14
6.822 -0.00109851 -1.9887e-13
6.823 -0.00108952 -2.86817e-13
6.824 -0.00108035 -2.76646e-13
6.825 -0.00107092 -1.71554e-13
6.826 -0.00106117 -7.63286e-15
6.827 -0.0010511 1.56396e-13
6.828 -0.00104073 2.6428e-13
6.829 -0.0010301 2.79703e-13
6.83 -0.00101932 1.97879e-13
6.831 -0.00100848 4.90197e-14
6.832 -0.000997659 -1.15243e-13
6.833 -0.000986938 -2.36365e-13
6.834 -0.000976353 -2.72581e-13
6.835 -0.000965905 -2.13554e-13
6.836 -0.000955556 -8.03568e-14
6.837 -0.00094524 8.03373e-14
6.838 -0.000934872 2.10781e-13
6.839 -0.000924363 2.66638e-13
6.84 -0.000913637 2.26877e-13
6.841 -0.000902642 1.07981e-13
6.842 -0.000891363 -4.82498e-14
6.843 -0.000879818 -1.87638e-13
6.844 -0.00086806 -2.60294e-13
6.845 -0.000856167 -2.41561e-13
6.846 -0.000844227 -1.37396e-13
6.847 -0.000832325 1.45647e-14
6.848 -0.000820527 1.61482e-13
6.849 -0.000808871 2.51641e-13
6.85 -0.000797361 2.53178e-13
6.851 -0.000785966 1.66497e-13
6.852 -0.000774626 2.09053e-14
6.853 -0.000763264 -1.31578e-13
6.854 -0.000751796 -2.38778e-13
6.855 -0.000740152 -2.63885e-13
6.856 -0.000728283 -1.9609e-13
6.857 -0.000716168 -6.1386e-14
6.858 -0.000703824 9.46256e-14
6.859 -0.000691298 2.18109e-13
6.86 -0.00067866 2.65778e-13
6.861 -0.000665991 2.21987e-13
6.862 -0.000653371 1.02067e-13
6.863 -0.000640864 -5.26018e-14
6.864 -0.000628509 -1.87658e-13
6.865 -0.000616312 -2.57224e-13
6.866 -0.000604248 -2.37862e-13
6.867 -0.000592263 -1.36694e-13
6.868 -0.000580287 1.01774e-14
6.869 -0.000568243 1.52295e-13
6.87 -0.000556062 2.404e-13
6.871 -0.000543695 2.455e-13
6.872 -0.000531122 1.66242e-13
6.873 -0.000518352 3.0768e-14
6.874 -0.000505427 -1.12979e-13
6.875 -0.000492409 -2.17307e-13
6.876 -0.000479375 -2.45683e-13
6.877 -0.0004664 -1.90649e-13
6.878 -0.000453547 -7.15132e-14
6.879 -0.000440857 7.00817e-14
6.88 -0.00042834 1.85851e-13
6.881 -0.000415978 2.3697e-13
6.882 -0.000403724 2.0657e-13
6.883 -0.000391514 1.06972e-13
6.884 -0.000379276 -2.61935e-14
6.885 -0.000366943 -1.48139e-13
6.886 -0.000354465 -2.17139e-13
6.887 -0.000341815 -2.10323e-13
6.888 -0.000328999 -1.33168e-13
6.889 -0.000316049 -1.34835e-14
6.89 -0.000303019 1.07899e-13
6.891 -0.000289979 1.9017e-13
6.892 -0.000277002 2.04154e-13
6.893 -0.000264149 1.49876e-13
6.894 -0.000251464 4.73442e-14
6.895 -0.000238965 -6.84891e-14
6.896 -0.000226641 -1.56654e-13
6.897 -0.000214455 -1.90126e-13
6.898 -0.000202351 -1.57566e-13
6.899 -0.000190264 -7.32647e-14
6.9 -0.000178129 3.18842e-14
6.901 -0.000165896 1.22907e-13
6.902 -0.000153534 1.68116e-13
6.903 -0.00014104 1.5429e-13
6.904 -0.000128435 8.97666e-14
6.905 -0.000115764 -2.5793e-15
6.906 -0.000103089 -8.92981e-14
6.907 -9.04737e-05 -1.416e-13
6.908 -7.79792e-05 -1.43747e-13
6.909 -6.565e-05 -9.72118e-14
6.91 -5.35087e-05 -1.88144e-14
6.911 -4.15526e-05 5.94522e-14
6.912 -2.97548e-05 1.14434e-13
6.913 -1.80691e-05 1.27436e-13
6.914 -6.43812e-06 9.44545e-14
6.915 5.19639e-06 3.24933e-14
6.916 1.6884e-05 -3.71483e-14
6.917 2.86569e-05 -8.90519e-14
6.918 4.0525e-05 -1.06366e-13
6.919 5.2474e-05 -8.54694e-14
6.92 6.44678e-05 -3.61666e-14
6.921 7.64553e-05 2.32278e-14
6.922 8.8378e-05 6.95805e-14
6.923 0.00010018 8.73424e-14
6.924 0.000111819 7.26691e-14
6.925 0.000123268 3.17114e-14
6.926 0.000134525 -1.89135e-14
6.927 0.00014561 -5.97006e-14
6.928 0.000156563 -7.59495e-14
6.929 0.000167433 -6.22363e-14
6.93 0.000178273 -2.50709e-14
6.931 0.000189132 2.01554e-14
6.932 0.000200042 5.72201e-14
6.933 0.000211016 7.16115e-14
6.934 0.000222046 5.76334e-14
6.935 0.000233102 2.23557e-14
6.936 0.000244139 -2.17038e-14
6.937 0.000255104 -5.68563e-14
6.938 0.000265944 -7.12862e-14
6.939 0.000276615 -5.83485e-14
6.94 0.000287091 -2.40013e-14
6.941 0.000297365 2.02204e-14
6.942 0.000307453 5.71377e-14
6.943 0.000317388 7.31373e-14
6.944 0.000327216 6.27638e-14
6.945 0.000336989 2.9657e-14
6.946 0.000346753 -1.40761e-14
6.947 0.000356543 -5.36327e-14
6.948 0.000366376 -7.51402e-14
6.949 0.000376249 -7.04707e-14
6.95 0.000386136 -4.21394e-14
6.951 0.000395997 1.37344e-15
6.952 0.000405781 4.43425e-14
6.953 0.000415437 7.29632e-14
6.954 0.000424921 7.60509e-14
6.955 0.000434201 5.42301e-14
6.956 0.000443267 1.53932e-14
6.957 0.00045213 -2.82003e-14
6.958 0.000460819 -6.04736e-14
6.959 0.000469378 -7.24916e-14
6.96 0.000477856 -5.99995e-14
6.961 0.000486302 -2.98089e-14
6.962 0.000494754 9.38898e-15
6.963 0.000503234 4.38442e-14
6.964 0.000511742 6.06173e-14
6.965 0.000520261 5.74024e-14
6.966 0.000528752 3.62408e-14
6.967 0.000537168 5.65199e-15
6.968 0.000545456 -2.52698e-14
6.969 0.00055357 -4.49024e-14
6.97 0.000561476 -4.8867e-14
6.971 0.000569158 -3.68519e-14
6.972 0.000576621 -1.54894e-14
6.973 0.000583891 9.69442e-15
6.974 0.000591008 2.88878e-14
6.975 0.000598022 3.69197e-14
6.976 0.000604984 3.20711e-14
6.977 0.000611934 1.88197e-14
6.978 0.0006189 1.40551e-15
6.979 0.000625888 -1.37937e-14
6.98 0.000632885 -2.18974e-14
6.981 0.000639857 -2.321e-14
6.982 0.000646757 -1.73818e-14
6.983 0.000653534 -7.28161e-15
6.984 0.000660138 1.79917e-15
6.985 0.000666532 8.46441e-15
6.986 0.000672695 1.11476e-14
6.987 0.000678628 1.0446e-14
6.988 0.000684351 9.70198e-15
6.989 0.000689905 6.97231e-15
6.99 0.000695337 4.3721e-15
6.991 0.000700701 1.56426e-15
6.992 0.000706041 -2.57457e-15
6.993 0.000711388 -7.99389e-15
6.994 0.000716754 -1.38172e-14
6.995 0.00072213 -1.66635e-14
6.996 0.000727485 -1.49021e-14
6.997 0.000732775 -8.03475e-15
6.998 0.000737947 3.16842e-15
6.999 0.000742949 1.60106e-14
7 0.00074774 2.67445e-14
7.001 0.000752296 2.89588e-14
7.002 0.000756613 2.25592e-14
7.003 0.000760709 6.47992e-15
7.004 0.000764622 -1.43948e-14
7.005 0.000768402 -3.24728e-14
7.006 0.000772101 -4.24448e-14
7.007 0.00077577 -3.90827e-14
7.008 0.000779442 -2.07579e-14
7.009 0.000783135 7.05119e-15
7.01 0.000786841 3.51428e-14
7.011 0.000790532 5.39142e-14
7.012 0.000794166 5.59093e-14
7.013 0.000797687 3.89562e-14
7.014 0.000801043 8.01051e-15
7.015 0.000804188 -2.85887e-14
7.016 0.000807096 -5.66661e-14
7.017 0.00080976 -6.87135e-14
7.018 0.000812197 -5.72521e-14
7.019 0.000814443 -2.68475e-14
7.02 0.000816549 1.4574e-14
7.021 0.000818571 5.22492e-14
7.022 0.000820561 7.34199e-14
7.023 0.000822556 6.99974e-14
7.024 0.000824576 4.21177e-14
7.025 0.000826615 -1.80271e-16
7.026 0.000828647 -4.43469e-14
7.027 0.000830628 -7.34141e-14
7.028 0.0008325 -7.84829e-14
7.029 0.00083421 -5.61966e-14
7.03 0.00083571 -1.43265e-14
7.031 0.00083697 3.32263e-14
7.032 0.000837983 7.04331e-14
7.033 0.000838767 8.33684e-14
7.034 0.000839358 6.78392e-14
7.035 0.000839811 2.78233e-14
7.036 0.000840184 -2.24507e-14
7.037 0.000840532 -6.39022e-14
7.038 0.000840895 -8.37843e-14
7.039 0.000841293 -7.44507e-14
7.04 0.000841721 -3.78381e-14
7.041 0.000842152 1.17203e-14
7.042 0.000842536 5.9444e-14
7.043 0.000842816 8.56632e-14
7.044 0.000842932 8.20716e-14
7.045 0.000842835 4.90828e-14
7.046 0.000842494 -1.58304e-15
7.047 0.000841902 -5.19512e-14
7.048 0.000841078 -8.61527e-14
7.049 0.000840064 -8.98986e-14
7.05 0.000838919 -6.22142e-14
7.051 0.000837706 -1.28306e-14
7.052 0.000836484 4.12607e-14
7.053 0.000835296 8.10913e-14
7.054 0.000834164 9.37954e-14
7.055 0.000833079 7.33324e-14
7.056 0.00083201 2.89642e-14
7.057 0.000830904 -2.63293e-14
7.058 0.000829695 -7.222e-14
7.059 0.000828319 -9.29888e-14
7.06 0.000826722 -8.13007e-14
7.061 0.00082487 -4.14797e-14
7.062 0.00082276 1.0538e-14
7.063 0.000820413 5.91047e-14
7.064 0.000817878 8.56132e-14
7.065 0.00081522 8.3179e-14
7.066 0.000812512 5.09648e-14
7.067 0.00080982 2.72492e-15
7.068 0.000807191 -4.53662e-14
7.069 0.000804648 -7.72628e-14
7.07 0.000802183 -8.0179e-14
7.071 0.000799756 -5.50412e-14
7.072 0.000797308 -1.23654e-14
7.073 0.000794763 3.46806e-14
7.074 0.000792048 6.77347e-14
7.075 0.000789102 7.56651e-14
7.076 0.000785886 5.67582e-14
7.077 0.000782394 1.7965e-14
7.078 0.000778653 -2.59985e-14
7.079 0.000774717 -5.86987e-14
7.08 0.000770662 -6.93805e-14
7.081 0.000766572 -5.408e-14
7.082 0.000762522 -2.13222e-14
7.083 0.000758571 1.81257e-14
7.084 0.000754745 4.95352e-14
7.085 0.000751036 6.12004e-14
7.086 0.000747405 4.8942e-14
7.087 0.000743782 1.9961e-14
7.088 0.000740082 -1.66388e-14
7.089 0.000736219 -4.44389e-14
7.09 0.000732122 -5.38791e-14
7.091 0.000727741 -4.08459e-14
7.092 0.000723067 -1.14442e-14
7.093 0.000718123 2.09714e-14
7.094 0.000712967 4.39318e-14
7.095 0.000707685 5.00852e-14
7.096 0.000702368 3.5325e-14
7.097 0.000697106 5.55316e-15
7.098 0.000691968 -2.70395e-14
7.099 0.000686992 -4.87085e-14
7.1 0.000682175 -5.16946e-14
7.101 0.00067748 -3.44872e-14
7.102 0.000672835 -1.39521e-15
7.103 0.000668148 3.26491e-14
7.104 0.000663323 5.43764e-14
7.105 0.000658277 5.54746e-14
7.106 0.000652951 3.37015e-14
7.107 0.000647324 -2.66678e-15
7.108 0.000641413 -3.90439e-14
7.109 0.000635275 -6.20061e-14
7.11 0.000628995 -6.1422e-14
7.111 0.000622673 -3.56709e-14
7.112 0.000616406 6.55322e-15
7.113 0.000610272 4.8178e-14
7.114 0.000604321 7.37418e-14
7.115 0.00059856 7.19116e-14
7.116 0.000592955 4.10075e-14
7.117 0.00058744 -8.66482e-15
7.118 0.000581922 -5.78732e-14
7.119 0.000576302 -8.96133e-14
7.12 0.000570487 -8.88823e-14
7.121 0.000564413 -5.22683e-14
7.122 0.000558047 6.01228e-15
7.123 0.000551401 6.80155e-14
7.124 0.000544525 1.09215e-13
7.125 0.0005375 1.12649e-13
7.126 0.000530424 7.45479e-14
7.127 0.000523399 6.30439e-15
7.128 0.000516507 -6.97432e-14
7.129 0.000509804 -1.25999e-13
7.13 0.000503304 -1.40386e-13
7.131 0.000496983 -1.06066e-13
7.132 0.000490778 -3.1686e-14
7.133 0.000484601 5.77989e-14
7.134 0.000478355 1.32768e-13
7.135 0.000471948 1.63953e-13
7.136 0.00046531 1.40375e-13
7.137 0.000458407 6.48567e-14
7.138 0.000451242 -3.50018e-14
7.139 0.00044386 -1.27352e-13
7.14 0.000436337 -1.78072e-13
7.141 0.000428766 -1.68582e-13
7.142 0.000421244 -9.98357e-14
7.143 0.000413854 4.33821e-15
7.144 0.00040665 1.10527e-13
7.145 0.000399652 1.81646e-13
7.146 0.000392837 1.91039e-13
7.147 0.000386148 1.34803e-13
7.148 0.000379504 2.89366e-14
7.149 0.000372812 -8.8563e-14
7.15 0.000365984 -1.77979e-13
7.151 0.000358956 -2.06477e-13
7.152 0.000351692 -1.6407e-13
7.153 0.000344198 -6.38459e-14
7.154 0.000336515 6.01693e-14
7.155 0.000328714 1.65411e-13
7.156 0.000320886 2.13345e-13
7.157 0.00031312 1.88346e-13
7.158 0.000305495 9.63192e-14
7.159 0.00029806 -2.98453e-14
7.16 0.000290829 -1.46687e-13
7.161 0.00028378 -2.13996e-13
7.162 0.000276856 -2.06732e-13
7.163 0.000269977 -1.25528e-13
7.164 0.000263053 1.20816e-15
7.165 0.000256003 1.28173e-13
7.166 0.000248767 2.11424e-13
7.167 0.000241317 2.20739e-13
7.168 0.000233661 1.51355e-13
7.169 0.000225845 2.79922e-14
7.17 0.000217942 -1.06914e-13
7.171 0.000210041 -2.04347e-13
7.172 0.000202232 -2.31299e-13
7.173 0.000194587 -1.75139e-13
7.174 0.000187151 -5.56531e-14
7.175 0.000179934 8.5544e-14
7.176 0.000172907 1.9685e-13
7.177 0.000166008 2.39784e-13
7.178 0.000159153 1.9774e-13
7.179 0.000152253 8.29355e-14
7.18 0.000145226 -6.30517e-14
7.181 0.000138012 -1.89826e-13
7.182 0.000130588 -2.51419e-13
7.183 0.000122965 -2.23868e-13
7.184 0.000115195 -1.1535e-13
7.185 0.000107356 3.71968e-14
7.186 9.9541e-05 1.80076e-13
7.187 9.18416e-05 2.61547e-13
7.188 8.43335e-05 2.52337e-13
7.189 7.70623e-05 1.5279e-13
7.19 7.00361e-05 -3.68959e-15
7.191 6.32238e-05 -1.62376e-13
7.192 5.65606e-05 -2.65955e-13
7.193 4.9959e-05 -2.7819e-13
7.194 4.33239e-05 -1.93499e-13
7.195 3.65689e-05 -3.86234e-14
7.196 2.9631e-05 1.33428e-13
7.197 2.24823e-05 2.61334e-13
7.198 1.51338e-05 3.00521e-13
7.199 7.63505e-06 2.3491e-13
7.2 6.48591e-08 8.50138e-14
7.201 -7.48126e-06 -9.67095e-14
7.202 -1.49074e-05 -2.48157e-13
7.203 -2.21332e-05 -3.1493e-13
7.204 -2.91074e-05 -2.73816e-13
7.205 -3.58164e-05 -1.35845e-13
7.206 -4.22861e-05 5.25068e-14
7.207 -4.85776e-05 2.24289e-13
7.208 -5.47765e-05 3.21071e-13
7.209 -6.09783e-05 3.07633e-13
7.21 -6.72723e-05 1.86652e-13
7.211 -7.37262e-05 -1.1904e-16
7.212 -8.03751e-05 -1.90394e-13
7.213 -8.72156e-05 -3.15373e-13
7.214 -9.42063e-05 -3.32418e-13
7.215 -0.000101275 -2.35296e-13
7.216 -0.000108331 -5.42163e-14
7.217 -0.000115281 1.47811e-13
7.218 -0.000122042 2.99538e-13
7.219 -0.00012856 3.48894e-13
7.22 -0.000134814 2.77122e-13
7.221 -0.000140819 1.1035e-13
7.222 -0.000146629 -9.73483e-14
7.223 -0.000152318 -2.71932e-13
7.224 -0.000157977 -3.53703e-13
7.225 -0.000163691 -3.14701e-13
7.226 -0.000169527 -1.66082e-13
7.227 -0.000175526 4.00058e-14
7.228 -0.00018169 2.32091e-13
7.229 -0.00018799 3.45014e-13
7.23 -0.000194365 3.38665e-13
7.231 -0.000200734 2.15188e-13
7.232 -0.000207012 1.82122e-14
7.233 -0.000213122 -1.8562e-13
7.234 -0.00021901 -3.24514e-13
7.235 -0.000224651 -3.50346e-13
7.236 -0.000230053 -2.55342e-13
7.237 -0.000235257 -7.21262e-14
7.238 -0.000240328 1.35428e-13
7.239 -0.000245343 2.95696e-13
7.24 -0.000250379 3.52982e-13
7.241 -0.000255498 2.87895e-13
7.242 -0.000260741 1.23186e-13
7.243 -0.000266115 -8.35012e-14
7.244 -0.000271598 -2.59657e-13
7.245 -0.00027714 -3.44864e-13
7.246 -0.000282675 -3.0967e-13
7.247 -0.000288129 -1.66849e-13
7.248 -0.000293435 3.27301e-14
7.249 -0.000298543 2.18996e-13
7.25 -0.000303428 3.28003e-13
7.251 -0.000308095 3.21264e-13
7.252 -0.000312576 2.01168e-13
7.253 -0.000316922 1.22004e-14
7.254 -0.0003212 -1.80177e-13
7.255 -0.000325474 -3.08346e-13
7.256 -0.000329799 -3.25975e-13
7.257 -0.000334209 -2.29241e-13
7.258 -0.000338713 -5.21535e-14
7.259 -0.000343295 1.43442e-13
7.26 -0.000347914 2.87934e-13
7.261 -0.000352515 3.31213e-13
7.262 -0.000357038 2.5646e-13
7.263 -0.000361426 9.05354e-14
7.264 -0.000365636 -1.07997e-13
7.265 -0.000369649 -2.6796e-13
7.266 -0.000373467 -3.3473e-13
7.267 -0.000377117 -2.8268e-13
7.268 -0.000380642 -1.30753e-13
7.269 -0.000384095 6.84012e-14
7.27 -0.000387533 2.44102e-13
7.271 -0.000390998 3.35193e-13
7.272 -0.000394519 3.0864e-13
7.273 -0.000398105 1.74006e-13
7.274 -0.000401739 -2.27338e-14
7.275 -0.000405388 -2.12492e-13
7.276 -0.000409007 -3.28773e-13
7.277 -0.000412544 -3.31592e-13
7.278 -0.000415952 -2.18548e-13
7.279 -0.000419197 -2.95365e-14
7.28 -0.000422262 1.70607e-13
7.281 -0.000425151 3.12508e-13
7.282 -0.000427888 3.46377e-13
7.283 -0.00043051 2.60535e-13
7.284 -0.000433062 8.41764e-14
7.285 -0.000435591 -1.2028e-13
7.286 -0.000438134 -2.83714e-13
7.287 -0.000440715 -3.47666e-13
7.288 -0.000443339 -2.91919e-13
7.289 -0.000445995 -1.35604e-13
7.29 -0.000448652 6.70062e-14
7.291 -0.000451271 2.43599e-13
7.292 -0.000453808 3.3572e-13
7.293 -0.000456224 3.09774e-13
7.294 -0.000458488 1.77061e-13
7.295 -0.000460587 -1.52827e-14
7.296 -0.000462523 -2.00296e-13
7.297 -0.000464315 -3.148e-13
7.298 -0.000465996 -3.18567e-13
7.299 -0.000467605 -2.11236e-13
7.3 -0.000469181 -3.13186e-14
7.301 -0.000470757 1.58265e-13
7.302 -0.000472357 2.9111e-13
7.303 -0.000473985 3.21463e-13
7.304 -0.000475634 2.38749e-13
7.305 -0.000477279 7.50626e-14
7.306 -0.000478889 -1.1416e-13
7.307 -0.000480427 -2.6238e-13
7.308 -0.000481857 -3.16524e-13
7.309 -0.000483155 -2.61828e-13
7.31 -0.000484304 -1.17101e-13
7.311 -0.000485304 6.72766e-14
7.312 -0.000486168 2.26175e-13
7.313 -0.000486922 3.04507e-13
7.314 -0.000487596 2.7617e-13
7.315 -0.000488223 1.52321e-13
7.316 -0.000488833 -2.19723e-14
7.317 -0.000489446 -1.86591e-13
7.318 -0.000490071 -2.83376e-13
7.319 -0.000490706 -2.79594e-13
7.32 -0.000491336 -1.79348e-13
7.321 -0.000491936 -1.7539e-14
7.322 -0.000492479 1.46888e-13
7.323 -0.000492936 2.55815e-13
7.324 -0.000493286 2.73847e-13
7.325 -0.000493512 1.95294e-13
7.326 -0.00049361 4.87059e-14
7.327 -0.000493587 -1.12038e-13
7.328 -0.000493457 -2.30044e-13
7.329 -0.000493243 -2.64191e-13
7.33 -0.000492968 -2.03731e-13
7.331 -0.000492657 -7.08995e-14
7.332 -0.000492327 8.5252e-14
7.333 -0.000491989 2.08367e-13
7.334 -0.000491646 2.56481e-13
7.335 -0.000491291 2.12047e-13
7.336 -0.00049091 9.22761e-14
7.337 -0.000490486 -6.01195e-14
7.338 -0.000489999 -1.89384e-13
7.339 -0.00048943 -2.49317e-13
7.34 -0.000488768 -2.20755e-13
7.341 -0.000488003 -1.1363e-13
7.342 -0.000487137 3.51514e-14
7.343 -0.000486176 1.70122e-13
7.344 -0.000485133 2.4459e-13
7.345 -0.000484021 2.31241e-13
7.346 -0.000482858 1.3517e-13
7.347 -0.000481658 -1.05496e-14
7.348 -0.000480431 -1.52028e-13
7.349 -0.000479183 -2.4044e-13
7.35 -0.000477914 -2.42465e-13
7.351 -0.000476621 -1.5863e-13
7.352 -0.000475293 -1.73775e-14
7.353 -0.000473921 1.30982e-13
7.354 -0.000472493 2.33755e-13
7.355 -0.000470998 2.53724e-13
7.356 -0.000469428 1.8368e-13
7.357 -0.000467779 4.80819e-14
7.358 -0.000466051 -1.0565e-13
7.359 -0.000464247 -2.23891e-13
7.36 -0.000462374 -2.63795e-13
7.361 -0.000460441 -2.10889e-13
7.362 -0.000458456 -8.39011e-14
7.363 -0.00045643 7.33247e-14
7.364 -0.000454369 2.04916e-13
7.365 -0.00045228 2.67248e-13
7.366 -0.000450165 2.36753e-13
7.367 -0.000448023 1.23378e-13
7.368 -0.000445852 -3.25498e-14
7.369 -0.000443647 -1.777e-13
7.37 -0.0004414 -2.61723e-13
7.371 -0.000439105 -2.54628e-13
7.372 -0.000436754 -1.61006e-13
7.373 -0.000434341 -1.09967e-14
7.374 -0.000431864 1.43413e-13
7.375 -0.000429319 2.46902e-13
7.376 -0.000426711 2.64899e-13
7.377 -0.000424042 1.92121e-13
7.378 -0.000421319 5.34964e-14
7.379 -0.000418552 -1.0287e-13
7.38 -0.000415749 -2.22731e-13
7.381 -0.000412919 -2.6491e-13
7.382 -0.000410069 -2.16738e-13
7.383 -0.000407204 -9.31422e-14
7.384 -0.000404323 6.08968e-14
7.385 -0.000401424 1.92699e-13
7.386 -0.000398501 2.58175e-13
7.387 -0.000395546 2.33442e-13
7.388 -0.000392549 1.2937e-13
7.389 -0.000389499 -1.88286e-14
7.39 -0.000386389 -1.58772e-13
7.391 -0.000383214 -2.43894e-13
7.392 -0.000379972 -2.44266e-13
7.393 -0.000376669 -1.60203e-13
7.394 -0.000373312 -2.19551e-14
7.395 -0.000369913 1.22033e-13
7.396 -0.000366485 2.23558e-13
7.397 -0.000363042 2.47258e-13
7.398 -0.000359595 1.86754e-13
7.399 -0.00035615 6.2771e-14
7.4 -0.000352711 -8.19449e-14
7.401 -0.000349273 -1.97451e-13
7.402 -0.000345826 -2.44423e-13
7.403 -0.000342358 -2.08433e-13
7.404 -0.000338853 -1.01767e-13
7.405 -0.000335297 3.72237e-14
7.406 -0.000331678 1.62608e-13
7.407 -0.000327989 2.30755e-13
7.408 -0.000324231 2.1983e-13
7.409 -0.00032041 1.35029e-13
7.41 -0.000316539 6.82904e-15
7.411 -0.000312636 -1.22008e-13
7.412 -0.00030872 -2.06115e-13
7.413 -0.000304809 -2.19609e-13
7.414 -0.000300917 -1.58508e-13
7.415 -0.000297051 -4.4769e-14
7.416 -0.000293212 8.14036e-14
7.417 -0.000289391 1.77671e-13
7.418 -0.000285573 2.11213e-13
7.419 -0.000281738 1.72945e-13
7.42 -0.000277866 7.66121e-14
7.421 -0.000273936 -4.29007e-14
7.422 -0.000269936 -1.43862e-13
7.423 -0.000265861 -1.94386e-13
7.424 -0.000261714 -1.77243e-13
7.425 -0.000257507 -1.00787e-13
7.426 -0.000253261 6.81004e-15
7.427 -0.000249 1.09822e-13
7.428 -0.000244748 1.7178e-13
7.429 -0.000240528 1.73903e-13
7.43 -0.000236354 1.17062e-13
7.431 -0.00023223 2.12199e-14
7.432 -0.000228151 -7.89687e-14
7.433 -0.000224101 -1.49427e-13
7.434 -0.000220058 -1.65654e-13
7.435 -0.000215995 -1.25509e-13
7.436 -0.000211886 -4.41288e-14
7.437 -0.00020771 4.94522e-14
7.438 -0.000203455 1.241e-13
7.439 -0.000199119 1.54293e-13
7.44 -0.000194714 1.30175e-13
7.441 -0.00019026 6.17178e-14
7.442 -0.000185786 -2.5087e-14
7.443 -0.000181324 -1.01296e-13
7.444 -0.000176901 -1.40979e-13
7.445 -0.000172541 -1.30519e-13
7.446 -0.000168254 -7.56714e-14
7.447 -0.000164039 4.30833e-15
7.448 -0.000159881 8.05439e-14
7.449 -0.000155756 1.28119e-13
7.45 -0.000151632 1.30651e-13
7.451 -0.000147475 8.88971e-14
7.452 -0.000143256 1.63312e-14
7.453 -0.000138955 -6.03922e-14
7.454 -0.000134565 -1.14788e-13
7.455 -0.000130092 -1.29727e-13
7.456 -0.000125559 -9.96376e-14
7.457 -0.000120996 -3.71435e-14
7.458 -0.000116441 3.62128e-14
7.459 -0.000111932 9.62541e-14
7.46 -0.000107499 1.22918e-13
7.461 -0.000103162 1.08417e-13
7.462 -9.89255e-05 5.80462e-14
7.463 -9.47775e-05 -9.59805e-15
7.464 -9.06921e-05 -7.24846e-14
7.465 -8.66328e-05 -1.08037e-13
7.466 -8.2559e-05 -1.08457e-13
7.467 -7.84322e-05 -7.29975e-14
7.468 -7.42229e-05 -1.54671e-14
7.469 -6.99156e-05 4.56923e-14
7.47 -6.55121e-05 8.7855e-14
7.471 -6.10313e-05 9.91564e-14
7.472 -5.65067e-05 7.8128e-14
7.473 -5.19812e-05 3.16421e-14
7.474 -4.75003e-05 -2.28909e-14
7.475 -4.31042e-05 -6.62934e-14
7.476 -3.88218e-05 -8.58537e-14
7.477 -3.46652e-05 -7.6216e-14
7.478 -3.06273e-05 -4.10545e-14
7.479 -2.66833e-05 5.50593e-15
7.48 -2.2794e-05 4.83906e-14
7.481 -1.89125e-05 7.27302e-14
7.482 -1.49919e-05 7.11525e-14
7.483 -1.09933e-05 4.56044e-14
7.484 -6.89233e-06 6.79252e-15
7.485 -2.68392e-06 -3.16007e-14
7.486 1.6167e-06 -5.7395e-14
7.487 5.97601e-06 -6.152e-14
7.488 1.03475e-05 -4.60137e-14
7.489 1.46793e-05 -1.52945e-14
7.49 1.89225e-05 1.8522e-14
7.491 2.30396e-05 4.42644e-14
7.492 2.7011e-05 5.28504e-14
7.493 3.08382e-05 4.23935e-14
7.494 3.45442e-05 1.75017e-14
7.495 3.81695e-05 -1.29964e-14
7.496 4.17659e-05 -3.7528e-14
7.497 4.53871e-05 -4.84971e-14
7.498 4.90804e-05 -4.10961e-14
7.499 5.28779e-05 -1.8245e-14
7.5 5.67908e-05 1.01493e-14
7.501 6.08076e-05 3.56368e-14
7.502 6.4895e-05 4.80396e-14
7.503 6.90037e-05 4.39898e-14
7.504 7.30761e-05 2.49576e-14
7.505 7.70565e-05 -3.50894e-15
7.506 8.08999e-05 -3.17661e-14
7.507 8.45803e-05 -4.93082e-14
7.508 8.80951e-05 -4.93875e-14
7.509 9.14659e-05 -3.33291e-14
7.51 9.47352e-05 -5.29462e-15
7.511 9.79589e-05 2.39559e-14
7.512 0.000101198 4.59722e-14
7.513 0.000104505 5.25231e-14
7.514 0.00010792 4.28972e-14
7.515 0.000111459 1.83347e-14
7.516 0.000115113 -1.20812e-14
7.517 0.000118846 -3.85681e-14
7.518 0.000122607 -5.30966e-14
7.519 0.000126331 -5.06382e-14
7.52 0.000129957 -3.21763e-14
7.521 0.000133434 -4.25359e-15
7.522 0.000136729 2.64676e-14
7.523 0.000139839 4.86146e-14
7.524 0.000142784 5.5824e-14
7.525 0.00014561 4.45864e-14
7.526 0.000148379 1.88998e-14
7.527 0.000151157 -1.25785e-14
7.528 0.000154007 -4.07286e-14
7.529 0.000156973 -5.50019e-14
7.53 0.000160073 -5.26351e-14
7.531 0.0001633 -3.31443e-14
7.532 0.000166617 -3.9561e-15
7.533 0.000169965 2.6135e-14
7.534 0.000173276 4.85643e-14
7.535 0.000176479 5.58112e-14
7.536 0.000179516 4.59436e-14
7.537 0.000182351 2.06864e-14
7.538 0.000184979 -9.97943e-15
7.539 0.000187422 -3.80132e-14
7.54 0.00018973 -5.36624e-14
7.541 0.000191973 -5.26705e-14
7.542 0.000194225 -3.49128e-14
7.543 0.000196555 -6.11822e-15
7.544 0.000199014 2.57554e-14
7.545 0.000201625 4.95199e-14
7.546 0.000204378 5.72289e-14
7.547 0.000207234 4.72806e-14
7.548 0.000210128 2.23603e-14
7.549 0.000212982 -9.76227e-15
7.55 0.000215716 -3.93935e-14
7.551 0.000218266 -5.73444e-14
7.552 0.000220591 -5.73076e-14
7.553 0.000222682 -3.99645e-14
7.554 0.000224564 -9.66857e-15
7.555 0.000226294 2.36849e-14
7.556 0.000227948 5.06886e-14
7.557 0.000229612 6.2779e-14
7.558 0.000231363 5.43311e-14
7.559 0.000233261 2.97795e-14
7.56 0.000235332 -4.27691e-15
7.561 0.000237569 -3.79514e-14
7.562 0.000239929 -5.9986e-14
7.563 0.00024234 -6.27246e-14
7.564 0.000244716 -4.7086e-14
7.565 0.000246966 -1.73401e-14
7.566 0.000249016 1.84211e-14
7.567 0.000250818 4.81358e-14
7.568 0.000252358 6.34126e-14
7.569 0.000253661 5.82876e-14
7.57 0.000254788 3.66188e-14
7.571 0.000255822 3.40743e-15
7.572 0.000256857 -3.07468e-14
7.573 0.000257982 -5.41259e-14
7.574 0.000259265 -6.13543e-14
7.575 0.000260741 -4.95342e-14
7.576 0.000262407 -2.30277e-14
7.577 0.000264219 1.0341e-14
7.578 0.000266105 3.99608e-14
7.579 0.000267969 5.63435e-14
7.58 0.000269717 5.49e-14
7.581 0.000271262 3.5701e-14
7.582 0.000272549 6.00176e-15
7.583 0.000273557 -2.43092e-14
7.584 0.000274307 -4.71019e-14
7.585 0.000274859 -5.34868e-14
7.586 0.000275296 -4.43419e-14
7.587 0.000275718 -1.98746e-14
7.588 0.000276221 9.94521e-15
7.589 0.000276878 3.63529e-14
7.59 0.000277733 5.09127e-14
7.591 0.000278787 4.94554e-14
7.592 0.000280003 3.18662e-14
7.593 0.000281309 4.98002e-15
7.594 0.000282611 -2.32113e-14
7.595 0.000283811 -4.32781e-14
7.596 0.000284821 -4.96634e-14
7.597 0.000285579 -4.01858e-14
7.598 0.000286061 -1.84624e-14
7.599 0.000286283 8.7682e-15
7.6 0.0002863 3.30842e-14
7.601 0.000286193 4.64003e-14
7.602 0.00028606 4.39354e-14
7.603 0.000285994 2.72104e-14
7.604 0.000286072 9.35593e-16
7.605 0.000286338 -2.40613e-14
7.606 0.000286796 -4.15898e-14
7.607 0.000287413 -4.54367e-14
7.608 0.00028812 -3.43199e-14
7.609 0.000288828 -1.19792e-14
7.61 0.000289443 1.42951e-14
7.611 0.000289879 3.60699e-14
7.612 0.000290079 4.62627e-14
7.613 0.000290017 4.07189e-14
7.614 0.000289711 2.29551e-14
7.615 0.000289213 -2.76143e-15
7.616 0.0002886 -2.75365e-14
7.617 0.000287964 -4.38749e-14
7.618 0.000287396 -4.62994e-14
7.619 0.000286964 -3.26253e-14
7.62 0.000286708 -9.31388e-15
7.621 0.000286631 1.84782e-14
7.622 0.000286695 4.10684e-14
7.623 0.000286836 5.02527e-14
7.624 0.000286967 4.25145e-14
7.625 0.000286999 2.12962e-14
7.626 0.000286856 -8.4304e-15
7.627 0.000286484 -3.41047e-14
7.628 0.000285868 -5.11544e-14
7.629 0.000285029 -5.04116e-14
7.63 0.00028402 -3.39753e-14
7.631 0.000282919 -5.20995e-15
7.632 0.000281816 2.5416e-14
7.633 0.000280792 4.94175e-14
7.634 0.00027991 5.75845e-14
7.635 0.000279201 4.65186e-14
7.636 0.00027866 2.00422e-14
7.637 0.000278244 -1.41962e-14
7.638 0.000277884 -4.49568e-14
7.639 0.000277496 -6.29663e-14
7.64 0.000276994 -6.07529e-14
7.641 0.000276307 -3.82694e-14
7.642 0.000275392 -1.90093e-15
7.643 0.000274242 3.59484e-14
7.644 0.000272884 6.38578e-14
7.645 0.000271379 7.33131e-14
7.646 0.000269808 5.77804e-14
7.647 0.00026826 2.31357e-14
7.648 0.000266813 -2.04269e-14
7.649 0.000265523 -5.9242e-14
7.65 0.000264413 -8.05282e-14
7.651 0.000263469 -7.68251e-14
7.652 0.000262641 -4.73055e-14
7.653 0.000261856 -1.97067e-15
7.654 0.000261025 4.71972e-14
7.655 0.000260064 8.21276e-14
7.656 0.000258906 9.33662e-14
7.657 0.000257513 7.31632e-14
7.658 0.000255886 2.8954e-14
7.659 0.000254059 -2.56331e-14
7.66 0.0002521 -7.51556e-14
7.661 0.000250096 -1.00976e-13
7.662 0.000248134 -9.61631e-14
7.663 0.000246295 -5.91314e-14
7.664 0.000244629 -2.11474e-15
7.665 0.000243156 5.69672e-14
7.666 0.000241854 9.96497e-14
7.667 0.000240669 1.11232e-13
7.668 0.000239523 8.69181e-14
7.669 0.000238324 3.34695e-14
7.67 0.000236986 -3.08702e-14
7.671 0.000235444 -8.76578e-14
7.672 0.000233664 -1.17169e-13
7.673 0.000231647 -1.0852e-13
7.674 0.000229436 -6.4449e-14
7.675 0.000227099 7.7086e-16
7.676 0.000224725 6.77552e-14
7.677 0.000222406 1.11859e-13
7.678 0.000220219 1.20111e-13
7.679 0.000218216 8.91114e-14
7.68 0.000216413 2.7932e-14
7.681 0.000214788 -4.23861e-14
7.682 0.000213286 -9.93718e-14
7.683 0.000211825 -1.23389e-13
7.684 0.000210314 -1.06791e-13
7.685 0.00020867 -5.42037e-14
7.686 0.000206826 1.66196e-14
7.687 0.000204749 8.32346e-14
7.688 0.000202443 1.21391e-13
7.689 0.000199948 1.19267e-13
7.69 0.000197334 7.68692e-14
7.691 0.000194686 8.84622e-15
7.692 0.000192095 -6.2463e-14
7.693 0.000189636 -1.14066e-13
7.694 0.000187359 -1.2572e-13
7.695 0.000185279 -9.56991e-14
7.696 0.000183376 -3.25395e-14
7.697 0.000181595 4.10992e-14
7.698 0.000179859 1.01211e-13
7.699 0.000178082 1.26319e-13
7.7 0.000176182 1.06966e-13
7.701 0.000174098 5.13271e-14
7.702 0.000171799 -2.30004e-14
7.703 0.000169287 -8.87719e-14
7.704 0.000166602 -1.24373e-13
7.705 0.000163809 -1.16284e-13
7.706 0.000160989 -6.67352e-14
7.707 0.000158227 6.97942e-15
7.708 0.000155591 7.8789e-14
7.709 0.000153128 1.23472e-13
7.71 0.000150852 1.26057e-13
7.711 0.000148741 8.43053e-14
7.712 0.000146745 1.21887e-14
7.713 0.000144791 -6.54173e-14
7.714 0.0001428 -1.20741e-13
7.715 0.000140697 -1.35102e-13
7.716 0.000138427 -1.01554e-13
7.717 0.000135963 -3.32626e-14
7.718 0.00013331 4.80838e-14
7.719 0.000130506 1.13484e-13
7.72 0.000127612 1.40334e-13
7.721 0.000124704 1.18841e-13
7.722 0.000121858 5.61043e-14
7.723 0.000119136 -2.70448e-14
7.724 0.000116579 -1.01674e-13
7.725 0.000114197 -1.41164e-13
7.726 0.000111967 -1.32703e-13
7.727 0.00010984 -7.77309e-14
7.728 0.000107749 4.37504e-15
7.729 0.00010562 8.51084e-14
7.73 0.000103386 1.37833e-13
7.731 0.000100998 1.42596e-13
7.732 9.84335e-05 9.76629e-14
7.733 9.57021e-05 1.77123e-14
7.734 9.28403e-05 -6.88936e-14
7.735 8.99073e-05 -1.31731e-13
7.736 8.69739e-05 -1.4873e-13
7.737 8.411e-05 -1.15305e-13
7.738 8.13727e-05 -4.18834e-14
7.739 7.87962e-05 4.80227e-14
7.74 7.63866e-05 1.22183e-13
7.741 7.41204e-05 1.52284e-13
7.742 7.19496e-05 1.30936e-13
7.743 6.98097e-05 6.34181e-14
7.744 6.76316e-05 -2.79144e-14
7.745 6.53531e-05 -1.08336e-13
7.746 6.29304e-05 -1.51596e-13
7.747 6.0345e-05 -1.41556e-13
7.748 5.76071e-05 -8.28271e-14
7.749 5.47537e-05 5.83869e-15
7.75 5.1842e-05 9.25451e-14
7.751 4.89394e-05 1.47645e-13
7.752 4.61119e-05 1.50831e-13
7.753 4.34128e-05 1.01641e-13
7.754 4.08735e-05 1.59832e-14
7.755 3.84986e-05 -7.53688e-14
7.756 3.62649e-05 -1.40313e-13
7.757 3.41259e-05 -1.57194e-13
7.758 3.20197e-05 -1.18619e-13
7.759 2.98802e-05 -3.81961e-14
7.76 2.76482e-05 5.56366e-14
7.761 2.52814e-05 1.29905e-13
7.762 2.27619e-05 1.59877e-13
7.763 2.00991e-05 1.33915e-13
7.764 1.73279e-05 6.14295e-14
7.765 1.45024e-05 -3.23936e-14
7.766 1.16872e-05 -1.14439e-13
7.767 8.94583e-06 -1.58157e-13
7.768 6.3303e-06 -1.45741e-13
7.769 3.87236e-06 -8.35248e-14
7.77 1.57825e-06 6.95409e-15
7.771 -5.72122e-07 9.56424e-14
7.772 -2.62154e-06 1.501e-13
7.773 -4.62805e-06 1.52541e-13
7.774 -6.65505e-06 1.02818e-13
7.775 -8.76043e-06 1.76338e-14
7.776 -1.09869e-05 -7.25838e-14
7.777 -1.33548e-05 -1.37032e-13
7.778 -1.58589e-05 -1.53023e-13
7.779 -1.84693e-05 -1.16743e-13
7.78 -2.11366e-05 -4.00394e-14
7.781 -2.38006e-05 4.83759e-14
7.782 -2.63998e-05 1.181e-13
7.783 -2.88824e-05 1.45567e-13
7.784 -3.12143e-05 1.22054e-13
7.785 -3.3385e-05 5.58635e-14
7.786 -3.54088e-05 -2.69695e-14
7.787 -3.73225e-05 -9.79446e-14
7.788 -3.91787e-05 -1.32569e-13
7.789 -4.10373e-05 -1.18884e-13
7.79 -4.2955e-05 -6.3328e-14
7.791 -4.4976e-05 1.29533e-14
7.792 -4.71249e-05 8.1985e-14
7.793 -4.94024e-05 1.19347e-13
7.794 -5.17855e-05 1.11588e-13
7.795 -5.42314e-05 6.32737e-14
7.796 -5.6685e-05 -7.53202e-15
7.797 -5.90874e-05 -7.35327e-14
7.798 -6.13865e-05 -1.11019e-13
7.799 -6.3545e-05 -1.04615e-13
7.8 -6.55465e-05 -5.9284e-14
7.801 -6.73983e-05 8.21899e-15
7.802 -6.91297e-05 7.35009e-14
7.803 -7.07873e-05 1.10154e-13
7.804 -7.24269e-05 1.05311e-13
7.805 -7.41041e-05 5.85917e-14
7.806 -7.58657e-05 -1.0495e-14
7.807 -7.77413e-05 -7.74255e-14
7.808 -7.97387e-05 -1.16658e-13
7.809 -8.18431e-05 -1.12055e-13
7.81 -8.4019e-05 -6.54588e-14
7.811 -8.62165e-05 6.86546e-15
7.812 -8.83794e-05 7.79676e-14
7.813 -9.04547e-05 1.22649e-13
7.814 -9.24009e-05 1.22567e-13
7.815 -9.41948e-05 7.69368e-14
7.816 -9.58358e-05 1.33068e-15
7.817 -9.73449e-05 -7.68455e-14
7.818 -9.87622e-05 -1.27062e-13
7.819 -0.000100139 -1.31915e-13
7.82 -0.000101532 -8.92558e-14
7.821 -0.000102989 -1.18545e-14
7.822 -0.000104546 7.1219e-14
7.823 -0.00010622 1.30621e-13
7.824 -0.000108004 1.43323e-13
7.825 -0.000109869 1.03906e-13
7.826 -0.000111773 2.57861e-14
7.827 -0.000113661 -6.38652e-14
7.828 -0.000115479 -1.30977e-13
7.829 -0.00011718 -1.52186e-13
7.83 -0.000118735 -1.18658e-13
7.831 -0.000120134 -4.13436e-14
7.832 -0.000121389 5.27357e-14
7.833 -0.000122534 1.30692e-13
7.834 -0.000123618 1.60223e-13
7.835 -0.000124694 1.32917e-13
7.836 -0.000125815 5.52926e-14
7.837 -0.000127024 -4.25006e-14
7.838 -0.000128345 -1.2793e-13
7.839 -0.000129779 -1.67552e-13
7.84 -0.000131307 -1.47191e-13
7.841 -0.00013289 -7.30242e-14
7.842 -0.000134475 3.01077e-14
7.843 -0.000136008 1.25023e-13
7.844 -0.000137436 1.77001e-13
7.845 -0.000138724 1.65377e-13
7.846 -0.000139852 9.33245e-14
7.847 -0.000140827 -1.39995e-14
7.848 -0.000141674 -1.18973e-13
7.849 -0.00014244 -1.84229e-13
7.85 -0.000143178 -1.85566e-13
7.851 -0.000143946 -1.19388e-13
7.852 -0.00014479 -8.90748e-15
7.853 -0.000145743 1.0806e-13
7.854 -0.000146815 1.88395e-13
7.855 -0.000147992 2.03131e-13
7.856 -0.000149241 1.45774e-13
7.857 -0.00015051 3.50977e-14
7.858 -0.000151742 -9.05661e-14
7.859 -0.000152881 -1.86469e-13
7.86 -0.000153882 -2.17265e-13
7.861 -0.00015472 -1.70394e-13
7.862 -0.000155394 -6.27943e-14
7.863 -0.000155924 6.97746e-14
7.864 -0.000156354 1.80765e-13
7.865 -0.000156738 2.28755e-13
7.866 -0.000157138 1.95491e-13
7.867 -0.000157608 9.21551e-14
7.868 -0.000158186 -4.51271e-14
7.869 -0.00015889 -1.70047e-13
7.87 -0.000159714 -2.38165e-13
7.871 -0.000160626 -2.22289e-13
7.872 -0.000161576 -1.26242e-13
7.873 -0.000162504 1.49609e-14
7.874 -0.000163349 1.54911e-13
7.875 -0.000164059 2.42317e-13
7.876 -0.000164602 2.45703e-13
7.877 -0.000164969 1.62098e-13
7.878 -0.000165177 2.07385e-14
7.879 -0.000165267 -1.31125e-13
7.88 -0.000165296 -2.38566e-13
7.881 -0.000165327 -2.64007e-13
7.882 -0.000165421 -1.97196e-13
7.883 -0.000165624 -6.01362e-14
7.884 -0.00016596 1.00772e-13
7.885 -0.00016643 2.28035e-13
7.886 -0.000167004 2.77157e-13
7.887 -0.000167633 2.29012e-13
7.888 -0.000168256 9.98691e-14
7.889 -0.000168806 -6.39109e-14
7.89 -0.000169225 -2.06683e-13
7.891 -0.000169476 -2.79649e-13
7.892 -0.000169543 -2.55281e-13
7.893 -0.000169438 -1.41839e-13
7.894 -0.0001692 2.19495e-14
7.895 -0.000168887 1.78587e-13
7.896 -0.000168565 2.75111e-13
7.897 -0.0001683 2.73835e-13
7.898 -0.000168144 1.78211e-13
7.899 -0.000168127 1.9126e-14
7.9 -0.000168252 -1.46996e-13
7.901 -0.000168496 -2.61726e-13
7.902 -0.00016881 -2.85701e-13
7.903 -0.00016913 -2.09618e-13
7.904 -0.000169387 -6.04845e-14
7.905 -0.000169519 1.09856e-13
7.906 -0.000169483 2.41323e-13
7.907 -0.000169257 2.88472e-13
7.908 -0.000168853 2.33657e-13
7.909 -0.000168305 9.71628e-14
7.91 -0.000167672 -7.22173e-14
7.911 -0.000167022 -2.17102e-13
7.912 -0.000166425 -2.84255e-13
7.913 -0.000165935 -2.51621e-13
7.914 -0.000165589 -1.28828e-13
7.915 -0.000165393 3.95194e-14
7.916 -0.000165326 1.92551e-13
7.917 -0.000165339 2.78526e-13
7.918 -0.00016537 2.65579e-13
7.919 -0.000165347 1.58259e-13
7.92 -0.000165205 -4.71901e-15
7.921 -0.000164895 -1.66689e-13
7.922 -0.000164396 -2.70275e-13
7.923 -0.000163714 -2.77086e-13
7.924 -0.000162883 -1.86687e-13
7.925 -0.000161959 -2.98838e-14
7.926 -0.000161014 1.37194e-13
7.927 -0.000160116 2.55444e-13
7.928 -0.000159325 2.8339e-13
7.929 -0.000158679 2.114e-13
7.93 -0.000158187 6.40888e-14
7.931 -0.00015783 -1.05539e-13
7.932 -0.000157563 -2.37996e-13
7.933 -0.000157321 -2.8479e-13
7.934 -0.000157034 -2.28942e-13
7.935 -0.000156634 -9.27058e-14
7.936 -0.000156073 7.79346e-14
7.937 -0.000155326 2.20953e-13
7.938 -0.000154396 2.84337e-13
7.939 -0.000153316 2.46112e-13
7.94 -0.000152143 1.19018e-13
7.941 -0.000150944 -5.10771e-14
7.942 -0.00014979 -2.04951e-13
7.943 -0.000148741 -2.86009e-13
7.944 -0.000147835 -2.64564e-13
7.945 -0.000147083 -1.48501e-13
7.946 -0.000146469 2.17518e-14
7.947 -0.000145948 1.85529e-13
7.948 -0.000145457 2.83952e-13
7.949 -0.000144926 2.817e-13
7.95 -0.00014429 1.78284e-13
7.951 -0.000143499 1.08048e-14
7.952 -0.000142528 -1.61935e-13
7.953 -0.00014138 -2.79476e-13
7.954 -0.000140085 -2.97553e-13
7.955 -0.000138699 -2.10604e-13
7.956 -0.000137288 -4.77984e-14
7.957 -0.000135922 1.34119e-13
7.958 -0.00013466 2.7026e-13
7.959 -0.000133539 3.11124e-13
7.96 -0.000132572 2.42062e-13
7.961 -0.000131743 8.78384e-14
7.962 -0.000131008 -9.92989e-14
7.963 -0.000130307 -2.53214e-13
7.964 -0.000129571 -3.18672e-13
7.965 -0.000128735 -2.72239e-13
7.966 -0.000127751 -1.28195e-13
7.967 -0.000126592 6.21694e-14
7.968 -0.000125261 2.31672e-13
7.969 -0.000123787 3.22058e-13
7.97 -0.000122223 2.97923e-13
7.971 -0.000120635 1.6925e-13
7.972 -0.000119091 -1.96563e-14
7.973 -0.000117648 -2.03021e-13
7.974 -0.000116347 -3.16834e-13
7.975 -0.0001152 -3.19423e-13
7.976 -0.000114192 -2.11022e-13
7.977 -0.000113284 -2.7929e-14
7.978 -0.000112417 1.65792e-13
7.979 -0.000111523 3.01938e-13
7.98 -0.00011054 3.33227e-13
7.981 -0.000109417 2.46698e-13
7.982 -0.000108127 7.50295e-14
7.983 -0.00010667 -1.23965e-13
7.984 -0.000105071 -2.79586e-13
7.985 -0.000103379 -3.36737e-13
7.986 -0.000101657 -2.76841e-13
7.987 -9.99706e-05 -1.1977e-13
7.988 -9.83781e-05 7.8502e-14
7.989 -9.69202e-05 2.49976e-13
7.99 -9.56137e-05 3.3324e-13
7.991 -9.44485e-05 3.00514e-13
7.992 -9.339e-05 1.62135e-13
7.993 -9.23851e-05 -3.17393e-14
7.994 -9.13708e-05 -2.13362e-13
7.995 -9.02857e-05 -3.20846e-13
7.996 -8.90796e-05 -3.15711e-13
7.997 -8.77219e-05 -1.99557e-13
7.998 -8.62067e-05 -1.42976e-14
7.999 -8.45534e-05 1.75479e-13
8 -8.28031e-05 3.02473e-13
8.001 -8.10115e-05 3.224e-13
8.002 -7.92395e-05 2.28454e-13
8.003 -7.75434e-05 5.4606e-14
8.004 -7.59649e-05 -1.36879e-13
8.005 -7.45253e-05 -2.79278e-13
8.006 -7.32219e-05 -3.22597e-13
8.007 -7.20289e-05 -2.51756e-13
8.008 -7.09021e-05 -9.09308e-14
8.009 -6.97869e-05 9.9958e-14
8.01 -6.8627e-05 2.55963e-13
8.011 -6.7374e-05 3.19844e-13
8.012 -6.59954e-05 2.70708e-13
8.013 -6.44794e-05 1.26787e-13
8.014 -6.28364e-05 -6.33042e-14
8.015 -6.10973e-05 -2.30343e-13
8.016 -5.93073e-05 -3.16052e-13
8.017 -5.7519e-05 -2.89478e-13
8.018 -5.57829e-05 -1.61313e-13
8.019 -5.41398e-05 2.36678e-14
8.02 -5.26139e-05 2.00889e-13
8.021 -5.12096e-05 3.06857e-13
8.022 -4.99111e-05 3.0493e-13
8.023 -4.86857e-05 1.94665e-13
8.024 -4.74893e-05 1.56947e-14
8.025 -4.62743e-05 -1.68171e-13
8.026 -4.49971e-05 -2.92067e-13
8.027 -4.36256e-05 -3.14187e-13
8.028 -4.21436e-05 -2.24909e-13
8.029 -4.05537e-05 -5.65765e-14
8.03 -3.88759e-05 1.31802e-13
8.031 -3.71441e-05 2.7457e-13
8.032 -3.54002e-05 3.19728e-13
8.033 -3.36872e-05 2.53219e-13
8.034 -3.2042e-05 9.831e-14
8.035 -3.04898e-05 -9.09159e-14
8.036 -2.90399e-05 -2.48491e-13
8.037 -2.76853e-05 -3.20411e-13
8.038 -2.64039e-05 -2.78814e-13
8.039 -2.51625e-05 -1.39608e-13
8.04 -2.39226e-05 4.78866e-14
8.041 -2.26471e-05 2.16588e-13
8.042 -2.13059e-05 3.09606e-13
8.043 -1.98809e-05 2.95174e-13
8.044 -1.83686e-05 1.77249e-13
8.045 -1.67802e-05 -1.51999e-15
8.046 -1.51397e-05 -1.78593e-13
8.047 -1.34795e-05 -2.9084e-13
8.048 -1.18351e-05 -3.01371e-13
8.049 -1.02391e-05 -2.06858e-13
8.05 -8.71631e-06 -4.22507e-14
8.051 -7.27947e-06 1.36482e-13
8.052 -5.92791e-06 2.6511e-13
8.053 -4.6477e-06 3.00068e-13
8.054 -3.41427e-06 2.29365e-13
8.055 -2.19664e-06 7.99733e-14
8.056 -9.62564e-07 -9.72959e-14
8.057 3.16175e-07 -2.38447e-13
8.058 1.65922e-06 -2.94649e-13
8.059 3.07454e-06 -2.45709e-13
8.06 4.55731e-06 -1.12502e-13
8.061 6.09075e-06 5.98162e-14
8.062 7.64905e-06 2.08908e-13
8.063 9.20155e-06 2.84079e-13
8.064 1.07178e-05 2.58407e-13
8.065 1.21724e-05 1.43104e-13
8.066 1.35491e-05 -2.11253e-14
8.067 1.48436e-05 -1.76828e-13
8.068 1.60637e-05 -2.68427e-13
8.069 1.72284e-05 -2.6566e-13
8.07 1.83648e-05 -1.68975e-13
8.071 1.95032e-05 -1.4896e-14
8.072 2.06727e-05 1.42293e-13
8.073 2.18964e-05 2.48139e-13
8.074 2.31871e-05 2.66172e-13
8.075 2.45456e-05 1.9025e-13
8.076 2.59605e-05 4.90771e-14
8.077 2.74095e-05 -1.08014e-13
8.078 2.88633e-05 -2.26183e-13
8.079 3.02901e-05 -2.62778e-13
8.08 3.16608e-05 -2.07716e-13
8.081 3.29536e-05 -8.17964e-14
8.082 3.41577e-05 7.29187e-14
8.083 3.52755e-05 2.00605e-13
8.084 3.63219e-05 2.55169e-13
8.085 3.73222e-05 2.20517e-13
8.086 3.83085e-05 1.08147e-13
8.087 3.93141e-05 -3.91453e-14
8.088 4.03682e-05 -1.70052e-13
8.089 4.14914e-05 -2.39779e-13
8.09 4.26915e-05 -2.24475e-13
8.091 4.39627e-05 -1.29691e-13
8.092 4.52855e-05 1.01743e-14
8.093 4.66301e-05 1.44269e-13
8.094 4.79611e-05 2.25579e-13
8.095 4.92426e-05 2.258e-13
8.096 5.04447e-05 1.46273e-13
8.097 5.15479e-05 1.59572e-14
8.098 5.2547e-05 -1.19131e-13
8.099 5.3452e-05 -2.10775e-13
8.1 5.42868e-05 -2.27357e-13
8.101 5.50855e-05 -1.63544e-13
8.102 5.58872e-05 -4.30175e-14
8.103 5.67294e-05 9.16608e-14
8.104 5.76421e-05 1.93863e-13
8.105 5.86424e-05 2.25355e-13
8.106 5.97318e-05 1.77785e-13
8.107 6.08951e-05 6.7008e-14
8.108 6.21031e-05 -6.58143e-14
8.109 6.33168e-05 -1.74336e-13
8.11 6.44936e-05 -2.21144e-13
8.111 6.55943e-05 -1.89595e-13
8.112 6.65899e-05 -9.23986e-14
8.113 6.74661e-05 3.79804e-14
8.114 6.8226e-05 1.53459e-13
8.115 6.88902e-05 2.14609e-13
8.116 6.94931e-05 2.01419e-13
8.117 7.00781e-05 1.17111e-13
8.118 7.069e-05 -6.44746e-15
8.119 7.13679e-05 -1.28178e-13
8.12 7.21384e-05 -2.03582e-13
8.121 7.30113e-05 -2.08669e-13
8.122 7.39775e-05 -1.40715e-13
8.123 7.50106e-05 -2.49601e-14
8.124 7.60706e-05 9.86384e-14
8.125 7.71109e-05 1.86395e-13
8.126 7.80854e-05 2.10099e-13
8.127 7.89569e-05 1.61123e-13
8.128 7.97024e-05 5.70193e-14
8.129 8.0318e-05 -6.52478e-14
8.13 8.0819e-05 -1.63664e-13
8.131 8.12378e-05 -2.04764e-13
8.132 8.16183e-05 -1.75666e-13
8.133 8.20091e-05 -8.79312e-14
8.134 8.24549e-05 2.84733e-14
8.135 8.29893e-05 1.33055e-13
8.136 8.36291e-05 1.91669e-13
8.137 8.43714e-05 1.83657e-13
8.138 8.5194e-05 1.15183e-13
8.139 8.60593e-05 8.14623e-15
8.14 8.69203e-05 -9.77259e-14
8.141 8.77288e-05 -1.67929e-13
8.142 8.84434e-05 -1.7969e-13
8.143 8.90364e-05 -1.30801e-13
8.144 8.94984e-05 -3.9067e-14
8.145 8.984e-05 6.23517e-14
8.146 9.00897e-05 1.39694e-13
8.147 9.02891e-05 1.66946e-13
8.148 9.0486e-05 1.37474e-13
8.149 9.07258e-05 6.17525e-14
8.15 9.10441e-05 -3.25741e-14
8.151 9.14608e-05 -1.12984e-13
8.152 9.19764e-05 -1.53431e-13
8.153 9.25727e-05 -1.40294e-13
8.154 9.32156e-05 -8.06839e-14
8.155 9.38612e-05 3.83316e-15
8.156 9.44635e-05 8.50934e-14
8.157 9.49822e-05 1.35425e-13
8.158 9.53897e-05 1.38739e-13
8.159 9.56756e-05 9.73581e-14
8.16 9.58482e-05 2.35411e-14
8.161 9.5933e-05 -5.36193e-14
8.162 9.5968e-05 -1.10343e-13
8.163 9.59969e-05 -1.29087e-13
8.164 9.60617e-05 -1.04407e-13
8.165 9.61951e-05 -4.63925e-14
8.166 9.64151e-05 2.30509e-14
8.167 9.67222e-05 8.14954e-14
8.168 9.70994e-05 1.09409e-13
8.169 9.75155e-05 1.00926e-13
8.17 9.79308e-05 6.00329e-14
8.171 9.83043e-05 1.74309e-15
8.172 9.86007e-05 -5.34543e-14
8.173 9.87967e-05 -8.79956e-14
8.174 9.88848e-05 -9.14487e-14
8.175 9.88744e-05 -6.53375e-14
8.176 9.87899e-05 -1.9146e-14
8.177 9.8666e-05 3.09765e-14
8.178 9.85417e-05 6.80981e-14
8.179 9.84529e-05 8.10747e-14
8.18 9.84262e-05 6.66295e-14
8.181 9.84746e-05 3.2089e-14
8.182 9.85952e-05 -1.07163e-14
8.183 9.877e-05 -4.82557e-14
8.184 9.89696e-05 -6.85231e-14
8.185 9.91584e-05 -6.52101e-14
8.186 9.93013e-05 -4.22996e-14
8.187 9.93699e-05 -7.6523e-15
8.188 9.93476e-05 2.75304e-14
8.189 9.92322e-05 5.21529e-14
8.19 9.90362e-05 5.90287e-14
8.191 9.8784e-05 4.75626e-14
8.192 9.85077e-05 2.33016e-14
8.193 9.82408e-05 -6.69419e-15
8.194 9.80122e-05 -3.24008e-14
8.195 9.78411e-05 -4.91346e-14
8.196 9.77338e-05 -4.9775e-14
8.197 9.76827e-05 -3.63166e-14
8.198 9.76681e-05 -1.32298e-14
8.199 9.76618e-05 1.35502e-14
8.2 9.76329e-05 3.67879e-14
8.201 9.7553e-05 4.82934e-14
8.202 9.74017e-05 4.64086e-14
8.203 9.71699e-05 3.11255e-14
8.204 9.68617e-05 5.87398e-15
8.205 9.64929e-05 -2.08806e-14
8.206 9.6088e-05 -4.22716e-14
8.207 9.56756e-05 -5.24257e-14
8.208 9.52829e-05 -4.80903e-14
8.209 9.4931e-05 -2.88961e-14
8.21 9.46306e-05 -3.14462e-16
8.211 9.43808e-05 3.03174e-14
8.212 9.41692e-05 5.38886e-14
8.213 9.39748e-05 6.17789e-14
8.214 9.37716e-05 5.18202e-14
8.215 9.35342e-05 2.46891e-14
8.216 9.32423e-05 -1.18974e-14
8.217 9.28842e-05 -4.79114e-14
8.218 9.24592e-05 -7.01777e-14
8.219 9.19774e-05 -7.13115e-14
8.22 9.14575e-05 -4.84243e-14
8.221 9.0923e-05 -9.63922e-15
8.222 9.03978e-05 3.47097e-14
8.223 8.99016e-05 7.10317e-14
8.224 8.94462e-05 8.56605e-14
8.225 8.90333e-05 7.2723e-14
8.226 8.86548e-05 3.39606e-14
8.227 8.8294e-05 -1.84357e-14
8.228 8.79296e-05 -6.70975e-14
8.229 8.75396e-05 -9.61357e-14
8.23 8.71056e-05 -9.36549e-14
8.231 8.66166e-05 -5.97023e-14
8.232 8.60707e-05 -3.14556e-15
8.233 8.54758e-05 5.73484e-14
8.234 8.48474e-05 1.01187e-13
8.235 8.42059e-05 1.12348e-13
8.236 8.35722e-05 8.63823e-14
8.237 8.29635e-05 2.95299e-14
8.238 8.23902e-05 -3.96219e-14
8.239 8.18538e-05 -9.8568e-14
8.24 8.13463e-05 -1.2495e-13
8.241 8.08525e-05 -1.10521e-13
8.242 8.03527e-05 -5.79606e-14
8.243 7.98268e-05 1.7055e-14
8.244 7.92587e-05 8.89692e-14
8.245 7.86391e-05 1.334e-13
8.246 7.79681e-05 1.3083e-13
8.247 7.72547e-05 8.4467e-14
8.248 7.65154e-05 6.62831e-15
8.249 7.57709e-05 -7.64747e-14
8.25 7.50418e-05 -1.34878e-13
8.251 7.43444e-05 -1.48362e-13
8.252 7.36875e-05 -1.11334e-13
8.253 7.30701e-05 -3.4257e-14
8.254 7.24816e-05 5.79929e-14
8.255 7.19039e-05 1.32582e-13
8.256 7.13146e-05 1.63982e-13
8.257 7.06915e-05 1.3862e-13
8.258 7.00175e-05 6.50583e-14
8.259 6.92837e-05 -3.45189e-14
8.26 6.84919e-05 -1.25036e-13
8.261 6.76546e-05 -1.7365e-13
8.262 6.67929e-05 -1.63319e-13
8.263 6.59322e-05 -9.57127e-14
8.264 6.50981e-05 5.93499e-15
8.265 6.43106e-05 1.08634e-13
8.266 6.35804e-05 1.75618e-13
8.267 6.29062e-05 1.84409e-13
8.268 6.22748e-05 1.28594e-13
8.269 6.16629e-05 2.74115e-14
8.27 6.10414e-05 -8.63643e-14
8.271 6.03811e-05 -1.71378e-13
8.272 5.96578e-05 -1.98928e-13
8.273 5.8858e-05 -1.57972e-13
8.274 5.79811e-05 -6.15339e-14
8.275 5.70407e-05 5.85166e-14
8.276 5.6062e-05 1.59149e-13
8.277 5.50779e-05 2.06809e-13
8.278 5.41229e-05 1.83293e-13
8.279 5.32265e-05 9.65218e-14
8.28 5.24074e-05 -2.62836e-14
8.281 5.167e-05 -1.41348e-13
8.282 5.10026e-05 -2.09462e-13
8.283 5.03796e-05 -2.06349e-13
8.284 4.97652e-05 -1.31314e-13
8.285 4.91203e-05 -1.02187e-14
8.286 4.84097e-05 1.15896e-13
8.287 4.76086e-05 2.03641e-13
8.288 4.67075e-05 2.21225e-13
8.289 4.57149e-05 1.63319e-13
8.29 4.46559e-05 4.69286e-14
8.291 4.35682e-05 -8.62049e-14
8.292 4.24955e-05 -1.90048e-13
8.293 4.14797e-05 -2.28853e-13
8.294 4.05529e-05 -1.88617e-13
8.295 3.97317e-05 -8.12622e-14
8.296 3.9013e-05 5.55036e-14
8.297 3.83748e-05 1.73701e-13
8.298 3.77792e-05 2.33188e-13
8.299 3.71794e-05 2.10441e-13
8.3 3.65277e-05 1.15619e-13
8.301 3.57844e-05 -2.06251e-14
8.302 3.49254e-05 -1.51762e-13
8.303 3.39468e-05 -2.31367e-13
8.304 3.28662e-05 -2.31306e-13
8.305 3.172e-05 -1.50979e-13
8.306 3.05573e-05 -1.80087e-14
8.307 2.94311e-05 1.21794e-13
8.308 2.8389e-05 2.20768e-13
8.309 2.74641e-05 2.44099e-13
8.31 2.6669e-05 1.83104e-13
8.311 2.59932e-05 5.81606e-14
8.312 2.54039e-05 -8.74556e-14
8.313 2.48525e-05 -2.03281e-13
8.314 2.42823e-05 -2.49216e-13
8.315 2.36391e-05 -2.09239e-13
8.316 2.28807e-05 -9.73549e-14
8.317 2.19853e-05 4.88758e-14
8.318 2.09553e-05 1.78452e-13
8.319 1.98175e-05 2.47092e-13
8.32 1.86189e-05 2.29244e-13
8.321 1.74183e-05 1.34656e-13
8.322 1.62757e-05 -5.47767e-15
8.323 1.52421e-05 -1.43505e-13
8.324 1.43498e-05 -2.32343e-13
8.325 1.36062e-05 -2.40265e-13
8.326 1.29924e-05 -1.67158e-13
8.327 1.24662e-05 -3.69253e-14
8.328 1.19692e-05 1.03019e-13
8.329 1.14374e-05 2.07271e-13
8.33 1.08125e-05 2.37757e-13
8.331 1.00525e-05 1.85724e-13
8.332 9.13961e-06 7.20659e-14
8.333 8.08353e-06 -6.44932e-14
8.334 6.92034e-06 -1.76604e-13
8.335 5.70618e-06 -2.25481e-13
8.336 4.50737e-06 -1.94778e-13
8.337 3.38866e-06 -9.72988e-14
8.338 2.40155e-06 3.19778e-14
8.339 1.57487e-06 1.46818e-13
8.34 9.09413e-07 2.07717e-13
8.341 3.7745e-07 1.94927e-13
8.342 -7.25036e-08 1.14805e-13
8.343 -5.06666e-07 -4.23898e-15
8.344 -9.94195e-07 -1.19173e-13
8.345 -1.59475e-06 -1.88807e-13
8.346 -2.34765e-06 -1.89239e-13
8.347 -3.26457e-06 -1.22585e-13
8.348 -4.32718e-06 -1.41276e-14
8.349 -5.49014e-06 9.81703e-14
8.35 -6.68899e-06 1.7231e-13
8.351 -7.85157e-06 1.8235e-13
8.352 -8.91091e-06 1.26316e-13
8.353 -9.81731e-06 2.54162e-14
8.354 -1.05474e-05 -8.37303e-14
8.355 -1.11086e-05 -1.60682e-13
8.356 -1.1538e-05 -1.79298e-13
8.357 -1.18959e-05 -1.32339e-13
8.358 -1.22552e-05 -3.76368e-14
8.359 -1.26884e-05 7.00035e-14
8.36 -1.32545e-05 1.51311e-13
8.361 -1.39883e-05 1.77544e-13
8.362 -1.48941e-05 1.39053e-13
8.363 -1.59444e-05 5.11206e-14
8.364 -1.70848e-05 -5.5087e-14
8.365 -1.82436e-05 -1.40165e-13
8.366 -1.93442e-05 -1.74523e-13
8.367 -2.03191e-05 -1.4465e-13
8.368 -2.1122e-05 -6.23264e-14
8.369 -2.17359e-05 4.21724e-14
8.37 -2.21768e-05 1.30995e-13
8.371 -2.24907e-05 1.72052e-13
8.372 -2.27456e-05 1.4972e-13
8.373 -2.30195e-05 7.26403e-14
8.374 -2.33865e-05 -2.95272e-14
8.375 -2.39034e-05 -1.21962e-13
8.376 -2.45997e-05 -1.71001e-13
8.377 -2.5472e-05 -1.56238e-13
8.378 -2.64844e-05 -8.52845e-14
8.379 -2.75748e-05 1.67581e-14
8.38 -2.86661e-05 1.12612e-13
8.381 -2.96795e-05 1.67384e-13
8.382 -3.05489e-05 1.62469e-13
8.383 -3.12325e-05 9.79273e-14
8.384 -3.17204e-05 -2.35789e-15
8.385 -3.20364e-05 -1.02377e-13
8.386 -3.22341e-05 -1.64894e-13
8.387 -3.23868e-05 -1.67729e-13
8.388 -3.25753e-05 -1.10113e-13
8.389 -3.28727e-05 -1.1793e-14
8.39 -3.33318e-05 9.21558e-14
8.391 -3.39755e-05 1.61958e-13
8.392 -3.47926e-05 1.74804e-13
8.393 -3.574e-05 1.24138e-13
8.394 -3.67499e-05 2.76267e-14
8.395 -3.77423e-05 -8.09541e-14
8.396 -3.86392e-05 -1.60435e-13
8.397 -3.93783e-05 -1.82253e-13
8.398 -3.99241e-05 -1.38735e-13
8.399 -4.02747e-05 -4.50455e-14
8.4 -4.04617e-05 6.5114e-14
8.401 -4.05446e-05 1.53622e-13
8.402 -4.06003e-05 1.87395e-13
8.403 -4.07094e-05 1.54614e-13
8.404 -4.09414e-05 6.62332e-14
8.405 -4.13429e-05 -4.71846e-14
8.406 -4.19286e-05 -1.44083e-13
8.407 -4.26792e-05 -1.89126e-13
8.408 -4.35445e-05 -1.67385e-13
8.409 -4.44525e-05 -8.52327e-14
8.41 -4.53225e-05 2.73552e-14
8.411 -4.60791e-05 1.3041e-13
8.412 -4.66661e-05 1.86919e-13
8.413 -4.70563e-05 1.7671e-13
8.414 -4.72565e-05 1.03236e-13
8.415 -4.73063e-05 -6.42318e-15
8.416 -4.72708e-05 -1.13701e-13
8.417 -4.7229e-05 -1.80918e-13
8.418 -4.72599e-05 -1.833e-13
8.419 -4.74281e-05 -1.19487e-13
8.42 -4.77722e-05 -1.38811e-14
8.421 -4.82979e-05 9.71773e-14
8.422 -4.89773e-05 1.7379e-13
8.423 -4.97534e-05 1.87176e-13
8.424 -5.05505e-05 1.33284e-13
8.425 -5.12878e-05 3.1319e-14
8.426 -5.18937e-05 -8.26481e-14
8.427 -5.23188e-05 -1.66727e-13
8.428 -5.25446e-05 -1.91179e-13
8.429 -5.25867e-05 -1.46842e-13
8.43 -5.24924e-05 -4.86655e-14
8.431 -5.23322e-05 6.7246e-14
8.432 -5.21868e-05 1.59413e-13
8.433 -5.21333e-05 1.94495e-13
8.434 -5.2231e-05 1.59926e-13
8.435 -5.25111e-05 6.68499e-14
8.436 -5.29709e-05 -5.123e-14
8.437 -5.35745e-05 -1.50951e-13
8.438 -5.42587e-05 -1.97185e-13
8.439 -5.49446e-05 -1.719e-13
8.44 -5.55517e-05 -8.55377e-14
8.441 -5.60117e-05 3.18394e-14
8.442 -5.6281e-05 1.39885e-13
8.443 -5.63485e-05 1.98121e-13
8.444 -5.62373e-05 1.86663e-13
8.445 -5.6001e-05 1.07699e-13
8.446 -5.57138e-05 -9.74216e-15
8.447 -5.5458e-05 -1.2449e-13
8.448 -5.53088e-05 -1.95349e-13
8.449 -5.53215e-05 -1.97123e-13
8.45 -5.55214e-05 -1.29114e-13
8.451 -5.58998e-05 -1.50512e-14
8.452 -5.6415e-05 1.05057e-13
8.453 -5.70001e-05 1.87748e-13
8.454 -5.75744e-05 2.0448e-13
8.455 -5.80581e-05 1.48361e-13
8.456 -5.83856e-05 3.86491e-14
8.457 -5.85178e-05 -8.53963e-14
8.458 -5.84483e-05 -1.78431e-13
8.459 -5.82045e-05 -2.08599e-13
8.46 -5.78433e-05 -1.65451e-13
8.461 -5.74403e-05 -6.27058e-14
8.462 -5.70772e-05 6.20549e-14
8.463 -5.6827e-05 1.64822e-13
8.464 -5.67418e-05 2.10551e-13
8.465 -5.68431e-05 1.80287e-13
8.466 -5.71191e-05 8.76725e-14
8.467 -5.75261e-05 -3.5862e-14
8.468 -5.79966e-05 -1.47873e-13
8.469 -5.84511e-05 -2.05982e-13
8.47 -5.88121e-05 -1.90737e-13
8.471 -5.90174e-05 -1.09157e-13
8.472 -5.90311e-05 1.19998e-14
8.473 -5.88492e-05 1.26797e-13
8.474 -5.85006e-05 1.97153e-13
8.475 -5.80415e-05 1.97562e-13
8.476 -5.75458e-05 1.2724e-13
8.477 -5.70917e-05 1.33769e-14
8.478 -5.67486e-05 -1.05819e-13
8.479 -5.65648e-05 -1.86253e-13
8.48 -5.65595e-05 -2.00475e-13
8.481 -5.67196e-05 -1.43285e-13
8.482 -5.70024e-05 -3.55477e-14
8.483 -5.73432e-05 8.48137e-14
8.484 -5.76666e-05 1.72914e-13
8.485 -5.79e-05 1.99309e-13
8.486 -5.79857e-05 1.54639e-13
8.487 -5.7891e-05 5.56909e-14
8.488 -5.76138e-05 -6.32053e-14
8.489 -5.71821e-05 -1.58722e-13
8.49 -5.66493e-05 -1.96736e-13
8.491 -5.60847e-05 -1.64289e-13
8.492 -5.5561e-05 -7.42198e-14
8.493 -5.51419e-05 4.2187e-14
8.494 -5.48712e-05 1.43624e-13
8.495 -5.47655e-05 1.92475e-13
8.496 -5.48114e-05 1.72412e-13
8.497 -5.49687e-05 9.1573e-14
8.498 -5.51768e-05 -2.22377e-14
8.499 -5.53664e-05 -1.27945e-13
8.5 -5.5471e-05 -1.86951e-13
8.501 -5.54385e-05 -1.77907e-13
8.502 -5.52403e-05 -1.06103e-13
8.503 -5.48754e-05 4.90661e-15
8.504 -5.43711e-05 1.13335e-13
8.505 -5.37772e-05 1.80161e-13
8.506 -5.31575e-05 1.8164e-13
8.507 -5.25786e-05 1.18019e-13
8.508 -5.20982e-05 1.06155e-14
8.509 -5.17553e-05 -9.97209e-14
8.51 -5.15639e-05 -1.74799e-13
8.511 -5.15104e-05 -1.86364e-13
8.512 -5.15565e-05 -1.31428e-13
8.513 -5.16463e-05 -2.81561e-14
8.514 -5.17158e-05 8.50751e-14
8.515 -5.17042e-05 1.67897e-13
8.516 -5.15646e-05 1.91657e-13
8.517 -5.12713e-05 1.46032e-13
8.518 -5.08251e-05 4.77693e-14
8.519 -5.02518e-05 -6.86823e-14
8.52 -4.95984e-05 -1.60159e-13
8.521 -4.89244e-05 -1.94849e-13
8.522 -4.82916e-05 -1.60178e-13
8.523 -4.77532e-05 -6.72832e-14
8.524 -4.73453e-05 4.99174e-14
8.525 -4.708e-05 1.50612e-13
8.526 -4.69444e-05 1.98228e-13
8.527 -4.69022e-05 1.74711e-13
8.528 -4.69006e-05 9.02339e-14
8.529 -4.68794e-05 -2.774e-14
8.53 -4.67811e-05 -1.3585e-13
8.531 -4.6561e-05 -1.96851e-13
8.532 -4.61947e-05 -1.88682e-13
8.533 -4.5682e-05 -1.13313e-13
8.534 -4.50472e-05 1.5181e-15
8.535 -4.43345e-05 1.16187e-13
8.536 -4.36006e-05 1.89317e-13
8.537 -4.29049e-05 1.95814e-13
8.538 -4.22995e-05 1.32956e-13
8.539 -4.18206e-05 2.36345e-14
8.54 -4.1482e-05 -9.45217e-14
8.541 -4.12732e-05 -1.7937e-13
8.542 -4.11611e-05 -2.0002e-13
8.543 -4.10956e-05 -1.50225e-13
8.544 -4.10185e-05 -4.72642e-14
8.545 -4.08726e-05 7.24253e-14
8.546 -4.06119e-05 1.67196e-13
8.547 -4.02092e-05 2.02593e-13
8.548 -3.96603e-05 1.66573e-13
8.549 -3.89851e-05 7.27285e-14
8.55 -3.82241e-05 -4.75837e-14
8.551 -3.74314e-05 -1.48857e-13
8.552 -3.66661e-05 -1.97897e-13
8.553 -3.59821e-05 -1.77836e-13
8.554 -3.54193e-05 -9.56969e-14
8.555 -3.49972e-05 1.95703e-14
8.556 -3.47112e-05 1.26039e-13
8.557 -3.45339e-05 1.87321e-13
8.558 -3.44194e-05 1.82249e-13
8.559 -3.4311e-05 1.12611e-13
8.56 -3.41502e-05 3.80849e-15
8.561 -3.38872e-05 -1.03733e-13
8.562 -3.34883e-05 -1.7389e-13
8.563 -3.29419e-05 -1.81738e-13
8.564 -3.22602e-05 -1.25579e-13
8.565 -3.14774e-05 -2.50788e-14
8.566 -3.0644e-05 8.33144e-14
8.567 -2.98185e-05 1.60845e-13
8.568 -2.90578e-05 1.80363e-13
8.569 -2.84079e-05 1.35743e-13
8.57 -2.78964e-05 4.47157e-14
8.571 -2.75277e-05 -6.20989e-14
8.572 -2.72828e-05 -1.45624e-13
8.573 -2.71218e-05 -1.7616e-13
8.574 -2.69908e-05 -1.44668e-13
8.575 -2.68308e-05 -6.24911e-14
8.576 -2.6587e-05 4.05469e-14
8.577 -2.62182e-05 1.28153e-13
8.578 -2.57034e-05 1.68325e-13
8.579 -2.50453e-05 1.48442e-13
8.58 -2.42701e-05 7.64076e-14
8.581 -2.34227e-05 -2.15871e-14
8.582 -2.25603e-05 -1.10318e-13
8.583 -2.1742e-05 -1.58433e-13
8.584 -2.10199e-05 -1.48953e-13
8.585 -2.04302e-05 -8.68415e-14
8.586 -1.99871e-05 5.84945e-15
8.587 -1.96807e-05 9.38015e-14
8.588 -1.94782e-05 1.47e-13
8.589 -1.93299e-05 1.4705e-13
8.59 -1.91764e-05 9.4257e-14
8.591 -1.89593e-05 8.80825e-15
8.592 -1.86304e-05 -7.8491e-14
8.593 -1.81598e-05 -1.35625e-13
8.594 -1.75407e-05 -1.4221e-13
8.595 -1.67913e-05 -9.81126e-14
8.596 -1.5951e-05 -1.86173e-14
8.597 -1.50747e-05 6.58676e-14
8.598 -1.42234e-05 1.25452e-13
8.599 -1.34541e-05 1.3767e-13
8.6 -1.28103e-05 9.9581e-14
8.601 -1.23149e-05 2.55638e-14
8.602 -1.19662e-05 -5.87837e-14
8.603 -1.17378e-05 -1.19848e-13
8.604 -1.15833e-05 -1.36766e-13
8.605 -1.14438e-05 -1.01807e-13
8.606 -1.12577e-05 -2.99181e-14
8.607 -1.0971e-05 5.27837e-14
8.608 -1.05465e-05 1.16406e-13
8.609 -9.97001e-06 1.37463e-13
8.61 -9.25302e-06 1.08071e-13
8.611 -8.43089e-06 3.95186e-14
8.612 -7.55699e-06 -4.4387e-14
8.613 -6.69385e-06 -1.11983e-13
8.614 -5.90267e-06 -1.39964e-13
8.615 -5.23294e-06 -1.16863e-13
8.616 -4.71405e-06 -5.04577e-14
8.617 -4.35015e-06 3.34843e-14
8.618 -4.1193e-06 1.06053e-13
8.619 -3.97705e-06 1.40904e-13
8.62 -3.86383e-06 1.24495e-13
8.621 -3.71501e-06 6.25593e-14
8.622 -3.47186e-06 -2.15251e-14
8.623 -3.09164e-06 -9.83867e-14
8.624 -2.55498e-06 -1.39284e-13
8.625 -1.86941e-06 -1.30901e-13
8.626 -1.06826e-06 -7.57116e-14
8.627 -2.05153e-07 6.76518e-15
8.628 6.54997e-07 8.66488e-14
8.629 1.44702e-06 1.35294e-13
8.63 2.11668e-06 1.3554e-13
8.631 2.63001e-06 8.81881e-14
8.632 2.97939e-06 9.38285e-15
8.633 3.18496e-06 -7.25456e-14
8.634 3.29148e-06 -1.27429e-13
8.635 3.36074e-06 -1.36721e-13
8.636 3.46109e-06 -9.623e-14
8.637 3.6557e-06 -2.2018e-14
8.638 3.9916e-06 5.9039e-14
8.639 4.49142e-06 1.17723e-13
8.64 5.14924e-06 1.33232e-13
8.641 5.93137e-06 9.98988e-14
8.642 6.7819e-06 2.98741e-14
8.643 7.63218e-06 -5.12438e-14
8.644 8.41253e-06 -1.11772e-13
8.645 9.06431e-06 -1.32024e-13
8.646 9.55016e-06 -1.01988e-13
8.647 9.86068e-06 -3.54083e-14
8.648 1.00163e-05 4.52903e-14
8.649 1.00639e-05 1.10891e-13
8.65 1.00691e-05 1.35588e-13
8.651 1.01051e-05 1.10851e-13
8.652 1.02398e-05 4.52883e-14
8.653 1.0524e-05 -3.73914e-14
8.654 1.09829e-05 -1.08671e-13
8.655 1.16109e-05 -1.41373e-13
8.656 1.23724e-05 -1.23789e-13
8.657 1.3208e-05 -6.1824e-14
8.658 1.40443e-05 2.48457e-14
8.659 1.48066e-05 1.02239e-13
8.66 1.54318e-05 1.44901e-13
8.661 1.58793e-05 1.35197e-13
8.662 1.61386e-05 7.81245e-14
8.663 1.6231e-05 -8.36247e-15
8.664 1.62062e-05 -9.13637e-14
8.665 1.61343e-05 -1.42702e-13
8.666 1.60934e-05 -1.43505e-13
8.667 1.61561e-05 -9.42461e-14
8.668 1.63773e-05 -1.0852e-14
8.669 1.67841e-05 7.58847e-14
8.67 1.73712e-05 1.35849e-13
8.671 1.81012e-05 1.47837e-13
8.672 1.89115e-05 1.07731e-13
8.673 1.9724e-05 2.93346e-14
8.674 2.04596e-05 -5.85028e-14
8.675 2.1051e-05 -1.25648e-13
8.676 2.14548e-05 -1.47637e-13
8.677 2.16592e-05 -1.15351e-13
8.678 2.16862e-05 -4.29303e-14
8.679 2.15877e-05 4.43366e-14
8.68 2.14372e-05 1.15324e-13
8.681 2.13166e-05 1.43987e-13
8.682 2.13026e-05 1.2075e-13
8.683 2.1453e-05 5.46109e-14
8.684 2.17968e-05 -3.10393e-14
8.685 2.23291e-05 -1.06311e-13
8.686 2.30117e-05 -1.42189e-13
8.687 2.37796e-05 -1.27036e-13
8.688 2.45521e-05 -6.64262e-14
8.689 2.52469e-05 1.74159e-14
8.69 2.5794e-05 9.52258e-14
8.691 2.6148e-05 1.39455e-13
8.692 2.62961e-05 1.33517e-13
8.693 2.62602e-05 7.93072e-14
8.694 2.60934e-05 -3.11272e-15
8.695 2.58705e-05 -8.48768e-14
8.696 2.56757e-05 -1.36522e-13
8.697 2.55875e-05 -1.38661e-13
8.698 2.56653e-05 -9.02403e-14
8.699 2.59394e-05 -8.98326e-15
8.7 2.64054e-05 7.46904e-14
8.701 2.70251e-05 1.32572e-13
8.702 2.7733e-05 1.42002e-13
8.703 2.84477e-05 1.01628e-13
8.704 2.9086e-05 2.45751e-14
8.705 2.95771e-05 -6.21513e-14
8.706 2.9875e-05 -1.25334e-13
8.707 2.9966e-05 -1.44954e-13
8.708 2.98717e-05 -1.11775e-13
8.709 2.96446e-05 -3.91573e-14
8.71 2.93592e-05 4.77535e-14
8.711 2.90992e-05 1.16612e-13
8.712 2.89427e-05 1.43037e-13
8.713 2.89494e-05 1.18321e-13
8.714 2.91495e-05 5.10472e-14
8.715 2.95393e-05 -3.53871e-14
8.716 3.00817e-05 -1.08129e-13
8.717 3.07126e-05 -1.4286e-13
8.718 3.13524e-05 -1.25064e-13
8.719 3.19194e-05 -6.1301e-14
8.72 3.23442e-05 2.43927e-14
8.721 3.25814e-05 1.01608e-13
8.722 3.26173e-05 1.42714e-13
8.723 3.24723e-05 1.32556e-13
8.724 3.21968e-05 7.38997e-14
8.725 3.18626e-05 -1.08964e-14
8.726 3.15504e-05 -9.27327e-14
8.727 3.13356e-05 -1.41782e-13
8.728 3.12756e-05 -1.40465e-13
8.729 3.14001e-05 -8.86773e-14
8.73 3.17058e-05 -4.30749e-15
8.731 3.21578e-05 8.27497e-14
8.732 3.26954e-05 1.40543e-13
8.733 3.32431e-05 1.47818e-13
8.734 3.37235e-05 1.0286e-13
8.735 3.40709e-05 2.08741e-14
8.736 3.42422e-05 -6.97365e-14
8.737 3.42243e-05 -1.36718e-13
8.738 3.4036e-05 -1.54415e-13
8.739 3.37244e-05 -1.19024e-13
8.74 3.33565e-05 -4.0007e-14
8.741 3.30075e-05 5.40821e-14
8.742 3.27477e-05 1.2867e-13
8.743 3.26303e-05 1.58129e-13
8.744 3.2683e-05 1.32202e-13
8.745 3.29029e-05 5.9614e-14
8.746 3.32577e-05 -3.39731e-14
8.747 3.36917e-05 -1.15814e-13
8.748 3.41355e-05 -1.57181e-13
8.749 3.45181e-05 -1.43019e-13
8.75 3.47795e-05 -7.74413e-14
8.751 3.48803e-05 1.4622e-14
8.752 3.48087e-05 1.01666e-13
8.753 3.45818e-05 1.53076e-13
8.754 3.42426e-05 1.49905e-13
8.755 3.38517e-05 9.45636e-14
8.756 3.34772e-05 4.83344e-15
8.757 3.31824e-05 -8.6202e-14
8.758 3.30154e-05 -1.45492e-13
8.759 3.30009e-05 -1.54167e-13
8.76 3.31362e-05 -1.08922e-13
8.761 3.33925e-05 -2.55052e-14
8.762 3.37198e-05 6.67655e-14
8.763 3.40562e-05 1.34874e-13
8.764 3.43386e-05 1.54394e-13
8.765 3.45135e-05 1.19928e-13
8.766 3.4546e-05 4.30118e-14
8.767 3.44255e-05 -4.87239e-14
8.768 3.41671e-05 -1.21841e-13
8.769 3.38083e-05 -1.50706e-13
8.77 3.34027e-05 -1.25057e-13
8.771 3.30099e-05 -5.54097e-14
8.772 3.26855e-05 3.4538e-14
8.773 3.2472e-05 1.10706e-13
8.774 3.2391e-05 1.46098e-13
8.775 3.24409e-05 1.2878e-13
8.776 3.25971e-05 6.53092e-14
8.777 3.28166e-05 -2.25732e-14
8.778 3.30462e-05 -1.01607e-13
8.779 3.32313e-05 -1.44176e-13
8.78 3.33256e-05 -1.33824e-13
8.781 3.32985e-05 -7.49258e-14
8.782 3.314e-05 1.10369e-14
8.783 3.2862e-05 9.40793e-14
8.784 3.24958e-05 1.42283e-13
8.785 3.20859e-05 1.39149e-13
8.786 3.16828e-05 8.4935e-14
8.787 3.13338e-05 -9.82337e-16
8.788 3.10753e-05 -8.6209e-14
8.789 3.0927e-05 -1.41409e-13
8.79 3.08889e-05 -1.45267e-13
8.791 3.09419e-05 -9.73263e-14
8.792 3.10518e-05 -1.2699e-14
8.793 3.1175e-05 7.70851e-14
8.794 3.12665e-05 1.40732e-13
8.795 3.12875e-05 1.53684e-13
8.796 3.12114e-05 1.11197e-13
8.797 3.10281e-05 2.7449e-14
8.798 3.07453e-05 -6.71101e-14
8.799 3.03861e-05 -1.38755e-13
8.8 2.99854e-05 -1.61168e-13
8.801 2.95831e-05 -1.24498e-13
8.802 2.92175e-05 -4.27253e-14
8.803 2.89189e-05 5.57505e-14
8.804 2.87052e-05 1.35557e-13
8.805 2.85791e-05 1.67343e-13
8.806 2.85281e-05 1.39674e-13
8.807 2.85275e-05 6.01778e-14
8.808 2.85449e-05 -4.34975e-14
8.809 2.85457e-05 -1.33788e-13
8.81 2.84987e-05 -1.77157e-13
8.811 2.83816e-05 -1.57915e-13
8.812 2.81839e-05 -8.09645e-14
8.813 2.79081e-05 2.65756e-14
8.814 2.75689e-05 1.28229e-13
8.815 2.71902e-05 1.87405e-13
8.816 2.68008e-05 1.80586e-13
8.817 2.64294e-05 1.09825e-13
8.818 2.61003e-05 -8.80054e-16
8.819 2.58292e-05 -1.14528e-13
8.82 2.56217e-05 -1.9023e-13
8.821 2.54724e-05 -2.00695e-13
8.822 2.53666e-05 -1.41381e-13
8.823 2.52832e-05 -3.11029e-14
8.824 2.51979e-05 9.13647e-14
8.825 2.5088e-05 1.84556e-13
8.826 2.49351e-05 2.14996e-13
8.827 2.47284e-05 1.7092e-13
8.828 2.44654e-05 6.64517e-14
8.829 2.41525e-05 -6.31481e-14
8.83 2.38027e-05 -1.72744e-13
8.831 2.3434e-05 -2.23509e-13
8.832 2.30659e-05 -1.96942e-13
8.833 2.27165e-05 -1.02072e-13
8.834 2.23997e-05 2.92504e-14
8.835 2.21237e-05 1.53164e-13
8.836 2.18897e-05 2.24861e-13
8.837 2.16925e-05 2.18229e-13
8.838 2.15213e-05 1.371e-13
8.839 2.13617e-05 6.86023e-15
8.84 2.11984e-05 -1.26104e-13
8.841 2.10167e-05 -2.16428e-13
8.842 2.08052e-05 -2.33105e-13
8.843 2.05571e-05 -1.67881e-13
8.844 2.02708e-05 -4.43866e-14
8.845 1.99499e-05 9.56402e-14
8.846 1.96027e-05 2.02376e-13
8.847 1.92407e-05 2.39557e-13
8.848 1.88769e-05 1.94657e-13
8.849 1.8524e-05 8.06902e-14
8.85 1.81929e-05 -6.15664e-14
8.851 1.78909e-05 -1.84527e-13
8.852 1.76209e-05 -2.43465e-13
8.853 1.73814e-05 -2.17448e-13
8.854 1.71661e-05 -1.16433e-13
8.855 1.69654e-05 2.60651e-14
8.856 1.67674e-05 1.61325e-13
8.857 1.65594e-05 2.41309e-13
8.858 1.63301e-05 2.38509e-13
8.859 1.60707e-05 1.52708e-13
8.86 1.57768e-05 1.28847e-14
8.861 1.54485e-05 -1.33166e-13
8.862 1.50911e-05 -2.34419e-13
8.863 1.47141e-05 -2.54407e-13
8.864 1.43302e-05 -1.8767e-13
8.865 1.39533e-05 -5.4636e-14
8.866 1.35967e-05 9.74461e-14
8.867 1.32709e-05 2.1917e-13
8.868 1.29819e-05 2.64815e-13
8.869 1.273e-05 2.19527e-13
8.87 1.25099e-05 9.81386e-14
8.871 1.23108e-05 -5.78732e-14
8.872 1.2118e-05 -1.95004e-13
8.873 1.19154e-05 -2.66452e-13
8.874 1.16876e-05 -2.46094e-13
8.875 1.14226e-05 -1.41241e-13
8.876 1.11141e-05 1.31104e-14
8.877 1.07623e-05 1.64783e-13
8.878 1.03746e-05 2.60368e-13
8.879 9.96453e-06 2.67985e-13
8.88 9.54963e-06 1.82649e-13
8.881 9.14898e-06 3.43724e-14
8.882 8.77993e-06 -1.27009e-13
8.883 8.45522e-06 -2.46086e-13
8.884 8.1807e-06 -2.81856e-13
8.885 7.95406e-06 -2.20569e-13
8.886 7.76494e-06 -8.40363e-14
8.887 7.5964e-06 8.13686e-14
8.888 7.42754e-06 2.18951e-13
8.889 7.23687e-06 2.837e-13
8.89 7.00595e-06 2.52465e-13
8.891 6.72257e-06 1.34646e-13
8.892 6.38302e-06 -2.88927e-14
8.893 5.99301e-06 -1.82609e-13
8.894 5.56694e-06 -2.75683e-13
8.895 5.12575e-06 -2.74177e-13
8.896 4.69353e-06 -1.79182e-13
8.897 4.29355e-06 -2.33544e-14
8.898 3.94428e-06 1.40758e-13
8.899 3.65611e-06 2.56128e-13
8.9 3.42948e-06 2.83695e-13
8.901 3.25448e-06 2.15511e-13
8.902 3.11241e-06 7.44085e-14
8.903 2.97871e-06 -9.26786e-14
8.904 2.82706e-06 -2.274e-13
8.905 2.63384e-06 -2.84344e-13
8.906 2.38218e-06 -2.44456e-13
8.907 2.06497e-06 -1.20764e-13
8.908 1.68624e-06 4.35541e-14
8.909 1.26066e-06 1.94015e-13
8.91 8.11179e-07 2.77464e-13
8.911 3.65249e-07 2.66141e-13
8.912 -4.97885e-08 1.63613e-13
8.913 -4.11366e-07 4.84287e-15
8.914 -7.05584e-07 -1.55243e-13
8.915 -9.29664e-07 -2.63135e-13
8.916 -1.09252e-06 -2.80642e-13
8.917 -1.21333e-06 -2.02357e-13
8.918 -1.31834e-06 -5.46066e-14
8.919 -1.4364e-06 1.10984e-13
8.92 -1.5941e-06 2.38468e-13
8.921 -1.81115e-06 2.84398e-13
8.922 -2.09703e-06 2.34123e-13
8.923 -2.44931e-06 1.03456e-13
8.924 -2.85404e-06 -6.15174e-14
8.925 -3.28812e-06 -2.05597e-13
8.926 -3.72324e-06 -2.79608e-13
8.927 -4.13074e-06 -2.57613e-13
8.928 -4.48647e-06 -1.47758e-13
8.929 -4.77499e-06 1.21692e-14
8.93 -4.99211e-06 1.66913e-13
8.931 -5.14561e-06 2.65528e-13
8.932 -5.25384e-06 2.72571e-13
8.933 -5.34248e-06 1.87378e-13
8.934 -5.44008e-06 3.92641e-14
8.935 -5.57316e-06 -1.21613e-13
8.936 -5.76158e-06 -2.41987e-13
8.937 -6.01523e-06 -2.77815e-13
8.938 -6.33235e-06 -2.20685e-13
8.939 -6.69999e-06 -8.92668e-14
8.94 -7.09635e-06 7.0762e-14
8.941 -7.49463e-06 2.06426e-13
8.942 -7.86777e-06 2.69878e-13
8.943 -8.19311e-06 2.41686e-13
8.944 -8.45632e-06 1.30946e-13
8.945 -8.65374e-06 -2.23128e-14
8.946 -8.79292e-06 -1.66823e-13
8.947 -8.89108e-06 -2.52258e-13
8.948 -8.97201e-06 -2.49713e-13
8.949 -9.06175e-06 -1.62235e-13
8.95 -9.18401e-06 -1.96244e-14
8.951 -9.35605e-06 1.28286e-13
8.952 -9.58567e-06 2.30176e-13
8.953 -9.87004e-06 2.52507e-13
8.954 -1.01964e-05 1.87047e-13
8.955 -1.05442e-05 5.68985e-14
8.956 -1.08895e-05 -9.19174e-14
8.957 -1.12084e-05 -2.07288e-13
8.958 -1.1482e-05 -2.50245e-13
8.959 -1.16994e-05 -2.05377e-13
8.96 -1.18594e-05 -9.05175e-14
8.961 -1.19709e-05 5.66403e-14
8.962 -1.20508e-05 1.82844e-13
8.963 -1.2121e-05 2.453e-13
8.964 -1.22044e-05 2.22543e-13
8.965 -1.23208e-05 1.22217e-13
8.966 -1.24833e-05 -2.12131e-14
8.967 -1.26961e-05 -1.57126e-13
8.968 -1.29538e-05 -2.38844e-13
8.969 -1.32428e-05 -2.37581e-13
8.97 -1.35432e-05 -1.54203e-13
8.971 -1.38332e-05 -1.76708e-14
8.972 -1.40928e-05 1.24655e-13
8.973 -1.43069e-05 2.24262e-13
8.974 -1.44688e-05 2.46423e-13
8.975 -1.45807e-05 1.83725e-13
8.976 -1.46534e-05 5.7108e-14
8.977 -1.47041e-05 -8.82919e-14
8.978 -1.47536e-05 -2.02607e-13
8.979 -1.4822e-05 -2.46574e-13
8.98 -1.49255e-05 -2.05103e-13
8.981 -1.50734e-05 -9.31377e-14
8.982 -1.52662e-05 5.19327e-14
8.983 -1.54963e-05 1.78108e-13
8.984 -1.57487e-05 2.42776e-13
8.985 -1.60043e-05 2.23102e-13
8.986 -1.6243e-05 1.2657e-13
8.987 -1.64476e-05 -1.38008e-14
8.988 -1.66067e-05 -1.49352e-13
8.989 -1.67166e-05 -2.33946e-13
8.99 -1.6782e-05 -2.37347e-13
8.991 -1.68151e-05 -1.59566e-13
8.992 -1.6833e-05 -2.7692e-14
8.993 -1.68551e-05 1.14924e-13
8.994 -1.68992e-05 2.17493e-13
8.995 -1.69785e-05 2.45602e-13
8.996 -1.70996e-05 1.87288e-13
8.997 -1.72609e-05 6.56883e-14
8.998 -1.74534e-05 -7.78088e-14
8.999 -1.76624e-05 -1.93718e-13
9 -1.78701e-05 -2.42339e-13
9.001 -1.80585e-05 -2.08463e-13
9.002 -1.82133e-05 -1.01796e-13
9.003 -1.83255e-05 3.84373e-14
9.004 -1.83933e-05 1.65533e-13
9.005 -1.84224e-05 2.36522e-13
9.006 -1.84245e-05 2.24083e-13
9.007 -1.84152e-05 1.34943e-13
9.008 -1.84113e-05 -6.29479e-16
9.009 -1.8428e-05 -1.35992e-13
9.01 -1.84756e-05 -2.22582e-13
9.011 -1.85588e-05 -2.33417e-13
9.012 -1.86752e-05 -1.62941e-13
9.013 -1.88167e-05 -3.61529e-14
9.014 -1.89703e-05 1.01602e-13
9.015 -1.91211e-05 2.04191e-13
9.016 -1.92548e-05 2.35461e-13
9.017 -1.936e-05 1.85167e-13
9.018 -1.94303e-05 7.12935e-14
9.019 -1.94651e-05 -6.63077e-14
9.02 -1.94692e-05 -1.80565e-13
9.021 -1.94525e-05 -2.31225e-13
9.022 -1.94271e-05 -2.01802e-13
9.023 -1.94058e-05 -1.03294e-13
9.024 -1.93994e-05 3.02165e-14
9.025 -1.94155e-05 1.53473e-13
9.026 -1.94566e-05 2.22801e-13
9.027 -1.95204e-05 2.14126e-13
9.028 -1.96005e-05 1.31509e-13
9.029 -1.96875e-05 3.68382e-15
9.03 -1.97711e-05 -1.2521e-13
9.031 -1.98419e-05 -2.09351e-13
9.032 -1.98927e-05 -2.20499e-13
9.033 -1.99202e-05 -1.5625e-13
9.034 -1.99249e-05 -3.75273e-14
9.035 -1.99106e-05 9.38068e-14
9.036 -1.98841e-05 1.91613e-13
9.037 -1.98529e-05 2.22028e-13
9.038 -1.98245e-05 1.75769e-13
9.039 -1.98046e-05 6.84021e-14
9.04 -1.97962e-05 -6.10248e-14
9.041 -1.97995e-05 -1.6891e-13
9.042 -1.9812e-05 -2.17141e-13
9.043 -1.98293e-05 -1.89854e-13
9.044 -1.98459e-05 -9.60495e-14
9.045 -1.98568e-05 3.01905e-14
9.046 -1.98582e-05 1.45134e-13
9.047 -1.98485e-05 2.08448e-13
9.048 -1.98279e-05 1.98265e-13
9.049 -1.97987e-05 1.2029e-13
9.05 -1.97644e-05 -3.00113e-16
9.051 -1.97288e-05 -1.20081e-13
9.052 -1.9695e-05 -1.97414e-13
9.053 -1.9665e-05 -2.05246e-13
9.054 -1.96388e-05 -1.41242e-13
9.055 -1.96148e-05 -2.86784e-14
9.056 -1.959e-05 9.37106e-14
9.057 -1.95608e-05 1.81672e-13
9.058 -1.9524e-05 2.07563e-13
9.059 -1.94775e-05 1.60911e-13
9.06 -1.9421e-05 5.90753e-14
9.061 -1.93559e-05 -6.32317e-14
9.062 -1.92854e-05 -1.62373e-13
9.063 -1.9214e-05 -2.0459e-13
9.064 -1.91462e-05 -1.76012e-13
9.065 -1.90855e-05 -8.72427e-14
9.066 -1.90341e-05 3.11632e-14
9.067 -1.89919e-05 1.37789e-13
9.068 -1.89561e-05 1.95735e-13
9.069 -1.89224e-05 1.85377e-13
9.07 -1.8885e-05 1.0972e-13
9.071 -1.88381e-05 -2.43636e-15
9.072 -1.87769e-05 -1.1216e-13
9.073 -1.86986e-05 -1.8181e-13
9.074 -1.86031e-05 -1.87149e-13
9.075 -1.84935e-05 -1.26758e-13
9.076 -1.83748e-05 -2.3412e-14
9.077 -1.8254e-05 8.65502e-14
9.078 -1.81384e-05 1.65247e-13
9.079 -1.8034e-05 1.85442e-13
9.08 -1.79451e-05 1.39875e-13
9.081 -1.78724e-05 4.60026e-14
9.082 -1.78137e-05 -6.40037e-14
9.083 -1.77637e-05 -1.48823e-13
9.084 -1.77148e-05 -1.80318e-13
9.085 -1.76591e-05 -1.47763e-13
9.086 -1.75889e-05 -6.2514e-14
9.087 -1.74989e-05 4.30479e-14
9.088 -1.73869e-05 1.3274e-13
9.089 -1.72544e-05 1.75183e-13
9.09 -1.71062e-05 1.54043e-13
9.091 -1.69497e-05 7.82557e-14
9.092 -1.67937e-05 -2.47461e-14
9.093 -1.66467e-05 -1.1968e-13
9.094 -1.65154e-05 -1.7159e-13
9.095 -1.64033e-05 -1.62425e-13
9.096 -1.63103e-05 -9.52654e-14
9.097 -1.62323e-05 4.99049e-15
9.098 -1.61626e-05 1.03309e-13
9.099 -1.60922e-05 1.65757e-13
9.1 -1.60121e-05 1.69856e-13
9.101 -1.59147e-05 1.13712e-13
9.102 -1.57953e-05 1.76761e-14
9.103 -1.56528e-05 -8.33257e-14
9.104 -1.54901e-05 -1.54393e-13
9.105 -1.53136e-05 -1.71722e-13
9.106 -1.5132e-05 -1.26737e-13
9.107 -1.49544e-05 -3.89143e-14
9.108 -1.47893e-05 6.1856e-14
9.109 -1.46425e-05 1.40297e-13
9.11 -1.45161e-05 1.68357e-13
9.111 -1.44083e-05 1.35945e-13
9.112 -1.43137e-05 5.61194e-14
9.113 -1.42241e-05 -4.30667e-14
9.114 -1.413e-05 -1.27022e-13
9.115 -1.40228e-05 -1.65348e-13
9.116 -1.38958e-05 -1.44604e-13
9.117 -1.3746e-05 -7.3002e-14
9.118 -1.35741e-05 2.49269e-14
9.119 -1.3385e-05 1.12638e-13
9.12 -1.31865e-05 1.60877e-13
9.121 -1.29881e-05 1.51976e-13
9.122 -1.27989e-05 8.87214e-14
9.123 -1.26264e-05 -6.2825e-15
9.124 -1.24747e-05 -9.81702e-14
9.125 -1.23438e-05 -1.55e-13
9.126 -1.22296e-05 -1.56013e-13
9.127 -1.21248e-05 -1.01049e-13
9.128 -1.20199e-05 -9.62331e-15
9.129 -1.19052e-05 8.52253e-14
9.13 -1.17725e-05 1.49936e-13
9.131 -1.16168e-05 1.61571e-13
9.132 -1.1437e-05 1.14833e-13
9.133 -1.12365e-05 2.7831e-14
9.134 -1.10225e-05 -6.95033e-14
9.135 -1.08047e-05 -1.42372e-13
9.136 -1.05934e-05 -1.65596e-13
9.137 -1.03979e-05 -1.29532e-13
9.138 -1.02246e-05 -4.7144e-14
9.139 -1.00757e-05 5.10181e-14
9.14 -9.94886e-06 1.31808e-13
9.141 -9.83743e-06 1.66515e-13
9.142 -9.73166e-06 1.41515e-13
9.143 -9.62039e-06 6.66567e-14
9.144 -9.49312e-06 -3.10893e-14
9.145 -9.34191e-06 -1.18479e-13
9.146 -9.16294e-06 -1.64708e-13
9.147 -8.95724e-06 -1.54063e-13
9.148 -8.73068e-06 -8.92422e-14
9.149 -8.49296e-06 7.00367e-15
9.15 -8.25601e-06 1.00049e-13
9.151 -8.03182e-06 1.58686e-13
9.152 -7.83033e-06 1.62595e-13
9.153 -7.65759e-06 1.09631e-13
9.154 -7.51456e-06 1.85526e-14
9.155 -7.39687e-06 -7.784e-14
9.156 -7.29545e-06 -1.45849e-13
9.157 -7.19806e-06 -1.62647e-13
9.158 -7.09137e-06 -1.22357e-13
9.159 -6.96335e-06 -4.07336e-14
9.16 -6.80539e-06 5.41801e-14
9.161 -6.6139e-06 1.29191e-13
9.162 -6.39109e-06 1.58543e-13
9.163 -6.14468e-06 1.31516e-13
9.164 -5.88668e-06 5.92716e-14
9.165 -5.63138e-06 -3.29347e-14
9.166 -5.39291e-06 -1.12569e-13
9.167 -5.18278e-06 -1.51868e-13
9.168 -5.00782e-06 -1.3718e-13
9.169 -4.86891e-06 -7.43572e-14
9.17 -4.76072e-06 1.29931e-14
9.171 -4.67251e-06 9.33928e-14
9.172 -4.58988e-06 1.4055e-13
9.173 -4.49722e-06 1.37617e-13
9.174 -4.38032e-06 8.56355e-14
9.175 -4.2289e-06 2.77104e-15
9.176 -4.03841e-06 -7.96426e-14
9.177 -3.81092e-06 -1.32389e-13
9.178 -3.5549e-06 -1.3576e-13
9.179 -3.28386e-06 -9.18608e-14
9.18 -3.01412e-06 -1.48725e-14
9.181 -2.76211e-06 6.70402e-14
9.182 -2.54156e-06 1.24781e-13
9.183 -2.36113e-06 1.36988e-13
9.184 -2.22284e-06 1.00313e-13
9.185 -2.12168e-06 2.7926e-14
9.186 -2.0463e-06 -5.38173e-14
9.187 -1.98091e-06 -1.16064e-13
9.188 -1.90785e-06 -1.36737e-13
9.189 -1.81056e-06 -1.08683e-13
9.19 -1.67644e-06 -4.04072e-14
9.191 -1.49899e-06 4.2873e-14
9.192 -1.27902e-06 1.10381e-13
9.193 -1.0246e-06 1.3866e-13
9.194 -7.49835e-07 1.1716e-13
9.195 -4.72493e-07 5.3214e-14
9.196 -2.11114e-07 -3.08537e-14
9.197 1.81313e-08 -1.04648e-13
9.198 2.04194e-07 -1.42163e-13
9.199 3.43074e-07 -1.29554e-13
9.2 4.3858e-07 -7.07412e-14
9.201 5.01782e-07 1.20896e-14
9.202 5.49229e-07 9.19545e-14
9.203 6.00218e-07 1.3993e-13
9.204 6.73565e-07 1.38873e-13
9.205 7.84421e-07 9.06468e-14
9.206 9.41659e-07 1.12434e-14
9.207 1.14629e-06 -7.183e-14
9.208 1.39119e-06 -1.29979e-13
9.209 1.66221e-06 -1.423e-13
9.21 1.94046e-06 -1.04897e-13
9.211 2.20545e-06 -3.2666e-14
9.212 2.43855e-06 5.12454e-14
9.213 2.62615e-06 1.15707e-13
9.214 2.76206e-06 1.39593e-13
9.215 2.84864e-06 1.14411e-13
9.216 2.89651e-06 4.87158e-14
9.217 2.9229e-06 -3.31971e-14
9.218 2.94874e-06 -1.02226e-13
9.219 2.99522e-06 -1.3423e-13
9.22 3.08014e-06 -1.19124e-13
9.221 3.21483e-06 -6.12083e-14
9.222 3.40215e-06 1.77751e-14
9.223 3.63579e-06 8.85819e-14
9.224 3.9013e-06 1.29045e-13
9.225 4.17835e-06 1.23699e-13
9.226 4.44413e-06 7.46421e-14
9.227 4.67722e-06 2.3245e-16
9.228 4.86126e-06 -7.47602e-14
9.229 4.98786e-06 -1.2398e-13
9.23 5.05815e-06 -1.2863e-13
9.231 5.08276e-06 -8.83149e-14
9.232 5.08017e-06 -1.77261e-14
9.233 5.07369e-06 5.77584e-14
9.234 5.0875e-06 1.13169e-13
9.235 5.14256e-06 1.28607e-13
9.236 5.25292e-06 9.9142e-14
9.237 5.42318e-06 3.59708e-14
9.238 5.64748e-06 -3.98323e-14
9.239 5.91035e-06 -9.96018e-14
9.24 6.18914e-06 -1.25067e-13
9.241 6.45781e-06 -1.07215e-13
9.242 6.69131e-06 -5.19262e-14
9.243 6.86995e-06 1.97069e-14
9.244 6.9829e-06 8.33967e-14
9.245 7.03022e-06 1.16888e-13
9.246 7.02309e-06 1.10305e-13
9.247 6.9821e-06 6.63073e-14
9.248 6.9339e-06 -6.14214e-19
9.249 6.90672e-06 -6.38955e-14
9.25 6.92553e-06 -1.04653e-13
9.251 7.00763e-06 -1.07145e-13
9.252 7.15953e-06 -7.22575e-14
9.253 7.37557e-06 -1.42477e-14
9.254 7.63863e-06 4.76371e-14
9.255 7.92286e-06 8.9886e-14
9.256 8.19799e-06 9.94341e-14
9.257 8.43441e-06 7.38456e-14
9.258 8.60837e-06 2.19943e-14
9.259 8.70618e-06 -3.54343e-14
9.26 8.7268e-06 -7.83821e-14
9.261 8.68232e-06 -9.24939e-14
9.262 8.59609e-06 -7.26878e-14
9.263 8.49895e-06 -2.77914e-14
9.264 8.42403e-06 2.55277e-14
9.265 8.40104e-06 6.87961e-14
9.266 8.45104e-06 8.66834e-14
9.267 8.58265e-06 7.21201e-14
9.268 8.79022e-06 3.19497e-14
9.269 9.05458e-06 -1.73691e-14
9.27 9.34605e-06 -6.05138e-14
9.271 9.62939e-06 -8.11081e-14
9.272 9.86983e-06 -7.14734e-14
9.273 1.00391e-05 -3.66822e-14
9.274 1.01204e-05 9.86444e-15
9.275 1.01117e-05 5.17912e-14
9.276 1.00263e-05 7.44054e-14
9.277 9.89091e-06 6.93303e-14
9.278 9.74101e-06 4.10992e-14
9.279 9.61515e-06 -1.86912e-15
9.28 9.54814e-06 -4.23395e-14
9.281 9.56494e-06 -6.71312e-14
9.282 9.67614e-06 -6.64175e-14
9.283 9.87581e-06 -4.28995e-14
9.284 1.01423e-05 -3.34572e-15
9.285 1.04415e-05 3.55594e-14
9.286 1.07328e-05 6.1064e-14
9.287 1.09761e-05 6.36594e-14
9.288 1.11385e-05 4.37815e-14
9.289 1.12005e-05 7.50431e-15
9.29 1.11592e-05 -3.0169e-14
9.291 1.10299e-05 -5.60228e-14
9.292 1.08429e-05 -6.12942e-14
9.293 1.06389e-05 -4.42114e-14
9.294 1.04622e-05 -1.16387e-14
9.295 1.03525e-05 2.4779e-14
9.296 1.03384e-05 5.0798e-14
9.297 1.0432e-05 5.83298e-14
9.298 1.06265e-05 4.41332e-14
9.299 1.08968e-05 1.38488e-14
9.3 1.12042e-05 -1.99746e-14
9.301 1.15023e-05 -4.57816e-14
9.302 1.17456e-05 -5.44496e-14
9.303 1.18968e-05 -4.35869e-14
9.304 1.19343e-05 -1.65021e-14
9.305 1.18555e-05 1.56969e-14
9.306 1.16781e-05 4.08469e-14
9.307 1.14369e-05 5.06179e-14
9.308 1.11784e-05 4.18771e-14
9.309 1.09526e-05 1.84845e-14
9.31 1.08042e-05 -1.1841e-14
9.311 1.07648e-05 -3.59405e-14
9.312 1.0847e-05 -4.55892e-14
9.313 1.10422e-05 -3.81782e-14
9.314 1.13212e-05 -1.70534e-14
9.315 1.16396e-05 1.12171e-14
9.316 1.1945e-05 3.40701e-14
9.317 1.21861e-05 4.21358e-14
9.318 1.23219e-05 3.45029e-14
9.319 1.23292e-05 1.25546e-14
9.32 1.22064e-05 -1.38469e-14
9.321 1.19747e-05 -3.51116e-14
9.322 1.16747e-05 -4.3685e-14
9.323 1.13591e-05 -3.46136e-14
9.324 1.10841e-05 -1.32077e-14
9.325 1.08994e-05 1.45903e-14
9.326 1.08393e-05 3.70657e-14
9.327 1.09166e-05 4.54841e-14
9.328 1.11196e-05 3.68689e-14
9.329 1.14143e-05 1.43333e-14
9.33 1.17498e-05 -1.44287e-14
9.331 1.20668e-05 -3.69297e-14
9.332 1.23082e-05 -4.61413e-14
9.333 1.24291e-05 -3.83386e-14
9.334 1.24045e-05 -1.56253e-14
9.335 1.22348e-05 1.50156e-14
9.336 1.19452e-05 4.0079e-14
9.337 1.15823e-05 5.08252e-14
9.338 1.12059e-05 4.28231e-14
9.339 1.0879e-05 1.72704e-14
9.34 1.06565e-05 -1.43106e-14
9.341 1.05755e-05 -4.24423e-14
9.342 1.06488e-05 -5.51042e-14
9.343 1.08621e-05 -4.79941e-14
9.344 1.1176e-05 -2.40671e-14
9.345 1.15329e-05 9.7644e-15
9.346 1.18665e-05 4.14434e-14
9.347 1.21135e-05 5.83012e-14
9.348 1.22247e-05 5.55021e-14
9.349 1.21737e-05 3.19853e-14
9.35 1.19617e-05 -3.26251e-15
9.351 1.1618e-05 -3.94001e-14
9.352 1.11949e-05 -6.13211e-14
9.353 1.07591e-05 -6.18044e-14
9.354 1.038e-05 -4.05169e-14
9.355 1.01177e-05 -5.55916e-15
9.356 1.00127e-05 3.19556e-14
9.357 1.00779e-05 6.01316e-14
9.358 1.0297e-05 6.70824e-14
9.359 1.0626e-05 5.13039e-14
9.36 1.10015e-05 1.8607e-14
9.361 1.1351e-05 -2.21582e-14
9.362 1.16056e-05 -5.43998e-14
9.363 1.17119e-05 -6.82604e-14
9.364 1.16417e-05 -5.82746e-14
9.365 1.1397e-05 -2.84792e-14
9.366 1.10101e-05 1.05859e-14
9.367 1.05378e-05 4.49714e-14
9.368 1.00523e-05 6.35417e-14
9.369 9.62834e-06 6.03179e-14
9.37 9.33047e-06 3.66909e-14
9.371 9.2016e-06 -1.67891e-16
9.372 9.25541e-06 -3.54656e-14
9.373 9.47377e-06 -5.88126e-14
9.374 9.80965e-06 -6.06286e-14
9.375 1.01951e-05 -4.14269e-14
9.376 1.05529e-05 -9.90847e-15
9.377 1.08101e-05 2.54377e-14
9.378 1.09104e-05 5.06445e-14
9.379 1.08244e-05 5.73672e-14
9.38 1.05548e-05 4.51526e-14
9.381 1.01359e-05 1.87002e-14
9.382 9.6279e-06 -1.29192e-14
9.383 9.10686e-06 -3.89071e-14
9.384 8.65114e-06 -5.05099e-14
9.385 8.32801e-06 -4.42431e-14
9.386 8.18182e-06 -2.2647e-14
9.387 8.22621e-06 5.44529e-15
9.388 8.44159e-06 2.95104e-14
9.389 8.77841e-06 4.22943e-14
9.39 9.16566e-06 3.89678e-14
9.391 9.52316e-06 2.25129e-14
9.392 9.77546e-06 -1.28324e-15
9.393 9.865e-06 -2.26304e-14
9.394 9.76219e-06 -3.52481e-14
9.395 9.4707e-06 -3.51303e-14
9.396 9.02685e-06 -2.11418e-14
9.397 8.49349e-06 -9.50725e-16
9.398 7.94907e-06 1.80539e-14
9.399 7.47405e-06 2.91974e-14
9.4 7.13691e-06 2.8365e-14
9.401 6.9822e-06 1.69488e-14
9.402 7.0227e-06 -2.48269e-16
9.403 7.23711e-06 -1.51829e-14
9.404 7.5737e-06 -2.47005e-14
9.405 7.95926e-06 -2.29452e-14
9.406 8.31173e-06 -1.2136e-14
9.407 8.55456e-06 1.58916e-15
9.408 8.62998e-06 1.35782e-14
9.409 8.50915e-06 2.00966e-14
9.41 8.19721e-06 1.77628e-14
9.411 7.7325e-06 8.74444e-15
9.412 7.1799e-06 -2.3256e-15
9.413 6.61962e-06 -1.27328e-14
9.414 6.13326e-06 -1.57781e-14
9.415 5.78963e-06 -1.09563e-14
9.416 5.63271e-06 -1.08653e-15
9.417 5.67403e-06 8.87638e-15
9.418 5.89054e-06 1.42887e-14
9.419 6.22862e-06 1.33685e-14
9.42 6.61332e-06 4.80934e-15
9.421 6.9614e-06 -8.19326e-15
9.422 7.19575e-06 -1.89237e-14
9.423 7.25886e-06 -2.2834e-14
9.424 7.12277e-06 -1.73209e-14
9.425 6.79402e-06 -2.97352e-15
9.426 6.31256e-06 1.51836e-14
9.427 5.7448e-06 2.92938e-14
9.428 5.17218e-06 3.43786e-14
9.429 4.67703e-06 2.72893e-14
9.43 4.3283e-06 8.74818e-15
9.431 4.16957e-06 -1.47399e-14
9.432 4.21152e-06 -3.57896e-14
9.433 4.43001e-06 -4.53199e-14
9.434 4.77029e-06 -3.88604e-14
9.435 5.15644e-06 -1.8144e-14
9.436 5.50447e-06 1.09912e-14
9.437 5.7369e-06 3.85698e-14
9.438 5.79614e-06 5.21864e-14
9.439 5.65444e-06 4.83473e-14
9.44 5.31868e-06 2.64462e-14
9.441 4.82922e-06 -7.11131e-15
9.442 4.25288e-06 -3.93767e-14
9.443 3.67145e-06 -5.90721e-14
9.444 3.16754e-06 -5.82542e-14
9.445 2.81039e-06 -3.59239e-14
9.446 2.6439e-06 -4.26459e-16
9.447 2.67917e-06 3.83574e-14
9.448 2.89256e-06 6.57761e-14
9.449 3.22984e-06 7.07925e-14
9.45 3.61555e-06 5.10802e-14
9.451 3.966e-06 1.17987e-14
9.452 4.20368e-06 -3.269e-14
9.453 4.27054e-06 -6.79681e-14
9.454 4.13791e-06 -8.02677e-14
9.455 3.81137e-06 -6.47951e-14
9.456 3.32966e-06 -2.602e-14
9.457 2.758e-06 2.28542e-14
9.458 2.17684e-06 6.52456e-14
9.459 1.668e-06 8.52933e-14
9.46 1.30068e-06 7.59687e-14
9.461 1.1197e-06 3.92112e-14
9.462 1.1379e-06 -1.28528e-14
9.463 1.3341e-06 -6.12111e-14
9.464 1.65683e-06 -8.92432e-14
9.465 2.03331e-06 -8.59744e-14
9.466 2.38195e-06 -5.23877e-14
9.467 2.62632e-06 1.94819e-15
9.468 2.70818e-06 5.76102e-14
9.469 2.59729e-06 9.40109e-14
9.47 2.29645e-06 9.72207e-14
9.471 1.84078e-06 6.59535e-14
9.472 1.29159e-06 1.04643e-14
9.473 7.2575e-07 -5.12783e-14
9.474 2.22488e-07 -9.60329e-14
9.475 -1.5009e-07 -1.08278e-13
9.476 -3.46525e-07 -8.32396e-14
9.477 -3.51574e-07 -2.69072e-14
9.478 -1.82582e-07 4.03708e-14
9.479 1.13723e-07 9.60976e-14
9.48 4.694e-07 1.19359e-13
9.481 8.07023e-07 1.01218e-13
9.482 1.05292e-06 4.72355e-14
9.483 1.14968e-06 -2.56648e-14
9.484 1.06574e-06 -9.12646e-14
9.485 8.00557e-07 -1.26427e-13
9.486 3.84428e-07 -1.18468e-13
9.487 -1.26962e-07 -7.03553e-14
9.488 -6.6221e-07 3.53408e-15
9.489 -1.14647e-06 7.81772e-14
9.49 -1.51421e-06 1.2676e-13
9.491 -1.72022e-06 1.32696e-13
9.492 -1.74713e-06 9.23841e-14
9.493 -1.60804e-06 2.07538e-14
9.494 -1.344e-06 -5.95894e-14
9.495 -1.01677e-06 -1.19139e-13
9.496 -6.98111e-07 -1.39606e-13
9.497 -4.57482e-07 -1.10826e-13
9.498 -3.50286e-07 -4.4751e-14
9.499 -4.08613e-07 3.77035e-14
9.5 -6.36034e-07 1.07404e-13
9.501 -1.00731e-06 1.3977e-13
9.502 -1.47297e-06 1.24445e-13
9.503 -1.96801e-06 6.50157e-14
9.504 -2.42305e-06 -1.64922e-14
9.505 -2.77619e-06 -9.16224e-14
9.506 -2.98341e-06 -1.35267e-13
9.507 -3.02587e-06 -1.31307e-13
9.508 -2.91279e-06 -8.13877e-14
9.509 -2.67959e-06 -2.73859e-15
9.51 -2.38156e-06 7.62909e-14
9.511 -2.08429e-06 1.2937e-13
9.512 -1.85236e-06 1.37218e-13
9.513 -1.73844e-06 9.60804e-14
9.514 -1.77446e-06 2.13876e-14
9.515 -1.96642e-06 -6.12813e-14
9.516 -2.29368e-06 -1.22594e-13
9.517 -2.71276e-06 -1.41582e-13
9.518 -3.16497e-06 -1.10782e-13
9.519 -3.58653e-06 -4.10627e-14
9.52 -3.9195e-06 4.34017e-14
9.521 -4.12148e-06 1.12711e-13
9.522 -4.17269e-06 1.43405e-13
9.523 -4.07903e-06 1.24348e-13
9.524 -3.87082e-06 6.10667e-14
9.525 -3.59738e-06 -2.3005e-14
9.526 -3.31844e-06 -1.00823e-13
9.527 -3.09387e-06 -1.43432e-13
9.528 -2.97358e-06 -1.36303e-13
9.529 -2.98909e-06 -8.13799e-14
9.53 -3.14842e-06 1.94092e-15
9.531 -3.43495e-06 8.48231e-14
9.532 -3.81054e-06 1.38893e-13
9.533 -4.22219e-06 1.44458e-13
9.534 -4.61119e-06 9.98158e-14
9.535 -4.92317e-06 2.03627e-14
9.536 -5.11721e-06 -6.59438e-14
9.537 -5.17273e-06 -1.29859e-13
9.538 -5.0927e-06 -1.47243e-13
9.539 -4.90292e-06 -1.14558e-13
9.54 -4.64743e-06 -4.12247e-14
9.541 -4.38085e-06 4.65873e-14
9.542 -4.15903e-06 1.18489e-13
9.543 -4.02955e-06 1.49445e-13
9.544 -4.02373e-06 1.28386e-13
9.545 -4.15152e-06 6.2311e-14
9.546 -4.39997e-06 -2.57069e-14
9.547 -4.73565e-06 -1.05799e-13
9.548 -5.11052e-06 -1.50123e-13
9.549 -5.47019e-06 -1.42431e-13
9.55 -5.76317e-06 -8.58083e-14
9.551 -5.94961e-06 1.37525e-15
9.552 -6.00791e-06 8.8579e-14
9.553 -5.93821e-06 1.45232e-13
9.554 -5.76221e-06 1.5179e-13
9.555 -5.51925e-06 1.07316e-13
9.556 -5.25954e-06 2.59736e-14
9.557 -5.03558e-06 -6.35298e-14
9.558 -4.8932e-06 -1.31693e-13
9.559 -4.8639e-06 -1.54861e-13
9.56 -4.95963e-06 -1.25327e-13
9.561 -5.17096e-06 -5.35277e-14
9.562 -5.46878e-06 3.60355e-14
9.563 -5.80949e-06 1.12802e-13
9.564 -6.1424e-06 1.48764e-13
9.565 -6.41842e-06 1.35548e-13
9.566 -6.59832e-06 7.50901e-14
9.567 -6.6593e-06 -9.93621e-15
9.568 -6.5987e-06 -8.99472e-14
9.569 -6.43428e-06 -1.3862e-13
9.57 -6.20107e-06 -1.39296e-13
9.571 -5.9453e-06 -9.28365e-14
9.572 -5.71647e-06 -1.45017e-14
9.573 -5.55901e-06 6.67405e-14
9.574 -5.50475e-06 1.25882e-13
9.575 -5.56768e-06 1.40691e-13
9.576 -5.74173e-06 1.0798e-13
9.577 -6.00195e-06 3.89477e-14
9.578 -6.30887e-06 -4.24792e-14
9.579 -6.61532e-06 -1.08543e-13
9.58 -6.87443e-06 -1.36878e-13
9.581 -7.0476e-06 -1.18198e-13
9.582 -7.1109e-06 -6.03416e-14
9.583 -7.05902e-06 1.63399e-14
9.584 -6.90599e-06 8.70108e-14
9.585 -6.68269e-06 1.26495e-13
9.586 -6.43141e-06 1.22373e-13
9.587 -6.19866e-06 7.73142e-14
9.588 -6.02723e-06 8.33591e-15
9.589 -5.94903e-06 -6.16898e-14
9.59 -5.97973e-06 -1.09357e-13
9.591 -6.11634e-06 -1.18168e-13
9.592 -6.3378e-06 -8.6669e-14
9.593 -6.60879e-06 -2.72954e-14
9.594 -6.88581e-06 3.83491e-14
9.595 -7.12463e-06 9.02355e-14
9.596 -7.28776e-06 1.09275e-13
9.597 -7.35079e-06 9.06202e-14
9.598 -7.30634e-06 4.1444e-14
9.599 -7.16515e-06 -2.09173e-14
9.6 -6.95408e-06 -7.27963e-14
9.601 -6.71138e-06 -9.9473e-14
9.602 -6.48006e-06 -9.19017e-14
9.603 -6.30057e-06 -5.26304e-14
9.604 -6.20395e-06 2.46175e-15
9.605 -6.20664e-06 5.41278e-14
9.606 -6.30791e-06 8.66373e-14
9.607 -6.49013e-06 8.76127e-14
9.608 -6.72201e-06 6.0412e-14
9.609 -6.96407e-06 1.32672e-14
9.61 -7.17547e-06 -3.68571e-14
9.611 -7.32097e-06 -7.191e-14
9.612 -7.3769e-06 -8.09929e-14
9.613 -7.335e-06 -6.2473e-14
9.614 -7.20367e-06 -2.36801e-14
9.615 -7.00631e-06 2.19728e-14
9.616 -6.7771e-06 5.79966e-14
9.617 -6.55503e-06 7.29357e-14
9.618 -6.37716e-06 6.33141e-14
9.619 -6.2723e-06 3.24871e-14
9.62 -6.25619e-06 -8.22013e-15
9.621 -6.32896e-06 -4.48587e-14
9.622 -6.4754e-06 -6.44872e-14
9.623 -6.66771e-06 -6.21714e-14
9.624 -6.87053e-06 -3.9122e-14
9.625 -7.0471e-06 -3.60176e-15
9.626 -7.16563e-06 3.17829e-14
9.627 -7.2047e-06 5.37898e-14
9.628 -7.1568e-06 5.72539e-14
9.629 -7.0294e-06 4.18632e-14
9.63 -6.84347e-06 1.33634e-14
9.631 -6.62958e-06 -1.83419e-14
9.632 -6.42254e-06 -4.25631e-14
9.633 -6.25523e-06 -5.08144e-14
9.634 -6.15297e-06 -4.26786e-14
9.635 -6.12922e-06 -2.03207e-14
9.636 -6.18346e-06 7.06417e-15
9.637 -6.30148e-06 3.1196e-14
9.638 -6.45807e-06 4.37593e-14
9.639 -6.62163e-06 4.15085e-14
9.64 -6.75972e-06 2.69109e-14
9.641 -6.84481e-06 4.09738e-15
9.642 -6.85895e-06 -1.91163e-14
9.643 -6.7968e-06 -3.48678e-14
9.644 -6.66634e-06 -3.98081e-14
9.645 -6.48726e-06 -3.18228e-14
9.646 -6.28731e-06 -1.40745e-14
9.647 -6.09732e-06 5.63689e-15
9.648 -5.9457e-06 2.19246e-14
9.649 -5.85353e-06 3.22608e-14
9.65 -5.83092e-06 3.16286e-14
9.651 -5.87544e-06 2.27309e-14
9.652 -5.97277e-06 7.9687e-15
9.653 -6.09936e-06 -8.15573e-15
9.654 -6.22681e-06 -2.15486e-14
9.655 -6.32691e-06 -2.75727e-14
9.656 -6.37666e-06 -2.48518e-14
9.657 -6.36226e-06 -1.68936e-14
9.658 -6.28138e-06 -3.34077e-15
9.659 -6.14343e-06 1.19477e-14
9.66 -5.96766e-06 2.33825e-14
9.661 -5.77961e-06 2.68921e-14
9.662 -5.60647e-06 2.39656e-14
9.663 -5.47224e-06 1.32461e-14
9.664 -5.39348e-06 -2.26538e-15
9.665 -5.37649e-06 -1.76935e-14
9.666 -5.4164e-06 -2.91701e-14
9.667 -5.49814e-06 -3.27119e-14
9.668 -5.59937e-06 -2.69677e-14
9.669 -5.69452e-06 -1.24581e-14
9.67 -5.75943e-06 7.36392e-15
9.671 -5.77567e-06 2.67189e-14
9.672 -5.73368e-06 3.98731e-14
9.673 -5.63439e-06 4.11969e-14
9.674 -5.48886e-06 2.95722e-14
9.675 -5.31612e-06 8.38522e-15
9.676 -5.1397e-06 -1.75252e-14
9.677 -4.98326e-06 -3.9294e-14
9.678 -4.86643e-06 -4.99685e-14
9.679 -4.80129e-06 -4.53895e-14
9.68 -4.7904e-06 -2.70408e-14
9.681 -4.82645e-06 2.87587e-15
9.682 -4.89379e-06 3.23811e-14
9.683 -4.97132e-06 5.31846e-14
9.684 -5.03643e-06 5.75304e-14
9.685 -5.06909e-06 4.3401e-14
9.686 -5.05536e-06 1.41107e-14
9.687 -4.98982e-06 -2.17441e-14
9.688 -4.8764e-06 -5.11927e-14
9.689 -4.72748e-06 -6.53272e-14
9.69 -4.56152e-06 -5.81771e-14
9.691 -4.39961e-06 -3.13484e-14
9.692 -4.26161e-06 7.34474e-15
9.693 -4.16264e-06 4.51362e-14
9.694 -4.11037e-06 6.95689e-14
9.695 -4.10383e-06 7.0934e-14
9.696 -4.13376e-06 4.89578e-14
9.697 -4.18444e-06 9.42996e-15
9.698 -4.23668e-06 -3.42039e-14
9.699 -4.27138e-06 -6.90149e-14
9.7 -4.27297e-06 -7.96072e-14
9.701 -4.23222e-06 -6.47267e-14
9.702 -4.14771e-06 -2.62198e-14
9.703 -4.02599e-06 2.14324e-14
9.704 -3.88016e-06 6.30213e-14
9.705 -3.72736e-06 8.39508e-14
9.706 -3.58554e-06 7.65135e-14
9.707 -3.47016e-06 4.18221e-14
9.708 -3.39139e-06 -7.61971e-15
9.709 -3.35242e-06 -5.65402e-14
9.71 -3.34898e-06 -8.68114e-14
9.711 -3.37032e-06 -8.74207e-14
9.712 -3.40136e-06 -5.73287e-14
9.713 -3.42555e-06 -6.46771e-15
9.714 -3.428e-06 4.83853e-14
9.715 -3.39819e-06 8.73197e-14
9.716 -3.33182e-06 9.74521e-14
9.717 -3.23149e-06 7.29782e-14
9.718 -3.10602e-06 2.26681e-14
9.719 -2.96871e-06 -3.78189e-14
9.72 -2.83472e-06 -8.64525e-14
9.721 -2.7182e-06 -1.05478e-13
9.722 -2.62964e-06 -8.94821e-14
9.723 -2.57399e-06 -4.03243e-14
9.724 -2.54983e-06 2.46071e-14
9.725 -2.54981e-06 8.24e-14
9.726 -2.5621e-06 1.13809e-13
9.727 -2.57278e-06 1.0548e-13
9.728 -2.5685e-06 6.03887e-14
9.729 -2.539e-06 -6.94094e-15
9.73 -2.47905e-06 -7.38321e-14
9.731 -2.38933e-06 -1.17063e-13
9.732 -2.2762e-06 -1.19901e-13
9.733 -2.15038e-06 -8.20183e-14
9.734 -2.02488e-06 -1.46961e-14
9.735 -1.91241e-06 5.9329e-14
9.736 -1.82296e-06 1.14237e-13
9.737 -1.76195e-06 1.3102e-13
9.738 -1.72921e-06 1.02912e-13
9.739 -1.71911e-06 3.79419e-14
9.74 -1.72171e-06 -4.09696e-14
9.741 -1.72473e-06 -1.07966e-13
9.742 -1.71594e-06 -1.38458e-13
9.743 -1.68554e-06 -1.21058e-13
9.744 -1.62804e-06 -6.11942e-14
9.745 -1.54326e-06 2.00699e-14
9.746 -1.43632e-06 9.70761e-14
9.747 -1.31663e-06 1.40776e-13
9.748 -1.196e-06 1.3625e-13
9.749 -1.08635e-06 8.51939e-14
9.75 -9.97392e-07 3.75244e-15
9.751 -9.34747e-07 -8.03976e-14
9.752 -8.98894e-07 -1.36488e-13
9.753 -8.851e-07 -1.45551e-13
9.754 -8.84366e-07 -1.03512e-13
9.755 -8.85207e-07 -2.6031e-14
9.756 -8.75899e-07 6.14293e-14
9.757 -8.46771e-07 1.27966e-13
9.758 -7.9209e-07 1.49205e-13
9.759 -7.11173e-07 1.18412e-13
9.76 -6.08511e-07 4.58387e-14
9.761 -4.92887e-07 -4.39349e-14
9.762 -3.75657e-07 -1.19427e-13
9.763 -2.68523e-07 -1.531e-13
9.764 -1.81241e-07 -1.32972e-13
9.765 -1.19702e-07 -6.62656e-14
9.766 -8.47727e-08 2.51067e-14
9.767 -7.21052e-08 1.08182e-13
9.768 -7.29754e-08 1.55036e-13
9.769 -7.59784e-08 1.47965e-13
9.77 -6.92589e-08 8.93686e-14
9.771 -4.28421e-08 -1.28372e-15
9.772 9.38735e-09 -9.3608e-14
9.773 8.84492e-08 -1.5408e-13
9.774 1.90019e-07 -1.61565e-13
9.775 3.05224e-07 -1.12512e-13
9.776 4.2234e-07 -2.31537e-14
9.777 5.2906e-07 7.4477e-14
9.778 6.1491e-07 1.47751e-13
9.779 6.73324e-07 1.70155e-13
9.78 7.02993e-07 1.32913e-13
9.781 7.082e-07 4.88665e-14
9.782 6.98065e-07 -5.22451e-14
9.783 6.84843e-07 -1.362e-13
9.784 6.81576e-07 -1.73804e-13
9.785 6.99567e-07 -1.51458e-13
9.786 7.46136e-07 -7.69549e-14
9.787 8.2312e-07 2.51117e-14
9.788 9.26408e-07 1.19553e-13
9.789 1.04662e-06 1.71874e-13
9.79 1.1708e-06 1.65102e-13
9.791 1.28487e-06 1.01149e-13
9.792 1.37629e-06 3.08488e-15
9.793 1.43655e-06 -9.63021e-14
9.794 1.46285e-06 -1.60893e-13
9.795 1.45876e-06 -1.69626e-13
9.796 1.43371e-06 -1.18972e-13
9.797 1.40129e-06 -2.82868e-14
9.798 1.37677e-06 7.41965e-14
9.799 1.37419e-06 1.49202e-13
9.8 1.40371e-06 1.71581e-13
9.801 1.4696e-06 1.33715e-13
9.802 1.56927e-06 4.92231e-14
9.803 1.69365e-06 -5.21057e-14
9.804 1.82873e-06 -1.36772e-13
9.805 1.95812e-06 -1.72097e-13
9.806 2.06607e-06 -1.48239e-13
9.807 2.1404e-06 -7.15891e-14
9.808 2.17487e-06 2.96057e-14
9.809 2.17047e-06 1.20355e-13
9.81 2.13533e-06 1.68522e-13
9.811 2.08336e-06 1.57337e-13
9.812 2.03175e-06 9.12637e-14
9.813 1.99789e-06 -7.31899e-15
9.814 1.9961e-06 -1.03142e-13
9.815 2.03495e-06 -1.62468e-13
9.816 2.11561e-06 -1.63395e-13
9.817 2.23152e-06 -1.07261e-13
9.818 2.36947e-06 -1.21257e-14
9.819 2.51196e-06 8.71995e-14
9.82 2.64035e-06 1.55691e-13
9.821 2.73826e-06 1.68541e-13
9.822 2.79458e-06 1.22235e-13
9.823 2.80561e-06 3.22389e-14
9.824 2.77574e-06 -7.01858e-14
9.825 2.71679e-06 -1.46917e-13
9.826 2.64587e-06 -1.72938e-13
9.827 2.58232e-06 -1.362e-13
9.828 2.54421e-06 -5.14645e-14
9.829 2.545e-06 5.19674e-14
9.83 2.5911e-06 1.3632e-13
9.831 2.68063e-06 1.72669e-13
9.832 2.80374e-06 1.48427e-13
9.833 2.94437e-06 7.03445e-14
9.834 3.08312e-06 -3.29789e-14
9.835 3.20081e-06 -1.25041e-13
9.836 3.28195e-06 -1.74234e-13
9.837 3.31757e-06 -1.61019e-13
9.838 3.30688e-06 -9.05928e-14
9.839 3.25741e-06 1.21881e-14
9.84 3.18365e-06 1.11727e-13
9.841 3.10439e-06 1.7293e-13
9.842 3.03932e-06 1.74097e-13
9.843 3.00542e-06 1.13439e-13
9.844 3.01385e-06 1.26891e-14
9.845 3.06796e-06 -9.30897e-14
9.846 3.16263e-06 -1.68118e-13
9.847 3.28527e-06 -1.83252e-13
9.848 3.41812e-06 -1.34866e-13
9.849 3.54153e-06 -3.90191e-14
9.85 3.63754e-06 7.17037e-14
9.851 3.69321e-06 1.56625e-13
9.852 3.70293e-06 1.87176e-13
9.853 3.66949e-06 1.50882e-13
9.854 3.60349e-06 6.23399e-14
9.855 3.52138e-06 -4.85843e-14
9.856 3.44243e-06 -1.40919e-13
9.857 3.38513e-06 -1.85056e-13
9.858 3.36383e-06 -1.62209e-13
9.859 3.38607e-06 -8.33231e-14
9.86 3.45121e-06 2.64936e-14
9.861 3.55059e-06 1.26511e-13
9.862 3.66916e-06 1.82977e-13
9.863 3.78822e-06 1.73901e-13
9.864 3.88898e-06 1.0336e-13
9.865 3.95597e-06 -5.23881e-15
9.866 3.97993e-06 -1.10993e-13
9.867 3.9595e-06 -1.80212e-13
9.868 3.90146e-06 -1.85715e-13
9.869 3.81946e-06 -1.26136e-13
9.87 3.7315e-06 -2.08755e-14
9.871 3.65654e-06 9.16513e-14
9.872 3.61105e-06 1.7349e-13
9.873 3.60589e-06 1.94874e-13
9.874 3.64438e-06 1.47006e-13
9.875 3.72162e-06 4.71495e-14
9.876 3.82545e-06 -7.00044e-14
9.877 3.93868e-06 -1.62581e-13
9.878 4.04228e-06 -1.98451e-13
9.879 4.11891e-06 -1.65021e-13
9.88 4.15607e-06 -7.27041e-14
9.881 4.14849e-06 4.59286e-14
9.882 4.09903e-06 1.49825e-13
9.883 4.01816e-06 2.01492e-13
9.884 3.92206e-06 1.83272e-13
9.885 3.82962e-06 1.00283e-13
9.886 3.75896e-06 -1.89095e-14
9.887 3.72409e-06 -1.33173e-13
9.888 3.73239e-06 -2.02425e-13
9.889 3.78322e-06 -2.00942e-13
9.89 3.86808e-06 -1.30583e-13
9.891 3.97215e-06 -1.30599e-14
9.892 4.07707e-06 1.09178e-13
9.893 4.16426e-06 1.9467e-13
9.894 4.21831e-06 2.13849e-13
9.895 4.22981e-06 1.59097e-13
9.896 4.19701e-06 4.81612e-14
9.897 4.12613e-06 -7.95341e-14
9.898 4.03015e-06 -1.79801e-13
9.899 3.92647e-06 -2.17852e-13
9.9 3.83364e-06 -1.80141e-13
9.901 3.76808e-06 -7.94622e-14
9.902 3.74104e-06 4.89699e-14
9.903 3.75665e-06 1.60492e-13
9.904 3.81124e-06 2.16455e-13
9.905 3.89403e-06 1.96992e-13
9.906 3.98921e-06 1.08609e-13
9.907 4.07883e-06 -1.77003e-14
9.908 4.14607e-06 -1.38632e-13
9.909 4.17828e-06 -2.11647e-13
9.91 4.16919e-06 -2.12704e-13
9.911 4.11997e-06 -1.39651e-13
9.912 4.03891e-06 -1.76601e-14
9.913 3.9398e-06 1.12034e-13
9.914 3.83932e-06 2.02196e-13
9.915 3.75405e-06 2.24189e-13
9.916 3.69738e-06 1.68737e-13
9.917 3.67723e-06 5.53728e-14
9.918 3.69467e-06 -7.57394e-14
9.919 3.74391e-06 -1.82526e-13
9.92 3.81348e-06 -2.25026e-13
9.921 3.88844e-06 -1.90419e-13
9.922 3.95318e-06 -9.18407e-14
9.923 3.9943e-06 3.89029e-14
9.924 4.00292e-06 1.54429e-13
9.925 3.97627e-06 2.16218e-13
9.926 3.91796e-06 2.02104e-13
9.927 3.83718e-06 1.19275e-13
9.928 3.74682e-06 -4.18348e-15
9.929 3.66106e-06 -1.25105e-13
9.93 3.59266e-06 -2.02008e-13
9.931 3.55069e-06 -2.0805e-13
9.932 3.53897e-06 -1.41849e-13
9.933 3.55553e-06 -2.70373e-14
9.934 3.5932e-06 9.66503e-14
9.935 3.64108e-06 1.84302e-13
9.936 3.68673e-06 2.08828e-13
9.937 3.71854e-06 1.60041e-13
9.938 3.72789e-06 5.62469e-14
9.939 3.71066e-06 -6.68586e-14
9.94 3.66783e-06 -1.66937e-13
9.941 3.60512e-06 -2.07773e-13
9.942 3.53172e-06 -1.75574e-13
9.943 3.45839e-06 -8.2816e-14
9.944 3.39535e-06 3.83106e-14
9.945 3.35032e-06 1.453e-13
9.946 3.32713e-06 2.02391e-13
9.947 3.3251e-06 1.87935e-13
9.948 3.33939e-06 1.08538e-13
9.949 3.36206e-06 -9.28513e-15
9.95 3.38377e-06 -1.23016e-13
9.951 3.39569e-06 -1.93435e-13
9.952 3.39126e-06 -1.95251e-13
9.953 3.36738e-06 -1.28921e-13
9.954 3.32501e-06 -1.8278e-14
9.955 3.26875e-06 9.83314e-14
9.956 3.20587e-06 1.80939e-13
9.957 3.14471e-06 2.00099e-13
9.958 3.09294e-06 1.49584e-13
9.959 3.056e-06 4.7316e-14
9.96 3.036e-06 -7.19763e-14
9.961 3.03134e-06 -1.65131e-13
9.962 3.03713e-06 -2.0117e-13
9.963 3.04625e-06 -1.67547e-13
9.964 3.05088e-06 -7.59605e-14
9.965 3.04417e-06 4.18966e-14
9.966 3.02169e-06 1.44326e-13
9.967 2.98236e-06 1.96813e-13
9.968 2.92869e-06 1.78963e-13
9.969 2.86624e-06 1.0005e-13
9.97 2.8025e-06 -1.24103e-14
9.971 2.74526e-06 -1.19532e-13
9.972 2.70097e-06 -1.84335e-13
9.973 2.67335e-06 -1.85349e-13
9.974 2.66258e-06 -1.20966e-13
9.975 2.66513e-06 -1.50045e-14
9.976 2.67451e-06 9.62631e-14
9.977 2.68255e-06 1.73118e-13
9.978 2.68105e-06 1.88652e-13
9.979 2.66357e-06 1.37353e-13
9.98 2.6268e-06 3.99199e-14
9.981 2.57134e-06 -7.38151e-14
9.982 2.5017e-06 -1.60361e-13
9.983 2.42548e-06 -1.91064e-13
9.984 2.35188e-06 -1.54681e-13
9.985 2.28986e-06 -6.45182e-14
9.986 2.24624e-06 4.74172e-14
9.987 2.22428e-06 1.42438e-13
9.988 2.22282e-06 1.88721e-13
9.989 2.23644e-06 1.6893e-13
9.99 2.25634e-06 9.02803e-14
9.991 2.2721e-06 -1.92025e-14
9.992 2.27368e-06 -1.2252e-13
9.993 2.25352e-06 -1.82385e-13
9.994 2.20816e-06 -1.77913e-13
9.995 2.13905e-06 -1.11897e-13
9.996 2.05253e-06 -7.19078e-15
9.997 1.95865e-06 1.00088e-13
9.998 1.86932e-06 1.72404e-13
9.999 1.79601e-06 1.84961e-13
10 1.74742e-06 1.33382e-13
