0.001 6.37506e-22 -0.00558746
0.002 4.30622e-21 -0.00558746
0.003 1.40386e-20 -0.00558746
0.004 3.06683e-20 -0.00558746
0.005 5.27008e-20 -0.00558746
0.006 7.83543e-20 -0.00558746
0.007 1.06456e-19 -0.00558746
0.008 1.36307e-19 -0.00558746
0.009 1.67501e-19 -0.00558746
0.01 1.99806e-19 -0.00558746
0.011 2.3309e-19 -0.00558746
0.012 2.67279e-19 -0.00558746
0.013 3.02327e-19 -0.00558746
0.014 3.38168e-19 -0.00558746
0.015 3.74555e-19 -0.00558746
0.016 4.10886e-19 -0.00558746
0.017 4.46452e-19 -0.00558746
0.018 4.81032e-19 -0.00558746
0.019 5.14875e-19 -0.00558746
0.02 5.47783e-19 -0.00558746
0.021 5.78615e-19 -0.00558746
0.022 6.06381e-19 -0.00558746
0.023 6.32481e-19 -0.00558746
0.024 6.61526e-19 -0.00558746
0.025 6.97735e-19 -0.00558746
0.026 7.39649e-19 -0.00558746
0.027 4.83463e-19 -0.00558746
0.028 -2.81926e-19 -0.00558746
0.029 -1.07731e-18 -0.00558746
0.03 -1.25392e-18 -0.00558746
0.031 -6.9583e-19 -0.00558746
0.032 3.67643e-20 -0.00558746
0.033 5.35741e-19 -0.00558746
0.034 8.47833e-19 -0.00558746
0.035 1.03631e-18 -0.00558746
0.036 1.12694e-18 -0.00558746
0.037 1.09621e-18 -0.00558746
0.038 9.10992e-19 -0.00558746
0.039 -1.87348e-22 -0.00558746
0.04 -1.96202e-18 -0.00558746
0.041 -3.88729e-18 -0.00558746
0.042 -4.3622e-18 -0.00558746
0.043 -3.1501e-18 -0.00558746
0.044 -1.48918e-18 -0.00558746
0.045 -3.06309e-19 -0.00558746
0.046 4.62262e-19 -0.00558746
0.047 9.58821e-19 -0.00558746
0.048 1.28448e-18 -0.00558746
0.049 1.50182e-18 -0.00558746
0.05 1.64817e-18 -0.00558746
0.051 1.7459e-18 -0.00558746
0.052 1.80906e-18 -0.00558746
0.053 1.84736e-18 -0.00558746
0.054 1.86662e-18 -0.00558746
0.055 1.86695e-18 -0.00558746
0.056 1.84324e-18 -0.00558746
0.057 1.79074e-18 -0.00558746
0.058 1.71185e-18 -0.00558746
0.059 1.6191e-18 -0.00558746
0.06 1.53128e-18 -0.00558746
0.061 1.46466e-18 -0.00558746
0.062 1.4268e-18 -0.00558746
0.063 1.41733e-18 -0.00558746
0.064 1.43221e-18 -0.00558746
0.065 1.46665e-18 -0.00558746
0.066 1.5163e-18 -0.00558745
0.067 1.57749e-18 -0.00558744
0.068 1.64716e-18 -0.00558741
0.069 1.72282e-18 -0.00558736
0.07 1.8025e-18 -0.00558727
0.071 1.88465e-18 -0.00558711
0.072 1.96811e-18 -0.00558682
0.073 -3.2077e-19 -0.0055863
0.074 -6.61153e-18 -0.00558542
0.075 -1.29965e-17 -0.00558391
0.076 -1.66015e-17 -0.00558142
0.077 -1.59818e-17 -0.00557733
0.078 -1.05696e-17 -0.00557077
0.079 -4.82311e-18 -0.00556043
0.08 -1.79873e-18 -0.00554439
0.081 -7.59909e-19 -0.00551998
0.082 -8.04117e-19 -0.00548353
0.083 -1.18242e-18 -0.00543006
0.084 -1.34619e-18 -0.00535313
0.085 -1.10608e-18 -0.00524455
0.086 -5.61033e-19 -0.00509429
0.087 1.35639e-19 -0.00489051
0.088 8.74029e-19 -0.00461984
0.089 1.56877e-18 -0.00426799
0.09 2.13296e-18 -0.00382072
0.091 2.48144e-18 -0.00326531
0.092 2.56936e-18 -0.00259244
0.093 2.42708e-18 -0.00179838
0.094 2.14686e-18 -0.000887426
0.095 1.82943e-18 0.000125901
0.096 1.54022e-18 0.00121511
0.097 1.30257e-18 0.00234105
0.098 1.1133e-18 0.00345263
0.099 9.59312e-19 0.0044895
0.1 8.28379e-19 0.00538665
0.101 7.13986e-19 0.00608107
0.102 6.15336e-19 0.00651972
0.103 5.34582e-19 0.00666812
0.104 4.74097e-19 0.006518
0.105 4.35258e-19 0.00609275
0.106 4.18338e-19 0.00544893
0.107 4.226e-19 0.00467288
0.108 4.46285e-19 0.00387186
0.109 4.86835e-19 0.00316031
0.11 5.41657e-19 0.00264284
0.111 6.09182e-19 0.00239651
0.112 6.89429e-19 0.00245587
0.113 7.83382e-19 0.00280409
0.114 8.91288e-19 0.00337275
0.115 1.01089e-18 0.00405174
0.116 1.13666e-18 0.00470843
0.117 1.26033e-18 0.00521304
0.118 1.37239e-18 0.00546551
0.119 1.46399e-18 0.00541788
0.12 1.52883e-18 0.00508673
0.121 1.56524e-18 0.00455167
0.122 1.57852e-18 0.00393918
0.123 1.58287e-18 0.00339426
0.124 1.60042e-18 0.00304617
0.125 1.65558e-18 0.00297626
0.126 1.76675e-18 0.00319647
0.127 1.94026e-18 0.00364476
0.128 2.16892e-18 0.00419978
0.129 2.43472e-18 0.00471203
0.13 2.71322e-18 0.00504381
0.131 2.97832e-18 0.00510729
0.132 3.20647e-18 0.00488988
0.133 3.37993e-18 0.0044588
0.134 3.48887e-18 0.00394265
0.135 3.53199e-18 0.00349443
0.136 3.51552e-18 0.00324624
0.137 3.45097e-18 0.00326924
0.138 3.35205e-18 0.00355136
0.139 3.23168e-18 0.00400036
0.14 3.09984e-18 0.00447223
0.141 2.96268e-18 0.00481659
0.142 2.82286e-18 0.004925
0.143 2.68095e-18 0.00476644
0.144 2.53717e-18 0.00439788
0.145 2.39298e-18 0.00394565
0.146 2.25188e-18 0.00356327
0.147 2.11917e-18 0.00337936
0.148 2.00083e-18 0.00345353
0.149 1.90182e-18 0.00375558
0.15 1.82447e-18 0.00417596
0.151 1.76761e-18 0.00456428
0.152 1.7268e-18 0.00478286
0.153 1.69557e-18 0.0047561
0.154 1.66746e-18 0.00449785
0.155 1.63797e-18 0.00410633
0.156 1.60596e-18 0.00372787
0.157 1.5737e-18 0.00350267
0.158 1.54578e-18 0.00351234
0.159 1.52712e-18 0.00374937
0.16 1.52078e-18 0.00412011
0.161 1.52654e-18 0.00448074
0.162 1.54057e-18 0.00469271
0.163 1.55663e-18 0.00467635
0.164 1.56805e-18 0.0044417
0.165 1.57007e-18 0.00408433
0.166 1.55691e-18 0.00374727
0.167 1.50246e-18 0.00356409
0.168 1.33432e-18 0.00360554
0.169 9.49466e-19 0.00385144
0.17 -9.19803e-18 0.0041992
0.171 -3.55535e-17 0.00450586
0.172 -6.22903e-17 0.0046467
0.173 -6.79707e-17 0.00456641
0.174 -4.90675e-17 0.00430154
0.175 -2.53367e-17 0.00396489
0.176 -1.16664e-17 0.00369804
0.177 -6.52933e-18 0.00361185
0.178 -6.53184e-18 0.00373992
0.179 -8.86546e-18 0.00402483
0.18 -1.12582e-17 0.00434305
0.181 -1.21481e-17 0.0045581
0.182 -1.13493e-17 0.00457921
0.183 -9.68287e-18 0.00440013
0.184 -7.94283e-18 0.0041013
0.185 -6.48791e-18 0.00381438
0.186 -5.30465e-18 0.00366446
0.187 -3.99777e-18 0.00371526
0.188 -1.72789e-18 0.00394155
0.189 2.55988e-18 0.00424087
0.19 1.11762e-17 0.00447946
0.191 2.97062e-17 0.00455197
0.192 6.30914e-17 0.00442836
0.193 1.08031e-16 0.0041668
0.194 1.91744e-16 0.00388688
0.195 3.65194e-16 0.00371525
0.196 5.77722e-16 0.00372816
0.197 7.00814e-16 0.00391719
0.198 1.56771e-15 0.00419374
0.199 3.84956e-15 0.00443007
0.2 2.32048e-15 0.00451827
0.201 -1.38522e-15 0.00441973
0.202 -2.05302e-15 0.00418248
0.203 -2.73372e-15 0.00391827
0.204 -2.74698e-15 0.00375022
0.205 -7.88405e-15 0.00375535
0.206 -4.42946e-15 0.00392896
0.207 -2.07035e-15 0.00418748
0.208 -2.79697e-16 0.00440832
0.209 6.68918e-15 0.00448791
0.21 6.33876e-15 0.00439049
0.211 5.08639e-15 0.0041645
0.212 4.08274e-15 0.00391894
0.213 2.04339e-15 0.00377097
0.214 9.2483e-16 0.00378998
0.215 1.94047e-16 0.00396475
0.216 -6.46221e-15 0.00420945
0.217 -5.66998e-15 0.00440554
0.218 -4.61491e-15 0.00445912
0.219 -3.35552e-15 0.0043461
0.22 -1.95416e-15 0.00412328
0.221 -8.41522e-16 0.00390016
0.222 6.16389e-15 0.00378528
0.223 5.50583e-15 0.00383328
0.224 4.43209e-15 0.00401873
0.225 3.15339e-15 0.00424915
0.226 1.7348e-15 0.00441095
0.227 6.02917e-16 0.00442544
0.228 -4.19534e-15 0.00428726
0.229 -6.12747e-15 0.00406646
0.23 -4.63769e-15 0.00387321
0.231 -3.21514e-15 0.00380295
0.232 -2.04332e-15 0.00388908
0.233 -7.50347e-16 0.00408691
0.234 3.63512e-15 0.00429654
0.235 6.04934e-15 0.00441317
0.236 4.84111e-15 0.00437957
0.237 3.58395e-15 0.00421432
0.238 1.81442e-15 0.0040019
0.239 5.62884e-16 0.00384965
0.24 -3.70549e-15 0.00383354
0.241 -5.58112e-15 0.00396013
0.242 -4.51195e-15 0.00416379
0.243 -4.73919e-15 0.00434053
0.244 -3.1686e-15 0.00440103
0.245 2.87403e-15 0.00431583
0.246 3.10166e-15 0.00412985
0.247 3.15258e-15 0.00393886
0.248 8.2803e-15 0.00384021
0.249 6.17575e-15 0.00388308
0.25 3.75132e-15 0.00404365
0.251 -3.62012e-15 0.00423793
0.252 -3.95797e-15 0.00436527
0.253 -5.87579e-15 0.00436016
0.254 -8.25098e-15 0.00422561
0.255 -6.05423e-15 0.00403089
0.256 -6.9564e-16 0.00387511
0.257 2.87515e-15 0.00383562
0.258 3.11027e-15 0.00392791
0.259 6.52099e-15 0.00409783
0.26 7.43227e-15 0.00424989
0.261 5.33542e-15 0.00429678
0.262 -1.55123e-15 0.00420419
0.263 -3.30047e-15 0.00400756
0.264 -2.85086e-15 0.00379231
0.265 -6.28549e-15 0.00364785
0.266 -6.84118e-15 0.00361978
0.267 -4.86451e-15 0.00368514
0.268 3.20953e-15 0.0037636
0.269 3.2642e-15 0.00375857
0.27 5.37952e-15 0.00360638
0.271 7.9548e-15 0.00330773
0.272 5.90911e-15 0.00292505
0.273 2.03408e-16 0.00254726
0.274 -2.79368e-15 0.00224102
0.275 -2.93399e-15 0.00201424
0.276 -4.50547e-15 0.0018113
0.277 -3.57945e-15 0.00154236
0.278 -2.89695e-15 0.00113131
0.279 -1.75203e-15 0.000556816
0.28 -1.4233e-15 -0.000135042
0.281 4.87896e-15 -0.000853043
0.282 4.17513e-15 -0.00150581
0.283 3.20246e-15 -0.00204544
0.284 1.64022e-15 -0.00248648
0.285 9.45912e-16 -0.00289052
0.286 -5.5661e-15 -0.00332495
0.287 -4.86199e-15 -0.00381837
0.288 -3.25826e-15 -0.00433713
0.289 -2.01796e-15 -0.00479569
0.29 9.48308e-16 -0.00509576
0.291 1.76988e-15 -0.00517348
0.292 2.53935e-15 -0.0050299
0.293 4.79671e-15 -0.00472893
0.294 3.90307e-15 -0.00436441
0.295 4.75517e-16 -0.00401444
0.296 -1.63339e-15 -0.0037077
0.297 -1.69112e-15 -0.00341949
0.298 -1.57729e-15 -0.00309896
0.299 -1.05515e-15 -0.00271178
0.3 -1.52248e-15 -0.002274
0.301 -1.05231e-15 -0.00185777
0.302 -6.83641e-16 -0.00156445
0.303 4.14291e-16 -0.00147905
0.304 8.13154e-16 -0.00162946
0.305 6.19953e-16 -0.00197221
0.306 8.86397e-16 -0.00241175
0.307 6.84066e-16 -0.00284301
0.308 5.0261e-16 -0.00319458
0.309 3.58603e-16 -0.00345021
0.31 2.57267e-16 -0.00363884
0.311 2.03146e-16 -0.00380063
0.312 1.8515e-16 -0.00394976
0.313 -2.45678e-16 -0.00405603
0.314 -1.39973e-16 -0.00405684
0.315 -4.62554e-17 -0.00389325
0.316 2.11527e-17 -0.0035505
0.317 -3.40528e-16 -0.00307975
0.318 -2.35712e-16 -0.00258763
0.319 -2.06811e-16 -0.00219735
0.32 -2.26173e-16 -0.00200025
0.321 -2.42588e-16 -0.00202179
0.322 -2.43799e-16 -0.0022185
0.323 6.34753e-16 -0.0025056
0.324 1.33569e-15 -0.0027994
0.325 -7.9052e-16 -0.00305163
0.326 9.17655e-17 -0.00325825
0.327 -8.0448e-16 -0.00344075
0.328 -6.87422e-16 -0.00361347
0.329 -9.69831e-16 -0.00375828
0.33 -3.31192e-16 -0.00382332
0.331 -2.39362e-16 -0.00374838
0.332 -2.06175e-16 -0.00350325
0.333 -1.83955e-16 -0.00311711
0.334 2.73903e-16 -0.00268063
0.335 2.15884e-16 -0.00231664
0.336 1.61684e-16 -0.00213229
0.337 5.71642e-16 -0.00217563
0.338 4.66788e-16 -0.00241797
0.339 3.55775e-16 -0.00276997
0.34 2.72261e-16 -0.00312238
0.341 2.20851e-16 -0.00339022
0.342 2.0422e-16 -0.00353883
0.343 2.042e-16 -0.00358139
0.344 2.02377e-16 -0.00355351
0.345 1.92825e-16 -0.00348261
0.346 -1.5761e-15 -0.00337127
0.347 -3.63019e-16 -0.00320418
0.348 7.27073e-16 -0.00297297
0.349 6.34561e-16 -0.00270176
0.35 4.71045e-16 -0.00245497
0.351 3.41091e-16 -0.00231863
0.352 2.34972e-16 -0.00236225
0.353 1.28635e-16 -0.00260043
0.354 6.47745e-18 -0.00297579
0.355 -1.87294e-15 -0.00337442
0.356 -2.00054e-15 -0.00366881
0.357 -1.89489e-15 -0.00376857
0.358 -9.07704e-16 -0.00365504
0.359 7.35954e-16 -0.00338401
0.36 3.33348e-15 -0.00305672
0.361 4.05242e-15 -0.00277517
0.362 3.13822e-15 -0.00260398
0.363 1.89701e-15 -0.00255584
0.364 -1.66626e-15 -0.00260369
0.365 -3.12458e-15 -0.00270814
0.366 -4.03305e-15 -0.00284177
0.367 -7.17455e-16 -0.00299629
0.368 5.994e-16 -0.00317042
0.369 4.91993e-16 -0.00334966
0.37 3.07945e-16 -0.00349422
0.371 5.90022e-16 -0.00354712
0.372 3.56224e-16 -0.00346103
0.373 9.83983e-16 -0.00323019
0.374 1.80049e-16 -0.00290775
0.375 -6.92079e-17 -0.00259538
0.376 5.80397e-16 -0.00240607
0.377 -1.58443e-15 -0.00241597
0.378 -1.95231e-15 -0.00262875
0.379 -1.46522e-15 -0.00297055
0.38 -9.29311e-16 -0.00331926
0.381 -7.56883e-17 -0.00355473
0.382 1.16676e-16 -0.00360639
0.383 6.65822e-16 -0.0034768
0.384 7.41855e-16 -0.00323202
0.385 1.24081e-15 -0.00296673
0.386 1.07402e-15 -0.00276296
0.387 7.55632e-16 -0.00266262
0.388 4.55477e-16 -0.00266402
0.389 2.43624e-16 -0.00273878
0.39 1.1318e-16 -0.00285507
0.391 -4.18845e-16 -0.00299204
0.392 -4.40361e-16 -0.00313834
0.393 -4.57728e-16 -0.00327948
0.394 -4.22556e-16 -0.00338665
0.395 -2.85745e-16 -0.00341887
0.396 -1.18077e-16 -0.00334126
0.397 5.66033e-18 -0.00315033
0.398 7.94753e-17 -0.00289024
0.399 1.17725e-16 -0.00264652
0.4 1.32404e-16 -0.00251541
0.401 1.322e-16 -0.00256101
0.402 1.23576e-16 -0.00278134
0.403 1.1108e-16 -0.00310188
0.404 9.77244e-17 -0.00340259
0.405 7.60925e-17 -0.00356764
0.406 4.13379e-17 -0.00353494
0.407 -4.29985e-16 -0.00332227
0.408 -3.63687e-16 -0.00301776
0.409 -2.7607e-16 -0.00274012
0.41 -2.06873e-16 -0.00258789
0.411 -1.54453e-16 -0.00260171
0.412 3.1587e-16 -0.00275524
0.413 2.37482e-16 -0.00297561
0.414 1.39846e-16 -0.00317998
0.415 7.17599e-17 -0.00330901
0.416 2.78249e-17 -0.00334244
0.417 1.27323e-19 -0.00329378
0.418 -1.76471e-17 -0.00319252
0.419 -3.00619e-17 -0.00306727
0.42 -3.95516e-17 -0.00293926
0.421 -4.7035e-17 -0.00282677
0.422 -3.43411e-17 -0.00275245
0.423 1.01873e-17 -0.00274357
0.424 5.41423e-17 -0.00282083
0.425 7.42633e-17 -0.0029808
0.426 7.75146e-17 -0.00318411
0.427 5.27462e-17 -0.0033607
0.428 -7.64224e-18 -0.00343486
0.429 -6.91403e-17 -0.00336058
0.43 -1.07418e-16 -0.00314956
0.431 -1.29168e-16 -0.00287501
0.432 -1.42097e-16 -0.00264562
0.433 -1.50428e-16 -0.00255919
0.434 -1.45979e-16 -0.0026573
0.435 -1.23931e-16 -0.00290339
0.436 -1.05144e-16 -0.0031963
0.437 -1.06115e-16 -0.00341402
0.438 -1.38588e-16 -0.00346728
0.439 1.95202e-16 -0.00333784
0.44 -5.09998e-17 -0.00308386
0.441 -1.12877e-15 -0.00281079
0.442 -3.62052e-15 -0.00262315
0.443 -2.71374e-15 -0.00258036
0.444 1.02373e-15 -0.00267646
0.445 1.82533e-15 -0.00285042
0.446 2.59926e-15 -0.00301852
0.447 2.22728e-15 -0.00311102
0.448 4.42108e-15 -0.00309601
0.449 5.22236e-15 -0.00298222
0.45 3.04916e-15 -0.0028046
0.451 1.686e-15 -0.00260405
0.452 -1.49634e-15 -0.00241258
0.453 -6.19634e-15 -0.00224915
0.454 -5.39007e-15 -0.00212285
0.455 -6.6459e-15 -0.00203641
0.456 -5.10499e-15 -0.0019844
0.457 2.33192e-15 -0.00194724
0.458 2.51891e-15 -0.0018875
0.459 2.25514e-15 -0.00175606
0.46 4.28021e-15 -0.00150986
0.461 3.75146e-15 -0.00113483
0.462 2.77647e-15 -0.000661161
0.463 1.6041e-15 -0.000159523
0.464 -1.4641e-15 0.000284554
0.465 -1.66445e-15 0.000608546
0.466 -1.64699e-15 0.000804896
0.467 -1.64417e-15 0.000929369
0.468 -3.42245e-15 0.00107861
0.469 -2.69623e-15 0.00134525
0.47 -2.0418e-15 0.00177124
0.471 1.04566e-15 0.0023228
0.472 7.82794e-16 0.00290026
0.473 6.90898e-16 0.00337951
0.474 6.27362e-16 0.00366563
0.475 3.11157e-16 0.00373313
0.476 1.15984e-15 0.00363357
0.477 2.8437e-15 0.00346779
0.478 6.37402e-16 0.00333694
0.479 -1.1746e-15 0.00329647
0.48 -6.49364e-16 0.00333463
0.481 -1.72163e-16 0.00338405
0.482 7.0515e-17 0.00335842
0.483 1.89742e-15 0.00319513
0.484 3.16356e-15 0.00288348
0.485 -6.75184e-17 0.00246734
0.486 -1.00551e-15 0.00202432
0.487 -3.21146e-15 0.00163434
0.488 -4.35416e-15 0.00135314
0.489 -3.24826e-15 0.00120094
0.49 -2.17453e-15 0.00116702
0.491 -8.2783e-16 0.00122348
0.492 4.55632e-15 0.00133878
0.493 6.01856e-15 0.00148563
0.494 4.98617e-15 0.00164308
0.495 3.59587e-15 0.00179681
0.496 2.12018e-15 0.00194084
0.497 1.05919e-15 0.0020804
0.498 -2.32109e-15 0.00223185
0.499 -2.86071e-15 0.0024155
0.5 -8.42731e-15 0.00264135
0.501 -7.08982e-15 0.00289395
0.502 -5.10761e-15 0.003126
0.503 2.0913e-15 0.00326839
0.504 3.30277e-15 0.00325617
0.505 3.33832e-15 0.00306022
0.506 6.80067e-15 0.00270878
0.507 6.93734e-15 0.00228553
0.508 1.55607e-15 0.00190141
0.509 -1.81884e-15 0.00165105
0.51 -2.35825e-15 0.00157406
0.511 -2.13494e-15 0.00164052
0.512 -2.30498e-15 0.00176909
0.513 -3.66171e-15 0.00186989
0.514 -2.60147e-15 0.00189085
0.515 -1.87499e-15 0.00184426
0.516 6.89755e-16 0.0017992
0.517 4.83127e-15 0.00184329
0.518 3.98376e-15 0.00203286
0.519 2.59944e-15 0.00235702
0.52 1.17612e-15 0.00273432
0.521 -3.27007e-15 0.00304446
0.522 -5.30583e-15 0.00317978
0.523 -3.98064e-15 0.00309182
0.524 -2.80769e-15 0.00281103
0.525 -1.52933e-15 0.00243137
0.526 1.60732e-15 0.00206891
0.527 1.84104e-15 0.00181494
0.528 2.25267e-15 0.00170539
0.529 4.33419e-15 0.00171842
0.53 3.37447e-15 0.00179741
0.531 2.48685e-15 0.00188506
0.532 1.85573e-15 0.00195055
0.533 -1.21213e-15 0.00199802
0.534 -4.91829e-15 0.00205534
0.535 -4.1249e-15 0.002152
0.536 -1.93695e-15 0.00229881
0.537 -1.19031e-15 0.00247924
0.538 8.97828e-16 0.0026545
0.539 2.37486e-15 0.00277791
0.54 1.59392e-15 0.00281091
0.541 9.07208e-16 0.00273452
0.542 2.27531e-15 0.00255413
0.543 5.58462e-17 0.00229859
0.544 2.32437e-17 0.00201561
0.545 1.39652e-16 0.00176401
0.546 -1.46097e-15 0.00160235
0.547 -8.83304e-16 0.00157414
0.548 5.30541e-16 0.00169264
0.549 5.92775e-16 0.00193154
0.55 4.01419e-16 0.00222794
0.551 1.6586e-16 0.00250018
0.552 -2.94744e-17 0.00267581
0.553 6.95478e-16 0.00271858
0.554 -5.15779e-16 0.00264154
0.555 -7.66784e-16 0.0024987
0.556 -1.80343e-15 0.00235774
0.557 -3.41309e-15 0.0022667
0.558 -2.753e-15 0.00223169
0.559 -2.2608e-16 0.00221795
0.56 9.65592e-16 0.00217448
0.561 8.89085e-16 0.00206967
0.562 1.63266e-15 0.00191788
0.563 1.42067e-15 0.00178095
0.564 3.01301e-15 0.00174103
0.565 2.54105e-15 0.00185699
0.566 1.98845e-15 0.00212696
0.567 -1.16172e-15 0.00247755
0.568 -2.81849e-15 0.00278831
0.569 -1.29893e-15 0.00294165
0.57 -8.41445e-16 0.00287498
0.571 -5.85705e-16 0.00260995
0.572 4.14981e-16 0.00224401
0.573 2.79272e-16 0.00190841
0.574 1.05372e-16 0.00171242
0.575 -4.18106e-18 0.00170048
0.576 -4.33646e-17 0.00184128
0.577 -1.83804e-17 0.00205158
0.578 2.50402e-17 0.00224073
0.579 5.65129e-17 0.00235229
0.58 8.24804e-17 0.00238292
0.581 1.10825e-16 0.00237154
0.582 1.60658e-16 0.00236778
0.583 2.76423e-16 0.00239865
0.584 4.59711e-16 0.00245179
0.585 6.25468e-16 0.00248349
0.586 1.56133e-15 0.0024459
0.587 3.03775e-15 0.00231769
0.588 1.34121e-15 0.00212146
0.589 1.48319e-15 0.00191868
0.59 -1.87262e-15 0.00178469
0.591 -4.55475e-15 0.00177631
0.592 -3.79118e-15 0.00190721
0.593 -3.84459e-15 0.00214163
0.594 -3.01323e-15 0.00240794
0.595 -2.25979e-15 0.00262493
0.596 -2.55005e-15 0.00272936
0.597 1.51938e-15 0.00269465
0.598 4.81761e-15 0.00253603
0.599 4.68493e-15 0.0023026
0.6 6.22038e-15 0.00206108
0.601 1.39628e-15 0.00187677
0.602 -7.6322e-16 0.0017964
0.603 -4.21854e-16 0.0018365
0.604 -9.14688e-16 0.00197951
0.605 -5.18284e-16 0.00217926
0.606 -1.1542e-15 0.00237512
0.607 -9.44034e-16 0.00251134
0.608 -7.85116e-16 0.00255543
0.609 2.0923e-16 0.00250812
0.61 -2.53401e-15 0.00240032
0.611 -2.18414e-15 0.00227767
0.612 8.84348e-16 0.00217967
0.613 3.28965e-15 0.00212344
0.614 2.40491e-15 0.00210059
0.615 -1.37477e-16 0.00208859
0.616 -2.72081e-16 0.00207014
0.617 -1.91669e-15 0.00204867
0.618 -1.41936e-15 0.00204964
0.619 -8.66555e-16 0.00210503
0.62 -4.89079e-16 0.00222878
0.621 -2.6795e-16 0.00239761
0.622 7.50083e-16 0.00255071
0.623 6.72198e-16 0.00261246
0.624 5.45451e-16 0.00252929
0.625 4.57985e-16 0.00230244
0.626 4.0587e-16 0.00199788
0.627 3.55579e-16 0.00172488
0.628 3.40532e-16 0.00159033
0.629 1.28158e-15 0.00164953
0.63 1.15903e-15 0.00187745
0.631 2.6736e-15 0.00217596
0.632 1.12535e-15 0.00241497
0.633 5.64838e-16 0.00248886
0.634 -6.02377e-16 0.00236139
0.635 -2.35083e-15 0.00207803
0.636 -1.91607e-15 0.00174078
0.637 -3.10691e-15 0.00145874
0.638 -3.18475e-15 0.00129938
0.639 -2.35324e-15 0.00126379
0.64 8.94304e-16 0.00129579
0.641 2.51263e-15 0.00131747
0.642 8.9984e-16 0.00127041
0.643 2.93119e-15 0.00114086
0.644 1.12601e-15 0.000957339
0.645 1.3841e-15 0.000764721
0.646 -1.59204e-15 0.000591782
0.647 -1.13837e-15 0.000431755
0.648 -3.04602e-15 0.000247042
0.649 -3.65488e-15 -5.07837e-06
0.65 1.99808e-15 -0.000341164
0.651 2.77358e-15 -0.000733506
0.652 1.87253e-15 -0.00111671
0.653 9.17026e-16 -0.00141679
0.654 1.03478e-15 -0.00158807
0.655 1.2651e-15 -0.00163844
0.656 -1.07128e-15 -0.00162923
0.657 -1.96364e-15 -0.00164891
0.658 -5.90348e-15 -0.00177271
0.659 -4.47561e-15 -0.00202746
0.66 -2.07505e-15 -0.0023778
0.661 1.58565e-15 -0.00273984
0.662 2.627e-15 -0.00301507
0.663 3.18899e-15 -0.00312922
0.664 5.24302e-15 -0.00305916
0.665 4.93985e-15 -0.00283812
0.666 3.53663e-15 -0.00253911
0.667 1.49991e-15 -0.00224552
0.668 -3.88347e-17 -0.00202169
0.669 -1.90124e-15 -0.00189412
0.67 -4.85109e-15 -0.00184859
0.671 -5.26467e-15 -0.00184139
0.672 -3.71559e-15 -0.00181893
0.673 -8.15863e-16 -0.00173797
0.674 -5.26721e-16 -0.00158023
0.675 1.94058e-15 -0.00135775
0.676 3.7976e-15 -0.00110827
0.677 2.52184e-15 -0.000882871
0.678 2.33361e-15 -0.000729814
0.679 -1.15305e-15 -0.000680036
0.68 -2.97386e-15 -0.000738969
0.681 -4.95657e-15 -0.000887428
0.682 -3.62099e-15 -0.0010908
0.683 -1.44439e-15 -0.00131228
0.684 1.08867e-15 -0.00152428
0.685 2.06976e-15 -0.00171298
0.686 2.59951e-15 -0.00187496
0.687 1.95842e-15 -0.00200921
0.688 4.85348e-15 -0.00211036
0.689 1.95433e-15 -0.00216829
0.69 1.24282e-15 -0.00217483
0.691 -8.21927e-16 -0.00213326
0.692 -1.52619e-15 -0.0020632
0.693 -1.08783e-15 -0.00199544
0.694 -1.55101e-15 -0.00195692
0.695 -1.02452e-15 -0.00195311
0.696 -1.18577e-16 -0.00195853
0.697 8.64543e-17 -0.00192391
0.698 9.65787e-17 -0.00179975
0.699 4.89939e-18 -0.00156656
0.7 -9.96203e-17 -0.00125594
0.701 -6.19256e-16 -0.000948938
0.702 -5.82777e-16 -0.000748349
0.703 -5.01632e-16 -0.000735304
0.704 8.34102e-18 -0.000930009
0.705 1.7268e-15 -0.00127679
0.706 3.0512e-15 -0.00166304
0.707 4.95006e-16 -0.00196524
0.708 -6.11093e-16 -0.00210131
0.709 -3.76572e-15 -0.00206442
0.71 -2.69323e-15 -0.00192158
0.711 -1.28415e-15 -0.0017778
0.712 4.48733e-15 -0.00172332
0.713 3.65152e-15 -0.00178993
0.714 3.35418e-15 -0.0019378
0.715 2.16133e-15 -0.00207815
0.716 3.14658e-16 -0.00211951
0.717 -3.65292e-15 -0.00201357
0.718 -5.68287e-15 -0.0017779
0.719 -6.83947e-15 -0.00148567
0.72 -4.89744e-15 -0.00122959
0.721 -6.67556e-16 -0.00108011
0.722 1.60327e-15 -0.001059
0.723 5.63892e-15 -0.00114007
0.724 5.95845e-15 -0.00127288
0.725 4.13542e-15 -0.00141374
0.726 2.75299e-15 -0.00154557
0.727 1.01755e-15 -0.00167652
0.728 -1.04158e-15 -0.00182069
0.729 -4.19495e-15 -0.00197506
0.73 -5.62903e-15 -0.00210896
0.731 -3.96177e-15 -0.00217415
0.732 -2.65507e-15 -0.00213088
0.733 -1.02092e-15 -0.00197477
0.734 1.76187e-15 -0.00174751
0.735 5.52119e-15 -0.00152329
0.736 3.95627e-15 -0.00137598
0.737 2.52208e-15 -0.00134384
0.738 7.53134e-16 -0.00141083
0.739 -1.26955e-15 -0.00151531
0.74 -1.70441e-15 -0.00158281
0.741 -1.77765e-15 -0.00156611
0.742 -9.17934e-16 -0.00147192
0.743 -2.74683e-16 -0.00135957
0.744 1.51387e-17 -0.00131169
0.745 -4.05958e-17 -0.00139112
0.746 -2.38282e-16 -0.00160559
0.747 4.32297e-16 -0.00189798
0.748 9.20526e-16 -0.00216739
0.749 -4.97561e-16 -0.00231141
0.75 -7.09143e-16 -0.00226978
0.751 -6.47679e-16 -0.00204984
0.752 -1.28381e-15 -0.001723
0.753 7.54075e-17 -0.00139499
0.754 -1.42842e-15 -0.00116427
0.755 -9.86337e-16 -0.00108676
0.756 3.69726e-16 -0.00116074
0.757 3.185e-15 -0.0013357
0.758 2.665e-15 -0.00153853
0.759 3.72324e-15 -0.00170399
0.76 2.80034e-15 -0.00179684
0.761 2.44765e-16 -0.00181812
0.762 -1.73152e-15 -0.00179593
0.763 -1.38664e-15 -0.00176717
0.764 -3.55265e-15 -0.00175911
0.765 -2.58097e-15 -0.00177828
0.766 9.21117e-17 -0.00180989
0.767 3.20704e-16 -0.00182667
0.768 1.1335e-15 -0.00180249
0.769 8.52068e-16 -0.00172495
0.77 5.39783e-16 -0.0016023
0.771 1.15845e-15 -0.00146225
0.772 2.51728e-15 -0.00134331
0.773 1.76478e-15 -0.00128202
0.774 1.84678e-16 -0.00130065
0.775 -4.49458e-15 -0.00139975
0.776 -2.81618e-15 -0.00155792
0.777 -4.60032e-15 -0.00173853
0.778 -2.57701e-15 -0.00190052
0.779 -8.75181e-16 -0.00200903
0.78 2.02455e-15 -0.00204278
0.781 2.44891e-15 -0.0019966
0.782 4.33982e-15 -0.00188024
0.783 -3.10289e-16 -0.00171549
0.784 -6.02139e-16 -0.00153312
0.785 -4.90638e-16 -0.00136957
0.786 5.16745e-16 -0.00126181
0.787 4.81776e-16 -0.00123931
0.788 4.05603e-16 -0.00131398
0.789 3.41882e-16 -0.00147188
0.79 3.10479e-16 -0.00167213
0.791 3.21936e-16 -0.00185649
0.792 3.42669e-16 -0.00196852
0.793 -5.32982e-16 -0.00197572
0.794 -3.75414e-16 -0.00188434
0.795 -2.03588e-16 -0.00173845
0.796 -8.44164e-17 -0.0016015
0.797 -6.56647e-18 -0.00152736
0.798 4.3658e-17 -0.00153455
0.799 7.7144e-17 -0.0015971
0.8 1.0176e-16 -0.00165831
0.801 1.21415e-16 -0.00166184
0.802 1.37011e-16 -0.00158484
0.803 1.4866e-16 -0.00145521
0.804 1.56677e-16 -0.00134204
0.805 1.61552e-16 -0.00132179
0.806 1.63843e-16 -0.00143622
0.807 1.4515e-16 -0.00166377
0.808 9.30727e-17 -0.00192104
0.809 -8.40703e-16 -0.00209614
0.81 -7.06713e-16 -0.00209962
0.811 -5.34766e-16 -0.0019084
0.812 -4.01815e-16 -0.00158064
0.813 -3.22014e-16 -0.00123295
0.814 -2.99085e-16 -0.000990135
0.815 -2.95099e-16 -0.000930869
0.816 5.97227e-16 -0.00105529
0.817 4.48673e-16 -0.00128907
0.818 2.79616e-16 -0.00152061
0.819 1.59036e-16 -0.00165213
0.82 7.61923e-17 -0.00163939
0.821 1.72878e-17 -0.00150227
0.822 -2.65539e-17 -0.00130413
0.823 -5.97394e-17 -0.00111357
0.824 -8.4822e-17 -0.000970154
0.825 -6.66167e-17 -0.000871162
0.826 1.81471e-17 -0.000783715
0.827 1.4324e-16 -0.000672244
0.828 2.48887e-16 -0.000523754
0.829 2.57899e-16 -0.000356095
0.83 1.90449e-15 -0.000205524
0.831 1.3706e-15 -0.000102257
0.832 8.12161e-16 -4.9501e-05
0.833 -2.1825e-15 -1.87543e-05
0.834 -1.86945e-15 3.59305e-05
0.835 -1.40135e-15 0.000153374
0.836 -1.04082e-15 0.000344925
0.837 -7.79041e-16 0.000589951
0.838 -5.97585e-16 0.000849039
0.839 -4.59483e-16 0.00108616
0.84 5.85892e-16 0.00128602
0.841 6.22505e-16 0.00145623
0.842 5.60076e-16 0.00161379
0.843 4.10164e-16 0.00176552
0.844 1.1325e-15 0.00189621
0.845 8.58901e-16 0.00197366
0.846 6.07225e-16 0.00196936
0.847 4.4171e-16 0.00188261
0.848 3.55221e-16 0.00175225
0.849 3.32275e-16 0.00164605
0.85 -5.38197e-16 0.00162991
0.851 -3.67124e-16 0.00173167
0.852 -1.60615e-16 0.00191931
0.853 3.92531e-17 0.00210741
0.854 2.2786e-16 0.00219176
0.855 4.04312e-16 0.00209699
0.856 4.95969e-16 0.00181426
0.857 4.25773e-16 0.00140972
0.858 2.5004e-16 0.000998572
0.859 -7.98729e-16 0.000696229
0.86 -6.66729e-16 0.000569816
0.861 1.35557e-15 0.000612681
0.862 2.89459e-15 0.000753333
0.863 5.58462e-15 0.000893221
0.864 3.08473e-15 0.00095404
0.865 -6.12444e-15 0.000911611
0.866 -9.63163e-15 0.00080111
0.867 -8.24665e-15 0.000693338
0.868 -6.14515e-15 0.000655887
0.869 -3.75851e-15 0.000719528
0.87 1.51797e-15 0.000866043
0.871 9.92547e-15 0.00104186
0.872 9.22348e-15 0.00118853
0.873 6.38888e-15 0.00127326
0.874 -2.65862e-15 0.00130376
0.875 -2.44734e-15 0.00132068
0.876 -1.38676e-15 0.00137248
0.877 -2.87797e-15 0.00148652
0.878 -6.69192e-15 0.00165098
0.879 -2.02595e-16 0.00181674
0.88 4.04037e-15 0.00191794
0.881 4.1532e-15 0.00190134
0.882 7.45652e-15 0.00175079
0.883 2.23896e-15 0.00149608
0.884 4.7388e-16 0.00120271
0.885 -5.75469e-16 0.00094757
0.886 -1.28643e-15 0.000791158
0.887 -1.01377e-15 0.000757335
0.888 -1.7834e-15 0.000827971
0.889 -1.61329e-15 0.000953231
0.89 -2.29871e-15 0.00107237
0.891 -6.35047e-15 0.00113653
0.892 -5.15691e-15 0.00112523
0.893 4.8326e-16 0.00105132
0.894 3.21074e-15 0.000953871
0.895 5.03253e-15 0.000882543
0.896 3.68511e-15 0.000879424
0.897 7.73575e-16 0.00096468
0.898 -1.39984e-15 0.00113027
0.899 -1.14432e-15 0.00134297
0.9 -7.88702e-16 0.00155494
0.901 -5.11422e-16 0.00171782
0.902 -2.82904e-16 0.00179576
0.903 -1.08752e-16 0.00177398
0.904 9.45912e-18 0.00166089
0.905 1.17868e-16 0.00148416
0.906 1.20108e-15 0.0012826
0.907 1.41733e-15 0.00109612
0.908 1.64899e-15 0.000956507
0.909 1.62114e-15 0.00088076
0.91 3.23596e-16 0.000868646
0.911 -7.08479e-17 0.000904854
0.912 -3.39662e-16 0.000965363
0.913 -1.36818e-15 0.00102628
0.914 -1.28526e-15 0.00107225
0.915 5.62189e-16 0.00110133
0.916 3.12854e-16 0.00112397
0.917 -1.63517e-15 0.00115629
0.918 -2.21926e-15 0.00121041
0.919 -1.68455e-15 0.00128638
0.92 -1.24335e-15 0.00137022
0.921 -6.88202e-17 0.00143951
0.922 -5.5341e-17 0.00147424
0.923 -1.52221e-16 0.00146724
0.924 6.23193e-16 0.00142808
0.925 3.78846e-16 0.00137745
0.926 1.62232e-16 0.00133441
0.927 9.24257e-16 0.00130347
0.928 7.11821e-16 0.00126982
0.929 5.38085e-16 0.00120719
0.93 4.72497e-16 0.00109593
0.931 4.7186e-16 0.000942055
0.932 4.89876e-16 0.000785443
0.933 5.17078e-16 0.000689746
0.934 5.46633e-16 0.000715458
0.935 5.47666e-16 0.000887734
0.936 5.09887e-16 0.0011754
0.937 4.52147e-16 0.00149423
0.938 3.89329e-16 0.00173672
0.939 3.29981e-16 0.00181668
0.94 -6.01657e-16 0.00170859
0.941 -4.77713e-16 0.00146172
0.942 -3.21882e-16 0.00118043
0.943 -2.06327e-16 0.000978335
0.944 -1.24494e-16 0.000927257
0.945 -6.54087e-17 0.00102547
0.946 -9.00482e-16 0.00120101
0.947 -6.99373e-16 0.00134855
0.948 -4.84674e-16 0.00138197
0.949 -3.44882e-16 0.00127653
0.95 -2.8269e-16 0.00108011
0.951 -2.53535e-16 0.000888396
0.952 -2.24078e-16 0.00079718
0.953 -2.12284e-16 0.000856011
0.954 6.46951e-16 0.00104607
0.955 4.58157e-16 0.00129213
0.956 2.67065e-16 0.00150076
0.957 1.34067e-16 0.00160415
0.958 4.23829e-17 0.00158724
0.959 -2.06679e-17 0.00148603
0.96 -6.82695e-17 0.00136081
0.961 -1.15038e-16 0.00126102
0.962 -1.64557e-16 0.0012017
0.963 -2.06869e-16 0.00116339
0.964 -2.3057e-16 0.00111337
0.965 -2.33826e-16 0.00103397
0.966 -2.03924e-16 0.000940017
0.967 -1.34724e-16 0.000874729
0.968 -6.21158e-17 0.000885951
0.969 -1.24994e-17 0.000996537
0.97 8.98573e-16 0.00118616
0.971 7.52056e-16 0.00139558
0.972 5.96215e-16 0.00155187
0.973 5.17655e-16 0.00160163
0.974 4.77495e-16 0.0015349
0.975 4.41197e-16 0.00138769
0.976 -4.73111e-16 0.00122281
0.977 -3.38379e-16 0.00109969
0.978 -1.79572e-16 0.00104902
0.979 -6.90758e-17 0.00106431
0.98 -1.87493e-19 0.00111234
0.981 3.41587e-17 0.00115481
0.982 3.8247e-17 0.00116827
0.983 -1.51812e-17 0.00115253
0.984 -2.45364e-16 0.00112505
0.985 -6.45536e-16 0.00110741
0.986 -9.69991e-16 0.00111305
0.987 -9.45197e-16 0.00114303
0.988 -2.28011e-15 0.00119016
0.989 -6.6231e-15 0.00124622
0.99 -4.67267e-15 0.00130539
0.991 3.19522e-15 0.00136137
0.992 6.47766e-15 0.00140109
0.993 9.33732e-15 0.00140219
0.994 7.04175e-15 0.00133966
0.995 5.06383e-15 0.00120101
0.996 2.79726e-15 0.00100207
0.997 -3.2534e-15 0.000792153
0.998 -3.56877e-15 0.000641484
0.999 -3.44762e-15 0.000612926
1 -7.74939e-15 0.000730191
1.001 -6.86825e-15 0.000959212
1.002 -5.06972e-15 0.00121484
1.003 -2.84797e-15 0.00139302
1.004 2.31837e-15 0.00141502
1.005 2.79224e-15 0.0012629
1.006 4.56615e-15 0.000988066
1.007 9.39752e-15 0.000687792
1.008 6.91626e-15 0.000460415
1.009 1.17383e-15 0.000360966
1.01 -3.92008e-15 0.000379049
1.011 -3.97445e-15 0.000449387
1.012 -3.62903e-15 0.000488778
1.013 -3.32658e-15 0.000439743
1.014 -5.73074e-15 0.000298218
1.015 1.93907e-16 0.000111578
1.016 1.49608e-15 -5.07377e-05
1.017 1.16424e-15 -0.00013728
1.018 1.60072e-15 -0.000143458
1.019 1.04714e-15 -0.000113954
1.02 5.90354e-16 -0.000118082
1.021 2.03301e-15 -0.000212062
1.022 6.06362e-16 -0.000408829
1.023 -5.90427e-16 -0.000671386
1.024 -5.50868e-16 -0.00093251
1.025 -4.33505e-16 -0.00112938
1.026 -3.27578e-16 -0.00123398
1.027 -2.22216e-16 -0.00126321
1.028 -8.86682e-17 -0.00126415
1.029 1.03654e-15 -0.001284
1.03 1.30851e-15 -0.00134199
1.031 1.63624e-15 -0.00141944
1.032 1.84638e-15 -0.00147312
1.033 9.7536e-16 -0.00146406
1.034 7.96322e-15 -0.00138491
1.035 5.48108e-15 -0.00126978
1.036 2.90188e-15 -0.00117975
1.037 -3.42121e-15 -0.00117095
1.038 -4.88127e-15 -0.00126181
1.039 -5.77522e-15 -0.00141735
1.04 -9.29301e-15 -0.00155997
1.041 -7.89822e-15 -0.00160281
1.042 -6.56661e-15 -0.00149018
1.043 -3.76731e-15 -0.00122559
1.044 3.72978e-15 -0.000873742
1.045 1.06292e-15 -0.000535254
1.046 1.47241e-15 -0.000305656
1.047 6.54692e-15 -0.000237223
1.048 6.2313e-15 -0.000320416
1.049 5.71338e-15 -0.000492131
1.05 -6.44684e-16 -0.000665685
1.051 -2.84744e-15 -0.000768169
1.052 -1.49652e-15 -0.000768623
1.053 -3.79645e-16 -0.000685835
1.054 2.60249e-16 -0.000574387
1.055 5.67417e-16 -0.000497127
1.056 5.20926e-16 -0.000497261
1.057 7.05902e-15 -0.000582033
1.058 5.04768e-15 -0.00072367
1.059 1.29145e-15 -0.000875234
1.06 -4.09106e-15 -0.000992878
1.061 -1.14784e-14 -0.00105426
1.062 -9.6866e-15 -0.00106558
1.063 -6.59044e-15 -0.00105537
1.064 -3.36181e-15 -0.0010589
1.065 2.3503e-15 -0.00110066
1.066 1.16914e-14 -0.00118246
1.067 9.62658e-15 -0.00128174
1.068 7.13406e-15 -0.00136026
1.069 3.59182e-15 -0.00137926
1.07 1.96323e-15 -0.00131491
1.071 -5.01014e-15 -0.00116819
1.072 -1.10981e-14 -0.000965742
1.073 -9.25576e-15 -0.000751821
1.074 -6.45229e-15 -0.000574423
1.075 -6.83846e-15 -0.000470569
1.076 2.48542e-15 -0.000455678
1.077 5.71237e-15 -0.000520196
1.078 7.63656e-15 -0.000634116
1.079 1.06009e-14 -0.000757455
1.08 1.08564e-14 -0.000853002
1.081 1.22135e-14 -0.000897296
1.082 7.79708e-15 -0.00088661
1.083 -7.96423e-15 -0.000836506
1.084 -1.30233e-14 -0.000775542
1.085 -1.15587e-14 -0.000735434
1.086 -9.17704e-15 -0.000740845
1.087 -6.37134e-15 -0.000801898
1.088 -4.15281e-15 -0.000911438
1.089 -1.76803e-15 -0.00104753
1.09 7.49745e-15 -0.00118001
1.091 1.0751e-14 -0.00127885
1.092 9.91897e-15 -0.00132164
1.093 4.7559e-15 -0.00129835
1.094 3.45761e-15 -0.00121249
1.095 -6.03764e-16 -0.00107917
1.096 -6.27134e-15 -0.000921249
1.097 -1.28492e-14 -0.000764892
1.098 -1.02618e-14 -0.000635266
1.099 -5.85245e-15 -0.000552535
1.1 -2.59989e-15 -0.000528198
1.101 -3.9488e-16 -0.000562182
1.102 6.18241e-15 -0.000641802
1.103 9.23346e-15 -0.000743933
1.104 1.54832e-14 -0.00084102
1.105 1.25038e-14 -0.000909844
1.106 8.31508e-15 -0.00094004
1.107 -6.65029e-15 -0.000938412
1.108 -5.69265e-15 -0.000926101
1.109 -8.89997e-15 -0.000928668
1.11 -6.17767e-15 -0.000962851
1.111 2.95938e-15 -0.00102632
1.112 7.04405e-15 -0.00109629
1.113 1.45469e-14 -0.00113897
1.114 1.01367e-14 -0.00112648
1.115 4.9788e-15 -0.00105294
1.116 -3.9344e-15 -0.000940841
1.117 -3.35674e-15 -0.000832883
1.118 -5.60059e-15 -0.000771714
1.119 -9.162e-15 -0.000777147
1.12 -5.78875e-15 -0.000833132
1.121 -5.66369e-15 -0.000893015
1.122 9.42519e-16 -0.000902626
1.123 6.68957e-15 -0.000830869
1.124 4.30287e-15 -0.000691964
1.125 3.54507e-15 -0.000546053
1.126 3.16764e-15 -0.000474881
1.127 -3.69752e-15 -0.000542227
1.128 -5.91022e-15 -0.000757945
1.129 -9.13642e-15 -0.00106457
1.13 -7.28398e-15 -0.00135568
1.131 4.15739e-16 -0.00151975
1.132 9.48485e-15 -0.0014899
1.133 2.06008e-14 -0.00127572
1.134 2.07944e-14 -0.000961097
1.135 2.16766e-14 -0.000667832
1.136 2.36594e-14 -0.000501963
1.137 1.95154e-14 -0.000508086
1.138 3.87158e-15 -0.000653365
1.139 -7.12956e-15 -0.000848181
1.14 -1.55636e-14 -0.00099226
1.141 -2.05976e-14 -0.00102288
1.142 -1.17601e-14 -0.000941468
1.143 2.48823e-15 -0.000806782
1.144 1.48237e-14 -0.000700049
1.145 2.44129e-14 -0.000681681
1.146 2.68019e-14 -0.000762184
1.147 2.55375e-14 -0.000901268
1.148 2.02174e-14 -0.00103347
1.149 6.08663e-15 -0.0011046
1.15 -3.73803e-16 -0.00109862
1.151 -5.22013e-15 -0.00104091
1.152 -7.52014e-16 -0.000978057
1.153 4.63555e-15 -0.000947285
1.154 1.85847e-14 -0.000953925
1.155 3.45859e-14 -0.000969957
1.156 4.1064e-14 -0.000953846
1.157 5.28504e-14 -0.000879415
1.158 4.4018e-14 -0.000756271
1.159 3.4552e-14 -0.000629292
1.16 2.38592e-14 -0.000556876
1.161 7.10009e-15 -0.000579948
1.162 3.08129e-15 -0.000699118
1.163 5.26455e-15 -0.00087282
1.164 1.7757e-14 -0.00103746
1.165 3.53907e-14 -0.00113835
1.166 4.65645e-14 -0.00115447
1.167 6.37534e-14 -0.00110397
1.168 6.98554e-14 -0.00102857
1.169 7.74745e-14 -0.000966895
1.17 7.75417e-14 -0.000932794
1.171 7.14445e-14 -0.000910996
1.172 6.27397e-14 -0.000872005
1.173 6.27691e-14 -0.000796451
1.174 6.45763e-14 -0.000693458
1.175 6.29112e-14 -0.00060103
1.176 7.83809e-14 -0.000567085
1.177 8.8513e-14 -0.000621391
1.178 1.09427e-13 -0.000754604
1.179 1.19674e-13 -0.00091724
1.18 1.27097e-13 -0.00104067
1.181 1.41919e-13 -0.00106997
1.182 1.49314e-13 -0.000991431
1.183 1.53317e-13 -0.000840238
1.184 1.6376e-13 -0.00068363
1.185 1.73143e-13 -0.000588096
1.186 1.8205e-13 -0.000587051
1.187 1.96085e-13 -0.000665147
1.188 2.14422e-13 -0.000766563
1.189 2.30701e-13 -0.000822503
1.19 2.48922e-13 -0.000783923
1.191 2.69408e-13 -0.000643774
1.192 2.91239e-13 -0.000439113
1.193 3.0417e-13 -0.000233678
1.194 3.26487e-13 -9.03504e-05
1.195 3.47038e-13 -4.63886e-05
1.196 3.76508e-13 -0.000101269
1.197 4.0805e-13 -0.00022006
1.198 4.49257e-13 -0.000348348
1.199 4.85965e-13 -0.000431171
1.2 5.24342e-13 -0.000428958
1.201 5.5736e-13 -0.000326654
1.202 5.91324e-13 -0.000135556
1.203 6.2367e-13 0.000110845
1.204 6.63455e-13 0.000365558
1.205 7.09513e-13 0.000580093
1.206 7.65353e-13 0.000717936
1.207 8.28623e-13 0.000766104
1.208 9.03312e-13 0.000740279
1.209 9.68217e-13 0.000679932
1.21 1.04858e-12 0.000633451
1.211 1.12151e-12 0.000638367
1.212 1.20123e-12 0.000705317
1.213 1.27706e-12 0.000813983
1.214 1.36498e-12 0.000924071
1.215 1.46356e-12 0.000996704
1.216 1.5707e-12 0.00101547
1.217 1.68465e-12 0.000995598
1.218 1.80776e-12 0.000975484
1.219 1.94335e-12 0.000994112
1.22 2.08093e-12 0.00106645
1.221 2.23052e-12 0.00117079
1.222 2.38455e-12 0.00125636
1.223 2.55698e-12 0.00126859
1.224 2.73794e-12 0.00117911
1.225 2.93261e-12 0.00100407
1.226 3.13615e-12 0.000799574
1.227 3.37133e-12 0.000635422
1.228 3.62502e-12 0.000560065
1.229 3.89445e-12 0.000575607
1.23 4.17439e-12 0.000636798
1.231 4.47321e-12 0.000675487
1.232 4.79198e-12 0.000638106
1.233 5.11686e-12 0.000516181
1.234 5.46914e-12 0.000353037
1.235 5.83472e-12 0.00022236
1.236 6.23203e-12 0.000189392
1.237 6.67023e-12 0.000275202
1.238 7.14429e-12 0.0004432
1.239 7.65885e-12 0.000615514
1.24 8.21233e-12 0.000711091
1.241 8.80956e-12 0.000685944
1.242 9.43766e-12 0.000554935
1.243 1.01159e-11 0.000384296
1.244 1.08218e-11 0.000259376
1.245 1.15718e-11 0.00024458
1.246 1.23542e-11 0.00035563
1.247 1.31946e-11 0.000556817
1.248 1.40953e-11 0.000782265
1.249 1.50649e-11 0.000968096
1.25 1.61123e-11 0.00107813
1.251 1.72405e-11 0.0011112
1.252 1.84545e-11 0.00108958
1.253 1.9754e-11 0.00103858
1.254 2.1133e-11 0.000971061
1.255 2.25998e-11 0.000885833
1.256 2.41522e-11 0.000778982
1.257 2.58101e-11 0.000658398
1.258 2.75653e-11 0.00054971
1.259 2.94358e-11 0.000487493
1.26 3.14427e-11 0.000495685
1.261 3.3585e-11 0.000569146
1.262 3.58858e-11 0.000669135
1.263 3.83435e-11 0.000738185
1.264 4.09751e-11 0.000728425
1.265 4.37851e-11 0.000628557
1.266 4.67781e-11 0.000473895
1.267 4.99591e-11 0.000332172
1.268 5.33465e-11 0.000270891
1.269 5.69608e-11 0.00032271
1.27 6.08032e-11 0.000467377
1.271 6.49033e-11 0.000640665
1.272 6.927e-11 0.000766585
1.273 7.39394e-11 0.000796447
1.274 7.89287e-11 0.00073424
1.275 8.42384e-11 0.00063455
1.276 8.99089e-11 0.000573612
1.277 9.59503e-11 0.000608322
1.278 1.02391e-10 0.00074461
1.279 1.09239e-10 0.000931864
1.28 1.16522e-10 0.00108657
1.281 1.24288e-10 0.00113314
1.282 1.32572e-10 0.00104117
1.283 1.41387e-10 0.000840163
1.284 1.50788e-10 0.000604906
1.285 1.60803e-10 0.000419414
1.286 1.71478e-10 0.000338277
1.287 1.82833e-10 0.00036468
1.288 1.94927e-10 0.000455128
1.289 2.07803e-10 0.000546755
1.29 2.21509e-10 0.000591717
1.291 2.36089e-10 0.000580351
1.292 2.51616e-10 0.00054167
1.293 2.68134e-10 0.000522354
1.294 2.85723e-10 0.000556869
1.295 3.0444e-10 0.00064563
1.296 3.2436e-10 0.000753235
1.297 3.45564e-10 0.00082761
1.298 3.68123e-10 0.000829477
1.299 3.92118e-10 0.000755967
1.3 4.17633e-10 0.000645294
1.301 4.44778e-10 0.000559336
1.302 4.73637e-10 0.000552577
1.303 5.04331e-10 0.000643046
1.304 5.36968e-10 0.000800112
1.305 5.7168e-10 0.000955751
1.306 6.08588e-10 0.00103437
1.307 6.47833e-10 0.000987347
1.308 6.89554e-10 0.000816106
1.309 7.33899e-10 0.000573247
1.31 7.81022e-10 0.000341283
1.311 8.31099e-10 0.000198865
1.312 8.84309e-10 0.000189525
1.313 9.40847e-10 0.00030625
1.314 1.00092e-09 0.000497589
1.315 1.06475e-09 0.000691364
1.316 1.13256e-09 0.000824767
1.317 1.20459e-09 0.000867772
1.318 1.28111e-09 0.000830682
1.319 1.36238e-09 0.00075419
1.32 1.44867e-09 0.000687867
1.321 1.54029e-09 0.000667312
1.322 1.63757e-09 0.000699809
1.323 1.74085e-09 0.000763768
1.324 1.85048e-09 0.000820923
1.325 1.96686e-09 0.000834966
1.326 2.09041e-09 0.000788161
1.327 2.22153e-09 0.000689065
1.328 2.3607e-09 0.000568716
1.329 2.50838e-09 0.000467608
1.33 2.66508e-09 0.000419333
1.331 2.83134e-09 0.000437665
1.332 3.0077e-09 0.00051201
1.333 3.19478e-09 0.000612497
1.334 3.39321e-09 0.000702177
1.335 3.60367e-09 0.000751245
1.336 3.82686e-09 0.000747784
1.337 4.06356e-09 0.00070121
1.338 4.31455e-09 0.000637564
1.339 4.58067e-09 0.000588827
1.34 4.86282e-09 0.000580466
1.341 5.16192e-09 0.000621802
1.342 5.47896e-09 0.000702494
1.343 5.81498e-09 0.000796123
1.344 6.1711e-09 0.000869352
1.345 6.54849e-09 0.000893327
1.346 6.94837e-09 0.000853447
1.347 7.37209e-09 0.000754353
1.348 7.82099e-09 0.000618745
1.349 8.29655e-09 0.000480641
1.35 8.80031e-09 0.000375403
1.351 9.33388e-09 0.000329686
1.352 9.89901e-09 0.000354266
1.353 1.04975e-08 0.000441661
1.354 1.11312e-08 0.000568903
1.355 1.18022e-08 0.00070434
1.356 1.25127e-08 0.00081629
1.357 1.32648e-08 0.000881056
1.358 1.40609e-08 0.000888179
1.359 1.49036e-08 0.000841778
1.36 1.57955e-08 0.000757963
1.361 1.67394e-08 0.000659375
1.362 1.77383e-08 0.000568609
1.363 1.87952e-08 0.000502421
1.364 1.99135e-08 0.000468239
1.365 2.10965e-08 0.000463704
1.366 2.2348e-08 0.000479029
1.367 2.36717e-08 0.000501116
1.368 2.50718e-08 0.00051795
1.369 2.65526e-08 0.000521868
1.37 2.81184e-08 0.000510864
1.371 2.97742e-08 0.000487891
1.372 3.15249e-08 0.000458846
1.373 3.33757e-08 0.000430211
1.374 3.53323e-08 0.000407194
1.375 3.74004e-08 0.000392676
1.376 3.95864e-08 0.000386772
1.377 4.18967e-08 0.000386602
1.378 4.43381e-08 0.000386128
1.379 4.69179e-08 0.000376394
1.38 4.96438e-08 0.000346866
1.381 5.25237e-08 0.000288326
1.382 5.5566e-08 0.000196931
1.383 5.87798e-08 7.79313e-05
1.384 6.21743e-08 -5.3098e-05
1.385 6.57593e-08 -0.000173215
1.386 6.95453e-08 -0.00025928
1.387 7.35432e-08 -0.000297065
1.388 7.77645e-08 -0.000288358
1.389 8.22213e-08 -0.00025214
1.39 8.69263e-08 -0.000218144
1.391 9.1893e-08 -0.000214727
1.392 9.71354e-08 -0.000256273
1.393 1.02668e-07 -0.000336426
1.394 1.08508e-07 -0.000431277
1.395 1.14669e-07 -0.000511868
1.396 1.21171e-07 -0.000560238
1.397 1.28031e-07 -0.000580551
1.398 1.35268e-07 -0.000598442
1.399 1.42902e-07 -0.000647367
1.4 1.50954e-07 -0.000747893
1.401 1.59447e-07 -0.000890695
1.402 1.68404e-07 -0.0010336
1.403 1.77849e-07 -0.00111676
1.404 1.87808e-07 -0.00109072
1.405 1.98309e-07 -0.000944243
1.406 2.0938e-07 -0.000717174
1.407 2.2105e-07 -0.000489424
1.408 2.33351e-07 -0.000348614
1.409 2.46316e-07 -0.000350199
1.41 2.5998e-07 -0.000489175
1.411 2.7438e-07 -0.000698383
1.412 2.89553e-07 -0.000876283
1.413 3.05539e-07 -0.000932536
1.414 3.22382e-07 -0.000830173
1.415 3.40124e-07 -0.000603731
1.416 3.58813e-07 -0.000343783
1.417 3.78498e-07 -0.000154588
1.418 3.9923e-07 -0.000105072
1.419 4.21062e-07 -0.000196975
1.42 4.44051e-07 -0.000365756
1.421 4.68256e-07 -0.000513596
1.422 4.9374e-07 -0.000557901
1.423 5.20568e-07 -0.000471083
1.424 5.48807e-07 -0.000292186
1.425 5.7853e-07 -0.000105414
1.426 6.09813e-07 2.53589e-06
1.427 6.42733e-07 -1.58656e-05
1.428 6.77374e-07 -0.000149131
1.429 7.13823e-07 -0.000337458
1.43 7.52171e-07 -0.000506506
1.431 7.92513e-07 -0.000605187
1.432 8.34949e-07 -0.00062742
1.433 8.79584e-07 -0.000607553
1.434 9.26528e-07 -0.00059409
1.435 9.75896e-07 -0.000618026
1.436 1.02781e-06 -0.00067429
1.437 1.08239e-06 -0.000726538
1.438 1.13978e-06 -0.000731678
1.439 1.20011e-06 -0.000669129
1.44 1.26353e-06 -0.000557158
1.441 1.33019e-06 -0.000446197
1.442 1.40025e-06 -0.000392411
1.443 1.47387e-06 -0.000426258
1.444 1.55124e-06 -0.000533885
1.445 1.63254e-06 -0.000662176
1.446 1.71795e-06 -0.000745105
1.447 1.80767e-06 -0.000737207
1.448 1.90193e-06 -0.000636076
1.449 2.00093e-06 -0.000482031
1.45 2.10491e-06 -0.000335744
1.451 2.21411e-06 -0.000246666
1.452 2.32878e-06 -0.000229718
1.453 2.44918e-06 -0.000262464
1.454 2.5756e-06 -0.000303136
1.455 2.70831e-06 -0.000318093
1.456 2.84762e-06 -0.000302399
1.457 2.99385e-06 -0.000281695
1.458 3.14732e-06 -0.000294753
1.459 3.30839e-06 -0.00036739
1.46 3.4774e-06 -0.000493422
1.461 3.65475e-06 -0.000634126
1.462 3.84082e-06 -0.000736955
1.463 4.03602e-06 -0.000763099
1.464 4.24079e-06 -0.000708389
1.465 4.45557e-06 -0.000605806
1.466 4.68084e-06 -0.000508197
1.467 4.91709e-06 -0.000460832
1.468 5.16483e-06 -0.000478811
1.469 5.4246e-06 -0.000541303
1.47 5.69695e-06 -0.00060494
1.471 5.98248e-06 -0.000628197
1.472 6.28179e-06 -0.00059302
1.473 6.59552e-06 -0.000512312
1.474 6.92434e-06 -0.000420431
1.475 7.26894e-06 -0.000353399
1.476 7.63005e-06 -0.000330627
1.477 8.00843e-06 -0.000347995
1.478 8.40487e-06 -0.000384644
1.479 8.82019e-06 -0.000417714
1.48 9.25526e-06 -0.000435176
1.481 9.71097e-06 -0.000439296
1.482 1.01883e-05 -0.000440009
1.483 1.06881e-05 -0.000444277
1.484 1.12116e-05 -0.000449827
1.485 1.17596e-05 -0.000448209
1.486 1.23335e-05 -0.000435049
1.487 1.29342e-05 -0.000419598
1.488 1.35631e-05 -0.000425083
1.489 1.42213e-05 -0.000476875
1.49 1.49103e-05 -0.000583825
1.491 1.56313e-05 -0.00072413
1.492 1.63858e-05 -0.000846464
1.493 1.71752e-05 -0.000889465
1.494 1.80012e-05 -0.00081192
1.495 1.88653e-05 -0.000618371
1.496 1.97693e-05 -0.000365195
1.497 2.07147e-05 -0.000141185
1.498 2.17036e-05 -2.98675e-05
1.499 2.27378e-05 -7.11825e-05
1.5 2.38192e-05 -0.0002418
1.501 2.495e-05 -0.000464792
1.502 2.61322e-05 -0.000644829
1.503 2.73682e-05 -0.000712029
1.504 2.86601e-05 -0.000652967
1.505 3.00106e-05 -0.000513815
1.506 3.1422e-05 -0.000374676
1.507 3.2897e-05 -0.000308698
1.508 3.44384e-05 -0.000346807
1.509 3.60489e-05 -0.000465399
1.51 3.77315e-05 -0.000601971
1.511 3.94893e-05 -0.000689289
1.512 4.13256e-05 -0.000689693
1.513 4.32435e-05 -0.000612019
1.514 4.52467e-05 -0.000503539
1.515 4.73386e-05 -0.000422583
1.516 4.95231e-05 -0.000407202
1.517 5.18039e-05 -0.000456346
1.518 5.41853e-05 -0.000532619
1.519 5.66713e-05 -0.000583946
1.52 5.92663e-05 -0.000571922
1.521 6.19749e-05 -0.000491901
1.522 6.48018e-05 -0.000375036
1.523 6.77518e-05 -0.000272267
1.524 7.08302e-05 -0.000229299
1.525 7.40421e-05 -0.000265424
1.526 7.73932e-05 -0.000366134
1.527 8.0889e-05 -0.000491892
1.528 8.45356e-05 -0.000597459
1.529 8.8339e-05 -0.000651723
1.53 9.23057e-05 -0.000648883
1.531 9.64423e-05 -0.000606925
1.532 0.000100756 -0.000555728
1.533 0.000105253 -0.000521527
1.534 0.000109942 -0.000515185
1.535 0.00011483 -0.000529016
1.536 0.000119925 -0.000542513
1.537 0.000125235 -0.000533498
1.538 0.00013077 -0.000489427
1.539 0.000136537 -0.000414132
1.54 0.000142547 -0.000327495
1.541 0.000148808 -0.0002584
1.542 0.000155331 -0.000233695
1.543 0.000162127 -0.000267298
1.544 0.000169205 -0.000353567
1.545 0.000176577 -0.000467748
1.546 0.000184254 -0.000573825
1.547 0.000192249 -0.00063727
1.548 0.000200574 -0.000637918
1.549 0.000209241 -0.000577713
1.55 0.000218265 -0.000479789
1.551 0.000227657 -0.000378929
1.552 0.000237434 -0.000307344
1.553 0.00024761 -0.000282011
1.554 0.000258199 -0.000299227
1.555 0.000269218 -0.000338569
1.556 0.000280684 -0.000373825
1.557 0.000292612 -0.000385075
1.558 0.000305022 -0.000365842
1.559 0.000317931 -0.000322299
1.56 0.000331357 -0.000266219
1.561 0.000345321 -0.000206871
1.562 0.000359842 -0.00014732
1.563 0.000374942 -8.73147e-05
1.564 0.000390642 -3.01242e-05
1.565 0.000406964 1.25462e-05
1.566 0.000423932 2.28252e-05
1.567 0.00044157 -1.31254e-05
1.568 0.000459902 -9.2071e-05
1.569 0.000478953 -0.000186368
1.57 0.000498751 -0.000249268
1.571 0.000519323 -0.000233323
1.572 0.000540696 -0.000114342
1.573 0.000562901 9.15657e-05
1.574 0.000585967 0.000328605
1.575 0.000609926 0.000522113
1.576 0.000634809 0.000611378
1.577 0.000660651 0.000578728
1.578 0.000687486 0.000459553
1.579 0.000715349 0.000326701
1.58 0.000744277 0.000255698
1.581 0.000774307 0.000287752
1.582 0.00080548 0.000409477
1.583 0.000837836 0.000560303
1.584 0.000871415 0.000664349
1.585 0.000906263 0.000670536
1.586 0.000942422 0.000580032
1.587 0.000979939 0.000446373
1.588 0.00101886 0.000347861
1.589 0.00105924 0.000346456
1.59 0.00110112 0.000454685
1.591 0.00114456 0.000627948
1.592 0.00118961 0.000786301
1.593 0.00123632 0.000854317
1.594 0.00128476 0.000798272
1.595 0.00133498 0.000641637
1.596 0.00138704 0.000451501
1.597 0.00144101 0.000303861
1.598 0.00149694 0.000246395
1.599 0.00155491 0.00027782
1.6 0.00161499 0.000353427
1.601 0.00167724 0.000412183
1.602 0.00174175 0.000409812
1.603 0.00180857 0.000340155
1.604 0.00187779 0.000234573
1.605 0.0019495 0.000141622
1.606 0.00202376 9.96408e-05
1.607 0.00210067 0.000117667
1.608 0.00218031 0.000174276
1.609 0.00226278 0.000233212
1.61 0.00234816 0.000265452
1.611 0.00243655 0.000264591
1.612 0.00252804 0.000247363
1.613 0.00262274 0.000240309
1.614 0.00272075 0.000261606
1.615 0.00282217 0.000309263
1.616 0.00292712 0.000362421
1.617 0.00303571 0.000394357
1.618 0.00314805 0.000388939
1.619 0.00326426 0.00035068
1.62 0.00338446 0.00030281
1.621 0.00350878 0.00027503
1.622 0.00363735 0.000288425
1.623 0.0037703 0.000345986
1.624 0.00390776 0.000433148
1.625 0.00404988 0.000526539
1.626 0.0041968 0.000604617
1.627 0.00434866 0.000653891
1.628 0.00450563 0.00066839
1.629 0.00466785 0.000645236
1.63 0.00483548 0.000581786
1.631 0.00500869 0.000478147
1.632 0.00518765 0.000343982
1.633 0.00537253 0.000203941
1.634 0.0055635 9.52321e-05
1.635 0.00576076 5.49733e-05
1.636 0.00596448 0.000101833
1.637 0.00617486 0.000221836
1.638 0.00639209 0.000368088
1.639 0.00661638 0.000477821
1.64 0.00684794 0.000500571
1.641 0.00708697 0.000423871
1.642 0.00733369 0.000282393
1.643 0.00758833 0.00014392
1.644 0.00785111 7.75339e-05
1.645 0.00812227 0.000119381
1.646 0.00840205 0.000253756
1.647 0.0086907 0.000420003
1.648 0.00898846 0.000542507
1.649 0.00929559 0.000568726
1.65 0.00961237 0.000495587
1.651 0.00993905 0.000370377
1.652 0.0102759 0.000265609
1.653 0.0106233 0.000241077
1.654 0.0109814 0.00031308
1.655 0.0113505 0.000446816
1.656 0.011731 0.000575505
1.657 0.0121232 0.000635525
1.658 0.0125274 0.000598644
1.659 0.0129439 0.000484499
1.66 0.013373 0.000347583
1.661 0.0138152 0.000246889
1.662 0.0142707 0.000215313
1.663 0.0147398 0.000245287
1.664 0.015223 0.000297433
1.665 0.0157207 0.000326065
1.666 0.0162332 0.00030633
1.667 0.0167608 0.000247644
1.668 0.0173041 0.000186554
1.669 0.0178633 0.000164141
1.67 0.018439 0.000201704
1.671 0.0190315 0.000288809
1.672 0.0196412 0.000390101
1.673 0.0202687 0.000466051
1.674 0.0209143 0.000494862
1.675 0.0215786 0.00048252
1.676 0.0222619 0.0004555
1.677 0.0229648 0.000441291
1.678 0.0236877 0.000449298
1.679 0.0244312 0.000464403
1.68 0.0251957 0.000457602
1.681 0.0259817 0.000407447
1.682 0.0267899 0.000318797
1.683 0.0276207 0.000226293
1.684 0.0284747 0.000178537
1.685 0.0293524 0.000210633
1.686 0.0302543 0.000320453
1.687 0.0311812 0.000463229
1.688 0.0321335 0.000569633
1.689 0.0331119 0.000579538
1.69 0.034117 0.000474271
1.691 0.0351493 0.000289862
1.692 0.0362096 0.000103087
1.693 0.0372984 -3.75774e-06
1.694 0.0384165 1.79891e-05
1.695 0.0395644 0.00016008
1.696 0.0407429 0.000361816
1.697 0.0419526 0.00053987
1.698 0.0431943 0.000628115
1.699 0.0444687 0.00060725
1.7 0.0457764 0.000509716
1.701 0.0471183 0.000398582
1.702 0.048495 0.000332553
1.703 0.0499073 0.00033601
1.704 0.051356 0.00038948
1.705 0.0528418 0.000444453
1.706 0.0543656 0.000453288
1.707 0.0559282 0.000397168
1.708 0.0575304 0.000296804
1.709 0.0591729 0.000200483
1.71 0.0608567 0.000156686
1.711 0.0625826 0.000186818
1.712 0.0643514 0.000273245
1.713 0.0661641 0.000369162
1.714 0.0680215 0.000424675
1.715 0.0699245 0.000414587
1.716 0.0718741 0.000352466
1.717 0.073871 0.000283132
1.718 0.0759164 0.000257486
1.719 0.0780111 0.000303301
1.72 0.080156 0.000407918
1.721 0.0823522 0.000522562
1.722 0.0846007 0.000586536
1.723 0.0869023 0.000558931
1.724 0.0892582 0.000441365
1.725 0.0916693 0.000279649
1.726 0.0941366 0.000143055
1.727 0.0966612 9.12472e-05
1.728 0.0992442 0.00014526
1.729 0.101887 0.000276926
1.73 0.104589 0.000421958
1.731 0.107354 0.000510257
1.732 0.110181 0.000498705
1.733 0.113071 0.000390748
1.734 0.116027 0.000233791
1.735 0.119048 9.62594e-05
1.736 0.122136 3.577e-05
1.737 0.125293 7.35901e-05
1.738 0.128518 0.000186964
1.739 0.131815 0.000321915
1.74 0.135183 0.000419422
1.741 0.138623 0.000442005
1.742 0.142138 0.000388358
1.743 0.145727 0.000290065
1.744 0.149393 0.000193235
1.745 0.153137 0.000134837
1.746 0.156959 0.000125407
1.747 0.16086 0.000146041
1.748 0.164843 0.000160313
1.749 0.168909 0.000134595
1.75 0.173057 5.65076e-05
1.751 0.177291 -5.7432e-05
1.752 0.18161 -0.000168506
1.753 0.186017 -0.000233509
1.754 0.190512 -0.000225116
1.755 0.195096 -0.000145498
1.756 0.199771 -2.70385e-05
1.757 0.204538 8.01215e-05
1.758 0.209399 0.000128229
1.759 0.214354 9.10753e-05
1.76 0.219405 -2.58012e-05
1.761 0.224552 -0.000187821
1.762 0.229798 -0.000345444
1.763 0.235143 -0.00045352
1.764 0.240589 -0.000487997
1.765 0.246137 -0.000453564
1.766 0.251787 -0.000379763
1.767 0.257542 -0.000307826
1.768 0.263402 -0.000273934
1.769 0.269368 -0.000295598
1.77 0.275443 -0.00036618
1.771 0.281626 -0.000459056
1.772 0.287919 -0.000539133
1.773 0.294324 -0.000576797
1.774 0.30084 -0.000558841
1.775 0.307471 -0.000492492
1.776 0.314215 -0.000401529
1.777 0.321076 -0.00031655
1.778 0.328052 -0.000263422
1.779 0.335147 -0.000254317
1.78 0.342361 -0.00028441
1.781 0.349694 -0.000335012
1.782 0.357148 -0.000381474
1.783 0.364724 -0.000402628
1.784 0.372423 -0.000388221
1.785 0.380245 -0.000341786
1.786 0.388192 -0.000278284
1.787 0.396265 -0.000217732
1.788 0.404464 -0.000177422
1.789 0.41279 -0.000165625
1.79 0.421244 -0.000178981
1.791 0.429826 -0.000204298
1.792 0.438539 -0.000223925
1.793 0.447381 -0.000222616
1.794 0.456355 -0.000193416
1.795 0.46546 -0.000140545
1.796 0.474697 -7.83462e-05
1.797 0.484067 -2.67488e-05
1.798 0.493571 -4.80929e-06
1.799 0.503208 -2.44736e-05
1.8 0.51298 -8.65545e-05
1.801 0.522886 -0.00018014
1.802 0.532927 -0.000285541
1.803 0.543104 -0.000379794
1.804 0.553416 -0.000443011
1.805 0.563864 -0.0004637
1.806 0.574449 -0.000441554
1.807 0.58517 -0.000387052
1.808 0.596027 -0.000318119
1.809 0.60702 -0.000254958
1.81 0.61815 -0.000214564
1.811 0.629416 -0.000206463
1.812 0.640819 -0.000230727
1.813 0.652357 -0.000278655
1.814 0.664032 -0.000335731
1.815 0.675841 -0.000385865
1.816 0.687786 -0.000415703
1.817 0.699865 -0.000417833
1.818 0.712079 -0.000392147
1.819 0.724426 -0.000345183
1.82 0.736906 -0.000287821
1.821 0.749519 -0.000232112
1.822 0.762263 -0.000188161
1.823 0.775137 -0.000161866
1.824 0.788142 -0.000153991
1.825 0.801275 -0.000160671
1.826 0.814536 -0.000175071
1.827 0.827924 -0.000189677
1.828 0.841437 -0.000198586
1.829 0.855075 -0.000199215
1.83 0.868835 -0.000192983
1.831 0.882716 -0.000184802
1.832 0.896716 -0.000181467
1.833 0.910835 -0.000189378
1.834 0.92507 -0.000212245
1.835 0.93942 -0.000249505
1.836 0.953882 -0.000296047
1.837 0.968455 -0.000343435
1.838 0.983136 -0.000382303
1.839 0.997924 -0.000405116
1.84 1.01282 -0.000408296
1.841 1.02781 -0.000392904
1.842 1.0429 -0.000363694
1.843 1.05809 -0.000327045
1.844 1.07338 -0.000288813
1.845 1.08875 -0.00025312
1.846 1.10422 -0.000222552
1.847 1.11977 -0.000199358
1.848 1.1354 -0.000186558
1.849 1.15111 -0.000187773
1.85 1.1669 -0.000205351
1.851 1.18276 -0.000237516
1.852 1.19869 -0.000276316
1.853 1.21469 -0.00030825
1.854 1.23075 -0.000318413
1.855 1.24686 -0.00029708
1.856 1.26303 -0.000245846
1.857 1.27926 -0.000179842
1.858 1.29552 -0.000123803
1.859 1.31183 -0.000102573
1.86 1.32818 -0.000129741
1.861 1.34456 -0.000199849
1.862 1.36097 -0.000288706
1.863 1.37741 -0.000362906
1.864 1.39386 -0.000394961
1.865 1.41033 -0.000377022
1.866 1.42681 -0.000325914
1.867 1.44329 -0.000275838
1.868 1.45977 -0.000261152
1.869 1.47625 -0.000297211
1.87 1.49271 -0.000369305
1.871 1.50916 -0.00043663
1.872 1.52558 -0.000451088
1.873 1.54198 -0.000382758
1.874 1.55834 -0.00023937
1.875 1.57466 -6.87245e-05
1.876 1.59094 5.92915e-05
1.877 1.60716 8.42546e-05
1.878 1.62333 -1.43028e-05
1.879 1.63943 -0.00020296
1.88 1.65546 -0.000405546
1.881 1.67141 -0.000535896
1.882 1.68727 -0.000537635
1.883 1.70305 -0.000411894
1.884 1.71872 -0.000218708
1.885 1.73429 -5.02146e-05
1.886 1.74975 1.23577e-05
1.887 1.76508 -6.25991e-05
1.888 1.78029 -0.000241648
1.889 1.79537 -0.000442088
1.89 1.8103 -0.000571526
1.891 1.82509 -0.000571949
1.892 1.83971 -0.000446669
1.893 1.85417 -0.000257063
1.894 1.86846 -9.11993e-05
1.895 1.88257 -2.0484e-05
1.896 1.89649 -6.62066e-05
1.897 1.91021 -0.000192354
1.898 1.92373 -0.000327283
1.899 1.93704 -0.000401999
1.9 1.95012 -0.000384701
1.901 1.96298 -0.000293937
1.902 1.97559 -0.000184679
1.903 1.98796 -0.000116138
1.904 2.00008 -0.000119554
1.905 2.01193 -0.000183429
1.906 2.02351 -0.00026346
1.907 2.03481 -0.000310508
1.908 2.04582 -0.00030009
1.909 2.05653 -0.000246416
1.91 2.06693 -0.0001931
1.911 2.07702 -0.000186111
1.912 2.08678 -0.0002447
1.913 2.09621 -0.000347268
1.914 2.1053 -0.000440741
1.915 2.11403 -0.000468713
1.916 2.12241 -0.000402891
1.917 2.13041 -0.000260315
1.918 2.13804 -9.65128e-05
1.919 2.14528 2.19882e-05
1.92 2.15212 5.10222e-05
1.921 2.15856 -9.91648e-06
1.922 2.16458 -0.000119633
1.923 2.17018 -0.000218798
1.924 2.17535 -0.000261725
1.925 2.18007 -0.000238845
1.926 2.18435 -0.000178008
1.927 2.18816 -0.000124908
1.928 2.19151 -0.00011457
1.929 2.19438 -0.000150519
1.93 2.19676 -0.000203415
1.931 2.19865 -0.00022945
1.932 2.20004 -0.000197406
1.933 2.20091 -0.000108379
1.934 2.20127 3.41199e-06
1.935 2.20109 8.9296e-05
1.936 2.20038 0.000113576
1.937 2.19912 7.39236e-05
1.938 2.19731 3.01907e-06
1.939 2.19494 -4.95472e-05
1.94 2.192 -4.48116e-05
1.941 2.18848 2.41921e-05
1.942 2.18437 0.000129207
1.943 2.17967 0.000223226
1.944 2.17436 0.000267026
1.945 2.16845 0.000250553
1.946 2.16192 0.000197183
1.947 2.15477 0.000148837
1.948 2.14698 0.000140987
1.949 2.13856 0.000182193
1.95 2.12949 0.000249956
1.951 2.11977 0.000305056
1.952 2.1094 0.000315715
1.953 2.09835 0.000277347
1.954 2.08664 0.000216245
1.955 2.07425 0.000174989
1.956 2.06118 0.000187918
1.957 2.04742 0.000260781
1.958 2.03296 0.000366236
1.959 2.01781 0.000457795
1.96 2.00195 0.000494338
1.961 1.98538 0.000461477
1.962 1.9681 0.000378044
1.963 1.95009 0.000284608
1.964 1.93137 0.000220999
1.965 1.91191 0.00020571
1.966 1.89172 0.000228387
1.967 1.8708 0.000258738
1.968 1.84914 0.000265727
1.969 1.82673 0.000235483
1.97 1.80358 0.000177787
1.971 1.77969 0.000118324
1.972 1.75504 8.23895e-05
1.973 1.72964 8.04157e-05
1.974 1.70349 0.000103918
1.975 1.67658 0.000133464
1.976 1.64892 0.000152654
1.977 1.6205 0.000158493
1.978 1.59132 0.000161234
1.979 1.56138 0.000173926
1.98 1.53068 0.000199072
1.981 1.49922 0.000222183
1.982 1.46699 0.00021803
1.983 1.43401 0.000167191
1.984 1.40027 7.3114e-05
1.985 1.36577 -3.18271e-05
1.986 1.33051 -9.73707e-05
1.987 1.2945 -7.97661e-05
1.988 1.25774 3.28532e-05
1.989 1.22022 0.000208624
1.99 1.18196 0.000381998
1.991 1.14296 0.000482586
1.992 1.10322 0.000469091
1.993 1.06274 0.000350927
1.994 1.02153 0.000185664
1.995 0.979584 5.25878e-05
1.996 0.936916 1.50953e-05
1.997 0.893528 9.05788e-05
1.998 0.849424 0.000242804
1.999 0.80461 0.000400312
2 0.759093 0.000491232
2.001 0.712878 0.000476899
2.002 0.665973 0.000367907
2.003 0.618385 0.000215703
2.004 0.570121 8.53817e-05
2.005 0.52119 2.43346e-05
2.006 0.471598 4.23748e-05
2.007 0.421354 0.000112008
2.008 0.370466 0.00018668
2.009 0.318942 0.000226055
2.01 0.26679 0.000214993
2.011 0.21402 0.000167491
2.012 0.16064 0.000115497
2.013 0.106661 9.00836e-05
2.014 0.0520925 0.000105469
2.015 -0.00305359 0.000153482
2.016 -0.0587659 0.000209841
2.017 -0.115033 0.000247499
2.018 -0.171841 0.000249592
2.019 -0.229179 0.000216001
2.02 -0.287035 0.000161673
2.021 -0.345395 0.000109033
2.022 -0.404248 7.88808e-05
2.023 -0.46358 8.35594e-05
2.024 -0.523379 0.00012408
2.025 -0.583633 0.000190818
2.026 -0.644327 0.000266598
2.027 -0.705448 0.000331203
2.028 -0.766981 0.000366816
2.029 -0.828912 0.00036362
2.03 -0.891225 0.000323936
2.031 -0.953904 0.000262652
2.032 -1.01693 0.000202444
2.033 -1.0803 0.000164593
2.034 -1.14398 0.000159042
2.035 -1.20796 0.000178835
2.036 -1.27223 0.000202795
2.037 -1.33677 0.000206307
2.038 -1.40156 0.000175356
2.039 -1.46659 0.000116252
2.04 -1.53183 5.48773e-05
2.041 -1.59728 2.4532e-05
2.042 -1.66291 4.79565e-05
2.043 -1.72871 0.000123133
2.044 -1.79465 0.00022136
2.045 -1.86073 0.000299907
2.046 -1.92691 0.000323488
2.047 -1.99319 0.000283271
2.048 -2.05954 0.00020271
2.049 -2.12594 0.000126151
2.05 -2.19239 9.56135e-05
2.051 -2.25884 0.000128095
2.052 -2.3253 0.000206012
2.053 -2.39174 0.000286575
2.054 -2.45813 0.000325419
2.055 -2.52446 0.00030159
2.056 -2.59071 0.00022977
2.057 -2.65686 0.000152407
2.058 -2.7229 0.000115651
2.059 -2.78879 0.000142372
2.06 -2.85452 0.000217692
2.061 -2.92008 0.000295852
2.062 -2.98543 0.000325356
2.063 -3.05058 0.000278769
2.064 -3.11548 0.000170358
2.065 -3.18012 5.09947e-05
2.066 -3.24449 -1.78301e-05
2.067 -3.30856 2.73384e-06
2.068 -3.37231 0.000106531
2.069 -3.43572 0.00024362
2.07 -3.49877 0.000345162
2.071 -3.56144 0.000359146
2.072 -3.62371 0.000277988
2.073 -3.68556 0.000143219
2.074 -3.74698 2.4602e-05
2.075 -3.80794 -1.53275e-05
2.076 -3.86842 4.72827e-05
2.077 -3.92841 0.000186366
2.078 -3.98789 0.000340118
2.079 -4.04684 0.000442357
2.08 -4.10523 0.000454165
2.081 -4.16305 0.000379688
2.082 -4.22028 0.000259227
2.083 -4.2769 0.000145228
2.084 -4.3329 7.54213e-05
2.085 -4.38825 5.76578e-05
2.086 -4.44293 7.32205e-05
2.087 -4.49693 9.43865e-05
2.088 -4.55024 0.000104201
2.089 -4.60282 0.000106131
2.09 -4.65468 0.000118319
2.091 -4.70578 0.000157058
2.092 -4.75611 0.000220912
2.093 -4.80566 0.000286472
2.094 -4.85441 0.000319485
2.095 -4.90234 0.000295336
2.096 -4.94943 0.000216527
2.097 -4.99567 0.000115843
2.098 -5.04105 4.18081e-05
2.099 -5.08556 3.34395e-05
2.1 -5.12916 9.80476e-05
2.101 -5.17186 0.000204938
2.102 -5.21364 0.000299517
2.103 -5.25448 0.000331069
2.104 -5.29437 0.000279635
2.105 -5.3333 0.000167364
2.106 -5.37125 4.78206e-05
2.107 -5.4082 -2.15686e-05
2.108 -5.44416 -9.5289e-06
2.109 -5.4791 7.24486e-05
2.11 -5.51301 0.000175797
2.111 -5.54589 0.00024001
2.112 -5.57772 0.000224147
2.113 -5.6085 0.000128309
2.114 -5.6382 -5.98972e-06
2.115 -5.66683 -0.000116617
2.116 -5.69437 -0.00015197
2.117 -5.72081 -9.65753e-05
2.118 -5.74613 2.16232e-05
2.119 -5.77035 0.00014545
2.12 -5.79343 0.000216497
2.121 -5.81539 0.000202673
2.122 -5.8362 0.000111867
2.123 -5.85587 -1.42093e-05
2.124 -5.87439 -0.00012193
2.125 -5.89175 -0.000171862
2.126 -5.90795 -0.000156207
2.127 -5.92297 -9.97877e-05
2.128 -5.93683 -4.52825e-05
2.129 -5.9495 -3.09942e-05
2.13 -5.96099 -7.23871e-05
2.131 -5.97129 -0.000155952
2.132 -5.9804 -0.00024738
2.133 -5.98831 -0.000309046
2.134 -5.99503 -0.000317838
2.135 -6.00054 -0.000274931
2.136 -6.00485 -0.000203651
2.137 -6.00796 -0.000137404
2.138 -6.00987 -0.000104071
2.139 -6.01057 -0.000114286
2.14 -6.01007 -0.000158545
2.141 -6.00836 -0.000213618
2.142 -6.00544 -0.000254498
2.143 -6.00132 -0.000265998
2.144 -5.996 -0.000248786
2.145 -5.98947 -0.000217603
2.146 -5.98174 -0.000193084
2.147 -5.97282 -0.000191312
2.148 -5.96271 -0.000215954
2.149 -5.9514 -0.000256395
2.15 -5.9389 -0.000292463
2.151 -5.92522 -0.000303458
2.152 -5.91036 -0.000277455
2.153 -5.89432 -0.000216884
2.154 -5.87711 -0.000138092
2.155 -5.85872 -6.51766e-05
2.156 -5.83918 -2.06945e-05
2.157 -5.81848 -1.70286e-05
2.158 -5.79664 -5.17692e-05
2.159 -5.77365 -0.00010876
2.16 -5.74953 -0.000164201
2.161 -5.72428 -0.000195358
2.162 -5.69791 -0.000188607
2.163 -5.67043 -0.000144048
2.164 -5.64184 -7.52808e-05
2.165 -5.61215 -4.68155e-06
2.166 -5.58138 4.40674e-05
2.167 -5.54952 5.37172e-05
2.168 -5.51658 1.90484e-05
2.169 -5.48259 -5.13587e-05
2.17 -5.44755 -0.00013772
2.171 -5.41147 -0.000215262
2.172 -5.37435 -0.00026218
2.173 -5.33622 -0.000266759
2.174 -5.29708 -0.0002312
2.175 -5.25694 -0.00017062
2.176 -5.21581 -0.000107423
2.177 -5.17371 -6.30612e-05
2.178 -5.13063 -5.04145e-05
2.179 -5.08661 -6.98997e-05
2.18 -5.04164 -0.000110873
2.181 -4.99574 -0.000157493
2.182 -4.94893 -0.000196098
2.183 -4.90121 -0.000220446
2.184 -4.8526 -0.000232362
2.185 -4.80312 -0.000237883
2.186 -4.75277 -0.000241519
2.187 -4.70157 -0.000242353
2.188 -4.64954 -0.000234585
2.189 -4.59668 -0.000212313
2.19 -4.543 -0.000175511
2.191 -4.48853 -0.000132983
2.192 -4.43328 -9.95634e-05
2.193 -4.37726 -8.82969e-05
2.194 -4.32048 -0.00010183
2.195 -4.26297 -0.000128546
2.196 -4.20473 -0.000146918
2.197 -4.14578 -0.000136984
2.198 -4.08614 -9.3171e-05
2.199 -4.02581 -3.08715e-05
2.2 -3.96482 1.83263e-05
2.201 -3.90317 2.18972e-05
2.202 -3.84089 -3.50622e-05
2.203 -3.77798 -0.000138164
2.204 -3.71446 -0.000246617
2.205 -3.65035 -0.000311079
2.206 -3.58566 -0.0002985
2.207 -3.52042 -0.000211167
2.208 -3.45462 -8.89641e-05
2.209 -3.38829 7.99368e-06
2.21 -3.32145 2.87933e-05
2.211 -3.2541 -4.15273e-05
2.212 -3.18627 -0.000172305
2.213 -3.11797 -0.000300848
2.214 -3.04921 -0.000363405
2.215 -2.98001 -0.000328011
2.216 -2.91039 -0.000211938
2.217 -2.84036 -7.39778e-05
2.218 -2.76994 1.52323e-05
2.219 -2.69913 9.78665e-06
2.22 -2.62797 -8.71257e-05
2.221 -2.55645 -0.000224196
2.222 -2.48459 -0.000328229
2.223 -2.41241 -0.000342145
2.224 -2.33993 -0.000254849
2.225 -2.26715 -0.000107188
2.226 -2.1941 2.91741e-05
2.227 -2.12079 8.88127e-05
2.228 -2.04724 4.5984e-05
2.229 -1.97345 -7.30225e-05
2.23 -1.89945 -0.000204743
2.231 -1.82525 -0.000282249
2.232 -1.75086 -0.000269562
2.233 -1.67629 -0.000178752
2.234 -1.60157 -6.14065e-05
2.235 -1.52669 1.99343e-05
2.236 -1.45168 2.44095e-05
2.237 -1.37656 -4.78746e-05
2.238 -1.30133 -0.000159244
2.239 -1.22601 -0.000257169
2.24 -1.15061 -0.000302662
2.241 -1.07516 -0.000288531
2.242 -0.999656 -0.000238356
2.243 -0.92412 -0.000188469
2.244 -0.84856 -0.000164728
2.245 -0.772991 -0.000168124
2.246 -0.697423 -0.000177214
2.247 -0.621871 -0.000164988
2.248 -0.546346 -0.000119077
2.249 -0.470862 -5.24722e-05
2.25 -0.395433 2.15444e-06
2.251 -0.320072 1.13556e-05
2.252 -0.244791 -3.8218e-05
2.253 -0.169603 -0.000129639
2.254 -0.0945192 -0.000222714
2.255 -0.0195517 -0.000274633
2.256 0.0552883 -0.000262685
2.257 0.129989 -0.000196166
2.258 0.20454 -0.000110789
2.259 0.278928 -4.89067e-05
2.26 0.353141 -3.69162e-05
2.261 0.427167 -7.25724e-05
2.262 0.500995 -0.000128991
2.263 0.574613 -0.000172309
2.264 0.64801 -0.000182156
2.265 0.721176 -0.000162719
2.266 0.794102 -0.000138107
2.267 0.866778 -0.000135234
2.268 0.939193 -0.000164991
2.269 1.01134 -0.000213537
2.27 1.0832 -0.000249448
2.271 1.15477 -0.000242852
2.272 1.22604 -0.00018518
2.273 1.29698 -9.73629e-05
2.274 1.36761 -2.0717e-05
2.275 1.43789 5.15748e-06
2.276 1.50784 -3.47498e-05
2.277 1.57742 -0.000120457
2.278 1.64665 -0.000205733
2.279 1.71551 -0.000242036
2.28 1.78398 -0.000204997
2.281 1.85207 -0.00010895
2.282 1.91977 -1.15041e-06
2.283 1.98705 6.1796e-05
2.284 2.05392 4.31713e-05
2.285 2.12037 -5.42683e-05
2.286 2.18637 -0.000188648
2.287 2.25193 -0.000299145
2.288 2.31704 -0.000335581
2.289 2.38168 -0.000282408
2.29 2.44585 -0.000165242
2.291 2.50955 -3.72813e-05
2.292 2.57277 4.6904e-05
2.293 2.63549 5.68522e-05
2.294 2.69772 -1.28711e-06
2.295 2.75943 -9.03367e-05
2.296 2.82063 -0.000161746
2.297 2.8813 -0.000178887
2.298 2.94143 -0.000132791
2.299 3.00103 -4.38101e-05
2.3 3.06008 5.00564e-05
2.301 3.11857 0.000111366
2.302 3.17651 0.00011913
2.303 3.23388 7.58143e-05
2.304 3.29068 3.76314e-06
2.305 3.3469 -6.5868e-05
2.306 3.40252 -0.00010602
2.307 3.45755 -0.000103179
2.308 3.51198 -6.04488e-05
2.309 3.56579 5.71451e-06
2.31 3.61898 7.29169e-05
2.311 3.67154 0.000121294
2.312 3.72348 0.00014018
2.313 3.77477 0.00013102
2.314 3.82543 0.000105774
2.315 3.87544 8.14635e-05
2.316 3.92481 7.28168e-05
2.317 3.97351 8.59309e-05
2.318 4.02155 0.000115776
2.319 4.06891 0.00014897
2.32 4.1156 0.000170861
2.321 4.1616 0.000173581
2.322 4.20691 0.000160817
2.323 4.25152 0.000146301
2.324 4.29544 0.000146253
2.325 4.33864 0.000169477
2.326 4.38114 0.00021065
2.327 4.42292 0.000251125
2.328 4.46399 0.000267682
2.329 4.50433 0.000245083
2.33 4.54394 0.00018562
2.331 4.58281 0.000109967
2.332 4.62094 4.80741e-05
2.333 4.65833 2.44929e-05
2.334 4.69496 4.59185e-05
2.335 4.73085 9.79583e-05
2.336 4.76597 0.000153175
2.337 4.80033 0.000186084
2.338 4.83393 0.000186643
2.339 4.86676 0.000164415
2.34 4.89882 0.000140904
2.341 4.93009 0.000134601
2.342 4.96059 0.000147879
2.343 4.99029 0.00016418
2.344 5.01921 0.000157971
2.345 5.04733 0.000112126
2.346 5.07466 3.22535e-05
2.347 5.10119 -5.16078e-05
2.348 5.12692 -9.86067e-05
2.349 5.15185 -7.9612e-05
2.35 5.17597 3.8499e-06
2.351 5.19929 0.000115924
2.352 5.22179 0.000201911
2.353 5.24349 0.000216059
2.354 5.26436 0.000147172
2.355 5.28441 2.75723e-05
2.356 5.30364 -8.08217e-05
2.357 5.32204 -0.000117288
2.358 5.33962 -5.43317e-05
2.359 5.35636 8.61668e-05
2.36 5.37228 0.000241999
2.361 5.38737 0.00034099
2.362 5.40163 0.000337308
2.363 5.41506 0.000234842
2.364 5.42766 8.53265e-05
2.365 5.43942 -3.78954e-05
2.366 5.45035 -7.67723e-05
2.367 5.46045 -1.69275e-05
2.368 5.46971 0.000106944
2.369 5.47813 0.000230797
2.37 5.48571 0.000295
2.371 5.49246 0.00027406
2.372 5.49837 0.000187066
2.373 5.50345 8.44231e-05
2.374 5.50769 1.92415e-05
2.375 5.51109 1.94208e-05
2.376 5.51366 7.52199e-05
2.377 5.51539 0.00014789
2.378 5.51629 0.000193234
2.379 5.51636 0.000186231
2.38 5.5156 0.000133202
2.381 5.51401 6.57133e-05
2.382 5.5116 2.09097e-05
2.383 5.50836 2.01967e-05
2.384 5.5043 5.83134e-05
2.385 5.49943 0.000108226
2.386 5.49373 0.000138009
2.387 5.48722 0.000129371
2.388 5.47988 8.72357e-05
2.389 5.47174 3.55859e-05
2.39 5.46278 2.87607e-06
2.391 5.45302 6.03671e-06
2.392 5.44245 4.22128e-05
2.393 5.43108 9.22665e-05
2.394 5.41892 0.000133015
2.395 5.40597 0.000150402
2.396 5.39223 0.00014595
2.397 5.37771 0.000133435
2.398 5.36241 0.000128751
2.399 5.34633 0.000139695
2.4 5.32948 0.000161797
2.401 5.31187 0.000182081
2.402 5.29349 0.000187618
2.403 5.27435 0.000173119
2.404 5.25446 0.000143001
2.405 5.23382 0.000107404
2.406 5.21243 7.56365e-05
2.407 5.19031 5.18843e-05
2.408 5.16745 3.59061e-05
2.409 5.14387 2.74672e-05
2.41 5.11957 3.02376e-05
2.411 5.09455 5.10742e-05
2.412 5.06883 9.40367e-05
2.413 5.04241 0.000152905
2.414 5.01529 0.000208224
2.415 4.98748 0.000233039
2.416 4.95899 0.000206215
2.417 4.92982 0.000126651
2.418 4.89998 1.95012e-05
2.419 4.86948 -7.12645e-05
2.42 4.83832 -0.000102308
2.421 4.80651 -5.32931e-05
2.422 4.77406 5.99535e-05
2.423 4.74098 0.000189887
2.424 4.70727 0.000278722
2.425 4.67294 0.000286841
2.426 4.638 0.000213419
2.427 4.60246 9.78278e-05
2.428 4.56633 1.82727e-07
2.429 4.52961 -2.93632e-05
2.43 4.49231 2.34341e-05
2.431 4.45444 0.000129613
2.432 4.41601 0.000232466
2.433 4.37702 0.000277623
2.434 4.33748 0.000241679
2.435 4.2974 0.000143986
2.436 4.2568 3.54245e-05
2.437 4.21568 -2.95206e-05
2.438 4.17404 -2.20034e-05
2.439 4.13191 4.65507e-05
2.44 4.08928 0.000132122
2.441 4.04616 0.000183423
2.442 4.00257 0.000170571
2.443 3.95852 0.000101248
2.444 3.914 1.56888e-05
2.445 3.86904 -3.62641e-05
2.446 3.82364 -2.29458e-05
2.447 3.7778 5.19369e-05
2.448 3.73154 0.000151894
2.449 3.68488 0.000228019
2.45 3.63781 0.000245378
2.451 3.59035 0.000200779
2.452 3.5425 0.000122614
2.453 3.49428 5.37395e-05
2.454 3.4457 2.77342e-05
2.455 3.39676 5.19075e-05
2.456 3.34748 0.000105945
2.457 3.29785 0.000155752
2.458 3.24791 0.000173545
2.459 3.19764 0.000152378
2.46 3.14707 0.000107333
2.461 3.09619 6.39826e-05
2.462 3.04503 4.21477e-05
2.463 2.99359 4.51857e-05
2.464 2.94188 6.08876e-05
2.465 2.88991 7.24055e-05
2.466 2.83769 7.12741e-05
2.467 2.78523 6.35073e-05
2.468 2.73254 6.45277e-05
2.469 2.67962 8.62756e-05
2.47 2.62649 0.000125377
2.471 2.57316 0.000161104
2.472 2.51963 0.000165926
2.473 2.46591 0.000123202
2.474 2.41202 4.12389e-05
2.475 2.35796 -4.60143e-05
2.476 2.30374 -9.40433e-05
2.477 2.24938 -7.15681e-05
2.478 2.19487 2.0003e-05
2.479 2.14024 0.000143228
2.48 2.08549 0.000240824
2.481 2.03063 0.000263937
2.482 1.97566 0.000197706
2.483 1.9206 7.00763e-05
2.484 1.86546 -6.16072e-05
2.485 1.81024 -0.000139647
2.486 1.75494 -0.000135416
2.487 1.69959 -6.33884e-05
2.488 1.64418 2.77866e-05
2.489 1.58874 8.22925e-05
2.49 1.53326 6.74946e-05
2.491 1.47776 -8.87659e-06
2.492 1.42224 -0.000103913
2.493 1.36672 -0.000163956
2.494 1.3112 -0.000154601
2.495 1.25569 -7.97252e-05
2.496 1.20019 2.0749e-05
2.497 1.14472 9.27829e-05
2.498 1.08928 9.74541e-05
2.499 1.03387 3.13518e-05
2.5 0.978516 -7.27698e-05
2.501 0.923215 -0.000164824
2.502 0.867979 -0.000204723
2.503 0.812816 -0.000182888
2.504 0.757733 -0.000122986
2.505 0.702739 -6.62466e-05
2.506 0.64784 -4.70986e-05
2.507 0.593041 -7.43396e-05
2.508 0.538351 -0.000128295
2.509 0.483775 -0.000174798
2.51 0.429321 -0.000186978
2.511 0.374997 -0.000161566
2.512 0.32081 -0.000119983
2.513 0.26677 -9.38374e-05
2.514 0.212883 -0.000103865
2.515 0.159157 -0.000145428
2.516 0.105598 -0.00018982
2.517 0.0522111 -0.00020122
2.518 -0.000997688 -0.000159528
2.519 -0.0540235 -7.53531e-05
2.52 -0.106861 1.25452e-05
2.521 -0.159503 5.70655e-05
2.522 -0.211944 2.93547e-05
2.523 -0.264176 -6.28405e-05
2.524 -0.316191 -0.000176121
2.525 -0.367981 -0.000252307
2.526 -0.419541 -0.000248684
2.527 -0.470864 -0.000161409
2.528 -0.521943 -2.90936e-05
2.529 -0.572776 8.59694e-05
2.53 -0.623357 0.000129404
2.531 -0.673681 8.25662e-05
2.532 -0.723744 -2.81586e-05
2.533 -0.77354 -0.000145451
2.534 -0.823063 -0.000210968
2.535 -0.872306 -0.000195112
2.536 -0.921262 -0.000111004
2.537 -0.969925 -5.69015e-06
2.538 -1.01829 6.61015e-05
2.539 -1.06635 7.11081e-05
2.54 -1.1141 1.38982e-05
2.541 -1.16154 -6.78965e-05
2.542 -1.20867 -0.000126123
2.543 -1.25547 -0.000129476
2.544 -1.30195 -8.04607e-05
2.545 -1.34811 -1.28605e-05
2.546 -1.39392 2.83798e-05
2.547 -1.43939 1.32225e-05
2.548 -1.48452 -5.61832e-05
2.549 -1.52929 -0.000146609
2.55 -1.5737 -0.000212443
2.551 -1.61775 -0.000221325
2.552 -1.66143 -0.000172269
2.553 -1.70475 -9.60778e-05
2.554 -1.7477 -3.78049e-05
2.555 -1.79026 -3.1057e-05
2.556 -1.83245 -7.85645e-05
2.557 -1.87426 -0.00015003
2.558 -1.91567 -0.000198742
2.559 -1.95668 -0.000188027
2.56 -1.99729 -0.000112998
2.561 -2.03749 -5.41499e-06
2.562 -2.07729 8.15302e-05
2.563 -2.11667 0.000100804
2.564 -2.15564 3.69889e-05
2.565 -2.19419 -8.40387e-05
2.566 -2.23232 -0.00020666
2.567 -2.27002 -0.000272658
2.568 -2.30729 -0.000250103
2.569 -2.34413 -0.000149195
2.57 -2.38053 -1.70161e-05
2.571 -2.41648 8.59809e-05
2.572 -2.45198 0.000115625
2.573 -2.48703 6.47846e-05
2.574 -2.52163 -3.49727e-05
2.575 -2.55577 -0.000131039
2.576 -2.58945 -0.000177142
2.577 -2.62267 -0.000156181
2.578 -2.65542 -8.70744e-05
2.579 -2.68771 -1.27871e-05
2.58 -2.71952 2.35386e-05
2.581 -2.75086 1.48248e-06
2.582 -2.78171 -6.66271e-05
2.583 -2.81208 -0.000143398
2.584 -2.84195 -0.000187215
2.585 -2.87134 -0.000174919
2.586 -2.90023 -0.000114283
2.587 -2.92863 -3.98325e-05
2.588 -2.95653 5.64595e-06
2.589 -2.98393 -5.91602e-06
2.59 -3.01083 -7.2445e-05
2.591 -3.03723 -0.00016193
2.592 -3.06312 -0.000228209
2.593 -3.08849 -0.000234322
2.594 -3.11335 -0.000171554
2.595 -3.13768 -6.45625e-05
2.596 -3.1615 4.00413e-05
2.597 -3.18479 9.5976e-05
2.598 -3.20756 7.94617e-05
2.599 -3.2298 4.52483e-07
2.6 -3.25151 -0.000102405
2.601 -3.2727 -0.000180434
2.602 -3.29335 -0.000198045
2.603 -3.31348 -0.000149162
2.604 -3.33306 -5.93375e-05
2.605 -3.3521 2.71024e-05
2.606 -3.3706 6.83648e-05
2.607 -3.38856 4.46689e-05
2.608 -3.40597 -3.31876e-05
2.609 -3.42283 -0.000129797
2.61 -3.43914 -0.000202314
2.611 -3.45491 -0.000220394
2.612 -3.47013 -0.00017952
2.613 -3.48479 -0.000101822
2.614 -3.49891 -2.45913e-05
2.615 -3.51247 1.76235e-05
2.616 -3.52547 8.72087e-06
2.617 -3.53791 -4.26079e-05
2.618 -3.5498 -0.000108386
2.619 -3.56113 -0.000155573
2.62 -3.5719 -0.000161968
2.621 -3.58211 -0.000126301
2.622 -3.59176 -6.80261e-05
2.623 -3.60085 -1.7318e-05
2.624 -3.60939 -2.53738e-07
2.625 -3.61736 -2.62437e-05
2.626 -3.62477 -8.34878e-05
2.627 -3.63161 -0.000144394
2.628 -3.63789 -0.000178304
2.629 -3.6436 -0.000165638
2.63 -3.64875 -0.000107071
2.631 -3.65333 -2.37236e-05
2.632 -3.65736 5.15967e-05
2.633 -3.66082 8.81806e-05
2.634 -3.66372 7.02225e-05
2.635 -3.66607 3.25058e-06
2.636 -3.66785 -8.83493e-05
2.637 -3.66908 -0.000171418
2.638 -3.66975 -0.000217308
2.639 -3.66986 -0.000212821
2.64 -3.66941 -0.000164478
2.641 -3.66841 -9.47429e-05
2.642 -3.66685 -3.21467e-05
2.643 -3.66473 3.56266e-07
2.644 -3.66207 -5.97091e-06
2.645 -3.65885 -4.3285e-05
2.646 -3.65509 -9.16173e-05
2.647 -3.65078 -0.000127906
2.648 -3.64592 -0.000135673
2.649 -3.64052 -0.000111395
2.65 -3.63459 -6.52195e-05
2.651 -3.62811 -1.60762e-05
2.652 -3.62109 1.65116e-05
2.653 -3.61354 2.04268e-05
2.654 -3.60546 -4.43235e-06
2.655 -3.59685 -4.6603e-05
2.656 -3.58771 -8.81311e-05
2.657 -3.57804 -0.00011202
2.658 -3.56786 -0.000108992
2.659 -3.55715 -8.0912e-05
2.66 -3.54593 -3.9678e-05
2.661 -3.53419 -2.19335e-06
2.662 -3.52195 1.64696e-05
2.663 -3.50919 8.99643e-06
2.664 -3.49594 -2.14028e-05
2.665 -3.48218 -6.23393e-05
2.666 -3.46793 -9.7064e-05
2.667 -3.45319 -0.000110837
2.668 -3.43796 -9.64256e-05
2.669 -3.42225 -5.67211e-05
2.67 -3.40606 -3.60614e-06
2.671 -3.38938 4.6404e-05
2.672 -3.37224 7.80743e-05
2.673 -3.35462 8.27586e-05
2.674 -3.33654 6.12481e-05
2.675 -3.318 2.32537e-05
2.676 -3.29901 -1.61708e-05
2.677 -3.27956 -4.19067e-05
2.678 -3.25967 -4.3873e-05
2.679 -3.23933 -2.02272e-05
2.68 -3.21856 2.23259e-05
2.681 -3.19736 7.10791e-05
2.682 -3.17573 0.000111728
2.683 -3.15367 0.000133075
2.684 -3.1312 0.000130473
2.685 -3.10831 0.000106946
2.686 -3.08502 7.17737e-05
2.687 -3.06133 3.71577e-05
2.688 -3.03724 1.4181e-05
2.689 -3.01276 9.4161e-06
2.69 -2.9879 2.32321e-05
2.691 -2.96265 5.02214e-05
2.692 -2.93703 8.14485e-05
2.693 -2.91104 0.00010765
2.694 -2.88468 0.00012227
2.695 -2.85797 0.000123349
2.696 -2.8309 0.000113728
2.697 -2.80348 9.96229e-05
2.698 -2.77572 8.81432e-05
2.699 -2.74763 8.46639e-05
2.7 -2.71922 9.09263e-05
2.701 -2.69048 0.000104478
2.702 -2.66143 0.000119582
2.703 -2.63207 0.000129247
2.704 -2.6024 0.000127674
2.705 -2.57244 0.000112305
2.706 -2.54218 8.48332e-05
2.707 -2.51163 5.08405e-05
2.708 -2.4808 1.8223e-05
2.709 -2.44969 -5.11742e-06
2.71 -2.41832 -1.35887e-05
2.711 -2.38669 -5.54232e-06
2.712 -2.3548 1.62507e-05
2.713 -2.32266 4.53946e-05
2.714 -2.29028 7.36788e-05
2.715 -2.25767 9.33558e-05
2.716 -2.22483 9.92331e-05
2.717 -2.19176 8.99952e-05
2.718 -2.15847 6.84199e-05
2.719 -2.12498 4.04709e-05
2.72 -2.09128 1.35666e-05
2.721 -2.05738 -5.46559e-06
2.722 -2.02329 -1.21765e-05
2.723 -1.98902 -5.55273e-06
2.724 -1.95457 1.19035e-05
2.725 -1.91994 3.50401e-05
2.726 -1.88515 5.7582e-05
2.727 -1.85019 7.38723e-05
2.728 -1.81508 8.03478e-05
2.729 -1.77982 7.63716e-05
2.73 -1.74442 6.42349e-05
2.731 -1.70888 4.83793e-05
2.732 -1.67322 3.40883e-05
2.733 -1.63743 2.60285e-05
2.734 -1.60153 2.7033e-05
2.735 -1.56552 3.7434e-05
2.736 -1.52941 5.50862e-05
2.737 -1.4932 7.60325e-05
2.738 -1.4569 9.55975e-05
2.739 -1.42051 0.000109601
2.74 -1.38404 0.000115365
2.741 -1.34749 0.000112282
2.742 -1.31087 0.000101811
2.743 -1.27419 8.69652e-05
2.744 -1.23746 7.1439e-05
2.745 -1.20067 5.86269e-05
2.746 -1.16384 5.07889e-05
2.747 -1.12698 4.85609e-05
2.748 -1.09008 5.0915e-05
2.749 -1.05315 5.55603e-05
2.75 -1.01621 5.96629e-05
2.751 -0.979246 6.06947e-05
2.752 -0.942274 5.71818e-05
2.753 -0.905297 4.9156e-05
2.754 -0.868321 3.81783e-05
2.755 -0.831351 2.69233e-05
2.756 -0.794391 1.84311e-05
2.757 -0.757449 1.52368e-05
2.758 -0.720529 1.86349e-05
2.759 -0.683637 2.82971e-05
2.76 -0.646778 4.2359e-05
2.761 -0.609956 5.79349e-05
2.762 -0.573178 7.18822e-05
2.763 -0.536449 8.15629e-05
2.764 -0.499773 8.53765e-05
2.765 -0.463156 8.29512e-05
2.766 -0.426603 7.50322e-05
2.767 -0.390119 6.321e-05
2.768 -0.353709 4.96504e-05
2.769 -0.317377 3.68949e-05
2.77 -0.281128 2.76724e-05
2.771 -0.244965 2.45739e-05
2.772 -0.208894 2.9481e-05
2.773 -0.172919 4.28097e-05
2.774 -0.137045 6.28501e-05
2.775 -0.101276 8.56177e-05
2.776 -0.0656169 0.000105552
2.777 -0.0300733 0.000117072
2.778 0.00535051 0.00011654
2.779 0.0406499 0.000103857
2.78 0.0758204 8.28419e-05
2.781 0.110858 6.00062e-05
2.782 0.145758 4.20269e-05
2.783 0.180517 3.29414e-05
2.784 0.215131 3.24042e-05
2.785 0.249596 3.60041e-05
2.786 0.283908 3.77072e-05
2.787 0.318064 3.33716e-05
2.788 0.35206 2.35384e-05
2.789 0.385891 1.38333e-05
2.79 0.419555 1.23765e-05
2.791 0.453048 2.5178e-05
2.792 0.486364 5.18011e-05
2.793 0.519501 8.38334e-05
2.794 0.552454 0.000107592
2.795 0.585219 0.000110388
2.796 0.617792 8.75784e-05
2.797 0.65017 4.6695e-05
2.798 0.682349 5.86858e-06
2.799 0.714326 -1.36291e-05
2.8 0.746099 2.21716e-06
2.801 0.777663 5.18145e-05
2.802 0.809017 0.000116343
2.803 0.840157 0.000166722
2.804 0.87108 0.000176781
2.805 0.901782 0.000136728
2.806 0.932259 6.002e-05
2.807 0.962508 -2.06651e-05
2.808 0.992525 -6.76015e-05
2.809 1.02231 -5.62598e-05
2.81 1.05185 1.12148e-05
2.811 1.08115 0.000104626
2.812 1.11021 0.000178351
2.813 1.13902 0.000192889
2.814 1.16758 0.000135245
2.815 1.19589 2.77136e-05
2.816 1.22394 -8.03584e-05
2.817 1.25174 -0.000135065
2.818 1.27928 -0.000104476
2.819 1.30656 3.83335e-06
2.82 1.33356 0.000143669
2.821 1.3603 0.000250332
2.822 1.38677 0.000271107
2.823 1.41296 0.00019158
2.824 1.43887 4.45046e-05
2.825 1.4645 -0.00010398
2.826 1.48985 -0.000184934
2.827 1.51491 -0.000159537
2.828 1.53969 -3.82302e-05
2.829 1.56418 0.000123659
2.83 1.58837 0.000252083
2.831 1.61227 0.000289628
2.832 1.63587 0.000222716
2.833 1.65917 8.72331e-05
2.834 1.68217 -5.01076e-05
2.835 1.70486 -0.000125175
2.836 1.72725 -0.000107715
2.837 1.74933 -1.48783e-05
2.838 1.77109 9.94892e-05
2.839 1.79255 0.000173749
2.84 1.81369 0.000170314
2.841 1.83451 9.39218e-05
2.842 1.855 -1.27524e-05
2.843 1.87518 -9.31937e-05
2.844 1.89503 -0.000107561
2.845 1.91456 -5.32062e-05
2.846 1.93376 3.5518e-05
2.847 1.95263 0.000107533
2.848 1.97117 0.000123867
2.849 1.98937 7.90376e-05
2.85 2.00724 3.26987e-06
2.851 2.02476 -5.54732e-05
2.852 2.04195 -5.94684e-05
2.853 2.0588 -3.46735e-06
2.854 2.0753 8.13836e-05
2.855 2.09146 0.000144351
2.856 2.10727 0.000143495
2.857 2.12274 6.99006e-05
2.858 2.13785 -4.58437e-05
2.859 2.15262 -0.000148864
2.86 2.16704 -0.000188896
2.861 2.1811 -0.000147219
2.862 2.19481 -4.69285e-05
2.863 2.20816 5.91488e-05
2.864 2.22115 0.000116373
2.865 2.23378 9.69278e-05
2.866 2.24605 1.37116e-05
2.867 2.25795 -8.78388e-05
2.868 2.2695 -0.000155178
2.869 2.28068 -0.000157165
2.87 2.2915 -9.99995e-05
2.871 2.30195 -2.21055e-05
2.872 2.31204 2.87034e-05
2.873 2.32176 2.26562e-05
2.874 2.33111 -3.54481e-05
2.875 2.34009 -0.000109769
2.876 2.3487 -0.000154738
2.877 2.35694 -0.000141826
2.878 2.36481 -7.64381e-05
2.879 2.37231 4.73881e-06
2.88 2.37943 5.44455e-05
2.881 2.38618 4.18527e-05
2.882 2.39256 -2.94966e-05
2.883 2.39857 -0.000123052
2.884 2.4042 -0.000189248
2.885 2.40945 -0.00019292
2.886 2.41434 -0.000132727
2.887 2.41884 -4.17165e-05
2.888 2.42298 3.12303e-05
2.889 2.42674 4.85375e-05
2.89 2.43012 4.4093e-06
2.891 2.43313 -7.27548e-05
2.892 2.43577 -0.000137103
2.893 2.43803 -0.000151513
2.894 2.43992 -0.00010828
2.895 2.44143 -3.26787e-05
2.896 2.44258 3.23395e-05
2.897 2.44335 5.12965e-05
2.898 2.44374 1.66169e-05
2.899 2.44377 -4.73595e-05
2.9 2.44342 -9.89571e-05
2.901 2.44271 -0.000103791
2.902 2.44162 -5.51533e-05
2.903 2.44017 2.16349e-05
2.904 2.43835 8.34319e-05
2.905 2.43617 9.38865e-05
2.906 2.43362 4.43262e-05
2.907 2.43071 -4.10385e-05
2.908 2.42743 -0.00011854
2.909 2.42379 -0.000149397
2.91 2.41979 -0.00012106
2.911 2.41543 -5.34911e-05
2.912 2.41071 1.30101e-05
2.913 2.40563 4.12003e-05
2.914 2.40021 1.79629e-05
2.915 2.39443 -3.89968e-05
2.916 2.3883 -9.24497e-05
2.917 2.38183 -0.000108126
2.918 2.375 -7.51759e-05
2.919 2.36784 -1.26842e-05
2.92 2.36032 4.14664e-05
2.921 2.35247 5.28327e-05
2.922 2.34427 1.07487e-05
2.923 2.33574 -6.50748e-05
2.924 2.32687 -0.000135514
2.925 2.31767 -0.00016419
2.926 2.30814 -0.000138001
2.927 2.29829 -7.41963e-05
2.928 2.2881 -1.00334e-05
2.929 2.2776 1.88645e-05
2.93 2.26678 -1.15241e-06
2.931 2.25564 -5.44663e-05
2.932 2.24418 -0.000106008
2.933 2.23242 -0.000122279
2.934 2.22034 -9.12111e-05
2.935 2.20795 -2.92663e-05
2.936 2.19526 2.83015e-05
2.937 2.18228 4.82437e-05
2.938 2.16899 1.89714e-05
2.939 2.15541 -4.24325e-05
2.94 2.14155 -9.99354e-05
2.941 2.12739 -0.000119352
2.942 2.11296 -8.81366e-05
2.943 2.09824 -2.27043e-05
2.944 2.08325 4.08932e-05
2.945 2.06797 6.74985e-05
2.946 2.05243 4.27048e-05
2.947 2.03662 -1.93256e-05
2.948 2.02054 -8.43871e-05
2.949 2.0042 -0.00011795
2.95 1.98761 -0.000104573
2.951 1.97076 -5.59134e-05
2.952 1.95367 -3.03427e-06
2.953 1.93633 2.21233e-05
2.954 1.91875 5.10608e-06
2.955 1.90094 -4.3461e-05
2.956 1.88289 -9.51016e-05
2.957 1.86461 -0.000120799
2.958 1.8461 -0.000107882
2.959 1.82736 -6.6537e-05
2.96 1.80841 -2.24574e-05
2.961 1.78924 -5.27546e-07
2.962 1.76987 -9.7346e-06
2.963 1.75028 -3.85383e-05
2.964 1.7305 -6.33611e-05
2.965 1.71051 -6.47023e-05
2.966 1.69034 -4.06e-05
2.967 1.66997 -8.71533e-06
2.968 1.64942 4.69515e-06
2.969 1.62869 -1.75929e-05
2.97 1.60777 -7.05176e-05
2.971 1.58669 -0.000126668
2.972 1.56543 -0.000150552
2.973 1.544 -0.000119577
2.974 1.52242 -3.95547e-05
2.975 1.50068 5.50157e-05
2.976 1.47879 0.000117244
2.977 1.45675 0.000112555
2.978 1.43457 3.83654e-05
2.979 1.41225 -7.24809e-05
2.98 1.38979 -0.000167131
2.981 1.3672 -0.000199289
2.982 1.34448 -0.000152997
2.983 1.32163 -5.10217e-05
2.984 1.29867 5.65802e-05
2.985 1.27559 0.000117623
2.986 1.2524 0.000103467
2.987 1.2291 2.20667e-05
2.988 1.20571 -8.767e-05
2.989 1.18222 -0.000176368
2.99 1.15863 -0.000208212
2.991 1.13496 -0.000176217
2.992 1.1112 -0.000101971
2.993 1.08736 -2.16843e-05
2.994 1.06344 3.27248e-05
2.995 1.03945 4.73117e-05
2.996 1.01539 2.84543e-05
2.997 0.991256 -5.2905e-06
2.998 0.967066 -3.54704e-05
2.999 0.942821 -5.26351e-05
3 0.918524 -5.76614e-05
3.001 0.894179 -5.66176e-05
3.002 0.869791 -5.40921e-05
3.003 0.845362 -5.00084e-05
3.004 0.820895 -4.16757e-05
3.005 0.796395 -2.86551e-05
3.006 0.771865 -1.58996e-05
3.007 0.747309 -1.19739e-05
3.008 0.722732 -2.29969e-05
3.009 0.698137 -4.65493e-05
3.01 0.673529 -7.05155e-05
3.011 0.648911 -7.8932e-05
3.012 0.624287 -6.21088e-05
3.013 0.59966 -2.47551e-05
3.014 0.575034 1.38566e-05
3.015 0.550412 2.92621e-05
3.016 0.525797 6.25259e-06
3.017 0.501193 -4.99827e-05
3.018 0.476605 -0.00011347
3.019 0.452037 -0.000149551
3.02 0.427493 -0.000133771
3.021 0.402976 -6.7152e-05
3.022 0.37849 2.15e-05
3.023 0.354037 8.88319e-05
3.024 0.329621 9.95149e-05
3.025 0.305244 4.60704e-05
3.026 0.280907 -4.53948e-05
3.027 0.256615 -0.000127598
3.028 0.23237 -0.000156677
3.029 0.208175 -0.000115907
3.03 0.184036 -2.53883e-05
3.031 0.159957 6.80579e-05
3.032 0.13594 0.000115777
3.033 0.111991 9.35832e-05
3.034 0.0881116 1.50608e-05
3.035 0.0643047 -7.56427e-05
3.036 0.0405725 -0.000127795
3.037 0.0169171 -0.000111813
3.038 -0.00665949 -3.5558e-05
3.039 -0.0301546 5.98196e-05
3.04 -0.0535655 0.000122247
3.041 -0.0768889 0.000117103
3.042 -0.100121 4.61017e-05
3.043 -0.123259 -5.35522e-05
3.044 -0.1463 -0.000129145
3.045 -0.16924 -0.000140572
3.046 -0.192077 -8.13297e-05
3.047 -0.214809 1.87713e-05
3.048 -0.237434 0.000110207
3.049 -0.259949 0.000150265
3.05 -0.282353 0.000125009
3.051 -0.304642 5.51298e-05
3.052 -0.326813 -1.68157e-05
3.053 -0.348864 -5.01637e-05
3.054 -0.370792 -2.77126e-05
3.055 -0.392593 3.63282e-05
3.056 -0.414264 0.000105583
3.057 -0.435805 0.000142121
3.058 -0.457213 0.000126811
3.059 -0.478487 6.8602e-05
3.06 -0.499626 -1.56765e-06
3.061 -0.520627 -4.8061e-05
3.062 -0.541488 -4.91799e-05
3.063 -0.562208 -7.28456e-06
3.064 -0.582783 5.42458e-05
3.065 -0.603209 0.000104556
3.066 -0.623485 0.000121431
3.067 -0.643607 0.000101433
3.068 -0.663573 5.94764e-05
3.069 -0.683382 1.92135e-05
3.07 -0.703031 2.00396e-07
3.071 -0.72252 8.76342e-06
3.072 -0.741847 3.66815e-05
3.073 -0.76101 6.72458e-05
3.074 -0.780008 8.45757e-05
3.075 -0.798839 8.10826e-05
3.076 -0.817499 5.97756e-05
3.077 -0.835987 3.12569e-05
3.078 -0.854301 7.85723e-06
3.079 -0.872437 -1.83924e-06
3.08 -0.890395 4.17258e-06
3.081 -0.908173 2.15831e-05
3.082 -0.92577 4.2174e-05
3.083 -0.943184 5.6994e-05
3.084 -0.960414 5.93063e-05
3.085 -0.977458 4.68084e-05
3.086 -0.994314 2.27609e-05
3.087 -1.01098 -4.49132e-06
3.088 -1.02745 -2.40584e-05
3.089 -1.04373 -2.68383e-05
3.09 -1.05981 -1.01714e-05
3.091 -1.0757 1.95655e-05
3.092 -1.09138 4.85101e-05
3.093 -1.10687 6.12793e-05
3.094 -1.12216 4.90308e-05
3.095 -1.13724 1.54572e-05
3.096 -1.15212 -2.31576e-05
3.097 -1.1668 -4.49534e-05
3.098 -1.18127 -3.37603e-05
3.099 -1.19553 1.11449e-05
3.1 -1.20958 7.25385e-05
3.101 -1.22341 0.000122341
3.102 -1.23703 0.000135431
3.103 -1.25044 0.000103185
3.104 -1.26362 3.92229e-05
3.105 -1.27659 -2.64055e-05
3.106 -1.28934 -6.21443e-05
3.107 -1.30187 -5.12698e-05
3.108 -1.31419 -7.43399e-07
3.109 -1.32628 6.25254e-05
3.11 -1.33815 0.000106228
3.111 -1.34979 0.000110106
3.112 -1.36121 7.6555e-05
3.113 -1.3724 2.83736e-05
3.114 -1.38336 -5.08016e-06
3.115 -1.39409 -5.31145e-06
3.116 -1.40459 2.45334e-05
3.117 -1.41486 6.20117e-05
3.118 -1.42489 7.96379e-05
3.119 -1.43469 6.26295e-05
3.12 -1.44426 1.93199e-05
3.121 -1.45359 -2.25793e-05
3.122 -1.46268 -3.23832e-05
3.123 -1.47154 3.79838e-06
3.124 -1.48016 7.18762e-05
3.125 -1.48854 0.000134757
3.126 -1.49668 0.000151889
3.127 -1.50458 0.000103009
3.128 -1.51223 2.48117e-06
3.129 -1.51965 -0.00010486
3.13 -1.52682 -0.000165404
3.131 -1.53375 -0.00014501
3.132 -1.54043 -4.84931e-05
3.133 -1.54688 8.08109e-05
3.134 -1.55307 0.000182032
3.135 -1.55902 0.000207666
3.136 -1.56472 0.00014806
3.137 -1.57018 3.62983e-05
3.138 -1.57538 -6.92528e-05
3.139 -1.58034 -0.000115473
3.14 -1.58505 -8.17778e-05
3.141 -1.58951 1.02798e-05
3.142 -1.59373 0.000109868
3.143 -1.5977 0.000164775
3.144 -1.60142 0.000149003
3.145 -1.60489 7.52618e-05
3.146 -1.60812 -1.37837e-05
3.147 -1.61109 -6.99313e-05
3.148 -1.61381 -6.56053e-05
3.149 -1.61628 -7.45944e-06
3.15 -1.6185 6.93838e-05
3.151 -1.62047 0.000122279
3.152 -1.62219 0.000124803
3.153 -1.62366 7.99803e-05
3.154 -1.62489 1.62377e-05
3.155 -1.62587 -3.05722e-05
3.156 -1.6266 -3.80079e-05
3.157 -1.62708 -8.62261e-06
3.158 -1.62732 3.38549e-05
3.159 -1.62731 6.06024e-05
3.16 -1.62705 5.58308e-05
3.161 -1.62654 2.59361e-05
3.162 -1.62579 -5.58347e-06
3.163 -1.62479 -1.39385e-05
3.164 -1.62355 1.03992e-05
3.165 -1.62206 5.47652e-05
3.166 -1.62033 9.14458e-05
3.167 -1.61836 9.47361e-05
3.168 -1.61615 5.75951e-05
3.169 -1.6137 -2.41535e-06
3.17 -1.61101 -5.19955e-05
3.171 -1.60808 -6.10573e-05
3.172 -1.60491 -2.08372e-05
3.173 -1.6015 4.96275e-05
3.174 -1.59786 0.000112967
3.175 -1.59398 0.000134018
3.176 -1.58987 9.99752e-05
3.177 -1.58553 2.85791e-05
3.178 -1.58096 -4.07317e-05
3.179 -1.57616 -6.81987e-05
3.18 -1.57113 -3.59853e-05
3.181 -1.56587 4.1132e-05
3.182 -1.56039 0.000122818
3.183 -1.55468 0.000164438
3.184 -1.54875 0.000141112
3.185 -1.54259 6.15029e-05
3.186 -1.53621 -3.61961e-05
3.187 -1.52962 -0.000104014
3.188 -1.52282 -0.000109155
3.189 -1.5158 -5.08956e-05
3.19 -1.50856 3.94412e-05
3.191 -1.50112 0.000115179
3.192 -1.49347 0.000138636
3.193 -1.48561 0.000100245
3.194 -1.47755 2.26524e-05
3.195 -1.46928 -5.19331e-05
3.196 -1.4608 -8.4052e-05
3.197 -1.45213 -5.71555e-05
3.198 -1.44326 1.46641e-05
3.199 -1.43419 9.48381e-05
3.2 -1.42493 0.000143553
3.201 -1.41548 0.000137803
3.202 -1.40584 8.21066e-05
3.203 -1.39602 4.99845e-06
3.204 -1.38601 -5.61808e-05
3.205 -1.37582 -7.39526e-05
3.206 -1.36545 -4.34025e-05
3.207 -1.3549 1.69292e-05
3.208 -1.34417 7.55779e-05
3.209 -1.33327 0.000104153
3.21 -1.32219 9.06514e-05
3.211 -1.31096 4.39016e-05
3.212 -1.29955 -1.22573e-05
3.213 -1.28799 -5.14105e-05
3.214 -1.27626 -5.71555e-05
3.215 -1.26438 -2.99098e-05
3.216 -1.25234 1.47091e-05
3.217 -1.24015 5.43871e-05
3.218 -1.22781 7.0916e-05
3.219 -1.21531 5.81148e-05
3.22 -1.20267 2.35359e-05
3.221 -1.18989 -1.62119e-05
3.222 -1.17697 -4.37853e-05
3.223 -1.16391 -4.89685e-05
3.224 -1.15071 -3.25802e-05
3.225 -1.13739 -5.0331e-06
3.226 -1.12394 1.93286e-05
3.227 -1.11036 2.91933e-05
3.228 -1.09666 2.12803e-05
3.229 -1.08283 1.22499e-06
3.23 -1.06889 -1.97879e-05
3.231 -1.05483 -3.08408e-05
3.232 -1.04066 -2.67074e-05
3.233 -1.02638 -1.03444e-05
3.234 -1.01199 8.64154e-06
3.235 -0.997503 1.87355e-05
3.236 -0.982911 1.21615e-05
3.237 -0.96822 -1.12399e-05
3.238 -0.953434 -4.37024e-05
3.239 -0.938556 -7.28858e-05
3.24 -0.923587 -8.72871e-05
3.241 -0.908531 -8.12183e-05
3.242 -0.89339 -5.71623e-05
3.243 -0.878167 -2.46152e-05
3.244 -0.862865 3.87029e-06
3.245 -0.847487 1.75928e-05
3.246 -0.832036 1.15225e-05
3.247 -0.816514 -1.22772e-05
3.248 -0.800925 -4.57895e-05
3.249 -0.785271 -7.79474e-05
3.25 -0.769555 -9.81148e-05
3.251 -0.753779 -9.91364e-05
3.252 -0.737947 -7.93634e-05
3.253 -0.722062 -4.337e-05
3.254 -0.706125 -1.16845e-06
3.255 -0.69014 3.42052e-05
3.256 -0.674109 5.05377e-05
3.257 -0.658035 4.0854e-05
3.258 -0.641922 6.82291e-06
3.259 -0.625771 -4.06277e-05
3.26 -0.609586 -8.45078e-05
3.261 -0.593368 -0.000108155
3.262 -0.577122 -0.000102385
3.263 -0.560848 -7.00368e-05
3.264 -0.544551 -2.53024e-05
3.265 -0.528231 1.24591e-05
3.266 -0.511891 2.7809e-05
3.267 -0.495535 1.67734e-05
3.268 -0.479164 -1.12226e-05
3.269 -0.462782 -3.83924e-05
3.27 -0.446391 -4.82265e-05
3.271 -0.429993 -3.46397e-05
3.272 -0.413593 -5.48528e-06
3.273 -0.397192 2.18076e-05
3.274 -0.380793 3.0318e-05
3.275 -0.364398 1.38301e-05
3.276 -0.34801 -1.88724e-05
3.277 -0.331629 -4.8515e-05
3.278 -0.315258 -5.64996e-05
3.279 -0.298899 -3.64487e-05
3.28 -0.282553 8.39623e-07
3.281 -0.266225 3.25573e-05
3.282 -0.249915 3.68855e-05
3.283 -0.233627 6.62526e-06
3.284 -0.217365 -4.47414e-05
3.285 -0.201131 -8.89378e-05
3.286 -0.184927 -9.83445e-05
3.287 -0.168755 -6.27135e-05
3.288 -0.152618 2.65766e-06
3.289 -0.136515 6.29483e-05
3.29 -0.12045 8.18701e-05
3.291 -0.104423 4.24007e-05
3.292 -0.0884359 -4.15017e-05
3.293 -0.072491 -0.000129669
3.294 -0.0565908 -0.000175626
3.295 -0.040738 -0.000151595
3.296 -0.0249356 -6.50097e-05
3.297 -0.0091859 4.31701e-05
3.298 0.00650878 0.0001185
3.299 0.0221467 0.00012144
3.3 0.0377266 4.9003e-05
3.301 0.0532473 -6.2409e-05
3.302 0.0687077 -0.000155183
3.303 0.0841065 -0.000180528
3.304 0.099442 -0.000124469
3.305 0.114712 -1.57041e-05
3.306 0.129914 8.91857e-05
3.307 0.145047 0.000135516
3.308 0.160106 9.9397e-05
3.309 0.17509 2.49042e-07
3.31 0.189998 -0.000109757
3.311 0.204827 -0.000173562
3.312 0.219577 -0.000159301
3.313 0.234247 -7.64569e-05
3.314 0.248836 3.03207e-05
3.315 0.263343 0.000105918
3.316 0.277766 0.000114219
3.317 0.292103 5.63087e-05
3.318 0.306352 -3.20293e-05
3.319 0.320511 -0.000101395
3.32 0.334578 -0.000116213
3.321 0.348551 -7.32469e-05
3.322 0.362428 -1.40961e-06
3.323 0.376209 5.6177e-05
3.324 0.389892 6.70626e-05
3.325 0.403477 2.70542e-05
3.326 0.416963 -3.90435e-05
3.327 0.430347 -9.31616e-05
3.328 0.44363 -0.000106458
3.329 0.456809 -7.53765e-05
3.33 0.469882 -2.22898e-05
3.331 0.482847 1.90107e-05
3.332 0.495703 2.39296e-05
3.333 0.508449 -8.54234e-06
3.334 0.521083 -5.59859e-05
3.335 0.533605 -8.67976e-05
3.336 0.546014 -7.97428e-05
3.337 0.558309 -3.70387e-05
3.338 0.570489 1.68134e-05
3.339 0.582551 4.96895e-05
3.34 0.594496 4.12263e-05
3.341 0.606319 -4.62446e-06
3.342 0.618021 -6.13826e-05
3.343 0.6296 -9.5235e-05
3.344 0.641054 -8.48229e-05
3.345 0.652384 -3.40848e-05
3.346 0.663588 2.93875e-05
3.347 0.674666 6.96577e-05
3.348 0.685618 6.27313e-05
3.349 0.696441 1.02856e-05
3.35 0.707136 -6.09226e-05
3.351 0.717699 -0.000113596
3.352 0.72813 -0.000120174
3.353 0.738427 -7.755e-05
3.354 0.748588 -8.26727e-06
3.355 0.758613 5.21181e-05
3.356 0.7685 7.41646e-05
3.357 0.778249 4.95545e-05
3.358 0.78786 -5.91325e-06
3.359 0.797332 -6.22827e-05
3.36 0.806665 -9.21699e-05
3.361 0.815859 -8.47747e-05
3.362 0.824911 -4.98268e-05
3.363 0.833821 -1.01765e-05
3.364 0.842587 1.19292e-05
3.365 0.851207 6.80333e-06
3.366 0.859681 -1.88599e-05
3.367 0.868008 -4.75538e-05
3.368 0.876187 -6.18256e-05
3.369 0.884217 -5.3843e-05
3.37 0.892098 -2.85406e-05
3.371 0.89983 5.4517e-07
3.372 0.907411 1.94273e-05
3.373 0.914841 2.07117e-05
3.374 0.922119 5.89651e-06
3.375 0.929243 -1.7334e-05
3.376 0.936213 -4.00928e-05
3.377 0.943028 -5.6065e-05
3.378 0.949688 -6.22444e-05
3.379 0.956192 -5.74426e-05
3.38 0.962541 -4.10028e-05
3.381 0.968733 -1.35972e-05
3.382 0.97477 2.02599e-05
3.383 0.980649 5.05064e-05
3.384 0.98637 6.34237e-05
3.385 0.991931 4.77492e-05
3.386 0.997332 2.32215e-06
3.387 1.00257 -5.95884e-05
3.388 1.00765 -0.000113295
3.389 1.01256 -0.000133215
3.39 1.01732 -0.000106296
3.391 1.02191 -4.09454e-05
3.392 1.02633 3.44725e-05
3.393 1.0306 8.42942e-05
3.394 1.0347 8.36175e-05
3.395 1.03864 3.22432e-05
3.396 1.04242 -4.36627e-05
3.397 1.04604 -0.000104097
3.398 1.04948 -0.000115986
3.399 1.05277 -7.11992e-05
3.4 1.05588 8.2904e-06
3.401 1.05884 8.14956e-05
3.402 1.06162 0.000110223
3.403 1.06424 7.98453e-05
3.404 1.0667 7.49088e-06
3.405 1.06898 -6.71596e-05
3.406 1.07111 -0.000103637
3.407 1.07307 -8.30189e-05
3.408 1.07486 -1.83168e-05
3.409 1.07648 5.30228e-05
3.41 1.07794 9.04156e-05
3.411 1.07923 7.32586e-05
3.412 1.08036 1.27365e-05
3.413 1.08132 -5.45083e-05
3.414 1.08211 -8.73867e-05
3.415 1.08275 -6.41678e-05
3.416 1.08321 4.53982e-06
3.417 1.08352 8.1214e-05
3.418 1.08365 0.000122401
3.419 1.08363 0.000103489
3.42 1.08343 3.31972e-05
3.421 1.08308 -5.05681e-05
3.422 1.08255 -0.000101399
3.423 1.08187 -9.01035e-05
3.424 1.08102 -2.10697e-05
3.425 1.08 6.9912e-05
3.426 1.07883 0.000135181
3.427 1.0775 0.000141203
3.428 1.07601 8.66125e-05
3.429 1.07436 2.42983e-06
3.43 1.07255 -6.53896e-05
3.431 1.07058 -8.11274e-05
3.432 1.06845 -3.81892e-05
3.433 1.06617 3.84728e-05
3.434 1.06372 0.000107166
3.435 1.06112 0.000132691
3.436 1.05836 0.000104846
3.437 1.05545 4.22418e-05
3.438 1.05238 -1.99089e-05
3.439 1.04917 -5.02859e-05
3.44 1.0458 -3.82515e-05
3.441 1.04228 2.31126e-06
3.442 1.03861 4.34228e-05
3.443 1.0348 6.06901e-05
3.444 1.03083 4.73947e-05
3.445 1.02671 1.68343e-05
3.446 1.02245 -7.7999e-06
3.447 1.01804 -9.14901e-06
3.448 1.01349 1.30374e-05
3.449 1.0088 4.20908e-05
3.45 1.00396 5.57963e-05
3.451 0.99899 4.16076e-05
3.452 0.993878 5.87856e-06
3.453 0.988629 -2.90726e-05
3.454 0.983243 -3.86824e-05
3.455 0.977721 -1.23616e-05
3.456 0.972063 3.80213e-05
3.457 0.966271 8.32956e-05
3.458 0.960347 9.35259e-05
3.459 0.954291 5.65186e-05
3.46 0.948108 -1.2884e-05
3.461 0.941798 -7.90033e-05
3.462 0.935364 -0.000104395
3.463 0.928807 -7.13872e-05
3.464 0.922128 6.33675e-06
3.465 0.915329 8.93716e-05
3.466 0.908409 0.000133123
3.467 0.901371 0.00011229
3.468 0.894214 3.56696e-05
3.469 0.886941 -5.73447e-05
3.47 0.879554 -0.000117209
3.471 0.872054 -0.000110756
3.472 0.864444 -3.93517e-05
3.473 0.856726 6.14096e-05
3.474 0.848903 0.000140483
3.475 0.840975 0.000158514
3.476 0.832945 0.000108607
3.477 0.824813 1.94575e-05
3.478 0.81658 -6.06904e-05
3.479 0.80825 -9.03476e-05
3.48 0.799822 -5.688e-05
3.481 0.791298 1.75646e-05
3.482 0.782682 8.92416e-05
3.483 0.773975 0.00011751
3.484 0.765179 8.72493e-05
3.485 0.756296 1.66851e-05
3.486 0.747327 -5.34052e-05
3.487 0.738274 -8.28137e-05
3.488 0.729138 -5.4339e-05
3.489 0.719921 1.685e-05
3.49 0.710625 9.1879e-05
3.491 0.701252 0.000129778
3.492 0.691803 0.000109908
3.493 0.682283 4.28635e-05
3.494 0.672693 -3.58886e-05
3.495 0.663035 -8.57614e-05
3.496 0.653311 -8.30341e-05
3.497 0.643522 -3.29679e-05
3.498 0.633669 3.4311e-05
3.499 0.623754 8.14028e-05
3.5 0.613778 8.45682e-05
3.501 0.603742 4.62897e-05
3.502 0.593648 -7.30367e-06
3.503 0.5835 -4.23069e-05
3.504 0.573299 -3.69647e-05
3.505 0.563048 5.70282e-06
3.506 0.552751 5.96657e-05
3.507 0.542409 9.09655e-05
3.508 0.532024 7.75509e-05
3.509 0.521597 2.26489e-05
3.51 0.511129 -4.59535e-05
3.511 0.50062 -9.05289e-05
3.512 0.490073 -8.40384e-05
3.513 0.479488 -2.55054e-05
3.514 0.468869 5.83598e-05
3.515 0.458217 0.000126391
3.516 0.447534 0.000144182
3.517 0.436825 0.000102117
3.518 0.42609 2.0708e-05
3.519 0.415332 -5.95871e-05
3.52 0.404551 -9.8808e-05
3.521 0.393749 -7.76342e-05
3.522 0.382927 -6.94892e-06
3.523 0.372085 7.78992e-05
3.524 0.361227 0.000134984
3.525 0.350354 0.000136604
3.526 0.339468 8.25342e-05
3.527 0.328572 -6.57095e-07
3.528 0.317668 -7.34127e-05
3.529 0.306759 -0.000102819
3.53 0.295846 -7.81504e-05
3.531 0.28493 -1.48755e-05
3.532 0.274011 5.42857e-05
3.533 0.26309 9.61985e-05
3.534 0.252169 9.33663e-05
3.535 0.241247 5.13757e-05
3.536 0.230328 -5.41335e-06
3.537 0.219414 -4.71128e-05
3.538 0.208507 -5.34347e-05
3.539 0.197611 -2.314e-05
3.54 0.186727 2.65087e-05
3.541 0.175858 6.94278e-05
3.542 0.165004 8.42203e-05
3.543 0.154165 6.46267e-05
3.544 0.143342 2.19295e-05
3.545 0.132535 -2.14495e-05
3.546 0.121746 -4.3564e-05
3.547 0.110975 -3.38144e-05
3.548 0.100225 2.20996e-06
3.549 0.0894976 4.60104e-05
3.55 0.0787966 7.56388e-05
3.551 0.0681239 7.65067e-05
3.552 0.0574814 4.82877e-05
3.553 0.0468704 4.75681e-06
3.554 0.0362913 -3.30967e-05
3.555 0.0257443 -4.71842e-05
3.556 0.0152295 -3.07955e-05
3.557 0.00474734 8.45832e-06
3.558 -0.0057012 5.24116e-05
3.559 -0.0161145 8.0858e-05
3.56 -0.0264904 8.07642e-05
3.561 -0.0368265 5.19884e-05
3.562 -0.0471205 7.06102e-06
3.563 -0.0573704 -3.46531e-05
3.564 -0.067575 -5.56128e-05
3.565 -0.0777335 -4.76623e-05
3.566 -0.0878457 -1.52397e-05
3.567 -0.0979116 2.69737e-05
3.568 -0.107931 6.07071e-05
3.569 -0.117903 7.20121e-05
3.57 -0.127826 5.7001e-05
3.571 -0.137699 2.30811e-05
3.572 -0.14752 -1.46202e-05
3.573 -0.157286 -3.99069e-05
3.574 -0.166996 -4.23143e-05
3.575 -0.176648 -2.1228e-05
3.576 -0.186242 1.42431e-05
3.577 -0.195777 4.93694e-05
3.578 -0.205254 6.99971e-05
3.579 -0.214671 6.82143e-05
3.58 -0.224029 4.52324e-05
3.581 -0.233328 1.0482e-05
3.582 -0.242564 -2.24975e-05
3.583 -0.251736 -4.1558e-05
3.584 -0.260843 -4.0583e-05
3.585 -0.269883 -2.15013e-05
3.586 -0.278854 6.93824e-06
3.587 -0.287756 3.29433e-05
3.588 -0.296588 4.63699e-05
3.589 -0.30535 4.24616e-05
3.59 -0.314043 2.32722e-05
3.591 -0.322665 -3.59879e-06
3.592 -0.331217 -2.82688e-05
3.593 -0.339697 -4.24341e-05
3.594 -0.348104 -4.23173e-05
3.595 -0.356435 -2.96579e-05
3.596 -0.36469 -1.05364e-05
3.597 -0.372866 7.33104e-06
3.598 -0.380964 1.76624e-05
3.599 -0.388982 1.78341e-05
3.6 -0.396922 9.47696e-06
3.601 -0.404781 -2.64795e-06
3.602 -0.412562 -1.29099e-05
3.603 -0.420262 -1.72247e-05
3.604 -0.427881 -1.46534e-05
3.605 -0.435418 -7.59747e-06
3.606 -0.442871 -5.92289e-07
3.607 -0.450238 1.74381e-06
3.608 -0.45752 -3.25618e-06
3.609 -0.464713 -1.51092e-05
3.61 -0.47182 -3.02769e-05
3.611 -0.478838 -4.34913e-05
3.612 -0.485768 -4.9775e-05
3.613 -0.49261 -4.63701e-05
3.614 -0.499364 -3.3848e-05
3.615 -0.506028 -1.60025e-05
3.616 -0.512603 1.41503e-06
3.617 -0.519086 1.26453e-05
3.618 -0.525476 1.38604e-05
3.619 -0.531773 4.43661e-06
3.62 -0.537976 -1.28424e-05
3.621 -0.544083 -3.2683e-05
3.622 -0.550096 -4.89611e-05
3.623 -0.556013 -5.66377e-05
3.624 -0.561835 -5.33189e-05
3.625 -0.567561 -3.99901e-05
3.626 -0.573191 -2.07049e-05
3.627 -0.578723 -1.31224e-06
3.628 -0.584157 1.24027e-05
3.629 -0.589491 1.65919e-05
3.63 -0.594726 1.06181e-05
3.631 -0.59986 -2.7364e-06
3.632 -0.604894 -1.82532e-05
3.633 -0.609826 -3.01595e-05
3.634 -0.614658 -3.42417e-05
3.635 -0.619388 -2.93805e-05
3.636 -0.624018 -1.78766e-05
3.637 -0.628544 -4.41008e-06
3.638 -0.632968 5.93936e-06
3.639 -0.637289 9.75079e-06
3.64 -0.641504 6.48843e-06
3.641 -0.645614 -1.62604e-06
3.642 -0.649618 -1.09558e-05
3.643 -0.653516 -1.82617e-05
3.644 -0.657308 -2.20212e-05
3.645 -0.660994 -2.25979e-05
3.646 -0.664574 -2.12908e-05
3.647 -0.668048 -1.89735e-05
3.648 -0.671416 -1.53006e-05
3.649 -0.674677 -9.10866e-06
3.65 -0.67783 1.60622e-07
3.651 -0.680876 1.09693e-05
3.652 -0.683812 1.93251e-05
3.653 -0.68664 2.02217e-05
3.654 -0.689358 1.04409e-05
3.655 -0.691967 -8.76949e-06
3.656 -0.694466 -3.09304e-05
3.657 -0.696857 -4.64892e-05
3.658 -0.699137 -4.73217e-05
3.659 -0.701309 -3.1445e-05
3.66 -0.70337 -5.23924e-06
3.661 -0.705322 1.85793e-05
3.662 -0.707164 2.68372e-05
3.663 -0.708895 1.29555e-05
3.664 -0.710516 -1.8603e-05
3.665 -0.712027 -5.33497e-05
3.666 -0.713427 -7.34205e-05
3.667 -0.714716 -6.68812e-05
3.668 -0.715896 -3.48355e-05
3.669 -0.716965 7.86538e-06
3.67 -0.717923 3.94121e-05
3.671 -0.71877 4.2343e-05
3.672 -0.719506 1.35372e-05
3.673 -0.720132 -3.28039e-05
3.674 -0.720647 -7.15299e-05
3.675 -0.721052 -7.96004e-05
3.676 -0.721347 -4.91614e-05
3.677 -0.721533 6.66589e-06
3.678 -0.72161 5.91833e-05
3.679 -0.721578 7.86958e-05
3.68 -0.721437 5.09647e-05
3.681 -0.721187 -1.34589e-05
3.682 -0.720828 -8.28143e-05
3.683 -0.72036 -0.000119732
3.684 -0.719783 -0.000101231
3.685 -0.719097 -3.24498e-05
3.686 -0.718304 5.38903e-05
3.687 -0.717403 0.000113078
3.688 -0.716395 0.000111622
3.689 -0.715281 4.59901e-05
3.69 -0.714062 -5.35359e-05
3.691 -0.712737 -0.000136904
3.692 -0.711307 -0.000159685
3.693 -0.709773 -0.000106829
3.694 -0.708133 -1.99053e-06
3.695 -0.706388 0.000103173
3.696 -0.704539 0.000154885
3.697 -0.702587 0.000125124
3.698 -0.700533 2.68368e-05
3.699 -0.698377 -9.18961e-05
3.7 -0.696121 -0.000172125
3.701 -0.693766 -0.000174273
3.702 -0.691311 -9.85297e-05
3.703 -0.688758 1.54139e-05
3.704 -0.686106 0.000109211
3.705 -0.683355 0.000136282
3.706 -0.680507 8.57163e-05
3.707 -0.677561 -1.29321e-05
3.708 -0.674519 -0.000106249
3.709 -0.671381 -0.000145794
3.71 -0.668149 -0.000113554
3.711 -0.664824 -3.043e-05
3.712 -0.661407 5.63986e-05
3.713 -0.657899 9.98872e-05
3.714 -0.6543 7.86227e-05
3.715 -0.650612 7.52125e-06
3.716 -0.646834 -7.17146e-05
3.717 -0.642968 -0.000114555
3.718 -0.639013 -9.83614e-05
3.719 -0.634972 -3.41323e-05
3.72 -0.630845 4.09004e-05
3.721 -0.626634 8.51087e-05
3.722 -0.622339 7.60399e-05
3.723 -0.617962 2.23372e-05
3.724 -0.613504 -4.24526e-05
3.725 -0.608966 -8.01799e-05
3.726 -0.604347 -7.04943e-05
3.727 -0.599649 -2.23378e-05
3.728 -0.594872 3.19816e-05
3.729 -0.590019 5.64708e-05
3.73 -0.585089 3.32464e-05
3.731 -0.580085 -2.63719e-05
3.732 -0.575009 -8.80207e-05
3.733 -0.569862 -0.000114202
3.734 -0.564645 -8.64112e-05
3.735 -0.559359 -1.66032e-05
3.736 -0.554005 5.87818e-05
3.737 -0.548583 9.89816e-05
3.738 -0.543094 8.18234e-05
3.739 -0.537538 1.63235e-05
3.74 -0.531917 -6.22173e-05
3.741 -0.526231 -0.000111835
3.742 -0.520482 -0.0001071
3.743 -0.514673 -5.27859e-05
3.744 -0.508805 1.95488e-05
3.745 -0.50288 6.98714e-05
3.746 -0.496899 7.22355e-05
3.747 -0.490864 2.87415e-05
3.748 -0.484776 -3.28193e-05
3.749 -0.478635 -7.5865e-05
3.75 -0.472441 -7.64023e-05
3.751 -0.466195 -3.64497e-05
3.752 -0.459898 1.80649e-05
3.753 -0.453552 5.33525e-05
3.754 -0.447158 4.80802e-05
3.755 -0.440718 5.94986e-06
3.756 -0.434233 -4.67676e-05
3.757 -0.427706 -7.7128e-05
3.758 -0.421138 -6.53422e-05
3.759 -0.41453 -1.67928e-05
3.76 -0.407881 4.08474e-05
3.761 -0.401194 7.3703e-05
3.762 -0.39447 6.15494e-05
3.763 -0.387708 9.80907e-06
3.764 -0.380911 -5.33157e-05
3.765 -0.37408 -9.28994e-05
3.766 -0.367218 -8.72048e-05
3.767 -0.360325 -3.99356e-05
3.768 -0.353404 2.21648e-05
3.769 -0.346455 6.4826e-05
3.77 -0.33948 6.57861e-05
3.771 -0.332479 2.70682e-05
3.772 -0.325452 -2.69088e-05
3.773 -0.318401 -6.39924e-05
3.774 -0.311325 -6.29835e-05
3.775 -0.304228 -2.54607e-05
3.776 -0.29711 2.59196e-05
3.777 -0.289973 6.12934e-05
3.778 -0.28282 6.12234e-05
3.779 -0.275652 2.76997e-05
3.78 -0.26847 -1.77486e-05
3.781 -0.261276 -4.73676e-05
3.782 -0.254069 -4.37688e-05
3.783 -0.246851 -9.9109e-06
3.784 -0.239621 3.32628e-05
3.785 -0.23238 5.98155e-05
3.786 -0.22513 5.44347e-05
3.787 -0.217872 2.1287e-05
3.788 -0.210607 -1.90309e-05
3.789 -0.203338 -4.2339e-05
3.79 -0.196066 -3.55483e-05
3.791 -0.188793 -4.22971e-06
3.792 -0.18152 3.13974e-05
3.793 -0.174247 4.94039e-05
3.794 -0.166976 3.99145e-05
3.795 -0.159705 1.11367e-05
3.796 -0.152436 -1.60992e-05
3.797 -0.14517 -2.1901e-05
3.798 -0.137907 -4.88757e-07
3.799 -0.13065 3.54116e-05
3.8 -0.123401 6.20306e-05
3.801 -0.116161 5.95943e-05
3.802 -0.108931 2.57362e-05
3.803 -0.101714 -2.13084e-05
3.804 -0.0945079 -5.23791e-05
3.805 -0.0873144 -4.47629e-05
3.806 -0.0801332 2.93059e-06
3.807 -0.0729645 6.76591e-05
3.808 -0.0658088 0.000113314
3.809 -0.0586673 0.000110787
3.81 -0.0515416 5.54881e-05
3.811 -0.0444338 -2.80249e-05
3.812 -0.0373457 -9.77144e-05
3.813 -0.0302791 -0.000116219
3.814 -0.0232352 -7.15133e-05
3.815 -0.0162145 1.54996e-05
3.816 -0.00921702 0.000101071
3.817 -0.00224254 0.00014129
3.818 0.00470922 0.000115256
3.819 0.0116382 3.6239e-05
3.82 0.0185438 -5.52484e-05
3.821 0.0254247 -0.000112723
3.822 0.0322791 -0.000107933
3.823 0.0391051 -4.51249e-05
3.824 0.0459008 4.19613e-05
3.825 0.0526645 0.00010834
3.826 0.0593953 0.000121229
3.827 0.066093 7.62578e-05
3.828 0.0727577 -1.68353e-06
3.829 0.0793898 -7.26241e-05
3.83 0.0859897 -0.000102536
3.831 0.0925572 -7.99262e-05
3.832 0.0990917 -1.9771e-05
3.833 0.105592 4.62255e-05
3.834 0.112056 8.68957e-05
3.835 0.118482 8.68515e-05
3.836 0.124869 5.21234e-05
3.837 0.131216 4.37424e-06
3.838 0.137521 -3.19872e-05
3.839 0.143785 -4.22771e-05
3.84 0.150008 -2.72315e-05
3.841 0.156191 3.75959e-08
3.842 0.162334 2.29169e-05
3.843 0.168435 3.0445e-05
3.844 0.174495 2.19147e-05
3.845 0.180511 5.31683e-06
3.846 0.186483 -8.4191e-06
3.847 0.192408 -1.15549e-05
3.848 0.198285 -2.78763e-06
3.849 0.204114 1.33931e-05
3.85 0.209894 2.99181e-05
3.851 0.215625 4.06e-05
3.852 0.221309 4.21225e-05
3.853 0.226946 3.42889e-05
3.854 0.232535 1.93706e-05
3.855 0.238076 1.46887e-06
3.856 0.243569 -1.39772e-05
3.857 0.249011 -2.11522e-05
3.858 0.2544 -1.58448e-05
3.859 0.259736 1.97344e-06
3.86 0.265018 2.6508e-05
3.861 0.270244 4.71809e-05
3.862 0.275415 5.28885e-05
3.863 0.280531 3.79108e-05
3.864 0.285592 6.26344e-06
3.865 0.2906 -2.85883e-05
3.866 0.295553 -4.95121e-05
3.867 0.300452 -4.45889e-05
3.868 0.305294 -1.43541e-05
3.869 0.31008 2.70983e-05
3.87 0.314807 5.85976e-05
3.871 0.319475 6.30673e-05
3.872 0.324084 3.73772e-05
3.873 0.328631 -4.96866e-06
3.874 0.333119 -4.0475e-05
3.875 0.337546 -4.84935e-05
3.876 0.341913 -2.32302e-05
3.877 0.346221 2.2122e-05
3.878 0.350468 6.20303e-05
3.879 0.354653 7.2812e-05
3.88 0.358777 4.6513e-05
3.881 0.362837 -3.64518e-06
3.882 0.366834 -4.98715e-05
3.883 0.370765 -6.52166e-05
3.884 0.374632 -3.92265e-05
3.885 0.378434 1.52679e-05
3.886 0.382171 6.85693e-05
3.887 0.385844 9.05592e-05
3.888 0.389453 6.80159e-05
3.889 0.392997 1.27832e-05
3.89 0.396476 -4.42762e-05
3.891 0.399889 -7.05142e-05
3.892 0.403235 -5.028e-05
3.893 0.406513 5.60114e-06
3.894 0.409722 6.54309e-05
3.895 0.412861 9.45052e-05
3.896 0.415932 7.52094e-05
3.897 0.418934 1.77184e-05
3.898 0.421867 -4.51888e-05
3.899 0.424732 -7.66372e-05
3.9 0.427528 -5.71053e-05
3.901 0.430257 3.56981e-06
3.902 0.432916 7.08925e-05
3.903 0.435506 0.000104903
3.904 0.438026 8.32145e-05
3.905 0.440474 1.47155e-05
3.906 0.44285 -6.4219e-05
3.907 0.445154 -0.000109374
3.908 0.447386 -9.34498e-05
3.909 0.449545 -2.2036e-05
3.91 0.451632 6.84317e-05
3.911 0.453647 0.000129953
3.912 0.455592 0.000129034
3.913 0.457465 6.51578e-05
3.914 0.459266 -2.86162e-05
3.915 0.460996 -0.000103324
3.916 0.462654 -0.000120346
3.917 0.464239 -7.18404e-05
3.918 0.46575 1.56857e-05
3.919 0.467187 9.63215e-05
3.92 0.468551 0.00012966
3.921 0.46984 0.00010188
3.922 0.471055 3.1693e-05
3.923 0.472197 -4.1459e-05
3.924 0.473265 -7.97286e-05
3.925 0.47426 -6.69665e-05
3.926 0.475183 -1.56985e-05
3.927 0.476033 4.21017e-05
3.928 0.476809 7.42873e-05
3.929 0.477513 6.63902e-05
3.93 0.478143 2.80372e-05
3.931 0.478699 -1.4959e-05
3.932 0.479181 -3.72708e-05
3.933 0.479589 -2.91114e-05
3.934 0.479922 -7.95888e-07
3.935 0.480183 2.53754e-05
3.936 0.48037 3.03291e-05
3.937 0.480484 1.07926e-05
3.938 0.480526 -1.86422e-05
3.939 0.480495 -3.51867e-05
3.94 0.480393 -2.31329e-05
3.941 0.480217 1.49349e-05
3.942 0.47997 5.82792e-05
3.943 0.479649 7.98578e-05
3.944 0.479256 6.29683e-05
3.945 0.478791 1.25674e-05
3.946 0.478253 -4.597e-05
3.947 0.477644 -8.05334e-05
3.948 0.476963 -7.07642e-05
3.949 0.476212 -2.0545e-05
3.95 0.475392 4.31482e-05
3.951 0.474501 8.48833e-05
3.952 0.473541 8.08313e-05
3.953 0.472511 3.2766e-05
3.954 0.471411 -3.22771e-05
3.955 0.470242 -7.68827e-05
3.956 0.469004 -7.44907e-05
3.957 0.467696 -2.49572e-05
3.958 0.46632 4.45993e-05
3.959 0.464876 9.44846e-05
3.96 0.463365 9.46396e-05
3.961 0.461788 4.19493e-05
3.962 0.460144 -3.72117e-05
3.963 0.458436 -0.000100898
3.964 0.456661 -0.00011446
3.965 0.454822 -6.97655e-05
3.966 0.452917 9.92536e-06
3.967 0.450948 8.22391e-05
3.968 0.448914 0.000108488
3.969 0.446817 7.45443e-05
3.97 0.444657 -1.57788e-06
3.971 0.442435 -7.95241e-05
3.972 0.440152 -0.00011835
3.973 0.437809 -9.83685e-05
3.974 0.435406 -3.13183e-05
3.975 0.432943 4.64451e-05
3.976 0.430421 9.37723e-05
3.977 0.427839 8.66712e-05
3.978 0.425199 3.05867e-05
3.979 0.422501 -4.33158e-05
3.98 0.419746 -9.5448e-05
3.981 0.416934 -9.90591e-05
3.982 0.414066 -5.40096e-05
3.983 0.411144 1.4032e-05
3.984 0.408168 6.8048e-05
3.985 0.405139 7.96278e-05
3.986 0.402057 4.36397e-05
3.987 0.398923 -1.99389e-05
3.988 0.395737 -7.74805e-05
3.989 0.3925 -9.98482e-05
3.99 0.389212 -7.73711e-05
3.991 0.385874 -2.39279e-05
3.992 0.382488 3.14779e-05
3.993 0.379053 6.06045e-05
3.994 0.375572 5.06007e-05
3.995 0.372045 9.77625e-06
3.996 0.368472 -3.80284e-05
3.997 0.364855 -6.68867e-05
3.998 0.361193 -6.25492e-05
3.999 0.357488 -2.92756e-05
4 0.35374 1.3477e-05
4.001 0.349949 4.22222e-05
4.002 0.346117 4.21791e-05
4.003 0.342245 1.47908e-05
4.004 0.338333 -2.3683e-05
4.005 0.334384 -5.13637e-05
4.006 0.330398 -5.26029e-05
4.007 0.326374 -2.61964e-05
4.008 0.322315 1.41742e-05
4.009 0.318219 4.72473e-05
4.01 0.314089 5.52542e-05
4.011 0.309923 3.30263e-05
4.012 0.305724 -9.39468e-06
4.013 0.301492 -5.17682e-05
4.014 0.297229 -7.36126e-05
4.015 0.292936 -6.41166e-05
4.016 0.288615 -2.72295e-05
4.017 0.284265 2.03501e-05
4.018 0.279889 5.71106e-05
4.019 0.275486 6.66823e-05
4.02 0.271056 4.51469e-05
4.021 0.266601 2.46569e-06
4.022 0.26212 -4.23718e-05
4.023 0.257614 -7.00268e-05
4.024 0.253084 -6.92806e-05
4.025 0.248531 -4.15697e-05
4.026 0.243957 1.93081e-07
4.027 0.239363 3.76904e-05
4.028 0.23475 5.52667e-05
4.029 0.23012 4.64093e-05
4.03 0.225472 1.59759e-05
4.031 0.220807 -2.2506e-05
4.032 0.216125 -5.30004e-05
4.033 0.211428 -6.37535e-05
4.034 0.206715 -5.18295e-05
4.035 0.201987 -2.36668e-05
4.036 0.197245 8.26502e-06
4.037 0.192491 3.10101e-05
4.038 0.187726 3.64034e-05
4.039 0.182951 2.39357e-05
4.04 0.178166 2.49669e-07
4.041 0.173373 -2.42171e-05
4.042 0.168572 -3.98051e-05
4.043 0.163762 -4.14475e-05
4.044 0.158946 -3.0249e-05
4.045 0.154122 -1.24014e-05
4.046 0.149293 3.87498e-06
4.047 0.144458 1.1945e-05
4.048 0.13962 9.40897e-06
4.049 0.134779 -1.21601e-06
4.05 0.129937 -1.39245e-05
4.051 0.125094 -2.20448e-05
4.052 0.12025 -2.12152e-05
4.053 0.115407 -1.12689e-05
4.054 0.110564 3.73484e-06
4.055 0.105722 1.73092e-05
4.056 0.100882 2.33836e-05
4.057 0.0960432 1.89629e-05
4.058 0.0912073 5.44955e-06
4.059 0.0863752 -1.19536e-05
4.06 0.0815479 -2.64981e-05
4.061 0.0767264 -3.27935e-05
4.062 0.0719116 -2.90533e-05
4.063 0.0671043 -1.76776e-05
4.064 0.062305 -3.95232e-06
4.065 0.057514 6.45954e-06
4.066 0.0527317 1.00002e-05
4.067 0.0479587 6.49888e-06
4.068 0.0431954 -1.26209e-06
4.069 0.0384424 -9.3088e-06
4.07 0.0337007 -1.45212e-05
4.071 0.0289708 -1.58628e-05
4.072 0.0242537 -1.42614e-05
4.073 0.01955 -1.14461e-05
4.074 0.0148603 -8.64486e-06
4.075 0.010185 -6.04195e-06
4.076 0.0055246 -3.28713e-06
4.077 0.000879536 -5.47522e-07
4.078 -0.00374972 8.60909e-07
4.079 -0.00836261 -1.01868e-06
4.08 -0.0129585 -7.24851e-06
4.081 -0.0175367 -1.64324e-05
4.082 -0.0220964 -2.44242e-05
4.083 -0.0266372 -2.60029e-05
4.084 -0.0311583 -1.79491e-05
4.085 -0.0356593 -1.80708e-06
4.086 -0.0401398 1.56205e-05
4.087 -0.0445993 2.49687e-05
4.088 -0.0490373 1.92622e-05
4.089 -0.0534534 -1.44502e-06
4.09 -0.0578471 -2.86403e-05
4.091 -0.0622177 -4.86102e-05
4.092 -0.0665649 -4.92917e-05
4.093 -0.070888 -2.72971e-05
4.094 -0.0751868 8.93814e-06
4.095 -0.0794607 4.22437e-05
4.096 -0.0837096 5.5086e-05
4.097 -0.0879329 3.90999e-05
4.098 -0.0921303 5.12064e-07
4.099 -0.0963011 -4.20248e-05
4.1 -0.100445 -6.66765e-05
4.101 -0.10456 -6.01566e-05
4.102 -0.108647 -2.55264e-05
4.103 -0.112705 1.8636e-05
4.104 -0.116733 4.78373e-05
4.105 -0.120732 4.51783e-05
4.106 -0.1247 1.13247e-05
4.107 -0.128638 -3.49949e-05
4.108 -0.132547 -6.68495e-05
4.109 -0.136426 -6.43037e-05
4.11 -0.140274 -2.65138e-05
4.111 -0.144091 2.64898e-05
4.112 -0.147877 6.40617e-05
4.113 -0.151629 6.21238e-05
4.114 -0.155348 1.78009e-05
4.115 -0.159033 -4.71372e-05
4.116 -0.162683 -9.68136e-05
4.117 -0.166297 -0.000100707
4.118 -0.169877 -5.15338e-05
4.119 -0.173422 2.87363e-05
4.12 -0.176932 9.89451e-05
4.121 -0.180408 0.00012025
4.122 -0.183848 7.7724e-05
4.123 -0.187253 -9.97487e-06
4.124 -0.190622 -9.88803e-05
4.125 -0.193954 -0.000142244
4.126 -0.197248 -0.00011558
4.127 -0.200505 -3.06266e-05
4.128 -0.203723 6.97948e-05
4.129 -0.206902 0.000133791
4.13 -0.210042 0.000127791
4.131 -0.213144 5.46057e-05
4.132 -0.216207 -4.77709e-05
4.133 -0.219231 -0.000126177
4.134 -0.222215 -0.000140471
4.135 -0.225159 -8.47015e-05
4.136 -0.228063 1.0162e-05
4.137 -0.230925 9.33222e-05
4.138 -0.233747 0.000121662
4.139 -0.236527 8.2643e-05
4.14 -0.239265 2.26698e-07
4.141 -0.241962 -7.91066e-05
4.142 -0.244617 -0.000112228
4.143 -0.247231 -8.27045e-05
4.144 -0.249802 -8.88299e-06
4.145 -0.25233 6.73499e-05
4.146 -0.254815 0.000104398
4.147 -0.257257 8.38332e-05
4.148 -0.259654 1.96654e-05
4.149 -0.262006 -5.07357e-05
4.15 -0.264314 -8.83788e-05
4.151 -0.266578 -7.44432e-05
4.152 -0.268797 -1.98575e-05
4.153 -0.270972 4.23116e-05
4.154 -0.273102 7.67205e-05
4.155 -0.275188 6.60831e-05
4.156 -0.277229 2.0288e-05
4.157 -0.279225 -3.05926e-05
4.158 -0.281175 -5.48413e-05
4.159 -0.283079 -3.80265e-05
4.16 -0.284935 8.79118e-06
4.161 -0.286745 5.61874e-05
4.162 -0.288508 7.43543e-05
4.163 -0.290223 5.11307e-05
4.164 -0.291892 -6.1685e-07
4.165 -0.293514 -5.05723e-05
4.166 -0.29509 -6.89555e-05
4.167 -0.296618 -4.42484e-05
4.168 -0.298099 9.8128e-06
4.169 -0.299533 6.21078e-05
4.17 -0.300919 8.22573e-05
4.171 -0.302256 5.83903e-05
4.172 -0.303545 4.17099e-06
4.173 -0.304786 -4.90122e-05
4.174 -0.305979 -7.01421e-05
4.175 -0.307123 -4.64499e-05
4.176 -0.308219 9.24831e-06
4.177 -0.309268 6.59166e-05
4.178 -0.310267 9.20165e-05
4.179 -0.311219 7.33204e-05
4.18 -0.312121 2.06479e-05
4.181 -0.312974 -3.67093e-05
4.182 -0.313777 -6.78354e-05
4.183 -0.314532 -5.74828e-05
4.184 -0.315237 -1.39678e-05
4.185 -0.315893 3.65266e-05
4.186 -0.316501 6.5522e-05
4.187 -0.31706 5.84258e-05
4.188 -0.31757 2.20275e-05
4.189 -0.318032 -2.06366e-05
4.19 -0.318446 -4.4537e-05
4.191 -0.31881 -3.73414e-05
4.192 -0.319125 -5.94493e-06
4.193 -0.319391 2.86452e-05
4.194 -0.319608 4.45649e-05
4.195 -0.319775 3.23046e-05
4.196 -0.319894 1.02356e-08
4.197 -0.319965 -3.20107e-05
4.198 -0.319987 -4.39208e-05
4.199 -0.31996 -2.83117e-05
4.2 -0.319885 5.66969e-06
4.201 -0.319762 3.82575e-05
4.202 -0.319591 5.11645e-05
4.203 -0.319371 3.83406e-05
4.204 -0.319102 8.94152e-06
4.205 -0.318786 -1.89976e-05
4.206 -0.318422 -2.99574e-05
4.207 -0.318011 -2.01803e-05
4.208 -0.317553 9.03375e-07
4.209 -0.317049 1.76902e-05
4.21 -0.316498 1.91206e-05
4.211 -0.3159 6.05249e-06
4.212 -0.315255 -9.55673e-06
4.213 -0.314563 -1.31794e-05
4.214 -0.313825 1.61511e-06
4.215 -0.313039 2.75289e-05
4.216 -0.312207 4.70971e-05
4.217 -0.31133 4.37437e-05
4.218 -0.310407 1.35675e-05
4.219 -0.30944 -2.99029e-05
4.22 -0.308429 -6.18328e-05
4.221 -0.307375 -6.0289e-05
4.222 -0.306276 -2.03765e-05
4.223 -0.305134 4.05192e-05
4.224 -0.303948 9.04697e-05
4.225 -0.302718 0.000100235
4.226 -0.301444 6.05117e-05
4.227 -0.300127 -1.09879e-05
4.228 -0.298767 -7.74955e-05
4.229 -0.297365 -0.000102591
4.23 -0.295921 -7.0597e-05
4.231 -0.294437 3.60502e-06
4.232 -0.292912 8.14012e-05
4.233 -0.291347 0.000120785
4.234 -0.289742 9.93133e-05
4.235 -0.288098 2.69613e-05
4.236 -0.286413 -5.85501e-05
4.237 -0.284689 -0.000111757
4.238 -0.282925 -0.000104026
4.239 -0.281123 -3.923e-05
4.24 -0.279283 4.81683e-05
4.241 -0.277405 0.00011167
4.242 -0.275492 0.000117814
4.243 -0.273542 6.4058e-05
4.244 -0.271557 -2.0236e-05
4.245 -0.269537 -9.00785e-05
4.246 -0.267481 -0.000109301
4.247 -0.26539 -6.97194e-05
4.248 -0.263263 5.30803e-06
4.249 -0.261102 7.45087e-05
4.25 -0.258907 0.000101619
4.251 -0.25668 7.4815e-05
4.252 -0.25442 1.2126e-05
4.253 -0.252129 -4.96975e-05
4.254 -0.249807 -7.61744e-05
4.255 -0.247456 -5.40405e-05
4.256 -0.245075 2.24779e-06
4.257 -0.242663 5.96247e-05
4.258 -0.240222 8.55452e-05
4.259 -0.237752 6.61611e-05
4.26 -0.235251 1.34607e-05
4.261 -0.232722 -4.22405e-05
4.262 -0.230166 -6.98007e-05
4.263 -0.227582 -5.46764e-05
4.264 -0.224973 -6.57101e-06
4.265 -0.222339 4.66471e-05
4.266 -0.21968 7.49541e-05
4.267 -0.216998 6.29233e-05
4.268 -0.214293 1.79196e-05
4.269 -0.211564 -3.45289e-05
4.27 -0.208811 -6.52338e-05
4.271 -0.206035 -5.74451e-05
4.272 -0.203236 -1.56813e-05
4.273 -0.200415 3.72776e-05
4.274 -0.197574 7.31808e-05
4.275 -0.194712 7.35958e-05
4.276 -0.191831 3.93594e-05
4.277 -0.188932 -1.06339e-05
4.278 -0.186015 -5.01807e-05
4.279 -0.183081 -5.98761e-05
4.28 -0.180129 -3.69157e-05
4.281 -0.177159 4.37566e-06
4.282 -0.174172 4.10628e-05
4.283 -0.171168 5.41651e-05
4.284 -0.168149 3.84175e-05
4.285 -0.165114 4.25903e-06
4.286 -0.162066 -2.8543e-05
4.287 -0.159005 -4.18181e-05
4.288 -0.155932 -2.85191e-05
4.289 -0.152848 4.01167e-06
4.29 -0.149752 3.83749e-05
4.291 -0.146646 5.64245e-05
4.292 -0.143527 4.85747e-05
4.293 -0.140398 1.84365e-05
4.294 -0.137257 -1.9278e-05
4.295 -0.134105 -4.621e-05
4.296 -0.130944 -4.92924e-05
4.297 -0.127775 -2.6837e-05
4.298 -0.1246 1.09404e-05
4.299 -0.121418 4.69111e-05
4.3 -0.118231 6.49762e-05
4.301 -0.11504 5.7238e-05
4.302 -0.111844 2.72517e-05
4.303 -0.108642 -1.18741e-05
4.304 -0.105436 -4.34579e-05
4.305 -0.102224 -5.45407e-05
4.306 -0.0990063 -4.13123e-05
4.307 -0.0957848 -1.04195e-05
4.308 -0.0925601 2.42517e-05
4.309 -0.0893336 4.77891e-05
4.31 -0.0861065 5.06981e-05
4.311 -0.0828799 3.27821e-05
4.312 -0.0796542 2.8428e-06
4.313 -0.0764299 -2.55467e-05
4.314 -0.0732065 -4.02059e-05
4.315 -0.069984 -3.56318e-05
4.316 -0.066762 -1.50561e-05
4.317 -0.0635405 1.15208e-05
4.318 -0.06032 3.22266e-05
4.319 -0.0571013 3.87249e-05
4.32 -0.0538854 2.95981e-05
4.321 -0.0506735 1.02864e-05
4.322 -0.0474666 -1.00793e-05
4.323 -0.0442656 -2.31423e-05
4.324 -0.0410707 -2.48223e-05
4.325 -0.0378822 -1.63332e-05
4.326 -0.0346997 -2.64135e-06
4.327 -0.0315231 1.04095e-05
4.328 -0.0283523 1.86145e-05
4.329 -0.0251876 2.04221e-05
4.33 -0.0220295 1.64163e-05
4.331 -0.0188789 8.15183e-06
4.332 -0.0157368 -2.60655e-06
4.333 -0.0126041 -1.38205e-05
4.334 -0.00948165 -2.27594e-05
4.335 -0.00636984 -2.61475e-05
4.336 -0.00326879 -2.14198e-05
4.337 -0.000178385 -8.64279e-06
4.338 0.00290156 8.21678e-06
4.339 0.00597113 2.20203e-05
4.34 0.00903016 2.54887e-05
4.341 0.0120782 1.52757e-05
4.342 0.0151145 -5.26086e-06
4.343 0.0181381 -2.66583e-05
4.344 0.0211482 -3.76771e-05
4.345 0.024144 -3.1431e-05
4.346 0.0271252 -9.92224e-06
4.347 0.0300916 1.59869e-05
4.348 0.0330434 3.18022e-05
4.349 0.035981 2.73938e-05
4.35 0.0389043 3.35362e-06
4.351 0.0418133 -2.8249e-05
4.352 0.0447077 -4.9771e-05
4.353 0.0475867 -4.77633e-05
4.354 0.0504493 -2.12184e-05
4.355 0.0532947 1.67085e-05
4.356 0.056122 4.51166e-05
4.357 0.0589309 4.6861e-05
4.358 0.0617213 1.88225e-05
4.359 0.0644933 -2.51682e-05
4.36 0.0672474 -6.10372e-05
4.361 0.0699839 -6.76224e-05
4.362 0.0727028 -3.90844e-05
4.363 0.0754041 1.06903e-05
4.364 0.078087 5.47846e-05
4.365 0.0807506 6.78757e-05
4.366 0.083394 4.08182e-05
4.367 0.0860162 -1.32411e-05
4.368 0.0886166 -6.52151e-05
4.369 0.091195 -8.58997e-05
4.37 0.0937515 -6.26313e-05
4.371 0.0962864 -7.22292e-06
4.372 0.0988004 4.98053e-05
4.373 0.101294 7.60075e-05
4.374 0.103766 5.56214e-05
4.375 0.106218 -6.46328e-07
4.376 0.108648 -6.06947e-05
4.377 0.111055 -8.86901e-05
4.378 0.113439 -6.56897e-05
4.379 0.115799 -1.48314e-06
4.38 0.118134 6.95416e-05
4.381 0.120444 0.00010684
4.382 0.12273 8.65435e-05
4.383 0.124991 1.58628e-05
4.384 0.127229 -6.94284e-05
4.385 0.129444 -0.000123665
4.386 0.131634 -0.000116193
4.387 0.1338 -4.87733e-05
4.388 0.135941 4.43998e-05
4.389 0.138056 0.000114514
4.39 0.140145 0.0001243
4.391 0.142207 6.82708e-05
4.392 0.144241 -2.41226e-05
4.393 0.146249 -0.000104277
4.394 0.14823 -0.000130564
4.395 0.150186 -9.05325e-05
4.396 0.152115 -7.0919e-06
4.397 0.154019 7.44947e-05
4.398 0.155896 0.00011144
4.399 0.157746 8.63067e-05
4.4 0.159569 1.54755e-05
4.401 0.161362 -6.10241e-05
4.402 0.163126 -0.000102192
4.403 0.164861 -8.83542e-05
4.404 0.166566 -3.0793e-05
4.405 0.168242 3.6112e-05
4.406 0.169891 7.51486e-05
4.407 0.171511 6.70824e-05
4.408 0.173104 2.03087e-05
4.409 0.174668 -3.55935e-05
4.41 0.176204 -6.80002e-05
4.411 0.177711 -6.01655e-05
4.412 0.179188 -2.00004e-05
4.413 0.180633 2.59402e-05
4.414 0.182048 4.91474e-05
4.415 0.183431 3.63125e-05
4.416 0.184783 -3.20934e-06
4.417 0.186105 -4.37652e-05
4.418 0.187397 -5.94373e-05
4.419 0.188659 -3.99228e-05
4.42 0.189892 3.2789e-06
4.421 0.191095 4.39652e-05
4.422 0.192267 5.72098e-05
4.423 0.193407 3.45378e-05
4.424 0.194516 -1.08392e-05
4.425 0.195592 -5.18611e-05
4.426 0.196636 -6.38274e-05
4.427 0.197647 -3.92671e-05
4.428 0.198627 7.44301e-06
4.429 0.199576 4.85139e-05
4.43 0.200494 5.926e-05
4.431 0.201381 3.28885e-05
4.432 0.202238 -1.52574e-05
4.433 0.203062 -5.66017e-05
4.434 0.203855 -6.61996e-05
4.435 0.204615 -3.76321e-05
4.436 0.205341 1.29022e-05
4.437 0.206033 5.58134e-05
4.438 0.206692 6.53583e-05
4.439 0.207318 3.48352e-05
4.44 0.207912 -1.91883e-05
4.441 0.208474 -6.61828e-05
4.442 0.209005 -7.91864e-05
4.443 0.209505 -5.04271e-05
4.444 0.209973 4.02805e-06
4.445 0.210409 5.33403e-05
4.446 0.210813 6.95082e-05
4.447 0.211182 4.34049e-05
4.448 0.211518 -9.96853e-06
4.449 0.21182 -6.00341e-05
4.45 0.212088 -7.80943e-05
4.451 0.212324 -5.37133e-05
4.452 0.212527 -6.80082e-07
4.453 0.212699 5.08203e-05
4.454 0.21284 7.13469e-05
4.455 0.212949 4.89197e-05
4.456 0.213027 -4.13208e-06
4.457 0.213072 -5.80099e-05
4.458 0.213084 -8.20828e-05
4.459 0.213063 -6.19855e-05
4.46 0.213008 -7.67798e-06
4.461 0.21292 5.19099e-05
4.462 0.212799 8.45794e-05
4.463 0.212647 7.22256e-05
4.464 0.212463 2.04476e-05
4.465 0.212249 -4.45934e-05
4.466 0.212005 -9.00887e-05
4.467 0.21173 -9.36097e-05
4.468 0.211424 -5.42331e-05
4.469 0.211086 7.76484e-06
4.47 0.210716 6.19418e-05
4.471 0.210313 8.32336e-05
4.472 0.209878 6.38609e-05
4.473 0.209411 1.58764e-05
4.474 0.208912 -3.61909e-05
4.475 0.208383 -6.81088e-05
4.476 0.207825 -6.73619e-05
4.477 0.207238 -3.78043e-05
4.478 0.206622 3.94302e-06
4.479 0.205978 3.76423e-05
4.48 0.205304 4.91003e-05
4.481 0.2046 3.57649e-05
4.482 0.203865 6.28395e-06
4.483 0.2031 -2.48258e-05
4.484 0.202305 -4.42226e-05
4.485 0.20148 -4.51482e-05
4.486 0.200626 -2.92306e-05
4.487 0.199743 -4.63592e-06
4.488 0.198834 1.80046e-05
4.489 0.197897 2.99654e-05
4.49 0.196934 2.75129e-05
4.491 0.195944 1.28785e-05
4.492 0.194927 -6.9558e-06
4.493 0.193883 -2.31448e-05
4.494 0.192812 -2.85767e-05
4.495 0.191713 -2.09107e-05
4.496 0.190587 -3.78887e-06
4.497 0.189435 1.45385e-05
4.498 0.188256 2.48921e-05
4.499 0.187053 2.16681e-05
4.5 0.185824 5.97657e-06
4.501 0.184572 -1.44255e-05
4.502 0.183295 -2.8769e-05
4.503 0.181994 -2.88912e-05
4.504 0.180669 -1.39179e-05
4.505 0.17932 8.72943e-06
4.506 0.177947 2.69212e-05
4.507 0.176551 3.03495e-05
4.508 0.175132 1.64765e-05
4.509 0.17369 -7.58514e-06
4.51 0.172227 -2.86402e-05
4.511 0.170741 -3.47003e-05
4.512 0.169235 -2.19522e-05
4.513 0.167707 2.70746e-06
4.514 0.166159 2.53048e-05
4.515 0.164591 3.27484e-05
4.516 0.163002 2.05983e-05
4.517 0.161393 -3.99821e-06
4.518 0.159764 -2.61788e-05
4.519 0.158115 -3.20264e-05
4.52 0.156447 -1.70163e-05
4.521 0.154761 1.08584e-05
4.522 0.153056 3.54097e-05
4.523 0.151334 4.17344e-05
4.524 0.149595 2.53257e-05
4.525 0.147839 -4.7438e-06
4.526 0.146067 -3.07743e-05
4.527 0.144279 -3.68752e-05
4.528 0.142475 -1.87602e-05
4.529 0.140656 1.31286e-05
4.53 0.138821 3.94119e-05
4.531 0.136971 4.33709e-05
4.532 0.135105 2.15133e-05
4.533 0.133225 -1.34693e-05
4.534 0.131331 -3.96342e-05
4.535 0.129423 -3.89451e-05
4.536 0.127501 -8.94448e-06
4.537 0.125568 3.43595e-05
4.538 0.123622 6.48039e-05
4.539 0.121665 6.13342e-05
4.54 0.119698 2.14583e-05
4.541 0.117719 -3.53932e-05
4.542 0.115731 -7.74027e-05
4.543 0.113731 -7.80951e-05
4.544 0.111721 -3.23772e-05
4.545 0.109701 3.86574e-05
4.546 0.10767 9.77281e-05
4.547 0.10563 0.00011135
4.548 0.10358 6.89252e-05
4.549 0.101522 -9.98614e-06
4.55 0.099457 -8.49424e-05
4.551 0.0973849 -0.000115959
4.552 0.0953065 -8.54302e-05
4.553 0.0932222 -8.41649e-06
4.554 0.0911318 7.47801e-05
4.555 0.0890353 0.000120066
4.556 0.0869324 0.000103444
4.557 0.0848233 3.41724e-05
4.558 0.0827081 -5.01839e-05
4.559 0.0805874 -0.000104221
4.56 0.078462 -9.94429e-05
4.561 0.0763328 -3.9645e-05
4.562 0.0742006 4.15244e-05
4.563 0.0720662 9.93757e-05
4.564 0.0699299 0.000102828
4.565 0.0677917 5.12065e-05
4.566 0.0656517 -2.60096e-05
4.567 0.0635093 -8.60734e-05
4.568 0.0613645 -9.68392e-05
4.569 0.0592172 -5.4214e-05
4.57 0.0570679 1.63764e-05
4.571 0.0549172 7.49557e-05
4.572 0.0527661 8.96489e-05
4.573 0.0506156 5.41604e-05
4.574 0.0484664 -9.56261e-06
4.575 0.0463191 -6.45574e-05
4.576 0.0441739 -8.00734e-05
4.577 0.0420306 -4.86205e-05
4.578 0.039889 1.06348e-05
4.579 0.0377485 6.36062e-05
4.58 0.035609 8.10306e-05
4.581 0.0334708 5.47796e-05
4.582 0.0313344 1.61343e-06
4.583 0.0292005 -4.73122e-05
4.584 0.0270703 -6.4709e-05
4.585 0.0249447 -4.25004e-05
4.586 0.0228243 4.40625e-06
4.587 0.0207094 4.76504e-05
4.588 0.0185999 6.22943e-05
4.589 0.0164955 4.10724e-05
4.59 0.0143958 -2.10042e-06
4.591 0.0123006 -4.10076e-05
4.592 0.0102097 -5.28302e-05
4.593 0.00812369 -3.13412e-05
4.594 0.00604325 9.98001e-06
4.595 0.0039693 4.64042e-05
4.596 0.00190274 5.67145e-05
4.597 -0.000155764 3.55105e-05
4.598 -0.00220592 -4.02715e-06
4.599 -0.00424779 -3.82538e-05
4.6 -0.00628175 -4.70646e-05
4.601 -0.00830825 -2.55241e-05
4.602 -0.0103276 1.35312e-05
4.603 -0.0123398 4.71852e-05
4.604 -0.0143444 5.57482e-05
4.605 -0.0163406 3.39325e-05
4.606 -0.0183276 -6.38203e-06
4.607 -0.0203042 -4.30888e-05
4.608 -0.0222698 -5.62778e-05
4.609 -0.0242242 -3.90271e-05
4.61 -0.0261674 -6.88661e-07
4.611 -0.0280999 3.87405e-05
4.612 -0.0300226 5.95914e-05
4.613 -0.0319357 5.2595e-05
4.614 -0.0338397 2.27716e-05
4.615 -0.0357341 -1.43516e-05
4.616 -0.0376182 -4.1429e-05
4.617 -0.0394909 -4.78184e-05
4.618 -0.0413511 -3.35881e-05
4.619 -0.0431979 -7.67236e-06
4.62 -0.0450308 1.78481e-05
4.621 -0.0468499 3.3671e-05
4.622 -0.0486556 3.63838e-05
4.623 -0.0504487 2.7984e-05
4.624 -0.0522299 1.32359e-05
4.625 -0.0539997 -2.89679e-06
4.626 -0.0557579 -1.63484e-05
4.627 -0.0575041 -2.38057e-05
4.628 -0.0592373 -2.26067e-05
4.629 -0.0609562 -1.16924e-05
4.63 -0.06266 6.71097e-06
4.631 -0.0643478 2.62473e-05
4.632 -0.0660197 3.80085e-05
4.633 -0.0676759 3.46574e-05
4.634 -0.0693172 1.51642e-05
4.635 -0.0709444 -1.29147e-05
4.636 -0.072558 -3.58543e-05
4.637 -0.0741582 -4.04823e-05
4.638 -0.0757445 -2.19004e-05
4.639 -0.077316 1.2386e-05
4.64 -0.0788717 4.50465e-05
4.641 -0.0804105 5.76482e-05
4.642 -0.0819318 4.11174e-05
4.643 -0.0834352 1.92795e-06
4.644 -0.0849211 -4.01059e-05
4.645 -0.0863903 -6.19676e-05
4.646 -0.0878435 -5.02868e-05
4.647 -0.0892815 -9.62949e-06
4.648 -0.0907044 3.89353e-05
4.649 -0.092112 6.88247e-05
4.65 -0.0935034 6.27276e-05
4.651 -0.0948776 2.28594e-05
4.652 -0.0962334 -2.9465e-05
4.653 -0.09757 -6.5202e-05
4.654 -0.098887 -6.38151e-05
4.655 -0.100185 -2.52195e-05
4.656 -0.101464 2.96006e-05
4.657 -0.102725 7.0027e-05
4.658 -0.103969 7.30686e-05
4.659 -0.105197 3.66541e-05
4.66 -0.106408 -1.88181e-05
4.661 -0.107602 -6.18406e-05
4.662 -0.108777 -6.77788e-05
4.663 -0.109934 -3.31882e-05
4.664 -0.11107 2.1914e-05
4.665 -0.112185 6.5376e-05
4.666 -0.113279 7.15018e-05
4.667 -0.114353 3.62017e-05
4.668 -0.115408 -2.02124e-05
4.669 -0.116443 -6.4475e-05
4.67 -0.117461 -6.96672e-05
4.671 -0.118461 -3.12536e-05
4.672 -0.119442 2.96002e-05
4.673 -0.120405 7.76775e-05
4.674 -0.121347 8.39074e-05
4.675 -0.122268 4.25656e-05
4.676 -0.123168 -2.45854e-05
4.677 -0.124045 -7.995e-05
4.678 -0.124902 -9.12199e-05
4.679 -0.125737 -5.0053e-05
4.68 -0.126552 2.24352e-05
4.681 -0.127348 8.67714e-05
4.682 -0.128125 0.00010683
4.683 -0.128883 7.00659e-05
4.684 -0.12962 -5.11955e-06
4.685 -0.130337 -7.9109e-05
4.686 -0.131032 -0.000112583
4.687 -0.131705 -8.78988e-05
4.688 -0.132355 -1.85259e-05
4.689 -0.132982 5.85674e-05
4.69 -0.133588 0.000103186
4.691 -0.134173 9.35193e-05
4.692 -0.134737 3.72337e-05
4.693 -0.135282 -3.37246e-05
4.694 -0.135807 -8.12821e-05
4.695 -0.136312 -8.19622e-05
4.696 -0.136795 -3.87504e-05
4.697 -0.137256 2.20079e-05
4.698 -0.137695 6.62669e-05
4.699 -0.138111 7.12555e-05
4.7 -0.138503 3.71393e-05
4.701 -0.138873 -1.46478e-05
4.702 -0.139222 -5.46747e-05
4.703 -0.139549 -6.22833e-05
4.704 -0.139856 -3.62873e-05
4.705 -0.140143 5.95963e-06
4.706 -0.140409 3.97679e-05
4.707 -0.140654 4.75077e-05
4.708 -0.140877 2.78013e-05
4.709 -0.141078 -5.30137e-06
4.71 -0.141256 -3.18645e-05
4.711 -0.14141 -3.80835e-05
4.712 -0.141542 -2.35766e-05
4.713 -0.141652 -8.66558e-08
4.714 -0.141741 1.68844e-05
4.715 -0.141809 1.78794e-05
4.716 -0.141857 4.65602e-06
4.717 -0.141884 -1.20752e-05
4.718 -0.14189 -2.03693e-05
4.719 -0.141875 -1.49691e-05
4.72 -0.141838 -3.61752e-07
4.721 -0.141779 1.27408e-05
4.722 -0.141697 1.49076e-05
4.723 -0.141593 4.4077e-06
4.724 -0.141468 -1.1675e-05
4.725 -0.141321 -2.22879e-05
4.726 -0.141154 -1.99367e-05
4.727 -0.140966 -5.86161e-06
4.728 -0.140758 1.06236e-05
4.729 -0.14053 1.82733e-05
4.73 -0.140281 1.1526e-05
4.731 -0.140012 -5.48202e-06
4.732 -0.139721 -2.13288e-05
4.733 -0.139409 -2.47835e-05
4.734 -0.139076 -1.25565e-05
4.735 -0.138723 7.87857e-06
4.736 -0.138349 2.25945e-05
4.737 -0.137955 2.02485e-05
4.738 -0.137541 1.59812e-07
4.739 -0.137108 -2.60366e-05
4.74 -0.136656 -4.08191e-05
4.741 -0.136184 -3.18083e-05
4.742 -0.135692 -6.40963e-07
4.743 -0.13518 3.6259e-05
4.744 -0.134648 5.63085e-05
4.745 -0.134097 4.42598e-05
4.746 -0.133526 2.59016e-06
4.747 -0.132937 -4.79377e-05
4.748 -0.13233 -7.87858e-05
4.749 -0.131705 -6.98225e-05
4.75 -0.131062 -2.19461e-05
4.751 -0.130401 4.16198e-05
4.752 -0.129721 8.69299e-05
4.753 -0.129024 8.79032e-05
4.754 -0.128307 4.15434e-05
4.755 -0.127573 -2.91457e-05
4.756 -0.12682 -8.68135e-05
4.757 -0.12605 -9.99754e-05
4.758 -0.125262 -6.06476e-05
4.759 -0.124458 1.06385e-05
4.76 -0.123638 7.56052e-05
4.761 -0.122802 9.90828e-05
4.762 -0.121951 6.84313e-05
4.763 -0.121084 6.28728e-07
4.764 -0.1202 -6.706e-05
4.765 -0.119301 -9.77165e-05
4.766 -0.118385 -7.51935e-05
4.767 -0.117454 -1.29016e-05
4.768 -0.116507 5.39259e-05
4.769 -0.115544 8.80732e-05
4.77 -0.114567 7.10758e-05
4.771 -0.113575 1.32195e-05
4.772 -0.11257 -5.2678e-05
4.773 -0.111551 -8.99836e-05
4.774 -0.110518 -7.87551e-05
4.775 -0.109472 -2.64789e-05
4.776 -0.108412 3.68035e-05
4.777 -0.107339 7.58991e-05
4.778 -0.106253 7.02958e-05
4.779 -0.105153 2.51738e-05
4.78 -0.104041 -3.23853e-05
4.781 -0.102917 -6.94279e-05
4.782 -0.101781 -6.59495e-05
4.783 -0.100633 -2.57402e-05
4.784 -0.0994739 2.6653e-05
4.785 -0.0983036 6.06619e-05
4.786 -0.0971222 5.73307e-05
4.787 -0.0959297 1.96854e-05
4.788 -0.0947264 -2.98221e-05
4.789 -0.0935124 -6.28451e-05
4.79 -0.092288 -6.14785e-05
4.791 -0.0910537 -2.79332e-05
4.792 -0.0898099 1.76997e-05
4.793 -0.0885568 4.97596e-05
4.794 -0.0872948 5.18316e-05
4.795 -0.0860242 2.54055e-05
4.796 -0.0847451 -1.22761e-05
4.797 -0.0834574 -3.92903e-05
4.798 -0.0821615 -4.20064e-05
4.799 -0.0808574 -2.22077e-05
4.8 -0.0795453 5.47287e-06
4.801 -0.0782256 2.36088e-05
4.802 -0.0768986 2.29111e-05
4.803 -0.0755647 7.23031e-06
4.804 -0.0742244 -1.01642e-05
4.805 -0.0728779 -1.62104e-05
4.806 -0.0715254 -7.09614e-06
4.807 -0.070167 9.24306e-06
4.808 -0.0688029 1.87924e-05
4.809 -0.0674331 1.15362e-05
4.81 -0.0660577 -1.07906e-05
4.811 -0.0646771 -3.46641e-05
4.812 -0.0632914 -4.2937e-05
4.813 -0.0619012 -2.63e-05
4.814 -0.0605069 9.32555e-06
4.815 -0.0591088 4.46633e-05
4.816 -0.0577073 5.78128e-05
4.817 -0.0563026 3.77472e-05
4.818 -0.0548948 -7.68994e-06
4.819 -0.053484 -5.47002e-05
4.82 -0.05207 -7.63977e-05
4.821 -0.050653 -5.85159e-05
4.822 -0.0492331 -8.68478e-06
4.823 -0.0478106 4.66521e-05
4.824 -0.0463859 7.65426e-05
4.825 -0.0449595 6.31945e-05
4.826 -0.0435318 1.28007e-05
4.827 -0.0421034 -4.70874e-05
4.828 -0.0406745 -8.26277e-05
4.829 -0.0392452 -7.28882e-05
4.83 -0.0378157 -2.22048e-05
4.831 -0.0363857 4.16345e-05
4.832 -0.0349554 8.26967e-05
4.833 -0.0335246 7.72186e-05
4.834 -0.0320936 2.73745e-05
4.835 -0.0306625 -3.95098e-05
4.836 -0.0292319 -8.60834e-05
4.837 -0.0278021 -8.59997e-05
4.838 -0.0263737 -3.89292e-05
4.839 -0.024947 2.90491e-05
4.84 -0.0235222 8.00058e-05
4.841 -0.0220997 8.54822e-05
4.842 -0.0206792 4.25024e-05
4.843 -0.0192608 -2.47948e-05
4.844 -0.0178445 -7.88072e-05
4.845 -0.0164303 -8.96295e-05
4.846 -0.0150183 -5.1732e-05
4.847 -0.0136089 1.32155e-05
4.848 -0.0122024 6.88164e-05
4.849 -0.0107994 8.44887e-05
4.85 -0.00940001 5.23885e-05
4.851 -0.00800466 -8.73717e-06
4.852 -0.00661343 -6.46531e-05
4.853 -0.00522635 -8.50862e-05
4.854 -0.00384336 -6.03577e-05
4.855 -0.0024644 -5.92753e-06
4.856 -0.0010895 4.72917e-05
4.857 0.000281202 7.08491e-05
4.858 0.00164742 5.44264e-05
4.859 0.00300876 1.04712e-05
4.86 0.00436478 -3.4328e-05
4.861 0.00571509 -5.51828e-05
4.862 0.00705937 -4.32498e-05
4.863 0.00839745 -9.51526e-06
4.864 0.00972932 2.32349e-05
4.865 0.0110551 3.49887e-05
4.866 0.0123749 2.05703e-05
4.867 0.0136888 -8.02115e-06
4.868 0.0149968 -3.00711e-05
4.869 0.0162989 -2.9843e-05
4.87 0.0175947 -6.82987e-06
4.871 0.0188839 2.38576e-05
4.872 0.0201659 4.11971e-05
4.873 0.0214406 3.19645e-05
4.874 0.0227075 -2.05838e-07
4.875 0.0239666 -3.62773e-05
4.876 0.0252177 -5.31876e-05
4.877 0.026461 -3.83298e-05
4.878 0.0276964 1.81444e-06
4.879 0.028924 4.45179e-05
4.88 0.0301438 6.38683e-05
4.881 0.0313555 4.64681e-05
4.882 0.0325591 2.95848e-07
4.883 0.0337542 -4.89511e-05
4.884 0.0349408 -7.23567e-05
4.885 0.0361185 -5.48657e-05
4.886 0.0372873 -4.8352e-06
4.887 0.0384471 4.99082e-05
4.888 0.0395979 7.7662e-05
4.889 0.0407395 6.1292e-05
4.89 0.0418719 8.77688e-06
4.891 0.042995 -5.05711e-05
4.892 0.0441084 -8.24269e-05
4.893 0.045212 -6.71667e-05
4.894 0.0463056 -1.16298e-05
4.895 0.047389 5.40628e-05
4.896 0.0484623 9.31319e-05
4.897 0.0495253 8.2926e-05
4.898 0.0505782 2.80447e-05
4.899 0.051621 -4.18057e-05
4.9 0.0526537 -8.81933e-05
4.901 0.0536763 -8.54199e-05
4.902 0.0546884 -3.49456e-05
4.903 0.0556899 3.53939e-05
4.904 0.0566804 8.69428e-05
4.905 0.0576598 9.17628e-05
4.906 0.0586277 4.80101e-05
4.907 0.0595842 -1.94264e-05
4.908 0.0605291 -7.3207e-05
4.909 0.0614626 -8.44985e-05
4.91 0.0623847 -4.87194e-05
4.911 0.0632954 1.26663e-05
4.912 0.0641949 6.49778e-05
4.913 0.065083 8.01433e-05
4.914 0.0659594 5.21087e-05
4.915 0.0668241 -7.72154e-07
4.916 0.0676768 -4.72935e-05
4.917 0.0685173 -6.18069e-05
4.918 0.0693456 -3.86519e-05
4.919 0.0701616 5.60418e-06
4.92 0.0709654 4.30019e-05
4.921 0.0717568 5.13141e-05
4.922 0.0725358 2.71517e-05
4.923 0.0733023 -1.26419e-05
4.924 0.0740562 -4.18783e-05
4.925 0.0747973 -4.14182e-05
4.926 0.0755254 -1.10702e-05
4.927 0.0762405 3.02132e-05
4.928 0.0769425 5.59622e-05
4.929 0.0776315 4.85971e-05
4.93 0.0783076 1.06431e-05
4.931 0.0789709 -3.61695e-05
4.932 0.0796214 -6.36003e-05
4.933 0.0802591 -5.39353e-05
4.934 0.0808837 -1.11581e-05
4.935 0.0814949 4.06336e-05
4.936 0.0820924 7.0956e-05
4.937 0.0826761 6.09295e-05
4.938 0.0832456 1.49245e-05
4.939 0.0838012 -4.12295e-05
4.94 0.0843428 -7.47794e-05
4.941 0.0848708 -6.50992e-05
4.942 0.0853855 -1.61803e-05
4.943 0.0858868 4.49229e-05
4.944 0.0863749 8.31339e-05
4.945 0.0868495 7.5455e-05
4.946 0.0873103 2.45901e-05
4.947 0.087757 -4.19167e-05
4.948 0.0881892 -8.68198e-05
4.949 0.0886066 -8.41607e-05
4.95 0.0890094 -3.41998e-05
4.951 0.0893976 3.62993e-05
4.952 0.0897716 8.87634e-05
4.953 0.0901317 9.42881e-05
4.954 0.0904781 4.98083e-05
4.955 0.090811 -2.0172e-05
4.956 0.0911301 -7.72671e-05
4.957 0.0914353 -9.05824e-05
4.958 0.091726 -5.37339e-05
4.959 0.0920019 1.19965e-05
4.96 0.0922626 6.99785e-05
4.961 0.0925082 8.88951e-05
4.962 0.0927387 5.99987e-05
4.963 0.0929547 1.31689e-06
4.964 0.0931564 -5.3293e-05
4.965 0.0933443 -7.371e-05
4.966 0.0935186 -5.0431e-05
4.967 0.0936792 7.83048e-07
4.968 0.093826 4.88536e-05
4.969 0.0939584 6.58568e-05
4.97 0.0940761 4.31607e-05
4.971 0.0941786 -4.08404e-06
4.972 0.0942658 -4.64918e-05
4.973 0.0943378 -5.82037e-05
4.974 0.0943949 -3.23074e-05
4.975 0.0944376 1.51606e-05
4.976 0.0944664 5.4929e-05
4.977 0.0944816 6.21254e-05
4.978 0.0944832 3.13648e-05
4.979 0.0944712 -1.96907e-05
4.98 0.0944451 -6.05155e-05
4.981 0.0944047 -6.57617e-05
4.982 0.0943495 -3.05753e-05
4.983 0.0942794 2.59147e-05
4.984 0.0941944 7.12069e-05
4.985 0.0940948 7.81702e-05
4.986 0.0939811 4.11013e-05
4.987 0.0938537 -2.03314e-05
4.988 0.093713 -7.17904e-05
4.989 0.0935591 -8.36998e-05
4.99 0.0933919 -4.83417e-05
4.991 0.0932112 1.52625e-05
4.992 0.0930167 7.16869e-05
4.993 0.0928079 8.89663e-05
4.994 0.0925848 5.67865e-05
4.995 0.0923474 -7.37629e-06
4.996 0.0920961 -6.77796e-05
4.997 0.0918313 -9.03537e-05
4.998 0.0915534 -6.18629e-05
4.999 0.0912629 2.52375e-06
5 0.09096 6.75611e-05
5.001 0.0906447 9.75115e-05
5.002 0.0903167 7.60006e-05
5.003 0.0899757 1.50229e-05
5.004 0.0896213 -5.18944e-05
5.005 0.0892535 -8.84477e-05
5.006 0.0888721 -7.56474e-05
5.007 0.0884775 -2.20026e-05
5.008 0.0880702 4.177e-05
5.009 0.0876506 8.03227e-05
5.01 0.0872193 7.3483e-05
5.011 0.0867766 2.71184e-05
5.012 0.0863225 -3.09029e-05
5.013 0.085857 -6.70982e-05
5.014 0.0853798 -6.15836e-05
5.015 0.0848907 -1.91268e-05
5.016 0.0843895 3.41466e-05
5.017 0.0838762 6.62988e-05
5.018 0.0833509 5.82845e-05
5.019 0.082814 1.49907e-05
5.02 0.0822658 -3.77237e-05
5.021 0.081707 -6.82181e-05
5.022 0.0811376 -5.76649e-05
5.023 0.080558 -1.12617e-05
5.024 0.0799681 4.44827e-05
5.025 0.0793678 7.6911e-05
5.026 0.078757 6.61619e-05
5.027 0.0781357 1.6989e-05
5.028 0.077504 -4.34481e-05
5.029 0.0768621 -8.07298e-05
5.03 0.0762103 -7.27528e-05
5.031 0.075549 -2.26074e-05
5.032 0.0748784 4.26658e-05
5.033 0.0741988 8.69141e-05
5.034 0.0735103 8.50677e-05
5.035 0.0728128 3.73549e-05
5.036 0.0721062 -3.05157e-05
5.037 0.0713904 -8.14191e-05
5.038 0.0706656 -8.73449e-05
5.039 0.0699318 -4.49596e-05
5.04 0.0691895 2.24877e-05
5.041 0.0684391 7.79968e-05
5.042 0.067681 9.12504e-05
5.043 0.0669156 5.5296e-05
5.044 0.0661431 -9.76286e-06
5.045 0.0653635 -6.80468e-05
5.046 0.0645767 -8.78071e-05
5.047 0.0637825 -5.88657e-05
5.048 0.0629808 2.04999e-06
5.049 0.0621715 6.09112e-05
5.05 0.0613549 8.54407e-05
5.051 0.0605313 6.29277e-05
5.052 0.0597012 6.92574e-06
5.053 0.0588651 -5.07468e-05
5.054 0.0580235 -7.80506e-05
5.055 0.0571767 -6.0613e-05
5.056 0.0563246 -9.4608e-06
5.057 0.0554673 4.56039e-05
5.058 0.0546045 7.31003e-05
5.059 0.0537361 5.77136e-05
5.06 0.0528619 8.82918e-06
5.061 0.0519821 -4.49918e-05
5.062 0.051097 -7.23947e-05
5.063 0.0502071 -5.7169e-05
5.064 0.0493129 -7.5891e-06
5.065 0.0484149 4.8134e-05
5.066 0.0475134 7.77531e-05
5.067 0.0466086 6.33071e-05
5.068 0.0457006 1.15463e-05
5.069 0.0447891 -4.94594e-05
5.07 0.0438738 -8.57344e-05
5.071 0.0429547 -7.63068e-05
5.072 0.0420318 -2.50946e-05
5.073 0.0411052 4.08923e-05
5.074 0.0401753 8.61309e-05
5.075 0.0392426 8.59662e-05
5.076 0.0383076 4.01426e-05
5.077 0.0373707 -2.69593e-05
5.078 0.0364324 -7.95259e-05
5.079 0.0354927 -8.97236e-05
5.08 0.0345515 -5.27144e-05
5.081 0.0336087 1.08928e-05
5.082 0.0326641 6.64175e-05
5.083 0.0317177 8.40194e-05
5.084 0.0307694 5.47926e-05
5.085 0.0298194 -4.68342e-06
5.086 0.0288681 -6.16921e-05
5.087 0.0279158 -8.53788e-05
5.088 0.026963 -6.34948e-05
5.089 0.02601 -8.77776e-06
5.09 0.0250572 4.83787e-05
5.091 0.0241046 7.67878e-05
5.092 0.0231522 6.15304e-05
5.093 0.0222001 1.18815e-05
5.094 0.021248 -4.41227e-05
5.095 0.0202959 -7.53445e-05
5.096 0.0193438 -6.47317e-05
5.097 0.0183919 -1.85829e-05
5.098 0.0174403 3.71224e-05
5.099 0.0164895 7.12103e-05
5.1 0.0155398 6.45775e-05
5.101 0.0145915 2.07346e-05
5.102 0.013645 -3.61361e-05
5.103 0.0127005 -7.44979e-05
5.104 0.011758 -7.28222e-05
5.105 0.0108174 -3.148e-05
5.106 0.00987866 2.7338e-05
5.107 0.00894159 7.16289e-05
5.108 0.00800606 7.69734e-05
5.109 0.00707208 3.98676e-05
5.11 0.00613977 -2.02412e-05
5.111 0.00520942 -7.13185e-05
5.112 0.00428143 -8.59107e-05
5.113 0.00335627 -5.58716e-05
5.114 0.00243439 3.25102e-06
5.115 0.00151612 6.04876e-05
5.116 0.000601646 8.5904e-05
5.117 -0.000309071 6.64271e-05
5.118 -0.00121622 1.26235e-05
5.119 -0.0021201 -4.70915e-05
5.12 -0.00302101 -8.16167e-05
5.121 -0.00391914 -7.35563e-05
5.122 -0.00481448 -2.81429e-05
5.123 -0.00570682 2.99268e-05
5.124 -0.00659572 6.98871e-05
5.125 -0.00748062 7.12708e-05
5.126 -0.00836097 3.45238e-05
5.127 -0.00923631 -1.96667e-05
5.128 -0.0101064 -6.17861e-05
5.129 -0.0109714 -6.94052e-05
5.13 -0.0118314 -3.90515e-05
5.131 -0.0126868 1.22198e-05
5.132 -0.0135381 5.62472e-05
5.133 -0.0143855 6.90085e-05
5.134 -0.0152289 4.34899e-05
5.135 -0.0160681 -6.654e-06
5.136 -0.0169027 -5.45117e-05
5.137 -0.0177319 -7.43528e-05
5.138 -0.0185552 -5.53623e-05
5.139 -0.0193722 -7.3834e-06
5.14 -0.020183 4.43206e-05
5.141 -0.0209875 7.24459e-05
5.142 -0.0217864 6.20571e-05
5.143 -0.02258 1.84315e-05
5.144 -0.0233687 -3.5744e-05
5.145 -0.0241527 -7.22809e-05
5.146 -0.0249317 -7.2212e-05
5.147 -0.0257052 -3.56204e-05
5.148 -0.0264726 1.85008e-05
5.149 -0.0272332 6.22001e-05
5.15 -0.0279864 7.30703e-05
5.151 -0.0287321 4.57513e-05
5.152 -0.0294704 -5.47762e-06
5.153 -0.0302019 -5.42419e-05
5.154 -0.0309272 -7.57321e-05
5.155 -0.0316468 -5.93713e-05
5.156 -0.032361 -1.39998e-05
5.157 -0.0330699 3.69581e-05
5.158 -0.033773 6.76968e-05
5.159 -0.0344694 6.32208e-05
5.16 -0.0351584 2.67572e-05
5.161 -0.0358391 -2.22898e-05
5.162 -0.0365112 -5.86045e-05
5.163 -0.0371747 -6.40285e-05
5.164 -0.03783 -3.66875e-05
5.165 -0.0384778 8.41094e-06
5.166 -0.039119 4.74433e-05
5.167 -0.0397541 6.01983e-05
5.168 -0.0403834 4.04198e-05
5.169 -0.0410066 -1.19392e-06
5.17 -0.0416231 -4.27415e-05
5.171 -0.0422319 -6.25346e-05
5.172 -0.0428321 -5.02544e-05
5.173 -0.043423 -1.21555e-05
5.174 -0.0440044 3.22535e-05
5.175 -0.0445765 6.02522e-05
5.176 -0.04514 5.74896e-05
5.177 -0.0456956 2.52182e-05
5.178 -0.0462441 -2.04218e-05
5.179 -0.0467861 -5.6609e-05
5.18 -0.0473215 -6.53211e-05
5.181 -0.0478498 -4.22947e-05
5.182 -0.0483702 9.78451e-07
5.183 -0.0488818 4.31109e-05
5.184 -0.0493838 6.35018e-05
5.185 -0.0498758 5.24684e-05
5.186 -0.0503578 1.58261e-05
5.187 -0.0508303 -2.82376e-05
5.188 -0.0512941 -5.8301e-05
5.189 -0.05175 -6.02384e-05
5.19 -0.0521986 -3.39414e-05
5.191 -0.0526401 6.97588e-06
5.192 -0.0530742 4.21744e-05
5.193 -0.0535002 5.46977e-05
5.194 -0.0539172 3.91636e-05
5.195 -0.0543243 4.08324e-06
5.196 -0.0547209 -3.26754e-05
5.197 -0.055107 -5.28821e-05
5.198 -0.0554828 -4.68871e-05
5.199 -0.0558491 -1.81432e-05
5.2 -0.0562067 1.8788e-05
5.201 -0.0565563 4.56111e-05
5.202 -0.0568983 4.93266e-05
5.203 -0.0572324 2.84754e-05
5.204 -0.0575583 -6.37344e-06
5.205 -0.0578752 -3.79975e-05
5.206 -0.0581821 -5.10195e-05
5.207 -0.0584785 -3.93418e-05
5.208 -0.0587641 -8.94624e-06
5.209 -0.0590391 2.51952e-05
5.21 -0.0593041 4.64872e-05
5.211 -0.0595598 4.4725e-05
5.212 -0.059807 2.09001e-05
5.213 -0.0600461 -1.34357e-05
5.214 -0.060277 -4.18338e-05
5.215 -0.0604994 -5.08395e-05
5.216 -0.0607125 -3.63211e-05
5.217 -0.0609155 -5.27504e-06
5.218 -0.0611078 2.76444e-05
5.219 -0.0612891 4.71206e-05
5.22 -0.0614596 4.4331e-05
5.221 -0.0616199 2.09149e-05
5.222 -0.0617706 -1.20182e-05
5.223 -0.0619126 -3.92475e-05
5.224 -0.0620464 -4.85588e-05
5.225 -0.062172 -3.62753e-05
5.226 -0.0622891 -8.68948e-06
5.227 -0.0623971 2.11377e-05
5.228 -0.062495 3.95893e-05
5.229 -0.0625822 3.8756e-05
5.23 -0.0626583 1.98666e-05
5.231 -0.0627232 -7.59867e-06
5.232 -0.0627775 -3.05587e-05
5.233 -0.062822 -3.84823e-05
5.234 -0.0628574 -2.81613e-05
5.235 -0.0628846 -4.95912e-06
5.236 -0.0629037 1.99248e-05
5.237 -0.0629148 3.47937e-05
5.238 -0.0629172 3.28672e-05
5.239 -0.0629102 1.52892e-05
5.24 -0.062893 -9.577e-06
5.241 -0.0628649 -3.01377e-05
5.242 -0.0628259 -3.69377e-05
5.243 -0.0627761 -2.69313e-05
5.244 -0.0627162 -4.74933e-06
5.245 -0.062647 1.95311e-05
5.246 -0.0625693 3.50213e-05
5.247 -0.0624834 3.4917e-05
5.248 -0.0623897 1.94572e-05
5.249 -0.0622877 -4.32031e-06
5.25 -0.062177 -2.58353e-05
5.251 -0.0620568 -3.57062e-05
5.252 -0.0619265 -2.98435e-05
5.253 -0.0617859 -1.11098e-05
5.254 -0.0616351 1.2108e-05
5.255 -0.0614745 2.96977e-05
5.256 -0.0613048 3.42577e-05
5.257 -0.0611266 2.4221e-05
5.258 -0.0609406 4.3505e-06
5.259 -0.0607468 -1.65172e-05
5.26 -0.0605453 -2.94102e-05
5.261 -0.0603355 -2.90813e-05
5.262 -0.0601169 -1.61293e-05
5.263 -0.0598891 3.46788e-06
5.264 -0.0596516 2.11117e-05
5.265 -0.0594045 2.93624e-05
5.266 -0.0591482 2.5082e-05
5.267 -0.0588832 1.06175e-05
5.268 -0.0586103 -7.4053e-06
5.269 -0.05833 -2.10742e-05
5.27 -0.0580425 -2.46215e-05
5.271 -0.0577481 -1.68164e-05
5.272 -0.0574462 -1.3368e-06
5.273 -0.0571365 1.49633e-05
5.274 -0.0568185 2.50791e-05
5.275 -0.0564918 2.48441e-05
5.276 -0.0561564 1.46173e-05
5.277 -0.0558123 -9.99222e-07
5.278 -0.0554601 -1.52291e-05
5.279 -0.0551004 -2.20461e-05
5.28 -0.0547337 -1.86989e-05
5.281 -0.0543606 -6.79017e-06
5.282 -0.0539811 8.49629e-06
5.283 -0.0535952 2.06423e-05
5.284 -0.0532027 2.4539e-05
5.285 -0.0528032 1.85776e-05
5.286 -0.0523963 5.24273e-06
5.287 -0.0519819 -9.98865e-06
5.288 -0.0515602 -2.09442e-05
5.289 -0.0511312 -2.32746e-05
5.29 -0.0506956 -1.61656e-05
5.291 -0.0502536 -2.576e-06
5.292 -0.0498058 1.20454e-05
5.293 -0.0493522 2.19969e-05
5.294 -0.0488931 2.3588e-05
5.295 -0.0484281 1.65242e-05
5.296 -0.0479573 3.89683e-06
5.297 -0.0474804 -9.16524e-06
5.298 -0.0469973 -1.75938e-05
5.299 -0.0465082 -1.83691e-05
5.3 -0.0460132 -1.16156e-05
5.301 -0.0455127 -4.12655e-07
5.302 -0.045007 1.0552e-05
5.303 -0.0444965 1.69041e-05
5.304 -0.0439812 1.6298e-05
5.305 -0.0434613 9.25899e-06
5.306 -0.0429367 -1.14223e-06
5.307 -0.0424072 -1.06068e-05
5.308 -0.0418727 -1.53571e-05
5.309 -0.0413332 -1.36142e-05
5.31 -0.0407889 -6.23428e-06
5.311 -0.0402399 3.71317e-06
5.312 -0.0396865 1.22217e-05
5.313 -0.0391292 1.59491e-05
5.314 -0.0385682 1.35084e-05
5.315 -0.0380037 5.9589e-06
5.316 -0.0374357 -3.66837e-06
5.317 -0.0368642 -1.15928e-05
5.318 -0.0362891 -1.47614e-05
5.319 -0.0357103 -1.2005e-05
5.32 -0.0351279 -4.44121e-06
5.321 -0.0345418 5.0046e-06
5.322 -0.0339522 1.27519e-05
5.323 -0.0333594 1.59328e-05
5.324 -0.0327637 1.34533e-05
5.325 -0.0321653 6.35853e-06
5.326 -0.0315644 -2.61199e-06
5.327 -0.0309611 -1.00869e-05
5.328 -0.0303555 -1.3328e-05
5.329 -0.0297476 -1.12228e-05
5.33 -0.0291374 -4.64711e-06
5.331 -0.0285248 3.91391e-06
5.332 -0.02791 1.13202e-05
5.333 -0.0272932 1.49379e-05
5.334 -0.0266743 1.35758e-05
5.335 -0.0260537 7.86555e-06
5.336 -0.0254315 -3.08906e-08
5.337 -0.0248077 -7.2538e-06
5.338 -0.0241826 -1.12964e-05
5.339 -0.0235561 -1.08861e-05
5.34 -0.0229283 -6.38699e-06
5.341 -0.0222994 4.00588e-07
5.342 -0.0216694 6.94577e-06
5.343 -0.0210385 1.09228e-05
5.344 -0.0204068 1.10325e-05
5.345 -0.0197745 7.41997e-06
5.346 -0.0191416 1.55834e-06
5.347 -0.0185083 -4.33783e-06
5.348 -0.0178745 -8.13868e-06
5.349 -0.0172402 -8.56008e-06
5.35 -0.0166056 -5.59061e-06
5.351 -0.0159706 -4.46237e-07
5.352 -0.0153355 4.91246e-06
5.353 -0.0147003 8.51135e-06
5.354 -0.0140654 9.07319e-06
5.355 -0.0134309 6.45576e-06
5.356 -0.0127971 1.67232e-06
5.357 -0.0121639 -3.49904e-06
5.358 -0.0115315 -7.16612e-06
5.359 -0.0108996 -7.99659e-06
5.36 -0.0102682 -5.67881e-06
5.361 -0.00963727 -1.01465e-06
5.362 -0.00900676 4.37716e-06
5.363 -0.00837684 8.63406e-06
5.364 -0.00774777 1.0294e-05
5.365 -0.00711989 8.78883e-06
5.366 -0.00649353 4.62236e-06
5.367 -0.00586898 -8.177e-07
5.368 -0.00524636 -5.74049e-06
5.369 -0.00462566 -8.55496e-06
5.37 -0.00400671 -8.38991e-06
5.371 -0.00338927 -5.36063e-06
5.372 -0.00277312 -5.02447e-07
5.373 -0.00215813 4.59553e-06
5.374 -0.00154435 8.32481e-06
5.375 -0.000931999 9.57859e-06
5.376 -0.000321449 8.08917e-06
5.377 0.00028686 4.47896e-06
5.378 0.00089252 2.01975e-08
5.379 0.00149525 -3.8061e-06
5.38 0.00209497 -5.79963e-06
5.381 0.00269179 -5.41754e-06
5.382 0.00328596 -2.92063e-06
5.383 0.0038778 7.48167e-07
5.384 0.00446758 4.30186e-06
5.385 0.00505539 6.54473e-06
5.386 0.00564116 6.75934e-06
5.387 0.00622458 4.92179e-06
5.388 0.00680526 1.68276e-06
5.389 0.00738273 -1.86974e-06
5.39 0.00795665 -4.57993e-06
5.391 0.00852682 -5.60158e-06
5.392 0.00909328 -4.66084e-06
5.393 0.00965622 -2.1245e-06
5.394 0.0102159 1.14063e-06
5.395 0.0107728 4.06418e-06
5.396 0.0113268 5.72347e-06
5.397 0.0118781 5.63529e-06
5.398 0.0124264 3.89694e-06
5.399 0.0129712 1.13699e-06
5.4 0.0135122 -1.70221e-06
5.401 0.014049 -3.67552e-06
5.402 0.0145813 -4.13811e-06
5.403 0.0151092 -2.94493e-06
5.404 0.0156329 -4.87022e-07
5.405 0.0161526 2.4422e-06
5.406 0.0166689 4.90405e-06
5.407 0.0171819 6.11152e-06
5.408 0.0176917 5.67287e-06
5.409 0.0181981 3.70793e-06
5.41 0.0187007 8.04467e-07
5.411 0.0191989 -2.16776e-06
5.412 0.0196923 -4.3251e-06
5.413 0.0201805 -5.03666e-06
5.414 0.0206634 -4.10919e-06
5.415 0.0211412 -1.83667e-06
5.416 0.0216143 1.09629e-06
5.417 0.0220832 3.82435e-06
5.418 0.0225482 5.55894e-06
5.419 0.0230096 5.81584e-06
5.42 0.0234672 4.54691e-06
5.421 0.0239208 2.14061e-06
5.422 0.0243698 -7.04185e-07
5.423 0.0248137 -3.18952e-06
5.424 0.0252519 -4.65027e-06
5.425 0.0256844 -4.73841e-06
5.426 0.026111 -3.5085e-06
5.427 0.0265322 -1.38368e-06
5.428 0.0269483 9.82467e-07
5.429 0.0273599 2.90391e-06
5.43 0.0277673 3.85996e-06
5.431 0.0281705 3.63597e-06
5.432 0.0285694 2.36897e-06
5.433 0.0289635 4.89615e-07
5.434 0.0293522 -1.41803e-06
5.435 0.0297351 -2.79436e-06
5.436 0.0301117 -3.2667e-06
5.437 0.030482 -2.7499e-06
5.438 0.0308461 -1.45874e-06
5.439 0.0312046 1.67915e-07
5.44 0.0315579 1.60553e-06
5.441 0.0319064 2.40233e-06
5.442 0.0322504 2.31107e-06
5.443 0.0325897 1.35692e-06
5.444 0.0329241 -1.76198e-07
5.445 0.0332529 -1.83425e-06
5.446 0.0335757 -3.12912e-06
5.447 0.033892 -3.68163e-06
5.448 0.0342017 -3.33031e-06
5.449 0.0345047 -2.17586e-06
5.45 0.0348015 -5.50089e-07
5.451 0.0350925 1.08024e-06
5.452 0.0353782 2.24601e-06
5.453 0.0356588 2.60704e-06
5.454 0.0359344 2.04544e-06
5.455 0.0362047 6.96045e-07
5.456 0.0364693 -1.09309e-06
5.457 0.0367278 -2.85757e-06
5.458 0.0369796 -4.14333e-06
5.459 0.0372246 -4.62777e-06
5.46 0.0374627 -4.20306e-06
5.461 0.0376941 -3.00012e-06
5.462 0.0379195 -1.34848e-06
5.463 0.0381391 3.15307e-07
5.464 0.0383533 1.56505e-06
5.465 0.0385623 2.09615e-06
5.466 0.0387658 1.80167e-06
5.467 0.0389635 7.94316e-07
5.468 0.0391547 -6.29706e-07
5.469 0.0393392 -2.07355e-06
5.47 0.0395165 -3.1462e-06
5.471 0.0396866 -3.564e-06
5.472 0.0398498 -3.22109e-06
5.473 0.0400064 -2.21156e-06
5.474 0.040157 -7.99151e-07
5.475 0.040302 6.5559e-07
5.476 0.0404417 1.79059e-06
5.477 0.0405758 2.3345e-06
5.478 0.0407042 2.17243e-06
5.479 0.0408263 1.36927e-06
5.48 0.0409417 1.46409e-07
5.481 0.0410498 -1.18033e-06
5.482 0.0411506 -2.28402e-06
5.483 0.0412442 -2.9091e-06
5.484 0.041331 -2.93194e-06
5.485 0.0414113 -2.38522e-06
5.486 0.0414858 -1.44147e-06
5.487 0.0415547 -3.6188e-07
5.488 0.0416181 5.74905e-07
5.489 0.0416758 1.14496e-06
5.49 0.0417273 1.23381e-06
5.491 0.0417723 8.60364e-07
5.492 0.0418103 1.65468e-07
5.493 0.0418411 -6.30772e-07
5.494 0.0418648 -1.29056e-06
5.495 0.0418816 -1.62241e-06
5.496 0.0418918 -1.53109e-06
5.497 0.0418961 -1.04097e-06
5.498 0.0418946 -2.87643e-07
5.499 0.0418875 5.19312e-07
5.5 0.0418747 1.15216e-06
5.501 0.0418559 1.42487e-06
5.502 0.0418307 1.24157e-06
5.503 0.0417987 6.21635e-07
5.504 0.0417597 -3.04548e-07
5.505 0.0417138 -1.32773e-06
5.506 0.0416613 -2.21128e-06
5.507 0.0416025 -2.74915e-06
5.508 0.0415378 -2.81587e-06
5.509 0.0414676 -2.39668e-06
5.51 0.041392 -1.59075e-06
5.511 0.041311 -5.87207e-07
5.512 0.0412242 3.7992e-07
5.513 0.0411312 1.08668e-06
5.514 0.0410316 1.37107e-06
5.515 0.0409253 1.16969e-06
5.516 0.0408122 5.30854e-07
5.517 0.0406925 -3.98353e-07
5.518 0.0405668 -1.40743e-06
5.519 0.0404354 -2.27158e-06
5.52 0.0402988 -2.80274e-06
5.521 0.0401572 -2.89079e-06
5.522 0.0400106 -2.52572e-06
5.523 0.0398587 -1.79642e-06
5.524 0.0397012 -8.67274e-07
5.525 0.0395377 6.09762e-08
5.526 0.0393679 7.96707e-07
5.527 0.0391918 1.19868e-06
5.528 0.0390095 1.20433e-06
5.529 0.0388215 8.39682e-07
5.53 0.0386281 2.09804e-07
5.531 0.0384299 -5.27329e-07
5.532 0.038227 -1.19733e-06
5.533 0.0380195 -1.64848e-06
5.534 0.0378072 -1.78508e-06
5.535 0.0375898 -1.58811e-06
5.536 0.0373668 -1.11838e-06
5.537 0.0371382 -5.00932e-07
5.538 0.0369037 1.06142e-07
5.539 0.0366637 5.51577e-07
5.54 0.0364185 7.29267e-07
5.541 0.0361686 6.04645e-07
5.542 0.0359145 2.21274e-07
5.543 0.0356565 -3.14513e-07
5.544 0.0353946 -8.6613e-07
5.545 0.0351285 -1.30576e-06
5.546 0.0348579 -1.54701e-06
5.547 0.0345824 -1.5611e-06
5.548 0.0343015 -1.37313e-06
5.549 0.0340153 -1.04347e-06
5.55 0.0337239 -6.44685e-07
5.551 0.0334279 -2.45053e-07
5.552 0.0331277 9.59083e-08
5.553 0.032824 3.22886e-07
5.554 0.0325172 3.81101e-07
5.555 0.0322075 2.2398e-07
5.556 0.0318947 -1.64346e-07
5.557 0.0315783 -7.40048e-07
5.558 0.031258 -1.38227e-06
5.559 0.0309331 -1.90669e-06
5.56 0.0306034 -2.11778e-06
5.561 0.030269 -1.88768e-06
5.562 0.0299303 -1.22941e-06
5.563 0.0295878 -3.25175e-07
5.564 0.0292423 5.17117e-07
5.565 0.0288944 9.75383e-07
5.566 0.0285444 8.52689e-07
5.567 0.0281922 1.80966e-07
5.568 0.0278377 -7.68922e-07
5.569 0.0274802 -1.59144e-06
5.57 0.0271193 -1.92991e-06
5.571 0.0267545 -1.65679e-06
5.572 0.0263856 -9.55899e-07
5.573 0.026013 -2.4882e-07
5.574 0.025637 1.81121e-08
5.575 0.0252586 -3.69235e-07
5.576 0.0248782 -1.22767e-06
5.577 0.0244964 -2.01228e-06
5.578 0.0241134 -2.06976e-06
5.579 0.023729 -1.00788e-06
5.58 0.0233429 1.00423e-06
5.581 0.0229544 3.18842e-06
5.582 0.022563 4.44118e-06
5.583 0.0221685 3.8604e-06
5.584 0.0217709 1.27644e-06
5.585 0.0213706 -2.49992e-06
5.586 0.0209681 -5.90084e-06
5.587 0.0205642 -7.26599e-06
5.588 0.0201594 -5.6762e-06
5.589 0.0197541 -1.54605e-06
5.59 0.0193484 3.37777e-06
5.591 0.018942 6.70995e-06
5.592 0.0185344 6.56017e-06
5.593 0.0181251 2.58208e-06
5.594 0.0177138 -3.62512e-06
5.595 0.0173002 -9.07156e-06
5.596 0.0168846 -1.07407e-05
5.597 0.0164673 -7.16675e-06
5.598 0.0160491 5.70067e-07
5.599 0.0156304 9.03865e-06
5.6 0.0152116 1.39117e-05
5.601 0.0147931 1.20991e-05
5.602 0.0143746 3.54115e-06
5.603 0.0139559 -8.32459e-06
5.604 0.0135366 -1.78499e-05
5.605 0.0131162 -1.97883e-05
5.606 0.0126947 -1.20567e-05
5.607 0.0122721 2.76556e-06
5.608 0.0118487 1.81406e-05
5.609 0.0114249 2.63994e-05
5.61 0.0110013 2.25066e-05
5.611 0.0105781 6.9438e-06
5.612 0.0101557 -1.38724e-05
5.613 0.00973387 -3.01441e-05
5.614 0.00931247 -3.32556e-05
5.615 0.00889114 -2.02489e-05
5.616 0.00846957 4.07894e-06
5.617 0.00804761 2.87782e-05
5.618 0.0076253 4.16217e-05
5.619 0.00720292 3.51172e-05
5.62 0.00678089 1.07228e-05
5.621 0.00635968 -2.10416e-05
5.622 0.00593967 -4.50326e-05
5.623 0.00552107 -4.86501e-05
5.624 0.00510384 -2.83611e-05
5.625 0.00468775 7.76377e-06
5.626 0.00427247 4.31199e-05
5.627 0.00385763 6.01632e-05
5.628 0.00344302 4.90755e-05
5.629 0.00302863 1.32333e-05
5.63 0.00261465 -3.15065e-05
5.631 0.00220146 -6.37961e-05
5.632 0.00178953 -6.70029e-05
5.633 0.00137928 -3.7744e-05
5.634 0.000970978 1.16272e-05
5.635 0.000564682 5.82002e-05
5.636 0.000160251 7.92246e-05
5.637 -0.000242601 6.33308e-05
5.638 -0.000644199 1.66863e-05
5.639 -0.00104479 -3.9243e-05
5.64 -0.00144447 -7.76153e-05
5.641 -0.00184313 -7.92245e-05
5.642 -0.0022405 -4.22431e-05
5.643 -0.00263621 1.62958e-05
5.644 -0.0030299 6.83268e-05
5.645 -0.00342132 8.83099e-05
5.646 -0.00381038 6.59251e-05
5.647 -0.00419718 1.15274e-05
5.648 -0.00458192 -4.85717e-05
5.649 -0.00496486 -8.48876e-05
5.65 -0.00534619 -7.93782e-05
5.651 -0.00572596 -3.45792e-05
5.652 -0.00610406 2.74458e-05
5.653 -0.00648023 7.59808e-05
5.654 -0.00685414 8.70027e-05
5.655 -0.00722548 5.52782e-05
5.656 -0.00759406 -2.96846e-06
5.657 -0.00795985 -5.82643e-05
5.658 -0.00832299 -8.28659e-05
5.659 -0.00868374 -6.48804e-05
5.66 -0.00904237 -1.42704e-05
5.661 -0.0093991 4.23879e-05
5.662 -0.00975395 7.57246e-05
5.663 -0.0101068 6.88267e-05
5.664 -0.0104573 2.59807e-05
5.665 -0.0108051 -2.96838e-05
5.666 -0.0111498 -6.84479e-05
5.667 -0.0114911 -6.97387e-05
5.668 -0.0118291 -3.30466e-05
5.669 -0.0121638 2.17851e-05
5.67 -0.0124956 6.51184e-05
5.671 -0.0128248 7.33739e-05
5.672 -0.0131518 4.17539e-05
5.673 -0.0134767 -1.30063e-05
5.674 -0.0137993 -6.14377e-05
5.675 -0.0141195 -7.70923e-05
5.676 -0.0144367 -5.08678e-05
5.677 -0.0147506 3.82366e-06
5.678 -0.0150607 5.79497e-05
5.679 -0.0153671 8.22709e-05
5.68 -0.0156696 6.30939e-05
5.681 -0.0159687 9.88567e-06
5.682 -0.0162647 -4.94641e-05
5.683 -0.0165581 -8.33552e-05
5.684 -0.0168489 -7.3378e-05
5.685 -0.0171373 -2.43412e-05
5.686 -0.017423 3.80511e-05
5.687 -0.0177056 8.07596e-05
5.688 -0.0179846 8.10305e-05
5.689 -0.0182597 3.86354e-05
5.69 -0.0185306 -2.38977e-05
5.691 -0.0187973 -7.32732e-05
5.692 -0.0190601 -8.32538e-05
5.693 -0.0193194 -4.87434e-05
5.694 -0.0195756 1.14889e-05
5.695 -0.0198289 6.49559e-05
5.696 -0.0200796 8.30164e-05
5.697 -0.0203274 5.63548e-05
5.698 -0.0205721 -3.35996e-08
5.699 -0.020813 -5.5081e-05
5.7 -0.0210498 -7.86424e-05
5.701 -0.0212821 -5.79855e-05
5.702 -0.0215099 -4.75268e-06
5.703 -0.0217332 5.14438e-05
5.704 -0.0219525 7.93195e-05
5.705 -0.0221683 6.31862e-05
5.706 -0.0223809 1.16889e-05
5.707 -0.0225906 -4.68428e-05
5.708 -0.0227973 -7.9941e-05
5.709 -0.0230009 -6.89308e-05
5.71 -0.0232008 -1.93637e-05
5.711 -0.0233966 4.18542e-05
5.712 -0.0235879 8.11457e-05
5.713 -0.0237743 7.67282e-05
5.714 -0.023956 3.0695e-05
5.715 -0.0241331 -3.19952e-05
5.716 -0.0243061 -7.71379e-05
5.717 -0.0244755 -8.00595e-05
5.718 -0.0246415 -3.92135e-05
5.719 -0.0248043 2.29307e-05
5.72 -0.0249639 7.22403e-05
5.721 -0.0251199 8.17238e-05
5.722 -0.0252718 4.64064e-05
5.723 -0.0254193 -1.39603e-05
5.724 -0.0255621 -6.58706e-05
5.725 -0.0257 -8.0652e-05
5.726 -0.0258331 -5.03556e-05
5.727 -0.0259618 7.87729e-06
5.728 -0.0260864 6.14105e-05
5.729 -0.0262073 8.03362e-05
5.73 -0.0263247 5.41732e-05
5.731 -0.0264385 -2.28082e-06
5.732 -0.0265487 -5.7229e-05
5.733 -0.0266548 -7.96814e-05
5.734 -0.0267565 -5.68426e-05
5.735 -0.0268536 -1.34322e-06
5.736 -0.0269458 5.57657e-05
5.737 -0.0270333 8.23706e-05
5.738 -0.0271161 6.33086e-05
5.739 -0.0271947 8.93777e-06
5.74 -0.0272692 -5.05697e-05
5.741 -0.0273399 -8.20567e-05
5.742 -0.0274069 -6.79271e-05
5.743 -0.0274702 -1.60159e-05
5.744 -0.0275294 4.47695e-05
5.745 -0.0275843 8.06158e-05
5.746 -0.0276348 7.17226e-05
5.747 -0.0276805 2.3361e-05
5.748 -0.0277216 -3.71416e-05
5.749 -0.027758 -7.5796e-05
5.75 -0.0277901 -7.10658e-05
5.751 -0.027818 -2.59452e-05
5.752 -0.0278419 3.38007e-05
5.753 -0.0278618 7.42355e-05
5.754 -0.0278778 7.2447e-05
5.755 -0.0278897 2.94989e-05
5.756 -0.0278973 -3.01848e-05
5.757 -0.0279005 -7.26591e-05
5.758 -0.0278993 -7.36983e-05
5.759 -0.0278937 -3.25477e-05
5.76 -0.0278838 2.76082e-05
5.761 -0.0278696 7.2743e-05
5.762 -0.0278514 7.72491e-05
5.763 -0.0278293 3.84547e-05
5.764 -0.0278032 -2.18339e-05
5.765 -0.027773 -6.9654e-05
5.766 -0.0277387 -7.80993e-05
5.767 -0.0277001 -4.25379e-05
5.768 -0.0276571 1.67925e-05
5.769 -0.0276097 6.62841e-05
5.77 -0.0275581 7.80251e-05
5.771 -0.0275023 4.56071e-05
5.772 -0.0274426 -1.22992e-05
5.773 -0.0273791 -6.26208e-05
5.774 -0.0273119 -7.67273e-05
5.775 -0.0272409 -4.67152e-05
5.776 -0.0271662 1.01372e-05
5.777 -0.0270875 6.12709e-05
5.778 -0.0270046 7.74498e-05
5.779 -0.0269176 4.94507e-05
5.78 -0.0268264 -6.68203e-06
5.781 -0.0267312 -5.88134e-05
5.782 -0.026632 -7.70858e-05
5.783 -0.0265292 -5.09849e-05
5.784 -0.0264228 4.6441e-06
5.785 -0.0263128 5.80701e-05
5.786 -0.0261994 7.87972e-05
5.787 -0.0260823 5.49775e-05
5.788 -0.0259615 1.64744e-07
5.789 -0.0258368 -5.44473e-05
5.79 -0.0257083 -7.7856e-05
5.791 -0.0255759 -5.69466e-05
5.792 -0.0254399 -3.93261e-06
5.793 -0.0253005 5.0703e-05
5.794 -0.0251577 7.5705e-05
5.795 -0.0250118 5.69436e-05
5.796 -0.0248628 5.45746e-06
5.797 -0.0247105 -4.89554e-05
5.798 -0.0245548 -7.48998e-05
5.799 -0.0243956 -5.74328e-05
5.8 -0.0242327 -6.63406e-06
5.801 -0.0240663 4.82166e-05
5.802 -0.0238964 7.54962e-05
5.803 -0.0237233 5.94311e-05
5.804 -0.0235473 9.16533e-06
5.805 -0.0233687 -4.65039e-05
5.806 -0.0231874 -7.56866e-05
5.807 -0.0230036 -6.17239e-05
5.808 -0.022817 -1.27367e-05
5.809 -0.0226273 4.30852e-05
5.81 -0.0224344 7.37243e-05
5.811 -0.022238 6.17461e-05
5.812 -0.0220382 1.428e-05
5.813 -0.0218353 -4.11622e-05
5.814 -0.0216295 -7.25948e-05
5.815 -0.0214214 -6.20054e-05
5.816 -0.0212112 -1.57006e-05
5.817 -0.0209992 3.94002e-05
5.818 -0.0207854 7.13606e-05
5.819 -0.0205694 6.16896e-05
5.82 -0.0203509 1.60048e-05
5.821 -0.0201296 -3.9251e-05
5.822 -0.0199052 -7.21223e-05
5.823 -0.0196776 -6.36202e-05
5.824 -0.019447 -1.86821e-05
5.825 -0.019214 3.67121e-05
5.826 -0.018979 7.05824e-05
5.827 -0.0187425 6.34355e-05
5.828 -0.0185048 1.95026e-05
5.829 -0.0182661 -3.57599e-05
5.83 -0.018026 -7.04362e-05
5.831 -0.0177843 -6.46186e-05
5.832 -0.0175403 -2.18827e-05
5.833 -0.0172936 3.28565e-05
5.834 -0.0170442 6.78388e-05
5.835 -0.016792 6.28789e-05
5.836 -0.0165376 2.10319e-05
5.837 -0.0162815 -3.32441e-05
5.838 -0.0160243 -6.83355e-05
5.839 -0.0157665 -6.38413e-05
5.84 -0.0155083 -2.23974e-05
5.841 -0.0152495 3.18945e-05
5.842 -0.0149898 6.74966e-05
5.843 -0.0147286 6.37592e-05
5.844 -0.0144654 2.28911e-05
5.845 -0.0142 -3.13625e-05
5.846 -0.0139323 -6.7543e-05
5.847 -0.0136626 -6.47523e-05
5.848 -0.0133916 -2.47528e-05
5.849 -0.01312 2.91208e-05
5.85 -0.0128482 6.55787e-05
5.851 -0.0125766 6.35772e-05
5.852 -0.0123051 2.45131e-05
5.853 -0.0120333 -2.86657e-05
5.854 -0.0117606 -6.48854e-05
5.855 -0.0114865 -6.30639e-05
5.856 -0.0112106 -2.43648e-05
5.857 -0.0109328 2.85355e-05
5.858 -0.0106535 6.47123e-05
5.859 -0.0103732 6.30351e-05
5.86 -0.0100927 2.4468e-05
5.861 -0.00981271 -2.85306e-05
5.862 -0.00953349 -6.51312e-05
5.863 -0.00925509 -6.41082e-05
5.864 -0.00897714 -2.61785e-05
5.865 -0.008699 2.64747e-05
5.866 -0.00842001 6.31867e-05
5.867 -0.00813962 6.27046e-05
5.868 -0.00785766 2.55408e-05
5.869 -0.00757433 -2.6403e-05
5.87 -0.00729024 -6.26909e-05
5.871 -0.00700618 -6.21507e-05
5.872 -0.00672291 -2.52119e-05
5.873 -0.006441 2.64082e-05
5.874 -0.00616059 6.2454e-05
5.875 -0.00588144 6.18402e-05
5.876 -0.00560294 2.49566e-05
5.877 -0.00532436 -2.66074e-05
5.878 -0.00504502 -6.27307e-05
5.879 -0.00476458 -6.23858e-05
5.88 -0.00448308 -2.59052e-05
5.881 -0.00420098 2.52713e-05
5.882 -0.00391902 6.11899e-05
5.883 -0.00363801 6.0922e-05
5.884 -0.0033586 2.47745e-05
5.885 -0.0030811 -2.59571e-05
5.886 -0.00280538 -6.15201e-05
5.887 -0.00253097 -6.11492e-05
5.888 -0.00225714 -2.52018e-05
5.889 -0.00198321 2.51139e-05
5.89 -0.00170871 6.02258e-05
5.891 -0.00143359 5.95571e-05
5.892 -0.00115818 2.35718e-05
5.893 -0.000883143 -2.6541e-05
5.894 -0.000609289 -6.13326e-05
5.895 -0.000337307 -6.0379e-05
5.896 -6.75875e-05 -2.42403e-05
5.897 0.000199895 2.59042e-05
5.898 0.000465563 6.07054e-05
5.899 0.000730101 5.98556e-05
5.9 0.000994236 2.39619e-05
5.901 0.00125851 -2.58649e-05
5.902 0.00152311 -6.04331e-05
5.903 0.00178778 -5.95913e-05
5.904 0.00205192 -2.39984e-05
5.905 0.00231472 2.53398e-05
5.906 0.00257544 5.94566e-05
5.907 0.00283355 5.84291e-05
5.908 0.00308896 2.30138e-05
5.909 0.00334199 -2.58903e-05
5.91 0.00359327 -5.95881e-05
5.911 0.00384355 -5.84495e-05
5.912 0.00409348 -2.33685e-05
5.913 0.00434339 2.4882e-05
5.914 0.00459319 5.79639e-05
5.915 0.00484242 5.66634e-05
5.916 0.00509033 2.21177e-05
5.917 0.00533614 -2.49985e-05
5.918 0.00557925 -5.67921e-05
5.919 0.00581941 -5.46594e-05
5.92 0.00605676 -2.02243e-05
5.921 0.00629181 2.57325e-05
5.922 0.00652523 5.5683e-05
5.923 0.00675771 5.17277e-05
5.924 0.00698967 1.62332e-05
5.925 0.00722117 -2.95695e-05
5.926 0.00745191 -5.81988e-05
5.927 0.00768128 -5.22819e-05
5.928 0.00790857 -1.49653e-05
5.929 0.00813316 3.18151e-05
5.93 0.00835469 6.02283e-05
5.931 0.0085732 5.30252e-05
5.932 0.00878904 1.38708e-05
5.933 0.00900281 -3.46039e-05
5.934 0.00921514 -6.39523e-05
5.935 0.00942649 -5.65842e-05
5.936 0.00963703 -1.61835e-05
5.937 0.0098466 3.42632e-05
5.938 0.0100547 6.57154e-05
5.939 0.0102607 5.98965e-05
5.94 0.010464 1.98878e-05
5.941 0.0106641 -3.16519e-05
5.942 0.010861 -6.55672e-05
5.943 0.0110549 -6.29502e-05
5.944 0.0112463 -2.58312e-05
5.945 0.0114357 2.4297e-05
5.946 0.0116237 5.91121e-05
5.947 0.0118106 5.97739e-05
5.948 0.0119963 2.74167e-05
5.949 0.0121804 -1.81386e-05
5.95 0.0123626 -5.04351e-05
5.951 0.0125421 -5.19126e-05
5.952 0.0127186 -2.37522e-05
5.953 0.0128917 1.55997e-05
5.954 0.0130616 4.20555e-05
5.955 0.0132287 4.04968e-05
5.956 0.0133932 1.35679e-05
5.957 0.0135558 -2.05114e-05
5.958 0.0137168 -3.95925e-05
5.959 0.0138763 -3.14802e-05
5.96 0.014034 -1.53083e-06
5.961 0.0141898 3.06901e-05
5.962 0.014343 4.36593e-05
5.963 0.0144934 2.75558e-05
5.964 0.0146405 -9.10493e-06
5.965 0.0147844 -4.41086e-05
5.966 0.0149251 -5.48677e-05
5.967 0.0150631 -3.24872e-05
5.968 0.0151986 1.2015e-05
5.969 0.0153321 5.33806e-05
5.97 0.0154636 6.66448e-05
5.971 0.0155932 4.20934e-05
5.972 0.0157206 -8.27561e-06
5.973 0.0158457 -5.68824e-05
5.974 0.0159679 -7.60338e-05
5.975 0.0160871 -5.3907e-05
5.976 0.0162031 -1.74756e-06
5.977 0.0163159 5.20576e-05
5.978 0.0164255 7.78123e-05
5.979 0.0165324 6.12644e-05
5.98 0.0166368 1.16919e-05
5.981 0.0167388 -4.33233e-05
5.982 0.0168386 -7.34551e-05
5.983 0.0169362 -6.26353e-05
5.984 0.0170315 -1.78343e-05
5.985 0.0171241 3.52705e-05
5.986 0.0172139 6.70857e-05
5.987 0.0173007 6.07779e-05
5.988 0.0173842 2.13314e-05
5.989 0.0174646 -2.79691e-05
5.99 0.0175419 -5.92932e-05
5.991 0.0176162 -5.61185e-05
5.992 0.0176877 -2.20756e-05
5.993 0.0177566 2.20296e-05
5.994 0.017823 5.08679e-05
5.995 0.017887 4.92561e-05
5.996 0.0179486 2.0296e-05
5.997 0.0180075 -1.74567e-05
5.998 0.0180637 -4.16569e-05
5.999 0.0181169 -3.94379e-05
6 0.0181671 -1.43924e-05
6.001 0.0182141 1.65901e-05
6.002 0.018258 3.42882e-05
6.003 0.0182988 2.8975e-05
6.004 0.0183366 5.88771e-06
6.005 0.0183717 -1.87808e-05
6.006 0.0184042 -2.85921e-05
6.007 0.0184341 -1.74238e-05
6.008 0.0184615 6.74923e-06
6.009 0.0184863 2.71683e-05
6.01 0.0185083 2.9288e-05
6.011 0.0185275 1.04618e-05
6.012 0.0185435 -1.78986e-05
6.013 0.0185564 -3.72301e-05
6.014 0.0185661 -3.36208e-05
6.015 0.0185728 -7.1457e-06
6.016 0.0185766 2.72921e-05
6.017 0.0185778 4.85039e-05
6.018 0.0185765 4.19927e-05
6.019 0.0185728 9.46589e-06
6.02 0.0185666 -3.11866e-05
6.021 0.0185579 -5.58879e-05
6.022 0.0185463 -4.86865e-05
6.023 0.0185316 -1.18686e-05
6.024 0.0185136 3.44386e-05
6.025 0.0184924 6.33847e-05
6.026 0.018468 5.70204e-05
6.027 0.0184407 1.72964e-05
6.028 0.0184109 -3.42492e-05
6.029 0.0183787 -6.83202e-05
6.03 0.0183445 -6.46282e-05
6.031 0.0183082 -2.39341e-05
6.032 0.0182697 3.17732e-05
6.033 0.0182286 7.13487e-05
6.034 0.0181845 7.20927e-05
6.035 0.0181372 3.28402e-05
6.036 0.0180865 -2.5048e-05
6.037 0.0180324 -6.95096e-05
6.038 0.0179751 -7.57825e-05
6.039 0.0179152 -4.03695e-05
6.04 0.017853 1.69887e-05
6.041 0.017789 6.44473e-05
6.042 0.0177233 7.59545e-05
6.043 0.0176559 4.57475e-05
6.044 0.0175866 -8.70852e-06
6.045 0.0175147 -5.68556e-05
6.046 0.01744 -7.2341e-05
6.047 0.017362 -4.76018e-05
6.048 0.0172806 2.42124e-06
6.049 0.0171959 4.92743e-05
6.05 0.0171083 6.7283e-05
6.051 0.0170184 4.7756e-05
6.052 0.0169266 3.16442e-06
6.053 0.0168333 -4.07073e-05
6.054 0.0167387 -5.97529e-05
6.055 0.0166425 -4.49198e-05
6.056 0.0165445 -6.47346e-06
6.057 0.016444 3.28384e-05
6.058 0.0163408 5.1294e-05
6.059 0.0162345 4.03393e-05
6.06 0.0161251 8.51118e-06
6.061 0.0160128 -2.463e-05
6.062 0.0158982 -4.04641e-05
6.063 0.0157817 -3.18871e-05
6.064 0.0156638 -6.44133e-06
6.065 0.0155448 1.93327e-05
6.066 0.0154246 3.04016e-05
6.067 0.015303 2.20278e-05
6.068 0.0151794 1.68873e-06
6.069 0.0150535 -1.65739e-05
6.07 0.0149249 -2.14261e-05
6.071 0.0147935 -1.1171e-05
6.072 0.0146596 5.87247e-06
6.073 0.0145233 1.74484e-05
6.074 0.0143854 1.57217e-05
6.075 0.0142462 2.41275e-06
6.076 0.0141061 -1.25787e-05
6.077 0.0139651 -1.80634e-05
6.078 0.0138231 -9.36819e-06
6.079 0.0136797 8.15965e-06
6.08 0.0135345 2.23932e-05
6.081 0.0133871 2.24556e-05
6.082 0.0132373 6.35787e-06
6.083 0.0130852 -1.68747e-05
6.084 0.0129311 -3.23147e-05
6.085 0.0127755 -2.85649e-05
6.086 0.0126186 -5.62198e-06
6.087 0.012461 2.4041e-05
6.088 0.0123027 4.23455e-05
6.089 0.0121437 3.66046e-05
6.09 0.0119837 7.97472e-06
6.091 0.0118225 -2.81199e-05
6.092 0.0116596 -5.03909e-05
6.093 0.0114949 -4.42903e-05
6.094 0.0113284 -1.13366e-05
6.095 0.0111603 3.07292e-05
6.096 0.0109909 5.75773e-05
6.097 0.0108206 5.24329e-05
6.098 0.0106497 1.64722e-05
6.099 0.0104783 -3.09288e-05
6.1 0.0103065 -6.27127e-05
6.101 0.010134 -5.96673e-05
6.102 0.00996056 -2.20004e-05
6.103 0.00978594 2.99982e-05
6.104 0.00960997 6.69905e-05
6.105 0.00943266 6.72645e-05
6.106 0.00925416 2.95093e-05
6.107 0.00907474 -2.58431e-05
6.108 0.00889473 -6.7786e-05
6.109 0.00871437 -7.22541e-05
6.11 0.00853382 -3.60218e-05
6.111 0.00835305 2.10847e-05
6.112 0.00817194 6.71258e-05
6.113 0.00799025 7.60518e-05
6.114 0.00780781 4.25523e-05
6.115 0.00762447 -1.47657e-05
6.116 0.00744025 -6.37732e-05
6.117 0.00725529 -7.69388e-05
6.118 0.00706981 -4.68879e-05
6.119 0.00688407 9.44681e-06
6.12 0.00669826 6.04303e-05
6.121 0.00651249 7.76009e-05
6.122 0.00632673 5.16517e-05
6.123 0.00614086 -2.5139e-06
6.124 0.00595471 -5.4412e-05
6.125 0.00576812 -7.5269e-05
6.126 0.00558102 -5.41019e-05
6.127 0.00539346 -3.5396e-06
6.128 0.00520559 4.77169e-05
6.129 0.00501763 7.12894e-05
6.13 0.00482979 5.4953e-05
6.131 0.00464223 9.013e-06
6.132 0.00445502 -4.01142e-05
6.133 0.00426808 -6.51448e-05
6.134 0.00408127 -5.31625e-05
6.135 0.00389442 -1.22869e-05
6.136 0.00370737 3.36728e-05
6.137 0.00352008 5.91269e-05
6.138 0.00333263 5.10262e-05
6.139 0.00314519 1.5533e-05
6.14 0.00295799 -2.63627e-05
6.141 0.00277126 -5.12988e-05
6.142 0.00258518 -4.66621e-05
6.143 0.00239978 -1.69624e-05
6.144 0.002215 1.97541e-05
6.145 0.00203066 4.28471e-05
6.146 0.00184657 4.07586e-05
6.147 0.00166257 1.67799e-05
6.148 0.00147859 -1.39513e-05
6.149 0.00129469 -3.38946e-05
6.15 0.00111102 -3.31457e-05
6.151 0.000927833 -1.42991e-05
6.152 0.000745356 1.02208e-05
6.153 0.000563764 2.61874e-05
6.154 0.000383123 2.5846e-05
6.155 0.000203376 1.161e-05
6.156 2.43717e-05 -6.54099e-06
6.157 -0.000154083 -1.78023e-05
6.158 -0.000332156 -1.69903e-05
6.159 -0.00050993 -6.84558e-06
6.16 -0.000687372 4.76861e-06
6.161 -0.000864339 1.04939e-05
6.162 -0.00104061 8.08332e-06
6.163 -0.00121597 1.12666e-06
6.164 -0.00139022 -4.2163e-06
6.165 -0.00156329 -3.93795e-06
6.166 -0.00173523 1.00219e-06
6.167 -0.00190616 5.66742e-06
6.168 -0.00207628 5.12599e-06
6.169 -0.00224577 -1.49476e-06
6.17 -0.00241472 -9.88147e-06
6.171 -0.00258314 -1.33198e-05
6.172 -0.00275091 -7.61318e-06
6.173 -0.00291783 5.28215e-06
6.174 -0.00308368 1.76676e-05
6.175 -0.00324826 2.07061e-05
6.176 -0.00341146 1.04601e-05
6.177 -0.00357328 -8.64328e-06
6.178 -0.0037338 -2.55747e-05
6.179 -0.00389321 -2.9096e-05
6.18 -0.00405167 -1.50609e-05
6.181 -0.00420933 1.00502e-05
6.182 -0.00436624 3.20282e-05
6.183 -0.00452235 3.70378e-05
6.184 -0.00467754 2.02755e-05
6.185 -0.0048316 -1.02046e-05
6.186 -0.00498436 -3.72901e-05
6.187 -0.00513566 -4.44924e-05
6.188 -0.00528545 -2.60021e-05
6.189 -0.00543373 9.00969e-06
6.19 -0.00558062 4.08589e-05
6.191 -0.00572624 5.04513e-05
6.192 -0.00587071 3.073e-05
6.193 -0.00601414 -8.39944e-06
6.194 -0.00615653 -4.49872e-05
6.195 -0.00629784 -5.73923e-05
6.196 -0.00643797 -3.7091e-05
6.197 -0.00657676 5.6492e-06
6.198 -0.00671411 4.69248e-05
6.199 -0.00684991 6.26167e-05
6.2 -0.00698412 4.25088e-05
6.201 -0.00711676 -3.17641e-06
6.202 -0.00724788 -4.8951e-05
6.203 -0.00737755 -6.83393e-05
6.204 -0.00750586 -4.92225e-05
6.205 -0.00763285 -1.33252e-06
6.206 -0.00775854 4.87103e-05
6.207 -0.00788292 7.22829e-05
6.208 -0.00800593 5.51968e-05
6.209 -0.00812752 6.20479e-06
6.21 -0.00824761 -4.75197e-05
6.211 -0.00836613 -7.55877e-05
6.212 -0.00848304 -6.17163e-05
6.213 -0.00859828 -1.32321e-05
6.214 -0.00871185 4.28217e-05
6.215 -0.00882374 7.49029e-05
6.216 -0.00893396 6.48987e-05
6.217 -0.00904256 1.85048e-05
6.218 -0.00914958 -3.79477e-05
6.219 -0.00925508 -7.24679e-05
6.22 -0.00935908 -6.5645e-05
6.221 -0.00946163 -2.17021e-05
6.222 -0.00956271 3.39813e-05
6.223 -0.00966229 6.94613e-05
6.224 -0.00976029 6.45545e-05
6.225 -0.0098566 2.23709e-05
6.226 -0.00995113 -3.25561e-05
6.227 -0.0100438 -6.84414e-05
6.228 -0.0101345 -6.45492e-05
6.229 -0.0102233 -2.31015e-05
6.23 -0.0103102 3.2029e-05
6.231 -0.0103954 6.90518e-05
6.232 -0.0104788 6.65047e-05
6.233 -0.0105608 2.55458e-05
6.234 -0.0106412 -3.0714e-05
6.235 -0.0107202 -7.03939e-05
6.236 -0.0107977 -7.096e-05
6.237 -0.0108735 -3.19412e-05
6.238 -0.0109475 2.49205e-05
6.239 -0.0110196 6.80427e-05
6.24 -0.0110896 7.37613e-05
6.241 -0.0111575 3.94002e-05
6.242 -0.0112233 -1.56081e-05
6.243 -0.0112872 -6.09423e-05
6.244 -0.0113492 -7.23955e-05
6.245 -0.0114096 -4.50193e-05
6.246 -0.0114683 4.8113e-06
6.247 -0.0115256 4.92062e-05
6.248 -0.0115812 6.45626e-05
6.249 -0.0116352 4.43322e-05
6.25 -0.0116874 1.76535e-06
6.251 -0.0117376 -3.84572e-05
6.252 -0.0117857 -5.45141e-05
6.253 -0.0118317 -3.93758e-05
6.254 -0.0118756 -3.81132e-06
6.255 -0.0119174 3.07472e-05
6.256 -0.0119574 4.4917e-05
6.257 -0.0119956 3.21675e-05
6.258 -0.0120322 1.70463e-06
6.259 -0.0120672 -2.77548e-05
6.26 -0.0121005 -3.92587e-05
6.261 -0.012132 -2.7227e-05
6.262 -0.0121616 7.19251e-09
6.263 -0.0121892 2.5782e-05
6.264 -0.0122145 3.51618e-05
6.265 -0.0122377 2.34473e-05
6.266 -0.0122588 -1.65588e-06
6.267 -0.0122779 -2.51014e-05
6.268 -0.0122953 -3.34954e-05
6.269 -0.012311 -2.26538e-05
6.27 -0.0123251 5.0313e-07
6.271 -0.0123377 2.24612e-05
6.272 -0.0123487 3.1074e-05
6.273 -0.0123578 2.22591e-05
6.274 -0.0123649 1.74965e-06
6.275 -0.0123697 -1.87214e-05
6.276 -0.0123723 -2.8249e-05
6.277 -0.0123726 -2.25689e-05
6.278 -0.0123708 -5.74973e-06
6.279 -0.0123671 1.27524e-05
6.28 -0.0123617 2.35798e-05
6.281 -0.0123549 2.22448e-05
6.282 -0.0123466 1.07361e-05
6.283 -0.0123369 -4.42556e-06
6.284 -0.0123256 -1.60735e-05
6.285 -0.0123125 -1.98453e-05
6.286 -0.0122973 -1.55169e-05
6.287 -0.0122799 -6.06636e-06
6.288 -0.0122601 4.40244e-06
6.289 -0.0122381 1.2444e-05
6.29 -0.0122141 1.59986e-05
6.291 -0.0121883 1.42829e-05
6.292 -0.012161 7.58574e-06
6.293 -0.0121323 -2.55961e-06
6.294 -0.0121024 -1.30932e-05
6.295 -0.0120711 -1.97999e-05
6.296 -0.0120382 -1.88387e-05
6.297 -0.0120035 -9.00305e-06
6.298 -0.0119666 6.63702e-06
6.299 -0.0119276 2.11698e-05
6.3 -0.0118863 2.67995e-05
6.301 -0.0118429 1.91338e-05
6.302 -0.0117978 3.92504e-07
6.303 -0.0117512 -2.07066e-05
6.304 -0.0117034 -3.29458e-05
6.305 -0.0116545 -2.86971e-05
6.306 -0.0116043 -8.73437e-06
6.307 -0.0115529 1.72866e-05
6.308 -0.0114997 3.54774e-05
6.309 -0.0114446 3.52803e-05
6.31 -0.0113874 1.57569e-05
6.311 -0.011328 -1.32118e-05
6.312 -0.0112665 -3.591e-05
6.313 -0.0112034 -3.946e-05
6.314 -0.0111388 -2.13325e-05
6.315 -0.0110731 8.7728e-06
6.316 -0.0110066 3.4063e-05
6.317 -0.0109391 4.01153e-05
6.318 -0.0108706 2.32934e-05
6.319 -0.0108007 -6.87359e-06
6.32 -0.0107291 -3.29599e-05
6.321 -0.0106555 -3.96994e-05
6.322 -0.0105799 -2.3021e-05
6.323 -0.0105023 7.32899e-06
6.324 -0.0104229 3.33176e-05
6.325 -0.0103423 3.92355e-05
6.326 -0.0102606 2.11759e-05
6.327 -0.0101783 -1.03364e-05
6.328 -0.0100952 -3.63425e-05
6.329 -0.0100114 -4.0716e-05
6.33 -0.00992652 -2.00553e-05
6.331 -0.00984018 1.38233e-05
6.332 -0.00975212 4.05502e-05
6.333 -0.00966219 4.33094e-05
6.334 -0.00957046 1.9248e-05
6.335 -0.00947716 -1.81812e-05
6.336 -0.00938269 -4.66821e-05
6.337 -0.00928741 -4.82648e-05
6.338 -0.00919161 -2.03754e-05
6.339 -0.00909538 2.17931e-05
6.34 -0.00899861 5.35758e-05
6.341 -0.00890102 5.51892e-05
6.342 -0.00880223 2.38295e-05
6.343 -0.00870192 -2.38044e-05
6.344 -0.00859994 -6.0472e-05
6.345 -0.00849631 -6.40009e-05
6.346 -0.00839129 -3.05822e-05
6.347 -0.00828528 2.21787e-05
6.348 -0.00817869 6.464e-05
6.349 -0.00807183 7.18927e-05
6.35 -0.00796484 3.83851e-05
6.351 -0.00785761 -1.81844e-05
6.352 -0.00774985 -6.63005e-05
6.353 -0.00764116 -7.83156e-05
6.354 -0.0075312 -4.63944e-05
6.355 -0.00741974 1.25097e-05
6.356 -0.0073068 6.57566e-05
6.357 -0.00719265 8.32645e-05
6.358 -0.00707767 5.46222e-05
6.359 -0.00696231 -4.72669e-06
6.36 -0.00684694 -6.19015e-05
6.361 -0.0067317 -8.49749e-05
6.362 -0.0066165 -6.09674e-05
6.363 -0.00650106 -3.22574e-06
6.364 -0.00638496 5.60471e-05
6.365 -0.00626781 8.39046e-05
6.366 -0.0061494 6.51521e-05
6.367 -0.00602972 1.07568e-05
6.368 -0.00590902 -4.85411e-05
6.369 -0.00578773 -7.96996e-05
6.37 -0.00566632 -6.59487e-05
6.371 -0.00554516 -1.59465e-05
6.372 -0.00542443 4.15457e-05
6.373 -0.00530401 7.42419e-05
6.374 -0.0051836 6.45858e-05
6.375 -0.00506272 1.92982e-05
6.376 -0.00494097 -3.50358e-05
6.377 -0.00481809 -6.75394e-05
6.378 -0.00469407 -6.06641e-05
6.379 -0.0045692 -1.97614e-05
6.38 -0.00444395 3.06658e-05
6.381 -0.00431886 6.15522e-05
6.382 -0.00419436 5.60539e-05
6.383 -0.00407064 1.88209e-05
6.384 -0.00394761 -2.73849e-05
6.385 -0.0038249 -5.5435e-05
6.386 -0.003702 -4.97117e-05
6.387 -0.00357839 -1.48415e-05
6.388 -0.00345374 2.76148e-05
6.389 -0.00332801 5.22881e-05
6.39 -0.00320147 4.5031e-05
6.391 -0.00307464 1.09945e-05
6.392 -0.00294812 -2.88499e-05
6.393 -0.00282244 -5.04708e-05
6.394 -0.00269787 -4.11249e-05
6.395 -0.00257438 -6.78942e-06
6.396 -0.0024516 3.16241e-05
6.397 -0.00232897 5.08932e-05
6.398 -0.00220592 3.93749e-05
6.399 -0.00208203 3.91813e-06
6.4 -0.00195717 -3.42523e-05
6.401 -0.00183157 -5.21844e-05
6.402 -0.00170571 -3.8865e-05
6.403 -0.00158025 -1.82037e-06
6.404 -0.00145574 3.72356e-05
6.405 -0.00133255 5.51413e-05
6.406 -0.00121066 4.09298e-05
6.407 -0.00108976 2.37321e-06
6.408 -0.000969287 -3.84089e-05
6.409 -0.000848628 -5.77298e-05
6.41 -0.000727317 -4.40809e-05
6.411 -0.000605191 -4.87377e-06
6.412 -0.000482443 3.77205e-05
6.413 -0.000359581 5.94273e-05
6.414 -0.000237272 4.7739e-05
6.415 -0.000116144 9.05689e-06
6.416 3.41097e-06 -3.49398e-05
6.417 0.000121357 -5.95715e-05
6.418 0.00023803 -5.10612e-05
6.419 0.000354039 -1.41989e-05
6.42 0.000470075 3.04805e-05
6.421 0.000586697 5.82835e-05
6.422 0.000704153 5.41013e-05
6.423 0.000822289 2.06131e-05
6.424 0.000940587 -2.34972e-05
6.425 0.00105831 -5.41063e-05
6.426 0.00117473 -5.49543e-05
6.427 0.00128931 -2.62975e-05
6.428 0.00140193 1.5697e-05
6.429 0.00151284 4.81834e-05
6.43 0.00162267 5.41684e-05
6.431 0.00173218 3.14157e-05
6.432 0.00184205 -6.94583e-06
6.433 0.00195268 -4.00731e-05
6.434 0.00206405 -5.08229e-05
6.435 0.00217572 -3.46309e-05
6.436 0.00228698 -1.25674e-06
6.437 0.00239703 3.11256e-05
6.438 0.00250522 4.59058e-05
6.439 0.00261128 3.65642e-05
6.44 0.00271534 9.37592e-06
6.441 0.00281791 -2.07044e-05
6.442 0.00291976 -3.83238e-05
6.443 0.00302161 -3.55654e-05
6.444 0.00312396 -1.53488e-05
6.445 0.00322695 1.09498e-05
6.446 0.00333026 2.99126e-05
6.447 0.00343327 3.29061e-05
6.448 0.00353518 1.98627e-05
6.449 0.00363533 -1.52814e-06
6.45 0.00373332 -2.03122e-05
6.451 0.00382917 -2.78346e-05
6.452 0.0039233 -2.158e-05
6.453 0.00401639 -5.68788e-06
6.454 0.00410916 1.16669e-05
6.455 0.00420217 2.24178e-05
6.456 0.00429564 2.22098e-05
6.457 0.00438938 1.19537e-05
6.458 0.00448283 -3.06665e-06
6.459 0.00457527 -1.58519e-05
6.46 0.00466601 -2.0816e-05
6.461 0.0047546 -1.60822e-05
6.462 0.00484097 -4.10645e-06
6.463 0.00492544 9.51982e-06
6.464 0.00500862 1.85527e-05
6.465 0.00509122 1.88505e-05
6.466 0.00517382 1.02547e-05
6.467 0.00525671 -3.25279e-06
6.468 0.00533978 -1.52884e-05
6.469 0.00542258 -2.00226e-05
6.47 0.00550442 -1.50275e-05
6.471 0.00558463 -2.6049e-06
6.472 0.00566271 1.11901e-05
6.473 0.0057385 1.94916e-05
6.474 0.00581226 1.81235e-05
6.475 0.00588451 7.83508e-06
6.476 0.00595594 -5.99883e-06
6.477 0.00602715 -1.61688e-05
6.478 0.0060985 -1.74827e-05
6.479 0.00616996 -9.57837e-06
6.48 0.00624117 2.90511e-06
6.481 0.0063115 1.29539e-05
6.482 0.00638026 1.51544e-05
6.483 0.00644691 8.74505e-06
6.484 0.00651124 -2.04085e-06
6.485 0.00657338 -1.05642e-05
6.486 0.00663379 -1.17843e-05
6.487 0.00669313 -5.28325e-06
6.488 0.00675202 4.53191e-06
6.489 0.00681088 1.12032e-05
6.49 0.00686982 1.02951e-05
6.491 0.00692854 2.24917e-06
6.492 0.00698652 -7.80141e-06
6.493 0.00704308 -1.32196e-05
6.494 0.00709765 -1.01194e-05
6.495 0.00714989 -8.44539e-09
6.496 0.00719983 1.09391e-05
6.497 0.00724781 1.56603e-05
6.498 0.0072944 1.07437e-05
6.499 0.00734023 -1.15295e-06
6.5 0.00738578 -1.26844e-05
6.501 0.00743127 -1.63211e-05
6.502 0.00747657 -9.25175e-06
6.503 0.00752127 4.46367e-06
6.504 0.00756477 1.60673e-05
6.505 0.00760652 1.75034e-05
6.506 0.00764611 6.7864e-06
6.507 0.00768343 -1.01373e-05
6.508 0.00771867 -2.25281e-05
6.509 0.00775228 -2.13962e-05
6.51 0.00778481 -5.55073e-06
6.511 0.00781673 1.67588e-05
6.512 0.00784834 3.20635e-05
6.513 0.00787964 2.96391e-05
6.514 0.00791035 8.56032e-06
6.515 0.00794003 -2.06409e-05
6.516 0.00796818 -4.12415e-05
6.517 0.0079944 -3.98993e-05
6.518 0.0080185 -1.50587e-05
6.519 0.00804057 2.10151e-05
6.52 0.00806091 4.83206e-05
6.521 0.00807996 5.03108e-05
6.522 0.00809815 2.38914e-05
6.523 0.00811579 -1.7792e-05
6.524 0.00813295 -5.19108e-05
6.525 0.00814949 -5.85873e-05
6.526 0.00816507 -3.25606e-05
6.527 0.00817929 1.29904e-05
6.528 0.00819179 5.31083e-05
6.529 0.00820235 6.48478e-05
6.53 0.00821097 4.05207e-05
6.531 0.00821785 -7.29895e-06
6.532 0.00822331 -5.22396e-05
6.533 0.00822772 -6.87631e-05
6.534 0.00823137 -4.68026e-05
6.535 0.00823437 2.03583e-06
6.536 0.00823669 5.05423e-05
6.537 0.0082381 7.10991e-05
6.538 0.0082383 5.14919e-05
6.539 0.00823698 2.2436e-06
6.54 0.00823396 -4.89577e-05
6.541 0.00822917 -7.28164e-05
6.542 0.00822272 -5.52234e-05
6.543 0.00821484 -5.63682e-06
6.544 0.0082058 4.7941e-05
6.545 0.00819583 7.47425e-05
6.546 0.00818506 5.88735e-05
6.547 0.0081735 8.68968e-06
6.548 0.008161 -4.76136e-05
6.549 0.00814738 -7.78701e-05
6.55 0.00813241 -6.43142e-05
6.551 0.00811593 -1.39444e-05
6.552 0.00809789 4.51587e-05
6.553 0.00807834 7.96025e-05
6.554 0.00805744 6.96348e-05
6.555 0.00803538 2.04756e-05
6.556 0.00801235 -4.04852e-05
6.557 0.00798845 -7.90968e-05
6.558 0.00796369 -7.37302e-05
6.559 0.007938 -2.74772e-05
6.56 0.00791124 3.36575e-05
6.561 0.00788325 7.55064e-05
6.562 0.00785391 7.50065e-05
6.563 0.00782319 3.30357e-05
6.564 0.00779111 -2.63907e-05
6.565 0.00775779 -6.99557e-05
6.566 0.00772337 -7.38979e-05
6.567 0.00768798 -3.71388e-05
6.568 0.00765171 1.86548e-05
6.569 0.00761459 6.18435e-05
6.57 0.00757656 6.88983e-05
6.571 0.00753755 3.73942e-05
6.572 0.00749744 -1.33399e-05
6.573 0.00745618 -5.39446e-05
6.574 0.00741372 -6.20707e-05
6.575 0.00737009 -3.48222e-05
6.576 0.00732537 1.03913e-05
6.577 0.00727964 4.67036e-05
6.578 0.00723299 5.36855e-05
6.579 0.00718548 2.8905e-05
6.58 0.00713713 -1.14233e-05
6.581 0.00708789 -4.27102e-05
6.582 0.00703774 -4.68055e-05
6.583 0.00698662 -2.2492e-05
6.584 0.0069345 1.44051e-05
6.585 0.00688138 4.10526e-05
6.586 0.00682731 4.15362e-05
6.587 0.00677234 1.62667e-05
6.588 0.00671653 -1.8662e-05
6.589 0.00665992 -4.15644e-05
6.59 0.00660253 -3.84505e-05
6.591 0.00654436 -1.1442e-05
6.592 0.00648538 2.26974e-05
6.593 0.00642557 4.29091e-05
6.594 0.0063649 3.6713e-05
6.595 0.0063034 7.78866e-06
6.596 0.00624108 -2.62925e-05
6.597 0.00617801 -4.47635e-05
6.598 0.00611423 -3.62778e-05
6.599 0.00604977 -5.80538e-06
6.6 0.00598464 2.83534e-05
6.601 0.00591883 4.56185e-05
6.602 0.0058523 3.55638e-05
6.603 0.00578502 4.22146e-06
6.604 0.00571699 -2.95483e-05
6.605 0.00564823 -4.54346e-05
6.606 0.00557881 -3.39357e-05
6.607 0.00550882 -2.0991e-06
6.608 0.00543833 3.07354e-05
6.609 0.00536743 4.46345e-05
6.61 0.0052961 3.1158e-05
6.611 0.00522432 -1.48338e-06
6.612 0.00515198 -3.33523e-05
6.613 0.00507898 -4.48655e-05
6.614 0.00500524 -2.87497e-05
6.615 0.00493071 5.38508e-06
6.616 0.00485546 3.67113e-05
6.617 0.00477959 4.57666e-05
6.618 0.00470329 2.64032e-05
6.619 0.00462674 -1.01687e-05
6.62 0.00455007 -4.18376e-05
6.621 0.00447336 -4.8832e-05
6.622 0.00439655 -2.58623e-05
6.623 0.00431951 1.42119e-05
6.624 0.00424205 4.76078e-05
6.625 0.00416396 5.36581e-05
6.626 0.0040851 2.73974e-05
6.627 0.00400547 -1.68901e-05
6.628 0.00392514 -5.35309e-05
6.629 0.00384433 -6.03581e-05
6.63 0.0037633 -3.19915e-05
6.631 0.00368231 1.64037e-05
6.632 0.00360152 5.7347e-05
6.633 0.00352098 6.67331e-05
6.634 0.00344058 3.79814e-05
6.635 0.00336011 -1.36448e-05
6.636 0.00327932 -5.92755e-05
6.637 0.00319796 -7.27131e-05
6.638 0.00311592 -4.55066e-05
6.639 0.0030332 7.87056e-06
6.64 0.00294997 5.78575e-05
6.641 0.00286651 7.63441e-05
6.642 0.00278312 5.25794e-05
6.643 0.00270005 -6.016e-07
6.644 0.00261742 -5.38252e-05
6.645 0.00253521 -7.75734e-05
6.646 0.0024532 -5.86927e-05
6.647 0.00237113 -7.72053e-06
6.648 0.0022887 4.70674e-05
6.649 0.0022057 7.549e-05
6.65 0.00212208 6.22358e-05
6.651 0.00203798 1.51897e-05
6.652 0.00195367 -3.92487e-05
6.653 0.00186951 -7.10719e-05
6.654 0.00178583 -6.33292e-05
6.655 0.00170283 -2.12354e-05
6.656 0.00162053 3.1206e-05
6.657 0.00153876 6.49245e-05
6.658 0.00145718 6.19826e-05
6.659 0.00137541 2.51824e-05
6.66 0.00129315 -2.40951e-05
6.661 0.00121025 -5.82956e-05
6.662 0.00112676 -5.9146e-05
6.663 0.00104297 -2.74684e-05
6.664 0.000959294 1.79371e-05
6.665 0.000876174 5.13678e-05
6.666 0.000793952 5.47538e-05
6.667 0.000712765 2.74326e-05
6.668 0.00063251 -1.41255e-05
6.669 0.000552857 -4.61398e-05
6.67 0.000473354 -5.10676e-05
6.671 0.000393548 -2.71787e-05
6.672 0.000313126 1.10545e-05
6.673 0.000232011 4.16423e-05
6.674 0.000150393 4.76588e-05
6.675 6.86842e-05 2.65463e-05
6.676 -1.2592e-05 -8.94339e-06
6.677 -9.29479e-05 -3.84019e-05
6.678 -0.00017207 -4.54379e-05
6.679 -0.000249912 -2.67164e-05
6.68 -0.000326708 6.58506e-06
6.681 -0.000402911 3.54526e-05
6.682 -0.00047906 4.38568e-05
6.683 -0.000555624 2.75704e-05
6.684 -0.000632862 -3.8306e-06
6.685 -0.000710743 -3.26546e-05
6.686 -0.000788946 -4.3072e-05
6.687 -0.000866949 -2.97506e-05
6.688 -0.000944171 -4.66143e-07
6.689 -0.00102014 2.85206e-05
6.69 -0.00109462 4.1541e-05
6.691 -0.0011677 3.19634e-05
6.692 -0.00123974 5.4707e-06
6.693 -0.00131129 -2.33866e-05
6.694 -0.00138293 -3.92435e-05
6.695 -0.00145509 -3.40942e-05
6.696 -0.00152792 -1.12463e-05
6.697 -0.00160127 1.68441e-05
6.698 -0.00167469 3.54332e-05
6.699 -0.00174759 3.52375e-05
6.7 -0.00181939 1.69957e-05
6.701 -0.00188967 -9.34947e-06
6.702 -0.00195832 -3.01439e-05
6.703 -0.00202556 -3.51241e-05
6.704 -0.00209186 -2.243e-05
6.705 -0.00215781 8.83953e-07
6.706 -0.00222396 2.28236e-05
6.707 -0.00229066 3.26584e-05
6.708 -0.00235792 2.61364e-05
6.709 -0.00242547 7.2045e-06
6.71 -0.00249279 -1.43778e-05
6.711 -0.00255926 -2.80962e-05
6.712 -0.00262436 -2.77855e-05
6.713 -0.00268781 -1.43221e-05
6.714 -0.00274964 5.2148e-06
6.715 -0.00281016 2.12739e-05
6.716 -0.0028699 2.64915e-05
6.717 -0.00292946 1.9025e-05
6.718 -0.00298927 3.08614e-06
6.719 -0.00304954 -1.33906e-05
6.72 -0.00311017 -2.26748e-05
6.721 -0.00317076 -2.08362e-05
6.722 -0.00323077 -9.36091e-06
6.723 -0.00328965 5.84512e-06
6.724 -0.003347 1.74561e-05
6.725 -0.00340269 2.02249e-05
6.726 -0.0034569 1.33263e-05
6.727 -0.00351002 5.13258e-07
6.728 -0.0035626 -1.18777e-05
6.729 -0.00361511 -1.80313e-05
6.73 -0.00366786 -1.53551e-05
6.731 -0.00372089 -5.52961e-06
6.732 -0.00377394 6.50611e-06
6.733 -0.00382656 1.50442e-05
6.734 -0.00387824 1.63162e-05
6.735 -0.00392853 1.01282e-05
6.736 -0.0039772 -2.81477e-07
6.737 -0.00402431 -9.97132e-06
6.738 -0.00407014 -1.46823e-05
6.739 -0.00411517 -1.27081e-05
6.74 -0.00415987 -5.42769e-06
6.741 -0.00420462 3.611e-06
6.742 -0.00424954 1.04717e-05
6.743 -0.00429451 1.25597e-05
6.744 -0.00433917 9.53423e-06
6.745 -0.00438304 3.132e-06
6.746 -0.00442567 -3.83142e-06
6.747 -0.00446676 -8.70492e-06
6.748 -0.00450622 -9.94015e-06
6.749 -0.00454427 -7.44768e-06
6.75 -0.00458126 -2.40557e-06
6.751 -0.00461766 3.26436e-06
6.752 -0.00465387 7.53224e-06
6.753 -0.00469011 8.87038e-06
6.754 -0.00472635 6.75161e-06
6.755 -0.00476235 1.92011e-06
6.756 -0.00479771 -3.72725e-06
6.757 -0.004832 -7.75626e-06
6.758 -0.00486488 -8.20455e-06
6.759 -0.00489621 -4.5975e-06
6.76 -0.00492607 1.57682e-06
6.761 -0.00495476 7.34045e-06
6.762 -0.00498266 9.59906e-06
6.763 -0.00501017 6.81444e-06
6.764 -0.00503753 6.21798e-08
6.765 -0.0050648 -7.24832e-06
6.766 -0.00509179 -1.1037e-05
6.767 -0.00511818 -8.81951e-06
6.768 -0.00514356 -1.31701e-06
6.769 -0.00516761 7.62783e-06
6.77 -0.00519014 1.29798e-05
6.771 -0.0052112 1.13422e-05
6.772 -0.00523102 3.09788e-06
6.773 -0.00524997 -7.4868e-06
6.774 -0.00526844 -1.44496e-05
6.775 -0.0052867 -1.35107e-05
6.776 -0.00530486 -4.72172e-06
6.777 -0.0053228 7.25955e-06
6.778 -0.0053402 1.56182e-05
6.779 -0.00535666 1.52874e-05
6.78 -0.00537182 6.06531e-06
6.781 -0.00538544 -6.98701e-06
6.782 -0.00539749 -1.62863e-05
6.783 -0.00540815 -1.61497e-05
6.784 -0.00541779 -6.32287e-06
6.785 -0.0054268 7.58824e-06
6.786 -0.00543554 1.72342e-05
6.787 -0.0054442 1.64976e-05
6.788 -0.00545274 5.38754e-06
6.789 -0.00546091 -9.61376e-06
6.79 -0.00546833 -1.91948e-05
6.791 -0.00547459 -1.68595e-05
6.792 -0.00547938 -3.20682e-06
6.793 -0.00548259 1.39105e-05
6.794 -0.00548429 2.37538e-05
6.795 -0.00548479 1.92212e-05
6.796 -0.00548448 1.64263e-06
6.797 -0.00548376 -1.92706e-05
6.798 -0.00548287 -3.06922e-05
6.799 -0.00548189 -2.43508e-05
6.8 -0.00548066 -2.08741e-06
6.801 -0.00547885 2.4287e-05
6.802 -0.00547608 3.92324e-05
6.803 -0.00547197 3.25427e-05
6.804 -0.00546635 5.98368e-06
6.805 -0.00545923 -2.66886e-05
6.806 -0.00545082 -4.68693e-05
6.807 -0.00544149 -4.17019e-05
6.808 -0.00543164 -1.20988e-05
6.809 -0.00542158 2.67473e-05
6.81 -0.00541144 5.31875e-05
6.811 -0.00540114 5.12433e-05
6.812 -0.00539039 2.0219e-05
6.813 -0.00537882 -2.39609e-05
6.814 -0.00536603 -5.69511e-05
6.815 -0.00535178 -5.94966e-05
6.816 -0.00533602 -2.87177e-05
6.817 -0.0053189 1.94607e-05
6.818 -0.00530078 5.85548e-05
6.819 -0.00528207 6.61787e-05
6.82 -0.00526314 3.6956e-05
6.821 -0.00524421 -1.37934e-05
6.822 -0.00522527 -5.80566e-05
6.823 -0.00520609 -7.0653e-05
6.824 -0.00518628 -4.36418e-05
6.825 -0.00516543 8.66721e-06
6.826 -0.00514321 5.7251e-05
6.827 -0.00511946 7.45032e-05
6.828 -0.00509426 4.99687e-05
6.829 -0.00506792 -3.31834e-06
6.83 -0.00504087 -5.57363e-05
6.831 -0.00501353 -7.75738e-05
6.832 -0.00498622 -5.59115e-05
6.833 -0.00495904 -2.26456e-06
6.834 -0.00493184 5.35413e-05
6.835 -0.00490431 8.00049e-05
6.836 -0.00487599 6.17866e-05
6.837 -0.0048465 8.60905e-06
6.838 -0.00481558 -4.99556e-05
6.839 -0.00478322 -8.10127e-05
6.84 -0.00474961 -6.69073e-05
6.841 -0.00471515 -1.52979e-05
6.842 -0.00468029 4.50349e-05
6.843 -0.0046454 8.03431e-05
6.844 -0.0046107 7.09145e-05
6.845 -0.00457615 2.21606e-05
6.846 -0.00454151 -3.84954e-05
6.847 -0.00450637 -7.71444e-05
6.848 -0.00447033 -7.24999e-05
6.849 -0.00443305 -2.77486e-05
6.85 -0.00439442 3.15187e-05
6.851 -0.00435455 7.20018e-05
6.852 -0.00431374 7.15521e-05
6.853 -0.00427242 3.14492e-05
6.854 -0.004231 -2.47835e-05
6.855 -0.00418975 -6.51477e-05
6.856 -0.00414874 -6.74737e-05
6.857 -0.00410783 -3.17467e-05
6.858 -0.00406667 2.04686e-05
6.859 -0.00402488 5.89128e-05
6.86 -0.00398211 6.21774e-05
6.861 -0.00393818 2.97293e-05
6.862 -0.0038931 -1.83928e-05
6.863 -0.0038471 -5.37543e-05
6.864 -0.00380056 -5.62557e-05
6.865 -0.00375384 -2.55988e-05
6.866 -0.00370727 1.90739e-05
6.867 -0.00366096 5.0908e-05
6.868 -0.00361483 5.13329e-05
6.869 -0.00356862 2.08538e-05
6.87 -0.003522 -2.1623e-05
6.871 -0.00347461 -5.03427e-05
6.872 -0.00342627 -4.8145e-05
6.873 -0.00337694 -1.66003e-05
6.874 -0.00332681 2.51072e-05
6.875 -0.00327617 5.17763e-05
6.876 -0.00322539 4.72874e-05
6.877 -0.00317477 1.42097e-05
6.878 -0.00312445 -2.77598e-05
6.879 -0.0030744 -5.35471e-05
6.88 -0.00302439 -4.76293e-05
6.881 -0.00297411 -1.3277e-05
6.882 -0.00292325 2.93515e-05
6.883 -0.00287158 5.51123e-05
6.884 -0.00281906 4.87205e-05
6.885 -0.00276582 1.37703e-05
6.886 -0.00271215 -2.93726e-05
6.887 -0.00265837 -5.5533e-05
6.888 -0.0026048 -4.94801e-05
6.889 -0.00255159 -1.48036e-05
6.89 -0.00249875 2.82628e-05
6.891 -0.00244611 5.47301e-05
6.892 -0.00239337 4.94352e-05
6.893 -0.00234024 1.57756e-05
6.894 -0.00228648 -2.64512e-05
6.895 -0.00223202 -5.27327e-05
6.896 -0.00217694 -4.81334e-05
6.897 -0.00212147 -1.58328e-05
6.898 -0.0020659 2.49909e-05
6.899 -0.00201053 5.05494e-05
6.9 -0.00195553 4.63333e-05
6.901 -0.00190093 1.53757e-05
6.902 -0.00184662 -2.38306e-05
6.903 -0.00179237 -4.83703e-05
6.904 -0.00173792 -4.43067e-05
6.905 -0.00168306 -1.46018e-05
6.906 -0.00162772 2.29525e-05
6.907 -0.00157194 4.6384e-05
6.908 -0.0015159 4.2393e-05
6.909 -0.00145984 1.3881e-05
6.91 -0.00140399 -2.21034e-05
6.911 -0.00134849 -4.4584e-05
6.912 -0.00129337 -4.09002e-05
6.913 -0.00123853 -1.38147e-05
6.914 -0.00118378 2.05045e-05
6.915 -0.00112894 4.21954e-05
6.916 -0.00107384 3.92504e-05
6.917 -0.00101845 1.41551e-05
6.918 -0.000962827 -1.8056e-05
6.919 -0.000907137 -3.88934e-05
6.92 -0.000851578 -3.71253e-05
6.921 -0.000796324 -1.48563e-05
6.922 -0.000741466 1.43335e-05
6.923 -0.000686985 3.37387e-05
6.924 -0.000632764 3.32142e-05
6.925 -0.00057863 1.45268e-05
6.926 -0.000524416 -1.04772e-05
6.927 -0.000470022 -2.73784e-05
6.928 -0.000415454 -2.76259e-05
6.929 -0.000360821 -1.2918e-05
6.93 -0.000306304 6.74925e-06
6.931 -0.000252096 1.97215e-05
6.932 -0.000198338 1.96836e-05
6.933 -0.000145073 8.78008e-06
6.934 -9.22291e-05 -4.70535e-06
6.935 -3.96432e-05 -1.22085e-05
6.936 1.28819e-05 -1.03117e-05
6.937 6.55108e-05 -2.31314e-06
6.938 0.000118316 4.78656e-06
6.939 0.000171247 5.57123e-06
6.94 0.000224142 5.47718e-08
6.941 0.000276775 -6.53188e-06
6.942 0.000328924 -7.80028e-06
6.943 0.000380448 -1.23037e-06
6.944 0.000431326 9.44082e-06
6.945 0.000481676 1.63404e-05
6.946 0.000531711 1.28867e-05
6.947 0.000581677 -1.07365e-06
6.948 0.000631774 -1.80842e-05
6.949 0.000682084 -2.70991e-05
6.95 0.000732544 -2.05164e-05
6.951 0.000782958 1.95036e-07
6.952 0.000833054 2.41776e-05
6.953 0.000882567 3.69543e-05
6.954 0.000931318 2.91836e-05
6.955 0.000979272 3.10265e-06
6.956 0.00102655 -2.76309e-05
6.957 0.00107338 -4.51882e-05
6.958 0.00112006 -3.80162e-05
6.959 0.00116681 -8.3185e-06
6.96 0.00121376 2.82133e-05
6.961 0.00126086 5.07888e-05
6.962 0.00130792 4.54989e-05
6.963 0.00135467 1.39217e-05
6.964 0.00140083 -2.69712e-05
6.965 0.00144618 -5.40022e-05
6.966 0.00149067 -5.10606e-05
6.967 0.00153441 -1.87984e-05
6.968 0.00157762 2.51143e-05
6.969 0.00162058 5.56874e-05
6.97 0.00166354 5.49181e-05
6.971 0.00170662 2.24684e-05
6.972 0.00174979 -2.36551e-05
6.973 0.00179288 -5.70982e-05
6.974 0.00183561 -5.82725e-05
6.975 0.0018777 -2.58786e-05
6.976 0.00191895 2.19692e-05
6.977 0.0019593 5.7892e-05
6.978 0.00199886 6.09732e-05
6.979 0.00203784 2.89949e-05
6.98 0.00207653 -2.00035e-05
6.981 0.00211518 -5.79198e-05
6.982 0.00215391 -6.27678e-05
6.983 0.0021927 -3.14996e-05
6.984 0.00223138 1.80355e-05
6.985 0.00226966 5.72601e-05
6.986 0.00230726 6.33729e-05
6.987 0.00234398 3.26428e-05
6.988 0.00237974 -1.72753e-05
6.989 0.00241465 -5.7446e-05
6.99 0.00244892 -6.43983e-05
6.991 0.00248282 -3.38164e-05
6.992 0.00251662 1.68114e-05
6.993 0.00255045 5.81997e-05
6.994 0.00258429 6.61927e-05
6.995 0.00261799 3.58161e-05
6.996 0.00265128 -1.57172e-05
6.997 0.0026839 -5.88408e-05
6.998 0.00271564 -6.86586e-05
6.999 0.00274645 -3.93257e-05
7 0.00277639 1.25363e-05
7.001 0.00280568 5.73702e-05
7.002 0.00283456 6.96557e-05
7.003 0.00286328 4.25271e-05
7.004 0.00289193 -8.37783e-06
7.005 0.0029205 -5.40021e-05
7.006 0.00294882 -6.85856e-05
7.007 0.00297666 -4.43417e-05
7.008 0.00300377 4.32113e-06
7.009 0.00302997 4.93497e-05
7.01 0.00305522 6.52975e-05
7.011 0.00307963 4.38271e-05
7.012 0.00310342 -1.85649e-06
7.013 0.00312685 -4.50317e-05
7.014 0.00315012 -6.11052e-05
7.015 0.00317335 -4.17056e-05
7.016 0.00319647 8.90548e-07
7.017 0.00321931 4.13729e-05
7.018 0.0032416 5.63903e-05
7.019 0.00326309 3.80595e-05
7.02 0.00328359 -1.84657e-06
7.021 0.00330307 -3.92798e-05
7.022 0.00332166 -5.23131e-05
7.023 0.00333957 -3.39704e-05
7.024 0.00335709 4.01429e-06
7.025 0.00337444 3.85519e-05
7.026 0.00339174 4.91239e-05
7.027 0.00340896 2.99294e-05
7.028 0.00342591 -6.92e-06
7.029 0.00344235 -3.89256e-05
7.03 0.003458 -4.68299e-05
7.031 0.00347268 -2.61478e-05
7.032 0.00348635 1.02715e-05
7.033 0.00349909 4.01168e-05
7.034 0.00351111 4.51456e-05
7.035 0.00352267 2.2231e-05
7.036 0.00353398 -1.47124e-05
7.037 0.00354516 -4.30909e-05
7.038 0.00355619 -4.52873e-05
7.039 0.00356692 -1.94226e-05
7.04 0.00357712 1.92742e-05
7.041 0.00358658 4.74058e-05
7.042 0.00359513 4.74101e-05
7.043 0.00360275 1.83022e-05
7.044 0.00360952 -2.33299e-05
7.045 0.00361562 -5.28299e-05
7.046 0.00362128 -5.20066e-05
7.047 0.00362666 -2.01501e-05
7.048 0.00363184 2.50589e-05
7.049 0.00363678 5.74829e-05
7.05 0.00364131 5.76648e-05
7.051 0.00364523 2.43895e-05
7.052 0.00364834 -2.41539e-05
7.053 0.00365055 -6.0467e-05
7.054 0.00365186 -6.3421e-05
7.055 0.00365241 -3.05337e-05
7.056 0.00365238 2.02815e-05
7.057 0.00365201 6.06285e-05
7.058 0.00365145 6.76457e-05
7.059 0.00365072 3.70284e-05
7.06 0.00364973 -1.43864e-05
7.061 0.00364831 -5.79979e-05
7.062 0.0036462 -6.9501e-05
7.063 0.00364323 -4.25438e-05
7.064 0.00363928 7.73259e-06
7.065 0.00363441 5.32507e-05
7.066 0.00362877 6.87792e-05
7.067 0.0036226 4.60201e-05
7.068 0.00361615 -1.90725e-06
7.069 0.00360957 -4.80226e-05
7.07 0.00360291 -6.67191e-05
7.071 0.00359605 -4.80429e-05
7.072 0.00358879 -3.02563e-06
7.073 0.00358087 4.27995e-05
7.074 0.00357207 6.38905e-05
7.075 0.00356229 4.89591e-05
7.076 0.00355156 7.02154e-06
7.077 0.00354007 -3.8007e-05
7.078 0.00352805 -6.09456e-05
7.079 0.00351578 -4.94302e-05
7.08 0.00350343 -1.05634e-05
7.081 0.00349105 3.34386e-05
7.082 0.00347854 5.79453e-05
7.083 0.00346569 4.96945e-05
7.084 0.00345223 1.39415e-05
7.085 0.00343792 -2.88664e-05
7.086 0.00342266 -5.48019e-05
7.087 0.00340645 -4.98403e-05
7.088 0.00338947 -1.74218e-05
7.089 0.00337197 2.38713e-05
7.09 0.00335422 5.09899e-05
7.091 0.00333642 4.93048e-05
7.092 0.00331865 2.04951e-05
7.093 0.00330081 -1.8808e-05
7.094 0.00328272 -4.66217e-05
7.095 0.00326412 -4.79139e-05
7.096 0.00324477 -2.27212e-05
7.097 0.00322454 1.42928e-05
7.098 0.00320343 4.23514e-05
7.099 0.00318157 4.62131e-05
7.1 0.0031592 2.44311e-05
7.101 0.00313656 -1.02379e-05
7.102 0.00311386 -3.82727e-05
7.103 0.00309118 -4.43442e-05
7.104 0.00306846 -2.56531e-05
7.105 0.00304554 6.86325e-06
7.106 0.0030222 3.49132e-05
7.107 0.00299822 4.31002e-05
7.108 0.00297348 2.73086e-05
7.109 0.00294797 -3.31082e-06
7.11 0.0029218 -3.16636e-05
7.111 0.00289518 -4.22335e-05
7.112 0.00286835 -2.95048e-05
7.113 0.00284146 -7.42462e-07
7.114 0.00281462 2.82207e-05
7.115 0.00278776 4.17197e-05
7.116 0.00276074 3.26852e-05
7.117 0.00273336 6.24893e-06
7.118 0.00270543 -2.32642e-05
7.119 0.00267681 -4.01606e-05
7.12 0.0026475 -3.57184e-05
7.121 0.00261761 -1.26175e-05
7.122 0.00258732 1.67543e-05
7.123 0.00255683 3.70271e-05
7.124 0.00252634 3.79229e-05
7.125 0.00249592 1.94248e-05
7.126 0.00246556 -8.52964e-06
7.127 0.00243513 -3.14683e-05
7.128 0.00240446 -3.79266e-05
7.129 0.00237337 -2.5165e-05
7.13 0.00234174 -2.23905e-07
7.131 0.00230954 2.4014e-05
7.132 0.00227682 3.55319e-05
7.133 0.00224373 2.91464e-05
7.134 0.00221043 8.7747e-06
7.135 0.00217707 -1.49429e-05
7.136 0.00214374 -3.02359e-05
7.137 0.00211046 -3.00602e-05
7.138 0.00207716 -1.5305e-05
7.139 0.00204373 6.0789e-06
7.14 0.00201006 2.33614e-05
7.141 0.00197605 2.84203e-05
7.142 0.00194168 1.95313e-05
7.143 0.00190698 1.81392e-06
7.144 0.00187203 -1.56705e-05
7.145 0.0018369 -2.45427e-05
7.146 0.00180169 -2.11003e-05
7.147 0.00176644 -7.79507e-06
7.148 0.00173115 8.35049e-06
7.149 0.00169578 1.94173e-05
7.15 0.00166029 2.04472e-05
7.151 0.00162464 1.16205e-05
7.152 0.0015888 -2.17454e-06
7.153 0.0015528 -1.39956e-05
7.154 0.00151668 -1.83035e-05
7.155 0.00148049 -1.3518e-05
7.156 0.00144426 -2.51327e-06
7.157 0.00140801 9.04192e-06
7.158 0.00137173 1.5569e-05
7.159 0.00133536 1.42351e-05
7.16 0.00129887 6.13478e-06
7.161 0.00126224 -4.46873e-06
7.162 0.00122546 -1.23591e-05
7.163 0.00118859 -1.39017e-05
7.164 0.00115169 -8.67925e-06
7.165 0.00111482 4.86943e-07
7.166 0.00107804 9.04576e-06
7.167 0.00104135 1.29555e-05
7.168 0.00100471 1.05624e-05
7.169 0.000968056 3.25969e-06
7.17 0.000931306 -5.31237e-06
7.171 0.000894403 -1.10741e-05
7.172 0.000857336 -1.14286e-05
7.173 0.000820152 -6.40234e-06
7.174 0.00078295 1.48071e-06
7.175 0.000745847 8.47058e-06
7.176 0.000708945 1.13678e-05
7.177 0.000672298 8.96886e-06
7.178 0.000635887 2.53726e-06
7.179 0.000599626 -4.86693e-06
7.18 0.00056338 -9.84428e-06
7.181 0.000527018 -1.02064e-05
7.182 0.000490445 -5.91832e-06
7.183 0.000453649 9.63014e-07
7.184 0.000416704 7.28392e-06
7.185 0.000379757 1.02394e-05
7.186 0.000342987 8.60738e-06
7.187 0.000306551 3.23329e-06
7.188 0.000270534 -3.41773e-06
7.189 0.000234923 -8.40398e-06
7.19 0.000199606 -9.61259e-06
7.191 0.000164403 -6.64693e-06
7.192 0.000129124 -9.26955e-07
7.193 9.36281e-05 5.00398e-06
7.194 5.78687e-05 8.62432e-06
7.195 2.19151e-05 8.51124e-06
7.196 -1.40662e-05 4.88808e-06
7.197 -4.98591e-05 -5.61526e-07
7.198 -8.52624e-05 -5.4867e-06
7.199 -0.000120152 -7.89157e-06
7.2 -0.000154519 -6.93891e-06
7.201 -0.000188475 -3.21611e-06
7.202 -0.000222217 1.60318e-06
7.203 -0.000255965 5.51138e-06
7.204 -0.000289893 6.99321e-06
7.205 -0.000324072 5.59088e-06
7.206 -0.000358444 2.01241e-06
7.207 -0.000392837 -2.21599e-06
7.208 -0.000427016 -5.38298e-06
7.209 -0.000460758 -6.2557e-06
7.21 -0.000493919 -4.53356e-06
7.211 -0.000526479 -9.42695e-07
7.212 -0.000558558 3.05125e-06
7.213 -0.000590368 5.8082e-06
7.214 -0.000622154 6.15877e-06
7.215 -0.000654115 3.89276e-06
7.216 -0.000686331 -1.09092e-07
7.217 -0.000718742 -4.18575e-06
7.218 -0.000751156 -6.56351e-06
7.219 -0.000783309 -6.1287e-06
7.22 -0.000814943 -2.96928e-06
7.221 -0.000845893 1.59093e-06
7.222 -0.000876136 5.53443e-06
7.223 -0.000905806 7.06251e-06
7.224 -0.000935153 5.46125e-06
7.225 -0.000964466 1.48371e-06
7.226 -0.000993985 -2.98054e-06
7.227 -0.00102382 -5.82235e-06
7.228 -0.0010539 -5.76875e-06
7.229 -0.00108402 -3.02531e-06
7.23 -0.00111386 8.53917e-07
7.231 -0.00114309 3.81895e-06
7.232 -0.00117152 4.44307e-06
7.233 -0.00119907 2.68338e-06
7.234 -0.0012259 -1.57318e-07
7.235 -0.0012523 -2.25403e-06
7.236 -0.00127861 -2.38739e-06
7.237 -0.00130517 -6.93021e-07
7.238 -0.00133213 1.44372e-06
7.239 -0.00135949 2.31092e-06
7.24 -0.00138699 1.05188e-06
7.241 -0.0014143 -1.65661e-06
7.242 -0.00144099 -3.92227e-06
7.243 -0.00146676 -3.83281e-06
7.244 -0.00149147 -8.19382e-07
7.245 -0.00151523 3.71013e-06
7.246 -0.00153833 6.98962e-06
7.247 -0.0015612 6.52669e-06
7.248 -0.00158424 1.81451e-06
7.249 -0.00160775 -4.98633e-06
7.25 -0.00163179 -9.98882e-06
7.251 -0.0016562 -9.7734e-06
7.252 -0.00168059 -3.61594e-06
7.253 -0.0017045 5.6529e-06
7.254 -0.0017275 1.28826e-05
7.255 -0.00174935 1.34417e-05
7.256 -0.00177002 6.11331e-06
7.257 -0.00178977 -5.72712e-06
7.258 -0.00180901 -1.55808e-05
7.259 -0.00182825 -1.73609e-05
7.26 -0.00184787 -9.08919e-06
7.261 -0.0018681 5.46145e-06
7.262 -0.00188885 1.83884e-05
7.263 -0.00190982 2.19173e-05
7.264 -0.00193053 1.30191e-05
7.265 -0.00195047 -4.32927e-06
7.266 -0.00196927 -2.08157e-05
7.267 -0.00198679 -2.677e-05
7.268 -0.00200315 -1.78052e-05
7.269 -0.00201875 2.15203e-06
7.27 -0.00203408 2.24545e-05
7.271 -0.00204964 3.13986e-05
7.272 -0.00206576 2.29635e-05
7.273 -0.00208251 7.54761e-07
7.274 -0.00209967 -2.3376e-05
7.275 -0.00211681 -3.56251e-05
7.276 -0.00213338 -2.8124e-05
7.277 -0.0021489 -3.92172e-06
7.278 -0.00216309 2.40489e-05
7.279 -0.00217595 3.98294e-05
7.28 -0.00218777 3.35083e-05
7.281 -0.00219905 7.36418e-06
7.282 -0.00221034 -2.46854e-05
7.283 -0.0022221 -4.44332e-05
7.284 -0.00223454 -3.96767e-05
7.285 -0.00224759 -1.16578e-05
7.286 -0.00226089 2.48457e-05
7.287 -0.00227389 4.92603e-05
7.288 -0.00228603 4.67623e-05
7.289 -0.00229688 1.71627e-05
7.29 -0.00230628 -2.41484e-05
7.291 -0.00231438 -5.41791e-05
7.292 -0.0023216 -5.51129e-05
7.293 -0.00232852 -2.47882e-05
7.294 -0.00233569 2.12545e-05
7.295 -0.0023435 5.7746e-05
7.296 -0.00235205 6.35947e-05
7.297 -0.00236111 3.40538e-05
7.298 -0.00237022 -1.58661e-05
7.299 -0.00237876 -5.90517e-05
7.3 -0.00238621 -7.11022e-05
7.301 -0.00239223 -4.41715e-05
7.302 -0.00239678 8.04227e-06
7.303 -0.00240015 5.72855e-05
7.304 -0.00240286 7.61493e-05
7.305 -0.00240551 5.3438e-05
7.306 -0.00240861 8.37182e-07
7.307 -0.00241243 -5.30989e-05
7.308 -0.00241693 -7.85527e-05
7.309 -0.00242178 -6.10651e-05
7.31 -0.00242641 -9.8442e-06
7.311 -0.00243024 4.70554e-05
7.312 -0.00243281 7.81754e-05
7.313 -0.00243389 6.61793e-05
7.314 -0.00243361 1.76344e-05
7.315 -0.00243238 -4.05285e-05
7.316 -0.00243074 -7.59939e-05
7.317 -0.00242929 -6.91252e-05
7.318 -0.00242844 -2.39595e-05
7.319 -0.00242832 3.4083e-05
7.32 -0.00242874 7.25121e-05
7.321 -0.00242926 7.00337e-05
7.322 -0.0024293 2.84569e-05
7.323 -0.00242831 -2.84759e-05
7.324 -0.00242596 -6.86309e-05
7.325 -0.00242219 -6.96796e-05
7.326 -0.00241725 -3.16089e-05
7.327 -0.00241162 2.35143e-05
7.328 -0.00240589 6.43011e-05
7.329 -0.00240054 6.79589e-05
7.33 -0.00239586 3.31209e-05
7.331 -0.00239181 -1.96854e-05
7.332 -0.00238809 -6.00665e-05
7.333 -0.00238419 -6.52726e-05
7.334 -0.00237956 -3.3091e-05
7.335 -0.00237379 1.72231e-05
7.336 -0.00236667 5.63686e-05
7.337 -0.00235833 6.20406e-05
7.338 -0.00234912 3.16901e-05
7.339 -0.00233957 -1.63247e-05
7.34 -0.00233019 -5.37201e-05
7.341 -0.00232131 -5.88843e-05
7.342 -0.00231305 -2.93756e-05
7.343 -0.0023052 1.69114e-05
7.344 -0.00229736 5.2476e-05
7.345 -0.00228902 5.64517e-05
7.346 -0.00227974 2.6802e-05
7.347 -0.00226927 -1.86413e-05
7.348 -0.00225761 -5.28269e-05
7.349 -0.00224505 -5.54925e-05
7.35 -0.00223202 -2.50939e-05
7.351 -0.00221903 2.03417e-05
7.352 -0.00220645 5.38969e-05
7.353 -0.00219444 5.56588e-05
7.354 -0.0021829 2.44613e-05
7.355 -0.00217149 -2.14244e-05
7.356 -0.00215974 -5.50371e-05
7.357 -0.00214721 -5.65744e-05
7.358 -0.00213359 -2.5025e-05
7.359 -0.00211883 2.12379e-05
7.36 -0.00210313 5.52297e-05
7.361 -0.00208689 5.71515e-05
7.362 -0.00207058 2.5944e-05
7.363 -0.00205461 -2.01552e-05
7.364 -0.0020392 -5.43321e-05
7.365 -0.00202431 -5.68723e-05
7.366 -0.00200967 -2.65988e-05
7.367 -0.00199487 1.8589e-05
7.368 -0.00197946 5.23155e-05
7.369 -0.00196311 5.51848e-05
7.37 -0.0019457 2.60117e-05
7.371 -0.00192736 -1.77035e-05
7.372 -0.00190841 -5.02338e-05
7.373 -0.0018893 -5.27794e-05
7.374 -0.00187042 -2.43853e-05
7.375 -0.00185203 1.77409e-05
7.376 -0.00183416 4.85813e-05
7.377 -0.00181662 5.0131e-05
7.378 -0.00179904 2.19184e-05
7.379 -0.00178102 -1.89293e-05
7.38 -0.00176224 -4.80087e-05
7.381 -0.00174254 -4.81556e-05
7.382 -0.00172201 -1.95403e-05
7.383 -0.0017009 2.05843e-05
7.384 -0.0016796 4.82477e-05
7.385 -0.00165847 4.70251e-05
7.386 -0.00163776 1.77326e-05
7.387 -0.00161751 -2.21525e-05
7.388 -0.00159758 -4.89328e-05
7.389 -0.00157766 -4.67514e-05
7.39 -0.00155739 -1.69364e-05
7.391 -0.00153648 2.28646e-05
7.392 -0.0015148 4.91808e-05
7.393 -0.0014924 4.65847e-05
7.394 -0.00146952 1.67255e-05
7.395 -0.0014465 -2.27574e-05
7.396 -0.00142367 -4.87184e-05
7.397 -0.00140125 -4.61303e-05
7.398 -0.00137929 -1.68075e-05
7.399 -0.00135764 2.18497e-05
7.4 -0.00133601 4.72339e-05
7.401 -0.00131407 4.48231e-05
7.402 -0.00129156 1.65392e-05
7.403 -0.00126834 -2.06595e-05
7.404 -0.0012445 -4.49718e-05
7.405 -0.00122026 -4.25966e-05
7.406 -0.00119593 -1.56305e-05
7.407 -0.00117184 1.95266e-05
7.408 -0.00114818 4.21299e-05
7.409 -0.00112499 3.9371e-05
7.41 -0.00110212 1.36918e-05
7.411 -0.00107931 -1.90747e-05
7.412 -0.00105623 -3.94201e-05
7.413 -0.00103265 -3.57938e-05
7.414 -0.00100846 -1.12034e-05
7.415 -0.000983723 1.90129e-05
7.416 -0.000958675 3.66926e-05
7.417 -0.000933617 3.17732e-05
7.418 -0.000908833 8.06085e-06
7.419 -0.000884499 -1.94887e-05
7.42 -0.000860626 -3.41267e-05
7.421 -0.000837058 -2.7496e-05
7.422 -0.000813525 -4.45413e-06
7.423 -0.000789736 2.02728e-05
7.424 -0.000765471 3.13902e-05
7.425 -0.00074066 2.24746e-05
7.426 -0.000715405 -2.50969e-07
7.427 -0.000689949 -2.20493e-05
7.428 -0.000664598 -2.90461e-05
7.429 -0.000639626 -1.69669e-05
7.43 -0.00061518 6.21713e-06
7.431 -0.000591237 2.53795e-05
7.432 -0.000567606 2.78787e-05
7.433 -0.000543993 1.17013e-05
7.434 -0.000520093 -1.30504e-05
7.435 -0.000495694 -3.03687e-05
7.436 -0.000470745 -2.84704e-05
7.437 -0.000445374 -7.53169e-06
7.438 -0.000419855 1.99294e-05
7.439 -0.000394521 3.64986e-05
7.44 -0.000369658 3.07235e-05
7.441 -0.000345412 4.69457e-06
7.442 -0.00032175 -2.65308e-05
7.443 -0.000298461 -4.36459e-05
7.444 -0.000275229 -3.48962e-05
7.445 -0.000251732 -3.80443e-06
7.446 -0.000227747 3.21186e-05
7.447 -0.000203221 5.12975e-05
7.448 -0.000178289 4.09884e-05
7.449 -0.000153234 5.45908e-06
7.45 -0.000128399 -3.56871e-05
7.451 -0.000104073 -5.84498e-05
7.452 -8.04057e-05 -4.84686e-05
7.453 -5.73566e-05 -9.92674e-06
7.454 -3.47106e-05 3.61369e-05
7.455 -1.21473e-05 6.34755e-05
7.456 1.06545e-05 5.57174e-05
7.457 3.39122e-05 1.61613e-05
7.458 5.76682e-05 -3.35682e-05
7.459 8.17749e-05 -6.54968e-05
7.46 0.000105941 -6.12008e-05
7.461 0.000129826 -2.25212e-05
7.462 0.000153147 2.9169e-05
7.463 0.000175773 6.48866e-05
7.464 0.000197767 6.44398e-05
7.465 0.000219365 2.79548e-05
7.466 0.0002409 -2.40993e-05
7.467 0.000262693 -6.24589e-05
7.468 0.000284946 -6.56317e-05
7.469 0.000307676 -3.20404e-05
7.47 0.000330705 1.9165e-05
7.471 0.000353714 5.90553e-05
7.472 0.000376349 6.53479e-05
7.473 0.00039833 3.49372e-05
7.474 0.000419547 -1.45592e-05
7.475 0.000440096 -5.50111e-05
7.476 0.000460254 -6.38154e-05
7.477 0.000480385 -3.65856e-05
7.478 0.000500827 1.06651e-05
7.479 0.000521776 5.093e-05
7.48 0.000543222 6.16778e-05
7.481 0.000564943 3.75017e-05
7.482 0.000586576 -7.17638e-06
7.483 0.000607725 -4.66864e-05
7.484 0.000628097 -5.88771e-05
7.485 0.000647592 -3.756e-05
7.486 0.000666343 4.37503e-06
7.487 0.000684681 4.27217e-05
7.488 0.000703029 5.59321e-05
7.489 0.000721769 3.72288e-05
7.49 0.00074112 -1.96231e-06
7.491 0.000761057 -3.89674e-05
7.492 0.000781316 -5.29848e-05
7.493 0.000801467 -3.67675e-05
7.494 0.000821046 -3.06516e-07
7.495 0.000839703 3.53237e-05
7.496 0.00085731 5.01701e-05
7.497 0.000874012 3.6575e-05
7.498 0.000890186 3.05645e-06
7.499 0.000906329 -3.10325e-05
7.5 0.000922904 -4.67246e-05
7.501 0.000940197 -3.60148e-05
7.502 0.000958222 -5.88438e-06
7.503 0.000976709 2.62117e-05
7.504 0.000995187 4.25027e-05
7.505 0.00101312 3.47751e-05
7.506 0.00103006 8.46447e-06
7.507 0.00104583 -2.10357e-05
7.508 0.00106051 -3.73993e-05
7.509 0.00107447 -3.24266e-05
7.51 0.00108826 -1.01027e-05
7.511 0.0011024 1.63125e-05
7.512 0.00111727 3.21409e-05
7.513 0.00113295 2.94381e-05
7.514 0.00114921 1.09146e-05
7.515 0.0011656 -1.22613e-05
7.516 0.00118155 -2.71539e-05
7.517 0.00119656 -2.62494e-05
7.518 0.00121035 -1.11579e-05
7.519 0.00122296 8.93825e-06
7.52 0.00123472 2.28354e-05
7.521 0.00124616 2.35143e-05
7.522 0.00125785 1.15766e-05
7.523 0.0012702 -5.70655e-06
7.524 0.00128337 -1.88244e-05
7.525 0.00129719 -2.12399e-05
7.526 0.00131123 -1.25357e-05
7.527 0.00132492 1.95152e-06
7.528 0.0013377 1.44349e-05
7.529 0.00134927 1.88688e-05
7.53 0.00135959 1.37747e-05
7.531 0.00136895 2.44999e-06
7.532 0.00137788 -9.1813e-06
7.533 0.00138696 -1.56816e-05
7.534 0.00139666 -1.45397e-05
7.535 0.00140721 -6.9191e-06
7.536 0.00141848 3.3192e-06
7.537 0.00143008 1.1577e-05
7.538 0.00144142 1.4472e-05
7.539 0.00145194 1.10412e-05
7.54 0.00146123 2.91334e-06
7.541 0.0014692 -6.44173e-06
7.542 0.00147607 -1.30598e-05
7.543 0.00148235 -1.40104e-05
7.544 0.00148863 -8.63561e-06
7.545 0.00149545 9.80658e-07
7.546 0.00150309 1.06496e-05
7.547 0.00151155 1.57728e-05
7.548 0.00152047 1.35079e-05
7.549 0.0015293 4.40129e-06
7.55 0.00153744 -7.47898e-06
7.551 0.00154444 -1.62523e-05
7.552 0.0015501 -1.71391e-05
7.553 0.00155456 -9.13582e-06
7.554 0.00155825 4.08568e-06
7.555 0.00156176 1.57788e-05
7.556 0.00156564 1.95892e-05
7.557 0.00157027 1.30949e-05
7.558 0.00157572 -6.00129e-07
7.559 0.00158174 -1.42876e-05
7.56 0.00158783 -2.04898e-05
7.561 0.00159343 -1.56489e-05
7.562 0.00159801 -2.27042e-06
7.563 0.00160131 1.23193e-05
7.564 0.00160337 2.00252e-05
7.565 0.00160454 1.65872e-05
7.566 0.00160534 4.06523e-06
7.567 0.00160633 -1.03092e-05
7.568 0.00160795 -1.83172e-05
7.569 0.00161034 -1.55522e-05
7.57 0.00161337 -3.9894e-06
7.571 0.00161662 9.24056e-06
7.572 0.00161954 1.61777e-05
7.573 0.00162163 1.28651e-05
7.574 0.00162255 1.74048e-06
7.575 0.00162223 -9.91535e-06
7.576 0.00162093 -1.4563e-05
7.577 0.00161909 -9.20493e-06
7.578 0.00161727 2.62141e-06
7.579 0.0016159 1.2996e-05
7.58 0.00161523 1.46722e-05
7.581 0.00161523 5.89895e-06
7.582 0.00161557 -8.10854e-06
7.583 0.00161577 -1.81724e-05
7.584 0.00161534 -1.69418e-05
7.585 0.00161389 -3.90235e-06
7.586 0.00161127 1.36804e-05
7.587 0.00160763 2.478e-05
7.588 0.00160331 2.13876e-05
7.589 0.00159882 3.93865e-06
7.59 0.0015946 -1.8158e-05
7.591 0.00159097 -3.16076e-05
7.592 0.00158797 -2.71846e-05
7.593 0.00158541 -5.8173e-06
7.594 0.00158288 2.11093e-05
7.595 0.00157992 3.78534e-05
7.596 0.00157613 3.35407e-05
7.597 0.00157128 9.10619e-06
7.598 0.00156542 -2.24196e-05
7.599 0.0015588 -4.28879e-05
7.6 0.00155183 -3.95283e-05
7.601 0.00154496 -1.28747e-05
7.602 0.00153853 2.27694e-05
7.603 0.00153267 4.7022e-05
7.604 0.0015273 4.51249e-05
7.605 0.0015221 1.69194e-05
7.606 0.00151668 -2.2358e-05
7.607 0.00151063 -5.03092e-05
7.608 0.00150368 -5.01872e-05
7.609 0.00149578 -2.09344e-05
7.61 0.00148708 2.15687e-05
7.611 0.00147791 5.31253e-05
7.612 0.00146866 5.50283e-05
7.613 0.00145969 2.51531e-05
7.614 0.00145119 -2.0246e-05
7.615 0.00144318 -5.53905e-05
7.616 0.00143545 -5.96536e-05
7.617 0.00142766 -2.96759e-05
7.618 0.00141946 1.82037e-05
7.619 0.00141054 5.68809e-05
7.62 0.00140077 6.3884e-05
7.621 0.0013902 3.44602e-05
7.622 0.00137909 -1.52904e-05
7.623 0.00136776 -5.72614e-05
7.624 0.00135657 -6.72892e-05
7.625 0.00134576 -3.91179e-05
7.626 0.00133541 1.17191e-05
7.627 0.0013254 5.65003e-05
7.628 0.00131549 6.96206e-05
7.629 0.00130533 4.33035e-05
7.63 0.00129462 -7.76702e-06
7.631 0.00128318 -5.46645e-05
7.632 0.00127097 -7.06741e-05
7.633 0.00125816 -4.65861e-05
7.634 0.00124504 3.96463e-06
7.635 0.00123193 5.22291e-05
7.636 0.00121911 7.07507e-05
7.637 0.00120673 4.90529e-05
7.638 0.00119476 -3.95837e-07
7.639 0.00118302 -4.93562e-05
7.64 0.00117122 -6.99996e-05
7.641 0.00115903 -5.07927e-05
7.642 0.00114623 -2.97941e-06
7.643 0.00113271 4.60055e-05
7.644 0.00111854 6.83335e-05
7.645 0.00110395 5.16644e-05
7.646 0.00108924 6.01054e-06
7.647 0.0010747 -4.2261e-05
7.648 0.00106056 -6.5705e-05
7.649 0.00104687 -5.14787e-05
7.65 0.00103353 -8.4274e-06
7.651 0.0010203 3.83603e-05
7.652 0.0010069 6.22033e-05
7.653 0.000993044 5.01126e-05
7.654 0.000978574 9.91847e-06
7.655 0.000963476 -3.46993e-05
7.656 0.000947891 -5.81703e-05
7.657 0.000932071 -4.77493e-05
7.658 0.000916305 -1.04906e-05
7.659 0.000900835 3.13641e-05
7.66 0.000885785 5.3638e-05
7.661 0.000871126 4.42283e-05
7.662 0.000856691 9.73627e-06
7.663 0.000842225 -2.89381e-05
7.664 0.000827462 -4.91847e-05
7.665 0.000812211 -3.99037e-05
7.666 0.000796406 -7.62841e-06
7.667 0.000780134 2.78428e-05
7.668 0.0007636 4.54674e-05
7.669 0.000747072 3.53815e-05
7.67 0.000730794 4.40963e-06
7.671 0.000714916 -2.84118e-05
7.672 0.000699445 -4.34169e-05
7.673 0.00068425 -3.19938e-05
7.674 0.000669096 -1.46069e-06
7.675 0.000653723 2.96048e-05
7.676 0.000637922 4.26182e-05
7.677 0.000621606 3.00284e-05
7.678 0.000604834 -3.87212e-07
7.679 0.000587797 -3.03854e-05
7.68 0.000570761 -4.22248e-05
7.681 0.000553986 -2.91396e-05
7.682 0.000537644 8.5994e-07
7.683 0.000521769 2.9966e-05
7.684 0.000506243 4.12176e-05
7.685 0.00049083 2.84194e-05
7.686 0.000475253 -4.8205e-07
7.687 0.000459276 -2.83873e-05
7.688 0.000442779 -3.92545e-05
7.689 0.000425801 -2.73966e-05
7.69 0.00040853 -4.42655e-07
7.691 0.000391245 2.557e-05
7.692 0.000374238 3.58278e-05
7.693 0.000357717 2.52782e-05
7.694 0.000341747 1.10663e-06
7.695 0.000326225 -2.20516e-05
7.696 0.000310907 -3.10278e-05
7.697 0.000295487 -2.17157e-05
7.698 0.000279685 -9.17288e-07
7.699 0.000263341 1.83666e-05
7.7 0.000246461 2.50479e-05
7.701 0.000229228 1.64185e-05
7.702 0.000211939 -8.38091e-07
7.703 0.000194928 -1.5404e-05
7.704 0.000178456 -1.86225e-05
7.705 0.000162635 -9.68839e-06
7.706 0.000147388 4.39752e-06
7.707 0.000132473 1.38301e-05
7.708 0.000117551 1.25598e-05
7.709 0.000102293 2.13036e-06
7.71 8.6476e-05 -9.62199e-06
7.711 7.0057e-05 -1.40467e-05
7.712 5.31888e-05 -7.66202e-06
7.713 3.61765e-05 5.34626e-06
7.714 1.93881e-05 1.58191e-05
7.715 3.1435e-06 1.58037e-05
7.716 -1.2382e-05 4.16632e-06
7.717 -2.72125e-05 -1.21563e-05
7.718 -4.15649e-05 -2.23081e-05
7.719 -5.57851e-05 -1.85804e-05
7.72 -7.0243e-05 -1.87223e-06
7.721 -8.522e-05 1.81613e-05
7.722 -0.000100823 2.87136e-05
7.723 -0.00011695 2.19189e-05
7.724 -0.000133319 3.66611e-07
7.725 -0.000149555 -2.36792e-05
7.726 -0.0001653 -3.52862e-05
7.727 -0.000180324 -2.60646e-05
7.728 -0.000194591 7.0212e-08
7.729 -0.000208275 2.84145e-05
7.73 -0.000221701 4.1789e-05
7.731 -0.000235249 3.09237e-05
7.732 -0.000249235 6.45432e-07
7.733 -0.000263816 -3.21602e-05
7.734 -0.000278939 -4.80284e-05
7.735 -0.00029436 -3.64794e-05
7.736 -0.000309717 -2.78608e-06
7.737 -0.000324642 3.43584e-05
7.738 -0.000338871 5.32972e-05
7.739 -0.000352328 4.20979e-05
7.74 -0.000365148 6.0097e-06
7.741 -0.00037763 -3.49422e-05
7.742 -0.000390149 -5.71618e-05
7.743 -0.000403037 -4.71724e-05
7.744 -0.000416482 -9.80627e-06
7.745 -0.000430469 3.40859e-05
7.746 -0.000444783 5.93499e-05
7.747 -0.000459078 5.10452e-05
7.748 -0.000472979 1.3338e-05
7.749 -0.000486202 -3.25451e-05
7.75 -0.000498638 -6.03222e-05
7.751 -0.000510385 -5.37986e-05
7.752 -0.00052172 -1.63775e-05
7.753 -0.000533009 3.06773e-05
7.754 -0.000544598 6.03595e-05
7.755 -0.000556704 5.54905e-05
7.756 -0.00056935 1.87276e-05
7.757 -0.000582361 -2.88536e-05
7.758 -0.000595414 -5.98602e-05
7.759 -0.000608142 -5.64064e-05
7.76 -0.000620245 -2.04868e-05
7.761 -0.00063158 2.71444e-05
7.762 -0.000642204 5.89735e-05
7.763 -0.000652349 5.66588e-05
7.764 -0.000662354 2.1646e-05
7.765 -0.000672554 -2.57018e-05
7.766 -0.000683178 -5.79482e-05
7.767 -0.000694281 -5.65081e-05
7.768 -0.000705728 -2.23927e-05
7.769 -0.000717243 2.44571e-05
7.77 -0.000728493 5.68254e-05
7.771 -0.000739197 5.60479e-05
7.772 -0.000749208 2.27938e-05
7.773 -0.000758559 -2.34418e-05
7.774 -0.000767449 -5.57744e-05
7.775 -0.000776174 -5.55807e-05
7.776 -0.000785033 -2.32372e-05
7.777 -0.000794232 2.22601e-05
7.778 -0.00080382 5.44794e-05
7.779 -0.000813675 5.49465e-05
7.78 -0.000823545 2.37588e-05
7.781 -0.000833132 -2.06941e-05
7.782 -0.000842183 -5.26172e-05
7.783 -0.000850577 -5.3844e-05
7.784 -0.000858359 -2.42262e-05
7.785 -0.000865725 1.85915e-05
7.786 -0.000872959 4.97147e-05
7.787 -0.000880339 5.15548e-05
7.788 -0.000888052 2.38541e-05
7.789 -0.000896127 -1.65738e-05
7.79 -0.000904431 -4.60308e-05
7.791 -0.000912709 -4.78928e-05
7.792 -0.000920664 -2.20943e-05
7.793 -0.000928052 1.53157e-05
7.794 -0.000934762 4.20566e-05
7.795 -0.000940847 4.28994e-05
7.796 -0.00094651 1.84307e-05
7.797 -0.000952039 -1.57824e-05
7.798 -0.000957718 -3.89079e-05
7.799 -0.000963734 -3.74598e-05
7.8 -0.000970119 -1.3202e-05
7.801 -0.000976741 1.83012e-05
7.802 -0.000983347 3.74453e-05
7.803 -0.000989637 3.26275e-05
7.804 -0.000995363 7.2386e-06
7.805 -0.00100041 -2.25916e-05
7.806 -0.00100481 -3.80451e-05
7.807 -0.00100876 -2.92816e-05
7.808 -0.00101256 -1.57185e-06
7.809 -0.00101647 2.78714e-05
7.81 -0.00102069 4.04622e-05
7.811 -0.00102526 2.7775e-05
7.812 -0.00103008 -3.02946e-06
7.813 -0.00103489 -3.32978e-05
7.814 -0.00103941 -4.41346e-05
7.815 -0.00104339 -2.80492e-05
7.816 -0.00104671 6.11356e-06
7.817 -0.00104939 3.81054e-05
7.818 -0.0010516 4.82878e-05
7.819 -0.00105363 2.95975e-05
7.82 -0.00105572 -7.78134e-06
7.821 -0.0010581 -4.20351e-05
7.822 -0.0010608 -5.24928e-05
7.823 -0.00106374 -3.20577e-05
7.824 -0.00106671 8.1566e-06
7.825 -0.00106942 4.49353e-05
7.826 -0.00107166 5.64239e-05
7.827 -0.00107326 3.51068e-05
7.828 -0.00107425 -7.39813e-06
7.829 -0.00107477 -4.67332e-05
7.83 -0.00107505 -5.98293e-05
7.831 -0.00107534 -3.84546e-05
7.832 -0.00107583 5.683e-06
7.833 -0.00107659 4.74085e-05
7.834 -0.00107756 6.25177e-05
7.835 -0.00107857 4.18615e-05
7.836 -0.00107938 -3.14047e-06
7.837 -0.0010798 -4.68648e-05
7.838 -0.00107969 -6.41545e-05
7.839 -0.00107904 -4.48556e-05
7.84 -0.00107796 2.0907e-07
7.841 -0.00107663 4.53443e-05
7.842 -0.00107525 6.47046e-05
7.843 -0.00107398 4.71627e-05
7.844 -0.00107288 2.73972e-06
7.845 -0.00107189 -4.31321e-05
7.846 -0.0010709 -6.42195e-05
7.847 -0.00106973 -4.85512e-05
7.848 -0.00106823 -5.25489e-06
7.849 -0.0010663 4.07542e-05
7.85 -0.00106396 6.31415e-05
7.851 -0.00106128 4.92737e-05
7.852 -0.00105842 7.38543e-06
7.853 -0.00105551 -3.82916e-05
7.854 -0.00105266 -6.15624e-05
7.855 -0.00104988 -4.93264e-05
7.856 -0.00104712 -8.98492e-06
7.857 -0.00104426 3.60073e-05
7.858 -0.00104118 5.97842e-05
7.859 -0.00103778 4.89649e-05
7.86 -0.00103403 1.02119e-05
7.861 -0.00102997 -3.38349e-05
7.862 -0.0010257 -5.77818e-05
7.863 -0.00102133 -4.81428e-05
7.864 -0.00101698 -1.096e-05
7.865 -0.00101268 3.19338e-05
7.866 -0.00100839 5.57238e-05
7.867 -0.00100403 4.69852e-05
7.868 -0.000999467 1.12884e-05
7.869 -0.000994608 -3.02832e-05
7.87 -0.0009894 -5.35566e-05
7.871 -0.000983872 -4.53291e-05
7.872 -0.000978119 -1.08886e-05
7.873 -0.000972277 2.92969e-05
7.874 -0.000966474 5.1683e-05
7.875 -0.000960784 4.34135e-05
7.876 -0.000955201 9.71593e-06
7.877 -0.000949635 -2.93256e-05
7.878 -0.000943938 -5.0653e-05
7.879 -0.000937952 -4.17744e-05
7.88 -0.000931564 -8.04377e-06
7.881 -0.000924744 3.05432e-05
7.882 -0.000917561 5.11247e-05
7.883 -0.000910169 4.1412e-05
7.884 -0.000902759 6.93287e-06
7.885 -0.000895499 -3.2152e-05
7.886 -0.000888481 -5.28085e-05
7.887 -0.000881689 -4.26143e-05
7.888 -0.000874996 -7.11152e-06
7.889 -0.000868206 3.3278e-05
7.89 -0.00086111 5.5023e-05
7.891 -0.00085355 4.51444e-05
7.892 -0.000845476 8.85533e-06
7.893 -0.00083696 -3.32712e-05
7.894 -0.000828179 -5.70286e-05
7.895 -0.000819365 -4.84826e-05
7.896 -0.000810734 -1.20698e-05
7.897 -0.000802418 3.1786e-05
7.898 -0.000794425 5.82189e-05
7.899 -0.000786636 5.20585e-05
7.9 -0.000778839 1.65071e-05
7.901 -0.000770792 -2.85952e-05
7.902 -0.0007623 -5.79403e-05
7.903 -0.000753275 -5.50255e-05
7.904 -0.000743766 -2.14497e-05
7.905 -0.000733942 2.40076e-05
7.906 -0.000724047 5.59727e-05
7.907 -0.000714322 5.67232e-05
7.908 -0.000704933 2.6061e-05
7.909 -0.000695922 -1.87025e-05
7.91 -0.000687189 -5.25646e-05
7.911 -0.000678527 -5.68589e-05
7.912 -0.000669681 -2.9596e-05
7.913 -0.00066043 1.36313e-05
7.914 -0.000650651 4.85713e-05
7.915 -0.000640362 5.59497e-05
7.916 -0.000629716 3.21347e-05
7.917 -0.000618957 -9.08352e-06
7.918 -0.000608346 -4.44604e-05
7.919 -0.000598086 -5.44094e-05
7.92 -0.000588257 -3.38558e-05
7.921 -0.000578796 5.187e-06
7.922 -0.000569511 4.06177e-05
7.923 -0.000560142 5.27495e-05
7.924 -0.000550435 3.5243e-05
7.925 -0.000540222 -1.60165e-06
7.926 -0.000529467 -3.689e-05
7.927 -0.000518281 -5.09756e-05
7.928 -0.000506888 -3.63878e-05
7.929 -0.000495562 -1.77345e-06
7.93 -0.000484545 3.32166e-05
7.931 -0.000473982 4.90765e-05
7.932 -0.000463875 3.73089e-05
7.933 -0.000454086 4.95841e-06
7.934 -0.000444378 -2.95888e-05
7.935 -0.000434484 -4.7041e-05
7.936 -0.000424182 -3.79538e-05
7.937 -0.00041336 -7.81557e-06
7.938 -0.000402046 2.62555e-05
7.939 -0.000390399 4.52182e-05
7.94 -0.000378665 3.87185e-05
7.941 -0.000367104 1.0703e-05
7.942 -0.000355921 -2.29866e-05
7.943 -0.000345208 -4.35683e-05
7.944 -0.000334925 -3.97609e-05
7.945 -0.000324908 -1.3918e-05
7.946 -0.000314923 1.94566e-05
7.947 -0.000304728 4.18685e-05
7.948 -0.00029414 4.10652e-05
7.949 -0.000283087 1.7688e-05
7.95 -0.00027162 -1.52477e-05
7.951 -0.000259902 -3.96379e-05
7.952 -0.000248159 -4.22468e-05
7.953 -0.000236619 -2.18547e-05
7.954 -0.000225452 1.02441e-05
7.955 -0.000214729 3.65482e-05
7.956 -0.0002044 4.2915e-05
7.957 -0.000194316 2.61478e-05
7.958 -0.000184269 -4.45643e-06
7.959 -0.000174048 -3.23132e-05
7.96 -0.000163494 -4.25722e-05
7.961 -0.000152542 -3.00322e-05
7.962 -0.000141235 -1.73272e-06
7.963 -0.000129714 2.70403e-05
7.964 -0.000118178 4.10516e-05
7.965 -0.000106831 3.31929e-05
7.966 -9.5834e-05 8.05714e-06
7.967 -8.5261e-05 -2.07695e-05
7.968 -7.50811e-05 -3.8091e-05
7.969 -6.51684e-05 -3.51327e-05
7.97 -5.53344e-05 -1.39677e-05
7.971 -4.53777e-05 1.38807e-05
7.972 -3.51367e-05 3.37449e-05
7.973 -2.45316e-05 3.55636e-05
7.974 -1.3587e-05 1.89736e-05
7.975 -2.42617e-06 -6.82685e-06
7.976 8.75955e-06 -2.81875e-05
7.977 1.97603e-05 -3.42465e-05
7.978 3.04029e-05 -2.24556e-05
7.979 4.05972e-05 4.14999e-07
7.98 5.03619e-05 2.21398e-05
7.981 5.98216e-05 3.15724e-05
7.982 6.9175e-05 2.43599e-05
7.983 7.86423e-05 4.91441e-06
7.984 8.84052e-05 -1.62249e-05
7.985 9.85549e-05 -2.80827e-05
7.986 0.000109065 -2.49274e-05
7.987 0.000119793 -9.00946e-06
7.988 0.000130518 1.09276e-05
7.989 0.000140999 2.44187e-05
7.99 0.000151043 2.47379e-05
7.991 0.000160558 1.22119e-05
7.992 0.000169585 -6.22404e-06
7.993 0.00017829 -2.08449e-05
7.994 0.00018692 -2.42339e-05
7.995 0.000195734 -1.5e-05
7.996 0.00020493 1.72783e-06
7.997 0.000214586 1.71518e-05
7.998 0.000224631 2.34181e-05
7.999 0.000234864 1.75798e-05
8 0.000245005 2.92676e-06
8.001 0.000254775 -1.28866e-05
8.002 0.000263974 -2.18471e-05
8.003 0.000272546 -1.96257e-05
8.004 0.000280595 -7.62636e-06
8.005 0.00028836 7.90424e-06
8.006 0.000296149 1.915e-05
8.007 0.000304249 2.06591e-05
8.008 0.000312841 1.19615e-05
8.009 0.000321947 -2.37079e-06
8.01 0.000331417 -1.5149e-05
8.011 0.000340968 -2.01842e-05
8.012 0.000350268 -1.52751e-05
8.013 0.000359033 -3.1323e-06
8.014 0.000367109 1.01244e-05
8.015 0.00037452 1.80614e-05
8.016 0.000381468 1.70509e-05
8.017 0.000388271 7.90634e-06
8.018 0.000395273 -4.68962e-06
8.019 0.000402737 -1.4589e-05
8.02 0.000410771 -1.71795e-05
8.021 0.000419286 -1.15184e-05
8.022 0.000428024 -6.22645e-07
8.023 0.000436632 1.01367e-05
8.024 0.000444764 1.56825e-05
8.025 0.000452189 1.36175e-05
8.026 0.00045886 5.23299e-06
8.027 0.000464932 -5.26731e-06
8.028 0.000470717 -1.28754e-05
8.029 0.000476592 -1.4162e-05
8.03 0.000482886 -8.80485e-06
8.031 0.000489781 4.0923e-07
8.032 0.000497253 9.03027e-06
8.033 0.000505075 1.30924e-05
8.034 0.000512884 1.09276e-05
8.035 0.000520291 3.82384e-06
8.036 0.000526992 -4.71746e-06
8.037 0.000532867 -1.07053e-05
8.038 0.000538015 -1.15189e-05
8.039 0.000542725 -7.04028e-06
8.04 0.000547395 4.21477e-07
8.041 0.00055241 7.31273e-06
8.042 0.000558027 1.05236e-05
8.043 0.000564293 8.78295e-06
8.044 0.000571035 3.13921e-06
8.045 0.000577906 -3.63996e-06
8.046 0.000584488 -8.41741e-06
8.047 0.00059042 -9.13039e-06
8.048 0.000595503 -5.66849e-06
8.049 0.000599765 1.80586e-07
8.05 0.000603448 5.64137e-06
8.051 0.000606941 8.25857e-06
8.052 0.000610657 6.99033e-06
8.053 0.000614914 2.60559e-06
8.054 0.000619836 -2.75595e-06
8.055 0.000625317 -6.61824e-06
8.056 0.000631053 -7.30174e-06
8.057 0.000636632 -4.64093e-06
8.058 0.000641662 1.34906e-08
8.059 0.000645885 4.47235e-06
8.06 0.000649257 6.72877e-06
8.061 0.000651958 5.84958e-06
8.062 0.00065434 2.34663e-06
8.063 0.000656816 -2.11237e-06
8.064 0.000659737 -5.49418e-06
8.065 0.000663284 -6.31878e-06
8.066 0.000667417 -4.2947e-06
8.067 0.000671887 -4.03652e-07
8.068 0.000676311 3.57876e-06
8.069 0.000680291 5.89193e-06
8.07 0.000683535 5.5613e-06
8.071 0.000685943 2.79696e-06
8.072 0.000687636 -1.13763e-06
8.073 0.000688918 -4.50839e-06
8.074 0.000690184 -5.8748e-06
8.075 0.000691796 -4.69936e-06
8.076 0.000693977 -1.54749e-06
8.077 0.000696742 2.19085e-06
8.078 0.000699896 4.91969e-06
8.079 0.000703097 5.51932e-06
8.08 0.000705958 3.80123e-06
8.081 0.000708163 5.5349e-07
8.082 0.000709568 -2.82508e-06
8.083 0.000710237 -4.93111e-06
8.084 0.000710423 -4.93992e-06
8.085 0.000710487 -2.9242e-06
8.086 0.000710792 2.12394e-07
8.087 0.00071159 3.14166e-06
8.088 0.000712948 4.67418e-06
8.089 0.00071473 4.24055e-06
8.09 0.000716644 2.09689e-06
8.091 0.000718326 -8.16228e-07
8.092 0.000719458 -3.28708e-06
8.093 0.000719856 -4.33666e-06
8.094 0.000719529 -3.6039e-06
8.095 0.000718668 -1.46203e-06
8.096 0.00071759 1.1672e-06
8.097 0.00071664 3.2109e-06
8.098 0.000716085 3.88267e-06
8.099 0.000716037 2.98262e-06
8.1 0.000716422 9.46547e-07
8.101 0.000717007 -1.36139e-06
8.102 0.00071747 -3.01571e-06
8.103 0.000717502 -3.40054e-06
8.104 0.000716894 -2.43662e-06
8.105 0.0007156 -5.82145e-07
8.106 0.000713747 1.37974e-06
8.107 0.000711593 2.66985e-06
8.108 0.000709448 2.82104e-06
8.109 0.000707578 1.84466e-06
8.11 0.000706135 1.97869e-07
8.111 0.000705109 -1.42354e-06
8.112 0.000704339 -2.37464e-06
8.113 0.000703564 -2.31422e-06
8.114 0.000702502 -1.32335e-06
8.115 0.000700934 1.49653e-07
8.116 0.000698766 1.48654e-06
8.117 0.000696048 2.15363e-06
8.118 0.000692959 1.9103e-06
8.119 0.000689749 8.91728e-07
8.12 0.00068666 -4.61034e-07
8.121 0.000683864 -1.58927e-06
8.122 0.000681411 -2.04416e-06
8.123 0.000679225 -1.6622e-06
8.124 0.000677131 -6.21027e-07
8.125 0.00067491 6.42537e-07
8.126 0.000672367 1.61533e-06
8.127 0.00066938 1.91565e-06
8.128 0.000665934 1.44224e-06
8.129 0.000662118 4.06233e-07
8.13 0.000658091 -7.63449e-07
8.131 0.000654033 -1.5993e-06
8.132 0.000650096 -1.78374e-06
8.133 0.000646358 -1.26988e-06
8.134 0.000642812 -2.88132e-07
8.135 0.000639373 7.59231e-07
8.136 0.00063591 1.46664e-06
8.137 0.000632286 1.58463e-06
8.138 0.000628398 1.10571e-06
8.139 0.0006242 2.47863e-07
8.14 0.000619715 -6.48328e-07
8.141 0.000615017 -1.25867e-06
8.142 0.000610212 -1.3913e-06
8.143 0.000605398 -1.03836e-06
8.144 0.000600649 -3.54991e-07
8.145 0.000595989 4.12536e-07
8.146 0.000591398 1.01352e-06
8.147 0.000586819 1.26408e-06
8.148 0.000582179 1.08915e-06
8.149 0.000577407 5.36334e-07
8.15 0.000572453 -2.33023e-07
8.151 0.000567298 -9.75458e-07
8.152 0.000561957 -1.42449e-06
8.153 0.000556468 -1.37603e-06
8.154 0.000550886 -7.80381e-07
8.155 0.000545269 1.9933e-07
8.156 0.000539665 1.20661e-06
8.157 0.000534104 1.80893e-06
8.158 0.000528594 1.68372e-06
8.159 0.000523117 7.94466e-07
8.16 0.000517634 -5.39938e-07
8.161 0.00051209 -1.74442e-06
8.162 0.000506427 -2.23726e-06
8.163 0.000500595 -1.72308e-06
8.164 0.000494566 -3.78002e-07
8.165 0.000488344 1.19053e-06
8.166 0.000481967 2.21846e-06
8.167 0.000475505 2.17319e-06
8.168 0.000469041 1.05342e-06
8.169 0.000462659 -5.75622e-07
8.17 0.00045641 -1.85767e-06
8.171 0.000450304 -2.10419e-06
8.172 0.000444297 -1.18977e-06
8.173 0.0004383 3.4989e-07
8.174 0.000432198 1.59984e-06
8.175 0.000425885 1.79219e-06
8.176 0.000419291 7.82577e-07
8.177 0.000412412 -8.16823e-07
8.178 0.000405312 -1.96158e-06
8.179 0.000398115 -1.80232e-06
8.18 0.000390969 -2.56782e-07
8.181 0.000384008 1.83854e-06
8.182 0.000377308 3.14389e-06
8.183 0.000370863 2.61045e-06
8.184 0.000364581 2.03989e-07
8.185 0.000358305 -2.90657e-06
8.186 0.000351858 -4.88988e-06
8.187 0.000345098 -4.2906e-06
8.188 0.000337957 -9.94099e-07
8.189 0.000330474 3.48744e-06
8.19 0.000322784 6.68019e-06
8.191 0.000315082 6.49496e-06
8.192 0.000307571 2.53445e-06
8.193 0.000300397 -3.43081e-06
8.194 0.000293605 -8.21362e-06
8.195 0.000287119 -8.90002e-06
8.196 0.000280761 -4.59285e-06
8.197 0.000274301 2.81655e-06
8.198 0.000267528 9.4206e-06
8.199 0.00026031 1.13382e-05
8.2 0.000252644 6.97296e-06
8.201 0.000244658 -1.81161e-06
8.202 0.000236578 -1.0407e-05
8.203 0.000228663 -1.38469e-05
8.204 0.00022113 -9.64823e-06
8.205 0.000214082 5.03003e-07
8.206 0.000207477 1.13198e-05
8.207 0.000201136 1.66272e-05
8.208 0.000194793 1.28505e-05
8.209 0.000188176 1.32691e-06
8.21 0.000181086 -1.20121e-05
8.211 0.000173463 -1.9647e-05
8.212 0.000165407 -1.66675e-05
8.213 0.000157149 -3.83906e-06
8.214 0.00014899 1.23373e-05
8.215 0.000141205 2.28672e-05
8.216 0.000133962 2.12228e-05
8.217 0.000127273 7.30291e-06
8.218 0.000120981 -1.19681e-05
8.219 0.00011481 -2.60286e-05
8.22 0.000108448 -2.64291e-05
8.221 0.000101637 -1.18327e-05
8.222 9.42569e-05 1.06585e-05
8.223 8.63606e-05 2.88973e-05
8.224 7.81621e-05 3.22204e-05
8.225 6.9973e-05 1.7621e-05
8.226 6.21092e-05 -7.98312e-06
8.227 5.47951e-05 -3.09566e-05
8.228 4.80959e-05 -3.81894e-05
8.229 4.18961e-05 -2.45381e-05
8.23 3.59339e-05 3.74058e-06
8.231 2.98799e-05 3.17722e-05
8.232 2.34371e-05 4.38835e-05
8.233 1.64306e-05 3.23539e-05
8.234 8.86204e-06 2.21736e-06
8.235 9.09176e-07 -3.08222e-05
8.236 -7.12694e-06 -4.85806e-05
8.237 -1.49127e-05 -4.04177e-05
8.238 -2.21825e-05 -9.56433e-06
8.239 -2.88184e-05 2.79889e-05
8.24 -3.48854e-05 5.17881e-05
8.241 -4.06104e-05 4.80925e-05
8.242 -4.63133e-05 1.78101e-05
8.243 -5.23091e-05 -2.33926e-05
8.244 -5.88133e-05 -5.31983e-05
8.245 -6.58773e-05 -5.47732e-05
8.246 -7.33746e-05 -2.63066e-05
8.247 -8.10405e-05 1.74623e-05
8.248 -8.85538e-05 5.28719e-05
8.249 -9.56342e-05 6.01771e-05
8.25 -0.000102126 3.46093e-05
8.251 -0.000108043 -1.05602e-05
8.252 -0.000113561 -5.08998e-05
8.253 -0.000118961 -6.40786e-05
8.254 -0.000124541 -4.22906e-05
8.255 -0.000130527 3.10495e-06
8.256 -0.000137002 4.74923e-05
8.257 -0.000143887 6.63955e-05
8.258 -0.00015097 4.90478e-05
8.259 -0.000157968 4.57369e-06
8.26 -0.000164624 -4.27918e-05
8.261 -0.000170778 -6.69575e-05
8.262 -0.000176417 -5.44329e-05
8.263 -0.000181673 -1.19364e-05
8.264 -0.000186781 3.71755e-05
8.265 -0.000191998 6.57813e-05
8.266 -0.000197525 5.80603e-05
8.267 -0.000203446 1.83403e-05
8.268 -0.000209703 -3.12671e-05
8.269 -0.000216122 -6.31843e-05
8.27 -0.000222465 -5.97722e-05
8.271 -0.000228514 -2.31836e-05
8.272 -0.000234133 2.58884e-05
8.273 -0.000239311 5.98819e-05
8.274 -0.000244164 5.98876e-05
8.275 -0.000248891 2.62583e-05
8.276 -0.000253706 -2.16886e-05
8.277 -0.000258776 -5.66987e-05
8.278 -0.000264161 -5.90695e-05
8.279 -0.000269801 -2.7796e-05
8.28 -0.000275538 1.89638e-05
8.281 -0.00028117 5.43468e-05
8.282 -0.000286517 5.818e-05
8.283 -0.00029148 2.84985e-05
8.284 -0.000296071 -1.74019e-05
8.285 -0.000300403 -5.29695e-05
8.286 -0.000304658 -5.77024e-05
8.287 -0.000309016 -2.89507e-05
8.288 -0.000313602 1.65783e-05
8.289 -0.00031844 5.24835e-05
8.29 -0.000323451 5.79325e-05
8.291 -0.000328477 2.97181e-05
8.292 -0.000333337 -1.58624e-05
8.293 -0.000337889 -5.24086e-05
8.294 -0.000342077 -5.86863e-05
8.295 -0.000345948 -3.094e-05
8.296 -0.000349641 1.48818e-05
8.297 -0.000353333 5.2306e-05
8.298 -0.000357184 5.96339e-05
8.299 -0.000361281 3.25176e-05
8.3 -0.000365603 -1.34745e-05
8.301 -0.000370032 -5.18156e-05
8.302 -0.000374386 -6.03425e-05
8.303 -0.000378483 -3.40823e-05
8.304 -0.000382201 1.1845e-05
8.305 -0.00038552 5.09476e-05
8.306 -0.000388534 6.06699e-05
8.307 -0.00039142 3.54318e-05
8.308 -0.000394381 -1.01536e-05
8.309 -0.000397583 -4.97472e-05
8.31 -0.000401093 -6.05302e-05
8.311 -0.000404861 -3.63918e-05
8.312 -0.000408725 8.5808e-06
8.313 -0.000412467 4.8317e-05
8.314 -0.00041588 5.9898e-05
8.315 -0.000418835 3.68166e-05
8.316 -0.000421326 -7.32693e-06
8.317 -0.000423473 -4.68119e-05
8.318 -0.000425487 -5.87874e-05
8.319 -0.000427606 -3.65293e-05
8.32 -0.000430015 6.74227e-06
8.321 -0.000432791 4.567e-05
8.322 -0.00043587 5.75991e-05
8.323 -0.000439072 3.57712e-05
8.324 -0.000442152 -6.81767e-06
8.325 -0.000444877 -4.51115e-05
8.326 -0.000447104 -5.67031e-05
8.327 -0.000448821 -3.49333e-05
8.328 -0.000450155 7.27512e-06
8.329 -0.000451336 4.50635e-05
8.33 -0.000452616 5.62508e-05
8.331 -0.0004542 3.43342e-05
8.332 -0.000456172 -7.73835e-06
8.333 -0.000458471 -4.52129e-05
8.334 -0.00046091 -5.60815e-05
8.335 -0.000463234 -3.39924e-05
8.336 -0.0004652 8.05164e-06
8.337 -0.000466657 4.53582e-05
8.338 -0.000467593 5.60526e-05
8.339 -0.00046814 3.39034e-05
8.34 -0.00046853 -8.05587e-06
8.341 -0.000469023 -4.52128e-05
8.342 -0.000469825 -5.58334e-05
8.343 -0.000471015 -3.37924e-05
8.344 -0.000472525 7.88885e-06
8.345 -0.000474159 4.47429e-05
8.346 -0.000475656 5.52426e-05
8.347 -0.000476772 3.34044e-05
8.348 -0.000477365 -7.77911e-06
8.349 -0.000477438 -4.40588e-05
8.35 -0.000477141 -5.42174e-05
8.351 -0.000476724 -3.2506e-05
8.352 -0.000476456 8.07299e-06
8.353 -0.00047654 4.35222e-05
8.354 -0.000477041 5.30298e-05
8.355 -0.000477865 3.11982e-05
8.356 -0.000478785 -8.86915e-06
8.357 -0.000479515 -4.33979e-05
8.358 -0.000479797 -5.20232e-05
8.359 -0.000479491 -2.97891e-05
8.36 -0.00047862 1.00004e-05
8.361 -0.000477369 4.37226e-05
8.362 -0.000476027 5.14376e-05
8.363 -0.000474899 2.8657e-05
8.364 -0.000474207 -1.10588e-05
8.365 -0.000474015 -4.41778e-05
8.366 -0.000474209 -5.11353e-05
8.367 -0.000474524 -2.7881e-05
8.368 -0.000474627 1.17788e-05
8.369 -0.000474221 4.43951e-05
8.37 -0.000473141 5.07555e-05
8.371 -0.000471409 2.72098e-05
8.372 -0.000469231 -1.22382e-05
8.373 -0.000466937 -4.42704e-05
8.374 -0.000464878 -5.00565e-05
8.375 -0.00046332 -2.63429e-05
8.376 -0.000462354 1.27097e-05
8.377 -0.000461865 4.39798e-05
8.378 -0.000461567 4.90851e-05
8.379 -0.000461087 2.52066e-05
8.38 -0.000460081 -1.33456e-05
8.381 -0.000458345 -4.36964e-05
8.382 -0.000455876 -4.79805e-05
8.383 -0.000452883 -2.38692e-05
8.384 -0.00044972 1.41595e-05
8.385 -0.00044678 4.3502e-05
8.386 -0.000444374 4.68614e-05
8.387 -0.000442629 2.24495e-05
8.388 -0.000441448 -1.50653e-05
8.389 -0.000440538 -4.33639e-05
8.39 -0.000439496 -4.57559e-05
8.391 -0.000437936 -2.10301e-05
8.392 -0.00043561 1.5942e-05
8.393 -0.000432484 4.31449e-05
8.394 -0.000428756 4.45333e-05
8.395 -0.000424797 1.95072e-05
8.396 -0.000421036 -1.68529e-05
8.397 -0.000417828 -4.28657e-05
8.398 -0.000415346 -4.31836e-05
8.399 -0.000413518 -1.7864e-05
8.4 -0.000412054 1.77919e-05
8.401 -0.000410528 4.24717e-05
8.402 -0.00040851 4.15944e-05
8.403 -0.000405701 1.59456e-05
8.404 -0.000402027 -1.89175e-05
8.405 -0.000397662 -4.20744e-05
8.406 -0.00039298 -3.97887e-05
8.407 -0.000388444 -1.36745e-05
8.408 -0.000384458 2.03769e-05
8.409 -0.000381247 4.18221e-05
8.41 -0.000378783 3.7831e-05
8.411 -0.000376795 1.09671e-05
8.412 -0.000374847 -2.24154e-05
8.413 -0.000372471 -4.20686e-05
8.414 -0.000369315 -3.60778e-05
8.415 -0.000365249 -8.05953e-06
8.416 -0.000360408 2.50042e-05
8.417 -0.000355153 4.30031e-05
8.418 -0.00034996 3.48568e-05
8.419 -0.000345278 5.27495e-06
8.42 -0.000341385 -2.79781e-05
8.421 -0.000338309 -4.47169e-05
8.422 -0.000335814 -3.45137e-05
8.423 -0.000333469 -3.10504e-06
8.424 -0.000330787 3.08723e-05
8.425 -0.000327369 4.69392e-05
8.426 -0.00032303 3.50622e-05
8.427 -0.000317854 1.82144e-06
8.428 -0.000312173 -3.3292e-05
8.429 -0.000306466 -4.93368e-05
8.43 -0.00030121 -3.63839e-05
8.431 -0.000296735 -1.57433e-06
8.432 -0.000293122 3.48871e-05
8.433 -0.00029018 5.15189e-05
8.434 -0.0002875 3.82227e-05
8.435 -0.000284583 2.35017e-06
8.436 -0.000280994 -3.54415e-05
8.437 -0.000276492 -5.31692e-05
8.438 -0.000271107 -4.03473e-05
8.439 -0.000265134 -4.1539e-06
8.44 -0.000259036 3.46747e-05
8.441 -0.000253311 5.38316e-05
8.442 -0.000248335 4.23258e-05
8.443 -0.000244248 6.78588e-06
8.444 -0.000240911 -3.24386e-05
8.445 -0.000237951 -5.30516e-05
8.446 -0.000234873 -4.359e-05
8.447 -0.000231215 -9.83112e-06
8.448 -0.000226686 2.87733e-05
8.449 -0.000221256 5.0424e-05
8.45 -0.000215165 4.34144e-05
8.451 -0.000208849 1.25216e-05
8.452 -0.000202807 -2.41705e-05
8.453 -0.000197444 -4.5943e-05
8.454 -0.000192953 -4.12735e-05
8.455 -0.000189254 -1.40096e-05
8.456 -0.000186023 1.94601e-05
8.457 -0.000182789 4.00772e-05
8.458 -0.000179084 3.70734e-05
8.459 -0.000174585 1.36658e-05
8.46 -0.000169212 -1.55597e-05
8.461 -0.000163152 -3.36682e-05
8.462 -0.0001568 -3.12508e-05
8.463 -0.000150635 -1.13654e-05
8.464 -0.000145075 1.30773e-05
8.465 -0.000140343 2.75321e-05
8.466 -0.000136406 2.44779e-05
8.467 -0.000132982 7.35727e-06
8.468 -0.000129631 -1.22816e-05
8.469 -0.000125895 -2.23331e-05
8.47 -0.000121436 -1.75381e-05
8.471 -0.000116142 -2.23823e-06
8.472 -0.000110164 1.29674e-05
8.473 -0.000103862 1.82828e-05
8.474 -9.76981e-05 1.09089e-05
8.475 -9.20892e-05 -3.49843e-06
8.476 -8.72781e-05 -1.48588e-05
8.477 -8.32592e-05 -1.54413e-05
8.478 -7.97809e-05 -4.94869e-06
8.479 -7.64251e-05 9.3571e-06
8.48 -7.2738e-05 1.75274e-05
8.481 -6.83726e-05 1.36014e-05
8.482 -6.31966e-05 -2.85228e-07
8.483 -5.73341e-05 -1.50906e-05
8.484 -5.11265e-05 -2.06805e-05
8.485 -4.50261e-05 -1.25676e-05
8.486 -3.94547e-05 4.81182e-06
8.487 -3.46718e-05 2.05503e-05
8.488 -3.06932e-05 2.40813e-05
8.489 -2.72861e-05 1.21179e-05
8.49 -2.40415e-05 -8.76204e-06
8.491 -2.0502e-05 -2.57544e-05
8.492 -1.63053e-05 -2.76659e-05
8.493 -1.12985e-05 -1.21622e-05
8.494 -5.58699e-06 1.22032e-05
8.495 4.96898e-07 3.07266e-05
8.496 6.49644e-06 3.14208e-05
8.497 1.19727e-05 1.26669e-05
8.498 1.66418e-05 -1.51812e-05
8.499 2.0465e-05 -3.55344e-05
8.5 2.3663e-05 -3.54523e-05
8.501 2.66487e-05 -1.37827e-05
8.502 2.99003e-05 1.75246e-05
8.503 3.38126e-05 4.00387e-05
8.504 3.85729e-05 3.97177e-05
8.505 4.41001e-05 1.56033e-05
8.506 5.00671e-05 -1.90147e-05
8.507 5.5999e-05 -4.39676e-05
8.508 6.14187e-05 -4.40012e-05
8.509 6.5994e-05 -1.80739e-05
8.51 6.96421e-05 1.9493e-05
8.511 7.25575e-05 4.69776e-05
8.512 7.51551e-05 4.78775e-05
8.513 7.79448e-05 2.08277e-05
8.514 8.13758e-05 -1.91472e-05
8.515 8.56981e-05 -4.9024e-05
8.516 9.08839e-05 -5.11055e-05
8.517 9.66336e-05 -2.35343e-05
8.518 0.000102465 1.82622e-05
8.519 0.000107857 5.02395e-05
8.52 0.000112413 5.36257e-05
8.521 0.000115976 2.59789e-05
8.522 0.000118682 -1.71178e-05
8.523 0.000120919 -5.08659e-05
8.524 0.00012321 -5.55684e-05
8.525 0.000126057 -2.81603e-05
8.526 0.000129782 1.5813e-05
8.527 0.000134436 5.1035e-05
8.528 0.000139778 5.70313e-05
8.529 0.000145349 3.00986e-05
8.53 0.000150606 -1.44171e-05
8.531 0.000155096 -5.08894e-05
8.532 0.000158582 -5.82002e-05
8.533 0.000161126 -3.19899e-05
8.534 0.000163064 1.27517e-05
8.535 0.000164905 5.02925e-05
8.536 0.000167181 5.90024e-05
8.537 0.000170281 3.38451e-05
8.538 0.000174334 -1.07131e-05
8.539 0.000179171 -4.90595e-05
8.54 0.000184371 -5.92101e-05
8.541 0.000189392 -3.54547e-05
8.542 0.000193734 8.42464e-06
8.543 0.000197089 4.71763e-05
8.544 0.000199437 5.86609e-05
8.545 0.000201049 3.65446e-05
8.546 0.000202412 -6.19519e-06
8.547 0.000204076 -4.48966e-05
8.548 0.000206491 -5.7481e-05
8.549 0.00020987 -3.70864e-05
8.55 0.000214127 4.18357e-06
8.551 0.000218898 4.24446e-05
8.552 0.000223652 5.58816e-05
8.553 0.00022785 3.72151e-05
8.554 0.000231108 -2.35771e-06
8.555 0.000233309 -3.98788e-05
8.556 0.000234642 -5.39727e-05
8.557 0.00023554 -3.70476e-05
8.558 0.000236556 6.26067e-07
8.559 0.000238193 3.71444e-05
8.56 0.000240757 5.17311e-05
8.561 0.000244264 3.65813e-05
8.562 0.000248437 1.02338e-06
8.563 0.000252791 -3.4213e-05
8.564 0.000256775 -4.91065e-05
8.565 0.000259939 -3.57454e-05
8.566 0.000262067 -2.51403e-06
8.567 0.000263238 3.11394e-05
8.568 0.000263802 4.61033e-05
8.569 0.000264271 3.44791e-05
8.57 0.000265171 3.73103e-06
8.571 0.000266879 -2.80554e-05
8.572 0.000269518 -4.28197e-05
8.573 0.00027292 -3.2804e-05
8.574 0.000276679 -4.60461e-06
8.575 0.000280276 2.50994e-05
8.576 0.00028323 3.94096e-05
8.577 0.000285247 3.08282e-05
8.578 0.000286297 5.15517e-06
8.579 0.000286626 -2.23416e-05
8.58 0.000286675 -3.59935e-05
8.581 0.000286949 -2.86546e-05
8.582 0.000287862 -5.39931e-06
8.583 0.000289622 1.989e-05
8.584 0.000292168 3.27943e-05
8.585 0.000295191 2.65632e-05
8.586 0.000298236 5.58998e-06
8.587 0.000300831 -1.75985e-05
8.588 0.000302637 -2.98165e-05
8.589 0.000303537 -2.46996e-05
8.59 0.000303674 -5.95213e-06
8.591 0.000303399 1.52548e-05
8.592 0.000303164 2.69496e-05
8.593 0.000303386 2.31088e-05
8.594 0.000304322 6.6841e-06
8.595 0.000305999 -1.2565e-05
8.596 0.000308205 -2.38982e-05
8.597 0.000310565 -2.15888e-05
8.598 0.00031265 -7.73877e-06
8.599 0.00031411 9.41891e-06
8.6 0.000314774 2.04528e-05
8.601 0.0003147 1.99294e-05
8.602 0.000314149 9.00516e-06
8.603 0.000313505 -5.76692e-06
8.604 0.000313156 -1.64082e-05
8.605 0.000313375 -1.78421e-05
8.606 0.000314245 -1.02232e-05
8.607 0.000315638 1.73653e-06
8.608 0.000317256 1.17104e-05
8.609 0.000318726 1.51242e-05
8.61 0.000319715 1.11481e-05
8.611 0.000320031 2.52258e-06
8.612 0.000319671 -6.30714e-06
8.613 0.000318824 -1.1499e-05
8.614 0.000317806 -1.13613e-05
8.615 0.000316961 -6.612e-06
8.616 0.000316558 4.00906e-07
8.617 0.000316711 6.86203e-06
8.618 0.000317348 1.04628e-05
8.619 0.00031824 9.9791e-06
8.62 0.000319071 5.52836e-06
8.621 0.000319538 -1.40291e-06
8.622 0.000319441 -8.23674e-06
8.623 0.000318743 -1.20473e-05
8.624 0.000317573 -1.07416e-05
8.625 0.000316187 -4.25511e-06
8.626 0.000314883 4.94378e-06
8.627 0.000313911 1.26036e-05
8.628 0.0003134 1.4628e-05
8.629 0.000313322 9.34203e-06
8.63 0.000313502 -1.2046e-06
8.631 0.000313683 -1.18656e-05
8.632 0.000313598 -1.69074e-05
8.633 0.000313058 -1.31836e-05
8.634 0.000312005 -2.17235e-06
8.635 0.000310525 1.04655e-05
8.636 0.000308816 1.78008e-05
8.637 0.000307127 1.55239e-05
8.638 0.000305677 4.58024e-06
8.639 0.000304589 -9.09993e-06
8.64 0.000303857 -1.78092e-05
8.641 0.000303353 -1.64757e-05
8.642 0.000302869 -5.71879e-06
8.643 0.000302184 8.33735e-06
8.644 0.000301137 1.75229e-05
8.645 0.00029967 1.64106e-05
8.646 0.000297847 5.60688e-06
8.647 0.000295827 -8.48926e-06
8.648 0.000293813 -1.74229e-05
8.649 0.000291985 -1.57568e-05
8.65 0.000290447 -4.43224e-06
8.651 0.000289194 9.68199e-06
8.652 0.000288117 1.78859e-05
8.653 0.000287042 1.49756e-05
8.654 0.000285789 2.55282e-06
8.655 0.000284223 -1.179e-05
8.656 0.000282306 -1.90364e-05
8.657 0.000280095 -1.43488e-05
8.658 0.000277732 -2.53918e-07
8.659 0.00027539 1.46662e-05
8.66 0.000273219 2.09332e-05
8.661 0.000271298 1.41113e-05
8.662 0.000269613 -2.15915e-06
8.663 0.000268063 -1.80599e-05
8.664 0.000266491 -2.34651e-05
8.665 0.000264743 -1.42998e-05
8.666 0.000262712 4.56498e-06
8.667 0.000260376 2.18615e-05
8.668 0.000257801 2.66106e-05
8.669 0.000255119 1.49976e-05
8.67 0.000252485 -6.8245e-06
8.671 0.000250024 -2.59604e-05
8.672 0.000247792 -3.03583e-05
8.673 0.000245759 -1.63074e-05
8.674 0.000243817 8.77421e-06
8.675 0.000241819 3.02305e-05
8.676 0.000239629 3.47118e-05
8.677 0.000237162 1.83983e-05
8.678 0.00023442 -1.01262e-05
8.679 0.000231485 -3.43781e-05
8.68 0.000228497 -3.95015e-05
8.681 0.000225605 -2.13101e-05
8.682 0.000222917 1.06349e-05
8.683 0.000220468 3.80495e-05
8.684 0.000218204 4.44177e-05
8.685 0.000215997 2.49174e-05
8.686 0.000213694 -1.0175e-05
8.687 0.000211157 -4.09058e-05
8.688 0.00020832 -4.90343e-05
8.689 0.000205204 -2.88667e-05
8.69 0.000201916 8.90148e-06
8.691 0.000198617 4.28649e-05
8.692 0.000195468 5.30906e-05
8.693 0.00019258 3.28456e-05
8.694 0.000189973 -7.04412e-06
8.695 0.000187572 -4.3988e-05
8.696 0.000185225 -5.64749e-05
8.697 0.00018275 -3.66373e-05
8.698 0.000179997 4.823e-06
8.699 0.000176894 4.44146e-05
8.7 0.000173473 5.92159e-05
8.701 0.000169866 4.01901e-05
8.702 0.000166261 -2.30414e-06
8.703 0.000162848 -4.41631e-05
8.704 0.000159758 -6.12615e-05
8.705 0.000157018 -4.34078e-05
8.706 0.000154542 -4.29576e-07
8.707 0.000152152 4.325e-05
8.708 0.000149638 6.2546e-05
8.709 0.000146814 4.61766e-05
8.71 0.000143586 3.28591e-06
8.711 0.000139978 -4.1677e-05
8.712 0.00013613 -6.29498e-05
8.713 0.00013226 -4.82835e-05
8.714 0.00012859 -6.03594e-06
8.715 0.000125287 3.95962e-05
8.716 0.000122405 6.24845e-05
8.717 0.000119865 4.95967e-05
8.718 0.00011748 8.4657e-06
8.719 0.000115009 -3.72041e-05
8.72 0.000112231 -6.12357e-05
8.721 0.000109015 -5.0045e-05
8.722 0.000105357 -1.03689e-05
8.723 0.000101392 3.47658e-05
8.724 9.73469e-05 5.94323e-05
8.725 9.34778e-05 4.97493e-05
8.726 8.99896e-05 1.17383e-05
8.727 8.69727e-05 -3.23824e-05
8.728 8.43734e-05 -5.72037e-05
8.729 8.20089e-05 -4.88081e-05
8.73 7.9621e-05 -1.26159e-05
8.731 7.69547e-05 3.00525e-05
8.732 7.38365e-05 5.4549e-05
8.733 7.02291e-05 4.71848e-05
8.734 6.62451e-05 1.29254e-05
8.735 6.21145e-05 -2.78577e-05
8.736 5.81167e-05 -5.14987e-05
8.737 5.44952e-05 -4.48139e-05
8.738 5.13833e-05 -1.25011e-05
8.739 4.87614e-05 2.60162e-05
8.74 4.64612e-05 4.82405e-05
8.741 4.42148e-05 4.17715e-05
8.742 4.17355e-05 1.12691e-05
8.743 3.88046e-05 -2.47244e-05
8.744 3.53392e-05 -4.50085e-05
8.745 3.14193e-05 -3.82238e-05
8.746 2.72661e-05 -9.25047e-06
8.747 2.31764e-05 2.41174e-05
8.748 1.94343e-05 4.203e-05
8.749 1.62247e-05 3.43797e-05
8.75 1.35767e-05 6.52905e-06
8.751 1.1353e-05 -2.42883e-05
8.752 9.28962e-06 -3.95464e-05
8.753 7.0746e-06 -3.05283e-05
8.754 4.44126e-06 -3.31394e-06
8.755 1.24912e-06 2.52064e-05
8.756 -2.47272e-06 3.77284e-05
8.757 -6.533e-06 2.69795e-05
8.758 -1.06344e-05 -6.88755e-08
8.759 -1.44623e-05 -2.66608e-05
8.76 -1.77783e-05 -3.65652e-05
8.761 -2.04929e-05 -2.3926e-05
8.762 -2.2692e-05 3.30019e-06
8.763 -2.4612e-05 2.8329e-05
8.764 -2.65692e-05 3.58487e-05
8.765 -2.8865e-05 2.13397e-05
8.766 -3.16952e-05 -6.23768e-06
8.767 -3.50913e-05 -2.99754e-05
8.768 -3.89103e-05 -3.53612e-05
8.769 -4.2878e-05 -1.91207e-05
8.77 -4.66712e-05 8.81241e-06
8.771 -5.00148e-05 3.13773e-05
8.772 -5.27646e-05 3.47986e-05
8.773 -5.49508e-05 1.69861e-05
8.774 -5.67685e-05 -1.11912e-05
8.775 -5.8519e-05 -3.25314e-05
8.776 -6.05184e-05 -3.3994e-05
8.777 -6.30018e-05 -1.4671e-05
8.778 -6.6052e-05 1.36317e-05
8.779 -6.95743e-05 3.35785e-05
8.78 -7.33247e-05 3.28955e-05
8.781 -7.69834e-05 1.19194e-05
8.782 -8.02522e-05 -1.65312e-05
8.783 -8.29446e-05 -3.49329e-05
8.784 -8.50429e-05 -3.17891e-05
8.785 -8.67043e-05 -8.77402e-06
8.786 -8.82137e-05 2.01256e-05
8.787 -8.98977e-05 3.70434e-05
8.788 -9.20258e-05 3.11816e-05
8.789 -9.47278e-05 5.60698e-06
8.79 -9.79532e-05 -2.43374e-05
8.791 -0.000101486 -4.01876e-05
8.792 -0.000105008 -3.16353e-05
8.793 -0.000108194 -3.08141e-06
8.794 -0.000110813 2.86346e-05
8.795 -0.000112793 4.41564e-05
8.796 -0.000114251 3.33374e-05
8.797 -0.000115454 1.70332e-06
8.798 -0.000116742 -3.23945e-05
8.799 -0.000118426 -4.84581e-05
8.8 -0.000120693 -3.61219e-05
8.801 -0.000123551 -1.69554e-06
8.802 -0.000126821 3.50984e-05
8.803 -0.000130195 5.24874e-05
8.804 -0.000133321 3.95351e-05
8.805 -0.000135911 2.92375e-06
8.806 -0.000137827 -3.65309e-05
8.807 -0.000139125 -5.5794e-05
8.808 -0.000140036 -4.30981e-05
8.809 -0.000140901 -5.08756e-06
8.81 -0.000142071 3.66938e-05
8.811 -0.000143799 5.8096e-05
8.812 -0.000146168 4.63813e-05
8.813 -0.000149064 7.80173e-06
8.814 -0.000152206 -3.57674e-05
8.815 -0.000155232 -5.93083e-05
8.816 -0.000157803 -4.90957e-05
8.817 -0.000159706 -1.07228e-05
8.818 -0.000160913 3.39836e-05
8.819 -0.000161596 5.94451e-05
8.82 -0.000162074 5.10365e-05
8.821 -0.000162718 1.35263e-05
8.822 -0.000163845 -3.16379e-05
8.823 -0.000165624 -5.86451e-05
8.824 -0.000168024 -5.21377e-05
8.825 -0.000170822 -1.59914e-05
8.826 -0.000173673 2.89854e-05
8.827 -0.000176203 5.70669e-05
8.828 -0.000178124 5.23836e-05
8.829 -0.000179316 1.7939e-05
8.83 -0.000179864 -2.62763e-05
8.831 -0.000180031 -5.49053e-05
8.832 -0.000180183 -5.18142e-05
8.833 -0.000180682 -1.92325e-05
8.834 -0.000181779 2.3757e-05
8.835 -0.000183544 5.23913e-05
8.836 -0.000185844 5.05215e-05
8.837 -0.000188382 1.97605e-05
8.838 -0.000190785 -2.17145e-05
8.839 -0.000192711 -4.9878e-05
8.84 -0.00019395 -4.87807e-05
8.841 -0.00019448 -1.96075e-05
8.842 -0.000194478 2.0287e-05
8.843 -0.000194264 4.76618e-05
8.844 -0.000194206 4.69137e-05
8.845 -0.000194617 1.89756e-05
8.846 -0.000195663 -1.9487e-05
8.847 -0.000197314 -4.59754e-05
8.848 -0.000199359 -4.52887e-05
8.849 -0.000201466 -1.82323e-05
8.85 -0.000203277 1.90777e-05
8.851 -0.000204517 4.47836e-05
8.852 -0.000205068 4.40582e-05
8.853 -0.000205005 1.7631e-05
8.854 -0.000204569 -1.88237e-05
8.855 -0.000204097 -4.39668e-05
8.856 -0.000203923 -4.32571e-05
8.857 -0.000204282 -1.73287e-05
8.858 -0.000205241 1.85266e-05
8.859 -0.000206685 4.33749e-05
8.86 -0.000208351 4.28392e-05
8.861 -0.000209903 1.7383e-05
8.862 -0.000211036 -1.80773e-05
8.863 -0.000211561 -4.29215e-05
8.864 -0.000211455 -4.27996e-05
8.865 -0.000210872 -1.78833e-05
8.866 -0.00021009 1.7331e-05
8.867 -0.000209433 4.24785e-05
8.868 -0.000209175 4.30952e-05
8.869 -0.00020946 1.89021e-05
8.87 -0.000210266 -1.61253e-05
8.871 -0.00021141 -4.1866e-05
8.872 -0.000212605 -4.36174e-05
8.873 -0.000213545 -2.04653e-05
8.874 -0.000213993 1.42923e-05
8.875 -0.000213848 4.08287e-05
8.876 -0.000213172 4.41175e-05
8.877 -0.00021217 2.24248e-05
8.878 -0.000211128 -1.18267e-05
8.879 -0.000210329 -3.92201e-05
8.88 -0.000209972 -4.43793e-05
8.881 -0.000210116 -2.45929e-05
8.882 -0.000210665 8.80663e-06
8.883 -0.000211399 3.69791e-05
8.884 -0.000212041 4.42359e-05
8.885 -0.000212336 2.67744e-05
8.886 -0.000212125 -5.3721e-06
8.887 -0.000211391 -3.41421e-05
8.888 -0.000210258 -4.36266e-05
8.889 -0.000208955 -2.88675e-05
8.89 -0.000207744 1.59266e-06
8.891 -0.000206849 3.06949e-05
8.892 -0.000206387 4.24531e-05
8.893 -0.000206338 3.07407e-05
8.894 -0.000206555 2.44179e-06
8.895 -0.000206807 -2.66283e-05
8.896 -0.000206849 -4.06016e-05
8.897 -0.000206492 -3.22307e-05
8.898 -0.00020566 -6.61174e-06
8.899 -0.000204407 2.19335e-05
8.9 -0.000202898 3.79045e-05
8.901 -0.000201364 3.30576e-05
8.902 -0.000200029 1.0633e-05
8.903 -0.000199047 -1.67756e-05
8.904 -0.00019846 -3.43278e-05
8.905 -0.000198185 -3.29934e-05
8.906 -0.000198043 -1.41781e-05
8.907 -0.00019781 1.14364e-05
8.908 -0.000197286 2.99753e-05
8.909 -0.000196347 3.19049e-05
8.91 -0.000194987 1.69211e-05
8.911 -0.00019331 -6.3031e-06
8.912 -0.000191502 -2.51341e-05
8.913 -0.000189778 -2.986e-05
8.914 -0.000188316 -1.86855e-05
8.915 -0.000187206 1.71578e-06
8.916 -0.000186433 2.01567e-05
8.917 -0.000185874 2.70676e-05
8.918 -0.000185343 1.94461e-05
8.919 -0.000184642 2.07835e-06
8.92 -0.000183619 -1.54039e-05
8.921 -0.00018221 -2.38467e-05
8.922 -0.000180456 -1.93435e-05
8.923 -0.000178488 -4.98182e-06
8.924 -0.000176488 1.11721e-05
8.925 -0.000174636 2.05737e-05
8.926 -0.000173058 1.86877e-05
8.927 -0.000171791 7.12257e-06
8.928 -0.000170778 -7.55688e-06
8.929 -0.000169881 -1.75253e-05
8.93 -0.000168932 -1.78316e-05
8.931 -0.000167772 -8.8074e-06
8.932 -0.000166305 4.39396e-06
8.933 -0.000164517 1.47199e-05
8.934 -0.000162484 1.69553e-05
8.935 -0.000160342 1.03089e-05
8.936 -0.00015825 -1.40724e-06
8.937 -0.00015634 -1.19598e-05
8.938 -0.000154684 -1.59924e-05
8.939 -0.000153271 -1.17066e-05
8.94 -0.000152015 -1.6025e-06
8.941 -0.000150781 8.98552e-06
8.942 -0.000149426 1.47035e-05
8.943 -0.000147842 1.28615e-05
8.944 -0.000145986 4.65508e-06
8.945 -0.00014389 -5.60491e-06
8.946 -0.000141653 -1.27668e-05
8.947 -0.000139406 -1.34172e-05
8.948 -0.000137277 -7.47957e-06
8.949 -0.000135351 1.89827e-06
8.95 -0.000133649 1.00253e-05
8.951 -0.000132118 1.30168e-05
8.952 -0.000130656 9.63779e-06
8.953 -0.000129133 1.77609e-06
8.954 -0.00012744 -6.61289e-06
8.955 -0.000125511 -1.1501e-05
8.956 -0.000123351 -1.07167e-05
8.957 -0.000121026 -4.88927e-06
8.958 -0.000118648 2.98901e-06
8.959 -0.000116338 9.10048e-06
8.96 -0.000114195 1.06495e-05
8.961 -0.000112263 7.12811e-06
8.962 -0.000110522 4.35688e-07
8.963 -0.000108893 -6.14013e-06
8.964 -0.000107263 -9.53627e-06
8.965 -0.000105517 -8.33174e-06
8.966 -0.000103571 -3.31912e-06
8.967 -0.0001014 2.98573e-06
8.968 -9.90378e-05 7.60413e-06
8.969 -9.65741e-05 8.49512e-06
8.97 -9.4124e-05 5.4416e-06
8.971 -9.17957e-05 4.66057e-08
8.972 -8.96603e-05 -5.10307e-06
8.973 -8.77307e-05 -7.67224e-06
8.974 -8.59594e-05 -6.62493e-06
8.975 -8.42521e-05 -2.62121e-06
8.976 -8.24951e-05 2.37574e-06
8.977 -8.05881e-05 6.05734e-06
8.978 -7.84727e-05 6.82806e-06
8.979 -7.61487e-05 4.48486e-06
8.98 -7.36738e-05 2.35572e-07
8.981 -7.11471e-05 -3.91542e-06
8.982 -6.86808e-05 -6.1064e-06
8.983 -6.63687e-05 -5.44677e-06
8.984 -6.42598e-05 -2.37043e-06
8.985 -6.23456e-05 1.62191e-06
8.986 -6.05625e-05 4.68833e-06
8.987 -5.88107e-05 5.49288e-06
8.988 -5.69821e-05 3.78661e-06
8.989 -5.4991e-05 4.69713e-07
8.99 -5.27972e-05 -2.87286e-06
8.991 -5.0417e-05 -4.7283e-06
8.992 -4.7918e-05 -4.34454e-06
8.993 -4.53998e-05 -2.03433e-06
8.994 -4.29657e-05 1.02977e-06
8.995 -4.06949e-05 3.40875e-06
8.996 -3.86206e-05 4.07945e-06
8.997 -3.6722e-05 2.87771e-06
8.998 -3.49309e-05 5.06833e-07
8.999 -3.31518e-05 -1.86222e-06
9 -3.12883e-05 -3.17556e-06
9.001 -2.92701e-05 -2.96914e-06
9.002 -2.70718e-05 -1.51298e-06
9.003 -2.47188e-05 4.06069e-07
9.004 -2.22798e-05 1.91303e-06
9.005 -1.98466e-05 2.4476e-06
9.006 -1.75087e-05 1.95098e-06
9.007 -1.53287e-05 7.87303e-07
9.008 -1.33254e-05 -5.04445e-07
9.009 -1.147e-05 -1.4646e-06
9.01 -9.69504e-06 -1.84822e-06
9.011 -7.91369e-06 -1.62087e-06
9.012 -6.0444e-06 -8.85779e-07
9.013 -4.03332e-06 1.68188e-07
9.014 -1.86874e-06 1.26639e-06
9.015 4.16412e-07 2.04554e-06
9.016 2.75441e-06 2.12823e-06
9.017 5.06198e-06 1.30118e-06
9.018 7.2635e-06 -2.82022e-07
9.019 9.31171e-06 -2.02789e-06
9.02 1.12002e-05 -3.08332e-06
9.021 1.29645e-05 -2.74965e-06
9.022 1.46717e-05 -9.33879e-07
9.023 1.64013e-05 1.64737e-06
9.024 1.82232e-05 3.70829e-06
9.025 2.01788e-05 4.03272e-06
9.026 2.22695e-05 2.19806e-06
9.027 2.44572e-05 -1.04682e-06
9.028 2.66746e-05 -4.04285e-06
9.029 2.88445e-05 -5.06601e-06
9.03 3.09003e-05 -3.33029e-06
9.031 3.28041e-05 4.37742e-07
9.032 3.45569e-05 4.25646e-06
9.033 3.61974e-05 5.92514e-06
9.034 3.77914e-05 4.30235e-06
9.035 3.94134e-05 8.1481e-08
9.036 4.11266e-05 -4.45717e-06
9.037 4.2966e-05 -6.66853e-06
9.038 4.4929e-05 -5.09175e-06
9.039 4.69766e-05 -4.17749e-07
9.04 4.90444e-05 4.76241e-06
9.041 5.10599e-05 7.37826e-06
9.042 5.29617e-05 5.70152e-06
9.043 5.4716e-05 4.90076e-07
9.044 5.63253e-05 -5.29818e-06
9.045 5.78267e-05 -8.1581e-06
9.046 5.92821e-05 -6.14823e-06
9.047 6.07613e-05 -1.97415e-07
9.048 6.23231e-05 6.26031e-06
9.049 6.40002e-05 9.22698e-06
9.05 6.57907e-05 6.58108e-06
9.051 6.76591e-05 -4.54636e-07
9.052 6.95458e-05 -7.80609e-06
9.053 7.13835e-05 -1.08553e-05
9.054 7.31146e-05 -7.2795e-06
9.055 7.47063e-05 1.29579e-06
9.056 7.61589e-05 9.95715e-06
9.057 7.75048e-05 1.32659e-05
9.058 7.88002e-05 8.59477e-06
9.059 8.01091e-05 -1.97612e-06
9.06 8.14875e-05 -1.25001e-05
9.061 8.29677e-05 -1.64666e-05
9.062 8.45513e-05 -1.07522e-05
9.063 8.62084e-05 2.14514e-06
9.064 8.78862e-05 1.51048e-05
9.065 8.95231e-05 2.02866e-05
9.066 9.10647e-05 1.38155e-05
9.067 9.24779e-05 -1.52575e-06
9.068 9.37588e-05 -1.73887e-05
9.069 9.49338e-05 -2.43881e-05
9.07 9.60517e-05 -1.76213e-05
9.071 9.7171e-05 5.03905e-08
9.072 9.8344e-05 1.90922e-05
9.073 9.96041e-05 2.84341e-05
9.074 0.000100957 2.18962e-05
9.075 0.000102379 2.17958e-06
9.076 0.000103824 -2.01102e-05
9.077 0.000105238 -3.21621e-05
9.078 0.000106569 -2.63264e-05
9.079 0.000107783 -4.91501e-06
9.08 0.000108873 2.0548e-05
9.081 0.000109858 3.55171e-05
9.082 0.000110781 3.07405e-05
9.083 0.000111693 7.94591e-06
9.084 0.000112645 -2.0578e-05
9.085 0.000113671 -3.85864e-05
9.086 0.000114778 -3.51303e-05
9.087 0.000115951 -1.11866e-05
9.088 0.000117149 2.03338e-05
9.089 0.000118323 4.15245e-05
9.09 0.000119424 3.96509e-05
9.091 0.000120418 1.4773e-05
9.092 0.000121293 -1.97252e-05
9.093 0.000122066 -4.4319e-05
9.094 0.000122771 -4.43911e-05
9.095 0.000123458 -1.88918e-05
9.096 0.000124173 1.85111e-05
9.097 0.000124952 4.67537e-05
9.098 0.000125807 4.92506e-05
9.099 0.000126725 2.36204e-05
9.1 0.000127672 -1.64381e-05
9.101 0.000128601 -4.8476e-05
9.102 0.000129465 -5.39065e-05
9.103 0.000130228 -2.87976e-05
9.104 0.000130874 1.34297e-05
9.105 0.000131415 4.91901e-05
9.106 0.000131881 5.79562e-05
9.107 0.000132318 3.40766e-05
9.108 0.000132774 -9.63209e-06
9.109 0.000133286 -4.87802e-05
9.11 0.000133872 -6.10731e-05
9.111 0.000134524 -3.90634e-05
9.112 0.000135213 5.33376e-06
9.113 0.000135895 4.73037e-05
9.114 0.000136522 6.30624e-05
9.115 0.000137055 4.34049e-05
9.116 0.000137475 -8.81707e-07
9.117 0.000137784 -4.49414e-05
9.118 0.000138008 -6.38574e-05
9.119 0.00013819 -4.68209e-05
9.12 0.000138376 -3.36534e-06
9.121 0.000138606 4.19595e-05
9.122 0.000138904 6.35041e-05
9.123 0.00013927 4.91134e-05
9.124 0.000139681 7.05657e-06
9.125 0.000140098 -3.86968e-05
9.126 0.000140476 -6.21674e-05
9.127 0.000140775 -5.01908e-05
9.128 0.000140969 -9.87888e-06
9.129 0.000141054 3.55489e-05
9.13 0.000141051 6.01457e-05
9.131 0.000140993 5.01132e-05
9.132 0.000140924 1.16168e-05
9.133 0.000140884 -3.29249e-05
9.134 0.000140898 -5.78756e-05
9.135 0.000140972 -4.91688e-05
9.136 0.00014109 -1.22995e-05
9.137 0.000141221 3.10532e-05
9.138 0.000141325 5.57338e-05
9.139 0.000141364 4.77158e-05
9.14 0.000141315 1.21158e-05
9.141 0.000141171 -2.99859e-05
9.142 0.000140945 -5.39798e-05
9.143 0.000140666 -4.6102e-05
9.144 0.000140371 -1.13541e-05
9.145 0.000140093 2.9605e-05
9.146 0.000139855 5.26939e-05
9.147 0.000139664 4.45451e-05
9.148 0.000139505 1.02519e-05
9.149 0.000139353 -2.9772e-05
9.15 0.000139175 -5.19043e-05
9.151 0.000138938 -4.32297e-05
9.152 0.000138624 -9.07064e-06
9.153 0.000138229 3.0258e-05
9.154 0.000137766 5.15046e-05
9.155 0.000137261 4.22037e-05
9.156 0.000136746 7.9771e-06
9.157 0.00013625 -3.08611e-05
9.158 0.000135789 -5.13496e-05
9.159 0.000135366 -4.14391e-05
9.16 0.000134968 -7.06508e-06
9.161 0.000134568 3.14145e-05
9.162 0.000134135 5.12771e-05
9.163 0.000133645 4.08483e-05
9.164 0.00013308 6.35383e-06
9.165 0.00013244 -3.18089e-05
9.166 0.00013174 -5.11439e-05
9.167 0.000131005 -4.03241e-05
9.168 0.000130266 -5.82594e-06
9.169 0.000129547 3.19568e-05
9.17 0.000128864 5.07856e-05
9.171 0.000128218 3.96835e-05
9.172 0.000127595 5.34433e-06
9.173 0.000126971 -3.19037e-05
9.174 0.000126318 -5.01457e-05
9.175 0.000125613 -3.87957e-05
9.176 0.00012484 -4.75708e-06
9.177 0.000123999 3.17637e-05
9.178 0.000123101 4.92587e-05
9.179 0.000122167 3.76043e-05
9.18 0.000121224 3.94099e-06
9.181 0.000120294 -3.16784e-05
9.182 0.000119391 -4.82294e-05
9.183 0.000118518 -3.6138e-05
9.184 0.000117667 -2.83933e-06
9.185 0.000116822 3.17637e-05
9.186 0.000115962 4.71812e-05
9.187 0.000115067 3.44699e-05
9.188 0.000114124 1.43534e-06
9.189 0.000113129 -3.21304e-05
9.19 0.000112085 -4.62821e-05
9.191 0.000111006 -3.276e-05
9.192 0.000109906 1.87799e-07
9.193 0.000108802 3.28153e-05
9.194 0.000107706 4.56859e-05
9.195 0.000106624 3.12261e-05
9.196 0.000105558 -1.83374e-06
9.197 0.000104501 -3.37289e-05
9.198 0.000103445 -4.54604e-05
9.199 0.000102378 -3.0085e-05
9.2 0.000101291 3.20431e-06
9.201 0.000100173 3.4596e-05
9.202 9.90211e-05 4.54547e-05
9.203 9.78342e-05 2.93688e-05
9.204 9.6616e-05 -4.09392e-06
9.205 9.53741e-05 -3.51121e-05
9.206 9.41191e-05 -4.53778e-05
9.207 9.28626e-05 -2.89076e-05
9.208 9.16154e-05 4.48906e-06
9.209 9.0385e-05 3.50875e-05
9.21 8.91738e-05 4.49357e-05
9.211 8.79778e-05 2.84097e-05
9.212 8.67865e-05 -4.5799e-06
9.213 8.55847e-05 -3.45558e-05
9.214 8.43557e-05 -4.40128e-05
9.215 8.30854e-05 -2.76724e-05
9.216 8.17667e-05 4.56767e-06
9.217 8.04019e-05 3.36387e-05
9.218 7.90041e-05 4.26122e-05
9.219 7.75944e-05 2.65906e-05
9.22 7.61975e-05 -4.61719e-06
9.221 7.48354e-05 -3.24988e-05
9.222 7.35206e-05 -4.08456e-05
9.223 7.22523e-05 -2.52066e-05
9.224 7.10149e-05 4.74438e-06
9.225 6.97808e-05 3.11821e-05
9.226 6.85176e-05 3.87632e-05
9.227 6.71965e-05 2.3562e-05
9.228 6.5801e-05 -4.91323e-06
9.229 6.43327e-05 -2.96509e-05
9.23 6.28123e-05 -3.63262e-05
9.231 6.12752e-05 -2.16342e-05
9.232 5.97628e-05 5.10322e-06
9.233 5.83108e-05 2.78203e-05
9.234 5.69391e-05 3.33898e-05
9.235 5.56444e-05 1.92573e-05
9.236 5.44007e-05 -5.43573e-06
9.237 5.31648e-05 -2.57025e-05
9.238 5.1888e-05 -2.98255e-05
9.239 5.05304e-05 -1.61886e-05
9.24 4.90726e-05 6.18412e-06
9.241 4.75228e-05 2.3488e-05
9.242 4.59156e-05 2.56465e-05
9.243 4.43037e-05 1.22331e-05
9.244 4.27429e-05 -7.69559e-06
9.245 4.12758e-05 -2.15497e-05
9.246 3.99189e-05 -2.11021e-05
9.247 3.86563e-05 -7.41056e-06
9.248 3.74429e-05 1.0194e-05
9.249 3.62166e-05 2.02641e-05
9.25 3.49162e-05 1.65616e-05
9.251 3.34999e-05 1.92102e-06
9.252 3.19589e-05 -1.37399e-05
9.253 3.03219e-05 -1.99308e-05
9.254 2.86483e-05 -1.24359e-05
9.255 2.70119e-05 3.89178e-06
9.256 2.54794e-05 1.82054e-05
9.257 2.409e-05 2.06889e-05
9.258 2.28419e-05 9.06002e-06
9.259 2.16907e-05 -9.65767e-06
9.26 2.05607e-05 -2.33632e-05
9.261 1.93662e-05 -2.25661e-05
9.262 1.80364e-05 -6.71092e-06
9.263 1.65384e-05 1.49736e-05
9.264 1.48886e-05 2.88674e-05
9.265 1.31508e-05 2.54338e-05
9.266 1.14199e-05 5.53854e-06
9.267 9.79486e-06 -1.94763e-05
9.268 8.34942e-06 -3.43057e-05
9.269 7.10889e-06 -2.90183e-05
9.27 6.03999e-06 -5.53578e-06
9.271 5.0578e-06 2.28971e-05
9.272 4.04845e-06 3.92451e-05
9.273 2.90155e-06 3.29049e-05
9.274 1.54315e-06 6.477e-06
9.275 -4.04955e-08 -2.51865e-05
9.276 -1.79595e-06 -4.33957e-05
9.277 -3.61521e-06 -3.66982e-05
9.278 -5.36509e-06 -8.03476e-06
9.279 -6.92534e-06 2.64698e-05
9.28 -8.22465e-06 4.66402e-05
9.281 -9.2637e-06 4.01038e-05
9.282 -1.0118e-05 9.87294e-06
9.283 -1.09184e-05 -2.69822e-05
9.284 -1.18153e-05 -4.90259e-05
9.285 -1.29346e-05 -4.29823e-05
9.286 -1.43397e-05 -1.17465e-05
9.287 -1.60109e-05 2.69562e-05
9.288 -1.78474e-05 5.0672e-05
9.289 -1.96945e-05 4.5299e-05
9.29 -2.1387e-05 1.34991e-05
9.291 -2.2797e-05 -2.65866e-05
9.292 -2.38735e-05 -5.17196e-05
9.293 -2.46592e-05 -4.70812e-05
9.294 -2.52816e-05 -1.50396e-05
9.295 -2.59183e-05 2.60349e-05
9.296 -2.6746e-05 5.23254e-05
9.297 -2.78887e-05 4.84148e-05
9.298 -2.93797e-05 1.63521e-05
9.299 -3.11486e-05 -2.54049e-05
9.3 -3.30386e-05 -5.26331e-05
9.301 -3.48503e-05 -4.94237e-05
9.302 -3.63987e-05 -1.74957e-05
9.303 -3.75676e-05 2.4718e-05
9.304 -3.83461e-05 5.27296e-05
9.305 -3.88345e-05 5.02247e-05
9.306 -3.92183e-05 1.85764e-05
9.307 -3.97159e-05 -2.39103e-05
9.308 -4.05158e-05 -5.26074e-05
9.309 -4.17203e-05 -5.08634e-05
9.31 -4.3314e-05 -1.96761e-05
9.311 -4.51645e-05 2.28881e-05
9.312 -4.7059e-05 5.21868e-05
9.313 -4.87639e-05 5.12969e-05
9.314 -5.00928e-05 2.08034e-05
9.315 -5.09619e-05 -2.15893e-05
9.316 -5.14162e-05 -5.13659e-05
9.317 -5.16194e-05 -5.14118e-05
9.318 -5.18079e-05 -2.18698e-05
9.319 -5.22237e-05 2.00451e-05
9.32 -5.30437e-05 5.01045e-05
9.321 -5.43266e-05 5.11093e-05
9.322 -5.59948e-05 2.27566e-05
9.323 -5.78538e-05 -1.83414e-05
9.324 -5.96482e-05 -4.841e-05
9.325 -6.11349e-05 -5.03001e-05
9.326 -6.21543e-05 -2.32991e-05
9.327 -6.26781e-05 1.66633e-05
9.328 -6.2819e-05 4.64181e-05
9.329 -6.27993e-05 4.90161e-05
9.33 -6.2887e-05 2.34094e-05
9.331 -6.33175e-05 -1.51855e-05
9.332 -6.42245e-05 -4.43205e-05
9.333 -6.55997e-05 -4.73844e-05
9.334 -6.72936e-05 -2.30919e-05
9.335 -6.90588e-05 1.40366e-05
9.336 -7.06217e-05 4.23351e-05
9.337 -7.17628e-05 4.56336e-05
9.338 -7.23818e-05 2.25025e-05
9.339 -7.25284e-05 -1.31873e-05
9.34 -7.23882e-05 -4.05625e-05
9.341 -7.2229e-05 -4.3946e-05
9.342 -7.23219e-05 -2.18279e-05
9.343 -7.28613e-05 1.25215e-05
9.344 -7.39066e-05 3.90003e-05
9.345 -7.53636e-05 4.24289e-05
9.346 -7.70116e-05 2.1239e-05
9.347 -7.85685e-05 -1.18702e-05
9.348 -7.97736e-05 -3.75389e-05
9.349 -8.04661e-05 -4.10603e-05
9.35 -8.06331e-05 -2.07929e-05
9.351 -8.04143e-05 1.11338e-05
9.352 -8.00617e-05 3.60799e-05
9.353 -7.98644e-05 3.97745e-05
9.354 -8.00628e-05 2.04654e-05
9.355 -8.07761e-05 -1.03067e-05
9.356 -8.19661e-05 -3.46087e-05
9.357 -8.34474e-05 -3.85616e-05
9.358 -8.49418e-05 -2.02478e-05
9.359 -8.61615e-05 9.41466e-06
9.36 -8.68952e-05 3.3189e-05
9.361 -8.70719e-05 3.75302e-05
9.362 -8.67837e-05 2.0276e-05
9.363 -8.62589e-05 -8.33717e-06
9.364 -8.5795e-05 -3.17675e-05
9.365 -8.56693e-05 -3.67323e-05
9.366 -8.60555e-05 -2.07084e-05
9.367 -8.69707e-05 6.85275e-06
9.368 -8.82684e-05 3.01378e-05
9.369 -8.96815e-05 3.60605e-05
9.37 -9.09014e-05 2.1592e-05
9.371 -9.16702e-05 -4.76187e-06
9.372 -9.18591e-05 -2.8013e-05
9.373 -9.15082e-05 -3.52487e-05
9.374 -9.08161e-05 -2.27907e-05
9.375 -9.00814e-05 2.00652e-06
9.376 -8.96145e-05 2.51534e-05
9.377 -8.96442e-05 3.39654e-05
9.378 -9.0248e-05 2.40168e-05
9.379 -9.13278e-05 1.29552e-06
9.38 -9.26377e-05 -2.14448e-05
9.381 -9.38561e-05 -3.1898e-05
9.382 -9.46819e-05 -2.4878e-05
9.383 -9.49245e-05 -4.83075e-06
9.384 -9.45621e-05 1.69906e-05
9.385 -9.37495e-05 2.88926e-05
9.386 -9.27727e-05 2.50257e-05
9.387 -9.19651e-05 8.20282e-06
9.388 -9.16072e-05 -1.20643e-05
9.389 -9.18427e-05 -2.49802e-05
9.39 -9.26344e-05 -2.42314e-05
9.391 -9.37747e-05 -1.10203e-05
9.392 -9.4946e-05 7.05251e-06
9.393 -9.58157e-05 2.03767e-05
9.394 -9.61356e-05 2.24506e-05
9.395 -9.58164e-05 1.30041e-05
9.396 -9.49555e-05 -2.33842e-06
9.397 -9.38082e-05 -1.53928e-05
9.398 -9.27126e-05 -1.97784e-05
9.399 -9.19883e-05 -1.39876e-05
9.4 -9.18403e-05 -1.72163e-06
9.401 -9.22976e-05 1.04183e-05
9.402 -9.32036e-05 1.64678e-05
9.403 -9.42623e-05 1.39802e-05
9.404 -9.51269e-05 4.8959e-06
9.405 -9.55035e-05 -5.8164e-06
9.406 -9.52395e-05 -1.28477e-05
9.407 -9.43702e-05 -1.31296e-05
9.408 -9.31085e-05 -7.08666e-06
9.409 -9.1782e-05 1.8861e-06
9.41 -9.07345e-05 9.28985e-06
9.411 -9.02234e-05 1.17261e-05
9.412 -9.03414e-05 8.39262e-06
9.413 -9.09884e-05 1.25723e-06
9.414 -9.19008e-05 -6.05427e-06
9.415 -9.27304e-05 -1.00509e-05
9.416 -9.31482e-05 -8.99599e-06
9.417 -9.2944e-05 -3.63234e-06
9.418 -9.20896e-05 3.27211e-06
9.419 -9.0748e-05 8.30812e-06
9.42 -8.92254e-05 9.07468e-06
9.421 -8.78797e-05 5.31735e-06
9.422 -8.70132e-05 -9.83093e-07
9.423 -8.67817e-05 -6.61618e-06
9.424 -8.71474e-05 -8.75548e-06
9.425 -8.78894e-05 -6.38261e-06
9.426 -8.86697e-05 -7.97919e-07
9.427 -8.91337e-05 5.05876e-06
9.428 -8.90169e-05 8.14305e-06
9.429 -8.82238e-05 6.90226e-06
9.43 -8.68576e-05 2.08546e-06
9.431 -8.51892e-05 -3.67603e-06
9.432 -8.3577e-05 -7.30057e-06
9.433 -8.23598e-05 -6.92436e-06
9.434 -8.17556e-05 -2.88913e-06
9.435 -8.17965e-05 2.49466e-06
9.436 -8.23188e-05 6.2684e-06
9.437 -8.30121e-05 6.47638e-06
9.438 -8.35117e-05 3.21092e-06
9.439 -8.35071e-05 -1.52846e-06
9.44 -8.28349e-05 -5.05012e-06
9.441 -8.15272e-05 -5.52674e-06
9.442 -7.98013e-05 -2.97847e-06
9.443 -7.79956e-05 8.68434e-07
9.444 -7.64677e-05 3.71318e-06
9.445 -7.54889e-05 4.07792e-06
9.446 -7.51632e-05 2.11264e-06
9.447 -7.53977e-05 -6.53383e-07
9.448 -7.59307e-05 -2.4003e-06
9.449 -7.64107e-05 -2.20996e-06
9.45 -7.65013e-05 -5.84465e-07
9.451 -7.59806e-05 1.02298e-06
9.452 -7.4807e-05 1.31386e-06
9.453 -7.313e-05 1.08569e-07
9.454 -7.12441e-05 -1.51387e-06
9.455 -6.95006e-05 -2.01801e-06
9.456 -6.82024e-05 -6.10739e-07
9.457 -6.75149e-05 2.02073e-06
9.458 -6.74181e-05 4.01715e-06
9.459 -6.77145e-05 3.5853e-06
9.46 -6.80899e-05 3.72771e-07
9.461 -6.82084e-05 -3.99635e-06
9.462 -6.78122e-05 -6.72116e-06
9.463 -6.67977e-05 -5.5823e-06
9.464 -6.52443e-05 -5.73658e-07
9.465 -6.33881e-05 5.72606e-06
9.466 -6.15497e-05 9.4637e-06
9.467 -6.00373e-05 7.85223e-06
9.468 -5.9055e-05 1.12965e-06
9.469 -5.86437e-05 -7.1899e-06
9.47 -5.86711e-05 -1.21382e-05
9.471 -5.88746e-05 -1.02556e-05
9.472 -5.89417e-05 -1.93166e-06
9.473 -5.86044e-05 8.42302e-06
9.474 -5.77186e-05 1.47001e-05
9.475 -5.63055e-05 1.26992e-05
9.476 -5.4542e-05 2.88798e-06
9.477 -5.27049e-05 -9.47157e-06
9.478 -5.10862e-05 -1.7133e-05
9.479 -4.9905e-05 -1.51208e-05
9.48 -4.92434e-05 -3.93072e-06
9.481 -4.9024e-05 1.03667e-05
9.482 -4.90369e-05 1.94081e-05
9.483 -4.90056e-05 1.74399e-05
9.484 -4.86713e-05 4.96433e-06
9.485 -4.78712e-05 -1.11701e-05
9.486 -4.6585e-05 -2.1515e-05
9.487 -4.49384e-05 -1.95649e-05
9.488 -4.31618e-05 -5.84374e-06
9.489 -4.15182e-05 1.20251e-05
9.49 -4.0223e-05 2.35329e-05
9.491 -3.93799e-05 2.14674e-05
9.492 -3.89522e-05 6.42752e-06
9.493 -3.87772e-05 -1.31465e-05
9.494 -3.86194e-05 -2.56765e-05
9.495 -3.82436e-05 -2.32796e-05
9.496 -3.74871e-05 -6.70562e-06
9.497 -3.63069e-05 1.46979e-05
9.498 -3.47904e-05 2.82164e-05
9.499 -3.31246e-05 2.5286e-05
9.5 -3.15361e-05 6.8687e-06
9.501 -3.02204e-05 -1.66641e-05
9.502 -2.92825e-05 -3.13331e-05
9.503 -2.87069e-05 -2.78096e-05
9.504 -2.83659e-05 -7.26988e-06
9.505 -2.80626e-05 1.87934e-05
9.506 -2.75942e-05 3.49756e-05
9.507 -2.68153e-05 3.10238e-05
9.508 -2.56826e-05 8.24172e-06
9.509 -2.42653e-05 -2.07256e-05
9.51 -2.27206e-05 -3.89032e-05
9.511 -2.1242e-05 -3.49098e-05
9.512 -1.99967e-05 -1.00008e-05
9.513 -1.90731e-05 2.20927e-05
9.514 -1.84546e-05 4.27439e-05
9.515 -1.80267e-05 3.92414e-05
9.516 -1.76161e-05 1.25546e-05
9.517 -1.70472e-05 -2.26654e-05
9.518 -1.61991e-05 -4.61533e-05
9.519 -1.5044e-05 -4.37141e-05
9.52 -1.36548e-05 -1.57741e-05
9.521 -1.21805e-05 2.23402e-05
9.522 -1.07973e-05 4.88419e-05
9.523 -9.65052e-06 4.79804e-05
9.524 -8.80811e-06 1.94057e-05
9.525 -8.23846e-06 -2.11695e-05
9.526 -7.82121e-06 -5.06446e-05
9.527 -7.38672e-06 -5.17382e-05
9.528 -6.77154e-06 -2.31491e-05
9.529 -5.87187e-06 1.93169e-05
9.53 -4.67766e-06 5.15176e-05
9.531 -3.27627e-06 5.47591e-05
9.532 -1.82447e-06 2.66947e-05
9.533 -4.97546e-07 -1.70398e-05
9.534 5.6773e-07 -5.15622e-05
9.535 1.31815e-06 -5.69584e-05
9.536 1.80215e-06 -2.9824e-05
9.537 2.15499e-06 1.45834e-05
9.538 2.55547e-06 5.0941e-05
9.539 3.16797e-06 5.83535e-05
9.54 4.08856e-06 3.24181e-05
9.541 5.31253e-06 -1.21337e-05
9.542 6.73438e-06 -4.9815e-05
9.543 8.18056e-06 -5.90105e-05
9.544 9.4649e-06 -3.44319e-05
9.545 1.04491e-05 9.80719e-06
9.546 1.10886e-05 4.83004e-05
9.547 1.14493e-05 5.89813e-05
9.548 1.16883e-05 3.58278e-05
9.549 1.20048e-05 -7.70563e-06
9.55 1.25765e-05 -4.65048e-05
9.551 1.35014e-05 -5.83203e-05
9.552 1.47641e-05 -3.65802e-05
9.553 1.62375e-05 5.9166e-06
9.554 1.77212e-05 4.45235e-05
9.555 1.90037e-05 5.70701e-05
9.556 1.99304e-05 3.66456e-05
9.557 2.04545e-05 -4.55545e-06
9.558 2.06548e-05 -4.24883e-05
9.559 2.07146e-05 -5.53091e-05
9.56 2.08654e-05 -3.60013e-05
9.561 2.13149e-05 3.74597e-06
9.562 2.21804e-05 4.05722e-05
9.563 2.34491e-05 5.31793e-05
9.564 2.49785e-05 3.46875e-05
9.565 2.65382e-05 -3.57493e-06
9.566 2.78803e-05 -3.8955e-05
9.567 2.88166e-05 -5.08743e-05
9.568 2.92796e-05 -3.28239e-05
9.569 2.93464e-05 4.05178e-06
9.57 2.92179e-05 3.77701e-05
9.571 2.91588e-05 4.85874e-05
9.572 2.9416e-05 3.05691e-05
9.573 3.01414e-05 -5.13257e-06
9.574 3.13418e-05 -3.71169e-05
9.575 3.28743e-05 -4.65233e-05
9.576 3.44872e-05 -2.81466e-05
9.577 3.5897e-05 6.67253e-06
9.578 3.68754e-05 3.69922e-05
9.579 3.73219e-05 4.48218e-05
9.58 3.72975e-05 2.57774e-05
9.581 3.70084e-05 -8.46479e-06
9.582 3.6745e-05 -3.72905e-05
9.583 3.67923e-05 -4.35195e-05
9.584 3.73417e-05 -2.36197e-05
9.585 3.84295e-05 1.02996e-05
9.586 3.9923e-05 3.78368e-05
9.587 4.15587e-05 4.25406e-05
9.588 4.30222e-05 2.17131e-05
9.589 4.40448e-05 -1.20568e-05
9.59 4.44882e-05 -3.84964e-05
9.591 4.43893e-05 -4.18006e-05
9.592 4.39516e-05 -2.00588e-05
9.593 4.34849e-05 1.36568e-05
9.594 4.33104e-05 3.91533e-05
9.595 4.36614e-05 4.12026e-05
9.596 4.4609e-05 1.86215e-05
9.597 4.60376e-05 -1.50613e-05
9.598 4.76779e-05 -3.97183e-05
9.599 4.9188e-05 -4.0651e-05
9.6 5.02586e-05 -1.73448e-05
9.601 5.07095e-05 1.62592e-05
9.602 5.05476e-05 4.01126e-05
9.603 4.99679e-05 4.00261e-05
9.604 4.92955e-05 1.61115e-05
9.605 4.88867e-05 -1.73225e-05
9.606 4.9019e-05 -4.03346e-05
9.607 4.98033e-05 -3.9249e-05
9.608 5.11471e-05 -1.47878e-05
9.609 5.27797e-05 1.83969e-05
9.61 5.43338e-05 4.0492e-05
9.611 5.54576e-05 3.83472e-05
9.612 5.59249e-05 1.33021e-05
9.613 5.57069e-05 -1.96393e-05
9.614 5.49845e-05 -4.07803e-05
9.615 5.40957e-05 -3.7488e-05
9.616 5.34331e-05 -1.17284e-05
9.617 5.3323e-05 2.11069e-05
9.618 5.3923e-05 4.1379e-05
9.619 5.51703e-05 3.69148e-05
9.62 5.67973e-05 1.02829e-05
9.621 5.84113e-05 -2.27016e-05
9.622 5.96137e-05 -4.23619e-05
9.623 6.01235e-05 -3.6863e-05
9.624 5.9866e-05 -9.2858e-06
9.625 5.89999e-05 2.41361e-05
9.626 5.78716e-05 4.35878e-05
9.627 5.69121e-05 3.73993e-05
9.628 5.65049e-05 8.99293e-06
9.629 5.68669e-05 -2.50611e-05
9.63 5.79792e-05 -4.47511e-05
9.631 5.95885e-05 -3.83851e-05
9.632 6.12816e-05 -9.49124e-06
9.633 6.261e-05 2.51969e-05
9.634 6.32269e-05 4.54906e-05
9.635 6.29955e-05 3.95215e-05
9.636 6.20342e-05 1.06599e-05
9.637 6.06841e-05 -2.44458e-05
9.638 5.94074e-05 -4.55412e-05
9.639 5.86476e-05 -4.04951e-05
9.64 5.86933e-05 -1.22722e-05
9.641 5.95876e-05 2.28566e-05
9.642 6.11117e-05 4.47634e-05
9.643 6.28485e-05 4.10502e-05
9.644 6.43077e-05 1.40752e-05
9.645 6.50749e-05 -2.05677e-05
9.646 6.49393e-05 -4.31274e-05
9.647 6.39608e-05 -4.10149e-05
9.648 6.24543e-05 -1.58455e-05
9.649 6.0897e-05 1.77436e-05
9.65 5.97839e-05 4.06605e-05
9.651 5.94768e-05 4.0269e-05
9.652 6.00922e-05 1.73756e-05
9.653 6.14633e-05 -1.45788e-05
9.654 6.31877e-05 -3.74528e-05
9.655 6.4748e-05 -3.8759e-05
9.656 6.56689e-05 -1.84993e-05
9.657 6.56622e-05 1.12688e-05
9.658 6.47171e-05 3.36344e-05
9.659 6.31063e-05 3.64899e-05
9.66 6.1305e-05 1.90998e-05
9.661 5.98484e-05 -7.98817e-06
9.662 5.9169e-05 -2.93467e-05
9.663 5.94638e-05 -3.34981e-05
9.664 6.06321e-05 -1.90914e-05
9.665 6.23037e-05 4.89858e-06
9.666 6.39496e-05 2.47417e-05
9.667 6.50411e-05 2.98437e-05
9.668 6.52108e-05 1.84071e-05
9.669 6.43656e-05 -2.16471e-06
9.67 6.27169e-05 -1.99993e-05
9.671 6.07184e-05 -2.56282e-05
9.672 5.89302e-05 -1.70102e-05
9.673 5.78492e-05 -4.56725e-08
9.674 5.77586e-05 1.5347e-05
9.675 5.86405e-05 2.10338e-05
9.676 6.018e-05 1.49503e-05
9.677 6.18592e-05 1.6205e-06
9.678 6.31134e-05 -1.10128e-05
9.679 6.35018e-05 -1.63053e-05
9.68 6.28412e-05 -1.23798e-05
9.681 6.12622e-05 -2.55216e-06
9.682 5.91705e-05 7.16104e-06
9.683 5.71249e-05 1.16909e-05
9.684 5.56679e-05 9.52315e-06
9.685 5.51625e-05 2.9465e-06
9.686 5.56819e-05 -3.84377e-06
9.687 5.69872e-05 -7.3692e-06
9.688 5.86004e-05 -6.60032e-06
9.689 5.99483e-05 -2.96619e-06
9.69 6.05363e-05 1.02417e-06
9.691 6.00979e-05 3.43938e-06
9.692 5.86745e-05 3.79739e-06
9.693 5.66024e-05 2.80161e-06
9.694 5.44103e-05 1.41457e-06
9.695 5.26587e-05 1.0178e-07
9.696 5.17707e-05 -1.21308e-06
9.697 5.19044e-05 -2.59993e-06
9.698 5.29064e-05 -3.5996e-06
9.699 5.43595e-05 -3.30837e-06
9.7 5.57108e-05 -1.11621e-06
9.701 5.64391e-05 2.46701e-06
9.702 5.62129e-05 5.66058e-06
9.703 5.49892e-05 6.2853e-06
9.704 5.30247e-05 3.23871e-06
9.705 5.07959e-05 -2.41734e-06
9.706 4.88534e-05 -7.65752e-06
9.707 4.76541e-05 -9.10879e-06
9.708 4.7424e-05 -5.21826e-06
9.709 4.80918e-05 2.41825e-06
9.71 4.9313e-05 9.59495e-06
9.711 5.05772e-05 1.1816e-05
9.712 5.13645e-05 7.11336e-06
9.713 5.13036e-05 -2.40436e-06
9.714 5.02827e-05 -1.14166e-05
9.715 4.84809e-05 -1.43751e-05
9.716 4.63105e-05 -8.92851e-06
9.717 4.42885e-05 2.33206e-06
9.718 4.28789e-05 1.30499e-05
9.719 4.23513e-05 1.67089e-05
9.72 4.27019e-05 1.06136e-05
9.721 4.36579e-05 -2.19603e-06
9.722 4.47642e-05 -1.44237e-05
9.723 4.55248e-05 -1.8696e-05
9.724 4.55548e-05 -1.20389e-05
9.725 4.46966e-05 2.08116e-06
9.726 4.30647e-05 1.55344e-05
9.727 4.10072e-05 2.02327e-05
9.728 3.89956e-05 1.303e-05
9.729 3.74789e-05 -2.1673e-06
9.73 3.6746e-05 -1.64904e-05
9.731 3.68396e-05 -2.12991e-05
9.732 3.75469e-05 -1.34299e-05
9.733 3.84685e-05 2.70031e-06
9.734 3.91445e-05 1.75356e-05
9.735 3.91964e-05 2.20381e-05
9.736 3.84431e-05 1.32144e-05
9.737 3.69532e-05 -3.87379e-06
9.738 3.50204e-05 -1.89652e-05
9.739 3.30696e-05 -2.2732e-05
9.74 3.1523e-05 -1.25375e-05
9.741 3.06705e-05 5.73058e-06
9.742 3.05815e-05 2.10101e-05
9.743 3.10868e-05 2.37145e-05
9.744 3.1835e-05 1.17062e-05
9.745 3.24038e-05 -8.11101e-06
9.746 3.24323e-05 -2.37191e-05
9.747 3.17323e-05 -2.52189e-05
9.748 3.03442e-05 -1.10393e-05
9.749 2.8521e-05 1.07424e-05
9.75 2.66471e-05 2.6974e-05
9.751 2.51162e-05 2.73211e-05
9.752 2.4209e-05 1.07626e-05
9.753 2.40072e-05 -1.33551e-05
9.754 2.43705e-05 -3.05806e-05
9.755 2.49839e-05 -2.99806e-05
9.756 2.54577e-05 -1.09939e-05
9.757 2.54508e-05 1.57417e-05
9.758 2.4776e-05 3.43487e-05
9.759 2.3457e-05 3.31187e-05
9.76 2.17182e-05 1.18025e-05
9.761 1.99121e-05 -1.77212e-05
9.762 1.84076e-05 -3.8076e-05
9.763 1.74744e-05 -3.66105e-05
9.764 1.72002e-05 -1.32006e-05
9.765 1.74654e-05 1.91535e-05
9.766 1.79828e-05 4.1567e-05
9.767 1.83902e-05 4.03065e-05
9.768 1.83639e-05 1.51636e-05
9.769 1.77199e-05 -1.99198e-05
9.77 1.64694e-05 -4.46122e-05
9.771 1.48132e-05 -4.40045e-05
9.772 1.30764e-05 -1.75945e-05
9.773 1.16049e-05 1.99623e-05
9.774 1.06571e-05 4.70222e-05
9.775 1.03242e-05 4.747e-05
9.776 1.0504e-05 2.03232e-05
9.777 1.09353e-05 -1.9305e-05
9.778 1.12823e-05 -4.86585e-05
9.779 1.12406e-05 -5.04597e-05
9.78 1.06326e-05 -2.31062e-05
9.781 9.46105e-06 1.80875e-05
9.782 7.90589e-06 4.9501e-05
9.783 6.26511e-06 5.28091e-05
9.784 4.85936e-06 2.57139e-05
9.785 3.93077e-06 -1.64992e-05
9.786 3.56785e-06 -4.96145e-05
9.787 3.67984e-06 -5.44335e-05
9.788 4.02797e-06 -2.79542e-05
9.789 4.30295e-06 1.47509e-05
9.79 4.2238e-06 4.91359e-05
9.791 3.62635e-06 5.53388e-05
9.792 2.51371e-06 2.97056e-05
9.793 1.0531e-06 -1.30335e-05
9.794 -4.79266e-07 -4.82401e-05
9.795 -1.78724e-06 -5.56117e-05
9.796 -2.64905e-06 -3.09357e-05
9.797 -2.987e-06 1.14765e-05
9.798 -2.89064e-06 4.70941e-05
9.799 -2.58648e-06 5.53876e-05
9.8 -2.3645e-06 3.17009e-05
9.801 -2.4851e-06 -1.01114e-05
9.802 -3.09627e-06 -4.57895e-05
9.803 -4.18727e-06 -5.4771e-05
9.804 -5.59314e-06 -3.20761e-05
9.805 -7.04835e-06 8.91401e-06
9.806 -8.27207e-06 4.43472e-05
9.807 -9.05775e-06 5.38052e-05
9.808 -9.3386e-06 3.2103e-05
9.809 -9.20816e-06 -7.85637e-06
9.81 -8.88985e-06 -4.27497e-05
9.811 -8.66538e-06 -5.24716e-05
9.812 -8.78491e-06 -3.17525e-05
9.813 -9.38772e-06 6.9743e-06
9.814 -1.04583e-05 4.10236e-05
9.815 -1.18318e-05 5.07674e-05
9.816 -1.32464e-05 3.09834e-05
9.817 -1.44269e-05 -6.33738e-06
9.818 -1.51711e-05 -3.9237e-05
9.819 -1.54137e-05 -4.87232e-05
9.82 -1.52466e-05 -2.97641e-05
9.821 -1.48888e-05 6.03607e-06
9.822 -1.46176e-05 3.75053e-05
9.823 -1.46809e-05 4.64273e-05
9.824 -1.52197e-05 2.81096e-05
9.825 -1.62245e-05 -6.14564e-06
9.826 -1.7539e-05 -3.59698e-05
9.827 -1.891e-05 -4.40274e-05
9.828 -2.00669e-05 -2.61044e-05
9.829 -2.08067e-05 6.69308e-06
9.83 -2.10562e-05 3.47706e-05
9.831 -2.08937e-05 4.17277e-05
9.832 -2.05232e-05 2.39338e-05
9.833 -2.02097e-05 -7.59334e-06
9.834 -2.01959e-05 -3.39668e-05
9.835 -2.06273e-05 -3.97153e-05
9.836 -2.15082e-05 -2.1841e-05
9.837 -2.27025e-05 8.64695e-06
9.838 -2.39779e-05 3.3489e-05
9.839 -2.50797e-05 3.80863e-05
9.84 -2.58099e-05 2.00546e-05
9.841 -2.60875e-05 -9.58237e-06
9.842 -2.59718e-05 -3.31322e-05
9.843 -2.56408e-05 -3.67867e-05
9.844 -2.53336e-05 -1.8696e-05
9.845 -2.52752e-05 1.015e-05
9.846 -2.56065e-05 3.26188e-05
9.847 -2.63424e-05 3.5623e-05
9.848 -2.73706e-05 1.77337e-05
9.849 -2.84894e-05 -1.02075e-05
9.85 -2.94727e-05 -3.16916e-05
9.851 -3.01413e-05 -3.43286e-05
9.852 -3.04177e-05 -1.69997e-05
9.853 -3.03473e-05 9.75741e-06
9.854 -3.00808e-05 3.01893e-05
9.855 -2.98241e-05 3.26468e-05
9.856 -2.97721e-05 1.62479e-05
9.857 -3.00476e-05 -8.93638e-06
9.858 -3.06649e-05 -2.80886e-05
9.859 -3.15285e-05 -3.04115e-05
9.86 -3.24666e-05 -1.52463e-05
9.861 -3.32878e-05 7.94135e-06
9.862 -3.38422e-05 2.54693e-05
9.863 -3.40676e-05 2.75586e-05
9.864 -3.40067e-05 1.38234e-05
9.865 -3.37899e-05 -6.96733e-06
9.866 -3.35909e-05 -2.24593e-05
9.867 -3.35701e-05 -2.4092e-05
9.868 -3.38234e-05 -1.18635e-05
9.869 -3.43538e-05 6.18872e-06
9.87 -3.50734e-05 1.92021e-05
9.871 -3.58346e-05 2.00493e-05
9.872 -3.64799e-05 9.27404e-06
9.873 -3.68931e-05 -5.78871e-06
9.874 -3.70355e-05 -1.58861e-05
9.875 -3.69559e-05 -1.5533e-05
9.876 -3.67717e-05 -6.01751e-06
9.877 -3.66285e-05 5.93416e-06
9.878 -3.66509e-05 1.27354e-05
9.879 -3.69024e-05 1.07222e-05
9.88 -3.73666e-05 2.14286e-06
9.881 -3.79544e-05 -6.73524e-06
9.882 -3.85366e-05 -9.97765e-06
9.883 -3.8988e-05 -5.86828e-06
9.884 -3.92294e-05 2.17913e-06
9.885 -3.92531e-05 8.1696e-06
9.886 -3.91241e-05 7.74117e-06
9.887 -3.89562e-05 1.18729e-06
9.888 -3.88724e-05 -6.74204e-06
9.889 -3.89624e-05 -1.01284e-05
9.89 -3.9252e-05 -6.05424e-06
9.891 -3.96948e-05 3.17818e-06
9.892 -4.01889e-05 1.13599e-05
9.893 -4.06115e-05 1.2465e-05
9.894 -4.08625e-05 4.86621e-06
9.895 -4.08986e-05 -7.17657e-06
9.896 -4.07492e-05 -1.59203e-05
9.897 -4.0507e-05 -1.50707e-05
9.898 -4.02967e-05 -4.12561e-06
9.899 -4.0233e-05 1.07842e-05
9.9 -4.03802e-05 2.03477e-05
9.901 -4.07296e-05 1.78667e-05
9.902 -4.12004e-05 3.79536e-06
9.903 -4.16658e-05 -1.39787e-05
9.904 -4.19948e-05 -2.45786e-05
9.905 -4.20961e-05 -2.079e-05
9.906 -4.19505e-05 -3.85568e-06
9.907 -4.16187e-05 1.67193e-05
9.908 -4.12235e-05 2.85294e-05
9.909 -4.09104e-05 2.37588e-05
9.91 -4.07999e-05 4.27275e-06
9.911 -4.09469e-05 -1.89676e-05
9.912 -4.13211e-05 -3.21026e-05
9.913 -4.18147e-05 -2.6663e-05
9.914 -4.22758e-05 -4.98197e-06
9.915 -4.25573e-05 2.07029e-05
9.916 -4.25648e-05 3.51916e-05
9.917 -4.22885e-05 2.93511e-05
9.918 -4.18083e-05 5.85343e-06
9.919 -4.12697e-05 -2.19722e-05
9.92 -4.08382e-05 -3.7733e-05
9.921 -4.06463e-05 -3.16706e-05
9.922 -4.07502e-05 -6.70656e-06
9.923 -4.11104e-05 2.29073e-05
9.924 -4.16025e-05 3.9751e-05
9.925 -4.2056e-05 3.3522e-05
9.926 -4.23076e-05 7.35409e-06
9.927 -4.22536e-05 -2.37111e-05
9.928 -4.18838e-05 -4.13839e-05
9.929 -4.1286e-05 -3.49243e-05
9.93 -4.06195e-05 -7.68735e-06
9.931 -4.00654e-05 2.45772e-05
9.932 -3.977e-05 4.28348e-05
9.933 -3.97977e-05 3.60101e-05
9.934 -4.01106e-05 7.71638e-06
9.935 -4.05789e-05 -2.56237e-05
9.936 -4.10215e-05 -4.4305e-05
9.937 -4.1262e-05 -3.69879e-05
9.938 -4.11841e-05 -7.57701e-06
9.939 -4.07685e-05 2.68393e-05
9.94 -4.00986e-05 4.59131e-05
9.941 -3.93353e-05 3.80608e-05
9.942 -3.86669e-05 7.4784e-06
9.943 -3.82503e-05 -2.80906e-05
9.944 -3.81626e-05 -4.76553e-05
9.945 -3.83772e-05 -3.93588e-05
9.946 -3.87729e-05 -7.63688e-06
9.947 -3.91714e-05 2.91578e-05
9.948 -3.93935e-05 4.93932e-05
9.949 -3.93141e-05 4.08793e-05
9.95 -3.89007e-05 8.18612e-06
9.951 -3.82224e-05 -2.98253e-05
9.952 -3.74273e-05 -5.09184e-05
9.953 -3.66957e-05 -4.25081e-05
9.954 -3.61841e-05 -9.15534e-06
9.955 -3.59768e-05 2.99296e-05
9.956 -3.60612e-05 5.19979e-05
9.957 -3.63336e-05 4.40371e-05
9.958 -3.66325e-05 1.04458e-05
9.959 -3.67906e-05 -2.9422e-05
9.96 -3.66859e-05 -5.24594e-05
9.961 -3.62795e-05 -4.52465e-05
9.962 -3.56249e-05 -1.18852e-05
9.963 -3.48503e-05 2.83547e-05
9.964 -3.41158e-05 5.2217e-05
9.965 -3.35638e-05 4.5955e-05
9.966 -3.32745e-05 1.32806e-05
9.967 -3.32426e-05 -2.68457e-05
9.968 -3.33816e-05 -5.12638e-05
9.969 -3.35529e-05 -4.60408e-05
9.97 -3.36107e-05 -1.44595e-05
9.971 -3.34479e-05 2.50306e-05
9.972 -3.30286e-05 4.96294e-05
9.973 -3.23972e-05 4.5409e-05
9.974 -3.16615e-05 1.52444e-05
9.975 -3.09573e-05 -2.30869e-05
9.976 -3.04044e-05 -4.74065e-05
9.977 -3.00695e-05 -4.40215e-05
9.978 -2.99468e-05 -1.54809e-05
9.979 -2.99628e-05 2.12166e-05
9.98 -3.00017e-05 4.47535e-05
9.981 -2.99441e-05 4.19217e-05
9.982 -2.9705e-05 1.50786e-05
9.983 -2.92595e-05 -1.96014e-05
9.984 -2.86484e-05 -4.18604e-05
9.985 -2.79628e-05 -3.92235e-05
9.986 -2.73127e-05 -1.40287e-05
9.987 -2.67907e-05 1.83615e-05
9.988 -2.64432e-05 3.88971e-05
9.989 -2.62571e-05 3.6065e-05
9.99 -2.61665e-05 1.23755e-05
9.991 -2.60766e-05 -1.75611e-05
9.992 -2.58958e-05 -3.59987e-05
9.993 -2.55654e-05 -3.25836e-05
9.994 -2.50775e-05 -1.01935e-05
9.995 -2.4476e-05 1.72174e-05
9.996 -2.38391e-05 3.32553e-05
9.997 -2.32529e-05 2.88867e-05
9.998 -2.27818e-05 7.5461e-06
9.999 -2.24482e-05 -1.73478e-05
10 -2.22268e-05 -3.0757e-05
