0.001 5.72704e-14 -1.81435e-15
0.002 4.89769e-15 -4.24069e-15
0.003 9.69086e-16 -3.01837e-15
0.004 1.38302e-15 -6.4257e-16
0.005 1.93237e-15 2.25879e-16
0.006 2.21326e-15 4.28473e-16
0.007 2.3716e-15 3.75051e-16
0.008 2.53745e-15 3.73118e-16
0.009 2.59906e-15 2.46991e-16
0.01 2.73763e-15 1.64444e-16
0.011 2.85978e-15 1.31566e-16
0.012 2.93961e-15 -4.05486e-17
0.013 3.0587e-15 -8.09374e-17
0.014 3.20124e-15 -9.27198e-17
0.015 3.29127e-15 -2.29065e-16
0.016 3.43145e-15 -1.22838e-16
0.017 3.62521e-15 -1.27219e-16
0.018 3.75106e-15 -1.35052e-16
0.019 3.93699e-15 -1.21888e-16
0.02 4.12579e-15 -1.26531e-16
0.021 4.26415e-15 -1.5694e-16
0.022 4.4735e-15 -1.05924e-16
0.023 4.67265e-15 -1.56012e-16
0.024 4.83145e-15 -2.24608e-16
0.025 5.04415e-15 -1.93568e-16
0.026 5.21597e-15 -3.37156e-16
0.027 5.45004e-15 -2.83602e-16
0.028 5.6196e-15 -3.41913e-16
0.029 5.87138e-15 -3.93882e-16
0.03 6.06159e-15 -3.76416e-16
0.031 6.29229e-15 -3.67737e-16
0.032 6.57677e-15 -4.13293e-16
0.033 6.83438e-15 -4.09183e-16
0.034 7.08744e-15 -4.32447e-16
0.035 7.40682e-15 -3.91222e-16
0.036 7.66993e-15 -4.5476e-16
0.037 8.01076e-15 -4.17226e-16
0.038 8.30877e-15 -4.36485e-16
0.039 8.63207e-15 -4.9969e-16
0.04 8.97646e-15 -4.65904e-16
0.041 9.33829e-15 -4.54517e-16
0.042 9.6772e-15 -5.56926e-16
0.043 1.0057e-14 -5.83683e-16
0.044 1.0448e-14 -5.55195e-16
0.045 1.08356e-14 -6.98967e-16
0.046 1.12534e-14 -6.89565e-16
0.047 1.16693e-14 -7.0737e-16
0.048 1.21628e-14 -7.65424e-16
0.049 1.25708e-14 -8.01137e-16
0.05 1.30582e-14 -9.08927e-16
0.051 1.35622e-14 -8.1125e-16
0.052 1.40838e-14 -8.7651e-16
0.053 1.46104e-14 -9.43955e-16
0.054 1.52035e-14 -9.2886e-16
0.055 1.57448e-14 -9.9611e-16
0.056 1.63374e-14 -1.04426e-15
0.057 1.69922e-14 -1.05152e-15
0.058 1.76019e-14 -1.17685e-15
0.059 1.82787e-14 -1.11675e-15
0.06 1.90268e-14 -1.10218e-15
0.061 1.9718e-14 -1.23317e-15
0.062 2.04783e-14 -1.23302e-15
0.063 2.12597e-14 -1.2435e-15
0.064 2.20638e-14 -1.31325e-15
0.065 2.29039e-14 -1.39171e-15
0.066 2.37751e-14 -1.43711e-15
0.067 2.46538e-14 -1.49414e-15
0.068 2.55769e-14 -1.64826e-15
0.069 2.65577e-14 -1.59764e-15
0.07 2.75706e-14 -1.71262e-15
0.071 2.85801e-14 -1.88315e-15
0.072 2.96661e-14 -1.8502e-15
0.073 3.0776e-14 -1.89788e-15
0.074 3.19555e-14 -2.01984e-15
0.075 3.31439e-14 -2.06628e-15
0.076 3.43729e-14 -2.20283e-15
0.077 3.57083e-14 -2.16063e-15
0.078 3.70231e-14 -2.39575e-15
0.079 3.84328e-14 -2.36287e-15
0.08 3.99053e-14 -2.48854e-15
0.081 4.13616e-14 -2.61731e-15
0.082 4.28995e-14 -2.7063e-15
0.083 4.45467e-14 -2.72587e-15
0.084 4.61849e-14 -2.82814e-15
0.085 4.79218e-14 -2.87688e-15
0.086 4.97427e-14 -2.99875e-15
0.087 5.15575e-14 -3.15765e-15
0.088 5.34711e-14 -3.23808e-15
0.089 5.55094e-14 -3.32079e-15
0.09 5.75256e-14 -3.56717e-15
0.091 5.97152e-14 -3.6072e-15
0.092 6.19175e-14 -3.8608e-15
0.093 6.42245e-14 -3.93691e-15
0.094 6.66204e-14 -4.02941e-15
0.095 6.91097e-14 -4.29721e-15
0.096 7.16892e-14 -4.39281e-15
0.097 7.43648e-14 -4.58281e-15
0.098 7.7111e-14 -4.82421e-15
0.099 7.99671e-14 -5.02898e-15
0.1 8.29623e-14 -5.19319e-15
0.101 8.6018e-14 -5.39397e-15
0.102 8.92165e-14 -5.61307e-15
0.103 9.25136e-14 -5.7417e-15
0.104 9.5888e-14 -6.02555e-15
0.105 9.94697e-14 -6.12696e-15
0.106 1.03115e-13 -6.3502e-15
0.107 1.06971e-13 -6.50669e-15
0.108 1.10917e-13 -6.76123e-15
0.109 1.15017e-13 -7.02946e-15
0.11 1.19225e-13 -7.31947e-15
0.111 1.23649e-13 -7.604e-15
0.112 1.28247e-13 -7.82056e-15
0.113 1.32983e-13 -8.12974e-15
0.114 1.37841e-13 -8.47473e-15
0.115 1.42928e-13 -8.7509e-15
0.116 1.48206e-13 -9.04806e-15
0.117 1.53634e-13 -9.34644e-15
0.118 1.59277e-13 -9.80146e-15
0.119 1.651e-13 -1.01174e-14
0.12 1.71174e-13 -1.04345e-14
0.121 1.77402e-13 -1.10035e-14
0.122 1.83893e-13 -1.13506e-14
0.123 1.90657e-13 -1.16792e-14
0.124 1.97613e-13 -1.21261e-14
0.125 2.04828e-13 -1.25363e-14
0.126 2.12308e-13 -1.30117e-14
0.127 2.20104e-13 -1.3375e-14
0.128 2.28128e-13 -1.38648e-14
0.129 2.3647e-13 -1.4374e-14
0.13 2.45105e-13 -1.49403e-14
0.131 2.54011e-13 -1.54942e-14
0.132 2.63325e-13 -1.60867e-14
0.133 2.72908e-13 -1.66661e-14
0.134 2.82808e-13 -1.73875e-14
0.135 2.93141e-13 -1.78358e-14
0.136 3.03735e-13 -1.86185e-14
0.137 3.14811e-13 -1.90916e-14
0.138 3.26203e-13 -1.98532e-14
0.139 3.38063e-13 -2.05261e-14
0.14 3.50285e-13 -2.12545e-14
0.141 3.63004e-13 -2.20667e-14
0.142 3.76117e-13 -2.29494e-14
0.143 3.89817e-13 -2.36272e-14
0.144 4.03847e-13 -2.47133e-14
0.145 4.18482e-13 -2.55455e-14
0.146 4.33622e-13 -2.63543e-14
0.147 4.49239e-13 -2.74051e-14
0.148 4.65522e-13 -2.81128e-14
0.149 4.82265e-13 -2.92713e-14
0.15 4.99634e-13 -3.01891e-14
0.151 5.17663e-13 -3.1184e-14
0.152 5.36267e-13 -3.24595e-14
0.153 5.55581e-13 -3.3599e-14
0.154 5.75573e-13 -3.48039e-14
0.155 5.9622e-13 -3.62027e-14
0.156 6.17661e-13 -3.75484e-14
0.157 6.39832e-13 -3.88544e-14
0.158 6.62805e-13 -4.02884e-14
0.159 6.86589e-13 -4.15708e-14
0.16 7.11197e-13 -4.3097e-14
0.161 7.36668e-13 -4.45093e-14
0.162 7.63057e-13 -4.61276e-14
0.163 7.90375e-13 -4.76789e-14
0.164 8.18604e-13 -4.94514e-14
0.165 8.47845e-13 -5.11676e-14
0.166 8.78143e-13 -5.30872e-14
0.167 9.09501e-13 -5.49561e-14
0.168 9.41894e-13 -5.69542e-14
0.169 9.75501e-13 -5.89631e-14
0.17 1.01026e-12 -6.09509e-14
0.171 1.0462e-12 -6.31591e-14
0.172 1.08347e-12 -6.51274e-14
0.173 1.12202e-12 -6.74042e-14
0.174 1.16189e-12 -6.96744e-14
0.175 1.20315e-12 -7.21182e-14
0.176 1.24592e-12 -7.46203e-14
0.177 1.29009e-12 -7.73504e-14
0.178 1.33589e-12 -8.008e-14
0.179 1.3832e-12 -8.3124e-14
0.18 1.43221e-12 -8.61758e-14
0.181 1.48288e-12 -8.92218e-14
0.182 1.53533e-12 -9.24858e-14
0.183 1.58956e-12 -9.57276e-14
0.184 1.64578e-12 -9.89281e-14
0.185 1.70387e-12 -1.02386e-13
0.186 1.76401e-12 -1.05667e-13
0.187 1.82627e-12 -1.09311e-13
0.188 1.89063e-12 -1.1295e-13
0.189 1.95725e-12 -1.16887e-13
0.19 2.02617e-12 -1.20877e-13
0.191 2.09747e-12 -1.25245e-13
0.192 2.17123e-12 -1.29732e-13
0.193 2.24751e-12 -1.34456e-13
0.194 2.32648e-12 -1.39233e-13
0.195 2.4081e-12 -1.44279e-13
0.196 2.49255e-12 -1.49336e-13
0.197 2.57992e-12 -1.54552e-13
0.198 2.67031e-12 -1.59807e-13
0.199 2.7638e-12 -1.65173e-13
0.2 2.86048e-12 -1.70745e-13
0.201 2.96058e-12 -1.76499e-13
0.202 3.0641e-12 -1.82378e-13
0.203 3.17114e-12 -1.88709e-13
0.204 3.2819e-12 -1.95131e-13
0.205 3.39646e-12 -2.01999e-13
0.206 3.51491e-12 -2.09012e-13
0.207 3.6374e-12 -2.1642e-13
0.208 3.76412e-12 -2.24062e-13
0.209 3.89513e-12 -2.31851e-13
0.21 4.03055e-12 -2.39903e-13
0.211 4.17068e-12 -2.48191e-13
0.212 4.31555e-12 -2.56652e-13
0.213 4.46534e-12 -2.65513e-13
0.214 4.62028e-12 -2.74423e-13
0.215 4.78049e-12 -2.83806e-13
0.216 4.94615e-12 -2.93495e-13
0.217 5.11749e-12 -3.03488e-13
0.218 5.29462e-12 -3.13881e-13
0.219 5.47783e-12 -3.24651e-13
0.22 5.66724e-12 -3.35823e-13
0.221 5.86317e-12 -3.47267e-13
0.222 6.06553e-12 -3.5914e-13
0.223 6.2749e-12 -3.71401e-13
0.224 6.49158e-12 -3.84046e-13
0.225 6.71513e-12 -3.97168e-13
0.226 6.94645e-12 -4.10563e-13
0.227 7.18569e-12 -4.24663e-13
0.228 7.43289e-12 -4.39054e-13
0.229 7.68835e-12 -4.54093e-13
0.23 7.9526e-12 -4.69605e-13
0.231 8.22563e-12 -4.85688e-13
0.232 8.50791e-12 -5.02307e-13
0.233 8.79972e-12 -5.19409e-13
0.234 9.10129e-12 -5.37021e-13
0.235 9.41323e-12 -5.55186e-13
0.236 9.73542e-12 -5.73922e-13
0.237 1.00687e-11 -5.93214e-13
0.238 1.04128e-11 -6.13154e-13
0.239 1.07687e-11 -6.33771e-13
0.24 1.11365e-11 -6.5514e-13
0.241 1.15167e-11 -6.77131e-13
0.242 1.19094e-11 -6.99995e-13
0.243 1.23155e-11 -7.23631e-13
0.244 1.27351e-11 -7.47967e-13
0.245 1.31686e-11 -7.73269e-13
0.246 1.36168e-11 -7.99256e-13
0.247 1.40797e-11 -8.2628e-13
0.248 1.45582e-11 -8.54067e-13
0.249 1.50527e-11 -8.82761e-13
0.25 1.55636e-11 -9.12598e-13
0.251 1.60915e-11 -9.43193e-13
0.252 1.6637e-11 -9.74817e-13
0.253 1.72007e-11 -1.00748e-12
0.254 1.77829e-11 -1.04118e-12
0.255 1.83848e-11 -1.07605e-12
0.256 1.90062e-11 -1.11195e-12
0.257 1.96487e-11 -1.14893e-12
0.258 2.03122e-11 -1.18728e-12
0.259 2.09979e-11 -1.2268e-12
0.26 2.17061e-11 -1.26777e-12
0.261 2.24377e-11 -1.30996e-12
0.262 2.31937e-11 -1.35371e-12
0.263 2.39744e-11 -1.39876e-12
0.264 2.47812e-11 -1.44528e-12
0.265 2.56145e-11 -1.49341e-12
0.266 2.64753e-11 -1.54302e-12
0.267 2.73643e-11 -1.59436e-12
0.268 2.82827e-11 -1.64713e-12
0.269 2.92313e-11 -1.70184e-12
0.27 3.02112e-11 -1.7582e-12
0.271 3.12232e-11 -1.81635e-12
0.272 3.22683e-11 -1.87659e-12
0.273 3.3348e-11 -1.93849e-12
0.274 3.44629e-11 -2.00249e-12
0.275 3.56145e-11 -2.06874e-12
0.276 3.68035e-11 -2.13699e-12
0.277 3.80318e-11 -2.20742e-12
0.278 3.93001e-11 -2.28041e-12
0.279 4.06099e-11 -2.35554e-12
0.28 4.19625e-11 -2.43337e-12
0.281 4.33591e-11 -2.51375e-12
0.282 4.48013e-11 -2.59654e-12
0.283 4.62907e-11 -2.6821e-12
0.284 4.78284e-11 -2.77031e-12
0.285 4.94164e-11 -2.8612e-12
0.286 5.1056e-11 -2.95497e-12
0.287 5.27488e-11 -3.05164e-12
0.288 5.44969e-11 -3.1514e-12
0.289 5.63021e-11 -3.25437e-12
0.29 5.8165e-11 -3.36067e-12
0.291 6.00877e-11 -3.4705e-12
0.292 6.20747e-11 -3.58373e-12
0.293 6.41241e-11 -3.70081e-12
0.294 6.62427e-11 -3.82175e-12
0.295 6.84271e-11 -3.94648e-12
0.296 7.0684e-11 -4.07526e-12
0.297 7.30116e-11 -4.20793e-12
0.298 7.54151e-11 -4.34476e-12
0.299 7.78981e-11 -4.48599e-12
0.3 8.04585e-11 -4.63161e-12
0.301 8.31032e-11 -4.78201e-12
0.302 8.58342e-11 -4.93704e-12
0.303 8.86492e-11 -5.09735e-12
0.304 9.15568e-11 -5.26246e-12
0.305 9.45592e-11 -5.43284e-12
0.306 9.7654e-11 -5.60882e-12
0.307 1.00854e-10 -5.79016e-12
0.308 1.04151e-10 -5.97732e-12
0.309 1.07558e-10 -6.17047e-12
0.31 1.11071e-10 -6.3696e-12
0.311 1.14697e-10 -6.57498e-12
0.312 1.18441e-10 -6.78707e-12
0.313 1.22302e-10 -7.00579e-12
0.314 1.26289e-10 -7.2314e-12
0.315 1.304e-10 -7.46413e-12
0.316 1.34645e-10 -7.70428e-12
0.317 1.39025e-10 -7.95195e-12
0.318 1.43542e-10 -8.20734e-12
0.319 1.48203e-10 -8.4705e-12
0.32 1.53016e-10 -8.74193e-12
0.321 1.57979e-10 -9.02209e-12
0.322 1.63102e-10 -9.31095e-12
0.323 1.68384e-10 -9.60888e-12
0.324 1.73837e-10 -9.91613e-12
0.325 1.79462e-10 -1.02331e-11
0.326 1.85263e-10 -1.05599e-11
0.327 1.9125e-10 -1.08969e-11
0.328 1.97427e-10 -1.12445e-11
0.329 2.03797e-10 -1.16029e-11
0.33 2.10369e-10 -1.19724e-11
0.331 2.17149e-10 -1.23534e-11
0.332 2.24142e-10 -1.27464e-11
0.333 2.31357e-10 -1.31516e-11
0.334 2.38798e-10 -1.35695e-11
0.335 2.46473e-10 -1.40003e-11
0.336 2.54391e-10 -1.44445e-11
0.337 2.62557e-10 -1.49026e-11
0.338 2.7098e-10 -1.53747e-11
0.339 2.79667e-10 -1.58612e-11
0.34 2.88626e-10 -1.63628e-11
0.341 2.97867e-10 -1.68798e-11
0.342 3.07398e-10 -1.7413e-11
0.343 3.17227e-10 -1.79627e-11
0.344 3.27361e-10 -1.85294e-11
0.345 3.37817e-10 -1.91135e-11
0.346 3.48596e-10 -1.9716e-11
0.347 3.59712e-10 -2.0337e-11
0.348 3.71175e-10 -2.0977e-11
0.349 3.82996e-10 -2.16367e-11
0.35 3.95185e-10 -2.23164e-11
0.351 4.07754e-10 -2.30172e-11
0.352 4.20713e-10 -2.37392e-11
0.353 4.34077e-10 -2.44833e-11
0.354 4.47854e-10 -2.52505e-11
0.355 4.6206e-10 -2.60411e-11
0.356 4.76705e-10 -2.6856e-11
0.357 4.91808e-10 -2.76959e-11
0.358 5.07376e-10 -2.85613e-11
0.359 5.23426e-10 -2.94535e-11
0.36 5.39969e-10 -3.03724e-11
0.361 5.57033e-10 -3.1319e-11
0.362 5.74626e-10 -3.22954e-11
0.363 5.92739e-10 -3.3301e-11
0.364 6.11443e-10 -3.43368e-11
0.365 6.30703e-10 -3.54047e-11
0.366 6.50568e-10 -3.65053e-11
0.367 6.71021e-10 -3.76387e-11
0.368 6.92132e-10 -3.88061e-11
0.369 7.13883e-10 -4.00097e-11
0.37 7.36289e-10 -4.12497e-11
0.371 7.59403e-10 -4.25269e-11
0.372 7.83225e-10 -4.38432e-11
0.373 8.07751e-10 -4.51994e-11
0.374 8.33071e-10 -4.65958e-11
0.375 8.59131e-10 -4.80352e-11
0.376 8.85997e-10 -4.95176e-11
0.377 9.13689e-10 -5.10442e-11
0.378 9.42222e-10 -5.26169e-11
0.379 9.7163e-10 -5.42371e-11
0.38 1.00193e-09 -5.59057e-11
0.381 1.03317e-09 -5.7625e-11
0.382 1.06536e-09 -5.93965e-11
0.383 1.0985e-09 -6.12206e-11
0.384 1.13267e-09 -6.30982e-11
0.385 1.16789e-09 -6.50324e-11
0.386 1.20416e-09 -6.70253e-11
0.387 1.24154e-09 -6.90782e-11
0.388 1.28005e-09 -7.11924e-11
0.389 1.31974e-09 -7.337e-11
0.39 1.36061e-09 -7.56122e-11
0.391 1.40274e-09 -7.79205e-11
0.392 1.44613e-09 -8.02976e-11
0.393 1.49085e-09 -8.2746e-11
0.394 1.53689e-09 -8.52674e-11
0.395 1.58434e-09 -8.78631e-11
0.396 1.63321e-09 -9.05355e-11
0.397 1.68358e-09 -9.32882e-11
0.398 1.73543e-09 -9.61236e-11
0.399 1.78886e-09 -9.90421e-11
0.4 1.84391e-09 -1.02047e-10
0.401 1.90059e-09 -1.05142e-10
0.402 1.95898e-09 -1.08327e-10
0.403 2.01912e-09 -1.11606e-10
0.404 2.08108e-09 -1.14982e-10
0.405 2.14489e-09 -1.18459e-10
0.406 2.2106e-09 -1.22037e-10
0.407 2.27827e-09 -1.25721e-10
0.408 2.34798e-09 -1.29512e-10
0.409 2.41978e-09 -1.33417e-10
0.41 2.49371e-09 -1.37436e-10
0.411 2.56984e-09 -1.41574e-10
0.412 2.64826e-09 -1.45833e-10
0.413 2.729e-09 -1.50217e-10
0.414 2.81216e-09 -1.54729e-10
0.415 2.89776e-09 -1.59373e-10
0.416 2.98595e-09 -1.64152e-10
0.417 3.07672e-09 -1.69072e-10
0.418 3.17022e-09 -1.74135e-10
0.419 3.26646e-09 -1.79347e-10
0.42 3.36557e-09 -1.84711e-10
0.421 3.46763e-09 -1.90231e-10
0.422 3.57268e-09 -1.95913e-10
0.423 3.68087e-09 -2.01759e-10
0.424 3.79223e-09 -2.07776e-10
0.425 3.90688e-09 -2.13967e-10
0.426 4.02493e-09 -2.20337e-10
0.427 4.14645e-09 -2.26893e-10
0.428 4.27156e-09 -2.33639e-10
0.429 4.40034e-09 -2.40581e-10
0.43 4.53293e-09 -2.47724e-10
0.431 4.66941e-09 -2.55074e-10
0.432 4.80988e-09 -2.62636e-10
0.433 4.9545e-09 -2.70417e-10
0.434 5.10329e-09 -2.7842e-10
0.435 5.25662e-09 -2.86656e-10
0.436 5.41437e-09 -2.95136e-10
0.437 5.57647e-09 -3.03855e-10
0.438 5.74362e-09 -3.12813e-10
0.439 5.91566e-09 -3.22037e-10
0.44 6.09255e-09 -3.31533e-10
0.441 6.27483e-09 -3.41301e-10
0.442 6.46214e-09 -3.51348e-10
0.443 6.65516e-09 -3.6168e-10
0.444 6.85356e-09 -3.72306e-10
0.445 7.05801e-09 -3.83237e-10
0.446 7.26816e-09 -3.94483e-10
0.447 7.48453e-09 -4.06049e-10
0.448 7.7073e-09 -4.17947e-10
0.449 7.93626e-09 -4.30188e-10
0.45 8.17193e-09 -4.42767e-10
0.451 8.41468e-09 -4.55706e-10
0.452 8.66414e-09 -4.69022e-10
0.453 8.92098e-09 -4.82713e-10
0.454 9.1854e-09 -4.96797e-10
0.455 9.45701e-09 -5.11283e-10
0.456 9.73686e-09 -5.2617e-10
0.457 1.00246e-08 -5.41482e-10
0.458 1.03206e-08 -5.57228e-10
0.459 1.06253e-08 -5.73417e-10
0.46 1.09387e-08 -5.90074e-10
0.461 1.12609e-08 -6.072e-10
0.462 1.15926e-08 -6.24798e-10
0.463 1.19337e-08 -6.42899e-10
0.464 1.22848e-08 -6.61519e-10
0.465 1.26455e-08 -6.80658e-10
0.466 1.30171e-08 -7.0033e-10
0.467 1.33988e-08 -7.20558e-10
0.468 1.37918e-08 -7.41353e-10
0.469 1.41959e-08 -7.62737e-10
0.47 1.46116e-08 -7.84724e-10
0.471 1.50392e-08 -8.07329e-10
0.472 1.54788e-08 -8.30569e-10
0.473 1.59309e-08 -8.5445e-10
0.474 1.63961e-08 -8.78994e-10
0.475 1.68743e-08 -9.04229e-10
0.476 1.73662e-08 -9.3017e-10
0.477 1.78722e-08 -9.56833e-10
0.478 1.83926e-08 -9.84252e-10
0.479 1.89274e-08 -1.01244e-09
0.48 1.94774e-08 -1.04139e-09
0.481 2.00433e-08 -1.07115e-09
0.482 2.06249e-08 -1.10174e-09
0.483 2.12232e-08 -1.13318e-09
0.484 2.18382e-08 -1.1655e-09
0.485 2.24707e-08 -1.19871e-09
0.486 2.31211e-08 -1.23284e-09
0.487 2.37895e-08 -1.26793e-09
0.488 2.4477e-08 -1.30397e-09
0.489 2.51838e-08 -1.341e-09
0.49 2.59103e-08 -1.37907e-09
0.491 2.66574e-08 -1.41818e-09
0.492 2.74256e-08 -1.45838e-09
0.493 2.82149e-08 -1.49969e-09
0.494 2.90269e-08 -1.54212e-09
0.495 2.98611e-08 -1.58573e-09
0.496 3.07189e-08 -1.63053e-09
0.497 3.16008e-08 -1.67657e-09
0.498 3.25072e-08 -1.72387e-09
0.499 3.34387e-08 -1.77246e-09
0.5 3.43966e-08 -1.82238e-09
0.501 3.53809e-08 -1.87368e-09
0.502 3.63928e-08 -1.92638e-09
0.503 3.74327e-08 -1.98051e-09
0.504 3.85017e-08 -2.03613e-09
0.505 3.96003e-08 -2.09326e-09
0.506 4.07293e-08 -2.15195e-09
0.507 4.18899e-08 -2.21224e-09
0.508 4.30824e-08 -2.27417e-09
0.509 4.4308e-08 -2.33778e-09
0.51 4.55677e-08 -2.40311e-09
0.511 4.68621e-08 -2.47023e-09
0.512 4.81914e-08 -2.53914e-09
0.513 4.95598e-08 -2.60993e-09
0.514 5.09644e-08 -2.68272e-09
0.515 5.24056e-08 -2.7574e-09
0.516 5.38907e-08 -2.83403e-09
0.517 5.54143e-08 -2.91283e-09
0.518 5.69796e-08 -2.99377e-09
0.519 5.85886e-08 -3.07683e-09
0.52 6.0243e-08 -3.16218e-09
0.521 6.19409e-08 -3.24988e-09
0.522 6.36855e-08 -3.33987e-09
0.523 6.54771e-08 -3.43219e-09
0.524 6.73208e-08 -3.52702e-09
0.525 6.92114e-08 -3.62446e-09
0.526 7.11554e-08 -3.72446e-09
0.527 7.31533e-08 -3.82715e-09
0.528 7.52048e-08 -3.93267e-09
0.529 7.73132e-08 -4.04103e-09
0.53 7.94768e-08 -4.15225e-09
0.531 8.16989e-08 -4.26631e-09
0.532 8.3985e-08 -4.38339e-09
0.533 8.63314e-08 -4.50374e-09
0.534 8.87414e-08 -4.62734e-09
0.535 9.12166e-08 -4.75416e-09
0.536 9.37589e-08 -4.88431e-09
0.537 9.63716e-08 -5.01796e-09
0.538 9.9053e-08 -5.1552e-09
0.539 1.01806e-07 -5.29598e-09
0.54 1.04637e-07 -5.44045e-09
0.541 1.07541e-07 -5.58881e-09
0.542 1.10525e-07 -5.74108e-09
0.543 1.1359e-07 -5.89743e-09
0.544 1.16737e-07 -6.05797e-09
0.545 1.19968e-07 -6.2227e-09
0.546 1.23285e-07 -6.39166e-09
0.547 1.26694e-07 -6.56508e-09
0.548 1.30192e-07 -6.74312e-09
0.549 1.33785e-07 -6.92583e-09
0.55 1.37474e-07 -7.11333e-09
0.551 1.41263e-07 -7.30579e-09
0.552 1.45151e-07 -7.50332e-09
0.553 1.49144e-07 -7.70595e-09
0.554 1.53245e-07 -7.9139e-09
0.555 1.57454e-07 -8.12736e-09
0.556 1.61774e-07 -8.34633e-09
0.557 1.66212e-07 -8.57097e-09
0.558 1.70768e-07 -8.80158e-09
0.559 1.75441e-07 -9.03814e-09
0.56 1.80244e-07 -9.28082e-09
0.561 1.85171e-07 -9.52991e-09
0.562 1.90228e-07 -9.78541e-09
0.563 1.95423e-07 -1.00475e-08
0.564 2.00753e-07 -1.03165e-08
0.565 2.06224e-07 -1.05925e-08
0.566 2.1184e-07 -1.08755e-08
0.567 2.17603e-07 -1.11659e-08
0.568 2.23521e-07 -1.14637e-08
0.569 2.29594e-07 -1.17694e-08
0.57 2.35826e-07 -1.20829e-08
0.571 2.42224e-07 -1.24045e-08
0.572 2.48789e-07 -1.27344e-08
0.573 2.55529e-07 -1.30728e-08
0.574 2.62442e-07 -1.34198e-08
0.575 2.69539e-07 -1.37757e-08
0.576 2.76822e-07 -1.41408e-08
0.577 2.84296e-07 -1.45153e-08
0.578 2.91965e-07 -1.48995e-08
0.579 2.99833e-07 -1.52933e-08
0.58 3.07911e-07 -1.56973e-08
0.581 3.16196e-07 -1.61117e-08
0.582 3.247e-07 -1.65366e-08
0.583 3.33424e-07 -1.69723e-08
0.584 3.42376e-07 -1.74192e-08
0.585 3.51561e-07 -1.78774e-08
0.586 3.60984e-07 -1.83473e-08
0.587 3.70654e-07 -1.88291e-08
0.588 3.80573e-07 -1.93233e-08
0.589 3.9075e-07 -1.98299e-08
0.59 4.01191e-07 -2.03494e-08
0.591 4.11903e-07 -2.08821e-08
0.592 4.22889e-07 -2.14282e-08
0.593 4.34163e-07 -2.1988e-08
0.594 4.45726e-07 -2.25621e-08
0.595 4.57592e-07 -2.31508e-08
0.596 4.69746e-07 -2.37541e-08
0.597 4.82252e-07 -2.43727e-08
0.598 4.95041e-07 -2.50075e-08
0.599 5.08162e-07 -2.56574e-08
0.6 5.21636e-07 -2.63228e-08
0.601 5.35463e-07 -2.7006e-08
0.602 5.49622e-07 -2.7707e-08
0.603 5.64167e-07 -2.84251e-08
0.604 5.79062e-07 -2.91611e-08
0.605 5.94358e-07 -2.99155e-08
0.606 6.10022e-07 -3.06885e-08
0.607 6.26122e-07 -3.1481e-08
0.608 6.42587e-07 -3.22934e-08
0.609 6.59504e-07 -3.31254e-08
0.61 6.7684e-07 -3.39782e-08
0.611 6.94628e-07 -3.48527e-08
0.612 7.12866e-07 -3.57494e-08
0.613 7.31555e-07 -3.66682e-08
0.614 7.5071e-07 -3.76086e-08
0.615 7.70387e-07 -3.85723e-08
0.616 7.90548e-07 -3.95614e-08
0.617 8.11209e-07 -4.05752e-08
0.618 8.32386e-07 -4.16128e-08
0.619 8.54117e-07 -4.26755e-08
0.62 8.764e-07 -4.37654e-08
0.621 8.99215e-07 -4.48822e-08
0.622 9.22633e-07 -4.60256e-08
0.623 9.46655e-07 -4.71981e-08
0.624 9.71241e-07 -4.84002e-08
0.625 9.96462e-07 -4.96304e-08
0.626 1.02232e-06 -5.08903e-08
0.627 1.04883e-06 -5.21817e-08
0.628 1.07601e-06 -5.35053e-08
0.629 1.10385e-06 -5.48613e-08
0.63 1.13241e-06 -5.62504e-08
0.631 1.16166e-06 -5.76734e-08
0.632 1.19166e-06 -5.91304e-08
0.633 1.22241e-06 -6.06232e-08
0.634 1.25391e-06 -6.21529e-08
0.635 1.2862e-06 -6.37189e-08
0.636 1.31931e-06 -6.53226e-08
0.637 1.35323e-06 -6.6966e-08
0.638 1.38801e-06 -6.865e-08
0.639 1.42363e-06 -7.03749e-08
0.64 1.46015e-06 -7.2141e-08
0.641 1.49756e-06 -7.39493e-08
0.642 1.53591e-06 -7.58011e-08
0.643 1.57521e-06 -7.76981e-08
0.644 1.61546e-06 -7.96409e-08
0.645 1.65673e-06 -8.163e-08
0.646 1.69902e-06 -8.36679e-08
0.647 1.74233e-06 -8.5755e-08
0.648 1.78672e-06 -8.78912e-08
0.649 1.83221e-06 -9.00791e-08
0.65 1.87879e-06 -9.23197e-08
0.651 1.92655e-06 -9.46134e-08
0.652 1.97547e-06 -9.69629e-08
0.653 2.02557e-06 -9.93682e-08
0.654 2.07692e-06 -1.0183e-07
0.655 2.12953e-06 -1.04351e-07
0.656 2.18342e-06 -1.06933e-07
0.657 2.23862e-06 -1.09577e-07
0.658 2.29517e-06 -1.12282e-07
0.659 2.35309e-06 -1.15052e-07
0.66 2.41246e-06 -1.17888e-07
0.661 2.47322e-06 -1.20791e-07
0.662 2.5355e-06 -1.23763e-07
0.663 2.59929e-06 -1.26806e-07
0.664 2.66459e-06 -1.29921e-07
0.665 2.73153e-06 -1.33108e-07
0.666 2.80005e-06 -1.36372e-07
0.667 2.87024e-06 -1.39712e-07
0.668 2.94213e-06 -1.4313e-07
0.669 3.01578e-06 -1.4663e-07
0.67 3.09118e-06 -1.50213e-07
0.671 3.16839e-06 -1.53879e-07
0.672 3.24749e-06 -1.5763e-07
0.673 3.32847e-06 -1.61469e-07
0.674 3.41142e-06 -1.654e-07
0.675 3.49634e-06 -1.69422e-07
0.676 3.58333e-06 -1.73538e-07
0.677 3.67237e-06 -1.7775e-07
0.678 3.76358e-06 -1.8206e-07
0.679 3.85693e-06 -1.8647e-07
0.68 3.95256e-06 -1.90984e-07
0.681 4.05046e-06 -1.95603e-07
0.682 4.15068e-06 -2.00329e-07
0.683 4.25335e-06 -2.05166e-07
0.684 4.35836e-06 -2.10114e-07
0.685 4.46587e-06 -2.15172e-07
0.686 4.57605e-06 -2.20347e-07
0.687 4.68892e-06 -2.2565e-07
0.688 4.80427e-06 -2.3108e-07
0.689 4.92226e-06 -2.36622e-07
0.69 5.04346e-06 -2.42291e-07
0.691 5.16715e-06 -2.481e-07
0.692 5.294e-06 -2.54042e-07
0.693 5.42369e-06 -2.60118e-07
0.694 5.55654e-06 -2.66333e-07
0.695 5.69239e-06 -2.72688e-07
0.696 5.83158e-06 -2.79186e-07
0.697 5.97393e-06 -2.85834e-07
0.698 6.11979e-06 -2.92636e-07
0.699 6.26916e-06 -2.99604e-07
0.7 6.42167e-06 -3.06733e-07
0.701 6.57802e-06 -3.14011e-07
0.702 6.73787e-06 -3.21451e-07
0.703 6.90155e-06 -3.2906e-07
0.704 7.06925e-06 -3.3685e-07
0.705 7.24042e-06 -3.44819e-07
0.706 7.41611e-06 -3.52964e-07
0.707 7.59545e-06 -3.61297e-07
0.708 7.77912e-06 -3.69813e-07
0.709 7.96731e-06 -3.78523e-07
0.71 8.15949e-06 -3.87438e-07
0.711 8.35631e-06 -3.96545e-07
0.712 8.55783e-06 -4.05859e-07
0.713 8.76365e-06 -4.15385e-07
0.714 8.97465e-06 -4.2512e-07
0.715 9.19033e-06 -4.35079e-07
0.716 9.41098e-06 -4.45264e-07
0.717 9.6368e-06 -4.55672e-07
0.718 9.86779e-06 -4.66315e-07
0.719 1.01041e-05 -4.77197e-07
0.72 1.03457e-05 -4.88317e-07
0.721 1.05932e-05 -4.99685e-07
0.722 1.08462e-05 -5.11315e-07
0.723 1.1105e-05 -5.23204e-07
0.724 1.13698e-05 -5.35354e-07
0.725 1.16404e-05 -5.47769e-07
0.726 1.19177e-05 -5.6046e-07
0.727 1.22008e-05 -5.7344e-07
0.728 1.24907e-05 -5.86702e-07
0.729 1.27871e-05 -6.00259e-07
0.73 1.30904e-05 -6.14122e-07
0.731 1.34005e-05 -6.28291e-07
0.732 1.37175e-05 -6.42767e-07
0.733 1.40419e-05 -6.57556e-07
0.734 1.43738e-05 -6.7268e-07
0.735 1.47129e-05 -6.88139e-07
0.736 1.50599e-05 -7.03928e-07
0.737 1.54147e-05 -7.20067e-07
0.738 1.57774e-05 -7.36562e-07
0.739 1.61486e-05 -7.53414e-07
0.74 1.65279e-05 -7.70639e-07
0.741 1.69159e-05 -7.8824e-07
0.742 1.73127e-05 -8.06227e-07
0.743 1.77183e-05 -8.24612e-07
0.744 1.81329e-05 -8.43388e-07
0.745 1.85571e-05 -8.62569e-07
0.746 1.89905e-05 -8.82173e-07
0.747 1.94339e-05 -9.02199e-07
0.748 1.98871e-05 -9.2266e-07
0.749 2.03505e-05 -9.43567e-07
0.75 2.08243e-05 -9.64928e-07
0.751 2.13084e-05 -9.86752e-07
0.752 2.18036e-05 -1.00904e-06
0.753 2.23098e-05 -1.03181e-06
0.754 2.28271e-05 -1.05508e-06
0.755 2.3356e-05 -1.07884e-06
0.756 2.38967e-05 -1.10311e-06
0.757 2.44494e-05 -1.12791e-06
0.758 2.50142e-05 -1.15324e-06
0.759 2.55917e-05 -1.17911e-06
0.76 2.61819e-05 -1.20554e-06
0.761 2.6785e-05 -1.23254e-06
0.762 2.74015e-05 -1.26009e-06
0.763 2.80317e-05 -1.28824e-06
0.764 2.86757e-05 -1.317e-06
0.765 2.9334e-05 -1.34637e-06
0.766 3.00066e-05 -1.37636e-06
0.767 3.06941e-05 -1.40699e-06
0.768 3.13965e-05 -1.43826e-06
0.769 3.21146e-05 -1.4702e-06
0.77 3.28481e-05 -1.50282e-06
0.771 3.35978e-05 -1.53612e-06
0.772 3.4364e-05 -1.57012e-06
0.773 3.51468e-05 -1.60486e-06
0.774 3.59466e-05 -1.64032e-06
0.775 3.67638e-05 -1.67652e-06
0.776 3.75989e-05 -1.71348e-06
0.777 3.84528e-05 -1.75124e-06
0.778 3.93237e-05 -1.7898e-06
0.779 4.02141e-05 -1.8291e-06
0.78 4.11246e-05 -1.86922e-06
0.781 4.20533e-05 -1.91022e-06
0.782 4.30055e-05 -1.95211e-06
0.783 4.39741e-05 -1.99492e-06
0.784 4.49641e-05 -2.0385e-06
0.785 4.59777e-05 -2.08291e-06
0.786 4.70129e-05 -2.12839e-06
0.787 4.80697e-05 -2.17489e-06
0.788 4.91479e-05 -2.22228e-06
0.789 5.02511e-05 -2.27058e-06
0.79 5.13777e-05 -2.31993e-06
0.791 5.25256e-05 -2.37027e-06
0.792 5.37037e-05 -2.42163e-06
0.793 5.49017e-05 -2.47415e-06
0.794 5.61277e-05 -2.52769e-06
0.795 5.73788e-05 -2.58227e-06
0.796 5.86582e-05 -2.63802e-06
0.797 5.99642e-05 -2.69498e-06
0.798 6.12965e-05 -2.75309e-06
0.799 6.26589e-05 -2.81233e-06
0.8 6.40477e-05 -2.87276e-06
0.801 6.547e-05 -2.93444e-06
0.802 6.69188e-05 -2.99744e-06
0.803 6.84007e-05 -3.06173e-06
0.804 6.99108e-05 -3.12726e-06
0.805 7.14558e-05 -3.1941e-06
0.806 7.30325e-05 -3.26235e-06
0.807 7.46424e-05 -3.33203e-06
0.808 7.62853e-05 -3.40309e-06
0.809 7.7965e-05 -3.47559e-06
0.81 7.9676e-05 -3.54955e-06
0.811 8.14269e-05 -3.62495e-06
0.812 8.3211e-05 -3.70188e-06
0.813 8.5035e-05 -3.78035e-06
0.814 8.68973e-05 -3.86046e-06
0.815 8.87959e-05 -3.9422e-06
0.816 9.0736e-05 -4.0255e-06
0.817 9.27161e-05 -4.11046e-06
0.818 9.47376e-05 -4.19718e-06
0.819 9.68006e-05 -4.28562e-06
0.82 9.89068e-05 -4.37581e-06
0.821 0.000101058 -4.46784e-06
0.822 0.00010325 -4.5617e-06
0.823 0.000105491 -4.65734e-06
0.824 0.000107776 -4.7549e-06
0.825 0.00011011 -4.85442e-06
0.826 0.000112491 -4.95594e-06
0.827 0.000114921 -5.05948e-06
0.828 0.000117402 -5.16506e-06
0.829 0.000119933 -5.27273e-06
0.83 0.000122516 -5.38249e-06
0.831 0.000125153 -5.49437e-06
0.832 0.000127841 -5.60846e-06
0.833 0.000130588 -5.72479e-06
0.834 0.00013339 -5.84348e-06
0.835 0.000136247 -5.96451e-06
0.836 0.000139165 -6.08784e-06
0.837 0.00014214 -6.2136e-06
0.838 0.000145177 -6.3418e-06
0.839 0.000148276 -6.47249e-06
0.84 0.000151435 -6.60568e-06
0.841 0.000154663 -6.74147e-06
0.842 0.000157954 -6.88005e-06
0.843 0.000161309 -7.02126e-06
0.844 0.000164736 -7.1651e-06
0.845 0.000168231 -7.31182e-06
0.846 0.000171793 -7.46138e-06
0.847 0.00017543 -7.6137e-06
0.848 0.000179141 -7.76903e-06
0.849 0.000182924 -7.92741e-06
0.85 0.000186785 -8.0888e-06
0.851 0.000190723 -8.25333e-06
0.852 0.000194738 -8.42098e-06
0.853 0.000198834 -8.59176e-06
0.854 0.000203012 -8.7658e-06
0.855 0.000207274 -8.9432e-06
0.856 0.000211621 -9.12404e-06
0.857 0.000216054 -9.30836e-06
0.858 0.000220575 -9.49614e-06
0.859 0.000225187 -9.68749e-06
0.86 0.000229889 -9.88249e-06
0.861 0.000234685 -1.00811e-05
0.862 0.000239575 -1.02836e-05
0.863 0.000244562 -1.04898e-05
0.864 0.000249648 -1.06999e-05
0.865 0.000254834 -1.0914e-05
0.866 0.000260122 -1.11321e-05
0.867 0.000265514 -1.13543e-05
0.868 0.000271013 -1.15808e-05
0.869 0.000276618 -1.18115e-05
0.87 0.000282335 -1.20465e-05
0.871 0.000288162 -1.22859e-05
0.872 0.000294103 -1.25297e-05
0.873 0.000300162 -1.2778e-05
0.874 0.000306338 -1.30311e-05
0.875 0.000312633 -1.32888e-05
0.876 0.000319051 -1.35513e-05
0.877 0.000325597 -1.38186e-05
0.878 0.000332267 -1.40911e-05
0.879 0.000339066 -1.43685e-05
0.88 0.000346 -1.46509e-05
0.881 0.000353071 -1.49389e-05
0.882 0.00036026 -1.52319e-05
0.883 0.000367609 -1.55299e-05
0.884 0.000375091 -1.58337e-05
0.885 0.000382721 -1.61434e-05
0.886 0.000390483 -1.64585e-05
0.887 0.00039843 -1.67795e-05
0.888 0.000406491 -1.7107e-05
0.889 0.000414716 -1.74397e-05
0.89 0.000423109 -1.77779e-05
0.891 0.00043165 -1.81226e-05
0.892 0.000440356 -1.84734e-05
0.893 0.000449246 -1.88309e-05
0.894 0.000458283 -1.91954e-05
0.895 0.000467521 -1.95668e-05
0.896 0.000476889 -1.99446e-05
0.897 0.000486472 -2.03284e-05
0.898 0.000496223 -2.07193e-05
0.899 0.000506153 -2.11174e-05
0.9 0.000516284 -2.15225e-05
0.901 0.000526615 -2.19357e-05
0.902 0.000537108 -2.23564e-05
0.903 0.000547816 -2.27834e-05
0.904 0.000558725 -2.32178e-05
0.905 0.000569849 -2.36607e-05
0.906 0.000581171 -2.4112e-05
0.907 0.000592708 -2.45713e-05
0.908 0.000604442 -2.50378e-05
0.909 0.000616426 -2.55123e-05
0.91 0.000628626 -2.59963e-05
0.911 0.000641039 -2.64892e-05
0.912 0.000653701 -2.69902e-05
0.913 0.000666578 -2.75e-05
0.914 0.00067972 -2.80187e-05
0.915 0.000693077 -2.85467e-05
0.916 0.000706716 -2.9084e-05
0.917 0.000720568 -2.96308e-05
0.918 0.000734702 -3.01866e-05
0.919 0.000749102 -3.07526e-05
0.92 0.000763749 -3.13292e-05
0.921 0.000778659 -3.19148e-05
0.922 0.000793869 -3.251e-05
0.923 0.000809344 -3.31165e-05
0.924 0.000825098 -3.37335e-05
0.925 0.000841151 -3.43608e-05
0.926 0.000857502 -3.49996e-05
0.927 0.000874133 -3.56496e-05
0.928 0.000891096 -3.63106e-05
0.929 0.00090834 -3.69833e-05
0.93 0.000925895 -3.76667e-05
0.931 0.000943801 -3.83615e-05
0.932 0.000962004 -3.90692e-05
0.933 0.000980535 -3.97885e-05
0.934 0.000999433 -4.05199e-05
0.935 0.00101864 -4.12649e-05
0.936 0.0010382 -4.2022e-05
0.937 0.00105812 -4.27911e-05
0.938 0.00107841 -4.35741e-05
0.939 0.00109904 -4.43708e-05
0.94 0.00112007 -4.51809e-05
0.941 0.00114145 -4.60049e-05
0.942 0.00116322 -4.6842e-05
0.943 0.00118539 -4.76932e-05
0.944 0.00120794 -4.85592e-05
0.945 0.0012309 -4.94393e-05
0.946 0.00125428 -5.03345e-05
0.947 0.00127805 -5.12448e-05
0.948 0.00130227 -5.217e-05
0.949 0.00132692 -5.31115e-05
0.95 0.00135198 -5.40689e-05
0.951 0.00137748 -5.50408e-05
0.952 0.00140347 -5.60286e-05
0.953 0.0014299 -5.70346e-05
0.954 0.00145678 -5.80572e-05
0.955 0.00148415 -5.90955e-05
0.956 0.00151201 -6.01514e-05
0.957 0.00154032 -6.12247e-05
0.958 0.00156918 -6.23154e-05
0.959 0.00159851 -6.34249e-05
0.96 0.00162836 -6.45522e-05
0.961 0.00165874 -6.56977e-05
0.962 0.00168963 -6.68624e-05
0.963 0.00172107 -6.80454e-05
0.964 0.00175307 -6.9248e-05
0.965 0.00178561 -7.04712e-05
0.966 0.00181872 -7.17142e-05
0.967 0.00185238 -7.29764e-05
0.968 0.00188666 -7.42588e-05
0.969 0.0019215 -7.55625e-05
0.97 0.00195697 -7.68872e-05
0.971 0.00199303 -7.82335e-05
0.972 0.00202971 -7.96016e-05
0.973 0.00206703 -8.09915e-05
0.974 0.00210499 -8.2404e-05
0.975 0.00214358 -8.38385e-05
0.976 0.00218286 -8.52954e-05
0.977 0.0022228 -8.67768e-05
0.978 0.00226342 -8.82825e-05
0.979 0.00230471 -8.9811e-05
0.98 0.00234673 -9.13632e-05
0.981 0.00238946 -9.29408e-05
0.982 0.0024329 -9.45439e-05
0.983 0.0024771 -9.61719e-05
0.984 0.00252202 -9.7826e-05
0.985 0.00256771 -9.95056e-05
0.986 0.00261417 -0.000101211
0.987 0.00266142 -0.000102944
0.988 0.00270945 -0.000104704
0.989 0.00275828 -0.000106491
0.99 0.00280796 -0.000108306
0.991 0.00285845 -0.000110151
0.992 0.00290979 -0.000112024
0.993 0.00296198 -0.000113925
0.994 0.00301506 -0.000115857
0.995 0.00306899 -0.000117818
0.996 0.0031239 -0.000119811
0.997 0.0031796 -0.000121836
0.998 0.00323629 -0.000123889
0.999 0.00329379 -0.000125969
1 0.00335247 -0.000128081
1.001 0.00341196 -0.000130231
1.002 0.00347244 -0.000132414
1.003 0.00353409 -0.000134631
1.004 0.00359656 -0.000136887
1.005 0.00365999 -0.00013917
1.006 0.00372478 -0.000141486
1.007 0.0037902 -0.000143841
1.008 0.00385694 -0.000146223
1.009 0.00392486 -0.000148646
1.01 0.00399376 -0.000151115
1.011 0.00406381 -0.000153621
1.012 0.00413483 -0.000156155
1.013 0.00420719 -0.000158723
1.014 0.00428071 -0.000161333
1.015 0.00435537 -0.000163988
1.016 0.00443118 -0.000166679
1.017 0.00450832 -0.000169408
1.018 0.0045868 -0.000172185
1.019 0.00466623 -0.000175004
1.02 0.00474716 -0.000177857
1.021 0.00482924 -0.000180749
1.022 0.00491281 -0.000183686
1.023 0.00499753 -0.000186669
1.024 0.00508373 -0.000189694
1.025 0.00517126 -0.000192765
1.026 0.00526027 -0.000195885
1.027 0.0053506 -0.000199054
1.028 0.00544223 -0.000202261
1.029 0.00553552 -0.000205509
1.03 0.00563013 -0.000208807
1.031 0.00572639 -0.000212156
1.032 0.00582414 -0.000215559
1.033 0.00592318 -0.000219008
1.034 0.00602405 -0.000222498
1.035 0.00612659 -0.00022605
1.036 0.00623043 -0.000229659
1.037 0.00633589 -0.000233305
1.038 0.00644319 -0.000236995
1.039 0.00655214 -0.000240749
1.04 0.00666274 -0.000244562
1.041 0.00677497 -0.000248425
1.042 0.00688902 -0.000252338
1.043 0.00700489 -0.000256308
1.044 0.00712257 -0.000260343
1.045 0.00724189 -0.000264434
1.046 0.00736319 -0.000268576
1.047 0.0074863 -0.000272777
1.048 0.00761122 -0.000277035
1.049 0.00773811 -0.000281347
1.05 0.00786717 -0.000285726
1.051 0.00799785 -0.000290175
1.052 0.00813067 -0.000294676
1.053 0.00826547 -0.000299235
1.054 0.00840242 -0.000303861
1.055 0.00854134 -0.000308553
1.056 0.0086824 -0.000313309
1.057 0.00882579 -0.000318135
1.058 0.00897096 -0.00032303
1.059 0.0091186 -0.000327982
1.06 0.0092684 -0.000333005
1.061 0.00942032 -0.000338097
1.062 0.00957454 -0.000343249
1.063 0.00973143 -0.000348478
1.064 0.0098901 -0.000353786
1.065 0.0100516 -0.000359157
1.066 0.0102152 -0.000364599
1.067 0.0103815 -0.000370119
1.068 0.01055 -0.000375713
1.069 0.0107212 -0.000381383
1.07 0.0108949 -0.00038713
1.071 0.011071 -0.000392951
1.072 0.0112499 -0.000398847
1.073 0.0114313 -0.000404825
1.074 0.0116153 -0.000410878
1.075 0.0118023 -0.000417012
1.076 0.0119916 -0.000423229
1.077 0.0121842 -0.000429525
1.078 0.0123791 -0.000435908
1.079 0.0125771 -0.000442368
1.08 0.0127781 -0.000448917
1.081 0.0129817 -0.000455558
1.082 0.0131884 -0.000462277
1.083 0.0133981 -0.000469082
1.084 0.0136108 -0.000475976
1.085 0.0138268 -0.000482963
1.086 0.0140455 -0.000490043
1.087 0.0142675 -0.000497207
1.088 0.0144929 -0.000504464
1.089 0.0147212 -0.000511817
1.09 0.0149529 -0.000519258
1.091 0.015188 -0.000526795
1.092 0.0154265 -0.000534439
1.093 0.0156679 -0.000542175
1.094 0.0159133 -0.000549999
1.095 0.0161619 -0.000557928
1.096 0.016414 -0.000565958
1.097 0.0166698 -0.000574085
1.098 0.0169292 -0.000582323
1.099 0.017192 -0.000590662
1.1 0.0174586 -0.000599095
1.101 0.017729 -0.000607632
1.102 0.0180032 -0.000616282
1.103 0.0182812 -0.000625042
1.104 0.0185629 -0.000633904
1.105 0.0188488 -0.000642873
1.106 0.0191386 -0.000651961
1.107 0.0194322 -0.000661162
1.108 0.0197301 -0.000670465
1.109 0.020032 -0.000679885
1.11 0.020338 -0.000689422
1.111 0.0206483 -0.000699068
1.112 0.0209628 -0.000708833
1.113 0.0212817 -0.00071872
1.114 0.0216049 -0.000728727
1.115 0.0219326 -0.000738855
1.116 0.0222646 -0.000749103
1.117 0.0226011 -0.000759469
1.118 0.0229422 -0.000769952
1.119 0.0232881 -0.000780564
1.12 0.0236385 -0.000791308
1.121 0.0239937 -0.000802175
1.122 0.0243537 -0.000813176
1.123 0.0247184 -0.000824305
1.124 0.0250881 -0.000835555
1.125 0.0254627 -0.000846938
1.126 0.0258423 -0.00085846
1.127 0.026227 -0.000870112
1.128 0.0266164 -0.000881885
1.129 0.0270114 -0.000893782
1.13 0.0274134 -0.000905885
1.131 0.0278167 -0.000918139
1.132 0.0282283 -0.000930428
1.133 0.0286449 -0.000942882
1.134 0.0290664 -0.000955539
1.135 0.0294927 -0.00096828
1.136 0.0299275 -0.000981177
1.137 0.0303637 -0.000994248
1.138 0.0308099 -0.00100743
1.139 0.0312594 -0.00102081
1.14 0.0317154 -0.00103435
1.141 0.0321763 -0.00104798
1.142 0.0326456 -0.00106176
1.143 0.033118 -0.00107574
1.144 0.0335986 -0.00108984
1.145 0.0340842 -0.00110409
1.146 0.0345764 -0.00111849
1.147 0.0350751 -0.00113305
1.148 0.0355805 -0.0011478
1.149 0.0360906 -0.0011627
1.15 0.0366091 -0.00117771
1.151 0.0371342 -0.00119294
1.152 0.0376659 -0.00120841
1.153 0.0382024 -0.001224
1.154 0.038747 -0.00123966
1.155 0.0392984 -0.00125548
1.156 0.0398581 -0.00127155
1.157 0.0404225 -0.00128783
1.158 0.0409951 -0.00130423
1.159 0.0415744 -0.00132076
1.16 0.0421619 -0.0013375
1.161 0.042756 -0.00135445
1.162 0.0433584 -0.0013716
1.163 0.0439654 -0.00138888
1.164 0.0445824 -0.00140625
1.165 0.0452079 -0.00142388
1.166 0.045838 -0.00144175
1.167 0.046478 -0.00145972
1.168 0.0471246 -0.00147785
1.169 0.0477812 -0.00149622
1.17 0.0484425 -0.00151478
1.171 0.0491155 -0.00153351
1.172 0.0497933 -0.00155243
1.173 0.0504827 -0.00157157
1.174 0.0511769 -0.00159089
1.175 0.0518828 -0.0016104
1.176 0.0525952 -0.00163012
1.177 0.0533156 -0.00165002
1.178 0.0540461 -0.00167005
1.179 0.0547847 -0.00169032
1.18 0.0555333 -0.00171086
1.181 0.0562883 -0.00173158
1.182 0.0570531 -0.0017524
1.183 0.0578279 -0.00177341
1.184 0.0586128 -0.00179473
1.185 0.0594039 -0.00181628
1.186 0.0602065 -0.00183795
1.187 0.0610175 -0.00185982
1.188 0.06184 -0.00188197
1.189 0.062669 -0.00190434
1.19 0.0635094 -0.00192684
1.191 0.0643598 -0.00194955
1.192 0.0652183 -0.0019725
1.193 0.0660884 -0.00199561
1.194 0.0669702 -0.00201903
1.195 0.0678583 -0.00204273
1.196 0.0687577 -0.0020665
1.197 0.069669 -0.00209046
1.198 0.0705901 -0.00211474
1.199 0.0715191 -0.0021392
1.2 0.0724632 -0.00216384
1.201 0.0734156 -0.00218882
1.202 0.0743775 -0.002214
1.203 0.0753528 -0.00223933
1.204 0.0763361 -0.00226488
1.205 0.0773345 -0.00229069
1.206 0.0783392 -0.00231674
1.207 0.0793587 -0.00234295
1.208 0.0803901 -0.00236947
1.209 0.0814292 -0.00239627
1.21 0.0824834 -0.0024232
1.211 0.0835474 -0.00245038
1.212 0.0846227 -0.00247779
1.213 0.0857114 -0.0025054
1.214 0.0868116 -0.0025333
1.215 0.0879231 -0.00256145
1.216 0.0890461 -0.00258977
1.217 0.0901842 -0.00261833
1.218 0.091332 -0.00264721
1.219 0.0924928 -0.00267629
1.22 0.0936669 -0.00270558
1.221 0.0948525 -0.00273512
1.222 0.0960511 -0.00276488
1.223 0.097263 -0.00279486
1.224 0.0984881 -0.00282513
1.225 0.0997263 -0.00285569
1.226 0.100978 -0.00288652
1.227 0.10224 -0.00291753
1.228 0.103518 -0.0029487
1.229 0.104809 -0.00298012
1.23 0.106114 -0.00301186
1.231 0.107431 -0.00304387
1.232 0.108763 -0.00307607
1.233 0.11011 -0.00310851
1.234 0.11147 -0.00314129
1.235 0.112843 -0.00317427
1.236 0.114232 -0.00320747
1.237 0.115633 -0.00324093
1.238 0.11705 -0.00327461
1.239 0.118481 -0.00330852
1.24 0.119928 -0.00334272
1.241 0.121388 -0.00337721
1.242 0.122863 -0.00341191
1.243 0.124354 -0.00344685
1.244 0.125859 -0.00348207
1.245 0.12738 -0.00351751
1.246 0.128916 -0.00355321
1.247 0.130466 -0.00358915
1.248 0.132033 -0.00362533
1.249 0.133617 -0.00366182
1.25 0.135213 -0.0036986
1.251 0.136826 -0.0037355
1.252 0.138458 -0.00377265
1.253 0.140102 -0.00381013
1.254 0.141764 -0.00384784
1.255 0.143442 -0.00388577
1.256 0.145137 -0.00392398
1.257 0.146847 -0.00396246
1.258 0.148574 -0.00400114
1.259 0.150318 -0.00404005
1.26 0.15208 -0.00407928
1.261 0.153857 -0.0041188
1.262 0.155651 -0.00415851
1.263 0.157462 -0.00419838
1.264 0.159292 -0.0042385
1.265 0.161139 -0.00427899
1.266 0.163001 -0.00431972
1.267 0.164884 -0.0043606
1.268 0.166782 -0.00440178
1.269 0.168697 -0.00444317
1.27 0.170633 -0.0044848
1.271 0.172584 -0.0045267
1.272 0.174556 -0.00456882
1.273 0.176542 -0.00461118
1.274 0.178551 -0.00465378
1.275 0.180575 -0.00469665
1.276 0.18262 -0.00473979
1.277 0.184681 -0.00478313
1.278 0.186761 -0.00482662
1.279 0.188862 -0.00487035
1.28 0.19098 -0.00491441
1.281 0.193119 -0.00495874
1.282 0.195274 -0.00500324
1.283 0.197452 -0.00504792
1.284 0.199644 -0.00509284
1.285 0.20186 -0.00513795
1.286 0.204094 -0.00518331
1.287 0.206348 -0.00522896
1.288 0.208614 -0.00527458
1.289 0.210916 -0.00532041
1.29 0.213238 -0.00536723
1.291 0.215556 -0.00541419
1.292 0.217908 -0.00546025
1.293 0.220295 -0.00550686
1.294 0.222681 -0.00555447
1.295 0.2251 -0.00560198
1.296 0.227517 -0.00564901
1.297 0.229986 -0.00569606
1.298 0.232473 -0.0057445
1.299 0.234957 -0.00579349
1.3 0.237474 -0.00584152
1.301 0.240008 -0.00588935
1.302 0.242576 -0.00593783
1.303 0.245161 -0.00598721
1.304 0.247761 -0.0060369
1.305 0.250377 -0.00608609
1.306 0.253027 -0.00613514
1.307 0.255694 -0.00618477
1.308 0.258377 -0.0062346
1.309 0.261094 -0.00628446
1.31 0.263809 -0.00633432
1.311 0.266575 -0.00638414
1.312 0.269341 -0.00643452
1.313 0.272158 -0.0064856
1.314 0.274955 -0.0065368
1.315 0.277822 -0.0065879
1.316 0.28067 -0.00663943
1.317 0.28355 -0.00669036
1.318 0.286465 -0.00674096
1.319 0.289397 -0.00679254
1.32 0.292345 -0.00684428
1.321 0.295326 -0.00689587
1.322 0.298324 -0.00694783
1.323 0.301337 -0.00699971
1.324 0.304403 -0.00705194
1.325 0.307449 -0.00710465
1.326 0.310546 -0.00715667
1.327 0.31366 -0.0072088
1.328 0.316808 -0.00726192
1.329 0.319954 -0.00731506
1.33 0.323133 -0.00736729
1.331 0.326347 -0.00741955
1.332 0.329578 -0.00747273
1.333 0.332824 -0.00752589
1.334 0.336103 -0.0075787
1.335 0.3394 -0.00763165
1.336 0.34273 -0.00768492
1.337 0.346076 -0.00773852
1.338 0.349456 -0.00779242
1.339 0.352835 -0.00784601
1.34 0.356264 -0.00789908
1.341 0.359693 -0.00795221
1.342 0.363173 -0.00800556
1.343 0.366652 -0.00805918
1.344 0.370183 -0.00811303
1.345 0.373694 -0.00816651
1.346 0.377273 -0.00821944
1.347 0.380853 -0.00827296
1.348 0.384466 -0.00832682
1.349 0.388113 -0.0083809
1.35 0.391759 -0.00843512
1.351 0.395437 -0.00848829
1.352 0.39915 -0.00854122
1.353 0.40288 -0.00859482
1.354 0.406625 -0.00864814
1.355 0.410405 -0.00870086
1.356 0.414219 -0.00875409
1.357 0.418049 -0.00880818
1.358 0.421895 -0.00886197
1.359 0.425757 -0.0089145
1.36 0.429671 -0.00896672
1.361 0.433603 -0.00902013
1.362 0.437532 -0.00907338
1.363 0.44153 -0.00912599
1.364 0.445511 -0.00917903
1.365 0.449541 -0.00923164
1.366 0.45359 -0.00928414
1.367 0.457654 -0.00933663
1.368 0.461733 -0.00938797
1.369 0.465884 -0.00943959
1.37 0.469998 -0.00949197
1.371 0.47418 -0.00954341
1.372 0.478381 -0.00959515
1.373 0.482579 -0.00964702
1.374 0.486828 -0.00969775
1.375 0.491095 -0.00974873
1.376 0.495378 -0.00979982
1.377 0.499677 -0.00984979
1.378 0.504029 -0.00989942
1.379 0.508398 -0.00995021
1.38 0.512765 -0.0100008
1.381 0.517183 -0.0100501
1.382 0.521602 -0.010099
1.383 0.526071 -0.0101478
1.384 0.530559 -0.0101973
1.385 0.535044 -0.0102464
1.386 0.539563 -0.0102937
1.387 0.544136 -0.010341
1.388 0.54869 -0.010389
1.389 0.553295 -0.0104361
1.39 0.557918 -0.010483
1.391 0.562575 -0.0105305
1.392 0.567213 -0.010577
1.393 0.57192 -0.0106221
1.394 0.576629 -0.0106674
1.395 0.581371 -0.010713
1.396 0.58613 -0.0107581
1.397 0.590906 -0.0108025
1.398 0.595698 -0.0108457
1.399 0.600543 -0.0108886
1.4 0.605389 -0.0109323
1.401 0.61025 -0.0109751
1.402 0.615145 -0.0110166
1.403 0.620059 -0.0110579
1.404 0.625008 -0.0110994
1.405 0.629956 -0.0111405
1.406 0.634956 -0.011181
1.407 0.639938 -0.011221
1.408 0.644972 -0.0112599
1.409 0.650007 -0.011298
1.41 0.655076 -0.0113357
1.411 0.660181 -0.0113734
1.412 0.665268 -0.011411
1.413 0.670406 -0.0114469
1.414 0.675563 -0.0114827
1.415 0.68072 -0.0115181
1.416 0.685929 -0.0115527
1.417 0.691121 -0.0115867
1.418 0.696364 -0.0116198
1.419 0.701609 -0.0116524
1.42 0.70687 -0.0116841
1.421 0.712168 -0.0117148
1.422 0.717484 -0.0117457
1.423 0.722799 -0.011776
1.424 0.728149 -0.0118048
1.425 0.733518 -0.0118331
1.426 0.738904 -0.0118612
1.427 0.74429 -0.011888
1.428 0.74973 -0.0119138
1.429 0.755154 -0.0119394
1.43 0.760611 -0.0119638
1.431 0.766088 -0.0119874
1.432 0.771565 -0.0120102
1.433 0.777095 -0.0120323
1.434 0.782591 -0.0120538
1.435 0.788157 -0.0120741
1.436 0.79369 -0.0120936
1.437 0.799275 -0.012112
1.438 0.804863 -0.0121298
1.439 0.810468 -0.012147
1.44 0.816073 -0.0121627
1.441 0.821715 -0.012177
1.442 0.827359 -0.0121908
1.443 0.833038 -0.0122043
1.444 0.838702 -0.0122169
1.445 0.844382 -0.0122274
1.446 0.8501 -0.0122366
1.447 0.85582 -0.012246
1.448 0.86154 -0.0122544
1.449 0.867279 -0.0122606
1.45 0.873038 -0.0122657
1.451 0.878816 -0.0122706
1.452 0.884577 -0.0122745
1.453 0.890393 -0.0122771
1.454 0.896176 -0.0122788
1.455 0.901994 -0.0122789
1.456 0.907815 -0.0122775
1.457 0.913655 -0.0122755
1.458 0.919479 -0.012272
1.459 0.925358 -0.0122672
1.46 0.931205 -0.012262
1.461 0.93707 -0.0122548
1.462 0.942955 -0.0122458
1.463 0.948843 -0.0122363
1.464 0.95475 -0.0122262
1.465 0.960642 -0.0122149
1.466 0.966535 -0.0122009
1.467 0.972467 -0.0121851
1.468 0.978385 -0.0121691
1.469 0.984321 -0.0121523
1.47 0.990262 -0.0121343
1.471 0.996186 -0.0121146
1.472 1.00213 -0.0120925
1.473 1.00808 -0.0120689
1.474 1.01403 -0.0120444
1.475 1.01998 -0.0120184
1.476 1.02594 -0.011991
1.477 1.0319 -0.0119621
1.478 1.03788 -0.0119323
1.479 1.04383 -0.0119014
1.48 1.04979 -0.011868
1.481 1.05577 -0.011833
1.482 1.06173 -0.0117968
1.483 1.06769 -0.0117584
1.484 1.07367 -0.0117187
1.485 1.07962 -0.0116781
1.486 1.08559 -0.0116354
1.487 1.09155 -0.0115911
1.488 1.09752 -0.0115454
1.489 1.10347 -0.0114977
1.49 1.10944 -0.0114485
1.491 1.11538 -0.0113982
1.492 1.12132 -0.0113455
1.493 1.12727 -0.0112909
1.494 1.13319 -0.0112345
1.495 1.13914 -0.0111766
1.496 1.14505 -0.0111177
1.497 1.15099 -0.0110569
1.498 1.15689 -0.010994
1.499 1.16277 -0.0109285
1.5 1.1687 -0.0108614
1.501 1.17457 -0.0107938
1.502 1.18045 -0.0107236
1.503 1.1863 -0.0106509
1.504 1.19218 -0.0105769
1.505 1.19801 -0.0105016
1.506 1.20385 -0.0104238
1.507 1.20967 -0.0103438
1.508 1.21548 -0.0102623
1.509 1.22128 -0.0101792
1.51 1.22707 -0.0100943
1.511 1.23283 -0.0100071
1.512 1.23858 -0.00991699
1.513 1.24433 -0.00982505
1.514 1.25005 -0.0097323
1.515 1.25568 -0.009635
1.516 1.26146 -0.00953502
1.517 1.26725 -0.00944255
1.518 1.27268 -0.00934638
1.519 1.27846 -0.0092381
1.52 1.28391 -0.00912808
1.521 1.28972 -0.00902005
1.522 1.29518 -0.00891488
1.523 1.30064 -0.00880085
1.524 1.30629 -0.0086804
1.525 1.31178 -0.00856663
1.526 1.31726 -0.00845173
1.527 1.32276 -0.0083328
1.528 1.32827 -0.00821509
1.529 1.3336 -0.00809443
1.53 1.33893 -0.00796361
1.531 1.34428 -0.00782674
1.532 1.34964 -0.00769156
1.533 1.35501 -0.0075604
1.534 1.36021 -0.00742777
1.535 1.36559 -0.00729181
1.536 1.37063 -0.00715219
1.537 1.37602 -0.007009
1.538 1.38109 -0.00686828
1.539 1.38614 -0.00672015
1.54 1.39121 -0.0065616
1.541 1.39647 -0.00640998
1.542 1.40139 -0.00626483
1.543 1.4063 -0.00610763
1.544 1.41141 -0.00594461
1.545 1.41618 -0.0057844
1.546 1.42131 -0.0056237
1.547 1.42592 -0.00546117
1.548 1.43088 -0.00529068
1.549 1.43551 -0.0051165
1.55 1.4405 -0.00494622
1.551 1.44498 -0.00477615
1.552 1.4498 -0.00459897
1.553 1.4543 -0.00441858
1.554 1.45879 -0.00423074
1.555 1.46348 -0.00404023
1.556 1.46801 -0.00386053
1.557 1.47236 -0.00367779
1.558 1.47672 -0.00348139
1.559 1.48128 -0.00328642
1.56 1.48532 -0.00309214
1.561 1.48989 -0.00289206
1.562 1.49396 -0.00269602
1.563 1.49801 -0.00248962
1.564 1.50227 -0.0022743
1.565 1.50637 -0.0020689
1.566 1.5103 -0.00186148
1.567 1.51441 -0.00164774
1.568 1.51819 -0.00143268
1.569 1.52214 -0.00121226
1.57 1.52595 -0.000991144
1.571 1.52957 -0.000765132
1.572 1.53358 -0.000538829
1.573 1.53707 -0.000319662
1.574 1.54055 -8.61506e-05
1.575 1.54423 0.000156486
1.576 1.54776 0.000388006
1.577 1.55112 0.000620019
1.578 1.55448 0.00086269
1.579 1.55787 0.00110687
1.58 1.56109 0.00134922
1.581 1.56414 0.00160066
1.582 1.56738 0.00185853
1.583 1.57048 0.00210968
1.584 1.57358 0.00235606
1.585 1.57633 0.00261064
1.586 1.57927 0.00287726
1.587 1.58206 0.00314451
1.588 1.58486 0.00340852
1.589 1.5875 0.00367431
1.59 1.59015 0.00394358
1.591 1.59282 0.00421078
1.592 1.59515 0.00448002
1.593 1.59747 0.00476441
1.594 1.60001 0.00504978
1.595 1.60222 0.00532526
1.596 1.60442 0.0056057
1.597 1.60647 0.005896
1.598 1.60853 0.00619106
1.599 1.61061 0.00648295
1.6 1.61235 0.00677522
1.601 1.61428 0.00707508
1.602 1.61606 0.00737274
1.603 1.61785 0.00766497
1.604 1.6193 0.00796299
1.605 1.62075 0.00827613
1.606 1.62242 0.00858884
1.607 1.62357 0.00889576
1.608 1.62507 0.00920753
1.609 1.62608 0.00952167
1.61 1.62726 0.00984285
1.611 1.62848 0.0101606
1.612 1.62936 0.0104715
1.613 1.63006 0.0107985
1.614 1.63096 0.0111367
1.615 1.63172 0.0114658
1.616 1.63249 0.0117854
1.617 1.63292 0.0121083
1.618 1.63336 0.0124445
1.619 1.63364 0.0127902
1.62 1.63412 0.0131318
1.621 1.63409 0.013471
1.622 1.63442 0.0138146
1.623 1.63426 0.0141586
1.624 1.63427 0.0145076
1.625 1.63414 0.014857
1.626 1.63384 0.0152051
1.627 1.63356 0.0155574
1.628 1.63312 0.0159097
1.629 1.63252 0.0162664
1.63 1.63194 0.0166289
1.631 1.6312 0.0169911
1.632 1.63048 0.0173512
1.633 1.62961 0.0177088
1.634 1.62839 0.0180757
1.635 1.62736 0.0184551
1.636 1.62638 0.018824
1.637 1.62487 0.0191866
1.638 1.62354 0.0195631
1.639 1.62208 0.0199415
1.64 1.62045 0.0203173
1.641 1.61883 0.0206954
1.642 1.61707 0.0210715
1.643 1.61496 0.0214558
1.644 1.61322 0.0218456
1.645 1.61099 0.0222276
1.646 1.60894 0.0226097
1.647 1.60656 0.0229947
1.648 1.6042 0.0233834
1.649 1.6015 0.0237815
1.65 1.59917 0.0241785
1.651 1.59635 0.0245651
1.652 1.59353 0.0249567
1.653 1.59056 0.025358
1.654 1.58761 0.0257583
1.655 1.5845 0.0261538
1.656 1.58124 0.0265496
1.657 1.57781 0.0269533
1.658 1.5744 0.0273611
1.659 1.57085 0.0277653
1.66 1.56713 0.0281696
1.661 1.56343 0.0285754
1.662 1.55958 0.0289769
1.663 1.55557 0.0293786
1.664 1.5514 0.0297876
1.665 1.54707 0.0302059
1.666 1.54294 0.0306217
1.667 1.53849 0.0310253
1.668 1.53387 0.0314319
1.669 1.52909 0.0318525
1.67 1.52451 0.0322719
1.671 1.51961 0.0326791
1.672 1.51453 0.033089
1.673 1.50948 0.0335066
1.674 1.5041 0.033927
1.675 1.49891 0.0343481
1.676 1.4934 0.0347635
1.677 1.4879 0.0351772
1.678 1.48225 0.0355908
1.679 1.47625 0.0360106
1.68 1.47045 0.0364381
1.681 1.46451 0.0368558
1.682 1.45841 0.0372641
1.683 1.45196 0.0376816
1.684 1.44571 0.0381082
1.685 1.43914 0.0385309
1.686 1.43258 0.0389516
1.687 1.42587 0.0393711
1.688 1.41899 0.0397899
1.689 1.41214 0.0402079
1.69 1.40496 0.0406252
1.691 1.39778 0.0410477
1.692 1.39046 0.0414711
1.693 1.38316 0.0418878
1.694 1.37552 0.0423017
1.695 1.3679 0.0427202
1.696 1.36012 0.0431394
1.697 1.35237 0.043552
1.698 1.34428 0.0439618
1.699 1.33602 0.044382
1.7 1.32797 0.0448046
1.701 1.31941 0.0452204
1.702 1.31103 0.0456387
1.703 1.30251 0.0460507
1.704 1.29383 0.0464538
1.705 1.2848 0.0468651
1.706 1.27597 0.0472842
1.707 1.267 0.0476923
1.708 1.25768 0.0480956
1.709 1.24855 0.0485025
1.71 1.23892 0.0489097
1.711 1.22947 0.0493215
1.712 1.21988 0.0497274
1.713 1.21012 0.050124
1.714 1.2002 0.0505227
1.715 1.1903 0.0509211
1.716 1.18007 0.0513184
1.717 1.17003 0.051714
1.718 1.15947 0.052108
1.719 1.1491 0.0525061
1.72 1.13841 0.0529042
1.721 1.12791 0.0532946
1.722 1.11708 0.0536754
1.723 1.10607 0.0540582
1.724 1.09508 0.0544467
1.725 1.08394 0.0548299
1.726 1.07263 0.0552098
1.727 1.06135 0.0555878
1.728 1.04972 0.055964
1.729 1.0381 0.0563443
1.73 1.02651 0.0567188
1.731 1.01476 0.0570782
1.732 1.00266 0.0574382
1.733 0.990572 0.0578097
1.734 0.97851 0.0581778
1.735 0.966291 0.0585315
1.736 0.953902 0.0588799
1.737 0.941345 0.0592322
1.738 0.928623 0.0595911
1.739 0.9161 0.059945
1.74 0.903065 0.06029
1.741 0.890386 0.0606314
1.742 0.877206 0.0609653
1.743 0.864016 0.0613023
1.744 0.850853 0.0616398
1.745 0.837532 0.061965
1.746 0.823855 0.0622916
1.747 0.810548 0.0626185
1.748 0.796737 0.0629333
1.749 0.782914 0.0632499
1.75 0.769117 0.063567
1.751 0.754976 0.063878
1.752 0.741018 0.0641867
1.753 0.726728 0.0644887
1.754 0.712619 0.0647826
1.755 0.697992 0.0650743
1.756 0.683719 0.0653657
1.757 0.668941 0.0656515
1.758 0.654332 0.0659357
1.759 0.63939 0.0662198
1.76 0.624628 0.0664982
1.761 0.609714 0.0667633
1.762 0.594438 0.067025
1.763 0.579343 0.0672927
1.764 0.564096 0.0675512
1.765 0.548671 0.0678016
1.766 0.533252 0.0680505
1.767 0.517667 0.0682943
1.768 0.502088 0.0685319
1.769 0.48634 0.068763
1.77 0.470414 0.0689937
1.771 0.454494 0.0692259
1.772 0.43859 0.069448
1.773 0.422333 0.0696624
1.774 0.406251 0.0698764
1.775 0.390011 0.0700803
1.776 0.373588 0.0702772
1.777 0.357168 0.0704743
1.778 0.340577 0.0706679
1.779 0.323988 0.0708567
1.78 0.30741 0.0710345
1.781 0.290476 0.0712057
1.782 0.273713 0.0713779
1.783 0.25679 0.0715415
1.784 0.239863 0.0716935
1.785 0.222761 0.0718396
1.786 0.205473 0.0719876
1.787 0.188368 0.0721339
1.788 0.170916 0.072271
1.789 0.153631 0.0724029
1.79 0.136181 0.0725251
1.791 0.118541 0.0726424
1.792 0.100898 0.0727622
1.793 0.0834439 0.0728692
1.794 0.0656371 0.0729586
1.795 0.0478094 0.0730476
1.796 0.0298046 0.0731418
1.797 0.0119771 0.0732305
1.798 -0.00601991 0.0733043
1.799 -0.0240287 0.0733668
1.8 -0.0422199 0.0734256
1.801 -0.0602382 0.0734776
1.802 -0.0786115 0.0735215
1.803 -0.0970076 0.0735691
1.804 -0.115218 0.073612
1.805 -0.133786 0.0736414
1.806 -0.152196 0.0736669
1.807 -0.170596 0.07368
1.808 -0.189368 0.0736843
1.809 -0.207982 0.0736928
1.81 -0.226587 0.0736921
1.811 -0.245198 0.0736718
1.812 -0.264184 0.0736472
1.813 -0.28283 0.0736237
1.814 -0.301826 0.0735909
1.815 -0.320852 0.073557
1.816 -0.3397 0.073519
1.817 -0.358545 0.0734583
1.818 -0.37777 0.0733873
1.819 -0.396844 0.0733225
1.82 -0.415913 0.0732513
1.821 -0.434994 0.073163
1.822 -0.454272 0.0730672
1.823 -0.473573 0.0729731
1.824 -0.492701 0.0728717
1.825 -0.512015 0.072754
1.826 -0.531357 0.0726298
1.827 -0.550895 0.0725083
1.828 -0.57009 0.0723805
1.829 -0.589463 0.0722315
1.83 -0.608868 0.0720692
1.831 -0.628473 0.071909
1.832 -0.647922 0.0717494
1.833 -0.667376 0.0715778
1.834 -0.686851 0.0713904
1.835 -0.706531 0.0711985
1.836 -0.726058 0.0710062
1.837 -0.745593 0.0708024
1.838 -0.765151 0.070584
1.839 -0.784734 0.0703566
1.84 -0.804523 0.0701282
1.841 -0.823978 0.0698953
1.842 -0.843619 0.0696451
1.843 -0.863299 0.0693856
1.844 -0.883003 0.0691262
1.845 -0.902733 0.0688635
1.846 -0.922305 0.0685903
1.847 -0.941895 0.0682989
1.848 -0.961516 0.0679935
1.849 -0.98135 0.0676879
1.85 -1.00104 0.0673865
1.851 -1.02056 0.0670724
1.852 -1.04029 0.0667402
1.853 -1.05988 0.0664012
1.854 -1.07949 0.0660535
1.855 -1.09932 0.0657023
1.856 -1.11883 0.0653495
1.857 -1.13834 0.0649777
1.858 -1.15808 0.0645937
1.859 -1.17769 0.0642124
1.86 -1.19713 0.0638206
1.861 -1.21678 0.0634139
1.862 -1.2363 0.0630036
1.863 -1.25585 0.0625875
1.864 -1.27543 0.0621648
1.865 -1.29469 0.0617295
1.866 -1.31434 0.0612803
1.867 -1.33368 0.060829
1.868 -1.35304 0.0603678
1.869 -1.37245 0.0598943
1.87 -1.3919 0.05942
1.871 -1.41121 0.0589427
1.872 -1.43037 0.0584496
1.873 -1.44974 0.0579432
1.874 -1.46881 0.0574308
1.875 -1.48809 0.0569092
1.876 -1.50725 0.0563833
1.877 -1.52625 0.0558489
1.878 -1.5453 0.0552991
1.879 -1.5644 0.0547438
1.88 -1.58354 0.0541927
1.881 -1.60219 0.0536305
1.882 -1.62122 0.0530466
1.883 -1.64014 0.0524621
1.884 -1.65874 0.0518726
1.885 -1.67755 0.0512644
1.886 -1.69643 0.0506573
1.887 -1.71481 0.0500463
1.888 -1.73359 0.0494176
1.889 -1.75207 0.048785
1.89 -1.77041 0.0481418
1.891 -1.78898 0.0474858
1.892 -1.80725 0.0468288
1.893 -1.82555 0.0461628
1.894 -1.84392 0.0454911
1.895 -1.86198 0.0448151
1.896 -1.88008 0.0441234
1.897 -1.89824 0.0434246
1.898 -1.91609 0.0427222
1.899 -1.93399 0.0420053
1.9 -1.95195 0.0412826
1.901 -1.96961 0.0405575
1.902 -1.98731 0.039819
1.903 -2.00507 0.0390758
1.904 -2.02254 0.038331
1.905 -2.03986 0.0375679
1.906 -2.05743 0.0367935
1.907 -2.07471 0.0360226
1.908 -2.09203 0.0352479
1.909 -2.10906 0.0344607
1.91 -2.12613 0.033659
1.911 -2.14327 0.0328547
1.912 -2.15994 0.0320457
1.913 -2.17701 0.0312256
1.914 -2.19362 0.0304042
1.915 -2.21027 0.0295733
1.916 -2.22681 0.0287303
1.917 -2.24342 0.0278867
1.918 -2.25955 0.0270347
1.919 -2.27608 0.0261716
1.92 -2.29217 0.0253089
1.921 -2.30829 0.0244388
1.922 -2.32413 0.0235526
1.923 -2.3402 0.0226603
1.924 -2.356 0.0217714
1.925 -2.37167 0.0208767
1.926 -2.3874 0.0199734
1.927 -2.40266 0.0190608
1.928 -2.41816 0.0181335
1.929 -2.43356 0.017208
1.93 -2.44866 0.0162838
1.931 -2.46382 0.0153485
1.932 -2.4787 0.0144042
1.933 -2.49363 0.0134525
1.934 -2.50847 0.0124999
1.935 -2.52301 0.0115427
1.936 -2.53761 0.0105739
1.937 -2.55192 0.00959741
1.938 -2.5663 0.00861531
1.939 -2.58058 0.00763415
1.94 -2.59457 0.00665008
1.941 -2.60862 0.00565587
1.942 -2.62257 0.00466137
1.943 -2.63623 0.00366408
1.944 -2.64977 0.00265132
1.945 -2.66338 0.00163147
1.946 -2.67672 0.000613782
1.947 -2.68994 -0.000410705
1.948 -2.70323 -0.00143899
1.949 -2.71607 -0.00246972
1.95 -2.72914 -0.00350825
1.951 -2.74176 -0.00455015
1.952 -2.75445 -0.00559895
1.953 -2.76698 -0.00665146
1.954 -2.77939 -0.00770404
1.955 -2.79166 -0.00876088
1.956 -2.8038 -0.00982208
1.957 -2.81579 -0.0108886
1.958 -2.8277 -0.0119592
1.959 -2.83943 -0.0130327
1.96 -2.85105 -0.0141105
1.961 -2.86255 -0.0151914
1.962 -2.87389 -0.0162751
1.963 -2.88513 -0.0173623
1.964 -2.89621 -0.0184526
1.965 -2.90717 -0.0195463
1.966 -2.91798 -0.0206431
1.967 -2.92866 -0.0217429
1.968 -2.93922 -0.0228454
1.969 -2.94961 -0.0239504
1.97 -2.95991 -0.0250576
1.971 -2.97002 -0.0261668
1.972 -2.98004 -0.0272784
1.973 -2.98988 -0.0283923
1.974 -2.99961 -0.0295084
1.975 -3.00917 -0.0306265
1.976 -3.01863 -0.0317462
1.977 -3.02791 -0.0328675
1.978 -3.03705 -0.0339911
1.979 -3.04607 -0.0351168
1.98 -3.05494 -0.036243
1.981 -3.06368 -0.0373696
1.982 -3.07225 -0.0384972
1.983 -3.08068 -0.039627
1.984 -3.08899 -0.0407581
1.985 -3.09712 -0.0418893
1.986 -3.10513 -0.0430215
1.987 -3.11301 -0.0441535
1.988 -3.12071 -0.0452855
1.989 -3.12826 -0.0464192
1.99 -3.1357 -0.0475532
1.991 -3.14296 -0.0486864
1.992 -3.15009 -0.0498199
1.993 -3.15707 -0.0509536
1.994 -3.1639 -0.0520867
1.995 -3.1706 -0.0532186
1.996 -3.17711 -0.0543498
1.997 -3.18351 -0.0554813
1.998 -3.18975 -0.056612
1.999 -3.19584 -0.0577412
2 -3.20178 -0.0588695
2.001 -3.20757 -0.0599966
2.002 -3.21321 -0.0611225
2.003 -3.2187 -0.0622469
2.004 -3.22404 -0.0633698
2.005 -3.22923 -0.0644912
2.006 -3.2343 -0.0656105
2.007 -3.23917 -0.0667273
2.008 -3.24392 -0.067843
2.009 -3.24851 -0.0689567
2.01 -3.25295 -0.0700677
2.011 -3.25726 -0.0711755
2.012 -3.26138 -0.0722807
2.013 -3.26538 -0.073384
2.014 -3.26924 -0.0744837
2.015 -3.27292 -0.0755798
2.016 -3.27645 -0.0766742
2.017 -3.27986 -0.0777655
2.018 -3.28308 -0.0788526
2.019 -3.28618 -0.0799364
2.02 -3.28914 -0.0810159
2.021 -3.29191 -0.0820915
2.022 -3.29455 -0.0831643
2.023 -3.29703 -0.0842336
2.024 -3.29939 -0.0852983
2.025 -3.30159 -0.0863576
2.026 -3.30361 -0.0874124
2.027 -3.30552 -0.0884635
2.028 -3.30725 -0.0895102
2.029 -3.30886 -0.0905518
2.03 -3.31029 -0.0915885
2.031 -3.31161 -0.09262
2.032 -3.31274 -0.0936464
2.033 -3.31375 -0.0946676
2.034 -3.3146 -0.0956831
2.035 -3.31531 -0.0966926
2.036 -3.31587 -0.0976962
2.037 -3.31628 -0.0986939
2.038 -3.31655 -0.0996857
2.039 -3.31666 -0.100672
2.04 -3.31664 -0.101652
2.041 -3.31645 -0.102625
2.042 -3.31613 -0.103593
2.043 -3.31568 -0.104553
2.044 -3.31505 -0.105507
2.045 -3.31431 -0.106454
2.046 -3.31342 -0.107393
2.047 -3.31237 -0.108325
2.048 -3.31117 -0.109251
2.049 -3.30984 -0.110171
2.05 -3.30831 -0.111084
2.051 -3.30685 -0.111986
2.052 -3.30492 -0.112878
2.053 -3.30321 -0.113765
2.054 -3.30103 -0.114643
2.055 -3.29888 -0.115516
2.056 -3.29662 -0.11638
2.057 -3.29405 -0.117234
2.058 -3.29152 -0.118083
2.059 -3.28888 -0.118917
2.06 -3.28592 -0.11974
2.061 -3.28283 -0.120563
2.062 -3.27978 -0.12138
2.063 -3.27643 -0.122182
2.064 -3.27294 -0.122978
2.065 -3.2695 -0.123764
2.066 -3.26576 -0.124536
2.067 -3.26204 -0.125295
2.068 -3.25802 -0.126045
2.069 -3.25386 -0.126792
2.07 -3.24974 -0.127531
2.071 -3.2453 -0.128256
2.072 -3.24091 -0.12897
2.073 -3.23619 -0.129675
2.074 -3.23133 -0.130377
2.075 -3.22669 -0.131066
2.076 -3.22157 -0.131733
2.077 -3.21646 -0.132394
2.078 -3.21122 -0.133047
2.079 -3.20564 -0.133694
2.08 -3.20028 -0.134332
2.081 -3.19461 -0.13495
2.082 -3.18896 -0.135552
2.083 -3.18281 -0.136149
2.084 -3.17703 -0.136741
2.085 -3.17077 -0.137314
2.086 -3.16452 -0.137878
2.087 -3.15812 -0.138434
2.088 -3.15175 -0.138971
2.089 -3.14487 -0.139499
2.09 -3.13837 -0.140021
2.091 -3.13137 -0.140524
2.092 -3.12437 -0.141019
2.093 -3.11741 -0.141501
2.094 -3.11011 -0.141965
2.095 -3.10282 -0.14242
2.096 -3.0952 -0.14287
2.097 -3.08777 -0.143309
2.098 -3.0802 -0.143725
2.099 -3.07228 -0.144124
2.1 -3.06436 -0.144523
2.101 -3.05647 -0.144908
2.102 -3.04823 -0.145274
2.103 -3.04 -0.145633
2.104 -3.03179 -0.145976
2.105 -3.02323 -0.146302
2.106 -3.01467 -0.14662
2.107 -3.00613 -0.146924
2.108 -2.99724 -0.147211
2.109 -2.98835 -0.147492
2.11 -2.97947 -0.147759
2.111 -2.97024 -0.14801
2.112 -2.96118 -0.14825
2.113 -2.95196 -0.148468
2.114 -2.94238 -0.148675
2.115 -2.93314 -0.148873
2.116 -2.92339 -0.149052
2.117 -2.91362 -0.149226
2.118 -2.90403 -0.149387
2.119 -2.89409 -0.149522
2.12 -2.88395 -0.149651
2.121 -2.87417 -0.149768
2.122 -2.86386 -0.14986
2.123 -2.85352 -0.149946
2.124 -2.84318 -0.150028
2.125 -2.83284 -0.150086
2.126 -2.8223 -0.150123
2.127 -2.81157 -0.15015
2.128 -2.801 -0.150167
2.129 -2.79007 -0.150166
2.13 -2.7793 -0.150152
2.131 -2.76834 -0.15012
2.132 -2.75717 -0.150076
2.133 -2.74599 -0.150027
2.134 -2.73479 -0.149962
2.135 -2.72357 -0.149875
2.136 -2.71198 -0.149773
2.137 -2.7007 -0.149661
2.138 -2.68907 -0.149528
2.139 -2.67739 -0.149382
2.14 -2.6657 -0.149228
2.141 -2.6538 -0.149059
2.142 -2.64204 -0.148875
2.143 -2.63009 -0.14867
2.144 -2.61792 -0.148453
2.145 -2.6059 -0.148229
2.146 -2.59385 -0.14798
2.147 -2.58141 -0.147714
2.148 -2.5691 -0.147446
2.149 -2.55677 -0.147161
2.15 -2.54423 -0.146857
2.151 -2.53182 -0.146537
2.152 -2.5192 -0.146199
2.153 -2.50635 -0.145853
2.154 -2.49363 -0.145502
2.155 -2.48089 -0.14513
2.156 -2.46811 -0.144732
2.157 -2.4551 -0.144319
2.158 -2.44203 -0.143901
2.159 -2.42892 -0.143475
2.16 -2.41577 -0.143034
2.161 -2.40275 -0.14257
2.162 -2.38933 -0.142087
2.163 -2.37602 -0.141599
2.164 -2.36267 -0.141099
2.165 -2.34927 -0.140577
2.166 -2.33581 -0.140038
2.167 -2.32212 -0.139489
2.168 -2.30854 -0.138934
2.169 -2.29492 -0.13836
2.17 -2.28125 -0.137765
2.171 -2.26732 -0.137159
2.172 -2.25352 -0.136548
2.173 -2.23966 -0.13592
2.174 -2.22592 -0.135266
2.175 -2.21176 -0.134596
2.176 -2.1977 -0.133925
2.177 -2.18358 -0.133247
2.178 -2.16958 -0.132546
2.179 -2.15534 -0.131826
2.18 -2.14102 -0.131098
2.181 -2.12681 -0.130362
2.182 -2.11255 -0.129605
2.183 -2.0982 -0.128828
2.184 -2.0836 -0.128047
2.185 -2.06928 -0.127259
2.186 -2.05491 -0.126445
2.187 -2.04028 -0.125612
2.188 -2.02555 -0.124781
2.189 -2.01112 -0.12394
2.19 -1.99626 -0.12308
2.191 -1.98166 -0.12221
2.192 -1.967 -0.12132
2.193 -1.95226 -0.12041
2.194 -1.93725 -0.119497
2.195 -1.9225 -0.11858
2.196 -1.9077 -0.117641
2.197 -1.89262 -0.116688
2.198 -1.87781 -0.115728
2.199 -1.86275 -0.114752
2.2 -1.84759 -0.11377
2.201 -1.8327 -0.112779
2.202 -1.81756 -0.111766
2.203 -1.80249 -0.110739
2.204 -1.78734 -0.109702
2.205 -1.77228 -0.108651
2.206 -1.75695 -0.107589
2.207 -1.74169 -0.106524
2.208 -1.72635 -0.105454
2.209 -1.71127 -0.104364
2.21 -1.69594 -0.103251
2.211 -1.68048 -0.102134
2.212 -1.66511 -0.101017
2.213 -1.64983 -0.0998837
2.214 -1.63428 -0.098736
2.215 -1.61897 -0.0975803
2.216 -1.6034 -0.0964132
2.217 -1.5879 -0.0952396
2.218 -1.57248 -0.0940553
2.219 -1.55697 -0.0928532
2.22 -1.54152 -0.0916376
2.221 -1.5258 -0.0904165
2.222 -1.51031 -0.0891924
2.223 -1.49475 -0.0879541
2.224 -1.47906 -0.0867041
2.225 -1.46345 -0.0854499
2.226 -1.44774 -0.0841878
2.227 -1.43209 -0.0829167
2.228 -1.41653 -0.0816307
2.229 -1.40067 -0.0803343
2.23 -1.38506 -0.0790353
2.231 -1.36935 -0.0777244
2.232 -1.35352 -0.0764047
2.233 -1.33775 -0.0750835
2.234 -1.32207 -0.0737512
2.235 -1.30627 -0.0724051
2.236 -1.29053 -0.0710506
2.237 -1.27469 -0.0696901
2.238 -1.2589 -0.0683243
2.239 -1.24319 -0.0669475
2.24 -1.22718 -0.0655642
2.241 -1.21141 -0.064182
2.242 -1.19571 -0.0627856
2.243 -1.17972 -0.061376
2.244 -1.16396 -0.0599664
2.245 -1.14791 -0.0585552
2.246 -1.13228 -0.0571354
2.247 -1.11618 -0.0557053
2.248 -1.10049 -0.0542708
2.249 -1.08452 -0.052828
2.25 -1.06877 -0.0513761
2.251 -1.05274 -0.0499209
2.252 -1.03693 -0.0484647
2.253 -1.02101 -0.047002
2.254 -1.00497 -0.0455371
2.255 -0.989345 -0.0440656
2.256 -0.973257 -0.0425805
2.257 -0.95738 -0.0410978
2.258 -0.94158 -0.039611
2.259 -0.925659 -0.0381119
2.26 -0.909605 -0.0366162
2.261 -0.89397 -0.0351173
2.262 -0.87787 -0.0336071
2.263 -0.862162 -0.0320953
2.264 -0.846173 -0.0305797
2.265 -0.830222 -0.0290652
2.266 -0.814335 -0.0275536
2.267 -0.798509 -0.0260333
2.268 -0.782742 -0.0245011
2.269 -0.766851 -0.0229627
2.27 -0.750825 -0.0214321
2.271 -0.735034 -0.0199075
2.272 -0.719315 -0.0183702
2.273 -0.70347 -0.0168206
2.274 -0.687489 -0.0152775
2.275 -0.671742 -0.0137411
2.276 -0.655884 -0.0121988
2.277 -0.640073 -0.0106529
2.278 -0.624322 -0.00910465
2.279 -0.608447 -0.00755462
2.28 -0.59262 -0.00600907
2.281 -0.577037 -0.00445823
2.282 -0.561156 -0.00289918
2.283 -0.545494 -0.00134348
2.284 -0.529538 0.000204995
2.285 -0.513987 0.00175136
2.286 -0.498152 0.00330326
2.287 -0.482536 0.00485678
2.288 -0.466808 0.00641022
2.289 -0.451128 0.00796293
2.29 -0.435509 0.00951461
2.291 -0.419949 0.0110709
2.292 -0.404082 0.0126215
2.293 -0.388621 0.014163
2.294 -0.372879 0.0157065
2.295 -0.357357 0.0172497
2.296 -0.341908 0.0187972
2.297 -0.326152 0.0203441
2.298 -0.310618 0.0218769
2.299 -0.295161 0.0234094
2.3 -0.279764 0.0249519
2.301 -0.264061 0.0264892
2.302 -0.248765 0.028016
2.303 -0.23319 0.029543
2.304 -0.217655 0.0310618
2.305 -0.20237 0.0325754
2.306 -0.186976 0.0340968
2.307 -0.171632 0.0356176
2.308 -0.15617 0.0371288
2.309 -0.140946 0.0386334
2.31 -0.125616 0.0401388
2.311 -0.11034 0.0416409
2.312 -0.0949474 0.0431322
2.313 -0.0797952 0.0446166
2.314 -0.0645392 0.0461012
2.315 -0.0493383 0.0475824
2.316 -0.034206 0.0490583
2.317 -0.0189594 0.0505286
2.318 -0.00395419 0.051993
2.319 0.0113356 0.0534513
2.32 0.0263938 0.0548977
2.321 0.0413678 0.0563422
2.322 0.0562724 0.0577937
2.323 0.0714736 0.0592366
2.324 0.0864399 0.0606598
2.325 0.101318 0.0620779
2.326 0.116307 0.0634962
2.327 0.13105 0.0649097
2.328 0.146073 0.0663163
2.329 0.160859 0.0677097
2.33 0.175738 0.0690938
2.331 0.190551 0.0704704
2.332 0.205102 0.0718455
2.333 0.219931 0.0732209
2.334 0.234705 0.0745789
2.335 0.249395 0.0759198
2.336 0.263819 0.0772624
2.337 0.278519 0.0786062
2.338 0.29316 0.0799326
2.339 0.307715 0.0812417
2.34 0.322184 0.0825461
2.341 0.336569 0.0838498
2.342 0.351053 0.0851474
2.343 0.365462 0.0864309
2.344 0.379782 0.087704
2.345 0.394196 0.088968
2.346 0.408531 0.0902175
2.347 0.422775 0.0914567
2.348 0.436928 0.092693
2.349 0.451173 0.0939225
2.35 0.465337 0.0951378
2.351 0.479588 0.0963365
2.352 0.493389 0.0975302
2.353 0.507621 0.0987224
2.354 0.52161 0.099896
2.355 0.535669 0.101052
2.356 0.549457 0.102202
2.357 0.5635 0.103344
2.358 0.5771 0.104478
2.359 0.591126 0.105603
2.36 0.604899 0.106707
2.361 0.618555 0.107799
2.362 0.632289 0.108886
2.363 0.645929 0.109961
2.364 0.659462 0.111025
2.365 0.673253 0.112074
2.366 0.68659 0.113106
2.367 0.699977 0.114138
2.368 0.713633 0.115159
2.369 0.727014 0.116152
2.37 0.740266 0.117136
2.371 0.753589 0.118118
2.372 0.766809 0.119087
2.373 0.780095 0.12004
2.374 0.793272 0.120975
2.375 0.806329 0.1219
2.376 0.819449 0.122815
2.377 0.832459 0.123716
2.378 0.845346 0.124606
2.379 0.858476 0.125481
2.38 0.871135 0.12634
2.381 0.884194 0.127188
2.382 0.896794 0.128021
2.383 0.909608 0.128843
2.384 0.922315 0.129651
2.385 0.935072 0.130437
2.386 0.947523 0.13121
2.387 0.960013 0.131981
2.388 0.972382 0.132745
2.389 0.984982 0.133489
2.39 0.997465 0.134203
2.391 1.00962 0.134903
2.392 1.02181 0.135605
2.393 1.03424 0.136292
2.394 1.04618 0.136956
2.395 1.0585 0.137607
2.396 1.07035 0.138245
2.397 1.08239 0.138873
2.398 1.09449 0.139481
2.399 1.10627 0.140066
2.4 1.11807 0.140646
2.401 1.12973 0.141219
2.402 1.1416 0.141774
2.403 1.15316 0.142306
2.404 1.16473 0.142827
2.405 1.17634 0.143334
2.406 1.18781 0.143821
2.407 1.19929 0.144291
2.408 1.21044 0.144753
2.409 1.22179 0.145208
2.41 1.23318 0.145638
2.411 1.24423 0.146045
2.412 1.25528 0.146448
2.413 1.26637 0.146839
2.414 1.27729 0.147211
2.415 1.28823 0.147567
2.416 1.29901 0.147909
2.417 1.30998 0.148232
2.418 1.32061 0.148533
2.419 1.33124 0.148824
2.42 1.3417 0.14911
2.421 1.35235 0.149379
2.422 1.36285 0.149622
2.423 1.37316 0.149849
2.424 1.38347 0.150067
2.425 1.3938 0.15027
2.426 1.40394 0.150453
2.427 1.41391 0.150627
2.428 1.42405 0.150791
2.429 1.43421 0.150925
2.43 1.44382 0.151043
2.431 1.45376 0.151159
2.432 1.46355 0.151256
2.433 1.47314 0.151332
2.434 1.4829 0.151395
2.435 1.4923 0.151441
2.436 1.50186 0.151474
2.437 1.51124 0.15149
2.438 1.52042 0.151494
2.439 1.52976 0.151487
2.44 1.53911 0.151453
2.441 1.54789 0.151403
2.442 1.55717 0.151348
2.443 1.56593 0.151273
2.444 1.57482 0.151186
2.445 1.58371 0.151083
2.446 1.59239 0.150958
2.447 1.60086 0.150825
2.448 1.60949 0.150685
2.449 1.6181 0.150518
2.45 1.62632 0.150332
2.451 1.63487 0.150135
2.452 1.64285 0.149924
2.453 1.65115 0.149703
2.454 1.65907 0.149468
2.455 1.66731 0.149213
2.456 1.67499 0.14894
2.457 1.68297 0.148657
2.458 1.69058 0.148362
2.459 1.69831 0.148052
2.46 1.70601 0.147722
2.461 1.71331 0.147375
2.462 1.72073 0.147026
2.463 1.72813 0.146661
2.464 1.73549 0.146269
2.465 1.74243 0.145865
2.466 1.74968 0.145456
2.467 1.75654 0.14503
2.468 1.76351 0.144589
2.469 1.77027 0.144136
2.47 1.77696 0.14367
2.471 1.78361 0.143192
2.472 1.79021 0.142695
2.473 1.79675 0.142179
2.474 1.80306 0.141649
2.475 1.8093 0.141114
2.476 1.81549 0.140569
2.477 1.82163 0.140008
2.478 1.82752 0.139434
2.479 1.83353 0.138848
2.48 1.83949 0.138241
2.481 1.84501 0.137619
2.482 1.85083 0.136993
2.483 1.85623 0.136354
2.484 1.86192 0.135698
2.485 1.8672 0.135024
2.486 1.87236 0.134346
2.487 1.87763 0.133663
2.488 1.88273 0.13296
2.489 1.88772 0.132241
2.49 1.89263 0.131513
2.491 1.89746 0.130772
2.492 1.90217 0.130019
2.493 1.90679 0.129255
2.494 1.91132 0.12848
2.495 1.91575 0.127693
2.496 1.92009 0.126894
2.497 1.92435 0.126083
2.498 1.92847 0.125262
2.499 1.93254 0.124429
2.5 1.93648 0.123586
2.501 1.94036 0.122731
2.502 1.94409 0.121865
2.503 1.94777 0.12099
2.504 1.95135 0.120103
2.505 1.9548 0.119205
2.506 1.95819 0.118297
2.507 1.96143 0.11738
2.508 1.96462 0.116452
2.509 1.96769 0.115514
2.51 1.97067 0.114566
2.511 1.97356 0.113608
2.512 1.97632 0.112641
2.513 1.97901 0.111665
2.514 1.98159 0.110679
2.515 1.98408 0.109683
2.516 1.98645 0.108679
2.517 1.98875 0.107666
2.518 1.99091 0.106643
2.519 1.993 0.105613
2.52 1.99499 0.104573
2.521 1.99687 0.103525
2.522 1.99864 0.102468
2.523 2.00034 0.101404
2.524 2.0019 0.100331
2.525 2.00338 0.0992506
2.526 2.00476 0.098163
2.527 2.00604 0.0970672
2.528 2.00722 0.0959636
2.529 2.0083 0.0948527
2.53 2.00927 0.0937347
2.531 2.01016 0.0926093
2.532 2.01093 0.0914765
2.533 2.01159 0.0903377
2.534 2.01217 0.0891927
2.535 2.01262 0.0880412
2.536 2.013 0.0868832
2.537 2.01328 0.0857175
2.538 2.01343 0.0845454
2.539 2.0135 0.0833686
2.54 2.01345 0.0821865
2.541 2.01332 0.0809985
2.542 2.0131 0.079804
2.543 2.01273 0.0786042
2.544 2.01231 0.0774002
2.545 2.01176 0.0761907
2.546 2.01112 0.074976
2.547 2.01037 0.0737569
2.548 2.00954 0.0725327
2.549 2.00857 0.0713039
2.55 2.00754 0.0700713
2.551 2.00638 0.0688343
2.552 2.00513 0.0675932
2.553 2.00379 0.0663484
2.554 2.00235 0.065099
2.555 2.0008 0.0638455
2.556 1.99914 0.0625894
2.557 1.9974 0.0613308
2.558 1.99556 0.060068
2.559 1.9936 0.0588019
2.56 1.99155 0.0575339
2.561 1.9894 0.0562637
2.562 1.98717 0.0549904
2.563 1.98482 0.053714
2.564 1.98238 0.0524353
2.565 1.97982 0.0511552
2.566 1.97721 0.0498728
2.567 1.97444 0.0485882
2.568 1.97163 0.047302
2.569 1.96868 0.046014
2.57 1.96566 0.0447249
2.571 1.96253 0.0434345
2.572 1.9593 0.0421428
2.573 1.95599 0.0408502
2.574 1.95256 0.0395567
2.575 1.94906 0.0382632
2.576 1.94545 0.0369689
2.577 1.94174 0.0356743
2.578 1.93793 0.0343801
2.579 1.93405 0.0330856
2.58 1.93006 0.0317907
2.581 1.92597 0.0304965
2.582 1.9218 0.029203
2.583 1.91753 0.0279091
2.584 1.91316 0.0266157
2.585 1.90872 0.0253234
2.586 1.90415 0.0240318
2.587 1.89953 0.0227415
2.588 1.89479 0.0214522
2.589 1.88995 0.0201647
2.59 1.88506 0.0188785
2.591 1.88004 0.0175933
2.592 1.87494 0.0163108
2.593 1.86977 0.0150304
2.594 1.86448 0.0137515
2.595 1.85914 0.0124746
2.596 1.85367 0.0112
2.597 1.84815 0.0099286
2.598 1.84251 0.00866002
2.599 1.8368 0.00739431
2.6 1.831 0.00613157
2.601 1.82512 0.00487135
2.602 1.81916 0.00361364
2.603 1.81308 0.00235976
2.604 1.80695 0.00111022
2.605 1.80074 -0.000136539
2.606 1.79443 -0.00138032
2.607 1.78803 -0.0026197
2.608 1.78156 -0.00385472
2.609 1.77499 -0.00508537
2.61 1.76838 -0.00631212
2.611 1.76166 -0.0075356
2.612 1.75486 -0.00875407
2.613 1.74797 -0.00996688
2.614 1.74104 -0.0111755
2.615 1.73398 -0.0123798
2.616 1.72688 -0.0135784
2.617 1.71971 -0.0147724
2.618 1.71243 -0.0159622
2.619 1.70508 -0.0171454
2.62 1.69767 -0.0183223
2.621 1.69017 -0.0194942
2.622 1.68262 -0.0206609
2.623 1.67498 -0.021822
2.624 1.66725 -0.0229764
2.625 1.65947 -0.024124
2.626 1.65163 -0.0252668
2.627 1.6437 -0.0264038
2.628 1.63569 -0.0275337
2.629 1.62764 -0.0286569
2.63 1.6195 -0.0297743
2.631 1.61127 -0.0308841
2.632 1.60303 -0.0319869
2.633 1.59466 -0.0330835
2.634 1.58627 -0.0341723
2.635 1.57781 -0.0352543
2.636 1.56927 -0.03633
2.637 1.56066 -0.0373975
2.638 1.55202 -0.0384574
2.639 1.54327 -0.0395099
2.64 1.5345 -0.0405543
2.641 1.52565 -0.0415916
2.642 1.51673 -0.0426209
2.643 1.50777 -0.0436417
2.644 1.49875 -0.0446555
2.645 1.48967 -0.0456617
2.646 1.48051 -0.0466587
2.647 1.47132 -0.0476464
2.648 1.46207 -0.0486262
2.649 1.45276 -0.0495983
2.65 1.44339 -0.0505615
2.651 1.43398 -0.0515154
2.652 1.42452 -0.052461
2.653 1.41499 -0.0533982
2.654 1.40541 -0.0543255
2.655 1.3958 -0.0552436
2.656 1.38611 -0.056153
2.657 1.37642 -0.0570535
2.658 1.36663 -0.0579457
2.659 1.35683 -0.0588285
2.66 1.34695 -0.0597014
2.661 1.33706 -0.0605649
2.662 1.3271 -0.061419
2.663 1.31712 -0.0622637
2.664 1.30707 -0.0630988
2.665 1.297 -0.0639237
2.666 1.28687 -0.0647382
2.667 1.27671 -0.0655427
2.668 1.26651 -0.0663375
2.669 1.25628 -0.0671225
2.67 1.246 -0.0678978
2.671 1.23568 -0.0686628
2.672 1.22534 -0.0694172
2.673 1.21497 -0.0701621
2.674 1.20454 -0.0708974
2.675 1.19409 -0.0716216
2.676 1.1836 -0.0723348
2.677 1.17311 -0.0730384
2.678 1.16254 -0.0737321
2.679 1.15197 -0.0744144
2.68 1.14137 -0.0750861
2.681 1.13073 -0.0757474
2.682 1.12008 -0.0763977
2.683 1.10939 -0.0770375
2.684 1.09868 -0.0776663
2.685 1.08795 -0.0782839
2.686 1.0772 -0.0788914
2.687 1.0664 -0.0794881
2.688 1.05562 -0.0800731
2.689 1.04477 -0.0806474
2.69 1.03394 -0.0812106
2.691 1.02306 -0.0817627
2.692 1.0122 -0.0823043
2.693 1.00129 -0.0828355
2.694 0.990384 -0.0833556
2.695 0.979454 -0.0838644
2.696 0.968503 -0.0843619
2.697 0.957552 -0.0848481
2.698 0.946583 -0.0853234
2.699 0.935597 -0.0857874
2.7 0.924595 -0.0862395
2.701 0.913596 -0.0866799
2.702 0.902583 -0.0871095
2.703 0.891576 -0.0875284
2.704 0.880539 -0.0879362
2.705 0.869489 -0.0883315
2.706 0.858467 -0.0887152
2.707 0.847419 -0.0890886
2.708 0.836379 -0.0894512
2.709 0.825315 -0.089802
2.71 0.814263 -0.0901409
2.711 0.803224 -0.0904689
2.712 0.792164 -0.0907865
2.713 0.781101 -0.091092
2.714 0.770057 -0.0913857
2.715 0.759009 -0.0916686
2.716 0.747964 -0.0919406
2.717 0.736922 -0.092201
2.718 0.725889 -0.09245
2.719 0.714858 -0.0926877
2.72 0.703838 -0.092914
2.721 0.692823 -0.0931289
2.722 0.681818 -0.0933325
2.723 0.670822 -0.0935246
2.724 0.659837 -0.0937054
2.725 0.648865 -0.093875
2.726 0.637904 -0.0940333
2.727 0.626957 -0.0941804
2.728 0.616022 -0.0943162
2.729 0.605105 -0.0944409
2.73 0.594201 -0.0945545
2.731 0.583317 -0.094657
2.732 0.572447 -0.0947485
2.733 0.561598 -0.0948288
2.734 0.550768 -0.0948982
2.735 0.539956 -0.0949566
2.736 0.529168 -0.0950039
2.737 0.5184 -0.0950404
2.738 0.507653 -0.0950658
2.739 0.496933 -0.0950802
2.74 0.486236 -0.0950838
2.741 0.475564 -0.0950766
2.742 0.464917 -0.0950585
2.743 0.454297 -0.0950296
2.744 0.443706 -0.09499
2.745 0.433144 -0.0949398
2.746 0.422608 -0.094879
2.747 0.412105 -0.0948076
2.748 0.401631 -0.0947257
2.749 0.391191 -0.0946333
2.75 0.38078 -0.0945305
2.751 0.370404 -0.0944172
2.752 0.360063 -0.0942935
2.753 0.349755 -0.0941595
2.754 0.339482 -0.0940151
2.755 0.329248 -0.0938603
2.756 0.319049 -0.0936954
2.757 0.308888 -0.0935204
2.758 0.298767 -0.0933352
2.759 0.288684 -0.0931401
2.76 0.278642 -0.092935
2.761 0.26864 -0.09272
2.762 0.258679 -0.0924953
2.763 0.248762 -0.0922609
2.764 0.238886 -0.0920168
2.765 0.229056 -0.0917631
2.766 0.219268 -0.0914999
2.767 0.209527 -0.091227
2.768 0.19983 -0.0909447
2.769 0.19018 -0.0906529
2.77 0.180577 -0.0903517
2.771 0.171024 -0.0900412
2.772 0.161517 -0.0897214
2.773 0.15206 -0.0893924
2.774 0.142653 -0.0890543
2.775 0.133298 -0.0887072
2.776 0.123992 -0.0883513
2.777 0.114738 -0.0879865
2.778 0.105537 -0.087613
2.779 0.0963886 -0.0872308
2.78 0.0872944 -0.0868402
2.781 0.0782549 -0.0864411
2.782 0.0692691 -0.0860336
2.783 0.0603393 -0.0856177
2.784 0.0514664 -0.0851935
2.785 0.0426475 -0.084761
2.786 0.0338886 -0.0843203
2.787 0.025187 -0.0838713
2.788 0.0165432 -0.0834144
2.789 0.00795793 -0.0829493
2.79 -0.000566347 -0.0824763
2.791 -0.00903068 -0.0819956
2.792 -0.0174364 -0.0815071
2.793 -0.0257774 -0.081011
2.794 -0.0340601 -0.0805075
2.795 -0.0422808 -0.0799965
2.796 -0.0504347 -0.0794783
2.797 -0.0585304 -0.078953
2.798 -0.0665586 -0.0784207
2.799 -0.0745255 -0.0778813
2.8 -0.0824254 -0.0773349
2.801 -0.0902611 -0.0767818
2.802 -0.0980341 -0.0762218
2.803 -0.105737 -0.075655
2.804 -0.113375 -0.0750816
2.805 -0.120947 -0.0745016
2.806 -0.12845 -0.073915
2.807 -0.135884 -0.0733221
2.808 -0.143254 -0.072723
2.809 -0.150554 -0.0721174
2.81 -0.157782 -0.0715058
2.811 -0.164943 -0.0708883
2.812 -0.172035 -0.0702649
2.813 -0.179054 -0.0696358
2.814 -0.186006 -0.069001
2.815 -0.192885 -0.0683606
2.816 -0.199694 -0.0677146
2.817 -0.206429 -0.0670634
2.818 -0.213094 -0.0664069
2.819 -0.219687 -0.0657451
2.82 -0.226207 -0.0650781
2.821 -0.232653 -0.0644062
2.822 -0.239028 -0.0637294
2.823 -0.245328 -0.0630476
2.824 -0.251555 -0.0623611
2.825 -0.257707 -0.0616699
2.826 -0.263785 -0.0609743
2.827 -0.26979 -0.0602741
2.828 -0.275718 -0.0595697
2.829 -0.281573 -0.058861
2.83 -0.28735 -0.0581481
2.831 -0.293055 -0.0574313
2.832 -0.298681 -0.0567105
2.833 -0.304233 -0.0559859
2.834 -0.309708 -0.0552576
2.835 -0.315107 -0.0545255
2.836 -0.320428 -0.05379
2.837 -0.325675 -0.0530511
2.838 -0.330844 -0.0523087
2.839 -0.335934 -0.0515631
2.84 -0.340949 -0.0508144
2.841 -0.345886 -0.0500627
2.842 -0.350747 -0.0493079
2.843 -0.355528 -0.0485504
2.844 -0.360233 -0.0477902
2.845 -0.364858 -0.0470273
2.846 -0.369408 -0.046262
2.847 -0.373878 -0.0454942
2.848 -0.378271 -0.044724
2.849 -0.382583 -0.0439516
2.85 -0.38682 -0.0431772
2.851 -0.390978 -0.0424006
2.852 -0.395058 -0.0416219
2.853 -0.399057 -0.0408414
2.854 -0.40298 -0.0400593
2.855 -0.406823 -0.0392755
2.856 -0.410588 -0.0384901
2.857 -0.414275 -0.0377034
2.858 -0.417883 -0.0369153
2.859 -0.421412 -0.036126
2.86 -0.424864 -0.0353356
2.861 -0.428236 -0.0345441
2.862 -0.43153 -0.0337518
2.863 -0.434745 -0.0329586
2.864 -0.437885 -0.0321647
2.865 -0.440941 -0.0313701
2.866 -0.443924 -0.030575
2.867 -0.446825 -0.0297794
2.868 -0.44965 -0.0289834
2.869 -0.452396 -0.0281872
2.87 -0.455065 -0.0273906
2.871 -0.457654 -0.0265941
2.872 -0.460168 -0.0257976
2.873 -0.462603 -0.0250011
2.874 -0.464961 -0.0242048
2.875 -0.467241 -0.0234089
2.876 -0.469444 -0.0226134
2.877 -0.47157 -0.0218184
2.878 -0.473619 -0.021024
2.879 -0.475591 -0.0202303
2.88 -0.477487 -0.0194375
2.881 -0.479306 -0.0186455
2.882 -0.481049 -0.0178544
2.883 -0.482717 -0.0170645
2.884 -0.484308 -0.0162756
2.885 -0.485823 -0.0154881
2.886 -0.487263 -0.0147018
2.887 -0.488628 -0.013917
2.888 -0.489919 -0.0131337
2.889 -0.491134 -0.012352
2.89 -0.492275 -0.011572
2.891 -0.493342 -0.0107937
2.892 -0.494334 -0.0100173
2.893 -0.495253 -0.00924281
2.894 -0.496099 -0.00847035
2.895 -0.496871 -0.00769997
2.896 -0.497571 -0.00693177
2.897 -0.498198 -0.00616583
2.898 -0.498752 -0.00540222
2.899 -0.499235 -0.00464106
2.9 -0.499646 -0.00388242
2.901 -0.499985 -0.00312639
2.902 -0.500254 -0.00237306
2.903 -0.500452 -0.00162253
2.904 -0.50058 -0.000874883
2.905 -0.500637 -0.000130186
2.906 -0.500625 0.000611481
2.907 -0.500544 0.00135003
2.908 -0.500394 0.0020854
2.909 -0.500175 0.00281752
2.91 -0.499888 0.00354632
2.911 -0.499533 0.00427173
2.912 -0.499111 0.0049937
2.913 -0.498621 0.00571213
2.914 -0.498066 0.00642694
2.915 -0.497443 0.00713808
2.916 -0.496755 0.00784545
2.917 -0.496002 0.00854897
2.918 -0.495184 0.00924858
2.919 -0.494301 0.00994419
2.92 -0.493354 0.0106357
2.921 -0.492344 0.0113232
2.922 -0.49127 0.0120064
2.923 -0.490133 0.0126854
2.924 -0.488934 0.01336
2.925 -0.487674 0.0140303
2.926 -0.486351 0.0146962
2.927 -0.484969 0.0153577
2.928 -0.483525 0.0160145
2.929 -0.482021 0.0166668
2.93 -0.480458 0.0173144
2.931 -0.478836 0.0179572
2.932 -0.477156 0.0185951
2.933 -0.475417 0.0192282
2.934 -0.473621 0.0198562
2.935 -0.471768 0.0204793
2.936 -0.469858 0.0210972
2.937 -0.467893 0.0217099
2.938 -0.465872 0.0223175
2.939 -0.463796 0.0229198
2.94 -0.461666 0.0235169
2.941 -0.459482 0.0241087
2.942 -0.457245 0.0246952
2.943 -0.454955 0.0252764
2.944 -0.452612 0.0258521
2.945 -0.450218 0.0264224
2.946 -0.447772 0.0269872
2.947 -0.445276 0.0275464
2.948 -0.44273 0.0281
2.949 -0.440135 0.0286478
2.95 -0.43749 0.0291899
2.951 -0.434797 0.0297261
2.952 -0.432057 0.0302564
2.953 -0.429269 0.0307807
2.954 -0.426434 0.031299
2.955 -0.423554 0.0318113
2.956 -0.420628 0.0323176
2.957 -0.417657 0.0328178
2.958 -0.414642 0.0333119
2.959 -0.411583 0.0337999
2.96 -0.408482 0.0342818
2.961 -0.405337 0.0347576
2.962 -0.402151 0.0352272
2.963 -0.398923 0.0356905
2.964 -0.395655 0.0361476
2.965 -0.392347 0.0365984
2.966 -0.388999 0.0370429
2.967 -0.385612 0.0374809
2.968 -0.382187 0.0379126
2.969 -0.378724 0.0383378
2.97 -0.375224 0.0387565
2.971 -0.371688 0.0391687
2.972 -0.368116 0.0395744
2.973 -0.364509 0.0399735
2.974 -0.360867 0.040366
2.975 -0.357191 0.0407519
2.976 -0.353482 0.0411312
2.977 -0.349741 0.0415039
2.978 -0.345967 0.0418699
2.979 -0.342162 0.0422292
2.98 -0.338326 0.0425818
2.981 -0.334459 0.0429277
2.982 -0.330564 0.0432669
2.983 -0.326639 0.0435993
2.984 -0.322686 0.043925
2.985 -0.318706 0.0442439
2.986 -0.314698 0.0445561
2.987 -0.310664 0.0448615
2.988 -0.306604 0.0451601
2.989 -0.302519 0.0454519
2.99 -0.29841 0.0457369
2.991 -0.294277 0.046015
2.992 -0.29012 0.0462863
2.993 -0.285941 0.0465508
2.994 -0.281741 0.0468084
2.995 -0.277518 0.047059
2.996 -0.273275 0.0473028
2.997 -0.269012 0.0475398
2.998 -0.26473 0.0477698
2.999 -0.260429 0.0479929
3 -0.25611 0.0482092
3.001 -0.251773 0.0484186
3.002 -0.24742 0.0486212
3.003 -0.24305 0.0488169
3.004 -0.238665 0.0490057
3.005 -0.234264 0.0491877
3.006 -0.229849 0.0493629
3.007 -0.225421 0.0495312
3.008 -0.22098 0.0496926
3.009 -0.216526 0.0498471
3.01 -0.21206 0.0499948
3.011 -0.207583 0.0501355
3.012 -0.203095 0.0502694
3.013 -0.198598 0.0503965
3.014 -0.194091 0.0505167
3.015 -0.189576 0.0506302
3.016 -0.185052 0.0507369
3.017 -0.180521 0.0508368
3.018 -0.175983 0.05093
3.019 -0.171439 0.0510166
3.02 -0.166889 0.0510964
3.021 -0.162334 0.0511696
3.022 -0.157775 0.0512361
3.023 -0.153212 0.051296
3.024 -0.148645 0.0513492
3.025 -0.144076 0.0513958
3.026 -0.139505 0.0514357
3.027 -0.134933 0.051469
3.028 -0.130359 0.0514957
3.029 -0.125786 0.0515159
3.03 -0.121212 0.0515294
3.031 -0.11664 0.0515365
3.032 -0.112069 0.0515371
3.033 -0.1075 0.0515313
3.034 -0.102934 0.051519
3.035 -0.0983715 0.0515004
3.036 -0.0938125 0.0514754
3.037 -0.0892578 0.051444
3.038 -0.0847081 0.0514064
3.039 -0.0801639 0.0513624
3.04 -0.0756257 0.0513121
3.041 -0.0710943 0.0512556
3.042 -0.06657 0.0511928
3.043 -0.0620535 0.0511238
3.044 -0.0575453 0.0510486
3.045 -0.053046 0.0509673
3.046 -0.048556 0.05088
3.047 -0.044076 0.0507866
3.048 -0.0396064 0.0506872
3.049 -0.0351478 0.0505819
3.05 -0.0307007 0.0504708
3.051 -0.0262656 0.0503538
3.052 -0.0218429 0.050231
3.053 -0.0174334 0.0501024
3.054 -0.0130373 0.0499681
3.055 -0.00865536 0.049828
3.056 -0.00428798 0.0496822
3.057 6.43273e-05 0.0495308
3.058 0.00440105 0.0493736
3.059 0.00872166 0.0492109
3.06 0.0130257 0.0490425
3.061 0.0173127 0.0488686
3.062 0.021582 0.0486892
3.063 0.0258334 0.0485043
3.064 0.0300663 0.048314
3.065 0.0342801 0.0481185
3.066 0.0384746 0.0479176
3.067 0.0426492 0.0477116
3.068 0.0468034 0.0475004
3.069 0.0509369 0.0472841
3.07 0.0550492 0.0470627
3.071 0.0591398 0.0468364
3.072 0.0632084 0.046605
3.073 0.0672544 0.0463688
3.074 0.0712774 0.0461276
3.075 0.0752771 0.0458816
3.076 0.079253 0.0456308
3.077 0.0832047 0.0453753
3.078 0.0871317 0.0451149
3.079 0.0910337 0.0448499
3.08 0.0949103 0.0445803
3.081 0.0987609 0.044306
3.082 0.102585 0.0440272
3.083 0.106383 0.0437439
3.084 0.110154 0.0434562
3.085 0.113897 0.0431641
3.086 0.117613 0.0428677
3.087 0.121301 0.0425671
3.088 0.12496 0.0422624
3.089 0.12859 0.0419535
3.09 0.132191 0.0416407
3.091 0.135763 0.0413239
3.092 0.139304 0.0410032
3.093 0.142816 0.0406786
3.094 0.146297 0.0403501
3.095 0.149747 0.0400179
3.096 0.153167 0.0396819
3.097 0.156554 0.0393421
3.098 0.15991 0.0389987
3.099 0.163234 0.0386515
3.1 0.166525 0.0383008
3.101 0.169783 0.0379466
3.102 0.173009 0.0375888
3.103 0.176201 0.0372277
3.104 0.17936 0.0368633
3.105 0.182485 0.0364957
3.106 0.185575 0.036125
3.107 0.188632 0.0357512
3.108 0.191654 0.0353745
3.109 0.19464 0.0349948
3.11 0.197592 0.0346122
3.111 0.200509 0.0342268
3.112 0.20339 0.0338387
3.113 0.206235 0.0334477
3.114 0.209045 0.033054
3.115 0.211818 0.0326576
3.116 0.214554 0.0322585
3.117 0.217254 0.0318568
3.118 0.219917 0.0314526
3.119 0.222542 0.031046
3.12 0.225131 0.0306369
3.121 0.227682 0.0302256
3.122 0.230195 0.029812
3.123 0.232671 0.0293963
3.124 0.235108 0.0289786
3.125 0.237508 0.0285589
3.126 0.239869 0.0281372
3.127 0.242192 0.0277137
3.128 0.244476 0.0272883
3.129 0.246721 0.0268611
3.13 0.248928 0.0264321
3.131 0.251095 0.0260014
3.132 0.253223 0.025569
3.133 0.255312 0.025135
3.134 0.257362 0.0246995
3.135 0.259372 0.0242624
3.136 0.261343 0.023824
3.137 0.263273 0.0233842
3.138 0.265164 0.0229432
3.139 0.267015 0.022501
3.14 0.268826 0.0220577
3.141 0.270597 0.0216134
3.142 0.272328 0.0211681
3.143 0.274019 0.0207218
3.144 0.27567 0.0202746
3.145 0.27728 0.0198266
3.146 0.27885 0.0193777
3.147 0.280379 0.0189281
3.148 0.281868 0.0184777
3.149 0.283317 0.0180267
3.15 0.284724 0.0175751
3.151 0.286092 0.0171229
3.152 0.287419 0.0166703
3.153 0.288705 0.0162173
3.154 0.28995 0.015764
3.155 0.291155 0.0153105
3.156 0.29232 0.0148568
3.157 0.293443 0.0144029
3.158 0.294527 0.013949
3.159 0.295569 0.0134952
3.16 0.296571 0.0130413
3.161 0.297533 0.0125875
3.162 0.298454 0.0121338
3.163 0.299335 0.0116803
3.164 0.300175 0.0112271
3.165 0.300975 0.010774
3.166 0.301734 0.0103214
3.167 0.302453 0.00986905
3.168 0.303132 0.00941718
3.169 0.303771 0.00896582
3.17 0.30437 0.00851503
3.171 0.304929 0.00806485
3.172 0.305448 0.00761536
3.173 0.305927 0.00716661
3.174 0.306366 0.00671866
3.175 0.306765 0.00627156
3.176 0.307125 0.00582536
3.177 0.307446 0.00538012
3.178 0.307727 0.00493589
3.179 0.307969 0.00449272
3.18 0.308172 0.00405066
3.181 0.308336 0.00360976
3.182 0.30846 0.00317006
3.183 0.308547 0.00273161
3.184 0.308594 0.00229444
3.185 0.308603 0.0018586
3.186 0.308574 0.00142412
3.187 0.308506 0.000991054
3.188 0.308401 0.000559442
3.189 0.308257 0.000129336
3.19 0.308076 -0.00029921
3.191 0.307857 -0.000726136
3.192 0.307601 -0.00115138
3.193 0.307307 -0.00157487
3.194 0.306977 -0.00199655
3.195 0.306609 -0.00241636
3.196 0.306205 -0.00283424
3.197 0.305764 -0.00325014
3.198 0.305287 -0.00366401
3.199 0.304774 -0.00407584
3.2 0.304225 -0.0044856
3.201 0.303641 -0.00489326
3.202 0.30302 -0.00529882
3.203 0.302365 -0.00570225
3.204 0.301674 -0.00610353
3.205 0.300949 -0.00650263
3.206 0.300189 -0.00689951
3.207 0.299394 -0.00729411
3.208 0.298565 -0.00768638
3.209 0.297702 -0.00807625
3.21 0.296805 -0.00846365
3.211 0.295875 -0.00884851
3.212 0.294911 -0.00923077
3.213 0.293915 -0.00961038
3.214 0.292885 -0.00998729
3.215 0.291823 -0.0103615
3.216 0.290729 -0.0107329
3.217 0.289603 -0.0111016
3.218 0.288445 -0.0114675
3.219 0.287256 -0.0118307
3.22 0.286035 -0.012191
3.221 0.284784 -0.0125486
3.222 0.283502 -0.0129033
3.223 0.282189 -0.0132552
3.224 0.280846 -0.0136042
3.225 0.279473 -0.0139502
3.226 0.278071 -0.0142932
3.227 0.276639 -0.0146332
3.228 0.275178 -0.01497
3.229 0.273688 -0.0153036
3.23 0.272171 -0.015634
3.231 0.270625 -0.0159612
3.232 0.269051 -0.0162851
3.233 0.267449 -0.0166057
3.234 0.265821 -0.0169231
3.235 0.264165 -0.0172372
3.236 0.262483 -0.0175481
3.237 0.260774 -0.0178556
3.238 0.25904 -0.0181598
3.239 0.25728 -0.0184607
3.24 0.255494 -0.0187582
3.241 0.253683 -0.0190523
3.242 0.251847 -0.0193428
3.243 0.249988 -0.0196299
3.244 0.248103 -0.0199134
3.245 0.246196 -0.0201933
3.246 0.244264 -0.0204695
3.247 0.24231 -0.0207422
3.248 0.240333 -0.0210112
3.249 0.238333 -0.0212766
3.25 0.236311 -0.0215383
3.251 0.234268 -0.0217965
3.252 0.232203 -0.022051
3.253 0.230117 -0.0223019
3.254 0.22801 -0.0225491
3.255 0.225882 -0.0227926
3.256 0.223735 -0.0230325
3.257 0.221567 -0.0232686
3.258 0.21938 -0.0235009
3.259 0.217174 -0.0237294
3.26 0.21495 -0.023954
3.261 0.212707 -0.0241748
3.262 0.210446 -0.0243917
3.263 0.208167 -0.0246047
3.264 0.205871 -0.0248139
3.265 0.203558 -0.0250191
3.266 0.201228 -0.0252205
3.267 0.198882 -0.025418
3.268 0.19652 -0.0256116
3.269 0.194142 -0.0258014
3.27 0.19175 -0.0259872
3.271 0.189342 -0.0261692
3.272 0.18692 -0.0263472
3.273 0.184483 -0.0265213
3.274 0.182033 -0.0266914
3.275 0.17957 -0.0268576
3.276 0.177093 -0.0270198
3.277 0.174603 -0.027178
3.278 0.172101 -0.0273322
3.279 0.169587 -0.0274824
3.28 0.167062 -0.0276287
3.281 0.164525 -0.027771
3.282 0.161977 -0.0279093
3.283 0.159419 -0.0280437
3.284 0.15685 -0.0281741
3.285 0.154271 -0.0283005
3.286 0.151683 -0.0284229
3.287 0.149086 -0.0285413
3.288 0.14648 -0.0286558
3.289 0.143865 -0.0287661
3.29 0.141242 -0.0288725
3.291 0.138612 -0.0289748
3.292 0.135974 -0.0290731
3.293 0.133329 -0.0291674
3.294 0.130678 -0.0292578
3.295 0.12802 -0.0293441
3.296 0.125356 -0.0294265
3.297 0.122687 -0.029505
3.298 0.120012 -0.0295795
3.299 0.117333 -0.0296501
3.3 0.114649 -0.0297168
3.301 0.11196 -0.0297796
3.302 0.109268 -0.0298385
3.303 0.106573 -0.0298934
3.304 0.103874 -0.0299444
3.305 0.101172 -0.0299914
3.306 0.0984678 -0.0300346
3.307 0.0957615 -0.0300738
3.308 0.0930535 -0.0301091
3.309 0.090344 -0.0301405
3.31 0.0876335 -0.0301681
3.311 0.0849221 -0.0301918
3.312 0.0822104 -0.0302117
3.313 0.0794986 -0.0302278
3.314 0.0767871 -0.03024
3.315 0.0740762 -0.0302484
3.316 0.0713662 -0.0302531
3.317 0.0686574 -0.0302539
3.318 0.0659503 -0.0302509
3.319 0.0632452 -0.0302442
3.32 0.0605423 -0.0302337
3.321 0.057842 -0.0302195
3.322 0.0551447 -0.0302016
3.323 0.0524506 -0.03018
3.324 0.0497601 -0.0301547
3.325 0.0470734 -0.0301258
3.326 0.0443909 -0.0300933
3.327 0.041713 -0.0300572
3.328 0.0390399 -0.0300176
3.329 0.0363719 -0.0299744
3.33 0.0337093 -0.0299276
3.331 0.0310525 -0.0298772
3.332 0.0284019 -0.0298234
3.333 0.0257576 -0.0297659
3.334 0.02312 -0.029705
3.335 0.0204894 -0.0296405
3.336 0.0178662 -0.0295726
3.337 0.0152506 -0.0295012
3.338 0.0126429 -0.0294264
3.339 0.0100434 -0.0293483
3.34 0.00745233 -0.0292668
3.341 0.00487006 -0.0291821
3.342 0.00229683 -0.029094
3.343 -0.000267082 -0.0290028
3.344 -0.00282138 -0.0289083
3.345 -0.0053658 -0.0288106
3.346 -0.00790003 -0.0287097
3.347 -0.0104238 -0.0286055
3.348 -0.0129368 -0.0284982
3.349 -0.0154388 -0.0283876
3.35 -0.0179295 -0.0282739
3.351 -0.0204086 -0.028157
3.352 -0.0228758 -0.0280371
3.353 -0.025331 -0.027914
3.354 -0.0277737 -0.0277879
3.355 -0.0302039 -0.0276588
3.356 -0.0326212 -0.0275269
3.357 -0.0350254 -0.027392
3.358 -0.0374162 -0.0272543
3.359 -0.0397935 -0.0271138
3.36 -0.042157 -0.0269705
3.361 -0.0445064 -0.0268245
3.362 -0.0468415 -0.0266757
3.363 -0.0491621 -0.0265241
3.364 -0.0514679 -0.0263698
3.365 -0.0537586 -0.0262127
3.366 -0.0560341 -0.0260529
3.367 -0.058294 -0.0258904
3.368 -0.0605382 -0.0257253
3.369 -0.0627665 -0.0255575
3.37 -0.0649786 -0.0253871
3.371 -0.0671743 -0.0252142
3.372 -0.0693534 -0.0250388
3.373 -0.0715157 -0.024861
3.374 -0.0736611 -0.0246808
3.375 -0.0757893 -0.0244982
3.376 -0.0779001 -0.0243134
3.377 -0.0799933 -0.0241262
3.378 -0.0820688 -0.0239367
3.379 -0.0841263 -0.023745
3.38 -0.0861656 -0.023551
3.381 -0.0881866 -0.0233548
3.382 -0.090189 -0.0231564
3.383 -0.0921727 -0.0229559
3.384 -0.0941375 -0.0227532
3.385 -0.0960832 -0.0225484
3.386 -0.0980097 -0.0223416
3.387 -0.0999168 -0.0221327
3.388 -0.101804 -0.021922
3.389 -0.103672 -0.0217093
3.39 -0.10552 -0.0214947
3.391 -0.107348 -0.0212783
3.392 -0.109156 -0.0210601
3.393 -0.110943 -0.0208401
3.394 -0.11271 -0.0206183
3.395 -0.114456 -0.0203947
3.396 -0.116182 -0.0201695
3.397 -0.117886 -0.0199425
3.398 -0.11957 -0.0197138
3.399 -0.121232 -0.0194836
3.4 -0.122873 -0.0192518
3.401 -0.124493 -0.0190184
3.402 -0.126091 -0.0187836
3.403 -0.127667 -0.0185474
3.404 -0.129222 -0.0183097
3.405 -0.130754 -0.0180707
3.406 -0.132265 -0.0178304
3.407 -0.133754 -0.0175888
3.408 -0.13522 -0.0173459
3.409 -0.136664 -0.0171017
3.41 -0.138086 -0.0168564
3.411 -0.139485 -0.0166098
3.412 -0.140862 -0.016362
3.413 -0.142216 -0.0161131
3.414 -0.143547 -0.0158631
3.415 -0.144855 -0.0156121
3.416 -0.146141 -0.01536
3.417 -0.147403 -0.015107
3.418 -0.148643 -0.014853
3.419 -0.149859 -0.0145982
3.42 -0.151052 -0.0143426
3.421 -0.152222 -0.0140861
3.422 -0.153368 -0.0138289
3.423 -0.154491 -0.0135709
3.424 -0.155591 -0.0133123
3.425 -0.156667 -0.0130529
3.426 -0.15772 -0.0127928
3.427 -0.158749 -0.0125322
3.428 -0.159755 -0.0122709
3.429 -0.160737 -0.012009
3.43 -0.161695 -0.0117467
3.431 -0.16263 -0.0114838
3.432 -0.163541 -0.0112205
3.433 -0.164428 -0.0109568
3.434 -0.165291 -0.0106928
3.435 -0.166131 -0.0104284
3.436 -0.166946 -0.0101638
3.437 -0.167738 -0.00989888
3.438 -0.168506 -0.00963372
3.439 -0.169251 -0.00936833
3.44 -0.169971 -0.00910275
3.441 -0.170668 -0.00883701
3.442 -0.171341 -0.00857112
3.443 -0.171989 -0.00830514
3.444 -0.172615 -0.00803911
3.445 -0.173216 -0.00777306
3.446 -0.173793 -0.00750706
3.447 -0.174347 -0.00724114
3.448 -0.174877 -0.00697537
3.449 -0.175383 -0.00670976
3.45 -0.175866 -0.00644437
3.451 -0.176325 -0.00617921
3.452 -0.17676 -0.0059143
3.453 -0.177172 -0.00564966
3.454 -0.17756 -0.0053853
3.455 -0.177924 -0.00512123
3.456 -0.178265 -0.00485747
3.457 -0.178583 -0.00459403
3.458 -0.178877 -0.00433094
3.459 -0.179148 -0.00406824
3.46 -0.179395 -0.00380597
3.461 -0.17962 -0.00354418
3.462 -0.179821 -0.00328292
3.463 -0.179998 -0.00302225
3.464 -0.180153 -0.00276222
3.465 -0.180285 -0.00250287
3.466 -0.180394 -0.00224424
3.467 -0.18048 -0.00198637
3.468 -0.180544 -0.00172927
3.469 -0.180584 -0.00147296
3.47 -0.180603 -0.00121744
3.471 -0.180598 -0.000962725
3.472 -0.180571 -0.000708822
3.473 -0.180522 -0.00045574
3.474 -0.180451 -0.000203497
3.475 -0.180357 4.78829e-05
3.476 -0.180241 0.000298368
3.477 -0.180104 0.00054792
3.478 -0.179944 0.000796496
3.479 -0.179762 0.00104405
3.48 -0.179559 0.00129054
3.481 -0.179335 0.00153592
3.482 -0.179088 0.00178015
3.483 -0.178821 0.0020232
3.484 -0.178532 0.00226504
3.485 -0.178222 0.00250566
3.486 -0.177891 0.00274505
3.487 -0.17754 0.00298318
3.488 -0.177167 0.00322005
3.489 -0.176774 0.00345564
3.49 -0.176361 0.00368995
3.491 -0.175927 0.00392295
3.492 -0.175472 0.00415462
3.493 -0.174998 0.00438493
3.494 -0.174503 0.00461386
3.495 -0.173989 0.00484137
3.496 -0.173455 0.00506743
3.497 -0.172902 0.00529201
3.498 -0.172329 0.00551509
3.499 -0.171736 0.00573664
3.5 -0.171125 0.00595663
3.501 -0.170494 0.00617504
3.502 -0.169845 0.00639186
3.503 -0.169177 0.00660706
3.504 -0.168491 0.00682063
3.505 -0.167786 0.00703256
3.506 -0.167063 0.00724281
3.507 -0.166322 0.00745137
3.508 -0.165562 0.00765822
3.509 -0.164786 0.00786334
3.51 -0.163991 0.00806672
3.511 -0.163179 0.00826832
3.512 -0.16235 0.00846814
3.513 -0.161504 0.00866616
3.514 -0.160641 0.00886236
3.515 -0.159761 0.00905674
3.516 -0.158865 0.00924928
3.517 -0.157952 0.00943996
3.518 -0.157023 0.00962877
3.519 -0.156078 0.00981569
3.52 -0.155117 0.0100007
3.521 -0.15414 0.0101838
3.522 -0.153148 0.0103649
3.523 -0.15214 0.010544
3.524 -0.151117 0.0107211
3.525 -0.15008 0.0108963
3.526 -0.149027 0.0110693
3.527 -0.14796 0.0112404
3.528 -0.146879 0.0114093
3.529 -0.145783 0.0115763
3.53 -0.144674 0.0117411
3.531 -0.14355 0.0119039
3.532 -0.142413 0.0120646
3.533 -0.141262 0.0122233
3.534 -0.140098 0.0123798
3.535 -0.138922 0.0125343
3.536 -0.137732 0.0126866
3.537 -0.136529 0.0128368
3.538 -0.135314 0.0129849
3.539 -0.134087 0.0131308
3.54 -0.132847 0.0132744
3.541 -0.131596 0.0134159
3.542 -0.130333 0.0135551
3.543 -0.129059 0.0136921
3.544 -0.127773 0.0138269
3.545 -0.126476 0.0139594
3.546 -0.125169 0.0140897
3.547 -0.123851 0.0142178
3.548 -0.122522 0.0143437
3.549 -0.121183 0.0144673
3.55 -0.119834 0.0145887
3.551 -0.118475 0.0147079
3.552 -0.117106 0.0148248
3.553 -0.115728 0.0149394
3.554 -0.114341 0.0150517
3.555 -0.112944 0.0151617
3.556 -0.111539 0.0152694
3.557 -0.110125 0.0153747
3.558 -0.108703 0.0154777
3.559 -0.107273 0.0155783
3.56 -0.105834 0.0156766
3.561 -0.104388 0.0157726
3.562 -0.102935 0.0158663
3.563 -0.101474 0.0159576
3.564 -0.100006 0.0160467
3.565 -0.0985305 0.0161336
3.566 -0.0970486 0.0162181
3.567 -0.0955602 0.0163003
3.568 -0.0940654 0.0163803
3.569 -0.0925645 0.0164579
3.57 -0.0910577 0.0165332
3.571 -0.0895453 0.0166061
3.572 -0.0880273 0.0166767
3.573 -0.0865041 0.0167448
3.574 -0.0849759 0.0168105
3.575 -0.0834428 0.0168739
3.576 -0.0819052 0.0169349
3.577 -0.0803631 0.0169935
3.578 -0.0788168 0.0170497
3.579 -0.0772665 0.0171037
3.58 -0.0757124 0.0171553
3.581 -0.0741548 0.0172047
3.582 -0.0725937 0.0172518
3.583 -0.0710294 0.0172967
3.584 -0.069462 0.0173392
3.585 -0.0678919 0.0173795
3.586 -0.0663192 0.0174175
3.587 -0.0647441 0.0174532
3.588 -0.0631669 0.0174866
3.589 -0.0615877 0.0175177
3.59 -0.0600067 0.0175464
3.591 -0.0584243 0.0175728
3.592 -0.0568405 0.0175968
3.593 -0.0552555 0.0176186
3.594 -0.0536697 0.017638
3.595 -0.0520831 0.0176552
3.596 -0.0504961 0.01767
3.597 -0.0489086 0.0176827
3.598 -0.0473211 0.0176931
3.599 -0.0457335 0.0177013
3.6 -0.0441463 0.0177073
3.601 -0.0425594 0.0177112
3.602 -0.0409732 0.0177128
3.603 -0.0393879 0.0177122
3.604 -0.0378035 0.0177095
3.605 -0.0362204 0.0177045
3.606 -0.0346387 0.0176973
3.607 -0.0330586 0.017688
3.608 -0.0314803 0.0176764
3.609 -0.0299041 0.0176627
3.61 -0.02833 0.0176468
3.611 -0.0267583 0.0176288
3.612 -0.0251892 0.0176086
3.613 -0.0236228 0.0175863
3.614 -0.0220593 0.017562
3.615 -0.020499 0.0175355
3.616 -0.0189419 0.017507
3.617 -0.0173883 0.0174765
3.618 -0.0158383 0.0174439
3.619 -0.0142922 0.0174093
3.62 -0.01275 0.0173727
3.621 -0.011212 0.017334
3.622 -0.00967842 0.0172934
3.623 -0.00814933 0.0172507
3.624 -0.00662496 0.017206
3.625 -0.00510547 0.0171593
3.626 -0.00359104 0.0171107
3.627 -0.00208185 0.01706
3.628 -0.000578069 0.0170074
3.629 0.000920145 0.0169529
3.63 0.00241262 0.0168964
3.631 0.00389921 0.0168381
3.632 0.00537974 0.0167779
3.633 0.00685405 0.0167158
3.634 0.008322 0.0166519
3.635 0.00978343 0.0165863
3.636 0.0112382 0.0165188
3.637 0.0126861 0.0164495
3.638 0.014127 0.0163785
3.639 0.0155608 0.0163058
3.64 0.0169873 0.0162312
3.641 0.0184064 0.016155
3.642 0.0198179 0.016077
3.643 0.0212216 0.0159973
3.644 0.0226174 0.0159159
3.645 0.0240052 0.0158327
3.646 0.0253848 0.0157479
3.647 0.026756 0.0156615
3.648 0.0281188 0.0155733
3.649 0.029473 0.0154836
3.65 0.0308184 0.0153923
3.651 0.032155 0.0152994
3.652 0.0334825 0.0152049
3.653 0.0348009 0.015109
3.654 0.0361101 0.0150115
3.655 0.0374099 0.0149126
3.656 0.0387002 0.0148122
3.657 0.0399808 0.0147104
3.658 0.0412517 0.0146071
3.659 0.0425127 0.0145024
3.66 0.0437637 0.0143963
3.661 0.0450046 0.0142887
3.662 0.0462352 0.0141798
3.663 0.0474555 0.0140695
3.664 0.0486653 0.0139578
3.665 0.0498645 0.0138448
3.666 0.051053 0.0137304
3.667 0.0522306 0.0136148
3.668 0.0533974 0.0134979
3.669 0.0545532 0.0133798
3.67 0.0556978 0.0132605
3.671 0.0568313 0.01314
3.672 0.0579534 0.0130184
3.673 0.0590641 0.0128956
3.674 0.0601634 0.0127717
3.675 0.0612511 0.0126467
3.676 0.0623271 0.0125206
3.677 0.0633913 0.0123934
3.678 0.0644436 0.0122651
3.679 0.065484 0.0121358
3.68 0.0665124 0.0120054
3.681 0.0675286 0.0118739
3.682 0.0685326 0.0117415
3.683 0.0695243 0.0116081
3.684 0.0705037 0.0114737
3.685 0.0714706 0.0113384
3.686 0.072425 0.0112022
3.687 0.0733668 0.0110651
3.688 0.0742959 0.0109272
3.689 0.0752124 0.0107885
3.69 0.076116 0.0106489
3.691 0.0770069 0.0105086
3.692 0.0778848 0.0103675
3.693 0.0787498 0.0102257
3.694 0.0796017 0.0100831
3.695 0.0804405 0.00993976
3.696 0.0812662 0.00979573
3.697 0.0820787 0.00965101
3.698 0.082878 0.00950562
3.699 0.0836639 0.00935957
3.7 0.0844365 0.0092129
3.701 0.0851957 0.00906562
3.702 0.0859414 0.00891777
3.703 0.0866737 0.00876936
3.704 0.0873924 0.00862043
3.705 0.0880976 0.008471
3.706 0.0887892 0.00832109
3.707 0.0894672 0.00817072
3.708 0.0901315 0.0080199
3.709 0.0907821 0.00786864
3.71 0.091419 0.00771698
3.711 0.0920422 0.00756491
3.712 0.0926515 0.00741245
3.713 0.0932471 0.00725963
3.714 0.0938288 0.00710646
3.715 0.0943966 0.00695298
3.716 0.0949506 0.00679919
3.717 0.0954907 0.00664514
3.718 0.0960169 0.00649085
3.719 0.0965292 0.00633634
3.72 0.0970276 0.00618164
3.721 0.097512 0.00602677
3.722 0.0979825 0.00587174
3.723 0.0984391 0.00571659
3.724 0.0988818 0.00556131
3.725 0.0993105 0.00540593
3.726 0.0997252 0.00525044
3.727 0.100126 0.00509487
3.728 0.100513 0.00493922
3.729 0.100886 0.00478352
3.73 0.101245 0.00462778
3.731 0.10159 0.00447202
3.732 0.101921 0.00431628
3.733 0.102238 0.00416057
3.734 0.102541 0.00400493
3.735 0.10283 0.00384939
3.736 0.103106 0.00369398
3.737 0.103367 0.00353871
3.738 0.103615 0.00338362
3.739 0.103849 0.00322871
3.74 0.104069 0.003074
3.741 0.104275 0.00291951
3.742 0.104468 0.00276523
3.743 0.104647 0.00261118
3.744 0.104812 0.00245736
3.745 0.104964 0.00230379
3.746 0.105102 0.00215048
3.747 0.105226 0.00199744
3.748 0.105337 0.0018447
3.749 0.105435 0.00169229
3.75 0.105518 0.00154022
3.751 0.105589 0.00138852
3.752 0.105646 0.00123723
3.753 0.105689 0.00108637
3.754 0.10572 0.000935958
3.755 0.105737 0.000786024
3.756 0.105741 0.000636581
3.757 0.105731 0.000487644
3.758 0.105709 0.000339223
3.759 0.105674 0.000191327
3.76 0.105625 4.39657e-05
3.761 0.105564 -0.000102855
3.762 0.105489 -0.000249124
3.763 0.105402 -0.000394833
3.764 0.105302 -0.000539967
3.765 0.10519 -0.000684513
3.766 0.105064 -0.000828451
3.767 0.104926 -0.000971765
3.768 0.104776 -0.00111443
3.769 0.104613 -0.00125643
3.77 0.104438 -0.00139775
3.771 0.10425 -0.00153835
3.772 0.10405 -0.00167823
3.773 0.103838 -0.00181737
3.774 0.103613 -0.00195575
3.775 0.103377 -0.00209335
3.776 0.103129 -0.00223017
3.777 0.102869 -0.00236618
3.778 0.102597 -0.00250139
3.779 0.102313 -0.00263578
3.78 0.102018 -0.00276934
3.781 0.101711 -0.00290205
3.782 0.101392 -0.00303391
3.783 0.101062 -0.00316491
3.784 0.100721 -0.00329503
3.785 0.100369 -0.00342427
3.786 0.100005 -0.0035526
3.787 0.0996302 -0.00368001
3.788 0.0992445 -0.00380649
3.789 0.0988479 -0.00393203
3.79 0.0984404 -0.00405661
3.791 0.0980223 -0.00418021
3.792 0.0975935 -0.00430282
3.793 0.0971542 -0.00442443
3.794 0.0967045 -0.00454503
3.795 0.0962444 -0.00466461
3.796 0.0957741 -0.00478315
3.797 0.0952936 -0.00490066
3.798 0.0948031 -0.00501712
3.799 0.0943026 -0.00513252
3.8 0.0937923 -0.00524686
3.801 0.0932722 -0.00536012
3.802 0.0927424 -0.0054723
3.803 0.0922031 -0.00558339
3.804 0.0916543 -0.00569337
3.805 0.0910962 -0.00580223
3.806 0.0905289 -0.00590996
3.807 0.0899524 -0.00601654
3.808 0.0893669 -0.00612196
3.809 0.0887725 -0.00622621
3.81 0.0881692 -0.00632929
3.811 0.0875573 -0.00643118
3.812 0.0869368 -0.00653189
3.813 0.0863078 -0.00663141
3.814 0.0856704 -0.00672974
3.815 0.0850247 -0.00682688
3.816 0.0843709 -0.00692282
3.817 0.083709 -0.00701757
3.818 0.0830392 -0.00711111
3.819 0.0823615 -0.00720343
3.82 0.0816761 -0.00729452
3.821 0.0809831 -0.00738436
3.822 0.0802827 -0.00747295
3.823 0.0795749 -0.00756025
3.824 0.0788598 -0.00764627
3.825 0.0781376 -0.00773098
3.826 0.0774084 -0.00781439
3.827 0.0766723 -0.0078965
3.828 0.0759295 -0.00797729
3.829 0.07518 -0.00805679
3.83 0.074424 -0.00813498
3.831 0.0736615 -0.00821189
3.832 0.0728928 -0.00828751
3.833 0.0721178 -0.00836185
3.834 0.0713367 -0.0084349
3.835 0.0705497 -0.00850666
3.836 0.0697569 -0.00857711
3.837 0.0689583 -0.00864625
3.838 0.0681541 -0.00871405
3.839 0.0673445 -0.0087805
3.84 0.0665295 -0.0088456
3.841 0.0657093 -0.00890932
3.842 0.064884 -0.00897165
3.843 0.0640537 -0.00903261
3.844 0.0632186 -0.00909219
3.845 0.0623788 -0.00915039
3.846 0.0615344 -0.00920723
3.847 0.0606855 -0.00926272
3.848 0.0598322 -0.00931686
3.849 0.0589747 -0.00936967
3.85 0.058113 -0.00942114
3.851 0.0572473 -0.00947128
3.852 0.0563777 -0.00952009
3.853 0.0555044 -0.00956755
3.854 0.0546274 -0.00961365
3.855 0.0537469 -0.00965839
3.856 0.052863 -0.00970176
3.857 0.0519758 -0.00974374
3.858 0.0510855 -0.00978433
3.859 0.0501922 -0.00982353
3.86 0.049296 -0.00986134
3.861 0.048397 -0.00989776
3.862 0.0474953 -0.0099328
3.863 0.0465912 -0.00996647
3.864 0.0456846 -0.00999877
3.865 0.0447758 -0.0100297
3.866 0.0438648 -0.0100593
3.867 0.0429517 -0.0100875
3.868 0.0420367 -0.0101144
3.869 0.0411199 -0.01014
3.87 0.0402015 -0.0101641
3.871 0.0392814 -0.010187
3.872 0.0383599 -0.0102085
3.873 0.0374371 -0.0102286
3.874 0.0365131 -0.0102474
3.875 0.035588 -0.0102648
3.876 0.0346619 -0.010281
3.877 0.033735 -0.0102957
3.878 0.0328074 -0.0103092
3.879 0.0318791 -0.0103213
3.88 0.0309504 -0.0103321
3.881 0.0300213 -0.0103415
3.882 0.0290919 -0.0103497
3.883 0.0281624 -0.0103565
3.884 0.0272328 -0.0103619
3.885 0.0263034 -0.0103661
3.886 0.0253742 -0.0103689
3.887 0.0244453 -0.0103704
3.888 0.0235169 -0.0103706
3.889 0.022589 -0.0103695
3.89 0.0216618 -0.0103671
3.891 0.0207354 -0.0103635
3.892 0.0198098 -0.0103586
3.893 0.0188853 -0.0103525
3.894 0.0179618 -0.0103451
3.895 0.0170395 -0.0103365
3.896 0.0161186 -0.0103267
3.897 0.0151991 -0.0103156
3.898 0.0142812 -0.0103033
3.899 0.0133649 -0.0102897
3.9 0.0124503 -0.0102749
3.901 0.0115377 -0.0102588
3.902 0.010627 -0.0102415
3.903 0.00971847 -0.010223
3.904 0.00881212 -0.0102032
3.905 0.00790808 -0.0101822
3.906 0.00700644 -0.0101601
3.907 0.00610731 -0.0101367
3.908 0.00521079 -0.0101122
3.909 0.00431696 -0.0100866
3.91 0.00342593 -0.0100598
3.911 0.0025378 -0.010032
3.912 0.00165267 -0.0100029
3.913 0.000770638 -0.00997279
3.914 -0.000108191 -0.0099415
3.915 -0.000983716 -0.00990908
3.916 -0.00185583 -0.00987553
3.917 -0.00272445 -0.00984085
3.918 -0.00358946 -0.00980505
3.919 -0.00445077 -0.00976815
3.92 -0.0053083 -0.00973016
3.921 -0.00616195 -0.0096911
3.922 -0.00701163 -0.009651
3.923 -0.00785727 -0.00960987
3.924 -0.00869878 -0.00956773
3.925 -0.00953607 -0.00952459
3.926 -0.0103691 -0.00948045
3.927 -0.0111976 -0.00943532
3.928 -0.0120218 -0.0093892
3.929 -0.0128413 -0.00934208
3.93 -0.0136562 -0.00929397
3.931 -0.0144663 -0.00924485
3.932 -0.0152716 -0.00919473
3.933 -0.0160719 -0.00914362
3.934 -0.0168673 -0.00909153
3.935 -0.0176575 -0.00903848
3.936 -0.0184426 -0.00898449
3.937 -0.0192225 -0.00892958
3.938 -0.019997 -0.00887378
3.939 -0.0207662 -0.0088171
3.94 -0.0215298 -0.00875957
3.941 -0.022288 -0.00870119
3.942 -0.0230406 -0.00864198
3.943 -0.0237875 -0.00858193
3.944 -0.0245286 -0.00852105
3.945 -0.025264 -0.00845935
3.946 -0.0259934 -0.00839682
3.947 -0.0267169 -0.00833346
3.948 -0.0274343 -0.00826929
3.949 -0.0281457 -0.00820431
3.95 -0.0288508 -0.00813854
3.951 -0.0295498 -0.00807198
3.952 -0.0302424 -0.00800467
3.953 -0.0309287 -0.00793661
3.954 -0.0316085 -0.00786783
3.955 -0.0322819 -0.00779834
3.956 -0.0329488 -0.00772815
3.957 -0.0336091 -0.00765727
3.958 -0.0342627 -0.00758571
3.959 -0.0349096 -0.00751348
3.96 -0.0355498 -0.00744058
3.961 -0.0361831 -0.00736702
3.962 -0.0368096 -0.00729281
3.963 -0.0374291 -0.00721797
3.964 -0.0380417 -0.00714249
3.965 -0.0386472 -0.00706641
3.966 -0.0392456 -0.00698974
3.967 -0.039837 -0.00691249
3.968 -0.0404211 -0.00683469
3.969 -0.0409981 -0.00675633
3.97 -0.0415678 -0.00667744
3.971 -0.0421302 -0.00659802
3.972 -0.0426853 -0.00651808
3.973 -0.043233 -0.00643762
3.974 -0.0437732 -0.00635665
3.975 -0.044306 -0.00627518
3.976 -0.0448313 -0.00619321
3.977 -0.045349 -0.00611076
3.978 -0.0458591 -0.00602784
3.979 -0.0463616 -0.00594449
3.98 -0.0468565 -0.00586071
3.981 -0.0473437 -0.00577653
3.982 -0.0478232 -0.00569197
3.983 -0.0482949 -0.00560705
3.984 -0.0487589 -0.00552178
3.985 -0.0492151 -0.00543617
3.986 -0.0496635 -0.00535021
3.987 -0.050104 -0.00526392
3.988 -0.0505367 -0.00517728
3.989 -0.0509614 -0.00509029
3.99 -0.0513783 -0.00500297
3.991 -0.0517871 -0.00491531
3.992 -0.052188 -0.00482733
3.993 -0.0525808 -0.00473904
3.994 -0.0529656 -0.00465049
3.995 -0.0533424 -0.00456168
3.996 -0.0537112 -0.00447265
3.997 -0.0540718 -0.00438343
3.998 -0.0544245 -0.00429404
3.999 -0.054769 -0.0042045
4 -0.0551055 -0.00411482
4.001 -0.0554338 -0.00402499
4.002 -0.0557541 -0.00393502
4.003 -0.0560663 -0.0038449
4.004 -0.0563703 -0.00375463
4.005 -0.0566661 -0.00366418
4.006 -0.0569538 -0.00357358
4.007 -0.0572334 -0.00348281
4.008 -0.0575047 -0.0033919
4.009 -0.0577678 -0.00330087
4.01 -0.0580228 -0.00320975
4.011 -0.0582695 -0.00311857
4.012 -0.0585081 -0.00302736
4.013 -0.0587385 -0.00293616
4.014 -0.0589608 -0.00284498
4.015 -0.0591749 -0.00275385
4.016 -0.0593809 -0.00266277
4.017 -0.0595787 -0.00257173
4.018 -0.0597684 -0.00248074
4.019 -0.05995 -0.00238979
4.02 -0.0601235 -0.00229885
4.021 -0.0602888 -0.00220793
4.022 -0.060446 -0.00211702
4.023 -0.0605951 -0.00202613
4.024 -0.0607361 -0.00193528
4.025 -0.0608689 -0.00184449
4.026 -0.0609936 -0.00175378
4.027 -0.0611103 -0.00166319
4.028 -0.061219 -0.00157276
4.029 -0.0613196 -0.00148251
4.03 -0.0614122 -0.00139246
4.031 -0.0614969 -0.00130264
4.032 -0.0615736 -0.00121303
4.033 -0.0616424 -0.00112365
4.034 -0.0617033 -0.00103449
4.035 -0.0617564 -0.000945538
4.036 -0.0618015 -0.000856781
4.037 -0.0618388 -0.000768217
4.038 -0.0618682 -0.000679844
4.039 -0.0618899 -0.00059167
4.04 -0.0619037 -0.000503708
4.041 -0.0619098 -0.00041598
4.042 -0.0619081 -0.000328511
4.043 -0.0618987 -0.000241326
4.044 -0.0618816 -0.000154451
4.045 -0.0618569 -6.79099e-05
4.046 -0.0618246 1.82819e-05
4.047 -0.0617848 0.000104113
4.048 -0.0617375 0.000189578
4.049 -0.0616826 0.000274677
4.05 -0.0616203 0.000359413
4.051 -0.0615506 0.000443789
4.052 -0.0614735 0.000527806
4.053 -0.061389 0.000611464
4.054 -0.0612972 0.000694757
4.055 -0.0611981 0.000777674
4.056 -0.0610918 0.000860201
4.057 -0.0609782 0.000942321
4.058 -0.0608575 0.00102402
4.059 -0.0607297 0.00110527
4.06 -0.0605948 0.00118607
4.061 -0.0604528 0.00126641
4.062 -0.0603039 0.00134627
4.063 -0.0601481 0.00142566
4.064 -0.0599853 0.00150458
4.065 -0.0598157 0.00158302
4.066 -0.0596393 0.00166098
4.067 -0.0594562 0.00173845
4.068 -0.0592663 0.00181544
4.069 -0.0590697 0.00189193
4.07 -0.0588666 0.00196789
4.071 -0.0586568 0.00204333
4.072 -0.0584406 0.00211821
4.073 -0.0582179 0.00219252
4.074 -0.0579888 0.00226626
4.075 -0.0577534 0.00233941
4.076 -0.0575117 0.00241197
4.077 -0.0572637 0.00248395
4.078 -0.0570096 0.00255535
4.079 -0.0567493 0.00262618
4.08 -0.056483 0.00269645
4.081 -0.0562106 0.00276615
4.082 -0.0559322 0.00283529
4.083 -0.0556479 0.00290386
4.084 -0.0553577 0.00297184
4.085 -0.0550616 0.00303921
4.086 -0.0547599 0.00310595
4.087 -0.0544524 0.00317203
4.088 -0.0541394 0.00323744
4.089 -0.0538207 0.00330215
4.09 -0.0534966 0.00336617
4.091 -0.0531671 0.00342948
4.092 -0.0528323 0.00349209
4.093 -0.0524921 0.00355403
4.094 -0.0521467 0.00361528
4.095 -0.0517961 0.00367588
4.096 -0.0514403 0.00373584
4.097 -0.0510795 0.00379515
4.098 -0.0507137 0.00385382
4.099 -0.0503429 0.00391183
4.1 -0.0499672 0.00396917
4.101 -0.0495867 0.00402582
4.102 -0.0492014 0.00408175
4.103 -0.0488114 0.00413695
4.104 -0.0484169 0.00419138
4.105 -0.0480178 0.00424504
4.106 -0.0476142 0.00429793
4.107 -0.0472063 0.00435004
4.108 -0.046794 0.00440138
4.109 -0.0463775 0.00445198
4.11 -0.0459568 0.00450185
4.111 -0.0455319 0.004551
4.112 -0.045103 0.00459944
4.113 -0.04467 0.00464717
4.114 -0.0442331 0.00469419
4.115 -0.0437922 0.00474048
4.116 -0.0433476 0.00478603
4.117 -0.0428992 0.00483082
4.118 -0.0424472 0.00487482
4.119 -0.0419916 0.00491801
4.12 -0.0415325 0.00496038
4.121 -0.0410699 0.00500193
4.122 -0.040604 0.00504265
4.123 -0.0401349 0.00508257
4.124 -0.0396625 0.00512169
4.125 -0.0391869 0.00516003
4.126 -0.0387083 0.00519761
4.127 -0.0382266 0.00523445
4.128 -0.037742 0.00527055
4.129 -0.0372544 0.00530592
4.13 -0.036764 0.00534054
4.131 -0.0362709 0.00537439
4.132 -0.0357751 0.00540746
4.133 -0.0352766 0.00543973
4.134 -0.0347757 0.00547117
4.135 -0.0342723 0.00550176
4.136 -0.0337666 0.0055315
4.137 -0.0332585 0.00556039
4.138 -0.0327483 0.00558843
4.139 -0.0322359 0.00561565
4.14 -0.0317214 0.00564205
4.141 -0.031205 0.00566766
4.142 -0.0306866 0.00569249
4.143 -0.0301663 0.00571658
4.144 -0.0296441 0.00573991
4.145 -0.0291203 0.0057625
4.146 -0.0285947 0.00578432
4.147 -0.0280675 0.00580538
4.148 -0.0275388 0.00582564
4.149 -0.0270087 0.0058451
4.15 -0.0264771 0.00586373
4.151 -0.0259443 0.00588152
4.152 -0.0254102 0.00589846
4.153 -0.0248751 0.00591456
4.154 -0.0243388 0.00592982
4.155 -0.0238015 0.00594426
4.156 -0.0232633 0.0059579
4.157 -0.0227243 0.00597076
4.158 -0.0221844 0.00598285
4.159 -0.0216438 0.00599418
4.16 -0.0211025 0.00600477
4.161 -0.0205606 0.00601461
4.162 -0.0200181 0.00602369
4.163 -0.0194752 0.00603201
4.164 -0.0189319 0.00603956
4.165 -0.0183882 0.00604631
4.166 -0.0178443 0.00605227
4.167 -0.0173002 0.00605743
4.168 -0.016756 0.00606178
4.169 -0.0162118 0.00606534
4.17 -0.0156676 0.00606811
4.171 -0.0151235 0.00607009
4.172 -0.0145795 0.00607132
4.173 -0.0140358 0.0060718
4.174 -0.0134924 0.00607154
4.175 -0.0129493 0.00607055
4.176 -0.0124067 0.00606883
4.177 -0.0118645 0.00606638
4.178 -0.0113229 0.0060632
4.179 -0.0107818 0.00605928
4.18 -0.0102415 0.00605461
4.181 -0.00970191 0.0060492
4.182 -0.00916313 0.00604303
4.183 -0.00862524 0.00603612
4.184 -0.0080883 0.00602847
4.185 -0.00755237 0.00602008
4.186 -0.00701751 0.00601098
4.187 -0.00648379 0.00600116
4.188 -0.00595125 0.00599065
4.189 -0.00541997 0.00597944
4.19 -0.00488999 0.00596755
4.191 -0.00436138 0.00595498
4.192 -0.00383419 0.00594173
4.193 -0.0033085 0.0059278
4.194 -0.00278436 0.00591317
4.195 -0.00226183 0.00589786
4.196 -0.00174099 0.00588185
4.197 -0.00122188 0.00586515
4.198 -0.000704574 0.00584777
4.199 -0.000189126 0.00582971
4.2 0.000324409 0.00581098
4.201 0.000835976 0.0057916
4.202 0.00134552 0.00577158
4.203 0.00185299 0.00575093
4.204 0.00235834 0.00572966
4.205 0.00286151 0.00570777
4.206 0.00336245 0.00568528
4.207 0.00386111 0.00566217
4.208 0.00435742 0.00563845
4.209 0.00485134 0.00561413
4.21 0.00534281 0.00558918
4.211 0.00583177 0.00556363
4.212 0.00631818 0.00553746
4.213 0.00680197 0.00551068
4.214 0.0072831 0.00548331
4.215 0.00776151 0.00545535
4.216 0.00823717 0.00542681
4.217 0.00871002 0.00539771
4.218 0.00918002 0.00536805
4.219 0.00964712 0.00533785
4.22 0.0101113 0.00530711
4.221 0.0105724 0.00527584
4.222 0.0110306 0.00524403
4.223 0.0114856 0.00521168
4.224 0.0119375 0.0051788
4.225 0.0123863 0.00514539
4.226 0.0128318 0.00511144
4.227 0.013274 0.00507698
4.228 0.0137129 0.00504199
4.229 0.0141485 0.00500651
4.23 0.0145806 0.00497053
4.231 0.0150094 0.00493409
4.232 0.0154346 0.00489718
4.233 0.0158564 0.00485983
4.234 0.0162746 0.00482204
4.235 0.0166893 0.00478382
4.236 0.0171003 0.00474517
4.237 0.0175077 0.00470608
4.238 0.0179114 0.00466655
4.239 0.0183113 0.00462657
4.24 0.0187075 0.00458614
4.241 0.0190999 0.00454527
4.242 0.0194884 0.00450394
4.243 0.019873 0.00446218
4.244 0.0202537 0.00441999
4.245 0.0206304 0.00437739
4.246 0.0210031 0.0043344
4.247 0.0213718 0.00429104
4.248 0.0217365 0.00424733
4.249 0.0220971 0.00420329
4.25 0.0224536 0.00415893
4.251 0.0228061 0.00411426
4.252 0.0231543 0.00406927
4.253 0.0234984 0.00402397
4.254 0.0238384 0.00397834
4.255 0.024174 0.00393239
4.256 0.0245055 0.0038861
4.257 0.0248326 0.00383948
4.258 0.0251554 0.00379252
4.259 0.0254739 0.00374523
4.26 0.025788 0.00369761
4.261 0.0260976 0.0036497
4.262 0.0264029 0.00360149
4.263 0.0267037 0.00355303
4.264 0.0270001 0.00350431
4.265 0.027292 0.00345536
4.266 0.0275795 0.0034062
4.267 0.0278624 0.00335683
4.268 0.0281409 0.00330726
4.269 0.0284148 0.00325748
4.27 0.0286841 0.00320749
4.271 0.0289489 0.0031573
4.272 0.0292091 0.00310689
4.273 0.0294647 0.00305625
4.274 0.0297157 0.00300541
4.275 0.029962 0.00295435
4.276 0.0302037 0.00290308
4.277 0.0304406 0.00285163
4.278 0.0306729 0.0028
4.279 0.0309005 0.00274822
4.28 0.0311235 0.0026963
4.281 0.0313417 0.00264425
4.282 0.0315552 0.0025921
4.283 0.0317639 0.00253984
4.284 0.031968 0.00248748
4.285 0.0321673 0.00243503
4.286 0.0323619 0.00238249
4.287 0.0325518 0.00232984
4.288 0.0327369 0.0022771
4.289 0.0329172 0.00222426
4.29 0.0330928 0.00217132
4.291 0.0332635 0.00211829
4.292 0.0334295 0.00206517
4.293 0.0335907 0.00201199
4.294 0.0337471 0.00195874
4.295 0.0338988 0.00190544
4.296 0.0340456 0.00185211
4.297 0.0341877 0.00179875
4.298 0.0343249 0.00174539
4.299 0.0344574 0.00169202
4.3 0.0345852 0.00163866
4.301 0.0347081 0.00158531
4.302 0.0348263 0.00153196
4.303 0.0349397 0.00147863
4.304 0.0350483 0.00142531
4.305 0.0351522 0.001372
4.306 0.0352513 0.00131872
4.307 0.0353456 0.00126547
4.308 0.0354352 0.00121224
4.309 0.0355201 0.00115906
4.31 0.0356002 0.00110593
4.311 0.0356756 0.00105286
4.312 0.0357463 0.000999857
4.313 0.0358122 0.000946932
4.314 0.0358735 0.000894093
4.315 0.03593 0.000841344
4.316 0.0359819 0.000788692
4.317 0.0360291 0.000736141
4.318 0.0360717 0.000683697
4.319 0.0361096 0.000631364
4.32 0.0361429 0.000579147
4.321 0.0361715 0.000527053
4.322 0.0361956 0.000475088
4.323 0.0362151 0.000423258
4.324 0.0362299 0.00037157
4.325 0.0362403 0.000320031
4.326 0.0362461 0.000268648
4.327 0.0362473 0.000217425
4.328 0.0362441 0.000166368
4.329 0.0362363 0.000115481
4.33 0.0362241 6.47681e-05
4.331 0.0362074 1.42321e-05
4.332 0.0361862 -3.61225e-05
4.333 0.0361607 -8.62907e-05
4.334 0.0361307 -0.000136267
4.335 0.0360964 -0.000186044
4.336 0.0360577 -0.000235615
4.337 0.0360146 -0.00028497
4.338 0.0359672 -0.000334102
4.339 0.0359156 -0.000383001
4.34 0.0358596 -0.00043166
4.341 0.0357994 -0.000480072
4.342 0.035735 -0.000528234
4.343 0.0356664 -0.00057614
4.344 0.0355936 -0.000623791
4.345 0.0355167 -0.000671184
4.346 0.0354356 -0.000718319
4.347 0.0353505 -0.000765196
4.348 0.0352612 -0.000811813
4.349 0.0351679 -0.000858166
4.35 0.0350706 -0.000904252
4.351 0.0349693 -0.000950063
4.352 0.034864 -0.000995591
4.353 0.0347547 -0.00104083
4.354 0.0346415 -0.00108576
4.355 0.0345245 -0.00113039
4.356 0.0344036 -0.0011747
4.357 0.0342788 -0.00121868
4.358 0.0341503 -0.00126234
4.359 0.034018 -0.00130566
4.36 0.033882 -0.00134865
4.361 0.0337423 -0.00139131
4.362 0.0335989 -0.00143363
4.363 0.0334519 -0.00147562
4.364 0.0333013 -0.00151729
4.365 0.033147 -0.00155861
4.366 0.0329893 -0.00159961
4.367 0.032828 -0.00164026
4.368 0.0326632 -0.00168057
4.369 0.032495 -0.00172052
4.37 0.0323234 -0.00176011
4.371 0.0321484 -0.00179933
4.372 0.03197 -0.00183817
4.373 0.0317883 -0.00187663
4.374 0.0316034 -0.0019147
4.375 0.0314152 -0.00195238
4.376 0.0312239 -0.00198966
4.377 0.0310293 -0.00202655
4.378 0.0308317 -0.00206305
4.379 0.0306309 -0.00209916
4.38 0.0304271 -0.00213488
4.381 0.0302203 -0.0021702
4.382 0.0300105 -0.00220513
4.383 0.0297977 -0.00223966
4.384 0.029582 -0.00227379
4.385 0.0293635 -0.00230752
4.386 0.0291421 -0.00234084
4.387 0.0289179 -0.00237375
4.388 0.0286909 -0.00240623
4.389 0.0284612 -0.00243829
4.39 0.0282289 -0.00246992
4.391 0.0279939 -0.00250112
4.392 0.0277563 -0.00253188
4.393 0.0275162 -0.00256221
4.394 0.0272735 -0.0025921
4.395 0.0270284 -0.00262155
4.396 0.0267808 -0.00265057
4.397 0.0265308 -0.00267915
4.398 0.0262784 -0.00270729
4.399 0.0260237 -0.00273499
4.4 0.0257668 -0.00276226
4.401 0.0255076 -0.00278908
4.402 0.0252461 -0.00281546
4.403 0.0249826 -0.0028414
4.404 0.0247169 -0.00286689
4.405 0.0244491 -0.00289194
4.406 0.0241793 -0.00291653
4.407 0.0239074 -0.00294066
4.408 0.0236337 -0.00296434
4.409 0.023358 -0.00298755
4.41 0.0230804 -0.0030103
4.411 0.022801 -0.00303258
4.412 0.0225198 -0.00305439
4.413 0.0222369 -0.00307574
4.414 0.0219523 -0.00309662
4.415 0.021666 -0.00311703
4.416 0.0213781 -0.00313698
4.417 0.0210886 -0.00315647
4.418 0.0207975 -0.0031755
4.419 0.020505 -0.00319407
4.42 0.020211 -0.00321219
4.421 0.0199156 -0.00322985
4.422 0.0196188 -0.00324705
4.423 0.0193207 -0.00326379
4.424 0.0190213 -0.00328006
4.425 0.0187206 -0.00329587
4.426 0.0184188 -0.00331121
4.427 0.0181157 -0.00332606
4.428 0.0178116 -0.00334043
4.429 0.0175064 -0.00335432
4.43 0.0172001 -0.00336773
4.431 0.0168929 -0.00338065
4.432 0.0165847 -0.00339309
4.433 0.0162757 -0.00340506
4.434 0.0159657 -0.00341655
4.435 0.015655 -0.00342759
4.436 0.0153434 -0.00343817
4.437 0.0150312 -0.00344829
4.438 0.0147182 -0.00345797
4.439 0.0144045 -0.0034672
4.44 0.0140902 -0.00347599
4.441 0.0137754 -0.00348432
4.442 0.0134599 -0.00349219
4.443 0.013144 -0.00349961
4.444 0.0128277 -0.00350655
4.445 0.0125109 -0.00351302
4.446 0.0121937 -0.00351901
4.447 0.0118762 -0.00352452
4.448 0.0115585 -0.00352956
4.449 0.0112405 -0.00353411
4.45 0.0109223 -0.00353819
4.451 0.010604 -0.00354181
4.452 0.0102855 -0.00354497
4.453 0.00996696 -0.00354768
4.454 0.00964837 -0.00354996
4.455 0.00932976 -0.0035518
4.456 0.00901118 -0.00355322
4.457 0.00869266 -0.00355421
4.458 0.00837424 -0.00355478
4.459 0.00805597 -0.00355491
4.46 0.00773787 -0.00355462
4.461 0.00741999 -0.00355388
4.462 0.00710238 -0.0035527
4.463 0.00678507 -0.00355107
4.464 0.00646811 -0.00354899
4.465 0.00615153 -0.00354645
4.466 0.00583539 -0.00354346
4.467 0.00551971 -0.00354002
4.468 0.00520454 -0.00353614
4.469 0.00488991 -0.00353182
4.47 0.00457585 -0.00352708
4.471 0.00426241 -0.00352193
4.472 0.00394961 -0.00351637
4.473 0.00363748 -0.0035104
4.474 0.00332606 -0.00350405
4.475 0.00301539 -0.0034973
4.476 0.0027055 -0.00349015
4.477 0.00239642 -0.00348261
4.478 0.0020882 -0.00347468
4.479 0.00178086 -0.00346634
4.48 0.00147445 -0.00345759
4.481 0.001169 -0.00344844
4.482 0.000864557 -0.00343887
4.483 0.000561149 -0.0034289
4.484 0.000258815 -0.00341853
4.485 -4.24119e-05 -0.00340775
4.486 -0.0003425 -0.00339658
4.487 -0.000641416 -0.00338503
4.488 -0.000939131 -0.0033731
4.489 -0.00123561 -0.0033608
4.49 -0.00153084 -0.00334815
4.491 -0.00182477 -0.00333514
4.492 -0.00211738 -0.00332177
4.493 -0.00240863 -0.00330806
4.494 -0.0026985 -0.00329399
4.495 -0.00298696 -0.00327958
4.496 -0.00327397 -0.0032648
4.497 -0.0035595 -0.00324967
4.498 -0.00384352 -0.00323419
4.499 -0.00412599 -0.00321835
4.5 -0.00440689 -0.00320216
4.501 -0.00468618 -0.00318562
4.502 -0.00496384 -0.00316873
4.503 -0.00523983 -0.00315151
4.504 -0.00551414 -0.00313396
4.505 -0.00578674 -0.00311609
4.506 -0.00605759 -0.00309791
4.507 -0.00632668 -0.00307941
4.508 -0.00659398 -0.00306061
4.509 -0.00685946 -0.00304152
4.51 -0.0071231 -0.00302212
4.511 -0.00738487 -0.00300242
4.512 -0.00764475 -0.00298243
4.513 -0.0079027 -0.00296214
4.514 -0.00815871 -0.00294155
4.515 -0.00841274 -0.00292067
4.516 -0.00866477 -0.00289949
4.517 -0.00891478 -0.00287803
4.518 -0.00916274 -0.00285629
4.519 -0.00940863 -0.00283426
4.52 -0.00965243 -0.00281197
4.521 -0.00989411 -0.0027894
4.522 -0.0101337 -0.00276658
4.523 -0.010371 -0.00274351
4.524 -0.0106063 -0.00272018
4.525 -0.0108393 -0.00269661
4.526 -0.0110701 -0.0026728
4.527 -0.0112986 -0.00264875
4.528 -0.0115249 -0.00262446
4.529 -0.011749 -0.00259993
4.53 -0.0119707 -0.00257518
4.531 -0.0121901 -0.00255019
4.532 -0.0124072 -0.00252497
4.533 -0.0126219 -0.00249953
4.534 -0.0128342 -0.00247386
4.535 -0.0130441 -0.00244798
4.536 -0.0132517 -0.00242188
4.537 -0.0134568 -0.00239558
4.538 -0.0136594 -0.00236907
4.539 -0.0138596 -0.00234238
4.54 -0.0140573 -0.00231549
4.541 -0.0142526 -0.00228842
4.542 -0.0144453 -0.00226118
4.543 -0.0146355 -0.00223377
4.544 -0.0148232 -0.00220619
4.545 -0.0150084 -0.00217845
4.546 -0.015191 -0.00215055
4.547 -0.015371 -0.00212249
4.548 -0.0155484 -0.00209427
4.549 -0.0157233 -0.0020659
4.55 -0.0158955 -0.00203737
4.551 -0.0160651 -0.00200869
4.552 -0.0162321 -0.00197985
4.553 -0.0163965 -0.00195086
4.554 -0.0165581 -0.00192172
4.555 -0.0167171 -0.00189244
4.556 -0.0168735 -0.00186303
4.557 -0.0170271 -0.00183348
4.558 -0.017178 -0.00180382
4.559 -0.0173262 -0.00177406
4.56 -0.0174718 -0.00174419
4.561 -0.0176146 -0.00171423
4.562 -0.0177546 -0.00168419
4.563 -0.017892 -0.00165406
4.564 -0.0180266 -0.00162386
4.565 -0.0181585 -0.00159358
4.566 -0.0182877 -0.00156322
4.567 -0.0184141 -0.00153278
4.568 -0.0185377 -0.00150226
4.569 -0.0186586 -0.00147166
4.57 -0.0187766 -0.00144097
4.571 -0.0188919 -0.0014102
4.572 -0.0190045 -0.00137936
4.573 -0.0191142 -0.00134844
4.574 -0.0192211 -0.00131746
4.575 -0.0193252 -0.00128643
4.576 -0.0194266 -0.00125536
4.577 -0.0195251 -0.00122426
4.578 -0.0196208 -0.00119313
4.579 -0.0197138 -0.00116198
4.58 -0.0198039 -0.00113083
4.581 -0.0198913 -0.00109966
4.582 -0.0199759 -0.00106848
4.583 -0.0200576 -0.00103729
4.584 -0.0201366 -0.00100609
4.585 -0.0202128 -0.000974872
4.586 -0.0202861 -0.00094364
4.587 -0.0203567 -0.000912394
4.588 -0.0204245 -0.000881138
4.589 -0.0204895 -0.000849878
4.59 -0.0205516 -0.000818622
4.591 -0.020611 -0.000787378
4.592 -0.0206676 -0.000756154
4.593 -0.0207214 -0.000724961
4.594 -0.0207724 -0.000693805
4.595 -0.0208207 -0.000662693
4.596 -0.0208662 -0.000631626
4.597 -0.0209089 -0.000600608
4.598 -0.0209489 -0.000569638
4.599 -0.0209861 -0.000538714
4.6 -0.0210206 -0.000507835
4.601 -0.0210524 -0.000477
4.602 -0.0210814 -0.00044621
4.603 -0.0211076 -0.000415466
4.604 -0.0211312 -0.000384772
4.605 -0.021152 -0.000354135
4.606 -0.0211701 -0.000323563
4.607 -0.0211855 -0.000293064
4.608 -0.0211982 -0.000262648
4.609 -0.0212082 -0.000232321
4.61 -0.0212155 -0.000202091
4.611 -0.0212202 -0.000171963
4.612 -0.0212222 -0.000141939
4.613 -0.0212216 -0.000112019
4.614 -0.0212184 -8.22045e-05
4.615 -0.0212125 -5.2492e-05
4.616 -0.021204 -2.28801e-05
4.617 -0.021193 6.63228e-06
4.618 -0.0211793 3.60451e-05
4.619 -0.021163 6.53564e-05
4.62 -0.0211442 9.45623e-05
4.621 -0.0211227 0.000123657
4.622 -0.0210988 0.000152634
4.623 -0.0210723 0.000181486
4.624 -0.0210432 0.000210203
4.625 -0.0210117 0.00023878
4.626 -0.0209777 0.00026721
4.627 -0.0209412 0.000295489
4.628 -0.0209022 0.000323613
4.629 -0.0208608 0.000351581
4.63 -0.0208169 0.000379395
4.631 -0.0207707 0.000407054
4.632 -0.020722 0.000434559
4.633 -0.0206709 0.000461913
4.634 -0.0206175 0.000489113
4.635 -0.0205616 0.00051616
4.636 -0.0205035 0.000543051
4.637 -0.020443 0.000569782
4.638 -0.0203801 0.000596349
4.639 -0.020315 0.000622747
4.64 -0.0202476 0.000648969
4.641 -0.0201779 0.000675012
4.642 -0.020106 0.00070087
4.643 -0.0200318 0.00072654
4.644 -0.0199554 0.000752017
4.645 -0.0198769 0.000777301
4.646 -0.0197961 0.000802388
4.647 -0.0197132 0.000827277
4.648 -0.0196282 0.000851967
4.649 -0.019541 0.000876457
4.65 -0.0194517 0.000900746
4.651 -0.0193604 0.000924831
4.652 -0.019267 0.000948713
4.653 -0.0191715 0.000972388
4.654 -0.019074 0.000995856
4.655 -0.0189745 0.00101912
4.656 -0.018873 0.00104217
4.657 -0.0187696 0.001065
4.658 -0.0186642 0.00108763
4.659 -0.0185568 0.00111004
4.66 -0.0184476 0.00113223
4.661 -0.0183364 0.0011542
4.662 -0.0182234 0.00117594
4.663 -0.0181086 0.00119746
4.664 -0.0179919 0.00121874
4.665 -0.0178735 0.00123979
4.666 -0.0177532 0.00126059
4.667 -0.0176312 0.00128115
4.668 -0.0175075 0.00130147
4.669 -0.0173821 0.00132154
4.67 -0.0172549 0.00134137
4.671 -0.0171261 0.00136095
4.672 -0.0169957 0.00138029
4.673 -0.0168636 0.0013994
4.674 -0.01673 0.00141828
4.675 -0.0165947 0.00143691
4.676 -0.0164579 0.00145532
4.677 -0.0163195 0.00147349
4.678 -0.0161796 0.00149141
4.679 -0.0160383 0.00150909
4.68 -0.0158954 0.0015265
4.681 -0.0157511 0.00154366
4.682 -0.0156054 0.00156055
4.683 -0.0154583 0.00157716
4.684 -0.0153099 0.00159349
4.685 -0.0151601 0.00160956
4.686 -0.015009 0.00162534
4.687 -0.0148566 0.00164086
4.688 -0.0147029 0.00165612
4.689 -0.014548 0.00167113
4.69 -0.0143918 0.00168588
4.691 -0.0142344 0.00170039
4.692 -0.0140759 0.00171466
4.693 -0.0139161 0.00172868
4.694 -0.0137553 0.00174245
4.695 -0.0135933 0.00175595
4.696 -0.0134302 0.00176919
4.697 -0.013266 0.00178216
4.698 -0.0131009 0.00179484
4.699 -0.0129347 0.00180722
4.7 -0.0127675 0.00181931
4.701 -0.0125994 0.00183111
4.702 -0.0124304 0.00184261
4.703 -0.0122604 0.00185383
4.704 -0.0120896 0.00186478
4.705 -0.0119179 0.00187545
4.706 -0.0117454 0.00188587
4.707 -0.011572 0.00189604
4.708 -0.0113979 0.00190596
4.709 -0.011223 0.00191563
4.71 -0.0110473 0.00192505
4.711 -0.0108709 0.00193421
4.712 -0.0106938 0.0019431
4.713 -0.010516 0.00195171
4.714 -0.0103376 0.00196003
4.715 -0.0101586 0.00196805
4.716 -0.00997896 0.00197577
4.717 -0.00979879 0.00198319
4.718 -0.00961809 0.00199031
4.719 -0.00943688 0.00199714
4.72 -0.00925518 0.00200369
4.721 -0.00907302 0.00200997
4.722 -0.00889041 0.00201599
4.723 -0.00870738 0.00202176
4.724 -0.00852394 0.00202728
4.725 -0.00834011 0.00203256
4.726 -0.00815592 0.00203759
4.727 -0.0079714 0.00204236
4.728 -0.00778656 0.00204687
4.729 -0.00760145 0.0020511
4.73 -0.00741608 0.00205505
4.731 -0.00723048 0.00205871
4.732 -0.00704469 0.00206208
4.733 -0.00685872 0.00206515
4.734 -0.00667261 0.00206793
4.735 -0.00648638 0.00207043
4.736 -0.00630005 0.00207265
4.737 -0.00611364 0.00207461
4.738 -0.00592716 0.00207632
4.739 -0.00574065 0.00207778
4.74 -0.0055541 0.002079
4.741 -0.00536756 0.00207997
4.742 -0.00518104 0.00208071
4.743 -0.00499457 0.00208119
4.744 -0.00480816 0.00208142
4.745 -0.00462185 0.00208138
4.746 -0.00443566 0.00208108
4.747 -0.00424962 0.00208049
4.748 -0.00406376 0.00207964
4.749 -0.0038781 0.00207851
4.75 -0.00369265 0.00207711
4.751 -0.00350745 0.00207545
4.752 -0.00332251 0.00207354
4.753 -0.00313785 0.00207138
4.754 -0.00295349 0.00206899
4.755 -0.00276944 0.00206637
4.756 -0.00258574 0.00206351
4.757 -0.00240239 0.00206043
4.758 -0.00221942 0.00205711
4.759 -0.00203686 0.00205355
4.76 -0.00185472 0.00204974
4.761 -0.00167304 0.00204568
4.762 -0.00149183 0.00204136
4.763 -0.00131112 0.00203679
4.764 -0.00113093 0.00203197
4.765 -0.000951285 0.00202691
4.766 -0.000772199 0.00202161
4.767 -0.00059369 0.00201607
4.768 -0.000415775 0.00201032
4.769 -0.000238471 0.00200435
4.77 -6.17943e-05 0.00199817
4.771 0.000114236 0.00199179
4.772 0.000289601 0.00198519
4.773 0.000464281 0.00197838
4.774 0.000638253 0.00197135
4.775 0.000811496 0.00196409
4.776 0.000983987 0.0019566
4.777 0.0011557 0.00194888
4.778 0.00132663 0.00194093
4.779 0.00149674 0.00193274
4.78 0.00166602 0.00192434
4.781 0.00183445 0.00191573
4.782 0.00200202 0.00190692
4.783 0.00216872 0.00189792
4.784 0.00233453 0.00188873
4.785 0.00249943 0.00187936
4.786 0.00266342 0.00186981
4.787 0.00282647 0.00186007
4.788 0.00298856 0.00185015
4.789 0.00314968 0.00184003
4.79 0.00330981 0.00182971
4.791 0.00346892 0.00181918
4.792 0.00362699 0.00180845
4.793 0.00378401 0.0017975
4.794 0.00393996 0.00178636
4.795 0.00409483 0.00177502
4.796 0.00424861 0.00176351
4.797 0.00440127 0.00175183
4.798 0.00455283 0.00173999
4.799 0.00470325 0.001728
4.8 0.00485254 0.00171588
4.801 0.00500068 0.00170361
4.802 0.00514766 0.00169119
4.803 0.00529346 0.00167862
4.804 0.00543806 0.00166589
4.805 0.00558144 0.00165298
4.806 0.00572359 0.00163988
4.807 0.00586448 0.00162661
4.808 0.00600411 0.00161314
4.809 0.00614244 0.00159949
4.81 0.00627948 0.00158568
4.811 0.00641521 0.00157171
4.812 0.00654963 0.0015576
4.813 0.00668273 0.00154337
4.814 0.00681451 0.00152903
4.815 0.00694496 0.00151459
4.816 0.00707407 0.00150006
4.817 0.00720184 0.00148542
4.818 0.00732825 0.00147068
4.819 0.00745329 0.00145582
4.82 0.00757694 0.00144083
4.821 0.00769919 0.00142569
4.822 0.00782001 0.00141041
4.823 0.0079394 0.00139496
4.824 0.00805734 0.00137937
4.825 0.00817381 0.00136362
4.826 0.00828882 0.00134775
4.827 0.00840235 0.00133176
4.828 0.00851441 0.00131567
4.829 0.00862499 0.00129949
4.83 0.00873409 0.00128325
4.831 0.0088417 0.00126694
4.832 0.00894783 0.00125058
4.833 0.00905247 0.00123415
4.834 0.0091556 0.00121765
4.835 0.00925722 0.00120106
4.836 0.00935731 0.00118438
4.837 0.00945587 0.00116759
4.838 0.00955287 0.00115069
4.839 0.00964831 0.00113367
4.84 0.00974218 0.00111655
4.841 0.00983446 0.00109932
4.842 0.00992517 0.00108201
4.843 0.0100143 0.00106463
4.844 0.0101018 0.00104719
4.845 0.0101878 0.0010297
4.846 0.0102722 0.00101219
4.847 0.010355 0.000994639
4.848 0.0104362 0.000977058
4.849 0.0105158 0.00095944
4.85 0.0105938 0.000941775
4.851 0.0106703 0.000924055
4.852 0.0107451 0.000906272
4.853 0.0108183 0.000888421
4.854 0.0108898 0.0008705
4.855 0.0109597 0.000852516
4.856 0.011028 0.000834475
4.857 0.0110947 0.00081639
4.858 0.0111597 0.000798274
4.859 0.0112231 0.000780139
4.86 0.0112848 0.000761996
4.861 0.011345 0.000743849
4.862 0.0114035 0.000725701
4.863 0.0114604 0.000707549
4.864 0.0115156 0.000689385
4.865 0.0115693 0.000671201
4.866 0.0116212 0.000652987
4.867 0.0116716 0.000634739
4.868 0.0117203 0.000616452
4.869 0.0117673 0.000598129
4.87 0.0118127 0.000579778
4.871 0.0118564 0.000561408
4.872 0.0118985 0.000543036
4.873 0.0119389 0.000524675
4.874 0.0119777 0.000506341
4.875 0.0120149 0.000488044
4.876 0.0120505 0.000469789
4.877 0.0120844 0.000451576
4.878 0.0121167 0.0004334
4.879 0.0121475 0.00041525
4.88 0.0121766 0.000397114
4.881 0.012204 0.00037898
4.882 0.0122299 0.000360838
4.883 0.0122541 0.000342681
4.884 0.0122767 0.000324512
4.885 0.0122977 0.000306335
4.886 0.012317 0.000288164
4.887 0.0123347 0.000270015
4.888 0.0123509 0.000251905
4.889 0.0123654 0.000233852
4.89 0.0123783 0.00021587
4.891 0.0123897 0.000197967
4.892 0.0123994 0.000180146
4.893 0.0124077 0.000162404
4.894 0.0124143 0.000144729
4.895 0.0124195 0.00012711
4.896 0.012423 0.000109531
4.897 0.012425 9.19813e-05
4.898 0.0124254 7.4451e-05
4.899 0.0124243 5.69374e-05
4.9 0.0124216 3.94442e-05
4.901 0.0124174 2.19813e-05
4.902 0.0124116 4.56343e-06
4.903 0.0124043 -1.27915e-05
4.904 0.0123955 -3.00656e-05
4.905 0.0123851 -4.72434e-05
4.906 0.0123733 -6.43138e-05
4.907 0.01236 -8.12723e-05
4.908 0.0123452 -9.81208e-05
4.909 0.012329 -0.000114867
4.91 0.0123113 -0.000131524
4.911 0.0122921 -0.000148105
4.912 0.0122715 -0.000164626
4.913 0.0122495 -0.000181095
4.914 0.0122259 -0.00019752
4.915 0.012201 -0.000213898
4.916 0.0121746 -0.000230224
4.917 0.0121467 -0.000246483
4.918 0.0121175 -0.00026266
4.919 0.0120868 -0.000278736
4.92 0.0120547 -0.000294695
4.921 0.0120213 -0.000310524
4.922 0.0119865 -0.000326215
4.923 0.0119504 -0.000341768
4.924 0.0119129 -0.000357188
4.925 0.0118741 -0.000372485
4.926 0.011834 -0.000387673
4.927 0.0117926 -0.000402766
4.928 0.0117499 -0.000417776
4.929 0.0117058 -0.000432712
4.93 0.0116605 -0.000447575
4.931 0.0116139 -0.000462364
4.932 0.0115659 -0.000477068
4.933 0.0115167 -0.000491675
4.934 0.0114663 -0.000506169
4.935 0.0114146 -0.000520535
4.936 0.0113616 -0.000534758
4.937 0.0113075 -0.000548831
4.938 0.0112522 -0.000562749
4.939 0.0111957 -0.000576514
4.94 0.011138 -0.000590132
4.941 0.0110792 -0.000603614
4.942 0.0110192 -0.00061697
4.943 0.0109581 -0.000630211
4.944 0.0108958 -0.000643346
4.945 0.0108324 -0.000656379
4.946 0.0107679 -0.000669309
4.947 0.0107023 -0.000682131
4.948 0.0106356 -0.000694837
4.949 0.0105678 -0.000707415
4.95 0.0104989 -0.000719854
4.951 0.010429 -0.000732144
4.952 0.010358 -0.000744277
4.953 0.0102861 -0.000756251
4.954 0.0102131 -0.000768065
4.955 0.0101392 -0.000779724
4.956 0.0100643 -0.000791234
4.957 0.00998837 -0.000802603
4.958 0.00991152 -0.000813839
4.959 0.00983373 -0.000824946
4.96 0.009755 -0.000835926
4.961 0.00967534 -0.000846778
4.962 0.00959477 -0.000857498
4.963 0.0095133 -0.000868078
4.964 0.00943094 -0.000878511
4.965 0.00934773 -0.000888787
4.966 0.00926366 -0.000898901
4.967 0.00917876 -0.000908849
4.968 0.00909305 -0.000918631
4.969 0.00900654 -0.000928249
4.97 0.00891923 -0.000937708
4.971 0.00883114 -0.000947016
4.972 0.00874229 -0.000956179
4.973 0.00865268 -0.000965203
4.974 0.00856232 -0.000974091
4.975 0.00847123 -0.000982842
4.976 0.00837942 -0.000991453
4.977 0.0082869 -0.000999918
4.978 0.00819369 -0.00100823
4.979 0.00809981 -0.00101637
4.98 0.00800527 -0.00102435
4.981 0.0079101 -0.00103215
4.982 0.00781431 -0.00103977
4.983 0.00771792 -0.00104722
4.984 0.00762093 -0.00105449
4.985 0.00752337 -0.0010616
4.986 0.00742525 -0.00106855
4.987 0.00732656 -0.00107536
4.988 0.00722733 -0.00108202
4.989 0.00712757 -0.00108855
4.99 0.00702728 -0.00109494
4.991 0.00692648 -0.00110119
4.992 0.00682519 -0.00110729
4.993 0.00672343 -0.00111323
4.994 0.0066212 -0.00111901
4.995 0.00651854 -0.0011246
4.996 0.00641545 -0.00113002
4.997 0.00631197 -0.00113525
4.998 0.00620809 -0.00114029
4.999 0.00610385 -0.00114516
5 0.00599924 -0.00114986
5.001 0.00589429 -0.0011544
5.002 0.00578899 -0.00115879
5.003 0.00568337 -0.00116304
5.004 0.00557743 -0.00116716
5.005 0.00547118 -0.00117113
5.006 0.00536463 -0.00117497
5.007 0.00525781 -0.00117866
5.008 0.00515072 -0.0011822
5.009 0.00504339 -0.00118558
5.01 0.00493584 -0.00118877
5.011 0.00482807 -0.00119179
5.012 0.00472012 -0.00119462
5.013 0.004612 -0.00119727
5.014 0.00450372 -0.00119974
5.015 0.0043953 -0.00120204
5.016 0.00428674 -0.00120418
5.017 0.00417806 -0.00120617
5.018 0.00406926 -0.00120802
5.019 0.00396036 -0.00120973
5.02 0.00385137 -0.00121131
5.021 0.00374229 -0.00121276
5.022 0.00363314 -0.00121407
5.023 0.00352394 -0.00121524
5.024 0.00341471 -0.00121625
5.025 0.00330546 -0.00121709
5.026 0.0031962 -0.00121776
5.027 0.00308697 -0.00121825
5.028 0.00297777 -0.00121857
5.029 0.00286862 -0.0012187
5.03 0.00275954 -0.00121867
5.031 0.00265053 -0.00121849
5.032 0.0025416 -0.00121815
5.033 0.00243277 -0.00121768
5.034 0.00232403 -0.00121707
5.035 0.00221541 -0.00121634
5.036 0.0021069 -0.00121549
5.037 0.00199853 -0.00121451
5.038 0.00189031 -0.0012134
5.039 0.00178225 -0.00121214
5.04 0.00167436 -0.00121074
5.041 0.00156667 -0.00120917
5.042 0.0014592 -0.00120744
5.043 0.00135195 -0.00120554
5.044 0.00124495 -0.00120348
5.045 0.0011382 -0.00120126
5.046 0.00103172 -0.00119889
5.047 0.000925517 -0.00119637
5.048 0.0008196 -0.00119372
5.049 0.000713976 -0.00119095
5.05 0.000608654 -0.00118805
5.051 0.000503643 -0.00118504
5.052 0.000398954 -0.00118191
5.053 0.000294599 -0.00117866
5.054 0.000190589 -0.00117529
5.055 8.69398e-05 -0.00117178
5.056 -1.63342e-05 -0.00116813
5.057 -0.000119218 -0.00116434
5.058 -0.000221698 -0.00116041
5.059 -0.00032376 -0.00115632
5.06 -0.000425392 -0.00115209
5.061 -0.000526584 -0.00114773
5.062 -0.000627325 -0.00114323
5.063 -0.000727608 -0.0011386
5.064 -0.000827423 -0.00113386
5.065 -0.000926764 -0.00112901
5.066 -0.00102562 -0.00112405
5.067 -0.00112399 -0.00111898
5.068 -0.00122185 -0.0011138
5.069 -0.0013192 -0.00110851
5.07 -0.00141603 -0.0011031
5.071 -0.00151232 -0.00109758
5.072 -0.00160806 -0.00109193
5.073 -0.00170324 -0.00108616
5.074 -0.00179785 -0.00108027
5.075 -0.00189188 -0.00107425
5.076 -0.00198532 -0.00106812
5.077 -0.00207815 -0.00106187
5.078 -0.00217038 -0.00105551
5.079 -0.00226199 -0.00104905
5.08 -0.00235298 -0.00104249
5.081 -0.00244334 -0.00103583
5.082 -0.00253306 -0.00102907
5.083 -0.00262213 -0.00102222
5.084 -0.00271054 -0.00101526
5.085 -0.00279829 -0.00100821
5.086 -0.00288536 -0.00100105
5.087 -0.00297174 -0.000993799
5.088 -0.00305743 -0.000986442
5.089 -0.00314242 -0.000978985
5.09 -0.00322669 -0.000971433
5.091 -0.00331025 -0.000963786
5.092 -0.00339309 -0.00095605
5.093 -0.00347519 -0.000948227
5.094 -0.00355655 -0.00094032
5.095 -0.00363717 -0.00093233
5.096 -0.00371704 -0.000924257
5.097 -0.00379615 -0.000916101
5.098 -0.00387449 -0.000907859
5.099 -0.00395206 -0.000899531
5.1 -0.00402884 -0.000891116
5.101 -0.00410483 -0.000882615
5.102 -0.00418002 -0.000874029
5.103 -0.0042544 -0.000865362
5.104 -0.00432798 -0.000856618
5.105 -0.00440074 -0.000847801
5.106 -0.00447268 -0.000838918
5.107 -0.00454379 -0.000829973
5.108 -0.00461408 -0.000820969
5.109 -0.00468354 -0.000811908
5.11 -0.00475216 -0.00080279
5.111 -0.00481994 -0.000793612
5.112 -0.00488687 -0.000784372
5.113 -0.00495295 -0.000775066
5.114 -0.00501816 -0.00076569
5.115 -0.0050825 -0.000756241
5.116 -0.00514596 -0.000746718
5.117 -0.00520854 -0.000737122
5.118 -0.00527022 -0.000727458
5.119 -0.00533102 -0.000717731
5.12 -0.00539091 -0.000707948
5.121 -0.00544991 -0.000698117
5.122 -0.00550801 -0.000688245
5.123 -0.00556522 -0.000678339
5.124 -0.00562152 -0.000668403
5.125 -0.00567691 -0.000658437
5.126 -0.00573141 -0.000648442
5.127 -0.00578499 -0.000638414
5.128 -0.00583766 -0.000628349
5.129 -0.00588941 -0.00061824
5.13 -0.00594024 -0.000608084
5.131 -0.00599013 -0.000597875
5.132 -0.00603909 -0.000587614
5.133 -0.0060871 -0.000577301
5.134 -0.00613417 -0.000566939
5.135 -0.00618029 -0.000556536
5.136 -0.00622547 -0.000546097
5.137 -0.0062697 -0.000535632
5.138 -0.00631298 -0.000525148
5.139 -0.00635532 -0.000514651
5.14 -0.00639671 -0.000504145
5.141 -0.00643716 -0.000493632
5.142 -0.00647667 -0.000483111
5.143 -0.00651523 -0.000472579
5.144 -0.00655284 -0.000462032
5.145 -0.0065895 -0.000451465
5.146 -0.0066252 -0.000440873
5.147 -0.00665994 -0.000430255
5.148 -0.00669372 -0.000419608
5.149 -0.00672653 -0.000408933
5.15 -0.00675838 -0.000398235
5.151 -0.00678926 -0.000387518
5.152 -0.00681918 -0.000376789
5.153 -0.00684813 -0.000366056
5.154 -0.00687612 -0.000355323
5.155 -0.00690316 -0.000344597
5.156 -0.00692923 -0.000333882
5.157 -0.00695436 -0.000323178
5.158 -0.00697853 -0.000312486
5.159 -0.00700175 -0.000301803
5.16 -0.00702401 -0.000291126
5.161 -0.00704532 -0.000280453
5.162 -0.00706568 -0.000269779
5.163 -0.00708508 -0.000259103
5.164 -0.00710352 -0.000248425
5.165 -0.00712101 -0.000237744
5.166 -0.00713754 -0.000227064
5.167 -0.00715312 -0.000216388
5.168 -0.00716774 -0.000205721
5.169 -0.00718142 -0.000195069
5.17 -0.00719415 -0.000184435
5.171 -0.00720593 -0.000173824
5.172 -0.00721678 -0.000163239
5.173 -0.0072267 -0.000152681
5.174 -0.00723568 -0.000142153
5.175 -0.00724373 -0.000131652
5.176 -0.00725085 -0.000121178
5.177 -0.00725705 -0.00011073
5.178 -0.00726233 -0.000100306
5.179 -0.00726668 -8.99051e-05
5.18 -0.00727011 -7.95269e-05
5.181 -0.00727262 -6.91718e-05
5.182 -0.00727421 -5.88408e-05
5.183 -0.0072749 -4.85357e-05
5.184 -0.00727467 -3.82589e-05
5.185 -0.00727353 -2.80132e-05
5.186 -0.0072715 -1.78013e-05
5.187 -0.00726856 -7.62611e-06
5.188 -0.00726473 2.50969e-06
5.189 -0.00726002 1.26037e-05
5.19 -0.00725442 2.2654e-05
5.191 -0.00724793 3.2659e-05
5.192 -0.00724058 4.26176e-05
5.193 -0.00723235 5.25289e-05
5.194 -0.00722326 6.23929e-05
5.195 -0.00721331 7.22095e-05
5.196 -0.00720249 8.19793e-05
5.197 -0.00719083 9.17028e-05
5.198 -0.00717831 0.000101381
5.199 -0.00716495 0.000111014
5.2 -0.00715075 0.000120603
5.201 -0.0071357 0.000130148
5.202 -0.00711983 0.000139647
5.203 -0.00710312 0.000149101
5.204 -0.00708559 0.000158505
5.205 -0.00706723 0.000167858
5.206 -0.00704807 0.000177157
5.207 -0.0070281 0.000186396
5.208 -0.00700733 0.000195573
5.209 -0.00698577 0.000204684
5.21 -0.00696342 0.000213727
5.211 -0.00694029 0.000222699
5.212 -0.00691639 0.000231601
5.213 -0.00689173 0.000240434
5.214 -0.00686631 0.000249198
5.215 -0.00684013 0.000257897
5.216 -0.0068132 0.000266533
5.217 -0.00678552 0.00027511
5.218 -0.0067571 0.00028363
5.219 -0.00672795 0.000292092
5.22 -0.00669806 0.000300499
5.221 -0.00666745 0.000308846
5.222 -0.00663611 0.000317133
5.223 -0.00660406 0.000325354
5.224 -0.00657131 0.000333505
5.225 -0.00653786 0.000341581
5.226 -0.00650373 0.000349578
5.227 -0.00646891 0.000357493
5.228 -0.00643342 0.000365322
5.229 -0.00639727 0.000373065
5.23 -0.00636047 0.000380723
5.231 -0.00632301 0.000388297
5.232 -0.00628492 0.000395791
5.233 -0.00624619 0.000403207
5.234 -0.00620683 0.000410548
5.235 -0.00616684 0.000417818
5.236 -0.00612623 0.000425016
5.237 -0.00608502 0.000432145
5.238 -0.00604319 0.000439202
5.239 -0.00600077 0.000446187
5.24 -0.00595775 0.000453095
5.241 -0.00591415 0.000459924
5.242 -0.00586998 0.00046667
5.243 -0.00582524 0.000473329
5.244 -0.00577994 0.0004799
5.245 -0.0057341 0.00048638
5.246 -0.00568771 0.000492768
5.247 -0.0056408 0.000499064
5.248 -0.00559336 0.000505269
5.249 -0.00554541 0.000511385
5.25 -0.00549695 0.000517412
5.251 -0.00544799 0.000523352
5.252 -0.00539853 0.000529208
5.253 -0.00534859 0.000534979
5.254 -0.00529817 0.000540665
5.255 -0.00524728 0.000546268
5.256 -0.00519592 0.000551785
5.257 -0.00514411 0.000557217
5.258 -0.00509185 0.000562561
5.259 -0.00503915 0.000567817
5.26 -0.00498602 0.000572982
5.261 -0.00493247 0.000578056
5.262 -0.00487851 0.000583038
5.263 -0.00482414 0.000587926
5.264 -0.00476937 0.000592721
5.265 -0.00471422 0.000597421
5.266 -0.00465869 0.000602028
5.267 -0.00460279 0.000606541
5.268 -0.00454653 0.00061096
5.269 -0.00448991 0.000615286
5.27 -0.00443295 0.000619519
5.271 -0.00437565 0.000623659
5.272 -0.00431802 0.000627707
5.273 -0.00426006 0.000631663
5.274 -0.0042018 0.000635528
5.275 -0.00414323 0.000639301
5.276 -0.00408436 0.000642981
5.277 -0.0040252 0.00064657
5.278 -0.00396577 0.000650066
5.279 -0.00390606 0.000653469
5.28 -0.00384609 0.000656777
5.281 -0.00378587 0.000659991
5.282 -0.0037254 0.00066311
5.283 -0.00366469 0.000666132
5.284 -0.00360376 0.000669059
5.285 -0.0035426 0.00067189
5.286 -0.00348124 0.000674626
5.287 -0.00341967 0.000677266
5.288 -0.00335791 0.000679812
5.289 -0.00329597 0.000682264
5.29 -0.00323384 0.000684623
5.291 -0.00317155 0.00068689
5.292 -0.00310909 0.000689064
5.293 -0.00304648 0.000691147
5.294 -0.00298372 0.000693137
5.295 -0.00292083 0.000695034
5.296 -0.00285781 0.000696839
5.297 -0.00279467 0.00069855
5.298 -0.00273141 0.000700167
5.299 -0.00266806 0.000701691
5.3 -0.00260461 0.000703119
5.301 -0.00254107 0.000704454
5.302 -0.00247746 0.000705694
5.303 -0.00241377 0.00070684
5.304 -0.00235003 0.000707892
5.305 -0.00228623 0.000708852
5.306 -0.00222239 0.00070972
5.307 -0.00215851 0.000710497
5.308 -0.0020946 0.000711182
5.309 -0.00203068 0.000711778
5.31 -0.00196673 0.000712284
5.311 -0.00190278 0.000712702
5.312 -0.00183884 0.000713031
5.313 -0.0017749 0.000713272
5.314 -0.00171098 0.000713426
5.315 -0.00164709 0.000713492
5.316 -0.00158323 0.00071347
5.317 -0.00151941 0.00071336
5.318 -0.00145564 0.000713161
5.319 -0.00139192 0.000712873
5.32 -0.00132828 0.000712495
5.321 -0.0012647 0.000712026
5.322 -0.00120121 0.000711467
5.323 -0.00113781 0.000710817
5.324 -0.00107451 0.000710078
5.325 -0.00101131 0.000709251
5.326 -0.000948225 0.000708338
5.327 -0.00088526 0.000707341
5.328 -0.00082242 0.000706261
5.329 -0.000759712 0.000705103
5.33 -0.000697143 0.000703866
5.331 -0.000634719 0.000702553
5.332 -0.000572446 0.000701163
5.333 -0.000510332 0.000699697
5.334 -0.000448384 0.000698151
5.335 -0.00038661 0.000696526
5.336 -0.000325018 0.000694818
5.337 -0.000263616 0.000693025
5.338 -0.000202413 0.000691146
5.339 -0.000141417 0.000689179
5.34 -8.06361e-05 0.000687126
5.341 -2.00766e-05 0.000684987
5.342 4.02544e-05 0.000682765
5.343 0.000100351 0.000680465
5.344 0.000160208 0.00067809
5.345 0.000219821 0.000675644
5.346 0.000279185 0.000673131
5.347 0.000338295 0.000670554
5.348 0.000397146 0.000667913
5.349 0.000455733 0.00066521
5.35 0.000514048 0.000662441
5.351 0.000572086 0.000659604
5.352 0.000629839 0.000656696
5.353 0.000687298 0.000653713
5.354 0.000744456 0.000650651
5.355 0.000801304 0.00064751
5.356 0.000857836 0.000644288
5.357 0.000914044 0.000640986
5.358 0.000969921 0.000637609
5.359 0.00102546 0.000634159
5.36 0.00108067 0.000630641
5.361 0.00113553 0.000627062
5.362 0.00119004 0.000623426
5.363 0.00124421 0.000619737
5.364 0.00129802 0.000615996
5.365 0.00135148 0.000612205
5.366 0.00140457 0.000608361
5.367 0.00145729 0.000604462
5.368 0.00150964 0.000600504
5.369 0.00156161 0.000596483
5.37 0.00161319 0.000592396
5.371 0.00166437 0.000588242
5.372 0.00171515 0.000584018
5.373 0.00176552 0.000579727
5.374 0.00181548 0.00057537
5.375 0.00186502 0.000570953
5.376 0.00191414 0.000566479
5.377 0.00196284 0.000561954
5.378 0.00201111 0.000557382
5.379 0.00205895 0.000552767
5.38 0.00210636 0.00054811
5.381 0.00215333 0.000543412
5.382 0.00219987 0.000538672
5.383 0.00224596 0.000533887
5.384 0.0022916 0.000529054
5.385 0.00233679 0.000524172
5.386 0.00238152 0.000519236
5.387 0.00242578 0.000514247
5.388 0.00246957 0.000509205
5.389 0.00251289 0.000504111
5.39 0.00255573 0.000498967
5.391 0.00259809 0.000493778
5.392 0.00263996 0.000488548
5.393 0.00268135 0.000483279
5.394 0.00272225 0.000477975
5.395 0.00276266 0.000472638
5.396 0.00280258 0.000467269
5.397 0.00284201 0.000461867
5.398 0.00288093 0.00045643
5.399 0.00291936 0.000450957
5.4 0.00295727 0.000445446
5.401 0.00299468 0.000439897
5.402 0.00303157 0.000434308
5.403 0.00306795 0.000428681
5.404 0.0031038 0.000423017
5.405 0.00313914 0.00041732
5.406 0.00317394 0.000411591
5.407 0.00320823 0.000405835
5.408 0.00324198 0.000400053
5.409 0.00327521 0.000394249
5.41 0.00330791 0.000388422
5.411 0.00334008 0.000382573
5.412 0.00337171 0.000376701
5.413 0.00340281 0.000370804
5.414 0.00343337 0.00036488
5.415 0.00346338 0.000358929
5.416 0.00349285 0.00035295
5.417 0.00352178 0.000346944
5.418 0.00355015 0.000340913
5.419 0.00357798 0.000334859
5.42 0.00360525 0.000328786
5.421 0.00363197 0.000322698
5.422 0.00365815 0.000316598
5.423 0.00368377 0.000310489
5.424 0.00370884 0.000304371
5.425 0.00373336 0.000298244
5.426 0.00375733 0.000292108
5.427 0.00378074 0.000285958
5.428 0.00380359 0.000279794
5.429 0.00382589 0.000273612
5.43 0.00384762 0.00026741
5.431 0.00386879 0.000261188
5.432 0.0038894 0.000254948
5.433 0.00390944 0.000248691
5.434 0.00392891 0.000242424
5.435 0.00394782 0.00023615
5.436 0.00396617 0.000229875
5.437 0.00398395 0.000223604
5.438 0.00400118 0.00021734
5.439 0.00401785 0.000211085
5.44 0.00403397 0.000204839
5.441 0.00404953 0.000198599
5.442 0.00406453 0.000192363
5.443 0.00407898 0.000186124
5.444 0.00409286 0.000179879
5.445 0.00410618 0.000173624
5.446 0.00411893 0.000167357
5.447 0.00413112 0.000161078
5.448 0.00414274 0.00015479
5.449 0.0041538 0.000148496
5.45 0.00416429 0.000142204
5.451 0.00417423 0.00013592
5.452 0.0041836 0.00012965
5.453 0.00419243 0.0001234
5.454 0.0042007 0.000117174
5.455 0.00420843 0.000110973
5.456 0.00421561 0.000104794
5.457 0.00422225 9.86348e-05
5.458 0.00422835 9.24894e-05
5.459 0.0042339 8.63518e-05
5.46 0.0042389 8.02167e-05
5.461 0.00424335 7.40801e-05
5.462 0.00424725 6.79403e-05
5.463 0.0042506 6.17983e-05
5.464 0.0042534 5.56579e-05
5.465 0.00425565 4.95251e-05
5.466 0.00425736 4.34073e-05
5.467 0.00425854 3.73125e-05
5.468 0.00425918 3.12479e-05
5.469 0.00425929 2.52186e-05
5.47 0.00425888 1.92275e-05
5.471 0.00425795 1.32742e-05
5.472 0.0042565 7.35567e-06
5.473 0.00425454 1.46631e-06
5.474 0.00425206 -4.40072e-06
5.475 0.00424906 -1.02525e-05
5.476 0.00424555 -1.60952e-05
5.477 0.00424151 -2.19326e-05
5.478 0.00423695 -2.7766e-05
5.479 0.00423187 -3.35931e-05
5.48 0.00422628 -3.94088e-05
5.481 0.00422017 -4.52056e-05
5.482 0.00421356 -5.09747e-05
5.483 0.00420644 -5.67074e-05
5.484 0.00419884 -6.2396e-05
5.485 0.00419074 -6.80355e-05
5.486 0.00418216 -7.36236e-05
5.487 0.0041731 -7.91618e-05
5.488 0.00416357 -8.46546e-05
5.489 0.00415356 -9.01087e-05
5.49 0.00414308 -9.55321e-05
5.491 0.00413213 -0.000100933
5.492 0.0041207 -0.000106317
5.493 0.00410879 -0.000111689
5.494 0.00409641 -0.000117049
5.495 0.00408356 -0.000122395
5.496 0.00407023 -0.00012772
5.497 0.00405644 -0.000133017
5.498 0.00404219 -0.000138275
5.499 0.0040275 -0.000143487
5.5 0.00401235 -0.000148644
5.501 0.00399678 -0.000153742
5.502 0.00398077 -0.00015878
5.503 0.00396434 -0.000163759
5.504 0.00394749 -0.000168685
5.505 0.00393021 -0.000173565
5.506 0.00391252 -0.000178406
5.507 0.00389441 -0.000183219
5.508 0.00387588 -0.000188007
5.509 0.00385693 -0.000192775
5.51 0.00383756 -0.000197523
5.511 0.00381778 -0.000202248
5.512 0.00379759 -0.000206943
5.513 0.00377699 -0.000211601
5.514 0.00375599 -0.000216213
5.515 0.00373461 -0.00022077
5.516 0.00371284 -0.000225267
5.517 0.0036907 -0.000229699
5.518 0.0036682 -0.000234065
5.519 0.00364533 -0.000238369
5.52 0.0036221 -0.000242615
5.521 0.00359851 -0.000246811
5.522 0.00357457 -0.000250963
5.523 0.00355027 -0.000255079
5.524 0.00352562 -0.000259162
5.525 0.00350062 -0.000263216
5.526 0.00347527 -0.00026724
5.527 0.00344957 -0.000271229
5.528 0.00342353 -0.000275179
5.529 0.00339716 -0.000279082
5.53 0.00337047 -0.000282932
5.531 0.00334345 -0.000286721
5.532 0.00331613 -0.000290447
5.533 0.0032885 -0.000294106
5.534 0.00326057 -0.000297702
5.535 0.00323234 -0.000301236
5.536 0.00320383 -0.000304714
5.537 0.00317502 -0.000308143
5.538 0.00314593 -0.000311527
5.539 0.00311656 -0.000314871
5.54 0.0030869 -0.000318176
5.541 0.00305697 -0.000321444
5.542 0.00302676 -0.00032467
5.543 0.00299628 -0.00032785
5.544 0.00296554 -0.000330978
5.545 0.00293454 -0.000334049
5.546 0.0029033 -0.000337058
5.547 0.00287182 -0.000340001
5.548 0.0028401 -0.000342876
5.549 0.00280815 -0.000345687
5.55 0.00277598 -0.000348435
5.551 0.00274359 -0.000351127
5.552 0.00271099 -0.000353768
5.553 0.00267816 -0.000356364
5.554 0.00264513 -0.000358917
5.555 0.00261188 -0.00036143
5.556 0.00257843 -0.000363903
5.557 0.00254477 -0.000366331
5.558 0.00251092 -0.000368711
5.559 0.00247688 -0.000371036
5.56 0.00244265 -0.0003733
5.561 0.00240826 -0.000375497
5.562 0.0023737 -0.000377626
5.563 0.00233897 -0.000379685
5.564 0.0023041 -0.000381676
5.565 0.00226907 -0.000383604
5.566 0.0022339 -0.000385474
5.567 0.00219858 -0.000387292
5.568 0.00216313 -0.000389064
5.569 0.00212753 -0.000390795
5.57 0.00209179 -0.000392487
5.571 0.00205592 -0.000394138
5.572 0.00201993 -0.000395745
5.573 0.00198381 -0.000397303
5.574 0.00194757 -0.000398805
5.575 0.00191123 -0.000400245
5.576 0.00187479 -0.000401617
5.577 0.00183826 -0.000402918
5.578 0.00180164 -0.000404147
5.579 0.00176495 -0.000405307
5.58 0.00172817 -0.000406403
5.581 0.00169133 -0.000407442
5.582 0.00165442 -0.00040843
5.583 0.00161744 -0.000409376
5.584 0.00158039 -0.000410283
5.585 0.00154327 -0.000411155
5.586 0.0015061 -0.000411991
5.587 0.00146886 -0.000412787
5.588 0.00143158 -0.000413535
5.589 0.00139425 -0.000414229
5.59 0.00135689 -0.00041486
5.591 0.0013195 -0.00041542
5.592 0.00128209 -0.000415906
5.593 0.00124468 -0.000416317
5.594 0.00120726 -0.000416654
5.595 0.00116984 -0.000416924
5.596 0.00113242 -0.000417135
5.597 0.00109501 -0.000417297
5.598 0.0010576 -0.000417419
5.599 0.00102019 -0.000417509
5.6 0.000982792 -0.000417572
5.601 0.000945398 -0.000417608
5.602 0.000908014 -0.000417613
5.603 0.000870645 -0.000417582
5.604 0.000833299 -0.000417504
5.605 0.000795985 -0.000417368
5.606 0.000758711 -0.000417166
5.607 0.000721488 -0.000416889
5.608 0.000684324 -0.000416534
5.609 0.000647227 -0.000416101
5.61 0.000610201 -0.000415594
5.611 0.000573251 -0.000415022
5.612 0.000536377 -0.000414395
5.613 0.00049958 -0.000413726
5.614 0.000462857 -0.000413024
5.615 0.000426209 -0.000412299
5.616 0.000389634 -0.000411554
5.617 0.000353136 -0.000410789
5.618 0.000316716 -0.00041
5.619 0.00028038 -0.000409178
5.62 0.000244137 -0.000408313
5.621 0.000207994 -0.000407393
5.622 0.000171961 -0.000406409
5.623 0.000136047 -0.000405353
5.624 0.000100261 -0.000404223
5.625 6.46093e-05 -0.000403018
5.626 2.90958e-05 -0.000401746
5.627 -6.27675e-06 -0.000400414
5.628 -4.15076e-05 -0.000399034
5.629 -7.65975e-05 -0.000397618
5.63 -0.000111548 -0.000396174
5.631 -0.000146359 -0.00039471
5.632 -0.000181031 -0.000393229
5.633 -0.000215563 -0.000391729
5.634 -0.00024995 -0.000390206
5.635 -0.000284188 -0.000388652
5.636 -0.00031827 -0.000387056
5.637 -0.000352187 -0.00038541
5.638 -0.000385931 -0.000383705
5.639 -0.000419495 -0.000381937
5.64 -0.000452872 -0.000380104
5.641 -0.000486057 -0.000378209
5.642 -0.000519047 -0.000376259
5.643 -0.000551841 -0.000374262
5.644 -0.000584439 -0.000372227
5.645 -0.000616841 -0.000370163
5.646 -0.000649048 -0.000368078
5.647 -0.00068106 -0.000365975
5.648 -0.000712877 -0.000363855
5.649 -0.000744494 -0.000361714
5.65 -0.000775909 -0.000359547
5.651 -0.000807116 -0.000357347
5.652 -0.000838108 -0.000355106
5.653 -0.000868879 -0.000352817
5.654 -0.000899423 -0.000350476
5.655 -0.000929733 -0.000348082
5.656 -0.000959807 -0.000345638
5.657 -0.00098964 -0.000343147
5.658 -0.00101923 -0.000340617
5.659 -0.00104858 -0.000338055
5.66 -0.0010777 -0.00033547
5.661 -0.00110657 -0.000332867
5.662 -0.0011352 -0.000330248
5.663 -0.00116359 -0.000327614
5.664 -0.00119173 -0.000324963
5.665 -0.00121963 -0.000322288
5.666 -0.00124728 -0.000319584
5.667 -0.00127467 -0.000316843
5.668 -0.0013018 -0.000314062
5.669 -0.00132865 -0.000311236
5.67 -0.00135524 -0.000308366
5.671 -0.00138155 -0.000305455
5.672 -0.00140758 -0.000302507
5.673 -0.00143334 -0.000299531
5.674 -0.00145882 -0.000296532
5.675 -0.00148402 -0.000293519
5.676 -0.00150895 -0.000290496
5.677 -0.0015336 -0.000287464
5.678 -0.00155798 -0.000284424
5.679 -0.00158208 -0.000281371
5.68 -0.00160591 -0.000278299
5.681 -0.00162944 -0.000275202
5.682 -0.00165268 -0.000272073
5.683 -0.00167563 -0.000268907
5.684 -0.00169828 -0.000265702
5.685 -0.00172062 -0.000262458
5.686 -0.00174266 -0.00025918
5.687 -0.00176439 -0.000255873
5.688 -0.00178582 -0.000252545
5.689 -0.00180694 -0.000249205
5.69 -0.00182776 -0.000245861
5.691 -0.00184827 -0.000242517
5.692 -0.0018685 -0.000239175
5.693 -0.00188842 -0.000235833
5.694 -0.00190804 -0.000232488
5.695 -0.00192736 -0.000229133
5.696 -0.00194637 -0.000225758
5.697 -0.00196506 -0.000222358
5.698 -0.00198344 -0.000218924
5.699 -0.0020015 -0.000215456
5.7 -0.00201923 -0.000211952
5.701 -0.00203663 -0.000208417
5.702 -0.00205371 -0.000204857
5.703 -0.00207045 -0.000201283
5.704 -0.00208688 -0.000197704
5.705 -0.00210298 -0.000194128
5.706 -0.00211877 -0.000190561
5.707 -0.00213425 -0.000187007
5.708 -0.00214941 -0.000183465
5.709 -0.00216426 -0.000179931
5.71 -0.00217879 -0.000176397
5.711 -0.00219301 -0.000172855
5.712 -0.0022069 -0.000169294
5.713 -0.00222046 -0.000165709
5.714 -0.00223369 -0.000162094
5.715 -0.00224658 -0.000158449
5.716 -0.00225913 -0.000154775
5.717 -0.00227134 -0.000151081
5.718 -0.00228322 -0.000147374
5.719 -0.00229476 -0.000143665
5.72 -0.00230597 -0.000139964
5.721 -0.00231686 -0.000136278
5.722 -0.00232742 -0.000132612
5.723 -0.00233767 -0.000128968
5.724 -0.0023476 -0.000125342
5.725 -0.00235721 -0.000121728
5.726 -0.0023665 -0.000118117
5.727 -0.00237547 -0.0001145
5.728 -0.0023841 -0.000110869
5.729 -0.0023924 -0.000107217
5.73 -0.00240037 -0.000103544
5.731 -0.00240799 -9.98484e-05
5.732 -0.00241528 -9.61365e-05
5.733 -0.00242223 -9.24158e-05
5.734 -0.00242885 -8.86954e-05
5.735 -0.00243514 -8.49851e-05
5.736 -0.0024411 -8.12927e-05
5.737 -0.00244675 -7.76239e-05
5.738 -0.00245207 -7.39806e-05
5.739 -0.00245708 -7.03612e-05
5.74 -0.00246178 -6.67611e-05
5.741 -0.00246616 -6.31729e-05
5.742 -0.00247022 -5.95887e-05
5.743 -0.00247395 -5.60008e-05
5.744 -0.00247737 -5.24034e-05
5.745 -0.00248045 -4.87937e-05
5.746 -0.00248321 -4.51721e-05
5.747 -0.00248564 -4.15425e-05
5.748 -0.00248775 -3.79114e-05
5.749 -0.00248953 -3.42869e-05
5.75 -0.00249099 -3.06774e-05
5.751 -0.00249214 -2.70902e-05
5.752 -0.00249298 -2.35303e-05
5.753 -0.00249351 -1.99994e-05
5.754 -0.00249374 -1.64962e-05
5.755 -0.00249367 -1.30163e-05
5.756 -0.00249329 -9.55306e-06
5.757 -0.00249261 -6.09921e-06
5.758 -0.00249162 -2.64779e-06
5.759 -0.00249032 8.06355e-07
5.76 -0.00248871 4.26568e-06
5.761 -0.00248679 7.72941e-06
5.762 -0.00248456 1.11937e-05
5.763 -0.00248202 1.4652e-05
5.764 -0.00247917 1.80965e-05
5.765 -0.00247603 2.15191e-05
5.766 -0.00247259 2.49131e-05
5.767 -0.00246886 2.82737e-05
5.768 -0.00246485 3.15997e-05
5.769 -0.00246056 3.48927e-05
5.77 -0.00245598 3.81574e-05
5.771 -0.00245112 4.14005e-05
5.772 -0.00244598 4.46296e-05
5.773 -0.00244055 4.78517e-05
5.774 -0.00243483 5.10719e-05
5.775 -0.00242883 5.42926e-05
5.776 -0.00242254 5.7513e-05
5.777 -0.00241596 6.07289e-05
5.778 -0.0024091 6.39336e-05
5.779 -0.00240196 6.71191e-05
5.78 -0.00239454 7.0277e-05
5.781 -0.00238686 7.34001e-05
5.782 -0.00237892 7.64837e-05
5.783 -0.00237071 7.95264e-05
5.784 -0.00236226 8.25299e-05
5.785 -0.00235355 8.54992e-05
5.786 -0.00234458 8.84413e-05
5.787 -0.00233536 9.13645e-05
5.788 -0.00232589 9.42764e-05
5.789 -0.00231616 9.71828e-05
5.79 -0.00230617 0.000100087
5.791 -0.00229592 0.000102988
5.792 -0.00228541 0.000105883
5.793 -0.00227465 0.000108764
5.794 -0.00226365 0.000111624
5.795 -0.00225239 0.000114453
5.796 -0.0022409 0.000117243
5.797 -0.00222919 0.00011999
5.798 -0.00221724 0.000122689
5.799 -0.00220507 0.000125343
5.8 -0.00219269 0.000127956
5.801 -0.00218009 0.000130535
5.802 -0.00216727 0.000133087
5.803 -0.00215423 0.000135621
5.804 -0.00214096 0.000138145
5.805 -0.00212748 0.000140662
5.806 -0.00211377 0.000143172
5.807 -0.00209984 0.000145675
5.808 -0.0020857 0.000148164
5.809 -0.00207133 0.000150632
5.81 -0.00205676 0.000153069
5.811 -0.00204199 0.000155469
5.812 -0.00202703 0.000157824
5.813 -0.00201187 0.000160131
5.814 -0.00199653 0.000162389
5.815 -0.00198101 0.000164603
5.816 -0.0019653 0.000166776
5.817 -0.00194942 0.000168917
5.818 -0.00193336 0.000171033
5.819 -0.00191711 0.000173131
5.82 -0.00190069 0.000175216
5.821 -0.00188408 0.00017729
5.822 -0.0018673 0.000179351
5.823 -0.00185033 0.000181396
5.824 -0.00183319 0.000183419
5.825 -0.00181589 0.000185412
5.826 -0.00179842 0.000187368
5.827 -0.00178079 0.000189282
5.828 -0.00176302 0.00019115
5.829 -0.00174509 0.00019297
5.83 -0.00172703 0.000194745
5.831 -0.00170882 0.000196479
5.832 -0.00169048 0.000198178
5.833 -0.00167199 0.000199847
5.834 -0.00165337 0.000201494
5.835 -0.00163461 0.000203122
5.836 -0.00161571 0.000204732
5.837 -0.00159668 0.000206325
5.838 -0.00157751 0.000207897
5.839 -0.00155821 0.000209444
5.84 -0.00153879 0.00021096
5.841 -0.00151924 0.000212439
5.842 -0.00149958 0.000213877
5.843 -0.00147982 0.00021527
5.844 -0.00145995 0.000216619
5.845 -0.00143997 0.000217925
5.846 -0.0014199 0.000219192
5.847 -0.00139973 0.000220425
5.848 -0.00137946 0.000221628
5.849 -0.0013591 0.000222808
5.85 -0.00133864 0.000223965
5.851 -0.00131808 0.000225102
5.852 -0.00129744 0.000226218
5.853 -0.0012767 0.000227309
5.854 -0.00125588 0.000228371
5.855 -0.00123498 0.000229399
5.856 -0.001214 0.000230387
5.857 -0.00119296 0.000231334
5.858 -0.00117185 0.000232237
5.859 -0.00115067 0.000233097
5.86 -0.00112944 0.000233915
5.861 -0.00110815 0.000234698
5.862 -0.00108681 0.000235448
5.863 -0.00106541 0.000236171
5.864 -0.00104396 0.000236872
5.865 -0.00102245 0.000237551
5.866 -0.00100089 0.000238211
5.867 -0.000979287 0.000238848
5.868 -0.000957634 0.00023946
5.869 -0.00093594 0.00024004
5.87 -0.000914209 0.000240586
5.871 -0.000892446 0.000241091
5.872 -0.000870657 0.000241554
5.873 -0.000848846 0.000241973
5.874 -0.000827017 0.000242349
5.875 -0.000805172 0.000242685
5.876 -0.000783312 0.000242986
5.877 -0.00076144 0.000243258
5.878 -0.000739554 0.000243505
5.879 -0.000717657 0.000243731
5.88 -0.000695747 0.000243937
5.881 -0.000673828 0.000244125
5.882 -0.000651901 0.000244291
5.883 -0.00062997 0.000244432
5.884 -0.00060804 0.000244542
5.885 -0.000586116 0.000244616
5.886 -0.000564202 0.000244651
5.887 -0.000542304 0.000244642
5.888 -0.000520425 0.000244591
5.889 -0.00049857 0.000244497
5.89 -0.000476741 0.000244366
5.891 -0.000454938 0.000244203
5.892 -0.000433162 0.000244012
5.893 -0.000411414 0.000243801
5.894 -0.000389692 0.000243571
5.895 -0.000367998 0.000243327
5.896 -0.000346333 0.000243066
5.897 -0.000324699 0.000242787
5.898 -0.0003031 0.000242485
5.899 -0.000281541 0.000242153
5.9 -0.000260026 0.000241786
5.901 -0.000238562 0.00024138
5.902 -0.000217153 0.00024093
5.903 -0.000195803 0.000240437
5.904 -0.000174516 0.000239902
5.905 -0.000153295 0.000239329
5.906 -0.000132139 0.000238724
5.907 -0.000111049 0.000238094
5.908 -9.00244e-05 0.000237446
5.909 -6.90644e-05 0.000236784
5.91 -4.81688e-05 0.000236111
5.911 -2.73382e-05 0.000235427
5.912 -6.57433e-06 0.000234731
5.913 1.41198e-05 0.000234017
5.914 3.47401e-05 0.000233279
5.915 5.52815e-05 0.000232511
5.916 7.57387e-05 0.000231707
5.917 9.61065e-05 0.000230863
5.918 0.00011638 0.000229977
5.919 0.000136556 0.000229049
5.92 0.000156632 0.000228084
5.921 0.000176606 0.000227086
5.922 0.000196479 0.000226061
5.923 0.000216251 0.000225018
5.924 0.000235923 0.00022396
5.925 0.000255495 0.000222894
5.926 0.000274969 0.000221819
5.927 0.000294342 0.000220735
5.928 0.000313613 0.000219639
5.929 0.000332779 0.000218526
5.93 0.000351835 0.00021739
5.931 0.000370778 0.000216225
5.932 0.000389602 0.000215028
5.933 0.000408304 0.000213795
5.934 0.000426879 0.000212526
5.935 0.000445325 0.000211223
5.936 0.000463642 0.00020989
5.937 0.000481827 0.000208533
5.938 0.000499882 0.000207156
5.939 0.000517807 0.000205766
5.94 0.000535602 0.000204365
5.941 0.000553269 0.000202956
5.942 0.000570805 0.000201539
5.943 0.00058821 0.000200111
5.944 0.000605482 0.000198668
5.945 0.000622616 0.000197208
5.946 0.00063961 0.000195724
5.947 0.00065646 0.000194215
5.948 0.000673162 0.000192677
5.949 0.000689714 0.00019111
5.95 0.000706114 0.000189517
5.951 0.00072236 0.000187899
5.952 0.000738452 0.000186262
5.953 0.000754391 0.00018461
5.954 0.000770176 0.000182947
5.955 0.000785808 0.000181275
5.956 0.000801288 0.000179596
5.957 0.000816614 0.00017791
5.958 0.000831785 0.000176214
5.959 0.000846799 0.000174506
5.96 0.000861653 0.000172782
5.961 0.000876345 0.000171039
5.962 0.000890871 0.000169274
5.963 0.00090523 0.000167487
5.964 0.000919419 0.000165678
5.965 0.000933437 0.000163849
5.966 0.000947283 0.000162002
5.967 0.000960957 0.000160141
5.968 0.00097446 0.000158271
5.969 0.000987792 0.000156393
5.97 0.00100095 0.00015451
5.971 0.00101394 0.000152623
5.972 0.00102676 0.00015073
5.973 0.00103941 0.000148829
5.974 0.00105188 0.000146917
5.975 0.00106418 0.000144993
5.976 0.0010763 0.000143052
5.977 0.00108823 0.000141094
5.978 0.00109998 0.000139119
5.979 0.00111155 0.000137127
5.98 0.00112293 0.000135123
5.981 0.00113413 0.000133108
5.982 0.00114515 0.000131087
5.983 0.00115598 0.000129062
5.984 0.00116663 0.000127035
5.985 0.0011771 0.000125008
5.986 0.00118739 0.00012298
5.987 0.00119749 0.000120948
5.988 0.00120741 0.000118909
5.989 0.00121715 0.000116861
5.99 0.00122669 0.0001148
5.991 0.00123605 0.000112724
5.992 0.00124521 0.000110633
5.993 0.00125417 0.000108527
5.994 0.00126295 0.00010641
5.995 0.00127153 0.000104285
5.996 0.00127992 0.000102158
5.997 0.00128811 0.000100031
5.998 0.00129612 9.79092e-05
5.999 0.00130395 9.57946e-05
6 0.00131158 9.36871e-05
6.001 0.00131903 9.15851e-05
6.002 0.0013263 8.94852e-05
6.003 0.00133337 8.73827e-05
6.004 0.00134026 8.52729e-05
6.005 0.00134695 8.31514e-05
6.006 0.00135344 8.10151e-05
6.007 0.00135974 7.88629e-05
6.008 0.00136583 7.6696e-05
6.009 0.00137173 7.45177e-05
6.01 0.00137743 7.2333e-05
6.011 0.00138293 7.01479e-05
6.012 0.00138824 6.79685e-05
6.013 0.00139336 6.58e-05
6.014 0.00139829 6.3646e-05
6.015 0.00140303 6.15078e-05
6.016 0.00140759 5.93842e-05
6.017 0.00141197 5.72717e-05
6.018 0.00141616 5.5165e-05
6.019 0.00142016 5.30582e-05
6.02 0.00142397 5.09452e-05
6.021 0.00142759 4.88212e-05
6.022 0.00143101 4.66833e-05
6.023 0.00143423 4.4531e-05
6.024 0.00143725 4.23664e-05
6.025 0.00144008 4.01939e-05
6.026 0.00144271 3.80197e-05
6.027 0.00144515 3.58505e-05
6.028 0.0014474 3.36929e-05
6.029 0.00144946 3.15522e-05
6.03 0.00145134 2.94316e-05
6.031 0.00145304 2.73317e-05
6.032 0.00145456 2.52509e-05
6.033 0.0014559 2.31851e-05
6.034 0.00145706 2.11287e-05
6.035 0.00145803 1.90755e-05
6.036 0.00145883 1.70199e-05
6.037 0.00145944 1.49573e-05
6.038 0.00145985 1.28854e-05
6.039 0.00146008 1.08041e-05
6.04 0.00146012 8.71591e-06
6.041 0.00145997 6.62508e-06
6.042 0.00145964 4.53732e-06
6.043 0.00145912 2.45874e-06
6.044 0.00145842 3.9493e-07
6.045 0.00145754 -1.64981e-06
6.046 0.00145649 -3.67312e-06
6.047 0.00145527 -5.6748e-06
6.048 0.00145388 -7.65675e-06
6.049 0.00145232 -9.62259e-06
6.05 0.00145059 -1.15769e-05
6.051 0.00144869 -1.35247e-05
6.052 0.00144661 -1.54701e-05
6.053 0.00144436 -1.74162e-05
6.054 0.00144194 -1.93644e-05
6.055 0.00143934 -2.13141e-05
6.056 0.00143656 -2.3263e-05
6.057 0.00143361 -2.52075e-05
6.058 0.0014305 -2.71433e-05
6.059 0.00142721 -2.90661e-05
6.06 0.00142376 -3.09721e-05
6.061 0.00142015 -3.28587e-05
6.062 0.00141637 -3.4725e-05
6.063 0.00141244 -3.65713e-05
6.064 0.00140835 -3.83995e-05
6.065 0.00140411 -4.02122e-05
6.066 0.00139971 -4.20126e-05
6.067 0.00139515 -4.38036e-05
6.068 0.00139044 -4.55876e-05
6.069 0.00138556 -4.73658e-05
6.07 0.00138054 -4.91384e-05
6.071 0.00137535 -5.09042e-05
6.072 0.00137001 -5.26614e-05
6.073 0.00136452 -5.44075e-05
6.074 0.00135888 -5.61398e-05
6.075 0.00135309 -5.7856e-05
6.076 0.00134716 -5.95547e-05
6.077 0.00134108 -6.12349e-05
6.078 0.00133486 -6.28969e-05
6.079 0.00132849 -6.45415e-05
6.08 0.00132199 -6.61701e-05
6.081 0.00131535 -6.77843e-05
6.082 0.00130857 -6.93853e-05
6.083 0.00130165 -7.09742e-05
6.084 0.00129459 -7.25513e-05
6.085 0.0012874 -7.41161e-05
6.086 0.00128008 -7.56677e-05
6.087 0.00127262 -7.72048e-05
6.088 0.00126503 -7.87258e-05
6.089 0.00125732 -8.02296e-05
6.09 0.00124947 -8.17153e-05
6.091 0.0012415 -8.31827e-05
6.092 0.00123341 -8.4632e-05
6.093 0.0012252 -8.60643e-05
6.094 0.00121686 -8.74807e-05
6.095 0.00120841 -8.88825e-05
6.096 0.00119984 -9.02707e-05
6.097 0.00119114 -9.16461e-05
6.098 0.00118233 -9.30086e-05
6.099 0.00117341 -9.43574e-05
6.1 0.00116437 -9.56913e-05
6.101 0.00115521 -9.70086e-05
6.102 0.00114595 -9.83073e-05
6.103 0.00113658 -9.95859e-05
6.104 0.00112711 -0.000100843
6.105 0.00111753 -0.000102078
6.106 0.00110785 -0.000103291
6.107 0.00109807 -0.000104483
6.108 0.0010882 -0.000105656
6.109 0.00107823 -0.000106811
6.11 0.00106816 -0.000107951
6.111 0.00105799 -0.000109077
6.112 0.00104774 -0.00011019
6.113 0.00103738 -0.00011129
6.114 0.00102694 -0.000112378
6.115 0.0010164 -0.000113452
6.116 0.00100577 -0.00011451
6.117 0.000995058 -0.000115551
6.118 0.00098426 -0.000116571
6.119 0.00097338 -0.000117568
6.12 0.000962421 -0.000118543
6.121 0.000951386 -0.000119493
6.122 0.000940276 -0.00012042
6.123 0.000929094 -0.000121323
6.124 0.00091784 -0.000122206
6.125 0.000906517 -0.000123068
6.126 0.000895124 -0.000123914
6.127 0.000883662 -0.000124744
6.128 0.000872132 -0.00012556
6.129 0.000860535 -0.000126363
6.13 0.000848873 -0.000127153
6.131 0.000837145 -0.000127928
6.132 0.000825355 -0.000128689
6.133 0.000813504 -0.000129433
6.134 0.000801595 -0.000130157
6.135 0.00078963 -0.000130861
6.136 0.000777612 -0.000131542
6.137 0.000765544 -0.0001322
6.138 0.000753427 -0.000132833
6.139 0.000741265 -0.000133442
6.14 0.000729058 -0.000134027
6.141 0.00071681 -0.00013459
6.142 0.000704519 -0.000135133
6.143 0.000692189 -0.000135658
6.144 0.000679819 -0.000136166
6.145 0.000667411 -0.000136659
6.146 0.000654964 -0.000137138
6.147 0.000642481 -0.000137605
6.148 0.000629961 -0.000138059
6.149 0.000617407 -0.000138498
6.15 0.000604821 -0.000138922
6.151 0.000592204 -0.000139328
6.152 0.00057956 -0.000139715
6.153 0.00056689 -0.000140079
6.154 0.000554198 -0.00014042
6.155 0.000541487 -0.000140736
6.156 0.000528759 -0.000141026
6.157 0.000516016 -0.000141291
6.158 0.000503259 -0.000141533
6.159 0.000490491 -0.000141754
6.16 0.000477712 -0.000141955
6.161 0.000464921 -0.000142141
6.162 0.000452121 -0.000142313
6.163 0.000439311 -0.000142473
6.164 0.000426491 -0.000142623
6.165 0.000413663 -0.000142761
6.166 0.000400827 -0.000142888
6.167 0.000387986 -0.000143001
6.168 0.000375142 -0.000143097
6.169 0.000362298 -0.000143173
6.17 0.000349458 -0.000143226
6.171 0.000336623 -0.000143254
6.172 0.000323798 -0.000143256
6.173 0.000310984 -0.000143231
6.174 0.000298183 -0.000143182
6.175 0.000285398 -0.000143109
6.176 0.000272627 -0.000143017
6.177 0.000259873 -0.000142909
6.178 0.000247133 -0.000142789
6.179 0.00023441 -0.00014266
6.18 0.000221701 -0.000142522
6.181 0.000209008 -0.000142376
6.182 0.000196333 -0.000142221
6.183 0.000183676 -0.000142055
6.184 0.00017104 -0.000141873
6.185 0.000158429 -0.000141672
6.186 0.000145846 -0.000141449
6.187 0.000133293 -0.000141201
6.188 0.000120774 -0.000140927
6.189 0.000108292 -0.000140626
6.19 9.58469e-05 -0.000140301
6.191 8.34409e-05 -0.000139955
6.192 7.1074e-05 -0.000139591
6.193 5.87459e-05 -0.000139214
6.194 4.6456e-05 -0.000138828
6.195 3.42041e-05 -0.000138435
6.196 2.19901e-05 -0.000138036
6.197 9.81453e-06 -0.000137631
6.198 -2.32123e-06 -0.000137217
6.199 -1.44151e-05 -0.000136792
6.2 -2.64643e-05 -0.000136351
6.201 -3.84658e-05 -0.000135891
6.202 -5.04163e-05 -0.000135408
6.203 -6.23129e-05 -0.0001349
6.204 -7.4153e-05 -0.000134368
6.205 -8.59349e-05 -0.000133812
6.206 -9.76578e-05 -0.000133236
6.207 -0.000109321 -0.000132644
6.208 -0.000120926 -0.000132039
6.209 -0.000132473 -0.000131426
6.21 -0.000143962 -0.000130808
6.211 -0.000155394 -0.000130187
6.212 -0.000166769 -0.000129561
6.213 -0.000178085 -0.000128929
6.214 -0.000189341 -0.000128287
6.215 -0.000200533 -0.000127632
6.216 -0.000211659 -0.000126958
6.217 -0.000222716 -0.000126263
6.218 -0.0002337 -0.000125543
6.219 -0.000244608 -0.0001248
6.22 -0.000255441 -0.000124035
6.221 -0.000266196 -0.000123251
6.222 -0.000276874 -0.000122452
6.223 -0.000287476 -0.000121645
6.224 -0.000298003 -0.000120833
6.225 -0.000308458 -0.00012002
6.226 -0.000318839 -0.000119208
6.227 -0.000329148 -0.000118395
6.228 -0.000339383 -0.000117581
6.229 -0.000349542 -0.000116759
6.23 -0.000359623 -0.000115925
6.231 -0.000369623 -0.000115074
6.232 -0.000379537 -0.000114202
6.233 -0.000389362 -0.000113306
6.234 -0.000399096 -0.000112384
6.235 -0.000408738 -0.00011144
6.236 -0.000418286 -0.000110477
6.237 -0.000427742 -0.000109501
6.238 -0.000437106 -0.000108517
6.239 -0.000446381 -0.000107532
6.24 -0.000455569 -0.000106549
6.241 -0.000464671 -0.000105572
6.242 -0.000473688 -0.0001046
6.243 -0.000482619 -0.000103632
6.244 -0.000491464 -0.000102662
6.245 -0.000500218 -0.000101684
6.246 -0.00050888 -0.000100693
6.247 -0.000517445 -9.96821e-05
6.248 -0.00052591 -9.86488e-05
6.249 -0.000534272 -9.75913e-05
6.25 -0.000542529 -9.65106e-05
6.251 -0.00055068 -9.54105e-05
6.252 -0.000558726 -9.42965e-05
6.253 -0.000566668 -9.31753e-05
6.254 -0.000574509 -9.20535e-05
6.255 -0.000582251 -9.09363e-05
6.256 -0.000589897 -8.98274e-05
6.257 -0.000597447 -8.87275e-05
6.258 -0.000604902 -8.76349e-05
6.259 -0.000612262 -8.65452e-05
6.26 -0.000619522 -8.54528e-05
6.261 -0.000626682 -8.43511e-05
6.262 -0.000633737 -8.32341e-05
6.263 -0.000640683 -8.20973e-05
6.264 -0.000647518 -8.09386e-05
6.265 -0.00065424 -7.97584e-05
6.266 -0.000660848 -7.856e-05
6.267 -0.000667342 -7.73487e-05
6.268 -0.000673724 -7.61311e-05
6.269 -0.000679997 -7.4914e-05
6.27 -0.000686164 -7.37032e-05
6.271 -0.000692226 -7.25027e-05
6.272 -0.000698186 -7.13141e-05
6.273 -0.000704044 -7.01359e-05
6.274 -0.0007098 -6.89643e-05
6.275 -0.000715452 -6.77937e-05
6.276 -0.000720998 -6.66175e-05
6.277 -0.000726433 -6.54295e-05
6.278 -0.000731755 -6.42247e-05
6.279 -0.000736961 -6.30005e-05
6.28 -0.000742049 -6.17567e-05
6.281 -0.000747018 -6.04962e-05
6.282 -0.000751868 -5.9224e-05
6.283 -0.000756602 -5.79466e-05
6.284 -0.000761221 -5.66709e-05
6.285 -0.000765729 -5.54031e-05
6.286 -0.000770128 -5.41476e-05
6.287 -0.000774422 -5.29065e-05
6.288 -0.00077861 -5.16791e-05
6.289 -0.000782694 -5.04619e-05
6.29 -0.000786671 -4.92497e-05
6.291 -0.00079054 -4.80361e-05
6.292 -0.000794297 -4.68147e-05
6.293 -0.000797939 -4.55803e-05
6.294 -0.000801464 -4.43297e-05
6.295 -0.00080487 -4.30622e-05
6.296 -0.000808156 -4.178e-05
6.297 -0.000811321 -4.04874e-05
6.298 -0.000814369 -3.91904e-05
6.299 -0.000817301 -3.78956e-05
6.3 -0.00082012 -3.66092e-05
6.301 -0.000822829 -3.53358e-05
6.302 -0.000825431 -3.40777e-05
6.303 -0.000827928 -3.28349e-05
6.304 -0.000830318 -3.16046e-05
6.305 -0.000832603 -3.03822e-05
6.306 -0.000834779 -2.91618e-05
6.307 -0.000836845 -2.79376e-05
6.308 -0.000838799 -2.67046e-05
6.309 -0.000840636 -2.54597e-05
6.31 -0.000842357 -2.4202e-05
6.311 -0.00084396 -2.29333e-05
6.312 -0.000845446 -2.16574e-05
6.313 -0.000846817 -2.03798e-05
6.314 -0.000848074 -1.91063e-05
6.315 -0.000849222 -1.78427e-05
6.316 -0.000850262 -1.6593e-05
6.317 -0.000851197 -1.53595e-05
6.318 -0.000852029 -1.41417e-05
6.319 -0.000852758 -1.29371e-05
6.32 -0.000853383 -1.17412e-05
6.321 -0.000853903 -1.05486e-05
6.322 -0.000854316 -9.35375e-06
6.323 -0.00085462 -8.15221e-06
6.324 -0.000854812 -6.94123e-06
6.325 -0.000854891 -5.72038e-06
6.326 -0.000854858 -4.49164e-06
6.327 -0.000854712 -3.25906e-06
6.328 -0.000854456 -2.02813e-06
6.329 -0.000854093 -8.04803e-07
6.33 -0.000853626 4.05486e-07
6.331 -0.000853057 1.59879e-06
6.332 -0.00085239 2.77329e-06
6.333 -0.000851626 3.92964e-06
6.334 -0.000850765 5.07085e-06
6.335 -0.000849808 6.20175e-06
6.336 -0.000848751 7.32817e-06
6.337 -0.000847594 8.45589e-06
6.338 -0.000846333 9.58967e-06
6.339 -0.000844968 1.07323e-05
6.34 -0.000843496 1.18843e-05
6.341 -0.000841917 1.30435e-05
6.342 -0.000840233 1.42055e-05
6.343 -0.000838446 1.53643e-05
6.344 -0.000836559 1.65136e-05
6.345 -0.000834576 1.76474e-05
6.346 -0.000832499 1.87611e-05
6.347 -0.000830332 1.98527e-05
6.348 -0.000828078 2.09225e-05
6.349 -0.000825736 2.19735e-05
6.35 -0.000823306 2.30109e-05
6.351 -0.000820788 2.40407e-05
6.352 -0.000818179 2.50696e-05
6.353 -0.000815476 2.61029e-05
6.354 -0.000812677 2.71443e-05
6.355 -0.000809781 2.81949e-05
6.356 -0.000806787 2.92531e-05
6.357 -0.000803697 3.03147e-05
6.358 -0.000800513 3.13738e-05
6.359 -0.000797237 3.24234e-05
6.36 -0.000793874 3.34571e-05
6.361 -0.000790427 3.44695e-05
6.362 -0.0007869 3.54576e-05
6.363 -0.000783296 3.64209e-05
6.364 -0.000779615 3.73618e-05
6.365 -0.000775859 3.8285e-05
6.366 -0.000772026 3.91968e-05
6.367 -0.000768113 4.01039e-05
6.368 -0.00076412 4.10127e-05
6.369 -0.000760043 4.19275e-05
6.37 -0.00075588 4.28506e-05
6.371 -0.000751632 4.37813e-05
6.372 -0.000747298 4.47161e-05
6.373 -0.00074288 4.56496e-05
6.374 -0.000738382 4.65749e-05
6.375 -0.000733807 4.74852e-05
6.376 -0.000729159 4.83744e-05
6.377 -0.000724443 4.92386e-05
6.378 -0.000719661 5.00762e-05
6.379 -0.000714815 5.08886e-05
6.38 -0.000709906 5.16799e-05
6.381 -0.000704934 5.24561e-05
6.382 -0.000699897 5.32238e-05
6.383 -0.000694792 5.399e-05
6.384 -0.000689617 5.47599e-05
6.385 -0.000684371 5.55369e-05
6.386 -0.000679052 5.63213e-05
6.387 -0.00067366 5.7111e-05
6.388 -0.000668197 5.7901e-05
6.389 -0.000662665 5.8685e-05
6.39 -0.000657069 5.94558e-05
6.391 -0.000651411 6.02067e-05
6.392 -0.000645697 6.09328e-05
6.393 -0.00063993 6.16312e-05
6.394 -0.000634113 6.23021e-05
6.395 -0.000628247 6.29483e-05
6.396 -0.000622332 6.3575e-05
6.397 -0.000616367 6.41888e-05
6.398 -0.000610351 6.47967e-05
6.399 -0.000604281 6.5405e-05
6.4 -0.000598154 6.60182e-05
6.401 -0.00059197 6.66382e-05
6.402 -0.000585728 6.72645e-05
6.403 -0.000579428 6.78935e-05
6.404 -0.000573072 6.85197e-05
6.405 -0.000566664 6.91364e-05
6.406 -0.000560207 6.97367e-05
6.407 -0.000553706 7.03148e-05
6.408 -0.000547165 7.08667e-05
6.409 -0.000540586 7.13908e-05
6.41 -0.000533972 7.18884e-05
6.411 -0.000527325 7.23631e-05
6.412 -0.000520643 7.28204e-05
6.413 -0.000513925 7.32669e-05
6.414 -0.00050717 7.37088e-05
6.415 -0.000500376 7.41515e-05
6.416 -0.000493541 7.45982e-05
6.417 -0.000486663 7.50497e-05
6.418 -0.000479744 7.55043e-05
6.419 -0.000472784 7.59582e-05
6.42 -0.000465785 7.64057e-05
6.421 -0.000458752 7.68407e-05
6.422 -0.000451687 7.72575e-05
6.423 -0.000444595 7.76516e-05
6.424 -0.000437478 7.80204e-05
6.425 -0.00043034 7.83638e-05
6.426 -0.000423181 7.86841e-05
6.427 -0.000416003 7.89852e-05
6.428 -0.000408804 7.92726e-05
6.429 -0.000401583 7.95518e-05
6.43 -0.00039434 7.9828e-05
6.431 -0.000387072 8.01045e-05
6.432 -0.000379778 8.03832e-05
6.433 -0.000372459 8.06632e-05
6.434 -0.000365115 8.09421e-05
6.435 -0.000357748 8.12156e-05
6.436 -0.00035036 8.14785e-05
6.437 -0.000342956 8.1726e-05
6.438 -0.000335538 8.1954e-05
6.439 -0.000328109 8.21597e-05
6.44 -0.000320672 8.23427e-05
6.441 -0.000313227 8.25044e-05
6.442 -0.000305777 8.26479e-05
6.443 -0.000298321 8.27777e-05
6.444 -0.000290857 8.28983e-05
6.445 -0.000283385 8.30142e-05
6.446 -0.000275904 8.31284e-05
6.447 -0.000268412 8.32425e-05
6.448 -0.000260911 8.33561e-05
6.449 -0.0002534 8.34668e-05
6.45 -0.000245883 8.35711e-05
6.451 -0.00023836 8.36647e-05
6.452 -0.000230835 8.37433e-05
6.453 -0.000223311 8.38035e-05
6.454 -0.00021579 8.38432e-05
6.455 -0.000208275 8.38623e-05
6.456 -0.000200767 8.38624e-05
6.457 -0.000193267 8.38466e-05
6.458 -0.000185773 8.38192e-05
6.459 -0.000178285 8.37846e-05
6.46 -0.000170802 8.37466e-05
6.461 -0.000163323 8.37078e-05
6.462 -0.000155848 8.36693e-05
6.463 -0.000148377 8.363e-05
6.464 -0.00014091 8.35872e-05
6.465 -0.00013345 8.35369e-05
6.466 -0.000125999 8.34746e-05
6.467 -0.000118561 8.33958e-05
6.468 -0.000111139 8.32974e-05
6.469 -0.000103734 8.31776e-05
6.47 -9.63501e-05 8.30368e-05
6.471 -8.89869e-05 8.28773e-05
6.472 -8.16448e-05 8.27031e-05
6.473 -7.43232e-05 8.2519e-05
6.474 -6.70206e-05 8.23304e-05
6.475 -5.97354e-05 8.21414e-05
6.476 -5.24662e-05 8.19551e-05
6.477 -4.52122e-05 8.17724e-05
6.478 -3.79735e-05 8.15918e-05
6.479 -3.07513e-05 8.141e-05
6.48 -2.35475e-05 8.1222e-05
6.481 -1.63653e-05 8.10224e-05
6.482 -9.2081e-06 8.08056e-05
6.483 -2.07936e-06 8.05675e-05
6.484 5.01781e-06 8.03059e-05
6.485 1.20812e-05 8.00208e-05
6.486 1.91095e-05 7.97148e-05
6.487 2.61028e-05 7.93926e-05
6.488 3.30621e-05 7.906e-05
6.489 3.99893e-05 7.87235e-05
6.49 4.68867e-05 7.83888e-05
6.491 5.37563e-05 7.80601e-05
6.492 6.05999e-05 7.77392e-05
6.493 6.74178e-05 7.74253e-05
6.494 7.42096e-05 7.7115e-05
6.495 8.09733e-05 7.68029e-05
6.496 8.7706e-05 7.64826e-05
6.497 9.44039e-05 7.61472e-05
6.498 0.000101063 7.57911e-05
6.499 0.00010768 7.54107e-05
6.5 0.000114252 7.50047e-05
6.501 0.000120776 7.4575e-05
6.502 0.000127253 7.41257e-05
6.503 0.000133684 7.36632e-05
6.504 0.000140069 7.31947e-05
6.505 0.000146413 7.27272e-05
6.506 0.000152717 7.22664e-05
6.507 0.000158984 7.18159e-05
6.508 0.000165216 7.13762e-05
6.509 0.000171412 7.09452e-05
6.51 0.000177572 7.05181e-05
6.511 0.000183693 7.00884e-05
6.512 0.000189771 6.96487e-05
6.513 0.000195804 6.91923e-05
6.514 0.000201787 6.87141e-05
6.515 0.000207716 6.82112e-05
6.516 0.000213589 6.76838e-05
6.517 0.000219405 6.71349e-05
6.518 0.000225164 6.65698e-05
6.519 0.000230868 6.59955e-05
6.52 0.000236519 6.54192e-05
6.521 0.00024212 6.48476e-05
6.522 0.000247674 6.42854e-05
6.523 0.000253182 6.37348e-05
6.524 0.000258645 6.31952e-05
6.525 0.000264065 6.26634e-05
6.526 0.000269438 6.21339e-05
6.527 0.000274762 6.15999e-05
6.528 0.000280034 6.10549e-05
6.529 0.000285251 6.04931e-05
6.53 0.000290408 5.99108e-05
6.531 0.000295504 5.93067e-05
6.532 0.000300537 5.86824e-05
6.533 0.000305506 5.80418e-05
6.534 0.000310413 5.73906e-05
6.535 0.000315258 5.67352e-05
6.536 0.000320046 5.60819e-05
6.537 0.000324778 5.54356e-05
6.538 0.000329456 5.47993e-05
6.539 0.000334081 5.41733e-05
6.54 0.000338655 5.35557e-05
6.541 0.000343175 5.29423e-05
6.542 0.000347641 5.23278e-05
6.543 0.000352049 5.17064e-05
6.544 0.000356396 5.10731e-05
6.545 0.000360681 5.04242e-05
6.546 0.000364899 4.97583e-05
6.547 0.000369051 4.9076e-05
6.548 0.000373136 4.83803e-05
6.549 0.000377154 4.76756e-05
6.55 0.000381106 4.69673e-05
6.551 0.000384996 4.62605e-05
6.552 0.000388824 4.55594e-05
6.553 0.000392593 4.48665e-05
6.554 0.000396304 4.41822e-05
6.555 0.000399957 4.35051e-05
6.556 0.000403551 4.28318e-05
6.557 0.000407085 4.21579e-05
6.558 0.000410557 4.14788e-05
6.559 0.000413965 4.07904e-05
6.56 0.000417305 4.009e-05
6.561 0.000420578 3.93768e-05
6.562 0.000423781 3.86515e-05
6.563 0.000426915 3.79172e-05
6.564 0.00042998 3.71776e-05
6.565 0.000432979 3.64374e-05
6.566 0.000435912 3.57008e-05
6.567 0.000438783 3.49709e-05
6.568 0.000441591 3.42493e-05
6.569 0.000444339 3.35358e-05
6.57 0.000447025 3.28282e-05
6.571 0.00044965 3.21232e-05
6.572 0.000452211 3.14165e-05
6.573 0.000454707 3.07039e-05
6.574 0.000457135 2.99821e-05
6.575 0.000459493 2.92493e-05
6.576 0.000461782 2.85054e-05
6.577 0.000463999 2.77522e-05
6.578 0.000466146 2.69933e-05
6.579 0.000468224 2.62329e-05
6.58 0.000470235 2.54758e-05
6.581 0.000472182 2.4726e-05
6.582 0.000474065 2.39864e-05
6.583 0.000475887 2.32578e-05
6.584 0.000477648 2.25394e-05
6.585 0.000479349 2.18281e-05
6.586 0.000480987 2.11199e-05
6.587 0.000482562 2.04098e-05
6.588 0.000484071 1.96932e-05
6.589 0.000485511 1.89666e-05
6.59 0.000486881 1.82281e-05
6.591 0.000488181 1.7478e-05
6.592 0.000489408 1.67186e-05
6.593 0.000490565 1.59538e-05
6.594 0.000491653 1.51888e-05
6.595 0.000492674 1.4429e-05
6.596 0.000493631 1.36791e-05
6.597 0.000494527 1.29423e-05
6.598 0.000495363 1.22199e-05
6.599 0.00049614 1.15109e-05
6.6 0.000496859 1.08125e-05
6.601 0.000497518 1.01201e-05
6.602 0.000498116 9.42834e-06
6.603 0.000498651 8.73199e-06
6.604 0.00049912 8.02687e-06
6.605 0.00049952 7.31048e-06
6.606 0.000499852 6.58245e-06
6.607 0.000500114 5.84466e-06
6.608 0.000500307 5.10088e-06
6.609 0.000500433 4.35618e-06
6.61 0.000500493 3.61609e-06
6.611 0.000500491 2.88569e-06
6.612 0.000500429 2.16876e-06
6.613 0.00050031 1.46721e-06
6.614 0.000500135 7.80742e-07
6.615 0.000499904 1.06989e-07
6.616 0.000499617 -5.58101e-07
6.617 0.000499272 -1.21953e-06
6.618 0.000498869 -1.88241e-06
6.619 0.000498403 -2.55104e-06
6.62 0.000497875 -3.22825e-06
6.621 0.000497281 -3.91486e-06
6.622 0.000496623 -4.6096e-06
6.623 0.000495899 -5.30933e-06
6.624 0.000495113 -6.00957e-06
6.625 0.000494265 -6.70529e-06
6.626 0.000493359 -7.39176e-06
6.627 0.000492397 -8.06531e-06
6.628 0.000491381 -8.724e-06
6.629 0.000490312 -9.36785e-06
6.63 0.000489192 -9.99884e-06
6.631 0.000488019 -1.06205e-05
6.632 0.000486794 -1.12374e-05
6.633 0.000485514 -1.1854e-05
6.634 0.000484177 -1.24744e-05
6.635 0.000482783 -1.3101e-05
6.636 0.000481329 -1.37347e-05
6.637 0.000479816 -1.43744e-05
6.638 0.000478244 -1.5017e-05
6.639 0.000476614 -1.56585e-05
6.64 0.000474929 -1.62943e-05
6.641 0.000473192 -1.692e-05
6.642 0.000471404 -1.75323e-05
6.643 0.000469568 -1.81296e-05
6.644 0.000467685 -1.87119e-05
6.645 0.000465755 -1.92813e-05
6.646 0.00046378 -1.98412e-05
6.647 0.000461757 -2.03958e-05
6.648 0.000459685 -2.09495e-05
6.649 0.000457562 -2.15061e-05
6.65 0.000455388 -2.20677e-05
6.651 0.000453161 -2.26351e-05
6.652 0.000450881 -2.32069e-05
6.653 0.000448549 -2.37803e-05
6.654 0.000446167 -2.43513e-05
6.655 0.000443736 -2.49154e-05
6.656 0.000441259 -2.54685e-05
6.657 0.000438738 -2.60076e-05
6.658 0.000436176 -2.6531e-05
6.659 0.000433574 -2.70392e-05
6.66 0.000430932 -2.75342e-05
6.661 0.000428251 -2.80194e-05
6.662 0.000425529 -2.8499e-05
6.663 0.000422766 -2.89773e-05
6.664 0.000419958 -2.94578e-05
6.665 0.000417107 -2.99426e-05
6.666 0.000414209 -3.04323e-05
6.667 0.000411266 -3.09254e-05
6.668 0.000408279 -3.14189e-05
6.669 0.000405248 -3.19089e-05
6.67 0.000402177 -3.23909e-05
6.671 0.000399068 -3.28608e-05
6.672 0.000395923 -3.33157e-05
6.673 0.000392745 -3.37544e-05
6.674 0.000389534 -3.41772e-05
6.675 0.000386292 -3.45865e-05
6.676 0.000383017 -3.49859e-05
6.677 0.00037971 -3.53797e-05
6.678 0.000376369 -3.57723e-05
6.679 0.000372991 -3.61671e-05
6.68 0.000369577 -3.65663e-05
6.681 0.000366125 -3.69702e-05
6.682 0.000362635 -3.73772e-05
6.683 0.000359109 -3.77842e-05
6.684 0.000355547 -3.81868e-05
6.685 0.000351953 -3.85805e-05
6.686 0.00034833 -3.8961e-05
6.687 0.000344679 -3.93254e-05
6.688 0.000341003 -3.96721e-05
6.689 0.000337304 -4.0002e-05
6.69 0.000333582 -4.03174e-05
6.691 0.000329837 -4.06222e-05
6.692 0.000326067 -4.09212e-05
6.693 0.000322272 -4.12189e-05
6.694 0.000318449 -4.15193e-05
6.695 0.000314598 -4.18248e-05
6.696 0.000310716 -4.21357e-05
6.697 0.000306805 -4.24505e-05
6.698 0.000302865 -4.2766e-05
6.699 0.000298899 -4.30775e-05
6.7 0.000294908 -4.33801e-05
6.701 0.000290895 -4.36691e-05
6.702 0.000286864 -4.39412e-05
6.703 0.000282816 -4.41946e-05
6.704 0.000278754 -4.44296e-05
6.705 0.000274679 -4.46486e-05
6.706 0.000270589 -4.48557e-05
6.707 0.000266485 -4.50556e-05
6.708 0.000262364 -4.52535e-05
6.709 0.000258224 -4.54536e-05
6.71 0.000254065 -4.56589e-05
6.711 0.000249885 -4.58702e-05
6.712 0.000245684 -4.60863e-05
6.713 0.000241462 -4.63043e-05
6.714 0.000237221 -4.65195e-05
6.715 0.000232965 -4.6727e-05
6.716 0.000228694 -4.69219e-05
6.717 0.000224414 -4.71003e-05
6.718 0.000220125 -4.72601e-05
6.719 0.00021583 -4.74014e-05
6.72 0.000211531 -4.75261e-05
6.721 0.000207226 -4.76379e-05
6.722 0.000202915 -4.77415e-05
6.723 0.000198597 -4.78422e-05
6.724 0.000194269 -4.79443e-05
6.725 0.000189931 -4.80509e-05
6.726 0.000185581 -4.81632e-05
6.727 0.000181218 -4.82803e-05
6.728 0.000176844 -4.83995e-05
6.729 0.000172459 -4.85164e-05
6.73 0.000168068 -4.8626e-05
6.731 0.000163671 -4.87237e-05
6.732 0.000159272 -4.88054e-05
6.733 0.000154873 -4.88691e-05
6.734 0.000150477 -4.89146e-05
6.735 0.000146085 -4.89439e-05
6.736 0.000141695 -4.89605e-05
6.737 0.000137308 -4.89694e-05
6.738 0.000132922 -4.89755e-05
6.739 0.000128535 -4.89834e-05
6.74 0.000124145 -4.89963e-05
6.741 0.000119752 -4.90153e-05
6.742 0.000115354 -4.90396e-05
6.743 0.000110953 -4.90663e-05
6.744 0.00010655 -4.9091e-05
6.745 0.000102148 -4.91084e-05
6.746 9.77491e-05 -4.91137e-05
6.747 9.33564e-05 -4.91028e-05
6.748 8.89727e-05 -4.90734e-05
6.749 8.46e-05 -4.90254e-05
6.75 8.0239e-05 -4.89608e-05
6.751 7.58899e-05 -4.88834e-05
6.752 7.15515e-05 -4.87984e-05
6.753 6.72222e-05 -4.87112e-05
6.754 6.29e-05 -4.86267e-05
6.755 5.8583e-05 -4.85483e-05
6.756 5.42698e-05 -4.84775e-05
6.757 4.99598e-05 -4.84135e-05
6.758 4.56536e-05 -4.83533e-05
6.759 4.13527e-05 -4.82922e-05
6.76 3.70596e-05 -4.82249e-05
6.761 3.27773e-05 -4.81457e-05
6.762 2.85088e-05 -4.80504e-05
6.763 2.42571e-05 -4.79361e-05
6.764 2.00241e-05 -4.78025e-05
6.765 1.58109e-05 -4.76515e-05
6.766 1.16177e-05 -4.7487e-05
6.767 7.44318e-06 -4.73145e-05
6.768 3.28567e-06 -4.71397e-05
6.769 -8.571e-07 -4.69681e-05
6.77 -4.98731e-06 -4.68036e-05
6.771 -9.10664e-06 -4.66482e-05
6.772 -1.32159e-05 -4.65013e-05
6.773 -1.73148e-05 -4.63602e-05
6.774 -2.14019e-05 -4.62201e-05
6.775 -2.54749e-05 -4.60753e-05
6.776 -2.95308e-05 -4.59198e-05
6.777 -3.35663e-05 -4.57487e-05
6.778 -3.75783e-05 -4.55587e-05
6.779 -4.15647e-05 -4.5349e-05
6.78 -4.55242e-05 -4.51211e-05
6.781 -4.94565e-05 -4.48789e-05
6.782 -5.33627e-05 -4.46279e-05
6.783 -5.72447e-05 -4.43742e-05
6.784 -6.11048e-05 -4.41237e-05
6.785 -6.49456e-05 -4.38809e-05
6.786 -6.8769e-05 -4.36485e-05
6.787 -7.25761e-05 -4.34263e-05
6.788 -7.6367e-05 -4.32119e-05
6.789 -8.01405e-05 -4.30008e-05
6.79 -8.38945e-05 -4.2787e-05
6.791 -8.7626e-05 -4.25643e-05
6.792 -9.13317e-05 -4.23274e-05
6.793 -9.50085e-05 -4.20723e-05
6.794 -9.86539e-05 -4.17975e-05
6.795 -0.000102266 -4.15041e-05
6.796 -0.000105846 -4.11956e-05
6.797 -0.000109392 -4.08774e-05
6.798 -0.000112908 -4.05556e-05
6.799 -0.000116396 -4.02366e-05
6.8 -0.000119859 -3.99254e-05
6.801 -0.000123298 -3.96253e-05
6.802 -0.000126715 -3.93368e-05
6.803 -0.000130111 -3.90581e-05
6.804 -0.000133485 -3.87849e-05
6.805 -0.000136835 -3.85117e-05
6.806 -0.000140159 -3.8232e-05
6.807 -0.000143452 -3.794e-05
6.808 -0.000146712 -3.76314e-05
6.809 -0.000149936 -3.73039e-05
6.81 -0.000153123 -3.6958e-05
6.811 -0.000156272 -3.65964e-05
6.812 -0.000159383 -3.62241e-05
6.813 -0.000162458 -3.58471e-05
6.814 -0.0001655 -3.54719e-05
6.815 -0.00016851 -3.51037e-05
6.816 -0.000171493 -3.47465e-05
6.817 -0.000174448 -3.44016e-05
6.818 -0.000177378 -3.40679e-05
6.819 -0.000180282 -3.37419e-05
6.82 -0.000183158 -3.34185e-05
6.821 -0.000186004 -3.30915e-05
6.822 -0.000188817 -3.27552e-05
6.823 -0.000191594 -3.24048e-05
6.824 -0.000194333 -3.20375e-05
6.825 -0.000197031 -3.16529e-05
6.826 -0.000199688 -3.1253e-05
6.827 -0.000202303 -3.08419e-05
6.828 -0.000204879 -3.0425e-05
6.829 -0.000207417 -3.00084e-05
6.83 -0.00020992 -2.95974e-05
6.831 -0.00021239 -2.91961e-05
6.832 -0.000214829 -2.88065e-05
6.833 -0.000217238 -2.84284e-05
6.834 -0.000219617 -2.80591e-05
6.835 -0.000221966 -2.76944e-05
6.836 -0.000224283 -2.7329e-05
6.837 -0.000226564 -2.69575e-05
6.838 -0.000228808 -2.65754e-05
6.839 -0.000231012 -2.61795e-05
6.84 -0.000233174 -2.57689e-05
6.841 -0.000235293 -2.53448e-05
6.842 -0.00023737 -2.49103e-05
6.843 -0.000239404 -2.44699e-05
6.844 -0.000241398 -2.40287e-05
6.845 -0.000243354 -2.35915e-05
6.846 -0.000245274 -2.31622e-05
6.847 -0.00024716 -2.27429e-05
6.848 -0.000249013 -2.23339e-05
6.849 -0.000250833 -2.19333e-05
6.85 -0.00025262 -2.15379e-05
6.851 -0.000254372 -2.11436e-05
6.852 -0.000256088 -2.07456e-05
6.853 -0.000257765 -2.03403e-05
6.854 -0.000259402 -1.99248e-05
6.855 -0.000260997 -1.94982e-05
6.856 -0.000262548 -1.90611e-05
6.857 -0.000264057 -1.86159e-05
6.858 -0.000265524 -1.81661e-05
6.859 -0.00026695 -1.77157e-05
6.86 -0.000268337 -1.72688e-05
6.861 -0.000269686 -1.68283e-05
6.862 -0.000270999 -1.63959e-05
6.863 -0.000272277 -1.59719e-05
6.864 -0.000273521 -1.5555e-05
6.865 -0.000274729 -1.51424e-05
6.866 -0.000275901 -1.47309e-05
6.867 -0.000277036 -1.43171e-05
6.868 -0.000278132 -1.38979e-05
6.869 -0.000279187 -1.34715e-05
6.87 -0.0002802 -1.30372e-05
6.871 -0.000281171 -1.2596e-05
6.872 -0.000282101 -1.21498e-05
6.873 -0.000282989 -1.17016e-05
6.874 -0.000283838 -1.12547e-05
6.875 -0.000284648 -1.08119e-05
6.876 -0.000285421 -1.03755e-05
6.877 -0.000286158 -9.94647e-06
6.878 -0.00028686 -9.52445e-06
6.879 -0.000287527 -9.10791e-06
6.88 -0.000288158 -8.69438e-06
6.881 -0.000288752 -8.28093e-06
6.882 -0.000289309 -7.86476e-06
6.883 -0.000289826 -7.44366e-06
6.884 -0.000290303 -7.01647e-06
6.885 -0.000290739 -6.58328e-06
6.886 -0.000291134 -6.14541e-06
6.887 -0.000291488 -5.70518e-06
6.888 -0.000291803 -5.26555e-06
6.889 -0.000292081 -4.82952e-06
6.89 -0.000292321 -4.39964e-06
6.891 -0.000292527 -3.97759e-06
6.892 -0.000292698 -3.56381e-06
6.893 -0.000292835 -3.15749e-06
6.894 -0.000292939 -2.75668e-06
6.895 -0.000293009 -2.35862e-06
6.896 -0.000293043 -1.96027e-06
6.897 -0.00029304 -1.5588e-06
6.898 -0.000292999 -1.15211e-06
6.899 -0.000292919 -7.39193e-07
6.9 -0.0002928 -3.2035e-07
6.901 -0.00029264 1.02875e-07
6.902 -0.000292442 5.27931e-07
6.903 -0.000292207 9.51676e-07
6.904 -0.000291935 1.3709e-06
6.905 -0.000291628 1.78283e-06
6.906 -0.000291289 2.18565e-06
6.907 -0.000290917 2.5787e-06
6.908 -0.000290515 2.96266e-06
6.909 -0.000290082 3.33939e-06
6.91 -0.000289617 3.71161e-06
6.911 -0.000289119 4.08247e-06
6.912 -0.000288588 4.45503e-06
6.913 -0.000288023 4.83174e-06
6.914 -0.000287421 5.21405e-06
6.915 -0.000286782 5.60221e-06
6.916 -0.000286106 5.99519e-06
6.917 -0.000285394 6.39091e-06
6.918 -0.000284646 6.78651e-06
6.919 -0.000283864 7.17887e-06
6.92 -0.000283049 7.56505e-06
6.921 -0.000282203 7.94276e-06
6.922 -0.000281328 8.3107e-06
6.923 -0.000280424 8.66873e-06
6.924 -0.000279492 9.01784e-06
6.925 -0.000278532 9.36001e-06
6.926 -0.000277543 9.69782e-06
6.927 -0.000276525 1.00341e-05
6.928 -0.000275477 1.03714e-05
6.929 -0.000274398 1.07118e-05
6.93 -0.000273286 1.10562e-05
6.931 -0.000272142 1.14049e-05
6.932 -0.000270965 1.17567e-05
6.933 -0.000269756 1.21101e-05
6.934 -0.000268515 1.24625e-05
6.935 -0.000267244 1.28115e-05
6.936 -0.000265944 1.31547e-05
6.937 -0.000264617 1.34903e-05
6.938 -0.000263263 1.38172e-05
6.939 -0.000261884 1.41351e-05
6.94 -0.000260481 1.44445e-05
6.941 -0.000259053 1.47469e-05
6.942 -0.0002576 1.5044e-05
6.943 -0.000256123 1.53379e-05
6.944 -0.00025462 1.56306e-05
6.945 -0.00025309 1.59238e-05
6.946 -0.000251534 1.62187e-05
6.947 -0.00024995 1.65157e-05
6.948 -0.000248339 1.68146e-05
6.949 -0.000246701 1.71146e-05
6.95 -0.000245036 1.74143e-05
6.951 -0.000243345 1.7712e-05
6.952 -0.000241628 1.8006e-05
6.953 -0.000239888 1.82944e-05
6.954 -0.000238124 1.85761e-05
6.955 -0.000236339 1.88499e-05
6.956 -0.000234533 1.91156e-05
6.957 -0.000232707 1.93732e-05
6.958 -0.000230861 1.96237e-05
6.959 -0.000228995 1.98682e-05
6.96 -0.00022711 2.01082e-05
6.961 -0.000225204 2.03454e-05
6.962 -0.000223278 2.05814e-05
6.963 -0.000221331 2.08176e-05
6.964 -0.000219362 2.10549e-05
6.965 -0.000217371 2.12935e-05
6.966 -0.000215359 2.15334e-05
6.967 -0.000213325 2.17735e-05
6.968 -0.000211269 2.20126e-05
6.969 -0.000209194 2.22489e-05
6.97 -0.000207099 2.24804e-05
6.971 -0.000204986 2.27055e-05
6.972 -0.000202857 2.29227e-05
6.973 -0.000200711 2.31311e-05
6.974 -0.000198552 2.33304e-05
6.975 -0.000196378 2.35212e-05
6.976 -0.00019419 2.37047e-05
6.977 -0.000191989 2.38827e-05
6.978 -0.000189773 2.40572e-05
6.979 -0.000187543 2.42302e-05
6.98 -0.000185297 2.44036e-05
6.981 -0.000183035 2.45786e-05
6.982 -0.000180756 2.47556e-05
6.983 -0.000178461 2.49343e-05
6.984 -0.00017615 2.51134e-05
6.985 -0.000173823 2.52912e-05
6.986 -0.000171481 2.54654e-05
6.987 -0.000169127 2.56339e-05
6.988 -0.00016676 2.57947e-05
6.989 -0.000164383 2.59464e-05
6.99 -0.000161996 2.60885e-05
6.991 -0.000159601 2.62214e-05
6.992 -0.000157198 2.63463e-05
6.993 -0.000154786 2.64651e-05
6.994 -0.000152366 2.65801e-05
6.995 -0.000149936 2.66934e-05
6.996 -0.000147497 2.6807e-05
6.997 -0.000145046 2.6922e-05
6.998 -0.000142585 2.70388e-05
6.999 -0.000140112 2.71568e-05
7 -0.000137629 2.72745e-05
7.001 -0.000135136 2.739e-05
7.002 -0.000132635 2.75011e-05
7.003 -0.000130126 2.76057e-05
7.004 -0.000127612 2.77022e-05
7.005 -0.000125092 2.77899e-05
7.006 -0.000122569 2.78687e-05
7.007 -0.000120043 2.79396e-05
7.008 -0.000117512 2.80044e-05
7.009 -0.000114978 2.8065e-05
7.01 -0.00011244 2.81237e-05
7.011 -0.000109897 2.81822e-05
7.012 -0.000107348 2.82416e-05
7.013 -0.000104793 2.83023e-05
7.014 -0.000102233 2.83635e-05
7.015 -9.96671e-05 2.84239e-05
7.016 -9.70972e-05 2.84815e-05
7.017 -9.45241e-05 2.8534e-05
7.018 -9.19492e-05 2.85796e-05
7.019 -8.93738e-05 2.86168e-05
7.02 -8.6799e-05 2.86451e-05
7.021 -8.42254e-05 2.86651e-05
7.022 -8.16533e-05 2.86779e-05
7.023 -7.90825e-05 2.86856e-05
7.024 -7.65124e-05 2.86906e-05
7.025 -7.39423e-05 2.86951e-05
7.026 -7.13715e-05 2.87009e-05
7.027 -6.87992e-05 2.87088e-05
7.028 -6.62254e-05 2.87187e-05
7.029 -6.36502e-05 2.87294e-05
7.03 -6.10743e-05 2.87389e-05
7.031 -5.84991e-05 2.87447e-05
7.032 -5.59259e-05 2.87442e-05
7.033 -5.33563e-05 2.87352e-05
7.034 -5.07918e-05 2.87163e-05
7.035 -4.82335e-05 2.86872e-05
7.036 -4.5682e-05 2.86488e-05
7.037 -4.31373e-05 2.86032e-05
7.038 -4.0599e-05 2.8553e-05
7.039 -3.80662e-05 2.85012e-05
7.04 -3.55377e-05 2.84507e-05
7.041 -3.30125e-05 2.84034e-05
7.042 -3.04896e-05 2.83604e-05
7.043 -2.79689e-05 2.83214e-05
7.044 -2.54505e-05 2.82846e-05
7.045 -2.29354e-05 2.82474e-05
7.046 -2.04249e-05 2.82066e-05
7.047 -1.79208e-05 2.81588e-05
7.048 -1.54251e-05 2.81013e-05
7.049 -1.29395e-05 2.80323e-05
7.05 -1.04652e-05 2.79515e-05
7.051 -8.00307e-06 2.786e-05
7.052 -5.55297e-06 2.77603e-05
7.053 -3.11427e-06 2.76557e-05
7.054 -6.85742e-07 2.755e-05
7.055 1.7341e-06 2.74468e-05
7.056 4.14673e-06 2.73488e-05
7.057 6.55334e-06 2.72572e-05
7.058 8.95453e-06 2.71719e-05
7.059 1.13502e-05 2.70909e-05
7.06 1.37394e-05 2.70111e-05
7.061 1.61206e-05 2.69285e-05
7.062 1.84917e-05 2.68391e-05
7.063 2.08506e-05 2.67393e-05
7.064 2.31951e-05 2.66268e-05
7.065 2.55236e-05 2.65008e-05
7.066 2.78352e-05 2.63624e-05
7.067 3.01298e-05 2.62141e-05
7.068 3.24082e-05 2.606e-05
7.069 3.46718e-05 2.59045e-05
7.07 3.69223e-05 2.5752e-05
7.071 3.91618e-05 2.5606e-05
7.072 4.13918e-05 2.54684e-05
7.073 4.36132e-05 2.53394e-05
7.074 4.58264e-05 2.52174e-05
7.075 4.80305e-05 2.5099e-05
7.076 5.02241e-05 2.49798e-05
7.077 5.2405e-05 2.48551e-05
7.078 5.45707e-05 2.47205e-05
7.079 5.67189e-05 2.45729e-05
7.08 5.88476e-05 2.44108e-05
7.081 6.09555e-05 2.42347e-05
7.082 6.30424e-05 2.40471e-05
7.083 6.51087e-05 2.3852e-05
7.084 6.7156e-05 2.36542e-05
7.085 6.91861e-05 2.34587e-05
7.086 7.12012e-05 2.32697e-05
7.087 7.32033e-05 2.309e-05
7.088 7.51937e-05 2.29205e-05
7.089 7.7173e-05 2.27599e-05
7.09 7.91409e-05 2.26053e-05
7.091 8.1096e-05 2.24523e-05
7.092 8.30363e-05 2.22958e-05
7.093 8.49594e-05 2.21311e-05
7.094 8.68628e-05 2.19543e-05
7.095 8.87443e-05 2.17634e-05
7.096 9.06023e-05 2.15583e-05
7.097 9.24364e-05 2.13409e-05
7.098 9.42469e-05 2.11149e-05
7.099 9.60351e-05 2.08851e-05
7.1 9.78027e-05 2.06566e-05
7.101 9.95521e-05 2.0434e-05
7.102 0.000101285 2.02205e-05
7.103 0.000103004 2.00176e-05
7.104 0.000104709 1.98247e-05
7.105 0.0001064 1.96391e-05
7.106 0.000108077 1.94568e-05
7.107 0.000109737 1.92726e-05
7.108 0.000111377 1.90818e-05
7.109 0.000112997 1.88802e-05
7.11 0.000114592 1.86654e-05
7.111 0.000116162 1.84369e-05
7.112 0.000117707 1.81962e-05
7.113 0.000119225 1.79467e-05
7.114 0.000120719 1.7693e-05
7.115 0.000122191 1.74403e-05
7.116 0.000123641 1.71934e-05
7.117 0.000125074 1.69556e-05
7.118 0.00012649 1.67288e-05
7.119 0.00012789 1.65127e-05
7.12 0.000129275 1.63048e-05
7.121 0.000130643 1.61011e-05
7.122 0.000131993 1.58968e-05
7.123 0.000133323 1.56868e-05
7.124 0.00013463 1.54669e-05
7.125 0.000135913 1.52343e-05
7.126 0.000137168 1.49882e-05
7.127 0.000138396 1.473e-05
7.128 0.000139596 1.44629e-05
7.129 0.000140771 1.41916e-05
7.13 0.000141921 1.39212e-05
7.131 0.000143049 1.36567e-05
7.132 0.000144157 1.34019e-05
7.133 0.000145247 1.31589e-05
7.134 0.000146321 1.29276e-05
7.135 0.000147379 1.27058e-05
7.136 0.000148419 1.24896e-05
7.137 0.000149441 1.22739e-05
7.138 0.000150442 1.20536e-05
7.139 0.00015142 1.1824e-05
7.14 0.000152372 1.1582e-05
7.141 0.000153296 1.13264e-05
7.142 0.000154192 1.10583e-05
7.143 0.000155059 1.07808e-05
7.144 0.000155899 1.04985e-05
7.145 0.000156713 1.02168e-05
7.146 0.000157505 9.94097e-06
7.147 0.000158275 9.67521e-06
7.148 0.000159028 9.42207e-06
7.149 0.000159763 9.18188e-06
7.15 0.000160482 8.9528e-06
7.151 0.000161184 8.73104e-06
7.152 0.000161867 8.51156e-06
7.153 0.000162531 8.28887e-06
7.154 0.000163171 8.05801e-06
7.155 0.000163785 7.81533e-06
7.156 0.000164372 7.55916e-06
7.157 0.00016493 7.29008e-06
7.158 0.000165459 7.01085e-06
7.159 0.000165961 6.72595e-06
7.16 0.000166436 6.44081e-06
7.161 0.000166888 6.16096e-06
7.162 0.000167318 5.89106e-06
7.163 0.00016773 5.63414e-06
7.164 0.000168125 5.39109e-06
7.165 0.000168504 5.16052e-06
7.166 0.000168866 4.93896e-06
7.167 0.000169211 4.72152e-06
7.168 0.000169537 4.50261e-06
7.169 0.00016984 4.277e-06
7.17 0.000170119 4.04059e-06
7.171 0.00017037 3.7912e-06
7.172 0.000170594 3.52889e-06
7.173 0.00017079 3.25598e-06
7.174 0.000170958 2.97663e-06
7.175 0.0001711 2.6962e-06
7.176 0.000171218 2.42032e-06
7.177 0.000171315 2.15394e-06
7.178 0.000171394 1.90054e-06
7.179 0.000171457 1.66149e-06
7.18 0.000171504 1.4359e-06
7.181 0.000171536 1.22068e-06
7.182 0.000171551 1.01117e-06
7.183 0.000171549 8.01852e-07
7.184 0.000171525 5.87305e-07
7.185 0.000171479 3.6314e-07
7.186 0.000171408 1.26729e-07
7.187 0.000171309 -1.22347e-07
7.188 0.000171184 -3.8222e-07
7.189 0.000171032 -6.49052e-07
7.19 0.000170854 -9.17677e-07
7.191 0.000170654 -1.18247e-06
7.192 0.000170434 -1.43829e-06
7.193 0.000170196 -1.68135e-06
7.194 0.000169942 -1.90985e-06
7.195 0.000169675 -2.12426e-06
7.196 0.000169393 -2.32725e-06
7.197 0.000169097 -2.52324e-06
7.198 0.000168785 -2.71761e-06
7.199 0.000168454 -2.91581e-06
7.2 0.000168101 -3.12245e-06
7.201 0.000167726 -3.34048e-06
7.202 0.000167326 -3.5707e-06
7.203 0.0001669 -3.81165e-06
7.204 0.000166449 -4.05981e-06
7.205 0.000165975 -4.31025e-06
7.206 0.000165479 -4.55741e-06
7.207 0.000164964 -4.7961e-06
7.208 0.000164433 -5.02233e-06
7.209 0.000163888 -5.23399e-06
7.21 0.00016333 -5.43122e-06
7.211 0.000162761 -5.61638e-06
7.212 0.000162179 -5.79361e-06
7.213 0.000161582 -5.96815e-06
7.214 0.000160969 -6.14544e-06
7.215 0.000160338 -6.33018e-06
7.216 0.000159685 -6.52552e-06
7.217 0.00015901 -6.73254e-06
7.218 0.000158312 -6.95007e-06
7.219 0.00015759 -7.17487e-06
7.22 0.000156847 -7.40219e-06
7.221 0.000156085 -7.62657e-06
7.222 0.000155305 -7.84279e-06
7.223 0.000154512 -8.04674e-06
7.224 0.000153706 -8.23613e-06
7.225 0.00015289 -8.41087e-06
7.226 0.000152063 -8.57306e-06
7.227 0.000151227 -8.72667e-06
7.228 0.000150379 -8.8768e-06
7.229 0.000149517 -9.02886e-06
7.23 0.000148639 -9.18762e-06
7.231 0.000147742 -9.35636e-06
7.232 0.000146826 -9.53637e-06
7.233 0.000145888 -9.72668e-06
7.234 0.000144931 -9.92424e-06
7.235 0.000143954 -1.01245e-05
7.236 0.000142959 -1.0322e-05
7.237 0.00014195 -1.05116e-05
7.238 0.00014093 -1.0689e-05
7.239 0.000139899 -1.0852e-05
7.24 0.00013886 -1.10001e-05
7.241 0.000137815 -1.11354e-05
7.242 0.000136761 -1.12616e-05
7.243 0.000135698 -1.13838e-05
7.244 0.000134624 -1.15073e-05
7.245 0.000133537 -1.1637e-05
7.246 0.000132435 -1.17761e-05
7.247 0.000131315 -1.19262e-05
7.248 0.000130177 -1.20863e-05
7.249 0.000129021 -1.22537e-05
7.25 0.000127849 -1.24237e-05
7.251 0.000126663 -1.25911e-05
7.252 0.000125464 -1.27507e-05
7.253 0.000124256 -1.28983e-05
7.254 0.000123041 -1.30313e-05
7.255 0.000121821 -1.31494e-05
7.256 0.000120596 -1.32544e-05
7.257 0.000119366 -1.33501e-05
7.258 0.00011813 -1.34415e-05
7.259 0.000116886 -1.35339e-05
7.26 0.000115631 -1.36321e-05
7.261 0.000114364 -1.37397e-05
7.262 0.000113083 -1.3858e-05
7.263 0.000111786 -1.39865e-05
7.264 0.000110475 -1.41222e-05
7.265 0.000109149 -1.42607e-05
7.266 0.000107812 -1.43967e-05
7.267 0.000106466 -1.4525e-05
7.268 0.000105113 -1.46411e-05
7.269 0.000103756 -1.47425e-05
7.27 0.000102397 -1.48286e-05
7.271 0.000101036 -1.49012e-05
7.272 9.96736e-05 -1.4964e-05
7.273 9.8308e-05 -1.50218e-05
7.274 9.69374e-05 -1.50803e-05
7.275 9.55597e-05 -1.51442e-05
7.276 9.41725e-05 -1.52173e-05
7.277 9.27741e-05 -1.53013e-05
7.278 9.13635e-05 -1.53957e-05
7.279 8.99407e-05 -1.5498e-05
7.28 8.85069e-05 -1.56037e-05
7.281 8.70639e-05 -1.57077e-05
7.282 8.56142e-05 -1.58046e-05
7.283 8.41606e-05 -1.58898e-05
7.284 8.27056e-05 -1.59606e-05
7.285 8.12509e-05 -1.60161e-05
7.286 7.97976e-05 -1.60577e-05
7.287 7.83455e-05 -1.60887e-05
7.288 7.68937e-05 -1.61139e-05
7.289 7.54404e-05 -1.61385e-05
7.29 7.39833e-05 -1.61675e-05
7.291 7.25203e-05 -1.62048e-05
7.292 7.10497e-05 -1.62524e-05
7.293 6.95702e-05 -1.63101e-05
7.294 6.80819e-05 -1.63759e-05
7.295 6.65854e-05 -1.64458e-05
7.296 6.50826e-05 -1.65149e-05
7.297 6.35758e-05 -1.65782e-05
7.298 6.20674e-05 -1.66314e-05
7.299 6.05598e-05 -1.66713e-05
7.3 5.90549e-05 -1.6697e-05
7.301 5.75537e-05 -1.67093e-05
7.302 5.60562e-05 -1.67112e-05
7.303 5.45618e-05 -1.67069e-05
7.304 5.30688e-05 -1.67011e-05
7.305 5.15754e-05 -1.66985e-05
7.306 5.00795e-05 -1.67026e-05
7.307 4.85795e-05 -1.67156e-05
7.308 4.70744e-05 -1.67376e-05
7.309 4.55639e-05 -1.67668e-05
7.31 4.40489e-05 -1.67998e-05
7.311 4.25306e-05 -1.68325e-05
7.312 4.10113e-05 -1.68602e-05
7.313 3.94929e-05 -1.68792e-05
7.314 3.79778e-05 -1.68867e-05
7.315 3.64674e-05 -1.68817e-05
7.316 3.49627e-05 -1.68649e-05
7.317 3.34639e-05 -1.68389e-05
7.318 3.19702e-05 -1.68073e-05
7.319 3.04803e-05 -1.67742e-05
7.32 2.89927e-05 -1.67436e-05
7.321 2.75057e-05 -1.67187e-05
7.322 2.60177e-05 -1.67009e-05
7.323 2.45282e-05 -1.66905e-05
7.324 2.30369e-05 -1.66858e-05
7.325 2.15446e-05 -1.66837e-05
7.326 2.00526e-05 -1.66807e-05
7.327 1.85626e-05 -1.6673e-05
7.328 1.70765e-05 -1.66572e-05
7.329 1.55962e-05 -1.66313e-05
7.33 1.41228e-05 -1.65948e-05
7.331 1.26571e-05 -1.65487e-05
7.332 1.11989e-05 -1.64953e-05
7.333 9.74759e-06 -1.64379e-05
7.334 8.30192e-06 -1.63801e-05
7.335 6.86045e-06 -1.63251e-05
7.336 5.42178e-06 -1.62755e-05
7.337 3.98488e-06 -1.62321e-05
7.338 2.54928e-06 -1.61944e-05
7.339 1.11515e-06 -1.61606e-05
7.34 -3.16628e-07 -1.61278e-05
7.341 -1.74468e-06 -1.60925e-05
7.342 -3.16731e-06 -1.60514e-05
7.343 -4.58281e-06 -1.6002e-05
7.344 -5.98975e-06 -1.5943e-05
7.345 -7.38719e-06 -1.58745e-05
7.346 -8.77485e-06 -1.57982e-05
7.347 -1.01531e-05 -1.57166e-05
7.348 -1.1523e-05 -1.56333e-05
7.349 -1.28859e-05 -1.55517e-05
7.35 -1.42432e-05 -1.54746e-05
7.351 -1.55962e-05 -1.54038e-05
7.352 -1.69458e-05 -1.53395e-05
7.353 -1.82921e-05 -1.52806e-05
7.354 -1.96346e-05 -1.52245e-05
7.355 -2.09721e-05 -1.51678e-05
7.356 -2.2303e-05 -1.51068e-05
7.357 -2.36254e-05 -1.50383e-05
7.358 -2.49375e-05 -1.496e-05
7.359 -2.6238e-05 -1.48712e-05
7.36 -2.7526e-05 -1.47724e-05
7.361 -2.88018e-05 -1.46662e-05
7.362 -3.00658e-05 -1.45558e-05
7.363 -3.13196e-05 -1.44453e-05
7.364 -3.25647e-05 -1.43385e-05
7.365 -3.3803e-05 -1.42385e-05
7.366 -3.5036e-05 -1.41469e-05
7.367 -3.62645e-05 -1.40637e-05
7.368 -3.74886e-05 -1.39873e-05
7.369 -3.87079e-05 -1.39145e-05
7.37 -3.99207e-05 -1.38411e-05
7.371 -4.11253e-05 -1.3763e-05
7.372 -4.23193e-05 -1.36762e-05
7.373 -4.35008e-05 -1.3578e-05
7.374 -4.46681e-05 -1.34675e-05
7.375 -4.58203e-05 -1.33454e-05
7.376 -4.69574e-05 -1.32142e-05
7.377 -4.808e-05 -1.30779e-05
7.378 -4.91898e-05 -1.29411e-05
7.379 -5.02888e-05 -1.28083e-05
7.38 -5.13789e-05 -1.26833e-05
7.381 -5.24622e-05 -1.25684e-05
7.382 -5.35398e-05 -1.2464e-05
7.383 -5.46122e-05 -1.23689e-05
7.384 -5.56791e-05 -1.22798e-05
7.385 -5.67392e-05 -1.21924e-05
7.386 -5.77905e-05 -1.21019e-05
7.387 -5.88308e-05 -1.20039e-05
7.388 -5.98577e-05 -1.18948e-05
7.389 -6.08693e-05 -1.17728e-05
7.39 -6.18643e-05 -1.16381e-05
7.391 -6.28423e-05 -1.14926e-05
7.392 -6.38037e-05 -1.13398e-05
7.393 -6.47499e-05 -1.11844e-05
7.394 -6.56827e-05 -1.10312e-05
7.395 -6.66043e-05 -1.08845e-05
7.396 -6.75166e-05 -1.07473e-05
7.397 -6.84215e-05 -1.06211e-05
7.398 -6.93197e-05 -1.05053e-05
7.399 -7.02113e-05 -1.03975e-05
7.4 -7.10955e-05 -1.0294e-05
7.401 -7.19707e-05 -1.01902e-05
7.402 -7.28349e-05 -1.00815e-05
7.403 -7.36859e-05 -9.96425e-06
7.404 -7.45216e-05 -9.83579e-06
7.405 -7.53407e-05 -9.69538e-06
7.406 -7.61422e-05 -9.54409e-06
7.407 -7.69263e-05 -9.38462e-06
7.408 -7.76939e-05 -9.22084e-06
7.409 -7.84465e-05 -9.05714e-06
7.41 -7.91859e-05 -8.89771e-06
7.411 -7.99141e-05 -8.74588e-06
7.412 -8.06328e-05 -8.60354e-06
7.413 -8.1343e-05 -8.47092e-06
7.414 -8.20451e-05 -8.34655e-06
7.415 -8.27388e-05 -8.22755e-06
7.416 -8.34228e-05 -8.11015e-06
7.417 -8.40957e-05 -7.9903e-06
7.418 -8.47554e-05 -7.86438e-06
7.419 -8.54002e-05 -7.72977e-06
7.42 -8.60288e-05 -7.58531e-06
7.421 -8.66401e-05 -7.43139e-06
7.422 -8.72342e-05 -7.26992e-06
7.423 -8.78115e-05 -7.10397e-06
7.424 -8.83734e-05 -6.93721e-06
7.425 -8.89212e-05 -6.7733e-06
7.426 -8.94566e-05 -6.61531e-06
7.427 -8.99813e-05 -6.46516e-06
7.428 -9.04962e-05 -6.32339e-06
7.429 -9.10017e-05 -6.18905e-06
7.43 -9.14978e-05 -6.05992e-06
7.431 -9.19835e-05 -5.9329e-06
7.432 -9.24575e-05 -5.80458e-06
7.433 -9.29184e-05 -5.67178e-06
7.434 -9.33646e-05 -5.53216e-06
7.435 -9.37949e-05 -5.38453e-06
7.436 -9.42084e-05 -5.22909e-06
7.437 -9.46051e-05 -5.06736e-06
7.438 -9.49855e-05 -4.9019e-06
7.439 -9.53505e-05 -4.73585e-06
7.44 -9.57015e-05 -4.57241e-06
7.441 -9.604e-05 -4.41426e-06
7.442 -9.63672e-05 -4.26315e-06
7.443 -9.66843e-05 -4.11955e-06
7.444 -9.69915e-05 -3.98266e-06
7.445 -9.72888e-05 -3.85049e-06
7.446 -9.75753e-05 -3.72028e-06
7.447 -9.785e-05 -3.58894e-06
7.448 -9.81114e-05 -3.45362e-06
7.449 -9.83582e-05 -3.31219e-06
7.45 -9.85892e-05 -3.16363e-06
7.451 -9.88039e-05 -3.00817e-06
7.452 -9.90021e-05 -2.8473e-06
7.453 -9.91844e-05 -2.68347e-06
7.454 -9.93518e-05 -2.51972e-06
7.455 -9.95056e-05 -2.3591e-06
7.456 -9.96474e-05 -2.20418e-06
7.457 -9.97784e-05 -2.0566e-06
7.458 -9.98996e-05 -1.91678e-06
7.459 -0.000100011 -1.78383e-06
7.46 -0.000100114 -1.65572e-06
7.461 -0.000100206 -1.52961e-06
7.462 -0.000100286 -1.40233e-06
7.463 -0.000100353 -1.27093e-06
7.464 -0.000100406 -1.1332e-06
7.465 -0.000100444 -9.88039e-07
7.466 -0.000100465 -8.35689e-07
7.467 -0.00010047 -6.77693e-07
7.468 -0.00010046 -5.16664e-07
7.469 -0.000100435 -3.55856e-07
7.47 -0.000100396 -1.98619e-07
7.471 -0.000100346 -4.78442e-08
7.472 -0.000100287 9.45387e-08
7.473 -0.000100218 2.27896e-07
7.474 -0.000100141 3.53015e-07
7.475 -0.000100056 4.71998e-07
7.476 -9.9962e-05 5.87921e-07
7.477 -9.98576e-05 7.04338e-07
7.478 -9.97414e-05 8.24691e-07
7.479 -9.96117e-05 9.5173e-07
7.48 -9.94671e-05 1.08704e-06
7.481 -9.93066e-05 1.23075e-06
7.482 -9.91301e-05 1.38151e-06
7.483 -9.89379e-05 1.53665e-06
7.484 -9.87311e-05 1.69262e-06
7.485 -9.85113e-05 1.84557e-06
7.486 -9.82805e-05 1.99194e-06
7.487 -9.80403e-05 2.12911e-06
7.488 -9.77925e-05 2.25577e-06
7.489 -9.75379e-05 2.37222e-06
7.49 -9.72767e-05 2.48029e-06
7.491 -9.70085e-05 2.5831e-06
7.492 -9.6732e-05 2.68453e-06
7.493 -9.64456e-05 2.78863e-06
7.494 -9.61475e-05 2.89892e-06
7.495 -9.5836e-05 3.01784e-06
7.496 -9.55096e-05 3.1463e-06
7.497 -9.51678e-05 3.28355e-06
7.498 -9.48106e-05 3.42725e-06
7.499 -9.44389e-05 3.57386e-06
7.5 -9.40543e-05 3.71918e-06
7.501 -9.36588e-05 3.85903e-06
7.502 -9.32543e-05 3.98993e-06
7.503 -9.28429e-05 4.1097e-06
7.504 -9.2426e-05 4.21776e-06
7.505 -9.20041e-05 4.3153e-06
7.506 -9.15772e-05 4.40507e-06
7.507 -9.11443e-05 4.49094e-06
7.508 -9.0704e-05 4.57728e-06
7.509 -9.02542e-05 4.66826e-06
7.51 -8.97931e-05 4.76712e-06
7.511 -8.9319e-05 4.87572e-06
7.512 -8.88309e-05 4.99414e-06
7.513 -8.83283e-05 5.1207e-06
7.514 -8.7812e-05 5.25222e-06
7.515 -8.72831e-05 5.38453e-06
7.516 -8.67437e-05 5.51316e-06
7.517 -8.61958e-05 5.63403e-06
7.518 -8.56416e-05 5.74418e-06
7.519 -8.50827e-05 5.84218e-06
7.52 -8.45204e-05 5.92847e-06
7.521 -8.39547e-05 6.00519e-06
7.522 -8.33852e-05 6.0759e-06
7.523 -8.28104e-05 6.14496e-06
7.524 -8.22287e-05 6.21682e-06
7.525 -8.16379e-05 6.29529e-06
7.526 -8.10363e-05 6.38291e-06
7.527 -8.04225e-05 6.48049e-06
7.528 -7.97959e-05 6.58704e-06
7.529 -7.91568e-05 6.69986e-06
7.53 -7.85061e-05 6.81502e-06
7.531 -7.78457e-05 6.92802e-06
7.532 -7.71777e-05 7.03452e-06
7.533 -7.65042e-05 7.13104e-06
7.534 -7.58273e-05 7.21561e-06
7.535 -7.51481e-05 7.28802e-06
7.536 -7.44673e-05 7.34991e-06
7.537 -7.37844e-05 7.40447e-06
7.538 -7.30985e-05 7.45593e-06
7.539 -7.24077e-05 7.50883e-06
7.54 -7.17101e-05 7.56727e-06
7.541 -7.10038e-05 7.63419e-06
7.542 -7.02872e-05 7.71094e-06
7.543 -6.95596e-05 7.79696e-06
7.544 -6.88211e-05 7.88996e-06
7.545 -6.80724e-05 7.98624e-06
7.546 -6.73152e-05 8.08131e-06
7.547 -6.65516e-05 8.17071e-06
7.548 -6.57839e-05 8.25069e-06
7.549 -6.5014e-05 8.31888e-06
7.55 -6.42434e-05 8.3747e-06
7.551 -6.34729e-05 8.41944e-06
7.552 -6.27023e-05 8.45606e-06
7.553 -6.19305e-05 8.48868e-06
7.554 -6.11559e-05 8.52192e-06
7.555 -6.03766e-05 8.56005e-06
7.556 -5.95906e-05 8.60633e-06
7.557 -5.87962e-05 8.66241e-06
7.558 -5.79925e-05 8.72805e-06
7.559 -5.71795e-05 8.80119e-06
7.56 -5.63579e-05 8.87824e-06
7.561 -5.55292e-05 8.95471e-06
7.562 -5.46955e-05 9.02601e-06
7.563 -5.38592e-05 9.08814e-06
7.564 -5.30223e-05 9.13849e-06
7.565 -5.21864e-05 9.17617e-06
7.566 -5.13524e-05 9.20228e-06
7.567 -5.05202e-05 9.21963e-06
7.568 -4.96888e-05 9.23236e-06
7.569 -4.88567e-05 9.24516e-06
7.57 -4.80219e-05 9.26252e-06
7.571 -4.71822e-05 9.28794e-06
7.572 -4.63361e-05 9.32335e-06
7.573 -4.54823e-05 9.36876e-06
7.574 -4.46207e-05 9.42223e-06
7.575 -4.3752e-05 9.48024e-06
7.576 -4.28777e-05 9.53825e-06
7.577 -4.19999e-05 9.59147e-06
7.578 -4.11209e-05 9.63569e-06
7.579 -4.0243e-05 9.66801e-06
7.58 -3.93679e-05 9.6873e-06
7.581 -3.84965e-05 9.69445e-06
7.582 -3.76289e-05 9.69218e-06
7.583 -3.67642e-05 9.68463e-06
7.584 -3.59008e-05 9.67662e-06
7.585 -3.50367e-05 9.67285e-06
7.586 -3.41698e-05 9.6771e-06
7.587 -3.32981e-05 9.69158e-06
7.588 -3.24205e-05 9.71655e-06
7.589 -3.15366e-05 9.75027e-06
7.59 -3.0647e-05 9.78929e-06
7.591 -2.97533e-05 9.82905e-06
7.592 -2.88573e-05 9.86462e-06
7.593 -2.79616e-05 9.89157e-06
7.594 -2.70685e-05 9.90671e-06
7.595 -2.61797e-05 9.90865e-06
7.596 -2.52963e-05 9.89801e-06
7.597 -2.44186e-05 9.87735e-06
7.598 -2.35458e-05 9.85073e-06
7.599 -2.26763e-05 9.82299e-06
7.6 -2.1808e-05 9.79899e-06
7.601 -2.09389e-05 9.78271e-06
7.602 -2.00669e-05 9.77662e-06
7.603 -1.91907e-05 9.78125e-06
7.604 -1.831e-05 9.7951e-06
7.605 -1.7425e-05 9.81489e-06
7.606 -1.65372e-05 9.83612e-06
7.607 -1.56486e-05 9.85387e-06
7.608 -1.47616e-05 9.86359e-06
7.609 -1.38785e-05 9.86191e-06
7.61 -1.30011e-05 9.84721e-06
7.611 -1.21307e-05 9.81988e-06
7.612 -1.12675e-05 9.78228e-06
7.613 -1.04109e-05 9.73831e-06
7.614 -9.55928e-06 9.69277e-06
7.615 -8.71077e-06 9.65051e-06
7.616 -7.86314e-06 9.61561e-06
7.617 -7.01445e-06 9.59073e-06
7.618 -6.16328e-06 9.57658e-06
7.619 -5.30908e-06 9.57188e-06
7.62 -4.4522e-06 9.57354e-06
7.621 -3.5939e-06 9.57718e-06
7.622 -2.7361e-06 9.57794e-06
7.623 -1.88114e-06 9.57123e-06
7.624 -1.03131e-06 9.55359e-06
7.625 -1.88534e-07 9.52323e-06
7.626 6.45948e-07 9.48034e-06
7.627 1.4718e-06 9.42708e-06
7.628 2.28959e-06 9.36718e-06
7.629 3.10072e-06 9.30531e-06
7.63 3.90714e-06 9.24628e-06
7.631 4.711e-06 9.19425e-06
7.632 5.51427e-06 9.15197e-06
7.633 6.31841e-06 9.12037e-06
7.634 7.12408e-06 9.0984e-06
7.635 7.93104e-06 9.08318e-06
7.636 8.73816e-06 9.07054e-06
7.637 9.54362e-06 9.05574e-06
7.638 1.03452e-05 9.03425e-06
7.639 1.11406e-05 9.00254e-06
7.64 1.1928e-05 8.95866e-06
7.641 1.27061e-05 8.90259e-06
7.642 1.34744e-05 8.83622e-06
7.643 1.42334e-05 8.76302e-06
7.644 1.49844e-05 8.68743e-06
7.645 1.57292e-05 8.61412e-06
7.646 1.64699e-05 8.54717e-06
7.647 1.72084e-05 8.48943e-06
7.648 1.79463e-05 8.44197e-06
7.649 1.86841e-05 8.404e-06
7.65 1.94219e-05 8.37294e-06
7.651 2.01585e-05 8.34493e-06
7.652 2.08925e-05 8.31548e-06
7.653 2.16216e-05 8.28024e-06
7.654 2.23438e-05 8.23573e-06
7.655 2.30571e-05 8.17997e-06
7.656 2.37605e-05 8.11274e-06
7.657 2.44533e-05 8.03568e-06
7.658 2.51359e-05 7.95193e-06
7.659 2.58096e-05 7.86562e-06
7.66 2.64759e-05 7.78114e-06
7.661 2.71368e-05 7.7024e-06
7.662 2.77943e-05 7.63219e-06
7.663 2.84496e-05 7.57166e-06
7.664 2.91036e-05 7.52019e-06
7.665 2.97562e-05 7.4755e-06
7.666 3.04066e-05 7.43405e-06
7.667 3.10532e-05 7.39167e-06
7.668 3.16941e-05 7.34425e-06
7.669 3.23274e-05 7.28849e-06
7.67 3.29514e-05 7.22242e-06
7.671 3.35647e-05 7.14574e-06
7.672 3.4167e-05 7.05986e-06
7.673 3.47585e-05 6.96763e-06
7.674 3.53402e-05 6.87288e-06
7.675 3.59139e-05 6.7797e-06
7.676 3.64812e-05 6.69179e-06
7.677 3.70438e-05 6.61183e-06
7.678 3.76033e-05 6.54101e-06
7.679 3.81604e-05 6.47887e-06
7.68 3.8715e-05 6.42337e-06
7.681 3.92664e-05 6.37128e-06
7.682 3.98133e-05 6.31873e-06
7.683 4.0354e-05 6.26186e-06
7.684 4.08865e-05 6.19752e-06
7.685 4.14093e-05 6.12376e-06
7.686 4.19211e-05 6.04015e-06
7.687 4.24215e-05 5.94787e-06
7.688 4.29107e-05 5.84946e-06
7.689 4.33896e-05 5.74842e-06
7.69 4.38597e-05 5.64857e-06
7.691 4.43225e-05 5.5534e-06
7.692 4.47799e-05 5.46553e-06
7.693 4.52331e-05 5.38625e-06
7.694 4.56829e-05 5.31532e-06
7.695 4.61294e-05 5.25104e-06
7.696 4.65721e-05 5.19055e-06
7.697 4.70099e-05 5.13035e-06
7.698 4.74412e-05 5.06686e-06
7.699 4.78642e-05 4.99706e-06
7.7 4.82775e-05 4.91895e-06
7.701 4.86799e-05 4.83194e-06
7.702 4.90708e-05 4.73684e-06
7.703 4.94505e-05 4.63578e-06
7.704 4.98194e-05 4.53179e-06
7.705 5.0179e-05 4.4283e-06
7.706 5.05307e-05 4.32855e-06
7.707 5.0876e-05 4.23507e-06
7.708 5.12162e-05 4.14926e-06
7.709 5.15522e-05 4.07118e-06
7.71 5.18842e-05 3.99959e-06
7.711 5.22118e-05 3.93214e-06
7.712 5.25341e-05 3.86583e-06
7.713 5.28499e-05 3.79748e-06
7.714 5.31577e-05 3.72432e-06
7.715 5.34561e-05 3.64438e-06
7.716 5.37441e-05 3.55684e-06
7.717 5.4021e-05 3.46214e-06
7.718 5.42868e-05 3.36187e-06
7.719 5.4542e-05 3.25848e-06
7.72 5.47877e-05 3.15487e-06
7.721 5.50249e-05 3.05388e-06
7.722 5.52551e-05 2.95785e-06
7.723 5.54795e-05 2.86824e-06
7.724 5.56987e-05 2.78541e-06
7.725 5.59133e-05 2.70859e-06
7.726 5.61231e-05 2.63604e-06
7.727 5.63274e-05 2.56539e-06
7.728 5.65253e-05 2.494e-06
7.729 5.67157e-05 2.41944e-06
7.73 5.68973e-05 2.33987e-06
7.731 5.70693e-05 2.25431e-06
7.732 5.72309e-05 2.16281e-06
7.733 5.73821e-05 2.06637e-06
7.734 5.7523e-05 1.96676e-06
7.735 5.76545e-05 1.86621e-06
7.736 5.77773e-05 1.76705e-06
7.737 5.78926e-05 1.67129e-06
7.738 5.80013e-05 1.58038e-06
7.739 5.81043e-05 1.4949e-06
7.74 5.82019e-05 1.41462e-06
7.741 5.82942e-05 1.33847e-06
7.742 5.8381e-05 1.26481e-06
7.743 5.84617e-05 1.19172e-06
7.744 5.85354e-05 1.11729e-06
7.745 5.86012e-05 1.03996e-06
7.746 5.86585e-05 9.58702e-07
7.747 5.87067e-05 8.73225e-07
7.748 5.87455e-05 7.8393e-07
7.749 5.8775e-05 6.91826e-07
7.75 5.87955e-05 5.98337e-07
7.751 5.88076e-05 5.05049e-07
7.752 5.88119e-05 4.13454e-07
7.753 5.88092e-05 3.24718e-07
7.754 5.88001e-05 2.39524e-07
7.755 5.87849e-05 1.57999e-07
7.756 5.87639e-05 7.97352e-08
7.757 5.87371e-05 3.89703e-09
7.758 5.87042e-05 -7.06108e-08
7.759 5.86648e-05 -1.44949e-07
7.76 5.86185e-05 -2.20152e-07
7.761 5.85647e-05 -2.96978e-07
7.762 5.85033e-05 -3.75806e-07
7.763 5.84339e-05 -4.56619e-07
7.764 5.83565e-05 -5.39037e-07
7.765 5.82713e-05 -6.22416e-07
7.766 5.81785e-05 -7.05976e-07
7.767 5.80783e-05 -7.88941e-07
7.768 5.79713e-05 -8.70659e-07
7.769 5.78576e-05 -9.50692e-07
7.77 5.77376e-05 -1.02886e-06
7.771 5.76114e-05 -1.10523e-06
7.772 5.7479e-05 -1.18009e-06
7.773 5.73405e-05 -1.25384e-06
7.774 5.71957e-05 -1.32695e-06
7.775 5.70445e-05 -1.39982e-06
7.776 5.68867e-05 -1.47277e-06
7.777 5.67224e-05 -1.54598e-06
7.778 5.65514e-05 -1.61945e-06
7.779 5.63737e-05 -1.69309e-06
7.78 5.61894e-05 -1.76669e-06
7.781 5.59987e-05 -1.84001e-06
7.782 5.58015e-05 -1.91283e-06
7.783 5.55982e-05 -1.98495e-06
7.784 5.53887e-05 -2.05626e-06
7.785 5.51733e-05 -2.12673e-06
7.786 5.49519e-05 -2.19638e-06
7.787 5.47246e-05 -2.26529e-06
7.788 5.44914e-05 -2.33356e-06
7.789 5.42524e-05 -2.40128e-06
7.79 5.40075e-05 -2.46854e-06
7.791 5.37568e-05 -2.53538e-06
7.792 5.35002e-05 -2.60183e-06
7.793 5.32379e-05 -2.66788e-06
7.794 5.29699e-05 -2.7335e-06
7.795 5.26962e-05 -2.79867e-06
7.796 5.24169e-05 -2.86332e-06
7.797 5.21321e-05 -2.9274e-06
7.798 5.18418e-05 -2.99085e-06
7.799 5.15462e-05 -3.05359e-06
7.8 5.12452e-05 -3.11551e-06
7.801 5.09391e-05 -3.17655e-06
7.802 5.0628e-05 -3.2366e-06
7.803 5.0312e-05 -3.29564e-06
7.804 4.99911e-05 -3.35367e-06
7.805 4.96654e-05 -3.41076e-06
7.806 4.9335e-05 -3.46707e-06
7.807 4.89999e-05 -3.52283e-06
7.808 4.86599e-05 -3.5783e-06
7.809 4.83149e-05 -3.63374e-06
7.81 4.79649e-05 -3.68938e-06
7.811 4.76099e-05 -3.74533e-06
7.812 4.72497e-05 -3.80156e-06
7.813 4.68844e-05 -3.85786e-06
7.814 4.65141e-05 -3.91387e-06
7.815 4.61392e-05 -3.96909e-06
7.816 4.57599e-05 -4.02294e-06
7.817 4.53765e-05 -4.07489e-06
7.818 4.49895e-05 -4.12452e-06
7.819 4.45991e-05 -4.17164e-06
7.82 4.42056e-05 -4.21633e-06
7.821 4.38091e-05 -4.25899e-06
7.822 4.34094e-05 -4.30027e-06
7.823 4.30063e-05 -4.34105e-06
7.824 4.25995e-05 -4.38225e-06
7.825 4.21884e-05 -4.42471e-06
7.826 4.17729e-05 -4.46903e-06
7.827 4.13524e-05 -4.51545e-06
7.828 4.09269e-05 -4.56375e-06
7.829 4.04965e-05 -4.61327e-06
7.83 4.00615e-05 -4.66296e-06
7.831 3.96225e-05 -4.71152e-06
7.832 3.91801e-05 -4.75762e-06
7.833 3.8735e-05 -4.80008e-06
7.834 3.82881e-05 -4.83813e-06
7.835 3.78397e-05 -4.87152e-06
7.836 3.73903e-05 -4.90066e-06
7.837 3.69399e-05 -4.92652e-06
7.838 3.6488e-05 -4.9506e-06
7.839 3.60342e-05 -4.97463e-06
7.84 3.55777e-05 -5.00036e-06
7.841 3.51175e-05 -5.02926e-06
7.842 3.46531e-05 -5.06223e-06
7.843 3.41838e-05 -5.09944e-06
7.844 3.37096e-05 -5.14027e-06
7.845 3.32305e-05 -5.18334e-06
7.846 3.27474e-05 -5.2267e-06
7.847 3.22609e-05 -5.26816e-06
7.848 3.17724e-05 -5.30558e-06
7.849 3.12829e-05 -5.33725e-06
7.85 3.07935e-05 -5.3622e-06
7.851 3.03048e-05 -5.38039e-06
7.852 2.98172e-05 -5.39273e-06
7.853 2.93304e-05 -5.401e-06
7.854 2.88439e-05 -5.40761e-06
7.855 2.83566e-05 -5.41516e-06
7.856 2.78673e-05 -5.42613e-06
7.857 2.73749e-05 -5.44237e-06
7.858 2.68783e-05 -5.46484e-06
7.859 2.63771e-05 -5.4934e-06
7.86 2.5871e-05 -5.52681e-06
7.861 2.53605e-05 -5.56285e-06
7.862 2.48466e-05 -5.59874e-06
7.863 2.43307e-05 -5.63148e-06
7.864 2.38141e-05 -5.65839e-06
7.865 2.32984e-05 -5.67756e-06
7.866 2.27848e-05 -5.68811e-06
7.867 2.22739e-05 -5.69046e-06
7.868 2.17658e-05 -5.68621e-06
7.869 2.12601e-05 -5.67793e-06
7.87 2.07559e-05 -5.6688e-06
7.871 2.02517e-05 -5.66204e-06
7.872 1.9746e-05 -5.66046e-06
7.873 1.92376e-05 -5.66592e-06
7.874 1.87253e-05 -5.67909e-06
7.875 1.82087e-05 -5.69927e-06
7.876 1.76878e-05 -5.7245e-06
7.877 1.71635e-05 -5.75185e-06
7.878 1.66369e-05 -5.77793e-06
7.879 1.61098e-05 -5.79936e-06
7.88 1.55839e-05 -5.81339e-06
7.881 1.50605e-05 -5.81831e-06
7.882 1.45409e-05 -5.81378e-06
7.883 1.40255e-05 -5.80084e-06
7.884 1.35141e-05 -5.7818e-06
7.885 1.30061e-05 -5.75985e-06
7.886 1.25001e-05 -5.73854e-06
7.887 1.19945e-05 -5.72121e-06
7.888 1.14877e-05 -5.71045e-06
7.889 1.09786e-05 -5.70766e-06
7.89 1.04661e-05 -5.71282e-06
7.891 9.95023e-06 -5.72449e-06
7.892 9.4313e-06 -5.74006e-06
7.893 8.91043e-06 -5.75618e-06
7.894 8.38914e-06 -5.76928e-06
7.895 7.86912e-06 -5.77621e-06
7.896 7.35201e-06 -5.77473e-06
7.897 6.8391e-06 -5.76388e-06
7.898 6.33114e-06 -5.74414e-06
7.899 5.82825e-06 -5.71735e-06
7.9 5.32986e-06 -5.68641e-06
7.901 4.83486e-06 -5.65477e-06
7.902 4.34181e-06 -5.62585e-06
7.903 3.84913e-06 -5.60249e-06
7.904 3.35545e-06 -5.58648e-06
7.905 2.8598e-06 -5.57823e-06
7.906 2.3618e-06 -5.57675e-06
7.907 1.86172e-06 -5.57979e-06
7.908 1.36045e-06 -5.58428e-06
7.909 8.5935e-07 -5.58678e-06
7.91 3.60018e-07 -5.58413e-06
7.911 -1.3596e-07 -5.57398e-06
7.912 -6.27282e-07 -5.55513e-06
7.913 -1.11314e-06 -5.5278e-06
7.914 -1.59333e-06 -5.49354e-06
7.915 -2.06831e-06 -5.45498e-06
7.916 -2.53907e-06 -5.41536e-06
7.917 -3.00698e-06 -5.37796e-06
7.918 -3.47351e-06 -5.34559e-06
7.919 -3.94e-06 -5.32003e-06
7.92 -4.4074e-06 -5.3018e-06
7.921 -4.87611e-06 -5.29003e-06
7.922 -5.3459e-06 -5.28264e-06
7.923 -5.81593e-06 -5.27668e-06
7.924 -6.28491e-06 -5.26888e-06
7.925 -6.7513e-06 -5.2562e-06
7.926 -7.21359e-06 -5.23636e-06
7.927 -7.67053e-06 -5.20824e-06
7.928 -8.12137e-06 -5.17208e-06
7.929 -8.56595e-06 -5.12943e-06
7.93 -9.00476e-06 -5.0829e-06
7.931 -9.4388e-06 -5.03567e-06
7.932 -9.86945e-06 -4.99098e-06
7.933 -1.02982e-05 -4.95152e-06
7.934 -1.07263e-05 -4.91899e-06
7.935 -1.11547e-05 -4.89378e-06
7.936 -1.15837e-05 -4.87491e-06
7.937 -1.20131e-05 -4.86017e-06
7.938 -1.24419e-05 -4.84654e-06
7.939 -1.28689e-05 -4.8307e-06
7.94 -1.32923e-05 -4.8096e-06
7.941 -1.37108e-05 -4.78099e-06
7.942 -1.4123e-05 -4.74388e-06
7.943 -1.45282e-05 -4.69865e-06
7.944 -1.49265e-05 -4.64704e-06
7.945 -1.53182e-05 -4.59186e-06
7.946 -1.57046e-05 -4.53649e-06
7.947 -1.60872e-05 -4.48429e-06
7.948 -1.64675e-05 -4.43806e-06
7.949 -1.68469e-05 -4.39949e-06
7.95 -1.72263e-05 -4.36889e-06
7.951 -1.76062e-05 -4.34512e-06
7.952 -1.79861e-05 -4.32575e-06
7.953 -1.8365e-05 -4.30751e-06
7.954 -1.87416e-05 -4.28681e-06
7.955 -1.9114e-05 -4.26038e-06
7.956 -1.94807e-05 -4.22584e-06
7.957 -1.98403e-05 -4.1821e-06
7.958 -2.01921e-05 -4.12961e-06
7.959 -2.0536e-05 -4.07025e-06
7.96 -2.08726e-05 -4.00704e-06
7.961 -2.12031e-05 -3.94363e-06
7.962 -2.15292e-05 -3.88371e-06
7.963 -2.18525e-05 -3.83032e-06
7.964 -2.21745e-05 -3.78536e-06
7.965 -2.24965e-05 -3.74927e-06
7.966 -2.28187e-05 -3.72089e-06
7.967 -2.3141e-05 -3.69771e-06
7.968 -2.34622e-05 -3.67626e-06
7.969 -2.3781e-05 -3.65267e-06
7.97 -2.40954e-05 -3.6234e-06
7.971 -2.44037e-05 -3.58577e-06
7.972 -2.47045e-05 -3.53848e-06
7.973 -2.49969e-05 -3.48181e-06
7.974 -2.52807e-05 -3.41761e-06
7.975 -2.55565e-05 -3.34895e-06
7.976 -2.58255e-05 -3.27964e-06
7.977 -2.60895e-05 -3.21359e-06
7.978 -2.63501e-05 -3.1541e-06
7.979 -2.6609e-05 -3.10335e-06
7.98 -2.68675e-05 -3.062e-06
7.981 -2.71262e-05 -3.02905e-06
7.982 -2.73847e-05 -3.00208e-06
7.983 -2.76423e-05 -2.97757e-06
7.984 -2.78974e-05 -2.95157e-06
7.985 -2.81481e-05 -2.92034e-06
7.986 -2.83927e-05 -2.88099e-06
7.987 -2.86297e-05 -2.83199e-06
7.988 -2.8858e-05 -2.77342e-06
7.989 -2.90774e-05 -2.70695e-06
7.99 -2.92885e-05 -2.6356e-06
7.991 -2.94923e-05 -2.56316e-06
7.992 -2.96905e-05 -2.49359e-06
7.993 -2.98851e-05 -2.43035e-06
7.994 -3.00775e-05 -2.37578e-06
7.995 -3.02693e-05 -2.33071e-06
7.996 -3.04609e-05 -2.29434e-06
7.997 -3.06523e-05 -2.26436e-06
7.998 -3.08427e-05 -2.23735e-06
7.999 -3.10306e-05 -2.20938e-06
8 -3.12142e-05 -2.17666e-06
8.001 -3.13917e-05 -2.13622e-06
8.002 -3.15616e-05 -2.08641e-06
8.003 -3.17229e-05 -2.02715e-06
8.004 -3.18752e-05 -1.96001e-06
8.005 -3.20191e-05 -1.88785e-06
8.006 -3.21555e-05 -1.81441e-06
8.007 -3.22862e-05 -1.74362e-06
8.008 -3.2413e-05 -1.67895e-06
8.009 -3.25376e-05 -1.62279e-06
8.01 -3.26612e-05 -1.57606e-06
8.011 -3.27845e-05 -1.53806e-06
8.012 -3.29076e-05 -1.50659e-06
8.013 -3.30295e-05 -1.47833e-06
8.014 -3.3149e-05 -1.44941e-06
8.015 -3.32643e-05 -1.41609e-06
8.016 -3.33736e-05 -1.37541e-06
8.017 -3.34755e-05 -1.32568e-06
8.018 -3.35688e-05 -1.26678e-06
8.019 -3.36533e-05 -1.20018e-06
8.02 -3.37294e-05 -1.12868e-06
8.021 -3.37982e-05 -1.05592e-06
8.022 -3.38613e-05 -9.85761e-07
8.023 -3.39205e-05 -9.21602e-07
8.024 -3.39774e-05 -8.6581e-07
8.025 -3.40334e-05 -8.19307e-07
8.026 -3.4089e-05 -7.81419e-07
8.027 -3.41444e-05 -7.49993e-07
8.028 -3.41987e-05 -7.2178e-07
8.029 -3.42505e-05 -6.93001e-07
8.03 -3.42982e-05 -6.60004e-07
8.031 -3.43401e-05 -6.199e-07
8.032 -3.43746e-05 -5.71062e-07
8.033 -3.44009e-05 -5.13409e-07
8.034 -3.44187e-05 -4.48413e-07
8.035 -3.44283e-05 -3.78846e-07
8.036 -3.4431e-05 -3.08289e-07
8.037 -3.44282e-05 -2.40514e-07
8.038 -3.44218e-05 -1.78824e-07
8.039 -3.44133e-05 -1.25478e-07
8.04 -3.4404e-05 -8.1301e-08
8.041 -3.43946e-05 -4.55404e-08
8.042 -3.4385e-05 -1.6001e-08
8.043 -3.43743e-05 1.05707e-08
8.044 -3.43612e-05 3.79157e-08
8.045 -3.43441e-05 6.9608e-08
8.046 -3.43213e-05 1.08428e-07
8.047 -3.42913e-05 1.55875e-07
8.048 -3.42532e-05 2.11902e-07
8.049 -3.42068e-05 2.74922e-07
8.05 -3.41528e-05 3.42082e-07
8.051 -3.40921e-05 4.09761e-07
8.052 -3.40265e-05 4.74199e-07
8.053 -3.39577e-05 5.32156e-07
8.054 -3.38874e-05 5.81479e-07
8.055 -3.38167e-05 6.21481e-07
8.056 -3.37463e-05 6.53063e-07
8.057 -3.36759e-05 6.78564e-07
8.058 -3.36047e-05 7.01351e-07
8.059 -3.35314e-05 7.2524e-07
8.06 -3.34542e-05 7.53821e-07
8.061 -3.33714e-05 7.89837e-07
8.062 -3.32815e-05 8.34696e-07
8.063 -3.31838e-05 8.88222e-07
8.064 -3.30781e-05 9.48677e-07
8.065 -3.29649e-05 1.01306e-06
8.066 -3.28456e-05 1.07762e-06
8.067 -3.27218e-05 1.1385e-06
8.068 -3.25953e-05 1.19244e-06
8.069 -3.24678e-05 1.2373e-06
8.07 -3.23405e-05 1.27246e-06
8.071 -3.2214e-05 1.29896e-06
8.072 -3.20881e-05 1.31925e-06
8.073 -3.19619e-05 1.33687e-06
8.074 -3.1834e-05 1.35574e-06
8.075 -3.17025e-05 1.37954e-06
8.076 -3.15657e-05 1.41106e-06
8.077 -3.14221e-05 1.4517e-06
8.078 -3.1271e-05 1.5012e-06
8.079 -3.11121e-05 1.55773e-06
8.08 -3.09462e-05 1.61817e-06
8.081 -3.07745e-05 1.67863e-06
8.082 -3.05988e-05 1.73517e-06
8.083 -3.04209e-05 1.78443e-06
8.084 -3.02427e-05 1.82425e-06
8.085 -3.00652e-05 1.85407e-06
8.086 -2.98891e-05 1.87495e-06
8.087 -2.97142e-05 1.8895e-06
8.088 -2.95396e-05 1.90133e-06
8.089 -2.93636e-05 1.91451e-06
8.09 -2.91846e-05 1.9328e-06
8.091 -2.90006e-05 1.95904e-06
8.092 -2.88103e-05 1.99463e-06
8.093 -2.86127e-05 2.03927e-06
8.094 -2.84079e-05 2.09105e-06
8.095 -2.81963e-05 2.14672e-06
8.096 -2.79795e-05 2.20228e-06
8.097 -2.77592e-05 2.25366e-06
8.098 -2.75373e-05 2.29744e-06
8.099 -2.73157e-05 2.33144e-06
8.1 -2.70955e-05 2.35507e-06
8.101 -2.68775e-05 2.36949e-06
8.102 -2.66612e-05 2.3774e-06
8.103 -2.64459e-05 2.38256e-06
8.104 -2.62298e-05 2.38915e-06
8.105 -2.60111e-05 2.40106e-06
8.106 -2.5788e-05 2.4212e-06
8.107 -2.55589e-05 2.45101e-06
8.108 -2.5323e-05 2.49017e-06
8.109 -2.50801e-05 2.53669e-06
8.11 -2.4831e-05 2.5872e-06
8.111 -2.4577e-05 2.63759e-06
8.112 -2.43201e-05 2.68363e-06
8.113 -2.40622e-05 2.7218e-06
8.114 -2.38052e-05 2.74981e-06
8.115 -2.35504e-05 2.76708e-06
8.116 -2.32984e-05 2.77478e-06
8.117 -2.3049e-05 2.77567e-06
8.118 -2.28012e-05 2.77364e-06
8.119 -2.25533e-05 2.773e-06
8.12 -2.23034e-05 2.77778e-06
8.121 -2.20497e-05 2.791e-06
8.122 -2.17905e-05 2.81415e-06
8.123 -2.15249e-05 2.84697e-06
8.124 -2.12528e-05 2.88742e-06
8.125 -2.09749e-05 2.93208e-06
8.126 -2.06926e-05 2.97671e-06
8.127 -2.04079e-05 3.01698e-06
8.128 -2.01228e-05 3.04925e-06
8.129 -1.98392e-05 3.07115e-06
8.13 -1.95585e-05 3.08202e-06
8.131 -1.92812e-05 3.08305e-06
8.132 -1.90073e-05 3.07703e-06
8.133 -1.87356e-05 3.06792e-06
8.134 -1.84646e-05 3.06014e-06
8.135 -1.81922e-05 3.05781e-06
8.136 -1.79165e-05 3.06405e-06
8.137 -1.76358e-05 3.08044e-06
8.138 -1.73494e-05 3.1067e-06
8.139 -1.70569e-05 3.1408e-06
8.14 -1.67591e-05 3.17924e-06
8.141 -1.64574e-05 3.21769e-06
8.142 -1.61539e-05 3.25172e-06
8.143 -1.58507e-05 3.27759e-06
8.144 -1.55495e-05 3.29286e-06
8.145 -1.5252e-05 3.29684e-06
8.146 -1.49587e-05 3.29073e-06
8.147 -1.46694e-05 3.2774e-06
8.148 -1.4383e-05 3.26089e-06
8.149 -1.4098e-05 3.24577e-06
8.15 -1.38122e-05 3.23628e-06
8.151 -1.35236e-05 3.23566e-06
8.152 -1.32305e-05 3.24554e-06
8.153 -1.2932e-05 3.26568e-06
8.154 -1.26279e-05 3.29397e-06
8.155 -1.23189e-05 3.32683e-06
8.156 -1.20065e-05 3.35977e-06
8.157 -1.16928e-05 3.3882e-06
8.158 -1.13799e-05 3.40818e-06
8.159 -1.10698e-05 3.41715e-06
8.16 -1.07641e-05 3.41434e-06
8.161 -1.04635e-05 3.40093e-06
8.162 -1.01677e-05 3.37985e-06
8.163 -9.8758e-06 3.35529e-06
8.164 -9.58591e-06 3.332e-06
8.165 -9.29597e-06 3.31447e-06
8.166 -9.00383e-06 3.30613e-06
8.167 -8.70771e-06 3.30882e-06
8.168 -8.40651e-06 3.32241e-06
8.169 -8.09998e-06 3.34485e-06
8.17 -7.78881e-06 3.37248e-06
8.171 -7.4745e-06 3.40068e-06
8.172 -7.15911e-06 3.42463e-06
8.173 -6.84494e-06 3.44015e-06
8.174 -6.53412e-06 3.44438e-06
8.175 -6.22828e-06 3.43633e-06
8.176 -5.92825e-06 3.41699e-06
8.177 -5.63395e-06 3.38923e-06
8.178 -5.34439e-06 3.35726e-06
8.179 -5.05784e-06 3.32596e-06
8.18 -4.77213e-06 3.30003e-06
8.181 -4.48505e-06 3.2832e-06
8.182 -4.19468e-06 3.2776e-06
8.183 -3.89978e-06 3.28341e-06
8.184 -3.59996e-06 3.29877e-06
8.185 -3.29576e-06 3.32019e-06
8.186 -2.98858e-06 3.34305e-06
8.187 -2.68045e-06 3.36244e-06
8.188 -2.37366e-06 3.37399e-06
8.189 -2.07041e-06 3.37458e-06
8.19 -1.77244e-06 3.36288e-06
8.191 -1.48072e-06 3.3396e-06
8.192 -1.19531e-06 3.30731e-06
8.193 -9.15362e-07 3.27005e-06
8.194 -6.39258e-07 3.23263e-06
8.195 -3.64906e-07 3.19978e-06
8.196 -9.00966e-08 3.1754e-06
8.197 1.87118e-07 3.16185e-06
8.198 4.68084e-07 3.15959e-06
8.199 7.53321e-07 3.16711e-06
8.2 1.04243e-06 3.18118e-06
8.201 1.33415e-06 3.19741e-06
8.202 1.6266e-06 3.21102e-06
8.203 1.91756e-06 3.21764e-06
8.204 2.20489e-06 3.21406e-06
8.205 2.48684e-06 3.19877e-06
8.206 2.76238e-06 3.17221e-06
8.207 3.03136e-06 3.13668e-06
8.208 3.29451e-06 3.09594e-06
8.209 3.55331e-06 3.05456e-06
8.21 3.80974e-06 3.01712e-06
8.211 4.06592e-06 2.98747e-06
8.212 4.32374e-06 2.968e-06
8.213 4.58455e-06 2.95931e-06
8.214 4.84889e-06 2.96009e-06
8.215 5.11644e-06 2.96734e-06
8.216 5.38605e-06 2.97691e-06
8.217 5.65594e-06 2.98424e-06
8.218 5.924e-06 2.98511e-06
8.219 6.18818e-06 2.9764e-06
8.22 6.4468e-06 2.95661e-06
8.221 6.69885e-06 2.92609e-06
8.222 6.94419e-06 2.88702e-06
8.223 7.1835e-06 2.84299e-06
8.224 7.41822e-06 2.79837e-06
8.225 7.65025e-06 2.75761e-06
8.226 7.88163e-06 2.72438e-06
8.227 8.1142e-06 2.70102e-06
8.228 8.34925e-06 2.68808e-06
8.229 8.58731e-06 2.68428e-06
8.23 8.82804e-06 2.68667e-06
8.231 9.07032e-06 2.69123e-06
8.232 9.31238e-06 2.69348e-06
8.233 9.55218e-06 2.68932e-06
8.234 9.78769e-06 2.67572e-06
8.235 1.00173e-05 2.65124e-06
8.236 1.024e-05 2.61628e-06
8.237 1.04557e-05 2.57304e-06
8.238 1.06652e-05 2.5251e-06
8.239 1.08698e-05 2.47684e-06
8.24 1.10715e-05 2.43265e-06
8.241 1.12724e-05 2.3962e-06
8.242 1.14742e-05 2.36979e-06
8.243 1.16783e-05 2.35396e-06
8.244 1.18852e-05 2.34735e-06
8.245 1.20945e-05 2.34701e-06
8.246 1.23052e-05 2.34882e-06
8.247 1.25154e-05 2.34826e-06
8.248 1.2723e-05 2.34113e-06
8.249 1.29259e-05 2.32434e-06
8.25 1.31225e-05 2.2964e-06
8.251 1.33119e-05 2.25767e-06
8.252 1.34937e-05 2.21038e-06
8.253 1.36688e-05 2.15818e-06
8.254 1.38387e-05 2.10555e-06
8.255 1.40052e-05 2.05706e-06
8.256 1.41706e-05 2.01655e-06
8.257 1.43368e-05 1.98652e-06
8.258 1.45052e-05 1.96765e-06
8.259 1.46764e-05 1.95872e-06
8.26 1.48502e-05 1.95676e-06
8.261 1.50254e-05 1.9576e-06
8.262 1.52003e-05 1.95655e-06
8.263 1.53727e-05 1.94919e-06
8.264 1.55405e-05 1.93211e-06
8.265 1.57017e-05 1.90351e-06
8.266 1.58554e-05 1.86351e-06
8.267 1.60011e-05 1.8141e-06
8.268 1.61395e-05 1.75886e-06
8.269 1.62719e-05 1.70233e-06
8.27 1.64004e-05 1.64925e-06
8.271 1.65271e-05 1.60381e-06
8.272 1.66542e-05 1.56886e-06
8.273 1.67832e-05 1.54553e-06
8.274 1.6915e-05 1.53298e-06
8.275 1.70494e-05 1.52856e-06
8.276 1.71857e-05 1.52825e-06
8.277 1.73221e-05 1.52735e-06
8.278 1.74565e-05 1.52122e-06
8.279 1.75868e-05 1.50612e-06
8.28 1.77109e-05 1.47975e-06
8.281 1.78275e-05 1.44171e-06
8.282 1.7936e-05 1.3935e-06
8.283 1.80369e-05 1.33829e-06
8.284 1.81312e-05 1.28038e-06
8.285 1.82208e-05 1.2245e-06
8.286 1.83078e-05 1.175e-06
8.287 1.83944e-05 1.13516e-06
8.288 1.84823e-05 1.10661e-06
8.289 1.85726e-05 1.08914e-06
8.29 1.86654e-05 1.08067e-06
8.291 1.87603e-05 1.07767e-06
8.292 1.88558e-05 1.07574e-06
8.293 1.89499e-05 1.07032e-06
8.294 1.90407e-05 1.05747e-06
8.295 1.9126e-05 1.03452e-06
8.296 1.92045e-05 1.00048e-06
8.297 1.92753e-05 9.56196e-07
8.298 1.93385e-05 9.04188e-07
8.299 1.9395e-05 8.48222e-07
8.3 1.94462e-05 7.92667e-07
8.301 1.94941e-05 7.4177e-07
8.302 1.95407e-05 6.98954e-07
8.303 1.95878e-05 6.66266e-07
8.304 1.96366e-05 6.44056e-07
8.305 1.96876e-05 6.30944e-07
8.306 1.97404e-05 6.24074e-07
8.307 1.9794e-05 6.1961e-07
8.308 1.98469e-05 6.13381e-07
8.309 1.9897e-05 6.01587e-07
8.31 1.99426e-05 5.81415e-07
8.311 1.99823e-05 5.51496e-07
8.312 2.0015e-05 5.12105e-07
8.313 2.00406e-05 4.65093e-07
8.314 2.00598e-05 4.13551e-07
8.315 2.00736e-05 3.61275e-07
8.316 2.00839e-05 3.12121e-07
8.317 2.00922e-05 2.69367e-07
8.318 2.01004e-05 2.3517e-07
8.319 2.01095e-05 2.1023e-07
8.32 2.01202e-05 1.93701e-07
8.321 2.01323e-05 1.83357e-07
8.322 2.01451e-05 1.7599e-07
8.323 2.01574e-05 1.67972e-07
8.324 2.01674e-05 1.55865e-07
8.325 2.01735e-05 1.37001e-07
8.326 2.01745e-05 1.09917e-07
8.327 2.01694e-05 7.45779e-08
8.328 2.01579e-05 3.2364e-08
8.329 2.01405e-05 -1.41906e-08
8.33 2.01182e-05 -6.18435e-08
8.331 2.00923e-05 -1.07204e-07
8.332 2.00644e-05 -1.47311e-07
8.333 2.0036e-05 -1.80126e-07
8.334 2.00081e-05 -2.04867e-07
8.335 1.99814e-05 -2.22122e-07
8.336 1.99558e-05 -2.33727e-07
8.337 1.99308e-05 -2.42438e-07
8.338 1.99051e-05 -2.51445e-07
8.339 1.98773e-05 -2.63826e-07
8.34 1.98462e-05 -2.82019e-07
8.341 1.98103e-05 -3.07412e-07
8.342 1.97689e-05 -3.40118e-07
8.343 1.97217e-05 -3.78969e-07
8.344 1.96692e-05 -4.21724e-07
8.345 1.96121e-05 -4.65462e-07
8.346 1.95518e-05 -5.07091e-07
8.347 1.94896e-05 -5.43873e-07
8.348 1.94269e-05 -5.73891e-07
8.349 1.93649e-05 -5.96372e-07
8.35 1.9304e-05 -6.11815e-07
8.351 1.92442e-05 -6.21897e-07
8.352 1.91851e-05 -6.29181e-07
8.353 1.91254e-05 -6.36681e-07
8.354 1.9064e-05 -6.47339e-07
8.355 1.89993e-05 -6.6353e-07
8.356 1.89303e-05 -6.86654e-07
8.357 1.8856e-05 -7.16898e-07
8.358 1.87763e-05 -7.53209e-07
8.359 1.86913e-05 -7.93465e-07
8.36 1.8602e-05 -8.34837e-07
8.361 1.85096e-05 -8.74268e-07
8.362 1.84155e-05 -9.08983e-07
8.363 1.83211e-05 -9.36964e-07
8.364 1.82275e-05 -9.57284e-07
8.365 1.81354e-05 -9.7027e-07
8.366 1.80448e-05 -9.77452e-07
8.367 1.79552e-05 -9.81304e-07
8.368 1.78658e-05 -9.84839e-07
8.369 1.77751e-05 -9.911e-07
8.37 1.76817e-05 -1.00266e-06
8.371 1.75843e-05 -1.02119e-06
8.372 1.74821e-05 -1.04716e-06
8.373 1.73745e-05 -1.0798e-06
8.374 1.72616e-05 -1.11718e-06
8.375 1.71443e-05 -1.15653e-06
8.376 1.70238e-05 -1.19472e-06
8.377 1.69013e-05 -1.22877e-06
8.378 1.67785e-05 -1.25631e-06
8.379 1.66566e-05 -1.27601e-06
8.38 1.65364e-05 -1.28779e-06
8.381 1.64183e-05 -1.29281e-06
8.382 1.63019e-05 -1.29333e-06
8.383 1.61864e-05 -1.2923e-06
8.384 1.60706e-05 -1.29289e-06
8.385 1.5953e-05 -1.29801e-06
8.386 1.58322e-05 -1.30975e-06
8.387 1.57071e-05 -1.32912e-06
8.388 1.55769e-05 -1.35586e-06
8.389 1.54416e-05 -1.38844e-06
8.39 1.53017e-05 -1.42436e-06
8.391 1.51581e-05 -1.46054e-06
8.392 1.50124e-05 -1.49378e-06
8.393 1.48659e-05 -1.52136e-06
8.394 1.47201e-05 -1.54141e-06
8.395 1.45762e-05 -1.55325e-06
8.396 1.44346e-05 -1.55747e-06
8.397 1.42953e-05 -1.55589e-06
8.398 1.41578e-05 -1.55119e-06
8.399 1.4021e-05 -1.54656e-06
8.4 1.38835e-05 -1.5451e-06
8.401 1.37438e-05 -1.54938e-06
8.402 1.36006e-05 -1.56098e-06
8.403 1.34531e-05 -1.58027e-06
8.404 1.33006e-05 -1.60634e-06
8.405 1.31436e-05 -1.63713e-06
8.406 1.29828e-05 -1.66978e-06
8.407 1.28193e-05 -1.70111e-06
8.408 1.26546e-05 -1.72809e-06
8.409 1.24904e-05 -1.74837e-06
8.41 1.23277e-05 -1.76064e-06
8.411 1.21675e-05 -1.76485e-06
8.412 1.201e-05 -1.7622e-06
8.413 1.18551e-05 -1.75495e-06
8.414 1.17018e-05 -1.74607e-06
8.415 1.15489e-05 -1.73874e-06
8.416 1.13949e-05 -1.73584e-06
8.417 1.12385e-05 -1.73947e-06
8.418 1.10785e-05 -1.75066e-06
8.419 1.09143e-05 -1.76914e-06
8.42 1.07457e-05 -1.79346e-06
8.421 1.05732e-05 -1.82115e-06
8.422 1.03978e-05 -1.8492e-06
8.423 1.02208e-05 -1.87448e-06
8.424 1.00437e-05 -1.8943e-06
8.425 9.86792e-06 -1.90681e-06
8.426 9.69451e-06 -1.91131e-06
8.427 9.52406e-06 -1.90835e-06
8.428 9.35657e-06 -1.89966e-06
8.429 9.19149e-06 -1.88782e-06
8.43 9.02779e-06 -1.87589e-06
8.431 8.86414e-06 -1.86687e-06
8.432 8.69914e-06 -1.86323e-06
8.433 8.53153e-06 -1.86651e-06
8.434 8.36043e-06 -1.8771e-06
8.435 8.18545e-06 -1.89412e-06
8.436 8.00677e-06 -1.91564e-06
8.437 7.82512e-06 -1.93896e-06
8.438 7.64166e-06 -1.96105e-06
8.439 7.45776e-06 -1.97908e-06
8.44 7.27483e-06 -1.99084e-06
8.441 7.09405e-06 -1.99513e-06
8.442 6.91621e-06 -1.99191e-06
8.443 6.74157e-06 -1.98237e-06
8.444 6.56983e-06 -1.96864e-06
8.445 6.40021e-06 -1.95351e-06
8.446 6.23152e-06 -1.93991e-06
8.447 6.06244e-06 -1.93047e-06
8.448 5.8917e-06 -1.92709e-06
8.449 5.71829e-06 -1.93059e-06
8.45 5.54162e-06 -1.94063e-06
8.451 5.36168e-06 -1.95575e-06
8.452 5.17895e-06 -1.97363e-06
8.453 4.99438e-06 -1.99146e-06
8.454 4.80924e-06 -2.00641e-06
8.455 4.62487e-06 -2.01611e-06
8.456 4.44249e-06 -2.01906e-06
8.457 4.263e-06 -2.01481e-06
8.458 4.08683e-06 -2.00407e-06
8.459 3.91388e-06 -1.98861e-06
8.46 3.74354e-06 -1.97089e-06
8.461 3.57479e-06 -1.95373e-06
8.462 3.40641e-06 -1.93976e-06
8.463 3.23712e-06 -1.93106e-06
8.464 3.06588e-06 -1.92876e-06
8.465 2.89201e-06 -1.93287e-06
8.466 2.7153e-06 -1.94232e-06
8.467 2.53609e-06 -1.9551e-06
8.468 2.35517e-06 -1.96862e-06
8.469 2.17368e-06 -1.98014e-06
8.47 1.9929e-06 -1.98723e-06
8.471 1.81405e-06 -1.98817e-06
8.472 1.6381e-06 -1.98225e-06
8.473 1.46559e-06 -1.96986e-06
8.474 1.29655e-06 -1.95243e-06
8.475 1.13052e-06 -1.93218e-06
8.476 9.66611e-07 -1.91178e-06
8.477 8.03678e-07 -1.89384e-06
8.478 6.40496e-07 -1.88053e-06
8.479 4.7598e-07 -1.87318e-06
8.48 3.09368e-07 -1.87212e-06
8.481 1.40347e-07 -1.87653e-06
8.482 -3.08894e-08 -1.8847e-06
8.483 -2.03679e-07 -1.89423e-06
8.484 -3.76995e-07 -1.90249e-06
8.485 -5.49623e-07 -1.90702e-06
8.486 -7.20354e-07 -1.90599e-06
8.487 -8.88193e-07 -1.89845e-06
8.488 -1.05251e-06 -1.88452e-06
8.489 -1.21317e-06 -1.86537e-06
8.49 -1.37048e-06 -1.84297e-06
8.491 -1.52523e-06 -1.81981e-06
8.492 -1.67848e-06 -1.79846e-06
8.493 -1.83139e-06 -1.78113e-06
8.494 -1.98507e-06 -1.76931e-06
8.495 -2.14031e-06 -1.76352e-06
8.496 -2.29752e-06 -1.76325e-06
8.497 -2.45663e-06 -1.76702e-06
8.498 -2.61711e-06 -1.77265e-06
8.499 -2.77804e-06 -1.77765e-06
8.5 -2.93828e-06 -1.7796e-06
8.501 -3.09668e-06 -1.77661e-06
8.502 -3.25223e-06 -1.76757e-06
8.503 -3.40425e-06 -1.75237e-06
8.504 -3.55249e-06 -1.73192e-06
8.505 -3.69719e-06 -1.70796e-06
8.506 -3.839e-06 -1.68279e-06
8.507 -3.97888e-06 -1.65884e-06
8.508 -4.11794e-06 -1.63832e-06
8.509 -4.25723e-06 -1.6228e-06
8.51 -4.39759e-06 -1.61297e-06
8.511 -4.53949e-06 -1.60854e-06
8.512 -4.68296e-06 -1.60827e-06
8.513 -4.82756e-06 -1.61024e-06
8.514 -4.97251e-06 -1.61209e-06
8.515 -5.11676e-06 -1.61153e-06
8.516 -5.25921e-06 -1.60664e-06
8.517 -5.39888e-06 -1.59621e-06
8.518 -5.53506e-06 -1.57996e-06
8.519 -5.66744e-06 -1.55856e-06
8.52 -5.79615e-06 -1.53351e-06
8.521 -5.92173e-06 -1.50689e-06
8.522 -6.04505e-06 -1.48099e-06
8.523 -6.16711e-06 -1.45795e-06
8.524 -6.28895e-06 -1.43938e-06
8.525 -6.4114e-06 -1.4261e-06
8.526 -6.53497e-06 -1.41802e-06
8.527 -6.65978e-06 -1.41416e-06
8.528 -6.78552e-06 -1.41283e-06
8.529 -6.91152e-06 -1.4119e-06
8.53 -7.03683e-06 -1.40919e-06
8.531 -7.16045e-06 -1.40281e-06
8.532 -7.28143e-06 -1.39149e-06
8.533 -7.39903e-06 -1.37477e-06
8.534 -7.5129e-06 -1.35308e-06
8.535 -7.62306e-06 -1.32765e-06
8.536 -7.72992e-06 -1.3003e-06
8.537 -7.83422e-06 -1.27311e-06
8.538 -7.93687e-06 -1.24811e-06
8.539 -8.03882e-06 -1.22691e-06
8.54 -8.14088e-06 -1.21044e-06
8.541 -8.24362e-06 -1.19883e-06
8.542 -8.34722e-06 -1.19139e-06
8.543 -8.45152e-06 -1.18674e-06
8.544 -8.556e-06 -1.18303e-06
8.545 -8.65986e-06 -1.1783e-06
8.546 -8.76222e-06 -1.17076e-06
8.547 -8.8622e-06 -1.15912e-06
8.548 -8.95911e-06 -1.14276e-06
8.549 -9.05251e-06 -1.12185e-06
8.55 -9.14235e-06 -1.09728e-06
8.551 -9.22888e-06 -1.07053e-06
8.552 -9.31267e-06 -1.04336e-06
8.553 -9.39447e-06 -1.01756e-06
8.554 -9.47511e-06 -9.94655e-07
8.555 -9.55532e-06 -9.75616e-07
8.556 -9.63566e-06 -9.6076e-07
8.557 -9.71638e-06 -9.49692e-07
8.558 -9.79743e-06 -9.41399e-07
8.559 -9.87846e-06 -9.3443e-07
8.56 -9.95888e-06 -9.2715e-07
8.561 -1.0038e-05 -9.18017e-07
8.562 -1.0115e-05 -9.05832e-07
8.563 -1.01893e-05 -8.89929e-07
8.564 -1.02606e-05 -8.70267e-07
8.565 -1.03286e-05 -8.47418e-07
8.566 -1.03936e-05 -8.22454e-07
8.567 -1.04558e-05 -7.96752e-07
8.568 -1.0516e-05 -7.71756e-07
8.569 -1.05747e-05 -7.48738e-07
8.57 -1.06325e-05 -7.28591e-07
8.571 -1.06899e-05 -7.11696e-07
8.572 -1.07471e-05 -6.9788e-07
8.573 -1.08043e-05 -6.86458e-07
8.574 -1.08611e-05 -6.76376e-07
8.575 -1.09172e-05 -6.66392e-07
8.576 -1.0972e-05 -6.55292e-07
8.577 -1.1025e-05 -6.42094e-07
8.578 -1.10756e-05 -6.26198e-07
8.579 -1.11236e-05 -6.07476e-07
8.58 -1.11688e-05 -5.86268e-07
8.581 -1.12112e-05 -5.63317e-07
8.582 -1.12512e-05 -5.3962e-07
8.583 -1.12891e-05 -5.16257e-07
8.584 -1.13254e-05 -4.94208e-07
8.585 -1.13605e-05 -4.74195e-07
8.586 -1.13949e-05 -4.56571e-07
8.587 -1.14288e-05 -4.41278e-07
8.588 -1.14621e-05 -4.27879e-07
8.589 -1.14949e-05 -4.1564e-07
8.59 -1.15267e-05 -4.03669e-07
8.591 -1.15573e-05 -3.91072e-07
8.592 -1.15862e-05 -3.77099e-07
8.593 -1.16131e-05 -3.61262e-07
8.594 -1.16377e-05 -3.43407e-07
8.595 -1.16598e-05 -3.23718e-07
8.596 -1.16796e-05 -3.02678e-07
8.597 -1.16971e-05 -2.80974e-07
8.598 -1.17126e-05 -2.59373e-07
8.599 -1.17265e-05 -2.38596e-07
8.6 -1.17391e-05 -2.19202e-07
8.601 -1.17507e-05 -2.01507e-07
8.602 -1.17615e-05 -1.85543e-07
8.603 -1.17715e-05 -1.7107e-07
8.604 -1.17808e-05 -1.57628e-07
8.605 -1.1789e-05 -1.4462e-07
8.606 -1.17961e-05 -1.3142e-07
8.607 -1.18018e-05 -1.17468e-07
8.608 -1.18057e-05 -1.02356e-07
8.609 -1.18076e-05 -8.58858e-08
8.61 -1.18075e-05 -6.80857e-08
8.611 -1.18053e-05 -4.91935e-08
8.612 -1.18011e-05 -2.96082e-08
8.613 -1.17949e-05 -9.82059e-09
8.614 -1.17871e-05 9.66565e-09
8.615 -1.17779e-05 2.84091e-08
8.616 -1.17674e-05 4.60907e-08
8.617 -1.17558e-05 6.25514e-08
8.618 -1.17433e-05 7.78045e-08
8.619 -1.17299e-05 9.20218e-08
8.62 -1.17156e-05 1.05499e-07
8.621 -1.17003e-05 1.18608e-07
8.622 -1.16839e-05 1.31741e-07
8.623 -1.16661e-05 1.4526e-07
8.624 -1.16468e-05 1.59449e-07
8.625 -1.1626e-05 1.74487e-07
8.626 -1.16033e-05 1.90429e-07
8.627 -1.15789e-05 2.07205e-07
8.628 -1.15527e-05 2.24636e-07
8.629 -1.15247e-05 2.42457e-07
8.63 -1.1495e-05 2.60348e-07
8.631 -1.14639e-05 2.77974e-07
8.632 -1.14314e-05 2.95017e-07
8.633 -1.13977e-05 3.11217e-07
8.634 -1.1363e-05 3.26399e-07
8.635 -1.13274e-05 3.40497e-07
8.636 -1.1291e-05 3.53561e-07
8.637 -1.12539e-05 3.65762e-07
8.638 -1.12159e-05 3.77377e-07
8.639 -1.1177e-05 3.88757e-07
8.64 -1.11371e-05 4.00293e-07
8.641 -1.1096e-05 4.12362e-07
8.642 -1.10534e-05 4.25281e-07
8.643 -1.10092e-05 4.39255e-07
8.644 -1.09633e-05 4.54344e-07
8.645 -1.09156e-05 4.70436e-07
8.646 -1.0866e-05 4.87256e-07
8.647 -1.08148e-05 5.0439e-07
8.648 -1.07621e-05 5.21335e-07
8.649 -1.07082e-05 5.37567e-07
8.65 -1.06533e-05 5.52619e-07
8.651 -1.05977e-05 5.66151e-07
8.652 -1.05416e-05 5.78018e-07
8.653 -1.04851e-05 5.88298e-07
8.654 -1.04283e-05 5.97298e-07
8.655 -1.03711e-05 6.05519e-07
8.656 -1.03133e-05 6.1359e-07
8.657 -1.02546e-05 6.22174e-07
8.658 -1.01947e-05 6.31871e-07
8.659 -1.01333e-05 6.43114e-07
8.66 -1.00701e-05 6.56096e-07
8.661 -1.00051e-05 6.70725e-07
8.662 -9.93807e-06 6.86626e-07
8.663 -9.86932e-06 7.03192e-07
8.664 -9.79905e-06 7.19663e-07
8.665 -9.72763e-06 7.35251e-07
8.666 -9.65545e-06 7.4926e-07
8.667 -9.58289e-06 7.61201e-07
8.668 -9.51024e-06 7.70881e-07
8.669 -9.43768e-06 7.7844e-07
8.67 -9.36523e-06 7.8434e-07
8.671 -9.29273e-06 7.89298e-07
8.672 -9.2199e-06 7.94177e-07
8.673 -9.14636e-06 7.99848e-07
8.674 -9.0717e-06 8.07049e-07
8.675 -8.99555e-06 8.16262e-07
8.676 -8.91763e-06 8.27627e-07
8.677 -8.83782e-06 8.40914e-07
8.678 -8.75617e-06 8.55555e-07
8.679 -8.6729e-06 8.70734e-07
8.68 -8.58836e-06 8.85512e-07
8.681 -8.503e-06 8.98986e-07
8.682 -8.41726e-06 9.1044e-07
8.683 -8.33153e-06 9.19456e-07
8.684 -8.2461e-06 9.25998e-07
8.685 -8.16106e-06 9.30411e-07
8.686 -8.07632e-06 9.3337e-07
8.687 -7.99165e-06 9.35768e-07
8.688 -7.90668e-06 9.38566e-07
8.689 -7.82097e-06 9.42633e-07
8.69 -7.73412e-06 9.48598e-07
8.691 -7.64579e-06 9.56743e-07
8.692 -7.5558e-06 9.66958e-07
8.693 -7.46416e-06 9.78757e-07
8.694 -7.37103e-06 9.91364e-07
8.695 -7.27674e-06 1.00384e-06
8.696 -7.18172e-06 1.01526e-06
8.697 -7.08642e-06 1.02486e-06
8.698 -6.99123e-06 1.03215e-06
8.699 -6.89645e-06 1.03705e-06
8.7 -6.80219e-06 1.03984e-06
8.701 -6.70839e-06 1.04116e-06
8.702 -6.61482e-06 1.04187e-06
8.703 -6.52113e-06 1.0429e-06
8.704 -6.42691e-06 1.04508e-06
8.705 -6.33177e-06 1.04903e-06
8.706 -6.23541e-06 1.05498e-06
8.707 -6.13768e-06 1.06281e-06
8.708 -6.03859e-06 1.07201e-06
8.709 -5.93834e-06 1.08181e-06
8.71 -5.83726e-06 1.09131e-06
8.711 -5.73579e-06 1.09961e-06
8.712 -5.63434e-06 1.10603e-06
8.713 -5.53328e-06 1.11022e-06
8.714 -5.43283e-06 1.11217e-06
8.715 -5.33306e-06 1.1123e-06
8.716 -5.23383e-06 1.11132e-06
8.717 -5.13486e-06 1.11014e-06
8.718 -5.03576e-06 1.10967e-06
8.719 -4.93611e-06 1.1107e-06
8.72 -4.83554e-06 1.11369e-06
8.721 -4.7338e-06 1.11874e-06
8.722 -4.63082e-06 1.12551e-06
8.723 -4.5267e-06 1.13333e-06
8.724 -4.42175e-06 1.14125e-06
8.725 -4.3164e-06 1.14828e-06
8.726 -4.21114e-06 1.15352e-06
8.727 -4.10641e-06 1.15635e-06
8.728 -4.00258e-06 1.15655e-06
8.729 -3.89981e-06 1.15436e-06
8.73 -3.79807e-06 1.15044e-06
8.731 -3.6971e-06 1.14576e-06
8.732 -3.59649e-06 1.14145e-06
8.733 -3.49572e-06 1.13858e-06
8.734 -3.39428e-06 1.13797e-06
8.735 -3.29174e-06 1.14006e-06
8.736 -3.18785e-06 1.14476e-06
8.737 -3.08258e-06 1.15151e-06
8.738 -2.97614e-06 1.15932e-06
8.739 -2.86898e-06 1.16694e-06
8.74 -2.76167e-06 1.17309e-06
8.741 -2.65484e-06 1.17668e-06
8.742 -2.54909e-06 1.17697e-06
8.743 -2.44484e-06 1.17379e-06
8.744 -2.34228e-06 1.16751e-06
8.745 -2.24134e-06 1.15905e-06
8.746 -2.14167e-06 1.14968e-06
8.747 -2.04271e-06 1.14089e-06
8.748 -1.9438e-06 1.13407e-06
8.749 -1.84424e-06 1.13031e-06
8.75 -1.74346e-06 1.13015e-06
8.751 -1.64112e-06 1.13356e-06
8.752 -1.53713e-06 1.13985e-06
8.753 -1.43174e-06 1.14779e-06
8.754 -1.32545e-06 1.15583e-06
8.755 -1.21897e-06 1.16235e-06
8.756 -1.11309e-06 1.16589e-06
8.757 -1.00856e-06 1.16547e-06
8.758 -9.05967e-07 1.16071e-06
8.759 -8.05609e-07 1.15192e-06
8.76 -7.07472e-07 1.1401e-06
8.761 -6.11218e-07 1.12673e-06
8.762 -5.16233e-07 1.11355e-06
8.763 -4.21731e-07 1.10229e-06
8.764 -3.26889e-07 1.09437e-06
8.765 -2.30978e-07 1.09063e-06
8.766 -1.33496e-07 1.09121e-06
8.767 -3.42512e-08 1.09554e-06
8.768 6.65972e-08 1.10235e-06
8.769 1.68562e-07 1.10995e-06
8.77 2.70902e-07 1.11649e-06
8.771 3.72747e-07 1.12024e-06
8.772 4.73234e-07 1.1199e-06
8.773 5.71655e-07 1.11485e-06
8.774 6.67573e-07 1.10519e-06
8.775 7.60895e-07 1.09181e-06
8.776 8.51888e-07 1.07618e-06
8.777 9.41133e-07 1.06014e-06
8.778 1.02943e-06 1.04559e-06
8.779 1.11766e-06 1.03415e-06
8.78 1.20662e-06 1.02692e-06
8.781 1.29694e-06 1.02426e-06
8.782 1.3889e-06 1.02576e-06
8.783 1.48244e-06 1.03029e-06
8.784 1.57713e-06 1.03616e-06
8.785 1.67228e-06 1.04149e-06
8.786 1.76702e-06 1.04443e-06
8.787 1.86045e-06 1.04356e-06
8.788 1.95183e-06 1.03805e-06
8.789 2.04065e-06 1.02787e-06
8.79 2.12675e-06 1.01377e-06
8.791 2.21033e-06 9.97126e-07
8.792 2.29193e-06 9.79737e-07
8.793 2.37231e-06 9.63504e-07
8.794 2.45235e-06 9.50104e-07
8.795 2.53285e-06 9.40705e-07
8.796 2.61444e-06 9.35764e-07
8.797 2.69746e-06 9.34953e-07
8.798 2.78186e-06 9.37214e-07
8.799 2.86726e-06 9.40949e-07
8.8 2.95299e-06 9.44292e-07
8.801 3.03821e-06 9.45442e-07
8.802 3.12205e-06 9.42966e-07
8.803 3.20379e-06 9.36059e-07
8.804 3.28292e-06 9.24676e-07
8.805 3.35931e-06 9.09542e-07
8.806 3.43316e-06 8.92025e-07
8.807 3.50501e-06 8.73893e-07
8.808 3.57562e-06 8.57007e-07
8.809 3.64584e-06 8.4299e-07
8.81 3.71647e-06 8.32941e-07
8.811 3.78809e-06 8.27241e-07
8.812 3.86099e-06 8.25484e-07
8.813 3.93508e-06 8.26545e-07
8.814 4.00993e-06 8.28781e-07
8.815 4.08485e-06 8.30321e-07
8.816 4.15897e-06 8.29395e-07
8.817 4.23144e-06 8.24657e-07
8.818 4.30156e-06 8.15423e-07
8.819 4.36889e-06 8.01805e-07
8.82 4.43338e-06 7.84689e-07
8.821 4.49532e-06 7.65592e-07
8.822 4.55533e-06 7.46392e-07
8.823 4.61425e-06 7.28995e-07
8.824 4.67297e-06 7.14995e-07
8.825 4.7323e-06 7.0538e-07
8.826 4.79278e-06 7.00352e-07
8.827 4.85461e-06 6.99275e-07
8.828 4.91762e-06 7.00777e-07
8.829 4.98125e-06 7.02988e-07
8.83 5.04467e-06 7.03864e-07
8.831 5.10693e-06 7.01555e-07
8.832 5.16709e-06 6.94738e-07
8.833 5.22446e-06 6.82865e-07
8.834 5.27864e-06 6.66277e-07
8.835 5.32967e-06 6.46162e-07
8.836 5.37798e-06 6.24361e-07
8.837 5.42436e-06 6.03049e-07
8.838 5.4698e-06 5.8436e-07
8.839 5.51533e-06 5.70003e-07
8.84 5.56185e-06 5.60948e-07
8.841 5.60991e-06 5.5724e-07
8.842 5.6597e-06 5.57966e-07
8.843 5.7109e-06 5.61398e-07
8.844 5.76282e-06 5.65278e-07
8.845 5.81443e-06 5.67205e-07
8.846 5.86461e-06 5.65059e-07
8.847 5.91227e-06 5.57375e-07
8.848 5.9566e-06 5.43622e-07
8.849 5.99718e-06 5.24316e-07
8.85 6.03411e-06 5.00955e-07
8.851 6.06794e-06 4.75779e-07
8.852 6.09963e-06 4.51396e-07
8.853 6.13038e-06 4.30334e-07
8.854 6.16143e-06 4.146e-07
8.855 6.19382e-06 4.05318e-07
8.856 6.22826e-06 4.02513e-07
8.857 6.26492e-06 4.05085e-07
8.858 6.30348e-06 4.10973e-07
8.859 6.34309e-06 4.17497e-07
8.86 6.38255e-06 4.21804e-07
8.861 6.42053e-06 4.21362e-07
8.862 6.45574e-06 4.14407e-07
8.863 6.4872e-06 4.00256e-07
8.864 6.51439e-06 3.79452e-07
8.865 6.53737e-06 3.53694e-07
8.866 6.55675e-06 3.2556e-07
8.867 6.57364e-06 2.98085e-07
8.868 6.58941e-06 2.74244e-07
8.869 6.6055e-06 2.56439e-07
8.87 6.62317e-06 2.46077e-07
8.871 6.64326e-06 2.43311e-07
8.872 6.66608e-06 2.46997e-07
8.873 6.69128e-06 2.54864e-07
8.874 6.71798e-06 2.63893e-07
8.875 6.74485e-06 2.70824e-07
8.876 6.77037e-06 2.72708e-07
8.877 6.79308e-06 2.67425e-07
8.878 6.8118e-06 2.54053e-07
8.879 6.82591e-06 2.33047e-07
8.88 6.83538e-06 2.06178e-07
8.881 6.84082e-06 1.76245e-07
8.882 6.84342e-06 1.46608e-07
8.883 6.84467e-06 1.20619e-07
8.884 6.84619e-06 1.01046e-07
8.885 6.84941e-06 8.95879e-08
8.886 6.85531e-06 8.65769e-08
8.887 6.8643e-06 9.09008e-08
8.888 6.87609e-06 1.00182e-07
8.889 6.88976e-06 1.1117e-07
8.89 6.90391e-06 1.20297e-07
8.891 6.9169e-06 1.24281e-07
8.892 6.92711e-06 1.20699e-07
8.893 6.93324e-06 1.08411e-07
8.894 6.93454e-06 8.77663e-08
8.895 6.93092e-06 6.05609e-08
8.896 6.92299e-06 2.9739e-08
8.897 6.91196e-06 -1.10275e-09
8.898 6.89945e-06 -2.83288e-08
8.899 6.88718e-06 -4.88908e-08
8.9 6.87671e-06 -6.08578e-08
8.901 6.86914e-06 -6.37583e-08
8.902 6.86495e-06 -5.86728e-08
8.903 6.86389e-06 -4.80595e-08
8.904 6.86502e-06 -3.53412e-08
8.905 6.86689e-06 -2.4321e-08
8.906 6.86774e-06 -1.85284e-08
8.907 6.86586e-06 -2.0608e-08
8.908 6.85985e-06 -3.18556e-08
8.909 6.84887e-06 -5.19847e-08
8.91 6.8328e-06 -7.91651e-08
8.911 6.81224e-06 -1.10329e-07
8.912 6.78847e-06 -1.41692e-07
8.913 6.76316e-06 -1.69405e-07
8.914 6.73813e-06 -1.90219e-07
8.915 6.71503e-06 -2.02052e-07
8.916 6.69504e-06 -2.04355e-07
8.917 6.67869e-06 -1.98219e-07
8.918 6.66574e-06 -1.86194e-07
8.919 6.65521e-06 -1.71856e-07
8.92 6.64558e-06 -1.5919e-07
8.921 6.63504e-06 -1.51905e-07
8.922 6.62178e-06 -1.52784e-07
8.923 6.60435e-06 -1.63197e-07
8.924 6.58185e-06 -1.82854e-07
8.925 6.55417e-06 -2.09846e-07
8.926 6.52196e-06 -2.40968e-07
8.927 6.48652e-06 -2.72269e-07
8.928 6.44961e-06 -2.99737e-07
8.929 6.41313e-06 -3.19994e-07
8.93 6.3788e-06 -3.30893e-07
8.931 6.34783e-06 -3.31893e-07
8.932 6.32074e-06 -3.24169e-07
8.933 6.29727e-06 -3.10411e-07
8.934 6.27638e-06 -2.94368e-07
8.935 6.25648e-06 -2.80194e-07
8.936 6.23566e-06 -2.71732e-07
8.937 6.21206e-06 -2.71833e-07
8.938 6.18417e-06 -2.81858e-07
8.939 6.15113e-06 -3.01427e-07
8.94 6.11282e-06 -3.28476e-07
8.941 6.06998e-06 -3.59607e-07
8.942 6.024e-06 -3.90673e-07
8.943 5.97675e-06 -4.175e-07
8.944 5.93019e-06 -4.36615e-07
8.945 5.88611e-06 -4.4586e-07
8.946 5.84573e-06 -4.4478e-07
8.947 5.80956e-06 -4.34708e-07
8.948 5.77725e-06 -4.18554e-07
8.949 5.74768e-06 -4.00296e-07
8.95 5.71914e-06 -3.843e-07
8.951 5.68963e-06 -3.74553e-07
8.952 5.65718e-06 -3.73965e-07
8.953 5.62027e-06 -3.8385e-07
8.954 5.57802e-06 -4.03685e-07
8.955 5.53038e-06 -4.31187e-07
8.956 5.47817e-06 -4.627e-07
8.957 5.42291e-06 -4.9382e-07
8.958 5.36659e-06 -5.20166e-07
8.959 5.31129e-06 -5.38138e-07
8.96 5.25887e-06 -5.45561e-07
8.961 5.21059e-06 -5.42067e-07
8.962 5.16692e-06 -5.29183e-07
8.963 5.12746e-06 -5.10071e-07
8.964 5.09096e-06 -4.88994e-07
8.965 5.05559e-06 -4.70578e-07
8.966 5.01922e-06 -4.59009e-07
8.967 4.97978e-06 -4.57298e-07
8.968 4.93566e-06 -4.66748e-07
8.969 4.88598e-06 -4.86714e-07
8.97 4.83073e-06 -5.14697e-07
8.971 4.77081e-06 -5.46771e-07
8.972 4.70785e-06 -5.78249e-07
8.973 4.64397e-06 -6.04498e-07
8.974 4.5814e-06 -6.2174e-07
8.975 4.52207e-06 -6.27723e-07
8.976 4.46731e-06 -6.22115e-07
8.977 4.4176e-06 -6.06579e-07
8.978 4.3725e-06 -5.845e-07
8.979 4.33068e-06 -5.60405e-07
8.98 4.29018e-06 -5.39185e-07
8.981 4.24875e-06 -5.25255e-07
8.982 4.20423e-06 -5.21777e-07
8.983 4.1549e-06 -5.3011e-07
8.984 4.09983e-06 -5.49561e-07
8.985 4.03902e-06 -5.77495e-07
8.986 3.97341e-06 -6.09776e-07
8.987 3.90471e-06 -6.41483e-07
8.988 3.83515e-06 -6.67746e-07
8.989 3.76705e-06 -6.84601e-07
8.99 3.70245e-06 -6.89669e-07
8.991 3.64276e-06 -6.82582e-07
8.992 3.58848e-06 -6.65055e-07
8.993 3.53916e-06 -6.40595e-07
8.994 3.49345e-06 -6.13904e-07
8.995 3.44933e-06 -5.90074e-07
8.996 3.40444e-06 -5.73705e-07
8.997 3.35655e-06 -5.68113e-07
8.998 3.30386e-06 -5.74749e-07
8.999 3.2454e-06 -5.92946e-07
9 3.18112e-06 -6.20024e-07
9.001 3.11198e-06 -6.51754e-07
9.002 3.03971e-06 -6.83074e-07
9.003 2.96659e-06 -7.0897e-07
9.004 2.89501e-06 -7.25335e-07
9.005 2.82707e-06 -7.29683e-07
9.006 2.76422e-06 -7.21577e-07
9.007 2.70701e-06 -7.02713e-07
9.008 2.65502e-06 -6.76627e-07
9.009 2.60689e-06 -6.48089e-07
9.01 2.56057e-06 -6.2228e-07
9.011 2.51369e-06 -6.03902e-07
9.012 2.46396e-06 -5.96364e-07
9.013 2.40957e-06 -6.01191e-07
9.014 2.34947e-06 -6.17766e-07
9.015 2.28362e-06 -6.43427e-07
9.016 2.21295e-06 -6.73932e-07
9.017 2.13919e-06 -7.04189e-07
9.018 2.06461e-06 -7.29131e-07
9.019 1.99163e-06 -7.44594e-07
9.02 1.92237e-06 -7.48034e-07
9.021 1.8583e-06 -7.38967e-07
9.022 1.8e-06 -7.19049e-07
9.023 1.74705e-06 -6.91795e-07
9.024 1.69812e-06 -6.61968e-07
9.025 1.65117e-06 -6.34759e-07
9.026 1.60383e-06 -6.1489e-07
9.027 1.55381e-06 -6.05801e-07
9.028 1.49926e-06 -6.09054e-07
9.029 1.43916e-06 -6.2407e-07
9.03 1.37342e-06 -6.48225e-07
9.031 1.30296e-06 -6.77306e-07
9.032 1.22949e-06 -7.06239e-07
9.033 1.15529e-06 -7.29963e-07
9.034 1.08274e-06 -7.44307e-07
9.035 1.01397e-06 -7.46701e-07
9.036 9.5047e-07 -7.36625e-07
9.037 8.92832e-07 -7.15691e-07
9.038 8.4066e-07 -6.87368e-07
9.039 7.92633e-07 -6.56381e-07
9.04 7.46741e-07 -6.27896e-07
9.041 7.00626e-07 -6.0663e-07
9.042 6.51994e-07 -5.96042e-07
9.043 5.9901e-07 -5.97738e-07
9.044 5.40612e-07 -6.11196e-07
9.045 4.76695e-07 -6.33861e-07
9.046 4.08129e-07 -6.61586e-07
9.047 3.36609e-07 -6.89347e-07
9.048 2.64364e-07 -7.12106e-07
9.049 1.93776e-07 -7.25678e-07
9.05 1.26969e-07 -7.27444e-07
9.051 6.54506e-08 -7.16801e-07
9.052 9.85493e-09 -6.95259e-07
9.053 -4.01648e-08 -6.66179e-07
9.054 -8.58717e-08 -6.34192e-07
9.055 -1.29227e-07 -6.04405e-07
9.056 -1.7255e-07 -5.81525e-07
9.057 -2.18122e-07 -5.69054e-07
9.058 -2.67795e-07 -5.68698e-07
9.059 -3.22672e-07 -5.80076e-07
9.06 -3.82927e-07 -6.00795e-07
9.061 -4.47772e-07 -6.26866e-07
9.062 -5.15596e-07 -6.53388e-07
9.063 -5.84241e-07 -6.75388e-07
9.064 -6.51372e-07 -6.88672e-07
9.065 -7.14873e-07 -6.90533e-07
9.066 -7.73207e-07 -6.80207e-07
9.067 -8.25671e-07 -6.58994e-07
9.068 -8.72513e-07 -6.30027e-07
9.069 -9.14883e-07 -5.97729e-07
9.07 -9.54633e-07 -5.67059e-07
9.071 -9.93996e-07 -5.42658e-07
9.072 -1.0352e-06 -5.28071e-07
9.073 -1.08011e-06 -5.25145e-07
9.074 -1.12987e-06 -5.33731e-07
9.075 -1.18476e-06 -5.51719e-07
9.076 -1.24412e-06 -5.7541e-07
9.077 -1.30649e-06 -6.00155e-07
9.078 -1.36986e-06 -6.21149e-07
9.079 -1.43198e-06 -6.34245e-07
9.08 -1.49078e-06 -6.36656e-07
9.081 -1.54472e-06 -6.27409e-07
9.082 -1.59302e-06 -6.07504e-07
9.083 -1.63579e-06 -5.79722e-07
9.084 -1.67401e-06 -5.48142e-07
9.085 -1.70938e-06 -5.17439e-07
9.086 -1.74396e-06 -4.92091e-07
9.087 -1.77989e-06 -4.75618e-07
9.088 -1.81898e-06 -4.70003e-07
9.089 -1.86242e-06 -4.75371e-07
9.09 -1.9106e-06 -4.8998e-07
9.091 -1.96303e-06 -5.10544e-07
9.092 -2.01844e-06 -5.32796e-07
9.093 -2.07499e-06 -5.52224e-07
9.094 -2.13062e-06 -5.64833e-07
9.095 -2.18337e-06 -5.67815e-07
9.096 -2.23171e-06 -5.60005e-07
9.097 -2.27479e-06 -5.42065e-07
9.098 -2.31261e-06 -5.16349e-07
9.099 -2.34596e-06 -4.86481e-07
9.1 -2.37629e-06 -4.56735e-07
9.101 -2.4055e-06 -4.31305e-07
9.102 -2.43554e-06 -4.13593e-07
9.103 -2.46815e-06 -4.05656e-07
9.104 -2.50451e-06 -4.07866e-07
9.105 -2.54509e-06 -4.18878e-07
9.106 -2.58957e-06 -4.35873e-07
9.107 -2.63688e-06 -4.55058e-07
9.108 -2.68543e-06 -4.72316e-07
9.109 -2.73336e-06 -4.83905e-07
9.11 -2.77884e-06 -4.87086e-07
9.111 -2.82042e-06 -4.80568e-07
9.112 -2.85725e-06 -4.64707e-07
9.113 -2.88919e-06 -4.41426e-07
9.114 -2.91686e-06 -4.13862e-07
9.115 -2.94151e-06 -3.85828e-07
9.116 -2.96479e-06 -3.61155e-07
9.117 -2.98849e-06 -3.43048e-07
9.118 -3.01419e-06 -3.33553e-07
9.119 -3.04306e-06 -3.33229e-07
9.12 -3.07562e-06 -3.41077e-07
9.121 -3.11166e-06 -3.54726e-07
9.122 -3.15033e-06 -3.70856e-07
9.123 -3.19024e-06 -3.8577e-07
9.124 -3.22973e-06 -3.96021e-07
9.125 -3.26715e-06 -3.98995e-07
9.126 -3.30113e-06 -3.93333e-07
9.127 -3.33082e-06 -3.79152e-07
9.128 -3.35601e-06 -3.58e-07
9.129 -3.37716e-06 -3.32575e-07
9.13 -3.39533e-06 -3.06262e-07
9.131 -3.41199e-06 -2.82549e-07
9.132 -3.42873e-06 -2.6444e-07
9.133 -3.44705e-06 -2.53954e-07
9.134 -3.46806e-06 -2.51801e-07
9.135 -3.49232e-06 -2.57277e-07
9.136 -3.51976e-06 -2.68399e-07
9.137 -3.54967e-06 -2.82253e-07
9.138 -3.58086e-06 -2.95496e-07
9.139 -3.61182e-06 -3.04922e-07
9.14 -3.64105e-06 -3.07996e-07
9.141 -3.66723e-06 -3.03273e-07
9.142 -3.68948e-06 -2.90628e-07
9.143 -3.70751e-06 -2.7126e-07
9.144 -3.72164e-06 -2.47482e-07
9.145 -3.73275e-06 -2.22318e-07
9.146 -3.74213e-06 -1.98997e-07
9.147 -3.75126e-06 -1.80407e-07
9.148 -3.76156e-06 -1.68621e-07
9.149 -3.77414e-06 -1.64561e-07
9.15 -3.78966e-06 -1.67855e-07
9.151 -3.80816e-06 -1.76913e-07
9.152 -3.82915e-06 -1.89203e-07
9.153 -3.85159e-06 -2.01679e-07
9.154 -3.87416e-06 -2.11291e-07
9.155 -3.89541e-06 -2.15488e-07
9.156 -3.91407e-06 -2.12635e-07
9.157 -3.92918e-06 -2.02273e-07
9.158 -3.94032e-06 -1.85184e-07
9.159 -3.9476e-06 -1.63249e-07
9.16 -3.95171e-06 -1.39127e-07
9.161 -3.95374e-06 -1.15816e-07
9.162 -3.95505e-06 -9.61528e-08
9.163 -3.95699e-06 -8.23524e-08
9.164 -3.96074e-06 -7.56536e-08
9.165 -3.96706e-06 -7.61253e-08
9.166 -3.97622e-06 -8.26683e-08
9.167 -3.98792e-06 -9.32061e-08
9.168 -4.00138e-06 -1.05034e-07
9.169 -4.01546e-06 -1.15266e-07
9.17 -4.02883e-06 -1.21306e-07
9.171 -4.04021e-06 -1.21263e-07
9.172 -4.04859e-06 -1.14256e-07
9.173 -4.05334e-06 -1.00541e-07
9.174 -4.05435e-06 -8.1457e-08
9.175 -4.05206e-06 -5.91992e-08
9.176 -4.04731e-06 -3.6453e-08
9.177 -4.04127e-06 -1.5955e-08
9.178 -4.03522e-06 -5.09592e-11
9.179 -4.03034e-06 9.67798e-09
9.18 -4.02753e-06 1.26603e-08
9.181 -4.02726e-06 9.41396e-09
9.182 -4.02951e-06 1.44891e-09
9.183 -4.03378e-06 -8.98811e-09
9.184 -4.03916e-06 -1.92846e-08
9.185 -4.04449e-06 -2.68869e-08
9.186 -4.04858e-06 -2.97102e-08
9.187 -4.05035e-06 -2.64669e-08
9.188 -4.04903e-06 -1.68633e-08
9.189 -4.04429e-06 -1.63318e-09
9.19 -4.03627e-06 1.75938e-08
9.191 -4.02554e-06 3.85659e-08
9.192 -4.01305e-06 5.87789e-08
9.193 -3.99992e-06 7.5882e-08
9.194 -3.98727e-06 8.80522e-08
9.195 -3.97608e-06 9.42798e-08
9.196 -3.96699e-06 9.45183e-08
9.197 -3.9602e-06 8.96782e-08
9.198 -3.9555e-06 8.14664e-08
9.199 -3.95225e-06 7.21006e-08
9.2 -3.94952e-06 6.39453e-08
9.201 -3.94623e-06 5.91294e-08
9.202 -3.94134e-06 5.92075e-08
9.203 -3.93402e-06 6.49183e-08
9.204 -3.92375e-06 7.60782e-08
9.205 -3.91044e-06 9.16245e-08
9.206 -3.89441e-06 1.09801e-07
9.207 -3.87635e-06 1.28449e-07
9.208 -3.85719e-06 1.45367e-07
9.209 -3.83794e-06 1.58661e-07
9.21 -3.81957e-06 1.67049e-07
9.211 -3.80279e-06 1.70058e-07
9.212 -3.78798e-06 1.68087e-07
9.213 -3.77514e-06 1.62329e-07
9.214 -3.76386e-06 1.54565e-07
9.215 -3.75344e-06 1.46864e-07
9.216 -3.74297e-06 1.41245e-07
9.217 -3.7315e-06 1.39346e-07
9.218 -3.71821e-06 1.42163e-07
9.219 -3.70249e-06 1.49902e-07
9.22 -3.68412e-06 1.61952e-07
9.221 -3.66322e-06 1.77004e-07
9.222 -3.64026e-06 1.93271e-07
9.223 -3.61601e-06 2.08794e-07
9.224 -3.59133e-06 2.21762e-07
9.225 -3.56711e-06 2.30811e-07
9.226 -3.54406e-06 2.35241e-07
9.227 -3.52264e-06 2.35118e-07
9.228 -3.50296e-06 2.31255e-07
9.229 -3.48479e-06 2.25064e-07
9.23 -3.46758e-06 2.18314e-07
9.231 -3.45058e-06 2.12827e-07
9.232 -3.43296e-06 2.1018e-07
9.233 -3.41394e-06 2.11441e-07
9.234 -3.39293e-06 2.16999e-07
9.235 -3.36965e-06 2.26509e-07
9.236 -3.34412e-06 2.38959e-07
9.237 -3.3167e-06 2.52851e-07
9.238 -3.288e-06 2.66456e-07
9.239 -3.2588e-06 2.78111e-07
9.24 -3.22989e-06 2.86498e-07
9.241 -3.20194e-06 2.90864e-07
9.242 -3.1754e-06 2.91138e-07
9.243 -3.15044e-06 2.87941e-07
9.244 -3.12688e-06 2.8247e-07
9.245 -3.10427e-06 2.76288e-07
9.246 -3.08194e-06 2.71058e-07
9.247 -3.05914e-06 2.68254e-07
9.248 -3.03515e-06 2.68914e-07
9.249 -3.00941e-06 2.73463e-07
9.25 -2.98163e-06 2.8165e-07
9.251 -2.95182e-06 2.92589e-07
9.252 -2.92028e-06 3.04918e-07
9.253 -2.8876e-06 3.17038e-07
9.254 -2.85447e-06 3.27381e-07
9.255 -2.82165e-06 3.34686e-07
9.256 -2.78978e-06 3.38211e-07
9.257 -2.75931e-06 3.37859e-07
9.258 -2.73039e-06 3.34191e-07
9.259 -2.70287e-06 3.28331e-07
9.26 -2.67632e-06 3.21769e-07
9.261 -2.65011e-06 3.16104e-07
9.262 -2.6235e-06 3.12774e-07
9.263 -2.5958e-06 3.12801e-07
9.264 -2.56645e-06 3.16626e-07
9.265 -2.53515e-06 3.24026e-07
9.266 -2.5019e-06 3.34156e-07
9.267 -2.467e-06 3.45696e-07
9.268 -2.43099e-06 3.57072e-07
9.269 -2.39459e-06 3.66732e-07
9.27 -2.35853e-06 3.73405e-07
9.271 -2.32347e-06 3.76321e-07
9.272 -2.28987e-06 3.75342e-07
9.273 -2.25789e-06 3.70987e-07
9.274 -2.22742e-06 3.64337e-07
9.275 -2.19805e-06 3.56857e-07
9.276 -2.16915e-06 3.50143e-07
9.277 -2.14e-06 3.45654e-07
9.278 -2.10989e-06 3.44457e-07
9.279 -2.07825e-06 3.47056e-07
9.28 -2.04475e-06 3.53301e-07
9.281 -2.00934e-06 3.62417e-07
9.282 -1.97229e-06 3.7314e-07
9.283 -1.93412e-06 3.83925e-07
9.284 -1.89549e-06 3.93216e-07
9.285 -1.85717e-06 3.99703e-07
9.286 -1.8198e-06 4.02546e-07
9.287 -1.78387e-06 4.0151e-07
9.288 -1.74961e-06 3.97006e-07
9.289 -1.71695e-06 3.90015e-07
9.29 -1.68553e-06 3.81919e-07
9.291 -1.65477e-06 3.74268e-07
9.292 -1.624e-06 3.68519e-07
9.293 -1.59249e-06 3.65787e-07
9.294 -1.55969e-06 3.66667e-07
9.295 -1.52522e-06 3.71136e-07
9.296 -1.48897e-06 3.78562e-07
9.297 -1.45115e-06 3.8782e-07
9.298 -1.41219e-06 3.97482e-07
9.299 -1.37271e-06 4.06061e-07
9.3 -1.33339e-06 4.12261e-07
9.301 -1.2949e-06 4.15192e-07
9.302 -1.25771e-06 4.14511e-07
9.303 -1.22209e-06 4.10472e-07
9.304 -1.18804e-06 4.03876e-07
9.305 -1.15529e-06 3.95927e-07
9.306 -1.12336e-06 3.88024e-07
9.307 -1.09164e-06 3.81527e-07
9.308 -1.05949e-06 3.77527e-07
9.309 -1.02636e-06 3.76671e-07
9.31 -9.91884e-07 3.79063e-07
9.311 -9.55906e-07 3.84258e-07
9.312 -9.18541e-07 3.91348e-07
9.313 -8.80128e-07 3.99122e-07
9.314 -8.41176e-07 4.06276e-07
9.315 -8.02272e-07 4.11635e-07
9.316 -7.63986e-07 4.1434e-07
9.317 -7.26777e-07 4.13989e-07
9.318 -6.90918e-07 4.10688e-07
9.319 -6.56455e-07 4.05021e-07
9.32 -6.23214e-07 3.9794e-07
9.321 -5.90829e-07 3.90593e-07
9.322 -5.58815e-07 3.8413e-07
9.323 -5.26651e-07 3.79507e-07
9.324 -4.93869e-07 3.77338e-07
9.325 -4.6013e-07 3.778e-07
9.326 -4.25279e-07 3.80622e-07
9.327 -3.89363e-07 3.8514e-07
9.328 -3.52616e-07 3.90431e-07
9.329 -3.15414e-07 3.95468e-07
9.33 -2.78207e-07 3.99303e-07
9.331 -2.41444e-07 4.01218e-07
9.332 -2.05493e-07 4.00835e-07
9.333 -1.7059e-07 3.9817e-07
9.334 -1.36802e-07 3.93608e-07
9.335 -1.04025e-07 3.87825e-07
9.336 -7.2012e-08 3.8166e-07
9.337 -4.04193e-08 3.75967e-07
9.338 -8.87213e-09 3.7147e-07
9.339 2.29716e-08 3.68648e-07
9.34 5.53644e-08 3.67669e-07
9.341 8.84305e-08 3.68374e-07
9.342 1.22152e-07 3.70326e-07
9.343 1.5638e-07 3.72895e-07
9.344 1.90864e-07 3.75381e-07
9.345 2.25306e-07 3.77134e-07
9.346 2.59407e-07 3.77664e-07
9.347 2.92921e-07 3.76712e-07
9.348 3.25695e-07 3.7428e-07
9.349 3.57683e-07 3.70619e-07
9.35 3.8895e-07 3.6616e-07
9.351 4.19651e-07 3.61435e-07
9.352 4.49998e-07 3.56971e-07
9.353 4.80213e-07 3.53205e-07
9.354 5.10497e-07 3.50408e-07
9.355 5.40985e-07 3.48655e-07
9.356 5.71736e-07 3.47822e-07
9.357 6.02722e-07 3.4763e-07
9.358 6.33843e-07 3.47704e-07
9.359 6.6495e-07 3.47649e-07
9.36 6.95876e-07 3.47128e-07
9.361 7.26468e-07 3.45913e-07
9.362 7.56615e-07 3.43921e-07
9.363 7.86262e-07 3.41218e-07
9.364 8.15418e-07 3.3799e-07
9.365 8.44144e-07 3.34499e-07
9.366 8.7254e-07 3.31024e-07
9.367 9.00715e-07 3.27803e-07
9.368 9.28769e-07 3.24991e-07
9.369 9.56769e-07 3.22637e-07
9.37 9.84739e-07 3.20677e-07
9.371 1.01266e-06 3.18964e-07
9.372 1.04046e-06 3.173e-07
9.373 1.06807e-06 3.15487e-07
9.374 1.09539e-06 3.13367e-07
9.375 1.12236e-06 3.10858e-07
9.376 1.14893e-06 3.07967e-07
9.377 1.17511e-06 3.04786e-07
9.378 1.20093e-06 3.01469e-07
9.379 1.22645e-06 2.98196e-07
9.38 1.25176e-06 2.9513e-07
9.381 1.27693e-06 2.92383e-07
9.382 1.302e-06 2.89988e-07
9.383 1.327e-06 2.87893e-07
9.384 1.3519e-06 2.8597e-07
9.385 1.37663e-06 2.84042e-07
9.386 1.40113e-06 2.81921e-07
9.387 1.4253e-06 2.79446e-07
9.388 1.44905e-06 2.76521e-07
9.389 1.47233e-06 2.73133e-07
9.39 1.49514e-06 2.69359e-07
9.391 1.51749e-06 2.65352e-07
9.392 1.53945e-06 2.61309e-07
9.393 1.5611e-06 2.57436e-07
9.394 1.58254e-06 2.53904e-07
9.395 1.60386e-06 2.50817e-07
9.396 1.6251e-06 2.4819e-07
9.397 1.64628e-06 2.45947e-07
9.398 1.66737e-06 2.43933e-07
9.399 1.68832e-06 2.41948e-07
9.4 1.70903e-06 2.39785e-07
9.401 1.7294e-06 2.37269e-07
9.402 1.74936e-06 2.34291e-07
9.403 1.76884e-06 2.30831e-07
9.404 1.78781e-06 2.26958e-07
9.405 1.80631e-06 2.22814e-07
9.406 1.82438e-06 2.18588e-07
9.407 1.84211e-06 2.14474e-07
9.408 1.85958e-06 2.10635e-07
9.409 1.87685e-06 2.07168e-07
9.41 1.89399e-06 2.04087e-07
9.411 1.911e-06 2.01325e-07
9.412 1.92786e-06 1.98745e-07
9.413 1.9445e-06 1.96177e-07
9.414 1.96086e-06 1.9345e-07
9.415 1.97686e-06 1.90431e-07
9.416 1.99244e-06 1.87054e-07
9.417 2.00756e-06 1.83337e-07
9.418 2.02223e-06 1.79374e-07
9.419 2.03649e-06 1.75316e-07
9.42 2.05041e-06 1.71337e-07
9.421 2.06406e-06 1.67598e-07
9.422 2.07752e-06 1.64203e-07
9.423 2.09084e-06 1.61179e-07
9.424 2.10403e-06 1.5846e-07
9.425 2.11706e-06 1.55903e-07
9.426 2.12986e-06 1.5331e-07
9.427 2.14234e-06 1.50474e-07
9.428 2.1544e-06 1.4722e-07
9.429 2.16595e-06 1.43449e-07
9.43 2.17693e-06 1.39164e-07
9.431 2.18734e-06 1.34482e-07
9.432 2.19723e-06 1.29613e-07
9.433 2.2067e-06 1.24826e-07
9.434 2.21587e-06 1.204e-07
9.435 2.22489e-06 1.16564e-07
9.436 2.23387e-06 1.13449e-07
9.437 2.2429e-06 1.11055e-07
9.438 2.25197e-06 1.09238e-07
9.439 2.26105e-06 1.07731e-07
9.44 2.27001e-06 1.06182e-07
9.441 2.27868e-06 1.04225e-07
9.442 2.28688e-06 1.01541e-07
9.443 2.29444e-06 9.79271e-08
9.444 2.30126e-06 9.33398e-08
9.445 2.30728e-06 8.79159e-08
9.446 2.31255e-06 8.19558e-08
9.447 2.31719e-06 7.58779e-08
9.448 2.32141e-06 7.01466e-08
9.449 2.32542e-06 6.519e-08
9.45 2.32943e-06 6.13183e-08
9.451 2.33363e-06 5.86612e-08
9.452 2.33809e-06 5.71355e-08
9.453 2.34282e-06 5.64506e-08
9.454 2.3477e-06 5.61517e-08
9.455 2.35254e-06 5.56958e-08
9.456 2.35707e-06 5.45461e-08
9.457 2.36104e-06 5.22695e-08
9.458 2.36422e-06 4.86188e-08
9.459 2.36646e-06 4.35842e-08
9.46 2.36772e-06 3.74035e-08
9.461 2.36808e-06 3.05283e-08
9.462 2.36772e-06 2.355e-08
9.463 2.36692e-06 1.70985e-08
9.464 2.36597e-06 1.1731e-08
9.465 2.36515e-06 7.83026e-09
9.466 2.36468e-06 5.53169e-09
9.467 2.36467e-06 4.69234e-09
9.468 2.36509e-06 4.90931e-09
9.469 2.36578e-06 5.58501e-09
9.47 2.36649e-06 6.02887e-09
9.471 2.36691e-06 5.57807e-09
9.472 2.36671e-06 3.71597e-09
9.473 2.36561e-06 1.67092e-10
9.474 2.36346e-06 -5.04899e-09
9.475 2.36022e-06 -1.16153e-08
9.476 2.35599e-06 -1.89683e-08
9.477 2.351e-06 -2.63933e-08
9.478 2.34558e-06 -3.31486e-08
9.479 2.34007e-06 -3.85972e-08
9.48 2.3348e-06 -4.2321e-08
9.481 2.33001e-06 -4.41987e-08
9.482 2.3258e-06 -4.44312e-08
9.483 2.32212e-06 -4.35111e-08
9.484 2.31879e-06 -4.21383e-08
9.485 2.31551e-06 -4.10987e-08
9.486 2.31191e-06 -4.11252e-08
9.487 2.30764e-06 -4.27668e-08
9.488 2.30242e-06 -4.62882e-08
9.489 2.29607e-06 -5.16198e-08
9.49 2.28859e-06 -5.83659e-08
9.491 2.2801e-06 -6.58715e-08
9.492 2.27089e-06 -7.33363e-08
9.493 2.26131e-06 -7.99557e-08
9.494 2.25174e-06 -8.50642e-08
9.495 2.24254e-06 -8.82554e-08
9.496 2.23392e-06 -8.94575e-08
9.497 2.22598e-06 -8.8949e-08
9.498 2.21864e-06 -8.73133e-08
9.499 2.21166e-06 -8.53369e-08
9.5 2.20472e-06 -8.38714e-08
9.501 2.19741e-06 -8.36825e-08
9.502 2.18936e-06 -8.5312e-08
9.503 2.18027e-06 -8.89788e-08
9.504 2.17001e-06 -9.45368e-08
9.505 2.15859e-06 -1.01497e-07
9.506 2.14619e-06 -1.09111e-07
9.507 2.13312e-06 -1.16502e-07
9.508 2.11979e-06 -1.22817e-07
9.509 2.10661e-06 -1.27384e-07
9.51 2.09393e-06 -1.29827e-07
9.511 2.08197e-06 -1.30139e-07
9.512 2.07081e-06 -1.28689e-07
9.513 2.06031e-06 -1.26155e-07
9.514 2.05021e-06 -1.23411e-07
9.515 2.04013e-06 -1.21374e-07
9.516 2.02963e-06 -1.20843e-07
9.517 2.01833e-06 -1.22352e-07
9.518 2.00592e-06 -1.26082e-07
9.519 1.99227e-06 -1.31818e-07
9.52 1.97742e-06 -1.38989e-07
9.521 1.96159e-06 -1.4676e-07
9.522 1.94513e-06 -1.5418e-07
9.523 1.92848e-06 -1.60347e-07
9.524 1.91208e-06 -1.64563e-07
9.525 1.89629e-06 -1.66461e-07
9.526 1.88136e-06 -1.66066e-07
9.527 1.86732e-06 -1.63798e-07
9.528 1.85407e-06 -1.60399e-07
9.529 1.84128e-06 -1.56804e-07
9.53 1.82857e-06 -1.53983e-07
9.531 1.81546e-06 -1.52772e-07
9.532 1.80156e-06 -1.5373e-07
9.533 1.78654e-06 -1.57037e-07
9.534 1.77027e-06 -1.6247e-07
9.535 1.75278e-06 -1.69435e-07
9.536 1.73428e-06 -1.77072e-07
9.537 1.71515e-06 -1.84401e-07
9.538 1.69583e-06 -1.90491e-07
9.539 1.67677e-06 -1.9462e-07
9.54 1.65835e-06 -1.96395e-07
9.541 1.64081e-06 -1.95821e-07
9.542 1.62422e-06 -1.93297e-07
9.543 1.60847e-06 -1.89545e-07
9.544 1.59327e-06 -1.85484e-07
9.545 1.57824e-06 -1.82076e-07
9.546 1.56293e-06 -1.80158e-07
9.547 1.54692e-06 -1.803e-07
9.548 1.52992e-06 -1.82717e-07
9.549 1.51175e-06 -1.87227e-07
9.55 1.49244e-06 -1.93293e-07
9.551 1.47218e-06 -2.00118e-07
9.552 1.4513e-06 -2.06778e-07
9.553 1.43021e-06 -2.12391e-07
9.554 1.40932e-06 -2.16255e-07
9.555 1.38901e-06 -2.17975e-07
9.556 1.3695e-06 -2.17518e-07
9.557 1.35088e-06 -2.15215e-07
9.558 1.33307e-06 -2.11702e-07
9.559 1.31581e-06 -2.07801e-07
9.56 1.29877e-06 -2.04381e-07
9.561 1.28155e-06 -2.02203e-07
9.562 1.26379e-06 -2.01801e-07
9.563 1.24521e-06 -2.03387e-07
9.564 1.22564e-06 -2.06824e-07
9.565 1.20511e-06 -2.11659e-07
9.566 1.18377e-06 -2.17202e-07
9.567 1.16191e-06 -2.22653e-07
9.568 1.13987e-06 -2.27239e-07
9.569 1.11801e-06 -2.30348e-07
9.57 1.09666e-06 -2.31629e-07
9.571 1.07601e-06 -2.3105e-07
9.572 1.05614e-06 -2.28891e-07
9.573 1.03698e-06 -2.25697e-07
9.574 1.01831e-06 -2.22172e-07
9.575 9.99838e-07 -2.19058e-07
9.576 9.81237e-07 -2.17006e-07
9.577 9.6219e-07 -2.16463e-07
9.578 9.42463e-07 -2.17601e-07
9.579 9.21933e-07 -2.20294e-07
9.58 9.00614e-07 -2.24141e-07
9.581 8.7865e-07 -2.28542e-07
9.582 8.56289e-07 -2.32809e-07
9.583 8.33839e-07 -2.36281e-07
9.584 8.11613e-07 -2.38441e-07
9.585 7.89876e-07 -2.39001e-07
9.586 7.68802e-07 -2.37952e-07
9.587 7.48442e-07 -2.35558e-07
9.588 7.28721e-07 -2.32306e-07
9.589 7.0945e-07 -2.28825e-07
9.59 6.90362e-07 -2.25768e-07
9.591 6.71159e-07 -2.23706e-07
9.592 6.51561e-07 -2.23029e-07
9.593 6.31361e-07 -2.23878e-07
9.594 6.10452e-07 -2.26126e-07
9.595 5.88853e-07 -2.29403e-07
9.596 5.66698e-07 -2.33157e-07
9.597 5.44221e-07 -2.36752e-07
9.598 5.21708e-07 -2.39575e-07
9.599 4.99456e-07 -2.4114e-07
9.6 4.77719e-07 -2.41171e-07
9.601 4.56668e-07 -2.39644e-07
9.602 4.36361e-07 -2.36796e-07
9.603 4.16735e-07 -2.3308e-07
9.604 3.97616e-07 -2.29094e-07
9.605 3.78748e-07 -2.25477e-07
9.606 3.59837e-07 -2.22806e-07
9.607 3.40597e-07 -2.215e-07
9.608 3.20802e-07 -2.21751e-07
9.609 3.00318e-07 -2.2349e-07
9.61 2.79131e-07 -2.26399e-07
9.611 2.57347e-07 -2.29959e-07
9.612 2.3518e-07 -2.33537e-07
9.613 2.12913e-07 -2.36483e-07
9.614 1.9086e-07 -2.3824e-07
9.615 1.69309e-07 -2.3843e-07
9.616 1.48485e-07 -2.36918e-07
9.617 1.28503e-07 -2.33838e-07
9.618 1.09357e-07 -2.29573e-07
9.619 9.09164e-08 -2.24696e-07
9.62 7.2945e-08 -2.19885e-07
9.621 5.51377e-08 -2.15812e-07
9.622 3.71681e-08 -2.13043e-07
9.623 1.87396e-08 -2.11943e-07
9.624 -3.66881e-10 -2.12615e-07
9.625 -2.02569e-08 -2.14881e-07
9.626 -4.0903e-08 -2.18306e-07
9.627 -6.21465e-08 -2.22257e-07
9.628 -8.37189e-08 -2.26002e-07
9.629 -1.05281e-07 -2.28821e-07
9.63 -1.26475e-07 -2.30118e-07
9.631 -1.46978e-07 -2.29518e-07
9.632 -1.66553e-07 -2.26931e-07
9.633 -1.85091e-07 -2.2257e-07
9.634 -2.02626e-07 -2.16928e-07
9.635 -2.19336e-07 -2.1071e-07
9.636 -2.35518e-07 -2.04723e-07
9.637 -2.51546e-07 -1.99757e-07
9.638 -2.6781e-07 -1.9646e-07
9.639 -2.84661e-07 -1.95231e-07
9.64 -3.02348e-07 -1.96155e-07
9.641 -3.20983e-07 -1.98974e-07
9.642 -3.40511e-07 -2.03125e-07
9.643 -3.60721e-07 -2.07813e-07
9.644 -3.81271e-07 -2.12135e-07
9.645 -4.01736e-07 -2.15215e-07
9.646 -4.21677e-07 -2.16347e-07
9.647 -4.40705e-07 -2.15107e-07
9.648 -4.5855e-07 -2.11434e-07
9.649 -4.75099e-07 -2.05648e-07
9.65 -4.90427e-07 -1.98411e-07
9.651 -5.04783e-07 -1.90632e-07
9.652 -5.18562e-07 -1.83328e-07
9.653 -5.32239e-07 -1.77466e-07
9.654 -5.46298e-07 -1.73805e-07
9.655 -5.61156e-07 -1.72769e-07
9.656 -5.77088e-07 -1.74368e-07
9.657 -5.94184e-07 -1.78184e-07
9.658 -6.12327e-07 -1.83426e-07
9.659 -6.31202e-07 -1.89049e-07
9.66 -6.50349e-07 -1.93916e-07
9.661 -6.69227e-07 -1.96981e-07
9.662 -6.87304e-07 -1.97462e-07
9.663 -7.04143e-07 -1.94976e-07
9.664 -7.19477e-07 -1.89615e-07
9.665 -7.33254e-07 -1.81941e-07
9.666 -7.45655e-07 -1.7291e-07
9.667 -7.57068e-07 -1.63718e-07
9.668 -7.68029e-07 -1.55616e-07
9.669 -7.79134e-07 -1.49701e-07
9.67 -7.90946e-07 -1.46729e-07
9.671 -8.03897e-07 -1.46982e-07
9.672 -8.18211e-07 -1.50206e-07
9.673 -8.33864e-07 -1.55647e-07
9.674 -8.50583e-07 -1.62156e-07
9.675 -8.67881e-07 -1.68381e-07
9.676 -8.85139e-07 -1.72985e-07
9.677 -9.01704e-07 -1.74872e-07
9.678 -9.17e-07 -1.73382e-07
9.679 -9.30628e-07 -1.68409e-07
9.68 -9.42435e-07 -1.60432e-07
9.681 -9.52549e-07 -1.50451e-07
9.682 -9.6136e-07 -1.39825e-07
9.683 -9.6946e-07 -1.30047e-07
9.684 -9.77549e-07 -1.22498e-07
9.685 -9.8631e-07 -1.18201e-07
9.686 -9.963e-07 -1.17642e-07
9.687 -1.00785e-06 -1.20672e-07
9.688 -1.02098e-06 -1.26519e-07
9.689 -1.03544e-06 -1.33909e-07
9.69 -1.05069e-06 -1.41271e-07
9.691 -1.06602e-06 -1.47005e-07
9.692 -1.08067e-06 -1.49758e-07
9.693 -1.09393e-06 -1.48662e-07
9.694 -1.10532e-06 -1.43501e-07
9.695 -1.11461e-06 -1.34756e-07
9.696 -1.12192e-06 -1.23544e-07
9.697 -1.12769e-06 -1.11435e-07
9.698 -1.1326e-06 -1.00188e-07
9.699 -1.13746e-06 -9.14516e-08
9.7 -1.14309e-06 -8.64694e-08
9.701 -1.15016e-06 -8.58557e-08
9.702 -1.15906e-06 -8.94726e-08
9.703 -1.16985e-06 -9.6436e-08
9.704 -1.18222e-06 -1.05253e-07
9.705 -1.19555e-06 -1.14069e-07
9.706 -1.209e-06 -1.20983e-07
9.707 -1.22165e-06 -1.24384e-07
9.708 -1.23268e-06 -1.23236e-07
9.709 -1.24151e-06 -1.17278e-07
9.71 -1.24786e-06 -1.07085e-07
9.711 -1.25191e-06 -9.39924e-08
9.712 -1.25415e-06 -7.98774e-08
9.713 -1.25542e-06 -6.6843e-08
9.714 -1.2567e-06 -5.68551e-08
9.715 -1.25895e-06 -5.13931e-08
9.716 -1.26298e-06 -5.11782e-08
9.717 -1.26924e-06 -5.60277e-08
9.718 -1.27781e-06 -6.48642e-08
9.719 -1.2883e-06 -7.58826e-08
9.72 -1.29996e-06 -8.68481e-08
9.721 -1.31177e-06 -9.5478e-08
9.722 -1.32263e-06 -9.98404e-08
9.723 -1.33156e-06 -9.8702e-08
9.724 -1.33784e-06 -9.17617e-08
9.725 -1.34118e-06 -7.97261e-08
9.726 -1.34175e-06 -6.42115e-08
9.727 -1.34019e-06 -4.74832e-08
9.728 -1.33748e-06 -3.20753e-08
9.729 -1.33482e-06 -2.03545e-08
9.73 -1.33337e-06 -1.41025e-08
9.731 -1.33409e-06 -1.41909e-08
9.732 -1.33756e-06 -2.04075e-08
9.733 -1.34385e-06 -3.14674e-08
9.734 -1.35252e-06 -4.52119e-08
9.735 -1.36266e-06 -5.89647e-08
9.736 -1.37307e-06 -6.99852e-08
9.737 -1.38243e-06 -7.59447e-08
9.738 -1.38955e-06 -7.53406e-08
9.739 -1.39357e-06 -6.77757e-08
9.74 -1.39411e-06 -5.40522e-08
9.741 -1.39135e-06 -3.60581e-08
9.742 -1.38603e-06 -1.64632e-08
9.743 -1.37931e-06 1.72753e-09
9.744 -1.37258e-06 1.56876e-08
9.745 -1.36724e-06 2.32628e-08
9.746 -1.36443e-06 2.33575e-08
9.747 -1.36487e-06 1.61458e-08
9.748 -1.36869e-06 3.06613e-09
9.749 -1.37541e-06 -1.34027e-08
9.75 -1.38401e-06 -3.01506e-08
9.751 -1.39309e-06 -4.39615e-08
9.752 -1.40114e-06 -5.2067e-08
9.753 -1.40673e-06 -5.26327e-08
9.754 -1.40883e-06 -4.50909e-08
9.755 -1.40695e-06 -3.02614e-08
9.756 -1.40125e-06 -1.02335e-08
9.757 -1.39251e-06 1.19728e-08
9.758 -1.38204e-06 3.29115e-08
9.759 -1.37141e-06 4.92976e-08
9.76 -1.36224e-06 5.85753e-08
9.761 -1.35587e-06 5.93692e-08
9.762 -1.35317e-06 5.17391e-08
9.763 -1.35436e-06 3.71908e-08
9.764 -1.35896e-06 1.84382e-08
9.765 -1.36588e-06 -1.04622e-09
9.766 -1.37359e-06 -1.7618e-08
9.767 -1.38036e-06 -2.80847e-08
9.768 -1.38459e-06 -3.02606e-08
9.769 -1.38506e-06 -2.33552e-08
9.77 -1.38115e-06 -8.12663e-09
9.771 -1.37296e-06 1.32293e-08
9.772 -1.3613e-06 3.74391e-08
9.773 -1.34755e-06 6.07008e-08
9.774 -1.33343e-06 7.93305e-08
9.775 -1.32073e-06 9.03957e-08
9.776 -1.31099e-06 9.22269e-08
9.777 -1.30521e-06 8.47165e-08
9.778 -1.30373e-06 6.93537e-08
9.779 -1.30609e-06 4.89844e-08
9.78 -1.31119e-06 2.73359e-08
9.781 -1.31739e-06 8.38571e-09
9.782 -1.32284e-06 -4.3178e-09
9.783 -1.32577e-06 -8.26809e-09
9.784 -1.32481e-06 -2.43862e-09
9.785 -1.31922e-06 1.25292e-08
9.786 -1.30902e-06 3.44229e-08
9.787 -1.29499e-06 5.98269e-08
9.788 -1.27855e-06 8.46991e-08
9.789 -1.26153e-06 1.0506e-07
9.79 -1.24583e-06 1.17673e-07
9.791 -1.23312e-06 1.20611e-07
9.792 -1.22453e-06 1.13584e-07
9.793 -1.22049e-06 9.80079e-08
9.794 -1.22062e-06 7.67674e-08
9.795 -1.2238e-06 5.37282e-08
9.796 -1.22836e-06 3.30806e-08
9.797 -1.23237e-06 1.86212e-08
9.798 -1.23396e-06 1.31001e-08
9.799 -1.23165e-06 1.77443e-08
9.8 -1.2246e-06 3.20402e-08
9.801 -1.21275e-06 5.38154e-08
9.802 -1.19686e-06 7.96046e-08
9.803 -1.17836e-06 1.05241e-07
9.804 -1.15909e-06 1.26567e-07
9.805 -1.14103e-06 1.40152e-07
9.806 -1.12594e-06 1.43882e-07
9.807 -1.11503e-06 1.37326e-07
9.808 -1.1088e-06 1.21816e-07
9.809 -1.10691e-06 1.00224e-07
9.81 -1.10828e-06 7.64682e-08
9.811 -1.11121e-06 5.48453e-08
9.812 -1.11375e-06 3.92909e-08
9.813 -1.11397e-06 3.27012e-08
9.814 -1.11032e-06 3.6433e-08
9.815 -1.10191e-06 5.00667e-08
9.816 -1.08864e-06 7.14757e-08
9.817 -1.07124e-06 9.71888e-08
9.818 -1.05111e-06 1.22986e-07
9.819 -1.03012e-06 1.44625e-07
9.82 -1.0103e-06 1.58569e-07
9.821 -9.93413e-07 1.62601e-07
9.822 -9.80745e-07 1.56206e-07
9.823 -9.72823e-07 1.40662e-07
9.824 -9.69343e-07 1.1882e-07
9.825 -9.69221e-07 9.46211e-08
9.826 -9.70779e-07 7.24112e-08
9.827 -9.7203e-07 5.61968e-08
9.828 -9.71026e-07 4.89521e-08
9.829 -9.6619e-07 5.2105e-08
9.83 -9.56591e-07 6.52895e-08
9.831 -9.42104e-07 8.6406e-08
9.832 -9.23434e-07 1.11982e-07
9.833 -9.01996e-07 1.37769e-07
9.834 -8.7967e-07 1.59473e-07
9.835 -8.58478e-07 1.73499e-07
9.836 -8.4024e-07 1.77565e-07
9.837 -8.26253e-07 1.71104e-07
9.838 -8.17075e-07 1.55358e-07
9.839 -8.12421e-07 1.33169e-07
9.84 -8.11217e-07 1.08488e-07
9.841 -8.11781e-07 8.56999e-08
9.842 -8.12115e-07 6.88625e-08
9.843 -8.10248e-07 6.10114e-08
9.844 -8.04575e-07 6.3634e-08
9.845 -7.94135e-07 7.64129e-08
9.846 -7.78779e-07 9.72782e-08
9.847 -7.59191e-07 1.22763e-07
9.848 -7.36779e-07 1.48599e-07
9.849 -7.13427e-07 1.7045e-07
9.85 -6.91176e-07 1.84657e-07
9.851 -6.71871e-07 1.88871e-07
9.852 -6.56844e-07 1.82455e-07
9.853 -6.46686e-07 1.66595e-07
9.854 -6.41146e-07 1.44097e-07
9.855 -6.39171e-07 1.18907e-07
9.856 -6.39091e-07 9.5433e-08
9.857 -6.38902e-07 7.77867e-08
9.858 -6.36612e-07 6.90796e-08
9.859 -6.30582e-07 7.08878e-08
9.86 -6.19809e-07 8.2982e-08
9.861 -6.04097e-07 1.03367e-07
9.862 -5.84089e-07 1.28622e-07
9.863 -5.61162e-07 1.5449e-07
9.864 -5.37187e-07 1.76607e-07
9.865 -5.14208e-07 1.91246e-07
9.866 -4.94098e-07 1.95959e-07
9.867 -4.78233e-07 1.89993e-07
9.868 -4.67258e-07 1.7442e-07
9.869 -4.60983e-07 1.51947e-07
9.87 -4.5841e-07 1.26457e-07
9.871 -4.57908e-07 1.02342e-07
9.872 -4.57492e-07 8.37516e-08
9.873 -4.55163e-07 7.38848e-08
9.874 -4.49249e-07 7.44452e-08
9.875 -4.3869e-07 8.53529e-08
9.876 -4.23217e-07 1.04761e-07
9.877 -4.034e-07 1.29374e-07
9.878 -3.80545e-07 1.55015e-07
9.879 -3.56472e-07 1.77334e-07
9.88 -3.33205e-07 1.92557e-07
9.881 -3.12624e-07 1.98121e-07
9.882 -2.9615e-07 1.93113e-07
9.883 -2.84501e-07 1.78416e-07
9.884 -2.77573e-07 1.56554e-07
9.885 -2.74464e-07 1.31259e-07
9.886 -2.73625e-07 1.06832e-07
9.887 -2.7313e-07 8.74068e-08
9.888 -2.71005e-07 7.62497e-08
9.889 -2.65562e-07 7.52075e-08
9.89 -2.55686e-07 8.43996e-08
9.891 -2.4102e-07 1.02205e-07
9.892 -2.22027e-07 1.25545e-07
9.893 -1.99902e-07 1.50415e-07
9.894 -1.76369e-07 1.72568e-07
9.895 -1.53387e-07 1.88237e-07
9.896 -1.32811e-07 1.9477e-07
9.897 -1.16084e-07 1.91081e-07
9.898 -1.03992e-07 1.77816e-07
9.899 -9.65341e-08 1.57241e-07
9.9 -9.29303e-08 1.32843e-07
9.901 -9.17567e-08 1.08732e-07
9.902 -9.11928e-08 8.8941e-08
9.903 -8.93329e-08 7.67385e-08
9.904 -8.45105e-08 7.40825e-08
9.905 -7.55793e-08 8.12956e-08
9.906 -6.21046e-08 9.70223e-08
9.907 -4.44313e-08 1.18471e-07
9.908 -2.36204e-08 1.41899e-07
9.909 -1.263e-09 1.63254e-07
9.91 2.07932e-08 1.78866e-07
9.911 4.07599e-08 1.86066e-07
9.912 5.72105e-08 1.83632e-07
9.913 6.932e-08 1.71984e-07
9.914 7.6999e-08 1.53101e-07
9.915 8.09031e-08 1.3017e-07
9.916 8.23147e-08 1.07035e-07
9.917 8.29193e-08 8.7539e-08
9.918 8.45157e-08 7.48695e-08
9.919 8.87088e-08 7.10241e-08
9.92 9.66383e-08 7.64802e-08
9.921 1.08789e-07 9.01275e-08
9.922 1.24914e-07 1.09471e-07
9.923 1.44082e-07 1.31068e-07
9.924 1.64845e-07 1.51122e-07
9.925 1.85484e-07 1.66131e-07
9.926 2.04309e-07 1.73483e-07
9.927 2.19943e-07 1.7189e-07
9.928 2.31555e-07 1.61597e-07
9.929 2.38996e-07 1.44327e-07
9.93 2.42817e-07 1.22971e-07
9.931 2.44168e-07 1.01089e-07
9.932 2.44601e-07 8.22927e-08
9.933 2.45796e-07 6.96353e-08
9.934 2.49276e-07 6.50924e-08
9.935 2.56148e-07 6.92366e-08
9.936 2.66921e-07 8.11528e-08
9.937 2.81419e-07 9.86075e-08
9.938 2.98821e-07 1.18442e-07
9.939 3.17807e-07 1.37118e-07
9.94 3.36785e-07 1.51326e-07
9.941 3.54166e-07 1.58546e-07
9.942 3.68633e-07 1.5747e-07
9.943 3.79368e-07 1.48217e-07
9.944 3.8618e-07 1.32294e-07
9.945 3.89537e-07 1.12332e-07
9.946 3.90477e-07 9.16247e-08
9.947 3.90428e-07 7.35611e-08
9.948 3.90958e-07 6.10478e-08
9.949 3.9351e-07 5.60172e-08
9.95 3.99154e-07 5.91069e-08
9.951 4.0841e-07 6.95631e-08
9.952 4.21161e-07 8.53814e-08
9.953 4.36682e-07 1.0366e-07
9.954 4.53769e-07 1.21103e-07
9.955 4.70945e-07 1.34584e-07
9.956 4.86717e-07 1.41681e-07
9.957 4.9983e-07 1.41078e-07
9.958 5.09478e-07 1.32783e-07
9.959 5.15437e-07 1.18113e-07
9.96 5.18099e-07 9.94561e-08
9.961 5.18396e-07 7.98575e-08
9.962 5.1764e-07 6.24918e-08
9.963 5.17293e-07 5.01223e-08
9.964 5.18719e-07 4.46337e-08
9.965 5.22948e-07 4.67196e-08
9.966 5.3051e-07 5.57759e-08
9.967 5.41343e-07 7.0016e-08
9.968 5.54814e-07 8.67872e-08
9.969 5.69831e-07 1.03031e-07
9.97 5.85032e-07 1.15808e-07
9.971 5.99022e-07 1.22798e-07
9.972 6.10609e-07 1.22688e-07
9.973 6.19007e-07 1.15389e-07
9.974 6.23962e-07 1.02032e-07
9.975 6.25796e-07 8.47719e-08
9.976 6.25338e-07 6.64002e-08
9.977 6.23783e-07 4.98694e-08
9.978 6.22483e-07 3.77848e-08
9.979 6.22713e-07 3.19651e-08
9.98 6.25458e-07 3.31405e-08
9.981 6.31243e-07 4.08402e-08
9.982 6.40053e-07 5.34857e-08
9.983 6.51341e-07 6.86722e-08
9.984 6.64125e-07 8.35887e-08
9.985 6.7716e-07 9.55014e-08
9.986 6.89158e-07 1.0222e-07
9.987 6.99004e-07 1.02467e-07
9.988 7.05946e-07 9.60808e-08
9.989 7.09719e-07 8.40366e-08
9.99 7.10585e-07 6.82624e-08
9.991 7.09281e-07 5.13e-08
9.992 7.06888e-07 3.58628e-08
9.993 7.04642e-07 2.43701e-08
9.994 7.03721e-07 1.85362e-08
9.995 7.05041e-07 1.90859e-08
9.996 7.09108e-07 2.56416e-08
9.997 7.15931e-07 3.68017e-08
9.998 7.25028e-07 5.03927e-08
9.999 7.35516e-07 6.38512e-08
10 7.46266e-07 7.46683e-08
