3.017196e-17
3.137092e-17
3.261688e-17
3.391164e-17
3.525709e-17
3.665520e-17
3.810798e-17
3.961755e-17
4.118609e-17
4.281588e-17
4.450928e-17
4.626872e-17
4.809675e-17
4.999601e-17
5.196923e-17
5.401924e-17
5.614900e-17
5.836156e-17
6.066009e-17
6.304789e-17
6.552837e-17
6.810508e-17
7.078169e-17
7.356203e-17
7.645005e-17
7.944986e-17
8.256573e-17
8.580209e-17
8.916352e-17
9.265479e-17
9.628083e-17
1.000468e-16
1.039580e-16
1.080199e-16
1.122382e-16
1.166190e-16
1.211684e-16
1.258927e-16
1.307985e-16
1.358929e-16
1.411828e-16
1.466757e-16
1.523793e-16
1.583015e-16
1.644506e-16
1.708351e-16
1.774639e-16
1.843463e-16
1.914918e-16
1.989102e-16
2.066119e-16
2.146075e-16
2.229080e-16
2.315250e-16
2.404703e-16
2.497562e-16
2.593955e-16
2.694014e-16
2.797877e-16
2.905686e-16
3.017589e-16
3.133738e-16
3.254294e-16
3.379419e-16
3.509285e-16
3.644069e-16
3.783954e-16
3.929130e-16
4.079795e-16
4.236152e-16
4.398413e-16
4.566798e-16
4.741535e-16
4.922859e-16
5.111014e-16
5.306255e-16
5.508844e-16
5.719054e-16
5.937166e-16
6.163472e-16
6.398277e-16
6.641894e-16
6.894649e-16
7.156879e-16
7.428935e-16
7.711177e-16
8.003983e-16
8.307740e-16
8.622853e-16
8.949739e-16
9.288830e-16
9.640577e-16
1.000544e-15
1.038391e-15
1.077648e-15
1.118366e-15
1.160600e-15
1.204405e-15
1.249838e-15
1.296959e-15
1.345829e-15
1.396513e-15
1.449077e-15
1.503589e-15
1.560120e-15
1.618744e-15
1.679538e-15
1.742580e-15
1.807953e-15
1.875740e-15
1.946029e-15
2.018913e-15
2.094484e-15
2.172840e-15
2.254082e-15
2.338316e-15
2.425648e-15
2.516192e-15
2.610063e-15
2.707383e-15
2.808274e-15
2.912867e-15
3.021295e-15
3.133697e-15
3.250215e-15
3.370998e-15
3.496199e-15
3.625978e-15
3.760499e-15
3.899933e-15
4.044456e-15
4.194250e-15
4.349505e-15
4.510417e-15
4.677188e-15
4.850028e-15
5.029154e-15
5.214792e-15
5.407174e-15
5.606541e-15
5.813142e-15
6.027236e-15
6.249089e-15
6.478979e-15
6.717192e-15
6.964023e-15
7.219780e-15
7.484780e-15
7.759351e-15
8.043833e-15
8.338578e-15
8.643950e-15
8.960326e-15
9.288096e-15
9.627662e-15
9.979443e-15
1.034387e-14
1.072139e-14
1.111247e-14
1.151758e-14
1.193722e-14
1.237190e-14
1.282215e-14
1.328853e-14
1.377159e-14
1.427192e-14
1.479014e-14
1.532686e-14
1.588274e-14
1.645846e-14
1.705470e-14
1.767219e-14
1.831167e-14
1.897391e-14
1.965970e-14
2.036987e-14
2.110528e-14
2.186679e-14
2.265533e-14
2.347183e-14
2.431728e-14
2.519267e-14
2.609905e-14
2.703749e-14
2.800912e-14
2.901509e-14
3.005658e-14
3.113484e-14
3.225113e-14
3.340677e-14
3.460313e-14
3.584161e-14
3.712367e-14
3.845083e-14
3.982463e-14
4.124669e-14
4.271867e-14
4.424230e-14
4.581935e-14
4.745166e-14
4.914114e-14
5.088975e-14
5.269953e-14
5.457257e-14
5.651105e-14
5.851722e-14
6.059339e-14
6.274196e-14
6.496542e-14
6.726633e-14
6.964732e-14
7.211116e-14
7.466065e-14
7.729874e-14
8.002843e-14
8.285286e-14
8.577525e-14
8.879894e-14
9.192737e-14
9.516411e-14
9.851284e-14
1.019774e-13
1.055616e-13
1.092696e-13
1.131057e-13
1.170740e-13
1.211791e-13
1.254257e-13
1.298185e-13
1.343624e-13
1.390626e-13
1.439243e-13
1.489530e-13
1.541543e-13
1.595340e-13
1.650982e-13
1.708530e-13
1.768049e-13
1.829604e-13
1.893264e-13
1.959100e-13
2.027185e-13
2.097593e-13
2.170404e-13
2.245697e-13
2.323555e-13
2.404065e-13
2.487314e-13
2.573394e-13
2.662400e-13
2.754429e-13
2.849582e-13
2.947963e-13
3.049680e-13
3.154842e-13
3.263566e-13
3.375968e-13
3.492172e-13
3.612303e-13
3.736492e-13
3.864873e-13
3.997584e-13
4.134770e-13
4.276577e-13
4.423159e-13
4.574674e-13
4.731284e-13
4.893157e-13
5.060466e-13
5.233391e-13
5.412117e-13
5.596834e-13
5.787739e-13
5.985036e-13
6.188934e-13
6.399651e-13
6.617408e-13
6.842438e-13
7.074978e-13
7.315274e-13
7.563580e-13
7.820157e-13
8.085275e-13
8.359214e-13
8.642260e-13
8.934711e-13
9.236873e-13
9.549062e-13
9.871605e-13
1.020484e-12
1.054911e-12
1.090477e-12
1.127220e-12
1.165177e-12
1.204389e-12
1.244895e-12
1.286738e-12
1.329960e-12
1.374606e-12
1.420723e-12
1.468357e-12
1.517558e-12
1.568377e-12
1.620864e-12
1.675074e-12
1.731063e-12
1.788886e-12
1.848605e-12
1.910278e-12
1.973970e-12
2.039744e-12
2.107667e-12
2.177809e-12
2.250239e-12
2.325032e-12
2.402262e-12
2.482008e-12
2.564350e-12
2.649370e-12
2.737153e-12
2.827789e-12
2.921367e-12
3.017982e-12
3.117728e-12
3.220707e-12
3.327021e-12
3.436774e-12
3.550077e-12
3.667042e-12
3.787784e-12
3.912423e-12
4.041082e-12
4.173888e-12
4.310972e-12
4.452469e-12
4.598517e-12
4.749261e-12
4.904848e-12
5.065430e-12
5.231164e-12
5.402212e-12
5.578741e-12
5.760923e-12
5.948935e-12
6.142958e-12
6.343183e-12
6.549802e-12
6.763015e-12
6.983028e-12
7.210054e-12
7.444311e-12
7.686025e-12
7.935427e-12
8.192758e-12
8.458263e-12
8.732197e-12
9.014821e-12
9.306406e-12
9.607229e-12
9.917576e-12
1.023774e-11
1.056803e-11
1.090876e-11
1.126024e-11
1.162282e-11
1.199683e-11
1.238263e-11
1.278057e-11
1.319104e-11
1.361442e-11
1.405110e-11
1.450150e-11
1.496604e-11
1.544514e-11
1.593927e-11
1.644887e-11
1.697442e-11
1.751641e-11
1.807534e-11
1.865173e-11
1.924611e-11
1.985904e-11
2.049108e-11
2.114280e-11
2.181481e-11
2.250773e-11
2.322219e-11
2.395885e-11
2.471838e-11
2.550148e-11
2.630885e-11
2.714124e-11
2.799940e-11
2.888412e-11
2.979619e-11
3.073644e-11
3.170572e-11
3.270492e-11
3.373492e-11
3.479666e-11
3.589110e-11
3.701921e-11
3.818201e-11
3.938054e-11
4.061588e-11
4.188913e-11
4.320142e-11
4.455392e-11
4.594784e-11
4.738442e-11
4.886493e-11
5.039068e-11
5.196303e-11
5.358336e-11
5.525311e-11
5.697373e-11
5.874676e-11
6.057374e-11
6.245629e-11
6.439604e-11
6.639470e-11
6.845402e-11
7.057578e-11
7.276185e-11
7.501412e-11
7.733454e-11
7.972514e-11
8.218798e-11
8.472520e-11
8.733898e-11
9.003159e-11
9.280534e-11
9.566261e-11
9.860587e-11
1.016376e-10
1.047605e-10
1.079772e-10
1.112903e-10
1.147028e-10
1.182176e-10
1.218376e-10
1.255660e-10
1.294058e-10
1.333604e-10
1.374330e-10
1.416272e-10
1.459464e-10
1.503943e-10
1.549747e-10
1.596913e-10
1.645481e-10
1.695493e-10
1.746989e-10
1.800013e-10
1.854610e-10
1.910823e-10
1.968701e-10
2.028291e-10
2.089642e-10
2.152806e-10
2.217835e-10
2.284781e-10
2.353701e-10
2.424651e-10
2.497690e-10
2.572876e-10
2.650273e-10
2.729942e-10
2.811950e-10
2.896363e-10
2.983250e-10
3.072682e-10
3.164731e-10
3.259471e-10
3.356980e-10
3.457336e-10
3.560620e-10
3.666916e-10
3.776310e-10
3.888888e-10
4.004741e-10
4.123963e-10
4.246648e-10
4.372895e-10
4.502804e-10
4.636479e-10
4.774027e-10
4.915555e-10
5.061177e-10
5.211008e-10
5.365166e-10
5.523773e-10
5.686955e-10
5.854838e-10
6.027557e-10
6.205245e-10
6.388042e-10
6.576092e-10
6.769541e-10
6.968539e-10
7.173243e-10
7.383811e-10
7.600407e-10
7.823198e-10
8.052358e-10
8.288063e-10
8.530495e-10
8.779842e-10
9.036294e-10
9.300049e-10
9.571310e-10
9.850284e-10
1.013718e-09
1.043223e-09
1.073565e-09
1.104766e-09
1.136852e-09
1.169846e-09
1.203773e-09
1.238659e-09
1.274531e-09
1.311415e-09
1.349339e-09
1.388331e-09
1.428422e-09
1.469640e-09
1.512017e-09
1.555585e-09
1.600376e-09
1.646424e-09
1.693762e-09
1.742425e-09
1.792451e-09
1.843876e-09
1.896738e-09
1.951076e-09
2.006930e-09
2.064342e-09
2.123353e-09
2.184006e-09
2.246347e-09
2.310420e-09
2.376273e-09
2.443954e-09
2.513512e-09
2.584997e-09
2.658461e-09
2.733958e-09
2.811542e-09
2.891269e-09
2.973197e-09
3.057385e-09
3.143893e-09
3.232783e-09
3.324120e-09
3.417968e-09
3.514394e-09
3.613468e-09
3.715260e-09
3.819841e-09
3.927288e-09
4.037675e-09
4.151080e-09
4.267585e-09
4.387271e-09
4.510222e-09
4.636525e-09
4.766268e-09
4.899543e-09
5.036443e-09
5.177063e-09
5.321502e-09
5.469860e-09
5.622241e-09
5.778749e-09
5.939494e-09
6.104587e-09
6.274142e-09
6.448276e-09
6.627108e-09
6.810763e-09
6.999365e-09
7.193045e-09
7.391934e-09
7.596169e-09
7.805889e-09
8.021236e-09
8.242358e-09
8.469404e-09
8.702528e-09
8.941888e-09
9.187646e-09
9.439966e-09
9.699020e-09
9.964981e-09
1.023803e-08
1.051834e-08
1.080612e-08
1.110154e-08
1.140480e-08
1.171611e-08
1.203568e-08
1.236371e-08
1.270043e-08
1.304605e-08
1.340081e-08
1.376493e-08
1.413867e-08
1.452225e-08
1.491594e-08
1.531999e-08
1.573467e-08
1.616025e-08
1.659700e-08
1.704520e-08
1.750516e-08
1.797717e-08
1.846153e-08
1.895855e-08
1.946856e-08
1.999189e-08
2.052886e-08
2.107983e-08
2.164516e-08
2.222519e-08
2.282030e-08
2.343087e-08
2.405729e-08
2.469996e-08
2.535928e-08
2.603568e-08
2.672957e-08
2.744140e-08
2.817162e-08
2.892068e-08
2.968905e-08
3.047722e-08
3.128568e-08
3.211494e-08
3.296551e-08
3.383792e-08
3.473271e-08
3.565044e-08
3.659168e-08
3.755700e-08
3.854701e-08
3.956232e-08
4.060354e-08
4.167132e-08
4.276632e-08
4.388919e-08
4.504064e-08
4.622136e-08
4.743206e-08
4.867349e-08
4.994640e-08
5.125156e-08
5.258976e-08
5.396180e-08
5.536851e-08
5.681075e-08
5.828936e-08
5.980525e-08
6.135932e-08
6.295248e-08
6.458571e-08
6.625996e-08
6.797623e-08
6.973554e-08
7.153894e-08
7.338748e-08
7.528225e-08
7.722438e-08
7.921500e-08
8.125529e-08
8.334643e-08
8.548966e-08
8.768621e-08
8.993738e-08
9.224446e-08
9.460881e-08
9.703179e-08
9.951480e-08
1.020593e-07
1.046667e-07
1.073385e-07
1.100763e-07
1.128817e-07
1.157562e-07
1.187014e-07
1.217192e-07
1.248111e-07
1.279790e-07
1.312246e-07
1.345498e-07
1.379564e-07
1.414464e-07
1.450217e-07
1.486844e-07
1.524366e-07
1.562802e-07
1.602175e-07
1.642506e-07
1.683818e-07
1.726135e-07
1.769478e-07
1.813874e-07
1.859345e-07
1.905917e-07
1.953617e-07
2.002469e-07
2.052501e-07
2.103741e-07
2.156215e-07
2.209954e-07
2.264986e-07
2.321341e-07
2.379050e-07
2.438144e-07
2.498655e-07
2.560615e-07
2.624059e-07
2.689020e-07
2.755533e-07
2.823634e-07
2.893358e-07
2.964745e-07
3.037830e-07
3.112654e-07
3.189256e-07
3.267677e-07
3.347958e-07
3.430141e-07
3.514270e-07
3.600390e-07
3.688544e-07
3.778780e-07
3.871145e-07
3.965686e-07
4.062454e-07
4.161498e-07
4.262870e-07
4.366623e-07
4.472810e-07
4.581485e-07
4.692706e-07
4.806528e-07
4.923011e-07
5.042214e-07
5.164198e-07
5.289026e-07
5.416760e-07
5.547466e-07
5.681211e-07
5.818061e-07
5.958086e-07
6.101357e-07
6.247946e-07
6.397926e-07
6.551373e-07
6.708364e-07
6.868976e-07
7.033290e-07
7.201388e-07
7.373353e-07
7.549271e-07
7.729228e-07
7.913314e-07
8.101618e-07
8.294235e-07
8.491257e-07
8.692782e-07
8.898909e-07
9.109738e-07
9.325371e-07
9.545913e-07
9.771472e-07
1.000216e-06
1.023808e-06
1.047935e-06
1.072609e-06
1.097841e-06
1.123645e-06
1.150031e-06
1.177012e-06
1.204602e-06
1.232814e-06
1.261661e-06
1.291156e-06
1.321314e-06
1.352149e-06
1.383674e-06
1.415907e-06
1.448860e-06
1.482550e-06
1.516992e-06
1.552203e-06
1.588199e-06
1.624996e-06
1.662612e-06
1.701063e-06
1.740369e-06
1.780546e-06
1.821614e-06
1.863590e-06
1.906495e-06
1.950348e-06
1.995169e-06
2.040978e-06
2.087797e-06
2.135645e-06
2.184546e-06
2.234520e-06
2.285591e-06
2.337782e-06
2.391115e-06
2.445615e-06
2.501306e-06
2.558213e-06
2.616361e-06
2.675776e-06
2.736485e-06
2.798513e-06
2.861889e-06
2.926640e-06
2.992795e-06
3.060383e-06
3.129433e-06
3.199976e-06
3.272042e-06
3.345662e-06
3.420869e-06
3.497694e-06
3.576172e-06
3.656336e-06
3.738220e-06
3.821860e-06
3.907291e-06
3.994550e-06
4.083674e-06
4.174700e-06
4.267669e-06
4.362619e-06
4.459589e-06
4.558622e-06
4.659759e-06
4.763041e-06
4.868513e-06
4.976219e-06
5.086203e-06
5.198512e-06
5.313192e-06
5.430290e-06
5.549855e-06
5.671936e-06
5.796584e-06
5.923850e-06
6.053786e-06
6.186445e-06
6.321882e-06
6.460151e-06
6.601309e-06
6.745413e-06
6.892521e-06
7.042693e-06
7.195989e-06
7.352471e-06
7.512202e-06
7.675246e-06
7.841667e-06
8.011533e-06
8.184910e-06
8.361867e-06
8.542475e-06
8.726805e-06
8.914929e-06
9.106921e-06
9.302858e-06
9.502815e-06
9.706870e-06
9.915104e-06
1.012760e-05
1.034443e-05
1.056569e-05
1.079146e-05
1.102183e-05
1.125688e-05
1.149672e-05
1.174142e-05
1.199108e-05
1.224580e-05
1.250567e-05
1.277079e-05
1.304127e-05
1.331720e-05
1.359870e-05
1.388585e-05
1.417878e-05
1.447759e-05
1.478239e-05
1.509330e-05
1.541044e-05
1.573391e-05
1.606384e-05
1.640035e-05
1.674357e-05
1.709362e-05
1.745063e-05
1.781472e-05
1.818604e-05
1.856472e-05
1.895089e-05
1.934470e-05
1.974628e-05
2.015579e-05
2.057336e-05
2.099916e-05
2.143332e-05
2.187601e-05
2.232739e-05
2.278761e-05
2.325683e-05
2.373523e-05
2.422297e-05
2.472022e-05
2.522716e-05
2.574397e-05
2.627082e-05
2.680791e-05
2.735541e-05
2.791351e-05
2.848242e-05
2.906232e-05
2.965341e-05
3.025591e-05
3.087001e-05
3.149592e-05
3.213386e-05
3.278405e-05
3.344670e-05
3.412205e-05
3.481031e-05
3.551172e-05
3.622652e-05
3.695494e-05
3.769723e-05
3.845364e-05
3.922441e-05
4.000981e-05
4.081010e-05
4.162553e-05
4.245637e-05
4.330291e-05
4.416542e-05
4.504417e-05
4.593946e-05
4.685158e-05
4.778081e-05
4.872748e-05
4.969187e-05
5.067430e-05
5.167509e-05
5.269455e-05
5.373301e-05
5.479081e-05
5.586828e-05
5.696576e-05
5.808359e-05
5.922214e-05
6.038175e-05
6.156280e-05
6.276565e-05
6.399068e-05
6.523827e-05
6.650881e-05
6.780268e-05
6.912030e-05
7.046207e-05
7.182840e-05
7.321970e-05
7.463641e-05
7.607896e-05
7.754778e-05
7.904333e-05
8.056605e-05
8.211640e-05
8.369485e-05
8.530188e-05
8.693796e-05
8.860358e-05
9.029925e-05
9.202546e-05
9.378273e-05
9.557157e-05
9.739252e-05
9.924610e-05
1.011329e-04
1.030534e-04
1.050082e-04
1.069978e-04
1.090229e-04
1.110840e-04
1.131817e-04
1.153167e-04
1.174895e-04
1.197007e-04
1.219511e-04
1.242411e-04
1.265715e-04
1.289430e-04
1.313562e-04
1.338118e-04
1.363104e-04
1.388528e-04
1.414397e-04
1.440718e-04
1.467498e-04
1.494745e-04
1.522467e-04
1.550670e-04
1.579363e-04
1.608553e-04
1.638249e-04
1.668458e-04
1.699189e-04
1.730450e-04
1.762250e-04
1.794597e-04
1.827499e-04
1.860966e-04
1.895006e-04
1.929629e-04
1.964844e-04
2.000659e-04
2.037085e-04
2.074132e-04
2.111808e-04
2.150123e-04
2.189088e-04
2.228713e-04
2.269008e-04
2.309983e-04
2.351649e-04
2.394017e-04
2.437098e-04
2.480902e-04
2.525441e-04
2.570726e-04
2.616768e-04
2.663579e-04
2.711172e-04
2.759557e-04
2.808747e-04
2.858754e-04
2.909591e-04
2.961270e-04
3.013804e-04
3.067207e-04
3.121490e-04
3.176668e-04
3.232754e-04
3.289761e-04
3.347703e-04
3.406596e-04
3.466451e-04
3.527285e-04
3.589111e-04
3.651945e-04
3.715801e-04
3.780695e-04
3.846642e-04
3.913657e-04
3.981757e-04
4.050957e-04
4.121273e-04
4.192723e-04
4.265321e-04
4.339087e-04
4.414035e-04
4.490184e-04
4.567552e-04
4.646155e-04
4.726012e-04
4.807141e-04
4.889560e-04
4.973289e-04
5.058345e-04
5.144748e-04
5.232518e-04
5.321673e-04
5.412234e-04
5.504221e-04
5.597655e-04
5.692554e-04
5.788942e-04
5.886838e-04
5.986264e-04
6.087242e-04
6.189794e-04
6.293941e-04
6.399706e-04
6.507112e-04
6.616182e-04
6.726939e-04
6.839406e-04
6.953608e-04
7.069569e-04
7.187312e-04
7.306863e-04
7.428247e-04
7.551488e-04
7.676613e-04
7.803647e-04
7.932617e-04
8.063549e-04
8.196470e-04
8.331407e-04
8.468387e-04
8.607438e-04
8.748589e-04
8.891867e-04
9.037302e-04
9.184923e-04
9.334758e-04
9.486838e-04
9.641193e-04
9.797853e-04
9.956849e-04
1.011821e-03
1.028197e-03
1.044817e-03
1.061682e-03
1.078797e-03
1.096165e-03
1.113789e-03
1.131672e-03
1.149819e-03
1.168231e-03
1.186914e-03
1.205870e-03
1.225103e-03
1.244616e-03
1.264414e-03
1.284499e-03
1.304876e-03
1.325548e-03
1.346519e-03
1.367793e-03
1.389374e-03
1.411265e-03
1.433471e-03
1.455996e-03
1.478844e-03
1.502018e-03
1.525523e-03
1.549363e-03
1.573543e-03
1.598066e-03
1.622937e-03
1.648160e-03
1.673740e-03
1.699681e-03
1.725988e-03
1.752664e-03
1.779715e-03
1.807146e-03
1.834960e-03
1.863163e-03
1.891759e-03
1.920754e-03
1.950151e-03
1.979957e-03
2.010175e-03
2.040812e-03
2.071871e-03
2.103359e-03
2.135280e-03
2.167639e-03
2.200442e-03
2.233694e-03
2.267401e-03
2.301567e-03
2.336198e-03
2.371300e-03
2.406879e-03
2.442939e-03
2.479487e-03
2.516528e-03
2.554069e-03
2.592114e-03
2.630670e-03
2.669743e-03
2.709338e-03
2.749462e-03
2.790122e-03
2.831322e-03
2.873069e-03
2.915370e-03
2.958231e-03
3.001657e-03
3.045657e-03
3.090236e-03
3.135400e-03
3.181157e-03
3.227512e-03
3.274474e-03
3.322047e-03
3.370240e-03
3.419060e-03
3.468512e-03
3.518605e-03
3.569345e-03
3.620739e-03
3.672795e-03
3.725520e-03
3.778921e-03
3.833005e-03
3.887781e-03
3.943255e-03
3.999435e-03
4.056329e-03
4.113944e-03
4.172288e-03
4.231369e-03
4.291195e-03
4.351774e-03
4.413114e-03
4.475222e-03
4.538107e-03
4.601777e-03
4.666241e-03
4.731506e-03
4.797581e-03
4.864475e-03
4.932196e-03
5.000752e-03
5.070153e-03
5.140406e-03
5.211521e-03
5.283506e-03
5.356371e-03
5.430124e-03
5.504774e-03
5.580331e-03
5.656803e-03
5.734200e-03
5.812531e-03
5.891805e-03
5.972032e-03
6.053222e-03
6.135383e-03
6.218525e-03
6.302659e-03
6.387793e-03
6.473938e-03
6.561103e-03
6.649299e-03
6.738535e-03
6.828821e-03
6.920168e-03
7.012586e-03
7.106085e-03
7.200675e-03
7.296366e-03
7.393170e-03
7.491097e-03
7.590156e-03
7.690360e-03
7.791718e-03
7.894241e-03
7.997941e-03
8.102827e-03
8.208912e-03
8.316205e-03
8.424719e-03
8.534464e-03
8.645452e-03
8.757693e-03
8.871199e-03
8.985982e-03
9.102053e-03
9.219424e-03
9.338105e-03
9.458110e-03
9.579448e-03
9.702133e-03
9.826176e-03
9.951589e-03
1.007838e-02
1.020657e-02
1.033617e-02
1.046718e-02
1.059962e-02
1.073351e-02
1.086885e-02
1.100566e-02
1.114394e-02
1.128372e-02
1.142501e-02
1.156781e-02
1.171214e-02
1.185801e-02
1.200544e-02
1.215444e-02
1.230502e-02
1.245719e-02
1.261097e-02
1.276637e-02
1.292340e-02
1.308208e-02
1.324241e-02
1.340442e-02
1.356811e-02
1.373351e-02
1.390061e-02
1.406945e-02
1.424002e-02
1.441234e-02
1.458643e-02
1.476230e-02
1.493996e-02
1.511943e-02
1.530072e-02
1.548384e-02
1.566882e-02
1.585565e-02
1.604436e-02
1.623496e-02
1.642747e-02
1.662189e-02
1.681824e-02
1.701654e-02
1.721680e-02
1.741903e-02
1.762325e-02
1.782947e-02
1.803771e-02
1.824798e-02
1.846030e-02
1.867467e-02
1.889112e-02
1.910965e-02
1.933029e-02
1.955304e-02
1.977793e-02
2.000495e-02
2.023414e-02
2.046550e-02
2.069905e-02
2.093481e-02
2.117278e-02
2.141298e-02
2.165543e-02
2.190014e-02
2.214712e-02
2.239639e-02
2.264797e-02
2.290187e-02
2.315810e-02
2.341667e-02
2.367761e-02
2.394093e-02
2.420663e-02
2.447475e-02
2.474528e-02
2.501825e-02
2.529367e-02
2.557155e-02
2.585190e-02
2.613476e-02
2.642011e-02
2.670799e-02
2.699841e-02
2.729137e-02
2.758690e-02
2.788501e-02
2.818571e-02
2.848901e-02
2.879494e-02
2.910351e-02
2.941472e-02
2.972860e-02
3.004515e-02
3.036440e-02
3.068636e-02
3.101103e-02
3.133843e-02
3.166859e-02
3.200150e-02
3.233719e-02
3.267567e-02
3.301696e-02
3.336105e-02
3.370798e-02
3.405775e-02
3.441038e-02
3.476588e-02
3.512426e-02
3.548553e-02
3.584972e-02
3.621683e-02
3.658687e-02
3.695986e-02
3.733581e-02
3.771474e-02
3.809665e-02
3.848157e-02
3.886949e-02
3.926044e-02
3.965442e-02
4.005145e-02
4.045155e-02
4.085471e-02
4.126096e-02
4.167031e-02
4.208276e-02
4.249834e-02
4.291704e-02
4.333889e-02
4.376389e-02
4.419205e-02
4.462339e-02
4.505792e-02
4.549564e-02
4.593657e-02
4.638072e-02
4.682810e-02
4.727871e-02
4.773258e-02
4.818970e-02
4.865009e-02
4.911376e-02
4.958071e-02
5.005097e-02
5.052452e-02
5.100140e-02
5.148159e-02
5.196512e-02
5.245199e-02
5.294221e-02
5.343578e-02
5.393272e-02
5.443303e-02
5.493673e-02
5.544381e-02
5.595428e-02
5.646816e-02
5.698545e-02
5.750615e-02
5.803027e-02
5.855782e-02
5.908881e-02
5.962323e-02
6.016111e-02
6.070243e-02
6.124721e-02
6.179545e-02
6.234716e-02
6.290233e-02
6.346099e-02
6.402312e-02
6.458873e-02
6.515783e-02
6.573042e-02
6.630651e-02
6.688609e-02
6.746916e-02
6.805574e-02
6.864582e-02
6.923941e-02
6.983651e-02
7.043711e-02
7.104122e-02
7.164884e-02
7.225997e-02
7.287461e-02
7.349276e-02
7.411442e-02
7.473960e-02
7.536828e-02
7.600047e-02
7.663617e-02
7.727537e-02
7.791807e-02
7.856428e-02
7.921398e-02
7.986718e-02
8.052387e-02
8.118405e-02
8.184771e-02
8.251486e-02
8.318548e-02
8.385957e-02
8.453713e-02
8.521814e-02
8.590262e-02
8.659054e-02
8.728191e-02
8.797671e-02
8.867493e-02
8.937659e-02
9.008165e-02
9.079012e-02
9.150198e-02
9.221724e-02
9.293587e-02
9.365787e-02
9.438323e-02
9.511194e-02
9.584399e-02
9.657937e-02
9.731806e-02
9.806005e-02
9.880534e-02
9.955391e-02
1.003057e-01
1.010608e-01
1.018192e-01
1.025807e-01
1.033455e-01
1.041134e-01
1.048846e-01
1.056589e-01
1.064363e-01
1.072169e-01
1.080006e-01
1.087874e-01
1.095773e-01
1.103703e-01
1.111663e-01
1.119653e-01
1.127673e-01
1.135723e-01
1.143803e-01
1.151912e-01
1.160051e-01
1.168218e-01
1.176415e-01
1.184640e-01
1.192893e-01
1.201174e-01
1.209484e-01
1.217821e-01
1.226185e-01
1.234577e-01
1.242995e-01
1.251441e-01
1.259912e-01
1.268410e-01
1.276933e-01
1.285483e-01
1.294057e-01
1.302657e-01
1.311281e-01
1.319929e-01
1.328602e-01
1.337299e-01
1.346019e-01
1.354762e-01
1.363529e-01
1.372317e-01
1.381129e-01
1.389962e-01
1.398816e-01
1.407692e-01
1.416589e-01
1.425506e-01
1.434444e-01
1.443401e-01
1.452378e-01
1.461374e-01
1.470388e-01
1.479422e-01
1.488473e-01
1.497541e-01
1.506627e-01
1.515730e-01
1.524849e-01
1.533984e-01
1.543135e-01
1.552301e-01
1.561481e-01
1.570676e-01
1.579885e-01
1.589108e-01
1.598343e-01
1.607591e-01
1.616851e-01
1.626123e-01
1.635406e-01
1.644700e-01
1.654005e-01
1.663319e-01
1.672642e-01
1.681975e-01
1.691316e-01
1.700665e-01
1.710021e-01
1.719384e-01
1.728754e-01
1.738129e-01
1.747510e-01
1.756896e-01
1.766287e-01
1.775681e-01
1.785078e-01
1.794479e-01
1.803881e-01
1.813286e-01
1.822691e-01
1.832097e-01
1.841504e-01
1.850910e-01
1.860314e-01
1.869717e-01
1.879118e-01
1.888517e-01
1.897912e-01
1.907303e-01
1.916689e-01
1.926071e-01
1.935446e-01
1.944816e-01
1.954178e-01
1.963533e-01
1.972880e-01
1.982218e-01
1.991547e-01
2.000866e-01
2.010174e-01
2.019471e-01
2.028756e-01
2.038029e-01
2.047289e-01
2.056534e-01
2.065765e-01
2.074982e-01
2.084182e-01
2.093366e-01
2.102533e-01
2.111682e-01
2.120813e-01
2.129925e-01
2.139016e-01
2.148088e-01
2.157138e-01
2.166167e-01
2.175173e-01
2.184156e-01
2.193114e-01
2.202049e-01
2.210958e-01
2.219841e-01
2.228697e-01
2.237526e-01
2.246327e-01
2.255099e-01
2.263841e-01
2.272553e-01
2.281234e-01
2.289883e-01
2.298500e-01
2.307084e-01
2.315634e-01
2.324149e-01
2.332628e-01
2.341072e-01
2.349479e-01
2.357848e-01
2.366178e-01
2.374470e-01
2.382722e-01
2.390933e-01
2.399103e-01
2.407230e-01
2.415315e-01
2.423356e-01
2.431353e-01
2.439305e-01
2.447210e-01
2.455069e-01
2.462881e-01
2.470645e-01
2.478359e-01
2.486024e-01
2.493638e-01
2.501201e-01
2.508712e-01
2.516170e-01
2.523575e-01
2.530925e-01
2.538220e-01
2.545459e-01
2.552642e-01
2.559767e-01
2.566834e-01
2.573842e-01
2.580791e-01
2.587679e-01
2.594505e-01
2.601270e-01
2.607971e-01
2.614609e-01
2.621183e-01
2.627692e-01
2.634134e-01
2.640510e-01
2.646819e-01
2.653059e-01
2.659231e-01
2.665332e-01
2.671363e-01
2.677323e-01
2.683211e-01
2.689026e-01
2.694768e-01
2.700435e-01
2.706028e-01
2.711544e-01
2.716984e-01
2.722346e-01
2.727631e-01
2.732837e-01
2.737963e-01
2.743009e-01
2.747974e-01
2.752857e-01
2.757658e-01
2.762375e-01
2.767008e-01
2.771557e-01
2.776021e-01
2.780398e-01
2.784688e-01
2.788891e-01
2.793006e-01
2.797032e-01
2.800968e-01
2.804813e-01
2.808568e-01
2.812230e-01
2.815801e-01
2.819278e-01
2.822661e-01
2.825950e-01
2.829144e-01
2.832241e-01
2.835243e-01
2.838147e-01
2.840953e-01
2.843661e-01
2.846269e-01
2.848778e-01
2.851186e-01
2.853494e-01
2.855699e-01
2.857803e-01
2.859803e-01
2.861700e-01
2.863492e-01
2.865180e-01
2.866763e-01
2.868239e-01
2.869609e-01
2.870872e-01
2.872027e-01
2.873074e-01
2.874012e-01
2.874841e-01
2.875560e-01
2.876168e-01
2.876665e-01
2.877051e-01
2.877324e-01
2.877485e-01
2.877533e-01
2.877467e-01
2.877287e-01
2.876992e-01
2.876582e-01
2.876057e-01
2.875415e-01
2.874657e-01
2.873782e-01
2.872790e-01
2.871680e-01
2.870451e-01
2.869104e-01
2.867637e-01
2.866051e-01
2.864345e-01
2.862518e-01
2.860570e-01
2.858502e-01
2.856312e-01
2.854000e-01
2.851565e-01
2.849008e-01
2.846328e-01
2.843525e-01
2.840598e-01
2.837548e-01
2.834373e-01
2.831073e-01
2.827649e-01
2.824099e-01
2.820424e-01
2.816624e-01
2.812697e-01
2.808644e-01
2.804465e-01
2.800160e-01
2.795727e-01
2.791168e-01
2.786481e-01
2.781666e-01
2.776724e-01
2.771655e-01
2.766457e-01
2.761131e-01
2.755677e-01
2.750095e-01
2.744384e-01
2.738544e-01
2.732576e-01
2.726479e-01
2.720253e-01
2.713897e-01
2.707413e-01
2.700800e-01
2.694058e-01
2.687186e-01
2.680185e-01
2.673055e-01
2.665796e-01
2.658407e-01
2.650889e-01
2.643242e-01
2.635466e-01
2.627561e-01
2.619526e-01
2.611363e-01
2.603071e-01
2.594650e-01
2.586100e-01
2.577421e-01
2.568614e-01
2.559679e-01
2.550616e-01
2.541424e-01
2.532104e-01
2.522657e-01
2.513082e-01
2.503380e-01
2.493551e-01
2.483594e-01
2.473511e-01
2.463302e-01
2.452966e-01
2.442504e-01
2.431917e-01
2.421204e-01
2.410366e-01
2.399403e-01
2.388315e-01
2.377104e-01
2.365768e-01
2.354309e-01
2.342727e-01
2.331022e-01
2.319194e-01
2.307244e-01
2.295173e-01
2.282980e-01
2.270667e-01
2.258233e-01
2.245679e-01
2.233006e-01
2.220214e-01
2.207303e-01
2.194273e-01
2.181127e-01
2.167863e-01
2.154482e-01
2.140986e-01
2.127374e-01
2.113646e-01
2.099805e-01
2.085849e-01
2.071780e-01
2.057599e-01
2.043305e-01
2.028900e-01
2.014384e-01
1.999757e-01
1.985021e-01
1.970176e-01
1.955222e-01
1.940161e-01
1.924993e-01
1.909718e-01
1.894338e-01
1.878853e-01
1.863263e-01
1.847570e-01
1.831775e-01
1.815877e-01
1.799878e-01
1.783778e-01
1.767579e-01
1.751281e-01
1.734884e-01
1.718391e-01
1.701800e-01
1.685114e-01
1.668333e-01
1.651458e-01
1.634489e-01
1.617429e-01
1.600276e-01
1.583033e-01
1.565700e-01
1.548279e-01
1.530769e-01
1.513172e-01
1.495489e-01
1.477720e-01
1.459868e-01
1.441932e-01
1.423913e-01
1.405813e-01
1.387632e-01
1.369372e-01
1.351033e-01
1.332616e-01
1.314123e-01
1.295554e-01
1.276911e-01
1.258194e-01
1.239404e-01
1.220543e-01
1.201611e-01
1.182609e-01
1.163539e-01
1.144402e-01
1.125198e-01
1.105929e-01
1.086596e-01
1.067199e-01
1.047741e-01
1.028221e-01
1.008642e-01
9.890039e-02
9.693081e-02
9.495557e-02
9.297478e-02
9.098856e-02
8.899703e-02
8.700028e-02
8.499845e-02
8.299164e-02
8.097996e-02
7.896354e-02
7.694248e-02
7.491691e-02
7.288694e-02
7.085269e-02
6.881428e-02
6.677182e-02
6.472544e-02
6.267524e-02
6.062136e-02
5.856390e-02
5.650300e-02
5.443876e-02
5.237132e-02
5.030078e-02
4.822728e-02
4.615094e-02
4.407187e-02
4.199020e-02
3.990604e-02
3.781953e-02
3.573079e-02
3.363993e-02
3.154709e-02
2.945238e-02
2.735592e-02
2.525785e-02
2.315829e-02
2.105735e-02
1.895517e-02
1.685187e-02
1.474757e-02
1.264240e-02
1.053647e-02
8.429928e-03
6.322883e-03
4.215463e-03
2.107794e-03
-0.000000e+00
-2.107794e-03
-4.215463e-03
-6.322883e-03
-8.429928e-03
-1.053647e-02
-1.264240e-02
-1.474757e-02
-1.685187e-02
-1.895517e-02
-2.105735e-02
-2.315829e-02
-2.525785e-02
-2.735592e-02
-2.945238e-02
-3.154709e-02
-3.363993e-02
-3.573079e-02
-3.781953e-02
-3.990604e-02
-4.199020e-02
-4.407187e-02
-4.615094e-02
-4.822728e-02
-5.030078e-02
-5.237132e-02
-5.443876e-02
-5.650300e-02
-5.856390e-02
-6.062136e-02
-6.267524e-02
-6.472544e-02
-6.677182e-02
-6.881428e-02
-7.085269e-02
-7.288694e-02
-7.491691e-02
-7.694248e-02
-7.896354e-02
-8.097996e-02
-8.299164e-02
-8.499845e-02
-8.700028e-02
-8.899703e-02
-9.098856e-02
-9.297478e-02
-9.495557e-02
-9.693081e-02
-9.890039e-02
-1.008642e-01
-1.028221e-01
-1.047741e-01
-1.067199e-01
-1.086596e-01
-1.105929e-01
-1.125198e-01
-1.144402e-01
-1.163539e-01
-1.182609e-01
-1.201611e-01
-1.220543e-01
-1.239404e-01
-1.258194e-01
-1.276911e-01
-1.295554e-01
-1.314123e-01
-1.332616e-01
-1.351033e-01
-1.369372e-01
-1.387632e-01
-1.405813e-01
-1.423913e-01
-1.441932e-01
-1.459868e-01
-1.477720e-01
-1.495489e-01
-1.513172e-01
-1.530769e-01
-1.548279e-01
-1.565700e-01
-1.583033e-01
-1.600276e-01
-1.617429e-01
-1.634489e-01
-1.651458e-01
-1.668333e-01
-1.685114e-01
-1.701800e-01
-1.718391e-01
-1.734884e-01
-1.751281e-01
-1.767579e-01
-1.783778e-01
-1.799878e-01
-1.815877e-01
-1.831775e-01
-1.847570e-01
-1.863263e-01
-1.878853e-01
-1.894338e-01
-1.909718e-01
-1.924993e-01
-1.940161e-01
-1.955222e-01
-1.970176e-01
-1.985021e-01
-1.999757e-01
-2.014384e-01
-2.028900e-01
-2.043305e-01
-2.057599e-01
-2.071780e-01
-2.085849e-01
-2.099805e-01
-2.113646e-01
-2.127374e-01
-2.140986e-01
-2.154482e-01
-2.167863e-01
-2.181127e-01
-2.194273e-01
-2.207303e-01
-2.220214e-01
-2.233006e-01
-2.245679e-01
-2.258233e-01
-2.270667e-01
-2.282980e-01
-2.295173e-01
-2.307244e-01
-2.319194e-01
-2.331022e-01
-2.342727e-01
-2.354309e-01
-2.365768e-01
-2.377104e-01
-2.388315e-01
-2.399403e-01
-2.410366e-01
-2.421204e-01
-2.431917e-01
-2.442504e-01
-2.452966e-01
-2.463302e-01
-2.473511e-01
-2.483594e-01
-2.493551e-01
-2.503380e-01
-2.513082e-01
-2.522657e-01
-2.532104e-01
-2.541424e-01
-2.550616e-01
-2.559679e-01
-2.568614e-01
-2.577421e-01
-2.586100e-01
-2.594650e-01
-2.603071e-01
-2.611363e-01
-2.619526e-01
-2.627561e-01
-2.635466e-01
-2.643242e-01
-2.650889e-01
-2.658407e-01
-2.665796e-01
-2.673055e-01
-2.680185e-01
-2.687186e-01
-2.694058e-01
-2.700800e-01
-2.707413e-01
-2.713897e-01
-2.720253e-01
-2.726479e-01
-2.732576e-01
-2.738544e-01
-2.744384e-01
-2.750095e-01
-2.755677e-01
-2.761131e-01
-2.766457e-01
-2.771655e-01
-2.776724e-01
-2.781666e-01
-2.786481e-01
-2.791168e-01
-2.795727e-01
-2.800160e-01
-2.804465e-01
-2.808644e-01
-2.812697e-01
-2.816624e-01
-2.820424e-01
-2.824099e-01
-2.827649e-01
-2.831073e-01
-2.834373e-01
-2.837548e-01
-2.840598e-01
-2.843525e-01
-2.846328e-01
-2.849008e-01
-2.851565e-01
-2.854000e-01
-2.856312e-01
-2.858502e-01
-2.860570e-01
-2.862518e-01
-2.864345e-01
-2.866051e-01
-2.867637e-01
-2.869104e-01
-2.870451e-01
-2.871680e-01
-2.872790e-01
-2.873782e-01
-2.874657e-01
-2.875415e-01
-2.876057e-01
-2.876582e-01
-2.876992e-01
-2.877287e-01
-2.877467e-01
-2.877533e-01
-2.877485e-01
-2.877324e-01
-2.877051e-01
-2.876665e-01
-2.876168e-01
-2.875560e-01
-2.874841e-01
-2.874012e-01
-2.873074e-01
-2.872027e-01
-2.870872e-01
-2.869609e-01
-2.868239e-01
-2.866763e-01
-2.865180e-01
-2.863492e-01
-2.861700e-01
-2.859803e-01
-2.857803e-01
-2.855699e-01
-2.853494e-01
-2.851186e-01
-2.848778e-01
-2.846269e-01
-2.843661e-01
-2.840953e-01
-2.838147e-01
-2.835243e-01
-2.832241e-01
-2.829144e-01
-2.825950e-01
-2.822661e-01
-2.819278e-01
-2.815801e-01
-2.812230e-01
-2.808568e-01
-2.804813e-01
-2.800968e-01
-2.797032e-01
-2.793006e-01
-2.788891e-01
-2.784688e-01
-2.780398e-01
-2.776021e-01
-2.771557e-01
-2.767008e-01
-2.762375e-01
-2.757658e-01
-2.752857e-01
-2.747974e-01
-2.743009e-01
-2.737963e-01
-2.732837e-01
-2.727631e-01
-2.722346e-01
-2.716984e-01
-2.711544e-01
-2.706028e-01
-2.700435e-01
-2.694768e-01
-2.689026e-01
-2.683211e-01
-2.677323e-01
-2.671363e-01
-2.665332e-01
-2.659231e-01
-2.653059e-01
-2.646819e-01
-2.640510e-01
-2.634134e-01
-2.627692e-01
-2.621183e-01
-2.614609e-01
-2.607971e-01
-2.601270e-01
-2.594505e-01
-2.587679e-01
-2.580791e-01
-2.573842e-01
-2.566834e-01
-2.559767e-01
-2.552642e-01
-2.545459e-01
-2.538220e-01
-2.530925e-01
-2.523575e-01
-2.516170e-01
-2.508712e-01
-2.501201e-01
-2.493638e-01
-2.486024e-01
-2.478359e-01
-2.470645e-01
-2.462881e-01
-2.455069e-01
-2.447210e-01
-2.439305e-01
-2.431353e-01
-2.423356e-01
-2.415315e-01
-2.407230e-01
-2.399103e-01
-2.390933e-01
-2.382722e-01
-2.374470e-01
-2.366178e-01
-2.357848e-01
-2.349479e-01
-2.341072e-01
-2.332628e-01
-2.324149e-01
-2.315634e-01
-2.307084e-01
-2.298500e-01
-2.289883e-01
-2.281234e-01
-2.272553e-01
-2.263841e-01
-2.255099e-01
-2.246327e-01
-2.237526e-01
-2.228697e-01
-2.219841e-01
-2.210958e-01
-2.202049e-01
-2.193114e-01
-2.184156e-01
-2.175173e-01
-2.166167e-01
-2.157138e-01
-2.148088e-01
-2.139016e-01
-2.129925e-01
-2.120813e-01
-2.111682e-01
-2.102533e-01
-2.093366e-01
-2.084182e-01
-2.074982e-01
-2.065765e-01
-2.056534e-01
-2.047289e-01
-2.038029e-01
-2.028756e-01
-2.019471e-01
-2.010174e-01
-2.000866e-01
-1.991547e-01
-1.982218e-01
-1.972880e-01
-1.963533e-01
-1.954178e-01
-1.944816e-01
-1.935446e-01
-1.926071e-01
-1.916689e-01
-1.907303e-01
-1.897912e-01
-1.888517e-01
-1.879118e-01
-1.869717e-01
-1.860314e-01
-1.850910e-01
-1.841504e-01
-1.832097e-01
-1.822691e-01
-1.813286e-01
-1.803881e-01
-1.794479e-01
-1.785078e-01
-1.775681e-01
-1.766287e-01
-1.756896e-01
-1.747510e-01
-1.738129e-01
-1.728754e-01
-1.719384e-01
-1.710021e-01
-1.700665e-01
-1.691316e-01
-1.681975e-01
-1.672642e-01
-1.663319e-01
-1.654005e-01
-1.644700e-01
-1.635406e-01
-1.626123e-01
-1.616851e-01
-1.607591e-01
-1.598343e-01
-1.589108e-01
-1.579885e-01
-1.570676e-01
-1.561481e-01
-1.552301e-01
-1.543135e-01
-1.533984e-01
-1.524849e-01
-1.515730e-01
-1.506627e-01
-1.497541e-01
-1.488473e-01
-1.479422e-01
-1.470388e-01
-1.461374e-01
-1.452378e-01
-1.443401e-01
-1.434444e-01
-1.425506e-01
-1.416589e-01
-1.407692e-01
-1.398816e-01
-1.389962e-01
-1.381129e-01
-1.372317e-01
-1.363529e-01
-1.354762e-01
-1.346019e-01
-1.337299e-01
-1.328602e-01
-1.319929e-01
-1.311281e-01
-1.302657e-01
-1.294057e-01
-1.285483e-01
-1.276933e-01
-1.268410e-01
-1.259912e-01
-1.251441e-01
-1.242995e-01
-1.234577e-01
-1.226185e-01
-1.217821e-01
-1.209484e-01
-1.201174e-01
-1.192893e-01
-1.184640e-01
-1.176415e-01
-1.168218e-01
-1.160051e-01
-1.151912e-01
-1.143803e-01
-1.135723e-01
-1.127673e-01
-1.119653e-01
-1.111663e-01
-1.103703e-01
-1.095773e-01
-1.087874e-01
-1.080006e-01
-1.072169e-01
-1.064363e-01
-1.056589e-01
-1.048846e-01
-1.041134e-01
-1.033455e-01
-1.025807e-01
-1.018192e-01
-1.010608e-01
-1.003057e-01
-9.955391e-02
-9.880534e-02
-9.806005e-02
-9.731806e-02
-9.657937e-02
-9.584399e-02
-9.511194e-02
-9.438323e-02
-9.365787e-02
-9.293587e-02
-9.221724e-02
-9.150198e-02
-9.079012e-02
-9.008165e-02
-8.937659e-02
-8.867493e-02
-8.797671e-02
-8.728191e-02
-8.659054e-02
-8.590262e-02
-8.521814e-02
-8.453713e-02
-8.385957e-02
-8.318548e-02
-8.251486e-02
-8.184771e-02
-8.118405e-02
-8.052387e-02
-7.986718e-02
-7.921398e-02
-7.856428e-02
-7.791807e-02
-7.727537e-02
-7.663617e-02
-7.600047e-02
-7.536828e-02
-7.473960e-02
-7.411442e-02
-7.349276e-02
-7.287461e-02
-7.225997e-02
-7.164884e-02
-7.104122e-02
-7.043711e-02
-6.983651e-02
-6.923941e-02
-6.864582e-02
-6.805574e-02
-6.746916e-02
-6.688609e-02
-6.630651e-02
-6.573042e-02
-6.515783e-02
-6.458873e-02
-6.402312e-02
-6.346099e-02
-6.290233e-02
-6.234716e-02
-6.179545e-02
-6.124721e-02
-6.070243e-02
-6.016111e-02
-5.962323e-02
-5.908881e-02
-5.855782e-02
-5.803027e-02
-5.750615e-02
-5.698545e-02
-5.646816e-02
-5.595428e-02
-5.544381e-02
-5.493673e-02
-5.443303e-02
-5.393272e-02
-5.343578e-02
-5.294221e-02
-5.245199e-02
-5.196512e-02
-5.148159e-02
-5.100140e-02
-5.052452e-02
-5.005097e-02
-4.958071e-02
-4.911376e-02
-4.865009e-02
-4.818970e-02
-4.773258e-02
-4.727871e-02
-4.682810e-02
-4.638072e-02
-4.593657e-02
-4.549564e-02
-4.505792e-02
-4.462339e-02
-4.419205e-02
-4.376389e-02
-4.333889e-02
-4.291704e-02
-4.249834e-02
-4.208276e-02
-4.167031e-02
-4.126096e-02
-4.085471e-02
-4.045155e-02
-4.005145e-02
-3.965442e-02
-3.926044e-02
-3.886949e-02
-3.848157e-02
-3.809665e-02
-3.771474e-02
-3.733581e-02
-3.695986e-02
-3.658687e-02
-3.621683e-02
-3.584972e-02
-3.548553e-02
-3.512426e-02
-3.476588e-02
-3.441038e-02
-3.405775e-02
-3.370798e-02
-3.336105e-02
-3.301696e-02
-3.267567e-02
-3.233719e-02
-3.200150e-02
-3.166859e-02
-3.133843e-02
-3.101103e-02
-3.068636e-02
-3.036440e-02
-3.004515e-02
-2.972860e-02
-2.941472e-02
-2.910351e-02
-2.879494e-02
-2.848901e-02
-2.818571e-02
-2.788501e-02
-2.758690e-02
-2.729137e-02
-2.699841e-02
-2.670799e-02
-2.642011e-02
-2.613476e-02
-2.585190e-02
-2.557155e-02
-2.529367e-02
-2.501825e-02
-2.474528e-02
-2.447475e-02
-2.420663e-02
-2.394093e-02
-2.367761e-02
-2.341667e-02
-2.315810e-02
-2.290187e-02
-2.264797e-02
-2.239639e-02
-2.214712e-02
-2.190014e-02
-2.165543e-02
-2.141298e-02
-2.117278e-02
-2.093481e-02
-2.069905e-02
-2.046550e-02
-2.023414e-02
-2.000495e-02
-1.977793e-02
-1.955304e-02
-1.933029e-02
-1.910965e-02
-1.889112e-02
-1.867467e-02
-1.846030e-02
-1.824798e-02
-1.803771e-02
-1.782947e-02
-1.762325e-02
-1.741903e-02
-1.721680e-02
-1.701654e-02
-1.681824e-02
-1.662189e-02
-1.642747e-02
-1.623496e-02
-1.604436e-02
-1.585565e-02
-1.566882e-02
-1.548384e-02
-1.530072e-02
-1.511943e-02
-1.493996e-02
-1.476230e-02
-1.458643e-02
-1.441234e-02
-1.424002e-02
-1.406945e-02
-1.390061e-02
-1.373351e-02
-1.356811e-02
-1.340442e-02
-1.324241e-02
-1.308208e-02
-1.292340e-02
-1.276637e-02
-1.261097e-02
-1.245719e-02
-1.230502e-02
-1.215444e-02
-1.200544e-02
-1.185801e-02
-1.171214e-02
-1.156781e-02
-1.142501e-02
-1.128372e-02
-1.114394e-02
-1.100566e-02
-1.086885e-02
-1.073351e-02
-1.059962e-02
-1.046718e-02
-1.033617e-02
-1.020657e-02
-1.007838e-02
-9.951589e-03
-9.826176e-03
-9.702133e-03
-9.579448e-03
-9.458110e-03
-9.338105e-03
-9.219424e-03
-9.102053e-03
-8.985982e-03
-8.871199e-03
-8.757693e-03
-8.645452e-03
-8.534464e-03
-8.424719e-03
-8.316205e-03
-8.208912e-03
-8.102827e-03
-7.997941e-03
-7.894241e-03
-7.791718e-03
-7.690360e-03
-7.590156e-03
-7.491097e-03
-7.393170e-03
-7.296366e-03
-7.200675e-03
-7.106085e-03
-7.012586e-03
-6.920168e-03
-6.828821e-03
-6.738535e-03
-6.649299e-03
-6.561103e-03
-6.473938e-03
-6.387793e-03
-6.302659e-03
-6.218525e-03
-6.135383e-03
-6.053222e-03
-5.972032e-03
-5.891805e-03
-5.812531e-03
-5.734200e-03
-5.656803e-03
-5.580331e-03
-5.504774e-03
-5.430124e-03
-5.356371e-03
-5.283506e-03
-5.211521e-03
-5.140406e-03
-5.070153e-03
-5.000752e-03
-4.932196e-03
-4.864475e-03
-4.797581e-03
-4.731506e-03
-4.666241e-03
-4.601777e-03
-4.538107e-03
-4.475222e-03
-4.413114e-03
-4.351774e-03
-4.291195e-03
-4.231369e-03
-4.172288e-03
-4.113944e-03
-4.056329e-03
-3.999435e-03
-3.943255e-03
-3.887781e-03
-3.833005e-03
-3.778921e-03
-3.725520e-03
-3.672795e-03
-3.620739e-03
-3.569345e-03
-3.518605e-03
-3.468512e-03
-3.419060e-03
-3.370240e-03
-3.322047e-03
-3.274474e-03
-3.227512e-03
-3.181157e-03
-3.135400e-03
-3.090236e-03
-3.045657e-03
-3.001657e-03
-2.958231e-03
-2.915370e-03
-2.873069e-03
-2.831322e-03
-2.790122e-03
-2.749462e-03
-2.709338e-03
-2.669743e-03
-2.630670e-03
-2.592114e-03
-2.554069e-03
-2.516528e-03
-2.479487e-03
-2.442939e-03
-2.406879e-03
-2.371300e-03
-2.336198e-03
-2.301567e-03
-2.267401e-03
-2.233694e-03
-2.200442e-03
-2.167639e-03
-2.135280e-03
-2.103359e-03
-2.071871e-03
-2.040812e-03
-2.010175e-03
-1.979957e-03
-1.950151e-03
-1.920754e-03
-1.891759e-03
-1.863163e-03
-1.834960e-03
-1.807146e-03
-1.779715e-03
-1.752664e-03
-1.725988e-03
-1.699681e-03
-1.673740e-03
-1.648160e-03
-1.622937e-03
-1.598066e-03
-1.573543e-03
-1.549363e-03
-1.525523e-03
-1.502018e-03
-1.478844e-03
-1.455996e-03
-1.433471e-03
-1.411265e-03
-1.389374e-03
-1.367793e-03
-1.346519e-03
-1.325548e-03
-1.304876e-03
-1.284499e-03
-1.264414e-03
-1.244616e-03
-1.225103e-03
-1.205870e-03
-1.186914e-03
-1.168231e-03
-1.149819e-03
-1.131672e-03
-1.113789e-03
-1.096165e-03
-1.078797e-03
-1.061682e-03
-1.044817e-03
-1.028197e-03
-1.011821e-03
-9.956849e-04
-9.797853e-04
-9.641193e-04
-9.486838e-04
-9.334758e-04
-9.184923e-04
-9.037302e-04
-8.891867e-04
-8.748589e-04
-8.607438e-04
-8.468387e-04
-8.331407e-04
-8.196470e-04
-8.063549e-04
-7.932617e-04
-7.803647e-04
-7.676613e-04
-7.551488e-04
-7.428247e-04
-7.306863e-04
-7.187312e-04
-7.069569e-04
-6.953608e-04
-6.839406e-04
-6.726939e-04
-6.616182e-04
-6.507112e-04
-6.399706e-04
-6.293941e-04
-6.189794e-04
-6.087242e-04
-5.986264e-04
-5.886838e-04
-5.788942e-04
-5.692554e-04
-5.597655e-04
-5.504221e-04
-5.412234e-04
-5.321673e-04
-5.232518e-04
-5.144748e-04
-5.058345e-04
-4.973289e-04
-4.889560e-04
-4.807141e-04
-4.726012e-04
-4.646155e-04
-4.567552e-04
-4.490184e-04
-4.414035e-04
-4.339087e-04
-4.265321e-04
-4.192723e-04
-4.121273e-04
-4.050957e-04
-3.981757e-04
-3.913657e-04
-3.846642e-04
-3.780695e-04
-3.715801e-04
-3.651945e-04
-3.589111e-04
-3.527285e-04
-3.466451e-04
-3.406596e-04
-3.347703e-04
-3.289761e-04
-3.232754e-04
-3.176668e-04
-3.121490e-04
-3.067207e-04
-3.013804e-04
-2.961270e-04
-2.909591e-04
-2.858754e-04
-2.808747e-04
-2.759557e-04
-2.711172e-04
-2.663579e-04
-2.616768e-04
-2.570726e-04
-2.525441e-04
-2.480902e-04
-2.437098e-04
-2.394017e-04
-2.351649e-04
-2.309983e-04
-2.269008e-04
-2.228713e-04
-2.189088e-04
-2.150123e-04
-2.111808e-04
-2.074132e-04
-2.037085e-04
-2.000659e-04
-1.964844e-04
-1.929629e-04
-1.895006e-04
-1.860966e-04
-1.827499e-04
-1.794597e-04
-1.762250e-04
-1.730450e-04
-1.699189e-04
-1.668458e-04
-1.638249e-04
-1.608553e-04
-1.579363e-04
-1.550670e-04
-1.522467e-04
-1.494745e-04
-1.467498e-04
-1.440718e-04
-1.414397e-04
-1.388528e-04
-1.363104e-04
-1.338118e-04
-1.313562e-04
-1.289430e-04
-1.265715e-04
-1.242411e-04
-1.219511e-04
-1.197007e-04
-1.174895e-04
-1.153167e-04
-1.131817e-04
-1.110840e-04
-1.090229e-04
-1.069978e-04
-1.050082e-04
-1.030534e-04
-1.011329e-04
-9.924610e-05
-9.739252e-05
-9.557157e-05
-9.378273e-05
-9.202546e-05
-9.029925e-05
-8.860358e-05
-8.693796e-05
-8.530188e-05
-8.369485e-05
-8.211640e-05
-8.056605e-05
-7.904333e-05
-7.754778e-05
-7.607896e-05
-7.463641e-05
-7.321970e-05
-7.182840e-05
-7.046207e-05
-6.912030e-05
-6.780268e-05
-6.650881e-05
-6.523827e-05
-6.399068e-05
-6.276565e-05
-6.156280e-05
-6.038175e-05
-5.922214e-05
-5.808359e-05
-5.696576e-05
-5.586828e-05
-5.479081e-05
-5.373301e-05
-5.269455e-05
-5.167509e-05
-5.067430e-05
-4.969187e-05
-4.872748e-05
-4.778081e-05
-4.685158e-05
-4.593946e-05
-4.504417e-05
-4.416542e-05
-4.330291e-05
-4.245637e-05
-4.162553e-05
-4.081010e-05
-4.000981e-05
-3.922441e-05
-3.845364e-05
-3.769723e-05
-3.695494e-05
-3.622652e-05
-3.551172e-05
-3.481031e-05
-3.412205e-05
-3.344670e-05
-3.278405e-05
-3.213386e-05
-3.149592e-05
-3.087001e-05
-3.025591e-05
-2.965341e-05
-2.906232e-05
-2.848242e-05
-2.791351e-05
-2.735541e-05
-2.680791e-05
-2.627082e-05
-2.574397e-05
-2.522716e-05
-2.472022e-05
-2.422297e-05
-2.373523e-05
-2.325683e-05
-2.278761e-05
-2.232739e-05
-2.187601e-05
-2.143332e-05
-2.099916e-05
-2.057336e-05
-2.015579e-05
-1.974628e-05
-1.934470e-05
-1.895089e-05
-1.856472e-05
-1.818604e-05
-1.781472e-05
-1.745063e-05
-1.709362e-05
-1.674357e-05
-1.640035e-05
-1.606384e-05
-1.573391e-05
-1.541044e-05
-1.509330e-05
-1.478239e-05
-1.447759e-05
-1.417878e-05
-1.388585e-05
-1.359870e-05
-1.331720e-05
-1.304127e-05
-1.277079e-05
-1.250567e-05
-1.224580e-05
-1.199108e-05
-1.174142e-05
-1.149672e-05
-1.125688e-05
-1.102183e-05
-1.079146e-05
-1.056569e-05
-1.034443e-05
-1.012760e-05
-9.915104e-06
-9.706870e-06
-9.502815e-06
-9.302858e-06
-9.106921e-06
-8.914929e-06
-8.726805e-06
-8.542475e-06
-8.361867e-06
-8.184910e-06
-8.011533e-06
-7.841667e-06
-7.675246e-06
-7.512202e-06
-7.352471e-06
-7.195989e-06
-7.042693e-06
-6.892521e-06
-6.745413e-06
-6.601309e-06
-6.460151e-06
-6.321882e-06
-6.186445e-06
-6.053786e-06
-5.923850e-06
-5.796584e-06
-5.671936e-06
-5.549855e-06
-5.430290e-06
-5.313192e-06
-5.198512e-06
-5.086203e-06
-4.976219e-06
-4.868513e-06
-4.763041e-06
-4.659759e-06
-4.558622e-06
-4.459589e-06
-4.362619e-06
-4.267669e-06
-4.174700e-06
-4.083674e-06
-3.994550e-06
-3.907291e-06
-3.821860e-06
-3.738220e-06
-3.656336e-06
-3.576172e-06
-3.497694e-06
-3.420869e-06
-3.345662e-06
-3.272042e-06
-3.199976e-06
-3.129433e-06
-3.060383e-06
-2.992795e-06
-2.926640e-06
-2.861889e-06
-2.798513e-06
-2.736485e-06
-2.675776e-06
-2.616361e-06
-2.558213e-06
-2.501306e-06
-2.445615e-06
-2.391115e-06
-2.337782e-06
-2.285591e-06
-2.234520e-06
-2.184546e-06
-2.135645e-06
-2.087797e-06
-2.040978e-06
-1.995169e-06
-1.950348e-06
-1.906495e-06
-1.863590e-06
-1.821614e-06
-1.780546e-06
-1.740369e-06
-1.701063e-06
-1.662612e-06
-1.624996e-06
-1.588199e-06
-1.552203e-06
-1.516992e-06
-1.482550e-06
-1.448860e-06
-1.415907e-06
-1.383674e-06
-1.352149e-06
-1.321314e-06
-1.291156e-06
-1.261661e-06
-1.232814e-06
-1.204602e-06
-1.177012e-06
-1.150031e-06
-1.123645e-06
-1.097841e-06
-1.072609e-06
-1.047935e-06
-1.023808e-06
-1.000216e-06
-9.771472e-07
-9.545913e-07
-9.325371e-07
-9.109738e-07
-8.898909e-07
-8.692782e-07
-8.491257e-07
-8.294235e-07
-8.101618e-07
-7.913314e-07
-7.729228e-07
-7.549271e-07
-7.373353e-07
-7.201388e-07
-7.033290e-07
-6.868976e-07
-6.708364e-07
-6.551373e-07
-6.397926e-07
-6.247946e-07
-6.101357e-07
-5.958086e-07
-5.818061e-07
-5.681211e-07
-5.547466e-07
-5.416760e-07
-5.289026e-07
-5.164198e-07
-5.042214e-07
-4.923011e-07
-4.806528e-07
-4.692706e-07
-4.581485e-07
-4.472810e-07
-4.366623e-07
-4.262870e-07
-4.161498e-07
-4.062454e-07
-3.965686e-07
-3.871145e-07
-3.778780e-07
-3.688544e-07
-3.600390e-07
-3.514270e-07
-3.430141e-07
-3.347958e-07
-3.267677e-07
-3.189256e-07
-3.112654e-07
-3.037830e-07
-2.964745e-07
-2.893358e-07
-2.823634e-07
-2.755533e-07
-2.689020e-07
-2.624059e-07
-2.560615e-07
-2.498655e-07
-2.438144e-07
-2.379050e-07
-2.321341e-07
-2.264986e-07
-2.209954e-07
-2.156215e-07
-2.103741e-07
-2.052501e-07
-2.002469e-07
-1.953617e-07
-1.905917e-07
-1.859345e-07
-1.813874e-07
-1.769478e-07
-1.726135e-07
-1.683818e-07
-1.642506e-07
-1.602175e-07
-1.562802e-07
-1.524366e-07
-1.486844e-07
-1.450217e-07
-1.414464e-07
-1.379564e-07
-1.345498e-07
-1.312246e-07
-1.279790e-07
-1.248111e-07
-1.217192e-07
-1.187014e-07
-1.157562e-07
-1.128817e-07
-1.100763e-07
-1.073385e-07
-1.046667e-07
-1.020593e-07
-9.951480e-08
-9.703179e-08
-9.460881e-08
-9.224446e-08
-8.993738e-08
-8.768621e-08
-8.548966e-08
-8.334643e-08
-8.125529e-08
-7.921500e-08
-7.722438e-08
-7.528225e-08
-7.338748e-08
-7.153894e-08
-6.973554e-08
-6.797623e-08
-6.625996e-08
-6.458571e-08
-6.295248e-08
-6.135932e-08
-5.980525e-08
-5.828936e-08
-5.681075e-08
-5.536851e-08
-5.396180e-08
-5.258976e-08
-5.125156e-08
-4.994640e-08
-4.867349e-08
-4.743206e-08
-4.622136e-08
-4.504064e-08
-4.388919e-08
-4.276632e-08
-4.167132e-08
-4.060354e-08
-3.956232e-08
-3.854701e-08
-3.755700e-08
-3.659168e-08
-3.565044e-08
-3.473271e-08
-3.383792e-08
-3.296551e-08
-3.211494e-08
-3.128568e-08
-3.047722e-08
-2.968905e-08
-2.892068e-08
-2.817162e-08
-2.744140e-08
-2.672957e-08
-2.603568e-08
-2.535928e-08
-2.469996e-08
-2.405729e-08
-2.343087e-08
-2.282030e-08
-2.222519e-08
-2.164516e-08
-2.107983e-08
-2.052886e-08
-1.999189e-08
-1.946856e-08
-1.895855e-08
-1.846153e-08
-1.797717e-08
-1.750516e-08
-1.704520e-08
-1.659700e-08
-1.616025e-08
-1.573467e-08
-1.531999e-08
-1.491594e-08
-1.452225e-08
-1.413867e-08
-1.376493e-08
-1.340081e-08
-1.304605e-08
-1.270043e-08
-1.236371e-08
-1.203568e-08
-1.171611e-08
-1.140480e-08
-1.110154e-08
-1.080612e-08
-1.051834e-08
-1.023803e-08
-9.964981e-09
-9.699020e-09
-9.439966e-09
-9.187646e-09
-8.941888e-09
-8.702528e-09
-8.469404e-09
-8.242358e-09
-8.021236e-09
-7.805889e-09
-7.596169e-09
-7.391934e-09
-7.193045e-09
-6.999365e-09
-6.810763e-09
-6.627108e-09
-6.448276e-09
-6.274142e-09
-6.104587e-09
-5.939494e-09
-5.778749e-09
-5.622241e-09
-5.469860e-09
-5.321502e-09
-5.177063e-09
-5.036443e-09
-4.899543e-09
-4.766268e-09
-4.636525e-09
-4.510222e-09
-4.387271e-09
-4.267585e-09
-4.151080e-09
-4.037675e-09
-3.927288e-09
-3.819841e-09
-3.715260e-09
-3.613468e-09
-3.514394e-09
-3.417968e-09
-3.324120e-09
-3.232783e-09
-3.143893e-09
-3.057385e-09
-2.973197e-09
-2.891269e-09
-2.811542e-09
-2.733958e-09
-2.658461e-09
-2.584997e-09
-2.513512e-09
-2.443954e-09
-2.376273e-09
-2.310420e-09
-2.246347e-09
-2.184006e-09
-2.123353e-09
-2.064342e-09
-2.006930e-09
-1.951076e-09
-1.896738e-09
-1.843876e-09
-1.792451e-09
-1.742425e-09
-1.693762e-09
-1.646424e-09
-1.600376e-09
-1.555585e-09
-1.512017e-09
-1.469640e-09
-1.428422e-09
-1.388331e-09
-1.349339e-09
-1.311415e-09
-1.274531e-09
-1.238659e-09
-1.203773e-09
-1.169846e-09
-1.136852e-09
-1.104766e-09
-1.073565e-09
-1.043223e-09
-1.013718e-09
-9.850284e-10
-9.571310e-10
-9.300049e-10
-9.036294e-10
-8.779842e-10
-8.530495e-10
-8.288063e-10
-8.052358e-10
-7.823198e-10
-7.600407e-10
-7.383811e-10
-7.173243e-10
-6.968539e-10
-6.769541e-10
-6.576092e-10
-6.388042e-10
-6.205245e-10
-6.027557e-10
-5.854838e-10
-5.686955e-10
-5.523773e-10
-5.365166e-10
-5.211008e-10
-5.061177e-10
-4.915555e-10
-4.774027e-10
-4.636479e-10
-4.502804e-10
-4.372895e-10
-4.246648e-10
-4.123963e-10
-4.004741e-10
-3.888888e-10
-3.776310e-10
-3.666916e-10
-3.560620e-10
-3.457336e-10
-3.356980e-10
-3.259471e-10
-3.164731e-10
-3.072682e-10
-2.983250e-10
-2.896363e-10
-2.811950e-10
-2.729942e-10
-2.650273e-10
-2.572876e-10
-2.497690e-10
-2.424651e-10
-2.353701e-10
-2.284781e-10
-2.217835e-10
-2.152806e-10
-2.089642e-10
-2.028291e-10
-1.968701e-10
-1.910823e-10
-1.854610e-10
-1.800013e-10
-1.746989e-10
-1.695493e-10
-1.645481e-10
-1.596913e-10
-1.549747e-10
-1.503943e-10
-1.459464e-10
-1.416272e-10
-1.374330e-10
-1.333604e-10
-1.294058e-10
-1.255660e-10
-1.218376e-10
-1.182176e-10
-1.147028e-10
-1.112903e-10
-1.079772e-10
-1.047605e-10
-1.016376e-10
-9.860587e-11
-9.566261e-11
-9.280534e-11
-9.003159e-11
-8.733898e-11
-8.472520e-11
-8.218798e-11
-7.972514e-11
-7.733454e-11
-7.501412e-11
-7.276185e-11
-7.057578e-11
-6.845402e-11
-6.639470e-11
-6.439604e-11
-6.245629e-11
-6.057374e-11
-5.874676e-11
-5.697373e-11
-5.525311e-11
-5.358336e-11
-5.196303e-11
-5.039068e-11
-4.886493e-11
-4.738442e-11
-4.594784e-11
-4.455392e-11
-4.320142e-11
-4.188913e-11
-4.061588e-11
-3.938054e-11
-3.818201e-11
-3.701921e-11
-3.589110e-11
-3.479666e-11
-3.373492e-11
-3.270492e-11
-3.170572e-11
-3.073644e-11
-2.979619e-11
-2.888412e-11
-2.799940e-11
-2.714124e-11
-2.630885e-11
-2.550148e-11
-2.471838e-11
-2.395885e-11
-2.322219e-11
-2.250773e-11
-2.181481e-11
-2.114280e-11
-2.049108e-11
-1.985904e-11
-1.924611e-11
-1.865173e-11
-1.807534e-11
-1.751641e-11
-1.697442e-11
-1.644887e-11
-1.593927e-11
-1.544514e-11
-1.496604e-11
-1.450150e-11
-1.405110e-11
-1.361442e-11
-1.319104e-11
-1.278057e-11
-1.238263e-11
-1.199683e-11
-1.162282e-11
-1.126024e-11
-1.090876e-11
-1.056803e-11
-1.023774e-11
-9.917576e-12
-9.607229e-12
-9.306406e-12
-9.014821e-12
-8.732197e-12
-8.458263e-12
-8.192758e-12
-7.935427e-12
-7.686025e-12
-7.444311e-12
-7.210054e-12
-6.983028e-12
-6.763015e-12
-6.549802e-12
-6.343183e-12
-6.142958e-12
-5.948935e-12
-5.760923e-12
-5.578741e-12
-5.402212e-12
-5.231164e-12
-5.065430e-12
-4.904848e-12
-4.749261e-12
-4.598517e-12
-4.452469e-12
-4.310972e-12
-4.173888e-12
-4.041082e-12
-3.912423e-12
-3.787784e-12
-3.667042e-12
-3.550077e-12
-3.436774e-12
-3.327021e-12
-3.220707e-12
-3.117728e-12
-3.017982e-12
-2.921367e-12
-2.827789e-12
-2.737153e-12
-2.649370e-12
-2.564350e-12
-2.482008e-12
-2.402262e-12
-2.325032e-12
-2.250239e-12
-2.177809e-12
-2.107667e-12
-2.039744e-12
-1.973970e-12
-1.910278e-12
-1.848605e-12
-1.788886e-12
-1.731063e-12
-1.675074e-12
-1.620864e-12
-1.568377e-12
-1.517558e-12
-1.468357e-12
-1.420723e-12
-1.374606e-12
-1.329960e-12
-1.286738e-12
-1.244895e-12
-1.204389e-12
-1.165177e-12
-1.127220e-12
-1.090477e-12
-1.054911e-12
-1.020484e-12
-9.871605e-13
-9.549062e-13
-9.236873e-13
-8.934711e-13
-8.642260e-13
-8.359214e-13
-8.085275e-13
-7.820157e-13
-7.563580e-13
-7.315274e-13
-7.074978e-13
-6.842438e-13
-6.617408e-13
-6.399651e-13
-6.188934e-13
-5.985036e-13
-5.787739e-13
-5.596834e-13
-5.412117e-13
-5.233391e-13
-5.060466e-13
-4.893157e-13
-4.731284e-13
-4.574674e-13
-4.423159e-13
-4.276577e-13
-4.134770e-13
-3.997584e-13
-3.864873e-13
-3.736492e-13
-3.612303e-13
-3.492172e-13
-3.375968e-13
-3.263566e-13
-3.154842e-13
-3.049680e-13
-2.947963e-13
-2.849582e-13
-2.754429e-13
-2.662400e-13
-2.573394e-13
-2.487314e-13
-2.404065e-13
-2.323555e-13
-2.245697e-13
-2.170404e-13
-2.097593e-13
-2.027185e-13
-1.959100e-13
-1.893264e-13
-1.829604e-13
-1.768049e-13
-1.708530e-13
-1.650982e-13
-1.595340e-13
-1.541543e-13
-1.489530e-13
-1.439243e-13
-1.390626e-13
-1.343624e-13
-1.298185e-13
-1.254257e-13
-1.211791e-13
-1.170740e-13
-1.131057e-13
-1.092696e-13
-1.055616e-13
-1.019774e-13
-9.851284e-14
-9.516411e-14
-9.192737e-14
-8.879894e-14
-8.577525e-14
-8.285286e-14
-8.002843e-14
-7.729874e-14
-7.466065e-14
-7.211116e-14
-6.964732e-14
-6.726633e-14
-6.496542e-14
-6.274196e-14
-6.059339e-14
-5.851722e-14
-5.651105e-14
-5.457257e-14
-5.269953e-14
-5.088975e-14
-4.914114e-14
-4.745166e-14
-4.581935e-14
-4.424230e-14
-4.271867e-14
-4.124669e-14
-3.982463e-14
-3.845083e-14
-3.712367e-14
-3.584161e-14
-3.460313e-14
-3.340677e-14
-3.225113e-14
-3.113484e-14
-3.005658e-14
-2.901509e-14
-2.800912e-14
-2.703749e-14
-2.609905e-14
-2.519267e-14
-2.431728e-14
-2.347183e-14
-2.265533e-14
-2.186679e-14
-2.110528e-14
-2.036987e-14
-1.965970e-14
-1.897391e-14
-1.831167e-14
-1.767219e-14
-1.705470e-14
-1.645846e-14
-1.588274e-14
-1.532686e-14
-1.479014e-14
-1.427192e-14
-1.377159e-14
-1.328853e-14
-1.282215e-14
-1.237190e-14
-1.193722e-14
-1.151758e-14
-1.111247e-14
-1.072139e-14
-1.034387e-14
-9.979443e-15
-9.627662e-15
-9.288096e-15
-8.960326e-15
-8.643950e-15
-8.338578e-15
-8.043833e-15
-7.759351e-15
-7.484780e-15
-7.219780e-15
-6.964023e-15
-6.717192e-15
-6.478979e-15
-6.249089e-15
-6.027236e-15
-5.813142e-15
-5.606541e-15
-5.407174e-15
-5.214792e-15
-5.029154e-15
-4.850028e-15
-4.677188e-15
-4.510417e-15
-4.349505e-15
-4.194250e-15
-4.044456e-15
-3.899933e-15
-3.760499e-15
-3.625978e-15
-3.496199e-15
-3.370998e-15
-3.250215e-15
-3.133697e-15
-3.021295e-15
-2.912867e-15
-2.808274e-15
-2.707383e-15
-2.610063e-15
-2.516192e-15
-2.425648e-15
-2.338316e-15
-2.254082e-15
-2.172840e-15
-2.094484e-15
-2.018913e-15
-1.946029e-15
-1.875740e-15
-1.807953e-15
-1.742580e-15
-1.679538e-15
-1.618744e-15
-1.560120e-15
-1.503589e-15
-1.449077e-15
-1.396513e-15
-1.345829e-15
-1.296959e-15
-1.249838e-15
-1.204405e-15
-1.160600e-15
-1.118366e-15
-1.077648e-15
-1.038391e-15
-1.000544e-15
-9.640577e-16
-9.288830e-16
-8.949739e-16
-8.622853e-16
-8.307740e-16
-8.003983e-16
-7.711177e-16
-7.428935e-16
-7.156879e-16
-6.894649e-16
-6.641894e-16
-6.398277e-16
-6.163472e-16
-5.937166e-16
-5.719054e-16
-5.508844e-16
-5.306255e-16
-5.111014e-16
-4.922859e-16
-4.741535e-16
-4.566798e-16
-4.398413e-16
-4.236152e-16
-4.079795e-16
-3.929130e-16
-3.783954e-16
-3.644069e-16
-3.509285e-16
-3.379419e-16
-3.254294e-16
-3.133738e-16
-3.017589e-16
-2.905686e-16
-2.797877e-16
-2.694014e-16
-2.593955e-16
-2.497562e-16
-2.404703e-16
-2.315250e-16
-2.229080e-16
-2.146075e-16
-2.066119e-16
-1.989102e-16
-1.914918e-16
-1.843463e-16
-1.774639e-16
-1.708351e-16
-1.644506e-16
-1.583015e-16
-1.523793e-16
-1.466757e-16
-1.411828e-16
-1.358929e-16
-1.307985e-16
-1.258927e-16
-1.211684e-16
-1.166190e-16
-1.122382e-16
-1.080199e-16
-1.039580e-16
-1.000468e-16
-9.628083e-17
-9.265479e-17
-8.916352e-17
-8.580209e-17
-8.256573e-17
-7.944986e-17
-7.645005e-17
-7.356203e-17
-7.078169e-17
-6.810508e-17
-6.552837e-17
-6.304789e-17
-6.066009e-17
-5.836156e-17
-5.614900e-17
-5.401924e-17
-5.196923e-17
-4.999601e-17
-4.809675e-17
-4.626872e-17
-4.450928e-17
-4.281588e-17
-4.118609e-17
-3.961755e-17
-3.810798e-17
-3.665520e-17
-3.525709e-17
-3.391164e-17
-3.261688e-17
-3.137092e-17
-3.017196e-17
-2.901824e-17
-2.790808e-17
-2.683985e-17
-2.581200e-17
-2.482301e-17
-2.387144e-17
-2.295589e-17
-2.207501e-17
-2.122750e-17
-2.041213e-17
-1.962769e-17
-1.887301e-17
-1.814699e-17
-1.744855e-17
-1.677665e-17
-1.613031e-17
-1.550855e-17
-1.491047e-17
-1.433516e-17
-1.378178e-17
-1.324949e-17
-1.273751e-17
-1.224506e-17
-1.177142e-17
-1.131587e-17
-1.087774e-17
-1.045636e-17
-1.005110e-17
-9.661360e-18
-9.286544e-18
-8.926090e-18
-8.579456e-18
-8.246118e-18
-7.925573e-18
-7.617336e-18
-7.320941e-18
-7.035938e-18
-6.761895e-18
-6.498396e-18
-6.245040e-18
-6.001442e-18
-5.767231e-18
-5.542049e-18
-5.325553e-18
-5.117412e-18
-4.917308e-18
-4.724934e-18
-4.539995e-18
-4.362208e-18
-4.191299e-18
-4.027006e-18
-3.869076e-18
-3.717265e-18
-3.571339e-18
-3.431073e-18
-3.296251e-18
-3.166663e-18
-3.042109e-18
-2.922395e-18
-2.807336e-18
-2.696754e-18
-2.590476e-18
-2.488336e-18
-2.390176e-18
-2.295842e-18
-2.205188e-18
-2.118070e-18
-2.034354e-18
-1.953907e-18
-1.876605e-18
-1.802324e-18
-1.730949e-18
-1.662368e-18
-1.596472e-18
-1.533157e-18
-1.472324e-18
-1.413877e-18
-1.357722e-18
-1.303772e-18
-1.251941e-18
-1.202146e-18
-1.154308e-18
-1.108352e-18
-1.064205e-18
-1.021795e-18
-9.810564e-19
-9.419228e-19
-9.043322e-19
-8.682245e-19
-8.335417e-19
-8.002285e-19
-7.682313e-19
-7.374988e-19
-7.079816e-19
-6.796322e-19
-6.524050e-19
-6.262560e-19
-6.011431e-19
-5.770257e-19
-5.538648e-19
-5.316229e-19
-5.102641e-19
-4.897536e-19
-4.700581e-19
-4.511457e-19
-4.329856e-19
-4.155481e-19
-3.988050e-19
-3.827288e-19
-3.672934e-19
-3.524734e-19
-3.382446e-19
-3.245838e-19
-3.114684e-19
-2.988771e-19
-2.867890e-19
-2.751843e-19
-2.640440e-19
-2.533496e-19
-2.430834e-19
-2.332287e-19
-2.237689e-19
-2.146886e-19
-2.059726e-19
-1.976066e-19
-1.895766e-19
-1.818692e-19
-1.744717e-19
-1.673718e-19
-1.605576e-19
-1.540177e-19
-1.477413e-19
-1.417178e-19
-1.359372e-19
-1.303897e-19
-1.250662e-19
-1.199576e-19
-1.150554e-19
-1.103513e-19
-1.058374e-19
-1.015062e-19
-9.735023e-20
-9.336257e-20
-8.953647e-20
-8.586546e-20
-8.234331e-20
-7.896407e-20
-7.572199e-20
-7.261158e-20
-6.962754e-20
-6.676480e-20
-6.401849e-20
-6.138392e-20
-5.885659e-20
-5.643220e-20
-5.410659e-20
-5.187578e-20
-4.973596e-20
-4.768345e-20
-4.571473e-20
-4.382642e-20
-4.201528e-20
-4.027817e-20
-3.861211e-20
-3.701423e-20
-3.548177e-20
-3.401208e-20
-3.260261e-20
-3.125092e-20
-2.995468e-20
-2.871164e-20
-2.751962e-20
-2.637657e-20
-2.528049e-20
-2.422948e-20
-2.322170e-20
-2.225539e-20
-2.132886e-20
-2.044050e-20
-1.958875e-20
-1.877212e-20
-1.798918e-20
-1.723854e-20
-1.651890e-20
-1.582898e-20
-1.516758e-20
-1.453352e-20
-1.392569e-20
-1.334301e-20
-1.278446e-20
-1.224905e-20
-1.173583e-20
-1.124388e-20
-1.077234e-20
-1.032037e-20
-9.887171e-21
-9.471963e-21
-9.074010e-21
-8.692603e-21
-8.327062e-21
-7.976734e-21
-7.640992e-21
-7.319235e-21
-7.010888e-21
-6.715396e-21
-6.432231e-21
-6.160883e-21
-5.900864e-21
-5.651707e-21
-5.412961e-21
-5.184198e-21
-4.965004e-21
-4.754983e-21
-4.553755e-21
-4.360956e-21
-4.176236e-21
-3.999261e-21
-3.829709e-21
-3.667272e-21
-3.511655e-21
-3.362575e-21
-3.219759e-21
-3.082947e-21
-2.951890e-21
-2.826348e-21
-2.706091e-21
-2.590899e-21
-2.480561e-21
-2.374874e-21
-2.273646e-21
-2.176688e-21
-2.083824e-21
-1.994882e-21
-1.909698e-21
-1.828115e-21
-1.749982e-21
-1.675155e-21
-1.603496e-21
-1.534872e-21
-1.469155e-21
-1.406224e-21
-1.345962e-21
-1.288256e-21
-1.233000e-21
-1.180091e-21
-1.129429e-21
-1.080921e-21
-1.034475e-21
-9.900057e-22
-9.474289e-22
-9.066651e-22
-8.676379e-22
-8.302741e-22
-7.945034e-22
-7.602587e-22
-7.274756e-22
-6.960921e-22
-6.660493e-22
-6.372904e-22
-6.097612e-22
-5.834094e-22
-5.581854e-22
-5.340413e-22
-5.109314e-22
-4.888118e-22
-4.676404e-22
-4.473772e-22
-4.279834e-22
-4.094222e-22
-3.916581e-22
-3.746573e-22
-3.583874e-22
-3.428171e-22
-3.279168e-22
-3.136579e-22
-3.000129e-22
-2.869559e-22
-2.744617e-22
-2.625062e-22
-2.510665e-22
-2.401206e-22
-2.296472e-22
-2.196264e-22
-2.100386e-22
-2.008653e-22
-1.920889e-22
-1.836923e-22
-1.756592e-22
-1.679740e-22
-1.606219e-22
-1.535886e-22
-1.468602e-22
-1.404238e-22
-1.342669e-22
-1.283773e-22
-1.227436e-22
-1.173549e-22
-1.122004e-22
-1.072702e-22
-1.025546e-22
-9.804440e-23
-9.373064e-23
-8.960489e-23
-8.565904e-23
-8.188532e-23
-7.827629e-23
-7.482483e-23
-7.152413e-23
-6.836768e-23
-6.534922e-23
-6.246278e-23
-5.970264e-23
-5.706333e-23
-5.453962e-23
-5.212648e-23
-4.981911e-23
-4.761294e-23
-4.550355e-23
-4.348675e-23
-4.155851e-23
-3.971498e-23
-3.795247e-23
-3.626746e-23
-3.465657e-23
-3.311657e-23
-3.164437e-23
-3.023701e-23
-2.889167e-23
-2.760564e-23
-2.637633e-23
-2.520125e-23
-2.407805e-23
-2.300445e-23
-2.197828e-23
-2.099747e-23
-2.006003e-23
-1.916406e-23
-1.830774e-23
-1.748934e-23
-1.670719e-23
-1.595970e-23
-1.524535e-23
-1.456268e-23
-1.391031e-23
-1.328689e-23
-1.269116e-23
-1.212191e-23
-1.157795e-23
-1.105818e-23
-1.056154e-23
-1.008700e-23
-9.633590e-24
-9.200378e-24
-8.786471e-24
-8.391019e-24
-8.013205e-24
-7.652250e-24
-7.307408e-24
-6.977968e-24
-6.663247e-24
-6.362594e-24
-6.075386e-24
-5.801026e-24
-5.538947e-24
-5.288602e-24
-5.049471e-24
-4.821057e-24
-4.602884e-24
-4.394497e-24
-4.195460e-24
-4.005358e-24
-3.823794e-24
-3.650388e-24
-3.484776e-24
-3.326611e-24
-3.175562e-24
-3.031311e-24
-2.893555e-24
-2.762004e-24
-2.636381e-24
-2.516422e-24
-2.401874e-24
-2.292494e-24
-2.188051e-24
-2.088326e-24
-1.993105e-24
-1.902189e-24
-1.815384e-24
-1.732505e-24
-1.653377e-24
-1.577832e-24
-1.505709e-24
-1.436853e-24
-1.371119e-24
-1.308367e-24
-1.248461e-24
-1.191275e-24
-1.136685e-24
-1.084576e-24
-1.034834e-24
-9.873546e-25
-9.420345e-25
-8.987768e-25
-8.574884e-25
-8.180803e-25
-7.804679e-25
-7.445699e-25
-7.103089e-25
-6.776109e-25
-6.464053e-25
-6.166244e-25
-5.882039e-25
-5.610822e-25
-5.352004e-25
-5.105022e-25
-4.869342e-25
-4.644449e-25
-4.429855e-25
-4.225092e-25
-4.029714e-25
-3.843294e-25
-3.665425e-25
-3.495718e-25
-3.333802e-25
-3.179323e-25
-3.031941e-25
-2.891334e-25
-2.757193e-25
-2.629222e-25
-2.507142e-25
-2.390682e-25
-2.279586e-25
-2.173610e-25
-2.072519e-25
-1.976091e-25
-1.884112e-25
-1.796378e-25
-1.712695e-25
-1.632878e-25
-1.556750e-25
-1.484142e-25
-1.414892e-25
-1.348846e-25
-1.285857e-25
-1.225786e-25
-1.168498e-25
-1.113865e-25
-1.061765e-25
-1.012082e-25
-9.647046e-26
-9.195267e-26
-8.764471e-26
-8.353691e-26
-7.962006e-26
-7.588534e-26
-7.232437e-26
-6.892913e-26
-6.569197e-26
-6.260559e-26
-5.966303e-26
-5.685765e-26
-5.418309e-26
-5.163332e-26
-4.920256e-26
-4.688529e-26
-4.467628e-26
-4.257049e-26
-4.056315e-26
-3.864970e-26
-3.682577e-26
-3.508722e-26
-3.343008e-26
-3.185057e-26
-3.034509e-26
-2.891019e-26
-2.754260e-26
-2.623917e-26
-2.499693e-26
-2.381303e-26
-2.268475e-26
-2.160950e-26
-2.058480e-26
-1.960831e-26
-1.867776e-26
-1.779102e-26
-1.694605e-26
-1.614088e-26
-1.537366e-26
-1.464262e-26
-1.394607e-26
-1.328239e-26
-1.265003e-26
-1.204755e-26
-1.147353e-26
-1.092664e-26
-1.040561e-26
-9.909233e-27
-9.436345e-27
-8.985845e-27
-8.556682e-27
-8.147853e-27
-7.758404e-27
-7.387422e-27
-7.034040e-27
-6.697428e-27
-6.376798e-27
-6.071397e-27
-5.780508e-27
-5.503446e-27
-5.239559e-27
-4.988226e-27
-4.748855e-27
-4.520880e-27
-4.303764e-27
-4.096994e-27
-3.900080e-27
-3.712557e-27
-3.533979e-27
-3.363925e-27
-3.201990e-27
-3.047789e-27
-2.900957e-27
-2.761143e-27
-2.628016e-27
-2.501258e-27
-2.380566e-27
-2.265653e-27
-2.156244e-27
-2.052078e-27
-1.952904e-27
-1.858487e-27
-1.768600e-27
-1.683026e-27
-1.601561e-27
-1.524009e-27
-1.450183e-27
-1.379906e-27
-1.313009e-27
-1.249330e-27
-1.188716e-27
-1.131020e-27
-1.076103e-27
-1.023832e-27
-9.740807e-28
-9.267286e-28
-8.816608e-28
-8.387681e-28
-7.979462e-28
-7.590959e-28
-7.221228e-28
-6.869369e-28
-6.534525e-28
-6.215879e-28
-5.912653e-28
-5.624108e-28
-5.349537e-28
-5.088270e-28
-4.839667e-28
-4.603118e-28
-4.378045e-28
-4.163893e-28
-3.960138e-28
-3.766279e-28
-3.581838e-28
-3.406362e-28
-3.239418e-28
-3.080595e-28
-2.929500e-28
-2.785760e-28
-2.649021e-28
-2.518943e-28
-2.395205e-28
-2.277501e-28
-2.165537e-28
-2.059037e-28
-1.957735e-28
-1.861380e-28
-1.769732e-28
-1.682564e-28
-1.599657e-28
-1.520805e-28
-1.445811e-28
-1.374487e-28
-1.306657e-28
-1.242149e-28
-1.180802e-28
-1.122462e-28
-1.066984e-28
-1.014228e-28
-9.640607e-29
-9.163568e-29
-8.709961e-29
-8.278644e-29
-7.868529e-29
-7.478582e-29
-7.107818e-29
-6.755302e-29
-6.420141e-29
-6.101487e-29
-5.798534e-29
-5.510514e-29
-5.236696e-29
-4.976385e-29
-4.728919e-29
-4.493671e-29
-4.270040e-29
-4.057458e-29
-3.855382e-29
-3.663298e-29
-3.480714e-29
-3.307165e-29
-3.142207e-29
-2.985417e-29
-2.836394e-29
-2.694757e-29
-2.560141e-29
-2.432202e-29
-2.310610e-29
-2.195053e-29
-2.085234e-29
-1.980870e-29
-1.881692e-29
-1.787444e-29
-1.697883e-29
-1.612777e-29
-1.531907e-29
-1.455062e-29
-1.382045e-29
-1.312666e-29
-1.246746e-29
-1.184112e-29
-1.124602e-29
-1.068062e-29
-1.014344e-29
-9.633087e-30
-9.148230e-30
-8.687605e-30
-8.250009e-30
-7.834299e-30
-7.439388e-30
-7.064244e-30
-6.707883e-30
-6.369373e-30
-6.047825e-30
-5.742396e-30
-5.452283e-30
-5.176724e-30
-4.914994e-30
-4.666405e-30
-4.430300e-30
-4.206058e-30
-3.993086e-30
-3.790823e-30
-3.598734e-30
-3.416310e-30
-3.243069e-30
-3.078552e-30
-2.922323e-30
-2.773966e-30
-2.633089e-30
-2.499317e-30
-2.372294e-30
-2.251681e-30
-2.137159e-30
-2.028421e-30
-1.925177e-30
-1.827151e-30
-1.734083e-30
-1.645722e-30
-1.561833e-30
-1.482191e-30
-1.406581e-30
-1.334802e-30
-1.266661e-30
-1.201975e-30
-1.140569e-30
-1.082279e-30
-1.026947e-30
-9.744254e-31
-9.245711e-31
-8.772500e-31
-8.323344e-31
-7.897028e-31
-7.492398e-31
-7.108360e-31
-6.743872e-31
-6.397947e-31
-6.069645e-31
-5.758075e-31
-5.462390e-31
-5.181786e-31
-4.915499e-31
-4.662803e-31
-4.423010e-31
-4.195466e-31
-3.979548e-31
-3.774668e-31
-3.580264e-31
-3.395805e-31
-3.220786e-31
-3.054726e-31
-2.897170e-31
-2.747687e-31
-2.605864e-31
-2.471313e-31
-2.343662e-31
-2.222560e-31
-2.107675e-31
-1.998688e-31
-1.895299e-31
-1.797222e-31
-1.704187e-31
-1.615936e-31
-1.532224e-31
-1.452821e-31
-1.377504e-31
-1.306066e-31
-1.238309e-31
-1.174043e-31
-1.113090e-31
-1.055281e-31
-1.000455e-31
-9.484577e-32
-8.991452e-32
-8.523798e-32
-8.080305e-32
-7.659736e-32
-7.260912e-32
-6.882717e-32
-6.524091e-32
-6.184029e-32
-5.861576e-32
-5.555826e-32
-5.265919e-32
-4.991041e-32
-4.730418e-32
-4.483314e-32
-4.249035e-32
-4.026917e-32
-3.816335e-32
-3.616694e-32
-3.427427e-32
-3.248001e-32
-3.077907e-32
-2.916662e-32
-2.763810e-32
-2.618916e-32
-2.481569e-32
-2.351378e-32
-2.227973e-32
-2.111003e-32
-2.000134e-32
-1.895050e-32
-1.795452e-32
-1.701054e-32
-1.611587e-32
-1.526796e-32
-1.446437e-32
-1.370280e-32
-1.298107e-32
-1.229711e-32
-1.164895e-32
-1.103474e-32
-1.045271e-32
-9.901182e-33
-9.378567e-33
-8.883360e-33
-8.414135e-33
-7.969535e-33
-7.548278e-33
-7.149147e-33
-6.770985e-33
-6.412699e-33
-6.073252e-33
-5.751658e-33
-5.446985e-33
-5.158349e-33
-4.884910e-33
-4.625875e-33
-4.380488e-33
-4.148036e-33
-3.927840e-33
-3.719260e-33
-3.521686e-33
-3.334542e-33
-3.157279e-33
-2.989381e-33
-2.830355e-33
-2.679735e-33
-2.537080e-33
-2.401972e-33
-2.274013e-33
-2.152828e-33
-2.038061e-33
-1.929374e-33
-1.826447e-33
-1.728976e-33
-1.636674e-33
-1.549269e-33
-1.466503e-33
-1.388131e-33
-1.313921e-33
-1.243653e-33
-1.177121e-33
-1.114125e-33
-1.054479e-33
-9.980075e-34
-9.445410e-34
-8.939212e-34
-8.459974e-34
-8.006269e-34
-7.576745e-34
-7.170123e-34
-6.785187e-34
-6.420790e-34
-6.075842e-34
-5.749312e-34
-5.440222e-34
-5.147647e-34
-4.870710e-34
-4.608580e-34
-4.360471e-34
-4.125637e-34
-3.903373e-34
-3.693009e-34
-3.493913e-34
-3.305485e-34
-3.127157e-34
-2.958391e-34
-2.798677e-34
-2.647533e-34
-2.504502e-34
-2.369151e-34
-2.241070e-34
-2.119872e-34
-2.005188e-34
-1.896671e-34
-1.793990e-34
-1.696835e-34
-1.604910e-34
-1.517934e-34
-1.435644e-34
-1.357788e-34
-1.284128e-34
-1.214440e-34
-1.148511e-34
-1.086140e-34
-1.027136e-34
-9.713175e-35
-9.185143e-35
-8.685643e-35
-8.213144e-35
-7.766194e-35
-7.343421e-35
-6.943525e-35
-6.565276e-35
-6.207508e-35
-5.869120e-35
-5.549068e-35
-5.246365e-35
-4.960076e-35
-4.689316e-35
-4.433249e-35
-4.191081e-35
-3.962063e-35
-3.745485e-35
-3.540675e-35
-3.346999e-35
-3.163853e-35
-2.990670e-35
-2.826911e-35
-2.672065e-35
-2.525651e-35
-2.387212e-35
-2.256317e-35
-2.132556e-35
-2.015544e-35
-1.904915e-35
-1.800322e-35
-1.701438e-35
-1.607953e-35
-1.519575e-35
-1.436025e-35
-1.357043e-35
-1.282379e-35
-1.211799e-35
-1.145081e-35
-1.082014e-35
-1.022401e-35
-9.660532e-36
-9.127925e-36
-8.624512e-36
-8.148700e-36
-7.698986e-36
-7.273946e-36
-6.872236e-36
-6.492581e-36
-6.133778e-36
-5.794689e-36
-5.474236e-36
-5.171403e-36
-4.885225e-36
-4.614792e-36
-4.359243e-36
-4.117764e-36
-3.889584e-36
-3.673975e-36
-3.470249e-36
-3.277755e-36
-3.095877e-36
-2.924033e-36
-2.761673e-36
-2.608276e-36
-2.463351e-36
-2.326432e-36
-2.197080e-36
-2.074878e-36
-1.959435e-36
-1.850378e-36
-1.747356e-36
-1.650037e-36
-1.558108e-36
-1.471270e-36
-1.389245e-36
-1.311767e-36
-1.238586e-36
-1.169463e-36
-1.104177e-36
-1.042514e-36
-9.842756e-37
-9.292720e-37
-8.773246e-37
-8.282648e-37
-7.819328e-37
-7.381779e-37
-6.968576e-37
-6.578372e-37
-6.209893e-37
-5.861939e-37
-5.533371e-37
-5.223116e-37
-4.930159e-37
-4.653541e-37
-4.392356e-37
-4.145748e-37
-3.912908e-37
-3.693072e-37
-3.485518e-37
-3.289563e-37
-3.104563e-37
-2.929909e-37
-2.765026e-37
-2.609370e-37
-2.462427e-37
-2.323713e-37
-2.192770e-37
-2.069164e-37
-1.952488e-37
-1.842353e-37
-1.738397e-37
-1.640274e-37
-1.547659e-37
-1.460244e-37
-1.377739e-37
-1.299870e-37
-1.226378e-37
-1.157018e-37
-1.091558e-37
-1.029782e-37
-9.714832e-38
-9.164663e-38
-8.645479e-38
-8.155546e-38
-7.693224e-38
-7.256966e-38
-6.845311e-38
-6.456879e-38
-6.090368e-38
-5.744547e-38
-5.418254e-38
-5.110394e-38
-4.819930e-38
-4.545885e-38
-4.287337e-38
-4.043413e-38
-3.813291e-38
-3.596195e-38
-3.391391e-38
-3.198187e-38
-3.015930e-38
-2.844003e-38
-2.681824e-38
-2.528842e-38
-2.384540e-38
-2.248428e-38
-2.120043e-38
-1.998949e-38
-1.884734e-38
-1.777010e-38
-1.675410e-38
-1.579587e-38
-1.489216e-38
-1.403987e-38
-1.323609e-38
-1.247808e-38
-1.176325e-38
-1.108914e-38
-1.045346e-38
-9.854030e-39
-9.288784e-39
-8.755787e-39
-8.253211e-39
-7.779328e-39
-7.332508e-39
-6.911216e-39
-6.513999e-39
-6.139490e-39
-5.786399e-39
-5.453505e-39
-5.139661e-39
-4.843783e-39
-4.564847e-39
-4.301888e-39
-4.053997e-39
-3.820314e-39
-3.600030e-39
-3.392381e-39
-3.196645e-39
-3.012143e-39
-2.838234e-39
-2.674312e-39
-2.519808e-39
-2.374183e-39
-2.236929e-39
-2.107569e-39
-1.985649e-39
-1.870746e-39
-1.762457e-39
-1.660403e-39
-1.564227e-39
-1.473593e-39
-1.388183e-39
-1.307697e-39
-1.231854e-39
-1.160386e-39
-1.093043e-39
-1.029587e-39
-9.697963e-40
-9.134595e-40
-8.603784e-40
-8.103657e-40
-7.632451e-40
-7.188501e-40
-6.770239e-40
-6.376188e-40
-6.004953e-40
-5.655219e-40
-5.325749e-40
-5.015373e-40
-4.722993e-40
-4.447568e-40
-4.188123e-40
-3.943733e-40
-3.713531e-40
-3.496696e-40
-3.292458e-40
-3.100087e-40
-2.918898e-40
-2.748244e-40
-2.587516e-40
-2.436140e-40
-2.293575e-40
-2.159309e-40
-2.032863e-40
-1.913784e-40
-1.801644e-40
-1.696041e-40
-1.596597e-40
-1.502953e-40
-1.414774e-40
-1.331742e-40
-1.253558e-40
-1.179941e-40
-1.110625e-40
-1.045360e-40
-9.839110e-41
-9.260557e-41
-8.715850e-41
-8.203021e-41
-7.720212e-41
-7.265676e-41
-6.837766e-41
-6.434930e-41
-6.055706e-41
-5.698718e-41
-5.362667e-41
-5.046334e-41
-4.748566e-41
-4.468279e-41
-4.204454e-41
-3.956127e-41
-3.722393e-41
-3.502399e-41
-3.295341e-41
-3.100463e-41
-2.917052e-41
-2.744436e-41
-2.581983e-41
-2.429098e-41
-2.285221e-41
-2.149822e-41
-2.022406e-41
-1.902504e-41
-1.789675e-41
-1.683504e-41
-1.583600e-41
-1.489596e-41
-1.401143e-41
-1.317917e-41
-1.239610e-41
-1.165932e-41
-1.096612e-41
-1.031392e-41
-9.700327e-42
-9.123052e-42
-8.579962e-42
-8.069042e-42
-7.588395e-42
-7.136237e-42
-6.710888e-42
-6.310766e-42
-5.934383e-42
-5.580338e-42
-5.247310e-42
-4.934060e-42
-4.639417e-42
-4.362283e-42
-4.101622e-42
-3.856460e-42
-3.625880e-42
-3.409018e-42
-3.205064e-42
-3.013251e-42
-2.832862e-42
-2.663219e-42
-2.503686e-42
-2.353662e-42
-2.212584e-42
-2.079920e-42
-1.955173e-42
-1.837870e-42
-1.727571e-42
-1.623860e-42
-1.526344e-42
-1.434656e-42
-1.348449e-42
-1.267397e-42
-1.191193e-42
-1.119549e-42
-1.052192e-42
-9.888690e-43
-9.293382e-43
-8.733738e-43
-8.207633e-43
-7.713067e-43
-7.248157e-43
-6.811136e-43
-6.400337e-43
-6.014195e-43
-5.651238e-43
-5.310080e-43
-4.989418e-43
-4.688027e-43
-4.404755e-43
-4.138517e-43
-3.888294e-43
-3.653128e-43
-3.432117e-43
-3.224412e-43
-3.029218e-43
-2.845783e-43
-2.673403e-43
-2.511415e-43
-2.359196e-43
-2.216159e-43
-2.081752e-43
-1.955459e-43
-1.836791e-43
-1.725290e-43
-1.620525e-43
-1.522092e-43
-1.429610e-43
-1.342720e-43
-1.261086e-43
-1.184392e-43
-1.112340e-43
-1.044650e-43
-9.810604e-44
-9.213231e-44
-8.652061e-44
-8.124910e-44
-7.629726e-44
-7.164580e-44
-6.727657e-44
-6.317255e-44
-5.931770e-44
-5.569698e-44
-5.229622e-44
-4.910214e-44
-4.610222e-44
-4.328473e-44
-4.063862e-44
-3.815351e-44
-3.581967e-44
-3.362792e-44
-3.156965e-44
-2.963677e-44
-2.782168e-44
-2.611724e-44
-2.451674e-44
-2.301385e-44
-2.160267e-44
-2.027762e-44
-1.903346e-44
-1.786529e-44
-1.676848e-44
-1.573869e-44
-1.477186e-44
-1.386414e-44
-1.301194e-44
-1.221188e-44
-1.146079e-44
-1.075568e-44
-1.009375e-44
-9.472370e-45
-8.889066e-45
-8.341516e-45
-7.827539e-45
-7.345086e-45
-6.892233e-45
-6.467171e-45
-6.068204e-45
-5.693736e-45
-5.342271e-45
-5.012402e-45
-4.702808e-45
-4.412248e-45
-4.139559e-45
-3.883645e-45
-3.643481e-45
-3.418100e-45
-3.206597e-45
-3.008122e-45
-2.821876e-45
-2.647108e-45
-2.483115e-45
-2.329236e-45
-2.184849e-45
-2.049372e-45
-1.922258e-45
-1.802992e-45
-1.691092e-45
-1.586106e-45
-1.487608e-45
-1.395199e-45
-1.308505e-45
-1.227173e-45
-1.150873e-45
-1.079297e-45
-1.012151e-45
-9.491644e-46
-8.900795e-46
-8.346561e-46
-7.826683e-46
-7.339041e-46
-6.881645e-46
-6.452627e-46
-6.050236e-46
-5.672825e-46
-5.318852e-46
-4.986867e-46
-4.675510e-46
-4.383507e-46
-4.109658e-46
-3.852841e-46
-3.612002e-46
-3.386150e-46
-3.174357e-46
-2.975752e-46
-2.789517e-46
-2.614886e-46
-2.451139e-46
-2.297600e-46
-2.153636e-46
-2.018653e-46
-1.892092e-46
-1.773432e-46
-1.662179e-46
-1.557875e-46
-1.460088e-46
-1.368411e-46
-1.282465e-46
-1.201894e-46
-1.126361e-46
-1.055555e-46
-9.891804e-47
-9.269610e-47
-8.686379e-47
-8.139683e-47
-7.627244e-47
-7.146923e-47
-6.696718e-47
-6.274748e-47
-5.879250e-47
-5.508571e-47
-5.161161e-47
-4.835565e-47
-4.530420e-47
-4.244446e-47
-3.976446e-47
-3.725293e-47
-3.489934e-47
-3.269379e-47
-3.062703e-47
-2.869035e-47
-2.687560e-47
-2.517514e-47
-2.358180e-47
-2.208886e-47
-2.069004e-47
-1.937941e-47
-1.815144e-47
-1.700095e-47
-1.592306e-47
-1.491322e-47
-1.396714e-47
-1.308083e-47
-1.225051e-47
-1.147267e-47
-1.074401e-47
-1.006142e-47
-9.422019e-48
-8.823073e-48
-8.262038e-48
-7.736524e-48
-7.244292e-48
-6.783244e-48
-6.351412e-48
-5.946954e-48
-5.568141e-48
-5.213354e-48
-4.881077e-48
-4.569887e-48
-4.278452e-48
-4.005523e-48
-3.749930e-48
-3.510577e-48
-3.286437e-48
-3.076546e-48
-2.880003e-48
-2.695963e-48
-2.523633e-48
-2.362272e-48
-2.211184e-48
-2.069719e-48
-1.937266e-48
-1.813253e-48
-1.697146e-48
-1.588441e-48
-1.486670e-48
-1.391392e-48
-1.302194e-48
-1.218690e-48
-1.140518e-48
-1.067339e-48
-9.988361e-49
-9.347111e-49
-8.746855e-49
-8.184984e-49
-7.659054e-49
-7.166776e-49
-6.706006e-49
-6.274735e-49
-5.871084e-49
-5.493290e-49
-5.139705e-49
-4.808783e-49
-4.499079e-49
-4.209237e-49
-3.937990e-49
-3.684149e-49
-3.446602e-49
-3.224308e-49
-3.016292e-49
-2.821639e-49
-2.639496e-49
-2.469062e-49
-2.309587e-49
-2.160369e-49
-2.020752e-49
-1.890121e-49
-1.767899e-49
-1.653548e-49
-1.546562e-49
-1.446470e-49
-1.352829e-49
-1.265225e-49
-1.183270e-49
-1.106602e-49
-1.034881e-49
-9.677895e-50
-9.050294e-50
-8.463224e-50
-7.914079e-50
-7.400420e-50
-6.919962e-50
-6.470568e-50
-6.050239e-50
-5.657102e-50
-5.289406e-50
-4.945512e-50
-4.623884e-50
-4.323087e-50
-4.041778e-50
-3.778699e-50
-3.532674e-50
-3.302601e-50
-3.087452e-50
-2.886261e-50
-2.698127e-50
-2.522206e-50
-2.357709e-50
-2.203896e-50
-2.060077e-50
-1.925605e-50
-1.799875e-50
-1.682321e-50
-1.572414e-50
-1.469658e-50
-1.373589e-50
-1.283775e-50
-1.199810e-50
-1.121314e-50
-1.047933e-50
-9.793350e-51
-9.152091e-51
-8.552652e-51
-7.992315e-51
-7.468542e-51
-6.978956e-51
-6.521334e-51
-6.093599e-51
-5.693806e-51
-5.320137e-51
-4.970893e-51
-4.644483e-51
-4.339420e-51
-4.054315e-51
-3.787866e-51
-3.538858e-51
-3.306154e-51
-3.088690e-51
-2.885473e-51
-2.695573e-51
-2.518121e-51
-2.352304e-51
-2.197363e-51
-2.052586e-51
-1.917310e-51
-1.790915e-51
-1.672818e-51
-1.562478e-51
-1.459387e-51
-1.363071e-51
-1.273087e-51
-1.189019e-51
-1.110480e-51
-1.037109e-51
-9.685665e-52
-9.045358e-52
-8.447214e-52
-7.888468e-52
-7.366534e-52
-6.878997e-52
-6.423599e-52
-5.998230e-52
-5.600918e-52
-5.229819e-52
-4.883212e-52
-4.559485e-52
-4.257136e-52
-3.974757e-52
-3.711034e-52
-3.464741e-52
-3.234730e-52
-3.019928e-52
-2.819335e-52
-2.632013e-52
-2.457089e-52
-2.293744e-52
-2.141217e-52
-1.998792e-52
-1.865804e-52
-1.741629e-52
-1.625687e-52
-1.517432e-52
-1.416359e-52
-1.321991e-52
-1.233887e-52
-1.151631e-52
-1.074838e-52
-1.003145e-52
-9.362161e-53
-8.737351e-53
-8.154078e-53
-7.609591e-53
-7.101321e-53
-6.626869e-53
-6.183994e-53
-5.770601e-53
-5.384737e-53
-5.024575e-53
-4.688409e-53
-4.374648e-53
-4.081803e-53
-3.808487e-53
-3.553401e-53
-3.315335e-53
-3.093157e-53
-2.885811e-53
-2.692311e-53
-2.511736e-53
-2.343226e-53
-2.185977e-53
-2.039241e-53
-1.902317e-53
-1.774551e-53
-1.655334e-53
-1.544095e-53
-1.440304e-53
-1.343462e-53
-1.253106e-53
-1.168805e-53
-1.090153e-53
-1.016774e-53
-9.483148e-54
-8.844477e-54
-8.248656e-54
-7.692820e-54
-7.174298e-54
-6.690593e-54
-6.239377e-54
-5.818475e-54
-5.425860e-54
-5.059637e-54
-4.718039e-54
-4.399416e-54
-4.102230e-54
-3.825043e-54
-3.566515e-54
-3.325395e-54
-3.100514e-54
-2.890784e-54
-2.695187e-54
-2.512775e-54
-2.342663e-54
-2.184023e-54
-2.036086e-54
-1.898132e-54
-1.769490e-54
-1.649533e-54
-1.537679e-54
-1.433380e-54
-1.336130e-54
-1.245453e-54
-1.160907e-54
-1.082078e-54
-1.008583e-54
-9.400604e-55
-8.761760e-55
-8.166169e-55
-7.610913e-55
-7.093270e-55
-6.610704e-55
-6.160845e-55
-5.741485e-55
-5.350564e-55
-4.986161e-55
-4.646484e-55
-4.329862e-55
-4.034734e-55
-3.759649e-55
-3.503249e-55
-3.264270e-55
-3.041533e-55
-2.833939e-55
-2.640461e-55
-2.460144e-55
-2.292095e-55
-2.135483e-55
-1.989532e-55
-1.853520e-55
-1.726771e-55
-1.608659e-55
-1.498595e-55
-1.396035e-55
-1.300467e-55
-1.211418e-55
-1.128444e-55
-1.051132e-55
-9.790982e-56
-9.119824e-56
-8.494504e-56
-7.911905e-56
-7.369117e-56
-6.863430e-56
-6.392318e-56
-5.953426e-56
-5.544558e-56
-5.163667e-56
-4.808848e-56
-4.478320e-56
-4.170429e-56
-3.883628e-56
-3.616479e-56
-3.367640e-56
-3.135861e-56
-2.919976e-56
-2.718900e-56
-2.531620e-56
-2.357193e-56
-2.194741e-56
-2.043444e-56
-1.902539e-56
-1.771315e-56
-1.649110e-56
-1.535305e-56
-1.429325e-56
-1.330635e-56
-1.238734e-56
-1.153158e-56
-1.073472e-56
-9.992733e-57
-9.301845e-57
-8.658553e-57
-8.059589e-57
-7.501911e-57
-6.982683e-57
-6.499263e-57
-6.049191e-57
-5.630175e-57
-5.240079e-57
-4.876916e-57
-4.538831e-57
-4.224100e-57
-3.931115e-57
-3.658379e-57
-3.404498e-57
-3.168172e-57
-2.948193e-57
-2.743434e-57
-2.552845e-57
-2.375449e-57
-2.210337e-57
-2.056660e-57
-1.913630e-57
-1.780512e-57
-1.656621e-57
-1.541320e-57
-1.434016e-57
-1.334156e-57
-1.241225e-57
-1.154744e-57
-1.074267e-57
-9.993794e-58
-9.296936e-58
-8.648499e-58
-8.045128e-58
-7.483704e-58
-6.961321e-58
-6.475273e-58
-6.023042e-58
-5.602284e-58
-5.210816e-58
-4.846607e-58
-4.507764e-58
-4.192528e-58
-3.899260e-58
-3.626434e-58
-3.372631e-58
-3.136528e-58
-2.916896e-58
-2.712590e-58
-2.522544e-58
-2.345766e-58
-2.181334e-58
-2.028387e-58
-1.886127e-58
-1.753810e-58
-1.630743e-58
-1.516282e-58
-1.409826e-58
-1.310819e-58
-1.218741e-58
-1.133108e-58
-1.053471e-58
-9.794116e-59
-9.105407e-59
-8.464959e-59
-7.869403e-59
-7.315602e-59
-6.800640e-59
-6.321802e-59
-5.876562e-59
-5.462573e-59
-5.077647e-59
-4.719752e-59
-4.386996e-59
-4.077620e-59
-3.789986e-59
-3.522572e-59
-3.273961e-59
-3.042836e-59
-2.827972e-59
-2.628227e-59
-2.442543e-59
-2.269932e-59
-2.109477e-59
-1.960326e-59
-1.821684e-59
-1.692814e-59
-1.573030e-59
-1.461692e-59
-1.358208e-59
-1.262026e-59
-1.172631e-59
-1.089547e-59
-1.012330e-59
-9.405661e-60
-8.738726e-60
-8.118921e-60
-7.542927e-60
-7.007657e-60
-6.510244e-60
-6.048017e-60
-5.618497e-60
-5.219378e-60
-4.848515e-60
-4.503914e-60
-4.183722e-60
-3.886216e-60
-3.609795e-60
-3.352968e-60
-3.114353e-60
-2.892661e-60
-2.686697e-60
-2.495348e-60
-2.317582e-60
-2.152437e-60
-1.999020e-60
-1.856501e-60
-1.724109e-60
-1.601127e-60
-1.486887e-60
-1.380771e-60
-1.282203e-60
-1.190648e-60
-1.105608e-60
-1.026622e-60
-9.532595e-61
-8.851222e-61
-8.218390e-61
-7.630651e-61
-7.084805e-61
-6.577874e-61
-6.107094e-61
-5.669896e-61
-5.263892e-61
-4.886863e-61
-4.536750e-61
-4.211637e-61
-3.909744e-61
-3.629420e-61
-3.369127e-61
-3.127441e-61
-2.903034e-61
-2.694676e-61
-2.501223e-61
-2.321612e-61
-2.154856e-61
-2.000038e-61
-1.856306e-61
-1.722870e-61
-1.598994e-61
-1.483995e-61
-1.377239e-61
-1.278138e-61
-1.186144e-61
-1.100750e-61
-1.021483e-61
-9.479061e-62
-8.796111e-62
-8.162205e-62
-7.573832e-62
-7.027733e-62
-6.520881e-62
-6.050463e-62
-5.613871e-62
-5.208679e-62
-4.832637e-62
-4.483654e-62
-4.159791e-62
-3.859244e-62
-3.580341e-62
-3.321528e-62
-3.081363e-62
-2.858507e-62
-2.651716e-62
-2.459836e-62
-2.281796e-62
-2.116599e-62
-1.963324e-62
-1.821112e-62
-1.689168e-62
-1.566753e-62
-1.453180e-62
-1.347813e-62
-1.250062e-62
-1.159377e-62
-1.075249e-62
-9.972062e-63
-9.248096e-63
-8.576518e-63
-7.953552e-63
-7.375690e-63
-6.839676e-63
-6.342491e-63
-5.881330e-63
-5.453592e-63
-5.056863e-63
-4.688901e-63
-4.347628e-63
-4.031114e-63
-3.737569e-63
-3.465330e-63
-3.212858e-63
-2.978721e-63
-2.761592e-63
-2.560240e-63
-2.373521e-63
-2.200376e-63
-2.039822e-63
-1.890945e-63
-1.752899e-63
-1.624899e-63
-1.506216e-63
-1.396174e-63
-1.294146e-63
-1.199550e-63
-1.111846e-63
-1.030535e-63
-9.551507e-64
-8.852635e-64
-8.204736e-64
-7.604104e-64
-7.047303e-64
-6.531143e-64
-6.052668e-64
-5.609135e-64
-5.198001e-64
-4.816906e-64
-4.463663e-64
-4.136243e-64
-3.832764e-64
-3.551481e-64
-3.290776e-64
-3.049149e-64
-2.825207e-64
-2.617660e-64
-2.425312e-64
-2.247054e-64
-2.081856e-64
-1.928765e-64
-1.786896e-64
-1.655430e-64
-1.533605e-64
-1.420718e-64
-1.316114e-64
-1.219187e-64
-1.129377e-64
-1.046161e-64
-9.690584e-65
-8.976201e-65
-8.314317e-65
-7.701086e-65
-7.132943e-65
-6.606584e-65
-6.118946e-65
-5.667188e-65
-5.248679e-65
-4.860980e-65
-4.501829e-65
-4.169132e-65
-3.860945e-65
-3.575469e-65
-3.311035e-65
-3.066098e-65
-2.839224e-65
-2.629085e-65
-2.434451e-65
-2.254181e-65
-2.087219e-65
-1.932585e-65
-1.789372e-65
-1.656738e-65
-1.533906e-65
-1.420152e-65
-1.314808e-65
-1.217255e-65
-1.126917e-65
-1.043263e-65
-9.657991e-66
-8.940697e-66
-8.276512e-66
-7.661516e-66
-7.092078e-66
-6.564833e-66
-6.076665e-66
-5.624685e-66
-5.206221e-66
-4.818794e-66
-4.460110e-66
-4.128042e-66
-3.820622e-66
-3.536026e-66
-3.272565e-66
-3.028673e-66
-2.802902e-66
-2.593910e-66
-2.400454e-66
-2.221381e-66
-2.055627e-66
-1.902203e-66
-1.760195e-66
-1.628756e-66
-1.507103e-66
-1.394508e-66
-1.290300e-66
-1.193855e-66
-1.104597e-66
-1.021993e-66
-9.455465e-67
-8.748013e-67
-8.093333e-67
-7.487499e-67
-6.926878e-67
-6.408106e-67
-5.928069e-67
-5.483883e-67
-5.072880e-67
-4.692587e-67
-4.340717e-67
-4.015152e-67
-3.713932e-67
-3.435242e-67
-3.177401e-67
-2.938856e-67
-2.718165e-67
-2.513997e-67
-2.325119e-67
-2.150388e-67
-1.988749e-67
-1.839224e-67
-1.700907e-67
-1.572961e-67
-1.454610e-67
-1.345138e-67
-1.243880e-67
-1.150221e-67
-1.063593e-67
-9.834707e-68
-9.093657e-68
-8.408279e-68
-7.774403e-68
-7.188171e-68
-6.646013e-68
-6.144624e-68
-5.680949e-68
-5.252159e-68
-4.855637e-68
-4.488962e-68
-4.149895e-68
-3.836363e-68
-3.546448e-68
-3.278378e-68
-3.030510e-68
-2.801327e-68
-2.589426e-68
-2.393505e-68
-2.212365e-68
-2.044893e-68
-1.890060e-68
-1.746917e-68
-1.614582e-68
-1.492243e-68
-1.379146e-68
-1.274596e-68
-1.177948e-68
-1.088607e-68
-1.006022e-68
-9.296834e-69
-8.591208e-69
-7.938982e-69
-7.336126e-69
-6.778914e-69
-6.263901e-69
-5.787900e-69
-5.347966e-69
-4.941372e-69
-4.565601e-69
-4.218322e-69
-3.897381e-69
-3.600787e-69
-3.326698e-69
-3.073412e-69
-2.839354e-69
-2.623069e-69
-2.423211e-69
-2.238537e-69
-2.067895e-69
-1.910224e-69
-1.764540e-69
-1.629934e-69
-1.505567e-69
-1.390662e-69
-1.284500e-69
-1.186420e-69
-1.095807e-69
-1.012094e-69
-9.347582e-70
-8.633146e-70
-7.973156e-70
-7.363475e-70
-6.800280e-70
-6.280037e-70
-5.799479e-70
-5.355588e-70
-4.945574e-70
-4.566860e-70
-4.217063e-70
-3.893982e-70
-3.595581e-70
-3.319981e-70
-3.065446e-70
-2.830369e-70
-2.613267e-70
-2.412770e-70
-2.227612e-70
-2.056623e-70
-1.898720e-70
-1.752907e-70
-1.618259e-70
-1.493924e-70
-1.379115e-70
-1.273104e-70
-1.175219e-70
-1.084838e-70
-1.001388e-70
-9.243396e-71
-8.532022e-71
-7.875240e-71
-7.268871e-71
-6.709059e-71
-6.192237e-71
-5.715115e-71
-5.274652e-71
-4.868039e-71
-4.492682e-71
-4.146185e-71
-3.826336e-71
-3.531091e-71
-3.258563e-71
-3.007009e-71
-2.774820e-71
-2.560508e-71
-2.362702e-71
-2.180134e-71
-2.011633e-71
-1.856119e-71
-1.712594e-71
-1.580135e-71
-1.457892e-71
-1.345080e-71
-1.240972e-71
-1.144900e-71
-1.056244e-71
-9.744343e-72
-8.989431e-72
-8.292839e-72
-7.650075e-72
-7.056990e-72
-6.509757e-72
-6.004840e-72
-5.538976e-72
-5.109153e-72
-4.712591e-72
-4.346724e-72
-4.009181e-72
-3.697777e-72
-3.410493e-72
-3.145467e-72
-2.900977e-72
-2.675439e-72
-2.467386e-72
-2.275467e-72
-2.098434e-72
-1.935137e-72
-1.784511e-72
-1.645578e-72
-1.517431e-72
-1.399235e-72
-1.290221e-72
-1.189676e-72
-1.096945e-72
-1.011422e-72
-9.325480e-73
-8.598080e-73
-7.927261e-73
-7.308635e-73
-6.738151e-73
-6.212075e-73
-5.726958e-73
-5.279620e-73
-4.867128e-73
-4.486775e-73
-4.136063e-73
-3.812690e-73
-3.514530e-73
-3.239622e-73
-2.986158e-73
-2.752471e-73
-2.537021e-73
-2.338389e-73
-2.155266e-73
-1.986445e-73
-1.830810e-73
-1.687336e-73
-1.555075e-73
-1.433153e-73
-1.320764e-73
-1.217164e-73
-1.121668e-73
-1.033644e-73
-9.525094e-74
-8.777257e-74
-8.087974e-74
-7.452674e-74
-6.867139e-74
-6.327483e-74
-5.830121e-74
-5.371747e-74
-4.949313e-74
-4.560009e-74
-4.201243e-74
-3.870628e-74
-3.565959e-74
-3.285207e-74
-3.026499e-74
-2.788109e-74
-2.568445e-74
-2.366041e-74
-2.179544e-74
-2.007707e-74
-1.849382e-74
-1.703508e-74
-1.569109e-74
-1.445285e-74
-1.331206e-74
-1.226108e-74
-1.129284e-74
-1.040086e-74
-9.579143e-75
-8.822171e-75
-8.124856e-75
-7.482510e-75
-6.890811e-75
-6.345776e-75
-5.843736e-75
-5.381307e-75
-4.955374e-75
-4.563063e-75
-4.201728e-75
-3.868929e-75
-3.562419e-75
-3.280127e-75
-3.020144e-75
-2.780713e-75
-2.560212e-75
-2.357150e-75
-2.170151e-75
-1.997947e-75
-1.839371e-75
-1.693348e-75
-1.558887e-75
-1.435074e-75
-1.321068e-75
-1.216096e-75
-1.119442e-75
-1.030450e-75
-9.485137e-76
-8.730753e-76
-8.036209e-76
-7.396770e-76
-6.808076e-76
-6.266111e-76
-5.767176e-76
-5.307863e-76
-4.885034e-76
-4.495799e-76
-4.137497e-76
-3.807674e-76
-3.504074e-76
-3.224618e-76
-2.967389e-76
-2.730626e-76
-2.512704e-76
-2.312128e-76
-2.127521e-76
-1.957615e-76
-1.801242e-76
-1.657327e-76
-1.524880e-76
-1.402990e-76
-1.290818e-76
-1.187591e-76
-1.092597e-76
-1.005181e-76
-9.247417e-77
-8.507223e-77
-7.826122e-77
-7.199408e-77
-6.622750e-77
-6.092161e-77
-5.603969e-77
-5.154797e-77
-4.741533e-77
-4.361314e-77
-4.011505e-77
-3.689680e-77
-3.393607e-77
-3.121230e-77
-2.870658e-77
-2.640149e-77
-2.428101e-77
-2.233041e-77
-2.053610e-77
-1.888559e-77
-1.736739e-77
-1.597092e-77
-1.468645e-77
-1.350502e-77
-1.241837e-77
-1.141894e-77
-1.049973e-77
-9.654329e-78
-8.876819e-78
-8.161764e-78
-7.504161e-78
-6.899404e-78
-6.343259e-78
-5.831829e-78
-5.361526e-78
-4.929053e-78
-4.531375e-78
-4.165699e-78
-3.829457e-78
-3.520286e-78
-3.236011e-78
-2.974634e-78
-2.734314e-78
-2.513360e-78
-2.310216e-78
-2.123448e-78
-1.951741e-78
-1.793883e-78
-1.648760e-78
-1.515347e-78
-1.392702e-78
-1.279958e-78
-1.176318e-78
-1.081048e-78
-9.934749e-79
-9.129775e-79
-8.389859e-79
-7.709756e-79
-7.084643e-79
-6.510087e-79
-5.982008e-79
-5.496656e-79
-5.050583e-79
-4.640619e-79
-4.263848e-79
-3.917590e-79
-3.599379e-79
-3.306949e-79
-3.038218e-79
-2.791270e-79
-2.564342e-79
-2.355817e-79
-2.164206e-79
-1.988141e-79
-1.826362e-79
-1.677715e-79
-1.541135e-79
-1.415647e-79
-1.300350e-79
-1.194420e-79
-1.097098e-79
-1.007686e-79
-9.255421e-80
-8.500777e-80
-7.807509e-80
-7.170638e-80
-6.585587e-80
-6.048150e-80
-5.554463e-80
-5.100972e-80
-4.684414e-80
-4.301788e-80
-3.950336e-80
-3.627527e-80
-3.331030e-80
-3.058707e-80
-2.808592e-80
-2.578877e-80
-2.367905e-80
-2.174148e-80
-1.996207e-80
-1.832792e-80
-1.682722e-80
-1.544909e-80
-1.418355e-80
-1.302142e-80
-1.195427e-80
-1.097436e-80
-1.007458e-80
-9.248384e-81
-8.489776e-81
-7.793239e-81
-7.153708e-81
-6.566528e-81
-6.027425e-81
-5.532472e-81
-5.078063e-81
-4.660884e-81
-4.277893e-81
-3.926295e-81
-3.603523e-81
-3.307221e-81
-3.035222e-81
-2.785538e-81
-2.556343e-81
-2.345960e-81
-2.152848e-81
-1.975594e-81
-1.812898e-81
-1.663568e-81
-1.526507e-81
-1.400712e-81
-1.285257e-81
-1.179296e-81
-1.082049e-81
-9.928014e-82
-9.108971e-82
-8.357331e-82
-7.667563e-82
-7.034584e-82
-6.453733e-82
-5.920725e-82
-5.431631e-82
-4.982840e-82
-4.571041e-82
-4.193191e-82
-3.846499e-82
-3.528401e-82
-3.236546e-82
-2.968772e-82
-2.723099e-82
-2.497707e-82
-2.290925e-82
-2.101221e-82
-1.927187e-82
-1.767533e-82
-1.621072e-82
-1.486719e-82
-1.363473e-82
-1.250420e-82
-1.146718e-82
-1.051595e-82
-9.643439e-83
-8.843146e-83
-8.109107e-83
-7.435851e-83
-6.818357e-83
-6.252017e-83
-5.732605e-83
-5.256241e-83
-4.819367e-83
-4.418716e-83
-4.051292e-83
-3.714346e-83
-3.405357e-83
-3.122011e-83
-2.862184e-83
-2.623929e-83
-2.405459e-83
-2.205135e-83
-2.021454e-83
-1.853037e-83
-1.698618e-83
-1.557036e-83
-1.427226e-83
-1.308214e-83
-1.199101e-83
-1.099067e-83
-1.007359e-83
-9.232848e-84
-8.462106e-84
-7.755551e-84
-7.107849e-84
-6.514112e-84
-5.969852e-84
-5.470958e-84
-5.013657e-84
-4.594489e-84
-4.210282e-84
-3.858128e-84
-3.535359e-84
-3.239528e-84
-2.968393e-84
-2.719897e-84
-2.492154e-84
-2.283435e-84
-2.092155e-84
-1.916861e-84
-1.756219e-84
-1.609008e-84
-1.474107e-84
-1.350490e-84
-1.237215e-84
-1.133418e-84
-1.038309e-84
-9.511620e-85
-8.713123e-85
-7.981500e-85
-7.311166e-85
-6.696998e-85
-6.134302e-85
-5.618773e-85
-5.146467e-85
-4.713770e-85
-4.317367e-85
-3.954220e-85
-3.621548e-85
-3.316798e-85
-3.037632e-85
-2.781908e-85
-2.547662e-85
-2.333094e-85
-2.136554e-85
-1.956533e-85
-1.791644e-85
-1.640619e-85
-1.502295e-85
-1.375606e-85
-1.259576e-85
-1.153310e-85
-1.055988e-85
-9.668596e-86
-8.852365e-86
-8.104879e-86
-7.420364e-86
-6.793527e-86
-6.219519e-86
-5.693898e-86
-5.212595e-86
-4.771882e-86
-4.368343e-86
-3.998851e-86
-3.660540e-86
-3.350785e-86
-3.067180e-86
-2.807523e-86
-2.569798e-86
-2.352155e-86
-2.152902e-86
-1.970489e-86
-1.803496e-86
-1.650622e-86
-1.510677e-86
-1.382570e-86
-1.265301e-86
-1.157956e-86
-1.059697e-86
-9.697563e-87
-8.874319e-87
-8.120801e-87
-7.431117e-87
-6.799871e-87
-6.222125e-87
-5.693354e-87
-5.209416e-87
-4.766518e-87
-4.361189e-87
-3.990249e-87
-3.650787e-87
-3.340138e-87
-3.055861e-87
-2.795724e-87
-2.557681e-87
-2.339860e-87
-2.140547e-87
-1.958173e-87
-1.791302e-87
-1.638619e-87
-1.498920e-87
-1.371104e-87
-1.254162e-87
-1.147172e-87
-1.049288e-87
-9.597370e-88
-8.778114e-88
-8.028633e-88
-7.342998e-88
-6.715782e-88
-6.142019e-88
-5.617165e-88
-5.137059e-88
-4.697896e-88
-4.296191e-88
-3.928758e-88
-3.592678e-88
-3.285282e-88
-3.004129e-88
-2.746982e-88
-2.511796e-88
-2.296701e-88
-2.099984e-88
-1.920078e-88
-1.755550e-88
-1.605088e-88
-1.467493e-88
-1.341666e-88
-1.226604e-88
-1.121387e-88
-1.025176e-88
-9.372005e-89
-8.567577e-89
-7.832041e-89
-7.159510e-89
-6.544599e-89
-5.982383e-89
-5.468356e-89
-4.998397e-89
-4.568737e-89
-4.175927e-89
-3.816815e-89
-3.488516e-89
-3.188392e-89
-2.914031e-89
-2.663226e-89
-2.433959e-89
-2.224384e-89
-2.032815e-89
-1.857707e-89
-1.697650e-89
-1.551352e-89
-1.417634e-89
-1.295416e-89
-1.183711e-89
-1.081617e-89
-9.883091e-90
-9.030327e-90
-8.250981e-90
-7.538746e-90
-6.887855e-90
-6.293038e-90
-5.749473e-90
-5.252756e-90
-4.798856e-90
-4.384093e-90
-4.005097e-90
-3.658793e-90
-3.342366e-90
-3.053245e-90
-2.789077e-90
-2.547716e-90
-2.327195e-90
-2.125720e-90
-1.941648e-90
-1.773481e-90
-1.619847e-90
-1.479493e-90
-1.351273e-90
-1.234141e-90
-1.127140e-90
-1.029395e-90
-9.401088e-91
-8.585496e-91
-7.840506e-91
-7.160019e-91
-6.538463e-91
-5.970746e-91
-5.452214e-91
-4.978616e-91
-4.546066e-91
-4.151015e-91
-3.790218e-91
-3.460713e-91
-3.159790e-91
-2.884978e-91
-2.634014e-91
-2.404833e-91
-2.195550e-91
-2.004440e-91
-1.829929e-91
-1.670579e-91
-1.525074e-91
-1.392215e-91
-1.270905e-91
-1.160143e-91
-1.059012e-91
-9.666786e-92
-8.823778e-92
-8.054126e-92
-7.351461e-92
-6.709966e-92
-6.124328e-92
-5.589692e-92
-5.101628e-92
-4.656087e-92
-4.249373e-92
-3.878108e-92
-3.539211e-92
-3.229865e-92
-2.947499e-92
-2.689766e-92
-2.454520e-92
-2.239805e-92
-2.043832e-92
-1.864969e-92
-1.701725e-92
-1.552739e-92
-1.416769e-92
-1.292680e-92
-1.179436e-92
-1.076092e-92
-9.817831e-93
-8.957218e-93
-8.171884e-93
-7.455258e-93
-6.801340e-93
-6.204657e-93
-5.660209e-93
-5.163433e-93
-4.710164e-93
-4.296600e-93
-3.919270e-93
-3.575007e-93
-3.260919e-93
-2.974367e-93
-2.712942e-93
-2.474445e-93
-2.256870e-93
-2.058385e-93
-1.877320e-93
-1.712148e-93
-1.561477e-93
-1.424037e-93
-1.298669e-93
-1.184315e-93
-1.080008e-93
-9.848692e-94
-8.980931e-94
-8.189466e-94
-7.467603e-94
-6.809234e-94
-6.208786e-94
-5.661175e-94
-5.161760e-94
-4.706310e-94
-4.290961e-94
-3.912191e-94
-3.566785e-94
-3.251811e-94
-2.964592e-94
-2.702689e-94
-2.463875e-94
-2.246118e-94
-2.047566e-94
-1.866529e-94
-1.701464e-94
-1.550966e-94
-1.413752e-94
-1.288652e-94
-1.174599e-94
-1.070618e-94
-9.758236e-95
-8.894045e-95
-8.106227e-95
-7.388046e-95
-6.733359e-95
-6.136566e-95
-5.592558e-95
-5.096675e-95
-4.644669e-95
-4.232667e-95
-3.857134e-95
-3.514850e-95
-3.202878e-95
-2.918537e-95
-2.659387e-95
-2.423200e-95
-2.207946e-95
-2.011773e-95
-1.832993e-95
-1.670068e-95
-1.521595e-95
-1.386293e-95
-1.262998e-95
-1.150646e-95
-1.048268e-95
-9.549792e-96
-8.699757e-96
-7.925228e-96
-7.219511e-96
-6.576506e-96
-5.990651e-96
-5.456879e-96
-4.970567e-96
-4.527506e-96
-4.123856e-96
-3.756119e-96
-3.421107e-96
-3.115913e-96
-2.837889e-96
-2.584622e-96
-2.353910e-96
-2.143750e-96
-1.952315e-96
-1.777940e-96
-1.619107e-96
-1.474435e-96
-1.342663e-96
-1.222643e-96
-1.113330e-96
-1.013770e-96
-9.230953e-97
-8.405140e-97
-7.653054e-97
-6.968126e-97
-6.344372e-97
-5.776339e-97
-5.259060e-97
-4.788009e-97
-4.359064e-97
-3.968468e-97
-3.612801e-97
-3.288944e-97
-2.994059e-97
-2.725560e-97
-2.481089e-97
-2.258502e-97
-2.055844e-97
-1.871333e-97
-1.703348e-97
-1.550412e-97
-1.411180e-97
-1.284425e-97
-1.169033e-97
-1.063987e-97
-9.683605e-98
-8.813111e-98
-8.020711e-98
-7.299412e-98
-6.642848e-98
-6.045221e-98
-5.501251e-98
-5.006130e-98
-4.555480e-98
-4.145316e-98
-3.772007e-98
-3.432249e-98
-3.123033e-98
-2.841617e-98
-2.585509e-98
-2.352437e-98
-2.140333e-98
-1.947315e-98
-1.771668e-98
-1.611832e-98
-1.466388e-98
-1.334041e-98
-1.213615e-98
-1.104038e-98
-1.004335e-98
-9.136183e-99
-8.310788e-99
-7.559813e-99
-6.876561e-99
-6.254937e-99
-5.689394e-99
-5.174882e-99
-4.706806e-99
-4.280984e-99
-3.893609e-99
-3.541216e-99
-3.220653e-99
-2.929050e-99
-2.663797e-99
-2.422517e-99
-2.203048e-99
-2.003423e-99
-1.821850e-99
-1.656700e-99
-1.506491e-99
-1.369875e-99
-1.245623e-99
-1.132618e-99
-1.029845e-99
-9.363790e-100
-8.513790e-100
-7.740795e-100
-7.037843e-100
-6.398601e-100
-5.817306e-100
-5.288715e-100
-4.808060e-100
-4.371002e-100
-3.973594e-100
-3.612246e-100
-3.283694e-100
-2.984966e-100
-2.713361e-100
-2.466420e-100
-2.241909e-100
-2.037795e-100
-1.852227e-100
-1.683524e-100
-1.530157e-100
-1.390734e-100
-1.263989e-100
-1.148773e-100
-1.044038e-100
-9.488335e-101
-8.622934e-101
-7.836308e-101
-7.121301e-101
-6.471406e-101
-5.880704e-101
-5.343815e-101
-4.855846e-101
-4.412348e-101
-4.009277e-101
-3.642955e-101
-3.310038e-101
-3.007485e-101
-2.732533e-101
-2.482669e-101
-2.255608e-101
-2.049273e-101
-1.861776e-101
-1.691400e-101
-1.536586e-101
-1.395914e-101
-1.268095e-101
-1.151957e-101
-1.046435e-101
-9.505608e-102
-8.634531e-102
-7.843123e-102
-7.124111e-102
-6.470886e-102
-5.877441e-102
-5.338315e-102
-4.848546e-102
-4.403624e-102
-3.999451e-102
-3.632301e-102
-3.298791e-102
-2.995844e-102
-2.720664e-102
-2.470712e-102
-2.243679e-102
-2.037468e-102
-1.850172e-102
-1.680061e-102
-1.525560e-102
-1.385239e-102
-1.257801e-102
-1.142064e-102
-1.036956e-102
-9.415024e-103
-8.548189e-103
-7.761009e-103
-7.046179e-103
-6.397063e-103
-5.807630e-103
-5.272404e-103
-4.786409e-103
-4.345126e-103
-3.944448e-103
-3.580648e-103
-3.250337e-103
-2.950439e-103
-2.678158e-103
-2.430957e-103
-2.206529e-103
-2.002781e-103
-1.817811e-103
-1.649891e-103
-1.497454e-103
-1.359073e-103
-1.233456e-103
-1.119427e-103
-1.015920e-103
-9.219656e-104
-8.366836e-104
-7.592751e-104
-6.890147e-104
-6.252435e-104
-5.673634e-104
-5.148313e-104
-4.671538e-104
-4.238832e-104
-3.846131e-104
-3.489741e-104
-3.166313e-104
-2.872803e-104
-2.606449e-104
-2.364744e-104
-2.145410e-104
-1.946381e-104
-1.765782e-104
-1.601908e-104
-1.453213e-104
-1.318295e-104
-1.195879e-104
-1.084809e-104
-9.840359e-105
-8.926062e-105
-8.096554e-105
-7.343988e-105
-6.661241e-105
-6.041846e-105
-5.479938e-105
-4.970191e-105
-4.507771e-105
-4.088293e-105
-3.707777e-105
-3.362611e-105
-3.049517e-105
-2.765521e-105
-2.507923e-105
-2.274274e-105
-2.062353e-105
-1.870141e-105
-1.695810e-105
-1.537700e-105
-1.394303e-105
-1.264254e-105
-1.146312e-105
-1.039353e-105
-9.423544e-106
-8.543917e-106
-7.746244e-106
-7.022904e-106
-6.366984e-106
-5.772210e-106
-5.232894e-106
-4.743874e-106
-4.300469e-106
-3.898431e-106
-3.533908e-106
-3.203407e-106
-2.903758e-106
-2.632086e-106
-2.385784e-106
-2.162488e-106
-1.960052e-106
-1.776531e-106
-1.610162e-106
-1.459344e-106
-1.322627e-106
-1.198694e-106
-1.086352e-106
-9.845197e-107
-8.922151e-107
-8.085487e-107
-7.327135e-107
-6.639779e-107
-6.016784e-107
-5.452136e-107
-4.940380e-107
-4.476570e-107
-4.056223e-107
-3.675274e-107
-3.330037e-107
-3.017169e-107
-2.733643e-107
-2.476711e-107
-2.243883e-107
-2.032903e-107
-1.841723e-107
-1.668490e-107
-1.511521e-107
-1.369292e-107
-1.240422e-107
-1.123658e-107
-1.017866e-107
-9.220151e-108
-8.351742e-108
-7.564975e-108
-6.852189e-108
-6.206441e-108
-5.621436e-108
-5.091472e-108
-4.611379e-108
-4.176474e-108
-3.782510e-108
-3.425641e-108
-3.102379e-108
-2.809567e-108
-2.544342e-108
-2.304108e-108
-2.086515e-108
-1.889434e-108
-1.710934e-108
-1.549267e-108
-1.402848e-108
-1.270242e-108
-1.150148e-108
-1.041388e-108
-9.428931e-109
-8.536974e-109
-7.729240e-109
-6.997793e-109
-6.335440e-109
-5.735667e-109
-5.192571e-109
-4.700806e-109
-4.255530e-109
-3.852356e-109
-3.487310e-109
-3.156793e-109
-2.857545e-109
-2.586613e-109
-2.341323e-109
-2.119252e-109
-1.918206e-109
-1.736198e-109
-1.571428e-109
-1.422268e-109
-1.287241e-109
-1.165009e-109
-1.054364e-109
-9.542078e-110
-8.635487e-110
-7.814877e-110
-7.072108e-110
-6.399809e-110
-5.791307e-110
-5.240558e-110
-4.742091e-110
-4.290952e-110
-3.882655e-110
-3.513140e-110
-3.178729e-110
-2.876093e-110
-2.602218e-110
-2.354377e-110
-2.130098e-110
-1.927146e-110
-1.743497e-110
-1.577317e-110
-1.426948e-110
-1.290889e-110
-1.167780e-110
-1.056391e-110
-9.556075e-111
-8.644222e-111
-7.819224e-111
-7.072824e-111
-6.397546e-111
-5.786626e-111
-5.233941e-111
-4.733949e-111
-4.281637e-111
-3.872464e-111
-3.502325e-111
-3.167502e-111
-2.864632e-111
-2.590670e-111
-2.342862e-111
-2.118716e-111
-1.915977e-111
-1.732604e-111
-1.566750e-111
-1.416744e-111
-1.281075e-111
-1.158375e-111
-1.047406e-111
-9.470489e-112
-8.562906e-112
-7.742146e-112
-6.999919e-112
-6.328722e-112
-5.721771e-112
-5.172926e-112
-4.676636e-112
-4.227876e-112
-3.822102e-112
-3.455205e-112
-3.123465e-112
-2.823521e-112
-2.552329e-112
-2.307139e-112
-2.085462e-112
-1.885048e-112
-1.703859e-112
-1.540056e-112
-1.391972e-112
-1.258103e-112
-1.137086e-112
-1.027689e-112
-9.287985e-113
-8.394073e-113
-7.586044e-113
-6.855663e-113
-6.195479e-113
-5.598759e-113
-5.059413e-113
-4.571932e-113
-4.131340e-113
-3.733133e-113
-3.373241e-113
-3.047984e-113
-2.754035e-113
-2.488385e-113
-2.248315e-113
-2.031366e-113
-1.835315e-113
-1.658152e-113
-1.498062e-113
-1.353400e-113
-1.222684e-113
-1.104571e-113
-9.978487e-114
-9.014195e-114
-8.142929e-114
-7.355730e-114
-6.644500e-114
-6.001920e-114
-5.421376e-114
-4.896889e-114
-4.423056e-114
-3.994993e-114
-3.608286e-114
-3.258948e-114
-2.943372e-114
-2.658303e-114
-2.400795e-114
-2.168189e-114
-1.958080e-114
-1.768298e-114
-1.596878e-114
-1.442047e-114
-1.302202e-114
-1.175896e-114
-1.061820e-114
-9.587915e-115
-8.657428e-115
-7.817089e-115
-7.058178e-115
-6.372819e-115
-5.753895e-115
-5.194978e-115
-4.690260e-115
-4.234494e-115
-3.822941e-115
-3.451318e-115
-3.115759e-115
-2.812769e-115
-2.539194e-115
-2.292181e-115
-2.069157e-115
-1.867795e-115
-1.685996e-115
-1.521862e-115
-1.373680e-115
-1.239901e-115
-1.119129e-115
-1.010100e-115
-9.116752e-116
-8.228248e-116
-7.426188e-116
-6.702178e-116
-6.048635e-116
-5.458713e-116
-4.926228e-116
-4.445598e-116
-4.011781e-116
-3.620226e-116
-3.266823e-116
-2.947861e-116
-2.659988e-116
-2.400180e-116
-2.165705e-116
-1.954098e-116
-1.763131e-116
-1.590796e-116
-1.435277e-116
-1.294936e-116
-1.168294e-116
-1.054017e-116
-9.508992e-117
-8.578527e-117
-7.738956e-117
-6.981415e-117
-6.297903e-117
-5.681197e-117
-5.124779e-117
-4.622765e-117
-4.169846e-117
-3.761227e-117
-3.392583e-117
-3.060010e-117
-2.759984e-117
-2.489326e-117
-2.245166e-117
-2.024913e-117
-1.826231e-117
-1.647012e-117
-1.485350e-117
-1.339530e-117
-1.208002e-117
-1.089367e-117
-9.823630e-118
-8.858522e-118
-7.988072e-118
-7.203012e-118
-6.494978e-118
-5.856425e-118
-5.280548e-118
-4.761203e-118
-4.292852e-118
-3.870495e-118
-3.489623e-118
-3.146168e-118
-2.836461e-118
-2.557190e-118
-2.305370e-118
-2.078307e-118
-1.873571e-118
-1.688971e-118
-1.522528e-118
-1.372461e-118
-1.237161e-118
-1.115177e-118
-1.005200e-118
-9.060518e-119
-8.166666e-119
-7.360850e-119
-6.634414e-119
-5.979551e-119
-5.389221e-119
-4.857075e-119
-4.377388e-119
-3.944997e-119
-3.555247e-119
-3.203939e-119
-2.887288e-119
-2.601881e-119
-2.344640e-119
-2.112790e-119
-1.903828e-119
-1.715500e-119
-1.545771e-119
-1.392807e-119
-1.254955e-119
-1.130724e-119
-1.018771e-119
-9.178846e-120
-8.269722e-120
-7.450496e-120
-6.712292e-120
-6.047110e-120
-5.447740e-120
-4.907680e-120
-4.421072e-120
-3.982633e-120
-3.587603e-120
-3.231692e-120
-2.911031e-120
-2.622136e-120
-2.361865e-120
-2.127385e-120
-1.916147e-120
-1.725849e-120
-1.554419e-120
-1.399990e-120
-1.260879e-120
-1.135567e-120
-1.022690e-120
-9.210145e-121
-8.294312e-121
-7.469399e-121
-6.726395e-121
-6.057180e-121
-5.454439e-121
-4.911578e-121
-4.422658e-121
-3.982329e-121
-3.585769e-121
-3.228635e-121
-2.907013e-121
-2.617378e-121
-2.356553e-121
-2.121678e-121
-1.910175e-121
-1.719722e-121
-1.548227e-121
-1.393807e-121
-1.254763e-121
-1.129569e-121
-1.016845e-121
-9.153523e-122
-8.239735e-122
-7.417023e-122
-6.676324e-122
-6.009476e-122
-5.409127e-122
-4.868657e-122
-4.382103e-122
-3.944096e-122
-3.549799e-122
-3.194857e-122
-2.875348e-122
-2.587742e-122
-2.328857e-122
-2.095831e-122
-1.886083e-122
-1.697294e-122
-1.527371e-122
-1.374433e-122
-1.236784e-122
-1.112899e-122
-1.001403e-122
-9.010596e-123
-8.107549e-123
-7.294861e-123
-6.563505e-123
-5.905356e-123
-5.313097e-123
-4.780143e-123
-4.300564e-123
-3.869023e-123
-3.480716e-123
-3.131319e-123
-2.816939e-123
-2.534073e-123
-2.279565e-123
-2.050579e-123
-1.844558e-123
-1.659203e-123
-1.492444e-123
-1.342419e-123
-1.207451e-123
-1.086031e-123
-9.768022e-124
-8.785416e-124
-7.901498e-124
-7.106372e-124
-6.391133e-124
-5.747767e-124
-5.169064e-124
-4.648535e-124
-4.180340e-124
-3.759228e-124
-3.380470e-124
-3.039813e-124
-2.733431e-124
-2.457880e-124
-2.210063e-124
-1.987194e-124
-1.786763e-124
-1.606517e-124
-1.444425e-124
-1.298662e-124
-1.167585e-124
-1.049718e-124
-9.437304e-125
-8.484274e-125
-7.627336e-125
-6.856815e-125
-6.164012e-125
-5.541098e-125
-4.981036e-125
-4.477493e-125
-4.024774e-125
-3.617759e-125
-3.251839e-125
-2.922873e-125
-2.627134e-125
-2.361272e-125
-2.122272e-125
-1.907426e-125
-1.714295e-125
-1.540689e-125
-1.384636e-125
-1.244365e-125
-1.118282e-125
-1.004955e-125
-9.030939e-126
-8.115415e-126
-7.292559e-126
-6.553007e-126
-5.888338e-126
-5.290981e-126
-4.754130e-126
-4.271667e-126
-3.838090e-126
-3.448452e-126
-3.098309e-126
-2.783664e-126
-2.500922e-126
-2.246854e-126
-2.018557e-126
-1.813421e-126
-1.629100e-126
-1.463485e-126
-1.314680e-126
-1.180982e-126
-1.060860e-126
-9.529367e-127
-8.559759e-127
-7.688656e-127
-6.906067e-127
-6.203011e-127
-5.571417e-127
-5.004034e-127
-4.494343e-127
-4.036487e-127
-3.625204e-127
-3.255762e-127
-2.923912e-127
-2.625834e-127
-2.358097e-127
-2.117618e-127
-1.901625e-127
-1.707629e-127
-1.533394e-127
-1.376909e-127
-1.236369e-127
-1.110152e-127
-9.968004e-128
-8.950048e-128
-8.035890e-128
-7.214960e-128
-6.477768e-128
-5.815783e-128
-5.221345e-128
-4.687573e-128
-4.208285e-128
-3.777927e-128
-3.391513e-128
-3.044562e-128
-2.733049e-128
-2.453362e-128
-2.202253e-128
-1.976806e-128
-1.774404e-128
-1.592694e-128
-1.429563e-128
-1.283116e-128
-1.151649e-128
-1.033631e-128
-9.276887e-129
-8.325887e-129
-7.472229e-129
-6.705965e-129
-6.018160e-129
-5.400795e-129
-4.846665e-129
-4.349303e-129
-3.902904e-129
-3.502252e-129
-3.142667e-129
-2.819946e-129
-2.530315e-129
-2.270386e-129
-2.037119e-129
-1.827782e-129
-1.639924e-129
-1.471346e-129
-1.320070e-129
-1.184324e-129
-1.062517e-129
-9.532181e-130
-8.551459e-130
-7.671487e-130
-6.881931e-130
-6.173514e-130
-5.537912e-130
-4.967650e-130
-4.456023e-130
-3.997010e-130
-3.585209e-130
-3.215771e-130
-2.884345e-130
-2.587025e-130
-2.320307e-130
-2.081047e-130
-1.866421e-130
-1.673897e-130
-1.501202e-130
-1.346298e-130
-1.207354e-130
-1.082728e-130
-9.709468e-131
-8.706890e-131
-7.807681e-131
-7.001200e-131
-6.277899e-131
-5.629212e-131
-5.047452e-131
-4.525727e-131
-4.057848e-131
-3.638268e-131
-3.262008e-131
-2.924602e-131
-2.622044e-131
-2.350739e-131
-2.107465e-131
-1.889330e-131
-1.693740e-131
-1.518367e-131
-1.361126e-131
-1.220145e-131
-1.093745e-131
-9.804192e-132
-8.788183e-132
-7.877307e-132
-7.060702e-132
-6.328626e-132
-5.672341e-132
-5.084013e-132
-4.556616e-132
-4.083848e-132
-3.660060e-132
-3.280184e-132
-2.939677e-132
-2.634465e-132
-2.360895e-132
-2.115691e-132
-1.895917e-132
-1.698939e-132
-1.522396e-132
-1.364172e-132
-1.222367e-132
-1.095282e-132
-9.813896e-133
-8.793229e-133
-7.878559e-133
-7.058892e-133
-6.324377e-133
-5.666180e-133
-5.076383e-133
-4.547889e-133
-4.074334e-133
-3.650017e-133
-3.269826e-133
-2.929178e-133
-2.623966e-133
-2.350510e-133
-2.105511e-133
-1.886011e-133
-1.689361e-133
-1.513185e-133
-1.355355e-133
-1.213963e-133
-1.087299e-133
-9.738327e-134
-8.721898e-134
-7.811403e-134
-6.995818e-134
-6.265264e-134
-5.610889e-134
-5.024761e-134
-4.499772e-134
-4.029555e-134
-3.608403e-134
-3.231204e-134
-2.893378e-134
-2.590821e-134
-2.319856e-134
-2.077189e-134
-1.859869e-134
-1.665253e-134
-1.490972e-134
-1.334904e-134
-1.195150e-134
-1.070005e-134
-9.579452e-135
-8.576043e-135
-7.677586e-135
-6.873119e-135
-6.152823e-135
-5.507905e-135
-4.930487e-135
-4.413515e-135
-3.950671e-135
-3.536295e-135
-3.165319e-135
-2.833205e-135
-2.535887e-135
-2.269724e-135
-2.031458e-135
-1.818168e-135
-1.627239e-135
-1.456332e-135
-1.303349e-135
-1.166413e-135
-1.043844e-135
-9.341364e-136
-8.359423e-136
-7.480554e-136
-6.693952e-136
-5.989945e-136
-5.359873e-136
-4.795982e-136
-4.291332e-136
-3.839706e-136
-3.435542e-136
-3.073860e-136
-2.750199e-136
-2.460570e-136
-2.201399e-136
-1.969487e-136
-1.761972e-136
-1.576290e-136
-1.410148e-136
-1.261493e-136
-1.128486e-136
-1.009483e-136
-9.030118e-137
-8.077540e-137
-7.225306e-137
-6.462860e-137
-5.780757e-137
-5.170542e-137
-4.624650e-137
-4.136309e-137
-3.699462e-137
-3.308686e-137
-2.959130e-137
-2.646451e-137
-2.366765e-137
-2.116595e-137
-1.892831e-137
-1.692690e-137
-1.513681e-137
-1.353576e-137
-1.210382e-137
-1.082314e-137
-9.677787e-138
-8.653464e-138
-7.737406e-138
-6.918186e-138
-6.185580e-138
-5.530445e-138
-4.944599e-138
-4.420726e-138
-3.952278e-138
-3.533399e-138
-3.158853e-138
-2.823954e-138
-2.524510e-138
-2.256774e-138
-2.017392e-138
-1.803367e-138
-1.612016e-138
-1.440940e-138
-1.287994e-138
-1.151260e-138
-1.029021e-138
-9.197429e-139
-8.220536e-139
-7.347257e-139
-6.566617e-139
-5.868804e-139
-5.245042e-139
-4.687483e-139
-4.189111e-139
-3.743651e-139
-3.345495e-139
-2.989625e-139
-2.671558e-139
-2.387283e-139
-2.133214e-139
-1.906148e-139
-1.703217e-139
-1.521861e-139
-1.359788e-139
-1.214951e-139
-1.085520e-139
-9.698588e-140
-8.665038e-140
-7.741477e-140
-6.916217e-140
-6.178809e-140
-5.519915e-140
-4.931186e-140
-4.405162e-140
-3.935172e-140
-3.515256e-140
-3.140087e-140
-2.804902e-140
-2.505447e-140
-2.237918e-140
-1.998916e-140
-1.785403e-140
-1.594665e-140
-1.424275e-140
-1.272067e-140
-1.136102e-140
-1.014650e-140
-9.061632e-141
-8.092600e-141
-7.227051e-141
-6.453950e-141
-5.763436e-141
-5.146699e-141
-4.595868e-141
-4.103908e-141
-3.664538e-141
-3.272142e-141
-2.921706e-141
-2.608749e-141
-2.329268e-141
-2.079688e-141
-1.856813e-141
-1.657790e-141
-1.480071e-141
-1.321377e-141
-1.179675e-141
-1.053148e-141
-9.401736e-142
-8.393015e-142
-7.492372e-142
-6.688244e-142
-5.970302e-142
-5.329321e-142
-4.757063e-142
-4.246169e-142
-3.790069e-142
-3.382894e-142
-3.019403e-142
-2.694915e-142
-2.405252e-142
-2.146681e-142
-1.915869e-142
-1.709840e-142
-1.525937e-142
-1.361787e-142
-1.215271e-142
-1.084498e-142
-9.677772e-143
-8.636020e-143
-7.706253e-143
-6.876450e-143
-6.135879e-143
-5.474956e-143
-4.885128e-143
-4.358757e-143
-3.889025e-143
-3.469847e-143
-3.095788e-143
-2.761999e-143
-2.464151e-143
-2.198379e-143
-1.961233e-143
-1.749634e-143
-1.560834e-143
-1.392379e-143
-1.242080e-143
-1.107984e-143
-9.883448e-144
-8.816069e-144
-7.863808e-144
-7.014266e-144
-6.256378e-144
-5.580269e-144
-4.977127e-144
-4.439088e-144
-3.959133e-144
-3.531002e-144
-3.149105e-144
-2.808457e-144
-2.504609e-144
-2.233590e-144
-1.991858e-144
-1.776252e-144
-1.583953e-144
-1.412445e-144
-1.259482e-144
-1.123063e-144
-1.001399e-144
-8.928986e-145
-7.961380e-145
-7.098490e-145
-6.328999e-145
-5.642811e-145
-5.030919e-145
-4.485291e-145
-3.998760e-145
-3.564934e-145
-3.178110e-145
-2.833204e-145
-2.525680e-145
-2.251490e-145
-2.007027e-145
-1.789072e-145
-1.594754e-145
-1.421514e-145
-1.267069e-145
-1.129381e-145
-1.006635e-145
-8.972121e-146
-7.996678e-146
-7.127144e-146
-6.352035e-146
-5.661110e-146
-5.045239e-146
-4.496280e-146
-4.006972e-146
-3.570843e-146
-3.182120e-146
-2.835658e-146
-2.526867e-146
-2.251658e-146
-2.006384e-146
-1.787792e-146
-1.592983e-146
-1.419374e-146
-1.264661e-146
-1.126789e-146
-1.003928e-146
-8.944456e-147
-7.968870e-147
-7.099552e-147
-6.324943e-147
-5.634737e-147
-5.019750e-147
-4.471796e-147
-3.983577e-147
-3.548591e-147
-3.161040e-147
-2.815760e-147
-2.508144e-147
-2.234091e-147
-1.989943e-147
-1.772441e-147
-1.578681e-147
-1.406075e-147
-1.252316e-147
-1.115349e-147
-9.933424e-148
-8.846646e-148
-7.878613e-148
-7.016367e-148
-6.248362e-148
-5.564313e-148
-4.955053e-148
-4.412416e-148
-3.929127e-148
-3.498702e-148
-3.115368e-148
-2.773980e-148
-2.469952e-148
-2.199202e-148
-1.958093e-148
-1.743383e-148
-1.552185e-148
-1.381930e-148
-1.230324e-148
-1.095329e-148
-9.751273e-149
-8.680991e-149
-7.728028e-149
-6.879542e-149
-6.124092e-149
-5.451492e-149
-4.852666e-149
-4.319534e-149
-3.844897e-149
-3.422347e-149
-3.046174e-149
-2.711296e-149
-2.413184e-149
-2.147807e-149
-1.911577e-149
-1.701294e-149
-1.514114e-149
-1.347502e-149
-1.199199e-149
-1.067197e-149
-9.497070e-150
-8.451346e-150
-7.520619e-150
-6.692258e-150
-5.955020e-150
-5.298893e-150
-4.714965e-150
-4.195302e-150
-3.732840e-150
-3.321292e-150
-2.955058e-150
-2.629157e-150
-2.339151e-150
-2.081093e-150
-1.851468e-150
-1.647147e-150
-1.465345e-150
-1.303583e-150
-1.159656e-150
-1.031599e-150
-9.176645e-151
-8.162975e-151
-7.261134e-151
-6.458801e-151
-5.745009e-151
-5.110000e-151
-4.545091e-151
-4.042552e-151
-3.595507e-151
-3.197835e-151
-2.844090e-151
-2.529426e-151
-2.249532e-151
-2.000570e-151
-1.779126e-151
-1.582162e-151
-1.406977e-151
-1.251164e-151
-1.112584e-151
-9.893336e-152
-8.797195e-152
-7.822347e-152
-6.955388e-152
-6.184393e-152
-5.498753e-152
-4.889030e-152
-4.346830e-152
-3.864685e-152
-3.435950e-152
-3.054717e-152
-2.715730e-152
-2.414314e-152
-2.146308e-152
-1.908016e-152
-1.696146e-152
-1.507773e-152
-1.340294e-152
-1.191394e-152
-1.059016e-152
-9.413277e-153
-8.367016e-153
-7.436897e-153
-6.610044e-153
-5.875007e-153
-5.221602e-153
-4.640776e-153
-4.124477e-153
-3.665545e-153
-3.257614e-153
-2.895024e-153
-2.572741e-153
-2.286290e-153
-2.031693e-153
-1.805412e-153
-1.604301e-153
-1.425564e-153
-1.266716e-153
-1.125546e-153
-1.000088e-153
-8.885972e-154
-7.895198e-154
-7.014755e-154
-6.232373e-154
-5.537143e-154
-4.919370e-154
-4.370434e-154
-3.882676e-154
-3.449285e-154
-3.064210e-154
-2.722070e-154
-2.418085e-154
-2.148004e-154
-1.908052e-154
-1.694871e-154
-1.505479e-154
-1.337223e-154
-1.187749e-154
-1.054962e-154
-9.370014e-155
-8.322144e-155
-7.391313e-155
-6.564466e-155
-5.830000e-155
-5.177608e-155
-4.598130e-155
-4.083426e-155
-3.626265e-155
-3.220222e-155
-2.859588e-155
-2.539292e-155
-2.254827e-155
-2.002189e-155
-1.777823e-155
-1.578568e-155
-1.401617e-155
-1.244478e-155
-1.104933e-155
-9.810169e-156
-8.709804e-156
-7.732708e-156
-6.865091e-156
-6.094701e-156
-5.410656e-156
-4.803290e-156
-4.264020e-156
-3.785219e-156
-3.360115e-156
-2.982694e-156
-2.647614e-156
-2.350131e-156
-2.086032e-156
-1.851575e-156
-1.643436e-156
-1.458666e-156
-1.294644e-156
-1.149043e-156
-1.019797e-156
-9.050706e-157
-8.032350e-157
-7.128435e-157
-6.326117e-157
-5.613990e-157
-4.981928e-157
-4.420941e-157
-3.923045e-157
-3.481155e-157
-3.088979e-157
-2.740929e-157
-2.432048e-157
-2.157932e-157
-1.914675e-157
-1.698805e-157
-1.507244e-157
-1.337257e-157
-1.186418e-157
-1.052572e-157
-9.338080e-158
-8.284278e-158
-7.349252e-158
-6.519631e-158
-5.783548e-158
-5.130469e-158
-4.551046e-158
-4.036981e-158
-3.580912e-158
-3.176304e-158
-2.817357e-158
-2.498924e-158
-2.216439e-158
-1.965847e-158
-1.743553e-158
-1.546365e-158
-1.371451e-158
-1.216298e-158
-1.078677e-158
-9.566075e-159
-8.483356e-159
-7.523035e-159
-6.671291e-159
-5.915862e-159
-5.245872e-159
-4.651668e-159
-4.124689e-159
-3.657337e-159
-3.242876e-159
-2.875325e-159
-2.549383e-159
-2.260345e-159
-2.004036e-159
-1.776757e-159
-1.575222e-159
-1.396519e-159
-1.238065e-159
-1.097568e-159
-9.729958e-160
-8.625451e-160
-7.646173e-160
-6.777941e-160
-6.008179e-160
-5.325733e-160
-4.720710e-160
-4.184337e-160
-3.708834e-160
-3.287302e-160
-2.913622e-160
-2.582369e-160
-2.288730e-160
-2.028441e-160
-1.797719e-160
-1.593208e-160
-1.411934e-160
-1.251261e-160
-1.108850e-160
-9.826283e-161
-8.707571e-161
-7.716071e-161
-6.837334e-161
-6.058551e-161
-5.368367e-161
-4.756714e-161
-4.214667e-161
-3.734315e-161
-3.308644e-161
-2.931437e-161
-2.597182e-161
-2.300995e-161
-2.038546e-161
-1.805995e-161
-1.599942e-161
-1.417370e-161
-1.255607e-161
-1.112283e-161
-9.853004e-162
-8.727972e-162
-7.731244e-162
-6.848207e-162
-6.065908e-162
-5.372867e-162
-4.758914e-162
-4.215033e-162
-3.733237e-162
-3.306447e-162
-2.928390e-162
-2.593509e-162
-2.296878e-162
-2.034134e-162
-1.801410e-162
-1.595281e-162
-1.412710e-162
-1.251009e-162
-1.107794e-162
-9.809553e-163
-8.686219e-163
-7.691371e-163
-6.810330e-163
-6.030092e-163
-5.339138e-163
-4.727263e-163
-4.185428e-163
-3.705624e-163
-3.280758e-163
-2.904548e-163
-2.571427e-163
-2.276467e-163
-2.015301e-163
-1.784062e-163
-1.579324e-163
-1.398054e-163
-1.237566e-163
-1.095479e-163
-9.696855e-164
-8.583203e-164
-7.597300e-164
-6.724509e-164
-5.951868e-164
-5.267898e-164
-4.662436e-164
-4.126481e-164
-3.652063e-164
-3.232124e-164
-2.860416e-164
-2.531406e-164
-2.240195e-164
-1.982446e-164
-1.754318e-164
-1.552410e-164
-1.373714e-164
-1.215563e-164
-1.075598e-164
-9.517301e-165
-8.421107e-165
-7.451024e-165
-6.592561e-165
-5.832890e-165
-5.160655e-165
-4.565804e-165
-4.039440e-165
-3.573686e-165
-3.161572e-165
-2.796927e-165
-2.474291e-165
-2.188828e-165
-1.936262e-165
-1.712805e-165
-1.515106e-165
-1.340200e-165
-1.185462e-165
-1.048569e-165
-9.274658e-166
-8.203330e-166
-7.255609e-166
-6.417250e-166
-5.675649e-166
-5.019650e-166
-4.439385e-166
-3.926120e-166
-3.472128e-166
-3.070572e-166
-2.715403e-166
-2.401269e-166
-2.123433e-166
-1.877707e-166
-1.660384e-166
-1.468185e-166
-1.298208e-166
-1.147887e-166
-1.014952e-166
-8.973942e-167
-7.934370e-167
-7.015086e-167
-6.202190e-167
-5.483382e-167
-4.847785e-167
-4.285777e-167
-3.788849e-167
-3.349472e-167
-2.960989e-167
-2.617513e-167
-2.313834e-167
-2.045346e-167
-1.807978e-167
-1.598125e-167
-1.412601e-167
-1.248591e-167
-1.103601e-167
-9.754279e-168
-8.621242e-168
-7.619666e-168
-6.734315e-168
-5.951718e-168
-5.259963e-168
-4.648517e-168
-4.108068e-168
-3.630381e-168
-3.208176e-168
-2.835017e-168
-2.505212e-168
-2.213730e-168
-1.956124e-168
-1.728461e-168
-1.527264e-168
-1.349460e-168
-1.192332e-168
-1.053479e-168
-9.307781e-169
-8.223520e-169
-7.265420e-169
-6.418819e-169
-5.670756e-169
-5.009775e-169
-4.425750e-169
-3.909732e-169
-3.453810e-169
-3.050994e-169
-2.695105e-169
-2.380682e-169
-2.102900e-169
-1.857493e-169
-1.640693e-169
-1.449168e-169
-1.279975e-169
-1.130513e-169
-9.984846e-170
-8.818575e-170
-7.788376e-170
-6.878391e-170
-6.074607e-170
-5.364644e-170
-4.737564e-170
-4.183701e-170
-3.694517e-170
-3.262466e-170
-2.880885e-170
-2.543883e-170
-2.246259e-170
-1.983416e-170
-1.751295e-170
-1.546309e-170
-1.365289e-170
-1.205436e-170
-1.064279e-170
-9.396325e-171
-8.295681e-171
-7.323816e-171
-6.465681e-171
-5.707981e-171
-5.038975e-171
-4.448292e-171
-3.926772e-171
-3.466328e-171
-3.059814e-171
-2.700920e-171
-2.384075e-171
-2.104357e-171
-1.857421e-171
-1.639430e-171
-1.446994e-171
-1.277121e-171
-1.127168e-171
-9.948019e-172
-8.779628e-172
-7.748310e-172
-6.838004e-172
-6.034525e-172
-5.325351e-172
-4.699426e-172
-4.146988e-172
-3.659419e-172
-3.229111e-172
-2.849346e-172
-2.514195e-172
-2.218421e-172
-1.957404e-172
-1.727064e-172
-1.523799e-172
-1.344431e-172
-1.186153e-172
-1.046488e-172
-9.232496e-173
-8.145083e-173
-7.185605e-173
-6.339027e-173
-5.592078e-173
-4.933048e-173
-4.351598e-173
-3.838608e-173
-3.386024e-173
-2.986742e-173
-2.634492e-173
-2.323740e-173
-2.049602e-173
-1.807769e-173
-1.594438e-173
-1.406255e-173
-1.240257e-173
-1.093832e-173
-9.646753e-174
-8.507521e-174
-7.502679e-174
-6.616390e-174
-5.834683e-174
-5.145230e-174
-4.537157e-174
-4.000868e-174
-3.527898e-174
-3.110780e-174
-2.742925e-174
-2.418522e-174
-2.132443e-174
-1.880167e-174
-1.657703e-174
-1.461532e-174
-1.288551e-174
-1.136021e-174
-1.001526e-174
-8.829367e-175
-7.783741e-175
-6.861809e-175
-6.048954e-175
-5.332285e-175
-4.700433e-175
-4.143370e-175
-3.652255e-175
-3.219288e-175
-2.837592e-175
-2.501103e-175
-2.204472e-175
-1.942983e-175
-1.712477e-175
-1.509288e-175
-1.330181e-175
-1.172305e-175
-1.033147e-175
-9.104899e-176
-8.023788e-176
-7.070908e-176
-6.231066e-176
-5.490867e-176
-4.838502e-176
-4.263559e-176
-3.756861e-176
-3.310315e-176
-2.916789e-176
-2.569994e-176
-2.264387e-176
-1.995081e-176
-1.757769e-176
-1.548655e-176
-1.364391e-176
-1.202027e-176
-1.058964e-176
-9.329099e-177
-8.218443e-177
-7.239870e-177
-6.377690e-177
-5.618075e-177
-4.948835e-177
-4.359231e-177
-3.839797e-177
-3.382190e-177
-2.979059e-177
-2.623927e-177
-2.311084e-177
-2.035500e-177
-1.792743e-177
-1.578906e-177
-1.390548e-177
-1.224636e-177
-1.078498e-177
-9.497807e-178
-8.364090e-178
-7.365554e-178
-6.486099e-178
-5.711539e-178
-5.029377e-178
-4.428601e-178
-3.899513e-178
-3.433568e-178
-3.023238e-178
-2.661892e-178
-2.343689e-178
-2.063483e-178
-1.816742e-178
-1.599473e-178
-1.408160e-178
-1.239706e-178
-1.091382e-178
-9.607847e-179
-8.457985e-179
-7.445591e-179
-6.554248e-179
-5.769497e-179
-5.078605e-179
-4.470359e-179
-3.934882e-179
-3.463478e-179
-3.048489e-179
-2.683170e-179
-2.361583e-179
-2.078498e-179
-1.829311e-179
-1.609966e-179
-1.416894e-179
-1.246951e-179
-1.097370e-179
-9.657127e-180
-8.498343e-180
-7.478457e-180
-6.580838e-180
-5.790843e-180
-5.095582e-180
-4.483707e-180
-3.945228e-180
-3.471349e-180
-3.054330e-180
-2.687355e-180
-2.364425e-180
-2.080260e-180
-1.830210e-180
-1.610185e-180
-1.416582e-180
-1.246234e-180
-1.096348e-180
-9.644704e-181
-8.484392e-181
-7.463525e-181
-6.565362e-181
-5.775170e-181
-5.079983e-181
-4.468392e-181
-3.930353e-181
-3.457032e-181
-3.040651e-181
-2.674368e-181
-2.352162e-181
-2.068734e-181
-1.819422e-181
-1.600124e-181
-1.407231e-181
-1.237566e-181
-1.088336e-181
-9.570816e-182
-8.416399e-182
-7.401080e-182
-6.508116e-182
-5.722778e-182
-5.032108e-182
-4.424706e-182
-3.890543e-182
-3.420799e-182
-3.007712e-182
-2.644456e-182
-2.325026e-182
-2.044141e-182
-1.797153e-182
-1.579978e-182
-1.389019e-182
-1.221116e-182
-1.073487e-182
-9.436876e-183
-8.295663e-183
-7.292314e-183
-6.410193e-183
-5.634666e-183
-4.952868e-183
-4.353481e-183
-3.826556e-183
-3.363341e-183
-2.956140e-183
-2.598189e-183
-2.283535e-183
-2.006948e-183
-1.763827e-183
-1.550127e-183
-1.362291e-183
-1.197193e-183
-1.052082e-183
-9.245420e-184
-8.124470e-184
-7.139287e-184
-6.273444e-184
-5.512501e-184
-4.843761e-184
-4.256064e-184
-3.739599e-184
-3.285741e-184
-2.886909e-184
-2.536438e-184
-2.228470e-184
-1.957856e-184
-1.720070e-184
-1.511134e-184
-1.327551e-184
-1.166248e-184
-1.024523e-184
-9.000037e-185
-7.906025e-185
-6.944860e-185
-6.100426e-185
-5.358563e-185
-4.706823e-185
-4.134270e-185
-3.631293e-185
-3.189445e-185
-2.801304e-185
-2.460350e-185
-2.160852e-185
-1.897774e-185
-1.666692e-185
-1.463719e-185
-1.285439e-185
-1.128851e-185
-9.913183e-186
-8.705247e-186
-7.644349e-186
-6.712609e-186
-5.894318e-186
-5.175678e-186
-4.544565e-186
-3.990330e-186
-3.503617e-186
-3.076210e-186
-2.700889e-186
-2.371313e-186
-2.081912e-186
-1.827795e-186
-1.604663e-186
-1.408743e-186
-1.236719e-186
-1.085679e-186
-9.530675e-187
-8.366372e-187
-7.344159e-187
-6.446714e-187
-5.658824e-187
-4.967128e-187
-4.359894e-187
-3.826819e-187
-3.358856e-187
-2.948059e-187
-2.587453e-187
-2.270911e-187
-1.993054e-187
-1.749161e-187
-1.535082e-187
-1.347178e-187
-1.182251e-187
-1.037495e-187
-9.104445e-188
-7.989369e-188
-7.010725e-188
-6.151836e-188
-5.398064e-188
-4.736556e-188
-4.156031e-188
-3.646585e-188
-3.199523e-188
-2.807214e-188
-2.462960e-188
-2.160879e-188
-1.895811e-188
-1.663226e-188
-1.459145e-188
-1.280081e-188
-1.122969e-188
-9.851206e-189
-8.641766e-189
-7.580660e-189
-6.649714e-189
-5.832978e-189
-5.116455e-189
-4.487860e-189
-3.936416e-189
-3.452661e-189
-3.028297e-189
-2.656038e-189
-2.329494e-189
-2.043056e-189
-1.791803e-189
-1.571419e-189
-1.378113e-189
-1.208563e-189
-1.059852e-189
-9.294205e-190
-8.150249e-190
-7.146953e-190
-6.267038e-190
-5.495348e-190
-4.818585e-190
-4.225083e-190
-3.704609e-190
-3.248186e-190
-2.847940e-190
-2.496964e-190
-2.189198e-190
-1.919328e-190
-1.682693e-190
-1.475204e-190
-1.293274e-190
-1.133758e-190
-9.938976e-191
-8.712732e-191
-7.637628e-191
-6.695053e-191
-5.868688e-191
-5.144219e-191
-4.509093e-191
-3.952305e-191
-3.464201e-191
-3.036317e-191
-2.661231e-191
-2.332435e-191
-2.044221e-191
-1.791586e-191
-1.570141e-191
-1.376041e-191
-1.205911e-191
-1.056795e-191
-9.260993e-192
-8.115509e-192
-7.111569e-192
-6.231700e-192
-5.460583e-192
-4.784790e-192
-4.192550e-192
-3.673542e-192
-3.218720e-192
-2.820153e-192
-2.470892e-192
-2.164842e-192
-1.896662e-192
-1.661672e-192
-1.455767e-192
-1.275352e-192
-1.117274e-192
-9.787695e-193
-8.574184e-193
-7.510979e-193
-6.579482e-193
-5.763394e-193
-5.048430e-193
-4.422071e-193
-3.873349e-193
-3.392649e-193
-2.971547e-193
-2.602661e-193
-2.279524e-193
-1.996467e-193
-1.748523e-193
-1.531342e-193
-1.341110e-193
-1.174487e-193
-1.028544e-193
-9.007194e-194
-7.887645e-194
-6.907114e-194
-6.048356e-194
-5.296262e-194
-4.637597e-194
-4.060766e-194
-3.555612e-194
-3.113236e-194
-2.725846e-194
-2.386613e-194
-2.089556e-194
-1.829437e-194
-1.601667e-194
-1.402228e-194
-1.227598e-194
-1.074696e-194
-9.408188e-195
-8.236030e-195
-7.209769e-195
-6.311261e-195
-5.524619e-195
-4.835930e-195
-4.233007e-195
-3.705182e-195
-3.243108e-195
-2.838603e-195
-2.484502e-195
-2.174531e-195
-1.903194e-195
-1.665682e-195
-1.457782e-195
-1.275805e-195
-1.116523e-195
-9.771072e-196
-8.550830e-196
-7.482828e-196
-6.548090e-196
-5.730005e-196
-5.014028e-196
-4.387427e-196
-3.839056e-196
-3.359158e-196
-2.939191e-196
-2.571679e-196
-2.250075e-196
-1.968650e-196
-1.722391e-196
-1.506906e-196
-1.318354e-196
-1.153372e-196
-1.009016e-196
-8.827106e-197
-7.722003e-197
-6.755118e-197
-5.909182e-197
-5.169080e-197
-4.521583e-197
-3.955115e-197
-3.459547e-197
-3.026013e-197
-2.646755e-197
-2.314984e-197
-2.024761e-197
-1.770888e-197
-1.548815e-197
-1.354564e-197
-1.184653e-197
-1.036034e-197
-9.060418e-198
-7.923443e-198
-6.929008e-198
-6.059260e-198
-5.298580e-198
-4.633305e-198
-4.051480e-198
-3.542647e-198
-3.097658e-198
-2.708511e-198
-2.368203e-198
-2.070613e-198
-1.810382e-198
-1.582825e-198
-1.383844e-198
-1.209853e-198
-1.057717e-198
-9.246937e-199
-8.083840e-199
-7.066900e-199
-6.177768e-199
-5.400396e-199
-4.720751e-199
-4.126558e-199
-3.607084e-199
-3.152942e-199
-2.755924e-199
-2.408850e-199
-2.105444e-199
-1.840217e-199
-1.608370e-199
-1.405705e-199
-1.228553e-199
-1.073705e-199
-9.383555e-200
-8.200518e-200
-7.166492e-200
-6.262725e-200
-5.472825e-200
-4.782457e-200
-4.179094e-200
-3.651779e-200
-3.190938e-200
-2.788198e-200
-2.436241e-200
-2.128670e-200
-1.859893e-200
-1.625020e-200
-1.419780e-200
-1.240438e-200
-1.083727e-200
-9.467966e-201
-8.271508e-201
-7.226103e-201
-6.312698e-201
-5.514641e-201
-4.817380e-201
-4.208197e-201
-3.675975e-201
-3.211002e-201
-2.804787e-201
-2.449913e-201
-2.139897e-201
-1.869074e-201
-1.632494e-201
-1.425831e-201
-1.245305e-201
-1.087615e-201
-9.498736e-202
-8.295603e-202
-7.244718e-202
-6.326834e-202
-5.525134e-202
-4.824926e-202
-4.213372e-202
-3.679260e-202
-3.212791e-202
-2.805408e-202
-2.449632e-202
-2.138933e-202
-1.867605e-202
-1.630662e-202
-1.423753e-202
-1.243073e-202
-1.085300e-202
-9.475340e-203
-8.272391e-203
-7.222020e-203
-6.304894e-203
-5.504125e-203
-4.804964e-203
-4.194532e-203
-3.661578e-203
-3.196277e-203
-2.790050e-203
-2.435404e-203
-2.125795e-203
-1.855510e-203
-1.619558e-203
-1.413582e-203
-1.233779e-203
-1.076824e-203
-9.398178e-204
-8.202269e-204
-7.158397e-204
-6.247251e-204
-5.451971e-204
-4.757837e-204
-4.151997e-204
-3.623230e-204
-3.161740e-204
-2.758975e-204
-2.407470e-204
-2.100707e-204
-1.832995e-204
-1.599369e-204
-1.395493e-204
-1.217581e-204
-1.062330e-204
-9.268563e-205
-8.086430e-205
-7.054930e-205
-6.154886e-205
-5.369560e-205
-4.684345e-205
-4.086490e-205
-3.564867e-205
-3.109766e-205
-2.712711e-205
-2.366305e-205
-2.064094e-205
-1.800443e-205
-1.570438e-205
-1.369789e-205
-1.194753e-205
-1.042063e-205
-9.088684e-206
-7.926830e-206
-6.913366e-206
-6.029356e-206
-5.258281e-206
-4.585725e-206
-3.999113e-206
-3.487472e-206
-3.041230e-206
-2.652034e-206
-2.312600e-206
-2.016570e-206
-1.758399e-206
-1.533250e-206
-1.336903e-206
-1.165678e-206
-1.016362e-206
-8.861546e-207
-7.726133e-207
-6.736065e-207
-5.872754e-207
-5.119986e-207
-4.463619e-207
-3.891319e-207
-3.392330e-207
-2.957268e-207
-2.577951e-207
-2.247243e-207
-1.958921e-207
-1.707557e-207
-1.488418e-207
-1.297377e-207
-1.130833e-207
-9.856497e-208
-8.590886e-208
-7.487636e-208
-6.525938e-208
-5.687646e-208
-4.956940e-208
-4.320023e-208
-3.764870e-208
-3.280993e-208
-2.859249e-208
-2.491668e-208
-2.171299e-208
-1.892085e-208
-1.648743e-208
-1.436669e-208
-1.251849e-208
-1.090784e-208
-9.504227e-209
-8.281067e-209
-7.215181e-209
-6.286364e-209
-5.477007e-209
-4.771758e-209
-4.157239e-209
-3.621788e-209
-3.155240e-209
-2.748737e-209
-2.394559e-209
-2.085975e-209
-1.817123e-209
-1.582890e-209
-1.378824e-209
-1.201042e-209
-1.046162e-209
-9.112363e-210
-7.936967e-210
-6.913049e-210
-6.021103e-210
-5.244136e-210
-4.567338e-210
-3.977809e-210
-3.464304e-210
-3.017029e-210
-2.627450e-210
-2.288131e-210
-1.992593e-210
-1.735193e-210
-1.511014e-210
-1.315772e-210
-1.145734e-210
-9.976514e-211
-8.686906e-211
-7.563849e-211
-6.585852e-211
-5.734196e-211
-4.992574e-211
-4.346782e-211
-3.784449e-211
-3.294799e-211
-2.868445e-211
-2.497213e-211
-2.173983e-211
-1.892553e-211
-1.647522e-211
-1.434188e-211
-1.248453e-211
-1.086750e-211
-9.459732e-212
-8.234159e-212
-7.167225e-212
-6.238416e-212
-5.429864e-212
-4.726015e-212
-4.113321e-212
-3.579987e-212
-3.115744e-212
-2.711650e-212
-2.359917e-212
-2.053768e-212
-1.787300e-212
-1.555374e-212
-1.353517e-212
-1.177834e-212
-1.024933e-212
-8.918643e-213
-7.760564e-213
-6.752728e-213
-5.875659e-213
-5.112407e-213
-4.448213e-213
-3.870234e-213
-3.367288e-213
-2.929643e-213
-2.548828e-213
-2.217471e-213
-1.929153e-213
-1.678289e-213
-1.460018e-213
-1.270110e-213
-1.104881e-213
-9.611285e-214
-8.360624e-214
-7.272561e-214
-6.325974e-214
-5.502485e-214
-4.786100e-214
-4.162901e-214
-3.620778e-214
-3.149191e-214
-2.738972e-214
-2.382142e-214
-2.071758e-214
-1.801780e-214
-1.566953e-214
-1.362705e-214
-1.185056e-214
-1.030546e-214
-8.961636e-215
-7.792892e-215
-6.776437e-215
-5.892446e-215
-5.123671e-215
-4.455108e-215
-3.873706e-215
-3.368112e-215
-2.928450e-215
-2.546129e-215
-2.213679e-215
-1.924598e-215
-1.673236e-215
-1.454673e-215
-1.264635e-215
-1.099402e-215
-9.557385e-216
-8.308318e-216
-7.222351e-216
-6.278205e-216
-5.457375e-216
-4.743769e-216
-4.123392e-216
-3.584076e-216
-3.115238e-216
-2.707675e-216
-2.353387e-216
-2.045416e-216
-1.777711e-216
-1.545014e-216
-1.342749e-216
-1.166941e-216
-1.014131e-216
-8.813143e-217
-7.658769e-217
-6.655467e-217
-5.783484e-217
-5.025647e-217
-4.367027e-217
-3.794644e-217
-3.297219e-217
-2.864942e-217
-2.489289e-217
-2.162850e-217
-1.879181e-217
-1.632685e-217
-1.418494e-217
-1.232379e-217
-1.070662e-217
-9.301473e-218
-8.080581e-218
-7.019802e-218
-6.098157e-218
-5.297411e-218
-4.601721e-218
-3.997313e-218
-3.472223e-218
-3.016049e-218
-2.619755e-218
-2.275486e-218
-1.976420e-218
-1.716626e-218
-1.490952e-218
-1.294920e-218
-1.124640e-218
-9.767330e-219
-8.482608e-219
-7.366724e-219
-6.397508e-219
-5.555698e-219
-4.824562e-219
-4.189561e-219
-3.638066e-219
-3.159105e-219
-2.743147e-219
-2.381910e-219
-2.068203e-219
-1.795777e-219
-1.559204e-219
-1.353770e-219
-1.175380e-219
-1.020477e-219
-8.859709e-220
-7.691785e-220
-6.677690e-220
-5.797180e-220
-5.032673e-220
-4.368900e-220
-3.792599e-220
-3.292252e-220
-2.857858e-220
-2.480731e-220
-2.153328e-220
-1.869098e-220
-1.622353e-220
-1.408154e-220
-1.222211e-220
-1.060801e-220
-9.206886e-221
-7.990669e-221
-6.934976e-221
-6.018638e-221
-5.223275e-221
-4.532929e-221
-3.933747e-221
-3.413700e-221
-2.962345e-221
-2.570617e-221
-2.230645e-221
-1.935598e-221
-1.679543e-221
-1.457332e-221
-1.264496e-221
-1.097154e-221
-9.519395e-222
-8.259285e-222
-7.165837e-222
-6.217029e-222
-5.393743e-222
-4.679387e-222
-4.059562e-222
-3.521768e-222
-3.055159e-222
-2.650320e-222
-2.299080e-222
-1.994350e-222
-1.729976e-222
-1.500618e-222
-1.301643e-222
-1.129028e-222
-9.792851e-223
-8.493857e-223
-7.367025e-223
-6.389558e-223
-5.541673e-223
-4.806206e-223
-4.168264e-223
-3.614927e-223
-3.134984e-223
-2.718707e-223
-2.357659e-223
-2.044518e-223
-1.772933e-223
-1.537394e-223
-1.333121e-223
-1.155966e-223
-1.002333e-223
-8.691020e-224
-7.535649e-224
-6.533742e-224
-5.664933e-224
-4.911554e-224
-4.258283e-224
-3.691829e-224
-3.200663e-224
-2.774788e-224
-2.405532e-224
-2.085373e-224
-1.807790e-224
-1.567124e-224
-1.358471e-224
-1.177576e-224
-1.020748e-224
-8.847892e-225
-7.669242e-225
-6.647472e-225
-5.761718e-225
-4.993889e-225
-4.328298e-225
-3.751344e-225
-3.251232e-225
-2.817738e-225
-2.441994e-225
-2.116313e-225
-1.834032e-225
-1.589370e-225
-1.377319e-225
-1.193537e-225
-1.034257e-225
-8.962150e-226
-7.765824e-226
-6.729058e-226
-5.830589e-226
-5.051985e-226
-4.377267e-226
-3.792586e-226
-3.285938e-226
-2.846916e-226
-2.466501e-226
-2.136876e-226
-1.851266e-226
-1.603799e-226
-1.389384e-226
-1.203611e-226
-1.042656e-226
-9.032082e-227
-7.823947e-227
-6.777279e-227
-5.870515e-227
-5.084972e-227
-4.404456e-227
-3.814937e-227
-3.304258e-227
-2.861883e-227
-2.478685e-227
-2.146753e-227
-1.859235e-227
-1.610193e-227
-1.394483e-227
-1.207646e-227
-1.045821e-227
-9.056634e-228
-7.842736e-228
-6.791407e-228
-5.880894e-228
-5.092351e-228
-4.409454e-228
-3.818059e-228
-3.305916e-228
-2.862415e-228
-2.478362e-228
-2.145795e-228
-1.857818e-228
-1.608457e-228
-1.392539e-228
-1.205581e-228
-1.043703e-228
-9.035436e-229
-7.821906e-229
-6.771228e-229
-5.861567e-229
-5.074012e-229
-4.392185e-229
-3.801904e-229
-3.290888e-229
-2.848502e-229
-2.465536e-229
-2.134015e-229
-1.847035e-229
-1.598616e-229
-1.383582e-229
-1.197448e-229
-1.036335e-229
-8.968808e-230
-7.761773e-230
-6.717049e-230
-5.812828e-230
-5.030231e-230
-4.352911e-230
-3.766717e-230
-3.259400e-230
-2.820355e-230
-2.440402e-230
-2.111593e-230
-1.827051e-230
-1.580820e-230
-1.367746e-230
-1.183369e-230
-1.023826e-230
-8.857756e-231
-7.663243e-231
-6.629685e-231
-5.735412e-231
-4.961668e-231
-4.292223e-231
-3.713028e-231
-3.211927e-231
-2.778398e-231
-2.403337e-231
-2.078865e-231
-1.798164e-231
-1.555335e-231
-1.345271e-231
-1.163556e-231
-1.006366e-231
-8.703943e-232
-7.527792e-232
-6.510444e-232
-5.630475e-232
-4.869349e-232
-4.211028e-232
-3.641638e-232
-3.149176e-232
-2.723256e-232
-2.354894e-232
-2.036319e-232
-1.760806e-232
-1.522540e-232
-1.316489e-232
-1.138302e-232
-9.842123e-233
-8.509650e-233
-7.357427e-233
-6.361092e-233
-5.499571e-233
-4.754637e-233
-4.110525e-233
-3.553602e-233
-3.072073e-233
-2.655741e-233
-2.295786e-233
-1.984579e-233
-1.715525e-233
-1.482917e-233
-1.281823e-233
-1.107978e-233
-9.576904e-234
-8.277719e-234
-7.154639e-234
-6.183810e-234
-5.344609e-234
-4.619205e-234
-3.992178e-234
-3.450198e-234
-2.981738e-234
-2.576834e-234
-2.226870e-234
-1.924397e-234
-1.662975e-234
-1.437039e-234
-1.241774e-234
-1.073020e-234
-9.271816e-235
-8.011486e-235
-6.922338e-235
-5.981140e-235
-5.167810e-235
-4.464990e-235
-3.857677e-235
-3.332903e-235
-2.879459e-235
-2.487657e-235
-2.149125e-235
-1.856625e-235
-1.603903e-235
-1.385554e-235
-1.196906e-235
-1.033923e-235
-8.931160e-236
-7.714697e-236
-6.663790e-236
-5.755925e-236
-4.971649e-236
-4.294149e-236
-3.708901e-236
-3.203353e-236
-2.766659e-236
-2.389451e-236
-2.063630e-236
-1.782202e-236
-1.539124e-236
-1.329174e-236
-1.147839e-236
-9.912245e-237
-8.559617e-237
-7.391423e-237
-6.382535e-237
-5.511245e-237
-4.758803e-237
-4.109009e-237
-3.547872e-237
-3.063305e-237
-2.644867e-237
-2.283542e-237
-1.971539e-237
-1.702132e-237
-1.469510e-237
-1.268655e-237
-1.095231e-237
-9.454949e-238
-8.162143e-238
-7.045967e-238
-6.082309e-238
-5.250344e-238
-4.532089e-238
-3.912015e-238
-3.376712e-238
-2.914600e-238
-2.515680e-238
-2.171317e-238
-1.874055e-238
-1.617458e-238
-1.395967e-238
-1.204782e-238
-1.039761e-238
-8.973249e-239
-7.743859e-239
-6.682771e-239
-5.766963e-239
-4.976559e-239
-4.294401e-239
-3.705675e-239
-3.197596e-239
-2.759124e-239
-2.380731e-239
-2.054191e-239
-1.772404e-239
-1.529242e-239
-1.319413e-239
-1.138353e-239
-9.821203e-240
-8.473127e-240
-7.309945e-240
-6.306320e-240
-5.440380e-240
-4.693253e-240
-4.048649e-240
-3.492510e-240
-3.012705e-240
-2.598765e-240
-2.241655e-240
-1.933579e-240
-1.667810e-240
-1.438542e-240
-1.240767e-240
-1.070161e-240
-9.229950e-241
-7.960513e-241
-6.865533e-241
-5.921051e-241
-5.106400e-241
-4.403746e-241
-3.797703e-241
-3.275000e-241
-2.824184e-241
-2.435376e-241
-2.100055e-241
-1.810867e-241
-1.561471e-241
-1.346395e-241
-1.160921e-241
-1.000978e-241
-8.630530e-242
-7.441182e-242
-6.415607e-242
-5.531273e-242
-4.768741e-242
-4.111250e-242
-3.544341e-242
-3.055543e-242
-2.634103e-242
-2.270746e-242
-1.957473e-242
-1.687386e-242
-1.454536e-242
-1.253794e-242
-1.080734e-242
-9.315437e-243
-8.029324e-243
-6.920638e-243
-5.964922e-243
-5.141085e-243
-4.430943e-243
-3.818818e-243
-3.291192e-243
-2.836410e-243
-2.444421e-243
-2.106564e-243
-1.815367e-243
-1.564393e-243
-1.348089e-243
-1.161670e-243
-1.001010e-243
-8.625525e-244
-7.432313e-244
-6.404038e-244
-5.517917e-244
-4.754314e-244
-4.096303e-244
-3.529292e-244
-3.040707e-244
-2.619708e-244
-2.256954e-244
-1.944393e-244
-1.675084e-244
-1.443048e-244
-1.243129e-244
-1.070886e-244
-9.224897e-245
-7.946415e-245
-6.844984e-245
-5.896103e-245
-5.078659e-245
-4.374460e-245
-3.767830e-245
-3.245261e-245
-2.795113e-245
-2.407357e-245
-2.073352e-245
-1.785652e-245
-1.537844e-245
-1.324400e-245
-1.140558e-245
-9.822158e-246
-8.458396e-246
-7.283841e-246
-6.272264e-246
-5.401068e-246
-4.650786e-246
-4.004650e-246
-3.448213e-246
-2.969034e-246
-2.556392e-246
-2.201057e-246
-1.895076e-246
-1.631598e-246
-1.404725e-246
-1.209375e-246
-1.041170e-246
-8.963429e-247
-7.716457e-247
-6.642830e-247
-5.718469e-247
-4.922637e-247
-4.237476e-247
-3.647607e-247
-3.139788e-247
-2.702614e-247
-2.326265e-247
-2.002284e-247
-1.723391e-247
-1.483314e-247
-1.276656e-247
-1.098768e-247
-9.456487e-248
-8.138510e-248
-7.004084e-248
-6.027667e-248
-5.187267e-248
-4.463950e-248
-3.841418e-248
-3.305637e-248
-2.844527e-248
-2.447691e-248
-2.106175e-248
-1.812273e-248
-1.559353e-248
-1.341703e-248
-1.154410e-248
-9.932417e-249
-8.545575e-249
-7.352230e-249
-6.325404e-249
-5.441880e-249
-4.681672e-249
-4.027582e-249
-3.464809e-249
-2.980613e-249
-2.564031e-249
-2.205629e-249
-1.897287e-249
-1.632018e-249
-1.403810e-249
-1.207489e-249
-1.038603e-249
-8.933203e-250
-7.683450e-250
-6.608407e-250
-5.683668e-250
-4.888235e-250
-4.204040e-250
-3.615539e-250
-3.109357e-250
-2.673989e-250
-2.299535e-250
-1.977479e-250
-1.700495e-250
-1.462278e-250
-1.257408e-250
-1.081219e-250
-9.296995e-251
-7.993978e-251
-6.873450e-251
-5.909871e-251
-5.081274e-251
-4.368765e-251
-3.756092e-251
-3.229275e-251
-2.776294e-251
-2.386806e-251
-2.051920e-251
-1.763985e-251
-1.516425e-251
-1.303582e-251
-1.120591e-251
-9.632687e-252
-8.280168e-252
-7.117414e-252
-6.117821e-252
-5.258510e-252
-4.519809e-252
-3.884802e-252
-3.338943e-252
-2.869728e-252
-2.466401e-252
-2.119719e-252
-1.821730e-252
-1.565602e-252
-1.345458e-252
-1.156246e-252
-9.936234e-253
-8.538563e-253
-7.337349e-253
-6.304999e-253
-5.417791e-253
-4.655335e-253
-4.000102e-253
-3.437024e-253
-2.953150e-253
-2.537347e-253
-2.180046e-253
-1.873021e-253
-1.609205e-253
-1.382520e-253
-1.187744e-253
-1.020389e-253
-8.765970e-254
-7.530532e-254
-6.469084e-254
-5.557140e-254
-4.773658e-254
-4.100556e-254
-3.522293e-254
-3.025518e-254
-2.598755e-254
-2.232145e-254
-1.917215e-254
-1.646686e-254
-1.414302e-254
-1.214688e-254
-1.043228e-254
-8.959518e-255
-7.694522e-255
-6.608001e-255
-5.674792e-255
-4.873278e-255
-4.184888e-255
-3.593668e-255
-3.085912e-255
-2.649845e-255
-2.275353e-255
-1.953748e-255
-1.677567e-255
-1.440398e-255
-1.236735e-255
-1.061847e-255
-9.116725e-256
-7.827213e-256
-6.719963e-256
-5.769232e-256
-4.952912e-256
-4.252013e-256
-3.650228e-256
-3.133551e-256
-2.689955e-256
-2.309111e-256
-1.982147e-256
-1.701447e-256
-1.460469e-256
-1.253596e-256
-1.076005e-256
-9.235546e-257
-7.926878e-257
-6.803513e-257
-5.839231e-257
-5.011521e-257
-4.301053e-257
-3.691234e-257
-3.167814e-257
-2.718562e-257
-2.332976e-257
-2.002039e-257
-1.718013e-257
-1.474252e-257
-1.265052e-257
-1.085516e-257
-9.314420e-258
-7.992207e-258
-6.857552e-258
-5.883867e-258
-5.048333e-258
-4.331363e-258
-3.716145e-258
-3.188248e-258
-2.735287e-258
-2.346633e-258
-2.013163e-258
-1.727046e-258
-1.481564e-258
-1.270950e-258
-1.090254e-258
-9.352304e-259
-8.022336e-259
-6.881363e-259
-5.902548e-259
-5.062861e-259
-4.342541e-259
-3.724631e-259
-3.194581e-259
-2.739909e-259
-2.349902e-259
-2.015369e-259
-1.728427e-259
-1.482310e-259
-1.271213e-259
-1.090157e-259
-9.348694e-260
-8.016863e-260
-6.874631e-260
-5.895027e-260
-5.054911e-260
-4.334438e-260
-3.716579e-260
-3.186731e-260
-2.732366e-260
-2.342738e-260
-2.008630e-260
-1.722137e-260
-1.476478e-260
-1.265836e-260
-1.085224e-260
-9.303639e-261
-7.975863e-261
-6.837446e-261
-5.861403e-261
-5.024590e-261
-4.307161e-261
-3.692097e-261
-3.164801e-261
-2.712759e-261
-2.325238e-261
-1.993035e-261
-1.708260e-261
-1.464146e-261
-1.254892e-261
-1.075523e-261
-9.217736e-262
-7.899878e-262
-6.770301e-262
-5.802123e-262
-4.972300e-262
-4.261074e-262
-3.651509e-262
-3.129082e-262
-2.681347e-262
-2.297632e-262
-1.968790e-262
-1.686979e-262
-1.445478e-262
-1.238525e-262
-1.061181e-262
-9.092123e-263
-7.789915e-263
-6.674082e-263
-5.717969e-263
-4.898730e-263
-4.196784e-263
-3.595350e-263
-3.080045e-263
-2.638545e-263
-2.260285e-263
-1.936215e-263
-1.658575e-263
-1.420719e-263
-1.216950e-263
-1.042386e-263
-8.928445e-264
-7.647414e-264
-6.550052e-264
-5.610045e-264
-4.804844e-264
-4.115132e-264
-3.524354e-264
-3.018331e-264
-2.584910e-264
-2.213684e-264
-1.895733e-264
-1.623417e-264
-1.390191e-264
-1.190447e-264
-1.019383e-264
-8.728829e-265
-7.474223e-265
-6.399816e-265
-5.479745e-265
-4.691856e-265
-4.017172e-265
-3.439438e-265
-2.944734e-265
-2.521135e-265
-2.158428e-265
-1.847865e-265
-1.581957e-265
-1.354285e-265
-1.159357e-265
-9.924663e-266
-8.495828e-266
-7.272556e-266
-6.225293e-266
-5.328734e-266
-4.561205e-266
-3.904151e-266
-3.341682e-266
-2.860190e-266
-2.448027e-266
-2.095217e-266
-1.793218e-266
-1.534718e-266
-1.313456e-266
-1.124072e-266
-9.619750e-267
-8.232373e-267
-7.044946e-267
-6.028673e-267
-5.158901e-267
-4.414527e-267
-3.777483e-267
-3.232304e-267
-2.765753e-267
-2.366497e-267
-2.024837e-267
-1.732469e-267
-1.482287e-267
-1.268208e-267
-1.085026e-267
-9.282851e-268
-7.941708e-268
-6.794193e-268
-5.812370e-268
-4.972331e-268
-4.253616e-268
-3.638714e-268
-3.112640e-268
-2.662572e-268
-2.277536e-268
-1.948142e-268
-1.666355e-268
-1.425298e-268
-1.219088e-268
-1.042692e-268
-8.918023e-269
-7.627328e-269
-6.523305e-269
-5.578974e-269
-4.771253e-269
-4.080393e-269
-3.489498e-269
-2.984113e-269
-2.551873e-269
-2.182199e-269
-1.866040e-269
-1.595655e-269
-1.364421e-269
-1.166673e-269
-9.975660e-270
-8.529535e-270
-7.292904e-270
-6.235440e-270
-5.331201e-270
-4.558002e-270
-3.896865e-270
-3.331559e-270
-2.848205e-270
-2.434929e-270
-2.081579e-270
-1.779470e-270
-1.521178e-270
-1.300352e-270
-1.111560e-270
-9.501599e-271
-8.121790e-271
-6.942217e-271
-5.933844e-271
-5.071838e-271
-4.334970e-271
-3.705086e-271
-3.166663e-271
-2.706430e-271
-2.313040e-271
-1.976792e-271
-1.689391e-271
-1.443746e-271
-1.233795e-271
-1.054354e-271
-9.009930e-272
-7.699238e-272
-6.579086e-272
-5.621791e-272
-4.803694e-272
-4.104567e-272
-3.507121e-272
-2.996579e-272
-2.560306e-272
-2.187508e-272
-1.868955e-272
-1.596759e-272
-1.364179e-272
-1.165453e-272
-9.956565e-273
-8.505811e-273
-7.266301e-273
-6.207296e-273
-5.302528e-273
-4.529548e-273
-3.869174e-273
-3.305012e-273
-2.823054e-273
-2.411331e-273
-2.059614e-273
-1.759164e-273
-1.502512e-273
-1.283280e-273
-1.096014e-273
-9.360567e-274
