0.001 1.31192e-30 -7.8108e-07
0.002 2.13343e-29 -1.38967e-06
0.003 1.69372e-28 -1.69207e-06
0.004 8.80397e-28 -2.47131e-06
0.005 3.39423e-27 -3.22225e-06
0.006 1.04327e-26 -4.0543e-06
0.007 2.68443e-26 -4.82787e-06
0.008 5.99403e-26 -5.57115e-06
0.009 1.194e-25 -6.27747e-06
0.01 2.16824e-25 -6.98044e-06
0.011 3.65111e-25 -7.69602e-06
0.012 5.77813e-25 -8.43358e-06
0.013 8.68536e-25 -9.18626e-06
0.014 1.25043e-24 -9.94163e-06
0.015 1.73573e-24 -1.06879e-05
0.016 2.33538e-24 -1.14211e-05
0.017 3.05863e-24 -1.21448e-05
0.018 3.91272e-24 -1.28676e-05
0.019 4.90256e-24 -1.35969e-05
0.02 6.03057e-24 -1.43355e-05
0.021 7.29669e-24 -1.50804e-05
0.022 8.69862e-24 -1.58254e-05
0.023 1.02323e-23 -1.65652e-05
0.024 1.19071e-23 -1.72981e-05
0.025 1.38221e-23 -1.80266e-05
0.026 1.63039e-23 -1.87554e-05
0.027 1.99291e-23 -1.94885e-05
0.028 2.52385e-23 -2.0227e-05
0.029 3.29561e-23 -2.09686e-05
0.03 4.47955e-23 -2.17098e-05
0.031 6.15818e-23 -2.24472e-05
0.032 8.00584e-23 -2.31804e-05
0.033 9.52779e-23 -2.39112e-05
0.034 1.05469e-22 -2.46427e-05
0.035 1.118e-22 -2.53773e-05
0.036 1.15923e-22 -2.61155e-05
0.037 1.20892e-22 -2.68555e-05
0.038 1.34656e-22 -2.75947e-05
0.039 1.68545e-22 -2.8331e-05
0.04 2.28279e-22 -2.90645e-05
0.041 3.70623e-22 -2.97965e-05
0.042 6.83825e-22 -3.05295e-05
0.043 1.10229e-21 -3.12649e-05
0.044 1.47641e-21 -3.20029e-05
0.045 1.77419e-21 -3.27418e-05
0.046 4.85044e-21 -3.34798e-05
0.047 7.07257e-21 -3.42156e-05
0.048 6.46184e-21 -3.49493e-05
0.049 6.71687e-21 -3.56822e-05
0.05 7.35797e-21 -3.64161e-05
0.051 1.14725e-20 -3.7152e-05
0.052 1.74988e-20 -3.78897e-05
0.053 2.99578e-20 -3.86279e-05
0.054 3.82412e-20 -3.93652e-05
0.055 3.36395e-20 -4.01006e-05
0.056 2.58105e-20 -4.08345e-05
0.057 3.70437e-21 -4.15681e-05
0.058 -1.06256e-20 -4.23026e-05
0.059 -5.85358e-21 -4.30388e-05
0.06 -5.68431e-21 -4.37762e-05
0.061 -5.92346e-21 -4.45139e-05
0.062 -3.78683e-21 -4.52507e-05
0.063 -2.79076e-21 -4.59859e-05
0.064 -1.96033e-21 -4.672e-05
0.065 1.566e-21 -4.7454e-05
0.066 4.12685e-21 -4.81889e-05
0.067 3.67775e-21 -4.89253e-05
0.068 3.81538e-21 -4.96626e-05
0.069 3.82884e-21 -5.03999e-05
0.07 9.48401e-21 -5.11362e-05
0.071 1.34792e-20 -5.18713e-05
0.072 1.16992e-20 -5.26056e-05
0.073 1.13129e-20 -5.334e-05
0.074 1.08582e-20 -5.40753e-05
0.075 1.04875e-20 -5.48117e-05
0.076 1.01383e-20 -5.55488e-05
0.077 9.67777e-21 -5.62858e-05
0.078 8.91509e-21 -5.70219e-05
0.079 7.97203e-21 -5.77569e-05
0.08 7.14187e-21 -5.84913e-05
0.081 6.48564e-21 -5.9226e-05
0.082 5.94838e-21 -5.99615e-05
0.083 5.50396e-21 -6.0698e-05
0.084 5.12861e-21 -6.1435e-05
0.085 -8.50785e-22 -6.21717e-05
0.086 -5.27329e-21 -6.29075e-05
0.087 -4.11285e-21 -6.36425e-05
0.088 -4.25653e-21 -6.43771e-05
0.089 -4.34017e-21 -6.5112e-05
0.09 -5.14665e-21 -6.58477e-05
0.091 -1.21384e-20 -6.65842e-05
0.092 -1.73639e-20 -6.73211e-05
0.093 -1.65481e-20 -6.80575e-05
0.094 -2.26105e-20 -6.87932e-05
0.095 -3.276e-20 -6.95282e-05
0.096 -5.83055e-20 -7.02629e-05
0.097 -7.69551e-20 -7.0998e-05
0.098 -5.99487e-20 -7.17339e-05
0.099 -5.00926e-20 -7.24704e-05
0.1 -5.75109e-20 -7.32071e-05
0.101 -6.22325e-20 -7.39434e-05
0.102 -4.27687e-20 -7.4679e-05
0.103 -3.88146e-20 -7.54139e-05
0.104 -6.06456e-20 -7.61488e-05
0.105 -1.00068e-19 -7.68841e-05
0.106 -6.87156e-20 -7.76201e-05
0.107 1.26969e-20 -7.83565e-05
0.108 3.47549e-20 -7.90931e-05
0.109 3.82082e-20 -7.98292e-05
0.11 4.53396e-20 -8.05647e-05
0.111 6.40221e-20 -8.12997e-05
0.112 1.23326e-19 -8.20347e-05
0.113 1.62983e-19 -8.27701e-05
0.114 1.4077e-19 -8.35062e-05
0.115 1.25797e-19 -8.42426e-05
0.116 1.08169e-19 -8.49791e-05
0.117 4.26765e-20 -8.57151e-05
0.118 9.26696e-22 -8.64505e-05
0.119 2.46681e-20 -8.71855e-05
0.12 4.96566e-20 -8.79206e-05
0.121 1.36505e-19 -8.86562e-05
0.122 2.02471e-19 -8.93923e-05
0.123 1.94362e-19 -9.01287e-05
0.124 1.92344e-19 -9.0865e-05
0.125 1.73538e-19 -9.16009e-05
0.126 1.10475e-19 -9.23363e-05
0.127 5.03877e-20 -9.30714e-05
0.128 2.19473e-20 -9.38066e-05
0.129 -9.34893e-20 -9.45423e-05
0.13 -1.24986e-19 -9.52784e-05
0.131 -1.56344e-19 -9.60148e-05
0.132 -2.0821e-19 -9.6751e-05
0.133 -1.1966e-19 -9.74868e-05
0.134 -5.86639e-20 -9.82221e-05
0.135 4.30971e-20 -9.89572e-05
0.136 1.19728e-19 -9.96926e-05
0.137 1.64046e-19 -0.000100428
0.138 1.83781e-19 -0.000101164
0.139 1.25615e-19 -0.000101901
0.14 4.09143e-20 -0.000102637
0.141 -1.1608e-19 -0.000103373
0.142 -2.16918e-19 -0.000104108
0.143 -2.4959e-19 -0.000104843
0.144 -2.57696e-19 -0.000105579
0.145 -2.10668e-19 -0.000106314
0.146 -1.73565e-19 -0.000107051
0.147 -1.26385e-19 -0.000107787
0.148 -5.14306e-20 -0.000108523
0.149 4.07719e-20 -0.000109258
0.15 5.80606e-20 -0.000109994
0.151 3.60274e-20 -0.000110729
0.152 3.41488e-20 -0.000111464
0.153 2.55594e-20 -0.0001122
0.154 3.72336e-20 -0.000112937
0.155 5.73652e-20 -0.000113673
0.156 8.42167e-20 -0.000114409
0.157 1.33813e-19 -0.000115144
0.158 2.79236e-19 -0.000115879
0.159 3.74305e-19 -0.000116615
0.16 3.63043e-19 -0.00011735
0.161 3.4705e-19 -0.000118086
0.162 2.69436e-19 -0.000118821
0.163 2.15526e-19 -0.000119557
0.164 2.58069e-19 -0.000120292
0.165 2.12795e-19 -0.000121026
0.166 1.4416e-19 -0.000121759
0.167 2.52894e-22 -0.000122492
0.168 -1.53839e-19 -0.000123223
0.169 -1.26544e-19 -0.000123953
0.17 -6.56252e-21 -0.00012468
0.171 6.50505e-20 -0.000125404
0.172 -5.84789e-20 -0.000126124
0.173 -1.39992e-19 -0.000126836
0.174 -4.40358e-20 -0.00012754
0.175 6.50221e-21 -0.000128234
0.176 -1.35489e-19 -0.000128913
0.177 -2.30412e-19 -0.000129576
0.178 -1.02884e-19 -0.000130216
0.179 9.87872e-22 -0.000130827
0.18 1.41789e-20 -0.000131404
0.181 7.04047e-20 -0.000131939
0.182 1.313e-19 -0.000132424
0.183 2.84764e-19 -0.000132849
0.184 3.40468e-19 -0.000133205
0.185 2.79533e-19 -0.000133483
0.186 2.20551e-19 -0.000133673
0.187 5.34081e-20 -0.000133764
0.188 -3.02046e-20 -0.000133749
0.189 -4.18142e-20 -0.000133621
0.19 -4.94334e-20 -0.000133377
0.191 -4.13288e-20 -0.000133017
0.192 -2.30817e-20 -0.000132543
0.193 2.38724e-20 -0.000131963
0.194 7.89798e-20 -0.000131288
0.195 1.27662e-19 -0.000130534
0.196 1.44447e-19 -0.00012972
0.197 2.51894e-19 -0.000128868
0.198 2.84659e-19 -0.000128004
0.199 9.19519e-20 -0.000127153
0.2 -8.83587e-20 -0.000126337
0.201 -1.52019e-19 -0.000125577
0.202 -2.91913e-19 -0.000124889
0.203 -3.73929e-19 -0.00012428
0.204 -2.96144e-19 -0.000123753
0.205 -1.08927e-19 -0.000123301
0.206 7.858e-20 -0.000122911
0.207 3.13642e-19 -0.000122563
0.208 4.9678e-19 -0.000122234
0.209 5.53297e-19 -0.000121897
0.21 5.63393e-19 -0.000121529
0.211 4.03738e-19 -0.00012111
0.212 1.4735e-19 -0.000120625
0.213 -1.63535e-19 -0.000120072
0.214 -4.35807e-19 -0.000119454
0.215 -5.79912e-19 -0.000118786
0.216 -6.77732e-19 -0.000118087
0.217 -6.55431e-19 -0.000117382
0.218 -4.4516e-19 -0.000116695
0.219 -8.83438e-21 -0.000116047
0.22 2.33681e-19 -0.000115455
0.221 3.44407e-19 -0.000114923
0.222 4.87989e-19 -0.000114448
0.223 3.31797e-19 -0.000114017
0.224 2.08706e-19 -0.000113609
0.225 6.63089e-20 -0.000113199
0.226 -8.10062e-20 -0.000112764
0.227 -2.7625e-19 -0.000112285
0.228 -3.17382e-19 -0.000111753
0.229 -1.69198e-19 -0.000111167
0.23 -1.10759e-19 -0.000110537
0.231 -5.73628e-20 -0.000109883
0.232 -3.14452e-20 -0.000109227
0.233 1.02605e-19 -0.000108592
0.234 2.25543e-19 -0.000107997
0.235 3.25639e-19 -0.00010745
0.236 3.60915e-19 -0.000106953
0.237 3.99054e-20 -0.000106493
0.238 -1.97629e-19 -0.000106052
0.239 -1.5321e-19 -0.000105607
0.24 -1.34369e-19 -0.000105136
0.241 -1.05398e-19 -0.000104625
0.242 -2.63484e-21 -0.000104068
0.243 4.83883e-20 -0.000103468
0.244 1.99408e-19 -0.000102841
0.245 4.48347e-19 -0.000102208
0.246 4.26204e-19 -0.000101591
0.247 -3.25449e-21 -0.000101008
0.248 -3.11298e-19 -0.000100467
0.249 -3.68427e-19 -9.99675e-05
0.25 -6.42474e-19 -9.94975e-05
0.251 -7.49812e-19 -9.90379e-05
0.252 -5.63693e-19 -9.85676e-05
0.253 -3.57594e-19 -9.80684e-05
0.254 6.74555e-20 -9.75299e-05
0.255 4.54972e-19 -9.69523e-05
0.256 8.05706e-19 -9.6346e-05
0.257 1.04019e-18 -9.57289e-05
0.258 1.19518e-18 -9.51213e-05
0.259 1.28667e-18 -9.45411e-05
0.26 1.10875e-18 -9.39979e-05
0.261 3.87078e-19 -9.34915e-05
0.262 -2.55245e-19 -9.30109e-05
0.263 -3.11812e-19 -9.25383e-05
0.264 -5.93956e-19 -9.20537e-05
0.265 -7.59595e-19 -9.1541e-05
0.266 -7.13172e-19 -9.09922e-05
0.267 -5.13433e-19 -9.04102e-05
0.268 -3.3928e-19 -8.98075e-05
0.269 -1.92744e-19 -8.92026e-05
0.27 -7.24206e-20 -8.86142e-05
0.271 -1.49228e-19 -8.80559e-05
0.272 -2.61204e-19 -8.75319e-05
0.273 -5.04613e-19 -8.7036e-05
0.274 -6.12675e-19 -8.65533e-05
0.275 -5.29098e-19 -8.60654e-05
0.276 -4.11445e-19 -8.55556e-05
0.277 -8.15985e-20 -8.50145e-05
0.278 7.88944e-20 -8.44425e-05
0.279 -2.85905e-21 -8.38497e-05
0.28 -2.58519e-20 -8.32527e-05
0.281 -8.53045e-20 -8.2669e-05
0.282 -1.62724e-19 -8.21118e-05
0.283 -2.53735e-19 -8.15854e-05
0.284 -4.76584e-19 -8.10842e-05
0.285 -6.01221e-19 -8.05944e-05
0.286 -4.26394e-19 -8.00986e-05
0.287 -5.54378e-20 -7.95817e-05
0.288 2.65407e-19 -7.90357e-05
0.289 3.59276e-19 -7.84625e-05
0.29 6.91494e-19 -7.7873e-05
0.291 9.2019e-19 -7.72837e-05
0.292 8.52335e-19 -7.67107e-05
0.293 1.07123e-18 -7.61643e-05
0.294 1.16736e-18 -7.56454e-05
0.295 8.32582e-19 -7.51457e-05
0.296 4.84101e-19 -7.465e-05
0.297 2.83216e-19 -7.41421e-05
0.298 5.51614e-20 -7.36104e-05
0.299 -2.58606e-20 -7.30517e-05
0.3 5.58726e-20 -7.24724e-05
0.301 4.32556e-20 -7.18862e-05
0.302 7.52853e-21 -7.1309e-05
0.303 -4.35337e-20 -7.07531e-05
0.304 -9.72377e-20 -7.02232e-05
0.305 -1.85834e-19 -6.97143e-05
0.306 -4.69604e-19 -6.92141e-05
0.307 -4.80102e-19 -6.87073e-05
0.308 -3.29865e-19 -6.81812e-05
0.309 -1.6947e-19 -6.76303e-05
0.31 1.45698e-20 -6.70584e-05
0.311 -1.92632e-19 -6.64769e-05
0.312 -3.08735e-19 -6.59005e-05
0.313 -6.71427e-20 -6.5342e-05
0.314 7.71248e-20 -6.48072e-05
0.315 3.81918e-20 -6.4293e-05
0.316 3.8291e-20 -6.37887e-05
0.317 7.5583e-20 -6.32798e-05
0.318 9.85851e-20 -6.2754e-05
0.319 7.53597e-20 -6.22052e-05
0.32 -1.18989e-19 -6.16365e-05
0.321 -8.51579e-20 -6.10584e-05
0.322 7.14439e-20 -6.0485e-05
0.323 -5.95707e-20 -5.99283e-05
0.324 -1.36953e-19 -5.93938e-05
0.325 -2.12702e-19 -5.88783e-05
0.326 -3.58483e-19 -5.8371e-05
0.327 -6.27606e-19 -5.78584e-05
0.328 -7.59937e-19 -5.73288e-05
0.329 -6.41301e-19 -5.67777e-05
0.33 -5.18912e-19 -5.62091e-05
0.331 -3.59855e-19 -5.56338e-05
0.332 9.31861e-20 -5.50652e-05
0.333 4.71955e-19 -5.45138e-05
0.334 7.90834e-19 -5.39831e-05
0.335 1.05659e-18 -5.34683e-05
0.336 1.27856e-18 -5.29582e-05
0.337 1.60104e-18 -5.24399e-05
0.338 1.45653e-18 -5.1904e-05
0.339 7.14904e-19 -5.13485e-05
0.34 -3.52505e-21 -5.07793e-05
0.341 -1.37126e-19 -5.02079e-05
0.342 -7.30696e-20 -4.96466e-05
0.343 -3.82647e-20 -4.91034e-05
0.344 -2.94769e-21 -4.8579e-05
0.345 -2.08647e-21 -4.80664e-05
0.346 -6.25182e-21 -4.75541e-05
0.347 -1.08602e-20 -4.70308e-05
0.348 -6.10387e-20 -4.64904e-05
0.349 -1.03951e-19 -4.59343e-05
0.35 -1.1373e-19 -4.5371e-05
0.351 -3.21188e-19 -4.48126e-05
0.352 -5.05953e-19 -4.427e-05
0.353 -5.15989e-19 -4.37484e-05
0.354 -5.00289e-19 -4.32457e-05
0.355 -2.27223e-19 -4.27535e-05
0.356 1.31279e-19 -4.22614e-05
0.357 3.2581e-19 -4.1762e-05
0.358 2.51054e-19 -4.12543e-05
0.359 -2.94534e-19 -4.07451e-05
0.36 -4.25567e-19 -4.02468e-05
0.361 -1.64145e-19 -3.97729e-05
0.362 -1.25354e-19 -3.93335e-05
0.363 2.96452e-19 -3.89321e-05
0.364 6.13788e-19 -3.85656e-05
0.365 4.72724e-19 -3.82273e-05
0.366 1.89218e-19 -3.79114e-05
0.367 -8.38064e-21 -3.76173e-05
0.368 -8.57243e-20 -3.73519e-05
0.369 -1.91096e-19 -3.71282e-05
0.37 -5.12622e-19 -3.69619e-05
0.371 -8.3582e-19 -3.68658e-05
0.372 -6.85367e-19 -3.68466e-05
0.373 -6.96312e-19 -3.69035e-05
0.374 -7.27012e-19 -3.70296e-05
0.375 -5.33524e-19 -3.72165e-05
0.376 -4.45325e-19 -3.74585e-05
0.377 -9.54327e-20 -3.77551e-05
0.378 1.83533e-19 -3.81107e-05
0.379 2.27385e-19 -3.85315e-05
0.38 2.93375e-19 -3.90207e-05
0.381 4.78788e-19 -3.95751e-05
0.382 6.06067e-19 -4.01826e-05
0.383 4.93911e-19 -4.08246e-05
0.384 3.62663e-19 -4.14798e-05
0.385 1.05431e-20 -4.21291e-05
0.386 -3.99318e-19 -4.27591e-05
0.387 -3.02769e-19 -4.33633e-05
0.388 -1.13656e-19 -4.394e-05
0.389 -1.07717e-19 -4.44886e-05
0.39 9.13134e-21 -4.50064e-05
0.391 7.03458e-20 -4.54867e-05
0.392 1.01248e-19 -4.59203e-05
0.393 1.58899e-19 -4.62991e-05
0.394 1.59e-19 -4.66205e-05
0.395 1.7655e-19 -4.68901e-05
0.396 2.36188e-19 -4.71225e-05
0.397 3.14214e-19 -4.73382e-05
0.398 3.1594e-19 -4.75589e-05
0.399 1.02681e-19 -4.78026e-05
0.4 -6.86664e-20 -4.80804e-05
0.401 -1.05703e-19 -4.8396e-05
0.402 -3.28216e-19 -4.8748e-05
0.403 -2.67738e-19 -4.91333e-05
0.404 -2.31854e-19 -4.95501e-05
0.405 -3.96938e-19 -4.99987e-05
0.406 -1.6062e-19 -5.04797e-05
0.407 -3.92687e-20 -5.09909e-05
0.408 -1.14701e-19 -5.15244e-05
0.409 -1.54944e-19 -5.20657e-05
0.41 -2.32118e-19 -5.25956e-05
0.411 -4.93958e-19 -5.30942e-05
0.412 -6.50977e-19 -5.35464e-05
0.413 -5.41937e-19 -5.3946e-05
0.414 -4.32211e-19 -5.42973e-05
0.415 -7.23769e-20 -5.46124e-05
0.416 2.71197e-19 -5.49082e-05
0.417 3.35475e-19 -5.52007e-05
0.418 6.6871e-19 -5.55019e-05
0.419 9.10288e-19 -5.58192e-05
0.42 8.55156e-19 -5.61561e-05
0.421 9.03876e-19 -5.65152e-05
0.422 8.80292e-19 -5.68998e-05
0.423 6.83437e-19 -5.7314e-05
0.424 1.88405e-19 -5.77606e-05
0.425 -1.33506e-19 -5.82379e-05
0.426 -1.30326e-19 -5.87376e-05
0.427 -2.02336e-19 -5.92444e-05
0.428 -4.55995e-19 -5.97388e-05
0.429 -4.82313e-19 -6.02022e-05
0.43 -3.74094e-19 -6.0622e-05
0.431 -4.97829e-19 -6.09956e-05
0.432 -5.3136e-19 -6.13307e-05
0.433 -6.08846e-19 -6.16428e-05
0.434 -6.80421e-19 -6.19503e-05
0.435 -6.21447e-19 -6.22692e-05
0.436 -5.30922e-19 -6.26101e-05
0.437 -4.43487e-19 -6.29774e-05
0.438 -3.10857e-19 -6.33706e-05
0.439 5.7575e-20 -6.37869e-05
0.44 3.52102e-19 -6.42232e-05
0.441 5.87e-19 -6.46764e-05
0.442 7.3105e-19 -6.51421e-05
0.443 6.34117e-19 -6.5613e-05
0.444 5.52027e-19 -6.60781e-05
0.445 4.0076e-19 -6.65242e-05
0.446 2.76108e-20 -6.69392e-05
0.447 -2.74674e-19 -6.73167e-05
0.448 -3.02073e-19 -6.76588e-05
0.449 -5.90938e-19 -6.7977e-05
0.45 -7.82488e-19 -6.82899e-05
0.451 -6.35763e-19 -6.86175e-05
0.452 -4.83369e-19 -6.89758e-05
0.453 -3.6479e-19 -6.93723e-05
0.454 5.4708e-22 -6.98042e-05
0.455 2.95248e-19 -7.02607e-05
0.456 3.14014e-19 -7.07268e-05
0.457 5.91151e-19 -7.11882e-05
0.458 6.88972e-19 -7.16345e-05
0.459 5.3445e-19 -7.20604e-05
0.46 4.59518e-19 -7.24651e-05
0.461 3.51973e-19 -7.28499e-05
0.462 1.70778e-20 -7.32177e-05
0.463 -1.93389e-19 -7.35721e-05
0.464 -1.44081e-19 -7.39185e-05
0.465 -1.07354e-19 -7.42648e-05
0.466 -4.86636e-20 -7.46215e-05
0.467 -2.45723e-20 -7.49993e-05
0.468 -1.75593e-20 -7.5406e-05
0.469 -1.22308e-20 -7.58428e-05
0.47 5.05244e-20 -7.63027e-05
0.471 1.19493e-19 -7.67713e-05
0.472 1.99823e-19 -7.72304e-05
0.473 3.18313e-19 -7.76636e-05
0.474 6.25607e-19 -7.80619e-05
0.475 8.30413e-19 -7.84265e-05
0.476 6.81823e-19 -7.87679e-05
0.477 4.61041e-19 -7.91028e-05
0.478 9.10849e-20 -7.94483e-05
0.479 -1.20425e-19 -7.98168e-05
0.48 -1.54322e-19 -8.02129e-05
0.481 -4.85667e-19 -8.06339e-05
0.482 -7.08338e-19 -8.10715e-05
0.483 -4.92943e-19 -8.15153e-05
0.484 -3.78797e-19 -8.19563e-05
0.485 -3.65546e-19 -8.23875e-05
0.486 -2.07809e-19 -8.28046e-05
0.487 -1.45342e-19 -8.32053e-05
0.488 -1.83615e-19 -8.35891e-05
0.489 -2.2557e-19 -8.39574e-05
0.49 -2.74976e-19 -8.43149e-05
0.491 -4.91203e-19 -8.46696e-05
0.492 -7.21838e-19 -8.50321e-05
0.493 -8.07038e-19 -8.54132e-05
0.494 -8.00978e-19 -8.58201e-05
0.495 -7.16459e-19 -8.62531e-05
0.496 -6.58211e-19 -8.67042e-05
0.497 -6.0743e-19 -8.71589e-05
0.498 -4.75249e-19 -8.76007e-05
0.499 -2.86559e-19 -8.80161e-05
0.5 -4.02204e-20 -8.84002e-05
0.501 1.71426e-19 -8.87578e-05
0.502 1.90037e-19 -8.91024e-05
0.503 2.48823e-19 -8.94508e-05
0.504 4.7746e-19 -8.98181e-05
0.505 6.32857e-19 -9.02121e-05
0.506 5.72008e-19 -9.06319e-05
0.507 4.58181e-19 -9.10693e-05
0.508 3.08357e-19 -9.15117e-05
0.509 4.30893e-20 -9.19474e-05
0.51 -1.39694e-19 -9.23681e-05
0.511 -1.01643e-19 -9.27708e-05
0.512 -6.71641e-20 -9.3157e-05
0.513 7.90992e-20 -9.35314e-05
0.514 2.76006e-19 -9.38997e-05
0.515 4.23702e-19 -9.42681e-05
0.516 6.31556e-19 -9.46428e-05
0.517 1.21528e-18 -9.50291e-05
0.518 1.59918e-18 -9.5431e-05
0.519 1.37116e-18 -9.58495e-05
0.52 1.15254e-18 -9.62813e-05
0.521 6.71164e-19 -9.67187e-05
0.522 2.05854e-19 -9.71506e-05
0.523 -4.48967e-19 -9.75661e-05
0.524 -1.03315e-18 -9.79581e-05
0.525 -1.51556e-18 -9.8327e-05
0.526 -1.76162e-18 -9.8681e-05
0.527 -1.47931e-18 -9.9034e-05
0.528 -1.42303e-18 -9.9401e-05
0.529 -1.32485e-18 -9.97922e-05
0.53 -1.03454e-18 -0.00010021
0.531 -7.20037e-19 -0.000100645
0.532 -3.01367e-20 -0.000101085
0.533 5.51304e-19 -0.000101512
0.534 6.59868e-19 -0.000101916
0.535 1.13727e-18 -0.000102293
0.536 1.27614e-18 -0.000102647
0.537 9.44565e-19 -0.000102989
0.538 7.19973e-19 -0.000103333
0.539 3.47064e-20 -0.000103687
0.54 -4.03219e-19 -0.000104055
0.541 -3.04126e-19 -0.000104432
0.542 -2.07539e-19 -0.000104813
0.543 -6.17671e-20 -0.000105186
0.544 2.10432e-20 -0.000105542
0.545 6.24303e-20 -0.000105876
0.546 1.485e-19 -0.000106182
0.547 2.75478e-19 -0.00010646
0.548 2.88797e-19 -0.00010671
0.549 2.43276e-19 -0.000106936
0.55 3.19654e-19 -0.00010714
0.551 3.72149e-19 -0.000107328
0.552 4.10118e-19 -0.000107501
0.553 4.42775e-19 -0.000107659
0.554 3.22896e-19 -0.000107794
0.555 2.80472e-19 -0.000107898
0.556 3.21831e-19 -0.000107956
0.557 3.05246e-19 -0.000107958
0.558 2.50316e-19 -0.000107895
0.559 1.82901e-19 -0.000107771
0.56 4.67063e-20 -0.000107593
0.561 -2.4543e-20 -0.000107373
0.562 -6.43433e-20 -0.000107126
0.563 -9.46933e-20 -0.000106858
0.564 -3.73207e-20 -0.00010657
0.565 -1.37682e-20 -0.000106253
0.566 -6.09496e-21 -0.000105897
0.567 -1.51827e-20 -0.000105495
0.568 -3.63277e-20 -0.000105046
0.569 -6.76725e-20 -0.000104559
0.57 -1.12625e-19 -0.000104049
0.571 -2.68689e-19 -0.000103538
0.572 -4.0626e-19 -0.000103042
0.573 -9.6228e-19 -0.000102576
0.574 -1.40965e-18 -0.000102142
0.575 -1.22298e-18 -0.000101739
0.576 -1.0569e-18 -0.000101363
0.577 -9.21133e-19 -0.000101007
0.578 -3.13617e-19 -0.00010067
0.579 1.40243e-19 -0.000100354
0.58 5.73088e-20 -0.000100062
0.581 -9.09259e-21 -9.97992e-05
0.582 -1.28727e-19 -9.95674e-05
0.583 -2.81048e-19 -9.93664e-05
0.584 -3.65255e-19 -9.9192e-05
0.585 -3.87451e-19 -9.9036e-05
0.586 -7.96983e-19 -9.88876e-05
0.587 -9.36194e-19 -9.87339e-05
0.588 -8.69933e-20 -9.85617e-05
0.589 5.30994e-19 -9.83591e-05
0.59 5.88526e-19 -9.81182e-05
0.591 1.1294e-18 -9.78365e-05
0.592 1.45922e-18 -9.75179e-05
0.593 1.30935e-18 -9.71713e-05
0.594 1.22146e-18 -9.68083e-05
0.595 1.02858e-18 -9.64393e-05
0.596 9.26848e-19 -9.60708e-05
0.597 8.35485e-19 -9.5704e-05
0.598 2.16199e-19 -9.53364e-05
0.599 -1.19699e-19 -9.49654e-05
0.6 8.30426e-22 -9.45914e-05
0.601 -1.54315e-20 -9.42209e-05
0.602 1.4508e-20 -9.38661e-05
0.603 -2.10589e-20 -9.35411e-05
0.604 -7.12993e-20 -9.32569e-05
0.605 -1.32925e-19 -9.30168e-05
0.606 -1.80104e-19 -9.2814e-05
0.607 -2.64614e-19 -9.26325e-05
0.608 -2.76339e-19 -9.2452e-05
0.609 -2.71062e-19 -9.22536e-05
0.61 -2.49233e-19 -9.20249e-05
0.611 -2.29376e-20 -9.17624e-05
0.612 1.45869e-19 -9.14706e-05
0.613 2.72276e-19 -9.11582e-05
0.614 4.34173e-19 -9.08339e-05
0.615 5.14938e-19 -9.05029e-05
0.616 9.04738e-19 -9.01666e-05
0.617 1.12968e-18 -8.98235e-05
0.618 7.58931e-19 -8.94724e-05
0.619 -7.66002e-20 -8.91153e-05
0.62 -6.28138e-19 -8.8758e-05
0.621 -1.13054e-18 -8.841e-05
0.622 -1.49457e-18 -8.80813e-05
0.623 -1.27197e-18 -8.77801e-05
0.624 -1.03293e-18 -8.751e-05
0.625 -7.87623e-19 -8.72687e-05
0.626 -1.71501e-19 -8.70489e-05
0.627 4.098e-19 -8.6839e-05
0.628 3.85745e-19 -8.66255e-05
0.629 2.50418e-19 -8.63956e-05
0.63 8.39806e-20 -8.61394e-05
0.631 -1.25136e-20 -8.58514e-05
0.632 -5.56006e-20 -8.55322e-05
0.633 -1.28589e-19 -8.51881e-05
0.634 -1.34813e-19 -8.48297e-05
0.635 -1.20885e-19 -8.44694e-05
0.636 -8.08237e-20 -8.41184e-05
0.637 1.51433e-19 -8.37838e-05
0.638 3.09441e-19 -8.34676e-05
0.639 4.33404e-19 -8.31675e-05
0.64 1.05124e-18 -8.28789e-05
0.641 1.43503e-18 -8.25982e-05
0.642 1.19917e-18 -8.23244e-05
0.643 9.99818e-19 -8.2059e-05
0.644 8.54266e-19 -8.18043e-05
0.645 2.36058e-19 -8.156e-05
0.646 -2.1679e-19 -8.13206e-05
0.647 -1.08669e-19 -8.10757e-05
0.648 -1.04059e-20 -8.08122e-05
0.649 1.39226e-19 -8.05187e-05
0.65 2.31582e-19 -8.01907e-05
0.651 3.82415e-19 -7.98333e-05
0.652 5.6293e-19 -7.94604e-05
0.653 1.02182e-18 -7.90912e-05
0.654 1.10872e-18 -7.87438e-05
0.655 7.38125e-19 -7.84297e-05
0.656 5.88335e-19 -7.81503e-05
0.657 -2.73603e-19 -7.7898e-05
0.658 -1.04482e-18 -7.76591e-05
0.659 -1.05426e-18 -7.74194e-05
0.66 -1.08636e-18 -7.71684e-05
0.661 -1.28605e-18 -7.69018e-05
0.662 -1.13305e-18 -7.66202e-05
0.663 -4.18175e-19 -7.63273e-05
0.664 6.28568e-20 -7.60265e-05
0.665 8.96111e-20 -7.57192e-05
0.666 4.45442e-20 -7.54046e-05
0.667 -6.24808e-21 -7.5082e-05
0.668 -1.32137e-19 -7.47523e-05
0.669 -2.08093e-19 -7.44197e-05
0.67 -3.54638e-19 -7.40916e-05
0.671 -5.29978e-19 -7.37764e-05
0.672 -1.05853e-18 -7.3481e-05
0.673 -1.28739e-18 -7.32084e-05
0.674 -9.65068e-19 -7.29556e-05
0.675 -7.09276e-19 -7.27145e-05
0.676 2.33559e-20 -7.24738e-05
0.677 5.21608e-19 -7.22214e-05
0.678 5.92239e-19 -7.19475e-05
0.679 1.16887e-18 -7.16472e-05
0.68 1.38297e-18 -7.13217e-05
0.681 1.07173e-18 -7.0978e-05
0.682 9.12871e-19 -7.06275e-05
0.683 6.90133e-19 -7.02833e-05
0.684 1.01562e-20 -6.9957e-05
0.685 -4.19901e-19 -6.96555e-05
0.686 -3.23151e-19 -6.93794e-05
0.687 -3.50968e-19 -6.91227e-05
0.688 -3.35046e-19 -6.88748e-05
0.689 -3.01566e-19 -6.86238e-05
0.69 -3.09401e-19 -6.83602e-05
0.691 -4.11922e-19 -6.80791e-05
0.692 -4.93697e-19 -6.77814e-05
0.693 -8.34633e-19 -6.74718e-05
0.694 -1.04562e-18 -6.71565e-05
0.695 -3.80005e-19 -6.68403e-05
0.696 1.52899e-19 -6.65253e-05
0.697 2.46608e-19 -6.62118e-05
0.698 2.94644e-19 -6.58994e-05
0.699 3.44719e-19 -6.55897e-05
0.7 4.71766e-19 -6.52868e-05
0.701 8.97757e-19 -6.4996e-05
0.702 1.08043e-18 -6.47216e-05
0.703 8.09749e-19 -6.44631e-05
0.704 2.3001e-19 -6.42137e-05
0.705 -2.47496e-19 -6.39617e-05
0.706 -2.66379e-19 -6.36936e-05
0.707 -3.53364e-19 -6.33996e-05
0.708 -4.32435e-19 -6.30774e-05
0.709 -8.61046e-19 -6.27346e-05
0.71 -1.05386e-18 -6.2386e-05
0.711 -7.88956e-19 -6.20489e-05
0.712 -1.29034e-19 -6.1737e-05
0.713 3.98638e-19 -6.14557e-05
0.714 3.82124e-19 -6.12007e-05
0.715 3.72992e-19 -6.096e-05
0.716 3.79082e-19 -6.07189e-05
0.717 8.23978e-19 -6.04648e-05
0.718 1.02916e-18 -6.01918e-05
0.719 3.59696e-19 -5.99007e-05
0.72 -9.24346e-20 -5.95981e-05
0.721 2.19353e-20 -5.92931e-05
0.722 6.98004e-20 -5.89934e-05
0.723 2.02482e-19 -5.87041e-05
0.724 3.68287e-19 -5.84276e-05
0.725 4.8115e-19 -5.81641e-05
0.726 1.00306e-18 -5.79138e-05
0.727 1.32844e-18 -5.76772e-05
0.728 9.56015e-19 -5.74552e-05
0.729 6.45152e-19 -5.7248e-05
0.73 4.73702e-19 -5.70539e-05
0.731 -3.71748e-19 -5.68697e-05
0.732 -9.09757e-19 -5.66913e-05
0.733 -2.97422e-19 -5.65153e-05
0.734 -2.66898e-19 -5.63412e-05
0.735 -2.13514e-19 -5.61727e-05
0.736 1.38569e-19 -5.60173e-05
0.737 -3.56115e-19 -5.58852e-05
0.738 -2.97629e-19 -5.57869e-05
0.739 -3.64463e-19 -5.57303e-05
0.74 -4.21722e-19 -5.57188e-05
0.741 -1.80925e-19 -5.575e-05
0.742 -3.35124e-19 -5.58171e-05
0.743 -2.68014e-19 -5.59101e-05
0.744 -3.20359e-19 -5.60194e-05
0.745 -3.4804e-19 -5.61386e-05
0.746 -3.71391e-19 -5.62669e-05
0.747 -3.09887e-19 -5.64095e-05
0.748 -2.21338e-19 -5.65762e-05
0.749 -2.88813e-19 -5.67783e-05
0.75 -3.41037e-19 -5.70244e-05
0.751 -3.7558e-19 -5.73167e-05
0.752 -4.57695e-19 -5.76499e-05
0.753 -8.09187e-19 -5.80116e-05
0.754 -5.53641e-19 -5.83859e-05
0.755 1.02315e-19 -5.87575e-05
0.756 1.87738e-19 -5.91161e-05
0.757 2.35494e-19 -5.94576e-05
0.758 3.76485e-19 -5.97841e-05
0.759 4.90059e-19 -6.01007e-05
0.76 9.41921e-19 -6.04118e-05
0.761 1.23499e-18 -6.07188e-05
0.762 1.03425e-18 -6.10187e-05
0.763 7.78372e-19 -6.1306e-05
0.764 7.05622e-20 -6.15747e-05
0.765 -3.97104e-19 -6.18207e-05
0.766 -3.3125e-19 -6.20429e-05
0.767 -2.76655e-19 -6.22425e-05
0.768 -1.8925e-19 -6.24213e-05
0.769 -2.61311e-19 -6.258e-05
0.77 -3.21618e-19 -6.27188e-05
0.771 -2.85027e-19 -6.28383e-05
0.772 -2.60794e-19 -6.2942e-05
0.773 -1.38114e-19 -6.30377e-05
0.774 -3.85079e-20 -6.31379e-05
0.775 -2.48964e-20 -6.32567e-05
0.776 2.78666e-20 -6.34058e-05
0.777 1.95405e-19 -6.35908e-05
0.778 4.35186e-19 -6.38088e-05
0.779 6.22021e-19 -6.40497e-05
0.78 1.20539e-18 -6.43005e-05
0.781 1.5002e-18 -6.455e-05
0.782 1.13022e-18 -6.47936e-05
0.783 8.98791e-19 -6.50344e-05
0.784 4.85851e-19 -6.52811e-05
0.785 -1.93289e-19 -6.55432e-05
0.786 -9.7412e-19 -6.58263e-05
0.787 -9.44498e-19 -6.61278e-05
0.788 -5.71639e-19 -6.64375e-05
0.789 -2.52737e-19 -6.67397e-05
0.79 -2.96345e-19 -6.70186e-05
0.791 -6.70037e-19 -6.72631e-05
0.792 -2.39736e-19 -6.74696e-05
0.793 -2.94967e-20 -6.76425e-05
0.794 -1.79651e-19 -6.77921e-05
0.795 -2.9969e-19 -6.79307e-05
0.796 -4.26309e-19 -6.80698e-05
0.797 -4.6127e-19 -6.82174e-05
0.798 -3.73718e-19 -6.83778e-05
0.799 -1.26459e-19 -6.85523e-05
0.8 1.19318e-19 -6.87405e-05
0.801 2.51006e-19 -6.89416e-05
0.802 3.12583e-19 -6.91547e-05
0.803 2.53079e-19 -6.93791e-05
0.804 1.05305e-19 -6.96138e-05
0.805 -2.03735e-20 -6.98578e-05
0.806 -2.05472e-19 -7.01096e-05
0.807 -3.22912e-19 -7.03675e-05
0.808 -3.95552e-19 -7.06299e-05
0.809 -5.89707e-19 -7.08946e-05
0.81 -9.44236e-19 -7.11587e-05
0.811 -1.09453e-18 -7.14184e-05
0.812 -8.10857e-19 -7.16688e-05
0.813 -4.94019e-20 -7.19045e-05
0.814 4.65037e-19 -7.21205e-05
0.815 4.5769e-19 -7.23138e-05
0.816 6.25559e-19 -7.24846e-05
0.817 1.09487e-18 -7.26373e-05
0.818 1.24932e-18 -7.27806e-05
0.819 9.88216e-19 -7.29259e-05
0.82 7.77512e-19 -7.30855e-05
0.821 1.05865e-19 -7.32695e-05
0.822 -3.3362e-19 -7.34833e-05
0.823 -2.03108e-19 -7.37256e-05
0.824 -2.52024e-19 -7.39893e-05
0.825 -3.34909e-19 -7.42625e-05
0.826 -4.39839e-19 -7.45328e-05
0.827 -9.91663e-19 -7.47905e-05
0.828 -1.37124e-18 -7.50319e-05
0.829 -1.24333e-18 -7.5259e-05
0.83 -1.1162e-18 -7.54783e-05
0.831 -9.92992e-19 -7.5697e-05
0.832 -8.50434e-19 -7.5919e-05
0.833 -1.70644e-19 -7.6143e-05
0.834 4.78562e-19 -7.63627e-05
0.835 5.62235e-19 -7.65695e-05
0.836 1.08409e-18 -7.67575e-05
0.837 1.45344e-18 -7.69264e-05
0.838 1.35922e-18 -7.70839e-05
0.839 1.30916e-18 -7.72431e-05
0.84 1.19338e-18 -7.7419e-05
0.841 1.01457e-18 -7.76228e-05
0.842 7.77734e-19 -7.78583e-05
0.843 -1.34173e-19 -7.81205e-05
0.844 -7.95435e-19 -7.8398e-05
0.845 -6.94354e-19 -7.86765e-05
0.846 -3.21535e-19 -7.8944e-05
0.847 2.20019e-20 -7.91929e-05
0.848 -1.22252e-19 -7.94216e-05
0.849 -1.55482e-19 -7.96325e-05
0.85 -1.1054e-19 -7.98298e-05
0.851 -1.75852e-22 -8.00178e-05
0.852 8.07983e-20 -8.02001e-05
0.853 6.48889e-20 -8.03799e-05
0.854 6.85434e-20 -8.05609e-05
0.855 6.95762e-20 -8.07479e-05
0.856 7.15856e-20 -8.09459e-05
0.857 1.64613e-19 -8.11582e-05
0.858 2.31448e-19 -8.13853e-05
0.859 2.05569e-19 -8.16237e-05
0.86 2.01171e-19 -8.18679e-05
0.861 1.96767e-19 -8.21116e-05
0.862 1.98152e-19 -8.23507e-05
0.863 -6.9278e-20 -8.25843e-05
0.864 -2.70596e-19 -8.28142e-05
0.865 2.28261e-19 -8.30426e-05
0.866 8.65508e-19 -8.327e-05
0.867 5.72063e-19 -8.34934e-05
0.868 -3.31241e-20 -8.37074e-05
0.869 -4.51592e-19 -8.39067e-05
0.87 -3.72784e-19 -8.40891e-05
0.871 -3.72658e-20 -8.42588e-05
0.872 -4.34333e-19 -8.44261e-05
0.873 -6.61842e-19 -8.46047e-05
0.874 -1.73066e-19 -8.48068e-05
0.875 1.17219e-19 -8.50389e-05
0.876 3.45749e-20 -8.52986e-05
0.877 2.77753e-20 -8.55746e-05
0.878 8.68848e-21 -8.5851e-05
0.879 -1.35036e-20 -8.6112e-05
0.88 -4.10429e-20 -8.63472e-05
0.881 -8.15067e-20 -8.65544e-05
0.882 -1.51974e-19 -8.67396e-05
0.883 -3.33351e-19 -8.69141e-05
0.884 -5.66487e-19 -8.70899e-05
0.885 -1.09121e-18 -8.72761e-05
0.886 -1.44692e-18 -8.74766e-05
0.887 -1.38946e-18 -8.769e-05
0.888 -1.32424e-18 -8.79119e-05
0.889 -1.19714e-18 -8.81372e-05
0.89 -1.01961e-18 -8.83626e-05
0.891 -8.82235e-19 -8.85874e-05
0.892 -4.06273e-19 -8.8813e-05
0.893 1.01808e-19 -8.90414e-05
0.894 1.41748e-19 -8.92732e-05
0.895 6.69251e-20 -8.95063e-05
0.896 -5.45113e-20 -8.97367e-05
0.897 -1.40442e-19 -8.99588e-05
0.898 -3.04527e-19 -9.01681e-05
0.899 -4.26715e-19 -9.03626e-05
0.9 -9.70739e-19 -9.05439e-05
0.901 -1.42144e-18 -9.07174e-05
0.902 -1.25977e-18 -9.0891e-05
0.903 -1.1427e-18 -9.10725e-05
0.904 -1.0466e-18 -9.12679e-05
0.905 -9.56024e-19 -9.14792e-05
0.906 -7.66995e-19 -9.17036e-05
0.907 -5.49482e-20 -9.19349e-05
0.908 4.65949e-19 -9.2164e-05
0.909 4.76759e-19 -9.23817e-05
0.91 6.57758e-19 -9.25807e-05
0.911 1.12875e-18 -9.27566e-05
0.912 1.27487e-18 -9.29089e-05
0.913 9.94477e-19 -9.30407e-05
0.914 7.46956e-19 -9.31578e-05
0.915 1.7747e-20 -9.32676e-05
0.916 -4.7466e-19 -9.33769e-05
0.917 -4.35525e-19 -9.34908e-05
0.918 -9.08609e-19 -9.36107e-05
0.919 -1.17763e-18 -9.37342e-05
0.92 -7.63349e-19 -9.38542e-05
0.921 1.0007e-19 -9.39614e-05
0.922 7.23075e-19 -9.40456e-05
0.923 9.97347e-19 -9.40991e-05
0.924 1.73058e-18 -9.41185e-05
0.925 2.09141e-18 -9.41054e-05
0.926 2.54158e-18 -9.40655e-05
0.927 3.26122e-18 -9.40058e-05
0.928 3.17372e-18 -9.39321e-05
0.929 2.24029e-18 -9.38465e-05
0.93 1.27882e-18 -9.37471e-05
0.931 5.16003e-19 -9.36299e-05
0.932 -5.27619e-19 -9.34914e-05
0.933 -1.0431e-18 -9.33308e-05
0.934 -1.07521e-18 -9.31515e-05
0.935 -1.04891e-18 -9.29591e-05
0.936 -1.05751e-18 -9.27591e-05
0.937 -1.08785e-18 -9.25536e-05
0.938 -9.83824e-19 -9.23399e-05
0.939 -7.75924e-19 -9.21113e-05
0.94 -6.23017e-19 -9.18608e-05
0.941 -6.49824e-19 -9.15856e-05
0.942 -6.17729e-19 -9.12899e-05
0.943 -5.68563e-19 -9.09857e-05
0.944 -1.43041e-19 -9.06897e-05
0.945 1.71456e-19 -9.04182e-05
0.946 2.92757e-19 -9.01815e-05
0.947 4.56864e-19 -8.99807e-05
0.948 4.3179e-19 -8.98079e-05
0.949 4.50616e-19 -8.96498e-05
0.95 4.68948e-19 -8.94931e-05
0.951 4.97475e-19 -8.93298e-05
0.952 7.13647e-19 -8.91593e-05
0.953 8.88397e-19 -8.89882e-05
0.954 9.12322e-19 -8.88266e-05
0.955 1.01749e-18 -8.86835e-05
0.956 1.30622e-18 -8.85637e-05
0.957 1.69863e-18 -8.84665e-05
0.958 1.99749e-18 -8.83862e-05
0.959 2.07991e-18 -8.83147e-05
0.96 1.65831e-18 -8.8244e-05
0.961 1.40191e-18 -8.81673e-05
0.962 1.53386e-18 -8.80799e-05
0.963 1.59812e-18 -8.7978e-05
0.964 1.50421e-18 -8.78587e-05
0.965 1.47639e-18 -8.77195e-05
0.966 1.65333e-18 -8.75595e-05
0.967 1.63148e-18 -8.73797e-05
0.968 1.69195e-18 -8.71837e-05
0.969 2.11711e-18 -8.69768e-05
0.97 2.42803e-18 -8.67651e-05
0.971 3.08473e-18 -8.65535e-05
0.972 3.41989e-18 -8.63449e-05
0.973 3.58999e-18 -8.61404e-05
0.974 3.6063e-18 -8.59396e-05
0.975 2.95621e-18 -8.57423e-05
0.976 2.71749e-18 -8.55492e-05
0.977 1.90269e-18 -8.53617e-05
0.978 1.29043e-18 -8.51814e-05
0.979 1.66405e-18 -8.50096e-05
0.98 1.88844e-18 -8.48463e-05
0.981 2.04273e-18 -8.4691e-05
0.982 2.32777e-18 -8.45438e-05
0.983 2.84032e-18 -8.44056e-05
0.984 3.87739e-18 -8.42787e-05
0.985 4.60617e-18 -8.41652e-05
0.986 5.74154e-18 -8.4065e-05
0.987 6.53696e-18 -8.39742e-05
0.988 7.68419e-18 -8.38838e-05
0.989 9.20288e-18 -8.3782e-05
0.99 9.59516e-18 -8.36568e-05
0.991 1.00456e-17 -8.35003e-05
0.992 8.88346e-18 -8.33117e-05
0.993 8.34865e-18 -8.3098e-05
0.994 9.05524e-18 -8.28724e-05
0.995 9.26543e-18 -8.26498e-05
0.996 1.07878e-17 -8.24421e-05
0.997 1.37908e-17 -8.22547e-05
0.998 1.72033e-17 -8.20853e-05
0.999 1.91068e-17 -8.1926e-05
1 2.0953e-17 -8.17672e-05
1.001 2.32721e-17 -8.1602e-05
1.002 2.43438e-17 -8.1429e-05
1.003 2.51175e-17 -8.12527e-05
1.004 2.52209e-17 -8.10815e-05
1.005 2.5589e-17 -8.0924e-05
1.006 2.68307e-17 -8.07853e-05
1.007 2.85756e-17 -8.06649e-05
1.008 3.07948e-17 -8.05566e-05
1.009 3.40852e-17 -8.04508e-05
1.01 3.78019e-17 -8.03376e-05
1.011 4.00921e-17 -8.02098e-05
1.012 4.37329e-17 -8.00641e-05
1.013 4.77903e-17 -7.99014e-05
1.014 5.15337e-17 -7.9725e-05
1.015 5.69726e-17 -7.95389e-05
1.016 6.10697e-17 -7.93461e-05
1.017 6.4709e-17 -7.91485e-05
1.018 7.02068e-17 -7.89477e-05
1.019 7.6644e-17 -7.87464e-05
1.02 8.36374e-17 -7.85491e-05
1.021 9.08096e-17 -7.83621e-05
1.022 9.77791e-17 -7.81914e-05
1.023 1.0585e-16 -7.80407e-05
1.024 1.13112e-16 -7.79096e-05
1.025 1.22297e-16 -7.77927e-05
1.026 1.32732e-16 -7.76807e-05
1.027 1.41559e-16 -7.75634e-05
1.028 1.5245e-16 -7.74329e-05
1.029 1.63797e-16 -7.72858e-05
1.03 1.75407e-16 -7.71242e-05
1.031 1.89795e-16 -7.69542e-05
1.032 2.07041e-16 -7.6783e-05
1.033 2.24429e-16 -7.66159e-05
1.034 2.41955e-16 -7.6454e-05
1.035 2.60775e-16 -7.62941e-05
1.036 2.81713e-16 -7.61308e-05
1.037 3.03087e-16 -7.59585e-05
1.038 3.25196e-16 -7.5775e-05
1.039 3.48931e-16 -7.55823e-05
1.04 3.75341e-16 -7.53868e-05
1.041 4.05074e-16 -7.51972e-05
1.042 4.34941e-16 -7.50216e-05
1.043 4.68832e-16 -7.48657e-05
1.044 5.0548e-16 -7.47303e-05
1.045 5.45026e-16 -7.46117e-05
1.046 5.89997e-16 -7.45025e-05
1.047 6.35907e-16 -7.43928e-05
1.048 6.84019e-16 -7.42732e-05
1.049 7.36959e-16 -7.41359e-05
1.05 7.92407e-16 -7.39769e-05
1.051 8.51769e-16 -7.37966e-05
1.052 9.16242e-16 -7.35999e-05
1.053 9.85306e-16 -7.33953e-05
1.054 1.06067e-15 -7.31925e-05
1.055 1.14127e-15 -7.30004e-05
1.056 1.22956e-15 -7.28241e-05
1.057 1.32502e-15 -7.26641e-05
1.058 1.42684e-15 -7.25165e-05
1.059 1.53621e-15 -7.23749e-05
1.06 1.65269e-15 -7.22329e-05
1.061 1.77752e-15 -7.20871e-05
1.062 1.91167e-15 -7.19374e-05
1.063 2.05521e-15 -7.17866e-05
1.064 2.21088e-15 -7.1638e-05
1.065 2.37981e-15 -7.14931e-05
1.066 2.55988e-15 -7.13502e-05
1.067 2.75204e-15 -7.12046e-05
1.068 2.95923e-15 -7.10508e-05
1.069 3.18326e-15 -7.0885e-05
1.07 3.42305e-15 -7.07072e-05
1.071 3.67867e-15 -7.05215e-05
1.072 3.95305e-15 -7.03347e-05
1.073 4.24746e-15 -7.01531e-05
1.074 4.5639e-15 -6.99805e-05
1.075 4.90269e-15 -6.98173e-05
1.076 5.26682e-15 -6.96612e-05
1.077 5.65935e-15 -6.95096e-05
1.078 6.08135e-15 -6.93614e-05
1.079 6.53414e-15 -6.9218e-05
1.08 7.01988e-15 -6.90816e-05
1.081 7.54344e-15 -6.8953e-05
1.082 8.10354e-15 -6.88294e-05
1.083 8.70261e-15 -6.87035e-05
1.084 9.34668e-15 -6.85659e-05
1.085 1.00375e-14 -6.84086e-05
1.086 1.07756e-14 -6.82292e-05
1.087 1.15668e-14 -6.80332e-05
1.088 1.24168e-14 -6.78332e-05
1.089 1.33268e-14 -6.76447e-05
1.09 1.43034e-14 -6.74809e-05
1.091 1.53521e-14 -6.73476e-05
1.092 1.64755e-14 -6.72414e-05
1.093 1.76805e-14 -6.71513e-05
1.094 1.89713e-14 -6.70633e-05
1.095 2.03561e-14 -6.69658e-05
1.096 2.18414e-14 -6.68539e-05
1.097 2.34302e-14 -6.67302e-05
1.098 2.51323e-14 -6.66031e-05
1.099 2.69545e-14 -6.64822e-05
1.1 2.89084e-14 -6.63748e-05
1.101 3.10032e-14 -6.62829e-05
1.102 3.3246e-14 -6.62042e-05
1.103 3.56473e-14 -6.61335e-05
1.104 3.82196e-14 -6.6067e-05
1.105 4.09752e-14 -6.60039e-05
1.106 4.39247e-14 -6.59476e-05
1.107 4.7083e-14 -6.5904e-05
1.108 5.04643e-14 -6.588e-05
1.109 5.40843e-14 -6.588e-05
1.11 5.79585e-14 -6.59053e-05
1.111 6.21038e-14 -6.59533e-05
1.112 6.65414e-14 -6.60188e-05
1.113 7.12917e-14 -6.60956e-05
1.114 7.63729e-14 -6.61783e-05
1.115 8.18116e-14 -6.62633e-05
1.116 8.76307e-14 -6.63496e-05
1.117 9.38557e-14 -6.64387e-05
1.118 1.00517e-13 -6.65342e-05
1.119 1.07643e-13 -6.66412e-05
1.12 1.15262e-13 -6.67651e-05
1.121 1.2341e-13 -6.69103e-05
1.122 1.32124e-13 -6.7079e-05
1.123 1.41441e-13 -6.727e-05
1.124 1.51401e-13 -6.74787e-05
1.125 1.62052e-13 -6.76979e-05
1.126 1.7344e-13 -6.79189e-05
1.127 1.85611e-13 -6.81335e-05
1.128 1.98621e-13 -6.83355e-05
1.129 2.12527e-13 -6.8522e-05
1.13 2.27389e-13 -6.86928e-05
1.131 2.4327e-13 -6.88504e-05
1.132 2.6024e-13 -6.89985e-05
1.133 2.7837e-13 -6.91409e-05
1.134 2.97738e-13 -6.92808e-05
1.135 3.18429e-13 -6.94199e-05
1.136 3.40528e-13 -6.95587e-05
1.137 3.64131e-13 -6.96955e-05
1.138 3.8934e-13 -6.98275e-05
1.139 4.16262e-13 -6.99504e-05
1.14 4.45012e-13 -7.00603e-05
1.141 4.75708e-13 -7.01538e-05
1.142 5.0848e-13 -7.02302e-05
1.143 5.43468e-13 -7.02917e-05
1.144 5.80814e-13 -7.03433e-05
1.145 6.20677e-13 -7.03918e-05
1.146 6.63223e-13 -7.04439e-05
1.147 7.08628e-13 -7.05044e-05
1.148 7.57081e-13 -7.05754e-05
1.149 8.08783e-13 -7.06563e-05
1.15 8.63946e-13 -7.07452e-05
1.151 9.22798e-13 -7.08408e-05
1.152 9.8558e-13 -7.09437e-05
1.153 1.05255e-12 -7.10568e-05
1.154 1.12398e-12 -7.11839e-05
1.155 1.20016e-12 -7.13276e-05
1.156 1.28139e-12 -7.14871e-05
1.157 1.36802e-12 -7.16574e-05
1.158 1.46038e-12 -7.18299e-05
1.159 1.55886e-12 -7.19949e-05
1.16 1.66384e-12 -7.21453e-05
1.161 1.77576e-12 -7.22792e-05
1.162 1.89504e-12 -7.2401e-05
1.163 2.02218e-12 -7.25193e-05
1.164 2.15767e-12 -7.26439e-05
1.165 2.30206e-12 -7.27813e-05
1.166 2.45591e-12 -7.29314e-05
1.167 2.61984e-12 -7.30872e-05
1.168 2.79448e-12 -7.32367e-05
1.169 2.98052e-12 -7.33672e-05
1.17 3.17869e-12 -7.34704e-05
1.171 3.38977e-12 -7.35453e-05
1.172 3.61457e-12 -7.35987e-05
1.173 3.85397e-12 -7.36434e-05
1.174 4.10889e-12 -7.36936e-05
1.175 4.38032e-12 -7.37601e-05
1.176 4.66931e-12 -7.38484e-05
1.177 4.97697e-12 -7.39573e-05
1.178 5.30447e-12 -7.40812e-05
1.179 5.65306e-12 -7.42136e-05
1.18 6.02408e-12 -7.43493e-05
1.181 6.41894e-12 -7.44864e-05
1.182 6.83912e-12 -7.46254e-05
1.183 7.28622e-12 -7.47677e-05
1.184 7.76193e-12 -7.49134e-05
1.185 8.26803e-12 -7.50606e-05
1.186 8.80643e-12 -7.52057e-05
1.187 9.37912e-12 -7.53449e-05
1.188 9.98826e-12 -7.54764e-05
1.189 1.06361e-11 -7.56006e-05
1.19 1.1325e-11 -7.57202e-05
1.191 1.20577e-11 -7.5838e-05
1.192 1.28366e-11 -7.59558e-05
1.193 1.36648e-11 -7.60724e-05
1.194 1.45452e-11 -7.61848e-05
1.195 1.54812e-11 -7.62895e-05
1.196 1.6476e-11 -7.63843e-05
1.197 1.75333e-11 -7.64707e-05
1.198 1.8657e-11 -7.65527e-05
1.199 1.98511e-11 -7.66363e-05
1.2 2.112e-11 -7.6727e-05
1.201 2.24681e-11 -7.68282e-05
1.202 2.39004e-11 -7.69402e-05
1.203 2.54219e-11 -7.70615e-05
1.204 2.70381e-11 -7.71902e-05
1.205 2.87547e-11 -7.73257e-05
1.206 3.05779e-11 -7.74682e-05
1.207 3.2514e-11 -7.76185e-05
1.208 3.457e-11 -7.77754e-05
1.209 3.67529e-11 -7.79349e-05
1.21 3.90706e-11 -7.80897e-05
1.211 4.15311e-11 -7.82312e-05
1.212 4.4143e-11 -7.83527e-05
1.213 4.69154e-11 -7.8452e-05
1.214 4.98578e-11 -7.85329e-05
1.215 5.29806e-11 -7.86047e-05
1.216 5.62944e-11 -7.86789e-05
1.217 5.98106e-11 -7.87656e-05
1.218 6.35414e-11 -7.88697e-05
1.219 6.74994e-11 -7.89902e-05
1.22 7.16982e-11 -7.91206e-05
1.221 7.6152e-11 -7.92522e-05
1.222 8.0876e-11 -7.93776e-05
1.223 8.58861e-11 -7.94935e-05
1.224 9.11992e-11 -7.96016e-05
1.225 9.68332e-11 -7.97075e-05
1.226 1.02807e-10 -7.98186e-05
1.227 1.0914e-10 -7.9941e-05
1.228 1.15855e-10 -8.0077e-05
1.229 1.22972e-10 -8.02249e-05
1.23 1.30517e-10 -8.03786e-05
1.231 1.38512e-10 -8.05302e-05
1.232 1.46986e-10 -8.06713e-05
1.233 1.55966e-10 -8.07962e-05
1.234 1.65481e-10 -8.09026e-05
1.235 1.75562e-10 -8.09928e-05
1.236 1.86242e-10 -8.10726e-05
1.237 1.97557e-10 -8.11502e-05
1.238 2.09541e-10 -8.12334e-05
1.239 2.22235e-10 -8.13279e-05
1.24 2.35679e-10 -8.1436e-05
1.241 2.49915e-10 -8.15562e-05
1.242 2.64991e-10 -8.16849e-05
1.243 2.80953e-10 -8.1818e-05
1.244 2.97852e-10 -8.19527e-05
1.245 3.15743e-10 -8.20881e-05
1.246 3.34681e-10 -8.22249e-05
1.247 3.54727e-10 -8.23635e-05
1.248 3.75942e-10 -8.25027e-05
1.249 3.98395e-10 -8.26389e-05
1.25 4.22154e-10 -8.27669e-05
1.251 4.47294e-10 -8.2882e-05
1.252 4.73893e-10 -8.29825e-05
1.253 5.02033e-10 -8.30712e-05
1.254 5.31801e-10 -8.3155e-05
1.255 5.63289e-10 -8.32427e-05
1.256 5.96593e-10 -8.33418e-05
1.257 6.31815e-10 -8.34554e-05
1.258 6.69063e-10 -8.35813e-05
1.259 7.08449e-10 -8.37131e-05
1.26 7.50093e-10 -8.38431e-05
1.261 7.9412e-10 -8.39659e-05
1.262 8.40665e-10 -8.40807e-05
1.263 8.89865e-10 -8.4191e-05
1.264 9.41869e-10 -8.43028e-05
1.265 9.96831e-10 -8.44215e-05
1.266 1.05492e-09 -8.45488e-05
1.267 1.11629e-09 -8.46819e-05
1.268 1.18115e-09 -8.48148e-05
1.269 1.24967e-09 -8.49404e-05
1.27 1.32206e-09 -8.50536e-05
1.271 1.39853e-09 -8.51525e-05
1.272 1.4793e-09 -8.52391e-05
1.273 1.56461e-09 -8.53176e-05
1.274 1.65471e-09 -8.53929e-05
1.275 1.74985e-09 -8.54695e-05
1.276 1.85032e-09 -8.55507e-05
1.277 1.9564e-09 -8.56388e-05
1.278 2.06839e-09 -8.57356e-05
1.279 2.18661e-09 -8.58419e-05
1.28 2.3114e-09 -8.59564e-05
1.281 2.44312e-09 -8.60749e-05
1.282 2.58214e-09 -8.61902e-05
1.283 2.72884e-09 -8.62931e-05
1.284 2.88365e-09 -8.63751e-05
1.285 3.04699e-09 -8.64316e-05
1.286 3.21932e-09 -8.64638e-05
1.287 3.40113e-09 -8.64784e-05
1.288 3.59291e-09 -8.64859e-05
1.289 3.7952e-09 -8.64962e-05
1.29 4.00855e-09 -8.65151e-05
1.291 4.23356e-09 -8.6542e-05
1.292 4.47083e-09 -8.65705e-05
1.293 4.72102e-09 -8.65917e-05
1.294 4.9848e-09 -8.65976e-05
1.295 5.2629e-09 -8.65848e-05
1.296 5.55607e-09 -8.65553e-05
1.297 5.86509e-09 -8.65147e-05
1.298 6.19079e-09 -8.6469e-05
1.299 6.53405e-09 -8.64211e-05
1.3 6.89579e-09 -8.63693e-05
1.301 7.27697e-09 -8.63082e-05
1.302 7.67859e-09 -8.62309e-05
1.303 8.10172e-09 -8.61327e-05
1.304 8.54748e-09 -8.60135e-05
1.305 9.01703e-09 -8.58783e-05
1.306 9.5116e-09 -8.57351e-05
1.307 1.00325e-08 -8.55917e-05
1.308 1.05811e-08 -8.54531e-05
1.309 1.11587e-08 -8.53204e-05
1.31 1.17669e-08 -8.51908e-05
1.311 1.24073e-08 -8.50604e-05
1.312 1.30815e-08 -8.49269e-05
1.313 1.37911e-08 -8.47904e-05
1.314 1.45381e-08 -8.46541e-05
1.315 1.53244e-08 -8.45222e-05
1.316 1.61518e-08 -8.43977e-05
1.317 1.70225e-08 -8.42806e-05
1.318 1.79387e-08 -8.41676e-05
1.319 1.89027e-08 -8.4054e-05
1.32 1.99169e-08 -8.39359e-05
1.321 2.09838e-08 -8.38127e-05
1.322 2.2106e-08 -8.36886e-05
1.323 2.32864e-08 -8.35713e-05
1.324 2.45278e-08 -8.34702e-05
1.325 2.58333e-08 -8.33924e-05
1.326 2.72061e-08 -8.33405e-05
1.327 2.86494e-08 -8.33106e-05
1.328 3.0167e-08 -8.3294e-05
1.329 3.17623e-08 -8.32788e-05
1.33 3.34393e-08 -8.3254e-05
1.331 3.52019e-08 -8.32126e-05
1.332 3.70545e-08 -8.31526e-05
1.333 3.90014e-08 -8.30775e-05
1.334 4.10472e-08 -8.29942e-05
1.335 4.31969e-08 -8.29103e-05
1.336 4.54554e-08 -8.28313e-05
1.337 4.78282e-08 -8.2759e-05
1.338 5.03207e-08 -8.26914e-05
1.339 5.29388e-08 -8.26237e-05
1.34 5.56886e-08 -8.25501e-05
1.341 5.85764e-08 -8.2466e-05
1.342 6.16091e-08 -8.23696e-05
1.343 6.47934e-08 -8.22617e-05
1.344 6.81368e-08 -8.21458e-05
1.345 7.16469e-08 -8.20261e-05
1.346 7.53318e-08 -8.19066e-05
1.347 7.91996e-08 -8.17896e-05
1.348 8.32593e-08 -8.16758e-05
1.349 8.752e-08 -8.15641e-05
1.35 9.19913e-08 -8.14532e-05
1.351 9.66831e-08 -8.13426e-05
1.352 1.01606e-07 -8.1233e-05
1.353 1.06771e-07 -8.11268e-05
1.354 1.12189e-07 -8.10278e-05
1.355 1.17872e-07 -8.09396e-05
1.356 1.23834e-07 -8.08648e-05
1.357 1.30086e-07 -8.0804e-05
1.358 1.36643e-07 -8.07548e-05
1.359 1.43519e-07 -8.07129e-05
1.36 1.50728e-07 -8.06721e-05
1.361 1.58287e-07 -8.06262e-05
1.362 1.66211e-07 -8.05701e-05
1.363 1.74518e-07 -8.05008e-05
1.364 1.83225e-07 -8.04181e-05
1.365 1.92351e-07 -8.03245e-05
1.366 2.01915e-07 -8.02239e-05
1.367 2.11937e-07 -8.01211e-05
1.368 2.22438e-07 -8.00204e-05
1.369 2.33441e-07 -7.99241e-05
1.37 2.44968e-07 -7.98325e-05
1.371 2.57043e-07 -7.97439e-05
1.372 2.69691e-07 -7.96551e-05
1.373 2.82939e-07 -7.95626e-05
1.374 2.96813e-07 -7.94638e-05
1.375 3.11342e-07 -7.93581e-05
1.376 3.26556e-07 -7.92468e-05
1.377 3.42486e-07 -7.91329e-05
1.378 3.59163e-07 -7.90208e-05
1.379 3.76621e-07 -7.89148e-05
1.38 3.94896e-07 -7.88181e-05
1.381 4.14024e-07 -7.87327e-05
1.382 4.34043e-07 -7.86591e-05
1.383 4.54993e-07 -7.85961e-05
1.384 4.76915e-07 -7.85416e-05
1.385 4.99853e-07 -7.84921e-05
1.386 5.23851e-07 -7.84436e-05
1.387 5.48957e-07 -7.83912e-05
1.388 5.75218e-07 -7.833e-05
1.389 6.02687e-07 -7.82561e-05
1.39 6.31416e-07 -7.81672e-05
1.391 6.61461e-07 -7.80644e-05
1.392 6.92878e-07 -7.79518e-05
1.393 7.25728e-07 -7.78356e-05
1.394 7.60074e-07 -7.77225e-05
1.395 7.95981e-07 -7.76172e-05
1.396 8.33515e-07 -7.7521e-05
1.397 8.72748e-07 -7.74314e-05
1.398 9.13753e-07 -7.73433e-05
1.399 9.56607e-07 -7.7252e-05
1.4 1.00139e-06 -7.71552e-05
1.401 1.04818e-06 -7.70549e-05
1.402 1.09707e-06 -7.69565e-05
1.403 1.14814e-06 -7.68667e-05
1.404 1.2015e-06 -7.67899e-05
1.405 1.25723e-06 -7.67259e-05
1.406 1.31544e-06 -7.66694e-05
1.407 1.37623e-06 -7.66116e-05
1.408 1.43971e-06 -7.65441e-05
1.409 1.506e-06 -7.64626e-05
1.41 1.57521e-06 -7.63689e-05
1.411 1.64747e-06 -7.627e-05
1.412 1.7229e-06 -7.61749e-05
1.413 1.80164e-06 -7.60901e-05
1.414 1.88382e-06 -7.60163e-05
1.415 1.96959e-06 -7.59475e-05
1.416 2.05909e-06 -7.58735e-05
1.417 2.15249e-06 -7.57844e-05
1.418 2.24993e-06 -7.56753e-05
1.419 2.3516e-06 -7.55493e-05
1.42 2.45766e-06 -7.54161e-05
1.421 2.56829e-06 -7.52892e-05
1.422 2.68369e-06 -7.51803e-05
1.423 2.80403e-06 -7.50955e-05
1.424 2.92954e-06 -7.50328e-05
1.425 3.06041e-06 -7.49844e-05
1.426 3.19686e-06 -7.49392e-05
1.427 3.33913e-06 -7.48879e-05
1.428 3.48744e-06 -7.48248e-05
1.429 3.64204e-06 -7.4749e-05
1.43 3.80318e-06 -7.46632e-05
1.431 3.97112e-06 -7.45707e-05
1.432 4.14614e-06 -7.44743e-05
1.433 4.32852e-06 -7.43752e-05
1.434 4.51855e-06 -7.42739e-05
1.435 4.71653e-06 -7.41712e-05
1.436 4.92279e-06 -7.40691e-05
1.437 5.13765e-06 -7.39703e-05
1.438 5.36144e-06 -7.38773e-05
1.439 5.59452e-06 -7.37908e-05
1.44 5.83725e-06 -7.37092e-05
1.441 6.09001e-06 -7.36293e-05
1.442 6.3532e-06 -7.35476e-05
1.443 6.62722e-06 -7.34623e-05
1.444 6.91249e-06 -7.33743e-05
1.445 7.20944e-06 -7.32868e-05
1.446 7.51853e-06 -7.32038e-05
1.447 7.84023e-06 -7.31279e-05
1.448 8.17502e-06 -7.30591e-05
1.449 8.52341e-06 -7.29943e-05
1.45 8.88592e-06 -7.29287e-05
1.451 9.26308e-06 -7.28578e-05
1.452 9.65545e-06 -7.27789e-05
1.453 1.00636e-05 -7.26919e-05
1.454 1.04882e-05 -7.2599e-05
1.455 1.09297e-05 -7.25033e-05
1.456 1.1389e-05 -7.24079e-05
1.457 1.18665e-05 -7.23148e-05
1.458 1.2363e-05 -7.22253e-05
1.459 1.28793e-05 -7.21406e-05
1.46 1.3416e-05 -7.20621e-05
1.461 1.39739e-05 -7.19916e-05
1.462 1.45539e-05 -7.19305e-05
1.463 1.51566e-05 -7.18789e-05
1.464 1.5783e-05 -7.18355e-05
1.465 1.6434e-05 -7.17973e-05
1.466 1.71104e-05 -7.17606e-05
1.467 1.78131e-05 -7.17221e-05
1.468 1.85432e-05 -7.16803e-05
1.469 1.93016e-05 -7.1635e-05
1.47 2.00894e-05 -7.15875e-05
1.471 2.09076e-05 -7.15392e-05
1.472 2.17573e-05 -7.14918e-05
1.473 2.26397e-05 -7.14468e-05
1.474 2.3556e-05 -7.14061e-05
1.475 2.45073e-05 -7.13727e-05
1.476 2.54949e-05 -7.13507e-05
1.477 2.65201e-05 -7.13444e-05
1.478 2.75842e-05 -7.13563e-05
1.479 2.86887e-05 -7.13864e-05
1.48 2.9835e-05 -7.14308e-05
1.481 3.10245e-05 -7.14827e-05
1.482 3.22587e-05 -7.15346e-05
1.483 3.35393e-05 -7.15813e-05
1.484 3.48678e-05 -7.16215e-05
1.485 3.6246e-05 -7.16589e-05
1.486 3.76755e-05 -7.17004e-05
1.487 3.91581e-05 -7.17535e-05
1.488 4.06958e-05 -7.18232e-05
1.489 4.22903e-05 -7.19097e-05
1.49 4.39436e-05 -7.20084e-05
1.491 4.56578e-05 -7.21115e-05
1.492 4.74349e-05 -7.22113e-05
1.493 4.92771e-05 -7.23028e-05
1.494 5.11867e-05 -7.23864e-05
1.495 5.31658e-05 -7.24668e-05
1.496 5.52168e-05 -7.25517e-05
1.497 5.73423e-05 -7.26481e-05
1.498 5.95446e-05 -7.27598e-05
1.499 6.18263e-05 -7.28854e-05
1.5 6.41902e-05 -7.30183e-05
1.501 6.66389e-05 -7.31489e-05
1.502 6.91754e-05 -7.32675e-05
1.503 7.18023e-05 -7.33672e-05
1.504 7.45229e-05 -7.34458e-05
1.505 7.73401e-05 -7.35062e-05
1.506 8.02572e-05 -7.35549e-05
1.507 8.32774e-05 -7.35997e-05
1.508 8.6404e-05 -7.36467e-05
1.509 8.96405e-05 -7.36989e-05
1.51 9.29906e-05 -7.37558e-05
1.511 9.64579e-05 -7.38143e-05
1.512 0.000100046 -7.38707e-05
1.513 0.000103759 -7.39227e-05
1.514 0.000107601 -7.39701e-05
1.515 0.000111576 -7.40146e-05
1.516 0.000115688 -7.40584e-05
1.517 0.000119942 -7.41029e-05
1.518 0.000124342 -7.41472e-05
1.519 0.000128892 -7.41892e-05
1.52 0.000133598 -7.42261e-05
1.521 0.000138464 -7.4257e-05
1.522 0.000143495 -7.42842e-05
1.523 0.000148697 -7.43128e-05
1.524 0.000154075 -7.43496e-05
1.525 0.000159633 -7.44006e-05
1.526 0.000165379 -7.44685e-05
1.527 0.000171317 -7.45518e-05
1.528 0.000177453 -7.46451e-05
1.529 0.000183794 -7.47419e-05
1.53 0.000190345 -7.48362e-05
1.531 0.000197114 -7.49255e-05
1.532 0.000204106 -7.50101e-05
1.533 0.000211329 -7.50926e-05
1.534 0.000218789 -7.51756e-05
1.535 0.000226493 -7.52597e-05
1.536 0.000234449 -7.53433e-05
1.537 0.000242664 -7.54231e-05
1.538 0.000251146 -7.54962e-05
1.539 0.000259903 -7.55614e-05
1.54 0.000268942 -7.56202e-05
1.541 0.000278273 -7.56755e-05
1.542 0.000287903 -7.57305e-05
1.543 0.000297842 -7.57865e-05
1.544 0.000308098 -7.58428e-05
1.545 0.000318681 -7.5897e-05
1.546 0.000329599 -7.59469e-05
1.547 0.000340863 -7.59924e-05
1.548 0.000352482 -7.60357e-05
1.549 0.000364466 -7.60807e-05
1.55 0.000376827 -7.61312e-05
1.551 0.000389574 -7.61884e-05
1.552 0.000402718 -7.62503e-05
1.553 0.000416272 -7.63124e-05
1.554 0.000430244 -7.637e-05
1.555 0.000444649 -7.64212e-05
1.556 0.000459497 -7.64685e-05
1.557 0.000474802 -7.65184e-05
1.558 0.000490575 -7.65793e-05
1.559 0.000506829 -7.66575e-05
1.56 0.000523577 -7.67545e-05
1.561 0.000540834 -7.68655e-05
1.562 0.000558612 -7.69806e-05
1.563 0.000576927 -7.70879e-05
1.564 0.000595791 -7.71779e-05
1.565 0.000615221 -7.72462e-05
1.566 0.00063523 -7.72948e-05
1.567 0.000655836 -7.73306e-05
1.568 0.000677052 -7.73628e-05
1.569 0.000698896 -7.73994e-05
1.57 0.000721384 -7.74451e-05
1.571 0.000744532 -7.75004e-05
1.572 0.000768359 -7.75627e-05
1.573 0.000792881 -7.76276e-05
1.574 0.000818117 -7.76914e-05
1.575 0.000844084 -7.77516e-05
1.576 0.000870802 -7.78078e-05
1.577 0.00089829 -7.78615e-05
1.578 0.000926568 -7.79149e-05
1.579 0.000955654 -7.79705e-05
1.58 0.000985571 -7.80305e-05
1.581 0.00101634 -7.80962e-05
1.582 0.00104798 -7.81678e-05
1.583 0.00108051 -7.8244e-05
1.584 0.00111396 -7.83228e-05
1.585 0.00114834 -7.84018e-05
1.586 0.00118369 -7.84789e-05
1.587 0.00122002 -7.85532e-05
1.588 0.00125736 -7.86251e-05
1.589 0.00129573 -7.86959e-05
1.59 0.00133516 -7.87667e-05
1.591 0.00137568 -7.88376e-05
1.592 0.0014173 -7.89068e-05
1.593 0.00146005 -7.89711e-05
1.594 0.00150397 -7.90277e-05
1.595 0.00154908 -7.9075e-05
1.596 0.00159541 -7.91144e-05
1.597 0.00164298 -7.91503e-05
1.598 0.00169183 -7.91885e-05
1.599 0.00174198 -7.92346e-05
1.6 0.00179346 -7.92916e-05
1.601 0.00184631 -7.93591e-05
1.602 0.00190056 -7.94337e-05
1.603 0.00195623 -7.9511e-05
1.604 0.00201336 -7.95873e-05
1.605 0.00207198 -7.96618e-05
1.606 0.00213212 -7.97358e-05
1.607 0.00219383 -7.98121e-05
1.608 0.00225713 -7.98921e-05
1.609 0.00232205 -7.99744e-05
1.61 0.00238864 -8.00546e-05
1.611 0.00245693 -8.0127e-05
1.612 0.00252695 -8.01869e-05
1.613 0.00259875 -8.02334e-05
1.614 0.00267236 -8.02705e-05
1.615 0.00274782 -8.03059e-05
1.616 0.00282516 -8.03481e-05
1.617 0.00290444 -8.04032e-05
1.618 0.00298568 -8.04722e-05
1.619 0.00306894 -8.05506e-05
1.62 0.00315424 -8.06307e-05
1.621 0.00324163 -8.07043e-05
1.622 0.00333117 -8.07668e-05
1.623 0.00342288 -8.08184e-05
1.624 0.00351681 -8.08642e-05
1.625 0.00361301 -8.09115e-05
1.626 0.00371152 -8.09672e-05
1.627 0.00381239 -8.10346e-05
1.628 0.00391566 -8.11131e-05
1.629 0.00402138 -8.11983e-05
1.63 0.0041296 -8.12845e-05
1.631 0.00424037 -8.13664e-05
1.632 0.00435374 -8.14405e-05
1.633 0.00446975 -8.15054e-05
1.634 0.00458845 -8.15614e-05
1.635 0.0047099 -8.16094e-05
1.636 0.00483415 -8.16506e-05
1.637 0.00496124 -8.16869e-05
1.638 0.00509124 -8.17212e-05
1.639 0.00522419 -8.17573e-05
1.64 0.00536014 -8.17994e-05
1.641 0.00549916 -8.1851e-05
1.642 0.0056413 -8.1913e-05
1.643 0.0057866 -8.19833e-05
1.644 0.00593514 -8.20567e-05
1.645 0.00608695 -8.21273e-05
1.646 0.00624211 -8.219e-05
1.647 0.00640067 -8.22428e-05
1.648 0.00656269 -8.22872e-05
1.649 0.00672821 -8.23271e-05
1.65 0.00689732 -8.23663e-05
1.651 0.00707006 -8.24068e-05
1.652 0.00724649 -8.24472e-05
1.653 0.00742668 -8.24832e-05
1.654 0.00761069 -8.25101e-05
1.655 0.00779857 -8.25248e-05
1.656 0.00799039 -8.25281e-05
1.657 0.00818622 -8.25246e-05
1.658 0.00838611 -8.25212e-05
1.659 0.00859013 -8.25239e-05
1.66 0.00879835 -8.25352e-05
1.661 0.00901082 -8.25531e-05
1.662 0.00922762 -8.25715e-05
1.663 0.0094488 -8.25826e-05
1.664 0.00967443 -8.25804e-05
1.665 0.00990458 -8.25625e-05
1.666 0.0101393 -8.25312e-05
1.667 0.0103787 -8.2492e-05
1.668 0.0106228 -8.24511e-05
1.669 0.0108717 -8.24124e-05
1.67 0.0111255 -8.23765e-05
1.671 0.0113841 -8.23398e-05
1.672 0.0116478 -8.22973e-05
1.673 0.0119165 -8.2244e-05
1.674 0.0121903 -8.21778e-05
1.675 0.0124693 -8.20999e-05
1.676 0.0127536 -8.20145e-05
1.677 0.0130432 -8.1927e-05
1.678 0.0133382 -8.18423e-05
1.679 0.0136386 -8.1763e-05
1.68 0.0139446 -8.16894e-05
1.681 0.0142562 -8.162e-05
1.682 0.0145735 -8.15528e-05
1.683 0.0148965 -8.14866e-05
1.684 0.0152253 -8.14213e-05
1.685 0.01556 -8.13573e-05
1.686 0.0159006 -8.12952e-05
1.687 0.0162472 -8.12342e-05
1.688 0.0165999 -8.11723e-05
1.689 0.0169588 -8.1107e-05
1.69 0.0173238 -8.10362e-05
1.691 0.0176952 -8.09601e-05
1.692 0.0180729 -8.0882e-05
1.693 0.018457 -8.08078e-05
1.694 0.0188475 -8.07443e-05
1.695 0.0192446 -8.06972e-05
1.696 0.0196484 -8.06686e-05
1.697 0.0200587 -8.06559e-05
1.698 0.0204759 -8.06526e-05
1.699 0.0208998 -8.06498e-05
1.7 0.0213305 -8.06397e-05
1.701 0.0217682 -8.06176e-05
1.702 0.0222129 -8.05834e-05
1.703 0.0226646 -8.05411e-05
1.704 0.0231234 -8.04971e-05
1.705 0.0235894 -8.04569e-05
1.706 0.0240625 -8.04234e-05
1.707 0.024543 -8.03955e-05
1.708 0.0250308 -8.03689e-05
1.709 0.0255259 -8.03381e-05
1.71 0.0260285 -8.02988e-05
1.711 0.0265386 -8.02492e-05
1.712 0.0270562 -8.01912e-05
1.713 0.0275814 -8.01288e-05
1.714 0.0281142 -8.00668e-05
1.715 0.0286547 -8.00087e-05
1.716 0.029203 -7.99556e-05
1.717 0.029759 -7.99059e-05
1.718 0.0303228 -7.98563e-05
1.719 0.0308945 -7.98032e-05
1.72 0.0314741 -7.97443e-05
1.721 0.0320616 -7.9679e-05
1.722 0.0326571 -7.96093e-05
1.723 0.0332606 -7.95385e-05
1.724 0.0338721 -7.94701e-05
1.725 0.0344917 -7.94074e-05
1.726 0.0351194 -7.9352e-05
1.727 0.0357553 -7.93038e-05
1.728 0.0363993 -7.92616e-05
1.729 0.0370514 -7.92232e-05
1.73 0.0377118 -7.91866e-05
1.731 0.0383803 -7.91511e-05
1.732 0.0390571 -7.91168e-05
1.733 0.0397422 -7.90848e-05
1.734 0.0404355 -7.90564e-05
1.735 0.0411371 -7.9032e-05
1.736 0.0418469 -7.901e-05
1.737 0.0425651 -7.89873e-05
1.738 0.0432915 -7.89593e-05
1.739 0.0440262 -7.89216e-05
1.74 0.0447692 -7.88718e-05
1.741 0.0455205 -7.88102e-05
1.742 0.04628 -7.87404e-05
1.743 0.0470478 -7.86683e-05
1.744 0.0478238 -7.86001e-05
1.745 0.0486081 -7.85401e-05
1.746 0.0494005 -7.849e-05
1.747 0.0502012 -7.84479e-05
1.748 0.05101 -7.84095e-05
1.749 0.051827 -7.83698e-05
1.75 0.052652 -7.83246e-05
1.751 0.0534851 -7.8272e-05
1.752 0.0543262 -7.82123e-05
1.753 0.0551753 -7.81479e-05
1.754 0.0560324 -7.80823e-05
1.755 0.0568973 -7.80194e-05
1.756 0.05777 -7.79625e-05
1.757 0.0586506 -7.79139e-05
1.758 0.0595389 -7.78747e-05
1.759 0.0604348 -7.78444e-05
1.76 0.0613383 -7.78207e-05
1.761 0.0622494 -7.77999e-05
1.762 0.0631679 -7.77773e-05
1.763 0.0640937 -7.77488e-05
1.764 0.0650269 -7.77118e-05
1.765 0.0659673 -7.76663e-05
1.766 0.0669147 -7.76147e-05
1.767 0.0678693 -7.75604e-05
1.768 0.0688307 -7.75068e-05
1.769 0.069799 -7.74553e-05
1.77 0.0707739 -7.7405e-05
1.771 0.0717555 -7.73532e-05
1.772 0.0727436 -7.72972e-05
1.773 0.0737381 -7.72361e-05
1.774 0.0747389 -7.7171e-05
1.775 0.0757457 -7.71058e-05
1.776 0.0767586 -7.70447e-05
1.777 0.0777774 -7.69908e-05
1.778 0.0788019 -7.6945e-05
1.779 0.079832 -7.69055e-05
1.78 0.0808675 -7.68694e-05
1.781 0.0819084 -7.68339e-05
1.782 0.0829544 -7.67976e-05
1.783 0.0840053 -7.67609e-05
1.784 0.0850611 -7.67245e-05
1.785 0.0861216 -7.66887e-05
1.786 0.0871865 -7.66519e-05
1.787 0.0882557 -7.66111e-05
1.788 0.0893291 -7.65637e-05
1.789 0.0904063 -7.65091e-05
1.79 0.0914873 -7.64497e-05
1.791 0.0925719 -7.63907e-05
1.792 0.0936599 -7.63376e-05
1.793 0.094751 -7.62935e-05
1.794 0.095845 -7.62573e-05
1.795 0.0969417 -7.62235e-05
1.796 0.098041 -7.61845e-05
1.797 0.0991426 -7.61344e-05
1.798 0.100246 -7.60713e-05
1.799 0.101352 -7.59993e-05
1.8 0.102459 -7.59266e-05
1.801 0.103567 -7.5862e-05
1.802 0.104677 -7.58111e-05
1.803 0.105788 -7.5774e-05
1.804 0.106899 -7.57456e-05
1.805 0.10801 -7.57184e-05
1.806 0.109122 -7.56863e-05
1.807 0.110234 -7.56472e-05
1.808 0.111345 -7.56039e-05
1.809 0.112455 -7.55616e-05
1.81 0.113565 -7.55244e-05
1.811 0.114673 -7.54926e-05
1.812 0.11578 -7.54616e-05
1.813 0.116885 -7.54241e-05
1.814 0.117988 -7.53733e-05
1.815 0.119089 -7.53074e-05
1.816 0.120187 -7.52304e-05
1.817 0.121282 -7.51517e-05
1.818 0.122374 -7.5082e-05
1.819 0.123462 -7.50291e-05
1.82 0.124547 -7.49947e-05
1.821 0.125627 -7.49739e-05
1.822 0.126703 -7.49572e-05
1.823 0.127774 -7.49352e-05
1.824 0.12884 -7.4902e-05
1.825 0.1299 -7.48574e-05
1.826 0.130955 -7.48063e-05
1.827 0.132003 -7.47562e-05
1.828 0.133046 -7.47135e-05
1.829 0.134081 -7.46813e-05
1.83 0.135109 -7.46581e-05
1.831 0.13613 -7.46393e-05
1.832 0.137143 -7.46193e-05
1.833 0.138148 -7.45936e-05
1.834 0.139145 -7.4561e-05
1.835 0.140133 -7.45229e-05
1.836 0.141111 -7.44829e-05
1.837 0.142081 -7.44451e-05
1.838 0.14304 -7.44129e-05
1.839 0.143989 -7.43882e-05
1.84 0.144928 -7.43715e-05
1.841 0.145856 -7.43617e-05
1.842 0.146772 -7.43572e-05
1.843 0.147677 -7.43559e-05
1.844 0.14857 -7.43563e-05
1.845 0.149451 -7.43573e-05
1.846 0.150319 -7.43593e-05
1.847 0.151174 -7.43635e-05
1.848 0.152015 -7.43722e-05
1.849 0.152843 -7.43875e-05
1.85 0.153657 -7.44106e-05
1.851 0.154456 -7.44411e-05
1.852 0.155241 -7.44767e-05
1.853 0.15601 -7.45136e-05
1.854 0.156764 -7.45482e-05
1.855 0.157502 -7.4578e-05
1.856 0.158224 -7.46027e-05
1.857 0.158929 -7.46246e-05
1.858 0.159618 -7.46476e-05
1.859 0.160289 -7.46763e-05
1.86 0.160943 -7.47145e-05
1.861 0.161578 -7.4764e-05
1.862 0.162196 -7.48246e-05
1.863 0.162795 -7.48939e-05
1.864 0.163374 -7.49686e-05
1.865 0.163935 -7.50445e-05
1.866 0.164476 -7.5118e-05
1.867 0.164997 -7.5186e-05
1.868 0.165498 -7.52467e-05
1.869 0.165978 -7.52994e-05
1.87 0.166437 -7.5345e-05
1.871 0.166875 -7.53852e-05
1.872 0.167292 -7.54227e-05
1.873 0.167687 -7.54601e-05
1.874 0.168059 -7.54995e-05
1.875 0.168409 -7.55416e-05
1.876 0.168737 -7.55859e-05
1.877 0.169041 -7.56306e-05
1.878 0.169322 -7.56735e-05
1.879 0.16958 -7.57127e-05
1.88 0.169814 -7.5747e-05
1.881 0.170023 -7.57765e-05
1.882 0.170208 -7.58021e-05
1.883 0.170369 -7.58251e-05
1.884 0.170505 -7.58467e-05
1.885 0.170615 -7.58679e-05
1.886 0.1707 -7.58892e-05
1.887 0.17076 -7.59107e-05
1.888 0.170793 -7.59324e-05
1.889 0.170801 -7.5954e-05
1.89 0.170782 -7.59752e-05
1.891 0.170737 -7.59958e-05
1.892 0.170665 -7.60157e-05
1.893 0.170566 -7.60351e-05
1.894 0.170441 -7.60547e-05
1.895 0.170288 -7.60756e-05
1.896 0.170107 -7.60994e-05
1.897 0.169899 -7.61278e-05
1.898 0.169663 -7.61621e-05
1.899 0.169399 -7.6203e-05
1.9 0.169107 -7.62503e-05
1.901 0.168787 -7.63029e-05
1.902 0.168439 -7.63589e-05
1.903 0.168062 -7.6416e-05
1.904 0.167657 -7.6472e-05
1.905 0.167223 -7.65246e-05
1.906 0.166761 -7.65724e-05
1.907 0.166269 -7.66145e-05
1.908 0.165749 -7.66512e-05
1.909 0.1652 -7.66838e-05
1.91 0.164622 -7.67142e-05
1.911 0.164015 -7.67449e-05
1.912 0.163378 -7.67777e-05
1.913 0.162713 -7.68134e-05
1.914 0.162019 -7.68514e-05
1.915 0.161295 -7.68899e-05
1.916 0.160542 -7.69267e-05
1.917 0.159761 -7.69601e-05
1.918 0.15895 -7.69896e-05
1.919 0.15811 -7.70161e-05
1.92 0.157241 -7.70416e-05
1.921 0.156343 -7.7068e-05
1.922 0.155416 -7.7096e-05
1.923 0.15446 -7.71247e-05
1.924 0.153476 -7.71519e-05
1.925 0.152463 -7.71754e-05
1.926 0.151421 -7.7194e-05
1.927 0.150351 -7.72095e-05
1.928 0.149253 -7.7226e-05
1.929 0.148126 -7.72491e-05
1.93 0.146971 -7.7284e-05
1.931 0.145789 -7.73331e-05
1.932 0.144578 -7.73946e-05
1.933 0.14334 -7.74626e-05
1.934 0.142075 -7.75288e-05
1.935 0.140783 -7.75854e-05
1.936 0.139463 -7.76279e-05
1.937 0.138117 -7.76569e-05
1.938 0.136744 -7.76775e-05
1.939 0.135345 -7.76975e-05
1.94 0.133919 -7.77243e-05
1.941 0.132468 -7.77617e-05
1.942 0.130992 -7.78083e-05
1.943 0.12949 -7.78585e-05
1.944 0.127963 -7.79045e-05
1.945 0.126411 -7.79396e-05
1.946 0.124835 -7.79613e-05
1.947 0.123234 -7.79724e-05
1.948 0.12161 -7.79796e-05
1.949 0.119962 -7.79913e-05
1.95 0.118292 -7.80137e-05
1.951 0.116598 -7.8049e-05
1.952 0.114882 -7.80943e-05
1.953 0.113144 -7.81437e-05
1.954 0.111384 -7.81906e-05
1.955 0.109603 -7.82305e-05
1.956 0.107801 -7.82629e-05
1.957 0.105979 -7.82907e-05
1.958 0.104136 -7.83185e-05
1.959 0.102274 -7.83504e-05
1.96 0.100392 -7.83881e-05
1.961 0.0984914 -7.84303e-05
1.962 0.0965725 -7.84741e-05
1.963 0.0946356 -7.85166e-05
1.964 0.0926813 -7.85568e-05
1.965 0.0907099 -7.85957e-05
1.966 0.0887219 -7.86353e-05
1.967 0.0867179 -7.86774e-05
1.968 0.0846982 -7.87217e-05
1.969 0.0826634 -7.87652e-05
1.97 0.0806139 -7.88036e-05
1.971 0.0785504 -7.88329e-05
1.972 0.0764732 -7.88519e-05
1.973 0.0743829 -7.88632e-05
1.974 0.07228 -7.8872e-05
1.975 0.070165 -7.88851e-05
1.976 0.0680386 -7.89074e-05
1.977 0.0659011 -7.89406e-05
1.978 0.0637531 -7.89829e-05
1.979 0.0615953 -7.90299e-05
1.98 0.0594281 -7.90771e-05
1.981 0.057252 -7.91216e-05
1.982 0.0550677 -7.91633e-05
1.983 0.0528757 -7.92039e-05
1.984 0.0506766 -7.92454e-05
1.985 0.0484709 -7.92883e-05
1.986 0.0462593 -7.93315e-05
1.987 0.0440422 -7.9372e-05
1.988 0.0418202 -7.94072e-05
1.989 0.039594 -7.94361e-05
1.99 0.0373641 -7.94603e-05
1.991 0.035131 -7.94834e-05
1.992 0.0328955 -7.95091e-05
1.993 0.030658 -7.954e-05
1.994 0.0284191 -7.95758e-05
1.995 0.0261795 -7.96139e-05
1.996 0.0239397 -7.96506e-05
1.997 0.0217003 -7.96833e-05
1.998 0.0194618 -7.97113e-05
1.999 0.017225 -7.97364e-05
2 0.0149903 -7.97616e-05
2.001 0.0127584 -7.97898e-05
2.002 0.0105298 -7.9822e-05
2.003 0.00830506 -7.98573e-05
2.004 0.00608486 -7.98936e-05
2.005 0.00386974 -7.9929e-05
2.006 0.00166028 -7.99628e-05
2.007 -0.000542954 -7.99962e-05
2.008 -0.00273937 -8.00308e-05
2.009 -0.00492842 -8.00679e-05
2.01 -0.00710952 -8.01068e-05
2.011 -0.00928211 -8.01448e-05
2.012 -0.0114456 -8.01783e-05
2.013 -0.0135995 -8.02041e-05
2.014 -0.0157432 -8.02218e-05
2.015 -0.0178762 -8.02332e-05
2.016 -0.0199979 -8.02426e-05
2.017 -0.0221077 -8.02541e-05
2.018 -0.0242052 -8.02703e-05
2.019 -0.0262899 -8.02908e-05
2.02 -0.0283611 -8.03127e-05
2.021 -0.0304183 -8.03319e-05
2.022 -0.0324611 -8.03456e-05
2.023 -0.034489 -8.03534e-05
2.024 -0.0365014 -8.03575e-05
2.025 -0.0384978 -8.03621e-05
2.026 -0.0404778 -8.0371e-05
2.027 -0.0424409 -8.0386e-05
2.028 -0.0443866 -8.04058e-05
2.029 -0.0463144 -8.04264e-05
2.03 -0.0482238 -8.04425e-05
2.031 -0.0501145 -8.04493e-05
2.032 -0.0519859 -8.04438e-05
2.033 -0.0538377 -8.04256e-05
2.034 -0.0556694 -8.03968e-05
2.035 -0.0574805 -8.03613e-05
2.036 -0.0592708 -8.03237e-05
2.037 -0.0610396 -8.02884e-05
2.038 -0.0627867 -8.02586e-05
2.039 -0.0645118 -8.02359e-05
2.04 -0.0662143 -8.02195e-05
2.041 -0.067894 -8.02063e-05
2.042 -0.0695505 -8.0192e-05
2.043 -0.0711834 -8.01714e-05
2.044 -0.0727924 -8.01408e-05
2.045 -0.0743771 -8.00992e-05
2.046 -0.0759373 -8.0049e-05
2.047 -0.0774726 -7.99955e-05
2.048 -0.0789828 -7.99448e-05
2.049 -0.0804675 -7.99016e-05
2.05 -0.0819265 -7.98674e-05
2.051 -0.0833595 -7.98395e-05
2.052 -0.0847663 -7.98125e-05
2.053 -0.0861465 -7.97806e-05
2.054 -0.0875 -7.97401e-05
2.055 -0.0888266 -7.96911e-05
2.056 -0.090126 -7.96375e-05
2.057 -0.0913981 -7.95852e-05
2.058 -0.0926426 -7.95395e-05
2.059 -0.0938593 -7.95028e-05
2.06 -0.0950481 -7.94737e-05
2.061 -0.0962089 -7.94484e-05
2.062 -0.0973415 -7.94227e-05
2.063 -0.0984457 -7.93945e-05
2.064 -0.0995215 -7.93648e-05
2.065 -0.100569 -7.93375e-05
2.066 -0.101587 -7.93167e-05
2.067 -0.102577 -7.93051e-05
2.068 -0.103538 -7.93016e-05
2.069 -0.10447 -7.93018e-05
2.07 -0.105373 -7.92996e-05
2.071 -0.106247 -7.92896e-05
2.072 -0.107092 -7.92696e-05
2.073 -0.107908 -7.92415e-05
2.074 -0.108695 -7.92098e-05
2.075 -0.109452 -7.91801e-05
2.076 -0.110181 -7.91564e-05
2.077 -0.110881 -7.91394e-05
2.078 -0.111552 -7.9127e-05
2.079 -0.112194 -7.91151e-05
2.08 -0.112806 -7.91002e-05
2.081 -0.113391 -7.90805e-05
2.082 -0.113946 -7.90568e-05
2.083 -0.114473 -7.90313e-05
2.084 -0.114971 -7.90064e-05
2.085 -0.115441 -7.89833e-05
2.086 -0.115882 -7.8961e-05
2.087 -0.116295 -7.89371e-05
2.088 -0.116681 -7.89086e-05
2.089 -0.117038 -7.88736e-05
2.09 -0.117368 -7.88321e-05
2.091 -0.11767 -7.87863e-05
2.092 -0.117945 -7.87394e-05
2.093 -0.118192 -7.86951e-05
2.094 -0.118413 -7.86557e-05
2.095 -0.118607 -7.86222e-05
2.096 -0.118774 -7.85937e-05
2.097 -0.118916 -7.85687e-05
2.098 -0.119031 -7.85457e-05
2.099 -0.11912 -7.85235e-05
2.1 -0.119184 -7.85021e-05
2.101 -0.119222 -7.84818e-05
2.102 -0.119236 -7.84633e-05
2.103 -0.119225 -7.84464e-05
2.104 -0.119189 -7.84303e-05
2.105 -0.11913 -7.84137e-05
2.106 -0.119046 -7.83949e-05
2.107 -0.118939 -7.83733e-05
2.108 -0.118809 -7.83491e-05
2.109 -0.118656 -7.83239e-05
2.11 -0.118481 -7.83e-05
2.111 -0.118283 -7.82792e-05
2.112 -0.118064 -7.82619e-05
2.113 -0.117823 -7.82469e-05
2.114 -0.117561 -7.82308e-05
2.115 -0.117278 -7.82099e-05
2.116 -0.116976 -7.81815e-05
2.117 -0.116653 -7.81452e-05
2.118 -0.11631 -7.81037e-05
2.119 -0.115949 -7.80616e-05
2.12 -0.115568 -7.80243e-05
2.121 -0.11517 -7.79953e-05
2.122 -0.114753 -7.7975e-05
2.123 -0.114319 -7.796e-05
2.124 -0.113867 -7.79448e-05
2.125 -0.113399 -7.79234e-05
2.126 -0.112915 -7.78923e-05
2.127 -0.112415 -7.78517e-05
2.128 -0.111899 -7.78055e-05
2.129 -0.111369 -7.77598e-05
2.13 -0.110824 -7.77207e-05
2.131 -0.110264 -7.76918e-05
2.132 -0.109691 -7.76738e-05
2.133 -0.109105 -7.76642e-05
2.134 -0.108506 -7.76591e-05
2.135 -0.107895 -7.76542e-05
2.136 -0.107272 -7.76466e-05
2.137 -0.106637 -7.76346e-05
2.138 -0.105992 -7.76177e-05
2.139 -0.105335 -7.75957e-05
2.14 -0.104669 -7.75687e-05
2.141 -0.103993 -7.75373e-05
2.142 -0.103308 -7.75025e-05
2.143 -0.102615 -7.74663e-05
2.144 -0.101913 -7.74312e-05
2.145 -0.101203 -7.73992e-05
2.146 -0.100486 -7.7371e-05
2.147 -0.099762 -7.73455e-05
2.148 -0.0990316 -7.73202e-05
2.149 -0.0982952 -7.72927e-05
2.15 -0.0975532 -7.72615e-05
2.151 -0.0968061 -7.7228e-05
2.152 -0.0960544 -7.7195e-05
2.153 -0.0952986 -7.71662e-05
2.154 -0.094539 -7.71438e-05
2.155 -0.093776 -7.71271e-05
2.156 -0.0930102 -7.71127e-05
2.157 -0.0922419 -7.70958e-05
2.158 -0.0914716 -7.70722e-05
2.159 -0.0906998 -7.70414e-05
2.16 -0.0899267 -7.70061e-05
2.161 -0.089153 -7.69719e-05
2.162 -0.0883789 -7.69444e-05
2.163 -0.087605 -7.69266e-05
2.164 -0.0868315 -7.69168e-05
2.165 -0.086059 -7.69099e-05
2.166 -0.0852877 -7.68991e-05
2.167 -0.0845183 -7.6879e-05
2.168 -0.0837509 -7.68483e-05
2.169 -0.082986 -7.681e-05
2.17 -0.082224 -7.677e-05
2.171 -0.0814653 -7.67339e-05
2.172 -0.0807103 -7.6705e-05
2.173 -0.0799592 -7.66821e-05
2.174 -0.0792125 -7.66612e-05
2.175 -0.0784706 -7.66373e-05
2.176 -0.0777337 -7.66075e-05
2.177 -0.0770023 -7.6572e-05
2.178 -0.0762767 -7.65348e-05
2.179 -0.0755571 -7.6501e-05
2.18 -0.074844 -7.64749e-05
2.181 -0.0741376 -7.64575e-05
2.182 -0.0734384 -7.64465e-05
2.183 -0.0727465 -7.64372e-05
2.184 -0.0720623 -7.64251e-05
2.185 -0.0713861 -7.64073e-05
2.186 -0.0707182 -7.63843e-05
2.187 -0.0700588 -7.63587e-05
2.188 -0.0694083 -7.63341e-05
2.189 -0.0687668 -7.63126e-05
2.19 -0.0681348 -7.62942e-05
2.191 -0.0675124 -7.62767e-05
2.192 -0.0668998 -7.62566e-05
2.193 -0.0662973 -7.62314e-05
2.194 -0.0657052 -7.62003e-05
2.195 -0.0651237 -7.61652e-05
2.196 -0.0645529 -7.61297e-05
2.197 -0.0639931 -7.60982e-05
2.198 -0.0634446 -7.60739e-05
2.199 -0.0629075 -7.60581e-05
2.2 -0.0623819 -7.60501e-05
2.201 -0.0618682 -7.60474e-05
2.202 -0.0613663 -7.60464e-05
2.203 -0.0608766 -7.60439e-05
2.204 -0.0603992 -7.60375e-05
2.205 -0.0599342 -7.6026e-05
2.206 -0.0594818 -7.601e-05
2.207 -0.0590421 -7.59917e-05
2.208 -0.0586152 -7.59739e-05
2.209 -0.0582013 -7.59601e-05
2.21 -0.0578004 -7.59526e-05
2.211 -0.0574127 -7.59525e-05
2.212 -0.0570384 -7.5959e-05
2.213 -0.0566774 -7.59696e-05
2.214 -0.0563298 -7.59808e-05
2.215 -0.0559957 -7.59895e-05
2.216 -0.0556753 -7.59938e-05
2.217 -0.0553686 -7.59937e-05
2.218 -0.0550755 -7.59911e-05
2.219 -0.0547962 -7.59886e-05
2.22 -0.0545307 -7.59892e-05
2.221 -0.054279 -7.59951e-05
2.222 -0.0540412 -7.60075e-05
2.223 -0.0538173 -7.60263e-05
2.224 -0.0536073 -7.60509e-05
2.225 -0.0534111 -7.60801e-05
2.226 -0.0532289 -7.61127e-05
2.227 -0.0530605 -7.61472e-05
2.228 -0.052906 -7.6182e-05
2.229 -0.0527654 -7.62154e-05
2.23 -0.0526385 -7.6246e-05
2.231 -0.0525254 -7.62734e-05
2.232 -0.0524261 -7.62981e-05
2.233 -0.0523404 -7.6322e-05
2.234 -0.0522684 -7.63471e-05
2.235 -0.0522099 -7.6375e-05
2.236 -0.0521649 -7.64056e-05
2.237 -0.0521334 -7.64376e-05
2.238 -0.0521151 -7.64683e-05
2.239 -0.0521102 -7.64954e-05
2.24 -0.0521184 -7.65181e-05
2.241 -0.0521396 -7.65376e-05
2.242 -0.0521738 -7.65573e-05
2.243 -0.0522209 -7.65809e-05
2.244 -0.0522807 -7.66108e-05
2.245 -0.0523531 -7.6647e-05
2.246 -0.0524381 -7.66862e-05
2.247 -0.0525354 -7.67231e-05
2.248 -0.0526449 -7.67524e-05
2.249 -0.0527665 -7.67711e-05
2.25 -0.0529 -7.67799e-05
2.251 -0.0530454 -7.67824e-05
2.252 -0.0532023 -7.67844e-05
2.253 -0.0533708 -7.67906e-05
2.254 -0.0535506 -7.68033e-05
2.255 -0.0537415 -7.68208e-05
2.256 -0.0539434 -7.6839e-05
2.257 -0.0541562 -7.68532e-05
2.258 -0.0543795 -7.68606e-05
2.259 -0.0546133 -7.68617e-05
2.26 -0.0548574 -7.68606e-05
2.261 -0.0551115 -7.68628e-05
2.262 -0.0553755 -7.68729e-05
2.263 -0.0556492 -7.68924e-05
2.264 -0.0559324 -7.69192e-05
2.265 -0.0562248 -7.69481e-05
2.266 -0.0565264 -7.69736e-05
2.267 -0.0568368 -7.69921e-05
2.268 -0.0571558 -7.70036e-05
2.269 -0.0574833 -7.70116e-05
2.27 -0.057819 -7.70214e-05
2.271 -0.0581628 -7.70377e-05
2.272 -0.0585143 -7.70626e-05
2.273 -0.0588734 -7.70946e-05
2.274 -0.0592398 -7.71296e-05
2.275 -0.0596134 -7.71628e-05
2.276 -0.0599938 -7.71906e-05
2.277 -0.0603809 -7.72123e-05
2.278 -0.0607745 -7.72293e-05
2.279 -0.0611742 -7.7245e-05
2.28 -0.0615799 -7.72621e-05
2.281 -0.0619913 -7.72822e-05
2.282 -0.0624083 -7.73053e-05
2.283 -0.0628304 -7.73299e-05
2.284 -0.0632577 -7.73548e-05
2.285 -0.0636896 -7.73794e-05
2.286 -0.0641262 -7.74036e-05
2.287 -0.064567 -7.74279e-05
2.288 -0.0650119 -7.74519e-05
2.289 -0.0654607 -7.74742e-05
2.29 -0.065913 -7.74925e-05
2.291 -0.0663687 -7.75049e-05
2.292 -0.0668274 -7.75106e-05
2.293 -0.0672891 -7.7511e-05
2.294 -0.0677534 -7.75093e-05
2.295 -0.06822 -7.75096e-05
2.296 -0.0686888 -7.75156e-05
2.297 -0.0691596 -7.75288e-05
2.298 -0.069632 -7.7549e-05
2.299 -0.0701058 -7.75741e-05
2.3 -0.0705808 -7.76015e-05
2.301 -0.0710568 -7.76292e-05
2.302 -0.0715336 -7.7656e-05
2.303 -0.0720108 -7.76816e-05
2.304 -0.0724883 -7.77058e-05
2.305 -0.0729658 -7.77282e-05
2.306 -0.0734432 -7.77485e-05
2.307 -0.0739201 -7.77663e-05
2.308 -0.0743964 -7.77824e-05
2.309 -0.0748717 -7.77985e-05
2.31 -0.075346 -7.78171e-05
2.311 -0.075819 -7.78399e-05
2.312 -0.0762904 -7.7867e-05
2.313 -0.0767601 -7.78964e-05
2.314 -0.0772278 -7.79244e-05
2.315 -0.0776933 -7.79473e-05
2.316 -0.0781563 -7.79629e-05
2.317 -0.0786168 -7.79725e-05
2.318 -0.0790744 -7.79796e-05
2.319 -0.079529 -7.79894e-05
2.32 -0.0799804 -7.80057e-05
2.321 -0.0804283 -7.80292e-05
2.322 -0.0808726 -7.8057e-05
2.323 -0.081313 -7.80838e-05
2.324 -0.0817494 -7.8104e-05
2.325 -0.0821816 -7.81149e-05
2.326 -0.0826094 -7.81177e-05
2.327 -0.0830325 -7.81174e-05
2.328 -0.0834509 -7.81206e-05
2.329 -0.0838643 -7.81328e-05
2.33 -0.0842725 -7.81558e-05
2.331 -0.0846754 -7.81873e-05
2.332 -0.0850728 -7.82219e-05
2.333 -0.0854645 -7.82538e-05
2.334 -0.0858504 -7.8279e-05
2.335 -0.0862302 -7.82971e-05
2.336 -0.0866039 -7.83111e-05
2.337 -0.0869712 -7.83256e-05
2.338 -0.0873321 -7.83444e-05
2.339 -0.0876862 -7.83691e-05
2.34 -0.0880336 -7.83983e-05
2.341 -0.088374 -7.84283e-05
2.342 -0.0887073 -7.84551e-05
2.343 -0.0890334 -7.84759e-05
2.344 -0.0893521 -7.84902e-05
2.345 -0.0896632 -7.84997e-05
2.346 -0.0899667 -7.85073e-05
2.347 -0.0902624 -7.85156e-05
2.348 -0.0905501 -7.85263e-05
2.349 -0.0908299 -7.85396e-05
2.35 -0.0911014 -7.85548e-05
2.351 -0.0913647 -7.85711e-05
2.352 -0.0916195 -7.8588e-05
2.353 -0.0918659 -7.86061e-05
2.354 -0.0921036 -7.86261e-05
2.355 -0.0923326 -7.86486e-05
2.356 -0.0925527 -7.86735e-05
2.357 -0.0927639 -7.86998e-05
2.358 -0.092966 -7.87258e-05
2.359 -0.093159 -7.87496e-05
2.36 -0.0933428 -7.877e-05
2.361 -0.0935172 -7.8787e-05
2.362 -0.0936823 -7.88015e-05
2.363 -0.0938378 -7.88151e-05
2.364 -0.0939838 -7.88295e-05
2.365 -0.0941201 -7.88459e-05
2.366 -0.0942467 -7.88646e-05
2.367 -0.0943635 -7.88851e-05
2.368 -0.0944705 -7.89064e-05
2.369 -0.0945675 -7.89277e-05
2.37 -0.0946545 -7.89482e-05
2.371 -0.0947314 -7.89675e-05
2.372 -0.0947983 -7.89855e-05
2.373 -0.094855 -7.90017e-05
2.374 -0.0949014 -7.90154e-05
2.375 -0.0949376 -7.90257e-05
2.376 -0.0949635 -7.90324e-05
2.377 -0.094979 -7.90363e-05
2.378 -0.0949841 -7.90395e-05
2.379 -0.0949788 -7.90453e-05
2.38 -0.094963 -7.90571e-05
2.381 -0.0949367 -7.90768e-05
2.382 -0.0948999 -7.91039e-05
2.383 -0.0948525 -7.91351e-05
2.384 -0.0947945 -7.9165e-05
2.385 -0.094726 -7.91884e-05
2.386 -0.0946468 -7.9202e-05
2.387 -0.0945569 -7.92056e-05
2.388 -0.0944564 -7.92029e-05
2.389 -0.0943453 -7.91994e-05
2.39 -0.0942234 -7.92001e-05
2.391 -0.0940909 -7.92077e-05
2.392 -0.0939477 -7.92209e-05
2.393 -0.0937938 -7.92352e-05
2.394 -0.0936293 -7.92449e-05
2.395 -0.093454 -7.9246e-05
2.396 -0.0932681 -7.92377e-05
2.397 -0.0930715 -7.92231e-05
2.398 -0.0928642 -7.92076e-05
2.399 -0.0926463 -7.91966e-05
2.4 -0.0924177 -7.91931e-05
2.401 -0.0921786 -7.91965e-05
2.402 -0.0919288 -7.9203e-05
2.403 -0.0916685 -7.92077e-05
2.404 -0.0913976 -7.92067e-05
2.405 -0.0911163 -7.91986e-05
2.406 -0.0908244 -7.9185e-05
2.407 -0.090522 -7.9169e-05
2.408 -0.0902092 -7.91533e-05
2.409 -0.0898861 -7.91391e-05
2.41 -0.0895525 -7.91256e-05
2.411 -0.0892087 -7.91104e-05
2.412 -0.0888545 -7.90914e-05
2.413 -0.0884901 -7.90679e-05
2.414 -0.0881156 -7.90412e-05
2.415 -0.0877309 -7.90139e-05
2.416 -0.0873361 -7.89885e-05
2.417 -0.0869312 -7.89664e-05
2.418 -0.0865163 -7.89469e-05
2.419 -0.0860915 -7.8928e-05
2.42 -0.0856569 -7.89076e-05
2.421 -0.0852124 -7.88843e-05
2.422 -0.0847581 -7.88583e-05
2.423 -0.0842941 -7.88317e-05
2.424 -0.0838205 -7.88067e-05
2.425 -0.0833373 -7.87851e-05
2.426 -0.0828446 -7.87673e-05
2.427 -0.0823424 -7.87523e-05
2.428 -0.0818309 -7.87382e-05
2.429 -0.0813101 -7.87232e-05
2.43 -0.08078 -7.87064e-05
2.431 -0.0802408 -7.86883e-05
2.432 -0.0796925 -7.86703e-05
2.433 -0.0791352 -7.86541e-05
2.434 -0.078569 -7.86408e-05
2.435 -0.077994 -7.86309e-05
2.436 -0.0774102 -7.86232e-05
2.437 -0.0768177 -7.8616e-05
2.438 -0.0762167 -7.86072e-05
2.439 -0.0756071 -7.85952e-05
2.44 -0.0749892 -7.85794e-05
2.441 -0.0743629 -7.85607e-05
2.442 -0.0737284 -7.85416e-05
2.443 -0.0730857 -7.85252e-05
2.444 -0.072435 -7.85149e-05
2.445 -0.0717764 -7.85125e-05
2.446 -0.0711099 -7.85177e-05
2.447 -0.0704357 -7.85273e-05
2.448 -0.0697538 -7.85364e-05
2.449 -0.0690644 -7.85395e-05
2.45 -0.0683675 -7.85327e-05
2.451 -0.0676632 -7.85151e-05
2.452 -0.0669517 -7.84892e-05
2.453 -0.0662331 -7.84601e-05
2.454 -0.0655075 -7.84332e-05
2.455 -0.0647749 -7.8412e-05
2.456 -0.0640355 -7.83974e-05
2.457 -0.0632894 -7.83867e-05
2.458 -0.0625367 -7.8376e-05
2.459 -0.0617775 -7.83618e-05
2.46 -0.0610119 -7.83425e-05
2.461 -0.0602401 -7.83196e-05
2.462 -0.0594622 -7.82965e-05
2.463 -0.0586782 -7.82763e-05
2.464 -0.0578883 -7.82608e-05
2.465 -0.0570926 -7.82491e-05
2.466 -0.0562913 -7.82384e-05
2.467 -0.0554844 -7.82255e-05
2.468 -0.0546721 -7.82084e-05
2.469 -0.0538544 -7.81877e-05
2.47 -0.0530316 -7.81659e-05
2.471 -0.0522037 -7.81465e-05
2.472 -0.0513709 -7.8132e-05
2.473 -0.0505332 -7.81226e-05
2.474 -0.0496909 -7.81163e-05
2.475 -0.048844 -7.81098e-05
2.476 -0.0479926 -7.81002e-05
2.477 -0.047137 -7.80865e-05
2.478 -0.0462771 -7.807e-05
2.479 -0.0454133 -7.80532e-05
2.48 -0.0445455 -7.8039e-05
2.481 -0.0436738 -7.80291e-05
2.482 -0.0427986 -7.80233e-05
2.483 -0.0419198 -7.80198e-05
2.484 -0.0410376 -7.80162e-05
2.485 -0.0401521 -7.80103e-05
2.486 -0.0392635 -7.80008e-05
2.487 -0.0383719 -7.79875e-05
2.488 -0.0374774 -7.7971e-05
2.489 -0.0365802 -7.79521e-05
2.49 -0.0356804 -7.79318e-05
2.491 -0.0347782 -7.7911e-05
2.492 -0.0338736 -7.78911e-05
2.493 -0.0329668 -7.7873e-05
2.494 -0.0320579 -7.78576e-05
2.495 -0.0311471 -7.78444e-05
2.496 -0.0302346 -7.78317e-05
2.497 -0.0293204 -7.78173e-05
2.498 -0.0284046 -7.77989e-05
2.499 -0.0274875 -7.7776e-05
2.5 -0.0265692 -7.77502e-05
2.501 -0.0256497 -7.77253e-05
2.502 -0.0247293 -7.77057e-05
2.503 -0.023808 -7.76945e-05
2.504 -0.0228861 -7.76921e-05
2.505 -0.0219636 -7.76954e-05
2.506 -0.0210407 -7.76991e-05
2.507 -0.0201175 -7.76977e-05
2.508 -0.0191941 -7.7688e-05
2.509 -0.0182708 -7.767e-05
2.51 -0.0173476 -7.76471e-05
2.511 -0.0164246 -7.76242e-05
2.512 -0.0155021 -7.76053e-05
2.513 -0.01458 -7.75921e-05
2.514 -0.0136587 -7.75832e-05
2.515 -0.0127382 -7.75752e-05
2.516 -0.0118186 -7.7565e-05
2.517 -0.0109 -7.7551e-05
2.518 -0.00998273 -7.75339e-05
2.519 -0.00906677 -7.75164e-05
2.52 -0.0081523 -7.75012e-05
2.521 -0.00723944 -7.74892e-05
2.522 -0.00632832 -7.74797e-05
2.523 -0.00541909 -7.74698e-05
2.524 -0.00451186 -7.74568e-05
2.525 -0.00360678 -7.74391e-05
2.526 -0.00270397 -7.74172e-05
2.527 -0.00180357 -7.73934e-05
2.528 -0.000905693 -7.73705e-05
2.529 -1.04809e-05 -7.73506e-05
2.53 0.000881942 -7.73344e-05
2.531 0.00177145 -7.73212e-05
2.532 0.00265791 -7.73099e-05
2.533 0.0035412 -7.72997e-05
2.534 0.0044212 -7.7291e-05
2.535 0.00529778 -7.72845e-05
2.536 0.00617081 -7.72802e-05
2.537 0.00704018 -7.7277e-05
2.538 0.00790576 -7.72724e-05
2.539 0.00876743 -7.72634e-05
2.54 0.00962508 -7.72479e-05
2.541 0.0104786 -7.72266e-05
2.542 0.0113278 -7.72024e-05
2.543 0.0121727 -7.71798e-05
2.544 0.013013 -7.71628e-05
2.545 0.0138487 -7.71527e-05
2.546 0.0146798 -7.71475e-05
2.547 0.0155059 -7.71427e-05
2.548 0.0163272 -7.71333e-05
2.549 0.0171433 -7.71161e-05
2.55 0.0179543 -7.70916e-05
2.551 0.01876 -7.70636e-05
2.552 0.0195603 -7.70377e-05
2.553 0.0203552 -7.70188e-05
2.554 0.0211444 -7.70087e-05
2.555 0.0219279 -7.70057e-05
2.556 0.0227056 -7.70056e-05
2.557 0.0234774 -7.70037e-05
2.558 0.0242433 -7.69971e-05
2.559 0.025003 -7.69856e-05
2.56 0.0257565 -7.69715e-05
2.561 0.0265037 -7.6958e-05
2.562 0.0272445 -7.6947e-05
2.563 0.0279789 -7.69386e-05
2.564 0.0287066 -7.69311e-05
2.565 0.0294277 -7.69219e-05
2.566 0.0301421 -7.691e-05
2.567 0.0308496 -7.68959e-05
2.568 0.0315502 -7.68823e-05
2.569 0.0322438 -7.68717e-05
2.57 0.0329303 -7.68658e-05
2.571 0.0336096 -7.68635e-05
2.572 0.0342817 -7.68622e-05
2.573 0.0349464 -7.68583e-05
2.574 0.0356037 -7.68498e-05
2.575 0.0362536 -7.68371e-05
2.576 0.0368958 -7.68234e-05
2.577 0.0375305 -7.68129e-05
2.578 0.0381574 -7.6809e-05
2.579 0.0387766 -7.68121e-05
2.58 0.0393879 -7.682e-05
2.581 0.0399914 -7.68282e-05
2.582 0.0405868 -7.68325e-05
2.583 0.0411743 -7.68313e-05
2.584 0.0417536 -7.68262e-05
2.585 0.0423248 -7.68214e-05
2.586 0.0428878 -7.68221e-05
2.587 0.0434425 -7.68314e-05
2.588 0.0439888 -7.68489e-05
2.589 0.0445268 -7.68711e-05
2.59 0.0450564 -7.68922e-05
2.591 0.0455775 -7.69073e-05
2.592 0.04609 -7.6914e-05
2.593 0.046594 -7.69139e-05
2.594 0.0470894 -7.69111e-05
2.595 0.0475761 -7.69105e-05
2.596 0.0480541 -7.69159e-05
2.597 0.0485233 -7.69281e-05
2.598 0.0489838 -7.69454e-05
2.599 0.0494354 -7.69646e-05
2.6 0.0498782 -7.69829e-05
2.601 0.050312 -7.69996e-05
2.602 0.0507369 -7.70158e-05
2.603 0.0511529 -7.7034e-05
2.604 0.0515599 -7.7056e-05
2.605 0.0519578 -7.70817e-05
2.606 0.0523468 -7.71088e-05
2.607 0.0527266 -7.71334e-05
2.608 0.0530973 -7.71519e-05
2.609 0.053459 -7.71628e-05
2.61 0.0538114 -7.71678e-05
2.611 0.0541548 -7.71707e-05
2.612 0.0544889 -7.71762e-05
2.613 0.0548138 -7.71879e-05
2.614 0.0551296 -7.72063e-05
2.615 0.0554361 -7.72288e-05
2.616 0.0557334 -7.72507e-05
2.617 0.0560214 -7.72675e-05
2.618 0.0563002 -7.72764e-05
2.619 0.0565697 -7.72778e-05
2.62 0.05683 -7.72752e-05
2.621 0.057081 -7.72733e-05
2.622 0.0573227 -7.72764e-05
2.623 0.0575551 -7.72863e-05
2.624 0.0577783 -7.73017e-05
2.625 0.0579922 -7.73191e-05
2.626 0.0581968 -7.73343e-05
2.627 0.0583921 -7.7344e-05
2.628 0.0585782 -7.73476e-05
2.629 0.058755 -7.73469e-05
2.63 0.0589225 -7.73454e-05
2.631 0.0590809 -7.73466e-05
2.632 0.0592299 -7.73524e-05
2.633 0.0593698 -7.73627e-05
2.634 0.0595004 -7.73753e-05
2.635 0.0596219 -7.73871e-05
2.636 0.0597342 -7.73958e-05
2.637 0.0598373 -7.74007e-05
2.638 0.0599312 -7.74031e-05
2.639 0.0600161 -7.7406e-05
2.64 0.0600918 -7.74122e-05
2.641 0.0601585 -7.74234e-05
2.642 0.060216 -7.74396e-05
2.643 0.0602646 -7.74587e-05
2.644 0.0603041 -7.74778e-05
2.645 0.0603346 -7.74941e-05
2.646 0.0603562 -7.75064e-05
2.647 0.0603689 -7.75155e-05
2.648 0.0603726 -7.75237e-05
2.649 0.0603675 -7.7534e-05
2.65 0.0603535 -7.75486e-05
2.651 0.0603307 -7.75681e-05
2.652 0.0602992 -7.75908e-05
2.653 0.0602589 -7.76134e-05
2.654 0.0602098 -7.76323e-05
2.655 0.0601522 -7.76447e-05
2.656 0.0600859 -7.76497e-05
2.657 0.060011 -7.76487e-05
2.658 0.0599275 -7.76449e-05
2.659 0.0598356 -7.76423e-05
2.66 0.0597351 -7.76442e-05
2.661 0.0596263 -7.76522e-05
2.662 0.059509 -7.76659e-05
2.663 0.0593834 -7.76831e-05
2.664 0.0592496 -7.77007e-05
2.665 0.0591074 -7.77159e-05
2.666 0.0589571 -7.77269e-05
2.667 0.0587986 -7.77336e-05
2.668 0.0586321 -7.77375e-05
2.669 0.0584574 -7.77406e-05
2.67 0.0582748 -7.77451e-05
2.671 0.0580842 -7.77522e-05
2.672 0.0578858 -7.77619e-05
2.673 0.0576794 -7.77732e-05
2.674 0.0574653 -7.77846e-05
2.675 0.0572435 -7.77947e-05
2.676 0.057014 -7.78032e-05
2.677 0.0567768 -7.78104e-05
2.678 0.0565321 -7.7818e-05
2.679 0.0562799 -7.78275e-05
2.68 0.0560202 -7.78403e-05
2.681 0.0557532 -7.78569e-05
2.682 0.0554788 -7.78764e-05
2.683 0.0551972 -7.7897e-05
2.684 0.0549084 -7.79165e-05
2.685 0.0546124 -7.79328e-05
2.686 0.0543093 -7.79447e-05
2.687 0.0539993 -7.79522e-05
2.688 0.0536823 -7.79566e-05
2.689 0.0533584 -7.796e-05
2.69 0.0530277 -7.79643e-05
2.691 0.0526902 -7.79713e-05
2.692 0.0523461 -7.79813e-05
2.693 0.0519953 -7.79939e-05
2.694 0.0516381 -7.80074e-05
2.695 0.0512743 -7.802e-05
2.696 0.0509042 -7.803e-05
2.697 0.0505277 -7.80366e-05
2.698 0.0501449 -7.80401e-05
2.699 0.049756 -7.80419e-05
2.7 0.049361 -7.80439e-05
2.701 0.0489599 -7.80481e-05
2.702 0.0485529 -7.80561e-05
2.703 0.0481399 -7.80683e-05
2.704 0.0477212 -7.80843e-05
2.705 0.0472967 -7.81026e-05
2.706 0.0468666 -7.81212e-05
2.707 0.0464309 -7.81384e-05
2.708 0.0459896 -7.81529e-05
2.709 0.045543 -7.81641e-05
2.71 0.045091 -7.81726e-05
2.711 0.0446337 -7.81795e-05
2.712 0.0441712 -7.81861e-05
2.713 0.0437037 -7.81938e-05
2.714 0.0432311 -7.82033e-05
2.715 0.0427535 -7.82148e-05
2.716 0.0422711 -7.82277e-05
2.717 0.0417839 -7.82409e-05
2.718 0.041292 -7.82535e-05
2.719 0.0407955 -7.82646e-05
2.72 0.0402945 -7.82739e-05
2.721 0.039789 -7.82815e-05
2.722 0.0392792 -7.82882e-05
2.723 0.0387651 -7.82947e-05
2.724 0.0382468 -7.83021e-05
2.725 0.0377244 -7.83107e-05
2.726 0.0371979 -7.83205e-05
2.727 0.0366676 -7.83312e-05
2.728 0.0361334 -7.8342e-05
2.729 0.0355954 -7.83521e-05
2.73 0.0350538 -7.8361e-05
2.731 0.0345086 -7.83686e-05
2.732 0.0339599 -7.83752e-05
2.733 0.0334078 -7.83816e-05
2.734 0.0328524 -7.83889e-05
2.735 0.0322938 -7.83981e-05
2.736 0.0317321 -7.84096e-05
2.737 0.0311673 -7.84238e-05
2.738 0.0305996 -7.84399e-05
2.739 0.030029 -7.84569e-05
2.74 0.0294556 -7.84735e-05
2.741 0.0288796 -7.84882e-05
2.742 0.028301 -7.84998e-05
2.743 0.0277199 -7.85078e-05
2.744 0.0271364 -7.85123e-05
2.745 0.0265505 -7.85139e-05
2.746 0.0259625 -7.85139e-05
2.747 0.0253724 -7.85137e-05
2.748 0.0247802 -7.85146e-05
2.749 0.0241861 -7.85175e-05
2.75 0.0235902 -7.85229e-05
2.751 0.0229925 -7.85307e-05
2.752 0.0223931 -7.85401e-05
2.753 0.0217922 -7.85504e-05
2.754 0.0211899 -7.85603e-05
2.755 0.0205861 -7.8569e-05
2.756 0.0199811 -7.8576e-05
2.757 0.0193749 -7.8581e-05
2.758 0.0187676 -7.85842e-05
2.759 0.0181593 -7.85863e-05
2.76 0.0175501 -7.8588e-05
2.761 0.0169401 -7.85897e-05
2.762 0.0163294 -7.8592e-05
2.763 0.0157181 -7.85948e-05
2.764 0.0151062 -7.85979e-05
2.765 0.0144939 -7.86005e-05
2.766 0.0138813 -7.86021e-05
2.767 0.0132684 -7.8602e-05
2.768 0.0126554 -7.85998e-05
2.769 0.0120423 -7.85956e-05
2.77 0.0114292 -7.85898e-05
2.771 0.0108163 -7.85827e-05
2.772 0.0102036 -7.85749e-05
2.773 0.00959121 -7.85669e-05
2.774 0.00897922 -7.85589e-05
2.775 0.00836772 -7.8551e-05
2.776 0.00775681 -7.85433e-05
2.777 0.00714658 -7.85358e-05
2.778 0.00653713 -7.85286e-05
2.779 0.00592853 -7.85215e-05
2.78 0.00532089 -7.85141e-05
2.781 0.00471429 -7.8506e-05
2.782 0.00410882 -7.84966e-05
2.783 0.00350458 -7.84855e-05
2.784 0.00290164 -7.84725e-05
2.785 0.0023001 -7.84585e-05
2.786 0.00170006 -7.84443e-05
2.787 0.00110158 -7.84314e-05
2.788 0.000504773 -7.84206e-05
2.789 -9.02862e-05 -7.84119e-05
2.79 -0.000683509 -7.84044e-05
2.791 -0.00127481 -7.83965e-05
2.792 -0.0018641 -7.83864e-05
2.793 -0.0024513 -7.83731e-05
2.794 -0.00303632 -7.83568e-05
2.795 -0.00361908 -7.8339e-05
2.796 -0.0041995 -7.83219e-05
2.797 -0.00477749 -7.83074e-05
2.798 -0.00535297 -7.82965e-05
2.799 -0.00592587 -7.82886e-05
2.8 -0.00649609 -7.82816e-05
2.801 -0.00706356 -7.82737e-05
2.802 -0.00762821 -7.82637e-05
2.803 -0.00818994 -7.82524e-05
2.804 -0.00874869 -7.82421e-05
2.805 -0.00930438 -7.82357e-05
2.806 -0.00985693 -7.82352e-05
2.807 -0.0104063 -7.82404e-05
2.808 -0.0109523 -7.82482e-05
2.809 -0.011495 -7.82539e-05
2.81 -0.0120342 -7.82528e-05
2.811 -0.0125699 -7.82429e-05
2.812 -0.0131021 -7.82253e-05
2.813 -0.0136306 -7.82047e-05
2.814 -0.0141554 -7.81874e-05
2.815 -0.0146763 -7.81783e-05
2.816 -0.0151935 -7.81789e-05
2.817 -0.0157066 -7.81866e-05
2.818 -0.0162158 -7.81953e-05
2.819 -0.016721 -7.81987e-05
2.82 -0.017222 -7.81926e-05
2.821 -0.0177188 -7.81773e-05
2.822 -0.0182114 -7.81575e-05
2.823 -0.0186996 -7.81399e-05
2.824 -0.0191835 -7.81302e-05
2.825 -0.0196629 -7.81303e-05
2.826 -0.0201379 -7.81373e-05
2.827 -0.0206082 -7.81449e-05
2.828 -0.021074 -7.81458e-05
2.829 -0.0215351 -7.81358e-05
2.83 -0.0219915 -7.8115e-05
2.831 -0.0224431 -7.80884e-05
2.832 -0.0228899 -7.80631e-05
2.833 -0.0233318 -7.80455e-05
2.834 -0.0237688 -7.80381e-05
2.835 -0.0242007 -7.80389e-05
2.836 -0.0246277 -7.80426e-05
2.837 -0.0250495 -7.80429e-05
2.838 -0.0254663 -7.80359e-05
2.839 -0.0258778 -7.80214e-05
2.84 -0.0262842 -7.80026e-05
2.841 -0.0266852 -7.79844e-05
2.842 -0.027081 -7.79706e-05
2.843 -0.0274714 -7.79627e-05
2.844 -0.0278564 -7.79593e-05
2.845 -0.028236 -7.79574e-05
2.846 -0.0286101 -7.79545e-05
2.847 -0.0289787 -7.79496e-05
2.848 -0.0293418 -7.7944e-05
2.849 -0.0296993 -7.79396e-05
2.85 -0.0300511 -7.79378e-05
2.851 -0.0303974 -7.79381e-05
2.852 -0.0307379 -7.79383e-05
2.853 -0.0310727 -7.79351e-05
2.854 -0.0314018 -7.79267e-05
2.855 -0.0317251 -7.79132e-05
2.856 -0.0320426 -7.78975e-05
2.857 -0.0323543 -7.78835e-05
2.858 -0.0326601 -7.78744e-05
2.859 -0.0329601 -7.78709e-05
2.86 -0.0332541 -7.7871e-05
2.861 -0.0335422 -7.78707e-05
2.862 -0.0338244 -7.78663e-05
2.863 -0.0341006 -7.7856e-05
2.864 -0.0343708 -7.78411e-05
2.865 -0.034635 -7.78247e-05
2.866 -0.0348932 -7.78107e-05
2.867 -0.0351453 -7.78015e-05
2.868 -0.0353914 -7.77968e-05
2.869 -0.0356314 -7.77945e-05
2.87 -0.0358653 -7.77912e-05
2.871 -0.0360931 -7.77847e-05
2.872 -0.0363148 -7.77747e-05
2.873 -0.0365304 -7.77626e-05
2.874 -0.0367398 -7.77507e-05
2.875 -0.0369431 -7.77409e-05
2.876 -0.0371403 -7.77332e-05
2.877 -0.0373313 -7.77264e-05
2.878 -0.0375161 -7.77185e-05
2.879 -0.0376948 -7.77088e-05
2.88 -0.0378672 -7.76978e-05
2.881 -0.0380336 -7.7688e-05
2.882 -0.0381937 -7.76816e-05
2.883 -0.0383477 -7.76801e-05
2.884 -0.0384955 -7.76827e-05
2.885 -0.0386371 -7.76867e-05
2.886 -0.0387725 -7.76884e-05
2.887 -0.0389018 -7.76852e-05
2.888 -0.0390249 -7.76764e-05
2.889 -0.0391418 -7.76634e-05
2.89 -0.0392525 -7.76491e-05
2.891 -0.0393571 -7.76361e-05
2.892 -0.0394556 -7.76257e-05
2.893 -0.0395479 -7.76172e-05
2.894 -0.0396341 -7.76092e-05
2.895 -0.0397142 -7.76e-05
2.896 -0.0397881 -7.75894e-05
2.897 -0.039856 -7.75783e-05
2.898 -0.0399178 -7.75684e-05
2.899 -0.0399735 -7.75611e-05
2.9 -0.0400231 -7.75564e-05
2.901 -0.0400667 -7.75528e-05
2.902 -0.0401042 -7.75482e-05
2.903 -0.0401357 -7.75409e-05
2.904 -0.0401613 -7.75307e-05
2.905 -0.0401808 -7.75188e-05
2.906 -0.0401944 -7.75078e-05
2.907 -0.040202 -7.74995e-05
2.908 -0.0402037 -7.74949e-05
2.909 -0.0401995 -7.74928e-05
2.91 -0.0401894 -7.74913e-05
2.911 -0.0401735 -7.74881e-05
2.912 -0.0401517 -7.74823e-05
2.913 -0.0401241 -7.74742e-05
2.914 -0.0400907 -7.74654e-05
2.915 -0.0400515 -7.74573e-05
2.916 -0.0400066 -7.74507e-05
2.917 -0.039956 -7.7445e-05
2.918 -0.0398996 -7.74389e-05
2.919 -0.0398376 -7.7431e-05
2.92 -0.03977 -7.74211e-05
2.921 -0.0396968 -7.74101e-05
2.922 -0.039618 -7.73999e-05
2.923 -0.0395336 -7.73921e-05
2.924 -0.0394437 -7.73871e-05
2.925 -0.0393484 -7.7384e-05
2.926 -0.0392475 -7.73809e-05
2.927 -0.0391413 -7.7376e-05
2.928 -0.0390296 -7.73683e-05
2.929 -0.0389126 -7.73586e-05
2.93 -0.0387903 -7.73484e-05
2.931 -0.0386627 -7.73396e-05
2.932 -0.0385298 -7.73331e-05
2.933 -0.0383918 -7.73289e-05
2.934 -0.0382485 -7.73259e-05
2.935 -0.0381001 -7.73229e-05
2.936 -0.0379466 -7.73191e-05
2.937 -0.037788 -7.73151e-05
2.938 -0.0376244 -7.73119e-05
2.939 -0.0374558 -7.73104e-05
2.94 -0.0372822 -7.7311e-05
2.941 -0.0371037 -7.73127e-05
2.942 -0.0369204 -7.73141e-05
2.943 -0.0367322 -7.73137e-05
2.944 -0.0365392 -7.73108e-05
2.945 -0.0363415 -7.73059e-05
2.946 -0.0361391 -7.73001e-05
2.947 -0.035932 -7.72948e-05
2.948 -0.0357203 -7.72909e-05
2.949 -0.035504 -7.72883e-05
2.95 -0.0352832 -7.72863e-05
2.951 -0.0350579 -7.72845e-05
2.952 -0.0348281 -7.72832e-05
2.953 -0.034594 -7.72833e-05
2.954 -0.0343555 -7.72862e-05
2.955 -0.0341127 -7.72925e-05
2.956 -0.0338657 -7.73017e-05
2.957 -0.0336144 -7.73122e-05
2.958 -0.033359 -7.73216e-05
2.959 -0.0330995 -7.73282e-05
2.96 -0.0328359 -7.73316e-05
2.961 -0.0325683 -7.73332e-05
2.962 -0.0322967 -7.73353e-05
2.963 -0.0320212 -7.73402e-05
2.964 -0.0317419 -7.73492e-05
2.965 -0.0314587 -7.73614e-05
2.966 -0.0311718 -7.73746e-05
2.967 -0.0308812 -7.7386e-05
2.968 -0.0305869 -7.73937e-05
2.969 -0.030289 -7.73972e-05
2.97 -0.0299875 -7.73984e-05
2.971 -0.0296825 -7.73998e-05
2.972 -0.0293741 -7.74043e-05
2.973 -0.0290623 -7.74134e-05
2.974 -0.0287472 -7.74273e-05
2.975 -0.0284288 -7.7444e-05
2.976 -0.0281071 -7.74608e-05
2.977 -0.0277823 -7.74752e-05
2.978 -0.0274543 -7.7485e-05
2.979 -0.0271233 -7.74899e-05
2.98 -0.0267893 -7.74909e-05
2.981 -0.0264523 -7.74901e-05
2.982 -0.0261124 -7.74903e-05
2.983 -0.0257697 -7.74941e-05
2.984 -0.0254242 -7.75031e-05
2.985 -0.025076 -7.75173e-05
2.986 -0.0247251 -7.75348e-05
2.987 -0.0243716 -7.75522e-05
2.988 -0.0240156 -7.75657e-05
2.989 -0.023657 -7.75726e-05
2.99 -0.023296 -7.75719e-05
2.991 -0.0229327 -7.75657e-05
2.992 -0.022567 -7.75576e-05
2.993 -0.0221991 -7.75521e-05
2.994 -0.021829 -7.75526e-05
2.995 -0.0214567 -7.75597e-05
2.996 -0.0210824 -7.75713e-05
2.997 -0.0207061 -7.75834e-05
2.998 -0.0203277 -7.75918e-05
2.999 -0.0199476 -7.75942e-05
3 -0.0195655 -7.75911e-05
3.001 -0.0191817 -7.75856e-05
3.002 -0.0187962 -7.75817e-05
3.003 -0.018409 -7.75829e-05
3.004 -0.0180203 -7.75899e-05
3.005 -0.01763 -7.76012e-05
3.006 -0.0172382 -7.76133e-05
3.007 -0.0168451 -7.76228e-05
3.008 -0.0164506 -7.76282e-05
3.009 -0.0160548 -7.76301e-05
3.01 -0.0156578 -7.76312e-05
3.011 -0.0152597 -7.76345e-05
3.012 -0.0148604 -7.7642e-05
3.013 -0.0144602 -7.7653e-05
3.014 -0.0140589 -7.76652e-05
3.015 -0.0136568 -7.76752e-05
3.016 -0.0132538 -7.76807e-05
3.017 -0.01285 -7.76813e-05
3.018 -0.0124455 -7.76791e-05
3.019 -0.0120404 -7.76778e-05
3.02 -0.0116347 -7.76807e-05
3.021 -0.0112284 -7.76896e-05
3.022 -0.0108217 -7.77038e-05
3.023 -0.0104145 -7.77206e-05
3.024 -0.0100071 -7.77366e-05
3.025 -0.00959929 -7.77487e-05
3.026 -0.00919131 -7.77558e-05
3.027 -0.00878317 -7.77588e-05
3.028 -0.00837494 -7.77598e-05
3.029 -0.00796668 -7.77613e-05
3.03 -0.00755845 -7.77647e-05
3.031 -0.00715031 -7.77703e-05
3.032 -0.00674233 -7.77767e-05
3.033 -0.00633456 -7.77823e-05
3.034 -0.00592707 -7.77857e-05
3.035 -0.00551991 -7.77866e-05
3.036 -0.00511316 -7.7786e-05
3.037 -0.00470686 -7.77859e-05
3.038 -0.00430108 -7.77881e-05
3.039 -0.00389589 -7.77935e-05
3.04 -0.00349134 -7.78019e-05
3.041 -0.00308749 -7.78115e-05
3.042 -0.0026844 -7.78202e-05
3.043 -0.00228213 -7.78263e-05
3.044 -0.00188074 -7.78291e-05
3.045 -0.00148029 -7.78296e-05
3.046 -0.00108084 -7.783e-05
3.047 -0.00068245 -7.78326e-05
3.048 -0.000285171 -7.7839e-05
3.049 0.000110935 -7.7849e-05
3.05 0.000505811 -7.78612e-05
3.051 0.0008994 -7.78731e-05
3.052 0.00129165 -7.78826e-05
3.053 0.00168249 -7.78886e-05
3.054 0.00207188 -7.7892e-05
3.055 0.00245976 -7.78948e-05
3.056 0.00284607 -7.78991e-05
3.057 0.00323076 -7.79061e-05
3.058 0.00361377 -7.79154e-05
3.059 0.00399505 -7.79252e-05
3.06 0.00437454 -7.7933e-05
3.061 0.0047522 -7.79372e-05
3.062 0.00512797 -7.79381e-05
3.063 0.00550179 -7.79374e-05
3.064 0.00587362 -7.79381e-05
3.065 0.0062434 -7.79425e-05
3.066 0.00661109 -7.7951e-05
3.067 0.00697663 -7.79623e-05
3.068 0.00733997 -7.79734e-05
3.069 0.00770107 -7.79815e-05
3.07 0.00805987 -7.79851e-05
3.071 0.00841633 -7.79851e-05
3.072 0.00877039 -7.79839e-05
3.073 0.00912202 -7.79845e-05
3.074 0.00947116 -7.79888e-05
3.075 0.00981777 -7.79964e-05
3.076 0.0101618 -7.80054e-05
3.077 0.0105032 -7.80131e-05
3.078 0.010842 -7.80175e-05
3.079 0.011178 -7.80188e-05
3.08 0.0115113 -7.80188e-05
3.081 0.0118418 -7.80209e-05
3.082 0.0121694 -7.80273e-05
3.083 0.0124942 -7.80386e-05
3.084 0.0128161 -7.8053e-05
3.085 0.013135 -7.80674e-05
3.086 0.0134508 -7.80786e-05
3.087 0.0137637 -7.80851e-05
3.088 0.0140735 -7.80876e-05
3.089 0.0143802 -7.80884e-05
3.09 0.0146837 -7.80903e-05
3.091 0.014984 -7.80948e-05
3.092 0.0152811 -7.81018e-05
3.093 0.015575 -7.81094e-05
3.094 0.0158656 -7.81154e-05
3.095 0.0161528 -7.81185e-05
3.096 0.0164367 -7.81191e-05
3.097 0.0167172 -7.8119e-05
3.098 0.0169943 -7.81205e-05
3.099 0.0172679 -7.8125e-05
3.1 0.017538 -7.81324e-05
3.101 0.0178047 -7.81409e-05
3.102 0.0180678 -7.81481e-05
3.103 0.0183273 -7.81526e-05
3.104 0.0185832 -7.81546e-05
3.105 0.0188356 -7.81562e-05
3.106 0.0190842 -7.81599e-05
3.107 0.0193292 -7.81675e-05
3.108 0.0195705 -7.81788e-05
3.109 0.0198081 -7.81915e-05
3.11 0.020042 -7.82023e-05
3.111 0.020272 -7.82081e-05
3.112 0.0204983 -7.82079e-05
3.113 0.0207208 -7.82035e-05
3.114 0.0209395 -7.81983e-05
3.115 0.0211543 -7.81963e-05
3.116 0.0213652 -7.82003e-05
3.117 0.0215723 -7.82105e-05
3.118 0.0217754 -7.82244e-05
3.119 0.0219747 -7.82381e-05
3.12 0.02217 -7.82479e-05
3.121 0.0223613 -7.82516e-05
3.122 0.0225487 -7.82494e-05
3.123 0.0227322 -7.82434e-05
3.124 0.0229116 -7.82366e-05
3.125 0.023087 -7.82318e-05
3.126 0.0232584 -7.82306e-05
3.127 0.0234258 -7.8233e-05
3.128 0.0235891 -7.82378e-05
3.129 0.0237484 -7.82436e-05
3.13 0.0239037 -7.82489e-05
3.131 0.0240549 -7.82529e-05
3.132 0.024202 -7.82551e-05
3.133 0.024345 -7.82553e-05
3.134 0.0244839 -7.82535e-05
3.135 0.0246188 -7.825e-05
3.136 0.0247496 -7.82453e-05
3.137 0.0248762 -7.82407e-05
3.138 0.0249988 -7.82374e-05
3.139 0.0251172 -7.82365e-05
3.14 0.0252316 -7.82382e-05
3.141 0.0253418 -7.82414e-05
3.142 0.0254479 -7.82443e-05
3.143 0.0255499 -7.82447e-05
3.144 0.0256478 -7.8241e-05
3.145 0.0257415 -7.82332e-05
3.146 0.0258312 -7.82227e-05
3.147 0.0259167 -7.82119e-05
3.148 0.0259982 -7.82031e-05
3.149 0.0260755 -7.81974e-05
3.15 0.0261487 -7.81943e-05
3.151 0.0262178 -7.81916e-05
3.152 0.0262829 -7.81868e-05
3.153 0.0263438 -7.81784e-05
3.154 0.0264007 -7.81666e-05
3.155 0.0264535 -7.81536e-05
3.156 0.0265022 -7.81427e-05
3.157 0.0265468 -7.81364e-05
3.158 0.0265874 -7.81356e-05
3.159 0.026624 -7.81387e-05
3.16 0.0266565 -7.81424e-05
3.161 0.026685 -7.81427e-05
3.162 0.0267095 -7.81371e-05
3.163 0.0267299 -7.81257e-05
3.164 0.0267464 -7.81107e-05
3.165 0.0267589 -7.80962e-05
3.166 0.0267674 -7.80856e-05
3.167 0.026772 -7.80804e-05
3.168 0.0267726 -7.80797e-05
3.169 0.0267693 -7.80806e-05
3.17 0.0267621 -7.80798e-05
3.171 0.0267509 -7.8075e-05
3.172 0.0267359 -7.80663e-05
3.173 0.026717 -7.8056e-05
3.174 0.0266942 -7.80471e-05
3.175 0.0266677 -7.80424e-05
3.176 0.0266372 -7.80425e-05
3.177 0.026603 -7.80458e-05
3.178 0.026565 -7.80495e-05
3.179 0.0265232 -7.80506e-05
3.18 0.0264777 -7.80476e-05
3.181 0.0264284 -7.8041e-05
3.182 0.0263755 -7.80329e-05
3.183 0.0263188 -7.80261e-05
3.184 0.0262585 -7.80225e-05
3.185 0.0261945 -7.80225e-05
3.186 0.0261268 -7.8025e-05
3.187 0.0260556 -7.80276e-05
3.188 0.0259808 -7.80284e-05
3.189 0.0259024 -7.80264e-05
3.19 0.0258205 -7.80219e-05
3.191 0.025735 -7.8016e-05
3.192 0.0256461 -7.80101e-05
3.193 0.0255537 -7.80051e-05
3.194 0.0254578 -7.80011e-05
3.195 0.0253586 -7.79976e-05
3.196 0.0252559 -7.79937e-05
3.197 0.0251498 -7.79891e-05
3.198 0.0250404 -7.79835e-05
3.199 0.0249277 -7.79771e-05
3.2 0.0248117 -7.79703e-05
3.201 0.0246924 -7.79634e-05
3.202 0.0245699 -7.79568e-05
3.203 0.0244442 -7.79508e-05
3.204 0.0243152 -7.79458e-05
3.205 0.0241832 -7.79421e-05
3.206 0.024048 -7.79396e-05
3.207 0.0239096 -7.7938e-05
3.208 0.0237683 -7.79361e-05
3.209 0.0236238 -7.79328e-05
3.21 0.0234764 -7.79273e-05
3.211 0.023326 -7.79198e-05
3.212 0.0231726 -7.79113e-05
3.213 0.0230163 -7.79036e-05
3.214 0.0228571 -7.7898e-05
3.215 0.022695 -7.78949e-05
3.216 0.0225302 -7.78935e-05
3.217 0.0223625 -7.7892e-05
3.218 0.022192 -7.78887e-05
3.219 0.0220189 -7.7883e-05
3.22 0.021843 -7.78758e-05
3.221 0.0216644 -7.78692e-05
3.222 0.0214833 -7.78656e-05
3.223 0.0212995 -7.7866e-05
3.224 0.0211131 -7.78695e-05
3.225 0.0209242 -7.78736e-05
3.226 0.0207328 -7.7875e-05
3.227 0.020539 -7.78717e-05
3.228 0.0203427 -7.78637e-05
3.229 0.020144 -7.78532e-05
3.23 0.019943 -7.78441e-05
3.231 0.0197396 -7.7839e-05
3.232 0.0195339 -7.78391e-05
3.233 0.019326 -7.78422e-05
3.234 0.0191159 -7.78449e-05
3.235 0.0189035 -7.78431e-05
3.236 0.0186891 -7.78351e-05
3.237 0.0184725 -7.78218e-05
3.238 0.0182538 -7.78064e-05
3.239 0.0180331 -7.77934e-05
3.24 0.0178104 -7.77857e-05
3.241 0.0175858 -7.77839e-05
3.242 0.0173592 -7.77862e-05
3.243 0.0171308 -7.77891e-05
3.244 0.0169005 -7.77894e-05
3.245 0.0166683 -7.7786e-05
3.246 0.0164345 -7.77797e-05
3.247 0.0161988 -7.77728e-05
3.248 0.0159615 -7.77674e-05
3.249 0.0157226 -7.77643e-05
3.25 0.015482 -7.77623e-05
3.251 0.0152398 -7.77594e-05
3.252 0.0149961 -7.77539e-05
3.253 0.0147509 -7.77457e-05
3.254 0.0145043 -7.77367e-05
3.255 0.0142562 -7.773e-05
3.256 0.0140068 -7.77279e-05
3.257 0.013756 -7.77309e-05
3.258 0.0135039 -7.7737e-05
3.259 0.0132506 -7.77422e-05
3.26 0.012996 -7.77427e-05
3.261 0.0127403 -7.77364e-05
3.262 0.0124835 -7.77241e-05
3.263 0.0122255 -7.77093e-05
3.264 0.0119665 -7.76963e-05
3.265 0.0117065 -7.76888e-05
3.266 0.0114455 -7.76879e-05
3.267 0.0111836 -7.76916e-05
3.268 0.0109208 -7.76964e-05
3.269 0.0106571 -7.76983e-05
3.27 0.0103927 -7.7695e-05
3.271 0.0101274 -7.76866e-05
3.272 0.00986149 -7.76753e-05
3.273 0.00959487 -7.76642e-05
3.274 0.0093276 -7.7656e-05
3.275 0.00905974 -7.76517e-05
3.276 0.00879132 -7.76505e-05
3.277 0.00852239 -7.76505e-05
3.278 0.00825298 -7.76495e-05
3.279 0.00798314 -7.76461e-05
3.28 0.00771291 -7.76403e-05
3.281 0.00744234 -7.76332e-05
3.282 0.00717145 -7.76263e-05
3.283 0.00690031 -7.7621e-05
3.284 0.00662894 -7.76181e-05
3.285 0.00635739 -7.76175e-05
3.286 0.0060857 -7.76186e-05
3.287 0.00581391 -7.76201e-05
3.288 0.00554206 -7.76209e-05
3.289 0.00527019 -7.76202e-05
3.29 0.00499836 -7.76173e-05
3.291 0.00472658 -7.76123e-05
3.292 0.00445492 -7.76055e-05
3.293 0.0041834 -7.75978e-05
3.294 0.00391208 -7.75903e-05
3.295 0.00364098 -7.7584e-05
3.296 0.00337015 -7.75792e-05
3.297 0.00309964 -7.75761e-05
3.298 0.00282948 -7.7574e-05
3.299 0.00255971 -7.75721e-05
3.3 0.00229037 -7.75697e-05
3.301 0.0020215 -7.75665e-05
3.302 0.00175315 -7.75627e-05
3.303 0.00148535 -7.7559e-05
3.304 0.00121813 -7.7556e-05
3.305 0.000951552 -7.75542e-05
3.306 0.000685638 -7.75535e-05
3.307 0.000420433 -7.75536e-05
3.308 0.000155975 -7.7554e-05
3.309 -0.000107698 -7.75542e-05
3.31 -0.000370547 -7.75539e-05
3.311 -0.000632534 -7.75527e-05
3.312 -0.000893622 -7.75508e-05
3.313 -0.00115377 -7.75483e-05
3.314 -0.00141295 -7.75456e-05
3.315 -0.00167111 -7.75433e-05
3.316 -0.00192823 -7.75422e-05
3.317 -0.00218426 -7.75428e-05
3.318 -0.00243917 -7.75453e-05
3.319 -0.00269292 -7.75492e-05
3.32 -0.00294548 -7.75532e-05
3.321 -0.00319681 -7.75561e-05
3.322 -0.00344688 -7.75566e-05
3.323 -0.00369566 -7.75549e-05
3.324 -0.0039431 -7.75519e-05
3.325 -0.00418917 -7.75497e-05
3.326 -0.00443384 -7.75501e-05
3.327 -0.00467708 -7.7554e-05
3.328 -0.00491885 -7.75609e-05
3.329 -0.00515912 -7.75687e-05
3.33 -0.00539786 -7.75748e-05
3.331 -0.00563503 -7.75774e-05
3.332 -0.00587061 -7.75764e-05
3.333 -0.00610456 -7.75738e-05
3.334 -0.00633685 -7.75727e-05
3.335 -0.00656746 -7.75759e-05
3.336 -0.00679634 -7.75845e-05
3.337 -0.00702347 -7.7597e-05
3.338 -0.00724883 -7.76105e-05
3.339 -0.00747237 -7.76211e-05
3.34 -0.00769409 -7.76265e-05
3.341 -0.00791393 -7.76269e-05
3.342 -0.00813188 -7.76248e-05
3.343 -0.00834791 -7.76236e-05
3.344 -0.008562 -7.76265e-05
3.345 -0.00877411 -7.76341e-05
3.346 -0.00898422 -7.76447e-05
3.347 -0.0091923 -7.7655e-05
3.348 -0.00939834 -7.76615e-05
3.349 -0.00960229 -7.76629e-05
3.35 -0.00980415 -7.76602e-05
3.351 -0.0100039 -7.76567e-05
3.352 -0.0102015 -7.76561e-05
3.353 -0.0103969 -7.76606e-05
3.354 -0.0105901 -7.76698e-05
3.355 -0.0107811 -7.76812e-05
3.356 -0.0109699 -7.76907e-05
3.357 -0.0111564 -7.76955e-05
3.358 -0.0113406 -7.76948e-05
3.359 -0.0115225 -7.76905e-05
3.36 -0.0117021 -7.76863e-05
3.361 -0.0118794 -7.76855e-05
3.362 -0.0120543 -7.76898e-05
3.363 -0.0122268 -7.76986e-05
3.364 -0.0123969 -7.77089e-05
3.365 -0.0125647 -7.77174e-05
3.366 -0.01273 -7.77215e-05
3.367 -0.0128928 -7.77208e-05
3.368 -0.0130532 -7.77167e-05
3.369 -0.0132111 -7.77115e-05
3.37 -0.0133665 -7.77077e-05
3.371 -0.0135194 -7.77064e-05
3.372 -0.0136697 -7.77073e-05
3.373 -0.0138176 -7.77097e-05
3.374 -0.0139629 -7.77126e-05
3.375 -0.0141056 -7.77157e-05
3.376 -0.0142457 -7.77194e-05
3.377 -0.0143833 -7.77244e-05
3.378 -0.0145182 -7.77306e-05
3.379 -0.0146506 -7.77373e-05
3.38 -0.0147803 -7.77432e-05
3.381 -0.0149074 -7.77468e-05
3.382 -0.0150319 -7.77479e-05
3.383 -0.0151537 -7.77469e-05
3.384 -0.0152728 -7.77457e-05
3.385 -0.0153893 -7.77462e-05
3.386 -0.0155031 -7.77497e-05
3.387 -0.0156142 -7.7756e-05
3.388 -0.0157226 -7.7764e-05
3.389 -0.0158284 -7.77719e-05
3.39 -0.0159314 -7.77784e-05
3.391 -0.0160317 -7.77829e-05
3.392 -0.0161293 -7.77859e-05
3.393 -0.0162242 -7.77884e-05
3.394 -0.0163164 -7.77911e-05
3.395 -0.0164059 -7.77943e-05
3.396 -0.0164926 -7.77973e-05
3.397 -0.0165766 -7.77995e-05
3.398 -0.0166578 -7.78009e-05
3.399 -0.0167364 -7.7802e-05
3.4 -0.0168121 -7.78038e-05
3.401 -0.0168852 -7.78074e-05
3.402 -0.0169555 -7.78127e-05
3.403 -0.0170231 -7.78188e-05
3.404 -0.0170879 -7.78238e-05
3.405 -0.01715 -7.78262e-05
3.406 -0.0172093 -7.78257e-05
3.407 -0.0172659 -7.78234e-05
3.408 -0.0173198 -7.78217e-05
3.409 -0.0173709 -7.78232e-05
3.41 -0.0174193 -7.78287e-05
3.411 -0.017465 -7.78375e-05
3.412 -0.017508 -7.78468e-05
3.413 -0.0175482 -7.7853e-05
3.414 -0.0175857 -7.7854e-05
3.415 -0.0176205 -7.78497e-05
3.416 -0.0176526 -7.78427e-05
3.417 -0.017682 -7.78369e-05
3.418 -0.0177086 -7.7836e-05
3.419 -0.0177326 -7.78415e-05
3.42 -0.0177539 -7.78523e-05
3.421 -0.0177726 -7.78648e-05
3.422 -0.0177885 -7.78751e-05
3.423 -0.0178018 -7.78804e-05
3.424 -0.0178124 -7.78804e-05
3.425 -0.0178204 -7.78774e-05
3.426 -0.0178257 -7.78751e-05
3.427 -0.0178284 -7.78766e-05
3.428 -0.0178285 -7.78831e-05
3.429 -0.0178259 -7.78934e-05
3.43 -0.0178207 -7.79042e-05
3.431 -0.017813 -7.79122e-05
3.432 -0.0178026 -7.79155e-05
3.433 -0.0177897 -7.79142e-05
3.434 -0.0177742 -7.79104e-05
3.435 -0.0177562 -7.79072e-05
3.436 -0.0177356 -7.79068e-05
3.437 -0.0177125 -7.79099e-05
3.438 -0.0176868 -7.79156e-05
3.439 -0.0176587 -7.79217e-05
3.44 -0.017628 -7.79264e-05
3.441 -0.0175949 -7.79286e-05
3.442 -0.0175593 -7.7929e-05
3.443 -0.0175212 -7.7929e-05
3.444 -0.0174807 -7.79302e-05
3.445 -0.0174378 -7.79334e-05
3.446 -0.0173924 -7.79381e-05
3.447 -0.0173447 -7.79432e-05
3.448 -0.0172945 -7.79474e-05
3.449 -0.017242 -7.79501e-05
3.45 -0.0171872 -7.79515e-05
3.451 -0.01713 -7.79527e-05
3.452 -0.0170704 -7.7955e-05
3.453 -0.0170086 -7.7959e-05
3.454 -0.0169445 -7.79644e-05
3.455 -0.016878 -7.79699e-05
3.456 -0.0168094 -7.79742e-05
3.457 -0.0167385 -7.79764e-05
3.458 -0.0166653 -7.79768e-05
3.459 -0.01659 -7.79766e-05
3.46 -0.0165124 -7.79776e-05
3.461 -0.0164327 -7.79812e-05
3.462 -0.0163508 -7.79875e-05
3.463 -0.0162668 -7.79955e-05
3.464 -0.0161807 -7.80031e-05
3.465 -0.0160924 -7.80085e-05
3.466 -0.0160021 -7.80104e-05
3.467 -0.0159098 -7.80093e-05
3.468 -0.0158153 -7.80068e-05
3.469 -0.0157189 -7.80051e-05
3.47 -0.0156205 -7.8006e-05
3.471 -0.01552 -7.801e-05
3.472 -0.0154176 -7.8016e-05
3.473 -0.0153133 -7.8022e-05
3.474 -0.015207 -7.80259e-05
3.475 -0.0150989 -7.80268e-05
3.476 -0.0149888 -7.80251e-05
3.477 -0.0148769 -7.80228e-05
3.478 -0.0147632 -7.80221e-05
3.479 -0.0146476 -7.80248e-05
3.48 -0.0145303 -7.80311e-05
3.481 -0.0144111 -7.80395e-05
3.482 -0.0142903 -7.80471e-05
3.483 -0.0141677 -7.80516e-05
3.484 -0.0140433 -7.80516e-05
3.485 -0.0139173 -7.80481e-05
3.486 -0.0137897 -7.80435e-05
3.487 -0.0136604 -7.80409e-05
3.488 -0.0135294 -7.80427e-05
3.489 -0.0133969 -7.80494e-05
3.49 -0.0132629 -7.80594e-05
3.491 -0.0131272 -7.80696e-05
3.492 -0.0129901 -7.80766e-05
3.493 -0.0128514 -7.80784e-05
3.494 -0.0127113 -7.80749e-05
3.495 -0.0125697 -7.80678e-05
3.496 -0.0124267 -7.80602e-05
3.497 -0.0122823 -7.80547e-05
3.498 -0.0121365 -7.80528e-05
3.499 -0.0119894 -7.80543e-05
3.5 -0.0118409 -7.80577e-05
3.501 -0.0116912 -7.80612e-05
3.502 -0.0115401 -7.80634e-05
3.503 -0.0113879 -7.80636e-05
3.504 -0.0112343 -7.80626e-05
3.505 -0.0110796 -7.80613e-05
3.506 -0.0109237 -7.80605e-05
3.507 -0.0107667 -7.80604e-05
3.508 -0.0106085 -7.80607e-05
3.509 -0.0104492 -7.80605e-05
3.51 -0.0102889 -7.8059e-05
3.511 -0.0101275 -7.8056e-05
3.512 -0.0099651 -7.8052e-05
3.513 -0.0098017 -7.80478e-05
3.514 -0.00963733 -7.80441e-05
3.515 -0.00947203 -7.80416e-05
3.516 -0.0093058 -7.80403e-05
3.517 -0.0091387 -7.80396e-05
3.518 -0.00897073 -7.80389e-05
3.519 -0.00880193 -7.80372e-05
3.52 -0.00863232 -7.80341e-05
3.521 -0.00846194 -7.80294e-05
3.522 -0.0082908 -7.80235e-05
3.523 -0.00811893 -7.80172e-05
3.524 -0.00794637 -7.80115e-05
3.525 -0.00777314 -7.80072e-05
3.526 -0.00759927 -7.80048e-05
3.527 -0.00742478 -7.80038e-05
3.528 -0.00724971 -7.80033e-05
3.529 -0.00707407 -7.80018e-05
3.53 -0.0068979 -7.7998e-05
3.531 -0.00672122 -7.79917e-05
3.532 -0.00654407 -7.79835e-05
3.533 -0.00636646 -7.79751e-05
3.534 -0.00618844 -7.79687e-05
3.535 -0.00601002 -7.79658e-05
3.536 -0.00583123 -7.79666e-05
3.537 -0.00565211 -7.797e-05
3.538 -0.00547267 -7.79735e-05
3.539 -0.00529295 -7.7975e-05
3.54 -0.00511298 -7.79729e-05
3.541 -0.00493277 -7.79675e-05
3.542 -0.00475237 -7.79604e-05
3.543 -0.00457179 -7.79537e-05
3.544 -0.00439107 -7.79495e-05
3.545 -0.00421022 -7.79484e-05
3.546 -0.00402929 -7.79497e-05
3.547 -0.0038483 -7.79516e-05
3.548 -0.00366727 -7.79524e-05
3.549 -0.00348623 -7.7951e-05
3.55 -0.00330522 -7.79474e-05
3.551 -0.00312425 -7.79429e-05
3.552 -0.00294336 -7.79386e-05
3.553 -0.00276257 -7.79356e-05
3.554 -0.00258191 -7.79341e-05
3.555 -0.00240141 -7.79338e-05
3.556 -0.00222109 -7.79339e-05
3.557 -0.00204098 -7.79341e-05
3.558 -0.0018611 -7.79344e-05
3.559 -0.00168149 -7.7935e-05
3.56 -0.00150218 -7.79356e-05
3.561 -0.00132318 -7.79358e-05
3.562 -0.00114452 -7.79347e-05
3.563 -0.000966237 -7.79317e-05
3.564 -0.000788348 -7.79268e-05
3.565 -0.000610883 -7.79211e-05
3.566 -0.000433866 -7.79162e-05
3.567 -0.000257324 -7.79135e-05
3.568 -8.12828e-05 -7.79133e-05
3.569 9.42325e-05 -7.79146e-05
3.57 0.000269196 -7.79154e-05
3.571 0.000443583 -7.79136e-05
3.572 0.000617367 -7.7908e-05
3.573 0.000790524 -7.78996e-05
3.574 0.00096303 -7.78907e-05
3.575 0.00113486 -7.7884e-05
3.576 0.00130599 -7.78812e-05
3.577 0.00147639 -7.78824e-05
3.578 0.00164605 -7.78854e-05
3.579 0.00181493 -7.78873e-05
3.58 0.00198301 -7.7886e-05
3.581 0.00215027 -7.7881e-05
3.582 0.00231669 -7.7874e-05
3.583 0.00248225 -7.78678e-05
3.584 0.00264691 -7.78647e-05
3.585 0.00281065 -7.78654e-05
3.586 0.00297347 -7.78684e-05
3.587 0.00313532 -7.78708e-05
3.588 0.0032962 -7.78701e-05
3.589 0.00345607 -7.78653e-05
3.59 0.00361492 -7.78578e-05
3.591 0.00377273 -7.78504e-05
3.592 0.00392947 -7.78462e-05
3.593 0.00408513 -7.78464e-05
3.594 0.00423968 -7.78499e-05
3.595 0.0043931 -7.78539e-05
3.596 0.00454537 -7.78553e-05
3.597 0.00469648 -7.78527e-05
3.598 0.0048464 -7.78468e-05
3.599 0.00499511 -7.78403e-05
3.6 0.0051426 -7.78363e-05
3.601 0.00528884 -7.78362e-05
3.602 0.00543382 -7.78393e-05
3.603 0.00557752 -7.78425e-05
3.604 0.00571992 -7.78424e-05
3.605 0.005861 -7.7837e-05
3.606 0.00600075 -7.78271e-05
3.607 0.00613915 -7.78162e-05
3.608 0.00627618 -7.78087e-05
3.609 0.00641182 -7.78076e-05
3.61 0.00654607 -7.78129e-05
3.611 0.00667889 -7.78215e-05
3.612 0.00681029 -7.78282e-05
3.613 0.00694024 -7.78288e-05
3.614 0.00706872 -7.78216e-05
3.615 0.00719573 -7.78085e-05
3.616 0.00732124 -7.77941e-05
3.617 0.00744525 -7.77834e-05
3.618 0.00756774 -7.77796e-05
3.619 0.00768869 -7.77824e-05
3.62 0.0078081 -7.77887e-05
3.621 0.00792594 -7.77941e-05
3.622 0.00804222 -7.77952e-05
3.623 0.00815691 -7.77911e-05
3.624 0.00827 -7.77839e-05
3.625 0.00838148 -7.77769e-05
3.626 0.00849135 -7.77733e-05
3.627 0.00859958 -7.77742e-05
3.628 0.00870617 -7.77784e-05
3.629 0.00881111 -7.77828e-05
3.63 0.00891439 -7.77844e-05
3.631 0.00901599 -7.77816e-05
3.632 0.00911591 -7.77749e-05
3.633 0.00921414 -7.77667e-05
3.634 0.00931067 -7.776e-05
3.635 0.0094055 -7.77566e-05
3.636 0.0094986 -7.77567e-05
3.637 0.00958998 -7.77589e-05
3.638 0.00967963 -7.77608e-05
3.639 0.00976754 -7.77603e-05
3.64 0.00985371 -7.77566e-05
3.641 0.00993812 -7.77505e-05
3.642 0.0100208 -7.77436e-05
3.643 0.0101017 -7.77378e-05
3.644 0.0101808 -7.77343e-05
3.645 0.0102581 -7.77334e-05
3.646 0.0103337 -7.77343e-05
3.647 0.0104074 -7.77358e-05
3.648 0.0104794 -7.77368e-05
3.649 0.0105496 -7.77364e-05
3.65 0.010618 -7.77341e-05
3.651 0.0106845 -7.77301e-05
3.652 0.0107493 -7.7725e-05
3.653 0.0108123 -7.77195e-05
3.654 0.0108734 -7.77147e-05
3.655 0.0109328 -7.77114e-05
3.656 0.0109903 -7.77102e-05
3.657 0.011046 -7.7711e-05
3.658 0.0110998 -7.77131e-05
3.659 0.0111519 -7.77152e-05
3.66 0.0112021 -7.77159e-05
3.661 0.0112505 -7.77143e-05
3.662 0.0112971 -7.77105e-05
3.663 0.0113419 -7.77053e-05
3.664 0.0113848 -7.77005e-05
3.665 0.0114259 -7.76972e-05
3.666 0.0114652 -7.76963e-05
3.667 0.0115026 -7.76974e-05
3.668 0.0115383 -7.76994e-05
3.669 0.0115721 -7.77008e-05
3.67 0.0116041 -7.77005e-05
3.671 0.0116343 -7.76979e-05
3.672 0.0116626 -7.76937e-05
3.673 0.0116892 -7.76888e-05
3.674 0.0117139 -7.76844e-05
3.675 0.0117369 -7.76814e-05
3.676 0.011758 -7.768e-05
3.677 0.0117773 -7.768e-05
3.678 0.0117949 -7.76809e-05
3.679 0.0118106 -7.76819e-05
3.68 0.0118246 -7.76828e-05
3.681 0.0118367 -7.76833e-05
3.682 0.0118471 -7.76834e-05
3.683 0.0118557 -7.76831e-05
3.684 0.0118626 -7.76826e-05
3.685 0.0118676 -7.76819e-05
3.686 0.0118709 -7.76815e-05
3.687 0.0118725 -7.76817e-05
3.688 0.0118723 -7.76828e-05
3.689 0.0118704 -7.76848e-05
3.69 0.0118667 -7.76874e-05
3.691 0.0118613 -7.76899e-05
3.692 0.0118542 -7.76918e-05
3.693 0.0118454 -7.76926e-05
3.694 0.0118348 -7.76925e-05
3.695 0.0118226 -7.76919e-05
3.696 0.0118087 -7.76915e-05
3.697 0.011793 -7.7692e-05
3.698 0.0117758 -7.76937e-05
3.699 0.0117568 -7.76962e-05
3.7 0.0117362 -7.76989e-05
3.701 0.0117139 -7.77014e-05
3.702 0.0116899 -7.77032e-05
3.703 0.0116644 -7.77044e-05
3.704 0.0116372 -7.77053e-05
3.705 0.0116084 -7.77067e-05
3.706 0.011578 -7.7709e-05
3.707 0.011546 -7.77123e-05
3.708 0.0115124 -7.77165e-05
3.709 0.0114772 -7.77212e-05
3.71 0.0114405 -7.77259e-05
3.711 0.0114022 -7.77303e-05
3.712 0.0113623 -7.77339e-05
3.713 0.0113209 -7.77369e-05
3.714 0.011278 -7.77391e-05
3.715 0.0112336 -7.77407e-05
3.716 0.0111877 -7.77417e-05
3.717 0.0111402 -7.77424e-05
3.718 0.0110913 -7.77431e-05
3.719 0.011041 -7.7744e-05
3.72 0.0109891 -7.77456e-05
3.721 0.0109359 -7.77481e-05
3.722 0.0108811 -7.77514e-05
3.723 0.010825 -7.77556e-05
3.724 0.0107675 -7.77601e-05
3.725 0.0107085 -7.77643e-05
3.726 0.0106482 -7.77675e-05
3.727 0.0105865 -7.77692e-05
3.728 0.0105235 -7.7769e-05
3.729 0.0104591 -7.77672e-05
3.73 0.0103933 -7.77645e-05
3.731 0.0103263 -7.7762e-05
3.732 0.0102579 -7.77609e-05
3.733 0.0101883 -7.77621e-05
3.734 0.0101174 -7.77655e-05
3.735 0.0100452 -7.77705e-05
3.736 0.00997172 -7.77757e-05
3.737 0.00989704 -7.77794e-05
3.738 0.00982114 -7.77807e-05
3.739 0.00974403 -7.77797e-05
3.74 0.00966573 -7.77773e-05
3.741 0.00958624 -7.77755e-05
3.742 0.0095056 -7.77756e-05
3.743 0.0094238 -7.77784e-05
3.744 0.00934087 -7.7783e-05
3.745 0.00925681 -7.77877e-05
3.746 0.00917166 -7.77904e-05
3.747 0.00908541 -7.779e-05
3.748 0.00899809 -7.77868e-05
3.749 0.00890971 -7.77827e-05
3.75 0.00882029 -7.77802e-05
3.751 0.00872984 -7.77814e-05
3.752 0.00863838 -7.77867e-05
3.753 0.00854592 -7.77946e-05
3.754 0.00845249 -7.78024e-05
3.755 0.00835809 -7.7807e-05
3.756 0.00826274 -7.78071e-05
3.757 0.00816646 -7.78032e-05
3.758 0.00806927 -7.77983e-05
3.759 0.00797118 -7.77959e-05
3.76 0.0078722 -7.77985e-05
3.761 0.00777236 -7.78065e-05
3.762 0.00767167 -7.78177e-05
3.763 0.00757016 -7.78284e-05
3.764 0.00746782 -7.78347e-05
3.765 0.00736469 -7.78348e-05
3.766 0.00726078 -7.78294e-05
3.767 0.0071561 -7.78217e-05
3.768 0.00705068 -7.78159e-05
3.769 0.00694453 -7.7815e-05
3.77 0.00683767 -7.78199e-05
3.771 0.00673011 -7.78286e-05
3.772 0.00662188 -7.78377e-05
3.773 0.00651299 -7.78436e-05
3.774 0.00640345 -7.78444e-05
3.775 0.0062933 -7.78408e-05
3.776 0.00618253 -7.78354e-05
3.777 0.00607118 -7.78312e-05
3.778 0.00595926 -7.78308e-05
3.779 0.00584678 -7.78344e-05
3.78 0.00573377 -7.78404e-05
3.781 0.00562025 -7.78464e-05
3.782 0.00550622 -7.785e-05
3.783 0.00539172 -7.78506e-05
3.784 0.00527675 -7.78492e-05
3.785 0.00516134 -7.78477e-05
3.786 0.00504551 -7.78478e-05
3.787 0.00492926 -7.78503e-05
3.788 0.00481263 -7.78543e-05
3.789 0.00469563 -7.78581e-05
3.79 0.00457827 -7.78601e-05
3.791 0.00446058 -7.78597e-05
3.792 0.00434257 -7.7858e-05
3.793 0.00422427 -7.78567e-05
3.794 0.00410569 -7.78577e-05
3.795 0.00398685 -7.78617e-05
3.796 0.00386776 -7.78677e-05
3.797 0.00374846 -7.78739e-05
3.798 0.00362894 -7.78781e-05
3.799 0.00350924 -7.78791e-05
3.8 0.00338938 -7.78775e-05
3.801 0.00326936 -7.78751e-05
3.802 0.00314921 -7.78743e-05
3.803 0.00302895 -7.78764e-05
3.804 0.00290859 -7.78815e-05
3.805 0.00278816 -7.78878e-05
3.806 0.00266767 -7.78931e-05
3.807 0.00254714 -7.78955e-05
3.808 0.00242659 -7.78947e-05
3.809 0.00230604 -7.78919e-05
3.81 0.00218551 -7.78893e-05
3.811 0.00206501 -7.78887e-05
3.812 0.00194456 -7.7891e-05
3.813 0.00182418 -7.78954e-05
3.814 0.00170388 -7.79002e-05
3.815 0.0015837 -7.79034e-05
3.816 0.00146364 -7.79042e-05
3.817 0.00134372 -7.79031e-05
3.818 0.00122396 -7.79016e-05
3.819 0.00110438 -7.79012e-05
3.82 0.000985001 -7.79028e-05
3.821 0.000865831 -7.79061e-05
3.822 0.000746892 -7.79096e-05
3.823 0.000628203 -7.79118e-05
3.824 0.000509779 -7.79121e-05
3.825 0.00039164 -7.79111e-05
3.826 0.000273801 -7.79104e-05
3.827 0.00015628 -7.79117e-05
3.828 3.90952e-05 -7.79158e-05
3.829 -7.77377e-05 -7.79222e-05
3.83 -0.000194201 -7.79292e-05
3.831 -0.000310279 -7.79346e-05
3.832 -0.000425953 -7.7937e-05
3.833 -0.000541208 -7.79363e-05
3.834 -0.000656027 -7.79335e-05
3.835 -0.000770393 -7.79307e-05
3.836 -0.00088429 -7.79295e-05
3.837 -0.000997702 -7.79305e-05
3.838 -0.00111061 -7.79332e-05
3.839 -0.00122301 -7.79363e-05
3.84 -0.00133487 -7.79387e-05
3.841 -0.00144618 -7.79401e-05
3.842 -0.00155693 -7.79408e-05
3.843 -0.0016671 -7.79417e-05
3.844 -0.00177668 -7.79435e-05
3.845 -0.00188565 -7.79462e-05
3.846 -0.00199399 -7.7949e-05
3.847 -0.00210169 -7.79508e-05
3.848 -0.00220874 -7.79512e-05
3.849 -0.00231512 -7.79504e-05
3.85 -0.00242081 -7.79495e-05
3.851 -0.00252581 -7.79495e-05
3.852 -0.0026301 -7.79511e-05
3.853 -0.00273366 -7.79539e-05
3.854 -0.00283649 -7.79567e-05
3.855 -0.00293856 -7.79581e-05
3.856 -0.00303986 -7.79576e-05
3.857 -0.00314039 -7.79557e-05
3.858 -0.00324012 -7.79542e-05
3.859 -0.00333905 -7.79547e-05
3.86 -0.00343716 -7.7958e-05
3.861 -0.00353444 -7.79634e-05
3.862 -0.00363088 -7.79689e-05
3.863 -0.00372647 -7.79719e-05
3.864 -0.00382119 -7.79709e-05
3.865 -0.00391503 -7.79663e-05
3.866 -0.00400798 -7.79601e-05
3.867 -0.00410003 -7.79556e-05
3.868 -0.00419116 -7.79552e-05
3.869 -0.00428138 -7.79594e-05
3.87 -0.00437065 -7.79666e-05
3.871 -0.00445899 -7.79733e-05
3.872 -0.00454637 -7.79761e-05
3.873 -0.00463278 -7.79735e-05
3.874 -0.00471822 -7.79659e-05
3.875 -0.00480267 -7.79564e-05
3.876 -0.00488613 -7.79485e-05
3.877 -0.00496858 -7.79452e-05
3.878 -0.00505002 -7.79472e-05
3.879 -0.00513043 -7.79529e-05
3.88 -0.00520982 -7.79592e-05
3.881 -0.00528816 -7.7963e-05
3.882 -0.00536546 -7.79626e-05
3.883 -0.0054417 -7.79581e-05
3.884 -0.00551688 -7.79515e-05
3.885 -0.00559098 -7.79453e-05
3.886 -0.00566401 -7.79416e-05
3.887 -0.00573594 -7.7941e-05
3.888 -0.00580679 -7.79427e-05
3.889 -0.00587653 -7.79449e-05
3.89 -0.00594516 -7.7946e-05
3.891 -0.00601268 -7.79451e-05
3.892 -0.00607908 -7.79421e-05
3.893 -0.00614435 -7.79379e-05
3.894 -0.00620849 -7.79336e-05
3.895 -0.00627149 -7.79301e-05
3.896 -0.00633334 -7.79278e-05
3.897 -0.00639405 -7.79263e-05
3.898 -0.0064536 -7.79252e-05
3.899 -0.006512 -7.79238e-05
3.9 -0.00656923 -7.79217e-05
3.901 -0.00662529 -7.79189e-05
3.902 -0.00668018 -7.79158e-05
3.903 -0.00673389 -7.79128e-05
3.904 -0.00678642 -7.79105e-05
3.905 -0.00683777 -7.79092e-05
3.906 -0.00688793 -7.79089e-05
3.907 -0.0069369 -7.79093e-05
3.908 -0.00698468 -7.79097e-05
3.909 -0.00703126 -7.79093e-05
3.91 -0.00707664 -7.79076e-05
3.911 -0.00712082 -7.79048e-05
3.912 -0.0071638 -7.79015e-05
3.913 -0.00720557 -7.7899e-05
3.914 -0.00724614 -7.78981e-05
3.915 -0.00728549 -7.78991e-05
3.916 -0.00732364 -7.79014e-05
3.917 -0.00736057 -7.79035e-05
3.918 -0.00739629 -7.7904e-05
3.919 -0.0074308 -7.79018e-05
3.92 -0.00746409 -7.78976e-05
3.921 -0.00749617 -7.78926e-05
3.922 -0.00752703 -7.78888e-05
3.923 -0.00755667 -7.78877e-05
3.924 -0.0075851 -7.78895e-05
3.925 -0.00761232 -7.78929e-05
3.926 -0.00763832 -7.78961e-05
3.927 -0.00766311 -7.7897e-05
3.928 -0.00768668 -7.78951e-05
3.929 -0.00770904 -7.78911e-05
3.93 -0.00773019 -7.78869e-05
3.931 -0.00775013 -7.78844e-05
3.932 -0.00776886 -7.78844e-05
3.933 -0.00778639 -7.78861e-05
3.934 -0.00780271 -7.78878e-05
3.935 -0.00781782 -7.78874e-05
3.936 -0.00783173 -7.78842e-05
3.937 -0.00784445 -7.78788e-05
3.938 -0.00785597 -7.78734e-05
3.939 -0.00786629 -7.78704e-05
3.94 -0.00787542 -7.78711e-05
3.941 -0.00788337 -7.7875e-05
3.942 -0.00789013 -7.78796e-05
3.943 -0.00789571 -7.78823e-05
3.944 -0.00790011 -7.78809e-05
3.945 -0.00790334 -7.78752e-05
3.946 -0.00790539 -7.78673e-05
3.947 -0.00790628 -7.78601e-05
3.948 -0.007906 -7.78561e-05
3.949 -0.00790456 -7.78561e-05
3.95 -0.00790197 -7.7859e-05
3.951 -0.00789822 -7.7862e-05
3.952 -0.00789333 -7.78626e-05
3.953 -0.0078873 -7.78595e-05
3.954 -0.00788013 -7.78538e-05
3.955 -0.00787183 -7.78476e-05
3.956 -0.0078624 -7.78438e-05
3.957 -0.00785185 -7.78437e-05
3.958 -0.00784019 -7.78471e-05
3.959 -0.00782741 -7.7852e-05
3.96 -0.00781352 -7.78557e-05
3.961 -0.00779854 -7.78564e-05
3.962 -0.00778246 -7.78538e-05
3.963 -0.0077653 -7.78491e-05
3.964 -0.00774705 -7.78443e-05
3.965 -0.00772773 -7.78412e-05
3.966 -0.00770734 -7.78402e-05
3.967 -0.00768588 -7.78407e-05
3.968 -0.00766337 -7.78415e-05
3.969 -0.0076398 -7.78414e-05
3.97 -0.0076152 -7.78403e-05
3.971 -0.00758956 -7.78389e-05
3.972 -0.00756288 -7.7838e-05
3.973 -0.00753519 -7.7838e-05
3.974 -0.00750648 -7.78383e-05
3.975 -0.00747676 -7.78377e-05
3.976 -0.00744605 -7.78352e-05
3.977 -0.00741434 -7.78307e-05
3.978 -0.00738164 -7.78251e-05
3.979 -0.00734797 -7.78207e-05
3.98 -0.00731333 -7.78193e-05
3.981 -0.00727772 -7.78214e-05
3.982 -0.00724117 -7.78261e-05
3.983 -0.00720366 -7.78307e-05
3.984 -0.00716522 -7.78324e-05
3.985 -0.00712585 -7.78297e-05
3.986 -0.00708556 -7.78228e-05
3.987 -0.00704436 -7.78141e-05
3.988 -0.00700225 -7.7807e-05
3.989 -0.00695925 -7.78039e-05
3.99 -0.00691536 -7.78056e-05
3.991 -0.0068706 -7.78104e-05
3.992 -0.00682496 -7.78153e-05
3.993 -0.00677847 -7.78175e-05
3.994 -0.00673113 -7.78153e-05
3.995 -0.00668295 -7.78096e-05
3.996 -0.00663393 -7.78027e-05
3.997 -0.00658409 -7.77977e-05
3.998 -0.00653344 -7.77964e-05
3.999 -0.00648199 -7.77989e-05
4 -0.00642974 -7.78034e-05
4.001 -0.00637671 -7.78071e-05
4.002 -0.00632291 -7.78078e-05
4.003 -0.00626834 -7.78048e-05
4.004 -0.00621302 -7.77993e-05
4.005 -0.00615695 -7.77938e-05
4.006 -0.00610014 -7.77905e-05
4.007 -0.00604262 -7.77907e-05
4.008 -0.00598438 -7.77935e-05
4.009 -0.00592543 -7.77971e-05
4.01 -0.0058658 -7.77991e-05
4.011 -0.00580548 -7.77979e-05
4.012 -0.00574449 -7.77934e-05
4.013 -0.00568283 -7.77872e-05
4.014 -0.00562053 -7.77814e-05
4.015 -0.00555759 -7.77781e-05
4.016 -0.00549401 -7.77778e-05
4.017 -0.00542982 -7.778e-05
4.018 -0.00536502 -7.77829e-05
4.019 -0.00529962 -7.77844e-05
4.02 -0.00523364 -7.77835e-05
4.021 -0.00516708 -7.77801e-05
4.022 -0.00509996 -7.77755e-05
4.023 -0.00503229 -7.77712e-05
4.024 -0.00496408 -7.77686e-05
4.025 -0.00489533 -7.77683e-05
4.026 -0.00482607 -7.77697e-05
4.027 -0.0047563 -7.77716e-05
4.028 -0.00468604 -7.77728e-05
4.029 -0.00461529 -7.77724e-05
4.03 -0.00454407 -7.77707e-05
4.031 -0.00447239 -7.77683e-05
4.032 -0.00440026 -7.77664e-05
4.033 -0.00432769 -7.77657e-05
4.034 -0.0042547 -7.77664e-05
4.035 -0.00418129 -7.77676e-05
4.036 -0.00410748 -7.77685e-05
4.037 -0.00403328 -7.7768e-05
4.038 -0.00395871 -7.77658e-05
4.039 -0.00388376 -7.77622e-05
4.04 -0.00380846 -7.77584e-05
4.041 -0.00373282 -7.77555e-05
4.042 -0.00365685 -7.77544e-05
4.043 -0.00358057 -7.77553e-05
4.044 -0.00350397 -7.77576e-05
4.045 -0.00342708 -7.77602e-05
4.046 -0.00334991 -7.77618e-05
4.047 -0.00327247 -7.77617e-05
4.048 -0.00319477 -7.776e-05
4.049 -0.00311683 -7.77573e-05
4.05 -0.00303865 -7.77548e-05
4.051 -0.00296025 -7.77533e-05
4.052 -0.00288165 -7.77535e-05
4.053 -0.00280284 -7.77551e-05
4.054 -0.00272386 -7.77575e-05
4.055 -0.0026447 -7.77595e-05
4.056 -0.00256538 -7.77603e-05
4.057 -0.00248592 -7.77595e-05
4.058 -0.00240632 -7.77574e-05
4.059 -0.00232659 -7.77549e-05
4.06 -0.00224676 -7.77533e-05
4.061 -0.00216683 -7.77533e-05
4.062 -0.00208681 -7.77556e-05
4.063 -0.00200672 -7.77598e-05
4.064 -0.00192657 -7.77649e-05
4.065 -0.00184636 -7.77696e-05
4.066 -0.00176613 -7.77725e-05
4.067 -0.00168586 -7.7773e-05
4.068 -0.00160559 -7.77713e-05
4.069 -0.00152531 -7.77684e-05
4.07 -0.00144505 -7.77656e-05
4.071 -0.00136481 -7.77642e-05
4.072 -0.00128461 -7.77651e-05
4.073 -0.00120445 -7.77679e-05
4.074 -0.00112436 -7.7772e-05
4.075 -0.00104433 -7.77761e-05
4.076 -0.000964396 -7.77791e-05
4.077 -0.000884554 -7.77807e-05
4.078 -0.000804821 -7.77809e-05
4.079 -0.000725208 -7.77805e-05
4.08 -0.000645727 -7.77802e-05
4.081 -0.000566389 -7.77807e-05
4.082 -0.000487207 -7.77819e-05
4.083 -0.000408192 -7.77837e-05
4.084 -0.000329355 -7.77858e-05
4.085 -0.000250708 -7.77879e-05
4.086 -0.000172264 -7.77901e-05
4.087 -9.40328e-05 -7.77926e-05
4.088 -1.60267e-05 -7.77954e-05
4.089 6.17433e-05 -7.7798e-05
4.09 0.000139266 -7.78e-05
4.091 0.00021653 -7.78008e-05
4.092 0.000293524 -7.78003e-05
4.093 0.000370238 -7.7799e-05
4.094 0.00044666 -7.77979e-05
4.095 0.00052278 -7.7798e-05
4.096 0.000598586 -7.77998e-05
4.097 0.000674068 -7.78029e-05
4.098 0.000749216 -7.7806e-05
4.099 0.000824018 -7.78077e-05
4.1 0.000898464 -7.78072e-05
4.101 0.000972543 -7.78047e-05
4.102 0.00104625 -7.78017e-05
4.103 0.00111956 -7.78e-05
4.104 0.00119248 -7.78011e-05
4.105 0.00126499 -7.78049e-05
4.106 0.00133708 -7.78101e-05
4.107 0.00140875 -7.78142e-05
4.108 0.00147998 -7.78154e-05
4.109 0.00155076 -7.7813e-05
4.11 0.00162109 -7.78082e-05
4.111 0.00169095 -7.78038e-05
4.112 0.00176034 -7.78022e-05
4.113 0.00182924 -7.7805e-05
4.114 0.00189765 -7.78112e-05
4.115 0.00196556 -7.78184e-05
4.116 0.00203296 -7.78233e-05
4.117 0.00209984 -7.78237e-05
4.118 0.00216618 -7.78198e-05
4.119 0.002232 -7.78138e-05
4.12 0.00229726 -7.7809e-05
4.121 0.00236197 -7.78082e-05
4.122 0.00242612 -7.78122e-05
4.123 0.0024897 -7.78192e-05
4.124 0.00255271 -7.78261e-05
4.125 0.00261512 -7.78299e-05
4.126 0.00267695 -7.78291e-05
4.127 0.00273817 -7.78249e-05
4.128 0.00279878 -7.78202e-05
4.129 0.00285878 -7.78182e-05
4.13 0.00291815 -7.78207e-05
4.131 0.0029769 -7.78271e-05
4.132 0.003035 -7.78346e-05
4.133 0.00309247 -7.784e-05
4.134 0.00314928 -7.78409e-05
4.135 0.00320543 -7.78373e-05
4.136 0.00326093 -7.78316e-05
4.137 0.00331575 -7.78272e-05
4.138 0.0033699 -7.78268e-05
4.139 0.00342336 -7.78312e-05
4.14 0.00347614 -7.78387e-05
4.141 0.00352822 -7.78461e-05
4.142 0.00357961 -7.78504e-05
4.143 0.00363029 -7.78501e-05
4.144 0.00368026 -7.78462e-05
4.145 0.00372952 -7.7841e-05
4.146 0.00377806 -7.78374e-05
4.147 0.00382587 -7.78373e-05
4.148 0.00387295 -7.78405e-05
4.149 0.0039193 -7.78455e-05
4.15 0.00396491 -7.78497e-05
4.151 0.00400978 -7.78516e-05
4.152 0.0040539 -7.78508e-05
4.153 0.00409727 -7.78483e-05
4.154 0.00413989 -7.78457e-05
4.155 0.00418174 -7.78443e-05
4.156 0.00422284 -7.78448e-05
4.157 0.00426317 -7.78466e-05
4.158 0.00430273 -7.78488e-05
4.159 0.00434151 -7.78507e-05
4.16 0.00437952 -7.78524e-05
4.161 0.00441676 -7.78541e-05
4.162 0.00445321 -7.78565e-05
4.163 0.00448888 -7.78595e-05
4.164 0.00452376 -7.78624e-05
4.165 0.00455785 -7.78643e-05
4.166 0.00459115 -7.78642e-05
4.167 0.00462366 -7.78622e-05
4.168 0.00465538 -7.78594e-05
4.169 0.0046863 -7.78572e-05
4.17 0.00471641 -7.78571e-05
4.171 0.00474573 -7.78595e-05
4.172 0.00477425 -7.78637e-05
4.173 0.00480196 -7.78682e-05
4.174 0.00482887 -7.78716e-05
4.175 0.00485497 -7.78727e-05
4.176 0.00488027 -7.78721e-05
4.177 0.00490476 -7.78706e-05
4.178 0.00492844 -7.78696e-05
4.179 0.00495131 -7.787e-05
4.18 0.00497338 -7.78718e-05
4.181 0.00499464 -7.78742e-05
4.182 0.00501508 -7.78761e-05
4.183 0.00503472 -7.7877e-05
4.184 0.00505355 -7.7877e-05
4.185 0.00507157 -7.78766e-05
4.186 0.00508878 -7.78767e-05
4.187 0.00510518 -7.78776e-05
4.188 0.00512077 -7.78791e-05
4.189 0.00513555 -7.78804e-05
4.19 0.00514953 -7.78811e-05
4.191 0.00516271 -7.7881e-05
4.192 0.00517507 -7.78805e-05
4.193 0.00518664 -7.78805e-05
4.194 0.0051974 -7.78816e-05
4.195 0.00520736 -7.78838e-05
4.196 0.00521652 -7.78862e-05
4.197 0.00522489 -7.7888e-05
4.198 0.00523245 -7.78882e-05
4.199 0.00523922 -7.78872e-05
4.2 0.0052452 -7.78858e-05
4.201 0.00525039 -7.78854e-05
4.202 0.00525479 -7.78872e-05
4.203 0.0052584 -7.78911e-05
4.204 0.00526123 -7.78959e-05
4.205 0.00526327 -7.79e-05
4.206 0.00526454 -7.79017e-05
4.207 0.00526502 -7.79004e-05
4.208 0.00526474 -7.78971e-05
4.209 0.00526368 -7.78937e-05
4.21 0.00526185 -7.78922e-05
4.211 0.00525925 -7.78937e-05
4.212 0.0052559 -7.78977e-05
4.213 0.00525178 -7.79027e-05
4.214 0.0052469 -7.79063e-05
4.215 0.00524128 -7.79071e-05
4.216 0.0052349 -7.7905e-05
4.217 0.00522778 -7.79011e-05
4.218 0.00521991 -7.78978e-05
4.219 0.00521131 -7.78968e-05
4.22 0.00520196 -7.78989e-05
4.221 0.00519189 -7.79033e-05
4.222 0.00518109 -7.79079e-05
4.223 0.00516956 -7.79107e-05
4.224 0.00515731 -7.79103e-05
4.225 0.00514435 -7.79072e-05
4.226 0.00513067 -7.79029e-05
4.227 0.00511629 -7.78998e-05
4.228 0.00510121 -7.78997e-05
4.229 0.00508543 -7.7903e-05
4.23 0.00506895 -7.79086e-05
4.231 0.00505178 -7.79142e-05
4.232 0.00503393 -7.79176e-05
4.233 0.0050154 -7.79174e-05
4.234 0.00499619 -7.79138e-05
4.235 0.00497631 -7.79083e-05
4.236 0.00495577 -7.79034e-05
4.237 0.00493457 -7.79012e-05
4.238 0.00491271 -7.79026e-05
4.239 0.0048902 -7.79067e-05
4.24 0.00486705 -7.79117e-05
4.241 0.00484325 -7.79153e-05
4.242 0.00481883 -7.79159e-05
4.243 0.00479377 -7.79132e-05
4.244 0.00476809 -7.79083e-05
4.245 0.00474179 -7.79032e-05
4.246 0.00471488 -7.78998e-05
4.247 0.00468736 -7.78993e-05
4.248 0.00465924 -7.79013e-05
4.249 0.00463053 -7.79045e-05
4.25 0.00460123 -7.79071e-05
4.251 0.00457134 -7.79078e-05
4.252 0.00454088 -7.79061e-05
4.253 0.00450984 -7.7903e-05
4.254 0.00447824 -7.78997e-05
4.255 0.00444608 -7.78974e-05
4.256 0.00441337 -7.78966e-05
4.257 0.00438011 -7.78969e-05
4.258 0.00434631 -7.7897e-05
4.259 0.00431198 -7.78961e-05
4.26 0.00427712 -7.78938e-05
4.261 0.00424174 -7.78908e-05
4.262 0.00420584 -7.78883e-05
4.263 0.00416944 -7.78875e-05
4.264 0.00413253 -7.78888e-05
4.265 0.00409513 -7.78915e-05
4.266 0.00405724 -7.78939e-05
4.267 0.00401887 -7.78945e-05
4.268 0.00398003 -7.78923e-05
4.269 0.00394072 -7.7888e-05
4.27 0.00390094 -7.78829e-05
4.271 0.00386072 -7.7879e-05
4.272 0.00382005 -7.78776e-05
4.273 0.00377893 -7.78786e-05
4.274 0.00373739 -7.78809e-05
4.275 0.00369542 -7.78825e-05
4.276 0.00365303 -7.78821e-05
4.277 0.00361023 -7.78793e-05
4.278 0.00356703 -7.78751e-05
4.279 0.00352343 -7.78713e-05
4.28 0.00347944 -7.78695e-05
4.281 0.00343507 -7.78703e-05
4.282 0.00339033 -7.78731e-05
4.283 0.00334522 -7.78762e-05
4.284 0.00329975 -7.7878e-05
4.285 0.00325393 -7.78776e-05
4.286 0.00320776 -7.78752e-05
4.287 0.00316126 -7.78721e-05
4.288 0.00311443 -7.78697e-05
4.289 0.00306728 -7.78689e-05
4.29 0.00301981 -7.78697e-05
4.291 0.00297204 -7.78711e-05
4.292 0.00292397 -7.78721e-05
4.293 0.00287561 -7.78721e-05
4.294 0.00282697 -7.7871e-05
4.295 0.00277805 -7.78696e-05
4.296 0.00272887 -7.78688e-05
4.297 0.00267942 -7.78688e-05
4.298 0.00262973 -7.78692e-05
4.299 0.0025798 -7.78692e-05
4.3 0.00252962 -7.78682e-05
4.301 0.00247923 -7.7866e-05
4.302 0.00242861 -7.78636e-05
4.303 0.00237778 -7.7862e-05
4.304 0.00232675 -7.78619e-05
4.305 0.00227553 -7.78634e-05
4.306 0.00222412 -7.78652e-05
4.307 0.00217253 -7.7866e-05
4.308 0.00212076 -7.78647e-05
4.309 0.00206884 -7.78613e-05
4.31 0.00201676 -7.78573e-05
4.311 0.00196454 -7.78546e-05
4.312 0.00191218 -7.78545e-05
4.313 0.00185969 -7.78572e-05
4.314 0.00180708 -7.78611e-05
4.315 0.00175435 -7.78638e-05
4.316 0.00170152 -7.7863e-05
4.317 0.00164859 -7.78584e-05
4.318 0.00159557 -7.78514e-05
4.319 0.00154248 -7.78447e-05
4.32 0.00148931 -7.78414e-05
4.321 0.00143607 -7.78428e-05
4.322 0.00138278 -7.78481e-05
4.323 0.00132944 -7.78545e-05
4.324 0.00127606 -7.78587e-05
4.325 0.00122265 -7.78582e-05
4.326 0.00116922 -7.7853e-05
4.327 0.00111577 -7.78452e-05
4.328 0.00106231 -7.78382e-05
4.329 0.00100886 -7.7835e-05
4.33 0.000955412 -7.78366e-05
4.331 0.000901983 -7.78416e-05
4.332 0.000848579 -7.78473e-05
4.333 0.000795208 -7.78507e-05
4.334 0.000741878 -7.78501e-05
4.335 0.000688597 -7.78462e-05
4.336 0.000635373 -7.7841e-05
4.337 0.000582214 -7.78371e-05
4.338 0.000529128 -7.78362e-05
4.339 0.000476123 -7.78383e-05
4.34 0.000423207 -7.78417e-05
4.341 0.000370388 -7.7844e-05
4.342 0.000317673 -7.78438e-05
4.343 0.000265071 -7.78409e-05
4.344 0.000212589 -7.78368e-05
4.345 0.000160234 -7.78334e-05
4.346 0.000108015 -7.78325e-05
4.347 5.59383e-05 -7.78342e-05
4.348 4.01236e-06 -7.78373e-05
4.349 -4.77556e-05 -7.78398e-05
4.35 -9.9358e-05 -7.784e-05
4.351 -0.000150787 -7.78372e-05
4.352 -0.000202036 -7.78323e-05
4.353 -0.000253097 -7.78272e-05
4.354 -0.000303963 -7.78238e-05
4.355 -0.000354627 -7.78231e-05
4.356 -0.000405081 -7.78248e-05
4.357 -0.000455318 -7.78277e-05
4.358 -0.000505331 -7.783e-05
4.359 -0.000555113 -7.78305e-05
4.36 -0.000604658 -7.78289e-05
4.361 -0.000653957 -7.78261e-05
4.362 -0.000703005 -7.78232e-05
4.363 -0.000751794 -7.78214e-05
4.364 -0.000800318 -7.78211e-05
4.365 -0.00084857 -7.7822e-05
4.366 -0.000896543 -7.78234e-05
4.367 -0.000944231 -7.78243e-05
4.368 -0.000991628 -7.78241e-05
4.369 -0.00103873 -7.78228e-05
4.37 -0.00108552 -7.78207e-05
4.371 -0.001132 -7.78184e-05
4.372 -0.00117817 -7.78164e-05
4.373 -0.00122401 -7.78151e-05
4.374 -0.00126953 -7.78146e-05
4.375 -0.00131471 -7.78148e-05
4.376 -0.00135955 -7.78156e-05
4.377 -0.00140404 -7.78165e-05
4.378 -0.00144818 -7.78173e-05
4.379 -0.00149196 -7.78174e-05
4.38 -0.00153537 -7.78169e-05
4.381 -0.00157842 -7.78156e-05
4.382 -0.00162109 -7.78138e-05
4.383 -0.00166338 -7.78121e-05
4.384 -0.00170529 -7.78108e-05
4.385 -0.0017468 -7.78101e-05
4.386 -0.00178792 -7.78101e-05
4.387 -0.00182864 -7.78103e-05
4.388 -0.00186895 -7.78103e-05
4.389 -0.00190885 -7.78098e-05
4.39 -0.00194834 -7.78086e-05
4.391 -0.00198741 -7.78068e-05
4.392 -0.00202605 -7.78048e-05
4.393 -0.00206426 -7.7803e-05
4.394 -0.00210204 -7.78018e-05
4.395 -0.00213938 -7.78015e-05
4.396 -0.00217628 -7.7802e-05
4.397 -0.00221273 -7.78032e-05
4.398 -0.00224873 -7.78045e-05
4.399 -0.00228427 -7.78055e-05
4.4 -0.00231936 -7.78055e-05
4.401 -0.00235399 -7.78044e-05
4.402 -0.00238815 -7.7802e-05
4.403 -0.00242184 -7.7799e-05
4.404 -0.00245505 -7.77963e-05
4.405 -0.0024878 -7.77949e-05
4.406 -0.00252006 -7.77957e-05
4.407 -0.00255184 -7.77984e-05
4.408 -0.00258313 -7.78021e-05
4.409 -0.00261393 -7.78053e-05
4.41 -0.00264424 -7.78064e-05
4.411 -0.00267406 -7.78047e-05
4.412 -0.00270338 -7.78006e-05
4.413 -0.00273219 -7.77957e-05
4.414 -0.00276051 -7.7792e-05
4.415 -0.00278832 -7.7791e-05
4.416 -0.00281562 -7.77931e-05
4.417 -0.00284241 -7.77969e-05
4.418 -0.00286869 -7.78006e-05
4.419 -0.00289445 -7.78021e-05
4.42 -0.0029197 -7.78007e-05
4.421 -0.00294443 -7.77972e-05
4.422 -0.00296863 -7.77934e-05
4.423 -0.00299232 -7.77914e-05
4.424 -0.00301548 -7.77925e-05
4.425 -0.00303812 -7.77961e-05
4.426 -0.00306023 -7.78005e-05
4.427 -0.00308181 -7.78033e-05
4.428 -0.00310286 -7.7803e-05
4.429 -0.00312338 -7.77997e-05
4.43 -0.00314336 -7.77953e-05
4.431 -0.00316282 -7.77923e-05
4.432 -0.00318174 -7.77927e-05
4.433 -0.00320013 -7.77968e-05
4.434 -0.00321798 -7.78031e-05
4.435 -0.00323529 -7.78087e-05
4.436 -0.00325207 -7.78112e-05
4.437 -0.00326831 -7.78094e-05
4.438 -0.00328401 -7.78047e-05
4.439 -0.00329917 -7.77994e-05
4.44 -0.00331379 -7.77966e-05
4.441 -0.00332788 -7.77978e-05
4.442 -0.00334142 -7.78027e-05
4.443 -0.00335443 -7.78091e-05
4.444 -0.0033669 -7.78141e-05
4.445 -0.00337883 -7.78156e-05
4.446 -0.00339022 -7.78135e-05
4.447 -0.00340107 -7.78094e-05
4.448 -0.00341138 -7.78058e-05
4.449 -0.00342116 -7.78049e-05
4.45 -0.0034304 -7.78075e-05
4.451 -0.0034391 -7.78122e-05
4.452 -0.00344726 -7.78171e-05
4.453 -0.0034549 -7.782e-05
4.454 -0.00346199 -7.782e-05
4.455 -0.00346856 -7.78177e-05
4.456 -0.00347459 -7.78149e-05
4.457 -0.00348009 -7.78133e-05
4.458 -0.00348506 -7.7814e-05
4.459 -0.00348949 -7.78165e-05
4.46 -0.00349341 -7.78194e-05
4.461 -0.00349679 -7.78215e-05
4.462 -0.00349965 -7.78219e-05
4.463 -0.00350199 -7.78211e-05
4.464 -0.0035038 -7.78203e-05
4.465 -0.00350509 -7.78206e-05
4.466 -0.00350587 -7.78224e-05
4.467 -0.00350613 -7.78251e-05
4.468 -0.00350587 -7.78274e-05
4.469 -0.00350509 -7.7828e-05
4.47 -0.00350381 -7.78265e-05
4.471 -0.00350201 -7.78238e-05
4.472 -0.00349971 -7.78214e-05
4.473 -0.0034969 -7.78207e-05
4.474 -0.00349359 -7.78224e-05
4.475 -0.00348978 -7.78258e-05
4.476 -0.00348546 -7.78292e-05
4.477 -0.00348065 -7.78308e-05
4.478 -0.00347535 -7.78297e-05
4.479 -0.00346955 -7.78264e-05
4.48 -0.00346327 -7.78224e-05
4.481 -0.0034565 -7.78197e-05
4.482 -0.00344924 -7.78199e-05
4.483 -0.0034415 -7.78229e-05
4.484 -0.00343328 -7.78277e-05
4.485 -0.00342459 -7.78323e-05
4.486 -0.00341542 -7.78351e-05
4.487 -0.00340578 -7.78353e-05
4.488 -0.00339567 -7.78333e-05
4.489 -0.0033851 -7.78304e-05
4.49 -0.00337407 -7.78281e-05
4.491 -0.00336257 -7.78275e-05
4.492 -0.00335063 -7.78287e-05
4.493 -0.00333823 -7.78311e-05
4.494 -0.00332538 -7.78337e-05
4.495 -0.00331208 -7.78354e-05
4.496 -0.00329834 -7.7836e-05
4.497 -0.00328416 -7.78356e-05
4.498 -0.00326955 -7.78349e-05
4.499 -0.00325451 -7.78344e-05
4.5 -0.00323903 -7.78347e-05
4.501 -0.00322313 -7.78359e-05
4.502 -0.00320681 -7.78377e-05
4.503 -0.00319007 -7.78397e-05
4.504 -0.00317291 -7.78413e-05
4.505 -0.00315534 -7.78421e-05
4.506 -0.00313737 -7.78417e-05
4.507 -0.00311899 -7.78405e-05
4.508 -0.00310022 -7.7839e-05
4.509 -0.00308104 -7.78381e-05
4.51 -0.00306148 -7.78385e-05
4.511 -0.00304153 -7.78405e-05
4.512 -0.00302119 -7.78439e-05
4.513 -0.00300047 -7.78475e-05
4.514 -0.00297938 -7.78501e-05
4.515 -0.00295792 -7.78506e-05
4.516 -0.00293609 -7.78487e-05
4.517 -0.00291389 -7.78452e-05
4.518 -0.00289134 -7.78418e-05
4.519 -0.00286843 -7.78401e-05
4.52 -0.00284517 -7.78412e-05
4.521 -0.00282156 -7.78448e-05
4.522 -0.00279761 -7.78493e-05
4.523 -0.00277333 -7.78528e-05
4.524 -0.00274871 -7.78537e-05
4.525 -0.00272376 -7.78517e-05
4.526 -0.00269849 -7.78479e-05
4.527 -0.00267289 -7.78444e-05
4.528 -0.00264699 -7.78431e-05
4.529 -0.00262077 -7.78447e-05
4.53 -0.00259424 -7.78487e-05
4.531 -0.00256742 -7.78532e-05
4.532 -0.0025403 -7.78563e-05
4.533 -0.00251288 -7.78566e-05
4.534 -0.00248518 -7.78545e-05
4.535 -0.00245719 -7.78515e-05
4.536 -0.00242893 -7.78495e-05
4.537 -0.0024004 -7.78498e-05
4.538 -0.00237159 -7.78524e-05
4.539 -0.00234253 -7.78561e-05
4.54 -0.0023132 -7.7859e-05
4.541 -0.00228362 -7.78598e-05
4.542 -0.0022538 -7.78587e-05
4.543 -0.00222372 -7.78567e-05
4.544 -0.00219342 -7.78556e-05
4.545 -0.00216287 -7.78566e-05
4.546 -0.0021321 -7.78596e-05
4.547 -0.00210111 -7.78633e-05
4.548 -0.00206989 -7.78656e-05
4.549 -0.00203847 -7.78653e-05
4.55 -0.00200683 -7.78624e-05
4.551 -0.001975 -7.78583e-05
4.552 -0.00194296 -7.78555e-05
4.553 -0.00191073 -7.78556e-05
4.554 -0.00187832 -7.78591e-05
4.555 -0.00184572 -7.78645e-05
4.556 -0.00181295 -7.78694e-05
4.557 -0.00178 -7.78714e-05
4.558 -0.00174689 -7.78697e-05
4.559 -0.00171362 -7.78652e-05
4.56 -0.00168019 -7.78604e-05
4.561 -0.00164661 -7.78578e-05
4.562 -0.00161289 -7.78589e-05
4.563 -0.00157902 -7.78634e-05
4.564 -0.00154502 -7.78693e-05
4.565 -0.0015109 -7.78738e-05
4.566 -0.00147665 -7.78751e-05
4.567 -0.00144228 -7.7873e-05
4.568 -0.0014078 -7.78688e-05
4.569 -0.00137321 -7.78651e-05
4.57 -0.00133852 -7.78637e-05
4.571 -0.00130373 -7.78655e-05
4.572 -0.00126885 -7.78695e-05
4.573 -0.00123389 -7.78737e-05
4.574 -0.00119884 -7.78761e-05
4.575 -0.00116372 -7.78758e-05
4.576 -0.00112853 -7.78734e-05
4.577 -0.00109328 -7.78703e-05
4.578 -0.00105797 -7.78685e-05
4.579 -0.0010226 -7.78689e-05
4.58 -0.000987191 -7.78717e-05
4.581 -0.000951737 -7.78756e-05
4.582 -0.000916246 -7.78792e-05
4.583 -0.000880724 -7.78811e-05
4.584 -0.000845176 -7.78811e-05
4.585 -0.000809608 -7.78796e-05
4.586 -0.000774025 -7.78774e-05
4.587 -0.000738432 -7.78755e-05
4.588 -0.000702835 -7.78744e-05
4.589 -0.000667239 -7.78743e-05
4.59 -0.00063165 -7.78748e-05
4.591 -0.000596073 -7.78758e-05
4.592 -0.000560513 -7.7877e-05
4.593 -0.000524976 -7.78782e-05
4.594 -0.000489467 -7.78794e-05
4.595 -0.000453991 -7.78802e-05
4.596 -0.000418554 -7.78803e-05
4.597 -0.000383161 -7.78795e-05
4.598 -0.000347817 -7.78781e-05
4.599 -0.000312528 -7.78767e-05
4.6 -0.000277299 -7.78761e-05
4.601 -0.000242135 -7.78767e-05
4.602 -0.000207041 -7.78784e-05
4.603 -0.000172022 -7.78806e-05
4.604 -0.000137084 -7.78821e-05
4.605 -0.000102231 -7.78824e-05
4.606 -6.74695e-05 -7.78812e-05
4.607 -3.28033e-05 -7.78792e-05
4.608 1.76204e-06 -7.78775e-05
4.609 3.62216e-05 -7.7877e-05
4.61 7.05703e-05 -7.78778e-05
4.611 0.000104803 -7.78794e-05
4.612 0.000138915 -7.78808e-05
4.613 0.000172901 -7.78809e-05
4.614 0.000206757 -7.78795e-05
4.615 0.000240477 -7.78773e-05
4.616 0.000274057 -7.78755e-05
4.617 0.000307492 -7.7875e-05
4.618 0.000340778 -7.78761e-05
4.619 0.000373909 -7.7878e-05
4.62 0.000406881 -7.78791e-05
4.621 0.00043969 -7.78784e-05
4.622 0.00047233 -7.78755e-05
4.623 0.000504798 -7.78714e-05
4.624 0.000537089 -7.7868e-05
4.625 0.000569198 -7.78669e-05
4.626 0.00060112 -7.78688e-05
4.627 0.000632853 -7.78728e-05
4.628 0.00066439 -7.78768e-05
4.629 0.000695729 -7.78785e-05
4.63 0.000726865 -7.78767e-05
4.631 0.000757793 -7.78718e-05
4.632 0.000788509 -7.78659e-05
4.633 0.00081901 -7.78616e-05
4.634 0.000849291 -7.78608e-05
4.635 0.000879349 -7.78636e-05
4.636 0.000909178 -7.78684e-05
4.637 0.000938777 -7.78725e-05
4.638 0.00096814 -7.78735e-05
4.639 0.000997264 -7.78709e-05
4.64 0.00102614 -7.78656e-05
4.641 0.00105478 -7.78601e-05
4.642 0.00108316 -7.78569e-05
4.643 0.00111129 -7.78574e-05
4.644 0.00113917 -7.7861e-05
4.645 0.00116678 -7.78655e-05
4.646 0.00119413 -7.78686e-05
4.647 0.00122121 -7.78683e-05
4.648 0.00124802 -7.78648e-05
4.649 0.00127456 -7.78597e-05
4.65 0.00130082 -7.78553e-05
4.651 0.0013268 -7.78534e-05
4.652 0.0013525 -7.78548e-05
4.653 0.00137791 -7.78583e-05
4.654 0.00140303 -7.7862e-05
4.655 0.00142786 -7.7864e-05
4.656 0.00145239 -7.78636e-05
4.657 0.00147663 -7.78611e-05
4.658 0.00150056 -7.78579e-05
4.659 0.00152419 -7.78555e-05
4.66 0.00154752 -7.78547e-05
4.661 0.00157054 -7.78555e-05
4.662 0.00159325 -7.78569e-05
4.663 0.00161565 -7.7858e-05
4.664 0.00163773 -7.78581e-05
4.665 0.00165949 -7.78574e-05
4.666 0.00168093 -7.78567e-05
4.667 0.00170205 -7.78565e-05
4.668 0.00172285 -7.78571e-05
4.669 0.00174332 -7.78582e-05
4.67 0.00176346 -7.78589e-05
4.671 0.00178328 -7.78586e-05
4.672 0.00180276 -7.78572e-05
4.673 0.00182191 -7.78551e-05
4.674 0.00184072 -7.78531e-05
4.675 0.00185919 -7.7852e-05
4.676 0.00187733 -7.78519e-05
4.677 0.00189513 -7.78525e-05
4.678 0.00191258 -7.7853e-05
4.679 0.0019297 -7.78529e-05
4.68 0.00194647 -7.78521e-05
4.681 0.00196289 -7.78509e-05
4.682 0.00197897 -7.78501e-05
4.683 0.00199469 -7.78501e-05
4.684 0.00201007 -7.78506e-05
4.685 0.0020251 -7.7851e-05
4.686 0.00203978 -7.78508e-05
4.687 0.0020541 -7.78494e-05
4.688 0.00206808 -7.78474e-05
4.689 0.0020817 -7.78457e-05
4.69 0.00209496 -7.78454e-05
4.691 0.00210787 -7.78466e-05
4.692 0.00212043 -7.78488e-05
4.693 0.00213262 -7.78508e-05
4.694 0.00214447 -7.78509e-05
4.695 0.00215595 -7.78486e-05
4.696 0.00216707 -7.78445e-05
4.697 0.00217784 -7.78401e-05
4.698 0.00218825 -7.78374e-05
4.699 0.0021983 -7.78378e-05
4.7 0.00220799 -7.78412e-05
4.701 0.00221733 -7.78458e-05
4.702 0.0022263 -7.78495e-05
4.703 0.00223491 -7.78501e-05
4.704 0.00224317 -7.78473e-05
4.705 0.00225107 -7.78422e-05
4.706 0.00225861 -7.78372e-05
4.707 0.00226578 -7.78347e-05
4.708 0.00227261 -7.78359e-05
4.709 0.00227907 -7.78399e-05
4.71 0.00228518 -7.78448e-05
4.711 0.00229092 -7.78478e-05
4.712 0.00229632 -7.78474e-05
4.713 0.00230135 -7.78438e-05
4.714 0.00230603 -7.78385e-05
4.715 0.00231035 -7.78341e-05
4.716 0.00231432 -7.78327e-05
4.717 0.00231794 -7.78346e-05
4.718 0.0023212 -7.78387e-05
4.719 0.00232411 -7.78426e-05
4.72 0.00232667 -7.78443e-05
4.721 0.00232888 -7.7843e-05
4.722 0.00233074 -7.78391e-05
4.723 0.00233225 -7.78347e-05
4.724 0.00233341 -7.78317e-05
4.725 0.00233423 -7.78311e-05
4.726 0.0023347 -7.78327e-05
4.727 0.00233482 -7.78351e-05
4.728 0.0023346 -7.78366e-05
4.729 0.00233404 -7.78363e-05
4.73 0.00233314 -7.78343e-05
4.731 0.0023319 -7.78317e-05
4.732 0.00233032 -7.78299e-05
4.733 0.00232841 -7.78298e-05
4.734 0.00232616 -7.78313e-05
4.735 0.00232358 -7.78333e-05
4.736 0.00232066 -7.78345e-05
4.737 0.00231742 -7.7834e-05
4.738 0.00231384 -7.7832e-05
4.739 0.00230994 -7.78293e-05
4.74 0.00230571 -7.78273e-05
4.741 0.00230115 -7.78267e-05
4.742 0.00229628 -7.78277e-05
4.743 0.00229108 -7.78294e-05
4.744 0.00228557 -7.78307e-05
4.745 0.00227974 -7.7831e-05
4.746 0.00227359 -7.78301e-05
4.747 0.00226713 -7.78288e-05
4.748 0.00226036 -7.78279e-05
4.749 0.00225328 -7.78278e-05
4.75 0.00224589 -7.78282e-05
4.751 0.0022382 -7.78286e-05
4.752 0.0022302 -7.78279e-05
4.753 0.0022219 -7.7826e-05
4.754 0.0022133 -7.78235e-05
4.755 0.00220441 -7.78215e-05
4.756 0.00219522 -7.78213e-05
4.757 0.00218575 -7.78231e-05
4.758 0.00217598 -7.78261e-05
4.759 0.00216592 -7.78287e-05
4.76 0.00215558 -7.78294e-05
4.761 0.00214495 -7.78273e-05
4.762 0.00213404 -7.78232e-05
4.763 0.00212286 -7.78187e-05
4.764 0.0021114 -7.78161e-05
4.765 0.00209966 -7.78165e-05
4.766 0.00208766 -7.78198e-05
4.767 0.00207539 -7.78244e-05
4.768 0.00206285 -7.78278e-05
4.769 0.00205005 -7.78281e-05
4.77 0.00203698 -7.78251e-05
4.771 0.00202366 -7.78199e-05
4.772 0.00201009 -7.78149e-05
4.773 0.00199626 -7.78125e-05
4.774 0.00198218 -7.78137e-05
4.775 0.00196785 -7.78177e-05
4.776 0.00195328 -7.78224e-05
4.777 0.00193847 -7.78255e-05
4.778 0.00192342 -7.78254e-05
4.779 0.00190814 -7.78224e-05
4.78 0.00189262 -7.78181e-05
4.781 0.00187687 -7.78147e-05
4.782 0.00186089 -7.7814e-05
4.783 0.00184469 -7.78161e-05
4.784 0.00182827 -7.78199e-05
4.785 0.00181162 -7.78233e-05
4.786 0.00179477 -7.78246e-05
4.787 0.0017777 -7.78233e-05
4.788 0.00176042 -7.78201e-05
4.789 0.00174293 -7.78167e-05
4.79 0.00172524 -7.78149e-05
4.791 0.00170735 -7.78154e-05
4.792 0.00168927 -7.78176e-05
4.793 0.00167099 -7.78202e-05
4.794 0.00165251 -7.78217e-05
4.795 0.00163386 -7.78213e-05
4.796 0.00161501 -7.78194e-05
4.797 0.00159599 -7.78172e-05
4.798 0.00157678 -7.7816e-05
4.799 0.0015574 -7.78167e-05
4.8 0.00153785 -7.78189e-05
4.801 0.00151813 -7.78217e-05
4.802 0.00149825 -7.78237e-05
4.803 0.00147821 -7.78241e-05
4.804 0.001458 -7.78231e-05
4.805 0.00143765 -7.78216e-05
4.806 0.00141714 -7.78206e-05
4.807 0.00139648 -7.7821e-05
4.808 0.00137568 -7.78225e-05
4.809 0.00135473 -7.78242e-05
4.81 0.00133365 -7.78251e-05
4.811 0.00131243 -7.78248e-05
4.812 0.00129108 -7.78236e-05
4.813 0.0012696 -7.78225e-05
4.814 0.001248 -7.78226e-05
4.815 0.00122628 -7.78246e-05
4.816 0.00120444 -7.78279e-05
4.817 0.00118249 -7.78311e-05
4.818 0.00116043 -7.78326e-05
4.819 0.00113826 -7.78316e-05
4.82 0.00111598 -7.78284e-05
4.821 0.00109361 -7.78245e-05
4.822 0.00107114 -7.7822e-05
4.823 0.00104858 -7.78223e-05
4.824 0.00102593 -7.78256e-05
4.825 0.00100319 -7.78307e-05
4.826 0.000980374 -7.78353e-05
4.827 0.000957478 -7.78374e-05
4.828 0.000934508 -7.78362e-05
4.829 0.000911466 -7.78325e-05
4.83 0.000888357 -7.78283e-05
4.831 0.000865184 -7.78257e-05
4.832 0.00084195 -7.78262e-05
4.833 0.00081866 -7.78296e-05
4.834 0.000795317 -7.78343e-05
4.835 0.000771925 -7.78381e-05
4.836 0.000748486 -7.78393e-05
4.837 0.000725006 -7.78375e-05
4.838 0.000701488 -7.78338e-05
4.839 0.000677934 -7.78302e-05
4.84 0.00065435 -7.78287e-05
4.841 0.000630738 -7.78298e-05
4.842 0.000607101 -7.78331e-05
4.843 0.000583444 -7.78368e-05
4.844 0.00055977 -7.78392e-05
4.845 0.000536084 -7.7839e-05
4.846 0.000512387 -7.78368e-05
4.847 0.000488685 -7.78338e-05
4.848 0.00046498 -7.78316e-05
4.849 0.000441277 -7.78316e-05
4.85 0.000417579 -7.78335e-05
4.851 0.00039389 -7.78364e-05
4.852 0.000370212 -7.78387e-05
4.853 0.00034655 -7.78392e-05
4.854 0.000322907 -7.78378e-05
4.855 0.000299287 -7.78355e-05
4.856 0.000275692 -7.78336e-05
4.857 0.000252128 -7.78332e-05
4.858 0.000228596 -7.78347e-05
4.859 0.000205102 -7.78373e-05
4.86 0.000181647 -7.78395e-05
4.861 0.000158237 -7.78404e-05
4.862 0.000134873 -7.78396e-05
4.863 0.000111561 -7.78378e-05
4.864 8.83021e-05 -7.78364e-05
4.865 6.51008e-05 -7.78365e-05
4.866 4.19603e-05 -7.78384e-05
4.867 1.88839e-05 -7.78413e-05
4.868 -4.12491e-06 -7.78437e-05
4.869 -2.70629e-05 -7.78445e-05
4.87 -4.99266e-05 -7.78431e-05
4.871 -7.27127e-05 -7.78404e-05
4.872 -9.54179e-05 -7.78379e-05
4.873 -0.000118039 -7.78372e-05
4.874 -0.000140573 -7.7839e-05
4.875 -0.000163016 -7.78429e-05
4.876 -0.000185366 -7.78471e-05
4.877 -0.000207618 -7.78496e-05
4.878 -0.000229771 -7.7849e-05
4.879 -0.000251821 -7.78457e-05
4.88 -0.000273764 -7.78411e-05
4.881 -0.000295598 -7.78374e-05
4.882 -0.00031732 -7.78366e-05
4.883 -0.000338926 -7.78392e-05
4.884 -0.000360414 -7.78441e-05
4.885 -0.00038178 -7.78492e-05
4.886 -0.000403022 -7.78523e-05
4.887 -0.000424137 -7.78522e-05
4.888 -0.000445122 -7.78493e-05
4.889 -0.000465975 -7.78453e-05
4.89 -0.000486691 -7.78423e-05
4.891 -0.00050727 -7.78417e-05
4.892 -0.000527706 -7.78437e-05
4.893 -0.000548 -7.78472e-05
4.894 -0.000568146 -7.78503e-05
4.895 -0.000588143 -7.78515e-05
4.896 -0.000607988 -7.78504e-05
4.897 -0.000627679 -7.78476e-05
4.898 -0.000647212 -7.78448e-05
4.899 -0.000666587 -7.78436e-05
4.9 -0.000685799 -7.78446e-05
4.901 -0.000704846 -7.78473e-05
4.902 -0.000723727 -7.78505e-05
4.903 -0.000742439 -7.78525e-05
4.904 -0.000760979 -7.78526e-05
4.905 -0.000779345 -7.78509e-05
4.906 -0.000797535 -7.78486e-05
4.907 -0.000815547 -7.78472e-05
4.908 -0.000833378 -7.78476e-05
4.909 -0.000851027 -7.78497e-05
4.91 -0.00086849 -7.78525e-05
4.911 -0.000885767 -7.78546e-05
4.912 -0.000902855 -7.7855e-05
4.913 -0.000919752 -7.78537e-05
4.914 -0.000936457 -7.78515e-05
4.915 -0.000952966 -7.78498e-05
4.916 -0.000969279 -7.78498e-05
4.917 -0.000985394 -7.78518e-05
4.918 -0.00100131 -7.78549e-05
4.919 -0.00101702 -7.78577e-05
4.92 -0.00103253 -7.78588e-05
4.921 -0.00104783 -7.78576e-05
4.922 -0.00106293 -7.78548e-05
4.923 -0.00107781 -7.78518e-05
4.924 -0.00109249 -7.78502e-05
4.925 -0.00110696 -7.78511e-05
4.926 -0.00112121 -7.78541e-05
4.927 -0.00113525 -7.78581e-05
4.928 -0.00114907 -7.78611e-05
4.929 -0.00116267 -7.78618e-05
4.93 -0.00117606 -7.78597e-05
4.931 -0.00118923 -7.78559e-05
4.932 -0.00120217 -7.78521e-05
4.933 -0.00121489 -7.78503e-05
4.934 -0.00122739 -7.78514e-05
4.935 -0.00123967 -7.78549e-05
4.936 -0.00125172 -7.78595e-05
4.937 -0.00126354 -7.78631e-05
4.938 -0.00127514 -7.78643e-05
4.939 -0.0012865 -7.78627e-05
4.94 -0.00129764 -7.78594e-05
4.941 -0.00130855 -7.78561e-05
4.942 -0.00131922 -7.78544e-05
4.943 -0.00132967 -7.78551e-05
4.944 -0.00133988 -7.78577e-05
4.945 -0.00134986 -7.78611e-05
4.946 -0.0013596 -7.78635e-05
4.947 -0.00136911 -7.7864e-05
4.948 -0.00137839 -7.78627e-05
4.949 -0.00138742 -7.78604e-05
4.95 -0.00139623 -7.78586e-05
4.951 -0.00140479 -7.78585e-05
4.952 -0.00141312 -7.78601e-05
4.953 -0.00142122 -7.78626e-05
4.954 -0.00142907 -7.78648e-05
4.955 -0.00143669 -7.78655e-05
4.956 -0.00144406 -7.78643e-05
4.957 -0.0014512 -7.78618e-05
4.958 -0.0014581 -7.78594e-05
4.959 -0.00146477 -7.78584e-05
4.96 -0.00147119 -7.78595e-05
4.961 -0.00147737 -7.78622e-05
4.962 -0.00148332 -7.78653e-05
4.963 -0.00148902 -7.78673e-05
4.964 -0.00149449 -7.78672e-05
4.965 -0.00149972 -7.7865e-05
4.966 -0.00150471 -7.78619e-05
4.967 -0.00150946 -7.78595e-05
4.968 -0.00151397 -7.78589e-05
4.969 -0.00151824 -7.78606e-05
4.97 -0.00152228 -7.78637e-05
4.971 -0.00152607 -7.78667e-05
4.972 -0.00152963 -7.7868e-05
4.973 -0.00153295 -7.78668e-05
4.974 -0.00153604 -7.78637e-05
4.975 -0.00153889 -7.786e-05
4.976 -0.0015415 -7.78574e-05
4.977 -0.00154388 -7.78573e-05
4.978 -0.00154602 -7.78597e-05
4.979 -0.00154793 -7.78636e-05
4.98 -0.0015496 -7.78672e-05
4.981 -0.00155104 -7.78689e-05
4.982 -0.00155225 -7.7868e-05
4.983 -0.00155322 -7.78649e-05
4.984 -0.00155397 -7.78611e-05
4.985 -0.00155448 -7.78582e-05
4.986 -0.00155476 -7.78574e-05
4.987 -0.00155481 -7.78588e-05
4.988 -0.00155464 -7.78615e-05
4.989 -0.00155424 -7.78641e-05
4.99 -0.00155361 -7.78652e-05
4.991 -0.00155275 -7.78643e-05
4.992 -0.00155167 -7.78617e-05
4.993 -0.00155037 -7.78587e-05
4.994 -0.00154884 -7.78565e-05
4.995 -0.00154709 -7.78559e-05
4.996 -0.00154512 -7.78569e-05
4.997 -0.00154293 -7.78588e-05
4.998 -0.00154052 -7.78603e-05
4.999 -0.00153789 -7.78606e-05
5 -0.00153505 -7.78593e-05
5.001 -0.00153198 -7.78571e-05
5.002 -0.00152871 -7.7855e-05
5.003 -0.00152522 -7.7854e-05
5.004 -0.00152152 -7.78546e-05
5.005 -0.00151761 -7.78565e-05
5.006 -0.00151349 -7.78586e-05
5.007 -0.00150916 -7.78597e-05
5.008 -0.00150462 -7.78592e-05
5.009 -0.00149988 -7.78569e-05
5.01 -0.00149493 -7.78538e-05
5.011 -0.00148978 -7.7851e-05
5.012 -0.00148443 -7.78498e-05
5.013 -0.00147888 -7.78506e-05
5.014 -0.00147313 -7.78531e-05
5.015 -0.00146718 -7.7856e-05
5.016 -0.00146104 -7.7858e-05
5.017 -0.0014547 -7.7858e-05
5.018 -0.00144817 -7.7856e-05
5.019 -0.00144144 -7.78527e-05
5.02 -0.00143453 -7.78496e-05
5.021 -0.00142743 -7.78479e-05
5.022 -0.00142014 -7.78484e-05
5.023 -0.00141267 -7.78507e-05
5.024 -0.00140502 -7.78537e-05
5.025 -0.00139718 -7.78559e-05
5.026 -0.00138916 -7.78562e-05
5.027 -0.00138096 -7.78545e-05
5.028 -0.00137259 -7.78514e-05
5.029 -0.00136404 -7.78484e-05
5.03 -0.00135532 -7.78467e-05
5.031 -0.00134643 -7.78471e-05
5.032 -0.00133737 -7.78493e-05
5.033 -0.00132814 -7.78523e-05
5.034 -0.00131874 -7.78547e-05
5.035 -0.00130918 -7.78554e-05
5.036 -0.00129946 -7.78541e-05
5.037 -0.00128957 -7.78516e-05
5.038 -0.00127953 -7.78489e-05
5.039 -0.00126933 -7.78472e-05
5.04 -0.00125897 -7.78472e-05
5.041 -0.00124846 -7.78487e-05
5.042 -0.00123781 -7.78506e-05
5.043 -0.001227 -7.78521e-05
5.044 -0.00121604 -7.78522e-05
5.045 -0.00120494 -7.7851e-05
5.046 -0.0011937 -7.78488e-05
5.047 -0.00118231 -7.78469e-05
5.048 -0.00117079 -7.7846e-05
5.049 -0.00115913 -7.78466e-05
5.05 -0.00114733 -7.78482e-05
5.051 -0.0011354 -7.785e-05
5.052 -0.00112334 -7.78511e-05
5.053 -0.00111115 -7.78506e-05
5.054 -0.00109883 -7.78487e-05
5.055 -0.00108639 -7.78459e-05
5.056 -0.00107383 -7.78433e-05
5.057 -0.00106114 -7.78419e-05
5.058 -0.00104834 -7.78422e-05
5.059 -0.00103542 -7.7844e-05
5.06 -0.00102239 -7.78465e-05
5.061 -0.00100924 -7.78486e-05
5.062 -0.000995987 -7.78493e-05
5.063 -0.000982625 -7.78483e-05
5.064 -0.000969157 -7.7846e-05
5.065 -0.000955587 -7.78432e-05
5.066 -0.000941917 -7.7841e-05
5.067 -0.000928148 -7.78403e-05
5.068 -0.000914283 -7.78412e-05
5.069 -0.000900324 -7.78433e-05
5.07 -0.000886273 -7.78457e-05
5.071 -0.000872132 -7.78472e-05
5.072 -0.000857905 -7.78472e-05
5.073 -0.000843593 -7.78457e-05
5.074 -0.000829198 -7.78432e-05
5.075 -0.000814723 -7.78408e-05
5.076 -0.000800171 -7.78394e-05
5.077 -0.000785543 -7.78395e-05
5.078 -0.000770842 -7.78409e-05
5.079 -0.00075607 -7.78429e-05
5.08 -0.00074123 -7.78444e-05
5.081 -0.000726324 -7.78448e-05
5.082 -0.000711354 -7.78437e-05
5.083 -0.000696322 -7.78417e-05
5.084 -0.000681231 -7.78396e-05
5.085 -0.000666083 -7.78385e-05
5.086 -0.000650882 -7.78387e-05
5.087 -0.000635629 -7.78401e-05
5.088 -0.000620326 -7.7842e-05
5.089 -0.000604977 -7.78435e-05
5.09 -0.000589583 -7.78438e-05
5.091 -0.000574147 -7.78427e-05
5.092 -0.000558672 -7.78406e-05
5.093 -0.000543158 -7.78384e-05
5.094 -0.00052761 -7.7837e-05
5.095 -0.000512029 -7.78368e-05
5.096 -0.000496417 -7.78378e-05
5.097 -0.000480778 -7.78393e-05
5.098 -0.000465113 -7.78406e-05
5.099 -0.000449426 -7.7841e-05
5.1 -0.000433718 -7.784e-05
5.101 -0.000417993 -7.78381e-05
5.102 -0.000402251 -7.78359e-05
5.103 -0.000386497 -7.78342e-05
5.104 -0.000370732 -7.78337e-05
5.105 -0.000354958 -7.78344e-05
5.106 -0.000339178 -7.78361e-05
5.107 -0.000323394 -7.78381e-05
5.108 -0.000307609 -7.78396e-05
5.109 -0.000291825 -7.784e-05
5.11 -0.000276045 -7.78391e-05
5.111 -0.00026027 -7.78372e-05
5.112 -0.000244504 -7.78349e-05
5.113 -0.000228749 -7.78331e-05
5.114 -0.000213007 -7.78322e-05
5.115 -0.00019728 -7.78327e-05
5.116 -0.000181571 -7.78341e-05
5.117 -0.000165881 -7.78359e-05
5.118 -0.000150215 -7.78374e-05
5.119 -0.000134572 -7.78379e-05
5.12 -0.000118957 -7.78372e-05
5.121 -0.000103372 -7.78356e-05
5.122 -8.78182e-05 -7.78337e-05
5.123 -7.22985e-05 -7.78323e-05
5.124 -5.68152e-05 -7.78319e-05
5.125 -4.13703e-05 -7.78325e-05
5.126 -2.59661e-05 -7.78338e-05
5.127 -1.06049e-05 -7.7835e-05
5.128 4.71122e-06 -7.78355e-05
5.129 1.99799e-05 -7.78349e-05
5.13 3.5199e-05 -7.78334e-05
5.131 5.03661e-05 -7.78316e-05
5.132 6.5479e-05 -7.78302e-05
5.133 8.05356e-05 -7.78297e-05
5.134 9.55336e-05 -7.78304e-05
5.135 0.000110471 -7.78318e-05
5.136 0.000125346 -7.78333e-05
5.137 0.000140156 -7.78341e-05
5.138 0.000154899 -7.7834e-05
5.139 0.000169574 -7.78328e-05
5.14 0.000184177 -7.78312e-05
5.141 0.000198708 -7.78296e-05
5.142 0.000213163 -7.78288e-05
5.143 0.000227542 -7.78288e-05
5.144 0.000241841 -7.78298e-05
5.145 0.000256059 -7.78311e-05
5.146 0.000270194 -7.78324e-05
5.147 0.000284244 -7.7833e-05
5.148 0.000298207 -7.7833e-05
5.149 0.000312082 -7.78321e-05
5.15 0.000325866 -7.78308e-05
5.151 0.000339558 -7.78294e-05
5.152 0.000353155 -7.78284e-05
5.153 0.000366657 -7.78282e-05
5.154 0.00038006 -7.78288e-05
5.155 0.000393364 -7.78301e-05
5.156 0.000406567 -7.78317e-05
5.157 0.000419666 -7.78329e-05
5.158 0.00043266 -7.78334e-05
5.159 0.000445549 -7.78329e-05
5.16 0.000458329 -7.78316e-05
5.161 0.000470999 -7.783e-05
5.162 0.000483558 -7.78288e-05
5.163 0.000496005 -7.78283e-05
5.164 0.000508337 -7.7829e-05
5.165 0.000520553 -7.78304e-05
5.166 0.000532651 -7.78321e-05
5.167 0.000544631 -7.78333e-05
5.168 0.00055649 -7.78336e-05
5.169 0.000568227 -7.7833e-05
5.17 0.00057984 -7.78319e-05
5.171 0.00059133 -7.78307e-05
5.172 0.000602693 -7.783e-05
5.173 0.000613929 -7.78302e-05
5.174 0.000625037 -7.78311e-05
5.175 0.000636015 -7.78323e-05
5.176 0.000646861 -7.78334e-05
5.177 0.000657576 -7.7834e-05
5.178 0.000668156 -7.7834e-05
5.179 0.000678602 -7.78336e-05
5.18 0.000688912 -7.78331e-05
5.181 0.000699086 -7.78328e-05
5.182 0.000709121 -7.7833e-05
5.183 0.000719017 -7.78336e-05
5.184 0.000728774 -7.78346e-05
5.185 0.000738389 -7.78357e-05
5.186 0.000747862 -7.78366e-05
5.187 0.000757192 -7.78373e-05
5.188 0.000766378 -7.78375e-05
5.189 0.000775419 -7.78373e-05
5.19 0.000784315 -7.78365e-05
5.191 0.000793063 -7.78355e-05
5.192 0.000801665 -7.78346e-05
5.193 0.000810118 -7.78342e-05
5.194 0.000818423 -7.78345e-05
5.195 0.000826578 -7.78356e-05
5.196 0.000834583 -7.78371e-05
5.197 0.000842437 -7.78387e-05
5.198 0.00085014 -7.78397e-05
5.199 0.00085769 -7.78398e-05
5.2 0.000865087 -7.7839e-05
5.201 0.00087233 -7.78378e-05
5.202 0.000879419 -7.78366e-05
5.203 0.000886354 -7.78361e-05
5.204 0.000893134 -7.78365e-05
5.205 0.000899759 -7.78377e-05
5.206 0.000906228 -7.78391e-05
5.207 0.000912541 -7.78402e-05
5.208 0.000918698 -7.78407e-05
5.209 0.000924697 -7.78405e-05
5.21 0.000930539 -7.78398e-05
5.211 0.000936224 -7.7839e-05
5.212 0.00094175 -7.78385e-05
5.213 0.000947118 -7.78383e-05
5.214 0.000952328 -7.78385e-05
5.215 0.000957379 -7.78389e-05
5.216 0.000962272 -7.78394e-05
5.217 0.000967006 -7.78398e-05
5.218 0.000971581 -7.78402e-05
5.219 0.000975997 -7.78406e-05
5.22 0.000980253 -7.78408e-05
5.221 0.000984351 -7.78407e-05
5.222 0.000988289 -7.78404e-05
5.223 0.000992068 -7.78398e-05
5.224 0.000995688 -7.78392e-05
5.225 0.000999148 -7.7839e-05
5.226 0.00100245 -7.78394e-05
5.227 0.00100559 -7.78402e-05
5.228 0.00100858 -7.78413e-05
5.229 0.0010114 -7.78422e-05
5.23 0.00101407 -7.78425e-05
5.231 0.00101657 -7.78421e-05
5.232 0.00101892 -7.78411e-05
5.233 0.00102112 -7.78402e-05
5.234 0.00102315 -7.78397e-05
5.235 0.00102503 -7.78401e-05
5.236 0.00102674 -7.78412e-05
5.237 0.00102831 -7.78427e-05
5.238 0.00102971 -7.7844e-05
5.239 0.00103096 -7.78446e-05
5.24 0.00103206 -7.78446e-05
5.241 0.00103299 -7.7844e-05
5.242 0.00103378 -7.78433e-05
5.243 0.00103441 -7.78429e-05
5.244 0.00103488 -7.78427e-05
5.245 0.0010352 -7.78429e-05
5.246 0.00103537 -7.78432e-05
5.247 0.00103539 -7.78435e-05
5.248 0.00103525 -7.78439e-05
5.249 0.00103496 -7.78444e-05
5.25 0.00103452 -7.78451e-05
5.251 0.00103393 -7.78459e-05
5.252 0.00103319 -7.78465e-05
5.253 0.00103231 -7.78466e-05
5.254 0.00103127 -7.78461e-05
5.255 0.00103008 -7.78451e-05
5.256 0.00102875 -7.7844e-05
5.257 0.00102727 -7.78434e-05
5.258 0.00102565 -7.78436e-05
5.259 0.00102388 -7.78446e-05
5.26 0.00102197 -7.78459e-05
5.261 0.00101991 -7.78471e-05
5.262 0.00101771 -7.78475e-05
5.263 0.00101537 -7.78472e-05
5.264 0.00101289 -7.78464e-05
5.265 0.00101026 -7.78456e-05
5.266 0.0010075 -7.78453e-05
5.267 0.0010046 -7.78457e-05
5.268 0.00100156 -7.78465e-05
5.269 0.000998383 -7.78474e-05
5.27 0.000995071 -7.78479e-05
5.271 0.000991624 -7.78479e-05
5.272 0.000988042 -7.78476e-05
5.273 0.000984327 -7.78473e-05
5.274 0.00098048 -7.78472e-05
5.275 0.000976502 -7.78475e-05
5.276 0.000972394 -7.78479e-05
5.277 0.000968156 -7.78481e-05
5.278 0.00096379 -7.78478e-05
5.279 0.000959296 -7.78473e-05
5.28 0.000954677 -7.7847e-05
5.281 0.000949932 -7.78473e-05
5.282 0.000945063 -7.78482e-05
5.283 0.00094007 -7.78496e-05
5.284 0.000934956 -7.78508e-05
5.285 0.000929721 -7.78514e-05
5.286 0.000924366 -7.78509e-05
5.287 0.000918892 -7.78498e-05
5.288 0.000913301 -7.78486e-05
5.289 0.000907594 -7.78481e-05
5.29 0.000901771 -7.78485e-05
5.291 0.000895834 -7.78498e-05
5.292 0.000889784 -7.78513e-05
5.293 0.000883623 -7.78523e-05
5.294 0.000877351 -7.78525e-05
5.295 0.00087097 -7.78519e-05
5.296 0.000864481 -7.7851e-05
5.297 0.000857885 -7.78503e-05
5.298 0.000851183 -7.78504e-05
5.299 0.000844378 -7.78509e-05
5.3 0.000837469 -7.78515e-05
5.301 0.000830458 -7.78516e-05
5.302 0.000823347 -7.78512e-05
5.303 0.000816137 -7.78504e-05
5.304 0.000808829 -7.785e-05
5.305 0.000801424 -7.78503e-05
5.306 0.000793924 -7.78515e-05
5.307 0.00078633 -7.78532e-05
5.308 0.000778644 -7.78544e-05
5.309 0.000770866 -7.78546e-05
5.31 0.000762999 -7.78537e-05
5.311 0.000755043 -7.78521e-05
5.312 0.000747 -7.78507e-05
5.313 0.000738872 -7.78504e-05
5.314 0.000730659 -7.78514e-05
5.315 0.000722363 -7.78532e-05
5.316 0.000713987 -7.78548e-05
5.317 0.00070553 -7.78554e-05
5.318 0.000696994 -7.78549e-05
5.319 0.000688381 -7.78535e-05
5.32 0.000679693 -7.78523e-05
5.321 0.00067093 -7.78521e-05
5.322 0.000662095 -7.7853e-05
5.323 0.000653187 -7.78546e-05
5.324 0.000644211 -7.78559e-05
5.325 0.000635165 -7.78561e-05
5.326 0.000626053 -7.78551e-05
5.327 0.000616876 -7.78536e-05
5.328 0.000607635 -7.78526e-05
5.329 0.000598332 -7.78528e-05
5.33 0.000588968 -7.78542e-05
5.331 0.000579544 -7.78561e-05
5.332 0.000570063 -7.78573e-05
5.333 0.000560526 -7.78569e-05
5.334 0.000550933 -7.78551e-05
5.335 0.000541287 -7.78527e-05
5.336 0.00053159 -7.78511e-05
5.337 0.000521843 -7.78513e-05
5.338 0.000512047 -7.78533e-05
5.339 0.000502204 -7.7856e-05
5.34 0.000492316 -7.78581e-05
5.341 0.000482384 -7.78582e-05
5.342 0.000472411 -7.78565e-05
5.343 0.000462396 -7.78538e-05
5.344 0.000452343 -7.78518e-05
5.345 0.000442252 -7.78515e-05
5.346 0.000432125 -7.78531e-05
5.347 0.000421963 -7.78555e-05
5.348 0.000411769 -7.78572e-05
5.349 0.000401544 -7.7857e-05
5.35 0.000391289 -7.78548e-05
5.351 0.000381007 -7.7852e-05
5.352 0.000370698 -7.78502e-05
5.353 0.000360364 -7.78506e-05
5.354 0.000350008 -7.78532e-05
5.355 0.000339629 -7.78566e-05
5.356 0.000329231 -7.78587e-05
5.357 0.000318815 -7.78581e-05
5.358 0.000308382 -7.7855e-05
5.359 0.000297934 -7.78509e-05
5.36 0.000287473 -7.7848e-05
5.361 0.000277 -7.78479e-05
5.362 0.000266516 -7.78507e-05
5.363 0.000256024 -7.78548e-05
5.364 0.000245525 -7.78578e-05
5.365 0.000235021 -7.78578e-05
5.366 0.000224512 -7.78547e-05
5.367 0.000214002 -7.78501e-05
5.368 0.00020349 -7.78465e-05
5.369 0.00019298 -7.7846e-05
5.37 0.000182472 -7.78488e-05
5.371 0.000171969 -7.78532e-05
5.372 0.000161471 -7.78566e-05
5.373 0.00015098 -7.78567e-05
5.374 0.000140498 -7.78532e-05
5.375 0.000130027 -7.78478e-05
5.376 0.000119568 -7.78436e-05
5.377 0.000109122 -7.78429e-05
5.378 9.86912e-05 -7.78464e-05
5.379 8.82773e-05 -7.78521e-05
5.38 7.78816e-05 -7.78569e-05
5.381 6.75056e-05 -7.78579e-05
5.382 5.7151e-05 -7.78543e-05
5.383 4.68192e-05 -7.78479e-05
5.384 3.65116e-05 -7.78422e-05
5.385 2.62299e-05 -7.78403e-05
5.386 1.59755e-05 -7.78434e-05
5.387 5.74994e-06 -7.78499e-05
5.388 -4.44536e-06 -7.78562e-05
5.389 -1.46089e-05 -7.78588e-05
5.39 -2.47391e-05 -7.78559e-05
5.391 -3.48346e-05 -7.78491e-05
5.392 -4.48938e-05 -7.7842e-05
5.393 -5.49153e-05 -7.78384e-05
5.394 -6.48977e-05 -7.78404e-05
5.395 -7.48396e-05 -7.78468e-05
5.396 -8.47396e-05 -7.78541e-05
5.397 -9.45964e-05 -7.78581e-05
5.398 -0.000104409 -7.78565e-05
5.399 -0.000114175 -7.78499e-05
5.4 -0.000123893 -7.7842e-05
5.401 -0.000133563 -7.7837e-05
5.402 -0.000143183 -7.78379e-05
5.403 -0.000152751 -7.78444e-05
5.404 -0.000162267 -7.7853e-05
5.405 -0.000171728 -7.78592e-05
5.406 -0.000181134 -7.78594e-05
5.407 -0.000190483 -7.78536e-05
5.408 -0.000199774 -7.78445e-05
5.409 -0.000209006 -7.7837e-05
5.41 -0.000218177 -7.7835e-05
5.411 -0.000227287 -7.78395e-05
5.412 -0.000236334 -7.7848e-05
5.413 -0.000245317 -7.78559e-05
5.414 -0.000254234 -7.7859e-05
5.415 -0.000263085 -7.78557e-05
5.416 -0.000271868 -7.78478e-05
5.417 -0.000280583 -7.78395e-05
5.418 -0.000289227 -7.78351e-05
5.419 -0.000297801 -7.78368e-05
5.42 -0.000306302 -7.78437e-05
5.421 -0.000314731 -7.78518e-05
5.422 -0.000323085 -7.78569e-05
5.423 -0.000331364 -7.78562e-05
5.424 -0.000339567 -7.78501e-05
5.425 -0.000347692 -7.78418e-05
5.426 -0.000355738 -7.78356e-05
5.427 -0.000363706 -7.78344e-05
5.428 -0.000371593 -7.78387e-05
5.429 -0.000379398 -7.78459e-05
5.43 -0.000387121 -7.78523e-05
5.431 -0.000394762 -7.78547e-05
5.432 -0.000402318 -7.78519e-05
5.433 -0.00040979 -7.78457e-05
5.434 -0.000417176 -7.78393e-05
5.435 -0.000424476 -7.78357e-05
5.436 -0.000431688 -7.78364e-05
5.437 -0.000438812 -7.78407e-05
5.438 -0.000445847 -7.78461e-05
5.439 -0.000452792 -7.78499e-05
5.44 -0.000459646 -7.78505e-05
5.441 -0.000466409 -7.78479e-05
5.442 -0.00047308 -7.78437e-05
5.443 -0.000479658 -7.78401e-05
5.444 -0.000486143 -7.78386e-05
5.445 -0.000492534 -7.78395e-05
5.446 -0.00049883 -7.7842e-05
5.447 -0.000505032 -7.78446e-05
5.448 -0.000511137 -7.78462e-05
5.449 -0.000517146 -7.78462e-05
5.45 -0.000523057 -7.78449e-05
5.451 -0.000528871 -7.78432e-05
5.452 -0.000534586 -7.78417e-05
5.453 -0.000540203 -7.78409e-05
5.454 -0.00054572 -7.78407e-05
5.455 -0.000551138 -7.7841e-05
5.456 -0.000556456 -7.78416e-05
5.457 -0.000561673 -7.78424e-05
5.458 -0.00056679 -7.78433e-05
5.459 -0.000571804 -7.78441e-05
5.46 -0.000576717 -7.78444e-05
5.461 -0.000581528 -7.78438e-05
5.462 -0.000586236 -7.78422e-05
5.463 -0.000590841 -7.78402e-05
5.464 -0.000595343 -7.78384e-05
5.465 -0.000599741 -7.78378e-05
5.466 -0.000604036 -7.78387e-05
5.467 -0.000608226 -7.78409e-05
5.468 -0.000612312 -7.78434e-05
5.469 -0.000616294 -7.7845e-05
5.47 -0.000620171 -7.78449e-05
5.471 -0.000623943 -7.7843e-05
5.472 -0.00062761 -7.78401e-05
5.473 -0.000631171 -7.78375e-05
5.474 -0.000634627 -7.78364e-05
5.475 -0.000637977 -7.7837e-05
5.476 -0.000641221 -7.78391e-05
5.477 -0.00064436 -7.78414e-05
5.478 -0.000647392 -7.78428e-05
5.479 -0.000650319 -7.78426e-05
5.48 -0.00065314 -7.78411e-05
5.481 -0.000655855 -7.78389e-05
5.482 -0.000658464 -7.78372e-05
5.483 -0.000660967 -7.78366e-05
5.484 -0.000663364 -7.78373e-05
5.485 -0.000665655 -7.78387e-05
5.486 -0.000667839 -7.78402e-05
5.487 -0.000669918 -7.78411e-05
5.488 -0.000671891 -7.78411e-05
5.489 -0.000673758 -7.78405e-05
5.49 -0.000675519 -7.78396e-05
5.491 -0.000677176 -7.78388e-05
5.492 -0.000678726 -7.78383e-05
5.493 -0.000680172 -7.78379e-05
5.494 -0.000681513 -7.78377e-05
5.495 -0.000682749 -7.78375e-05
5.496 -0.00068388 -7.78376e-05
5.497 -0.000684907 -7.7838e-05
5.498 -0.000685829 -7.78388e-05
5.499 -0.000686648 -7.78395e-05
5.5 -0.000687363 -7.78399e-05
5.501 -0.000687974 -7.78395e-05
5.502 -0.000688482 -7.78384e-05
5.503 -0.000688887 -7.78369e-05
5.504 -0.00068919 -7.78355e-05
5.505 -0.000689391 -7.7835e-05
5.506 -0.000689489 -7.78355e-05
5.507 -0.000689486 -7.78368e-05
5.508 -0.000689382 -7.78384e-05
5.509 -0.000689177 -7.78395e-05
5.51 -0.000688871 -7.78395e-05
5.511 -0.000688465 -7.78386e-05
5.512 -0.000687959 -7.78372e-05
5.513 -0.000687355 -7.78359e-05
5.514 -0.000686651 -7.78353e-05
5.515 -0.00068585 -7.78355e-05
5.516 -0.00068495 -7.78363e-05
5.517 -0.000683953 -7.78372e-05
5.518 -0.000682859 -7.78378e-05
5.519 -0.000681668 -7.78379e-05
5.52 -0.000680381 -7.78376e-05
5.521 -0.000678998 -7.78372e-05
5.522 -0.00067752 -7.78369e-05
5.523 -0.000675948 -7.78367e-05
5.524 -0.000674282 -7.78367e-05
5.525 -0.000672523 -7.78367e-05
5.526 -0.000670671 -7.78366e-05
5.527 -0.000668727 -7.78365e-05
5.528 -0.000666691 -7.78367e-05
5.529 -0.000664564 -7.78371e-05
5.53 -0.000662347 -7.78378e-05
5.531 -0.00066004 -7.78384e-05
5.532 -0.000657643 -7.78386e-05
5.533 -0.000655157 -7.78383e-05
5.534 -0.000652584 -7.78374e-05
5.535 -0.000649923 -7.78363e-05
5.536 -0.000647175 -7.78356e-05
5.537 -0.000644342 -7.78355e-05
5.538 -0.000641423 -7.78362e-05
5.539 -0.00063842 -7.78374e-05
5.54 -0.000635333 -7.78386e-05
5.541 -0.000632162 -7.78394e-05
5.542 -0.000628909 -7.78395e-05
5.543 -0.000625574 -7.7839e-05
5.544 -0.000622157 -7.78383e-05
5.545 -0.00061866 -7.78377e-05
5.546 -0.000615084 -7.78375e-05
5.547 -0.000611428 -7.78377e-05
5.548 -0.000607694 -7.7838e-05
5.549 -0.000603884 -7.78384e-05
5.55 -0.000599996 -7.78386e-05
5.551 -0.000596033 -7.78388e-05
5.552 -0.000591995 -7.7839e-05
5.553 -0.000587883 -7.78394e-05
5.554 -0.000583696 -7.78398e-05
5.555 -0.000579438 -7.78402e-05
5.556 -0.000575107 -7.78402e-05
5.557 -0.000570705 -7.784e-05
5.558 -0.000566233 -7.78396e-05
5.559 -0.000561691 -7.78392e-05
5.56 -0.000557082 -7.78393e-05
5.561 -0.000552404 -7.78397e-05
5.562 -0.000547661 -7.78405e-05
5.563 -0.000542851 -7.78414e-05
5.564 -0.000537976 -7.78419e-05
5.565 -0.000533037 -7.78419e-05
5.566 -0.000528035 -7.78414e-05
5.567 -0.00052297 -7.78407e-05
5.568 -0.000517843 -7.78401e-05
5.569 -0.000512656 -7.784e-05
5.57 -0.000507409 -7.78402e-05
5.571 -0.000502104 -7.78407e-05
5.572 -0.00049674 -7.78412e-05
5.573 -0.00049132 -7.78415e-05
5.574 -0.000485844 -7.78416e-05
5.575 -0.000480313 -7.78416e-05
5.576 -0.000474728 -7.78416e-05
5.577 -0.000469089 -7.78417e-05
5.578 -0.000463399 -7.78418e-05
5.579 -0.000457657 -7.78419e-05
5.58 -0.000451865 -7.78417e-05
5.581 -0.000446023 -7.78414e-05
5.582 -0.000440133 -7.78411e-05
5.583 -0.000434196 -7.7841e-05
5.584 -0.000428212 -7.78412e-05
5.585 -0.000422183 -7.78418e-05
5.586 -0.00041611 -7.78426e-05
5.587 -0.000409994 -7.78432e-05
5.588 -0.000403835 -7.78434e-05
5.589 -0.000397634 -7.78431e-05
5.59 -0.000391393 -7.78426e-05
5.591 -0.000385113 -7.7842e-05
5.592 -0.000378794 -7.78416e-05
5.593 -0.000372438 -7.78415e-05
5.594 -0.000366046 -7.78417e-05
5.595 -0.000359618 -7.78421e-05
5.596 -0.000353157 -7.78423e-05
5.597 -0.000346662 -7.78425e-05
5.598 -0.000340135 -7.78425e-05
5.599 -0.000333577 -7.78426e-05
5.6 -0.000326989 -7.78428e-05
5.601 -0.000320372 -7.78431e-05
5.602 -0.000313727 -7.78434e-05
5.603 -0.000307054 -7.78435e-05
5.604 -0.000300356 -7.78434e-05
5.605 -0.000293633 -7.78431e-05
5.606 -0.000286886 -7.78429e-05
5.607 -0.000280117 -7.78429e-05
5.608 -0.000273326 -7.78432e-05
5.609 -0.000266515 -7.78437e-05
5.61 -0.000259684 -7.78442e-05
5.611 -0.000252835 -7.78446e-05
5.612 -0.000245968 -7.78447e-05
5.613 -0.000239085 -7.78445e-05
5.614 -0.000232186 -7.78442e-05
5.615 -0.000225273 -7.78439e-05
5.616 -0.000218348 -7.78439e-05
5.617 -0.00021141 -7.78441e-05
5.618 -0.000204461 -7.78444e-05
5.619 -0.000197503 -7.78447e-05
5.62 -0.000190535 -7.78449e-05
5.621 -0.000183561 -7.7845e-05
5.622 -0.000176579 -7.7845e-05
5.623 -0.000169592 -7.78452e-05
5.624 -0.0001626 -7.78454e-05
5.625 -0.000155604 -7.78456e-05
5.626 -0.000148606 -7.78457e-05
5.627 -0.000141607 -7.78456e-05
5.628 -0.000134607 -7.78453e-05
5.629 -0.000127608 -7.78449e-05
5.63 -0.000120611 -7.78446e-05
5.631 -0.000113617 -7.78445e-05
5.632 -0.000106628 -7.78448e-05
5.633 -9.96427e-05 -7.78453e-05
5.634 -9.26638e-05 -7.78458e-05
5.635 -8.5692e-05 -7.78461e-05
5.636 -7.87282e-05 -7.78462e-05
5.637 -7.17734e-05 -7.78462e-05
5.638 -6.48287e-05 -7.7846e-05
5.639 -5.78953e-05 -7.78459e-05
5.64 -5.09741e-05 -7.7846e-05
5.641 -4.40662e-05 -7.78461e-05
5.642 -3.71728e-05 -7.78462e-05
5.643 -3.02948e-05 -7.78462e-05
5.644 -2.34332e-05 -7.78461e-05
5.645 -1.65889e-05 -7.7846e-05
5.646 -9.76293e-06 -7.78461e-05
5.647 -2.95614e-06 -7.78463e-05
5.648 3.83044e-06 -7.78467e-05
5.649 1.05958e-05 -7.78471e-05
5.65 1.7339e-05 -7.78474e-05
5.651 2.40589e-05 -7.78475e-05
5.652 3.07545e-05 -7.78473e-05
5.653 3.74248e-05 -7.7847e-05
5.654 4.40688e-05 -7.78468e-05
5.655 5.06858e-05 -7.78468e-05
5.656 5.72746e-05 -7.7847e-05
5.657 6.38346e-05 -7.78473e-05
5.658 7.03648e-05 -7.78476e-05
5.659 7.68643e-05 -7.78477e-05
5.66 8.33323e-05 -7.78478e-05
5.661 8.97676e-05 -7.78478e-05
5.662 9.61695e-05 -7.78478e-05
5.663 0.000102537 -7.7848e-05
5.664 0.000108869 -7.78482e-05
5.665 0.000115165 -7.78484e-05
5.666 0.000121423 -7.78485e-05
5.667 0.000127644 -7.78484e-05
5.668 0.000133826 -7.78482e-05
5.669 0.000139969 -7.7848e-05
5.67 0.000146071 -7.7848e-05
5.671 0.000152132 -7.78482e-05
5.672 0.000158152 -7.78485e-05
5.673 0.000164128 -7.78489e-05
5.674 0.000170061 -7.7849e-05
5.675 0.00017595 -7.78491e-05
5.676 0.000181793 -7.78489e-05
5.677 0.000187591 -7.78487e-05
5.678 0.000193341 -7.78486e-05
5.679 0.000199044 -7.78486e-05
5.68 0.000204699 -7.78486e-05
5.681 0.000210306 -7.78488e-05
5.682 0.000215863 -7.78488e-05
5.683 0.000221369 -7.78488e-05
5.684 0.000226825 -7.78488e-05
5.685 0.000232229 -7.78489e-05
5.686 0.000237582 -7.78491e-05
5.687 0.000242881 -7.78495e-05
5.688 0.000248126 -7.78499e-05
5.689 0.000253317 -7.78502e-05
5.69 0.000258454 -7.78503e-05
5.691 0.000263535 -7.78502e-05
5.692 0.000268559 -7.785e-05
5.693 0.000273528 -7.78498e-05
5.694 0.000278439 -7.78496e-05
5.695 0.000283293 -7.78497e-05
5.696 0.000288088 -7.78498e-05
5.697 0.000292825 -7.78499e-05
5.698 0.000297502 -7.78499e-05
5.699 0.000302119 -7.78499e-05
5.7 0.000306676 -7.78498e-05
5.701 0.000311172 -7.78498e-05
5.702 0.000315606 -7.78499e-05
5.703 0.000319979 -7.78501e-05
5.704 0.00032429 -7.78503e-05
5.705 0.000328538 -7.78504e-05
5.706 0.000332723 -7.78503e-05
5.707 0.000336844 -7.78501e-05
5.708 0.000340902 -7.78498e-05
5.709 0.000344895 -7.78496e-05
5.71 0.000348823 -7.78496e-05
5.711 0.000352687 -7.78497e-05
5.712 0.000356484 -7.78499e-05
5.713 0.000360216 -7.785e-05
5.714 0.000363882 -7.785e-05
5.715 0.000367481 -7.78499e-05
5.716 0.000371014 -7.78498e-05
5.717 0.00037448 -7.78497e-05
5.718 0.000377878 -7.78497e-05
5.719 0.000381209 -7.78498e-05
5.72 0.000384472 -7.78498e-05
5.721 0.000387667 -7.78498e-05
5.722 0.000390794 -7.78496e-05
5.723 0.000393851 -7.78493e-05
5.724 0.000396841 -7.78491e-05
5.725 0.000399761 -7.78491e-05
5.726 0.000402611 -7.78491e-05
5.727 0.000405393 -7.78493e-05
5.728 0.000408105 -7.78494e-05
5.729 0.000410748 -7.78494e-05
5.73 0.00041332 -7.78493e-05
5.731 0.000415823 -7.78491e-05
5.732 0.000418256 -7.78489e-05
5.733 0.000420618 -7.78487e-05
5.734 0.000422911 -7.78486e-05
5.735 0.000425133 -7.78486e-05
5.736 0.000427284 -7.78485e-05
5.737 0.000429365 -7.78483e-05
5.738 0.000431376 -7.78481e-05
5.739 0.000433315 -7.78478e-05
5.74 0.000435185 -7.78476e-05
5.741 0.000436984 -7.78476e-05
5.742 0.000438712 -7.78478e-05
5.743 0.000440369 -7.78479e-05
5.744 0.000441956 -7.7848e-05
5.745 0.000443472 -7.7848e-05
5.746 0.000444918 -7.78478e-05
5.747 0.000446293 -7.78474e-05
5.748 0.000447597 -7.78471e-05
5.749 0.000448832 -7.78469e-05
5.75 0.000449996 -7.78469e-05
5.751 0.000451089 -7.7847e-05
5.752 0.000452113 -7.7847e-05
5.753 0.000453067 -7.7847e-05
5.754 0.00045395 -7.78469e-05
5.755 0.000454764 -7.78468e-05
5.756 0.000455508 -7.78466e-05
5.757 0.000456183 -7.78465e-05
5.758 0.000456788 -7.78465e-05
5.759 0.000457324 -7.78466e-05
5.76 0.000457791 -7.78468e-05
5.761 0.000458189 -7.7847e-05
5.762 0.000458518 -7.78471e-05
5.763 0.000458779 -7.78472e-05
5.764 0.000458972 -7.7847e-05
5.765 0.000459096 -7.78468e-05
5.766 0.000459153 -7.78464e-05
5.767 0.000459142 -7.7846e-05
5.768 0.000459064 -7.78457e-05
5.769 0.000458918 -7.78455e-05
5.77 0.000458706 -7.78457e-05
5.771 0.000458427 -7.78461e-05
5.772 0.000458082 -7.78466e-05
5.773 0.000457671 -7.7847e-05
5.774 0.000457193 -7.7847e-05
5.775 0.000456651 -7.78466e-05
5.776 0.000456043 -7.78458e-05
5.777 0.00045537 -7.7845e-05
5.778 0.000454633 -7.78446e-05
5.779 0.000453831 -7.78447e-05
5.78 0.000452966 -7.78454e-05
5.781 0.000452037 -7.78465e-05
5.782 0.000451045 -7.78474e-05
5.783 0.00044999 -7.78477e-05
5.784 0.000448872 -7.78472e-05
5.785 0.000447692 -7.7846e-05
5.786 0.000446451 -7.78445e-05
5.787 0.000445148 -7.78433e-05
5.788 0.000443784 -7.7843e-05
5.789 0.00044236 -7.78439e-05
5.79 0.000440875 -7.78454e-05
5.791 0.00043933 -7.78471e-05
5.792 0.000437727 -7.78482e-05
5.793 0.000436064 -7.7848e-05
5.794 0.000434343 -7.78466e-05
5.795 0.000432563 -7.78444e-05
5.796 0.000430726 -7.78423e-05
5.797 0.000428832 -7.7841e-05
5.798 0.00042688 -7.78412e-05
5.799 0.000424873 -7.78428e-05
5.8 0.000422809 -7.78451e-05
5.801 0.00042069 -7.78473e-05
5.802 0.000418517 -7.78484e-05
5.803 0.000416289 -7.78478e-05
5.804 0.000414007 -7.78458e-05
5.805 0.000411671 -7.7843e-05
5.806 0.000409283 -7.78406e-05
5.807 0.000406842 -7.78397e-05
5.808 0.000404349 -7.78405e-05
5.809 0.000401805 -7.78429e-05
5.81 0.000399209 -7.78458e-05
5.811 0.000396563 -7.78481e-05
5.812 0.000393867 -7.78487e-05
5.813 0.000391121 -7.78473e-05
5.814 0.000388327 -7.78443e-05
5.815 0.000385485 -7.78411e-05
5.816 0.000382595 -7.78389e-05
5.817 0.000379658 -7.78386e-05
5.818 0.000376674 -7.78405e-05
5.819 0.000373645 -7.78437e-05
5.82 0.000370569 -7.78468e-05
5.821 0.000367449 -7.78485e-05
5.822 0.000364284 -7.78481e-05
5.823 0.000361075 -7.78457e-05
5.824 0.000357823 -7.78424e-05
5.825 0.000354528 -7.78397e-05
5.826 0.000351191 -7.78387e-05
5.827 0.000347813 -7.78397e-05
5.828 0.000344394 -7.78423e-05
5.829 0.000340935 -7.78451e-05
5.83 0.000337436 -7.78468e-05
5.831 0.000333898 -7.78466e-05
5.832 0.000330322 -7.78446e-05
5.833 0.000326707 -7.78418e-05
5.834 0.000323056 -7.78396e-05
5.835 0.000319368 -7.78389e-05
5.836 0.000315644 -7.78401e-05
5.837 0.000311885 -7.78425e-05
5.838 0.000308091 -7.78449e-05
5.839 0.000304263 -7.7846e-05
5.84 0.000300402 -7.78454e-05
5.841 0.000296507 -7.78431e-05
5.842 0.000292581 -7.78405e-05
5.843 0.000288624 -7.78386e-05
5.844 0.000284635 -7.78385e-05
5.845 0.000280616 -7.78403e-05
5.846 0.000276568 -7.78429e-05
5.847 0.000272491 -7.78452e-05
5.848 0.000268386 -7.7846e-05
5.849 0.000264254 -7.78447e-05
5.85 0.000260095 -7.7842e-05
5.851 0.00025591 -7.78391e-05
5.852 0.000251699 -7.78373e-05
5.853 0.000247464 -7.78375e-05
5.854 0.000243204 -7.78396e-05
5.855 0.000238921 -7.78426e-05
5.856 0.000234615 -7.78451e-05
5.857 0.000230287 -7.7846e-05
5.858 0.000225938 -7.78447e-05
5.859 0.000221568 -7.78419e-05
5.86 0.000217179 -7.7839e-05
5.861 0.00021277 -7.78372e-05
5.862 0.000208343 -7.78374e-05
5.863 0.000203897 -7.78394e-05
5.864 0.000199435 -7.78422e-05
5.865 0.000194956 -7.78444e-05
5.866 0.000190462 -7.78449e-05
5.867 0.000185952 -7.78435e-05
5.868 0.000181428 -7.7841e-05
5.869 0.00017689 -7.78385e-05
5.87 0.00017234 -7.78374e-05
5.871 0.000167778 -7.78381e-05
5.872 0.000163204 -7.78404e-05
5.873 0.000158619 -7.78429e-05
5.874 0.000154024 -7.78444e-05
5.875 0.00014942 -7.78441e-05
5.876 0.000144807 -7.78419e-05
5.877 0.000140186 -7.7839e-05
5.878 0.000135558 -7.78368e-05
5.879 0.000130923 -7.78363e-05
5.88 0.000126283 -7.78378e-05
5.881 0.000121638 -7.78407e-05
5.882 0.000116988 -7.78434e-05
5.883 0.000112335 -7.78446e-05
5.884 0.000107679 -7.78438e-05
5.885 0.00010302 -7.78412e-05
5.886 9.83602e-05 -7.78382e-05
5.887 9.36992e-05 -7.78363e-05
5.888 8.90381e-05 -7.78364e-05
5.889 8.43775e-05 -7.78384e-05
5.89 7.97182e-05 -7.78415e-05
5.891 7.50611e-05 -7.78439e-05
5.892 7.04067e-05 -7.78446e-05
5.893 6.57559e-05 -7.78432e-05
5.894 6.11093e-05 -7.78404e-05
5.895 5.64674e-05 -7.78378e-05
5.896 5.1831e-05 -7.78366e-05
5.897 4.72007e-05 -7.78375e-05
5.898 4.25772e-05 -7.784e-05
5.899 3.79611e-05 -7.78427e-05
5.9 3.33532e-05 -7.78443e-05
5.901 2.87542e-05 -7.78439e-05
5.902 2.4165e-05 -7.78416e-05
5.903 1.95861e-05 -7.78387e-05
5.904 1.50182e-05 -7.78367e-05
5.905 1.04621e-05 -7.78367e-05
5.906 5.91829e-06 -7.78387e-05
5.907 1.38738e-06 -7.78418e-05
5.908 -3.13003e-06 -7.78445e-05
5.909 -7.6333e-06 -7.78453e-05
5.91 -1.21218e-05 -7.78439e-05
5.911 -1.65948e-05 -7.78411e-05
5.912 -2.10516e-05 -7.78382e-05
5.913 -2.54914e-05 -7.78368e-05
5.914 -2.99137e-05 -7.78376e-05
5.915 -3.43177e-05 -7.78402e-05
5.916 -3.87029e-05 -7.78431e-05
5.917 -4.30686e-05 -7.7845e-05
5.918 -4.74144e-05 -7.78449e-05
5.919 -5.17397e-05 -7.78429e-05
5.92 -5.6044e-05 -7.78402e-05
5.921 -6.03266e-05 -7.78381e-05
5.922 -6.4587e-05 -7.7838e-05
5.923 -6.88244e-05 -7.78398e-05
5.924 -7.30383e-05 -7.78427e-05
5.925 -7.7228e-05 -7.78452e-05
5.926 -8.13928e-05 -7.7846e-05
5.927 -8.55321e-05 -7.78447e-05
5.928 -8.96455e-05 -7.7842e-05
5.929 -9.37325e-05 -7.78393e-05
5.93 -9.77925e-05 -7.78382e-05
5.931 -0.000101825 -7.78391e-05
5.932 -0.00010583 -7.78417e-05
5.933 -0.000109806 -7.78447e-05
5.934 -0.000113754 -7.78465e-05
5.935 -0.000117671 -7.78462e-05
5.936 -0.000121559 -7.78441e-05
5.937 -0.000125416 -7.78413e-05
5.938 -0.000129241 -7.78392e-05
5.939 -0.000133035 -7.7839e-05
5.94 -0.000136797 -7.78408e-05
5.941 -0.000140526 -7.78436e-05
5.942 -0.000144222 -7.78459e-05
5.943 -0.000147885 -7.78465e-05
5.944 -0.000151514 -7.78452e-05
5.945 -0.000155108 -7.78426e-05
5.946 -0.000158668 -7.78402e-05
5.947 -0.000162193 -7.78392e-05
5.948 -0.000165681 -7.78402e-05
5.949 -0.000169134 -7.78428e-05
5.95 -0.00017255 -7.78454e-05
5.951 -0.000175928 -7.78469e-05
5.952 -0.00017927 -7.78463e-05
5.953 -0.000182573 -7.7844e-05
5.954 -0.000185839 -7.78412e-05
5.955 -0.000189066 -7.78394e-05
5.956 -0.000192254 -7.78395e-05
5.957 -0.000195404 -7.78415e-05
5.958 -0.000198514 -7.78443e-05
5.959 -0.000201583 -7.78465e-05
5.96 -0.000204613 -7.7847e-05
5.961 -0.000207602 -7.78455e-05
5.962 -0.00021055 -7.78429e-05
5.963 -0.000213456 -7.78407e-05
5.964 -0.000216322 -7.784e-05
5.965 -0.000219145 -7.78412e-05
5.966 -0.000221926 -7.78438e-05
5.967 -0.000224666 -7.78462e-05
5.968 -0.000227362 -7.78473e-05
5.969 -0.000230016 -7.78464e-05
5.97 -0.000232627 -7.78439e-05
5.971 -0.000235194 -7.78413e-05
5.972 -0.000237717 -7.78399e-05
5.973 -0.000240197 -7.78404e-05
5.974 -0.000242632 -7.78427e-05
5.975 -0.000245024 -7.78455e-05
5.976 -0.000247371 -7.78474e-05
5.977 -0.000249673 -7.78474e-05
5.978 -0.00025193 -7.78456e-05
5.979 -0.000254142 -7.7843e-05
5.98 -0.00025631 -7.7841e-05
5.981 -0.000258431 -7.78408e-05
5.982 -0.000260507 -7.78425e-05
5.983 -0.000262538 -7.78452e-05
5.984 -0.000264522 -7.78475e-05
5.985 -0.000266461 -7.78481e-05
5.986 -0.000268354 -7.78468e-05
5.987 -0.0002702 -7.78442e-05
5.988 -0.000272 -7.78419e-05
5.989 -0.000273754 -7.7841e-05
5.99 -0.000275461 -7.78422e-05
5.991 -0.000277122 -7.78447e-05
5.992 -0.000278736 -7.78473e-05
5.993 -0.000280303 -7.78486e-05
5.994 -0.000281824 -7.78479e-05
5.995 -0.000283297 -7.78456e-05
5.996 -0.000284724 -7.78429e-05
5.997 -0.000286103 -7.78414e-05
5.998 -0.000287436 -7.78418e-05
5.999 -0.000288722 -7.78439e-05
6 -0.000289961 -7.78466e-05
6.001 -0.000291153 -7.78484e-05
6.002 -0.000292298 -7.78483e-05
6.003 -0.000293395 -7.78465e-05
6.004 -0.000294446 -7.78438e-05
6.005 -0.000295449 -7.78419e-05
6.006 -0.000296406 -7.78418e-05
6.007 -0.000297315 -7.78436e-05
6.008 -0.000298178 -7.78463e-05
6.009 -0.000298993 -7.78485e-05
6.01 -0.000299763 -7.7849e-05
6.011 -0.000300485 -7.78476e-05
6.012 -0.000301161 -7.7845e-05
6.013 -0.00030179 -7.78426e-05
6.014 -0.000302372 -7.78419e-05
6.015 -0.000302908 -7.78431e-05
6.016 -0.000303398 -7.78457e-05
6.017 -0.000303841 -7.78482e-05
6.018 -0.000304237 -7.78492e-05
6.019 -0.000304588 -7.78484e-05
6.02 -0.000304893 -7.78461e-05
6.021 -0.000305152 -7.78436e-05
6.022 -0.000305365 -7.78425e-05
6.023 -0.000305533 -7.78433e-05
6.024 -0.000305655 -7.78456e-05
6.025 -0.000305733 -7.78482e-05
6.026 -0.000305765 -7.78497e-05
6.027 -0.000305751 -7.78493e-05
6.028 -0.000305693 -7.78472e-05
6.029 -0.00030559 -7.78446e-05
6.03 -0.000305443 -7.78429e-05
6.031 -0.000305251 -7.78431e-05
6.032 -0.000305015 -7.78451e-05
6.033 -0.000304736 -7.78477e-05
6.034 -0.000304412 -7.78496e-05
6.035 -0.000304045 -7.78497e-05
6.036 -0.000303635 -7.7848e-05
6.037 -0.000303181 -7.78455e-05
6.038 -0.000302685 -7.78436e-05
6.039 -0.000302145 -7.78434e-05
6.04 -0.000301563 -7.78451e-05
6.041 -0.000300939 -7.78476e-05
6.042 -0.000300272 -7.78498e-05
6.043 -0.000299564 -7.78503e-05
6.044 -0.000298815 -7.78489e-05
6.045 -0.000298024 -7.78464e-05
6.046 -0.000297192 -7.78441e-05
6.047 -0.000296319 -7.78434e-05
6.048 -0.000295405 -7.78446e-05
6.049 -0.000294451 -7.7847e-05
6.05 -0.000293457 -7.78494e-05
6.051 -0.000292423 -7.78504e-05
6.052 -0.00029135 -7.78495e-05
6.053 -0.000290237 -7.78472e-05
6.054 -0.000289086 -7.78448e-05
6.055 -0.000287896 -7.78437e-05
6.056 -0.000286667 -7.78444e-05
6.057 -0.000285401 -7.78466e-05
6.058 -0.000284097 -7.78491e-05
6.059 -0.000282755 -7.78505e-05
6.06 -0.000281377 -7.78502e-05
6.061 -0.000279961 -7.78483e-05
6.062 -0.000278508 -7.78459e-05
6.063 -0.00027702 -7.78444e-05
6.064 -0.000275495 -7.78446e-05
6.065 -0.000273935 -7.78463e-05
6.066 -0.000272339 -7.78486e-05
6.067 -0.000270709 -7.78502e-05
6.068 -0.000269045 -7.78501e-05
6.069 -0.000267346 -7.78486e-05
6.07 -0.000265613 -7.78465e-05
6.071 -0.000263847 -7.7845e-05
6.072 -0.000262048 -7.78451e-05
6.073 -0.000260216 -7.78467e-05
6.074 -0.000258351 -7.78488e-05
6.075 -0.000256454 -7.78503e-05
6.076 -0.000254525 -7.78502e-05
6.077 -0.000252565 -7.78484e-05
6.078 -0.000250573 -7.7846e-05
6.079 -0.000248552 -7.78442e-05
6.08 -0.0002465 -7.78441e-05
6.081 -0.000244418 -7.78459e-05
6.082 -0.000242307 -7.78485e-05
6.083 -0.000240166 -7.78507e-05
6.084 -0.000237997 -7.78511e-05
6.085 -0.000235799 -7.78495e-05
6.086 -0.000233574 -7.78467e-05
6.087 -0.00023132 -7.78441e-05
6.088 -0.00022904 -7.7843e-05
6.089 -0.000226733 -7.78441e-05
6.09 -0.0002244 -7.78467e-05
6.091 -0.00022204 -7.78496e-05
6.092 -0.000219656 -7.78512e-05
6.093 -0.000217246 -7.78509e-05
6.094 -0.000214811 -7.78488e-05
6.095 -0.000212352 -7.78461e-05
6.096 -0.000209869 -7.78441e-05
6.097 -0.000207363 -7.78437e-05
6.098 -0.000204833 -7.78449e-05
6.099 -0.000202281 -7.78468e-05
6.1 -0.000199707 -7.78484e-05
6.101 -0.000197111 -7.78487e-05
6.102 -0.000194494 -7.78479e-05
6.103 -0.000191856 -7.78466e-05
6.104 -0.000189197 -7.78457e-05
6.105 -0.000186519 -7.78457e-05
6.106 -0.000183821 -7.78465e-05
6.107 -0.000181104 -7.78475e-05
6.108 -0.000178368 -7.78478e-05
6.109 -0.000175614 -7.7847e-05
6.11 -0.000172842 -7.78454e-05
6.111 -0.000170052 -7.7844e-05
6.112 -0.000167246 -7.78437e-05
6.113 -0.000164423 -7.78448e-05
6.114 -0.000161585 -7.7847e-05
6.115 -0.000158731 -7.7849e-05
6.116 -0.000155862 -7.78498e-05
6.117 -0.000152978 -7.78486e-05
6.118 -0.000150081 -7.7846e-05
6.119 -0.000147169 -7.7843e-05
6.12 -0.000144244 -7.78413e-05
6.121 -0.000141307 -7.78418e-05
6.122 -0.000138357 -7.78442e-05
6.123 -0.000135395 -7.78475e-05
6.124 -0.000132422 -7.78498e-05
6.125 -0.000129438 -7.78502e-05
6.126 -0.000126444 -7.78483e-05
6.127 -0.00012344 -7.78451e-05
6.128 -0.000120427 -7.78423e-05
6.129 -0.000117404 -7.78413e-05
6.13 -0.000114373 -7.78425e-05
6.131 -0.000111334 -7.78453e-05
6.132 -0.000108287 -7.78482e-05
6.133 -0.000105233 -7.78496e-05
6.134 -0.000102172 -7.78489e-05
6.135 -9.91052e-05 -7.78465e-05
6.136 -9.60327e-05 -7.78436e-05
6.137 -9.29551e-05 -7.78419e-05
6.138 -8.98729e-05 -7.7842e-05
6.139 -8.67864e-05 -7.78438e-05
6.14 -8.36961e-05 -7.78463e-05
6.141 -8.06024e-05 -7.78482e-05
6.142 -7.75059e-05 -7.78485e-05
6.143 -7.44069e-05 -7.78473e-05
6.144 -7.13059e-05 -7.78453e-05
6.145 -6.82035e-05 -7.78435e-05
6.146 -6.51001e-05 -7.78429e-05
6.147 -6.19963e-05 -7.78436e-05
6.148 -5.88925e-05 -7.78449e-05
6.149 -5.57893e-05 -7.78461e-05
6.15 -5.2687e-05 -7.78464e-05
6.151 -4.95861e-05 -7.78458e-05
6.152 -4.64871e-05 -7.78449e-05
6.153 -4.33904e-05 -7.78444e-05
6.154 -4.02964e-05 -7.78445e-05
6.155 -3.72056e-05 -7.78452e-05
6.156 -3.41186e-05 -7.78459e-05
6.157 -3.10356e-05 -7.7846e-05
6.158 -2.79574e-05 -7.78452e-05
6.159 -2.48842e-05 -7.7844e-05
6.16 -2.18167e-05 -7.78431e-05
6.161 -1.87551e-05 -7.78431e-05
6.162 -1.57001e-05 -7.78442e-05
6.163 -1.26519e-05 -7.78458e-05
6.164 -9.61102e-06 -7.78471e-05
6.165 -6.57792e-06 -7.78472e-05
6.166 -3.55302e-06 -7.78458e-05
6.167 -5.36758e-07 -7.78436e-05
6.168 2.47039e-06 -7.78418e-05
6.169 5.46799e-06 -7.78413e-05
6.17 8.45556e-06 -7.78426e-05
6.171 1.14327e-05 -7.7845e-05
6.172 1.43989e-05 -7.78473e-05
6.173 1.73539e-05 -7.78481e-05
6.174 2.02971e-05 -7.78468e-05
6.175 2.32283e-05 -7.7844e-05
6.176 2.6147e-05 -7.78411e-05
6.177 2.90527e-05 -7.78396e-05
6.178 3.19451e-05 -7.78404e-05
6.179 3.48239e-05 -7.78432e-05
6.18 3.76884e-05 -7.78465e-05
6.181 4.05385e-05 -7.78486e-05
6.182 4.33735e-05 -7.78485e-05
6.183 4.61932e-05 -7.78461e-05
6.184 4.89971e-05 -7.78427e-05
6.185 5.17849e-05 -7.784e-05
6.186 5.45561e-05 -7.78394e-05
6.187 5.73105e-05 -7.78412e-05
6.188 6.00476e-05 -7.78444e-05
6.189 6.27671e-05 -7.78472e-05
6.19 6.54686e-05 -7.78483e-05
6.191 6.81518e-05 -7.78471e-05
6.192 7.08163e-05 -7.78442e-05
6.193 7.34617e-05 -7.78412e-05
6.194 7.60878e-05 -7.78397e-05
6.195 7.86941e-05 -7.78403e-05
6.196 8.12803e-05 -7.78426e-05
6.197 8.38461e-05 -7.78454e-05
6.198 8.63911e-05 -7.78472e-05
6.199 8.89149e-05 -7.78471e-05
6.2 9.14173e-05 -7.78452e-05
6.201 9.3898e-05 -7.78427e-05
6.202 9.63566e-05 -7.78408e-05
6.203 9.87929e-05 -7.78404e-05
6.204 0.000101206 -7.78416e-05
6.205 0.000103597 -7.78435e-05
6.206 0.000105965 -7.78451e-05
6.207 0.000108309 -7.78456e-05
6.208 0.000110629 -7.78449e-05
6.209 0.000112925 -7.78435e-05
6.21 0.000115196 -7.78422e-05
6.211 0.000117443 -7.78417e-05
6.212 0.000119666 -7.78421e-05
6.213 0.000121862 -7.7843e-05
6.214 0.000124034 -7.78437e-05
6.215 0.00012618 -7.78438e-05
6.216 0.0001283 -7.78434e-05
6.217 0.000130394 -7.78429e-05
6.218 0.000132461 -7.78426e-05
6.219 0.000134502 -7.78427e-05
6.22 0.000136516 -7.78431e-05
6.221 0.000138503 -7.78434e-05
6.222 0.000140462 -7.78432e-05
6.223 0.000142394 -7.78426e-05
6.224 0.000144299 -7.78419e-05
6.225 0.000146176 -7.78417e-05
6.226 0.000148024 -7.78422e-05
6.227 0.000149845 -7.78433e-05
6.228 0.000151637 -7.78444e-05
6.229 0.000153401 -7.78447e-05
6.23 0.000155136 -7.7844e-05
6.231 0.000156842 -7.78423e-05
6.232 0.000158518 -7.78407e-05
6.233 0.000160166 -7.78399e-05
6.234 0.000161784 -7.78405e-05
6.235 0.000163372 -7.78424e-05
6.236 0.000164931 -7.78445e-05
6.237 0.00016646 -7.78457e-05
6.238 0.00016796 -7.78452e-05
6.239 0.000169429 -7.78432e-05
6.24 0.000170869 -7.78407e-05
6.241 0.000172278 -7.7839e-05
6.242 0.000173657 -7.78392e-05
6.243 0.000175005 -7.78412e-05
6.244 0.000176323 -7.7844e-05
6.245 0.00017761 -7.78462e-05
6.246 0.000178866 -7.78464e-05
6.247 0.000180092 -7.78445e-05
6.248 0.000181286 -7.78414e-05
6.249 0.00018245 -7.78387e-05
6.25 0.000183583 -7.78378e-05
6.251 0.000184685 -7.78393e-05
6.252 0.000185756 -7.78423e-05
6.253 0.000186796 -7.78453e-05
6.254 0.000187804 -7.78467e-05
6.255 0.000188782 -7.78457e-05
6.256 0.000189728 -7.78428e-05
6.257 0.000190642 -7.78396e-05
6.258 0.000191526 -7.78378e-05
6.259 0.000192378 -7.78383e-05
6.26 0.000193198 -7.78409e-05
6.261 0.000193988 -7.78442e-05
6.262 0.000194746 -7.78464e-05
6.263 0.000195473 -7.78465e-05
6.264 0.000196169 -7.78443e-05
6.265 0.000196833 -7.78411e-05
6.266 0.000197466 -7.78386e-05
6.267 0.000198068 -7.78381e-05
6.268 0.000198638 -7.78398e-05
6.269 0.000199177 -7.78428e-05
6.27 0.000199685 -7.78454e-05
6.271 0.000200162 -7.78464e-05
6.272 0.000200608 -7.78453e-05
6.273 0.000201022 -7.78428e-05
6.274 0.000201406 -7.78402e-05
6.275 0.000201759 -7.7839e-05
6.276 0.000202081 -7.78396e-05
6.277 0.000202372 -7.78417e-05
6.278 0.000202633 -7.78441e-05
6.279 0.000202862 -7.78455e-05
6.28 0.000203061 -7.78453e-05
6.281 0.00020323 -7.78438e-05
6.282 0.000203368 -7.78417e-05
6.283 0.000203475 -7.78403e-05
6.284 0.000203552 -7.78402e-05
6.285 0.0002036 -7.78413e-05
6.286 0.000203617 -7.78431e-05
6.287 0.000203605 -7.78445e-05
6.288 0.000203562 -7.78449e-05
6.289 0.00020349 -7.78443e-05
6.29 0.000203388 -7.78431e-05
6.291 0.000203256 -7.78421e-05
6.292 0.000203095 -7.78417e-05
6.293 0.000202905 -7.78421e-05
6.294 0.000202686 -7.78428e-05
6.295 0.000202437 -7.78436e-05
6.296 0.00020216 -7.7844e-05
6.297 0.000201854 -7.78439e-05
6.298 0.00020152 -7.78436e-05
6.299 0.000201157 -7.78433e-05
6.3 0.000200766 -7.78431e-05
6.301 0.000200347 -7.78431e-05
6.302 0.000199899 -7.78431e-05
6.303 0.000199424 -7.7843e-05
6.304 0.000198921 -7.7843e-05
6.305 0.00019839 -7.78431e-05
6.306 0.000197832 -7.78435e-05
6.307 0.000197247 -7.78441e-05
6.308 0.000196635 -7.78446e-05
6.309 0.000195997 -7.78447e-05
6.31 0.000195332 -7.78442e-05
6.311 0.00019464 -7.78432e-05
6.312 0.000193922 -7.78423e-05
6.313 0.000193178 -7.7842e-05
6.314 0.000192407 -7.78426e-05
6.315 0.000191611 -7.78439e-05
6.316 0.00019079 -7.78452e-05
6.317 0.000189943 -7.78459e-05
6.318 0.000189071 -7.78453e-05
6.319 0.000188174 -7.78438e-05
6.32 0.000187253 -7.78421e-05
6.321 0.000186307 -7.78411e-05
6.322 0.000185337 -7.78414e-05
6.323 0.000184343 -7.78431e-05
6.324 0.000183324 -7.78452e-05
6.325 0.000182282 -7.78467e-05
6.326 0.000181217 -7.78467e-05
6.327 0.000180128 -7.78451e-05
6.328 0.000179016 -7.78428e-05
6.329 0.000177882 -7.7841e-05
6.33 0.000176725 -7.78407e-05
6.331 0.000175546 -7.78422e-05
6.332 0.000174345 -7.78447e-05
6.333 0.000173122 -7.78469e-05
6.334 0.000171878 -7.78475e-05
6.335 0.000170612 -7.78462e-05
6.336 0.000169325 -7.78436e-05
6.337 0.000168016 -7.78411e-05
6.338 0.000166688 -7.78402e-05
6.339 0.000165338 -7.78414e-05
6.34 0.000163969 -7.78441e-05
6.341 0.00016258 -7.78469e-05
6.342 0.000161172 -7.78484e-05
6.343 0.000159744 -7.78476e-05
6.344 0.000158297 -7.78449e-05
6.345 0.000156832 -7.78417e-05
6.346 0.000155347 -7.78399e-05
6.347 0.000153845 -7.78403e-05
6.348 0.000152324 -7.78428e-05
6.349 0.000150785 -7.78462e-05
6.35 0.000149229 -7.78486e-05
6.351 0.000147655 -7.78489e-05
6.352 0.000146064 -7.78468e-05
6.353 0.000144457 -7.78436e-05
6.354 0.000142834 -7.78409e-05
6.355 0.000141195 -7.78401e-05
6.356 0.00013954 -7.78416e-05
6.357 0.000137869 -7.78445e-05
6.358 0.000136183 -7.78473e-05
6.359 0.000134482 -7.78485e-05
6.36 0.000132765 -7.78476e-05
6.361 0.000131035 -7.78452e-05
6.362 0.00012929 -7.78427e-05
6.363 0.000127531 -7.78416e-05
6.364 0.000125759 -7.78423e-05
6.365 0.000123973 -7.78445e-05
6.366 0.000122175 -7.78469e-05
6.367 0.000120364 -7.7848e-05
6.368 0.000118541 -7.78472e-05
6.369 0.000116706 -7.7845e-05
6.37 0.000114859 -7.78426e-05
6.371 0.000113 -7.78413e-05
6.372 0.00011113 -7.7842e-05
6.373 0.000109248 -7.78443e-05
6.374 0.000107357 -7.78469e-05
6.375 0.000105455 -7.78486e-05
6.376 0.000103543 -7.78485e-05
6.377 0.000101621 -7.78465e-05
6.378 9.96907e-05 -7.78437e-05
6.379 9.7751e-05 -7.78415e-05
6.38 9.58026e-05 -7.78411e-05
6.381 9.38456e-05 -7.78425e-05
6.382 9.18803e-05 -7.7845e-05
6.383 8.99071e-05 -7.78474e-05
6.384 8.79263e-05 -7.78486e-05
6.385 8.59382e-05 -7.78481e-05
6.386 8.39433e-05 -7.78463e-05
6.387 8.19418e-05 -7.78442e-05
6.388 7.99343e-05 -7.78429e-05
6.389 7.79208e-05 -7.78428e-05
6.39 7.59018e-05 -7.78438e-05
6.391 7.38775e-05 -7.78453e-05
6.392 7.18482e-05 -7.78466e-05
6.393 6.98141e-05 -7.7847e-05
6.394 6.77755e-05 -7.78466e-05
6.395 6.57327e-05 -7.78458e-05
6.396 6.36862e-05 -7.78449e-05
6.397 6.16362e-05 -7.78445e-05
6.398 5.95831e-05 -7.78446e-05
6.399 5.75273e-05 -7.78451e-05
6.4 5.54691e-05 -7.78456e-05
6.401 5.34089e-05 -7.78459e-05
6.402 5.13467e-05 -7.78461e-05
6.403 4.92831e-05 -7.7846e-05
6.404 4.72182e-05 -7.78459e-05
6.405 4.51522e-05 -7.78457e-05
6.406 4.30856e-05 -7.78456e-05
6.407 4.10187e-05 -7.78455e-05
6.408 3.89518e-05 -7.78455e-05
6.409 3.68852e-05 -7.78454e-05
6.41 3.48194e-05 -7.78455e-05
6.411 3.27546e-05 -7.78456e-05
6.412 3.06912e-05 -7.78458e-05
6.413 2.86294e-05 -7.78459e-05
6.414 2.65695e-05 -7.7846e-05
6.415 2.45117e-05 -7.78459e-05
6.416 2.24565e-05 -7.78458e-05
6.417 2.04039e-05 -7.78458e-05
6.418 1.83544e-05 -7.7846e-05
6.419 1.63083e-05 -7.78462e-05
6.42 1.42659e-05 -7.78463e-05
6.421 1.22276e-05 -7.7846e-05
6.422 1.01936e-05 -7.78455e-05
6.423 8.16435e-06 -7.7845e-05
6.424 6.14009e-06 -7.78448e-05
6.425 4.12111e-06 -7.78452e-05
6.426 2.10766e-06 -7.78461e-05
6.427 1.00011e-07 -7.78473e-05
6.428 -1.90157e-06 -7.78479e-05
6.429 -3.89681e-06 -7.78477e-05
6.43 -5.88542e-06 -7.78465e-05
6.431 -7.8671e-06 -7.78449e-05
6.432 -9.84155e-06 -7.78436e-05
6.433 -1.18085e-05 -7.78435e-05
6.434 -1.37675e-05 -7.78447e-05
6.435 -1.57185e-05 -7.78468e-05
6.436 -1.76611e-05 -7.78487e-05
6.437 -1.9595e-05 -7.78494e-05
6.438 -2.15199e-05 -7.78484e-05
6.439 -2.34357e-05 -7.78461e-05
6.44 -2.5342e-05 -7.78436e-05
6.441 -2.72385e-05 -7.78423e-05
6.442 -2.91251e-05 -7.78429e-05
6.443 -3.10014e-05 -7.78452e-05
6.444 -3.28672e-05 -7.78481e-05
6.445 -3.47222e-05 -7.78501e-05
6.446 -3.65663e-05 -7.78502e-05
6.447 -3.83991e-05 -7.78482e-05
6.448 -4.02204e-05 -7.78451e-05
6.449 -4.203e-05 -7.78425e-05
6.45 -4.38276e-05 -7.78418e-05
6.451 -4.56129e-05 -7.78432e-05
6.452 -4.73857e-05 -7.78461e-05
6.453 -4.91457e-05 -7.78489e-05
6.454 -5.08928e-05 -7.785e-05
6.455 -5.26266e-05 -7.78491e-05
6.456 -5.4347e-05 -7.78465e-05
6.457 -5.60537e-05 -7.78437e-05
6.458 -5.77467e-05 -7.78422e-05
6.459 -5.94255e-05 -7.78427e-05
6.46 -6.10902e-05 -7.78449e-05
6.461 -6.27404e-05 -7.78476e-05
6.462 -6.43759e-05 -7.78492e-05
6.463 -6.59965e-05 -7.78489e-05
6.464 -6.7602e-05 -7.7847e-05
6.465 -6.91921e-05 -7.78445e-05
6.466 -7.07667e-05 -7.78429e-05
6.467 -7.23256e-05 -7.7843e-05
6.468 -7.38685e-05 -7.78447e-05
6.469 -7.53954e-05 -7.78469e-05
6.47 -7.6906e-05 -7.78484e-05
6.471 -7.84002e-05 -7.78481e-05
6.472 -7.98779e-05 -7.78464e-05
6.473 -8.13388e-05 -7.78442e-05
6.474 -8.27827e-05 -7.78429e-05
6.475 -8.42096e-05 -7.78432e-05
6.476 -8.56192e-05 -7.7845e-05
6.477 -8.70113e-05 -7.78472e-05
6.478 -8.83858e-05 -7.78485e-05
6.479 -8.97425e-05 -7.78481e-05
6.48 -9.10814e-05 -7.7846e-05
6.481 -9.24022e-05 -7.78435e-05
6.482 -9.37049e-05 -7.78419e-05
6.483 -9.49893e-05 -7.78422e-05
6.484 -9.62553e-05 -7.78443e-05
6.485 -9.75028e-05 -7.7847e-05
6.486 -9.87316e-05 -7.78489e-05
6.487 -9.99415e-05 -7.78488e-05
6.488 -0.000101133 -7.78467e-05
6.489 -0.000102305 -7.78437e-05
6.49 -0.000103457 -7.78414e-05
6.491 -0.000104591 -7.78411e-05
6.492 -0.000105705 -7.7843e-05
6.493 -0.000106799 -7.78461e-05
6.494 -0.000107874 -7.78488e-05
6.495 -0.00010893 -7.78496e-05
6.496 -0.000109966 -7.7848e-05
6.497 -0.000110981 -7.78449e-05
6.498 -0.000111977 -7.78419e-05
6.499 -0.000112954 -7.78405e-05
6.5 -0.000113909 -7.78414e-05
6.501 -0.000114845 -7.78442e-05
6.502 -0.000115761 -7.78473e-05
6.503 -0.000116656 -7.78492e-05
6.504 -0.000117531 -7.78488e-05
6.505 -0.000118385 -7.78466e-05
6.506 -0.000119219 -7.78436e-05
6.507 -0.000120033 -7.78414e-05
6.508 -0.000120826 -7.78411e-05
6.509 -0.000121598 -7.78428e-05
6.51 -0.00012235 -7.78455e-05
6.511 -0.000123081 -7.78478e-05
6.512 -0.000123792 -7.78486e-05
6.513 -0.000124481 -7.78475e-05
6.514 -0.00012515 -7.78453e-05
6.515 -0.000125798 -7.7843e-05
6.516 -0.000126426 -7.78419e-05
6.517 -0.000127032 -7.78423e-05
6.518 -0.000127618 -7.78439e-05
6.519 -0.000128182 -7.78457e-05
6.52 -0.000128726 -7.7847e-05
6.521 -0.000129249 -7.7847e-05
6.522 -0.000129751 -7.78459e-05
6.523 -0.000130233 -7.78445e-05
6.524 -0.000130693 -7.78433e-05
6.525 -0.000131133 -7.7843e-05
6.526 -0.000131552 -7.78435e-05
6.527 -0.00013195 -7.78445e-05
6.528 -0.000132327 -7.78454e-05
6.529 -0.000132683 -7.78458e-05
6.53 -0.000133019 -7.78456e-05
6.531 -0.000133333 -7.7845e-05
6.532 -0.000133628 -7.78444e-05
6.533 -0.000133901 -7.7844e-05
6.534 -0.000134154 -7.78439e-05
6.535 -0.000134386 -7.78441e-05
6.536 -0.000134598 -7.78444e-05
6.537 -0.000134789 -7.78445e-05
6.538 -0.00013496 -7.78446e-05
6.539 -0.00013511 -7.78446e-05
6.54 -0.00013524 -7.78446e-05
6.541 -0.000135349 -7.78446e-05
6.542 -0.000135439 -7.78445e-05
6.543 -0.000135508 -7.78444e-05
6.544 -0.000135557 -7.78443e-05
6.545 -0.000135585 -7.78441e-05
6.546 -0.000135594 -7.78439e-05
6.547 -0.000135583 -7.78439e-05
6.548 -0.000135552 -7.78441e-05
6.549 -0.000135502 -7.78443e-05
6.55 -0.000135431 -7.78445e-05
6.551 -0.000135341 -7.78446e-05
6.552 -0.000135231 -7.78445e-05
6.553 -0.000135102 -7.78443e-05
6.554 -0.000134953 -7.7844e-05
6.555 -0.000134785 -7.78438e-05
6.556 -0.000134598 -7.78436e-05
6.557 -0.000134392 -7.78436e-05
6.558 -0.000134167 -7.78438e-05
6.559 -0.000133923 -7.78442e-05
6.56 -0.00013366 -7.78446e-05
6.561 -0.000133378 -7.78449e-05
6.562 -0.000133078 -7.78449e-05
6.563 -0.000132759 -7.78446e-05
6.564 -0.000132421 -7.7844e-05
6.565 -0.000132066 -7.78433e-05
6.566 -0.000131692 -7.78429e-05
6.567 -0.0001313 -7.7843e-05
6.568 -0.00013089 -7.78437e-05
6.569 -0.000130462 -7.78446e-05
6.57 -0.000130017 -7.78454e-05
6.571 -0.000129554 -7.78456e-05
6.572 -0.000129073 -7.78449e-05
6.573 -0.000128575 -7.78436e-05
6.574 -0.00012806 -7.78423e-05
6.575 -0.000127528 -7.78416e-05
6.576 -0.000126979 -7.7842e-05
6.577 -0.000126412 -7.78434e-05
6.578 -0.00012583 -7.78451e-05
6.579 -0.00012523 -7.78463e-05
6.58 -0.000124614 -7.78462e-05
6.581 -0.000123982 -7.78448e-05
6.582 -0.000123334 -7.78427e-05
6.583 -0.00012267 -7.7841e-05
6.584 -0.00012199 -7.78406e-05
6.585 -0.000121294 -7.78419e-05
6.586 -0.000120582 -7.78442e-05
6.587 -0.000119855 -7.78464e-05
6.588 -0.000119113 -7.78472e-05
6.589 -0.000118356 -7.78462e-05
6.59 -0.000117583 -7.78437e-05
6.591 -0.000116796 -7.7841e-05
6.592 -0.000115994 -7.78395e-05
6.593 -0.000115178 -7.78401e-05
6.594 -0.000114347 -7.78425e-05
6.595 -0.000113503 -7.78455e-05
6.596 -0.000112644 -7.78476e-05
6.597 -0.000111771 -7.78476e-05
6.598 -0.000110884 -7.78455e-05
6.599 -0.000109984 -7.78423e-05
6.6 -0.000109071 -7.78397e-05
6.601 -0.000108144 -7.7839e-05
6.602 -0.000107204 -7.78407e-05
6.603 -0.000106252 -7.78438e-05
6.604 -0.000105287 -7.78466e-05
6.605 -0.000104309 -7.78477e-05
6.606 -0.000103319 -7.78466e-05
6.607 -0.000102316 -7.78438e-05
6.608 -0.000101302 -7.78409e-05
6.609 -0.000100276 -7.78395e-05
6.61 -9.92385e-05 -7.78402e-05
6.611 -9.81893e-05 -7.78426e-05
6.612 -9.71288e-05 -7.78454e-05
6.613 -9.60573e-05 -7.78469e-05
6.614 -9.49748e-05 -7.78464e-05
6.615 -9.38816e-05 -7.78442e-05
6.616 -9.27779e-05 -7.78414e-05
6.617 -9.16639e-05 -7.78397e-05
6.618 -9.05396e-05 -7.784e-05
6.619 -8.94054e-05 -7.78421e-05
6.62 -8.82614e-05 -7.78448e-05
6.621 -8.71078e-05 -7.78467e-05
6.622 -8.59448e-05 -7.78468e-05
6.623 -8.47727e-05 -7.7845e-05
6.624 -8.35915e-05 -7.78424e-05
6.625 -8.24015e-05 -7.78404e-05
6.626 -8.12029e-05 -7.78399e-05
6.627 -7.99959e-05 -7.78412e-05
6.628 -7.87806e-05 -7.78434e-05
6.629 -7.75573e-05 -7.78452e-05
6.63 -7.63262e-05 -7.78458e-05
6.631 -7.50874e-05 -7.7845e-05
6.632 -7.38411e-05 -7.78433e-05
6.633 -7.25877e-05 -7.78419e-05
6.634 -7.13272e-05 -7.78416e-05
6.635 -7.00599e-05 -7.78423e-05
6.636 -6.87859e-05 -7.78436e-05
6.637 -6.75056e-05 -7.78446e-05
6.638 -6.62191e-05 -7.78446e-05
6.639 -6.49266e-05 -7.78436e-05
6.64 -6.36282e-05 -7.78423e-05
6.641 -6.23242e-05 -7.78416e-05
6.642 -6.10149e-05 -7.78421e-05
6.643 -5.97003e-05 -7.78435e-05
6.644 -5.83808e-05 -7.78451e-05
6.645 -5.70565e-05 -7.78458e-05
6.646 -5.57276e-05 -7.78452e-05
6.647 -5.43944e-05 -7.78435e-05
6.648 -5.3057e-05 -7.78417e-05
6.649 -5.17157e-05 -7.78408e-05
6.65 -5.03707e-05 -7.78414e-05
6.651 -4.90221e-05 -7.78432e-05
6.652 -4.76702e-05 -7.78453e-05
6.653 -4.63152e-05 -7.78464e-05
6.654 -4.49574e-05 -7.7846e-05
6.655 -4.35969e-05 -7.78441e-05
6.656 -4.22339e-05 -7.78419e-05
6.657 -4.08687e-05 -7.78406e-05
6.658 -3.95014e-05 -7.78409e-05
6.659 -3.81323e-05 -7.78428e-05
6.66 -3.67615e-05 -7.78451e-05
6.661 -3.53892e-05 -7.78467e-05
6.662 -3.40158e-05 -7.78465e-05
6.663 -3.26413e-05 -7.78448e-05
6.664 -3.12661e-05 -7.78425e-05
6.665 -2.98903e-05 -7.78409e-05
6.666 -2.85142e-05 -7.7841e-05
6.667 -2.7138e-05 -7.78428e-05
6.668 -2.57618e-05 -7.78452e-05
6.669 -2.43858e-05 -7.7847e-05
6.67 -2.30103e-05 -7.7847e-05
6.671 -2.16354e-05 -7.78452e-05
6.672 -2.02614e-05 -7.78426e-05
6.673 -1.88884e-05 -7.78406e-05
6.674 -1.75167e-05 -7.78403e-05
6.675 -1.61465e-05 -7.78421e-05
6.676 -1.4778e-05 -7.7845e-05
6.677 -1.34114e-05 -7.78475e-05
6.678 -1.20471e-05 -7.78482e-05
6.679 -1.0685e-05 -7.78467e-05
6.68 -9.3255e-06 -7.78437e-05
6.681 -7.96868e-06 -7.78409e-05
6.682 -6.61474e-06 -7.78396e-05
6.683 -5.26386e-06 -7.78406e-05
6.684 -3.91623e-06 -7.78434e-05
6.685 -2.57206e-06 -7.78465e-05
6.686 -1.23156e-06 -7.78484e-05
6.687 1.05034e-07 -7.7848e-05
6.688 1.43751e-06 -7.78457e-05
6.689 2.76566e-06 -7.78426e-05
6.69 4.08929e-06 -7.78403e-05
6.691 5.40821e-06 -7.784e-05
6.692 6.72227e-06 -7.78417e-05
6.693 8.03128e-06 -7.78446e-05
6.694 9.33509e-06 -7.78471e-05
6.695 1.06335e-05 -7.7848e-05
6.696 1.19264e-05 -7.7847e-05
6.697 1.32135e-05 -7.78447e-05
6.698 1.44947e-05 -7.78422e-05
6.699 1.57697e-05 -7.78409e-05
6.7 1.70384e-05 -7.78413e-05
6.701 1.83006e-05 -7.7843e-05
6.702 1.9556e-05 -7.78452e-05
6.703 2.08046e-05 -7.78467e-05
6.704 2.20462e-05 -7.78468e-05
6.705 2.32806e-05 -7.78456e-05
6.706 2.45076e-05 -7.78438e-05
6.707 2.57272e-05 -7.78425e-05
6.708 2.69391e-05 -7.78421e-05
6.709 2.81431e-05 -7.7843e-05
6.71 2.93391e-05 -7.78444e-05
6.711 3.05269e-05 -7.78457e-05
6.712 3.17063e-05 -7.78462e-05
6.713 3.28772e-05 -7.78457e-05
6.714 3.40395e-05 -7.78445e-05
6.715 3.5193e-05 -7.78434e-05
6.716 3.63376e-05 -7.78428e-05
6.717 3.74731e-05 -7.78431e-05
6.718 3.85994e-05 -7.78441e-05
6.719 3.97163e-05 -7.78452e-05
6.72 4.08236e-05 -7.78459e-05
6.721 4.19213e-05 -7.78458e-05
6.722 4.30091e-05 -7.7845e-05
6.723 4.40869e-05 -7.78439e-05
6.724 4.51547e-05 -7.78431e-05
6.725 4.62123e-05 -7.7843e-05
6.726 4.72595e-05 -7.78437e-05
6.727 4.82963e-05 -7.78448e-05
6.728 4.93225e-05 -7.78458e-05
6.729 5.0338e-05 -7.78463e-05
6.73 5.13427e-05 -7.78459e-05
6.731 5.23364e-05 -7.78449e-05
6.732 5.3319e-05 -7.78438e-05
6.733 5.42904e-05 -7.7843e-05
6.734 5.52504e-05 -7.7843e-05
6.735 5.61991e-05 -7.78438e-05
6.736 5.71362e-05 -7.7845e-05
6.737 5.80618e-05 -7.7846e-05
6.738 5.89757e-05 -7.78465e-05
6.739 5.98777e-05 -7.78461e-05
6.74 6.07679e-05 -7.78451e-05
6.741 6.16461e-05 -7.78439e-05
6.742 6.25121e-05 -7.78431e-05
6.743 6.33658e-05 -7.78431e-05
6.744 6.42073e-05 -7.78438e-05
6.745 6.50363e-05 -7.78449e-05
6.746 6.58529e-05 -7.78459e-05
6.747 6.6657e-05 -7.78464e-05
6.748 6.74484e-05 -7.78461e-05
6.749 6.82272e-05 -7.78453e-05
6.75 6.89933e-05 -7.78442e-05
6.751 6.97466e-05 -7.78435e-05
6.752 7.0487e-05 -7.78434e-05
6.753 7.12144e-05 -7.78438e-05
6.754 7.19287e-05 -7.78447e-05
6.755 7.26298e-05 -7.78455e-05
6.756 7.33178e-05 -7.7846e-05
6.757 7.39925e-05 -7.78459e-05
6.758 7.4654e-05 -7.78455e-05
6.759 7.53022e-05 -7.78449e-05
6.76 7.5937e-05 -7.78444e-05
6.761 7.65585e-05 -7.78441e-05
6.762 7.71665e-05 -7.78441e-05
6.763 7.7761e-05 -7.78444e-05
6.764 7.83419e-05 -7.78449e-05
6.765 7.89092e-05 -7.78454e-05
6.766 7.94628e-05 -7.78458e-05
6.767 8.00027e-05 -7.7846e-05
6.768 8.0529e-05 -7.78459e-05
6.769 8.10415e-05 -7.78454e-05
6.77 8.15404e-05 -7.78448e-05
6.771 8.20255e-05 -7.78441e-05
6.772 8.24968e-05 -7.78438e-05
6.773 8.29544e-05 -7.7844e-05
6.774 8.33982e-05 -7.78448e-05
6.775 8.3828e-05 -7.78458e-05
6.776 8.42439e-05 -7.78466e-05
6.777 8.46459e-05 -7.78467e-05
6.778 8.5034e-05 -7.78461e-05
6.779 8.54082e-05 -7.78449e-05
6.78 8.57685e-05 -7.78438e-05
6.781 8.6115e-05 -7.78433e-05
6.782 8.64476e-05 -7.78437e-05
6.783 8.67664e-05 -7.7845e-05
6.784 8.70714e-05 -7.78464e-05
6.785 8.73625e-05 -7.78472e-05
6.786 8.76396e-05 -7.78471e-05
6.787 8.79029e-05 -7.7846e-05
6.788 8.81522e-05 -7.78444e-05
6.789 8.83876e-05 -7.78433e-05
6.79 8.86091e-05 -7.78432e-05
6.791 8.88169e-05 -7.78442e-05
6.792 8.90109e-05 -7.78458e-05
6.793 8.91912e-05 -7.78471e-05
6.794 8.93579e-05 -7.78474e-05
6.795 8.95109e-05 -7.78465e-05
6.796 8.96501e-05 -7.78448e-05
6.797 8.97757e-05 -7.78434e-05
6.798 8.98876e-05 -7.78431e-05
6.799 8.99858e-05 -7.7844e-05
6.8 9.00704e-05 -7.78457e-05
6.801 9.01414e-05 -7.78472e-05
6.802 9.0199e-05 -7.78477e-05
6.803 9.02431e-05 -7.78468e-05
6.804 9.0274e-05 -7.78449e-05
6.805 9.02916e-05 -7.78433e-05
6.806 9.02959e-05 -7.78428e-05
6.807 9.02869e-05 -7.78438e-05
6.808 9.02647e-05 -7.78458e-05
6.809 9.02292e-05 -7.78477e-05
6.81 9.01804e-05 -7.78484e-05
6.811 9.01185e-05 -7.78473e-05
6.812 9.00435e-05 -7.7845e-05
6.813 8.99555e-05 -7.78428e-05
6.814 8.98547e-05 -7.78419e-05
6.815 8.97412e-05 -7.78429e-05
6.816 8.9615e-05 -7.78454e-05
6.817 8.94761e-05 -7.7848e-05
6.818 8.93247e-05 -7.78493e-05
6.819 8.91607e-05 -7.78485e-05
6.82 8.8984e-05 -7.78458e-05
6.821 8.87948e-05 -7.78428e-05
6.822 8.8593e-05 -7.78409e-05
6.823 8.83788e-05 -7.78414e-05
6.824 8.81523e-05 -7.7844e-05
6.825 8.79137e-05 -7.78474e-05
6.826 8.7663e-05 -7.78498e-05
6.827 8.74004e-05 -7.78498e-05
6.828 8.71259e-05 -7.78474e-05
6.829 8.68397e-05 -7.78438e-05
6.83 8.65417e-05 -7.78409e-05
6.831 8.6232e-05 -7.78403e-05
6.832 8.59106e-05 -7.78422e-05
6.833 8.55775e-05 -7.78458e-05
6.834 8.52328e-05 -7.7849e-05
6.835 8.48767e-05 -7.78502e-05
6.836 8.45093e-05 -7.78487e-05
6.837 8.41307e-05 -7.78453e-05
6.838 8.37411e-05 -7.78419e-05
6.839 8.33405e-05 -7.78402e-05
6.84 8.29291e-05 -7.78412e-05
6.841 8.25069e-05 -7.78442e-05
6.842 8.2074e-05 -7.78476e-05
6.843 8.16303e-05 -7.78497e-05
6.844 8.1176e-05 -7.78493e-05
6.845 8.07111e-05 -7.78467e-05
6.846 8.02357e-05 -7.78433e-05
6.847 7.97501e-05 -7.7841e-05
6.848 7.92544e-05 -7.78408e-05
6.849 7.87487e-05 -7.78428e-05
6.85 7.82331e-05 -7.78458e-05
6.851 7.77078e-05 -7.78481e-05
6.852 7.71728e-05 -7.78487e-05
6.853 7.66281e-05 -7.78473e-05
6.854 7.60738e-05 -7.78448e-05
6.855 7.551e-05 -7.78426e-05
6.856 7.49367e-05 -7.78418e-05
6.857 7.43541e-05 -7.78427e-05
6.858 7.37623e-05 -7.78447e-05
6.859 7.31616e-05 -7.78465e-05
6.86 7.2552e-05 -7.78471e-05
6.861 7.19338e-05 -7.78463e-05
6.862 7.13071e-05 -7.78447e-05
6.863 7.06719e-05 -7.78433e-05
6.864 7.00282e-05 -7.78429e-05
6.865 6.93763e-05 -7.78437e-05
6.866 6.87159e-05 -7.78451e-05
6.867 6.80474e-05 -7.78464e-05
6.868 6.73708e-05 -7.78467e-05
6.869 6.66863e-05 -7.78458e-05
6.87 6.5994e-05 -7.78444e-05
6.871 6.52942e-05 -7.78432e-05
6.872 6.4587e-05 -7.7843e-05
6.873 6.38726e-05 -7.78438e-05
6.874 6.3151e-05 -7.7845e-05
6.875 6.24224e-05 -7.7846e-05
6.876 6.16867e-05 -7.78462e-05
6.877 6.09441e-05 -7.78455e-05
6.878 6.01946e-05 -7.78443e-05
6.879 5.94384e-05 -7.78435e-05
6.88 5.86756e-05 -7.78435e-05
6.881 5.79064e-05 -7.78443e-05
6.882 5.7131e-05 -7.78454e-05
6.883 5.63495e-05 -7.78461e-05
6.884 5.55622e-05 -7.7846e-05
6.885 5.47692e-05 -7.7845e-05
6.886 5.39705e-05 -7.78438e-05
6.887 5.31662e-05 -7.7843e-05
6.888 5.23564e-05 -7.78431e-05
6.889 5.15412e-05 -7.78441e-05
6.89 5.07206e-05 -7.78455e-05
6.891 4.98949e-05 -7.78463e-05
6.892 4.90642e-05 -7.78463e-05
6.893 4.82287e-05 -7.78454e-05
6.894 4.73886e-05 -7.78441e-05
6.895 4.65441e-05 -7.78431e-05
6.896 4.56954e-05 -7.78429e-05
6.897 4.48424e-05 -7.78436e-05
6.898 4.39854e-05 -7.78447e-05
6.899 4.31244e-05 -7.78456e-05
6.9 4.22594e-05 -7.78458e-05
6.901 4.13906e-05 -7.78454e-05
6.902 4.05182e-05 -7.78446e-05
6.903 3.96422e-05 -7.78439e-05
6.904 3.87629e-05 -7.78437e-05
6.905 3.78805e-05 -7.7844e-05
6.906 3.69951e-05 -7.78444e-05
6.907 3.6107e-05 -7.78447e-05
6.908 3.52162e-05 -7.78445e-05
6.909 3.43229e-05 -7.78442e-05
6.91 3.34271e-05 -7.7844e-05
6.911 3.2529e-05 -7.78442e-05
6.912 3.16285e-05 -7.78447e-05
6.913 3.07259e-05 -7.78453e-05
6.914 2.98213e-05 -7.78455e-05
6.915 2.89149e-05 -7.7845e-05
6.916 2.8007e-05 -7.7844e-05
6.917 2.70976e-05 -7.7843e-05
6.918 2.61869e-05 -7.78426e-05
6.919 2.52752e-05 -7.78431e-05
6.92 2.43624e-05 -7.78443e-05
6.921 2.34488e-05 -7.78457e-05
6.922 2.25343e-05 -7.78464e-05
6.923 2.1619e-05 -7.7846e-05
6.924 2.07031e-05 -7.78445e-05
6.925 1.97868e-05 -7.78429e-05
6.926 1.88702e-05 -7.78419e-05
6.927 1.79535e-05 -7.78421e-05
6.928 1.70369e-05 -7.78436e-05
6.929 1.61206e-05 -7.78456e-05
6.93 1.52048e-05 -7.78469e-05
6.931 1.42895e-05 -7.78468e-05
6.932 1.33749e-05 -7.78453e-05
6.933 1.2461e-05 -7.78431e-05
6.934 1.15478e-05 -7.78415e-05
6.935 1.06356e-05 -7.78413e-05
6.936 9.7244e-06 -7.78428e-05
6.937 8.81437e-06 -7.78451e-05
6.938 7.90571e-06 -7.78471e-05
6.939 6.99864e-06 -7.78475e-05
6.94 6.09334e-06 -7.78461e-05
6.941 5.18999e-06 -7.78436e-05
6.942 4.28872e-06 -7.78413e-05
6.943 3.38961e-06 -7.78404e-05
6.944 2.49276e-06 -7.78415e-05
6.945 1.59822e-06 -7.78441e-05
6.946 7.06071e-07 -7.78468e-05
6.947 -1.83589e-07 -7.78482e-05
6.948 -1.07062e-06 -7.78475e-05
6.949 -1.95487e-06 -7.7845e-05
6.95 -2.83613e-06 -7.7842e-05
6.951 -3.71423e-06 -7.784e-05
6.952 -4.589e-06 -7.78401e-05
6.953 -5.46028e-06 -7.78422e-05
6.954 -6.32797e-06 -7.78452e-05
6.955 -7.19198e-06 -7.78476e-05
6.956 -8.05225e-06 -7.78481e-05
6.957 -8.90871e-06 -7.78466e-05
6.958 -9.76127e-06 -7.78437e-05
6.959 -1.06098e-05 -7.78411e-05
6.96 -1.14543e-05 -7.784e-05
6.961 -1.22944e-05 -7.78409e-05
6.962 -1.313e-05 -7.78434e-05
6.963 -1.39611e-05 -7.7846e-05
6.964 -1.47873e-05 -7.78475e-05
6.965 -1.56086e-05 -7.78471e-05
6.966 -1.6425e-05 -7.78452e-05
6.967 -1.72363e-05 -7.78428e-05
6.968 -1.80424e-05 -7.78411e-05
6.969 -1.88434e-05 -7.78411e-05
6.97 -1.96392e-05 -7.78425e-05
6.971 -2.04295e-05 -7.78445e-05
6.972 -2.12144e-05 -7.78461e-05
6.973 -2.19937e-05 -7.78464e-05
6.974 -2.27671e-05 -7.78453e-05
6.975 -2.35346e-05 -7.78435e-05
6.976 -2.42961e-05 -7.78421e-05
6.977 -2.50514e-05 -7.78417e-05
6.978 -2.58004e-05 -7.78426e-05
6.979 -2.65432e-05 -7.78442e-05
6.98 -2.72796e-05 -7.78455e-05
6.981 -2.80096e-05 -7.78458e-05
6.982 -2.87332e-05 -7.7845e-05
6.983 -2.94502e-05 -7.78436e-05
6.984 -3.01606e-05 -7.78423e-05
6.985 -3.08641e-05 -7.78419e-05
6.986 -3.15608e-05 -7.78427e-05
6.987 -3.22505e-05 -7.78441e-05
6.988 -3.2933e-05 -7.78454e-05
6.989 -3.36083e-05 -7.78458e-05
6.99 -3.42763e-05 -7.78451e-05
6.991 -3.49369e-05 -7.78437e-05
6.992 -3.55902e-05 -7.78423e-05
6.993 -3.62361e-05 -7.78418e-05
6.994 -3.68744e-05 -7.78423e-05
6.995 -3.75052e-05 -7.78436e-05
6.996 -3.81284e-05 -7.78451e-05
6.997 -3.87439e-05 -7.78458e-05
6.998 -3.93515e-05 -7.78455e-05
6.999 -3.99513e-05 -7.78442e-05
7 -4.05431e-05 -7.78428e-05
7.001 -4.11268e-05 -7.78419e-05
7.002 -4.17024e-05 -7.78421e-05
7.003 -4.22699e-05 -7.78433e-05
7.004 -4.28292e-05 -7.78447e-05
7.005 -4.33802e-05 -7.78456e-05
7.006 -4.39229e-05 -7.78455e-05
7.007 -4.44573e-05 -7.78445e-05
7.008 -4.49834e-05 -7.78431e-05
7.009 -4.5501e-05 -7.78422e-05
7.01 -4.601e-05 -7.78422e-05
7.011 -4.65106e-05 -7.78432e-05
7.012 -4.70025e-05 -7.78446e-05
7.013 -4.74858e-05 -7.78456e-05
7.014 -4.79603e-05 -7.78457e-05
7.015 -4.84261e-05 -7.78447e-05
7.016 -4.88831e-05 -7.78431e-05
7.017 -4.93313e-05 -7.7842e-05
7.018 -4.97707e-05 -7.78419e-05
7.019 -5.02012e-05 -7.7843e-05
7.02 -5.06228e-05 -7.78447e-05
7.021 -5.10355e-05 -7.78461e-05
7.022 -5.14392e-05 -7.78464e-05
7.023 -5.1834e-05 -7.78454e-05
7.024 -5.22197e-05 -7.78435e-05
7.025 -5.25964e-05 -7.78418e-05
7.026 -5.29639e-05 -7.78412e-05
7.027 -5.33223e-05 -7.78421e-05
7.028 -5.36716e-05 -7.78441e-05
7.029 -5.40117e-05 -7.78462e-05
7.03 -5.43426e-05 -7.78473e-05
7.031 -5.46644e-05 -7.78467e-05
7.032 -5.4977e-05 -7.78448e-05
7.033 -5.52805e-05 -7.78424e-05
7.034 -5.55749e-05 -7.78408e-05
7.035 -5.586e-05 -7.78409e-05
7.036 -5.61359e-05 -7.78426e-05
7.037 -5.64025e-05 -7.78451e-05
7.038 -5.66598e-05 -7.78472e-05
7.039 -5.69078e-05 -7.78477e-05
7.04 -5.71465e-05 -7.78465e-05
7.041 -5.7376e-05 -7.78441e-05
7.042 -5.75961e-05 -7.78417e-05
7.043 -5.78071e-05 -7.78407e-05
7.044 -5.80089e-05 -7.78414e-05
7.045 -5.82015e-05 -7.78435e-05
7.046 -5.8385e-05 -7.7846e-05
7.047 -5.85592e-05 -7.78475e-05
7.048 -5.87241e-05 -7.78473e-05
7.049 -5.88798e-05 -7.78457e-05
7.05 -5.90262e-05 -7.78434e-05
7.051 -5.91634e-05 -7.78416e-05
7.052 -5.92913e-05 -7.78412e-05
7.053 -5.941e-05 -7.78424e-05
7.054 -5.95196e-05 -7.78443e-05
7.055 -5.96201e-05 -7.78462e-05
7.056 -5.97117e-05 -7.78469e-05
7.057 -5.97942e-05 -7.78463e-05
7.058 -5.98676e-05 -7.78447e-05
7.059 -5.9932e-05 -7.78431e-05
7.06 -5.99874e-05 -7.78421e-05
7.061 -6.00336e-05 -7.78424e-05
7.062 -6.00708e-05 -7.78435e-05
7.063 -6.0099e-05 -7.7845e-05
7.064 -6.01181e-05 -7.78459e-05
7.065 -6.01284e-05 -7.78459e-05
7.066 -6.01299e-05 -7.78451e-05
7.067 -6.01226e-05 -7.7844e-05
7.068 -6.01066e-05 -7.78431e-05
7.069 -6.00819e-05 -7.7843e-05
7.07 -6.00485e-05 -7.78435e-05
7.071 -6.00064e-05 -7.78444e-05
7.072 -5.99556e-05 -7.78452e-05
7.073 -5.9896e-05 -7.78455e-05
7.074 -5.98278e-05 -7.78451e-05
7.075 -5.97509e-05 -7.78445e-05
7.076 -5.96655e-05 -7.78438e-05
7.077 -5.95717e-05 -7.78435e-05
7.078 -5.94695e-05 -7.78436e-05
7.079 -5.9359e-05 -7.78441e-05
7.08 -5.92403e-05 -7.78446e-05
7.081 -5.91133e-05 -7.78449e-05
7.082 -5.8978e-05 -7.7845e-05
7.083 -5.88345e-05 -7.78448e-05
7.084 -5.86828e-05 -7.78445e-05
7.085 -5.85229e-05 -7.78442e-05
7.086 -5.83549e-05 -7.7844e-05
7.087 -5.81789e-05 -7.7844e-05
7.088 -5.79949e-05 -7.78442e-05
7.089 -5.7803e-05 -7.78446e-05
7.09 -5.76034e-05 -7.78449e-05
7.091 -5.73961e-05 -7.78452e-05
7.092 -5.71811e-05 -7.78451e-05
7.093 -5.69584e-05 -7.78448e-05
7.094 -5.67281e-05 -7.78442e-05
7.095 -5.64901e-05 -7.78436e-05
7.096 -5.62445e-05 -7.78434e-05
7.097 -5.59913e-05 -7.78437e-05
7.098 -5.57308e-05 -7.78445e-05
7.099 -5.54629e-05 -7.78455e-05
7.1 -5.51878e-05 -7.78461e-05
7.101 -5.49056e-05 -7.78461e-05
7.102 -5.46163e-05 -7.78453e-05
7.103 -5.43201e-05 -7.78441e-05
7.104 -5.40168e-05 -7.78429e-05
7.105 -5.37065e-05 -7.78425e-05
7.106 -5.33892e-05 -7.78431e-05
7.107 -5.3065e-05 -7.78444e-05
7.108 -5.2734e-05 -7.78459e-05
7.109 -5.23962e-05 -7.78468e-05
7.11 -5.20518e-05 -7.78466e-05
7.111 -5.17009e-05 -7.78454e-05
7.112 -5.13436e-05 -7.78437e-05
7.113 -5.098e-05 -7.78426e-05
7.114 -5.06101e-05 -7.78425e-05
7.115 -5.0234e-05 -7.78435e-05
7.116 -4.98516e-05 -7.78452e-05
7.117 -4.94631e-05 -7.78466e-05
7.118 -4.90684e-05 -7.7847e-05
7.119 -4.86676e-05 -7.78461e-05
7.12 -4.82608e-05 -7.78445e-05
7.121 -4.78482e-05 -7.78429e-05
7.122 -4.74299e-05 -7.78423e-05
7.123 -4.70059e-05 -7.78429e-05
7.124 -4.65765e-05 -7.78444e-05
7.125 -4.61416e-05 -7.78461e-05
7.126 -4.57013e-05 -7.78469e-05
7.127 -4.52557e-05 -7.78466e-05
7.128 -4.48047e-05 -7.78453e-05
7.129 -4.43483e-05 -7.78438e-05
7.13 -4.38868e-05 -7.78428e-05
7.131 -4.342e-05 -7.7843e-05
7.132 -4.29483e-05 -7.7844e-05
7.133 -4.24717e-05 -7.78453e-05
7.134 -4.19903e-05 -7.78462e-05
7.135 -4.15044e-05 -7.78462e-05
7.136 -4.10138e-05 -7.78454e-05
7.137 -4.05188e-05 -7.78444e-05
7.138 -4.00194e-05 -7.78438e-05
7.139 -3.95155e-05 -7.7844e-05
7.14 -3.90072e-05 -7.78446e-05
7.141 -3.84945e-05 -7.78454e-05
7.142 -3.79776e-05 -7.78456e-05
7.143 -3.74566e-05 -7.78452e-05
7.144 -3.69316e-05 -7.78444e-05
7.145 -3.64028e-05 -7.78438e-05
7.146 -3.58703e-05 -7.78439e-05
7.147 -3.53341e-05 -7.78448e-05
7.148 -3.47945e-05 -7.78459e-05
7.149 -3.42513e-05 -7.78466e-05
7.15 -3.37047e-05 -7.78463e-05
7.151 -3.31546e-05 -7.78451e-05
7.152 -3.26012e-05 -7.78435e-05
7.153 -3.20445e-05 -7.78426e-05
7.154 -3.14846e-05 -7.78428e-05
7.155 -3.09217e-05 -7.78443e-05
7.156 -3.03559e-05 -7.78462e-05
7.157 -2.97874e-05 -7.78475e-05
7.158 -2.92163e-05 -7.78474e-05
7.159 -2.86426e-05 -7.78459e-05
7.16 -2.80664e-05 -7.78437e-05
7.161 -2.74878e-05 -7.78421e-05
7.162 -2.69067e-05 -7.7842e-05
7.163 -2.63232e-05 -7.78435e-05
7.164 -2.57374e-05 -7.78459e-05
7.165 -2.51495e-05 -7.78478e-05
7.166 -2.45595e-05 -7.78481e-05
7.167 -2.39676e-05 -7.78467e-05
7.168 -2.33741e-05 -7.78442e-05
7.169 -2.27789e-05 -7.78421e-05
7.17 -2.21822e-05 -7.78416e-05
7.171 -2.15841e-05 -7.78429e-05
7.172 -2.09845e-05 -7.78455e-05
7.173 -2.03835e-05 -7.78478e-05
7.174 -1.97812e-05 -7.78486e-05
7.175 -1.91775e-05 -7.78473e-05
7.176 -1.85727e-05 -7.78446e-05
7.177 -1.79669e-05 -7.78421e-05
7.178 -1.73601e-05 -7.78411e-05
7.179 -1.67526e-05 -7.78422e-05
7.18 -1.61446e-05 -7.78449e-05
7.181 -1.55361e-05 -7.78477e-05
7.182 -1.49271e-05 -7.78489e-05
7.183 -1.43178e-05 -7.7848e-05
7.184 -1.37081e-05 -7.78454e-05
7.185 -1.30981e-05 -7.78425e-05
7.186 -1.24879e-05 -7.7841e-05
7.187 -1.18775e-05 -7.78417e-05
7.188 -1.12671e-05 -7.78442e-05
7.189 -1.06567e-05 -7.78472e-05
7.19 -1.00467e-05 -7.78488e-05
7.191 -9.437e-06 -7.78483e-05
7.192 -8.82786e-06 -7.78458e-05
7.193 -8.21934e-06 -7.78428e-05
7.194 -7.61147e-06 -7.7841e-05
7.195 -7.00428e-06 -7.78414e-05
7.196 -6.39782e-06 -7.78438e-05
7.197 -5.79212e-06 -7.78469e-05
7.198 -5.18726e-06 -7.78488e-05
7.199 -4.58336e-06 -7.78485e-05
7.2 -3.98055e-06 -7.78461e-05
7.201 -3.37898e-06 -7.78429e-05
7.202 -2.77879e-06 -7.78408e-05
7.203 -2.1801e-06 -7.78409e-05
7.204 -1.58302e-06 -7.78433e-05
7.205 -9.87581e-07 -7.78466e-05
7.206 -3.93836e-07 -7.7849e-05
7.207 1.98194e-07 -7.78492e-05
7.208 7.88475e-07 -7.78469e-05
7.209 1.37695e-06 -7.78434e-05
7.21 1.96352e-06 -7.78406e-05
7.211 2.54807e-06 -7.784e-05
7.212 3.13047e-06 -7.7842e-05
7.213 3.71056e-06 -7.78455e-05
7.214 4.28823e-06 -7.78486e-05
7.215 4.86337e-06 -7.78497e-05
7.216 5.43591e-06 -7.78482e-05
7.217 6.0058e-06 -7.78449e-05
7.218 6.57303e-06 -7.78415e-05
7.219 7.13756e-06 -7.78399e-05
7.22 7.69936e-06 -7.78408e-05
7.221 8.25837e-06 -7.78437e-05
7.222 8.81448e-06 -7.78471e-05
7.223 9.36759e-06 -7.78491e-05
7.224 9.91757e-06 -7.78488e-05
7.225 1.04643e-05 -7.78464e-05
7.226 1.10076e-05 -7.78432e-05
7.227 1.15476e-05 -7.7841e-05
7.228 1.2084e-05 -7.78408e-05
7.229 1.26168e-05 -7.78426e-05
7.23 1.31461e-05 -7.78453e-05
7.231 1.36718e-05 -7.78475e-05
7.232 1.41939e-05 -7.7848e-05
7.233 1.47123e-05 -7.78468e-05
7.234 1.52268e-05 -7.78445e-05
7.235 1.57375e-05 -7.78425e-05
7.236 1.62442e-05 -7.78418e-05
7.237 1.67467e-05 -7.78426e-05
7.238 1.72451e-05 -7.78444e-05
7.239 1.77393e-05 -7.78461e-05
7.24 1.82292e-05 -7.78469e-05
7.241 1.87147e-05 -7.78464e-05
7.242 1.9196e-05 -7.78451e-05
7.243 1.96728e-05 -7.78436e-05
7.244 2.01453e-05 -7.78428e-05
7.245 2.06132e-05 -7.78431e-05
7.246 2.10765e-05 -7.78441e-05
7.247 2.15352e-05 -7.78452e-05
7.248 2.19891e-05 -7.78459e-05
7.249 2.24382e-05 -7.78458e-05
7.25 2.28824e-05 -7.78451e-05
7.251 2.33217e-05 -7.78443e-05
7.252 2.37561e-05 -7.78437e-05
7.253 2.41856e-05 -7.78437e-05
7.254 2.46101e-05 -7.78441e-05
7.255 2.50296e-05 -7.78446e-05
7.256 2.54439e-05 -7.78449e-05
7.257 2.58532e-05 -7.78449e-05
7.258 2.62572e-05 -7.78448e-05
7.259 2.66559e-05 -7.78446e-05
7.26 2.70493e-05 -7.78446e-05
7.261 2.74373e-05 -7.78446e-05
7.262 2.78199e-05 -7.78447e-05
7.263 2.8197e-05 -7.78446e-05
7.264 2.85688e-05 -7.78443e-05
7.265 2.8935e-05 -7.7844e-05
7.266 2.92957e-05 -7.78439e-05
7.267 2.9651e-05 -7.78442e-05
7.268 3.00006e-05 -7.78447e-05
7.269 3.03446e-05 -7.78453e-05
7.27 3.0683e-05 -7.78455e-05
7.271 3.10156e-05 -7.78452e-05
7.272 3.13424e-05 -7.78445e-05
7.273 3.16634e-05 -7.78436e-05
7.274 3.19786e-05 -7.78432e-05
7.275 3.2288e-05 -7.78434e-05
7.276 3.25915e-05 -7.78441e-05
7.277 3.28893e-05 -7.7845e-05
7.278 3.31812e-05 -7.78457e-05
7.279 3.34672e-05 -7.78458e-05
7.28 3.37473e-05 -7.78451e-05
7.281 3.40214e-05 -7.78442e-05
7.282 3.42895e-05 -7.78433e-05
7.283 3.45516e-05 -7.78431e-05
7.284 3.48076e-05 -7.78434e-05
7.285 3.50575e-05 -7.78443e-05
7.286 3.53014e-05 -7.78451e-05
7.287 3.55393e-05 -7.78455e-05
7.288 3.57711e-05 -7.78454e-05
7.289 3.59968e-05 -7.78448e-05
7.29 3.62165e-05 -7.78441e-05
7.291 3.64301e-05 -7.78437e-05
7.292 3.66376e-05 -7.78436e-05
7.293 3.6839e-05 -7.7844e-05
7.294 3.70341e-05 -7.78444e-05
7.295 3.72232e-05 -7.78447e-05
7.296 3.7406e-05 -7.78447e-05
7.297 3.75826e-05 -7.78446e-05
7.298 3.77531e-05 -7.78443e-05
7.299 3.79175e-05 -7.78442e-05
7.3 3.80757e-05 -7.78442e-05
7.301 3.82277e-05 -7.78444e-05
7.302 3.83737e-05 -7.78445e-05
7.303 3.85134e-05 -7.78444e-05
7.304 3.8647e-05 -7.78442e-05
7.305 3.87745e-05 -7.7844e-05
7.306 3.88958e-05 -7.7844e-05
7.307 3.90109e-05 -7.78442e-05
7.308 3.91199e-05 -7.78445e-05
7.309 3.92227e-05 -7.78448e-05
7.31 3.93194e-05 -7.78448e-05
7.311 3.941e-05 -7.78446e-05
7.312 3.94944e-05 -7.78442e-05
7.313 3.95728e-05 -7.78437e-05
7.314 3.96451e-05 -7.78436e-05
7.315 3.97113e-05 -7.78437e-05
7.316 3.97714e-05 -7.78441e-05
7.317 3.98254e-05 -7.78446e-05
7.318 3.98734e-05 -7.7845e-05
7.319 3.99154e-05 -7.7845e-05
7.32 3.99514e-05 -7.78447e-05
7.321 3.99813e-05 -7.78442e-05
7.322 4.00054e-05 -7.78438e-05
7.323 4.00235e-05 -7.78436e-05
7.324 4.00356e-05 -7.78436e-05
7.325 4.00419e-05 -7.78439e-05
7.326 4.00422e-05 -7.78442e-05
7.327 4.00366e-05 -7.78445e-05
7.328 4.00251e-05 -7.78446e-05
7.329 4.00077e-05 -7.78446e-05
7.33 3.99845e-05 -7.78444e-05
7.331 3.99556e-05 -7.78442e-05
7.332 3.99209e-05 -7.7844e-05
7.333 3.98804e-05 -7.78438e-05
7.334 3.98343e-05 -7.78439e-05
7.335 3.97825e-05 -7.7844e-05
7.336 3.9725e-05 -7.78443e-05
7.337 3.9662e-05 -7.78445e-05
7.338 3.95932e-05 -7.78446e-05
7.339 3.95189e-05 -7.78445e-05
7.34 3.9439e-05 -7.78442e-05
7.341 3.93536e-05 -7.78438e-05
7.342 3.92627e-05 -7.78435e-05
7.343 3.91663e-05 -7.78435e-05
7.344 3.90645e-05 -7.78439e-05
7.345 3.89574e-05 -7.78445e-05
7.346 3.88449e-05 -7.7845e-05
7.347 3.87271e-05 -7.78451e-05
7.348 3.8604e-05 -7.78448e-05
7.349 3.84756e-05 -7.7844e-05
7.35 3.8342e-05 -7.78432e-05
7.351 3.82031e-05 -7.78428e-05
7.352 3.80591e-05 -7.78432e-05
7.353 3.791e-05 -7.7844e-05
7.354 3.77559e-05 -7.78451e-05
7.355 3.75967e-05 -7.78456e-05
7.356 3.74326e-05 -7.78454e-05
7.357 3.72635e-05 -7.78444e-05
7.358 3.70895e-05 -7.78432e-05
7.359 3.69106e-05 -7.78423e-05
7.36 3.67268e-05 -7.78424e-05
7.361 3.65383e-05 -7.78435e-05
7.362 3.63449e-05 -7.7845e-05
7.363 3.61468e-05 -7.78462e-05
7.364 3.59441e-05 -7.78463e-05
7.365 3.57367e-05 -7.78452e-05
7.366 3.55248e-05 -7.78434e-05
7.367 3.53083e-05 -7.78418e-05
7.368 3.50874e-05 -7.78413e-05
7.369 3.48621e-05 -7.78423e-05
7.37 3.46323e-05 -7.78444e-05
7.371 3.43982e-05 -7.78464e-05
7.372 3.41598e-05 -7.78474e-05
7.373 3.3917e-05 -7.78467e-05
7.374 3.367e-05 -7.78446e-05
7.375 3.34188e-05 -7.78421e-05
7.376 3.31635e-05 -7.78405e-05
7.377 3.29041e-05 -7.78407e-05
7.378 3.26407e-05 -7.78427e-05
7.379 3.23734e-05 -7.78454e-05
7.38 3.21022e-05 -7.78476e-05
7.381 3.18271e-05 -7.78481e-05
7.382 3.15482e-05 -7.78466e-05
7.383 3.12654e-05 -7.78438e-05
7.384 3.0979e-05 -7.78412e-05
7.385 3.06888e-05 -7.78401e-05
7.386 3.03949e-05 -7.78411e-05
7.387 3.00975e-05 -7.78437e-05
7.388 2.97966e-05 -7.78465e-05
7.389 2.94922e-05 -7.78481e-05
7.39 2.91845e-05 -7.78477e-05
7.391 2.88734e-05 -7.78455e-05
7.392 2.8559e-05 -7.78426e-05
7.393 2.82414e-05 -7.78407e-05
7.394 2.79206e-05 -7.78406e-05
7.395 2.75966e-05 -7.78424e-05
7.396 2.72695e-05 -7.78452e-05
7.397 2.69393e-05 -7.78473e-05
7.398 2.66061e-05 -7.78478e-05
7.399 2.627e-05 -7.78464e-05
7.4 2.5931e-05 -7.78439e-05
7.401 2.55893e-05 -7.78417e-05
7.402 2.52449e-05 -7.78408e-05
7.403 2.48978e-05 -7.78419e-05
7.404 2.45481e-05 -7.78442e-05
7.405 2.41957e-05 -7.78464e-05
7.406 2.38409e-05 -7.78475e-05
7.407 2.34835e-05 -7.78468e-05
7.408 2.31237e-05 -7.78448e-05
7.409 2.27615e-05 -7.78426e-05
7.41 2.2397e-05 -7.78414e-05
7.411 2.20303e-05 -7.78418e-05
7.412 2.16615e-05 -7.78436e-05
7.413 2.12906e-05 -7.78456e-05
7.414 2.09176e-05 -7.78469e-05
7.415 2.05427e-05 -7.78466e-05
7.416 2.01659e-05 -7.78451e-05
7.417 1.97872e-05 -7.78433e-05
7.418 1.94066e-05 -7.78421e-05
7.419 1.90242e-05 -7.78422e-05
7.42 1.86402e-05 -7.78436e-05
7.421 1.82544e-05 -7.78454e-05
7.422 1.78672e-05 -7.78466e-05
7.423 1.74784e-05 -7.78465e-05
7.424 1.70882e-05 -7.78451e-05
7.425 1.66967e-05 -7.78433e-05
7.426 1.63039e-05 -7.78421e-05
7.427 1.59098e-05 -7.78422e-05
7.428 1.55145e-05 -7.78436e-05
7.429 1.5118e-05 -7.78454e-05
7.43 1.47205e-05 -7.78467e-05
7.431 1.43219e-05 -7.78467e-05
7.432 1.39223e-05 -7.78454e-05
7.433 1.35218e-05 -7.78435e-05
7.434 1.31205e-05 -7.7842e-05
7.435 1.27185e-05 -7.78418e-05
7.436 1.23157e-05 -7.7843e-05
7.437 1.19124e-05 -7.78449e-05
7.438 1.15084e-05 -7.78466e-05
7.439 1.1104e-05 -7.7847e-05
7.44 1.06991e-05 -7.7846e-05
7.441 1.02938e-05 -7.78442e-05
7.442 9.88812e-06 -7.78425e-05
7.443 9.4822e-06 -7.78419e-05
7.444 9.07607e-06 -7.78427e-05
7.445 8.66978e-06 -7.78444e-05
7.446 8.26341e-06 -7.7846e-05
7.447 7.857e-06 -7.78467e-05
7.448 7.45062e-06 -7.78461e-05
7.449 7.04434e-06 -7.78446e-05
7.45 6.6382e-06 -7.7843e-05
7.451 6.23229e-06 -7.78424e-05
7.452 5.82666e-06 -7.78429e-05
7.453 5.42139e-06 -7.78444e-05
7.454 5.01654e-06 -7.78458e-05
7.455 4.61217e-06 -7.78465e-05
7.456 4.20833e-06 -7.78459e-05
7.457 3.80509e-06 -7.78445e-05
7.458 3.40248e-06 -7.7843e-05
7.459 3.00056e-06 -7.78424e-05
7.46 2.59937e-06 -7.7843e-05
7.461 2.19897e-06 -7.78445e-05
7.462 1.79944e-06 -7.7846e-05
7.463 1.40083e-06 -7.78468e-05
7.464 1.00323e-06 -7.78462e-05
7.465 6.06713e-07 -7.78447e-05
7.466 2.11336e-07 -7.7843e-05
7.467 -1.82837e-07 -7.78421e-05
7.468 -5.75759e-07 -7.78425e-05
7.469 -9.67388e-07 -7.78441e-05
7.47 -1.35768e-06 -7.78459e-05
7.471 -1.74661e-06 -7.7847e-05
7.472 -2.13411e-06 -7.78467e-05
7.473 -2.52013e-06 -7.78453e-05
7.474 -2.90461e-06 -7.78435e-05
7.475 -3.28748e-06 -7.78422e-05
7.476 -3.66866e-06 -7.78423e-05
7.477 -4.04809e-06 -7.78435e-05
7.478 -4.42571e-06 -7.78453e-05
7.479 -4.80148e-06 -7.78467e-05
7.48 -5.17534e-06 -7.78468e-05
7.481 -5.54727e-06 -7.78458e-05
7.482 -5.91722e-06 -7.78441e-05
7.483 -6.28517e-06 -7.78427e-05
7.484 -6.65105e-06 -7.78424e-05
7.485 -7.01482e-06 -7.78432e-05
7.486 -7.37639e-06 -7.78447e-05
7.487 -7.73571e-06 -7.78461e-05
7.488 -8.09272e-06 -7.78466e-05
7.489 -8.44736e-06 -7.7846e-05
7.49 -8.79958e-06 -7.78447e-05
7.491 -9.14937e-06 -7.78434e-05
7.492 -9.49667e-06 -7.78428e-05
7.493 -9.84147e-06 -7.78432e-05
7.494 -1.01837e-05 -7.78442e-05
7.495 -1.05234e-05 -7.78454e-05
7.496 -1.08605e-05 -7.7846e-05
7.497 -1.11948e-05 -7.78459e-05
7.498 -1.15264e-05 -7.78451e-05
7.499 -1.18552e-05 -7.78443e-05
7.5 -1.21811e-05 -7.78437e-05
7.501 -1.25041e-05 -7.78437e-05
7.502 -1.28242e-05 -7.78441e-05
7.503 -1.31414e-05 -7.78446e-05
7.504 -1.34555e-05 -7.7845e-05
7.505 -1.37667e-05 -7.7845e-05
7.506 -1.40748e-05 -7.78449e-05
7.507 -1.43798e-05 -7.78448e-05
7.508 -1.46817e-05 -7.78449e-05
7.509 -1.49804e-05 -7.7845e-05
7.51 -1.52759e-05 -7.7845e-05
7.511 -1.55681e-05 -7.78447e-05
7.512 -1.5857e-05 -7.78441e-05
7.513 -1.61426e-05 -7.78437e-05
7.514 -1.64248e-05 -7.78437e-05
7.515 -1.67036e-05 -7.78442e-05
7.516 -1.69791e-05 -7.78452e-05
7.517 -1.72512e-05 -7.78462e-05
7.518 -1.75198e-05 -7.78464e-05
7.519 -1.77849e-05 -7.78458e-05
7.52 -1.80464e-05 -7.78444e-05
7.521 -1.83044e-05 -7.7843e-05
7.522 -1.85588e-05 -7.78423e-05
7.523 -1.88095e-05 -7.78428e-05
7.524 -1.90565e-05 -7.78444e-05
7.525 -1.92999e-05 -7.78463e-05
7.526 -1.95396e-05 -7.78474e-05
7.527 -1.97757e-05 -7.78472e-05
7.528 -2.0008e-05 -7.78456e-05
7.529 -2.02366e-05 -7.78434e-05
7.53 -2.04615e-05 -7.78418e-05
7.531 -2.06825e-05 -7.78417e-05
7.532 -2.08997e-05 -7.78432e-05
7.533 -2.1113e-05 -7.78455e-05
7.534 -2.13224e-05 -7.78474e-05
7.535 -2.15279e-05 -7.7848e-05
7.536 -2.17296e-05 -7.78468e-05
7.537 -2.19273e-05 -7.78445e-05
7.538 -2.21212e-05 -7.78423e-05
7.539 -2.23111e-05 -7.78415e-05
7.54 -2.24971e-05 -7.78424e-05
7.541 -2.26792e-05 -7.78446e-05
7.542 -2.28572e-05 -7.78469e-05
7.543 -2.30313e-05 -7.78479e-05
7.544 -2.32012e-05 -7.78472e-05
7.545 -2.33672e-05 -7.78451e-05
7.546 -2.3529e-05 -7.78427e-05
7.547 -2.36869e-05 -7.78415e-05
7.548 -2.38407e-05 -7.78421e-05
7.549 -2.39905e-05 -7.78441e-05
7.55 -2.41363e-05 -7.78466e-05
7.551 -2.42781e-05 -7.7848e-05
7.552 -2.44158e-05 -7.78476e-05
7.553 -2.45494e-05 -7.78456e-05
7.554 -2.46789e-05 -7.78431e-05
7.555 -2.48042e-05 -7.78415e-05
7.556 -2.49253e-05 -7.78416e-05
7.557 -2.50423e-05 -7.78435e-05
7.558 -2.51552e-05 -7.7846e-05
7.559 -2.52641e-05 -7.78478e-05
7.56 -2.53689e-05 -7.78479e-05
7.561 -2.54697e-05 -7.78462e-05
7.562 -2.55665e-05 -7.78437e-05
7.563 -2.56591e-05 -7.78418e-05
7.564 -2.57477e-05 -7.78415e-05
7.565 -2.58321e-05 -7.7843e-05
7.566 -2.59124e-05 -7.78454e-05
7.567 -2.59884e-05 -7.78475e-05
7.568 -2.60603e-05 -7.7848e-05
7.569 -2.61281e-05 -7.78467e-05
7.57 -2.61918e-05 -7.78443e-05
7.571 -2.62515e-05 -7.78422e-05
7.572 -2.63072e-05 -7.78414e-05
7.573 -2.63589e-05 -7.78424e-05
7.574 -2.64067e-05 -7.78446e-05
7.575 -2.64504e-05 -7.78468e-05
7.576 -2.64901e-05 -7.78477e-05
7.577 -2.65256e-05 -7.78469e-05
7.578 -2.65571e-05 -7.7845e-05
7.579 -2.65844e-05 -7.78429e-05
7.58 -2.66077e-05 -7.78418e-05
7.581 -2.6627e-05 -7.78423e-05
7.582 -2.66423e-05 -7.78441e-05
7.583 -2.66537e-05 -7.78461e-05
7.584 -2.66613e-05 -7.78473e-05
7.585 -2.6665e-05 -7.78469e-05
7.586 -2.66648e-05 -7.78453e-05
7.587 -2.66607e-05 -7.78433e-05
7.588 -2.66527e-05 -7.78421e-05
7.589 -2.66407e-05 -7.78423e-05
7.59 -2.66248e-05 -7.78437e-05
7.591 -2.66049e-05 -7.78456e-05
7.592 -2.65811e-05 -7.78469e-05
7.593 -2.65536e-05 -7.7847e-05
7.594 -2.65222e-05 -7.78458e-05
7.595 -2.64872e-05 -7.7844e-05
7.596 -2.64484e-05 -7.78425e-05
7.597 -2.6406e-05 -7.78422e-05
7.598 -2.63599e-05 -7.78431e-05
7.599 -2.63101e-05 -7.78447e-05
7.6 -2.62565e-05 -7.78461e-05
7.601 -2.61992e-05 -7.78467e-05
7.602 -2.61381e-05 -7.78462e-05
7.603 -2.60733e-05 -7.78449e-05
7.604 -2.60049e-05 -7.78436e-05
7.605 -2.59329e-05 -7.78428e-05
7.606 -2.58574e-05 -7.7843e-05
7.607 -2.57785e-05 -7.78439e-05
7.608 -2.56961e-05 -7.7845e-05
7.609 -2.56103e-05 -7.78457e-05
7.61 -2.5521e-05 -7.78457e-05
7.611 -2.54283e-05 -7.78452e-05
7.612 -2.5332e-05 -7.78444e-05
7.613 -2.52323e-05 -7.78438e-05
7.614 -2.51292e-05 -7.78437e-05
7.615 -2.50226e-05 -7.7844e-05
7.616 -2.49126e-05 -7.78445e-05
7.617 -2.47994e-05 -7.78449e-05
7.618 -2.4683e-05 -7.7845e-05
7.619 -2.45634e-05 -7.78448e-05
7.62 -2.44407e-05 -7.78446e-05
7.621 -2.43149e-05 -7.78444e-05
7.622 -2.41859e-05 -7.78444e-05
7.623 -2.40537e-05 -7.78445e-05
7.624 -2.39184e-05 -7.78447e-05
7.625 -2.37799e-05 -7.78446e-05
7.626 -2.36383e-05 -7.78444e-05
7.627 -2.34937e-05 -7.78442e-05
7.628 -2.3346e-05 -7.78441e-05
7.629 -2.31954e-05 -7.78442e-05
7.63 -2.30419e-05 -7.78446e-05
7.631 -2.28856e-05 -7.7845e-05
7.632 -2.27265e-05 -7.78452e-05
7.633 -2.25646e-05 -7.78451e-05
7.634 -2.23999e-05 -7.78446e-05
7.635 -2.22324e-05 -7.7844e-05
7.636 -2.20621e-05 -7.78435e-05
7.637 -2.18891e-05 -7.78435e-05
7.638 -2.17133e-05 -7.7844e-05
7.639 -2.15348e-05 -7.78447e-05
7.64 -2.13537e-05 -7.78454e-05
7.641 -2.117e-05 -7.78458e-05
7.642 -2.09839e-05 -7.78455e-05
7.643 -2.07953e-05 -7.78447e-05
7.644 -2.06043e-05 -7.78438e-05
7.645 -2.04109e-05 -7.78431e-05
7.646 -2.0215e-05 -7.7843e-05
7.647 -2.00168e-05 -7.78436e-05
7.648 -1.98162e-05 -7.78446e-05
7.649 -1.96132e-05 -7.78457e-05
7.65 -1.94078e-05 -7.78461e-05
7.651 -1.92002e-05 -7.78458e-05
7.652 -1.89904e-05 -7.78448e-05
7.653 -1.87785e-05 -7.78436e-05
7.654 -1.85645e-05 -7.78427e-05
7.655 -1.83486e-05 -7.78426e-05
7.656 -1.81306e-05 -7.78435e-05
7.657 -1.79106e-05 -7.78448e-05
7.658 -1.76887e-05 -7.7846e-05
7.659 -1.74647e-05 -7.78464e-05
7.66 -1.72388e-05 -7.78458e-05
7.661 -1.7011e-05 -7.78445e-05
7.662 -1.67813e-05 -7.78431e-05
7.663 -1.65497e-05 -7.78423e-05
7.664 -1.63164e-05 -7.78427e-05
7.665 -1.60815e-05 -7.78439e-05
7.666 -1.58449e-05 -7.78455e-05
7.667 -1.56068e-05 -7.78466e-05
7.668 -1.53671e-05 -7.78465e-05
7.669 -1.51259e-05 -7.78452e-05
7.67 -1.48832e-05 -7.78435e-05
7.671 -1.4639e-05 -7.78421e-05
7.672 -1.43932e-05 -7.78419e-05
7.673 -1.41459e-05 -7.78431e-05
7.674 -1.38973e-05 -7.7845e-05
7.675 -1.36473e-05 -7.78466e-05
7.676 -1.3396e-05 -7.78471e-05
7.677 -1.31435e-05 -7.78462e-05
7.678 -1.289e-05 -7.78442e-05
7.679 -1.26353e-05 -7.78422e-05
7.68 -1.23796e-05 -7.78414e-05
7.681 -1.21228e-05 -7.78421e-05
7.682 -1.1865e-05 -7.7844e-05
7.683 -1.1606e-05 -7.78462e-05
7.684 -1.13461e-05 -7.78475e-05
7.685 -1.10851e-05 -7.78471e-05
7.686 -1.08232e-05 -7.78452e-05
7.687 -1.05605e-05 -7.78429e-05
7.688 -1.0297e-05 -7.78413e-05
7.689 -1.00328e-05 -7.78414e-05
7.69 -9.768e-06 -7.7843e-05
7.691 -9.50262e-06 -7.78454e-05
7.692 -9.23667e-06 -7.78472e-05
7.693 -8.97013e-06 -7.78474e-05
7.694 -8.70301e-06 -7.7846e-05
7.695 -8.4353e-06 -7.78437e-05
7.696 -8.16703e-06 -7.78417e-05
7.697 -7.89825e-06 -7.78412e-05
7.698 -7.62904e-06 -7.78423e-05
7.699 -7.35949e-06 -7.78445e-05
7.7 -7.08968e-06 -7.78466e-05
7.701 -6.81969e-06 -7.78474e-05
7.702 -6.54957e-06 -7.78465e-05
7.703 -6.27936e-06 -7.78444e-05
7.704 -6.00905e-06 -7.78423e-05
7.705 -5.73865e-06 -7.78414e-05
7.706 -5.46814e-06 -7.7842e-05
7.707 -5.19755e-06 -7.78439e-05
7.708 -4.92691e-06 -7.78459e-05
7.709 -4.65627e-06 -7.7847e-05
7.71 -4.38572e-06 -7.78466e-05
7.711 -4.11533e-06 -7.78449e-05
7.712 -3.84518e-06 -7.7843e-05
7.713 -3.57534e-06 -7.78419e-05
7.714 -3.30585e-06 -7.78421e-05
7.715 -3.03672e-06 -7.78436e-05
7.716 -2.76795e-06 -7.78454e-05
7.717 -2.49955e-06 -7.78464e-05
7.718 -2.23151e-06 -7.78462e-05
7.719 -1.96388e-06 -7.78449e-05
7.72 -1.69671e-06 -7.78433e-05
7.721 -1.43005e-06 -7.78423e-05
7.722 -1.16399e-06 -7.78425e-05
7.723 -8.98609e-07 -7.78438e-05
7.724 -6.33965e-07 -7.78453e-05
7.725 -3.70098e-07 -7.78462e-05
7.726 -1.07027e-07 -7.7846e-05
7.727 1.55246e-07 -7.78447e-05
7.728 4.16725e-07 -7.78432e-05
7.729 6.77405e-07 -7.78423e-05
7.73 9.37264e-07 -7.78425e-05
7.731 1.19626e-06 -7.78438e-05
7.732 1.45432e-06 -7.78454e-05
7.733 1.71136e-06 -7.78464e-05
7.734 1.96732e-06 -7.78462e-05
7.735 2.22212e-06 -7.7845e-05
7.736 2.47573e-06 -7.78433e-05
7.737 2.72811e-06 -7.78422e-05
7.738 2.97927e-06 -7.78422e-05
7.739 3.22923e-06 -7.78433e-05
7.74 3.47798e-06 -7.78449e-05
7.741 3.72553e-06 -7.78462e-05
7.742 3.97182e-06 -7.78464e-05
7.743 4.21681e-06 -7.78456e-05
7.744 4.46042e-06 -7.78441e-05
7.745 4.70257e-06 -7.78429e-05
7.746 4.94318e-06 -7.78424e-05
7.747 5.18222e-06 -7.78428e-05
7.748 5.41965e-06 -7.7844e-05
7.749 5.65547e-06 -7.78451e-05
7.75 5.8897e-06 -7.78458e-05
7.751 6.12235e-06 -7.78457e-05
7.752 6.35343e-06 -7.78449e-05
7.753 6.5829e-06 -7.78441e-05
7.754 6.81073e-06 -7.78434e-05
7.755 7.03685e-06 -7.78433e-05
7.756 7.26118e-06 -7.78437e-05
7.757 7.48366e-06 -7.78442e-05
7.758 7.70421e-06 -7.78446e-05
7.759 7.92283e-06 -7.78448e-05
7.76 8.13949e-06 -7.78449e-05
7.761 8.35422e-06 -7.78448e-05
7.762 8.56703e-06 -7.78446e-05
7.763 8.77794e-06 -7.78444e-05
7.764 8.98694e-06 -7.78441e-05
7.765 9.194e-06 -7.78438e-05
7.766 9.39906e-06 -7.78436e-05
7.767 9.60206e-06 -7.78438e-05
7.768 9.80292e-06 -7.78442e-05
7.769 1.00016e-05 -7.78449e-05
7.77 1.0198e-05 -7.78454e-05
7.771 1.03922e-05 -7.78455e-05
7.772 1.05842e-05 -7.7845e-05
7.773 1.0774e-05 -7.78441e-05
7.774 1.09616e-05 -7.78431e-05
7.775 1.1147e-05 -7.78428e-05
7.776 1.13302e-05 -7.78432e-05
7.777 1.15112e-05 -7.78444e-05
7.778 1.16899e-05 -7.78457e-05
7.779 1.18662e-05 -7.78463e-05
7.78 1.20401e-05 -7.7846e-05
7.781 1.22116e-05 -7.78447e-05
7.782 1.23806e-05 -7.78432e-05
7.783 1.25471e-05 -7.78422e-05
7.784 1.27112e-05 -7.78424e-05
7.785 1.28729e-05 -7.78437e-05
7.786 1.30323e-05 -7.78456e-05
7.787 1.31892e-05 -7.78468e-05
7.788 1.33437e-05 -7.78469e-05
7.789 1.34957e-05 -7.78455e-05
7.79 1.36452e-05 -7.78435e-05
7.791 1.37921e-05 -7.78419e-05
7.792 1.39364e-05 -7.78416e-05
7.793 1.40781e-05 -7.78428e-05
7.794 1.42171e-05 -7.78449e-05
7.795 1.43535e-05 -7.78468e-05
7.796 1.44874e-05 -7.78473e-05
7.797 1.46187e-05 -7.78464e-05
7.798 1.47475e-05 -7.78443e-05
7.799 1.48737e-05 -7.78423e-05
7.8 1.49973e-05 -7.78415e-05
7.801 1.51183e-05 -7.78423e-05
7.802 1.52366e-05 -7.78443e-05
7.803 1.53522e-05 -7.78463e-05
7.804 1.5465e-05 -7.78472e-05
7.805 1.55751e-05 -7.78466e-05
7.806 1.56825e-05 -7.78448e-05
7.807 1.57872e-05 -7.78427e-05
7.808 1.58892e-05 -7.78417e-05
7.809 1.59886e-05 -7.78422e-05
7.81 1.60854e-05 -7.7844e-05
7.811 1.61795e-05 -7.7846e-05
7.812 1.62709e-05 -7.78472e-05
7.813 1.63595e-05 -7.78468e-05
7.814 1.64454e-05 -7.7845e-05
7.815 1.65285e-05 -7.7843e-05
7.816 1.66089e-05 -7.78418e-05
7.817 1.66864e-05 -7.7842e-05
7.818 1.67612e-05 -7.78437e-05
7.819 1.68334e-05 -7.78457e-05
7.82 1.69028e-05 -7.7847e-05
7.821 1.69696e-05 -7.78469e-05
7.822 1.70336e-05 -7.78454e-05
7.823 1.7095e-05 -7.78435e-05
7.824 1.71536e-05 -7.78421e-05
7.825 1.72094e-05 -7.78421e-05
7.826 1.72625e-05 -7.78434e-05
7.827 1.73128e-05 -7.78452e-05
7.828 1.73603e-05 -7.78466e-05
7.829 1.74051e-05 -7.78467e-05
7.83 1.74472e-05 -7.78456e-05
7.831 1.74866e-05 -7.78439e-05
7.832 1.75234e-05 -7.78427e-05
7.833 1.75575e-05 -7.78425e-05
7.834 1.7589e-05 -7.78434e-05
7.835 1.76177e-05 -7.78449e-05
7.836 1.76437e-05 -7.7846e-05
7.837 1.7667e-05 -7.78461e-05
7.838 1.76876e-05 -7.78453e-05
7.839 1.77054e-05 -7.78441e-05
7.84 1.77206e-05 -7.78433e-05
7.841 1.77331e-05 -7.78433e-05
7.842 1.7743e-05 -7.78441e-05
7.843 1.77503e-05 -7.78451e-05
7.844 1.7755e-05 -7.78456e-05
7.845 1.77571e-05 -7.78453e-05
7.846 1.77566e-05 -7.78444e-05
7.847 1.77535e-05 -7.78436e-05
7.848 1.77478e-05 -7.78433e-05
7.849 1.77394e-05 -7.78439e-05
7.85 1.77285e-05 -7.78451e-05
7.851 1.77149e-05 -7.7846e-05
7.852 1.76988e-05 -7.78462e-05
7.853 1.76802e-05 -7.78452e-05
7.854 1.76591e-05 -7.78437e-05
7.855 1.76354e-05 -7.78425e-05
7.856 1.76093e-05 -7.78424e-05
7.857 1.75806e-05 -7.78435e-05
7.858 1.75495e-05 -7.78453e-05
7.859 1.75159e-05 -7.78469e-05
7.86 1.74798e-05 -7.78472e-05
7.861 1.74413e-05 -7.7846e-05
7.862 1.74003e-05 -7.7844e-05
7.863 1.7357e-05 -7.78421e-05
7.864 1.73112e-05 -7.78415e-05
7.865 1.72631e-05 -7.78426e-05
7.866 1.72126e-05 -7.78448e-05
7.867 1.71597e-05 -7.78469e-05
7.868 1.71045e-05 -7.78477e-05
7.869 1.70469e-05 -7.78468e-05
7.87 1.69871e-05 -7.78447e-05
7.871 1.69249e-05 -7.78424e-05
7.872 1.68604e-05 -7.78413e-05
7.873 1.67937e-05 -7.7842e-05
7.874 1.67248e-05 -7.78441e-05
7.875 1.66536e-05 -7.78465e-05
7.876 1.65802e-05 -7.78478e-05
7.877 1.65047e-05 -7.78473e-05
7.878 1.6427e-05 -7.78453e-05
7.879 1.63471e-05 -7.78428e-05
7.88 1.6265e-05 -7.78414e-05
7.881 1.61808e-05 -7.78417e-05
7.882 1.60944e-05 -7.78436e-05
7.883 1.6006e-05 -7.7846e-05
7.884 1.59156e-05 -7.78477e-05
7.885 1.58231e-05 -7.78476e-05
7.886 1.57287e-05 -7.78458e-05
7.887 1.56322e-05 -7.78435e-05
7.888 1.55337e-05 -7.78417e-05
7.889 1.54333e-05 -7.78416e-05
7.89 1.53309e-05 -7.78432e-05
7.891 1.52265e-05 -7.78455e-05
7.892 1.51202e-05 -7.78472e-05
7.893 1.5012e-05 -7.78474e-05
7.894 1.4902e-05 -7.78461e-05
7.895 1.47901e-05 -7.78439e-05
7.896 1.46764e-05 -7.78422e-05
7.897 1.4561e-05 -7.78419e-05
7.898 1.44438e-05 -7.78431e-05
7.899 1.43249e-05 -7.78452e-05
7.9 1.42042e-05 -7.78469e-05
7.901 1.40817e-05 -7.78472e-05
7.902 1.39575e-05 -7.7846e-05
7.903 1.38317e-05 -7.7844e-05
7.904 1.37041e-05 -7.78424e-05
7.905 1.3575e-05 -7.78421e-05
7.906 1.34442e-05 -7.78432e-05
7.907 1.3312e-05 -7.78452e-05
7.908 1.31782e-05 -7.78468e-05
7.909 1.30429e-05 -7.78471e-05
7.91 1.29062e-05 -7.7846e-05
7.911 1.27679e-05 -7.7844e-05
7.912 1.26281e-05 -7.78424e-05
7.913 1.24868e-05 -7.78421e-05
7.914 1.23441e-05 -7.78433e-05
7.915 1.21999e-05 -7.78452e-05
7.916 1.20544e-05 -7.78469e-05
7.917 1.19077e-05 -7.78472e-05
7.918 1.17596e-05 -7.7846e-05
7.919 1.16104e-05 -7.7844e-05
7.92 1.14599e-05 -7.78422e-05
7.921 1.13081e-05 -7.78418e-05
7.922 1.11551e-05 -7.7843e-05
7.923 1.10009e-05 -7.78452e-05
7.924 1.08454e-05 -7.78471e-05
7.925 1.06888e-05 -7.78477e-05
7.926 1.0531e-05 -7.78465e-05
7.927 1.03721e-05 -7.78442e-05
7.928 1.02122e-05 -7.78421e-05
7.929 1.00514e-05 -7.78412e-05
7.93 9.88965e-06 -7.78422e-05
7.931 9.72696e-06 -7.78445e-05
7.932 9.56334e-06 -7.78469e-05
7.933 9.39876e-06 -7.78481e-05
7.934 9.23321e-06 -7.78474e-05
7.935 9.0667e-06 -7.78452e-05
7.936 8.89925e-06 -7.78426e-05
7.937 8.73092e-06 -7.78411e-05
7.938 8.56178e-06 -7.78414e-05
7.939 8.39191e-06 -7.78434e-05
7.94 8.22138e-06 -7.7846e-05
7.941 8.05023e-06 -7.78478e-05
7.942 7.87847e-06 -7.78479e-05
7.943 7.70611e-06 -7.78462e-05
7.944 7.53311e-06 -7.78438e-05
7.945 7.35946e-06 -7.78418e-05
7.946 7.18514e-06 -7.78413e-05
7.947 7.01017e-06 -7.78426e-05
7.948 6.83459e-06 -7.78449e-05
7.949 6.65848e-06 -7.78469e-05
7.95 6.48191e-06 -7.78476e-05
7.951 6.30495e-06 -7.78466e-05
7.952 6.12767e-06 -7.78446e-05
7.953 5.9501e-06 -7.78426e-05
7.954 5.77223e-06 -7.78417e-05
7.955 5.59405e-06 -7.78424e-05
7.956 5.41554e-06 -7.78443e-05
7.957 5.23668e-06 -7.78462e-05
7.958 5.05747e-06 -7.78472e-05
7.959 4.87795e-06 -7.78467e-05
7.96 4.69819e-06 -7.7845e-05
7.961 4.51825e-06 -7.78431e-05
7.962 4.33822e-06 -7.7842e-05
7.963 4.15817e-06 -7.78423e-05
7.964 3.97811e-06 -7.78439e-05
7.965 3.79808e-06 -7.78458e-05
7.966 3.61805e-06 -7.7847e-05
7.967 3.438e-06 -7.78469e-05
7.968 3.25791e-06 -7.78455e-05
7.969 3.07777e-06 -7.78436e-05
7.97 2.89761e-06 -7.78422e-05
7.971 2.71749e-06 -7.78421e-05
7.972 2.53748e-06 -7.78433e-05
7.973 2.35767e-06 -7.78451e-05
7.974 2.17812e-06 -7.78467e-05
7.975 1.99889e-06 -7.78471e-05
7.976 1.81998e-06 -7.78461e-05
7.977 1.6414e-06 -7.78443e-05
7.978 1.46312e-06 -7.78426e-05
7.979 1.2851e-06 -7.78419e-05
7.98 1.10733e-06 -7.78426e-05
7.981 9.29837e-07 -7.78443e-05
7.982 7.52653e-07 -7.78461e-05
7.983 5.7585e-07 -7.7847e-05
7.984 3.99507e-07 -7.78467e-05
7.985 2.237e-07 -7.78452e-05
7.986 4.84856e-08 -7.78434e-05
7.987 -1.26107e-07 -7.78422e-05
7.988 -3.00078e-07 -7.78422e-05
7.989 -4.73448e-07 -7.78434e-05
7.99 -6.46244e-07 -7.78452e-05
7.991 -8.18484e-07 -7.78466e-05
7.992 -9.90166e-07 -7.78469e-05
7.993 -1.16126e-06 -7.78461e-05
7.994 -1.3317e-06 -7.78444e-05
7.995 -1.50143e-06 -7.78428e-05
7.996 -1.67037e-06 -7.78421e-05
7.997 -1.83846e-06 -7.78425e-05
7.998 -2.00567e-06 -7.7844e-05
7.999 -2.17199e-06 -7.78456e-05
8 -2.33743e-06 -7.78467e-05
8.001 -2.50203e-06 -7.78466e-05
8.002 -2.6658e-06 -7.78456e-05
8.003 -2.82873e-06 -7.7844e-05
8.004 -2.99082e-06 -7.78427e-05
8.005 -3.152e-06 -7.78424e-05
8.006 -3.31221e-06 -7.7843e-05
8.007 -3.47139e-06 -7.78444e-05
8.008 -3.62948e-06 -7.78457e-05
8.009 -3.78645e-06 -7.78463e-05
8.01 -3.94228e-06 -7.7846e-05
8.011 -4.097e-06 -7.7845e-05
8.012 -4.25062e-06 -7.78437e-05
8.013 -4.40317e-06 -7.78429e-05
8.014 -4.55466e-06 -7.78428e-05
8.015 -4.70505e-06 -7.78436e-05
8.016 -4.85433e-06 -7.78447e-05
8.017 -5.00241e-06 -7.78457e-05
8.018 -5.14924e-06 -7.7846e-05
8.019 -5.29477e-06 -7.78455e-05
8.02 -5.43896e-06 -7.78446e-05
8.021 -5.58179e-06 -7.78436e-05
8.022 -5.72329e-06 -7.78431e-05
8.023 -5.86349e-06 -7.78432e-05
8.024 -6.00239e-06 -7.7844e-05
8.025 -6.14003e-06 -7.7845e-05
8.026 -6.27638e-06 -7.78456e-05
8.027 -6.41141e-06 -7.78457e-05
8.028 -6.54506e-06 -7.78451e-05
8.029 -6.67727e-06 -7.78442e-05
8.03 -6.80799e-06 -7.78435e-05
8.031 -6.93718e-06 -7.78432e-05
8.032 -7.06483e-06 -7.78435e-05
8.033 -7.19097e-06 -7.78443e-05
8.034 -7.31562e-06 -7.78451e-05
8.035 -7.43881e-06 -7.78456e-05
8.036 -7.56057e-06 -7.78455e-05
8.037 -7.68087e-06 -7.78449e-05
8.038 -7.79971e-06 -7.78441e-05
8.039 -7.91701e-06 -7.78434e-05
8.04 -8.03272e-06 -7.78432e-05
8.041 -8.14679e-06 -7.78436e-05
8.042 -8.25918e-06 -7.78443e-05
8.043 -8.36987e-06 -7.78452e-05
8.044 -8.47889e-06 -7.78456e-05
8.045 -8.58627e-06 -7.78456e-05
8.046 -8.69205e-06 -7.7845e-05
8.047 -8.79626e-06 -7.78442e-05
8.048 -8.8989e-06 -7.78435e-05
8.049 -8.99996e-06 -7.78432e-05
8.05 -9.09938e-06 -7.78435e-05
8.051 -9.19712e-06 -7.78442e-05
8.052 -9.2931e-06 -7.78449e-05
8.053 -9.38729e-06 -7.78454e-05
8.054 -9.47968e-06 -7.78455e-05
8.055 -9.57026e-06 -7.78451e-05
8.056 -9.65909e-06 -7.78444e-05
8.057 -9.74619e-06 -7.78437e-05
8.058 -9.83162e-06 -7.78434e-05
8.059 -9.9154e-06 -7.78435e-05
8.06 -9.99751e-06 -7.7844e-05
8.061 -1.00779e-05 -7.78446e-05
8.062 -1.01566e-05 -7.78451e-05
8.063 -1.02334e-05 -7.78453e-05
8.064 -1.03084e-05 -7.7845e-05
8.065 -1.03815e-05 -7.78445e-05
8.066 -1.04528e-05 -7.7844e-05
8.067 -1.05222e-05 -7.78436e-05
8.068 -1.05898e-05 -7.78437e-05
8.069 -1.06556e-05 -7.7844e-05
8.07 -1.07198e-05 -7.78445e-05
8.071 -1.07822e-05 -7.78449e-05
8.072 -1.08429e-05 -7.78451e-05
8.073 -1.09018e-05 -7.78449e-05
8.074 -1.09589e-05 -7.78446e-05
8.075 -1.10141e-05 -7.78441e-05
8.076 -1.10674e-05 -7.78438e-05
8.077 -1.11188e-05 -7.78437e-05
8.078 -1.11683e-05 -7.78439e-05
8.079 -1.12159e-05 -7.78443e-05
8.08 -1.12618e-05 -7.78447e-05
8.081 -1.1306e-05 -7.78449e-05
8.082 -1.13484e-05 -7.78449e-05
8.083 -1.1389e-05 -7.78447e-05
8.084 -1.14279e-05 -7.78443e-05
8.085 -1.1465e-05 -7.7844e-05
8.086 -1.15002e-05 -7.78438e-05
8.087 -1.15336e-05 -7.78439e-05
8.088 -1.1565e-05 -7.78442e-05
8.089 -1.15945e-05 -7.78445e-05
8.09 -1.16222e-05 -7.78448e-05
8.091 -1.16481e-05 -7.78448e-05
8.092 -1.16723e-05 -7.78447e-05
8.093 -1.16947e-05 -7.78444e-05
8.094 -1.17154e-05 -7.78441e-05
8.095 -1.17343e-05 -7.7844e-05
8.096 -1.17515e-05 -7.7844e-05
8.097 -1.17669e-05 -7.78441e-05
8.098 -1.17804e-05 -7.78444e-05
8.099 -1.17921e-05 -7.78446e-05
8.1 -1.1802e-05 -7.78448e-05
8.101 -1.181e-05 -7.78447e-05
8.102 -1.18163e-05 -7.78445e-05
8.103 -1.18209e-05 -7.78443e-05
8.104 -1.18237e-05 -7.7844e-05
8.105 -1.18249e-05 -7.7844e-05
8.106 -1.18244e-05 -7.78441e-05
8.107 -1.18222e-05 -7.78443e-05
8.108 -1.18182e-05 -7.78445e-05
8.109 -1.18124e-05 -7.78447e-05
8.11 -1.18049e-05 -7.78448e-05
8.111 -1.17956e-05 -7.78446e-05
8.112 -1.17846e-05 -7.78444e-05
8.113 -1.17719e-05 -7.78442e-05
8.114 -1.17575e-05 -7.7844e-05
8.115 -1.17416e-05 -7.7844e-05
8.116 -1.1724e-05 -7.78441e-05
8.117 -1.17048e-05 -7.78444e-05
8.118 -1.16839e-05 -7.78446e-05
8.119 -1.16614e-05 -7.78448e-05
8.12 -1.16372e-05 -7.78448e-05
8.121 -1.16113e-05 -7.78446e-05
8.122 -1.15838e-05 -7.78444e-05
8.123 -1.15545e-05 -7.78442e-05
8.124 -1.15238e-05 -7.7844e-05
8.125 -1.14914e-05 -7.7844e-05
8.126 -1.14575e-05 -7.78441e-05
8.127 -1.14222e-05 -7.78444e-05
8.128 -1.13853e-05 -7.78446e-05
8.129 -1.13469e-05 -7.78447e-05
8.13 -1.13069e-05 -7.78448e-05
8.131 -1.12654e-05 -7.78446e-05
8.132 -1.12223e-05 -7.78444e-05
8.133 -1.11776e-05 -7.78442e-05
8.134 -1.11313e-05 -7.78441e-05
8.135 -1.10836e-05 -7.78441e-05
8.136 -1.10345e-05 -7.78442e-05
8.137 -1.09839e-05 -7.78444e-05
8.138 -1.0932e-05 -7.78446e-05
8.139 -1.08787e-05 -7.78447e-05
8.14 -1.0824e-05 -7.78447e-05
8.141 -1.07679e-05 -7.78446e-05
8.142 -1.07103e-05 -7.78445e-05
8.143 -1.06513e-05 -7.78443e-05
8.144 -1.05908e-05 -7.78442e-05
8.145 -1.05289e-05 -7.78442e-05
8.146 -1.04657e-05 -7.78443e-05
8.147 -1.04011e-05 -7.78444e-05
8.148 -1.03353e-05 -7.78445e-05
8.149 -1.02683e-05 -7.78446e-05
8.15 -1.02e-05 -7.78446e-05
8.151 -1.01304e-05 -7.78446e-05
8.152 -1.00596e-05 -7.78445e-05
8.153 -9.98755e-06 -7.78444e-05
8.154 -9.91417e-06 -7.78443e-05
8.155 -9.83949e-06 -7.78443e-05
8.156 -9.76355e-06 -7.78443e-05
8.157 -9.68637e-06 -7.78444e-05
8.158 -9.60802e-06 -7.78444e-05
8.159 -9.52855e-06 -7.78445e-05
8.16 -9.44799e-06 -7.78445e-05
8.161 -9.36635e-06 -7.78446e-05
8.162 -9.28364e-06 -7.78445e-05
8.163 -9.19983e-06 -7.78445e-05
8.164 -9.1149e-06 -7.78444e-05
8.165 -9.02884e-06 -7.78443e-05
8.166 -8.94165e-06 -7.78443e-05
8.167 -8.85335e-06 -7.78443e-05
8.168 -8.76398e-06 -7.78444e-05
8.169 -8.6736e-06 -7.78445e-05
8.17 -8.58225e-06 -7.78447e-05
8.171 -8.48999e-06 -7.78447e-05
8.172 -8.39682e-06 -7.78446e-05
8.173 -8.30275e-06 -7.78444e-05
8.174 -8.20777e-06 -7.78442e-05
8.175 -8.11185e-06 -7.78441e-05
8.176 -8.01497e-06 -7.78442e-05
8.177 -7.91712e-06 -7.78444e-05
8.178 -7.81834e-06 -7.78446e-05
8.179 -7.71865e-06 -7.78448e-05
8.18 -7.61811e-06 -7.78448e-05
8.181 -7.51678e-06 -7.78447e-05
8.182 -7.4147e-06 -7.78444e-05
8.183 -7.31192e-06 -7.78441e-05
8.184 -7.20843e-06 -7.7844e-05
8.185 -7.10423e-06 -7.78442e-05
8.186 -6.9993e-06 -7.78445e-05
8.187 -6.8936e-06 -7.78448e-05
8.188 -6.78713e-06 -7.7845e-05
8.189 -6.67989e-06 -7.78448e-05
8.19 -6.57192e-06 -7.78445e-05
8.191 -6.46326e-06 -7.78441e-05
8.192 -6.35398e-06 -7.7844e-05
8.193 -6.24413e-06 -7.78441e-05
8.194 -6.13375e-06 -7.78445e-05
8.195 -6.02287e-06 -7.78449e-05
8.196 -5.91148e-06 -7.78451e-05
8.197 -5.79957e-06 -7.78449e-05
8.198 -5.68711e-06 -7.78444e-05
8.199 -5.5741e-06 -7.78439e-05
8.2 -5.46052e-06 -7.78436e-05
8.201 -5.34639e-06 -7.78438e-05
8.202 -5.23176e-06 -7.78445e-05
8.203 -5.11667e-06 -7.78452e-05
8.204 -5.0012e-06 -7.78456e-05
8.205 -4.88537e-06 -7.78455e-05
8.206 -4.76924e-06 -7.78447e-05
8.207 -4.6528e-06 -7.78438e-05
8.208 -4.53605e-06 -7.78431e-05
8.209 -4.41898e-06 -7.78431e-05
8.21 -4.30157e-06 -7.78439e-05
8.211 -4.1838e-06 -7.78451e-05
8.212 -4.06569e-06 -7.78461e-05
8.213 -3.94727e-06 -7.78462e-05
8.214 -3.82857e-06 -7.78455e-05
8.215 -3.70967e-06 -7.78441e-05
8.216 -3.59059e-06 -7.78428e-05
8.217 -3.4714e-06 -7.78424e-05
8.218 -3.3521e-06 -7.78431e-05
8.219 -3.23271e-06 -7.78446e-05
8.22 -3.11321e-06 -7.78461e-05
8.221 -2.9936e-06 -7.78469e-05
8.222 -2.87385e-06 -7.78464e-05
8.223 -2.75398e-06 -7.78449e-05
8.224 -2.63399e-06 -7.7843e-05
8.225 -2.51391e-06 -7.78419e-05
8.226 -2.3938e-06 -7.78421e-05
8.227 -2.27371e-06 -7.78437e-05
8.228 -2.15366e-06 -7.78458e-05
8.229 -2.03371e-06 -7.78473e-05
8.23 -1.91386e-06 -7.78473e-05
8.231 -1.79412e-06 -7.78458e-05
8.232 -1.67448e-06 -7.78435e-05
8.233 -1.55494e-06 -7.78416e-05
8.234 -1.4355e-06 -7.78413e-05
8.235 -1.31615e-06 -7.78427e-05
8.236 -1.19692e-06 -7.78451e-05
8.237 -1.07783e-06 -7.78474e-05
8.238 -9.58932e-07 -7.78482e-05
8.239 -8.40254e-07 -7.7847e-05
8.24 -7.21835e-07 -7.78445e-05
8.241 -6.037e-07 -7.78418e-05
8.242 -4.85866e-07 -7.78405e-05
8.243 -3.6834e-07 -7.78413e-05
8.244 -2.51126e-07 -7.78439e-05
8.245 -1.34223e-07 -7.78468e-05
8.246 -1.76366e-08 -7.78487e-05
8.247 9.86238e-08 -7.78483e-05
8.248 2.14541e-07 -7.7846e-05
8.249 3.30091e-07 -7.78428e-05
8.25 4.45248e-07 -7.78405e-05
8.251 5.59984e-07 -7.78403e-05
8.252 6.74273e-07 -7.78423e-05
8.253 7.88093e-07 -7.78455e-05
8.254 9.01428e-07 -7.78482e-05
8.255 1.01426e-06 -7.78489e-05
8.256 1.12659e-06 -7.78473e-05
8.257 1.23841e-06 -7.78442e-05
8.258 1.34969e-06 -7.78413e-05
8.259 1.46044e-06 -7.78402e-05
8.26 1.57064e-06 -7.78413e-05
8.261 1.68028e-06 -7.78442e-05
8.262 1.78933e-06 -7.78472e-05
8.263 1.89777e-06 -7.78487e-05
8.264 2.0056e-06 -7.7848e-05
8.265 2.11278e-06 -7.78454e-05
8.266 2.2193e-06 -7.78425e-05
8.267 2.32515e-06 -7.78407e-05
8.268 2.43029e-06 -7.78411e-05
8.269 2.53474e-06 -7.78433e-05
8.27 2.63846e-06 -7.78461e-05
8.271 2.74147e-06 -7.7848e-05
8.272 2.84375e-06 -7.78479e-05
8.273 2.94529e-06 -7.7846e-05
8.274 3.04609e-06 -7.78434e-05
8.275 3.14612e-06 -7.78415e-05
8.276 3.24538e-06 -7.78414e-05
8.277 3.34383e-06 -7.7843e-05
8.278 3.44146e-06 -7.78455e-05
8.279 3.53824e-06 -7.78473e-05
8.28 3.63416e-06 -7.78475e-05
8.281 3.7292e-06 -7.7846e-05
8.282 3.82336e-06 -7.78437e-05
8.283 3.91664e-06 -7.7842e-05
8.284 4.00905e-06 -7.78418e-05
8.285 4.10059e-06 -7.78432e-05
8.286 4.19125e-06 -7.78453e-05
8.287 4.28101e-06 -7.7847e-05
8.288 4.36986e-06 -7.78471e-05
8.289 4.45776e-06 -7.78458e-05
8.29 4.5447e-06 -7.78437e-05
8.291 4.63064e-06 -7.78422e-05
8.292 4.71557e-06 -7.7842e-05
8.293 4.79949e-06 -7.78433e-05
8.294 4.8824e-06 -7.78454e-05
8.295 4.96431e-06 -7.7847e-05
8.296 5.04523e-06 -7.78471e-05
8.297 5.12517e-06 -7.78458e-05
8.298 5.20412e-06 -7.78436e-05
8.299 5.28206e-06 -7.7842e-05
8.3 5.35896e-06 -7.78418e-05
8.301 5.4348e-06 -7.78432e-05
8.302 5.50956e-06 -7.78453e-05
8.303 5.5832e-06 -7.7847e-05
8.304 5.65572e-06 -7.78473e-05
8.305 5.72712e-06 -7.78461e-05
8.306 5.79743e-06 -7.78439e-05
8.307 5.86665e-06 -7.78421e-05
8.308 5.9348e-06 -7.78417e-05
8.309 6.0019e-06 -7.78428e-05
8.31 6.06791e-06 -7.78449e-05
8.311 6.13283e-06 -7.78467e-05
8.312 6.19663e-06 -7.78473e-05
8.313 6.25926e-06 -7.78463e-05
8.314 6.3207e-06 -7.78443e-05
8.315 6.38094e-06 -7.78426e-05
8.316 6.43997e-06 -7.7842e-05
8.317 6.49783e-06 -7.78428e-05
8.318 6.55453e-06 -7.78446e-05
8.319 6.61009e-06 -7.78463e-05
8.32 6.66454e-06 -7.78468e-05
8.321 6.71788e-06 -7.7846e-05
8.322 6.77009e-06 -7.78443e-05
8.323 6.82115e-06 -7.78428e-05
8.324 6.87101e-06 -7.78423e-05
8.325 6.91964e-06 -7.78431e-05
8.326 6.96702e-06 -7.78448e-05
8.327 7.01314e-06 -7.78462e-05
8.328 7.05801e-06 -7.78467e-05
8.329 7.10166e-06 -7.78458e-05
8.33 7.14412e-06 -7.78442e-05
8.331 7.18543e-06 -7.78427e-05
8.332 7.22559e-06 -7.78423e-05
8.333 7.26461e-06 -7.78432e-05
8.334 7.30247e-06 -7.78448e-05
8.335 7.33914e-06 -7.78463e-05
8.336 7.37458e-06 -7.78467e-05
8.337 7.40877e-06 -7.78458e-05
8.338 7.44168e-06 -7.78442e-05
8.339 7.47331e-06 -7.78427e-05
8.34 7.5037e-06 -7.78423e-05
8.341 7.53286e-06 -7.78431e-05
8.342 7.56083e-06 -7.78447e-05
8.343 7.58764e-06 -7.78462e-05
8.344 7.61329e-06 -7.78466e-05
8.345 7.63779e-06 -7.78458e-05
8.346 7.66112e-06 -7.78443e-05
8.347 7.68323e-06 -7.78429e-05
8.348 7.7041e-06 -7.78424e-05
8.349 7.72371e-06 -7.78432e-05
8.35 7.74206e-06 -7.78447e-05
8.351 7.75916e-06 -7.7846e-05
8.352 7.77504e-06 -7.78464e-05
8.353 7.78973e-06 -7.78457e-05
8.354 7.80327e-06 -7.78443e-05
8.355 7.81567e-06 -7.7843e-05
8.356 7.82693e-06 -7.78426e-05
8.357 7.83704e-06 -7.78433e-05
8.358 7.84597e-06 -7.78447e-05
8.359 7.85368e-06 -7.78459e-05
8.36 7.86017e-06 -7.78462e-05
8.361 7.86542e-06 -7.78455e-05
8.362 7.86944e-06 -7.78442e-05
8.363 7.87225e-06 -7.7843e-05
8.364 7.87391e-06 -7.78428e-05
8.365 7.87444e-06 -7.78435e-05
8.366 7.87387e-06 -7.78448e-05
8.367 7.87221e-06 -7.7846e-05
8.368 7.86945e-06 -7.78462e-05
8.369 7.86557e-06 -7.78454e-05
8.37 7.86053e-06 -7.78441e-05
8.371 7.85431e-06 -7.7843e-05
8.372 7.84689e-06 -7.78428e-05
8.373 7.83828e-06 -7.78435e-05
8.374 7.8285e-06 -7.78448e-05
8.375 7.81759e-06 -7.78459e-05
8.376 7.80559e-06 -7.78461e-05
8.377 7.79253e-06 -7.78454e-05
8.378 7.77844e-06 -7.78441e-05
8.379 7.76333e-06 -7.78431e-05
8.38 7.74717e-06 -7.78429e-05
8.381 7.72993e-06 -7.78436e-05
8.382 7.71159e-06 -7.78448e-05
8.383 7.69211e-06 -7.78458e-05
8.384 7.67151e-06 -7.78459e-05
8.385 7.64978e-06 -7.78452e-05
8.386 7.62697e-06 -7.78441e-05
8.387 7.60312e-06 -7.78432e-05
8.388 7.57827e-06 -7.78431e-05
8.389 7.55246e-06 -7.78438e-05
8.39 7.52569e-06 -7.7845e-05
8.391 7.49797e-06 -7.78458e-05
8.392 7.46926e-06 -7.78458e-05
8.393 7.43953e-06 -7.7845e-05
8.394 7.40877e-06 -7.78438e-05
8.395 7.37695e-06 -7.7843e-05
8.396 7.34408e-06 -7.7843e-05
8.397 7.31019e-06 -7.78439e-05
8.398 7.27532e-06 -7.78451e-05
8.399 7.23951e-06 -7.7846e-05
8.4 7.20282e-06 -7.78459e-05
8.401 7.16526e-06 -7.7845e-05
8.402 7.12683e-06 -7.78438e-05
8.403 7.08753e-06 -7.78429e-05
8.404 7.04732e-06 -7.78429e-05
8.405 7.00618e-06 -7.78438e-05
8.406 6.96408e-06 -7.78451e-05
8.407 6.92102e-06 -7.7846e-05
8.408 6.87701e-06 -7.7846e-05
8.409 6.8321e-06 -7.78451e-05
8.41 6.78633e-06 -7.78439e-05
8.411 6.73975e-06 -7.78429e-05
8.412 6.69238e-06 -7.78429e-05
8.413 6.64425e-06 -7.78437e-05
8.414 6.59536e-06 -7.78449e-05
8.415 6.54568e-06 -7.78459e-05
8.416 6.49518e-06 -7.7846e-05
8.417 6.44384e-06 -7.78453e-05
8.418 6.39165e-06 -7.78441e-05
8.419 6.33861e-06 -7.78431e-05
8.42 6.28475e-06 -7.78428e-05
8.421 6.23013e-06 -7.78435e-05
8.422 6.17477e-06 -7.78446e-05
8.423 6.11873e-06 -7.78456e-05
8.424 6.06203e-06 -7.7846e-05
8.425 6.00468e-06 -7.78455e-05
8.426 5.94666e-06 -7.78445e-05
8.427 5.88795e-06 -7.78436e-05
8.428 5.82852e-06 -7.78431e-05
8.429 5.76836e-06 -7.78434e-05
8.43 5.70747e-06 -7.78441e-05
8.431 5.64586e-06 -7.78449e-05
8.432 5.58357e-06 -7.78453e-05
8.433 5.52065e-06 -7.78453e-05
8.434 5.45715e-06 -7.78448e-05
8.435 5.3931e-06 -7.78443e-05
8.436 5.32852e-06 -7.7844e-05
8.437 5.26341e-06 -7.78439e-05
8.438 5.19774e-06 -7.78441e-05
8.439 5.13149e-06 -7.78443e-05
8.44 5.06463e-06 -7.78444e-05
8.441 4.99716e-06 -7.78444e-05
8.442 4.92908e-06 -7.78445e-05
8.443 4.86043e-06 -7.78447e-05
8.444 4.79125e-06 -7.78449e-05
8.445 4.7216e-06 -7.78449e-05
8.446 4.6515e-06 -7.78447e-05
8.447 4.581e-06 -7.78442e-05
8.448 4.5101e-06 -7.78437e-05
8.449 4.43878e-06 -7.78433e-05
8.45 4.36703e-06 -7.78435e-05
8.451 4.29482e-06 -7.78443e-05
8.452 4.22212e-06 -7.78453e-05
8.453 4.14895e-06 -7.78459e-05
8.454 4.07532e-06 -7.78459e-05
8.455 4.00128e-06 -7.7845e-05
8.456 3.92686e-06 -7.78436e-05
8.457 3.85212e-06 -7.78426e-05
8.458 3.77709e-06 -7.78424e-05
8.459 3.70179e-06 -7.78433e-05
8.46 3.62621e-06 -7.78449e-05
8.461 3.55034e-06 -7.78463e-05
8.462 3.47415e-06 -7.78468e-05
8.463 3.39763e-06 -7.78461e-05
8.464 3.32076e-06 -7.78444e-05
8.465 3.24357e-06 -7.78426e-05
8.466 3.16609e-06 -7.78418e-05
8.467 3.08835e-06 -7.78423e-05
8.468 3.01041e-06 -7.78439e-05
8.469 2.9323e-06 -7.78459e-05
8.47 2.85405e-06 -7.78471e-05
8.471 2.77567e-06 -7.78469e-05
8.472 2.69714e-06 -7.78454e-05
8.473 2.61843e-06 -7.78433e-05
8.474 2.53953e-06 -7.78418e-05
8.475 2.46043e-06 -7.78417e-05
8.476 2.38113e-06 -7.78431e-05
8.477 2.30166e-06 -7.78451e-05
8.478 2.22205e-06 -7.78467e-05
8.479 2.14236e-06 -7.78471e-05
8.48 2.06264e-06 -7.7846e-05
8.481 1.9829e-06 -7.78441e-05
8.482 1.90317e-06 -7.78424e-05
8.483 1.82344e-06 -7.78418e-05
8.484 1.7437e-06 -7.78426e-05
8.485 1.6639e-06 -7.78445e-05
8.486 1.58405e-06 -7.78462e-05
8.487 1.50413e-06 -7.7847e-05
8.488 1.42416e-06 -7.78463e-05
8.489 1.34417e-06 -7.78446e-05
8.49 1.26421e-06 -7.78428e-05
8.491 1.18433e-06 -7.7842e-05
8.492 1.10457e-06 -7.78424e-05
8.493 1.02495e-06 -7.7844e-05
8.494 9.45472e-07 -7.78458e-05
8.495 8.66124e-07 -7.78468e-05
8.496 7.86884e-07 -7.78465e-05
8.497 7.07729e-07 -7.78451e-05
8.498 6.28647e-07 -7.78434e-05
8.499 5.49643e-07 -7.78422e-05
8.5 4.70741e-07 -7.78422e-05
8.501 3.91981e-07 -7.78434e-05
8.502 3.13409e-07 -7.78451e-05
8.503 2.35069e-07 -7.78464e-05
8.504 1.56993e-07 -7.78466e-05
8.505 7.91936e-08 -7.78457e-05
8.506 1.66603e-09 -7.78441e-05
8.507 -7.56085e-08 -7.78428e-05
8.508 -1.52653e-07 -7.78424e-05
8.509 -2.29488e-07 -7.7843e-05
8.51 -3.06116e-07 -7.78444e-05
8.511 -3.82525e-07 -7.78457e-05
8.512 -4.58685e-07 -7.78463e-05
8.513 -5.34553e-07 -7.78459e-05
8.514 -6.10084e-07 -7.78448e-05
8.515 -6.8524e-07 -7.78435e-05
8.516 -7.59999e-07 -7.78428e-05
8.517 -8.34356e-07 -7.7843e-05
8.518 -9.08323e-07 -7.78439e-05
8.519 -9.81921e-07 -7.7845e-05
8.52 -1.05517e-06 -7.78458e-05
8.521 -1.12809e-06 -7.78459e-05
8.522 -1.20068e-06 -7.78452e-05
8.523 -1.27292e-06 -7.78442e-05
8.524 -1.34476e-06 -7.78433e-05
8.525 -1.41618e-06 -7.78431e-05
8.526 -1.48712e-06 -7.78436e-05
8.527 -1.55757e-06 -7.78445e-05
8.528 -1.6275e-06 -7.78454e-05
8.529 -1.69691e-06 -7.78458e-05
8.53 -1.76583e-06 -7.78455e-05
8.531 -1.83428e-06 -7.78447e-05
8.532 -1.90227e-06 -7.78438e-05
8.533 -1.96982e-06 -7.78432e-05
8.534 -2.03693e-06 -7.78433e-05
8.535 -2.10356e-06 -7.7844e-05
8.536 -2.16968e-06 -7.78449e-05
8.537 -2.23525e-06 -7.78456e-05
8.538 -2.30024e-06 -7.78457e-05
8.539 -2.36461e-06 -7.78452e-05
8.54 -2.42836e-06 -7.78443e-05
8.541 -2.4915e-06 -7.78435e-05
8.542 -2.55404e-06 -7.78431e-05
8.543 -2.61602e-06 -7.78435e-05
8.544 -2.67746e-06 -7.78443e-05
8.545 -2.73835e-06 -7.78452e-05
8.546 -2.79869e-06 -7.78458e-05
8.547 -2.85847e-06 -7.78457e-05
8.548 -2.91763e-06 -7.78449e-05
8.549 -2.97615e-06 -7.78439e-05
8.55 -3.03399e-06 -7.78432e-05
8.551 -3.09113e-06 -7.78431e-05
8.552 -3.14756e-06 -7.78438e-05
8.553 -3.20329e-06 -7.78448e-05
8.554 -3.25835e-06 -7.78456e-05
8.555 -3.31276e-06 -7.78459e-05
8.556 -3.36654e-06 -7.78454e-05
8.557 -3.41969e-06 -7.78443e-05
8.558 -3.4722e-06 -7.78434e-05
8.559 -3.52407e-06 -7.7843e-05
8.56 -3.57525e-06 -7.78434e-05
8.561 -3.62571e-06 -7.78445e-05
8.562 -3.67543e-06 -7.78456e-05
8.563 -3.72439e-06 -7.78461e-05
8.564 -3.77257e-06 -7.78457e-05
8.565 -3.82e-06 -7.78447e-05
8.566 -3.86669e-06 -7.78434e-05
8.567 -3.91266e-06 -7.78428e-05
8.568 -3.95792e-06 -7.7843e-05
8.569 -4.00249e-06 -7.78441e-05
8.57 -4.04636e-06 -7.78454e-05
8.571 -4.0895e-06 -7.78463e-05
8.572 -4.13191e-06 -7.78462e-05
8.573 -4.17354e-06 -7.78451e-05
8.574 -4.21438e-06 -7.78436e-05
8.575 -4.25442e-06 -7.78426e-05
8.576 -4.29365e-06 -7.78426e-05
8.577 -4.33209e-06 -7.78437e-05
8.578 -4.36975e-06 -7.78452e-05
8.579 -4.40665e-06 -7.78463e-05
8.58 -4.44279e-06 -7.78465e-05
8.581 -4.47819e-06 -7.78455e-05
8.582 -4.51283e-06 -7.78439e-05
8.583 -4.5467e-06 -7.78426e-05
8.584 -4.57979e-06 -7.78423e-05
8.585 -4.61207e-06 -7.78433e-05
8.586 -4.64352e-06 -7.78449e-05
8.587 -4.67415e-06 -7.78463e-05
8.588 -4.70396e-06 -7.78467e-05
8.589 -4.73296e-06 -7.78459e-05
8.59 -4.76116e-06 -7.78443e-05
8.591 -4.78857e-06 -7.78427e-05
8.592 -4.81521e-06 -7.78421e-05
8.593 -4.84108e-06 -7.78428e-05
8.594 -4.86616e-06 -7.78444e-05
8.595 -4.89045e-06 -7.78461e-05
8.596 -4.91392e-06 -7.78468e-05
8.597 -4.93657e-06 -7.78463e-05
8.598 -4.95837e-06 -7.78448e-05
8.599 -4.97935e-06 -7.78431e-05
8.6 -4.9995e-06 -7.78422e-05
8.601 -5.01884e-06 -7.78426e-05
8.602 -5.03738e-06 -7.7844e-05
8.603 -5.05514e-06 -7.78456e-05
8.604 -5.07212e-06 -7.78465e-05
8.605 -5.08831e-06 -7.78463e-05
8.606 -5.10372e-06 -7.78451e-05
8.607 -5.11831e-06 -7.78436e-05
8.608 -5.13209e-06 -7.78427e-05
8.609 -5.14505e-06 -7.78428e-05
8.61 -5.15717e-06 -7.7844e-05
8.611 -5.16848e-06 -7.78454e-05
8.612 -5.17897e-06 -7.78462e-05
8.613 -5.18867e-06 -7.7846e-05
8.614 -5.19759e-06 -7.78449e-05
8.615 -5.20574e-06 -7.78436e-05
8.616 -5.21312e-06 -7.78429e-05
8.617 -5.21971e-06 -7.78432e-05
8.618 -5.22553e-06 -7.78443e-05
8.619 -5.23054e-06 -7.78456e-05
8.62 -5.23475e-06 -7.78462e-05
8.621 -5.23815e-06 -7.78458e-05
8.622 -5.24075e-06 -7.78445e-05
8.623 -5.24256e-06 -7.78431e-05
8.624 -5.2436e-06 -7.78426e-05
8.625 -5.24387e-06 -7.78432e-05
8.626 -5.2434e-06 -7.78446e-05
8.627 -5.24218e-06 -7.78461e-05
8.628 -5.24021e-06 -7.78468e-05
8.629 -5.23748e-06 -7.78461e-05
8.63 -5.23399e-06 -7.78445e-05
8.631 -5.22972e-06 -7.78427e-05
8.632 -5.22468e-06 -7.78419e-05
8.633 -5.21886e-06 -7.78425e-05
8.634 -5.21228e-06 -7.78443e-05
8.635 -5.20496e-06 -7.78463e-05
8.636 -5.1969e-06 -7.78474e-05
8.637 -5.18813e-06 -7.78469e-05
8.638 -5.17866e-06 -7.78451e-05
8.639 -5.16848e-06 -7.78429e-05
8.64 -5.15758e-06 -7.78416e-05
8.641 -5.14597e-06 -7.78418e-05
8.642 -5.13363e-06 -7.78435e-05
8.643 -5.12055e-06 -7.78458e-05
8.644 -5.10674e-06 -7.78474e-05
8.645 -5.09221e-06 -7.78475e-05
8.646 -5.07697e-06 -7.7846e-05
8.647 -5.06103e-06 -7.78437e-05
8.648 -5.04443e-06 -7.78419e-05
8.649 -5.02715e-06 -7.78415e-05
8.65 -5.00922e-06 -7.78427e-05
8.651 -4.99063e-06 -7.78449e-05
8.652 -4.97138e-06 -7.78468e-05
8.653 -4.95145e-06 -7.78475e-05
8.654 -4.93085e-06 -7.78465e-05
8.655 -4.90957e-06 -7.78445e-05
8.656 -4.88762e-06 -7.78425e-05
8.657 -4.86501e-06 -7.78417e-05
8.658 -4.84176e-06 -7.78424e-05
8.659 -4.81788e-06 -7.78443e-05
8.66 -4.79339e-06 -7.78462e-05
8.661 -4.7683e-06 -7.78471e-05
8.662 -4.7426e-06 -7.78466e-05
8.663 -4.7163e-06 -7.7845e-05
8.664 -4.68938e-06 -7.78432e-05
8.665 -4.66186e-06 -7.78421e-05
8.666 -4.63371e-06 -7.78424e-05
8.667 -4.60496e-06 -7.78438e-05
8.668 -4.57561e-06 -7.78455e-05
8.669 -4.54568e-06 -7.78466e-05
8.67 -4.51519e-06 -7.78465e-05
8.671 -4.48414e-06 -7.78454e-05
8.672 -4.45254e-06 -7.78439e-05
8.673 -4.42042e-06 -7.78428e-05
8.674 -4.38775e-06 -7.78427e-05
8.675 -4.35454e-06 -7.78435e-05
8.676 -4.32079e-06 -7.78449e-05
8.677 -4.28649e-06 -7.78459e-05
8.678 -4.25166e-06 -7.7846e-05
8.679 -4.21629e-06 -7.78454e-05
8.68 -4.18041e-06 -7.78443e-05
8.681 -4.14402e-06 -7.78435e-05
8.682 -4.10714e-06 -7.78433e-05
8.683 -4.06978e-06 -7.78437e-05
8.684 -4.03196e-06 -7.78446e-05
8.685 -3.99368e-06 -7.78453e-05
8.686 -3.95493e-06 -7.78454e-05
8.687 -3.91571e-06 -7.7845e-05
8.688 -3.87604e-06 -7.78444e-05
8.689 -3.8359e-06 -7.78439e-05
8.69 -3.79531e-06 -7.78438e-05
8.691 -3.75427e-06 -7.78442e-05
8.692 -3.7128e-06 -7.78447e-05
8.693 -3.67091e-06 -7.7845e-05
8.694 -3.62861e-06 -7.78449e-05
8.695 -3.58592e-06 -7.78446e-05
8.696 -3.54284e-06 -7.78442e-05
8.697 -3.49937e-06 -7.7844e-05
8.698 -3.45552e-06 -7.78442e-05
8.699 -3.41129e-06 -7.78446e-05
8.7 -3.36669e-06 -7.7845e-05
8.701 -3.32171e-06 -7.7845e-05
8.702 -3.27636e-06 -7.78446e-05
8.703 -3.23066e-06 -7.78441e-05
8.704 -3.18462e-06 -7.78438e-05
8.705 -3.13825e-06 -7.78439e-05
8.706 -3.09157e-06 -7.78444e-05
8.707 -3.04457e-06 -7.7845e-05
8.708 -2.99728e-06 -7.78453e-05
8.709 -2.94969e-06 -7.78452e-05
8.71 -2.90181e-06 -7.78445e-05
8.711 -2.85364e-06 -7.78438e-05
8.712 -2.80519e-06 -7.78434e-05
8.713 -2.75645e-06 -7.78436e-05
8.714 -2.70743e-06 -7.78444e-05
8.715 -2.65815e-06 -7.78453e-05
8.716 -2.60861e-06 -7.78458e-05
8.717 -2.55883e-06 -7.78456e-05
8.718 -2.50883e-06 -7.78447e-05
8.719 -2.45862e-06 -7.78437e-05
8.72 -2.40821e-06 -7.7843e-05
8.721 -2.3576e-06 -7.78431e-05
8.722 -2.30681e-06 -7.7844e-05
8.723 -2.25583e-06 -7.78452e-05
8.724 -2.20466e-06 -7.78461e-05
8.725 -2.1533e-06 -7.7846e-05
8.726 -2.10175e-06 -7.78451e-05
8.727 -2.05003e-06 -7.78438e-05
8.728 -1.99813e-06 -7.78428e-05
8.729 -1.94609e-06 -7.78427e-05
8.73 -1.8939e-06 -7.78436e-05
8.731 -1.8416e-06 -7.7845e-05
8.732 -1.78919e-06 -7.78461e-05
8.733 -1.73671e-06 -7.78464e-05
8.734 -1.68414e-06 -7.78456e-05
8.735 -1.63148e-06 -7.78441e-05
8.736 -1.57875e-06 -7.78429e-05
8.737 -1.52593e-06 -7.78424e-05
8.738 -1.47302e-06 -7.78432e-05
8.739 -1.42001e-06 -7.78446e-05
8.74 -1.36693e-06 -7.7846e-05
8.741 -1.31378e-06 -7.78466e-05
8.742 -1.26059e-06 -7.7846e-05
8.743 -1.20737e-06 -7.78446e-05
8.744 -1.15416e-06 -7.7843e-05
8.745 -1.10095e-06 -7.78423e-05
8.746 -1.04777e-06 -7.78427e-05
8.747 -9.9461e-07 -7.78442e-05
8.748 -9.41464e-07 -7.78458e-05
8.749 -8.88327e-07 -7.78467e-05
8.75 -8.35193e-07 -7.78464e-05
8.751 -7.82065e-07 -7.7845e-05
8.752 -7.28951e-07 -7.78433e-05
8.753 -6.75869e-07 -7.78422e-05
8.754 -6.2284e-07 -7.78424e-05
8.755 -5.69888e-07 -7.78437e-05
8.756 -5.17033e-07 -7.78455e-05
8.757 -4.64288e-07 -7.78467e-05
8.758 -4.11659e-07 -7.78467e-05
8.759 -3.59142e-07 -7.78455e-05
8.76 -3.06732e-07 -7.78436e-05
8.761 -2.54419e-07 -7.78422e-05
8.762 -2.02201e-07 -7.7842e-05
8.763 -1.5008e-07 -7.78431e-05
8.764 -9.80693e-08 -7.7845e-05
8.765 -4.61878e-08 -7.78467e-05
8.766 5.541e-09 -7.78471e-05
8.767 5.70944e-08 -7.78461e-05
8.768 1.08455e-07 -7.78443e-05
8.769 1.59612e-07 -7.78424e-05
8.77 2.10566e-07 -7.78417e-05
8.771 2.61322e-07 -7.78424e-05
8.772 3.11889e-07 -7.78442e-05
8.773 3.62275e-07 -7.78461e-05
8.774 4.12481e-07 -7.78472e-05
8.775 4.62501e-07 -7.78467e-05
8.776 5.12319e-07 -7.78451e-05
8.777 5.61913e-07 -7.78432e-05
8.778 6.11261e-07 -7.78419e-05
8.779 6.60342e-07 -7.78421e-05
8.78 7.09141e-07 -7.78435e-05
8.781 7.57654e-07 -7.78453e-05
8.782 8.05884e-07 -7.78467e-05
8.783 8.53839e-07 -7.78468e-05
8.784 9.01529e-07 -7.78457e-05
8.785 9.48959e-07 -7.7844e-05
8.786 9.96129e-07 -7.78426e-05
8.787 1.04303e-06 -7.78423e-05
8.788 1.08964e-06 -7.78432e-05
8.789 1.13594e-06 -7.78447e-05
8.79 1.18191e-06 -7.7846e-05
8.791 1.22753e-06 -7.78464e-05
8.792 1.27279e-06 -7.78457e-05
8.793 1.3177e-06 -7.78443e-05
8.794 1.36225e-06 -7.78431e-05
8.795 1.40646e-06 -7.78427e-05
8.796 1.45034e-06 -7.78434e-05
8.797 1.49388e-06 -7.78446e-05
8.798 1.53709e-06 -7.78457e-05
8.799 1.57996e-06 -7.7846e-05
8.8 1.62246e-06 -7.78454e-05
8.801 1.66458e-06 -7.78442e-05
8.802 1.70629e-06 -7.78432e-05
8.803 1.74758e-06 -7.78429e-05
8.804 1.78845e-06 -7.78435e-05
8.805 1.8289e-06 -7.78447e-05
8.806 1.86894e-06 -7.78458e-05
8.807 1.90858e-06 -7.78461e-05
8.808 1.94782e-06 -7.78455e-05
8.809 1.98667e-06 -7.78442e-05
8.81 2.02512e-06 -7.78431e-05
8.811 2.06316e-06 -7.78427e-05
8.812 2.10077e-06 -7.78433e-05
8.813 2.13794e-06 -7.78445e-05
8.814 2.17465e-06 -7.78458e-05
8.815 2.21089e-06 -7.78463e-05
8.816 2.24666e-06 -7.78458e-05
8.817 2.28197e-06 -7.78445e-05
8.818 2.3168e-06 -7.78432e-05
8.819 2.35119e-06 -7.78426e-05
8.82 2.38512e-06 -7.7843e-05
8.821 2.41861e-06 -7.78442e-05
8.822 2.45163e-06 -7.78455e-05
8.823 2.4842e-06 -7.78463e-05
8.824 2.51629e-06 -7.7846e-05
8.825 2.54788e-06 -7.78449e-05
8.826 2.57899e-06 -7.78436e-05
8.827 2.60959e-06 -7.78427e-05
8.828 2.63969e-06 -7.78427e-05
8.829 2.66929e-06 -7.78437e-05
8.83 2.6984e-06 -7.78451e-05
8.831 2.72701e-06 -7.78461e-05
8.832 2.75512e-06 -7.78462e-05
8.833 2.78274e-06 -7.78454e-05
8.834 2.80986e-06 -7.78441e-05
8.835 2.83647e-06 -7.7843e-05
8.836 2.86257e-06 -7.78427e-05
8.837 2.88814e-06 -7.78432e-05
8.838 2.91319e-06 -7.78444e-05
8.839 2.93773e-06 -7.78455e-05
8.84 2.96174e-06 -7.7846e-05
8.841 2.98523e-06 -7.78457e-05
8.842 3.00821e-06 -7.78448e-05
8.843 3.03067e-06 -7.78438e-05
8.844 3.0526e-06 -7.78431e-05
8.845 3.07401e-06 -7.78431e-05
8.846 3.09489e-06 -7.78438e-05
8.847 3.11523e-06 -7.78447e-05
8.848 3.13503e-06 -7.78455e-05
8.849 3.15429e-06 -7.78456e-05
8.85 3.17302e-06 -7.78453e-05
8.851 3.19122e-06 -7.78445e-05
8.852 3.2089e-06 -7.78438e-05
8.853 3.22605e-06 -7.78434e-05
8.854 3.24267e-06 -7.78435e-05
8.855 3.25876e-06 -7.78441e-05
8.856 3.2743e-06 -7.78447e-05
8.857 3.2893e-06 -7.78452e-05
8.858 3.30375e-06 -7.78454e-05
8.859 3.31765e-06 -7.78451e-05
8.86 3.33101e-06 -7.78446e-05
8.861 3.34382e-06 -7.7844e-05
8.862 3.35611e-06 -7.78436e-05
8.863 3.36788e-06 -7.78436e-05
8.864 3.37912e-06 -7.7844e-05
8.865 3.38984e-06 -7.78446e-05
8.866 3.40004e-06 -7.78451e-05
8.867 3.40969e-06 -7.78454e-05
8.868 3.41879e-06 -7.78452e-05
8.869 3.42734e-06 -7.78447e-05
8.87 3.43533e-06 -7.7844e-05
8.871 3.44277e-06 -7.78435e-05
8.872 3.44967e-06 -7.78434e-05
8.873 3.45605e-06 -7.78438e-05
8.874 3.46192e-06 -7.78446e-05
8.875 3.46728e-06 -7.78453e-05
8.876 3.47215e-06 -7.78457e-05
8.877 3.4765e-06 -7.78454e-05
8.878 3.48033e-06 -7.78446e-05
8.879 3.48362e-06 -7.78437e-05
8.88 3.48636e-06 -7.78432e-05
8.881 3.48854e-06 -7.78433e-05
8.882 3.49018e-06 -7.7844e-05
8.883 3.49128e-06 -7.7845e-05
8.884 3.49186e-06 -7.78457e-05
8.885 3.49195e-06 -7.78458e-05
8.886 3.49156e-06 -7.78452e-05
8.887 3.4907e-06 -7.78441e-05
8.888 3.48936e-06 -7.78433e-05
8.889 3.48752e-06 -7.7843e-05
8.89 3.48518e-06 -7.78436e-05
8.891 3.4823e-06 -7.78446e-05
8.892 3.47888e-06 -7.78456e-05
8.893 3.47492e-06 -7.78459e-05
8.894 3.47042e-06 -7.78455e-05
8.895 3.46542e-06 -7.78445e-05
8.896 3.45994e-06 -7.78434e-05
8.897 3.454e-06 -7.7843e-05
8.898 3.44763e-06 -7.78433e-05
8.899 3.44082e-06 -7.78443e-05
8.9 3.43356e-06 -7.78454e-05
8.901 3.42583e-06 -7.78459e-05
8.902 3.41761e-06 -7.78456e-05
8.903 3.40887e-06 -7.78447e-05
8.904 3.3996e-06 -7.78436e-05
8.905 3.38981e-06 -7.7843e-05
8.906 3.37953e-06 -7.78433e-05
8.907 3.36878e-06 -7.78441e-05
8.908 3.35759e-06 -7.78452e-05
8.909 3.34601e-06 -7.78458e-05
8.91 3.33403e-06 -7.78457e-05
8.911 3.32165e-06 -7.78448e-05
8.912 3.30886e-06 -7.78438e-05
8.913 3.29562e-06 -7.78431e-05
8.914 3.2819e-06 -7.78433e-05
8.915 3.26769e-06 -7.78441e-05
8.916 3.25298e-06 -7.78451e-05
8.917 3.23779e-06 -7.78457e-05
8.918 3.22215e-06 -7.78456e-05
8.919 3.2061e-06 -7.78449e-05
8.92 3.18968e-06 -7.7844e-05
8.921 3.17292e-06 -7.78434e-05
8.922 3.1558e-06 -7.78434e-05
8.923 3.13833e-06 -7.78441e-05
8.924 3.12047e-06 -7.78449e-05
8.925 3.10217e-06 -7.78454e-05
8.926 3.08342e-06 -7.78453e-05
8.927 3.0642e-06 -7.78447e-05
8.928 3.04453e-06 -7.78439e-05
8.929 3.02444e-06 -7.78436e-05
8.93 3.00396e-06 -7.78439e-05
8.931 2.98315e-06 -7.78445e-05
8.932 2.96204e-06 -7.78452e-05
8.933 2.94065e-06 -7.78454e-05
8.934 2.91895e-06 -7.78449e-05
8.935 2.89692e-06 -7.78441e-05
8.936 2.87451e-06 -7.78435e-05
8.937 2.8517e-06 -7.78434e-05
8.938 2.82846e-06 -7.78441e-05
8.939 2.80478e-06 -7.78451e-05
8.94 2.78072e-06 -7.78458e-05
8.941 2.75629e-06 -7.78458e-05
8.942 2.73158e-06 -7.78449e-05
8.943 2.7066e-06 -7.78437e-05
8.944 2.6814e-06 -7.78428e-05
8.945 2.65597e-06 -7.78428e-05
8.946 2.63028e-06 -7.78438e-05
8.947 2.60428e-06 -7.78453e-05
8.948 2.57794e-06 -7.78464e-05
8.949 2.5512e-06 -7.78465e-05
8.95 2.52408e-06 -7.78455e-05
8.951 2.49658e-06 -7.78438e-05
8.952 2.46876e-06 -7.78424e-05
8.953 2.44067e-06 -7.78422e-05
8.954 2.41237e-06 -7.78432e-05
8.955 2.3839e-06 -7.7845e-05
8.956 2.35526e-06 -7.78466e-05
8.957 2.32643e-06 -7.7847e-05
8.958 2.29737e-06 -7.7846e-05
8.959 2.26804e-06 -7.78442e-05
8.96 2.23838e-06 -7.78424e-05
8.961 2.20838e-06 -7.78419e-05
8.962 2.17805e-06 -7.78428e-05
8.963 2.14742e-06 -7.78446e-05
8.964 2.11656e-06 -7.78464e-05
8.965 2.08553e-06 -7.78472e-05
8.966 2.05436e-06 -7.78463e-05
8.967 2.0231e-06 -7.78445e-05
8.968 1.99171e-06 -7.78426e-05
8.969 1.96017e-06 -7.78418e-05
8.97 1.92842e-06 -7.78425e-05
8.971 1.89642e-06 -7.78444e-05
8.972 1.86413e-06 -7.78463e-05
8.973 1.83156e-06 -7.78472e-05
8.974 1.79874e-06 -7.78466e-05
8.975 1.76572e-06 -7.78447e-05
8.976 1.73257e-06 -7.78427e-05
8.977 1.69935e-06 -7.78417e-05
8.978 1.66608e-06 -7.78423e-05
8.979 1.63276e-06 -7.78442e-05
8.98 1.59935e-06 -7.78463e-05
8.981 1.56582e-06 -7.78473e-05
8.982 1.53209e-06 -7.78467e-05
8.983 1.49814e-06 -7.78448e-05
8.984 1.46396e-06 -7.78427e-05
8.985 1.42957e-06 -7.78416e-05
8.986 1.39503e-06 -7.78421e-05
8.987 1.3604e-06 -7.78441e-05
8.988 1.32574e-06 -7.78463e-05
8.989 1.29109e-06 -7.78475e-05
8.99 1.25646e-06 -7.7847e-05
8.991 1.22183e-06 -7.78451e-05
8.992 1.18714e-06 -7.78427e-05
8.993 1.15235e-06 -7.78414e-05
8.994 1.1174e-06 -7.78417e-05
8.995 1.08227e-06 -7.78437e-05
8.996 1.04698e-06 -7.78461e-05
8.997 1.01157e-06 -7.78477e-05
8.998 9.76109e-07 -7.78475e-05
8.999 9.40664e-07 -7.78456e-05
9 9.05282e-07 -7.7843e-05
9.001 8.69983e-07 -7.78413e-05
9.002 8.34752e-07 -7.78413e-05
9.003 7.99548e-07 -7.78431e-05
9.004 7.64315e-07 -7.78457e-05
9.005 7.29001e-07 -7.78476e-05
9.006 6.93579e-07 -7.78478e-05
9.007 6.58051e-07 -7.78462e-05
9.008 6.22451e-07 -7.78436e-05
9.009 5.86839e-07 -7.78415e-05
9.01 5.5128e-07 -7.78411e-05
9.011 5.15827e-07 -7.78425e-05
9.012 4.80509e-07 -7.7845e-05
9.013 4.45322e-07 -7.78472e-05
9.014 4.10233e-07 -7.78479e-05
9.015 3.75192e-07 -7.78467e-05
9.016 3.40149e-07 -7.78444e-05
9.017 3.05069e-07 -7.78421e-05
9.018 2.69947e-07 -7.78412e-05
9.019 2.34806e-07 -7.78421e-05
9.02 1.99697e-07 -7.78442e-05
9.021 1.6468e-07 -7.78465e-05
9.022 1.29809e-07 -7.78476e-05
9.023 9.51186e-08 -7.7847e-05
9.024 6.06123e-08 -7.78451e-05
9.025 2.62669e-08 -7.7843e-05
9.026 -7.9603e-09 -7.78417e-05
9.027 -4.21163e-08 -7.7842e-05
9.028 -7.62365e-08 -7.78436e-05
9.029 -1.10333e-07 -7.78456e-05
9.03 -1.44389e-07 -7.78469e-05
9.031 -1.78364e-07 -7.78468e-05
9.032 -2.12206e-07 -7.78455e-05
9.033 -2.45863e-07 -7.78437e-05
9.034 -2.79302e-07 -7.78425e-05
9.035 -3.12514e-07 -7.78424e-05
9.036 -3.45514e-07 -7.78434e-05
9.037 -3.78338e-07 -7.7845e-05
9.038 -4.11026e-07 -7.78461e-05
9.039 -4.4361e-07 -7.78463e-05
9.04 -4.76105e-07 -7.78455e-05
9.041 -5.08496e-07 -7.78442e-05
9.042 -5.40752e-07 -7.78432e-05
9.043 -5.72827e-07 -7.7843e-05
9.044 -6.04676e-07 -7.78436e-05
9.045 -6.36268e-07 -7.78446e-05
9.046 -6.67594e-07 -7.78455e-05
9.047 -6.98668e-07 -7.78457e-05
9.048 -7.29521e-07 -7.78452e-05
9.049 -7.60189e-07 -7.78444e-05
9.05 -7.90701e-07 -7.78437e-05
9.051 -8.21068e-07 -7.78435e-05
9.052 -8.51278e-07 -7.78439e-05
9.053 -8.813e-07 -7.78445e-05
9.054 -9.11093e-07 -7.7845e-05
9.055 -9.40615e-07 -7.78451e-05
9.056 -9.69837e-07 -7.78449e-05
9.057 -9.98753e-07 -7.78444e-05
9.058 -1.02738e-06 -7.78441e-05
9.059 -1.05574e-06 -7.78441e-05
9.06 -1.08387e-06 -7.78443e-05
9.061 -1.1118e-06 -7.78446e-05
9.062 -1.13954e-06 -7.78448e-05
9.063 -1.16709e-06 -7.78447e-05
9.064 -1.19441e-06 -7.78444e-05
9.065 -1.22146e-06 -7.78442e-05
9.066 -1.24821e-06 -7.78442e-05
9.067 -1.27462e-06 -7.78444e-05
9.068 -1.30069e-06 -7.78448e-05
9.069 -1.32642e-06 -7.78449e-05
9.07 -1.35186e-06 -7.78448e-05
9.071 -1.37703e-06 -7.78444e-05
9.072 -1.40195e-06 -7.7844e-05
9.073 -1.42665e-06 -7.78438e-05
9.074 -1.45111e-06 -7.7844e-05
9.075 -1.47531e-06 -7.78445e-05
9.076 -1.49921e-06 -7.7845e-05
9.077 -1.52278e-06 -7.78453e-05
9.078 -1.546e-06 -7.78451e-05
9.079 -1.56884e-06 -7.78446e-05
9.08 -1.59133e-06 -7.7844e-05
9.081 -1.61348e-06 -7.78436e-05
9.082 -1.63533e-06 -7.78437e-05
9.083 -1.65691e-06 -7.78442e-05
9.084 -1.67822e-06 -7.78449e-05
9.085 -1.69927e-06 -7.78453e-05
9.086 -1.72003e-06 -7.78453e-05
9.087 -1.74047e-06 -7.78449e-05
9.088 -1.76055e-06 -7.78443e-05
9.089 -1.78026e-06 -7.78438e-05
9.09 -1.79958e-06 -7.78437e-05
9.091 -1.81852e-06 -7.7844e-05
9.092 -1.8371e-06 -7.78445e-05
9.093 -1.85536e-06 -7.7845e-05
9.094 -1.87332e-06 -7.78451e-05
9.095 -1.89099e-06 -7.78448e-05
9.096 -1.90837e-06 -7.78444e-05
9.097 -1.92544e-06 -7.78441e-05
9.098 -1.94217e-06 -7.7844e-05
9.099 -1.95853e-06 -7.78442e-05
9.1 -1.97451e-06 -7.78445e-05
9.101 -1.99009e-06 -7.78447e-05
9.102 -2.00529e-06 -7.78447e-05
9.103 -2.02012e-06 -7.78446e-05
9.104 -2.03461e-06 -7.78443e-05
9.105 -2.04877e-06 -7.78442e-05
9.106 -2.06263e-06 -7.78443e-05
9.107 -2.07617e-06 -7.78445e-05
9.108 -2.08937e-06 -7.78447e-05
9.109 -2.10223e-06 -7.78447e-05
9.11 -2.1147e-06 -7.78446e-05
9.111 -2.12679e-06 -7.78443e-05
9.112 -2.13849e-06 -7.78441e-05
9.113 -2.14981e-06 -7.78441e-05
9.114 -2.16076e-06 -7.78444e-05
9.115 -2.17138e-06 -7.78447e-05
9.116 -2.18166e-06 -7.78449e-05
9.117 -2.19163e-06 -7.78449e-05
9.118 -2.20126e-06 -7.78446e-05
9.119 -2.21054e-06 -7.78442e-05
9.12 -2.21945e-06 -7.78439e-05
9.121 -2.22797e-06 -7.7844e-05
9.122 -2.23609e-06 -7.78443e-05
9.123 -2.24383e-06 -7.78448e-05
9.124 -2.25119e-06 -7.78451e-05
9.125 -2.2582e-06 -7.7845e-05
9.126 -2.26489e-06 -7.78447e-05
9.127 -2.27126e-06 -7.78442e-05
9.128 -2.27732e-06 -7.78438e-05
9.129 -2.28305e-06 -7.78439e-05
9.13 -2.28842e-06 -7.78442e-05
9.131 -2.29341e-06 -7.78447e-05
9.132 -2.298e-06 -7.78451e-05
9.133 -2.30219e-06 -7.78451e-05
9.134 -2.30598e-06 -7.78447e-05
9.135 -2.30941e-06 -7.78442e-05
9.136 -2.31249e-06 -7.78438e-05
9.137 -2.31527e-06 -7.78438e-05
9.138 -2.31775e-06 -7.78442e-05
9.139 -2.31993e-06 -7.78448e-05
9.14 -2.3218e-06 -7.78452e-05
9.141 -2.32332e-06 -7.78451e-05
9.142 -2.32447e-06 -7.78447e-05
9.143 -2.32522e-06 -7.78441e-05
9.144 -2.32556e-06 -7.78437e-05
9.145 -2.32552e-06 -7.78437e-05
9.146 -2.32511e-06 -7.78441e-05
9.147 -2.32437e-06 -7.78448e-05
9.148 -2.32333e-06 -7.78453e-05
9.149 -2.32203e-06 -7.78454e-05
9.15 -2.32044e-06 -7.78449e-05
9.151 -2.31856e-06 -7.78441e-05
9.152 -2.31636e-06 -7.78435e-05
9.153 -2.3138e-06 -7.78434e-05
9.154 -2.31084e-06 -7.78438e-05
9.155 -2.30749e-06 -7.78447e-05
9.156 -2.30375e-06 -7.78455e-05
9.157 -2.29965e-06 -7.78457e-05
9.158 -2.29524e-06 -7.78453e-05
9.159 -2.29055e-06 -7.78444e-05
9.16 -2.28561e-06 -7.78435e-05
9.161 -2.28042e-06 -7.7843e-05
9.162 -2.27497e-06 -7.78433e-05
9.163 -2.26922e-06 -7.78442e-05
9.164 -2.26314e-06 -7.78453e-05
9.165 -2.25668e-06 -7.7846e-05
9.166 -2.24983e-06 -7.78459e-05
9.167 -2.24261e-06 -7.7845e-05
9.168 -2.23503e-06 -7.78438e-05
9.169 -2.22715e-06 -7.78429e-05
9.17 -2.21902e-06 -7.78428e-05
9.171 -2.21065e-06 -7.78435e-05
9.172 -2.20208e-06 -7.78448e-05
9.173 -2.19327e-06 -7.78459e-05
9.174 -2.1842e-06 -7.78463e-05
9.175 -2.17483e-06 -7.78458e-05
9.176 -2.16511e-06 -7.78445e-05
9.177 -2.15502e-06 -7.78432e-05
9.178 -2.14456e-06 -7.78425e-05
9.179 -2.13376e-06 -7.78428e-05
9.18 -2.12266e-06 -7.78439e-05
9.181 -2.11133e-06 -7.78454e-05
9.182 -2.0998e-06 -7.78464e-05
9.183 -2.08808e-06 -7.78464e-05
9.184 -2.07618e-06 -7.78454e-05
9.185 -2.06406e-06 -7.78439e-05
9.186 -2.05168e-06 -7.78426e-05
9.187 -2.03899e-06 -7.78423e-05
9.188 -2.02595e-06 -7.78431e-05
9.189 -2.01256e-06 -7.78446e-05
9.19 -1.99884e-06 -7.78461e-05
9.191 -1.98483e-06 -7.78467e-05
9.192 -1.97059e-06 -7.78461e-05
9.193 -1.95617e-06 -7.78447e-05
9.194 -1.9416e-06 -7.78431e-05
9.195 -1.92688e-06 -7.78422e-05
9.196 -1.912e-06 -7.78424e-05
9.197 -1.89691e-06 -7.78438e-05
9.198 -1.88156e-06 -7.78455e-05
9.199 -1.8659e-06 -7.78467e-05
9.2 -1.84993e-06 -7.78467e-05
9.201 -1.83364e-06 -7.78455e-05
9.202 -1.81707e-06 -7.78438e-05
9.203 -1.80028e-06 -7.78424e-05
9.204 -1.78331e-06 -7.78421e-05
9.205 -1.76621e-06 -7.7843e-05
9.206 -1.74901e-06 -7.78447e-05
9.207 -1.73168e-06 -7.78463e-05
9.208 -1.7142e-06 -7.78469e-05
9.209 -1.69651e-06 -7.78461e-05
9.21 -1.67857e-06 -7.78445e-05
9.211 -1.66036e-06 -7.78429e-05
9.212 -1.64187e-06 -7.78421e-05
9.213 -1.62312e-06 -7.78426e-05
9.214 -1.60415e-06 -7.78441e-05
9.215 -1.58502e-06 -7.78457e-05
9.216 -1.56578e-06 -7.78466e-05
9.217 -1.54646e-06 -7.78463e-05
9.218 -1.52705e-06 -7.7845e-05
9.219 -1.50753e-06 -7.78434e-05
9.22 -1.48787e-06 -7.78425e-05
9.221 -1.46801e-06 -7.78426e-05
9.222 -1.44793e-06 -7.78438e-05
9.223 -1.4276e-06 -7.78453e-05
9.224 -1.40705e-06 -7.78463e-05
9.225 -1.38631e-06 -7.78462e-05
9.226 -1.36543e-06 -7.78451e-05
9.227 -1.34444e-06 -7.78436e-05
9.228 -1.3234e-06 -7.78426e-05
9.229 -1.30231e-06 -7.78427e-05
9.23 -1.28115e-06 -7.78438e-05
9.231 -1.2599e-06 -7.78452e-05
9.232 -1.23851e-06 -7.78463e-05
9.233 -1.21695e-06 -7.78463e-05
9.234 -1.1952e-06 -7.78452e-05
9.235 -1.17325e-06 -7.78437e-05
9.236 -1.15114e-06 -7.78426e-05
9.237 -1.12891e-06 -7.78425e-05
9.238 -1.1066e-06 -7.78436e-05
9.239 -1.08426e-06 -7.78452e-05
9.24 -1.0619e-06 -7.78463e-05
9.241 -1.03952e-06 -7.78465e-05
9.242 -1.01709e-06 -7.78454e-05
9.243 -9.94585e-07 -7.78439e-05
9.244 -9.7196e-07 -7.78426e-05
9.245 -9.4919e-07 -7.78424e-05
9.246 -9.26272e-07 -7.78434e-05
9.247 -9.0322e-07 -7.78449e-05
9.248 -8.80071e-07 -7.78463e-05
9.249 -8.56869e-07 -7.78465e-05
9.25 -8.33654e-07 -7.78457e-05
9.251 -8.10453e-07 -7.78441e-05
9.252 -7.87271e-07 -7.78427e-05
9.253 -7.64094e-07 -7.78424e-05
9.254 -7.40891e-07 -7.78432e-05
9.255 -7.17626e-07 -7.78447e-05
9.256 -6.9427e-07 -7.78461e-05
9.257 -6.7081e-07 -7.78465e-05
9.258 -6.47253e-07 -7.78458e-05
9.259 -6.23626e-07 -7.78443e-05
9.26 -5.99968e-07 -7.78429e-05
9.261 -5.7632e-07 -7.78424e-05
9.262 -5.52715e-07 -7.78431e-05
9.263 -5.29165e-07 -7.78446e-05
9.264 -5.05665e-07 -7.78459e-05
9.265 -4.82192e-07 -7.78464e-05
9.266 -4.58713e-07 -7.78458e-05
9.267 -4.35198e-07 -7.78444e-05
9.268 -4.11627e-07 -7.78431e-05
9.269 -3.87999e-07 -7.78425e-05
9.27 -3.64334e-07 -7.78431e-05
9.271 -3.40663e-07 -7.78445e-05
9.272 -3.17026e-07 -7.78458e-05
9.273 -2.93456e-07 -7.78464e-05
9.274 -2.69975e-07 -7.78459e-05
9.275 -2.46584e-07 -7.78445e-05
9.276 -2.23268e-07 -7.78431e-05
9.277 -1.99999e-07 -7.78425e-05
9.278 -1.76745e-07 -7.7843e-05
9.279 -1.53485e-07 -7.78443e-05
9.28 -1.3021e-07 -7.78457e-05
9.281 -1.06931e-07 -7.78464e-05
9.282 -8.3675e-08 -7.78459e-05
9.283 -6.04773e-08 -7.78447e-05
9.284 -3.73736e-08 -7.78434e-05
9.285 -1.43892e-08 -7.78427e-05
9.286 8.46688e-09 -7.7843e-05
9.287 3.12039e-08 -7.78441e-05
9.288 5.38453e-08 -7.78454e-05
9.289 7.64211e-08 -7.78461e-05
9.29 9.89574e-08 -7.78459e-05
9.291 1.21469e-07 -7.78448e-05
9.292 1.43951e-07 -7.78436e-05
9.293 1.66385e-07 -7.7843e-05
9.294 1.88738e-07 -7.78432e-05
9.295 2.10972e-07 -7.78441e-05
9.296 2.33059e-07 -7.78452e-05
9.297 2.54982e-07 -7.78458e-05
9.298 2.76744e-07 -7.78456e-05
9.299 2.98362e-07 -7.78447e-05
9.3 3.19865e-07 -7.78438e-05
9.301 3.41282e-07 -7.78434e-05
9.302 3.62634e-07 -7.78436e-05
9.303 3.83926e-07 -7.78443e-05
9.304 4.05147e-07 -7.78451e-05
9.305 4.26268e-07 -7.78454e-05
9.306 4.47253e-07 -7.78451e-05
9.307 4.68071e-07 -7.78444e-05
9.308 4.88696e-07 -7.78437e-05
9.309 5.09124e-07 -7.78436e-05
9.31 5.29365e-07 -7.78441e-05
9.311 5.49442e-07 -7.78449e-05
9.312 5.69387e-07 -7.78454e-05
9.313 5.89224e-07 -7.78453e-05
9.314 6.08967e-07 -7.78447e-05
9.315 6.28613e-07 -7.78438e-05
9.316 6.48142e-07 -7.78433e-05
9.317 6.67522e-07 -7.78435e-05
9.318 6.8672e-07 -7.78444e-05
9.319 7.05709e-07 -7.78454e-05
9.32 7.24474e-07 -7.7846e-05
9.321 7.43017e-07 -7.78456e-05
9.322 7.61358e-07 -7.78446e-05
9.323 7.79524e-07 -7.78434e-05
9.324 7.97542e-07 -7.78427e-05
9.325 8.15432e-07 -7.7843e-05
9.326 8.33198e-07 -7.78443e-05
9.327 8.50828e-07 -7.78457e-05
9.328 8.68297e-07 -7.78465e-05
9.329 8.85574e-07 -7.78462e-05
9.33 9.02626e-07 -7.78449e-05
9.331 9.19436e-07 -7.78432e-05
9.332 9.35999e-07 -7.78422e-05
9.333 9.52325e-07 -7.78424e-05
9.334 9.68441e-07 -7.78438e-05
9.335 9.84373e-07 -7.78456e-05
9.336 1.00015e-06 -7.78469e-05
9.337 1.01577e-06 -7.78469e-05
9.338 1.03125e-06 -7.78455e-05
9.339 1.04655e-06 -7.78435e-05
9.34 1.06166e-06 -7.7842e-05
9.341 1.07654e-06 -7.78419e-05
9.342 1.09117e-06 -7.78431e-05
9.343 1.10552e-06 -7.78452e-05
9.344 1.11962e-06 -7.78468e-05
9.345 1.13347e-06 -7.78472e-05
9.346 1.1471e-06 -7.78461e-05
9.347 1.16054e-06 -7.78441e-05
9.348 1.17381e-06 -7.78423e-05
9.349 1.18692e-06 -7.78417e-05
9.35 1.19984e-06 -7.78426e-05
9.351 1.21258e-06 -7.78445e-05
9.352 1.22508e-06 -7.78464e-05
9.353 1.23734e-06 -7.78472e-05
9.354 1.24933e-06 -7.78464e-05
9.355 1.26103e-06 -7.78447e-05
9.356 1.27248e-06 -7.78428e-05
9.357 1.28367e-06 -7.78419e-05
9.358 1.29464e-06 -7.78425e-05
9.359 1.3054e-06 -7.78441e-05
9.36 1.31598e-06 -7.7846e-05
9.361 1.32638e-06 -7.78469e-05
9.362 1.33657e-06 -7.78465e-05
9.363 1.34655e-06 -7.7845e-05
9.364 1.35628e-06 -7.78432e-05
9.365 1.36576e-06 -7.78421e-05
9.366 1.37496e-06 -7.78424e-05
9.367 1.38388e-06 -7.78439e-05
9.368 1.39255e-06 -7.78456e-05
9.369 1.40097e-06 -7.78467e-05
9.37 1.40916e-06 -7.78465e-05
9.371 1.41714e-06 -7.78452e-05
9.372 1.42492e-06 -7.78435e-05
9.373 1.4325e-06 -7.78424e-05
9.374 1.43985e-06 -7.78424e-05
9.375 1.44698e-06 -7.78436e-05
9.376 1.45385e-06 -7.78452e-05
9.377 1.46045e-06 -7.78464e-05
9.378 1.46679e-06 -7.78465e-05
9.379 1.47287e-06 -7.78455e-05
9.38 1.47869e-06 -7.7844e-05
9.381 1.48428e-06 -7.78428e-05
9.382 1.48964e-06 -7.78425e-05
9.383 1.49478e-06 -7.78434e-05
9.384 1.49971e-06 -7.78448e-05
9.385 1.50443e-06 -7.7846e-05
9.386 1.50891e-06 -7.78463e-05
9.387 1.51315e-06 -7.78456e-05
9.388 1.51715e-06 -7.78444e-05
9.389 1.52088e-06 -7.78432e-05
9.39 1.52436e-06 -7.78428e-05
9.391 1.52759e-06 -7.78433e-05
9.392 1.53058e-06 -7.78444e-05
9.393 1.53333e-06 -7.78455e-05
9.394 1.53586e-06 -7.7846e-05
9.395 1.53817e-06 -7.78456e-05
9.396 1.54026e-06 -7.78447e-05
9.397 1.54212e-06 -7.78436e-05
9.398 1.54376e-06 -7.78431e-05
9.399 1.54516e-06 -7.78433e-05
9.4 1.54633e-06 -7.78442e-05
9.401 1.54725e-06 -7.78452e-05
9.402 1.54793e-06 -7.78457e-05
9.403 1.54837e-06 -7.78456e-05
9.404 1.54858e-06 -7.78449e-05
9.405 1.54856e-06 -7.7844e-05
9.406 1.54832e-06 -7.78434e-05
9.407 1.54786e-06 -7.78434e-05
9.408 1.54718e-06 -7.7844e-05
9.409 1.54628e-06 -7.78448e-05
9.41 1.54516e-06 -7.78454e-05
9.411 1.54382e-06 -7.78455e-05
9.412 1.54225e-06 -7.78451e-05
9.413 1.54046e-06 -7.78444e-05
9.414 1.53844e-06 -7.78438e-05
9.415 1.53621e-06 -7.78435e-05
9.416 1.53375e-06 -7.78437e-05
9.417 1.53107e-06 -7.78443e-05
9.418 1.52817e-06 -7.78449e-05
9.419 1.52506e-06 -7.78453e-05
9.42 1.52174e-06 -7.78453e-05
9.421 1.51821e-06 -7.78449e-05
9.422 1.51447e-06 -7.78443e-05
9.423 1.51053e-06 -7.78438e-05
9.424 1.50639e-06 -7.78436e-05
9.425 1.50204e-06 -7.78438e-05
9.426 1.49748e-06 -7.78443e-05
9.427 1.49271e-06 -7.78449e-05
9.428 1.48774e-06 -7.78453e-05
9.429 1.48255e-06 -7.78453e-05
9.43 1.47716e-06 -7.78449e-05
9.431 1.47156e-06 -7.78443e-05
9.432 1.46576e-06 -7.78438e-05
9.433 1.45978e-06 -7.78436e-05
9.434 1.45361e-06 -7.78438e-05
9.435 1.44726e-06 -7.78443e-05
9.436 1.44073e-06 -7.78449e-05
9.437 1.43401e-06 -7.78453e-05
9.438 1.4271e-06 -7.78453e-05
9.439 1.42e-06 -7.78449e-05
9.44 1.41271e-06 -7.78443e-05
9.441 1.40521e-06 -7.78437e-05
9.442 1.39752e-06 -7.78436e-05
9.443 1.38964e-06 -7.78439e-05
9.444 1.38158e-06 -7.78445e-05
9.445 1.37335e-06 -7.78451e-05
9.446 1.36497e-06 -7.78453e-05
9.447 1.35643e-06 -7.78452e-05
9.448 1.34773e-06 -7.78447e-05
9.449 1.33887e-06 -7.78441e-05
9.45 1.32983e-06 -7.78437e-05
9.451 1.32062e-06 -7.78437e-05
9.452 1.31124e-06 -7.78442e-05
9.453 1.30167e-06 -7.78447e-05
9.454 1.29192e-06 -7.78451e-05
9.455 1.28201e-06 -7.78451e-05
9.456 1.27195e-06 -7.78448e-05
9.457 1.26173e-06 -7.78443e-05
9.458 1.25138e-06 -7.7844e-05
9.459 1.24089e-06 -7.7844e-05
9.46 1.23027e-06 -7.78442e-05
9.461 1.2195e-06 -7.78446e-05
9.462 1.20859e-06 -7.78448e-05
9.463 1.19752e-06 -7.78448e-05
9.464 1.1863e-06 -7.78446e-05
9.465 1.17493e-06 -7.78443e-05
9.466 1.1634e-06 -7.78442e-05
9.467 1.15174e-06 -7.78443e-05
9.468 1.13995e-06 -7.78446e-05
9.469 1.12803e-06 -7.78448e-05
9.47 1.11599e-06 -7.78448e-05
9.471 1.10384e-06 -7.78445e-05
9.472 1.09157e-06 -7.78441e-05
9.473 1.07917e-06 -7.78439e-05
9.474 1.06666e-06 -7.7844e-05
9.475 1.05401e-06 -7.78445e-05
9.476 1.04124e-06 -7.7845e-05
9.477 1.02834e-06 -7.78453e-05
9.478 1.01533e-06 -7.78451e-05
9.479 1.00221e-06 -7.78445e-05
9.48 9.88983e-07 -7.78438e-05
9.481 9.75657e-07 -7.78435e-05
9.482 9.62236e-07 -7.78436e-05
9.483 9.48718e-07 -7.78443e-05
9.484 9.35105e-07 -7.78452e-05
9.485 9.21393e-07 -7.78457e-05
9.486 9.07581e-07 -7.78455e-05
9.487 8.93671e-07 -7.78447e-05
9.488 8.79662e-07 -7.78437e-05
9.489 8.65561e-07 -7.78431e-05
9.49 8.5137e-07 -7.78432e-05
9.491 8.37098e-07 -7.78441e-05
9.492 8.22747e-07 -7.78452e-05
9.493 8.08323e-07 -7.7846e-05
9.494 7.93826e-07 -7.78459e-05
9.495 7.7926e-07 -7.7845e-05
9.496 7.64623e-07 -7.78437e-05
9.497 7.49916e-07 -7.78428e-05
9.498 7.35138e-07 -7.78428e-05
9.499 7.20292e-07 -7.78437e-05
9.5 7.0538e-07 -7.78452e-05
9.501 6.90404e-07 -7.78463e-05
9.502 6.75368e-07 -7.78464e-05
9.503 6.60276e-07 -7.78454e-05
9.504 6.45132e-07 -7.78439e-05
9.505 6.29938e-07 -7.78426e-05
9.506 6.14698e-07 -7.78423e-05
9.507 5.99413e-07 -7.78433e-05
9.508 5.84086e-07 -7.78449e-05
9.509 5.68718e-07 -7.78464e-05
9.51 5.53311e-07 -7.78468e-05
9.511 5.37867e-07 -7.78459e-05
9.512 5.22386e-07 -7.78442e-05
9.513 5.06872e-07 -7.78426e-05
9.514 4.91327e-07 -7.7842e-05
9.515 4.75753e-07 -7.78428e-05
9.516 4.60154e-07 -7.78446e-05
9.517 4.44533e-07 -7.78463e-05
9.518 4.28894e-07 -7.7847e-05
9.519 4.13239e-07 -7.78463e-05
9.52 3.97571e-07 -7.78445e-05
9.521 3.81892e-07 -7.78427e-05
9.522 3.66202e-07 -7.78418e-05
9.523 3.50504e-07 -7.78425e-05
9.524 3.34797e-07 -7.78442e-05
9.525 3.19083e-07 -7.78461e-05
9.526 3.03365e-07 -7.78471e-05
9.527 2.87647e-07 -7.78466e-05
9.528 2.71931e-07 -7.78449e-05
9.529 2.56224e-07 -7.78429e-05
9.53 2.4053e-07 -7.78417e-05
9.531 2.24851e-07 -7.78421e-05
9.532 2.09191e-07 -7.78438e-05
9.533 1.93549e-07 -7.78459e-05
9.534 1.77925e-07 -7.78472e-05
9.535 1.62317e-07 -7.7847e-05
9.536 1.46725e-07 -7.78454e-05
9.537 1.31152e-07 -7.78432e-05
9.538 1.15598e-07 -7.78417e-05
9.539 1.00071e-07 -7.78418e-05
9.54 8.45771e-08 -7.78433e-05
9.541 6.91221e-08 -7.78455e-05
9.542 5.37118e-08 -7.78471e-05
9.543 3.83495e-08 -7.78472e-05
9.544 2.30357e-08 -7.78459e-05
9.545 7.76861e-09 -7.78438e-05
9.546 -7.45522e-09 -7.7842e-05
9.547 -2.26389e-08 -7.78417e-05
9.548 -3.7784e-08 -7.78428e-05
9.549 -5.28892e-08 -7.78449e-05
9.55 -6.79496e-08 -7.78466e-05
9.551 -8.29578e-08 -7.78472e-05
9.552 -9.79048e-08 -7.78462e-05
9.553 -1.12782e-07 -7.78444e-05
9.554 -1.27583e-07 -7.78426e-05
9.555 -1.42306e-07 -7.78419e-05
9.556 -1.56951e-07 -7.78427e-05
9.557 -1.71522e-07 -7.78443e-05
9.558 -1.86027e-07 -7.7846e-05
9.559 -2.00471e-07 -7.78467e-05
9.56 -2.14855e-07 -7.78462e-05
9.561 -2.29179e-07 -7.78447e-05
9.562 -2.43437e-07 -7.78432e-05
9.563 -2.57619e-07 -7.78425e-05
9.564 -2.71714e-07 -7.78429e-05
9.565 -2.85711e-07 -7.78442e-05
9.566 -2.99605e-07 -7.78455e-05
9.567 -3.13391e-07 -7.78462e-05
9.568 -3.27072e-07 -7.78458e-05
9.569 -3.40655e-07 -7.78447e-05
9.57 -3.54148e-07 -7.78435e-05
9.571 -3.67558e-07 -7.78429e-05
9.572 -3.8089e-07 -7.78433e-05
9.573 -3.94143e-07 -7.78443e-05
9.574 -4.07311e-07 -7.78454e-05
9.575 -4.20384e-07 -7.78458e-05
9.576 -4.3335e-07 -7.78454e-05
9.577 -4.46196e-07 -7.78445e-05
9.578 -4.58915e-07 -7.78435e-05
9.579 -4.71503e-07 -7.78431e-05
9.58 -4.83963e-07 -7.78436e-05
9.581 -4.96301e-07 -7.78446e-05
9.582 -5.08527e-07 -7.78455e-05
9.583 -5.20648e-07 -7.78458e-05
9.584 -5.32672e-07 -7.78453e-05
9.585 -5.44598e-07 -7.78443e-05
9.586 -5.56422e-07 -7.78434e-05
9.587 -5.68136e-07 -7.78431e-05
9.588 -5.79727e-07 -7.78436e-05
9.589 -5.91183e-07 -7.78447e-05
9.59 -6.02495e-07 -7.78456e-05
9.591 -6.13659e-07 -7.78458e-05
9.592 -6.24676e-07 -7.78453e-05
9.593 -6.35552e-07 -7.78443e-05
9.594 -6.46295e-07 -7.78434e-05
9.595 -6.56915e-07 -7.78431e-05
9.596 -6.6742e-07 -7.78436e-05
9.597 -6.7781e-07 -7.78445e-05
9.598 -6.88084e-07 -7.78455e-05
9.599 -6.98234e-07 -7.78458e-05
9.6 -7.08248e-07 -7.78454e-05
9.601 -7.18116e-07 -7.78445e-05
9.602 -7.27828e-07 -7.78436e-05
9.603 -7.37379e-07 -7.78432e-05
9.604 -7.46769e-07 -7.78435e-05
9.605 -7.56003e-07 -7.78444e-05
9.606 -7.65091e-07 -7.78453e-05
9.607 -7.74042e-07 -7.78457e-05
9.608 -7.82863e-07 -7.78454e-05
9.609 -7.91558e-07 -7.78446e-05
9.61 -8.00125e-07 -7.78438e-05
9.611 -8.08557e-07 -7.78434e-05
9.612 -8.16843e-07 -7.78435e-05
9.613 -8.24972e-07 -7.78442e-05
9.614 -8.32935e-07 -7.7845e-05
9.615 -8.40727e-07 -7.78454e-05
9.616 -8.48349e-07 -7.78453e-05
9.617 -8.55806e-07 -7.78448e-05
9.618 -8.63108e-07 -7.78441e-05
9.619 -8.70265e-07 -7.78437e-05
9.62 -8.77286e-07 -7.78437e-05
9.621 -8.84175e-07 -7.78441e-05
9.622 -8.90928e-07 -7.78446e-05
9.623 -8.97538e-07 -7.7845e-05
9.624 -9.03994e-07 -7.78451e-05
9.625 -9.10283e-07 -7.78449e-05
9.626 -9.16398e-07 -7.78445e-05
9.627 -9.22333e-07 -7.78441e-05
9.628 -9.28091e-07 -7.7844e-05
9.629 -9.33681e-07 -7.78441e-05
9.63 -9.39113e-07 -7.78444e-05
9.631 -9.44399e-07 -7.78446e-05
9.632 -9.49549e-07 -7.78447e-05
9.633 -9.54565e-07 -7.78447e-05
9.634 -9.59443e-07 -7.78447e-05
9.635 -9.64173e-07 -7.78446e-05
9.636 -9.68743e-07 -7.78444e-05
9.637 -9.73138e-07 -7.78443e-05
9.638 -9.77351e-07 -7.78442e-05
9.639 -9.81379e-07 -7.78442e-05
9.64 -9.85228e-07 -7.78443e-05
9.641 -9.88907e-07 -7.78445e-05
9.642 -9.92433e-07 -7.78448e-05
9.643 -9.95818e-07 -7.7845e-05
9.644 -9.9907e-07 -7.78449e-05
9.645 -1.00219e-06 -7.78446e-05
9.646 -1.00518e-06 -7.78441e-05
9.647 -1.00801e-06 -7.78437e-05
9.648 -1.01068e-06 -7.78437e-05
9.649 -1.01317e-06 -7.78441e-05
9.65 -1.01547e-06 -7.78448e-05
9.651 -1.01759e-06 -7.78454e-05
9.652 -1.01953e-06 -7.78455e-05
9.653 -1.0213e-06 -7.78451e-05
9.654 -1.02293e-06 -7.78443e-05
9.655 -1.02442e-06 -7.78434e-05
9.656 -1.0258e-06 -7.78431e-05
9.657 -1.02704e-06 -7.78435e-05
9.658 -1.02815e-06 -7.78444e-05
9.659 -1.02911e-06 -7.78455e-05
9.66 -1.0299e-06 -7.78461e-05
9.661 -1.03051e-06 -7.78458e-05
9.662 -1.03094e-06 -7.78448e-05
9.663 -1.03118e-06 -7.78435e-05
9.664 -1.03126e-06 -7.78427e-05
9.665 -1.03117e-06 -7.78428e-05
9.666 -1.03096e-06 -7.78438e-05
9.667 -1.03062e-06 -7.78453e-05
9.668 -1.03016e-06 -7.78464e-05
9.669 -1.02958e-06 -7.78464e-05
9.67 -1.02886e-06 -7.78454e-05
9.671 -1.028e-06 -7.78439e-05
9.672 -1.02697e-06 -7.78426e-05
9.673 -1.02577e-06 -7.78423e-05
9.674 -1.02438e-06 -7.78432e-05
9.675 -1.02283e-06 -7.78448e-05
9.676 -1.02111e-06 -7.78462e-05
9.677 -1.01926e-06 -7.78467e-05
9.678 -1.01729e-06 -7.78459e-05
9.679 -1.0152e-06 -7.78444e-05
9.68 -1.01301e-06 -7.78429e-05
9.681 -1.01069e-06 -7.78423e-05
9.682 -1.00824e-06 -7.78429e-05
9.683 -1.00564e-06 -7.78444e-05
9.684 -1.00288e-06 -7.78459e-05
9.685 -9.99942e-07 -7.78466e-05
9.686 -9.96843e-07 -7.78461e-05
9.687 -9.93589e-07 -7.78447e-05
9.688 -9.902e-07 -7.78432e-05
9.689 -9.86693e-07 -7.78424e-05
9.69 -9.83082e-07 -7.78428e-05
9.691 -9.7937e-07 -7.78441e-05
9.692 -9.75554e-07 -7.78457e-05
9.693 -9.7162e-07 -7.78465e-05
9.694 -9.67551e-07 -7.78462e-05
9.695 -9.63333e-07 -7.78448e-05
9.696 -9.58955e-07 -7.78433e-05
9.697 -9.54417e-07 -7.78425e-05
9.698 -9.4973e-07 -7.78428e-05
9.699 -9.4491e-07 -7.78441e-05
9.7 -9.39977e-07 -7.78456e-05
9.701 -9.34949e-07 -7.78465e-05
9.702 -9.29835e-07 -7.78462e-05
9.703 -9.24633e-07 -7.78449e-05
9.704 -9.19334e-07 -7.78434e-05
9.705 -9.13921e-07 -7.78424e-05
9.706 -9.08375e-07 -7.78427e-05
9.707 -9.02683e-07 -7.7844e-05
9.708 -8.96841e-07 -7.78456e-05
9.709 -8.90854e-07 -7.78465e-05
9.71 -8.84737e-07 -7.78463e-05
9.711 -8.78511e-07 -7.78451e-05
9.712 -8.72196e-07 -7.78434e-05
9.713 -8.65807e-07 -7.78424e-05
9.714 -8.59347e-07 -7.78425e-05
9.715 -8.5281e-07 -7.78438e-05
9.716 -8.46182e-07 -7.78454e-05
9.717 -8.39442e-07 -7.78465e-05
9.718 -8.32575e-07 -7.78465e-05
9.719 -8.25571e-07 -7.78453e-05
9.72 -8.18431e-07 -7.78436e-05
9.721 -8.11168e-07 -7.78424e-05
9.722 -8.03801e-07 -7.78424e-05
9.723 -7.96353e-07 -7.78435e-05
9.724 -7.88841e-07 -7.78452e-05
9.725 -7.81275e-07 -7.78465e-05
9.726 -7.73652e-07 -7.78466e-05
9.727 -7.65959e-07 -7.78455e-05
9.728 -7.58176e-07 -7.78438e-05
9.729 -7.50285e-07 -7.78425e-05
9.73 -7.42271e-07 -7.78423e-05
9.731 -7.34132e-07 -7.78433e-05
9.732 -7.25876e-07 -7.78449e-05
9.733 -7.17522e-07 -7.78463e-05
9.734 -7.09095e-07 -7.78467e-05
9.735 -7.00618e-07 -7.78458e-05
9.736 -6.92104e-07 -7.78442e-05
9.737 -6.83558e-07 -7.78428e-05
9.738 -6.74968e-07 -7.78423e-05
9.739 -6.66316e-07 -7.7843e-05
9.74 -6.57577e-07 -7.78445e-05
9.741 -6.48733e-07 -7.7846e-05
9.742 -6.39773e-07 -7.78466e-05
9.743 -6.30701e-07 -7.7846e-05
9.744 -6.21533e-07 -7.78446e-05
9.745 -6.12295e-07 -7.78432e-05
9.746 -6.03013e-07 -7.78425e-05
9.747 -5.93711e-07 -7.78429e-05
9.748 -5.84399e-07 -7.78442e-05
9.749 -5.75073e-07 -7.78455e-05
9.75 -5.65717e-07 -7.78463e-05
9.751 -5.56307e-07 -7.7846e-05
9.752 -5.46816e-07 -7.78449e-05
9.753 -5.37227e-07 -7.78437e-05
9.754 -5.27534e-07 -7.78429e-05
9.755 -5.17747e-07 -7.7843e-05
9.756 -5.0789e-07 -7.78439e-05
9.757 -4.97992e-07 -7.7845e-05
9.758 -4.8808e-07 -7.78458e-05
9.759 -4.78176e-07 -7.78458e-05
9.76 -4.68284e-07 -7.78451e-05
9.761 -4.58394e-07 -7.78442e-05
9.762 -4.48483e-07 -7.78435e-05
9.763 -4.38523e-07 -7.78434e-05
9.764 -4.28489e-07 -7.78439e-05
9.765 -4.18368e-07 -7.78446e-05
9.766 -4.08161e-07 -7.78452e-05
9.767 -3.97884e-07 -7.78452e-05
9.768 -3.87567e-07 -7.78449e-05
9.769 -3.77242e-07 -7.78444e-05
9.77 -3.66935e-07 -7.78441e-05
9.771 -3.56661e-07 -7.7844e-05
9.772 -3.46418e-07 -7.78443e-05
9.773 -3.36187e-07 -7.78446e-05
9.774 -3.25941e-07 -7.78447e-05
9.775 -3.1565e-07 -7.78446e-05
9.776 -3.05293e-07 -7.78444e-05
9.777 -2.94861e-07 -7.78443e-05
9.778 -2.84365e-07 -7.78443e-05
9.779 -2.73828e-07 -7.78445e-05
9.78 -2.63284e-07 -7.78448e-05
9.781 -2.52766e-07 -7.78448e-05
9.782 -2.42297e-07 -7.78446e-05
9.783 -2.31885e-07 -7.78442e-05
9.784 -2.21518e-07 -7.78439e-05
9.785 -2.11171e-07 -7.78439e-05
9.786 -2.00813e-07 -7.78442e-05
9.787 -1.90415e-07 -7.78448e-05
9.788 -1.7996e-07 -7.78452e-05
9.789 -1.69447e-07 -7.78452e-05
9.79 -1.58894e-07 -7.78448e-05
9.791 -1.48333e-07 -7.78441e-05
9.792 -1.378e-07 -7.78436e-05
9.793 -1.27325e-07 -7.78436e-05
9.794 -1.16925e-07 -7.78441e-05
9.795 -1.066e-07 -7.78448e-05
9.796 -9.63302e-08 -7.78454e-05
9.797 -8.60855e-08 -7.78455e-05
9.798 -7.58324e-08 -7.78449e-05
9.799 -6.55454e-08 -7.78441e-05
9.8 -5.52141e-08 -7.78435e-05
9.801 -4.48473e-08 -7.78434e-05
9.802 -3.44708e-08 -7.78439e-05
9.803 -2.41204e-08 -7.78449e-05
9.804 -1.38318e-08 -7.78456e-05
9.805 -3.6311e-09 -7.78457e-05
9.806 6.47291e-09 -7.78451e-05
9.807 1.64906e-08 -7.78441e-05
9.808 2.64483e-08 -7.78433e-05
9.809 3.63803e-08 -7.78432e-05
9.81 4.63183e-08 -7.78438e-05
9.811 5.62822e-08 -7.78449e-05
9.812 6.62734e-08 -7.78458e-05
9.813 7.6274e-08 -7.78459e-05
9.814 8.6252e-08 -7.78452e-05
9.815 9.61693e-08 -7.78441e-05
9.816 1.05993e-07 -7.78431e-05
9.817 1.15705e-07 -7.78429e-05
9.818 1.25304e-07 -7.78436e-05
9.819 1.34811e-07 -7.78449e-05
9.82 1.44256e-07 -7.78459e-05
9.821 1.53675e-07 -7.78462e-05
9.822 1.63096e-07 -7.78455e-05
9.823 1.72529e-07 -7.78441e-05
9.824 1.81969e-07 -7.7843e-05
9.825 1.9139e-07 -7.78426e-05
9.826 2.00757e-07 -7.78433e-05
9.827 2.10033e-07 -7.78447e-05
9.828 2.19191e-07 -7.7846e-05
9.829 2.28222e-07 -7.78465e-05
9.83 2.37135e-07 -7.78458e-05
9.831 2.45953e-07 -7.78443e-05
9.832 2.54712e-07 -7.78429e-05
9.833 2.63441e-07 -7.78423e-05
9.834 2.72161e-07 -7.78429e-05
9.835 2.80874e-07 -7.78444e-05
9.836 2.89567e-07 -7.7846e-05
9.837 2.98209e-07 -7.78467e-05
9.838 3.06766e-07 -7.78462e-05
9.839 3.15208e-07 -7.78447e-05
9.84 3.23518e-07 -7.7843e-05
9.841 3.31696e-07 -7.78421e-05
9.842 3.39759e-07 -7.78425e-05
9.843 3.47734e-07 -7.7844e-05
9.844 3.55652e-07 -7.78458e-05
9.845 3.63538e-07 -7.78468e-05
9.846 3.71399e-07 -7.78466e-05
9.847 3.7923e-07 -7.78452e-05
9.848 3.87008e-07 -7.78434e-05
9.849 3.94704e-07 -7.78421e-05
9.85 4.02286e-07 -7.78422e-05
9.851 4.09735e-07 -7.78435e-05
9.852 4.17044e-07 -7.78453e-05
9.853 4.24224e-07 -7.78467e-05
9.854 4.31298e-07 -7.78468e-05
9.855 4.38293e-07 -7.78457e-05
9.856 4.45235e-07 -7.78439e-05
9.857 4.52138e-07 -7.78424e-05
9.858 4.59001e-07 -7.78421e-05
9.859 4.65808e-07 -7.78431e-05
9.86 4.72532e-07 -7.78448e-05
9.861 4.79145e-07 -7.78463e-05
9.862 4.85624e-07 -7.78467e-05
9.863 4.9196e-07 -7.7846e-05
9.864 4.98157e-07 -7.78444e-05
9.865 5.04232e-07 -7.78429e-05
9.866 5.10211e-07 -7.78424e-05
9.867 5.16119e-07 -7.78429e-05
9.868 5.21973e-07 -7.78443e-05
9.869 5.27778e-07 -7.78457e-05
9.87 5.33523e-07 -7.78464e-05
9.871 5.39187e-07 -7.78459e-05
9.872 5.44743e-07 -7.78447e-05
9.873 5.50169e-07 -7.78434e-05
9.874 5.55451e-07 -7.78428e-05
9.875 5.60589e-07 -7.78432e-05
9.876 5.65596e-07 -7.78442e-05
9.877 5.70493e-07 -7.78454e-05
9.878 5.75305e-07 -7.78459e-05
9.879 5.80049e-07 -7.78456e-05
9.88 5.84734e-07 -7.78447e-05
9.881 5.89354e-07 -7.78436e-05
9.882 5.93892e-07 -7.78432e-05
9.883 5.98327e-07 -7.78435e-05
9.884 6.02636e-07 -7.78444e-05
9.885 6.06804e-07 -7.78453e-05
9.886 6.10828e-07 -7.78457e-05
9.887 6.14716e-07 -7.78453e-05
9.888 6.18487e-07 -7.78445e-05
9.889 6.22161e-07 -7.78437e-05
9.89 6.25758e-07 -7.78433e-05
9.891 6.29288e-07 -7.78437e-05
9.892 6.32748e-07 -7.78445e-05
9.893 6.36126e-07 -7.78453e-05
9.894 6.39403e-07 -7.78455e-05
9.895 6.42559e-07 -7.78452e-05
9.896 6.45579e-07 -7.78444e-05
9.897 6.48457e-07 -7.78436e-05
9.898 6.51199e-07 -7.78434e-05
9.899 6.53818e-07 -7.78439e-05
9.9 6.56336e-07 -7.78446e-05
9.901 6.58768e-07 -7.78453e-05
9.902 6.61128e-07 -7.78454e-05
9.903 6.63415e-07 -7.7845e-05
9.904 6.6562e-07 -7.78442e-05
9.905 6.67729e-07 -7.78436e-05
9.906 6.69721e-07 -7.78435e-05
9.907 6.71582e-07 -7.7844e-05
9.908 6.73306e-07 -7.78448e-05
9.909 6.74895e-07 -7.78454e-05
9.91 6.76362e-07 -7.78454e-05
9.911 6.77723e-07 -7.78448e-05
9.912 6.78995e-07 -7.7844e-05
9.913 6.80191e-07 -7.78434e-05
9.914 6.81313e-07 -7.78435e-05
9.915 6.82356e-07 -7.78442e-05
9.916 6.83306e-07 -7.78451e-05
9.917 6.84146e-07 -7.78457e-05
9.918 6.84862e-07 -7.78455e-05
9.919 6.85447e-07 -7.78447e-05
9.92 6.85901e-07 -7.78437e-05
9.921 6.86233e-07 -7.78431e-05
9.922 6.86458e-07 -7.78433e-05
9.923 6.86592e-07 -7.78442e-05
9.924 6.86648e-07 -7.78453e-05
9.925 6.86631e-07 -7.7846e-05
9.926 6.86537e-07 -7.78458e-05
9.927 6.86356e-07 -7.78448e-05
9.928 6.86074e-07 -7.78435e-05
9.929 6.85678e-07 -7.78428e-05
9.93 6.85158e-07 -7.7843e-05
9.931 6.84514e-07 -7.7844e-05
9.932 6.83752e-07 -7.78454e-05
9.933 6.82885e-07 -7.78463e-05
9.934 6.81925e-07 -7.78462e-05
9.935 6.80885e-07 -7.7845e-05
9.936 6.79772e-07 -7.78435e-05
9.937 6.78584e-07 -7.78425e-05
9.938 6.77315e-07 -7.78425e-05
9.939 6.75954e-07 -7.78437e-05
9.94 6.7449e-07 -7.78453e-05
9.941 6.72914e-07 -7.78465e-05
9.942 6.71224e-07 -7.78466e-05
9.943 6.69425e-07 -7.78455e-05
9.944 6.67524e-07 -7.78438e-05
9.945 6.65533e-07 -7.78424e-05
9.946 6.63461e-07 -7.78422e-05
9.947 6.61315e-07 -7.78431e-05
9.948 6.59096e-07 -7.78449e-05
9.949 6.56799e-07 -7.78464e-05
9.95 6.54417e-07 -7.78469e-05
9.951 6.51943e-07 -7.7846e-05
9.952 6.49371e-07 -7.78443e-05
9.953 6.46698e-07 -7.78427e-05
9.954 6.43927e-07 -7.7842e-05
9.955 6.41064e-07 -7.78427e-05
9.956 6.38116e-07 -7.78443e-05
9.957 6.35091e-07 -7.7846e-05
9.958 6.31991e-07 -7.78468e-05
9.959 6.28819e-07 -7.78463e-05
9.96 6.25571e-07 -7.78448e-05
9.961 6.22244e-07 -7.78432e-05
9.962 6.18833e-07 -7.78422e-05
9.963 6.15336e-07 -7.78426e-05
9.964 6.11753e-07 -7.78439e-05
9.965 6.08088e-07 -7.78455e-05
9.966 6.04345e-07 -7.78465e-05
9.967 6.00527e-07 -7.78463e-05
9.968 5.96638e-07 -7.78451e-05
9.969 5.92678e-07 -7.78436e-05
9.97 5.88644e-07 -7.78426e-05
9.971 5.84535e-07 -7.78427e-05
9.972 5.80348e-07 -7.78437e-05
9.973 5.76083e-07 -7.78452e-05
9.974 5.71742e-07 -7.78462e-05
9.975 5.67332e-07 -7.78462e-05
9.976 5.62856e-07 -7.78452e-05
9.977 5.58321e-07 -7.78438e-05
9.978 5.53729e-07 -7.78429e-05
9.979 5.49078e-07 -7.78428e-05
9.98 5.44364e-07 -7.78437e-05
9.981 5.39579e-07 -7.7845e-05
9.982 5.34717e-07 -7.7846e-05
9.983 5.29774e-07 -7.7846e-05
9.984 5.24753e-07 -7.78452e-05
9.985 5.1966e-07 -7.7844e-05
9.986 5.14508e-07 -7.78431e-05
9.987 5.09307e-07 -7.7843e-05
9.988 5.04068e-07 -7.78437e-05
9.989 4.98795e-07 -7.78449e-05
9.99 4.93485e-07 -7.78458e-05
9.991 4.88128e-07 -7.78459e-05
9.992 4.8271e-07 -7.78452e-05
9.993 4.77218e-07 -7.78441e-05
9.994 4.71644e-07 -7.78433e-05
9.995 4.65986e-07 -7.78432e-05
9.996 4.60255e-07 -7.78438e-05
9.997 4.54464e-07 -7.78449e-05
9.998 4.48635e-07 -7.78456e-05
9.999 4.42784e-07 -7.78457e-05
10 4.36922e-07 -7.7845e-05
