1.564378e-68
1.831000e-68
2.142894e-68
2.507718e-68
2.934419e-68
3.433454e-68
4.017038e-68
4.699441e-68
5.497333e-68
6.430186e-68
7.520741e-68
8.795557e-68
1.028565e-67
1.202723e-67
1.406258e-67
1.644107e-67
1.922033e-67
2.246762e-67
2.626147e-67
3.069350e-67
3.587068e-67
4.191778e-67
4.898042e-67
5.722851e-67
6.686023e-67
7.810682e-67
9.123797e-67
1.065683e-66
1.244646e-66
1.453548e-66
1.697377e-66
1.981951e-66
2.314053e-66
2.701588e-66
3.153774e-66
3.681354e-66
4.296851e-66
5.014857e-66
5.852378e-66
6.829231e-66
7.968505e-66
9.297099e-66
1.084635e-65
1.265277e-65
1.475886e-65
1.721417e-65
2.007634e-65
2.341255e-65
2.730100e-65
3.183274e-65
3.711376e-65
4.326748e-65
5.043753e-65
5.879110e-65
6.852277e-65
7.985901e-65
9.306331e-65
1.084423e-64
1.263527e-64
1.472095e-64
1.714955e-64
1.997723e-64
2.326930e-64
2.710173e-64
3.156286e-64
3.675541e-64
4.279882e-64
4.983196e-64
5.801625e-64
6.753936e-64
7.861941e-64
9.150994e-64
1.065056e-63
1.239487e-63
1.442372e-63
1.678333e-63
1.952740e-63
2.271834e-63
2.642860e-63
3.074237e-63
3.575742e-63
4.158729e-63
4.836382e-63
5.624011e-63
6.539391e-63
7.603159e-63
8.839270e-63
1.027553e-62
1.194422e-62
1.388280e-62
1.613473e-62
1.875046e-62
2.178853e-62
2.531684e-62
2.941416e-62
3.417190e-62
3.969606e-62
4.610959e-62
5.355508e-62
6.219790e-62
7.222979e-62
8.387307e-62
9.738551e-62
1.130659e-61
1.312607e-61
1.523713e-61
1.768632e-61
2.052755e-61
2.382333e-61
2.764607e-61
3.207967e-61
3.722133e-61
4.318368e-61
5.009713e-61
5.811279e-61
6.740563e-61
7.817829e-61
9.066545e-61
1.051388e-60
1.219129e-60
1.413521e-60
1.638778e-60
1.899782e-60
2.202180e-60
2.552510e-60
2.958338e-60
3.428418e-60
3.972878e-60
4.603437e-60
5.333655e-60
6.179212e-60
7.158251e-60
8.291753e-60
9.603982e-60
1.112300e-59
1.288125e-59
1.491626e-59
1.727138e-59
1.999678e-59
2.315040e-59
2.679925e-59
3.102075e-59
3.590439e-59
4.155357e-59
4.808779e-59
5.564508e-59
6.438495e-59
7.449164e-59
8.617797e-59
9.968977e-59
1.153109e-58
1.333693e-58
1.542436e-58
1.783708e-58
2.062557e-58
2.384810e-58
2.757193e-58
3.187471e-58
3.684604e-58
4.258934e-58
4.922397e-58
5.688765e-58
6.573927e-58
7.596217e-58
8.776784e-58
1.014003e-57
1.171408e-57
1.353141e-57
1.562944e-57
1.805134e-57
2.084687e-57
2.407343e-57
2.779718e-57
3.209438e-57
3.705296e-57
4.277424e-57
4.937502e-57
5.698990e-57
6.577398e-57
7.590595e-57
8.759174e-57
1.010686e-56
1.166097e-56
1.345298e-56
1.551916e-56
1.790126e-56
2.064735e-56
2.381281e-56
2.746140e-56
3.166651e-56
3.651264e-56
4.209708e-56
4.853178e-56
5.594561e-56
6.448689e-56
7.432629e-56
8.566019e-56
9.871455e-56
1.137493e-55
1.310636e-55
1.510014e-55
1.739584e-55
2.003897e-55
2.308188e-55
2.658473e-55
3.061674e-55
3.525749e-55
4.059843e-55
4.674473e-55
5.381728e-55
6.195500e-55
7.131757e-55
8.208850e-55
9.447864e-55
1.087303e-54
1.251218e-54
1.439730e-54
1.656513e-54
1.905785e-54
2.192395e-54
2.521907e-54
2.900715e-54
3.336157e-54
3.836662e-54
4.411905e-54
5.072995e-54
5.832681e-54
6.705598e-54
7.708546e-54
8.860801e-54
1.018448e-53
1.170498e-53
1.345141e-53
1.545719e-53
1.776066e-53
2.040577e-53
2.344296e-53
2.693007e-53
3.093343e-53
3.552911e-53
4.080431e-53
4.685904e-53
5.380793e-53
6.178240e-53
7.093308e-53
8.143263e-53
9.347891e-53
1.072987e-52
1.231518e-52
1.413359e-52
1.621922e-52
1.861114e-52
2.135412e-52
2.449942e-52
2.810577e-52
3.224043e-52
3.698041e-52
4.241389e-52
4.864185e-52
5.577989e-52
6.396034e-52
7.333469e-52
8.407633e-52
9.638369e-52
1.104839e-51
1.266368e-51
1.451398e-51
1.663330e-51
1.906058e-51
2.184034e-51
2.502350e-51
2.866833e-51
3.284145e-51
3.761905e-51
4.308825e-51
4.934867e-51
5.651420e-51
6.471506e-51
7.410007e-51
8.483938e-51
9.712743e-51
1.111865e-50
1.272704e-50
1.456695e-50
1.667152e-50
1.907864e-50
2.183158e-50
2.497978e-50
2.857968e-50
3.269580e-50
3.740175e-50
4.278165e-50
4.893152e-50
5.596099e-50
6.399524e-50
7.317715e-50
8.366983e-50
9.565944e-50
1.093585e-49
1.250093e-49
1.428888e-49
1.633124e-49
1.866406e-49
2.132840e-49
2.437116e-49
2.784580e-49
3.181329e-49
3.634320e-49
4.151483e-49
4.741862e-49
5.415769e-49
6.184960e-49
7.062838e-49
8.064680e-49
9.207900e-49
1.051234e-48
1.200063e-48
1.369854e-48
1.563543e-48
1.784478e-48
2.036470e-48
2.323862e-48
2.651601e-48
3.025322e-48
3.451442e-48
3.937270e-48
4.491127e-48
5.122488e-48
5.842143e-48
6.662373e-48
7.597161e-48
8.662419e-48
9.876263e-48
1.125931e-47
1.283501e-47
1.463007e-47
1.667485e-47
1.900392e-47
2.165658e-47
2.467756e-47
2.811772e-47
3.203491e-47
3.649492e-47
4.157258e-47
4.735295e-47
5.393276e-47
6.142198e-47
6.994562e-47
7.964578e-47
9.068399e-47
1.032438e-46
1.175338e-46
1.337911e-46
1.522851e-46
1.733217e-46
1.972487e-46
2.244609e-46
2.554071e-46
2.905967e-46
3.306085e-46
3.760996e-46
4.278163e-46
4.866058e-46
5.534301e-46
6.293813e-46
7.156990e-46
8.137904e-46
9.252525e-46
1.051898e-45
1.195783e-45
1.359241e-45
1.544922e-45
1.755828e-45
1.995367e-45
2.267407e-45
2.576330e-45
2.927110e-45
3.325387e-45
3.777556e-45
4.290868e-45
4.873545e-45
5.534906e-45
6.285519e-45
7.137359e-45
8.104001e-45
9.200830e-45
1.044528e-44
1.185710e-44
1.345869e-44
1.527539e-44
1.733595e-44
1.967290e-44
2.232311e-44
2.532833e-44
2.873584e-44
3.259919e-44
3.697901e-44
4.194395e-44
4.757172e-44
5.395031e-44
6.117931e-44
6.937145e-44
7.865430e-44
8.917224e-44
1.010887e-43
1.145884e-43
1.298807e-43
1.472021e-43
1.668203e-43
1.890382e-43
2.141980e-43
2.426873e-43
2.749439e-43
3.114632e-43
3.528051e-43
3.996029e-43
4.525722e-43
5.125221e-43
5.803673e-43
6.571413e-43
7.440124e-43
8.423005e-43
9.534974e-43
1.079288e-42
1.221578e-42
1.382516e-42
1.564533e-42
1.770373e-42
2.003136e-42
2.266322e-42
2.563884e-42
2.900285e-42
3.280563e-42
3.710409e-42
4.196243e-42
4.745314e-42
5.365805e-42
6.066949e-42
6.859167e-42
7.754216e-42
8.765363e-42
9.907578e-42
1.119775e-41
1.265492e-41
1.430057e-41
1.615895e-41
1.825738e-41
2.062667e-41
2.330158e-41
2.632129e-41
2.972998e-41
3.357743e-41
3.791978e-41
4.282031e-41
4.835031e-41
5.459014e-41
6.163037e-41
6.957301e-41
7.853303e-41
8.863994e-41
1.000396e-40
1.128964e-40
1.273955e-40
1.437451e-40
1.621802e-40
1.829650e-40
2.063972e-40
2.328119e-40
2.625863e-40
2.961450e-40
3.339660e-40
3.765873e-40
4.246143e-40
4.787282e-40
5.396958e-40
6.083794e-40
6.857495e-40
7.728978e-40
8.710521e-40
9.815936e-40
1.106076e-39
1.246245e-39
1.404066e-39
1.581748e-39
1.781773e-39
2.006934e-39
2.260369e-39
2.545606e-39
2.866609e-39
3.227834e-39
3.634289e-39
4.091602e-39
4.606093e-39
5.184866e-39
5.835901e-39
6.568162e-39
7.391716e-39
8.317871e-39
9.359328e-39
1.053035e-38
1.184694e-38
1.332708e-38
1.499097e-38
1.686125e-38
1.896336e-38
2.132585e-38
2.398076e-38
2.696404e-38
3.031605e-38
3.408205e-38
3.831284e-38
4.306540e-38
4.840366e-38
5.439931e-38
6.113277e-38
6.869423e-38
7.718484e-38
8.671800e-38
9.742087e-38
1.094360e-37
1.229232e-37
1.380617e-37
1.550523e-37
1.741199e-37
1.955169e-37
2.195258e-37
2.464634e-37
2.766844e-37
3.105865e-37
3.486149e-37
3.912684e-37
4.391058e-37
4.927527e-37
5.529100e-37
6.203622e-37
6.959880e-37
7.807710e-37
8.758124e-37
9.823449e-37
1.101748e-36
1.235567e-36
1.385530e-36
1.553570e-36
1.741852e-36
1.952797e-36
2.189115e-36
2.453837e-36
2.750351e-36
3.082450e-36
3.454376e-36
3.870870e-36
4.337236e-36
4.859404e-36
5.444005e-36
6.098451e-36
6.831027e-36
7.650997e-36
8.568712e-36
9.595741e-36
1.074502e-35
1.203098e-35
1.346978e-35
1.507945e-35
1.688014e-35
1.889435e-35
2.114723e-35
2.366685e-35
2.648458e-35
2.963542e-35
3.315847e-35
3.709740e-35
4.150095e-35
4.642351e-35
5.192583e-35
5.807570e-35
6.494877e-35
7.262947e-35
8.121202e-35
9.080156e-35
1.015154e-34
1.134843e-34
1.268543e-34
1.417882e-34
1.584676e-34
1.770950e-34
1.978964e-34
2.211234e-34
2.470570e-34
2.760101e-34
3.083319e-34
3.444112e-34
3.846818e-34
4.296269e-34
4.797852e-34
5.357568e-34
5.982105e-34
6.678914e-34
7.456296e-34
8.323499e-34
9.290824e-34
1.036974e-33
1.157303e-33
1.291493e-33
1.441127e-33
1.607970e-33
1.793986e-33
2.001363e-33
2.232534e-33
2.490208e-33
2.777403e-33
3.097473e-33
3.454153e-33
3.851600e-33
4.294438e-33
4.787809e-33
5.337439e-33
5.949692e-33
6.631648e-33
7.391183e-33
8.237055e-33
9.179001e-33
1.022785e-32
1.139564e-32
1.269576e-32
1.414308e-32
1.575415e-32
1.754734e-32
1.954309e-32
2.176409e-32
2.423557e-32
2.698557e-32
3.004521e-32
3.344910e-32
3.723567e-32
4.144760e-32
4.613229e-32
5.134240e-32
5.713639e-32
6.357917e-32
7.074283e-32
7.870738e-32
8.756165e-32
9.740426e-32
1.083446e-31
1.205042e-31
1.340179e-31
1.490351e-31
1.657219e-31
1.842624e-31
2.048609e-31
2.277439e-31
2.531629e-31
2.813965e-31
3.127540e-31
3.475782e-31
3.862493e-31
4.291887e-31
4.768638e-31
5.297926e-31
5.885493e-31
6.537705e-31
7.261615e-31
8.065042e-31
8.956648e-31
9.946031e-31
1.104383e-30
1.226182e-30
1.361306e-30
1.511199e-30
1.677465e-30
1.861875e-30
2.066394e-30
2.293196e-30
2.544689e-30
2.823538e-30
3.132695e-30
3.475426e-30
3.855346e-30
4.276458e-30
4.743190e-30
5.260442e-30
5.833637e-30
6.468776e-30
7.172494e-30
7.952136e-30
8.815822e-30
9.772537e-30
1.083222e-29
1.200584e-29
1.330557e-29
1.474483e-29
1.633848e-29
1.810293e-29
2.005634e-29
2.221876e-29
2.461237e-29
2.726167e-29
3.019374e-29
3.343851e-29
3.702903e-29
4.100183e-29
4.539725e-29
5.025986e-29
5.563890e-29
6.158873e-29
6.816938e-29
7.544717e-29
8.349529e-29
9.239457e-29
1.022342e-28
1.131128e-28
1.251390e-28
1.384328e-28
1.531266e-28
1.693666e-28
1.873141e-28
2.071469e-28
2.290614e-28
2.532742e-28
2.800241e-28
3.095745e-28
3.422161e-28
3.782694e-28
4.180877e-28
4.620607e-28
5.106180e-28
5.642331e-28
6.234283e-28
6.887791e-28
7.609196e-28
8.405490e-28
9.284377e-28
1.025434e-27
1.132475e-27
1.250589e-27
1.380912e-27
1.524695e-27
1.683314e-27
1.858288e-27
2.051286e-27
2.264149e-27
2.498901e-27
2.757773e-27
3.043221e-27
3.357947e-27
3.704928e-27
4.087436e-27
4.509077e-27
4.973817e-27
5.486020e-27
6.050488e-27
6.672504e-27
7.357879e-27
8.113009e-27
8.944924e-27
9.861360e-27
1.087082e-26
1.198266e-26
1.320717e-26
1.455565e-26
1.604054e-26
1.767550e-26
1.947556e-26
2.145722e-26
2.363864e-26
2.603975e-26
2.868248e-26
3.159090e-26
3.479146e-26
3.831323e-26
4.218813e-26
4.645124e-26
5.114105e-26
5.629988e-26
6.197417e-26
6.821492e-26
7.507813e-26
8.262527e-26
9.092385e-26
1.000479e-25
1.100789e-25
1.211058e-25
1.332268e-25
1.465493e-25
1.611911e-25
1.772817e-25
1.949630e-25
2.143906e-25
2.357354e-25
2.591847e-25
2.849438e-25
3.132381e-25
3.443145e-25
3.784438e-25
4.159230e-25
4.570776e-25
5.022642e-25
5.518741e-25
6.063358e-25
6.661190e-25
7.317384e-25
8.037579e-25
8.827954e-25
9.695279e-25
1.064697e-24
1.169114e-24
1.283670e-24
1.409338e-24
1.547186e-24
1.698381e-24
1.864203e-24
2.046052e-24
2.245461e-24
2.464109e-24
2.703831e-24
2.966638e-24
3.254731e-24
3.570515e-24
3.916627e-24
4.295946e-24
4.711627e-24
5.167118e-24
5.666191e-24
6.212974e-24
6.811977e-24
7.468136e-24
8.186846e-24
8.974009e-24
9.836072e-24
1.078009e-23
1.181377e-23
1.294553e-23
1.418458e-23
1.554099e-23
1.702575e-23
1.865088e-23
2.042950e-23
2.237595e-23
2.450590e-23
2.683645e-23
2.938631e-23
3.217587e-23
3.522743e-23
3.856533e-23
4.221614e-23
4.620887e-23
5.057520e-23
5.534969e-23
6.057009e-23
6.627757e-23
7.251709e-23
7.933768e-23
8.679286e-23
9.494102e-23
1.038459e-22
1.135769e-22
1.242098e-22
1.358274e-22
1.485197e-22
1.623851e-22
1.775308e-22
1.940737e-22
2.121412e-22
2.318722e-22
2.534181e-22
2.769441e-22
3.026300e-22
3.306717e-22
3.612831e-22
3.946967e-22
4.311663e-22
4.709680e-22
5.144029e-22
5.617988e-22
6.135127e-22
6.699334e-22
7.314845e-22
7.986269e-22
8.718628e-22
9.517387e-22
1.038850e-21
1.133843e-21
1.237424e-21
1.350360e-21
1.473486e-21
1.607710e-21
1.754021e-21
1.913495e-21
2.087301e-21
2.276713e-21
2.483115e-21
2.708013e-21
2.953045e-21
3.219991e-21
3.510788e-21
3.827542e-21
4.172541e-21
4.548274e-21
4.957446e-21
5.402997e-21
5.888122e-21
6.416294e-21
6.991286e-21
7.617197e-21
8.298482e-21
9.039980e-21
9.846948e-21
1.072510e-20
1.168062e-20
1.272027e-20
1.385134e-20
1.508178e-20
1.642022e-20
1.787601e-20
1.945931e-20
2.118116e-20
2.305353e-20
2.508940e-20
2.730289e-20
2.970929e-20
3.232520e-20
3.516863e-20
3.825913e-20
4.161789e-20
4.526791e-20
4.923411e-20
5.354353e-20
5.822552e-20
6.331185e-20
6.883701e-20
7.483836e-20
8.135644e-20
8.843514e-20
9.612208e-20
1.044688e-19
1.135313e-19
1.233701e-19
1.340509e-19
1.456447e-19
1.582285e-19
1.718859e-19
1.867073e-19
2.027904e-19
2.202414e-19
2.391751e-19
2.597156e-19
2.819977e-19
3.061670e-19
3.323813e-19
3.608112e-19
3.916416e-19
4.250724e-19
4.613200e-19
5.006186e-19
5.432216e-19
5.894030e-19
6.394594e-19
6.937116e-19
7.525065e-19
8.162192e-19
8.852557e-19
9.600546e-19
1.041090e-18
1.128876e-18
1.223966e-18
1.326960e-18
1.438505e-18
1.559303e-18
1.690110e-18
1.831743e-18
1.985087e-18
2.151096e-18
2.330801e-18
2.525318e-18
2.735850e-18
2.963696e-18
3.210261e-18
3.477062e-18
3.765735e-18
4.078048e-18
4.415910e-18
4.781382e-18
5.176687e-18
5.604227e-18
6.066591e-18
6.566578e-18
7.107203e-18
7.691724e-18
8.323652e-18
9.006777e-18
9.745187e-18
1.054329e-17
1.140585e-17
1.233799e-17
1.334523e-17
1.443356e-17
1.560939e-17
1.687966e-17
1.825184e-17
1.973399e-17
2.133480e-17
2.306361e-17
2.493053e-17
2.694641e-17
2.912297e-17
3.147281e-17
3.400954e-17
3.674779e-17
3.970334e-17
4.289316e-17
4.633555e-17
5.005021e-17
5.405835e-17
5.838279e-17
6.304813e-17
6.808083e-17
7.350937e-17
7.936442e-17
8.567897e-17
9.248854e-17
9.983133e-17
1.077484e-16
1.162841e-16
1.254860e-16
1.354051e-16
1.460967e-16
1.576198e-16
1.700382e-16
1.834203e-16
1.978398e-16
2.133757e-16
2.301133e-16
2.481440e-16
2.675660e-16
2.884851e-16
3.110148e-16
3.352771e-16
3.614033e-16
3.895341e-16
4.198210e-16
4.524265e-16
4.875253e-16
5.253050e-16
5.659670e-16
6.097278e-16
6.568195e-16
7.074917e-16
7.620121e-16
8.206683e-16
8.837687e-16
9.516448e-16
1.024652e-15
1.103171e-15
1.187613e-15
1.278416e-15
1.376051e-15
1.481024e-15
1.593877e-15
1.715192e-15
1.845593e-15
1.985750e-15
2.136378e-15
2.298249e-15
2.472186e-15
2.659075e-15
2.859862e-15
3.075564e-15
3.307271e-15
3.556149e-15
3.823449e-15
4.110512e-15
4.418774e-15
4.749772e-15
5.105155e-15
5.486689e-15
5.896265e-15
6.335907e-15
6.807785e-15
7.314221e-15
7.857701e-15
8.440887e-15
9.066631e-15
9.737981e-15
1.045820e-14
1.123080e-14
1.205950e-14
1.294830e-14
1.390151e-14
1.492368e-14
1.601974e-14
1.719491e-14
1.845481e-14
1.980544e-14
2.125321e-14
2.280499e-14
2.446810e-14
2.625040e-14
2.816027e-14
3.020666e-14
3.239917e-14
3.474803e-14
3.726419e-14
3.995935e-14
4.284600e-14
4.593749e-14
4.924810e-14
5.279305e-14
5.658865e-14
6.065226e-14
6.500247e-14
6.965910e-14
7.464333e-14
7.997778e-14
8.568659e-14
9.179552e-14
9.833209e-14
1.053257e-13
1.128076e-13
1.208113e-13
1.293725e-13
1.385293e-13
1.483223e-13
1.587948e-13
1.699931e-13
1.819665e-13
1.947676e-13
2.084525e-13
2.230810e-13
2.387170e-13
2.554284e-13
2.732878e-13
2.923724e-13
3.127646e-13
3.345523e-13
3.578290e-13
3.826945e-13
4.092550e-13
4.376238e-13
4.679214e-13
5.002765e-13
5.348258e-13
5.717153e-13
6.111001e-13
6.531456e-13
6.980279e-13
7.459344e-13
7.970648e-13
8.516316e-13
9.098609e-13
9.719934e-13
1.038286e-12
1.109010e-12
1.184456e-12
1.264934e-12
1.350771e-12
1.442317e-12
1.539943e-12
1.644046e-12
1.755045e-12
1.873387e-12
1.999549e-12
2.134035e-12
2.277384e-12
2.430166e-12
2.592990e-12
2.766501e-12
2.951384e-12
3.148371e-12
3.358235e-12
3.581800e-12
3.819941e-12
4.073588e-12
4.343728e-12
4.631409e-12
4.937747e-12
5.263923e-12
5.611195e-12
5.980895e-12
6.374441e-12
6.793336e-12
7.239177e-12
7.713657e-12
8.218575e-12
8.755839e-12
9.327474e-12
9.935631e-12
1.058259e-11
1.127076e-11
1.200273e-11
1.278119e-11
1.360906e-11
1.448938e-11
1.542540e-11
1.642057e-11
1.747854e-11
1.860317e-11
1.979857e-11
2.106909e-11
2.241933e-11
2.385419e-11
2.537884e-11
2.699876e-11
2.871976e-11
3.054801e-11
3.249003e-11
3.455272e-11
3.674341e-11
3.906985e-11
4.154023e-11
4.416326e-11
4.694814e-11
4.990461e-11
5.304299e-11
5.637419e-11
5.990976e-11
6.366195e-11
6.764368e-11
7.186866e-11
7.635138e-11
8.110716e-11
8.615223e-11
9.150374e-11
9.717983e-11
1.031997e-10
1.095836e-10
1.163531e-10
1.235308e-10
1.311407e-10
1.392082e-10
1.477600e-10
1.568246e-10
1.664318e-10
1.766133e-10
1.874026e-10
1.988349e-10
2.109477e-10
2.237802e-10
2.373743e-10
2.517739e-10
2.670254e-10
2.831780e-10
3.002834e-10
3.183964e-10
3.375747e-10
3.578793e-10
3.793745e-10
4.021284e-10
4.262126e-10
4.517028e-10
4.786788e-10
5.072249e-10
5.374299e-10
5.693877e-10
6.031971e-10
6.389625e-10
6.767938e-10
7.168071e-10
7.591248e-10
8.038759e-10
8.511963e-10
9.012294e-10
9.541264e-10
1.010047e-09
1.069158e-09
1.131637e-09
1.197670e-09
1.267455e-09
1.341196e-09
1.419114e-09
1.501437e-09
1.588407e-09
1.680279e-09
1.777321e-09
1.879816e-09
1.988060e-09
2.102368e-09
2.223068e-09
2.350508e-09
2.485052e-09
2.627085e-09
2.777012e-09
2.935257e-09
3.102269e-09
3.278518e-09
3.464500e-09
3.660737e-09
3.867775e-09
4.086193e-09
4.316595e-09
4.559619e-09
4.815937e-09
5.086251e-09
5.371303e-09
5.671871e-09
5.988773e-09
6.322870e-09
6.675064e-09
7.046306e-09
7.437592e-09
7.849971e-09
8.284544e-09
8.742466e-09
9.224952e-09
9.733278e-09
1.026878e-08
1.083287e-08
1.142702e-08
1.205278e-08
1.271178e-08
1.340572e-08
1.413640e-08
1.490569e-08
1.571558e-08
1.656813e-08
1.746551e-08
1.841000e-08
1.940400e-08
2.045001e-08
2.155065e-08
2.270869e-08
2.392702e-08
2.520867e-08
2.655681e-08
2.797478e-08
2.946607e-08
3.103435e-08
3.268343e-08
3.441736e-08
3.624033e-08
3.815675e-08
4.017126e-08
4.228870e-08
4.451413e-08
4.685287e-08
4.931048e-08
5.189278e-08
5.460588e-08
5.745617e-08
6.045032e-08
6.359533e-08
6.689853e-08
7.036759e-08
7.401052e-08
7.783572e-08
8.185197e-08
8.606846e-08
9.049480e-08
9.514104e-08
1.000177e-07
1.051358e-07
1.105068e-07
1.161427e-07
1.220561e-07
1.282602e-07
1.347687e-07
1.415959e-07
1.487569e-07
1.562674e-07
1.641436e-07
1.724028e-07
1.810629e-07
1.901424e-07
1.996610e-07
2.096391e-07
2.200979e-07
2.310597e-07
2.425476e-07
2.545860e-07
2.672001e-07
2.804164e-07
2.942624e-07
3.087669e-07
3.239599e-07
3.398729e-07
3.565384e-07
3.739906e-07
3.922651e-07
4.113990e-07
4.314311e-07
4.524017e-07
4.743529e-07
4.973287e-07
5.213748e-07
5.465390e-07
5.728709e-07
6.004225e-07
6.292479e-07
6.594033e-07
6.909474e-07
7.239414e-07
7.584491e-07
7.945367e-07
8.322734e-07
8.717313e-07
9.129852e-07
9.561134e-07
1.001197e-06
1.048321e-06
1.097573e-06
1.149046e-06
1.202833e-06
1.259036e-06
1.317757e-06
1.379105e-06
1.443190e-06
1.510129e-06
1.580044e-06
1.653061e-06
1.729311e-06
1.808930e-06
1.892060e-06
1.978848e-06
2.069447e-06
2.164018e-06
2.262725e-06
2.365740e-06
2.473243e-06
2.585420e-06
2.702463e-06
2.824573e-06
2.951959e-06
3.084837e-06
3.223433e-06
3.367979e-06
3.518718e-06
3.675903e-06
3.839795e-06
4.010665e-06
4.188795e-06
4.374477e-06
4.568017e-06
4.769727e-06
4.979936e-06
5.198982e-06
5.427218e-06
5.665009e-06
5.912733e-06
6.170783e-06
6.439566e-06
6.719505e-06
7.011037e-06
7.314617e-06
7.630715e-06
7.959819e-06
8.302435e-06
8.659086e-06
9.030315e-06
9.416686e-06
9.818780e-06
1.023720e-05
1.067258e-05
1.112555e-05
1.159680e-05
1.208701e-05
1.259691e-05
1.312724e-05
1.367877e-05
1.425230e-05
1.484865e-05
1.546868e-05
1.611327e-05
1.678334e-05
1.747984e-05
1.820374e-05
1.895605e-05
1.973783e-05
2.055016e-05
2.139416e-05
2.227098e-05
2.318182e-05
2.412793e-05
2.511058e-05
2.613109e-05
2.719083e-05
2.829121e-05
2.943369e-05
3.061978e-05
3.185104e-05
3.312907e-05
3.445553e-05
3.583214e-05
3.726067e-05
3.874295e-05
4.028087e-05
4.187637e-05
4.353147e-05
4.524824e-05
4.702883e-05
4.887544e-05
5.079035e-05
5.277591e-05
5.483456e-05
5.696880e-05
5.918120e-05
6.147442e-05
6.385121e-05
6.631441e-05
6.886691e-05
7.151174e-05
7.425198e-05
7.709083e-05
8.003157e-05
8.307761e-05
8.623242e-05
8.949960e-05
9.288286e-05
9.638600e-05
1.000130e-04
1.037678e-04
1.076546e-04
1.116778e-04
1.158417e-04
1.201508e-04
1.246099e-04
1.292237e-04
1.339972e-04
1.389354e-04
1.440437e-04
1.493273e-04
1.547919e-04
1.604431e-04
1.662867e-04
1.723289e-04
1.785756e-04
1.850334e-04
1.917088e-04
1.986084e-04
2.057391e-04
2.131082e-04
2.207227e-04
2.285902e-04
2.367184e-04
2.451151e-04
2.537885e-04
2.627468e-04
2.719987e-04
2.815527e-04
2.914180e-04
3.016038e-04
3.121194e-04
3.229747e-04
3.341795e-04
3.457441e-04
3.576790e-04
3.699949e-04
3.827028e-04
3.958140e-04
4.093400e-04
4.232928e-04
4.376845e-04
4.525275e-04
4.678347e-04
4.836191e-04
4.998940e-04
5.166732e-04
5.339708e-04
5.518012e-04
5.701790e-04
5.891194e-04
6.086378e-04
6.287500e-04
6.494721e-04
6.708208e-04
6.928128e-04
7.154656e-04
7.387969e-04
7.628247e-04
7.875677e-04
8.130446e-04
8.392750e-04
8.662785e-04
8.940754e-04
9.226863e-04
9.521325e-04
9.824354e-04
1.013617e-03
1.045700e-03
1.078708e-03
1.112663e-03
1.147590e-03
1.183513e-03
1.220457e-03
1.258449e-03
1.297513e-03
1.337676e-03
1.378965e-03
1.421409e-03
1.465034e-03
1.509871e-03
1.555948e-03
1.603294e-03
1.651942e-03
1.701920e-03
1.753262e-03
1.805999e-03
1.860165e-03
1.915791e-03
1.972914e-03
2.031567e-03
2.091785e-03
2.153605e-03
2.217063e-03
2.282196e-03
2.349042e-03
2.417640e-03
2.488029e-03
2.560249e-03
2.634340e-03
2.710344e-03
2.788302e-03
2.868258e-03
2.950253e-03
3.034333e-03
3.120543e-03
3.208926e-03
3.299531e-03
3.392402e-03
3.487589e-03
3.585139e-03
3.685102e-03
3.787526e-03
3.892463e-03
3.999964e-03
4.110080e-03
4.222865e-03
4.338371e-03
4.456653e-03
4.577765e-03
4.701764e-03
4.828706e-03
4.958647e-03
5.091646e-03
5.227761e-03
5.367051e-03
5.509576e-03
5.655398e-03
5.804577e-03
5.957176e-03
6.113258e-03
6.272885e-03
6.436124e-03
6.603038e-03
6.773693e-03
6.948156e-03
7.126494e-03
7.308774e-03
7.495065e-03
7.685437e-03
7.879959e-03
8.078700e-03
8.281734e-03
8.489130e-03
8.700961e-03
8.917301e-03
9.138222e-03
9.363799e-03
9.594106e-03
9.829218e-03
1.006921e-02
1.031416e-02
1.056415e-02
1.081924e-02
1.107953e-02
1.134508e-02
1.161597e-02
1.189229e-02
1.217411e-02
1.246152e-02
1.275459e-02
1.305340e-02
1.335804e-02
1.366858e-02
1.398511e-02
1.430770e-02
1.463644e-02
1.497141e-02
1.531270e-02
1.566038e-02
1.601453e-02
1.637525e-02
1.674260e-02
1.711668e-02
1.749756e-02
1.788532e-02
1.828006e-02
1.868184e-02
1.909076e-02
1.950688e-02
1.993030e-02
2.036110e-02
2.079935e-02
2.124513e-02
2.169853e-02
2.215962e-02
2.262848e-02
2.310519e-02
2.358983e-02
2.408247e-02
2.458319e-02
2.509206e-02
2.560916e-02
2.613457e-02
2.666835e-02
2.721058e-02
2.776132e-02
2.832065e-02
2.888864e-02
2.946536e-02
3.005086e-02
3.064522e-02
3.124850e-02
3.186076e-02
3.248206e-02
3.311246e-02
3.375203e-02
3.440081e-02
3.505886e-02
3.572623e-02
3.640298e-02
3.708916e-02
3.778480e-02
3.848997e-02
3.920469e-02
3.992902e-02
4.066299e-02
4.140663e-02
4.215999e-02
4.292310e-02
4.369598e-02
4.447867e-02
4.527118e-02
4.607355e-02
4.688578e-02
4.770790e-02
4.853993e-02
4.938187e-02
5.023373e-02
5.109551e-02
5.196723e-02
5.284888e-02
5.374045e-02
5.464194e-02
5.555333e-02
5.647462e-02
5.740579e-02
5.834681e-02
5.929767e-02
6.025833e-02
6.122876e-02
6.220893e-02
6.319879e-02
6.419831e-02
6.520743e-02
6.622612e-02
6.725430e-02
6.829192e-02
6.933893e-02
7.039524e-02
7.146080e-02
7.253551e-02
7.361931e-02
7.471211e-02
7.581381e-02
7.692433e-02
7.804356e-02
7.917141e-02
8.030776e-02
8.145250e-02
8.260551e-02
8.376667e-02
8.493586e-02
8.611294e-02
8.729777e-02
8.849021e-02
8.969012e-02
9.089735e-02
9.211173e-02
9.333311e-02
9.456131e-02
9.579616e-02
9.703750e-02
9.828512e-02
9.953886e-02
1.007985e-01
1.020639e-01
1.033347e-01
1.046109e-01
1.058922e-01
1.071783e-01
1.084690e-01
1.097642e-01
1.110636e-01
1.123669e-01
1.136739e-01
1.149843e-01
1.162979e-01
1.176144e-01
1.189336e-01
1.202551e-01
1.215788e-01
1.229043e-01
1.242313e-01
1.255596e-01
1.268888e-01
1.282187e-01
1.295489e-01
1.308791e-01
1.322090e-01
1.335383e-01
1.348667e-01
1.361938e-01
1.375192e-01
1.388428e-01
1.401640e-01
1.414826e-01
1.427982e-01
1.441104e-01
1.454189e-01
1.467234e-01
1.480233e-01
1.493185e-01
1.506084e-01
1.518928e-01
1.531711e-01
1.544431e-01
1.557084e-01
1.569664e-01
1.582170e-01
1.594596e-01
1.606938e-01
1.619192e-01
1.631355e-01
1.643421e-01
1.655388e-01
1.667250e-01
1.679004e-01
1.690645e-01
1.702169e-01
1.713572e-01
1.724849e-01
1.735996e-01
1.747010e-01
1.757884e-01
1.768616e-01
1.779201e-01
1.789634e-01
1.799912e-01
1.810029e-01
1.819981e-01
1.829765e-01
1.839375e-01
1.848808e-01
1.858059e-01
1.867123e-01
1.875996e-01
1.884675e-01
1.893154e-01
1.901429e-01
1.909496e-01
1.917351e-01
1.924990e-01
1.932407e-01
1.939600e-01
1.946564e-01
1.953294e-01
1.959787e-01
1.966038e-01
1.972044e-01
1.977800e-01
1.983302e-01
1.988547e-01
1.993531e-01
1.998248e-01
2.002697e-01
2.006873e-01
2.010772e-01
2.014390e-01
2.017725e-01
2.020772e-01
2.023527e-01
2.025988e-01
2.028151e-01
2.030013e-01
2.031570e-01
2.032820e-01
2.033758e-01
2.034382e-01
2.034689e-01
2.034676e-01
2.034341e-01
2.033679e-01
2.032690e-01
2.031369e-01
2.029715e-01
2.027726e-01
2.025397e-01
2.022729e-01
2.019717e-01
2.016361e-01
2.012658e-01
2.008606e-01
2.004204e-01
1.999450e-01
1.994341e-01
1.988877e-01
1.983056e-01
1.976878e-01
1.970339e-01
1.963441e-01
1.956181e-01
1.948558e-01
1.940572e-01
1.932223e-01
1.923509e-01
1.914430e-01
1.904986e-01
1.895177e-01
1.885002e-01
1.874462e-01
1.863556e-01
1.852285e-01
1.840649e-01
1.828649e-01
1.816285e-01
1.803558e-01
1.790468e-01
1.777018e-01
1.763207e-01
1.749037e-01
1.734509e-01
1.719625e-01
1.704386e-01
1.688794e-01
1.672851e-01
1.656558e-01
1.639918e-01
1.622932e-01
1.605604e-01
1.587935e-01
1.569928e-01
1.551586e-01
1.532910e-01
1.513906e-01
1.494574e-01
1.474918e-01
1.454942e-01
1.434649e-01
1.414042e-01
1.393125e-01
1.371901e-01
1.350375e-01
1.328550e-01
1.306430e-01
1.284019e-01
1.261322e-01
1.238343e-01
1.215086e-01
1.191556e-01
1.167757e-01
1.143695e-01
1.119373e-01
1.094798e-01
1.069974e-01
1.044906e-01
1.019600e-01
9.940599e-02
9.682922e-02
9.423022e-02
9.160953e-02
8.896773e-02
8.630540e-02
8.362310e-02
8.092144e-02
7.820100e-02
7.546240e-02
7.270623e-02
6.993314e-02
6.714372e-02
6.433863e-02
6.151849e-02
5.868395e-02
5.583565e-02
5.297426e-02
5.010042e-02
4.721481e-02
4.431809e-02
4.141093e-02
3.849402e-02
3.556803e-02
3.263364e-02
2.969155e-02
2.674245e-02
2.378702e-02
2.082598e-02
1.786000e-02
1.488980e-02
1.191607e-02
8.939524e-03
5.960859e-03
2.980782e-03
-0.000000e+00
-2.980782e-03
-5.960859e-03
-8.939524e-03
-1.191607e-02
-1.488980e-02
-1.786000e-02
-2.082598e-02
-2.378702e-02
-2.674245e-02
-2.969155e-02
-3.263364e-02
-3.556803e-02
-3.849402e-02
-4.141093e-02
-4.431809e-02
-4.721481e-02
-5.010042e-02
-5.297426e-02
-5.583565e-02
-5.868395e-02
-6.151849e-02
-6.433863e-02
-6.714372e-02
-6.993314e-02
-7.270623e-02
-7.546240e-02
-7.820100e-02
-8.092144e-02
-8.362310e-02
-8.630540e-02
-8.896773e-02
-9.160953e-02
-9.423022e-02
-9.682922e-02
-9.940599e-02
-1.019600e-01
-1.044906e-01
-1.069974e-01
-1.094798e-01
-1.119373e-01
-1.143695e-01
-1.167757e-01
-1.191556e-01
-1.215086e-01
-1.238343e-01
-1.261322e-01
-1.284019e-01
-1.306430e-01
-1.328550e-01
-1.350375e-01
-1.371901e-01
-1.393125e-01
-1.414042e-01
-1.434649e-01
-1.454942e-01
-1.474918e-01
-1.494574e-01
-1.513906e-01
-1.532910e-01
-1.551586e-01
-1.569928e-01
-1.587935e-01
-1.605604e-01
-1.622932e-01
-1.639918e-01
-1.656558e-01
-1.672851e-01
-1.688794e-01
-1.704386e-01
-1.719625e-01
-1.734509e-01
-1.749037e-01
-1.763207e-01
-1.777018e-01
-1.790468e-01
-1.803558e-01
-1.816285e-01
-1.828649e-01
-1.840649e-01
-1.852285e-01
-1.863556e-01
-1.874462e-01
-1.885002e-01
-1.895177e-01
-1.904986e-01
-1.914430e-01
-1.923509e-01
-1.932223e-01
-1.940572e-01
-1.948558e-01
-1.956181e-01
-1.963441e-01
-1.970339e-01
-1.976878e-01
-1.983056e-01
-1.988877e-01
-1.994341e-01
-1.999450e-01
-2.004204e-01
-2.008606e-01
-2.012658e-01
-2.016361e-01
-2.019717e-01
-2.022729e-01
-2.025397e-01
-2.027726e-01
-2.029715e-01
-2.031369e-01
-2.032690e-01
-2.033679e-01
-2.034341e-01
-2.034676e-01
-2.034689e-01
-2.034382e-01
-2.033758e-01
-2.032820e-01
-2.031570e-01
-2.030013e-01
-2.028151e-01
-2.025988e-01
-2.023527e-01
-2.020772e-01
-2.017725e-01
-2.014390e-01
-2.010772e-01
-2.006873e-01
-2.002697e-01
-1.998248e-01
-1.993531e-01
-1.988547e-01
-1.983302e-01
-1.977800e-01
-1.972044e-01
-1.966038e-01
-1.959787e-01
-1.953294e-01
-1.946564e-01
-1.939600e-01
-1.932407e-01
-1.924990e-01
-1.917351e-01
-1.909496e-01
-1.901429e-01
-1.893154e-01
-1.884675e-01
-1.875996e-01
-1.867123e-01
-1.858059e-01
-1.848808e-01
-1.839375e-01
-1.829765e-01
-1.819981e-01
-1.810029e-01
-1.799912e-01
-1.789634e-01
-1.779201e-01
-1.768616e-01
-1.757884e-01
-1.747010e-01
-1.735996e-01
-1.724849e-01
-1.713572e-01
-1.702169e-01
-1.690645e-01
-1.679004e-01
-1.667250e-01
-1.655388e-01
-1.643421e-01
-1.631355e-01
-1.619192e-01
-1.606938e-01
-1.594596e-01
-1.582170e-01
-1.569664e-01
-1.557084e-01
-1.544431e-01
-1.531711e-01
-1.518928e-01
-1.506084e-01
-1.493185e-01
-1.480233e-01
-1.467234e-01
-1.454189e-01
-1.441104e-01
-1.427982e-01
-1.414826e-01
-1.401640e-01
-1.388428e-01
-1.375192e-01
-1.361938e-01
-1.348667e-01
-1.335383e-01
-1.322090e-01
-1.308791e-01
-1.295489e-01
-1.282187e-01
-1.268888e-01
-1.255596e-01
-1.242313e-01
-1.229043e-01
-1.215788e-01
-1.202551e-01
-1.189336e-01
-1.176144e-01
-1.162979e-01
-1.149843e-01
-1.136739e-01
-1.123669e-01
-1.110636e-01
-1.097642e-01
-1.084690e-01
-1.071783e-01
-1.058922e-01
-1.046109e-01
-1.033347e-01
-1.020639e-01
-1.007985e-01
-9.953886e-02
-9.828512e-02
-9.703750e-02
-9.579616e-02
-9.456131e-02
-9.333311e-02
-9.211173e-02
-9.089735e-02
-8.969012e-02
-8.849021e-02
-8.729777e-02
-8.611294e-02
-8.493586e-02
-8.376667e-02
-8.260551e-02
-8.145250e-02
-8.030776e-02
-7.917141e-02
-7.804356e-02
-7.692433e-02
-7.581381e-02
-7.471211e-02
-7.361931e-02
-7.253551e-02
-7.146080e-02
-7.039524e-02
-6.933893e-02
-6.829192e-02
-6.725430e-02
-6.622612e-02
-6.520743e-02
-6.419831e-02
-6.319879e-02
-6.220893e-02
-6.122876e-02
-6.025833e-02
-5.929767e-02
-5.834681e-02
-5.740579e-02
-5.647462e-02
-5.555333e-02
-5.464194e-02
-5.374045e-02
-5.284888e-02
-5.196723e-02
-5.109551e-02
-5.023373e-02
-4.938187e-02
-4.853993e-02
-4.770790e-02
-4.688578e-02
-4.607355e-02
-4.527118e-02
-4.447867e-02
-4.369598e-02
-4.292310e-02
-4.215999e-02
-4.140663e-02
-4.066299e-02
-3.992902e-02
-3.920469e-02
-3.848997e-02
-3.778480e-02
-3.708916e-02
-3.640298e-02
-3.572623e-02
-3.505886e-02
-3.440081e-02
-3.375203e-02
-3.311246e-02
-3.248206e-02
-3.186076e-02
-3.124850e-02
-3.064522e-02
-3.005086e-02
-2.946536e-02
-2.888864e-02
-2.832065e-02
-2.776132e-02
-2.721058e-02
-2.666835e-02
-2.613457e-02
-2.560916e-02
-2.509206e-02
-2.458319e-02
-2.408247e-02
-2.358983e-02
-2.310519e-02
-2.262848e-02
-2.215962e-02
-2.169853e-02
-2.124513e-02
-2.079935e-02
-2.036110e-02
-1.993030e-02
-1.950688e-02
-1.909076e-02
-1.868184e-02
-1.828006e-02
-1.788532e-02
-1.749756e-02
-1.711668e-02
-1.674260e-02
-1.637525e-02
-1.601453e-02
-1.566038e-02
-1.531270e-02
-1.497141e-02
-1.463644e-02
-1.430770e-02
-1.398511e-02
-1.366858e-02
-1.335804e-02
-1.305340e-02
-1.275459e-02
-1.246152e-02
-1.217411e-02
-1.189229e-02
-1.161597e-02
-1.134508e-02
-1.107953e-02
-1.081924e-02
-1.056415e-02
-1.031416e-02
-1.006921e-02
-9.829218e-03
-9.594106e-03
-9.363799e-03
-9.138222e-03
-8.917301e-03
-8.700961e-03
-8.489130e-03
-8.281734e-03
-8.078700e-03
-7.879959e-03
-7.685437e-03
-7.495065e-03
-7.308774e-03
-7.126494e-03
-6.948156e-03
-6.773693e-03
-6.603038e-03
-6.436124e-03
-6.272885e-03
-6.113258e-03
-5.957176e-03
-5.804577e-03
-5.655398e-03
-5.509576e-03
-5.367051e-03
-5.227761e-03
-5.091646e-03
-4.958647e-03
-4.828706e-03
-4.701764e-03
-4.577765e-03
-4.456653e-03
-4.338371e-03
-4.222865e-03
-4.110080e-03
-3.999964e-03
-3.892463e-03
-3.787526e-03
-3.685102e-03
-3.585139e-03
-3.487589e-03
-3.392402e-03
-3.299531e-03
-3.208926e-03
-3.120543e-03
-3.034333e-03
-2.950253e-03
-2.868258e-03
-2.788302e-03
-2.710344e-03
-2.634340e-03
-2.560249e-03
-2.488029e-03
-2.417640e-03
-2.349042e-03
-2.282196e-03
-2.217063e-03
-2.153605e-03
-2.091785e-03
-2.031567e-03
-1.972914e-03
-1.915791e-03
-1.860165e-03
-1.805999e-03
-1.753262e-03
-1.701920e-03
-1.651942e-03
-1.603294e-03
-1.555948e-03
-1.509871e-03
-1.465034e-03
-1.421409e-03
-1.378965e-03
-1.337676e-03
-1.297513e-03
-1.258449e-03
-1.220457e-03
-1.183513e-03
-1.147590e-03
-1.112663e-03
-1.078708e-03
-1.045700e-03
-1.013617e-03
-9.824354e-04
-9.521325e-04
-9.226863e-04
-8.940754e-04
-8.662785e-04
-8.392750e-04
-8.130446e-04
-7.875677e-04
-7.628247e-04
-7.387969e-04
-7.154656e-04
-6.928128e-04
-6.708208e-04
-6.494721e-04
-6.287500e-04
-6.086378e-04
-5.891194e-04
-5.701790e-04
-5.518012e-04
-5.339708e-04
-5.166732e-04
-4.998940e-04
-4.836191e-04
-4.678347e-04
-4.525275e-04
-4.376845e-04
-4.232928e-04
-4.093400e-04
-3.958140e-04
-3.827028e-04
-3.699949e-04
-3.576790e-04
-3.457441e-04
-3.341795e-04
-3.229747e-04
-3.121194e-04
-3.016038e-04
-2.914180e-04
-2.815527e-04
-2.719987e-04
-2.627468e-04
-2.537885e-04
-2.451151e-04
-2.367184e-04
-2.285902e-04
-2.207227e-04
-2.131082e-04
-2.057391e-04
-1.986084e-04
-1.917088e-04
-1.850334e-04
-1.785756e-04
-1.723289e-04
-1.662867e-04
-1.604431e-04
-1.547919e-04
-1.493273e-04
-1.440437e-04
-1.389354e-04
-1.339972e-04
-1.292237e-04
-1.246099e-04
-1.201508e-04
-1.158417e-04
-1.116778e-04
-1.076546e-04
-1.037678e-04
-1.000130e-04
-9.638600e-05
-9.288286e-05
-8.949960e-05
-8.623242e-05
-8.307761e-05
-8.003157e-05
-7.709083e-05
-7.425198e-05
-7.151174e-05
-6.886691e-05
-6.631441e-05
-6.385121e-05
-6.147442e-05
-5.918120e-05
-5.696880e-05
-5.483456e-05
-5.277591e-05
-5.079035e-05
-4.887544e-05
-4.702883e-05
-4.524824e-05
-4.353147e-05
-4.187637e-05
-4.028087e-05
-3.874295e-05
-3.726067e-05
-3.583214e-05
-3.445553e-05
-3.312907e-05
-3.185104e-05
-3.061978e-05
-2.943369e-05
-2.829121e-05
-2.719083e-05
-2.613109e-05
-2.511058e-05
-2.412793e-05
-2.318182e-05
-2.227098e-05
-2.139416e-05
-2.055016e-05
-1.973783e-05
-1.895605e-05
-1.820374e-05
-1.747984e-05
-1.678334e-05
-1.611327e-05
-1.546868e-05
-1.484865e-05
-1.425230e-05
-1.367877e-05
-1.312724e-05
-1.259691e-05
-1.208701e-05
-1.159680e-05
-1.112555e-05
-1.067258e-05
-1.023720e-05
-9.818780e-06
-9.416686e-06
-9.030315e-06
-8.659086e-06
-8.302435e-06
-7.959819e-06
-7.630715e-06
-7.314617e-06
-7.011037e-06
-6.719505e-06
-6.439566e-06
-6.170783e-06
-5.912733e-06
-5.665009e-06
-5.427218e-06
-5.198982e-06
-4.979936e-06
-4.769727e-06
-4.568017e-06
-4.374477e-06
-4.188795e-06
-4.010665e-06
-3.839795e-06
-3.675903e-06
-3.518718e-06
-3.367979e-06
-3.223433e-06
-3.084837e-06
-2.951959e-06
-2.824573e-06
-2.702463e-06
-2.585420e-06
-2.473243e-06
-2.365740e-06
-2.262725e-06
-2.164018e-06
-2.069447e-06
-1.978848e-06
-1.892060e-06
-1.808930e-06
-1.729311e-06
-1.653061e-06
-1.580044e-06
-1.510129e-06
-1.443190e-06
-1.379105e-06
-1.317757e-06
-1.259036e-06
-1.202833e-06
-1.149046e-06
-1.097573e-06
-1.048321e-06
-1.001197e-06
-9.561134e-07
-9.129852e-07
-8.717313e-07
-8.322734e-07
-7.945367e-07
-7.584491e-07
-7.239414e-07
-6.909474e-07
-6.594033e-07
-6.292479e-07
-6.004225e-07
-5.728709e-07
-5.465390e-07
-5.213748e-07
-4.973287e-07
-4.743529e-07
-4.524017e-07
-4.314311e-07
-4.113990e-07
-3.922651e-07
-3.739906e-07
-3.565384e-07
-3.398729e-07
-3.239599e-07
-3.087669e-07
-2.942624e-07
-2.804164e-07
-2.672001e-07
-2.545860e-07
-2.425476e-07
-2.310597e-07
-2.200979e-07
-2.096391e-07
-1.996610e-07
-1.901424e-07
-1.810629e-07
-1.724028e-07
-1.641436e-07
-1.562674e-07
-1.487569e-07
-1.415959e-07
-1.347687e-07
-1.282602e-07
-1.220561e-07
-1.161427e-07
-1.105068e-07
-1.051358e-07
-1.000177e-07
-9.514104e-08
-9.049480e-08
-8.606846e-08
-8.185197e-08
-7.783572e-08
-7.401052e-08
-7.036759e-08
-6.689853e-08
-6.359533e-08
-6.045032e-08
-5.745617e-08
-5.460588e-08
-5.189278e-08
-4.931048e-08
-4.685287e-08
-4.451413e-08
-4.228870e-08
-4.017126e-08
-3.815675e-08
-3.624033e-08
-3.441736e-08
-3.268343e-08
-3.103435e-08
-2.946607e-08
-2.797478e-08
-2.655681e-08
-2.520867e-08
-2.392702e-08
-2.270869e-08
-2.155065e-08
-2.045001e-08
-1.940400e-08
-1.841000e-08
-1.746551e-08
-1.656813e-08
-1.571558e-08
-1.490569e-08
-1.413640e-08
-1.340572e-08
-1.271178e-08
-1.205278e-08
-1.142702e-08
-1.083287e-08
-1.026878e-08
-9.733278e-09
-9.224952e-09
-8.742466e-09
-8.284544e-09
-7.849971e-09
-7.437592e-09
-7.046306e-09
-6.675064e-09
-6.322870e-09
-5.988773e-09
-5.671871e-09
-5.371303e-09
-5.086251e-09
-4.815937e-09
-4.559619e-09
-4.316595e-09
-4.086193e-09
-3.867775e-09
-3.660737e-09
-3.464500e-09
-3.278518e-09
-3.102269e-09
-2.935257e-09
-2.777012e-09
-2.627085e-09
-2.485052e-09
-2.350508e-09
-2.223068e-09
-2.102368e-09
-1.988060e-09
-1.879816e-09
-1.777321e-09
-1.680279e-09
-1.588407e-09
-1.501437e-09
-1.419114e-09
-1.341196e-09
-1.267455e-09
-1.197670e-09
-1.131637e-09
-1.069158e-09
-1.010047e-09
-9.541264e-10
-9.012294e-10
-8.511963e-10
-8.038759e-10
-7.591248e-10
-7.168071e-10
-6.767938e-10
-6.389625e-10
-6.031971e-10
-5.693877e-10
-5.374299e-10
-5.072249e-10
-4.786788e-10
-4.517028e-10
-4.262126e-10
-4.021284e-10
-3.793745e-10
-3.578793e-10
-3.375747e-10
-3.183964e-10
-3.002834e-10
-2.831780e-10
-2.670254e-10
-2.517739e-10
-2.373743e-10
-2.237802e-10
-2.109477e-10
-1.988349e-10
-1.874026e-10
-1.766133e-10
-1.664318e-10
-1.568246e-10
-1.477600e-10
-1.392082e-10
-1.311407e-10
-1.235308e-10
-1.163531e-10
-1.095836e-10
-1.031997e-10
-9.717983e-11
-9.150374e-11
-8.615223e-11
-8.110716e-11
-7.635138e-11
-7.186866e-11
-6.764368e-11
-6.366195e-11
-5.990976e-11
-5.637419e-11
-5.304299e-11
-4.990461e-11
-4.694814e-11
-4.416326e-11
-4.154023e-11
-3.906985e-11
-3.674341e-11
-3.455272e-11
-3.249003e-11
-3.054801e-11
-2.871976e-11
-2.699876e-11
-2.537884e-11
-2.385419e-11
-2.241933e-11
-2.106909e-11
-1.979857e-11
-1.860317e-11
-1.747854e-11
-1.642057e-11
-1.542540e-11
-1.448938e-11
-1.360906e-11
-1.278119e-11
-1.200273e-11
-1.127076e-11
-1.058259e-11
-9.935631e-12
-9.327474e-12
-8.755839e-12
-8.218575e-12
-7.713657e-12
-7.239177e-12
-6.793336e-12
-6.374441e-12
-5.980895e-12
-5.611195e-12
-5.263923e-12
-4.937747e-12
-4.631409e-12
-4.343728e-12
-4.073588e-12
-3.819941e-12
-3.581800e-12
-3.358235e-12
-3.148371e-12
-2.951384e-12
-2.766501e-12
-2.592990e-12
-2.430166e-12
-2.277384e-12
-2.134035e-12
-1.999549e-12
-1.873387e-12
-1.755045e-12
-1.644046e-12
-1.539943e-12
-1.442317e-12
-1.350771e-12
-1.264934e-12
-1.184456e-12
-1.109010e-12
-1.038286e-12
-9.719934e-13
-9.098609e-13
-8.516316e-13
-7.970648e-13
-7.459344e-13
-6.980279e-13
-6.531456e-13
-6.111001e-13
-5.717153e-13
-5.348258e-13
-5.002765e-13
-4.679214e-13
-4.376238e-13
-4.092550e-13
-3.826945e-13
-3.578290e-13
-3.345523e-13
-3.127646e-13
-2.923724e-13
-2.732878e-13
-2.554284e-13
-2.387170e-13
-2.230810e-13
-2.084525e-13
-1.947676e-13
-1.819665e-13
-1.699931e-13
-1.587948e-13
-1.483223e-13
-1.385293e-13
-1.293725e-13
-1.208113e-13
-1.128076e-13
-1.053257e-13
-9.833209e-14
-9.179552e-14
-8.568659e-14
-7.997778e-14
-7.464333e-14
-6.965910e-14
-6.500247e-14
-6.065226e-14
-5.658865e-14
-5.279305e-14
-4.924810e-14
-4.593749e-14
-4.284600e-14
-3.995935e-14
-3.726419e-14
-3.474803e-14
-3.239917e-14
-3.020666e-14
-2.816027e-14
-2.625040e-14
-2.446810e-14
-2.280499e-14
-2.125321e-14
-1.980544e-14
-1.845481e-14
-1.719491e-14
-1.601974e-14
-1.492368e-14
-1.390151e-14
-1.294830e-14
-1.205950e-14
-1.123080e-14
-1.045820e-14
-9.737981e-15
-9.066631e-15
-8.440887e-15
-7.857701e-15
-7.314221e-15
-6.807785e-15
-6.335907e-15
-5.896265e-15
-5.486689e-15
-5.105155e-15
-4.749772e-15
-4.418774e-15
-4.110512e-15
-3.823449e-15
-3.556149e-15
-3.307271e-15
-3.075564e-15
-2.859862e-15
-2.659075e-15
-2.472186e-15
-2.298249e-15
-2.136378e-15
-1.985750e-15
-1.845593e-15
-1.715192e-15
-1.593877e-15
-1.481024e-15
-1.376051e-15
-1.278416e-15
-1.187613e-15
-1.103171e-15
-1.024652e-15
-9.516448e-16
-8.837687e-16
-8.206683e-16
-7.620121e-16
-7.074917e-16
-6.568195e-16
-6.097278e-16
-5.659670e-16
-5.253050e-16
-4.875253e-16
-4.524265e-16
-4.198210e-16
-3.895341e-16
-3.614033e-16
-3.352771e-16
-3.110148e-16
-2.884851e-16
-2.675660e-16
-2.481440e-16
-2.301133e-16
-2.133757e-16
-1.978398e-16
-1.834203e-16
-1.700382e-16
-1.576198e-16
-1.460967e-16
-1.354051e-16
-1.254860e-16
-1.162841e-16
-1.077484e-16
-9.983133e-17
-9.248854e-17
-8.567897e-17
-7.936442e-17
-7.350937e-17
-6.808083e-17
-6.304813e-17
-5.838279e-17
-5.405835e-17
-5.005021e-17
-4.633555e-17
-4.289316e-17
-3.970334e-17
-3.674779e-17
-3.400954e-17
-3.147281e-17
-2.912297e-17
-2.694641e-17
-2.493053e-17
-2.306361e-17
-2.133480e-17
-1.973399e-17
-1.825184e-17
-1.687966e-17
-1.560939e-17
-1.443356e-17
-1.334523e-17
-1.233799e-17
-1.140585e-17
-1.054329e-17
-9.745187e-18
-9.006777e-18
-8.323652e-18
-7.691724e-18
-7.107203e-18
-6.566578e-18
-6.066591e-18
-5.604227e-18
-5.176687e-18
-4.781382e-18
-4.415910e-18
-4.078048e-18
-3.765735e-18
-3.477062e-18
-3.210261e-18
-2.963696e-18
-2.735850e-18
-2.525318e-18
-2.330801e-18
-2.151096e-18
-1.985087e-18
-1.831743e-18
-1.690110e-18
-1.559303e-18
-1.438505e-18
-1.326960e-18
-1.223966e-18
-1.128876e-18
-1.041090e-18
-9.600546e-19
-8.852557e-19
-8.162192e-19
-7.525065e-19
-6.937116e-19
-6.394594e-19
-5.894030e-19
-5.432216e-19
-5.006186e-19
-4.613200e-19
-4.250724e-19
-3.916416e-19
-3.608112e-19
-3.323813e-19
-3.061670e-19
-2.819977e-19
-2.597156e-19
-2.391751e-19
-2.202414e-19
-2.027904e-19
-1.867073e-19
-1.718859e-19
-1.582285e-19
-1.456447e-19
-1.340509e-19
-1.233701e-19
-1.135313e-19
-1.044688e-19
-9.612208e-20
-8.843514e-20
-8.135644e-20
-7.483836e-20
-6.883701e-20
-6.331185e-20
-5.822552e-20
-5.354353e-20
-4.923411e-20
-4.526791e-20
-4.161789e-20
-3.825913e-20
-3.516863e-20
-3.232520e-20
-2.970929e-20
-2.730289e-20
-2.508940e-20
-2.305353e-20
-2.118116e-20
-1.945931e-20
-1.787601e-20
-1.642022e-20
-1.508178e-20
-1.385134e-20
-1.272027e-20
-1.168062e-20
-1.072510e-20
-9.846948e-21
-9.039980e-21
-8.298482e-21
-7.617197e-21
-6.991286e-21
-6.416294e-21
-5.888122e-21
-5.402997e-21
-4.957446e-21
-4.548274e-21
-4.172541e-21
-3.827542e-21
-3.510788e-21
-3.219991e-21
-2.953045e-21
-2.708013e-21
-2.483115e-21
-2.276713e-21
-2.087301e-21
-1.913495e-21
-1.754021e-21
-1.607710e-21
-1.473486e-21
-1.350360e-21
-1.237424e-21
-1.133843e-21
-1.038850e-21
-9.517387e-22
-8.718628e-22
-7.986269e-22
-7.314845e-22
-6.699334e-22
-6.135127e-22
-5.617988e-22
-5.144029e-22
-4.709680e-22
-4.311663e-22
-3.946967e-22
-3.612831e-22
-3.306717e-22
-3.026300e-22
-2.769441e-22
-2.534181e-22
-2.318722e-22
-2.121412e-22
-1.940737e-22
-1.775308e-22
-1.623851e-22
-1.485197e-22
-1.358274e-22
-1.242098e-22
-1.135769e-22
-1.038459e-22
-9.494102e-23
-8.679286e-23
-7.933768e-23
-7.251709e-23
-6.627757e-23
-6.057009e-23
-5.534969e-23
-5.057520e-23
-4.620887e-23
-4.221614e-23
-3.856533e-23
-3.522743e-23
-3.217587e-23
-2.938631e-23
-2.683645e-23
-2.450590e-23
-2.237595e-23
-2.042950e-23
-1.865088e-23
-1.702575e-23
-1.554099e-23
-1.418458e-23
-1.294553e-23
-1.181377e-23
-1.078009e-23
-9.836072e-24
-8.974009e-24
-8.186846e-24
-7.468136e-24
-6.811977e-24
-6.212974e-24
-5.666191e-24
-5.167118e-24
-4.711627e-24
-4.295946e-24
-3.916627e-24
-3.570515e-24
-3.254731e-24
-2.966638e-24
-2.703831e-24
-2.464109e-24
-2.245461e-24
-2.046052e-24
-1.864203e-24
-1.698381e-24
-1.547186e-24
-1.409338e-24
-1.283670e-24
-1.169114e-24
-1.064697e-24
-9.695279e-25
-8.827954e-25
-8.037579e-25
-7.317384e-25
-6.661190e-25
-6.063358e-25
-5.518741e-25
-5.022642e-25
-4.570776e-25
-4.159230e-25
-3.784438e-25
-3.443145e-25
-3.132381e-25
-2.849438e-25
-2.591847e-25
-2.357354e-25
-2.143906e-25
-1.949630e-25
-1.772817e-25
-1.611911e-25
-1.465493e-25
-1.332268e-25
-1.211058e-25
-1.100789e-25
-1.000479e-25
-9.092385e-26
-8.262527e-26
-7.507813e-26
-6.821492e-26
-6.197417e-26
-5.629988e-26
-5.114105e-26
-4.645124e-26
-4.218813e-26
-3.831323e-26
-3.479146e-26
-3.159090e-26
-2.868248e-26
-2.603975e-26
-2.363864e-26
-2.145722e-26
-1.947556e-26
-1.767550e-26
-1.604054e-26
-1.455565e-26
-1.320717e-26
-1.198266e-26
-1.087082e-26
-9.861360e-27
-8.944924e-27
-8.113009e-27
-7.357879e-27
-6.672504e-27
-6.050488e-27
-5.486020e-27
-4.973817e-27
-4.509077e-27
-4.087436e-27
-3.704928e-27
-3.357947e-27
-3.043221e-27
-2.757773e-27
-2.498901e-27
-2.264149e-27
-2.051286e-27
-1.858288e-27
-1.683314e-27
-1.524695e-27
-1.380912e-27
-1.250589e-27
-1.132475e-27
-1.025434e-27
-9.284377e-28
-8.405490e-28
-7.609196e-28
-6.887791e-28
-6.234283e-28
-5.642331e-28
-5.106180e-28
-4.620607e-28
-4.180877e-28
-3.782694e-28
-3.422161e-28
-3.095745e-28
-2.800241e-28
-2.532742e-28
-2.290614e-28
-2.071469e-28
-1.873141e-28
-1.693666e-28
-1.531266e-28
-1.384328e-28
-1.251390e-28
-1.131128e-28
-1.022342e-28
-9.239457e-29
-8.349529e-29
-7.544717e-29
-6.816938e-29
-6.158873e-29
-5.563890e-29
-5.025986e-29
-4.539725e-29
-4.100183e-29
-3.702903e-29
-3.343851e-29
-3.019374e-29
-2.726167e-29
-2.461237e-29
-2.221876e-29
-2.005634e-29
-1.810293e-29
-1.633848e-29
-1.474483e-29
-1.330557e-29
-1.200584e-29
-1.083222e-29
-9.772537e-30
-8.815822e-30
-7.952136e-30
-7.172494e-30
-6.468776e-30
-5.833637e-30
-5.260442e-30
-4.743190e-30
-4.276458e-30
-3.855346e-30
-3.475426e-30
-3.132695e-30
-2.823538e-30
-2.544689e-30
-2.293196e-30
-2.066394e-30
-1.861875e-30
-1.677465e-30
-1.511199e-30
-1.361306e-30
-1.226182e-30
-1.104383e-30
-9.946031e-31
-8.956648e-31
-8.065042e-31
-7.261615e-31
-6.537705e-31
-5.885493e-31
-5.297926e-31
-4.768638e-31
-4.291887e-31
-3.862493e-31
-3.475782e-31
-3.127540e-31
-2.813965e-31
-2.531629e-31
-2.277439e-31
-2.048609e-31
-1.842624e-31
-1.657219e-31
-1.490351e-31
-1.340179e-31
-1.205042e-31
-1.083446e-31
-9.740426e-32
-8.756165e-32
-7.870738e-32
-7.074283e-32
-6.357917e-32
-5.713639e-32
-5.134240e-32
-4.613229e-32
-4.144760e-32
-3.723567e-32
-3.344910e-32
-3.004521e-32
-2.698557e-32
-2.423557e-32
-2.176409e-32
-1.954309e-32
-1.754734e-32
-1.575415e-32
-1.414308e-32
-1.269576e-32
-1.139564e-32
-1.022785e-32
-9.179001e-33
-8.237055e-33
-7.391183e-33
-6.631648e-33
-5.949692e-33
-5.337439e-33
-4.787809e-33
-4.294438e-33
-3.851600e-33
-3.454153e-33
-3.097473e-33
-2.777403e-33
-2.490208e-33
-2.232534e-33
-2.001363e-33
-1.793986e-33
-1.607970e-33
-1.441127e-33
-1.291493e-33
-1.157303e-33
-1.036974e-33
-9.290824e-34
-8.323499e-34
-7.456296e-34
-6.678914e-34
-5.982105e-34
-5.357568e-34
-4.797852e-34
-4.296269e-34
-3.846818e-34
-3.444112e-34
-3.083319e-34
-2.760101e-34
-2.470570e-34
-2.211234e-34
-1.978964e-34
-1.770950e-34
-1.584676e-34
-1.417882e-34
-1.268543e-34
-1.134843e-34
-1.015154e-34
-9.080156e-35
-8.121202e-35
-7.262947e-35
-6.494877e-35
-5.807570e-35
-5.192583e-35
-4.642351e-35
-4.150095e-35
-3.709740e-35
-3.315847e-35
-2.963542e-35
-2.648458e-35
-2.366685e-35
-2.114723e-35
-1.889435e-35
-1.688014e-35
-1.507945e-35
-1.346978e-35
-1.203098e-35
-1.074502e-35
-9.595741e-36
-8.568712e-36
-7.650997e-36
-6.831027e-36
-6.098451e-36
-5.444005e-36
-4.859404e-36
-4.337236e-36
-3.870870e-36
-3.454376e-36
-3.082450e-36
-2.750351e-36
-2.453837e-36
-2.189115e-36
-1.952797e-36
-1.741852e-36
-1.553570e-36
-1.385530e-36
-1.235567e-36
-1.101748e-36
-9.823449e-37
-8.758124e-37
-7.807710e-37
-6.959880e-37
-6.203622e-37
-5.529100e-37
-4.927527e-37
-4.391058e-37
-3.912684e-37
-3.486149e-37
-3.105865e-37
-2.766844e-37
-2.464634e-37
-2.195258e-37
-1.955169e-37
-1.741199e-37
-1.550523e-37
-1.380617e-37
-1.229232e-37
-1.094360e-37
-9.742087e-38
-8.671800e-38
-7.718484e-38
-6.869423e-38
-6.113277e-38
-5.439931e-38
-4.840366e-38
-4.306540e-38
-3.831284e-38
-3.408205e-38
-3.031605e-38
-2.696404e-38
-2.398076e-38
-2.132585e-38
-1.896336e-38
-1.686125e-38
-1.499097e-38
-1.332708e-38
-1.184694e-38
-1.053035e-38
-9.359328e-39
-8.317871e-39
-7.391716e-39
-6.568162e-39
-5.835901e-39
-5.184866e-39
-4.606093e-39
-4.091602e-39
-3.634289e-39
-3.227834e-39
-2.866609e-39
-2.545606e-39
-2.260369e-39
-2.006934e-39
-1.781773e-39
-1.581748e-39
-1.404066e-39
-1.246245e-39
-1.106076e-39
-9.815936e-40
-8.710521e-40
-7.728978e-40
-6.857495e-40
-6.083794e-40
-5.396958e-40
-4.787282e-40
-4.246143e-40
-3.765873e-40
-3.339660e-40
-2.961450e-40
-2.625863e-40
-2.328119e-40
-2.063972e-40
-1.829650e-40
-1.621802e-40
-1.437451e-40
-1.273955e-40
-1.128964e-40
-1.000396e-40
-8.863994e-41
-7.853303e-41
-6.957301e-41
-6.163037e-41
-5.459014e-41
-4.835031e-41
-4.282031e-41
-3.791978e-41
-3.357743e-41
-2.972998e-41
-2.632129e-41
-2.330158e-41
-2.062667e-41
-1.825738e-41
-1.615895e-41
-1.430057e-41
-1.265492e-41
-1.119775e-41
-9.907578e-42
-8.765363e-42
-7.754216e-42
-6.859167e-42
-6.066949e-42
-5.365805e-42
-4.745314e-42
-4.196243e-42
-3.710409e-42
-3.280563e-42
-2.900285e-42
-2.563884e-42
-2.266322e-42
-2.003136e-42
-1.770373e-42
-1.564533e-42
-1.382516e-42
-1.221578e-42
-1.079288e-42
-9.534974e-43
-8.423005e-43
-7.440124e-43
-6.571413e-43
-5.803673e-43
-5.125221e-43
-4.525722e-43
-3.996029e-43
-3.528051e-43
-3.114632e-43
-2.749439e-43
-2.426873e-43
-2.141980e-43
-1.890382e-43
-1.668203e-43
-1.472021e-43
-1.298807e-43
-1.145884e-43
-1.010887e-43
-8.917224e-44
-7.865430e-44
-6.937145e-44
-6.117931e-44
-5.395031e-44
-4.757172e-44
-4.194395e-44
-3.697901e-44
-3.259919e-44
-2.873584e-44
-2.532833e-44
-2.232311e-44
-1.967290e-44
-1.733595e-44
-1.527539e-44
-1.345869e-44
-1.185710e-44
-1.044528e-44
-9.200830e-45
-8.104001e-45
-7.137359e-45
-6.285519e-45
-5.534906e-45
-4.873545e-45
-4.290868e-45
-3.777556e-45
-3.325387e-45
-2.927110e-45
-2.576330e-45
-2.267407e-45
-1.995367e-45
-1.755828e-45
-1.544922e-45
-1.359241e-45
-1.195783e-45
-1.051898e-45
-9.252525e-46
-8.137904e-46
-7.156990e-46
-6.293813e-46
-5.534301e-46
-4.866058e-46
-4.278163e-46
-3.760996e-46
-3.306085e-46
-2.905967e-46
-2.554071e-46
-2.244609e-46
-1.972487e-46
-1.733217e-46
-1.522851e-46
-1.337911e-46
-1.175338e-46
-1.032438e-46
-9.068399e-47
-7.964578e-47
-6.994562e-47
-6.142198e-47
-5.393276e-47
-4.735295e-47
-4.157258e-47
-3.649492e-47
-3.203491e-47
-2.811772e-47
-2.467756e-47
-2.165658e-47
-1.900392e-47
-1.667485e-47
-1.463007e-47
-1.283501e-47
-1.125931e-47
-9.876263e-48
-8.662419e-48
-7.597161e-48
-6.662373e-48
-5.842143e-48
-5.122488e-48
-4.491127e-48
-3.937270e-48
-3.451442e-48
-3.025322e-48
-2.651601e-48
-2.323862e-48
-2.036470e-48
-1.784478e-48
-1.563543e-48
-1.369854e-48
-1.200063e-48
-1.051234e-48
-9.207900e-49
-8.064680e-49
-7.062838e-49
-6.184960e-49
-5.415769e-49
-4.741862e-49
-4.151483e-49
-3.634320e-49
-3.181329e-49
-2.784580e-49
-2.437116e-49
-2.132840e-49
-1.866406e-49
-1.633124e-49
-1.428888e-49
-1.250093e-49
-1.093585e-49
-9.565944e-50
-8.366983e-50
-7.317715e-50
-6.399524e-50
-5.596099e-50
-4.893152e-50
-4.278165e-50
-3.740175e-50
-3.269580e-50
-2.857968e-50
-2.497978e-50
-2.183158e-50
-1.907864e-50
-1.667152e-50
-1.456695e-50
-1.272704e-50
-1.111865e-50
-9.712743e-51
-8.483938e-51
-7.410007e-51
-6.471506e-51
-5.651420e-51
-4.934867e-51
-4.308825e-51
-3.761905e-51
-3.284145e-51
-2.866833e-51
-2.502350e-51
-2.184034e-51
-1.906058e-51
-1.663330e-51
-1.451398e-51
-1.266368e-51
-1.104839e-51
-9.638369e-52
-8.407633e-52
-7.333469e-52
-6.396034e-52
-5.577989e-52
-4.864185e-52
-4.241389e-52
-3.698041e-52
-3.224043e-52
-2.810577e-52
-2.449942e-52
-2.135412e-52
-1.861114e-52
-1.621922e-52
-1.413359e-52
-1.231518e-52
-1.072987e-52
-9.347891e-53
-8.143263e-53
-7.093308e-53
-6.178240e-53
-5.380793e-53
-4.685904e-53
-4.080431e-53
-3.552911e-53
-3.093343e-53
-2.693007e-53
-2.344296e-53
-2.040577e-53
-1.776066e-53
-1.545719e-53
-1.345141e-53
-1.170498e-53
-1.018448e-53
-8.860801e-54
-7.708546e-54
-6.705598e-54
-5.832681e-54
-5.072995e-54
-4.411905e-54
-3.836662e-54
-3.336157e-54
-2.900715e-54
-2.521907e-54
-2.192395e-54
-1.905785e-54
-1.656513e-54
-1.439730e-54
-1.251218e-54
-1.087303e-54
-9.447864e-55
-8.208850e-55
-7.131757e-55
-6.195500e-55
-5.381728e-55
-4.674473e-55
-4.059843e-55
-3.525749e-55
-3.061674e-55
-2.658473e-55
-2.308188e-55
-2.003897e-55
-1.739584e-55
-1.510014e-55
-1.310636e-55
-1.137493e-55
-9.871455e-56
-8.566019e-56
-7.432629e-56
-6.448689e-56
-5.594561e-56
-4.853178e-56
-4.209708e-56
-3.651264e-56
-3.166651e-56
-2.746140e-56
-2.381281e-56
-2.064735e-56
-1.790126e-56
-1.551916e-56
-1.345298e-56
-1.166097e-56
-1.010686e-56
-8.759174e-57
-7.590595e-57
-6.577398e-57
-5.698990e-57
-4.937502e-57
-4.277424e-57
-3.705296e-57
-3.209438e-57
-2.779718e-57
-2.407343e-57
-2.084687e-57
-1.805134e-57
-1.562944e-57
-1.353141e-57
-1.171408e-57
-1.014003e-57
-8.776784e-58
-7.596217e-58
-6.573927e-58
-5.688765e-58
-4.922397e-58
-4.258934e-58
-3.684604e-58
-3.187471e-58
-2.757193e-58
-2.384810e-58
-2.062557e-58
-1.783708e-58
-1.542436e-58
-1.333693e-58
-1.153109e-58
-9.968977e-59
-8.617797e-59
-7.449164e-59
-6.438495e-59
-5.564508e-59
-4.808779e-59
-4.155357e-59
-3.590439e-59
-3.102075e-59
-2.679925e-59
-2.315040e-59
-1.999678e-59
-1.727138e-59
-1.491626e-59
-1.288125e-59
-1.112300e-59
-9.603982e-60
-8.291753e-60
-7.158251e-60
-6.179212e-60
-5.333655e-60
-4.603437e-60
-3.972878e-60
-3.428418e-60
-2.958338e-60
-2.552510e-60
-2.202180e-60
-1.899782e-60
-1.638778e-60
-1.413521e-60
-1.219129e-60
-1.051388e-60
-9.066545e-61
-7.817829e-61
-6.740563e-61
-5.811279e-61
-5.009713e-61
-4.318368e-61
-3.722133e-61
-3.207967e-61
-2.764607e-61
-2.382333e-61
-2.052755e-61
-1.768632e-61
-1.523713e-61
-1.312607e-61
-1.130659e-61
-9.738551e-62
-8.387307e-62
-7.222979e-62
-6.219790e-62
-5.355508e-62
-4.610959e-62
-3.969606e-62
-3.417190e-62
-2.941416e-62
-2.531684e-62
-2.178853e-62
-1.875046e-62
-1.613473e-62
-1.388280e-62
-1.194422e-62
-1.027553e-62
-8.839270e-63
-7.603159e-63
-6.539391e-63
-5.624011e-63
-4.836382e-63
-4.158729e-63
-3.575742e-63
-3.074237e-63
-2.642860e-63
-2.271834e-63
-1.952740e-63
-1.678333e-63
-1.442372e-63
-1.239487e-63
-1.065056e-63
-9.150994e-64
-7.861941e-64
-6.753936e-64
-5.801625e-64
-4.983196e-64
-4.279882e-64
-3.675541e-64
-3.156286e-64
-2.710173e-64
-2.326930e-64
-1.997723e-64
-1.714955e-64
-1.472095e-64
-1.263527e-64
-1.084423e-64
-9.306331e-65
-7.985901e-65
-6.852277e-65
-5.879110e-65
-5.043753e-65
-4.326748e-65
-3.711376e-65
-3.183274e-65
-2.730100e-65
-2.341255e-65
-2.007634e-65
-1.721417e-65
-1.475886e-65
-1.265277e-65
-1.084635e-65
-9.297099e-66
-7.968505e-66
-6.829231e-66
-5.852378e-66
-5.014857e-66
-4.296851e-66
-3.681354e-66
-3.153774e-66
-2.701588e-66
-2.314053e-66
-1.981951e-66
-1.697377e-66
-1.453548e-66
-1.244646e-66
-1.065683e-66
-9.123797e-67
-7.810682e-67
-6.686023e-67
-5.722851e-67
-4.898042e-67
-4.191778e-67
-3.587068e-67
-3.069350e-67
-2.626147e-67
-2.246762e-67
-1.922033e-67
-1.644107e-67
-1.406258e-67
-1.202723e-67
-1.028565e-67
-8.795557e-68
-7.520741e-68
-6.430186e-68
-5.497333e-68
-4.699441e-68
-4.017038e-68
-3.433454e-68
-2.934419e-68
-2.507718e-68
-2.142894e-68
-1.831000e-68
-1.564378e-68
-1.336474e-68
-1.141682e-68
-9.752036e-69
-8.329348e-69
-7.113647e-69
-6.074901e-69
-5.187424e-69
-4.429247e-69
-3.781583e-69
-3.228367e-69
-2.755864e-69
-2.352331e-69
-2.007726e-69
-1.713469e-69
-1.462223e-69
-1.247718e-69
-1.064597e-69
-9.082789e-70
-7.748524e-70
-6.609739e-70
-5.637873e-70
-4.808524e-70
-4.100851e-70
-3.497049e-70
-2.981914e-70
-2.542460e-70
-2.167598e-70
-1.847859e-70
-1.575160e-70
-1.342598e-70
-1.144282e-70
-9.751818e-71
-8.310053e-71
-7.080885e-71
-6.033051e-71
-5.139868e-71
-4.378573e-71
-3.729742e-71
-3.176806e-71
-2.705628e-71
-2.304152e-71
-1.962094e-71
-1.670683e-71
-1.422440e-71
-1.210987e-71
-1.030885e-71
-8.774998e-72
-7.468774e-72
-6.356487e-72
-5.409420e-72
-4.603093e-72
-3.916647e-72
-3.332305e-72
-2.834919e-72
-2.411583e-72
-2.051301e-72
-1.744705e-72
-1.483817e-72
-1.261840e-72
-1.072986e-72
-9.123239e-73
-7.756572e-73
-6.594110e-73
-5.605420e-73
-4.764593e-73
-4.049571e-73
-3.441579e-73
-2.924638e-73
-2.485148e-73
-2.111533e-73
-1.793945e-73
-1.524003e-73
-1.294578e-73
-1.099604e-73
-9.339209e-74
-7.931391e-74
-6.735258e-74
-5.719061e-74
-4.855801e-74
-4.122518e-74
-3.499693e-74
-2.970728e-74
-2.521514e-74
-2.140058e-74
-1.816165e-74
-1.541170e-74
-1.307711e-74
-1.109528e-74
-9.413051e-75
-7.985245e-75
-6.773477e-75
-5.745141e-75
-4.872539e-75
-4.132145e-75
-3.503978e-75
-2.971070e-75
-2.519011e-75
-2.135564e-75
-1.810343e-75
-1.534528e-75
-1.300632e-75
-1.102299e-75
-9.341364e-76
-7.915651e-76
-6.707005e-76
-5.682458e-76
-4.814037e-76
-4.078009e-76
-3.454241e-76
-2.925652e-76
-2.477755e-76
-2.098261e-76
-1.776750e-76
-1.504385e-76
-1.273670e-76
-1.078253e-76
-9.127461e-77
-7.725826e-77
-6.538911e-77
-5.533904e-77
-4.682991e-77
-3.962605e-77
-3.352770e-77
-2.836562e-77
-2.399643e-77
-2.029861e-77
-1.716927e-77
-1.452121e-77
-1.228060e-77
-1.038489e-77
-8.781117e-78
-7.424432e-78
-6.276859e-78
-5.306243e-78
-4.485362e-78
-3.791172e-78
-3.204166e-78
-2.707835e-78
-2.288206e-78
-1.933452e-78
-1.633569e-78
-1.380089e-78
-1.165849e-78
-9.847893e-79
-8.317826e-79
-7.024929e-79
-5.932526e-79
-5.009599e-79
-4.229918e-79
-3.571302e-79
-3.014996e-79
-2.545145e-79
-2.148345e-79
-1.813264e-79
-1.530325e-79
-1.291433e-79
-1.089747e-79
-9.194864e-80
-7.757654e-80
-6.544571e-80
-5.520743e-80
-4.656713e-80
-3.927598e-80
-3.312381e-80
-2.793310e-80
-2.355394e-80
-1.985974e-80
-1.674362e-80
-1.411531e-80
-1.189864e-80
-1.002928e-80
-8.452946e-81
-7.123802e-81
-6.003178e-81
-5.058436e-81
-4.262033e-81
-3.590732e-81
-3.024927e-81
-2.548076e-81
-2.146226e-81
-1.807607e-81
-1.522294e-81
-1.281913e-81
-1.079404e-81
-9.088142e-82
-7.651241e-82
-6.441015e-82
-5.421786e-82
-4.563478e-82
-3.840743e-82
-3.232214e-82
-2.719886e-82
-2.288583e-82
-1.925522e-82
-1.619929e-82
-1.362727e-82
-1.146271e-82
-9.641212e-83
-8.108518e-83
-6.818941e-83
-5.734004e-83
-4.821306e-83
-4.053564e-83
-3.407807e-83
-2.864696e-83
-2.407951e-83
-2.023869e-83
-1.700916e-83
-1.429384e-83
-1.201104e-83
-1.009202e-83
-8.478925e-84
-7.123105e-84
-5.983612e-84
-5.026009e-84
-4.221323e-84
-3.545191e-84
-2.977119e-84
-2.499876e-84
-2.098971e-84
-1.762219e-84
-1.479377e-84
-1.241834e-84
-1.042351e-84
-8.748428e-85
-7.341953e-85
-6.161108e-85
-5.169775e-85
-4.337606e-85
-3.639102e-85
-3.052839e-85
-2.560821e-85
-2.147930e-85
-1.801469e-85
-1.510772e-85
-1.266884e-85
-1.062283e-85
-8.906546e-86
-7.466963e-86
-6.259567e-86
-5.246990e-86
-4.397864e-86
-3.685861e-86
-3.088885e-86
-2.588393e-86
-2.168824e-86
-1.817121e-86
-1.522331e-86
-1.275264e-86
-1.068210e-86
-8.947029e-87
-7.493188e-87
-6.275091e-87
-5.254593e-87
-4.399707e-87
-3.683613e-87
-3.083827e-87
-2.581496e-87
-2.160820e-87
-1.808554e-87
-1.513595e-87
-1.266642e-87
-1.059897e-87
-8.868268e-88
-7.419586e-88
-6.207064e-88
-5.192283e-88
-4.343063e-88
-3.632449e-88
-3.037866e-88
-2.540407e-88
-2.124240e-88
-1.776108e-88
-1.484913e-88
-1.241361e-88
-1.037674e-88
-8.673399e-89
-7.249088e-89
-6.058192e-89
-5.062538e-89
-4.230184e-89
-3.534401e-89
-2.952826e-89
-2.466753e-89
-2.060531e-89
-1.721069e-89
-1.437417e-89
-1.200420e-89
-1.002418e-89
-8.370099e-90
-6.988401e-90
-5.834325e-90
-4.870449e-90
-4.065492e-90
-3.393304e-90
-2.832031e-90
-2.363410e-90
-1.972176e-90
-1.645575e-90
-1.372953e-90
-1.145405e-90
-9.554943e-91
-7.970082e-91
-6.647573e-91
-5.544075e-91
-4.623392e-91
-3.855297e-91
-3.214554e-91
-2.680089e-91
-2.234309e-91
-1.862529e-91
-1.552488e-91
-1.293956e-91
-1.078390e-91
-8.986658e-92
-7.488349e-92
-6.239353e-92
-5.198268e-92
-4.330554e-92
-3.607396e-92
-3.004760e-92
-2.502600e-92
-2.084197e-92
-1.735608e-92
-1.445207e-92
-1.203301e-92
-1.001807e-92
-8.339874e-93
-6.942255e-93
-5.778395e-93
-4.809274e-93
-4.002372e-93
-3.330589e-93
-2.771342e-93
-2.305818e-93
-1.918339e-93
-1.595848e-93
-1.327465e-93
-1.104131e-93
-9.182978e-94
-7.636813e-94
-6.350477e-94
-5.280393e-94
-4.390275e-94
-3.649916e-94
-3.034168e-94
-2.522098e-94
-2.096283e-94
-1.742223e-94
-1.447848e-94
-1.203117e-94
-9.996739e-95
-8.305667e-95
-6.900115e-95
-5.731968e-95
-4.761204e-95
-3.954536e-95
-3.284277e-95
-2.727406e-95
-2.264777e-95
-1.880471e-95
-1.561253e-95
-1.296122e-95
-1.075930e-95
-8.930746e-96
-7.412371e-96
-6.151657e-96
-5.104965e-96
-4.236030e-96
-3.514722e-96
-2.916006e-96
-2.419088e-96
-2.006691e-96
-1.664466e-96
-1.380495e-96
-1.144882e-96
-9.494060e-97
-7.872432e-97
-6.527269e-97
-5.411526e-97
-4.486148e-97
-3.718717e-97
-3.082324e-97
-2.554636e-97
-2.117120e-97
-1.754395e-97
-1.453701e-97
-1.204449e-97
-9.978547e-98
-8.266313e-98
-6.847342e-98
-5.671499e-98
-4.697203e-98
-3.889972e-98
-3.221211e-98
-2.667212e-98
-2.208317e-98
-1.828231e-98
-1.513444e-98
-1.252758e-98
-1.036893e-98
-8.581555e-99
-7.101724e-99
-5.876615e-99
-4.862463e-99
-4.023009e-99
-3.328215e-99
-2.753197e-99
-2.277345e-99
-1.883589e-99
-1.557790e-99
-1.288242e-99
-1.065250e-99
-8.807881e-100
-7.282104e-100
-6.020158e-100
-4.976507e-100
-4.113457e-100
-3.399812e-100
-2.809755e-100
-2.321922e-100
-1.918636e-100
-1.585269e-100
-1.309722e-100
-1.081984e-100
-8.937753e-101
-7.382465e-101
-6.097335e-101
-5.035520e-101
-4.158286e-101
-3.433602e-101
-2.834987e-101
-2.340550e-101
-1.932193e-101
-1.594956e-101
-1.316474e-101
-1.086530e-101
-8.966785e-102
-7.399416e-102
-6.105535e-102
-5.037507e-102
-4.155978e-102
-3.428440e-102
-2.828039e-102
-2.332598e-102
-1.923800e-102
-1.586521e-102
-1.308269e-102
-1.078734e-102
-8.893994e-103
-7.332383e-103
-6.044482e-103
-4.982401e-103
-4.106614e-103
-3.384502e-103
-2.789146e-103
-2.298335e-103
-1.893744e-103
-1.560252e-103
-1.285386e-103
-1.058860e-103
-8.721851e-104
-7.183641e-104
-5.916246e-104
-4.872070e-104
-4.011865e-104
-3.303276e-104
-2.719625e-104
-2.238921e-104
-1.843038e-104
-1.517034e-104
-1.248596e-104
-1.027577e-104
-8.456143e-105
-6.958185e-105
-5.725128e-105
-4.710208e-105
-3.874901e-105
-3.187475e-105
-2.621795e-105
-2.156334e-105
-1.773369e-105
-1.458304e-105
-1.199119e-105
-9.859214e-106
-8.105652e-106
-6.663452e-106
-5.477422e-106
-4.502137e-106
-3.700215e-106
-3.040891e-106
-2.498851e-106
-2.053267e-106
-1.687004e-106
-1.385966e-106
-1.138557e-106
-9.352383e-107
-7.681670e-107
-6.308914e-107
-5.181067e-107
-4.254509e-107
-3.493376e-107
-2.868183e-107
-2.354691e-107
-1.932978e-107
-1.586665e-107
-1.302295e-107
-1.068806e-107
-8.771107e-108
-7.197397e-108
-5.905574e-108
-4.845230e-108
-3.974956e-108
-3.260738e-108
-2.674638e-108
-2.193714e-108
-1.799121e-108
-1.475389e-108
-1.209813e-108
-9.919636e-109
-8.132775e-109
-6.667261e-109
-5.465398e-109
-4.479833e-109
-3.671702e-109
-3.009114e-109
-2.465901e-109
-2.020590e-109
-1.655565e-109
-1.356376e-109
-1.111168e-109
-9.102165e-110
-7.455478e-110
-6.106212e-110
-5.000736e-110
-4.095072e-110
-3.353165e-110
-2.745452e-110
-2.247701e-110
-1.840046e-110
-1.506207e-110
-1.232838e-110
-1.009005e-110
-8.257453e-111
-6.757166e-111
-5.529026e-111
-4.523748e-111
-3.700955e-111
-3.027574e-111
-2.476518e-111
-2.025601e-111
-1.656654e-111
-1.354801e-111
-1.107859e-111
-9.058567e-112
-7.406278e-112
-6.054889e-112
-4.949690e-112
-4.045903e-112
-3.306881e-112
-2.702634e-112
-2.208623e-112
-1.804769e-112
-1.474645e-112
-1.204810e-112
-9.842732e-113
-8.040411e-113
-6.567597e-113
-5.364143e-113
-4.380865e-113
-3.577545e-113
-2.921298e-113
-2.385242e-113
-1.947397e-113
-1.589799e-113
-1.297764e-113
-1.059290e-113
-8.645684e-114
-7.055856e-114
-5.757921e-114
-4.698371e-114
-3.833492e-114
-3.127573e-114
-2.551444e-114
-2.081278e-114
-1.697618e-114
-1.384572e-114
-1.129163e-114
-9.207960e-115
-7.508200e-115
-6.121726e-115
-4.990886e-115
-4.068618e-115
-3.316515e-115
-2.703228e-115
-2.203174e-115
-1.795481e-115
-1.463115e-115
-1.192179e-115
-9.713382e-116
-7.913434e-116
-6.446517e-116
-5.251108e-116
-4.277031e-116
-3.483369e-116
-2.836758e-116
-2.309993e-116
-1.880895e-116
-1.531385e-116
-1.246722e-116
-1.014894e-116
-8.261088e-117
-6.723873e-117
-5.472268e-117
-4.453290e-117
-3.623766e-117
-2.948526e-117
-2.398918e-117
-1.951604e-117
-1.587572e-117
-1.291341e-117
-1.050301e-117
-8.541863e-118
-6.946355e-118
-5.648420e-118
-4.592643e-118
-3.733911e-118
-3.035505e-118
-2.467536e-118
-2.005681e-118
-1.630143e-118
-1.324815e-118
-1.076590e-118
-8.748049e-119
-7.107841e-119
-5.774705e-119
-4.691239e-119
-3.810755e-119
-3.095281e-119
-2.513939e-119
-2.041621e-119
-1.657911e-119
-1.346210e-119
-1.093025e-119
-8.873870e-120
-7.203800e-120
-5.847577e-120
-4.746307e-120
-3.852134e-120
-3.126170e-120
-2.536818e-120
-2.058410e-120
-1.670090e-120
-1.354920e-120
-1.099140e-120
-8.915758e-121
-7.231510e-121
-5.864964e-121
-4.756280e-121
-3.856870e-121
-3.127292e-121
-2.535522e-121
-2.055568e-121
-1.666335e-121
-1.350698e-121
-1.094762e-121
-8.872518e-122
-7.190179e-122
-5.826372e-122
-4.720874e-122
-3.824830e-122
-3.098615e-122
-2.510087e-122
-2.033178e-122
-1.646751e-122
-1.333662e-122
-1.080015e-122
-8.745385e-123
-7.080989e-123
-5.732903e-123
-4.641099e-123
-3.756927e-123
-3.040958e-123
-2.461238e-123
-1.991877e-123
-1.611896e-123
-1.304299e-123
-1.055317e-123
-8.537968e-124
-6.907035e-124
-5.587203e-124
-4.519213e-124
-3.655080e-124
-2.955947e-124
-2.390353e-124
-1.932827e-124
-1.562751e-124
-1.263433e-124
-1.021363e-124
-8.256076e-125
-6.673182e-125
-5.393341e-125
-4.358614e-125
-3.522124e-125
-2.845945e-125
-2.299398e-125
-1.857664e-125
-1.500673e-125
-1.212190e-125
-9.790857e-126
-7.907450e-126
-6.385838e-126
-5.156618e-126
-4.163683e-126
-3.361678e-126
-2.713939e-126
-2.190836e-126
-1.768419e-126
-1.427336e-126
-1.151948e-126
-9.296191e-127
-7.501411e-127
-6.052664e-127
-4.883327e-127
-3.939587e-127
-3.177980e-127
-2.563406e-127
-2.067518e-127
-1.667427e-127
-1.344652e-127
-1.084273e-127
-8.742449e-128
-7.048443e-128
-5.682232e-128
-4.580473e-128
-3.692049e-128
-2.975707e-128
-2.398162e-128
-1.932558e-128
-1.557228e-128
-1.254693e-128
-1.010854e-128
-8.143386e-129
-6.559750e-129
-5.283664e-129
-4.255482e-129
-3.427109e-129
-2.759770e-129
-2.222201e-129
-1.789203e-129
-1.440461e-129
-1.159602e-129
-9.334305e-130
-7.513128e-130
-6.046794e-130
-4.866260e-130
-3.915895e-130
-3.150884e-130
-2.535126e-130
-2.039540e-130
-1.640705e-130
-1.319759e-130
-1.061510e-130
-8.537279e-131
-6.865631e-131
-5.520864e-131
-4.439145e-131
-3.569088e-131
-2.869332e-131
-2.306588e-131
-1.854065e-131
-1.490203e-131
-1.197655e-131
-9.624617e-132
-7.733943e-132
-6.214184e-132
-4.992670e-132
-4.010951e-132
-3.222014e-132
-2.588053e-132
-2.078665e-132
-1.669405e-132
-1.340616e-132
-1.076497e-132
-8.643443e-133
-6.939472e-133
-5.570982e-133
-4.472010e-133
-3.589545e-133
-2.880990e-133
-2.312116e-133
-1.855424e-133
-1.488821e-133
-1.194558e-133
-9.583804e-134
-7.688368e-134
-6.167313e-134
-4.946791e-134
-3.967498e-134
-3.181819e-134
-2.551526e-134
-2.045927e-134
-1.640386e-134
-1.315126e-134
-1.054276e-134
-8.450983e-135
-6.773695e-135
-5.428873e-135
-4.350703e-135
-3.486381e-135
-2.793546e-135
-2.238219e-135
-1.793143e-135
-1.436458e-135
-1.150632e-135
-9.216070e-136
-7.381094e-136
-5.911005e-136
-4.733339e-136
-3.790003e-136
-3.034430e-136
-2.429295e-136
-1.944685e-136
-1.556624e-136
-1.245902e-136
-9.971254e-137
-7.979603e-137
-6.385258e-137
-5.109063e-137
-4.087612e-137
-3.270121e-137
-2.615915e-137
-2.092421e-137
-1.673556e-137
-1.338434e-137
-1.070334e-137
-8.558691e-138
-6.843228e-138
-5.471172e-138
-4.373866e-138
-3.496360e-138
-2.794682e-138
-2.233646e-138
-1.785098e-138
-1.426512e-138
-1.139867e-138
-9.107495e-139
-7.276277e-139
-5.812797e-139
-4.643300e-139
-3.708805e-139
-2.962149e-139
-2.365622e-139
-1.889077e-139
-1.508410e-139
-1.204356e-139
-9.615152e-140
-7.675788e-140
-6.127107e-140
-4.890504e-140
-3.903169e-140
-3.114920e-140
-2.485661e-140
-1.983365e-140
-1.582447e-140
-1.262471e-140
-1.007115e-140
-8.033455e-141
-6.407541e-141
-5.110297e-141
-4.075365e-141
-3.249769e-141
-2.591219e-141
-2.065958e-141
-1.647041e-141
-1.312965e-141
-1.046568e-141
-8.341563e-142
-6.648031e-142
-5.297907e-142
-4.221641e-142
-3.363751e-142
-2.679983e-142
-2.135040e-142
-1.700770e-142
-1.354724e-142
-1.079001e-142
-8.593265e-143
-6.843218e-143
-5.449144e-143
-4.338721e-143
-3.454307e-143
-2.749956e-143
-2.189053e-143
-1.742418e-143
-1.386801e-143
-1.103676e-143
-8.782835e-144
-6.988653e-144
-5.560552e-144
-4.423927e-144
-3.519360e-144
-2.799530e-144
-2.226754e-144
-1.771026e-144
-1.408456e-144
-1.120024e-144
-8.905883e-145
-7.080964e-145
-5.629546e-145
-4.475278e-145
-3.557397e-145
-2.827550e-145
-2.247263e-145
-1.785925e-145
-1.419182e-145
-1.127662e-145
-8.959528e-146
-7.117985e-146
-5.654505e-146
-4.491567e-146
-3.567523e-146
-2.833357e-146
-2.250099e-146
-1.786765e-146
-1.418728e-146
-1.126409e-146
-8.942502e-147
-7.098843e-147
-5.634842e-147
-4.472410e-147
-3.549499e-147
-2.816814e-147
-2.235193e-147
-1.773526e-147
-1.407102e-147
-1.116296e-147
-8.855210e-148
-7.023992e-148
-5.571021e-148
-4.418259e-148
-3.503751e-148
-2.778312e-148
-2.202898e-148
-1.746520e-148
-1.384581e-148
-1.097561e-148
-8.699707e-149
-6.895192e-149
-5.464541e-149
-4.330387e-149
-3.431353e-149
-2.718753e-149
-2.153970e-149
-1.706379e-149
-1.351689e-149
-1.070641e-149
-8.479619e-150
-6.715442e-150
-5.317881e-150
-4.210835e-150
-3.333984e-150
-2.639517e-150
-2.089542e-150
-1.654030e-150
-1.309186e-150
-1.036155e-150
-8.200003e-151
-6.488868e-151
-5.134397e-151
-4.062335e-151
-3.213865e-151
-2.542407e-151
-2.011075e-151
-1.590659e-151
-1.258032e-151
-9.948827e-152
-7.867155e-152
-6.220556e-152
-4.918202e-152
-3.888205e-152
-3.073673e-152
-2.429584e-152
-1.920311e-152
-1.517669e-152
-1.199356e-152
-9.477309e-153
-7.488373e-153
-5.916373e-153
-4.674007e-153
-3.692230e-153
-2.916446e-153
-2.303481e-153
-1.819202e-153
-1.436624e-153
-1.134412e-153
-8.957035e-154
-7.071692e-154
-5.582748e-154
-4.406953e-154
-3.478520e-154
-2.745467e-154
-2.166724e-154
-1.709844e-154
-1.349197e-154
-1.064534e-154
-8.398652e-155
-6.625601e-155
-5.226448e-155
-4.122433e-155
-3.251369e-155
-2.564157e-155
-2.022034e-155
-1.594403e-155
-1.257111e-155
-9.910931e-156
-7.813058e-156
-6.158761e-156
-4.854353e-156
-3.825912e-156
-3.015117e-156
-2.375960e-156
-1.872146e-156
-1.475047e-156
-1.162085e-156
-9.154518e-157
-7.211054e-157
-5.679729e-157
-4.473240e-157
-3.522755e-157
-2.774012e-157
-2.184238e-157
-1.719718e-157
-1.353879e-157
-1.065782e-157
-8.389242e-158
-6.603020e-158
-5.196706e-158
-4.089586e-158
-3.218075e-158
-2.532087e-158
-1.992172e-158
-1.567259e-158
-1.232878e-158
-9.697625e-159
-7.627395e-159
-5.998639e-159
-4.717315e-159
-3.709392e-159
-2.916595e-159
-2.293059e-159
-1.802686e-159
-1.417068e-159
-1.113850e-159
-8.754443e-160
-6.880119e-160
-5.406660e-160
-4.248424e-160
-3.338046e-160
-2.622542e-160
-2.060242e-160
-1.618377e-160
-1.271179e-160
-9.983884e-161
-7.840756e-161
-6.157182e-161
-4.834725e-161
-3.796009e-161
-2.980220e-161
-2.339564e-161
-1.836485e-161
-1.441470e-161
-1.131330e-161
-8.878480e-162
-6.967126e-162
-5.466815e-162
-4.289244e-162
-3.365060e-162
-2.639797e-162
-2.070684e-162
-1.624138e-162
-1.273790e-162
-9.989369e-163
-7.833288e-163
-6.142084e-163
-4.815630e-163
-3.775341e-163
-2.959544e-163
-2.319846e-163
-1.818274e-163
-1.425033e-163
-1.116751e-163
-8.750911e-164
-6.856712e-164
-5.372102e-164
-4.208606e-164
-3.296840e-164
-2.582398e-164
-2.022620e-164
-1.584057e-164
-1.240490e-164
-9.713622e-165
-7.605624e-165
-5.954622e-165
-4.661645e-165
-3.649134e-165
-2.856315e-165
-2.235569e-165
-1.749588e-165
-1.369144e-165
-1.071342e-165
-8.382482e-166
-6.558174e-166
-5.130490e-166
-4.013290e-166
-3.139119e-166
-2.455165e-166
-1.920080e-166
-1.501494e-166
-1.174069e-166
-9.179715e-167
-7.176794e-167
-5.610447e-167
-4.385610e-167
-3.427901e-167
-2.679121e-167
-2.093736e-167
-1.636127e-167
-1.278433e-167
-9.988601e-168
-7.803635e-168
-6.096139e-168
-4.761880e-168
-3.719356e-168
-2.904843e-168
-2.268523e-168
-1.771452e-168
-1.383189e-168
-1.079938e-168
-8.431061e-169
-6.581595e-169
-5.137428e-169
-4.009830e-169
-3.129478e-169
-2.442213e-169
-1.905727e-169
-1.486975e-169
-1.160145e-169
-9.050789e-170
-7.060352e-170
-5.507214e-170
-4.295396e-170
-3.349963e-170
-2.612418e-170
-2.037093e-170
-1.588345e-170
-1.238353e-170
-9.654051e-171
-7.525589e-171
-5.865932e-171
-4.571927e-171
-3.563093e-171
-2.776647e-171
-2.163615e-171
-1.685795e-171
-1.313395e-171
-1.023179e-171
-7.970279e-172
-6.208134e-172
-4.835199e-172
-3.765592e-172
-2.932363e-172
-2.283326e-172
-1.777804e-172
-1.384094e-172
-1.077489e-172
-8.387366e-173
-6.528361e-173
-5.080990e-173
-3.954197e-173
-3.077045e-173
-2.394281e-173
-1.862867e-173
-1.449287e-173
-1.127438e-173
-8.769939e-174
-6.821284e-174
-5.305195e-174
-4.125744e-174
-3.208255e-174
-2.494601e-174
-1.939541e-174
-1.507865e-174
-1.172173e-174
-9.111431e-175
-7.081857e-175
-5.503936e-175
-4.277256e-175
-3.323708e-175
-2.582534e-175
-2.006481e-175
-1.558797e-175
-1.210904e-175
-9.405798e-176
-7.305454e-176
-5.673675e-176
-4.406029e-176
-3.421337e-176
-2.656502e-176
-2.062481e-176
-1.601163e-176
-1.242930e-176
-9.647699e-177
-7.488008e-177
-5.811317e-177
-4.509708e-177
-3.499355e-177
-2.715146e-177
-2.106513e-177
-1.634183e-177
-1.267661e-177
-9.832657e-178
-7.626134e-178
-5.914305e-178
-4.586365e-178
-3.556306e-178
-2.757372e-178
-2.137752e-178
-1.657238e-178
-1.284630e-178
-9.957197e-179
-7.717234e-179
-5.980699e-179
-4.634553e-179
-3.591116e-179
-2.782382e-179
-2.155607e-179
-1.669891e-179
-1.293518e-179
-1.001895e-179
-7.759576e-180
-6.009236e-180
-4.653355e-180
-3.603121e-180
-2.789697e-180
-2.159738e-180
-1.671901e-180
-1.294154e-180
-1.001675e-180
-7.752351e-181
-5.999371e-181
-4.642412e-181
-3.592091e-181
-2.779179e-181
-2.150065e-181
-1.663229e-181
-1.286526e-181
-9.950626e-182
-7.695698e-182
-5.951293e-182
-4.601933e-182
-3.558238e-182
-2.751029e-182
-2.126773e-182
-1.644042e-182
-1.270779e-182
-9.821846e-183
-7.590699e-183
-5.865919e-183
-4.532691e-183
-3.502206e-183
-2.705784e-183
-2.090307e-183
-1.614703e-183
-1.247214e-183
-9.632855e-184
-7.439345e-184
-5.744868e-184
-4.435995e-184
-3.425056e-184
-2.644296e-184
-2.041353e-184
-1.575766e-184
-1.216273e-184
-9.387201e-185
-7.244473e-185
-5.590404e-185
-4.313653e-185
-3.328227e-185
-2.567712e-185
-1.980821e-185
-1.527953e-185
-1.178529e-185
-9.089425e-186
-7.009679e-186
-5.405371e-186
-4.167912e-186
-3.213492e-186
-2.477432e-186
-1.909817e-186
-1.472134e-186
-1.134668e-186
-8.744922e-187
-6.739205e-187
-5.193105e-187
-4.001393e-187
-3.082910e-187
-2.375070e-187
-1.829605e-187
-1.409302e-187
-1.085467e-187
-8.359777e-188
-6.437815e-188
-4.957331e-188
-3.817007e-188
-2.938758e-188
-2.262404e-188
-1.741576e-188
-1.340541e-188
-1.031772e-188
-7.940589e-189
-6.110652e-189
-4.702058e-189
-3.617880e-189
-2.783466e-189
-2.141329e-189
-1.647201e-189
-1.266996e-189
-9.744731e-190
-7.494282e-190
-5.763096e-190
-4.431465e-190
-3.407254e-190
-2.619554e-190
-2.013798e-190
-1.547997e-190
-1.189844e-190
-9.144826e-191
-7.027917e-191
-5.400618e-191
-4.149789e-191
-3.188411e-191
-2.449560e-191
-1.881775e-191
-1.445483e-191
-1.110258e-191
-8.527080e-192
-6.548511e-192
-5.028639e-192
-3.861215e-192
-2.964581e-192
-2.275979e-192
-1.747184e-192
-1.341143e-192
-1.029383e-192
-7.900317e-193
-6.062863e-193
-4.652397e-193
-3.569779e-193
-2.738871e-193
-2.101201e-193
-1.611867e-193
-1.236393e-193
-9.483080e-194
-7.272908e-194
-5.577407e-194
-4.276834e-194
-3.279276e-194
-2.514197e-194
-1.927464e-194
-1.477539e-194
-1.132550e-194
-8.680431e-195
-6.652593e-195
-5.098076e-195
-3.906496e-195
-2.993188e-195
-2.293224e-195
-1.756809e-195
-1.345762e-195
-1.030807e-195
-7.895008e-196
-6.046350e-196
-4.630199e-196
-3.545453e-196
-2.714623e-196
-2.078322e-196
-1.591043e-196
-1.217914e-196
-9.322172e-197
-7.134823e-197
-5.460280e-197
-4.178423e-197
-3.197242e-197
-2.446269e-197
-1.871538e-197
-1.431722e-197
-1.095178e-197
-8.376761e-198
-6.406683e-198
-4.899548e-198
-3.746662e-198
-2.864829e-198
-2.190375e-198
-1.674573e-198
-1.280133e-198
-9.785252e-199
-7.479189e-199
-5.716138e-199
-4.368341e-199
-3.338075e-199
-2.550594e-199
-1.948732e-199
-1.488774e-199
-1.137289e-199
-8.687180e-200
-6.635175e-200
-5.067475e-200
-3.869871e-200
-2.955065e-200
-2.256334e-200
-1.722683e-200
-1.315143e-200
-1.003936e-200
-7.663111e-201
-5.848840e-201
-4.463751e-201
-3.406402e-201
-2.599307e-201
-1.983284e-201
-1.513136e-201
-1.154347e-201
-8.805638e-202
-6.716621e-202
-5.122789e-202
-3.906860e-202
-2.979304e-202
-2.271787e-202
-1.732152e-202
-1.320596e-202
-1.006745e-202
-7.674233e-203
-5.849464e-203
-4.458233e-203
-3.397623e-203
-2.589126e-203
-1.972863e-203
-1.503164e-203
-1.145200e-203
-8.724132e-204
-6.645515e-204
-5.061751e-204
-3.855126e-204
-2.935905e-204
-2.235688e-204
-1.702339e-204
-1.296124e-204
-9.867623e-205
-7.511806e-205
-5.717970e-205
-4.352162e-205
-3.312332e-205
-2.520742e-205
-1.918176e-205
-1.459535e-205
-1.110468e-205
-8.448179e-206
-6.426670e-206
-4.888488e-206
-3.718166e-206
-2.827800e-206
-2.150474e-206
-1.635255e-206
-1.243376e-206
-9.453334e-207
-7.186762e-207
-5.463201e-207
-4.152664e-207
-3.156255e-207
-2.398739e-207
-1.822887e-207
-1.385167e-207
-1.052471e-207
-7.996200e-208
-6.074674e-208
-4.614535e-208
-3.505086e-208
-2.662165e-208
-2.021794e-208
-1.535340e-208
-1.165838e-208
-8.851912e-209
-6.720504e-209
-5.101903e-209
-3.872829e-209
-2.939612e-209
-2.231092e-209
-1.693209e-209
-1.284900e-209
-9.749755e-210
-7.397480e-210
-5.612283e-210
-4.257563e-210
-3.229596e-210
-2.449633e-210
-1.857888e-210
-1.408976e-210
-1.068448e-210
-8.101566e-211
-6.142570e-211
-4.656901e-211
-3.530283e-211
-2.676010e-211
-2.028297e-211
-1.537238e-211
-1.164974e-211
-8.827897e-212
-6.689040e-212
-5.067994e-212
-3.839494e-212
-2.908557e-212
-2.203164e-212
-1.668714e-212
-1.263812e-212
-9.570810e-213
-7.247374e-213
-5.487548e-213
-4.154719e-213
-3.145362e-213
-2.381032e-213
-1.802294e-213
-1.364117e-213
-1.032389e-213
-7.812691e-214
-5.911854e-214
-4.473139e-214
-3.384284e-214
-2.560276e-214
-1.936746e-214
-1.464954e-214
-1.108003e-214
-8.379611e-215
-6.336834e-215
-4.791665e-215
-3.622982e-215
-2.739124e-215
-2.070727e-215
-1.565307e-215
-1.183156e-215
-8.942321e-216
-6.758092e-216
-5.106973e-216
-3.858947e-216
-2.915679e-216
-2.202806e-216
-1.664096e-216
-1.257032e-216
-9.494669e-217
-7.170989e-217
-5.415568e-217
-4.089541e-217
-3.087954e-217
-2.331486e-217
-1.760193e-217
-1.328782e-217
-1.003027e-217
-7.570722e-218
-5.713834e-218
-4.312048e-218
-3.253908e-218
-2.455232e-218
-1.852446e-218
-1.397540e-218
-1.054262e-218
-7.952409e-219
-5.998110e-219
-4.523721e-219
-3.411480e-219
-2.572501e-219
-1.939698e-219
-1.462440e-219
-1.102524e-219
-8.311193e-220
-6.264761e-220
-4.721840e-220
-3.558637e-220
-2.681772e-220
-2.020811e-220
-1.522633e-220
-1.147177e-220
-8.642338e-221
-6.510252e-221
-4.903769e-221
-3.693413e-221
-2.781579e-221
-2.094694e-221
-1.577305e-221
-1.187616e-221
-8.941336e-222
-6.731228e-222
-5.067012e-222
-3.813952e-222
-2.870544e-222
-2.160324e-222
-1.625695e-222
-1.223278e-222
-9.204004e-223
-6.924591e-223
-5.209274e-223
-3.918554e-223
-2.947408e-223
-2.216768e-223
-1.667117e-223
-1.253653e-223
-9.426587e-224
-7.087568e-224
-5.328509e-224
-4.005712e-224
-3.011061e-224
-2.263211e-224
-1.700968e-224
-1.278301e-224
-9.605842e-225
-7.217780e-225
-5.422973e-225
-4.074150e-225
-3.060569e-225
-2.298969e-225
-1.726750e-225
-1.296856e-225
-9.739120e-226
-7.313298e-226
-5.491267e-226
-4.122849e-226
-3.095195e-226
-2.323509e-226
-1.744080e-226
-1.309043e-226
-9.824427e-227
-7.372694e-227
-5.532366e-227
-4.151081e-227
-3.114421e-227
-2.336463e-227
-1.752695e-227
-1.314678e-227
-9.860481e-228
-7.395074e-228
-5.545652e-228
-4.158420e-228
-3.117954e-228
-2.337636e-228
-1.752466e-228
-1.313676e-228
-9.846736e-229
-7.380097e-229
-5.530923e-229
-4.144754e-229
-3.105744e-229
-2.327009e-229
-1.743397e-229
-1.306051e-229
-9.783399e-230
-7.327992e-230
-5.488402e-230
-4.110290e-230
-3.077973e-230
-2.304744e-230
-1.725625e-230
-1.291920e-230
-9.671428e-231
-7.239545e-231
-5.418731e-231
-4.055548e-231
-3.035060e-231
-2.271175e-231
-1.699416e-231
-1.271494e-231
-9.512503e-232
-7.116081e-232
-5.322953e-232
-3.981347e-232
-2.977646e-232
-2.226804e-232
-1.665162e-232
-1.245078e-232
-9.308985e-233
-6.959432e-233
-5.202487e-233
-3.888784e-233
-2.906580e-233
-2.172284e-233
-1.623366e-233
-1.213059e-233
-9.063860e-234
-6.771894e-234
-5.059094e-234
-3.779210e-234
-2.822896e-234
-2.108407e-234
-1.574635e-234
-1.175901e-234
-8.780666e-235
-6.556164e-235
-4.894832e-235
-3.654193e-235
-2.727790e-235
-2.036085e-235
-1.519661e-235
-1.134131e-235
-8.463405e-236
-6.315284e-236
-4.712011e-236
-3.515486e-236
-2.622589e-236
-1.956324e-236
-1.459207e-236
-1.088325e-236
-8.116451e-237
-6.052563e-237
-4.513134e-237
-3.364982e-237
-2.508724e-237
-1.870203e-237
-1.394089e-237
-1.039101e-237
-7.744450e-238
-5.771507e-238
-4.300842e-238
-3.204671e-238
-2.387696e-238
-1.778854e-238
-1.325157e-238
-9.870975e-239
-7.352219e-239
-5.475735e-239
-4.077859e-239
-3.036600e-239
-2.261042e-239
-1.683431e-239
-1.253279e-239
-9.329662e-240
-6.944639e-240
-5.168912e-240
-3.846930e-240
-2.862827e-240
-2.130304e-240
-1.585089e-240
-1.179320e-240
-8.773546e-241
-6.526560e-241
-4.854665e-241
-3.610770e-241
-2.685382e-241
-1.997000e-241
-1.484963e-241
-1.104127e-241
-8.208954e-242
-6.102706e-242
-4.536519e-242
-3.372009e-242
-2.506227e-242
-1.862592e-242
-1.384143e-242
-1.028512e-242
-7.641945e-243
-5.677590e-243
-4.217837e-243
-3.133150e-243
-2.327225e-243
-1.728467e-243
-1.283659e-243
-9.532431e-244
-7.078211e-244
-5.255439e-244
-3.901757e-244
-2.896523e-244
-2.150105e-244
-1.595908e-244
-1.184464e-244
-8.790251e-245
-6.522987e-245
-4.840135e-245
-3.591154e-245
-2.664258e-245
-1.976443e-245
-1.466081e-245
-1.087420e-245
-8.064962e-246
-5.980989e-246
-4.435161e-246
-3.288603e-246
-2.438255e-246
-1.807642e-246
-1.340021e-246
-9.932907e-247
-7.362187e-247
-5.456359e-247
-4.043568e-247
-2.996348e-247
-2.220166e-247
-1.644918e-247
-1.218621e-247
-9.027322e-248
-6.686746e-248
-4.952636e-248
-3.667952e-248
-2.716292e-248
-2.011385e-248
-1.489290e-248
-1.102629e-248
-8.162910e-249
-6.042634e-249
-4.472736e-249
-3.310442e-249
-2.449990e-249
-1.813044e-249
-1.341585e-249
-9.926439e-250
-7.344032e-250
-5.433020e-250
-4.018960e-250
-2.972705e-250
-2.198648e-250
-1.626017e-250
-1.202431e-250
-8.891214e-251
-6.573968e-251
-4.860263e-251
-3.593003e-251
-2.655958e-251
-1.963136e-251
-1.450926e-251
-1.072274e-251
-7.923776e-252
-5.854963e-252
-4.325953e-252
-3.195987e-252
-2.360990e-252
-1.744009e-252
-1.288158e-252
-9.513824e-253
-7.025978e-253
-5.188290e-253
-3.830957e-253
-2.828499e-253
-2.088192e-253
-1.541525e-253
-1.137880e-253
-8.398618e-254
-6.198477e-254
-4.574333e-254
-3.375486e-254
-2.490637e-254
-1.837597e-254
-1.355676e-254
-1.000063e-254
-7.376733e-255
-5.440849e-255
-4.012684e-255
-2.959163e-255
-2.182069e-255
-1.608918e-255
-1.186219e-255
-8.745034e-256
-6.446498e-256
-4.751732e-256
-3.502238e-256
-2.581101e-256
-1.902086e-256
-1.401590e-256
-1.032707e-256
-7.608506e-257
-5.605149e-257
-4.128960e-257
-3.041304e-257
-2.239983e-257
-1.649663e-257
-1.214818e-257
-8.945266e-258
-6.586290e-258
-4.849021e-258
-3.569711e-258
-2.627711e-258
-1.934140e-258
-1.423521e-258
-1.047624e-258
-7.709263e-259
-5.672648e-259
-4.173732e-259
-3.070640e-259
-2.258910e-259
-1.661631e-259
-1.222183e-259
-8.988830e-260
-6.610525e-260
-4.861098e-260
-3.574362e-260
-2.628018e-260
-1.932075e-260
-1.420316e-260
-1.044027e-260
-7.673693e-261
-5.639787e-261
-4.144638e-261
-3.045623e-261
-2.237852e-261
-1.644191e-261
-1.207922e-261
-8.873425e-262
-6.517924e-262
-4.787325e-262
-3.515947e-262
-2.582007e-262
-1.895999e-262
-1.392145e-262
-1.022107e-262
-7.503680e-263
-5.508302e-263
-4.043215e-263
-2.967575e-263
-2.177921e-263
-1.598263e-263
-1.172790e-263
-8.605134e-264
-6.313364e-264
-4.631586e-264
-3.397538e-264
-2.492095e-264
-1.827808e-264
-1.340485e-264
-9.830133e-265
-7.208126e-265
-5.285074e-265
-3.874765e-265
-2.840569e-265
-2.082241e-265
-1.526239e-265
-1.118612e-265
-8.197894e-266
-6.007458e-266
-4.401947e-266
-3.225259e-266
-2.362926e-266
-1.731017e-266
-1.267997e-266
-9.287538e-267
-6.802190e-267
-4.981529e-267
-3.647894e-267
-2.671084e-267
-1.955683e-267
-1.431776e-267
-1.048135e-267
-7.672295e-268
-5.615636e-268
-4.109966e-268
-3.007761e-268
-2.200969e-268
-1.610461e-268
-1.178291e-268
-8.620256e-269
-6.305994e-269
-4.612673e-269
-3.373785e-269
-2.467448e-269
-1.804447e-269
-1.319489e-269
-9.647914e-270
-7.053857e-270
-5.156862e-270
-3.769728e-270
-2.755499e-270
-2.013985e-270
-1.471898e-270
-1.075636e-270
-7.859920e-271
-5.742973e-271
-4.195861e-271
-3.065287e-271
-2.239169e-271
-1.635566e-271
-1.194580e-271
-8.724248e-272
-6.370983e-272
-4.652116e-272
-3.396725e-272
-2.479909e-272
-1.810410e-272
-1.321551e-272
-9.646201e-273
-7.040354e-273
-5.138051e-273
-3.749454e-273
-2.735919e-273
-1.996200e-273
-1.456367e-273
-1.062437e-273
-7.749988e-274
-5.652814e-274
-4.122817e-274
-3.006693e-274
-2.192551e-274
-1.598734e-274
-1.165650e-274
-8.498182e-275
-6.195116e-275
-4.515840e-275
-3.291496e-275
-2.398909e-275
-1.748236e-275
-1.273948e-275
-9.282595e-276
-6.763206e-276
-4.927215e-276
-3.589352e-276
-2.614546e-276
-1.904330e-276
-1.386928e-276
-1.010023e-276
-7.354857e-277
-5.355289e-277
-3.899036e-277
-2.838555e-277
-2.066346e-277
-1.504092e-277
-1.094741e-277
-7.967357e-278
-5.798061e-278
-4.219072e-278
-3.069847e-278
-2.233481e-278
-1.624850e-278
-1.181980e-278
-8.597512e-279
-6.253182e-279
-4.547733e-279
-3.307155e-279
-2.404805e-279
-1.748521e-279
-1.271240e-279
-9.241656e-280
-6.717966e-280
-4.883054e-280
-3.549040e-280
-2.579265e-280
-1.874333e-280
-1.361956e-280
-9.895671e-281
-7.189406e-281
-5.222837e-281
-3.793898e-281
-2.755691e-281
-2.001433e-281
-1.453507e-281
-1.055502e-281
-7.664198e-282
-5.564677e-282
-4.039977e-282
-2.932807e-282
-2.128893e-282
-1.545218e-282
-1.121480e-282
-8.138772e-283
-5.905979e-283
-4.285393e-283
-3.109246e-283
-2.255720e-283
-1.636368e-283
-1.186977e-283
-8.609333e-284
-6.243992e-284
-4.528150e-284
-3.283560e-284
-2.380866e-284
-1.726197e-284
-1.251445e-284
-9.071908e-285
-6.575840e-285
-4.766170e-285
-3.454248e-285
-2.503244e-285
-1.813921e-285
-1.314315e-285
-9.522395e-286
-6.898563e-286
-4.997314e-286
-3.619766e-286
-2.621742e-286
-1.898738e-286
-1.375010e-286
-9.956629e-287
-7.209157e-287
-5.219421e-287
-3.778556e-287
-2.735238e-287
-1.979840e-287
-1.432949e-287
-1.037043e-287
-7.504622e-288
-5.430333e-288
-3.929070e-288
-2.842620e-288
-2.056428e-288
-1.487558e-288
-1.075970e-288
-7.782009e-289
-5.627936e-289
-4.069792e-289
-2.942802e-289
-2.127725e-289
-1.538281e-289
-1.112043e-289
-8.038464e-290
-5.810190e-290
-4.199264e-290
-3.034742e-290
-2.192987e-290
-1.584587e-290
-1.144884e-290
-8.271285e-291
-5.975166e-291
-4.316111e-291
-3.117461e-291
-2.251516e-291
-1.625979e-291
-1.174141e-291
-8.477960e-292
-6.121081e-292
-4.419067e-292
-3.190059e-292
-2.302675e-292
-1.662004e-292
-1.199492e-292
-8.656219e-293
-6.246329e-293
-4.506995e-293
-3.251734e-293
-2.345896e-293
-1.692264e-293
-1.220655e-293
-8.804074e-294
-6.349508e-294
-4.578910e-294
-3.301793e-294
-2.380692e-294
-1.716415e-294
-1.237392e-294
-8.919852e-295
-6.429449e-295
-4.633996e-295
-3.339667e-295
-2.406669e-295
-1.734184e-295
-1.249510e-295
-9.002230e-296
-6.485240e-296
-4.671622e-296
-3.364922e-296
-2.423528e-296
-1.745367e-296
-1.256872e-296
-9.050261e-297
-6.516237e-297
-4.691355e-297
-3.377267e-297
-2.431074e-297
-1.749833e-297
-1.259392e-297
-9.063390e-298
-6.522081e-298
-4.692966e-298
-3.376559e-298
-2.429220e-298
-1.747532e-298
-1.257040e-298
-9.041464e-299
-6.502705e-299
-4.676437e-299
-3.362806e-299
-2.417988e-299
-1.738490e-299
-1.249844e-299
-8.984737e-300
-6.458334e-300
-4.641959e-300
-3.336167e-300
-2.397507e-300
-1.722812e-300
-1.237888e-300
-8.893865e-301
-6.389479e-301
-4.589930e-301
-3.296950e-301
-2.368014e-301
-1.700677e-301
-1.221308e-301
-8.769893e-302
-6.296932e-302
-4.520947e-302
-3.245603e-302
-2.329846e-302
-1.672340e-302
-1.200294e-302
-8.614232e-303
-6.181745e-303
-4.435793e-303
-3.182710e-303
-2.283435e-303
-1.638121e-303
-1.175084e-303
-8.428639e-304
-6.045215e-304
-4.335425e-304
-3.108976e-304
-2.229301e-304
-1.598401e-304
-1.145957e-304
-8.215176e-305
-5.888856e-305
-4.220955e-305
-3.025214e-305
-2.168040e-305
-1.553618e-305
-1.113234e-305
-7.976178e-306
-5.714375e-306
-4.093627e-306
-2.932335e-306
-2.100315e-306
-1.504254e-306
-1.077267e-306
-7.714209e-307
-5.523636e-307
-3.954799e-307
-2.831323e-307
-2.026844e-307
-1.450830e-307
-1.038434e-307
-7.432014e-308
-5.318633e-308
-3.805916e-308
-2.723228e-308
-1.948384e-308
-1.393897e-308
-9.971320e-309
-7.132475e-309
-5.101449e-309
-3.648484e-309
-2.609138e-309
-1.865724e-309
-1.334023e-309
-9.537733e-310
-6.818558e-310
-4.874226e-310
-3.484050e-310
-2.490169e-310
-1.779668e-310
-1.271788e-310
-9.087748e-311
-6.493270e-311
-4.639128e-311
-3.314171e-311
-2.367441e-311
-1.691021e-311
-1.207771e-311
-8.625533e-312
-6.159606e-312
-4.398308e-312
-3.140393e-312
-2.242064e-312
-1.600581e-312
-1.142545e-312
-8.155193e-313
-5.820510e-313
-4.153875e-313
-2.964228e-313
-2.115122e-313
-1.509124e-313
-1.076664e-313
-7.680705e-314
-5.478828e-314
-3.907869e-314
-2.787134e-314
-1.987657e-314
-1.417395e-314
-1.010662e-314
-7.205873e-315
-5.137277e-315
-3.662225e-315
-2.610495e-315
-1.860657e-315
-1.326097e-315
-9.450400e-316
-6.734273e-316
-4.798405e-316
-3.418761e-316
-2.435602e-316
-1.735040e-316
-1.235886e-316
-8.802646e-317
-6.269219e-317
-4.464568e-317
-3.179148e-317
-2.263647e-317
-1.611650e-317
-1.147361e-317
-8.167597e-318
-5.813750e-318
-4.137933e-318
-2.944888e-318
-2.095678e-318
-1.491263e-318
-1.061031e-318
-7.549076e-319
-5.370543e-319
-3.820461e-319
-2.717361e-319
-1.932439e-319
-1.374244e-319
-9.774595e-320
-6.951010e-320
-4.940656e-320
-3.515277e-320
-2.497008e-320
-1.777648e-320
-1.261844e-320
-8.987054e-321
-6.373447e-321
-4.525641e-321
-3.191664e-321
-2.297405e-321
-1.595832e-321
-1.151173e-321
-8.300303e-322
-5.731161e-322
-3.853712e-322
-3.211427e-322
-1.926856e-322
-1.284571e-322
-1.284571e-322
-6.422853e-323
-6.422853e-323
-6.422853e-323
-0.000000e+00
-0.000000e+00
-0.000000e+00
-0.000000e+00
-0.000000e+00
-0.000000e+00
-0.000000e+00
-0.000000e+00
-0.000000e+00
-0.000000e+00
-0.000000e+00
-0.000000e+00
-0.000000e+00
-0.000000e+00
-0.000000e+00
-0.000000e+00
-0.000000e+00
-0.000000e+00
-0.000000e+00
-0.000000e+00
-0.000000e+00
-0.000000e+00
-0.000000e+00
-0.000000e+00
-0.000000e+00
-0.000000e+00
-0.000000e+00
-0.000000e+00
-0.000000e+00
-0.000000e+00
-0.000000e+00
-0.000000e+00
-0.000000e+00
-0.000000e+00
-0.000000e+00
-0.000000e+00
-0.000000e+00
-0.000000e+00
-0.000000e+00
-0.000000e+00
-0.000000e+00
-0.000000e+00
-0.000000e+00
-0.000000e+00
-0.000000e+00
-0.000000e+00
-0.000000e+00
-0.000000e+00
-0.000000e+00
-0.000000e+00
-0.000000e+00
-0.000000e+00
-0.000000e+00
-0.000000e+00
-0.000000e+00
-0.000000e+00
-0.000000e+00
-0.000000e+00
-0.000000e+00
-0.000000e+00
-0.000000e+00
-0.000000e+00
-0.000000e+00
-0.000000e+00
-0.000000e+00
-0.000000e+00
-0.000000e+00
-0.000000e+00
-0.000000e+00
-0.000000e+00
-0.000000e+00
-0.000000e+00
-0.000000e+00
-0.000000e+00
-0.000000e+00
-0.000000e+00
-0.000000e+00
-0.000000e+00
-0.000000e+00
-0.000000e+00
-0.000000e+00
-0.000000e+00
-0.000000e+00
-0.000000e+00
-0.000000e+00
-0.000000e+00
-0.000000e+00
-0.000000e+00
-0.000000e+00
-0.000000e+00
-0.000000e+00
-0.000000e+00
-0.000000e+00
-0.000000e+00
-0.000000e+00
-0.000000e+00
-0.000000e+00
-0.000000e+00
-0.000000e+00
-0.000000e+00
-0.000000e+00
-0.000000e+00
-0.000000e+00
-0.000000e+00
-0.000000e+00
-0.000000e+00
-0.000000e+00
-0.000000e+00
-0.000000e+00
-0.000000e+00
-0.000000e+00
-0.000000e+00
-0.000000e+00
-0.000000e+00
-0.000000e+00
-0.000000e+00
-0.000000e+00
-0.000000e+00
-0.000000e+00
-0.000000e+00
-0.000000e+00
-0.000000e+00
-0.000000e+00
-0.000000e+00
-0.000000e+00
-0.000000e+00
-0.000000e+00
-0.000000e+00
-0.000000e+00
-0.000000e+00
-0.000000e+00
-0.000000e+00
-0.000000e+00
-0.000000e+00
-0.000000e+00
-0.000000e+00
-0.000000e+00
-0.000000e+00
-0.000000e+00
-0.000000e+00
-0.000000e+00
-0.000000e+00
-0.000000e+00
-0.000000e+00
-0.000000e+00
-0.000000e+00
-0.000000e+00
-0.000000e+00
-0.000000e+00
-0.000000e+00
-0.000000e+00
-0.000000e+00
-0.000000e+00
-0.000000e+00
-0.000000e+00
-0.000000e+00
-0.000000e+00
-0.000000e+00
-0.000000e+00
-0.000000e+00
-0.000000e+00
-0.000000e+00
-0.000000e+00
-0.000000e+00
-0.000000e+00
-0.000000e+00
-0.000000e+00
-0.000000e+00
-0.000000e+00
-0.000000e+00
-0.000000e+00
-0.000000e+00
-0.000000e+00
-0.000000e+00
-0.000000e+00
-0.000000e+00
-0.000000e+00
-0.000000e+00
-0.000000e+00
-0.000000e+00
-0.000000e+00
-0.000000e+00
-0.000000e+00
-0.000000e+00
-0.000000e+00
-0.000000e+00
-0.000000e+00
-0.000000e+00
-0.000000e+00
-0.000000e+00
-0.000000e+00
-0.000000e+00
-0.000000e+00
-0.000000e+00
-0.000000e+00
-0.000000e+00
-0.000000e+00
-0.000000e+00
-0.000000e+00
-0.000000e+00
-0.000000e+00
-0.000000e+00
-0.000000e+00
-0.000000e+00
-0.000000e+00
-0.000000e+00
-0.000000e+00
-0.000000e+00
-0.000000e+00
-0.000000e+00
-0.000000e+00
-0.000000e+00
-0.000000e+00
-0.000000e+00
-0.000000e+00
-0.000000e+00
-0.000000e+00
-0.000000e+00
-0.000000e+00
-0.000000e+00
-0.000000e+00
-0.000000e+00
-0.000000e+00
-0.000000e+00
-0.000000e+00
-0.000000e+00
-0.000000e+00
-0.000000e+00
-0.000000e+00
-0.000000e+00
-0.000000e+00
-0.000000e+00
-0.000000e+00
-0.000000e+00
-0.000000e+00
-0.000000e+00
-0.000000e+00
-0.000000e+00
-0.000000e+00
-0.000000e+00
-0.000000e+00
-0.000000e+00
-0.000000e+00
-0.000000e+00
-0.000000e+00
-0.000000e+00
-0.000000e+00
-0.000000e+00
-0.000000e+00
-0.000000e+00
-0.000000e+00
-0.000000e+00
-0.000000e+00
-0.000000e+00
-0.000000e+00
-0.000000e+00
-0.000000e+00
-0.000000e+00
-0.000000e+00
-0.000000e+00
-0.000000e+00
-0.000000e+00
-0.000000e+00
-0.000000e+00
-0.000000e+00
-0.000000e+00
-0.000000e+00
-0.000000e+00
-0.000000e+00
-0.000000e+00
-0.000000e+00
-0.000000e+00
-0.000000e+00
-0.000000e+00
-0.000000e+00
-0.000000e+00
-0.000000e+00
-0.000000e+00
-0.000000e+00
-0.000000e+00
-0.000000e+00
-0.000000e+00
-0.000000e+00
-0.000000e+00
-0.000000e+00
-0.000000e+00
-0.000000e+00
-0.000000e+00
-0.000000e+00
-0.000000e+00
-0.000000e+00
-0.000000e+00
-0.000000e+00
-0.000000e+00
-0.000000e+00
-0.000000e+00
-0.000000e+00
-0.000000e+00
-0.000000e+00
-0.000000e+00
-0.000000e+00
-0.000000e+00
-0.000000e+00
-0.000000e+00
-0.000000e+00
-0.000000e+00
-0.000000e+00
-0.000000e+00
-0.000000e+00
-0.000000e+00
-0.000000e+00
-0.000000e+00
-0.000000e+00
-0.000000e+00
-0.000000e+00
-0.000000e+00
-0.000000e+00
-0.000000e+00
-0.000000e+00
-0.000000e+00
-0.000000e+00
-0.000000e+00
-0.000000e+00
-0.000000e+00
-0.000000e+00
-0.000000e+00
-0.000000e+00
-0.000000e+00
-0.000000e+00
-0.000000e+00
-0.000000e+00
-0.000000e+00
-0.000000e+00
-0.000000e+00
-0.000000e+00
-0.000000e+00
-0.000000e+00
-0.000000e+00
-0.000000e+00
-0.000000e+00
-0.000000e+00
-0.000000e+00
-0.000000e+00
-0.000000e+00
-0.000000e+00
-0.000000e+00
-0.000000e+00
-0.000000e+00
-0.000000e+00
-0.000000e+00
-0.000000e+00
-0.000000e+00
-0.000000e+00
-0.000000e+00
-0.000000e+00
-0.000000e+00
-0.000000e+00
-0.000000e+00
-0.000000e+00
-0.000000e+00
-0.000000e+00
-0.000000e+00
-0.000000e+00
-0.000000e+00
-0.000000e+00
-0.000000e+00
-0.000000e+00
-0.000000e+00
-0.000000e+00
-0.000000e+00
-0.000000e+00
-0.000000e+00
-0.000000e+00
-0.000000e+00
-0.000000e+00
-0.000000e+00
-0.000000e+00
-0.000000e+00
-0.000000e+00
-0.000000e+00
-0.000000e+00
-0.000000e+00
-0.000000e+00
-0.000000e+00
-0.000000e+00
-0.000000e+00
-0.000000e+00
-0.000000e+00
-0.000000e+00
-0.000000e+00
-0.000000e+00
-0.000000e+00
-0.000000e+00
-0.000000e+00
-0.000000e+00
-0.000000e+00
-0.000000e+00
-0.000000e+00
-0.000000e+00
-0.000000e+00
-0.000000e+00
-0.000000e+00
-0.000000e+00
-0.000000e+00
-0.000000e+00
-0.000000e+00
-0.000000e+00
-0.000000e+00
-0.000000e+00
-0.000000e+00
-0.000000e+00
-0.000000e+00
-0.000000e+00
-0.000000e+00
-0.000000e+00
-0.000000e+00
-0.000000e+00
-0.000000e+00
-0.000000e+00
-0.000000e+00
-0.000000e+00
-0.000000e+00
-0.000000e+00
-0.000000e+00
-0.000000e+00
-0.000000e+00
-0.000000e+00
-0.000000e+00
-0.000000e+00
-0.000000e+00
-0.000000e+00
-0.000000e+00
-0.000000e+00
-0.000000e+00
-0.000000e+00
-0.000000e+00
-0.000000e+00
-0.000000e+00
-0.000000e+00
-0.000000e+00
-0.000000e+00
-0.000000e+00
-0.000000e+00
-0.000000e+00
-0.000000e+00
-0.000000e+00
-0.000000e+00
-0.000000e+00
-0.000000e+00
-0.000000e+00
-0.000000e+00
-0.000000e+00
-0.000000e+00
-0.000000e+00
-0.000000e+00
-0.000000e+00
-0.000000e+00
-0.000000e+00
-0.000000e+00
-0.000000e+00
-0.000000e+00
-0.000000e+00
-0.000000e+00
-0.000000e+00
-0.000000e+00
-0.000000e+00
-0.000000e+00
-0.000000e+00
-0.000000e+00
-0.000000e+00
-0.000000e+00
-0.000000e+00
-0.000000e+00
-0.000000e+00
-0.000000e+00
-0.000000e+00
-0.000000e+00
-0.000000e+00
-0.000000e+00
-0.000000e+00
-0.000000e+00
-0.000000e+00
-0.000000e+00
-0.000000e+00
-0.000000e+00
-0.000000e+00
-0.000000e+00
-0.000000e+00
-0.000000e+00
-0.000000e+00
-0.000000e+00
-0.000000e+00
-0.000000e+00
-0.000000e+00
-0.000000e+00
-0.000000e+00
-0.000000e+00
-0.000000e+00
-0.000000e+00
-0.000000e+00
-0.000000e+00
-0.000000e+00
-0.000000e+00
-0.000000e+00
-0.000000e+00
-0.000000e+00
-0.000000e+00
-0.000000e+00
-0.000000e+00
-0.000000e+00
-0.000000e+00
-0.000000e+00
-0.000000e+00
-0.000000e+00
-0.000000e+00
-0.000000e+00
-0.000000e+00
-0.000000e+00
-0.000000e+00
-0.000000e+00
-0.000000e+00
-0.000000e+00
-0.000000e+00
-0.000000e+00
-0.000000e+00
-0.000000e+00
-0.000000e+00
-0.000000e+00
-0.000000e+00
-0.000000e+00
-0.000000e+00
-0.000000e+00
-0.000000e+00
-0.000000e+00
-0.000000e+00
-0.000000e+00
-0.000000e+00
-0.000000e+00
-0.000000e+00
-0.000000e+00
-0.000000e+00
-0.000000e+00
-0.000000e+00
-0.000000e+00
-0.000000e+00
-0.000000e+00
-0.000000e+00
-0.000000e+00
-0.000000e+00
-0.000000e+00
-0.000000e+00
-0.000000e+00
-0.000000e+00
-0.000000e+00
-0.000000e+00
-0.000000e+00
-0.000000e+00
-0.000000e+00
-0.000000e+00
-0.000000e+00
-0.000000e+00
-0.000000e+00
-0.000000e+00
-0.000000e+00
-0.000000e+00
-0.000000e+00
-0.000000e+00
-0.000000e+00
-0.000000e+00
-0.000000e+00
-0.000000e+00
-0.000000e+00
-0.000000e+00
-0.000000e+00
-0.000000e+00
-0.000000e+00
-0.000000e+00
-0.000000e+00
-0.000000e+00
-0.000000e+00
-0.000000e+00
-0.000000e+00
-0.000000e+00
-0.000000e+00
-0.000000e+00
-0.000000e+00
-0.000000e+00
-0.000000e+00
-0.000000e+00
-0.000000e+00
-0.000000e+00
-0.000000e+00
-0.000000e+00
-0.000000e+00
-0.000000e+00
-0.000000e+00
-0.000000e+00
-0.000000e+00
-0.000000e+00
-0.000000e+00
-0.000000e+00
-0.000000e+00
-0.000000e+00
-0.000000e+00
-0.000000e+00
-0.000000e+00
-0.000000e+00
-0.000000e+00
-0.000000e+00
-0.000000e+00
-0.000000e+00
-0.000000e+00
-0.000000e+00
-0.000000e+00
-0.000000e+00
-0.000000e+00
-0.000000e+00
-0.000000e+00
-0.000000e+00
-0.000000e+00
-0.000000e+00
-0.000000e+00
-0.000000e+00
-0.000000e+00
-0.000000e+00
-0.000000e+00
-0.000000e+00
-0.000000e+00
-0.000000e+00
-0.000000e+00
-0.000000e+00
-0.000000e+00
-0.000000e+00
-0.000000e+00
-0.000000e+00
-0.000000e+00
-0.000000e+00
-0.000000e+00
-0.000000e+00
-0.000000e+00
-0.000000e+00
-0.000000e+00
-0.000000e+00
-0.000000e+00
-0.000000e+00
-0.000000e+00
-0.000000e+00
-0.000000e+00
-0.000000e+00
-0.000000e+00
-0.000000e+00
-0.000000e+00
-0.000000e+00
-0.000000e+00
-0.000000e+00
-0.000000e+00
-0.000000e+00
-0.000000e+00
-0.000000e+00
-0.000000e+00
-0.000000e+00
-0.000000e+00
-0.000000e+00
-0.000000e+00
-0.000000e+00
-0.000000e+00
-0.000000e+00
-0.000000e+00
-0.000000e+00
-0.000000e+00
-0.000000e+00
-0.000000e+00
-0.000000e+00
-0.000000e+00
-0.000000e+00
-0.000000e+00
-0.000000e+00
-0.000000e+00
-0.000000e+00
-0.000000e+00
-0.000000e+00
-0.000000e+00
-0.000000e+00
-0.000000e+00
-0.000000e+00
-0.000000e+00
-0.000000e+00
-0.000000e+00
-0.000000e+00
-0.000000e+00
-0.000000e+00
-0.000000e+00
-0.000000e+00
-0.000000e+00
-0.000000e+00
-0.000000e+00
-0.000000e+00
-0.000000e+00
-0.000000e+00
-0.000000e+00
-0.000000e+00
-0.000000e+00
-0.000000e+00
-0.000000e+00
-0.000000e+00
-0.000000e+00
-0.000000e+00
-0.000000e+00
-0.000000e+00
-0.000000e+00
-0.000000e+00
-0.000000e+00
-0.000000e+00
-0.000000e+00
-0.000000e+00
-0.000000e+00
-0.000000e+00
-0.000000e+00
-0.000000e+00
-0.000000e+00
-0.000000e+00
-0.000000e+00
-0.000000e+00
-0.000000e+00
-0.000000e+00
-0.000000e+00
-0.000000e+00
-0.000000e+00
-0.000000e+00
-0.000000e+00
-0.000000e+00
-0.000000e+00
-0.000000e+00
-0.000000e+00
-0.000000e+00
-0.000000e+00
-0.000000e+00
-0.000000e+00
-0.000000e+00
-0.000000e+00
-0.000000e+00
-0.000000e+00
-0.000000e+00
-0.000000e+00
-0.000000e+00
-0.000000e+00
-0.000000e+00
-0.000000e+00
-0.000000e+00
-0.000000e+00
-0.000000e+00
-0.000000e+00
-0.000000e+00
-0.000000e+00
-0.000000e+00
-0.000000e+00
-0.000000e+00
-0.000000e+00
-0.000000e+00
-0.000000e+00
-0.000000e+00
-0.000000e+00
-0.000000e+00
-0.000000e+00
-0.000000e+00
-0.000000e+00
-0.000000e+00
-0.000000e+00
-0.000000e+00
-0.000000e+00
-0.000000e+00
-0.000000e+00
-0.000000e+00
-0.000000e+00
-0.000000e+00
-0.000000e+00
-0.000000e+00
-0.000000e+00
-0.000000e+00
-0.000000e+00
-0.000000e+00
-0.000000e+00
-0.000000e+00
-0.000000e+00
-0.000000e+00
-0.000000e+00
-0.000000e+00
-0.000000e+00
-0.000000e+00
-0.000000e+00
-0.000000e+00
-0.000000e+00
-0.000000e+00
-0.000000e+00
-0.000000e+00
-0.000000e+00
-0.000000e+00
-0.000000e+00
-0.000000e+00
-0.000000e+00
-0.000000e+00
-0.000000e+00
-0.000000e+00
-0.000000e+00
-0.000000e+00
-0.000000e+00
-0.000000e+00
-0.000000e+00
-0.000000e+00
-0.000000e+00
-0.000000e+00
-0.000000e+00
-0.000000e+00
-0.000000e+00
-0.000000e+00
-0.000000e+00
-0.000000e+00
-0.000000e+00
-0.000000e+00
-0.000000e+00
-0.000000e+00
-0.000000e+00
-0.000000e+00
-0.000000e+00
-0.000000e+00
-0.000000e+00
-0.000000e+00
-0.000000e+00
-0.000000e+00
-0.000000e+00
-0.000000e+00
-0.000000e+00
-0.000000e+00
-0.000000e+00
-0.000000e+00
-0.000000e+00
-0.000000e+00
-0.000000e+00
-0.000000e+00
-0.000000e+00
-0.000000e+00
-0.000000e+00
-0.000000e+00
-0.000000e+00
-0.000000e+00
-0.000000e+00
-0.000000e+00
-0.000000e+00
-0.000000e+00
-0.000000e+00
-0.000000e+00
-0.000000e+00
-0.000000e+00
-0.000000e+00
-0.000000e+00
-0.000000e+00
-0.000000e+00
-0.000000e+00
-0.000000e+00
-0.000000e+00
-0.000000e+00
-0.000000e+00
-0.000000e+00
-0.000000e+00
-0.000000e+00
-0.000000e+00
-0.000000e+00
-0.000000e+00
-0.000000e+00
-0.000000e+00
-0.000000e+00
-0.000000e+00
-0.000000e+00
-0.000000e+00
-0.000000e+00
-0.000000e+00
-0.000000e+00
-0.000000e+00
-0.000000e+00
-0.000000e+00
-0.000000e+00
-0.000000e+00
-0.000000e+00
-0.000000e+00
-0.000000e+00
-0.000000e+00
-0.000000e+00
-0.000000e+00
-0.000000e+00
-0.000000e+00
-0.000000e+00
-0.000000e+00
-0.000000e+00
-0.000000e+00
-0.000000e+00
-0.000000e+00
-0.000000e+00
-0.000000e+00
-0.000000e+00
-0.000000e+00
-0.000000e+00
-0.000000e+00
-0.000000e+00
-0.000000e+00
-0.000000e+00
-0.000000e+00
-0.000000e+00
-0.000000e+00
-0.000000e+00
-0.000000e+00
-0.000000e+00
-0.000000e+00
-0.000000e+00
-0.000000e+00
-0.000000e+00
-0.000000e+00
-0.000000e+00
-0.000000e+00
-0.000000e+00
-0.000000e+00
-0.000000e+00
-0.000000e+00
-0.000000e+00
-0.000000e+00
-0.000000e+00
-0.000000e+00
-0.000000e+00
-0.000000e+00
-0.000000e+00
-0.000000e+00
-0.000000e+00
-0.000000e+00
-0.000000e+00
-0.000000e+00
-0.000000e+00
-0.000000e+00
-0.000000e+00
-0.000000e+00
-0.000000e+00
-0.000000e+00
-0.000000e+00
-0.000000e+00
-0.000000e+00
-0.000000e+00
-0.000000e+00
-0.000000e+00
-0.000000e+00
-0.000000e+00
-0.000000e+00
-0.000000e+00
-0.000000e+00
-0.000000e+00
-0.000000e+00
-0.000000e+00
-0.000000e+00
-0.000000e+00
-0.000000e+00
-0.000000e+00
-0.000000e+00
-0.000000e+00
-0.000000e+00
-0.000000e+00
-0.000000e+00
-0.000000e+00
-0.000000e+00
-0.000000e+00
-0.000000e+00
-0.000000e+00
-0.000000e+00
-0.000000e+00
-0.000000e+00
-0.000000e+00
-0.000000e+00
-0.000000e+00
-0.000000e+00
-0.000000e+00
-0.000000e+00
-0.000000e+00
-0.000000e+00
-0.000000e+00
-0.000000e+00
-0.000000e+00
-0.000000e+00
-0.000000e+00
-0.000000e+00
-0.000000e+00
-0.000000e+00
-0.000000e+00
-0.000000e+00
-0.000000e+00
-0.000000e+00
-0.000000e+00
-0.000000e+00
-0.000000e+00
-0.000000e+00
-0.000000e+00
-0.000000e+00
-0.000000e+00
-0.000000e+00
-0.000000e+00
-0.000000e+00
-0.000000e+00
-0.000000e+00
-0.000000e+00
-0.000000e+00
-0.000000e+00
-0.000000e+00
-0.000000e+00
-0.000000e+00
-0.000000e+00
-0.000000e+00
-0.000000e+00
-0.000000e+00
-0.000000e+00
-0.000000e+00
-0.000000e+00
-0.000000e+00
-0.000000e+00
-0.000000e+00
-0.000000e+00
-0.000000e+00
-0.000000e+00
-0.000000e+00
-0.000000e+00
-0.000000e+00
-0.000000e+00
-0.000000e+00
-0.000000e+00
-0.000000e+00
-0.000000e+00
-0.000000e+00
-0.000000e+00
-0.000000e+00
-0.000000e+00
-0.000000e+00
-0.000000e+00
-0.000000e+00
-0.000000e+00
-0.000000e+00
-0.000000e+00
-0.000000e+00
-0.000000e+00
-0.000000e+00
-0.000000e+00
-0.000000e+00
-0.000000e+00
-0.000000e+00
-0.000000e+00
-0.000000e+00
-0.000000e+00
-0.000000e+00
-0.000000e+00
-0.000000e+00
-0.000000e+00
-0.000000e+00
-0.000000e+00
-0.000000e+00
-0.000000e+00
-0.000000e+00
-0.000000e+00
-0.000000e+00
-0.000000e+00
-0.000000e+00
-0.000000e+00
-0.000000e+00
-0.000000e+00
-0.000000e+00
-0.000000e+00
-0.000000e+00
-0.000000e+00
-0.000000e+00
-0.000000e+00
-0.000000e+00
-0.000000e+00
-0.000000e+00
-0.000000e+00
-0.000000e+00
-0.000000e+00
-0.000000e+00
-0.000000e+00
-0.000000e+00
-0.000000e+00
-0.000000e+00
-0.000000e+00
-0.000000e+00
-0.000000e+00
-0.000000e+00
-0.000000e+00
-0.000000e+00
-0.000000e+00
-0.000000e+00
-0.000000e+00
-0.000000e+00
-0.000000e+00
-0.000000e+00
-0.000000e+00
-0.000000e+00
-0.000000e+00
-0.000000e+00
-0.000000e+00
-0.000000e+00
-0.000000e+00
-0.000000e+00
-0.000000e+00
-0.000000e+00
-0.000000e+00
-0.000000e+00
-0.000000e+00
-0.000000e+00
-0.000000e+00
-0.000000e+00
-0.000000e+00
-0.000000e+00
-0.000000e+00
-0.000000e+00
-0.000000e+00
-0.000000e+00
-0.000000e+00
-0.000000e+00
-0.000000e+00
-0.000000e+00
-0.000000e+00
-0.000000e+00
-0.000000e+00
-0.000000e+00
-0.000000e+00
-0.000000e+00
-0.000000e+00
-0.000000e+00
-0.000000e+00
-0.000000e+00
-0.000000e+00
-0.000000e+00
-0.000000e+00
-0.000000e+00
-0.000000e+00
-0.000000e+00
-0.000000e+00
-0.000000e+00
-0.000000e+00
-0.000000e+00
-0.000000e+00
-0.000000e+00
-0.000000e+00
-0.000000e+00
-0.000000e+00
-0.000000e+00
-0.000000e+00
-0.000000e+00
-0.000000e+00
-0.000000e+00
-0.000000e+00
-0.000000e+00
-0.000000e+00
-0.000000e+00
-0.000000e+00
-0.000000e+00
-0.000000e+00
-0.000000e+00
-0.000000e+00
-0.000000e+00
-0.000000e+00
-0.000000e+00
-0.000000e+00
-0.000000e+00
-0.000000e+00
-0.000000e+00
-0.000000e+00
-0.000000e+00
-0.000000e+00
-0.000000e+00
-0.000000e+00
-0.000000e+00
-0.000000e+00
-0.000000e+00
-0.000000e+00
-0.000000e+00
-0.000000e+00
-0.000000e+00
-0.000000e+00
-0.000000e+00
-0.000000e+00
-0.000000e+00
-0.000000e+00
-0.000000e+00
-0.000000e+00
-0.000000e+00
-0.000000e+00
-0.000000e+00
-0.000000e+00
-0.000000e+00
-0.000000e+00
-0.000000e+00
-0.000000e+00
-0.000000e+00
-0.000000e+00
-0.000000e+00
-0.000000e+00
-0.000000e+00
-0.000000e+00
-0.000000e+00
-0.000000e+00
-0.000000e+00
-0.000000e+00
-0.000000e+00
-0.000000e+00
-0.000000e+00
-0.000000e+00
-0.000000e+00
-0.000000e+00
-0.000000e+00
-0.000000e+00
-0.000000e+00
-0.000000e+00
-0.000000e+00
-0.000000e+00
-0.000000e+00
-0.000000e+00
-0.000000e+00
-0.000000e+00
-0.000000e+00
-0.000000e+00
-0.000000e+00
-0.000000e+00
-0.000000e+00
-0.000000e+00
-0.000000e+00
-0.000000e+00
-0.000000e+00
-0.000000e+00
-0.000000e+00
-0.000000e+00
-0.000000e+00
-0.000000e+00
-0.000000e+00
-0.000000e+00
-0.000000e+00
-0.000000e+00
-0.000000e+00
-0.000000e+00
-0.000000e+00
-0.000000e+00
-0.000000e+00
-0.000000e+00
-0.000000e+00
-0.000000e+00
-0.000000e+00
-0.000000e+00
-0.000000e+00
-0.000000e+00
-0.000000e+00
-0.000000e+00
-0.000000e+00
-0.000000e+00
-0.000000e+00
-0.000000e+00
-0.000000e+00
-0.000000e+00
-0.000000e+00
-0.000000e+00
-0.000000e+00
-0.000000e+00
-0.000000e+00
-0.000000e+00
-0.000000e+00
-0.000000e+00
-0.000000e+00
-0.000000e+00
-0.000000e+00
-0.000000e+00
-0.000000e+00
-0.000000e+00
-0.000000e+00
-0.000000e+00
-0.000000e+00
-0.000000e+00
-0.000000e+00
-0.000000e+00
-0.000000e+00
-0.000000e+00
-0.000000e+00
-0.000000e+00
-0.000000e+00
-0.000000e+00
-0.000000e+00
-0.000000e+00
-0.000000e+00
-0.000000e+00
-0.000000e+00
-0.000000e+00
-0.000000e+00
-0.000000e+00
-0.000000e+00
-0.000000e+00
-0.000000e+00
-0.000000e+00
-0.000000e+00
-0.000000e+00
-0.000000e+00
-0.000000e+00
-0.000000e+00
-0.000000e+00
-0.000000e+00
-0.000000e+00
-0.000000e+00
-0.000000e+00
-0.000000e+00
-0.000000e+00
-0.000000e+00
-0.000000e+00
-0.000000e+00
-0.000000e+00
-0.000000e+00
-0.000000e+00
-0.000000e+00
-0.000000e+00
-0.000000e+00
-0.000000e+00
-0.000000e+00
-0.000000e+00
-0.000000e+00
-0.000000e+00
-0.000000e+00
-0.000000e+00
-0.000000e+00
-0.000000e+00
-0.000000e+00
-0.000000e+00
-0.000000e+00
-0.000000e+00
-0.000000e+00
-0.000000e+00
-0.000000e+00
-0.000000e+00
-0.000000e+00
-0.000000e+00
-0.000000e+00
-0.000000e+00
-0.000000e+00
-0.000000e+00
-0.000000e+00
-0.000000e+00
-0.000000e+00
-0.000000e+00
-0.000000e+00
-0.000000e+00
-0.000000e+00
-0.000000e+00
-0.000000e+00
-0.000000e+00
-0.000000e+00
-0.000000e+00
-0.000000e+00
-0.000000e+00
-0.000000e+00
-0.000000e+00
-0.000000e+00
-0.000000e+00
-0.000000e+00
-0.000000e+00
-0.000000e+00
-0.000000e+00
-0.000000e+00
-0.000000e+00
-0.000000e+00
-0.000000e+00
-0.000000e+00
-0.000000e+00
-0.000000e+00
-0.000000e+00
-0.000000e+00
-0.000000e+00
-0.000000e+00
-0.000000e+00
-0.000000e+00
-0.000000e+00
-0.000000e+00
-0.000000e+00
-0.000000e+00
-0.000000e+00
-0.000000e+00
-0.000000e+00
-0.000000e+00
-0.000000e+00
-0.000000e+00
-0.000000e+00
-0.000000e+00
-0.000000e+00
-0.000000e+00
-0.000000e+00
-0.000000e+00
-0.000000e+00
-0.000000e+00
-0.000000e+00
-0.000000e+00
-0.000000e+00
-0.000000e+00
-0.000000e+00
-0.000000e+00
-0.000000e+00
-0.000000e+00
-0.000000e+00
-0.000000e+00
-0.000000e+00
-0.000000e+00
-0.000000e+00
-0.000000e+00
-0.000000e+00
-0.000000e+00
-0.000000e+00
-0.000000e+00
-0.000000e+00
-0.000000e+00
-0.000000e+00
-0.000000e+00
-0.000000e+00
-0.000000e+00
-0.000000e+00
-0.000000e+00
-0.000000e+00
-0.000000e+00
-0.000000e+00
-0.000000e+00
-0.000000e+00
-0.000000e+00
-0.000000e+00
-0.000000e+00
-0.000000e+00
-0.000000e+00
-0.000000e+00
-0.000000e+00
-0.000000e+00
-0.000000e+00
-0.000000e+00
-0.000000e+00
-0.000000e+00
-0.000000e+00
-0.000000e+00
-0.000000e+00
-0.000000e+00
-0.000000e+00
-0.000000e+00
-0.000000e+00
-0.000000e+00
-0.000000e+00
-0.000000e+00
-0.000000e+00
-0.000000e+00
-0.000000e+00
-0.000000e+00
-0.000000e+00
-0.000000e+00
-0.000000e+00
-0.000000e+00
-0.000000e+00
-0.000000e+00
-0.000000e+00
-0.000000e+00
-0.000000e+00
-0.000000e+00
-0.000000e+00
-0.000000e+00
-0.000000e+00
-0.000000e+00
-0.000000e+00
-0.000000e+00
-0.000000e+00
-0.000000e+00
-0.000000e+00
-0.000000e+00
-0.000000e+00
-0.000000e+00
-0.000000e+00
-0.000000e+00
-0.000000e+00
-0.000000e+00
-0.000000e+00
-0.000000e+00
-0.000000e+00
-0.000000e+00
-0.000000e+00
-0.000000e+00
-0.000000e+00
-0.000000e+00
-0.000000e+00
-0.000000e+00
-0.000000e+00
-0.000000e+00
-0.000000e+00
-0.000000e+00
-0.000000e+00
-0.000000e+00
-0.000000e+00
-0.000000e+00
-0.000000e+00
-0.000000e+00
-0.000000e+00
-0.000000e+00
-0.000000e+00
-0.000000e+00
-0.000000e+00
-0.000000e+00
-0.000000e+00
-0.000000e+00
-0.000000e+00
-0.000000e+00
-0.000000e+00
-0.000000e+00
-0.000000e+00
-0.000000e+00
-0.000000e+00
-0.000000e+00
-0.000000e+00
-0.000000e+00
-0.000000e+00
-0.000000e+00
-0.000000e+00
-0.000000e+00
-0.000000e+00
-0.000000e+00
-0.000000e+00
-0.000000e+00
-0.000000e+00
-0.000000e+00
-0.000000e+00
-0.000000e+00
-0.000000e+00
-0.000000e+00
-0.000000e+00
-0.000000e+00
-0.000000e+00
-0.000000e+00
-0.000000e+00
-0.000000e+00
-0.000000e+00
-0.000000e+00
-0.000000e+00
-0.000000e+00
-0.000000e+00
-0.000000e+00
-0.000000e+00
-0.000000e+00
-0.000000e+00
-0.000000e+00
-0.000000e+00
-0.000000e+00
-0.000000e+00
-0.000000e+00
-0.000000e+00
-0.000000e+00
-0.000000e+00
-0.000000e+00
-0.000000e+00
-0.000000e+00
-0.000000e+00
-0.000000e+00
-0.000000e+00
-0.000000e+00
-0.000000e+00
-0.000000e+00
-0.000000e+00
-0.000000e+00
-0.000000e+00
-0.000000e+00
-0.000000e+00
-0.000000e+00
-0.000000e+00
-0.000000e+00
-0.000000e+00
-0.000000e+00
-0.000000e+00
-0.000000e+00
-0.000000e+00
-0.000000e+00
-0.000000e+00
-0.000000e+00
-0.000000e+00
-0.000000e+00
-0.000000e+00
-0.000000e+00
-0.000000e+00
-0.000000e+00
-0.000000e+00
-0.000000e+00
-0.000000e+00
-0.000000e+00
-0.000000e+00
-0.000000e+00
-0.000000e+00
-0.000000e+00
-0.000000e+00
-0.000000e+00
-0.000000e+00
-0.000000e+00
-0.000000e+00
-0.000000e+00
-0.000000e+00
-0.000000e+00
-0.000000e+00
-0.000000e+00
-0.000000e+00
-0.000000e+00
-0.000000e+00
-0.000000e+00
-0.000000e+00
-0.000000e+00
-0.000000e+00
-0.000000e+00
-0.000000e+00
-0.000000e+00
-0.000000e+00
-0.000000e+00
-0.000000e+00
-0.000000e+00
-0.000000e+00
-0.000000e+00
-0.000000e+00
-0.000000e+00
-0.000000e+00
-0.000000e+00
-0.000000e+00
-0.000000e+00
-0.000000e+00
-0.000000e+00
-0.000000e+00
-0.000000e+00
-0.000000e+00
-0.000000e+00
-0.000000e+00
-0.000000e+00
-0.000000e+00
-0.000000e+00
-0.000000e+00
-0.000000e+00
-0.000000e+00
-0.000000e+00
-0.000000e+00
-0.000000e+00
-0.000000e+00
-0.000000e+00
-0.000000e+00
-0.000000e+00
-0.000000e+00
-0.000000e+00
-0.000000e+00
-0.000000e+00
-0.000000e+00
-0.000000e+00
-0.000000e+00
-0.000000e+00
-0.000000e+00
-0.000000e+00
-0.000000e+00
-0.000000e+00
-0.000000e+00
-0.000000e+00
-0.000000e+00
-0.000000e+00
-0.000000e+00
-0.000000e+00
-0.000000e+00
-0.000000e+00
-0.000000e+00
-0.000000e+00
-0.000000e+00
-0.000000e+00
-0.000000e+00
-0.000000e+00
-0.000000e+00
-0.000000e+00
-0.000000e+00
-0.000000e+00
-0.000000e+00
-0.000000e+00
-0.000000e+00
-0.000000e+00
-0.000000e+00
-0.000000e+00
-0.000000e+00
-0.000000e+00
-0.000000e+00
-0.000000e+00
-0.000000e+00
-0.000000e+00
-0.000000e+00
-0.000000e+00
-0.000000e+00
-0.000000e+00
-0.000000e+00
-0.000000e+00
-0.000000e+00
-0.000000e+00
-0.000000e+00
-0.000000e+00
-0.000000e+00
-0.000000e+00
-0.000000e+00
-0.000000e+00
-0.000000e+00
-0.000000e+00
-0.000000e+00
-0.000000e+00
-0.000000e+00
-0.000000e+00
-0.000000e+00
-0.000000e+00
-0.000000e+00
-0.000000e+00
-0.000000e+00
-0.000000e+00
-0.000000e+00
-0.000000e+00
-0.000000e+00
-0.000000e+00
-0.000000e+00
-0.000000e+00
-0.000000e+00
-0.000000e+00
-0.000000e+00
-0.000000e+00
-0.000000e+00
-0.000000e+00
-0.000000e+00
-0.000000e+00
-0.000000e+00
-0.000000e+00
-0.000000e+00
-0.000000e+00
-0.000000e+00
-0.000000e+00
-0.000000e+00
-0.000000e+00
-0.000000e+00
-0.000000e+00
-0.000000e+00
-0.000000e+00
-0.000000e+00
-0.000000e+00
-0.000000e+00
-0.000000e+00
-0.000000e+00
-0.000000e+00
-0.000000e+00
-0.000000e+00
-0.000000e+00
-0.000000e+00
-0.000000e+00
-0.000000e+00
-0.000000e+00
-0.000000e+00
-0.000000e+00
-0.000000e+00
-0.000000e+00
-0.000000e+00
-0.000000e+00
-0.000000e+00
-0.000000e+00
-0.000000e+00
-0.000000e+00
-0.000000e+00
-0.000000e+00
-0.000000e+00
-0.000000e+00
-0.000000e+00
-0.000000e+00
-0.000000e+00
-0.000000e+00
-0.000000e+00
-0.000000e+00
-0.000000e+00
-0.000000e+00
-0.000000e+00
-0.000000e+00
-0.000000e+00
-0.000000e+00
-0.000000e+00
-0.000000e+00
-0.000000e+00
-0.000000e+00
-0.000000e+00
-0.000000e+00
-0.000000e+00
-0.000000e+00
-0.000000e+00
-0.000000e+00
-0.000000e+00
-0.000000e+00
-0.000000e+00
-0.000000e+00
-0.000000e+00
-0.000000e+00
-0.000000e+00
-0.000000e+00
-0.000000e+00
-0.000000e+00
-0.000000e+00
-0.000000e+00
-0.000000e+00
-0.000000e+00
-0.000000e+00
-0.000000e+00
-0.000000e+00
-0.000000e+00
-0.000000e+00
-0.000000e+00
-0.000000e+00
-0.000000e+00
-0.000000e+00
-0.000000e+00
-0.000000e+00
-0.000000e+00
-0.000000e+00
-0.000000e+00
-0.000000e+00
-0.000000e+00
-0.000000e+00
-0.000000e+00
-0.000000e+00
-0.000000e+00
-0.000000e+00
-0.000000e+00
-0.000000e+00
-0.000000e+00
-0.000000e+00
-0.000000e+00
-0.000000e+00
-0.000000e+00
-0.000000e+00
-0.000000e+00
-0.000000e+00
-0.000000e+00
-0.000000e+00
-0.000000e+00
-0.000000e+00
-0.000000e+00
-0.000000e+00
-0.000000e+00
-0.000000e+00
-0.000000e+00
-0.000000e+00
-0.000000e+00
-0.000000e+00
-0.000000e+00
-0.000000e+00
-0.000000e+00
-0.000000e+00
-0.000000e+00
-0.000000e+00
-0.000000e+00
-0.000000e+00
-0.000000e+00
-0.000000e+00
-0.000000e+00
-0.000000e+00
-0.000000e+00
-0.000000e+00
-0.000000e+00
-0.000000e+00
-0.000000e+00
-0.000000e+00
-0.000000e+00
-0.000000e+00
-0.000000e+00
-0.000000e+00
-0.000000e+00
-0.000000e+00
-0.000000e+00
-0.000000e+00
-0.000000e+00
-0.000000e+00
-0.000000e+00
-0.000000e+00
-0.000000e+00
-0.000000e+00
-0.000000e+00
-0.000000e+00
-0.000000e+00
-0.000000e+00
-0.000000e+00
-0.000000e+00
-0.000000e+00
-0.000000e+00
-0.000000e+00
-0.000000e+00
-0.000000e+00
-0.000000e+00
-0.000000e+00
-0.000000e+00
-0.000000e+00
-0.000000e+00
-0.000000e+00
-0.000000e+00
-0.000000e+00
-0.000000e+00
-0.000000e+00
-0.000000e+00
-0.000000e+00
-0.000000e+00
-0.000000e+00
-0.000000e+00
-0.000000e+00
-0.000000e+00
-0.000000e+00
-0.000000e+00
-0.000000e+00
-0.000000e+00
-0.000000e+00
-0.000000e+00
-0.000000e+00
-0.000000e+00
-0.000000e+00
-0.000000e+00
-0.000000e+00
-0.000000e+00
-0.000000e+00
-0.000000e+00
-0.000000e+00
-0.000000e+00
-0.000000e+00
-0.000000e+00
-0.000000e+00
-0.000000e+00
-0.000000e+00
-0.000000e+00
-0.000000e+00
-0.000000e+00
-0.000000e+00
-0.000000e+00
-0.000000e+00
-0.000000e+00
-0.000000e+00
-0.000000e+00
-0.000000e+00
-0.000000e+00
-0.000000e+00
-0.000000e+00
-0.000000e+00
-0.000000e+00
-0.000000e+00
-0.000000e+00
-0.000000e+00
-0.000000e+00
-0.000000e+00
-0.000000e+00
-0.000000e+00
-0.000000e+00
-0.000000e+00
-0.000000e+00
-0.000000e+00
-0.000000e+00
-0.000000e+00
-0.000000e+00
-0.000000e+00
-0.000000e+00
-0.000000e+00
-0.000000e+00
-0.000000e+00
-0.000000e+00
-0.000000e+00
-0.000000e+00
-0.000000e+00
-0.000000e+00
-0.000000e+00
-0.000000e+00
-0.000000e+00
-0.000000e+00
-0.000000e+00
-0.000000e+00
-0.000000e+00
-0.000000e+00
-0.000000e+00
-0.000000e+00
-0.000000e+00
-0.000000e+00
-0.000000e+00
-0.000000e+00
-0.000000e+00
-0.000000e+00
-0.000000e+00
-0.000000e+00
-0.000000e+00
-0.000000e+00
-0.000000e+00
-0.000000e+00
-0.000000e+00
-0.000000e+00
-0.000000e+00
-0.000000e+00
-0.000000e+00
-0.000000e+00
-0.000000e+00
-0.000000e+00
-0.000000e+00
-0.000000e+00
-0.000000e+00
-0.000000e+00
-0.000000e+00
-0.000000e+00
-0.000000e+00
-0.000000e+00
-0.000000e+00
-0.000000e+00
-0.000000e+00
-0.000000e+00
-0.000000e+00
-0.000000e+00
-0.000000e+00
-0.000000e+00
-0.000000e+00
-0.000000e+00
-0.000000e+00
-0.000000e+00
-0.000000e+00
-0.000000e+00
-0.000000e+00
-0.000000e+00
-0.000000e+00
-0.000000e+00
-0.000000e+00
-0.000000e+00
-0.000000e+00
-0.000000e+00
-0.000000e+00
-0.000000e+00
-0.000000e+00
-0.000000e+00
-0.000000e+00
-0.000000e+00
-0.000000e+00
-0.000000e+00
-0.000000e+00
-0.000000e+00
-0.000000e+00
-0.000000e+00
-0.000000e+00
-0.000000e+00
-0.000000e+00
-0.000000e+00
-0.000000e+00
-0.000000e+00
-0.000000e+00
-0.000000e+00
-0.000000e+00
-0.000000e+00
-0.000000e+00
-0.000000e+00
-0.000000e+00
-0.000000e+00
-0.000000e+00
-0.000000e+00
-0.000000e+00
-0.000000e+00
-0.000000e+00
-0.000000e+00
-0.000000e+00
-0.000000e+00
-0.000000e+00
-0.000000e+00
-0.000000e+00
-0.000000e+00
-0.000000e+00
-0.000000e+00
-0.000000e+00
-0.000000e+00
-0.000000e+00
-0.000000e+00
-0.000000e+00
-0.000000e+00
-0.000000e+00
-0.000000e+00
-0.000000e+00
-0.000000e+00
-0.000000e+00
-0.000000e+00
-0.000000e+00
-0.000000e+00
-0.000000e+00
-0.000000e+00
-0.000000e+00
-0.000000e+00
-0.000000e+00
-0.000000e+00
-0.000000e+00
-0.000000e+00
-0.000000e+00
-0.000000e+00
-0.000000e+00
-0.000000e+00
-0.000000e+00
-0.000000e+00
-0.000000e+00
-0.000000e+00
-0.000000e+00
-0.000000e+00
-0.000000e+00
-0.000000e+00
-0.000000e+00
-0.000000e+00
-0.000000e+00
-0.000000e+00
-0.000000e+00
-0.000000e+00
-0.000000e+00
-0.000000e+00
-0.000000e+00
-0.000000e+00
-0.000000e+00
-0.000000e+00
-0.000000e+00
-0.000000e+00
-0.000000e+00
-0.000000e+00
-0.000000e+00
-0.000000e+00
-0.000000e+00
-0.000000e+00
-0.000000e+00
-0.000000e+00
-0.000000e+00
-0.000000e+00
-0.000000e+00
-0.000000e+00
-0.000000e+00
-0.000000e+00
-0.000000e+00
-0.000000e+00
-0.000000e+00
-0.000000e+00
-0.000000e+00
-0.000000e+00
-0.000000e+00
-0.000000e+00
-0.000000e+00
-0.000000e+00
-0.000000e+00
-0.000000e+00
-0.000000e+00
-0.000000e+00
-0.000000e+00
-0.000000e+00
-0.000000e+00
-0.000000e+00
-0.000000e+00
-0.000000e+00
-0.000000e+00
-0.000000e+00
-0.000000e+00
-0.000000e+00
-0.000000e+00
-0.000000e+00
-0.000000e+00
-0.000000e+00
-0.000000e+00
-0.000000e+00
-0.000000e+00
-0.000000e+00
-0.000000e+00
-0.000000e+00
-0.000000e+00
-0.000000e+00
-0.000000e+00
-0.000000e+00
-0.000000e+00
-0.000000e+00
-0.000000e+00
-0.000000e+00
-0.000000e+00
-0.000000e+00
-0.000000e+00
-0.000000e+00
-0.000000e+00
-0.000000e+00
-0.000000e+00
-0.000000e+00
-0.000000e+00
-0.000000e+00
-0.000000e+00
-0.000000e+00
-0.000000e+00
-0.000000e+00
-0.000000e+00
-0.000000e+00
-0.000000e+00
-0.000000e+00
-0.000000e+00
-0.000000e+00
-0.000000e+00
-0.000000e+00
-0.000000e+00
-0.000000e+00
-0.000000e+00
-0.000000e+00
-0.000000e+00
-0.000000e+00
-0.000000e+00
-0.000000e+00
-0.000000e+00
-0.000000e+00
-0.000000e+00
-0.000000e+00
-0.000000e+00
-0.000000e+00
-0.000000e+00
-0.000000e+00
-0.000000e+00
-0.000000e+00
-0.000000e+00
-0.000000e+00
-0.000000e+00
-0.000000e+00
-0.000000e+00
-0.000000e+00
-0.000000e+00
-0.000000e+00
-0.000000e+00
-0.000000e+00
-0.000000e+00
-0.000000e+00
-0.000000e+00
-0.000000e+00
-0.000000e+00
-0.000000e+00
-0.000000e+00
-0.000000e+00
-0.000000e+00
-0.000000e+00
-0.000000e+00
-0.000000e+00
-0.000000e+00
-0.000000e+00
-0.000000e+00
-0.000000e+00
-0.000000e+00
-0.000000e+00
-0.000000e+00
-0.000000e+00
-0.000000e+00
-0.000000e+00
-0.000000e+00
-0.000000e+00
-0.000000e+00
-0.000000e+00
-0.000000e+00
-0.000000e+00
-0.000000e+00
-0.000000e+00
-0.000000e+00
-0.000000e+00
-0.000000e+00
-0.000000e+00
-0.000000e+00
-0.000000e+00
-0.000000e+00
-0.000000e+00
-0.000000e+00
-0.000000e+00
-0.000000e+00
-0.000000e+00
-0.000000e+00
-0.000000e+00
-0.000000e+00
-0.000000e+00
-0.000000e+00
-0.000000e+00
-0.000000e+00
-0.000000e+00
-0.000000e+00
-0.000000e+00
-0.000000e+00
-0.000000e+00
-0.000000e+00
-0.000000e+00
-0.000000e+00
-0.000000e+00
-0.000000e+00
-0.000000e+00
-0.000000e+00
-0.000000e+00
-0.000000e+00
-0.000000e+00
-0.000000e+00
-0.000000e+00
-0.000000e+00
-0.000000e+00
-0.000000e+00
-0.000000e+00
-0.000000e+00
-0.000000e+00
-0.000000e+00
-0.000000e+00
-0.000000e+00
-0.000000e+00
-0.000000e+00
-0.000000e+00
-0.000000e+00
-0.000000e+00
-0.000000e+00
-0.000000e+00
-0.000000e+00
-0.000000e+00
-0.000000e+00
-0.000000e+00
-0.000000e+00
-0.000000e+00
-0.000000e+00
-0.000000e+00
-0.000000e+00
-0.000000e+00
-0.000000e+00
-0.000000e+00
-0.000000e+00
-0.000000e+00
-0.000000e+00
-0.000000e+00
-0.000000e+00
-0.000000e+00
-0.000000e+00
-0.000000e+00
-0.000000e+00
-0.000000e+00
-0.000000e+00
-0.000000e+00
-0.000000e+00
-0.000000e+00
-0.000000e+00
-0.000000e+00
-0.000000e+00
-0.000000e+00
-0.000000e+00
-0.000000e+00
-0.000000e+00
-0.000000e+00
-0.000000e+00
-0.000000e+00
-0.000000e+00
-0.000000e+00
-0.000000e+00
-0.000000e+00
-0.000000e+00
-0.000000e+00
-0.000000e+00
-0.000000e+00
-0.000000e+00
-0.000000e+00
-0.000000e+00
-0.000000e+00
-0.000000e+00
-0.000000e+00
-0.000000e+00
-0.000000e+00
-0.000000e+00
-0.000000e+00
-0.000000e+00
-0.000000e+00
-0.000000e+00
-0.000000e+00
-0.000000e+00
-0.000000e+00
-0.000000e+00
-0.000000e+00
-0.000000e+00
-0.000000e+00
-0.000000e+00
-0.000000e+00
-0.000000e+00
-0.000000e+00
-0.000000e+00
-0.000000e+00
-0.000000e+00
-0.000000e+00
-0.000000e+00
-0.000000e+00
-0.000000e+00
-0.000000e+00
-0.000000e+00
-0.000000e+00
-0.000000e+00
-0.000000e+00
-0.000000e+00
-0.000000e+00
-0.000000e+00
-0.000000e+00
-0.000000e+00
-0.000000e+00
-0.000000e+00
-0.000000e+00
-0.000000e+00
-0.000000e+00
-0.000000e+00
-0.000000e+00
-0.000000e+00
-0.000000e+00
-0.000000e+00
-0.000000e+00
-0.000000e+00
-0.000000e+00
-0.000000e+00
-0.000000e+00
-0.000000e+00
-0.000000e+00
-0.000000e+00
-0.000000e+00
-0.000000e+00
-0.000000e+00
-0.000000e+00
-0.000000e+00
-0.000000e+00
-0.000000e+00
-0.000000e+00
-0.000000e+00
-0.000000e+00
-0.000000e+00
-0.000000e+00
-0.000000e+00
-0.000000e+00
-0.000000e+00
-0.000000e+00
-0.000000e+00
-0.000000e+00
-0.000000e+00
-0.000000e+00
-0.000000e+00
-0.000000e+00
-0.000000e+00
-0.000000e+00
-0.000000e+00
-0.000000e+00
-0.000000e+00
-0.000000e+00
-0.000000e+00
-0.000000e+00
-0.000000e+00
-0.000000e+00
-0.000000e+00
-0.000000e+00
-0.000000e+00
-0.000000e+00
-0.000000e+00
-0.000000e+00
-0.000000e+00
-0.000000e+00
-0.000000e+00
-0.000000e+00
-0.000000e+00
-0.000000e+00
-0.000000e+00
-0.000000e+00
-0.000000e+00
-0.000000e+00
-0.000000e+00
-0.000000e+00
-0.000000e+00
-0.000000e+00
-0.000000e+00
-0.000000e+00
-0.000000e+00
-0.000000e+00
-0.000000e+00
-0.000000e+00
-0.000000e+00
-0.000000e+00
-0.000000e+00
-0.000000e+00
-0.000000e+00
-0.000000e+00
-0.000000e+00
-0.000000e+00
-0.000000e+00
-0.000000e+00
-0.000000e+00
-0.000000e+00
-0.000000e+00
-0.000000e+00
-0.000000e+00
-0.000000e+00
-0.000000e+00
-0.000000e+00
-0.000000e+00
-0.000000e+00
-0.000000e+00
-0.000000e+00
-0.000000e+00
-0.000000e+00
-0.000000e+00
-0.000000e+00
-0.000000e+00
-0.000000e+00
-0.000000e+00
-0.000000e+00
-0.000000e+00
-0.000000e+00
-0.000000e+00
-0.000000e+00
-0.000000e+00
-0.000000e+00
-0.000000e+00
-0.000000e+00
-0.000000e+00
-0.000000e+00
-0.000000e+00
-0.000000e+00
-0.000000e+00
-0.000000e+00
-0.000000e+00
-0.000000e+00
-0.000000e+00
-0.000000e+00
-0.000000e+00
-0.000000e+00
-0.000000e+00
-0.000000e+00
-0.000000e+00
-0.000000e+00
-0.000000e+00
-0.000000e+00
-0.000000e+00
-0.000000e+00
-0.000000e+00
-0.000000e+00
-0.000000e+00
-0.000000e+00
-0.000000e+00
-0.000000e+00
-0.000000e+00
-0.000000e+00
-0.000000e+00
-0.000000e+00
-0.000000e+00
-0.000000e+00
-0.000000e+00
-0.000000e+00
-0.000000e+00
-0.000000e+00
-0.000000e+00
-0.000000e+00
-0.000000e+00
-0.000000e+00
-0.000000e+00
-0.000000e+00
-0.000000e+00
-0.000000e+00
-0.000000e+00
-0.000000e+00
-0.000000e+00
-0.000000e+00
-0.000000e+00
-0.000000e+00
-0.000000e+00
-0.000000e+00
-0.000000e+00
-0.000000e+00
-0.000000e+00
-0.000000e+00
-0.000000e+00
-0.000000e+00
-0.000000e+00
-0.000000e+00
-0.000000e+00
-0.000000e+00
-0.000000e+00
-0.000000e+00
-0.000000e+00
-0.000000e+00
-0.000000e+00
-0.000000e+00
-0.000000e+00
-0.000000e+00
-0.000000e+00
-0.000000e+00
-0.000000e+00
-0.000000e+00
-0.000000e+00
-0.000000e+00
-0.000000e+00
-0.000000e+00
-0.000000e+00
-0.000000e+00
-0.000000e+00
-0.000000e+00
-0.000000e+00
-0.000000e+00
-0.000000e+00
-0.000000e+00
-0.000000e+00
-0.000000e+00
-0.000000e+00
-0.000000e+00
-0.000000e+00
-0.000000e+00
-0.000000e+00
-0.000000e+00
-0.000000e+00
-0.000000e+00
-0.000000e+00
-0.000000e+00
-0.000000e+00
-0.000000e+00
-0.000000e+00
-0.000000e+00
-0.000000e+00
-0.000000e+00
-0.000000e+00
-0.000000e+00
-0.000000e+00
-0.000000e+00
-0.000000e+00
-0.000000e+00
-0.000000e+00
-0.000000e+00
-0.000000e+00
-0.000000e+00
-0.000000e+00
-0.000000e+00
-0.000000e+00
-0.000000e+00
-0.000000e+00
-0.000000e+00
-0.000000e+00
-0.000000e+00
-0.000000e+00
-0.000000e+00
-0.000000e+00
-0.000000e+00
-0.000000e+00
-0.000000e+00
-0.000000e+00
-0.000000e+00
-0.000000e+00
-0.000000e+00
-0.000000e+00
-0.000000e+00
-0.000000e+00
-0.000000e+00
-0.000000e+00
-0.000000e+00
-0.000000e+00
-0.000000e+00
-0.000000e+00
-0.000000e+00
-0.000000e+00
-0.000000e+00
-0.000000e+00
-0.000000e+00
-0.000000e+00
-0.000000e+00
-0.000000e+00
-0.000000e+00
-0.000000e+00
-0.000000e+00
-0.000000e+00
-0.000000e+00
-0.000000e+00
-0.000000e+00
-0.000000e+00
-0.000000e+00
-0.000000e+00
-0.000000e+00
-0.000000e+00
-0.000000e+00
-0.000000e+00
-0.000000e+00
-0.000000e+00
-0.000000e+00
-0.000000e+00
-0.000000e+00
-0.000000e+00
-0.000000e+00
-0.000000e+00
-0.000000e+00
-0.000000e+00
-0.000000e+00
-0.000000e+00
-0.000000e+00
-0.000000e+00
-0.000000e+00
-0.000000e+00
-0.000000e+00
-0.000000e+00
-0.000000e+00
-0.000000e+00
-0.000000e+00
-0.000000e+00
-0.000000e+00
-0.000000e+00
-0.000000e+00
-0.000000e+00
-0.000000e+00
-0.000000e+00
-0.000000e+00
-0.000000e+00
-0.000000e+00
-0.000000e+00
-0.000000e+00
-0.000000e+00
-0.000000e+00
-0.000000e+00
-0.000000e+00
-0.000000e+00
-0.000000e+00
-0.000000e+00
-0.000000e+00
-0.000000e+00
-0.000000e+00
-0.000000e+00
-0.000000e+00
-0.000000e+00
-0.000000e+00
-0.000000e+00
-0.000000e+00
-0.000000e+00
-0.000000e+00
-0.000000e+00
-0.000000e+00
-0.000000e+00
-0.000000e+00
-0.000000e+00
-0.000000e+00
-0.000000e+00
-0.000000e+00
-0.000000e+00
-0.000000e+00
-0.000000e+00
-0.000000e+00
-0.000000e+00
-0.000000e+00
-0.000000e+00
-0.000000e+00
-0.000000e+00
-0.000000e+00
-0.000000e+00
-0.000000e+00
-0.000000e+00
-0.000000e+00
-0.000000e+00
-0.000000e+00
-0.000000e+00
-0.000000e+00
-0.000000e+00
-0.000000e+00
-0.000000e+00
-0.000000e+00
-0.000000e+00
-0.000000e+00
-0.000000e+00
-0.000000e+00
-0.000000e+00
-0.000000e+00
-0.000000e+00
-0.000000e+00
-0.000000e+00
-0.000000e+00
-0.000000e+00
-0.000000e+00
-0.000000e+00
-0.000000e+00
-0.000000e+00
-0.000000e+00
-0.000000e+00
-0.000000e+00
-0.000000e+00
-0.000000e+00
-0.000000e+00
-0.000000e+00
-0.000000e+00
-0.000000e+00
-0.000000e+00
-0.000000e+00
-0.000000e+00
-0.000000e+00
-0.000000e+00
-0.000000e+00
-0.000000e+00
-0.000000e+00
-0.000000e+00
-0.000000e+00
-0.000000e+00
-0.000000e+00
-0.000000e+00
-0.000000e+00
-0.000000e+00
-0.000000e+00
-0.000000e+00
-0.000000e+00
-0.000000e+00
-0.000000e+00
-0.000000e+00
-0.000000e+00
-0.000000e+00
-0.000000e+00
-0.000000e+00
-0.000000e+00
-0.000000e+00
-0.000000e+00
-0.000000e+00
-0.000000e+00
-0.000000e+00
-0.000000e+00
-0.000000e+00
-0.000000e+00
-0.000000e+00
-0.000000e+00
-0.000000e+00
-0.000000e+00
-0.000000e+00
-0.000000e+00
-0.000000e+00
-0.000000e+00
-0.000000e+00
-0.000000e+00
-0.000000e+00
-0.000000e+00
-0.000000e+00
-0.000000e+00
-0.000000e+00
-0.000000e+00
-0.000000e+00
-0.000000e+00
-0.000000e+00
-0.000000e+00
-0.000000e+00
-0.000000e+00
-0.000000e+00
-0.000000e+00
-0.000000e+00
-0.000000e+00
-0.000000e+00
-0.000000e+00
-0.000000e+00
-0.000000e+00
-0.000000e+00
-0.000000e+00
-0.000000e+00
-0.000000e+00
-0.000000e+00
-0.000000e+00
-0.000000e+00
-0.000000e+00
-0.000000e+00
-0.000000e+00
-0.000000e+00
-0.000000e+00
-0.000000e+00
-0.000000e+00
-0.000000e+00
-0.000000e+00
-0.000000e+00
-0.000000e+00
-0.000000e+00
-0.000000e+00
-0.000000e+00
-0.000000e+00
-0.000000e+00
-0.000000e+00
-0.000000e+00
-0.000000e+00
-0.000000e+00
-0.000000e+00
-0.000000e+00
-0.000000e+00
-0.000000e+00
-0.000000e+00
-0.000000e+00
-0.000000e+00
-0.000000e+00
-0.000000e+00
-0.000000e+00
-0.000000e+00
-0.000000e+00
-0.000000e+00
-0.000000e+00
-0.000000e+00
-0.000000e+00
-0.000000e+00
-0.000000e+00
-0.000000e+00
-0.000000e+00
-0.000000e+00
-0.000000e+00
-0.000000e+00
-0.000000e+00
-0.000000e+00
-0.000000e+00
-0.000000e+00
-0.000000e+00
-0.000000e+00
-0.000000e+00
-0.000000e+00
-0.000000e+00
-0.000000e+00
-0.000000e+00
-0.000000e+00
-0.000000e+00
-0.000000e+00
-0.000000e+00
-0.000000e+00
-0.000000e+00
-0.000000e+00
-0.000000e+00
-0.000000e+00
-0.000000e+00
-0.000000e+00
-0.000000e+00
-0.000000e+00
-0.000000e+00
-0.000000e+00
-0.000000e+00
-0.000000e+00
-0.000000e+00
-0.000000e+00
-0.000000e+00
-0.000000e+00
-0.000000e+00
-0.000000e+00
-0.000000e+00
-0.000000e+00
-0.000000e+00
-0.000000e+00
-0.000000e+00
-0.000000e+00
-0.000000e+00
-0.000000e+00
-0.000000e+00
-0.000000e+00
-0.000000e+00
-0.000000e+00
-0.000000e+00
-0.000000e+00
-0.000000e+00
-0.000000e+00
-0.000000e+00
-0.000000e+00
-0.000000e+00
-0.000000e+00
-0.000000e+00
-0.000000e+00
-0.000000e+00
-0.000000e+00
-0.000000e+00
-0.000000e+00
-0.000000e+00
-0.000000e+00
-0.000000e+00
-0.000000e+00
-0.000000e+00
-0.000000e+00
-0.000000e+00
-0.000000e+00
-0.000000e+00
-0.000000e+00
-0.000000e+00
-0.000000e+00
-0.000000e+00
-0.000000e+00
-0.000000e+00
-0.000000e+00
-0.000000e+00
-0.000000e+00
-0.000000e+00
-0.000000e+00
-0.000000e+00
-0.000000e+00
-0.000000e+00
-0.000000e+00
-0.000000e+00
-0.000000e+00
-0.000000e+00
-0.000000e+00
-0.000000e+00
-0.000000e+00
-0.000000e+00
-0.000000e+00
-0.000000e+00
-0.000000e+00
-0.000000e+00
-0.000000e+00
-0.000000e+00
-0.000000e+00
-0.000000e+00
-0.000000e+00
-0.000000e+00
-0.000000e+00
-0.000000e+00
-0.000000e+00
-0.000000e+00
-0.000000e+00
-0.000000e+00
-0.000000e+00
-0.000000e+00
-0.000000e+00
-0.000000e+00
-0.000000e+00
-0.000000e+00
-0.000000e+00
-0.000000e+00
-0.000000e+00
-0.000000e+00
-0.000000e+00
-0.000000e+00
-0.000000e+00
-0.000000e+00
-0.000000e+00
-0.000000e+00
-0.000000e+00
-0.000000e+00
-0.000000e+00
-0.000000e+00
-0.000000e+00
-0.000000e+00
-0.000000e+00
-0.000000e+00
-0.000000e+00
-0.000000e+00
-0.000000e+00
-0.000000e+00
-0.000000e+00
-0.000000e+00
-0.000000e+00
-0.000000e+00
-0.000000e+00
-0.000000e+00
-0.000000e+00
-0.000000e+00
-0.000000e+00
-0.000000e+00
-0.000000e+00
-0.000000e+00
-0.000000e+00
-0.000000e+00
-0.000000e+00
-0.000000e+00
-0.000000e+00
-0.000000e+00
-0.000000e+00
-0.000000e+00
-0.000000e+00
-0.000000e+00
-0.000000e+00
-0.000000e+00
-0.000000e+00
-0.000000e+00
-0.000000e+00
-0.000000e+00
-0.000000e+00
-0.000000e+00
-0.000000e+00
-0.000000e+00
-0.000000e+00
-0.000000e+00
-0.000000e+00
-0.000000e+00
-0.000000e+00
-0.000000e+00
-0.000000e+00
-0.000000e+00
-0.000000e+00
-0.000000e+00
-0.000000e+00
-0.000000e+00
-0.000000e+00
-0.000000e+00
-0.000000e+00
-0.000000e+00
-0.000000e+00
-0.000000e+00
-0.000000e+00
-0.000000e+00
-0.000000e+00
-0.000000e+00
-0.000000e+00
-0.000000e+00
-0.000000e+00
-0.000000e+00
-0.000000e+00
-0.000000e+00
-0.000000e+00
-0.000000e+00
-0.000000e+00
-0.000000e+00
-0.000000e+00
-0.000000e+00
-0.000000e+00
-0.000000e+00
-0.000000e+00
-0.000000e+00
-0.000000e+00
-0.000000e+00
-0.000000e+00
-0.000000e+00
-0.000000e+00
-0.000000e+00
-0.000000e+00
-0.000000e+00
-0.000000e+00
-0.000000e+00
-0.000000e+00
-0.000000e+00
-0.000000e+00
-0.000000e+00
-0.000000e+00
-0.000000e+00
-0.000000e+00
-0.000000e+00
-0.000000e+00
-0.000000e+00
-0.000000e+00
-0.000000e+00
-0.000000e+00
-0.000000e+00
-0.000000e+00
-0.000000e+00
-0.000000e+00
-0.000000e+00
-0.000000e+00
-0.000000e+00
-0.000000e+00
-0.000000e+00
-0.000000e+00
-0.000000e+00
-0.000000e+00
-0.000000e+00
-0.000000e+00
-0.000000e+00
-0.000000e+00
-0.000000e+00
-0.000000e+00
-0.000000e+00
-0.000000e+00
-0.000000e+00
-0.000000e+00
-0.000000e+00
-0.000000e+00
-0.000000e+00
-0.000000e+00
-0.000000e+00
-0.000000e+00
-0.000000e+00
-0.000000e+00
-0.000000e+00
-0.000000e+00
-0.000000e+00
-0.000000e+00
-0.000000e+00
-0.000000e+00
-0.000000e+00
-0.000000e+00
-0.000000e+00
-0.000000e+00
-0.000000e+00
-0.000000e+00
-0.000000e+00
-0.000000e+00
-0.000000e+00
-0.000000e+00
-0.000000e+00
-0.000000e+00
-0.000000e+00
-0.000000e+00
-0.000000e+00
-0.000000e+00
-0.000000e+00
-0.000000e+00
-0.000000e+00
-0.000000e+00
-0.000000e+00
-0.000000e+00
-0.000000e+00
-0.000000e+00
-0.000000e+00
-0.000000e+00
-0.000000e+00
-0.000000e+00
-0.000000e+00
-0.000000e+00
-0.000000e+00
-0.000000e+00
-0.000000e+00
-0.000000e+00
-0.000000e+00
-0.000000e+00
-0.000000e+00
-0.000000e+00
-0.000000e+00
-0.000000e+00
-0.000000e+00
-0.000000e+00
-0.000000e+00
-0.000000e+00
-0.000000e+00
-0.000000e+00
-0.000000e+00
-0.000000e+00
-0.000000e+00
-0.000000e+00
-0.000000e+00
-0.000000e+00
-0.000000e+00
-0.000000e+00
-0.000000e+00
-0.000000e+00
-0.000000e+00
-0.000000e+00
-0.000000e+00
-0.000000e+00
-0.000000e+00
-0.000000e+00
-0.000000e+00
-0.000000e+00
-0.000000e+00
-0.000000e+00
-0.000000e+00
-0.000000e+00
-0.000000e+00
-0.000000e+00
-0.000000e+00
-0.000000e+00
-0.000000e+00
-0.000000e+00
-0.000000e+00
-0.000000e+00
-0.000000e+00
-0.000000e+00
-0.000000e+00
-0.000000e+00
-0.000000e+00
-0.000000e+00
-0.000000e+00
-0.000000e+00
-0.000000e+00
-0.000000e+00
-0.000000e+00
-0.000000e+00
-0.000000e+00
-0.000000e+00
-0.000000e+00
-0.000000e+00
-0.000000e+00
-0.000000e+00
-0.000000e+00
-0.000000e+00
-0.000000e+00
-0.000000e+00
-0.000000e+00
-0.000000e+00
-0.000000e+00
-0.000000e+00
-0.000000e+00
-0.000000e+00
-0.000000e+00
-0.000000e+00
-0.000000e+00
-0.000000e+00
-0.000000e+00
-0.000000e+00
-0.000000e+00
-0.000000e+00
-0.000000e+00
-0.000000e+00
-0.000000e+00
-0.000000e+00
-0.000000e+00
-0.000000e+00
-0.000000e+00
-0.000000e+00
-0.000000e+00
-0.000000e+00
-0.000000e+00
-0.000000e+00
-0.000000e+00
-0.000000e+00
-0.000000e+00
-0.000000e+00
-0.000000e+00
-0.000000e+00
-0.000000e+00
-0.000000e+00
-0.000000e+00
-0.000000e+00
-0.000000e+00
-0.000000e+00
-0.000000e+00
-0.000000e+00
-0.000000e+00
-0.000000e+00
-0.000000e+00
-0.000000e+00
-0.000000e+00
-0.000000e+00
-0.000000e+00
-0.000000e+00
-0.000000e+00
-0.000000e+00
-0.000000e+00
-0.000000e+00
-0.000000e+00
-0.000000e+00
-0.000000e+00
-0.000000e+00
-0.000000e+00
-0.000000e+00
-0.000000e+00
-0.000000e+00
-0.000000e+00
-0.000000e+00
-0.000000e+00
-0.000000e+00
-0.000000e+00
-0.000000e+00
-0.000000e+00
-0.000000e+00
-0.000000e+00
-0.000000e+00
-0.000000e+00
-0.000000e+00
-0.000000e+00
-0.000000e+00
-0.000000e+00
-0.000000e+00
-0.000000e+00
-0.000000e+00
-0.000000e+00
-0.000000e+00
-0.000000e+00
-0.000000e+00
-0.000000e+00
-0.000000e+00
-0.000000e+00
-0.000000e+00
-0.000000e+00
-0.000000e+00
-0.000000e+00
-0.000000e+00
-0.000000e+00
-0.000000e+00
-0.000000e+00
-0.000000e+00
-0.000000e+00
-0.000000e+00
-0.000000e+00
-0.000000e+00
-0.000000e+00
-0.000000e+00
-0.000000e+00
-0.000000e+00
-0.000000e+00
-0.000000e+00
-0.000000e+00
-0.000000e+00
-0.000000e+00
-0.000000e+00
-0.000000e+00
-0.000000e+00
-0.000000e+00
-0.000000e+00
-0.000000e+00
-0.000000e+00
-0.000000e+00
-0.000000e+00
-0.000000e+00
-0.000000e+00
-0.000000e+00
-0.000000e+00
-0.000000e+00
-0.000000e+00
-0.000000e+00
-0.000000e+00
-0.000000e+00
-0.000000e+00
-0.000000e+00
-0.000000e+00
-0.000000e+00
-0.000000e+00
-0.000000e+00
-0.000000e+00
-0.000000e+00
-0.000000e+00
-0.000000e+00
-0.000000e+00
-0.000000e+00
-0.000000e+00
-0.000000e+00
-0.000000e+00
-0.000000e+00
-0.000000e+00
-0.000000e+00
-0.000000e+00
-0.000000e+00
-0.000000e+00
-0.000000e+00
-0.000000e+00
-0.000000e+00
-0.000000e+00
-0.000000e+00
-0.000000e+00
-0.000000e+00
-0.000000e+00
-0.000000e+00
-0.000000e+00
-0.000000e+00
-0.000000e+00
-0.000000e+00
-0.000000e+00
-0.000000e+00
-0.000000e+00
-0.000000e+00
-0.000000e+00
-0.000000e+00
-0.000000e+00
-0.000000e+00
-0.000000e+00
-0.000000e+00
-0.000000e+00
-0.000000e+00
-0.000000e+00
-0.000000e+00
-0.000000e+00
-0.000000e+00
-0.000000e+00
-0.000000e+00
-0.000000e+00
-0.000000e+00
-0.000000e+00
-0.000000e+00
-0.000000e+00
-0.000000e+00
-0.000000e+00
-0.000000e+00
-0.000000e+00
-0.000000e+00
-0.000000e+00
-0.000000e+00
-0.000000e+00
-0.000000e+00
-0.000000e+00
-0.000000e+00
-0.000000e+00
-0.000000e+00
-0.000000e+00
-0.000000e+00
-0.000000e+00
-0.000000e+00
-0.000000e+00
-0.000000e+00
-0.000000e+00
-0.000000e+00
-0.000000e+00
-0.000000e+00
-0.000000e+00
-0.000000e+00
-0.000000e+00
-0.000000e+00
-0.000000e+00
-0.000000e+00
-0.000000e+00
-0.000000e+00
-0.000000e+00
-0.000000e+00
-0.000000e+00
-0.000000e+00
-0.000000e+00
-0.000000e+00
-0.000000e+00
-0.000000e+00
-0.000000e+00
-0.000000e+00
-0.000000e+00
-0.000000e+00
-0.000000e+00
-0.000000e+00
-0.000000e+00
-0.000000e+00
-0.000000e+00
-0.000000e+00
-0.000000e+00
-0.000000e+00
-0.000000e+00
-0.000000e+00
-0.000000e+00
-0.000000e+00
-0.000000e+00
-0.000000e+00
-0.000000e+00
-0.000000e+00
-0.000000e+00
-0.000000e+00
-0.000000e+00
-0.000000e+00
-0.000000e+00
-0.000000e+00
-0.000000e+00
-0.000000e+00
-0.000000e+00
-0.000000e+00
-0.000000e+00
-0.000000e+00
-0.000000e+00
-0.000000e+00
-0.000000e+00
-0.000000e+00
-0.000000e+00
-0.000000e+00
-0.000000e+00
-0.000000e+00
-0.000000e+00
-0.000000e+00
-0.000000e+00
-0.000000e+00
-0.000000e+00
-0.000000e+00
-0.000000e+00
-0.000000e+00
-0.000000e+00
-0.000000e+00
-0.000000e+00
-0.000000e+00
-0.000000e+00
-0.000000e+00
-0.000000e+00
-0.000000e+00
-0.000000e+00
-0.000000e+00
-0.000000e+00
-0.000000e+00
-0.000000e+00
-0.000000e+00
-0.000000e+00
-0.000000e+00
-0.000000e+00
-0.000000e+00
-0.000000e+00
-0.000000e+00
-0.000000e+00
-0.000000e+00
-0.000000e+00
-0.000000e+00
-0.000000e+00
-0.000000e+00
-0.000000e+00
-0.000000e+00
-0.000000e+00
-0.000000e+00
-0.000000e+00
-0.000000e+00
-0.000000e+00
-0.000000e+00
-0.000000e+00
-0.000000e+00
-0.000000e+00
-0.000000e+00
-0.000000e+00
-0.000000e+00
-0.000000e+00
-0.000000e+00
-0.000000e+00
-0.000000e+00
-0.000000e+00
-0.000000e+00
-0.000000e+00
-0.000000e+00
-0.000000e+00
-0.000000e+00
-0.000000e+00
-0.000000e+00
-0.000000e+00
-0.000000e+00
-0.000000e+00
-0.000000e+00
-0.000000e+00
-0.000000e+00
-0.000000e+00
-0.000000e+00
-0.000000e+00
-0.000000e+00
-0.000000e+00
-0.000000e+00
-0.000000e+00
-0.000000e+00
-0.000000e+00
-0.000000e+00
-0.000000e+00
-0.000000e+00
-0.000000e+00
-0.000000e+00
-0.000000e+00
-0.000000e+00
-0.000000e+00
-0.000000e+00
-0.000000e+00
-0.000000e+00
-0.000000e+00
-0.000000e+00
-0.000000e+00
-0.000000e+00
-0.000000e+00
-0.000000e+00
-0.000000e+00
-0.000000e+00
-0.000000e+00
-0.000000e+00
-0.000000e+00
-0.000000e+00
-0.000000e+00
-0.000000e+00
-0.000000e+00
-0.000000e+00
-0.000000e+00
-0.000000e+00
-0.000000e+00
-0.000000e+00
-0.000000e+00
-0.000000e+00
-0.000000e+00
-0.000000e+00
-0.000000e+00
-0.000000e+00
-0.000000e+00
-0.000000e+00
-0.000000e+00
-0.000000e+00
-0.000000e+00
-0.000000e+00
-0.000000e+00
-0.000000e+00
-0.000000e+00
-0.000000e+00
-0.000000e+00
-0.000000e+00
-0.000000e+00
-0.000000e+00
-0.000000e+00
-0.000000e+00
-0.000000e+00
-0.000000e+00
-0.000000e+00
-0.000000e+00
-0.000000e+00
-0.000000e+00
-0.000000e+00
-0.000000e+00
-0.000000e+00
-0.000000e+00
-0.000000e+00
-0.000000e+00
-0.000000e+00
-0.000000e+00
-0.000000e+00
-0.000000e+00
-0.000000e+00
-0.000000e+00
-0.000000e+00
-0.000000e+00
-0.000000e+00
-0.000000e+00
-0.000000e+00
-0.000000e+00
-0.000000e+00
