0.001 3.18753e-25 -2.79373e-06
0.002 2.79062e-24 -8.3812e-06
0.003 1.1963e-23 -1.39687e-05
0.004 3.43165e-23 -1.95561e-05
0.005 7.60011e-23 -2.51436e-05
0.006 1.41529e-22 -3.07311e-05
0.007 2.33934e-22 -3.63185e-05
0.008 3.55316e-22 -4.1906e-05
0.009 5.0722e-22 -4.74934e-05
0.01 6.90873e-22 -5.30809e-05
0.011 9.07321e-22 -5.86684e-05
0.012 1.15751e-21 -6.42558e-05
0.013 1.44231e-21 -6.98433e-05
0.014 1.76256e-21 -7.54308e-05
0.015 2.11892e-21 -8.10182e-05
0.016 2.51164e-21 -8.66057e-05
0.017 2.94031e-21 -9.21932e-05
0.018 3.40405e-21 -9.77806e-05
0.019 3.902e-21 -0.000103368
0.02 4.43333e-21 -0.000108956
0.021 4.99653e-21 -0.000114543
0.022 5.58903e-21 -0.00012013
0.023 6.20846e-21 -0.000125718
0.024 6.85546e-21 -0.000131305
0.025 7.53509e-21 -0.000136893
0.026 8.25379e-21 -0.00014248
0.027 8.86534e-21 -0.000148068
0.028 8.96611e-21 -0.000153655
0.029 8.28649e-21 -0.000159243
0.03 7.12088e-21 -0.00016483
0.031 6.14601e-21 -0.000170418
0.032 5.81648e-21 -0.000176005
0.033 6.10273e-21 -0.000181593
0.034 6.79452e-21 -0.00018718
0.035 7.73659e-21 -0.000192768
0.036 8.81822e-21 -0.000198355
0.037 9.92979e-21 -0.000203942
0.038 1.09334e-20 -0.00020953
0.039 1.13888e-20 -0.000215117
0.04 1.04077e-20 -0.000220705
0.041 7.48304e-21 -0.000226292
0.042 3.35829e-21 -0.00023188
0.043 -3.97859e-22 -0.000237467
0.044 -2.7175e-21 -0.000243055
0.045 -3.61525e-21 -0.000248642
0.046 -3.53727e-21 -0.00025423
0.047 -2.82673e-21 -0.000259817
0.048 -1.70508e-21 -0.000265405
0.049 -3.11926e-22 -0.000270992
0.05 1.26307e-21 -0.000276579
0.051 2.9601e-21 -0.000282167
0.052 4.73758e-21 -0.000287754
0.053 6.56579e-21 -0.000293342
0.054 8.42278e-21 -0.000298929
0.055 1.02896e-20 -0.000304517
0.056 1.21447e-20 -0.000310104
0.057 1.39617e-20 -0.000315692
0.058 1.57129e-20 -0.000321279
0.059 1.73784e-20 -0.000326867
0.06 1.89536e-20 -0.000332454
0.061 2.04516e-20 -0.000338042
0.062 2.18973e-20 -0.000343629
0.063 2.33194e-20 -0.000349217
0.064 2.47442e-20 -0.000354804
0.065 2.61936e-20 -0.000360391
0.066 2.7685e-20 -0.000365979
0.067 2.92319e-20 -0.000371566
0.068 3.08443e-20 -0.000377154
0.069 3.25293e-20 -0.000382741
0.07 3.42919e-20 -0.000388328
0.071 3.61355e-20 -0.000393916
0.072 3.80619e-20 -0.000399503
0.073 3.88855e-20 -0.000405089
0.074 3.54194e-20 -0.000410675
0.075 2.56154e-20 -0.00041626
0.076 1.08164e-20 -0.000421842
0.077 -5.47528e-21 -0.000427422
0.078 -1.8751e-20 -0.000432996
0.079 -2.64474e-20 -0.000438561
0.08 -2.97583e-20 -0.000444114
0.081 -3.10376e-20 -0.000449646
0.082 -3.18196e-20 -0.000455148
0.083 -3.28129e-20 -0.000460605
0.084 -3.40772e-20 -0.000465996
0.085 -3.53033e-20 -0.000471295
0.086 -3.61369e-20 -0.000476464
0.087 -3.63496e-20 -0.000481457
0.088 -3.58447e-20 -0.000486212
0.089 -3.46233e-20 -0.000490656
0.09 -3.27725e-20 -0.0004947
0.091 -3.04653e-20 -0.000498243
0.092 -2.79399e-20 -0.000501172
0.093 -2.54417e-20 -0.000503368
0.094 -2.31547e-20 -0.00050471
0.095 -2.11665e-20 -0.000505091
0.096 -1.94817e-20 -0.000504421
0.097 -1.80603e-20 -0.000502643
0.098 -1.68524e-20 -0.000499746
0.099 -1.58161e-20 -0.000495775
0.1 -1.49222e-20 -0.000490837
0.101 -1.41511e-20 -0.000485103
0.102 -1.34864e-20 -0.000478802
0.103 -1.29114e-20 -0.000472208
0.104 -1.24071e-20 -0.000465615
0.105 -1.19524e-20 -0.00045931
0.106 -1.15256e-20 -0.000453539
0.107 -1.11052e-20 -0.000448478
0.108 -1.06707e-20 -0.000444206
0.109 -1.02042e-20 -0.00044069
0.11 -9.68991e-21 -0.000437788
0.111 -9.11449e-21 -0.000435269
0.112 -8.46518e-21 -0.000432842
0.113 -7.72878e-21 -0.000430212
0.114 -6.89144e-21 -0.000427124
0.115 -5.94035e-21 -0.000423412
0.116 -4.86658e-21 -0.000419032
0.117 -3.66808e-21 -0.000414071
0.118 -2.35172e-21 -0.000408732
0.119 -9.33532e-22 -0.00040329
0.12 5.62876e-22 -0.000398038
0.121 2.10991e-21 -0.000393218
0.122 3.68179e-21 -0.000388973
0.123 5.26248e-21 -0.000385306
0.124 6.85412e-21 -0.000382086
0.125 8.48212e-21 -0.000379075
0.126 1.01933e-20 -0.000375988
0.127 1.20468e-20 -0.000372568
0.128 1.41014e-20 -0.000368646
0.129 1.64032e-20 -0.00036419
0.13 1.89772e-20 -0.000359312
0.131 2.18229e-20 -0.000354236
0.132 2.49153e-20 -0.000349238
0.133 2.82085e-20 -0.000344563
0.134 3.16429e-20 -0.000340363
0.135 3.51534e-20 -0.000336644
0.136 3.86771e-20 -0.000333274
0.137 4.21604e-20 -0.000330016
0.138 4.55619e-20 -0.000326606
0.139 4.88537e-20 -0.00032283
0.14 5.20195e-20 -0.000318594
0.141 5.50508e-20 -0.000313949
0.142 5.79435e-20 -0.000309078
0.143 6.06954e-20 -0.000304233
0.144 6.33045e-20 -0.00029965
0.145 6.57696e-20 -0.000295479
0.146 6.8092e-20 -0.000291724
0.147 7.02775e-20 -0.000288253
0.148 7.23375e-20 -0.000284836
0.149 7.42888e-20 -0.000281232
0.15 7.6152e-20 -0.000277266
0.151 7.7948e-20 -0.000272896
0.152 7.96952e-20 -0.000268222
0.153 8.14064e-20 -0.000263453
0.154 8.30879e-20 -0.000258826
0.155 8.47407e-20 -0.000254524
0.156 8.63626e-20 -0.000250607
0.157 8.79525e-20 -0.000246991
0.158 8.95122e-20 -0.000243484
0.159 9.10486e-20 -0.000239853
0.16 9.25726e-20 -0.000235918
0.161 9.40963e-20 -0.000231618
0.162 9.56298e-20 -0.000227031
0.163 9.71784e-20 -0.000222347
0.164 9.87407e-20 -0.000217788
0.165 1.0031e-19 -0.000213525
0.166 1.01873e-19 -0.000209609
0.167 1.03403e-19 -0.000205953
0.168 1.04821e-19 -0.000202368
0.169 1.05963e-19 -0.00019864
0.17 1.01839e-19 -0.000194615
0.171 7.94632e-20 -0.000190262
0.172 3.05414e-20 -0.000185686
0.173 -3.45891e-20 -0.000181079
0.174 -9.31082e-20 -0.000176645
0.175 -1.3031e-19 -0.000172512
0.176 -1.48812e-19 -0.000168681
0.177 -1.5791e-19 -0.000165026
0.178 -1.6444e-19 -0.00016135
0.179 -1.72139e-19 -0.000157467
0.18 -1.82201e-19 -0.000153283
0.181 -1.93904e-19 -0.000148833
0.182 -2.05653e-19 -0.000144264
0.183 -2.16169e-19 -0.000139774
0.184 -2.24982e-19 -0.000135524
0.185 -2.32197e-19 -0.000131566
0.186 -2.38093e-19 -0.000127827
0.187 -2.42744e-19 -0.000124137
0.188 -2.45607e-19 -0.000120308
0.189 -2.45191e-19 -0.000116217
0.19 -2.38323e-19 -0.000111857
0.191 -2.17882e-19 -0.000107341
0.192 -1.71483e-19 -0.000102851
0.193 -8.59219e-20 -9.85534e-05
0.194 6.39657e-20 -9.45266e-05
0.195 3.42435e-19 -9.07255e-05
0.196 8.13892e-19 -8.70038e-05
0.197 1.45316e-18 -8.31811e-05
0.198 2.58742e-18 -7.91257e-05
0.199 5.29606e-18 -7.48138e-05
0.2 8.38108e-18 -7.03396e-05
0.201 8.84871e-18 -6.58706e-05
0.202 7.12959e-18 -6.15695e-05
0.203 4.73622e-18 -5.75191e-05
0.204 1.99587e-18 -5.36849e-05
0.205 -3.31965e-18 -4.99321e-05
0.206 -9.4764e-18 -4.60899e-05
0.207 -1.27263e-17 -4.20317e-05
0.208 -1.39013e-17 -3.77338e-05
0.209 -1.06966e-17 -3.32857e-05
0.21 -4.18263e-18 -2.88465e-05
0.211 1.52994e-18 -2.4569e-05
0.212 6.11451e-18 -2.05273e-05
0.213 9.17757e-18 -1.66823e-05
0.214 1.06617e-17 -1.29018e-05
0.215 1.12211e-17 -9.02448e-06
0.216 8.08704e-18 -4.93738e-06
0.217 2.02094e-18 -6.29888e-07
0.218 -3.12151e-18 3.80245e-06
0.219 -7.10672e-18 8.20506e-06
0.22 -9.76156e-18 1.24397e-05
0.221 -1.11594e-17 1.64515e-05
0.222 -8.49822e-18 2.02942e-05
0.223 -2.66335e-18 2.41035e-05
0.224 2.30561e-18 2.80295e-05
0.225 6.09835e-18 3.21634e-05
0.226 8.54244e-18 3.64935e-05
0.227 9.7113e-18 4.09117e-05
0.228 7.91509e-18 4.5268e-05
0.229 2.75368e-18 4.94449e-05
0.23 -2.6289e-18 5.34147e-05
0.231 -6.55531e-18 5.72528e-05
0.232 -9.18454e-18 6.10988e-05
0.233 -1.05814e-17 6.50868e-05
0.234 -9.13899e-18 6.92785e-05
0.235 -4.29676e-18 7.36334e-05
0.236 1.14847e-18 7.80297e-05
0.237 5.361e-18 8.23267e-05
0.238 8.06018e-18 8.64348e-05
0.239 9.24883e-18 9.03606e-05
0.24 7.67752e-18 9.42022e-05
0.241 3.03421e-18 9.8099e-05
0.242 -2.01232e-18 0.000102161
0.243 -6.63789e-18 0.000106413
0.244 -1.05918e-17 0.000110784
0.245 -1.07391e-17 0.000115142
0.246 -7.75122e-18 0.000119365
0.247 -4.6241e-18 0.0001234
0.248 1.09235e-18 0.000127289
0.249 8.32037e-18 0.000131151
0.25 1.32839e-17 0.000135114
0.251 1.33495e-17 0.000139255
0.252 9.56046e-18 0.000143556
0.253 4.64358e-18 0.000147919
0.254 -2.4198e-18 0.000152212
0.255 -9.57241e-18 0.00015634
0.256 -1.29473e-17 0.000160293
0.257 -1.18576e-17 0.000164149
0.258 -8.86488e-18 0.00016803
0.259 -4.04925e-18 0.000172043
0.26 2.92738e-18 0.000176217
0.261 9.31122e-18 0.00018049
0.262 1.12033e-17 0.000184741
0.263 8.77746e-18 0.000188847
0.264 5.7018e-18 0.000192747
0.265 1.13363e-18 0.000196467
0.266 -5.42971e-18 0.000200101
0.267 -1.12826e-17 0.000203753
0.268 -1.211e-17 0.000207478
0.269 -8.87318e-18 0.000211239
0.27 -4.55132e-18 0.000214921
0.271 2.11583e-18 0.000218378
0.272 9.04779e-18 0.000221495
0.273 1.2104e-17 0.000224231
0.274 1.08089e-17 0.000226625
0.275 7.94507e-18 0.000228752
0.276 4.22535e-18 0.000230665
0.277 1.8289e-19 0.000232342
0.278 -3.05531e-18 0.000233679
0.279 -5.3798e-18 0.000234523
0.28 -6.96746e-18 0.000234734
0.281 -5.23963e-18 0.00023424
0.282 -7.12585e-19 0.00023306
0.283 2.97621e-18 0.000231285
0.284 5.39756e-18 0.000229019
0.285 6.69062e-18 0.00022633
0.286 4.38053e-18 0.000223223
0.287 -8.33515e-19 0.000219651
0.288 -4.89364e-18 0.000215573
0.289 -7.53175e-18 0.000211007
0.29 -8.06658e-18 0.000206061
0.291 -6.70748e-18 0.000200926
0.292 -4.55287e-18 0.000195825
0.293 -8.84833e-19 0.000190945
0.294 3.46506e-18 0.000186399
0.295 5.65435e-18 0.000182209
0.296 5.07542e-18 0.000178348
0.297 3.41316e-18 0.000174785
0.298 1.77896e-18 0.000171525
0.299 4.62741e-19 0.00016862
0.3 -8.26073e-19 0.000166127
0.301 -2.11347e-18 0.000164061
0.302 -2.98144e-18 0.00016235
0.303 -3.11612e-18 0.000160828
0.304 -2.50239e-18 0.000159274
0.305 -1.78584e-18 0.000157473
0.306 -1.03266e-18 0.000155281
0.307 -2.47434e-19 0.000152654
0.308 3.45904e-19 0.000149635
0.309 7.76511e-19 0.000146313
0.31 1.08445e-18 0.000142768
0.311 1.31465e-18 0.000139048
0.312 1.5088e-18 0.000135173
0.313 1.47854e-18 0.00013117
0.314 1.28571e-18 0.000127114
0.315 1.1926e-18 0.000123139
0.316 1.18005e-18 0.000119417
0.317 1.02036e-18 0.000116102
0.318 7.32239e-19 0.000113268
0.319 5.10977e-19 0.000110876
0.32 2.94485e-19 0.000108777
0.321 6.01047e-20 0.000106766
0.322 -1.83089e-19 0.000104646
0.323 1.23887e-20 0.000102284
0.324 9.97611e-19 9.96311e-05
0.325 1.2702e-18 9.67056e-05
0.326 9.20819e-19 9.35506e-05
0.327 5.64462e-19 9.02011e-05
0.328 -1.81489e-19 8.6674e-05
0.329 -1.01012e-18 8.29882e-05
0.33 -1.66063e-18 7.91974e-05
0.331 -1.9459e-18 7.54115e-05
0.332 -2.16867e-18 7.17857e-05
0.333 -2.36374e-18 6.84755e-05
0.334 -2.31876e-18 6.55766e-05
0.335 -2.07387e-18 6.3078e-05
0.336 -1.88509e-18 6.08535e-05
0.337 -1.51842e-18 5.86996e-05
0.338 -9.99208e-19 5.64028e-05
0.339 -5.87927e-19 5.38088e-05
0.34 -2.73909e-19 5.08626e-05
0.341 -2.73533e-20 4.76063e-05
0.342 1.85182e-19 4.41418e-05
0.343 3.89392e-19 4.05817e-05
0.344 5.92681e-19 3.70143e-05
0.345 7.90282e-19 3.34962e-05
0.346 9.86452e-20 3.00693e-05
0.347 -8.70914e-19 2.67815e-05
0.348 -6.88887e-19 2.3693e-05
0.349 -8.06964e-21 2.08556e-05
0.35 5.44733e-19 1.82772e-05
0.351 9.50801e-19 1.58904e-05
0.352 1.23883e-18 1.355e-05
0.353 1.42064e-18 1.10687e-05
0.354 1.48819e-18 8.28055e-06
0.355 5.5496e-19 5.10544e-06
0.356 -1.38178e-18 1.58383e-06
0.357 -3.3295e-18 -2.13486e-06
0.358 -4.7308e-18 -5.84667e-06
0.359 -4.81667e-18 -9.36619e-06
0.36 -2.78196e-18 -1.25866e-05
0.361 9.10989e-19 -1.55025e-05
0.362 4.50631e-18 -1.81921e-05
0.363 7.02392e-18 -2.0772e-05
0.364 7.1393e-18 -2.33518e-05
0.365 4.74388e-18 -2.60077e-05
0.366 1.16506e-18 -2.87826e-05
0.367 -1.21019e-18 -3.17017e-05
0.368 -1.26922e-18 -3.4785e-05
0.369 -7.23521e-19 -3.8045e-05
0.37 -3.23552e-19 -4.1467e-05
0.371 1.25431e-19 -4.49877e-05
0.372 5.98554e-19 -4.84917e-05
0.373 1.26866e-18 -5.18373e-05
0.374 1.85067e-18 -5.49063e-05
0.375 1.90609e-18 -5.76579e-05
0.376 2.16169e-18 -6.01586e-05
0.377 1.65967e-18 -6.25696e-05
0.378 -1.08697e-19 -6.5092e-05
0.379 -1.81746e-18 -6.78916e-05
0.38 -3.01473e-18 -7.10366e-05
0.381 -3.51723e-18 -7.44735e-05
0.382 -3.49673e-18 -7.80541e-05
0.383 -3.10548e-18 -8.15957e-05
0.384 -2.40164e-18 -8.49501e-05
0.385 -1.41031e-18 -8.80495e-05
0.386 -2.52899e-19 -9.09143e-05
0.387 6.61927e-19 -9.36271e-05
0.388 1.26748e-18 -9.62904e-05
0.389 1.61703e-18 -9.89918e-05
0.39 1.79543e-18 -0.000101789
0.391 1.6426e-18 -0.000104712
0.392 1.213e-18 -0.000107778
0.393 7.63954e-19 -0.000110986
0.394 3.23812e-19 -0.000114319
0.395 -3.03388e-20 -0.000117722
0.396 -2.3225e-19 -0.000121102
0.397 -2.88458e-19 -0.000124348
0.398 -2.4589e-19 -0.000127368
0.399 -1.4729e-19 -0.000130137
0.4 -2.22255e-20 -0.000132718
0.401 1.10077e-19 -0.000135256
0.402 2.37965e-19 -0.000137927
0.403 3.55292e-19 -0.000140869
0.404 4.59694e-19 -0.000144121
0.405 5.46603e-19 -0.000147606
0.406 6.05318e-19 -0.000151157
0.407 4.10994e-19 -0.000154586
0.408 1.41585e-20 -0.000157756
0.409 -3.0572e-19 -0.000160635
0.41 -5.47191e-19 -0.000163299
0.411 -7.27854e-19 -0.000165894
0.412 -6.47145e-19 -0.000168572
0.413 -3.70469e-19 -0.000171438
0.414 -1.81805e-19 -0.000174515
0.415 -7.60025e-20 -0.00017776
0.416 -2.62102e-20 -0.000181086
0.417 -1.22341e-20 -0.000184404
0.418 -2.0994e-20 -0.000187647
0.419 -4.48485e-20 -0.000190777
0.42 -7.96552e-20 -0.00019378
0.421 -1.22949e-19 -0.000196663
0.422 -1.63637e-19 -0.000199453
0.423 -1.75713e-19 -0.000202201
0.424 -1.43549e-19 -0.000204983
0.425 -7.93458e-20 -0.000207884
0.426 -3.4569e-21 -0.000210966
0.427 6.16735e-20 -0.000214239
0.428 8.42255e-20 -0.000217636
0.429 4.58342e-20 -0.000221034
0.43 -4.2445e-20 -0.000224289
0.431 -1.60738e-19 -0.000227301
0.432 -2.9637e-19 -0.000230062
0.433 -4.42633e-19 -0.000232664
0.434 -5.90836e-19 -0.000235272
0.435 -7.25791e-19 -0.000238053
0.436 -8.40328e-19 -0.000241103
0.437 -9.45958e-19 -0.000244408
0.438 -1.06831e-18 -0.000247848
0.439 -1.04e-18 -0.000251251
0.44 -9.67901e-19 -0.000254462
0.441 -1.55779e-18 -0.000257409
0.442 -3.93243e-18 -0.000260126
0.443 -7.09957e-18 -0.000262728
0.444 -7.94457e-18 -0.000265356
0.445 -6.52005e-18 -0.00026812
0.446 -4.30775e-18 -0.000271054
0.447 -1.89448e-18 -0.000274119
0.448 1.4297e-18 -0.000277222
0.449 6.25143e-18 -0.000280262
0.45 1.03872e-17 -0.000283155
0.451 1.27548e-17 -0.000285859
0.452 1.28496e-17 -0.000288368
0.453 9.00326e-18 -0.000290698
0.454 3.21006e-18 -0.000292884
0.455 -2.80793e-18 -0.000294964
0.456 -8.68337e-18 -0.000296975
0.457 -1.00699e-17 -0.00029894
0.458 -7.64449e-18 -0.000300858
0.459 -5.25747e-18 -0.000302679
0.46 -1.98979e-18 -0.000304312
0.461 2.02604e-18 -0.000305635
0.462 5.29001e-18 -0.000306533
0.463 7.48029e-18 -0.000306943
0.464 7.55029e-18 -0.000306881
0.465 5.98602e-18 -0.000306434
0.466 4.3303e-18 -0.000305727
0.467 2.68471e-18 -0.00030486
0.468 1.51406e-19 -0.000303856
0.469 -2.90793e-18 -0.000302644
0.47 -5.27695e-18 -0.000301086
0.471 -5.77502e-18 -0.000299039
0.472 -4.86079e-18 -0.000296428
0.473 -4.12395e-18 -0.000293288
0.474 -3.46482e-18 -0.000289765
0.475 -2.99556e-18 -0.000286066
0.476 -2.26006e-18 -0.000282382
0.477 -2.58294e-19 -0.000278832
0.478 1.48226e-18 -0.000275429
0.479 1.21365e-18 -0.000272113
0.48 3.0167e-19 -0.000268797
0.481 -1.09093e-19 -0.000265438
0.482 -1.59918e-19 -0.000262066
0.483 8.24049e-19 -0.00025879
0.484 3.35454e-18 -0.00025575
0.485 4.90256e-18 -0.000253075
0.486 4.36605e-18 -0.000250829
0.487 2.25757e-18 -0.000249
0.488 -1.52524e-18 -0.000247506
0.489 -5.32645e-18 -0.000246229
0.49 -8.03785e-18 -0.000245045
0.491 -9.53903e-18 -0.00024385
0.492 -7.67479e-18 -0.000242569
0.493 -2.38735e-18 -0.000241156
0.494 3.11502e-18 -0.000239592
0.495 7.40604e-18 -0.000237872
0.496 1.02641e-17 -0.000236003
0.497 1.18538e-17 -0.000233993
0.498 1.12228e-17 -0.000231837
0.499 8.6319e-18 -0.000229513
0.5 2.98789e-18 -0.000226984
0.501 -4.77068e-18 -0.000224217
0.502 -1.08694e-17 -0.000221207
0.503 -1.23776e-17 -0.00021801
0.504 -9.68053e-18 -0.000214747
0.505 -6.35998e-18 -0.000211589
0.506 -1.29049e-18 -0.000208705
0.507 5.57851e-18 -0.000206208
0.508 9.82522e-18 -0.000204114
0.509 9.69383e-18 -0.000202338
0.51 7.60529e-18 -0.000200725
0.511 5.3587e-18 -0.000199118
0.512 3.13874e-18 -0.000197413
0.513 1.55397e-19 -0.000195594
0.514 -2.97619e-18 -0.000193713
0.515 -5.21442e-18 -0.000191846
0.516 -5.80704e-18 -0.000190024
0.517 -3.04653e-18 -0.000188203
0.518 1.36099e-18 -0.000186265
0.519 4.65259e-18 -0.00018407
0.52 6.54037e-18 -0.000181524
0.521 5.49339e-18 -0.000178635
0.522 1.20544e-18 -0.000175523
0.523 -3.4378e-18 -0.000172387
0.524 -6.83196e-18 -0.000169435
0.525 -9.00047e-18 -0.000166814
0.526 -8.96148e-18 -0.000164564
0.527 -7.23731e-18 -0.000162622
0.528 -5.19045e-18 -0.000160862
0.529 -1.89703e-18 -0.00015915
0.53 1.9573e-18 -0.000157392
0.531 4.88796e-18 -0.000155551
0.532 7.05926e-18 -0.000153633
0.533 7.38106e-18 -0.000151659
0.534 4.31585e-18 -0.000149632
0.535 -2.05745e-19 -0.000147528
0.536 -3.23667e-18 -0.000145303
0.537 -4.8003e-18 -0.000142914
0.538 -4.94654e-18 -0.000140347
0.539 -3.3102e-18 -0.000137631
0.54 -1.32581e-18 -0.000134837
0.541 -7.52465e-20 -0.000132064
0.542 1.51601e-18 -0.000129419
0.543 2.68159e-18 -0.000126993
0.544 2.72114e-18 -0.000124836
0.545 2.80258e-18 -0.000122946
0.546 2.14192e-18 -0.000121263
0.547 9.69784e-19 -0.000119675
0.548 7.93403e-19 -0.000118041
0.549 1.35506e-18 -0.000116229
0.55 1.85216e-18 -0.00011415
0.551 2.1358e-18 -0.000111786
0.552 2.20399e-18 -0.000109198
0.553 2.53699e-18 -0.0001065
0.554 2.62684e-18 -0.00010382
0.555 1.98556e-18 -0.00010125
0.556 7.00452e-19 -9.88219e-05
0.557 -1.90781e-18 -9.65097e-05
0.558 -4.99085e-18 -9.42605e-05
0.559 -6.48039e-18 -9.20357e-05
0.56 -6.11064e-18 -8.98395e-05
0.561 -5.1833e-18 -8.77174e-05
0.562 -3.92243e-18 -8.57236e-05
0.563 -2.39577e-18 -8.38742e-05
0.564 -1.78928e-19 -8.21132e-05
0.565 2.5981e-18 -8.03142e-05
0.566 4.86285e-18 -7.83222e-05
0.567 5.27621e-18 -7.602e-05
0.568 3.28611e-18 -7.33871e-05
0.569 1.22739e-18 -7.05221e-05
0.57 1.57205e-19 -6.76138e-05
0.571 -5.5637e-19 -6.48713e-05
0.572 -6.41732e-19 -6.24443e-05
0.573 -2.94605e-19 -6.03681e-05
0.574 -1.02283e-19 -5.85577e-05
0.575 -5.16876e-20 -5.68512e-05
0.576 -7.54604e-20 -5.50804e-05
0.577 -1.06333e-19 -5.31339e-05
0.578 -1.03003e-19 -5.09878e-05
0.579 -6.22264e-20 -4.86913e-05
0.58 7.27022e-21 -4.63237e-05
0.581 1.03923e-19 -4.39464e-05
0.582 2.39665e-19 -4.15768e-05
0.583 4.58205e-19 -3.91936e-05
0.584 8.26272e-19 -3.67683e-05
0.585 1.36886e-18 -3.43007e-05
0.586 2.46226e-18 -3.1836e-05
0.587 4.76181e-18 -2.94542e-05
0.588 6.95129e-18 -2.72346e-05
0.589 8.36349e-18 -2.52146e-05
0.59 8.16877e-18 -2.33629e-05
0.591 4.95509e-18 -2.15824e-05
0.592 7.82123e-19 -1.97406e-05
0.593 -3.03576e-18 -1.77162e-05
0.594 -6.46467e-18 -1.54414e-05
0.595 -9.10118e-18 -1.2925e-05
0.596 -1.15061e-17 -1.02478e-05
0.597 -1.20214e-17 -7.53584e-06
0.598 -8.85294e-18 -4.9205e-06
0.599 -4.10167e-18 -2.50119e-06
0.6 1.35099e-18 -3.19347e-07
0.601 5.15932e-18 1.64958e-06
0.602 5.47585e-18 3.48616e-06
0.603 4.88331e-18 5.30261e-06
0.604 4.21504e-18 7.21062e-06
0.605 3.49855e-18 9.29e-06
0.606 2.66231e-18 1.15672e-05
0.607 1.6132e-18 1.40104e-05
0.608 7.48624e-19 1.65438e-05
0.609 4.60681e-19 1.90756e-05
0.61 -7.01708e-19 2.15298e-05
0.611 -3.06078e-18 2.38688e-05
0.612 -3.71068e-18 2.60975e-05
0.613 -1.62368e-18 2.8249e-05
0.614 1.22359e-18 3.03611e-05
0.615 2.35731e-18 3.24556e-05
0.616 2.15253e-18 3.4535e-05
0.617 1.05815e-18 3.65944e-05
0.618 -6.09874e-19 3.86436e-05
0.619 -1.75283e-18 4.07209e-05
0.62 -2.43065e-18 4.28878e-05
0.621 -2.80916e-18 4.5201e-05
0.622 -2.56809e-18 4.76752e-05
0.623 -1.85695e-18 5.02568e-05
0.624 -1.24813e-18 5.28276e-05
0.625 -7.46413e-19 5.52435e-05
0.626 -3.14485e-19 5.73937e-05
0.627 6.62389e-20 5.9255e-05
0.628 4.14294e-19 6.09126e-05
0.629 1.22535e-18 6.25326e-05
0.63 2.44566e-18 6.42961e-05
0.631 4.36197e-18 6.63228e-05
0.632 6.26145e-18 6.86182e-05
0.633 7.10654e-18 7.10702e-05
0.634 7.08777e-18 7.34953e-05
0.635 5.61117e-18 7.5715e-05
0.636 3.47772e-18 7.76244e-05
0.637 9.66227e-19 7.92242e-05
0.638 -2.1796e-18 8.06032e-05
0.639 -4.9486e-18 8.18848e-05
0.64 -5.67807e-18 8.31646e-05
0.641 -3.9746e-18 8.44712e-05
0.642 -2.26836e-18 8.57652e-05
0.643 -3.52851e-19 8.69708e-05
0.644 1.67575e-18 8.80199e-05
0.645 2.9308e-18 8.88809e-05
0.646 2.82683e-18 8.95592e-05
0.647 1.46162e-18 9.00709e-05
0.648 -6.30574e-19 9.04103e-05
0.649 -3.98102e-18 9.05313e-05
0.65 -4.80942e-18 9.03582e-05
0.651 -2.42359e-18 8.98209e-05
0.652 -1.00535e-19 8.88958e-05
0.653 1.29424e-18 8.7629e-05
0.654 2.27015e-18 8.61266e-05
0.655 3.42008e-18 8.45133e-05
0.656 3.51699e-18 8.28795e-05
0.657 1.99953e-18 8.12404e-05
0.658 -1.93403e-18 7.95296e-05
0.659 -7.12358e-18 7.76295e-05
0.66 -1.03989e-17 7.54269e-05
0.661 -1.06436e-17 7.28681e-05
0.662 -8.53728e-18 6.99906e-05
0.663 -5.62929e-18 6.69185e-05
0.664 -1.41329e-18 6.38243e-05
0.665 3.67815e-18 6.08757e-05
0.666 7.91639e-18 5.8187e-05
0.667 1.04347e-17 5.57947e-05
0.668 1.11652e-17 5.36611e-05
0.669 1.01952e-17 5.17032e-05
0.67 6.81899e-18 4.98319e-05
0.671 1.76111e-18 4.79869e-05
0.672 -2.72902e-18 4.61567e-05
0.673 -4.99475e-18 4.43783e-05
0.674 -5.66604e-18 4.27192e-05
0.675 -4.95911e-18 4.12502e-05
0.676 -2.09003e-18 4.00172e-05
0.677 1.06969e-18 3.90216e-05
0.678 3.49741e-18 3.82153e-05
0.679 4.0877e-18 3.75103e-05
0.68 2.02424e-18 3.68008e-05
0.681 -1.94097e-18 3.59876e-05
0.682 -6.22975e-18 3.49985e-05
0.683 -8.76244e-18 3.3797e-05
0.684 -8.9403e-18 3.23787e-05
0.685 -7.36108e-18 3.07601e-05
0.686 -5.02645e-18 2.89661e-05
0.687 -2.74749e-18 2.7024e-05
0.688 6.58455e-19 2.49642e-05
0.689 4.06236e-18 2.28249e-05
0.69 5.66094e-18 2.06534e-05
0.691 5.87138e-18 1.84993e-05
0.692 4.69733e-18 1.64011e-05
0.693 3.39032e-18 1.43718e-05
0.694 2.0709e-18 1.23956e-05
0.695 7.83135e-19 1.04406e-05
0.696 2.11585e-19 8.48475e-06
0.697 1.95524e-19 6.54353e-06
0.698 2.8704e-19 4.68169e-06
0.699 3.37779e-19 2.99854e-06
0.7 2.90419e-19 1.58728e-06
0.701 -6.90194e-20 4.84841e-07
0.702 -6.70036e-19 -3.63802e-07
0.703 -1.21224e-18 -1.10563e-06
0.704 -1.45889e-18 -1.93829e-06
0.705 -5.91318e-19 -3.04169e-06
0.706 1.79768e-18 -4.5116e-06
0.707 3.57079e-18 -6.32575e-06
0.708 3.51274e-18 -8.35902e-06
0.709 1.32433e-18 -1.04419e-05
0.71 -1.90514e-18 -1.24349e-05
0.711 -3.89383e-18 -1.42846e-05
0.712 -2.29224e-18 -1.60351e-05
0.713 1.77718e-18 -1.77918e-05
0.714 5.28003e-18 -1.96556e-05
0.715 8.03779e-18 -2.16636e-05
0.716 9.27579e-18 -2.37624e-05
0.717 7.60666e-18 -2.5829e-05
0.718 2.93876e-18 -2.77247e-05
0.719 -3.32241e-18 -2.93565e-05
0.72 -9.19086e-18 -3.07141e-05
0.721 -1.19734e-17 -3.1869e-05
0.722 -1.15055e-17 -3.29385e-05
0.723 -7.88441e-18 -3.40381e-05
0.724 -2.08573e-18 -3.52445e-05
0.725 2.96121e-18 -3.65879e-05
0.726 6.40541e-18 -3.80675e-05
0.727 8.29068e-18 -3.96786e-05
0.728 8.27866e-18 -4.14272e-05
0.729 5.6604e-18 -4.3325e-05
0.73 7.48411e-19 -4.5367e-05
0.731 -4.04699e-18 -4.75086e-05
0.732 -7.35541e-18 -4.96611e-05
0.733 -9.19341e-18 -5.17139e-05
0.734 -8.82294e-18 -5.35751e-05
0.735 -5.18141e-18 -5.52105e-05
0.736 -4.42681e-19 -5.66601e-05
0.737 2.7965e-18 -5.802e-05
0.738 4.43411e-18 -5.93974e-05
0.739 4.1759e-18 -6.08604e-05
0.74 2.68892e-18 -6.24095e-05
0.741 9.47884e-19 -6.3984e-05
0.742 -3.99908e-19 -6.5503e-05
0.743 -9.96216e-19 -6.69187e-05
0.744 -1.12599e-18 -6.82543e-05
0.745 -1.13872e-18 -6.96058e-05
0.746 -1.27816e-18 -7.11041e-05
0.747 -1.18115e-18 -7.28559e-05
0.748 -5.04737e-19 -7.48886e-05
0.749 -2.93255e-19 -7.7128e-05
0.75 -8.96606e-19 -7.94186e-05
0.751 -1.57502e-18 -8.15784e-05
0.752 -2.54076e-18 -8.34648e-05
0.753 -3.14497e-18 -8.50238e-05
0.754 -3.82147e-18 -8.63034e-05
0.755 -5.02885e-18 -8.74289e-05
0.756 -5.33716e-18 -8.85527e-05
0.757 -3.55979e-18 -8.98009e-05
0.758 -6.34792e-19 -9.1238e-05
0.759 2.55933e-18 -9.28593e-05
0.76 5.82112e-18 -9.46097e-05
0.761 7.34367e-18 -9.64172e-05
0.762 6.60029e-18 -9.82242e-05
0.763 5.04121e-18 -0.000100006
0.764 2.57156e-18 -0.000101769
0.765 -4.95251e-19 -0.000103538
0.766 -1.73968e-18 -0.000105332
0.767 -1.53327e-18 -0.00010715
0.768 -8.06171e-19 -0.000108965
0.769 1.86614e-19 -0.000110728
0.77 8.82539e-19 -0.000112392
0.771 1.73165e-18 -0.000113924
0.772 3.56952e-18 -0.000115327
0.773 5.71055e-18 -0.00011664
0.774 6.68527e-18 -0.000117931
0.775 4.53032e-18 -0.000119281
0.776 8.74945e-19 -0.00012076
0.777 -2.83331e-18 -0.000122408
0.778 -6.42197e-18 -0.000124228
0.779 -8.14806e-18 -0.000126182
0.78 -7.57338e-18 -0.000128208
0.781 -5.33665e-18 -0.000130228
0.782 -1.94228e-18 -0.000132166
0.783 7.24825e-20 -0.000133964
0.784 -3.83732e-19 -0.000135589
0.785 -9.3012e-19 -0.00013704
0.786 -9.17066e-19 -0.000138356
0.787 -4.17806e-19 -0.000139606
0.788 2.58832e-20 -0.000140883
0.789 3.99626e-19 -0.000142276
0.79 7.25807e-19 -0.000143848
0.791 1.04201e-18 -0.000145612
0.792 1.37432e-18 -0.000147525
0.793 1.27916e-18 -0.000149497
0.794 8.24963e-19 -0.000151427
0.795 5.35462e-19 -0.000153238
0.796 3.91459e-19 -0.000154908
0.797 3.45968e-19 -0.000156473
0.798 3.64514e-19 -0.000158004
0.799 4.24915e-19 -0.000159569
0.8 5.14367e-19 -0.000161197
0.801 6.25954e-19 -0.000162857
0.802 7.55167e-19 -0.00016448
0.803 8.98003e-19 -0.000166001
0.804 1.05067e-18 -0.000167399
0.805 1.20979e-18 -0.000168731
0.806 1.37248e-18 -0.00017011
0.807 1.52698e-18 -0.00017166
0.808 1.64609e-18 -0.000173452
0.809 1.27228e-18 -0.000175461
0.81 4.98567e-19 -0.000177559
0.811 -1.22172e-19 -0.000179563
0.812 -5.90463e-19 -0.000181307
0.813 -9.52378e-19 -0.000182714
0.814 -1.26293e-18 -0.000183826
0.815 -1.56002e-18 -0.000184786
0.816 -1.40895e-18 -0.000185779
0.817 -8.86005e-19 -0.000186952
0.818 -5.2186e-19 -0.000188356
0.819 -3.02534e-19 -0.000189943
0.82 -1.8492e-19 -0.000191589
0.821 -1.3818e-19 -0.000193159
0.822 -1.42813e-19 -0.000194563
0.823 -1.8596e-19 -0.000195771
0.824 -2.5824e-19 -0.000196813
0.825 -3.3396e-19 -0.000197734
0.826 -3.58194e-19 -0.000198561
0.827 -2.77501e-19 -0.000199289
0.828 -8.14374e-20 -0.000199887
0.829 1.71955e-19 -0.000200327
0.83 1.25315e-18 -0.000200608
0.831 2.8907e-18 -0.000200762
0.832 3.98208e-18 -0.000200838
0.833 3.29691e-18 -0.000200872
0.834 1.27093e-18 -0.000200863
0.835 -3.64474e-19 -0.000200769
0.836 -1.58556e-18 -0.00020052
0.837 -2.49549e-18 -0.000200052
0.838 -3.1838e-18 -0.000199333
0.839 -3.71233e-18 -0.000198365
0.84 -3.64913e-18 -0.000197179
0.841 -3.04493e-18 -0.000195808
0.842 -2.45364e-18 -0.000194273
0.843 -1.96852e-18 -0.000192583
0.844 -1.19719e-18 -0.000190752
0.845 -2.01492e-19 -0.000188817
0.846 5.31571e-19 -0.000186846
0.847 1.05604e-18 -0.00018492
0.848 1.4545e-18 -0.000183102
0.849 1.79825e-18 -0.000181403
0.85 1.69529e-18 -0.000179765
0.851 1.24263e-18 -0.000178085
0.852 9.78761e-19 -0.000176259
0.853 9.1808e-19 -0.000174246
0.854 1.05164e-18 -0.000172096
0.855 1.36772e-18 -0.000169952
0.856 1.81786e-18 -0.000167996
0.857 2.27873e-18 -0.000166384
0.858 2.61664e-18 -0.00016518
0.859 2.3423e-18 -0.000164333
0.86 1.60957e-18 -0.0001637
0.861 1.95399e-18 -0.000163108
0.862 4.07906e-18 -0.000162425
0.863 8.31867e-18 -0.000161602
0.864 1.26533e-17 -0.000160678
0.865 1.11335e-17 -0.000159746
0.866 3.25545e-18 -0.000158889
0.867 -5.68369e-18 -0.000158142
0.868 -1.28796e-17 -0.000157467
0.869 -1.78314e-17 -0.00015678
0.87 -1.89517e-17 -0.000155987
0.871 -1.323e-17 -0.000155033
0.872 -3.65551e-18 -0.000153918
0.873 4.15068e-18 -0.000152687
0.874 6.01581e-18 -0.000151398
0.875 3.46282e-18 -0.000150086
0.876 1.54577e-18 -0.00014874
0.877 -5.86591e-19 -0.00014731
0.878 -5.37154e-18 -0.000145741
0.879 -8.81879e-18 -0.000144007
0.88 -6.89991e-18 -0.00014214
0.881 -2.80312e-18 -0.00014023
0.882 3.00174e-18 -0.000138404
0.883 7.84948e-18 -0.000136781
0.884 9.2059e-18 -0.000135432
0.885 9.15511e-18 -0.000134356
0.886 8.22416e-18 -0.000133487
0.887 7.07406e-18 -0.000132713
0.888 5.67547e-18 -0.00013192
0.889 3.97712e-18 -0.00013103
0.89 2.02112e-18 -0.000130017
0.891 -2.30347e-18 -0.000128912
0.892 -8.05716e-18 -0.000127781
0.893 -1.0394e-17 -0.000126693
0.894 -8.54698e-18 -0.000125691
0.895 -4.42535e-18 -0.000124772
0.896 -6.65317e-20 -0.000123891
0.897 2.16281e-18 -0.000122969
0.898 1.84968e-18 -0.000121922
0.899 5.77595e-19 -0.000120685
0.9 -3.88915e-19 -0.000119236
0.901 -1.03898e-18 -0.0001176
0.902 -1.43614e-18 -0.000115843
0.903 -1.63197e-18 -0.000114058
0.904 -1.68161e-18 -0.000112341
0.905 -1.61795e-18 -0.000110768
0.906 -9.58476e-19 -0.000109385
0.907 3.50729e-19 -0.000108196
0.908 1.88389e-18 -0.000107169
0.909 3.51896e-18 -0.000106251
0.91 4.49133e-18 -0.000105376
0.911 4.6177e-18 -0.000104489
0.912 4.41244e-18 -0.000103554
0.913 3.55852e-18 -0.000102558
0.914 2.23181e-18 -0.000101509
0.915 1.87027e-18 -0.000100422
0.916 2.30779e-18 -9.93095e-05
0.917 1.64663e-18 -9.81694e-05
0.918 -2.8058e-19 -9.6986e-05
0.919 -2.23248e-18 -9.57376e-05
0.92 -3.69643e-18 -9.44093e-05
0.921 -4.35252e-18 -9.30044e-05
0.922 -4.4146e-18 -9.15476e-05
0.923 -4.51838e-18 -9.00768e-05
0.924 -4.28289e-18 -8.86292e-05
0.925 -3.78187e-18 -8.72264e-05
0.926 -3.51133e-18 -8.58705e-05
0.927 -2.96809e-18 -8.45515e-05
0.928 -2.15005e-18 -8.32649e-05
0.929 -1.5251e-18 -8.20264e-05
0.93 -1.01981e-18 -8.08748e-05
0.931 -5.47628e-19 -7.98558e-05
0.932 -6.67605e-20 -7.89921e-05
0.933 4.36716e-19 -7.82545e-05
0.934 9.68572e-19 -7.75519e-05
0.935 1.51572e-18 -7.67503e-05
0.936 2.0445e-18 -7.57187e-05
0.937 2.52552e-18 -7.43839e-05
0.938 2.94625e-18 -7.27684e-05
0.939 3.30591e-18 -7.09917e-05
0.94 3.17007e-18 -6.92291e-05
0.941 2.63039e-18 -6.76439e-05
0.942 2.23059e-18 -6.63229e-05
0.943 1.96648e-18 -6.52435e-05
0.944 1.80107e-18 -6.42907e-05
0.945 1.70612e-18 -6.33143e-05
0.946 1.22318e-18 -6.22011e-05
0.947 4.2325e-19 -6.09263e-05
0.948 -1.68773e-19 -5.9561e-05
0.949 -5.83552e-19 -5.82318e-05
0.95 -8.97338e-19 -5.70535e-05
0.951 -1.16545e-18 -5.60692e-05
0.952 -1.40426e-18 -5.52264e-05
0.953 -1.62244e-18 -5.43998e-05
0.954 -1.40511e-18 -5.34488e-05
0.955 -8.52551e-19 -5.22797e-05
0.956 -4.8994e-19 -5.08832e-05
0.957 -2.89374e-19 -4.93308e-05
0.958 -2.0115e-19 -4.77351e-05
0.959 -1.90292e-19 -4.61984e-05
0.96 -2.34761e-19 -4.4775e-05
0.961 -3.26415e-19 -4.34641e-05
0.962 -4.66212e-19 -4.22328e-05
0.963 -6.51926e-19 -4.10502e-05
0.964 -8.70645e-19 -3.99118e-05
0.965 -1.10284e-18 -3.88382e-05
0.966 -1.32172e-18 -3.78512e-05
0.967 -1.49104e-18 -3.69438e-05
0.968 -1.58946e-18 -3.60635e-05
0.969 -1.62677e-18 -3.51222e-05
0.97 -1.18373e-18 -3.40309e-05
0.971 -3.58418e-19 -3.274e-05
0.972 3.15717e-19 -3.12663e-05
0.973 8.72652e-19 -2.96895e-05
0.974 1.37023e-18 -2.81212e-05
0.975 1.82957e-18 -2.66599e-05
0.976 1.81362e-18 -2.53547e-05
0.977 1.40787e-18 -2.41934e-05
0.978 1.1489e-18 -2.31191e-05
0.979 1.02457e-18 -2.20624e-05
0.98 9.8994e-19 -2.09741e-05
0.981 1.00693e-18 -1.98405e-05
0.982 1.04313e-18 -1.8679e-05
0.983 1.05466e-18 -1.75186e-05
0.984 9.24389e-19 -1.63798e-05
0.985 4.78939e-19 -1.52636e-05
0.986 -3.28825e-19 -1.41533e-05
0.987 -1.28642e-18 -1.30253e-05
0.988 -2.89907e-18 -1.18587e-05
0.989 -7.35067e-18 -1.06405e-05
0.99 -1.29986e-17 -9.36469e-06
0.991 -1.37373e-17 -8.03131e-06
0.992 -8.90084e-18 -6.65008e-06
0.993 -9.93346e-19 -5.24844e-06
0.994 7.19619e-18 -3.87752e-06
0.995 1.3249e-17 -2.60718e-06
0.996 1.71795e-17 -1.50564e-06
0.997 1.69515e-17 -6.08527e-07
0.998 1.35404e-17 1.08292e-07
0.999 1.00322e-17 7.35497e-07
1 4.43367e-18 1.40706e-06
1.001 -2.87515e-18 2.25176e-06
1.002 -8.84414e-18 3.33878e-06
1.003 -1.2803e-17 4.64271e-06
1.004 -1.30678e-17 6.04673e-06
1.005 -1.05125e-17 7.38569e-06
1.006 -6.83329e-18 8.51118e-06
1.007 1.48548e-19 9.34911e-06
1.008 8.30544e-18 9.92321e-06
1.009 1.23505e-17 1.03339e-05
1.01 1.09774e-17 1.07039e-05
1.011 7.0301e-18 1.11181e-05
1.012 3.22836e-18 1.15872e-05
1.013 -2.49446e-19 1.20515e-05
1.014 -4.77811e-18 1.24204e-05
1.015 -7.54652e-18 1.26253e-05
1.016 -6.70153e-18 1.26558e-05
1.017 -5.37137e-18 1.25618e-05
1.018 -3.98888e-18 1.24214e-05
1.019 -2.66495e-18 1.22927e-05
1.02 -1.8462e-18 1.21767e-05
1.021 -5.34521e-19 1.20116e-05
1.022 7.85164e-19 1.17011e-05
1.023 7.93131e-19 1.1161e-05
1.024 2.22484e-19 1.03591e-05
1.025 -2.69702e-19 9.32815e-06
1.026 -6.50244e-19 8.14647e-06
1.027 -9.25141e-19 6.89787e-06
1.028 -1.08058e-18 5.63419e-06
1.029 -6.06646e-19 4.36012e-06
1.03 5.65878e-19 3.04713e-06
1.031 2.03825e-18 1.66642e-06
1.032 3.77956e-18 2.20138e-07
1.033 5.19043e-18 -1.24845e-06
1.034 9.65972e-18 -2.67293e-06
1.035 1.63819e-17 -4.00027e-06
1.036 2.05734e-17 -5.22504e-06
1.037 2.03137e-17 -6.40039e-06
1.038 1.61624e-17 -7.61677e-06
1.039 1.08342e-17 -8.95635e-06
1.04 3.30008e-18 -1.0445e-05
1.041 -5.29553e-18 -1.20264e-05
1.042 -1.25279e-17 -1.35729e-05
1.043 -1.76949e-17 -1.49308e-05
1.044 -1.77137e-17 -1.59804e-05
1.045 -1.53173e-17 -1.66849e-05
1.046 -1.40497e-17 -1.71054e-05
1.047 -1.004e-17 -1.73768e-05
1.048 -3.65088e-18 -1.76556e-05
1.049 2.32146e-18 -1.80619e-05
1.05 4.85581e-18 -1.86408e-05
1.051 3.10975e-18 -1.93578e-05
1.052 9.37769e-19 -2.01262e-05
1.053 -3.12681e-22 -2.08534e-05
1.054 -6.00107e-20 -2.14835e-05
1.055 3.53822e-19 -2.20192e-05
1.056 8.97994e-19 -2.25164e-05
1.057 4.68797e-18 -2.30561e-05
1.058 1.07413e-17 -2.37089e-05
1.059 1.39109e-17 -2.45084e-05
1.06 1.25111e-17 -2.54424e-05
1.061 4.72635e-18 -2.6466e-05
1.062 -5.85614e-18 -2.75259e-05
1.063 -1.39947e-17 -2.85864e-05
1.064 -1.89708e-17 -2.96436e-05
1.065 -1.94765e-17 -3.07233e-05
1.066 -1.24557e-17 -3.18649e-05
1.067 -1.79665e-18 -3.3097e-05
1.068 6.58367e-18 -3.4418e-05
1.069 1.19466e-17 -3.57878e-05
1.07 1.47241e-17 -3.71348e-05
1.071 1.32007e-17 -3.83764e-05
1.072 5.14658e-18 -3.94434e-05
1.073 -5.03033e-18 -4.03021e-05
1.074 -1.28844e-17 -4.09653e-05
1.075 -1.95297e-17 -4.14878e-05
1.076 -2.17062e-17 -4.19509e-05
1.077 -1.76073e-17 -4.24388e-05
1.078 -1.09329e-17 -4.3016e-05
1.079 -1.81418e-18 -4.37118e-05
1.08 8.91447e-18 -4.4517e-05
1.081 2.04494e-17 -4.53921e-05
1.082 3.04548e-17 -4.62841e-05
1.083 3.03712e-17 -4.71457e-05
1.084 1.98774e-17 -4.79517e-05
1.085 7.58641e-18 -4.87072e-05
1.086 -2.78143e-18 -4.94453e-05
1.087 -1.05556e-17 -5.02167e-05
1.088 -1.58177e-17 -5.10733e-05
1.089 -1.87781e-17 -5.20528e-05
1.09 -1.59134e-17 -5.31666e-05
1.091 -6.78918e-18 -5.4396e-05
1.092 3.54582e-18 -5.56963e-05
1.093 1.08833e-17 -5.70063e-05
1.094 1.499e-17 -5.82617e-05
1.095 1.64169e-17 -5.94075e-05
1.096 1.29794e-17 -6.04077e-05
1.097 3.41911e-18 -6.12508e-05
1.098 -8.13639e-18 -6.19509e-05
1.099 -1.61935e-17 -6.25448e-05
1.1 -2.04197e-17 -6.30851e-05
1.101 -2.19171e-17 -6.36303e-05
1.102 -1.90233e-17 -6.42323e-05
1.103 -1.13154e-17 -6.49252e-05
1.104 1.04295e-18 -6.57177e-05
1.105 1.50364e-17 -6.65931e-05
1.106 2.54458e-17 -6.7518e-05
1.107 2.62782e-17 -6.84573e-05
1.108 2.01068e-17 -6.93895e-05
1.109 1.28105e-17 -7.03169e-05
1.11 5.27163e-18 -7.12627e-05
1.111 3.66249e-18 -7.22573e-05
1.112 8.66421e-18 -7.33186e-05
1.113 1.94597e-17 -7.44362e-05
1.114 3.18015e-17 -7.55689e-05
1.115 3.93592e-17 -7.66586e-05
1.116 3.98814e-17 -7.76555e-05
1.117 3.62358e-17 -7.85424e-05
1.118 3.17572e-17 -7.93447e-05
1.119 2.43759e-17 -8.01191e-05
1.12 1.69005e-17 -8.09243e-05
1.121 1.11743e-17 -8.17873e-05
1.122 8.81372e-18 -8.26852e-05
1.123 1.26298e-17 -8.35519e-05
1.124 1.8126e-17 -8.43133e-05
1.125 2.205e-17 -8.49323e-05
1.126 2.54063e-17 -8.54428e-05
1.127 2.51414e-17 -8.59513e-05
1.128 2.03375e-17 -8.66014e-05
1.129 1.28142e-17 -8.75127e-05
1.13 4.60398e-18 -8.87228e-05
1.131 1.16986e-18 -9.01605e-05
1.132 6.12015e-18 -9.16654e-05
1.133 2.1163e-17 -9.30482e-05
1.134 4.18606e-17 -9.41666e-05
1.135 6.30961e-17 -9.4981e-05
1.136 8.57641e-17 -9.55659e-05
1.137 1.07351e-16 -9.6071e-05
1.138 1.19045e-16 -9.66517e-05
1.139 1.17416e-16 -9.74025e-05
1.14 1.06069e-16 -9.83227e-05
1.141 8.79888e-17 -9.93303e-05
1.142 7.181e-17 -0.000100312
1.143 6.71741e-17 -0.000101187
1.144 7.58301e-17 -0.00010194
1.145 9.54484e-17 -0.000102631
1.146 1.21056e-16 -0.000103353
1.147 1.47226e-16 -0.000104184
1.148 1.70103e-16 -0.000105152
1.149 1.83255e-16 -0.000106221
1.15 1.86111e-16 -0.000107323
1.151 1.83314e-16 -0.000108392
1.152 1.80328e-16 -0.000109402
1.153 1.8227e-16 -0.000110364
1.154 1.9388e-16 -0.000111315
1.155 2.20466e-16 -0.000112277
1.156 2.58291e-16 -0.000113239
1.157 3.05248e-16 -0.000114156
1.158 3.53682e-16 -0.000114973
1.159 3.92967e-16 -0.000115666
1.16 4.22173e-16 -0.000116259
1.161 4.37652e-16 -0.000116828
1.162 4.42743e-16 -0.000117467
1.163 4.46916e-16 -0.000118253
1.164 4.58427e-16 -0.000119208
1.165 4.85e-16 -0.000120296
1.166 5.25978e-16 -0.000121443
1.167 5.81137e-16 -0.000122572
1.168 6.47941e-16 -0.000123638
1.169 7.21606e-16 -0.000124636
1.17 7.99114e-16 -0.000125586
1.171 8.73608e-16 -0.000126508
1.172 9.407e-16 -0.000127399
1.173 1.00345e-15 -0.000128233
1.174 1.06713e-15 -0.000128978
1.175 1.13087e-15 -0.000129625
1.176 1.20152e-15 -0.00013021
1.177 1.28496e-15 -0.000130804
1.178 1.38393e-15 -0.000131492
1.179 1.49848e-15 -0.000132328
1.18 1.62187e-15 -0.000133307
1.181 1.75638e-15 -0.000134362
1.182 1.90199e-15 -0.000135393
1.183 2.05331e-15 -0.000136308
1.184 2.21185e-15 -0.00013707
1.185 2.3803e-15 -0.000137706
1.186 2.5579e-15 -0.000138294
1.187 2.74696e-15 -0.00013892
1.188 2.95222e-15 -0.000139636
1.189 3.17478e-15 -0.00014043
1.19 3.41459e-15 -0.000141234
1.191 3.67375e-15 -0.000141947
1.192 3.95408e-15 -0.000142489
1.193 4.25178e-15 -0.000142825
1.194 4.56711e-15 -0.000142987
1.195 4.90387e-15 -0.000143056
1.196 5.26565e-15 -0.000143129
1.197 5.65792e-15 -0.00014329
1.198 6.08658e-15 -0.000143574
1.199 6.55419e-15 -0.000143964
1.2 7.05934e-15 -0.000144394
1.201 7.60019e-15 -0.000144772
1.202 8.17454e-15 -0.000145003
1.203 8.78203e-15 -0.000145015
1.204 9.4256e-15 -0.000144777
1.205 1.01121e-14 -0.000144304
1.206 1.08495e-14 -0.000143655
1.207 1.16465e-14 -0.000142913
1.208 1.25125e-14 -0.00014216
1.209 1.34482e-14 -0.00014145
1.21 1.44566e-14 -0.000140793
1.211 1.55417e-14 -0.000140157
1.212 1.6703e-14 -0.000139486
1.213 1.79422e-14 -0.000138726
1.214 1.92632e-14 -0.000137857
1.215 2.06775e-14 -0.000136897
1.216 2.21946e-14 -0.00013589
1.217 2.38223e-14 -0.000134885
1.218 2.55685e-14 -0.000133899
1.219 2.7444e-14 -0.000132915
1.22 2.94562e-14 -0.000131884
1.221 3.16119e-14 -0.000130766
1.222 3.39194e-14 -0.000129552
1.223 3.63902e-14 -0.00012829
1.224 3.90376e-14 -0.000127066
1.225 4.18729e-14 -0.000125974
1.226 4.49073e-14 -0.000125072
1.227 4.8161e-14 -0.000124355
1.228 5.16592e-14 -0.000123757
1.229 5.54189e-14 -0.000123189
1.23 5.94534e-14 -0.000122583
1.231 6.37772e-14 -0.000121927
1.232 6.84098e-14 -0.00012127
1.233 7.33642e-14 -0.000120693
1.234 7.86572e-14 -0.000120258
1.235 8.43091e-14 -0.000119971
1.236 9.03425e-14 -0.000119765
1.237 9.67936e-14 -0.000119533
1.238 1.03701e-13 -0.000119173
1.239 1.11102e-13 -0.000118644
1.24 1.19038e-13 -0.000117981
1.241 1.27549e-13 -0.000117282
1.242 1.36673e-13 -0.000116662
1.243 1.46449e-13 -0.000116192
1.244 1.56918e-13 -0.00011587
1.245 1.68115e-13 -0.000115618
1.246 1.80078e-13 -0.000115318
1.247 1.92852e-13 -0.000114862
1.248 2.06497e-13 -0.000114192
1.249 2.21078e-13 -0.000113317
1.25 2.36666e-13 -0.000112294
1.251 2.53343e-13 -0.000111199
1.252 2.7119e-13 -0.000110099
1.253 2.90294e-13 -0.000109035
1.254 3.10738e-13 -0.00010803
1.255 3.32604e-13 -0.000107102
1.256 3.5598e-13 -0.000106269
1.257 3.80961e-13 -0.000105551
1.258 4.07649e-13 -0.000104947
1.259 4.3615e-13 -0.000104428
1.26 4.66589e-13 -0.000103936
1.261 4.99103e-13 -0.000103404
1.262 5.33838e-13 -0.000102785
1.263 5.70953e-13 -0.000102081
1.264 6.10612e-13 -0.000101348
1.265 6.52992e-13 -0.000100669
1.266 6.98274e-13 -0.000100118
1.267 7.46642e-13 -9.97151e-05
1.268 7.98295e-13 -9.94136e-05
1.269 8.53449e-13 -9.91168e-05
1.27 9.12331e-13 -9.87217e-05
1.271 9.75184e-13 -9.81677e-05
1.272 1.04227e-12 -9.74641e-05
1.273 1.11388e-12 -9.66826e-05
1.274 1.19031e-12 -9.59172e-05
1.275 1.27189e-12 -9.52328e-05
1.276 1.35897e-12 -9.46288e-05
1.277 1.4519e-12 -9.40378e-05
1.278 1.55107e-12 -9.33613e-05
1.279 1.65688e-12 -9.25231e-05
1.28 1.76976e-12 -9.15139e-05
1.281 1.89017e-12 -9.0404e-05
1.282 2.0186e-12 -8.93169e-05
1.283 2.15558e-12 -8.83762e-05
1.284 2.30166e-12 -8.76537e-05
1.285 2.45746e-12 -8.71415e-05
1.286 2.6236e-12 -8.67627e-05
1.287 2.80076e-12 -8.64112e-05
1.288 2.98964e-12 -8.60013e-05
1.289 3.191e-12 -8.55003e-05
1.29 3.40566e-12 -8.49311e-05
1.291 3.63446e-12 -8.43451e-05
1.292 3.87831e-12 -8.37841e-05
1.293 4.13818e-12 -8.3252e-05
1.294 4.41511e-12 -8.27124e-05
1.295 4.71019e-12 -8.21112e-05
1.296 5.02459e-12 -8.14118e-05
1.297 5.35956e-12 -8.06213e-05
1.298 5.7164e-12 -7.97928e-05
1.299 6.09652e-12 -7.90001e-05
1.3 6.5014e-12 -7.82994e-05
1.301 6.9326e-12 -7.76971e-05
1.302 7.39181e-12 -7.71412e-05
1.303 7.88079e-12 -7.65434e-05
1.304 8.40144e-12 -7.58218e-05
1.305 8.95577e-12 -7.49438e-05
1.306 9.5459e-12 -7.39488e-05
1.307 1.01741e-11 -7.29379e-05
1.308 1.08428e-11 -7.20362e-05
1.309 1.15545e-11 -7.13415e-05
1.31 1.2312e-11 -7.08842e-05
1.311 1.31181e-11 -7.06142e-05
1.312 1.39758e-11 -7.042e-05
1.313 1.48883e-11 -7.01721e-05
1.314 1.58592e-11 -6.97702e-05
1.315 1.68921e-11 -6.91757e-05
1.316 1.79907e-11 -6.84176e-05
1.317 1.91593e-11 -6.75714e-05
1.318 2.04021e-11 -6.67221e-05
1.319 2.17239e-11 -6.59297e-05
1.32 2.31294e-11 -6.52087e-05
1.321 2.46239e-11 -6.45311e-05
1.322 2.62128e-11 -6.38475e-05
1.323 2.7902e-11 -6.31157e-05
1.324 2.96977e-11 -6.23234e-05
1.325 3.16064e-11 -6.14954e-05
1.326 3.3635e-11 -6.06839e-05
1.327 3.5791e-11 -5.99453e-05
1.328 3.80821e-11 -5.93164e-05
1.329 4.05166e-11 -5.87982e-05
1.33 4.31034e-11 -5.83547e-05
1.331 4.58516e-11 -5.79262e-05
1.332 4.87711e-11 -5.74514e-05
1.333 5.18723e-11 -5.68892e-05
1.334 5.51663e-11 -5.62318e-05
1.335 5.86648e-11 -5.55051e-05
1.336 6.23801e-11 -5.47556e-05
1.337 6.63253e-11 -5.40311e-05
1.338 7.05143e-11 -5.33617e-05
1.339 7.49619e-11 -5.27485e-05
1.34 7.96837e-11 -5.21639e-05
1.341 8.4696e-11 -5.15627e-05
1.342 9.00165e-11 -5.09006e-05
1.343 9.56634e-11 -5.01513e-05
1.344 1.01656e-10 -4.93185e-05
1.345 1.08016e-10 -4.84372e-05
1.346 1.14765e-10 -4.75638e-05
1.347 1.21925e-10 -4.67599e-05
1.348 1.29521e-10 -4.60734e-05
1.349 1.3758e-10 -4.55237e-05
1.35 1.46129e-10 -4.50956e-05
1.351 1.55196e-10 -4.47431e-05
1.352 1.64812e-10 -4.44011e-05
1.353 1.7501e-10 -4.40032e-05
1.354 1.85825e-10 -4.34979e-05
1.355 1.97292e-10 -4.28613e-05
1.356 2.09449e-10 -4.21009e-05
1.357 2.22338e-10 -4.12523e-05
1.358 2.36e-10 -4.03677e-05
1.359 2.50483e-10 -3.95027e-05
1.36 2.65832e-10 -3.87028e-05
1.361 2.821e-10 -3.79941e-05
1.362 2.99339e-10 -3.73801e-05
1.363 3.17605e-10 -3.68446e-05
1.364 3.3696e-10 -3.63593e-05
1.365 3.57465e-10 -3.58933e-05
1.366 3.79187e-10 -3.5422e-05
1.367 4.02197e-10 -3.49319e-05
1.368 4.26569e-10 -3.44224e-05
1.369 4.52381e-10 -3.39024e-05
1.37 4.79716e-10 -3.33861e-05
1.371 5.08663e-10 -3.28867e-05
1.372 5.39312e-10 -3.24133e-05
1.373 5.71762e-10 -3.19688e-05
1.374 6.06116e-10 -3.15501e-05
1.375 6.42483e-10 -3.11502e-05
1.376 6.80976e-10 -3.07604e-05
1.377 7.21718e-10 -3.03738e-05
1.378 7.64835e-10 -2.99874e-05
1.379 8.10463e-10 -2.96061e-05
1.38 8.58744e-10 -2.92445e-05
1.381 9.09828e-10 -2.89269e-05
1.382 9.63873e-10 -2.86843e-05
1.383 1.02105e-09 -2.85468e-05
1.384 1.08152e-09 -2.85344e-05
1.385 1.14549e-09 -2.86476e-05
1.386 1.21314e-09 -2.88638e-05
1.387 1.28469e-09 -2.9142e-05
1.388 1.36034e-09 -2.94347e-05
1.389 1.44033e-09 -2.9705e-05
1.39 1.52491e-09 -2.99401e-05
1.391 1.61432e-09 -3.01565e-05
1.392 1.70883e-09 -3.0392e-05
1.393 1.80873e-09 -3.06884e-05
1.394 1.91432e-09 -3.10722e-05
1.395 2.02591e-09 -3.15438e-05
1.396 2.14383e-09 -3.20799e-05
1.397 2.26843e-09 -3.26503e-05
1.398 2.40008e-09 -3.32398e-05
1.399 2.53916e-09 -3.38627e-05
1.4 2.68609e-09 -3.45603e-05
1.401 2.84129e-09 -3.53796e-05
1.402 3.00522e-09 -3.63417e-05
1.403 3.17834e-09 -3.74169e-05
1.404 3.36117e-09 -3.85206e-05
1.405 3.55423e-09 -3.95381e-05
1.406 3.75808e-09 -4.03688e-05
1.407 3.97329e-09 -4.09721e-05
1.408 4.20049e-09 -4.13912e-05
1.409 4.44032e-09 -4.17406e-05
1.41 4.69347e-09 -4.21602e-05
1.411 4.96065e-09 -4.2754e-05
1.412 5.24262e-09 -4.35414e-05
1.413 5.54016e-09 -4.44458e-05
1.414 5.85412e-09 -4.53271e-05
1.415 6.18538e-09 -4.60441e-05
1.416 6.53485e-09 -4.65178e-05
1.417 6.9035e-09 -4.6767e-05
1.418 7.29237e-09 -4.68968e-05
1.419 7.70251e-09 -4.70479e-05
1.42 8.13507e-09 -4.73292e-05
1.421 8.59122e-09 -4.77689e-05
1.422 9.07222e-09 -4.83047e-05
1.423 9.57937e-09 -4.88192e-05
1.424 1.01141e-08 -4.92008e-05
1.425 1.06777e-08 -4.93996e-05
1.426 1.12719e-08 -4.9451e-05
1.427 1.18982e-08 -4.94577e-05
1.428 1.25582e-08 -4.95402e-05
1.429 1.32538e-08 -4.97835e-05
1.43 1.39868e-08 -5.02055e-05
1.431 1.47592e-08 -5.07613e-05
1.432 1.55729e-08 -5.13776e-05
1.433 1.64302e-08 -5.19951e-05
1.434 1.73332e-08 -5.25959e-05
1.435 1.82844e-08 -5.3202e-05
1.436 1.92863e-08 -5.38481e-05
1.437 2.03414e-08 -5.45486e-05
1.438 2.14525e-08 -5.52777e-05
1.439 2.26224e-08 -5.59781e-05
1.44 2.38542e-08 -5.65912e-05
1.441 2.51511e-08 -5.70929e-05
1.442 2.65163e-08 -5.75122e-05
1.443 2.79534e-08 -5.79215e-05
1.444 2.94659e-08 -5.84016e-05
1.445 3.10578e-08 -5.89996e-05
1.446 3.27331e-08 -5.97033e-05
1.447 3.44959e-08 -6.04444e-05
1.448 3.63507e-08 -6.11311e-05
1.449 3.83021e-08 -6.16901e-05
1.45 4.0355e-08 -6.2099e-05
1.451 4.25145e-08 -6.23902e-05
1.452 4.4786e-08 -6.26284e-05
1.453 4.7175e-08 -6.28745e-05
1.454 4.96874e-08 -6.31573e-05
1.455 5.23293e-08 -6.34679e-05
1.456 5.51073e-08 -6.37782e-05
1.457 5.8028e-08 -6.40702e-05
1.458 6.10986e-08 -6.43584e-05
1.459 6.43265e-08 -6.46895e-05
1.46 6.77194e-08 -6.51199e-05
1.461 7.12854e-08 -6.56837e-05
1.462 7.50332e-08 -6.63692e-05
1.463 7.89716e-08 -6.71192e-05
1.464 8.311e-08 -6.7855e-05
1.465 8.74582e-08 -6.85121e-05
1.466 9.20264e-08 -6.90691e-05
1.467 9.68254e-08 -6.95536e-05
1.468 1.01866e-07 -7.00234e-05
1.469 1.07161e-07 -7.05335e-05
1.47 1.12722e-07 -7.11066e-05
1.471 1.18562e-07 -7.17232e-05
1.472 1.24694e-07 -7.23338e-05
1.473 1.31132e-07 -7.28864e-05
1.474 1.37892e-07 -7.33528e-05
1.475 1.44989e-07 -7.37397e-05
1.476 1.52438e-07 -7.40817e-05
1.477 1.60258e-07 -7.44211e-05
1.478 1.68464e-07 -7.47874e-05
1.479 1.77077e-07 -7.51886e-05
1.48 1.86115e-07 -7.5615e-05
1.481 1.95598e-07 -7.60522e-05
1.482 2.05547e-07 -7.64919e-05
1.483 2.15985e-07 -7.6934e-05
1.484 2.26935e-07 -7.73811e-05
1.485 2.38421e-07 -7.78301e-05
1.486 2.50467e-07 -7.82717e-05
1.487 2.63101e-07 -7.86991e-05
1.488 2.7635e-07 -7.91214e-05
1.489 2.90242e-07 -7.95724e-05
1.49 3.04808e-07 -8.01027e-05
1.491 3.20079e-07 -8.07567e-05
1.492 3.36087e-07 -8.1542e-05
1.493 3.52868e-07 -8.241e-05
1.494 3.70456e-07 -8.32607e-05
1.495 3.88889e-07 -8.39758e-05
1.496 4.08207e-07 -8.44676e-05
1.497 4.28449e-07 -8.47208e-05
1.498 4.49658e-07 -8.48063e-05
1.499 4.71879e-07 -8.48568e-05
1.5 4.95157e-07 -8.50133e-05
1.501 5.19542e-07 -8.53666e-05
1.502 5.45083e-07 -8.59214e-05
1.503 5.71833e-07 -8.65998e-05
1.504 5.99847e-07 -8.72823e-05
1.505 6.29182e-07 -8.78657e-05
1.506 6.59899e-07 -8.831e-05
1.507 6.92058e-07 -8.86517e-05
1.508 7.25726e-07 -8.89794e-05
1.509 7.6097e-07 -8.93855e-05
1.51 7.9786e-07 -8.99192e-05
1.511 8.3647e-07 -9.05648e-05
1.512 8.76878e-07 -9.12543e-05
1.513 9.19162e-07 -9.19052e-05
1.514 9.63407e-07 -9.2463e-05
1.515 1.0097e-06 -9.2926e-05
1.516 1.05813e-06 -9.33409e-05
1.517 1.10879e-06 -9.37727e-05
1.518 1.16179e-06 -9.42672e-05
1.519 1.21722e-06 -9.48255e-05
1.52 1.27519e-06 -9.54034e-05
1.521 1.33581e-06 -9.59353e-05
1.522 1.39919e-06 -9.63688e-05
1.523 1.46547e-06 -9.66924e-05
1.524 1.53476e-06 -9.69432e-05
1.525 1.6072e-06 -9.71906e-05
1.526 1.68292e-06 -9.75063e-05
1.527 1.76206e-06 -9.79354e-05
1.528 1.84477e-06 -9.848e-05
1.529 1.93121e-06 -9.91046e-05
1.53 2.02153e-06 -9.97549e-05
1.531 2.1159e-06 -0.000100383
1.532 2.2145e-06 -0.000100964
1.533 2.31751e-06 -0.000101503
1.534 2.4251e-06 -0.000102021
1.535 2.53749e-06 -0.000102543
1.536 2.65487e-06 -0.000103079
1.537 2.77745e-06 -0.000103617
1.538 2.90545e-06 -0.000104128
1.539 3.0391e-06 -0.00010458
1.54 3.17865e-06 -0.000104951
1.541 3.32432e-06 -0.000105244
1.542 3.47639e-06 -0.00010549
1.543 3.63512e-06 -0.000105741
1.544 3.80079e-06 -0.000106051
1.545 3.97368e-06 -0.000106462
1.546 4.15409e-06 -0.000106982
1.547 4.34235e-06 -0.000107588
1.548 4.53876e-06 -0.000108226
1.549 4.74367e-06 -0.000108833
1.55 4.95742e-06 -0.000109362
1.551 5.18038e-06 -0.000109792
1.552 5.41293e-06 -0.000110135
1.553 5.65545e-06 -0.000110429
1.554 5.90835e-06 -0.00011072
1.555 6.17206e-06 -0.000111039
1.556 6.44701e-06 -0.000111395
1.557 6.73366e-06 -0.000111774
1.558 7.03248e-06 -0.00011215
1.559 7.34395e-06 -0.000112494
1.56 7.6686e-06 -0.000112788
1.561 8.00694e-06 -0.000113025
1.562 8.35952e-06 -0.000113202
1.563 8.72691e-06 -0.000113319
1.564 9.1097e-06 -0.000113378
1.565 9.5085e-06 -0.000113387
1.566 9.92395e-06 -0.000113369
1.567 1.03567e-05 -0.000113364
1.568 1.08074e-05 -0.000113417
1.569 1.12769e-05 -0.000113556
1.57 1.17657e-05 -0.000113774
1.571 1.22748e-05 -0.000114015
1.572 1.28048e-05 -0.000114189
1.573 1.33566e-05 -0.0001142
1.574 1.3931e-05 -0.00011399
1.575 1.45289e-05 -0.000113565
1.576 1.51513e-05 -0.000112998
1.577 1.5799e-05 -0.000112403
1.578 1.64731e-05 -0.000111884
1.579 1.71745e-05 -0.000111491
1.58 1.79043e-05 -0.0001112
1.581 1.86636e-05 -0.000110928
1.582 1.94535e-05 -0.000110579
1.583 2.02752e-05 -0.000110094
1.584 2.11298e-05 -0.000109482
1.585 2.20186e-05 -0.000108815
1.586 2.2943e-05 -0.000108189
1.587 2.39042e-05 -0.000107676
1.588 2.49036e-05 -0.000107279
1.589 2.59426e-05 -0.000106932
1.59 2.70228e-05 -0.000106531
1.591 2.81456e-05 -0.00010599
1.592 2.93127e-05 -0.000105283
1.593 3.05257e-05 -0.000104463
1.594 3.17862e-05 -0.000103636
1.595 3.30961e-05 -0.000102916
1.596 3.44571e-05 -0.00010237
1.597 3.58711e-05 -0.000101992
1.598 3.73401e-05 -0.000101717
1.599 3.8866e-05 -0.000101455
1.6 4.0451e-05 -0.000101139
1.601 4.20971e-05 -0.000100756
1.602 4.38066e-05 -0.000100345
1.603 4.55817e-05 -9.99704e-05
1.604 4.74249e-05 -9.96831e-05
1.605 4.93386e-05 -9.9495e-05
1.606 5.13252e-05 -9.93743e-05
1.607 5.33874e-05 -9.92657e-05
1.608 5.55279e-05 -9.91197e-05
1.609 5.77495e-05 -9.8916e-05
1.61 6.00549e-05 -9.86666e-05
1.611 6.24473e-05 -9.84016e-05
1.612 6.49296e-05 -9.81456e-05
1.613 6.7505e-05 -9.79018e-05
1.614 7.01767e-05 -9.76508e-05
1.615 7.29482e-05 -9.73654e-05
1.616 7.58228e-05 -9.70296e-05
1.617 7.88042e-05 -9.66512e-05
1.618 8.18961e-05 -9.62595e-05
1.619 8.51023e-05 -9.58897e-05
1.62 8.84266e-05 -9.5563e-05
1.621 9.18732e-05 -9.5274e-05
1.622 9.54463e-05 -9.49923e-05
1.623 9.91501e-05 -9.46751e-05
1.624 0.000102989 -9.42855e-05
1.625 0.000106968 -9.38057e-05
1.626 0.000111091 -9.32401e-05
1.627 0.000115364 -9.26109e-05
1.628 0.000119791 -9.19497e-05
1.629 0.000124378 -9.12929e-05
1.63 0.00012913 -9.06794e-05
1.631 0.000134052 -9.01494e-05
1.632 0.00013915 -8.97384e-05
1.633 0.00014443 -8.94644e-05
1.634 0.000149898 -8.93148e-05
1.635 0.00015556 -8.92397e-05
1.636 0.000161423 -8.91613e-05
1.637 0.000167492 -8.89995e-05
1.638 0.000173776 -8.87045e-05
1.639 0.00018028 -8.82816e-05
1.64 0.000187012 -8.77924e-05
1.641 0.00019398 -8.73302e-05
1.642 0.00020119 -8.6977e-05
1.643 0.000208651 -8.67639e-05
1.644 0.000216371 -8.66531e-05
1.645 0.000224357 -8.65547e-05
1.646 0.00023262 -8.63681e-05
1.647 0.000241166 -8.60312e-05
1.648 0.000250006 -8.555e-05
1.649 0.000259148 -8.49944e-05
1.65 0.000268602 -8.44622e-05
1.651 0.000278377 -8.40292e-05
1.652 0.000288485 -8.37112e-05
1.653 0.000298934 -8.34579e-05
1.654 0.000309737 -8.31808e-05
1.655 0.000320903 -8.28009e-05
1.656 0.000332443 -8.22897e-05
1.657 0.00034437 -8.16842e-05
1.658 0.000356696 -8.10671e-05
1.659 0.000369431 -8.05255e-05
1.66 0.00038259 -8.01095e-05
1.661 0.000396184 -7.98123e-05
1.662 0.000410227 -7.95812e-05
1.663 0.000424732 -7.93509e-05
1.664 0.000439714 -7.90795e-05
1.665 0.000455185 -7.87677e-05
1.666 0.000471162 -7.84515e-05
1.667 0.000487659 -7.81746e-05
1.668 0.000504692 -7.79575e-05
1.669 0.000522276 -7.77821e-05
1.67 0.000540427 -7.75992e-05
1.671 0.000559162 -7.73539e-05
1.672 0.000578498 -7.70145e-05
1.673 0.000598453 -7.65864e-05
1.674 0.000619045 -7.61059e-05
1.675 0.000640291 -7.56173e-05
1.676 0.000662211 -7.51482e-05
1.677 0.000684825 -7.46998e-05
1.678 0.000708151 -7.42546e-05
1.679 0.00073221 -7.37977e-05
1.68 0.000757024 -7.33367e-05
1.681 0.000782613 -7.29042e-05
1.682 0.000808998 -7.25411e-05
1.683 0.000836204 -7.22685e-05
1.684 0.000864251 -7.20661e-05
1.685 0.000893165 -7.18715e-05
1.686 0.000922968 -7.1606e-05
1.687 0.000953686 -7.12141e-05
1.688 0.000985343 -7.06977e-05
1.689 0.00101797 -7.01231e-05
1.69 0.00105158 -6.95962e-05
1.691 0.00108621 -6.92141e-05
1.692 0.00112189 -6.90177e-05
1.693 0.00115865 -6.8968e-05
1.694 0.0011965 -6.89609e-05
1.695 0.0012355 -6.88718e-05
1.696 0.00127565 -6.86109e-05
1.697 0.001317 -6.81601e-05
1.698 0.00135957 -6.75761e-05
1.699 0.0014034 -6.69584e-05
1.7 0.00144852 -6.63999e-05
1.701 0.00149497 -6.59457e-05
1.702 0.00154278 -6.55802e-05
1.703 0.00159198 -6.52459e-05
1.704 0.00164261 -6.48832e-05
1.705 0.00169471 -6.44662e-05
1.706 0.00174831 -6.40173e-05
1.707 0.00180346 -6.35921e-05
1.708 0.00186019 -6.32451e-05
1.709 0.00191854 -6.29965e-05
1.71 0.00197856 -6.28179e-05
1.711 0.00204028 -6.26461e-05
1.712 0.00210374 -6.24161e-05
1.713 0.002169 -6.20949e-05
1.714 0.00223609 -6.1698e-05
1.715 0.00230507 -6.12783e-05
1.716 0.00237597 -6.08948e-05
1.717 0.00244884 -6.0577e-05
1.718 0.00252373 -6.03067e-05
1.719 0.0026007 -6.00263e-05
1.72 0.00267978 -5.96707e-05
1.721 0.00276103 -5.92055e-05
1.722 0.00284451 -5.86509e-05
1.723 0.00293026 -5.80782e-05
1.724 0.00301834 -5.7578e-05
1.725 0.00310881 -5.72175e-05
1.726 0.00320171 -5.70062e-05
1.727 0.00329711 -5.6889e-05
1.728 0.00339506 -5.67708e-05
1.729 0.00349563 -5.65597e-05
1.73 0.00359886 -5.62102e-05
1.731 0.00370483 -5.57441e-05
1.732 0.0038136 -5.52396e-05
1.733 0.00392523 -5.47949e-05
1.734 0.00403978 -5.44826e-05
1.735 0.00415731 -5.43176e-05
1.736 0.00427791 -5.42516e-05
1.737 0.00440162 -5.41969e-05
1.738 0.00452853 -5.40666e-05
1.739 0.00465869 -5.38122e-05
1.74 0.00479219 -5.34415e-05
1.741 0.00492909 -5.30108e-05
1.742 0.00506947 -5.25956e-05
1.743 0.00521341 -5.22564e-05
1.744 0.00536097 -5.20148e-05
1.745 0.00551223 -5.18507e-05
1.746 0.00566728 -5.17206e-05
1.747 0.00582619 -5.15849e-05
1.748 0.00598904 -5.14317e-05
1.749 0.00615592 -5.12843e-05
1.75 0.0063269 -5.11887e-05
1.751 0.00650207 -5.11892e-05
1.752 0.00668152 -5.13022e-05
1.753 0.00686534 -5.15032e-05
1.754 0.0070536 -5.17325e-05
1.755 0.00724641 -5.19178e-05
1.756 0.00744384 -5.2004e-05
1.757 0.00764599 -5.19775e-05
1.758 0.00785296 -5.18733e-05
1.759 0.00806484 -5.17637e-05
1.76 0.00828172 -5.1731e-05
1.761 0.0085037 -5.18379e-05
1.762 0.00873087 -5.21045e-05
1.763 0.00896334 -5.2504e-05
1.764 0.00920121 -5.29747e-05
1.765 0.00944457 -5.34455e-05
1.766 0.00969353 -5.38622e-05
1.767 0.0099482 -5.4206e-05
1.768 0.0102087 -5.44968e-05
1.769 0.0104751 -5.47816e-05
1.77 0.0107475 -5.51125e-05
1.771 0.011026 -5.55251e-05
1.772 0.0113108 -5.60242e-05
1.773 0.0116019 -5.65822e-05
1.774 0.0118995 -5.715e-05
1.775 0.0122036 -5.76757e-05
1.776 0.0125145 -5.81227e-05
1.777 0.0128321 -5.84817e-05
1.778 0.0131567 -5.87717e-05
1.779 0.0134883 -5.90306e-05
1.78 0.013827 -5.92999e-05
1.781 0.0141731 -5.96096e-05
1.782 0.0145265 -5.99679e-05
1.783 0.0148874 -6.03599e-05
1.784 0.015256 -6.07554e-05
1.785 0.0156323 -6.11204e-05
1.786 0.0160165 -6.14304e-05
1.787 0.0164088 -6.16784e-05
1.788 0.0168091 -6.1876e-05
1.789 0.0172178 -6.20475e-05
1.79 0.0176348 -6.22198e-05
1.791 0.0180603 -6.24114e-05
1.792 0.0184945 -6.26256e-05
1.793 0.0189375 -6.28488e-05
1.794 0.0193893 -6.30568e-05
1.795 0.0198502 -6.32238e-05
1.796 0.0203203 -6.33333e-05
1.797 0.0207997 -6.33858e-05
1.798 0.0212885 -6.34016e-05
1.799 0.0217869 -6.34162e-05
1.8 0.022295 -6.34718e-05
1.801 0.0228129 -6.36051e-05
1.802 0.0233408 -6.38379e-05
1.803 0.0238789 -6.41706e-05
1.804 0.0244271 -6.4582e-05
1.805 0.0249858 -6.50354e-05
1.806 0.0255549 -6.5488e-05
1.807 0.0261347 -6.59023e-05
1.808 0.0267253 -6.62549e-05
1.809 0.0273268 -6.65414e-05
1.81 0.0279394 -6.67762e-05
1.811 0.0285632 -6.69867e-05
1.812 0.0291983 -6.72053e-05
1.813 0.0298449 -6.746e-05
1.814 0.0305031 -6.77672e-05
1.815 0.031173 -6.8128e-05
1.816 0.0318549 -6.85288e-05
1.817 0.0325487 -6.89455e-05
1.818 0.0332547 -6.93505e-05
1.819 0.0339729 -6.97192e-05
1.82 0.0347036 -7.00357e-05
1.821 0.0354468 -7.02956e-05
1.822 0.0362027 -7.05058e-05
1.823 0.0369714 -7.06808e-05
1.824 0.037753 -7.08387e-05
1.825 0.0385477 -7.09961e-05
1.826 0.0393556 -7.11639e-05
1.827 0.0401769 -7.13463e-05
1.828 0.0410115 -7.15404e-05
1.829 0.0418598 -7.17393e-05
1.83 0.0427218 -7.19354e-05
1.831 0.0435975 -7.21243e-05
1.832 0.0444872 -7.23075e-05
1.833 0.045391 -7.24929e-05
1.834 0.046309 -7.26937e-05
1.835 0.0472412 -7.29246e-05
1.836 0.0481879 -7.31973e-05
1.837 0.049149 -7.35171e-05
1.838 0.0501248 -7.388e-05
1.839 0.0511154 -7.42737e-05
1.84 0.0521207 -7.46804e-05
1.841 0.053141 -7.5081e-05
1.842 0.0541764 -7.54593e-05
1.843 0.0552269 -7.58046e-05
1.844 0.0562926 -7.61126e-05
1.845 0.0573737 -7.63835e-05
1.846 0.0584702 -7.66214e-05
1.847 0.0595822 -7.68323e-05
1.848 0.0607098 -7.70253e-05
1.849 0.061853 -7.72125e-05
1.85 0.063012 -7.7409e-05
1.851 0.0641869 -7.76304e-05
1.852 0.0653776 -7.78874e-05
1.853 0.0665843 -7.81796e-05
1.854 0.067807 -7.8493e-05
1.855 0.0690458 -7.88007e-05
1.856 0.0703007 -7.90722e-05
1.857 0.0715719 -7.9285e-05
1.858 0.0728593 -7.94369e-05
1.859 0.074163 -7.955e-05
1.86 0.075483 -7.96662e-05
1.861 0.0768193 -7.9831e-05
1.862 0.0781721 -8.00753e-05
1.863 0.0795413 -8.04011e-05
1.864 0.0809269 -8.078e-05
1.865 0.082329 -8.1166e-05
1.866 0.0837476 -8.15175e-05
1.867 0.0851826 -8.18183e-05
1.868 0.0866342 -8.20868e-05
1.869 0.0881022 -8.2366e-05
1.87 0.0895867 -8.26993e-05
1.871 0.0910876 -8.31022e-05
1.872 0.092605 -8.35461e-05
1.873 0.0941387 -8.3963e-05
1.874 0.0956889 -8.42741e-05
1.875 0.0972554 -8.44281e-05
1.876 0.0988382 -8.44329e-05
1.877 0.100437 -8.43611e-05
1.878 0.102053 -8.43261e-05
1.879 0.103684 -8.44347e-05
1.88 0.105331 -8.4739e-05
1.881 0.106995 -8.52097e-05
1.882 0.108674 -8.57465e-05
1.883 0.110369 -8.62212e-05
1.884 0.11208 -8.65365e-05
1.885 0.113807 -8.6671e-05
1.886 0.115549 -8.66899e-05
1.887 0.117306 -8.67151e-05
1.888 0.119079 -8.68672e-05
1.889 0.120867 -8.7209e-05
1.89 0.122669 -8.77159e-05
1.891 0.124487 -8.82876e-05
1.892 0.12632 -8.87969e-05
1.893 0.128166 -8.91488e-05
1.894 0.130028 -8.93229e-05
1.895 0.131903 -8.93787e-05
1.896 0.133793 -8.94221e-05
1.897 0.135696 -8.95514e-05
1.898 0.137613 -8.98112e-05
1.899 0.139544 -9.01758e-05
1.9 0.141487 -9.05692e-05
1.901 0.143444 -9.09085e-05
1.902 0.145413 -9.11478e-05
1.903 0.147395 -9.12982e-05
1.904 0.149389 -9.14161e-05
1.905 0.151395 -9.15676e-05
1.906 0.153412 -9.1791e-05
1.907 0.155442 -9.2078e-05
1.908 0.157482 -9.23833e-05
1.909 0.159533 -9.26565e-05
1.91 0.161595 -9.28763e-05
1.911 0.163667 -9.30659e-05
1.912 0.165749 -9.32813e-05
1.913 0.16784 -9.35773e-05
1.914 0.169941 -9.39713e-05
1.915 0.172051 -9.4426e-05
1.916 0.174169 -9.48618e-05
1.917 0.176295 -9.51934e-05
1.918 0.17843 -9.53718e-05
1.919 0.180571 -9.54091e-05
1.92 0.18272 -9.53726e-05
1.921 0.184875 -9.5352e-05
1.922 0.187037 -9.54168e-05
1.923 0.189204 -9.5586e-05
1.924 0.191377 -9.58263e-05
1.925 0.193555 -9.60766e-05
1.926 0.195737 -9.6285e-05
1.927 0.197923 -9.64365e-05
1.928 0.200113 -9.65562e-05
1.929 0.202306 -9.66887e-05
1.93 0.204501 -9.68657e-05
1.931 0.206699 -9.70821e-05
1.932 0.208899 -9.72956e-05
1.933 0.211099 -9.74485e-05
1.934 0.2133 -9.75009e-05
1.935 0.215501 -9.74546e-05
1.936 0.217702 -9.73532e-05
1.937 0.219902 -9.72594e-05
1.938 0.2221 -9.72209e-05
1.939 0.224296 -9.72442e-05
1.94 0.22649 -9.72914e-05
1.941 0.22868 -9.73017e-05
1.942 0.230866 -9.7225e-05
1.943 0.233048 -9.70488e-05
1.944 0.235225 -9.68036e-05
1.945 0.237397 -9.65449e-05
1.946 0.239562 -9.6321e-05
1.947 0.24172 -9.6148e-05
1.948 0.243871 -9.60031e-05
1.949 0.246014 -9.58415e-05
1.95 0.248148 -9.56254e-05
1.951 0.250272 -9.53479e-05
1.952 0.252387 -9.50375e-05
1.953 0.254491 -9.4741e-05
1.954 0.256583 -9.44942e-05
1.955 0.258664 -9.42986e-05
1.956 0.260732 -9.41171e-05
1.957 0.262786 -9.38928e-05
1.958 0.264826 -9.35793e-05
1.959 0.266851 -9.31672e-05
1.96 0.268861 -9.26912e-05
1.961 0.270855 -9.22133e-05
1.962 0.272832 -9.17935e-05
1.963 0.274791 -9.14622e-05
1.964 0.276732 -9.12094e-05
1.965 0.278653 -9.0996e-05
1.966 0.280555 -9.0779e-05
1.967 0.282436 -9.05354e-05
1.968 0.284296 -9.02732e-05
1.969 0.286134 -9.00226e-05
1.97 0.287949 -8.98159e-05
1.971 0.289741 -8.96679e-05
1.972 0.291508 -8.95675e-05
1.973 0.293251 -8.94861e-05
1.974 0.294967 -8.9394e-05
1.975 0.296657 -8.92753e-05
1.976 0.29832 -8.91322e-05
1.977 0.299955 -8.89766e-05
1.978 0.301561 -8.88168e-05
1.979 0.303137 -8.86492e-05
1.98 0.304683 -8.84627e-05
1.981 0.306198 -8.82521e-05
1.982 0.307681 -8.8032e-05
1.983 0.309132 -8.78393e-05
1.984 0.310549 -8.77192e-05
1.985 0.311932 -8.76985e-05
1.986 0.31328 -8.77631e-05
1.987 0.314592 -8.78517e-05
1.988 0.315869 -8.78752e-05
1.989 0.317108 -8.77544e-05
1.99 0.318309 -8.74591e-05
1.991 0.319471 -8.70268e-05
1.992 0.320594 -8.6551e-05
1.993 0.321677 -8.6141e-05
1.994 0.322719 -8.58727e-05
1.995 0.32372 -8.57536e-05
1.996 0.324678 -8.57197e-05
1.997 0.325593 -8.56669e-05
1.998 0.326465 -8.55002e-05
1.999 0.327292 -8.51786e-05
2 0.328074 -8.47329e-05
2.001 0.32881 -8.42488e-05
2.002 0.329499 -8.38264e-05
2.003 0.330141 -8.35346e-05
2.004 0.330735 -8.3384e-05
2.005 0.331281 -8.33292e-05
2.006 0.331778 -8.32958e-05
2.007 0.332224 -8.32186e-05
2.008 0.33262 -8.30693e-05
2.009 0.332965 -8.28629e-05
2.01 0.333257 -8.26424e-05
2.011 0.333498 -8.24512e-05
2.012 0.333685 -8.23097e-05
2.013 0.333819 -8.22069e-05
2.014 0.333898 -8.21091e-05
2.015 0.333923 -8.19796e-05
2.016 0.333892 -8.1798e-05
2.017 0.333805 -8.15693e-05
2.018 0.333662 -8.13208e-05
2.019 0.333461 -8.1088e-05
2.02 0.333203 -8.08991e-05
2.021 0.332887 -8.07638e-05
2.022 0.332512 -8.06698e-05
2.023 0.332078 -8.05886e-05
2.024 0.331584 -8.04848e-05
2.025 0.331031 -8.03273e-05
2.026 0.330417 -8.00986e-05
2.027 0.329742 -7.97997e-05
2.028 0.329006 -7.94507e-05
2.029 0.328208 -7.90855e-05
2.03 0.327348 -7.87417e-05
2.031 0.326425 -7.84484e-05
2.032 0.32544 -7.82159e-05
2.033 0.324391 -7.80323e-05
2.034 0.323279 -7.78705e-05
2.035 0.322103 -7.77016e-05
2.036 0.320863 -7.75108e-05
2.037 0.319559 -7.73062e-05
2.038 0.318189 -7.71154e-05
2.039 0.316755 -7.69696e-05
2.04 0.315256 -7.6884e-05
2.041 0.313692 -7.68443e-05
2.042 0.312061 -7.68081e-05
2.043 0.310366 -7.67225e-05
2.044 0.308604 -7.65503e-05
2.045 0.306776 -7.62897e-05
2.046 0.304882 -7.5978e-05
2.047 0.302922 -7.56746e-05
2.048 0.300896 -7.54316e-05
2.049 0.298803 -7.52672e-05
2.05 0.296644 -7.51563e-05
2.051 0.294419 -7.50444e-05
2.052 0.292126 -7.48774e-05
2.053 0.289768 -7.46311e-05
2.054 0.287343 -7.43251e-05
2.055 0.284852 -7.40116e-05
2.056 0.282294 -7.37459e-05
2.057 0.27967 -7.35548e-05
2.058 0.27698 -7.34208e-05
2.059 0.274225 -7.32918e-05
2.06 0.271403 -7.31117e-05
2.061 0.268516 -7.2855e-05
2.062 0.265563 -7.25444e-05
2.063 0.262545 -7.22423e-05
2.064 0.259462 -7.20177e-05
2.065 0.256314 -7.19071e-05
2.066 0.253102 -7.18905e-05
2.067 0.249825 -7.1898e-05
2.068 0.246485 -7.18434e-05
2.069 0.243081 -7.16683e-05
2.07 0.239614 -7.13739e-05
2.071 0.236083 -7.10218e-05
2.072 0.232491 -7.07032e-05
2.073 0.228836 -7.04926e-05
2.074 0.22512 -7.04087e-05
2.075 0.221343 -7.0404e-05
2.076 0.217504 -7.03881e-05
2.077 0.213606 -7.02712e-05
2.078 0.209648 -7.0008e-05
2.079 0.20563 -6.96168e-05
2.08 0.201554 -6.91685e-05
2.081 0.19742 -6.87516e-05
2.082 0.193229 -6.84321e-05
2.083 0.18898 -6.82299e-05
2.084 0.184675 -6.81196e-05
2.085 0.180314 -6.8053e-05
2.086 0.175899 -6.79876e-05
2.087 0.171429 -6.79038e-05
2.088 0.166905 -6.78045e-05
2.089 0.162329 -6.76993e-05
2.09 0.1577 -6.75871e-05
2.091 0.15302 -6.74494e-05
2.092 0.148289 -6.72604e-05
2.093 0.143508 -6.70067e-05
2.094 0.138678 -6.67038e-05
2.095 0.1338 -6.63963e-05
2.096 0.128874 -6.61404e-05
2.097 0.123901 -6.59742e-05
2.098 0.118883 -6.58954e-05
2.099 0.11382 -6.58578e-05
2.1 0.108712 -6.5792e-05
2.101 0.103562 -6.56405e-05
2.102 0.0983689 -6.53883e-05
2.103 0.0931348 -6.5073e-05
2.104 0.0878604 -6.47677e-05
2.105 0.0825466 -6.45442e-05
2.106 0.0771943 -6.44366e-05
2.107 0.0718046 -6.44235e-05
2.108 0.0663784 -6.4439e-05
2.109 0.0609168 -6.44075e-05
2.11 0.0554207 -6.42834e-05
2.111 0.0498913 -6.40755e-05
2.112 0.0443295 -6.38434e-05
2.113 0.0387364 -6.36672e-05
2.114 0.033113 -6.36061e-05
2.115 0.0274605 -6.36674e-05
2.116 0.0217799 -6.38016e-05
2.117 0.0160723 -6.39259e-05
2.118 0.0103388 -6.39634e-05
2.119 0.00458059 -6.38799e-05
2.12 -0.00120129 -6.36989e-05
2.121 -0.0070057 -6.34893e-05
2.122 -0.0128315 -6.3332e-05
2.123 -0.0186775 -6.32832e-05
2.124 -0.0245427 -6.33513e-05
2.125 -0.0304257 -6.34982e-05
2.126 -0.0363256 -6.36622e-05
2.127 -0.042241 -6.37902e-05
2.128 -0.0481709 -6.38627e-05
2.129 -0.0541141 -6.39009e-05
2.13 -0.0600693 -6.39526e-05
2.131 -0.0660355 -6.40667e-05
2.132 -0.0720113 -6.42684e-05
2.133 -0.0779957 -6.45466e-05
2.134 -0.0839874 -6.48601e-05
2.135 -0.0899851 -6.51564e-05
2.136 -0.0959878 -6.53957e-05
2.137 -0.101994 -6.55663e-05
2.138 -0.108003 -6.5687e-05
2.139 -0.114013 -6.57962e-05
2.14 -0.120024 -6.59326e-05
2.141 -0.126033 -6.61187e-05
2.142 -0.13204 -6.63527e-05
2.143 -0.138043 -6.6613e-05
2.144 -0.144042 -6.68704e-05
2.145 -0.150035 -6.71036e-05
2.146 -0.15602 -6.73089e-05
2.147 -0.161997 -6.75011e-05
2.148 -0.167965 -6.77047e-05
2.149 -0.173922 -6.79409e-05
2.15 -0.179867 -6.82153e-05
2.151 -0.1858 -6.85133e-05
2.152 -0.191717 -6.88038e-05
2.153 -0.19762 -6.90509e-05
2.154 -0.203505 -6.92284e-05
2.155 -0.209373 -6.93301e-05
2.156 -0.215222 -6.9373e-05
2.157 -0.221051 -6.93918e-05
2.158 -0.226859 -6.94262e-05
2.159 -0.232644 -6.95065e-05
2.16 -0.238405 -6.9643e-05
2.161 -0.244142 -6.98228e-05
2.162 -0.249853 -7.00148e-05
2.163 -0.255538 -7.01811e-05
2.164 -0.261194 -7.02907e-05
2.165 -0.266821 -7.03307e-05
2.166 -0.272417 -7.0311e-05
2.167 -0.277983 -7.02621e-05
2.168 -0.283516 -7.02258e-05
2.169 -0.289016 -7.02419e-05
2.17 -0.294481 -7.03365e-05
2.171 -0.29991 -7.05129e-05
2.172 -0.305303 -7.07517e-05
2.173 -0.310658 -7.10161e-05
2.174 -0.315975 -7.12651e-05
2.175 -0.321252 -7.1466e-05
2.176 -0.326488 -7.1605e-05
2.177 -0.331683 -7.16903e-05
2.178 -0.336835 -7.1747e-05
2.179 -0.341944 -7.18072e-05
2.18 -0.347008 -7.18976e-05
2.181 -0.352027 -7.20318e-05
2.182 -0.356999 -7.22085e-05
2.183 -0.361924 -7.24168e-05
2.184 -0.366801 -7.26432e-05
2.185 -0.371629 -7.28783e-05
2.186 -0.376407 -7.3118e-05
2.187 -0.381134 -7.336e-05
2.188 -0.38581 -7.35985e-05
2.189 -0.390433 -7.38219e-05
2.19 -0.395002 -7.40158e-05
2.191 -0.399518 -7.41701e-05
2.192 -0.403979 -7.42863e-05
2.193 -0.408384 -7.43803e-05
2.194 -0.412733 -7.44753e-05
2.195 -0.417025 -7.45905e-05
2.196 -0.421259 -7.47282e-05
2.197 -0.425434 -7.48702e-05
2.198 -0.42955 -7.49853e-05
2.199 -0.433606 -7.50473e-05
2.2 -0.437601 -7.50536e-05
2.201 -0.441535 -7.50335e-05
2.202 -0.445407 -7.504e-05
2.203 -0.449217 -7.51267e-05
2.204 -0.452963 -7.5319e-05
2.205 -0.456645 -7.55979e-05
2.206 -0.460263 -7.59027e-05
2.207 -0.463816 -7.61575e-05
2.208 -0.467304 -7.63076e-05
2.209 -0.470725 -7.63481e-05
2.21 -0.47408 -7.63297e-05
2.211 -0.477368 -7.6336e-05
2.212 -0.480588 -7.6443e-05
2.213 -0.48374 -7.66795e-05
2.214 -0.486824 -7.70117e-05
2.215 -0.489839 -7.73574e-05
2.216 -0.492784 -7.76273e-05
2.217 -0.495659 -7.77703e-05
2.218 -0.498464 -7.77997e-05
2.219 -0.501199 -7.77872e-05
2.22 -0.503862 -7.78258e-05
2.221 -0.506455 -7.79815e-05
2.222 -0.508975 -7.82577e-05
2.223 -0.511424 -7.85929e-05
2.224 -0.5138 -7.88914e-05
2.225 -0.516103 -7.90724e-05
2.226 -0.518334 -7.91114e-05
2.227 -0.520491 -7.90524e-05
2.228 -0.522575 -7.8985e-05
2.229 -0.524586 -7.89985e-05
2.23 -0.526522 -7.91374e-05
2.231 -0.528385 -7.93809e-05
2.232 -0.530173 -7.96568e-05
2.233 -0.531886 -7.9881e-05
2.234 -0.533525 -8.00011e-05
2.235 -0.535089 -8.00218e-05
2.236 -0.536578 -7.99996e-05
2.237 -0.537993 -8.00114e-05
2.238 -0.539332 -8.01149e-05
2.239 -0.540595 -8.03231e-05
2.24 -0.541784 -8.0603e-05
2.241 -0.542896 -8.08986e-05
2.242 -0.543934 -8.11621e-05
2.243 -0.544896 -8.13755e-05
2.244 -0.545782 -8.15521e-05
2.245 -0.546593 -8.17185e-05
2.246 -0.547328 -8.18912e-05
2.247 -0.547988 -8.20623e-05
2.248 -0.548572 -8.22043e-05
2.249 -0.54908 -8.22901e-05
2.25 -0.549514 -8.23153e-05
2.251 -0.549871 -8.23085e-05
2.252 -0.550154 -8.23219e-05
2.253 -0.550361 -8.24059e-05
2.254 -0.550493 -8.2582e-05
2.255 -0.55055 -8.28307e-05
2.256 -0.550532 -8.30994e-05
2.257 -0.550439 -8.33288e-05
2.258 -0.550272 -8.34823e-05
2.259 -0.55003 -8.35621e-05
2.26 -0.549714 -8.3605e-05
2.261 -0.549324 -8.36598e-05
2.262 -0.54886 -8.37606e-05
2.263 -0.548322 -8.39112e-05
2.264 -0.547711 -8.40884e-05
2.265 -0.547027 -8.42609e-05
2.266 -0.546269 -8.44113e-05
2.267 -0.545438 -8.4548e-05
2.268 -0.544535 -8.46981e-05
2.269 -0.54356 -8.48873e-05
2.27 -0.542513 -8.51188e-05
2.271 -0.541394 -8.5365e-05
2.272 -0.540204 -8.5579e-05
2.273 -0.538942 -8.57203e-05
2.274 -0.53761 -8.57793e-05
2.275 -0.536207 -8.57871e-05
2.276 -0.534734 -8.58019e-05
2.277 -0.533191 -8.58795e-05
2.278 -0.531579 -8.60426e-05
2.279 -0.529898 -8.62665e-05
2.28 -0.528149 -8.649e-05
2.281 -0.526331 -8.6647e-05
2.282 -0.524445 -8.6702e-05
2.283 -0.522491 -8.66717e-05
2.284 -0.520471 -8.66192e-05
2.285 -0.518384 -8.66248e-05
2.286 -0.51623 -8.67462e-05
2.287 -0.514011 -8.69901e-05
2.288 -0.511727 -8.73075e-05
2.289 -0.509377 -8.76165e-05
2.29 -0.506963 -8.78403e-05
2.291 -0.504486 -8.79416e-05
2.292 -0.501945 -8.79367e-05
2.293 -0.49934 -8.78849e-05
2.294 -0.496674 -8.78571e-05
2.295 -0.493945 -8.79029e-05
2.296 -0.491155 -8.80289e-05
2.297 -0.488304 -8.81992e-05
2.298 -0.485393 -8.83551e-05
2.299 -0.482422 -8.84434e-05
2.3 -0.479391 -8.84403e-05
2.301 -0.476302 -8.83596e-05
2.302 -0.473154 -8.82443e-05
2.303 -0.469949 -8.81468e-05
2.304 -0.466687 -8.8107e-05
2.305 -0.463368 -8.81381e-05
2.306 -0.459993 -8.8224e-05
2.307 -0.456563 -8.83286e-05
2.308 -0.453079 -8.84105e-05
2.309 -0.44954 -8.84378e-05
2.31 -0.445947 -8.83985e-05
2.311 -0.442302 -8.83014e-05
2.312 -0.438604 -8.81707e-05
2.313 -0.434855 -8.80351e-05
2.314 -0.431055 -8.79167e-05
2.315 -0.427205 -8.7823e-05
2.316 -0.423305 -8.77459e-05
2.317 -0.419356 -8.76665e-05
2.318 -0.415358 -8.75657e-05
2.319 -0.411313 -8.74333e-05
2.32 -0.407221 -8.72734e-05
2.321 -0.403082 -8.71012e-05
2.322 -0.398898 -8.6934e-05
2.323 -0.394668 -8.67804e-05
2.324 -0.390395 -8.66341e-05
2.325 -0.386078 -8.64763e-05
2.326 -0.381718 -8.62862e-05
2.327 -0.377316 -8.60553e-05
2.328 -0.372873 -8.57959e-05
2.329 -0.368388 -8.55395e-05
2.33 -0.363864 -8.53242e-05
2.331 -0.359301 -8.51764e-05
2.332 -0.354699 -8.50974e-05
2.333 -0.350059 -8.50611e-05
2.334 -0.345383 -8.50259e-05
2.335 -0.34067 -8.49539e-05
2.336 -0.335921 -8.48284e-05
2.337 -0.331138 -8.46587e-05
2.338 -0.326321 -8.44724e-05
2.339 -0.321471 -8.42969e-05
2.34 -0.316588 -8.41442e-05
2.341 -0.311674 -8.40064e-05
2.342 -0.306728 -8.38652e-05
2.343 -0.301753 -8.37092e-05
2.344 -0.296748 -8.35481e-05
2.345 -0.291715 -8.3413e-05
2.346 -0.286654 -8.33409e-05
2.347 -0.281566 -8.33505e-05
2.348 -0.276452 -8.34256e-05
2.349 -0.271312 -8.35148e-05
2.35 -0.266148 -8.35526e-05
2.351 -0.260961 -8.34927e-05
2.352 -0.25575 -8.33338e-05
2.353 -0.250518 -8.31248e-05
2.354 -0.245264 -8.29432e-05
2.355 -0.239989 -8.28559e-05
2.356 -0.234695 -8.28825e-05
2.357 -0.229382 -8.29815e-05
2.358 -0.224052 -8.30673e-05
2.359 -0.218704 -8.30514e-05
2.36 -0.213339 -8.28873e-05
2.361 -0.20796 -8.25958e-05
2.362 -0.202565 -8.22567e-05
2.363 -0.197157 -8.19706e-05
2.364 -0.191735 -8.18105e-05
2.365 -0.186302 -8.17868e-05
2.366 -0.180857 -8.18442e-05
2.367 -0.175401 -8.1891e-05
2.368 -0.169936 -8.1846e-05
2.369 -0.164462 -8.16771e-05
2.37 -0.158981 -8.14142e-05
2.371 -0.153491 -8.11297e-05
2.372 -0.147996 -8.08991e-05
2.373 -0.142495 -8.07634e-05
2.374 -0.13699 -8.07116e-05
2.375 -0.13148 -8.06922e-05
2.376 -0.125968 -8.06449e-05
2.377 -0.120453 -8.05334e-05
2.378 -0.114937 -8.03628e-05
2.379 -0.109421 -8.01731e-05
2.38 -0.103905 -8.00133e-05
2.381 -0.0983904 -7.99139e-05
2.382 -0.0928776 -7.98706e-05
2.383 -0.0873676 -7.985e-05
2.384 -0.0818612 -7.98108e-05
2.385 -0.0763594 -7.97275e-05
2.386 -0.0708628 -7.96044e-05
2.387 -0.0653723 -7.94707e-05
2.388 -0.0598888 -7.93624e-05
2.389 -0.054413 -7.9301e-05
2.39 -0.0489457 -7.92817e-05
2.391 -0.0434878 -7.92773e-05
2.392 -0.0380401 -7.92532e-05
2.393 -0.0326033 -7.91859e-05
2.394 -0.0271783 -7.90733e-05
2.395 -0.0217659 -7.89316e-05
2.396 -0.0163668 -7.87834e-05
2.397 -0.0109818 -7.86437e-05
2.398 -0.00561173 -7.85126e-05
2.399 -0.000257361 -7.83784e-05
2.4 0.00508055 -7.82276e-05
2.401 0.0104012 -7.80557e-05
2.402 0.0157039 -7.78709e-05
2.403 0.0209878 -7.76905e-05
2.404 0.0262522 -7.75324e-05
2.405 0.0314964 -7.74072e-05
2.406 0.0367195 -7.73157e-05
2.407 0.0419208 -7.72519e-05
2.408 0.0470997 -7.72081e-05
2.409 0.0522554 -7.71764e-05
2.41 0.0573871 -7.71475e-05
2.411 0.0624942 -7.71069e-05
2.412 0.0675759 -7.70343e-05
2.413 0.0726315 -7.69108e-05
2.414 0.0776603 -7.67303e-05
2.415 0.0826617 -7.65096e-05
2.416 0.0876349 -7.629e-05
2.417 0.0925793 -7.61236e-05
2.418 0.0974942 -7.60505e-05
2.419 0.102379 -7.60764e-05
2.42 0.107233 -7.61632e-05
2.421 0.112055 -7.6241e-05
2.422 0.116846 -7.62376e-05
2.423 0.121603 -7.61127e-05
2.424 0.126327 -7.58784e-05
2.425 0.131017 -7.55956e-05
2.426 0.135673 -7.53455e-05
2.427 0.140293 -7.51899e-05
2.428 0.144877 -7.51409e-05
2.429 0.149425 -7.51555e-05
2.43 0.153936 -7.51584e-05
2.431 0.15841 -7.50819e-05
2.432 0.162845 -7.49009e-05
2.433 0.167241 -7.46458e-05
2.434 0.171599 -7.43862e-05
2.435 0.175916 -7.41933e-05
2.436 0.180193 -7.41036e-05
2.437 0.184429 -7.41007e-05
2.438 0.188624 -7.41264e-05
2.439 0.192777 -7.41142e-05
2.44 0.196888 -7.40248e-05
2.441 0.200956 -7.38671e-05
2.442 0.20498 -7.36901e-05
2.443 0.208961 -7.35541e-05
2.444 0.212897 -7.34957e-05
2.445 0.216788 -7.3506e-05
2.446 0.220635 -7.35356e-05
2.447 0.224435 -7.35211e-05
2.448 0.22819 -7.34192e-05
2.449 0.231898 -7.32292e-05
2.45 0.23556 -7.29925e-05
2.451 0.239174 -7.27694e-05
2.452 0.24274 -7.26077e-05
2.453 0.246258 -7.25196e-05
2.454 0.249728 -7.24788e-05
2.455 0.25315 -7.2439e-05
2.456 0.256522 -7.23601e-05
2.457 0.259845 -7.22292e-05
2.458 0.263117 -7.20646e-05
2.459 0.26634 -7.19016e-05
2.46 0.269513 -7.17718e-05
2.461 0.272634 -7.16861e-05
2.462 0.275705 -7.1633e-05
2.463 0.278724 -7.15894e-05
2.464 0.281692 -7.15363e-05
2.465 0.284608 -7.14697e-05
2.466 0.287471 -7.13978e-05
2.467 0.290283 -7.13305e-05
2.468 0.293042 -7.12664e-05
2.469 0.295748 -7.1191e-05
2.47 0.298401 -7.10852e-05
2.471 0.301001 -7.0942e-05
2.472 0.303547 -7.07785e-05
2.473 0.30604 -7.06339e-05
2.474 0.308479 -7.05517e-05
2.475 0.310864 -7.05541e-05
2.476 0.313195 -7.06241e-05
2.477 0.315471 -7.07069e-05
2.478 0.317693 -7.07327e-05
2.479 0.319861 -7.06511e-05
2.48 0.321974 -7.0459e-05
2.481 0.324032 -7.02067e-05
2.482 0.326035 -6.99758e-05
2.483 0.327983 -6.98419e-05
2.484 0.329876 -6.98377e-05
2.485 0.331714 -6.99383e-05
2.486 0.333497 -7.00759e-05
2.487 0.335224 -7.01753e-05
2.488 0.336896 -7.01931e-05
2.489 0.338512 -7.0138e-05
2.49 0.340073 -7.00631e-05
2.491 0.341579 -7.00338e-05
2.492 0.343029 -7.00902e-05
2.493 0.344423 -7.02242e-05
2.494 0.345762 -7.03834e-05
2.495 0.347046 -7.05006e-05
2.496 0.348274 -7.05301e-05
2.497 0.349446 -7.04733e-05
2.498 0.350563 -7.03782e-05
2.499 0.351625 -7.03138e-05
2.5 0.352631 -7.03345e-05
2.501 0.353582 -7.04533e-05
2.502 0.354477 -7.06381e-05
2.503 0.355318 -7.08319e-05
2.504 0.356103 -7.09848e-05
2.505 0.356833 -7.10794e-05
2.506 0.357508 -7.11361e-05
2.507 0.358129 -7.11968e-05
2.508 0.358695 -7.12981e-05
2.509 0.359206 -7.14497e-05
2.51 0.359662 -7.16306e-05
2.511 0.360064 -7.18048e-05
2.512 0.360412 -7.19456e-05
2.513 0.360706 -7.20525e-05
2.514 0.360946 -7.21514e-05
2.515 0.361132 -7.2276e-05
2.516 0.361264 -7.24437e-05
2.517 0.361343 -7.26392e-05
2.518 0.361369 -7.28195e-05
2.519 0.361341 -7.2937e-05
2.52 0.361261 -7.29684e-05
2.521 0.361128 -7.29336e-05
2.522 0.360942 -7.28904e-05
2.523 0.360704 -7.29071e-05
2.524 0.360414 -7.30266e-05
2.525 0.360072 -7.32408e-05
2.526 0.359678 -7.34913e-05
2.527 0.359233 -7.36964e-05
2.528 0.358736 -7.37916e-05
2.529 0.358189 -7.37632e-05
2.53 0.357591 -7.36555e-05
2.531 0.356942 -7.35495e-05
2.532 0.356244 -7.35223e-05
2.533 0.355495 -7.36091e-05
2.534 0.354697 -7.37873e-05
2.535 0.353849 -7.39903e-05
2.536 0.352952 -7.41434e-05
2.537 0.352007 -7.42018e-05
2.538 0.351013 -7.41715e-05
2.539 0.34997 -7.41029e-05
2.54 0.34888 -7.40604e-05
2.541 0.347742 -7.40874e-05
2.542 0.346557 -7.41844e-05
2.543 0.345325 -7.43122e-05
2.544 0.344046 -7.44172e-05
2.545 0.342721 -7.44639e-05
2.546 0.34135 -7.44561e-05
2.547 0.339934 -7.44353e-05
2.548 0.338472 -7.44568e-05
2.549 0.336965 -7.45582e-05
2.55 0.335413 -7.47377e-05
2.551 0.333817 -7.49546e-05
2.552 0.332178 -7.51514e-05
2.553 0.330495 -7.52856e-05
2.554 0.328769 -7.53525e-05
2.555 0.327 -7.53869e-05
2.556 0.325188 -7.54418e-05
2.557 0.323335 -7.55561e-05
2.558 0.32144 -7.57304e-05
2.559 0.319504 -7.59238e-05
2.56 0.317527 -7.60743e-05
2.561 0.315509 -7.61335e-05
2.562 0.313452 -7.60955e-05
2.563 0.311355 -7.60043e-05
2.564 0.309219 -7.59354e-05
2.565 0.307044 -7.59589e-05
2.566 0.304831 -7.61043e-05
2.567 0.30258 -7.6344e-05
2.568 0.300291 -7.66053e-05
2.569 0.297965 -7.6805e-05
2.57 0.295603 -7.68881e-05
2.571 0.293204 -7.68536e-05
2.572 0.29077 -7.67528e-05
2.573 0.288301 -7.66626e-05
2.574 0.285796 -7.66477e-05
2.575 0.283258 -7.67307e-05
2.576 0.280685 -7.68848e-05
2.577 0.278079 -7.70515e-05
2.578 0.27544 -7.71731e-05
2.579 0.272768 -7.7223e-05
2.58 0.270065 -7.72176e-05
2.581 0.267329 -7.72051e-05
2.582 0.264563 -7.72377e-05
2.583 0.261766 -7.73427e-05
2.584 0.258939 -7.7508e-05
2.585 0.256083 -7.76891e-05
2.586 0.253197 -7.78337e-05
2.587 0.250282 -7.79107e-05
2.588 0.24734 -7.79278e-05
2.589 0.24437 -7.7928e-05
2.59 0.241372 -7.79672e-05
2.591 0.238348 -7.80843e-05
2.592 0.235298 -7.82794e-05
2.593 0.232222 -7.85107e-05
2.594 0.229121 -7.87136e-05
2.595 0.225996 -7.88317e-05
2.596 0.222846 -7.88439e-05
2.597 0.219673 -7.87759e-05
2.598 0.216477 -7.86882e-05
2.599 0.213258 -7.86482e-05
2.6 0.210018 -7.86992e-05
2.601 0.206755 -7.88406e-05
2.602 0.203472 -7.90299e-05
2.603 0.200169 -7.92035e-05
2.604 0.196846 -7.93077e-05
2.605 0.193503 -7.93239e-05
2.606 0.190142 -7.92761e-05
2.607 0.186762 -7.92196e-05
2.608 0.183365 -7.92139e-05
2.609 0.179951 -7.92954e-05
2.61 0.17652 -7.94614e-05
2.611 0.173073 -7.96728e-05
2.612 0.16961 -7.98727e-05
2.613 0.166133 -8.00134e-05
2.614 0.162641 -8.00766e-05
2.615 0.159135 -8.00801e-05
2.616 0.155616 -8.00669e-05
2.617 0.152084 -8.00839e-05
2.618 0.148541 -8.01593e-05
2.619 0.144985 -8.02913e-05
2.62 0.141419 -8.04501e-05
2.621 0.137842 -8.05942e-05
2.622 0.134255 -8.06914e-05
2.623 0.130658 -8.07341e-05
2.624 0.127053 -8.07429e-05
2.625 0.12344 -8.07561e-05
2.626 0.119819 -8.0811e-05
2.627 0.116191 -8.09249e-05
2.628 0.112556 -8.10863e-05
2.629 0.108915 -8.12582e-05
2.63 0.105269 -8.13946e-05
2.631 0.101618 -8.146e-05
2.632 0.0979625 -8.1446e-05
2.633 0.0943034 -8.13762e-05
2.634 0.0906412 -8.1297e-05
2.635 0.0869763 -8.12602e-05
2.636 0.0833093 -8.13028e-05
2.637 0.0796408 -8.14327e-05
2.638 0.0759714 -8.1627e-05
2.639 0.0723016 -8.18421e-05
2.64 0.068632 -8.20307e-05
2.641 0.0649631 -8.21603e-05
2.642 0.0612954 -8.22238e-05
2.643 0.0576296 -8.22397e-05
2.644 0.0539662 -8.22425e-05
2.645 0.0503058 -8.22671e-05
2.646 0.0466488 -8.23346e-05
2.647 0.0429959 -8.24443e-05
2.648 0.0393475 -8.25761e-05
2.649 0.0357043 -8.26997e-05
2.65 0.0320668 -8.2788e-05
2.651 0.0284354 -8.28286e-05
2.652 0.0248108 -8.28284e-05
2.653 0.0211935 -8.28099e-05
2.654 0.017584 -8.28019e-05
2.655 0.0139828 -8.28274e-05
2.656 0.0103906 -8.28948e-05
2.657 0.00680769 -8.29949e-05
2.658 0.00323473 -8.31054e-05
2.659 -0.000327772 -8.32003e-05
2.66 -0.00387931 -8.32606e-05
2.661 -0.00741938 -8.32816e-05
2.662 -0.0109474 -8.32744e-05
2.663 -0.014463 -8.32617e-05
2.664 -0.0179656 -8.32679e-05
2.665 -0.0214546 -8.33098e-05
2.666 -0.0249297 -8.33895e-05
2.667 -0.0283903 -8.34934e-05
2.668 -0.0318358 -8.35971e-05
2.669 -0.0352659 -8.36736e-05
2.67 -0.0386801 -8.37038e-05
2.671 -0.0420778 -8.36824e-05
2.672 -0.0454586 -8.36202e-05
2.673 -0.0488221 -8.35397e-05
2.674 -0.0521676 -8.34677e-05
2.675 -0.0554949 -8.34255e-05
2.676 -0.0588034 -8.34219e-05
2.677 -0.0620927 -8.3451e-05
2.678 -0.0653623 -8.34939e-05
2.679 -0.0686118 -8.35259e-05
2.68 -0.0718408 -8.35249e-05
2.681 -0.0750487 -8.34782e-05
2.682 -0.0782353 -8.33868e-05
2.683 -0.0814 -8.32644e-05
2.684 -0.0845424 -8.31326e-05
2.685 -0.0876622 -8.30139e-05
2.686 -0.0907588 -8.29245e-05
2.687 -0.093832 -8.28701e-05
2.688 -0.0968813 -8.28444e-05
2.689 -0.0999063 -8.28326e-05
2.69 -0.102907 -8.28163e-05
2.691 -0.105882 -8.27795e-05
2.692 -0.108832 -8.27137e-05
2.693 -0.111756 -8.26192e-05
2.694 -0.114654 -8.25042e-05
2.695 -0.117525 -8.23814e-05
2.696 -0.120369 -8.22628e-05
2.697 -0.123187 -8.21562e-05
2.698 -0.125976 -8.20623e-05
2.699 -0.128738 -8.19759e-05
2.7 -0.131471 -8.18881e-05
2.701 -0.134176 -8.17904e-05
2.702 -0.136852 -8.16784e-05
2.703 -0.139499 -8.15539e-05
2.704 -0.142116 -8.14255e-05
2.705 -0.144704 -8.13055e-05
2.706 -0.147261 -8.12069e-05
2.707 -0.149788 -8.11391e-05
2.708 -0.152284 -8.11046e-05
2.709 -0.154749 -8.1098e-05
2.71 -0.157183 -8.11074e-05
2.711 -0.159586 -8.11169e-05
2.712 -0.161956 -8.11116e-05
2.713 -0.164295 -8.10807e-05
2.714 -0.166602 -8.10212e-05
2.715 -0.168876 -8.09377e-05
2.716 -0.171117 -8.08414e-05
2.717 -0.173325 -8.07468e-05
2.718 -0.1755 -8.06676e-05
2.719 -0.177642 -8.06131e-05
2.72 -0.17975 -8.05861e-05
2.721 -0.181824 -8.05821e-05
2.722 -0.183865 -8.05909e-05
2.723 -0.185871 -8.05997e-05
2.724 -0.187843 -8.05966e-05
2.725 -0.18978 -8.05731e-05
2.726 -0.191683 -8.05268e-05
2.727 -0.19355 -8.04611e-05
2.728 -0.195383 -8.0384e-05
2.729 -0.19718 -8.03056e-05
2.73 -0.198942 -8.02353e-05
2.731 -0.200669 -8.0179e-05
2.732 -0.20236 -8.01377e-05
2.733 -0.204015 -8.01077e-05
2.734 -0.205635 -8.00812e-05
2.735 -0.207218 -8.00489e-05
2.736 -0.208766 -8.00027e-05
2.737 -0.210277 -7.99371e-05
2.738 -0.211752 -7.98513e-05
2.739 -0.213191 -7.97487e-05
2.74 -0.214593 -7.96362e-05
2.741 -0.215959 -7.95224e-05
2.742 -0.217288 -7.94153e-05
2.743 -0.218581 -7.9321e-05
2.744 -0.219837 -7.92417e-05
2.745 -0.221056 -7.91767e-05
2.746 -0.222238 -7.9122e-05
2.747 -0.223383 -7.90723e-05
2.748 -0.224492 -7.90226e-05
2.749 -0.225563 -7.89694e-05
2.75 -0.226598 -7.89117e-05
2.751 -0.227596 -7.88516e-05
2.752 -0.228557 -7.87926e-05
2.753 -0.22948 -7.87395e-05
2.754 -0.230367 -7.86958e-05
2.755 -0.231217 -7.86632e-05
2.756 -0.23203 -7.86406e-05
2.757 -0.232806 -7.86237e-05
2.758 -0.233545 -7.86068e-05
2.759 -0.234247 -7.85833e-05
2.76 -0.234912 -7.8548e-05
2.761 -0.23554 -7.84979e-05
2.762 -0.236132 -7.84329e-05
2.763 -0.236687 -7.83562e-05
2.764 -0.237205 -7.82728e-05
2.765 -0.237686 -7.81886e-05
2.766 -0.238131 -7.81096e-05
2.767 -0.23854 -7.80405e-05
2.768 -0.238912 -7.7984e-05
2.769 -0.239247 -7.79408e-05
2.77 -0.239546 -7.79085e-05
2.771 -0.239809 -7.78824e-05
2.772 -0.240036 -7.78553e-05
2.773 -0.240227 -7.78192e-05
2.774 -0.240382 -7.77664e-05
2.775 -0.240501 -7.76921e-05
2.776 -0.240585 -7.75965e-05
2.777 -0.240633 -7.74852e-05
2.778 -0.240645 -7.73684e-05
2.779 -0.240622 -7.72582e-05
2.78 -0.240564 -7.71649e-05
2.781 -0.24047 -7.70935e-05
2.782 -0.240342 -7.70424e-05
2.783 -0.240179 -7.7005e-05
2.784 -0.239981 -7.69723e-05
2.785 -0.239749 -7.69381e-05
2.786 -0.239482 -7.69012e-05
2.787 -0.239181 -7.68657e-05
2.788 -0.238846 -7.68372e-05
2.789 -0.238477 -7.68185e-05
2.79 -0.238074 -7.68054e-05
2.791 -0.237638 -7.67867e-05
2.792 -0.237168 -7.67482e-05
2.793 -0.236665 -7.66804e-05
2.794 -0.236129 -7.65846e-05
2.795 -0.235561 -7.64756e-05
2.796 -0.234959 -7.63767e-05
2.797 -0.234325 -7.63095e-05
2.798 -0.233659 -7.62832e-05
2.799 -0.23296 -7.62871e-05
2.8 -0.23223 -7.62928e-05
2.801 -0.231468 -7.62658e-05
2.802 -0.230675 -7.61817e-05
2.803 -0.22985 -7.60402e-05
2.804 -0.228995 -7.58685e-05
2.805 -0.228108 -7.57117e-05
2.806 -0.227191 -7.56133e-05
2.807 -0.226244 -7.55936e-05
2.808 -0.225266 -7.56378e-05
2.809 -0.224259 -7.56997e-05
2.81 -0.223222 -7.57222e-05
2.811 -0.222156 -7.56643e-05
2.812 -0.22106 -7.55228e-05
2.813 -0.219935 -7.53372e-05
2.814 -0.218782 -7.51731e-05
2.815 -0.2176 -7.50917e-05
2.816 -0.21639 -7.5118e-05
2.817 -0.215152 -7.52257e-05
2.818 -0.213887 -7.53455e-05
2.819 -0.212594 -7.53958e-05
2.82 -0.211274 -7.5322e-05
2.821 -0.209927 -7.5125e-05
2.822 -0.208553 -7.48643e-05
2.823 -0.207154 -7.4633e-05
2.824 -0.205728 -7.45149e-05
2.825 -0.204276 -7.45447e-05
2.826 -0.202799 -7.46891e-05
2.827 -0.201296 -7.48614e-05
2.828 -0.199769 -7.49602e-05
2.829 -0.198217 -7.49175e-05
2.83 -0.196641 -7.47297e-05
2.831 -0.195041 -7.44588e-05
2.832 -0.193417 -7.42026e-05
2.833 -0.191769 -7.40477e-05
2.834 -0.190098 -7.40291e-05
2.835 -0.188405 -7.41167e-05
2.836 -0.186689 -7.42332e-05
2.837 -0.18495 -7.42945e-05
2.838 -0.18319 -7.42522e-05
2.839 -0.181408 -7.41156e-05
2.84 -0.179605 -7.39435e-05
2.841 -0.177781 -7.38114e-05
2.842 -0.175936 -7.37708e-05
2.843 -0.174071 -7.38238e-05
2.844 -0.172186 -7.39242e-05
2.845 -0.170281 -7.40046e-05
2.846 -0.168357 -7.40134e-05
2.847 -0.166414 -7.39419e-05
2.848 -0.164452 -7.38262e-05
2.849 -0.162472 -7.37247e-05
2.85 -0.160474 -7.36836e-05
2.851 -0.158458 -7.37097e-05
2.852 -0.156424 -7.37671e-05
2.853 -0.154374 -7.37986e-05
2.854 -0.152307 -7.37596e-05
2.855 -0.150224 -7.36468e-05
2.856 -0.148124 -7.35029e-05
2.857 -0.146009 -7.33962e-05
2.858 -0.143879 -7.33841e-05
2.859 -0.141734 -7.34815e-05
2.86 -0.139574 -7.36504e-05
2.861 -0.1374 -7.38184e-05
2.862 -0.135212 -7.39155e-05
2.863 -0.13301 -7.39094e-05
2.864 -0.130796 -7.38216e-05
2.865 -0.128568 -7.3715e-05
2.866 -0.126328 -7.36597e-05
2.867 -0.124076 -7.36967e-05
2.868 -0.121813 -7.38182e-05
2.869 -0.119537 -7.39744e-05
2.87 -0.117251 -7.4103e-05
2.871 -0.114955 -7.4164e-05
2.872 -0.112648 -7.41607e-05
2.873 -0.110331 -7.41351e-05
2.874 -0.108004 -7.41414e-05
2.875 -0.105669 -7.42141e-05
2.876 -0.103324 -7.43463e-05
2.877 -0.100971 -7.44946e-05
2.878 -0.0986106 -7.46037e-05
2.879 -0.096242 -7.46396e-05
2.88 -0.0938662 -7.461e-05
2.881 -0.0914834 -7.45618e-05
2.882 -0.089094 -7.45557e-05
2.883 -0.0866984 -7.46319e-05
2.884 -0.0842971 -7.47881e-05
2.885 -0.0818902 -7.49792e-05
2.886 -0.0794783 -7.5142e-05
2.887 -0.0770617 -7.52292e-05
2.888 -0.0746408 -7.52345e-05
2.889 -0.072216 -7.51946e-05
2.89 -0.0697875 -7.51681e-05
2.891 -0.0673559 -7.52023e-05
2.892 -0.0649215 -7.53072e-05
2.893 -0.0624846 -7.54515e-05
2.894 -0.0600456 -7.55814e-05
2.895 -0.0576049 -7.56519e-05
2.896 -0.0551629 -7.5652e-05
2.897 -0.05272 -7.56102e-05
2.898 -0.0502764 -7.55763e-05
2.899 -0.0478327 -7.55916e-05
2.9 -0.0453891 -7.56648e-05
2.901 -0.042946 -7.57662e-05
2.902 -0.0405038 -7.58456e-05
2.903 -0.0380629 -7.58624e-05
2.904 -0.0356237 -7.58099e-05
2.905 -0.0331864 -7.57212e-05
2.906 -0.0307515 -7.56521e-05
2.907 -0.0283194 -7.56505e-05
2.908 -0.0258903 -7.57303e-05
2.909 -0.0234647 -7.58642e-05
2.91 -0.0210429 -7.59995e-05
2.911 -0.0186253 -7.60867e-05
2.912 -0.0162122 -7.6107e-05
2.913 -0.0138041 -7.60799e-05
2.914 -0.0114011 -7.60503e-05
2.915 -0.00900382 -7.60608e-05
2.916 -0.00661245 -7.61265e-05
2.917 -0.00422739 -7.62268e-05
2.918 -0.00184897 -7.63185e-05
2.919 0.000522448 -7.63624e-05
2.92 0.00288653 -7.6348e-05
2.921 0.00524292 -7.63009e-05
2.922 0.0075913 -7.62691e-05
2.923 0.00993131 -7.62962e-05
2.924 0.0122626 -7.63965e-05
2.925 0.0145849 -7.65464e-05
2.926 0.0168978 -7.66975e-05
2.927 0.019201 -7.68036e-05
2.928 0.0214942 -7.68457e-05
2.929 0.0237771 -7.68413e-05
2.93 0.0260492 -7.68324e-05
2.931 0.0283105 -7.68602e-05
2.932 0.0305604 -7.69405e-05
2.933 0.0327987 -7.70546e-05
2.934 0.035025 -7.71613e-05
2.935 0.0372392 -7.72216e-05
2.936 0.0394408 -7.72221e-05
2.937 0.0416296 -7.71838e-05
2.938 0.0438052 -7.71502e-05
2.939 0.0459674 -7.71619e-05
2.94 0.0481159 -7.72331e-05
2.941 0.0502504 -7.73427e-05
2.942 0.0523705 -7.74465e-05
2.943 0.0544761 -7.75019e-05
2.944 0.0565669 -7.74928e-05
2.945 0.0586425 -7.74386e-05
2.946 0.0607027 -7.73835e-05
2.947 0.0627472 -7.73718e-05
2.948 0.0647758 -7.74237e-05
2.949 0.0667882 -7.75248e-05
2.95 0.0687841 -7.76361e-05
2.951 0.0707633 -7.77164e-05
2.952 0.0727255 -7.77458e-05
2.953 0.0746705 -7.77363e-05
2.954 0.076598 -7.77227e-05
2.955 0.0785079 -7.77418e-05
2.956 0.0803998 -7.78111e-05
2.957 0.0822735 -7.79191e-05
2.958 0.0841289 -7.80334e-05
2.959 0.0859656 -7.81206e-05
2.96 0.0877835 -7.81651e-05
2.961 0.0895823 -7.81766e-05
2.962 0.0913619 -7.81817e-05
2.963 0.0931219 -7.82059e-05
2.964 0.0948623 -7.82568e-05
2.965 0.0965828 -7.83209e-05
2.966 0.0982833 -7.83735e-05
2.967 0.0999634 -7.83982e-05
2.968 0.101623 -7.84002e-05
2.969 0.103262 -7.84066e-05
2.97 0.10488 -7.84507e-05
2.971 0.106478 -7.85493e-05
2.972 0.108054 -7.86879e-05
2.973 0.109608 -7.8823e-05
2.974 0.111142 -7.89025e-05
2.975 0.112653 -7.88948e-05
2.976 0.114143 -7.88087e-05
2.977 0.115611 -7.86938e-05
2.978 0.117056 -7.86183e-05
2.979 0.11848 -7.86354e-05
2.98 0.119881 -7.87552e-05
2.981 0.121259 -7.89384e-05
2.982 0.122615 -7.91145e-05
2.983 0.123948 -7.92165e-05
2.984 0.125258 -7.92138e-05
2.985 0.126545 -7.91266e-05
2.986 0.127809 -7.90161e-05
2.987 0.12905 -7.89533e-05
2.988 0.130268 -7.89861e-05
2.989 0.131462 -7.91182e-05
2.99 0.132632 -7.93104e-05
2.991 0.133779 -7.95027e-05
2.992 0.134902 -7.96418e-05
2.993 0.136001 -7.97036e-05
2.994 0.137077 -7.96981e-05
2.995 0.138128 -7.9658e-05
2.996 0.139155 -7.96202e-05
2.997 0.140159 -7.96086e-05
2.998 0.141138 -7.9629e-05
2.999 0.142093 -7.9673e-05
3 0.143023 -7.97282e-05
3.001 0.14393 -7.97853e-05
3.002 0.144812 -7.98407e-05
3.003 0.145669 -7.98927e-05
3.004 0.146503 -7.99386e-05
3.005 0.147311 -7.99737e-05
3.006 0.148095 -7.9996e-05
3.007 0.148855 -8.00099e-05
3.008 0.14959 -8.00274e-05
3.009 0.1503 -8.00622e-05
3.01 0.150986 -8.01207e-05
3.011 0.151647 -8.01954e-05
3.012 0.152284 -8.0266e-05
3.013 0.152896 -8.03094e-05
3.014 0.153483 -8.03148e-05
3.015 0.154046 -8.02933e-05
3.016 0.154584 -8.02755e-05
3.017 0.155098 -8.02974e-05
3.018 0.155587 -8.03791e-05
3.019 0.156051 -8.05106e-05
3.02 0.156491 -8.06523e-05
3.021 0.156906 -8.07528e-05
3.022 0.157297 -8.07756e-05
3.023 0.157663 -8.07204e-05
3.024 0.158005 -8.06262e-05
3.025 0.158322 -8.05534e-05
3.026 0.158615 -8.05531e-05
3.027 0.158884 -8.06396e-05
3.028 0.159128 -8.07817e-05
3.029 0.159349 -8.0918e-05
3.03 0.159545 -8.09887e-05
3.031 0.159717 -8.09673e-05
3.032 0.159865 -8.08754e-05
3.033 0.159989 -8.07708e-05
3.034 0.160089 -8.07164e-05
3.035 0.160165 -8.07467e-05
3.036 0.160217 -8.08484e-05
3.037 0.160246 -8.09682e-05
3.038 0.160251 -8.10419e-05
3.039 0.160233 -8.10298e-05
3.04 0.160191 -8.09388e-05
3.041 0.160126 -8.08191e-05
3.042 0.160037 -8.07375e-05
3.043 0.159926 -8.07412e-05
3.044 0.159791 -8.08326e-05
3.045 0.159633 -8.09674e-05
3.046 0.159452 -8.10784e-05
3.047 0.159249 -8.11097e-05
3.048 0.159023 -8.10452e-05
3.049 0.158774 -8.09149e-05
3.05 0.158503 -8.07773e-05
3.051 0.158209 -8.06872e-05
3.052 0.157894 -8.06681e-05
3.053 0.157556 -8.07016e-05
3.054 0.157196 -8.07405e-05
3.055 0.156814 -8.07362e-05
3.056 0.156411 -8.06652e-05
3.057 0.155986 -8.05414e-05
3.058 0.155539 -8.04069e-05
3.059 0.155072 -8.03092e-05
3.06 0.154583 -8.02757e-05
3.061 0.154072 -8.03005e-05
3.062 0.153541 -8.03491e-05
3.063 0.152989 -8.03774e-05
3.064 0.152417 -8.03539e-05
3.065 0.151824 -8.02745e-05
3.066 0.151211 -8.01615e-05
3.067 0.150577 -8.005e-05
3.068 0.149924 -7.99696e-05
3.069 0.14925 -7.99302e-05
3.07 0.148557 -7.99205e-05
3.071 0.147844 -7.99161e-05
3.072 0.147112 -7.98933e-05
3.073 0.14636 -7.98414e-05
3.074 0.14559 -7.97655e-05
3.075 0.144801 -7.96826e-05
3.076 0.143992 -7.96122e-05
3.077 0.143166 -7.95667e-05
3.078 0.14232 -7.95471e-05
3.079 0.141457 -7.95441e-05
3.08 0.140576 -7.9543e-05
3.081 0.139676 -7.95301e-05
3.082 0.138759 -7.94982e-05
3.083 0.137825 -7.94486e-05
3.084 0.136873 -7.93905e-05
3.085 0.135904 -7.93374e-05
3.086 0.134918 -7.93026e-05
3.087 0.133916 -7.92935e-05
3.088 0.132896 -7.93078e-05
3.089 0.131861 -7.93332e-05
3.09 0.130809 -7.93517e-05
3.091 0.129741 -7.9347e-05
3.092 0.128658 -7.9313e-05
3.093 0.127559 -7.92581e-05
3.094 0.126444 -7.92029e-05
3.095 0.125314 -7.91707e-05
3.096 0.12417 -7.91745e-05
3.097 0.12301 -7.92086e-05
3.098 0.121836 -7.92479e-05
3.099 0.120648 -7.92593e-05
3.1 0.119445 -7.92174e-05
3.101 0.118229 -7.912e-05
3.102 0.116999 -7.89911e-05
3.103 0.115755 -7.88718e-05
3.104 0.114498 -7.88006e-05
3.105 0.113228 -7.87942e-05
3.106 0.111945 -7.88384e-05
3.107 0.110649 -7.88951e-05
3.108 0.109341 -7.89212e-05
3.109 0.108021 -7.88903e-05
3.11 0.106689 -7.88059e-05
3.111 0.105345 -7.86977e-05
3.112 0.103989 -7.86044e-05
3.113 0.102622 -7.85519e-05
3.114 0.101245 -7.85403e-05
3.115 0.0998558 -7.85455e-05
3.116 0.0984564 -7.85359e-05
3.117 0.0970467 -7.84926e-05
3.118 0.0956268 -7.84218e-05
3.119 0.0941971 -7.83506e-05
3.12 0.0927576 -7.83097e-05
3.121 0.0913087 -7.83113e-05
3.122 0.0898505 -7.83388e-05
3.123 0.0883834 -7.83531e-05
3.124 0.0869076 -7.83152e-05
3.125 0.0854232 -7.82119e-05
3.126 0.0839306 -7.80686e-05
3.127 0.08243 -7.79411e-05
3.128 0.0809216 -7.78884e-05
3.129 0.0794056 -7.79396e-05
3.13 0.0778824 -7.80747e-05
3.131 0.0763521 -7.82299e-05
3.132 0.074815 -7.83267e-05
3.133 0.0732714 -7.83105e-05
3.134 0.0717214 -7.81791e-05
3.135 0.0701653 -7.79842e-05
3.136 0.0686035 -7.78064e-05
3.137 0.067036 -7.77142e-05
3.138 0.0654632 -7.77307e-05
3.139 0.0638854 -7.7823e-05
3.14 0.0623027 -7.79217e-05
3.141 0.0607154 -7.79574e-05
3.142 0.0591238 -7.78973e-05
3.143 0.0575281 -7.776e-05
3.144 0.0559285 -7.76031e-05
3.145 0.0543253 -7.7491e-05
3.146 0.0527188 -7.74603e-05
3.147 0.0511092 -7.75021e-05
3.148 0.0494968 -7.75699e-05
3.149 0.0478817 -7.76064e-05
3.15 0.0462643 -7.75755e-05
3.151 0.0446449 -7.74796e-05
3.152 0.0430235 -7.73561e-05
3.153 0.0414006 -7.72537e-05
3.154 0.0397763 -7.72056e-05
3.155 0.038151 -7.72127e-05
3.156 0.0365247 -7.7247e-05
3.157 0.0348979 -7.72704e-05
3.158 0.0332707 -7.72577e-05
3.159 0.0316434 -7.72105e-05
3.16 0.0300162 -7.71523e-05
3.161 0.0283894 -7.71114e-05
3.162 0.0267632 -7.71012e-05
3.163 0.0251379 -7.7111e-05
3.164 0.0235138 -7.71128e-05
3.165 0.021891 -7.70802e-05
3.166 0.0202698 -7.70071e-05
3.167 0.0186504 -7.6914e-05
3.168 0.0170331 -7.68378e-05
3.169 0.0154182 -7.68102e-05
3.17 0.0138059 -7.68374e-05
3.171 0.0121963 -7.6894e-05
3.172 0.0105898 -7.69349e-05
3.173 0.00898662 -7.69205e-05
3.174 0.00738694 -7.68392e-05
3.175 0.00579102 -7.67157e-05
3.176 0.00419909 -7.65987e-05
3.177 0.00261139 -7.65344e-05
3.178 0.00102815 -7.65405e-05
3.179 -0.000550406 -7.6595e-05
3.18 -0.00212405 -7.66471e-05
3.181 -0.00369255 -7.66445e-05
3.182 -0.00525568 -7.65625e-05
3.183 -0.00681321 -7.64189e-05
3.184 -0.00836492 -7.62661e-05
3.185 -0.00991059 -7.61648e-05
3.186 -0.01145 -7.61522e-05
3.187 -0.0129829 -7.62223e-05
3.188 -0.0145091 -7.63289e-05
3.189 -0.0160284 -7.64089e-05
3.19 -0.0175406 -7.64146e-05
3.191 -0.0190455 -7.63373e-05
3.192 -0.0205428 -7.62104e-05
3.193 -0.0220323 -7.6091e-05
3.194 -0.0235139 -7.60295e-05
3.195 -0.0249873 -7.60441e-05
3.196 -0.0264523 -7.61121e-05
3.197 -0.0279088 -7.61827e-05
3.198 -0.0293565 -7.6204e-05
3.199 -0.0307952 -7.61492e-05
3.2 -0.0322248 -7.603e-05
3.201 -0.033645 -7.58894e-05
3.202 -0.0350556 -7.57794e-05
3.203 -0.0364566 -7.57359e-05
3.204 -0.0378476 -7.57614e-05
3.205 -0.0392285 -7.58265e-05
3.206 -0.0405991 -7.58852e-05
3.207 -0.0419593 -7.58984e-05
3.208 -0.0433088 -7.58522e-05
3.209 -0.0446476 -7.57623e-05
3.21 -0.0459753 -7.56649e-05
3.211 -0.0472919 -7.55976e-05
3.212 -0.0485971 -7.55818e-05
3.213 -0.0498909 -7.56136e-05
3.214 -0.051173 -7.56679e-05
3.215 -0.0524433 -7.57115e-05
3.216 -0.0537017 -7.57191e-05
3.217 -0.0549479 -7.56845e-05
3.218 -0.0561819 -7.56219e-05
3.219 -0.0574035 -7.55573e-05
3.22 -0.0586125 -7.55165e-05
3.221 -0.0598088 -7.55129e-05
3.222 -0.0609922 -7.55429e-05
3.223 -0.0621626 -7.55892e-05
3.224 -0.0633199 -7.563e-05
3.225 -0.064464 -7.56488e-05
3.226 -0.0655946 -7.56417e-05
3.227 -0.0667118 -7.56174e-05
3.228 -0.0678153 -7.55922e-05
3.229 -0.068905 -7.55809e-05
3.23 -0.0699809 -7.55902e-05
3.231 -0.0710428 -7.56155e-05
3.232 -0.0720905 -7.56443e-05
3.233 -0.073124 -7.56628e-05
3.234 -0.0741432 -7.56637e-05
3.235 -0.075148 -7.565e-05
3.236 -0.0761382 -7.56345e-05
3.237 -0.0771137 -7.56341e-05
3.238 -0.0780746 -7.56615e-05
3.239 -0.0790206 -7.57198e-05
3.24 -0.0799516 -7.57999e-05
3.241 -0.0808677 -7.58842e-05
3.242 -0.0817687 -7.59534e-05
3.243 -0.0826544 -7.59942e-05
3.244 -0.083525 -7.60046e-05
3.245 -0.0843801 -7.59939e-05
3.246 -0.0852199 -7.59793e-05
3.247 -0.0860442 -7.59797e-05
3.248 -0.0868529 -7.60087e-05
3.249 -0.087646 -7.60706e-05
3.25 -0.0884234 -7.61586e-05
3.251 -0.0891851 -7.62573e-05
3.252 -0.0899309 -7.63465e-05
3.253 -0.0906609 -7.64079e-05
3.254 -0.091375 -7.64302e-05
3.255 -0.0920732 -7.64136e-05
3.256 -0.0927553 -7.63713e-05
3.257 -0.0934214 -7.63256e-05
3.258 -0.0940713 -7.63017e-05
3.259 -0.0947052 -7.63186e-05
3.26 -0.0953229 -7.63812e-05
3.261 -0.0959243 -7.64775e-05
3.262 -0.0965096 -7.65828e-05
3.263 -0.0970786 -7.6669e-05
3.264 -0.0976313 -7.67167e-05
3.265 -0.0981677 -7.67231e-05
3.266 -0.0986877 -7.6703e-05
3.267 -0.0991914 -7.66807e-05
3.268 -0.0996788 -7.66779e-05
3.269 -0.10015 -7.67027e-05
3.27 -0.100604 -7.6746e-05
3.271 -0.101043 -7.67875e-05
3.272 -0.101464 -7.68075e-05
3.273 -0.10187 -7.67994e-05
3.274 -0.102259 -7.67733e-05
3.275 -0.102631 -7.67512e-05
3.276 -0.102988 -7.67537e-05
3.277 -0.103327 -7.67874e-05
3.278 -0.103651 -7.68399e-05
3.279 -0.103958 -7.68864e-05
3.28 -0.104249 -7.69042e-05
3.281 -0.104523 -7.68875e-05
3.282 -0.104781 -7.68528e-05
3.283 -0.105023 -7.6831e-05
3.284 -0.105248 -7.68501e-05
3.285 -0.105458 -7.69169e-05
3.286 -0.105651 -7.70106e-05
3.287 -0.105827 -7.70911e-05
3.288 -0.105988 -7.71211e-05
3.289 -0.106133 -7.70883e-05
3.29 -0.106261 -7.70159e-05
3.291 -0.106374 -7.69538e-05
3.292 -0.10647 -7.69533e-05
3.293 -0.10655 -7.70389e-05
3.294 -0.106615 -7.71916e-05
3.295 -0.106664 -7.73552e-05
3.296 -0.106697 -7.74635e-05
3.297 -0.106714 -7.74744e-05
3.298 -0.106715 -7.73936e-05
3.299 -0.106701 -7.72736e-05
3.3 -0.106671 -7.71884e-05
3.301 -0.106625 -7.71951e-05
3.302 -0.106564 -7.73039e-05
3.303 -0.106488 -7.74717e-05
3.304 -0.106396 -7.76242e-05
3.305 -0.106289 -7.76943e-05
3.306 -0.106167 -7.76576e-05
3.307 -0.106029 -7.75452e-05
3.308 -0.105877 -7.74278e-05
3.309 -0.105709 -7.73779e-05
3.31 -0.105526 -7.74327e-05
3.311 -0.105329 -7.75744e-05
3.312 -0.105117 -7.77408e-05
3.313 -0.10489 -7.78587e-05
3.314 -0.104648 -7.78817e-05
3.315 -0.104392 -7.78136e-05
3.316 -0.104122 -7.77036e-05
3.317 -0.103837 -7.76183e-05
3.318 -0.103538 -7.76061e-05
3.319 -0.103224 -7.76729e-05
3.32 -0.102897 -7.77817e-05
3.321 -0.102555 -7.78764e-05
3.322 -0.1022 -7.79137e-05
3.323 -0.10183 -7.78863e-05
3.324 -0.101447 -7.78247e-05
3.325 -0.10105 -7.77777e-05
3.326 -0.10064 -7.77837e-05
3.327 -0.100217 -7.78498e-05
3.328 -0.0997796 -7.79496e-05
3.329 -0.0993294 -7.80405e-05
3.33 -0.098866 -7.80893e-05
3.331 -0.0983897 -7.8091e-05
3.332 -0.0979004 -7.80695e-05
3.333 -0.0973983 -7.80618e-05
3.334 -0.0968836 -7.80941e-05
3.335 -0.0963562 -7.81654e-05
3.336 -0.0958164 -7.82487e-05
3.337 -0.0952642 -7.83071e-05
3.338 -0.0946998 -7.83172e-05
3.339 -0.0941233 -7.8284e-05
3.34 -0.0935348 -7.82385e-05
3.341 -0.0929344 -7.82202e-05
3.342 -0.0923222 -7.82532e-05
3.343 -0.0916984 -7.83315e-05
3.344 -0.0910631 -7.84216e-05
3.345 -0.0904164 -7.8481e-05
3.346 -0.0897584 -7.84834e-05
3.347 -0.0890893 -7.84338e-05
3.348 -0.0884091 -7.83676e-05
3.349 -0.0877181 -7.83311e-05
3.35 -0.0870163 -7.83564e-05
3.351 -0.0863039 -7.84437e-05
3.352 -0.085581 -7.85606e-05
3.353 -0.0848477 -7.86595e-05
3.354 -0.0841042 -7.87024e-05
3.355 -0.0833506 -7.86804e-05
3.356 -0.082587 -7.86173e-05
3.357 -0.0818136 -7.85554e-05
3.358 -0.0810306 -7.85336e-05
3.359 -0.080238 -7.85677e-05
3.36 -0.079436 -7.86449e-05
3.361 -0.0786247 -7.87334e-05
3.362 -0.0778044 -7.88007e-05
3.363 -0.076975 -7.88307e-05
3.364 -0.0761368 -7.88298e-05
3.365 -0.0752899 -7.88205e-05
3.366 -0.0744344 -7.88265e-05
3.367 -0.0735706 -7.88597e-05
3.368 -0.0726985 -7.89144e-05
3.369 -0.0718183 -7.89722e-05
3.37 -0.0709301 -7.90134e-05
3.371 -0.0700342 -7.90274e-05
3.372 -0.0691306 -7.90174e-05
3.373 -0.0682194 -7.89974e-05
3.374 -0.0673009 -7.89841e-05
3.375 -0.0663753 -7.89898e-05
3.376 -0.0654425 -7.90185e-05
3.377 -0.0645029 -7.90666e-05
3.378 -0.0635566 -7.91257e-05
3.379 -0.0626036 -7.91856e-05
3.38 -0.0616443 -7.92348e-05
3.381 -0.0606786 -7.92621e-05
3.382 -0.0597069 -7.92588e-05
3.383 -0.0587292 -7.92234e-05
3.384 -0.0577456 -7.91664e-05
3.385 -0.0567565 -7.91108e-05
3.386 -0.0557619 -7.90858e-05
3.387 -0.0547619 -7.91144e-05
3.388 -0.0537568 -7.92009e-05
3.389 -0.0527467 -7.93241e-05
3.39 -0.0517318 -7.94439e-05
3.391 -0.0507121 -7.95175e-05
3.392 -0.049688 -7.95207e-05
3.393 -0.0486596 -7.94614e-05
3.394 -0.0476269 -7.93774e-05
3.395 -0.0465902 -7.93195e-05
3.396 -0.0455497 -7.93252e-05
3.397 -0.0445055 -7.93991e-05
3.398 -0.0434577 -7.95091e-05
3.399 -0.0424066 -7.96027e-05
3.4 -0.0413523 -7.96341e-05
3.401 -0.0402949 -7.95893e-05
3.402 -0.0392347 -7.94934e-05
3.403 -0.0381717 -7.93984e-05
3.404 -0.0371063 -7.93547e-05
3.405 -0.0360384 -7.93845e-05
3.406 -0.0349684 -7.94699e-05
3.407 -0.0338963 -7.95632e-05
3.408 -0.0328223 -7.96139e-05
3.409 -0.0317467 -7.95966e-05
3.41 -0.0306695 -7.95248e-05
3.411 -0.0295909 -7.9443e-05
3.412 -0.0285111 -7.94e-05
3.413 -0.0274302 -7.94209e-05
3.414 -0.0263485 -7.94918e-05
3.415 -0.0252661 -7.95676e-05
3.416 -0.0241831 -7.95974e-05
3.417 -0.0230997 -7.95546e-05
3.418 -0.0220162 -7.94528e-05
3.419 -0.0209325 -7.93398e-05
3.42 -0.019849 -7.92715e-05
3.421 -0.0187657 -7.92801e-05
3.422 -0.0176829 -7.93561e-05
3.423 -0.0166007 -7.94519e-05
3.424 -0.0155193 -7.95075e-05
3.425 -0.0144388 -7.9483e-05
3.426 -0.0133593 -7.93805e-05
3.427 -0.0122812 -7.92423e-05
3.428 -0.0112044 -7.91284e-05
3.429 -0.0101292 -7.90839e-05
3.43 -0.00905578 -7.91154e-05
3.431 -0.00798422 -7.91886e-05
3.432 -0.0069147 -7.92483e-05
3.433 -0.00584739 -7.92481e-05
3.434 -0.00478244 -7.91753e-05
3.435 -0.00372002 -7.90554e-05
3.436 -0.00266028 -7.89366e-05
3.437 -0.00160337 -7.88631e-05
3.438 -0.000549455 -7.88519e-05
3.439 0.00050132 -7.8887e-05
3.44 0.0015488 -7.89313e-05
3.441 0.00259284 -7.89492e-05
3.442 0.00363329 -7.89264e-05
3.443 0.00467 -7.88743e-05
3.444 0.00570281 -7.88203e-05
3.445 0.00673158 -7.87882e-05
3.446 0.00775617 -7.87836e-05
3.447 0.00877641 -7.87921e-05
3.448 0.00979218 -7.87902e-05
3.449 0.0108033 -7.87626e-05
3.45 0.0118097 -7.87137e-05
3.451 0.0128112 -7.8665e-05
3.452 0.0138076 -7.86412e-05
3.453 0.0147989 -7.86528e-05
3.454 0.0157848 -7.86867e-05
3.455 0.0167653 -7.87122e-05
3.456 0.0177402 -7.86994e-05
3.457 0.0187093 -7.86387e-05
3.458 0.0196727 -7.85503e-05
3.459 0.02063 -7.84753e-05
3.46 0.0215812 -7.84535e-05
3.461 0.0225261 -7.84994e-05
3.462 0.0234647 -7.85911e-05
3.463 0.0243968 -7.8679e-05
3.464 0.0253223 -7.87115e-05
3.465 0.026241 -7.86637e-05
3.466 0.0271529 -7.85524e-05
3.467 0.0280578 -7.84297e-05
3.468 0.0289555 -7.83558e-05
3.469 0.0298461 -7.83666e-05
3.47 0.0307294 -7.84539e-05
3.471 0.0316052 -7.85679e-05
3.472 0.0324734 -7.86429e-05
3.473 0.033334 -7.86319e-05
3.474 0.0341868 -7.85309e-05
3.475 0.0350318 -7.83814e-05
3.476 0.0358687 -7.82479e-05
3.477 0.0366976 -7.81838e-05
3.478 0.0375183 -7.82045e-05
3.479 0.0383307 -7.828e-05
3.48 0.0391347 -7.83536e-05
3.481 0.0399303 -7.83732e-05
3.482 0.0407173 -7.83198e-05
3.483 0.0414956 -7.82165e-05
3.484 0.0422652 -7.81141e-05
3.485 0.0430259 -7.80621e-05
3.486 0.0437778 -7.80805e-05
3.487 0.0445206 -7.81486e-05
3.488 0.0452543 -7.82172e-05
3.489 0.0459788 -7.82359e-05
3.49 0.0466941 -7.81815e-05
3.491 0.0474 -7.80707e-05
3.492 0.0480965 -7.79509e-05
3.493 0.0487836 -7.78745e-05
3.494 0.0494611 -7.7871e-05
3.495 0.0501289 -7.79318e-05
3.496 0.0507871 -7.80162e-05
3.497 0.0514355 -7.80742e-05
3.498 0.0520741 -7.80736e-05
3.499 0.0527028 -7.80157e-05
3.5 0.0533216 -7.79327e-05
3.501 0.0539303 -7.78673e-05
3.502 0.054529 -7.78478e-05
3.503 0.0551176 -7.78726e-05
3.504 0.055696 -7.79122e-05
3.505 0.0562642 -7.79279e-05
3.506 0.0568221 -7.78952e-05
3.507 0.0573697 -7.78199e-05
3.508 0.0579069 -7.77356e-05
3.509 0.0584337 -7.76855e-05
3.51 0.0589501 -7.76972e-05
3.511 0.0594559 -7.77654e-05
3.512 0.0599513 -7.78527e-05
3.513 0.0604361 -7.79075e-05
3.514 0.0609102 -7.7891e-05
3.515 0.0613738 -7.77986e-05
3.516 0.0618267 -7.76634e-05
3.517 0.0622688 -7.75402e-05
3.518 0.0627003 -7.74788e-05
3.519 0.063121 -7.74982e-05
3.52 0.0635309 -7.75774e-05
3.521 0.0639301 -7.76657e-05
3.522 0.0643184 -7.7708e-05
3.523 0.0646959 -7.76725e-05
3.524 0.0650626 -7.7566e-05
3.525 0.0654184 -7.74302e-05
3.526 0.0657633 -7.73207e-05
3.527 0.0660973 -7.72797e-05
3.528 0.0664204 -7.73168e-05
3.529 0.0667326 -7.74049e-05
3.53 0.0670339 -7.74954e-05
3.531 0.0673243 -7.75419e-05
3.532 0.0676038 -7.75222e-05
3.533 0.0678724 -7.74469e-05
3.534 0.06813 -7.73522e-05
3.535 0.0683767 -7.72798e-05
3.536 0.0686125 -7.72568e-05
3.537 0.0688374 -7.72831e-05
3.538 0.0690513 -7.73333e-05
3.539 0.0692544 -7.73716e-05
3.54 0.0694465 -7.73699e-05
3.541 0.0696278 -7.7322e-05
3.542 0.0697983 -7.72451e-05
3.543 0.0699579 -7.71707e-05
3.544 0.0701066 -7.71274e-05
3.545 0.0702445 -7.71272e-05
3.546 0.0703717 -7.71597e-05
3.547 0.070488 -7.71984e-05
3.548 0.0705936 -7.72142e-05
3.549 0.0706885 -7.71901e-05
3.55 0.0707727 -7.71293e-05
3.551 0.0708461 -7.70532e-05
3.552 0.0709089 -7.69908e-05
3.553 0.0709611 -7.69643e-05
3.554 0.0710027 -7.69784e-05
3.555 0.0710337 -7.70186e-05
3.556 0.0710542 -7.70576e-05
3.557 0.0710642 -7.70687e-05
3.558 0.0710637 -7.70383e-05
3.559 0.0710528 -7.69717e-05
3.56 0.0710315 -7.68909e-05
3.561 0.0709998 -7.68245e-05
3.562 0.0709578 -7.6795e-05
3.563 0.0709056 -7.68088e-05
3.564 0.0708431 -7.68539e-05
3.565 0.0707705 -7.69055e-05
3.566 0.0706877 -7.6937e-05
3.567 0.0705948 -7.69311e-05
3.568 0.0704919 -7.68873e-05
3.569 0.070379 -7.68209e-05
3.57 0.0702561 -7.67564e-05
3.571 0.0701233 -7.67164e-05
3.572 0.0699807 -7.67121e-05
3.573 0.0698283 -7.67394e-05
3.574 0.0696662 -7.67805e-05
3.575 0.0694944 -7.68123e-05
3.576 0.0693129 -7.68158e-05
3.577 0.0691219 -7.6784e-05
3.578 0.0689214 -7.67243e-05
3.579 0.0687114 -7.66552e-05
3.58 0.0684921 -7.65985e-05
3.581 0.0682634 -7.65706e-05
3.582 0.0680255 -7.65766e-05
3.583 0.0677783 -7.66086e-05
3.584 0.067522 -7.66497e-05
3.585 0.0672567 -7.66807e-05
3.586 0.0669823 -7.6688e-05
3.587 0.066699 -7.66681e-05
3.588 0.0664068 -7.66284e-05
3.589 0.0661058 -7.6584e-05
3.59 0.0657961 -7.65511e-05
3.591 0.0654778 -7.65413e-05
3.592 0.0651508 -7.65572e-05
3.593 0.0648154 -7.65926e-05
3.594 0.0644715 -7.6635e-05
3.595 0.0641192 -7.6671e-05
3.596 0.0637587 -7.66911e-05
3.597 0.0633899 -7.66927e-05
3.598 0.063013 -7.66802e-05
3.599 0.062628 -7.66624e-05
3.6 0.062235 -7.66488e-05
3.601 0.0618342 -7.66453e-05
3.602 0.0614255 -7.66531e-05
3.603 0.0610091 -7.66682e-05
3.604 0.060585 -7.66841e-05
3.605 0.0601534 -7.66953e-05
3.606 0.0597142 -7.66993e-05
3.607 0.0592677 -7.66988e-05
3.608 0.0588138 -7.66995e-05
3.609 0.0583527 -7.67087e-05
3.61 0.0578844 -7.67314e-05
3.611 0.0574091 -7.67683e-05
3.612 0.0569268 -7.68149e-05
3.613 0.0564376 -7.6863e-05
3.614 0.0559416 -7.69031e-05
3.615 0.0554389 -7.6928e-05
3.616 0.0549296 -7.69353e-05
3.617 0.0544138 -7.69283e-05
3.618 0.0538915 -7.6915e-05
3.619 0.0533629 -7.69059e-05
3.62 0.052828 -7.69101e-05
3.621 0.052287 -7.69329e-05
3.622 0.0517399 -7.69737e-05
3.623 0.0511868 -7.70265e-05
3.624 0.0506279 -7.70815e-05
3.625 0.0500632 -7.71281e-05
3.626 0.0494928 -7.71585e-05
3.627 0.0489169 -7.71695e-05
3.628 0.0483354 -7.71639e-05
3.629 0.0477486 -7.71494e-05
3.63 0.0471565 -7.71358e-05
3.631 0.0465592 -7.71319e-05
3.632 0.0459568 -7.71424e-05
3.633 0.0453494 -7.71666e-05
3.634 0.0447372 -7.71988e-05
3.635 0.0441202 -7.72306e-05
3.636 0.0434985 -7.72542e-05
3.637 0.0428722 -7.72654e-05
3.638 0.0422414 -7.72646e-05
3.639 0.0416063 -7.72568e-05
3.64 0.0409669 -7.72486e-05
3.641 0.0403234 -7.72462e-05
3.642 0.0396757 -7.72525e-05
3.643 0.0390242 -7.72671e-05
3.644 0.0383688 -7.72872e-05
3.645 0.0377096 -7.73096e-05
3.646 0.0370468 -7.73315e-05
3.647 0.0363805 -7.73516e-05
3.648 0.0357108 -7.73688e-05
3.649 0.0350377 -7.7381e-05
3.65 0.0343615 -7.73854e-05
3.651 0.0336821 -7.73799e-05
3.652 0.0329998 -7.73647e-05
3.653 0.0323146 -7.7345e-05
3.654 0.0316266 -7.73296e-05
3.655 0.0309359 -7.73288e-05
3.656 0.0302427 -7.73486e-05
3.657 0.029547 -7.73874e-05
3.658 0.028849 -7.74343e-05
3.659 0.0281488 -7.74736e-05
3.66 0.0274465 -7.7492e-05
3.661 0.0267421 -7.74853e-05
3.662 0.0260359 -7.74626e-05
3.663 0.0253278 -7.74427e-05
3.664 0.0246181 -7.74455e-05
3.665 0.0239069 -7.74815e-05
3.666 0.0231941 -7.75449e-05
3.667 0.0224801 -7.7615e-05
3.668 0.0217648 -7.76659e-05
3.669 0.0210483 -7.76794e-05
3.67 0.0203309 -7.76557e-05
3.671 0.0196125 -7.76149e-05
3.672 0.0188934 -7.75869e-05
3.673 0.0181736 -7.75966e-05
3.674 0.0174532 -7.76487e-05
3.675 0.0167324 -7.77243e-05
3.676 0.0160112 -7.77887e-05
3.677 0.0152897 -7.78099e-05
3.678 0.0145681 -7.7777e-05
3.679 0.0138465 -7.77081e-05
3.68 0.013125 -7.76432e-05
3.681 0.0124037 -7.76245e-05
3.682 0.0116827 -7.76726e-05
3.683 0.0109621 -7.77739e-05
3.684 0.0102421 -7.78844e-05
3.685 0.00952261 -7.79512e-05
3.686 0.00880391 -7.79405e-05
3.687 0.00808606 -7.7857e-05
3.688 0.00736916 -7.77447e-05
3.689 0.00665332 -7.76659e-05
3.69 0.00593865 -7.76696e-05
3.691 0.00522525 -7.77648e-05
3.692 0.00451323 -7.79131e-05
3.693 0.00380269 -7.80464e-05
3.694 0.00309374 -7.81008e-05
3.695 0.00238648 -7.80502e-05
3.696 0.00168101 -7.79212e-05
3.697 0.000977451 -7.77812e-05
3.698 0.000275891 -7.77052e-05
3.699 -0.000423564 -7.77377e-05
3.7 -0.00112081 -7.78697e-05
3.701 -0.00181576 -7.80429e-05
3.702 -0.00250829 -7.81793e-05
3.703 -0.00319833 -7.82209e-05
3.704 -0.00388576 -7.81586e-05
3.705 -0.00457049 -7.80358e-05
3.706 -0.00525242 -7.79248e-05
3.707 -0.00593146 -7.78884e-05
3.708 -0.0066075 -7.7948e-05
3.709 -0.00728045 -7.80741e-05
3.71 -0.00795021 -7.82037e-05
3.711 -0.0086167 -7.82757e-05
3.712 -0.00927981 -7.82627e-05
3.713 -0.00993947 -7.81846e-05
3.714 -0.0105956 -7.80953e-05
3.715 -0.011248 -7.80523e-05
3.716 -0.0118967 -7.80844e-05
3.717 -0.0125416 -7.81775e-05
3.718 -0.0131826 -7.8284e-05
3.719 -0.0138196 -7.83502e-05
3.72 -0.0144525 -7.83468e-05
3.721 -0.0150813 -7.82838e-05
3.722 -0.0157058 -7.82032e-05
3.723 -0.0163259 -7.81541e-05
3.724 -0.0169416 -7.81641e-05
3.725 -0.0175529 -7.82254e-05
3.726 -0.0181595 -7.83008e-05
3.727 -0.0187615 -7.83472e-05
3.728 -0.0193588 -7.83424e-05
3.729 -0.0199512 -7.82981e-05
3.73 -0.0205388 -7.82533e-05
3.731 -0.0211214 -7.82498e-05
3.732 -0.0216989 -7.8307e-05
3.733 -0.0222714 -7.84081e-05
3.734 -0.0228386 -7.85085e-05
3.735 -0.0234006 -7.856e-05
3.736 -0.0239573 -7.85389e-05
3.737 -0.0245086 -7.846e-05
3.738 -0.0250544 -7.83696e-05
3.739 -0.0255948 -7.83205e-05
3.74 -0.0261295 -7.83435e-05
3.741 -0.0266586 -7.84305e-05
3.742 -0.0271819 -7.854e-05
3.743 -0.0276995 -7.86199e-05
3.744 -0.0282112 -7.86365e-05
3.745 -0.0287171 -7.85918e-05
3.746 -0.029217 -7.85208e-05
3.747 -0.0297108 -7.84703e-05
3.748 -0.0301987 -7.84723e-05
3.749 -0.0306804 -7.85266e-05
3.75 -0.0311559 -7.86028e-05
3.751 -0.0316252 -7.86592e-05
3.752 -0.0320883 -7.86684e-05
3.753 -0.032545 -7.86327e-05
3.754 -0.0329953 -7.8582e-05
3.755 -0.0334393 -7.8555e-05
3.756 -0.0338768 -7.85754e-05
3.757 -0.0343077 -7.86373e-05
3.758 -0.0347322 -7.87085e-05
3.759 -0.03515 -7.87496e-05
3.76 -0.0355612 -7.87376e-05
3.761 -0.0359657 -7.86803e-05
3.762 -0.0363636 -7.86127e-05
3.763 -0.0367547 -7.8577e-05
3.764 -0.037139 -7.85988e-05
3.765 -0.0375165 -7.86719e-05
3.766 -0.0378871 -7.87619e-05
3.767 -0.0382509 -7.88255e-05
3.768 -0.0386077 -7.88344e-05
3.769 -0.0389577 -7.87909e-05
3.77 -0.0393006 -7.87256e-05
3.771 -0.0396366 -7.86791e-05
3.772 -0.0399656 -7.86791e-05
3.773 -0.0402875 -7.87245e-05
3.774 -0.0406024 -7.8788e-05
3.775 -0.0409101 -7.88322e-05
3.776 -0.0412108 -7.8832e-05
3.777 -0.0415044 -7.87884e-05
3.778 -0.0417908 -7.87271e-05
3.779 -0.04207 -7.86827e-05
3.78 -0.0423421 -7.86777e-05
3.781 -0.0426069 -7.87103e-05
3.782 -0.0428646 -7.87558e-05
3.783 -0.0431151 -7.87827e-05
3.784 -0.0433583 -7.8771e-05
3.785 -0.0435943 -7.87244e-05
3.786 -0.043823 -7.86673e-05
3.787 -0.0440446 -7.86295e-05
3.788 -0.0442588 -7.86283e-05
3.789 -0.0444658 -7.8659e-05
3.79 -0.0446655 -7.8698e-05
3.791 -0.0448579 -7.87179e-05
3.792 -0.045043 -7.87043e-05
3.793 -0.0452209 -7.86639e-05
3.794 -0.0453915 -7.86192e-05
3.795 -0.0455549 -7.85937e-05
3.796 -0.045711 -7.85962e-05
3.797 -0.0458598 -7.86152e-05
3.798 -0.0460013 -7.86264e-05
3.799 -0.0461356 -7.86089e-05
3.8 -0.0462626 -7.85602e-05
3.801 -0.0463824 -7.84994e-05
3.802 -0.0464949 -7.84567e-05
3.803 -0.0466003 -7.84545e-05
3.804 -0.0466984 -7.84913e-05
3.805 -0.0467893 -7.85399e-05
3.806 -0.046873 -7.85608e-05
3.807 -0.0469495 -7.85255e-05
3.808 -0.0470189 -7.8435e-05
3.809 -0.0470812 -7.8323e-05
3.81 -0.0471363 -7.82398e-05
3.811 -0.0471843 -7.82261e-05
3.812 -0.0472252 -7.8289e-05
3.813 -0.047259 -7.8396e-05
3.814 -0.0472857 -7.84898e-05
3.815 -0.0473054 -7.85178e-05
3.816 -0.0473182 -7.84595e-05
3.817 -0.0473239 -7.83384e-05
3.818 -0.0473227 -7.82101e-05
3.819 -0.0473145 -7.81343e-05
3.82 -0.0472994 -7.81438e-05
3.821 -0.0472774 -7.82278e-05
3.822 -0.0472486 -7.83382e-05
3.823 -0.0472129 -7.84147e-05
3.824 -0.0471704 -7.84163e-05
3.825 -0.0471211 -7.83411e-05
3.826 -0.0470651 -7.82263e-05
3.827 -0.0470023 -7.81276e-05
3.828 -0.0469329 -7.80903e-05
3.829 -0.0468568 -7.81275e-05
3.83 -0.0467741 -7.8215e-05
3.831 -0.0466848 -7.83063e-05
3.832 -0.046589 -7.83561e-05
3.833 -0.0464867 -7.83429e-05
3.834 -0.0463779 -7.82763e-05
3.835 -0.0462626 -7.81895e-05
3.836 -0.0461409 -7.812e-05
3.837 -0.0460129 -7.80917e-05
3.838 -0.0458785 -7.81055e-05
3.839 -0.0457378 -7.81427e-05
3.84 -0.0455909 -7.81774e-05
3.841 -0.0454378 -7.8191e-05
3.842 -0.0452786 -7.81795e-05
3.843 -0.0451132 -7.81528e-05
3.844 -0.0449417 -7.81267e-05
3.845 -0.0447642 -7.81131e-05
3.846 -0.0445807 -7.81146e-05
3.847 -0.0443913 -7.81246e-05
3.848 -0.0441959 -7.81318e-05
3.849 -0.0439947 -7.81265e-05
3.85 -0.0437877 -7.81048e-05
3.851 -0.043575 -7.80695e-05
3.852 -0.0433565 -7.80282e-05
3.853 -0.0431324 -7.799e-05
3.854 -0.0429026 -7.79631e-05
3.855 -0.0426673 -7.79527e-05
3.856 -0.0424265 -7.7959e-05
3.857 -0.0421802 -7.79765e-05
3.858 -0.0419285 -7.7995e-05
3.859 -0.0416715 -7.8002e-05
3.86 -0.0414091 -7.79877e-05
3.861 -0.0411414 -7.79509e-05
3.862 -0.0408686 -7.79009e-05
3.863 -0.0405906 -7.78555e-05
3.864 -0.0403076 -7.78334e-05
3.865 -0.0400195 -7.78445e-05
3.866 -0.0397264 -7.78836e-05
3.867 -0.0394284 -7.79306e-05
3.868 -0.0391255 -7.79601e-05
3.869 -0.0388178 -7.79537e-05
3.87 -0.0385054 -7.79109e-05
3.871 -0.0381883 -7.78501e-05
3.872 -0.0378665 -7.77998e-05
3.873 -0.0375401 -7.77836e-05
3.874 -0.0372093 -7.78064e-05
3.875 -0.0368739 -7.78508e-05
3.876 -0.0365342 -7.78867e-05
3.877 -0.0361901 -7.78873e-05
3.878 -0.0358418 -7.78452e-05
3.879 -0.0354892 -7.77778e-05
3.88 -0.0351325 -7.77181e-05
3.881 -0.0347717 -7.76967e-05
3.882 -0.0344069 -7.77234e-05
3.883 -0.0340381 -7.7781e-05
3.884 -0.0336654 -7.78332e-05
3.885 -0.0332888 -7.78452e-05
3.886 -0.0329085 -7.78032e-05
3.887 -0.0325245 -7.77237e-05
3.888 -0.0321369 -7.76444e-05
3.889 -0.0317456 -7.7604e-05
3.89 -0.0313509 -7.76197e-05
3.891 -0.0309527 -7.76771e-05
3.892 -0.0305512 -7.77375e-05
3.893 -0.0301463 -7.77599e-05
3.894 -0.0297382 -7.77244e-05
3.895 -0.0293269 -7.76444e-05
3.896 -0.0289125 -7.75595e-05
3.897 -0.0284951 -7.75131e-05
3.898 -0.0280747 -7.75268e-05
3.899 -0.0276514 -7.75877e-05
3.9 -0.0272252 -7.76546e-05
3.901 -0.0267963 -7.76814e-05
3.902 -0.0263647 -7.76441e-05
3.903 -0.0259305 -7.75562e-05
3.904 -0.0254938 -7.74622e-05
3.905 -0.0250545 -7.74132e-05
3.906 -0.0246129 -7.7438e-05
3.907 -0.0241689 -7.75247e-05
3.908 -0.0237226 -7.76262e-05
3.909 -0.0232741 -7.76839e-05
3.91 -0.0228235 -7.76607e-05
3.911 -0.0223709 -7.75615e-05
3.912 -0.0219163 -7.7432e-05
3.913 -0.0214597 -7.73349e-05
3.914 -0.0210014 -7.73167e-05
3.915 -0.0205412 -7.73826e-05
3.916 -0.0200794 -7.74945e-05
3.917 -0.019616 -7.75905e-05
3.918 -0.019151 -7.76186e-05
3.919 -0.0186845 -7.75626e-05
3.92 -0.0182166 -7.74496e-05
3.921 -0.0177474 -7.73339e-05
3.922 -0.017277 -7.72671e-05
3.923 -0.0168054 -7.7272e-05
3.924 -0.0163326 -7.73326e-05
3.925 -0.0158589 -7.74059e-05
3.926 -0.0153842 -7.74472e-05
3.927 -0.0149085 -7.7434e-05
3.928 -0.0144321 -7.73758e-05
3.929 -0.013955 -7.73055e-05
3.93 -0.0134771 -7.72583e-05
3.931 -0.0129987 -7.72517e-05
3.932 -0.0125198 -7.72779e-05
3.933 -0.0120404 -7.73111e-05
3.934 -0.0115606 -7.7326e-05
3.935 -0.0110806 -7.73137e-05
3.936 -0.0106003 -7.72859e-05
3.937 -0.0101199 -7.72653e-05
3.938 -0.00963938 -7.72692e-05
3.939 -0.00915887 -7.72961e-05
3.94 -0.00867842 -7.73253e-05
3.941 -0.00819812 -7.73294e-05
3.942 -0.00771802 -7.72928e-05
3.943 -0.00723821 -7.72237e-05
3.944 -0.00675876 -7.71523e-05
3.945 -0.00627974 -7.71145e-05
3.946 -0.00580122 -7.71312e-05
3.947 -0.00532327 -7.71945e-05
3.948 -0.00484597 -7.72701e-05
3.949 -0.00436938 -7.73158e-05
3.95 -0.00389358 -7.73045e-05
3.951 -0.00341863 -7.72405e-05
3.952 -0.00294461 -7.71576e-05
3.953 -0.00247158 -7.71008e-05
3.954 -0.00199962 -7.71006e-05
3.955 -0.00152879 -7.71552e-05
3.956 -0.00105917 -7.72308e-05
3.957 -0.000590822 -7.72806e-05
3.958 -0.000123814 -7.72708e-05
3.959 0.000341784 -7.72012e-05
3.96 0.000805904 -7.71066e-05
3.961 0.00126848 -7.70384e-05
3.962 0.00172945 -7.7036e-05
3.963 0.00218874 -7.7105e-05
3.964 0.00264629 -7.72127e-05
3.965 0.00310203 -7.73048e-05
3.966 0.0035559 -7.73347e-05
3.967 0.00400783 -7.72887e-05
3.968 0.00445776 -7.71933e-05
3.969 0.00490562 -7.71018e-05
3.97 0.00535136 -7.70653e-05
3.971 0.00579491 -7.71059e-05
3.972 0.0062362 -7.72048e-05
3.973 0.00667518 -7.73132e-05
3.974 0.00711179 -7.7378e-05
3.975 0.00754596 -7.73704e-05
3.976 0.00797765 -7.73003e-05
3.977 0.00840678 -7.72101e-05
3.978 0.00883329 -7.71515e-05
3.979 0.00925715 -7.71578e-05
3.98 0.00967827 -7.72272e-05
3.981 0.0100966 -7.73245e-05
3.982 0.0105121 -7.7401e-05
3.983 0.0109247 -7.7421e-05
3.984 0.0113344 -7.738e-05
3.985 0.011741 -7.73061e-05
3.986 0.0121446 -7.72445e-05
3.987 0.0125451 -7.72326e-05
3.988 0.0129424 -7.72813e-05
3.989 0.0133366 -7.737e-05
3.99 0.0137274 -7.74586e-05
3.991 0.014115 -7.75093e-05
3.992 0.0144991 -7.75055e-05
3.993 0.0148799 -7.74595e-05
3.994 0.0152572 -7.74038e-05
3.995 0.015631 -7.73737e-05
3.996 0.0160013 -7.73878e-05
3.997 0.016368 -7.74402e-05
3.998 0.016731 -7.7505e-05
3.999 0.0170903 -7.75509e-05
4 0.0174459 -7.75588e-05
4.001 0.0177978 -7.75309e-05
4.002 0.0181458 -7.74887e-05
4.003 0.01849 -7.74602e-05
4.004 0.0188303 -7.74647e-05
4.005 0.0191666 -7.75022e-05
4.006 0.019499 -7.75542e-05
4.007 0.0198274 -7.75936e-05
4.008 0.0201518 -7.75996e-05
4.009 0.020472 -7.75689e-05
4.01 0.0207882 -7.75176e-05
4.011 0.0211002 -7.74735e-05
4.012 0.021408 -7.74617e-05
4.013 0.0217116 -7.74923e-05
4.014 0.022011 -7.7555e-05
4.015 0.0223061 -7.76238e-05
4.016 0.0225968 -7.76695e-05
4.017 0.0228833 -7.76729e-05
4.018 0.0231654 -7.76342e-05
4.019 0.023443 -7.75723e-05
4.02 0.0237163 -7.75164e-05
4.021 0.0239851 -7.74926e-05
4.022 0.0242495 -7.75125e-05
4.023 0.0245094 -7.75687e-05
4.024 0.0247647 -7.76384e-05
4.025 0.0250155 -7.76938e-05
4.026 0.0252618 -7.77145e-05
4.027 0.0255034 -7.76956e-05
4.028 0.0257405 -7.76491e-05
4.029 0.0259729 -7.75982e-05
4.03 0.0262007 -7.75671e-05
4.031 0.0264239 -7.75703e-05
4.032 0.0266423 -7.76081e-05
4.033 0.0268561 -7.76664e-05
4.034 0.0270652 -7.77242e-05
4.035 0.0272695 -7.7762e-05
4.036 0.0274691 -7.77697e-05
4.037 0.027664 -7.77501e-05
4.038 0.0278541 -7.77163e-05
4.039 0.0280394 -7.76862e-05
4.04 0.02822 -7.76741e-05
4.041 0.0283958 -7.76861e-05
4.042 0.0285668 -7.77181e-05
4.043 0.0287329 -7.77587e-05
4.044 0.0288943 -7.77946e-05
4.045 0.0290508 -7.78159e-05
4.046 0.0292025 -7.78201e-05
4.047 0.0293494 -7.78122e-05
4.048 0.0294914 -7.78016e-05
4.049 0.0296286 -7.77975e-05
4.05 0.029761 -7.7805e-05
4.051 0.0298885 -7.7823e-05
4.052 0.0300112 -7.78446e-05
4.053 0.030129 -7.78609e-05
4.054 0.030242 -7.78647e-05
4.055 0.0303501 -7.78541e-05
4.056 0.0304534 -7.78338e-05
4.057 0.0305519 -7.78126e-05
4.058 0.0306455 -7.78004e-05
4.059 0.0307343 -7.78037e-05
4.06 0.0308183 -7.78229e-05
4.061 0.0308974 -7.78525e-05
4.062 0.0309717 -7.78835e-05
4.063 0.0310412 -7.79068e-05
4.064 0.0311059 -7.79176e-05
4.065 0.0311659 -7.79164e-05
4.066 0.031221 -7.79081e-05
4.067 0.0312713 -7.78999e-05
4.068 0.0313169 -7.78973e-05
4.069 0.0313577 -7.79026e-05
4.07 0.0313938 -7.79145e-05
4.071 0.0314251 -7.79297e-05
4.072 0.0314517 -7.79447e-05
4.073 0.0314736 -7.79576e-05
4.074 0.0314908 -7.79676e-05
4.075 0.0315034 -7.7975e-05
4.076 0.0315112 -7.79796e-05
4.077 0.0315144 -7.79816e-05
4.078 0.031513 -7.79814e-05
4.079 0.0315069 -7.79815e-05
4.08 0.0314963 -7.79856e-05
4.081 0.031481 -7.79975e-05
4.082 0.0314612 -7.80179e-05
4.083 0.0314368 -7.80431e-05
4.084 0.0314079 -7.80651e-05
4.085 0.0313745 -7.8075e-05
4.086 0.0313366 -7.8068e-05
4.087 0.0312943 -7.80477e-05
4.088 0.0312474 -7.80256e-05
4.089 0.0311962 -7.80167e-05
4.09 0.0311405 -7.80318e-05
4.091 0.0310805 -7.80704e-05
4.092 0.0310161 -7.81193e-05
4.093 0.0309474 -7.81576e-05
4.094 0.0308744 -7.81668e-05
4.095 0.030797 -7.81412e-05
4.096 0.0307155 -7.80926e-05
4.097 0.0306296 -7.80455e-05
4.098 0.0305396 -7.80257e-05
4.099 0.0304454 -7.80464e-05
4.1 0.030347 -7.81008e-05
4.101 0.0302445 -7.81642e-05
4.102 0.0301379 -7.8207e-05
4.103 0.0300272 -7.82105e-05
4.104 0.0299125 -7.81772e-05
4.105 0.0297938 -7.81307e-05
4.106 0.0296711 -7.81025e-05
4.107 0.0295444 -7.81143e-05
4.108 0.0294138 -7.81652e-05
4.109 0.0292793 -7.82308e-05
4.11 0.029141 -7.82762e-05
4.111 0.0289988 -7.82762e-05
4.112 0.0288528 -7.8231e-05
4.113 0.028703 -7.81679e-05
4.114 0.0285496 -7.81279e-05
4.115 0.0283924 -7.81426e-05
4.116 0.0282315 -7.82145e-05
4.117 0.028067 -7.83133e-05
4.118 0.0278989 -7.83894e-05
4.119 0.0277273 -7.84008e-05
4.12 0.0275521 -7.8337e-05
4.121 0.0273734 -7.82274e-05
4.122 0.0271913 -7.81284e-05
4.123 0.0270058 -7.80945e-05
4.124 0.0268168 -7.8149e-05
4.125 0.0266245 -7.82695e-05
4.126 0.0264289 -7.83984e-05
4.127 0.0262301 -7.84715e-05
4.128 0.0260279 -7.84519e-05
4.129 0.0258226 -7.83502e-05
4.13 0.0256142 -7.82194e-05
4.131 0.0254026 -7.81282e-05
4.132 0.0251879 -7.81247e-05
4.133 0.0249702 -7.82117e-05
4.134 0.0247494 -7.8345e-05
4.135 0.0245258 -7.84576e-05
4.136 0.0242991 -7.84949e-05
4.137 0.0240697 -7.84432e-05
4.138 0.0238373 -7.83357e-05
4.139 0.0236022 -7.82335e-05
4.14 0.0233643 -7.81921e-05
4.141 0.0231237 -7.82315e-05
4.142 0.0228804 -7.83272e-05
4.143 0.0226345 -7.84247e-05
4.144 0.0223859 -7.84704e-05
4.145 0.0221349 -7.84412e-05
4.146 0.0218813 -7.83553e-05
4.147 0.0216253 -7.82612e-05
4.148 0.0213668 -7.82095e-05
4.149 0.021106 -7.8225e-05
4.15 0.0208428 -7.82946e-05
4.151 0.0205774 -7.8376e-05
4.152 0.0203097 -7.84231e-05
4.153 0.0200398 -7.84119e-05
4.154 0.0197678 -7.83524e-05
4.155 0.0194936 -7.8281e-05
4.156 0.0192174 -7.82378e-05
4.157 0.0189392 -7.82429e-05
4.158 0.018659 -7.82857e-05
4.159 0.0183769 -7.83321e-05
4.16 0.0180929 -7.83467e-05
4.161 0.017807 -7.83142e-05
4.162 0.0175194 -7.8249e-05
4.163 0.01723 -7.81862e-05
4.164 0.016939 -7.8161e-05
4.165 0.0166463 -7.81866e-05
4.166 0.016352 -7.82463e-05
4.167 0.0160561 -7.83029e-05
4.168 0.0157587 -7.83201e-05
4.169 0.0154599 -7.82842e-05
4.17 0.0151597 -7.8212e-05
4.171 0.0148581 -7.81417e-05
4.172 0.0145552 -7.81104e-05
4.173 0.014251 -7.81328e-05
4.174 0.0139457 -7.81924e-05
4.175 0.0136391 -7.82507e-05
4.176 0.0133314 -7.82693e-05
4.177 0.0130227 -7.82317e-05
4.178 0.0127129 -7.81527e-05
4.179 0.0124022 -7.80701e-05
4.18 0.0120905 -7.80231e-05
4.181 0.011778 -7.80311e-05
4.182 0.0114646 -7.80834e-05
4.183 0.0111504 -7.8146e-05
4.184 0.0108356 -7.81818e-05
4.185 0.01052 -7.81705e-05
4.186 0.0102038 -7.81195e-05
4.187 0.00988702 -7.80575e-05
4.188 0.0095697 -7.80173e-05
4.189 0.0092519 -7.80166e-05
4.19 0.00893366 -7.80492e-05
4.191 0.00861503 -7.80901e-05
4.192 0.00829607 -7.81117e-05
4.193 0.00797681 -7.81004e-05
4.194 0.00765731 -7.80638e-05
4.195 0.00733762 -7.80253e-05
4.196 0.00701778 -7.80092e-05
4.197 0.00669785 -7.80252e-05
4.198 0.00637788 -7.80632e-05
4.199 0.0060579 -7.80993e-05
4.2 0.00573798 -7.81106e-05
4.201 0.00541816 -7.80886e-05
4.202 0.00509848 -7.80439e-05
4.203 0.004779 -7.79992e-05
4.204 0.00445976 -7.79755e-05
4.205 0.00414082 -7.79806e-05
4.206 0.00382221 -7.8005e-05
4.207 0.003504 -7.80301e-05
4.208 0.00318622 -7.80397e-05
4.209 0.00286891 -7.80304e-05
4.21 0.00255214 -7.8012e-05
4.211 0.00223594 -7.79995e-05
4.212 0.00192036 -7.80012e-05
4.213 0.00160546 -7.80126e-05
4.214 0.00129126 -7.80184e-05
4.215 0.00097783 -7.80038e-05
4.216 0.000665206 -7.79665e-05
4.217 0.000353438 -7.7921e-05
4.218 4.25692e-05 -7.78924e-05
4.219 -0.000267355 -7.79006e-05
4.22 -0.000576289 -7.79464e-05
4.221 -0.000884191 -7.80075e-05
4.222 -0.00119102 -7.80478e-05
4.223 -0.00149672 -7.80377e-05
4.224 -0.00180126 -7.79723e-05
4.225 -0.0021046 -7.78769e-05
4.226 -0.00240668 -7.77965e-05
4.227 -0.00270746 -7.77718e-05
4.228 -0.00300691 -7.7816e-05
4.229 -0.00330497 -7.79061e-05
4.23 -0.00360162 -7.79926e-05
4.231 -0.0038968 -7.80261e-05
4.232 -0.00419047 -7.79836e-05
4.233 -0.0044826 -7.78825e-05
4.234 -0.00477314 -7.77725e-05
4.235 -0.00506206 -7.77094e-05
4.236 -0.00534932 -7.77252e-05
4.237 -0.00563487 -7.78103e-05
4.238 -0.00591868 -7.79182e-05
4.239 -0.0062007 -7.79898e-05
4.24 -0.0064809 -7.79854e-05
4.241 -0.00675925 -7.79054e-05
4.242 -0.0070357 -7.77907e-05
4.243 -0.00731021 -7.76998e-05
4.244 -0.00758276 -7.76778e-05
4.245 -0.00785331 -7.7733e-05
4.246 -0.00812182 -7.78327e-05
4.247 -0.00838825 -7.79222e-05
4.248 -0.00865258 -7.79544e-05
4.249 -0.00891476 -7.79145e-05
4.25 -0.00917477 -7.78264e-05
4.251 -0.00943256 -7.77382e-05
4.252 -0.00968811 -7.76948e-05
4.253 -0.00994139 -7.77135e-05
4.254 -0.0101924 -7.77765e-05
4.255 -0.010441 -7.78416e-05
4.256 -0.0106873 -7.78675e-05
4.257 -0.0109311 -7.78365e-05
4.258 -0.0111726 -7.7764e-05
4.259 -0.0114116 -7.76881e-05
4.26 -0.0116481 -7.76483e-05
4.261 -0.011882 -7.76627e-05
4.262 -0.0121135 -7.77187e-05
4.263 -0.0123424 -7.77809e-05
4.264 -0.0125686 -7.78116e-05
4.265 -0.0127923 -7.77915e-05
4.266 -0.0130133 -7.77307e-05
4.267 -0.0132316 -7.76618e-05
4.268 -0.0134473 -7.76214e-05
4.269 -0.0136602 -7.76297e-05
4.27 -0.0138704 -7.76796e-05
4.271 -0.0140778 -7.77409e-05
4.272 -0.0142825 -7.77775e-05
4.273 -0.0144843 -7.77667e-05
4.274 -0.0146833 -7.77114e-05
4.275 -0.0148794 -7.7638e-05
4.276 -0.0150727 -7.75816e-05
4.277 -0.0152631 -7.75672e-05
4.278 -0.0154505 -7.75976e-05
4.279 -0.0156351 -7.76526e-05
4.28 -0.0158167 -7.7701e-05
4.281 -0.0159953 -7.77173e-05
4.282 -0.016171 -7.76946e-05
4.283 -0.0163437 -7.7647e-05
4.284 -0.0165133 -7.76007e-05
4.285 -0.01668 -7.75793e-05
4.286 -0.0168436 -7.75915e-05
4.287 -0.0170041 -7.76267e-05
4.288 -0.0171616 -7.76618e-05
4.289 -0.017316 -7.76741e-05
4.29 -0.0174673 -7.76529e-05
4.291 -0.0176155 -7.76055e-05
4.292 -0.0177605 -7.7553e-05
4.293 -0.0179025 -7.75195e-05
4.294 -0.0180413 -7.75199e-05
4.295 -0.018177 -7.75526e-05
4.296 -0.0183095 -7.76004e-05
4.297 -0.0184389 -7.76385e-05
4.298 -0.0185651 -7.76464e-05
4.299 -0.0186881 -7.76175e-05
4.3 -0.0188079 -7.75615e-05
4.301 -0.0189246 -7.75004e-05
4.302 -0.019038 -7.74582e-05
4.303 -0.0191482 -7.74505e-05
4.304 -0.0192553 -7.74782e-05
4.305 -0.0193591 -7.75272e-05
4.306 -0.0194597 -7.75751e-05
4.307 -0.0195571 -7.7601e-05
4.308 -0.0196513 -7.7594e-05
4.309 -0.0197422 -7.7558e-05
4.31 -0.01983 -7.75088e-05
4.311 -0.0199144 -7.7467e-05
4.312 -0.0199957 -7.74492e-05
4.313 -0.0200738 -7.74606e-05
4.314 -0.0201486 -7.74935e-05
4.315 -0.0202202 -7.75314e-05
4.316 -0.0202885 -7.75567e-05
4.317 -0.0203537 -7.75585e-05
4.318 -0.0204156 -7.75366e-05
4.319 -0.0204743 -7.75011e-05
4.32 -0.0205298 -7.7467e-05
4.321 -0.0205821 -7.7447e-05
4.322 -0.0206312 -7.74469e-05
4.323 -0.020677 -7.74635e-05
4.324 -0.0207197 -7.74875e-05
4.325 -0.0207592 -7.75081e-05
4.326 -0.0207955 -7.75176e-05
4.327 -0.0208286 -7.75137e-05
4.328 -0.0208585 -7.74992e-05
4.329 -0.0208853 -7.74797e-05
4.33 -0.0209089 -7.74613e-05
4.331 -0.0209294 -7.7449e-05
4.332 -0.0209467 -7.74462e-05
4.333 -0.0209608 -7.74544e-05
4.334 -0.0209719 -7.74727e-05
4.335 -0.0209798 -7.74972e-05
4.336 -0.0209846 -7.75209e-05
4.337 -0.0209864 -7.7536e-05
4.338 -0.020985 -7.75362e-05
4.339 -0.0209806 -7.75211e-05
4.34 -0.0209731 -7.74973e-05
4.341 -0.0209625 -7.74769e-05
4.342 -0.0209489 -7.74719e-05
4.343 -0.0209323 -7.74879e-05
4.344 -0.0209126 -7.752e-05
4.345 -0.02089 -7.75546e-05
4.346 -0.0208644 -7.75753e-05
4.347 -0.0208357 -7.75722e-05
4.348 -0.0208042 -7.75484e-05
4.349 -0.0207697 -7.75188e-05
4.35 -0.0207322 -7.75034e-05
4.351 -0.0206919 -7.75158e-05
4.352 -0.0206486 -7.75548e-05
4.353 -0.0206025 -7.76036e-05
4.354 -0.0205534 -7.76381e-05
4.355 -0.0205016 -7.76404e-05
4.356 -0.0204469 -7.76094e-05
4.357 -0.0203893 -7.75634e-05
4.358 -0.020329 -7.75306e-05
4.359 -0.0202659 -7.75338e-05
4.36 -0.0202 -7.75769e-05
4.361 -0.0201314 -7.76412e-05
4.362 -0.0200601 -7.76946e-05
4.363 -0.019986 -7.77088e-05
4.364 -0.0199093 -7.7676e-05
4.365 -0.0198299 -7.76147e-05
4.366 -0.0197478 -7.75603e-05
4.367 -0.0196631 -7.75466e-05
4.368 -0.0195758 -7.75858e-05
4.369 -0.0194859 -7.76613e-05
4.37 -0.0193934 -7.77356e-05
4.371 -0.0192984 -7.77705e-05
4.372 -0.0192008 -7.77492e-05
4.373 -0.0191008 -7.76863e-05
4.374 -0.0189982 -7.76205e-05
4.375 -0.0188932 -7.7593e-05
4.376 -0.0187858 -7.76237e-05
4.377 -0.018676 -7.76984e-05
4.378 -0.0185637 -7.77756e-05
4.379 -0.0184491 -7.78092e-05
4.38 -0.0183321 -7.77751e-05
4.381 -0.0182128 -7.7687e-05
4.382 -0.0180913 -7.75903e-05
4.383 -0.0179674 -7.75391e-05
4.384 -0.0178413 -7.75658e-05
4.385 -0.0177129 -7.76624e-05
4.386 -0.0175824 -7.77823e-05
4.387 -0.0174497 -7.78648e-05
4.388 -0.0173148 -7.7867e-05
4.389 -0.0171778 -7.77875e-05
4.39 -0.0170387 -7.76681e-05
4.391 -0.0168975 -7.75718e-05
4.392 -0.0167543 -7.75498e-05
4.393 -0.0166091 -7.7614e-05
4.394 -0.0164618 -7.77314e-05
4.395 -0.0163126 -7.78419e-05
4.396 -0.0161615 -7.78907e-05
4.397 -0.0160084 -7.7857e-05
4.398 -0.0158535 -7.77641e-05
4.399 -0.0156966 -7.76652e-05
4.4 -0.015538 -7.76143e-05
4.401 -0.0153775 -7.76371e-05
4.402 -0.0152153 -7.77187e-05
4.403 -0.0150513 -7.7814e-05
4.404 -0.0148856 -7.78735e-05
4.405 -0.0147182 -7.78709e-05
4.406 -0.0145491 -7.78153e-05
4.407 -0.0143784 -7.77441e-05
4.408 -0.0142061 -7.77004e-05
4.409 -0.0140322 -7.77081e-05
4.41 -0.0138568 -7.77599e-05
4.411 -0.0136798 -7.7824e-05
4.412 -0.0135013 -7.7864e-05
4.413 -0.0133214 -7.78611e-05
4.414 -0.0131401 -7.78235e-05
4.415 -0.0129574 -7.77808e-05
4.416 -0.0127733 -7.77643e-05
4.417 -0.0125878 -7.77877e-05
4.418 -0.0124011 -7.78393e-05
4.419 -0.012213 -7.7889e-05
4.42 -0.0120238 -7.79073e-05
4.421 -0.0118333 -7.78837e-05
4.422 -0.0116416 -7.78331e-05
4.423 -0.0114487 -7.77873e-05
4.424 -0.0112548 -7.77754e-05
4.425 -0.0110597 -7.78068e-05
4.426 -0.0108636 -7.78646e-05
4.427 -0.0106665 -7.79162e-05
4.428 -0.0104683 -7.79321e-05
4.429 -0.0102692 -7.79041e-05
4.43 -0.0100692 -7.78502e-05
4.431 -0.00986826 -7.78041e-05
4.432 -0.00966645 -7.77953e-05
4.433 -0.0094638 -7.78312e-05
4.434 -0.00926034 -7.78926e-05
4.435 -0.00905611 -7.79446e-05
4.436 -0.00885113 -7.79569e-05
4.437 -0.00864544 -7.79226e-05
4.438 -0.00843908 -7.7862e-05
4.439 -0.00823208 -7.78119e-05
4.44 -0.00802446 -7.78041e-05
4.441 -0.00781627 -7.78467e-05
4.442 -0.00760753 -7.79194e-05
4.443 -0.00739827 -7.79842e-05
4.444 -0.00718853 -7.80074e-05
4.445 -0.00697834 -7.79787e-05
4.446 -0.00676773 -7.79173e-05
4.447 -0.00655673 -7.78609e-05
4.448 -0.00634538 -7.78442e-05
4.449 -0.00613372 -7.78792e-05
4.45 -0.00592176 -7.79482e-05
4.451 -0.00570956 -7.80141e-05
4.452 -0.00549713 -7.80413e-05
4.453 -0.00528452 -7.80162e-05
4.454 -0.00507175 -7.79552e-05
4.455 -0.00485885 -7.7895e-05
4.456 -0.00464587 -7.78726e-05
4.457 -0.00443282 -7.79037e-05
4.458 -0.00421974 -7.79738e-05
4.459 -0.00400666 -7.80458e-05
4.46 -0.00379363 -7.80806e-05
4.461 -0.00358066 -7.80585e-05
4.462 -0.0033678 -7.79903e-05
4.463 -0.00315508 -7.79119e-05
4.464 -0.00294253 -7.78655e-05
4.465 -0.00273017 -7.78776e-05
4.466 -0.00251804 -7.79449e-05
4.467 -0.00230617 -7.80368e-05
4.468 -0.0020946 -7.81107e-05
4.469 -0.00188334 -7.81339e-05
4.47 -0.00167244 -7.80991e-05
4.471 -0.00146193 -7.80265e-05
4.472 -0.00125183 -7.79529e-05
4.473 -0.00104219 -7.79131e-05
4.474 -0.000833027 -7.79232e-05
4.475 -0.000624379 -7.79754e-05
4.476 -0.000416274 -7.80431e-05
4.477 -0.000208743 -7.80957e-05
4.478 -1.81228e-06 -7.81126e-05
4.479 0.000204488 -7.80918e-05
4.48 0.000410128 -7.80485e-05
4.481 0.00061508 -7.8006e-05
4.482 0.000819312 -7.7985e-05
4.483 0.0010228 -7.79943e-05
4.484 0.0012255 -7.80288e-05
4.485 0.00142739 -7.80735e-05
4.486 0.00162844 -7.81107e-05
4.487 0.00182863 -7.81276e-05
4.488 0.00202792 -7.81209e-05
4.489 0.00222628 -7.80969e-05
4.49 0.0024237 -7.80682e-05
4.491 0.00262014 -7.8048e-05
4.492 0.00281557 -7.80451e-05
4.493 0.00300998 -7.80601e-05
4.494 0.00320332 -7.8086e-05
4.495 0.00339559 -7.81107e-05
4.496 0.00358674 -7.81231e-05
4.497 0.00377675 -7.81177e-05
4.498 0.00396559 -7.8098e-05
4.499 0.00415325 -7.80747e-05
4.5 0.00433969 -7.80609e-05
4.501 0.00452488 -7.80651e-05
4.502 0.00470882 -7.80867e-05
4.503 0.00489146 -7.81155e-05
4.504 0.00507279 -7.81369e-05
4.505 0.00525279 -7.81395e-05
4.506 0.00543142 -7.81217e-05
4.507 0.00560867 -7.80931e-05
4.508 0.00578451 -7.80696e-05
4.509 0.00595892 -7.80652e-05
4.51 0.00613188 -7.80833e-05
4.511 0.00630336 -7.8115e-05
4.512 0.00647335 -7.81433e-05
4.513 0.00664182 -7.81529e-05
4.514 0.00680876 -7.81389e-05
4.515 0.00697413 -7.81099e-05
4.516 0.00713793 -7.80832e-05
4.517 0.00730013 -7.80749e-05
4.518 0.0074607 -7.809e-05
4.519 0.00761964 -7.81191e-05
4.52 0.00777692 -7.81436e-05
4.521 0.00793253 -7.81467e-05
4.522 0.00808644 -7.81236e-05
4.523 0.00823863 -7.8085e-05
4.524 0.0083891 -7.80515e-05
4.525 0.00853781 -7.80412e-05
4.526 0.00868477 -7.80589e-05
4.527 0.00882994 -7.80928e-05
4.528 0.00897332 -7.81206e-05
4.529 0.00911488 -7.81234e-05
4.53 0.00925462 -7.80971e-05
4.531 0.00939252 -7.80557e-05
4.532 0.00952856 -7.80233e-05
4.533 0.00966272 -7.80193e-05
4.534 0.009795 -7.80458e-05
4.535 0.00992538 -7.80851e-05
4.536 0.0100538 -7.81091e-05
4.537 0.0101804 -7.80964e-05
4.538 0.010305 -7.80468e-05
4.539 0.0104276 -7.79837e-05
4.54 0.0105483 -7.79423e-05
4.541 0.010667 -7.79493e-05
4.542 0.0107837 -7.80057e-05
4.543 0.0108985 -7.80834e-05
4.544 0.0110112 -7.81387e-05
4.545 0.0111219 -7.81355e-05
4.546 0.0112306 -7.80673e-05
4.547 0.0113372 -7.79628e-05
4.548 0.0114418 -7.78727e-05
4.549 0.0115444 -7.78432e-05
4.55 0.0116449 -7.78906e-05
4.551 0.0117433 -7.79911e-05
4.552 0.0118396 -7.80918e-05
4.553 0.0119339 -7.81387e-05
4.554 0.0120261 -7.81055e-05
4.555 0.0121162 -7.80081e-05
4.556 0.0122042 -7.78964e-05
4.557 0.01229 -7.78275e-05
4.558 0.0123738 -7.78356e-05
4.559 0.0124554 -7.79128e-05
4.56 0.012535 -7.80146e-05
4.561 0.0126124 -7.80841e-05
4.562 0.0126876 -7.80832e-05
4.563 0.0127608 -7.80127e-05
4.564 0.0128318 -7.79116e-05
4.565 0.0129006 -7.78346e-05
4.566 0.0129673 -7.7822e-05
4.567 0.0130319 -7.78781e-05
4.568 0.0130944 -7.79695e-05
4.569 0.0131547 -7.8045e-05
4.57 0.0132128 -7.8064e-05
4.571 0.0132688 -7.80183e-05
4.572 0.0133226 -7.7936e-05
4.573 0.0133743 -7.78641e-05
4.574 0.0134239 -7.78418e-05
4.575 0.0134713 -7.78789e-05
4.576 0.0135165 -7.79512e-05
4.577 0.0135596 -7.80155e-05
4.578 0.0136006 -7.80345e-05
4.579 0.0136394 -7.79974e-05
4.58 0.0136761 -7.79251e-05
4.581 0.0137106 -7.78572e-05
4.582 0.013743 -7.7829e-05
4.583 0.0137733 -7.78518e-05
4.584 0.0138014 -7.79078e-05
4.585 0.0138274 -7.79614e-05
4.586 0.0138513 -7.79805e-05
4.587 0.0138731 -7.79545e-05
4.588 0.0138927 -7.78995e-05
4.589 0.0139103 -7.78478e-05
4.59 0.0139257 -7.78283e-05
4.591 0.0139391 -7.78499e-05
4.592 0.0139503 -7.78968e-05
4.593 0.0139595 -7.79389e-05
4.594 0.0139666 -7.79495e-05
4.595 0.0139716 -7.79214e-05
4.596 0.0139745 -7.78698e-05
4.597 0.0139754 -7.78237e-05
4.598 0.0139742 -7.78079e-05
4.599 0.013971 -7.78291e-05
4.6 0.0139657 -7.78717e-05
4.601 0.0139584 -7.7908e-05
4.602 0.0139491 -7.7914e-05
4.603 0.0139378 -7.78837e-05
4.604 0.0139244 -7.78322e-05
4.605 0.0139091 -7.77874e-05
4.606 0.0138917 -7.77736e-05
4.607 0.0138724 -7.77983e-05
4.608 0.0138511 -7.7848e-05
4.609 0.0138279 -7.78957e-05
4.61 0.0138027 -7.79155e-05
4.611 0.0137756 -7.78965e-05
4.612 0.0137465 -7.78473e-05
4.613 0.0137155 -7.77912e-05
4.614 0.0136826 -7.77536e-05
4.615 0.0136478 -7.77493e-05
4.616 0.0136112 -7.77772e-05
4.617 0.0135726 -7.78219e-05
4.618 0.0135322 -7.78626e-05
4.619 0.0134899 -7.78832e-05
4.62 0.0134458 -7.78781e-05
4.621 0.0133999 -7.78523e-05
4.622 0.0133521 -7.78173e-05
4.623 0.0133026 -7.77851e-05
4.624 0.0132512 -7.77645e-05
4.625 0.0131981 -7.77594e-05
4.626 0.0131432 -7.7769e-05
4.627 0.0130866 -7.77891e-05
4.628 0.0130282 -7.78123e-05
4.629 0.0129681 -7.78294e-05
4.63 0.0129063 -7.78319e-05
4.631 0.0128428 -7.78154e-05
4.632 0.0127776 -7.77833e-05
4.633 0.0127108 -7.7747e-05
4.634 0.0126423 -7.7722e-05
4.635 0.0125722 -7.77209e-05
4.636 0.0125004 -7.77453e-05
4.637 0.0124271 -7.77835e-05
4.638 0.0123521 -7.78147e-05
4.639 0.0122756 -7.78194e-05
4.64 0.0121975 -7.77907e-05
4.641 0.0121178 -7.77394e-05
4.642 0.0120367 -7.769e-05
4.643 0.011954 -7.76685e-05
4.644 0.0118698 -7.76875e-05
4.645 0.0117841 -7.77386e-05
4.646 0.011697 -7.77947e-05
4.647 0.0116085 -7.78247e-05
4.648 0.0115185 -7.781e-05
4.649 0.0114271 -7.77561e-05
4.65 0.0113343 -7.76904e-05
4.651 0.0112401 -7.76476e-05
4.652 0.0111445 -7.76509e-05
4.653 0.0110476 -7.76982e-05
4.654 0.0109494 -7.77627e-05
4.655 0.0108498 -7.78072e-05
4.656 0.010749 -7.7805e-05
4.657 0.0106469 -7.77552e-05
4.658 0.0105436 -7.76837e-05
4.659 0.010439 -7.76288e-05
4.66 0.0103332 -7.76199e-05
4.661 0.0102262 -7.76602e-05
4.662 0.010118 -7.7725e-05
4.663 0.0100086 -7.77755e-05
4.664 0.00989815 -7.77812e-05
4.665 0.00978652 -7.77375e-05
4.666 0.00967379 -7.76691e-05
4.667 0.00955997 -7.76152e-05
4.668 0.00944509 -7.76072e-05
4.669 0.00932916 -7.76496e-05
4.67 0.00921221 -7.77166e-05
4.671 0.00909425 -7.77671e-05
4.672 0.0089753 -7.77679e-05
4.673 0.00885538 -7.77143e-05
4.674 0.0087345 -7.76335e-05
4.675 0.00861269 -7.75703e-05
4.676 0.00848997 -7.75613e-05
4.677 0.00836637 -7.76135e-05
4.678 0.00824189 -7.76991e-05
4.679 0.00811658 -7.77698e-05
4.68 0.00799043 -7.77836e-05
4.681 0.00786348 -7.7729e-05
4.682 0.00773574 -7.76322e-05
4.683 0.00760724 -7.75437e-05
4.684 0.00747799 -7.75112e-05
4.685 0.00734801 -7.75534e-05
4.686 0.00721733 -7.76492e-05
4.687 0.00708596 -7.77494e-05
4.688 0.00695393 -7.78027e-05
4.689 0.00682126 -7.77826e-05
4.69 0.00668797 -7.77018e-05
4.691 0.00655409 -7.76034e-05
4.692 0.00641964 -7.7538e-05
4.693 0.00628463 -7.75363e-05
4.694 0.00614909 -7.75938e-05
4.695 0.00601303 -7.76754e-05
4.696 0.00587647 -7.77358e-05
4.697 0.00573945 -7.77441e-05
4.698 0.00560197 -7.77e-05
4.699 0.00546407 -7.76312e-05
4.7 0.00532576 -7.7577e-05
4.701 0.00518707 -7.75658e-05
4.702 0.00504803 -7.76004e-05
4.703 0.00490864 -7.76589e-05
4.704 0.00476894 -7.77082e-05
4.705 0.00462894 -7.77234e-05
4.706 0.00448866 -7.77005e-05
4.707 0.00434813 -7.76569e-05
4.708 0.00420737 -7.76192e-05
4.709 0.00406639 -7.7608e-05
4.71 0.00392522 -7.76266e-05
4.711 0.00378389 -7.76615e-05
4.712 0.00364241 -7.76924e-05
4.713 0.00350081 -7.77042e-05
4.714 0.00335912 -7.76958e-05
4.715 0.00321734 -7.76784e-05
4.716 0.00307551 -7.76671e-05
4.717 0.00293364 -7.76708e-05
4.718 0.00279175 -7.76871e-05
4.719 0.00264987 -7.77047e-05
4.72 0.00250801 -7.77124e-05
4.721 0.0023662 -7.77062e-05
4.722 0.00222447 -7.76924e-05
4.723 0.00208282 -7.76827e-05
4.724 0.00194129 -7.76864e-05
4.725 0.0017999 -7.77033e-05
4.726 0.00165866 -7.77245e-05
4.727 0.0015176 -7.77374e-05
4.728 0.00137674 -7.7735e-05
4.729 0.00123609 -7.77205e-05
4.73 0.00109569 -7.77056e-05
4.731 0.000955542 -7.77026e-05
4.732 0.000815675 -7.7716e-05
4.733 0.00067611 -7.77391e-05
4.734 0.000536867 -7.77577e-05
4.735 0.000397967 -7.77601e-05
4.736 0.000259432 -7.77448e-05
4.737 0.00012128 -7.77234e-05
4.738 -1.64681e-05 -7.77132e-05
4.739 -0.000153793 -7.77262e-05
4.74 -0.000290675 -7.77596e-05
4.741 -0.000427095 -7.77959e-05
4.742 -0.000563033 -7.78121e-05
4.743 -0.000698469 -7.77943e-05
4.744 -0.000833382 -7.7748e-05
4.745 -0.000967755 -7.76977e-05
4.746 -0.00110157 -7.76743e-05
4.747 -0.0012348 -7.7697e-05
4.748 -0.00136743 -7.77604e-05
4.749 -0.00149945 -7.78347e-05
4.75 -0.00163083 -7.78805e-05
4.751 -0.00176156 -7.78707e-05
4.752 -0.00189162 -7.78064e-05
4.753 -0.002021 -7.7719e-05
4.754 -0.00214966 -7.76543e-05
4.755 -0.0022776 -7.76481e-05
4.756 -0.0024048 -7.77061e-05
4.757 -0.00253123 -7.77995e-05
4.758 -0.00265689 -7.78798e-05
4.759 -0.00278175 -7.79048e-05
4.76 -0.0029058 -7.78617e-05
4.761 -0.00302902 -7.77743e-05
4.762 -0.00315139 -7.76906e-05
4.763 -0.00327291 -7.7656e-05
4.764 -0.00339355 -7.76892e-05
4.765 -0.0035133 -7.77716e-05
4.766 -0.00363215 -7.78581e-05
4.767 -0.00375007 -7.79021e-05
4.768 -0.00386705 -7.78816e-05
4.769 -0.00398307 -7.78106e-05
4.77 -0.00409813 -7.77311e-05
4.771 -0.0042122 -7.76889e-05
4.772 -0.00432527 -7.77086e-05
4.773 -0.00443733 -7.778e-05
4.774 -0.00454837 -7.78643e-05
4.775 -0.00465836 -7.79169e-05
4.776 -0.0047673 -7.79118e-05
4.777 -0.00487518 -7.78554e-05
4.778 -0.00498197 -7.77823e-05
4.779 -0.00508768 -7.77346e-05
4.78 -0.00519227 -7.77382e-05
4.781 -0.00529575 -7.77891e-05
4.782 -0.0053981 -7.78568e-05
4.783 -0.00549931 -7.79026e-05
4.784 -0.00559936 -7.79022e-05
4.785 -0.00569825 -7.78585e-05
4.786 -0.00579596 -7.77995e-05
4.787 -0.00589249 -7.7761e-05
4.788 -0.00598782 -7.77661e-05
4.789 -0.00608194 -7.78124e-05
4.79 -0.00617484 -7.78746e-05
4.791 -0.00626651 -7.79193e-05
4.792 -0.00635694 -7.79244e-05
4.793 -0.00644612 -7.78907e-05
4.794 -0.00653405 -7.78399e-05
4.795 -0.00662071 -7.78013e-05
4.796 -0.00670609 -7.77947e-05
4.797 -0.0067902 -7.78205e-05
4.798 -0.006873 -7.78611e-05
4.799 -0.00695451 -7.78932e-05
4.8 -0.00703472 -7.79016e-05
4.801 -0.0071136 -7.78871e-05
4.802 -0.00719116 -7.78638e-05
4.803 -0.00726739 -7.78487e-05
4.804 -0.00734229 -7.78502e-05
4.805 -0.00741584 -7.78634e-05
4.806 -0.00748804 -7.78751e-05
4.807 -0.00755889 -7.7874e-05
4.808 -0.00762837 -7.786e-05
4.809 -0.00769649 -7.78448e-05
4.81 -0.00776324 -7.78444e-05
4.811 -0.0078286 -7.78672e-05
4.812 -0.00789259 -7.7906e-05
4.813 -0.00795518 -7.79406e-05
4.814 -0.00801639 -7.79491e-05
4.815 -0.0080762 -7.79221e-05
4.816 -0.0081346 -7.78708e-05
4.817 -0.00819161 -7.7823e-05
4.818 -0.00824721 -7.7808e-05
4.819 -0.0083014 -7.78392e-05
4.82 -0.00835417 -7.79048e-05
4.821 -0.00840554 -7.79722e-05
4.822 -0.00845548 -7.80058e-05
4.823 -0.008504 -7.79868e-05
4.824 -0.0085511 -7.79252e-05
4.825 -0.00859677 -7.78554e-05
4.826 -0.00864102 -7.78174e-05
4.827 -0.00868383 -7.78345e-05
4.828 -0.00872522 -7.78994e-05
4.829 -0.00876518 -7.79771e-05
4.83 -0.00880371 -7.80247e-05
4.831 -0.00884081 -7.8015e-05
4.832 -0.00887649 -7.79528e-05
4.833 -0.00891073 -7.78728e-05
4.834 -0.00894353 -7.78205e-05
4.835 -0.00897491 -7.78266e-05
4.836 -0.00900486 -7.78894e-05
4.837 -0.00903338 -7.79754e-05
4.838 -0.00906046 -7.80379e-05
4.839 -0.00908612 -7.80429e-05
4.84 -0.00911036 -7.79883e-05
4.841 -0.00913317 -7.79056e-05
4.842 -0.00915456 -7.78416e-05
4.843 -0.00917453 -7.78327e-05
4.844 -0.00919308 -7.78845e-05
4.845 -0.00921022 -7.79688e-05
4.846 -0.00922594 -7.80394e-05
4.847 -0.00924026 -7.80587e-05
4.848 -0.00925316 -7.80177e-05
4.849 -0.00926466 -7.7941e-05
4.85 -0.00927476 -7.78726e-05
4.851 -0.00928347 -7.78508e-05
4.852 -0.00929078 -7.78875e-05
4.853 -0.0092967 -7.79623e-05
4.854 -0.00930123 -7.8035e-05
4.855 -0.00930438 -7.80682e-05
4.856 -0.00930616 -7.80475e-05
4.857 -0.00930657 -7.79884e-05
4.858 -0.0093056 -7.79258e-05
4.859 -0.00930327 -7.78933e-05
4.86 -0.00929959 -7.79053e-05
4.861 -0.00929455 -7.795e-05
4.862 -0.00928816 -7.79992e-05
4.863 -0.00928043 -7.80256e-05
4.864 -0.00927137 -7.80188e-05
4.865 -0.00926097 -7.79897e-05
4.866 -0.00924926 -7.79619e-05
4.867 -0.00923623 -7.79556e-05
4.868 -0.00922189 -7.79747e-05
4.869 -0.00920624 -7.80046e-05
4.87 -0.00918929 -7.80229e-05
4.871 -0.00917105 -7.80144e-05
4.872 -0.00915153 -7.79819e-05
4.873 -0.00913072 -7.79453e-05
4.874 -0.00910865 -7.79294e-05
4.875 -0.00908531 -7.79477e-05
4.876 -0.00906072 -7.79924e-05
4.877 -0.00903488 -7.80382e-05
4.878 -0.0090078 -7.80564e-05
4.879 -0.00897949 -7.80333e-05
4.88 -0.00894996 -7.79791e-05
4.881 -0.00891921 -7.79239e-05
4.882 -0.00888725 -7.79005e-05
4.883 -0.00885409 -7.79249e-05
4.884 -0.00881975 -7.79855e-05
4.885 -0.00878422 -7.80491e-05
4.886 -0.00874751 -7.8079e-05
4.887 -0.00870965 -7.80564e-05
4.888 -0.00867062 -7.79926e-05
4.889 -0.00863046 -7.79232e-05
4.89 -0.00858915 -7.78881e-05
4.891 -0.00854672 -7.7909e-05
4.892 -0.00850316 -7.79755e-05
4.893 -0.0084585 -7.80503e-05
4.894 -0.00841275 -7.80897e-05
4.895 -0.0083659 -7.80685e-05
4.896 -0.00831797 -7.79949e-05
4.897 -0.00826898 -7.79069e-05
4.898 -0.00821893 -7.78514e-05
4.899 -0.00816783 -7.78583e-05
4.9 -0.00811569 -7.79233e-05
4.901 -0.00806252 -7.80101e-05
4.902 -0.00800834 -7.80703e-05
4.903 -0.00795315 -7.807e-05
4.904 -0.00789697 -7.80089e-05
4.905 -0.0078398 -7.79195e-05
4.906 -0.00778165 -7.78496e-05
4.907 -0.00772255 -7.78353e-05
4.908 -0.00766249 -7.78817e-05
4.909 -0.0076015 -7.79605e-05
4.91 -0.00753957 -7.80271e-05
4.911 -0.00747673 -7.80451e-05
4.912 -0.00741299 -7.80063e-05
4.913 -0.00734835 -7.79338e-05
4.914 -0.00728283 -7.78676e-05
4.915 -0.00721644 -7.7842e-05
4.916 -0.00714918 -7.7866e-05
4.917 -0.00708109 -7.79206e-05
4.918 -0.00701216 -7.79708e-05
4.919 -0.0069424 -7.79873e-05
4.92 -0.00687184 -7.7963e-05
4.921 -0.00680048 -7.79158e-05
4.922 -0.00672833 -7.78766e-05
4.923 -0.00665541 -7.78694e-05
4.924 -0.00658173 -7.78966e-05
4.925 -0.00650731 -7.79383e-05
4.926 -0.00643215 -7.79645e-05
4.927 -0.00635626 -7.79549e-05
4.928 -0.00627967 -7.79119e-05
4.929 -0.00620238 -7.78596e-05
4.93 -0.00612441 -7.783e-05
4.931 -0.00604578 -7.78427e-05
4.932 -0.00596648 -7.78926e-05
4.933 -0.00588654 -7.79514e-05
4.934 -0.00580597 -7.79839e-05
4.935 -0.00572478 -7.79692e-05
4.936 -0.00564298 -7.79134e-05
4.937 -0.0055606 -7.78474e-05
4.938 -0.00547764 -7.78095e-05
4.939 -0.00539412 -7.78227e-05
4.94 -0.00531004 -7.78807e-05
4.941 -0.00522544 -7.79506e-05
4.942 -0.00514031 -7.79912e-05
4.943 -0.00505467 -7.79769e-05
4.944 -0.00496854 -7.79129e-05
4.945 -0.00488193 -7.78336e-05
4.946 -0.00479485 -7.77835e-05
4.947 -0.00470732 -7.77922e-05
4.948 -0.00461934 -7.78566e-05
4.949 -0.00453095 -7.79421e-05
4.95 -0.00444214 -7.80012e-05
4.951 -0.00435293 -7.80002e-05
4.952 -0.00426335 -7.79377e-05
4.953 -0.0041734 -7.78461e-05
4.954 -0.00408309 -7.77741e-05
4.955 -0.00399245 -7.77593e-05
4.956 -0.00390148 -7.7808e-05
4.957 -0.0038102 -7.78919e-05
4.958 -0.00371861 -7.79641e-05
4.959 -0.00362675 -7.79849e-05
4.96 -0.00353462 -7.79439e-05
4.961 -0.00344223 -7.78645e-05
4.962 -0.00334961 -7.77901e-05
4.963 -0.00325676 -7.77594e-05
4.964 -0.00316371 -7.77854e-05
4.965 -0.00307046 -7.78489e-05
4.966 -0.00297703 -7.7911e-05
4.967 -0.00288343 -7.79358e-05
4.968 -0.00278967 -7.7911e-05
4.969 -0.00269578 -7.78536e-05
4.97 -0.00260176 -7.77991e-05
4.971 -0.00250764 -7.77796e-05
4.972 -0.00241342 -7.78049e-05
4.973 -0.00231911 -7.78572e-05
4.974 -0.00222475 -7.79025e-05
4.975 -0.00213033 -7.7911e-05
4.976 -0.00203588 -7.7876e-05
4.977 -0.0019414 -7.78175e-05
4.978 -0.00184692 -7.77707e-05
4.979 -0.00175245 -7.77649e-05
4.98 -0.00165799 -7.7805e-05
4.981 -0.00156356 -7.78681e-05
4.982 -0.00146919 -7.79163e-05
4.983 -0.00137487 -7.79186e-05
4.984 -0.00128063 -7.78701e-05
4.985 -0.00118649 -7.77954e-05
4.986 -0.00109245 -7.77357e-05
4.987 -0.000998534 -7.77253e-05
4.988 -0.00090475 -7.77714e-05
4.989 -0.000811114 -7.78492e-05
4.99 -0.000717639 -7.79152e-05
4.991 -0.000624337 -7.79317e-05
4.992 -0.000531223 -7.78882e-05
4.993 -0.000438311 -7.78079e-05
4.994 -0.000345615 -7.7735e-05
4.995 -0.000253149 -7.77103e-05
4.996 -0.000160927 -7.77479e-05
4.997 -6.89631e-05 -7.7827e-05
4.998 2.27293e-05 -7.79031e-05
4.999 0.000114137 -7.79328e-05
5 0.000205249 -7.78977e-05
5.001 0.000296051 -7.78152e-05
5.002 0.000386532 -7.77284e-05
5.003 0.000476678 -7.76829e-05
5.004 0.000566477 -7.77013e-05
5.005 0.000655914 -7.77715e-05
5.006 0.000744977 -7.78536e-05
5.007 0.000833652 -7.79024e-05
5.008 0.000921925 -7.78925e-05
5.009 0.00100979 -7.78315e-05
5.01 0.00109722 -7.77546e-05
5.011 0.00118422 -7.77043e-05
5.012 0.00127077 -7.77061e-05
5.013 0.00135686 -7.77551e-05
5.014 0.00144248 -7.78195e-05
5.015 0.00152761 -7.78598e-05
5.016 0.00161225 -7.78523e-05
5.017 0.00169638 -7.78021e-05
5.018 0.00178 -7.77398e-05
5.019 0.00186308 -7.77032e-05
5.02 0.00194562 -7.77145e-05
5.021 0.00202761 -7.77675e-05
5.022 0.00210903 -7.78305e-05
5.023 0.00218988 -7.78649e-05
5.024 0.00227014 -7.78483e-05
5.025 0.00234981 -7.77876e-05
5.026 0.00242887 -7.77161e-05
5.027 0.00250732 -7.76745e-05
5.028 0.00258514 -7.76877e-05
5.029 0.00266232 -7.77498e-05
5.03 0.00273886 -7.78266e-05
5.031 0.00281474 -7.78742e-05
5.032 0.00288995 -7.78642e-05
5.033 0.00296449 -7.77994e-05
5.034 0.00303834 -7.77134e-05
5.035 0.0031115 -7.76522e-05
5.036 0.00318396 -7.76488e-05
5.037 0.00325571 -7.77048e-05
5.038 0.00332674 -7.77892e-05
5.039 0.00339704 -7.78553e-05
5.04 0.0034666 -7.78665e-05
5.041 0.00353541 -7.78163e-05
5.042 0.00360347 -7.77317e-05
5.043 0.00367077 -7.76584e-05
5.044 0.0037373 -7.76356e-05
5.045 0.00380305 -7.76745e-05
5.046 0.00386802 -7.77525e-05
5.047 0.0039322 -7.78258e-05
5.048 0.00399559 -7.78542e-05
5.049 0.00405816 -7.78227e-05
5.05 0.00411993 -7.77496e-05
5.051 0.00418087 -7.76754e-05
5.052 0.00424098 -7.76404e-05
5.053 0.00430027 -7.76624e-05
5.054 0.00435871 -7.77268e-05
5.055 0.00441631 -7.77961e-05
5.056 0.00447306 -7.78311e-05
5.057 0.00452896 -7.7813e-05
5.058 0.00458399 -7.77537e-05
5.059 0.00463817 -7.76883e-05
5.06 0.00469146 -7.7655e-05
5.061 0.00474389 -7.76731e-05
5.062 0.00479543 -7.77318e-05
5.063 0.00484608 -7.77966e-05
5.064 0.00489584 -7.7829e-05
5.065 0.0049447 -7.78087e-05
5.066 0.00499267 -7.77457e-05
5.067 0.00503973 -7.76752e-05
5.068 0.00508588 -7.76378e-05
5.069 0.00513113 -7.76567e-05
5.07 0.00517546 -7.77243e-05
5.071 0.00521887 -7.78054e-05
5.072 0.00526137 -7.78561e-05
5.073 0.00530293 -7.78482e-05
5.074 0.00534357 -7.77846e-05
5.075 0.00538328 -7.76986e-05
5.076 0.00542206 -7.76355e-05
5.077 0.0054599 -7.7629e-05
5.078 0.0054968 -7.76822e-05
5.079 0.00553276 -7.77668e-05
5.08 0.00556778 -7.7838e-05
5.081 0.00560186 -7.78589e-05
5.082 0.005635 -7.78203e-05
5.083 0.00566719 -7.77451e-05
5.084 0.00569843 -7.76757e-05
5.085 0.00572873 -7.76506e-05
5.086 0.00575807 -7.76838e-05
5.087 0.00578646 -7.77573e-05
5.088 0.0058139 -7.78318e-05
5.089 0.00584039 -7.78679e-05
5.09 0.00586592 -7.78481e-05
5.091 0.0058905 -7.77855e-05
5.092 0.00591413 -7.77164e-05
5.093 0.00593681 -7.76797e-05
5.094 0.00595853 -7.76958e-05
5.095 0.00597931 -7.77555e-05
5.096 0.00599912 -7.78256e-05
5.097 0.00601799 -7.78672e-05
5.098 0.00603591 -7.78579e-05
5.099 0.00605287 -7.78038e-05
5.1 0.00606889 -7.77359e-05
5.101 0.00608395 -7.76932e-05
5.102 0.00609807 -7.77009e-05
5.103 0.00611125 -7.77562e-05
5.104 0.00612347 -7.78299e-05
5.105 0.00613476 -7.78821e-05
5.106 0.00614511 -7.78841e-05
5.107 0.00615452 -7.78346e-05
5.108 0.00616299 -7.77603e-05
5.109 0.00617053 -7.77019e-05
5.11 0.00617714 -7.76921e-05
5.111 0.00618281 -7.77379e-05
5.112 0.00618756 -7.78165e-05
5.113 0.00619138 -7.78874e-05
5.114 0.00619427 -7.79137e-05
5.115 0.00619625 -7.78818e-05
5.116 0.00619731 -7.78086e-05
5.117 0.00619745 -7.77325e-05
5.118 0.00619669 -7.76929e-05
5.119 0.00619502 -7.77102e-05
5.12 0.00619245 -7.77745e-05
5.121 0.00618898 -7.78521e-05
5.122 0.00618462 -7.7903e-05
5.123 0.00617935 -7.79021e-05
5.124 0.0061732 -7.78522e-05
5.125 0.00616617 -7.77816e-05
5.126 0.00615824 -7.77287e-05
5.127 0.00614945 -7.77213e-05
5.128 0.00613977 -7.7762e-05
5.129 0.00612924 -7.78276e-05
5.13 0.00611783 -7.78818e-05
5.131 0.00610558 -7.78952e-05
5.132 0.00609246 -7.7861e-05
5.133 0.0060785 -7.77984e-05
5.134 0.00606369 -7.77421e-05
5.135 0.00604805 -7.77237e-05
5.136 0.00603156 -7.77543e-05
5.137 0.00601424 -7.78187e-05
5.138 0.0059961 -7.78836e-05
5.139 0.00597714 -7.7915e-05
5.14 0.00595736 -7.78965e-05
5.141 0.00593677 -7.78381e-05
5.142 0.00591539 -7.77708e-05
5.143 0.0058932 -7.77306e-05
5.144 0.00587023 -7.77393e-05
5.145 0.00584647 -7.77933e-05
5.146 0.00582192 -7.78655e-05
5.147 0.00579661 -7.79194e-05
5.148 0.00577052 -7.7928e-05
5.149 0.00574366 -7.78876e-05
5.15 0.00571605 -7.782e-05
5.151 0.0056877 -7.77606e-05
5.152 0.00565859 -7.77405e-05
5.153 0.00562876 -7.77703e-05
5.154 0.00559819 -7.78353e-05
5.155 0.00556691 -7.79029e-05
5.156 0.0055349 -7.79395e-05
5.157 0.00550219 -7.79281e-05
5.158 0.00546877 -7.78757e-05
5.159 0.00543464 -7.78103e-05
5.16 0.00539983 -7.77653e-05
5.161 0.00536433 -7.77631e-05
5.162 0.00532816 -7.78035e-05
5.163 0.00529131 -7.78648e-05
5.164 0.00525381 -7.79152e-05
5.165 0.00521566 -7.79293e-05
5.166 0.00517686 -7.79014e-05
5.167 0.00513742 -7.78476e-05
5.168 0.00509735 -7.77973e-05
5.169 0.00505666 -7.77776e-05
5.17 0.00501534 -7.77996e-05
5.171 0.00497342 -7.78523e-05
5.172 0.00493088 -7.79086e-05
5.173 0.00488776 -7.79399e-05
5.174 0.00484404 -7.79298e-05
5.175 0.00479975 -7.78836e-05
5.176 0.00475489 -7.78247e-05
5.177 0.00470948 -7.77833e-05
5.178 0.00466351 -7.77809e-05
5.179 0.00461699 -7.78194e-05
5.18 0.00456994 -7.78804e-05
5.181 0.00452235 -7.79342e-05
5.182 0.00447424 -7.79549e-05
5.183 0.00442562 -7.79328e-05
5.184 0.00437648 -7.78795e-05
5.185 0.00432685 -7.78215e-05
5.186 0.00427674 -7.77874e-05
5.187 0.00422614 -7.77936e-05
5.188 0.00417508 -7.78369e-05
5.189 0.00412356 -7.78961e-05
5.19 0.00407158 -7.79432e-05
5.191 0.00401916 -7.79567e-05
5.192 0.00396631 -7.79321e-05
5.193 0.00391302 -7.78837e-05
5.194 0.00385931 -7.78368e-05
5.195 0.00380519 -7.78151e-05
5.196 0.00375067 -7.78294e-05
5.197 0.00369575 -7.78722e-05
5.198 0.00364046 -7.79221e-05
5.199 0.00358479 -7.79546e-05
5.2 0.00352877 -7.79543e-05
5.201 0.00347238 -7.79221e-05
5.202 0.00341566 -7.78746e-05
5.203 0.00335859 -7.78357e-05
5.204 0.0033012 -7.78247e-05
5.205 0.00324348 -7.78469e-05
5.206 0.00318545 -7.78914e-05
5.207 0.00312712 -7.79365e-05
5.208 0.0030685 -7.79607e-05
5.209 0.0030096 -7.79526e-05
5.21 0.00295043 -7.79167e-05
5.211 0.00289099 -7.78711e-05
5.212 0.00283131 -7.78383e-05
5.213 0.00277138 -7.78346e-05
5.214 0.00271122 -7.78622e-05
5.215 0.00265083 -7.79085e-05
5.216 0.00259023 -7.79521e-05
5.217 0.00252941 -7.79729e-05
5.218 0.0024684 -7.79617e-05
5.219 0.0024072 -7.79244e-05
5.22 0.00234583 -7.78786e-05
5.221 0.00228429 -7.7846e-05
5.222 0.0022226 -7.78416e-05
5.223 0.00216075 -7.78672e-05
5.224 0.00209877 -7.79111e-05
5.225 0.00203666 -7.79535e-05
5.226 0.00197443 -7.7976e-05
5.227 0.00191209 -7.79698e-05
5.228 0.00184965 -7.79394e-05
5.229 0.00178711 -7.79002e-05
5.23 0.00172449 -7.78709e-05
5.231 0.0016618 -7.78648e-05
5.232 0.00159905 -7.78839e-05
5.233 0.00153625 -7.79184e-05
5.234 0.00147341 -7.79517e-05
5.235 0.00141053 -7.79683e-05
5.236 0.00134764 -7.79608e-05
5.237 0.00128473 -7.79334e-05
5.238 0.00122182 -7.78996e-05
5.239 0.0011589 -7.78755e-05
5.24 0.001096 -7.78727e-05
5.241 0.00103312 -7.78925e-05
5.242 0.000970275 -7.79261e-05
5.243 0.000907474 -7.7958e-05
5.244 0.000844728 -7.79738e-05
5.245 0.000782047 -7.79664e-05
5.246 0.000719438 -7.79392e-05
5.247 0.000656912 -7.79042e-05
5.248 0.000594476 -7.7877e-05
5.249 0.000532137 -7.78694e-05
5.25 0.000469904 -7.78845e-05
5.251 0.000407788 -7.79153e-05
5.252 0.000345796 -7.79481e-05
5.253 0.00028394 -7.79685e-05
5.254 0.000222229 -7.7968e-05
5.255 0.000160674 -7.79471e-05
5.256 9.92847e-05 -7.79152e-05
5.257 3.8069e-05 -7.78859e-05
5.258 -2.29646e-05 -7.78716e-05
5.259 -8.38083e-05 -7.78777e-05
5.26 -0.000144454 -7.79007e-05
5.261 -0.000204895 -7.79299e-05
5.262 -0.000265121 -7.79525e-05
5.263 -0.000325124 -7.79589e-05
5.264 -0.000384894 -7.79466e-05
5.265 -0.000444422 -7.79213e-05
5.266 -0.000503699 -7.78941e-05
5.267 -0.000562714 -7.78763e-05
5.268 -0.000621461 -7.78747e-05
5.269 -0.000679931 -7.78889e-05
5.27 -0.000738117 -7.79118e-05
5.271 -0.000796013 -7.79325e-05
5.272 -0.00085361 -7.79415e-05
5.273 -0.000910901 -7.79347e-05
5.274 -0.000967879 -7.79147e-05
5.275 -0.00102453 -7.78898e-05
5.276 -0.00108086 -7.787e-05
5.277 -0.00113684 -7.78632e-05
5.278 -0.00119248 -7.78713e-05
5.279 -0.00124776 -7.789e-05
5.28 -0.00130268 -7.79103e-05
5.281 -0.00135722 -7.79231e-05
5.282 -0.00141139 -7.79222e-05
5.283 -0.00146518 -7.79077e-05
5.284 -0.00151858 -7.78851e-05
5.285 -0.00157158 -7.78635e-05
5.286 -0.00162418 -7.78516e-05
5.287 -0.00167637 -7.7854e-05
5.288 -0.00172814 -7.78694e-05
5.289 -0.00177949 -7.78915e-05
5.29 -0.0018304 -7.79113e-05
5.291 -0.00188088 -7.79206e-05
5.292 -0.00193091 -7.79159e-05
5.293 -0.00198049 -7.78989e-05
5.294 -0.00202961 -7.78761e-05
5.295 -0.00207827 -7.7856e-05
5.296 -0.00212646 -7.78458e-05
5.297 -0.00217418 -7.78485e-05
5.298 -0.00222142 -7.78618e-05
5.299 -0.00226817 -7.78798e-05
5.3 -0.00231443 -7.78948e-05
5.301 -0.0023602 -7.79008e-05
5.302 -0.00240546 -7.78958e-05
5.303 -0.00245021 -7.7882e-05
5.304 -0.00249445 -7.78654e-05
5.305 -0.00253817 -7.78526e-05
5.306 -0.00258137 -7.78486e-05
5.307 -0.00262404 -7.78545e-05
5.308 -0.00266618 -7.78674e-05
5.309 -0.00270778 -7.78819e-05
5.31 -0.00274884 -7.78919e-05
5.311 -0.00278936 -7.78931e-05
5.312 -0.00282932 -7.78851e-05
5.313 -0.00286873 -7.78711e-05
5.314 -0.00290758 -7.78563e-05
5.315 -0.00294586 -7.78466e-05
5.316 -0.00298358 -7.78455e-05
5.317 -0.00302073 -7.78531e-05
5.318 -0.00305731 -7.78663e-05
5.319 -0.00309331 -7.78796e-05
5.32 -0.00312873 -7.78879e-05
5.321 -0.00316356 -7.78876e-05
5.322 -0.00319781 -7.78787e-05
5.323 -0.00323147 -7.78644e-05
5.324 -0.00326453 -7.78497e-05
5.325 -0.00329699 -7.78398e-05
5.326 -0.00332886 -7.78379e-05
5.327 -0.00336012 -7.78442e-05
5.328 -0.00339078 -7.7856e-05
5.329 -0.00342083 -7.78682e-05
5.33 -0.00345027 -7.78762e-05
5.331 -0.0034791 -7.78765e-05
5.332 -0.00350732 -7.78689e-05
5.333 -0.00353492 -7.78558e-05
5.334 -0.00356191 -7.78415e-05
5.335 -0.00358827 -7.78308e-05
5.336 -0.00361401 -7.78269e-05
5.337 -0.00363913 -7.78305e-05
5.338 -0.00366363 -7.78398e-05
5.339 -0.0036875 -7.78509e-05
5.34 -0.00371074 -7.78595e-05
5.341 -0.00373335 -7.78625e-05
5.342 -0.00375534 -7.78589e-05
5.343 -0.00377669 -7.78499e-05
5.344 -0.00379741 -7.78389e-05
5.345 -0.0038175 -7.78297e-05
5.346 -0.00383696 -7.78252e-05
5.347 -0.00385579 -7.78266e-05
5.348 -0.00387398 -7.78329e-05
5.349 -0.00389154 -7.78412e-05
5.35 -0.00390846 -7.78483e-05
5.351 -0.00392475 -7.78513e-05
5.352 -0.0039404 -7.78491e-05
5.353 -0.00395542 -7.78424e-05
5.354 -0.0039698 -7.78336e-05
5.355 -0.00398355 -7.78258e-05
5.356 -0.00399666 -7.78217e-05
5.357 -0.00400914 -7.78226e-05
5.358 -0.00402099 -7.7828e-05
5.359 -0.00403221 -7.78356e-05
5.36 -0.00404279 -7.78424e-05
5.361 -0.00405274 -7.78457e-05
5.362 -0.00406206 -7.78441e-05
5.363 -0.00407076 -7.78376e-05
5.364 -0.00407882 -7.78281e-05
5.365 -0.00408625 -7.78186e-05
5.366 -0.00409306 -7.78118e-05
5.367 -0.00409924 -7.78099e-05
5.368 -0.0041048 -7.78132e-05
5.369 -0.00410973 -7.78204e-05
5.37 -0.00411405 -7.78288e-05
5.371 -0.00411775 -7.78357e-05
5.372 -0.00412083 -7.78386e-05
5.373 -0.0041233 -7.78366e-05
5.374 -0.00412515 -7.78301e-05
5.375 -0.00412638 -7.78212e-05
5.376 -0.00412701 -7.78124e-05
5.377 -0.00412703 -7.78061e-05
5.378 -0.00412644 -7.78038e-05
5.379 -0.00412525 -7.78057e-05
5.38 -0.00412345 -7.78105e-05
5.381 -0.00412106 -7.78161e-05
5.382 -0.00411807 -7.78203e-05
5.383 -0.00411449 -7.78214e-05
5.384 -0.00411031 -7.78189e-05
5.385 -0.00410555 -7.78134e-05
5.386 -0.0041002 -7.78068e-05
5.387 -0.00409427 -7.78009e-05
5.388 -0.00408776 -7.77976e-05
5.389 -0.00408066 -7.77977e-05
5.39 -0.00407299 -7.7801e-05
5.391 -0.00406475 -7.7806e-05
5.392 -0.00405594 -7.78112e-05
5.393 -0.00404657 -7.78146e-05
5.394 -0.00403663 -7.78151e-05
5.395 -0.00402614 -7.78125e-05
5.396 -0.00401509 -7.78076e-05
5.397 -0.00400348 -7.78019e-05
5.398 -0.00399133 -7.77971e-05
5.399 -0.00397863 -7.77946e-05
5.4 -0.00396539 -7.77949e-05
5.401 -0.00395161 -7.77976e-05
5.402 -0.00393729 -7.78015e-05
5.403 -0.00392245 -7.7805e-05
5.404 -0.00390708 -7.78067e-05
5.405 -0.00389119 -7.78058e-05
5.406 -0.00387477 -7.78021e-05
5.407 -0.00385785 -7.77966e-05
5.408 -0.00384041 -7.77907e-05
5.409 -0.00382247 -7.7786e-05
5.41 -0.00380402 -7.77837e-05
5.411 -0.00378507 -7.77844e-05
5.412 -0.00376562 -7.77877e-05
5.413 -0.00374569 -7.77924e-05
5.414 -0.00372526 -7.77969e-05
5.415 -0.00370436 -7.77999e-05
5.416 -0.00368298 -7.78003e-05
5.417 -0.00366114 -7.77978e-05
5.418 -0.00363882 -7.77931e-05
5.419 -0.00361604 -7.77874e-05
5.42 -0.0035928 -7.77822e-05
5.421 -0.00356911 -7.77789e-05
5.422 -0.00354496 -7.77782e-05
5.423 -0.00352037 -7.77801e-05
5.424 -0.00349534 -7.77841e-05
5.425 -0.00346987 -7.77887e-05
5.426 -0.00344397 -7.77929e-05
5.427 -0.00341765 -7.77953e-05
5.428 -0.00339091 -7.77955e-05
5.429 -0.00336376 -7.77936e-05
5.43 -0.00333619 -7.77902e-05
5.431 -0.00330822 -7.77864e-05
5.432 -0.00327985 -7.77834e-05
5.433 -0.00325109 -7.7782e-05
5.434 -0.00322193 -7.77825e-05
5.435 -0.00319239 -7.77846e-05
5.436 -0.00316246 -7.77876e-05
5.437 -0.00313217 -7.77906e-05
5.438 -0.0031015 -7.77927e-05
5.439 -0.00307048 -7.77934e-05
5.44 -0.0030391 -7.77925e-05
5.441 -0.00300736 -7.77905e-05
5.442 -0.00297529 -7.77881e-05
5.443 -0.00294286 -7.77863e-05
5.444 -0.00291011 -7.77857e-05
5.445 -0.00287702 -7.77867e-05
5.446 -0.00284361 -7.77892e-05
5.447 -0.00280987 -7.77926e-05
5.448 -0.00277582 -7.77961e-05
5.449 -0.00274147 -7.77989e-05
5.45 -0.00270682 -7.78002e-05
5.451 -0.00267187 -7.77999e-05
5.452 -0.00263664 -7.77983e-05
5.453 -0.00260112 -7.77959e-05
5.454 -0.00256532 -7.77935e-05
5.455 -0.00252925 -7.77922e-05
5.456 -0.00249291 -7.77924e-05
5.457 -0.00245632 -7.77943e-05
5.458 -0.00241946 -7.77978e-05
5.459 -0.00238236 -7.78022e-05
5.46 -0.00234502 -7.78066e-05
5.461 -0.00230744 -7.78102e-05
5.462 -0.00226963 -7.78124e-05
5.463 -0.0022316 -7.78129e-05
5.464 -0.00219336 -7.7812e-05
5.465 -0.0021549 -7.78102e-05
5.466 -0.00211623 -7.78082e-05
5.467 -0.00207737 -7.78069e-05
5.468 -0.00203831 -7.78068e-05
5.469 -0.00199906 -7.78082e-05
5.47 -0.00195964 -7.78108e-05
5.471 -0.00192003 -7.78141e-05
5.472 -0.00188027 -7.78175e-05
5.473 -0.00184034 -7.78203e-05
5.474 -0.00180026 -7.78218e-05
5.475 -0.00176003 -7.78218e-05
5.476 -0.00171965 -7.78206e-05
5.477 -0.00167915 -7.78185e-05
5.478 -0.00163851 -7.78163e-05
5.479 -0.00159774 -7.78145e-05
5.48 -0.00155686 -7.78138e-05
5.481 -0.00151586 -7.78143e-05
5.482 -0.00147476 -7.7816e-05
5.483 -0.00143356 -7.78186e-05
5.484 -0.00139228 -7.78215e-05
5.485 -0.0013509 -7.78242e-05
5.486 -0.00130946 -7.78261e-05
5.487 -0.00126794 -7.7827e-05
5.488 -0.00122635 -7.78269e-05
5.489 -0.0011847 -7.7826e-05
5.49 -0.001143 -7.78248e-05
5.491 -0.00110125 -7.78238e-05
5.492 -0.00105946 -7.78233e-05
5.493 -0.00101763 -7.78235e-05
5.494 -0.000975781 -7.78245e-05
5.495 -0.000933907 -7.78259e-05
5.496 -0.000892021 -7.78275e-05
5.497 -0.000850127 -7.78288e-05
5.498 -0.000808231 -7.78295e-05
5.499 -0.00076634 -7.78293e-05
5.5 -0.000724459 -7.78285e-05
5.501 -0.000682594 -7.78272e-05
5.502 -0.000640751 -7.78259e-05
5.503 -0.000598936 -7.7825e-05
5.504 -0.000557157 -7.78248e-05
5.505 -0.00051542 -7.78256e-05
5.506 -0.000473732 -7.78274e-05
5.507 -0.000432101 -7.78299e-05
5.508 -0.00039053 -7.78327e-05
5.509 -0.000349028 -7.78353e-05
5.51 -0.000307598 -7.78373e-05
5.511 -0.000266246 -7.78383e-05
5.512 -0.000224979 -7.78384e-05
5.513 -0.000183801 -7.78377e-05
5.514 -0.00014272 -7.78365e-05
5.515 -0.000101741 -7.78352e-05
5.516 -6.08725e-05 -7.78344e-05
5.517 -2.01201e-05 -7.78343e-05
5.518 2.05095e-05 -7.78352e-05
5.519 6.10106e-05 -7.7837e-05
5.52 0.000101378 -7.78396e-05
5.521 0.000141606 -7.78424e-05
5.522 0.00018169 -7.78451e-05
5.523 0.000221624 -7.78473e-05
5.524 0.000261404 -7.78486e-05
5.525 0.000301024 -7.7849e-05
5.526 0.000340476 -7.78486e-05
5.527 0.000379756 -7.78476e-05
5.528 0.000418857 -7.78464e-05
5.529 0.000457772 -7.78454e-05
5.53 0.000496497 -7.78448e-05
5.531 0.000535026 -7.7845e-05
5.532 0.000573354 -7.78459e-05
5.533 0.000611478 -7.78473e-05
5.534 0.000649391 -7.7849e-05
5.535 0.00068709 -7.78507e-05
5.536 0.000724568 -7.78521e-05
5.537 0.00076182 -7.78529e-05
5.538 0.000798841 -7.78531e-05
5.539 0.000835625 -7.78527e-05
5.54 0.000872166 -7.78521e-05
5.541 0.00090846 -7.78514e-05
5.542 0.000944501 -7.7851e-05
5.543 0.000980287 -7.78511e-05
5.544 0.00101581 -7.78516e-05
5.545 0.00105107 -7.78527e-05
5.546 0.00108607 -7.78542e-05
5.547 0.00112079 -7.78557e-05
5.548 0.00115523 -7.78572e-05
5.549 0.00118939 -7.78584e-05
5.55 0.00122326 -7.78592e-05
5.551 0.00125683 -7.78597e-05
5.552 0.00129011 -7.78598e-05
5.553 0.00132309 -7.78595e-05
5.554 0.00135576 -7.78592e-05
5.555 0.00138812 -7.78589e-05
5.556 0.00142017 -7.78589e-05
5.557 0.00145191 -7.78593e-05
5.558 0.00148333 -7.78604e-05
5.559 0.00151442 -7.7862e-05
5.56 0.00154519 -7.7864e-05
5.561 0.00157563 -7.7866e-05
5.562 0.00160572 -7.78676e-05
5.563 0.00163548 -7.78684e-05
5.564 0.0016649 -7.78683e-05
5.565 0.00169397 -7.78675e-05
5.566 0.00172269 -7.78666e-05
5.567 0.00175106 -7.78661e-05
5.568 0.00177907 -7.78664e-05
5.569 0.00180673 -7.78676e-05
5.57 0.00183403 -7.78693e-05
5.571 0.00186097 -7.78711e-05
5.572 0.00188754 -7.78724e-05
5.573 0.00191374 -7.7873e-05
5.574 0.00193956 -7.78731e-05
5.575 0.00196501 -7.78733e-05
5.576 0.00199008 -7.78741e-05
5.577 0.00201476 -7.78757e-05
5.578 0.00203907 -7.78778e-05
5.579 0.00206299 -7.78793e-05
5.58 0.00208653 -7.78793e-05
5.581 0.00210967 -7.78772e-05
5.582 0.00213243 -7.78734e-05
5.583 0.0021548 -7.78693e-05
5.584 0.00217677 -7.78667e-05
5.585 0.00219834 -7.78673e-05
5.586 0.00221951 -7.78715e-05
5.587 0.00224027 -7.78781e-05
5.588 0.00226064 -7.78846e-05
5.589 0.00228059 -7.78882e-05
5.59 0.00230014 -7.78873e-05
5.591 0.00231929 -7.78822e-05
5.592 0.00233803 -7.78756e-05
5.593 0.00235636 -7.7871e-05
5.594 0.00237428 -7.78715e-05
5.595 0.00239178 -7.78779e-05
5.596 0.00240888 -7.78878e-05
5.597 0.00242555 -7.78967e-05
5.598 0.00244181 -7.79e-05
5.599 0.00245765 -7.78952e-05
5.6 0.00247307 -7.78838e-05
5.601 0.00248807 -7.78707e-05
5.602 0.00250266 -7.78629e-05
5.603 0.00251682 -7.78653e-05
5.604 0.00253057 -7.78784e-05
5.605 0.0025439 -7.78972e-05
5.606 0.0025568 -7.79131e-05
5.607 0.00256928 -7.79178e-05
5.608 0.00258134 -7.79073e-05
5.609 0.00259298 -7.78851e-05
5.61 0.00260419 -7.78606e-05
5.611 0.00261498 -7.78459e-05
5.612 0.00262535 -7.78494e-05
5.613 0.0026353 -7.78714e-05
5.614 0.00264482 -7.79031e-05
5.615 0.00265392 -7.79298e-05
5.616 0.0026626 -7.79379e-05
5.617 0.00267086 -7.79215e-05
5.618 0.0026787 -7.78863e-05
5.619 0.00268611 -7.78479e-05
5.62 0.0026931 -7.7825e-05
5.621 0.00269967 -7.78301e-05
5.622 0.00270582 -7.78632e-05
5.623 0.00271155 -7.791e-05
5.624 0.00271686 -7.79485e-05
5.625 0.00272176 -7.79588e-05
5.626 0.00272624 -7.79334e-05
5.627 0.00273031 -7.78817e-05
5.628 0.00273396 -7.78271e-05
5.629 0.00273719 -7.7796e-05
5.63 0.00274001 -7.78051e-05
5.631 0.00274242 -7.78528e-05
5.632 0.00274442 -7.79182e-05
5.633 0.002746 -7.79705e-05
5.634 0.00274718 -7.79836e-05
5.635 0.00274794 -7.79487e-05
5.636 0.00274831 -7.788e-05
5.637 0.00274827 -7.78087e-05
5.638 0.00274782 -7.77687e-05
5.639 0.00274698 -7.778e-05
5.64 0.00274573 -7.78384e-05
5.641 0.00274409 -7.79168e-05
5.642 0.00274205 -7.79775e-05
5.643 0.00273961 -7.79905e-05
5.644 0.00273678 -7.79482e-05
5.645 0.00273355 -7.78699e-05
5.646 0.00272993 -7.77928e-05
5.647 0.00272593 -7.7754e-05
5.648 0.00272154 -7.77726e-05
5.649 0.00271677 -7.78393e-05
5.65 0.00271161 -7.79214e-05
5.651 0.00270608 -7.79784e-05
5.652 0.00270016 -7.7982e-05
5.653 0.00269387 -7.79303e-05
5.654 0.0026872 -7.78488e-05
5.655 0.00268016 -7.77776e-05
5.656 0.00267275 -7.77515e-05
5.657 0.00266498 -7.77821e-05
5.658 0.00265683 -7.78526e-05
5.659 0.00264833 -7.79265e-05
5.66 0.00263947 -7.79661e-05
5.661 0.00263025 -7.7952e-05
5.662 0.00262067 -7.7893e-05
5.663 0.00261074 -7.78207e-05
5.664 0.00260046 -7.77733e-05
5.665 0.00258983 -7.77752e-05
5.666 0.00257885 -7.78242e-05
5.667 0.00256753 -7.78933e-05
5.668 0.00255587 -7.79447e-05
5.669 0.00254387 -7.79503e-05
5.67 0.00253154 -7.79069e-05
5.671 0.00251888 -7.78376e-05
5.672 0.00250589 -7.77801e-05
5.673 0.00249258 -7.77657e-05
5.674 0.00247894 -7.78029e-05
5.675 0.00246498 -7.78722e-05
5.676 0.0024507 -7.79362e-05
5.677 0.00243611 -7.79597e-05
5.678 0.00242121 -7.79288e-05
5.679 0.00240599 -7.78587e-05
5.68 0.00239047 -7.7786e-05
5.681 0.00237465 -7.77495e-05
5.682 0.00235854 -7.77693e-05
5.683 0.00234213 -7.78357e-05
5.684 0.00232542 -7.79141e-05
5.685 0.00230843 -7.79629e-05
5.686 0.00229115 -7.79561e-05
5.687 0.00227358 -7.78967e-05
5.688 0.00225574 -7.78158e-05
5.689 0.00223762 -7.7756e-05
5.69 0.00221922 -7.77486e-05
5.691 0.00220056 -7.77972e-05
5.692 0.00218163 -7.78754e-05
5.693 0.00216244 -7.79414e-05
5.694 0.00214299 -7.79601e-05
5.695 0.00212329 -7.79218e-05
5.696 0.00210334 -7.78479e-05
5.697 0.00208313 -7.77782e-05
5.698 0.00206268 -7.775e-05
5.699 0.00204199 -7.77776e-05
5.7 0.00202106 -7.78444e-05
5.701 0.00199989 -7.79127e-05
5.702 0.0019785 -7.79441e-05
5.703 0.00195688 -7.79208e-05
5.704 0.00193503 -7.78554e-05
5.705 0.00191297 -7.77841e-05
5.706 0.0018907 -7.77467e-05
5.707 0.00186821 -7.77643e-05
5.708 0.00184552 -7.78277e-05
5.709 0.00182262 -7.79021e-05
5.71 0.00179952 -7.79462e-05
5.711 0.00177622 -7.7935e-05
5.712 0.00175273 -7.78735e-05
5.713 0.00172905 -7.77946e-05
5.714 0.00170518 -7.77408e-05
5.715 0.00168114 -7.77415e-05
5.716 0.00165692 -7.77961e-05
5.717 0.00163253 -7.78747e-05
5.718 0.00160797 -7.79343e-05
5.719 0.00158324 -7.79424e-05
5.72 0.00155836 -7.78949e-05
5.721 0.00153332 -7.78179e-05
5.722 0.00150812 -7.77538e-05
5.723 0.00148278 -7.77376e-05
5.724 0.00145729 -7.77775e-05
5.725 0.00143165 -7.78508e-05
5.726 0.00140589 -7.79163e-05
5.727 0.00137999 -7.79375e-05
5.728 0.00135397 -7.79029e-05
5.729 0.00132782 -7.7832e-05
5.73 0.00130155 -7.77647e-05
5.731 0.00127517 -7.77388e-05
5.732 0.00124868 -7.77685e-05
5.733 0.00122208 -7.7837e-05
5.734 0.00119537 -7.79053e-05
5.735 0.00116857 -7.79344e-05
5.736 0.00114167 -7.79071e-05
5.737 0.00111468 -7.78381e-05
5.738 0.0010876 -7.77652e-05
5.739 0.00106045 -7.77291e-05
5.74 0.00103321 -7.77499e-05
5.741 0.00100591 -7.78162e-05
5.742 0.000978537 -7.78912e-05
5.743 0.000951098 -7.79332e-05
5.744 0.000923599 -7.79188e-05
5.745 0.000896042 -7.78561e-05
5.746 0.000868432 -7.778e-05
5.747 0.000840775 -7.77324e-05
5.748 0.000813073 -7.77393e-05
5.749 0.000785334 -7.77958e-05
5.75 0.00075756 -7.78692e-05
5.751 0.000729756 -7.79177e-05
5.752 0.000701926 -7.79138e-05
5.753 0.000674074 -7.78598e-05
5.754 0.000646204 -7.77864e-05
5.755 0.00061832 -7.77355e-05
5.756 0.000590427 -7.77358e-05
5.757 0.000562528 -7.77872e-05
5.758 0.000534628 -7.78604e-05
5.759 0.000506731 -7.79135e-05
5.76 0.000478843 -7.7916e-05
5.761 0.000450966 -7.78658e-05
5.762 0.000423105 -7.77908e-05
5.763 0.000395265 -7.7733e-05
5.764 0.000367449 -7.77247e-05
5.765 0.000339661 -7.77704e-05
5.766 0.000311905 -7.78443e-05
5.767 0.000284186 -7.79046e-05
5.768 0.000256507 -7.79175e-05
5.769 0.000228874 -7.78759e-05
5.77 0.00020129 -7.78038e-05
5.771 0.000173759 -7.7742e-05
5.772 0.000146287 -7.77253e-05
5.773 0.000118876 -7.77628e-05
5.774 9.15308e-05 -7.78324e-05
5.775 6.42544e-05 -7.78942e-05
5.776 3.70508e-05 -7.79125e-05
5.777 9.924e-06 -7.78768e-05
5.778 -1.7122e-05 -7.78074e-05
5.779 -4.40831e-05 -7.77439e-05
5.78 -7.09552e-05 -7.77226e-05
5.781 -9.7734e-05 -7.77553e-05
5.782 -0.000124416 -7.78233e-05
5.783 -0.000150996 -7.78873e-05
5.784 -0.000177472 -7.79105e-05
5.785 -0.00020384 -7.78791e-05
5.786 -0.000230096 -7.78107e-05
5.787 -0.000256237 -7.77438e-05
5.788 -0.000282259 -7.77162e-05
5.789 -0.000308158 -7.77434e-05
5.79 -0.000333931 -7.78095e-05
5.791 -0.000359573 -7.78769e-05
5.792 -0.00038508 -7.79073e-05
5.793 -0.000410451 -7.7884e-05
5.794 -0.00043568 -7.78208e-05
5.795 -0.000460765 -7.77544e-05
5.796 -0.000485702 -7.77232e-05
5.797 -0.000510489 -7.7745e-05
5.798 -0.000535121 -7.78069e-05
5.799 -0.000559596 -7.78731e-05
5.8 -0.000583911 -7.79051e-05
5.801 -0.00060806 -7.78843e-05
5.802 -0.000632041 -7.78225e-05
5.803 -0.000655851 -7.7755e-05
5.804 -0.000679487 -7.77207e-05
5.805 -0.000702945 -7.77394e-05
5.806 -0.000726223 -7.78005e-05
5.807 -0.000749318 -7.78692e-05
5.808 -0.000772228 -7.79064e-05
5.809 -0.000794951 -7.78912e-05
5.81 -0.000817481 -7.78328e-05
5.811 -0.000839818 -7.77651e-05
5.812 -0.000861956 -7.77271e-05
5.813 -0.000883892 -7.77405e-05
5.814 -0.000905625 -7.77974e-05
5.815 -0.00092715 -7.78647e-05
5.816 -0.000948467 -7.79035e-05
5.817 -0.000969572 -7.78917e-05
5.818 -0.000990464 -7.78363e-05
5.819 -0.00101114 -7.77698e-05
5.82 -0.0010316 -7.77309e-05
5.821 -0.00105184 -7.77426e-05
5.822 -0.00107186 -7.77982e-05
5.823 -0.00109165 -7.78661e-05
5.824 -0.00111121 -7.79073e-05
5.825 -0.00113054 -7.78983e-05
5.826 -0.00114964 -7.78446e-05
5.827 -0.0011685 -7.77776e-05
5.828 -0.00118712 -7.77361e-05
5.829 -0.00120551 -7.77443e-05
5.83 -0.00122366 -7.77974e-05
5.831 -0.00124156 -7.78649e-05
5.832 -0.00125922 -7.79081e-05
5.833 -0.00127664 -7.79026e-05
5.834 -0.00129381 -7.78523e-05
5.835 -0.00131073 -7.77869e-05
5.836 -0.00132739 -7.7745e-05
5.837 -0.0013438 -7.77511e-05
5.838 -0.00135995 -7.78019e-05
5.839 -0.00137585 -7.7868e-05
5.84 -0.00139149 -7.79111e-05
5.841 -0.00140687 -7.79063e-05
5.842 -0.00142199 -7.78566e-05
5.843 -0.00143685 -7.7791e-05
5.844 -0.00145144 -7.77477e-05
5.845 -0.00146577 -7.77519e-05
5.846 -0.00147984 -7.78014e-05
5.847 -0.00149364 -7.78675e-05
5.848 -0.00150717 -7.79123e-05
5.849 -0.00152042 -7.79101e-05
5.85 -0.00153341 -7.78627e-05
5.851 -0.00154612 -7.77982e-05
5.852 -0.00155856 -7.77541e-05
5.853 -0.00157073 -7.77562e-05
5.854 -0.00158262 -7.7803e-05
5.855 -0.00159425 -7.7867e-05
5.856 -0.0016056 -7.79107e-05
5.857 -0.00161667 -7.79086e-05
5.858 -0.00162746 -7.7862e-05
5.859 -0.00163798 -7.77981e-05
5.86 -0.00164821 -7.77543e-05
5.861 -0.00165816 -7.77564e-05
5.862 -0.00166783 -7.78032e-05
5.863 -0.00167723 -7.78678e-05
5.864 -0.00168634 -7.7913e-05
5.865 -0.00169518 -7.79128e-05
5.866 -0.00170374 -7.7868e-05
5.867 -0.00171202 -7.7805e-05
5.868 -0.00172002 -7.77609e-05
5.869 -0.00172774 -7.77613e-05
5.87 -0.00173517 -7.78059e-05
5.871 -0.00174232 -7.78683e-05
5.872 -0.00174918 -7.7912e-05
5.873 -0.00175576 -7.79114e-05
5.874 -0.00176206 -7.7867e-05
5.875 -0.00176809 -7.78048e-05
5.876 -0.00177383 -7.77614e-05
5.877 -0.00177929 -7.77622e-05
5.878 -0.00178448 -7.78069e-05
5.879 -0.00178938 -7.78695e-05
5.88 -0.001794 -7.79136e-05
5.881 -0.00179835 -7.79139e-05
5.882 -0.00180241 -7.78707e-05
5.883 -0.00180618 -7.78096e-05
5.884 -0.00180968 -7.77668e-05
5.885 -0.0018129 -7.77674e-05
5.886 -0.00181585 -7.78111e-05
5.887 -0.00181851 -7.78725e-05
5.888 -0.00182091 -7.79156e-05
5.889 -0.00182303 -7.79157e-05
5.89 -0.00182487 -7.7873e-05
5.891 -0.00182645 -7.78131e-05
5.892 -0.00182774 -7.77716e-05
5.893 -0.00182876 -7.7773e-05
5.894 -0.00182951 -7.7817e-05
5.895 -0.00182998 -7.78778e-05
5.896 -0.00183018 -7.79201e-05
5.897 -0.00183012 -7.79193e-05
5.898 -0.00182979 -7.7876e-05
5.899 -0.00182919 -7.78157e-05
5.9 -0.00182833 -7.77738e-05
5.901 -0.0018272 -7.77748e-05
5.902 -0.00182581 -7.78179e-05
5.903 -0.00182415 -7.78779e-05
5.904 -0.00182223 -7.79197e-05
5.905 -0.00182005 -7.79191e-05
5.906 -0.0018176 -7.78767e-05
5.907 -0.0018149 -7.78177e-05
5.908 -0.00181194 -7.7777e-05
5.909 -0.00180872 -7.77784e-05
5.91 -0.00180526 -7.78212e-05
5.911 -0.00180154 -7.78802e-05
5.912 -0.00179757 -7.79211e-05
5.913 -0.00179335 -7.79203e-05
5.914 -0.00178888 -7.78789e-05
5.915 -0.00178416 -7.78216e-05
5.916 -0.0017792 -7.77822e-05
5.917 -0.00177398 -7.77837e-05
5.918 -0.00176853 -7.78245e-05
5.919 -0.00176283 -7.78803e-05
5.92 -0.00175689 -7.79177e-05
5.921 -0.00175072 -7.7915e-05
5.922 -0.00174431 -7.78743e-05
5.923 -0.00173767 -7.78205e-05
5.924 -0.00173079 -7.77866e-05
5.925 -0.00172369 -7.77932e-05
5.926 -0.00171635 -7.78371e-05
5.927 -0.00170878 -7.78924e-05
5.928 -0.00170099 -7.7926e-05
5.929 -0.00169297 -7.79176e-05
5.93 -0.00168472 -7.78715e-05
5.931 -0.00167626 -7.78149e-05
5.932 -0.00166758 -7.77815e-05
5.933 -0.00165868 -7.77918e-05
5.934 -0.00164957 -7.78411e-05
5.935 -0.00164025 -7.79014e-05
5.936 -0.00163072 -7.79378e-05
5.937 -0.00162098 -7.79287e-05
5.938 -0.00161103 -7.78787e-05
5.939 -0.00160087 -7.78159e-05
5.94 -0.00159051 -7.7776e-05
5.941 -0.00157994 -7.77819e-05
5.942 -0.00156918 -7.78305e-05
5.943 -0.00155822 -7.78948e-05
5.944 -0.00154707 -7.79392e-05
5.945 -0.00153573 -7.79399e-05
5.946 -0.0015242 -7.78982e-05
5.947 -0.00151249 -7.78388e-05
5.948 -0.00150058 -7.77952e-05
5.949 -0.00148849 -7.77906e-05
5.95 -0.00147622 -7.78248e-05
5.951 -0.00146377 -7.7876e-05
5.952 -0.00145114 -7.79138e-05
5.953 -0.00143833 -7.79179e-05
5.954 -0.00142536 -7.78891e-05
5.955 -0.00141221 -7.78478e-05
5.956 -0.0013989 -7.78208e-05
5.957 -0.00138543 -7.78243e-05
5.958 -0.00137179 -7.78543e-05
5.959 -0.00135799 -7.78898e-05
5.96 -0.00134404 -7.79064e-05
5.961 -0.00132993 -7.78918e-05
5.962 -0.00131566 -7.78546e-05
5.963 -0.00130124 -7.7819e-05
5.964 -0.00128668 -7.78098e-05
5.965 -0.00127196 -7.78364e-05
5.966 -0.00125711 -7.78859e-05
5.967 -0.00124211 -7.79295e-05
5.968 -0.00122698 -7.79398e-05
5.969 -0.00121172 -7.79071e-05
5.97 -0.00119632 -7.78471e-05
5.971 -0.00118079 -7.77927e-05
5.972 -0.00116513 -7.77758e-05
5.973 -0.00114935 -7.78084e-05
5.974 -0.00113345 -7.78748e-05
5.975 -0.00111742 -7.79398e-05
5.976 -0.00110127 -7.79676e-05
5.977 -0.00108501 -7.79425e-05
5.978 -0.00106864 -7.78775e-05
5.979 -0.00105216 -7.7808e-05
5.98 -0.00103558 -7.77715e-05
5.981 -0.00101889 -7.77873e-05
5.982 -0.0010021 -7.78457e-05
5.983 -0.000985215 -7.79138e-05
5.984 -0.000968231 -7.7954e-05
5.985 -0.000951153 -7.79453e-05
5.986 -0.000933984 -7.78941e-05
5.987 -0.000916727 -7.78302e-05
5.988 -0.000899384 -7.77891e-05
5.989 -0.00088196 -7.77924e-05
5.99 -0.000864457 -7.78361e-05
5.991 -0.000846878 -7.78938e-05
5.992 -0.000829226 -7.79329e-05
5.993 -0.000811504 -7.79329e-05
5.994 -0.000793714 -7.78964e-05
5.995 -0.000775859 -7.78464e-05
5.996 -0.000757941 -7.78116e-05
5.997 -0.000739963 -7.78102e-05
5.998 -0.000721927 -7.78397e-05
5.999 -0.000703837 -7.78803e-05
6 -0.000685695 -7.79072e-05
6.001 -0.000667504 -7.79061e-05
6.002 -0.000649268 -7.78807e-05
6.003 -0.00063099 -7.7849e-05
6.004 -0.000612672 -7.78316e-05
6.005 -0.000594318 -7.78381e-05
6.006 -0.00057593 -7.78617e-05
6.007 -0.000557511 -7.78847e-05
6.008 -0.000539063 -7.78901e-05
6.009 -0.000520589 -7.78731e-05
6.01 -0.000502092 -7.78449e-05
6.011 -0.000483574 -7.7825e-05
6.012 -0.000465039 -7.78287e-05
6.013 -0.000446489 -7.78563e-05
6.014 -0.000427928 -7.78917e-05
6.015 -0.000409358 -7.79121e-05
6.016 -0.000390783 -7.7902e-05
6.017 -0.000372206 -7.78641e-05
6.018 -0.000353629 -7.78189e-05
6.019 -0.000335054 -7.77932e-05
6.02 -0.000316485 -7.7804e-05
6.021 -0.000297922 -7.78476e-05
6.022 -0.00027937 -7.78999e-05
6.023 -0.000260831 -7.79301e-05
6.024 -0.000242309 -7.79188e-05
6.025 -0.000223806 -7.78699e-05
6.026 -0.000205326 -7.78097e-05
6.027 -0.000186871 -7.77726e-05
6.028 -0.000168445 -7.7781e-05
6.029 -0.000150051 -7.78323e-05
6.03 -0.000131689 -7.78988e-05
6.031 -0.000113363 -7.79431e-05
6.032 -9.50737e-05 -7.79392e-05
6.033 -7.68246e-05 -7.78876e-05
6.034 -5.8618e-05 -7.78159e-05
6.035 -4.04571e-05 -7.77634e-05
6.036 -2.23453e-05 -7.77595e-05
6.037 -4.28585e-06 -7.78068e-05
6.038 1.37179e-05 -7.78794e-05
6.039 3.1663e-05 -7.79375e-05
6.04 4.95471e-05 -7.79492e-05
6.041 6.73681e-05 -7.79085e-05
6.042 8.51243e-05 -7.78383e-05
6.043 0.000102814 -7.77774e-05
6.044 0.000120435 -7.77589e-05
6.045 0.000137986 -7.77917e-05
6.046 0.000155463 -7.78563e-05
6.047 0.000172864 -7.79163e-05
6.048 0.000190185 -7.79389e-05
6.049 0.000207424 -7.7913e-05
6.05 0.000224576 -7.78547e-05
6.051 0.000241639 -7.77972e-05
6.052 0.000258612 -7.77718e-05
6.053 0.000275492 -7.77905e-05
6.054 0.000292278 -7.78408e-05
6.055 0.000308968 -7.78931e-05
6.056 0.000325562 -7.79188e-05
6.057 0.000342056 -7.79056e-05
6.058 0.000358448 -7.78635e-05
6.059 0.000374736 -7.78177e-05
6.06 0.000390916 -7.77933e-05
6.061 0.000406985 -7.78014e-05
6.062 0.00042294 -7.78339e-05
6.063 0.00043878 -7.78701e-05
6.064 0.000454503 -7.78893e-05
6.065 0.000470107 -7.78828e-05
6.066 0.000485592 -7.78579e-05
6.067 0.000500956 -7.78317e-05
6.068 0.000516197 -7.78199e-05
6.069 0.000531313 -7.78273e-05
6.07 0.000546303 -7.78463e-05
6.071 0.000561162 -7.78626e-05
6.072 0.000575888 -7.78653e-05
6.073 0.00059048 -7.78536e-05
6.074 0.000604934 -7.7837e-05
6.075 0.00061925 -7.78279e-05
6.076 0.000633426 -7.7833e-05
6.077 0.000647462 -7.78483e-05
6.078 0.000661356 -7.78621e-05
6.079 0.000675107 -7.78627e-05
6.08 0.000688714 -7.78474e-05
6.081 0.000702175 -7.7825e-05
6.082 0.000715487 -7.78106e-05
6.083 0.000728648 -7.78158e-05
6.084 0.000741657 -7.78404e-05
6.085 0.00075451 -7.78709e-05
6.086 0.000767207 -7.78879e-05
6.087 0.000779747 -7.78787e-05
6.088 0.000792129 -7.78455e-05
6.089 0.000804352 -7.78061e-05
6.09 0.000816415 -7.77838e-05
6.091 0.000828319 -7.77939e-05
6.092 0.00084006 -7.78331e-05
6.093 0.000851637 -7.78804e-05
6.094 0.000863048 -7.79083e-05
6.095 0.000874293 -7.78986e-05
6.096 0.000885368 -7.78544e-05
6.097 0.000896274 -7.77994e-05
6.098 0.000907009 -7.7765e-05
6.099 0.000917573 -7.77722e-05
6.1 0.000927966 -7.7819e-05
6.101 0.000938186 -7.78802e-05
6.102 0.000948233 -7.7921e-05
6.103 0.000958106 -7.7917e-05
6.104 0.000967804 -7.78685e-05
6.105 0.000977326 -7.78014e-05
6.106 0.000986669 -7.7753e-05
6.107 0.000995833 -7.77512e-05
6.108 0.00100482 -7.7798e-05
6.109 0.00101362 -7.7868e-05
6.11 0.00102225 -7.79222e-05
6.111 0.00103069 -7.79296e-05
6.112 0.00103895 -7.78855e-05
6.113 0.00104703 -7.78139e-05
6.114 0.00105493 -7.77546e-05
6.115 0.00106265 -7.77407e-05
6.116 0.00107018 -7.778e-05
6.117 0.00107753 -7.78504e-05
6.118 0.00108469 -7.79123e-05
6.119 0.00109167 -7.7931e-05
6.12 0.00109846 -7.78961e-05
6.121 0.00110507 -7.7827e-05
6.122 0.00111148 -7.77624e-05
6.123 0.00111772 -7.77378e-05
6.124 0.00112377 -7.77663e-05
6.125 0.00112963 -7.78312e-05
6.126 0.0011353 -7.78958e-05
6.127 0.00114079 -7.79247e-05
6.128 0.00114609 -7.79026e-05
6.129 0.0011512 -7.78431e-05
6.13 0.00115612 -7.77799e-05
6.131 0.00116086 -7.7748e-05
6.132 0.00116541 -7.77635e-05
6.133 0.00116977 -7.78161e-05
6.134 0.00117395 -7.78753e-05
6.135 0.00117793 -7.7908e-05
6.136 0.00118173 -7.78973e-05
6.137 0.00118535 -7.78509e-05
6.138 0.00118877 -7.77958e-05
6.139 0.00119201 -7.77626e-05
6.14 0.00119506 -7.7768e-05
6.141 0.00119793 -7.78068e-05
6.142 0.00120061 -7.78558e-05
6.143 0.0012031 -7.78876e-05
6.144 0.00120541 -7.78862e-05
6.145 0.00120753 -7.78549e-05
6.146 0.00120947 -7.78131e-05
6.147 0.00121122 -7.77843e-05
6.148 0.00121279 -7.77829e-05
6.149 0.00121418 -7.78068e-05
6.15 0.00121538 -7.78404e-05
6.151 0.0012164 -7.78641e-05
6.152 0.00121724 -7.78661e-05
6.153 0.00121789 -7.78479e-05
6.154 0.00121837 -7.78219e-05
6.155 0.00121866 -7.78032e-05
6.156 0.00121877 -7.78006e-05
6.157 0.00121871 -7.78128e-05
6.158 0.00121847 -7.78302e-05
6.159 0.00121805 -7.78421e-05
6.16 0.00121745 -7.78432e-05
6.161 0.00121667 -7.78355e-05
6.162 0.00121572 -7.78263e-05
6.163 0.00121459 -7.78216e-05
6.164 0.00121329 -7.78232e-05
6.165 0.00121181 -7.78273e-05
6.166 0.00121016 -7.78287e-05
6.167 0.00120834 -7.78254e-05
6.168 0.00120635 -7.782e-05
6.169 0.00120419 -7.78182e-05
6.17 0.00120186 -7.78239e-05
6.171 0.00119936 -7.78355e-05
6.172 0.00119669 -7.78459e-05
6.173 0.00119386 -7.78471e-05
6.174 0.00119086 -7.78356e-05
6.175 0.00118769 -7.78164e-05
6.176 0.00118436 -7.78009e-05
6.177 0.00118087 -7.78e-05
6.178 0.00117722 -7.78171e-05
6.179 0.0011734 -7.78444e-05
6.18 0.00116943 -7.78665e-05
6.181 0.0011653 -7.7869e-05
6.182 0.00116101 -7.78479e-05
6.183 0.00115657 -7.78134e-05
6.184 0.00115197 -7.77848e-05
6.185 0.00114721 -7.77797e-05
6.186 0.0011423 -7.78035e-05
6.187 0.00113724 -7.78444e-05
6.188 0.00113203 -7.78796e-05
6.189 0.00112667 -7.78881e-05
6.19 0.00112117 -7.78632e-05
6.191 0.00111551 -7.78175e-05
6.192 0.00110971 -7.77769e-05
6.193 0.00110377 -7.77658e-05
6.194 0.00109769 -7.77925e-05
6.195 0.00109146 -7.78436e-05
6.196 0.00108509 -7.78909e-05
6.197 0.00107858 -7.79066e-05
6.198 0.00107194 -7.78803e-05
6.199 0.00106516 -7.78255e-05
6.2 0.00105824 -7.7773e-05
6.201 0.00105119 -7.77533e-05
6.202 0.00104401 -7.77794e-05
6.203 0.00103669 -7.7838e-05
6.204 0.00102925 -7.78968e-05
6.205 0.00102168 -7.79221e-05
6.206 0.00101399 -7.78984e-05
6.207 0.00100617 -7.78379e-05
6.208 0.000998223 -7.77742e-05
6.209 0.000990156 -7.77435e-05
6.21 0.000981969 -7.77641e-05
6.211 0.000973662 -7.78257e-05
6.212 0.000965237 -7.78943e-05
6.213 0.000956697 -7.79318e-05
6.214 0.000948041 -7.7917e-05
6.215 0.000939274 -7.78581e-05
6.216 0.000930395 -7.77882e-05
6.217 0.000921407 -7.77465e-05
6.218 0.00091231 -7.77563e-05
6.219 0.000903108 -7.78115e-05
6.22 0.000893801 -7.78805e-05
6.221 0.000884391 -7.79242e-05
6.222 0.000874879 -7.79181e-05
6.223 0.000865266 -7.78663e-05
6.224 0.000855555 -7.77993e-05
6.225 0.000845746 -7.77559e-05
6.226 0.000835842 -7.7761e-05
6.227 0.000825845 -7.78115e-05
6.228 0.000815756 -7.78779e-05
6.229 0.000805577 -7.79218e-05
6.23 0.00079531 -7.79173e-05
6.231 0.000784957 -7.78668e-05
6.232 0.00077452 -7.7799e-05
6.233 0.000764 -7.7753e-05
6.234 0.000753399 -7.77556e-05
6.235 0.000742719 -7.78061e-05
6.236 0.00073196 -7.78768e-05
6.237 0.000721124 -7.79282e-05
6.238 0.000710214 -7.79317e-05
6.239 0.00069923 -7.78853e-05
6.24 0.000688176 -7.78144e-05
6.241 0.000677052 -7.77578e-05
6.242 0.000665862 -7.77459e-05
6.243 0.000654606 -7.77842e-05
6.244 0.000643288 -7.78508e-05
6.245 0.000631909 -7.79095e-05
6.246 0.00062047 -7.79296e-05
6.247 0.000608973 -7.79026e-05
6.248 0.000597419 -7.78457e-05
6.249 0.000585811 -7.77913e-05
6.25 0.00057415 -7.77682e-05
6.251 0.000562437 -7.77866e-05
6.252 0.000550676 -7.78331e-05
6.253 0.000538867 -7.788e-05
6.254 0.000527013 -7.79016e-05
6.255 0.000515117 -7.78882e-05
6.256 0.00050318 -7.78503e-05
6.257 0.000491203 -7.78118e-05
6.258 0.000479189 -7.77948e-05
6.259 0.000467139 -7.78079e-05
6.26 0.000455056 -7.78414e-05
6.261 0.000442939 -7.78746e-05
6.262 0.000430793 -7.78882e-05
6.263 0.000418617 -7.78753e-05
6.264 0.000406415 -7.78449e-05
6.265 0.000394189 -7.78156e-05
6.266 0.000381941 -7.78047e-05
6.267 0.000369673 -7.7818e-05
6.268 0.000357386 -7.78473e-05
6.269 0.000345083 -7.78754e-05
6.27 0.000332765 -7.78865e-05
6.271 0.000320433 -7.7875e-05
6.272 0.00030809 -7.78482e-05
6.273 0.000295737 -7.78216e-05
6.274 0.000283376 -7.78096e-05
6.275 0.000271008 -7.78181e-05
6.276 0.000258637 -7.78415e-05
6.277 0.000246265 -7.78669e-05
6.278 0.000233893 -7.78811e-05
6.279 0.000221524 -7.78776e-05
6.28 0.00020916 -7.78594e-05
6.281 0.000196801 -7.78365e-05
6.282 0.000184451 -7.782e-05
6.283 0.000172109 -7.78169e-05
6.284 0.000159778 -7.78271e-05
6.285 0.000147459 -7.78451e-05
6.286 0.000135154 -7.78628e-05
6.287 0.000122865 -7.78736e-05
6.288 0.000110595 -7.78744e-05
6.289 9.8346e-05 -7.7866e-05
6.29 8.61199e-05 -7.78517e-05
6.291 7.39187e-05 -7.78366e-05
6.292 6.17441e-05 -7.78257e-05
6.293 4.95974e-05 -7.78232e-05
6.294 3.748e-05 -7.7831e-05
6.295 2.53933e-05 -7.78474e-05
6.296 1.33386e-05 -7.78668e-05
6.297 1.31773e-06 -7.78807e-05
6.298 -1.06673e-05 -7.78819e-05
6.299 -2.26145e-05 -7.7868e-05
6.3 -3.45214e-05 -7.7844e-05
6.301 -4.6386e-05 -7.7821e-05
6.302 -5.82064e-05 -7.78112e-05
6.303 -6.99809e-05 -7.78214e-05
6.304 -8.17082e-05 -7.78482e-05
6.305 -9.33871e-05 -7.7879e-05
6.306 -0.000105017 -7.78978e-05
6.307 -0.000116595 -7.78935e-05
6.308 -0.000128121 -7.78671e-05
6.309 -0.000139594 -7.78317e-05
6.31 -0.00015101 -7.78062e-05
6.311 -0.000162367 -7.78049e-05
6.312 -0.000173665 -7.78295e-05
6.313 -0.000184899 -7.78672e-05
6.314 -0.000196071 -7.78976e-05
6.315 -0.000207177 -7.79039e-05
6.316 -0.000218216 -7.78824e-05
6.317 -0.000229189 -7.78453e-05
6.318 -0.000240094 -7.78136e-05
6.319 -0.00025093 -7.78054e-05
6.32 -0.000261695 -7.78253e-05
6.321 -0.000272387 -7.78617e-05
6.322 -0.000283005 -7.7893e-05
6.323 -0.000293546 -7.79009e-05
6.324 -0.000304008 -7.78806e-05
6.325 -0.000314391 -7.78443e-05
6.326 -0.000324692 -7.78141e-05
6.327 -0.000334912 -7.78087e-05
6.328 -0.000345049 -7.7832e-05
6.329 -0.000355102 -7.78705e-05
6.33 -0.000365071 -7.79009e-05
6.331 -0.000374954 -7.7904e-05
6.332 -0.00038475 -7.78768e-05
6.333 -0.000394458 -7.78349e-05
6.334 -0.000404074 -7.78036e-05
6.335 -0.000413598 -7.78031e-05
6.336 -0.000423028 -7.78355e-05
6.337 -0.000432363 -7.7883e-05
6.338 -0.000441602 -7.79173e-05
6.339 -0.000450746 -7.79166e-05
6.34 -0.000459793 -7.78789e-05
6.341 -0.000468742 -7.78245e-05
6.342 -0.000477594 -7.7785e-05
6.343 -0.000486346 -7.7785e-05
6.344 -0.000494997 -7.78272e-05
6.345 -0.000503545 -7.78894e-05
6.346 -0.000511989 -7.79367e-05
6.347 -0.000520327 -7.79409e-05
6.348 -0.000528559 -7.78975e-05
6.349 -0.000536685 -7.78292e-05
6.35 -0.000544703 -7.77741e-05
6.351 -0.000552614 -7.7764e-05
6.352 -0.000560418 -7.78062e-05
6.353 -0.000568113 -7.78785e-05
6.354 -0.0005757 -7.79409e-05
6.355 -0.000583175 -7.79578e-05
6.356 -0.000590538 -7.79187e-05
6.357 -0.000597788 -7.78442e-05
6.358 -0.000604923 -7.77752e-05
6.359 -0.000611943 -7.77503e-05
6.36 -0.000618848 -7.77836e-05
6.361 -0.000625637 -7.7857e-05
6.362 -0.000632311 -7.793e-05
6.363 -0.00063887 -7.79621e-05
6.364 -0.000645313 -7.79357e-05
6.365 -0.000651639 -7.78657e-05
6.366 -0.000657848 -7.77912e-05
6.367 -0.000663937 -7.77532e-05
6.368 -0.000669907 -7.77721e-05
6.369 -0.000675755 -7.78363e-05
6.37 -0.000681482 -7.79091e-05
6.371 -0.000687088 -7.795e-05
6.372 -0.000692573 -7.79372e-05
6.373 -0.000697937 -7.78793e-05
6.374 -0.000703181 -7.78099e-05
6.375 -0.000708304 -7.7768e-05
6.376 -0.000713306 -7.77758e-05
6.377 -0.000718185 -7.78271e-05
6.378 -0.000722941 -7.78912e-05
6.379 -0.000727573 -7.79315e-05
6.38 -0.00073208 -7.7926e-05
6.381 -0.000736461 -7.78799e-05
6.382 -0.000740718 -7.78211e-05
6.383 -0.00074485 -7.77836e-05
6.384 -0.000748859 -7.77879e-05
6.385 -0.000752746 -7.78293e-05
6.386 -0.000756509 -7.78819e-05
6.387 -0.000760149 -7.79142e-05
6.388 -0.000763665 -7.79078e-05
6.389 -0.000767056 -7.78679e-05
6.39 -0.000770321 -7.78192e-05
6.391 -0.000773459 -7.77912e-05
6.392 -0.00077647 -7.78001e-05
6.393 -0.000779356 -7.78398e-05
6.394 -0.000782116 -7.78856e-05
6.395 -0.000784752 -7.79095e-05
6.396 -0.000787265 -7.78971e-05
6.397 -0.000789655 -7.78558e-05
6.398 -0.000791923 -7.78107e-05
6.399 -0.000794067 -7.77891e-05
6.4 -0.000796086 -7.78042e-05
6.401 -0.000797981 -7.78475e-05
6.402 -0.000799749 -7.7893e-05
6.403 -0.000801392 -7.79133e-05
6.404 -0.00080291 -7.78956e-05
6.405 -0.000804304 -7.78494e-05
6.406 -0.000805576 -7.78014e-05
6.407 -0.000806726 -7.77797e-05
6.408 -0.000807756 -7.77978e-05
6.409 -0.000808665 -7.78458e-05
6.41 -0.000809453 -7.78967e-05
6.411 -0.000810119 -7.79212e-05
6.412 -0.000810663 -7.79048e-05
6.413 -0.000811084 -7.78562e-05
6.414 -0.000811382 -7.78026e-05
6.415 -0.000811559 -7.77742e-05
6.416 -0.000811615 -7.77872e-05
6.417 -0.000811553 -7.78344e-05
6.418 -0.000811373 -7.78897e-05
6.419 -0.000811077 -7.79224e-05
6.42 -0.000810665 -7.79142e-05
6.421 -0.000810137 -7.78698e-05
6.422 -0.000809491 -7.78137e-05
6.423 -0.000808728 -7.77763e-05
6.424 -0.000807847 -7.77777e-05
6.425 -0.000806847 -7.78165e-05
6.426 -0.000805731 -7.78711e-05
6.427 -0.000804499 -7.79117e-05
6.428 -0.000803153 -7.7917e-05
6.429 -0.000801696 -7.78851e-05
6.43 -0.000800128 -7.78339e-05
6.431 -0.00079845 -7.77911e-05
6.432 -0.000796663 -7.77789e-05
6.433 -0.000794766 -7.78024e-05
6.434 -0.000792758 -7.78478e-05
6.435 -0.000790638 -7.78905e-05
6.436 -0.000788406 -7.79085e-05
6.437 -0.000786064 -7.78935e-05
6.438 -0.000783613 -7.7855e-05
6.439 -0.000781055 -7.78138e-05
6.44 -0.000778392 -7.77908e-05
6.441 -0.000775625 -7.77965e-05
6.442 -0.000772756 -7.7826e-05
6.443 -0.000769785 -7.7863e-05
6.444 -0.000766713 -7.78884e-05
6.445 -0.000763537 -7.78906e-05
6.446 -0.000760259 -7.78702e-05
6.447 -0.000756877 -7.78388e-05
6.448 -0.000753393 -7.78124e-05
6.449 -0.000749807 -7.78032e-05
6.45 -0.000746123 -7.78141e-05
6.451 -0.000742342 -7.78382e-05
6.452 -0.000738466 -7.78629e-05
6.453 -0.000734496 -7.78766e-05
6.454 -0.000730433 -7.78736e-05
6.455 -0.000726277 -7.78565e-05
6.456 -0.000722028 -7.78342e-05
6.457 -0.000717686 -7.78171e-05
6.458 -0.00071325 -7.78127e-05
6.459 -0.000708721 -7.78221e-05
6.46 -0.0007041 -7.78405e-05
6.461 -0.00069939 -7.78589e-05
6.462 -0.000694592 -7.7869e-05
6.463 -0.000689709 -7.78663e-05
6.464 -0.000684742 -7.78523e-05
6.465 -0.000679692 -7.78336e-05
6.466 -0.000674559 -7.7819e-05
6.467 -0.000669344 -7.78155e-05
6.468 -0.000664046 -7.78248e-05
6.469 -0.000658665 -7.78424e-05
6.47 -0.000653201 -7.786e-05
6.471 -0.000647657 -7.78688e-05
6.472 -0.000642033 -7.78645e-05
6.473 -0.000636332 -7.78492e-05
6.474 -0.000630557 -7.78303e-05
6.475 -0.000624709 -7.78174e-05
6.476 -0.000618788 -7.78164e-05
6.477 -0.000612797 -7.78275e-05
6.478 -0.000606734 -7.78444e-05
6.479 -0.0006006 -7.78579e-05
6.48 -0.000594394 -7.78612e-05
6.481 -0.000588118 -7.78533e-05
6.482 -0.000581772 -7.78392e-05
6.483 -0.000575358 -7.78273e-05
6.484 -0.000568879 -7.78239e-05
6.485 -0.000562337 -7.78302e-05
6.486 -0.000555733 -7.78414e-05
6.487 -0.00054907 -7.78499e-05
6.488 -0.000542347 -7.78503e-05
6.489 -0.000535566 -7.78425e-05
6.49 -0.000528726 -7.78317e-05
6.491 -0.000521826 -7.78254e-05
6.492 -0.000514869 -7.78282e-05
6.493 -0.000507854 -7.78387e-05
6.494 -0.000500784 -7.78504e-05
6.495 -0.00049366 -7.78555e-05
6.496 -0.000486485 -7.785e-05
6.497 -0.000479261 -7.78367e-05
6.498 -0.00047199 -7.78235e-05
6.499 -0.000464673 -7.78187e-05
6.5 -0.00045731 -7.78256e-05
6.501 -0.000449901 -7.78401e-05
6.502 -0.000442447 -7.78529e-05
6.503 -0.000434948 -7.78553e-05
6.504 -0.000427405 -7.7845e-05
6.505 -0.00041982 -7.78282e-05
6.506 -0.000412193 -7.78161e-05
6.507 -0.000404529 -7.78178e-05
6.508 -0.000396828 -7.78341e-05
6.509 -0.000389092 -7.78561e-05
6.51 -0.000381324 -7.78695e-05
6.511 -0.000373523 -7.78639e-05
6.512 -0.00036569 -7.78395e-05
6.513 -0.000357826 -7.78087e-05
6.514 -0.000349931 -7.77896e-05
6.515 -0.000342006 -7.77956e-05
6.516 -0.000334052 -7.78266e-05
6.517 -0.000326071 -7.78671e-05
6.518 -0.000318064 -7.78946e-05
6.519 -0.000310035 -7.78916e-05
6.52 -0.000301984 -7.7857e-05
6.521 -0.000293914 -7.78076e-05
6.522 -0.000285825 -7.77705e-05
6.523 -0.000277718 -7.77675e-05
6.524 -0.000269593 -7.78023e-05
6.525 -0.000261452 -7.78576e-05
6.526 -0.000253295 -7.79032e-05
6.527 -0.000245122 -7.7913e-05
6.528 -0.000236937 -7.78799e-05
6.529 -0.00022874 -7.78209e-05
6.53 -0.000220533 -7.77682e-05
6.531 -0.000212319 -7.77516e-05
6.532 -0.000204098 -7.77814e-05
6.533 -0.000195873 -7.78419e-05
6.534 -0.000187643 -7.78997e-05
6.535 -0.00017941 -7.79221e-05
6.536 -0.000171175 -7.78958e-05
6.537 -0.000162937 -7.7835e-05
6.538 -0.000154699 -7.77737e-05
6.539 -0.000146462 -7.77468e-05
6.54 -0.000138226 -7.77702e-05
6.541 -0.000129994 -7.7831e-05
6.542 -0.000121769 -7.78951e-05
6.543 -0.00011355 -7.79255e-05
6.544 -0.000105339 -7.79043e-05
6.545 -9.71386e-05 -7.7843e-05
6.546 -8.89482e-05 -7.77762e-05
6.547 -8.07689e-05 -7.77424e-05
6.548 -7.26017e-05 -7.77619e-05
6.549 -6.44475e-05 -7.78246e-05
6.55 -5.63076e-05 -7.78957e-05
6.551 -4.81834e-05 -7.79348e-05
6.552 -4.00765e-05 -7.79192e-05
6.553 -3.19884e-05 -7.78568e-05
6.554 -2.39205e-05 -7.77822e-05
6.555 -1.58741e-05 -7.77372e-05
6.556 -7.85022e-06 -7.77472e-05
6.557 1.50179e-07 -7.7807e-05
6.558 8.12625e-06 -7.78834e-05
6.559 1.60771e-05 -7.7934e-05
6.56 2.40017e-05 -7.79309e-05
6.561 3.1899e-05 -7.78763e-05
6.562 3.97675e-05 -7.78011e-05
6.563 4.76061e-05 -7.7747e-05
6.564 5.54132e-05 -7.77437e-05
6.565 6.31877e-05 -7.77919e-05
6.566 7.09283e-05 -7.78638e-05
6.567 7.8634e-05 -7.79193e-05
6.568 8.63038e-05 -7.79286e-05
6.569 9.3937e-05 -7.78883e-05
6.57 0.000101533 -7.7823e-05
6.571 0.00010909 -7.77698e-05
6.572 0.000116607 -7.77578e-05
6.573 0.000124084 -7.77914e-05
6.574 0.000131519 -7.78494e-05
6.575 0.000138911 -7.78979e-05
6.576 0.000146258 -7.79101e-05
6.577 0.000153561 -7.78815e-05
6.578 0.000160817 -7.78313e-05
6.579 0.000168027 -7.77901e-05
6.58 0.000175188 -7.77813e-05
6.581 0.0001823 -7.78084e-05
6.582 0.000189363 -7.78531e-05
6.583 0.000196375 -7.78878e-05
6.584 0.000203336 -7.78918e-05
6.585 0.000210244 -7.78641e-05
6.586 0.000217098 -7.78228e-05
6.587 0.000223898 -7.77939e-05
6.588 0.000230642 -7.77951e-05
6.589 0.000237331 -7.78252e-05
6.59 0.000243962 -7.78652e-05
6.591 0.000250535 -7.78902e-05
6.592 0.00025705 -7.78845e-05
6.593 0.000263506 -7.78517e-05
6.594 0.000269901 -7.78119e-05
6.595 0.000276235 -7.77897e-05
6.596 0.000282507 -7.77989e-05
6.597 0.000288717 -7.78345e-05
6.598 0.000294863 -7.7875e-05
6.599 0.000300945 -7.7896e-05
6.6 0.000306962 -7.78847e-05
6.601 0.000312914 -7.78478e-05
6.602 0.000318799 -7.78072e-05
6.603 0.000324618 -7.77873e-05
6.604 0.000330369 -7.77999e-05
6.605 0.000336052 -7.78374e-05
6.606 0.000341665 -7.78771e-05
6.607 0.000347209 -7.78951e-05
6.608 0.000352683 -7.78808e-05
6.609 0.000358086 -7.78431e-05
6.61 0.000363417 -7.78052e-05
6.611 0.000368678 -7.77904e-05
6.612 0.000373866 -7.78078e-05
6.613 0.000378981 -7.78469e-05
6.614 0.000384023 -7.78837e-05
6.615 0.000388991 -7.78954e-05
6.616 0.000393884 -7.78744e-05
6.617 0.000398702 -7.78331e-05
6.618 0.000403443 -7.7797e-05
6.619 0.000408108 -7.77889e-05
6.62 0.000412697 -7.78149e-05
6.621 0.000417208 -7.78603e-05
6.622 0.000421643 -7.78976e-05
6.623 0.000426001 -7.79034e-05
6.624 0.000430282 -7.78725e-05
6.625 0.000434485 -7.78219e-05
6.626 0.00043861 -7.77814e-05
6.627 0.000442655 -7.77761e-05
6.628 0.00044662 -7.78113e-05
6.629 0.000450505 -7.78683e-05
6.63 0.000454309 -7.79144e-05
6.631 0.000458032 -7.79222e-05
6.632 0.000461674 -7.78854e-05
6.633 0.000465235 -7.78233e-05
6.634 0.000468716 -7.7771e-05
6.635 0.000472116 -7.77588e-05
6.636 0.000475436 -7.77953e-05
6.637 0.000478674 -7.78612e-05
6.638 0.000481831 -7.79204e-05
6.639 0.000484906 -7.79392e-05
6.64 0.000487897 -7.79063e-05
6.641 0.000490806 -7.78392e-05
6.642 0.00049363 -7.77747e-05
6.643 0.000496372 -7.77488e-05
6.644 0.000499031 -7.7776e-05
6.645 0.000501607 -7.78417e-05
6.646 0.000504101 -7.79098e-05
6.647 0.000506513 -7.7943e-05
6.648 0.000508843 -7.79233e-05
6.649 0.000511091 -7.78621e-05
6.65 0.000513254 -7.77932e-05
6.651 0.000515334 -7.77545e-05
6.652 0.00051733 -7.77665e-05
6.653 0.000519242 -7.78217e-05
6.654 0.00052107 -7.78889e-05
6.655 0.000522814 -7.79312e-05
6.656 0.000524476 -7.79262e-05
6.657 0.000526055 -7.78781e-05
6.658 0.000527553 -7.78147e-05
6.659 0.000528969 -7.77711e-05
6.66 0.000530304 -7.77705e-05
6.661 0.000531555 -7.78117e-05
6.662 0.000532724 -7.78704e-05
6.663 0.000533809 -7.79137e-05
6.664 0.00053481 -7.79185e-05
6.665 0.000535728 -7.78839e-05
6.666 0.000536563 -7.78308e-05
6.667 0.000537316 -7.77897e-05
6.668 0.000537989 -7.77831e-05
6.669 0.000538581 -7.78132e-05
6.67 0.000539095 -7.78618e-05
6.671 0.000539528 -7.79009e-05
6.672 0.000539881 -7.7909e-05
6.673 0.000540154 -7.78826e-05
6.674 0.000540345 -7.7838e-05
6.675 0.000540455 -7.78009e-05
6.676 0.000540483 -7.77921e-05
6.677 0.00054043 -7.78157e-05
6.678 0.000540297 -7.78577e-05
6.679 0.000540086 -7.78937e-05
6.68 0.000539798 -7.79038e-05
6.681 0.000539433 -7.78828e-05
6.682 0.000538992 -7.78431e-05
6.683 0.000538475 -7.78074e-05
6.684 0.000537881 -7.77956e-05
6.685 0.000537209 -7.78138e-05
6.686 0.000536459 -7.78517e-05
6.687 0.000535631 -7.78881e-05
6.688 0.000534726 -7.79032e-05
6.689 0.000533743 -7.78892e-05
6.69 0.000532686 -7.78541e-05
6.691 0.000531555 -7.78174e-05
6.692 0.000530351 -7.77987e-05
6.693 0.000529076 -7.78076e-05
6.694 0.000527729 -7.78389e-05
6.695 0.00052631 -7.78756e-05
6.696 0.000524818 -7.78983e-05
6.697 0.000523253 -7.78955e-05
6.698 0.000521615 -7.78693e-05
6.699 0.000519904 -7.7834e-05
6.7 0.000518121 -7.78079e-05
6.701 0.000516266 -7.7804e-05
6.702 0.000514342 -7.78238e-05
6.703 0.00051235 -7.78564e-05
6.704 0.000510292 -7.78852e-05
6.705 0.000508167 -7.7896e-05
6.706 0.000505976 -7.78841e-05
6.707 0.000503719 -7.78564e-05
6.708 0.000501394 -7.7827e-05
6.709 0.000499003 -7.78103e-05
6.71 0.000496543 -7.78139e-05
6.711 0.000494017 -7.78351e-05
6.712 0.000491426 -7.78631e-05
6.713 0.00048877 -7.78841e-05
6.714 0.000486051 -7.78887e-05
6.715 0.000483271 -7.78754e-05
6.716 0.000480431 -7.78516e-05
6.717 0.000477531 -7.78288e-05
6.718 0.000474572 -7.78177e-05
6.719 0.000471552 -7.78229e-05
6.72 0.000468473 -7.78409e-05
6.721 0.000465332 -7.78627e-05
6.722 0.000462131 -7.78778e-05
6.723 0.000458871 -7.78795e-05
6.724 0.000455553 -7.78679e-05
6.725 0.000452178 -7.78491e-05
6.726 0.000448748 -7.78323e-05
6.727 0.000445265 -7.78254e-05
6.728 0.000441728 -7.7831e-05
6.729 0.00043814 -7.7846e-05
6.73 0.000434498 -7.78627e-05
6.731 0.000430804 -7.78731e-05
6.732 0.000427056 -7.78726e-05
6.733 0.000423256 -7.78619e-05
6.734 0.000419404 -7.78462e-05
6.735 0.0004155 -7.7833e-05
6.736 0.000411547 -7.7828e-05
6.737 0.000407547 -7.78332e-05
6.738 0.000403499 -7.78455e-05
6.739 0.000399407 -7.78592e-05
6.74 0.000395269 -7.78683e-05
6.741 0.000391087 -7.78692e-05
6.742 0.00038686 -7.78621e-05
6.743 0.000382588 -7.78506e-05
6.744 0.000378271 -7.78396e-05
6.745 0.00037391 -7.78332e-05
6.746 0.000369506 -7.78336e-05
6.747 0.000365059 -7.78398e-05
6.748 0.000360573 -7.78492e-05
6.749 0.000356048 -7.78579e-05
6.75 0.000351485 -7.78628e-05
6.751 0.000346885 -7.78624e-05
6.752 0.00034225 -7.7857e-05
6.753 0.000337578 -7.78488e-05
6.754 0.000332869 -7.7841e-05
6.755 0.000328125 -7.78366e-05
6.756 0.000323345 -7.78375e-05
6.757 0.00031853 -7.78433e-05
6.758 0.000313682 -7.78512e-05
6.759 0.000308801 -7.78576e-05
6.76 0.00030389 -7.78592e-05
6.761 0.00029895 -7.78547e-05
6.762 0.000293981 -7.78462e-05
6.763 0.000288985 -7.7838e-05
6.764 0.000283961 -7.78346e-05
6.765 0.00027891 -7.78382e-05
6.766 0.000273831 -7.78473e-05
6.767 0.000268726 -7.78572e-05
6.768 0.000263595 -7.78623e-05
6.769 0.00025844 -7.78592e-05
6.77 0.000253261 -7.78489e-05
6.771 0.00024806 -7.78367e-05
6.772 0.000242839 -7.78295e-05
6.773 0.000237599 -7.78317e-05
6.774 0.000232339 -7.78426e-05
6.775 0.000227062 -7.78566e-05
6.776 0.000221766 -7.78657e-05
6.777 0.000216452 -7.78645e-05
6.778 0.000211121 -7.7853e-05
6.779 0.000205772 -7.78376e-05
6.78 0.000200408 -7.78269e-05
6.781 0.000195029 -7.78274e-05
6.782 0.000189638 -7.7839e-05
6.783 0.000184235 -7.78552e-05
6.784 0.000178822 -7.78664e-05
6.785 0.0001734 -7.78658e-05
6.786 0.000167969 -7.78534e-05
6.787 0.000162529 -7.78365e-05
6.788 0.00015708 -7.78256e-05
6.789 0.000151624 -7.78277e-05
6.79 0.000146159 -7.78421e-05
6.791 0.000140688 -7.78601e-05
6.792 0.000135211 -7.78702e-05
6.793 0.00012973 -7.78648e-05
6.794 0.000124246 -7.7846e-05
6.795 0.000118762 -7.78245e-05
6.796 0.000113277 -7.78141e-05
6.797 0.000107793 -7.78229e-05
6.798 0.000102309 -7.78479e-05
6.799 9.68271e-05 -7.78754e-05
6.8 9.13458e-05 -7.78886e-05
6.801 8.58661e-05 -7.78775e-05
6.802 8.03886e-05 -7.78457e-05
6.803 7.49146e-05 -7.78099e-05
6.804 6.94454e-05 -7.77906e-05
6.805 6.39826e-05 -7.78009e-05
6.806 5.85276e-05 -7.78377e-05
6.807 5.30814e-05 -7.7882e-05
6.808 4.76449e-05 -7.79089e-05
6.809 4.22183e-05 -7.79016e-05
6.81 3.68018e-05 -7.78616e-05
6.811 3.13955e-05 -7.78094e-05
6.812 2.59997e-05 -7.77737e-05
6.813 2.06151e-05 -7.77755e-05
6.814 1.52427e-05 -7.7816e-05
6.815 9.88376e-06 -7.78742e-05
6.816 4.53986e-06 -7.79183e-05
6.817 -7.87604e-07 -7.7923e-05
6.818 -6.09744e-06 -7.7884e-05
6.819 -1.13889e-05 -7.78216e-05
6.82 -1.66615e-05 -7.777e-05
6.821 -2.19152e-05 -7.77584e-05
6.822 -2.71499e-05 -7.77944e-05
6.823 -3.23656e-05 -7.78587e-05
6.824 -3.75618e-05 -7.79159e-05
6.825 -4.27376e-05 -7.79333e-05
6.826 -4.78919e-05 -7.79004e-05
6.827 -5.30233e-05 -7.78345e-05
6.828 -5.81301e-05 -7.77723e-05
6.829 -6.32112e-05 -7.7749e-05
6.83 -6.82656e-05 -7.77785e-05
6.831 -7.32928e-05 -7.78451e-05
6.832 -7.82927e-05 -7.79119e-05
6.833 -8.32653e-05 -7.7941e-05
6.834 -8.82108e-05 -7.79153e-05
6.835 -9.31288e-05 -7.78486e-05
6.836 -9.8019e-05 -7.77777e-05
6.837 -0.00010288 -7.77425e-05
6.838 -0.000107711 -7.77631e-05
6.839 -0.000112511 -7.78286e-05
6.84 -0.000117277 -7.79026e-05
6.841 -0.000122009 -7.79437e-05
6.842 -0.000126707 -7.79288e-05
6.843 -0.00013137 -7.78661e-05
6.844 -0.000135998 -7.77905e-05
6.845 -0.000140592 -7.7744e-05
6.846 -0.00014515 -7.77521e-05
6.847 -0.000149674 -7.78099e-05
6.848 -0.000154163 -7.78848e-05
6.849 -0.000158614 -7.79349e-05
6.85 -0.000163028 -7.7933e-05
6.851 -0.000167403 -7.78812e-05
6.852 -0.000171737 -7.78095e-05
6.853 -0.00017603 -7.7758e-05
6.854 -0.000180282 -7.77546e-05
6.855 -0.000184492 -7.77996e-05
6.856 -0.000188661 -7.78659e-05
6.857 -0.000192789 -7.79155e-05
6.858 -0.000196877 -7.79212e-05
6.859 -0.000200922 -7.78815e-05
6.86 -0.000204926 -7.78209e-05
6.861 -0.000208886 -7.7775e-05
6.862 -0.000212802 -7.77693e-05
6.863 -0.000216672 -7.78054e-05
6.864 -0.000220496 -7.78604e-05
6.865 -0.000224273 -7.79013e-05
6.866 -0.000228003 -7.79046e-05
6.867 -0.000231688 -7.78696e-05
6.868 -0.000235325 -7.78185e-05
6.869 -0.000238917 -7.77824e-05
6.87 -0.000242462 -7.77827e-05
6.871 -0.000245961 -7.78187e-05
6.872 -0.000249411 -7.7868e-05
6.873 -0.000252813 -7.79003e-05
6.874 -0.000256165 -7.78961e-05
6.875 -0.000259466 -7.78577e-05
6.876 -0.000262717 -7.78081e-05
6.877 -0.000265917 -7.77774e-05
6.878 -0.000269067 -7.77841e-05
6.879 -0.000272166 -7.78248e-05
6.88 -0.000275215 -7.78754e-05
6.881 -0.000278215 -7.79058e-05
6.882 -0.000281163 -7.78978e-05
6.883 -0.000284061 -7.78556e-05
6.884 -0.000286906 -7.78037e-05
6.885 -0.000289699 -7.77724e-05
6.886 -0.000292438 -7.77802e-05
6.887 -0.000295123 -7.78227e-05
6.888 -0.000297754 -7.78752e-05
6.889 -0.000300333 -7.79073e-05
6.89 -0.000302858 -7.79006e-05
6.891 -0.00030533 -7.78591e-05
6.892 -0.00030775 -7.7807e-05
6.893 -0.000310117 -7.77744e-05
6.894 -0.00031243 -7.77797e-05
6.895 -0.000314689 -7.78193e-05
6.896 -0.000316894 -7.78698e-05
6.897 -0.000319043 -7.79017e-05
6.898 -0.000321137 -7.78972e-05
6.899 -0.000323175 -7.78594e-05
6.9 -0.000325158 -7.7811e-05
6.901 -0.000327086 -7.77801e-05
6.902 -0.00032896 -7.77843e-05
6.903 -0.000330779 -7.78204e-05
6.904 -0.000332545 -7.78668e-05
6.905 -0.000334255 -7.78962e-05
6.906 -0.00033591 -7.7892e-05
6.907 -0.00033751 -7.78574e-05
6.908 -0.000339054 -7.7813e-05
6.909 -0.000340542 -7.77849e-05
6.91 -0.000341974 -7.7789e-05
6.911 -0.00034335 -7.78223e-05
6.912 -0.000344671 -7.78651e-05
6.913 -0.000345937 -7.78924e-05
6.914 -0.000347148 -7.78891e-05
6.915 -0.000348305 -7.78577e-05
6.916 -0.000349406 -7.7817e-05
6.917 -0.000350452 -7.77903e-05
6.918 -0.000351443 -7.77922e-05
6.919 -0.000352378 -7.78207e-05
6.92 -0.000353257 -7.78587e-05
6.921 -0.000354081 -7.78847e-05
6.922 -0.00035485 -7.7885e-05
6.923 -0.000355564 -7.78609e-05
6.924 -0.000356224 -7.78275e-05
6.925 -0.00035683 -7.78036e-05
6.926 -0.000357381 -7.78016e-05
6.927 -0.000357879 -7.78205e-05
6.928 -0.000358321 -7.7848e-05
6.929 -0.000358709 -7.78683e-05
6.93 -0.000359043 -7.78714e-05
6.931 -0.000359322 -7.78581e-05
6.932 -0.000359547 -7.78384e-05
6.933 -0.000359719 -7.78242e-05
6.934 -0.000359838 -7.78221e-05
6.935 -0.000359904 -7.78306e-05
6.936 -0.000359917 -7.78419e-05
6.937 -0.000359878 -7.78482e-05
6.938 -0.000359786 -7.78469e-05
6.939 -0.000359641 -7.78418e-05
6.94 -0.000359443 -7.78389e-05
6.941 -0.000359193 -7.78422e-05
6.942 -0.00035889 -7.78494e-05
6.943 -0.000358535 -7.78539e-05
6.944 -0.00035813 -7.78498e-05
6.945 -0.000357673 -7.78369e-05
6.946 -0.000357166 -7.78223e-05
6.947 -0.00035661 -7.78164e-05
6.948 -0.000356003 -7.78259e-05
6.949 -0.000355346 -7.78485e-05
6.95 -0.000354639 -7.78723e-05
6.951 -0.000353881 -7.78825e-05
6.952 -0.000353073 -7.78703e-05
6.953 -0.000352215 -7.78397e-05
6.954 -0.000351308 -7.78067e-05
6.955 -0.000350353 -7.77905e-05
6.956 -0.00034935 -7.78028e-05
6.957 -0.0003483 -7.78392e-05
6.958 -0.000347203 -7.78808e-05
6.959 -0.00034606 -7.7904e-05
6.96 -0.00034487 -7.7894e-05
6.961 -0.000343632 -7.78545e-05
6.962 -0.000342348 -7.78064e-05
6.963 -0.000341017 -7.77767e-05
6.964 -0.000339639 -7.77832e-05
6.965 -0.000338215 -7.78237e-05
6.966 -0.000336747 -7.78762e-05
6.967 -0.000335234 -7.79111e-05
6.968 -0.000333678 -7.7908e-05
6.969 -0.000332079 -7.78676e-05
6.97 -0.000330437 -7.78123e-05
6.971 -0.000328752 -7.77736e-05
6.972 -0.000327024 -7.77742e-05
6.973 -0.000325253 -7.78146e-05
6.974 -0.000323438 -7.78722e-05
6.975 -0.000321582 -7.79143e-05
6.976 -0.000319683 -7.79163e-05
6.977 -0.000317744 -7.78763e-05
6.978 -0.000315765 -7.78169e-05
6.979 -0.000313747 -7.77719e-05
6.98 -0.00031169 -7.77674e-05
6.981 -0.000309594 -7.78064e-05
6.982 -0.000307459 -7.78667e-05
6.983 -0.000305286 -7.79139e-05
6.984 -0.000303074 -7.79206e-05
6.985 -0.000300823 -7.78829e-05
6.986 -0.000298535 -7.78226e-05
6.987 -0.000296209 -7.77746e-05
6.988 -0.000293847 -7.77669e-05
6.989 -0.00029145 -7.78043e-05
6.99 -0.000289018 -7.78652e-05
6.991 -0.000286553 -7.79143e-05
6.992 -0.000284053 -7.79228e-05
6.993 -0.000281519 -7.78853e-05
6.994 -0.000278952 -7.78231e-05
6.995 -0.000276351 -7.77721e-05
6.996 -0.000273716 -7.77621e-05
6.997 -0.000271049 -7.77994e-05
6.998 -0.000268349 -7.78631e-05
6.999 -0.000265618 -7.79171e-05
7 -0.000262856 -7.79305e-05
7.001 -0.000260065 -7.78955e-05
7.002 -0.000257245 -7.7832e-05
7.003 -0.000254396 -7.77759e-05
7.004 -0.000251519 -7.77589e-05
7.005 -0.000248612 -7.77901e-05
7.006 -0.000245678 -7.78513e-05
7.007 -0.000242715 -7.79078e-05
7.008 -0.000239725 -7.79278e-05
7.009 -0.000236708 -7.7901e-05
7.01 -0.000233665 -7.78437e-05
7.011 -0.000230598 -7.77891e-05
7.012 -0.000227506 -7.77681e-05
7.013 -0.000224391 -7.77916e-05
7.014 -0.000221253 -7.78446e-05
7.015 -0.000218091 -7.7896e-05
7.016 -0.000214906 -7.79164e-05
7.017 -0.000211698 -7.78953e-05
7.018 -0.000208468 -7.78464e-05
7.019 -0.000205216 -7.77992e-05
7.02 -0.000201942 -7.77811e-05
7.021 -0.000198649 -7.78017e-05
7.022 -0.000195336 -7.78475e-05
7.023 -0.000192006 -7.78906e-05
7.024 -0.000188658 -7.79056e-05
7.025 -0.000185292 -7.78843e-05
7.026 -0.000181909 -7.78405e-05
7.027 -0.000178508 -7.78009e-05
7.028 -0.000175091 -7.77894e-05
7.029 -0.000171657 -7.78123e-05
7.03 -0.000168207 -7.78552e-05
7.031 -0.000164741 -7.78917e-05
7.032 -0.000161262 -7.78996e-05
7.033 -0.000157769 -7.78745e-05
7.034 -0.000154264 -7.78318e-05
7.035 -0.000150747 -7.77981e-05
7.036 -0.000147219 -7.77944e-05
7.037 -0.000143679 -7.78233e-05
7.038 -0.000140128 -7.78675e-05
7.039 -0.000136567 -7.78998e-05
7.04 -0.000132995 -7.78999e-05
7.041 -0.000129413 -7.78666e-05
7.042 -0.000125822 -7.78191e-05
7.043 -0.000122223 -7.77863e-05
7.044 -0.000118617 -7.77888e-05
7.045 -0.000115005 -7.78269e-05
7.046 -0.000111386 -7.78793e-05
7.047 -0.000107762 -7.79154e-05
7.048 -0.000104133 -7.79129e-05
7.049 -0.000100499 -7.78717e-05
7.05 -9.68595e-05 -7.78141e-05
7.051 -9.32162e-05 -7.77731e-05
7.052 -8.95694e-05 -7.77729e-05
7.053 -8.592e-05 -7.78152e-05
7.054 -8.22688e-05 -7.78772e-05
7.055 -7.86166e-05 -7.79242e-05
7.056 -7.49642e-05 -7.79293e-05
7.057 -7.1312e-05 -7.78888e-05
7.058 -6.76603e-05 -7.78247e-05
7.059 -6.40092e-05 -7.77724e-05
7.06 -6.0359e-05 -7.7761e-05
7.061 -5.671e-05 -7.77972e-05
7.062 -5.30627e-05 -7.7861e-05
7.063 -4.9418e-05 -7.7917e-05
7.064 -4.57768e-05 -7.79344e-05
7.065 -4.21399e-05 -7.79039e-05
7.066 -3.85083e-05 -7.78429e-05
7.067 -3.48827e-05 -7.77855e-05
7.068 -3.12633e-05 -7.77635e-05
7.069 -2.76504e-05 -7.77884e-05
7.07 -2.40442e-05 -7.78458e-05
7.071 -2.04447e-05 -7.79032e-05
7.072 -1.68523e-05 -7.79287e-05
7.073 -1.32675e-05 -7.79088e-05
7.074 -9.69099e-06 -7.78555e-05
7.075 -6.12381e-06 -7.7799e-05
7.076 -2.56689e-06 -7.77711e-05
7.077 9.78926e-07 -7.77865e-05
7.078 4.51299e-06 -7.7836e-05
7.079 8.0349e-06 -7.78912e-05
7.08 1.15445e-05 -7.79212e-05
7.081 1.50417e-05 -7.79098e-05
7.082 1.85265e-05 -7.78641e-05
7.083 2.19987e-05 -7.78103e-05
7.084 2.54576e-05 -7.77784e-05
7.085 2.89027e-05 -7.77859e-05
7.086 3.2333e-05 -7.78277e-05
7.087 3.57475e-05 -7.78801e-05
7.088 3.91455e-05 -7.79137e-05
7.089 4.25262e-05 -7.79105e-05
7.09 4.58893e-05 -7.7873e-05
7.091 4.92346e-05 -7.78229e-05
7.092 5.25622e-05 -7.7788e-05
7.093 5.58719e-05 -7.77871e-05
7.094 5.91637e-05 -7.78199e-05
7.095 6.24371e-05 -7.78671e-05
7.096 6.56915e-05 -7.79024e-05
7.097 6.89262e-05 -7.79067e-05
7.098 7.21402e-05 -7.78783e-05
7.099 7.53327e-05 -7.78341e-05
7.1 7.85031e-05 -7.77987e-05
7.101 8.16509e-05 -7.77916e-05
7.102 8.47762e-05 -7.78159e-05
7.103 8.78787e-05 -7.78572e-05
7.104 9.09585e-05 -7.78922e-05
7.105 9.40155e-05 -7.79016e-05
7.106 9.70494e-05 -7.78807e-05
7.107 0.00010006 -7.78417e-05
7.108 0.000103045 -7.78065e-05
7.109 0.000106006 -7.77945e-05
7.11 0.000108941 -7.7812e-05
7.111 0.00011185 -7.78489e-05
7.112 0.000114731 -7.78848e-05
7.113 0.000117586 -7.78999e-05
7.114 0.000120414 -7.78862e-05
7.115 0.000123215 -7.78512e-05
7.116 0.00012599 -7.7814e-05
7.117 0.000128737 -7.77945e-05
7.118 0.000131456 -7.78031e-05
7.119 0.000134147 -7.78348e-05
7.12 0.000136809 -7.78727e-05
7.121 0.000139442 -7.78969e-05
7.122 0.000142044 -7.78948e-05
7.123 0.000144616 -7.78679e-05
7.124 0.000147158 -7.78304e-05
7.125 0.000149669 -7.78018e-05
7.126 0.00015215 -7.77963e-05
7.127 0.0001546 -7.78163e-05
7.128 0.00015702 -7.7851e-05
7.129 0.000159409 -7.78826e-05
7.13 0.000161767 -7.78953e-05
7.131 0.000164092 -7.78834e-05
7.132 0.000166385 -7.78536e-05
7.133 0.000168646 -7.78212e-05
7.134 0.000170873 -7.78023e-05
7.135 0.000173066 -7.78054e-05
7.136 0.000175227 -7.7828e-05
7.137 0.000177354 -7.78581e-05
7.138 0.000179448 -7.78808e-05
7.139 0.000181508 -7.78854e-05
7.14 0.000183535 -7.78707e-05
7.141 0.000185528 -7.78448e-05
7.142 0.000187487 -7.78208e-05
7.143 0.000189411 -7.78101e-05
7.144 0.000191301 -7.78171e-05
7.145 0.000193155 -7.78372e-05
7.146 0.000194975 -7.786e-05
7.147 0.000196759 -7.78744e-05
7.148 0.000198508 -7.78742e-05
7.149 0.000200221 -7.78603e-05
7.15 0.000201899 -7.78404e-05
7.151 0.000203541 -7.78243e-05
7.152 0.000205148 -7.78196e-05
7.153 0.000206719 -7.78277e-05
7.154 0.000208254 -7.78438e-05
7.155 0.000209752 -7.78597e-05
7.156 0.000211215 -7.78678e-05
7.157 0.000212641 -7.78645e-05
7.158 0.000214031 -7.78522e-05
7.159 0.000215384 -7.78373e-05
7.16 0.000216701 -7.78271e-05
7.161 0.000217982 -7.78263e-05
7.162 0.000219226 -7.78347e-05
7.163 0.000220433 -7.78478e-05
7.164 0.000221603 -7.78591e-05
7.165 0.000222736 -7.78632e-05
7.166 0.000223833 -7.78584e-05
7.167 0.000224892 -7.78474e-05
7.168 0.000225915 -7.78357e-05
7.169 0.000226902 -7.78288e-05
7.17 0.000227851 -7.78298e-05
7.171 0.000228764 -7.7838e-05
7.172 0.00022964 -7.78492e-05
7.173 0.000230479 -7.78581e-05
7.174 0.00023128 -7.78606e-05
7.175 0.000232045 -7.78556e-05
7.176 0.000232772 -7.78457e-05
7.177 0.000233463 -7.78355e-05
7.178 0.000234117 -7.78298e-05
7.179 0.000234735 -7.7831e-05
7.18 0.000235316 -7.78383e-05
7.181 0.000235861 -7.78483e-05
7.182 0.00023637 -7.78564e-05
7.183 0.000236842 -7.78589e-05
7.184 0.000237277 -7.78548e-05
7.185 0.000237676 -7.7846e-05
7.186 0.000238037 -7.78366e-05
7.187 0.000238362 -7.78306e-05
7.188 0.00023865 -7.78307e-05
7.189 0.000238903 -7.78367e-05
7.19 0.00023912 -7.78457e-05
7.191 0.000239302 -7.78538e-05
7.192 0.000239449 -7.78576e-05
7.193 0.00023956 -7.78555e-05
7.194 0.000239636 -7.78487e-05
7.195 0.000239676 -7.78402e-05
7.196 0.00023968 -7.78335e-05
7.197 0.000239648 -7.78313e-05
7.198 0.00023958 -7.78343e-05
7.199 0.000239478 -7.7841e-05
7.2 0.00023934 -7.78484e-05
7.201 0.000239169 -7.78535e-05
7.202 0.000238964 -7.78543e-05
7.203 0.000238724 -7.78507e-05
7.204 0.000238452 -7.78445e-05
7.205 0.000238145 -7.78382e-05
7.206 0.000237803 -7.78344e-05
7.207 0.000237428 -7.78345e-05
7.208 0.000237018 -7.78383e-05
7.209 0.000236574 -7.78441e-05
7.21 0.000236096 -7.78495e-05
7.211 0.000235586 -7.78523e-05
7.212 0.000235044 -7.78512e-05
7.213 0.000234469 -7.78468e-05
7.214 0.000233863 -7.78408e-05
7.215 0.000233225 -7.78358e-05
7.216 0.000232555 -7.78339e-05
7.217 0.000231852 -7.7836e-05
7.218 0.000231117 -7.78414e-05
7.219 0.00023035 -7.78477e-05
7.22 0.000229551 -7.78523e-05
7.221 0.00022872 -7.7853e-05
7.222 0.000227859 -7.78494e-05
7.223 0.000226968 -7.78431e-05
7.224 0.000226048 -7.78369e-05
7.225 0.000225098 -7.78334e-05
7.226 0.000224119 -7.78341e-05
7.227 0.00022311 -7.78385e-05
7.228 0.000222071 -7.78443e-05
7.229 0.000221002 -7.78487e-05
7.23 0.000219903 -7.78498e-05
7.231 0.000218775 -7.78475e-05
7.232 0.000217617 -7.78433e-05
7.233 0.000216432 -7.78398e-05
7.234 0.00021522 -7.78385e-05
7.235 0.000213981 -7.78397e-05
7.236 0.000212715 -7.7842e-05
7.237 0.000211423 -7.78436e-05
7.238 0.000210105 -7.78432e-05
7.239 0.000208759 -7.78413e-05
7.24 0.000207386 -7.78396e-05
7.241 0.000205985 -7.784e-05
7.242 0.000204557 -7.78427e-05
7.243 0.000203103 -7.78466e-05
7.244 0.000201624 -7.78489e-05
7.245 0.000200121 -7.78475e-05
7.246 0.000198594 -7.78421e-05
7.247 0.000197044 -7.78354e-05
7.248 0.000195472 -7.78312e-05
7.249 0.000193876 -7.78328e-05
7.25 0.000192256 -7.78403e-05
7.251 0.000190612 -7.78502e-05
7.252 0.000188944 -7.78569e-05
7.253 0.000187251 -7.78559e-05
7.254 0.000185535 -7.78466e-05
7.255 0.000183797 -7.78334e-05
7.256 0.000182037 -7.78236e-05
7.257 0.000180257 -7.78235e-05
7.258 0.000178458 -7.78341e-05
7.259 0.000176639 -7.78506e-05
7.26 0.000174801 -7.78638e-05
7.261 0.000172943 -7.78656e-05
7.262 0.000171064 -7.78537e-05
7.263 0.000169165 -7.78335e-05
7.264 0.000167245 -7.78161e-05
7.265 0.000165304 -7.78117e-05
7.266 0.000163345 -7.78243e-05
7.267 0.000161367 -7.78481e-05
7.268 0.000159372 -7.78704e-05
7.269 0.000157361 -7.78782e-05
7.27 0.000155334 -7.78659e-05
7.271 0.000153292 -7.7839e-05
7.272 0.000151235 -7.78118e-05
7.273 0.000149161 -7.77999e-05
7.274 0.000147069 -7.78112e-05
7.275 0.000144961 -7.78407e-05
7.276 0.000142836 -7.78726e-05
7.277 0.000140695 -7.78886e-05
7.278 0.000138539 -7.78786e-05
7.279 0.000136369 -7.78466e-05
7.28 0.000134188 -7.781e-05
7.281 0.000131994 -7.77895e-05
7.282 0.000129789 -7.77982e-05
7.283 0.000127573 -7.78328e-05
7.284 0.000125345 -7.78748e-05
7.285 0.000123104 -7.79005e-05
7.286 0.00012085 -7.78939e-05
7.287 0.000118582 -7.78568e-05
7.288 0.000116302 -7.78088e-05
7.289 0.000114011 -7.77769e-05
7.29 0.000111709 -7.77803e-05
7.291 0.000109399 -7.78195e-05
7.292 0.000107081 -7.78742e-05
7.293 0.000104756 -7.79141e-05
7.294 0.000102424 -7.79159e-05
7.295 0.000100084 -7.78764e-05
7.296 9.77364e-05 -7.78157e-05
7.297 9.53798e-05 -7.77669e-05
7.298 9.30141e-05 -7.77578e-05
7.299 9.06396e-05 -7.77952e-05
7.3 8.82571e-05 -7.78603e-05
7.301 8.58679e-05 -7.7918e-05
7.302 8.34734e-05 -7.7936e-05
7.303 8.10749e-05 -7.79034e-05
7.304 7.86734e-05 -7.78366e-05
7.305 7.62693e-05 -7.77718e-05
7.306 7.38622e-05 -7.77447e-05
7.307 7.14517e-05 -7.77708e-05
7.308 6.9037e-05 -7.78367e-05
7.309 6.66176e-05 -7.79065e-05
7.31 6.41936e-05 -7.79419e-05
7.311 6.17652e-05 -7.79233e-05
7.312 5.93337e-05 -7.78607e-05
7.313 5.69004e-05 -7.77885e-05
7.314 5.44666e-05 -7.77466e-05
7.315 5.20336e-05 -7.77581e-05
7.316 4.9602e-05 -7.78163e-05
7.317 4.7172e-05 -7.78889e-05
7.318 4.47432e-05 -7.79354e-05
7.319 4.23148e-05 -7.79304e-05
7.32 3.98862e-05 -7.78771e-05
7.321 3.74572e-05 -7.78058e-05
7.322 3.5028e-05 -7.77566e-05
7.323 3.25992e-05 -7.77566e-05
7.324 3.0172e-05 -7.78051e-05
7.325 2.7748e-05 -7.78743e-05
7.326 2.53282e-05 -7.79249e-05
7.327 2.29138e-05 -7.7929e-05
7.328 2.0505e-05 -7.78851e-05
7.329 1.81018e-05 -7.78189e-05
7.33 1.57036e-05 -7.77684e-05
7.331 1.33098e-05 -7.77617e-05
7.332 1.09198e-05 -7.78015e-05
7.333 8.53369e-06 -7.78642e-05
7.334 6.15182e-06 -7.79134e-05
7.335 3.77514e-06 -7.79213e-05
7.336 1.40491e-06 -7.78845e-05
7.337 -9.57588e-07 -7.78253e-05
7.338 -3.31131e-06 -7.77785e-05
7.339 -5.65566e-06 -7.77708e-05
7.34 -7.99054e-06 -7.78058e-05
7.341 -1.03163e-05 -7.78621e-05
7.342 -1.26335e-05 -7.79062e-05
7.343 -1.49426e-05 -7.79125e-05
7.344 -1.72439e-05 -7.78778e-05
7.345 -1.95371e-05 -7.78233e-05
7.346 -2.18214e-05 -7.77817e-05
7.347 -2.4096e-05 -7.77776e-05
7.348 -2.63594e-05 -7.78133e-05
7.349 -2.86107e-05 -7.78675e-05
7.35 -3.08493e-05 -7.79078e-05
7.351 -3.30748e-05 -7.79102e-05
7.352 -3.52875e-05 -7.78731e-05
7.353 -3.7488e-05 -7.78183e-05
7.354 -3.96766e-05 -7.77782e-05
7.355 -4.18538e-05 -7.77767e-05
7.356 -4.40194e-05 -7.78149e-05
7.357 -4.61729e-05 -7.78707e-05
7.358 -4.83133e-05 -7.79115e-05
7.359 -5.04395e-05 -7.79134e-05
7.36 -5.25505e-05 -7.78752e-05
7.361 -5.46455e-05 -7.7819e-05
7.362 -5.67243e-05 -7.77775e-05
7.363 -5.87868e-05 -7.77746e-05
7.364 -6.08338e-05 -7.78118e-05
7.365 -6.28655e-05 -7.78674e-05
7.366 -6.48825e-05 -7.79091e-05
7.367 -6.68848e-05 -7.79131e-05
7.368 -6.88719e-05 -7.78777e-05
7.369 -7.08432e-05 -7.78239e-05
7.37 -7.27976e-05 -7.77833e-05
7.371 -7.47342e-05 -7.77792e-05
7.372 -7.6652e-05 -7.78132e-05
7.373 -7.85509e-05 -7.78647e-05
7.374 -8.04308e-05 -7.79032e-05
7.375 -8.2292e-05 -7.79066e-05
7.376 -8.41351e-05 -7.78734e-05
7.377 -8.59605e-05 -7.78241e-05
7.378 -8.77683e-05 -7.7788e-05
7.379 -8.95583e-05 -7.77865e-05
7.38 -9.133e-05 -7.782e-05
7.381 -9.30823e-05 -7.78681e-05
7.382 -9.48146e-05 -7.79019e-05
7.383 -9.65261e-05 -7.79014e-05
7.384 -9.82163e-05 -7.7867e-05
7.385 -9.98854e-05 -7.78194e-05
7.386 -0.000101533 -7.7787e-05
7.387 -0.000103161 -7.77892e-05
7.388 -0.000104769 -7.78247e-05
7.389 -0.000106356 -7.78726e-05
7.39 -0.000107924 -7.79044e-05
7.391 -0.000109471 -7.79015e-05
7.392 -0.000110996 -7.78654e-05
7.393 -0.0001125 -7.78175e-05
7.394 -0.000113981 -7.77859e-05
7.395 -0.000115439 -7.77889e-05
7.396 -0.000116874 -7.78246e-05
7.397 -0.000118286 -7.78721e-05
7.398 -0.000119677 -7.79035e-05
7.399 -0.000121045 -7.7901e-05
7.4 -0.000122392 -7.78665e-05
7.401 -0.000123717 -7.78204e-05
7.402 -0.00012502 -7.77898e-05
7.403 -0.0001263 -7.77918e-05
7.404 -0.000127556 -7.78246e-05
7.405 -0.000128789 -7.78684e-05
7.406 -0.000129997 -7.78975e-05
7.407 -0.000131181 -7.78956e-05
7.408 -0.000132341 -7.78648e-05
7.409 -0.000133477 -7.7824e-05
7.41 -0.000134591 -7.77975e-05
7.411 -0.000135681 -7.78002e-05
7.412 -0.000136749 -7.78294e-05
7.413 -0.000137794 -7.7867e-05
7.414 -0.000138814 -7.78905e-05
7.415 -0.00013981 -7.78866e-05
7.416 -0.000140782 -7.78588e-05
7.417 -0.000141728 -7.78245e-05
7.418 -0.000142649 -7.78046e-05
7.419 -0.000143546 -7.78103e-05
7.42 -0.000144418 -7.78371e-05
7.421 -0.000145267 -7.7868e-05
7.422 -0.000146092 -7.78839e-05
7.423 -0.000146894 -7.7876e-05
7.424 -0.000147672 -7.78502e-05
7.425 -0.000148425 -7.78233e-05
7.426 -0.000149153 -7.78121e-05
7.427 -0.000149855 -7.78233e-05
7.428 -0.000150533 -7.78488e-05
7.429 -0.000151185 -7.78718e-05
7.43 -0.000151812 -7.78772e-05
7.431 -0.000152415 -7.78614e-05
7.432 -0.000152995 -7.78348e-05
7.433 -0.000153551 -7.7815e-05
7.434 -0.000154083 -7.78157e-05
7.435 -0.00015459 -7.78374e-05
7.436 -0.000155074 -7.78668e-05
7.437 -0.000155532 -7.78848e-05
7.438 -0.000155964 -7.78786e-05
7.439 -0.000156372 -7.78504e-05
7.44 -0.000156754 -7.78168e-05
7.441 -0.000157111 -7.77991e-05
7.442 -0.000157445 -7.781e-05
7.443 -0.000157755 -7.78451e-05
7.444 -0.000158042 -7.78844e-05
7.445 -0.000158305 -7.79037e-05
7.446 -0.000158545 -7.78895e-05
7.447 -0.00015876 -7.78478e-05
7.448 -0.000158951 -7.78017e-05
7.449 -0.000159117 -7.77785e-05
7.45 -0.000159258 -7.77936e-05
7.451 -0.000159374 -7.78407e-05
7.452 -0.000159466 -7.78941e-05
7.453 -0.000159535 -7.79233e-05
7.454 -0.000159581 -7.79102e-05
7.455 -0.000159605 -7.78604e-05
7.456 -0.000159605 -7.78008e-05
7.457 -0.000159583 -7.77649e-05
7.458 -0.000159537 -7.77736e-05
7.459 -0.000159467 -7.78231e-05
7.46 -0.000159374 -7.78864e-05
7.461 -0.000159256 -7.79283e-05
7.462 -0.000159114 -7.7925e-05
7.463 -0.00015895 -7.7878e-05
7.464 -0.000158763 -7.78133e-05
7.465 -0.000158554 -7.77671e-05
7.466 -0.000158324 -7.77652e-05
7.467 -0.000158073 -7.78084e-05
7.468 -0.000157799 -7.78725e-05
7.469 -0.000157502 -7.79213e-05
7.47 -0.000157183 -7.79278e-05
7.471 -0.000156841 -7.78887e-05
7.472 -0.000156476 -7.78265e-05
7.473 -0.000156089 -7.77763e-05
7.474 -0.00015568 -7.77661e-05
7.475 -0.00015525 -7.78009e-05
7.476 -0.0001548 -7.78603e-05
7.477 -0.000154329 -7.79105e-05
7.478 -0.000153839 -7.79235e-05
7.479 -0.000153327 -7.78927e-05
7.48 -0.000152795 -7.78364e-05
7.481 -0.000152241 -7.77868e-05
7.482 -0.000151665 -7.77716e-05
7.483 -0.000151068 -7.77986e-05
7.484 -0.00015045 -7.78513e-05
7.485 -0.000149812 -7.78996e-05
7.486 -0.000149155 -7.79162e-05
7.487 -0.00014848 -7.78926e-05
7.488 -0.000147786 -7.78433e-05
7.489 -0.000147073 -7.77967e-05
7.49 -0.000146342 -7.77791e-05
7.491 -0.000145591 -7.77995e-05
7.492 -0.00014482 -7.78455e-05
7.493 -0.000144028 -7.78904e-05
7.494 -0.000143217 -7.79089e-05
7.495 -0.000142387 -7.78914e-05
7.496 -0.000141538 -7.78487e-05
7.497 -0.000140673 -7.78053e-05
7.498 -0.00013979 -7.77855e-05
7.499 -0.000138892 -7.77995e-05
7.5 -0.000137978 -7.78383e-05
7.501 -0.000137046 -7.78797e-05
7.502 -0.000136097 -7.79007e-05
7.503 -0.000135129 -7.78905e-05
7.504 -0.000134143 -7.78561e-05
7.505 -0.000133139 -7.78175e-05
7.506 -0.000132118 -7.77959e-05
7.507 -0.00013108 -7.78022e-05
7.508 -0.000130027 -7.78314e-05
7.509 -0.000128959 -7.78663e-05
7.51 -0.000127878 -7.78876e-05
7.511 -0.000126782 -7.78845e-05
7.512 -0.000125673 -7.78602e-05
7.513 -0.000124547 -7.78294e-05
7.514 -0.000123406 -7.78093e-05
7.515 -0.000122249 -7.78099e-05
7.516 -0.000121075 -7.78296e-05
7.517 -0.000119886 -7.78563e-05
7.518 -0.000118683 -7.78751e-05
7.519 -0.000117466 -7.78762e-05
7.52 -0.000116237 -7.78603e-05
7.521 -0.000114997 -7.78371e-05
7.522 -0.000113745 -7.78196e-05
7.523 -0.000112481 -7.78166e-05
7.524 -0.000111204 -7.78289e-05
7.525 -0.000109914 -7.78489e-05
7.526 -0.00010861 -7.78658e-05
7.527 -0.000107292 -7.78711e-05
7.528 -0.00010596 -7.78629e-05
7.529 -0.000104617 -7.78463e-05
7.53 -0.000103262 -7.78299e-05
7.531 -0.000101898 -7.78218e-05
7.532 -0.000100525 -7.78252e-05
7.533 -9.91422e-05 -7.78376e-05
7.534 -9.77504e-05 -7.78527e-05
7.535 -9.63485e-05 -7.78635e-05
7.536 -9.49356e-05 -7.78653e-05
7.537 -9.35113e-05 -7.78578e-05
7.538 -9.20756e-05 -7.78448e-05
7.539 -9.06289e-05 -7.7832e-05
7.54 -8.91723e-05 -7.7825e-05
7.541 -8.77071e-05 -7.78268e-05
7.542 -8.62345e-05 -7.78366e-05
7.543 -8.47553e-05 -7.78501e-05
7.544 -8.32698e-05 -7.78614e-05
7.545 -8.17777e-05 -7.78652e-05
7.546 -8.02785e-05 -7.78594e-05
7.547 -7.87711e-05 -7.78462e-05
7.548 -7.72551e-05 -7.78316e-05
7.549 -7.57303e-05 -7.78226e-05
7.55 -7.41969e-05 -7.78242e-05
7.551 -7.26559e-05 -7.7836e-05
7.552 -7.11087e-05 -7.78527e-05
7.553 -6.95564e-05 -7.78659e-05
7.554 -6.79999e-05 -7.78684e-05
7.555 -6.64399e-05 -7.78585e-05
7.556 -6.48762e-05 -7.78408e-05
7.557 -6.33083e-05 -7.78244e-05
7.558 -6.17353e-05 -7.78182e-05
7.559 -6.01566e-05 -7.78256e-05
7.56 -5.85718e-05 -7.7843e-05
7.561 -5.69812e-05 -7.78611e-05
7.562 -5.53854e-05 -7.787e-05
7.563 -5.37858e-05 -7.7865e-05
7.564 -5.21834e-05 -7.78489e-05
7.565 -5.05795e-05 -7.78305e-05
7.566 -4.89745e-05 -7.78202e-05
7.567 -4.73687e-05 -7.78233e-05
7.568 -4.57616e-05 -7.78377e-05
7.569 -4.41524e-05 -7.78546e-05
7.57 -4.25406e-05 -7.78644e-05
7.571 -4.09256e-05 -7.78617e-05
7.572 -3.93075e-05 -7.7849e-05
7.573 -3.76869e-05 -7.78345e-05
7.574 -3.60648e-05 -7.78272e-05
7.575 -3.44424e-05 -7.78313e-05
7.576 -3.28209e-05 -7.78435e-05
7.577 -3.12008e-05 -7.78554e-05
7.578 -2.95827e-05 -7.78587e-05
7.579 -2.79661e-05 -7.78509e-05
7.58 -2.63505e-05 -7.78371e-05
7.581 -2.47353e-05 -7.78268e-05
7.582 -2.31199e-05 -7.78279e-05
7.583 -2.15042e-05 -7.7841e-05
7.584 -1.98887e-05 -7.78586e-05
7.585 -1.8274e-05 -7.7869e-05
7.586 -1.66615e-05 -7.78641e-05
7.587 -1.5052e-05 -7.78449e-05
7.588 -1.34465e-05 -7.78218e-05
7.589 -1.18455e-05 -7.78091e-05
7.59 -1.02488e-05 -7.78162e-05
7.591 -8.65597e-06 -7.78411e-05
7.592 -7.0665e-06 -7.78705e-05
7.593 -5.47981e-06 -7.7887e-05
7.594 -3.89567e-06 -7.78794e-05
7.595 -2.31427e-06 -7.78499e-05
7.596 -7.36245e-07 -7.78142e-05
7.597 8.37459e-07 -7.77929e-05
7.598 2.40581e-06 -7.77995e-05
7.599 3.96792e-06 -7.78322e-05
7.6 5.52323e-06 -7.78734e-05
7.601 7.07163e-06 -7.78996e-05
7.602 8.61338e-06 -7.78946e-05
7.603 1.0149e-05 -7.78598e-05
7.604 1.1679e-05 -7.78137e-05
7.605 1.32037e-05 -7.77827e-05
7.606 1.47231e-05 -7.77854e-05
7.607 1.62367e-05 -7.78217e-05
7.608 1.77439e-05 -7.7872e-05
7.609 1.92436e-05 -7.79075e-05
7.61 2.0735e-05 -7.79072e-05
7.611 2.22175e-05 -7.78699e-05
7.612 2.36908e-05 -7.78158e-05
7.613 2.5155e-05 -7.77757e-05
7.614 2.66104e-05 -7.77732e-05
7.615 2.80576e-05 -7.7811e-05
7.616 2.94969e-05 -7.78686e-05
7.617 3.09285e-05 -7.79132e-05
7.618 3.2352e-05 -7.7919e-05
7.619 3.3767e-05 -7.78814e-05
7.62 3.51727e-05 -7.7821e-05
7.621 3.65682e-05 -7.77719e-05
7.622 3.79528e-05 -7.77623e-05
7.623 3.93262e-05 -7.77986e-05
7.624 4.06884e-05 -7.78608e-05
7.625 4.20396e-05 -7.7914e-05
7.626 4.33802e-05 -7.79277e-05
7.627 4.47106e-05 -7.78936e-05
7.628 4.6031e-05 -7.78306e-05
7.629 4.73414e-05 -7.77741e-05
7.63 4.86414e-05 -7.77563e-05
7.631 4.99303e-05 -7.77876e-05
7.632 5.12074e-05 -7.78502e-05
7.633 5.24719e-05 -7.79089e-05
7.634 5.37235e-05 -7.79302e-05
7.635 5.4962e-05 -7.79021e-05
7.636 5.61875e-05 -7.78406e-05
7.637 5.74005e-05 -7.77807e-05
7.638 5.86012e-05 -7.77564e-05
7.639 5.97901e-05 -7.77812e-05
7.64 6.09672e-05 -7.78409e-05
7.641 6.21323e-05 -7.79013e-05
7.642 6.3285e-05 -7.79282e-05
7.643 6.44244e-05 -7.79067e-05
7.644 6.55501e-05 -7.78495e-05
7.645 6.66613e-05 -7.77895e-05
7.646 6.77579e-05 -7.77607e-05
7.647 6.88399e-05 -7.77788e-05
7.648 6.99075e-05 -7.78328e-05
7.649 7.09612e-05 -7.78914e-05
7.65 7.20014e-05 -7.79213e-05
7.651 7.30283e-05 -7.79064e-05
7.652 7.40419e-05 -7.78561e-05
7.653 7.50419e-05 -7.77999e-05
7.654 7.60277e-05 -7.77699e-05
7.655 7.69987e-05 -7.77823e-05
7.656 7.79544e-05 -7.78287e-05
7.657 7.88944e-05 -7.78817e-05
7.658 7.98186e-05 -7.79108e-05
7.659 8.07272e-05 -7.79004e-05
7.66 8.16205e-05 -7.78579e-05
7.661 8.24989e-05 -7.78089e-05
7.662 8.33628e-05 -7.7782e-05
7.663 8.42123e-05 -7.77916e-05
7.664 8.50471e-05 -7.78306e-05
7.665 8.5867e-05 -7.78752e-05
7.666 8.66713e-05 -7.78989e-05
7.667 8.74596e-05 -7.78888e-05
7.668 8.82314e-05 -7.78522e-05
7.669 8.89868e-05 -7.78117e-05
7.67 8.97257e-05 -7.77918e-05
7.671 9.04485e-05 -7.78038e-05
7.672 9.11557e-05 -7.78398e-05
7.673 9.18476e-05 -7.78775e-05
7.674 9.25242e-05 -7.78942e-05
7.675 9.31857e-05 -7.78801e-05
7.676 9.38315e-05 -7.7844e-05
7.677 9.44612e-05 -7.78077e-05
7.678 9.50745e-05 -7.77929e-05
7.679 9.56708e-05 -7.78083e-05
7.68 9.62501e-05 -7.78446e-05
7.681 9.68124e-05 -7.78802e-05
7.682 9.73582e-05 -7.78944e-05
7.683 9.78879e-05 -7.7879e-05
7.684 9.8402e-05 -7.78434e-05
7.685 9.89005e-05 -7.78086e-05
7.686 9.93835e-05 -7.77946e-05
7.687 9.98508e-05 -7.7809e-05
7.688 0.000100302 -7.78428e-05
7.689 0.000100736 -7.78762e-05
7.69 0.000101153 -7.78901e-05
7.691 0.000101553 -7.78775e-05
7.692 0.000101936 -7.78468e-05
7.693 0.000102302 -7.78163e-05
7.694 0.000102652 -7.78031e-05
7.695 0.000102986 -7.78136e-05
7.696 0.000103304 -7.78401e-05
7.697 0.000103607 -7.78665e-05
7.698 0.000103895 -7.78778e-05
7.699 0.000104166 -7.78691e-05
7.7 0.000104421 -7.78473e-05
7.701 0.000104659 -7.78266e-05
7.702 0.00010488 -7.78188e-05
7.703 0.000105083 -7.78269e-05
7.704 0.00010527 -7.7844e-05
7.705 0.00010544 -7.78581e-05
7.706 0.000105595 -7.78608e-05
7.707 0.000105735 -7.78516e-05
7.708 0.00010586 -7.78385e-05
7.709 0.00010597 -7.78311e-05
7.71 0.000106065 -7.78349e-05
7.711 0.000106143 -7.78467e-05
7.712 0.000106205 -7.78575e-05
7.713 0.000106249 -7.78587e-05
7.714 0.000106277 -7.78481e-05
7.715 0.000106288 -7.78323e-05
7.716 0.000106284 -7.78223e-05
7.717 0.000106264 -7.78263e-05
7.718 0.00010623 -7.78435e-05
7.719 0.000106181 -7.7864e-05
7.72 0.000106118 -7.78742e-05
7.721 0.00010604 -7.78661e-05
7.722 0.000105947 -7.78426e-05
7.723 0.000105838 -7.78173e-05
7.724 0.000105713 -7.78062e-05
7.725 0.000105572 -7.78178e-05
7.726 0.000105414 -7.78473e-05
7.727 0.000105241 -7.7878e-05
7.728 0.000105054 -7.7891e-05
7.729 0.000104853 -7.78767e-05
7.73 0.000104638 -7.78416e-05
7.731 0.000104409 -7.78053e-05
7.732 0.000104167 -7.77895e-05
7.733 0.00010391 -7.78053e-05
7.734 0.000103639 -7.78454e-05
7.735 0.000103352 -7.78876e-05
7.736 0.00010305 -7.79072e-05
7.737 0.000102733 -7.78915e-05
7.738 0.000102401 -7.78476e-05
7.739 0.000102056 -7.77999e-05
7.74 0.000101697 -7.77759e-05
7.741 0.000101326 -7.77903e-05
7.742 0.000100942 -7.78364e-05
7.743 0.000100545 -7.78886e-05
7.744 0.000100135 -7.7917e-05
7.745 9.97118e-05 -7.79049e-05
7.746 9.92742e-05 -7.78582e-05
7.747 9.88223e-05 -7.7803e-05
7.748 9.83563e-05 -7.77708e-05
7.749 9.78767e-05 -7.77804e-05
7.75 9.73842e-05 -7.78268e-05
7.751 9.68797e-05 -7.78839e-05
7.752 9.63637e-05 -7.7919e-05
7.753 9.58363e-05 -7.79118e-05
7.754 9.52975e-05 -7.78663e-05
7.755 9.47469e-05 -7.78084e-05
7.756 9.41838e-05 -7.77713e-05
7.757 9.3608e-05 -7.77763e-05
7.758 9.30191e-05 -7.78207e-05
7.759 9.24173e-05 -7.78788e-05
7.76 9.18031e-05 -7.79173e-05
7.761 9.11772e-05 -7.7914e-05
7.762 9.05403e-05 -7.78709e-05
7.763 8.9893e-05 -7.78131e-05
7.764 8.92357e-05 -7.77739e-05
7.765 8.85682e-05 -7.7776e-05
7.766 8.78904e-05 -7.78178e-05
7.767 8.72016e-05 -7.7875e-05
7.768 8.65016e-05 -7.79145e-05
7.769 8.57901e-05 -7.79134e-05
7.77 8.50673e-05 -7.78728e-05
7.771 8.43334e-05 -7.78164e-05
7.772 8.35892e-05 -7.77769e-05
7.773 8.28353e-05 -7.77773e-05
7.774 8.20723e-05 -7.78169e-05
7.775 8.13005e-05 -7.78725e-05
7.776 8.05199e-05 -7.79119e-05
7.777 7.97303e-05 -7.79124e-05
7.778 7.89313e-05 -7.78741e-05
7.779 7.81225e-05 -7.78194e-05
7.78 7.73039e-05 -7.778e-05
7.781 7.64756e-05 -7.77785e-05
7.782 7.56379e-05 -7.78151e-05
7.783 7.47915e-05 -7.78684e-05
7.784 7.39371e-05 -7.79074e-05
7.785 7.3075e-05 -7.79102e-05
7.786 7.22057e-05 -7.78761e-05
7.787 7.1329e-05 -7.78254e-05
7.788 7.04448e-05 -7.77877e-05
7.789 6.95528e-05 -7.77841e-05
7.79 6.86525e-05 -7.78154e-05
7.791 6.77439e-05 -7.78623e-05
7.792 6.68272e-05 -7.78973e-05
7.793 6.59029e-05 -7.79007e-05
7.794 6.49715e-05 -7.7872e-05
7.795 6.40336e-05 -7.78296e-05
7.796 6.309e-05 -7.77989e-05
7.797 6.21407e-05 -7.77976e-05
7.798 6.11858e-05 -7.78249e-05
7.799 6.02251e-05 -7.78631e-05
7.8 5.92582e-05 -7.78884e-05
7.801 5.82847e-05 -7.78859e-05
7.802 5.73047e-05 -7.7858e-05
7.803 5.63182e-05 -7.7823e-05
7.804 5.53257e-05 -7.7803e-05
7.805 5.43278e-05 -7.78107e-05
7.806 5.33252e-05 -7.7841e-05
7.807 5.23184e-05 -7.78747e-05
7.808 5.13078e-05 -7.78901e-05
7.809 5.02933e-05 -7.7877e-05
7.81 4.92747e-05 -7.78428e-05
7.811 4.82517e-05 -7.78087e-05
7.812 4.7224e-05 -7.77963e-05
7.813 4.61916e-05 -7.78145e-05
7.814 4.51544e-05 -7.78532e-05
7.815 4.4113e-05 -7.78893e-05
7.816 4.3068e-05 -7.79003e-05
7.817 4.20199e-05 -7.78781e-05
7.818 4.09694e-05 -7.78349e-05
7.819 3.99168e-05 -7.7796e-05
7.82 3.88621e-05 -7.77851e-05
7.821 3.78052e-05 -7.781e-05
7.822 3.67458e-05 -7.78573e-05
7.823 3.56835e-05 -7.78995e-05
7.824 3.46183e-05 -7.79115e-05
7.825 3.35502e-05 -7.78849e-05
7.826 3.24797e-05 -7.78343e-05
7.827 3.14072e-05 -7.77885e-05
7.828 3.03334e-05 -7.77746e-05
7.829 2.92589e-05 -7.78017e-05
7.83 2.8184e-05 -7.7855e-05
7.831 2.71088e-05 -7.79041e-05
7.832 2.60332e-05 -7.79205e-05
7.833 2.4957e-05 -7.7894e-05
7.834 2.388e-05 -7.7839e-05
7.835 2.28019e-05 -7.77868e-05
7.836 2.17229e-05 -7.77675e-05
7.837 2.06433e-05 -7.77925e-05
7.838 1.95636e-05 -7.7848e-05
7.839 1.84842e-05 -7.79025e-05
7.84 1.74057e-05 -7.79248e-05
7.841 1.63284e-05 -7.7902e-05
7.842 1.52525e-05 -7.7847e-05
7.843 1.41779e-05 -7.77911e-05
7.844 1.31044e-05 -7.77661e-05
7.845 1.20321e-05 -7.77863e-05
7.846 1.09607e-05 -7.784e-05
7.847 9.89035e-06 -7.78964e-05
7.848 8.82137e-06 -7.79233e-05
7.849 7.75411e-06 -7.79055e-05
7.85 6.68898e-06 -7.78536e-05
7.851 5.62636e-06 -7.77974e-05
7.852 4.56651e-06 -7.7769e-05
7.853 3.50954e-06 -7.77845e-05
7.854 2.45545e-06 -7.78344e-05
7.855 1.40418e-06 -7.78899e-05
7.856 3.55684e-07 -7.7919e-05
7.857 -6.90005e-07 -7.79055e-05
7.858 -1.73272e-06 -7.78576e-05
7.859 -2.7722e-06 -7.78032e-05
7.86 -3.80811e-06 -7.77737e-05
7.861 -4.8401e-06 -7.77855e-05
7.862 -5.86793e-06 -7.78313e-05
7.863 -6.89145e-06 -7.78842e-05
7.864 -7.91061e-06 -7.79138e-05
7.865 -8.92544e-06 -7.79033e-05
7.866 -9.93597e-06 -7.78595e-05
7.867 -1.09422e-05 -7.78081e-05
7.868 -1.19439e-05 -7.7779e-05
7.869 -1.2941e-05 -7.77885e-05
7.87 -1.3933e-05 -7.78304e-05
7.871 -1.49196e-05 -7.78798e-05
7.872 -1.59006e-05 -7.7908e-05
7.873 -1.68758e-05 -7.78987e-05
7.874 -1.78452e-05 -7.78583e-05
7.875 -1.88088e-05 -7.78107e-05
7.876 -1.97668e-05 -7.77841e-05
7.877 -2.07192e-05 -7.77939e-05
7.878 -2.1666e-05 -7.78339e-05
7.879 -2.26069e-05 -7.78802e-05
7.88 -2.35417e-05 -7.79051e-05
7.881 -2.44699e-05 -7.78938e-05
7.882 -2.5391e-05 -7.7853e-05
7.883 -2.63049e-05 -7.78067e-05
7.884 -2.72113e-05 -7.77825e-05
7.885 -2.81105e-05 -7.77951e-05
7.886 -2.90025e-05 -7.78376e-05
7.887 -2.98875e-05 -7.78853e-05
7.888 -3.07659e-05 -7.79102e-05
7.889 -3.16375e-05 -7.78971e-05
7.89 -3.25021e-05 -7.7853e-05
7.891 -3.33595e-05 -7.78029e-05
7.892 -3.4209e-05 -7.77759e-05
7.893 -3.50502e-05 -7.77881e-05
7.894 -3.58828e-05 -7.78332e-05
7.895 -3.67065e-05 -7.7886e-05
7.896 -3.75216e-05 -7.79163e-05
7.897 -3.83282e-05 -7.79064e-05
7.898 -3.91266e-05 -7.78614e-05
7.899 -3.99171e-05 -7.78063e-05
7.9 -4.06999e-05 -7.7772e-05
7.901 -4.14747e-05 -7.7778e-05
7.902 -4.22412e-05 -7.78213e-05
7.903 -4.2999e-05 -7.78778e-05
7.904 -4.37475e-05 -7.7916e-05
7.905 -4.44864e-05 -7.79147e-05
7.906 -4.52154e-05 -7.78748e-05
7.907 -4.59346e-05 -7.78184e-05
7.908 -4.66442e-05 -7.7777e-05
7.909 -4.73446e-05 -7.77733e-05
7.91 -4.80362e-05 -7.7809e-05
7.911 -4.8719e-05 -7.78637e-05
7.912 -4.93931e-05 -7.79069e-05
7.913 -5.00582e-05 -7.79149e-05
7.914 -5.07137e-05 -7.78838e-05
7.915 -5.13592e-05 -7.78315e-05
7.916 -5.19943e-05 -7.77875e-05
7.917 -5.26186e-05 -7.7776e-05
7.918 -5.32323e-05 -7.78027e-05
7.919 -5.38355e-05 -7.78522e-05
7.92 -5.44287e-05 -7.78963e-05
7.921 -5.50122e-05 -7.79106e-05
7.922 -5.55863e-05 -7.78877e-05
7.923 -5.61512e-05 -7.7841e-05
7.924 -5.67064e-05 -7.77971e-05
7.925 -5.72518e-05 -7.77802e-05
7.926 -5.77866e-05 -7.77995e-05
7.927 -5.83105e-05 -7.78434e-05
7.928 -5.88231e-05 -7.78871e-05
7.929 -5.93243e-05 -7.79062e-05
7.93 -5.98144e-05 -7.78905e-05
7.931 -6.02936e-05 -7.78493e-05
7.932 -6.07626e-05 -7.78061e-05
7.933 -6.12215e-05 -7.7785e-05
7.934 -6.16708e-05 -7.77973e-05
7.935 -6.21102e-05 -7.78356e-05
7.936 -6.25395e-05 -7.78781e-05
7.937 -6.29583e-05 -7.7901e-05
7.938 -6.3366e-05 -7.78918e-05
7.939 -6.37622e-05 -7.7856e-05
7.94 -6.41468e-05 -7.78141e-05
7.941 -6.45196e-05 -7.77894e-05
7.942 -6.48812e-05 -7.77955e-05
7.943 -6.52317e-05 -7.78288e-05
7.944 -6.55718e-05 -7.78704e-05
7.945 -6.59017e-05 -7.78973e-05
7.946 -6.62216e-05 -7.78945e-05
7.947 -6.65314e-05 -7.78638e-05
7.948 -6.68309e-05 -7.78224e-05
7.949 -6.71195e-05 -7.7793e-05
7.95 -6.73968e-05 -7.77918e-05
7.951 -6.76626e-05 -7.78192e-05
7.952 -6.79166e-05 -7.78602e-05
7.953 -6.8159e-05 -7.78922e-05
7.954 -6.83901e-05 -7.7898e-05
7.955 -6.86101e-05 -7.78746e-05
7.956 -6.88197e-05 -7.78349e-05
7.957 -6.90191e-05 -7.78004e-05
7.958 -6.92084e-05 -7.77895e-05
7.959 -6.93875e-05 -7.78079e-05
7.96 -6.95563e-05 -7.78453e-05
7.961 -6.97143e-05 -7.78816e-05
7.962 -6.98612e-05 -7.78975e-05
7.963 -6.99967e-05 -7.78849e-05
7.964 -7.01206e-05 -7.78508e-05
7.965 -7.02331e-05 -7.78137e-05
7.966 -7.03345e-05 -7.77931e-05
7.967 -7.0425e-05 -7.77994e-05
7.968 -7.05052e-05 -7.78289e-05
7.969 -7.05753e-05 -7.78655e-05
7.97 -7.06356e-05 -7.789e-05
7.971 -7.06859e-05 -7.78901e-05
7.972 -7.07262e-05 -7.78663e-05
7.973 -7.0756e-05 -7.78316e-05
7.974 -7.07751e-05 -7.78043e-05
7.975 -7.07831e-05 -7.77983e-05
7.976 -7.07799e-05 -7.78158e-05
7.977 -7.07656e-05 -7.7847e-05
7.978 -7.07406e-05 -7.78753e-05
7.979 -7.07051e-05 -7.78864e-05
7.98 -7.06596e-05 -7.78751e-05
7.981 -7.06045e-05 -7.78482e-05
7.982 -7.054e-05 -7.78203e-05
7.983 -7.04661e-05 -7.78056e-05
7.984 -7.03826e-05 -7.78113e-05
7.985 -7.02891e-05 -7.78334e-05
7.986 -7.01853e-05 -7.78599e-05
7.987 -7.00708e-05 -7.78769e-05
7.988 -6.99457e-05 -7.78759e-05
7.989 -6.98099e-05 -7.78583e-05
7.99 -6.96639e-05 -7.78337e-05
7.991 -6.95081e-05 -7.78152e-05
7.992 -6.9343e-05 -7.78122e-05
7.993 -6.91691e-05 -7.78258e-05
7.994 -6.89865e-05 -7.78483e-05
7.995 -6.87952e-05 -7.78679e-05
7.996 -6.85948e-05 -7.78746e-05
7.997 -6.83851e-05 -7.78651e-05
7.998 -6.81655e-05 -7.78448e-05
7.999 -6.79357e-05 -7.78243e-05
8 -6.76958e-05 -7.78141e-05
8.001 -6.74459e-05 -7.78191e-05
8.002 -6.71865e-05 -7.78364e-05
8.003 -6.69183e-05 -7.78572e-05
8.004 -6.66417e-05 -7.78708e-05
8.005 -6.63572e-05 -7.78706e-05
8.006 -6.6065e-05 -7.78571e-05
8.007 -6.57648e-05 -7.78372e-05
8.008 -6.54562e-05 -7.78209e-05
8.009 -6.51388e-05 -7.78161e-05
8.01 -6.48121e-05 -7.78249e-05
8.011 -6.44759e-05 -7.78425e-05
8.012 -6.41303e-05 -7.78603e-05
8.013 -6.37757e-05 -7.78695e-05
8.014 -6.34126e-05 -7.7866e-05
8.015 -6.30418e-05 -7.78519e-05
8.016 -6.26638e-05 -7.78343e-05
8.017 -6.22789e-05 -7.78218e-05
8.018 -6.18871e-05 -7.78202e-05
8.019 -6.14881e-05 -7.78299e-05
8.02 -6.10814e-05 -7.78458e-05
8.021 -6.06664e-05 -7.78601e-05
8.022 -6.02427e-05 -7.78662e-05
8.023 -5.98104e-05 -7.78614e-05
8.024 -5.93697e-05 -7.78485e-05
8.025 -5.89212e-05 -7.78339e-05
8.026 -5.84657e-05 -7.78244e-05
8.027 -5.80038e-05 -7.78245e-05
8.028 -5.7536e-05 -7.78335e-05
8.029 -5.70623e-05 -7.7847e-05
8.03 -5.65826e-05 -7.78585e-05
8.031 -5.60962e-05 -7.78627e-05
8.032 -5.56027e-05 -7.7858e-05
8.033 -5.51016e-05 -7.78469e-05
8.034 -5.45926e-05 -7.78349e-05
8.035 -5.4076e-05 -7.78276e-05
8.036 -5.35523e-05 -7.7828e-05
8.037 -5.30224e-05 -7.78357e-05
8.038 -5.2487e-05 -7.78468e-05
8.039 -5.19466e-05 -7.78561e-05
8.04 -5.14015e-05 -7.78594e-05
8.041 -5.08516e-05 -7.78556e-05
8.042 -5.02964e-05 -7.78466e-05
8.043 -4.97353e-05 -7.7837e-05
8.044 -4.91676e-05 -7.7831e-05
8.045 -4.85931e-05 -7.78313e-05
8.046 -4.80119e-05 -7.78373e-05
8.047 -4.74245e-05 -7.78461e-05
8.048 -4.68315e-05 -7.78535e-05
8.049 -4.62339e-05 -7.78562e-05
8.05 -4.56323e-05 -7.78533e-05
8.051 -4.50271e-05 -7.78464e-05
8.052 -4.44183e-05 -7.78387e-05
8.053 -4.38055e-05 -7.78339e-05
8.054 -4.31881e-05 -7.7834e-05
8.055 -4.25655e-05 -7.78387e-05
8.056 -4.19374e-05 -7.78457e-05
8.057 -4.13035e-05 -7.78516e-05
8.058 -4.06644e-05 -7.78539e-05
8.059 -4.00206e-05 -7.78517e-05
8.06 -3.9373e-05 -7.78461e-05
8.061 -3.87224e-05 -7.78398e-05
8.062 -3.80693e-05 -7.78357e-05
8.063 -3.74137e-05 -7.78356e-05
8.064 -3.67554e-05 -7.78394e-05
8.065 -3.60939e-05 -7.78453e-05
8.066 -3.54286e-05 -7.78506e-05
8.067 -3.47589e-05 -7.7853e-05
8.068 -3.40848e-05 -7.78514e-05
8.069 -3.34065e-05 -7.78466e-05
8.07 -3.27246e-05 -7.78409e-05
8.071 -3.20398e-05 -7.78367e-05
8.072 -3.13531e-05 -7.78359e-05
8.073 -3.06648e-05 -7.78387e-05
8.074 -2.99752e-05 -7.78439e-05
8.075 -2.92842e-05 -7.78492e-05
8.076 -2.85914e-05 -7.78523e-05
8.077 -2.7896e-05 -7.7852e-05
8.078 -2.71977e-05 -7.78484e-05
8.079 -2.64962e-05 -7.78432e-05
8.08 -2.57917e-05 -7.78386e-05
8.081 -2.50846e-05 -7.78364e-05
8.082 -2.43757e-05 -7.78375e-05
8.083 -2.36658e-05 -7.78414e-05
8.084 -2.29555e-05 -7.78463e-05
8.085 -2.2245e-05 -7.78503e-05
8.086 -2.15344e-05 -7.78516e-05
8.087 -2.08232e-05 -7.785e-05
8.088 -2.01109e-05 -7.7846e-05
8.089 -1.93971e-05 -7.78416e-05
8.09 -1.86814e-05 -7.78384e-05
8.091 -1.79639e-05 -7.78378e-05
8.092 -1.7245e-05 -7.78398e-05
8.093 -1.65254e-05 -7.78436e-05
8.094 -1.58057e-05 -7.78476e-05
8.095 -1.50866e-05 -7.78501e-05
8.096 -1.43685e-05 -7.78503e-05
8.097 -1.36513e-05 -7.78481e-05
8.098 -1.2935e-05 -7.78446e-05
8.099 -1.22189e-05 -7.78411e-05
8.1 -1.15027e-05 -7.78392e-05
8.101 -1.0786e-05 -7.78394e-05
8.102 -1.00687e-05 -7.78416e-05
8.103 -9.35125e-06 -7.78448e-05
8.104 -8.63406e-06 -7.78477e-05
8.105 -7.91781e-06 -7.78492e-05
8.106 -7.20314e-06 -7.78488e-05
8.107 -6.49047e-06 -7.78468e-05
8.108 -5.77995e-06 -7.7844e-05
8.109 -5.07143e-06 -7.78417e-05
8.11 -4.36458e-06 -7.78407e-05
8.111 -3.65895e-06 -7.78413e-05
8.112 -2.95423e-06 -7.78432e-05
8.113 -2.25028e-06 -7.78455e-05
8.114 -1.54725e-06 -7.78473e-05
8.115 -8.45527e-07 -7.78479e-05
8.116 -1.45677e-07 -7.78471e-05
8.117 5.5173e-07 -7.78453e-05
8.118 1.24623e-06 -7.78433e-05
8.119 1.93759e-06 -7.78419e-05
8.12 2.62579e-06 -7.78416e-05
8.121 3.31105e-06 -7.78427e-05
8.122 3.99369e-06 -7.78445e-05
8.123 4.67401e-06 -7.78463e-05
8.124 5.35219e-06 -7.78475e-05
8.125 6.02821e-06 -7.78475e-05
8.126 6.70185e-06 -7.78463e-05
8.127 7.37272e-06 -7.78446e-05
8.128 8.04037e-06 -7.78429e-05
8.129 8.7044e-06 -7.7842e-05
8.13 9.36451e-06 -7.78422e-05
8.131 1.00206e-05 -7.78433e-05
8.132 1.06726e-05 -7.7845e-05
8.133 1.13209e-05 -7.78466e-05
8.134 1.19654e-05 -7.78473e-05
8.135 1.26065e-05 -7.78471e-05
8.136 1.32442e-05 -7.7846e-05
8.137 1.38783e-05 -7.78445e-05
8.138 1.45086e-05 -7.78431e-05
8.139 1.51349e-05 -7.78424e-05
8.14 1.57569e-05 -7.78426e-05
8.141 1.63742e-05 -7.78436e-05
8.142 1.69869e-05 -7.78449e-05
8.143 1.75947e-05 -7.78461e-05
8.144 1.81977e-05 -7.78468e-05
8.145 1.8796e-05 -7.78468e-05
8.146 1.93897e-05 -7.78461e-05
8.147 1.99788e-05 -7.78449e-05
8.148 2.05633e-05 -7.78438e-05
8.149 2.11431e-05 -7.7843e-05
8.15 2.1718e-05 -7.78428e-05
8.151 2.22879e-05 -7.78434e-05
8.152 2.28525e-05 -7.78446e-05
8.153 2.34117e-05 -7.7846e-05
8.154 2.39654e-05 -7.78471e-05
8.155 2.45135e-05 -7.78474e-05
8.156 2.5056e-05 -7.78467e-05
8.157 2.55928e-05 -7.78452e-05
8.158 2.61242e-05 -7.78434e-05
8.159 2.66501e-05 -7.78422e-05
8.16 2.71704e-05 -7.78421e-05
8.161 2.76853e-05 -7.78432e-05
8.162 2.81945e-05 -7.78452e-05
8.163 2.86981e-05 -7.78472e-05
8.164 2.91956e-05 -7.78482e-05
8.165 2.96871e-05 -7.78478e-05
8.166 3.01723e-05 -7.78461e-05
8.167 3.0651e-05 -7.78439e-05
8.168 3.11233e-05 -7.78423e-05
8.169 3.15891e-05 -7.78421e-05
8.17 3.20486e-05 -7.78433e-05
8.171 3.2502e-05 -7.78453e-05
8.172 3.29493e-05 -7.78469e-05
8.173 3.33906e-05 -7.78473e-05
8.174 3.38258e-05 -7.78463e-05
8.175 3.42549e-05 -7.78447e-05
8.176 3.46775e-05 -7.78434e-05
8.177 3.50933e-05 -7.78434e-05
8.178 3.55022e-05 -7.78448e-05
8.179 3.59039e-05 -7.78467e-05
8.18 3.62984e-05 -7.78477e-05
8.181 3.66859e-05 -7.78469e-05
8.182 3.70666e-05 -7.78444e-05
8.183 3.74407e-05 -7.78415e-05
8.184 3.78084e-05 -7.78401e-05
8.185 3.81698e-05 -7.78415e-05
8.186 3.85249e-05 -7.78454e-05
8.187 3.88734e-05 -7.785e-05
8.188 3.92149e-05 -7.78526e-05
8.189 3.95491e-05 -7.78513e-05
8.19 3.98758e-05 -7.78463e-05
8.191 4.01947e-05 -7.78397e-05
8.192 4.0506e-05 -7.78352e-05
8.193 4.081e-05 -7.78356e-05
8.194 4.1107e-05 -7.78414e-05
8.195 4.13974e-05 -7.785e-05
8.196 4.16813e-05 -7.78567e-05
8.197 4.19589e-05 -7.78576e-05
8.198 4.22298e-05 -7.78515e-05
8.199 4.24937e-05 -7.78411e-05
8.2 4.27502e-05 -7.7832e-05
8.201 4.29988e-05 -7.78294e-05
8.202 4.32394e-05 -7.78355e-05
8.203 4.34721e-05 -7.78476e-05
8.204 4.3697e-05 -7.78594e-05
8.205 4.39146e-05 -7.78639e-05
8.206 4.41253e-05 -7.7858e-05
8.207 4.43296e-05 -7.78441e-05
8.208 4.45276e-05 -7.78293e-05
8.209 4.47191e-05 -7.78222e-05
8.21 4.49037e-05 -7.78276e-05
8.211 4.5081e-05 -7.78434e-05
8.212 4.52504e-05 -7.78616e-05
8.213 4.54117e-05 -7.78718e-05
8.214 4.55648e-05 -7.78676e-05
8.215 4.57099e-05 -7.785e-05
8.216 4.58475e-05 -7.78279e-05
8.217 4.59781e-05 -7.78137e-05
8.218 4.61022e-05 -7.7816e-05
8.219 4.62201e-05 -7.7835e-05
8.22 4.63317e-05 -7.78612e-05
8.221 4.64368e-05 -7.78803e-05
8.222 4.65347e-05 -7.78809e-05
8.223 4.6625e-05 -7.78612e-05
8.224 4.67073e-05 -7.78306e-05
8.225 4.67814e-05 -7.78057e-05
8.226 4.68474e-05 -7.78009e-05
8.227 4.69059e-05 -7.78203e-05
8.228 4.69573e-05 -7.78549e-05
8.229 4.70023e-05 -7.78863e-05
8.23 4.70412e-05 -7.78967e-05
8.231 4.70741e-05 -7.78789e-05
8.232 4.71008e-05 -7.78411e-05
8.233 4.71207e-05 -7.7803e-05
8.234 4.71334e-05 -7.77857e-05
8.235 4.71382e-05 -7.78e-05
8.236 4.71351e-05 -7.78397e-05
8.237 4.71241e-05 -7.78842e-05
8.238 4.71056e-05 -7.79092e-05
8.239 4.70801e-05 -7.79e-05
8.24 4.70482e-05 -7.78601e-05
8.241 4.70105e-05 -7.78101e-05
8.242 4.6967e-05 -7.77772e-05
8.243 4.69177e-05 -7.778e-05
8.244 4.68621e-05 -7.78183e-05
8.245 4.67998e-05 -7.78723e-05
8.246 4.67302e-05 -7.79128e-05
8.247 4.66529e-05 -7.79172e-05
8.248 4.65682e-05 -7.7882e-05
8.249 4.64761e-05 -7.78255e-05
8.25 4.63772e-05 -7.77781e-05
8.251 4.62721e-05 -7.77661e-05
8.252 4.61613e-05 -7.77968e-05
8.253 4.6045e-05 -7.78543e-05
8.254 4.59233e-05 -7.79075e-05
8.255 4.57957e-05 -7.79271e-05
8.256 4.5662e-05 -7.79018e-05
8.257 4.55215e-05 -7.78449e-05
8.258 4.53741e-05 -7.77871e-05
8.259 4.52196e-05 -7.77603e-05
8.26 4.50583e-05 -7.77794e-05
8.261 4.48906e-05 -7.78343e-05
8.262 4.4717e-05 -7.7895e-05
8.263 4.4538e-05 -7.79282e-05
8.264 4.43538e-05 -7.79156e-05
8.265 4.41644e-05 -7.78641e-05
8.266 4.39696e-05 -7.78022e-05
8.267 4.37691e-05 -7.7764e-05
8.268 4.35626e-05 -7.77704e-05
8.269 4.33496e-05 -7.78177e-05
8.27 4.31304e-05 -7.78791e-05
8.271 4.29049e-05 -7.79206e-05
8.272 4.26735e-05 -7.79193e-05
8.273 4.24368e-05 -7.78764e-05
8.274 4.21951e-05 -7.78165e-05
8.275 4.19486e-05 -7.77734e-05
8.276 4.16973e-05 -7.77711e-05
8.277 4.1441e-05 -7.78103e-05
8.278 4.11795e-05 -7.78682e-05
8.279 4.09126e-05 -7.79116e-05
8.28 4.06399e-05 -7.79161e-05
8.281 4.03615e-05 -7.78794e-05
8.282 4.00777e-05 -7.78231e-05
8.283 3.97887e-05 -7.77798e-05
8.284 3.94949e-05 -7.77743e-05
8.285 3.91967e-05 -7.78094e-05
8.286 3.88942e-05 -7.78648e-05
8.287 3.85873e-05 -7.79081e-05
8.288 3.8276e-05 -7.79143e-05
8.289 3.796e-05 -7.78798e-05
8.29 3.7639e-05 -7.78246e-05
8.291 3.73131e-05 -7.77807e-05
8.292 3.69822e-05 -7.77738e-05
8.293 3.66466e-05 -7.78079e-05
8.294 3.63066e-05 -7.78635e-05
8.295 3.59626e-05 -7.79083e-05
8.296 3.56148e-05 -7.79163e-05
8.297 3.52633e-05 -7.78827e-05
8.298 3.4908e-05 -7.78268e-05
8.299 3.45488e-05 -7.77807e-05
8.3 3.41853e-05 -7.77712e-05
8.301 3.38175e-05 -7.78038e-05
8.302 3.34453e-05 -7.78599e-05
8.303 3.30689e-05 -7.79071e-05
8.304 3.26885e-05 -7.79182e-05
8.305 3.23047e-05 -7.78868e-05
8.306 3.19177e-05 -7.7831e-05
8.307 3.15277e-05 -7.7783e-05
8.308 3.11348e-05 -7.77703e-05
8.309 3.07388e-05 -7.78003e-05
8.31 3.03395e-05 -7.78554e-05
8.311 2.99365e-05 -7.79039e-05
8.312 2.95297e-05 -7.79178e-05
8.313 2.91191e-05 -7.78893e-05
8.314 2.87049e-05 -7.78352e-05
8.315 2.82876e-05 -7.77869e-05
8.316 2.78675e-05 -7.77721e-05
8.317 2.74451e-05 -7.77992e-05
8.318 2.70206e-05 -7.7852e-05
8.319 2.65941e-05 -7.78996e-05
8.32 2.61652e-05 -7.79145e-05
8.321 2.57338e-05 -7.78883e-05
8.322 2.52995e-05 -7.78367e-05
8.323 2.4862e-05 -7.779e-05
8.324 2.44214e-05 -7.77755e-05
8.325 2.39779e-05 -7.78015e-05
8.326 2.35319e-05 -7.78524e-05
8.327 2.3084e-05 -7.78982e-05
8.328 2.26345e-05 -7.79121e-05
8.329 2.21837e-05 -7.78859e-05
8.33 2.17318e-05 -7.78352e-05
8.331 2.12783e-05 -7.77899e-05
8.332 2.08232e-05 -7.77766e-05
8.333 2.03658e-05 -7.78031e-05
8.334 1.99061e-05 -7.78538e-05
8.335 1.94441e-05 -7.78988e-05
8.336 1.89799e-05 -7.79118e-05
8.337 1.85139e-05 -7.78851e-05
8.338 1.80468e-05 -7.78344e-05
8.339 1.75789e-05 -7.77894e-05
8.34 1.71106e-05 -7.77765e-05
8.341 1.66418e-05 -7.78031e-05
8.342 1.61724e-05 -7.78536e-05
8.343 1.5702e-05 -7.78984e-05
8.344 1.52302e-05 -7.79114e-05
8.345 1.47569e-05 -7.78851e-05
8.346 1.4282e-05 -7.78351e-05
8.347 1.38057e-05 -7.77907e-05
8.348 1.33287e-05 -7.77779e-05
8.349 1.28513e-05 -7.78039e-05
8.35 1.2374e-05 -7.7853e-05
8.351 1.18971e-05 -7.78964e-05
8.352 1.14205e-05 -7.79086e-05
8.353 1.0944e-05 -7.78828e-05
8.354 1.04672e-05 -7.78345e-05
8.355 9.98973e-06 -7.77924e-05
8.356 9.5114e-06 -7.77812e-05
8.357 9.03225e-06 -7.78074e-05
8.358 8.5526e-06 -7.78551e-05
8.359 8.07295e-06 -7.7896e-05
8.36 7.5939e-06 -7.79059e-05
8.361 7.1159e-06 -7.7879e-05
8.362 6.6392e-06 -7.78314e-05
8.363 6.16374e-06 -7.77914e-05
8.364 5.68919e-06 -7.77826e-05
8.365 5.21508e-06 -7.78102e-05
8.366 4.74096e-06 -7.78579e-05
8.367 4.2666e-06 -7.78974e-05
8.368 3.79202e-06 -7.79054e-05
8.369 3.3176e-06 -7.78773e-05
8.37 2.84392e-06 -7.78297e-05
8.371 2.37164e-06 -7.77908e-05
8.372 1.90132e-06 -7.77833e-05
8.373 1.43324e-06 -7.78115e-05
8.374 9.67329e-07 -7.78587e-05
8.375 5.03229e-07 -7.78969e-05
8.376 4.03923e-08 -7.79037e-05
8.377 -4.21717e-07 -7.78754e-05
8.378 -8.83433e-07 -7.78288e-05
8.379 -1.34476e-06 -7.77917e-05
8.38 -1.80534e-06 -7.77858e-05
8.381 -2.26456e-06 -7.78143e-05
8.382 -2.72167e-06 -7.78601e-05
8.383 -3.17605e-06 -7.7896e-05
8.384 -3.62735e-06 -7.79009e-05
8.385 -4.0756e-06 -7.78721e-05
8.386 -4.52117e-06 -7.78269e-05
8.387 -4.96468e-06 -7.77922e-05
8.388 -5.40671e-06 -7.77885e-05
8.389 -5.84771e-06 -7.78178e-05
8.39 -6.28772e-06 -7.78623e-05
8.391 -6.72644e-06 -7.78957e-05
8.392 -7.16321e-06 -7.78982e-05
8.393 -7.59726e-06 -7.78687e-05
8.394 -8.02788e-06 -7.78249e-05
8.395 -8.45466e-06 -7.77928e-05
8.396 -8.87757e-06 -7.77915e-05
8.397 -9.297e-06 -7.78214e-05
8.398 -9.71359e-06 -7.78644e-05
8.399 -1.0128e-05 -7.78949e-05
8.4 -1.05408e-05 -7.7895e-05
8.401 -1.09521e-05 -7.78648e-05
8.402 -1.13616e-05 -7.78228e-05
8.403 -1.17687e-05 -7.7794e-05
8.404 -1.21726e-05 -7.77955e-05
8.405 -1.25724e-05 -7.7826e-05
8.406 -1.29678e-05 -7.78669e-05
8.407 -1.33585e-05 -7.78937e-05
8.408 -1.37449e-05 -7.78903e-05
8.409 -1.41278e-05 -7.78592e-05
8.41 -1.45078e-05 -7.78194e-05
8.411 -1.48856e-05 -7.7795e-05
8.412 -1.52614e-05 -7.78007e-05
8.413 -1.56351e-05 -7.7833e-05
8.414 -1.60059e-05 -7.7872e-05
8.415 -1.63732e-05 -7.78941e-05
8.416 -1.67361e-05 -7.78856e-05
8.417 -1.70938e-05 -7.78516e-05
8.418 -1.74464e-05 -7.78127e-05
8.419 -1.7794e-05 -7.77926e-05
8.42 -1.81373e-05 -7.7804e-05
8.421 -1.84772e-05 -7.78403e-05
8.422 -1.88143e-05 -7.78799e-05
8.423 -1.91489e-05 -7.78988e-05
8.424 -1.9481e-05 -7.78849e-05
8.425 -1.98101e-05 -7.7846e-05
8.426 -2.01353e-05 -7.7805e-05
8.427 -2.04557e-05 -7.77865e-05
8.428 -2.07708e-05 -7.78023e-05
8.429 -2.10801e-05 -7.78436e-05
8.43 -2.13839e-05 -7.78864e-05
8.431 -2.16829e-05 -7.79054e-05
8.432 -2.19778e-05 -7.78888e-05
8.433 -2.22695e-05 -7.78456e-05
8.434 -2.25583e-05 -7.78007e-05
8.435 -2.28443e-05 -7.77804e-05
8.436 -2.31271e-05 -7.77969e-05
8.437 -2.34059e-05 -7.78412e-05
8.438 -2.36797e-05 -7.7888e-05
8.439 -2.39478e-05 -7.79103e-05
8.44 -2.42099e-05 -7.7895e-05
8.441 -2.44661e-05 -7.78507e-05
8.442 -2.47169e-05 -7.78027e-05
8.443 -2.49632e-05 -7.77781e-05
8.444 -2.52057e-05 -7.77909e-05
8.445 -2.54452e-05 -7.78337e-05
8.446 -2.56816e-05 -7.7882e-05
8.447 -2.59146e-05 -7.79087e-05
8.448 -2.61436e-05 -7.78992e-05
8.449 -2.63676e-05 -7.78596e-05
8.45 -2.65858e-05 -7.78127e-05
8.451 -2.67978e-05 -7.77848e-05
8.452 -2.70036e-05 -7.77906e-05
8.453 -2.72037e-05 -7.78256e-05
8.454 -2.73989e-05 -7.78692e-05
8.455 -2.759e-05 -7.78969e-05
8.456 -2.77777e-05 -7.78942e-05
8.457 -2.79621e-05 -7.78644e-05
8.458 -2.8143e-05 -7.78258e-05
8.459 -2.83198e-05 -7.78004e-05
8.46 -2.84917e-05 -7.78014e-05
8.461 -2.86579e-05 -7.7826e-05
8.462 -2.88179e-05 -7.78585e-05
8.463 -2.89716e-05 -7.78798e-05
8.464 -2.91195e-05 -7.78789e-05
8.465 -2.92622e-05 -7.78586e-05
8.466 -2.94006e-05 -7.78326e-05
8.467 -2.95353e-05 -7.78167e-05
8.468 -2.96666e-05 -7.78192e-05
8.469 -2.97943e-05 -7.78365e-05
8.47 -2.9918e-05 -7.78564e-05
8.471 -3.00368e-05 -7.78663e-05
8.472 -3.01499e-05 -7.78609e-05
8.473 -3.02569e-05 -7.78453e-05
8.474 -3.03577e-05 -7.78307e-05
8.475 -3.04526e-05 -7.7827e-05
8.476 -3.05423e-05 -7.78362e-05
8.477 -3.06276e-05 -7.78513e-05
8.478 -3.07091e-05 -7.78615e-05
8.479 -3.07872e-05 -7.78593e-05
8.48 -3.08618e-05 -7.78459e-05
8.481 -3.09323e-05 -7.78303e-05
8.482 -3.09981e-05 -7.78237e-05
8.483 -3.10584e-05 -7.78313e-05
8.484 -3.11126e-05 -7.78492e-05
8.485 -3.11607e-05 -7.78658e-05
8.486 -3.12029e-05 -7.78697e-05
8.487 -3.124e-05 -7.7857e-05
8.488 -3.12727e-05 -7.78347e-05
8.489 -3.13017e-05 -7.78166e-05
8.49 -3.13273e-05 -7.7815e-05
8.491 -3.13496e-05 -7.78322e-05
8.492 -3.1368e-05 -7.78589e-05
8.493 -3.13818e-05 -7.78788e-05
8.494 -3.13902e-05 -7.78788e-05
8.495 -3.13928e-05 -7.78573e-05
8.496 -3.13893e-05 -7.78263e-05
8.497 -3.13801e-05 -7.78042e-05
8.498 -3.13658e-05 -7.78055e-05
8.499 -3.13472e-05 -7.78308e-05
8.5 -3.13251e-05 -7.78663e-05
8.501 -3.13e-05 -7.7891e-05
8.502 -3.12717e-05 -7.78891e-05
8.503 -3.12398e-05 -7.78603e-05
8.504 -3.12037e-05 -7.78204e-05
8.505 -3.11623e-05 -7.77928e-05
8.506 -3.11152e-05 -7.77945e-05
8.507 -3.10622e-05 -7.7826e-05
8.508 -3.10035e-05 -7.78699e-05
8.509 -3.09398e-05 -7.7901e-05
8.51 -3.0872e-05 -7.79003e-05
8.511 -3.08009e-05 -7.7867e-05
8.512 -3.0727e-05 -7.78196e-05
8.513 -3.06505e-05 -7.77853e-05
8.514 -3.05708e-05 -7.77844e-05
8.515 -3.04873e-05 -7.78185e-05
8.516 -3.0399e-05 -7.78686e-05
8.517 -3.03052e-05 -7.79059e-05
8.518 -3.02057e-05 -7.79085e-05
8.519 -3.01005e-05 -7.78743e-05
8.52 -2.99904e-05 -7.78223e-05
8.521 -2.98762e-05 -7.77825e-05
8.522 -2.97588e-05 -7.77781e-05
8.523 -2.9639e-05 -7.78121e-05
8.524 -2.9517e-05 -7.78653e-05
8.525 -2.93923e-05 -7.79072e-05
8.526 -2.92644e-05 -7.79134e-05
8.527 -2.91323e-05 -7.78799e-05
8.528 -2.89952e-05 -7.78259e-05
8.529 -2.88526e-05 -7.77823e-05
8.53 -2.87047e-05 -7.77745e-05
8.531 -2.85518e-05 -7.78071e-05
8.532 -2.8395e-05 -7.78617e-05
8.533 -2.82351e-05 -7.79068e-05
8.534 -2.8073e-05 -7.79164e-05
8.535 -2.7909e-05 -7.78849e-05
8.536 -2.7743e-05 -7.78302e-05
8.537 -2.75743e-05 -7.77838e-05
8.538 -2.7402e-05 -7.77722e-05
8.539 -2.72252e-05 -7.78021e-05
8.54 -2.70434e-05 -7.78563e-05
8.541 -2.68566e-05 -7.79036e-05
8.542 -2.6665e-05 -7.79171e-05
8.543 -2.64696e-05 -7.78893e-05
8.544 -2.62713e-05 -7.78364e-05
8.545 -2.60711e-05 -7.77888e-05
8.546 -2.58694e-05 -7.77736e-05
8.547 -2.56661e-05 -7.77992e-05
8.548 -2.54608e-05 -7.78504e-05
8.549 -2.52526e-05 -7.78976e-05
8.55 -2.50406e-05 -7.79141e-05
8.551 -2.48241e-05 -7.78908e-05
8.552 -2.46029e-05 -7.78416e-05
8.553 -2.43771e-05 -7.77951e-05
8.554 -2.41476e-05 -7.77776e-05
8.555 -2.39154e-05 -7.77988e-05
8.556 -2.36814e-05 -7.78457e-05
8.557 -2.34464e-05 -7.78912e-05
8.558 -2.32103e-05 -7.79094e-05
8.559 -2.29729e-05 -7.78905e-05
8.56 -2.27335e-05 -7.78461e-05
8.561 -2.24909e-05 -7.78019e-05
8.562 -2.22446e-05 -7.77831e-05
8.563 -2.1994e-05 -7.77997e-05
8.564 -2.17392e-05 -7.78414e-05
8.565 -2.14808e-05 -7.78838e-05
8.566 -2.12198e-05 -7.79029e-05
8.567 -2.09572e-05 -7.78886e-05
8.568 -2.06937e-05 -7.785e-05
8.569 -2.04296e-05 -7.78097e-05
8.57 -2.01649e-05 -7.77906e-05
8.571 -1.98989e-05 -7.78028e-05
8.572 -1.96307e-05 -7.78382e-05
8.573 -1.93595e-05 -7.7876e-05
8.574 -1.90847e-05 -7.78947e-05
8.575 -1.88062e-05 -7.78845e-05
8.576 -1.85244e-05 -7.78522e-05
8.577 -1.82402e-05 -7.78171e-05
8.578 -1.79544e-05 -7.77991e-05
8.579 -1.7668e-05 -7.78077e-05
8.58 -1.73813e-05 -7.78369e-05
8.581 -1.70945e-05 -7.78692e-05
8.582 -1.68071e-05 -7.78862e-05
8.583 -1.65183e-05 -7.7879e-05
8.584 -1.62275e-05 -7.78526e-05
8.585 -1.59338e-05 -7.78229e-05
8.586 -1.56371e-05 -7.78069e-05
8.587 -1.53375e-05 -7.78129e-05
8.588 -1.50358e-05 -7.78366e-05
8.589 -1.47327e-05 -7.78638e-05
8.59 -1.44291e-05 -7.78792e-05
8.591 -1.41256e-05 -7.78745e-05
8.592 -1.38223e-05 -7.78534e-05
8.593 -1.3519e-05 -7.78284e-05
8.594 -1.32151e-05 -7.78135e-05
8.595 -1.291e-05 -7.78164e-05
8.596 -1.26029e-05 -7.78347e-05
8.597 -1.22935e-05 -7.78574e-05
8.598 -1.19819e-05 -7.78721e-05
8.599 -1.16685e-05 -7.78712e-05
8.6 -1.13541e-05 -7.78563e-05
8.601 -1.10393e-05 -7.78361e-05
8.602 -1.07249e-05 -7.78216e-05
8.603 -1.04111e-05 -7.782e-05
8.604 -1.00978e-05 -7.78311e-05
8.605 -9.78449e-06 -7.78482e-05
8.606 -9.47068e-06 -7.78623e-05
8.607 -9.15574e-06 -7.78665e-05
8.608 -8.83929e-06 -7.78598e-05
8.609 -8.5213e-06 -7.78464e-05
8.61 -8.20208e-06 -7.78332e-05
8.611 -7.88221e-06 -7.78264e-05
8.612 -7.56235e-06 -7.78283e-05
8.613 -7.24311e-06 -7.78372e-05
8.614 -6.92479e-06 -7.78486e-05
8.615 -6.60741e-06 -7.78576e-05
8.616 -6.29065e-06 -7.78607e-05
8.617 -5.97401e-06 -7.78571e-05
8.618 -5.65699e-06 -7.78484e-05
8.619 -5.33919e-06 -7.78382e-05
8.62 -5.02054e-06 -7.78304e-05
8.621 -4.70123e-06 -7.78284e-05
8.622 -4.38174e-06 -7.78332e-05
8.623 -4.06265e-06 -7.78433e-05
8.624 -3.74449e-06 -7.78547e-05
8.625 -3.42761e-06 -7.78622e-05
8.626 -3.11208e-06 -7.78619e-05
8.627 -2.79768e-06 -7.78531e-05
8.628 -2.48402e-06 -7.78395e-05
8.629 -2.17066e-06 -7.78275e-05
8.63 -1.85725e-06 -7.78234e-05
8.631 -1.54366e-06 -7.783e-05
8.632 -1.23002e-06 -7.78444e-05
8.633 -9.1669e-07 -7.78594e-05
8.634 -6.04158e-07 -7.78671e-05
8.635 -2.92893e-07 -7.78629e-05
8.636 1.67774e-08 -7.78488e-05
8.637 3.24749e-07 -7.78321e-05
8.638 6.31151e-07 -7.78221e-05
8.639 9.36284e-07 -7.78244e-05
8.64 1.24051e-06 -7.78378e-05
8.641 1.54411e-06 -7.78549e-05
8.642 1.84722e-06 -7.7866e-05
8.643 2.14975e-06 -7.78647e-05
8.644 2.45141e-06 -7.78518e-05
8.645 2.75181e-06 -7.78348e-05
8.646 3.05057e-06 -7.78238e-05
8.647 3.34741e-06 -7.78253e-05
8.648 3.64223e-06 -7.78382e-05
8.649 3.93513e-06 -7.78548e-05
8.65 4.22634e-06 -7.78649e-05
8.651 4.51616e-06 -7.78623e-05
8.652 4.80482e-06 -7.78485e-05
8.653 5.0924e-06 -7.78321e-05
8.654 5.37881e-06 -7.78233e-05
8.655 5.66382e-06 -7.78279e-05
8.656 5.94708e-06 -7.78433e-05
8.657 6.22828e-06 -7.786e-05
8.658 6.5072e-06 -7.78673e-05
8.659 6.78376e-06 -7.78601e-05
8.66 7.05806e-06 -7.78423e-05
8.661 7.33032e-06 -7.78248e-05
8.662 7.60078e-06 -7.78188e-05
8.663 7.86962e-06 -7.78289e-05
8.664 8.13689e-06 -7.78497e-05
8.665 8.40251e-06 -7.78686e-05
8.666 8.66624e-06 -7.78735e-05
8.667 8.92778e-06 -7.78602e-05
8.668 9.18687e-06 -7.7836e-05
8.669 9.44333e-06 -7.78152e-05
8.67 9.69713e-06 -7.78111e-05
8.671 9.94839e-06 -7.78275e-05
8.672 1.01973e-05 -7.78557e-05
8.673 1.04441e-05 -7.7879e-05
8.674 1.06889e-05 -7.78828e-05
8.675 1.09317e-05 -7.78633e-05
8.676 1.11724e-05 -7.78308e-05
8.677 1.14108e-05 -7.78042e-05
8.678 1.16466e-05 -7.78001e-05
8.679 1.18795e-05 -7.78224e-05
8.68 1.21095e-05 -7.78593e-05
8.681 1.23366e-05 -7.78897e-05
8.682 1.25608e-05 -7.7895e-05
8.683 1.27825e-05 -7.78707e-05
8.684 1.30019e-05 -7.78295e-05
8.685 1.3219e-05 -7.77948e-05
8.686 1.34338e-05 -7.77874e-05
8.687 1.36462e-05 -7.7813e-05
8.688 1.3856e-05 -7.78579e-05
8.689 1.40627e-05 -7.78969e-05
8.69 1.42663e-05 -7.79069e-05
8.691 1.44666e-05 -7.7881e-05
8.692 1.46636e-05 -7.7833e-05
8.693 1.48576e-05 -7.779e-05
8.694 1.50489e-05 -7.77771e-05
8.695 1.52377e-05 -7.78027e-05
8.696 1.54241e-05 -7.78529e-05
8.697 1.56081e-05 -7.78994e-05
8.698 1.57894e-05 -7.79153e-05
8.699 1.59679e-05 -7.78907e-05
8.7 1.61431e-05 -7.78389e-05
8.701 1.63147e-05 -7.77892e-05
8.702 1.64828e-05 -7.77703e-05
8.703 1.66474e-05 -7.77935e-05
8.704 1.68087e-05 -7.78462e-05
8.705 1.69671e-05 -7.78985e-05
8.706 1.71228e-05 -7.79205e-05
8.707 1.72762e-05 -7.78991e-05
8.708 1.74271e-05 -7.78462e-05
8.709 1.75753e-05 -7.77918e-05
8.71 1.77205e-05 -7.77671e-05
8.711 1.78623e-05 -7.77863e-05
8.712 1.80003e-05 -7.78386e-05
8.713 1.81345e-05 -7.78942e-05
8.714 1.8265e-05 -7.79213e-05
8.715 1.83919e-05 -7.79046e-05
8.716 1.85157e-05 -7.78535e-05
8.717 1.86369e-05 -7.77975e-05
8.718 1.87555e-05 -7.77685e-05
8.719 1.88718e-05 -7.77828e-05
8.72 1.89854e-05 -7.7832e-05
8.721 1.9096e-05 -7.78877e-05
8.722 1.92032e-05 -7.79179e-05
8.723 1.93066e-05 -7.79057e-05
8.724 1.9406e-05 -7.78586e-05
8.725 1.95014e-05 -7.7804e-05
8.726 1.95931e-05 -7.77733e-05
8.727 1.96816e-05 -7.77836e-05
8.728 1.97673e-05 -7.78284e-05
8.729 1.98505e-05 -7.78814e-05
8.73 1.99313e-05 -7.79121e-05
8.731 2.00096e-05 -7.79034e-05
8.732 2.0085e-05 -7.78611e-05
8.733 2.0157e-05 -7.78102e-05
8.734 2.02252e-05 -7.77802e-05
8.735 2.02894e-05 -7.77876e-05
8.736 2.03495e-05 -7.78273e-05
8.737 2.04058e-05 -7.78755e-05
8.738 2.04588e-05 -7.79041e-05
8.739 2.05088e-05 -7.78974e-05
8.74 2.05564e-05 -7.78602e-05
8.741 2.06018e-05 -7.78152e-05
8.742 2.06448e-05 -7.77887e-05
8.743 2.0685e-05 -7.77954e-05
8.744 2.07221e-05 -7.78303e-05
8.745 2.07555e-05 -7.78719e-05
8.746 2.07848e-05 -7.78956e-05
8.747 2.081e-05 -7.78882e-05
8.748 2.08314e-05 -7.78551e-05
8.749 2.08492e-05 -7.78169e-05
8.75 2.08641e-05 -7.77965e-05
8.751 2.08765e-05 -7.78054e-05
8.752 2.08869e-05 -7.78373e-05
8.753 2.0895e-05 -7.78723e-05
8.754 2.09008e-05 -7.78892e-05
8.755 2.09037e-05 -7.78783e-05
8.756 2.0903e-05 -7.78468e-05
8.757 2.08985e-05 -7.78145e-05
8.758 2.089e-05 -7.7801e-05
8.759 2.08774e-05 -7.78144e-05
8.76 2.08613e-05 -7.7846e-05
8.761 2.08421e-05 -7.78762e-05
8.762 2.08206e-05 -7.78865e-05
8.763 2.07969e-05 -7.78707e-05
8.764 2.07713e-05 -7.78386e-05
8.765 2.07436e-05 -7.78101e-05
8.766 2.07133e-05 -7.78025e-05
8.767 2.06799e-05 -7.78206e-05
8.768 2.06429e-05 -7.78533e-05
8.769 2.0602e-05 -7.78805e-05
8.77 2.05573e-05 -7.78857e-05
8.771 2.05089e-05 -7.78656e-05
8.772 2.04575e-05 -7.78325e-05
8.773 2.04037e-05 -7.78066e-05
8.774 2.03478e-05 -7.78037e-05
8.775 2.02902e-05 -7.78256e-05
8.776 2.02306e-05 -7.78588e-05
8.777 2.01689e-05 -7.78832e-05
8.778 2.01044e-05 -7.78837e-05
8.779 2.00365e-05 -7.78601e-05
8.78 1.99651e-05 -7.78268e-05
8.781 1.98899e-05 -7.78044e-05
8.782 1.98113e-05 -7.78067e-05
8.783 1.97297e-05 -7.78325e-05
8.784 1.96457e-05 -7.78658e-05
8.785 1.95599e-05 -7.78861e-05
8.786 1.94724e-05 -7.78804e-05
8.787 1.93833e-05 -7.78518e-05
8.788 1.92924e-05 -7.78177e-05
8.789 1.9199e-05 -7.77993e-05
8.79 1.91027e-05 -7.78087e-05
8.791 1.90029e-05 -7.7841e-05
8.792 1.88997e-05 -7.78769e-05
8.793 1.87931e-05 -7.78942e-05
8.794 1.86836e-05 -7.78815e-05
8.795 1.85718e-05 -7.78451e-05
8.796 1.84583e-05 -7.78063e-05
8.797 1.83434e-05 -7.77888e-05
8.798 1.82273e-05 -7.78041e-05
8.799 1.81097e-05 -7.78446e-05
8.8 1.79902e-05 -7.78869e-05
8.801 1.7868e-05 -7.79058e-05
8.802 1.77429e-05 -7.78891e-05
8.803 1.76144e-05 -7.78453e-05
8.804 1.74826e-05 -7.77993e-05
8.805 1.7348e-05 -7.7778e-05
8.806 1.72111e-05 -7.77948e-05
8.807 1.70726e-05 -7.7841e-05
8.808 1.69331e-05 -7.78904e-05
8.809 1.67926e-05 -7.79145e-05
8.81 1.66511e-05 -7.78987e-05
8.811 1.65082e-05 -7.78513e-05
8.812 1.63632e-05 -7.77991e-05
8.813 1.62156e-05 -7.7772e-05
8.814 1.60649e-05 -7.7786e-05
8.815 1.59112e-05 -7.78335e-05
8.816 1.57547e-05 -7.78877e-05
8.817 1.55959e-05 -7.79176e-05
8.818 1.54356e-05 -7.7906e-05
8.819 1.52744e-05 -7.78593e-05
8.82 1.51125e-05 -7.78041e-05
8.821 1.49501e-05 -7.77718e-05
8.822 1.47869e-05 -7.77808e-05
8.823 1.46221e-05 -7.7826e-05
8.824 1.44553e-05 -7.78814e-05
8.825 1.42859e-05 -7.79154e-05
8.826 1.41136e-05 -7.79089e-05
8.827 1.39387e-05 -7.78659e-05
8.828 1.37615e-05 -7.78112e-05
8.829 1.35828e-05 -7.7776e-05
8.83 1.34032e-05 -7.77802e-05
8.831 1.32233e-05 -7.78208e-05
8.832 1.30432e-05 -7.78741e-05
8.833 1.28627e-05 -7.79097e-05
8.834 1.26815e-05 -7.79074e-05
8.835 1.24988e-05 -7.78693e-05
8.836 1.23141e-05 -7.78179e-05
8.837 1.2127e-05 -7.77827e-05
8.838 1.19375e-05 -7.77837e-05
8.839 1.17457e-05 -7.78195e-05
8.84 1.15524e-05 -7.78688e-05
8.841 1.13582e-05 -7.7903e-05
8.842 1.11637e-05 -7.79027e-05
8.843 1.09693e-05 -7.78687e-05
8.844 1.07751e-05 -7.78214e-05
8.845 1.05807e-05 -7.77885e-05
8.846 1.03855e-05 -7.77887e-05
8.847 1.0189e-05 -7.78215e-05
8.848 9.99069e-06 -7.78671e-05
8.849 9.79028e-06 -7.78989e-05
8.85 9.58791e-06 -7.78984e-05
8.851 9.38401e-06 -7.78665e-05
8.852 9.17922e-06 -7.78221e-05
8.853 8.97419e-06 -7.77912e-05
8.854 8.7694e-06 -7.77918e-05
8.855 8.56507e-06 -7.78232e-05
8.856 8.36106e-06 -7.78668e-05
8.857 8.15695e-06 -7.78971e-05
8.858 7.95219e-06 -7.78965e-05
8.859 7.74623e-06 -7.78656e-05
8.86 7.53871e-06 -7.78225e-05
8.861 7.32958e-06 -7.77924e-05
8.862 7.11911e-06 -7.77927e-05
8.863 6.90782e-06 -7.78232e-05
8.864 6.69631e-06 -7.78661e-05
8.865 6.48514e-06 -7.78964e-05
8.866 6.27466e-06 -7.78967e-05
8.867 6.0649e-06 -7.78668e-05
8.868 5.8556e-06 -7.7824e-05
8.869 5.64628e-06 -7.7793e-05
8.87 5.43642e-06 -7.77916e-05
8.871 5.22558e-06 -7.78206e-05
8.872 5.01357e-06 -7.78633e-05
8.873 4.8005e-06 -7.78954e-05
8.874 4.58673e-06 -7.78985e-05
8.875 4.37281e-06 -7.78709e-05
8.876 4.1593e-06 -7.78284e-05
8.877 3.94663e-06 -7.77952e-05
8.878 3.73498e-06 -7.77899e-05
8.879 3.52425e-06 -7.78154e-05
8.88 3.3141e-06 -7.78572e-05
8.881 3.10405e-06 -7.78917e-05
8.882 2.89366e-06 -7.78996e-05
8.883 2.68263e-06 -7.78767e-05
8.884 2.47091e-06 -7.78361e-05
8.885 2.25872e-06 -7.78006e-05
8.886 2.04649e-06 -7.77899e-05
8.887 1.83473e-06 -7.78096e-05
8.888 1.62391e-06 -7.78485e-05
8.889 1.4143e-06 -7.78848e-05
8.89 1.20595e-06 -7.78984e-05
8.891 9.98656e-07 -7.78822e-05
8.892 7.92038e-07 -7.78457e-05
8.893 5.85676e-07 -7.78091e-05
8.894 3.7923e-07 -7.77925e-05
8.895 1.72549e-07 -7.78046e-05
8.896 -3.42789e-08 -7.78382e-05
8.897 -2.40949e-07 -7.78746e-05
8.898 -4.47026e-07 -7.7894e-05
8.899 -6.52059e-07 -7.78864e-05
8.9 -8.55712e-07 -7.78565e-05
8.901 -1.05784e-06 -7.7821e-05
8.902 -1.25854e-06 -7.77991e-05
8.903 -1.45808e-06 -7.78022e-05
8.904 -1.65683e-06 -7.78277e-05
8.905 -1.85515e-06 -7.78614e-05
8.906 -2.05327e-06 -7.7885e-05
8.907 -2.25119e-06 -7.78864e-05
8.908 -2.44874e-06 -7.78657e-05
8.909 -2.64556e-06 -7.78347e-05
8.91 -2.84123e-06 -7.78103e-05
8.911 -3.03537e-06 -7.7805e-05
8.912 -3.22778e-06 -7.78207e-05
8.913 -3.41842e-06 -7.78482e-05
8.914 -3.60747e-06 -7.78725e-05
8.915 -3.79523e-06 -7.7881e-05
8.916 -3.98205e-06 -7.787e-05
8.917 -4.1682e-06 -7.78464e-05
8.918 -4.35381e-06 -7.78232e-05
8.919 -4.5388e-06 -7.78124e-05
8.92 -4.72293e-06 -7.78191e-05
8.921 -4.90585e-06 -7.78387e-05
8.922 -5.08718e-06 -7.78603e-05
8.923 -5.26665e-06 -7.78725e-05
8.924 -5.44414e-06 -7.78694e-05
8.925 -5.6197e-06 -7.78535e-05
8.926 -5.79355e-06 -7.78339e-05
8.927 -5.96598e-06 -7.78209e-05
8.928 -6.13726e-06 -7.78212e-05
8.929 -6.30759e-06 -7.78337e-05
8.93 -6.477e-06 -7.78514e-05
8.931 -6.64535e-06 -7.78647e-05
8.932 -6.81239e-06 -7.78669e-05
8.933 -6.9778e-06 -7.78574e-05
8.934 -7.1413e-06 -7.78415e-05
8.935 -7.30271e-06 -7.78279e-05
8.936 -7.46201e-06 -7.78234e-05
8.937 -7.6193e-06 -7.78301e-05
8.938 -7.77481e-06 -7.78441e-05
8.939 -7.92879e-06 -7.78579e-05
8.94 -8.08144e-06 -7.78646e-05
8.941 -8.23283e-06 -7.78609e-05
8.942 -8.38294e-06 -7.78491e-05
8.943 -8.53157e-06 -7.78353e-05
8.944 -8.67848e-06 -7.78265e-05
8.945 -8.82342e-06 -7.7827e-05
8.946 -8.96619e-06 -7.78362e-05
8.947 -9.10672e-06 -7.78493e-05
8.948 -9.24506e-06 -7.78597e-05
8.949 -9.38138e-06 -7.78625e-05
8.95 -9.51588e-06 -7.78565e-05
8.951 -9.64876e-06 -7.7845e-05
8.952 -9.78015e-06 -7.78337e-05
8.953 -9.91004e-06 -7.7828e-05
8.954 -1.00383e-05 -7.78304e-05
8.955 -1.01648e-05 -7.78395e-05
8.956 -1.02892e-05 -7.78506e-05
8.957 -1.04114e-05 -7.78584e-05
8.958 -1.05313e-05 -7.78593e-05
8.959 -1.06488e-05 -7.78533e-05
8.96 -1.0764e-05 -7.78434e-05
8.961 -1.08773e-05 -7.78345e-05
8.962 -1.09886e-05 -7.78307e-05
8.963 -1.10983e-05 -7.78336e-05
8.964 -1.12064e-05 -7.78414e-05
8.965 -1.13128e-05 -7.78504e-05
8.966 -1.14174e-05 -7.78562e-05
8.967 -1.15198e-05 -7.78564e-05
8.968 -1.16201e-05 -7.78511e-05
8.969 -1.17179e-05 -7.7843e-05
8.97 -1.18132e-05 -7.7836e-05
8.971 -1.19062e-05 -7.78333e-05
8.972 -1.19969e-05 -7.78358e-05
8.973 -1.20856e-05 -7.78422e-05
8.974 -1.21724e-05 -7.78494e-05
8.975 -1.22576e-05 -7.7854e-05
8.976 -1.23409e-05 -7.78541e-05
8.977 -1.24225e-05 -7.78499e-05
8.978 -1.2502e-05 -7.78435e-05
8.979 -1.25793e-05 -7.78378e-05
8.98 -1.26542e-05 -7.78354e-05
8.981 -1.27266e-05 -7.78373e-05
8.982 -1.27965e-05 -7.78423e-05
8.983 -1.28641e-05 -7.78481e-05
8.984 -1.29294e-05 -7.7852e-05
8.985 -1.29927e-05 -7.78523e-05
8.986 -1.30541e-05 -7.78492e-05
8.987 -1.31138e-05 -7.78441e-05
8.988 -1.31717e-05 -7.78395e-05
8.989 -1.32277e-05 -7.78373e-05
8.99 -1.32816e-05 -7.78385e-05
8.991 -1.33332e-05 -7.78423e-05
8.992 -1.33824e-05 -7.78469e-05
8.993 -1.3429e-05 -7.78501e-05
8.994 -1.34732e-05 -7.78506e-05
8.995 -1.35151e-05 -7.78483e-05
8.996 -1.35547e-05 -7.78446e-05
8.997 -1.35924e-05 -7.78411e-05
8.998 -1.36282e-05 -7.78394e-05
8.999 -1.36622e-05 -7.78401e-05
9 -1.36945e-05 -7.78426e-05
9.001 -1.37247e-05 -7.78457e-05
9.002 -1.37529e-05 -7.78479e-05
9.003 -1.37788e-05 -7.78485e-05
9.004 -1.38023e-05 -7.78473e-05
9.005 -1.38234e-05 -7.78452e-05
9.006 -1.38421e-05 -7.7843e-05
9.007 -1.38585e-05 -7.78416e-05
9.008 -1.38728e-05 -7.78414e-05
9.009 -1.38852e-05 -7.78424e-05
9.01 -1.38958e-05 -7.78441e-05
9.011 -1.39046e-05 -7.78458e-05
9.012 -1.39116e-05 -7.78471e-05
9.013 -1.39166e-05 -7.78474e-05
9.014 -1.39196e-05 -7.78467e-05
9.015 -1.39203e-05 -7.78451e-05
9.016 -1.39187e-05 -7.7843e-05
9.017 -1.39148e-05 -7.78413e-05
9.018 -1.39086e-05 -7.78407e-05
9.019 -1.39003e-05 -7.78419e-05
9.02 -1.38901e-05 -7.78445e-05
9.021 -1.3878e-05 -7.78474e-05
9.022 -1.38642e-05 -7.78492e-05
9.023 -1.38486e-05 -7.78489e-05
9.024 -1.38313e-05 -7.78462e-05
9.025 -1.38121e-05 -7.78423e-05
9.026 -1.37909e-05 -7.78392e-05
9.027 -1.37675e-05 -7.78386e-05
9.028 -1.3742e-05 -7.78412e-05
9.029 -1.37142e-05 -7.78457e-05
9.03 -1.36843e-05 -7.78499e-05
9.031 -1.36525e-05 -7.78514e-05
9.032 -1.36188e-05 -7.7849e-05
9.033 -1.35834e-05 -7.78439e-05
9.034 -1.35464e-05 -7.78388e-05
9.035 -1.35078e-05 -7.78366e-05
9.036 -1.34676e-05 -7.78388e-05
9.037 -1.34255e-05 -7.78444e-05
9.038 -1.33816e-05 -7.78502e-05
9.039 -1.33356e-05 -7.7853e-05
9.04 -1.32876e-05 -7.78508e-05
9.041 -1.32376e-05 -7.78448e-05
9.042 -1.31855e-05 -7.78382e-05
9.043 -1.31317e-05 -7.78351e-05
9.044 -1.30762e-05 -7.78375e-05
9.045 -1.30191e-05 -7.78443e-05
9.046 -1.29606e-05 -7.78514e-05
9.047 -1.29005e-05 -7.78546e-05
9.048 -1.2839e-05 -7.78516e-05
9.049 -1.27758e-05 -7.78438e-05
9.05 -1.27109e-05 -7.78359e-05
9.051 -1.26442e-05 -7.78328e-05
9.052 -1.25756e-05 -7.7837e-05
9.053 -1.25051e-05 -7.78463e-05
9.054 -1.24329e-05 -7.78554e-05
9.055 -1.2359e-05 -7.78584e-05
9.056 -1.22836e-05 -7.78527e-05
9.057 -1.22067e-05 -7.78411e-05
9.058 -1.21286e-05 -7.78302e-05
9.059 -1.20491e-05 -7.78269e-05
9.06 -1.19683e-05 -7.78341e-05
9.061 -1.18861e-05 -7.78486e-05
9.062 -1.18023e-05 -7.78622e-05
9.063 -1.17169e-05 -7.78665e-05
9.064 -1.16299e-05 -7.78579e-05
9.065 -1.15412e-05 -7.78402e-05
9.066 -1.14509e-05 -7.78231e-05
9.067 -1.13591e-05 -7.7817e-05
9.068 -1.1266e-05 -7.78265e-05
9.069 -1.11717e-05 -7.78473e-05
9.07 -1.10762e-05 -7.78684e-05
9.071 -1.09796e-05 -7.78771e-05
9.072 -1.08818e-05 -7.78676e-05
9.073 -1.07828e-05 -7.78438e-05
9.074 -1.06826e-05 -7.78186e-05
9.075 -1.05809e-05 -7.78066e-05
9.076 -1.04778e-05 -7.78156e-05
9.077 -1.03733e-05 -7.78417e-05
9.078 -1.02673e-05 -7.78709e-05
9.079 -1.01602e-05 -7.78866e-05
9.08 -1.00518e-05 -7.78787e-05
9.081 -9.94248e-06 -7.78507e-05
9.082 -9.83216e-06 -7.78176e-05
9.083 -9.72092e-06 -7.77982e-05
9.084 -9.60875e-06 -7.78046e-05
9.085 -9.4956e-06 -7.78341e-05
9.086 -9.38137e-06 -7.7871e-05
9.087 -9.26601e-06 -7.78942e-05
9.088 -9.14946e-06 -7.78896e-05
9.089 -9.03172e-06 -7.78587e-05
9.09 -8.91285e-06 -7.78181e-05
9.091 -8.79293e-06 -7.77909e-05
9.092 -8.67207e-06 -7.77933e-05
9.093 -8.55039e-06 -7.78254e-05
9.094 -8.42797e-06 -7.78697e-05
9.095 -8.30486e-06 -7.79014e-05
9.096 -8.18104e-06 -7.79015e-05
9.097 -8.05648e-06 -7.78689e-05
9.098 -7.9311e-06 -7.78209e-05
9.099 -7.80484e-06 -7.77845e-05
9.1 -7.67764e-06 -7.77809e-05
9.101 -7.5495e-06 -7.78133e-05
9.102 -7.42047e-06 -7.78645e-05
9.103 -7.29062e-06 -7.79059e-05
9.104 -7.16007e-06 -7.79136e-05
9.105 -7.02893e-06 -7.78823e-05
9.106 -6.89728e-06 -7.78287e-05
9.107 -6.76518e-06 -7.77827e-05
9.108 -6.63263e-06 -7.77704e-05
9.109 -6.4996e-06 -7.77996e-05
9.11 -6.36602e-06 -7.78546e-05
9.111 -6.23183e-06 -7.79046e-05
9.112 -6.09696e-06 -7.79215e-05
9.113 -5.9614e-06 -7.78952e-05
9.114 -5.8252e-06 -7.784e-05
9.115 -5.68841e-06 -7.77868e-05
9.116 -5.55114e-06 -7.77655e-05
9.117 -5.41351e-06 -7.77884e-05
9.118 -5.27562e-06 -7.78428e-05
9.119 -5.13752e-06 -7.78982e-05
9.12 -4.99924e-06 -7.79233e-05
9.121 -4.86075e-06 -7.7904e-05
9.122 -4.72199e-06 -7.78512e-05
9.123 -4.5829e-06 -7.77949e-05
9.124 -4.44343e-06 -7.77668e-05
9.125 -4.30354e-06 -7.77827e-05
9.126 -4.16325e-06 -7.78331e-05
9.127 -4.02262e-06 -7.78893e-05
9.128 -3.88175e-06 -7.79193e-05
9.129 -3.74074e-06 -7.79065e-05
9.13 -3.59969e-06 -7.78586e-05
9.131 -3.45867e-06 -7.78035e-05
9.132 -3.31771e-06 -7.77726e-05
9.133 -3.1768e-06 -7.77833e-05
9.134 -3.03591e-06 -7.78287e-05
9.135 -2.89498e-06 -7.78822e-05
9.136 -2.75395e-06 -7.79129e-05
9.137 -2.61279e-06 -7.79036e-05
9.138 -2.47152e-06 -7.78602e-05
9.139 -2.33017e-06 -7.78084e-05
9.14 -2.18883e-06 -7.77785e-05
9.141 -2.04759e-06 -7.77875e-05
9.142 -1.90653e-06 -7.78294e-05
9.143 -1.76573e-06 -7.78795e-05
9.144 -1.62521e-06 -7.79082e-05
9.145 -1.48498e-06 -7.78991e-05
9.146 -1.345e-06 -7.78579e-05
9.147 -1.20524e-06 -7.78093e-05
9.148 -1.06566e-06 -7.77819e-05
9.149 -9.2623e-07 -7.77917e-05
9.15 -7.86966e-07 -7.78325e-05
9.151 -6.47909e-07 -7.78801e-05
9.152 -5.09128e-07 -7.79062e-05
9.153 -3.70701e-07 -7.78956e-05
9.154 -2.32704e-07 -7.78548e-05
9.155 -9.519e-08 -7.78079e-05
9.156 4.18139e-08 -7.77828e-05
9.157 1.78312e-07 -7.77943e-05
9.158 3.14331e-07 -7.78354e-05
9.159 4.49909e-07 -7.78818e-05
9.16 5.85076e-07 -7.7906e-05
9.161 7.19844e-07 -7.78938e-05
9.162 8.54195e-07 -7.78525e-05
9.163 9.88085e-07 -7.78064e-05
9.164 1.12145e-06 -7.77828e-05
9.165 1.25421e-06 -7.77955e-05
9.166 1.3863e-06 -7.7837e-05
9.167 1.51767e-06 -7.78828e-05
9.168 1.64831e-06 -7.79058e-05
9.169 1.77821e-06 -7.78928e-05
9.17 1.90742e-06 -7.78514e-05
9.171 2.03596e-06 -7.78062e-05
9.172 2.16386e-06 -7.77836e-05
9.173 2.29115e-06 -7.77969e-05
9.174 2.41779e-06 -7.7838e-05
9.175 2.54376e-06 -7.78824e-05
9.176 2.66898e-06 -7.79042e-05
9.177 2.7934e-06 -7.78907e-05
9.178 2.91695e-06 -7.78502e-05
9.179 3.03959e-06 -7.78068e-05
9.18 3.16128e-06 -7.7786e-05
9.181 3.28204e-06 -7.77999e-05
9.182 3.40188e-06 -7.78398e-05
9.183 3.52084e-06 -7.7882e-05
9.184 3.63893e-06 -7.79015e-05
9.185 3.75617e-06 -7.7887e-05
9.186 3.87257e-06 -7.78475e-05
9.187 3.98808e-06 -7.78067e-05
9.188 4.10268e-06 -7.77888e-05
9.189 4.2163e-06 -7.78041e-05
9.19 4.32891e-06 -7.78433e-05
9.191 4.44046e-06 -7.78828e-05
9.192 4.55091e-06 -7.78991e-05
9.193 4.66027e-06 -7.78826e-05
9.194 4.76852e-06 -7.78434e-05
9.195 4.87568e-06 -7.78049e-05
9.196 4.98178e-06 -7.77902e-05
9.197 5.0868e-06 -7.7808e-05
9.198 5.19078e-06 -7.78476e-05
9.199 5.29369e-06 -7.78854e-05
9.2 5.39552e-06 -7.78988e-05
9.201 5.49626e-06 -7.78799e-05
9.202 5.59585e-06 -7.78399e-05
9.203 5.69428e-06 -7.78025e-05
9.204 5.79151e-06 -7.77898e-05
9.205 5.8875e-06 -7.78094e-05
9.206 5.98225e-06 -7.78497e-05
9.207 6.07574e-06 -7.78868e-05
9.208 6.16798e-06 -7.7899e-05
9.209 6.25898e-06 -7.78792e-05
9.21 6.34876e-06 -7.78392e-05
9.211 6.43733e-06 -7.78026e-05
9.212 6.52471e-06 -7.77906e-05
9.213 6.6109e-06 -7.78102e-05
9.214 6.69587e-06 -7.78495e-05
9.215 6.77959e-06 -7.78853e-05
9.216 6.86202e-06 -7.78969e-05
9.217 6.9431e-06 -7.78778e-05
9.218 7.0228e-06 -7.78397e-05
9.219 7.1011e-06 -7.78051e-05
9.22 7.178e-06 -7.77941e-05
9.221 7.25352e-06 -7.78126e-05
9.222 7.32769e-06 -7.78493e-05
9.223 7.40058e-06 -7.78823e-05
9.224 7.47221e-06 -7.78926e-05
9.225 7.54261e-06 -7.78746e-05
9.226 7.61176e-06 -7.78396e-05
9.227 7.67962e-06 -7.78085e-05
9.228 7.74612e-06 -7.77991e-05
9.229 7.81118e-06 -7.78164e-05
9.23 7.87476e-06 -7.78494e-05
9.231 7.9368e-06 -7.78784e-05
9.232 7.99732e-06 -7.78867e-05
9.233 8.05636e-06 -7.78702e-05
9.234 8.11398e-06 -7.78396e-05
9.235 8.17027e-06 -7.78133e-05
9.236 8.2253e-06 -7.78064e-05
9.237 8.27908e-06 -7.78219e-05
9.238 8.3316e-06 -7.78497e-05
9.239 8.38281e-06 -7.78727e-05
9.24 8.43262e-06 -7.78777e-05
9.241 8.48091e-06 -7.78629e-05
9.242 8.52763e-06 -7.78383e-05
9.243 8.57274e-06 -7.78194e-05
9.244 8.61627e-06 -7.78171e-05
9.245 8.65827e-06 -7.78317e-05
9.246 8.69887e-06 -7.7853e-05
9.247 8.73816e-06 -7.78673e-05
9.248 8.77621e-06 -7.78659e-05
9.249 8.81304e-06 -7.78507e-05
9.25 8.84861e-06 -7.78323e-05
9.251 8.88281e-06 -7.7823e-05
9.252 8.91554e-06 -7.78289e-05
9.253 8.94668e-06 -7.78458e-05
9.254 8.97617e-06 -7.78619e-05
9.255 9.004e-06 -7.78662e-05
9.256 9.03024e-06 -7.78552e-05
9.257 9.05503e-06 -7.78357e-05
9.258 9.07849e-06 -7.78208e-05
9.259 9.10076e-06 -7.78211e-05
9.26 9.12189e-06 -7.78377e-05
9.261 9.14185e-06 -7.78606e-05
9.262 9.16055e-06 -7.78753e-05
9.263 9.17784e-06 -7.78711e-05
9.264 9.19355e-06 -7.78492e-05
9.265 9.20757e-06 -7.78221e-05
9.266 9.21986e-06 -7.78066e-05
9.267 9.23046e-06 -7.78135e-05
9.268 9.23954e-06 -7.78404e-05
9.269 9.24727e-06 -7.78721e-05
9.27 9.25384e-06 -7.78894e-05
9.271 9.25939e-06 -7.78807e-05
9.272 9.26394e-06 -7.78496e-05
9.273 9.26742e-06 -7.78135e-05
9.274 9.26964e-06 -7.77939e-05
9.275 9.27039e-06 -7.78032e-05
9.276 9.26947e-06 -7.78375e-05
9.277 9.26677e-06 -7.78775e-05
9.278 9.26228e-06 -7.78999e-05
9.279 9.25613e-06 -7.78907e-05
9.28 9.24856e-06 -7.78541e-05
9.281 9.23981e-06 -7.78108e-05
9.282 9.23012e-06 -7.77858e-05
9.283 9.2196e-06 -7.77943e-05
9.284 9.20824e-06 -7.78323e-05
9.285 9.19586e-06 -7.78783e-05
9.286 9.18222e-06 -7.79057e-05
9.287 9.16705e-06 -7.78981e-05
9.288 9.15012e-06 -7.78593e-05
9.289 9.13135e-06 -7.78113e-05
9.29 9.11081e-06 -7.77819e-05
9.291 9.08872e-06 -7.77884e-05
9.292 9.06538e-06 -7.78276e-05
9.293 9.04111e-06 -7.7877e-05
9.294 9.01614e-06 -7.79081e-05
9.295 8.99054e-06 -7.79026e-05
9.296 8.96421e-06 -7.78634e-05
9.297 8.93689e-06 -7.7813e-05
9.298 8.90826e-06 -7.77806e-05
9.299 8.878e-06 -7.77852e-05
9.3 8.8459e-06 -7.78242e-05
9.301 8.81196e-06 -7.78752e-05
9.302 8.77633e-06 -7.79087e-05
9.303 8.73935e-06 -7.79051e-05
9.304 8.70139e-06 -7.78663e-05
9.305 8.6628e-06 -7.78149e-05
9.306 8.62378e-06 -7.77805e-05
9.307 8.58431e-06 -7.77831e-05
9.308 8.54419e-06 -7.78214e-05
9.309 8.50308e-06 -7.78731e-05
9.31 8.46056e-06 -7.79084e-05
9.311 8.41632e-06 -7.79068e-05
9.312 8.37021e-06 -7.78692e-05
9.313 8.3223e-06 -7.78175e-05
9.314 8.27287e-06 -7.77814e-05
9.315 8.22234e-06 -7.77818e-05
9.316 8.17115e-06 -7.78183e-05
9.317 8.11963e-06 -7.78697e-05
9.318 8.06792e-06 -7.79063e-05
9.319 8.0159e-06 -7.79073e-05
9.32 7.96327e-06 -7.78722e-05
9.321 7.90959e-06 -7.78216e-05
9.322 7.85443e-06 -7.77846e-05
9.323 7.7975e-06 -7.77824e-05
9.324 7.73875e-06 -7.78158e-05
9.325 7.67836e-06 -7.78652e-05
9.326 7.61671e-06 -7.7902e-05
9.327 7.5543e-06 -7.79053e-05
9.328 7.49155e-06 -7.78737e-05
9.329 7.42874e-06 -7.7826e-05
9.33 7.3659e-06 -7.77898e-05
9.331 7.30279e-06 -7.77857e-05
9.332 7.23902e-06 -7.78155e-05
9.333 7.17411e-06 -7.78613e-05
9.334 7.10766e-06 -7.78965e-05
9.335 7.03949e-06 -7.79011e-05
9.336 6.96965e-06 -7.78729e-05
9.337 6.89846e-06 -7.78289e-05
9.338 6.82638e-06 -7.77948e-05
9.339 6.75393e-06 -7.77902e-05
9.34 6.68147e-06 -7.78171e-05
9.341 6.60916e-06 -7.78593e-05
9.342 6.53689e-06 -7.78922e-05
9.343 6.46429e-06 -7.78968e-05
9.344 6.39091e-06 -7.78711e-05
9.345 6.31628e-06 -7.78304e-05
9.346 6.24009e-06 -7.77985e-05
9.347 6.1623e-06 -7.77939e-05
9.348 6.08313e-06 -7.78186e-05
9.349 6.00301e-06 -7.78579e-05
9.35 5.92246e-06 -7.78888e-05
9.351 5.84193e-06 -7.78936e-05
9.352 5.7617e-06 -7.787e-05
9.353 5.68173e-06 -7.78321e-05
9.354 5.60177e-06 -7.7802e-05
9.355 5.52135e-06 -7.77969e-05
9.356 5.43998e-06 -7.78193e-05
9.357 5.35727e-06 -7.78559e-05
9.358 5.27308e-06 -7.78853e-05
9.359 5.18753e-06 -7.78907e-05
9.36 5.101e-06 -7.78694e-05
9.361 5.01401e-06 -7.78341e-05
9.362 4.92709e-06 -7.78052e-05
9.363 4.84056e-06 -7.77992e-05
9.364 4.75454e-06 -7.78193e-05
9.365 4.66881e-06 -7.78535e-05
9.366 4.58294e-06 -7.78822e-05
9.367 4.49643e-06 -7.78892e-05
9.368 4.40881e-06 -7.78707e-05
9.369 4.31984e-06 -7.78376e-05
9.37 4.22954e-06 -7.78087e-05
9.371 4.13826e-06 -7.78003e-05
9.372 4.04649e-06 -7.78167e-05
9.373 3.95481e-06 -7.78483e-05
9.374 3.86365e-06 -7.78774e-05
9.375 3.7732e-06 -7.78878e-05
9.376 3.68335e-06 -7.78742e-05
9.377 3.59372e-06 -7.78446e-05
9.378 3.50378e-06 -7.78156e-05
9.379 3.41299e-06 -7.7803e-05
9.38 3.321e-06 -7.7813e-05
9.381 3.22776e-06 -7.78397e-05
9.382 3.13349e-06 -7.78681e-05
9.383 3.03869e-06 -7.7883e-05
9.384 2.94394e-06 -7.78769e-05
9.385 2.84979e-06 -7.78539e-05
9.386 2.75653e-06 -7.7827e-05
9.387 2.66416e-06 -7.78104e-05
9.388 2.57237e-06 -7.78123e-05
9.389 2.48065e-06 -7.78308e-05
9.39 2.38841e-06 -7.78554e-05
9.391 2.2952e-06 -7.7873e-05
9.392 2.20084e-06 -7.7875e-05
9.393 2.10546e-06 -7.78613e-05
9.394 2.00949e-06 -7.78399e-05
9.395 1.91351e-06 -7.78222e-05
9.396 1.81812e-06 -7.78168e-05
9.397 1.72374e-06 -7.78257e-05
9.398 1.63048e-06 -7.78433e-05
9.399 1.53813e-06 -7.78602e-05
9.4 1.44622e-06 -7.7868e-05
9.401 1.35415e-06 -7.78637e-05
9.402 1.2614e-06 -7.78502e-05
9.403 1.16766e-06 -7.7835e-05
9.404 1.07297e-06 -7.78256e-05
9.405 9.77654e-07 -7.7826e-05
9.406 8.82283e-07 -7.78354e-05
9.407 7.87478e-07 -7.78484e-05
9.408 6.93739e-07 -7.78585e-05
9.409 6.01293e-07 -7.78611e-05
9.41 5.10035e-07 -7.78555e-05
9.411 4.19556e-07 -7.7845e-05
9.412 3.29274e-07 -7.78349e-05
9.413 2.38609e-07 -7.78301e-05
9.414 1.47164e-07 -7.78325e-05
9.415 5.48487e-08 -7.78405e-05
9.416 -3.80906e-08 -7.78501e-05
9.417 -1.31137e-07 -7.78564e-05
9.418 -2.23653e-07 -7.78566e-05
9.419 -3.15072e-07 -7.78508e-05
9.42 -4.05059e-07 -7.78421e-05
9.421 -4.93611e-07 -7.78349e-05
9.422 -5.81058e-07 -7.78327e-05
9.423 -6.67955e-07 -7.78365e-05
9.424 -7.5492e-07 -7.78442e-05
9.425 -8.42438e-07 -7.78518e-05
9.426 -9.30718e-07 -7.78554e-05
9.427 -1.01962e-06 -7.78532e-05
9.428 -1.10869e-06 -7.78466e-05
9.429 -1.19732e-06 -7.78391e-05
9.43 -1.28486e-06 -7.78346e-05
9.431 -1.37088e-06 -7.78354e-05
9.432 -1.45526e-06 -7.78409e-05
9.433 -1.53823e-06 -7.7848e-05
9.434 -1.62029e-06 -7.78529e-05
9.435 -1.70206e-06 -7.78531e-05
9.436 -1.78412e-06 -7.78487e-05
9.437 -1.86679e-06 -7.78424e-05
9.438 -1.95005e-06 -7.78375e-05
9.439 -2.03356e-06 -7.78367e-05
9.44 -2.11673e-06 -7.784e-05
9.441 -2.19891e-06 -7.78452e-05
9.442 -2.27958e-06 -7.78495e-05
9.443 -2.35847e-06 -7.78506e-05
9.444 -2.43571e-06 -7.78483e-05
9.445 -2.51168e-06 -7.78444e-05
9.446 -2.58701e-06 -7.78413e-05
9.447 -2.66229e-06 -7.78405e-05
9.448 -2.73795e-06 -7.78421e-05
9.449 -2.81413e-06 -7.78444e-05
9.45 -2.89058e-06 -7.78458e-05
9.451 -2.96682e-06 -7.78456e-05
9.452 -3.04222e-06 -7.78444e-05
9.453 -3.11618e-06 -7.78437e-05
9.454 -3.18837e-06 -7.78444e-05
9.455 -3.25874e-06 -7.78461e-05
9.456 -3.3276e-06 -7.78475e-05
9.457 -3.39545e-06 -7.78468e-05
9.458 -3.46292e-06 -7.78437e-05
9.459 -3.53049e-06 -7.78399e-05
9.46 -3.59839e-06 -7.7838e-05
9.461 -3.66654e-06 -7.78398e-05
9.462 -3.73455e-06 -7.78451e-05
9.463 -3.80185e-06 -7.78513e-05
9.464 -3.86787e-06 -7.78544e-05
9.465 -3.93219e-06 -7.78518e-05
9.466 -3.99466e-06 -7.78442e-05
9.467 -4.05545e-06 -7.78355e-05
9.468 -4.115e-06 -7.7831e-05
9.469 -4.17385e-06 -7.78341e-05
9.47 -4.23251e-06 -7.78437e-05
9.471 -4.29128e-06 -7.78549e-05
9.472 -4.35019e-06 -7.7861e-05
9.473 -4.40896e-06 -7.78578e-05
9.474 -4.46712e-06 -7.78462e-05
9.475 -4.52413e-06 -7.78325e-05
9.476 -4.57956e-06 -7.78247e-05
9.477 -4.63318e-06 -7.7828e-05
9.478 -4.68508e-06 -7.78413e-05
9.479 -4.73557e-06 -7.78574e-05
9.48 -4.78515e-06 -7.7867e-05
9.481 -4.83428e-06 -7.78637e-05
9.482 -4.88331e-06 -7.78489e-05
9.483 -4.93233e-06 -7.78304e-05
9.484 -4.98117e-06 -7.78192e-05
9.485 -5.02944e-06 -7.78223e-05
9.486 -5.07667e-06 -7.78387e-05
9.487 -5.12243e-06 -7.78592e-05
9.488 -5.16648e-06 -7.78719e-05
9.489 -5.20882e-06 -7.78688e-05
9.49 -5.24969e-06 -7.78511e-05
9.491 -5.28949e-06 -7.78286e-05
9.492 -5.32866e-06 -7.78146e-05
9.493 -5.36752e-06 -7.7818e-05
9.494 -5.40622e-06 -7.78374e-05
9.495 -5.44465e-06 -7.78619e-05
9.496 -5.48252e-06 -7.78768e-05
9.497 -5.51942e-06 -7.78728e-05
9.498 -5.55496e-06 -7.78514e-05
9.499 -5.58892e-06 -7.78246e-05
9.5 -5.62125e-06 -7.78086e-05
9.501 -5.65213e-06 -7.78135e-05
9.502 -5.68188e-06 -7.78375e-05
9.503 -5.71088e-06 -7.7867e-05
9.504 -5.73941e-06 -7.78846e-05
9.505 -5.76763e-06 -7.78788e-05
9.506 -5.79546e-06 -7.78519e-05
9.507 -5.82266e-06 -7.78189e-05
9.508 -5.84891e-06 -7.77993e-05
9.509 -5.87388e-06 -7.78055e-05
9.51 -5.89738e-06 -7.78353e-05
9.511 -5.91936e-06 -7.78723e-05
9.512 -5.93998e-06 -7.78947e-05
9.513 -5.95951e-06 -7.78887e-05
9.514 -5.97828e-06 -7.78562e-05
9.515 -5.99652e-06 -7.78153e-05
9.516 -6.01434e-06 -7.77894e-05
9.517 -6.03167e-06 -7.77944e-05
9.518 -6.04829e-06 -7.78288e-05
9.519 -6.06391e-06 -7.78738e-05
9.52 -6.07826e-06 -7.79035e-05
9.521 -6.09118e-06 -7.79002e-05
9.522 -6.10267e-06 -7.78646e-05
9.523 -6.11289e-06 -7.78162e-05
9.524 -6.12212e-06 -7.77825e-05
9.525 -6.13065e-06 -7.77834e-05
9.526 -6.13868e-06 -7.78193e-05
9.527 -6.14628e-06 -7.78705e-05
9.528 -6.15336e-06 -7.79079e-05
9.529 -6.15968e-06 -7.79099e-05
9.53 -6.16496e-06 -7.78744e-05
9.531 -6.16893e-06 -7.78213e-05
9.532 -6.17148e-06 -7.77806e-05
9.533 -6.17264e-06 -7.77757e-05
9.534 -6.17261e-06 -7.78101e-05
9.535 -6.17167e-06 -7.78643e-05
9.536 -6.17011e-06 -7.79077e-05
9.537 -6.16813e-06 -7.79153e-05
9.538 -6.16577e-06 -7.78826e-05
9.539 -6.16291e-06 -7.78279e-05
9.54 -6.15928e-06 -7.77825e-05
9.541 -6.15458e-06 -7.77724e-05
9.542 -6.14856e-06 -7.78034e-05
9.543 -6.1411e-06 -7.78578e-05
9.544 -6.13228e-06 -7.79045e-05
9.545 -6.12232e-06 -7.79168e-05
9.546 -6.11155e-06 -7.78878e-05
9.547 -6.10028e-06 -7.78341e-05
9.548 -6.08871e-06 -7.77867e-05
9.549 -6.07687e-06 -7.77726e-05
9.55 -6.06458e-06 -7.77998e-05
9.551 -6.05154e-06 -7.78522e-05
9.552 -6.03741e-06 -7.78996e-05
9.553 -6.0219e-06 -7.79149e-05
9.554 -6.00493e-06 -7.78897e-05
9.555 -5.98656e-06 -7.78389e-05
9.556 -5.9671e-06 -7.77921e-05
9.557 -5.9469e-06 -7.7776e-05
9.558 -5.92635e-06 -7.77995e-05
9.559 -5.90566e-06 -7.78484e-05
9.56 -5.88487e-06 -7.78941e-05
9.561 -5.86378e-06 -7.79102e-05
9.562 -5.84204e-06 -7.78881e-05
9.563 -5.81922e-06 -7.78412e-05
9.564 -5.79501e-06 -7.77973e-05
9.565 -5.76925e-06 -7.77817e-05
9.566 -5.74204e-06 -7.7803e-05
9.567 -5.71369e-06 -7.78479e-05
9.568 -5.68464e-06 -7.78897e-05
9.569 -5.65533e-06 -7.79041e-05
9.57 -5.62605e-06 -7.78832e-05
9.571 -5.59686e-06 -7.784e-05
9.572 -5.56757e-06 -7.78005e-05
9.573 -5.53779e-06 -7.77877e-05
9.574 -5.50705e-06 -7.78089e-05
9.575 -5.47494e-06 -7.78507e-05
9.576 -5.44126e-06 -7.7888e-05
9.577 -5.40607e-06 -7.78988e-05
9.578 -5.36969e-06 -7.78769e-05
9.579 -5.33259e-06 -7.7836e-05
9.58 -5.29528e-06 -7.78007e-05
9.581 -5.25812e-06 -7.77921e-05
9.582 -5.22125e-06 -7.78149e-05
9.583 -5.18448e-06 -7.78553e-05
9.584 -5.14741e-06 -7.78889e-05
9.585 -5.10953e-06 -7.78956e-05
9.586 -5.07035e-06 -7.78715e-05
9.587 -5.02961e-06 -7.78313e-05
9.588 -4.98732e-06 -7.77992e-05
9.589 -4.94379e-06 -7.77944e-05
9.59 -4.89952e-06 -7.78196e-05
9.591 -4.85508e-06 -7.78598e-05
9.592 -4.81091e-06 -7.78907e-05
9.593 -4.76719e-06 -7.78939e-05
9.594 -4.72379e-06 -7.78675e-05
9.595 -4.68031e-06 -7.78273e-05
9.596 -4.63617e-06 -7.77974e-05
9.597 -4.59085e-06 -7.77956e-05
9.598 -4.54399e-06 -7.7823e-05
9.599 -4.49556e-06 -7.78632e-05
9.6 -4.44584e-06 -7.78922e-05
9.601 -4.39535e-06 -7.78928e-05
9.602 -4.34472e-06 -7.78646e-05
9.603 -4.29446e-06 -7.78245e-05
9.604 -4.24483e-06 -7.77964e-05
9.605 -4.19574e-06 -7.7797e-05
9.606 -4.14679e-06 -7.78259e-05
9.607 -4.09738e-06 -7.78657e-05
9.608 -4.0469e-06 -7.78927e-05
9.609 -3.99494e-06 -7.78909e-05
9.61 -3.94138e-06 -7.78614e-05
9.611 -3.88649e-06 -7.7822e-05
9.612 -3.8308e-06 -7.77962e-05
9.613 -3.77498e-06 -7.77993e-05
9.614 -3.71963e-06 -7.78296e-05
9.615 -3.66509e-06 -7.78687e-05
9.616 -3.61133e-06 -7.78933e-05
9.617 -3.55795e-06 -7.78886e-05
9.618 -3.50433e-06 -7.78574e-05
9.619 -3.44978e-06 -7.78182e-05
9.62 -3.3938e-06 -7.77946e-05
9.621 -3.33619e-06 -7.78008e-05
9.622 -3.27718e-06 -7.78334e-05
9.623 -3.21731e-06 -7.7873e-05
9.624 -3.15732e-06 -7.7896e-05
9.625 -3.09788e-06 -7.78886e-05
9.626 -3.03945e-06 -7.78548e-05
9.627 -2.98206e-06 -7.78143e-05
9.628 -2.92535e-06 -7.77911e-05
9.629 -2.86866e-06 -7.77991e-05
9.63 -2.81124e-06 -7.7834e-05
9.631 -2.75246e-06 -7.78756e-05
9.632 -2.69202e-06 -7.78995e-05
9.633 -2.63008e-06 -7.78917e-05
9.634 -2.56716e-06 -7.78563e-05
9.635 -2.50405e-06 -7.78138e-05
9.636 -2.44153e-06 -7.77887e-05
9.637 -2.38017e-06 -7.77956e-05
9.638 -2.32013e-06 -7.78306e-05
9.639 -2.2611e-06 -7.78736e-05
9.64 -2.20243e-06 -7.79e-05
9.641 -2.14329e-06 -7.78947e-05
9.642 -2.08294e-06 -7.78609e-05
9.643 -2.02096e-06 -7.7818e-05
9.644 -1.95738e-06 -7.77904e-05
9.645 -1.89269e-06 -7.77937e-05
9.646 -1.82768e-06 -7.78255e-05
9.647 -1.76323e-06 -7.78676e-05
9.648 -1.70002e-06 -7.7896e-05
9.649 -1.63835e-06 -7.78951e-05
9.65 -1.57801e-06 -7.78659e-05
9.651 -1.51838e-06 -7.78254e-05
9.652 -1.45859e-06 -7.77966e-05
9.653 -1.39782e-06 -7.77952e-05
9.654 -1.33549e-06 -7.78212e-05
9.655 -1.27152e-06 -7.78593e-05
9.656 -1.20631e-06 -7.7888e-05
9.657 -1.14065e-06 -7.78916e-05
9.658 -1.07546e-06 -7.78691e-05
9.659 -1.01155e-06 -7.78341e-05
9.66 -9.49341e-07 -7.78063e-05
9.661 -8.88764e-07 -7.78007e-05
9.662 -8.29255e-07 -7.78194e-05
9.663 -7.69939e-07 -7.78508e-05
9.664 -7.09891e-07 -7.78771e-05
9.665 -6.48423e-07 -7.78842e-05
9.666 -5.85296e-07 -7.78694e-05
9.667 -5.20801e-07 -7.78421e-05
9.668 -4.55675e-07 -7.78179e-05
9.669 -3.90887e-07 -7.78098e-05
9.67 -3.27346e-07 -7.78209e-05
9.671 -2.65628e-07 -7.78437e-05
9.672 -2.05804e-07 -7.7865e-05
9.673 -1.47414e-07 -7.78736e-05
9.674 -8.96099e-08 -7.78659e-05
9.675 -3.14103e-08 -7.78477e-05
9.676 2.79999e-08 -7.78297e-05
9.677 8.90194e-08 -7.78214e-05
9.678 1.51506e-07 -7.78261e-05
9.679 2.14813e-07 -7.78398e-05
9.68 2.77985e-07 -7.78541e-05
9.681 3.40037e-07 -7.78616e-05
9.682 4.00253e-07 -7.78593e-05
9.683 4.58401e-07 -7.78499e-05
9.684 5.14797e-07 -7.78393e-05
9.685 5.70212e-07 -7.7833e-05
9.686 6.25634e-07 -7.78335e-05
9.687 6.81969e-07 -7.78391e-05
9.688 7.39763e-07 -7.78461e-05
9.689 7.99037e-07 -7.78509e-05
9.69 8.59279e-07 -7.78518e-05
9.691 9.19597e-07 -7.78496e-05
9.692 9.78983e-07 -7.7846e-05
9.693 1.03662e-06 -7.78427e-05
9.694 1.09213e-06 -7.78406e-05
9.695 1.14566e-06 -7.78398e-05
9.696 1.19788e-06 -7.78404e-05
9.697 1.24971e-06 -7.78423e-05
9.698 1.30212e-06 -7.78454e-05
9.699 1.35575e-06 -7.78488e-05
9.7 1.41079e-06 -7.7851e-05
9.701 1.46686e-06 -7.78504e-05
9.702 1.52319e-06 -7.78463e-05
9.703 1.57879e-06 -7.78403e-05
9.704 1.6328e-06 -7.78356e-05
9.705 1.68471e-06 -7.78352e-05
9.706 1.73453e-06 -7.78402e-05
9.707 1.78279e-06 -7.78486e-05
9.708 1.83032e-06 -7.78557e-05
9.709 1.87808e-06 -7.78571e-05
9.71 1.92678e-06 -7.78511e-05
9.711 1.97673e-06 -7.78404e-05
9.712 2.0277e-06 -7.7831e-05
9.713 2.07903e-06 -7.78286e-05
9.714 2.12983e-06 -7.78355e-05
9.715 2.17921e-06 -7.78484e-05
9.716 2.22661e-06 -7.78601e-05
9.717 2.27191e-06 -7.78634e-05
9.718 2.31549e-06 -7.78557e-05
9.719 2.3581e-06 -7.78408e-05
9.72 2.40063e-06 -7.78271e-05
9.721 2.44381e-06 -7.78229e-05
9.722 2.48802e-06 -7.78312e-05
9.723 2.53317e-06 -7.78478e-05
9.724 2.57871e-06 -7.78632e-05
9.725 2.62383e-06 -7.78681e-05
9.726 2.66771e-06 -7.78593e-05
9.727 2.70975e-06 -7.78415e-05
9.728 2.74975e-06 -7.78248e-05
9.729 2.78799e-06 -7.78194e-05
9.73 2.8251e-06 -7.78287e-05
9.731 2.86189e-06 -7.78476e-05
9.732 2.89909e-06 -7.7865e-05
9.733 2.93709e-06 -7.78703e-05
9.734 2.9759e-06 -7.78602e-05
9.735 3.01507e-06 -7.78404e-05
9.736 3.05389e-06 -7.78228e-05
9.737 3.09159e-06 -7.78181e-05
9.738 3.12757e-06 -7.78296e-05
9.739 3.16162e-06 -7.78504e-05
9.74 3.19392e-06 -7.7868e-05
9.741 3.22501e-06 -7.78715e-05
9.742 3.25564e-06 -7.78581e-05
9.743 3.28647e-06 -7.78357e-05
9.744 3.31793e-06 -7.7818e-05
9.745 3.35005e-06 -7.78162e-05
9.746 3.38247e-06 -7.78321e-05
9.747 3.41455e-06 -7.78566e-05
9.748 3.44559e-06 -7.78747e-05
9.749 3.47502e-06 -7.78749e-05
9.75 3.50261e-06 -7.7856e-05
9.751 3.52849e-06 -7.78289e-05
9.752 3.55315e-06 -7.78098e-05
9.753 3.57726e-06 -7.78111e-05
9.754 3.60145e-06 -7.78331e-05
9.755 3.62613e-06 -7.78634e-05
9.756 3.65135e-06 -7.78839e-05
9.757 3.6768e-06 -7.78815e-05
9.758 3.70192e-06 -7.78564e-05
9.759 3.72603e-06 -7.78227e-05
9.76 3.74862e-06 -7.78002e-05
9.761 3.76943e-06 -7.78032e-05
9.762 3.78859e-06 -7.78311e-05
9.763 3.80654e-06 -7.78684e-05
9.764 3.82387e-06 -7.78933e-05
9.765 3.84121e-06 -7.78904e-05
9.766 3.85893e-06 -7.786e-05
9.767 3.87712e-06 -7.78191e-05
9.768 3.89549e-06 -7.77913e-05
9.769 3.91354e-06 -7.77937e-05
9.77 3.93063e-06 -7.7826e-05
9.771 3.94627e-06 -7.78703e-05
9.772 3.96022e-06 -7.79011e-05
9.773 3.97256e-06 -7.78999e-05
9.774 3.98369e-06 -7.78664e-05
9.775 3.99418e-06 -7.78192e-05
9.776 4.00459e-06 -7.77853e-05
9.777 4.01531e-06 -7.77848e-05
9.778 4.02642e-06 -7.78187e-05
9.779 4.03768e-06 -7.78683e-05
9.78 4.04862e-06 -7.79051e-05
9.781 4.05867e-06 -7.79076e-05
9.782 4.06735e-06 -7.78738e-05
9.783 4.07443e-06 -7.78226e-05
9.784 4.08e-06 -7.77834e-05
9.785 4.08439e-06 -7.77788e-05
9.786 4.08814e-06 -7.78118e-05
9.787 4.09176e-06 -7.78639e-05
9.788 4.09562e-06 -7.79051e-05
9.789 4.09978e-06 -7.79117e-05
9.79 4.10405e-06 -7.78797e-05
9.791 4.10797e-06 -7.78275e-05
9.792 4.11104e-06 -7.7785e-05
9.793 4.11283e-06 -7.77766e-05
9.794 4.11311e-06 -7.78073e-05
9.795 4.11198e-06 -7.78592e-05
9.796 4.10976e-06 -7.79025e-05
9.797 4.10694e-06 -7.79122e-05
9.798 4.104e-06 -7.78829e-05
9.799 4.10127e-06 -7.78317e-05
9.8 4.09879e-06 -7.77881e-05
9.801 4.09637e-06 -7.77773e-05
9.802 4.09358e-06 -7.78053e-05
9.803 4.08993e-06 -7.78555e-05
9.804 4.08504e-06 -7.7899e-05
9.805 4.07872e-06 -7.79106e-05
9.806 4.07106e-06 -7.78839e-05
9.807 4.0624e-06 -7.78348e-05
9.808 4.0532e-06 -7.77919e-05
9.809 4.04393e-06 -7.77798e-05
9.81 4.03488e-06 -7.78051e-05
9.811 4.0261e-06 -7.78527e-05
9.812 4.01737e-06 -7.78948e-05
9.813 4.00829e-06 -7.79072e-05
9.814 3.99836e-06 -7.78832e-05
9.815 3.98722e-06 -7.78373e-05
9.816 3.97468e-06 -7.77964e-05
9.817 3.96084e-06 -7.77841e-05
9.818 3.94605e-06 -7.78069e-05
9.819 3.93075e-06 -7.78509e-05
9.82 3.91542e-06 -7.78901e-05
9.821 3.90035e-06 -7.7902e-05
9.822 3.8856e-06 -7.78802e-05
9.823 3.87095e-06 -7.78382e-05
9.824 3.856e-06 -7.7801e-05
9.825 3.84028e-06 -7.779e-05
9.826 3.8234e-06 -7.7811e-05
9.827 3.80517e-06 -7.7851e-05
9.828 3.78569e-06 -7.78861e-05
9.829 3.76525e-06 -7.78958e-05
9.83 3.74432e-06 -7.78751e-05
9.831 3.72334e-06 -7.78368e-05
9.832 3.70263e-06 -7.7804e-05
9.833 3.68227e-06 -7.77958e-05
9.834 3.66206e-06 -7.78166e-05
9.835 3.64165e-06 -7.78534e-05
9.836 3.62058e-06 -7.78842e-05
9.837 3.59848e-06 -7.78908e-05
9.838 3.57514e-06 -7.78698e-05
9.839 3.55061e-06 -7.7834e-05
9.84 3.52517e-06 -7.78049e-05
9.841 3.49922e-06 -7.77997e-05
9.842 3.47319e-06 -7.7821e-05
9.843 3.44738e-06 -7.7856e-05
9.844 3.42189e-06 -7.78837e-05
9.845 3.39659e-06 -7.7888e-05
9.846 3.37115e-06 -7.78666e-05
9.847 3.34517e-06 -7.78325e-05
9.848 3.31832e-06 -7.78058e-05
9.849 3.29039e-06 -7.7802e-05
9.85 3.26141e-06 -7.7823e-05
9.851 3.2316e-06 -7.7856e-05
9.852 3.20132e-06 -7.78817e-05
9.853 3.17094e-06 -7.78853e-05
9.854 3.14072e-06 -7.78653e-05
9.855 3.11077e-06 -7.78339e-05
9.856 3.08097e-06 -7.78094e-05
9.857 3.05106e-06 -7.78058e-05
9.858 3.02071e-06 -7.78243e-05
9.859 2.98961e-06 -7.78536e-05
9.86 2.95761e-06 -7.78764e-05
9.861 2.92474e-06 -7.788e-05
9.862 2.89117e-06 -7.78633e-05
9.863 2.85722e-06 -7.78368e-05
9.864 2.82318e-06 -7.78161e-05
9.865 2.78928e-06 -7.78127e-05
9.866 2.75559e-06 -7.78274e-05
9.867 2.72201e-06 -7.78507e-05
9.868 2.68831e-06 -7.78687e-05
9.869 2.65422e-06 -7.78715e-05
9.87 2.61951e-06 -7.78588e-05
9.871 2.58406e-06 -7.78392e-05
9.872 2.5479e-06 -7.78245e-05
9.873 2.51121e-06 -7.78228e-05
9.874 2.47425e-06 -7.78336e-05
9.875 2.43725e-06 -7.78493e-05
9.876 2.40039e-06 -7.78601e-05
9.877 2.36369e-06 -7.78601e-05
9.878 2.32705e-06 -7.78508e-05
9.879 2.29027e-06 -7.78391e-05
9.88 2.25314e-06 -7.78326e-05
9.881 2.21548e-06 -7.78349e-05
9.882 2.17723e-06 -7.78433e-05
9.883 2.13847e-06 -7.78512e-05
9.884 2.09936e-06 -7.78531e-05
9.885 2.06012e-06 -7.78479e-05
9.886 2.02093e-06 -7.78399e-05
9.887 1.98189e-06 -7.78355e-05
9.888 1.94298e-06 -7.78382e-05
9.889 1.90406e-06 -7.78467e-05
9.89 1.86495e-06 -7.78548e-05
9.891 1.82548e-06 -7.78562e-05
9.892 1.78554e-06 -7.78489e-05
9.893 1.74514e-06 -7.7837e-05
9.894 1.7044e-06 -7.78284e-05
9.895 1.66352e-06 -7.78295e-05
9.896 1.6227e-06 -7.78411e-05
9.897 1.58207e-06 -7.78566e-05
9.898 1.54167e-06 -7.78662e-05
9.899 1.5014e-06 -7.78628e-05
9.9 1.46109e-06 -7.78473e-05
9.901 1.42054e-06 -7.78282e-05
9.902 1.37957e-06 -7.78173e-05
9.903 1.33814e-06 -7.78224e-05
9.904 1.29631e-06 -7.78417e-05
9.905 1.25427e-06 -7.78644e-05
9.906 1.21224e-06 -7.78767e-05
9.907 1.17046e-06 -7.78703e-05
9.908 1.12904e-06 -7.78477e-05
9.909 1.08797e-06 -7.78215e-05
9.91 1.04711e-06 -7.78075e-05
9.911 1.00624e-06 -7.78148e-05
9.912 9.65106e-07 -7.78404e-05
9.913 9.23538e-07 -7.78698e-05
9.914 8.81493e-07 -7.78856e-05
9.915 8.39077e-07 -7.78777e-05
9.916 7.96516e-07 -7.78498e-05
9.917 7.54089e-07 -7.78175e-05
9.918 7.12041e-07 -7.77999e-05
9.919 6.70501e-07 -7.7808e-05
9.92 6.29448e-07 -7.78378e-05
9.921 5.88705e-07 -7.78725e-05
9.922 5.48007e-07 -7.78917e-05
9.923 5.07077e-07 -7.78836e-05
9.924 4.6572e-07 -7.78523e-05
9.925 4.23891e-07 -7.78156e-05
9.926 3.81709e-07 -7.77952e-05
9.927 3.39429e-07 -7.78034e-05
9.928 2.9736e-07 -7.78359e-05
9.929 2.55775e-07 -7.78741e-05
9.93 2.14822e-07 -7.78954e-05
9.931 1.7448e-07 -7.78869e-05
9.932 1.34562e-07 -7.78532e-05
9.933 9.47782e-08 -7.78138e-05
9.934 5.48241e-08 -7.77919e-05
9.935 1.44793e-08 -7.78009e-05
9.936 -2.63209e-08 -7.78359e-05
9.937 -6.74627e-08 -7.78765e-05
9.938 -1.08686e-07 -7.78988e-05
9.939 -1.49662e-07 -7.78892e-05
9.94 -1.90096e-07 -7.78528e-05
9.941 -2.29812e-07 -7.78108e-05
9.942 -2.68814e-07 -7.7788e-05
9.943 -3.07272e-07 -7.77983e-05
9.944 -3.45479e-07 -7.78362e-05
9.945 -3.83749e-07 -7.78797e-05
9.946 -4.22324e-07 -7.79032e-05
9.947 -4.61296e-07 -7.78925e-05
9.948 -5.00578e-07 -7.78532e-05
9.949 -5.39932e-07 -7.7808e-05
9.95 -5.79039e-07 -7.77835e-05
9.951 -6.17601e-07 -7.77943e-05
9.952 -6.55426e-07 -7.78347e-05
9.953 -6.92487e-07 -7.78814e-05
9.954 -7.28927e-07 -7.79072e-05
9.955 -7.65008e-07 -7.78969e-05
9.956 -8.01027e-07 -7.78559e-05
9.957 -8.37224e-07 -7.78079e-05
9.958 -8.73707e-07 -7.77806e-05
9.959 -9.10419e-07 -7.77901e-05
9.96 -9.47157e-07 -7.78311e-05
9.961 -9.8364e-07 -7.78799e-05
9.962 -1.01959e-06 -7.79085e-05
9.963 -1.05483e-06 -7.79002e-05
9.964 -1.08931e-06 -7.786e-05
9.965 -1.12315e-06 -7.78109e-05
9.966 -1.15657e-06 -7.77813e-05
9.967 -1.18983e-06 -7.7788e-05
9.968 -1.22314e-06 -7.78271e-05
9.969 -1.25661e-06 -7.78757e-05
9.97 -1.29019e-06 -7.7906e-05
9.971 -1.32372e-06 -7.79007e-05
9.972 -1.35696e-06 -7.78634e-05
9.973 -1.38967e-06 -7.78159e-05
9.974 -1.4217e-06 -7.77855e-05
9.975 -1.45301e-06 -7.77895e-05
9.976 -1.48369e-06 -7.78247e-05
9.977 -1.51393e-06 -7.78704e-05
9.978 -1.54394e-06 -7.79002e-05
9.979 -1.57389e-06 -7.78973e-05
9.98 -1.60387e-06 -7.78643e-05
9.981 -1.63385e-06 -7.7821e-05
9.982 -1.66367e-06 -7.77925e-05
9.983 -1.69315e-06 -7.77947e-05
9.984 -1.72211e-06 -7.78255e-05
9.985 -1.75041e-06 -7.7866e-05
9.986 -1.77805e-06 -7.78926e-05
9.987 -1.8051e-06 -7.78905e-05
9.988 -1.83172e-06 -7.78618e-05
9.989 -1.85807e-06 -7.78244e-05
9.99 -1.88428e-06 -7.78001e-05
9.991 -1.9104e-06 -7.78027e-05
9.992 -1.93639e-06 -7.78295e-05
9.993 -1.96212e-06 -7.78638e-05
9.994 -1.98744e-06 -7.78852e-05
9.995 -2.01222e-06 -7.78817e-05
9.996 -2.03638e-06 -7.78564e-05
9.997 -2.05992e-06 -7.78254e-05
9.998 -2.08294e-06 -7.78072e-05
9.999 -2.10555e-06 -7.78121e-05
10 -2.12789e-06 -7.78361e-05
