0.005 0.0140446 -0.000317137 -0.00693914 0.0170128 -0.00526427 -0.00585109 0.0652907 -0.0857132 -0.0433364 0.194564 -0.301088 -0.123327
0.055 0.0131668 -0.00647642 -0.0746188 0.0723244 -0.104324 -0.074008 0.995746 -1.62131 0.0624934 3.17204 -5.11861 0.0436432
0.105 0.015058 -0.011666 0.0446071 0.114231 -0.171645 0.0441958 1.4728 -2.28956 0.0995239 3.39368 -4.7452 0.0737856
0.155 0.0151476 -0.0151023 0.0887651 0.127542 -0.186515 0.0875674 1.28569 -1.71511 0.00118565 0.850063 0.653118 -0.0633688
0.205 0.0156804 -0.0162531 -0.0561433 0.111528 -0.143558 -0.0568936 0.550354 -0.164098 -0.0275486 -1.95359 5.97476 0.0124055
0.255 0.0117499 -0.0149119 -0.027768 0.0667168 -0.05428 -0.0289223 -0.350507 1.58807 -0.00948976 -2.40655 6.05068 0.0484866
0.305 0.0145104 -0.0112412 0.120895 0.0165824 0.0560219 0.119345 -0.950644 2.64807 -0.00257703 -0.259116 0.615348 -0.0373305
0.355 0.0150246 -0.00574744 0.0215076 -0.0323266 0.155609 0.0205063 -0.970826 2.45854 -0.0321027 2.16006 -5.38818 0.0486057
0.405 -0.0152348 0.000794631 -0.0742172 -0.0940135 0.215492 -0.0744329 -0.44749 1.08406 -0.0456984 2.2481 -6.47562 0.0420696
0.455 -0.0288154 0.0074523 0.0858297 -0.112694 0.217757 0.0858058 0.330784 -0.817393 -0.0348422 -0.282378 -1.80979 -0.0553512
0.505 -0.0271158 0.013261 0.0398376 -0.0885042 0.160725 0.0406465 0.915331 -2.32284 0.0224032 -3.09023 4.04456 0.014995
0.555 -0.0270778 0.0173767 -0.0293208 -0.0458324 0.0596139 -0.028051 0.972373 -2.70742 0.00110035 -3.45432 5.51873 0.0484632
0.605 -0.000159066 0.0191942 0.00230697 0.0303696 -0.0578475 0.00332442 0.457033 -1.80756 -0.0450081 -0.794345 1.37197 -0.0535309
0.655 -0.0304123 0.0184323 -0.0290378 0.0405599 -0.159312 -0.0285067 -0.451078 -0.100638 -0.00544547 2.52257 -4.15562 0.00342724
0.705 -0.00387666 0.015179 -0.009664 0.0858525 -0.21699 -0.00963275 -1.19612 1.54002 0.0424714 3.66733 -5.47567 0.0508619
0.755 -0.019561 0.00987267 0.0323419 0.0603427 -0.215574 0.0316676 -1.4714 2.28959 0.0237557 1.7278 -1.09259 -0.0527758
0.805 -0.00152795 0.00324447 -0.0486894 0.041005 -0.156546 -0.0499168 -1.12107 1.79011 -0.0132707 -1.3684 4.89399 -0.030992
0.855 0.062221 -0.00379792 -0.0699755 0.0506679 -0.0576618 -0.0711557 -0.117525 0.330117 0.0133199 -2.53685 6.69466 0.0207173
0.905 0.0300251 -0.0102868 0.0624962 -0.0381503 0.052252 0.0614657 0.77801 -1.30637 0.0352467 -0.991379 2.40674 -0.0130494
0.955 0.00662986 -0.0153531 0.00973073 -0.104638 0.141587 0.00927159 1.41924 -2.24401 0.0215234 1.60219 -4.10532 0.00925069
1.005 -0.0563164 -0.0183084 -0.0724002 -0.183381 0.185122 -0.0721394 1.34739 -1.96721 -0.0210555 2.49688 -6.85578 0.0070584
1.055 0.0330425 -0.0188029 0.0187073 -0.0799034 0.171185 0.0196246 0.688779 -0.587897 -0.0271823 0.533508 -3.42636 -0.045231
1.105 0.125189 -0.0168002 0.0362369 0.0578172 0.104994 0.0376208 0.0436333 1.20736 0.0246298 -2.31708 2.76014 0.0178539
1.155 -0.0295114 -0.0126296 0.00201777 -0.036524 0.00703287 0.0035073 -0.902288 2.50487 0.0155823 -3.70793 5.76302 0.0522711
1.205 0.0535367 -0.00691132 0.00622578 0.109159 -0.092961 0.00736525 -0.934682 2.62897 -0.0373575 -1.73642 2.84004 -0.0342434
1.255 -0.0549775 -0.000459084 -0.011719 0.0518708 -0.164669 -0.0112951 -0.604862 1.48789 -0.0291298 1.83557 -2.94827 -0.00969531
1.305 -0.0517136 0.0057925 0.00920226 0.0743376 -0.186078 0.008863 0.0038601 -0.375674 0.0196473 3.65372 -5.74838 0.0372217
1.355 -0.152319 0.0109917 0.0590075 -0.0350904 -0.149853 0.0580927 0.831632 -2.05612 0.0059606 2.27472 -2.62323 -0.0145517
1.405 -0.152618 0.0144168 -0.0226971 -0.0742644 -0.0656017 -0.0241852 0.780248 -2.74044 -0.0318569 -0.717221 3.55891 -0.00022568
1.455 0.194092 0.0156144 -0.0568164 0.221087 0.0428919 -0.0580872 0.921342 -2.11624 -0.0150418 -2.34215 6.85253 0.0267237
1.505 0.182616 0.0144537 0.0537485 0.161479 0.144486 0.052428 0.136735 -0.525518 0.0218004 -1.12744 3.95828 -0.0144807
1.555 -0.150894 0.0111062 0.0240071 -0.220054 0.209598 0.0234354 -1.07904 1.21274 0.0316748 0.568645 -2.57219 -0.0107195
1.605 0.22397 0.0061573 -0.0614043 0.141317 0.2189 -0.0613813 -1.46493 2.2212 -0.00849744 2.69549 -6.73756 0.000941549
1.655 0.0989506 0.00022896 -0.0138114 0.0355058 0.168645 -0.0132225 -1.4492 2.0089 -0.0204317 1.49581 -4.7905 -0.034524
1.705 0.10422 -0.00567682 0.0200848 0.0704435 0.0722091 0.020473 -0.726538 0.717941 0.024034 -2.04588 1.23089 0.0177063
1.755 0.421832 -0.010827 -0.00632916 0.427844 -0.0441426 -0.00694166 1.19308 -0.954343 0.0310572 -3.37898 5.51431 0.0468385
1.805 -0.191156 -0.0142876 -0.00786579 -0.146685 -0.148209 -0.0100725 1.26996 -2.11527 -0.0164175 -2.66888 4.07004 -0.0407139
1.855 -0.461487 -0.0156763 -0.03004 -0.394044 -0.211604 -0.0225808 1.64015 -2.13635 -0.0200501 0.51661 -1.4752 -0.0355244
1.905 -0.654919 -0.0146456 -0.00842275 -0.581193 -0.217274 -0.00474761 0.608379 -0.976915 0.0247009 2.99691 -5.51378 0.0253582
1.955 0.721905 -0.0113874 0.0511219 0.756071 -0.16477 0.0510526 -0.22209 0.791649 0.0238063 3.39463 -3.91835 0.00324674
2.005 -0.0882778 -0.0062819 -0.00970626 -0.0915354 -0.0699485 -0.0113398 -0.701321 2.27462 -0.019321 0.597328 1.93878 -0.0022686
2.055 0.520579 -9.93808e-05 -0.0539155 0.455533 0.0394196 -0.0551785 -0.650088 2.70751 -0.0319732 -2.17372 6.47366 0.017621
2.105 -0.277092 0.00638947 0.042278 -0.384147 0.131951 0.0412704 -0.856188 1.84559 -0.00522753 -2.22092 5.24346 -0.0179891
2.155 -0.423993 0.0122471 0.0468758 -0.522101 0.181426 0.0506255 -0.0673148 0.0905531 0.0178908 0.394067 -0.775573 0.0101051
2.205 -0.0602652 0.0165281 -0.0357259 -0.168512 0.17436 -0.0369595 0.674543 -1.70821 -0.00803198 2.16344 -6.08312 0.0197865
2.255 -0.0474229 0.0186581 -0.0149904 -0.126963 0.113984 -0.0156974 0.227367 -2.68013 -0.034349 1.42801 -5.86126 -0.00886283
2.305 0.599837 0.0183467 0.0229967 0.588416 0.0191265 0.0245776 1.0829 -2.36914 0.0075856 -0.633244 -0.519182 -0.00596654
2.355 -0.352338 0.0155483 0.0162445 -0.295662 -0.0814231 0.0194819 -0.629259 -0.959757 0.0263012 -2.83006 4.75909 0.0332512
2.405 -0.245521 0.0105862 0.00161009 -0.148542 -0.157224 0.00230668 -0.271778 0.819263 -0.00325269 -3.33064 5.00165 -0.0232473
2.455 -1.00295 0.00432873 -0.0227028 -0.862175 -0.184871 -0.0225311 -1.67959 2.06756 -0.0342102 -0.778 0.187569 -0.0264525
2.505 -0.409274 -0.00265766 -0.0139325 -0.302999 -0.155499 -0.0143791 -1.65037 2.1685 -0.000416264 2.80826 -4.79292 0.0389731
2.555 -0.31341 -0.0090856 0.0563256 -0.232419 -0.0763782 0.0551216 -1.13145 1.10126 0.0235497 3.52188 -4.89706 0.0141118
2.605 1.11224 -0.0144739 -0.00122943 1.11961 0.0298409 -0.00127824 0.738172 -0.553523 0.00342764 2.02618 0.17054 -0.0219492
2.655 0.498086 -0.0177109 -0.0556833 0.450198 0.133079 -0.056695 1.09819 -1.91245 -0.0245132 -1.15955 5.62596 -0.00703334
2.705 0.257821 -0.018648 0.00386594 0.188115 0.203091 0.00258871 2.07593 -2.24397 0.00542114 -2.49192 6.17122 -0.0240901
2.755 -1.05886 -0.017032 0.0451465 -1.13113 0.219261 0.044362 0.541025 -1.34528 0.0326337 -1.65284 1.09077 0.0122976
2.805 -0.577474 -0.0131821 -0.0228563 -0.659834 0.175946 -0.0221599 -0.342674 0.349191 0.00528401 1.0256 -5.01022 0.0281577
2.855 -0.392653 -0.00769023 -0.0390652 -0.42691 0.0844388 -0.0376911 -0.954347 1.98585 -0.0451574 2.63941 -6.55054 0.00747002
2.905 -0.0718096 -0.00141307 -0.00105309 -0.0609024 -0.0303371 0.000151582 -1.81607 2.72359 -0.00947404 0.226464 -2.25818 -0.0312701
2.955 0.638341 0.00474658 0.0255099 0.695615 -0.136786 0.0264705 0.0408757 2.16364 0.0377439 -2.21462 3.65626 0.0243809
3.005 -0.320074 0.0100352 0.023143 -0.232955 -0.205586 0.0254806 0.594361 0.555122 0.00204484 -2.71185 5.55886 0.00878642
3.055 -0.683443 0.0136576 -0.0294579 -0.605109 -0.218321 -0.0290191 1.32592 -1.32549 -0.0353309 -1.58488 1.79241 -0.0312139
3.105 -0.787967 0.0151733 -0.0199457 -0.712085 -0.172402 -0.0218922 1.49501 -2.56441 -0.00646741 1.77122 -3.76756 0.0191877
3.155 0.886635 0.0143057 0.0528018 0.912144 -0.0819907 0.0533683 1.60344 -2.5697 0.0412753 4.15129 -5.49747 0.0204614
3.205 1.57194 0.0113187 0.036258 1.52891 0.0265682 0.0365323 0.525923 -1.3671 -0.00423249 2.80138 -1.50293 -0.0103021
3.255 2.43711 0.00660213 -0.0571134 2.34354 0.121885 -0.0576574 0.489377 0.415179 -0.0407406 0.0476763 4.49242 -0.0130004
3.305 2.30338 0.000974651 -0.0228866 2.18882 0.177001 -0.022663 -0.261511 1.86968 -0.0281693 -2.15996 6.69147 -0.0232067
3.355 1.56633 -0.00487416 0.0379985 1.45682 0.176699 0.0389072 -1.2175 2.27042 0.0132027 -2.68824 2.80798 0.0286764
3.405 -0.370467 -0.00979189 0.00180169 -0.464102 0.122458 0.00340648 -1.76886 1.44162 0.0462499 -0.511894 -3.68299 0.043326
3.455 0.351381 -0.0132936 -0.0167572 0.299436 0.0310787 -0.0148815 -0.297613 -0.157292 -0.00888626 3.1383 -6.8163 -0.0318089
3.505 -0.257327 -0.0147996 -0.0198482 -0.231812 -0.0696019 -0.0180604 -0.580668 -1.66998 -0.0277121 0.886524 -3.80692 -0.0629155
3.555 -0.435176 -0.0141895 0.00973671 -0.358855 -0.149165 0.0108966 -0.336852 -2.28536 0.0287057 -3.36303 2.32657 0.0383657
3.605 0.484915 -0.011317 0.0533143 0.592016 -0.183094 0.0539974 4.05867 -1.65551 -0.0282342 -2.02057 5.69432 0.0237515
3.655 0.611847 -0.00660104 0.00160652 0.72554 -0.160453 0.000890693 0.758043 -0.0765609 -0.00963745 -0.369285 3.20288 -0.0221971
3.705 0.419085 -0.00074504 -0.071731 0.50618 -0.0869146 -0.0729994 0.683845 1.65806 -0.0529392 1.9576 -2.50395 -0.0386583
3.755 0.473464 0.00545948 -0.0508042 0.506252 0.0169353 -0.0522233 1.00768 2.66127 -0.0429702 4.03703 -5.65429 -0.066348
3.805 -1.94167 0.0110974 0.030591 -1.9552 0.121339 0.0292084 -3.15245 2.40441 0.0289475 0.0405539 -2.97669 0.0280374
3.855 -2.38532 0.0153837 0.0541189 -2.43801 0.196022 0.0533209 -2.20484 0.986971 0.0552167 -3.27103 3.09171 0.0398436
3.905 -3.15438 0.0177544 -0.0300465 -3.23295 0.218972 -0.0302608 -2.46191 -0.909665 -0.0311684 -2.40825 6.71997 0.0285718
3.955 -2.85745 0.0176748 -0.092091 -2.79023 0.182456 -0.0933248 -2.53431 -2.36407 -0.0721132 -1.99287 4.29229 -0.0623477
4.005 -1.22389 0.0152919 0.0301617 -1.25615 0.0955678 0.0103064 -1.2413 -2.67802 0.0210255 2.84487 -2.08517 -0.0128048
4.055 -0.421359 0.0108493 0.112587 -0.375145 -0.0175783 0.104321 2.54532 -1.72548 0.0492082 5.65854 -6.55982 0.0212844
4.105 0.511961 0.00494091 0.0200105 0.574196 -0.125891 0.0191577 2.79903 -0.0105392 -0.00120287 3.95916 -5.09085 0.0188603
4.155 0.846219 -0.00165468 -0.0927779 0.919845 -0.199568 -0.0919829 2.68228 1.59036 -0.0679433 -0.854477 0.739996 -0.0478804
4.205 -0.737954 -0.00796863 -0.0110011 -0.661308 -0.218678 -0.0110145 0.938556 2.27542 -0.0218893 -5.49952 5.30327 0.0162953
4.255 -3.00931 -0.0132891 0.100734 -2.958 -0.179001 0.0997282 -1.31926 1.72275 0.0671778 -7.04118 4.34147 0.0202315
4.305 -2.17645 -0.0168668 0.0328062 -2.23467 -0.0927702 0.0318698 -3.34272 0.249628 -0.0238532 -1.73622 -0.981682 0.0127796
4.355 -0.583802 -0.0181052 -0.0933692 -0.654426 0.0147988 -0.0956659 -2.56121 -1.35389 -0.0823815 4.28702 -5.27339 -0.0316344
4.405 0.76345 -0.0168941 -0.0350887 0.686409 0.112609 -0.0363215 -1.02619 -2.23134 -0.0206259 5.567 -4.1654 -0.00425493
4.455 1.63117 -0.0134576 0.12543 1.52178 0.172827 0.123706 5.12692 -1.90051 0.0713039 3.05298 1.43628 0.072729
4.505 1.99415 -0.00831197 0.0438701 1.87705 0.17887 0.0441982 4.13253 -0.501823 0.0348438 -2.0797 6.19349 -0.000169327
4.555 1.05409 -0.00221461 -0.1146 0.977048 0.130049 -0.113557 1.84878 1.26813 -0.107789 -3.35506 5.45233 -0.052377
4.605 0.566299 0.00392757 -0.0407117 0.534772 0.0417482 -0.0401678 0.640097 2.50947 -0.0322218 -1.70852 -0.277113 -0.0197897
4.655 -0.12164 0.00935471 0.110838 -0.0993589 -0.0590297 0.106995 -0.102533 2.57536 0.108637 1.48841 -5.76768 0.0571264
4.705 -0.125999 0.0131982 0.0302464 -0.05883 -0.141652 0.0330932 -2.36426 1.4026 0.0335909 2.1994 -6.02308 0.0245385
4.755 0.777428 0.0148615 -0.109564 0.929592 -0.181146 -0.106715 -1.21881 -0.452436 -0.0812911 0.792703 -0.994054 -0.0519872
4.805 1.27461 0.0142789 -0.0469998 1.36635 -0.16473 -0.0460814 1.38138 -2.09036 -0.0331814 -1.55559 4.43148 -0.0311555
4.855 0.651217 0.0115354 0.0927304 0.741926 -0.0963116 0.0922764 1.90828 -2.72021 0.092436 -3.70261 5.13396 0.0262506
4.905 1.30957 0.00706852 0.0548638 1.35449 0.00503026 0.0537705 2.42304 -2.05525 0.0480658 -0.8103 0.645432 0.0206494
4.955 1.09978 0.00155613 -0.0998802 1.10852 0.110298 -0.107194 -0.215921 -0.455132 -0.0782883 2.66042 -4.45765 -0.0277895
5.005 1.56595 -0.00415076 -0.0546019 1.51203 0.188982 -0.0575548 -1.07108 1.25941 -0.0501203 3.62819 -5.01171 -0.0124744
5.055 0.229318 -0.00913918 0.180786 0.145666 0.217793 0.21332 -1.88365 2.22403 0.068479 1.57032 -0.28548 0.0324654
5.105 -0.497402 -0.0128385 0.0631016 -0.591704 0.187266 0.080891 -2.21586 1.96952 0.0501774 -3.02506 5.26662 0.0170121
5.155 0.213406 -0.0145875 -0.0866562 0.182714 0.105516 -0.0781822 -1.207 0.657885 -0.0613905 -3.2228 6.2534 -0.037418
5.205 1.02591 -0.0141376 -0.0566468 0.99284 -0.00518551 -0.0512226 0.955369 -1.00377 -0.0424609 0.710969 1.53498 -0.0309823
5.255 0.703293 -0.0115446 0.0750405 0.682957 -0.114461 0.0749279 0.700663 -2.12777 0.0462677 2.1617 -4.62858 0.0564375
5.305 -0.778854 -0.00704723 0.0901803 -0.712747 -0.192518 0.0803302 2.17717 -2.10286 0.0476428 1.14449 -6.59233 0.0255005
5.355 -0.0707097 -0.0014283 -0.0629247 0.0109995 -0.217992 -0.0711607 1.31008 -0.910863 -0.0764928 -0.310735 -2.67495 -0.0396294
5.405 -0.681133 0.00458471 -0.0666479 -0.624228 -0.184644 -0.0703237 -0.929314 0.859783 -0.0507639 -2.48071 3.27224 -0.0373818
5.455 -0.591615 0.0101563 0.0723566 -0.576295 -0.102946 0.069768 -1.06949 2.31069 0.0650719 -3.91457 5.57922 0.0296086
5.505 -0.210351 0.0145059 0.077769 -0.24392 0.00305605 0.0763446 -1.14819 2.69068 0.0559552 -0.421442 2.19452 0.0388932
5.555 0.170599 0.0170073 -0.0680795 0.091005 0.102702 -0.0691287 -0.60445 1.77918 -0.0560868 3.06531 -3.37866 -0.0220444
5.605 0.318618 0.0172899 -0.0763523 0.211398 0.167592 -0.0764372 1.0926 0.00345098 -0.0596855 3.8633 -5.50579 -0.0331277
5.655 -0.346894 0.0152916 0.0605457 -0.453115 0.179738 0.0610865 1.38048 -1.77539 0.0514192 1.33642 -1.90939 0.0151262
5.705 -0.593726 0.0112573 0.0720257 -0.673144 0.136679 0.0734716 0.889333 -2.69455 0.0613884 -2.08387 4.07389 0.0323117
5.755 -0.528775 0.00571725 -0.0591598 -0.559881 0.052121 -0.0576884 0.0176945 -2.32308 -0.044565 -2.65943 6.6646 -0.0139019
5.805 -0.509651 -0.000592411 -0.0769907 -0.482216 -0.0481245 -0.0754508 -0.844884 -0.876521 -0.0604533 -1.16264 3.20586 -0.0300713
5.855 0.020431 -0.00682407 0.0449077 0.0976271 -0.133686 0.0457688 -0.813473 0.896989 0.0424489 1.8844 -3.23275 0.0213881
5.905 0.106747 -0.0121021 0.0798113 0.21355 -0.178447 0.0775727 -0.606051 2.09892 0.0662169 3.25844 -6.73816 0.0237675
5.955 0.0181028 -0.0158108 -0.0402975 0.120714 -0.168367 -0.0417177 -0.932989 2.1374 -0.0373445 0.357071 -4.17146 -0.034153
6.005 0.0524024 -0.017377 -0.084665 0.137033 -0.105343 -0.0857127 0.398183 1.02539 -0.068745 -2.26882 1.86934 -0.0316519
6.055 -0.22938 -0.0166168 0.0356014 -0.205713 -0.00687793 0.0324065 0.50594 -0.631116 0.0281493 -3.79033 5.58151 0.0310577
6.105 0.119 -0.0136631 0.0891532 0.105053 0.0989465 0.0880577 1.11607 -1.9467 0.0664969 -1.80054 3.54041 0.0428881
6.155 -0.123438 -0.00896108 -0.035003 -0.169051 0.181501 -0.0364293 1.64269 -2.21294 -0.0252556 1.7479 -2.04371 -0.0189459
6.205 0.110027 -0.00318827 -0.0839173 0.019157 0.216522 -0.0836777 1.24011 -1.263 -0.0638226 3.45779 -5.51911 -0.0465653
6.255 0.292138 0.0027984 0.0337129 0.223475 0.193098 0.0344472 0.95286 0.439942 0.0258572 3.02447 -3.30435 0.00573393
6.305 0.227151 0.00815922 0.0852278 0.187048 0.116893 0.0866728 -0.524074 2.03592 0.0705596 -0.113537 2.60858 0.0445393
6.355 0.419573 0.0121386 -0.0253368 0.421182 0.00856721 -0.0240636 -0.660643 2.70505 -0.020259 -2.38498 6.54223 0.0034892
6.405 0.350151 0.014175 -0.08307 0.396885 -0.102099 -0.0820688 -0.904028 2.08441 -0.0741539 -1.85174 4.59496 -0.0373858
6.455 0.00571557 0.014002 0.0184853 0.0839008 -0.184666 0.0190731 -0.542506 0.455112 0.0107072 0.0280425 -1.58252 0.00215897
6.505 -0.336303 0.0116776 0.0847517 -0.251079 -0.21671 0.0843761 -0.127466 -1.39649 0.0704643 1.79443 -6.32793 0.0328746
6.555 -0.431939 0.0075824 -0.0107926 -0.366954 -0.19017 -0.0116262 0.113171 -2.57292 -0.00728764 1.21703 -5.34367 -0.00735047
6.605 -0.0721776 0.00235253 -0.0888349 -0.0503282 -0.113597 -0.0901522 0.0281885 -2.51525 -0.0662206 -0.718895 0.248045 -0.0307476
6.655 0.0654749 -0.00321417 0.00602959 0.0330617 -0.00960278 0.00466114 -0.168001 -1.28166 0.00988101 -2.90038 5.04115 0.00649517
6.705 -0.00127455 -0.00844065 0.0889785 -0.0646288 0.091605 0.089725 -0.168548 0.486313 0.0691466 -2.60397 4.55309 0.0275772
6.755 -0.0175509 -0.0121624 -0.0043358 -0.133159 0.161241 -0.00510978 -0.675512 1.89129 -0.00518159 0.166827 -0.508984 -0.00886172
6.805 -0.0649898 -0.0141096 -0.0871829 -0.188655 0.179939 -0.0872263 -1.34037 2.23549 -0.0740991 2.8776 -5.00099 -0.0335615
6.855 -0.178388 -0.0138849 -0.00229618 -0.27336 0.143211 -0.0012564 -1.03451 1.3726 -0.00471439 3.02727 -4.35864 0.00789614
6.905 -0.230841 -0.011509 0.0832541 -0.276814 0.0629218 0.0847904 -0.267028 -0.221402 0.0687393 0.636517 0.963632 0.042334
6.955 0.0809735 -0.00732719 0.00673653 0.0946764 -0.0363413 0.00939287 1.0113 -1.69496 0.0103192 -1.5488 5.89833 -0.000961317
7.005 0.249611 -0.00193364 -0.0856979 0.319145 -0.124514 -0.0858289 1.78337 -2.25818 -0.0634323 -1.7028 5.62117 -0.0497841
7.055 0.0718519 0.00405194 -0.0086293 0.180026 -0.174686 -0.00676188 1.80804 -1.58964 -0.0056321 -0.271339 0.196605 -0.0103265
7.105 0.161088 0.0095301 0.0805443 0.275513 -0.171179 0.0810556 1.21434 -0.00453543 0.0652567 1.87116 -5.44044 0.0464229
7.155 0.0275008 0.0139085 0.019438 0.123164 -0.114002 0.0187404 -0.391846 1.70178 0.00880096 1.98797 -6.15123 0.02131
7.205 0.0852742 0.0166058 -0.0763006 0.133784 -0.0189195 -0.077836 -1.16351 2.65622 -0.0644754 -0.418097 -1.44853 -0.029286
7.255 -0.166336 0.0169806 -0.0203104 -0.166484 0.0868565 -0.0218777 -1.24263 2.35229 -0.0158976 -3.12036 4.09059 -0.0168234
7.305 -0.334507 0.0151903 0.079859 -0.37814 0.172947 0.0786422 -0.924505 0.910752 0.0639146 -3.46051 5.23133 0.018895
7.355 0.128903 0.0114028 0.0262836 0.0576215 0.214046 0.025646 0.745586 -0.976755 0.0219285 -0.193069 1.0788 0.00872952
7.405 -0.0880818 0.0061121 -0.0769286 -0.162637 0.197534 -0.0765585 0.959903 -2.39359 -0.0599721 2.78212 -4.11529 -0.0212439
7.455 0.302034 2.52594e-05 -0.0269314 0.249311 0.127104 -0.0257039 1.44091 -2.65838 -0.0254503 3.61974 -5.09688 -0.00383786
7.505 0.174358 -0.0060465 0.0723014 0.160667 0.0217608 0.0738315 0.90102 -1.66708 0.0562996 1.7603 -0.717745 0.0298172
7.555 -0.0437885 -0.0112953 0.0296793 -0.0151464 -0.0895545 0.0310328 -0.660548 0.0582535 0.0232678 -1.82463 4.90672 0.00561782
7.605 -0.230935 -0.0153932 -0.0685404 -0.156855 -0.176528 -0.0664439 -1.54032 1.63662 -0.0597692 -2.86765 6.31799 -0.0380385
7.655 -0.162279 -0.0170763 -0.0371197 -0.0933843 -0.214905 -0.0364861 -2.06768 2.27684 -0.0301955 -0.89423 1.96821 -0.0119454
7.705 0.100326 -0.0165828 0.0653693 0.157709 -0.195182 0.064823 -1.23902 1.67905 0.0557583 1.88719 -4.23915 0.0394941
7.755 0.121016 -0.0139787 0.0398439 0.144803 -0.123965 0.0383994 -0.23843 0.183793 0.0320917 2.56657 -6.61896 0.0171483
7.805 0.0257558 -0.00925173 -0.0605803 -0.0036258 -0.0219693 -0.0679933 1.11736 -1.40586 -0.0531235 0.200421 -3.09164 -0.0363956
7.855 0.299204 -0.00376261 -0.0436624 0.22486 0.0804754 -0.0476677 2.04708 -2.23901 -0.0358114 -2.54575 2.86465 -0.0248204
7.905 0.245636 0.00186325 0.0640707 0.162058 0.154412 0.0624404 1.33352 -1.85452 0.0517482 -3.21425 5.57115 0.0287662
7.955 -0.192348 0.00721265 0.0467014 -0.303144 0.179348 0.0465666 0.358131 -0.422351 0.0417482 -1.97827 2.59213 0.02948
8.005 -0.208462 0.0113197 -0.0511886 -0.298287 0.149091 -0.0628622 -0.45628 1.34127 -0.0444421 1.44034 -2.95903 -0.0207775
8.055 -0.470918 0.0136133 -0.0475737 -0.513996 0.073486 -0.0510676 -1.73798 2.53657 -0.0366226 3.35025 -5.47036 -0.031741
8.105 0.0185607 0.0138127 0.0581478 0.040194 -0.0242879 0.0596252 -1.32452 2.53825 0.0426007 2.66937 -2.29697 0.0123849
8.155 0.166916 0.0118971 0.0510038 0.240272 -0.114558 0.0524816 0.0650863 1.31575 0.0419307 -0.0984916 3.63124 0.0171502
8.205 0.107429 0.00818918 -0.0475704 0.213671 -0.169854 -0.0490119 0.709771 -0.547511 -0.0468496 -2.52125 6.59049 -0.010012
8.255 -0.203042 0.00324363 -0.054082 -0.0873559 -0.173034 -0.0555483 1.43727 -2.14633 -0.0484553 -1.89006 3.57516 -0.0102563
8.305 -0.131415 -0.00219051 0.0487588 -0.0368383 -0.122085 0.0479812 0.62282 -2.7093 0.0364631 0.843324 -2.76709 0.0237825
8.355 -0.203628 -0.00728148 0.0564592 -0.15267 -0.0309986 0.0552151 0.0111842 -1.98454 0.0471483 2.48274 -6.61574 0.0142164
8.405 -0.0450131 -0.011257 -0.0436973 -0.0477712 0.0743275 -0.0452635 -0.449142 -0.362927 -0.033315 1.3388 -4.50605 -0.0300517
8.455 0.026875 -0.0135094 -0.0593997 -0.0235669 0.163505 -0.0608193 -0.808848 1.32373 -0.0463906 -1.55907 1.39751 -0.0241945
8.505 -0.205964 -0.0136814 0.0411865 -0.286101 0.210438 0.040756 -1.49184 2.22742 0.0300127 -3.68724 5.42139 0.0259249
8.555 0.00215134 -0.0117276 0.0611651 -0.082148 0.200853 0.0614992 -0.748008 1.91283 0.0443716 -2.34873 3.84197 0.0321005
8.605 -0.158501 -0.00792348 -0.0360895 -0.215304 0.136463 -0.0342203 -0.378814 0.575124 -0.0346673 1.16842 -1.5716 -0.0195042
8.655 0.01636 -0.00279202 -0.0629362 -0.00350717 0.0345639 -0.0617547 0.572524 -1.06484 -0.0521961 3.40175 -5.33002 -0.0369717
8.705 -0.0501457 0.00294759 0.0317529 -0.0311956 -0.076854 0.0332957 1.33567 -2.13179 0.028746 3.03475 -3.58074 0.011978
8.755 -0.0641107 0.00845515 0.0613775 -0.00142103 -0.167149 0.0622008 1.18459 -2.04626 0.0574841 0.125089 2.12971 0.0352328
8.805 0.0886089 0.0129403 -0.0290662 0.168619 -0.211681 -0.029514 1.06585 -0.823163 -0.0169912 -2.20218 6.3176 -0.00624787
8.855 0.106163 0.0157556 -0.0624537 0.175681 -0.198832 -0.0628917 0.194105 0.932561 -0.0488225 -1.82827 4.83829 -0.0295398
8.905 -0.0493493 0.0164888 0.0252356 -0.0133313 -0.133276 0.0243296 -0.71946 2.33081 0.0208029 -0.0130736 -1.10418 0.00390376
8.955 -0.109258 0.0150249 0.0662645 -0.121609 -0.0345304 0.0647655 -1.01404 2.64765 0.0512474 2.08832 -6.06984 0.0246861
9.005 -0.0910258 0.0115556 -0.0209774 -0.153251 0.0687147 -0.0225657 -0.932948 1.69487 -0.0184832 1.61472 -5.54711 -0.00295383
9.055 0.0649591 0.00654853 -0.0673442 -0.0337408 0.146879 -0.0683152 -0.341863 -0.081175 -0.0532687 -0.784557 -0.214605 -0.0197863
9.105 0.105913 0.000683366 0.0177158 -0.0051778 0.178017 0.0178437 0.979165 -1.82151 0.0154679 -3.15926 4.76805 0.00524338
9.155 -0.0502236 -0.00524849 0.0673555 -0.145288 0.154089 0.0683555 0.982855 -2.68384 0.0568483 -2.98995 4.73098 0.0165608
9.205 0.223735 -0.0104508 -0.0126604 0.169291 0.0832105 -0.0110365 1.02811 -2.26569 -0.00943015 0.305891 -0.0569097 -0.0161251
9.255 0.0601616 -0.0142359 -0.0658077 0.0604581 -0.0127863 -0.063739 -0.259078 -0.803452 -0.0582435 2.92951 -4.71744 -0.0266628
9.305 0.0486608 -0.0161143 0.00819005 0.103298 -0.104757 0.00974634 -1.06984 0.949869 0.000346813 3.12745 -4.52281 0.0188494
9.355 -0.126919 -0.015584 0.0651689 -0.0327383 -0.164515 0.0657029 -1.46292 2.10851 0.0478658 0.813117 0.50703 0.0419097
9.405 0.140453 -0.0132984 -0.00531577 0.252436 -0.174011 -0.00428962 -1.37478 2.10295 -0.0077061 -1.63721 5.58944 -0.00445555
9.455 0.0624713 -0.0095083 -0.0652856 0.157141 -0.129277 -0.0625259 -0.532665 0.96723 -0.053834 -2.19066 5.75938 -0.0412191
9.505 -0.0292128 -0.00434453 -8.88412e-05 0.0353572 -0.0422398 8.69551e-05 0.34851 -0.681989 0.0030722 -0.602677 0.651025 -0.00723721
9.555 -0.0242748 0.00113095 0.0694355 -0.00296992 0.0622067 0.0711206 1.45313 -1.96377 0.057007 1.90116 -5.10507 0.0330069
9.605 -0.0690942 0.00630684 0.00169805 -0.103055 0.154055 0.00130719 1.1944 -2.18586 0.00598563 2.07118 -6.25429 0.012345
9.655 0.16555 0.0103614 -0.0663463 0.104376 0.206413 -0.0670844 1.22784 -1.20284 -0.0508892 -0.00737911 -1.88563 -0.0241885
9.705 -0.0204548 0.0127564 -0.00693605 -0.0890249 0.203482 -0.00695119 0.277635 0.505453 -0.00485286 -2.82001 3.74558 -0.0125479
9.755 0.0108841 0.0131732 0.0645444 -0.0409417 0.145098 0.0655079 -0.64521 2.07522 0.0531254 -3.44377 5.31364 0.0164548
9.805 -0.0301322 0.0115749 0.00984559 -0.0466958 0.046851 0.0111986 -0.942004 2.6967 0.0107729 -0.78642 1.50767 0.00332257
9.855 -0.211814 0.00821694 -0.0632042 -0.186944 -0.0643269 -0.0615887 -1.21764 2.02847 -0.0483623 2.13413 -3.75878 -0.0197433
9.905 -0.152347 0.00360847 -0.014391 -0.0936646 -0.157834 -0.0132357 -0.344466 0.374551 -0.0104708 3.45521 -5.16493 0.000865191
9.955 -0.034844 -0.00156086 0.0607915 0.0387563 -0.208114 0.0613178 0.534782 -1.46541 0.049112 2.08978 -1.1538 0.025708
10.005 0.0960408 -0.00651321 0.0171636 0.15963 -0.201916 0.0168247 1.18568 -2.59749 0.0118785 -0.993431 4.51655 0.00117611
10.055 0.0274793 -0.0103303 -0.0611806 0.0603771 -0.141898 -0.0614945 1.07844 -2.48317 -0.0509486 -2.48634 6.34916 -0.0264721
10.105 -0.166022 -0.0128581 -0.0295463 -0.180326 -0.0462837 -0.0318485 0.24228 -1.20817 -0.0158228 -1.40647 2.39675 -0.00035724
10.155 -0.0455271 -0.0132822 0.058917 -0.1149 0.0572746 0.0584835 -0.698712 0.564456 0.0481073 1.42282 -3.8154 0.032264
10.205 0.000702003 -0.011664 0.0255067 -0.1033 0.139057 0.0252427 -1.47628 1.93388 0.0195271 2.48869 -6.59749 0.00672068
10.255 0.0253241 -0.00818457 -0.0565784 -0.0904944 0.176005 -0.0565581 -1.41206 2.22025 -0.0461236 0.70348 -3.48735 -0.0374989
10.305 -0.0230986 -0.00331614 -0.0260378 -0.123169 0.158373 -0.0252647 -0.584681 1.3081 -0.0237752 -2.35906 2.43247 -0.0218766
10.355 -0.0485854 0.00225378 0.05135 -0.0910266 0.0924329 0.0567715 0.1777 -0.29944 0.0399577 -3.62687 5.51395 0.0274792
10.405 -0.0118769 0.00772575 0.028313 -0.0128091 -0.00139951 0.0319306 1.12793 -1.74188 0.0211529 -1.66899 2.96009 0.0257527
10.455 -0.135422 0.0123062 -0.0526071 -0.0834222 -0.0946164 -0.0509243 1.14648 -2.24499 -0.0428987 1.54587 -2.52384 -0.0152531
10.505 -0.0799627 0.0153416 -0.0328211 0.0178844 -0.158912 -0.0319826 1.08813 -1.51988 -0.0220716 3.55119 -5.38996 -0.0194129
10.555 0.0548385 0.01637 0.0494031 0.170875 -0.174448 0.0491507 0.447356 0.0865273 0.0464255 2.76448 -2.65356 0.0106114
10.605 0.0856014 0.0152228 0.0352706 0.190425 -0.135665 0.034258 -0.391798 1.76552 0.0333071 -0.264095 3.17419 0.0110274
10.655 -0.00532874 0.0120426 -0.0478045 0.0638938 -0.0529628 -0.0493845 -0.747862 2.65696 -0.0374134 -2.57496 6.46826 -0.0120652
10.705 0.071562 0.00725786 -0.0386232 0.0911174 0.0502472 -0.0405067 -0.845663 2.28708 -0.0332143 -1.69152 3.90679 -0.00510356
10.755 0.248812 0.00136878 0.0442043 0.215108 0.14418 0.0432989 -0.159512 0.81162 0.0327963 1.04023 -2.29181 0.020364
10.805 0.0877116 -0.00462912 0.0399055 0.031226 0.20145 0.0401133 0.379452 -1.06003 0.0306853 2.26958 -6.44114 0.00855645
10.855 -0.107595 -0.0097598 -0.0413882 -0.189713 0.205143 -0.0409897 0.710315 -2.42016 -0.0329572 0.823403 -4.78923 -0.0266579
10.905 0.0467395 -0.0136889 -0.0365269 -0.0113221 0.152938 -0.0414904 0.818221 -2.61785 -0.0310614 -1.6728 0.933321 -0.0179616
10.955 -0.0196688 -0.0157843 0.0390936 -0.0582963 0.058623 0.037648 -0.0575176 -1.58373 0.0330804 -3.38046 5.21925 0.0240261
11.005 0.272127 -0.0157995 0.0449003 0.282434 -0.051826 0.0465604 -0.564627 0.138985 0.0364468 -2.08683 4.0878 0.0216857
11.055 -0.0225222 -0.0137495 -0.0363832 0.0275343 -0.148045 -0.0350534 -1.08912 1.67319 -0.0342411 0.833504 -1.1242 -0.0211242
11.105 -0.0228333 -0.00996305 -0.0462611 0.0478178 -0.203691 -0.0458205 -1.40532 2.25366 -0.0441675 2.97901 -5.11972 -0.0249504
11.155 0.0568712 -0.00503086 0.0272011 0.11354 -0.204013 0.0335899 -0.797183 1.61271 0.02135 3.19657 -3.81469 0.0174264
11.205 -0.0526671 0.000386955 0.0453533 -0.00684791 -0.149855 0.0462545 -0.361191 0.112852 0.0363551 0.393117 1.67598 0.0300503
11.255 -0.143188 0.00551433 -0.0303818 -0.141656 -0.0576059 -0.0317658 0.732363 -1.44207 -0.0215147 -2.30468 6.08342 -0.00760963
11.305 -0.109212 0.00962761 -0.0479479 -0.156842 0.0458329 -0.0496337 1.31171 -2.22088 -0.0337984 -2.17281 5.05413 -0.0268929
11.355 -0.13723 0.0121714 0.0276657 -0.221826 0.130726 0.0262029 1.09568 -1.79177 0.0274613 0.0511384 -0.640229 -0.000825093
11.405 -0.0729513 0.0128196 0.0500503 -0.173945 0.1731 0.0495632 0.653825 -0.346705 0.0429569 2.12954 -5.79912 0.0166099
11.455 -0.146495 0.0115155 -0.0239814 -0.237921 0.161603 -0.0233831 -0.281633 1.39261 -0.0206214 1.73358 -5.72554 -0.0018654
11.505 -0.0400932 0.0084824 -0.0508255 -0.0972772 0.100717 -0.049384 -0.707711 2.53864 -0.0432932 -0.757194 -0.666857 -0.00938925
11.555 -0.091457 0.00418388 0.0212082 -0.0986521 0.00936064 0.0229751 -0.835315 2.49029 0.0160418 -2.99914 4.47892 0.0117324
11.605 -0.00475265 -0.000735467 0.0509515 0.0403813 -0.0846663 0.0527258 -0.327638 1.24001 0.0430115 -2.79176 4.88136 0.0117638
11.655 -0.0495264 -0.00553921 -0.018565 0.0362109 -0.152808 -0.0172984 0.321668 -0.617062 -0.0118755 -0.0403381 0.381602 -0.0199692
11.705 -0.103175 -0.00950793 -0.0519352 0.000750603 -0.174095 -0.0514838 0.840225 -2.18008 -0.0396113 2.77204 -4.42268 -0.023438
11.755 -0.0731996 -0.0119487 0.0138926 0.0185192 -0.14118 0.00852814 1.01349 -2.69436 0.0128331 3.27833 -4.66474 0.0177253
11.805 -0.0584877 -0.0126531 0.0534416 0.00761623 -0.0629682 0.0513995 0.419213 -1.93027 0.0409198 1.15691 0.0606332 0.0333075
11.855 0.118234 -0.0114017 -0.0117547 0.134782 0.038609 -0.0133893 -0.273135 -0.295968 -0.0130249 -1.31234 5.27055 -0.00640978
11.905 0.112403 -0.00833519 -0.0521926 0.081372 0.134356 -0.0536072 -0.930019 1.37197 -0.0454125 -2.21613 5.88258 -0.0326367
11.955 0.200453 -0.00386465 0.00918323 0.135898 0.196385 0.008274 -1.08367 2.23449 0.00533206 -0.585699 1.10702 -0.00203158
12.005 -0.0389329 0.0013862 0.0531568 -0.115435 0.206187 0.0529461 -1.0463 1.87638 0.0423347 1.55687 -4.7478 0.0267963
12.055 0.0237955 0.00667407 -0.00427655 -0.039802 0.159999 -0.0035992 -0.444541 0.514095 -0.00518422 1.87903 -6.3363 0.00564041
12.105 0.0616577 0.011238 -0.0527175 0.0312916 0.0699471 -0.0514594 0.609534 -1.11814 -0.0444983 0.109026 -2.32858 -0.0210168
12.155 -0.0319444 0.01441 0.00290686 -0.019555 -0.0393611 0.0044876 1.07095 -2.14729 0.000118149 -2.66681 3.36458 -0.00590076
12.205 -0.0211174 0.0157096 0.0522975 0.0299896 -0.13785 0.0536675 1.14858 -2.01154 0.0409873 -3.38465 5.3569 0.0167047
12.255 -0.0168829 0.0149269 0.000520442 0.0565075 -0.198529 0.00116068 0.701935 -0.751659 0.0018726 -1.00066 1.93015 0.00376546
12.305 0.148705 0.0121447 -0.0517273 0.220438 -0.205182 -0.0518972 0.0584159 1.00653 -0.0387621 2.28883 -3.36605 -0.0135939
12.355 0.130608 0.00772342 -0.0045961 0.176162 -0.156947 -0.00566039 -0.711982 2.36841 0.00180421 3.64242 -5.18162 0.00125493
12.405 0.0109665 0.00201622 0.0513631 0.0210613 -0.0687344 0.0512366 -1.0341 2.62579 0.0454842 1.83631 -1.56624 0.0144858
12.455 -0.0128627 -0.0036689 0.00630228 -0.0434316 0.034143 0.0108515 -0.65864 1.61986 0.00725817 -1.1665 4.10226 -0.00799127
12.505 -0.0880944 -0.00895521 -0.050304 -0.178157 0.121729 -0.0503046 -0.176256 -0.17525 -0.0427046 -2.51205 6.33033 -0.0227088
12.555 0.0324657 -0.0130289 -0.00954887 -0.0794656 0.169277 -0.00985712 0.653862 -1.88863 -0.00955501 -1.24235 2.79421 0.00691457
12.605 -0.0547051 -0.0153397 0.0499079 -0.156901 0.163917 0.0503022 0.894056 -2.69058 0.0386982 1.20703 -3.37671 0.033063
12.655 -0.0903887 -0.0156137 0.0128467 -0.159868 0.108338 0.0143771 0.635792 -2.20939 0.00989729 2.22568 -6.53071 0.00480919
12.705 -0.102807 -0.0138424 -0.0491293 -0.121712 0.0199133 -0.0473642 -0.0504632 -0.71428 -0.0382 0.675211 -3.85117 -0.0332357
12.755 -0.0781625 -0.0103048 -0.0150644 -0.0410226 -0.0744006 -0.0131658 -0.977758 1.02463 -0.0123366 -1.99796 1.98706 -0.0174429
12.805 -0.044528 -0.00553223 0.0462957 0.0391225 -0.145963 0.0476692 -1.19088 2.12954 0.0359552 -3.23366 5.40893 0.0219475
12.855 0.0943751 -0.000221678 0.0176898 0.203285 -0.172805 0.0180909 -1.01939 2.06093 0.0095261 -1.59761 3.28899 0.0184558
12.905 0.0521877 0.00486274 -0.0450048 0.159267 -0.146067 -0.0455425 -0.227858 0.887681 -0.0423283 1.55329 -2.08169 -0.0131945
12.955 -0.0883173 0.00901354 -0.0210244 -0.00822122 -0.0726157 -0.022682 0.598942 -0.752884 -0.019672 3.2695 -5.26004 -0.012423
13.005 0.00657049 0.0120473 0.0455117 0.0413697 0.0274223 0.0462278 1.29325 -1.98464 0.0368171 2.51375 -2.95926 0.0105457
13.055 0.0729899 0.012903 0.0234202 0.0643581 0.12434 0.0228953 1.40433 -2.14319 0.0233443 -0.0991325 2.72748 0.00728315
13.105 0.10412 0.011778 -0.0420655 0.054557 0.190588 -0.0429363 1.00072 -1.11809 -0.0279081 -2.24505 6.30915 -0.0113351
13.155 0.0940619 0.0089045 -0.0248003 0.0257748 0.206435 -0.0250712 0.332089 0.587328 -0.0152531 -1.82695 4.18719 -0.00315421
13.205 -0.00272004 0.00476015 0.0413576 -0.064979 0.166361 0.0420045 -0.687277 2.11051 0.0332821 0.46965 -1.84069 0.0163253
13.255 0.103496 -3.4207e-05 0.026845 0.0672671 0.0807756 0.0282663 -0.979715 2.66647 0.0181633 2.18593 -6.24983 0.00472434
13.305 0.0898323 -0.00475487 -0.0386433 0.0909646 -0.0269668 -0.0367034 -0.91278 1.94759 -0.0345358 1.51624 -5.037 -0.0203389
13.355 0.0158188 -0.00870582 -0.0288436 0.0530672 -0.127235 -0.0271175 -0.161893 0.283157 -0.0253194 -1.38872 0.489421 -0.00836542
13.405 0.0813128 -0.0112994 0.0354861 0.141276 -0.192532 0.0365593 0.489417 -1.5235 0.032112 -3.33699 5.00832 0.0225217
13.455 -0.0752375 -0.0123379 0.0293386 -0.0178256 -0.205803 0.0287383 0.799326 -2.59723 0.0289028 -2.59552 4.31218 0.0118033
13.505 -0.06675 -0.0119413 -0.0337769 -0.0308897 -0.163867 -0.0347952 0.701215 -2.42941 -0.0244516 0.434835 -0.684626 -0.0260111
13.555 -0.0190304 -0.00911646 -0.0324444 -0.0149489 -0.0793796 -0.0346418 -0.255968 -1.13117 -0.0259526 3.28684 -4.8944 -0.022693
13.605 -0.057899 -0.00484772 0.0316955 -0.103291 0.0224073 0.0295091 -1.11925 0.625561 0.0223313 3.11376 -4.02677 0.0187558
13.655 -0.111576 0.000212874 0.0352825 -0.196043 0.112287 0.0336689 -1.42333 1.95093 0.0223798 0.366027 1.22679 0.0286133
13.705 0.000379574 0.00536341 -0.0302015 -0.103117 0.164693 -0.0311735 -1.34641 2.18904 -0.0289932 -2.01513 5.83028 -0.00224688
13.755 0.0900495 0.00991389 -0.0350939 -0.00764185 0.16532 -0.0350295 -0.654598 1.24839 -0.031069 -1.98345 5.24475 -0.0187279
13.805 -0.0318437 0.0132301 0.0292407 -0.0987474 0.11513 0.0302807 0.267785 -0.354741 0.0227004 -0.170128 -0.184062 -0.00124007
13.855 -0.0464983 0.0147833 0.0368673 -0.064777 0.0298895 0.0386675 1.07008 -1.76386 0.0323868 1.89907 -5.51343 0.00868139
13.905 -0.0963774 0.0143218 -0.0252447 -0.0607248 -0.0643772 -0.0232941 1.49359 -2.22201 -0.0187402 1.87164 -5.88374 -0.00550583
13.955 -0.12664 0.0118925 -0.0370933 -0.0458126 -0.139021 -0.0355558 1.06141 -1.46167 -0.0304496 -0.670246 -1.11555 -0.00659984
14.005 -0.068603 0.00780713 0.0224637 0.0369516 -0.171169 0.0230962 0.422479 0.152739 0.0180842 -2.85698 4.17377 0.0130764
14.055 -0.18296 0.00262206 0.0383535 -0.0791505 -0.150392 0.0380379 -0.511062 1.80804 0.0319119 -2.9436 5.01588 0.00836506
14.105 -0.00282222 -0.000784371 -0.0217958 0.0750668 -0.0799341 -0.0232283 -0.830978 2.65437 -0.0151202 -0.273002 0.826898 -0.0196955
14.155 0.0410835 -0.00597187 -0.0400642 0.0798432 0.0174858 -0.0421665 -0.563976 2.23804 -0.0292325 2.81073 -4.09859 -0.0180806
14.205 0.0859396 -0.010213 0.0183062 0.0727824 0.115357 0.0165545 -0.0984366 0.735615 0.0180386 3.38807 -4.78104 0.0174084
14.255 0.135556 -0.0128577 0.0409963 0.0801311 0.185396 0.0397666 0.771103 -1.1301 0.0337386 1.54371 -0.392543 0.0249489
14.305 -0.0230627 -0.0135476 -0.0161615 -0.0967065 0.206996 -0.016576 0.958643 -2.45404 -0.0139333 -1.48117 4.91041 -0.0079176
14.355 -0.0647773 -0.0122429 -0.0414366 -0.132771 0.173011 -0.0408235 0.714911 -2.59634 -0.035994 -2.55971 5.96132 -0.0228447
14.405 -0.0412771 -0.00914705 0.0144387 -0.0825518 0.0920929 0.0157087 0.140668 -1.51951 0.00845337 -0.778755 1.55304 0.00435836
14.455 0.0890114 -0.00471635 0.0409547 0.0878118 -0.0137388 0.0426875 -0.58797 0.214585 0.0322726 1.60303 -4.35367 0.024473
14.505 0.0452009 0.000356999 -0.0117093 0.08431 -0.115427 -0.00993392 -1.18662 1.72395 -0.00934656 2.14786 -6.36403 0.000526836
14.555 0.166824 0.00541751 -0.0424799 0.233325 -0.184999 -0.0415772 -1.17453 2.25262 -0.0336042 0.305702 -2.74531 -0.0236289
14.605 0.0757513 0.00973979 0.00875184 0.148487 -0.20371 0.00895544 -0.850859 1.56129 0.00612327 -2.47833 2.9625 -0.00843961
14.655 0.0310633 0.01264 0.0410104 0.0858939 -0.167337 0.0402036 -0.1117 0.0390759 0.0317645 -3.33728 5.35001 0.0100604
14.705 -0.0160364 0.00912347 -0.00657586 -0.00123706 -0.0899319 -0.00743734 0.853027 -1.49569 -0.00758456 -1.28199 2.32117 0.0021166
14.755 -0.0648844 0.00683522 -0.0420247 -0.0886559 0.0065916 -0.0406368 1.1156 -2.22363 -0.0340557 1.91615 -2.95906 -0.00527077
14.805 0.0198827 0.00397511 0.00393106 -0.0540803 0.0980831 0.00271003 1.1048 -1.73647 0.00606263 3.52487 -5.15404 0.00873735
14.855 0.0293707 4.01057e-05 0.0425744 -0.0682176 0.155516 0.0413371 0.442233 -0.260108 0.0392741 2.14873 -1.94674 0.0121706
14.905 0.0166936 0.000322352 -0.0108998 -0.0797666 0.166405 -0.0109014 -0.257559 1.46715 0.00394424 -0.851419 3.6754 -0.011212
14.955 0.0291653 -0.0046928 -0.0414307 -0.0519678 0.12206 -0.0393336 -0.775766 2.55582 -0.031811 -2.46782 6.26427 -0.0206242
15.005 -0.0709785 -0.00831024 0.0010049 -0.102331 0.0398822 0.00352855 -1.0213 2.43858 -0.00280048 -1.61187 3.15316 0.00805175
15.055 -0.124298 -0.0109946 0.0408449 -0.104087 -0.0538589 0.0429459 -0.643784 1.14517 0.0296057 0.862584 -2.93106 0.0287968
15.105 -0.0163287 -0.0120631 0.003206 0.0483906 -0.130986 0.00508616 0.156723 -0.71003 0.000293379 2.4659 -6.41845 0.0014351
15.155 0.0144322 -0.0112417 -0.0410417 0.10728 -0.168051 -0.0401819 0.822661 -2.22284 -0.033524 1.11621 -4.166 -0.0277739
15.205 -0.0327009 -0.00866065 -0.00615012 0.0639636 -0.153108 -0.00636781 1.077 -2.66897 -0.00324628 -1.81265 1.54998 -0.0110814
15.255 -0.0121492 -0.00469338 0.0395238 0.063762 -0.0895716 0.0383759 0.723676 -1.85227 0.035821 -3.42389 5.27279 0.017504
15.305 -0.0629742 0.000128736 0.00788933 -0.0254124 0.00479787 0.00594184 -0.233516 -0.210697 0.00777428 -2.0361 3.57268 0.0103588
15.355 -0.0144779 0.00510816 -0.0399353 -0.0212822 0.102973 -0.0421181 -1.03433 1.42004 -0.0330128 1.14832 -1.66068 -0.0124864
15.405 -0.0937252 0.00955673 -0.00890142 -0.138044 0.176499 -0.0107045 -1.44561 2.22605 -0.0133582 3.43976 -5.11566 -0.00778881
15.455 -0.0801484 0.0136979 0.0391282 -0.14034 0.204686 0.038467 -1.15743 1.81562 0.024197 2.72179 -3.23808 0.0115681
15.505 0.0173189 0.0153253 0.0101799 -0.0485332 0.176415 0.0120058 -0.207856 0.439303 0.00590773 0.167526 2.29525 0.00821836
15.555 0.186097 0.0148197 -0.0371987 0.144762 0.100395 -0.0352064 0.911489 -1.16778 -0.0295299 -1.93451 6.13988 -0.00767262
15.605 0.0411434 0.0126462 -0.0136043 0.0390831 -0.00307264 -0.0115435 1.49176 -2.14005 -0.00764257 -1.96358 4.45114 -0.0022968
15.655 -0.110963 0.00896286 0.0354655 -0.076766 -0.105501 0.0373234 1.47153 -1.9534 0.0340729 -0.00593348 -1.3907 0.00909399
15.705 0.0261179 0.00412296 0.0158531 0.0856954 -0.178823 0.0172699 0.719211 -0.671378 0.0166575 2.08875 -6.03993 -0.00461639
15.755 0.0884852 -0.0012199 -0.0350769 0.153948 -0.20322 -0.0344863 -0.243716 1.06804 -0.0257766 1.76201 -5.26465 -0.0190115
15.805 0.191933 -0.00637274 -0.0185822 0.24028 -0.172815 -0.0189432 -0.714121 2.37992 -0.0164209 -0.907867 0.0445151 0.000863304
15.855 0.0151902 -0.0105902 0.0324116 0.0274334 -0.0971732 0.0311087 -0.963706 2.58472 0.0258078 -3.2728 4.77477 0.0257779
15.905 -0.0476675 -0.0133425 0.0199866 -0.0804382 0.00136812 0.0183651 -0.682989 1.54438 0.0169002 -2.81827 4.51132 0.00955636
15.955 0.0476228 -0.0141645 -0.0328028 -0.0262631 0.09439 -0.034524 0.00863433 -0.249807 -0.0226854 0.193657 -0.245787 -0.0243653
16.005 0.112869 -0.0130456 -0.0215233 0.0138387 0.155323 -0.0225387 0.579426 -1.92907 -0.0133476 3.15711 -4.64837 -0.0199338
16.055 -0.0279231 -0.0113296 0.0327616 -0.118419 0.166124 0.035236 1.03068 -2.68166 0.0258414 3.14914 -4.21768 0.014063
16.105 0.0234729 -0.00710011 0.0224424 -0.0563391 0.126697 0.0245382 0.76 -2.15814 0.0171898 0.761054 0.775596 0.0219187
16.155 0.0258351 -0.00226095 -0.028803 -0.00575521 0.0486532 -0.0263811 -0.184435 -0.646692 -0.0277842 -1.7866 5.55242 -0.00232806
16.205 -0.0449747 0.00299448 -0.0281079 -0.0311851 -0.0437872 -0.022601 -1.10205 1.07633 -0.0245752 -2.29026 5.41525 -0.0133338
16.255 -0.0914987 0.00737905 0.0259301 -0.0204747 -0.123211 0.0288128 -1.46432 2.13969 0.0183921 -0.395833 0.281026 0.00102783
16.305 -0.0165295 0.0104258 0.0253067 0.086352 -0.164841 0.0263008 -1.26596 2.02915 0.019648 1.80658 -5.19152 0.00414678
16.355 -0.0386055 0.011754 -0.0262195 0.0689631 -0.15552 -0.0264374 -0.473969 0.830146 -0.020331 1.88335 -6.00948 -0.00766775
16.405 0.0505062 0.0112481 -0.0270846 0.138723 -0.0970459 -0.0281215 0.664921 -0.805662 -0.0206483 -0.300188 -1.56924 -0.00408382
16.455 -0.068553 0.00896421 0.0232162 -0.0189536 -0.00570975 0.0214751 1.26286 -2.0059 0.0202764 -2.7285 3.82413 0.0118899
16.505 -0.092943 0.0052423 0.0276094 -0.0904064 0.0923727 0.0255198 1.33644 -2.11672 0.0226206 -3.11747 5.10117 0.00612458
16.555 -0.0597688 0.000734621 -0.0222171 -0.0992648 0.168858 -0.0239432 1.04737 -1.05522 -0.0172557 -0.528217 1.25889 -0.014465
16.605 0.0140462 -0.00445818 -0.0292846 -0.0468517 0.199726 -0.03089 0.189514 0.65837 -0.0221289 2.52637 -3.73806 -0.00927087
16.655 -0.00523566 -0.0110812 0.0205667 -0.072672 0.176537 0.0201135 -0.593149 2.152 0.0193112 3.43838 -4.84185 0.0167418
16.705 0.133835 -0.0136841 0.0298095 0.0795965 0.10548 0.0309645 -0.829083 2.65674 0.0276087 1.72373 -0.817246 0.0158888
16.755 0.0500608 -0.0148401 -0.0180337 0.0335516 0.00458757 -0.0160345 -0.761609 1.88507 -0.0128855 -1.16869 4.52944 -0.0148328
16.805 -0.00953769 -0.0142618 -0.0302946 0.0113283 -0.0982711 -0.028155 -0.116072 0.197369 -0.0251337 -2.52607 5.9901 -0.0225306
16.855 -0.0081906 -0.0119512 0.0163791 0.0406176 -0.175071 0.0181225 0.66473 -1.59582 0.0112704 -1.11864 1.96861 0.00734387
16.905 -0.0448034 -0.00808787 0.0308764 0.0148268 -0.204837 0.0316197 0.763615 -2.61784 0.0237206 1.33227 -3.94574 0.0240351
16.955 0.0465944 -0.00334118 -0.0142478 0.0949495 -0.180205 -0.0145169 0.586615 -2.38749 -0.0119042 2.19566 -6.34617 0.0030554
17.005 0.0501217 0.00158815 -0.0321611 0.0679396 -0.109194 -0.033526 0.109933 -1.04958 -0.0247229 0.549759 -3.1293 -0.0162564
17.055 0.0657406 0.0060613 0.0124767 0.0424185 -0.0127575 0.0105535 -0.692721 0.705731 0.0108597 -2.279 2.54728 -0.0072543
17.105 0.0771263 0.00947256 0.0328325 0.0140497 0.0811827 0.0307316 -1.19011 1.9882 0.0258278 -3.20594 5.29705 0.00460762
17.155 -0.0929947 0.0245423 -0.00793874 -0.179534 0.156149 -0.0100458 -1.39474 2.16264 -0.0107932 -1.58045 2.67203 -0.00148172
17.205 -0.0684569 0.0223005 -0.031537 -0.158328 0.175044 -0.0338295 -0.891796 1.17407 -0.0310118 1.69203 -2.55103 -0.00269886
17.255 -0.08954 0.0207392 0.00866724 -0.165114 0.140872 0.00832647 0.104295 -0.433422 0.00170774 3.47728 -5.08391 0.0106288
17.305 -0.0834955 0.017695 0.0334447 -0.119298 0.0666582 0.0346393 0.879023 -1.79981 0.0261378 2.24277 -2.28039 0.00984028
17.355 0.00516661 0.00824166 -0.00678826 0.0148137 -0.0274283 -0.00851329 1.49785 -2.20287 -0.00217944 -0.471274 3.26235 -0.0114289
17.405 0.119169 0.00342842 -0.0332443 0.179524 -0.111367 -0.032214 1.17387 -1.38285 -0.0211287 -2.24964 6.17268 -0.0169777
17.455 0.00109553 -0.00600521 0.00451888 0.0889234 -0.160878 0.0054119 0.567064 0.243334 0.00923857 -1.59904 3.46619 0.00817762
17.505 0.0216128 -0.0105749 0.032245 0.122586 -0.15674 0.0328741 -0.34451 1.86168 0.0305055 0.678931 -2.50687 0.0210344
17.555 -0.0612328 -0.0131933 -0.00392877 0.0198268 -0.103681 -0.00461611 -0.955494 2.64389 -0.00188074 2.16705 -6.29536 -0.00183942
17.605 -0.0647752 -0.0142163 -0.0332146 -0.0190654 -0.0155906 -0.0346915 -0.993173 2.16508 -0.0292766 1.04535 -4.45657 -0.0213527
17.655 -0.031481 -0.0134266 0.000698691 -0.0284378 0.0822281 -0.00137852 -0.30718 0.638467 -0.00213006 -1.49103 1.13535 -0.00376888
17.705 0.0269608 -0.0138154 0.0315823 -0.0137104 0.157952 0.0328636 0.389126 -1.20148 0.0268256 -3.19747 5.12322 0.0182497
17.755 0.0500466 -0.0101605 0.0013661 -0.00821786 0.195395 0.00118027 1.03366 -2.46137 0.00409621 -2.17219 3.84237 0.00641849
17.805 0.0525769 -0.00554651 -0.0313013 -0.00948864 0.179349 -0.03111 1.07785 -2.55252 -0.0245201 0.878844 -1.23853 -0.0154244
17.855 0.076277 -0.000777369 -0.00230244 0.0323625 0.113347 -0.00145511 0.312284 -1.4373 -0.00176703 3.29768 -4.95377 -0.0104456
17.905 -0.0713976 0.00347552 0.0326104 -0.0813957 0.0154477 0.0342303 -0.651752 0.28215 0.0227678 2.86843 -3.49557 0.00837086
17.955 0.0181236 0.00665476 0.00534168 0.0456284 -0.0874945 0.00740333 -1.37958 1.7481 -0.00251281 0.257818 1.85887 0.00793347
18.005 -0.0588878 0.00841318 -0.0315532 -0.00231899 -0.167131 -0.0298261 -1.51339 2.2279 -0.0316454 -1.98621 5.94602 0.000169301
18.055 -0.0112685 0.00821647 -0.0063611 0.0564702 -0.202097 -0.00534419 -0.984592 1.50128 -0.00832672 -2.0545 4.69068 0.00545146
18.105 0.0354192 0.00618047 0.0302444 0.0919299 -0.183421 0.0301997 0.160145 -0.0205836 0.0259602 0.135618 -0.939679 0.00742204
18.155 0.0367394 0.00442104 0.00740631 0.0598159 -0.113007 0.00599974 0.969139 -1.52385 0.0106085 1.93332 -5.80792 -0.00962973
18.205 -0.0754321 0.00744693 -0.0332782 -0.100544 -0.0155614 -0.0356405 1.44757 -2.20733 -0.0201199 1.50201 -5.47157 -0.0201009
18.255 0.0134435 0.00288858 -0.00973487 -0.0462513 0.0788543 -0.0127091 1.31967 -1.68175 -0.00496661 -0.840712 -0.405037 0.00130847
18.305 0.0111737 -0.00176683 0.0297795 -0.079652 0.147532 0.0280095 0.39583 -0.197473 0.0233712 -2.92954 4.51283 0.0232554
18.355 0.0632606 -0.0100635 0.012098 -0.0542506 0.165276 0.00978778 -0.357513 1.50584 0.00888943 -2.6369 4.69088 0.00651334
18.405 -0.0158999 -0.0108094 -0.0274267 -0.0959552 0.135944 -0.0272474 -0.913304 2.56261 -0.0227305 -0.0428546 0.198095 -0.0210175
18.455 -0.0688925 -0.0107445 -0.0128934 -0.114968 0.0661531 -0.0113605 -1.1243 2.39845 -0.00966771 2.69847 -4.36742 -0.014832
18.505 0.066442 -0.0107446 0.0274685 0.0665539 -0.0249137 0.029999 -0.433769 1.07338 0.0244663 3.30355 -4.37686 0.0121182
18.555 -0.0551952 -0.00795972 0.0161311 -0.0129298 -0.108985 0.017292 0.235769 -0.772852 0.0132088 1.09307 0.321056 0.0162092
18.605 -0.00137328 -0.00347556 -0.0263896 0.0797305 -0.158755 -0.0255772 0.931955 -2.2592 -0.0212386 -1.60442 5.23554 -0.00292194
18.655 0.0185101 0.00128859 -0.0156567 0.116598 -0.160195 -0.0154514 1.10572 -2.65603 -0.0149746 -2.14597 5.54404 -0.00731061
18.705 -0.0523743 0.00584181 0.0249908 0.033671 -0.112021 0.0241836 0.365135 -1.79215 0.0176868 -0.609704 0.728473 0.00468059
18.755 0.0254479 0.00935792 0.0165378 0.0801737 -0.0274679 0.0146892 -0.314504 -0.131097 0.0115903 1.64499 -4.8354 0.00536604
18.805 0.00834619 0.0113435 -0.0244862 0.0219292 0.0694417 -0.0268074 -1.15691 1.47876 -0.0205686 1.91681 -6.08254 -0.00606894
18.855 0.0111933 0.0178031 -0.0177893 -0.0153664 0.15664 -0.0205051 -1.46698 2.23136 -0.0154865 -0.213699 -1.99689 -0.00412117
18.905 -0.0542247 0.0170962 0.0245631 -0.101364 0.200763 0.0210838 -1.11258 1.77167 0.0176833 -2.66835 3.46002 0.00506831
18.955 0.0307119 0.0143596 0.0198823 -0.028617 0.189626 0.0185129 -0.285232 0.362916 0.0141711 -2.96902 5.14089 -0.0026886
19.005 0.029358 0.00982072 -0.0208453 -0.0188663 0.128998 -0.0201706 0.782312 -1.22272 -0.0197434 -0.661261 1.66015 -0.014958
19.055 0.0414139 0.00461201 -0.0207747 0.0230344 0.0344148 -0.0191451 1.45462 -2.1604 -0.0179612 2.2654 -3.3681 -0.00244301
19.105 0.0440969 -0.0003894 0.0205242 0.0602162 -0.0682865 0.0227803 1.60887 -1.90835 0.0174066 3.40208 -4.86202 0.0212552
19.155 -0.0179381 -0.011151 0.0214289 0.0252527 -0.157339 0.0234946 0.696597 -0.589807 0.0212918 1.80595 -1.21363 0.0152447
19.205 -0.0614128 -0.0147279 -0.0206597 -0.00553338 -0.19785 -0.0185901 -0.194638 1.14409 -0.00970406 -1.03666 4.1426 -0.0141345
19.255 -0.0408172 -0.0159538 -0.0224033 0.0102634 -0.184583 -0.0214877 -0.920562 2.41023 -0.0134574 -2.37881 5.98166 -0.0199163
19.305 -0.0170357 -0.0157287 0.0164149 0.00760207 -0.124456 0.0154148 -1.04972 2.55052 0.0160369 -1.16036 2.34679 0.00553121
19.355 0.0849274 -0.0150548 0.0226384 0.0678435 -0.033332 0.0183556 -0.578374 1.45977 0.0173441 1.11269 -3.53952 0.0188878
19.405 0.0548965 -0.0107834 -0.0161489 -0.00283343 0.0607247 -0.0177064 0.134856 -0.347801 -0.0160839 2.04075 -6.30153 0.00187207
19.455 0.0367279 -0.00630706 -0.0239367 -0.0455182 0.131633 -0.0253262 0.796911 -1.98531 -0.0216557 0.54291 -3.47518 -0.0116516
19.505 0.0165011 0.00109157 0.0144373 -0.0779588 0.162243 0.0139916 1.03878 -2.67579 0.011455 -2.03069 2.14475 -0.00394864
19.555 -0.0572818 0.00553381 0.0252265 -0.133534 0.138724 0.0253354 0.536323 -2.09384 0.0215173 -3.14977 5.23146 0.00152219
19.605 0.00840658 0.00868162 -0.0125532 -0.0314801 0.0729217 -0.0116438 -0.220889 -0.557187 -0.00828482 -1.49029 2.99414 -0.0045207
19.655 0.0204617 0.0127133 -0.0250835 0.0260459 -0.0127261 -0.0233 -0.949927 1.14321 -0.0209211 1.63223 -2.15704 -0.00255609
19.705 -0.0105433 0.0127247 0.0114303 0.0421223 -0.0960874 0.013536 -1.4148 2.14924 0.00533108 3.29028 -5.00482 0.00985092
19.755 -0.0464173 0.0109308 0.0252082 0.0401497 -0.149521 0.0268447 -1.15921 1.97852 0.0153679 2.31133 -2.60173 0.00881451
19.805 -0.00930499 0.00764711 -0.00904579 0.0604464 -0.158509 -0.0162766 -0.385993 0.752236 -0.0121994 -0.343911 2.84836 -0.00782871
19.855 -0.0265558 0.00239209 -0.0267285 0.0632123 -0.11436 -0.0281845 0.422942 -0.86971 -0.0213523 -2.25384 6.06842 -0.00947597
19.905 -0.00609807 -0.00194684 0.0077479 0.0534776 -0.0334873 0.00636795 1.21525 -2.01461 0.00979403 -1.62618 3.78046 0.00997717
19.955 -0.0315984 -0.00436284 0.0256975 -0.0194673 0.0633924 0.023377 1.39091 -2.06732 0.0264066 0.534369 -2.07468 0.0137724
20.005 0.00948628 -0.00708087 -0.00831331 -0.0142877 0.146947 -0.0109837 0.97323 -0.973505 -0.000557072 2.04473 -6.14346 -0.0101002
20.055 0.0542529 -0.0089943 -0.0258641 -0.00289289 0.192427 -0.0278081 0.238563 0.732653 -0.0187163 1.22544 -4.73594 -0.0214051
20.105 -0.00739389 -0.0105449 0.00617884 -0.0705006 0.186394 0.00838446 -0.686776 2.18007 0.00228514 -1.36417 0.695686 0.000419078
20.155 0.00112177 -0.00861506 0.0269938 -0.0556287 0.130631 0.0279085 -0.916641 2.62072 0.0179771 -3.11047 4.94942 0.0195426
20.205 -0.0224399 -0.00540135 -0.00336566 -0.0487985 0.0394095 -0.00195021 -0.762498 1.81107 -0.00388193 -2.24155 4.09297 0.00863666
20.255 -0.0014983 -0.00192499 -0.0243116 0.00763778 -0.0631953 -0.0215157 -0.189888 0.113563 -0.0201246 0.696044 -0.806826 -0.0104904
20.305 0.0283404 0.00271086 0.00282993 0.0666655 -0.14776 0.00424029 0.593863 -1.64492 0.00510134 3.1592 -4.75869 -0.009461
20.355 0.00748269 0.00714738 0.0268327 0.0651947 -0.192014 0.0280143 0.951239 -2.61294 0.024438 2.87834 -3.73738 0.00277123
20.405 -0.0620799 0.0107197 -0.00138054 -0.00821065 -0.184359 -0.00120794 0.676994 -2.3412 0.000921937 0.382372 1.40915 0.00307082
20.455 0.0215958 0.0129075 -0.0260019 0.0514377 -0.127986 -0.0268014 0.0618741 -0.982404 -0.0232992 -1.92151 5.71762 0.000857874
20.505 -0.0420923 0.0134372 -0.000510957 -0.0433831 -0.0396772 -0.00284023 -0.846327 0.758762 -0.00513438 -1.99177 4.90529 0.00788495
20.555 0.0267237 0.0121844 0.0255323 -0.0214618 0.0545143 0.0232508 -1.25691 2.00303 0.0167818 -0.00853362 -0.474493 0.00702119
20.605 -0.0129889 0.0091255 0.00256235 -0.0915372 0.127807 0.000797685 -1.19546 2.1348 -0.000942307 1.90336 -5.52814 -0.0112254
20.655 -0.0535911 0.00394012 -0.0253453 -0.145568 0.158898 -0.0261276 -0.641454 1.12195 -0.0208297 1.55273 -5.63926 -0.018398
20.705 -0.0121904 -0.00223073 -0.00356926 -0.0928612 0.139293 -0.00322995 0.298602 -0.486529 -0.00209565 -0.742445 -0.856617 0.00260028
20.755 -0.0224701 -0.00713652 0.0254195 -0.0729425 0.077883 0.026888 1.03025 -1.82377 0.0210201 -2.87195 4.20492 0.0186469
20.805 0.026738 -0.0106562 0.000581253 0.0270993 -0.00661811 0.00743987 1.39483 -2.17665 0.00421254 -2.68985 4.81462 0.00445533
20.855 0.0761333 -0.0136315 -0.0258436 0.119259 -0.090605 -0.0216333 1.21027 -1.32625 -0.0200183 -0.0503827 0.63104 -0.0153508
20.905 0.0740856 -0.014825 -0.00676665 0.146926 -0.147254 -0.00478767 0.414809 0.309785 -0.00402525 2.73403 -4.04849 -0.00771593
20.955 0.0654766 -0.0145175 0.0241225 0.155923 -0.158633 0.0251443 -0.374698 1.90754 0.0217142 3.22529 -4.47769 0.0137057
21.005 -0.0189053 -0.0119907 0.0061971 0.0651875 -0.119452 0.00540233 -0.946437 2.63935 0.0103744 1.10665 -0.103996 0.0115027
21.055 -0.0695765 -0.00456413 -0.0241941 -0.0101896 -0.0396341 -0.0245183 -0.941901 2.11363 -0.0153114 -1.4861 4.89558 -0.00767979
21.105 0.0228895 -0.00074827 -0.0104956 0.0459052 0.0538393 -0.0116197 -0.386437 0.556561 -0.00636437 -2.19451 5.61435 -0.0109019
21.155 0.0535564 0.00350581 0.0216645 0.0386675 0.138511 0.0191029 0.370354 -1.27846 0.0164619 -0.617074 1.15243 0.0016861
21.205 0.0744285 0.00762898 0.00991544 0.0300019 0.188313 0.0073788 0.996114 -2.49907 0.00569465 1.47522 -4.46908 0.00407492
21.255 0.0976774 0.0108654 -0.0211629 0.0434532 0.188518 -0.0223603 1.01323 -2.52254 -0.0204201 1.8924 -6.11706 -0.00102128
21.305 -0.0103715 0.0102557 -0.0122784 -0.0469914 0.136214 -0.0177916 0.28134 -1.36587 -0.00996196 -0.0883888 -2.39002 0.0030551
21.355 -0.0742433 0.0106589 0.0222756 -0.0977153 0.0483392 0.0231655 -0.73987 0.366621 0.0181342 -2.53478 3.08001 0.00564013
21.405 -0.0525811 0.00910999 0.0135812 -0.0400422 -0.0523665 0.0163121 -1.45222 1.79942 0.00970116 -2.98103 5.14285 -0.00700979
21.455 0.00121273 0.00626749 -0.0214054 0.0433507 -0.138704 -0.0188426 -1.55022 2.21796 -0.0165177 -0.796676 2.02949 -0.0163473
21.505 0.0255302 0.00377599 -0.0127671 0.0820217 -0.185921 -0.0118827 -0.86558 1.4407 -0.0136089 2.09269 -2.9945 -0.000563761
21.555 0.0397349 -0.000640327 0.0198433 0.0884392 -0.18387 0.0199088 0.235404 -0.0997984 0.0119733 3.28205 -4.85182 0.0199223
21.605 -0.0250363 -0.0054302 0.0159306 0.00499184 -0.13323 0.0167574 1.14713 -1.57314 0.0090958 1.87455 -1.57047 0.0133778
21.655 -0.0670158 -0.00837417 -0.0181196 -0.0772909 -0.0485171 -0.0196495 1.36338 -2.19594 -0.0137859 -0.926855 3.75978 -0.0124026
21.705 -0.0741968 -0.0101575 -0.0167777 -0.124568 0.0450892 -0.0188293 1.11206 -1.61534 -0.00814377 -2.2908 5.95208 -0.015567
21.755 -0.0574881 -0.0103162 0.0176325 -0.138757 0.120592 0.0158079 0.380525 -0.104185 0.0184044 -1.22245 2.70142 0.00434722
21.805 -0.0424995 -0.00881296 0.017343 -0.137279 0.156651 0.0160358 -0.393747 1.57418 0.0163323 0.984491 -3.14238 0.0119105
21.855 0.0390723 -0.00682875 -0.0141931 -0.0521983 0.142417 -0.0131727 -0.8027 2.56147 -0.0133415 2.08427 -6.23616 -0.000406484
21.905 -0.029319 -0.00306112 -0.0153785 -0.0780317 0.0857067 -0.0133342 -0.777889 2.33404 -0.0174735 0.648019 -3.81023 -0.00720995
21.955 -0.0200825 0.00141196 0.0156332 -0.0279798 0.00248507 0.0168628 -0.213882 0.978715 0.00910687 -1.89404 1.73786 8.29954e-05
22.005 -0.0391426 0.00583742 0.0195038 -0.00482881 -0.0816339 0.0212587 0.34422 -0.860513 0.0128689 -3.10707 5.13831 0.00338852
22.055 -0.00623529 0.00826748 -0.0145118 0.0669325 -0.141579 -0.0124113 0.765794 -2.28982 -0.00923005 -1.6019 3.30778 -0.00246792
22.105 0.0280428 0.0103928 -0.0169639 0.126777 -0.158325 -0.0167658 0.929172 -2.62195 -0.0120749 1.44559 -1.74395 -0.00279031
22.155 -0.00732948 0.0111683 0.0127535 0.084092 -0.125488 0.0119414 0.336204 -1.7194 0.0130312 3.26946 -4.89606 0.00401464
22.205 0.0382974 0.0101277 0.0180329 0.101471 -0.0525213 0.0166253 -0.310288 -0.0575461 0.0149049 2.53024 -2.90496 0.00197046
22.255 -0.00414596 0.00739054 -0.0119274 0.0226415 0.0398847 -0.014205 -1.06305 1.51698 -0.0136041 -0.206932 2.42288 -0.00869826
22.305 0.0293425 0.00343972 -0.0198897 0.0169023 0.125288 -0.0225181 -1.33625 2.21638 -0.0213595 -2.21322 5.92616 -0.00251569
22.355 0.00244207 -0.00128347 0.0099406 -0.0411173 0.178701 0.00768107 -1.09535 1.71488 0.00315078 -1.71765 4.06754 0.0162497
22.405 0.0117356 -0.00610792 0.0194368 -0.0458031 0.18414 0.0181191 -0.327697 0.300757 0.0148321 0.377549 -1.62951 0.0130723
22.455 0.0567036 -0.010386 -0.00911511 0.00507964 0.13914 -0.00915555 0.785497 -1.26296 -0.00555341 2.08707 -5.96228 -0.0117209
22.505 0.0441351 -0.013589 -0.0202949 0.0151443 0.0555098 -0.0190654 1.38947 -2.14154 -0.0116598 1.26428 -4.98678 -0.0213605
22.555 0.0419916 -0.0152915 0.00873 0.0444304 -0.0439201 0.0109227 1.38909 -1.85602 0.0105265 -1.33075 0.247102 -0.00192434
22.605 -0.0437703 -0.00704231 0.0206751 -0.00787204 -0.121144 0.0254132 0.713449 -0.520037 0.0185947 -3.1358 4.73348 0.0157768
22.655 -0.0241343 -0.00407298 -0.00773911 0.0245648 -0.175172 -0.0048992 -0.279843 1.19666 -0.00506732 -2.36002 4.30932 0.00760432
22.705 -0.0305243 -0.000760696 -0.0199861 0.0197051 -0.177978 -0.0184526 -0.956539 2.42166 -0.0172669 0.571983 -0.362867 -0.00772937
22.755 -0.0237551 0.00321456 0.00569546 0.0088012 -0.131528 0.0056795 -1.07962 2.5041 0.00546599 3.07532 -4.51792 -0.00646568
22.805 0.026599 0.000140565 0.0185429 0.0227826 -0.0571691 0.0175283 -0.532571 1.38975 0.0190816 3.01514 -3.92725 0.00115229
22.855 -0.0187653 0.00382299 -0.0083063 -0.0501529 0.033233 -0.0118355 0.266209 -0.417527 -0.00171932 0.622199 0.961763 -4.92723e-06
22.905 -0.0180086 0.00662275 -0.0194052 -0.0868617 0.111073 -0.0205485 0.826628 -2.02785 -0.0159418 -1.83535 5.4399 0.0012273
22.955 -0.0180907 0.00857849 0.00326902 -0.100335 0.151199 0.00215156 0.967154 -2.66437 0.000722078 -2.17355 5.06371 0.00954778
23.005 -0.0120525 0.0090107 0.0209587 -0.0875262 0.143239 0.0204815 0.519057 -2.03948 0.013784 -0.19365 -0.0328045 0.00702283
23.055 0.00387956 0.00772546 -0.00148096 -0.0461287 0.090834 -0.000774791 -0.206693 -0.487717 -0.00502237 1.80631 -5.21493 -0.00809379
23.105 0.0256564 0.00465219 -0.0200824 0.00657571 0.0100252 -0.0188721 -1.02032 1.1966 -0.0192874 1.68532 -5.75143 -0.0123009
23.155 0.00453101 0.00111592 0.00125048 0.038926 -0.0738894 0.00333482 -1.3509 2.16824 -0.000461748 -0.563499 -1.27719 0.00368954
23.205 0.0473306 -0.00287389 0.0199864 0.115365 -0.13558 0.022082 -1.03013 1.94873 0.0171503 -2.77713 3.88173 0.0124129
23.255 0.0572254 -0.00667766 -0.000275001 0.141813 -0.15602 0.00124892 -0.335236 0.689164 0.000867535 -2.71124 4.89703 -0.00393747
23.305 0.0546149 -0.00970135 -0.020428 0.136437 -0.128242 -0.0200544 0.59009 -0.930365 -0.0169137 -0.23662 1.03184 -0.0183203
23.355 0.037251 -0.0114442 -0.00176964 0.096395 -0.0594112 -0.0026394 1.29129 -2.04023 -0.00205623 2.58021 -3.71974 -0.00434699
23.405 0.0499097 -0.0116407 0.0189973 0.073385 0.0310728 0.0169844 1.41532 -2.04276 0.0161384 3.31027 -4.54589 0.0164465
23.455 0.0246979 -0.0104562 0.00257223 0.0101863 0.117022 -1.36197e-05 0.904377 -0.902523 0.00371443 1.37534 -0.50233 0.0131187
23.505 0.00819055 0.0019762 -0.0195731 -0.0360526 0.182536 -0.0228112 0.116594 0.80842 -0.012485 -1.36644 4.54872 -0.00360724
23.555 -0.0246158 0.00432377 -0.00514219 -0.0853869 0.192104 -0.00598166 -0.721494 2.22393 0.000833616 -2.33951 5.65456 -0.00815941
23.605 -0.0402456 0.00826205 0.0191365 -0.0897581 0.152483 0.019167 -1.14825 2.60466 0.0183046 -0.949645 1.54397 -0.00218926
23.655 -0.0400894 0.0126168 0.00533881 -0.0691108 0.0726801 0.0064178 -0.837643 1.73239 0.0029423 1.32168 -4.10208 -5.0318e-05
23.705 -0.0423433 0.0161834 -0.0190812 -0.0404679 -0.0250034 -0.0172792 -0.113645 0.0212018 -0.0179138 1.9412 -6.12183 2.56661e-05
23.755 -0.01094 0.0184446 -0.00483715 0.0214148 -0.113992 -0.00253528 0.68811 -1.71603 -0.00720096 0.226598 -2.76032 0.00565735
23.805 -0.000747101 0.0191057 0.0189429 0.0505405 -0.170103 0.0211081 1.02849 -2.62549 0.0144632 -2.22241 2.70838 0.00617098
23.855 -0.0159418 0.0180789 0.00643339 0.0364788 -0.178353 0.00778694 0.715299 -2.2824 0.00711975 -3.0175 5.12571 -0.00751178
23.905 -0.0163579 0.0156148 -0.0177633 0.0182539 -0.137306 -0.0174717 -0.000910062 -0.890552 -0.0120803 -1.12819 2.38273 -0.0164227
23.955 -0.0468332 0.0118816 -0.00788716 -0.0444555 -0.0597166 -0.00879905 -0.967612 0.833016 -0.00526875 1.83613 -2.61865 -0.00126412
24.005 -0.0231468 0.00740028 0.016862 -0.0586039 0.0316453 0.0151312 -1.41249 2.02629 0.0118455 3.33959 -4.82748 0.0170919
24.055 -0.0268443 0.00272264 0.00874674 -0.0948345 0.110395 0.00682253 -1.26083 2.1029 0.00172769 2.10547 -1.9253 0.0101299
24.105 -0.0325682 -0.0263636 -0.0166092 -0.117586 0.139379 -0.0193163 -0.576833 1.04789 -0.0194177 -0.663356 3.36512 -0.00832979
24.155 -0.0346943 -0.0265795 -0.00943517 -0.119138 0.133168 -0.0105787 0.418814 -0.556017 -0.0110536 -2.30383 5.89947 -0.00791619
24.205 -0.039376 -0.0256475 0.016327 -0.0979108 0.0824512 0.0165905 1.20187 -1.84875 0.0138637 -1.47249 3.04946 0.00663889
24.255 -0.00247955 -0.0282545 0.0102436 -0.0243861 0.0054644 0.0121157 1.46466 -2.13581 0.0128417 0.840629 -2.71992 0.00809226
24.305 0.00794908 -0.0253968 -0.0154071 0.0341569 -0.0766077 -0.0132711 1.08922 -1.24442 -0.00665833 2.11911 -6.1404 -0.00580384
24.355 0.0270482 -0.0134023 -0.0113057 0.0693621 -0.141785 -0.0112846 0.314265 0.388704 -0.0046252 0.923506 -4.125 -0.0113045
24.405 0.016375 -0.0130535 0.0152188 0.102381 -0.160166 0.0166192 -0.409909 1.9461 0.0128117 -1.64741 1.32205 -0.00171344
24.455 0.00364382 -0.00877467 0.0111207 0.0935644 -0.136591 0.0117766 -0.945989 2.61896 0.00779161 -3.15115 5.0101 0.00451366
24.505 -0.010497 -0.00372066 -0.0142508 0.0578906 -0.0729178 -0.0149888 -0.872508 2.03646 -0.0129582 -1.92432 3.59565 0.00182149
24.555 0.0238595 -0.000162319 -0.0124025 0.0602588 0.015356 -0.0142759 -0.262368 0.465357 -0.0103682 1.09311 -1.32539 0.00327555
24.605 0.0420833 0.002126 0.0124298 0.0423428 0.102124 0.00983042 0.456537 -1.34099 0.012591 3.29359 -4.75509 0.00546558
24.655 0.0355774 0.00282566 0.0128864 0.00498725 0.161773 0.0101943 0.951761 -2.51481 0.013334 2.73426 -3.1845 -0.00320414
24.705 -0.01033 0.00175234 -0.0121422 -0.0576506 0.176748 -0.0140516 0.85085 -2.48801 -0.00840719 0.0683147 1.98341 -0.0115394
24.755 -0.0116748 -0.000747193 -0.0137886 -0.0577668 0.142074 -0.0145885 0.216429 -1.2896 -0.0125699 -2.11799 5.74129 -0.00106956
24.805 0.00279235 0.000625745 0.0119056 -0.0248306 0.0790327 0.0123932 -0.693723 0.426181 0.00500208 -1.92121 4.31955 0.0158958
24.855 0.00409894 0.0233974 0.0139854 0.0010263 -0.00414724 0.0160623 -1.3583 1.81895 0.00659978 0.178623 -1.17173 0.0115981
24.905 0.0136267 0.0136529 -0.0106291 0.044945 -0.0922845 -0.00757177 -1.37327 2.19573 -0.0120104 1.92637 -5.73049 -0.0110926
24.955 0.0324679 -0.000508707 -0.0147357 0.0719734 -0.160944 -0.0115256 -0.819846 1.39021 -0.0121594 1.39223 -5.18813 -0.0190116
25.005 0.0285468 -0.00118723 0.00882423 0.0758216 -0.176161 0.0114144 0.119102 -0.174291 0.00974523 -1.0075 -0.192545 -0.00152292
25.055 -0.00244916 -0.00530092 0.0143807 0.0251315 -0.142755 0.01502 1.00075 -1.59181 0.0147084 -2.979 4.47392 0.0120175
25.105 -0.00626693 -0.0046739 -0.00890745 -0.00639856 -0.0686032 -0.00885333 1.41542 -2.17031 -0.00604935 -2.49351 4.46548 0.00477371
25.155 -0.00718931 -0.00172447 -0.0158863 -0.0434801 0.0209044 -0.0171594 1.16326 -1.55941 -0.0122441 0.295504 0.051654 -0.00426481
25.205 0.0404502 0.00144539 0.00777278 -0.0277758 0.100324 0.00672219 0.457437 -0.0347192 0.00570811 2.9372 -4.25395 -0.000648499
25.255 0.012498 0.00570486 0.0156478 -0.0726127 0.147813 0.0140071 -0.394051 1.62813 0.0130289 3.12775 -4.06438 0.0028356
25.305 -0.0367539 0.014369 -0.00488994 -0.121161 0.153979 -0.00374936 -0.841487 2.57209 -0.00342229 0.843468 0.562747 0.000566078
25.355 -0.0376868 0.0172147 -0.0160747 -0.0898971 0.111342 -0.0165452 -0.859455 2.29506 -0.00944487 -1.68931 5.15556 0.000685171
25.405 -0.0239379 0.0200053 0.0070744 -0.0442243 0.036415 0.00768159 -0.395423 0.917426 0.00720773 -2.18884 5.1859 0.00412086
25.455 -0.0233275 0.0210577 0.0161866 -0.00142565 -0.0463147 0.0174062 0.294703 -0.931471 0.0141009 -0.441478 0.384229 -0.000751561
25.505 -0.0238953 0.020453 -0.00480473 0.0363282 -0.112005 -0.00309224 0.822356 -2.33041 -0.00511348 1.58331 -4.90338 -0.0105911
25.555 0.0141374 -0.00263036 -0.0156339 0.109195 -0.162887 -0.0139213 0.908334 -2.62115 -0.0154105 1.74057 -5.83494 -0.0070815
25.605 0.025164 -0.00591128 0.00395965 0.105738 -0.144232 0.00435307 0.409282 -1.65845 0.00195416 -0.312692 -1.68043 0.0101986
25.655 -0.00248884 -0.0101881 0.0162566 0.0634495 -0.0832706 0.0157577 -0.437243 0.0187123 0.0127414 -2.60608 3.54698 0.0140195
25.705 -0.00396854 -0.0147425 -0.00387238 0.0322186 0.00199656 -0.00539662 -1.20174 1.57674 -0.00218989 -2.79999 4.95125 -0.0053914
25.755 0.0230193 -0.0190675 -0.0165254 0.0215076 0.0881936 -0.0185809 -1.39089 2.21509 -0.0141586 -0.480621 1.411 -0.0180387
25.805 0.0483694 -0.0223021 0.00174884 0.0150639 0.150581 -0.00046389 -0.925857 1.67031 -0.000985861 2.43178 -3.38836 -0.00478011
25.855 0.0271938 -0.0242061 0.0161089 -0.0236289 0.170321 0.0143567 -0.0611228 0.218667 0.00909018 3.29827 -4.58185 0.013682
25.905 -0.0130002 -0.0245846 -0.00135224 -0.0633763 0.140908 -0.00220292 0.83377 -1.32714 -0.00462585 1.55579 -0.876764 0.0124241
25.955 -0.0249346 -0.00273155 -0.0157585 -0.0526196 0.092633 -0.0145687 1.3906 -2.15662 -0.0138395 -1.15028 4.20403 -0.000325087
26.005 -0.042944 0.00072333 0.000540916 -0.0496982 -0.00216053 0.00221066 1.23313 -1.80838 0.00337092 -2.31564 5.66858 -0.00562401
26.055 0.0149631 -0.00253594 0.0169992 0.0381497 -0.0992296 0.0188465 0.631437 -0.436008 0.0189936 -1.0545 1.91592 -0.00401641
26.105 0.00566163 -0.00250152 -0.000193338 0.0501867 -0.166243 0.00210114 -0.236021 1.25382 0.00643744 1.12403 -3.73736 -0.00408512
26.155 0.0134248 0.00164227 -0.0155256 0.0666966 -0.183619 -0.0142891 -0.835834 2.44217 -0.00932733 1.90848 -6.10977 -0.00196301
26.205 0.0139927 0.00497366 -0.000846886 0.0519829 -0.152565 -0.000203524 -0.917086 2.45974 -0.0016776 0.384779 -3.12054 0.00621385
26.255 -0.03675 0.0128438 0.0150082 -0.0293265 -0.0773836 0.0147155 -0.542053 1.31145 0.0101529 -2.04729 2.32464 0.00706393
26.305 -0.0524771 0.0136456 0.00228534 -0.0764874 0.0104914 0.000995298 0.184292 -0.492847 -0.00126853 -2.98804 5.08831 -0.00504847
26.355 -0.0371599 0.0126974 -0.0160677 -0.091557 0.0911919 -0.0180212 0.7166 -2.06137 -0.012915 -1.27252 2.73287 -0.011263
26.405 -0.0255917 0.0105518 -0.00302952 -0.100697 0.14184 -0.00458764 0.911099 -2.65228 -0.00120839 1.70073 -2.21747 0.00125183
26.455 0.0241322 -0.00892159 0.0148779 -0.0523105 0.130882 0.0137249 0.550472 -1.96511 0.0142608 3.2847 -4.77044 0.0112912
26.505 0.0312612 -0.0131641 0.00405756 -0.0304916 0.0939628 0.00385497 -0.151809 -0.396317 0.0036141 2.23777 -2.26475 0.00233996
26.555 0.0104638 -0.00738101 -0.0149341 -0.0160188 0.0358421 -0.014418 -1.01031 1.25534 -0.0147374 -0.433092 2.94546 -0.0104052
26.605 0.048891 -0.00657096 -0.00443522 0.0591664 -0.0512196 -0.00297249 -1.35827 2.17028 -0.00907388 -2.22365 5.80759 -0.0044073
26.655 0.0206163 -0.011455 0.0148751 0.0697483 -0.115823 0.0165965 -1.1601 1.89001 0.00634547 -1.58215 3.37168 0.0110593
26.705 0.0275696 0.00378943 0.00550609 0.0936646 -0.141902 0.0085783 -0.361667 0.62072 0.00181267 0.520687 -2.27675 0.0107166
26.755 0.0362179 -0.000164549 -0.013854 0.113027 -0.12502 -0.0126945 0.632851 -0.981128 -0.0103861 1.94681 -5.99876 -0.00414199
26.805 0.0302396 0.000538341 -0.00624596 0.0945679 -0.0687893 -0.00641745 1.30059 -2.0364 -0.000412918 1.02772 -4.40372 -0.0106885
26.855 0.0369233 0.00807505 0.0130177 0.0674547 0.0219685 0.0114487 1.41591 -1.99772 0.0156718 -1.41358 0.87419 -0.00470631
26.905 0.00202815 0.0200142 0.0104722 -0.00786197 0.103229 0.0045693 0.91406 -0.820104 0.00809038 -2.95963 4.83358 -7.36772e-05
26.955 -0.0253567 0.0194916 -0.0125013 -0.0389903 0.171153 -0.016523 -0.0107502 0.862094 -0.0109966 -2.01515 3.83918 0.00184037
27.005 -0.0157599 0.022596 -0.00790019 -0.0614547 0.195172 -0.0101982 -0.762405 2.22368 -0.00705677 0.861111 -0.900141 0.00595493
27.055 -0.0396944 0.0255063 0.0127956 -0.0880982 0.17 0.0116537 -1.05347 2.54108 0.00904569 3.07378 -4.55747 0.00595013
27.105 -0.0307273 0.0263933 0.00809969 -0.061338 0.10327 0.00801088 -0.753044 1.65953 0.00751985 2.75231 -3.41381 -0.00479589
27.155 -0.0412001 0.0256185 -0.0118504 -0.0462478 0.0122243 -0.0109047 -0.00452707 -0.0495851 -0.00692963 0.312942 1.54966 -0.0116679
27.205 -0.0350359 0.0232679 -0.00855287 -0.0133448 -0.0785118 -0.00687829 0.59666 -1.75197 -0.00408428 -1.96358 5.52116 -0.000773804
27.255 -0.0412665 0.0195453 0.0116362 4.75162e-05 -0.144054 0.01367 0.948573 -2.61573 0.0103126 -1.99482 4.52489 0.0145403
27.305 -0.0282567 0.0150445 0.00937456 0.018199 -0.166744 0.0111958 0.629564 -2.23932 0.00591626 -0.044578 -0.738758 0.0100559
27.355 -0.0373544 0.0104181 -0.0107684 -0.0029159 -0.141198 -0.00956418 -0.0398813 -0.82809 -0.0122599 1.78185 -5.46658 -0.00822625
27.405 -0.0374096 0.000579104 -0.00994317 -0.027335 -0.0778536 -0.00968146 -0.815397 0.890127 -0.0118839 1.48766 -5.35536 -0.0120875
27.455 -0.0203327 -0.0375726 0.0142584 -0.0403144 -0.0154707 0.0119555 -1.31422 2.05561 0.00570833 -0.751536 -0.610633 0.0013834
27.505 -0.0215374 -0.0357073 0.00992856 -0.0801569 0.0604061 0.00782322 -1.23385 2.07155 0.00726505 -2.73982 4.1978 0.00805102
27.555 -0.0329708 -0.0352618 -0.00996184 -0.106241 0.10261 -0.0113303 -0.542013 0.99833 -0.00711467 -2.53977 4.60218 -0.001025
27.605 0.000247297 -0.0433225 -0.0104176 -0.0704724 0.109782 -0.0118529 0.428385 -0.607154 -0.00923286 0.0611447 0.453927 -0.00825054
27.655 0.00143471 -0.0419502 0.0084596 -0.0590584 0.0787736 0.00789424 1.18079 -1.86523 0.00611245 2.7344 -3.96675 -0.00381407
27.705 0.0537379 0.0025368 0.0101655 -0.0275047 0.00564613 0.00415186 1.44577 -2.11789 0.00798379 3.15322 -4.17562 0.00337377
27.755 0.01306 -0.0120148 -0.00651416 0.0312006 -0.0452177 -0.00590603 1.09368 -1.16791 -0.00505993 1.10495 0.172392 0.00500126
27.805 0.0299234 -0.00831311 -0.0108039 0.0889491 -0.110808 -0.00880103 0.307837 0.470615 -0.00672258 -1.48949 4.85652 0.00656266
27.855 0.049456 -0.000912538 0.00730055 0.124993 -0.150824 0.00889144 -0.517488 1.99717 0.0110898 -2.19482 5.27735 0.00581509
27.905 0.0297537 0.00143503 0.0120655 0.113642 -0.142152 0.0129772 -1.00672 2.58504 0.0138655 -0.656623 0.771281 -0.00339559
27.955 0.0319389 0.00218495 -0.0067353 0.105237 -0.0901763 -0.00692285 -0.829497 1.95975 -0.00396939 1.39138 -4.58903 -0.0139866
28.005 0.0290213 0.00196696 -0.0120419 0.0746944 -0.0103789 -0.0131854 -0.211891 0.356612 -0.0116162 1.75467 -5.91546 -0.00657077
28.055 0.0255508 0.000197183 0.00561377 0.0364043 0.0752356 0.00364733 0.437565 -1.43538 0.00142872 -0.110978 -2.06592 0.0116671
28.105 0.0364963 -0.00282378 0.011906 0.0152194 0.142026 0.00965757 0.93994 -2.51664 0.00700311 -2.41317 3.22279 0.0133277
28.155 0.0530853 -0.00664503 -0.00554812 0.0106766 0.170063 -0.00755478 0.7535 -2.44187 -0.00537488 -2.80092 4.99435 -0.00504552
28.205 0.0476795 0.00863419 -0.0126961 -0.000923095 0.164762 -0.0138305 0.0966607 -1.21493 -0.00891749 -0.702584 1.80625 -0.0165281
28.255 -0.00635994 -0.00052133 0.00545821 -0.036983 0.101417 0.00627211 -0.664938 0.501947 0.00537122 2.15216 -3.04658 -0.00563217
28.305 -0.0146071 -0.00422698 0.0124977 -0.0277952 0.0152823 0.0132356 -1.26883 1.87664 0.010414 3.26447 -4.61517 0.00924839
28.355 -0.017566 -0.00356173 -0.00329061 -0.00660396 -0.0768001 -0.00156868 -1.35257 2.15747 -0.00567395 1.7753 -1.26714 0.00954635
28.405 -0.0181099 -0.00321434 -0.0126934 0.0141567 -0.144719 -0.0104835 -0.748011 1.29114 -0.0145433 -0.921388 3.82667 0.00217282
28.455 -0.0185491 -0.00137607 0.00338092 0.0213821 -0.171112 0.00552034 0.151606 -0.226405 -0.00121808 -2.28355 5.66785 -0.000331925
28.505 -0.0206438 0.00220401 0.0129836 0.010708 -0.150105 0.0144253 0.993514 -1.63421 0.00970452 -1.252 2.27879 -0.000820721
28.555 -0.0468808 0.00641588 -0.00227525 -0.0381067 -0.0886345 -0.00182698 1.34189 -2.16035 0.00125919 0.889469 -3.31546 -0.00369464
28.605 -0.0461128 0.0106147 -0.0126196 -0.0678704 -0.00489299 -0.0132257 1.16384 -1.47772 -0.0051515 1.87495 -6.05265 -0.00355436
28.655 -0.0209568 0.0141506 0.00171731 -0.0723464 0.0766861 0.000319218 0.493235 0.0615262 0.00583629 0.605322 -3.45626 0.00164801
28.705 -0.0339049 0.0165581 0.0126396 -0.105046 0.132837 0.0109117 -0.360999 1.6977 0.0119954 -1.81399 1.9371 0.00138368
28.755 -0.0503317 0.01774 -0.000932963 -0.124889 0.148226 -0.00243908 -0.891065 2.57639 -0.00223475 -2.93592 5.00222 -0.00634689
28.805 -0.0349622 0.0175691 -0.0124956 -0.0946416 0.11941 -0.0133318 -0.858392 2.25538 -0.0132023 -1.45367 3.05131 -0.00577904
28.855 0.0273873 0.0239461 2.07784e-05 -0.00258956 0.0635709 0.000139912 -0.350098 0.797432 -0.00146355 1.46897 -1.81953 0.00745421
28.905 0.0514591 0.0216271 0.0134064 0.0588775 -0.0148201 0.0137682 0.394447 -1.01978 0.0114199 3.25994 -4.6697 0.0131389
28.955 0.0391856 0.0170293 0.000800701 0.0834198 -0.0843033 0.00195621 0.950067 -2.34713 0.00372127 2.36213 -2.582 0.000191083
29.005 0.0101981 0.013106 -0.0123898 0.0799591 -0.123741 -0.0109413 0.88113 -2.57614 -0.00676251 -0.232217 2.51177 -0.0120865
29.055 0.00483816 0.00882281 -0.000991125 0.0825931 -0.120367 5.93579e-05 0.24643 -1.59119 -0.000341034 -2.14958 5.67402 -0.0053021
29.105 0.00966028 0.00475176 0.0123951 0.0770634 -0.0744942 0.0125917 -0.522384 0.0777868 0.00702791 -1.71853 3.65502 0.00905656
29.155 0.0130886 0.00209354 0.00146714 0.0553743 0.00158156 0.000645171 -1.17058 1.61259 -0.00377913 0.33614 -1.84225 0.00932192
29.205 0.0271022 0.00106889 -0.0126294 0.0370039 0.0860831 -0.0143418 -1.32777 2.20221 -0.0150746 1.88229 -5.81871 -0.0025123
29.255 0.0364897 0.00175541 -0.00261887 0.0161142 0.154536 -0.00479078 -0.85649 1.59788 -0.00513596 1.17902 -4.64609 -0.00877338
29.305 0.0243239 -0.0467449 0.0124981 -0.0193834 0.154802 0.0100195 0.00154754 0.16427 0.0101275 -1.18774 0.459522 -0.00599418
29.355 0.0097901 -0.0359917 0.00336141 -0.0292444 0.132299 0.00114651 0.847946 -1.36031 0.00528335 -2.88104 4.62293 -0.00281239
29.405 -0.00392969 -0.0288719 -0.0111197 -0.0367963 0.0717693 -0.011674 1.27502 -2.15212 -0.00711905 -2.14595 4.03882 0.00110242
29.455 0.0156901 -0.0257843 -0.0043122 0.00519469 -0.0109704 -0.00368103 1.20898 -1.75715 -0.00112634 0.610144 -0.507316 0.0070768
29.505 -0.00473185 -0.0220423 0.0120013 0.0122972 -0.0999119 0.0138514 0.573138 -0.35292 0.00958056 2.94381 -4.35708 0.00791722
29.555 -0.00110504 -0.0191489 0.00456624 0.0371334 -0.169867 0.00683012 -0.249391 1.31591 0.00408293 2.8304 -3.58422 -0.00156774
29.605 -0.0176615 0.00260681 -0.0107881 0.0282338 -0.180843 -0.00847094 -0.793586 2.45237 -0.00723494 0.538651 1.17237 -0.0072155
29.655 -0.0288886 0.00406429 -0.00410327 0.00796843 -0.161646 -0.00292691 -0.9104 2.45701 -0.00128255 -1.80631 5.29219 0.00105565
29.705 -0.0244314 0.00294989 0.0107152 -0.008772 -0.105121 0.0111134 -0.511062 1.23619 0.0115822 -2.01771 4.69625 0.00985539
29.755 -0.0353941 0.000329826 0.00557402 -0.050197 -0.0243514 0.00510041 0.151044 -0.584209 0.00555997 -0.201564 -0.332829 0.00186071
29.805 -0.0426691 -0.00334775 -0.010252 -0.0897071 0.0573029 -0.0114512 0.798693 -2.11651 -0.00928232 1.6253 -5.22622 -0.0126813
29.855 -0.0400114 -0.00645456 -0.00620548 -0.110147 0.116794 -0.0077135 0.941131 -2.64487 -0.00769344 1.53324 -5.4875 -0.00993478
29.905 -0.022261 -0.00914339 0.00944774 -0.0994993 0.137085 0.00815788 0.493482 -1.93349 0.00483532 -0.567944 -1.0145 0.00568016
29.955 -0.0085348 0.0198981 0.0062041 -0.0726607 0.146847 0.00495027 -0.274172 -0.320468 0.00334529 -2.66299 3.92333 0.0111646
30.005 -0.00775785 0.019273 -0.0092613 -0.0454465 0.0866975 -0.00929043 -1.04543 1.31793 -0.00804186 -2.57727 4.71078 0.00145771
30.055 0.0307598 0.0135812 -0.00591052 0.0258106 0.00647595 -0.00415609 -1.38743 2.1834 -0.00537495 -0.136645 0.843941 -0.00761037
30.105 0.0307787 0.0175701 0.0093764 0.0685963 -0.0675937 0.0106054 -1.05404 1.83827 0.00642697 2.56199 -3.68714 -0.00617312
30.155 0.0226245 0.0204521 0.00784018 0.0851066 -0.110042 0.00921089 -0.234058 0.572293 0.00428937 3.2028 -4.2742 0.000119153
30.205 0.0229591 0.0237725 -0.00824314 0.0965854 -0.110533 -0.00748188 0.680766 -1.02541 -0.00952679 1.31185 -0.243023 0.00549745
30.255 0.0165995 0.00435553 -0.00815994 0.0881575 -0.111153 -0.00743222 1.35072 -2.07196 -0.00821301 -1.33091 4.5591 0.00943367
30.305 0.0240981 -0.0011423 0.0080605 0.066722 -0.0263749 0.00716836 1.37513 -1.95435 0.00682712 -2.26893 5.35328 0.00744882
30.355 0.0324392 0.0016342 0.00765665 0.0484002 0.0583448 0.00549694 0.817562 -0.742286 0.0103664 -0.829988 1.16451 -0.00532465
30.405 0.025688 0.0050978 -0.0072984 0.0126044 0.127151 -0.00974108 -0.0810035 0.932281 -0.00116418 1.22954 -4.23523 -0.015869
30.455 0.0470775 0.00489412 -0.00873484 0.0123381 0.163228 -0.0111274 -0.730457 2.2602 -0.00290785 1.79003 -5.94604 -0.00789859
30.505 0.0488711 0.00322866 0.00661831 0.00717891 0.154326 0.0049895 -0.961215 2.55841 0.00699321 0.094766 -2.44922 0.00968228
30.555 0.056158 0.000550169 0.00870505 0.0227414 0.10166 0.00815991 -0.640651 1.58939 0.0056227 -2.25328 2.87953 0.0119831
30.605 -0.00371774 -0.0255519 -0.00636291 -0.017876 -0.00469784 -0.00570975 0.00237475 -0.147642 -0.00753831 -2.81152 4.99725 -0.00221834
30.655 -0.00525717 -0.0303236 -0.00938566 0.00476842 -0.0908577 -0.00743011 0.640751 -1.81744 -0.00860536 -0.904547 2.1539 -0.0102637
30.705 -0.00583632 -0.0333111 0.00590914 0.0255491 -0.163323 0.00843378 0.913629 -2.61519 0.00606642 1.96919 -2.67475 -0.00240916
30.755 -0.0124376 -0.0362844 0.00941118 0.0267402 -0.198035 0.0118875 0.605497 -2.17927 0.00997401 3.26654 -4.60936 0.00662094
30.805 -0.0129342 -0.038591 -0.00526623 0.020309 -0.187096 -0.00337719 -0.0688931 -0.750712 -0.00257207 1.93089 -1.62314 0.00402899
30.855 -0.00101777 -0.0388982 -0.00915347 0.0125287 -0.134196 -0.00819591 -0.873073 0.940991 -0.00910236 -0.690785 3.44131 -0.00168964
30.905 -0.00828985 -0.0376898 0.0047262 -0.0233719 -0.0553404 0.0046314 -1.38404 2.07267 -0.000975994 -2.21722 5.63374 -0.00124095
30.955 -0.000715831 -0.035525 0.0094906 -0.0450694 0.0262788 0.00850754 -1.21919 2.01056 0.00129192 -1.42655 2.64003 0.000819279
31.005 -0.0250522 -0.0161054 -0.00436858 -0.0985258 0.120927 -0.00814415 -0.509461 0.923864 -0.00836765 0.695333 -2.90621 0.000228088
31.055 -0.0399344 0.00113257 -0.00988754 -0.105809 0.132696 -0.0114008 0.388356 -0.660388 -0.00920323 1.83419 -5.98151 0.00142245
31.105 -0.0336077 0.00248114 0.00271204 -0.0936524 0.118084 0.00144697 1.19083 -1.89586 0.0060629 0.732223 -3.7705 0.00276773
31.155 -0.037598 0.00441829 0.0102606 -0.0721463 0.0636228 0.010077 1.42346 -2.09436 0.0132043 -1.6296 1.50147 -0.00225992
31.205 -0.0134781 0.00762831 -0.00299991 -0.0108813 -0.0123995 -0.00246359 1.0519 -1.08953 0.00250229 -2.84692 4.87362 -0.0100741
31.255 -0.0405226 0.00930108 -0.00972484 -0.00162147 -0.0834889 -0.0083426 0.218791 0.542057 -0.00536676 -1.61522 3.32254 -0.0057831
31.305 -0.0439201 0.00902063 0.00275512 0.0220871 -0.128824 0.00446546 -0.588255 2.00605 0.001911 1.19237 -1.42739 0.00838333
31.355 -0.05 0.0198703 0.0102649 0.0272058 -0.129496 0.0117761 -0.976446 2.59157 0.0070064 3.16124 -4.53515 0.0128679
31.405 -0.0224402 0.0264776 -0.00144875 0.0506222 -0.0708126 -0.000864357 -0.800098 1.91186 -0.001941 2.53295 -2.82369 3.76521e-05
31.455 0.0125663 0.0375218 -0.0102123 0.0399905 0.00774674 -0.0119161 -0.141808 0.298063 -0.00692885 0.0407679 2.1326 -0.0112626
31.505 0.00149219 0.0324019 0.00148724 0.0245931 0.0918816 -6.2939e-05 0.558 -1.46739 0.00325241 -2.03953 5.51436 -0.00517904
31.555 -0.0122095 0.0303078 0.00961517 -0.0229108 0.161789 0.00735453 0.904389 -2.5246 0.0092384 -1.87202 3.90394 0.00665505
31.605 0.0212224 0.0105388 -0.000725948 -0.0302061 0.194898 -0.00223666 0.71394 -2.37819 -0.00157861 0.127604 -1.4371 0.00720159
31.655 0.0196189 0.0144502 -0.0107118 -0.0206576 0.184168 -0.0124644 0.101701 -1.15763 -0.0113698 1.74883 -5.63691 3.66899e-05
31.705 0.0202199 0.0148097 6.6966e-05 -0.017839 0.135629 -0.00087984 -0.698653 0.560672 -0.00402015 1.26945 -4.85727 -0.00344281
31.755 0.0313451 0.0157377 0.00977517 0.0094556 0.0580458 0.00988803 -1.277 1.89642 0.00500434 -0.976103 0.0419815 -0.0027352
31.805 0.0419744 0.0188087 0.00048419 0.0455481 -0.0300098 0.00188818 -1.25478 2.13297 -0.000526634 -2.74452 4.42841 -0.00227979
31.855 0.0449478 -0.0222563 -0.00963822 0.0693455 -0.146308 -0.00739098 -0.646869 1.25993 -0.00698331 -2.18944 4.2432 -0.00117285
31.905 0.0241208 -0.0231204 -0.000135729 0.0610126 -0.193405 0.00230167 0.210428 -0.274588 0.000615331 0.37258 -0.105292 0.0021337
31.955 0.0255994 -0.0196491 0.0101585 0.0604606 -0.186705 0.012311 1.03117 -1.66275 0.00840261 2.84193 -4.12 0.00151848
32.005 0.0254124 -0.0168621 0.00180631 0.0428241 -0.138548 0.0031145 1.36034 -2.14624 0.000729649 2.95985 -3.76025 -0.00402294
32.055 0.0197003 -0.0149839 -0.00914677 0.0102101 -0.0631595 -0.00903753 1.13689 -1.42362 -0.00814873 0.761188 0.75404 -0.00330032
32.105 0.0250673 0.00797619 -0.00168145 -0.0138272 0.0501155 -0.00214458 0.399151 0.109182 -0.000694898 -1.7074 5.06585 0.00783396
32.155 -0.00100217 0.0363919 0.00905104 -0.0646307 0.13151 0.00735617 -0.40583 1.70967 0.0102747 -2.17486 4.84673 0.0127422
32.205 -0.0274841 0.0250009 0.00228055 -0.0940268 0.155379 -0.000397043 -0.911007 2.56283 0.00547682 -0.439968 0.0533032 -4.02716e-05
32.255 -0.0154652 0.0221225 -0.00920275 -0.0787827 0.138699 -0.0109347 -0.929318 2.17346 -0.00463131 1.53882 -4.95696 -0.0145259
32.305 -0.017693 0.0119887 -0.00125456 -0.0597288 0.079257 -0.00421774 -0.352102 0.707549 -0.00205841 1.65264 -5.62549 -0.0105933
32.355 -0.0209443 0.00748052 0.00883241 -0.0303302 0.00515615 0.0082165 0.417519 -1.09977 0.00570393 -0.374364 -1.40615 0.00466302
32.405 -0.0345607 0.00230794 0.00411658 -0.00464266 -0.0649826 0.00561043 0.858443 -2.39096 -8.29669e-05 -2.53573 3.62685 0.0114184
32.455 -0.0279169 -0.0001264 -0.00907641 0.0294089 -0.113513 -0.00712626 0.803606 -2.53832 -0.00844838 -2.61482 4.80551 0.00323725
32.505 -0.0381009 -0.00140336 -0.00342314 0.0325949 -0.123935 -0.00144729 0.253475 -1.50762 -0.00296698 -0.382464 1.23708 -0.00600535
32.555 -0.0110546 -0.0392083 0.00797008 0.0538249 -0.129236 0.00944681 -0.526735 0.176798 0.0076303 2.38464 -3.37218 -0.00781067
32.605 -0.00148662 -0.0412232 0.00283913 0.0697848 -0.0664904 0.00425497 -1.19686 1.67067 0.00373604 3.20517 -4.3546 -0.00359545
32.655 0.00304867 -0.0398312 -0.00785986 0.0234514 0.0150414 -0.00872029 -1.32571 2.18937 -0.00918929 1.46666 -0.637769 0.00309504
32.705 0.0178397 -0.0345043 -0.00498501 0.00862475 0.085896 -0.00741268 -0.809217 1.57906 -0.00764156 -1.09741 4.21657 0.0103165
32.755 -0.0157236 -0.00334196 0.00730096 -0.0425546 0.156115 0.00468256 0.0129099 0.078488 0.00157666 -2.2381 5.38815 0.0102633
32.805 -0.036151 0.0143654 0.0044886 -0.0706535 0.171769 0.00140468 0.912765 -1.42255 0.00174277 -1.03335 1.58252 -0.00258369
32.855 -0.0233673 0.0380474 -0.00774565 -0.0552814 0.148985 -0.00924264 1.37295 -2.13285 -0.00427022 1.04551 -3.85824 -0.0123273
32.905 0.000903342 0.03334 -0.00536275 -0.0139445 0.067297 -0.00577852 1.21681 -1.67802 0.000824512 1.7695 -5.9383 -0.00618223
32.955 0.0190426 0.0322267 0.0069582 0.0250866 -0.0187968 0.00823963 0.585983 -0.284997 0.0116374 0.294459 -2.80031 0.00554062
33.005 0.0206748 0.0309626 0.00559118 0.0492866 -0.0950018 0.00792166 -0.2255 1.38707 0.00929564 -2.0261 2.4701 0.00504354
33.055 0.0224838 0.0279296 -0.00645423 0.0616096 -0.138527 -0.00348352 -0.798491 2.48193 -0.00458274 -2.79171 4.95885 -0.00510683
33.105 0.0130291 0.024469 -0.00570492 0.0483604 -0.137881 -0.00299194 -0.937071 2.36534 -0.00712415 -1.09084 2.49562 -0.00807547
33.155 0.0236142 -0.0115655 0.00724211 0.0375973 -0.119431 0.0088595 -0.53145 1.12408 0.00190486 1.74498 -2.30483 0.0023779
33.205 0.0147216 -0.0341852 0.00628747 0.00205469 -0.0777211 0.00676901 0.243254 -0.668808 0.00382877 3.22557 -4.53635 0.00992749
33.255 0.014571 -0.0350688 -0.00561823 -0.0257043 0.00276896 -0.00619993 0.791583 -2.15948 -0.00376404 2.09981 -1.94728 0.00529687
33.305 0.0217163 -0.0385146 -0.00669173 -0.0409788 0.0712078 -0.00835801 0.87703 -2.6121 -0.00259554 -0.455952 3.03706 -0.00221197
33.355 0.000739934 -0.0424124 0.0049445 -0.0715333 0.099728 0.00268906 0.435566 -1.81113 0.0061385 -2.16103 5.53142 -0.00363167
33.405 -0.0300256 -0.0108157 0.00643598 -0.0942104 0.117825 0.0045992 -0.325946 -0.25397 0.00436118 -1.59554 2.95549 -0.00259565
33.455 0.0266824 0.00797417 -0.00514349 -0.0199006 0.0866993 -0.00619617 -1.05035 1.35383 -0.00792096 0.502571 -2.47895 -0.000441752
33.505 0.0506337 0.00653466 -0.00707104 0.0375069 0.013577 -0.00595493 -1.3619 2.13916 -0.0105981 1.81588 -5.84081 0.00357366
33.555 0.0265202 0.0113879 0.00483966 0.0515683 -0.0588957 0.00607313 -1.01251 1.80555 0.000165912 0.87153 -4.05208 0.00395561
33.605 0.021311 0.0109663 0.00745659 0.0762512 -0.119992 0.00893607 -0.26203 0.473837 0.00559161 -1.43569 1.07011 -0.00363054
33.655 -0.0206369 -0.0129102 -0.00388517 0.0491936 -0.148982 -0.00244901 0.663771 -1.07528 -0.00110314 -2.7874 4.7174 -0.0112805
33.705 -0.00756906 -0.00808159 -0.00688722 0.0644943 -0.124687 -0.00564213 1.31283 -2.05372 -0.00287125 -1.75893 3.55665 -0.00647644
33.755 0.000538459 -0.00801477 0.00362857 0.049197 -0.0625463 0.00445159 1.37513 -1.92543 0.00483295 0.994458 -1.02242 0.00792192
33.805 -0.0107746 -0.00923249 0.00717399 0.0180186 0.0178708 0.00650335 0.772345 -0.660556 0.00651499 3.058 -4.35955 0.0127871
33.855 -0.00180512 -0.00897838 -0.0033071 -0.00551426 0.0954988 -0.00531559 -0.0104117 0.993061 -0.00362282 2.62314 -3.05894 0.00272286
33.905 -0.00484974 -0.00946126 -0.0078697 -0.032516 0.144408 -0.0105673 -0.713245 2.30925 -0.00641617 0.241483 1.7472 -0.00574711
33.955 -0.00500734 0.00662985 0.00224959 -0.0442519 0.167571 2.77273e-05 -0.998918 2.519 0.00390142 -1.91793 5.33849 -0.00145633
34.005 0.0057288 0.00936346 0.00726991 -0.0307505 0.135102 0.0054505 -0.661321 1.53675 0.00939739 -1.95635 4.11115 0.00414333
34.055 0.00375614 0.00551037 -0.00274565 -0.0171552 0.0647971 -0.0032764 0.0208956 -0.22585 0.0012064 -0.0674872 -1.02456 0.000826076
34.105 0.00661315 0.0137448 -0.00934402 0.00638918 -0.0100343 -0.00802648 0.668849 -1.88555 -0.0048965 1.62888 -5.43534 -0.00546986
34.155 0.0146937 0.0127399 0.00211899 0.0355208 -0.0873236 0.00452449 0.914858 -2.6466 0.000751947 1.33882 -5.03626 -0.00595951
34.205 0.0164005 0.0123602 0.00805356 0.0502181 -0.13332 0.0108655 0.619224 -2.1362 0.0033982 -0.772299 -0.366453 -0.00162731
34.255 0.00259255 0.0136558 -0.00149589 0.0363404 -0.137636 0.00132456 -0.131162 -0.657109 -0.00409424 -2.65016 4.17402 0.00206642
34.305 -0.0353908 0.00308258 -0.00992164 -0.0180963 -0.110689 -0.00733049 -0.924439 1.02531 -0.00827787 -2.29809 4.40282 0.00398851
34.355 -0.0445739 0.00698681 0.00219878 -0.050392 -0.0426974 0.00330543 -1.38952 2.07943 0.000377166 0.203188 0.303809 0.00372623
34.405 -0.0214765 0.0108432 0.00810203 -0.0514325 0.0357585 0.00751254 -1.14822 2.00045 0.00516313 2.70708 -3.86716 -0.00118125
34.455 -0.0210549 0.0137757 -0.000963071 -0.074112 0.102556 -0.00247519 -0.450966 0.848856 -0.0013943 3.03038 -3.9049 -0.00755012
34.505 -0.0343632 -0.00247892 -0.00719591 -0.0975454 0.109379 -0.00958163 0.501087 -0.714794 -0.00843255 0.954722 0.34462 -0.00289038
34.555 -0.036499 -0.0157692 -0.000276363 -0.0980853 0.0960116 -0.00196364 1.23396 -1.90192 -0.001532 -1.55618 4.77575 0.0100735
34.605 -0.00823413 -0.0263703 0.0073536 -0.0569331 0.0505013 0.00605707 1.38645 -2.0808 0.00621389 -2.16737 4.97162 0.0138642
34.655 -0.000594679 -0.0247747 0.000202106 -0.00920221 -0.019864 0.000210774 0.9503 -1.03472 0.00318938 -0.62449 0.469962 -0.000280563
34.705 0.0147638 -0.0106855 -0.00836099 0.0443584 -0.0712175 -0.00746478 0.159422 0.608281 -0.000908419 1.346 -4.65192 -0.0150304
34.755 0.0187423 -0.00618027 -0.000128662 0.0678247 -0.124256 0.00175265 -0.570857 2.05529 0.00458748 1.63749 -5.68483 -0.0124893
34.805 0.0276028 0.0009487 0.00852479 0.0946466 -0.126617 0.00930824 -0.959993 2.56677 0.009133 -0.162176 -1.7885 0.0016646
34.855 -0.00766948 0.0146699 0.00127401 0.0608236 -0.0864073 0.00185912 -0.789416 1.84668 0.000298995 -2.33202 3.30474 0.00951929
34.905 -0.0270939 -0.00682805 -0.0069384 0.0244469 -0.0514584 -0.00704632 -0.144992 0.210988 -0.00922488 -2.62897 4.86191 0.0053207
34.955 0.0172115 -0.0246056 -0.00294044 0.04662 0.0113956 -0.0024959 0.561924 -1.54112 -0.00451288 -0.53162 1.58715 -0.00129081
35.005 0.0335692 -0.0250065 0.00689938 0.0299011 0.0861182 0.00537364 0.910917 -2.55475 0.00440692 2.22171 -3.04493 -0.00389412
35.055 0.0243669 -0.022982 0.00125562 -0.00431981 0.135141 -0.00144368 0.77206 -2.36952 0.0024014 3.18901 -4.38657 -0.00349595
35.105 0.0105853 -0.0206015 -0.00713451 -0.0296044 0.145039 -0.00954629 0.0786342 -1.06533 -0.00398635 1.61471 -1.0153 0.00105309
35.155 0.0280699 0.00116876 -0.00243658 -0.011127 0.129886 -0.00420981 -0.731296 0.648305 -0.000980339 -0.937101 3.8434 0.00675916
35.205 0.0171596 0.0206995 0.00690626 -0.00437389 0.0663144 0.00686923 -1.30624 1.92 0.00357855 -2.23173 5.4058 0.0052087
35.255 0.0157325 0.01803 0.00227042 0.0137664 -0.0114302 0.00323851 -1.27679 2.12611 -0.00239688 -1.2067 1.94837 -0.00416272
35.305 0.0179831 0.0193762 -0.00673855 0.0373337 -0.0887832 -0.00474916 -0.687524 1.17455 -0.0104334 0.894597 -3.46636 -0.00822634
35.355 0.00555859 0.0179195 -0.00261476 0.0392476 -0.144971 3.19957e-07 0.239369 -0.335884 -0.00482149 1.72685 -5.88323 -0.000580438
35.405 -0.0173282 0.0169004 0.0069181 0.0174924 -0.154065 0.00950247 1.10101 -1.67822 0.00663915 0.451595 -3.15646 0.00806506
35.455 -0.027107 0.01598 0.00348885 -0.00213237 -0.120364 0.00533657 1.39307 -2.12081 0.00686645 -1.82407 2.08969 0.00348482
35.505 -0.0311749 0.0137009 -0.00611994 -0.0320579 -0.0552175 -0.00537769 1.10078 -1.37124 -0.000252695 -2.76021 4.87009 -0.00829012
35.555 -0.0215385 0.0104272 -0.00304269 -0.0503391 0.0228975 -0.0033664 0.367809 0.199991 0.000220519 -1.22668 2.77591 -0.00938565
35.605 -0.0105648 0.00720514 0.00601963 -0.0632887 0.0918539 0.00482087 -0.454371 1.76787 0.00520009 1.54401 -1.90749 0.00178999
35.655 -0.0108289 0.0035565 0.00347938 -0.0770788 0.131269 0.00187845 -0.902983 2.54988 0.00156695 3.13615 -4.45176 0.00959064
35.705 -0.0262139 -0.000314137 -0.00602221 -0.0906682 0.13031 -0.00747503 -0.855161 2.122 -0.0060219 2.20478 -2.22312 0.00648085
35.755 0.00771783 0.00428633 -0.00423215 -0.0406114 0.100229 -0.00496777 -0.319248 0.655236 -0.00258655 -0.273182 2.6792 -0.000429122
35.805 0.00874851 -0.00752063 0.00519727 -0.00946165 0.0216295 0.00466516 0.381617 -1.13208 0.00706109 -2.07474 5.43032 -0.00458529
35.855 0.020266 -0.0207226 0.00424909 0.0388975 -0.0612673 0.00526681 0.836722 -2.39198 0.00636332 -1.64459 3.23308 -0.00534008
35.905 0.0124561 -0.0172983 -0.00578156 0.0632331 -0.116029 -0.00434479 0.835617 -2.52242 -0.00348089 0.341248 -2.10301 -0.00184998
35.955 0.0128325 -0.015383 -0.00433839 0.0810104 -0.137267 -0.00288724 0.254266 -1.45822 -0.00592024 1.6895 -5.71188 0.00457098
36.005 0.019528 -0.012005 0.00555254 0.0875802 -0.118978 0.0065372 -0.52891 0.231764 -0.000702497 1.00192 -4.31696 0.00665307
36.055 0.00514498 -7.02732e-05 0.00557417 0.0620656 -0.0565609 0.00568157 -1.16965 1.68412 -0.000992493 -1.2316 0.677097 -0.000228811
36.105 -0.00405688 0.00392507 -0.00481469 0.0317053 0.0186581 -0.00567188 -1.29382 2.18352 -0.00701591 -2.72057 4.57238 -0.00810434
36.155 -0.0124995 0.0122999 -0.00538414 -0.00441762 0.101324 -0.00647499 -0.876353 1.48189 -0.00461259 -1.86528 3.80314 -0.00546045
36.205 0.0090218 0.00839813 0.004264 -0.00911977 0.144131 0.00189216 0.00136302 0.0278101 0.00495579 0.765255 -0.622232 0.00391524
36.255 -0.00785393 -0.0014402 0.00468376 -0.0380953 0.150127 0.00267675 0.894021 -1.42516 0.00604508 2.93046 -4.20754 0.00519006
36.305 -0.000638418 -0.00466783 -0.00449268 -0.0343883 0.118314 -0.00616834 1.37845 -2.12341 -0.00197217 2.70927 -3.27981 -0.00211247
36.355 0.00531958 -0.0022344 -0.00605897 -0.0157121 0.0596746 -0.0064767 1.24564 -1.64538 -0.0034836 0.439219 1.32808 -0.00396672
36.405 -0.0035975 -0.0056428 0.00349059 -0.0057262 -0.0224199 0.00433515 0.545752 -0.224589 0.00406894 -1.80236 5.14217 0.00339706
36.455 -0.0171028 -0.0163514 0.00586295 8.04974e-05 -0.107822 0.00755317 -0.278981 1.4464 0.00670084 -2.00836 4.3145 0.00812663
36.505 -0.0192134 -0.0184248 -0.00330849 0.00979395 -0.161036 -0.000701719 -0.876315 2.46687 0.000190395 -0.247585 -0.622544 0.002643
36.555 -0.0302892 0.00363681 -0.00332722 0.00437877 -0.154667 -0.00159284 -0.930829 2.33606 -0.00132164 1.51917 -5.19297 -0.00603359
36.605 -0.0298243 0.00150268 0.00346365 -0.00988994 -0.124446 0.00500116 -0.449937 1.06622 0.00348743 1.40444 -5.21223 -0.00798333
36.655 -0.0207551 -0.000940207 0.00621325 -0.0244967 -0.0602897 0.00726884 0.220302 -0.735954 0.00342005 -0.595016 -0.762831 -0.00375213
36.705 -0.0184968 0.000370016 -0.002713 -0.048251 0.0158872 -0.00284207 0.795163 -2.18485 -0.00556827 -2.51298 3.94547 0.00240774
36.755 -0.0215953 0.0114983 -0.00607091 -0.0655689 0.104513 -0.0073168 0.901427 -2.59068 -0.00827265 -2.36943 4.53156 0.00671031
36.805 0.000922599 0.023382 0.00218284 -0.0582987 0.145943 0.000713045 0.420571 -1.78694 0.000153597 -0.000180225 0.707532 0.00565177
36.855 0.0366345 0.021517 0.00578338 -0.0482142 0.144949 0.00520742 -0.367716 -0.181195 0.00527145 2.58666 -3.61829 -0.00295657
36.905 0.026446 0.0252397 -0.00216605 -0.0217308 0.110249 -0.00317802 -1.06796 1.42474 -0.0004766 3.05793 -4.04982 -0.0105859
36.955 0.0243622 0.0286086 -0.00614873 0.00759246 0.0478758 -0.00661756 -1.3147 2.17766 -0.00429837 1.16417 -0.0594786 -0.00489581
37.005 0.0130531 0.0302671 0.00176419 0.0265428 -0.0227978 0.00213374 -0.999292 1.74731 -0.000340476 -1.361 4.48826 0.00950583
37.055 0.00629909 0.030606 0.00638269 0.0502669 -0.0802308 0.00744414 -0.190055 0.396267 0.00134143 -2.22348 5.05577 0.0137789
37.105 0.0207999 -0.0028025 -4.64644e-05 0.0860009 -0.139255 0.00110707 0.713309 -1.13642 -0.0045207 -0.807823 0.884734 0.00226238
37.155 0.0223864 -0.00476994 -0.00585047 0.092468 -0.125967 -0.00472321 1.29505 -2.05474 -0.00594285 1.1844 -4.30182 -0.0104575
37.205 0.0230577 -0.00818221 0.00140672 0.0802322 -0.0756767 0.00193781 1.33361 -1.854 0.00380281 1.65805 -5.73046 -0.00946712
37.255 0.02446 -0.0120997 0.00623292 0.0589344 -0.0031954 0.00579062 0.753786 -0.578188 0.00971102 0.0208344 -2.1632 0.000270931
37.305 0.0250826 -0.0320608 -0.000737976 0.0424829 0.0699142 -0.0021046 -0.0575235 1.06355 0.00408677 -2.13575 2.94983 0.00407208
37.355 -0.0062252 -0.0397819 -0.00594841 -0.0110463 0.107223 -0.0084217 -0.751261 2.31426 -0.00282294 -2.63873 4.86115 0.000977367
37.405 -0.0222172 -0.0290535 -0.00115617 -0.0629435 0.141754 -0.0044561 -0.967786 2.45428 -0.00033283 -0.730697 1.93818 -0.00230171
37.455 -0.0264083 0.0021938 0.00586474 -0.0642261 0.149345 0.00385769 -0.622931 1.42606 0.00257517 1.98392 -2.68998 -0.00223005
37.505 0.0102962 0.00689517 -0.000623278 -0.0145371 0.0918439 -0.00164155 0.0492643 -0.31287 -0.00193015 3.16302 -4.38025 0.000476348
37.555 -0.00519661 -0.0114344 -0.00618094 -0.012011 -0.00745292 -0.005805 0.667198 -1.92583 -0.00425673 1.81571 -1.35914 0.00552362
37.605 -0.0205094 -0.00905147 0.000235049 -0.00610087 -0.085877 0.000870745 0.902553 -2.5978 0.00233238 -0.768358 3.50524 0.00808294
37.655 -0.0229938 -0.00460386 0.00596958 0.00897482 -0.140911 0.00750872 0.565659 -2.08516 0.00750292 -2.19049 5.36528 0.00232003
37.705 -0.0161763 -0.00141961 0.000851366 0.0179761 -0.159316 0.00344006 -0.178557 -0.583168 0.000773991 -1.31672 2.2644 -0.00788043
37.755 -0.0130422 0.00149514 -0.00557048 0.0126217 -0.135447 -0.00328821 -0.920934 1.07245 -0.00810941 0.704302 -3.12187 -0.00949885
37.805 -0.0141496 0.00447849 -0.000478723 -0.00748054 -0.0772855 0.00102993 -1.32693 2.09488 -0.00650532 1.7196 -5.82074 0.000783548
37.855 -0.00855225 -0.000598041 0.00616917 -0.0276196 -0.00878155 0.0063407 -1.14555 1.95574 -0.000736141 0.581421 -3.42636 0.00917172
37.905 -0.00596783 -0.00337637 0.00165006 -0.0473866 0.0568108 0.000519294 -0.412928 0.768965 -0.00154871 -1.64898 1.70855 0.00324399
37.955 -0.00573506 -0.00451575 -0.0057512 -0.0640035 0.103598 -0.00734977 0.495906 -0.779164 -0.00341837 -2.70448 4.79534 -0.00870058
38.005 0.00934259 0.00841249 -0.00139683 -0.0499369 0.129327 -0.00170358 1.20032 -1.91317 0.00252733 -1.39397 3.04962 -0.0100601
38.055 0.0132614 0.00820473 0.00487847 -0.0361599 0.0970067 0.00358482 1.38678 -1.98673 0.0086819 1.31158 -1.54148 -0.00022194
38.105 0.0172495 0.00384985 0.0017295 -0.00580987 0.0389466 0.00102809 0.954694 -0.973762 0.00385383 3.08088 -4.34637 0.00843701
38.155 0.0165646 0.000465533 -0.005621 0.0247315 -0.0306927 -0.00548144 0.146592 0.669102 -0.00394008 2.38076 -2.49451 0.00881319
38.205 -0.00935586 0.00854055 -0.00234662 0.0246146 -0.0790146 -0.000154332 -0.617368 2.09222 -0.00227161 -0.0727685 2.2825 0.00454045
38.255 -0.00865217 0.00708753 0.00531695 0.0471331 -0.108543 0.00693477 -0.951531 2.54391 0.00404446 -1.99566 5.30974 -0.000726401
38.305 0.00451716 0.0114588 0.00253861 0.0642269 -0.0985022 0.00410096 -0.742464 1.77653 0.00346617 -1.78296 3.49236 -0.00482418
38.355 0.0167953 0.00544957 -0.00473181 0.0726524 -0.0575668 -0.00429714 -0.123522 0.127589 -0.00199345 0.138652 -1.70257 -0.00475753
38.405 0.0194991 0.00529805 -0.00235237 0.0504297 0.0148158 -0.00275761 0.539858 -1.58324 -0.000538251 1.62986 -5.55853 -0.000892712
38.455 0.0222264 -0.000797159 0.00508105 0.0260061 0.0851915 0.00372531 0.898737 -2.55589 0.00347205 1.08617 -4.53911 0.0012119
38.505 0.019069 0.00675955 0.00270925 0.0030284 0.138315 0.000688715 0.680847 -2.3212 -7.43186e-05 -1.0264 0.299058 -0.00248659
38.555 0.017906 0.00331441 -0.00516779 -0.013755 0.15551 -0.00755265 0.0326548 -1.00015 -0.00691547 -2.61897 4.39834 -0.00482358
38.605 -0.00292786 -0.0154014 -0.00397117 -0.0384324 0.117824 -0.0058029 -0.759382 0.705426 -0.00481224 -1.97301 3.99327 0.000817338
38.655 -0.00591666 -0.0128965 0.00410685 -0.0290747 0.0622934 0.00298593 -1.291 1.94374 0.00303413 0.566927 -0.242893 0.00717855
38.705 -0.0055576 -0.0104162 0.00321379 -0.0135373 -0.0170356 0.00306632 -1.24209 2.11005 0.00284389 2.81538 -4.01324 0.00397066
38.755 -0.0065479 -0.0110251 -0.00434591 0.00552324 -0.0957853 -0.00332406 -0.616384 1.13222 -0.00311318 2.8016 -3.46957 -0.00459475
38.805 -0.0267931 -0.00313331 -0.00422649 0.0012016 -0.143797 -0.00239293 0.289385 -0.424928 -0.0035887 0.651481 0.935733 -0.00490116
38.855 -0.0272424 -0.00574105 0.00464829 0.0050652 -0.166855 0.00701609 1.07766 -1.74179 0.00135837 -1.67112 4.91799 0.00384745
38.905 -0.0257838 -0.000912549 0.00340171 -0.00113786 -0.129462 0.00549127 1.40444 -2.09506 0.00126395 -2.08342 4.4956 0.00942414
38.955 -0.000550323 0.02232 -0.00329479 0.00588629 -0.0613955 -0.0016692 1.10899 -1.31558 -0.00271514 -0.461103 -0.213266 0.00415207
39.005 0.0119322 0.0090558 -0.00354717 -0.0109537 0.00430909 -0.00283411 0.327534 0.271327 -4.26423e-05 1.39347 -4.92799 -0.00578086
39.055 0.00580645 -0.0173242 0.00387778 -0.036503 0.0548356 0.00346325 -0.468045 1.82218 0.00763981 1.48148 -5.35255 -0.0102407
39.105 -0.00383837 -0.0161991 0.00370094 -0.0665451 0.103476 0.00280985 -0.930954 2.53311 0.00754638 -0.387925 -1.16359 -0.00734761
39.155 -0.00433508 -0.00704967 -0.00348899 -0.0671391 0.127745 -0.00479832 -0.85077 2.05947 -0.000847082 -2.37408 3.65015 0.000170124
39.205 -0.00430617 -0.00536067 -0.0043655 -0.0553079 0.101341 -0.00565062 -0.285918 0.56619 -0.00426609 -2.3954 4.61452 0.00774105
39.255 0.00961579 -0.00691119 0.0029638 -0.0174406 0.0420918 0.00181331 0.430388 -1.2118 8.54551e-05 -0.220661 1.07851 0.00857368
39.305 0.00913827 -0.00444066 0.0040532 0.0139975 -0.0263238 0.00382137 0.86193 -2.4282 0.00143208 2.38366 -3.31171 0.00016786
39.355 0.00790919 -0.000735542 -0.00284254 0.0454122 -0.0869379 -0.00227657 0.774537 -2.46301 -0.00256079 3.08179 -4.09657 -0.00760439
39.405 0.00747624 0.0025847 -0.00418552 0.0673869 -0.120437 -0.00317388 0.214166 -1.36972 -0.0023993 1.34995 -0.406443 -0.00382908
39.455 0.0126666 0.00416201 0.00292341 0.0778538 -0.116524 0.0045131 -0.575063 0.309924 0.00283199 -1.16792 4.16461 0.00651296
39.505 0.01036 0.00650586 0.00472088 0.0722886 -0.0752917 0.00541176 -1.19449 1.73696 0.00196608 -2.19981 5.08904 0.00828537
39.555 -0.000248515 0.0195794 -0.00199053 0.0421124 0.00688553 -0.00229881 -1.28133 2.16153 -0.00605278 -1.00027 1.23476 -0.00146968
39.605 -0.00386407 0.0227504 -0.00464589 0.0122489 0.0822317 -0.00551095 -0.791908 1.4345 -0.00910698 1.00426 -3.9538 -0.0090555
39.655 -0.00495252 0.0200374 0.00174716 -0.0155247 0.13864 4.60092e-06 0.0670096 -0.0452106 -0.002263 1.65373 -5.73046 -0.00486581
39.705 -0.00686256 0.0145283 0.00431361 -0.0339873 0.165481 0.00238153 0.915082 -1.47456 0.00351085 0.194981 -2.50635 0.00375296
39.755 -0.00109299 0.00601993 -0.00192657 -0.0347722 0.147167 -0.00394307 1.37132 -2.10987 0.0025097 -1.97278 2.60483 0.00536812
39.805 0.00915316 -0.00701604 -0.00505338 -0.0183447 0.0832306 -0.00639929 1.21735 -1.57758 0.00241059 -2.62472 4.82154 5.86532e-06
39.855 0.0102188 -0.0103311 0.00120379 -0.00292245 0.00837912 0.000927663 0.53644 -0.127014 0.00674997 -0.899577 2.25469 -0.00507354
39.905 0.0019985 -0.0191374 0.00504498 0.00552502 -0.0777978 0.00638961 -0.287104 1.49254 0.00626265 1.80069 -2.35191 -0.00508291
