0.005 -2.59222e-18
0.01 1.4345e-18
0.015 -7.77632e-19
0.02 -1.65751e-17
0.025 -2.15498e-17
0.03 -2.96922e-17
0.035 1.93041e-17
0.04 8.90286e-17
0.045 -2.71602e-17
0.05 -6.59039e-17
0.055 -2.47195e-17
0.06 -9.00181e-17
0.065 -4.74728e-18
0.07 2.00222e-16
0.075 1.76666e-16
0.08 6.0902e-17
0.085 -2.60681e-17
0.09 6.51345e-17
0.095 2.04295e-16
0.1 -3.50216e-16
0.105 -6.74451e-16
0.11 -3.11863e-16
0.115 -1.95468e-16
0.12 -1.84234e-17
0.125 1.91217e-16
0.13 2.07479e-16
0.135 1.16779e-16
0.14 2.24048e-16
0.145 -1.15528e-17
0.15 -5.21267e-16
0.155 4.76019e-16
0.16 5.76736e-16
0.165 -7.00305e-16
0.17 7.75674e-17
0.175 8.35424e-16
0.18 -1.54388e-17
0.185 -2.25951e-16
0.19 6.11153e-17
0.195 -7.62119e-16
0.2 -1.10683e-15
0.205 -7.76034e-16
0.21 -3.04186e-15
0.215 -7.98934e-15
0.22 -1.90533e-14
0.225 -4.71857e-14
0.23 -1.14895e-13
0.235 -2.77577e-13
0.24 -6.61109e-13
0.245 -1.55207e-12
0.25 -3.59817e-12
0.255 -8.23709e-12
0.26 -1.86164e-11
0.265 -4.15387e-11
0.27 -9.15079e-11
0.275 -1.99017e-10
0.28 -4.27314e-10
0.285 -9.05776e-10
0.29 -1.89541e-09
0.295 -3.9155e-09
0.3 -7.9848e-09
0.305 -1.6074e-08
0.31 -3.19418e-08
0.315 -6.26554e-08
0.32 -1.21314e-07
0.325 -2.3185e-07
0.33 -4.37354e-07
0.335 -8.14286e-07
0.34 -1.49632e-06
0.345 -2.71372e-06
0.35 -4.85712e-06
0.355 -8.57931e-06
0.36 -1.49543e-05
0.365 -2.57219e-05
0.37 -4.36559e-05
0.375 -7.31079e-05
0.38 -0.000120793
0.385 -0.000196904
0.39 -0.000316643
0.395 -0.0005023
0.4 -0.000785958
0.405 -0.00121295
0.41 -0.00184612
0.415 -0.0027708
0.42 -0.00410045
0.425 -0.0059826
0.43 -0.00860444
0.435 -0.0121974
0.44 -0.0170393
0.445 -0.023453
0.45 -0.0317993
0.455 -0.0424625
0.46 -0.0558275
0.465 -0.0722455
0.47 -0.0919892
0.475 -0.115198
0.48 -0.141814
0.485 -0.171514
0.49 -0.203646
0.495 -0.237172
0.5 -0.270634
0.505 -0.302149
0.51 -0.329442
0.515 -0.349933
0.52 -0.360866
0.525 -0.359493
0.53 -0.343301
0.535 -0.310262
0.54 -0.259092
0.545 -0.189484
0.55 -0.102297
0.555 0.000334065
0.56 0.114992
0.565 0.23708
0.57 0.361052
0.575 0.48074
0.58 0.589776
0.585 0.682062
0.59 0.752239
0.595 0.796123
0.6 0.811056
0.605 0.796123
0.61 0.752239
0.615 0.682062
0.62 0.589776
0.625 0.48074
0.63 0.361052
0.635 0.23708
0.64 0.114992
0.645 0.000333811
0.65 -0.102298
0.655 -0.189485
0.66 -0.259094
0.665 -0.310265
0.67 -0.343305
0.675 -0.359499
0.68 -0.360877
0.685 -0.349951
0.69 -0.329471
0.695 -0.302195
0.7 -0.270707
0.705 -0.237287
0.71 -0.203823
0.715 -0.171785
0.72 -0.142223
0.725 -0.115808
0.73 -0.0928892
0.735 -0.073556
0.74 -0.0577127
0.745 -0.0451406
0.75 -0.0355562
0.755 -0.0286563
0.76 -0.0241529
0.765 -0.0217952
0.77 -0.0213812
0.775 -0.0227598
0.78 -0.0258244
0.785 -0.0304998
0.79 -0.0367228
0.795 -0.0444196
0.8 -0.053479
0.805 -0.0637256
0.81 -0.0748932
0.815 -0.0866029
0.82 -0.098346
0.825 -0.109478
0.83 -0.119227
0.835 -0.126709
0.84 -0.130975
0.845 -0.131061
0.85 -0.126059
0.855 -0.115201
0.86 -0.0979491
0.865 -0.0740744
0.87 -0.0437362
0.875 -0.00753101
0.88 0.033486
0.885 0.0778177
0.89 0.123582
0.895 0.168613
0.9 0.210592
0.905 0.247212
0.91 0.276347
0.915 0.296227
0.92 0.305579
0.925 0.303748
0.93 0.29075
0.935 0.267287
0.94 0.234693
0.945 0.194823
0.95 0.149913
0.955 0.102399
0.96 0.0547346
0.965 0.00921013
0.97 -0.0321957
0.975 -0.0679325
0.98 -0.096947
0.985 -0.118704
0.99 -0.133162
0.995 -0.140714
1 -0.142095
1.005 -0.13828
1.01 -0.130379
1.015 -0.119531
1.02 -0.106824
1.025 -0.0932292
1.03 -0.0795549
1.035 -0.0664286
1.04 -0.054293
1.045 -0.0434185
1.05 -0.0339257
1.055 -0.0258131
1.06 -0.0189867
1.065 -0.0132881
1.07 -0.00851881
1.075 -0.00446036
1.08 -0.000889388
1.085 0.00241139
1.09 0.00564559
1.095 0.00899771
1.1 0.0126288
1.105 0.0166718
1.11 0.0212265
1.115 0.0263532
1.12 0.0320641
1.125 0.0383151
1.13 0.0449965
1.135 0.0519245
1.14 0.0588357
1.145 0.0653851
1.15 0.0711504
1.155 0.0756433
1.16 0.0783295
1.165 0.0786578
1.17 0.0760976
1.175 0.0701835
1.18 0.0605641
1.185 0.0470515
1.19 0.029666
1.195 0.00867178
1.2 -0.015403
1.205 -0.0417653
1.21 -0.069379
1.215 -0.097011
1.22 -0.123299
1.225 -0.146841
1.23 -0.166292
1.235 -0.180468
1.24 -0.188448
1.245 -0.189649
1.25 -0.183885
1.255 -0.171394
1.26 -0.152825
1.265 -0.129192
1.27 -0.1018
1.275 -0.0721416
1.28 -0.0417818
1.285 -0.0122431
1.29 0.0151041
1.295 0.0391302
1.3 0.0590096
1.305 0.0742523
1.31 0.0847043
1.315 0.0905206
1.32 0.0921139
1.325 0.0900891
1.33 0.0851704
1.335 0.0781294
1.34 0.0697208
1.345 0.0606311
1.35 0.0514417
1.355 0.0426087
1.36 0.0344572
1.365 0.0271867
1.37 0.0208868
1.375 0.0155571
1.38 0.0111288
1.385 0.00748715
1.39 0.00448966
1.395 0.0019821
1.4 -0.000190042
1.405 -0.0021734
1.41 -0.00410154
1.415 -0.00609179
1.42 -0.00824325
1.425 -0.0106351
1.43 -0.0133248
1.435 -0.0163451
1.44 -0.0197008
1.445 -0.0233647
1.45 -0.0272728
1.455 -0.0313201
1.46 -0.0353578
1.465 -0.0391918
1.47 -0.0425846
1.475 -0.0452608
1.48 -0.0469171
1.485 -0.0472373
1.49 -0.0459121
1.495 -0.0426626
1.5 -0.0372679
1.505 -0.0295923
1.51 -0.0196123
1.515 -0.00743902
1.52 0.00666633
1.525 0.0222874
1.53 0.0388589
1.535 0.0556876
1.54 0.071985
1.545 0.0869147
1.55 0.0996467
1.555 0.109419
1.56 0.115597
1.565 0.117729
1.57 0.115589
1.575 0.109204
1.58 0.0988582
1.585 0.0850781
1.59 0.0685983
1.595 0.0503055
1.6 0.031172
1.605 0.0121823
1.61 -0.00573896
1.615 -0.0217925
1.62 -0.0353548
1.625 -0.0460107
1.63 -0.0535663
1.635 -0.0580411
1.64 -0.0596429
1.645 -0.058729
1.65 -0.0557596
1.655 -0.0512475
1.66 -0.0457119
1.665 -0.0396376
1.67 -0.0334446
1.675 -0.0274691
1.68 -0.0219548
1.685 -0.0170547
1.69 -0.0128399
1.695 -0.00931347
1.7 -0.00642692
1.705 -0.00409679
1.71 -0.00221958
1.715 -0.000684139
1.72 0.000619026
1.725 0.00179144
1.73 0.00292292
1.735 0.00408969
1.74 0.00535372
1.745 0.00676249
1.75 0.00834875
1.755 0.0101298
1.76 0.0121065
1.765 0.0142609
1.77 0.016555
1.775 0.0189278
1.78 0.021294
1.785 0.0235435
1.79 0.0255416
1.795 0.0271321
1.8 0.0281423
1.805 0.0283907
1.81 0.0276974
1.815 0.0258971
1.82 0.0228537
1.825 0.0184758
1.83 0.0127327
1.835 0.00566759
1.84 -0.00259194
1.845 -0.0118283
1.85 -0.0217352
1.855 -0.0319256
1.86 -0.0419484
1.865 -0.0513116
1.87 -0.059513
1.875 -0.0660741
1.88 -0.0705765
1.885 -0.0726967
1.89 -0.0722353
1.895 -0.0691389
1.9 -0.0635107
1.905 -0.0556087
1.91 -0.0458307
1.915 -0.0346878
1.92 -0.0227669
1.925 -0.0106875
1.93 0.000944149
1.935 0.0115796
1.94 0.0207656
1.945 0.0281721
1.95 0.0336088
1.955 0.0370274
1.96 0.0385123
1.965 0.03826
1.97 0.0365509
1.975 0.033717
1.98 0.0301089
1.985 0.0260655
1.99 0.0218896
1.995 0.0178302
2 0.0140735
2.005 0.0107404
2.01 0.00789101
2.015 0.00553352
2.02 0.00363589
2.025 0.00213833
2.03 0.000965132
2.035 3.47448e-05
2.04 -0.000732478
2.045 -0.00140905
2.05 -0.00205733
2.055 -0.00272832
2.06 -0.00346159
2.065 -0.00428576
2.07 -0.0052192
2.075 -0.0062703
2.08 -0.0074375
2.085 -0.00870866
2.09 -0.0100603
2.095 -0.0114563
2.1 -0.0128475
2.105 -0.0141706
2.11 -0.0153488
2.115 -0.0162931
2.12 -0.0169048
2.125 -0.0170796
2.13 -0.016713
2.135 -0.0157075
2.14 -0.0139805
2.145 -0.0114729
2.15 -0.00815847
2.155 -0.00405147
2.16 0.00078636
2.165 0.00624178
2.17 0.0121492
2.175 0.0182939
2.18 0.0244193
2.185 0.0302394
2.19 0.0354545
2.195 0.0397702
2.2 0.0429189
2.205 0.0446802
2.21 0.0449007
2.215 0.0435093
2.22 0.0405272
2.225 0.0360708
2.23 0.0303474
2.235 0.0236426
2.24 0.0163014
2.245 0.00870323
2.25 0.00123458
2.255 -0.0057395
2.26 -0.0119015
2.265 -0.0170032
2.27 -0.0208801
2.275 -0.0234588
2.28 -0.0247556
2.285 -0.0248671
2.29 -0.0239551
2.295 -0.0222266
2.3 -0.0199119
2.305 -0.0172433
2.31 -0.0144363
2.315 -0.0116746
2.32 -0.00910099
2.325 -0.00681273
2.33 -0.00486283
2.335 -0.00326478
2.34 -0.00200016
2.345 -0.00102777
2.35 -0.000292748
2.355 0.000265279
2.36 0.000705578
2.365 0.00108171
2.37 0.0014388
2.375 0.00181248
2.38 0.00222894
2.385 0.00270577
2.39 0.0032529
2.395 0.0038736
2.4 0.00456498
2.405 0.00531815
2.41 0.00611802
2.415 0.00694282
2.42 0.00776363
2.425 0.00854395
2.43 0.00923981
2.435 0.00980029
2.44 0.0101689
2.445 0.0102855
2.45 0.0100895
2.455 0.00952359
2.46 0.00853802
2.465 0.00709564
2.47 0.00517692
2.475 0.0027848
2.48 -5.13064e-05
2.485 -0.00327256
2.49 -0.00678962
2.495 -0.0104836
2.5 -0.0142094
2.505 -0.0178018
2.51 -0.0210839
2.515 -0.0238774
2.52 -0.0260147
2.525 -0.0273512
2.53 -0.0277775
2.535 -0.0272297
2.54 -0.0256968
2.545 -0.0232252
2.55 -0.0199181
2.555 -0.0159306
2.56 -0.0114602
2.565 -0.0067337
2.57 -0.00199125
2.575 0.00253114
2.58 0.00661859
2.585 0.0100926
2.59 0.0128231
2.595 0.0147355
2.6 0.0158134
2.605 0.0160957
2.61 0.015669
2.615 0.0146564
2.62 0.0132041
2.625 0.011467
2.63 0.0095949
2.635 0.00772114
2.64 0.00595402
2.645 0.0043718
2.65 0.00302144
2.655 0.00192049
2.66 0.00106154
2.665 0.000418275
2.67 -4.78202e-05
2.675 -0.000381032
2.68 -0.000625897
2.685 -0.000823055
2.69 -0.00100661
2.695 -0.00120289
2.7 -0.00143041
2.705 -0.00170056
2.71 -0.00201865
2.715 -0.0023851
2.72 -0.00279632
2.725 -0.00324524
2.73 -0.00372157
2.735 -0.00421164
2.74 -0.00469815
2.745 -0.0051599
2.75 -0.00557164
2.755 -0.00590425
2.76 -0.0061254
2.765 -0.00620053
2.77 -0.0060945
2.775 -0.00577365
2.78 -0.00520821
2.785 -0.00437515
2.79 -0.00326101
2.795 -0.0018647
2.8 -0.000200022
2.805 0.00170251
2.81 0.0037947
2.815 0.00601078
2.82 0.00826894
2.825 0.0104742
2.83 0.012523
2.835 0.0143085
2.84 0.0157274
2.845 0.0166873
2.85 0.017114
2.855 0.0169577
2.86 0.0161989
2.865 0.0148513
2.87 0.0129637
2.875 0.0106177
2.88 0.00792377
2.885 0.00501458
2.89 0.00203583
2.895 -0.000863726
2.9 -0.00354303
2.905 -0.00587881
2.91 -0.00777422
2.915 -0.00916515
2.92 -0.0100236
2.925 -0.010358
2.93 -0.0102099
2.935 -0.00964859
2.94 -0.00876319
2.945 -0.00765339
2.95 -0.00642046
2.955 -0.00515863
2.96 -0.00394825
2.965 -0.00285098
2.97 -0.00190742
2.975 -0.00113714
2.98 -0.000540745
2.985 -0.000103546
2.99 0.000199942
2.995 0.000401218
3 0.000533385
3.005 0.000627541
3.01 0.000710235
3.015 0.000802048
3.02 0.000917193
3.025 0.00106392
3.03 0.00124539
3.035 0.00146078
3.04 0.00170633
3.045 0.00197609
3.05 0.00226243
3.055 0.00255621
3.06 0.0028467
3.065 0.00312135
3.07 0.00336564
3.075 0.00356302
3.08 0.0036951
3.085 0.00374213
3.09 0.00368383
3.095 0.00350051
3.1 0.00317444
3.105 0.00269144
3.11 0.00204258
3.115 0.00122578
3.12 0.000247292
3.125 -0.000877072
3.13 -0.00212129
3.135 -0.00344898
3.14 -0.00481407
3.145 -0.00616215
3.15 -0.00743281
3.155 -0.00856259
3.16 -0.00948874
3.165 -0.0101533
3.17 -0.0105075
3.175 -0.0105156
3.18 -0.0101587
3.185 -0.00943719
3.19 -0.00837228
3.195 -0.0070056
3.2 -0.00539764
3.205 -0.00362435
3.21 -0.00177244
3.215 6.64717e-05
3.22 0.00180216
3.225 0.00335228
3.23 0.00464818
3.235 0.00563968
3.24 0.00629825
3.245 0.0066183
3.25 0.0066165
3.255 0.00632917
3.26 0.00580811
3.265 0.00511523
3.27 0.00431669
3.275 0.00347707
3.28 0.00265417
3.285 0.00189502
3.29 0.0012333
3.295 0.000688355
3.3 0.000265798
3.305 -4.0665e-05
3.31 -0.00024644
3.315 -0.000372787
3.32 -0.000443531
3.325 -0.000482118
3.33 -0.000509316
3.335 -0.000541707
3.34 -0.000590991
3.345 -0.000664003
3.35 -0.000763271
3.355 -0.000887878
3.36 -0.00103442
3.365 -0.00119786
3.37 -0.00137217
3.375 -0.00155071
3.38 -0.00172633
3.385 -0.00189129
3.39 -0.00203711
3.395 -0.00215442
3.4 -0.00223291
3.405 -0.00226146
3.41 -0.00222854
3.415 -0.00212276
3.42 -0.00193364
3.425 -0.00165253
3.43 -0.0012736
3.435 -0.000794829
3.44 -0.000218889
3.445 0.00044609
3.45 0.00118605
3.455 0.00198087
3.46 0.00280455
3.465 0.003626
3.47 0.00441008
3.475 0.00511935
3.48 0.00571598
3.485 0.00616417
3.49 0.00643257
3.495 0.00649684
3.5 0.00634179
3.505 0.00596328
3.51 0.00536929
3.515 0.00458031
3.52 0.00362873
3.525 0.00255728
3.53 0.00141662
3.535 0.000262134
3.54 -0.000849762
3.545 -0.00186556
3.55 -0.00273842
3.555 -0.00343151
3.56 -0.00392052
3.565 -0.0041951
3.57 -0.00425921
3.575 -0.00413017
3.58 -0.00383657
3.585 -0.00341537
3.59 -0.00290832
3.595 -0.00235821
3.6 -0.00180525
3.605 -0.00128399
3.61 -0.000821065
3.615 -0.000433863
3.62 -0.000130308
3.625 9.04491e-05
3.63 0.000236528
3.635 0.000321284
3.64 0.000361039
3.645 0.000372868
3.65 0.000372684
3.655 0.000373817
3.66 0.000386152
3.665 0.000415844
3.67 0.000465517
3.675 0.000534815
3.68 0.000621149
3.685 0.00072046
3.69 0.000827902
3.695 0.000938321
3.7 0.00104653
3.705 0.00114736
3.71 0.00123561
3.715 0.00130588
3.72 0.00135246
3.725 0.00136924
3.73 0.00134987
3.735 0.00128792
3.74 0.00117734
3.745 0.00101294
3.75 0.000790987
3.755 0.000509822
3.76 0.000170426
3.765 -0.000223104
3.77 -0.000663218
3.775 -0.00113878
3.78 -0.00163513
3.785 -0.00213448
3.79 -0.00261644
3.795 -0.00305895
3.8 -0.00343939
3.805 -0.00373584
3.81 -0.00392857
3.815 -0.00400148
3.82 -0.00394345
3.825 -0.00374959
3.83 -0.00342202
3.835 -0.00297034
3.84 -0.0024115
3.845 -0.00176915
3.85 -0.00107243
3.855 -0.000354264
3.86 0.000350727
3.865 0.00100857
3.87 0.00158827
3.875 0.00206401
3.88 0.00241699
3.885 0.00263666
3.89 0.00272132
3.895 0.00267799
3.9 0.00252153
3.905 0.00227311
3.91 0.00195816
3.915 0.0016041
3.92 0.00123797
3.925 0.000884213
3.93 0.000562909
3.935 0.000288533
3.94 6.93593e-05
3.945 -9.24652e-05
3.95 -0.000200252
3.955 -0.00026163
3.96 -0.00028711
3.965 -0.000288543
3.97 -0.000277666
3.975 -0.000264892
3.98 -0.000258451
3.985 -0.000263926
3.99 -0.000284187
3.995 -0.00031964
4 -0.000368709
4.005 -0.000428426
4.01 -0.000495024
4.015 -0.000564435
4.02 -0.000632648
4.025 -0.000695889
4.03 -0.000750661
4.035 -0.000793661
4.04 -0.000821658
4.045 -0.000831375
4.05 -0.000819435
4.055 -0.000782401
4.06 -0.000716937
4.065 -0.000620059
4.07 -0.000489475
4.075 -0.000323961
4.08 -0.000123728
4.085 0.000109244
4.09 0.000370969
4.095 0.000655331
4.1 0.000954091
4.105 0.00125706
4.11 0.00155241
4.115 0.00182718
4.12 0.00206784
4.125 0.0022611
4.13 0.00239468
4.135 0.00245817
4.14 0.00244387
4.145 0.00234756
4.15 0.00216902
4.155 0.00191245
4.16 0.0015865
4.165 0.00120405
4.17 0.000781637
4.175 0.00033855
4.18 -0.000104308
4.185 -0.000525774
4.19 -0.000905839
4.195 -0.00122705
4.2 -0.00147572
4.205 -0.00164293
4.21 -0.00172507
4.215 -0.00172406
4.22 -0.00164698
4.225 -0.00150542
4.23 -0.00131437
4.235 -0.00109083
4.24 -0.000852391
4.245 -0.000615742
4.25 -0.000395383
4.255 -0.000202611
4.26 -4.48792e-05
4.265 7.44254e-05
4.27 0.000155786
4.275 0.000203002
4.28 0.000222355
4.285 0.000221624
4.29 0.000209059
4.295 0.000192454
4.3 0.000178393
4.305 0.00017175
4.31 0.000175467
4.315 0.00019058
4.32 0.000216466
4.325 0.00025123
4.33 0.000292149
4.335 0.000336111
4.34 0.000379972
4.345 0.000420803
4.35 0.000456009
4.355 0.000483345
4.36 0.000500841
4.365 0.000506697
4.37 0.00049918
4.375 0.000476571
4.38 0.000437177
4.385 0.000379422
4.39 0.000302013
4.395 0.000204153
4.4 8.57792e-05
4.405 -5.22139e-05
4.41 -0.000207788
4.415 -0.000377648
4.42 -0.00055721
4.425 -0.000740675
4.43 -0.000921195
4.435 -0.00109114
4.44 -0.00124246
4.445 -0.00136708
4.45 -0.00145742
4.455 -0.00150686
4.46 -0.00151026
4.465 -0.00146437
4.47 -0.00136827
4.475 -0.00122358
4.48 -0.00103462
4.485 -0.000808292
4.49 -0.000553851
4.495 -0.000282462
4.5 -6.56967e-06
4.505 0.000260856
4.51 0.000507159
4.515 0.000720853
4.52 0.000892425
4.525 0.00101501
4.53 0.00108488
4.535 0.00110165
4.54 0.00106833
4.545 0.000990906
4.55 0.000877901
4.555 0.000739553
4.56 0.000586957
4.565 0.000431139
4.57 0.000282172
4.575 0.00014842
4.58 3.59895e-05
4.585 -5.15794e-05
4.59 -0.000113355
4.595 -0.000150796
4.6 -0.000167324
4.605 -0.000167734
4.61 -0.000157531
4.615 -0.000142268
4.62 -0.000126959
4.625 -0.000115627
4.63 -0.000111025
4.635 -0.000114542
4.64 -0.000126274
4.645 -0.000145234
4.65 -0.000169644
4.655 -0.000197268
4.66 -0.000225712
4.665 -0.000252679
4.67 -0.000276137
4.675 -0.000294386
4.68 -0.000306063
4.685 -0.000310076
4.69 -0.000305516
4.695 -0.000291575
4.7 -0.000267492
4.705 -0.000232554
4.71 -0.00018614
4.715 -0.00012783
4.72 -5.75349e-05
4.725 2.43545e-05
4.73 0.000116832
4.735 0.000218172
4.74 0.000325882
4.745 0.000436707
4.75 0.000546716
4.755 0.000651444
4.76 0.000746093
4.765 0.000825781
4.77 0.000885831
4.775 0.000922061
4.78 0.000931088
4.785 0.000910604
4.79 0.000859609
4.795 0.000778595
4.8 0.000669634
4.805 0.000536382
4.81 0.000383973
4.815 0.000218797
4.82 4.81769e-05
4.825 -0.000120052
4.83 -0.00027802
4.835 -0.00041834
4.84 -0.000534612
4.845 -0.00062187
4.85 -0.00067694
4.855 -0.000698665
4.86 -0.000687975
4.865 -0.000647789
4.87 -0.000582758
4.875 -0.000498864
4.88 -0.000402915
4.885 -0.000301984
4.89 -0.000202831
4.895 -0.000111389
4.9 -3.23304e-05
4.905 3.12148e-05
4.91 7.77928e-05
4.915 0.000107586
4.92 0.000122222
4.925 0.000124453
4.93 0.000117756
4.935 0.000105892
4.94 9.24884e-05
4.945 8.06748e-05
4.95 7.28214e-05
4.955 7.03902e-05
4.96 7.39088e-05
4.965 8.3052e-05
4.97 9.68079e-05
4.975 0.000113695
4.98 0.000131992
4.985 0.000149954
4.99 0.000165978
4.995 0.000178708
5 0.000187088
5.005 0.000190339
5.01 0.000187916
5.015 0.000179434
5.02 0.000164604
5.025 0.000143183
5.03 0.00011497
5.035 7.98274e-05
5.04 3.77432e-05
5.045 -1.10842e-05
5.05 -6.61565e-05
5.055 -0.000126593
5.06 -0.000191073
5.065 -0.000257818
5.07 -0.000324611
5.075 -0.000388873
5.08 -0.000447767
5.085 -0.00049835
5.09 -0.000537742
5.095 -0.000563306
5.1 -0.000572842
5.105 -0.000564747
5.11 -0.000538176
5.115 -0.000493147
5.12 -0.00043062
5.125 -0.000352508
5.13 -0.000261637
5.135 -0.000161639
5.14 -5.67841e-05
5.145 4.82476e-05
5.15 0.000148635
5.155 0.000239716
5.16 0.000317297
5.165 0.000377938
5.17 0.000419201
5.175 0.000439824
5.18 0.000439819
5.185 0.000420459
5.19 0.000384176
5.195 0.000334361
5.2 0.000275083
5.205 0.000210757
5.21 0.000145792
5.215 8.4243e-05
5.22 2.95087e-05
5.225 -1.59008e-05
5.23 -5.05057e-05
5.235 -7.38959e-05
5.24 -8.66671e-05
5.245 -9.02657e-05
5.25 -8.67619e-05
5.255 -7.85796e-05
5.26 -6.82141e-05
5.265 -5.79687e-05
5.27 -4.97387e-05
5.275 -4.48618e-05
5.28 -4.40466e-05
5.285 -4.73784e-05
5.29 -5.43949e-05
5.295 -6.42111e-05
5.3 -7.56752e-05
5.305 -8.75277e-05
5.31 -9.8545e-05
5.315 -0.000107649
5.32 -0.000113977
5.325 -0.000116899
5.33 -0.000116012
5.335 -0.00011109
5.34 -0.000102035
5.345 -8.88221e-05
5.35 -7.14659e-05
5.355 -5.00057e-05
5.36 -2.45184e-05
5.365 4.84547e-06
5.37 3.7811e-05
5.375 7.39224e-05
5.38 0.000112494
5.385 0.00015258
5.39 0.000192965
5.395 0.000232191
5.4 0.000268613
5.405 0.000300475
5.41 0.000326016
5.415 0.000343582
5.42 0.000351744
5.425 0.000349409
5.43 0.000335917
5.435 0.000311117
5.44 0.000275419
5.445 0.000229809
5.45 0.000175836
5.455 0.000115557
5.46 5.14499e-05
5.465 -1.37111e-05
5.47 -7.70037e-05
5.475 -0.000135531
5.48 -0.000186605
5.485 -0.000227919
5.49 -0.000257716
5.495 -0.000274908
5.5 -0.000279165
5.505 -0.00027094
5.51 -0.000251433
5.515 -0.000222503
5.52 -0.000186518
5.525 -0.000146169
5.53 -0.000104255
5.535 -6.34669e-05
5.54 -2.6177e-05
5.545 5.72733e-06
5.55 3.0968e-05
5.555 4.89388e-05
5.56 5.97025e-05
5.565 6.39268e-05
5.57 6.27668e-05
5.575 5.77074e-05
5.58 5.0386e-05
5.585 4.24138e-05
5.59 3.52143e-05
5.595 2.98974e-05
5.6 2.71783e-05
5.605 2.73472e-05
5.61 3.02893e-05
5.615 3.55463e-05
5.62 4.24091e-05
5.625 5.00255e-05
5.63 5.75077e-05
5.635 6.40274e-05
5.64 6.88852e-05
5.645 7.1552e-05
5.65 7.16792e-05
5.655 6.90839e-05
5.66 6.3716e-05
5.665 5.56171e-05
5.67 4.48823e-05
5.675 3.16317e-05
5.68 1.59976e-05
5.685 -1.86958e-06
5.69 -2.17812e-05
5.695 -4.34789e-05
5.7 -6.66003e-05
5.705 -9.06494e-05
5.71 -0.000114979
5.715 -0.000138791
5.72 -0.000161154
5.725 -0.000181046
5.73 -0.000197409
5.735 -0.000209216
5.74 -0.000215548
5.745 -0.000215666
5.75 -0.000209077
5.755 -0.000195586
5.76 -0.000175335
5.765 -0.000148818
5.77 -0.000116876
5.775 -8.06707e-05
5.78 -4.16383e-05
5.785 -1.41866e-06
5.79 3.82283e-05
5.795 7.55212e-05
5.8 0.000108763
5.805 0.000136448
5.81 0.000157363
5.815 0.000170671
5.82 0.000175976
5.825 0.000173354
5.83 0.000163352
5.835 0.000146951
5.84 0.000125491
5.845 0.000100575
5.85 7.39361e-05
5.855 4.73116e-05
5.86 2.23053e-05
5.865 2.69982e-07
5.87 -1.77873e-05
5.875 -3.12657e-05
5.88 -3.99935e-05
5.885 -4.42088e-05
5.89 -4.45056e-05
5.895 -4.17475e-05
5.9 -3.6962e-05
5.905 -3.12254e-05
5.91 -2.55517e-05
5.915 -2.07963e-05
5.92 -1.75843e-05
5.925 -1.62691e-05
5.93 -1.69242e-05
5.935 -1.93655e-05
5.94 -2.31998e-05
5.945 -2.78903e-05
5.95 -3.28299e-05
5.955 -3.74131e-05
5.96 -4.1096e-05
5.965 -4.34407e-05
5.97 -4.41378e-05
5.975 -4.30104e-05
5.98 -4.00004e-05
5.985 -3.51429e-05
5.99 -2.85362e-05
5.995 -2.03138e-05
6 -1.06228e-05
6.005 3.86456e-07
6.01 1.25584e-05
6.015 2.57207e-05
6.02 3.9665e-05
6.025 5.4126e-05
6.03 6.87636e-05
6.035 8.31525e-05
6.04 9.67844e-05
6.045 0.000109082
6.05 0.000119427
6.055 0.000127198
6.06 0.000131815
6.065 0.000132787
6.07 0.000129756
6.075 0.000122538
6.08 0.000111147
6.085 9.58151e-05
6.09 7.69894e-05
6.095 5.5322e-05
6.1 3.16429e-05
6.105 6.92051e-06
6.11 -1.7787e-05
6.115 -4.13891e-05
6.12 -6.28255e-05
6.125 -8.11292e-05
6.13 -9.54887e-05
6.135 -0.000105301
6.14 -0.000110217
6.145 -0.000110165
6.15 -0.000105365
6.155 -9.63126e-05
6.16 -8.37454e-05
6.165 -6.85933e-05
6.17 -5.19073e-05
6.175 -3.47808e-05
6.18 -1.82668e-05
6.185 -3.29925e-06
6.19 9.37529e-06
6.195 1.92471e-05
6.2 2.60716e-05
6.205 2.98719e-05
6.21 3.0918e-05
6.215 2.96834e-05
6.22 2.6785e-05
6.225 2.29127e-05
6.23 1.87567e-05
6.235 1.49394e-05
6.24 1.19591e-05
6.245 1.0151e-05
6.25 9.66765e-06
6.255 1.04813e-05
6.26 1.24042e-05
6.265 1.5125e-05
6.27 1.82541e-05
6.275 2.13727e-05
6.28 2.40794e-05
6.285 2.6028e-05
6.29 2.69538e-05
6.295 2.66866e-05
6.3 2.51495e-05
6.305 2.23483e-05
6.31 1.83516e-05
6.315 1.32697e-05
6.32 7.23397e-06
6.325 3.81441e-07
6.33 -7.15295e-06
6.335 -1.52365e-05
6.34 -2.3732e-05
6.345 -3.24856e-05
6.35 -4.13143e-05
6.355 -4.99946e-05
6.36 -5.82571e-05
6.365 -6.5788e-05
6.37 -7.22392e-05
6.375 -7.72471e-05
6.38 -8.04572e-05
6.385 -8.15531e-05
6.39 -8.02858e-05
6.395 -7.65013e-05
6.4 -7.01618e-05
6.405 -6.13601e-05
6.41 -5.03245e-05
6.415 -3.74138e-05
6.42 -2.31041e-05
6.425 -7.96552e-06
6.43 7.36599e-06
6.435 2.22237e-05
6.44 3.59474e-05
6.445 4.79217e-05
6.45 5.76138e-05
6.455 6.46071e-05
6.46 6.86292e-05
6.465 6.95721e-05
6.47 6.75012e-05
6.475 6.26548e-05
6.48 5.54285e-05
6.485 4.63504e-05
6.49 3.60432e-05
6.495 2.51798e-05
6.5 1.44338e-05
6.505 4.42885e-06
6.51 -4.30629e-06
6.515 -1.13757e-05
6.52 -1.65413e-05
6.525 -1.97341e-05
6.53 -2.10492e-05
6.535 -2.07267e-05
6.54 -1.91198e-05
6.545 -1.66535e-05
6.55 -1.37795e-05
6.555 -1.093e-05
6.56 -8.47711e-06
6.565 -6.70103e-06
6.57 -5.76932e-06
6.575 -5.72981e-06
6.58 -6.51627e-06
6.585 -7.9657e-06
6.59 -9.84442e-06
6.595 -1.1879e-05
6.6 -1.37884e-05
6.605 -1.53138e-05
6.61 -1.62413e-05
6.615 -1.64179e-05
6.62 -1.57571e-05
6.625 -1.42373e-05
6.63 -1.18917e-05
6.635 -8.79514e-06
6.64 -5.04823e-06
6.645 -7.63113e-07
6.65 3.94719e-06
6.655 8.9747e-06
6.66 1.42172e-05
6.665 1.95737e-05
6.67 2.49378e-05
6.675 3.01891e-05
6.68 3.51867e-05
6.685 3.97654e-05
6.69 4.37375e-05
6.695 4.68994e-05
6.7 4.90435e-05
6.705 4.99746e-05
6.71 4.95275e-05
6.715 4.75856e-05
6.72 4.40969e-05
6.725 3.90857e-05
6.73 3.26596e-05
6.735 2.50094e-05
6.74 1.64028e-05
6.745 7.17252e-06
6.75 -2.30113e-06
6.755 -1.1611e-05
6.76 -2.03463e-05
6.765 -2.81166e-05
6.77 -3.45753e-05
6.775 -3.94405e-05
6.78 -4.25135e-05
6.785 -4.36918e-05
6.79 -4.29771e-05
6.795 -4.04765e-05
6.8 -3.63972e-05
6.805 -3.10336e-05
6.81 -2.47483e-05
6.815 -1.79471e-05
6.82 -1.10508e-05
6.825 -4.46452e-06
6.83 1.45165e-06
6.835 6.40824e-06
6.84 1.02067e-05
6.845 1.27507e-05
6.85 1.40497e-05
6.855 1.42114e-05
6.86 1.34266e-05
6.865 1.19466e-05
6.87 1.00561e-05
6.875 8.04333e-06
6.88 6.17285e-06
6.885 4.66096e-06
6.89 3.65829e-06
6.895 3.23973e-06
6.9 3.40307e-06
6.905 4.07557e-06
6.91 5.12741e-06
6.915 6.38999e-06
6.92 7.67678e-06
6.925 8.80404e-06
6.93 9.60905e-06
6.935 9.96428e-06
6.94 9.78572e-06
6.945 9.03553e-06
6.95 7.71919e-06
6.955 5.87814e-06
6.96 3.57997e-06
6.965 9.0753e-07
6.97 -2.05082e-06
6.975 -5.20866e-06
6.98 -8.48554e-06
6.985 -1.18076e-05
6.99 -1.51051e-05
6.995 -1.83079e-05
7 -2.13402e-05
7.005 -2.41166e-05
7.01 -2.65395e-05
7.015 -2.85003e-05
7.02 -2.98837e-05
7.025 -3.05755e-05
7.03 -3.04724e-05
7.035 -2.94935e-05
7.04 -2.75912e-05
7.045 -2.47604e-05
7.05 -2.10454e-05
7.055 -1.65421e-05
7.06 -1.13962e-05
7.065 -5.79818e-06
7.07 2.72817e-08
7.075 5.83305e-06
7.08 1.13643e-05
7.085 1.63735e-05
7.09 2.0636e-05
7.095 2.39629e-05
7.1 2.62136e-05
7.105 2.73045e-05
7.11 2.72144e-05
7.115 2.59869e-05
7.12 2.37278e-05
7.125 2.05994e-05
7.13 1.68101e-05
7.135 1.26012e-05
7.14 8.2307e-06
7.145 3.95545e-06
7.15 1.31454e-08
7.155 -3.39442e-06
7.16 -6.11563e-06
7.165 -8.05891e-06
7.17 -9.19776e-06
7.175 -9.56993e-06
7.18 -9.27086e-06
7.185 -8.44235e-06
7.19 -7.25682e-06
7.195 -5.89973e-06
7.2 -4.55113e-06
7.205 -3.36887e-06
7.21 -2.47467e-06
7.215 -1.94471e-06
7.22 -1.80543e-06
7.225 -2.03444e-06
7.23 -2.56674e-06
7.235 -3.30461e-06
7.24 -4.13019e-06
7.245 -4.91944e-06
7.25 -5.55495e-06
7.255 -5.93738e-06
7.26 -5.99353e-06
7.265 -5.68067e-06
7.27 -4.98732e-06
7.275 -3.93028e-06
7.28 -2.54924e-06
7.285 -8.99718e-07
7.29 9.54295e-07
7.295 2.94698e-06
7.3 5.01562e-06
7.305 7.10327e-06
7.31 9.15935e-06
7.315 1.11379e-05
7.32 1.29948e-05
7.325 1.46844e-05
7.33 1.61571e-05
7.335 1.73575e-05
7.34 1.82251e-05
7.345 1.86973e-05
7.35 1.87139e-05
7.355 1.82232e-05
7.36 1.71895e-05
7.365 1.55987e-05
7.37 1.34645e-05
7.375 1.08314e-05
7.38 7.77534e-06
7.385 4.40187e-06
7.39 8.41112e-07
7.395 -2.75905e-06
7.4 -6.24188e-06
7.405 -9.45136e-06
7.41 -1.2242e-05
7.415 -1.4488e-05
7.42 -1.60913e-05
7.425 -1.69876e-05
7.43 -1.71508e-05
7.435 -1.65942e-05
7.44 -1.53704e-05
7.445 -1.3568e-05
7.45 -1.1306e-05
7.455 -8.72675e-06
7.46 -5.98646e-06
7.465 -3.24524e-06
7.47 -6.56132e-07
7.475 1.64515e-06
7.48 3.54979e-06
7.485 4.983e-06
7.49 5.90883e-06
7.495 6.33163e-06
7.5 6.29396e-06
7.505 5.87139e-06
7.51 5.16425e-06
7.515 4.28734e-06
7.52 3.35857e-06
7.525 2.48779e-06
7.53 1.76666e-06
7.535 1.26096e-06
7.54 1.00581e-06
7.545 1.00412e-06
7.55 1.22874e-06
7.555 1.62714e-06
7.56 2.12872e-06
7.565 2.65345e-06
7.57 3.1205e-06
7.575 3.45678e-06
7.58 3.60339e-06
7.585 3.52029e-06
7.59 3.18841e-06
7.595 2.60923e-06
7.6 1.80245e-06
7.605 8.01765e-07
7.61 -3.49848e-07
7.615 -1.60521e-06
7.62 -2.91733e-06
7.625 -4.2425e-06
7.63 -5.54216e-06
7.635 -6.78309e-06
7.64 -7.93638e-06
7.645 -8.97559e-06
7.65 -9.87462e-06
7.655 -1.06059e-05
7.66 -1.11395e-05
7.665 -1.14435e-05
7.67 -1.14854e-05
7.675 -1.12354e-05
7.68 -1.06698e-05
7.685 -9.77551e-06
7.69 -8.55363e-06
7.695 -7.02251e-06
7.7 -5.21952e-06
7.705 -3.20086e-06
7.71 -1.03959e-06
7.715 1.17771e-06
7.72 3.35627e-06
7.725 5.39878e-06
7.73 7.21183e-06
7.735 8.71207e-06
7.74 9.83171e-06
7.745 1.05229e-05
7.75 1.0761e-05
7.755 1.05459e-05
7.76 9.90206e-06
7.765 8.87726e-06
7.77 7.53921e-06
7.775 5.97146e-06
7.78 4.26824e-06
7.785 2.52827e-06
7.79 8.48582e-07
7.795 -6.81929e-07
7.8 -1.98842e-06
7.805 -3.0149e-06
7.81 -3.72806e-06
7.815 -4.11891e-06
7.82 -4.20287e-06
7.825 -4.01759e-06
7.83 -3.61886e-06
7.835 -3.07516e-06
7.84 -2.46083e-06
7.845 -1.84912e-06
7.85 -1.30535e-06
7.855 -8.8111e-07
7.86 -6.10086e-07
7.865 -5.05739e-07
7.87 -5.61271e-07
7.875 -7.51477e-07
7.88 -1.03667e-06
7.885 -1.36752e-06
7.89 -1.69083e-06
7.895 -1.9553e-06
7.9 -2.11635e-06
7.905 -2.14036e-06
7.91 -2.00681e-06
7.915 -1.70935e-06
7.92 -1.25498e-06
7.925 -6.61982e-07
7.93 4.28343e-08
7.935 8.27704e-07
7.94 1.65907e-06
7.945 2.50444e-06
7.95 3.3345e-06
7.955 4.12405e-06
7.96 4.85222e-06
7.965 5.50165e-06
7.97 6.05733e-06
7.975 6.50521e-06
7.98 6.83097e-06
7.985 7.01948e-06
7.99 7.05487e-06
7.995 6.92162e-06
8 6.60615e-06
8.005 6.09929e-06
8.01 5.39855e-06
8.015 4.5104e-06
8.02 3.4521e-06
8.025 2.25212e-06
8.03 9.50065e-07
8.035 -4.04973e-07
8.04 -1.75707e-06
8.045 -3.04667e-06
8.05 -4.21475e-06
8.055 -5.20669e-06
8.06 -5.97614e-06
8.065 -6.48827e-06
8.07 -6.72213e-06
8.075 -6.67204e-06
8.08 -6.34798e-06
8.085 -5.77489e-06
8.09 -4.99091e-06
8.095 -4.04506e-06
8.1 -2.99399e-06
8.105 -1.8984e-06
8.11 -8.19303e-07
8.115 1.86005e-07
8.12 1.06737e-06
8.125 1.78518e-06
8.13 2.31272e-06
8.135 2.63773e-06
8.14 2.76312e-06
8.145 2.70597e-06
8.15 2.49603e-06
8.155 2.17263e-06
8.16 1.781e-06
8.165 1.36817e-06
8.17 9.78479e-07
8.175 6.49742e-07
8.18 4.09885e-07
8.185 2.74767e-07
8.19 2.47299e-07
8.195 3.17773e-07
8.2 4.65639e-07
8.205 6.62143e-07
8.21 8.7383e-07
8.215 1.06617e-06
8.22 1.20721e-06
8.225 1.27062e-06
8.23 1.23787e-06
8.235 1.09964e-06
8.24 8.55776e-07
8.245 5.14743e-07
8.25 9.18697e-08
8.255 -3.92665e-07
8.26 -9.16021e-07
8.265 -1.45511e-06
8.27 -1.9881e-06
8.275 -2.49593e-06
8.28 -2.96278e-06
8.285 -3.37603e-06
8.29 -3.72589e-06
8.295 -4.00441e-06
8.3 -4.20463e-06
8.305 -4.31987e-06
8.31 -4.34315e-06
8.315 -4.26745e-06
8.32 -4.08615e-06
8.325 -3.79409e-06
8.33 -3.38894e-06
8.335 -2.87265e-06
8.34 -2.25265e-06
8.345 -1.5428e-06
8.35 -7.63718e-07
8.355 5.78051e-08
8.36 8.89661e-07
8.365 1.69651e-06
8.37 2.44183e-06
8.375 3.09051e-06
8.38 3.61153e-06
8.385 3.97998e-06
8.39 4.17923e-06
8.395 4.20188e-06
8.4 4.05047e-06
8.405 3.73729e-06
8.41 3.28336e-06
8.415 2.71722e-06
8.42 2.07285e-06
8.425 1.38755e-06
8.43 6.99564e-07
8.435 4.5616e-08
8.44 -5.41272e-07
8.445 -1.03387e-06
8.45 -1.41236e-06
8.455 -1.66549e-06
8.46 -1.79108e-06
8.465 -1.79602e-06
8.47 -1.69539e-06
8.475 -1.51105e-06
8.48 -1.26979e-06
8.485 -1.00067e-06
8.49 -7.32682e-07
8.495 -4.9203e-07
8.5 -2.99842e-07
8.505 -1.70516e-07
8.51 -1.10435e-07
8.515 -1.17923e-07
8.52 -1.83621e-07
8.525 -2.91873e-07
8.53 -4.22676e-07
8.535 -5.53822e-07
8.54 -6.63445e-07
8.545 -7.32096e-07
8.55 -7.44657e-07
8.555 -6.91558e-07
8.56 -5.69343e-07
8.565 -3.80603e-07
8.57 -1.33219e-07
8.575 1.60757e-07
8.58 4.86647e-07
8.585 8.28554e-07
8.59 1.17091e-06
8.595 1.49953e-06
8.6 1.80232e-06
8.605 2.06976e-06
8.61 2.29459e-06
8.615 2.47168e-06
8.62 2.59728e-06
8.625 2.66841e-06
8.63 2.68253e-06
8.635 2.63697e-06
8.64 2.52924e-06
8.645 2.35719e-06
8.65 2.11961e-06
8.655 1.81718e-06
8.66 1.45307e-06
8.665 1.03388e-06
8.67 5.69927e-07
8.675 7.53989e-08
8.68 -4.31988e-07
8.685 -9.31857e-07
8.69 -1.4023e-06
8.695 -1.82141e-06
8.7 -2.16884e-06
8.705 -2.42745e-06
8.71 -2.58454e-06
8.715 -2.63301e-06
8.72 -2.57188e-06
8.725 -2.40639e-06
8.73 -2.14776e-06
8.735 -1.8122e-06
8.74 -1.42e-06
8.745 -9.9401e-07
8.75 -5.58131e-07
8.755 -1.35946e-07
8.76 2.51011e-07
8.765 5.84289e-07
8.77 8.49772e-07
8.775 1.03845e-06
8.78 1.14671e-06
8.785 1.17664e-06
8.79 1.13553e-06
8.795 1.03524e-06
8.8 8.91175e-07
8.805 7.20934e-07
8.81 5.42787e-07
8.815 3.74125e-07
8.82 2.3001e-07
8.825 1.21768e-07
8.83 5.62486e-08
8.835 3.51827e-08
8.84 5.53022e-08
8.845 1.08858e-07
8.85 1.84484e-07
8.855 2.68685e-07
8.86 3.47076e-07
8.865 4.06093e-07
8.87 4.34242e-07
8.875 4.23112e-07
8.88 3.68233e-07
8.885 2.69037e-07
8.89 1.28909e-07
8.895 -4.55544e-08
8.9 -2.45392e-07
8.905 -4.60148e-07
8.91 -6.79104e-07
8.915 -8.91973e-07
8.92 -1.08974e-06
8.925 -1.26504e-06
8.93 -1.41231e-06
8.935 -1.52771e-06
8.94 -1.60881e-06
8.945 -1.65419e-06
8.95 -1.66304e-06
8.955 -1.63483e-06
8.96 -1.56905e-06
8.965 -1.46533e-06
8.97 -1.32354e-06
8.975 -1.14416e-06
8.98 -9.28846e-07
8.985 -6.80687e-07
8.99 -4.04838e-07
8.995 -1.08593e-07
9 1.98606e-07
9.005 5.05342e-07
9.01 7.98989e-07
9.015 1.06624e-06
9.02 1.29426e-06
9.025 1.4716e-06
9.03 1.58908e-06
9.035 1.64074e-06
9.04 1.62422e-06
9.045 1.54114e-06
9.05 1.39697e-06
9.055 1.20068e-06
9.06 9.64116e-07
9.065 7.01148e-07
9.07 4.26728e-07
9.075 1.55856e-07
9.08 -9.73059e-08
9.085 -3.2044e-07
9.09 -5.03653e-07
9.095 -6.40094e-07
9.1 -7.26333e-07
9.105 -7.62278e-07
9.11 -7.51312e-07
9.115 -6.997e-07
9.12 -6.16164e-07
9.125 -5.1119e-07
9.13 -3.95973e-07
9.135 -2.8177e-07
9.14 -1.7872e-07
9.145 -9.51425e-08
9.15 -3.6856e-08
9.155 -6.62824e-09
9.16 -4.14528e-09
9.165 -2.60074e-08
9.17 -6.62758e-08
9.175 -1.17059e-07
9.18 -1.69417e-07
9.185 -2.14324e-07
9.19 -2.43514e-07
9.195 -2.50396e-07
9.2 -2.30562e-07
9.205 -1.82192e-07
9.21 -1.06061e-07
9.215 -5.37673e-09
9.22 1.14726e-07
9.225 2.47767e-07
9.23 3.8655e-07
9.235 5.23966e-07
9.24 6.53373e-07
9.245 7.6921e-07
9.25 8.67124e-07
9.255 9.4402e-07
9.26 9.98103e-07
9.265 1.02841e-06
9.27 1.03477e-06
9.275 1.01739e-06
9.28 9.76611e-07
9.285 9.12924e-07
9.29 8.26754e-07
9.295 7.18795e-07
9.3 5.90053e-07
9.305 4.42192e-07
9.31 2.77825e-07
9.315 1.00635e-07
9.32 -8.44006e-08
9.325 -2.71164e-07
9.33 -4.52514e-07
9.335 -6.20734e-07
9.34 -7.67974e-07
9.345 -8.86879e-07
9.35 -9.71192e-07
9.355 -1.01627e-06
9.36 -1.01965e-06
9.365 -9.81138e-07
9.37 -9.03114e-07
9.375 -7.90251e-07
9.38 -6.49214e-07
9.385 -4.88349e-07
9.39 -3.16795e-07
9.395 -1.44142e-07
9.4 2.03925e-08
9.405 1.68577e-07
9.41 2.93504e-07
9.415 3.90198e-07
9.42 4.55679e-07
9.425 4.89165e-07
9.43 4.91998e-07
9.435 4.67442e-07
9.44 4.20417e-07
9.445 3.57041e-07
9.45 2.84178e-07
9.455 2.08852e-07
9.46 1.37757e-07
9.465 7.66347e-08
9.47 2.99102e-08
9.475 3.01307e-10
9.48 -1.14144e-08
9.485 -6.30643e-09
9.49 1.26944e-08
9.495 4.12887e-08
9.5 7.41514e-08
9.505 1.05523e-07
9.51 1.29857e-07
9.515 1.42247e-07
9.52 1.39071e-07
9.525 1.18147e-07
9.53 7.9038e-08
9.535 2.29551e-08
9.54 -4.74649e-08
9.545 -1.28338e-07
9.55 -2.15183e-07
9.555 -3.03144e-07
9.56 -3.87559e-07
9.565 -4.64322e-07
9.57 -5.30006e-07
9.575 -5.82187e-07
9.58 -6.19271e-07
9.585 -6.4052e-07
9.59 -6.45831e-07
9.595 -6.35544e-07
9.6 -6.10265e-07
9.605 -5.70685e-07
9.61 -5.17551e-07
9.615 -4.51568e-07
9.62 -3.73595e-07
9.625 -2.84636e-07
9.63 -1.86106e-07
9.635 -7.99449e-08
9.64 3.13258e-08
9.645 1.44399e-07
9.65 2.55454e-07
9.655 3.60089e-07
9.66 4.53691e-07
9.665 5.3177e-07
9.67 5.90172e-07
9.675 6.25668e-07
9.68 6.36062e-07
9.685 6.20572e-07
9.69 5.79953e-07
9.695 5.16399e-07
9.7 4.3358e-07
9.705 3.36253e-07
9.71 2.29995e-07
9.715 1.20793e-07
9.72 1.46026e-08
9.725 -8.30686e-08
9.73 -1.67482e-07
9.735 -2.34997e-07
9.74 -2.83272e-07
9.745 -3.11262e-07
9.75 -3.19399e-07
9.755 -3.09285e-07
9.76 -2.83656e-07
9.765 -2.46144e-07
9.77 -2.00829e-07
9.775 -1.52155e-07
9.78 -1.04372e-07
9.785 -6.13499e-08
9.79 -2.62521e-08
9.795 -1.24647e-09
9.8 1.25383e-08
9.805 1.52422e-08
9.81 8.06552e-09
9.815 -6.72771e-09
9.82 -2.61096e-08
9.825 -4.66187e-08
9.83 -6.46128e-08
9.835 -7.67713e-08
9.84 -8.02749e-08
9.845 -7.32111e-08
9.85 -5.46538e-08
9.855 -2.47495e-08
9.86 1.52616e-08
9.865 6.33388e-08
9.87 1.16716e-07
9.875 1.72306e-07
9.88 2.26936e-07
9.885 2.7763e-07
9.89 3.21854e-07
9.895 3.5762e-07
9.9 3.83615e-07
9.905 3.99096e-07
9.91 4.03932e-07
9.915 3.98345e-07
9.92 3.82879e-07
9.925 3.58243e-07
9.93 3.25112e-07
9.935 2.84279e-07
9.94 2.36404e-07
9.945 1.82245e-07
9.95 1.22678e-07
9.955 5.8705e-08
9.96 -8.27089e-09
9.965 -7.65941e-08
9.97 -1.44182e-07
9.975 -2.08632e-07
9.98 -2.67347e-07
9.985 -3.17619e-07
9.99 -3.56911e-07
9.995 -3.83011e-07
10 -3.94296e-07
10.005 -3.8987e-07
10.01 -3.69748e-07
10.015 -3.3485e-07
10.02 -2.87032e-07
10.025 -2.28955e-07
10.03 -1.63861e-07
10.035 -9.5469e-08
10.04 -2.75083e-08
10.045 3.63527e-08
10.05 9.28785e-08
10.055 1.39508e-07
10.06 1.74336e-07
10.065 1.96456e-07
10.07 2.0575e-07
10.075 2.02973e-07
10.08 1.89655e-07
10.085 1.67844e-07
10.09 1.40091e-07
10.095 1.09091e-07
10.1 7.75871e-08
10.105 4.81169e-08
10.11 2.28453e-08
10.115 3.41055e-09
10.12 -9.20831e-09
10.125 -1.46961e-08
10.13 -1.35234e-08
10.135 -6.7449e-09
10.14 3.9752e-09
10.145 1.65921e-08
10.15 2.89038e-08
10.155 3.86615e-08
10.16 4.39363e-08
10.165 4.31655e-08
10.17 3.5404e-08
10.175 2.03624e-08
10.18 -1.57547e-09
10.185 -2.93652e-08
10.19 -6.14927e-08
10.195 -9.60231e-08
10.2 -1.30923e-07
10.205 -1.64125e-07
10.21 -1.9378e-07
10.215 -2.18382e-07
10.22 -2.36784e-07
10.225 -2.4836e-07
10.23 -2.52811e-07
10.235 -2.50276e-07
10.24 -2.41121e-07
10.245 -2.25859e-07
10.25 -2.05168e-07
10.255 -1.79624e-07
10.26 -1.49875e-07
10.265 -1.16501e-07
10.27 -8.00651e-08
10.275 -4.12261e-08
10.28 -7.00803e-10
10.285 4.06066e-08
10.29 8.16168e-08
10.295 1.21041e-07
10.3 1.57454e-07
10.305 1.89299e-07
10.31 2.15066e-07
10.315 2.33357e-07
10.32 2.4301e-07
10.325 2.43333e-07
10.33 2.34007e-07
10.335 2.15367e-07
10.34 1.8828e-07
10.345 1.54111e-07
10.35 1.14777e-07
10.355 7.24008e-08
10.36 2.93734e-08
10.365 -1.19735e-08
10.37 -4.94872e-08
10.375 -8.12963e-08
10.38 -1.06057e-07
10.385 -1.22885e-07
10.39 -1.31521e-07
10.395 -1.32235e-07
10.4 -1.25811e-07
10.405 -1.13459e-07
10.41 -9.66826e-08
10.415 -7.71854e-08
10.42 -5.66913e-08
10.425 -3.68885e-08
10.43 -1.92022e-08
10.435 -4.82878e-09
10.44 5.45032e-09
10.445 1.12933e-08
10.45 1.27176e-08
10.455 1.02737e-08
10.46 4.78654e-09
10.465 -2.58174e-09
10.47 -1.04791e-08
10.475 -1.75434e-08
10.48 -2.24251e-08
10.485 -2.40367e-08
10.49 -2.1547e-08
10.495 -1.45537e-08
10.5 -3.05123e-09
10.505 1.2533e-08
10.51 3.1378e-08
10.515 5.24162e-08
10.52 7.43203e-08
10.525 9.57828e-08
10.53 1.15485e-07
10.535 1.323e-07
10.54 1.45366e-07
10.545 1.54041e-07
10.55 1.58073e-07
10.555 1.57405e-07
10.56 1.52255e-07
10.565 1.43003e-07
10.57 1.30098e-07
10.575 1.14074e-07
10.58 9.54081e-08
10.585 7.45907e-08
10.59 5.20464e-08
10.595 2.82033e-08
10.6 3.4966e-09
10.605 -2.15846e-08
10.61 -4.64675e-08
10.615 -7.04962e-08
10.62 -9.28701e-08
10.625 -1.12785e-07
10.63 -1.29323e-07
10.635 -1.41657e-07
10.64 -1.49064e-07
10.645 -1.50945e-07
10.65 -1.47071e-07
10.655 -1.37405e-07
10.66 -1.22331e-07
10.665 -1.02567e-07
10.67 -7.90814e-08
10.675 -5.31805e-08
10.68 -2.62484e-08
10.685 2.27088e-10
10.69 2.48242e-08
10.695 4.62867e-08
10.7 6.36006e-08
10.705 7.60711e-08
10.71 8.33583e-08
10.715 8.55043e-08
10.72 8.2854e-08
10.725 7.61149e-08
10.73 6.61513e-08
10.735 5.40259e-08
10.74 4.08641e-08
10.745 2.77054e-08
10.75 1.55915e-08
10.755 5.28644e-09
10.76 -2.5937e-09
10.765 -7.70564e-09
10.77 -1.00117e-08
10.775 -9.66706e-09
10.78 -7.15607e-09
10.785 -3.08322e-09
10.79 1.75506e-09
10.795 6.50264e-09
10.8 1.03308e-08
10.805 1.24534e-08
10.81 1.22849e-08
10.815 9.40797e-09
10.82 3.70061e-09
10.825 -4.73371e-09
10.83 -1.55036e-08
10.835 -2.80111e-08
10.84 -4.15163e-08
10.845 -5.51306e-08
10.85 -6.80408e-08
10.855 -7.94087e-08
10.86 -8.85763e-08
10.865 -9.50636e-08
10.87 -9.85303e-08
10.875 -9.89151e-08
10.88 -9.62678e-08
10.885 -9.08181e-08
10.89 -8.28873e-08
10.895 -7.2848e-08
10.9 -6.10886e-08
10.905 -4.79774e-08
10.91 -3.38689e-08
10.915 -1.90491e-08
10.92 -3.8332e-09
10.925 1.15161e-08
10.93 2.66744e-08
10.935 4.12952e-08
10.94 5.49939e-08
10.945 6.72868e-08
10.95 7.77356e-08
10.955 8.58092e-08
10.96 9.10792e-08
10.965 9.3176e-08
10.97 9.18259e-08
10.975 8.69975e-08
10.98 7.87629e-08
10.985 6.74813e-08
10.99 5.36701e-08
10.995 3.80191e-08
11 2.13824e-08
11.005 4.6369e-09
11.01 -1.12936e-08
11.015 -2.55785e-08
11.02 -3.74941e-08
11.025 -4.65203e-08
11.03 -5.23183e-08
11.035 -5.4817e-08
11.04 -5.4163e-08
11.045 -5.06729e-08
11.05 -4.49222e-08
11.055 -3.74903e-08
11.06 -2.91141e-08
11.065 -2.05066e-08
11.07 -1.22847e-08
11.075 -5.07625e-09
11.08 7.43449e-10
11.085 4.862e-09
11.09 7.17475e-09
11.095 7.76485e-09
11.1 6.81166e-09
11.105 4.70062e-09
11.11 1.85981e-09
11.115 -1.1884e-09
11.12 -3.91691e-09
11.125 -5.8216e-09
11.13 -6.48062e-09
11.135 -5.57917e-09
11.14 -2.93363e-09
11.145 1.43994e-09
11.15 7.42617e-09
11.155 1.46902e-08
11.16 2.28225e-08
11.165 3.13188e-08
11.17 3.96022e-08
11.175 4.71728e-08
11.18 5.35104e-08
11.185 5.82517e-08
11.19 6.11223e-08
11.195 6.19769e-08
11.2 6.08288e-08
11.205 5.77634e-08
11.21 5.29964e-08
11.215 4.67676e-08
11.22 3.93679e-08
11.225 3.10738e-08
11.23 2.21551e-08
11.235 1.28439e-08
11.24 3.34621e-09
11.245 -6.13501e-09
11.25 -1.54516e-08
11.255 -2.43763e-08
11.26 -3.27387e-08
11.265 -4.02958e-08
11.27 -4.6777e-08
11.275 -5.19556e-08
11.28 -5.5518e-08
11.285 -5.72754e-08
11.29 -5.70285e-08
11.295 -5.4684e-08
11.3 -5.02806e-08
11.305 -4.39219e-08
11.31 -3.59003e-08
11.315 -2.6566e-08
11.32 -1.64109e-08
11.325 -5.95792e-09
11.33 4.23029e-09
11.335 1.35949e-08
11.34 2.16743e-08
11.345 2.80481e-08
11.35 3.24758e-08
11.355 3.48117e-08
11.36 3.50959e-08
11.365 3.34841e-08
11.37 3.02543e-08
11.375 2.5814e-08
11.38 2.05511e-08
11.385 1.49759e-08
11.39 9.49156e-09
11.395 4.49328e-09
11.4 3.27072e-10
11.405 -2.8444e-09
11.41 -4.85317e-09
11.415 -5.73296e-09
11.42 -5.57724e-09
11.425 -4.55576e-09
11.43 -2.96038e-09
11.435 -1.07029e-09
11.44 7.72536e-10
11.445 2.24797e-09
11.45 3.07158e-09
11.455 3.01924e-09
11.46 1.92663e-09
11.465 -2.44679e-10
11.47 -3.45952e-09
11.475 -7.59017e-09
11.48 -1.23763e-08
11.485 -1.75676e-08
11.49 -2.27931e-08
11.495 -2.77179e-08
11.5 -3.20273e-08
11.505 -3.54019e-08
11.51 -3.76649e-08
11.515 -3.8651e-08
11.52 -3.83245e-08
11.525 -3.6723e-08
11.53 -3.394e-08
11.535 -3.0146e-08
11.54 -2.55244e-08
11.545 -2.02827e-08
11.55 -1.46127e-08
11.555 -8.711e-09
11.56 -2.71023e-09
11.565 3.22839e-09
11.57 9.00191e-09
11.575 1.45136e-08
11.58 1.96193e-08
11.585 2.42553e-08
11.59 2.82476e-08
11.595 3.14839e-08
11.6 3.38245e-08
11.605 3.51071e-08
11.61 3.52607e-08
11.615 3.41645e-08
11.62 3.18388e-08
11.625 2.83069e-08
11.63 2.36886e-08
11.635 1.82007e-08
11.64 1.20647e-08
11.645 5.62765e-09
11.65 -8.0099e-10
11.655 -6.86097e-09
11.66 -1.22369e-08
11.665 -1.66583e-08
11.67 -1.99062e-08
11.675 -2.18807e-08
11.68 -2.25234e-08
11.685 -2.19279e-08
11.69 -2.02137e-08
11.695 -1.7611e-08
11.7 -1.43878e-08
11.705 -1.08096e-08
11.71 -7.20445e-09
11.715 -3.79801e-09
11.72 -8.47515e-10
11.725 1.49416e-09
11.73 3.13365e-09
11.735 4.01698e-09
11.74 4.21668e-09
11.745 3.79857e-09
11.75 2.93599e-09
11.755 1.80381e-09
11.76 5.98257e-10
11.765 -4.59165e-10
11.77 -1.19882e-09
11.775 -1.44772e-09
11.78 -1.09672e-09
11.785 -8.49163e-11
11.79 1.58984e-09
11.795 3.8767e-09
11.8 6.64413e-09
11.805 9.74786e-09
11.81 1.29852e-08
11.815 1.61224e-08
11.82 1.89857e-08
11.825 2.13307e-08
11.83 2.30258e-08
11.835 2.39555e-08
11.84 2.40287e-08
11.845 2.32823e-08
11.85 2.17251e-08
11.855 1.94665e-08
11.86 1.66251e-08
11.865 1.33296e-08
11.87 9.73275e-09
11.875 5.96341e-09
11.88 2.14426e-09
11.885 -1.62815e-09
11.89 -5.25382e-09
11.895 -8.69148e-09
11.9 -1.18474e-08
11.905 -1.46858e-08
11.91 -1.7147e-08
11.915 -1.91339e-08
11.92 -2.06286e-08
11.925 -2.15007e-08
11.93 -2.17275e-08
11.935 -2.12479e-08
11.94 -2.00108e-08
11.945 -1.80794e-08
11.95 -1.5442e-08
11.955 -1.22411e-08
11.96 -8.59205e-09
11.965 -4.659e-09
11.97 -6.68939e-10
11.975 3.20449e-09
11.98 6.72328e-09
11.985 9.72524e-09
11.99 1.20467e-08
11.995 1.35923e-08
12 1.43138e-08
12.005 1.4216e-08
12.01 1.33836e-08
12.015 1.1906e-08
12.02 9.96953e-09
12.025 7.72603e-09
12.03 5.37484e-09
12.035 3.10074e-09
12.04 1.0409e-09
12.045 -6.51595e-10
12.05 -1.92056e-09
12.055 -2.70622e-09
12.06 -3.02779e-09
12.065 -2.93098e-09
12.07 -2.49186e-09
12.075 -1.83727e-09
12.08 -1.06939e-09
12.085 -3.41028e-10
12.09 2.3867e-10
12.095 5.58278e-10
12.1 5.28132e-10
12.105 1.05271e-10
12.11 -7.34228e-10
12.115 -1.96759e-09
12.12 -3.54229e-09
12.125 -5.36256e-09
12.13 -7.33046e-09
12.135 -9.30014e-09
12.14 -1.11495e-08
12.145 -1.27441e-08
12.15 -1.39632e-08
12.155 -1.47356e-08
12.16 -1.49738e-08
12.165 -1.46896e-08
12.17 -1.3867e-08
12.175 -1.25597e-08
12.18 -1.0853e-08
12.185 -8.79929e-09
12.19 -6.53704e-09
12.195 -4.12785e-09
12.2 -1.6794e-09
12.205 7.29899e-10
12.21 3.05174e-09
12.215 5.21315e-09
12.22 7.19649e-09
12.225 8.95207e-09
12.23 1.04647e-08
12.235 1.16896e-08
12.24 1.26113e-08
12.245 1.31832e-08
12.25 1.33699e-08
12.255 1.3167e-08
12.26 1.25082e-08
12.265 1.14483e-08
12.27 9.95946e-09
12.275 8.0972e-09
12.28 5.96004e-09
12.285 3.57748e-09
12.29 1.13331e-09
12.295 -1.30075e-09
12.3 -3.58118e-09
12.305 -5.5658e-09
12.31 -7.19502e-09
12.315 -8.34199e-09
12.32 -8.99593e-09
12.325 -9.12864e-09
12.33 -8.76559e-09
12.335 -7.97636e-09
12.34 -6.83356e-09
12.345 -5.45696e-09
12.35 -3.95391e-09
12.355 -2.4513e-09
12.36 -1.04567e-09
12.365 1.57487e-10
12.37 1.10596e-09
12.375 1.75537e-09
12.38 2.09038e-09
12.385 2.15092e-09
12.39 1.95389e-09
12.395 1.58967e-09
12.4 1.11944e-09
12.405 6.26441e-10
12.41 2.05491e-10
12.415 -9.03569e-11
12.42 -1.84205e-10
12.425 -4.39697e-11
12.43 3.51058e-10
12.435 9.98835e-10
12.44 1.87719e-09
12.445 2.93095e-09
12.45 4.10626e-09
12.455 5.32565e-09
12.46 6.49536e-09
12.465 7.55461e-09
12.47 8.40202e-09
12.475 8.99234e-09
12.48 9.26998e-09
12.485 9.20687e-09
12.49 8.80969e-09
12.495 8.07877e-09
12.5 7.07445e-09
12.505 5.82223e-09
12.51 4.40853e-09
12.515 2.88274e-09
12.52 1.30863e-09
12.525 -2.35852e-10
12.53 -1.73918e-09
12.535 -3.11834e-09
12.54 -4.38095e-09
12.545 -5.48921e-09
12.55 -6.41994e-09
12.555 -7.18711e-09
12.56 -7.74181e-09
12.565 -8.10571e-09
12.57 -8.23734e-09
12.575 -8.13874e-09
12.58 -7.79517e-09
12.585 -7.19485e-09
12.59 -6.36106e-09
12.595 -5.28542e-09
12.6 -4.03282e-09
12.605 -2.61818e-09
12.61 -1.12873e-09
12.615 3.76141e-10
12.62 1.82906e-09
12.625 3.12204e-09
12.63 4.23465e-09
12.635 5.05684e-09
12.64 5.58926e-09
12.645 5.80254e-09
12.65 5.67706e-09
12.655 5.29145e-09
12.66 4.63215e-09
12.665 3.80527e-09
12.67 2.86956e-09
12.675 1.88186e-09
12.68 9.50683e-10
12.685 1.04914e-10
12.69 -5.84927e-10
12.695 -1.08852e-09
12.7 -1.40051e-09
12.705 -1.51457e-09
12.71 -1.45677e-09
12.715 -1.2692e-09
12.72 -9.85484e-10
12.725 -6.6818e-10
12.73 -3.72195e-10
12.735 -1.28993e-10
12.74 -8.48386e-12
12.745 -1.64454e-11
12.75 -1.81214e-10
12.755 -5.14768e-10
12.76 -9.85807e-10
12.765 -1.59313e-09
12.77 -2.28559e-09
12.775 -3.02518e-09
12.78 -3.76257e-09
12.785 -4.44444e-09
12.79 -5.02035e-09
12.795 -5.44973e-09
12.8 -5.69639e-09
12.805 -5.73229e-09
12.81 -5.56246e-09
12.815 -5.16906e-09
12.82 -4.59399e-09
12.825 -3.84752e-09
12.83 -2.97144e-09
12.835 -2.02183e-09
12.84 -1.01052e-09
12.845 -1.9369e-11
12.85 9.51792e-10
12.855 1.85269e-09
12.86 2.65844e-09
12.865 3.37572e-09
12.87 3.95955e-09
12.875 4.44013e-09
12.88 4.78291e-09
12.885 5.00309e-09
12.89 5.09056e-09
12.895 5.03376e-09
12.9 4.84776e-09
12.905 4.5005e-09
12.91 4.03031e-09
12.915 3.40779e-09
12.92 2.67457e-09
12.925 1.84797e-09
12.93 9.39778e-10
12.935 3.11244e-11
12.94 -8.8377e-10
12.945 -1.71817e-09
12.95 -2.44642e-09
12.955 -3.03385e-09
12.96 -3.43034e-09
12.965 -3.6443e-09
12.97 -3.64405e-09
12.975 -3.46553e-09
12.98 -3.10727e-09
12.985 -2.6222e-09
12.99 -2.04657e-09
12.995 -1.41517e-09
13 -8.06265e-10
13.005 -2.21129e-10
13.01 2.63653e-10
13.015 6.44793e-10
13.02 9.09138e-10
13.025 1.02855e-09
13.03 1.0502e-09
13.035 9.5708e-10
13.04 7.97765e-10
13.045 6.03786e-10
13.05 3.92226e-10
13.055 2.2051e-10
13.06 9.93124e-11
13.065 5.53514e-11
13.07 1.14582e-10
13.075 2.65799e-10
13.08 5.17883e-10
13.085 8.61188e-10
13.09 1.25834e-09
13.095 1.7105e-09
13.1 2.16404e-09
13.105 2.59551e-09
13.11 2.98605e-09
13.115 3.27704e-09
13.12 3.47866e-09
13.125 3.5483e-09
13.13 3.48344e-09
13.135 3.29227e-09
13.14 2.96333e-09
13.145 2.52988e-09
13.15 2.00015e-09
13.155 1.40758e-09
13.16 7.73808e-10
13.165 1.35254e-10
13.17 -4.92368e-10
13.175 -1.07887e-09
13.18 -1.60472e-09
13.185 -2.07368e-09
13.19 -2.44667e-09
13.195 -2.75682e-09
13.2 -2.97117e-09
13.205 -3.10284e-09
13.21 -3.16335e-09
13.215 -3.11895e-09
13.22 -3.01717e-09
13.225 -2.81086e-09
13.23 -2.53352e-09
13.235 -2.18135e-09
13.24 -1.74175e-09
13.245 -1.26374e-09
13.25 -7.20079e-10
13.255 -1.67661e-10
13.26 3.9178e-10
13.265 9.23094e-10
13.27 1.39401e-09
13.275 1.79568e-09
13.28 2.08005e-09
13.285 2.26553e-09
13.29 2.31091e-09
13.295 2.24392e-09
13.3 2.06323e-09
13.305 1.7791e-09
13.31 1.44161e-09
13.315 1.0407e-09
13.32 6.47873e-10
13.325 2.58999e-10
13.33 -8.52842e-11
13.335 -3.56517e-10
13.34 -5.70005e-10
13.345 -6.81231e-10
13.35 -7.28275e-10
13.355 -6.98453e-10
13.36 -6.11004e-10
13.365 -4.9595e-10
13.37 -3.57085e-10
13.375 -2.34116e-10
13.38 -1.32799e-10
13.385 -8.03761e-11
13.39 -8.06337e-11
13.395 -1.45497e-10
13.4 -2.74567e-10
13.405 -4.56255e-10
13.41 -6.93423e-10
13.415 -9.54899e-10
13.42 -1.23503e-09
13.425 -1.51219e-09
13.43 -1.75686e-09
13.435 -1.96543e-09
13.44 -2.1112e-09
13.445 -2.17782e-09
13.45 -2.17585e-09
13.455 -2.07745e-09
13.46 -1.89987e-09
13.465 -1.65732e-09
13.47 -1.33091e-09
13.475 -9.77271e-10
13.48 -5.80234e-10
13.485 -1.68002e-10
13.49 2.24711e-10
13.495 6.17351e-10
13.5 9.56947e-10
13.505 1.26394e-09
13.51 1.51688e-09
13.515 1.70963e-09
13.52 1.85652e-09
13.525 1.93577e-09
13.53 1.97157e-09
13.535 1.94759e-09
13.54 1.87858e-09
13.545 1.75697e-09
13.55 1.59145e-09
13.555 1.38103e-09
13.56 1.12373e-09
13.565 8.43578e-10
13.57 5.15982e-10
13.575 1.90631e-10
13.58 -1.53292e-10
13.585 -4.85818e-10
13.59 -7.78555e-10
13.595 -1.05435e-09
13.6 -1.24506e-09
13.605 -1.39099e-09
13.61 -1.45274e-09
13.615 -1.43203e-09
13.62 -1.35592e-09
13.625 -1.19153e-09
13.63 -9.97875e-10
13.635 -7.53311e-10
13.64 -4.9885e-10
13.645 -2.49297e-10
13.65 -9.57868e-12
13.655 1.81455e-10
13.66 3.4251e-10
13.665 4.38333e-10
13.67 4.92168e-10
13.675 4.92219e-10
13.68 4.50429e-10
13.685 3.86997e-10
13.69 2.94834e-10
13.695 2.16105e-10
13.7 1.3444e-10
13.705 8.65494e-11
13.71 6.84822e-11
13.715 8.23183e-11
13.72 1.50429e-10
13.725 2.39758e-10
13.73 3.76336e-10
13.735 5.31032e-10
13.74 6.96945e-10
13.745 8.74372e-10
13.75 1.02922e-09
13.755 1.17002e-09
13.76 1.27403e-09
13.765 1.33219e-09
13.77 1.34746e-09
13.775 1.30535e-09
13.78 1.21183e-09
13.785 1.07298e-09
13.79 8.84998e-10
13.795 6.67547e-10
13.8 4.24658e-10
13.805 1.66598e-10
13.81 -8.7852e-11
13.815 -3.37818e-10
13.82 -5.63213e-10
13.825 -7.6615e-10
13.83 -9.32187e-10
13.835 -1.06433e-09
13.84 -1.15939e-09
13.845 -1.21231e-09
13.85 -1.23859e-09
13.855 -1.21764e-09
13.86 -1.17921e-09
13.865 -1.10099e-09
13.87 -9.96439e-10
13.875 -8.77134e-10
13.88 -7.13516e-10
13.885 -5.54179e-10
13.89 -3.58309e-10
13.895 -1.58174e-10
13.9 3.8985e-11
13.905 2.52816e-10
13.91 4.31275e-10
13.915 6.07073e-10
13.92 7.43454e-10
13.925 8.4165e-10
13.93 9.01579e-10
13.935 9.08055e-10
13.94 8.74473e-10
13.945 7.90783e-10
13.95 6.81031e-10
13.955 5.30375e-10
13.96 3.78377e-10
13.965 2.12477e-10
13.97 5.22401e-11
13.975 -7.44761e-11
13.98 -2.02159e-10
13.985 -2.69649e-10
13.99 -3.23809e-10
13.995 -3.41105e-10
14 -3.16734e-10
14.005 -2.93872e-10
14.01 -2.29672e-10
14.015 -1.81053e-10
14.02 -1.24651e-10
14.025 -7.93106e-11
14.03 -6.21917e-11
14.035 -5.19216e-11
14.04 -8.41623e-11
14.045 -1.27452e-10
14.05 -2.01324e-10
14.055 -2.91911e-10
14.06 -3.90636e-10
14.065 -5.00059e-10
14.07 -5.98689e-10
14.075 -6.93796e-10
14.08 -7.61651e-10
14.085 -8.13124e-10
14.09 -8.29516e-10
14.095 -8.13819e-10
14.1 -7.7197e-10
14.105 -6.86955e-10
14.11 -5.85095e-10
14.115 -4.51983e-10
14.12 -3.02287e-10
14.125 -1.4638e-10
14.13 2.03683e-11
14.135 1.76236e-10
14.14 3.25825e-10
14.145 4.59544e-10
14.15 5.68873e-10
14.155 6.60792e-10
14.16 7.23129e-10
14.165 7.61539e-10
14.17 7.79492e-10
14.175 7.66925e-10
14.18 7.43066e-10
14.185 6.92875e-10
14.19 6.2818e-10
14.195 5.53858e-10
14.2 4.5406e-10
14.205 3.58417e-10
14.21 2.40212e-10
14.215 1.21257e-10
14.22 2.07329e-12
14.225 -1.27214e-10
14.23 -2.36903e-10
14.235 -3.49585e-10
14.24 -4.36081e-10
14.245 -5.07587e-10
14.25 -5.52732e-10
14.255 -5.67013e-10
14.26 -5.60853e-10
14.265 -5.14045e-10
14.27 -4.59229e-10
14.275 -3.68109e-10
14.28 -2.75228e-10
14.285 -1.741e-10
14.29 -6.38066e-11
14.295 1.76162e-11
14.3 1.10519e-10
14.305 1.62895e-10
14.31 2.05906e-10
14.315 2.29808e-10
14.32 2.19113e-10
14.325 2.13196e-10
14.33 1.74004e-10
14.335 1.43457e-10
14.34 1.05424e-10
14.345 7.11594e-11
14.35 5.24683e-11
14.355 3.85628e-11
14.36 5.02006e-11
14.365 6.6058e-11
14.37 1.10826e-10
14.375 1.5523e-10
14.38 2.17578e-10
14.385 2.85189e-10
14.39 3.41062e-10
14.395 4.12877e-10
14.4 4.4994e-10
14.405 4.93352e-10
14.41 5.10421e-10
14.415 5.01619e-10
14.42 4.9175e-10
14.425 4.35941e-10
14.43 3.83769e-10
14.435 3.04323e-10
14.44 2.09666e-10
14.445 1.19716e-10
14.45 9.76882e-12
14.455 -8.71574e-11
14.46 -1.83725e-10
14.465 -2.72555e-10
14.47 -3.45597e-10
14.475 -4.06127e-10
14.48 -4.51237e-10
14.485 -4.78445e-10
14.49 -4.89038e-10
14.495 -4.88286e-10
14.5 -4.67342e-10
14.505 -4.39643e-10
14.51 -3.9954e-10
14.515 -3.47247e-10
14.52 -2.93301e-10
14.525 -2.27444e-10
14.53 -1.58623e-10
14.535 -8.88629e-11
14.54 -1.1175e-11
14.545 6.00711e-11
14.55 1.31668e-10
14.555 2.00715e-10
14.56 2.53271e-10
14.565 3.05336e-10
14.57 3.34247e-10
14.575 3.51443e-10
14.58 3.54274e-10
14.585 3.30295e-10
14.59 3.04834e-10
14.595 2.50157e-10
14.6 1.9674e-10
14.605 1.33845e-10
14.61 6.272e-11
14.615 9.06029e-12
14.62 -5.53932e-11
14.625 -9.34917e-11
14.63 -1.29394e-10
14.635 -1.48308e-10
14.64 -1.49997e-10
14.645 -1.50274e-10
14.65 -1.25672e-10
14.655 -1.1278e-10
14.66 -8.17712e-11
14.665 -6.12695e-11
14.67 -4.52807e-11
14.675 -2.78424e-11
14.68 -3.48043e-11
14.685 -3.42755e-11
14.69 -6.0449e-11
14.695 -8.2858e-11
14.7 -1.18872e-10
14.705 -1.60528e-10
14.71 -1.93493e-10
14.715 -2.42538e-10
14.72 -2.63957e-10
14.725 -2.98759e-10
14.73 -3.10133e-10
14.735 -3.09916e-10
14.74 -3.10105e-10
14.745 -2.7509e-10
14.75 -2.51986e-10
14.755 -1.99789e-10
14.76 -1.46751e-10
14.765 -9.06627e-11
14.77 -2.01932e-11
14.775 3.69286e-11
14.78 1.04226e-10
14.785 1.57012e-10
14.79 2.09626e-10
14.795 2.4798e-10
14.8 2.79409e-10
14.805 3.01433e-10
14.81 3.05118e-10
14.815 3.12651e-10
14.82 2.93829e-10
14.825 2.81155e-10
14.83 2.54958e-10
14.835 2.18626e-10
14.84 1.91449e-10
14.845 1.41992e-10
14.85 1.06432e-10
14.855 6.0652e-11
14.86 1.15649e-11
14.865 -2.57763e-11
14.87 -7.64389e-11
14.875 -1.13027e-10
14.88 -1.48371e-10
14.885 -1.82774e-10
14.89 -1.9999e-10
14.895 -2.16732e-10
14.9 -2.2041e-10
14.905 -2.1046e-10
14.91 -1.97756e-10
14.915 -1.68739e-10
14.92 -1.36058e-10
14.925 -9.90682e-11
14.93 -5.56838e-11
14.935 -1.72044e-11
14.94 2.12835e-11
14.945 5.28769e-11
14.95 7.79039e-11
14.955 9.27682e-11
14.96 1.02438e-10
14.965 9.97079e-11
14.97 9.24941e-11
14.975 8.2844e-11
14.98 6.12588e-11
14.985 5.36094e-11
14.99 3.28701e-11
14.995 2.54367e-11
15 2.44719e-11
15.005 1.67576e-11
15.01 3.70686e-11
15.015 4.0652e-11
15.02 6.54063e-11
15.025 8.98758e-11
15.03 1.07137e-10
15.035 1.41803e-10
15.04 1.53952e-10
15.045 1.7894e-10
15.05 1.87028e-10
15.055 1.92246e-10
15.06 1.91754e-10
15.065 1.75059e-10
15.07 1.63761e-10
15.075 1.28638e-10
15.08 1.04576e-10
15.085 6.27824e-11
15.09 2.4009e-11
15.095 -1.19734e-11
15.1 -5.97329e-11
15.105 -8.61432e-11
15.11 -1.2873e-10
15.115 -1.48896e-10
15.12 -1.72567e-10
15.125 -1.89519e-10
15.13 -1.89552e-10
15.135 -2.00571e-10
15.14 -1.84331e-10
15.145 -1.81482e-10
15.15 -1.61675e-10
15.155 -1.40577e-10
15.16 -1.23671e-10
15.165 -8.95519e-11
15.17 -7.27683e-11
15.175 -3.70712e-11
15.18 -1.39184e-11
15.185 1.33772e-11
15.19 4.43113e-11
15.195 6.15876e-11
15.2 9.19925e-11
15.205 1.04325e-10
15.21 1.22542e-10
15.215 1.32487e-10
15.22 1.33386e-10
15.225 1.36112e-10
15.23 1.2366e-10
15.235 1.12729e-10
15.24 9.25004e-11
15.245 7.05026e-11
15.25 4.46958e-11
15.255 1.96556e-11
15.26 -4.43323e-12
15.265 -2.92072e-11
15.27 -4.23321e-11
15.275 -6.01047e-11
15.28 -6.52402e-11
15.285 -6.5544e-11
15.29 -6.80236e-11
15.295 -5.51297e-11
15.3 -4.98947e-11
15.305 -4.00457e-11
15.31 -2.5389e-11
15.315 -2.42918e-11
15.32 -1.35492e-11
15.325 -1.38078e-11
15.33 -2.01171e-11
15.335 -1.97642e-11
15.34 -3.7988e-11
15.345 -4.61555e-11
15.35 -6.14263e-11
15.355 -8.06288e-11
15.36 -8.88045e-11
15.365 -1.06955e-10
15.37 -1.11751e-10
15.375 -1.18218e-10
15.38 -1.18029e-10
15.385 -1.11878e-10
15.39 -1.03132e-10
15.395 -8.58626e-11
15.4 -7.04916e-11
15.405 -4.32516e-11
15.41 -2.49159e-11
15.415 5.33289e-12
15.42 2.83709e-11
15.425 4.93203e-11
15.43 7.84292e-11
15.435 8.5522e-11
15.44 1.11186e-10
15.445 1.13677e-10
15.45 1.20488e-10
15.455 1.28122e-10
15.46 1.13588e-10
15.465 1.20409e-10
15.47 9.99141e-11
15.475 9.27337e-11
15.48 7.93088e-11
15.485 5.73462e-11
15.49 4.93131e-11
15.495 2.277e-11
15.5 1.3353e-11
15.505 -9.03861e-12
15.51 -2.28783e-11
15.515 -3.72333e-11
15.52 -5.47149e-11
15.525 -6.00752e-11
15.53 -7.76196e-11
15.535 -7.56179e-11
15.54 -8.63092e-11
15.545 -8.23401e-11
15.55 -7.76269e-11
15.555 -7.68806e-11
15.56 -5.59016e-11
15.565 -5.4663e-11
15.57 -3.01888e-11
15.575 -1.8373e-11
15.58 -5.17442e-12
15.585 1.76687e-11
15.59 1.95978e-11
15.595 3.88632e-11
15.6 3.96143e-11
15.605 4.37444e-11
15.61 4.60371e-11
15.615 3.82205e-11
15.62 3.83301e-11
15.625 2.69276e-11
15.63 2.42517e-11
15.635 1.57582e-11
15.64 1.18734e-11
15.645 1.11904e-11
15.65 7.89169e-12
15.655 1.52107e-11
15.66 1.65959e-11
15.665 2.59985e-11
15.67 3.51769e-11
15.675 4.2296e-11
15.68 5.4351e-11
15.685 6.04757e-11
15.69 6.76055e-11
15.695 7.19188e-11
15.7 7.21479e-11
15.705 7.09412e-11
15.71 6.4827e-11
15.715 5.7112e-11
15.72 4.56678e-11
15.725 3.2289e-11
15.73 1.81307e-11
15.735 1.22646e-12
15.74 -1.29184e-11
15.745 -3.00637e-11
15.75 -4.21642e-11
15.755 -5.50355e-11
15.76 -6.60345e-11
15.765 -6.92033e-11
15.77 -7.96258e-11
15.775 -7.48167e-11
15.78 -7.73695e-11
15.785 -7.47101e-11
15.79 -6.24738e-11
15.795 -6.4632e-11
15.8 -4.57621e-11
15.805 -4.17225e-11
15.81 -3.08494e-11
15.815 -1.44899e-11
15.82 -1.21278e-11
15.825 7.11688e-12
15.83 1.10369e-11
15.835 2.32399e-11
15.84 3.16325e-11
15.845 3.72702e-11
15.85 4.55938e-11
15.855 4.65333e-11
15.86 5.39654e-11
15.865 4.75639e-11
15.87 5.38071e-11
15.875 4.39127e-11
15.88 3.98038e-11
15.885 3.73279e-11
15.89 1.77326e-11
15.895 2.17176e-11
15.9 -1.51884e-13
15.905 -3.26031e-12
15.91 -1.06413e-11
15.915 -2.58364e-11
15.92 -1.85624e-11
15.925 -3.43203e-11
15.93 -2.56477e-11
15.935 -2.86528e-11
15.94 -2.74904e-11
15.945 -1.78081e-11
15.95 -2.15587e-11
15.955 -9.14745e-12
15.96 -1.26007e-11
15.965 -5.29121e-12
15.97 -7.01703e-12
15.975 -8.01161e-12
15.98 -7.2774e-12
15.985 -1.72615e-11
15.99 -1.42585e-11
15.995 -2.8224e-11
16 -2.75951e-11
16.005 -3.57297e-11
16.01 -4.22474e-11
16.015 -3.87828e-11
16.02 -4.96627e-11
16.025 -3.94269e-11
16.03 -4.36763e-11
16.035 -3.7342e-11
16.04 -2.7217e-11
16.045 -2.70124e-11
16.05 -9.36481e-12
16.055 -6.20467e-12
16.06 6.35689e-12
16.065 1.74657e-11
16.07 2.23574e-11
16.075 3.51921e-11
16.08 3.78251e-11
16.085 4.47207e-11
16.09 4.805e-11
16.095 4.77717e-11
16.1 4.95642e-11
16.105 4.57939e-11
16.11 4.3101e-11
16.115 3.85519e-11
16.12 3.21937e-11
16.125 2.65577e-11
16.13 1.92565e-11
16.135 1.26432e-11
16.14 5.15176e-12
16.145 -7.38063e-13
16.15 -7.94818e-12
16.155 -1.37208e-11
16.16 -1.7542e-11
16.165 -2.50232e-11
16.17 -2.50197e-11
16.175 -3.05137e-11
16.18 -3.17439e-11
16.185 -2.98302e-11
16.19 -3.38154e-11
16.195 -2.66571e-11
16.2 -2.77636e-11
16.205 -2.16028e-11
16.21 -1.61715e-11
16.215 -1.27164e-11
16.22 -3.07496e-12
16.225 -1.64021e-12
16.23 9.24337e-12
16.235 8.85051e-12
16.24 1.65056e-11
16.245 1.83716e-11
16.25 1.58854e-11
16.255 2.37557e-11
16.26 1.22826e-11
16.265 1.95175e-11
16.27 1.16386e-11
16.275 8.14346e-12
16.28 1.19655e-11
16.285 3.10432e-14
16.29 9.32012e-12
16.295 1.13252e-12
16.3 5.992e-12
16.305 8.43817e-12
16.31 7.14536e-12
16.315 1.66513e-11
16.32 1.32975e-11
16.325 2.3623e-11
16.33 2.06122e-11
16.335 2.75277e-11
16.34 2.67708e-11
16.345 2.53358e-11
16.35 3.00662e-11
16.355 1.80014e-11
16.36 2.59182e-11
16.365 1.10517e-11
16.37 1.11316e-11
16.375 6.81251e-12
16.38 -8.41446e-12
16.385 -8.10894e-13
16.39 -2.05245e-11
16.395 -1.64514e-11
16.4 -2.27401e-11
16.405 -3.12916e-11
16.41 -2.42727e-11
16.415 -3.51916e-11
16.42 -2.77666e-11
16.425 -3.08409e-11
16.43 -2.7583e-11
16.435 -2.39615e-11
16.44 -2.26427e-11
16.445 -1.51651e-11
16.45 -1.56198e-11
16.455 -5.51068e-12
16.46 -6.60036e-12
16.465 1.56332e-12
16.47 4.90703e-12
16.475 5.42479e-12
16.48 1.52018e-11
16.485 1.01583e-11
16.49 1.90338e-11
16.495 1.77129e-11
16.5 1.72561e-11
16.505 2.30547e-11
16.51 1.57203e-11
16.515 2.0767e-11
16.52 1.62174e-11
16.525 1.28427e-11
16.53 1.40285e-11
16.535 5.45618e-12
16.54 6.0303e-12
16.545 5.8349e-13
16.55 -4.11967e-12
16.555 -4.1201e-12
16.56 -1.0738e-11
16.565 -9.62467e-12
16.57 -1.2061e-11
16.575 -1.3223e-11
16.58 -1.05719e-11
16.585 -1.22276e-11
16.59 -8.37075e-12
16.595 -8.12923e-12
16.6 -5.68113e-12
16.605 -4.19856e-12
16.61 -3.55734e-12
16.615 -2.21057e-12
16.62 -3.72918e-12
16.625 -2.56452e-12
16.63 -6.72645e-12
16.635 -5.47966e-12
16.64 -1.032e-11
16.645 -1.15408e-11
16.65 -1.19033e-11
16.655 -1.80916e-11
16.66 -1.2807e-11
16.665 -1.96414e-11
16.67 -1.47481e-11
16.675 -1.4665e-11
16.68 -1.54275e-11
16.685 -6.73504e-12
16.69 -1.13086e-11
16.695 3.97197e-14
16.7 -1.78722e-12
16.705 4.42589e-12
16.71 9.8064e-12
16.715 7.9201e-12
16.72 1.86308e-11
16.725 1.23714e-11
16.73 2.14792e-11
16.735 1.76678e-11
16.74 1.87912e-11
16.745 2.14623e-11
16.75 1.33852e-11
16.755 2.12044e-11
16.76 8.89143e-12
16.765 1.45989e-11
16.77 8.14643e-12
16.775 3.14331e-12
16.78 7.97075e-12
16.785 -5.66867e-12
16.79 2.58881e-12
16.795 -7.60434e-12
16.8 -6.53589e-12
16.805 -6.81438e-12
16.81 -1.32058e-11
16.815 -7.45033e-12
16.82 -1.55746e-11
16.825 -8.67691e-12
16.83 -1.47629e-11
16.835 -1.00735e-11
16.84 -9.88697e-12
16.845 -1.23448e-11
16.85 -2.33152e-12
16.855 -1.15898e-11
16.86 1.46507e-12
16.865 -3.17342e-12
16.87 -6.22221e-13
16.875 8.01649e-12
16.88 -1.25115e-12
16.885 1.18467e-11
16.89 4.54084e-12
16.895 7.65602e-12
16.9 1.06258e-11
16.905 3.6119e-12
16.91 1.0091e-11
16.915 3.36626e-12
16.92 5.17082e-12
16.925 3.70098e-12
16.93 1.62336e-12
16.935 2.84426e-12
16.94 9.08007e-13
16.945 2.96726e-12
16.95 1.50672e-12
16.955 5.08994e-12
16.96 3.8815e-12
16.965 6.50794e-12
16.97 8.85141e-12
16.975 6.4993e-12
16.98 1.2334e-11
16.985 8.35899e-12
16.99 1.00774e-11
16.995 1.15458e-11
17 5.30124e-12
17.005 9.9765e-12
17.01 3.63843e-12
17.015 2.01706e-12
17.02 3.19391e-12
17.025 -5.4369e-12
17.03 -1.70629e-12
17.035 -7.49186e-12
17.04 -9.57714e-12
17.045 -7.80341e-12
17.05 -1.3737e-11
17.055 -1.01804e-11
17.06 -1.29386e-11
17.065 -1.20053e-11
17.07 -1.09427e-11
17.075 -1.07595e-11
17.08 -8.49959e-12
17.085 -8.19793e-12
17.09 -4.63421e-12
17.095 -5.37426e-12
17.1 -6.28109e-13
17.105 -1.62882e-12
17.11 1.8978e-12
17.115 3.24514e-12
17.12 2.41285e-12
17.125 8.23807e-12
17.13 2.64847e-12
17.135 1.00156e-11
17.14 5.7375e-12
17.145 6.88264e-12
17.15 1.03365e-11
17.155 2.86041e-12
17.16 1.12739e-11
17.165 2.15711e-12
17.17 6.84353e-12
17.175 4.09468e-12
17.18 -3.66171e-14
17.185 5.30172e-12
17.19 -5.13092e-12
17.195 2.87875e-12
17.2 -5.7136e-12
17.205 -3.00635e-12
17.21 -2.87584e-12
17.215 -8.56712e-12
17.22 -3.31434e-13
17.225 -9.81879e-12
17.23 -6.74783e-13
17.235 -6.03907e-12
17.24 -3.47885e-12
17.245 -8.68893e-14
17.25 -6.19077e-12
17.255 3.75148e-12
17.26 -6.10306e-12
17.265 2.29762e-12
17.27 -2.48738e-12
17.275 -3.61637e-12
17.28 1.40586e-12
17.285 -8.7347e-12
17.29 8.66881e-13
17.295 -8.73832e-12
17.3 -4.30229e-12
17.305 -5.03823e-12
17.31 -9.21671e-12
17.315 -1.89522e-12
17.32 -9.68235e-12
17.325 -1.17542e-12
17.33 -5.56278e-12
17.335 -1.87853e-12
17.34 7.34378e-13
17.345 -2.05727e-12
17.35 6.02137e-12
17.355 1.10398e-13
17.36 7.86918e-12
17.365 4.83177e-12
17.37 6.2436e-12
17.375 1.00106e-11
17.38 3.75474e-12
17.385 1.16671e-11
17.39 4.36313e-12
17.395 7.23733e-12
17.4 7.79201e-12
17.405 1.27366e-12
17.41 7.59032e-12
17.415 3.37411e-13
17.42 1.69094e-12
17.425 2.1895e-12
17.43 -3.27977e-12
17.435 5.02057e-13
17.44 -3.34144e-12
17.445 -3.7541e-12
17.45 -2.64914e-12
17.455 -5.25485e-12
17.46 -4.27158e-12
17.465 -4.44068e-12
17.47 -4.83818e-12
17.475 -4.95183e-12
17.48 -3.11217e-12
17.485 -4.82573e-12
17.49 -2.94577e-12
17.495 -1.32337e-12
17.5 -4.12399e-12
17.505 1.7965e-12
17.51 -1.91784e-12
17.515 7.45214e-13
17.52 3.53135e-12
17.525 -1.22257e-12
17.53 6.12248e-12
17.535 8.84265e-13
17.54 3.40607e-12
17.545 4.87577e-12
17.55 5.02134e-13
17.555 5.16012e-12
17.56 8.24436e-13
17.565 2.47159e-12
17.57 1.45853e-12
17.575 1.06318e-12
17.58 6.63826e-13
17.585 9.24665e-13
17.59 1.10756e-12
17.595 -3.4701e-13
17.6 3.87671e-12
17.605 -1.3696e-12
17.61 5.19169e-12
17.615 1.50468e-12
17.62 2.26729e-12
17.625 7.05933e-12
17.63 -1.30905e-12
17.635 8.91348e-12
17.64 -1.58293e-13
17.645 3.97448e-12
17.65 4.41745e-12
17.655 -2.66785e-12
17.66 6.02181e-12
17.665 -5.19121e-12
17.67 2.32399e-12
17.675 -3.5488e-12
17.68 -3.85324e-12
17.685 -6.80643e-13
17.69 -8.69081e-12
17.695 3.88478e-13
17.7 -9.21962e-12
17.705 -1.93428e-12
17.71 -5.24178e-12
17.715 -6.07827e-12
17.72 3.18488e-14
17.725 -8.22072e-12
17.73 2.44861e-12
17.735 -5.65103e-12
17.74 6.71102e-13
17.745 2.65779e-13
17.75 -2.54672e-12
17.755 5.38669e-12
17.76 -3.52085e-12
17.765 6.46433e-12
17.77 -4.68104e-13
17.775 3.10038e-12
17.78 4.9337e-12
17.785 -1.12804e-12
17.79 7.81347e-12
17.795 -1.55648e-12
17.8 5.41573e-12
17.805 1.74941e-12
17.81 5.88116e-13
17.815 4.58331e-12
17.82 -2.47163e-12
17.825 4.20465e-12
17.83 -2.4651e-12
17.835 8.89713e-13
17.84 -3.1039e-13
17.845 -3.27356e-12
17.85 1.41426e-12
17.855 -4.92665e-12
17.86 2.72922e-13
17.865 -3.03601e-12
17.87 -2.45107e-12
17.875 -3.27222e-13
17.88 -3.78054e-12
17.885 8.13133e-13
17.89 -2.86358e-12
17.895 1.03693e-13
17.9 -4.6018e-13
17.905 -1.83097e-12
17.91 1.71476e-12
17.915 -2.90245e-12
17.92 9.81134e-13
17.925 -1.26917e-12
17.93 -2.4963e-12
17.935 8.06351e-13
17.94 -4.43301e-12
17.945 -3.12866e-13
17.95 -2.59912e-12
17.955 -3.41591e-12
17.96 -1.10875e-13
17.965 -4.15973e-12
17.97 -9.82325e-14
17.975 -1.63689e-12
17.98 -1.11056e-12
17.985 9.50536e-13
17.99 -3.9784e-13
17.995 1.82834e-12
18 1.32353e-12
18.005 2.59496e-12
18.01 1.87019e-12
18.015 3.87119e-12
18.02 1.97422e-12
18.025 3.42261e-12
18.03 3.7434e-12
18.035 5.90371e-13
18.04 5.50608e-12
18.045 -7.74408e-13
18.05 3.26652e-12
18.055 1.71471e-12
18.06 -1.62531e-12
18.065 3.7251e-12
18.07 -3.27961e-12
18.075 1.38761e-12
18.08 -1.36793e-12
18.085 -1.76415e-12
18.09 -5.81244e-13
18.095 -2.50218e-12
18.1 -7.75155e-13
18.105 -3.48928e-12
18.11 7.71403e-13
18.115 -4.99464e-12
18.12 1.10405e-12
18.125 -2.48933e-12
18.13 -3.06351e-12
18.135 3.44827e-12
18.14 -6.91488e-12
18.145 5.35047e-12
18.15 -3.74395e-12
18.155 1.14431e-13
18.16 4.0862e-12
18.165 -5.46028e-12
18.17 7.62095e-12
18.175 -4.1324e-12
18.18 3.72375e-12
18.185 1.89642e-12
18.19 -1.78019e-12
18.195 5.72178e-12
18.2 -3.64377e-12
18.205 5.12698e-12
18.21 -2.14993e-12
18.215 1.9746e-12
18.22 9.49471e-13
18.225 -1.9412e-12
18.23 4.14069e-12
18.235 -4.3749e-12
18.24 4.89263e-12
18.245 -2.73235e-12
18.25 1.66023e-12
18.255 2.43841e-12
18.26 -2.81652e-12
18.265 6.26284e-12
18.27 -3.57206e-12
18.275 4.79466e-12
18.28 2.26472e-13
18.285 -2.32989e-14
18.29 4.27623e-12
18.295 -3.36728e-12
18.3 4.58316e-12
18.305 -2.84096e-12
18.31 9.9518e-13
18.315 5.01442e-14
18.32 -3.20858e-12
18.325 1.7951e-12
18.33 -4.68321e-12
18.335 6.83615e-13
18.34 -3.09006e-12
18.345 -2.0851e-12
18.35 -4.15018e-13
18.355 -4.05064e-12
18.36 8.60908e-13
18.365 -3.32502e-12
18.37 -2.03548e-13
18.375 -5.83457e-13
18.38 -1.77762e-12
18.385 1.49404e-12
18.39 -1.70394e-12
18.395 1.59684e-12
18.4 -4.61981e-14
18.405 5.07885e-13
18.41 1.88336e-12
18.415 -4.73185e-13
18.42 2.76013e-12
18.425 -1.70653e-13
18.43 1.70257e-12
18.435 1.60465e-12
18.44 -3.62928e-13
18.445 2.86736e-12
18.45 -9.52152e-13
18.455 1.79058e-12
18.46 3.94696e-13
18.465 -5.12879e-13
18.47 1.69799e-12
18.475 -1.8189e-12
18.48 1.30864e-12
18.485 -1.29005e-12
18.49 -4.14784e-13
18.495 -1.18309e-13
18.5 -1.73565e-12
18.505 3.46306e-13
18.51 -1.9654e-12
18.515 1.6838e-13
18.52 -1.44243e-12
18.525 -3.08292e-13
18.53 -6.11325e-13
18.535 -6.58643e-13
18.54 1.03276e-13
18.545 -1.11643e-12
18.55 1.18691e-12
18.555 -2.14699e-12
18.56 1.9465e-12
18.565 -1.87359e-12
18.57 -9.37563e-14
18.575 1.18071e-12
18.58 -3.88979e-12
18.585 3.47832e-12
18.59 -4.40936e-12
18.595 1.13348e-12
18.6 -4.59282e-13
18.605 -3.29403e-12
18.61 3.09061e-12
18.615 -4.55135e-12
18.62 2.88636e-12
18.625 -2.19205e-12
18.63 6.9945e-13
18.635 1.05163e-12
18.64 -1.47224e-12
18.645 3.90595e-12
18.65 -3.03097e-12
18.655 5.21821e-12
18.66 -2.23808e-12
18.665 2.78485e-12
18.67 2.21091e-12
18.675 -2.66479e-12
18.68 6.89753e-12
18.685 -5.5421e-12
18.69 5.89332e-12
18.695 -1.62825e-12
18.7 -1.19656e-12
18.705 5.17461e-12
18.71 -6.84652e-12
18.715 6.41596e-12
18.72 -4.63634e-12
18.725 5.49377e-13
18.73 1.59935e-12
18.735 -4.79519e-12
18.74 3.95079e-12
18.745 -4.65689e-12
18.75 1.9254e-12
18.755 -2.0816e-12
18.76 -3.72096e-13
18.765 8.21761e-14
18.77 -2.31719e-12
18.775 2.51302e-12
18.78 -4.17181e-12
18.785 3.65316e-12
18.79 -2.86202e-12
18.795 5.3775e-13
18.8 2.19533e-12
18.805 -3.94939e-12
18.81 5.22809e-12
18.815 -3.64042e-12
18.82 2.36492e-12
18.825 1.15763e-12
18.83 -2.22535e-12
18.835 4.2361e-12
18.84 -2.93266e-12
18.845 2.60162e-12
18.85 -9.65717e-14
18.855 -6.53233e-13
18.86 2.09078e-12
18.865 -1.76419e-12
18.87 1.70916e-12
18.875 -7.90709e-13
18.88 4.4323e-13
18.885 2.77438e-13
18.89 -3.43603e-13
18.895 1.1235e-12
18.9 -9.01068e-13
18.905 1.63377e-12
18.91 -4.96936e-13
18.915 6.48347e-13
18.92 1.2308e-12
18.925 -9.45364e-13
18.93 2.06192e-12
18.935 -8.39576e-13
18.94 7.10476e-13
18.945 5.65259e-13
18.95 -1.049e-12
18.955 1.19479e-12
18.96 -1.55694e-12
18.965 4.8294e-13
18.97 -9.64992e-13
18.975 -7.92948e-13
18.98 -5.57441e-14
18.985 -1.80043e-12
18.99 4.88627e-13
18.995 -1.90259e-12
19 1.837e-13
19.005 -9.13585e-13
19.01 -7.75239e-13
19.015 4.29601e-13
19.02 -1.39087e-12
19.025 1.02783e-12
19.03 -1.02677e-12
19.035 7.97929e-13
19.04 -2.3134e-13
19.045 4.02505e-13
19.05 5.19424e-13
19.055 -1.83194e-13
19.06 1.52572e-12
19.065 -1.15006e-12
19.07 2.38093e-12
19.075 -1.35713e-12
19.08 1.56203e-12
19.085 4.25374e-13
19.09 -1.1369e-12
19.095 3.07175e-12
19.1 -3.30648e-12
19.105 3.54267e-12
19.11 -2.20207e-12
19.115 4.47749e-13
19.12 1.6447e-12
19.125 -3.66697e-12
19.13 4.38281e-12
19.135 -4.69968e-12
19.14 2.95254e-12
19.145 -1.45035e-12
19.15 -1.62476e-12
19.155 3.18092e-12
19.16 -5.23257e-12
19.165 4.83639e-12
19.17 -4.32588e-12
19.175 1.75651e-12
19.18 3.58326e-13
19.185 -3.00187e-12
19.19 4.29247e-12
19.195 -4.99747e-12
19.2 4.2918e-12
19.205 -3.0764e-12
19.21 9.94332e-13
19.215 9.32443e-13
19.22 -3.25356e-12
19.225 4.46497e-12
19.23 -5.57472e-12
19.235 4.52778e-12
19.24 -3.25236e-12
19.245 -1.35392e-13
19.25 2.62321e-12
19.255 -5.55106e-12
19.26 6.04496e-12
19.265 -5.45269e-12
19.27 2.81768e-12
19.275 4.2321e-13
19.28 -3.08182e-12
19.285 5.0825e-12
19.29 -4.50637e-12
19.295 3.86707e-12
19.3 -1.0559e-12
19.305 1.17592e-13
19.31 2.05623e-12
19.315 -1.6736e-12
19.32 2.68567e-12
19.325 -1.7974e-12
19.33 2.31036e-12
19.335 -1.27768e-12
19.34 8.79171e-13
19.345 6.13875e-13
19.35 -1.79493e-12
19.355 2.78978e-12
19.36 -3.20218e-12
19.365 2.22898e-12
19.37 -1.04451e-12
19.375 -1.33052e-12
19.38 2.3986e-12
19.385 -3.5876e-12
19.39 2.42286e-12
19.395 -1.43706e-12
19.4 -1.01309e-12
19.405 1.95729e-12
19.41 -2.89738e-12
19.415 1.86462e-12
19.42 -8.15855e-13
19.425 -8.84703e-13
19.43 1.59814e-12
19.435 -1.65047e-12
19.44 8.99343e-13
19.445 1.69737e-13
19.45 -5.92852e-13
19.455 7.87868e-13
19.46 4.75305e-14
19.465 -2.14964e-13
19.47 6.79267e-13
19.475 2.06419e-13
19.48 -5.44396e-13
19.485 1.45285e-12
19.49 -9.82755e-13
19.495 5.62052e-13
19.5 7.68668e-13
19.505 -1.36204e-12
19.51 1.77608e-12
19.515 -1.20582e-12
19.52 5.10249e-13
19.525 3.99147e-13
19.53 -8.14354e-13
19.535 1.06556e-12
19.54 -7.73124e-13
19.545 7.15335e-13
19.55 -3.12864e-13
19.555 5.56348e-13
19.56 -2.77423e-13
19.565 5.52851e-13
19.57 1.32672e-13
19.575 -4.55493e-13
19.58 1.53163e-12
19.585 -1.91339e-12
19.59 2.12872e-12
19.595 -1.51942e-12
19.6 2.83641e-13
19.605 9.02277e-13
19.61 -2.43584e-12
19.615 2.71479e-12
19.62 -3.21217e-12
19.625 1.982e-12
19.63 -1.38834e-12
19.635 -6.71098e-13
19.64 1.60165e-12
19.645 -3.42759e-12
19.65 3.75589e-12
19.655 -4.12782e-12
19.66 2.78396e-12
19.665 -9.61776e-13
19.67 -1.72062e-12
19.675 4.09799e-12
19.68 -5.41671e-12
19.685 5.46177e-12
19.69 -3.61017e-12
19.695 1.2556e-12
19.7 1.91497e-12
19.705 -3.85129e-12
19.71 5.42162e-12
19.715 -5.00737e-12
19.72 4.17569e-12
19.725 -1.83954e-12
19.73 -2.54448e-13
19.735 2.79341e-12
19.74 -4.26158e-12
19.745 5.14176e-12
19.75 -4.62595e-12
19.755 3.23147e-12
19.76 -1.05503e-12
19.765 -1.41647e-12
19.77 3.42515e-12
19.775 -4.86926e-12
19.78 4.85767e-12
19.785 -4.0772e-12
19.79 1.92305e-12
19.795 1.76144e-13
19.8 -2.64903e-12
19.805 3.96758e-12
19.81 -4.79633e-12
19.815 4.08018e-12
19.82 -2.79936e-12
19.825 5.26861e-13
19.83 1.58797e-12
19.835 -3.50253e-12
19.84 4.30079e-12
19.845 -4.07122e-12
19.85 2.6196e-12
19.855 -6.2749e-13
19.86 -1.52813e-12
19.865 2.89538e-12
19.87 -3.46482e-12
19.875 2.72033e-12
19.88 -1.59294e-12
19.885 -7.50712e-14
19.89 1.00384e-12
19.895 -1.71192e-12
19.9 1.4551e-12
19.905 -1.20439e-12
19.91 6.74924e-13
19.915 -4.1687e-13
19.92 2.44186e-13
19.925 1.15338e-13
19.93 -3.64639e-13
19.935 1.12494e-12
19.94 -1.21527e-12
19.945 1.52279e-12
19.95 -5.72866e-13
19.955 -6.01013e-14
19.96 1.4632e-12
19.965 -1.6925e-12
19.97 1.79253e-12
19.975 -5.91184e-13
19.98 -4.65931e-13
19.985 1.59334e-12
19.99 -1.77003e-12
19.995 1.22022e-12
20 -1.84875e-13
20.005 -9.32212e-13
20.01 1.27652e-12
20.015 -1.20111e-12
20.02 2.192e-13
20.025 4.1358e-13
20.03 -1.08765e-12
20.035 6.51254e-13
20.04 -1.33851e-13
20.045 -9.379e-13
20.05 1.22433e-12
20.055 -1.16601e-12
20.06 1.45153e-13
20.065 8.88631e-13
20.07 -1.8245e-12
20.075 1.96018e-12
20.08 -1.36036e-12
20.085 2.59533e-13
20.09 9.9515e-13
20.095 -1.73223e-12
20.1 2.04813e-12
20.105 -1.53408e-12
20.11 9.50507e-13
20.115 -2.66266e-14
20.12 -3.87679e-13
20.125 8.78223e-13
20.13 -9.20797e-13
20.135 1.27747e-12
20.14 -1.44504e-12
20.145 1.8056e-12
20.15 -1.63272e-12
20.155 1.00828e-12
20.16 4.15085e-13
20.165 -2.09981e-12
20.17 3.64246e-12
20.175 -4.21546e-12
20.18 3.56155e-12
20.185 -1.55934e-12
20.19 -1.02338e-12
20.195 3.58343e-12
20.2 -4.98357e-12
20.205 5.14127e-12
20.21 -3.68458e-12
20.215 1.56378e-12
20.22 1.00654e-12
20.225 -2.98081e-12
20.23 4.35815e-12
20.235 -4.71535e-12
20.24 4.20193e-12
20.245 -2.91729e-12
20.25 8.38669e-13
20.255 1.37347e-12
20.26 -3.77349e-12
20.265 5.09455e-12
20.27 -5.62577e-12
20.275 4.27176e-12
20.28 -2.18955e-12
20.285 -9.21422e-13
20.29 3.38167e-12
20.295 -5.27217e-12
20.3 5.49054e-12
20.305 -4.56112e-12
20.31 2.42754e-12
20.315 8.95155e-14
20.32 -2.40413e-12
20.325 4.03804e-12
20.33 -4.49547e-12
20.335 4.1174e-12
20.34 -2.74292e-12
20.345 1.21218e-12
20.35 6.96026e-13
20.355 -2.15173e-12
20.36 3.505e-12
20.365 -3.94831e-12
20.37 3.80171e-12
20.375 -2.49593e-12
20.38 6.33197e-13
20.385 1.65423e-12
20.39 -3.40144e-12
20.395 4.19865e-12
20.4 -3.68508e-12
20.405 2.11937e-12
20.41 -1.55481e-13
20.415 -1.65062e-12
20.42 2.60928e-12
20.425 -2.84959e-12
20.43 2.20182e-12
20.435 -1.32103e-12
20.44 1.41021e-13
20.445 6.9989e-13
20.45 -1.44359e-12
20.455 1.61677e-12
20.46 -1.55375e-12
20.465 9.60282e-13
20.47 -2.63973e-13
20.475 -5.56901e-13
20.48 1.03308e-12
20.485 -1.13999e-12
20.49 7.42647e-13
20.495 -1.58664e-13
20.5 -3.95457e-13
20.505 5.73305e-13
20.51 -4.49109e-13
20.515 4.59623e-14
20.52 2.21544e-13
20.525 -3.69352e-13
20.53 1.28603e-13
20.535 1.12607e-13
20.54 -4.162e-13
20.545 3.67189e-13
20.55 -1.86046e-13
20.555 -1.94977e-13
20.56 4.66268e-13
20.565 -4.97034e-13
20.57 3.26361e-13
20.575 1.07918e-13
20.58 -3.05696e-13
20.585 4.93207e-13
20.59 -1.72739e-13
20.595 2.82361e-14
20.6 2.8167e-13
20.605 -1.47251e-14
20.61 -2.1992e-13
20.615 6.90172e-13
20.62 -6.27204e-13
20.625 2.20378e-13
20.63 6.97318e-13
20.635 -1.5577e-12
20.64 1.94291e-12
20.645 -1.55827e-12
20.65 3.2258e-13
20.655 1.16919e-12
20.66 -2.56358e-12
20.665 2.99727e-12
20.67 -2.56353e-12
20.675 1.06566e-12
20.68 6.3368e-13
20.685 -2.26599e-12
20.69 2.99328e-12
20.695 -2.95688e-12
20.7 2.05751e-12
20.705 -9.06235e-13
20.71 -3.03565e-13
20.715 1.21773e-12
20.72 -1.87679e-12
20.725 2.31692e-12
20.73 -2.52794e-12
20.735 2.48576e-12
20.74 -1.89319e-12
20.745 7.82771e-13
20.75 9.68359e-13
20.755 -2.79221e-12
20.76 4.35804e-12
20.765 -4.8124e-12
20.77 4.02561e-12
20.775 -1.80486e-12
20.78 -1.07653e-12
20.785 3.95208e-12
20.79 -5.72456e-12
20.795 5.97381e-12
20.8 -4.4967e-12
20.805 1.86806e-12
20.81 1.20515e-12
20.815 -3.79294e-12
20.82 5.3042e-12
20.825 -5.40098e-12
20.83 4.26408e-12
20.835 -2.23631e-12
20.84 -3.95006e-14
20.845 2.16637e-12
20.85 -3.65322e-12
20.855 4.44665e-12
20.86 -4.33312e-12
20.865 3.48769e-12
20.87 -1.86755e-12
20.875 -1.77147e-13
20.88 2.34398e-12
20.885 -4.09196e-12
20.89 4.90045e-12
20.895 -4.55758e-12
20.9 2.94414e-12
20.905 -6.67714e-13
20.91 -1.90661e-12
20.915 3.75311e-12
20.92 -4.68289e-12
20.925 4.14851e-12
20.93 -2.73412e-12
20.935 6.26233e-13
20.94 1.24538e-12
20.945 -2.62088e-12
20.95 3.09116e-12
20.955 -2.85944e-12
20.96 2.1136e-12
20.965 -1.12137e-12
20.97 1.22581e-13
20.975 9.00581e-13
20.98 -1.69601e-12
20.985 2.30488e-12
20.99 -2.32836e-12
20.995 1.87026e-12
21 -7.51225e-13
21.005 -5.22083e-13
21.01 1.73197e-12
21.015 -2.25191e-12
21.02 2.04106e-12
21.025 -1.06591e-12
21.03 -1.37739e-13
21.035 1.14183e-12
21.04 -1.51144e-12
21.045 1.18612e-12
21.05 -4.20594e-13
21.055 -4.08492e-13
21.06 8.50994e-13
21.065 -8.35705e-13
21.07 3.34097e-13
21.075 2.49803e-13
21.08 -7.60295e-13
21.085 8.37052e-13
21.09 -6.03326e-13
21.095 3.56722e-14
21.1 4.86204e-13
21.105 -8.72788e-13
21.11 8.66602e-13
21.115 -6.00355e-13
21.12 1.31253e-13
21.125 2.82766e-13
21.13 -5.83012e-13
21.135 6.94819e-13
21.14 -6.96459e-13
21.145 5.7926e-13
21.15 -3.56469e-13
21.155 -5.62793e-14
21.16 5.82293e-13
21.165 -1.11379e-12
21.17 1.3333e-12
21.175 -1.11377e-12
21.18 3.45439e-13
21.185 6.47478e-13
21.19 -1.54584e-12
21.195 1.89292e-12
21.2 -1.58476e-12
21.205 7.32544e-13
21.21 3.09268e-13
21.215 -1.12766e-12
21.22 1.60302e-12
21.225 -1.62871e-12
21.23 1.4829e-12
21.235 -1.05992e-12
21.24 5.5545e-13
21.245 3.08506e-13
21.25 -1.26641e-12
21.255 2.30847e-12
21.26 -2.85491e-12
21.265 2.71235e-12
21.27 -1.61066e-12
21.275 -1.51471e-13
21.28 2.10815e-12
21.285 -3.59963e-12
21.29 4.06586e-12
21.295 -3.38979e-12
21.3 1.70065e-12
21.305 3.59082e-13
21.31 -2.30308e-12
21.315 3.48954e-12
21.32 -3.84173e-12
21.325 3.27538e-12
21.33 -2.18203e-12
21.335 7.3431e-13
21.34 7.1521e-13
21.345 -2.11044e-12
21.35 3.23716e-12
21.355 -3.95619e-12
21.36 3.97123e-12
21.365 -3.08785e-12
21.37 1.29119e-12
21.375 1.1577e-12
21.38 -3.62121e-12
21.385 5.41161e-12
21.39 -5.81298e-12
21.395 4.62806e-12
21.4 -2.01362e-12
21.405 -1.19918e-12
21.41 4.13264e-12
21.415 -5.81766e-12
21.42 5.89215e-12
21.425 -4.36359e-12
21.43 1.87944e-12
21.435 8.5809e-13
21.44 -3.07003e-12
21.445 4.34223e-12
21.45 -4.5058e-12
21.455 3.74699e-12
21.46 -2.34448e-12
21.465 6.73215e-13
21.47 9.81515e-13
21.475 -2.36358e-12
21.48 3.31432e-12
21.485 -3.65917e-12
21.49 3.33279e-12
21.495 -2.28056e-12
21.5 6.92337e-13
21.505 1.17245e-12
21.51 -2.82075e-12
21.515 3.83095e-12
21.52 -3.83389e-12
21.525 2.80254e-12
21.53 -1.01859e-12
21.535 -9.87342e-13
21.54 2.55909e-12
21.545 -3.30224e-12
21.55 2.98591e-12
21.555 -1.92775e-12
21.56 4.47889e-13
21.565 8.19843e-13
21.57 -1.64808e-12
21.575 1.76584e-12
21.58 -1.42075e-12
21.585 7.77043e-13
21.59 -2.04897e-13
21.595 -1.93393e-13
21.6 3.5429e-13
21.605 -3.73871e-13
21.61 3.65358e-13
21.615 -3.41764e-13
21.62 3.45589e-13
21.625 -2.58936e-13
21.63 1.54006e-13
21.635 2.36369e-14
21.64 -1.10594e-13
21.645 1.36881e-13
21.65 -3.79802e-16
21.655 -1.52111e-13
21.66 2.71466e-13
21.665 -1.79978e-13
21.67 -1.21309e-13
21.675 5.99044e-13
21.68 -1.00884e-12
21.685 1.10266e-12
21.69 -7.18009e-13
21.695 -1.16304e-13
21.7 1.09629e-12
21.705 -1.84343e-12
21.71 1.94987e-12
21.715 -1.33622e-12
21.72 1.22632e-13
21.725 1.19747e-12
21.73 -2.17403e-12
21.735 2.37055e-12
21.74 -1.76116e-12
21.745 5.23711e-13
21.75 8.43065e-13
21.755 -1.90327e-12
21.76 2.27361e-12
21.765 -1.92083e-12
21.77 1.01828e-12
21.775 6.12842e-14
21.78 -9.93953e-13
21.785 1.56499e-12
21.79 -1.75025e-12
21.795 1.60365e-12
21.8 -1.2123e-12
21.805 5.81352e-13
21.81 2.57516e-13
21.815 -1.23192e-12
21.82 2.08858e-12
21.825 -2.54109e-12
21.83 2.29674e-12
21.835 -1.32575e-12
21.84 -1.70448e-13
21.845 1.72966e-12
21.85 -2.87094e-12
21.855 3.2433e-12
21.86 -2.72321e-12
21.865 1.52238e-12
21.87 4.79095e-14
21.875 -1.52567e-12
21.88 2.66163e-12
21.885 -3.17748e-12
21.89 3.09503e-12
21.895 -2.36487e-12
21.9 1.17418e-12
21.905 3.81258e-13
21.91 -1.98673e-12
21.915 3.35176e-12
21.92 -4.07477e-12
21.925 3.87648e-12
21.93 -2.67331e-12
21.935 6.46585e-13
21.94 1.69111e-12
21.945 -3.74095e-12
21.95 4.84889e-12
21.955 -4.72638e-12
21.96 3.34996e-12
21.965 -1.19163e-12
21.97 -1.18021e-12
21.975 3.09783e-12
21.98 -4.21082e-12
21.985 4.37116e-12
21.99 -3.72831e-12
21.995 2.45962e-12
22 -7.6387e-13
22.005 -1.18868e-12
22.01 3.12076e-12
22.015 -4.60489e-12
22.02 5.15952e-12
22.025 -4.39831e-12
22.03 2.36292e-12
22.035 4.91498e-13
22.04 -3.28733e-12
22.045 5.17232e-12
22.05 -5.52323e-12
22.055 4.32857e-12
22.06 -2.02748e-12
22.065 -5.58043e-13
22.07 2.67824e-12
22.075 -3.79991e-12
22.08 3.84991e-12
22.085 -3.04324e-12
22.09 1.79843e-12
22.095 -4.72508e-13
22.1 -6.89527e-13
22.105 1.5917e-12
22.11 -2.19205e-12
22.115 2.47185e-12
22.12 -2.36829e-12
22.125 1.82974e-12
22.13 -8.64399e-13
22.135 -3.64701e-13
22.14 1.59512e-12
22.145 -2.45768e-12
22.15 2.67111e-12
22.155 -2.11614e-12
22.16 9.57487e-13
22.165 4.31747e-13
22.17 -1.55895e-12
22.175 2.04209e-12
22.18 -1.77304e-12
22.185 9.31518e-13
22.19 4.60791e-14
22.195 -7.78217e-13
22.2 9.68232e-13
22.205 -6.72756e-13
22.21 6.733e-14
22.215 4.77282e-13
22.22 -7.42671e-13
22.225 5.61737e-13
22.23 -4.15326e-14
22.235 -6.29796e-13
22.24 1.14316e-12
22.245 -1.28243e-12
22.25 9.64537e-13
22.255 -2.73329e-13
22.26 -5.46007e-13
22.265 1.25353e-12
22.27 -1.59589e-12
22.275 1.50927e-12
22.28 -1.00435e-12
22.285 2.76436e-13
22.29 5.056e-13
22.295 -1.12487e-12
22.3 1.503e-12
22.305 -1.56498e-12
22.31 1.33407e-12
22.315 -8.17992e-13
22.32 7.78905e-14
22.325 7.87378e-13
22.33 -1.59967e-12
22.335 2.12007e-12
22.34 -2.13276e-12
22.345 1.50516e-12
22.35 -3.26525e-13
22.355 -1.1219e-12
22.36 2.35844e-12
22.365 -2.95391e-12
22.37 2.62201e-12
22.375 -1.43422e-12
22.38 -2.71053e-13
22.385 1.91375e-12
22.39 -2.9779e-12
22.395 3.11106e-12
22.4 -2.30795e-12
22.405 8.43517e-13
22.41 7.87254e-13
22.415 -2.10361e-12
22.42 2.76231e-12
22.425 -2.66737e-12
22.43 1.93203e-12
22.435 -8.18316e-13
22.44 -3.86576e-13
22.445 1.42705e-12
22.45 -2.13594e-12
22.455 2.41978e-12
22.46 -2.26654e-12
22.465 1.6889e-12
22.47 -7.56373e-13
22.475 -4.28434e-13
22.48 1.67154e-12
22.485 -2.70791e-12
22.49 3.23347e-12
22.495 -3.01562e-12
22.5 1.99182e-12
22.505 -3.27997e-13
22.51 -1.56376e-12
22.515 3.18925e-12
22.52 -4.04248e-12
22.525 3.87964e-12
22.53 -2.7028e-12
22.535 8.66659e-13
22.54 1.16716e-12
22.545 -2.85976e-12
22.55 3.86733e-12
22.555 -4.01051e-12
22.56 3.33593e-12
22.565 -1.9982e-12
22.57 2.49382e-13
22.575 1.6096e-12
22.58 -3.24669e-12
22.585 4.28711e-12
22.59 -4.4559e-12
22.595 3.58441e-12
22.6 -1.78417e-12
22.605 -5.9774e-13
22.61 2.94797e-12
22.615 -4.64166e-12
22.62 5.15362e-12
22.625 -4.32836e-12
22.63 2.38812e-12
22.635 8.49393e-14
22.64 -2.39449e-12
22.645 3.93882e-12
22.65 -4.42284e-12
22.655 3.89391e-12
22.66 -2.62633e-12
22.665 9.9163e-13
22.67 7.01388e-13
22.675 -2.19787e-12
22.68 3.29999e-12
22.685 -3.7871e-12
22.69 3.49779e-12
22.695 -2.36488e-12
22.7 5.9052e-13
22.705 1.39759e-12
22.71 -3.00954e-12
22.715 3.75835e-12
22.72 -3.4147e-12
22.725 2.14875e-12
22.73 -4.21488e-13
22.735 -1.17458e-12
22.74 2.16897e-12
22.745 -2.36184e-12
22.75 1.87256e-12
22.755 -1.03484e-12
22.76 2.30832e-13
22.765 2.84603e-13
22.77 -4.6092e-13
22.775 4.47767e-13
22.78 -4.38584e-13
22.785 5.46937e-13
22.79 -7.24262e-13
22.795 8.12797e-13
22.8 -6.535e-13
22.805 2.29441e-13
22.81 3.0315e-13
22.815 -6.85575e-13
22.82 7.15378e-13
22.825 -3.90648e-13
22.83 -8.15143e-14
22.835 3.70105e-13
22.84 -2.47003e-13
22.845 -3.03009e-13
22.85 9.73752e-13
22.855 -1.35813e-12
22.86 1.10137e-12
22.865 -1.83957e-13
22.87 -1.09755e-12
22.875 2.19434e-12
22.88 -2.61307e-12
22.885 2.11046e-12
22.89 -8.29144e-13
22.895 -7.83185e-13
22.9 2.17619e-12
22.905 -2.89758e-12
22.91 2.77056e-12
22.915 -1.8721e-12
22.92 5.16437e-13
22.925 9.18355e-13
22.93 -2.04208e-12
22.935 2.61016e-12
22.94 -2.51783e-12
22.945 1.84862e-12
22.95 -7.85221e-13
22.955 -4.07312e-13
22.96 1.47581e-12
22.965 -2.2068e-12
22.97 2.46448e-12
22.975 -2.1872e-12
22.98 1.4024e-12
22.985 -2.47889e-13
22.99 -1.05354e-12
22.995 2.178e-12
23 -2.81735e-12
23.005 2.74128e-12
23.01 -1.9161e-12
23.015 5.09843e-13
23.02 1.10092e-12
23.025 -2.46649e-12
23.03 3.18283e-12
23.035 -3.03508e-12
23.04 2.03743e-12
23.045 -4.72622e-13
23.05 -1.22637e-12
23.055 2.58208e-12
23.06 -3.22725e-12
23.065 3.0036e-12
23.07 -2.00475e-12
23.075 5.2551e-13
23.08 1.02134e-12
23.085 -2.23796e-12
23.09 2.84205e-12
23.095 -2.74526e-12
23.1 2.04964e-12
23.105 -9.93254e-13
23.11 -1.57005e-13
23.115 1.18923e-12
23.12 -1.98783e-12
23.125 2.48722e-12
23.13 -2.62544e-12
23.135 2.3174e-12
23.14 -1.49161e-12
23.145 1.83962e-13
23.15 1.39773e-12
23.155 -2.86694e-12
23.16 3.78365e-12
23.165 -3.78661e-12
23.17 2.78356e-12
23.175 -9.65387e-13
23.18 -1.19241e-12
23.185 3.12137e-12
23.19 -4.28813e-12
23.195 4.38988e-12
23.2 -3.40491e-12
23.205 1.61111e-12
23.21 5.29998e-13
23.215 -2.49875e-12
23.22 3.84907e-12
23.225 -4.31665e-12
23.23 3.83361e-12
23.235 -2.54018e-12
23.24 7.1384e-13
23.245 1.25291e-12
23.25 -2.95974e-12
23.255 4.02942e-12
23.26 -4.22406e-12
23.265 3.4782e-12
23.27 -1.94667e-12
23.275 -4.78833e-14
23.28 2.04883e-12
23.285 -3.58204e-12
23.29 4.26331e-12
23.295 -3.91149e-12
23.3 2.6189e-12
23.305 -7.24058e-13
23.31 -1.26895e-12
23.315 2.85552e-12
23.32 -3.64779e-12
23.325 3.49858e-12
23.33 -2.51358e-12
23.335 1.03034e-12
23.34 5.19111e-13
23.345 -1.72934e-12
23.35 2.36156e-12
23.355 -2.37951e-12
23.36 1.91859e-12
23.365 -1.18511e-12
23.37 3.75536e-13
23.375 3.86003e-13
23.38 -1.00909e-12
23.385 1.42088e-12
23.39 -1.54129e-12
23.395 1.31447e-12
23.4 -7.6648e-13
23.405 4.64122e-14
23.41 6.07515e-13
23.415 -9.51544e-13
23.42 8.6077e-13
23.425 -4.09254e-13
23.43 -1.5221e-13
23.435 5.18196e-13
23.44 -4.67135e-13
23.445 -1.52862e-14
23.45 7.08274e-13
23.455 -1.25225e-12
23.46 1.325e-12
23.465 -7.9217e-13
23.47 -2.02894e-13
23.475 1.28202e-12
23.48 -2.02562e-12
23.485 2.13592e-12
23.49 -1.58585e-12
23.495 5.905e-13
23.5 4.94736e-13
23.505 -1.36719e-12
23.51 1.85749e-12
23.515 -1.96565e-12
23.52 1.76676e-12
23.525 -1.33701e-12
23.53 6.79108e-13
23.535 2.28546e-13
23.54 -1.32819e-12
23.545 2.40081e-12
23.55 -3.07073e-12
23.555 2.96606e-12
23.56 -1.91105e-12
23.565 9.76391e-14
23.57 1.95144e-12
23.575 -3.53166e-12
23.58 4.06863e-12
23.585 -3.35146e-12
23.59 1.62938e-12
23.595 5.16799e-13
23.6 -2.38616e-12
23.605 3.43708e-12
23.61 -3.4548e-12
23.615 2.56997e-12
23.62 -1.15806e-12
23.625 -3.33983e-13
23.63 1.53953e-12
23.635 -2.26428e-12
23.64 2.46868e-12
23.645 -2.22824e-12
23.65 1.63168e-12
23.655 -7.66634e-13
23.66 -2.82218e-13
23.665 1.37957e-12
23.67 -2.31335e-12
23.675 2.81112e-12
23.68 -2.63975e-12
23.685 1.71691e-12
23.69 -2.09426e-13
23.695 -1.47741e-12
23.7 2.81753e-12
23.705 -3.36991e-12
23.71 2.94784e-12
23.715 -1.7005e-12
23.72 3.86194e-14
23.725 1.53522e-12
23.73 -2.6048e-12
23.735 2.95632e-12
23.74 -2.60009e-12
23.745 1.71074e-12
23.75 -5.4014e-13
23.755 -6.65345e-13
23.76 1.68892e-12
23.765 -2.3668e-12
23.77 2.5919e-12
23.775 -2.31802e-12
23.78 1.58501e-12
23.785 -5.12856e-13
23.79 -7.14354e-13
23.795 1.86521e-12
23.8 -2.70332e-12
23.805 3.03776e-12
23.81 -2.73917e-12
23.815 1.81127e-12
23.82 -3.85541e-13
23.825 -1.26553e-12
23.83 2.77143e-12
23.835 -3.7333e-12
23.84 3.85144e-12
23.845 -3.0169e-12
23.85 1.37074e-12
23.855 7.09568e-13
23.86 -2.69901e-12
23.865 4.07806e-12
23.87 -4.46819e-12
23.875 3.73823e-12
23.88 -2.07049e-12
23.885 -1.12099e-13
23.89 2.24293e-12
23.895 -3.7785e-12
23.9 4.34081e-12
23.905 -3.8342e-12
23.91 2.44809e-12
23.915 -5.85244e-13
23.92 -1.27182e-12
23.925 2.70593e-12
23.93 -3.46066e-12
23.935 3.45336e-12
23.94 -2.76192e-12
23.945 1.56802e-12
23.95 -1.04235e-13
23.955 -1.35829e-12
23.96 2.53604e-12
23.965 -3.16448e-12
23.97 3.07832e-12
23.975 -2.26184e-12
23.98 9.02117e-13
23.985 6.44691e-13
23.99 -1.95113e-12
23.995 2.66409e-12
24 -2.61551e-12
24.005 1.88509e-12
24.01 -7.632e-13
24.015 -3.71034e-13
24.02 1.18607e-12
24.025 -1.50308e-12
24.03 1.34884e-12
24.035 -8.88531e-13
24.04 3.46453e-13
24.045 8.4604e-14
24.05 -3.08261e-13
24.055 3.2317e-13
24.06 -1.89266e-13
24.065 -5.02683e-15
24.07 1.63117e-13
24.075 -2.01578e-13
24.08 7.1404e-14
24.085 2.19533e-13
24.09 -5.88933e-13
24.095 9.09297e-13
24.1 -1.04335e-12
24.105 8.88061e-13
24.11 -4.29925e-13
24.115 -2.55881e-13
24.12 1.01748e-12
24.125 -1.66712e-12
24.13 2.01255e-12
24.135 -1.90538e-12
24.14 1.28378e-12
24.145 -2.17743e-13
24.15 -1.08562e-12
24.155 2.2949e-12
24.16 -3.04625e-12
24.165 3.05009e-12
24.17 -2.21211e-12
24.175 6.93433e-13
24.18 1.1253e-12
24.185 -2.74158e-12
24.19 3.6788e-12
24.195 -3.64411e-12
24.2 2.63729e-12
24.205 -9.44274e-13
24.21 -9.4999e-13
24.215 2.52919e-12
24.22 -3.40088e-12
24.225 3.41117e-12
24.23 -2.64866e-12
24.235 1.37884e-12
24.24 7.37658e-14
24.245 -1.42627e-12
24.25 2.46486e-12
24.255 -3.04069e-12
24.26 3.04872e-12
24.265 -2.42576e-12
24.27 1.20875e-12
24.275 4.12022e-13
24.28 -2.07679e-12
24.285 3.31754e-12
24.29 -3.71829e-12
24.295 3.07861e-12
24.3 -1.54424e-12
24.305 -4.27043e-13
24.31 2.21062e-12
24.315 -3.25687e-12
24.32 3.30436e-12
24.325 -2.45144e-12
24.33 1.08496e-12
24.335 3.13036e-13
24.34 -1.37805e-12
24.345 1.95715e-12
24.35 -2.08691e-12
24.355 1.89922e-12
24.36 -1.50856e-12
24.365 9.46438e-13
24.37 -1.95066e-13
24.375 -7.33091e-13
24.38 1.71529e-12
24.385 -2.49132e-12
24.39 2.74009e-12
24.395 -2.23359e-12
24.4 9.87794e-13
24.405 6.85667e-13
24.41 -2.26333e-12
24.415 3.20433e-12
24.42 -3.19343e-12
24.425 2.26733e-12
24.43 -7.70223e-13
24.435 -7.92527e-13
24.44 1.974e-12
24.445 -2.53935e-12
24.45 2.49854e-12
24.455 -2.01305e-12
24.46 1.2802e-12
24.465 -4.30456e-13
24.47 -4.81398e-13
24.475 1.4006e-12
24.48 -2.21454e-12
24.485 2.73816e-12
24.49 -2.74372e-12
24.495 2.07867e-12
24.5 -7.74051e-13
24.505 -9.15451e-13
24.51 2.55118e-12
24.515 -3.65346e-12
24.52 3.85958e-12
24.525 -3.05098e-12
24.53 1.40361e-12
24.535 6.59414e-13
24.54 -2.59129e-12
24.545 3.87112e-12
24.55 -4.16282e-12
24.555 3.40133e-12
24.56 -1.80907e-12
24.565 -1.78294e-13
24.57 2.04518e-12
24.575 -3.33826e-12
24.58 3.78696e-12
24.585 -3.34532e-12
24.59 2.17509e-12
24.595 -5.8044e-13
24.6 -1.06725e-12
24.605 2.40205e-12
24.61 -3.13753e-12
24.615 3.1257e-12
24.62 -2.39348e-12
24.625 1.14852e-12
24.63 2.79608e-13
24.635 -1.52593e-12
24.64 2.30255e-12
24.645 -2.46621e-12
24.65 2.04767e-12
24.655 -1.22719e-12
24.66 2.51178e-13
24.665 6.38043e-13
24.67 -1.26141e-12
24.675 1.53159e-12
24.68 -1.44337e-12
24.685 1.06121e-12
24.69 -4.91155e-13
24.695 -1.24527e-13
24.7 6.19598e-13
24.705 -8.54658e-13
24.71 7.72239e-13
24.715 -4.2195e-13
24.72 -4.07931e-14
24.725 4.12413e-13
24.73 -5.23007e-13
24.735 2.98822e-13
24.74 1.91946e-13
24.745 -7.53752e-13
24.75 1.14193e-12
24.755 -1.14651e-12
24.76 6.76133e-13
24.765 1.78098e-13
24.77 -1.1725e-12
24.775 1.97168e-12
24.78 -2.26937e-12
24.785 1.90696e-12
24.79 -9.39342e-13
24.795 -3.75788e-13
24.8 1.67231e-12
24.805 -2.59379e-12
24.81 2.89947e-12
24.815 -2.51553e-12
24.82 1.5379e-12
24.825 -1.89222e-13
24.83 -1.25428e-12
24.835 2.50231e-12
24.84 -3.27854e-12
24.845 3.36722e-12
24.85 -2.67413e-12
24.855 1.27953e-12
24.86 5.47593e-13
24.865 -2.36963e-12
24.87 3.69055e-12
24.875 -4.11978e-12
24.88 3.50045e-12
24.885 -1.96898e-12
24.89 -6.67737e-14
24.895 2.06141e-12
24.9 -3.5e-12
24.905 4.03281e-12
24.91 -3.57591e-12
24.915 2.30312e-12
24.92 -5.68341e-13
24.925 -1.19537e-12
24.93 2.58826e-12
24.935 -3.33199e-12
24.94 3.3163e-12
24.945 -2.59684e-12
24.95 1.36756e-12
24.955 8.25642e-14
24.96 -1.4473e-12
24.965 2.45583e-12
24.97 -2.91778e-12
24.975 2.76625e-12
24.98 -2.0563e-12
24.985 9.42557e-13
24.99 3.49466e-13
24.995 -1.56263e-12
25 2.45277e-12
25.005 -2.82942e-12
25.01 2.58952e-12
25.015 -1.7584e-12
25.02 4.92919e-13
25.025 9.22579e-13
25.03 -2.13433e-12
25.035 2.81448e-12
25.04 -2.77117e-12
25.045 2.02465e-12
25.05 -7.96924e-13
25.055 -5.51139e-13
25.06 1.65181e-12
25.065 -2.25046e-12
25.07 2.27985e-12
25.075 -1.83988e-12
25.08 1.11385e-12
25.085 -2.84331e-13
25.09 -5.23073e-13
25.095 1.2389e-12
25.1 -1.80262e-12
25.105 2.12462e-12
25.11 -2.07871e-12
25.115 1.56167e-12
25.12 -5.71918e-13
25.125 -7.27756e-13
25.13 2.00995e-12
25.135 -2.88559e-12
25.14 3.03031e-12
25.145 -2.31723e-12
25.15 9.07482e-13
25.155 7.9357e-13
25.16 -2.27552e-12
25.165 3.0956e-12
25.17 -3.05131e-12
25.175 2.23742e-12
25.18 -9.68308e-13
25.185 -3.72571e-13
25.19 1.47694e-12
25.195 -2.1924e-12
25.2 2.50057e-12
25.205 -2.43282e-12
25.21 1.99471e-12
25.215 -1.16297e-12
25.22 -3.98313e-14
25.225 1.46236e-12
25.23 -2.77772e-12
25.235 3.55751e-12
25.24 -3.43682e-12
25.245 2.30147e-12
25.25 -3.96026e-13
25.255 -1.73194e-12
25.26 3.4149e-12
25.265 -4.10814e-12
25.27 3.59562e-12
25.275 -2.07413e-12
25.28 6.79478e-14
25.285 1.78535e-12
25.29 -2.95819e-12
25.295 3.20936e-12
25.3 -2.61674e-12
25.305 1.48212e-12
25.31 -2.02419e-13
25.315 -8.87002e-13
25.32 1.59672e-12
25.325 -1.87496e-12
25.33 1.77058e-12
25.335 -1.37324e-12
25.34 7.70252e-13
25.345 -5.04201e-14
25.35 -6.57156e-13
25.355 1.19237e-12
25.36 -1.4107e-12
25.365 1.23193e-12
25.37 -6.94915e-13
25.375 -1.50027e-14
25.38 6.33676e-13
25.385 -9.3489e-13
25.39 8.15322e-13
25.395 -3.53446e-13
25.4 -2.33008e-13
25.405 6.87866e-13
25.41 -8.24441e-13
25.415 5.88917e-13
25.42 -6.28298e-14
25.425 -5.74989e-13
25.43 1.11794e-12
25.435 -1.38842e-12
25.44 1.2683e-12
25.445 -7.38507e-13
25.45 -1.08742e-13
25.455 1.08034e-12
25.46 -1.90764e-12
25.465 2.32655e-12
25.47 -2.16206e-12
25.475 1.3915e-12
25.48 -1.55326e-13
25.485 -1.25888e-12
25.49 2.48392e-12
25.495 -3.1825e-12
25.5 3.13056e-12
25.505 -2.27921e-12
25.51 7.85869e-13
25.515 1.0086e-12
25.52 -2.65607e-12
25.525 3.72072e-12
25.53 -3.90492e-12
25.535 3.12249e-12
25.54 -1.53953e-12
25.545 -4.54049e-13
25.55 2.35561e-12
25.555 -3.68588e-12
25.56 4.11881e-12
25.565 -3.5739e-12
25.57 2.2197e-12
25.575 -4.05234e-13
25.58 -1.43676e-12
25.585 2.90779e-12
25.59 -3.71603e-12
25.595 3.71978e-12
25.6 -2.93904e-12
25.605 1.53961e-12
25.61 1.85997e-13
25.615 -1.86815e-12
25.62 3.13158e-12
25.625 -3.6831e-12
25.63 3.38722e-12
25.635 -2.31679e-12
25.64 7.4566e-13
25.645 9.30374e-13
25.65 -2.30208e-12
25.655 3.06815e-12
25.66 -3.10163e-12
25.665 2.46573e-12
25.67 -1.38395e-12
25.675 1.39468e-13
25.68 1.00412e-12
25.685 -1.85988e-12
25.69 2.33672e-12
25.695 -2.40726e-12
25.7 2.07791e-12
25.705 -1.38886e-12
25.71 4.20201e-13
25.715 6.89764e-13
25.72 -1.73248e-12
25.725 2.47355e-12
25.73 -2.69973e-12
25.735 2.29336e-12
25.74 -1.30794e-12
25.745 -3.15886e-14
25.75 1.38459e-12
25.755 -2.3825e-12
25.76 2.75692e-12
25.765 -2.44078e-12
25.77 1.5627e-12
25.775 -3.81268e-13
25.78 -7.97712e-13
25.785 1.71987e-12
25.79 -2.23113e-12
25.795 2.26436e-12
25.8 -1.84139e-12
25.805 1.05804e-12
25.81 -6.27666e-14
25.815 -9.5097e-13
25.82 1.77302e-12
25.825 -2.22251e-12
25.83 2.19351e-12
25.835 -1.68271e-12
25.84 7.93062e-13
25.845 2.85925e-13
25.85 -1.32996e-12
25.855 2.12253e-12
25.86 -2.4803e-12
25.865 2.29351e-12
25.87 -1.56164e-12
25.875 4.04036e-13
25.88 9.45598e-13
25.885 -2.15746e-12
25.89 2.88856e-12
25.895 -2.90293e-12
25.9 2.14659e-12
25.905 -7.81219e-13
25.91 -8.28973e-13
25.915 2.23156e-12
25.92 -3.03618e-12
25.925 3.02938e-12
25.93 -2.24156e-12
25.935 9.20029e-13
25.94 5.62942e-13
25.945 -1.81919e-12
25.95 2.56645e-12
25.955 -2.69066e-12
25.96 2.22704e-12
25.965 -1.32581e-12
25.97 1.95572e-13
25.975 9.52788e-13
25.98 -1.91705e-12
25.985 2.50611e-12
25.99 -2.56247e-12
25.995 2.01123e-12
26 -9.14378e-13
26.005 -4.95038e-13
26.01 1.83989e-12
26.015 -2.70453e-12
26.02 2.78327e-12
26.025 -2.0162e-12
26.03 6.39647e-13
26.035 8.80513e-13
26.04 -2.02509e-12
26.045 2.4196e-12
26.05 -1.97756e-12
26.055 9.26294e-13
26.06 3.0037e-13
26.065 -1.24106e-12
26.07 1.58898e-12
26.075 -1.30192e-12
26.08 5.87994e-13
26.085 2.1826e-13
26.09 -8.04341e-13
26.095 9.9966e-13
26.1 -8.18171e-13
26.105 4.05056e-13
26.11 5.89724e-14
26.115 -4.49065e-13
26.12 7.28696e-13
26.125 -8.99345e-13
26.13 9.46912e-13
26.135 -8.16599e-13
26.14 4.33077e-13
26.145 2.35136e-13
26.15 -1.09067e-12
26.155 1.87758e-12
26.16 -2.26556e-12
26.165 1.98495e-12
26.17 -9.73986e-13
26.175 -5.47319e-13
26.18 2.12364e-12
26.185 -3.21881e-12
26.19 3.42905e-12
26.195 -2.63914e-12
26.2 1.05977e-12
26.205 8.48695e-13
26.21 -2.541e-12
26.215 3.57245e-12
26.22 -3.71053e-12
26.225 2.96947e-12
26.23 -1.56905e-12
26.235 -1.53243e-13
26.24 1.82987e-12
26.245 -3.12345e-12
26.25 3.76446e-12
26.255 -3.60527e-12
26.26 2.65366e-12
26.265 -1.07696e-12
26.27 -8.0112e-13
26.275 2.55304e-12
26.28 -3.7532e-12
26.285 4.08886e-12
26.29 -3.4562e-12
26.295 2.00205e-12
26.3 -9.21352e-14
26.305 -1.79057e-12
26.31 3.18572e-12
26.315 -3.77825e-12
26.32 3.48661e-12
26.325 -2.46303e-12
26.33 1.0046e-12
26.335 5.42324e-13
26.34 -1.85933e-12
26.345 2.72567e-12
26.35 -3.03762e-12
26.355 2.78159e-12
26.36 -2.02369e-12
26.365 9.05683e-13
26.37 3.72205e-13
26.375 -1.56805e-12
26.38 2.43973e-12
26.385 -2.81127e-12
26.39 2.61108e-12
26.395 -1.88848e-12
26.4 8.11994e-13
26.405 3.85344e-13
26.41 -1.47431e-12
26.415 2.26181e-12
26.42 -2.61339e-12
26.425 2.46229e-12
26.43 -1.82433e-12
26.435 8.12413e-13
26.44 3.78058e-13
26.445 -1.50457e-12
26.45 2.32213e-12
26.455 -2.64922e-12
26.46 2.41736e-12
26.465 -1.67943e-12
26.47 5.91927e-13
26.475 6.20641e-13
26.48 -1.71028e-12
26.485 2.45383e-12
26.49 -2.6849e-12
26.495 2.32731e-12
26.5 -1.42738e-12
26.505 1.68947e-13
26.51 1.15806e-12
26.515 -2.22121e-12
26.52 2.73791e-12
26.525 -2.56714e-12
26.53 1.76191e-12
26.535 -5.56194e-13
26.54 -7.19677e-13
26.545 1.74113e-12
26.55 -2.28153e-12
26.555 2.26678e-12
26.56 -1.77237e-12
26.565 9.59663e-13
26.57 -1.71494e-14
26.575 -8.77525e-13
26.58 1.587e-12
26.585 -2.00479e-12
26.59 2.05108e-12
26.595 -1.68278e-12
26.6 9.13283e-13
26.605 1.51178e-13
26.61 -1.29094e-12
26.615 2.20404e-12
26.62 -2.59921e-12
26.625 2.30838e-12
26.63 -1.35904e-12
26.635 -1.09134e-14
26.64 1.41221e-12
26.645 -2.43739e-12
26.65 2.79136e-12
26.655 -2.38227e-12
26.66 1.34212e-12
26.665 2.49022e-14
26.67 -1.34168e-12
26.675 2.26993e-12
26.68 -2.58843e-12
26.685 2.24251e-12
26.69 -1.35179e-12
26.695 1.55571e-13
26.7 1.04761e-12
26.705 -1.95992e-12
26.71 2.35833e-12
26.715 -2.14824e-12
26.72 1.38921e-12
26.725 -2.87677e-13
26.73 -8.56157e-13
26.735 1.7338e-12
26.74 -2.11295e-12
26.745 1.90887e-12
26.75 -1.20496e-12
26.755 2.19035e-13
26.76 7.63823e-13
26.765 -1.47851e-12
26.77 1.75903e-12
26.775 -1.56176e-12
26.78 9.60839e-13
26.785 -1.2377e-13
26.79 -7.36052e-13
26.795 1.39542e-12
26.8 -1.66591e-12
26.805 1.45132e-12
26.81 -7.79681e-13
26.815 -1.94929e-13
26.82 1.19374e-12
26.825 -1.87675e-12
26.83 1.97162e-12
26.835 -1.38319e-12
26.84 2.52154e-13
26.845 1.05743e-12
26.85 -2.0918e-12
26.855 2.47922e-12
26.86 -2.06777e-12
26.865 9.84356e-13
26.87 4.22282e-13
26.875 -1.71398e-12
26.88 2.51682e-12
26.885 -2.62434e-12
26.89 2.04491e-12
26.895 -9.67836e-13
26.9 -3.18716e-13
26.905 1.51309e-12
26.91 -2.3714e-12
26.915 2.73667e-12
26.92 -2.54329e-12
26.925 1.80984e-12
26.93 -6.40081e-13
26.935 -7.78099e-13
26.94 2.17522e-12
26.945 -3.21782e-12
26.95 3.58523e-12
26.955 -3.0804e-12
26.96 1.72137e-12
26.965 2.12136e-13
26.97 -2.22436e-12
26.975 3.74851e-12
26.98 -4.31646e-12
26.985 3.73506e-12
26.99 -2.16976e-12
26.995 7.92413e-14
27 1.93351e-12
27.005 -3.33455e-12
27.01 3.82652e-12
27.015 -3.40139e-12
27.02 2.29457e-12
27.025 -8.56375e-13
27.03 -5.77811e-13
27.035 1.76216e-12
27.04 -2.55883e-12
27.045 2.90466e-12
27.05 -2.77695e-12
27.055 2.18252e-12
27.06 -1.1705e-12
27.065 -1.26909e-13
27.07 1.47615e-12
27.075 -2.58024e-12
27.08 3.15393e-12
27.085 -3.01986e-12
27.09 2.18712e-12
27.095 -8.65787e-13
27.1 -5.95721e-13
27.105 1.82748e-12
27.11 -2.55769e-12
27.115 2.69155e-12
27.12 -2.30696e-12
27.125 1.57831e-12
27.13 -6.91328e-13
27.135 -2.1572e-13
27.14 1.06361e-12
27.145 -1.7911e-12
27.15 2.31102e-12
27.155 -2.50117e-12
27.16 2.23495e-12
27.165 -1.45341e-12
27.17 2.44311e-13
27.175 1.14256e-12
27.18 -2.35763e-12
27.185 3.06323e-12
27.19 -3.04241e-12
27.195 2.28219e-12
27.2 -9.86052e-13
27.205 -5.06549e-13
27.21 1.8283e-12
27.215 -2.68815e-12
27.22 2.92792e-12
27.225 -2.54064e-12
27.23 1.65068e-12
27.235 -4.60765e-13
27.24 -7.91497e-13
27.245 1.8674e-12
27.25 -2.55167e-12
27.255 2.69494e-12
27.26 -2.25524e-12
27.265 1.31615e-12
27.27 -7.99684e-14
27.275 -1.17253e-12
27.28 2.14452e-12
27.285 -2.6006e-12
27.29 2.43681e-12
27.295 -1.70874e-12
27.3 6.08624e-13
27.305 5.85988e-13
27.31 -1.58814e-12
27.315 2.1763e-12
27.32 -2.24285e-12
27.325 1.80719e-12
27.33 -9.94959e-13
27.335 2.68236e-15
27.34 9.552e-13
27.345 -1.67959e-12
27.35 2.01812e-12
27.355 -1.90525e-12
27.36 1.35842e-12
27.365 -4.86731e-13
27.37 -5.16814e-13
27.375 1.41635e-12
27.38 -1.97926e-12
27.385 2.04708e-12
27.39 -1.58403e-12
27.395 6.96313e-13
27.4 3.86692e-13
27.405 -1.38095e-12
27.41 2.02318e-12
27.415 -2.13396e-12
27.42 1.67198e-12
27.425 -7.44837e-13
27.43 -4.14319e-13
27.435 1.49588e-12
27.44 -2.18879e-12
27.445 2.27042e-12
27.45 -1.68469e-12
27.455 5.80207e-13
27.46 7.20302e-13
27.465 -1.81705e-12
27.47 2.35838e-12
27.475 -2.17465e-12
27.48 1.33778e-12
27.485 -1.31443e-13
27.49 -1.05769e-12
27.495 1.87773e-12
27.5 -2.11842e-12
27.505 1.76434e-12
27.51 -9.66023e-13
27.515 -3.31042e-14
27.52 9.73722e-13
27.525 -1.63741e-12
27.53 1.88378e-12
27.535 -1.67023e-12
27.54 1.04091e-12
27.545 -1.20434e-13
27.55 -8.83344e-13
27.555 1.71519e-12
27.56 -2.13468e-12
27.565 1.97659e-12
27.57 -1.23126e-12
27.575 6.95406e-14
27.58 1.19569e-12
27.585 -2.18493e-12
27.59 2.57802e-12
27.595 -2.22598e-12
27.6 1.20775e-12
27.605 1.92903e-13
27.61 -1.57778e-12
27.615 2.55439e-12
27.62 -2.84655e-12
27.625 2.3766e-12
27.63 -1.27451e-12
27.635 -1.77742e-13
27.64 1.61503e-12
27.645 -2.68158e-12
27.65 3.10893e-12
27.655 -2.76871e-12
27.66 1.71201e-12
27.665 -1.75353e-13
27.67 -1.46629e-12
27.675 2.78721e-12
27.68 -3.42442e-12
27.685 3.19122e-12
27.69 -2.14113e-12
27.695 5.55849e-13
27.7 1.14648e-12
27.705 -2.52732e-12
27.71 3.25767e-12
27.715 -3.20686e-12
27.72 2.44823e-12
27.725 -1.20394e-12
27.73 -2.33302e-13
27.735 1.57678e-12
27.74 -2.58208e-12
27.745 3.07062e-12
27.75 -2.94993e-12
27.755 2.22028e-12
27.76 -9.96757e-13
27.765 -4.87972e-13
27.77 1.91168e-12
27.775 -2.92977e-12
27.78 3.27525e-12
27.785 -2.84981e-12
27.79 1.76084e-12
27.795 -2.98215e-13
27.8 -1.14734e-12
27.805 2.21909e-12
27.81 -2.70226e-12
27.815 2.56908e-12
27.82 -1.95722e-12
27.825 1.08827e-12
27.83 -1.77787e-13
27.835 -6.38325e-13
27.84 1.30088e-12
27.845 -1.7925e-12
27.85 2.09205e-12
27.855 -2.13217e-12
27.86 1.82806e-12
27.865 -1.13161e-12
27.87 9.06508e-14
27.875 1.11216e-12
27.88 -2.19479e-12
27.885 2.85654e-12
27.89 -2.88263e-12
27.895 2.22729e-12
27.9 -1.03909e-12
27.905 -3.84035e-13
27.91 1.69456e-12
27.915 -2.59124e-12
27.92 2.9011e-12
27.925 -2.60967e-12
27.93 1.82999e-12
27.935 -7.55921e-13
27.94 -4.05636e-13
27.945 1.47458e-12
27.95 -2.29409e-12
27.955 2.73757e-12
27.96 -2.7101e-12
27.965 2.15941e-12
27.97 -1.11642e-12
27.975 -2.67244e-13
27.98 1.72009e-12
27.985 -2.88553e-12
27.99 3.4166e-12
27.995 -3.10762e-12
28 1.98663e-12
28.005 -3.41683e-13
28.01 -1.36362e-12
28.015 2.6553e-12
28.02 -3.20742e-12
28.025 2.9329e-12
28.03 -1.99183e-12
28.035 7.02007e-13
28.04 5.83614e-13
28.045 -1.58455e-12
28.05 2.15078e-12
28.055 -2.2576e-12
28.06 1.96564e-12
28.065 -1.36258e-12
28.07 5.45395e-13
28.075 3.69386e-13
28.08 -1.23826e-12
28.085 1.8925e-12
28.09 -2.16704e-12
28.095 1.95471e-12
28.1 -1.2536e-12
28.105 2.07682e-13
28.11 9.12503e-13
28.115 -1.79834e-12
28.12 2.19134e-12
28.125 -1.97984e-12
28.13 1.2364e-12
28.135 -1.89621e-13
28.14 -8.43592e-13
28.145 1.57472e-12
28.15 -1.8336e-12
28.155 1.59521e-12
28.16 -9.66579e-13
28.165 1.44341e-13
28.17 6.61581e-13
28.175 -1.27088e-12
28.18 1.55759e-12
28.185 -1.46002e-12
28.19 9.81452e-13
28.195 -2.15743e-13
28.2 -6.60457e-13
28.205 1.4144e-12
28.21 -1.80443e-12
28.215 1.67862e-12
28.22 -1.02771e-12
28.225 7.38458e-15
28.23 1.08786e-12
28.235 -1.91989e-12
28.24 2.20607e-12
28.245 -1.82917e-12
28.25 8.78305e-13
28.255 3.78398e-13
28.26 -1.56464e-12
28.265 2.32639e-12
28.27 -2.43749e-12
28.275 1.85799e-12
28.28 -7.49737e-13
28.285 -5.82498e-13
28.29 1.77489e-12
28.295 -2.50351e-12
28.3 2.57639e-12
28.305 -1.96927e-12
28.31 8.36592e-13
28.315 5.3166e-13
28.32 -1.78693e-12
28.325 2.59603e-12
28.33 -2.74225e-12
28.335 2.18063e-12
28.34 -1.04735e-12
28.345 -3.68285e-13
28.35 1.69997e-12
28.355 -2.60517e-12
28.36 2.85964e-12
28.365 -2.40259e-12
28.37 1.34503e-12
28.375 5.63481e-14
28.38 -1.45683e-12
28.385 2.51725e-12
28.39 -2.9798e-12
28.395 2.72115e-12
28.4 -1.78842e-12
28.405 3.88249e-13
28.41 1.15385e-12
28.415 -2.4581e-12
28.42 3.18206e-12
28.425 -3.11351e-12
28.43 2.23756e-12
28.435 -7.59708e-13
28.44 -9.42373e-13
28.445 2.41843e-12
28.45 -3.26799e-12
28.455 3.26248e-12
28.46 -2.41001e-12
28.465 9.62844e-13
28.47 6.68312e-13
28.475 -2.05041e-12
28.48 2.85045e-12
28.485 -2.92681e-12
28.49 2.33746e-12
28.495 -1.28759e-12
28.5 5.38053e-14
28.505 1.10042e-12
28.51 -1.97274e-12
28.515 2.42491e-12
28.52 -2.39699e-12
28.525 1.89768e-12
28.53 -1.01075e-12
28.535 -8.14542e-14
28.54 1.14227e-12
28.545 -1.94114e-12
28.55 2.30016e-12
28.555 -2.15428e-12
28.56 1.57236e-12
28.565 -7.21086e-13
28.57 -1.93885e-13
28.575 9.97192e-13
28.58 -1.57046e-12
28.585 1.86009e-12
28.59 -1.85944e-12
28.595 1.57506e-12
28.6 -1.03541e-12
28.605 2.96476e-13
28.61 5.49275e-13
28.615 -1.36125e-12
28.62 1.96983e-12
28.625 -2.21773e-12
28.63 2.01596e-12
28.635 -1.38164e-12
28.64 4.40792e-13
28.645 6.00699e-13
28.65 -1.51923e-12
28.655 2.137e-12
28.66 -2.35161e-12
28.665 2.14533e-12
28.67 -1.56198e-12
28.675 6.83499e-13
28.68 3.69221e-13
28.685 -1.44299e-12
28.69 2.34315e-12
28.695 -2.85475e-12
28.7 2.79387e-12
28.705 -2.08255e-12
28.71 8.10473e-13
28.715 7.5436e-13
28.72 -2.22165e-12
28.725 3.1911e-12
28.73 -3.39028e-12
28.735 2.76957e-12
28.74 -1.5092e-12
28.745 -4.10959e-14
28.75 1.49259e-12
28.755 -2.53375e-12
28.76 2.98575e-12
28.765 -2.82492e-12
28.77 2.14804e-12
28.775 -1.11212e-12
28.78 -1.00386e-13
28.785 1.29777e-12
28.79 -2.2813e-12
28.795 2.85388e-12
28.8 -2.86005e-12
28.805 2.24076e-12
28.81 -1.08352e-12
28.815 -3.6343e-13
28.82 1.75417e-12
28.825 -2.73634e-12
28.83 3.04655e-12
28.835 -2.60569e-12
28.84 1.54859e-12
28.845 -1.68763e-13
28.85 -1.16606e-12
28.855 2.12137e-12
28.86 -2.49327e-12
28.865 2.25229e-12
28.87 -1.53586e-12
28.875 5.75036e-13
28.88 3.82276e-13
28.885 -1.13965e-12
28.89 1.58873e-12
28.895 -1.69427e-12
28.9 1.48392e-12
28.905 -1.02783e-12
28.91 4.00361e-13
28.915 3.08291e-13
28.92 -9.78869e-13
28.925 1.46837e-12
28.93 -1.62993e-12
28.935 1.37707e-12
28.94 -7.23314e-13
28.945 -1.82811e-13
28.95 1.07508e-12
28.955 -1.66714e-12
28.96 1.74479e-12
28.965 -1.24755e-12
28.97 3.12733e-13
28.975 7.53626e-13
28.98 -1.58391e-12
28.985 1.88744e-12
28.99 -1.55305e-12
28.995 6.88718e-13
29 4.181e-13
29.005 -1.40261e-12
29.01 1.95283e-12
29.015 -1.90545e-12
29.02 1.29373e-12
29.025 -3.12346e-13
29.03 -7.56631e-13
29.035 1.62845e-12
29.04 -2.09436e-12
29.045 2.05816e-12
29.05 -1.53018e-12
29.055 6.07889e-13
29.06 5.29969e-13
29.065 -1.63645e-12
29.07 2.44127e-12
29.075 -2.70684e-12
29.08 2.28778e-12
29.085 -1.2108e-12
29.09 -2.95836e-13
29.095 1.84399e-12
29.1 -2.98946e-12
29.105 3.37635e-12
29.11 -2.85405e-12
29.115 1.54018e-12
29.12 2.10081e-13
29.125 -1.91754e-12
29.13 3.11935e-12
29.135 -3.50467e-12
29.14 2.99557e-12
29.145 -1.75541e-12
29.15 1.22568e-13
29.155 1.48951e-12
29.16 -2.69892e-12
29.165 3.24322e-12
29.17 -3.02591e-12
29.175 2.12744e-12
29.18 -7.67663e-13
29.185 -7.47381e-13
29.19 2.07924e-12
29.195 -2.93105e-12
29.2 3.11413e-12
29.205 -2.57622e-12
29.21 1.42466e-12
29.215 7.9169e-14
29.22 -1.57171e-12
29.225 2.67568e-12
29.23 -3.11089e-12
29.235 2.76747e-12
29.24 -1.74654e-12
29.245 3.29334e-13
29.25 1.11201e-12
29.255 -2.21623e-12
29.26 2.72916e-12
29.265 -2.56719e-12
29.27 1.8199e-12
29.275 -7.05247e-13
29.28 -4.92076e-13
29.285 1.49454e-12
29.29 -2.09096e-12
29.295 2.18562e-12
29.3 -1.80179e-12
29.305 1.06006e-12
29.31 -1.5366e-13
29.315 -7.088e-13
29.32 1.34229e-12
29.325 -1.62966e-12
29.33 1.55723e-12
29.335 -1.20056e-12
29.34 6.81607e-13
29.345 -1.2605e-13
29.35 -3.71176e-13
29.355 7.5918e-13
29.36 -1.02483e-12
29.365 1.17233e-12
29.37 -1.19123e-12
29.375 1.05394e-12
29.38 -7.37366e-13
29.385 2.39233e-13
29.39 3.91528e-13
29.395 -1.0453e-12
29.4 1.56982e-12
29.405 -1.80986e-12
29.41 1.66013e-12
29.415 -1.11296e-12
29.42 2.75081e-13
29.425 6.71691e-13
29.43 -1.5118e-12
29.435 2.04785e-12
29.44 -2.15968e-12
29.445 1.82667e-12
29.45 -1.11729e-12
29.455 1.64718e-13
29.46 8.57006e-13
29.465 -1.75782e-12
29.47 2.3573e-12
29.475 -2.50553e-12
29.48 2.12907e-12
29.485 -1.26269e-12
29.49 5.7622e-14
29.495 1.23602e-12
29.5 -2.31727e-12
29.505 2.90893e-12
29.51 -2.85077e-12
29.515 2.1397e-12
29.52 -9.36473e-13
29.525 -4.7739e-13
29.53 1.77798e-12
29.535 -2.67775e-12
29.54 2.99631e-12
29.545 -2.68645e-12
29.55 1.83051e-12
29.555 -6.10299e-13
29.56 -7.29521e-13
29.565 1.93143e-12
29.57 -2.75972e-12
29.575 3.0329e-12
29.58 -2.66588e-12
29.585 1.70439e-12
29.59 -3.40558e-13
29.595 -1.12332e-12
29.6 2.34279e-12
29.605 -3.01488e-12
29.61 2.97183e-12
29.615 -2.24267e-12
29.62 1.03802e-12
29.625 3.23318e-13
29.63 -1.51866e-12
29.635 2.30245e-12
29.64 -2.55886e-12
29.645 2.30351e-12
29.65 -1.63077e-12
29.655 6.87791e-13
29.66 3.58794e-13
29.665 -1.33287e-12
29.67 2.05282e-12
29.675 -2.36048e-12
29.68 2.15667e-12
29.685 -1.44539e-12
29.69 3.69126e-13
29.695 8.04281e-13
29.7 -1.75911e-12
29.705 2.23068e-12
29.71 -2.09791e-12
29.715 1.42077e-12
29.72 -4.19564e-13
29.725 -5.94309e-13
29.73 1.33659e-12
29.735 -1.63975e-12
29.74 1.4878e-12
29.745 -9.94388e-13
29.75 3.37232e-13
29.755 3.01385e-13
29.76 -7.91248e-13
29.765 1.06679e-12
29.77 -1.1022e-12
29.775 8.92616e-13
29.78 -4.57388e-13
29.785 -1.39439e-13
29.79 7.71853e-13
29.795 -1.2583e-12
29.8 1.41076e-12
29.805 -1.10988e-12
29.81 3.70751e-13
29.815 6.18645e-13
29.82 -1.53939e-12
29.825 2.05785e-12
29.83 -1.93975e-12
29.835 1.15364e-12
29.84 8.98393e-14
29.845 -1.4164e-12
29.85 2.41113e-12
29.855 -2.74211e-12
29.86 2.28445e-12
29.865 -1.1538e-12
29.87 -3.47991e-13
29.875 1.81072e-12
29.88 -2.83201e-12
29.885 3.12885e-12
29.89 -2.62596e-12
29.895 1.45871e-12
29.9 8.0868e-14
29.905 -1.60987e-12
29.91 2.76205e-12
29.915 -3.27118e-12
29.92 3.02587e-12
29.925 -2.08592e-12
29.93 6.65751e-13
29.935 9.1984e-13
29.94 -2.32822e-12
29.945 3.24371e-12
29.95 -3.44698e-12
29.955 2.86822e-12
29.96 -1.60546e-12
29.965 -7.69126e-14
29.97 1.79549e-12
29.975 -3.12953e-12
29.98 3.72588e-12
29.985 -3.413e-12
29.99 2.24855e-12
29.995 -5.22432e-13
30 -1.31121e-12
30.005 2.77074e-12
30.01 -3.48526e-12
30.015 3.30592e-12
30.02 -2.33428e-12
30.025 8.7984e-13
30.03 6.53833e-13
30.035 -1.8961e-12
30.04 2.59653e-12
30.045 -2.67022e-12
30.05 2.18571e-12
30.055 -1.31372e-12
30.06 2.6234e-13
30.065 7.5773e-13
30.07 -1.56546e-12
30.075 2.02969e-12
30.08 -2.07429e-12
30.085 1.69664e-12
30.09 -9.74281e-13
30.095 6.56432e-14
30.1 8.22281e-13
30.105 -1.4812e-12
30.11 1.75586e-12
30.115 -1.60338e-12
30.12 1.10155e-12
30.125 -4.20093e-13
30.13 -2.40959e-13
30.135 7.22262e-13
30.14 -9.51179e-13
30.145 9.53542e-13
30.15 -8.2076e-13
30.155 6.51163e-13
30.16 -4.91353e-13
30.165 3.29238e-13
30.17 -1.20661e-13
30.175 -1.77076e-13
30.18 5.58901e-13
30.185 -9.50198e-13
30.19 1.22714e-12
30.195 -1.26618e-12
30.2 1.00057e-12
30.205 -4.4746e-13
30.21 -2.86485e-13
30.215 1.03095e-12
30.22 -1.59731e-12
30.225 1.83148e-12
30.23 -1.65572e-12
30.235 1.08093e-12
30.24 -2.2045e-13
30.245 -7.44351e-13
30.25 1.59801e-12
30.255 -2.12984e-12
30.26 2.19725e-12
30.265 -1.76086e-12
30.27 8.93316e-13
30.275 2.22352e-13
30.28 -1.33294e-12
30.285 2.18045e-12
30.29 -2.54906e-12
30.295 2.33138e-12
30.3 -1.56421e-12
30.305 4.17709e-13
30.31 8.39845e-13
30.315 -1.91025e-12
30.32 2.54464e-12
30.325 -2.6028e-12
30.33 2.08424e-12
30.335 -1.12228e-12
30.34 -5.86529e-14
30.345 1.20344e-12
30.35 -2.08815e-12
30.355 2.54595e-12
30.36 -2.49036e-12
30.365 1.9327e-12
30.37 -9.69098e-13
30.375 -2.2335e-13
30.38 1.40593e-12
30.385 -2.32372e-12
30.39 2.76301e-12
30.395 -2.60137e-12
30.4 1.84957e-12
30.405 -6.65304e-13
30.41 -6.77103e-13
30.415 1.86138e-12
30.42 -2.61708e-12
30.425 2.77887e-12
30.43 -2.33028e-12
30.435 1.39191e-12
30.44 -1.81573e-13
30.445 -1.0341e-12
30.45 2.00297e-12
30.455 -2.53447e-12
30.46 2.53501e-12
30.465 -2.00942e-12
30.47 1.0614e-12
30.475 1.10947e-13
30.48 -1.25457e-12
30.485 2.12016e-12
30.49 -2.51516e-12
30.495 2.339e-12
30.5 -1.62521e-12
30.505 5.46469e-13
30.51 6.28753e-13
30.515 -1.61151e-12
30.52 2.17349e-12
30.525 -2.20258e-12
30.53 1.72266e-12
30.535 -8.78992e-13
30.54 -1.06033e-13
30.545 9.94009e-13
30.55 -1.59378e-12
30.555 1.80175e-12
30.56 -1.60046e-12
30.565 1.05792e-12
30.57 -3.04571e-13
30.575 -4.96544e-13
30.58 1.17314e-12
30.585 -1.56337e-12
30.59 1.55543e-12
30.595 -1.13058e-12
30.6 3.75247e-13
30.605 5.11664e-13
30.61 -1.26666e-12
30.615 1.65107e-12
30.62 -1.52484e-12
30.625 9.02688e-13
30.63 2.84668e-14
30.635 -9.75764e-13
30.64 1.64179e-12
30.645 -1.80878e-12
30.65 1.42082e-12
30.655 -5.92943e-13
30.66 -4.35116e-13
30.665 1.37196e-12
30.67 -1.96401e-12
30.675 2.05074e-12
30.68 -1.60308e-12
30.685 7.23431e-13
30.69 3.91373e-13
30.695 -1.48996e-12
30.7 2.30795e-12
30.705 -2.62943e-12
30.71 2.32585e-12
30.715 -1.3955e-12
30.72 5.09926e-15
30.725 1.53209e-12
30.73 -2.81942e-12
30.735 3.46704e-12
30.74 -3.22401e-12
30.745 2.08832e-12
30.75 -3.29924e-13
30.755 -1.57934e-12
30.76 3.11106e-12
30.765 -3.83706e-12
30.77 3.56827e-12
30.775 -2.41058e-12
30.78 7.01231e-13
30.785 1.09709e-12
30.79 -2.54532e-12
30.795 3.34552e-12
30.8 -3.38081e-12
30.805 2.7098e-12
30.81 -1.52106e-12
30.815 7.11718e-14
30.82 1.36507e-12
30.825 -2.51837e-12
30.83 3.16132e-12
30.835 -3.14794e-12
30.84 2.451e-12
30.845 -1.19175e-12
30.85 -3.59524e-13
30.855 1.83303e-12
30.86 -2.86056e-12
30.865 3.18247e-12
30.87 -2.72983e-12
30.875 1.64737e-12
30.88 -2.41799e-13
30.885 -1.1092e-12
30.89 2.0701e-12
30.895 -2.44676e-12
30.9 2.22824e-12
30.905 -1.56296e-12
30.91 6.79083e-13
30.915 1.92653e-13
30.92 -8.69143e-13
30.925 1.25925e-12
30.93 -1.36346e-12
30.935 1.23789e-12
30.94 -9.62185e-13
30.945 6.14389e-13
30.95 -2.52802e-13
30.955 -9.13392e-14
30.96 4.0259e-13
30.965 -6.71933e-13
30.97 8.88128e-13
30.975 -1.02643e-12
30.98 1.04266e-12
30.985 -8.94365e-13
30.99 5.60705e-13
30.995 -6.38796e-14
31 -5.1465e-13
31.005 1.05333e-12
31.01 -1.41659e-12
31.015 1.50633e-12
31.02 -1.28652e-12
31.025 7.9014e-13
31.03 -1.18521e-13
31.035 -6.00543e-13
31.04 1.24105e-12
31.045 -1.68296e-12
31.05 1.83078e-12
31.055 -1.62584e-12
31.06 1.05618e-12
31.065 -1.8477e-13
31.07 -8.32818e-13
31.075 1.76807e-12
31.08 -2.36858e-12
31.085 2.42887e-12
31.09 -1.87229e-12
31.095 7.93712e-13
31.1 5.4496e-13
31.105 -1.78444e-12
31.11 2.5875e-12
31.115 -2.73428e-12
31.12 2.1952e-12
31.125 -1.12856e-12
31.13 -1.76746e-13
31.135 1.38301e-12
31.14 -2.21242e-12
31.145 2.50298e-12
31.15 -2.23415e-12
31.155 1.50919e-12
31.16 -5.09698e-13
31.165 -5.54242e-13
31.17 1.48299e-12
31.175 -2.10273e-12
31.18 2.29769e-12
31.185 -2.02335e-12
31.19 1.3178e-12
31.195 -3.11869e-13
31.2 -7.85957e-13
31.205 1.72814e-12
31.21 -2.29475e-12
31.215 2.34848e-12
31.22 -1.87043e-12
31.225 9.74302e-13
31.23 1.24604e-13
31.235 -1.17505e-12
31.24 1.95207e-12
31.245 -2.30008e-12
31.25 2.15831e-12
31.255 -1.56846e-12
31.26 6.59155e-13
31.265 3.79636e-13
31.27 -1.34305e-12
31.275 2.03998e-12
31.28 -2.32344e-12
31.285 2.12282e-12
31.29 -1.45565e-12
31.295 4.46383e-13
31.3 6.94792e-13
31.305 -1.71416e-12
31.31 2.36785e-12
31.315 -2.48128e-12
31.32 2.00855e-12
31.325 -1.0525e-12
31.33 -1.56594e-13
31.335 1.31705e-12
31.34 -2.14776e-12
31.345 2.4518e-12
31.35 -2.17169e-12
31.355 1.40022e-12
31.36 -3.35614e-13
31.365 -7.62566e-13
31.37 1.64049e-12
31.375 -2.11574e-12
31.38 2.10548e-12
31.385 -1.62883e-12
31.39 8.00796e-13
31.395 1.85906e-13
31.4 -1.10629e-12
31.405 1.75576e-12
31.41 -1.98835e-12
31.415 1.7481e-12
31.42 -1.09202e-12
31.425 1.7598e-13
31.43 7.75801e-13
31.435 -1.52417e-12
31.44 1.8754e-12
31.445 -1.73553e-12
31.45 1.1395e-12
31.455 -2.45081e-13
31.46 -7.05521e-13
31.465 1.4523e-12
31.47 -1.79201e-12
31.475 1.64221e-12
31.48 -1.04495e-12
31.485 1.60911e-13
31.49 7.6658e-13
31.495 -1.49416e-12
31.5 1.83566e-12
31.505 -1.69572e-12
31.51 1.09294e-12
31.515 -1.60814e-13
31.52 -8.75057e-13
31.525 1.74522e-12
31.53 -2.19965e-12
31.535 2.08016e-12
31.54 -1.37185e-12
31.545 2.23697e-13
31.55 1.07785e-12
31.555 -2.17812e-12
31.56 2.74924e-12
31.565 -2.5988e-12
31.57 1.72955e-12
31.575 -3.47564e-13
31.58 -1.18118e-12
31.585 2.44704e-12
31.59 -3.11293e-12
31.595 2.99711e-12
31.6 -2.12395e-12
31.605 7.16209e-13
31.61 8.68892e-13
31.615 -2.245e-12
31.62 3.09189e-12
31.625 -3.22608e-12
31.63 2.62629e-12
31.635 -1.43215e-12
31.64 -9.13755e-14
31.645 1.61358e-12
31.65 -2.79002e-12
31.655 3.34651e-12
31.66 -3.14415e-12
31.665 2.21161e-12
31.67 -7.54714e-13
31.675 -8.81173e-13
31.68 2.29949e-12
31.685 -3.15295e-12
31.69 3.24096e-12
31.695 -2.56487e-12
31.7 1.31821e-12
31.705 1.56554e-13
31.71 -1.48571e-12
31.715 2.37057e-12
31.72 -2.65398e-12
31.725 2.34825e-12
31.73 -1.5986e-12
31.735 6.27645e-13
31.74 3.39474e-13
31.745 -1.13012e-12
31.75 1.64217e-12
31.755 -1.8307e-12
31.76 1.69891e-12
31.765 -1.28998e-12
31.77 6.81872e-13
31.775 1.77575e-14
31.78 -6.80564e-13
31.785 1.16965e-12
31.79 -1.39121e-12
31.795 1.32333e-12
31.8 -1.01734e-12
31.805 5.84039e-13
31.81 -1.52132e-13
31.815 -1.81829e-13
31.82 3.98045e-13
31.825 -5.40693e-13
31.83 6.75066e-13
31.835 -8.43244e-13
31.84 1.02478e-12
31.845 -1.12709e-12
31.85 1.01798e-12
31.855 -6.00268e-13
31.86 -1.18359e-13
31.865 9.99663e-13
31.87 -1.80125e-12
31.875 2.25149e-12
31.88 -2.15452e-12
31.885 1.47585e-12
31.89 -3.64649e-13
31.895 -8.91512e-13
31.9 1.96051e-12
31.905 -2.56944e-12
31.91 2.57776e-12
31.915 -2.00645e-12
31.92 1.0123e-12
31.925 1.69548e-13
31.93 -1.29744e-12
31.935 2.16204e-12
31.94 -2.5941e-12
31.945 2.50688e-12
31.95 -1.90704e-12
31.955 8.87243e-13
31.96 3.62295e-13
31.965 -1.57987e-12
31.97 2.48445e-12
31.975 -2.8469e-12
31.98 2.55813e-12
31.985 -1.66886e-12
31.99 3.90175e-13
31.995 9.63174e-13
32 -2.07013e-12
32.005 2.67939e-12
32.01 -2.66513e-12
32.015 2.05598e-12
32.02 -1.01824e-12
32.025 -1.97584e-13
32.03 1.32217e-12
32.035 -2.11439e-12
32.04 2.4222e-12
32.045 -2.20227e-12
32.05 1.52167e-12
32.055 -5.45756e-13
32.06 -5.05297e-13
32.065 1.39984e-12
32.07 -1.95764e-12
32.075 2.08009e-12
32.08 -1.77015e-12
32.085 1.12474e-12
32.09 -2.93164e-13
32.095 -5.59391e-13
32.1 1.28095e-12
32.105 -1.74856e-12
32.11 1.88584e-12
32.115 -1.6635e-12
32.12 1.10316e-12
32.125 -2.8842e-13
32.13 -6.36243e-13
32.135 1.47998e-12
32.14 -2.0336e-12
32.145 2.13117e-12
32.15 -1.71168e-12
32.155 8.50534e-13
32.16 2.48221e-13
32.165 -1.30479e-12
32.17 2.03806e-12
32.175 -2.25627e-12
32.18 1.91733e-12
32.185 -1.12321e-12
32.19 8.79178e-14
32.195 9.28145e-13
32.2 -1.69625e-12
32.205 2.064e-12
32.21 -1.97478e-12
32.215 1.45955e-12
32.22 -6.25423e-13
32.225 -3.6147e-13
32.23 1.29375e-12
32.235 -1.95591e-12
32.24 2.17345e-12
32.245 -1.86604e-12
32.25 1.08126e-12
32.255 2.92296e-15
32.26 -1.1091e-12
32.265 1.93899e-12
32.27 -2.26795e-12
32.275 2.0076e-12
32.28 -1.2314e-12
32.285 1.5535e-13
32.29 9.31154e-13
32.295 -1.74672e-12
32.3 2.09858e-12
32.305 -1.92003e-12
32.31 1.28459e-12
32.315 -3.71784e-13
32.32 -5.99075e-13
32.325 1.40494e-12
32.33 -1.86606e-12
32.335 1.8891e-12
32.34 -1.47175e-12
32.345 7.04785e-13
32.35 2.41931e-13
32.355 -1.15786e-12
32.36 1.82101e-12
32.365 -2.05488e-12
32.37 1.77559e-12
32.375 -1.01897e-12
32.38 -4.31653e-14
32.385 1.14053e-12
32.39 -1.98041e-12
32.395 2.32562e-12
32.4 -2.05185e-12
32.405 1.21071e-12
32.41 -1.64881e-14
32.415 -1.21742e-12
32.42 2.15572e-12
32.425 -2.54558e-12
32.43 2.27522e-12
32.435 -1.40098e-12
32.44 1.41441e-13
32.445 1.17912e-12
32.45 -2.21942e-12
32.455 2.71101e-12
32.46 -2.52534e-12
32.465 1.7028e-12
32.47 -4.4449e-13
32.475 -9.44592e-13
32.48 2.12334e-12
32.485 -2.80224e-12
32.49 2.80615e-12
32.495 -2.11899e-12
32.5 9.03645e-13
32.505 5.44738e-13
32.51 -1.8751e-12
32.515 2.76142e-12
32.52 -2.97774e-12
32.525 2.4668e-12
32.53 -1.36375e-12
32.535 -5.32092e-14
32.54 1.43185e-12
32.545 -2.42916e-12
32.55 2.8207e-12
32.555 -2.54496e-12
32.56 1.70339e-12
32.565 -5.18627e-13
32.57 -7.20078e-13
32.575 1.72915e-12
32.58 -2.29955e-12
32.585 2.34077e-12
32.59 -1.88677e-12
32.595 1.06777e-12
32.6 -8.43163e-14
32.605 -8.50105e-13
32.61 1.54711e-12
32.615 -1.87535e-12
32.62 1.79133e-12
32.625 -1.34604e-12
32.63 6.63303e-13
32.635 8.6584e-14
32.64 -7.29039e-13
32.645 1.13477e-12
32.65 -1.24666e-12
32.655 1.09223e-12
32.66 -7.65402e-13
32.665 3.89817e-13
32.67 -7.2803e-14
32.675 -1.30704e-13
32.68 2.30313e-13
32.685 -2.92347e-13
32.69 3.94416e-13
32.695 -5.68619e-13
32.7 7.84733e-13
32.705 -9.54061e-13
32.71 9.62155e-13
32.715 -7.25905e-13
32.72 2.29917e-13
32.725 4.41467e-13
32.73 -1.1299e-12
32.735 1.65436e-12
32.74 -1.85511e-12
32.745 1.64764e-12
32.75 -1.04726e-12
32.755 1.64017e-13
32.76 8.22775e-13
32.765 -1.70004e-12
32.77 2.27567e-12
32.775 -2.41049e-12
32.78 2.03861e-12
32.785 -1.19859e-12
32.79 3.18424e-14
32.795 1.2349e-12
32.8 -2.31837e-12
32.805 2.95131e-12
32.81 -2.9466e-12
32.815 2.25203e-12
32.82 -9.86776e-13
32.825 -5.65893e-13
32.83 2.02765e-12
32.835 -3.02964e-12
32.84 3.31472e-12
32.845 -2.81759e-12
32.85 1.67506e-12
32.855 -1.88046e-13
32.86 -1.26941e-12
32.865 2.36858e-12
32.87 -2.89486e-12
32.875 2.78576e-12
32.88 -2.12903e-12
32.885 1.10823e-12
32.89 5.24791e-14
32.895 -1.1447e-12
32.9 1.9897e-12
32.905 -2.45572e-12
32.91 2.46901e-12
32.915 -2.01544e-12
32.92 1.16734e-12
32.925 -7.19472e-14
32.93 -1.06373e-12
32.935 1.9991e-12
32.94 -2.51719e-12
32.945 2.48682e-12
32.95 -1.90225e-12
32.955 9.01872e-13
32.96 2.69347e-13
32.965 -1.33717e-12
32.97 2.06098e-12
32.975 -2.29849e-12
32.98 2.03788e-12
32.985 -1.38605e-12
32.99 5.15807e-13
32.995 3.86032e-13
33 -1.15979e-12
33.005 1.69174e-12
33.01 -1.91267e-12
33.015 1.79407e-12
33.02 -1.34408e-12
33.025 6.13292e-13
33.03 2.84498e-13
33.035 -1.17254e-12
33.04 1.84876e-12
33.045 -2.13112e-12
33.05 1.918e-12
33.055 -1.22584e-12
33.06 2.08622e-13
33.065 8.78678e-13
33.07 -1.7544e-12
33.075 2.18241e-12
33.08 -2.05455e-12
33.085 1.41455e-12
33.09 -4.39481e-13
33.095 -6.14904e-13
33.1 1.48922e-12
33.105 -1.97942e-12
33.11 1.97963e-12
33.115 -1.50538e-12
33.12 6.79962e-13
33.125 3.04159e-13
33.13 -1.2202e-12
33.135 1.84421e-12
33.14 -2.0128e-12
33.145 1.66619e-12
33.15 -8.7862e-13
33.155 -1.4824e-13
33.16 1.14348e-12
33.165 -1.83736e-12
33.17 2.04454e-12
33.175 -1.71779e-12
33.18 9.55226e-13
33.185 3.62132e-14
33.19 -1.00254e-12
33.195 1.70703e-12
33.2 -1.98974e-12
33.205 1.80055e-12
33.21 -1.18908e-12
33.215 2.89946e-13
33.22 6.97127e-13
33.225 -1.54558e-12
33.23 2.05888e-12
33.235 -2.09538e-12
33.24 1.61129e-12
33.245 -6.97459e-13
33.25 -4.3797e-13
33.255 1.50781e-12
33.26 -2.22461e-12
33.265 2.38367e-12
33.27 -1.92869e-12
33.275 9.72656e-13
33.28 2.30207e-13
33.285 -1.36785e-12
33.29 2.15795e-12
33.295 -2.41549e-12
33.3 2.0983e-12
33.305 -1.30052e-12
33.31 2.15516e-13
33.315 9.19006e-13
33.32 -1.85649e-12
33.325 2.39122e-12
33.33 -2.39704e-12
33.335 1.84641e-12
33.34 -8.33916e-13
33.345 -4.27358e-13
33.35 1.64512e-12
33.355 -2.5072e-12
33.36 2.76538e-12
33.365 -2.32097e-12
33.37 1.25992e-12
33.375 1.54057e-13
33.38 -1.54489e-12
33.385 2.53176e-12
33.39 -2.85326e-12
33.395 2.43398e-12
33.4 -1.39988e-12
33.405 4.5384e-14
33.41 1.26447e-12
33.415 -2.19833e-12
33.42 2.54992e-12
33.425 -2.27712e-12
33.43 1.49084e-12
33.435 -4.08608e-13
33.44 -7.07293e-13
33.445 1.60752e-12
33.45 -2.10347e-12
33.455 2.10302e-12
33.46 -1.62675e-12
33.465 8.05807e-13
33.47 1.59854e-13
33.475 -1.04715e-12
33.48 1.64845e-12
33.485 -1.83336e-12
33.49 1.57939e-12
33.495 -9.75461e-13
33.5 1.92936e-13
33.505 5.62195e-13
33.51 -1.10732e-12
33.515 1.33339e-12
33.52 -1.22289e-12
33.525 8.47635e-13
33.53 -3.40899e-13
33.535 -1.4934e-13
33.54 4.99903e-13
33.545 -6.49039e-13
33.55 6.08869e-13
33.555 -4.47552e-13
33.56 2.52626e-13
33.565 -1.02672e-13
33.57 4.07884e-14
33.575 -6.24764e-14
33.58 1.25383e-13
33.585 -1.64057e-13
33.59 1.19043e-13
33.595 4.51095e-14
33.6 -3.1193e-13
33.605 6.13581e-13
33.61 -8.56291e-13
33.615 9.39286e-13
33.62 -7.88225e-13
33.625 3.86926e-13
33.63 2.09183e-13
33.635 -8.75936e-13
33.64 1.44456e-12
33.645 -1.74635e-12
33.65 1.65583e-12
33.655 -1.13521e-12
33.66 2.58335e-13
33.665 7.93666e-13
33.67 -1.76821e-12
33.675 2.40099e-12
33.68 -2.49573e-12
33.685 1.98232e-12
33.69 -9.406e-13
33.695 -3.96608e-13
33.7 1.704e-12
33.705 -2.6517e-12
33.71 2.99282e-12
33.715 -2.63135e-12
33.72 1.6519e-12
33.725 -2.89726e-13
33.73 -1.13593e-12
33.735 2.29342e-12
33.74 -2.93051e-12
33.745 2.92279e-12
33.75 -2.2917e-12
33.755 1.19709e-12
33.76 1.22207e-13
33.765 -1.3929e-12
33.77 2.35969e-12
33.775 -2.83776e-12
33.78 2.74046e-12
33.785 -2.08843e-12
33.79 1.01009e-12
33.795 2.69346e-13
33.8 -1.4803e-12
33.805 2.37182e-12
33.81 -2.75966e-12
33.815 2.56946e-12
33.82 -1.85857e-12
33.825 7.92814e-13
33.83 3.96924e-13
33.835 -1.4608e-12
33.84 2.19037e-12
33.845 -2.46506e-12
33.85 2.2648e-12
33.855 -1.65741e-12
33.86 7.7596e-13
33.865 2.17166e-13
33.87 -1.15164e-12
33.875 1.87708e-12
33.88 -2.27615e-12
33.885 2.26983e-12
33.89 -1.83946e-12
33.895 1.03836e-12
33.9 4.75693e-15
33.905 -1.10006e-12
33.91 2.01568e-12
33.915 -2.53022e-12
33.92 2.4991e-12
33.925 -1.90414e-12
33.93 8.70195e-13
33.935 3.61144e-13
33.94 -1.50007e-12
33.945 2.28224e-12
33.95 -2.53079e-12
33.955 2.20989e-12
33.96 -1.42319e-12
33.965 3.67783e-13
33.97 7.1497e-13
33.975 -1.60167e-12
33.98 2.12888e-12
33.985 -2.20359e-12
33.99 1.82273e-12
33.995 -1.06961e-12
34 9.48474e-14
34.005 9.05137e-13
34.01 -1.72188e-12
34.015 2.16336e-12
34.02 -2.10247e-12
34.025 1.52977e-12
34.03 -5.66817e-13
34.035 -5.54661e-13
34.04 1.54058e-12
34.045 -2.12282e-12
34.05 2.13723e-12
34.055 -1.57199e-12
34.06 5.91376e-13
34.065 5.24986e-13
34.07 -1.46489e-12
34.075 1.97311e-12
34.08 -1.92759e-12
34.085 1.36343e-12
34.09 -4.59987e-13
34.095 -5.27182e-13
34.1 1.33469e-12
34.105 -1.76588e-12
34.11 1.73597e-12
34.115 -1.27178e-12
34.12 5.0274e-13
34.125 3.78873e-13
34.13 -1.16879e-12
34.135 1.68379e-12
34.14 -1.80114e-12
34.145 1.48906e-12
34.15 -8.02896e-13
34.155 -1.11802e-13
34.16 1.04565e-12
34.165 -1.77315e-12
34.17 2.09639e-12
34.175 -1.90952e-12
34.18 1.22922e-12
34.185 -1.9977e-13
34.19 -9.2791e-13
34.195 1.86289e-12
34.2 -2.35997e-12
34.205 2.27992e-12
34.21 -1.63367e-12
34.215 5.79962e-13
34.22 6.22678e-13
34.225 -1.68148e-12
34.23 2.34861e-12
34.235 -2.47258e-12
34.24 2.037e-12
34.245 -1.14561e-12
34.25 -1.12546e-14
34.255 1.17873e-12
34.26 -2.1019e-12
34.265 2.57916e-12
34.27 -2.48248e-12
34.275 1.80809e-12
34.28 -6.92939e-13
34.285 -6.16317e-13
34.29 1.80803e-12
34.295 -2.58095e-12
34.3 2.73273e-12
34.305 -2.22075e-12
34.31 1.17344e-12
34.315 1.43263e-13
34.32 -1.3947e-12
34.325 2.26836e-12
34.33 -2.57177e-12
34.335 2.2603e-12
34.34 -1.43798e-12
34.345 3.27222e-13
34.35 8.03286e-13
34.355 -1.69306e-12
34.36 2.15568e-12
34.365 -2.10923e-12
34.37 1.57806e-12
34.375 -7.00103e-13
34.38 -3.02352e-13
34.385 1.18359e-12
34.39 -1.7257e-12
34.395 1.79794e-12
34.4 -1.40464e-12
34.405 6.82428e-13
34.41 1.40558e-13
34.415 -8.22185e-13
34.42 1.18261e-12
34.425 -1.15808e-12
34.43 8.19529e-13
34.435 -3.28151e-13
34.44 -1.34605e-13
34.445 4.241e-13
34.45 -4.88063e-13
34.455 3.70957e-13
34.46 -1.67672e-13
34.465 -1.86954e-14
34.47 1.16046e-13
34.475 -1.08716e-13
34.48 1.94366e-14
34.485 1.15135e-13
34.49 -2.50349e-13
34.495 3.42588e-13
34.5 -3.54513e-13
34.505 2.57615e-13
34.51 -3.84094e-14
34.515 -2.75585e-13
34.52 6.18535e-13
34.525 -8.94736e-13
34.53 9.86402e-13
34.535 -8.03536e-13
34.54 3.31716e-13
34.545 3.47785e-13
34.55 -1.06155e-12
34.555 1.58819e-12
34.56 -1.73514e-12
34.565 1.40721e-12
34.57 -6.47855e-13
34.575 -3.62736e-13
34.58 1.35524e-12
34.585 -2.05343e-12
34.59 2.2554e-12
34.595 -1.89169e-12
34.6 1.04328e-12
34.605 8.66017e-14
34.61 -1.2288e-12
34.615 2.10767e-12
34.62 -2.51205e-12
34.625 2.34192e-12
34.63 -1.62458e-12
34.635 5.13768e-13
34.64 7.46051e-13
34.645 -1.8622e-12
34.65 2.56914e-12
34.655 -2.69601e-12
34.66 2.20166e-12
34.665 -1.18981e-12
34.67 -1.01399e-13
34.675 1.36406e-12
34.68 -2.30739e-12
34.685 2.71583e-12
34.69 -2.50685e-12
34.695 1.74684e-12
34.7 -6.26737e-13
34.705 -5.84981e-13
34.71 1.61817e-12
34.715 -2.26897e-12
34.72 2.43042e-12
34.725 -2.09664e-12
34.73 1.3657e-12
34.735 -4.08762e-13
34.74 -5.80495e-13
34.745 1.42413e-12
34.75 -1.97945e-12
34.755 2.16297e-12
34.76 -1.95675e-12
34.765 1.39758e-12
34.77 -5.85493e-13
34.775 -3.35613e-13
34.78 1.20906e-12
34.785 -1.87931e-12
34.79 2.21458e-12
34.795 -2.13572e-12
34.8 1.6373e-12
34.805 -7.9635e-13
34.81 -2.34247e-13
34.815 1.25143e-12
34.82 -2.04297e-12
34.825 2.43542e-12
34.83 -2.33173e-12
34.835 1.74088e-12
34.84 -7.86048e-13
34.845 -3.40896e-13
34.85 1.41182e-12
34.855 -2.20613e-12
34.86 2.55921e-12
34.865 -2.38863e-12
34.87 1.72675e-12
34.875 -7.05613e-13
34.88 -4.75323e-13
34.885 1.57938e-12
34.89 -2.37892e-12
34.895 2.69494e-12
34.9 -2.44129e-12
34.905 1.65215e-12
34.91 -4.80793e-13
34.915 -8.1635e-13
34.92 1.9482e-12
34.925 -2.6561e-12
34.93 2.76074e-12
34.935 -2.22755e-12
34.94 1.18336e-12
34.945 1.2368e-13
34.95 -1.37864e-12
34.955 2.27963e-12
34.96 -2.62079e-12
34.965 2.34287e-12
34.97 -1.53931e-12
34.975 4.23013e-13
34.98 7.3098e-13
34.985 -1.6627e-12
34.99 2.17505e-12
34.995 -2.17186e-12
35 1.68392e-12
35.005 -8.39835e-13
35.01 -1.62891e-13
35.015 1.09432e-12
35.02 -1.74683e-12
35.025 1.97514e-12
35.03 -1.72755e-12
35.035 1.06139e-12
35.04 -1.36502e-13
35.045 -8.17749e-13
35.05 1.55282e-12
35.055 -1.8724e-12
35.06 1.68701e-12
35.065 -1.04259e-12
35.07 1.18366e-13
35.075 8.26204e-13
35.08 -1.53417e-12
35.085 1.81235e-12
35.09 -1.58636e-12
35.095 9.27816e-13
35.1 -2.20077e-14
35.105 -8.80155e-13
35.11 1.53898e-12
35.115 -1.78632e-12
35.12 1.56642e-12
35.125 -9.49754e-13
35.13 1.02255e-13
35.135 7.62246e-13
35.14 -1.44044e-12
35.145 1.78587e-12
35.15 -1.72897e-12
35.155 1.28265e-12
35.16 -5.33158e-13
35.165 -3.69597e-13
35.17 1.2343e-12
35.175 -1.86548e-12
35.18 2.1079e-12
35.185 -1.87039e-12
35.19 1.16618e-12
35.195 -1.38211e-13
35.2 -9.85451e-13
35.205 1.92862e-12
35.21 -2.44049e-12
35.215 2.37092e-12
35.22 -1.71713e-12
35.225 6.3562e-13
35.23 6.09486e-13
35.235 -1.71144e-12
35.24 2.40449e-12
35.245 -2.53275e-12
35.25 2.07601e-12
35.255 -1.15596e-12
35.26 -1.48577e-15
35.265 1.13293e-12
35.27 -1.99119e-12
35.275 2.39402e-12
35.28 -2.2638e-12
35.285 1.64011e-12
35.29 -6.6863e-13
35.295 -4.32855e-13
35.3 1.41677e-12
35.305 -2.05709e-12
35.31 2.21677e-12
35.315 -1.86603e-12
35.32 1.09241e-12
35.325 -9.51521e-14
35.33 -8.72916e-13
35.335 1.57538e-12
35.34 -1.85202e-12
35.345 1.65897e-12
35.35 -1.07881e-12
35.355 2.92663e-13
35.36 4.70327e-13
35.365 -1.00832e-12
35.37 1.20447e-12
35.375 -1.05018e-12
35.38 6.43154e-13
35.385 -1.4761e-13
35.39 -2.64145e-13
35.395 4.75546e-13
35.4 -4.55018e-13
35.405 2.53694e-13
35.41 1.52655e-14
35.415 -2.26744e-13
35.42 2.88541e-13
35.425 -1.70062e-13
35.43 -9.10237e-14
35.435 4.06455e-13
35.44 -6.62213e-13
35.445 7.53811e-13
35.45 -6.27841e-13
35.455 2.84523e-13
35.46 2.15991e-13
35.465 -7.57491e-13
35.47 1.19898e-12
35.475 -1.40238e-12
35.48 1.27324e-12
35.485 -7.9376e-13
35.49 3.47725e-14
35.495 8.37474e-13
35.5 -1.59517e-12
35.505 2.02171e-12
35.51 -1.96981e-12
35.515 1.41169e-12
35.52 -4.59525e-13
35.525 -6.60123e-13
35.53 1.66585e-12
35.535 -2.30026e-12
35.54 2.40378e-12
35.545 -1.94538e-12
35.55 1.03441e-12
35.555 1.17399e-13
35.56 -1.26058e-12
35.565 2.14344e-12
35.57 -2.57272e-12
35.575 2.44612e-12
35.58 -1.76403e-12
35.585 6.60981e-13
35.59 6.23622e-13
35.595 -1.80045e-12
35.6 2.58394e-12
35.605 -2.76988e-12
35.61 2.29681e-12
35.615 -1.27509e-12
35.62 -4.25716e-14
35.625 1.32586e-12
35.63 -2.25358e-12
35.635 2.60897e-12
35.64 -2.34082e-12
35.645 1.56199e-12
35.65 -5.03925e-13
35.655 -5.62975e-13
35.66 1.41173e-12
35.665 -1.90162e-12
35.67 1.99157e-12
35.675 -1.71845e-12
35.68 1.16688e-12
35.685 -4.49957e-13
35.69 -3.13015e-13
35.695 1.01273e-12
35.7 -1.54023e-12
35.705 1.79485e-12
35.71 -1.71937e-12
35.715 1.30945e-12
35.72 -6.33331e-13
35.725 -1.7504e-13
35.73 9.51651e-13
35.735 -1.53799e-12
35.74 1.81972e-12
35.745 -1.7499e-12
35.75 1.35654e-12
35.755 -7.19922e-13
35.76 -5.22508e-14
35.765 8.33943e-13
35.77 -1.49282e-12
35.775 1.91156e-12
35.78 -1.99015e-12
35.785 1.67638e-12
35.79 -9.92542e-13
35.795 4.16828e-14
35.8 9.9577e-13
35.805 -1.88937e-12
35.81 2.41025e-12
35.815 -2.40534e-12
35.82 1.84313e-12
35.825 -8.34249e-13
35.83 -3.93438e-13
35.835 1.5548e-12
35.84 -2.37699e-12
35.845 2.67068e-12
35.85 -2.37147e-12
35.855 1.54898e-12
35.86 -3.8864e-13
35.865 -8.52538e-13
35.87 1.90516e-12
35.875 -2.54957e-12
35.88 2.65087e-12
35.885 -2.18206e-12
35.89 1.23908e-12
35.895 -1.61788e-14
35.9 -1.22012e-12
35.905 2.19551e-12
35.91 -2.69519e-12
35.915 2.59622e-12
35.92 -1.91363e-12
35.925 7.97655e-13
35.93 5.00592e-13
35.935 -1.68017e-12
35.94 2.46954e-12
35.945 -2.68671e-12
35.95 2.28446e-12
35.955 -1.36099e-12
35.96 1.41745e-13
35.965 1.08365e-12
35.97 -2.03265e-12
35.975 2.48971e-12
35.98 -2.35476e-12
35.985 1.67029e-12
35.99 -6.15535e-13
35.995 -5.45925e-13
36 1.53191e-12
36.005 -2.11515e-12
36.01 2.17285e-12
36.015 -1.71412e-12
36.02 8.73948e-13
36.025 1.28201e-13
36.03 -1.0491e-12
36.035 1.67675e-12
36.04 -1.87592e-12
36.045 1.62178e-12
36.05 -9.97481e-13
36.055 1.63711e-13
36.06 6.79362e-13
36.065 -1.33066e-12
36.07 1.64128e-12
36.075 -1.54683e-12
36.08 1.07279e-12
36.085 -3.36917e-13
36.09 -4.79276e-13
36.095 1.1735e-12
36.1 -1.57028e-12
36.105 1.56483e-12
36.11 -1.15434e-12
36.115 4.34101e-13
36.12 4.17874e-13
36.125 -1.17324e-12
36.13 1.6288e-12
36.135 -1.65928e-12
36.14 1.25357e-12
36.145 -5.17018e-13
36.15 -3.58613e-13
36.155 1.14725e-12
36.16 -1.64846e-12
36.165 1.73987e-12
36.17 -1.41112e-12
36.175 7.46537e-13
36.18 9.37405e-14
36.185 -9.1536e-13
36.19 1.5341e-12
36.195 -1.81408e-12
36.2 1.69474e-12
36.205 -1.19253e-12
36.21 4.064e-13
36.215 4.96144e-13
36.22 -1.32222e-12
36.225 1.88069e-12
36.23 -2.02348e-12
36.235 1.69667e-12
36.24 -9.54744e-13
36.245 -3.77942e-14
36.25 1.04624e-12
36.255 -1.8216e-12
36.26 2.16769e-12
36.265 -1.99222e-12
36.27 1.33518e-12
36.275 -3.65909e-13
36.28 -6.72215e-13
36.285 1.52058e-12
36.29 -1.97458e-12
36.295 1.94105e-12
36.3 -1.45509e-12
36.305 6.58403e-13
36.31 2.38717e-13
36.315 -1.01537e-12
36.32 1.49835e-12
36.325 -1.5939e-12
36.33 1.3141e-12
36.335 -7.58634e-13
36.34 8.51889e-14
36.345 5.27932e-13
36.35 -9.42893e-13
36.355 1.08062e-12
36.36 -9.3544e-13
36.365 5.77936e-13
36.37 -1.24799e-13
36.375 -2.90848e-13
36.38 5.49642e-13
36.385 -5.87115e-13
36.39 4.11543e-13
36.395 -9.31809e-14
36.4 -2.4743e-13
36.405 4.74524e-13
36.41 -4.83951e-13
36.415 2.48618e-13
36.42 1.72121e-13
36.425 -6.37832e-13
36.43 9.67385e-13
36.435 -1.01235e-12
36.44 7.089e-13
36.445 -1.04521e-13
36.45 -6.47296e-13
36.455 1.32606e-12
36.46 -1.71096e-12
36.465 1.65413e-12
36.47 -1.13584e-12
36.475 2.65363e-13
36.48 7.41652e-13
36.485 -1.6258e-12
36.49 2.15997e-12
36.495 -2.19824e-12
36.5 1.72015e-12
36.505 -8.23165e-13
36.51 -2.99421e-13
36.515 1.39679e-12
36.52 -2.22133e-12
36.525 2.57835e-12
36.53 -2.37017e-12
36.535 1.62372e-12
36.54 -4.90142e-13
36.545 -7.86512e-13
36.55 1.92254e-12
36.555 -2.65383e-12
36.56 2.8045e-12
36.565 -2.32961e-12
36.57 1.32276e-12
36.575 -1.52176e-14
36.58 -1.29081e-12
36.585 2.29886e-12
36.59 -2.78412e-12
36.595 2.64912e-12
36.6 -1.9383e-12
36.605 8.29832e-13
36.61 4.12591e-13
36.615 -1.51242e-12
36.62 2.24468e-12
36.625 -2.47345e-12
36.63 2.18103e-12
36.635 -1.47081e-12
36.64 5.21409e-13
36.645 4.61086e-13
36.65 -1.28987e-12
36.655 1.82648e-12
36.66 -1.99472e-12
36.665 1.79612e-12
36.67 -1.29923e-12
36.675 6.08482e-13
36.68 1.56397e-13
36.685 -8.6904e-13
36.69 1.42113e-12
36.695 -1.72122e-12
36.7 1.72182e-12
36.705 -1.43054e-12
36.71 8.93328e-13
36.715 -1.9917e-13
36.72 -5.38999e-13
36.725 1.19856e-12
36.73 -1.66965e-12
36.735 1.86416e-12
36.74 -1.73363e-12
36.745 1.27599e-12
36.75 -5.40588e-13
36.755 -3.63818e-13
36.76 1.2728e-12
36.765 -1.98838e-12
36.77 2.33027e-12
36.775 -2.1788e-12
36.78 1.52005e-12
36.785 -4.69412e-13
36.79 -7.46481e-13
36.795 1.83775e-12
36.8 -2.52749e-12
36.805 2.63683e-12
36.81 -2.13395e-12
36.815 1.13752e-12
36.82 1.13608e-13
36.825 -1.32115e-12
36.83 2.21071e-12
36.835 -2.60083e-12
36.84 2.42232e-12
36.845 -1.731e-12
36.85 6.84962e-13
36.855 4.97581e-13
36.86 -1.57554e-12
36.865 2.33028e-12
36.87 -2.59594e-12
36.875 2.29515e-12
36.88 -1.4707e-12
36.885 2.88668e-13
36.89 9.83841e-13
36.895 -2.03938e-12
36.9 2.62099e-12
36.905 -2.58079e-12
36.91 1.9211e-12
36.915 -8.10969e-13
36.92 -4.64612e-13
36.925 1.59301e-12
36.93 -2.31214e-12
36.935 2.46909e-12
36.94 -2.06205e-12
36.945 1.21919e-12
36.95 -1.45912e-13
36.955 -9.17996e-13
36.96 1.75239e-12
36.965 -2.19365e-12
36.97 2.15989e-12
36.975 -1.66072e-12
36.98 7.93401e-13
36.985 2.61711e-13
36.99 -1.26944e-12
36.995 1.99304e-12
37 -2.25105e-12
37.005 1.9642e-12
37.01 -1.19706e-12
37.015 1.39975e-13
37.02 9.41907e-13
37.025 -1.77332e-12
37.03 2.14344e-12
37.035 -1.96757e-12
37.04 1.31424e-12
37.045 -3.69996e-13
37.05 -6.16305e-13
37.055 1.40345e-12
37.06 -1.81282e-12
37.065 1.77467e-12
37.07 -1.33179e-12
37.075 6.1057e-13
37.08 2.13346e-13
37.085 -9.5476e-13
37.09 1.457e-12
37.095 -1.61618e-12
37.1 1.40291e-12
37.105 -8.72772e-13
37.11 1.42658e-13
37.115 6.20226e-13
37.12 -1.23048e-12
37.125 1.54138e-12
37.13 -1.47744e-12
37.135 1.05058e-12
37.14 -3.64334e-13
37.145 -4.12025e-13
37.15 1.08131e-12
37.155 -1.47459e-12
37.16 1.50074e-12
37.165 -1.1568e-12
37.17 5.30083e-13
37.175 2.25159e-13
37.18 -9.22933e-13
37.185 1.3956e-12
37.19 -1.52901e-12
37.195 1.28591e-12
37.2 -7.21361e-13
37.205 -2.83928e-14
37.21 7.75539e-13
37.215 -1.33318e-12
37.22 1.56216e-12
37.225 -1.40572e-12
37.23 9.02616e-13
37.235 -1.76487e-13
37.24 -5.95472e-13
37.245 1.21573e-12
37.25 -1.53216e-12
37.255 1.47877e-12
37.26 -1.06956e-12
37.265 4.08735e-13
37.27 3.38339e-13
37.275 -9.98177e-13
37.28 1.4166e-12
37.285 -1.49584e-12
37.29 1.22482e-12
37.295 -6.68104e-13
37.3 -4.45684e-14
37.305 7.4519e-13
37.31 -1.26568e-12
37.315 1.47436e-12
37.32 -1.31793e-12
37.325 8.3424e-13
37.33 -1.44843e-13
37.335 -5.69751e-13
37.34 1.12357e-12
37.345 -1.37053e-12
37.35 1.24376e-12
37.355 -7.85273e-13
37.36 1.3231e-13
37.365 5.24324e-13
37.37 -1.00334e-12
37.375 1.17138e-12
37.38 -9.84785e-13
37.385 5.17082e-13
37.39 8.08311e-14
37.395 -6.27334e-13
37.4 9.49566e-13
37.405 -9.54108e-13
37.41 6.4997e-13
37.415 -1.34865e-13
37.42 -4.29092e-13
37.425 8.63383e-13
37.43 -1.02816e-12
37.435 8.69557e-13
37.44 -4.25399e-13
37.445 -1.86305e-13
37.45 7.92825e-13
37.455 -1.21439e-12
37.46 1.3201e-12
37.465 -1.05933e-12
37.47 4.71178e-13
37.475 3.10604e-13
37.48 -1.0883e-12
37.485 1.64869e-12
37.49 -1.81572e-12
37.495 1.50904e-12
37.5 -7.75726e-13
37.505 -2.18624e-13
37.51 1.22887e-12
37.515 -1.99355e-12
37.52 2.29587e-12
37.525 -2.02698e-12
37.53 1.23553e-12
37.535 -1.11089e-13
37.54 -1.06863e-12
37.545 2.01646e-12
37.55 -2.49742e-12
37.555 2.39247e-12
37.56 -1.73314e-12
37.565 6.79047e-13
37.57 5.18122e-13
37.575 -1.58287e-12
37.58 2.28439e-12
37.585 -2.47895e-12
37.59 2.13924e-12
37.595 -1.35446e-12
37.6 3.055e-13
37.605 7.75138e-13
37.61 -1.66561e-12
37.615 2.1928e-12
37.62 -2.26449e-12
37.625 1.88564e-12
37.63 -1.1474e-12
37.635 2.0542e-13
37.64 7.45956e-13
37.645 -1.51818e-12
37.65 1.9725e-12
37.655 -2.03371e-12
37.66 1.70639e-12
37.665 -1.07408e-12
37.67 2.71463e-13
37.675 5.40897e-13
37.68 -1.21015e-12
37.685 1.63027e-12
37.69 -1.7509e-12
37.695 1.57976e-12
37.7 -1.17038e-12
37.705 5.99591e-13
37.71 4.7425e-14
37.715 -6.85864e-13
37.72 1.23992e-12
37.725 -1.63699e-12
37.73 1.80322e-12
37.735 -1.68192e-12
37.74 1.25387e-12
37.745 -5.425e-13
37.75 -3.54812e-13
37.755 1.27497e-12
37.76 -2.0235e-12
37.765 2.40975e-12
37.77 -2.30817e-12
37.775 1.69673e-12
37.78 -6.75009e-13
37.785 -5.51201e-13
37.79 1.71114e-12
37.795 -2.53851e-12
37.8 2.84168e-12
37.805 -2.54205e-12
37.81 1.68809e-12
37.815 -4.4757e-13
37.82 -9.12955e-13
37.825 2.09833e-12
37.83 -2.85614e-12
37.835 3.01003e-12
37.84 -2.5107e-12
37.845 1.45858e-12
37.85 -7.87196e-14
37.855 -1.32923e-12
37.86 2.44902e-12
37.865 -3.02891e-12
37.87 2.93882e-12
37.875 -2.19799e-12
37.88 9.77633e-13
37.885 4.39016e-13
37.89 -1.73135e-12
37.895 2.61608e-12
37.9 -2.90255e-12
37.905 2.54113e-12
37.91 -1.63475e-12
37.915 4.04876e-13
37.92 8.69268e-13
37.925 -1.91185e-12
37.93 2.50378e-12
37.935 -2.53043e-12
37.94 2.00981e-12
37.945 -1.07483e-12
37.95 -5.61296e-14
37.955 1.13278e-12
37.96 -1.92756e-12
37.965 2.27924e-12
37.97 -2.12714e-12
37.975 1.51594e-12
37.98 -5.87072e-13
37.985 -4.51663e-13
37.99 1.36868e-12
37.995 -1.95874e-12
38 2.08957e-12
38.005 -1.73265e-12
38.01 9.72663e-13
38.015 6.84416e-15
38.02 -9.67136e-13
38.025 1.66678e-12
38.03 -1.93735e-12
38.035 1.72383e-12
38.04 -1.09134e-12
38.045 2.14514e-13
38.05 6.7767e-13
38.055 -1.36201e-12
38.06 1.68107e-12
38.065 -1.5801e-12
38.07 1.10601e-12
38.075 -3.93025e-13
38.08 -3.78314e-13
38.085 1.03094e-12
38.09 -1.42754e-12
38.095 1.49018e-12
38.1 -1.21064e-12
38.105 6.53915e-13
38.11 6.17179e-14
38.115 -7.76464e-13
38.12 1.31915e-12
38.125 -1.55272e-12
38.13 1.40375e-12
38.135 -8.93762e-13
38.14 1.4342e-13
38.145 6.55628e-13
38.15 -1.28875e-12
38.155 1.58721e-12
38.16 -1.4769e-12
38.165 9.97169e-13
38.17 -2.81083e-13
38.175 -4.7809e-13
38.18 1.08992e-12
38.185 -1.41698e-12
38.19 1.40535e-12
38.195 -1.08873e-12
38.2 5.54017e-13
38.205 8.39076e-14
38.21 -6.9707e-13
38.215 1.16273e-12
38.22 -1.38565e-12
38.225 1.31439e-12
38.23 -9.49982e-13
38.235 3.50442e-13
38.24 3.61182e-13
38.245 -1.01748e-12
38.25 1.44905e-12
38.255 -1.52798e-12
38.26 1.21479e-12
38.265 -5.81768e-13
38.27 -2.07692e-13
38.275 9.37707e-13
38.28 -1.4116e-12
38.285 1.50917e-12
38.29 -1.21782e-12
38.295 6.27084e-13
38.3 1.01215e-13
38.305 -7.66945e-13
38.31 1.20401e-12
38.315 -1.31879e-12
38.32 1.10405e-12
38.325 -6.35286e-13
38.33 3.91339e-14
38.335 5.3847e-13
38.34 -9.64941e-13
38.345 1.14478e-12
38.35 -1.0386e-12
38.355 6.78526e-13
38.36 -1.48498e-13
38.365 -4.23404e-13
38.37 8.86434e-13
38.375 -1.11047e-12
38.38 1.02815e-12
38.385 -6.60866e-13
38.39 1.019e-13
38.395 4.94322e-13
38.4 -9.57894e-13
38.405 1.15317e-12
38.41 -1.01239e-12
38.415 5.71738e-13
38.42 4.5063e-14
38.425 -6.61644e-13
38.43 1.10039e-12
38.435 -1.23702e-12
38.44 1.0249e-12
38.445 -5.14335e-13
38.45 -1.62713e-13
38.455 8.26426e-13
38.46 -1.29302e-12
38.465 1.42477e-12
38.47 -1.16732e-12
38.475 5.7144e-13
38.48 2.2083e-13
38.485 -1.00656e-12
38.49 1.56221e-12
38.495 -1.71892e-12
38.5 1.4086e-12
38.505 -6.93511e-13
38.51 -2.4973e-13
38.515 1.17087e-12
38.52 -1.81033e-12
38.525 1.98472e-12
38.53 -1.63519e-12
38.535 8.46479e-13
38.54 1.79854e-13
38.545 -1.17369e-12
38.55 1.87539e-12
38.555 -2.10763e-12
38.56 1.81737e-12
38.565 -1.08364e-12
38.57 9.18731e-14
38.575 9.18388e-13
38.58 -1.70664e-12
38.585 2.087e-12
38.59 -1.97537e-12
38.595 1.40519e-12
38.6 -5.15534e-13
38.605 -4.82126e-13
38.61 1.35532e-12
38.615 -1.90199e-12
38.62 2.00411e-12
38.625 -1.65226e-12
38.63 9.38618e-13
38.635 -4.11417e-14
38.64 -8.2941e-13
38.645 1.47511e-12
38.65 -1.76588e-12
38.655 1.66765e-12
38.66 -1.22744e-12
38.665 5.68899e-13
38.67 1.48152e-13
38.675 -7.77107e-13
38.68 1.20634e-12
38.685 -1.37967e-12
38.69 1.29515e-12
38.695 -9.9721e-13
38.7 5.64145e-13
38.705 -7.75518e-14
38.71 -3.87946e-13
38.715 7.74198e-13
38.72 -1.04345e-12
38.725 1.16811e-12
38.73 -1.12924e-12
38.735 9.22859e-13
38.74 -5.61727e-13
38.745 8.08563e-14
38.75 4.56423e-13
38.755 -9.66955e-13
38.76 1.35557e-12
38.765 -1.53211e-12
38.77 1.43526e-12
38.775 -1.05211e-12
38.78 4.27315e-13
38.785 3.39314e-13
38.79 -1.10828e-12
38.795 1.72446e-12
38.8 -2.04736e-12
38.805 1.97719e-12
38.81 -1.48676e-12
38.815 6.42733e-13
38.82 4.0857e-13
38.825 -1.4589e-12
38.83 2.2786e-12
38.835 -2.66244e-12
38.84 2.484e-12
38.845 -1.74122e-12
38.85 5.63261e-13
38.855 8.04347e-13
38.86 -2.05693e-12
38.865 2.90218e-12
38.87 -3.12716e-12
38.875 2.65446e-12
38.88 -1.57296e-12
38.885 1.21381e-13
38.89 1.37553e-12
38.895 -2.58381e-12
38.9 3.22757e-12
38.905 -3.16203e-12
38.91 2.40866e-12
38.915 -1.14094e-12
38.92 -3.58987e-13
38.925 1.765e-12
38.93 -2.77682e-12
38.935 3.1846e-12
38.94 -2.90891e-12
38.945 2.02447e-12
38.95 -7.3583e-13
38.955 -6.76416e-13
38.96 1.91617e-12
38.965 -2.72981e-12
38.97 2.95947e-12
38.975 -2.57235e-12
38.98 1.66504e-12
38.985 -4.34762e-13
38.99 -8.64244e-13
38.995 1.95736e-12
39 -2.61785e-12
39.005 2.71135e-12
39.01 -2.22689e-12
39.015 1.28293e-12
39.02 -9.19617e-14
39.025 -1.08283e-12
39.03 1.98655e-12
39.035 -2.42889e-12
39.04 2.32648e-12
39.045 -1.72774e-12
39.05 7.87463e-13
39.055 2.75785e-13
39.06 -1.22156e-12
39.065 1.85284e-12
39.07 -2.05564e-12
39.075 1.81235e-12
39.08 -1.19525e-12
39.085 3.51814e-13
39.09 5.24612e-13
39.095 -1.24504e-12
39.1 1.66167e-12
39.105 -1.69072e-12
39.11 1.33432e-12
39.115 -6.81407e-13
39.12 -1.06637e-13
39.125 8.33081e-13
39.13 -1.32245e-12
39.135 1.46055e-12
39.14 -1.22519e-12
39.145 6.94064e-13
39.15 -1.62101e-14
39.155 -6.27485e-13
39.16 1.06769e-12
39.165 -1.20158e-12
39.17 1.01585e-12
39.175 -5.77483e-13
39.18 1.12533e-14
39.185 5.34123e-13
39.19 -9.18439e-13
39.195 1.04983e-12
39.2 -9.06767e-13
39.205 5.3251e-13
39.21 -2.68022e-14
39.215 -4.84137e-13
39.22 8.77752e-13
39.225 -1.05688e-12
39.23 9.75405e-13
39.235 -6.46076e-13
39.24 1.44866e-13
39.245 4.08331e-13
39.25 -8.80787e-13
39.255 1.15789e-12
39.26 -1.16695e-12
39.265 8.91644e-13
39.27 -3.88714e-13
39.275 -2.31299e-13
39.28 8.24936e-13
39.285 -1.2468e-12
39.29 1.38561e-12
39.295 -1.19428e-12
39.3 7.0745e-13
39.305 -3.41854e-14
39.31 -6.6786e-13
39.315 1.22797e-12
39.32 -1.50194e-12
39.325 1.41964e-12
39.33 -9.97661e-13
39.335 3.38705e-13
39.34 3.98388e-13
39.345 -1.03713e-12
39.35 1.42611e-12
39.355 -1.48439e-12
39.36 1.20066e-12
39.365 -6.4732e-13
39.37 -4.06508e-14
39.375 7.13778e-13
39.38 -1.21948e-12
39.385 1.43752e-12
39.39 -1.32219e-12
39.395 9.02137e-13
39.4 -2.68752e-13
39.405 -4.33445e-13
39.41 1.03289e-12
39.415 -1.37421e-12
39.42 1.3609e-12
39.425 -9.86613e-13
39.43 3.48828e-13
39.435 3.72998e-13
39.44 -9.7661e-13
39.445 1.29138e-12
39.45 -1.23064e-12
39.455 8.21446e-13
39.46 -1.91753e-13
39.465 -4.64897e-13
39.47 9.59919e-13
39.475 -1.16032e-12
39.48 1.02141e-12
39.485 -6.02078e-13
39.49 3.09757e-14
39.495 5.37942e-13
39.5 -9.58339e-13
39.505 1.12761e-12
39.51 -1.00396e-12
39.515 6.1136e-13
39.52 -3.73755e-14
39.525 -5.86461e-13
39.53 1.10405e-12
39.535 -1.3725e-12
39.54 1.29822e-12
39.545 -8.62543e-13
39.55 1.44722e-13
39.555 6.83654e-13
39.56 -1.40272e-12
39.565 1.79734e-12
39.57 -1.72598e-12
39.575 1.17602e-12
39.58 -2.69833e-13
39.585 -7.57486e-13
39.59 1.62653e-12
39.595 -2.09561e-12
39.6 2.02913e-12
39.605 -1.43922e-12
39.61 4.79381e-13
39.615 6.02761e-13
39.62 -1.53307e-12
39.625 2.08547e-12
39.63 -2.13232e-12
39.635 1.67433e-12
39.64 -8.3567e-13
39.645 -1.78232e-13
39.65 1.1317e-12
39.655 -1.80849e-12
39.66 2.05956e-12
39.665 -1.83733e-12
39.67 1.20284e-12
39.675 -3.15628e-13
39.68 -6.06147e-13
39.685 1.34851e-12
39.69 -1.74878e-12
39.695 1.73639e-12
39.7 -1.34155e-12
39.705 6.83359e-13
39.71 5.90926e-14
39.715 -7.11433e-13
39.72 1.14021e-12
39.725 -1.28525e-12
39.73 1.16434e-12
39.735 -8.47732e-13
39.74 4.37435e-13
39.745 -2.68491e-14
39.75 -3.19609e-13
39.755 5.68447e-13
39.76 -7.19567e-13
39.765 7.85357e-13
39.77 -7.70687e-13
39.775 6.76752e-13
39.78 -4.98722e-13
39.785 2.35478e-13
39.79 9.35549e-14
39.795 -4.52169e-13
39.8 7.81907e-13
39.805 -1.01678e-12
39.81 1.10108e-12
39.815 -9.94016e-13
39.82 6.80373e-13
39.825 -1.9301e-13
39.83 -3.92456e-13
39.835 9.71036e-13
39.84 -1.42091e-12
39.845 1.62685e-12
39.85 -1.50749e-12
39.855 1.0493e-12
39.86 -3.06026e-13
39.865 -5.88279e-13
39.87 1.43794e-12
39.875 -2.03599e-12
39.88 2.21218e-12
39.885 -1.89126e-12
39.89 1.11575e-12
39.895 -3.66582e-14
39.9 -1.11126e-12
39.905 2.05929e-12
39.91 -2.57767e-12
39.915 2.52953e-12
39.92 -1.91018e-12
39.925 8.45426e-13
39.93 4.35297e-13
39.935 -1.64909e-12
39.94 2.52734e-12
39.945 -2.8661e-12
39.95 2.58078e-12
